2026-01-01 01:29:34,571 - numexpr.utils - INFO - ℹ️ NumExpr defaulting to 8 threads.
2026-01-01 01:29:34,750 - DataQualityFramework - INFO - ℹ️ ✅ Comprehensive duplicate analyzer integrated
2026-01-01 01:29:34,750 - DataQualityFramework - INFO - ℹ️ 🔧 Unified Data Quality Framework initialized (singleton)
[2026-01-01 01:29:34.751] PERFORMANCE: DataQualityFramework initialization took 0.000s
2026-01-01 01:29:34,751 - System.tprint - INFO - ℹ️ DataQualityFramework initialization took 0.000s
2026-01-01 01:29:35,682 - System.AdvancedQualityMetrics - INFO - ℹ️ 📊 AdvancedQualityMetrics initialized with tolerant parameters
[2026-01-01 01:29:35.682] PERFORMANCE: AdvancedQualityMetrics initialization took 0.000s
2026-01-01 01:29:35,682 - System.tprint - INFO - ℹ️ AdvancedQualityMetrics initialization took 0.000s
2026-01-01 01:29:35,684 - DataCleaner - INFO - ℹ️ Using klines-specific gap thresholds: {<GapType.SMALL: 'small'>: 65, <GapType.MEDIUM: 'medium'>: 300, <GapType.LARGE: 'large'>: 1800, <GapType.CRITICAL: 'critical'>: 3600}
[2026-01-01 01:29:35.684] PERFORMANCE: DataCleaner(klines) initialization took 0.000s
2026-01-01 01:29:35,684 - System.tprint - INFO - ℹ️ DataCleaner(klines) initialization took 0.000s
2026-01-01 01:29:35,684 - DataCleaner - INFO - ℹ️ Using klines-specific gap thresholds: {<GapType.SMALL: 'small'>: 65, <GapType.MEDIUM: 'medium'>: 300, <GapType.LARGE: 'large'>: 1800, <GapType.CRITICAL: 'critical'>: 3600}
[2026-01-01 01:29:35.684] PERFORMANCE: DataCleaner(klines) initialization took 0.000s
2026-01-01 01:29:35,685 - System.tprint - INFO - ℹ️ DataCleaner(klines) initialization took 0.000s
2026-01-01 01:29:35,685 - DataCleanerManager - INFO - ℹ️ 🔧 DataCleanerManager initialized (singleton)
[2026-01-01 01:29:35.766] DEBUG: 🔧 [features_common.utils] Initializing common utilities module
[2026-01-01 01:29:35.766] SUCCESS: ✅ [features_common.utils] Math validation utilities loaded
2026-01-01 01:29:35,767 - System.tprint - INFO - ℹ️ ✅ [features_common.utils] Math validation utilities loaded
[2026-01-01 01:29:35.766] DEBUG: 🔧 [features_common.utils] Common utilities module initialized
2026-01-01 01:29:38,521 - src.utils.hardware.m1_gpu_utils.M1GPUManager - INFO - ℹ️ M1 GPU Manager initialized - M1: True, Generation: m1, MPS: True
2026-01-01 01:29:38,534 - src.utils.hardware.m1_cpu_optimizer.M1CPUOptimizer - INFO - ℹ️ 🧠 M1 CPU Optimizer initialized for M1 (4P+4E cores)
[2026-01-01 01:29:38.871] DEBUG: 🔧 [transforms] Module initialized with 14 exports
2026-01-01 01:29:38,872 - src.features_common.backward_compatibility - INFO - ℹ️ Backward compatibility ensured for features_common
[2026-01-01 01:29:38.871] DEBUG: 🔧 [optimization] Module initialized with 6 exports
[2026-01-01 01:29:38.873] DEBUG: 🔧 [registry] Module initialized with BaseFeatureRegistry
[2026-01-01 01:29:38.875] DEBUG: 🚀 [features_common] Enhanced module initialized with 59 exports
[2026-01-01 01:29:38.875] SUCCESS: ✅ [features_common] All optimizations enabled by default
2026-01-01 01:29:38,875 - System.tprint - INFO - ℹ️ ✅ [features_common] All optimizations enabled by default
[2026-01-01 01:29:38.875] INFO: 🔧 [features_common] VectorBT integration available
2026-01-01 01:29:38,875 - System.tprint - INFO - ℹ️ 🔧 [features_common] VectorBT integration available
[2026-01-01 01:29:38.875] PERFORMANCE: 📊 [features_common] Performance monitoring enabled
2026-01-01 01:29:38,875 - System.tprint - INFO - ℹ️ 📊 [features_common] Performance monitoring enabled
[2026-01-01 01:29:38.875] WARNING: 💾 [features_common] Intelligent caching active
2026-01-01 01:29:38,875 - System.tprint - WARNING - ⚠️ 💾 [features_common] Intelligent caching active
2026-01-01 01:29:38,876 - System.DataStreamingManager - INFO - ℹ️ 🚀 DataStreamingManager initialized (singleton): chunk_size=10000, memory_threshold=0.8
[2026-01-01 01:29:38.875] PERFORMANCE: DataStreamingManager initialization took 0.000s
2026-01-01 01:29:38,876 - System.tprint - INFO - ℹ️ DataStreamingManager initialization took 0.000s
2026-01-01 01:29:38,895 - System.EvaluationUtils - INFO - ℹ️ EvaluationUtils delegating core metric computation to unified_evaluator
[2026-01-01 01:29:38.902] ✅ Custom logger available for MLCommon.ConfidenceMetrics
2026-01-01 01:29:38,903 - System.tprint - INFO - ℹ️ ✅ Custom logger available for MLCommon.ConfidenceMetrics
[2026-01-01 01:29:38.902] ✅ Custom logger available for MLCommon.ModelExplanations
2026-01-01 01:29:38,903 - System.tprint - INFO - ℹ️ ✅ Custom logger available for MLCommon.ModelExplanations
2026-01-01 01:29:39,442 - MLCommon.ModelExplanations - INFO - ℹ️ LIME library available - LIME explanations enabled
[2026-01-01 01:29:39.443] ✅ Custom logger available for MLCommon.ModelRegistry
2026-01-01 01:29:39,443 - System.tprint - INFO - ℹ️ ✅ Custom logger available for MLCommon.ModelRegistry
[2026-01-01 01:29:39.443] ✅ Custom logger available for MLCommon.ModelExplainability
2026-01-01 01:29:39,443 - System.tprint - INFO - ℹ️ ✅ Custom logger available for MLCommon.ModelExplainability
[2026-01-01 01:29:39.504] ✅ Custom logger available for MLCommon.CV
2026-01-01 01:29:39,504 - System.tprint - INFO - ℹ️ ✅ Custom logger available for MLCommon.CV
2026-01-01 01:29:39,505 - src.utils.ml_common.validation.enhanced_validation - INFO - ℹ️ ✅ Enhanced Validation initialized
[2026-01-01 01:29:39.506] ✅ Custom logger available for MLCommon.ValidationUtils
2026-01-01 01:29:39,507 - System.tprint - INFO - ℹ️ ✅ Custom logger available for MLCommon.ValidationUtils
[2026-01-01 01:29:39.510] ✅ Custom logger available for MLCommon.HPOUtils
2026-01-01 01:29:39,510 - System.tprint - INFO - ℹ️ ✅ Custom logger available for MLCommon.HPOUtils
2026-01-01 01:29:39,579 - src.utils.matrix_operations.enhanced_operations.CustomMatrixOperationsRegistry - INFO - ℹ️ 📝 Registered custom matrix operation: gpu_condition_number
2026-01-01 01:29:39,580 - src.utils.matrix_operations.enhanced_operations.CustomMatrixOperationsRegistry - INFO - ℹ️ 📝 Registered custom matrix operation: gpu_matrix_rank
2026-01-01 01:29:39,580 - src.utils.matrix_operations.enhanced_operations.CustomMatrixOperationsRegistry - INFO - ℹ️ 📝 Registered custom matrix operation: matrix_normalize
2026-01-01 01:29:39,580 - src.utils.matrix_operations.enhanced_operations.CustomMatrixOperationsRegistry - INFO - ℹ️ 📝 Registered custom matrix operation: extract_matrix_features
2026-01-01 01:29:39,583 - src.utils.matrix_operations - INFO - ℹ️ ✅ Unified Matrix Operations module initialized
2026-01-01 01:29:39,583 - src.utils.matrix_operations - INFO - ℹ️ 📦 Version: 1.0.0
2026-01-01 01:29:39,583 - src.utils.matrix_operations - INFO - ℹ️ 🔧 Features: VectorBT optimizations, GPU acceleration, memory optimization, vectorized processing, batch operations
2026-01-01 01:29:39,583 - src.utils.matrix_operations - INFO - ℹ️ 🍎 Optimized for: Apple Silicon M1/M2/M3 Macs
2026-01-01 01:29:39,583 - src.utils.matrix_operations - INFO - ℹ️ 🚀 VectorBT optimizations enabled - expect 2-10x performance improvements
2026-01-01 01:29:39,583 - src.utils.matrix_operations - INFO - ℹ️ 🎯 VectorBTRollingOptimizer available - enhanced rolling operations
2026-01-01 01:29:39,583 - src.utils.matrix_operations - INFO - ℹ️ ⚡ UnifiedVectorizationManager available - unified vectorization operations
2026-01-01 01:29:39,585 - System.ComplementaryLookbackOptimizer - INFO - ℹ️ ✅ Detected VectorBT v0.28.1
2026-01-01 01:29:39,591 - src.feature_generation.utils.feature_generation_optimization - INFO - ℹ️ ✅ VectorBT available for feature optimization
2026-01-01 01:29:39,604 - src.feature_generation.core.feature_registry.FeatureRegistry - INFO - ℹ️ FeatureRegistry initialized
[2026-01-01 01:29:39.604] 🔧 Initializing AutoOptimizationConfig...
2026-01-01 01:29:39,604 - System.tprint - INFO - ℹ️ 🔧 Initializing AutoOptimizationConfig...
[2026-01-01 01:29:39.604] 📝 Setting up conservative optimization settings...
2026-01-01 01:29:39,604 - System.tprint - INFO - ℹ️ 📝 Setting up conservative optimization settings...
[2026-01-01 01:29:39.604] ✅ Conservative settings configured
2026-01-01 01:29:39,604 - System.tprint - INFO - ℹ️ ✅ Conservative settings configured
[2026-01-01 01:29:39.604] 📝 Setting up balanced optimization settings...
2026-01-01 01:29:39,604 - System.tprint - INFO - ℹ️ 📝 Setting up balanced optimization settings...
[2026-01-01 01:29:39.604] ✅ Balanced settings configured
2026-01-01 01:29:39,604 - System.tprint - INFO - ℹ️ ✅ Balanced settings configured
[2026-01-01 01:29:39.604] 📝 Setting up aggressive optimization settings...
2026-01-01 01:29:39,604 - System.tprint - INFO - ℹ️ 📝 Setting up aggressive optimization settings...
[2026-01-01 01:29:39.604] ✅ Aggressive settings configured
2026-01-01 01:29:39,605 - System.tprint - INFO - ℹ️ ✅ Aggressive settings configured
[2026-01-01 01:29:39.604] 🎯 AutoOptimizationConfig initialized with balanced strategy
2026-01-01 01:29:39,605 - System.tprint - INFO - ℹ️ 🎯 AutoOptimizationConfig initialized with balanced strategy
[2026-01-01 01:29:39.604] ✅ Auto-optimization enabled for FeatureBank (default)
2026-01-01 01:29:39,605 - System.tprint - INFO - ℹ️ ✅ Auto-optimization enabled for FeatureBank (default)
2026-01-01 01:29:39,605 - src.feature_generation.utils.memory_pool_optimizer.MemoryPoolOptimizer - INFO - ℹ️ Memory pool optimizer initialized
2026-01-01 01:29:39,605 - src.utils.hardware.m1_memory_optimizer.M1MemoryOptimizer - INFO - ℹ️ 🧠 Memory limit set to 8.0 GB (8589934592.0 bytes)
2026-01-01 01:29:39,625 - src.utils.hardware.m1_memory_optimizer.M1MemoryOptimizer - INFO - ℹ️ 🧠 M1 Memory Optimizer initialized for M1
2026-01-01 01:29:39,625 - src.utils.hardware.unified_hardware_manager.UnifiedHardwareManager - INFO - ℹ️ 🔧 Unified Hardware Manager initialized
2026-01-01 01:29:39,625 - src.utils.hardware.unified_hardware_manager.HardwarePerformanceMonitor - INFO - ℹ️ 🔍 Hardware performance monitoring started
2026-01-01 01:29:39,626 - src.utils.hardware.m1_memory_optimizer.M1MemoryOptimizer - INFO - ℹ️ 🧠 M1 memory monitoring started
2026-01-01 01:29:39,626 - src.utils.hardware.unified_hardware_manager.UnifiedHardwareManager - INFO - ℹ️ ✅ Unified Hardware Manager fully initialized
2026-01-01 01:29:39,626 - src.utils.hardware.unified_hardware_manager.UnifiedHardwareManager - INFO - ℹ️ 🎯 Optimizing for feature_engineering workload (balanced)
2026-01-01 01:29:39,628 - src.utils.ml_common.hardware_singleton - INFO - ℹ️ 🔍 Detecting hardware capabilities (one-time detection)...
2026-01-01 01:29:39,629 - src.utils.ml_common.hardware_singleton - INFO - ℹ️ ✅ Hardware detection complete: {'cpu_cores': 8, 'gpu_available': True, 'gpu_type': 'mps', 'memory_gb': 16.0, 'mps_available': True, 'gpu_memory_gb': None}
[2026-01-01 01:29:39.629] 🚀 Initializing Unified Vectorization Manager...
2026-01-01 01:29:39,629 - System.tprint - INFO - ℹ️ 🚀 Initializing Unified Vectorization Manager...
[2026-01-01 01:29:39.629] 🔄 Initializing optimization components...
2026-01-01 01:29:39,629 - System.tprint - INFO - ℹ️ 🔄 Initializing optimization components...
[2026-01-01 01:29:39.629] 🔄 Initializing optimization components...
2026-01-01 01:29:39,629 - System.tprint - INFO - ℹ️ 🔄 Initializing optimization components...
[2026-01-01 01:29:39.629] 🔄 Loading VectorBTRollingOptimizer...
2026-01-01 01:29:39,629 - System.tprint - INFO - ℹ️ 🔄 Loading VectorBTRollingOptimizer...
[2026-01-01 01:29:39.629] ✅ VectorBTRollingOptimizer loaded
2026-01-01 01:29:39,629 - System.tprint - INFO - ℹ️ ✅ VectorBTRollingOptimizer loaded
[2026-01-01 01:29:39.629] 🔄 Loading vectorized backtesting...
2026-01-01 01:29:39,629 - System.tprint - INFO - ℹ️ 🔄 Loading vectorized backtesting...
2026-01-01 01:29:39,630 - System.VectorizedBacktestingEngine - INFO - ℹ️ ✅ Vectorized Backtesting Engine initialized successfully
[2026-01-01 01:29:39.630] ✅ Vectorized backtesting loaded
2026-01-01 01:29:39,631 - System.tprint - INFO - ℹ️ ✅ Vectorized backtesting loaded
[2026-01-01 01:29:39.630] 🔄 Loading VectorBT backtesting engine...
2026-01-01 01:29:39,631 - System.tprint - INFO - ℹ️ 🔄 Loading VectorBT backtesting engine...
2026-01-01 01:29:39,632 - System.VectorBTBacktestingEngine - INFO - ℹ️ ✅ VectorBT Backtesting Engine initialized successfully
[2026-01-01 01:29:39.632] ✅ VectorBT backtesting engine loaded
2026-01-01 01:29:39,632 - System.tprint - INFO - ℹ️ ✅ VectorBT backtesting engine loaded
[2026-01-01 01:29:39.632] 🔄 Loading VectorBT financial metrics...
2026-01-01 01:29:39,632 - System.tprint - INFO - ℹ️ 🔄 Loading VectorBT financial metrics...
2026-01-01 01:29:39,634 - src.utils.ml_common.vectorbt_financial_metrics - INFO - ℹ️ ✅ VectorBT Financial Metrics initialized
2026-01-01 01:29:39,634 - src.utils.ml_common.vectorbt_financial_metrics - INFO - ℹ️ 📊 Risk-free rate: 2.00%
2026-01-01 01:29:39,634 - src.utils.ml_common.vectorbt_financial_metrics - INFO - ℹ️ 📊 Annualization factor: 252
2026-01-01 01:29:39,634 - src.utils.ml_common.vectorbt_financial_metrics - INFO - ℹ️ 📊 Regime analysis: True
[2026-01-01 01:29:39.634] ✅ VectorBT financial metrics loaded
2026-01-01 01:29:39,635 - System.tprint - INFO - ℹ️ ✅ VectorBT financial metrics loaded
[2026-01-01 01:29:39.634] 🔄 Loading VectorBT portfolio optimization...
2026-01-01 01:29:39,635 - System.tprint - INFO - ℹ️ 🔄 Loading VectorBT portfolio optimization...
2026-01-01 01:29:39,639 - src.utils.ml_common.vectorbt_memory_manager.VectorBTMemoryManager - INFO - ℹ️ ✅ VectorBT Memory Manager initialized
2026-01-01 01:29:39,639 - src.utils.ml_common.vectorbt_memory_manager.VectorBTMemoryManager - INFO - ℹ️ 📊 Total system memory: 16.00GB
2026-01-01 01:29:39,639 - src.utils.ml_common.vectorbt_memory_manager.VectorBTMemoryManager - INFO - ℹ️ 📊 Available memory: 4.28GB
2026-01-01 01:29:39,639 - src.utils.ml_common.vectorbt_memory_manager.VectorBTMemoryManager - INFO - ℹ️ 📊 Max allocated memory: 8.00GB
2026-01-01 01:29:39,639 - src.utils.ml_common.vectorbt_performance_monitor.VectorBTPerformanceMonitor - INFO - ℹ️ ✅ VectorBT Performance Monitor initialized
2026-01-01 01:29:39,639 - src.utils.ml_common.vectorbt_performance_monitor.VectorBTPerformanceMonitor - INFO - ℹ️ 📊 Monitoring enabled: timing=True, memory=True, gpu=True
2026-01-01 01:29:39,639 - src.utils.ml_common.vectorbt_portfolio_optimization - INFO - ℹ️ ✅ VectorBT Portfolio Optimizer initialized
2026-01-01 01:29:39,639 - src.utils.ml_common.vectorbt_portfolio_optimization - INFO - ℹ️ 📊 Method: mean_variance
2026-01-01 01:29:39,639 - src.utils.ml_common.vectorbt_portfolio_optimization - INFO - ℹ️ 📊 Rebalancing: monthly
2026-01-01 01:29:39,639 - src.utils.ml_common.vectorbt_portfolio_optimization - INFO - ℹ️ 📊 Risk aversion: 1.0
2026-01-01 01:29:39,640 - src.utils.ml_common.vectorbt_portfolio_optimization - INFO - ℹ️ 📊 Memory manager: 4.28GB available
[2026-01-01 01:29:39.640] ✅ VectorBT portfolio optimization loaded
2026-01-01 01:29:39,640 - System.tprint - INFO - ℹ️ ✅ VectorBT portfolio optimization loaded
[2026-01-01 01:29:39.640] 🔄 Loading matrix cross-validation...
2026-01-01 01:29:39,640 - System.tprint - INFO - ℹ️ 🔄 Loading matrix cross-validation...
2026-01-01 01:29:39,640 - src.utils.hardware.m1_memory_optimizer - INFO - ℹ️ 🧠 M1 Memory Optimizer initialized for M1
2026-01-01 01:29:39,655 - src.utils.hardware.m1_memory_optimizer.M1MemoryOptimizer - INFO - ℹ️ 🧠 M1 Memory Optimizer initialized for M1
2026-01-01 01:29:40,213 - src.feature_generation.core.vectorbt_batch_processor - INFO - ℹ️ VectorBTBatchProcessor initialized: VectorBT=True, GPU=False, Parallel=True
2026-01-01 01:29:40,213 - src.feature_generation.utils.unified_vectorization_manager - INFO - ℹ️ UnifiedVectorizationManager initialized: VectorBT=True, GPU=False, Memory=True
2026-01-01 01:29:40,214 - src.utils.matrix_operations.unified_operations.UnifiedMatrixOperations - INFO - ℹ️ 📊 GPU: False, Memory Opt: False, Parallel: False
2026-01-01 01:29:40,214 - src.utils.ml_common.matrix_cross_validation - INFO - ℹ️ 🚀 VectorBT configured for cross-validation optimization
2026-01-01 01:29:40,214 - src.utils.ml_common.matrix_cross_validation - INFO - ℹ️ ✅ Matrix-based cross-validator initialized
2026-01-01 01:29:40,214 - src.utils.ml_common.matrix_cross_validation - INFO - ℹ️ 📊 Configuration - Splits: 5, GPU: True, VectorBT: True
[2026-01-01 01:29:40.214] ✅ Matrix cross-validation loaded
2026-01-01 01:29:40,214 - System.tprint - INFO - ℹ️ ✅ Matrix cross-validation loaded
[2026-01-01 01:29:40.214] 🔄 Loading feature importance analyzer...
2026-01-01 01:29:40,214 - System.tprint - INFO - ℹ️ 🔄 Loading feature importance analyzer...
2026-01-01 01:29:40,228 - src.utils.ml_common.utils.memory_integration - INFO - ℹ️ 🔗 Integrating memory skimming with all ML utilities
2026-01-01 01:29:40,228 - src.utils.ml_common.utils.memory_integration - INFO - ℹ️ ✅ Successfully imported HPO utilities (direct import)
2026-01-01 01:29:40,228 - src.utils.ml_common.utils.memory_integration - INFO - ℹ️ ✅ Memory skimming integrated with HPO utilities
2026-01-01 01:29:40,228 - src.utils.ml_common.utils.memory_integration - INFO - ℹ️ ✅ Successfully imported Unified CV utilities
2026-01-01 01:29:40,228 - src.utils.ml_common.utils.memory_integration - INFO - ℹ️ ✅ Memory skimming integrated with Unified CV utilities
2026-01-01 01:29:40,229 - src.utils.ml_common.utils.memory_integration - INFO - ℹ️ ✅ Memory skimming integrated with lookahead protection utilities
2026-01-01 01:29:40,229 - src.utils.ml_common.utils.memory_integration - INFO - ℹ️ Skipping model evaluation memory integration (deprecated)
2026-01-01 01:29:40,229 - src.utils.ml_common.utils.memory_integration - INFO - ℹ️ ✅ Successfully imported feature selection utilities
2026-01-01 01:29:40,230 - src.utils.ml_common.utils.memory_integration - INFO - ℹ️ ✅ Memory skimming integrated with feature selection utilities
2026-01-01 01:29:40,230 - src.utils.ml_common.utils.memory_integration - INFO - ℹ️ ✅ Successfully imported data quality utilities
2026-01-01 01:29:40,230 - src.utils.ml_common.utils.memory_integration - INFO - ℹ️ ✅ Memory skimming integrated with data quality utilities
2026-01-01 01:29:40,230 - src.utils.ml_common.utils.memory_integration - INFO - ℹ️ ✅ Memory skimming integration completed: 6/6 successful
[2026-01-01 01:29:40.231] ✅ Custom logger available for MLCommon.ThreadGuard
2026-01-01 01:29:40,231 - System.tprint - INFO - ℹ️ ✅ Custom logger available for MLCommon.ThreadGuard
[2026-01-01 01:29:40.231] ✅ threadpoolctl available for thread management
2026-01-01 01:29:40,231 - System.tprint - INFO - ℹ️ ✅ threadpoolctl available for thread management
[2026-01-01 01:29:40.231] ✅ Custom logger available for MLCommon.BaseSafeguards
2026-01-01 01:29:40,231 - System.tprint - INFO - ℹ️ ✅ Custom logger available for MLCommon.BaseSafeguards
[2026-01-01 01:29:40.233] ✅ Scikit-learn available for thresholding functionality
2026-01-01 01:29:40,233 - System.tprint - INFO - ℹ️ ✅ Scikit-learn available for thresholding functionality
[2026-01-01 01:29:40.233] ✅ Custom logger available for FeatureSelection.BaseFramework
2026-01-01 01:29:40,233 - System.tprint - INFO - ℹ️ ✅ Custom logger available for FeatureSelection.BaseFramework
[2026-01-01 01:29:40.233] ✅ Custom logger available for FeatureSelection.DataValidation
2026-01-01 01:29:40,234 - System.tprint - INFO - ℹ️ ✅ Custom logger available for FeatureSelection.DataValidation
[2026-01-01 01:29:40.235] ✅ Vectorization utilities available for feature selection
2026-01-01 01:29:40,235 - System.tprint - INFO - ℹ️ ✅ Vectorization utilities available for feature selection
[2026-01-01 01:29:40.235] ✅ Custom logger available for FeatureSelection.SelectionMethods
2026-01-01 01:29:40,235 - System.tprint - INFO - ℹ️ ✅ Custom logger available for FeatureSelection.SelectionMethods
[2026-01-01 01:29:40.267] ✅ Custom logger available for FeatureSelection.StabilityAnalysis
2026-01-01 01:29:40,267 - System.tprint - INFO - ℹ️ ✅ Custom logger available for FeatureSelection.StabilityAnalysis
[2026-01-01 01:29:40.267] ✅ Custom logger available for FeatureSelection.PerformanceMonitoring
2026-01-01 01:29:40,268 - System.tprint - INFO - ℹ️ ✅ Custom logger available for FeatureSelection.PerformanceMonitoring
[2026-01-01 01:29:40.267] ✅ Custom logger available for FeatureSelection.QualityMetrics
2026-01-01 01:29:40,268 - System.tprint - INFO - ℹ️ ✅ Custom logger available for FeatureSelection.QualityMetrics
[2026-01-01 01:29:40.269] ✅ Custom logger available for FeatureSelection.TemporalAnalysis
2026-01-01 01:29:40,269 - System.tprint - INFO - ℹ️ ✅ Custom logger available for FeatureSelection.TemporalAnalysis
[2026-01-01 01:29:40.269] ✅ Custom logger available for FeatureSelection.CausalAnalysis
2026-01-01 01:29:40,269 - System.tprint - INFO - ℹ️ ✅ Custom logger available for FeatureSelection.CausalAnalysis
[2026-01-01 01:29:40.272] ✅ Custom logger available for FeatureSelection.MainFramework
2026-01-01 01:29:40,272 - System.tprint - INFO - ℹ️ ✅ Custom logger available for FeatureSelection.MainFramework
[2026-01-01 01:29:40.293] 🔍 FeatureImportanceAnalyzer initialized with methods: ['random_forest', 'lasso', 'mutual_info']
2026-01-01 01:29:40,293 - System.tprint - INFO - ℹ️ 🔍 FeatureImportanceAnalyzer initialized with methods: ['random_forest', 'lasso', 'mutual_info']
[2026-01-01 01:29:40.293] ✅ Feature importance analyzer loaded
2026-01-01 01:29:40,293 - System.tprint - INFO - ℹ️ ✅ Feature importance analyzer loaded
[2026-01-01 01:29:40.293] 🔄 Loading technical indicators...
2026-01-01 01:29:40,293 - System.tprint - INFO - ℹ️ 🔄 Loading technical indicators...
2026-01-01 01:29:40,294 - src.feature_generation.utils.feature_generators - INFO - ℹ️ ✅ TA-Lib available for enhanced technical indicators
2026-01-01 01:29:40,294 - src.feature_generation.utils.feature_generators - INFO - ℹ️ Using fallback implementations for feature selection tools
2026-01-01 01:29:40,310 - src.utils.hardware.m1_memory_optimizer.M1MemoryOptimizer - INFO - ℹ️ 🧠 M1 Memory Optimizer initialized for M1
2026-01-01 01:29:40,311 - src.feature_generation.utils.feature_generators.FeatureGenerators - INFO - ℹ️ ✅ Hardware optimization initialized
2026-01-01 01:29:40,311 - src.feature_generation.utils.feature_generators.FeatureGenerators - INFO - ℹ️ ✅ Matrix operations available for vectorization
[2026-01-01 01:29:40.311] ✅ Technical indicators loaded
2026-01-01 01:29:40,311 - System.tprint - INFO - ℹ️ ✅ Technical indicators loaded
[2026-01-01 01:29:40.311] ℹ️ HMM operations deprecated - using alternative methods
2026-01-01 01:29:40,311 - System.tprint - INFO - ℹ️ HMM operations deprecated - using alternative methods
[2026-01-01 01:29:40.311] ✅ Component initialization completed
2026-01-01 01:29:40,311 - System.tprint - INFO - ℹ️ ✅ Component initialization completed
[2026-01-01 01:29:40.311] 🔄 Setting up performance tracking...
2026-01-01 01:29:40,311 - System.tprint - INFO - ℹ️ 🔄 Setting up performance tracking...
[2026-01-01 01:29:40.311] ✅ Unified Vectorization Manager initialized
2026-01-01 01:29:40,311 - System.tprint - INFO - ℹ️ ✅ Unified Vectorization Manager initialized
2026-01-01 01:29:40,311 - src.utils.ml_common.unified_vectorization_manager - INFO - ℹ️ ✅ Unified Vectorization Manager initialized
2026-01-01 01:29:40,312 - src.feature_generation.utils.feature_generation_optimization.FeatureGenerationOptimizer - INFO - ℹ️ 🚀 Initializing FeatureGenerationOptimizer...
2026-01-01 01:29:40,312 - src.feature_generation.utils.feature_generation_optimization.FeatureGenerationOptimizer - INFO - ℹ️ 📊 Configuration loaded: cross_validation
2026-01-01 01:29:40,312 - src.feature_generation.utils.feature_generation_optimization.FeatureGenerationOptimizer - INFO - ℹ️ ✅ FeatureGenerationOptimizer initialized in 0.000s
2026-01-01 01:29:40,312 - src.feature_generation.utils.feature_generation_optimization.FeatureGenerationOptimizer - INFO - ℹ️ 📊 Min lookback: 5, Max lookback: 252
2026-01-01 01:29:40,312 - src.feature_generation.utils.feature_generation_optimization.FeatureGenerationOptimizer - INFO - ℹ️ 📊 CV folds: 3, Parallel processing: True
2026-01-01 01:29:40,312 - src.utils.parallel_processing_optimizer - INFO - ℹ️ 🍎 Detected Apple Silicon - applying M1-specific limits
2026-01-01 01:29:40,312 - src.utils.parallel_processing_optimizer - INFO - ℹ️ 🔧 Initialized MacM1ParallelOptimizer:
2026-01-01 01:29:40,312 - src.utils.parallel_processing_optimizer - INFO - ℹ️    Max workers: 4
2026-01-01 01:29:40,312 - src.utils.parallel_processing_optimizer - INFO - ℹ️    Chunk size: 1000
2026-01-01 01:29:40,312 - src.utils.parallel_processing_optimizer - INFO - ℹ️    Pool type: Process
2026-01-01 01:29:40,312 - src.utils.parallel_processing_optimizer - INFO - ℹ️    Memory limit per worker: 4096 MB
2026-01-01 01:29:40,312 - src.utils.parallel_processing_optimizer - INFO - ℹ️    M1 Mac detected: True
2026-01-01 01:29:40,312 - src.feature_generation.utils.optimization.lookback_optimizer.LookbackOptimizer - INFO - ℹ️ ✅ Legacy optimization system available
2026-01-01 01:29:40,313 - src.feature_generation.utils.optimization.lookback_optimizer.LookbackOptimizer - INFO - ℹ️ ✅ LookbackOptimizer initialized
2026-01-01 01:29:40,313 - src.feature_generation.core.feature_bank.FeatureBank - INFO - ℹ️ ✅ Regular lookback optimization enabled (Analyst mode)
[2026-01-01 01:29:40.313] ✅ FeatureBank set as global instance
2026-01-01 01:29:40,313 - System.tprint - INFO - ℹ️ ✅ FeatureBank set as global instance
[2026-01-01 01:29:40.313] 🔧 Auto-registering feature generators...
2026-01-01 01:29:40,313 - System.tprint - INFO - ℹ️ 🔧 Auto-registering feature generators...
[2026-01-01 01:29:40.313] 🔧 Configuring lazy loading for feature generators...
2026-01-01 01:29:40,313 - System.tprint - INFO - ℹ️ 🔧 Configuring lazy loading for feature generators...
[2026-01-01 01:29:40.313] ✅ Registered lazy loaders for 16 categories. Generators will be created on demand.
2026-01-01 01:29:40,313 - System.tprint - INFO - ℹ️ ✅ Registered lazy loaders for 16 categories. Generators will be created on demand.
2026-01-01 01:29:40,314 - src.feature_generation.core.feature_bank.FeatureBank - INFO - ℹ️ ✅ FeatureBank initialized
2026-01-01 01:29:40,314 - src.feature_generation.core.feature_bank.FeatureBank - INFO - ℹ️ 📊 Matrix ops: True, GPU: True, Lookback opt: True
2026-01-01 01:29:40,314 - src.feature_generation - INFO - ℹ️ ✅ Unified Feature Generation System initialized
2026-01-01 01:29:40,314 - src.feature_generation - INFO - ℹ️ 📦 Version: 2.0.0
2026-01-01 01:29:40,314 - src.feature_generation - INFO - ℹ️ 🔧 Features: Category-based organization, advanced utilities, optimization
2026-01-01 01:29:40,314 - src.feature_generation - INFO - ℹ️ 🍎 Optimized for: Apple Silicon M1/M2/M3 Macs
2026-01-01 01:29:40,314 - src.feature_generation - INFO - ℹ️ 🚀 Advanced utilities available (optimization, analysis, etc.)
2026-01-01 01:29:40,314 - src.feature_generation - INFO - ℹ️ ⚡ VectorBT optimizations available (advanced volatility, volume, batch processing)
2026-01-01 01:29:40,314 - MLCommon.HPOUtils - INFO - ℹ️ ✅ VectorBT optimization available
2026-01-01 01:29:40,314 - MLCommon.HPOUtils - INFO - ℹ️ 🚀 Initializing Enhanced HyperparameterOptimization...
2026-01-01 01:29:40,314 - MLCommon.HPOUtils.HPOUtils - INFO - ℹ️ ✅ VectorBT Rolling Optimizer initialized
2026-01-01 01:29:40,314 - MLCommon.HPOUtils.HPOUtils - INFO - ℹ️ ✅ Unified Vectorization Manager initialized
2026-01-01 01:29:40,315 - MLCommon.HPOUtils - INFO - ℹ️ ⚙️ Configuration - Parallel processing: True
2026-01-01 01:29:40,315 - MLCommon.HPOUtils - INFO - ℹ️ ⚙️ Configuration - Max workers: 4
2026-01-01 01:29:40,315 - MLCommon.HPOUtils - INFO - ℹ️ ⚙️ Configuration - Monitoring enabled: True
2026-01-01 01:29:40,315 - MLCommon.HPOUtils - INFO - ℹ️ 🚀 Configuration - Non-linear optimization: True
2026-01-01 01:29:40,315 - MLCommon.HPOUtils - INFO - ℹ️ ✅ Enhanced HyperparameterOptimization initialized successfully
2026-01-01 01:29:40,327 - DataCleaner - INFO - ℹ️ Using klines-specific gap thresholds: {<GapType.SMALL: 'small'>: 65, <GapType.MEDIUM: 'medium'>: 300, <GapType.LARGE: 'large'>: 1800, <GapType.CRITICAL: 'critical'>: 3600}
2026-01-01 01:29:40,327 - System.UnifiedDataUtils - INFO - ℹ️ 🚀 Unified Data Utils initialized
2026-01-01 01:29:40,331 - src.utils.ml_common.validation.data_leakage_prevention - INFO - ℹ️ 🔒 Data Leakage Prevention initialized with CRITICAL financial thresholds:
2026-01-01 01:29:40,331 - src.utils.ml_common.validation.data_leakage_prevention - INFO - ℹ️    • Critical leakage threshold: 5.0% (was 25%)
2026-01-01 01:29:40,331 - src.utils.ml_common.validation.data_leakage_prevention - INFO - ℹ️    • Warning leakage threshold: 2.0% (was 10%)
2026-01-01 01:29:40,331 - src.utils.ml_common.validation.data_leakage_prevention - INFO - ℹ️    • Small dataset multiplier: 1.0 (was 1.5)
2026-01-01 01:29:40,331 - src.utils.ml_common.validation.data_leakage_prevention - INFO - ℹ️    • These strict thresholds are ESSENTIAL for financial data integrity
2026-01-01 01:29:40,331 - src.utils.ml_common.validation.data_leakage_prevention - INFO - ℹ️    • Even 1-2% leakage can invalidate backtesting results
2026-01-01 01:29:40,331 - src.utils.ml_common.validation.data_leakage_prevention - INFO - ℹ️    • High model scores (>96%) often indicate undetected temporal leakage
2026-01-01 01:29:40,333 - src.utils.ml_common.validation.overfitting_monitoring - INFO - ℹ️ ✅ Overfitting Monitoring initialized
2026-01-01 01:29:40,335 - src.utils.ml_common.validation.hpo_overfitting_prevention - INFO - ℹ️ ✅ HPO with Overfitting Prevention initialized
2026-01-01 01:29:40,336 - src.utils.ml_common.validation.model_complexity_analysis - INFO - ℹ️ ✅ Model Complexity Analyzer initialized
2026-01-01 01:29:40,339 - EnhancedReportingSystem.EnhancedReportingSystem - INFO - ℹ️ 📊 Enhanced Reporting System initialized
2026-01-01 01:29:40,339 - src.utils.ml_common.reporting.validation_reporting_integration - INFO - ℹ️ ✅ Validation Reporting Integrator initialized
2026-01-01 01:29:40,339 - src.utils.ml_common.validation.data_leakage_prevention - INFO - ℹ️ 🔒 Data Leakage Prevention initialized with CRITICAL financial thresholds:
2026-01-01 01:29:40,339 - src.utils.ml_common.validation.data_leakage_prevention - INFO - ℹ️    • Critical leakage threshold: 5.0% (was 25%)
2026-01-01 01:29:40,339 - src.utils.ml_common.validation.data_leakage_prevention - INFO - ℹ️    • Warning leakage threshold: 2.0% (was 10%)
2026-01-01 01:29:40,339 - src.utils.ml_common.validation.data_leakage_prevention - INFO - ℹ️    • Small dataset multiplier: 1.0 (was 1.5)
2026-01-01 01:29:40,340 - src.utils.ml_common.validation.data_leakage_prevention - INFO - ℹ️    • These strict thresholds are ESSENTIAL for financial data integrity
2026-01-01 01:29:40,340 - src.utils.ml_common.validation.data_leakage_prevention - INFO - ℹ️    • Even 1-2% leakage can invalidate backtesting results
2026-01-01 01:29:40,340 - src.utils.ml_common.validation.data_leakage_prevention - INFO - ℹ️    • High model scores (>96%) often indicate undetected temporal leakage
2026-01-01 01:29:40,340 - src.utils.ml_common.validation.overfitting_monitoring - INFO - ℹ️ ✅ Overfitting Monitoring initialized
2026-01-01 01:29:40,340 - src.utils.ml_common.validation.enhanced_validation - INFO - ℹ️ ✅ Enhanced Validation initialized
2026-01-01 01:29:40,340 - src.utils.ml_common.validation.hpo_overfitting_prevention - INFO - ℹ️ ✅ HPO with Overfitting Prevention initialized
2026-01-01 01:29:40,340 - src.utils.ml_common.validation.model_complexity_analysis - INFO - ℹ️ ✅ Model Complexity Analyzer initialized
2026-01-01 01:29:40,340 - src.utils.ml_common.training.universal_validation_integration - INFO - ℹ️ ✅ Universal Validation Integrator initialized with new utilities
[2026-01-01 01:29:40.533] ✅ Custom logger available for MLCommon.ModelTraining
2026-01-01 01:29:40,534 - System.tprint - INFO - ℹ️ ✅ Custom logger available for MLCommon.ModelTraining
[2026-01-01 01:29:40.537] ✅ ML Common utilities loaded successfully
2026-01-01 01:29:40,537 - System.tprint - INFO - ℹ️ ✅ ML Common utilities loaded successfully
2026-01-01 01:29:40,538 - System.CrossStepValidator - INFO - ℹ️ 🔍 CrossStepValidator initialized with comprehensive consistency rules
2026-01-01 01:29:40,551 - ares.registry - INFO - ℹ️ Registered step: feature_generation_data_validation_step
[2026-01-01 01:29:40.551] ✅ Feature generation data validation step registered SUCCESS
2026-01-01 01:29:40,551 - System.tprint - INFO - ℹ️ ✅ Feature generation data validation step registered SUCCESS
[2026-01-01 01:29:40.551] 🔧 Loading labeling components...
2026-01-01 01:29:40,551 - System.tprint - INFO - ℹ️ 🔧 Loading labeling components...
2026-01-01 01:29:41,036 - ares.registry - INFO - ℹ️ Registered step: meta_labeling_hpo_sample_weighted
2026-01-01 01:29:41,036 - ares.registry - INFO - ℹ️ Registered step: meta_labeling_hpo_experiment
2026-01-01 01:29:41,036 - ares.registry - INFO - ℹ️ Registered step: sr_labeling_xgb
2026-01-01 01:29:41,036 - ares.registry - INFO - ℹ️ Registered step: sr_labeling_xgb_weighted
2026-01-01 01:29:41,037 - ares.registry - INFO - ℹ️ Registered step: global_meta_labeling_hpo_sample_weighted
2026-01-01 01:29:41,053 - ares.registry - INFO - ℹ️ Registered step: meta_gated_backtest
[2026-01-01 01:29:41.053] ✅ Meta-gated backtest step registered SUCCESS
2026-01-01 01:29:41,053 - System.tprint - INFO - ℹ️ ✅ Meta-gated backtest step registered SUCCESS
2026-01-01 01:29:41,054 - ares.registry - INFO - ℹ️ Registered step: meta_labeling_hpo_sample_weighted
2026-01-01 01:29:41,054 - ares.registry - INFO - ℹ️ Registered step: meta_labeling_hpo
2026-01-01 01:29:41,054 - ares.registry - INFO - ℹ️ Registered step: meta_labeling_sample_weighted
2026-01-01 01:29:41,054 - ares.registry - INFO - ℹ️ Registered step: meta_labeling_hpo_experiment
2026-01-01 01:29:41,054 - ares.registry - INFO - ℹ️ Registered step: sr_labeling_xgb
2026-01-01 01:29:41,054 - ares.registry - INFO - ℹ️ Registered step: label_based_layer_2
[2026-01-01 01:29:41.054] 🛠️ Initialized BaseStep for 'meta_labeling_hpo_sample_weighted'
2026-01-01 01:29:41,055 - System.tprint - INFO - ℹ️ 🛠️ Initialized BaseStep for 'meta_labeling_hpo_sample_weighted'
[2026-01-01 01:29:41.054] 🚀 Starting execution of step 'meta_labeling_hpo_sample_weighted'
2026-01-01 01:29:41,055 - System.tprint - INFO - ℹ️ 🚀 Starting execution of step 'meta_labeling_hpo_sample_weighted'
2026-01-01 01:29:41,055 - ares.step.meta_labeling_hpo_sample_weighted - INFO - ℹ️ Starting execution of meta_labeling_hpo_sample_weighted
2026-01-01 01:29:41,055 - ares.step.meta_labeling_hpo_sample_weighted - INFO - ℹ️ Execution mode resolved for meta_labeling_hpo_sample_weighted: requested_cli=full → persona=analyst
[2026-01-01 01:29:41.054] 🎯 Execution mode for 'meta_labeling_hpo_sample_weighted': requested_cli=full → persona=analyst
2026-01-01 01:29:41,055 - System.tprint - INFO - ℹ️ 🎯 Execution mode for 'meta_labeling_hpo_sample_weighted': requested_cli=full → persona=analyst
[2026-01-01 01:29:41.054] 🔧 Running 'meta_labeling_hpo_sample_weighted' in analyst mode
2026-01-01 01:29:41,055 - System.tprint - INFO - ℹ️ 🔧 Running 'meta_labeling_hpo_sample_weighted' in analyst mode
2026-01-01 01:29:41,056 - System.VersionManager - INFO - ℹ️ ✅ Loaded version config from config/version_config.json
2026-01-01 01:29:41,057 - System.ArtifactManager - INFO - ℹ️ 📁 Context set: step=meta_labeling_hpo_sample_weighted, symbol=None, exchange=None, timeframe=None, datetime=2026-01-01 01:29:41.055129, information=None, direction=long, model=Analyst
2026-01-01 01:29:41,057 - System.ArtifactManager - INFO - ℹ️ 📁 Context set: step=klines_downloading_processing, symbol=ETHUSDT, exchange=binance, timeframe=15m, datetime=2026-01-01 00:29:41.057643, information=None, direction=long, model=Analyst
[2026-01-01 01:29:41.057] 📂 Retrieving artifact 'klines_data' (type: data) | UNKNOWN/binance [15m] long/analyst
2026-01-01 01:29:41,057 - System.tprint - INFO - ℹ️ 📂 Retrieving artifact 'klines_data' (type: data) | UNKNOWN/binance [15m] long/analyst
2026-01-01 01:29:41,057 - System.KlinesParquetManager - INFO - ℹ️ ✅ KlinesParquetManager initialized with base_dir: historical_data
[2026-01-01 01:29:41.057] 🐛 DEBUG [load_klines]: last_n_days=None, start_time=None, end_time=None INFO
2026-01-01 01:29:41,058 - System.tprint - INFO - ℹ️ 🐛 DEBUG [load_klines]: last_n_days=None, start_time=None, end_time=None INFO
[2026-01-01 01:29:41.057] WARNING: ⚠️ No klines files found for UNKNOWN binance 15m
2026-01-01 01:29:41,058 - System.tprint - WARNING - ⚠️ No klines files found for UNKNOWN binance 15m
2026-01-01 01:29:41,059 - src.utils.kline_parquet - INFO - ℹ️ load_klines executed in 1.09ms
[2026-01-01 01:29:41.059] WARNING:   │  ⚠️  Loaded empty DataFrame
2026-01-01 01:29:41,059 - System.tprint - WARNING - ⚠️ │  ⚠️  Loaded empty DataFrame
[2026-01-01 01:29:41.059] WARNING:   └─ Trying next storage method
2026-01-01 01:29:41,059 - System.tprint - WARNING - ⚠️ └─ Trying next storage method
[2026-01-01 01:29:41.059] 🐛 DEBUG: _get_versioned_store() with store_key: UNKNOWN_binance_15m_long_analyst INFO
2026-01-01 01:29:41,059 - System.tprint - INFO - ℹ️ 🐛 DEBUG: _get_versioned_store() with store_key: UNKNOWN_binance_15m_long_analyst INFO
[2026-01-01 01:29:41.059] 🐛 DEBUG: Creating new VersionedArtifactStore at versioned_artifacts/UNKNOWN_binance_15m_long_analyst INFO
2026-01-01 01:29:41,059 - System.tprint - INFO - ℹ️ 🐛 DEBUG: Creating new VersionedArtifactStore at versioned_artifacts/UNKNOWN_binance_15m_long_analyst INFO
[2026-01-01 01:29:41.059] 🐛 DEBUG: _load_metadata() checking versioned_artifacts/UNKNOWN_binance_15m_long_analyst/metadata.json INFO
2026-01-01 01:29:41,060 - System.tprint - INFO - ℹ️ 🐛 DEBUG: _load_metadata() checking versioned_artifacts/UNKNOWN_binance_15m_long_analyst/metadata.json INFO
[2026-01-01 01:29:41.060] 🐛 DEBUG: Metadata file exists, size: 15351 bytes INFO
2026-01-01 01:29:41,060 - System.tprint - INFO - ℹ️ 🐛 DEBUG: Metadata file exists, size: 15351 bytes INFO
[2026-01-01 01:29:41.060] 🐛 DEBUG: Successfully loaded metadata with 5 versions INFO
2026-01-01 01:29:41,060 - System.tprint - INFO - ℹ️ 🐛 DEBUG: Successfully loaded metadata with 5 versions INFO
[2026-01-01 01:29:41.060] 🐛 DEBUG: get_statistics() called INFO
2026-01-01 01:29:41,060 - System.tprint - INFO - ℹ️ 🐛 DEBUG: get_statistics() called INFO
[2026-01-01 01:29:41.060] 🐛 DEBUG: Reloading metadata for statistics INFO
2026-01-01 01:29:41,061 - System.tprint - INFO - ℹ️ 🐛 DEBUG: Reloading metadata for statistics INFO
[2026-01-01 01:29:41.060] 🐛 DEBUG: _load_metadata() checking versioned_artifacts/UNKNOWN_binance_15m_long_analyst/metadata.json INFO
2026-01-01 01:29:41,061 - System.tprint - INFO - ℹ️ 🐛 DEBUG: _load_metadata() checking versioned_artifacts/UNKNOWN_binance_15m_long_analyst/metadata.json INFO
[2026-01-01 01:29:41.060] 🐛 DEBUG: Metadata file exists, size: 15351 bytes INFO
2026-01-01 01:29:41,061 - System.tprint - INFO - ℹ️ 🐛 DEBUG: Metadata file exists, size: 15351 bytes INFO
[2026-01-01 01:29:41.060] 🐛 DEBUG: Successfully loaded metadata with 5 versions INFO
2026-01-01 01:29:41,061 - System.tprint - INFO - ℹ️ 🐛 DEBUG: Successfully loaded metadata with 5 versions INFO
[2026-01-01 01:29:41.061] 🐛 DEBUG: Statistics - num_versions: 5 INFO
2026-01-01 01:29:41,061 - System.tprint - INFO - ℹ️ 🐛 DEBUG: Statistics - num_versions: 5 INFO
[2026-01-01 01:29:41.061] 🐛 DEBUG: Statistics - current_version: final_validation_metrics_20251116_161159_946 INFO
2026-01-01 01:29:41,061 - System.tprint - INFO - ℹ️ 🐛 DEBUG: Statistics - current_version: final_validation_metrics_20251116_161159_946 INFO
[2026-01-01 01:29:41.061] 🐛 DEBUG: Statistics - h5_file_size_mb: 280.5141086578369 INFO
2026-01-01 01:29:41,061 - System.tprint - INFO - ℹ️ 🐛 DEBUG: Statistics - h5_file_size_mb: 280.5141086578369 INFO
[2026-01-01 01:29:41.063] 🐛 DEBUG: New store statistics: {'store_path': 'versioned_artifacts/UNKNOWN_binance_15m_long_analyst', 'num_versions': 5, 'current_version': 'final_validation_metrics_20251116_161159_946', 'created_at': '2025-11-07T18:22:44.911801', 'h5_file_size_mb': 280.5141086578369, 'chunking': {'chunk_rows': 'auto', 'chunk_cols': 'auto'}, 'changelog': {'total_changes': 305, 'changes_by_type': {'add_data': 305}, 'top_versions': {'analyst_interaction_features_20251108_161950_019': 1, 'analyst_interaction_features_20251108_164300_578': 1, 'analyst_interaction_features_20251108_171945_952': 1, 'analyst_interaction_features_20251108_175314_530': 1, 'analyst_interaction_features_20251108_180922_905': 1, 'analyst_interaction_features_20251108_184752_938': 1, 'analyst_interaction_features_20251108_191026_801': 1, 'analyst_interaction_features_20251111_185727_726': 1, 'final_dataset_40_20251108_172617_791': 1, 'final_dataset_40_20251108_172829_013': 1}, 'time_range': {'earliest': '2025-11-07T18:27:00.789522', 'latest': '2025-11-24T21:16:51.681722'}}, 'row_versioning': {'total_rows_tracked': 0, 'total_versions': 0, 'average_versions_per_row': 0, 'most_versioned_rows': []}} INFO
2026-01-01 01:29:41,063 - System.tprint - INFO - ℹ️ 🐛 DEBUG: New store statistics: {'store_path': 'versioned_artifacts/UNKNOWN_binance_15m_long_analyst', 'num_versions': 5, 'current_version': 'final_validation_metrics_20251116_161159_946', 'created_at': '2025-11-07T18:22:44.911801', 'h5_file_size_mb': 280.5141086578369, 'chunking': {'chunk_rows': 'auto', 'chunk_cols': 'auto'}, 'changelog': {'total_changes': 305, 'changes_by_type': {'add_data': 305}, 'top_versions': {'analyst_interaction_features_20251108_161950_019': 1, 'analyst_interaction_features_20251108_164300_578': 1, 'analyst_interaction_features_20251108_171945_952': 1, 'analyst_interaction_features_20251108_175314_530': 1, 'analyst_interaction_features_20251108_180922_905': 1, 'analyst_interaction_features_20251108_184752_938': 1, 'analyst_interaction_features_20251108_191026_801': 1, 'analyst_interaction_features_20251111_185727_726': 1, 'final_dataset_40_20251108_172617_791': 1, 'final_dataset_40_20251108_172829_013': 1}, 'time_range': {'earliest': '2025-11-07T18:27:00.789522', 'latest': '2025-11-24T21:16:51.681722'}}, 'row_versioning': {'total_rows_tracked': 0, 'total_versions': 0, 'average_versions_per_row': 0, 'most_versioned_rows': []}} INFO
[2026-01-01 01:29:41.063] 🐛 DEBUG: list_versions() called INFO
2026-01-01 01:29:41,063 - System.tprint - INFO - ℹ️ 🐛 DEBUG: list_versions() called INFO
[2026-01-01 01:29:41.063] 🐛 DEBUG: Metadata file exists: True INFO
2026-01-01 01:29:41,063 - System.tprint - INFO - ℹ️ 🐛 DEBUG: Metadata file exists: True INFO
[2026-01-01 01:29:41.063] 🐛 DEBUG: HDF5 file exists: True INFO
2026-01-01 01:29:41,063 - System.tprint - INFO - ℹ️ 🐛 DEBUG: HDF5 file exists: True INFO
[2026-01-01 01:29:41.063] 🐛 DEBUG: Reloading metadata to get latest versions INFO
2026-01-01 01:29:41,063 - System.tprint - INFO - ℹ️ 🐛 DEBUG: Reloading metadata to get latest versions INFO
[2026-01-01 01:29:41.063] 🐛 DEBUG: _load_metadata() checking versioned_artifacts/UNKNOWN_binance_15m_long_analyst/metadata.json INFO
2026-01-01 01:29:41,063 - System.tprint - INFO - ℹ️ 🐛 DEBUG: _load_metadata() checking versioned_artifacts/UNKNOWN_binance_15m_long_analyst/metadata.json INFO
[2026-01-01 01:29:41.063] 🐛 DEBUG: Metadata file exists, size: 15351 bytes INFO
2026-01-01 01:29:41,063 - System.tprint - INFO - ℹ️ 🐛 DEBUG: Metadata file exists, size: 15351 bytes INFO
[2026-01-01 01:29:41.063] 🐛 DEBUG: Successfully loaded metadata with 5 versions INFO
2026-01-01 01:29:41,063 - System.tprint - INFO - ℹ️ 🐛 DEBUG: Successfully loaded metadata with 5 versions INFO
[2026-01-01 01:29:41.063] 🐛 DEBUG: Found 5 versions in metadata: ['final_dataset_60_20251116_161159_683', 'final_dataset_50_20251116_161159_720', 'final_dataset_40_20251116_161159_752', 'labeled_dataframe_20251116_161159_781', 'final_validation_metrics_20251116_161159_946'] INFO
2026-01-01 01:29:41,063 - System.tprint - INFO - ℹ️ 🐛 DEBUG: Found 5 versions in metadata: ['final_dataset_60_20251116_161159_683', 'final_dataset_50_20251116_161159_720', 'final_dataset_40_20251116_161159_752', 'labeled_dataframe_20251116_161159_781', 'final_validation_metrics_20251116_161159_946'] INFO
[2026-01-01 01:29:41.065] 🐛 DEBUG: Found 5 versions in HDF5: ['final_dataset_40_20251116_161159_752', 'final_dataset_50_20251116_161159_720', 'final_dataset_60_20251116_161159_683', 'final_validation_metrics_20251116_161159_946', 'labeled_dataframe_20251116_161159_781'] INFO
2026-01-01 01:29:41,066 - System.tprint - INFO - ℹ️ 🐛 DEBUG: Found 5 versions in HDF5: ['final_dataset_40_20251116_161159_752', 'final_dataset_50_20251116_161159_720', 'final_dataset_60_20251116_161159_683', 'final_validation_metrics_20251116_161159_946', 'labeled_dataframe_20251116_161159_781'] INFO
[2026-01-01 01:29:41.065] WARNING:   │  No matching versions in primary store
2026-01-01 01:29:41,066 - System.tprint - WARNING - ⚠️ │  No matching versions in primary store
[2026-01-01 01:29:41.065] 🐛 DEBUG: list_versions() called INFO
2026-01-01 01:29:41,066 - System.tprint - INFO - ℹ️ 🐛 DEBUG: list_versions() called INFO
[2026-01-01 01:29:41.065] 🐛 DEBUG: Metadata file exists: True INFO
2026-01-01 01:29:41,066 - System.tprint - INFO - ℹ️ 🐛 DEBUG: Metadata file exists: True INFO
[2026-01-01 01:29:41.065] 🐛 DEBUG: HDF5 file exists: True INFO
2026-01-01 01:29:41,066 - System.tprint - INFO - ℹ️ 🐛 DEBUG: HDF5 file exists: True INFO
[2026-01-01 01:29:41.065] 🐛 DEBUG: Reloading metadata to get latest versions INFO
2026-01-01 01:29:41,066 - System.tprint - INFO - ℹ️ 🐛 DEBUG: Reloading metadata to get latest versions INFO
[2026-01-01 01:29:41.065] 🐛 DEBUG: _load_metadata() checking versioned_artifacts/UNKNOWN_binance_15m_long_analyst/metadata.json INFO
2026-01-01 01:29:41,066 - System.tprint - INFO - ℹ️ 🐛 DEBUG: _load_metadata() checking versioned_artifacts/UNKNOWN_binance_15m_long_analyst/metadata.json INFO
[2026-01-01 01:29:41.065] 🐛 DEBUG: Metadata file exists, size: 15351 bytes INFO
2026-01-01 01:29:41,066 - System.tprint - INFO - ℹ️ 🐛 DEBUG: Metadata file exists, size: 15351 bytes INFO
[2026-01-01 01:29:41.065] 🐛 DEBUG: Successfully loaded metadata with 5 versions INFO
2026-01-01 01:29:41,066 - System.tprint - INFO - ℹ️ 🐛 DEBUG: Successfully loaded metadata with 5 versions INFO
[2026-01-01 01:29:41.065] 🐛 DEBUG: Found 5 versions in metadata: ['final_dataset_60_20251116_161159_683', 'final_dataset_50_20251116_161159_720', 'final_dataset_40_20251116_161159_752', 'labeled_dataframe_20251116_161159_781', 'final_validation_metrics_20251116_161159_946'] INFO
2026-01-01 01:29:41,066 - System.tprint - INFO - ℹ️ 🐛 DEBUG: Found 5 versions in metadata: ['final_dataset_60_20251116_161159_683', 'final_dataset_50_20251116_161159_720', 'final_dataset_40_20251116_161159_752', 'labeled_dataframe_20251116_161159_781', 'final_validation_metrics_20251116_161159_946'] INFO
[2026-01-01 01:29:41.067] 🐛 DEBUG: Found 5 versions in HDF5: ['final_dataset_40_20251116_161159_752', 'final_dataset_50_20251116_161159_720', 'final_dataset_60_20251116_161159_683', 'final_validation_metrics_20251116_161159_946', 'labeled_dataframe_20251116_161159_781'] INFO
2026-01-01 01:29:41,067 - System.tprint - INFO - ℹ️ 🐛 DEBUG: Found 5 versions in HDF5: ['final_dataset_40_20251116_161159_752', 'final_dataset_50_20251116_161159_720', 'final_dataset_60_20251116_161159_683', 'final_validation_metrics_20251116_161159_946', 'labeled_dataframe_20251116_161159_781'] INFO
[2026-01-01 01:29:41.067] WARNING:   │  ⚠️  Not found in any versioned store
2026-01-01 01:29:41,067 - System.tprint - WARNING - ⚠️ │  ⚠️  Not found in any versioned store
[2026-01-01 01:29:41.067] WARNING:   └─ Trying next storage method
2026-01-01 01:29:41,067 - System.tprint - WARNING - ⚠️ └─ Trying next storage method
[2026-01-01 01:29:41.067] ERROR: ┌──────────────────────────────────────────────────────────────────────────────┐
2026-01-01 01:29:41,067 - System.tprint - ERROR - ❌ ┌──────────────────────────────────────────────────────────────────────────────┐
[2026-01-01 01:29:41.067] ERROR: │  ❌ ARTIFACT ROUTER: LOAD FAILED - NOT FOUND                                │
2026-01-01 01:29:41,067 - System.tprint - ERROR - ❌ │  ❌ ARTIFACT ROUTER: LOAD FAILED - NOT FOUND                                │
[2026-01-01 01:29:41.067] ERROR: │  Artifact 'klines_data' not found in any storage                        │ 
2026-01-01 01:29:41,067 - System.tprint - ERROR - ❌ │  Artifact 'klines_data' not found in any storage                        │ 
[2026-01-01 01:29:41.067] ERROR: └──────────────────────────────────────────────────────────────────────────────┘
2026-01-01 01:29:41,067 - System.tprint - ERROR - ❌ └──────────────────────────────────────────────────────────────────────────────┘
2026-01-01 01:29:41,067 - ares.step.meta_labeling_hpo_sample_weighted - WARNING - ⚠️ Artifact 'klines_data' not found via router, trying traditional manager
[2026-01-01 01:29:41.067] ⚠️ Trying fallback to traditional artifact manager | UNKNOWN/binance [15m] long/analyst
2026-01-01 01:29:41,067 - System.tprint - INFO - ℹ️ ⚠️ Trying fallback to traditional artifact manager | UNKNOWN/binance [15m] long/analyst
2026-01-01 01:29:41,067 - System.ArtifactManager - INFO - ℹ️ 📁 Context set: step=meta_labeling_hpo_sample_weighted, symbol=None, exchange=None, timeframe=15m, datetime=2026-01-01 01:29:41.055129, information=None, direction=long, model=Analyst
[2026-01-01 01:29:41.068] 🐛 DEBUG: _load_metadata() checking versioned_artifacts/UNKNOWN_binance_1h_long_analyst/metadata.json INFO
2026-01-01 01:29:41,069 - System.tprint - INFO - ℹ️ 🐛 DEBUG: _load_metadata() checking versioned_artifacts/UNKNOWN_binance_1h_long_analyst/metadata.json INFO
[2026-01-01 01:29:41.068] 🐛 DEBUG: Metadata file exists, size: 200 bytes INFO
2026-01-01 01:29:41,069 - System.tprint - INFO - ℹ️ 🐛 DEBUG: Metadata file exists, size: 200 bytes INFO
[2026-01-01 01:29:41.068] 🐛 DEBUG: Successfully loaded metadata with 0 versions INFO
2026-01-01 01:29:41,069 - System.tprint - INFO - ℹ️ 🐛 DEBUG: Successfully loaded metadata with 0 versions INFO
[2026-01-01 01:29:41.068] 🐛 DEBUG: list_versions() called INFO
2026-01-01 01:29:41,069 - System.tprint - INFO - ℹ️ 🐛 DEBUG: list_versions() called INFO
[2026-01-01 01:29:41.068] 🐛 DEBUG: Metadata file exists: True INFO
2026-01-01 01:29:41,069 - System.tprint - INFO - ℹ️ 🐛 DEBUG: Metadata file exists: True INFO
[2026-01-01 01:29:41.068] 🐛 DEBUG: HDF5 file exists: True INFO
2026-01-01 01:29:41,069 - System.tprint - INFO - ℹ️ 🐛 DEBUG: HDF5 file exists: True INFO
[2026-01-01 01:29:41.068] 🐛 DEBUG: Reloading metadata to get latest versions INFO
2026-01-01 01:29:41,069 - System.tprint - INFO - ℹ️ 🐛 DEBUG: Reloading metadata to get latest versions INFO
[2026-01-01 01:29:41.068] 🐛 DEBUG: _load_metadata() checking versioned_artifacts/UNKNOWN_binance_1h_long_analyst/metadata.json INFO
2026-01-01 01:29:41,069 - System.tprint - INFO - ℹ️ 🐛 DEBUG: _load_metadata() checking versioned_artifacts/UNKNOWN_binance_1h_long_analyst/metadata.json INFO
[2026-01-01 01:29:41.068] 🐛 DEBUG: Metadata file exists, size: 200 bytes INFO
2026-01-01 01:29:41,069 - System.tprint - INFO - ℹ️ 🐛 DEBUG: Metadata file exists, size: 200 bytes INFO
[2026-01-01 01:29:41.068] 🐛 DEBUG: Successfully loaded metadata with 0 versions INFO
2026-01-01 01:29:41,069 - System.tprint - INFO - ℹ️ 🐛 DEBUG: Successfully loaded metadata with 0 versions INFO
[2026-01-01 01:29:41.070] 🐛 DEBUG: Found 0 versions in metadata: [] INFO
2026-01-01 01:29:41,070 - System.tprint - INFO - ℹ️ 🐛 DEBUG: Found 0 versions in metadata: [] INFO
[2026-01-01 01:29:41.070] 🐛 DEBUG: Found 0 versions in HDF5: [] INFO
2026-01-01 01:29:41,070 - System.tprint - INFO - ℹ️ 🐛 DEBUG: Found 0 versions in HDF5: [] INFO
[2026-01-01 01:29:41.070] 🐛 DEBUG: _load_metadata() checking versioned_artifacts/UNKNOWN_binance_15m_long_analyst/metadata.json INFO
2026-01-01 01:29:41,070 - System.tprint - INFO - ℹ️ 🐛 DEBUG: _load_metadata() checking versioned_artifacts/UNKNOWN_binance_15m_long_analyst/metadata.json INFO
[2026-01-01 01:29:41.070] 🐛 DEBUG: Metadata file exists, size: 15351 bytes INFO
2026-01-01 01:29:41,070 - System.tprint - INFO - ℹ️ 🐛 DEBUG: Metadata file exists, size: 15351 bytes INFO
[2026-01-01 01:29:41.070] 🐛 DEBUG: Successfully loaded metadata with 5 versions INFO
2026-01-01 01:29:41,070 - System.tprint - INFO - ℹ️ 🐛 DEBUG: Successfully loaded metadata with 5 versions INFO
[2026-01-01 01:29:41.070] 🐛 DEBUG: list_versions() called INFO
2026-01-01 01:29:41,071 - System.tprint - INFO - ℹ️ 🐛 DEBUG: list_versions() called INFO
[2026-01-01 01:29:41.071] 🐛 DEBUG: Metadata file exists: True INFO
2026-01-01 01:29:41,071 - System.tprint - INFO - ℹ️ 🐛 DEBUG: Metadata file exists: True INFO
[2026-01-01 01:29:41.071] 🐛 DEBUG: HDF5 file exists: True INFO
2026-01-01 01:29:41,071 - System.tprint - INFO - ℹ️ 🐛 DEBUG: HDF5 file exists: True INFO
[2026-01-01 01:29:41.071] 🐛 DEBUG: Reloading metadata to get latest versions INFO
2026-01-01 01:29:41,071 - System.tprint - INFO - ℹ️ 🐛 DEBUG: Reloading metadata to get latest versions INFO
[2026-01-01 01:29:41.071] 🐛 DEBUG: _load_metadata() checking versioned_artifacts/UNKNOWN_binance_15m_long_analyst/metadata.json INFO
2026-01-01 01:29:41,071 - System.tprint - INFO - ℹ️ 🐛 DEBUG: _load_metadata() checking versioned_artifacts/UNKNOWN_binance_15m_long_analyst/metadata.json INFO
[2026-01-01 01:29:41.071] 🐛 DEBUG: Metadata file exists, size: 15351 bytes INFO
2026-01-01 01:29:41,071 - System.tprint - INFO - ℹ️ 🐛 DEBUG: Metadata file exists, size: 15351 bytes INFO
[2026-01-01 01:29:41.071] 🐛 DEBUG: Successfully loaded metadata with 5 versions INFO
2026-01-01 01:29:41,071 - System.tprint - INFO - ℹ️ 🐛 DEBUG: Successfully loaded metadata with 5 versions INFO
[2026-01-01 01:29:41.071] 🐛 DEBUG: Found 5 versions in metadata: ['final_dataset_60_20251116_161159_683', 'final_dataset_50_20251116_161159_720', 'final_dataset_40_20251116_161159_752', 'labeled_dataframe_20251116_161159_781', 'final_validation_metrics_20251116_161159_946'] INFO
2026-01-01 01:29:41,071 - System.tprint - INFO - ℹ️ 🐛 DEBUG: Found 5 versions in metadata: ['final_dataset_60_20251116_161159_683', 'final_dataset_50_20251116_161159_720', 'final_dataset_40_20251116_161159_752', 'labeled_dataframe_20251116_161159_781', 'final_validation_metrics_20251116_161159_946'] INFO
[2026-01-01 01:29:41.071] 🐛 DEBUG: Found 5 versions in HDF5: ['final_dataset_40_20251116_161159_752', 'final_dataset_50_20251116_161159_720', 'final_dataset_60_20251116_161159_683', 'final_validation_metrics_20251116_161159_946', 'labeled_dataframe_20251116_161159_781'] INFO
2026-01-01 01:29:41,071 - System.tprint - INFO - ℹ️ 🐛 DEBUG: Found 5 versions in HDF5: ['final_dataset_40_20251116_161159_752', 'final_dataset_50_20251116_161159_720', 'final_dataset_60_20251116_161159_683', 'final_validation_metrics_20251116_161159_946', 'labeled_dataframe_20251116_161159_781'] INFO
[2026-01-01 01:29:41.072] 🐛 DEBUG: _load_metadata() checking versioned_artifacts/ETHUSDT_binance_15m_long_sr_labeling_xgb/metadata.json INFO
2026-01-01 01:29:41,072 - System.tprint - INFO - ℹ️ 🐛 DEBUG: _load_metadata() checking versioned_artifacts/ETHUSDT_binance_15m_long_sr_labeling_xgb/metadata.json INFO
[2026-01-01 01:29:41.072] 🐛 DEBUG: Metadata file exists, size: 139 bytes INFO
2026-01-01 01:29:41,072 - System.tprint - INFO - ℹ️ 🐛 DEBUG: Metadata file exists, size: 139 bytes INFO
[2026-01-01 01:29:41.072] 🐛 DEBUG: Successfully loaded metadata with 0 versions INFO
2026-01-01 01:29:41,072 - System.tprint - INFO - ℹ️ 🐛 DEBUG: Successfully loaded metadata with 0 versions INFO
[2026-01-01 01:29:41.072] 🐛 DEBUG: list_versions() called INFO
2026-01-01 01:29:41,072 - System.tprint - INFO - ℹ️ 🐛 DEBUG: list_versions() called INFO
[2026-01-01 01:29:41.072] 🐛 DEBUG: Metadata file exists: True INFO
2026-01-01 01:29:41,072 - System.tprint - INFO - ℹ️ 🐛 DEBUG: Metadata file exists: True INFO
[2026-01-01 01:29:41.072] 🐛 DEBUG: HDF5 file exists: True INFO
2026-01-01 01:29:41,073 - System.tprint - INFO - ℹ️ 🐛 DEBUG: HDF5 file exists: True INFO
[2026-01-01 01:29:41.072] 🐛 DEBUG: Reloading metadata to get latest versions INFO
2026-01-01 01:29:41,073 - System.tprint - INFO - ℹ️ 🐛 DEBUG: Reloading metadata to get latest versions INFO
[2026-01-01 01:29:41.072] 🐛 DEBUG: _load_metadata() checking versioned_artifacts/ETHUSDT_binance_15m_long_sr_labeling_xgb/metadata.json INFO
2026-01-01 01:29:41,073 - System.tprint - INFO - ℹ️ 🐛 DEBUG: _load_metadata() checking versioned_artifacts/ETHUSDT_binance_15m_long_sr_labeling_xgb/metadata.json INFO
[2026-01-01 01:29:41.072] 🐛 DEBUG: Metadata file exists, size: 139 bytes INFO
2026-01-01 01:29:41,073 - System.tprint - INFO - ℹ️ 🐛 DEBUG: Metadata file exists, size: 139 bytes INFO
[2026-01-01 01:29:41.072] 🐛 DEBUG: Successfully loaded metadata with 0 versions INFO
2026-01-01 01:29:41,073 - System.tprint - INFO - ℹ️ 🐛 DEBUG: Successfully loaded metadata with 0 versions INFO
[2026-01-01 01:29:41.073] 🐛 DEBUG: Found 0 versions in metadata: [] INFO
2026-01-01 01:29:41,073 - System.tprint - INFO - ℹ️ 🐛 DEBUG: Found 0 versions in metadata: [] INFO
[2026-01-01 01:29:41.073] 🐛 DEBUG: Found 0 versions in HDF5: [] INFO
2026-01-01 01:29:41,073 - System.tprint - INFO - ℹ️ 🐛 DEBUG: Found 0 versions in HDF5: [] INFO
[2026-01-01 01:29:41.073] 🐛 DEBUG: _load_metadata() checking versioned_artifacts/ETHUSDT_binance_1h_long_breakout_bounce/metadata.json INFO
2026-01-01 01:29:41,074 - System.tprint - INFO - ℹ️ 🐛 DEBUG: _load_metadata() checking versioned_artifacts/ETHUSDT_binance_1h_long_breakout_bounce/metadata.json INFO
[2026-01-01 01:29:41.073] 🐛 DEBUG: Metadata file exists, size: 11462 bytes INFO
2026-01-01 01:29:41,074 - System.tprint - INFO - ℹ️ 🐛 DEBUG: Metadata file exists, size: 11462 bytes INFO
[2026-01-01 01:29:41.074] 🐛 DEBUG: Successfully loaded metadata with 5 versions INFO
2026-01-01 01:29:41,074 - System.tprint - INFO - ℹ️ 🐛 DEBUG: Successfully loaded metadata with 5 versions INFO
[2026-01-01 01:29:41.074] 🐛 DEBUG: list_versions() called INFO
2026-01-01 01:29:41,074 - System.tprint - INFO - ℹ️ 🐛 DEBUG: list_versions() called INFO
[2026-01-01 01:29:41.074] 🐛 DEBUG: Metadata file exists: True INFO
2026-01-01 01:29:41,074 - System.tprint - INFO - ℹ️ 🐛 DEBUG: Metadata file exists: True INFO
[2026-01-01 01:29:41.074] 🐛 DEBUG: HDF5 file exists: True INFO
2026-01-01 01:29:41,074 - System.tprint - INFO - ℹ️ 🐛 DEBUG: HDF5 file exists: True INFO
[2026-01-01 01:29:41.074] 🐛 DEBUG: Reloading metadata to get latest versions INFO
2026-01-01 01:29:41,075 - System.tprint - INFO - ℹ️ 🐛 DEBUG: Reloading metadata to get latest versions INFO
[2026-01-01 01:29:41.074] 🐛 DEBUG: _load_metadata() checking versioned_artifacts/ETHUSDT_binance_1h_long_breakout_bounce/metadata.json INFO
2026-01-01 01:29:41,075 - System.tprint - INFO - ℹ️ 🐛 DEBUG: _load_metadata() checking versioned_artifacts/ETHUSDT_binance_1h_long_breakout_bounce/metadata.json INFO
[2026-01-01 01:29:41.074] 🐛 DEBUG: Metadata file exists, size: 11462 bytes INFO
2026-01-01 01:29:41,075 - System.tprint - INFO - ℹ️ 🐛 DEBUG: Metadata file exists, size: 11462 bytes INFO
[2026-01-01 01:29:41.074] 🐛 DEBUG: Successfully loaded metadata with 5 versions INFO
2026-01-01 01:29:41,075 - System.tprint - INFO - ℹ️ 🐛 DEBUG: Successfully loaded metadata with 5 versions INFO
[2026-01-01 01:29:41.074] 🐛 DEBUG: Found 5 versions in metadata: ['ml_breakout_bounce_training_data_1h_20251123_144326_526', 'ml_breakout_bounce_training_data_1h_20251123_153924_083', 'ml_breakout_bounce_training_data_1h_20251123_160312_391', 'ml_breakout_bounce_training_data_1h_20251123_160800_355', 'ml_breakout_bounce_training_data_1h_20251123_162859_853'] INFO
2026-01-01 01:29:41,075 - System.tprint - INFO - ℹ️ 🐛 DEBUG: Found 5 versions in metadata: ['ml_breakout_bounce_training_data_1h_20251123_144326_526', 'ml_breakout_bounce_training_data_1h_20251123_153924_083', 'ml_breakout_bounce_training_data_1h_20251123_160312_391', 'ml_breakout_bounce_training_data_1h_20251123_160800_355', 'ml_breakout_bounce_training_data_1h_20251123_162859_853'] INFO
[2026-01-01 01:29:41.076] 🐛 DEBUG: Found 5 versions in HDF5: ['ml_breakout_bounce_training_data_1h_20251123_144326_526', 'ml_breakout_bounce_training_data_1h_20251123_153924_083', 'ml_breakout_bounce_training_data_1h_20251123_160312_391', 'ml_breakout_bounce_training_data_1h_20251123_160800_355', 'ml_breakout_bounce_training_data_1h_20251123_162859_853'] INFO
2026-01-01 01:29:41,076 - System.tprint - INFO - ℹ️ 🐛 DEBUG: Found 5 versions in HDF5: ['ml_breakout_bounce_training_data_1h_20251123_144326_526', 'ml_breakout_bounce_training_data_1h_20251123_153924_083', 'ml_breakout_bounce_training_data_1h_20251123_160312_391', 'ml_breakout_bounce_training_data_1h_20251123_160800_355', 'ml_breakout_bounce_training_data_1h_20251123_162859_853'] INFO
[2026-01-01 01:29:41.076] 🐛 DEBUG: _load_metadata() checking versioned_artifacts/ETHUSDT_binance_15m_long_liquidity_regime/metadata.json INFO
2026-01-01 01:29:41,076 - System.tprint - INFO - ℹ️ 🐛 DEBUG: _load_metadata() checking versioned_artifacts/ETHUSDT_binance_15m_long_liquidity_regime/metadata.json INFO
[2026-01-01 01:29:41.076] 🐛 DEBUG: Metadata file exists, size: 17282 bytes INFO
2026-01-01 01:29:41,076 - System.tprint - INFO - ℹ️ 🐛 DEBUG: Metadata file exists, size: 17282 bytes INFO
[2026-01-01 01:29:41.076] 🐛 DEBUG: Successfully loaded metadata with 6 versions INFO
2026-01-01 01:29:41,077 - System.tprint - INFO - ℹ️ 🐛 DEBUG: Successfully loaded metadata with 6 versions INFO
[2026-01-01 01:29:41.077] 🐛 DEBUG: list_versions() called INFO
2026-01-01 01:29:41,077 - System.tprint - INFO - ℹ️ 🐛 DEBUG: list_versions() called INFO
[2026-01-01 01:29:41.077] 🐛 DEBUG: Metadata file exists: True INFO
2026-01-01 01:29:41,077 - System.tprint - INFO - ℹ️ 🐛 DEBUG: Metadata file exists: True INFO
[2026-01-01 01:29:41.077] 🐛 DEBUG: HDF5 file exists: True INFO
2026-01-01 01:29:41,077 - System.tprint - INFO - ℹ️ 🐛 DEBUG: HDF5 file exists: True INFO
[2026-01-01 01:29:41.077] 🐛 DEBUG: Reloading metadata to get latest versions INFO
2026-01-01 01:29:41,077 - System.tprint - INFO - ℹ️ 🐛 DEBUG: Reloading metadata to get latest versions INFO
[2026-01-01 01:29:41.077] 🐛 DEBUG: _load_metadata() checking versioned_artifacts/ETHUSDT_binance_15m_long_liquidity_regime/metadata.json INFO
2026-01-01 01:29:41,077 - System.tprint - INFO - ℹ️ 🐛 DEBUG: _load_metadata() checking versioned_artifacts/ETHUSDT_binance_15m_long_liquidity_regime/metadata.json INFO
[2026-01-01 01:29:41.077] 🐛 DEBUG: Metadata file exists, size: 17282 bytes INFO
2026-01-01 01:29:41,077 - System.tprint - INFO - ℹ️ 🐛 DEBUG: Metadata file exists, size: 17282 bytes INFO
[2026-01-01 01:29:41.077] 🐛 DEBUG: Successfully loaded metadata with 6 versions INFO
2026-01-01 01:29:41,077 - System.tprint - INFO - ℹ️ 🐛 DEBUG: Successfully loaded metadata with 6 versions INFO
[2026-01-01 01:29:41.077] 🐛 DEBUG: Found 6 versions in metadata: ['ml_liquidity_regime_probs_15m_20251213_170827_692', 'ml_liquidity_training_data_15m_20251213_221548_209', 'ml_liquidity_regime_probs_15m_20251231_170726_502', 'ml_liquidity_training_data_15m_20251231_170859_400', 'ml_liquidity_regime_probs_15m_20251231_172132_488', 'ml_liquidity_training_data_15m_20251231_172224_742'] INFO
2026-01-01 01:29:41,077 - System.tprint - INFO - ℹ️ 🐛 DEBUG: Found 6 versions in metadata: ['ml_liquidity_regime_probs_15m_20251213_170827_692', 'ml_liquidity_training_data_15m_20251213_221548_209', 'ml_liquidity_regime_probs_15m_20251231_170726_502', 'ml_liquidity_training_data_15m_20251231_170859_400', 'ml_liquidity_regime_probs_15m_20251231_172132_488', 'ml_liquidity_training_data_15m_20251231_172224_742'] INFO
[2026-01-01 01:29:41.078] 🐛 DEBUG: Found 6 versions in HDF5: ['ml_liquidity_regime_probs_15m_20251213_170827_692', 'ml_liquidity_regime_probs_15m_20251231_170726_502', 'ml_liquidity_regime_probs_15m_20251231_172132_488', 'ml_liquidity_training_data_15m_20251213_221548_209', 'ml_liquidity_training_data_15m_20251231_170859_400', 'ml_liquidity_training_data_15m_20251231_172224_742'] INFO
2026-01-01 01:29:41,078 - System.tprint - INFO - ℹ️ 🐛 DEBUG: Found 6 versions in HDF5: ['ml_liquidity_regime_probs_15m_20251213_170827_692', 'ml_liquidity_regime_probs_15m_20251231_170726_502', 'ml_liquidity_regime_probs_15m_20251231_172132_488', 'ml_liquidity_training_data_15m_20251213_221548_209', 'ml_liquidity_training_data_15m_20251231_170859_400', 'ml_liquidity_training_data_15m_20251231_172224_742'] INFO
[2026-01-01 01:29:41.078] 🐛 DEBUG: _load_metadata() checking versioned_artifacts/ETHUSDT_binance_15m_long_regime_risk/metadata.json INFO
2026-01-01 01:29:41,079 - System.tprint - INFO - ℹ️ 🐛 DEBUG: _load_metadata() checking versioned_artifacts/ETHUSDT_binance_15m_long_regime_risk/metadata.json INFO
[2026-01-01 01:29:41.078] 🐛 DEBUG: Metadata file exists, size: 200 bytes INFO
2026-01-01 01:29:41,079 - System.tprint - INFO - ℹ️ 🐛 DEBUG: Metadata file exists, size: 200 bytes INFO
[2026-01-01 01:29:41.078] 🐛 DEBUG: Successfully loaded metadata with 0 versions INFO
2026-01-01 01:29:41,079 - System.tprint - INFO - ℹ️ 🐛 DEBUG: Successfully loaded metadata with 0 versions INFO
[2026-01-01 01:29:41.078] 🐛 DEBUG: list_versions() called INFO
2026-01-01 01:29:41,079 - System.tprint - INFO - ℹ️ 🐛 DEBUG: list_versions() called INFO
[2026-01-01 01:29:41.079] 🐛 DEBUG: Metadata file exists: True INFO
2026-01-01 01:29:41,079 - System.tprint - INFO - ℹ️ 🐛 DEBUG: Metadata file exists: True INFO
[2026-01-01 01:29:41.079] 🐛 DEBUG: HDF5 file exists: True INFO
2026-01-01 01:29:41,079 - System.tprint - INFO - ℹ️ 🐛 DEBUG: HDF5 file exists: True INFO
[2026-01-01 01:29:41.079] 🐛 DEBUG: Reloading metadata to get latest versions INFO
2026-01-01 01:29:41,079 - System.tprint - INFO - ℹ️ 🐛 DEBUG: Reloading metadata to get latest versions INFO
[2026-01-01 01:29:41.079] 🐛 DEBUG: _load_metadata() checking versioned_artifacts/ETHUSDT_binance_15m_long_regime_risk/metadata.json INFO
2026-01-01 01:29:41,079 - System.tprint - INFO - ℹ️ 🐛 DEBUG: _load_metadata() checking versioned_artifacts/ETHUSDT_binance_15m_long_regime_risk/metadata.json INFO
[2026-01-01 01:29:41.079] 🐛 DEBUG: Metadata file exists, size: 200 bytes INFO
2026-01-01 01:29:41,080 - System.tprint - INFO - ℹ️ 🐛 DEBUG: Metadata file exists, size: 200 bytes INFO
[2026-01-01 01:29:41.079] 🐛 DEBUG: Successfully loaded metadata with 0 versions INFO
2026-01-01 01:29:41,080 - System.tprint - INFO - ℹ️ 🐛 DEBUG: Successfully loaded metadata with 0 versions INFO
[2026-01-01 01:29:41.079] 🐛 DEBUG: Found 0 versions in metadata: [] INFO
2026-01-01 01:29:41,080 - System.tprint - INFO - ℹ️ 🐛 DEBUG: Found 0 versions in metadata: [] INFO
[2026-01-01 01:29:41.080] 🐛 DEBUG: Found 0 versions in HDF5: [] INFO
2026-01-01 01:29:41,080 - System.tprint - INFO - ℹ️ 🐛 DEBUG: Found 0 versions in HDF5: [] INFO
[2026-01-01 01:29:41.080] 🐛 DEBUG: _load_metadata() checking versioned_artifacts/ETHUSDT_binance_15m_long_breakout_bounce_regime/metadata.json INFO
2026-01-01 01:29:41,081 - System.tprint - INFO - ℹ️ 🐛 DEBUG: _load_metadata() checking versioned_artifacts/ETHUSDT_binance_15m_long_breakout_bounce_regime/metadata.json INFO
[2026-01-01 01:29:41.080] 🐛 DEBUG: Metadata file does not exist, returning default metadata INFO
2026-01-01 01:29:41,081 - System.tprint - INFO - ℹ️ 🐛 DEBUG: Metadata file does not exist, returning default metadata INFO
[2026-01-01 01:29:41.080] 🐛 DEBUG: list_versions() called INFO
2026-01-01 01:29:41,081 - System.tprint - INFO - ℹ️ 🐛 DEBUG: list_versions() called INFO
[2026-01-01 01:29:41.080] 🐛 DEBUG: Metadata file exists: False INFO
2026-01-01 01:29:41,081 - System.tprint - INFO - ℹ️ 🐛 DEBUG: Metadata file exists: False INFO
[2026-01-01 01:29:41.080] 🐛 DEBUG: HDF5 file exists: True INFO
2026-01-01 01:29:41,081 - System.tprint - INFO - ℹ️ 🐛 DEBUG: HDF5 file exists: True INFO
[2026-01-01 01:29:41.080] 🐛 DEBUG: Reloading metadata to get latest versions INFO
2026-01-01 01:29:41,081 - System.tprint - INFO - ℹ️ 🐛 DEBUG: Reloading metadata to get latest versions INFO
[2026-01-01 01:29:41.080] 🐛 DEBUG: _load_metadata() checking versioned_artifacts/ETHUSDT_binance_15m_long_breakout_bounce_regime/metadata.json INFO
2026-01-01 01:29:41,081 - System.tprint - INFO - ℹ️ 🐛 DEBUG: _load_metadata() checking versioned_artifacts/ETHUSDT_binance_15m_long_breakout_bounce_regime/metadata.json INFO
[2026-01-01 01:29:41.081] 🐛 DEBUG: Metadata file does not exist, returning default metadata INFO
2026-01-01 01:29:41,081 - System.tprint - INFO - ℹ️ 🐛 DEBUG: Metadata file does not exist, returning default metadata INFO
[2026-01-01 01:29:41.081] 🐛 DEBUG: Found 0 versions in metadata: [] INFO
2026-01-01 01:29:41,081 - System.tprint - INFO - ℹ️ 🐛 DEBUG: Found 0 versions in metadata: [] INFO
[2026-01-01 01:29:41.081] 🐛 DEBUG: Found 0 versions in HDF5: [] INFO
2026-01-01 01:29:41,082 - System.tprint - INFO - ℹ️ 🐛 DEBUG: Found 0 versions in HDF5: [] INFO
[2026-01-01 01:29:41.083] 🐛 DEBUG: _load_metadata() checking versioned_artifacts/ETHUSDT_binance_15m_long_volume_force/metadata.json INFO
2026-01-01 01:29:41,083 - System.tprint - INFO - ℹ️ 🐛 DEBUG: _load_metadata() checking versioned_artifacts/ETHUSDT_binance_15m_long_volume_force/metadata.json INFO
[2026-01-01 01:29:41.083] 🐛 DEBUG: Metadata file exists, size: 11876 bytes INFO
2026-01-01 01:29:41,083 - System.tprint - INFO - ℹ️ 🐛 DEBUG: Metadata file exists, size: 11876 bytes INFO
[2026-01-01 01:29:41.083] 🐛 DEBUG: Successfully loaded metadata with 7 versions INFO
2026-01-01 01:29:41,083 - System.tprint - INFO - ℹ️ 🐛 DEBUG: Successfully loaded metadata with 7 versions INFO
[2026-01-01 01:29:41.083] 🐛 DEBUG: list_versions() called INFO
2026-01-01 01:29:41,083 - System.tprint - INFO - ℹ️ 🐛 DEBUG: list_versions() called INFO
[2026-01-01 01:29:41.083] 🐛 DEBUG: Metadata file exists: True INFO
2026-01-01 01:29:41,084 - System.tprint - INFO - ℹ️ 🐛 DEBUG: Metadata file exists: True INFO
[2026-01-01 01:29:41.083] 🐛 DEBUG: HDF5 file exists: True INFO
2026-01-01 01:29:41,084 - System.tprint - INFO - ℹ️ 🐛 DEBUG: HDF5 file exists: True INFO
[2026-01-01 01:29:41.083] 🐛 DEBUG: Reloading metadata to get latest versions INFO
2026-01-01 01:29:41,084 - System.tprint - INFO - ℹ️ 🐛 DEBUG: Reloading metadata to get latest versions INFO
[2026-01-01 01:29:41.083] 🐛 DEBUG: _load_metadata() checking versioned_artifacts/ETHUSDT_binance_15m_long_volume_force/metadata.json INFO
2026-01-01 01:29:41,084 - System.tprint - INFO - ℹ️ 🐛 DEBUG: _load_metadata() checking versioned_artifacts/ETHUSDT_binance_15m_long_volume_force/metadata.json INFO
[2026-01-01 01:29:41.084] 🐛 DEBUG: Metadata file exists, size: 11876 bytes INFO
2026-01-01 01:29:41,084 - System.tprint - INFO - ℹ️ 🐛 DEBUG: Metadata file exists, size: 11876 bytes INFO
[2026-01-01 01:29:41.084] 🐛 DEBUG: Successfully loaded metadata with 7 versions INFO
2026-01-01 01:29:41,084 - System.tprint - INFO - ℹ️ 🐛 DEBUG: Successfully loaded metadata with 7 versions INFO
[2026-01-01 01:29:41.084] 🐛 DEBUG: Found 7 versions in metadata: ['ml_volume_force_features_20251213_163705_361', 'ml_volume_force_features_20251213_170535_123', 'ml_volume_force_predictions_20251213_170543_299', 'ml_volume_force_features_20251231_171818_197', 'ml_volume_force_predictions_20251231_172004_837', 'ml_volume_force_features_20251231_172800_942', 'ml_volume_force_predictions_20251231_172840_135'] INFO
2026-01-01 01:29:41,084 - System.tprint - INFO - ℹ️ 🐛 DEBUG: Found 7 versions in metadata: ['ml_volume_force_features_20251213_163705_361', 'ml_volume_force_features_20251213_170535_123', 'ml_volume_force_predictions_20251213_170543_299', 'ml_volume_force_features_20251231_171818_197', 'ml_volume_force_predictions_20251231_172004_837', 'ml_volume_force_features_20251231_172800_942', 'ml_volume_force_predictions_20251231_172840_135'] INFO
[2026-01-01 01:29:41.086] 🐛 DEBUG: Found 7 versions in HDF5: ['ml_volume_force_features_20251213_163705_361', 'ml_volume_force_features_20251213_170535_123', 'ml_volume_force_features_20251231_171818_197', 'ml_volume_force_features_20251231_172800_942', 'ml_volume_force_predictions_20251213_170543_299', 'ml_volume_force_predictions_20251231_172004_837', 'ml_volume_force_predictions_20251231_172840_135'] INFO
2026-01-01 01:29:41,086 - System.tprint - INFO - ℹ️ 🐛 DEBUG: Found 7 versions in HDF5: ['ml_volume_force_features_20251213_163705_361', 'ml_volume_force_features_20251213_170535_123', 'ml_volume_force_features_20251231_171818_197', 'ml_volume_force_features_20251231_172800_942', 'ml_volume_force_predictions_20251213_170543_299', 'ml_volume_force_predictions_20251231_172004_837', 'ml_volume_force_predictions_20251231_172840_135'] INFO
[2026-01-01 01:29:41.086] 🐛 DEBUG: _load_metadata() checking versioned_artifacts/ETHUSDT_binance_15m_long_smc_regime/metadata.json INFO
2026-01-01 01:29:41,086 - System.tprint - INFO - ℹ️ 🐛 DEBUG: _load_metadata() checking versioned_artifacts/ETHUSDT_binance_15m_long_smc_regime/metadata.json INFO
[2026-01-01 01:29:41.086] 🐛 DEBUG: Metadata file exists, size: 9799 bytes INFO
2026-01-01 01:29:41,087 - System.tprint - INFO - ℹ️ 🐛 DEBUG: Metadata file exists, size: 9799 bytes INFO
[2026-01-01 01:29:41.087] 🐛 DEBUG: Successfully loaded metadata with 6 versions INFO
2026-01-01 01:29:41,087 - System.tprint - INFO - ℹ️ 🐛 DEBUG: Successfully loaded metadata with 6 versions INFO
[2026-01-01 01:29:41.087] 🐛 DEBUG: list_versions() called INFO
2026-01-01 01:29:41,087 - System.tprint - INFO - ℹ️ 🐛 DEBUG: list_versions() called INFO
[2026-01-01 01:29:41.087] 🐛 DEBUG: Metadata file exists: True INFO
2026-01-01 01:29:41,087 - System.tprint - INFO - ℹ️ 🐛 DEBUG: Metadata file exists: True INFO
[2026-01-01 01:29:41.087] 🐛 DEBUG: HDF5 file exists: True INFO
2026-01-01 01:29:41,087 - System.tprint - INFO - ℹ️ 🐛 DEBUG: HDF5 file exists: True INFO
[2026-01-01 01:29:41.087] 🐛 DEBUG: Reloading metadata to get latest versions INFO
2026-01-01 01:29:41,087 - System.tprint - INFO - ℹ️ 🐛 DEBUG: Reloading metadata to get latest versions INFO
[2026-01-01 01:29:41.087] 🐛 DEBUG: _load_metadata() checking versioned_artifacts/ETHUSDT_binance_15m_long_smc_regime/metadata.json INFO
2026-01-01 01:29:41,087 - System.tprint - INFO - ℹ️ 🐛 DEBUG: _load_metadata() checking versioned_artifacts/ETHUSDT_binance_15m_long_smc_regime/metadata.json INFO
[2026-01-01 01:29:41.087] 🐛 DEBUG: Metadata file exists, size: 9799 bytes INFO
2026-01-01 01:29:41,087 - System.tprint - INFO - ℹ️ 🐛 DEBUG: Metadata file exists, size: 9799 bytes INFO
[2026-01-01 01:29:41.087] 🐛 DEBUG: Successfully loaded metadata with 6 versions INFO
2026-01-01 01:29:41,087 - System.tprint - INFO - ℹ️ 🐛 DEBUG: Successfully loaded metadata with 6 versions INFO
[2026-01-01 01:29:41.087] 🐛 DEBUG: Found 6 versions in metadata: ['smc_predictions_with_confidence_20251213_170746_093', 'ml_smc_features_15m_20251213_170746_137', 'smc_predictions_with_confidence_20251231_171806_519', 'ml_smc_features_15m_20251231_171807_077', 'smc_predictions_with_confidence_20251231_172755_504', 'ml_smc_features_15m_20251231_172755_741'] INFO
2026-01-01 01:29:41,088 - System.tprint - INFO - ℹ️ 🐛 DEBUG: Found 6 versions in metadata: ['smc_predictions_with_confidence_20251213_170746_093', 'ml_smc_features_15m_20251213_170746_137', 'smc_predictions_with_confidence_20251231_171806_519', 'ml_smc_features_15m_20251231_171807_077', 'smc_predictions_with_confidence_20251231_172755_504', 'ml_smc_features_15m_20251231_172755_741'] INFO
[2026-01-01 01:29:41.088] 🐛 DEBUG: Found 6 versions in HDF5: ['ml_smc_features_15m_20251213_170746_137', 'ml_smc_features_15m_20251231_171807_077', 'ml_smc_features_15m_20251231_172755_741', 'smc_predictions_with_confidence_20251213_170746_093', 'smc_predictions_with_confidence_20251231_171806_519', 'smc_predictions_with_confidence_20251231_172755_504'] INFO
2026-01-01 01:29:41,088 - System.tprint - INFO - ℹ️ 🐛 DEBUG: Found 6 versions in HDF5: ['ml_smc_features_15m_20251213_170746_137', 'ml_smc_features_15m_20251231_171807_077', 'ml_smc_features_15m_20251231_172755_741', 'smc_predictions_with_confidence_20251213_170746_093', 'smc_predictions_with_confidence_20251231_171806_519', 'smc_predictions_with_confidence_20251231_172755_504'] INFO
[2026-01-01 01:29:41.088] 🐛 DEBUG: _load_metadata() checking versioned_artifacts/ETHUSDT_binance_15m_long_breakout_bounce/metadata.json INFO
2026-01-01 01:29:41,089 - System.tprint - INFO - ℹ️ 🐛 DEBUG: _load_metadata() checking versioned_artifacts/ETHUSDT_binance_15m_long_breakout_bounce/metadata.json INFO
[2026-01-01 01:29:41.088] 🐛 DEBUG: Metadata file exists, size: 200 bytes INFO
2026-01-01 01:29:41,089 - System.tprint - INFO - ℹ️ 🐛 DEBUG: Metadata file exists, size: 200 bytes INFO
[2026-01-01 01:29:41.088] 🐛 DEBUG: Successfully loaded metadata with 0 versions INFO
2026-01-01 01:29:41,089 - System.tprint - INFO - ℹ️ 🐛 DEBUG: Successfully loaded metadata with 0 versions INFO
[2026-01-01 01:29:41.088] 🐛 DEBUG: list_versions() called INFO
2026-01-01 01:29:41,089 - System.tprint - INFO - ℹ️ 🐛 DEBUG: list_versions() called INFO
[2026-01-01 01:29:41.088] 🐛 DEBUG: Metadata file exists: True INFO
2026-01-01 01:29:41,089 - System.tprint - INFO - ℹ️ 🐛 DEBUG: Metadata file exists: True INFO
[2026-01-01 01:29:41.089] 🐛 DEBUG: HDF5 file exists: True INFO
2026-01-01 01:29:41,089 - System.tprint - INFO - ℹ️ 🐛 DEBUG: HDF5 file exists: True INFO
[2026-01-01 01:29:41.089] 🐛 DEBUG: Reloading metadata to get latest versions INFO
2026-01-01 01:29:41,089 - System.tprint - INFO - ℹ️ 🐛 DEBUG: Reloading metadata to get latest versions INFO
[2026-01-01 01:29:41.089] 🐛 DEBUG: _load_metadata() checking versioned_artifacts/ETHUSDT_binance_15m_long_breakout_bounce/metadata.json INFO
2026-01-01 01:29:41,090 - System.tprint - INFO - ℹ️ 🐛 DEBUG: _load_metadata() checking versioned_artifacts/ETHUSDT_binance_15m_long_breakout_bounce/metadata.json INFO
[2026-01-01 01:29:41.089] 🐛 DEBUG: Metadata file exists, size: 200 bytes INFO
2026-01-01 01:29:41,090 - System.tprint - INFO - ℹ️ 🐛 DEBUG: Metadata file exists, size: 200 bytes INFO
[2026-01-01 01:29:41.089] 🐛 DEBUG: Successfully loaded metadata with 0 versions INFO
2026-01-01 01:29:41,090 - System.tprint - INFO - ℹ️ 🐛 DEBUG: Successfully loaded metadata with 0 versions INFO
[2026-01-01 01:29:41.089] 🐛 DEBUG: Found 0 versions in metadata: [] INFO
2026-01-01 01:29:41,090 - System.tprint - INFO - ℹ️ 🐛 DEBUG: Found 0 versions in metadata: [] INFO
[2026-01-01 01:29:41.089] 🐛 DEBUG: Found 0 versions in HDF5: [] INFO
2026-01-01 01:29:41,090 - System.tprint - INFO - ℹ️ 🐛 DEBUG: Found 0 versions in HDF5: [] INFO
[2026-01-01 01:29:41.091] 🐛 DEBUG: _load_metadata() checking versioned_artifacts/ETHUSDT_binance_1h_long_liquidity_regime/metadata.json INFO
2026-01-01 01:29:41,091 - System.tprint - INFO - ℹ️ 🐛 DEBUG: _load_metadata() checking versioned_artifacts/ETHUSDT_binance_1h_long_liquidity_regime/metadata.json INFO
[2026-01-01 01:29:41.091] 🐛 DEBUG: Metadata file exists, size: 200 bytes INFO
2026-01-01 01:29:41,091 - System.tprint - INFO - ℹ️ 🐛 DEBUG: Metadata file exists, size: 200 bytes INFO
[2026-01-01 01:29:41.091] 🐛 DEBUG: Successfully loaded metadata with 0 versions INFO
2026-01-01 01:29:41,091 - System.tprint - INFO - ℹ️ 🐛 DEBUG: Successfully loaded metadata with 0 versions INFO
[2026-01-01 01:29:41.091] 🐛 DEBUG: list_versions() called INFO
2026-01-01 01:29:41,091 - System.tprint - INFO - ℹ️ 🐛 DEBUG: list_versions() called INFO
[2026-01-01 01:29:41.091] 🐛 DEBUG: Metadata file exists: True INFO
2026-01-01 01:29:41,091 - System.tprint - INFO - ℹ️ 🐛 DEBUG: Metadata file exists: True INFO
[2026-01-01 01:29:41.091] 🐛 DEBUG: HDF5 file exists: True INFO
2026-01-01 01:29:41,091 - System.tprint - INFO - ℹ️ 🐛 DEBUG: HDF5 file exists: True INFO
[2026-01-01 01:29:41.091] 🐛 DEBUG: Reloading metadata to get latest versions INFO
2026-01-01 01:29:41,092 - System.tprint - INFO - ℹ️ 🐛 DEBUG: Reloading metadata to get latest versions INFO
[2026-01-01 01:29:41.091] 🐛 DEBUG: _load_metadata() checking versioned_artifacts/ETHUSDT_binance_1h_long_liquidity_regime/metadata.json INFO
2026-01-01 01:29:41,092 - System.tprint - INFO - ℹ️ 🐛 DEBUG: _load_metadata() checking versioned_artifacts/ETHUSDT_binance_1h_long_liquidity_regime/metadata.json INFO
[2026-01-01 01:29:41.091] 🐛 DEBUG: Metadata file exists, size: 200 bytes INFO
2026-01-01 01:29:41,092 - System.tprint - INFO - ℹ️ 🐛 DEBUG: Metadata file exists, size: 200 bytes INFO
[2026-01-01 01:29:41.091] 🐛 DEBUG: Successfully loaded metadata with 0 versions INFO
2026-01-01 01:29:41,092 - System.tprint - INFO - ℹ️ 🐛 DEBUG: Successfully loaded metadata with 0 versions INFO
[2026-01-01 01:29:41.091] 🐛 DEBUG: Found 0 versions in metadata: [] INFO
2026-01-01 01:29:41,092 - System.tprint - INFO - ℹ️ 🐛 DEBUG: Found 0 versions in metadata: [] INFO
[2026-01-01 01:29:41.093] 🐛 DEBUG: Found 0 versions in HDF5: [] INFO
2026-01-01 01:29:41,093 - System.tprint - INFO - ℹ️ 🐛 DEBUG: Found 0 versions in HDF5: [] INFO
[2026-01-01 01:29:41.093] 🐛 DEBUG: _load_metadata() checking versioned_artifacts/ETHUSDT_binance_15m_long_volatility_burst/metadata.json INFO
2026-01-01 01:29:41,093 - System.tprint - INFO - ℹ️ 🐛 DEBUG: _load_metadata() checking versioned_artifacts/ETHUSDT_binance_15m_long_volatility_burst/metadata.json INFO
[2026-01-01 01:29:41.093] 🐛 DEBUG: Metadata file does not exist, returning default metadata INFO
2026-01-01 01:29:41,093 - System.tprint - INFO - ℹ️ 🐛 DEBUG: Metadata file does not exist, returning default metadata INFO
[2026-01-01 01:29:41.093] 🐛 DEBUG: list_versions() called INFO
2026-01-01 01:29:41,093 - System.tprint - INFO - ℹ️ 🐛 DEBUG: list_versions() called INFO
[2026-01-01 01:29:41.093] 🐛 DEBUG: Metadata file exists: False INFO
2026-01-01 01:29:41,093 - System.tprint - INFO - ℹ️ 🐛 DEBUG: Metadata file exists: False INFO
[2026-01-01 01:29:41.093] 🐛 DEBUG: HDF5 file exists: True INFO
2026-01-01 01:29:41,093 - System.tprint - INFO - ℹ️ 🐛 DEBUG: HDF5 file exists: True INFO
[2026-01-01 01:29:41.094] 🐛 DEBUG: Reloading metadata to get latest versions INFO
2026-01-01 01:29:41,094 - System.tprint - INFO - ℹ️ 🐛 DEBUG: Reloading metadata to get latest versions INFO
[2026-01-01 01:29:41.094] 🐛 DEBUG: _load_metadata() checking versioned_artifacts/ETHUSDT_binance_15m_long_volatility_burst/metadata.json INFO
2026-01-01 01:29:41,094 - System.tprint - INFO - ℹ️ 🐛 DEBUG: _load_metadata() checking versioned_artifacts/ETHUSDT_binance_15m_long_volatility_burst/metadata.json INFO
[2026-01-01 01:29:41.094] 🐛 DEBUG: Metadata file does not exist, returning default metadata INFO
2026-01-01 01:29:41,094 - System.tprint - INFO - ℹ️ 🐛 DEBUG: Metadata file does not exist, returning default metadata INFO
[2026-01-01 01:29:41.094] 🐛 DEBUG: Found 0 versions in metadata: [] INFO
2026-01-01 01:29:41,094 - System.tprint - INFO - ℹ️ 🐛 DEBUG: Found 0 versions in metadata: [] INFO
[2026-01-01 01:29:41.094] 🐛 DEBUG: Found 0 versions in HDF5: [] INFO
2026-01-01 01:29:41,095 - System.tprint - INFO - ℹ️ 🐛 DEBUG: Found 0 versions in HDF5: [] INFO
[2026-01-01 01:29:41.095] 🐛 DEBUG: _load_metadata() checking versioned_artifacts/ETHUSDT_binance_1h_long_regime_alpha/metadata.json INFO
2026-01-01 01:29:41,095 - System.tprint - INFO - ℹ️ 🐛 DEBUG: _load_metadata() checking versioned_artifacts/ETHUSDT_binance_1h_long_regime_alpha/metadata.json INFO
[2026-01-01 01:29:41.095] 🐛 DEBUG: Metadata file exists, size: 6902 bytes INFO
2026-01-01 01:29:41,095 - System.tprint - INFO - ℹ️ 🐛 DEBUG: Metadata file exists, size: 6902 bytes INFO
[2026-01-01 01:29:41.095] 🐛 DEBUG: Successfully loaded metadata with 5 versions INFO
2026-01-01 01:29:41,095 - System.tprint - INFO - ℹ️ 🐛 DEBUG: Successfully loaded metadata with 5 versions INFO
[2026-01-01 01:29:41.095] 🐛 DEBUG: list_versions() called INFO
2026-01-01 01:29:41,096 - System.tprint - INFO - ℹ️ 🐛 DEBUG: list_versions() called INFO
[2026-01-01 01:29:41.095] 🐛 DEBUG: Metadata file exists: True INFO
2026-01-01 01:29:41,096 - System.tprint - INFO - ℹ️ 🐛 DEBUG: Metadata file exists: True INFO
[2026-01-01 01:29:41.095] 🐛 DEBUG: HDF5 file exists: True INFO
2026-01-01 01:29:41,096 - System.tprint - INFO - ℹ️ 🐛 DEBUG: HDF5 file exists: True INFO
[2026-01-01 01:29:41.095] 🐛 DEBUG: Reloading metadata to get latest versions INFO
2026-01-01 01:29:41,096 - System.tprint - INFO - ℹ️ 🐛 DEBUG: Reloading metadata to get latest versions INFO
[2026-01-01 01:29:41.095] 🐛 DEBUG: _load_metadata() checking versioned_artifacts/ETHUSDT_binance_1h_long_regime_alpha/metadata.json INFO
2026-01-01 01:29:41,096 - System.tprint - INFO - ℹ️ 🐛 DEBUG: _load_metadata() checking versioned_artifacts/ETHUSDT_binance_1h_long_regime_alpha/metadata.json INFO
[2026-01-01 01:29:41.095] 🐛 DEBUG: Metadata file exists, size: 6902 bytes INFO
2026-01-01 01:29:41,096 - System.tprint - INFO - ℹ️ 🐛 DEBUG: Metadata file exists, size: 6902 bytes INFO
[2026-01-01 01:29:41.096] 🐛 DEBUG: Successfully loaded metadata with 5 versions INFO
2026-01-01 01:29:41,096 - System.tprint - INFO - ℹ️ 🐛 DEBUG: Successfully loaded metadata with 5 versions INFO
[2026-01-01 01:29:41.096] 🐛 DEBUG: Found 5 versions in metadata: ['hmm_alpha_regime_stats_1h_20251122_151841_186', 'hmm_alpha_training_data_1h_20251122_164502_922', 'hmm_alpha_regime_stats_1h_20251122_164502_963', 'hmm_alpha_training_data_1h_20251122_171931_773', 'hmm_alpha_regime_stats_1h_20251122_171931_857'] INFO
2026-01-01 01:29:41,096 - System.tprint - INFO - ℹ️ 🐛 DEBUG: Found 5 versions in metadata: ['hmm_alpha_regime_stats_1h_20251122_151841_186', 'hmm_alpha_training_data_1h_20251122_164502_922', 'hmm_alpha_regime_stats_1h_20251122_164502_963', 'hmm_alpha_training_data_1h_20251122_171931_773', 'hmm_alpha_regime_stats_1h_20251122_171931_857'] INFO
[2026-01-01 01:29:41.097] 🐛 DEBUG: Found 5 versions in HDF5: ['hmm_alpha_regime_stats_1h_20251122_151841_186', 'hmm_alpha_regime_stats_1h_20251122_164502_963', 'hmm_alpha_regime_stats_1h_20251122_171931_857', 'hmm_alpha_training_data_1h_20251122_164502_922', 'hmm_alpha_training_data_1h_20251122_171931_773'] INFO
2026-01-01 01:29:41,097 - System.tprint - INFO - ℹ️ 🐛 DEBUG: Found 5 versions in HDF5: ['hmm_alpha_regime_stats_1h_20251122_151841_186', 'hmm_alpha_regime_stats_1h_20251122_164502_963', 'hmm_alpha_regime_stats_1h_20251122_171931_857', 'hmm_alpha_training_data_1h_20251122_164502_922', 'hmm_alpha_training_data_1h_20251122_171931_773'] INFO
[2026-01-01 01:29:41.097] 🐛 DEBUG: _load_metadata() checking versioned_artifacts/ETHUSDT_binance_1h_long_analyst/metadata.json INFO
2026-01-01 01:29:41,098 - System.tprint - INFO - ℹ️ 🐛 DEBUG: _load_metadata() checking versioned_artifacts/ETHUSDT_binance_1h_long_analyst/metadata.json INFO
[2026-01-01 01:29:41.097] 🐛 DEBUG: Metadata file exists, size: 139 bytes INFO
2026-01-01 01:29:41,098 - System.tprint - INFO - ℹ️ 🐛 DEBUG: Metadata file exists, size: 139 bytes INFO
[2026-01-01 01:29:41.097] 🐛 DEBUG: Successfully loaded metadata with 0 versions INFO
2026-01-01 01:29:41,098 - System.tprint - INFO - ℹ️ 🐛 DEBUG: Successfully loaded metadata with 0 versions INFO
[2026-01-01 01:29:41.097] 🐛 DEBUG: list_versions() called INFO
2026-01-01 01:29:41,098 - System.tprint - INFO - ℹ️ 🐛 DEBUG: list_versions() called INFO
[2026-01-01 01:29:41.098] 🐛 DEBUG: Metadata file exists: True INFO
2026-01-01 01:29:41,098 - System.tprint - INFO - ℹ️ 🐛 DEBUG: Metadata file exists: True INFO
[2026-01-01 01:29:41.098] 🐛 DEBUG: HDF5 file exists: True INFO
2026-01-01 01:29:41,098 - System.tprint - INFO - ℹ️ 🐛 DEBUG: HDF5 file exists: True INFO
[2026-01-01 01:29:41.098] 🐛 DEBUG: Reloading metadata to get latest versions INFO
2026-01-01 01:29:41,099 - System.tprint - INFO - ℹ️ 🐛 DEBUG: Reloading metadata to get latest versions INFO
[2026-01-01 01:29:41.098] 🐛 DEBUG: _load_metadata() checking versioned_artifacts/ETHUSDT_binance_1h_long_analyst/metadata.json INFO
2026-01-01 01:29:41,099 - System.tprint - INFO - ℹ️ 🐛 DEBUG: _load_metadata() checking versioned_artifacts/ETHUSDT_binance_1h_long_analyst/metadata.json INFO
[2026-01-01 01:29:41.098] 🐛 DEBUG: Metadata file exists, size: 139 bytes INFO
2026-01-01 01:29:41,099 - System.tprint - INFO - ℹ️ 🐛 DEBUG: Metadata file exists, size: 139 bytes INFO
[2026-01-01 01:29:41.098] 🐛 DEBUG: Successfully loaded metadata with 0 versions INFO
2026-01-01 01:29:41,099 - System.tprint - INFO - ℹ️ 🐛 DEBUG: Successfully loaded metadata with 0 versions INFO
[2026-01-01 01:29:41.098] 🐛 DEBUG: Found 0 versions in metadata: [] INFO
2026-01-01 01:29:41,099 - System.tprint - INFO - ℹ️ 🐛 DEBUG: Found 0 versions in metadata: [] INFO
[2026-01-01 01:29:41.098] 🐛 DEBUG: Found 0 versions in HDF5: [] INFO
2026-01-01 01:29:41,099 - System.tprint - INFO - ℹ️ 🐛 DEBUG: Found 0 versions in HDF5: [] INFO
[2026-01-01 01:29:41.100] 🐛 DEBUG: _load_metadata() checking versioned_artifacts/ETHUSDT_binance_1h_long_regime_path/metadata.json INFO
2026-01-01 01:29:41,100 - System.tprint - INFO - ℹ️ 🐛 DEBUG: _load_metadata() checking versioned_artifacts/ETHUSDT_binance_1h_long_regime_path/metadata.json INFO
[2026-01-01 01:29:41.100] 🐛 DEBUG: Metadata file exists, size: 200 bytes INFO
2026-01-01 01:29:41,100 - System.tprint - INFO - ℹ️ 🐛 DEBUG: Metadata file exists, size: 200 bytes INFO
[2026-01-01 01:29:41.100] 🐛 DEBUG: Successfully loaded metadata with 0 versions INFO
2026-01-01 01:29:41,100 - System.tprint - INFO - ℹ️ 🐛 DEBUG: Successfully loaded metadata with 0 versions INFO
[2026-01-01 01:29:41.100] 🐛 DEBUG: list_versions() called INFO
2026-01-01 01:29:41,100 - System.tprint - INFO - ℹ️ 🐛 DEBUG: list_versions() called INFO
[2026-01-01 01:29:41.100] 🐛 DEBUG: Metadata file exists: True INFO
2026-01-01 01:29:41,100 - System.tprint - INFO - ℹ️ 🐛 DEBUG: Metadata file exists: True INFO
[2026-01-01 01:29:41.100] 🐛 DEBUG: HDF5 file exists: True INFO
2026-01-01 01:29:41,100 - System.tprint - INFO - ℹ️ 🐛 DEBUG: HDF5 file exists: True INFO
[2026-01-01 01:29:41.100] 🐛 DEBUG: Reloading metadata to get latest versions INFO
2026-01-01 01:29:41,100 - System.tprint - INFO - ℹ️ 🐛 DEBUG: Reloading metadata to get latest versions INFO
[2026-01-01 01:29:41.100] 🐛 DEBUG: _load_metadata() checking versioned_artifacts/ETHUSDT_binance_1h_long_regime_path/metadata.json INFO
2026-01-01 01:29:41,100 - System.tprint - INFO - ℹ️ 🐛 DEBUG: _load_metadata() checking versioned_artifacts/ETHUSDT_binance_1h_long_regime_path/metadata.json INFO
[2026-01-01 01:29:41.100] 🐛 DEBUG: Metadata file exists, size: 200 bytes INFO
2026-01-01 01:29:41,101 - System.tprint - INFO - ℹ️ 🐛 DEBUG: Metadata file exists, size: 200 bytes INFO
[2026-01-01 01:29:41.100] 🐛 DEBUG: Successfully loaded metadata with 0 versions INFO
2026-01-01 01:29:41,101 - System.tprint - INFO - ℹ️ 🐛 DEBUG: Successfully loaded metadata with 0 versions INFO
[2026-01-01 01:29:41.100] 🐛 DEBUG: Found 0 versions in metadata: [] INFO
2026-01-01 01:29:41,101 - System.tprint - INFO - ℹ️ 🐛 DEBUG: Found 0 versions in metadata: [] INFO
[2026-01-01 01:29:41.101] 🐛 DEBUG: Found 0 versions in HDF5: [] INFO
2026-01-01 01:29:41,101 - System.tprint - INFO - ℹ️ 🐛 DEBUG: Found 0 versions in HDF5: [] INFO
[2026-01-01 01:29:41.101] 🐛 DEBUG: _load_metadata() checking versioned_artifacts/None_None_None_long_regime/metadata.json INFO
2026-01-01 01:29:41,102 - System.tprint - INFO - ℹ️ 🐛 DEBUG: _load_metadata() checking versioned_artifacts/None_None_None_long_regime/metadata.json INFO
[2026-01-01 01:29:41.101] 🐛 DEBUG: Metadata file exists, size: 139 bytes INFO
2026-01-01 01:29:41,102 - System.tprint - INFO - ℹ️ 🐛 DEBUG: Metadata file exists, size: 139 bytes INFO
[2026-01-01 01:29:41.101] 🐛 DEBUG: Successfully loaded metadata with 0 versions INFO
2026-01-01 01:29:41,102 - System.tprint - INFO - ℹ️ 🐛 DEBUG: Successfully loaded metadata with 0 versions INFO
[2026-01-01 01:29:41.101] 🐛 DEBUG: list_versions() called INFO
2026-01-01 01:29:41,102 - System.tprint - INFO - ℹ️ 🐛 DEBUG: list_versions() called INFO
[2026-01-01 01:29:41.101] 🐛 DEBUG: Metadata file exists: True INFO
2026-01-01 01:29:41,102 - System.tprint - INFO - ℹ️ 🐛 DEBUG: Metadata file exists: True INFO
[2026-01-01 01:29:41.102] 🐛 DEBUG: HDF5 file exists: True INFO
2026-01-01 01:29:41,102 - System.tprint - INFO - ℹ️ 🐛 DEBUG: HDF5 file exists: True INFO
[2026-01-01 01:29:41.102] 🐛 DEBUG: Reloading metadata to get latest versions INFO
2026-01-01 01:29:41,102 - System.tprint - INFO - ℹ️ 🐛 DEBUG: Reloading metadata to get latest versions INFO
[2026-01-01 01:29:41.102] 🐛 DEBUG: _load_metadata() checking versioned_artifacts/None_None_None_long_regime/metadata.json INFO
2026-01-01 01:29:41,102 - System.tprint - INFO - ℹ️ 🐛 DEBUG: _load_metadata() checking versioned_artifacts/None_None_None_long_regime/metadata.json INFO
[2026-01-01 01:29:41.102] 🐛 DEBUG: Metadata file exists, size: 139 bytes INFO
2026-01-01 01:29:41,102 - System.tprint - INFO - ℹ️ 🐛 DEBUG: Metadata file exists, size: 139 bytes INFO
[2026-01-01 01:29:41.102] 🐛 DEBUG: Successfully loaded metadata with 0 versions INFO
2026-01-01 01:29:41,102 - System.tprint - INFO - ℹ️ 🐛 DEBUG: Successfully loaded metadata with 0 versions INFO
[2026-01-01 01:29:41.102] 🐛 DEBUG: Found 0 versions in metadata: [] INFO
2026-01-01 01:29:41,103 - System.tprint - INFO - ℹ️ 🐛 DEBUG: Found 0 versions in metadata: [] INFO
[2026-01-01 01:29:41.102] 🐛 DEBUG: Found 0 versions in HDF5: [] INFO
2026-01-01 01:29:41,103 - System.tprint - INFO - ℹ️ 🐛 DEBUG: Found 0 versions in HDF5: [] INFO
[2026-01-01 01:29:41.103] 🐛 DEBUG: _load_metadata() checking versioned_artifacts/ETHUSDT_binance_1h_long_mean_reversion/metadata.json INFO
2026-01-01 01:29:41,103 - System.tprint - INFO - ℹ️ 🐛 DEBUG: _load_metadata() checking versioned_artifacts/ETHUSDT_binance_1h_long_mean_reversion/metadata.json INFO
[2026-01-01 01:29:41.103] 🐛 DEBUG: Metadata file exists, size: 3914 bytes INFO
2026-01-01 01:29:41,103 - System.tprint - INFO - ℹ️ 🐛 DEBUG: Metadata file exists, size: 3914 bytes INFO
[2026-01-01 01:29:41.103] 🐛 DEBUG: Successfully loaded metadata with 5 versions INFO
2026-01-01 01:29:41,104 - System.tprint - INFO - ℹ️ 🐛 DEBUG: Successfully loaded metadata with 5 versions INFO
[2026-01-01 01:29:41.103] 🐛 DEBUG: list_versions() called INFO
2026-01-01 01:29:41,104 - System.tprint - INFO - ℹ️ 🐛 DEBUG: list_versions() called INFO
[2026-01-01 01:29:41.103] 🐛 DEBUG: Metadata file exists: True INFO
2026-01-01 01:29:41,104 - System.tprint - INFO - ℹ️ 🐛 DEBUG: Metadata file exists: True INFO
[2026-01-01 01:29:41.103] 🐛 DEBUG: HDF5 file exists: True INFO
2026-01-01 01:29:41,104 - System.tprint - INFO - ℹ️ 🐛 DEBUG: HDF5 file exists: True INFO
[2026-01-01 01:29:41.103] 🐛 DEBUG: Reloading metadata to get latest versions INFO
2026-01-01 01:29:41,104 - System.tprint - INFO - ℹ️ 🐛 DEBUG: Reloading metadata to get latest versions INFO
[2026-01-01 01:29:41.103] 🐛 DEBUG: _load_metadata() checking versioned_artifacts/ETHUSDT_binance_1h_long_mean_reversion/metadata.json INFO
2026-01-01 01:29:41,104 - System.tprint - INFO - ℹ️ 🐛 DEBUG: _load_metadata() checking versioned_artifacts/ETHUSDT_binance_1h_long_mean_reversion/metadata.json INFO
[2026-01-01 01:29:41.103] 🐛 DEBUG: Metadata file exists, size: 3914 bytes INFO
2026-01-01 01:29:41,104 - System.tprint - INFO - ℹ️ 🐛 DEBUG: Metadata file exists, size: 3914 bytes INFO
[2026-01-01 01:29:41.103] 🐛 DEBUG: Successfully loaded metadata with 5 versions INFO
2026-01-01 01:29:41,104 - System.tprint - INFO - ℹ️ 🐛 DEBUG: Successfully loaded metadata with 5 versions INFO
[2026-01-01 01:29:41.104] 🐛 DEBUG: Found 5 versions in metadata: ['ml_mean_reversion_training_data_1h_20251124_231116_323', 'ml_mean_reversion_training_data_1h_20251125_001022_753', 'ml_mean_reversion_training_data_1h_20251125_002337_863', 'ml_mean_reversion_training_data_1h_20251125_003116_776', 'ml_mean_reversion_training_data_1h_20251126_003120_916'] INFO
2026-01-01 01:29:41,104 - System.tprint - INFO - ℹ️ 🐛 DEBUG: Found 5 versions in metadata: ['ml_mean_reversion_training_data_1h_20251124_231116_323', 'ml_mean_reversion_training_data_1h_20251125_001022_753', 'ml_mean_reversion_training_data_1h_20251125_002337_863', 'ml_mean_reversion_training_data_1h_20251125_003116_776', 'ml_mean_reversion_training_data_1h_20251126_003120_916'] INFO
[2026-01-01 01:29:41.104] 🐛 DEBUG: Found 5 versions in HDF5: ['ml_mean_reversion_training_data_1h_20251124_231116_323', 'ml_mean_reversion_training_data_1h_20251125_001022_753', 'ml_mean_reversion_training_data_1h_20251125_002337_863', 'ml_mean_reversion_training_data_1h_20251125_003116_776', 'ml_mean_reversion_training_data_1h_20251126_003120_916'] INFO
2026-01-01 01:29:41,105 - System.tprint - INFO - ℹ️ 🐛 DEBUG: Found 5 versions in HDF5: ['ml_mean_reversion_training_data_1h_20251124_231116_323', 'ml_mean_reversion_training_data_1h_20251125_001022_753', 'ml_mean_reversion_training_data_1h_20251125_002337_863', 'ml_mean_reversion_training_data_1h_20251125_003116_776', 'ml_mean_reversion_training_data_1h_20251126_003120_916'] INFO
[2026-01-01 01:29:41.106] 🐛 DEBUG: _load_metadata() checking versioned_artifacts/ETHUSDT_binance_15m_long_mean_reversion/metadata.json INFO
2026-01-01 01:29:41,106 - System.tprint - INFO - ℹ️ 🐛 DEBUG: _load_metadata() checking versioned_artifacts/ETHUSDT_binance_15m_long_mean_reversion/metadata.json INFO
[2026-01-01 01:29:41.106] 🐛 DEBUG: Metadata file exists, size: 1472 bytes INFO
2026-01-01 01:29:41,106 - System.tprint - INFO - ℹ️ 🐛 DEBUG: Metadata file exists, size: 1472 bytes INFO
[2026-01-01 01:29:41.106] 🐛 DEBUG: Successfully loaded metadata with 1 versions INFO
2026-01-01 01:29:41,106 - System.tprint - INFO - ℹ️ 🐛 DEBUG: Successfully loaded metadata with 1 versions INFO
[2026-01-01 01:29:41.106] 🐛 DEBUG: list_versions() called INFO
2026-01-01 01:29:41,106 - System.tprint - INFO - ℹ️ 🐛 DEBUG: list_versions() called INFO
[2026-01-01 01:29:41.106] 🐛 DEBUG: Metadata file exists: True INFO
2026-01-01 01:29:41,106 - System.tprint - INFO - ℹ️ 🐛 DEBUG: Metadata file exists: True INFO
[2026-01-01 01:29:41.106] 🐛 DEBUG: HDF5 file exists: True INFO
2026-01-01 01:29:41,106 - System.tprint - INFO - ℹ️ 🐛 DEBUG: HDF5 file exists: True INFO
[2026-01-01 01:29:41.106] 🐛 DEBUG: Reloading metadata to get latest versions INFO
2026-01-01 01:29:41,106 - System.tprint - INFO - ℹ️ 🐛 DEBUG: Reloading metadata to get latest versions INFO
[2026-01-01 01:29:41.106] 🐛 DEBUG: _load_metadata() checking versioned_artifacts/ETHUSDT_binance_15m_long_mean_reversion/metadata.json INFO
2026-01-01 01:29:41,106 - System.tprint - INFO - ℹ️ 🐛 DEBUG: _load_metadata() checking versioned_artifacts/ETHUSDT_binance_15m_long_mean_reversion/metadata.json INFO
[2026-01-01 01:29:41.106] 🐛 DEBUG: Metadata file exists, size: 1472 bytes INFO
2026-01-01 01:29:41,106 - System.tprint - INFO - ℹ️ 🐛 DEBUG: Metadata file exists, size: 1472 bytes INFO
[2026-01-01 01:29:41.106] 🐛 DEBUG: Successfully loaded metadata with 1 versions INFO
2026-01-01 01:29:41,107 - System.tprint - INFO - ℹ️ 🐛 DEBUG: Successfully loaded metadata with 1 versions INFO
[2026-01-01 01:29:41.106] 🐛 DEBUG: Found 1 versions in metadata: ['ml_mean_reversion_training_data_15m_20251213_170600_968'] INFO
2026-01-01 01:29:41,107 - System.tprint - INFO - ℹ️ 🐛 DEBUG: Found 1 versions in metadata: ['ml_mean_reversion_training_data_15m_20251213_170600_968'] INFO
[2026-01-01 01:29:41.108] 🐛 DEBUG: Found 1 versions in HDF5: ['ml_mean_reversion_training_data_15m_20251213_170600_968'] INFO
2026-01-01 01:29:41,108 - System.tprint - INFO - ℹ️ 🐛 DEBUG: Found 1 versions in HDF5: ['ml_mean_reversion_training_data_15m_20251213_170600_968'] INFO
[2026-01-01 01:29:41.108] 🐛 DEBUG: _load_metadata() checking versioned_artifacts/ETHUSDT_binance_15m_long_full/metadata.json INFO
2026-01-01 01:29:41,108 - System.tprint - INFO - ℹ️ 🐛 DEBUG: _load_metadata() checking versioned_artifacts/ETHUSDT_binance_15m_long_full/metadata.json INFO
[2026-01-01 01:29:41.108] 🐛 DEBUG: Metadata file exists, size: 139 bytes INFO
2026-01-01 01:29:41,108 - System.tprint - INFO - ℹ️ 🐛 DEBUG: Metadata file exists, size: 139 bytes INFO
[2026-01-01 01:29:41.108] 🐛 DEBUG: Successfully loaded metadata with 0 versions INFO
2026-01-01 01:29:41,109 - System.tprint - INFO - ℹ️ 🐛 DEBUG: Successfully loaded metadata with 0 versions INFO
[2026-01-01 01:29:41.108] 🐛 DEBUG: list_versions() called INFO
2026-01-01 01:29:41,109 - System.tprint - INFO - ℹ️ 🐛 DEBUG: list_versions() called INFO
[2026-01-01 01:29:41.108] 🐛 DEBUG: Metadata file exists: True INFO
2026-01-01 01:29:41,109 - System.tprint - INFO - ℹ️ 🐛 DEBUG: Metadata file exists: True INFO
[2026-01-01 01:29:41.109] 🐛 DEBUG: HDF5 file exists: True INFO
2026-01-01 01:29:41,109 - System.tprint - INFO - ℹ️ 🐛 DEBUG: HDF5 file exists: True INFO
[2026-01-01 01:29:41.109] 🐛 DEBUG: Reloading metadata to get latest versions INFO
2026-01-01 01:29:41,109 - System.tprint - INFO - ℹ️ 🐛 DEBUG: Reloading metadata to get latest versions INFO
[2026-01-01 01:29:41.109] 🐛 DEBUG: _load_metadata() checking versioned_artifacts/ETHUSDT_binance_15m_long_full/metadata.json INFO
2026-01-01 01:29:41,109 - System.tprint - INFO - ℹ️ 🐛 DEBUG: _load_metadata() checking versioned_artifacts/ETHUSDT_binance_15m_long_full/metadata.json INFO
[2026-01-01 01:29:41.109] 🐛 DEBUG: Metadata file exists, size: 139 bytes INFO
2026-01-01 01:29:41,109 - System.tprint - INFO - ℹ️ 🐛 DEBUG: Metadata file exists, size: 139 bytes INFO
[2026-01-01 01:29:41.109] 🐛 DEBUG: Successfully loaded metadata with 0 versions INFO
2026-01-01 01:29:41,109 - System.tprint - INFO - ℹ️ 🐛 DEBUG: Successfully loaded metadata with 0 versions INFO
[2026-01-01 01:29:41.109] 🐛 DEBUG: Found 0 versions in metadata: [] INFO
2026-01-01 01:29:41,109 - System.tprint - INFO - ℹ️ 🐛 DEBUG: Found 0 versions in metadata: [] INFO
[2026-01-01 01:29:41.109] 🐛 DEBUG: Found 0 versions in HDF5: [] INFO
2026-01-01 01:29:41,110 - System.tprint - INFO - ℹ️ 🐛 DEBUG: Found 0 versions in HDF5: [] INFO
[2026-01-01 01:29:41.110] 🐛 DEBUG: _load_metadata() checking versioned_artifacts/ETHUSDT_binance_15m_long_ml_smc_regime/metadata.json INFO
2026-01-01 01:29:41,110 - System.tprint - INFO - ℹ️ 🐛 DEBUG: _load_metadata() checking versioned_artifacts/ETHUSDT_binance_15m_long_ml_smc_regime/metadata.json INFO
[2026-01-01 01:29:41.110] 🐛 DEBUG: Metadata file does not exist, returning default metadata INFO
2026-01-01 01:29:41,110 - System.tprint - INFO - ℹ️ 🐛 DEBUG: Metadata file does not exist, returning default metadata INFO
[2026-01-01 01:29:41.110] 🐛 DEBUG: list_versions() called INFO
2026-01-01 01:29:41,110 - System.tprint - INFO - ℹ️ 🐛 DEBUG: list_versions() called INFO
[2026-01-01 01:29:41.110] 🐛 DEBUG: Metadata file exists: False INFO
2026-01-01 01:29:41,110 - System.tprint - INFO - ℹ️ 🐛 DEBUG: Metadata file exists: False INFO
[2026-01-01 01:29:41.110] 🐛 DEBUG: HDF5 file exists: True INFO
2026-01-01 01:29:41,110 - System.tprint - INFO - ℹ️ 🐛 DEBUG: HDF5 file exists: True INFO
[2026-01-01 01:29:41.110] 🐛 DEBUG: Reloading metadata to get latest versions INFO
2026-01-01 01:29:41,111 - System.tprint - INFO - ℹ️ 🐛 DEBUG: Reloading metadata to get latest versions INFO
[2026-01-01 01:29:41.110] 🐛 DEBUG: _load_metadata() checking versioned_artifacts/ETHUSDT_binance_15m_long_ml_smc_regime/metadata.json INFO
2026-01-01 01:29:41,111 - System.tprint - INFO - ℹ️ 🐛 DEBUG: _load_metadata() checking versioned_artifacts/ETHUSDT_binance_15m_long_ml_smc_regime/metadata.json INFO
[2026-01-01 01:29:41.110] 🐛 DEBUG: Metadata file does not exist, returning default metadata INFO
2026-01-01 01:29:41,111 - System.tprint - INFO - ℹ️ 🐛 DEBUG: Metadata file does not exist, returning default metadata INFO
[2026-01-01 01:29:41.110] 🐛 DEBUG: Found 0 versions in metadata: [] INFO
2026-01-01 01:29:41,111 - System.tprint - INFO - ℹ️ 🐛 DEBUG: Found 0 versions in metadata: [] INFO
[2026-01-01 01:29:41.112] 🐛 DEBUG: Found 0 versions in HDF5: [] INFO
2026-01-01 01:29:41,112 - System.tprint - INFO - ℹ️ 🐛 DEBUG: Found 0 versions in HDF5: [] INFO
[2026-01-01 01:29:41.112] 🐛 DEBUG: _load_metadata() checking versioned_artifacts/ETHUSDT_binance_15m_long_regime_meso_trend/metadata.json INFO
2026-01-01 01:29:41,112 - System.tprint - INFO - ℹ️ 🐛 DEBUG: _load_metadata() checking versioned_artifacts/ETHUSDT_binance_15m_long_regime_meso_trend/metadata.json INFO
[2026-01-01 01:29:41.112] 🐛 DEBUG: Metadata file exists, size: 139 bytes INFO
2026-01-01 01:29:41,112 - System.tprint - INFO - ℹ️ 🐛 DEBUG: Metadata file exists, size: 139 bytes INFO
[2026-01-01 01:29:41.112] 🐛 DEBUG: Successfully loaded metadata with 0 versions INFO
2026-01-01 01:29:41,113 - System.tprint - INFO - ℹ️ 🐛 DEBUG: Successfully loaded metadata with 0 versions INFO
[2026-01-01 01:29:41.112] 🐛 DEBUG: list_versions() called INFO
2026-01-01 01:29:41,113 - System.tprint - INFO - ℹ️ 🐛 DEBUG: list_versions() called INFO
[2026-01-01 01:29:41.112] 🐛 DEBUG: Metadata file exists: True INFO
2026-01-01 01:29:41,113 - System.tprint - INFO - ℹ️ 🐛 DEBUG: Metadata file exists: True INFO
[2026-01-01 01:29:41.113] 🐛 DEBUG: HDF5 file exists: True INFO
2026-01-01 01:29:41,113 - System.tprint - INFO - ℹ️ 🐛 DEBUG: HDF5 file exists: True INFO
[2026-01-01 01:29:41.113] 🐛 DEBUG: Reloading metadata to get latest versions INFO
2026-01-01 01:29:41,113 - System.tprint - INFO - ℹ️ 🐛 DEBUG: Reloading metadata to get latest versions INFO
[2026-01-01 01:29:41.113] 🐛 DEBUG: _load_metadata() checking versioned_artifacts/ETHUSDT_binance_15m_long_regime_meso_trend/metadata.json INFO
2026-01-01 01:29:41,113 - System.tprint - INFO - ℹ️ 🐛 DEBUG: _load_metadata() checking versioned_artifacts/ETHUSDT_binance_15m_long_regime_meso_trend/metadata.json INFO
[2026-01-01 01:29:41.113] 🐛 DEBUG: Metadata file exists, size: 139 bytes INFO
2026-01-01 01:29:41,113 - System.tprint - INFO - ℹ️ 🐛 DEBUG: Metadata file exists, size: 139 bytes INFO
[2026-01-01 01:29:41.113] 🐛 DEBUG: Successfully loaded metadata with 0 versions INFO
2026-01-01 01:29:41,113 - System.tprint - INFO - ℹ️ 🐛 DEBUG: Successfully loaded metadata with 0 versions INFO
[2026-01-01 01:29:41.113] 🐛 DEBUG: Found 0 versions in metadata: [] INFO
2026-01-01 01:29:41,113 - System.tprint - INFO - ℹ️ 🐛 DEBUG: Found 0 versions in metadata: [] INFO
[2026-01-01 01:29:41.113] 🐛 DEBUG: Found 0 versions in HDF5: [] INFO
2026-01-01 01:29:41,114 - System.tprint - INFO - ℹ️ 🐛 DEBUG: Found 0 versions in HDF5: [] INFO
[2026-01-01 01:29:41.114] 🐛 DEBUG: _load_metadata() checking versioned_artifacts/ETHUSDT_binance_15m_long_regime/metadata.json INFO
2026-01-01 01:29:41,114 - System.tprint - INFO - ℹ️ 🐛 DEBUG: _load_metadata() checking versioned_artifacts/ETHUSDT_binance_15m_long_regime/metadata.json INFO
[2026-01-01 01:29:41.114] 🐛 DEBUG: Metadata file exists, size: 200 bytes INFO
2026-01-01 01:29:41,114 - System.tprint - INFO - ℹ️ 🐛 DEBUG: Metadata file exists, size: 200 bytes INFO
[2026-01-01 01:29:41.114] 🐛 DEBUG: Successfully loaded metadata with 0 versions INFO
2026-01-01 01:29:41,114 - System.tprint - INFO - ℹ️ 🐛 DEBUG: Successfully loaded metadata with 0 versions INFO
[2026-01-01 01:29:41.114] 🐛 DEBUG: list_versions() called INFO
2026-01-01 01:29:41,114 - System.tprint - INFO - ℹ️ 🐛 DEBUG: list_versions() called INFO
[2026-01-01 01:29:41.114] 🐛 DEBUG: Metadata file exists: True INFO
2026-01-01 01:29:41,115 - System.tprint - INFO - ℹ️ 🐛 DEBUG: Metadata file exists: True INFO
[2026-01-01 01:29:41.114] 🐛 DEBUG: HDF5 file exists: True INFO
2026-01-01 01:29:41,115 - System.tprint - INFO - ℹ️ 🐛 DEBUG: HDF5 file exists: True INFO
[2026-01-01 01:29:41.114] 🐛 DEBUG: Reloading metadata to get latest versions INFO
2026-01-01 01:29:41,115 - System.tprint - INFO - ℹ️ 🐛 DEBUG: Reloading metadata to get latest versions INFO
[2026-01-01 01:29:41.114] 🐛 DEBUG: _load_metadata() checking versioned_artifacts/ETHUSDT_binance_15m_long_regime/metadata.json INFO
2026-01-01 01:29:41,115 - System.tprint - INFO - ℹ️ 🐛 DEBUG: _load_metadata() checking versioned_artifacts/ETHUSDT_binance_15m_long_regime/metadata.json INFO
[2026-01-01 01:29:41.114] 🐛 DEBUG: Metadata file exists, size: 200 bytes INFO
2026-01-01 01:29:41,115 - System.tprint - INFO - ℹ️ 🐛 DEBUG: Metadata file exists, size: 200 bytes INFO
[2026-01-01 01:29:41.114] 🐛 DEBUG: Successfully loaded metadata with 0 versions INFO
2026-01-01 01:29:41,115 - System.tprint - INFO - ℹ️ 🐛 DEBUG: Successfully loaded metadata with 0 versions INFO
[2026-01-01 01:29:41.115] 🐛 DEBUG: Found 0 versions in metadata: [] INFO
2026-01-01 01:29:41,115 - System.tprint - INFO - ℹ️ 🐛 DEBUG: Found 0 versions in metadata: [] INFO
[2026-01-01 01:29:41.115] 🐛 DEBUG: Found 0 versions in HDF5: [] INFO
2026-01-01 01:29:41,116 - System.tprint - INFO - ℹ️ 🐛 DEBUG: Found 0 versions in HDF5: [] INFO
[2026-01-01 01:29:41.116] 🐛 DEBUG: _load_metadata() checking versioned_artifacts/ETHUSDT_binance_1h_long_smc_regime/metadata.json INFO
2026-01-01 01:29:41,116 - System.tprint - INFO - ℹ️ 🐛 DEBUG: _load_metadata() checking versioned_artifacts/ETHUSDT_binance_1h_long_smc_regime/metadata.json INFO
[2026-01-01 01:29:41.116] 🐛 DEBUG: Metadata file exists, size: 3536 bytes INFO
2026-01-01 01:29:41,116 - System.tprint - INFO - ℹ️ 🐛 DEBUG: Metadata file exists, size: 3536 bytes INFO
[2026-01-01 01:29:41.116] 🐛 DEBUG: Successfully loaded metadata with 5 versions INFO
2026-01-01 01:29:41,117 - System.tprint - INFO - ℹ️ 🐛 DEBUG: Successfully loaded metadata with 5 versions INFO
[2026-01-01 01:29:41.116] 🐛 DEBUG: list_versions() called INFO
2026-01-01 01:29:41,117 - System.tprint - INFO - ℹ️ 🐛 DEBUG: list_versions() called INFO
[2026-01-01 01:29:41.116] 🐛 DEBUG: Metadata file exists: True INFO
2026-01-01 01:29:41,117 - System.tprint - INFO - ℹ️ 🐛 DEBUG: Metadata file exists: True INFO
[2026-01-01 01:29:41.116] 🐛 DEBUG: HDF5 file exists: True INFO
2026-01-01 01:29:41,117 - System.tprint - INFO - ℹ️ 🐛 DEBUG: HDF5 file exists: True INFO
[2026-01-01 01:29:41.116] 🐛 DEBUG: Reloading metadata to get latest versions INFO
2026-01-01 01:29:41,117 - System.tprint - INFO - ℹ️ 🐛 DEBUG: Reloading metadata to get latest versions INFO
[2026-01-01 01:29:41.116] 🐛 DEBUG: _load_metadata() checking versioned_artifacts/ETHUSDT_binance_1h_long_smc_regime/metadata.json INFO
2026-01-01 01:29:41,117 - System.tprint - INFO - ℹ️ 🐛 DEBUG: _load_metadata() checking versioned_artifacts/ETHUSDT_binance_1h_long_smc_regime/metadata.json INFO
[2026-01-01 01:29:41.116] 🐛 DEBUG: Metadata file exists, size: 3536 bytes INFO
2026-01-01 01:29:41,117 - System.tprint - INFO - ℹ️ 🐛 DEBUG: Metadata file exists, size: 3536 bytes INFO
[2026-01-01 01:29:41.116] 🐛 DEBUG: Successfully loaded metadata with 5 versions INFO
2026-01-01 01:29:41,117 - System.tprint - INFO - ℹ️ 🐛 DEBUG: Successfully loaded metadata with 5 versions INFO
[2026-01-01 01:29:41.116] 🐛 DEBUG: Found 5 versions in metadata: ['smc_predictions_with_confidence_20251124_233038_087', 'smc_predictions_with_confidence_20251125_001011_321', 'smc_predictions_with_confidence_20251125_001842_252', 'smc_predictions_with_confidence_20251126_003009_061', 'smc_predictions_with_confidence_20251126_003415_856'] INFO
2026-01-01 01:29:41,117 - System.tprint - INFO - ℹ️ 🐛 DEBUG: Found 5 versions in metadata: ['smc_predictions_with_confidence_20251124_233038_087', 'smc_predictions_with_confidence_20251125_001011_321', 'smc_predictions_with_confidence_20251125_001842_252', 'smc_predictions_with_confidence_20251126_003009_061', 'smc_predictions_with_confidence_20251126_003415_856'] INFO
[2026-01-01 01:29:41.118] 🐛 DEBUG: Found 5 versions in HDF5: ['smc_predictions_with_confidence_20251124_233038_087', 'smc_predictions_with_confidence_20251125_001011_321', 'smc_predictions_with_confidence_20251125_001842_252', 'smc_predictions_with_confidence_20251126_003009_061', 'smc_predictions_with_confidence_20251126_003415_856'] INFO
2026-01-01 01:29:41,118 - System.tprint - INFO - ℹ️ 🐛 DEBUG: Found 5 versions in HDF5: ['smc_predictions_with_confidence_20251124_233038_087', 'smc_predictions_with_confidence_20251125_001011_321', 'smc_predictions_with_confidence_20251125_001842_252', 'smc_predictions_with_confidence_20251126_003009_061', 'smc_predictions_with_confidence_20251126_003415_856'] INFO
[2026-01-01 01:29:41.118] 🐛 DEBUG: _load_metadata() checking versioned_artifacts/ETHUSDT_binance_15m_long_regime_path/metadata.json INFO
2026-01-01 01:29:41,118 - System.tprint - INFO - ℹ️ 🐛 DEBUG: _load_metadata() checking versioned_artifacts/ETHUSDT_binance_15m_long_regime_path/metadata.json INFO
[2026-01-01 01:29:41.118] 🐛 DEBUG: Metadata file exists, size: 200 bytes INFO
2026-01-01 01:29:41,118 - System.tprint - INFO - ℹ️ 🐛 DEBUG: Metadata file exists, size: 200 bytes INFO
[2026-01-01 01:29:41.118] 🐛 DEBUG: Successfully loaded metadata with 0 versions INFO
2026-01-01 01:29:41,119 - System.tprint - INFO - ℹ️ 🐛 DEBUG: Successfully loaded metadata with 0 versions INFO
[2026-01-01 01:29:41.119] 🐛 DEBUG: list_versions() called INFO
2026-01-01 01:29:41,119 - System.tprint - INFO - ℹ️ 🐛 DEBUG: list_versions() called INFO
[2026-01-01 01:29:41.119] 🐛 DEBUG: Metadata file exists: True INFO
2026-01-01 01:29:41,119 - System.tprint - INFO - ℹ️ 🐛 DEBUG: Metadata file exists: True INFO
[2026-01-01 01:29:41.119] 🐛 DEBUG: HDF5 file exists: True INFO
2026-01-01 01:29:41,119 - System.tprint - INFO - ℹ️ 🐛 DEBUG: HDF5 file exists: True INFO
[2026-01-01 01:29:41.119] 🐛 DEBUG: Reloading metadata to get latest versions INFO
2026-01-01 01:29:41,119 - System.tprint - INFO - ℹ️ 🐛 DEBUG: Reloading metadata to get latest versions INFO
[2026-01-01 01:29:41.119] 🐛 DEBUG: _load_metadata() checking versioned_artifacts/ETHUSDT_binance_15m_long_regime_path/metadata.json INFO
2026-01-01 01:29:41,119 - System.tprint - INFO - ℹ️ 🐛 DEBUG: _load_metadata() checking versioned_artifacts/ETHUSDT_binance_15m_long_regime_path/metadata.json INFO
[2026-01-01 01:29:41.119] 🐛 DEBUG: Metadata file exists, size: 200 bytes INFO
2026-01-01 01:29:41,119 - System.tprint - INFO - ℹ️ 🐛 DEBUG: Metadata file exists, size: 200 bytes INFO
[2026-01-01 01:29:41.119] 🐛 DEBUG: Successfully loaded metadata with 0 versions INFO
2026-01-01 01:29:41,119 - System.tprint - INFO - ℹ️ 🐛 DEBUG: Successfully loaded metadata with 0 versions INFO
[2026-01-01 01:29:41.119] 🐛 DEBUG: Found 0 versions in metadata: [] INFO
2026-01-01 01:29:41,119 - System.tprint - INFO - ℹ️ 🐛 DEBUG: Found 0 versions in metadata: [] INFO
[2026-01-01 01:29:41.120] 🐛 DEBUG: Found 0 versions in HDF5: [] INFO
2026-01-01 01:29:41,120 - System.tprint - INFO - ℹ️ 🐛 DEBUG: Found 0 versions in HDF5: [] INFO
[2026-01-01 01:29:41.120] 🐛 DEBUG: _load_metadata() checking versioned_artifacts/ETHUSDT_binance_1h_long_light/metadata.json INFO
2026-01-01 01:29:41,121 - System.tprint - INFO - ℹ️ 🐛 DEBUG: _load_metadata() checking versioned_artifacts/ETHUSDT_binance_1h_long_light/metadata.json INFO
[2026-01-01 01:29:41.120] 🐛 DEBUG: Metadata file exists, size: 139 bytes INFO
2026-01-01 01:29:41,121 - System.tprint - INFO - ℹ️ 🐛 DEBUG: Metadata file exists, size: 139 bytes INFO
[2026-01-01 01:29:41.120] 🐛 DEBUG: Successfully loaded metadata with 0 versions INFO
2026-01-01 01:29:41,121 - System.tprint - INFO - ℹ️ 🐛 DEBUG: Successfully loaded metadata with 0 versions INFO
[2026-01-01 01:29:41.121] 🐛 DEBUG: list_versions() called INFO
2026-01-01 01:29:41,121 - System.tprint - INFO - ℹ️ 🐛 DEBUG: list_versions() called INFO
[2026-01-01 01:29:41.121] 🐛 DEBUG: Metadata file exists: True INFO
2026-01-01 01:29:41,121 - System.tprint - INFO - ℹ️ 🐛 DEBUG: Metadata file exists: True INFO
[2026-01-01 01:29:41.121] 🐛 DEBUG: HDF5 file exists: True INFO
2026-01-01 01:29:41,121 - System.tprint - INFO - ℹ️ 🐛 DEBUG: HDF5 file exists: True INFO
[2026-01-01 01:29:41.121] 🐛 DEBUG: Reloading metadata to get latest versions INFO
2026-01-01 01:29:41,121 - System.tprint - INFO - ℹ️ 🐛 DEBUG: Reloading metadata to get latest versions INFO
[2026-01-01 01:29:41.121] 🐛 DEBUG: _load_metadata() checking versioned_artifacts/ETHUSDT_binance_1h_long_light/metadata.json INFO
2026-01-01 01:29:41,121 - System.tprint - INFO - ℹ️ 🐛 DEBUG: _load_metadata() checking versioned_artifacts/ETHUSDT_binance_1h_long_light/metadata.json INFO
[2026-01-01 01:29:41.121] 🐛 DEBUG: Metadata file exists, size: 139 bytes INFO
2026-01-01 01:29:41,121 - System.tprint - INFO - ℹ️ 🐛 DEBUG: Metadata file exists, size: 139 bytes INFO
[2026-01-01 01:29:41.121] 🐛 DEBUG: Successfully loaded metadata with 0 versions INFO
2026-01-01 01:29:41,121 - System.tprint - INFO - ℹ️ 🐛 DEBUG: Successfully loaded metadata with 0 versions INFO
[2026-01-01 01:29:41.121] 🐛 DEBUG: Found 0 versions in metadata: [] INFO
2026-01-01 01:29:41,121 - System.tprint - INFO - ℹ️ 🐛 DEBUG: Found 0 versions in metadata: [] INFO
[2026-01-01 01:29:41.121] 🐛 DEBUG: Found 0 versions in HDF5: [] INFO
2026-01-01 01:29:41,122 - System.tprint - INFO - ℹ️ 🐛 DEBUG: Found 0 versions in HDF5: [] INFO
[2026-01-01 01:29:41.122] 🐛 DEBUG: _load_metadata() checking versioned_artifacts/ETHUSDT_binance_15m_long_light/metadata.json INFO
2026-01-01 01:29:41,122 - System.tprint - INFO - ℹ️ 🐛 DEBUG: _load_metadata() checking versioned_artifacts/ETHUSDT_binance_15m_long_light/metadata.json INFO
[2026-01-01 01:29:41.122] 🐛 DEBUG: Metadata file exists, size: 1538 bytes INFO
2026-01-01 01:29:41,122 - System.tprint - INFO - ℹ️ 🐛 DEBUG: Metadata file exists, size: 1538 bytes INFO
[2026-01-01 01:29:41.122] 🐛 DEBUG: Successfully loaded metadata with 3 versions INFO
2026-01-01 01:29:41,123 - System.tprint - INFO - ℹ️ 🐛 DEBUG: Successfully loaded metadata with 3 versions INFO
[2026-01-01 01:29:41.122] 🐛 DEBUG: list_versions() called INFO
2026-01-01 01:29:41,123 - System.tprint - INFO - ℹ️ 🐛 DEBUG: list_versions() called INFO
[2026-01-01 01:29:41.122] 🐛 DEBUG: Metadata file exists: True INFO
2026-01-01 01:29:41,123 - System.tprint - INFO - ℹ️ 🐛 DEBUG: Metadata file exists: True INFO
[2026-01-01 01:29:41.122] 🐛 DEBUG: HDF5 file exists: True INFO
2026-01-01 01:29:41,123 - System.tprint - INFO - ℹ️ 🐛 DEBUG: HDF5 file exists: True INFO
[2026-01-01 01:29:41.122] 🐛 DEBUG: Reloading metadata to get latest versions INFO
2026-01-01 01:29:41,123 - System.tprint - INFO - ℹ️ 🐛 DEBUG: Reloading metadata to get latest versions INFO
[2026-01-01 01:29:41.122] 🐛 DEBUG: _load_metadata() checking versioned_artifacts/ETHUSDT_binance_15m_long_light/metadata.json INFO
2026-01-01 01:29:41,123 - System.tprint - INFO - ℹ️ 🐛 DEBUG: _load_metadata() checking versioned_artifacts/ETHUSDT_binance_15m_long_light/metadata.json INFO
[2026-01-01 01:29:41.122] 🐛 DEBUG: Metadata file exists, size: 1538 bytes INFO
2026-01-01 01:29:41,123 - System.tprint - INFO - ℹ️ 🐛 DEBUG: Metadata file exists, size: 1538 bytes INFO
[2026-01-01 01:29:41.122] 🐛 DEBUG: Successfully loaded metadata with 3 versions INFO
2026-01-01 01:29:41,123 - System.tprint - INFO - ℹ️ 🐛 DEBUG: Successfully loaded metadata with 3 versions INFO
[2026-01-01 01:29:41.122] 🐛 DEBUG: Found 3 versions in metadata: ['selected_features_60_20251109_191448_625', 'selected_features_50_20251109_191448_653', 'selected_features_40_20251109_191448_677'] INFO
2026-01-01 01:29:41,123 - System.tprint - INFO - ℹ️ 🐛 DEBUG: Found 3 versions in metadata: ['selected_features_60_20251109_191448_625', 'selected_features_50_20251109_191448_653', 'selected_features_40_20251109_191448_677'] INFO
[2026-01-01 01:29:41.124] 🐛 DEBUG: Found 3 versions in HDF5: ['selected_features_40_20251109_191448_677', 'selected_features_50_20251109_191448_653', 'selected_features_60_20251109_191448_625'] INFO
2026-01-01 01:29:41,124 - System.tprint - INFO - ℹ️ 🐛 DEBUG: Found 3 versions in HDF5: ['selected_features_40_20251109_191448_677', 'selected_features_50_20251109_191448_653', 'selected_features_60_20251109_191448_625'] INFO
[2026-01-01 01:29:41.124] 🐛 DEBUG: _load_metadata() checking versioned_artifacts/ETHUSDT_binance_15m_long_regime_macro_trend/metadata.json INFO
2026-01-01 01:29:41,124 - System.tprint - INFO - ℹ️ 🐛 DEBUG: _load_metadata() checking versioned_artifacts/ETHUSDT_binance_15m_long_regime_macro_trend/metadata.json INFO
[2026-01-01 01:29:41.124] 🐛 DEBUG: Metadata file exists, size: 5567 bytes INFO
2026-01-01 01:29:41,124 - System.tprint - INFO - ℹ️ 🐛 DEBUG: Metadata file exists, size: 5567 bytes INFO
[2026-01-01 01:29:41.124] 🐛 DEBUG: Successfully loaded metadata with 2 versions INFO
2026-01-01 01:29:41,125 - System.tprint - INFO - ℹ️ 🐛 DEBUG: Successfully loaded metadata with 2 versions INFO
[2026-01-01 01:29:41.124] 🐛 DEBUG: list_versions() called INFO
2026-01-01 01:29:41,125 - System.tprint - INFO - ℹ️ 🐛 DEBUG: list_versions() called INFO
[2026-01-01 01:29:41.124] 🐛 DEBUG: Metadata file exists: True INFO
2026-01-01 01:29:41,125 - System.tprint - INFO - ℹ️ 🐛 DEBUG: Metadata file exists: True INFO
[2026-01-01 01:29:41.125] 🐛 DEBUG: HDF5 file exists: True INFO
2026-01-01 01:29:41,125 - System.tprint - INFO - ℹ️ 🐛 DEBUG: HDF5 file exists: True INFO
[2026-01-01 01:29:41.125] 🐛 DEBUG: Reloading metadata to get latest versions INFO
2026-01-01 01:29:41,125 - System.tprint - INFO - ℹ️ 🐛 DEBUG: Reloading metadata to get latest versions INFO
[2026-01-01 01:29:41.125] 🐛 DEBUG: _load_metadata() checking versioned_artifacts/ETHUSDT_binance_15m_long_regime_macro_trend/metadata.json INFO
2026-01-01 01:29:41,125 - System.tprint - INFO - ℹ️ 🐛 DEBUG: _load_metadata() checking versioned_artifacts/ETHUSDT_binance_15m_long_regime_macro_trend/metadata.json INFO
[2026-01-01 01:29:41.125] 🐛 DEBUG: Metadata file exists, size: 5567 bytes INFO
2026-01-01 01:29:41,125 - System.tprint - INFO - ℹ️ 🐛 DEBUG: Metadata file exists, size: 5567 bytes INFO
[2026-01-01 01:29:41.125] 🐛 DEBUG: Successfully loaded metadata with 2 versions INFO
2026-01-01 01:29:41,125 - System.tprint - INFO - ℹ️ 🐛 DEBUG: Successfully loaded metadata with 2 versions INFO
[2026-01-01 01:29:41.125] 🐛 DEBUG: Found 2 versions in metadata: ['hmm_macro_trend_training_data_15m_20251213_170722_611', 'hmm_macro_trend_regime_stats_15m_20251213_170725_853'] INFO
2026-01-01 01:29:41,125 - System.tprint - INFO - ℹ️ 🐛 DEBUG: Found 2 versions in metadata: ['hmm_macro_trend_training_data_15m_20251213_170722_611', 'hmm_macro_trend_regime_stats_15m_20251213_170725_853'] INFO
[2026-01-01 01:29:41.126] 🐛 DEBUG: Found 2 versions in HDF5: ['hmm_macro_trend_regime_stats_15m_20251213_170725_853', 'hmm_macro_trend_training_data_15m_20251213_170722_611'] INFO
2026-01-01 01:29:41,126 - System.tprint - INFO - ℹ️ 🐛 DEBUG: Found 2 versions in HDF5: ['hmm_macro_trend_regime_stats_15m_20251213_170725_853', 'hmm_macro_trend_training_data_15m_20251213_170722_611'] INFO
[2026-01-01 01:29:41.126] 🐛 DEBUG: _load_metadata() checking versioned_artifacts/ETHUSDT_binance_1h_long_full/metadata.json INFO
2026-01-01 01:29:41,127 - System.tprint - INFO - ℹ️ 🐛 DEBUG: _load_metadata() checking versioned_artifacts/ETHUSDT_binance_1h_long_full/metadata.json INFO
[2026-01-01 01:29:41.126] 🐛 DEBUG: Metadata file exists, size: 139 bytes INFO
2026-01-01 01:29:41,127 - System.tprint - INFO - ℹ️ 🐛 DEBUG: Metadata file exists, size: 139 bytes INFO
[2026-01-01 01:29:41.126] 🐛 DEBUG: Successfully loaded metadata with 0 versions INFO
2026-01-01 01:29:41,127 - System.tprint - INFO - ℹ️ 🐛 DEBUG: Successfully loaded metadata with 0 versions INFO
[2026-01-01 01:29:41.126] 🐛 DEBUG: list_versions() called INFO
2026-01-01 01:29:41,127 - System.tprint - INFO - ℹ️ 🐛 DEBUG: list_versions() called INFO
[2026-01-01 01:29:41.127] 🐛 DEBUG: Metadata file exists: True INFO
2026-01-01 01:29:41,127 - System.tprint - INFO - ℹ️ 🐛 DEBUG: Metadata file exists: True INFO
[2026-01-01 01:29:41.127] 🐛 DEBUG: HDF5 file exists: True INFO
2026-01-01 01:29:41,127 - System.tprint - INFO - ℹ️ 🐛 DEBUG: HDF5 file exists: True INFO
[2026-01-01 01:29:41.127] 🐛 DEBUG: Reloading metadata to get latest versions INFO
2026-01-01 01:29:41,128 - System.tprint - INFO - ℹ️ 🐛 DEBUG: Reloading metadata to get latest versions INFO
[2026-01-01 01:29:41.127] 🐛 DEBUG: _load_metadata() checking versioned_artifacts/ETHUSDT_binance_1h_long_full/metadata.json INFO
2026-01-01 01:29:41,128 - System.tprint - INFO - ℹ️ 🐛 DEBUG: _load_metadata() checking versioned_artifacts/ETHUSDT_binance_1h_long_full/metadata.json INFO
[2026-01-01 01:29:41.127] 🐛 DEBUG: Metadata file exists, size: 139 bytes INFO
2026-01-01 01:29:41,128 - System.tprint - INFO - ℹ️ 🐛 DEBUG: Metadata file exists, size: 139 bytes INFO
[2026-01-01 01:29:41.127] 🐛 DEBUG: Successfully loaded metadata with 0 versions INFO
2026-01-01 01:29:41,128 - System.tprint - INFO - ℹ️ 🐛 DEBUG: Successfully loaded metadata with 0 versions INFO
[2026-01-01 01:29:41.127] 🐛 DEBUG: Found 0 versions in metadata: [] INFO
2026-01-01 01:29:41,128 - System.tprint - INFO - ℹ️ 🐛 DEBUG: Found 0 versions in metadata: [] INFO
[2026-01-01 01:29:41.127] 🐛 DEBUG: Found 0 versions in HDF5: [] INFO
2026-01-01 01:29:41,128 - System.tprint - INFO - ℹ️ 🐛 DEBUG: Found 0 versions in HDF5: [] INFO
[2026-01-01 01:29:41.129] 🐛 DEBUG: _load_metadata() checking versioned_artifacts/ETHUSDT_binance_15m_short_mean_reversion/metadata.json INFO
2026-01-01 01:29:41,129 - System.tprint - INFO - ℹ️ 🐛 DEBUG: _load_metadata() checking versioned_artifacts/ETHUSDT_binance_15m_short_mean_reversion/metadata.json INFO
[2026-01-01 01:29:41.129] 🐛 DEBUG: Metadata file exists, size: 139 bytes INFO
2026-01-01 01:29:41,129 - System.tprint - INFO - ℹ️ 🐛 DEBUG: Metadata file exists, size: 139 bytes INFO
[2026-01-01 01:29:41.129] 🐛 DEBUG: Successfully loaded metadata with 0 versions INFO
2026-01-01 01:29:41,129 - System.tprint - INFO - ℹ️ 🐛 DEBUG: Successfully loaded metadata with 0 versions INFO
[2026-01-01 01:29:41.129] 🐛 DEBUG: list_versions() called INFO
2026-01-01 01:29:41,129 - System.tprint - INFO - ℹ️ 🐛 DEBUG: list_versions() called INFO
[2026-01-01 01:29:41.129] 🐛 DEBUG: Metadata file exists: True INFO
2026-01-01 01:29:41,129 - System.tprint - INFO - ℹ️ 🐛 DEBUG: Metadata file exists: True INFO
[2026-01-01 01:29:41.129] 🐛 DEBUG: HDF5 file exists: True INFO
2026-01-01 01:29:41,129 - System.tprint - INFO - ℹ️ 🐛 DEBUG: HDF5 file exists: True INFO
[2026-01-01 01:29:41.129] 🐛 DEBUG: Reloading metadata to get latest versions INFO
2026-01-01 01:29:41,129 - System.tprint - INFO - ℹ️ 🐛 DEBUG: Reloading metadata to get latest versions INFO
[2026-01-01 01:29:41.129] 🐛 DEBUG: _load_metadata() checking versioned_artifacts/ETHUSDT_binance_15m_short_mean_reversion/metadata.json INFO
2026-01-01 01:29:41,129 - System.tprint - INFO - ℹ️ 🐛 DEBUG: _load_metadata() checking versioned_artifacts/ETHUSDT_binance_15m_short_mean_reversion/metadata.json INFO
[2026-01-01 01:29:41.129] 🐛 DEBUG: Metadata file exists, size: 139 bytes INFO
2026-01-01 01:29:41,129 - System.tprint - INFO - ℹ️ 🐛 DEBUG: Metadata file exists, size: 139 bytes INFO
[2026-01-01 01:29:41.129] 🐛 DEBUG: Successfully loaded metadata with 0 versions INFO
2026-01-01 01:29:41,129 - System.tprint - INFO - ℹ️ 🐛 DEBUG: Successfully loaded metadata with 0 versions INFO
[2026-01-01 01:29:41.129] 🐛 DEBUG: Found 0 versions in metadata: [] INFO
2026-01-01 01:29:41,130 - System.tprint - INFO - ℹ️ 🐛 DEBUG: Found 0 versions in metadata: [] INFO
[2026-01-01 01:29:41.130] 🐛 DEBUG: Found 0 versions in HDF5: [] INFO
2026-01-01 01:29:41,130 - System.tprint - INFO - ℹ️ 🐛 DEBUG: Found 0 versions in HDF5: [] INFO
[2026-01-01 01:29:41.130] 🐛 DEBUG: _load_metadata() checking versioned_artifacts/ETHUSDT_binance_15m_long_path_regime/metadata.json INFO
2026-01-01 01:29:41,131 - System.tprint - INFO - ℹ️ 🐛 DEBUG: _load_metadata() checking versioned_artifacts/ETHUSDT_binance_15m_long_path_regime/metadata.json INFO
[2026-01-01 01:29:41.130] 🐛 DEBUG: Metadata file does not exist, returning default metadata INFO
2026-01-01 01:29:41,131 - System.tprint - INFO - ℹ️ 🐛 DEBUG: Metadata file does not exist, returning default metadata INFO
[2026-01-01 01:29:41.130] 🐛 DEBUG: list_versions() called INFO
2026-01-01 01:29:41,131 - System.tprint - INFO - ℹ️ 🐛 DEBUG: list_versions() called INFO
[2026-01-01 01:29:41.130] 🐛 DEBUG: Metadata file exists: False INFO
2026-01-01 01:29:41,131 - System.tprint - INFO - ℹ️ 🐛 DEBUG: Metadata file exists: False INFO
[2026-01-01 01:29:41.130] 🐛 DEBUG: HDF5 file exists: True INFO
2026-01-01 01:29:41,131 - System.tprint - INFO - ℹ️ 🐛 DEBUG: HDF5 file exists: True INFO
[2026-01-01 01:29:41.130] 🐛 DEBUG: Reloading metadata to get latest versions INFO
2026-01-01 01:29:41,131 - System.tprint - INFO - ℹ️ 🐛 DEBUG: Reloading metadata to get latest versions INFO
[2026-01-01 01:29:41.130] 🐛 DEBUG: _load_metadata() checking versioned_artifacts/ETHUSDT_binance_15m_long_path_regime/metadata.json INFO
2026-01-01 01:29:41,131 - System.tprint - INFO - ℹ️ 🐛 DEBUG: _load_metadata() checking versioned_artifacts/ETHUSDT_binance_15m_long_path_regime/metadata.json INFO
[2026-01-01 01:29:41.131] 🐛 DEBUG: Metadata file does not exist, returning default metadata INFO
2026-01-01 01:29:41,131 - System.tprint - INFO - ℹ️ 🐛 DEBUG: Metadata file does not exist, returning default metadata INFO
[2026-01-01 01:29:41.131] 🐛 DEBUG: Found 0 versions in metadata: [] INFO
2026-01-01 01:29:41,131 - System.tprint - INFO - ℹ️ 🐛 DEBUG: Found 0 versions in metadata: [] INFO
[2026-01-01 01:29:41.131] 🐛 DEBUG: Found 0 versions in HDF5: [] INFO
2026-01-01 01:29:41,132 - System.tprint - INFO - ℹ️ 🐛 DEBUG: Found 0 versions in HDF5: [] INFO
[2026-01-01 01:29:41.131] 🐛 DEBUG: _load_metadata() checking versioned_artifacts/ETHUSDT_binance_1h_long_regime_risk_hmm/metadata.json INFO
2026-01-01 01:29:41,132 - System.tprint - INFO - ℹ️ 🐛 DEBUG: _load_metadata() checking versioned_artifacts/ETHUSDT_binance_1h_long_regime_risk_hmm/metadata.json INFO
[2026-01-01 01:29:41.132] 🐛 DEBUG: Metadata file exists, size: 139 bytes INFO
2026-01-01 01:29:41,132 - System.tprint - INFO - ℹ️ 🐛 DEBUG: Metadata file exists, size: 139 bytes INFO
[2026-01-01 01:29:41.132] 🐛 DEBUG: Successfully loaded metadata with 0 versions INFO
2026-01-01 01:29:41,132 - System.tprint - INFO - ℹ️ 🐛 DEBUG: Successfully loaded metadata with 0 versions INFO
[2026-01-01 01:29:41.132] 🐛 DEBUG: list_versions() called INFO
2026-01-01 01:29:41,133 - System.tprint - INFO - ℹ️ 🐛 DEBUG: list_versions() called INFO
[2026-01-01 01:29:41.132] 🐛 DEBUG: Metadata file exists: True INFO
2026-01-01 01:29:41,133 - System.tprint - INFO - ℹ️ 🐛 DEBUG: Metadata file exists: True INFO
[2026-01-01 01:29:41.132] 🐛 DEBUG: HDF5 file exists: True INFO
2026-01-01 01:29:41,133 - System.tprint - INFO - ℹ️ 🐛 DEBUG: HDF5 file exists: True INFO
[2026-01-01 01:29:41.132] 🐛 DEBUG: Reloading metadata to get latest versions INFO
2026-01-01 01:29:41,133 - System.tprint - INFO - ℹ️ 🐛 DEBUG: Reloading metadata to get latest versions INFO
[2026-01-01 01:29:41.132] 🐛 DEBUG: _load_metadata() checking versioned_artifacts/ETHUSDT_binance_1h_long_regime_risk_hmm/metadata.json INFO
2026-01-01 01:29:41,133 - System.tprint - INFO - ℹ️ 🐛 DEBUG: _load_metadata() checking versioned_artifacts/ETHUSDT_binance_1h_long_regime_risk_hmm/metadata.json INFO
[2026-01-01 01:29:41.132] 🐛 DEBUG: Metadata file exists, size: 139 bytes INFO
2026-01-01 01:29:41,133 - System.tprint - INFO - ℹ️ 🐛 DEBUG: Metadata file exists, size: 139 bytes INFO
[2026-01-01 01:29:41.132] 🐛 DEBUG: Successfully loaded metadata with 0 versions INFO
2026-01-01 01:29:41,133 - System.tprint - INFO - ℹ️ 🐛 DEBUG: Successfully loaded metadata with 0 versions INFO
[2026-01-01 01:29:41.132] 🐛 DEBUG: Found 0 versions in metadata: [] INFO
2026-01-01 01:29:41,133 - System.tprint - INFO - ℹ️ 🐛 DEBUG: Found 0 versions in metadata: [] INFO
[2026-01-01 01:29:41.133] 🐛 DEBUG: Found 0 versions in HDF5: [] INFO
2026-01-01 01:29:41,133 - System.tprint - INFO - ℹ️ 🐛 DEBUG: Found 0 versions in HDF5: [] INFO
[2026-01-01 01:29:41.133] 🐛 DEBUG: _load_metadata() checking versioned_artifacts/ETHUSDT_binance_1h_long_regime_risk/metadata.json INFO
2026-01-01 01:29:41,134 - System.tprint - INFO - ℹ️ 🐛 DEBUG: _load_metadata() checking versioned_artifacts/ETHUSDT_binance_1h_long_regime_risk/metadata.json INFO
[2026-01-01 01:29:41.133] 🐛 DEBUG: Metadata file exists, size: 139 bytes INFO
2026-01-01 01:29:41,134 - System.tprint - INFO - ℹ️ 🐛 DEBUG: Metadata file exists, size: 139 bytes INFO
[2026-01-01 01:29:41.133] 🐛 DEBUG: Successfully loaded metadata with 0 versions INFO
2026-01-01 01:29:41,134 - System.tprint - INFO - ℹ️ 🐛 DEBUG: Successfully loaded metadata with 0 versions INFO
[2026-01-01 01:29:41.133] 🐛 DEBUG: list_versions() called INFO
2026-01-01 01:29:41,134 - System.tprint - INFO - ℹ️ 🐛 DEBUG: list_versions() called INFO
[2026-01-01 01:29:41.133] 🐛 DEBUG: Metadata file exists: True INFO
2026-01-01 01:29:41,134 - System.tprint - INFO - ℹ️ 🐛 DEBUG: Metadata file exists: True INFO
[2026-01-01 01:29:41.133] 🐛 DEBUG: HDF5 file exists: True INFO
2026-01-01 01:29:41,134 - System.tprint - INFO - ℹ️ 🐛 DEBUG: HDF5 file exists: True INFO
[2026-01-01 01:29:41.134] 🐛 DEBUG: Reloading metadata to get latest versions INFO
2026-01-01 01:29:41,135 - System.tprint - INFO - ℹ️ 🐛 DEBUG: Reloading metadata to get latest versions INFO
[2026-01-01 01:29:41.134] 🐛 DEBUG: _load_metadata() checking versioned_artifacts/ETHUSDT_binance_1h_long_regime_risk/metadata.json INFO
2026-01-01 01:29:41,135 - System.tprint - INFO - ℹ️ 🐛 DEBUG: _load_metadata() checking versioned_artifacts/ETHUSDT_binance_1h_long_regime_risk/metadata.json INFO
[2026-01-01 01:29:41.134] 🐛 DEBUG: Metadata file exists, size: 139 bytes INFO
2026-01-01 01:29:41,135 - System.tprint - INFO - ℹ️ 🐛 DEBUG: Metadata file exists, size: 139 bytes INFO
[2026-01-01 01:29:41.134] 🐛 DEBUG: Successfully loaded metadata with 0 versions INFO
2026-01-01 01:29:41,135 - System.tprint - INFO - ℹ️ 🐛 DEBUG: Successfully loaded metadata with 0 versions INFO
[2026-01-01 01:29:41.134] 🐛 DEBUG: Found 0 versions in metadata: [] INFO
2026-01-01 01:29:41,135 - System.tprint - INFO - ℹ️ 🐛 DEBUG: Found 0 versions in metadata: [] INFO
[2026-01-01 01:29:41.134] 🐛 DEBUG: Found 0 versions in HDF5: [] INFO
2026-01-01 01:29:41,135 - System.tprint - INFO - ℹ️ 🐛 DEBUG: Found 0 versions in HDF5: [] INFO
[2026-01-01 01:29:41.136] 🐛 DEBUG: _load_metadata() checking versioned_artifacts/ETHUSDT_binance_15m_long_momentum_persistence/metadata.json INFO
2026-01-01 01:29:41,136 - System.tprint - INFO - ℹ️ 🐛 DEBUG: _load_metadata() checking versioned_artifacts/ETHUSDT_binance_15m_long_momentum_persistence/metadata.json INFO
[2026-01-01 01:29:41.136] 🐛 DEBUG: Metadata file does not exist, returning default metadata INFO
2026-01-01 01:29:41,136 - System.tprint - INFO - ℹ️ 🐛 DEBUG: Metadata file does not exist, returning default metadata INFO
[2026-01-01 01:29:41.136] 🐛 DEBUG: list_versions() called INFO
2026-01-01 01:29:41,136 - System.tprint - INFO - ℹ️ 🐛 DEBUG: list_versions() called INFO
[2026-01-01 01:29:41.136] 🐛 DEBUG: Metadata file exists: False INFO
2026-01-01 01:29:41,136 - System.tprint - INFO - ℹ️ 🐛 DEBUG: Metadata file exists: False INFO
[2026-01-01 01:29:41.136] 🐛 DEBUG: HDF5 file exists: True INFO
2026-01-01 01:29:41,136 - System.tprint - INFO - ℹ️ 🐛 DEBUG: HDF5 file exists: True INFO
[2026-01-01 01:29:41.136] 🐛 DEBUG: Reloading metadata to get latest versions INFO
2026-01-01 01:29:41,136 - System.tprint - INFO - ℹ️ 🐛 DEBUG: Reloading metadata to get latest versions INFO
[2026-01-01 01:29:41.136] 🐛 DEBUG: _load_metadata() checking versioned_artifacts/ETHUSDT_binance_15m_long_momentum_persistence/metadata.json INFO
2026-01-01 01:29:41,136 - System.tprint - INFO - ℹ️ 🐛 DEBUG: _load_metadata() checking versioned_artifacts/ETHUSDT_binance_15m_long_momentum_persistence/metadata.json INFO
[2026-01-01 01:29:41.136] 🐛 DEBUG: Metadata file does not exist, returning default metadata INFO
2026-01-01 01:29:41,136 - System.tprint - INFO - ℹ️ 🐛 DEBUG: Metadata file does not exist, returning default metadata INFO
[2026-01-01 01:29:41.136] 🐛 DEBUG: Found 0 versions in metadata: [] INFO
2026-01-01 01:29:41,136 - System.tprint - INFO - ℹ️ 🐛 DEBUG: Found 0 versions in metadata: [] INFO
[2026-01-01 01:29:41.137] 🐛 DEBUG: Found 0 versions in HDF5: [] INFO
2026-01-01 01:29:41,137 - System.tprint - INFO - ℹ️ 🐛 DEBUG: Found 0 versions in HDF5: [] INFO
[2026-01-01 01:29:41.137] 🐛 DEBUG: _load_metadata() checking versioned_artifacts/ETHUSDT_binance_1h_long_blank/metadata.json INFO
2026-01-01 01:29:41,137 - System.tprint - INFO - ℹ️ 🐛 DEBUG: _load_metadata() checking versioned_artifacts/ETHUSDT_binance_1h_long_blank/metadata.json INFO
[2026-01-01 01:29:41.137] 🐛 DEBUG: Metadata file exists, size: 139 bytes INFO
2026-01-01 01:29:41,137 - System.tprint - INFO - ℹ️ 🐛 DEBUG: Metadata file exists, size: 139 bytes INFO
[2026-01-01 01:29:41.137] 🐛 DEBUG: Successfully loaded metadata with 0 versions INFO
2026-01-01 01:29:41,138 - System.tprint - INFO - ℹ️ 🐛 DEBUG: Successfully loaded metadata with 0 versions INFO
[2026-01-01 01:29:41.137] 🐛 DEBUG: list_versions() called INFO
2026-01-01 01:29:41,138 - System.tprint - INFO - ℹ️ 🐛 DEBUG: list_versions() called INFO
[2026-01-01 01:29:41.137] 🐛 DEBUG: Metadata file exists: True INFO
2026-01-01 01:29:41,138 - System.tprint - INFO - ℹ️ 🐛 DEBUG: Metadata file exists: True INFO
[2026-01-01 01:29:41.137] 🐛 DEBUG: HDF5 file exists: True INFO
2026-01-01 01:29:41,138 - System.tprint - INFO - ℹ️ 🐛 DEBUG: HDF5 file exists: True INFO
[2026-01-01 01:29:41.138] 🐛 DEBUG: Reloading metadata to get latest versions INFO
2026-01-01 01:29:41,138 - System.tprint - INFO - ℹ️ 🐛 DEBUG: Reloading metadata to get latest versions INFO
[2026-01-01 01:29:41.138] 🐛 DEBUG: _load_metadata() checking versioned_artifacts/ETHUSDT_binance_1h_long_blank/metadata.json INFO
2026-01-01 01:29:41,138 - System.tprint - INFO - ℹ️ 🐛 DEBUG: _load_metadata() checking versioned_artifacts/ETHUSDT_binance_1h_long_blank/metadata.json INFO
[2026-01-01 01:29:41.138] 🐛 DEBUG: Metadata file exists, size: 139 bytes INFO
2026-01-01 01:29:41,138 - System.tprint - INFO - ℹ️ 🐛 DEBUG: Metadata file exists, size: 139 bytes INFO
[2026-01-01 01:29:41.138] 🐛 DEBUG: Successfully loaded metadata with 0 versions INFO
2026-01-01 01:29:41,138 - System.tprint - INFO - ℹ️ 🐛 DEBUG: Successfully loaded metadata with 0 versions INFO
[2026-01-01 01:29:41.138] 🐛 DEBUG: Found 0 versions in metadata: [] INFO
2026-01-01 01:29:41,138 - System.tprint - INFO - ℹ️ 🐛 DEBUG: Found 0 versions in metadata: [] INFO
[2026-01-01 01:29:41.138] 🐛 DEBUG: Found 0 versions in HDF5: [] INFO
2026-01-01 01:29:41,139 - System.tprint - INFO - ℹ️ 🐛 DEBUG: Found 0 versions in HDF5: [] INFO
[2026-01-01 01:29:41.140] 🐛 DEBUG: _load_metadata() checking versioned_artifacts/ETHUSDT_binance_15m_long_regime_mr_trend/metadata.json INFO
2026-01-01 01:29:41,140 - System.tprint - INFO - ℹ️ 🐛 DEBUG: _load_metadata() checking versioned_artifacts/ETHUSDT_binance_15m_long_regime_mr_trend/metadata.json INFO
[2026-01-01 01:29:41.140] 🐛 DEBUG: Metadata file exists, size: 139 bytes INFO
2026-01-01 01:29:41,140 - System.tprint - INFO - ℹ️ 🐛 DEBUG: Metadata file exists, size: 139 bytes INFO
[2026-01-01 01:29:41.140] 🐛 DEBUG: Successfully loaded metadata with 0 versions INFO
2026-01-01 01:29:41,140 - System.tprint - INFO - ℹ️ 🐛 DEBUG: Successfully loaded metadata with 0 versions INFO
[2026-01-01 01:29:41.140] 🐛 DEBUG: list_versions() called INFO
2026-01-01 01:29:41,140 - System.tprint - INFO - ℹ️ 🐛 DEBUG: list_versions() called INFO
[2026-01-01 01:29:41.140] 🐛 DEBUG: Metadata file exists: True INFO
2026-01-01 01:29:41,140 - System.tprint - INFO - ℹ️ 🐛 DEBUG: Metadata file exists: True INFO
[2026-01-01 01:29:41.140] 🐛 DEBUG: HDF5 file exists: True INFO
2026-01-01 01:29:41,140 - System.tprint - INFO - ℹ️ 🐛 DEBUG: HDF5 file exists: True INFO
[2026-01-01 01:29:41.140] 🐛 DEBUG: Reloading metadata to get latest versions INFO
2026-01-01 01:29:41,140 - System.tprint - INFO - ℹ️ 🐛 DEBUG: Reloading metadata to get latest versions INFO
[2026-01-01 01:29:41.140] 🐛 DEBUG: _load_metadata() checking versioned_artifacts/ETHUSDT_binance_15m_long_regime_mr_trend/metadata.json INFO
2026-01-01 01:29:41,140 - System.tprint - INFO - ℹ️ 🐛 DEBUG: _load_metadata() checking versioned_artifacts/ETHUSDT_binance_15m_long_regime_mr_trend/metadata.json INFO
[2026-01-01 01:29:41.140] 🐛 DEBUG: Metadata file exists, size: 139 bytes INFO
2026-01-01 01:29:41,140 - System.tprint - INFO - ℹ️ 🐛 DEBUG: Metadata file exists, size: 139 bytes INFO
[2026-01-01 01:29:41.140] 🐛 DEBUG: Successfully loaded metadata with 0 versions INFO
2026-01-01 01:29:41,141 - System.tprint - INFO - ℹ️ 🐛 DEBUG: Successfully loaded metadata with 0 versions INFO
[2026-01-01 01:29:41.141] 🐛 DEBUG: Found 0 versions in metadata: [] INFO
2026-01-01 01:29:41,141 - System.tprint - INFO - ℹ️ 🐛 DEBUG: Found 0 versions in metadata: [] INFO
[2026-01-01 01:29:41.141] 🐛 DEBUG: Found 0 versions in HDF5: [] INFO
2026-01-01 01:29:41,141 - System.tprint - INFO - ℹ️ 🐛 DEBUG: Found 0 versions in HDF5: [] INFO
[2026-01-01 01:29:41.141] 🐛 DEBUG: _load_metadata() checking versioned_artifacts/ETHUSDT_binance_15m_long_regime_risk_hmm/metadata.json INFO
2026-01-01 01:29:41,141 - System.tprint - INFO - ℹ️ 🐛 DEBUG: _load_metadata() checking versioned_artifacts/ETHUSDT_binance_15m_long_regime_risk_hmm/metadata.json INFO
[2026-01-01 01:29:41.141] 🐛 DEBUG: Metadata file exists, size: 1035 bytes INFO
2026-01-01 01:29:41,142 - System.tprint - INFO - ℹ️ 🐛 DEBUG: Metadata file exists, size: 1035 bytes INFO
[2026-01-01 01:29:41.142] 🐛 DEBUG: Successfully loaded metadata with 1 versions INFO
2026-01-01 01:29:41,142 - System.tprint - INFO - ℹ️ 🐛 DEBUG: Successfully loaded metadata with 1 versions INFO
[2026-01-01 01:29:41.142] 🐛 DEBUG: list_versions() called INFO
2026-01-01 01:29:41,142 - System.tprint - INFO - ℹ️ 🐛 DEBUG: list_versions() called INFO
[2026-01-01 01:29:41.142] 🐛 DEBUG: Metadata file exists: True INFO
2026-01-01 01:29:41,142 - System.tprint - INFO - ℹ️ 🐛 DEBUG: Metadata file exists: True INFO
[2026-01-01 01:29:41.142] 🐛 DEBUG: HDF5 file exists: True INFO
2026-01-01 01:29:41,142 - System.tprint - INFO - ℹ️ 🐛 DEBUG: HDF5 file exists: True INFO
[2026-01-01 01:29:41.142] 🐛 DEBUG: Reloading metadata to get latest versions INFO
2026-01-01 01:29:41,142 - System.tprint - INFO - ℹ️ 🐛 DEBUG: Reloading metadata to get latest versions INFO
[2026-01-01 01:29:41.142] 🐛 DEBUG: _load_metadata() checking versioned_artifacts/ETHUSDT_binance_15m_long_regime_risk_hmm/metadata.json INFO
2026-01-01 01:29:41,142 - System.tprint - INFO - ℹ️ 🐛 DEBUG: _load_metadata() checking versioned_artifacts/ETHUSDT_binance_15m_long_regime_risk_hmm/metadata.json INFO
[2026-01-01 01:29:41.142] 🐛 DEBUG: Metadata file exists, size: 1035 bytes INFO
2026-01-01 01:29:41,142 - System.tprint - INFO - ℹ️ 🐛 DEBUG: Metadata file exists, size: 1035 bytes INFO
[2026-01-01 01:29:41.142] 🐛 DEBUG: Successfully loaded metadata with 1 versions INFO
2026-01-01 01:29:41,142 - System.tprint - INFO - ℹ️ 🐛 DEBUG: Successfully loaded metadata with 1 versions INFO
[2026-01-01 01:29:41.142] 🐛 DEBUG: Found 1 versions in metadata: ['ml_risk_hmm_training_data_15m_20251205_191725_560'] INFO
2026-01-01 01:29:41,142 - System.tprint - INFO - ℹ️ 🐛 DEBUG: Found 1 versions in metadata: ['ml_risk_hmm_training_data_15m_20251205_191725_560'] INFO
[2026-01-01 01:29:41.143] 🐛 DEBUG: Found 1 versions in HDF5: ['ml_risk_hmm_training_data_15m_20251205_191725_560'] INFO
2026-01-01 01:29:41,143 - System.tprint - INFO - ℹ️ 🐛 DEBUG: Found 1 versions in HDF5: ['ml_risk_hmm_training_data_15m_20251205_191725_560'] INFO
[2026-01-01 01:29:41.143] 🐛 DEBUG: _load_metadata() checking versioned_artifacts/ETHUSDT_binance_15m_long_analyst/metadata.json INFO
2026-01-01 01:29:41,144 - System.tprint - INFO - ℹ️ 🐛 DEBUG: _load_metadata() checking versioned_artifacts/ETHUSDT_binance_15m_long_analyst/metadata.json INFO
[2026-01-01 01:29:41.143] 🐛 DEBUG: Metadata file exists, size: 24005 bytes INFO
2026-01-01 01:29:41,144 - System.tprint - INFO - ℹ️ 🐛 DEBUG: Metadata file exists, size: 24005 bytes INFO
[2026-01-01 01:29:41.143] 🐛 DEBUG: Successfully loaded metadata with 8 versions INFO
2026-01-01 01:29:41,144 - System.tprint - INFO - ℹ️ 🐛 DEBUG: Successfully loaded metadata with 8 versions INFO
[2026-01-01 01:29:41.144] 🐛 DEBUG: list_versions() called INFO
2026-01-01 01:29:41,144 - System.tprint - INFO - ℹ️ 🐛 DEBUG: list_versions() called INFO
[2026-01-01 01:29:41.144] 🐛 DEBUG: Metadata file exists: True INFO
2026-01-01 01:29:41,145 - System.tprint - INFO - ℹ️ 🐛 DEBUG: Metadata file exists: True INFO
[2026-01-01 01:29:41.144] 🐛 DEBUG: HDF5 file exists: True INFO
2026-01-01 01:29:41,145 - System.tprint - INFO - ℹ️ 🐛 DEBUG: HDF5 file exists: True INFO
[2026-01-01 01:29:41.144] 🐛 DEBUG: Reloading metadata to get latest versions INFO
2026-01-01 01:29:41,145 - System.tprint - INFO - ℹ️ 🐛 DEBUG: Reloading metadata to get latest versions INFO
[2026-01-01 01:29:41.144] 🐛 DEBUG: _load_metadata() checking versioned_artifacts/ETHUSDT_binance_15m_long_analyst/metadata.json INFO
2026-01-01 01:29:41,145 - System.tprint - INFO - ℹ️ 🐛 DEBUG: _load_metadata() checking versioned_artifacts/ETHUSDT_binance_15m_long_analyst/metadata.json INFO
[2026-01-01 01:29:41.144] 🐛 DEBUG: Metadata file exists, size: 24005 bytes INFO
2026-01-01 01:29:41,145 - System.tprint - INFO - ℹ️ 🐛 DEBUG: Metadata file exists, size: 24005 bytes INFO
[2026-01-01 01:29:41.144] 🐛 DEBUG: Successfully loaded metadata with 8 versions INFO
2026-01-01 01:29:41,145 - System.tprint - INFO - ℹ️ 🐛 DEBUG: Successfully loaded metadata with 8 versions INFO
[2026-01-01 01:29:41.144] 🐛 DEBUG: Found 8 versions in metadata: ['weighted_meta_model_training_matrix_ETHUSDT_binance_15m_long_20251214_184321_623', 'labeled_data_ETHUSDT_binance_15m_long_20251214_220950_753', 'labeled_data_ETHUSDT_binance_15m_long_20251214_224631_542', 'labeled_data_ETHUSDT_binance_15m_long_20251214_233640_586', 'labeled_data_ETHUSDT_binance_15m_long_20251214_235041_562', 'labeled_data_ETHUSDT_15m_20251219_235959_715', 'labeled_data_ETHUSDT_15m_20251220_000301_152', 'labeled_data_ETHUSDT_15m_20251220_000738_204'] INFO
2026-01-01 01:29:41,145 - System.tprint - INFO - ℹ️ 🐛 DEBUG: Found 8 versions in metadata: ['weighted_meta_model_training_matrix_ETHUSDT_binance_15m_long_20251214_184321_623', 'labeled_data_ETHUSDT_binance_15m_long_20251214_220950_753', 'labeled_data_ETHUSDT_binance_15m_long_20251214_224631_542', 'labeled_data_ETHUSDT_binance_15m_long_20251214_233640_586', 'labeled_data_ETHUSDT_binance_15m_long_20251214_235041_562', 'labeled_data_ETHUSDT_15m_20251219_235959_715', 'labeled_data_ETHUSDT_15m_20251220_000301_152', 'labeled_data_ETHUSDT_15m_20251220_000738_204'] INFO
[2026-01-01 01:29:41.146] 🐛 DEBUG: Found 8 versions in HDF5: ['labeled_data_ETHUSDT_15m_20251219_235959_715', 'labeled_data_ETHUSDT_15m_20251220_000301_152', 'labeled_data_ETHUSDT_15m_20251220_000738_204', 'labeled_data_ETHUSDT_binance_15m_long_20251214_220950_753', 'labeled_data_ETHUSDT_binance_15m_long_20251214_224631_542', 'labeled_data_ETHUSDT_binance_15m_long_20251214_233640_586', 'labeled_data_ETHUSDT_binance_15m_long_20251214_235041_562', 'weighted_meta_model_training_matrix_ETHUSDT_binance_15m_long_20251214_184321_623'] INFO
2026-01-01 01:29:41,146 - System.tprint - INFO - ℹ️ 🐛 DEBUG: Found 8 versions in HDF5: ['labeled_data_ETHUSDT_15m_20251219_235959_715', 'labeled_data_ETHUSDT_15m_20251220_000301_152', 'labeled_data_ETHUSDT_15m_20251220_000738_204', 'labeled_data_ETHUSDT_binance_15m_long_20251214_220950_753', 'labeled_data_ETHUSDT_binance_15m_long_20251214_224631_542', 'labeled_data_ETHUSDT_binance_15m_long_20251214_233640_586', 'labeled_data_ETHUSDT_binance_15m_long_20251214_235041_562', 'weighted_meta_model_training_matrix_ETHUSDT_binance_15m_long_20251214_184321_623'] INFO
[2026-01-01 01:29:41.146] 🐛 DEBUG: _load_metadata() checking versioned_artifacts/ETHUSDT_binance_1h_long_regime_macro_trend/metadata.json INFO
2026-01-01 01:29:41,147 - System.tprint - INFO - ℹ️ 🐛 DEBUG: _load_metadata() checking versioned_artifacts/ETHUSDT_binance_1h_long_regime_macro_trend/metadata.json INFO
[2026-01-01 01:29:41.146] 🐛 DEBUG: Metadata file exists, size: 17432 bytes INFO
2026-01-01 01:29:41,147 - System.tprint - INFO - ℹ️ 🐛 DEBUG: Metadata file exists, size: 17432 bytes INFO
[2026-01-01 01:29:41.146] 🐛 DEBUG: Successfully loaded metadata with 5 versions INFO
2026-01-01 01:29:41,147 - System.tprint - INFO - ℹ️ 🐛 DEBUG: Successfully loaded metadata with 5 versions INFO
[2026-01-01 01:29:41.146] 🐛 DEBUG: list_versions() called INFO
2026-01-01 01:29:41,147 - System.tprint - INFO - ℹ️ 🐛 DEBUG: list_versions() called INFO
[2026-01-01 01:29:41.147] 🐛 DEBUG: Metadata file exists: True INFO
2026-01-01 01:29:41,147 - System.tprint - INFO - ℹ️ 🐛 DEBUG: Metadata file exists: True INFO
[2026-01-01 01:29:41.147] 🐛 DEBUG: HDF5 file exists: True INFO
2026-01-01 01:29:41,147 - System.tprint - INFO - ℹ️ 🐛 DEBUG: HDF5 file exists: True INFO
[2026-01-01 01:29:41.147] 🐛 DEBUG: Reloading metadata to get latest versions INFO
2026-01-01 01:29:41,147 - System.tprint - INFO - ℹ️ 🐛 DEBUG: Reloading metadata to get latest versions INFO
[2026-01-01 01:29:41.147] 🐛 DEBUG: _load_metadata() checking versioned_artifacts/ETHUSDT_binance_1h_long_regime_macro_trend/metadata.json INFO
2026-01-01 01:29:41,147 - System.tprint - INFO - ℹ️ 🐛 DEBUG: _load_metadata() checking versioned_artifacts/ETHUSDT_binance_1h_long_regime_macro_trend/metadata.json INFO
[2026-01-01 01:29:41.147] 🐛 DEBUG: Metadata file exists, size: 17432 bytes INFO
2026-01-01 01:29:41,148 - System.tprint - INFO - ℹ️ 🐛 DEBUG: Metadata file exists, size: 17432 bytes INFO
[2026-01-01 01:29:41.147] 🐛 DEBUG: Successfully loaded metadata with 5 versions INFO
2026-01-01 01:29:41,148 - System.tprint - INFO - ℹ️ 🐛 DEBUG: Successfully loaded metadata with 5 versions INFO
[2026-01-01 01:29:41.147] 🐛 DEBUG: Found 5 versions in metadata: ['hmm_macro_trend_regime_quality_1h_20251204_224507_427', 'hmm_macro_trend_regime_quality_1h_20251204_225044_960', 'hmm_macro_trend_regime_quality_1h_20251205_183537_791', 'hmm_macro_trend_regime_quality_1h_20251205_191709_242', 'hmm_macro_trend_regime_quality_1h_20251213_170722_488'] INFO
2026-01-01 01:29:41,148 - System.tprint - INFO - ℹ️ 🐛 DEBUG: Found 5 versions in metadata: ['hmm_macro_trend_regime_quality_1h_20251204_224507_427', 'hmm_macro_trend_regime_quality_1h_20251204_225044_960', 'hmm_macro_trend_regime_quality_1h_20251205_183537_791', 'hmm_macro_trend_regime_quality_1h_20251205_191709_242', 'hmm_macro_trend_regime_quality_1h_20251213_170722_488'] INFO
[2026-01-01 01:29:41.149] 🐛 DEBUG: Found 5 versions in HDF5: ['hmm_macro_trend_regime_quality_1h_20251204_224507_427', 'hmm_macro_trend_regime_quality_1h_20251204_225044_960', 'hmm_macro_trend_regime_quality_1h_20251205_183537_791', 'hmm_macro_trend_regime_quality_1h_20251205_191709_242', 'hmm_macro_trend_regime_quality_1h_20251213_170722_488'] INFO
2026-01-01 01:29:41,149 - System.tprint - INFO - ℹ️ 🐛 DEBUG: Found 5 versions in HDF5: ['hmm_macro_trend_regime_quality_1h_20251204_224507_427', 'hmm_macro_trend_regime_quality_1h_20251204_225044_960', 'hmm_macro_trend_regime_quality_1h_20251205_183537_791', 'hmm_macro_trend_regime_quality_1h_20251205_191709_242', 'hmm_macro_trend_regime_quality_1h_20251213_170722_488'] INFO
[2026-01-01 01:29:41.149] 🐛 DEBUG: _load_metadata() checking versioned_artifacts/ETHUSDT_binance_1h_long_regime/metadata.json INFO
2026-01-01 01:29:41,149 - System.tprint - INFO - ℹ️ 🐛 DEBUG: _load_metadata() checking versioned_artifacts/ETHUSDT_binance_1h_long_regime/metadata.json INFO
[2026-01-01 01:29:41.149] 🐛 DEBUG: Metadata file exists, size: 3249 bytes INFO
2026-01-01 01:29:41,149 - System.tprint - INFO - ℹ️ 🐛 DEBUG: Metadata file exists, size: 3249 bytes INFO
[2026-01-01 01:29:41.149] 🐛 DEBUG: Successfully loaded metadata with 5 versions INFO
2026-01-01 01:29:41,149 - System.tprint - INFO - ℹ️ 🐛 DEBUG: Successfully loaded metadata with 5 versions INFO
[2026-01-01 01:29:41.149] 🐛 DEBUG: list_versions() called INFO
2026-01-01 01:29:41,150 - System.tprint - INFO - ℹ️ 🐛 DEBUG: list_versions() called INFO
[2026-01-01 01:29:41.149] 🐛 DEBUG: Metadata file exists: True INFO
2026-01-01 01:29:41,150 - System.tprint - INFO - ℹ️ 🐛 DEBUG: Metadata file exists: True INFO
[2026-01-01 01:29:41.150] 🐛 DEBUG: HDF5 file exists: True INFO
2026-01-01 01:29:41,150 - System.tprint - INFO - ℹ️ 🐛 DEBUG: HDF5 file exists: True INFO
[2026-01-01 01:29:41.150] 🐛 DEBUG: Reloading metadata to get latest versions INFO
2026-01-01 01:29:41,150 - System.tprint - INFO - ℹ️ 🐛 DEBUG: Reloading metadata to get latest versions INFO
[2026-01-01 01:29:41.150] 🐛 DEBUG: _load_metadata() checking versioned_artifacts/ETHUSDT_binance_1h_long_regime/metadata.json INFO
2026-01-01 01:29:41,150 - System.tprint - INFO - ℹ️ 🐛 DEBUG: _load_metadata() checking versioned_artifacts/ETHUSDT_binance_1h_long_regime/metadata.json INFO
[2026-01-01 01:29:41.150] 🐛 DEBUG: Metadata file exists, size: 3249 bytes INFO
2026-01-01 01:29:41,150 - System.tprint - INFO - ℹ️ 🐛 DEBUG: Metadata file exists, size: 3249 bytes INFO
[2026-01-01 01:29:41.150] 🐛 DEBUG: Successfully loaded metadata with 5 versions INFO
2026-01-01 01:29:41,150 - System.tprint - INFO - ℹ️ 🐛 DEBUG: Successfully loaded metadata with 5 versions INFO
[2026-01-01 01:29:41.150] 🐛 DEBUG: Found 5 versions in metadata: ['rolling_hmm_regime_confidence_features_20251122_003448_094', 'rolling_hmm_economic_features_20251122_003448_124', 'rolling_hmm_regime_labels_20251122_003448_165', 'rolling_hmm_regime_probabilities_20251122_003448_178', 'rolling_hmm_transition_matrix_20251122_003448_193'] INFO
2026-01-01 01:29:41,150 - System.tprint - INFO - ℹ️ 🐛 DEBUG: Found 5 versions in metadata: ['rolling_hmm_regime_confidence_features_20251122_003448_094', 'rolling_hmm_economic_features_20251122_003448_124', 'rolling_hmm_regime_labels_20251122_003448_165', 'rolling_hmm_regime_probabilities_20251122_003448_178', 'rolling_hmm_transition_matrix_20251122_003448_193'] INFO
[2026-01-01 01:29:41.151] 🐛 DEBUG: Found 5 versions in HDF5: ['rolling_hmm_economic_features_20251122_003448_124', 'rolling_hmm_regime_confidence_features_20251122_003448_094', 'rolling_hmm_regime_labels_20251122_003448_165', 'rolling_hmm_regime_probabilities_20251122_003448_178', 'rolling_hmm_transition_matrix_20251122_003448_193'] INFO
2026-01-01 01:29:41,151 - System.tprint - INFO - ℹ️ 🐛 DEBUG: Found 5 versions in HDF5: ['rolling_hmm_economic_features_20251122_003448_124', 'rolling_hmm_regime_confidence_features_20251122_003448_094', 'rolling_hmm_regime_labels_20251122_003448_165', 'rolling_hmm_regime_probabilities_20251122_003448_178', 'rolling_hmm_transition_matrix_20251122_003448_193'] INFO
[2026-01-01 01:29:41.151] 🐛 DEBUG: _load_metadata() checking versioned_artifacts/ETHUSDT_binance_15m_long_blank/metadata.json INFO
2026-01-01 01:29:41,151 - System.tprint - INFO - ℹ️ 🐛 DEBUG: _load_metadata() checking versioned_artifacts/ETHUSDT_binance_15m_long_blank/metadata.json INFO
[2026-01-01 01:29:41.151] 🐛 DEBUG: Metadata file exists, size: 139 bytes INFO
2026-01-01 01:29:41,151 - System.tprint - INFO - ℹ️ 🐛 DEBUG: Metadata file exists, size: 139 bytes INFO
[2026-01-01 01:29:41.151] 🐛 DEBUG: Successfully loaded metadata with 0 versions INFO
2026-01-01 01:29:41,152 - System.tprint - INFO - ℹ️ 🐛 DEBUG: Successfully loaded metadata with 0 versions INFO
[2026-01-01 01:29:41.151] 🐛 DEBUG: list_versions() called INFO
2026-01-01 01:29:41,152 - System.tprint - INFO - ℹ️ 🐛 DEBUG: list_versions() called INFO
[2026-01-01 01:29:41.151] 🐛 DEBUG: Metadata file exists: True INFO
2026-01-01 01:29:41,152 - System.tprint - INFO - ℹ️ 🐛 DEBUG: Metadata file exists: True INFO
[2026-01-01 01:29:41.151] 🐛 DEBUG: HDF5 file exists: True INFO
2026-01-01 01:29:41,152 - System.tprint - INFO - ℹ️ 🐛 DEBUG: HDF5 file exists: True INFO
[2026-01-01 01:29:41.152] 🐛 DEBUG: Reloading metadata to get latest versions INFO
2026-01-01 01:29:41,152 - System.tprint - INFO - ℹ️ 🐛 DEBUG: Reloading metadata to get latest versions INFO
[2026-01-01 01:29:41.152] 🐛 DEBUG: _load_metadata() checking versioned_artifacts/ETHUSDT_binance_15m_long_blank/metadata.json INFO
2026-01-01 01:29:41,152 - System.tprint - INFO - ℹ️ 🐛 DEBUG: _load_metadata() checking versioned_artifacts/ETHUSDT_binance_15m_long_blank/metadata.json INFO
[2026-01-01 01:29:41.152] 🐛 DEBUG: Metadata file exists, size: 139 bytes INFO
2026-01-01 01:29:41,152 - System.tprint - INFO - ℹ️ 🐛 DEBUG: Metadata file exists, size: 139 bytes INFO
[2026-01-01 01:29:41.152] 🐛 DEBUG: Successfully loaded metadata with 0 versions INFO
2026-01-01 01:29:41,152 - System.tprint - INFO - ℹ️ 🐛 DEBUG: Successfully loaded metadata with 0 versions INFO
[2026-01-01 01:29:41.152] 🐛 DEBUG: Found 0 versions in metadata: [] INFO
2026-01-01 01:29:41,152 - System.tprint - INFO - ℹ️ 🐛 DEBUG: Found 0 versions in metadata: [] INFO
[2026-01-01 01:29:41.152] 🐛 DEBUG: Found 0 versions in HDF5: [] INFO
2026-01-01 01:29:41,153 - System.tprint - INFO - ℹ️ 🐛 DEBUG: Found 0 versions in HDF5: [] INFO
[2026-01-01 01:29:41.153] 🐛 DEBUG: _load_metadata() checking versioned_artifacts/ETHUSDT_binance_15m_long_regime_alpha/metadata.json INFO
2026-01-01 01:29:41,153 - System.tprint - INFO - ℹ️ 🐛 DEBUG: _load_metadata() checking versioned_artifacts/ETHUSDT_binance_15m_long_regime_alpha/metadata.json INFO
[2026-01-01 01:29:41.153] 🐛 DEBUG: Metadata file exists, size: 139 bytes INFO
2026-01-01 01:29:41,153 - System.tprint - INFO - ℹ️ 🐛 DEBUG: Metadata file exists, size: 139 bytes INFO
[2026-01-01 01:29:41.153] 🐛 DEBUG: Successfully loaded metadata with 0 versions INFO
2026-01-01 01:29:41,154 - System.tprint - INFO - ℹ️ 🐛 DEBUG: Successfully loaded metadata with 0 versions INFO
[2026-01-01 01:29:41.153] 🐛 DEBUG: list_versions() called INFO
2026-01-01 01:29:41,154 - System.tprint - INFO - ℹ️ 🐛 DEBUG: list_versions() called INFO
[2026-01-01 01:29:41.153] 🐛 DEBUG: Metadata file exists: True INFO
2026-01-01 01:29:41,154 - System.tprint - INFO - ℹ️ 🐛 DEBUG: Metadata file exists: True INFO
[2026-01-01 01:29:41.153] 🐛 DEBUG: HDF5 file exists: True INFO
2026-01-01 01:29:41,154 - System.tprint - INFO - ℹ️ 🐛 DEBUG: HDF5 file exists: True INFO
[2026-01-01 01:29:41.153] 🐛 DEBUG: Reloading metadata to get latest versions INFO
2026-01-01 01:29:41,154 - System.tprint - INFO - ℹ️ 🐛 DEBUG: Reloading metadata to get latest versions INFO
[2026-01-01 01:29:41.153] 🐛 DEBUG: _load_metadata() checking versioned_artifacts/ETHUSDT_binance_15m_long_regime_alpha/metadata.json INFO
2026-01-01 01:29:41,154 - System.tprint - INFO - ℹ️ 🐛 DEBUG: _load_metadata() checking versioned_artifacts/ETHUSDT_binance_15m_long_regime_alpha/metadata.json INFO
[2026-01-01 01:29:41.153] 🐛 DEBUG: Metadata file exists, size: 139 bytes INFO
2026-01-01 01:29:41,154 - System.tprint - INFO - ℹ️ 🐛 DEBUG: Metadata file exists, size: 139 bytes INFO
[2026-01-01 01:29:41.154] 🐛 DEBUG: Successfully loaded metadata with 0 versions INFO
2026-01-01 01:29:41,154 - System.tprint - INFO - ℹ️ 🐛 DEBUG: Successfully loaded metadata with 0 versions INFO
[2026-01-01 01:29:41.154] 🐛 DEBUG: Found 0 versions in metadata: [] INFO
2026-01-01 01:29:41,154 - System.tprint - INFO - ℹ️ 🐛 DEBUG: Found 0 versions in metadata: [] INFO
[2026-01-01 01:29:41.154] 🐛 DEBUG: Found 0 versions in HDF5: [] INFO
2026-01-01 01:29:41,155 - System.tprint - INFO - ℹ️ 🐛 DEBUG: Found 0 versions in HDF5: [] INFO
2026-01-01 01:29:41,156 - System.ArtifactManager - WARNING - ⚠️ Artifact not found: klines_data
2026-01-01 01:29:41,156 - System.ArtifactManager - INFO - ℹ️ 📁 Context set: step=meta_labeling_hpo_sample_weighted, symbol=None, exchange=None, timeframe=None, datetime=2026-01-01 01:29:41.055129, information=None, direction=long, model=Analyst
[2026-01-01 01:29:41.156] ⚠️ Artifact 'klines_data' not found in any storage | UNKNOWN/binance [15m] long/analyst
2026-01-01 01:29:41,156 - System.tprint - INFO - ℹ️ ⚠️ Artifact 'klines_data' not found in any storage | UNKNOWN/binance [15m] long/analyst
2026-01-01 01:29:41,156 - System.ArtifactManager - INFO - ℹ️ 📁 Context set: step=data_collection, symbol=ETHUSDT, exchange=binance, timeframe=15m, datetime=2026-01-01 00:29:41.156266, information=None, direction=long, model=Analyst
[2026-01-01 01:29:41.156] 📂 Retrieving artifact 'market_data' (type: data) | UNKNOWN/binance [15m] long/analyst
2026-01-01 01:29:41,156 - System.tprint - INFO - ℹ️ 📂 Retrieving artifact 'market_data' (type: data) | UNKNOWN/binance [15m] long/analyst
[2026-01-01 01:29:41.156] 🐛 DEBUG: _get_versioned_store() with store_key: UNKNOWN_binance_15m_long_analyst INFO
2026-01-01 01:29:41,156 - System.tprint - INFO - ℹ️ 🐛 DEBUG: _get_versioned_store() with store_key: UNKNOWN_binance_15m_long_analyst INFO
[2026-01-01 01:29:41.156] 🐛 DEBUG: Using existing cached store for UNKNOWN_binance_15m_long_analyst INFO
2026-01-01 01:29:41,156 - System.tprint - INFO - ℹ️ 🐛 DEBUG: Using existing cached store for UNKNOWN_binance_15m_long_analyst INFO
[2026-01-01 01:29:41.156] 🐛 DEBUG: get_statistics() called INFO
2026-01-01 01:29:41,156 - System.tprint - INFO - ℹ️ 🐛 DEBUG: get_statistics() called INFO
[2026-01-01 01:29:41.156] 🐛 DEBUG: Reloading metadata for statistics INFO
2026-01-01 01:29:41,156 - System.tprint - INFO - ℹ️ 🐛 DEBUG: Reloading metadata for statistics INFO
[2026-01-01 01:29:41.156] 🐛 DEBUG: _load_metadata() checking versioned_artifacts/UNKNOWN_binance_15m_long_analyst/metadata.json INFO
2026-01-01 01:29:41,156 - System.tprint - INFO - ℹ️ 🐛 DEBUG: _load_metadata() checking versioned_artifacts/UNKNOWN_binance_15m_long_analyst/metadata.json INFO
[2026-01-01 01:29:41.156] 🐛 DEBUG: Metadata file exists, size: 15351 bytes INFO
2026-01-01 01:29:41,156 - System.tprint - INFO - ℹ️ 🐛 DEBUG: Metadata file exists, size: 15351 bytes INFO
[2026-01-01 01:29:41.156] 🐛 DEBUG: Successfully loaded metadata with 5 versions INFO
2026-01-01 01:29:41,157 - System.tprint - INFO - ℹ️ 🐛 DEBUG: Successfully loaded metadata with 5 versions INFO
[2026-01-01 01:29:41.156] 🐛 DEBUG: Statistics - num_versions: 5 INFO
2026-01-01 01:29:41,157 - System.tprint - INFO - ℹ️ 🐛 DEBUG: Statistics - num_versions: 5 INFO
[2026-01-01 01:29:41.157] 🐛 DEBUG: Statistics - current_version: final_validation_metrics_20251116_161159_946 INFO
2026-01-01 01:29:41,157 - System.tprint - INFO - ℹ️ 🐛 DEBUG: Statistics - current_version: final_validation_metrics_20251116_161159_946 INFO
[2026-01-01 01:29:41.157] 🐛 DEBUG: Statistics - h5_file_size_mb: 280.5141086578369 INFO
2026-01-01 01:29:41,157 - System.tprint - INFO - ℹ️ 🐛 DEBUG: Statistics - h5_file_size_mb: 280.5141086578369 INFO
[2026-01-01 01:29:41.157] 🐛 DEBUG: Existing store statistics: {'store_path': 'versioned_artifacts/UNKNOWN_binance_15m_long_analyst', 'num_versions': 5, 'current_version': 'final_validation_metrics_20251116_161159_946', 'created_at': '2025-11-07T18:22:44.911801', 'h5_file_size_mb': 280.5141086578369, 'chunking': {'chunk_rows': 'auto', 'chunk_cols': 'auto'}, 'changelog': {'total_changes': 305, 'changes_by_type': {'add_data': 305}, 'top_versions': {'analyst_interaction_features_20251108_161950_019': 1, 'analyst_interaction_features_20251108_164300_578': 1, 'analyst_interaction_features_20251108_171945_952': 1, 'analyst_interaction_features_20251108_175314_530': 1, 'analyst_interaction_features_20251108_180922_905': 1, 'analyst_interaction_features_20251108_184752_938': 1, 'analyst_interaction_features_20251108_191026_801': 1, 'analyst_interaction_features_20251111_185727_726': 1, 'final_dataset_40_20251108_172617_791': 1, 'final_dataset_40_20251108_172829_013': 1}, 'time_range': {'earliest': '2025-11-07T18:27:00.789522', 'latest': '2025-11-24T21:16:51.681722'}}, 'row_versioning': {'total_rows_tracked': 0, 'total_versions': 0, 'average_versions_per_row': 0, 'most_versioned_rows': []}} INFO
2026-01-01 01:29:41,157 - System.tprint - INFO - ℹ️ 🐛 DEBUG: Existing store statistics: {'store_path': 'versioned_artifacts/UNKNOWN_binance_15m_long_analyst', 'num_versions': 5, 'current_version': 'final_validation_metrics_20251116_161159_946', 'created_at': '2025-11-07T18:22:44.911801', 'h5_file_size_mb': 280.5141086578369, 'chunking': {'chunk_rows': 'auto', 'chunk_cols': 'auto'}, 'changelog': {'total_changes': 305, 'changes_by_type': {'add_data': 305}, 'top_versions': {'analyst_interaction_features_20251108_161950_019': 1, 'analyst_interaction_features_20251108_164300_578': 1, 'analyst_interaction_features_20251108_171945_952': 1, 'analyst_interaction_features_20251108_175314_530': 1, 'analyst_interaction_features_20251108_180922_905': 1, 'analyst_interaction_features_20251108_184752_938': 1, 'analyst_interaction_features_20251108_191026_801': 1, 'analyst_interaction_features_20251111_185727_726': 1, 'final_dataset_40_20251108_172617_791': 1, 'final_dataset_40_20251108_172829_013': 1}, 'time_range': {'earliest': '2025-11-07T18:27:00.789522', 'latest': '2025-11-24T21:16:51.681722'}}, 'row_versioning': {'total_rows_tracked': 0, 'total_versions': 0, 'average_versions_per_row': 0, 'most_versioned_rows': []}} INFO
[2026-01-01 01:29:41.157] 🐛 DEBUG: list_versions() called INFO
2026-01-01 01:29:41,157 - System.tprint - INFO - ℹ️ 🐛 DEBUG: list_versions() called INFO
[2026-01-01 01:29:41.157] 🐛 DEBUG: Metadata file exists: True INFO
2026-01-01 01:29:41,158 - System.tprint - INFO - ℹ️ 🐛 DEBUG: Metadata file exists: True INFO
[2026-01-01 01:29:41.157] 🐛 DEBUG: HDF5 file exists: True INFO
2026-01-01 01:29:41,158 - System.tprint - INFO - ℹ️ 🐛 DEBUG: HDF5 file exists: True INFO
[2026-01-01 01:29:41.157] 🐛 DEBUG: Reloading metadata to get latest versions INFO
2026-01-01 01:29:41,158 - System.tprint - INFO - ℹ️ 🐛 DEBUG: Reloading metadata to get latest versions INFO
[2026-01-01 01:29:41.157] 🐛 DEBUG: _load_metadata() checking versioned_artifacts/UNKNOWN_binance_15m_long_analyst/metadata.json INFO
2026-01-01 01:29:41,158 - System.tprint - INFO - ℹ️ 🐛 DEBUG: _load_metadata() checking versioned_artifacts/UNKNOWN_binance_15m_long_analyst/metadata.json INFO
[2026-01-01 01:29:41.158] 🐛 DEBUG: Metadata file exists, size: 15351 bytes INFO
2026-01-01 01:29:41,158 - System.tprint - INFO - ℹ️ 🐛 DEBUG: Metadata file exists, size: 15351 bytes INFO
[2026-01-01 01:29:41.158] 🐛 DEBUG: Successfully loaded metadata with 5 versions INFO
2026-01-01 01:29:41,158 - System.tprint - INFO - ℹ️ 🐛 DEBUG: Successfully loaded metadata with 5 versions INFO
[2026-01-01 01:29:41.158] 🐛 DEBUG: Found 5 versions in metadata: ['final_dataset_60_20251116_161159_683', 'final_dataset_50_20251116_161159_720', 'final_dataset_40_20251116_161159_752', 'labeled_dataframe_20251116_161159_781', 'final_validation_metrics_20251116_161159_946'] INFO
2026-01-01 01:29:41,158 - System.tprint - INFO - ℹ️ 🐛 DEBUG: Found 5 versions in metadata: ['final_dataset_60_20251116_161159_683', 'final_dataset_50_20251116_161159_720', 'final_dataset_40_20251116_161159_752', 'labeled_dataframe_20251116_161159_781', 'final_validation_metrics_20251116_161159_946'] INFO
[2026-01-01 01:29:41.158] 🐛 DEBUG: Found 5 versions in HDF5: ['final_dataset_40_20251116_161159_752', 'final_dataset_50_20251116_161159_720', 'final_dataset_60_20251116_161159_683', 'final_validation_metrics_20251116_161159_946', 'labeled_dataframe_20251116_161159_781'] INFO
2026-01-01 01:29:41,158 - System.tprint - INFO - ℹ️ 🐛 DEBUG: Found 5 versions in HDF5: ['final_dataset_40_20251116_161159_752', 'final_dataset_50_20251116_161159_720', 'final_dataset_60_20251116_161159_683', 'final_validation_metrics_20251116_161159_946', 'labeled_dataframe_20251116_161159_781'] INFO
[2026-01-01 01:29:41.158] WARNING:   │  No matching versions in primary store
2026-01-01 01:29:41,158 - System.tprint - WARNING - ⚠️ │  No matching versions in primary store
[2026-01-01 01:29:41.158] 🐛 DEBUG: list_versions() called INFO
2026-01-01 01:29:41,158 - System.tprint - INFO - ℹ️ 🐛 DEBUG: list_versions() called INFO
[2026-01-01 01:29:41.158] 🐛 DEBUG: Metadata file exists: True INFO
2026-01-01 01:29:41,159 - System.tprint - INFO - ℹ️ 🐛 DEBUG: Metadata file exists: True INFO
[2026-01-01 01:29:41.158] 🐛 DEBUG: HDF5 file exists: True INFO
2026-01-01 01:29:41,159 - System.tprint - INFO - ℹ️ 🐛 DEBUG: HDF5 file exists: True INFO
[2026-01-01 01:29:41.158] 🐛 DEBUG: Reloading metadata to get latest versions INFO
2026-01-01 01:29:41,159 - System.tprint - INFO - ℹ️ 🐛 DEBUG: Reloading metadata to get latest versions INFO
[2026-01-01 01:29:41.158] 🐛 DEBUG: _load_metadata() checking versioned_artifacts/UNKNOWN_binance_15m_long_analyst/metadata.json INFO
2026-01-01 01:29:41,159 - System.tprint - INFO - ℹ️ 🐛 DEBUG: _load_metadata() checking versioned_artifacts/UNKNOWN_binance_15m_long_analyst/metadata.json INFO
[2026-01-01 01:29:41.159] 🐛 DEBUG: Metadata file exists, size: 15351 bytes INFO
2026-01-01 01:29:41,159 - System.tprint - INFO - ℹ️ 🐛 DEBUG: Metadata file exists, size: 15351 bytes INFO
[2026-01-01 01:29:41.159] 🐛 DEBUG: Successfully loaded metadata with 5 versions INFO
2026-01-01 01:29:41,159 - System.tprint - INFO - ℹ️ 🐛 DEBUG: Successfully loaded metadata with 5 versions INFO
[2026-01-01 01:29:41.159] 🐛 DEBUG: Found 5 versions in metadata: ['final_dataset_60_20251116_161159_683', 'final_dataset_50_20251116_161159_720', 'final_dataset_40_20251116_161159_752', 'labeled_dataframe_20251116_161159_781', 'final_validation_metrics_20251116_161159_946'] INFO
2026-01-01 01:29:41,159 - System.tprint - INFO - ℹ️ 🐛 DEBUG: Found 5 versions in metadata: ['final_dataset_60_20251116_161159_683', 'final_dataset_50_20251116_161159_720', 'final_dataset_40_20251116_161159_752', 'labeled_dataframe_20251116_161159_781', 'final_validation_metrics_20251116_161159_946'] INFO
[2026-01-01 01:29:41.159] 🐛 DEBUG: Found 5 versions in HDF5: ['final_dataset_40_20251116_161159_752', 'final_dataset_50_20251116_161159_720', 'final_dataset_60_20251116_161159_683', 'final_validation_metrics_20251116_161159_946', 'labeled_dataframe_20251116_161159_781'] INFO
2026-01-01 01:29:41,159 - System.tprint - INFO - ℹ️ 🐛 DEBUG: Found 5 versions in HDF5: ['final_dataset_40_20251116_161159_752', 'final_dataset_50_20251116_161159_720', 'final_dataset_60_20251116_161159_683', 'final_validation_metrics_20251116_161159_946', 'labeled_dataframe_20251116_161159_781'] INFO
[2026-01-01 01:29:41.159] WARNING:   │  ⚠️  Not found in any versioned store
2026-01-01 01:29:41,159 - System.tprint - WARNING - ⚠️ │  ⚠️  Not found in any versioned store
[2026-01-01 01:29:41.159] WARNING:   └─ Trying next storage method
2026-01-01 01:29:41,159 - System.tprint - WARNING - ⚠️ └─ Trying next storage method
[2026-01-01 01:29:41.159] ERROR: ┌──────────────────────────────────────────────────────────────────────────────┐
2026-01-01 01:29:41,160 - System.tprint - ERROR - ❌ ┌──────────────────────────────────────────────────────────────────────────────┐
[2026-01-01 01:29:41.159] ERROR: │  ❌ ARTIFACT ROUTER: LOAD FAILED - NOT FOUND                                │
2026-01-01 01:29:41,160 - System.tprint - ERROR - ❌ │  ❌ ARTIFACT ROUTER: LOAD FAILED - NOT FOUND                                │
[2026-01-01 01:29:41.159] ERROR: │  Artifact 'market_data' not found in any storage                        │ 
2026-01-01 01:29:41,160 - System.tprint - ERROR - ❌ │  Artifact 'market_data' not found in any storage                        │ 
[2026-01-01 01:29:41.159] ERROR: └──────────────────────────────────────────────────────────────────────────────┘
2026-01-01 01:29:41,160 - System.tprint - ERROR - ❌ └──────────────────────────────────────────────────────────────────────────────┘
2026-01-01 01:29:41,160 - ares.step.meta_labeling_hpo_sample_weighted - WARNING - ⚠️ Artifact 'market_data' not found via router, trying traditional manager
[2026-01-01 01:29:41.159] ⚠️ Trying fallback to traditional artifact manager | UNKNOWN/binance [15m] long/analyst
2026-01-01 01:29:41,160 - System.tprint - INFO - ℹ️ ⚠️ Trying fallback to traditional artifact manager | UNKNOWN/binance [15m] long/analyst
2026-01-01 01:29:41,160 - System.ArtifactManager - INFO - ℹ️ 📁 Context set: step=meta_labeling_hpo_sample_weighted, symbol=None, exchange=None, timeframe=15m, datetime=2026-01-01 01:29:41.055129, information=None, direction=long, model=Analyst
[2026-01-01 01:29:41.160] 🐛 DEBUG: _load_metadata() checking versioned_artifacts/UNKNOWN_binance_1h_long_analyst/metadata.json INFO
2026-01-01 01:29:41,161 - System.tprint - INFO - ℹ️ 🐛 DEBUG: _load_metadata() checking versioned_artifacts/UNKNOWN_binance_1h_long_analyst/metadata.json INFO
[2026-01-01 01:29:41.160] 🐛 DEBUG: Metadata file exists, size: 200 bytes INFO
2026-01-01 01:29:41,161 - System.tprint - INFO - ℹ️ 🐛 DEBUG: Metadata file exists, size: 200 bytes INFO
[2026-01-01 01:29:41.160] 🐛 DEBUG: Successfully loaded metadata with 0 versions INFO
2026-01-01 01:29:41,161 - System.tprint - INFO - ℹ️ 🐛 DEBUG: Successfully loaded metadata with 0 versions INFO
[2026-01-01 01:29:41.160] 🐛 DEBUG: list_versions() called INFO
2026-01-01 01:29:41,161 - System.tprint - INFO - ℹ️ 🐛 DEBUG: list_versions() called INFO
[2026-01-01 01:29:41.160] 🐛 DEBUG: Metadata file exists: True INFO
2026-01-01 01:29:41,161 - System.tprint - INFO - ℹ️ 🐛 DEBUG: Metadata file exists: True INFO
[2026-01-01 01:29:41.160] 🐛 DEBUG: HDF5 file exists: True INFO
2026-01-01 01:29:41,161 - System.tprint - INFO - ℹ️ 🐛 DEBUG: HDF5 file exists: True INFO
[2026-01-01 01:29:41.160] 🐛 DEBUG: Reloading metadata to get latest versions INFO
2026-01-01 01:29:41,161 - System.tprint - INFO - ℹ️ 🐛 DEBUG: Reloading metadata to get latest versions INFO
[2026-01-01 01:29:41.160] 🐛 DEBUG: _load_metadata() checking versioned_artifacts/UNKNOWN_binance_1h_long_analyst/metadata.json INFO
2026-01-01 01:29:41,161 - System.tprint - INFO - ℹ️ 🐛 DEBUG: _load_metadata() checking versioned_artifacts/UNKNOWN_binance_1h_long_analyst/metadata.json INFO
[2026-01-01 01:29:41.160] 🐛 DEBUG: Metadata file exists, size: 200 bytes INFO
2026-01-01 01:29:41,161 - System.tprint - INFO - ℹ️ 🐛 DEBUG: Metadata file exists, size: 200 bytes INFO
[2026-01-01 01:29:41.160] 🐛 DEBUG: Successfully loaded metadata with 0 versions INFO
2026-01-01 01:29:41,161 - System.tprint - INFO - ℹ️ 🐛 DEBUG: Successfully loaded metadata with 0 versions INFO
[2026-01-01 01:29:41.160] 🐛 DEBUG: Found 0 versions in metadata: [] INFO
2026-01-01 01:29:41,161 - System.tprint - INFO - ℹ️ 🐛 DEBUG: Found 0 versions in metadata: [] INFO
[2026-01-01 01:29:41.160] 🐛 DEBUG: Found 0 versions in HDF5: [] INFO
2026-01-01 01:29:41,161 - System.tprint - INFO - ℹ️ 🐛 DEBUG: Found 0 versions in HDF5: [] INFO
[2026-01-01 01:29:41.162] 🐛 DEBUG: _load_metadata() checking versioned_artifacts/UNKNOWN_binance_15m_long_analyst/metadata.json INFO
2026-01-01 01:29:41,162 - System.tprint - INFO - ℹ️ 🐛 DEBUG: _load_metadata() checking versioned_artifacts/UNKNOWN_binance_15m_long_analyst/metadata.json INFO
[2026-01-01 01:29:41.162] 🐛 DEBUG: Metadata file exists, size: 15351 bytes INFO
2026-01-01 01:29:41,162 - System.tprint - INFO - ℹ️ 🐛 DEBUG: Metadata file exists, size: 15351 bytes INFO
[2026-01-01 01:29:41.162] 🐛 DEBUG: Successfully loaded metadata with 5 versions INFO
2026-01-01 01:29:41,162 - System.tprint - INFO - ℹ️ 🐛 DEBUG: Successfully loaded metadata with 5 versions INFO
[2026-01-01 01:29:41.162] 🐛 DEBUG: list_versions() called INFO
2026-01-01 01:29:41,162 - System.tprint - INFO - ℹ️ 🐛 DEBUG: list_versions() called INFO
[2026-01-01 01:29:41.162] 🐛 DEBUG: Metadata file exists: True INFO
2026-01-01 01:29:41,162 - System.tprint - INFO - ℹ️ 🐛 DEBUG: Metadata file exists: True INFO
[2026-01-01 01:29:41.162] 🐛 DEBUG: HDF5 file exists: True INFO
2026-01-01 01:29:41,162 - System.tprint - INFO - ℹ️ 🐛 DEBUG: HDF5 file exists: True INFO
[2026-01-01 01:29:41.162] 🐛 DEBUG: Reloading metadata to get latest versions INFO
2026-01-01 01:29:41,162 - System.tprint - INFO - ℹ️ 🐛 DEBUG: Reloading metadata to get latest versions INFO
[2026-01-01 01:29:41.162] 🐛 DEBUG: _load_metadata() checking versioned_artifacts/UNKNOWN_binance_15m_long_analyst/metadata.json INFO
2026-01-01 01:29:41,162 - System.tprint - INFO - ℹ️ 🐛 DEBUG: _load_metadata() checking versioned_artifacts/UNKNOWN_binance_15m_long_analyst/metadata.json INFO
[2026-01-01 01:29:41.162] 🐛 DEBUG: Metadata file exists, size: 15351 bytes INFO
2026-01-01 01:29:41,162 - System.tprint - INFO - ℹ️ 🐛 DEBUG: Metadata file exists, size: 15351 bytes INFO
[2026-01-01 01:29:41.162] 🐛 DEBUG: Successfully loaded metadata with 5 versions INFO
2026-01-01 01:29:41,163 - System.tprint - INFO - ℹ️ 🐛 DEBUG: Successfully loaded metadata with 5 versions INFO
[2026-01-01 01:29:41.162] 🐛 DEBUG: Found 5 versions in metadata: ['final_dataset_60_20251116_161159_683', 'final_dataset_50_20251116_161159_720', 'final_dataset_40_20251116_161159_752', 'labeled_dataframe_20251116_161159_781', 'final_validation_metrics_20251116_161159_946'] INFO
2026-01-01 01:29:41,163 - System.tprint - INFO - ℹ️ 🐛 DEBUG: Found 5 versions in metadata: ['final_dataset_60_20251116_161159_683', 'final_dataset_50_20251116_161159_720', 'final_dataset_40_20251116_161159_752', 'labeled_dataframe_20251116_161159_781', 'final_validation_metrics_20251116_161159_946'] INFO
[2026-01-01 01:29:41.163] 🐛 DEBUG: Found 5 versions in HDF5: ['final_dataset_40_20251116_161159_752', 'final_dataset_50_20251116_161159_720', 'final_dataset_60_20251116_161159_683', 'final_validation_metrics_20251116_161159_946', 'labeled_dataframe_20251116_161159_781'] INFO
2026-01-01 01:29:41,163 - System.tprint - INFO - ℹ️ 🐛 DEBUG: Found 5 versions in HDF5: ['final_dataset_40_20251116_161159_752', 'final_dataset_50_20251116_161159_720', 'final_dataset_60_20251116_161159_683', 'final_validation_metrics_20251116_161159_946', 'labeled_dataframe_20251116_161159_781'] INFO
[2026-01-01 01:29:41.163] 🐛 DEBUG: _load_metadata() checking versioned_artifacts/ETHUSDT_binance_15m_long_sr_labeling_xgb/metadata.json INFO
2026-01-01 01:29:41,163 - System.tprint - INFO - ℹ️ 🐛 DEBUG: _load_metadata() checking versioned_artifacts/ETHUSDT_binance_15m_long_sr_labeling_xgb/metadata.json INFO
[2026-01-01 01:29:41.163] 🐛 DEBUG: Metadata file exists, size: 139 bytes INFO
2026-01-01 01:29:41,163 - System.tprint - INFO - ℹ️ 🐛 DEBUG: Metadata file exists, size: 139 bytes INFO
[2026-01-01 01:29:41.163] 🐛 DEBUG: Successfully loaded metadata with 0 versions INFO
2026-01-01 01:29:41,163 - System.tprint - INFO - ℹ️ 🐛 DEBUG: Successfully loaded metadata with 0 versions INFO
[2026-01-01 01:29:41.163] 🐛 DEBUG: list_versions() called INFO
2026-01-01 01:29:41,163 - System.tprint - INFO - ℹ️ 🐛 DEBUG: list_versions() called INFO
[2026-01-01 01:29:41.163] 🐛 DEBUG: Metadata file exists: True INFO
2026-01-01 01:29:41,163 - System.tprint - INFO - ℹ️ 🐛 DEBUG: Metadata file exists: True INFO
[2026-01-01 01:29:41.163] 🐛 DEBUG: HDF5 file exists: True INFO
2026-01-01 01:29:41,164 - System.tprint - INFO - ℹ️ 🐛 DEBUG: HDF5 file exists: True INFO
[2026-01-01 01:29:41.163] 🐛 DEBUG: Reloading metadata to get latest versions INFO
2026-01-01 01:29:41,164 - System.tprint - INFO - ℹ️ 🐛 DEBUG: Reloading metadata to get latest versions INFO
[2026-01-01 01:29:41.163] 🐛 DEBUG: _load_metadata() checking versioned_artifacts/ETHUSDT_binance_15m_long_sr_labeling_xgb/metadata.json INFO
2026-01-01 01:29:41,164 - System.tprint - INFO - ℹ️ 🐛 DEBUG: _load_metadata() checking versioned_artifacts/ETHUSDT_binance_15m_long_sr_labeling_xgb/metadata.json INFO
[2026-01-01 01:29:41.163] 🐛 DEBUG: Metadata file exists, size: 139 bytes INFO
2026-01-01 01:29:41,164 - System.tprint - INFO - ℹ️ 🐛 DEBUG: Metadata file exists, size: 139 bytes INFO
[2026-01-01 01:29:41.164] 🐛 DEBUG: Successfully loaded metadata with 0 versions INFO
2026-01-01 01:29:41,164 - System.tprint - INFO - ℹ️ 🐛 DEBUG: Successfully loaded metadata with 0 versions INFO
[2026-01-01 01:29:41.164] 🐛 DEBUG: Found 0 versions in metadata: [] INFO
2026-01-01 01:29:41,164 - System.tprint - INFO - ℹ️ 🐛 DEBUG: Found 0 versions in metadata: [] INFO
[2026-01-01 01:29:41.164] 🐛 DEBUG: Found 0 versions in HDF5: [] INFO
2026-01-01 01:29:41,164 - System.tprint - INFO - ℹ️ 🐛 DEBUG: Found 0 versions in HDF5: [] INFO
[2026-01-01 01:29:41.164] 🐛 DEBUG: _load_metadata() checking versioned_artifacts/ETHUSDT_binance_1h_long_breakout_bounce/metadata.json INFO
2026-01-01 01:29:41,164 - System.tprint - INFO - ℹ️ 🐛 DEBUG: _load_metadata() checking versioned_artifacts/ETHUSDT_binance_1h_long_breakout_bounce/metadata.json INFO
[2026-01-01 01:29:41.164] 🐛 DEBUG: Metadata file exists, size: 11462 bytes INFO
2026-01-01 01:29:41,164 - System.tprint - INFO - ℹ️ 🐛 DEBUG: Metadata file exists, size: 11462 bytes INFO
[2026-01-01 01:29:41.164] 🐛 DEBUG: Successfully loaded metadata with 5 versions INFO
2026-01-01 01:29:41,165 - System.tprint - INFO - ℹ️ 🐛 DEBUG: Successfully loaded metadata with 5 versions INFO
[2026-01-01 01:29:41.164] 🐛 DEBUG: list_versions() called INFO
2026-01-01 01:29:41,165 - System.tprint - INFO - ℹ️ 🐛 DEBUG: list_versions() called INFO
[2026-01-01 01:29:41.164] 🐛 DEBUG: Metadata file exists: True INFO
2026-01-01 01:29:41,165 - System.tprint - INFO - ℹ️ 🐛 DEBUG: Metadata file exists: True INFO
[2026-01-01 01:29:41.164] 🐛 DEBUG: HDF5 file exists: True INFO
2026-01-01 01:29:41,165 - System.tprint - INFO - ℹ️ 🐛 DEBUG: HDF5 file exists: True INFO
[2026-01-01 01:29:41.165] 🐛 DEBUG: Reloading metadata to get latest versions INFO
2026-01-01 01:29:41,165 - System.tprint - INFO - ℹ️ 🐛 DEBUG: Reloading metadata to get latest versions INFO
[2026-01-01 01:29:41.165] 🐛 DEBUG: _load_metadata() checking versioned_artifacts/ETHUSDT_binance_1h_long_breakout_bounce/metadata.json INFO
2026-01-01 01:29:41,165 - System.tprint - INFO - ℹ️ 🐛 DEBUG: _load_metadata() checking versioned_artifacts/ETHUSDT_binance_1h_long_breakout_bounce/metadata.json INFO
[2026-01-01 01:29:41.165] 🐛 DEBUG: Metadata file exists, size: 11462 bytes INFO
2026-01-01 01:29:41,165 - System.tprint - INFO - ℹ️ 🐛 DEBUG: Metadata file exists, size: 11462 bytes INFO
[2026-01-01 01:29:41.165] 🐛 DEBUG: Successfully loaded metadata with 5 versions INFO
2026-01-01 01:29:41,165 - System.tprint - INFO - ℹ️ 🐛 DEBUG: Successfully loaded metadata with 5 versions INFO
[2026-01-01 01:29:41.165] 🐛 DEBUG: Found 5 versions in metadata: ['ml_breakout_bounce_training_data_1h_20251123_144326_526', 'ml_breakout_bounce_training_data_1h_20251123_153924_083', 'ml_breakout_bounce_training_data_1h_20251123_160312_391', 'ml_breakout_bounce_training_data_1h_20251123_160800_355', 'ml_breakout_bounce_training_data_1h_20251123_162859_853'] INFO
2026-01-01 01:29:41,165 - System.tprint - INFO - ℹ️ 🐛 DEBUG: Found 5 versions in metadata: ['ml_breakout_bounce_training_data_1h_20251123_144326_526', 'ml_breakout_bounce_training_data_1h_20251123_153924_083', 'ml_breakout_bounce_training_data_1h_20251123_160312_391', 'ml_breakout_bounce_training_data_1h_20251123_160800_355', 'ml_breakout_bounce_training_data_1h_20251123_162859_853'] INFO
[2026-01-01 01:29:41.165] 🐛 DEBUG: Found 5 versions in HDF5: ['ml_breakout_bounce_training_data_1h_20251123_144326_526', 'ml_breakout_bounce_training_data_1h_20251123_153924_083', 'ml_breakout_bounce_training_data_1h_20251123_160312_391', 'ml_breakout_bounce_training_data_1h_20251123_160800_355', 'ml_breakout_bounce_training_data_1h_20251123_162859_853'] INFO
2026-01-01 01:29:41,166 - System.tprint - INFO - ℹ️ 🐛 DEBUG: Found 5 versions in HDF5: ['ml_breakout_bounce_training_data_1h_20251123_144326_526', 'ml_breakout_bounce_training_data_1h_20251123_153924_083', 'ml_breakout_bounce_training_data_1h_20251123_160312_391', 'ml_breakout_bounce_training_data_1h_20251123_160800_355', 'ml_breakout_bounce_training_data_1h_20251123_162859_853'] INFO
[2026-01-01 01:29:41.165] 🐛 DEBUG: _load_metadata() checking versioned_artifacts/ETHUSDT_binance_15m_long_liquidity_regime/metadata.json INFO
2026-01-01 01:29:41,166 - System.tprint - INFO - ℹ️ 🐛 DEBUG: _load_metadata() checking versioned_artifacts/ETHUSDT_binance_15m_long_liquidity_regime/metadata.json INFO
[2026-01-01 01:29:41.165] 🐛 DEBUG: Metadata file exists, size: 17282 bytes INFO
2026-01-01 01:29:41,166 - System.tprint - INFO - ℹ️ 🐛 DEBUG: Metadata file exists, size: 17282 bytes INFO
[2026-01-01 01:29:41.166] 🐛 DEBUG: Successfully loaded metadata with 6 versions INFO
2026-01-01 01:29:41,166 - System.tprint - INFO - ℹ️ 🐛 DEBUG: Successfully loaded metadata with 6 versions INFO
[2026-01-01 01:29:41.166] 🐛 DEBUG: list_versions() called INFO
2026-01-01 01:29:41,166 - System.tprint - INFO - ℹ️ 🐛 DEBUG: list_versions() called INFO
[2026-01-01 01:29:41.166] 🐛 DEBUG: Metadata file exists: True INFO
2026-01-01 01:29:41,166 - System.tprint - INFO - ℹ️ 🐛 DEBUG: Metadata file exists: True INFO
[2026-01-01 01:29:41.166] 🐛 DEBUG: HDF5 file exists: True INFO
2026-01-01 01:29:41,166 - System.tprint - INFO - ℹ️ 🐛 DEBUG: HDF5 file exists: True INFO
[2026-01-01 01:29:41.166] 🐛 DEBUG: Reloading metadata to get latest versions INFO
2026-01-01 01:29:41,166 - System.tprint - INFO - ℹ️ 🐛 DEBUG: Reloading metadata to get latest versions INFO
[2026-01-01 01:29:41.166] 🐛 DEBUG: _load_metadata() checking versioned_artifacts/ETHUSDT_binance_15m_long_liquidity_regime/metadata.json INFO
2026-01-01 01:29:41,166 - System.tprint - INFO - ℹ️ 🐛 DEBUG: _load_metadata() checking versioned_artifacts/ETHUSDT_binance_15m_long_liquidity_regime/metadata.json INFO
[2026-01-01 01:29:41.166] 🐛 DEBUG: Metadata file exists, size: 17282 bytes INFO
2026-01-01 01:29:41,166 - System.tprint - INFO - ℹ️ 🐛 DEBUG: Metadata file exists, size: 17282 bytes INFO
[2026-01-01 01:29:41.166] 🐛 DEBUG: Successfully loaded metadata with 6 versions INFO
2026-01-01 01:29:41,167 - System.tprint - INFO - ℹ️ 🐛 DEBUG: Successfully loaded metadata with 6 versions INFO
[2026-01-01 01:29:41.166] 🐛 DEBUG: Found 6 versions in metadata: ['ml_liquidity_regime_probs_15m_20251213_170827_692', 'ml_liquidity_training_data_15m_20251213_221548_209', 'ml_liquidity_regime_probs_15m_20251231_170726_502', 'ml_liquidity_training_data_15m_20251231_170859_400', 'ml_liquidity_regime_probs_15m_20251231_172132_488', 'ml_liquidity_training_data_15m_20251231_172224_742'] INFO
2026-01-01 01:29:41,167 - System.tprint - INFO - ℹ️ 🐛 DEBUG: Found 6 versions in metadata: ['ml_liquidity_regime_probs_15m_20251213_170827_692', 'ml_liquidity_training_data_15m_20251213_221548_209', 'ml_liquidity_regime_probs_15m_20251231_170726_502', 'ml_liquidity_training_data_15m_20251231_170859_400', 'ml_liquidity_regime_probs_15m_20251231_172132_488', 'ml_liquidity_training_data_15m_20251231_172224_742'] INFO
[2026-01-01 01:29:41.166] 🐛 DEBUG: Found 6 versions in HDF5: ['ml_liquidity_regime_probs_15m_20251213_170827_692', 'ml_liquidity_regime_probs_15m_20251231_170726_502', 'ml_liquidity_regime_probs_15m_20251231_172132_488', 'ml_liquidity_training_data_15m_20251213_221548_209', 'ml_liquidity_training_data_15m_20251231_170859_400', 'ml_liquidity_training_data_15m_20251231_172224_742'] INFO
2026-01-01 01:29:41,167 - System.tprint - INFO - ℹ️ 🐛 DEBUG: Found 6 versions in HDF5: ['ml_liquidity_regime_probs_15m_20251213_170827_692', 'ml_liquidity_regime_probs_15m_20251231_170726_502', 'ml_liquidity_regime_probs_15m_20251231_172132_488', 'ml_liquidity_training_data_15m_20251213_221548_209', 'ml_liquidity_training_data_15m_20251231_170859_400', 'ml_liquidity_training_data_15m_20251231_172224_742'] INFO
[2026-01-01 01:29:41.167] 🐛 DEBUG: _load_metadata() checking versioned_artifacts/ETHUSDT_binance_15m_long_regime_risk/metadata.json INFO
2026-01-01 01:29:41,167 - System.tprint - INFO - ℹ️ 🐛 DEBUG: _load_metadata() checking versioned_artifacts/ETHUSDT_binance_15m_long_regime_risk/metadata.json INFO
[2026-01-01 01:29:41.167] 🐛 DEBUG: Metadata file exists, size: 200 bytes INFO
2026-01-01 01:29:41,167 - System.tprint - INFO - ℹ️ 🐛 DEBUG: Metadata file exists, size: 200 bytes INFO
[2026-01-01 01:29:41.167] 🐛 DEBUG: Successfully loaded metadata with 0 versions INFO
2026-01-01 01:29:41,167 - System.tprint - INFO - ℹ️ 🐛 DEBUG: Successfully loaded metadata with 0 versions INFO
[2026-01-01 01:29:41.167] 🐛 DEBUG: list_versions() called INFO
2026-01-01 01:29:41,167 - System.tprint - INFO - ℹ️ 🐛 DEBUG: list_versions() called INFO
[2026-01-01 01:29:41.167] 🐛 DEBUG: Metadata file exists: True INFO
2026-01-01 01:29:41,168 - System.tprint - INFO - ℹ️ 🐛 DEBUG: Metadata file exists: True INFO
[2026-01-01 01:29:41.167] 🐛 DEBUG: HDF5 file exists: True INFO
2026-01-01 01:29:41,168 - System.tprint - INFO - ℹ️ 🐛 DEBUG: HDF5 file exists: True INFO
[2026-01-01 01:29:41.167] 🐛 DEBUG: Reloading metadata to get latest versions INFO
2026-01-01 01:29:41,168 - System.tprint - INFO - ℹ️ 🐛 DEBUG: Reloading metadata to get latest versions INFO
[2026-01-01 01:29:41.167] 🐛 DEBUG: _load_metadata() checking versioned_artifacts/ETHUSDT_binance_15m_long_regime_risk/metadata.json INFO
2026-01-01 01:29:41,168 - System.tprint - INFO - ℹ️ 🐛 DEBUG: _load_metadata() checking versioned_artifacts/ETHUSDT_binance_15m_long_regime_risk/metadata.json INFO
[2026-01-01 01:29:41.167] 🐛 DEBUG: Metadata file exists, size: 200 bytes INFO
2026-01-01 01:29:41,168 - System.tprint - INFO - ℹ️ 🐛 DEBUG: Metadata file exists, size: 200 bytes INFO
[2026-01-01 01:29:41.167] 🐛 DEBUG: Successfully loaded metadata with 0 versions INFO
2026-01-01 01:29:41,168 - System.tprint - INFO - ℹ️ 🐛 DEBUG: Successfully loaded metadata with 0 versions INFO
[2026-01-01 01:29:41.167] 🐛 DEBUG: Found 0 versions in metadata: [] INFO
2026-01-01 01:29:41,168 - System.tprint - INFO - ℹ️ 🐛 DEBUG: Found 0 versions in metadata: [] INFO
[2026-01-01 01:29:41.167] 🐛 DEBUG: Found 0 versions in HDF5: [] INFO
2026-01-01 01:29:41,168 - System.tprint - INFO - ℹ️ 🐛 DEBUG: Found 0 versions in HDF5: [] INFO
[2026-01-01 01:29:41.168] 🐛 DEBUG: _load_metadata() checking versioned_artifacts/ETHUSDT_binance_15m_long_breakout_bounce_regime/metadata.json INFO
2026-01-01 01:29:41,168 - System.tprint - INFO - ℹ️ 🐛 DEBUG: _load_metadata() checking versioned_artifacts/ETHUSDT_binance_15m_long_breakout_bounce_regime/metadata.json INFO
[2026-01-01 01:29:41.168] 🐛 DEBUG: Metadata file does not exist, returning default metadata INFO
2026-01-01 01:29:41,169 - System.tprint - INFO - ℹ️ 🐛 DEBUG: Metadata file does not exist, returning default metadata INFO
[2026-01-01 01:29:41.168] 🐛 DEBUG: list_versions() called INFO
2026-01-01 01:29:41,169 - System.tprint - INFO - ℹ️ 🐛 DEBUG: list_versions() called INFO
[2026-01-01 01:29:41.168] 🐛 DEBUG: Metadata file exists: False INFO
2026-01-01 01:29:41,169 - System.tprint - INFO - ℹ️ 🐛 DEBUG: Metadata file exists: False INFO
[2026-01-01 01:29:41.168] 🐛 DEBUG: HDF5 file exists: True INFO
2026-01-01 01:29:41,169 - System.tprint - INFO - ℹ️ 🐛 DEBUG: HDF5 file exists: True INFO
[2026-01-01 01:29:41.168] 🐛 DEBUG: Reloading metadata to get latest versions INFO
2026-01-01 01:29:41,169 - System.tprint - INFO - ℹ️ 🐛 DEBUG: Reloading metadata to get latest versions INFO
[2026-01-01 01:29:41.168] 🐛 DEBUG: _load_metadata() checking versioned_artifacts/ETHUSDT_binance_15m_long_breakout_bounce_regime/metadata.json INFO
2026-01-01 01:29:41,169 - System.tprint - INFO - ℹ️ 🐛 DEBUG: _load_metadata() checking versioned_artifacts/ETHUSDT_binance_15m_long_breakout_bounce_regime/metadata.json INFO
[2026-01-01 01:29:41.168] 🐛 DEBUG: Metadata file does not exist, returning default metadata INFO
2026-01-01 01:29:41,169 - System.tprint - INFO - ℹ️ 🐛 DEBUG: Metadata file does not exist, returning default metadata INFO
[2026-01-01 01:29:41.168] 🐛 DEBUG: Found 0 versions in metadata: [] INFO
2026-01-01 01:29:41,169 - System.tprint - INFO - ℹ️ 🐛 DEBUG: Found 0 versions in metadata: [] INFO
[2026-01-01 01:29:41.168] 🐛 DEBUG: Found 0 versions in HDF5: [] INFO
2026-01-01 01:29:41,169 - System.tprint - INFO - ℹ️ 🐛 DEBUG: Found 0 versions in HDF5: [] INFO
[2026-01-01 01:29:41.169] 🐛 DEBUG: _load_metadata() checking versioned_artifacts/ETHUSDT_binance_15m_long_volume_force/metadata.json INFO
2026-01-01 01:29:41,169 - System.tprint - INFO - ℹ️ 🐛 DEBUG: _load_metadata() checking versioned_artifacts/ETHUSDT_binance_15m_long_volume_force/metadata.json INFO
[2026-01-01 01:29:41.169] 🐛 DEBUG: Metadata file exists, size: 11876 bytes INFO
2026-01-01 01:29:41,170 - System.tprint - INFO - ℹ️ 🐛 DEBUG: Metadata file exists, size: 11876 bytes INFO
[2026-01-01 01:29:41.169] 🐛 DEBUG: Successfully loaded metadata with 7 versions INFO
2026-01-01 01:29:41,170 - System.tprint - INFO - ℹ️ 🐛 DEBUG: Successfully loaded metadata with 7 versions INFO
[2026-01-01 01:29:41.169] 🐛 DEBUG: list_versions() called INFO
2026-01-01 01:29:41,170 - System.tprint - INFO - ℹ️ 🐛 DEBUG: list_versions() called INFO
[2026-01-01 01:29:41.169] 🐛 DEBUG: Metadata file exists: True INFO
2026-01-01 01:29:41,170 - System.tprint - INFO - ℹ️ 🐛 DEBUG: Metadata file exists: True INFO
[2026-01-01 01:29:41.169] 🐛 DEBUG: HDF5 file exists: True INFO
2026-01-01 01:29:41,170 - System.tprint - INFO - ℹ️ 🐛 DEBUG: HDF5 file exists: True INFO
[2026-01-01 01:29:41.169] 🐛 DEBUG: Reloading metadata to get latest versions INFO
2026-01-01 01:29:41,170 - System.tprint - INFO - ℹ️ 🐛 DEBUG: Reloading metadata to get latest versions INFO
[2026-01-01 01:29:41.169] 🐛 DEBUG: _load_metadata() checking versioned_artifacts/ETHUSDT_binance_15m_long_volume_force/metadata.json INFO
2026-01-01 01:29:41,170 - System.tprint - INFO - ℹ️ 🐛 DEBUG: _load_metadata() checking versioned_artifacts/ETHUSDT_binance_15m_long_volume_force/metadata.json INFO
[2026-01-01 01:29:41.169] 🐛 DEBUG: Metadata file exists, size: 11876 bytes INFO
2026-01-01 01:29:41,170 - System.tprint - INFO - ℹ️ 🐛 DEBUG: Metadata file exists, size: 11876 bytes INFO
[2026-01-01 01:29:41.169] 🐛 DEBUG: Successfully loaded metadata with 7 versions INFO
2026-01-01 01:29:41,170 - System.tprint - INFO - ℹ️ 🐛 DEBUG: Successfully loaded metadata with 7 versions INFO
[2026-01-01 01:29:41.169] 🐛 DEBUG: Found 7 versions in metadata: ['ml_volume_force_features_20251213_163705_361', 'ml_volume_force_features_20251213_170535_123', 'ml_volume_force_predictions_20251213_170543_299', 'ml_volume_force_features_20251231_171818_197', 'ml_volume_force_predictions_20251231_172004_837', 'ml_volume_force_features_20251231_172800_942', 'ml_volume_force_predictions_20251231_172840_135'] INFO
2026-01-01 01:29:41,170 - System.tprint - INFO - ℹ️ 🐛 DEBUG: Found 7 versions in metadata: ['ml_volume_force_features_20251213_163705_361', 'ml_volume_force_features_20251213_170535_123', 'ml_volume_force_predictions_20251213_170543_299', 'ml_volume_force_features_20251231_171818_197', 'ml_volume_force_predictions_20251231_172004_837', 'ml_volume_force_features_20251231_172800_942', 'ml_volume_force_predictions_20251231_172840_135'] INFO
[2026-01-01 01:29:41.171] 🐛 DEBUG: Found 7 versions in HDF5: ['ml_volume_force_features_20251213_163705_361', 'ml_volume_force_features_20251213_170535_123', 'ml_volume_force_features_20251231_171818_197', 'ml_volume_force_features_20251231_172800_942', 'ml_volume_force_predictions_20251213_170543_299', 'ml_volume_force_predictions_20251231_172004_837', 'ml_volume_force_predictions_20251231_172840_135'] INFO
2026-01-01 01:29:41,171 - System.tprint - INFO - ℹ️ 🐛 DEBUG: Found 7 versions in HDF5: ['ml_volume_force_features_20251213_163705_361', 'ml_volume_force_features_20251213_170535_123', 'ml_volume_force_features_20251231_171818_197', 'ml_volume_force_features_20251231_172800_942', 'ml_volume_force_predictions_20251213_170543_299', 'ml_volume_force_predictions_20251231_172004_837', 'ml_volume_force_predictions_20251231_172840_135'] INFO
[2026-01-01 01:29:41.171] 🐛 DEBUG: _load_metadata() checking versioned_artifacts/ETHUSDT_binance_15m_long_smc_regime/metadata.json INFO
2026-01-01 01:29:41,171 - System.tprint - INFO - ℹ️ 🐛 DEBUG: _load_metadata() checking versioned_artifacts/ETHUSDT_binance_15m_long_smc_regime/metadata.json INFO
[2026-01-01 01:29:41.171] 🐛 DEBUG: Metadata file exists, size: 9799 bytes INFO
2026-01-01 01:29:41,171 - System.tprint - INFO - ℹ️ 🐛 DEBUG: Metadata file exists, size: 9799 bytes INFO
[2026-01-01 01:29:41.171] 🐛 DEBUG: Successfully loaded metadata with 6 versions INFO
2026-01-01 01:29:41,171 - System.tprint - INFO - ℹ️ 🐛 DEBUG: Successfully loaded metadata with 6 versions INFO
[2026-01-01 01:29:41.171] 🐛 DEBUG: list_versions() called INFO
2026-01-01 01:29:41,171 - System.tprint - INFO - ℹ️ 🐛 DEBUG: list_versions() called INFO
[2026-01-01 01:29:41.171] 🐛 DEBUG: Metadata file exists: True INFO
2026-01-01 01:29:41,171 - System.tprint - INFO - ℹ️ 🐛 DEBUG: Metadata file exists: True INFO
[2026-01-01 01:29:41.171] 🐛 DEBUG: HDF5 file exists: True INFO
2026-01-01 01:29:41,171 - System.tprint - INFO - ℹ️ 🐛 DEBUG: HDF5 file exists: True INFO
[2026-01-01 01:29:41.171] 🐛 DEBUG: Reloading metadata to get latest versions INFO
2026-01-01 01:29:41,171 - System.tprint - INFO - ℹ️ 🐛 DEBUG: Reloading metadata to get latest versions INFO
[2026-01-01 01:29:41.171] 🐛 DEBUG: _load_metadata() checking versioned_artifacts/ETHUSDT_binance_15m_long_smc_regime/metadata.json INFO
2026-01-01 01:29:41,172 - System.tprint - INFO - ℹ️ 🐛 DEBUG: _load_metadata() checking versioned_artifacts/ETHUSDT_binance_15m_long_smc_regime/metadata.json INFO
[2026-01-01 01:29:41.171] 🐛 DEBUG: Metadata file exists, size: 9799 bytes INFO
2026-01-01 01:29:41,172 - System.tprint - INFO - ℹ️ 🐛 DEBUG: Metadata file exists, size: 9799 bytes INFO
[2026-01-01 01:29:41.172] 🐛 DEBUG: Successfully loaded metadata with 6 versions INFO
2026-01-01 01:29:41,172 - System.tprint - INFO - ℹ️ 🐛 DEBUG: Successfully loaded metadata with 6 versions INFO
[2026-01-01 01:29:41.172] 🐛 DEBUG: Found 6 versions in metadata: ['smc_predictions_with_confidence_20251213_170746_093', 'ml_smc_features_15m_20251213_170746_137', 'smc_predictions_with_confidence_20251231_171806_519', 'ml_smc_features_15m_20251231_171807_077', 'smc_predictions_with_confidence_20251231_172755_504', 'ml_smc_features_15m_20251231_172755_741'] INFO
2026-01-01 01:29:41,172 - System.tprint - INFO - ℹ️ 🐛 DEBUG: Found 6 versions in metadata: ['smc_predictions_with_confidence_20251213_170746_093', 'ml_smc_features_15m_20251213_170746_137', 'smc_predictions_with_confidence_20251231_171806_519', 'ml_smc_features_15m_20251231_171807_077', 'smc_predictions_with_confidence_20251231_172755_504', 'ml_smc_features_15m_20251231_172755_741'] INFO
[2026-01-01 01:29:41.172] 🐛 DEBUG: Found 6 versions in HDF5: ['ml_smc_features_15m_20251213_170746_137', 'ml_smc_features_15m_20251231_171807_077', 'ml_smc_features_15m_20251231_172755_741', 'smc_predictions_with_confidence_20251213_170746_093', 'smc_predictions_with_confidence_20251231_171806_519', 'smc_predictions_with_confidence_20251231_172755_504'] INFO
2026-01-01 01:29:41,172 - System.tprint - INFO - ℹ️ 🐛 DEBUG: Found 6 versions in HDF5: ['ml_smc_features_15m_20251213_170746_137', 'ml_smc_features_15m_20251231_171807_077', 'ml_smc_features_15m_20251231_172755_741', 'smc_predictions_with_confidence_20251213_170746_093', 'smc_predictions_with_confidence_20251231_171806_519', 'smc_predictions_with_confidence_20251231_172755_504'] INFO
[2026-01-01 01:29:41.172] 🐛 DEBUG: _load_metadata() checking versioned_artifacts/ETHUSDT_binance_15m_long_breakout_bounce/metadata.json INFO
2026-01-01 01:29:41,172 - System.tprint - INFO - ℹ️ 🐛 DEBUG: _load_metadata() checking versioned_artifacts/ETHUSDT_binance_15m_long_breakout_bounce/metadata.json INFO
[2026-01-01 01:29:41.172] 🐛 DEBUG: Metadata file exists, size: 200 bytes INFO
2026-01-01 01:29:41,172 - System.tprint - INFO - ℹ️ 🐛 DEBUG: Metadata file exists, size: 200 bytes INFO
[2026-01-01 01:29:41.172] 🐛 DEBUG: Successfully loaded metadata with 0 versions INFO
2026-01-01 01:29:41,172 - System.tprint - INFO - ℹ️ 🐛 DEBUG: Successfully loaded metadata with 0 versions INFO
[2026-01-01 01:29:41.172] 🐛 DEBUG: list_versions() called INFO
2026-01-01 01:29:41,173 - System.tprint - INFO - ℹ️ 🐛 DEBUG: list_versions() called INFO
[2026-01-01 01:29:41.172] 🐛 DEBUG: Metadata file exists: True INFO
2026-01-01 01:29:41,173 - System.tprint - INFO - ℹ️ 🐛 DEBUG: Metadata file exists: True INFO
[2026-01-01 01:29:41.172] 🐛 DEBUG: HDF5 file exists: True INFO
2026-01-01 01:29:41,173 - System.tprint - INFO - ℹ️ 🐛 DEBUG: HDF5 file exists: True INFO
[2026-01-01 01:29:41.173] 🐛 DEBUG: Reloading metadata to get latest versions INFO
2026-01-01 01:29:41,173 - System.tprint - INFO - ℹ️ 🐛 DEBUG: Reloading metadata to get latest versions INFO
[2026-01-01 01:29:41.173] 🐛 DEBUG: _load_metadata() checking versioned_artifacts/ETHUSDT_binance_15m_long_breakout_bounce/metadata.json INFO
2026-01-01 01:29:41,173 - System.tprint - INFO - ℹ️ 🐛 DEBUG: _load_metadata() checking versioned_artifacts/ETHUSDT_binance_15m_long_breakout_bounce/metadata.json INFO
[2026-01-01 01:29:41.173] 🐛 DEBUG: Metadata file exists, size: 200 bytes INFO
2026-01-01 01:29:41,173 - System.tprint - INFO - ℹ️ 🐛 DEBUG: Metadata file exists, size: 200 bytes INFO
[2026-01-01 01:29:41.173] 🐛 DEBUG: Successfully loaded metadata with 0 versions INFO
2026-01-01 01:29:41,173 - System.tprint - INFO - ℹ️ 🐛 DEBUG: Successfully loaded metadata with 0 versions INFO
[2026-01-01 01:29:41.173] 🐛 DEBUG: Found 0 versions in metadata: [] INFO
2026-01-01 01:29:41,173 - System.tprint - INFO - ℹ️ 🐛 DEBUG: Found 0 versions in metadata: [] INFO
[2026-01-01 01:29:41.173] 🐛 DEBUG: Found 0 versions in HDF5: [] INFO
2026-01-01 01:29:41,173 - System.tprint - INFO - ℹ️ 🐛 DEBUG: Found 0 versions in HDF5: [] INFO
[2026-01-01 01:29:41.173] 🐛 DEBUG: _load_metadata() checking versioned_artifacts/ETHUSDT_binance_1h_long_liquidity_regime/metadata.json INFO
2026-01-01 01:29:41,174 - System.tprint - INFO - ℹ️ 🐛 DEBUG: _load_metadata() checking versioned_artifacts/ETHUSDT_binance_1h_long_liquidity_regime/metadata.json INFO
[2026-01-01 01:29:41.173] 🐛 DEBUG: Metadata file exists, size: 200 bytes INFO
2026-01-01 01:29:41,174 - System.tprint - INFO - ℹ️ 🐛 DEBUG: Metadata file exists, size: 200 bytes INFO
[2026-01-01 01:29:41.174] 🐛 DEBUG: Successfully loaded metadata with 0 versions INFO
2026-01-01 01:29:41,174 - System.tprint - INFO - ℹ️ 🐛 DEBUG: Successfully loaded metadata with 0 versions INFO
[2026-01-01 01:29:41.174] 🐛 DEBUG: list_versions() called INFO
2026-01-01 01:29:41,174 - System.tprint - INFO - ℹ️ 🐛 DEBUG: list_versions() called INFO
[2026-01-01 01:29:41.174] 🐛 DEBUG: Metadata file exists: True INFO
2026-01-01 01:29:41,174 - System.tprint - INFO - ℹ️ 🐛 DEBUG: Metadata file exists: True INFO
[2026-01-01 01:29:41.174] 🐛 DEBUG: HDF5 file exists: True INFO
2026-01-01 01:29:41,174 - System.tprint - INFO - ℹ️ 🐛 DEBUG: HDF5 file exists: True INFO
[2026-01-01 01:29:41.174] 🐛 DEBUG: Reloading metadata to get latest versions INFO
2026-01-01 01:29:41,174 - System.tprint - INFO - ℹ️ 🐛 DEBUG: Reloading metadata to get latest versions INFO
[2026-01-01 01:29:41.174] 🐛 DEBUG: _load_metadata() checking versioned_artifacts/ETHUSDT_binance_1h_long_liquidity_regime/metadata.json INFO
2026-01-01 01:29:41,174 - System.tprint - INFO - ℹ️ 🐛 DEBUG: _load_metadata() checking versioned_artifacts/ETHUSDT_binance_1h_long_liquidity_regime/metadata.json INFO
[2026-01-01 01:29:41.174] 🐛 DEBUG: Metadata file exists, size: 200 bytes INFO
2026-01-01 01:29:41,174 - System.tprint - INFO - ℹ️ 🐛 DEBUG: Metadata file exists, size: 200 bytes INFO
[2026-01-01 01:29:41.174] 🐛 DEBUG: Successfully loaded metadata with 0 versions INFO
2026-01-01 01:29:41,174 - System.tprint - INFO - ℹ️ 🐛 DEBUG: Successfully loaded metadata with 0 versions INFO
[2026-01-01 01:29:41.174] 🐛 DEBUG: Found 0 versions in metadata: [] INFO
2026-01-01 01:29:41,174 - System.tprint - INFO - ℹ️ 🐛 DEBUG: Found 0 versions in metadata: [] INFO
[2026-01-01 01:29:41.174] 🐛 DEBUG: Found 0 versions in HDF5: [] INFO
2026-01-01 01:29:41,175 - System.tprint - INFO - ℹ️ 🐛 DEBUG: Found 0 versions in HDF5: [] INFO
[2026-01-01 01:29:41.175] 🐛 DEBUG: _load_metadata() checking versioned_artifacts/ETHUSDT_binance_15m_long_volatility_burst/metadata.json INFO
2026-01-01 01:29:41,175 - System.tprint - INFO - ℹ️ 🐛 DEBUG: _load_metadata() checking versioned_artifacts/ETHUSDT_binance_15m_long_volatility_burst/metadata.json INFO
[2026-01-01 01:29:41.175] 🐛 DEBUG: Metadata file does not exist, returning default metadata INFO
2026-01-01 01:29:41,175 - System.tprint - INFO - ℹ️ 🐛 DEBUG: Metadata file does not exist, returning default metadata INFO
[2026-01-01 01:29:41.175] 🐛 DEBUG: list_versions() called INFO
2026-01-01 01:29:41,175 - System.tprint - INFO - ℹ️ 🐛 DEBUG: list_versions() called INFO
[2026-01-01 01:29:41.175] 🐛 DEBUG: Metadata file exists: False INFO
2026-01-01 01:29:41,175 - System.tprint - INFO - ℹ️ 🐛 DEBUG: Metadata file exists: False INFO
[2026-01-01 01:29:41.175] 🐛 DEBUG: HDF5 file exists: True INFO
2026-01-01 01:29:41,175 - System.tprint - INFO - ℹ️ 🐛 DEBUG: HDF5 file exists: True INFO
[2026-01-01 01:29:41.175] 🐛 DEBUG: Reloading metadata to get latest versions INFO
2026-01-01 01:29:41,175 - System.tprint - INFO - ℹ️ 🐛 DEBUG: Reloading metadata to get latest versions INFO
[2026-01-01 01:29:41.175] 🐛 DEBUG: _load_metadata() checking versioned_artifacts/ETHUSDT_binance_15m_long_volatility_burst/metadata.json INFO
2026-01-01 01:29:41,175 - System.tprint - INFO - ℹ️ 🐛 DEBUG: _load_metadata() checking versioned_artifacts/ETHUSDT_binance_15m_long_volatility_burst/metadata.json INFO
[2026-01-01 01:29:41.175] 🐛 DEBUG: Metadata file does not exist, returning default metadata INFO
2026-01-01 01:29:41,176 - System.tprint - INFO - ℹ️ 🐛 DEBUG: Metadata file does not exist, returning default metadata INFO
[2026-01-01 01:29:41.175] 🐛 DEBUG: Found 0 versions in metadata: [] INFO
2026-01-01 01:29:41,176 - System.tprint - INFO - ℹ️ 🐛 DEBUG: Found 0 versions in metadata: [] INFO
[2026-01-01 01:29:41.175] 🐛 DEBUG: Found 0 versions in HDF5: [] INFO
2026-01-01 01:29:41,176 - System.tprint - INFO - ℹ️ 🐛 DEBUG: Found 0 versions in HDF5: [] INFO
[2026-01-01 01:29:41.176] 🐛 DEBUG: _load_metadata() checking versioned_artifacts/ETHUSDT_binance_1h_long_regime_alpha/metadata.json INFO
2026-01-01 01:29:41,176 - System.tprint - INFO - ℹ️ 🐛 DEBUG: _load_metadata() checking versioned_artifacts/ETHUSDT_binance_1h_long_regime_alpha/metadata.json INFO
[2026-01-01 01:29:41.176] 🐛 DEBUG: Metadata file exists, size: 6902 bytes INFO
2026-01-01 01:29:41,176 - System.tprint - INFO - ℹ️ 🐛 DEBUG: Metadata file exists, size: 6902 bytes INFO
[2026-01-01 01:29:41.176] 🐛 DEBUG: Successfully loaded metadata with 5 versions INFO
2026-01-01 01:29:41,176 - System.tprint - INFO - ℹ️ 🐛 DEBUG: Successfully loaded metadata with 5 versions INFO
[2026-01-01 01:29:41.176] 🐛 DEBUG: list_versions() called INFO
2026-01-01 01:29:41,176 - System.tprint - INFO - ℹ️ 🐛 DEBUG: list_versions() called INFO
[2026-01-01 01:29:41.176] 🐛 DEBUG: Metadata file exists: True INFO
2026-01-01 01:29:41,176 - System.tprint - INFO - ℹ️ 🐛 DEBUG: Metadata file exists: True INFO
[2026-01-01 01:29:41.176] 🐛 DEBUG: HDF5 file exists: True INFO
2026-01-01 01:29:41,177 - System.tprint - INFO - ℹ️ 🐛 DEBUG: HDF5 file exists: True INFO
[2026-01-01 01:29:41.176] 🐛 DEBUG: Reloading metadata to get latest versions INFO
2026-01-01 01:29:41,177 - System.tprint - INFO - ℹ️ 🐛 DEBUG: Reloading metadata to get latest versions INFO
[2026-01-01 01:29:41.176] 🐛 DEBUG: _load_metadata() checking versioned_artifacts/ETHUSDT_binance_1h_long_regime_alpha/metadata.json INFO
2026-01-01 01:29:41,177 - System.tprint - INFO - ℹ️ 🐛 DEBUG: _load_metadata() checking versioned_artifacts/ETHUSDT_binance_1h_long_regime_alpha/metadata.json INFO
[2026-01-01 01:29:41.176] 🐛 DEBUG: Metadata file exists, size: 6902 bytes INFO
2026-01-01 01:29:41,177 - System.tprint - INFO - ℹ️ 🐛 DEBUG: Metadata file exists, size: 6902 bytes INFO
[2026-01-01 01:29:41.176] 🐛 DEBUG: Successfully loaded metadata with 5 versions INFO
2026-01-01 01:29:41,177 - System.tprint - INFO - ℹ️ 🐛 DEBUG: Successfully loaded metadata with 5 versions INFO
[2026-01-01 01:29:41.176] 🐛 DEBUG: Found 5 versions in metadata: ['hmm_alpha_regime_stats_1h_20251122_151841_186', 'hmm_alpha_training_data_1h_20251122_164502_922', 'hmm_alpha_regime_stats_1h_20251122_164502_963', 'hmm_alpha_training_data_1h_20251122_171931_773', 'hmm_alpha_regime_stats_1h_20251122_171931_857'] INFO
2026-01-01 01:29:41,177 - System.tprint - INFO - ℹ️ 🐛 DEBUG: Found 5 versions in metadata: ['hmm_alpha_regime_stats_1h_20251122_151841_186', 'hmm_alpha_training_data_1h_20251122_164502_922', 'hmm_alpha_regime_stats_1h_20251122_164502_963', 'hmm_alpha_training_data_1h_20251122_171931_773', 'hmm_alpha_regime_stats_1h_20251122_171931_857'] INFO
[2026-01-01 01:29:41.177] 🐛 DEBUG: Found 5 versions in HDF5: ['hmm_alpha_regime_stats_1h_20251122_151841_186', 'hmm_alpha_regime_stats_1h_20251122_164502_963', 'hmm_alpha_regime_stats_1h_20251122_171931_857', 'hmm_alpha_training_data_1h_20251122_164502_922', 'hmm_alpha_training_data_1h_20251122_171931_773'] INFO
2026-01-01 01:29:41,177 - System.tprint - INFO - ℹ️ 🐛 DEBUG: Found 5 versions in HDF5: ['hmm_alpha_regime_stats_1h_20251122_151841_186', 'hmm_alpha_regime_stats_1h_20251122_164502_963', 'hmm_alpha_regime_stats_1h_20251122_171931_857', 'hmm_alpha_training_data_1h_20251122_164502_922', 'hmm_alpha_training_data_1h_20251122_171931_773'] INFO
[2026-01-01 01:29:41.177] 🐛 DEBUG: _load_metadata() checking versioned_artifacts/ETHUSDT_binance_1h_long_analyst/metadata.json INFO
2026-01-01 01:29:41,177 - System.tprint - INFO - ℹ️ 🐛 DEBUG: _load_metadata() checking versioned_artifacts/ETHUSDT_binance_1h_long_analyst/metadata.json INFO
[2026-01-01 01:29:41.177] 🐛 DEBUG: Metadata file exists, size: 139 bytes INFO
2026-01-01 01:29:41,178 - System.tprint - INFO - ℹ️ 🐛 DEBUG: Metadata file exists, size: 139 bytes INFO
[2026-01-01 01:29:41.177] 🐛 DEBUG: Successfully loaded metadata with 0 versions INFO
2026-01-01 01:29:41,178 - System.tprint - INFO - ℹ️ 🐛 DEBUG: Successfully loaded metadata with 0 versions INFO
[2026-01-01 01:29:41.177] 🐛 DEBUG: list_versions() called INFO
2026-01-01 01:29:41,178 - System.tprint - INFO - ℹ️ 🐛 DEBUG: list_versions() called INFO
[2026-01-01 01:29:41.177] 🐛 DEBUG: Metadata file exists: True INFO
2026-01-01 01:29:41,178 - System.tprint - INFO - ℹ️ 🐛 DEBUG: Metadata file exists: True INFO
[2026-01-01 01:29:41.177] 🐛 DEBUG: HDF5 file exists: True INFO
2026-01-01 01:29:41,178 - System.tprint - INFO - ℹ️ 🐛 DEBUG: HDF5 file exists: True INFO
[2026-01-01 01:29:41.177] 🐛 DEBUG: Reloading metadata to get latest versions INFO
2026-01-01 01:29:41,178 - System.tprint - INFO - ℹ️ 🐛 DEBUG: Reloading metadata to get latest versions INFO
[2026-01-01 01:29:41.177] 🐛 DEBUG: _load_metadata() checking versioned_artifacts/ETHUSDT_binance_1h_long_analyst/metadata.json INFO
2026-01-01 01:29:41,178 - System.tprint - INFO - ℹ️ 🐛 DEBUG: _load_metadata() checking versioned_artifacts/ETHUSDT_binance_1h_long_analyst/metadata.json INFO
[2026-01-01 01:29:41.177] 🐛 DEBUG: Metadata file exists, size: 139 bytes INFO
2026-01-01 01:29:41,178 - System.tprint - INFO - ℹ️ 🐛 DEBUG: Metadata file exists, size: 139 bytes INFO
[2026-01-01 01:29:41.177] 🐛 DEBUG: Successfully loaded metadata with 0 versions INFO
2026-01-01 01:29:41,178 - System.tprint - INFO - ℹ️ 🐛 DEBUG: Successfully loaded metadata with 0 versions INFO
[2026-01-01 01:29:41.178] 🐛 DEBUG: Found 0 versions in metadata: [] INFO
2026-01-01 01:29:41,178 - System.tprint - INFO - ℹ️ 🐛 DEBUG: Found 0 versions in metadata: [] INFO
[2026-01-01 01:29:41.178] 🐛 DEBUG: Found 0 versions in HDF5: [] INFO
2026-01-01 01:29:41,178 - System.tprint - INFO - ℹ️ 🐛 DEBUG: Found 0 versions in HDF5: [] INFO
[2026-01-01 01:29:41.178] 🐛 DEBUG: _load_metadata() checking versioned_artifacts/ETHUSDT_binance_1h_long_regime_path/metadata.json INFO
2026-01-01 01:29:41,179 - System.tprint - INFO - ℹ️ 🐛 DEBUG: _load_metadata() checking versioned_artifacts/ETHUSDT_binance_1h_long_regime_path/metadata.json INFO
[2026-01-01 01:29:41.178] 🐛 DEBUG: Metadata file exists, size: 200 bytes INFO
2026-01-01 01:29:41,179 - System.tprint - INFO - ℹ️ 🐛 DEBUG: Metadata file exists, size: 200 bytes INFO
[2026-01-01 01:29:41.178] 🐛 DEBUG: Successfully loaded metadata with 0 versions INFO
2026-01-01 01:29:41,179 - System.tprint - INFO - ℹ️ 🐛 DEBUG: Successfully loaded metadata with 0 versions INFO
[2026-01-01 01:29:41.178] 🐛 DEBUG: list_versions() called INFO
2026-01-01 01:29:41,179 - System.tprint - INFO - ℹ️ 🐛 DEBUG: list_versions() called INFO
[2026-01-01 01:29:41.178] 🐛 DEBUG: Metadata file exists: True INFO
2026-01-01 01:29:41,179 - System.tprint - INFO - ℹ️ 🐛 DEBUG: Metadata file exists: True INFO
[2026-01-01 01:29:41.178] 🐛 DEBUG: HDF5 file exists: True INFO
2026-01-01 01:29:41,179 - System.tprint - INFO - ℹ️ 🐛 DEBUG: HDF5 file exists: True INFO
[2026-01-01 01:29:41.178] 🐛 DEBUG: Reloading metadata to get latest versions INFO
2026-01-01 01:29:41,179 - System.tprint - INFO - ℹ️ 🐛 DEBUG: Reloading metadata to get latest versions INFO
[2026-01-01 01:29:41.178] 🐛 DEBUG: _load_metadata() checking versioned_artifacts/ETHUSDT_binance_1h_long_regime_path/metadata.json INFO
2026-01-01 01:29:41,179 - System.tprint - INFO - ℹ️ 🐛 DEBUG: _load_metadata() checking versioned_artifacts/ETHUSDT_binance_1h_long_regime_path/metadata.json INFO
[2026-01-01 01:29:41.179] 🐛 DEBUG: Metadata file exists, size: 200 bytes INFO
2026-01-01 01:29:41,179 - System.tprint - INFO - ℹ️ 🐛 DEBUG: Metadata file exists, size: 200 bytes INFO
[2026-01-01 01:29:41.179] 🐛 DEBUG: Successfully loaded metadata with 0 versions INFO
2026-01-01 01:29:41,179 - System.tprint - INFO - ℹ️ 🐛 DEBUG: Successfully loaded metadata with 0 versions INFO
[2026-01-01 01:29:41.179] 🐛 DEBUG: Found 0 versions in metadata: [] INFO
2026-01-01 01:29:41,179 - System.tprint - INFO - ℹ️ 🐛 DEBUG: Found 0 versions in metadata: [] INFO
[2026-01-01 01:29:41.179] 🐛 DEBUG: Found 0 versions in HDF5: [] INFO
2026-01-01 01:29:41,180 - System.tprint - INFO - ℹ️ 🐛 DEBUG: Found 0 versions in HDF5: [] INFO
[2026-01-01 01:29:41.179] 🐛 DEBUG: _load_metadata() checking versioned_artifacts/None_None_None_long_regime/metadata.json INFO
2026-01-01 01:29:41,180 - System.tprint - INFO - ℹ️ 🐛 DEBUG: _load_metadata() checking versioned_artifacts/None_None_None_long_regime/metadata.json INFO
[2026-01-01 01:29:41.179] 🐛 DEBUG: Metadata file exists, size: 139 bytes INFO
2026-01-01 01:29:41,180 - System.tprint - INFO - ℹ️ 🐛 DEBUG: Metadata file exists, size: 139 bytes INFO
[2026-01-01 01:29:41.179] 🐛 DEBUG: Successfully loaded metadata with 0 versions INFO
2026-01-01 01:29:41,180 - System.tprint - INFO - ℹ️ 🐛 DEBUG: Successfully loaded metadata with 0 versions INFO
[2026-01-01 01:29:41.179] 🐛 DEBUG: list_versions() called INFO
2026-01-01 01:29:41,180 - System.tprint - INFO - ℹ️ 🐛 DEBUG: list_versions() called INFO
[2026-01-01 01:29:41.179] 🐛 DEBUG: Metadata file exists: True INFO
2026-01-01 01:29:41,180 - System.tprint - INFO - ℹ️ 🐛 DEBUG: Metadata file exists: True INFO
[2026-01-01 01:29:41.180] 🐛 DEBUG: HDF5 file exists: True INFO
2026-01-01 01:29:41,180 - System.tprint - INFO - ℹ️ 🐛 DEBUG: HDF5 file exists: True INFO
[2026-01-01 01:29:41.180] 🐛 DEBUG: Reloading metadata to get latest versions INFO
2026-01-01 01:29:41,180 - System.tprint - INFO - ℹ️ 🐛 DEBUG: Reloading metadata to get latest versions INFO
[2026-01-01 01:29:41.180] 🐛 DEBUG: _load_metadata() checking versioned_artifacts/None_None_None_long_regime/metadata.json INFO
2026-01-01 01:29:41,180 - System.tprint - INFO - ℹ️ 🐛 DEBUG: _load_metadata() checking versioned_artifacts/None_None_None_long_regime/metadata.json INFO
[2026-01-01 01:29:41.180] 🐛 DEBUG: Metadata file exists, size: 139 bytes INFO
2026-01-01 01:29:41,181 - System.tprint - INFO - ℹ️ 🐛 DEBUG: Metadata file exists, size: 139 bytes INFO
[2026-01-01 01:29:41.180] 🐛 DEBUG: Successfully loaded metadata with 0 versions INFO
2026-01-01 01:29:41,181 - System.tprint - INFO - ℹ️ 🐛 DEBUG: Successfully loaded metadata with 0 versions INFO
[2026-01-01 01:29:41.180] 🐛 DEBUG: Found 0 versions in metadata: [] INFO
2026-01-01 01:29:41,181 - System.tprint - INFO - ℹ️ 🐛 DEBUG: Found 0 versions in metadata: [] INFO
[2026-01-01 01:29:41.180] 🐛 DEBUG: Found 0 versions in HDF5: [] INFO
2026-01-01 01:29:41,181 - System.tprint - INFO - ℹ️ 🐛 DEBUG: Found 0 versions in HDF5: [] INFO
[2026-01-01 01:29:41.180] 🐛 DEBUG: _load_metadata() checking versioned_artifacts/ETHUSDT_binance_1h_long_mean_reversion/metadata.json INFO
2026-01-01 01:29:41,181 - System.tprint - INFO - ℹ️ 🐛 DEBUG: _load_metadata() checking versioned_artifacts/ETHUSDT_binance_1h_long_mean_reversion/metadata.json INFO
[2026-01-01 01:29:41.180] 🐛 DEBUG: Metadata file exists, size: 3914 bytes INFO
2026-01-01 01:29:41,181 - System.tprint - INFO - ℹ️ 🐛 DEBUG: Metadata file exists, size: 3914 bytes INFO
[2026-01-01 01:29:41.181] 🐛 DEBUG: Successfully loaded metadata with 5 versions INFO
2026-01-01 01:29:41,181 - System.tprint - INFO - ℹ️ 🐛 DEBUG: Successfully loaded metadata with 5 versions INFO
[2026-01-01 01:29:41.181] 🐛 DEBUG: list_versions() called INFO
2026-01-01 01:29:41,181 - System.tprint - INFO - ℹ️ 🐛 DEBUG: list_versions() called INFO
[2026-01-01 01:29:41.181] 🐛 DEBUG: Metadata file exists: True INFO
2026-01-01 01:29:41,181 - System.tprint - INFO - ℹ️ 🐛 DEBUG: Metadata file exists: True INFO
[2026-01-01 01:29:41.181] 🐛 DEBUG: HDF5 file exists: True INFO
2026-01-01 01:29:41,182 - System.tprint - INFO - ℹ️ 🐛 DEBUG: HDF5 file exists: True INFO
[2026-01-01 01:29:41.181] 🐛 DEBUG: Reloading metadata to get latest versions INFO
2026-01-01 01:29:41,182 - System.tprint - INFO - ℹ️ 🐛 DEBUG: Reloading metadata to get latest versions INFO
[2026-01-01 01:29:41.181] 🐛 DEBUG: _load_metadata() checking versioned_artifacts/ETHUSDT_binance_1h_long_mean_reversion/metadata.json INFO
2026-01-01 01:29:41,182 - System.tprint - INFO - ℹ️ 🐛 DEBUG: _load_metadata() checking versioned_artifacts/ETHUSDT_binance_1h_long_mean_reversion/metadata.json INFO
[2026-01-01 01:29:41.181] 🐛 DEBUG: Metadata file exists, size: 3914 bytes INFO
2026-01-01 01:29:41,182 - System.tprint - INFO - ℹ️ 🐛 DEBUG: Metadata file exists, size: 3914 bytes INFO
[2026-01-01 01:29:41.181] 🐛 DEBUG: Successfully loaded metadata with 5 versions INFO
2026-01-01 01:29:41,182 - System.tprint - INFO - ℹ️ 🐛 DEBUG: Successfully loaded metadata with 5 versions INFO
[2026-01-01 01:29:41.181] 🐛 DEBUG: Found 5 versions in metadata: ['ml_mean_reversion_training_data_1h_20251124_231116_323', 'ml_mean_reversion_training_data_1h_20251125_001022_753', 'ml_mean_reversion_training_data_1h_20251125_002337_863', 'ml_mean_reversion_training_data_1h_20251125_003116_776', 'ml_mean_reversion_training_data_1h_20251126_003120_916'] INFO
2026-01-01 01:29:41,182 - System.tprint - INFO - ℹ️ 🐛 DEBUG: Found 5 versions in metadata: ['ml_mean_reversion_training_data_1h_20251124_231116_323', 'ml_mean_reversion_training_data_1h_20251125_001022_753', 'ml_mean_reversion_training_data_1h_20251125_002337_863', 'ml_mean_reversion_training_data_1h_20251125_003116_776', 'ml_mean_reversion_training_data_1h_20251126_003120_916'] INFO
[2026-01-01 01:29:41.181] 🐛 DEBUG: Found 5 versions in HDF5: ['ml_mean_reversion_training_data_1h_20251124_231116_323', 'ml_mean_reversion_training_data_1h_20251125_001022_753', 'ml_mean_reversion_training_data_1h_20251125_002337_863', 'ml_mean_reversion_training_data_1h_20251125_003116_776', 'ml_mean_reversion_training_data_1h_20251126_003120_916'] INFO
2026-01-01 01:29:41,182 - System.tprint - INFO - ℹ️ 🐛 DEBUG: Found 5 versions in HDF5: ['ml_mean_reversion_training_data_1h_20251124_231116_323', 'ml_mean_reversion_training_data_1h_20251125_001022_753', 'ml_mean_reversion_training_data_1h_20251125_002337_863', 'ml_mean_reversion_training_data_1h_20251125_003116_776', 'ml_mean_reversion_training_data_1h_20251126_003120_916'] INFO
[2026-01-01 01:29:41.182] 🐛 DEBUG: _load_metadata() checking versioned_artifacts/ETHUSDT_binance_15m_long_mean_reversion/metadata.json INFO
2026-01-01 01:29:41,182 - System.tprint - INFO - ℹ️ 🐛 DEBUG: _load_metadata() checking versioned_artifacts/ETHUSDT_binance_15m_long_mean_reversion/metadata.json INFO
[2026-01-01 01:29:41.182] 🐛 DEBUG: Metadata file exists, size: 1472 bytes INFO
2026-01-01 01:29:41,183 - System.tprint - INFO - ℹ️ 🐛 DEBUG: Metadata file exists, size: 1472 bytes INFO
[2026-01-01 01:29:41.182] 🐛 DEBUG: Successfully loaded metadata with 1 versions INFO
2026-01-01 01:29:41,183 - System.tprint - INFO - ℹ️ 🐛 DEBUG: Successfully loaded metadata with 1 versions INFO
[2026-01-01 01:29:41.182] 🐛 DEBUG: list_versions() called INFO
2026-01-01 01:29:41,183 - System.tprint - INFO - ℹ️ 🐛 DEBUG: list_versions() called INFO
[2026-01-01 01:29:41.182] 🐛 DEBUG: Metadata file exists: True INFO
2026-01-01 01:29:41,183 - System.tprint - INFO - ℹ️ 🐛 DEBUG: Metadata file exists: True INFO
[2026-01-01 01:29:41.182] 🐛 DEBUG: HDF5 file exists: True INFO
2026-01-01 01:29:41,183 - System.tprint - INFO - ℹ️ 🐛 DEBUG: HDF5 file exists: True INFO
[2026-01-01 01:29:41.182] 🐛 DEBUG: Reloading metadata to get latest versions INFO
2026-01-01 01:29:41,183 - System.tprint - INFO - ℹ️ 🐛 DEBUG: Reloading metadata to get latest versions INFO
[2026-01-01 01:29:41.182] 🐛 DEBUG: _load_metadata() checking versioned_artifacts/ETHUSDT_binance_15m_long_mean_reversion/metadata.json INFO
2026-01-01 01:29:41,183 - System.tprint - INFO - ℹ️ 🐛 DEBUG: _load_metadata() checking versioned_artifacts/ETHUSDT_binance_15m_long_mean_reversion/metadata.json INFO
[2026-01-01 01:29:41.182] 🐛 DEBUG: Metadata file exists, size: 1472 bytes INFO
2026-01-01 01:29:41,183 - System.tprint - INFO - ℹ️ 🐛 DEBUG: Metadata file exists, size: 1472 bytes INFO
[2026-01-01 01:29:41.182] 🐛 DEBUG: Successfully loaded metadata with 1 versions INFO
2026-01-01 01:29:41,183 - System.tprint - INFO - ℹ️ 🐛 DEBUG: Successfully loaded metadata with 1 versions INFO
[2026-01-01 01:29:41.182] 🐛 DEBUG: Found 1 versions in metadata: ['ml_mean_reversion_training_data_15m_20251213_170600_968'] INFO
2026-01-01 01:29:41,183 - System.tprint - INFO - ℹ️ 🐛 DEBUG: Found 1 versions in metadata: ['ml_mean_reversion_training_data_15m_20251213_170600_968'] INFO
[2026-01-01 01:29:41.182] 🐛 DEBUG: Found 1 versions in HDF5: ['ml_mean_reversion_training_data_15m_20251213_170600_968'] INFO
2026-01-01 01:29:41,183 - System.tprint - INFO - ℹ️ 🐛 DEBUG: Found 1 versions in HDF5: ['ml_mean_reversion_training_data_15m_20251213_170600_968'] INFO
[2026-01-01 01:29:41.184] 🐛 DEBUG: _load_metadata() checking versioned_artifacts/ETHUSDT_binance_15m_long_full/metadata.json INFO
2026-01-01 01:29:41,184 - System.tprint - INFO - ℹ️ 🐛 DEBUG: _load_metadata() checking versioned_artifacts/ETHUSDT_binance_15m_long_full/metadata.json INFO
[2026-01-01 01:29:41.184] 🐛 DEBUG: Metadata file exists, size: 139 bytes INFO
2026-01-01 01:29:41,184 - System.tprint - INFO - ℹ️ 🐛 DEBUG: Metadata file exists, size: 139 bytes INFO
[2026-01-01 01:29:41.184] 🐛 DEBUG: Successfully loaded metadata with 0 versions INFO
2026-01-01 01:29:41,184 - System.tprint - INFO - ℹ️ 🐛 DEBUG: Successfully loaded metadata with 0 versions INFO
[2026-01-01 01:29:41.184] 🐛 DEBUG: list_versions() called INFO
2026-01-01 01:29:41,184 - System.tprint - INFO - ℹ️ 🐛 DEBUG: list_versions() called INFO
[2026-01-01 01:29:41.184] 🐛 DEBUG: Metadata file exists: True INFO
2026-01-01 01:29:41,184 - System.tprint - INFO - ℹ️ 🐛 DEBUG: Metadata file exists: True INFO
[2026-01-01 01:29:41.184] 🐛 DEBUG: HDF5 file exists: True INFO
2026-01-01 01:29:41,184 - System.tprint - INFO - ℹ️ 🐛 DEBUG: HDF5 file exists: True INFO
[2026-01-01 01:29:41.184] 🐛 DEBUG: Reloading metadata to get latest versions INFO
2026-01-01 01:29:41,184 - System.tprint - INFO - ℹ️ 🐛 DEBUG: Reloading metadata to get latest versions INFO
[2026-01-01 01:29:41.184] 🐛 DEBUG: _load_metadata() checking versioned_artifacts/ETHUSDT_binance_15m_long_full/metadata.json INFO
2026-01-01 01:29:41,184 - System.tprint - INFO - ℹ️ 🐛 DEBUG: _load_metadata() checking versioned_artifacts/ETHUSDT_binance_15m_long_full/metadata.json INFO
[2026-01-01 01:29:41.184] 🐛 DEBUG: Metadata file exists, size: 139 bytes INFO
2026-01-01 01:29:41,184 - System.tprint - INFO - ℹ️ 🐛 DEBUG: Metadata file exists, size: 139 bytes INFO
[2026-01-01 01:29:41.184] 🐛 DEBUG: Successfully loaded metadata with 0 versions INFO
2026-01-01 01:29:41,184 - System.tprint - INFO - ℹ️ 🐛 DEBUG: Successfully loaded metadata with 0 versions INFO
[2026-01-01 01:29:41.184] 🐛 DEBUG: Found 0 versions in metadata: [] INFO
2026-01-01 01:29:41,185 - System.tprint - INFO - ℹ️ 🐛 DEBUG: Found 0 versions in metadata: [] INFO
[2026-01-01 01:29:41.184] 🐛 DEBUG: Found 0 versions in HDF5: [] INFO
2026-01-01 01:29:41,185 - System.tprint - INFO - ℹ️ 🐛 DEBUG: Found 0 versions in HDF5: [] INFO
[2026-01-01 01:29:41.185] 🐛 DEBUG: _load_metadata() checking versioned_artifacts/ETHUSDT_binance_15m_long_ml_smc_regime/metadata.json INFO
2026-01-01 01:29:41,185 - System.tprint - INFO - ℹ️ 🐛 DEBUG: _load_metadata() checking versioned_artifacts/ETHUSDT_binance_15m_long_ml_smc_regime/metadata.json INFO
[2026-01-01 01:29:41.185] 🐛 DEBUG: Metadata file does not exist, returning default metadata INFO
2026-01-01 01:29:41,185 - System.tprint - INFO - ℹ️ 🐛 DEBUG: Metadata file does not exist, returning default metadata INFO
[2026-01-01 01:29:41.185] 🐛 DEBUG: list_versions() called INFO
2026-01-01 01:29:41,185 - System.tprint - INFO - ℹ️ 🐛 DEBUG: list_versions() called INFO
[2026-01-01 01:29:41.185] 🐛 DEBUG: Metadata file exists: False INFO
2026-01-01 01:29:41,185 - System.tprint - INFO - ℹ️ 🐛 DEBUG: Metadata file exists: False INFO
[2026-01-01 01:29:41.185] 🐛 DEBUG: HDF5 file exists: True INFO
2026-01-01 01:29:41,185 - System.tprint - INFO - ℹ️ 🐛 DEBUG: HDF5 file exists: True INFO
[2026-01-01 01:29:41.185] 🐛 DEBUG: Reloading metadata to get latest versions INFO
2026-01-01 01:29:41,185 - System.tprint - INFO - ℹ️ 🐛 DEBUG: Reloading metadata to get latest versions INFO
[2026-01-01 01:29:41.185] 🐛 DEBUG: _load_metadata() checking versioned_artifacts/ETHUSDT_binance_15m_long_ml_smc_regime/metadata.json INFO
2026-01-01 01:29:41,186 - System.tprint - INFO - ℹ️ 🐛 DEBUG: _load_metadata() checking versioned_artifacts/ETHUSDT_binance_15m_long_ml_smc_regime/metadata.json INFO
[2026-01-01 01:29:41.185] 🐛 DEBUG: Metadata file does not exist, returning default metadata INFO
2026-01-01 01:29:41,186 - System.tprint - INFO - ℹ️ 🐛 DEBUG: Metadata file does not exist, returning default metadata INFO
[2026-01-01 01:29:41.185] 🐛 DEBUG: Found 0 versions in metadata: [] INFO
2026-01-01 01:29:41,186 - System.tprint - INFO - ℹ️ 🐛 DEBUG: Found 0 versions in metadata: [] INFO
[2026-01-01 01:29:41.185] 🐛 DEBUG: Found 0 versions in HDF5: [] INFO
2026-01-01 01:29:41,186 - System.tprint - INFO - ℹ️ 🐛 DEBUG: Found 0 versions in HDF5: [] INFO
[2026-01-01 01:29:41.186] 🐛 DEBUG: _load_metadata() checking versioned_artifacts/ETHUSDT_binance_15m_long_regime_meso_trend/metadata.json INFO
2026-01-01 01:29:41,186 - System.tprint - INFO - ℹ️ 🐛 DEBUG: _load_metadata() checking versioned_artifacts/ETHUSDT_binance_15m_long_regime_meso_trend/metadata.json INFO
[2026-01-01 01:29:41.186] 🐛 DEBUG: Metadata file exists, size: 139 bytes INFO
2026-01-01 01:29:41,186 - System.tprint - INFO - ℹ️ 🐛 DEBUG: Metadata file exists, size: 139 bytes INFO
[2026-01-01 01:29:41.186] 🐛 DEBUG: Successfully loaded metadata with 0 versions INFO
2026-01-01 01:29:41,186 - System.tprint - INFO - ℹ️ 🐛 DEBUG: Successfully loaded metadata with 0 versions INFO
[2026-01-01 01:29:41.186] 🐛 DEBUG: list_versions() called INFO
2026-01-01 01:29:41,186 - System.tprint - INFO - ℹ️ 🐛 DEBUG: list_versions() called INFO
[2026-01-01 01:29:41.186] 🐛 DEBUG: Metadata file exists: True INFO
2026-01-01 01:29:41,186 - System.tprint - INFO - ℹ️ 🐛 DEBUG: Metadata file exists: True INFO
[2026-01-01 01:29:41.186] 🐛 DEBUG: HDF5 file exists: True INFO
2026-01-01 01:29:41,187 - System.tprint - INFO - ℹ️ 🐛 DEBUG: HDF5 file exists: True INFO
[2026-01-01 01:29:41.186] 🐛 DEBUG: Reloading metadata to get latest versions INFO
2026-01-01 01:29:41,187 - System.tprint - INFO - ℹ️ 🐛 DEBUG: Reloading metadata to get latest versions INFO
[2026-01-01 01:29:41.186] 🐛 DEBUG: _load_metadata() checking versioned_artifacts/ETHUSDT_binance_15m_long_regime_meso_trend/metadata.json INFO
2026-01-01 01:29:41,187 - System.tprint - INFO - ℹ️ 🐛 DEBUG: _load_metadata() checking versioned_artifacts/ETHUSDT_binance_15m_long_regime_meso_trend/metadata.json INFO
[2026-01-01 01:29:41.186] 🐛 DEBUG: Metadata file exists, size: 139 bytes INFO
2026-01-01 01:29:41,187 - System.tprint - INFO - ℹ️ 🐛 DEBUG: Metadata file exists, size: 139 bytes INFO
[2026-01-01 01:29:41.186] 🐛 DEBUG: Successfully loaded metadata with 0 versions INFO
2026-01-01 01:29:41,187 - System.tprint - INFO - ℹ️ 🐛 DEBUG: Successfully loaded metadata with 0 versions INFO
[2026-01-01 01:29:41.186] 🐛 DEBUG: Found 0 versions in metadata: [] INFO
2026-01-01 01:29:41,187 - System.tprint - INFO - ℹ️ 🐛 DEBUG: Found 0 versions in metadata: [] INFO
[2026-01-01 01:29:41.187] 🐛 DEBUG: Found 0 versions in HDF5: [] INFO
2026-01-01 01:29:41,187 - System.tprint - INFO - ℹ️ 🐛 DEBUG: Found 0 versions in HDF5: [] INFO
[2026-01-01 01:29:41.187] 🐛 DEBUG: _load_metadata() checking versioned_artifacts/ETHUSDT_binance_15m_long_regime/metadata.json INFO
2026-01-01 01:29:41,187 - System.tprint - INFO - ℹ️ 🐛 DEBUG: _load_metadata() checking versioned_artifacts/ETHUSDT_binance_15m_long_regime/metadata.json INFO
[2026-01-01 01:29:41.187] 🐛 DEBUG: Metadata file exists, size: 200 bytes INFO
2026-01-01 01:29:41,188 - System.tprint - INFO - ℹ️ 🐛 DEBUG: Metadata file exists, size: 200 bytes INFO
[2026-01-01 01:29:41.187] 🐛 DEBUG: Successfully loaded metadata with 0 versions INFO
2026-01-01 01:29:41,188 - System.tprint - INFO - ℹ️ 🐛 DEBUG: Successfully loaded metadata with 0 versions INFO
[2026-01-01 01:29:41.187] 🐛 DEBUG: list_versions() called INFO
2026-01-01 01:29:41,188 - System.tprint - INFO - ℹ️ 🐛 DEBUG: list_versions() called INFO
[2026-01-01 01:29:41.187] 🐛 DEBUG: Metadata file exists: True INFO
2026-01-01 01:29:41,188 - System.tprint - INFO - ℹ️ 🐛 DEBUG: Metadata file exists: True INFO
[2026-01-01 01:29:41.187] 🐛 DEBUG: HDF5 file exists: True INFO
2026-01-01 01:29:41,188 - System.tprint - INFO - ℹ️ 🐛 DEBUG: HDF5 file exists: True INFO
[2026-01-01 01:29:41.187] 🐛 DEBUG: Reloading metadata to get latest versions INFO
2026-01-01 01:29:41,188 - System.tprint - INFO - ℹ️ 🐛 DEBUG: Reloading metadata to get latest versions INFO
[2026-01-01 01:29:41.187] 🐛 DEBUG: _load_metadata() checking versioned_artifacts/ETHUSDT_binance_15m_long_regime/metadata.json INFO
2026-01-01 01:29:41,188 - System.tprint - INFO - ℹ️ 🐛 DEBUG: _load_metadata() checking versioned_artifacts/ETHUSDT_binance_15m_long_regime/metadata.json INFO
[2026-01-01 01:29:41.187] 🐛 DEBUG: Metadata file exists, size: 200 bytes INFO
2026-01-01 01:29:41,188 - System.tprint - INFO - ℹ️ 🐛 DEBUG: Metadata file exists, size: 200 bytes INFO
[2026-01-01 01:29:41.187] 🐛 DEBUG: Successfully loaded metadata with 0 versions INFO
2026-01-01 01:29:41,188 - System.tprint - INFO - ℹ️ 🐛 DEBUG: Successfully loaded metadata with 0 versions INFO
[2026-01-01 01:29:41.188] 🐛 DEBUG: Found 0 versions in metadata: [] INFO
2026-01-01 01:29:41,188 - System.tprint - INFO - ℹ️ 🐛 DEBUG: Found 0 versions in metadata: [] INFO
[2026-01-01 01:29:41.188] 🐛 DEBUG: Found 0 versions in HDF5: [] INFO
2026-01-01 01:29:41,188 - System.tprint - INFO - ℹ️ 🐛 DEBUG: Found 0 versions in HDF5: [] INFO
[2026-01-01 01:29:41.188] 🐛 DEBUG: _load_metadata() checking versioned_artifacts/ETHUSDT_binance_1h_long_smc_regime/metadata.json INFO
2026-01-01 01:29:41,189 - System.tprint - INFO - ℹ️ 🐛 DEBUG: _load_metadata() checking versioned_artifacts/ETHUSDT_binance_1h_long_smc_regime/metadata.json INFO
[2026-01-01 01:29:41.188] 🐛 DEBUG: Metadata file exists, size: 3536 bytes INFO
2026-01-01 01:29:41,189 - System.tprint - INFO - ℹ️ 🐛 DEBUG: Metadata file exists, size: 3536 bytes INFO
[2026-01-01 01:29:41.188] 🐛 DEBUG: Successfully loaded metadata with 5 versions INFO
2026-01-01 01:29:41,189 - System.tprint - INFO - ℹ️ 🐛 DEBUG: Successfully loaded metadata with 5 versions INFO
[2026-01-01 01:29:41.188] 🐛 DEBUG: list_versions() called INFO
2026-01-01 01:29:41,189 - System.tprint - INFO - ℹ️ 🐛 DEBUG: list_versions() called INFO
[2026-01-01 01:29:41.188] 🐛 DEBUG: Metadata file exists: True INFO
2026-01-01 01:29:41,189 - System.tprint - INFO - ℹ️ 🐛 DEBUG: Metadata file exists: True INFO
[2026-01-01 01:29:41.188] 🐛 DEBUG: HDF5 file exists: True INFO
2026-01-01 01:29:41,189 - System.tprint - INFO - ℹ️ 🐛 DEBUG: HDF5 file exists: True INFO
[2026-01-01 01:29:41.188] 🐛 DEBUG: Reloading metadata to get latest versions INFO
2026-01-01 01:29:41,189 - System.tprint - INFO - ℹ️ 🐛 DEBUG: Reloading metadata to get latest versions INFO
[2026-01-01 01:29:41.188] 🐛 DEBUG: _load_metadata() checking versioned_artifacts/ETHUSDT_binance_1h_long_smc_regime/metadata.json INFO
2026-01-01 01:29:41,189 - System.tprint - INFO - ℹ️ 🐛 DEBUG: _load_metadata() checking versioned_artifacts/ETHUSDT_binance_1h_long_smc_regime/metadata.json INFO
[2026-01-01 01:29:41.189] 🐛 DEBUG: Metadata file exists, size: 3536 bytes INFO
2026-01-01 01:29:41,189 - System.tprint - INFO - ℹ️ 🐛 DEBUG: Metadata file exists, size: 3536 bytes INFO
[2026-01-01 01:29:41.189] 🐛 DEBUG: Successfully loaded metadata with 5 versions INFO
2026-01-01 01:29:41,189 - System.tprint - INFO - ℹ️ 🐛 DEBUG: Successfully loaded metadata with 5 versions INFO
[2026-01-01 01:29:41.189] 🐛 DEBUG: Found 5 versions in metadata: ['smc_predictions_with_confidence_20251124_233038_087', 'smc_predictions_with_confidence_20251125_001011_321', 'smc_predictions_with_confidence_20251125_001842_252', 'smc_predictions_with_confidence_20251126_003009_061', 'smc_predictions_with_confidence_20251126_003415_856'] INFO
2026-01-01 01:29:41,189 - System.tprint - INFO - ℹ️ 🐛 DEBUG: Found 5 versions in metadata: ['smc_predictions_with_confidence_20251124_233038_087', 'smc_predictions_with_confidence_20251125_001011_321', 'smc_predictions_with_confidence_20251125_001842_252', 'smc_predictions_with_confidence_20251126_003009_061', 'smc_predictions_with_confidence_20251126_003415_856'] INFO
[2026-01-01 01:29:41.189] 🐛 DEBUG: Found 5 versions in HDF5: ['smc_predictions_with_confidence_20251124_233038_087', 'smc_predictions_with_confidence_20251125_001011_321', 'smc_predictions_with_confidence_20251125_001842_252', 'smc_predictions_with_confidence_20251126_003009_061', 'smc_predictions_with_confidence_20251126_003415_856'] INFO
2026-01-01 01:29:41,190 - System.tprint - INFO - ℹ️ 🐛 DEBUG: Found 5 versions in HDF5: ['smc_predictions_with_confidence_20251124_233038_087', 'smc_predictions_with_confidence_20251125_001011_321', 'smc_predictions_with_confidence_20251125_001842_252', 'smc_predictions_with_confidence_20251126_003009_061', 'smc_predictions_with_confidence_20251126_003415_856'] INFO
[2026-01-01 01:29:41.189] 🐛 DEBUG: _load_metadata() checking versioned_artifacts/ETHUSDT_binance_15m_long_regime_path/metadata.json INFO
2026-01-01 01:29:41,190 - System.tprint - INFO - ℹ️ 🐛 DEBUG: _load_metadata() checking versioned_artifacts/ETHUSDT_binance_15m_long_regime_path/metadata.json INFO
[2026-01-01 01:29:41.189] 🐛 DEBUG: Metadata file exists, size: 200 bytes INFO
2026-01-01 01:29:41,190 - System.tprint - INFO - ℹ️ 🐛 DEBUG: Metadata file exists, size: 200 bytes INFO
[2026-01-01 01:29:41.189] 🐛 DEBUG: Successfully loaded metadata with 0 versions INFO
2026-01-01 01:29:41,190 - System.tprint - INFO - ℹ️ 🐛 DEBUG: Successfully loaded metadata with 0 versions INFO
[2026-01-01 01:29:41.189] 🐛 DEBUG: list_versions() called INFO
2026-01-01 01:29:41,190 - System.tprint - INFO - ℹ️ 🐛 DEBUG: list_versions() called INFO
[2026-01-01 01:29:41.190] 🐛 DEBUG: Metadata file exists: True INFO
2026-01-01 01:29:41,190 - System.tprint - INFO - ℹ️ 🐛 DEBUG: Metadata file exists: True INFO
[2026-01-01 01:29:41.190] 🐛 DEBUG: HDF5 file exists: True INFO
2026-01-01 01:29:41,190 - System.tprint - INFO - ℹ️ 🐛 DEBUG: HDF5 file exists: True INFO
[2026-01-01 01:29:41.190] 🐛 DEBUG: Reloading metadata to get latest versions INFO
2026-01-01 01:29:41,190 - System.tprint - INFO - ℹ️ 🐛 DEBUG: Reloading metadata to get latest versions INFO
[2026-01-01 01:29:41.190] 🐛 DEBUG: _load_metadata() checking versioned_artifacts/ETHUSDT_binance_15m_long_regime_path/metadata.json INFO
2026-01-01 01:29:41,190 - System.tprint - INFO - ℹ️ 🐛 DEBUG: _load_metadata() checking versioned_artifacts/ETHUSDT_binance_15m_long_regime_path/metadata.json INFO
[2026-01-01 01:29:41.190] 🐛 DEBUG: Metadata file exists, size: 200 bytes INFO
2026-01-01 01:29:41,191 - System.tprint - INFO - ℹ️ 🐛 DEBUG: Metadata file exists, size: 200 bytes INFO
[2026-01-01 01:29:41.190] 🐛 DEBUG: Successfully loaded metadata with 0 versions INFO
2026-01-01 01:29:41,191 - System.tprint - INFO - ℹ️ 🐛 DEBUG: Successfully loaded metadata with 0 versions INFO
[2026-01-01 01:29:41.190] 🐛 DEBUG: Found 0 versions in metadata: [] INFO
2026-01-01 01:29:41,191 - System.tprint - INFO - ℹ️ 🐛 DEBUG: Found 0 versions in metadata: [] INFO
[2026-01-01 01:29:41.190] 🐛 DEBUG: Found 0 versions in HDF5: [] INFO
2026-01-01 01:29:41,191 - System.tprint - INFO - ℹ️ 🐛 DEBUG: Found 0 versions in HDF5: [] INFO
[2026-01-01 01:29:41.190] 🐛 DEBUG: _load_metadata() checking versioned_artifacts/ETHUSDT_binance_1h_long_light/metadata.json INFO
2026-01-01 01:29:41,191 - System.tprint - INFO - ℹ️ 🐛 DEBUG: _load_metadata() checking versioned_artifacts/ETHUSDT_binance_1h_long_light/metadata.json INFO
[2026-01-01 01:29:41.190] 🐛 DEBUG: Metadata file exists, size: 139 bytes INFO
2026-01-01 01:29:41,191 - System.tprint - INFO - ℹ️ 🐛 DEBUG: Metadata file exists, size: 139 bytes INFO
[2026-01-01 01:29:41.191] 🐛 DEBUG: Successfully loaded metadata with 0 versions INFO
2026-01-01 01:29:41,191 - System.tprint - INFO - ℹ️ 🐛 DEBUG: Successfully loaded metadata with 0 versions INFO
[2026-01-01 01:29:41.191] 🐛 DEBUG: list_versions() called INFO
2026-01-01 01:29:41,191 - System.tprint - INFO - ℹ️ 🐛 DEBUG: list_versions() called INFO
[2026-01-01 01:29:41.191] 🐛 DEBUG: Metadata file exists: True INFO
2026-01-01 01:29:41,191 - System.tprint - INFO - ℹ️ 🐛 DEBUG: Metadata file exists: True INFO
[2026-01-01 01:29:41.191] 🐛 DEBUG: HDF5 file exists: True INFO
2026-01-01 01:29:41,192 - System.tprint - INFO - ℹ️ 🐛 DEBUG: HDF5 file exists: True INFO
[2026-01-01 01:29:41.191] 🐛 DEBUG: Reloading metadata to get latest versions INFO
2026-01-01 01:29:41,192 - System.tprint - INFO - ℹ️ 🐛 DEBUG: Reloading metadata to get latest versions INFO
[2026-01-01 01:29:41.191] 🐛 DEBUG: _load_metadata() checking versioned_artifacts/ETHUSDT_binance_1h_long_light/metadata.json INFO
2026-01-01 01:29:41,192 - System.tprint - INFO - ℹ️ 🐛 DEBUG: _load_metadata() checking versioned_artifacts/ETHUSDT_binance_1h_long_light/metadata.json INFO
[2026-01-01 01:29:41.191] 🐛 DEBUG: Metadata file exists, size: 139 bytes INFO
2026-01-01 01:29:41,192 - System.tprint - INFO - ℹ️ 🐛 DEBUG: Metadata file exists, size: 139 bytes INFO
[2026-01-01 01:29:41.191] 🐛 DEBUG: Successfully loaded metadata with 0 versions INFO
2026-01-01 01:29:41,192 - System.tprint - INFO - ℹ️ 🐛 DEBUG: Successfully loaded metadata with 0 versions INFO
[2026-01-01 01:29:41.191] 🐛 DEBUG: Found 0 versions in metadata: [] INFO
2026-01-01 01:29:41,192 - System.tprint - INFO - ℹ️ 🐛 DEBUG: Found 0 versions in metadata: [] INFO
[2026-01-01 01:29:41.191] 🐛 DEBUG: Found 0 versions in HDF5: [] INFO
2026-01-01 01:29:41,192 - System.tprint - INFO - ℹ️ 🐛 DEBUG: Found 0 versions in HDF5: [] INFO
[2026-01-01 01:29:41.192] 🐛 DEBUG: _load_metadata() checking versioned_artifacts/ETHUSDT_binance_15m_long_light/metadata.json INFO
2026-01-01 01:29:41,192 - System.tprint - INFO - ℹ️ 🐛 DEBUG: _load_metadata() checking versioned_artifacts/ETHUSDT_binance_15m_long_light/metadata.json INFO
[2026-01-01 01:29:41.192] 🐛 DEBUG: Metadata file exists, size: 1538 bytes INFO
2026-01-01 01:29:41,192 - System.tprint - INFO - ℹ️ 🐛 DEBUG: Metadata file exists, size: 1538 bytes INFO
[2026-01-01 01:29:41.192] 🐛 DEBUG: Successfully loaded metadata with 3 versions INFO
2026-01-01 01:29:41,193 - System.tprint - INFO - ℹ️ 🐛 DEBUG: Successfully loaded metadata with 3 versions INFO
[2026-01-01 01:29:41.192] 🐛 DEBUG: list_versions() called INFO
2026-01-01 01:29:41,193 - System.tprint - INFO - ℹ️ 🐛 DEBUG: list_versions() called INFO
[2026-01-01 01:29:41.192] 🐛 DEBUG: Metadata file exists: True INFO
2026-01-01 01:29:41,193 - System.tprint - INFO - ℹ️ 🐛 DEBUG: Metadata file exists: True INFO
[2026-01-01 01:29:41.192] 🐛 DEBUG: HDF5 file exists: True INFO
2026-01-01 01:29:41,193 - System.tprint - INFO - ℹ️ 🐛 DEBUG: HDF5 file exists: True INFO
[2026-01-01 01:29:41.192] 🐛 DEBUG: Reloading metadata to get latest versions INFO
2026-01-01 01:29:41,193 - System.tprint - INFO - ℹ️ 🐛 DEBUG: Reloading metadata to get latest versions INFO
[2026-01-01 01:29:41.192] 🐛 DEBUG: _load_metadata() checking versioned_artifacts/ETHUSDT_binance_15m_long_light/metadata.json INFO
2026-01-01 01:29:41,193 - System.tprint - INFO - ℹ️ 🐛 DEBUG: _load_metadata() checking versioned_artifacts/ETHUSDT_binance_15m_long_light/metadata.json INFO
[2026-01-01 01:29:41.192] 🐛 DEBUG: Metadata file exists, size: 1538 bytes INFO
2026-01-01 01:29:41,193 - System.tprint - INFO - ℹ️ 🐛 DEBUG: Metadata file exists, size: 1538 bytes INFO
[2026-01-01 01:29:41.192] 🐛 DEBUG: Successfully loaded metadata with 3 versions INFO
2026-01-01 01:29:41,193 - System.tprint - INFO - ℹ️ 🐛 DEBUG: Successfully loaded metadata with 3 versions INFO
[2026-01-01 01:29:41.192] 🐛 DEBUG: Found 3 versions in metadata: ['selected_features_60_20251109_191448_625', 'selected_features_50_20251109_191448_653', 'selected_features_40_20251109_191448_677'] INFO
2026-01-01 01:29:41,193 - System.tprint - INFO - ℹ️ 🐛 DEBUG: Found 3 versions in metadata: ['selected_features_60_20251109_191448_625', 'selected_features_50_20251109_191448_653', 'selected_features_40_20251109_191448_677'] INFO
[2026-01-01 01:29:41.192] 🐛 DEBUG: Found 3 versions in HDF5: ['selected_features_40_20251109_191448_677', 'selected_features_50_20251109_191448_653', 'selected_features_60_20251109_191448_625'] INFO
2026-01-01 01:29:41,193 - System.tprint - INFO - ℹ️ 🐛 DEBUG: Found 3 versions in HDF5: ['selected_features_40_20251109_191448_677', 'selected_features_50_20251109_191448_653', 'selected_features_60_20251109_191448_625'] INFO
[2026-01-01 01:29:41.194] 🐛 DEBUG: _load_metadata() checking versioned_artifacts/ETHUSDT_binance_15m_long_regime_macro_trend/metadata.json INFO
2026-01-01 01:29:41,194 - System.tprint - INFO - ℹ️ 🐛 DEBUG: _load_metadata() checking versioned_artifacts/ETHUSDT_binance_15m_long_regime_macro_trend/metadata.json INFO
[2026-01-01 01:29:41.194] 🐛 DEBUG: Metadata file exists, size: 5567 bytes INFO
2026-01-01 01:29:41,194 - System.tprint - INFO - ℹ️ 🐛 DEBUG: Metadata file exists, size: 5567 bytes INFO
[2026-01-01 01:29:41.194] 🐛 DEBUG: Successfully loaded metadata with 2 versions INFO
2026-01-01 01:29:41,194 - System.tprint - INFO - ℹ️ 🐛 DEBUG: Successfully loaded metadata with 2 versions INFO
[2026-01-01 01:29:41.194] 🐛 DEBUG: list_versions() called INFO
2026-01-01 01:29:41,194 - System.tprint - INFO - ℹ️ 🐛 DEBUG: list_versions() called INFO
[2026-01-01 01:29:41.194] 🐛 DEBUG: Metadata file exists: True INFO
2026-01-01 01:29:41,194 - System.tprint - INFO - ℹ️ 🐛 DEBUG: Metadata file exists: True INFO
[2026-01-01 01:29:41.194] 🐛 DEBUG: HDF5 file exists: True INFO
2026-01-01 01:29:41,194 - System.tprint - INFO - ℹ️ 🐛 DEBUG: HDF5 file exists: True INFO
[2026-01-01 01:29:41.194] 🐛 DEBUG: Reloading metadata to get latest versions INFO
2026-01-01 01:29:41,194 - System.tprint - INFO - ℹ️ 🐛 DEBUG: Reloading metadata to get latest versions INFO
[2026-01-01 01:29:41.194] 🐛 DEBUG: _load_metadata() checking versioned_artifacts/ETHUSDT_binance_15m_long_regime_macro_trend/metadata.json INFO
2026-01-01 01:29:41,194 - System.tprint - INFO - ℹ️ 🐛 DEBUG: _load_metadata() checking versioned_artifacts/ETHUSDT_binance_15m_long_regime_macro_trend/metadata.json INFO
[2026-01-01 01:29:41.194] 🐛 DEBUG: Metadata file exists, size: 5567 bytes INFO
2026-01-01 01:29:41,194 - System.tprint - INFO - ℹ️ 🐛 DEBUG: Metadata file exists, size: 5567 bytes INFO
[2026-01-01 01:29:41.194] 🐛 DEBUG: Successfully loaded metadata with 2 versions INFO
2026-01-01 01:29:41,194 - System.tprint - INFO - ℹ️ 🐛 DEBUG: Successfully loaded metadata with 2 versions INFO
[2026-01-01 01:29:41.194] 🐛 DEBUG: Found 2 versions in metadata: ['hmm_macro_trend_training_data_15m_20251213_170722_611', 'hmm_macro_trend_regime_stats_15m_20251213_170725_853'] INFO
2026-01-01 01:29:41,194 - System.tprint - INFO - ℹ️ 🐛 DEBUG: Found 2 versions in metadata: ['hmm_macro_trend_training_data_15m_20251213_170722_611', 'hmm_macro_trend_regime_stats_15m_20251213_170725_853'] INFO
[2026-01-01 01:29:41.195] 🐛 DEBUG: Found 2 versions in HDF5: ['hmm_macro_trend_regime_stats_15m_20251213_170725_853', 'hmm_macro_trend_training_data_15m_20251213_170722_611'] INFO
2026-01-01 01:29:41,195 - System.tprint - INFO - ℹ️ 🐛 DEBUG: Found 2 versions in HDF5: ['hmm_macro_trend_regime_stats_15m_20251213_170725_853', 'hmm_macro_trend_training_data_15m_20251213_170722_611'] INFO
[2026-01-01 01:29:41.195] 🐛 DEBUG: _load_metadata() checking versioned_artifacts/ETHUSDT_binance_1h_long_full/metadata.json INFO
2026-01-01 01:29:41,195 - System.tprint - INFO - ℹ️ 🐛 DEBUG: _load_metadata() checking versioned_artifacts/ETHUSDT_binance_1h_long_full/metadata.json INFO
[2026-01-01 01:29:41.195] 🐛 DEBUG: Metadata file exists, size: 139 bytes INFO
2026-01-01 01:29:41,195 - System.tprint - INFO - ℹ️ 🐛 DEBUG: Metadata file exists, size: 139 bytes INFO
[2026-01-01 01:29:41.195] 🐛 DEBUG: Successfully loaded metadata with 0 versions INFO
2026-01-01 01:29:41,195 - System.tprint - INFO - ℹ️ 🐛 DEBUG: Successfully loaded metadata with 0 versions INFO
[2026-01-01 01:29:41.195] 🐛 DEBUG: list_versions() called INFO
2026-01-01 01:29:41,195 - System.tprint - INFO - ℹ️ 🐛 DEBUG: list_versions() called INFO
[2026-01-01 01:29:41.195] 🐛 DEBUG: Metadata file exists: True INFO
2026-01-01 01:29:41,195 - System.tprint - INFO - ℹ️ 🐛 DEBUG: Metadata file exists: True INFO
[2026-01-01 01:29:41.195] 🐛 DEBUG: HDF5 file exists: True INFO
2026-01-01 01:29:41,195 - System.tprint - INFO - ℹ️ 🐛 DEBUG: HDF5 file exists: True INFO
[2026-01-01 01:29:41.195] 🐛 DEBUG: Reloading metadata to get latest versions INFO
2026-01-01 01:29:41,195 - System.tprint - INFO - ℹ️ 🐛 DEBUG: Reloading metadata to get latest versions INFO
[2026-01-01 01:29:41.195] 🐛 DEBUG: _load_metadata() checking versioned_artifacts/ETHUSDT_binance_1h_long_full/metadata.json INFO
2026-01-01 01:29:41,195 - System.tprint - INFO - ℹ️ 🐛 DEBUG: _load_metadata() checking versioned_artifacts/ETHUSDT_binance_1h_long_full/metadata.json INFO
[2026-01-01 01:29:41.195] 🐛 DEBUG: Metadata file exists, size: 139 bytes INFO
2026-01-01 01:29:41,196 - System.tprint - INFO - ℹ️ 🐛 DEBUG: Metadata file exists, size: 139 bytes INFO
[2026-01-01 01:29:41.196] 🐛 DEBUG: Successfully loaded metadata with 0 versions INFO
2026-01-01 01:29:41,196 - System.tprint - INFO - ℹ️ 🐛 DEBUG: Successfully loaded metadata with 0 versions INFO
[2026-01-01 01:29:41.196] 🐛 DEBUG: Found 0 versions in metadata: [] INFO
2026-01-01 01:29:41,196 - System.tprint - INFO - ℹ️ 🐛 DEBUG: Found 0 versions in metadata: [] INFO
[2026-01-01 01:29:41.196] 🐛 DEBUG: Found 0 versions in HDF5: [] INFO
2026-01-01 01:29:41,196 - System.tprint - INFO - ℹ️ 🐛 DEBUG: Found 0 versions in HDF5: [] INFO
[2026-01-01 01:29:41.196] 🐛 DEBUG: _load_metadata() checking versioned_artifacts/ETHUSDT_binance_15m_short_mean_reversion/metadata.json INFO
2026-01-01 01:29:41,196 - System.tprint - INFO - ℹ️ 🐛 DEBUG: _load_metadata() checking versioned_artifacts/ETHUSDT_binance_15m_short_mean_reversion/metadata.json INFO
[2026-01-01 01:29:41.196] 🐛 DEBUG: Metadata file exists, size: 139 bytes INFO
2026-01-01 01:29:41,196 - System.tprint - INFO - ℹ️ 🐛 DEBUG: Metadata file exists, size: 139 bytes INFO
[2026-01-01 01:29:41.196] 🐛 DEBUG: Successfully loaded metadata with 0 versions INFO
2026-01-01 01:29:41,196 - System.tprint - INFO - ℹ️ 🐛 DEBUG: Successfully loaded metadata with 0 versions INFO
[2026-01-01 01:29:41.196] 🐛 DEBUG: list_versions() called INFO
2026-01-01 01:29:41,196 - System.tprint - INFO - ℹ️ 🐛 DEBUG: list_versions() called INFO
[2026-01-01 01:29:41.196] 🐛 DEBUG: Metadata file exists: True INFO
2026-01-01 01:29:41,196 - System.tprint - INFO - ℹ️ 🐛 DEBUG: Metadata file exists: True INFO
[2026-01-01 01:29:41.196] 🐛 DEBUG: HDF5 file exists: True INFO
2026-01-01 01:29:41,197 - System.tprint - INFO - ℹ️ 🐛 DEBUG: HDF5 file exists: True INFO
[2026-01-01 01:29:41.196] 🐛 DEBUG: Reloading metadata to get latest versions INFO
2026-01-01 01:29:41,197 - System.tprint - INFO - ℹ️ 🐛 DEBUG: Reloading metadata to get latest versions INFO
[2026-01-01 01:29:41.197] 🐛 DEBUG: _load_metadata() checking versioned_artifacts/ETHUSDT_binance_15m_short_mean_reversion/metadata.json INFO
2026-01-01 01:29:41,197 - System.tprint - INFO - ℹ️ 🐛 DEBUG: _load_metadata() checking versioned_artifacts/ETHUSDT_binance_15m_short_mean_reversion/metadata.json INFO
[2026-01-01 01:29:41.197] 🐛 DEBUG: Metadata file exists, size: 139 bytes INFO
2026-01-01 01:29:41,197 - System.tprint - INFO - ℹ️ 🐛 DEBUG: Metadata file exists, size: 139 bytes INFO
[2026-01-01 01:29:41.197] 🐛 DEBUG: Successfully loaded metadata with 0 versions INFO
2026-01-01 01:29:41,197 - System.tprint - INFO - ℹ️ 🐛 DEBUG: Successfully loaded metadata with 0 versions INFO
[2026-01-01 01:29:41.197] 🐛 DEBUG: Found 0 versions in metadata: [] INFO
2026-01-01 01:29:41,197 - System.tprint - INFO - ℹ️ 🐛 DEBUG: Found 0 versions in metadata: [] INFO
[2026-01-01 01:29:41.197] 🐛 DEBUG: Found 0 versions in HDF5: [] INFO
2026-01-01 01:29:41,197 - System.tprint - INFO - ℹ️ 🐛 DEBUG: Found 0 versions in HDF5: [] INFO
[2026-01-01 01:29:41.197] 🐛 DEBUG: _load_metadata() checking versioned_artifacts/ETHUSDT_binance_15m_long_path_regime/metadata.json INFO
2026-01-01 01:29:41,197 - System.tprint - INFO - ℹ️ 🐛 DEBUG: _load_metadata() checking versioned_artifacts/ETHUSDT_binance_15m_long_path_regime/metadata.json INFO
[2026-01-01 01:29:41.197] 🐛 DEBUG: Metadata file does not exist, returning default metadata INFO
2026-01-01 01:29:41,197 - System.tprint - INFO - ℹ️ 🐛 DEBUG: Metadata file does not exist, returning default metadata INFO
[2026-01-01 01:29:41.197] 🐛 DEBUG: list_versions() called INFO
2026-01-01 01:29:41,198 - System.tprint - INFO - ℹ️ 🐛 DEBUG: list_versions() called INFO
[2026-01-01 01:29:41.197] 🐛 DEBUG: Metadata file exists: False INFO
2026-01-01 01:29:41,198 - System.tprint - INFO - ℹ️ 🐛 DEBUG: Metadata file exists: False INFO
[2026-01-01 01:29:41.198] 🐛 DEBUG: HDF5 file exists: True INFO
2026-01-01 01:29:41,198 - System.tprint - INFO - ℹ️ 🐛 DEBUG: HDF5 file exists: True INFO
[2026-01-01 01:29:41.198] 🐛 DEBUG: Reloading metadata to get latest versions INFO
2026-01-01 01:29:41,198 - System.tprint - INFO - ℹ️ 🐛 DEBUG: Reloading metadata to get latest versions INFO
[2026-01-01 01:29:41.198] 🐛 DEBUG: _load_metadata() checking versioned_artifacts/ETHUSDT_binance_15m_long_path_regime/metadata.json INFO
2026-01-01 01:29:41,198 - System.tprint - INFO - ℹ️ 🐛 DEBUG: _load_metadata() checking versioned_artifacts/ETHUSDT_binance_15m_long_path_regime/metadata.json INFO
[2026-01-01 01:29:41.198] 🐛 DEBUG: Metadata file does not exist, returning default metadata INFO
2026-01-01 01:29:41,198 - System.tprint - INFO - ℹ️ 🐛 DEBUG: Metadata file does not exist, returning default metadata INFO
[2026-01-01 01:29:41.198] 🐛 DEBUG: Found 0 versions in metadata: [] INFO
2026-01-01 01:29:41,198 - System.tprint - INFO - ℹ️ 🐛 DEBUG: Found 0 versions in metadata: [] INFO
[2026-01-01 01:29:41.198] 🐛 DEBUG: Found 0 versions in HDF5: [] INFO
2026-01-01 01:29:41,198 - System.tprint - INFO - ℹ️ 🐛 DEBUG: Found 0 versions in HDF5: [] INFO
[2026-01-01 01:29:41.198] 🐛 DEBUG: _load_metadata() checking versioned_artifacts/ETHUSDT_binance_1h_long_regime_risk_hmm/metadata.json INFO
2026-01-01 01:29:41,198 - System.tprint - INFO - ℹ️ 🐛 DEBUG: _load_metadata() checking versioned_artifacts/ETHUSDT_binance_1h_long_regime_risk_hmm/metadata.json INFO
[2026-01-01 01:29:41.198] 🐛 DEBUG: Metadata file exists, size: 139 bytes INFO
2026-01-01 01:29:41,199 - System.tprint - INFO - ℹ️ 🐛 DEBUG: Metadata file exists, size: 139 bytes INFO
[2026-01-01 01:29:41.198] 🐛 DEBUG: Successfully loaded metadata with 0 versions INFO
2026-01-01 01:29:41,199 - System.tprint - INFO - ℹ️ 🐛 DEBUG: Successfully loaded metadata with 0 versions INFO
[2026-01-01 01:29:41.198] 🐛 DEBUG: list_versions() called INFO
2026-01-01 01:29:41,199 - System.tprint - INFO - ℹ️ 🐛 DEBUG: list_versions() called INFO
[2026-01-01 01:29:41.199] 🐛 DEBUG: Metadata file exists: True INFO
2026-01-01 01:29:41,199 - System.tprint - INFO - ℹ️ 🐛 DEBUG: Metadata file exists: True INFO
[2026-01-01 01:29:41.199] 🐛 DEBUG: HDF5 file exists: True INFO
2026-01-01 01:29:41,199 - System.tprint - INFO - ℹ️ 🐛 DEBUG: HDF5 file exists: True INFO
[2026-01-01 01:29:41.199] 🐛 DEBUG: Reloading metadata to get latest versions INFO
2026-01-01 01:29:41,199 - System.tprint - INFO - ℹ️ 🐛 DEBUG: Reloading metadata to get latest versions INFO
[2026-01-01 01:29:41.199] 🐛 DEBUG: _load_metadata() checking versioned_artifacts/ETHUSDT_binance_1h_long_regime_risk_hmm/metadata.json INFO
2026-01-01 01:29:41,199 - System.tprint - INFO - ℹ️ 🐛 DEBUG: _load_metadata() checking versioned_artifacts/ETHUSDT_binance_1h_long_regime_risk_hmm/metadata.json INFO
[2026-01-01 01:29:41.199] 🐛 DEBUG: Metadata file exists, size: 139 bytes INFO
2026-01-01 01:29:41,199 - System.tprint - INFO - ℹ️ 🐛 DEBUG: Metadata file exists, size: 139 bytes INFO
[2026-01-01 01:29:41.199] 🐛 DEBUG: Successfully loaded metadata with 0 versions INFO
2026-01-01 01:29:41,199 - System.tprint - INFO - ℹ️ 🐛 DEBUG: Successfully loaded metadata with 0 versions INFO
[2026-01-01 01:29:41.199] 🐛 DEBUG: Found 0 versions in metadata: [] INFO
2026-01-01 01:29:41,199 - System.tprint - INFO - ℹ️ 🐛 DEBUG: Found 0 versions in metadata: [] INFO
[2026-01-01 01:29:41.199] 🐛 DEBUG: Found 0 versions in HDF5: [] INFO
2026-01-01 01:29:41,199 - System.tprint - INFO - ℹ️ 🐛 DEBUG: Found 0 versions in HDF5: [] INFO
[2026-01-01 01:29:41.199] 🐛 DEBUG: _load_metadata() checking versioned_artifacts/ETHUSDT_binance_1h_long_regime_risk/metadata.json INFO
2026-01-01 01:29:41,200 - System.tprint - INFO - ℹ️ 🐛 DEBUG: _load_metadata() checking versioned_artifacts/ETHUSDT_binance_1h_long_regime_risk/metadata.json INFO
[2026-01-01 01:29:41.199] 🐛 DEBUG: Metadata file exists, size: 139 bytes INFO
2026-01-01 01:29:41,200 - System.tprint - INFO - ℹ️ 🐛 DEBUG: Metadata file exists, size: 139 bytes INFO
[2026-01-01 01:29:41.200] 🐛 DEBUG: Successfully loaded metadata with 0 versions INFO
2026-01-01 01:29:41,200 - System.tprint - INFO - ℹ️ 🐛 DEBUG: Successfully loaded metadata with 0 versions INFO
[2026-01-01 01:29:41.200] 🐛 DEBUG: list_versions() called INFO
2026-01-01 01:29:41,200 - System.tprint - INFO - ℹ️ 🐛 DEBUG: list_versions() called INFO
[2026-01-01 01:29:41.200] 🐛 DEBUG: Metadata file exists: True INFO
2026-01-01 01:29:41,200 - System.tprint - INFO - ℹ️ 🐛 DEBUG: Metadata file exists: True INFO
[2026-01-01 01:29:41.200] 🐛 DEBUG: HDF5 file exists: True INFO
2026-01-01 01:29:41,200 - System.tprint - INFO - ℹ️ 🐛 DEBUG: HDF5 file exists: True INFO
[2026-01-01 01:29:41.200] 🐛 DEBUG: Reloading metadata to get latest versions INFO
2026-01-01 01:29:41,200 - System.tprint - INFO - ℹ️ 🐛 DEBUG: Reloading metadata to get latest versions INFO
[2026-01-01 01:29:41.200] 🐛 DEBUG: _load_metadata() checking versioned_artifacts/ETHUSDT_binance_1h_long_regime_risk/metadata.json INFO
2026-01-01 01:29:41,200 - System.tprint - INFO - ℹ️ 🐛 DEBUG: _load_metadata() checking versioned_artifacts/ETHUSDT_binance_1h_long_regime_risk/metadata.json INFO
[2026-01-01 01:29:41.200] 🐛 DEBUG: Metadata file exists, size: 139 bytes INFO
2026-01-01 01:29:41,200 - System.tprint - INFO - ℹ️ 🐛 DEBUG: Metadata file exists, size: 139 bytes INFO
[2026-01-01 01:29:41.200] 🐛 DEBUG: Successfully loaded metadata with 0 versions INFO
2026-01-01 01:29:41,200 - System.tprint - INFO - ℹ️ 🐛 DEBUG: Successfully loaded metadata with 0 versions INFO
[2026-01-01 01:29:41.200] 🐛 DEBUG: Found 0 versions in metadata: [] INFO
2026-01-01 01:29:41,200 - System.tprint - INFO - ℹ️ 🐛 DEBUG: Found 0 versions in metadata: [] INFO
[2026-01-01 01:29:41.200] 🐛 DEBUG: Found 0 versions in HDF5: [] INFO
2026-01-01 01:29:41,201 - System.tprint - INFO - ℹ️ 🐛 DEBUG: Found 0 versions in HDF5: [] INFO
[2026-01-01 01:29:41.201] 🐛 DEBUG: _load_metadata() checking versioned_artifacts/ETHUSDT_binance_15m_long_momentum_persistence/metadata.json INFO
2026-01-01 01:29:41,201 - System.tprint - INFO - ℹ️ 🐛 DEBUG: _load_metadata() checking versioned_artifacts/ETHUSDT_binance_15m_long_momentum_persistence/metadata.json INFO
[2026-01-01 01:29:41.201] 🐛 DEBUG: Metadata file does not exist, returning default metadata INFO
2026-01-01 01:29:41,201 - System.tprint - INFO - ℹ️ 🐛 DEBUG: Metadata file does not exist, returning default metadata INFO
[2026-01-01 01:29:41.201] 🐛 DEBUG: list_versions() called INFO
2026-01-01 01:29:41,201 - System.tprint - INFO - ℹ️ 🐛 DEBUG: list_versions() called INFO
[2026-01-01 01:29:41.201] 🐛 DEBUG: Metadata file exists: False INFO
2026-01-01 01:29:41,201 - System.tprint - INFO - ℹ️ 🐛 DEBUG: Metadata file exists: False INFO
[2026-01-01 01:29:41.201] 🐛 DEBUG: HDF5 file exists: True INFO
2026-01-01 01:29:41,201 - System.tprint - INFO - ℹ️ 🐛 DEBUG: HDF5 file exists: True INFO
[2026-01-01 01:29:41.201] 🐛 DEBUG: Reloading metadata to get latest versions INFO
2026-01-01 01:29:41,201 - System.tprint - INFO - ℹ️ 🐛 DEBUG: Reloading metadata to get latest versions INFO
[2026-01-01 01:29:41.201] 🐛 DEBUG: _load_metadata() checking versioned_artifacts/ETHUSDT_binance_15m_long_momentum_persistence/metadata.json INFO
2026-01-01 01:29:41,201 - System.tprint - INFO - ℹ️ 🐛 DEBUG: _load_metadata() checking versioned_artifacts/ETHUSDT_binance_15m_long_momentum_persistence/metadata.json INFO
[2026-01-01 01:29:41.201] 🐛 DEBUG: Metadata file does not exist, returning default metadata INFO
2026-01-01 01:29:41,202 - System.tprint - INFO - ℹ️ 🐛 DEBUG: Metadata file does not exist, returning default metadata INFO
[2026-01-01 01:29:41.201] 🐛 DEBUG: Found 0 versions in metadata: [] INFO
2026-01-01 01:29:41,202 - System.tprint - INFO - ℹ️ 🐛 DEBUG: Found 0 versions in metadata: [] INFO
[2026-01-01 01:29:41.201] 🐛 DEBUG: Found 0 versions in HDF5: [] INFO
2026-01-01 01:29:41,202 - System.tprint - INFO - ℹ️ 🐛 DEBUG: Found 0 versions in HDF5: [] INFO
[2026-01-01 01:29:41.202] 🐛 DEBUG: _load_metadata() checking versioned_artifacts/ETHUSDT_binance_1h_long_blank/metadata.json INFO
2026-01-01 01:29:41,202 - System.tprint - INFO - ℹ️ 🐛 DEBUG: _load_metadata() checking versioned_artifacts/ETHUSDT_binance_1h_long_blank/metadata.json INFO
[2026-01-01 01:29:41.202] 🐛 DEBUG: Metadata file exists, size: 139 bytes INFO
2026-01-01 01:29:41,202 - System.tprint - INFO - ℹ️ 🐛 DEBUG: Metadata file exists, size: 139 bytes INFO
[2026-01-01 01:29:41.202] 🐛 DEBUG: Successfully loaded metadata with 0 versions INFO
2026-01-01 01:29:41,202 - System.tprint - INFO - ℹ️ 🐛 DEBUG: Successfully loaded metadata with 0 versions INFO
[2026-01-01 01:29:41.202] 🐛 DEBUG: list_versions() called INFO
2026-01-01 01:29:41,202 - System.tprint - INFO - ℹ️ 🐛 DEBUG: list_versions() called INFO
[2026-01-01 01:29:41.202] 🐛 DEBUG: Metadata file exists: True INFO
2026-01-01 01:29:41,202 - System.tprint - INFO - ℹ️ 🐛 DEBUG: Metadata file exists: True INFO
[2026-01-01 01:29:41.202] 🐛 DEBUG: HDF5 file exists: True INFO
2026-01-01 01:29:41,203 - System.tprint - INFO - ℹ️ 🐛 DEBUG: HDF5 file exists: True INFO
[2026-01-01 01:29:41.202] 🐛 DEBUG: Reloading metadata to get latest versions INFO
2026-01-01 01:29:41,203 - System.tprint - INFO - ℹ️ 🐛 DEBUG: Reloading metadata to get latest versions INFO
[2026-01-01 01:29:41.202] 🐛 DEBUG: _load_metadata() checking versioned_artifacts/ETHUSDT_binance_1h_long_blank/metadata.json INFO
2026-01-01 01:29:41,203 - System.tprint - INFO - ℹ️ 🐛 DEBUG: _load_metadata() checking versioned_artifacts/ETHUSDT_binance_1h_long_blank/metadata.json INFO
[2026-01-01 01:29:41.202] 🐛 DEBUG: Metadata file exists, size: 139 bytes INFO
2026-01-01 01:29:41,203 - System.tprint - INFO - ℹ️ 🐛 DEBUG: Metadata file exists, size: 139 bytes INFO
[2026-01-01 01:29:41.202] 🐛 DEBUG: Successfully loaded metadata with 0 versions INFO
2026-01-01 01:29:41,203 - System.tprint - INFO - ℹ️ 🐛 DEBUG: Successfully loaded metadata with 0 versions INFO
[2026-01-01 01:29:41.202] 🐛 DEBUG: Found 0 versions in metadata: [] INFO
2026-01-01 01:29:41,203 - System.tprint - INFO - ℹ️ 🐛 DEBUG: Found 0 versions in metadata: [] INFO
[2026-01-01 01:29:41.202] 🐛 DEBUG: Found 0 versions in HDF5: [] INFO
2026-01-01 01:29:41,203 - System.tprint - INFO - ℹ️ 🐛 DEBUG: Found 0 versions in HDF5: [] INFO
[2026-01-01 01:29:41.203] 🐛 DEBUG: _load_metadata() checking versioned_artifacts/ETHUSDT_binance_15m_long_regime_mr_trend/metadata.json INFO
2026-01-01 01:29:41,203 - System.tprint - INFO - ℹ️ 🐛 DEBUG: _load_metadata() checking versioned_artifacts/ETHUSDT_binance_15m_long_regime_mr_trend/metadata.json INFO
[2026-01-01 01:29:41.203] 🐛 DEBUG: Metadata file exists, size: 139 bytes INFO
2026-01-01 01:29:41,203 - System.tprint - INFO - ℹ️ 🐛 DEBUG: Metadata file exists, size: 139 bytes INFO
[2026-01-01 01:29:41.203] 🐛 DEBUG: Successfully loaded metadata with 0 versions INFO
2026-01-01 01:29:41,204 - System.tprint - INFO - ℹ️ 🐛 DEBUG: Successfully loaded metadata with 0 versions INFO
[2026-01-01 01:29:41.203] 🐛 DEBUG: list_versions() called INFO
2026-01-01 01:29:41,204 - System.tprint - INFO - ℹ️ 🐛 DEBUG: list_versions() called INFO
[2026-01-01 01:29:41.203] 🐛 DEBUG: Metadata file exists: True INFO
2026-01-01 01:29:41,204 - System.tprint - INFO - ℹ️ 🐛 DEBUG: Metadata file exists: True INFO
[2026-01-01 01:29:41.203] 🐛 DEBUG: HDF5 file exists: True INFO
2026-01-01 01:29:41,204 - System.tprint - INFO - ℹ️ 🐛 DEBUG: HDF5 file exists: True INFO
[2026-01-01 01:29:41.203] 🐛 DEBUG: Reloading metadata to get latest versions INFO
2026-01-01 01:29:41,204 - System.tprint - INFO - ℹ️ 🐛 DEBUG: Reloading metadata to get latest versions INFO
[2026-01-01 01:29:41.203] 🐛 DEBUG: _load_metadata() checking versioned_artifacts/ETHUSDT_binance_15m_long_regime_mr_trend/metadata.json INFO
2026-01-01 01:29:41,204 - System.tprint - INFO - ℹ️ 🐛 DEBUG: _load_metadata() checking versioned_artifacts/ETHUSDT_binance_15m_long_regime_mr_trend/metadata.json INFO
[2026-01-01 01:29:41.203] 🐛 DEBUG: Metadata file exists, size: 139 bytes INFO
2026-01-01 01:29:41,204 - System.tprint - INFO - ℹ️ 🐛 DEBUG: Metadata file exists, size: 139 bytes INFO
[2026-01-01 01:29:41.203] 🐛 DEBUG: Successfully loaded metadata with 0 versions INFO
2026-01-01 01:29:41,204 - System.tprint - INFO - ℹ️ 🐛 DEBUG: Successfully loaded metadata with 0 versions INFO
[2026-01-01 01:29:41.203] 🐛 DEBUG: Found 0 versions in metadata: [] INFO
2026-01-01 01:29:41,204 - System.tprint - INFO - ℹ️ 🐛 DEBUG: Found 0 versions in metadata: [] INFO
[2026-01-01 01:29:41.203] 🐛 DEBUG: Found 0 versions in HDF5: [] INFO
2026-01-01 01:29:41,204 - System.tprint - INFO - ℹ️ 🐛 DEBUG: Found 0 versions in HDF5: [] INFO
[2026-01-01 01:29:41.205] 🐛 DEBUG: _load_metadata() checking versioned_artifacts/ETHUSDT_binance_15m_long_regime_risk_hmm/metadata.json INFO
2026-01-01 01:29:41,205 - System.tprint - INFO - ℹ️ 🐛 DEBUG: _load_metadata() checking versioned_artifacts/ETHUSDT_binance_15m_long_regime_risk_hmm/metadata.json INFO
[2026-01-01 01:29:41.205] 🐛 DEBUG: Metadata file exists, size: 1035 bytes INFO
2026-01-01 01:29:41,205 - System.tprint - INFO - ℹ️ 🐛 DEBUG: Metadata file exists, size: 1035 bytes INFO
[2026-01-01 01:29:41.205] 🐛 DEBUG: Successfully loaded metadata with 1 versions INFO
2026-01-01 01:29:41,205 - System.tprint - INFO - ℹ️ 🐛 DEBUG: Successfully loaded metadata with 1 versions INFO
[2026-01-01 01:29:41.205] 🐛 DEBUG: list_versions() called INFO
2026-01-01 01:29:41,205 - System.tprint - INFO - ℹ️ 🐛 DEBUG: list_versions() called INFO
[2026-01-01 01:29:41.205] 🐛 DEBUG: Metadata file exists: True INFO
2026-01-01 01:29:41,205 - System.tprint - INFO - ℹ️ 🐛 DEBUG: Metadata file exists: True INFO
[2026-01-01 01:29:41.205] 🐛 DEBUG: HDF5 file exists: True INFO
2026-01-01 01:29:41,205 - System.tprint - INFO - ℹ️ 🐛 DEBUG: HDF5 file exists: True INFO
[2026-01-01 01:29:41.205] 🐛 DEBUG: Reloading metadata to get latest versions INFO
2026-01-01 01:29:41,205 - System.tprint - INFO - ℹ️ 🐛 DEBUG: Reloading metadata to get latest versions INFO
[2026-01-01 01:29:41.205] 🐛 DEBUG: _load_metadata() checking versioned_artifacts/ETHUSDT_binance_15m_long_regime_risk_hmm/metadata.json INFO
2026-01-01 01:29:41,205 - System.tprint - INFO - ℹ️ 🐛 DEBUG: _load_metadata() checking versioned_artifacts/ETHUSDT_binance_15m_long_regime_risk_hmm/metadata.json INFO
[2026-01-01 01:29:41.205] 🐛 DEBUG: Metadata file exists, size: 1035 bytes INFO
2026-01-01 01:29:41,205 - System.tprint - INFO - ℹ️ 🐛 DEBUG: Metadata file exists, size: 1035 bytes INFO
[2026-01-01 01:29:41.205] 🐛 DEBUG: Successfully loaded metadata with 1 versions INFO
2026-01-01 01:29:41,205 - System.tprint - INFO - ℹ️ 🐛 DEBUG: Successfully loaded metadata with 1 versions INFO
[2026-01-01 01:29:41.205] 🐛 DEBUG: Found 1 versions in metadata: ['ml_risk_hmm_training_data_15m_20251205_191725_560'] INFO
2026-01-01 01:29:41,205 - System.tprint - INFO - ℹ️ 🐛 DEBUG: Found 1 versions in metadata: ['ml_risk_hmm_training_data_15m_20251205_191725_560'] INFO
[2026-01-01 01:29:41.205] 🐛 DEBUG: Found 1 versions in HDF5: ['ml_risk_hmm_training_data_15m_20251205_191725_560'] INFO
2026-01-01 01:29:41,206 - System.tprint - INFO - ℹ️ 🐛 DEBUG: Found 1 versions in HDF5: ['ml_risk_hmm_training_data_15m_20251205_191725_560'] INFO
[2026-01-01 01:29:41.206] 🐛 DEBUG: _load_metadata() checking versioned_artifacts/ETHUSDT_binance_15m_long_analyst/metadata.json INFO
2026-01-01 01:29:41,206 - System.tprint - INFO - ℹ️ 🐛 DEBUG: _load_metadata() checking versioned_artifacts/ETHUSDT_binance_15m_long_analyst/metadata.json INFO
[2026-01-01 01:29:41.206] 🐛 DEBUG: Metadata file exists, size: 24005 bytes INFO
2026-01-01 01:29:41,206 - System.tprint - INFO - ℹ️ 🐛 DEBUG: Metadata file exists, size: 24005 bytes INFO
[2026-01-01 01:29:41.206] 🐛 DEBUG: Successfully loaded metadata with 8 versions INFO
2026-01-01 01:29:41,206 - System.tprint - INFO - ℹ️ 🐛 DEBUG: Successfully loaded metadata with 8 versions INFO
[2026-01-01 01:29:41.206] 🐛 DEBUG: list_versions() called INFO
2026-01-01 01:29:41,206 - System.tprint - INFO - ℹ️ 🐛 DEBUG: list_versions() called INFO
[2026-01-01 01:29:41.206] 🐛 DEBUG: Metadata file exists: True INFO
2026-01-01 01:29:41,206 - System.tprint - INFO - ℹ️ 🐛 DEBUG: Metadata file exists: True INFO
[2026-01-01 01:29:41.206] 🐛 DEBUG: HDF5 file exists: True INFO
2026-01-01 01:29:41,206 - System.tprint - INFO - ℹ️ 🐛 DEBUG: HDF5 file exists: True INFO
[2026-01-01 01:29:41.206] 🐛 DEBUG: Reloading metadata to get latest versions INFO
2026-01-01 01:29:41,206 - System.tprint - INFO - ℹ️ 🐛 DEBUG: Reloading metadata to get latest versions INFO
[2026-01-01 01:29:41.206] 🐛 DEBUG: _load_metadata() checking versioned_artifacts/ETHUSDT_binance_15m_long_analyst/metadata.json INFO
2026-01-01 01:29:41,207 - System.tprint - INFO - ℹ️ 🐛 DEBUG: _load_metadata() checking versioned_artifacts/ETHUSDT_binance_15m_long_analyst/metadata.json INFO
[2026-01-01 01:29:41.206] 🐛 DEBUG: Metadata file exists, size: 24005 bytes INFO
2026-01-01 01:29:41,207 - System.tprint - INFO - ℹ️ 🐛 DEBUG: Metadata file exists, size: 24005 bytes INFO
[2026-01-01 01:29:41.206] 🐛 DEBUG: Successfully loaded metadata with 8 versions INFO
2026-01-01 01:29:41,207 - System.tprint - INFO - ℹ️ 🐛 DEBUG: Successfully loaded metadata with 8 versions INFO
[2026-01-01 01:29:41.206] 🐛 DEBUG: Found 8 versions in metadata: ['weighted_meta_model_training_matrix_ETHUSDT_binance_15m_long_20251214_184321_623', 'labeled_data_ETHUSDT_binance_15m_long_20251214_220950_753', 'labeled_data_ETHUSDT_binance_15m_long_20251214_224631_542', 'labeled_data_ETHUSDT_binance_15m_long_20251214_233640_586', 'labeled_data_ETHUSDT_binance_15m_long_20251214_235041_562', 'labeled_data_ETHUSDT_15m_20251219_235959_715', 'labeled_data_ETHUSDT_15m_20251220_000301_152', 'labeled_data_ETHUSDT_15m_20251220_000738_204'] INFO
2026-01-01 01:29:41,207 - System.tprint - INFO - ℹ️ 🐛 DEBUG: Found 8 versions in metadata: ['weighted_meta_model_training_matrix_ETHUSDT_binance_15m_long_20251214_184321_623', 'labeled_data_ETHUSDT_binance_15m_long_20251214_220950_753', 'labeled_data_ETHUSDT_binance_15m_long_20251214_224631_542', 'labeled_data_ETHUSDT_binance_15m_long_20251214_233640_586', 'labeled_data_ETHUSDT_binance_15m_long_20251214_235041_562', 'labeled_data_ETHUSDT_15m_20251219_235959_715', 'labeled_data_ETHUSDT_15m_20251220_000301_152', 'labeled_data_ETHUSDT_15m_20251220_000738_204'] INFO
[2026-01-01 01:29:41.207] 🐛 DEBUG: Found 8 versions in HDF5: ['labeled_data_ETHUSDT_15m_20251219_235959_715', 'labeled_data_ETHUSDT_15m_20251220_000301_152', 'labeled_data_ETHUSDT_15m_20251220_000738_204', 'labeled_data_ETHUSDT_binance_15m_long_20251214_220950_753', 'labeled_data_ETHUSDT_binance_15m_long_20251214_224631_542', 'labeled_data_ETHUSDT_binance_15m_long_20251214_233640_586', 'labeled_data_ETHUSDT_binance_15m_long_20251214_235041_562', 'weighted_meta_model_training_matrix_ETHUSDT_binance_15m_long_20251214_184321_623'] INFO
2026-01-01 01:29:41,207 - System.tprint - INFO - ℹ️ 🐛 DEBUG: Found 8 versions in HDF5: ['labeled_data_ETHUSDT_15m_20251219_235959_715', 'labeled_data_ETHUSDT_15m_20251220_000301_152', 'labeled_data_ETHUSDT_15m_20251220_000738_204', 'labeled_data_ETHUSDT_binance_15m_long_20251214_220950_753', 'labeled_data_ETHUSDT_binance_15m_long_20251214_224631_542', 'labeled_data_ETHUSDT_binance_15m_long_20251214_233640_586', 'labeled_data_ETHUSDT_binance_15m_long_20251214_235041_562', 'weighted_meta_model_training_matrix_ETHUSDT_binance_15m_long_20251214_184321_623'] INFO
[2026-01-01 01:29:41.207] 🐛 DEBUG: _load_metadata() checking versioned_artifacts/ETHUSDT_binance_1h_long_regime_macro_trend/metadata.json INFO
2026-01-01 01:29:41,207 - System.tprint - INFO - ℹ️ 🐛 DEBUG: _load_metadata() checking versioned_artifacts/ETHUSDT_binance_1h_long_regime_macro_trend/metadata.json INFO
[2026-01-01 01:29:41.207] 🐛 DEBUG: Metadata file exists, size: 17432 bytes INFO
2026-01-01 01:29:41,208 - System.tprint - INFO - ℹ️ 🐛 DEBUG: Metadata file exists, size: 17432 bytes INFO
[2026-01-01 01:29:41.207] 🐛 DEBUG: Successfully loaded metadata with 5 versions INFO
2026-01-01 01:29:41,208 - System.tprint - INFO - ℹ️ 🐛 DEBUG: Successfully loaded metadata with 5 versions INFO
[2026-01-01 01:29:41.207] 🐛 DEBUG: list_versions() called INFO
2026-01-01 01:29:41,208 - System.tprint - INFO - ℹ️ 🐛 DEBUG: list_versions() called INFO
[2026-01-01 01:29:41.207] 🐛 DEBUG: Metadata file exists: True INFO
2026-01-01 01:29:41,208 - System.tprint - INFO - ℹ️ 🐛 DEBUG: Metadata file exists: True INFO
[2026-01-01 01:29:41.207] 🐛 DEBUG: HDF5 file exists: True INFO
2026-01-01 01:29:41,208 - System.tprint - INFO - ℹ️ 🐛 DEBUG: HDF5 file exists: True INFO
[2026-01-01 01:29:41.207] 🐛 DEBUG: Reloading metadata to get latest versions INFO
2026-01-01 01:29:41,208 - System.tprint - INFO - ℹ️ 🐛 DEBUG: Reloading metadata to get latest versions INFO
[2026-01-01 01:29:41.207] 🐛 DEBUG: _load_metadata() checking versioned_artifacts/ETHUSDT_binance_1h_long_regime_macro_trend/metadata.json INFO
2026-01-01 01:29:41,208 - System.tprint - INFO - ℹ️ 🐛 DEBUG: _load_metadata() checking versioned_artifacts/ETHUSDT_binance_1h_long_regime_macro_trend/metadata.json INFO
[2026-01-01 01:29:41.207] 🐛 DEBUG: Metadata file exists, size: 17432 bytes INFO
2026-01-01 01:29:41,208 - System.tprint - INFO - ℹ️ 🐛 DEBUG: Metadata file exists, size: 17432 bytes INFO
[2026-01-01 01:29:41.208] 🐛 DEBUG: Successfully loaded metadata with 5 versions INFO
2026-01-01 01:29:41,208 - System.tprint - INFO - ℹ️ 🐛 DEBUG: Successfully loaded metadata with 5 versions INFO
[2026-01-01 01:29:41.208] 🐛 DEBUG: Found 5 versions in metadata: ['hmm_macro_trend_regime_quality_1h_20251204_224507_427', 'hmm_macro_trend_regime_quality_1h_20251204_225044_960', 'hmm_macro_trend_regime_quality_1h_20251205_183537_791', 'hmm_macro_trend_regime_quality_1h_20251205_191709_242', 'hmm_macro_trend_regime_quality_1h_20251213_170722_488'] INFO
2026-01-01 01:29:41,208 - System.tprint - INFO - ℹ️ 🐛 DEBUG: Found 5 versions in metadata: ['hmm_macro_trend_regime_quality_1h_20251204_224507_427', 'hmm_macro_trend_regime_quality_1h_20251204_225044_960', 'hmm_macro_trend_regime_quality_1h_20251205_183537_791', 'hmm_macro_trend_regime_quality_1h_20251205_191709_242', 'hmm_macro_trend_regime_quality_1h_20251213_170722_488'] INFO
[2026-01-01 01:29:41.208] 🐛 DEBUG: Found 5 versions in HDF5: ['hmm_macro_trend_regime_quality_1h_20251204_224507_427', 'hmm_macro_trend_regime_quality_1h_20251204_225044_960', 'hmm_macro_trend_regime_quality_1h_20251205_183537_791', 'hmm_macro_trend_regime_quality_1h_20251205_191709_242', 'hmm_macro_trend_regime_quality_1h_20251213_170722_488'] INFO
2026-01-01 01:29:41,209 - System.tprint - INFO - ℹ️ 🐛 DEBUG: Found 5 versions in HDF5: ['hmm_macro_trend_regime_quality_1h_20251204_224507_427', 'hmm_macro_trend_regime_quality_1h_20251204_225044_960', 'hmm_macro_trend_regime_quality_1h_20251205_183537_791', 'hmm_macro_trend_regime_quality_1h_20251205_191709_242', 'hmm_macro_trend_regime_quality_1h_20251213_170722_488'] INFO
[2026-01-01 01:29:41.208] 🐛 DEBUG: _load_metadata() checking versioned_artifacts/ETHUSDT_binance_1h_long_regime/metadata.json INFO
2026-01-01 01:29:41,209 - System.tprint - INFO - ℹ️ 🐛 DEBUG: _load_metadata() checking versioned_artifacts/ETHUSDT_binance_1h_long_regime/metadata.json INFO
[2026-01-01 01:29:41.208] 🐛 DEBUG: Metadata file exists, size: 3249 bytes INFO
2026-01-01 01:29:41,209 - System.tprint - INFO - ℹ️ 🐛 DEBUG: Metadata file exists, size: 3249 bytes INFO
[2026-01-01 01:29:41.208] 🐛 DEBUG: Successfully loaded metadata with 5 versions INFO
2026-01-01 01:29:41,209 - System.tprint - INFO - ℹ️ 🐛 DEBUG: Successfully loaded metadata with 5 versions INFO
[2026-01-01 01:29:41.208] 🐛 DEBUG: list_versions() called INFO
2026-01-01 01:29:41,209 - System.tprint - INFO - ℹ️ 🐛 DEBUG: list_versions() called INFO
[2026-01-01 01:29:41.208] 🐛 DEBUG: Metadata file exists: True INFO
2026-01-01 01:29:41,209 - System.tprint - INFO - ℹ️ 🐛 DEBUG: Metadata file exists: True INFO
[2026-01-01 01:29:41.209] 🐛 DEBUG: HDF5 file exists: True INFO
2026-01-01 01:29:41,209 - System.tprint - INFO - ℹ️ 🐛 DEBUG: HDF5 file exists: True INFO
[2026-01-01 01:29:41.209] 🐛 DEBUG: Reloading metadata to get latest versions INFO
2026-01-01 01:29:41,209 - System.tprint - INFO - ℹ️ 🐛 DEBUG: Reloading metadata to get latest versions INFO
[2026-01-01 01:29:41.209] 🐛 DEBUG: _load_metadata() checking versioned_artifacts/ETHUSDT_binance_1h_long_regime/metadata.json INFO
2026-01-01 01:29:41,209 - System.tprint - INFO - ℹ️ 🐛 DEBUG: _load_metadata() checking versioned_artifacts/ETHUSDT_binance_1h_long_regime/metadata.json INFO
[2026-01-01 01:29:41.209] 🐛 DEBUG: Metadata file exists, size: 3249 bytes INFO
2026-01-01 01:29:41,209 - System.tprint - INFO - ℹ️ 🐛 DEBUG: Metadata file exists, size: 3249 bytes INFO
[2026-01-01 01:29:41.209] 🐛 DEBUG: Successfully loaded metadata with 5 versions INFO
2026-01-01 01:29:41,210 - System.tprint - INFO - ℹ️ 🐛 DEBUG: Successfully loaded metadata with 5 versions INFO
[2026-01-01 01:29:41.209] 🐛 DEBUG: Found 5 versions in metadata: ['rolling_hmm_regime_confidence_features_20251122_003448_094', 'rolling_hmm_economic_features_20251122_003448_124', 'rolling_hmm_regime_labels_20251122_003448_165', 'rolling_hmm_regime_probabilities_20251122_003448_178', 'rolling_hmm_transition_matrix_20251122_003448_193'] INFO
2026-01-01 01:29:41,210 - System.tprint - INFO - ℹ️ 🐛 DEBUG: Found 5 versions in metadata: ['rolling_hmm_regime_confidence_features_20251122_003448_094', 'rolling_hmm_economic_features_20251122_003448_124', 'rolling_hmm_regime_labels_20251122_003448_165', 'rolling_hmm_regime_probabilities_20251122_003448_178', 'rolling_hmm_transition_matrix_20251122_003448_193'] INFO
[2026-01-01 01:29:41.209] 🐛 DEBUG: Found 5 versions in HDF5: ['rolling_hmm_economic_features_20251122_003448_124', 'rolling_hmm_regime_confidence_features_20251122_003448_094', 'rolling_hmm_regime_labels_20251122_003448_165', 'rolling_hmm_regime_probabilities_20251122_003448_178', 'rolling_hmm_transition_matrix_20251122_003448_193'] INFO
2026-01-01 01:29:41,210 - System.tprint - INFO - ℹ️ 🐛 DEBUG: Found 5 versions in HDF5: ['rolling_hmm_economic_features_20251122_003448_124', 'rolling_hmm_regime_confidence_features_20251122_003448_094', 'rolling_hmm_regime_labels_20251122_003448_165', 'rolling_hmm_regime_probabilities_20251122_003448_178', 'rolling_hmm_transition_matrix_20251122_003448_193'] INFO
[2026-01-01 01:29:41.209] 🐛 DEBUG: _load_metadata() checking versioned_artifacts/ETHUSDT_binance_15m_long_blank/metadata.json INFO
2026-01-01 01:29:41,210 - System.tprint - INFO - ℹ️ 🐛 DEBUG: _load_metadata() checking versioned_artifacts/ETHUSDT_binance_15m_long_blank/metadata.json INFO
[2026-01-01 01:29:41.209] 🐛 DEBUG: Metadata file exists, size: 139 bytes INFO
2026-01-01 01:29:41,210 - System.tprint - INFO - ℹ️ 🐛 DEBUG: Metadata file exists, size: 139 bytes INFO
[2026-01-01 01:29:41.210] 🐛 DEBUG: Successfully loaded metadata with 0 versions INFO
2026-01-01 01:29:41,210 - System.tprint - INFO - ℹ️ 🐛 DEBUG: Successfully loaded metadata with 0 versions INFO
[2026-01-01 01:29:41.210] 🐛 DEBUG: list_versions() called INFO
2026-01-01 01:29:41,210 - System.tprint - INFO - ℹ️ 🐛 DEBUG: list_versions() called INFO
[2026-01-01 01:29:41.210] 🐛 DEBUG: Metadata file exists: True INFO
2026-01-01 01:29:41,210 - System.tprint - INFO - ℹ️ 🐛 DEBUG: Metadata file exists: True INFO
[2026-01-01 01:29:41.210] 🐛 DEBUG: HDF5 file exists: True INFO
2026-01-01 01:29:41,211 - System.tprint - INFO - ℹ️ 🐛 DEBUG: HDF5 file exists: True INFO
[2026-01-01 01:29:41.210] 🐛 DEBUG: Reloading metadata to get latest versions INFO
2026-01-01 01:29:41,211 - System.tprint - INFO - ℹ️ 🐛 DEBUG: Reloading metadata to get latest versions INFO
[2026-01-01 01:29:41.210] 🐛 DEBUG: _load_metadata() checking versioned_artifacts/ETHUSDT_binance_15m_long_blank/metadata.json INFO
2026-01-01 01:29:41,211 - System.tprint - INFO - ℹ️ 🐛 DEBUG: _load_metadata() checking versioned_artifacts/ETHUSDT_binance_15m_long_blank/metadata.json INFO
[2026-01-01 01:29:41.210] 🐛 DEBUG: Metadata file exists, size: 139 bytes INFO
2026-01-01 01:29:41,211 - System.tprint - INFO - ℹ️ 🐛 DEBUG: Metadata file exists, size: 139 bytes INFO
[2026-01-01 01:29:41.210] 🐛 DEBUG: Successfully loaded metadata with 0 versions INFO
2026-01-01 01:29:41,211 - System.tprint - INFO - ℹ️ 🐛 DEBUG: Successfully loaded metadata with 0 versions INFO
[2026-01-01 01:29:41.210] 🐛 DEBUG: Found 0 versions in metadata: [] INFO
2026-01-01 01:29:41,211 - System.tprint - INFO - ℹ️ 🐛 DEBUG: Found 0 versions in metadata: [] INFO
[2026-01-01 01:29:41.210] 🐛 DEBUG: Found 0 versions in HDF5: [] INFO
2026-01-01 01:29:41,211 - System.tprint - INFO - ℹ️ 🐛 DEBUG: Found 0 versions in HDF5: [] INFO
[2026-01-01 01:29:41.211] 🐛 DEBUG: _load_metadata() checking versioned_artifacts/ETHUSDT_binance_15m_long_regime_alpha/metadata.json INFO
2026-01-01 01:29:41,211 - System.tprint - INFO - ℹ️ 🐛 DEBUG: _load_metadata() checking versioned_artifacts/ETHUSDT_binance_15m_long_regime_alpha/metadata.json INFO
[2026-01-01 01:29:41.211] 🐛 DEBUG: Metadata file exists, size: 139 bytes INFO
2026-01-01 01:29:41,212 - System.tprint - INFO - ℹ️ 🐛 DEBUG: Metadata file exists, size: 139 bytes INFO
[2026-01-01 01:29:41.211] 🐛 DEBUG: Successfully loaded metadata with 0 versions INFO
2026-01-01 01:29:41,212 - System.tprint - INFO - ℹ️ 🐛 DEBUG: Successfully loaded metadata with 0 versions INFO
[2026-01-01 01:29:41.212] 🐛 DEBUG: list_versions() called INFO
2026-01-01 01:29:41,212 - System.tprint - INFO - ℹ️ 🐛 DEBUG: list_versions() called INFO
[2026-01-01 01:29:41.212] 🐛 DEBUG: Metadata file exists: True INFO
2026-01-01 01:29:41,212 - System.tprint - INFO - ℹ️ 🐛 DEBUG: Metadata file exists: True INFO
[2026-01-01 01:29:41.212] 🐛 DEBUG: HDF5 file exists: True INFO
2026-01-01 01:29:41,213 - System.tprint - INFO - ℹ️ 🐛 DEBUG: HDF5 file exists: True INFO
[2026-01-01 01:29:41.212] 🐛 DEBUG: Reloading metadata to get latest versions INFO
2026-01-01 01:29:41,213 - System.tprint - INFO - ℹ️ 🐛 DEBUG: Reloading metadata to get latest versions INFO
[2026-01-01 01:29:41.212] 🐛 DEBUG: _load_metadata() checking versioned_artifacts/ETHUSDT_binance_15m_long_regime_alpha/metadata.json INFO
2026-01-01 01:29:41,213 - System.tprint - INFO - ℹ️ 🐛 DEBUG: _load_metadata() checking versioned_artifacts/ETHUSDT_binance_15m_long_regime_alpha/metadata.json INFO
[2026-01-01 01:29:41.212] 🐛 DEBUG: Metadata file exists, size: 139 bytes INFO
2026-01-01 01:29:41,213 - System.tprint - INFO - ℹ️ 🐛 DEBUG: Metadata file exists, size: 139 bytes INFO
[2026-01-01 01:29:41.212] 🐛 DEBUG: Successfully loaded metadata with 0 versions INFO
2026-01-01 01:29:41,213 - System.tprint - INFO - ℹ️ 🐛 DEBUG: Successfully loaded metadata with 0 versions INFO
[2026-01-01 01:29:41.212] 🐛 DEBUG: Found 0 versions in metadata: [] INFO
2026-01-01 01:29:41,213 - System.tprint - INFO - ℹ️ 🐛 DEBUG: Found 0 versions in metadata: [] INFO
[2026-01-01 01:29:41.212] 🐛 DEBUG: Found 0 versions in HDF5: [] INFO
2026-01-01 01:29:41,213 - System.tprint - INFO - ℹ️ 🐛 DEBUG: Found 0 versions in HDF5: [] INFO
2026-01-01 01:29:41,214 - System.ArtifactManager - WARNING - ⚠️ Artifact not found: market_data
2026-01-01 01:29:41,214 - System.ArtifactManager - INFO - ℹ️ 📁 Context set: step=meta_labeling_hpo_sample_weighted, symbol=None, exchange=None, timeframe=None, datetime=2026-01-01 01:29:41.055129, information=None, direction=long, model=Analyst
[2026-01-01 01:29:41.214] ⚠️ Artifact 'market_data' not found in any storage | UNKNOWN/binance [15m] long/analyst
2026-01-01 01:29:41,214 - System.tprint - INFO - ℹ️ ⚠️ Artifact 'market_data' not found in any storage | UNKNOWN/binance [15m] long/analyst
2026-01-01 01:29:41,214 - System.ArtifactManager - INFO - ℹ️ 📁 Context set: step=data_reading, symbol=ETHUSDT, exchange=binance, timeframe=15m, datetime=2026-01-01 00:29:41.214430, information=None, direction=long, model=Analyst
[2026-01-01 01:29:41.214] 📂 Retrieving artifact 'ohlcv_data' (type: data) | UNKNOWN/binance [15m] long/analyst
2026-01-01 01:29:41,214 - System.tprint - INFO - ℹ️ 📂 Retrieving artifact 'ohlcv_data' (type: data) | UNKNOWN/binance [15m] long/analyst
[2026-01-01 01:29:41.214] 🐛 DEBUG [load_klines]: last_n_days=None, start_time=None, end_time=None INFO
2026-01-01 01:29:41,214 - System.tprint - INFO - ℹ️ 🐛 DEBUG [load_klines]: last_n_days=None, start_time=None, end_time=None INFO
[2026-01-01 01:29:41.214] WARNING: ⚠️ No klines files found for UNKNOWN binance 15m
2026-01-01 01:29:41,214 - System.tprint - WARNING - ⚠️ No klines files found for UNKNOWN binance 15m
2026-01-01 01:29:41,215 - src.utils.kline_parquet - INFO - ℹ️ load_klines executed in 0.37ms
[2026-01-01 01:29:41.214] WARNING:   │  ⚠️  Loaded empty DataFrame
2026-01-01 01:29:41,215 - System.tprint - WARNING - ⚠️ │  ⚠️  Loaded empty DataFrame
[2026-01-01 01:29:41.214] WARNING:   └─ Trying next storage method
2026-01-01 01:29:41,215 - System.tprint - WARNING - ⚠️ └─ Trying next storage method
[2026-01-01 01:29:41.214] 🐛 DEBUG: _get_versioned_store() with store_key: UNKNOWN_binance_15m_long_analyst INFO
2026-01-01 01:29:41,215 - System.tprint - INFO - ℹ️ 🐛 DEBUG: _get_versioned_store() with store_key: UNKNOWN_binance_15m_long_analyst INFO
[2026-01-01 01:29:41.215] 🐛 DEBUG: Using existing cached store for UNKNOWN_binance_15m_long_analyst INFO
2026-01-01 01:29:41,215 - System.tprint - INFO - ℹ️ 🐛 DEBUG: Using existing cached store for UNKNOWN_binance_15m_long_analyst INFO
[2026-01-01 01:29:41.215] 🐛 DEBUG: get_statistics() called INFO
2026-01-01 01:29:41,215 - System.tprint - INFO - ℹ️ 🐛 DEBUG: get_statistics() called INFO
[2026-01-01 01:29:41.215] 🐛 DEBUG: Reloading metadata for statistics INFO
2026-01-01 01:29:41,215 - System.tprint - INFO - ℹ️ 🐛 DEBUG: Reloading metadata for statistics INFO
[2026-01-01 01:29:41.215] 🐛 DEBUG: _load_metadata() checking versioned_artifacts/UNKNOWN_binance_15m_long_analyst/metadata.json INFO
2026-01-01 01:29:41,215 - System.tprint - INFO - ℹ️ 🐛 DEBUG: _load_metadata() checking versioned_artifacts/UNKNOWN_binance_15m_long_analyst/metadata.json INFO
[2026-01-01 01:29:41.215] 🐛 DEBUG: Metadata file exists, size: 15351 bytes INFO
2026-01-01 01:29:41,215 - System.tprint - INFO - ℹ️ 🐛 DEBUG: Metadata file exists, size: 15351 bytes INFO
[2026-01-01 01:29:41.215] 🐛 DEBUG: Successfully loaded metadata with 5 versions INFO
2026-01-01 01:29:41,215 - System.tprint - INFO - ℹ️ 🐛 DEBUG: Successfully loaded metadata with 5 versions INFO
[2026-01-01 01:29:41.215] 🐛 DEBUG: Statistics - num_versions: 5 INFO
2026-01-01 01:29:41,215 - System.tprint - INFO - ℹ️ 🐛 DEBUG: Statistics - num_versions: 5 INFO
[2026-01-01 01:29:41.215] 🐛 DEBUG: Statistics - current_version: final_validation_metrics_20251116_161159_946 INFO
2026-01-01 01:29:41,216 - System.tprint - INFO - ℹ️ 🐛 DEBUG: Statistics - current_version: final_validation_metrics_20251116_161159_946 INFO
[2026-01-01 01:29:41.215] 🐛 DEBUG: Statistics - h5_file_size_mb: 280.5141086578369 INFO
2026-01-01 01:29:41,216 - System.tprint - INFO - ℹ️ 🐛 DEBUG: Statistics - h5_file_size_mb: 280.5141086578369 INFO
[2026-01-01 01:29:41.216] 🐛 DEBUG: Existing store statistics: {'store_path': 'versioned_artifacts/UNKNOWN_binance_15m_long_analyst', 'num_versions': 5, 'current_version': 'final_validation_metrics_20251116_161159_946', 'created_at': '2025-11-07T18:22:44.911801', 'h5_file_size_mb': 280.5141086578369, 'chunking': {'chunk_rows': 'auto', 'chunk_cols': 'auto'}, 'changelog': {'total_changes': 305, 'changes_by_type': {'add_data': 305}, 'top_versions': {'analyst_interaction_features_20251108_161950_019': 1, 'analyst_interaction_features_20251108_164300_578': 1, 'analyst_interaction_features_20251108_171945_952': 1, 'analyst_interaction_features_20251108_175314_530': 1, 'analyst_interaction_features_20251108_180922_905': 1, 'analyst_interaction_features_20251108_184752_938': 1, 'analyst_interaction_features_20251108_191026_801': 1, 'analyst_interaction_features_20251111_185727_726': 1, 'final_dataset_40_20251108_172617_791': 1, 'final_dataset_40_20251108_172829_013': 1}, 'time_range': {'earliest': '2025-11-07T18:27:00.789522', 'latest': '2025-11-24T21:16:51.681722'}}, 'row_versioning': {'total_rows_tracked': 0, 'total_versions': 0, 'average_versions_per_row': 0, 'most_versioned_rows': []}} INFO
2026-01-01 01:29:41,216 - System.tprint - INFO - ℹ️ 🐛 DEBUG: Existing store statistics: {'store_path': 'versioned_artifacts/UNKNOWN_binance_15m_long_analyst', 'num_versions': 5, 'current_version': 'final_validation_metrics_20251116_161159_946', 'created_at': '2025-11-07T18:22:44.911801', 'h5_file_size_mb': 280.5141086578369, 'chunking': {'chunk_rows': 'auto', 'chunk_cols': 'auto'}, 'changelog': {'total_changes': 305, 'changes_by_type': {'add_data': 305}, 'top_versions': {'analyst_interaction_features_20251108_161950_019': 1, 'analyst_interaction_features_20251108_164300_578': 1, 'analyst_interaction_features_20251108_171945_952': 1, 'analyst_interaction_features_20251108_175314_530': 1, 'analyst_interaction_features_20251108_180922_905': 1, 'analyst_interaction_features_20251108_184752_938': 1, 'analyst_interaction_features_20251108_191026_801': 1, 'analyst_interaction_features_20251111_185727_726': 1, 'final_dataset_40_20251108_172617_791': 1, 'final_dataset_40_20251108_172829_013': 1}, 'time_range': {'earliest': '2025-11-07T18:27:00.789522', 'latest': '2025-11-24T21:16:51.681722'}}, 'row_versioning': {'total_rows_tracked': 0, 'total_versions': 0, 'average_versions_per_row': 0, 'most_versioned_rows': []}} INFO
[2026-01-01 01:29:41.216] 🐛 DEBUG: list_versions() called INFO
2026-01-01 01:29:41,216 - System.tprint - INFO - ℹ️ 🐛 DEBUG: list_versions() called INFO
[2026-01-01 01:29:41.216] 🐛 DEBUG: Metadata file exists: True INFO
2026-01-01 01:29:41,216 - System.tprint - INFO - ℹ️ 🐛 DEBUG: Metadata file exists: True INFO
[2026-01-01 01:29:41.216] 🐛 DEBUG: HDF5 file exists: True INFO
2026-01-01 01:29:41,216 - System.tprint - INFO - ℹ️ 🐛 DEBUG: HDF5 file exists: True INFO
[2026-01-01 01:29:41.216] 🐛 DEBUG: Reloading metadata to get latest versions INFO
2026-01-01 01:29:41,216 - System.tprint - INFO - ℹ️ 🐛 DEBUG: Reloading metadata to get latest versions INFO
[2026-01-01 01:29:41.216] 🐛 DEBUG: _load_metadata() checking versioned_artifacts/UNKNOWN_binance_15m_long_analyst/metadata.json INFO
2026-01-01 01:29:41,216 - System.tprint - INFO - ℹ️ 🐛 DEBUG: _load_metadata() checking versioned_artifacts/UNKNOWN_binance_15m_long_analyst/metadata.json INFO
[2026-01-01 01:29:41.216] 🐛 DEBUG: Metadata file exists, size: 15351 bytes INFO
2026-01-01 01:29:41,217 - System.tprint - INFO - ℹ️ 🐛 DEBUG: Metadata file exists, size: 15351 bytes INFO
[2026-01-01 01:29:41.216] 🐛 DEBUG: Successfully loaded metadata with 5 versions INFO
2026-01-01 01:29:41,217 - System.tprint - INFO - ℹ️ 🐛 DEBUG: Successfully loaded metadata with 5 versions INFO
[2026-01-01 01:29:41.216] 🐛 DEBUG: Found 5 versions in metadata: ['final_dataset_60_20251116_161159_683', 'final_dataset_50_20251116_161159_720', 'final_dataset_40_20251116_161159_752', 'labeled_dataframe_20251116_161159_781', 'final_validation_metrics_20251116_161159_946'] INFO
2026-01-01 01:29:41,217 - System.tprint - INFO - ℹ️ 🐛 DEBUG: Found 5 versions in metadata: ['final_dataset_60_20251116_161159_683', 'final_dataset_50_20251116_161159_720', 'final_dataset_40_20251116_161159_752', 'labeled_dataframe_20251116_161159_781', 'final_validation_metrics_20251116_161159_946'] INFO
[2026-01-01 01:29:41.217] 🐛 DEBUG: Found 5 versions in HDF5: ['final_dataset_40_20251116_161159_752', 'final_dataset_50_20251116_161159_720', 'final_dataset_60_20251116_161159_683', 'final_validation_metrics_20251116_161159_946', 'labeled_dataframe_20251116_161159_781'] INFO
2026-01-01 01:29:41,217 - System.tprint - INFO - ℹ️ 🐛 DEBUG: Found 5 versions in HDF5: ['final_dataset_40_20251116_161159_752', 'final_dataset_50_20251116_161159_720', 'final_dataset_60_20251116_161159_683', 'final_validation_metrics_20251116_161159_946', 'labeled_dataframe_20251116_161159_781'] INFO
[2026-01-01 01:29:41.217] WARNING:   │  No matching versions in primary store
2026-01-01 01:29:41,217 - System.tprint - WARNING - ⚠️ │  No matching versions in primary store
[2026-01-01 01:29:41.217] 🐛 DEBUG: list_versions() called INFO
2026-01-01 01:29:41,217 - System.tprint - INFO - ℹ️ 🐛 DEBUG: list_versions() called INFO
[2026-01-01 01:29:41.217] 🐛 DEBUG: Metadata file exists: True INFO
2026-01-01 01:29:41,217 - System.tprint - INFO - ℹ️ 🐛 DEBUG: Metadata file exists: True INFO
[2026-01-01 01:29:41.217] 🐛 DEBUG: HDF5 file exists: True INFO
2026-01-01 01:29:41,217 - System.tprint - INFO - ℹ️ 🐛 DEBUG: HDF5 file exists: True INFO
[2026-01-01 01:29:41.217] 🐛 DEBUG: Reloading metadata to get latest versions INFO
2026-01-01 01:29:41,217 - System.tprint - INFO - ℹ️ 🐛 DEBUG: Reloading metadata to get latest versions INFO
[2026-01-01 01:29:41.217] 🐛 DEBUG: _load_metadata() checking versioned_artifacts/UNKNOWN_binance_15m_long_analyst/metadata.json INFO
2026-01-01 01:29:41,218 - System.tprint - INFO - ℹ️ 🐛 DEBUG: _load_metadata() checking versioned_artifacts/UNKNOWN_binance_15m_long_analyst/metadata.json INFO
[2026-01-01 01:29:41.217] 🐛 DEBUG: Metadata file exists, size: 15351 bytes INFO
2026-01-01 01:29:41,218 - System.tprint - INFO - ℹ️ 🐛 DEBUG: Metadata file exists, size: 15351 bytes INFO
[2026-01-01 01:29:41.217] 🐛 DEBUG: Successfully loaded metadata with 5 versions INFO
2026-01-01 01:29:41,218 - System.tprint - INFO - ℹ️ 🐛 DEBUG: Successfully loaded metadata with 5 versions INFO
[2026-01-01 01:29:41.217] 🐛 DEBUG: Found 5 versions in metadata: ['final_dataset_60_20251116_161159_683', 'final_dataset_50_20251116_161159_720', 'final_dataset_40_20251116_161159_752', 'labeled_dataframe_20251116_161159_781', 'final_validation_metrics_20251116_161159_946'] INFO
2026-01-01 01:29:41,218 - System.tprint - INFO - ℹ️ 🐛 DEBUG: Found 5 versions in metadata: ['final_dataset_60_20251116_161159_683', 'final_dataset_50_20251116_161159_720', 'final_dataset_40_20251116_161159_752', 'labeled_dataframe_20251116_161159_781', 'final_validation_metrics_20251116_161159_946'] INFO
[2026-01-01 01:29:41.218] 🐛 DEBUG: Found 5 versions in HDF5: ['final_dataset_40_20251116_161159_752', 'final_dataset_50_20251116_161159_720', 'final_dataset_60_20251116_161159_683', 'final_validation_metrics_20251116_161159_946', 'labeled_dataframe_20251116_161159_781'] INFO
2026-01-01 01:29:41,218 - System.tprint - INFO - ℹ️ 🐛 DEBUG: Found 5 versions in HDF5: ['final_dataset_40_20251116_161159_752', 'final_dataset_50_20251116_161159_720', 'final_dataset_60_20251116_161159_683', 'final_validation_metrics_20251116_161159_946', 'labeled_dataframe_20251116_161159_781'] INFO
[2026-01-01 01:29:41.218] WARNING:   │  ⚠️  Not found in any versioned store
2026-01-01 01:29:41,218 - System.tprint - WARNING - ⚠️ │  ⚠️  Not found in any versioned store
[2026-01-01 01:29:41.218] WARNING:   └─ Trying next storage method
2026-01-01 01:29:41,218 - System.tprint - WARNING - ⚠️ └─ Trying next storage method
[2026-01-01 01:29:41.218] ERROR: ┌──────────────────────────────────────────────────────────────────────────────┐
2026-01-01 01:29:41,218 - System.tprint - ERROR - ❌ ┌──────────────────────────────────────────────────────────────────────────────┐
[2026-01-01 01:29:41.218] ERROR: │  ❌ ARTIFACT ROUTER: LOAD FAILED - NOT FOUND                                │
2026-01-01 01:29:41,218 - System.tprint - ERROR - ❌ │  ❌ ARTIFACT ROUTER: LOAD FAILED - NOT FOUND                                │
[2026-01-01 01:29:41.218] ERROR: │  Artifact 'ohlcv_data' not found in any storage                        │ 
2026-01-01 01:29:41,219 - System.tprint - ERROR - ❌ │  Artifact 'ohlcv_data' not found in any storage                        │ 
[2026-01-01 01:29:41.218] ERROR: └──────────────────────────────────────────────────────────────────────────────┘
2026-01-01 01:29:41,219 - System.tprint - ERROR - ❌ └──────────────────────────────────────────────────────────────────────────────┘
2026-01-01 01:29:41,219 - ares.step.meta_labeling_hpo_sample_weighted - WARNING - ⚠️ Artifact 'ohlcv_data' not found via router, trying traditional manager
[2026-01-01 01:29:41.218] ⚠️ Trying fallback to traditional artifact manager | UNKNOWN/binance [15m] long/analyst
2026-01-01 01:29:41,219 - System.tprint - INFO - ℹ️ ⚠️ Trying fallback to traditional artifact manager | UNKNOWN/binance [15m] long/analyst
2026-01-01 01:29:41,219 - System.ArtifactManager - INFO - ℹ️ 📁 Context set: step=meta_labeling_hpo_sample_weighted, symbol=None, exchange=None, timeframe=15m, datetime=2026-01-01 01:29:41.055129, information=None, direction=long, model=Analyst
[2026-01-01 01:29:41.220] 🐛 DEBUG: _load_metadata() checking versioned_artifacts/UNKNOWN_binance_1h_long_analyst/metadata.json INFO
2026-01-01 01:29:41,220 - System.tprint - INFO - ℹ️ 🐛 DEBUG: _load_metadata() checking versioned_artifacts/UNKNOWN_binance_1h_long_analyst/metadata.json INFO
[2026-01-01 01:29:41.220] 🐛 DEBUG: Metadata file exists, size: 200 bytes INFO
2026-01-01 01:29:41,220 - System.tprint - INFO - ℹ️ 🐛 DEBUG: Metadata file exists, size: 200 bytes INFO
[2026-01-01 01:29:41.220] 🐛 DEBUG: Successfully loaded metadata with 0 versions INFO
2026-01-01 01:29:41,220 - System.tprint - INFO - ℹ️ 🐛 DEBUG: Successfully loaded metadata with 0 versions INFO
[2026-01-01 01:29:41.220] 🐛 DEBUG: list_versions() called INFO
2026-01-01 01:29:41,220 - System.tprint - INFO - ℹ️ 🐛 DEBUG: list_versions() called INFO
[2026-01-01 01:29:41.220] 🐛 DEBUG: Metadata file exists: True INFO
2026-01-01 01:29:41,220 - System.tprint - INFO - ℹ️ 🐛 DEBUG: Metadata file exists: True INFO
[2026-01-01 01:29:41.220] 🐛 DEBUG: HDF5 file exists: True INFO
2026-01-01 01:29:41,220 - System.tprint - INFO - ℹ️ 🐛 DEBUG: HDF5 file exists: True INFO
[2026-01-01 01:29:41.220] 🐛 DEBUG: Reloading metadata to get latest versions INFO
2026-01-01 01:29:41,220 - System.tprint - INFO - ℹ️ 🐛 DEBUG: Reloading metadata to get latest versions INFO
[2026-01-01 01:29:41.220] 🐛 DEBUG: _load_metadata() checking versioned_artifacts/UNKNOWN_binance_1h_long_analyst/metadata.json INFO
2026-01-01 01:29:41,220 - System.tprint - INFO - ℹ️ 🐛 DEBUG: _load_metadata() checking versioned_artifacts/UNKNOWN_binance_1h_long_analyst/metadata.json INFO
[2026-01-01 01:29:41.220] 🐛 DEBUG: Metadata file exists, size: 200 bytes INFO
2026-01-01 01:29:41,220 - System.tprint - INFO - ℹ️ 🐛 DEBUG: Metadata file exists, size: 200 bytes INFO
[2026-01-01 01:29:41.220] 🐛 DEBUG: Successfully loaded metadata with 0 versions INFO
2026-01-01 01:29:41,220 - System.tprint - INFO - ℹ️ 🐛 DEBUG: Successfully loaded metadata with 0 versions INFO
[2026-01-01 01:29:41.220] 🐛 DEBUG: Found 0 versions in metadata: [] INFO
2026-01-01 01:29:41,220 - System.tprint - INFO - ℹ️ 🐛 DEBUG: Found 0 versions in metadata: [] INFO
[2026-01-01 01:29:41.221] 🐛 DEBUG: Found 0 versions in HDF5: [] INFO
2026-01-01 01:29:41,221 - System.tprint - INFO - ℹ️ 🐛 DEBUG: Found 0 versions in HDF5: [] INFO
[2026-01-01 01:29:41.221] 🐛 DEBUG: _load_metadata() checking versioned_artifacts/UNKNOWN_binance_15m_long_analyst/metadata.json INFO
2026-01-01 01:29:41,221 - System.tprint - INFO - ℹ️ 🐛 DEBUG: _load_metadata() checking versioned_artifacts/UNKNOWN_binance_15m_long_analyst/metadata.json INFO
[2026-01-01 01:29:41.221] 🐛 DEBUG: Metadata file exists, size: 15351 bytes INFO
2026-01-01 01:29:41,221 - System.tprint - INFO - ℹ️ 🐛 DEBUG: Metadata file exists, size: 15351 bytes INFO
[2026-01-01 01:29:41.221] 🐛 DEBUG: Successfully loaded metadata with 5 versions INFO
2026-01-01 01:29:41,221 - System.tprint - INFO - ℹ️ 🐛 DEBUG: Successfully loaded metadata with 5 versions INFO
[2026-01-01 01:29:41.221] 🐛 DEBUG: list_versions() called INFO
2026-01-01 01:29:41,221 - System.tprint - INFO - ℹ️ 🐛 DEBUG: list_versions() called INFO
[2026-01-01 01:29:41.221] 🐛 DEBUG: Metadata file exists: True INFO
2026-01-01 01:29:41,221 - System.tprint - INFO - ℹ️ 🐛 DEBUG: Metadata file exists: True INFO
[2026-01-01 01:29:41.221] 🐛 DEBUG: HDF5 file exists: True INFO
2026-01-01 01:29:41,221 - System.tprint - INFO - ℹ️ 🐛 DEBUG: HDF5 file exists: True INFO
[2026-01-01 01:29:41.221] 🐛 DEBUG: Reloading metadata to get latest versions INFO
2026-01-01 01:29:41,222 - System.tprint - INFO - ℹ️ 🐛 DEBUG: Reloading metadata to get latest versions INFO
[2026-01-01 01:29:41.221] 🐛 DEBUG: _load_metadata() checking versioned_artifacts/UNKNOWN_binance_15m_long_analyst/metadata.json INFO
2026-01-01 01:29:41,222 - System.tprint - INFO - ℹ️ 🐛 DEBUG: _load_metadata() checking versioned_artifacts/UNKNOWN_binance_15m_long_analyst/metadata.json INFO
[2026-01-01 01:29:41.222] 🐛 DEBUG: Metadata file exists, size: 15351 bytes INFO
2026-01-01 01:29:41,222 - System.tprint - INFO - ℹ️ 🐛 DEBUG: Metadata file exists, size: 15351 bytes INFO
[2026-01-01 01:29:41.222] 🐛 DEBUG: Successfully loaded metadata with 5 versions INFO
2026-01-01 01:29:41,222 - System.tprint - INFO - ℹ️ 🐛 DEBUG: Successfully loaded metadata with 5 versions INFO
[2026-01-01 01:29:41.222] 🐛 DEBUG: Found 5 versions in metadata: ['final_dataset_60_20251116_161159_683', 'final_dataset_50_20251116_161159_720', 'final_dataset_40_20251116_161159_752', 'labeled_dataframe_20251116_161159_781', 'final_validation_metrics_20251116_161159_946'] INFO
2026-01-01 01:29:41,222 - System.tprint - INFO - ℹ️ 🐛 DEBUG: Found 5 versions in metadata: ['final_dataset_60_20251116_161159_683', 'final_dataset_50_20251116_161159_720', 'final_dataset_40_20251116_161159_752', 'labeled_dataframe_20251116_161159_781', 'final_validation_metrics_20251116_161159_946'] INFO
[2026-01-01 01:29:41.222] 🐛 DEBUG: Found 5 versions in HDF5: ['final_dataset_40_20251116_161159_752', 'final_dataset_50_20251116_161159_720', 'final_dataset_60_20251116_161159_683', 'final_validation_metrics_20251116_161159_946', 'labeled_dataframe_20251116_161159_781'] INFO
2026-01-01 01:29:41,222 - System.tprint - INFO - ℹ️ 🐛 DEBUG: Found 5 versions in HDF5: ['final_dataset_40_20251116_161159_752', 'final_dataset_50_20251116_161159_720', 'final_dataset_60_20251116_161159_683', 'final_validation_metrics_20251116_161159_946', 'labeled_dataframe_20251116_161159_781'] INFO
[2026-01-01 01:29:41.222] 🐛 DEBUG: _load_metadata() checking versioned_artifacts/ETHUSDT_binance_15m_long_sr_labeling_xgb/metadata.json INFO
2026-01-01 01:29:41,222 - System.tprint - INFO - ℹ️ 🐛 DEBUG: _load_metadata() checking versioned_artifacts/ETHUSDT_binance_15m_long_sr_labeling_xgb/metadata.json INFO
[2026-01-01 01:29:41.222] 🐛 DEBUG: Metadata file exists, size: 139 bytes INFO
2026-01-01 01:29:41,223 - System.tprint - INFO - ℹ️ 🐛 DEBUG: Metadata file exists, size: 139 bytes INFO
[2026-01-01 01:29:41.222] 🐛 DEBUG: Successfully loaded metadata with 0 versions INFO
2026-01-01 01:29:41,223 - System.tprint - INFO - ℹ️ 🐛 DEBUG: Successfully loaded metadata with 0 versions INFO
[2026-01-01 01:29:41.223] 🐛 DEBUG: list_versions() called INFO
2026-01-01 01:29:41,223 - System.tprint - INFO - ℹ️ 🐛 DEBUG: list_versions() called INFO
[2026-01-01 01:29:41.223] 🐛 DEBUG: Metadata file exists: True INFO
2026-01-01 01:29:41,223 - System.tprint - INFO - ℹ️ 🐛 DEBUG: Metadata file exists: True INFO
[2026-01-01 01:29:41.223] 🐛 DEBUG: HDF5 file exists: True INFO
2026-01-01 01:29:41,223 - System.tprint - INFO - ℹ️ 🐛 DEBUG: HDF5 file exists: True INFO
[2026-01-01 01:29:41.223] 🐛 DEBUG: Reloading metadata to get latest versions INFO
2026-01-01 01:29:41,223 - System.tprint - INFO - ℹ️ 🐛 DEBUG: Reloading metadata to get latest versions INFO
[2026-01-01 01:29:41.223] 🐛 DEBUG: _load_metadata() checking versioned_artifacts/ETHUSDT_binance_15m_long_sr_labeling_xgb/metadata.json INFO
2026-01-01 01:29:41,223 - System.tprint - INFO - ℹ️ 🐛 DEBUG: _load_metadata() checking versioned_artifacts/ETHUSDT_binance_15m_long_sr_labeling_xgb/metadata.json INFO
[2026-01-01 01:29:41.223] 🐛 DEBUG: Metadata file exists, size: 139 bytes INFO
2026-01-01 01:29:41,223 - System.tprint - INFO - ℹ️ 🐛 DEBUG: Metadata file exists, size: 139 bytes INFO
[2026-01-01 01:29:41.223] 🐛 DEBUG: Successfully loaded metadata with 0 versions INFO
2026-01-01 01:29:41,223 - System.tprint - INFO - ℹ️ 🐛 DEBUG: Successfully loaded metadata with 0 versions INFO
[2026-01-01 01:29:41.223] 🐛 DEBUG: Found 0 versions in metadata: [] INFO
2026-01-01 01:29:41,223 - System.tprint - INFO - ℹ️ 🐛 DEBUG: Found 0 versions in metadata: [] INFO
[2026-01-01 01:29:41.223] 🐛 DEBUG: Found 0 versions in HDF5: [] INFO
2026-01-01 01:29:41,223 - System.tprint - INFO - ℹ️ 🐛 DEBUG: Found 0 versions in HDF5: [] INFO
[2026-01-01 01:29:41.224] 🐛 DEBUG: _load_metadata() checking versioned_artifacts/ETHUSDT_binance_1h_long_breakout_bounce/metadata.json INFO
2026-01-01 01:29:41,224 - System.tprint - INFO - ℹ️ 🐛 DEBUG: _load_metadata() checking versioned_artifacts/ETHUSDT_binance_1h_long_breakout_bounce/metadata.json INFO
[2026-01-01 01:29:41.224] 🐛 DEBUG: Metadata file exists, size: 11462 bytes INFO
2026-01-01 01:29:41,224 - System.tprint - INFO - ℹ️ 🐛 DEBUG: Metadata file exists, size: 11462 bytes INFO
[2026-01-01 01:29:41.224] 🐛 DEBUG: Successfully loaded metadata with 5 versions INFO
2026-01-01 01:29:41,224 - System.tprint - INFO - ℹ️ 🐛 DEBUG: Successfully loaded metadata with 5 versions INFO
[2026-01-01 01:29:41.224] 🐛 DEBUG: list_versions() called INFO
2026-01-01 01:29:41,224 - System.tprint - INFO - ℹ️ 🐛 DEBUG: list_versions() called INFO
[2026-01-01 01:29:41.224] 🐛 DEBUG: Metadata file exists: True INFO
2026-01-01 01:29:41,224 - System.tprint - INFO - ℹ️ 🐛 DEBUG: Metadata file exists: True INFO
[2026-01-01 01:29:41.224] 🐛 DEBUG: HDF5 file exists: True INFO
2026-01-01 01:29:41,224 - System.tprint - INFO - ℹ️ 🐛 DEBUG: HDF5 file exists: True INFO
[2026-01-01 01:29:41.224] 🐛 DEBUG: Reloading metadata to get latest versions INFO
2026-01-01 01:29:41,224 - System.tprint - INFO - ℹ️ 🐛 DEBUG: Reloading metadata to get latest versions INFO
[2026-01-01 01:29:41.224] 🐛 DEBUG: _load_metadata() checking versioned_artifacts/ETHUSDT_binance_1h_long_breakout_bounce/metadata.json INFO
2026-01-01 01:29:41,224 - System.tprint - INFO - ℹ️ 🐛 DEBUG: _load_metadata() checking versioned_artifacts/ETHUSDT_binance_1h_long_breakout_bounce/metadata.json INFO
[2026-01-01 01:29:41.224] 🐛 DEBUG: Metadata file exists, size: 11462 bytes INFO
2026-01-01 01:29:41,224 - System.tprint - INFO - ℹ️ 🐛 DEBUG: Metadata file exists, size: 11462 bytes INFO
[2026-01-01 01:29:41.224] 🐛 DEBUG: Successfully loaded metadata with 5 versions INFO
2026-01-01 01:29:41,225 - System.tprint - INFO - ℹ️ 🐛 DEBUG: Successfully loaded metadata with 5 versions INFO
[2026-01-01 01:29:41.224] 🐛 DEBUG: Found 5 versions in metadata: ['ml_breakout_bounce_training_data_1h_20251123_144326_526', 'ml_breakout_bounce_training_data_1h_20251123_153924_083', 'ml_breakout_bounce_training_data_1h_20251123_160312_391', 'ml_breakout_bounce_training_data_1h_20251123_160800_355', 'ml_breakout_bounce_training_data_1h_20251123_162859_853'] INFO
2026-01-01 01:29:41,225 - System.tprint - INFO - ℹ️ 🐛 DEBUG: Found 5 versions in metadata: ['ml_breakout_bounce_training_data_1h_20251123_144326_526', 'ml_breakout_bounce_training_data_1h_20251123_153924_083', 'ml_breakout_bounce_training_data_1h_20251123_160312_391', 'ml_breakout_bounce_training_data_1h_20251123_160800_355', 'ml_breakout_bounce_training_data_1h_20251123_162859_853'] INFO
[2026-01-01 01:29:41.225] 🐛 DEBUG: Found 5 versions in HDF5: ['ml_breakout_bounce_training_data_1h_20251123_144326_526', 'ml_breakout_bounce_training_data_1h_20251123_153924_083', 'ml_breakout_bounce_training_data_1h_20251123_160312_391', 'ml_breakout_bounce_training_data_1h_20251123_160800_355', 'ml_breakout_bounce_training_data_1h_20251123_162859_853'] INFO
2026-01-01 01:29:41,225 - System.tprint - INFO - ℹ️ 🐛 DEBUG: Found 5 versions in HDF5: ['ml_breakout_bounce_training_data_1h_20251123_144326_526', 'ml_breakout_bounce_training_data_1h_20251123_153924_083', 'ml_breakout_bounce_training_data_1h_20251123_160312_391', 'ml_breakout_bounce_training_data_1h_20251123_160800_355', 'ml_breakout_bounce_training_data_1h_20251123_162859_853'] INFO
[2026-01-01 01:29:41.225] 🐛 DEBUG: _load_metadata() checking versioned_artifacts/ETHUSDT_binance_15m_long_liquidity_regime/metadata.json INFO
2026-01-01 01:29:41,225 - System.tprint - INFO - ℹ️ 🐛 DEBUG: _load_metadata() checking versioned_artifacts/ETHUSDT_binance_15m_long_liquidity_regime/metadata.json INFO
[2026-01-01 01:29:41.225] 🐛 DEBUG: Metadata file exists, size: 17282 bytes INFO
2026-01-01 01:29:41,225 - System.tprint - INFO - ℹ️ 🐛 DEBUG: Metadata file exists, size: 17282 bytes INFO
[2026-01-01 01:29:41.225] 🐛 DEBUG: Successfully loaded metadata with 6 versions INFO
2026-01-01 01:29:41,225 - System.tprint - INFO - ℹ️ 🐛 DEBUG: Successfully loaded metadata with 6 versions INFO
[2026-01-01 01:29:41.225] 🐛 DEBUG: list_versions() called INFO
2026-01-01 01:29:41,225 - System.tprint - INFO - ℹ️ 🐛 DEBUG: list_versions() called INFO
[2026-01-01 01:29:41.225] 🐛 DEBUG: Metadata file exists: True INFO
2026-01-01 01:29:41,226 - System.tprint - INFO - ℹ️ 🐛 DEBUG: Metadata file exists: True INFO
[2026-01-01 01:29:41.225] 🐛 DEBUG: HDF5 file exists: True INFO
2026-01-01 01:29:41,226 - System.tprint - INFO - ℹ️ 🐛 DEBUG: HDF5 file exists: True INFO
[2026-01-01 01:29:41.225] 🐛 DEBUG: Reloading metadata to get latest versions INFO
2026-01-01 01:29:41,226 - System.tprint - INFO - ℹ️ 🐛 DEBUG: Reloading metadata to get latest versions INFO
[2026-01-01 01:29:41.225] 🐛 DEBUG: _load_metadata() checking versioned_artifacts/ETHUSDT_binance_15m_long_liquidity_regime/metadata.json INFO
2026-01-01 01:29:41,226 - System.tprint - INFO - ℹ️ 🐛 DEBUG: _load_metadata() checking versioned_artifacts/ETHUSDT_binance_15m_long_liquidity_regime/metadata.json INFO
[2026-01-01 01:29:41.225] 🐛 DEBUG: Metadata file exists, size: 17282 bytes INFO
2026-01-01 01:29:41,226 - System.tprint - INFO - ℹ️ 🐛 DEBUG: Metadata file exists, size: 17282 bytes INFO
[2026-01-01 01:29:41.226] 🐛 DEBUG: Successfully loaded metadata with 6 versions INFO
2026-01-01 01:29:41,226 - System.tprint - INFO - ℹ️ 🐛 DEBUG: Successfully loaded metadata with 6 versions INFO
[2026-01-01 01:29:41.226] 🐛 DEBUG: Found 6 versions in metadata: ['ml_liquidity_regime_probs_15m_20251213_170827_692', 'ml_liquidity_training_data_15m_20251213_221548_209', 'ml_liquidity_regime_probs_15m_20251231_170726_502', 'ml_liquidity_training_data_15m_20251231_170859_400', 'ml_liquidity_regime_probs_15m_20251231_172132_488', 'ml_liquidity_training_data_15m_20251231_172224_742'] INFO
2026-01-01 01:29:41,226 - System.tprint - INFO - ℹ️ 🐛 DEBUG: Found 6 versions in metadata: ['ml_liquidity_regime_probs_15m_20251213_170827_692', 'ml_liquidity_training_data_15m_20251213_221548_209', 'ml_liquidity_regime_probs_15m_20251231_170726_502', 'ml_liquidity_training_data_15m_20251231_170859_400', 'ml_liquidity_regime_probs_15m_20251231_172132_488', 'ml_liquidity_training_data_15m_20251231_172224_742'] INFO
[2026-01-01 01:29:41.226] 🐛 DEBUG: Found 6 versions in HDF5: ['ml_liquidity_regime_probs_15m_20251213_170827_692', 'ml_liquidity_regime_probs_15m_20251231_170726_502', 'ml_liquidity_regime_probs_15m_20251231_172132_488', 'ml_liquidity_training_data_15m_20251213_221548_209', 'ml_liquidity_training_data_15m_20251231_170859_400', 'ml_liquidity_training_data_15m_20251231_172224_742'] INFO
2026-01-01 01:29:41,226 - System.tprint - INFO - ℹ️ 🐛 DEBUG: Found 6 versions in HDF5: ['ml_liquidity_regime_probs_15m_20251213_170827_692', 'ml_liquidity_regime_probs_15m_20251231_170726_502', 'ml_liquidity_regime_probs_15m_20251231_172132_488', 'ml_liquidity_training_data_15m_20251213_221548_209', 'ml_liquidity_training_data_15m_20251231_170859_400', 'ml_liquidity_training_data_15m_20251231_172224_742'] INFO
[2026-01-01 01:29:41.226] 🐛 DEBUG: _load_metadata() checking versioned_artifacts/ETHUSDT_binance_15m_long_regime_risk/metadata.json INFO
2026-01-01 01:29:41,227 - System.tprint - INFO - ℹ️ 🐛 DEBUG: _load_metadata() checking versioned_artifacts/ETHUSDT_binance_15m_long_regime_risk/metadata.json INFO
[2026-01-01 01:29:41.226] 🐛 DEBUG: Metadata file exists, size: 200 bytes INFO
2026-01-01 01:29:41,227 - System.tprint - INFO - ℹ️ 🐛 DEBUG: Metadata file exists, size: 200 bytes INFO
[2026-01-01 01:29:41.226] 🐛 DEBUG: Successfully loaded metadata with 0 versions INFO
2026-01-01 01:29:41,227 - System.tprint - INFO - ℹ️ 🐛 DEBUG: Successfully loaded metadata with 0 versions INFO
[2026-01-01 01:29:41.226] 🐛 DEBUG: list_versions() called INFO
2026-01-01 01:29:41,227 - System.tprint - INFO - ℹ️ 🐛 DEBUG: list_versions() called INFO
[2026-01-01 01:29:41.226] 🐛 DEBUG: Metadata file exists: True INFO
2026-01-01 01:29:41,227 - System.tprint - INFO - ℹ️ 🐛 DEBUG: Metadata file exists: True INFO
[2026-01-01 01:29:41.227] 🐛 DEBUG: HDF5 file exists: True INFO
2026-01-01 01:29:41,227 - System.tprint - INFO - ℹ️ 🐛 DEBUG: HDF5 file exists: True INFO
[2026-01-01 01:29:41.227] 🐛 DEBUG: Reloading metadata to get latest versions INFO
2026-01-01 01:29:41,227 - System.tprint - INFO - ℹ️ 🐛 DEBUG: Reloading metadata to get latest versions INFO
[2026-01-01 01:29:41.227] 🐛 DEBUG: _load_metadata() checking versioned_artifacts/ETHUSDT_binance_15m_long_regime_risk/metadata.json INFO
2026-01-01 01:29:41,227 - System.tprint - INFO - ℹ️ 🐛 DEBUG: _load_metadata() checking versioned_artifacts/ETHUSDT_binance_15m_long_regime_risk/metadata.json INFO
[2026-01-01 01:29:41.227] 🐛 DEBUG: Metadata file exists, size: 200 bytes INFO
2026-01-01 01:29:41,227 - System.tprint - INFO - ℹ️ 🐛 DEBUG: Metadata file exists, size: 200 bytes INFO
[2026-01-01 01:29:41.227] 🐛 DEBUG: Successfully loaded metadata with 0 versions INFO
2026-01-01 01:29:41,227 - System.tprint - INFO - ℹ️ 🐛 DEBUG: Successfully loaded metadata with 0 versions INFO
[2026-01-01 01:29:41.227] 🐛 DEBUG: Found 0 versions in metadata: [] INFO
2026-01-01 01:29:41,227 - System.tprint - INFO - ℹ️ 🐛 DEBUG: Found 0 versions in metadata: [] INFO
[2026-01-01 01:29:41.227] 🐛 DEBUG: Found 0 versions in HDF5: [] INFO
2026-01-01 01:29:41,228 - System.tprint - INFO - ℹ️ 🐛 DEBUG: Found 0 versions in HDF5: [] INFO
[2026-01-01 01:29:41.227] 🐛 DEBUG: _load_metadata() checking versioned_artifacts/ETHUSDT_binance_15m_long_breakout_bounce_regime/metadata.json INFO
2026-01-01 01:29:41,228 - System.tprint - INFO - ℹ️ 🐛 DEBUG: _load_metadata() checking versioned_artifacts/ETHUSDT_binance_15m_long_breakout_bounce_regime/metadata.json INFO
[2026-01-01 01:29:41.228] 🐛 DEBUG: Metadata file does not exist, returning default metadata INFO
2026-01-01 01:29:41,228 - System.tprint - INFO - ℹ️ 🐛 DEBUG: Metadata file does not exist, returning default metadata INFO
[2026-01-01 01:29:41.228] 🐛 DEBUG: list_versions() called INFO
2026-01-01 01:29:41,228 - System.tprint - INFO - ℹ️ 🐛 DEBUG: list_versions() called INFO
[2026-01-01 01:29:41.228] 🐛 DEBUG: Metadata file exists: False INFO
2026-01-01 01:29:41,228 - System.tprint - INFO - ℹ️ 🐛 DEBUG: Metadata file exists: False INFO
[2026-01-01 01:29:41.228] 🐛 DEBUG: HDF5 file exists: True INFO
2026-01-01 01:29:41,228 - System.tprint - INFO - ℹ️ 🐛 DEBUG: HDF5 file exists: True INFO
[2026-01-01 01:29:41.228] 🐛 DEBUG: Reloading metadata to get latest versions INFO
2026-01-01 01:29:41,228 - System.tprint - INFO - ℹ️ 🐛 DEBUG: Reloading metadata to get latest versions INFO
[2026-01-01 01:29:41.228] 🐛 DEBUG: _load_metadata() checking versioned_artifacts/ETHUSDT_binance_15m_long_breakout_bounce_regime/metadata.json INFO
2026-01-01 01:29:41,228 - System.tprint - INFO - ℹ️ 🐛 DEBUG: _load_metadata() checking versioned_artifacts/ETHUSDT_binance_15m_long_breakout_bounce_regime/metadata.json INFO
[2026-01-01 01:29:41.228] 🐛 DEBUG: Metadata file does not exist, returning default metadata INFO
2026-01-01 01:29:41,228 - System.tprint - INFO - ℹ️ 🐛 DEBUG: Metadata file does not exist, returning default metadata INFO
[2026-01-01 01:29:41.228] 🐛 DEBUG: Found 0 versions in metadata: [] INFO
2026-01-01 01:29:41,229 - System.tprint - INFO - ℹ️ 🐛 DEBUG: Found 0 versions in metadata: [] INFO
[2026-01-01 01:29:41.228] 🐛 DEBUG: Found 0 versions in HDF5: [] INFO
2026-01-01 01:29:41,229 - System.tprint - INFO - ℹ️ 🐛 DEBUG: Found 0 versions in HDF5: [] INFO
[2026-01-01 01:29:41.229] 🐛 DEBUG: _load_metadata() checking versioned_artifacts/ETHUSDT_binance_15m_long_volume_force/metadata.json INFO
2026-01-01 01:29:41,229 - System.tprint - INFO - ℹ️ 🐛 DEBUG: _load_metadata() checking versioned_artifacts/ETHUSDT_binance_15m_long_volume_force/metadata.json INFO
[2026-01-01 01:29:41.229] 🐛 DEBUG: Metadata file exists, size: 11876 bytes INFO
2026-01-01 01:29:41,229 - System.tprint - INFO - ℹ️ 🐛 DEBUG: Metadata file exists, size: 11876 bytes INFO
[2026-01-01 01:29:41.229] 🐛 DEBUG: Successfully loaded metadata with 7 versions INFO
2026-01-01 01:29:41,229 - System.tprint - INFO - ℹ️ 🐛 DEBUG: Successfully loaded metadata with 7 versions INFO
[2026-01-01 01:29:41.229] 🐛 DEBUG: list_versions() called INFO
2026-01-01 01:29:41,229 - System.tprint - INFO - ℹ️ 🐛 DEBUG: list_versions() called INFO
[2026-01-01 01:29:41.229] 🐛 DEBUG: Metadata file exists: True INFO
2026-01-01 01:29:41,229 - System.tprint - INFO - ℹ️ 🐛 DEBUG: Metadata file exists: True INFO
[2026-01-01 01:29:41.229] 🐛 DEBUG: HDF5 file exists: True INFO
2026-01-01 01:29:41,229 - System.tprint - INFO - ℹ️ 🐛 DEBUG: HDF5 file exists: True INFO
[2026-01-01 01:29:41.229] 🐛 DEBUG: Reloading metadata to get latest versions INFO
2026-01-01 01:29:41,229 - System.tprint - INFO - ℹ️ 🐛 DEBUG: Reloading metadata to get latest versions INFO
[2026-01-01 01:29:41.229] 🐛 DEBUG: _load_metadata() checking versioned_artifacts/ETHUSDT_binance_15m_long_volume_force/metadata.json INFO
2026-01-01 01:29:41,230 - System.tprint - INFO - ℹ️ 🐛 DEBUG: _load_metadata() checking versioned_artifacts/ETHUSDT_binance_15m_long_volume_force/metadata.json INFO
[2026-01-01 01:29:41.229] 🐛 DEBUG: Metadata file exists, size: 11876 bytes INFO
2026-01-01 01:29:41,230 - System.tprint - INFO - ℹ️ 🐛 DEBUG: Metadata file exists, size: 11876 bytes INFO
[2026-01-01 01:29:41.229] 🐛 DEBUG: Successfully loaded metadata with 7 versions INFO
2026-01-01 01:29:41,230 - System.tprint - INFO - ℹ️ 🐛 DEBUG: Successfully loaded metadata with 7 versions INFO
[2026-01-01 01:29:41.229] 🐛 DEBUG: Found 7 versions in metadata: ['ml_volume_force_features_20251213_163705_361', 'ml_volume_force_features_20251213_170535_123', 'ml_volume_force_predictions_20251213_170543_299', 'ml_volume_force_features_20251231_171818_197', 'ml_volume_force_predictions_20251231_172004_837', 'ml_volume_force_features_20251231_172800_942', 'ml_volume_force_predictions_20251231_172840_135'] INFO
2026-01-01 01:29:41,230 - System.tprint - INFO - ℹ️ 🐛 DEBUG: Found 7 versions in metadata: ['ml_volume_force_features_20251213_163705_361', 'ml_volume_force_features_20251213_170535_123', 'ml_volume_force_predictions_20251213_170543_299', 'ml_volume_force_features_20251231_171818_197', 'ml_volume_force_predictions_20251231_172004_837', 'ml_volume_force_features_20251231_172800_942', 'ml_volume_force_predictions_20251231_172840_135'] INFO
[2026-01-01 01:29:41.230] 🐛 DEBUG: Found 7 versions in HDF5: ['ml_volume_force_features_20251213_163705_361', 'ml_volume_force_features_20251213_170535_123', 'ml_volume_force_features_20251231_171818_197', 'ml_volume_force_features_20251231_172800_942', 'ml_volume_force_predictions_20251213_170543_299', 'ml_volume_force_predictions_20251231_172004_837', 'ml_volume_force_predictions_20251231_172840_135'] INFO
2026-01-01 01:29:41,230 - System.tprint - INFO - ℹ️ 🐛 DEBUG: Found 7 versions in HDF5: ['ml_volume_force_features_20251213_163705_361', 'ml_volume_force_features_20251213_170535_123', 'ml_volume_force_features_20251231_171818_197', 'ml_volume_force_features_20251231_172800_942', 'ml_volume_force_predictions_20251213_170543_299', 'ml_volume_force_predictions_20251231_172004_837', 'ml_volume_force_predictions_20251231_172840_135'] INFO
[2026-01-01 01:29:41.230] 🐛 DEBUG: _load_metadata() checking versioned_artifacts/ETHUSDT_binance_15m_long_smc_regime/metadata.json INFO
2026-01-01 01:29:41,230 - System.tprint - INFO - ℹ️ 🐛 DEBUG: _load_metadata() checking versioned_artifacts/ETHUSDT_binance_15m_long_smc_regime/metadata.json INFO
[2026-01-01 01:29:41.230] 🐛 DEBUG: Metadata file exists, size: 9799 bytes INFO
2026-01-01 01:29:41,230 - System.tprint - INFO - ℹ️ 🐛 DEBUG: Metadata file exists, size: 9799 bytes INFO
[2026-01-01 01:29:41.230] 🐛 DEBUG: Successfully loaded metadata with 6 versions INFO
2026-01-01 01:29:41,231 - System.tprint - INFO - ℹ️ 🐛 DEBUG: Successfully loaded metadata with 6 versions INFO
[2026-01-01 01:29:41.230] 🐛 DEBUG: list_versions() called INFO
2026-01-01 01:29:41,231 - System.tprint - INFO - ℹ️ 🐛 DEBUG: list_versions() called INFO
[2026-01-01 01:29:41.230] 🐛 DEBUG: Metadata file exists: True INFO
2026-01-01 01:29:41,231 - System.tprint - INFO - ℹ️ 🐛 DEBUG: Metadata file exists: True INFO
[2026-01-01 01:29:41.230] 🐛 DEBUG: HDF5 file exists: True INFO
2026-01-01 01:29:41,231 - System.tprint - INFO - ℹ️ 🐛 DEBUG: HDF5 file exists: True INFO
[2026-01-01 01:29:41.230] 🐛 DEBUG: Reloading metadata to get latest versions INFO
2026-01-01 01:29:41,231 - System.tprint - INFO - ℹ️ 🐛 DEBUG: Reloading metadata to get latest versions INFO
[2026-01-01 01:29:41.230] 🐛 DEBUG: _load_metadata() checking versioned_artifacts/ETHUSDT_binance_15m_long_smc_regime/metadata.json INFO
2026-01-01 01:29:41,231 - System.tprint - INFO - ℹ️ 🐛 DEBUG: _load_metadata() checking versioned_artifacts/ETHUSDT_binance_15m_long_smc_regime/metadata.json INFO
[2026-01-01 01:29:41.231] 🐛 DEBUG: Metadata file exists, size: 9799 bytes INFO
2026-01-01 01:29:41,231 - System.tprint - INFO - ℹ️ 🐛 DEBUG: Metadata file exists, size: 9799 bytes INFO
[2026-01-01 01:29:41.231] 🐛 DEBUG: Successfully loaded metadata with 6 versions INFO
2026-01-01 01:29:41,231 - System.tprint - INFO - ℹ️ 🐛 DEBUG: Successfully loaded metadata with 6 versions INFO
[2026-01-01 01:29:41.231] 🐛 DEBUG: Found 6 versions in metadata: ['smc_predictions_with_confidence_20251213_170746_093', 'ml_smc_features_15m_20251213_170746_137', 'smc_predictions_with_confidence_20251231_171806_519', 'ml_smc_features_15m_20251231_171807_077', 'smc_predictions_with_confidence_20251231_172755_504', 'ml_smc_features_15m_20251231_172755_741'] INFO
2026-01-01 01:29:41,231 - System.tprint - INFO - ℹ️ 🐛 DEBUG: Found 6 versions in metadata: ['smc_predictions_with_confidence_20251213_170746_093', 'ml_smc_features_15m_20251213_170746_137', 'smc_predictions_with_confidence_20251231_171806_519', 'ml_smc_features_15m_20251231_171807_077', 'smc_predictions_with_confidence_20251231_172755_504', 'ml_smc_features_15m_20251231_172755_741'] INFO
[2026-01-01 01:29:41.231] 🐛 DEBUG: Found 6 versions in HDF5: ['ml_smc_features_15m_20251213_170746_137', 'ml_smc_features_15m_20251231_171807_077', 'ml_smc_features_15m_20251231_172755_741', 'smc_predictions_with_confidence_20251213_170746_093', 'smc_predictions_with_confidence_20251231_171806_519', 'smc_predictions_with_confidence_20251231_172755_504'] INFO
2026-01-01 01:29:41,231 - System.tprint - INFO - ℹ️ 🐛 DEBUG: Found 6 versions in HDF5: ['ml_smc_features_15m_20251213_170746_137', 'ml_smc_features_15m_20251231_171807_077', 'ml_smc_features_15m_20251231_172755_741', 'smc_predictions_with_confidence_20251213_170746_093', 'smc_predictions_with_confidence_20251231_171806_519', 'smc_predictions_with_confidence_20251231_172755_504'] INFO
[2026-01-01 01:29:41.231] 🐛 DEBUG: _load_metadata() checking versioned_artifacts/ETHUSDT_binance_15m_long_breakout_bounce/metadata.json INFO
2026-01-01 01:29:41,232 - System.tprint - INFO - ℹ️ 🐛 DEBUG: _load_metadata() checking versioned_artifacts/ETHUSDT_binance_15m_long_breakout_bounce/metadata.json INFO
[2026-01-01 01:29:41.231] 🐛 DEBUG: Metadata file exists, size: 200 bytes INFO
2026-01-01 01:29:41,232 - System.tprint - INFO - ℹ️ 🐛 DEBUG: Metadata file exists, size: 200 bytes INFO
[2026-01-01 01:29:41.231] 🐛 DEBUG: Successfully loaded metadata with 0 versions INFO
2026-01-01 01:29:41,232 - System.tprint - INFO - ℹ️ 🐛 DEBUG: Successfully loaded metadata with 0 versions INFO
[2026-01-01 01:29:41.231] 🐛 DEBUG: list_versions() called INFO
2026-01-01 01:29:41,232 - System.tprint - INFO - ℹ️ 🐛 DEBUG: list_versions() called INFO
[2026-01-01 01:29:41.232] 🐛 DEBUG: Metadata file exists: True INFO
2026-01-01 01:29:41,232 - System.tprint - INFO - ℹ️ 🐛 DEBUG: Metadata file exists: True INFO
[2026-01-01 01:29:41.232] 🐛 DEBUG: HDF5 file exists: True INFO
2026-01-01 01:29:41,232 - System.tprint - INFO - ℹ️ 🐛 DEBUG: HDF5 file exists: True INFO
[2026-01-01 01:29:41.232] 🐛 DEBUG: Reloading metadata to get latest versions INFO
2026-01-01 01:29:41,232 - System.tprint - INFO - ℹ️ 🐛 DEBUG: Reloading metadata to get latest versions INFO
[2026-01-01 01:29:41.232] 🐛 DEBUG: _load_metadata() checking versioned_artifacts/ETHUSDT_binance_15m_long_breakout_bounce/metadata.json INFO
2026-01-01 01:29:41,232 - System.tprint - INFO - ℹ️ 🐛 DEBUG: _load_metadata() checking versioned_artifacts/ETHUSDT_binance_15m_long_breakout_bounce/metadata.json INFO
[2026-01-01 01:29:41.232] 🐛 DEBUG: Metadata file exists, size: 200 bytes INFO
2026-01-01 01:29:41,232 - System.tprint - INFO - ℹ️ 🐛 DEBUG: Metadata file exists, size: 200 bytes INFO
[2026-01-01 01:29:41.232] 🐛 DEBUG: Successfully loaded metadata with 0 versions INFO
2026-01-01 01:29:41,233 - System.tprint - INFO - ℹ️ 🐛 DEBUG: Successfully loaded metadata with 0 versions INFO
[2026-01-01 01:29:41.232] 🐛 DEBUG: Found 0 versions in metadata: [] INFO
2026-01-01 01:29:41,233 - System.tprint - INFO - ℹ️ 🐛 DEBUG: Found 0 versions in metadata: [] INFO
[2026-01-01 01:29:41.232] 🐛 DEBUG: Found 0 versions in HDF5: [] INFO
2026-01-01 01:29:41,233 - System.tprint - INFO - ℹ️ 🐛 DEBUG: Found 0 versions in HDF5: [] INFO
[2026-01-01 01:29:41.232] 🐛 DEBUG: _load_metadata() checking versioned_artifacts/ETHUSDT_binance_1h_long_liquidity_regime/metadata.json INFO
2026-01-01 01:29:41,233 - System.tprint - INFO - ℹ️ 🐛 DEBUG: _load_metadata() checking versioned_artifacts/ETHUSDT_binance_1h_long_liquidity_regime/metadata.json INFO
[2026-01-01 01:29:41.233] 🐛 DEBUG: Metadata file exists, size: 200 bytes INFO
2026-01-01 01:29:41,233 - System.tprint - INFO - ℹ️ 🐛 DEBUG: Metadata file exists, size: 200 bytes INFO
[2026-01-01 01:29:41.233] 🐛 DEBUG: Successfully loaded metadata with 0 versions INFO
2026-01-01 01:29:41,233 - System.tprint - INFO - ℹ️ 🐛 DEBUG: Successfully loaded metadata with 0 versions INFO
[2026-01-01 01:29:41.233] 🐛 DEBUG: list_versions() called INFO
2026-01-01 01:29:41,233 - System.tprint - INFO - ℹ️ 🐛 DEBUG: list_versions() called INFO
[2026-01-01 01:29:41.233] 🐛 DEBUG: Metadata file exists: True INFO
2026-01-01 01:29:41,233 - System.tprint - INFO - ℹ️ 🐛 DEBUG: Metadata file exists: True INFO
[2026-01-01 01:29:41.233] 🐛 DEBUG: HDF5 file exists: True INFO
2026-01-01 01:29:41,233 - System.tprint - INFO - ℹ️ 🐛 DEBUG: HDF5 file exists: True INFO
[2026-01-01 01:29:41.233] 🐛 DEBUG: Reloading metadata to get latest versions INFO
2026-01-01 01:29:41,234 - System.tprint - INFO - ℹ️ 🐛 DEBUG: Reloading metadata to get latest versions INFO
[2026-01-01 01:29:41.233] 🐛 DEBUG: _load_metadata() checking versioned_artifacts/ETHUSDT_binance_1h_long_liquidity_regime/metadata.json INFO
2026-01-01 01:29:41,234 - System.tprint - INFO - ℹ️ 🐛 DEBUG: _load_metadata() checking versioned_artifacts/ETHUSDT_binance_1h_long_liquidity_regime/metadata.json INFO
[2026-01-01 01:29:41.233] 🐛 DEBUG: Metadata file exists, size: 200 bytes INFO
2026-01-01 01:29:41,234 - System.tprint - INFO - ℹ️ 🐛 DEBUG: Metadata file exists, size: 200 bytes INFO
[2026-01-01 01:29:41.233] 🐛 DEBUG: Successfully loaded metadata with 0 versions INFO
2026-01-01 01:29:41,234 - System.tprint - INFO - ℹ️ 🐛 DEBUG: Successfully loaded metadata with 0 versions INFO
[2026-01-01 01:29:41.233] 🐛 DEBUG: Found 0 versions in metadata: [] INFO
2026-01-01 01:29:41,234 - System.tprint - INFO - ℹ️ 🐛 DEBUG: Found 0 versions in metadata: [] INFO
[2026-01-01 01:29:41.233] 🐛 DEBUG: Found 0 versions in HDF5: [] INFO
2026-01-01 01:29:41,234 - System.tprint - INFO - ℹ️ 🐛 DEBUG: Found 0 versions in HDF5: [] INFO
[2026-01-01 01:29:41.234] 🐛 DEBUG: _load_metadata() checking versioned_artifacts/ETHUSDT_binance_15m_long_volatility_burst/metadata.json INFO
2026-01-01 01:29:41,234 - System.tprint - INFO - ℹ️ 🐛 DEBUG: _load_metadata() checking versioned_artifacts/ETHUSDT_binance_15m_long_volatility_burst/metadata.json INFO
[2026-01-01 01:29:41.234] 🐛 DEBUG: Metadata file does not exist, returning default metadata INFO
2026-01-01 01:29:41,234 - System.tprint - INFO - ℹ️ 🐛 DEBUG: Metadata file does not exist, returning default metadata INFO
[2026-01-01 01:29:41.234] 🐛 DEBUG: list_versions() called INFO
2026-01-01 01:29:41,234 - System.tprint - INFO - ℹ️ 🐛 DEBUG: list_versions() called INFO
[2026-01-01 01:29:41.234] 🐛 DEBUG: Metadata file exists: False INFO
2026-01-01 01:29:41,234 - System.tprint - INFO - ℹ️ 🐛 DEBUG: Metadata file exists: False INFO
[2026-01-01 01:29:41.234] 🐛 DEBUG: HDF5 file exists: True INFO
2026-01-01 01:29:41,235 - System.tprint - INFO - ℹ️ 🐛 DEBUG: HDF5 file exists: True INFO
[2026-01-01 01:29:41.234] 🐛 DEBUG: Reloading metadata to get latest versions INFO
2026-01-01 01:29:41,235 - System.tprint - INFO - ℹ️ 🐛 DEBUG: Reloading metadata to get latest versions INFO
[2026-01-01 01:29:41.234] 🐛 DEBUG: _load_metadata() checking versioned_artifacts/ETHUSDT_binance_15m_long_volatility_burst/metadata.json INFO
2026-01-01 01:29:41,235 - System.tprint - INFO - ℹ️ 🐛 DEBUG: _load_metadata() checking versioned_artifacts/ETHUSDT_binance_15m_long_volatility_burst/metadata.json INFO
[2026-01-01 01:29:41.234] 🐛 DEBUG: Metadata file does not exist, returning default metadata INFO
2026-01-01 01:29:41,235 - System.tprint - INFO - ℹ️ 🐛 DEBUG: Metadata file does not exist, returning default metadata INFO
[2026-01-01 01:29:41.234] 🐛 DEBUG: Found 0 versions in metadata: [] INFO
2026-01-01 01:29:41,235 - System.tprint - INFO - ℹ️ 🐛 DEBUG: Found 0 versions in metadata: [] INFO
[2026-01-01 01:29:41.234] 🐛 DEBUG: Found 0 versions in HDF5: [] INFO
2026-01-01 01:29:41,235 - System.tprint - INFO - ℹ️ 🐛 DEBUG: Found 0 versions in HDF5: [] INFO
[2026-01-01 01:29:41.235] 🐛 DEBUG: _load_metadata() checking versioned_artifacts/ETHUSDT_binance_1h_long_regime_alpha/metadata.json INFO
2026-01-01 01:29:41,235 - System.tprint - INFO - ℹ️ 🐛 DEBUG: _load_metadata() checking versioned_artifacts/ETHUSDT_binance_1h_long_regime_alpha/metadata.json INFO
[2026-01-01 01:29:41.235] 🐛 DEBUG: Metadata file exists, size: 6902 bytes INFO
2026-01-01 01:29:41,235 - System.tprint - INFO - ℹ️ 🐛 DEBUG: Metadata file exists, size: 6902 bytes INFO
[2026-01-01 01:29:41.235] 🐛 DEBUG: Successfully loaded metadata with 5 versions INFO
2026-01-01 01:29:41,235 - System.tprint - INFO - ℹ️ 🐛 DEBUG: Successfully loaded metadata with 5 versions INFO
[2026-01-01 01:29:41.235] 🐛 DEBUG: list_versions() called INFO
2026-01-01 01:29:41,236 - System.tprint - INFO - ℹ️ 🐛 DEBUG: list_versions() called INFO
[2026-01-01 01:29:41.235] 🐛 DEBUG: Metadata file exists: True INFO
2026-01-01 01:29:41,236 - System.tprint - INFO - ℹ️ 🐛 DEBUG: Metadata file exists: True INFO
[2026-01-01 01:29:41.235] 🐛 DEBUG: HDF5 file exists: True INFO
2026-01-01 01:29:41,236 - System.tprint - INFO - ℹ️ 🐛 DEBUG: HDF5 file exists: True INFO
[2026-01-01 01:29:41.235] 🐛 DEBUG: Reloading metadata to get latest versions INFO
2026-01-01 01:29:41,236 - System.tprint - INFO - ℹ️ 🐛 DEBUG: Reloading metadata to get latest versions INFO
[2026-01-01 01:29:41.235] 🐛 DEBUG: _load_metadata() checking versioned_artifacts/ETHUSDT_binance_1h_long_regime_alpha/metadata.json INFO
2026-01-01 01:29:41,236 - System.tprint - INFO - ℹ️ 🐛 DEBUG: _load_metadata() checking versioned_artifacts/ETHUSDT_binance_1h_long_regime_alpha/metadata.json INFO
[2026-01-01 01:29:41.235] 🐛 DEBUG: Metadata file exists, size: 6902 bytes INFO
2026-01-01 01:29:41,236 - System.tprint - INFO - ℹ️ 🐛 DEBUG: Metadata file exists, size: 6902 bytes INFO
[2026-01-01 01:29:41.235] 🐛 DEBUG: Successfully loaded metadata with 5 versions INFO
2026-01-01 01:29:41,236 - System.tprint - INFO - ℹ️ 🐛 DEBUG: Successfully loaded metadata with 5 versions INFO
[2026-01-01 01:29:41.235] 🐛 DEBUG: Found 5 versions in metadata: ['hmm_alpha_regime_stats_1h_20251122_151841_186', 'hmm_alpha_training_data_1h_20251122_164502_922', 'hmm_alpha_regime_stats_1h_20251122_164502_963', 'hmm_alpha_training_data_1h_20251122_171931_773', 'hmm_alpha_regime_stats_1h_20251122_171931_857'] INFO
2026-01-01 01:29:41,236 - System.tprint - INFO - ℹ️ 🐛 DEBUG: Found 5 versions in metadata: ['hmm_alpha_regime_stats_1h_20251122_151841_186', 'hmm_alpha_training_data_1h_20251122_164502_922', 'hmm_alpha_regime_stats_1h_20251122_164502_963', 'hmm_alpha_training_data_1h_20251122_171931_773', 'hmm_alpha_regime_stats_1h_20251122_171931_857'] INFO
[2026-01-01 01:29:41.236] 🐛 DEBUG: Found 5 versions in HDF5: ['hmm_alpha_regime_stats_1h_20251122_151841_186', 'hmm_alpha_regime_stats_1h_20251122_164502_963', 'hmm_alpha_regime_stats_1h_20251122_171931_857', 'hmm_alpha_training_data_1h_20251122_164502_922', 'hmm_alpha_training_data_1h_20251122_171931_773'] INFO
2026-01-01 01:29:41,236 - System.tprint - INFO - ℹ️ 🐛 DEBUG: Found 5 versions in HDF5: ['hmm_alpha_regime_stats_1h_20251122_151841_186', 'hmm_alpha_regime_stats_1h_20251122_164502_963', 'hmm_alpha_regime_stats_1h_20251122_171931_857', 'hmm_alpha_training_data_1h_20251122_164502_922', 'hmm_alpha_training_data_1h_20251122_171931_773'] INFO
[2026-01-01 01:29:41.236] 🐛 DEBUG: _load_metadata() checking versioned_artifacts/ETHUSDT_binance_1h_long_analyst/metadata.json INFO
2026-01-01 01:29:41,237 - System.tprint - INFO - ℹ️ 🐛 DEBUG: _load_metadata() checking versioned_artifacts/ETHUSDT_binance_1h_long_analyst/metadata.json INFO
[2026-01-01 01:29:41.236] 🐛 DEBUG: Metadata file exists, size: 139 bytes INFO
2026-01-01 01:29:41,237 - System.tprint - INFO - ℹ️ 🐛 DEBUG: Metadata file exists, size: 139 bytes INFO
[2026-01-01 01:29:41.236] 🐛 DEBUG: Successfully loaded metadata with 0 versions INFO
2026-01-01 01:29:41,237 - System.tprint - INFO - ℹ️ 🐛 DEBUG: Successfully loaded metadata with 0 versions INFO
[2026-01-01 01:29:41.236] 🐛 DEBUG: list_versions() called INFO
2026-01-01 01:29:41,237 - System.tprint - INFO - ℹ️ 🐛 DEBUG: list_versions() called INFO
[2026-01-01 01:29:41.236] 🐛 DEBUG: Metadata file exists: True INFO
2026-01-01 01:29:41,237 - System.tprint - INFO - ℹ️ 🐛 DEBUG: Metadata file exists: True INFO
[2026-01-01 01:29:41.236] 🐛 DEBUG: HDF5 file exists: True INFO
2026-01-01 01:29:41,237 - System.tprint - INFO - ℹ️ 🐛 DEBUG: HDF5 file exists: True INFO
[2026-01-01 01:29:41.236] 🐛 DEBUG: Reloading metadata to get latest versions INFO
2026-01-01 01:29:41,237 - System.tprint - INFO - ℹ️ 🐛 DEBUG: Reloading metadata to get latest versions INFO
[2026-01-01 01:29:41.236] 🐛 DEBUG: _load_metadata() checking versioned_artifacts/ETHUSDT_binance_1h_long_analyst/metadata.json INFO
2026-01-01 01:29:41,237 - System.tprint - INFO - ℹ️ 🐛 DEBUG: _load_metadata() checking versioned_artifacts/ETHUSDT_binance_1h_long_analyst/metadata.json INFO
[2026-01-01 01:29:41.236] 🐛 DEBUG: Metadata file exists, size: 139 bytes INFO
2026-01-01 01:29:41,237 - System.tprint - INFO - ℹ️ 🐛 DEBUG: Metadata file exists, size: 139 bytes INFO
[2026-01-01 01:29:41.236] 🐛 DEBUG: Successfully loaded metadata with 0 versions INFO
2026-01-01 01:29:41,237 - System.tprint - INFO - ℹ️ 🐛 DEBUG: Successfully loaded metadata with 0 versions INFO
[2026-01-01 01:29:41.237] 🐛 DEBUG: Found 0 versions in metadata: [] INFO
2026-01-01 01:29:41,237 - System.tprint - INFO - ℹ️ 🐛 DEBUG: Found 0 versions in metadata: [] INFO
[2026-01-01 01:29:41.237] 🐛 DEBUG: Found 0 versions in HDF5: [] INFO
2026-01-01 01:29:41,238 - System.tprint - INFO - ℹ️ 🐛 DEBUG: Found 0 versions in HDF5: [] INFO
[2026-01-01 01:29:41.237] 🐛 DEBUG: _load_metadata() checking versioned_artifacts/ETHUSDT_binance_1h_long_regime_path/metadata.json INFO
2026-01-01 01:29:41,238 - System.tprint - INFO - ℹ️ 🐛 DEBUG: _load_metadata() checking versioned_artifacts/ETHUSDT_binance_1h_long_regime_path/metadata.json INFO
[2026-01-01 01:29:41.237] 🐛 DEBUG: Metadata file exists, size: 200 bytes INFO
2026-01-01 01:29:41,238 - System.tprint - INFO - ℹ️ 🐛 DEBUG: Metadata file exists, size: 200 bytes INFO
[2026-01-01 01:29:41.237] 🐛 DEBUG: Successfully loaded metadata with 0 versions INFO
2026-01-01 01:29:41,238 - System.tprint - INFO - ℹ️ 🐛 DEBUG: Successfully loaded metadata with 0 versions INFO
[2026-01-01 01:29:41.237] 🐛 DEBUG: list_versions() called INFO
2026-01-01 01:29:41,238 - System.tprint - INFO - ℹ️ 🐛 DEBUG: list_versions() called INFO
[2026-01-01 01:29:41.237] 🐛 DEBUG: Metadata file exists: True INFO
2026-01-01 01:29:41,238 - System.tprint - INFO - ℹ️ 🐛 DEBUG: Metadata file exists: True INFO
[2026-01-01 01:29:41.237] 🐛 DEBUG: HDF5 file exists: True INFO
2026-01-01 01:29:41,238 - System.tprint - INFO - ℹ️ 🐛 DEBUG: HDF5 file exists: True INFO
[2026-01-01 01:29:41.237] 🐛 DEBUG: Reloading metadata to get latest versions INFO
2026-01-01 01:29:41,238 - System.tprint - INFO - ℹ️ 🐛 DEBUG: Reloading metadata to get latest versions INFO
[2026-01-01 01:29:41.237] 🐛 DEBUG: _load_metadata() checking versioned_artifacts/ETHUSDT_binance_1h_long_regime_path/metadata.json INFO
2026-01-01 01:29:41,238 - System.tprint - INFO - ℹ️ 🐛 DEBUG: _load_metadata() checking versioned_artifacts/ETHUSDT_binance_1h_long_regime_path/metadata.json INFO
[2026-01-01 01:29:41.238] 🐛 DEBUG: Metadata file exists, size: 200 bytes INFO
2026-01-01 01:29:41,238 - System.tprint - INFO - ℹ️ 🐛 DEBUG: Metadata file exists, size: 200 bytes INFO
[2026-01-01 01:29:41.238] 🐛 DEBUG: Successfully loaded metadata with 0 versions INFO
2026-01-01 01:29:41,239 - System.tprint - INFO - ℹ️ 🐛 DEBUG: Successfully loaded metadata with 0 versions INFO
[2026-01-01 01:29:41.238] 🐛 DEBUG: Found 0 versions in metadata: [] INFO
2026-01-01 01:29:41,239 - System.tprint - INFO - ℹ️ 🐛 DEBUG: Found 0 versions in metadata: [] INFO
[2026-01-01 01:29:41.238] 🐛 DEBUG: Found 0 versions in HDF5: [] INFO
2026-01-01 01:29:41,239 - System.tprint - INFO - ℹ️ 🐛 DEBUG: Found 0 versions in HDF5: [] INFO
[2026-01-01 01:29:41.238] 🐛 DEBUG: _load_metadata() checking versioned_artifacts/None_None_None_long_regime/metadata.json INFO
2026-01-01 01:29:41,239 - System.tprint - INFO - ℹ️ 🐛 DEBUG: _load_metadata() checking versioned_artifacts/None_None_None_long_regime/metadata.json INFO
[2026-01-01 01:29:41.238] 🐛 DEBUG: Metadata file exists, size: 139 bytes INFO
2026-01-01 01:29:41,239 - System.tprint - INFO - ℹ️ 🐛 DEBUG: Metadata file exists, size: 139 bytes INFO
[2026-01-01 01:29:41.238] 🐛 DEBUG: Successfully loaded metadata with 0 versions INFO
2026-01-01 01:29:41,239 - System.tprint - INFO - ℹ️ 🐛 DEBUG: Successfully loaded metadata with 0 versions INFO
[2026-01-01 01:29:41.238] 🐛 DEBUG: list_versions() called INFO
2026-01-01 01:29:41,239 - System.tprint - INFO - ℹ️ 🐛 DEBUG: list_versions() called INFO
[2026-01-01 01:29:41.238] 🐛 DEBUG: Metadata file exists: True INFO
2026-01-01 01:29:41,239 - System.tprint - INFO - ℹ️ 🐛 DEBUG: Metadata file exists: True INFO
[2026-01-01 01:29:41.238] 🐛 DEBUG: HDF5 file exists: True INFO
2026-01-01 01:29:41,239 - System.tprint - INFO - ℹ️ 🐛 DEBUG: HDF5 file exists: True INFO
[2026-01-01 01:29:41.239] 🐛 DEBUG: Reloading metadata to get latest versions INFO
2026-01-01 01:29:41,240 - System.tprint - INFO - ℹ️ 🐛 DEBUG: Reloading metadata to get latest versions INFO
[2026-01-01 01:29:41.239] 🐛 DEBUG: _load_metadata() checking versioned_artifacts/None_None_None_long_regime/metadata.json INFO
2026-01-01 01:29:41,240 - System.tprint - INFO - ℹ️ 🐛 DEBUG: _load_metadata() checking versioned_artifacts/None_None_None_long_regime/metadata.json INFO
[2026-01-01 01:29:41.239] 🐛 DEBUG: Metadata file exists, size: 139 bytes INFO
2026-01-01 01:29:41,240 - System.tprint - INFO - ℹ️ 🐛 DEBUG: Metadata file exists, size: 139 bytes INFO
[2026-01-01 01:29:41.239] 🐛 DEBUG: Successfully loaded metadata with 0 versions INFO
2026-01-01 01:29:41,240 - System.tprint - INFO - ℹ️ 🐛 DEBUG: Successfully loaded metadata with 0 versions INFO
[2026-01-01 01:29:41.239] 🐛 DEBUG: Found 0 versions in metadata: [] INFO
2026-01-01 01:29:41,240 - System.tprint - INFO - ℹ️ 🐛 DEBUG: Found 0 versions in metadata: [] INFO
[2026-01-01 01:29:41.239] 🐛 DEBUG: Found 0 versions in HDF5: [] INFO
2026-01-01 01:29:41,240 - System.tprint - INFO - ℹ️ 🐛 DEBUG: Found 0 versions in HDF5: [] INFO
[2026-01-01 01:29:41.239] 🐛 DEBUG: _load_metadata() checking versioned_artifacts/ETHUSDT_binance_1h_long_mean_reversion/metadata.json INFO
2026-01-01 01:29:41,240 - System.tprint - INFO - ℹ️ 🐛 DEBUG: _load_metadata() checking versioned_artifacts/ETHUSDT_binance_1h_long_mean_reversion/metadata.json INFO
[2026-01-01 01:29:41.239] 🐛 DEBUG: Metadata file exists, size: 3914 bytes INFO
2026-01-01 01:29:41,240 - System.tprint - INFO - ℹ️ 🐛 DEBUG: Metadata file exists, size: 3914 bytes INFO
[2026-01-01 01:29:41.239] 🐛 DEBUG: Successfully loaded metadata with 5 versions INFO
2026-01-01 01:29:41,240 - System.tprint - INFO - ℹ️ 🐛 DEBUG: Successfully loaded metadata with 5 versions INFO
[2026-01-01 01:29:41.240] 🐛 DEBUG: list_versions() called INFO
2026-01-01 01:29:41,241 - System.tprint - INFO - ℹ️ 🐛 DEBUG: list_versions() called INFO
[2026-01-01 01:29:41.240] 🐛 DEBUG: Metadata file exists: True INFO
2026-01-01 01:29:41,241 - System.tprint - INFO - ℹ️ 🐛 DEBUG: Metadata file exists: True INFO
[2026-01-01 01:29:41.240] 🐛 DEBUG: HDF5 file exists: True INFO
2026-01-01 01:29:41,241 - System.tprint - INFO - ℹ️ 🐛 DEBUG: HDF5 file exists: True INFO
[2026-01-01 01:29:41.240] 🐛 DEBUG: Reloading metadata to get latest versions INFO
2026-01-01 01:29:41,241 - System.tprint - INFO - ℹ️ 🐛 DEBUG: Reloading metadata to get latest versions INFO
[2026-01-01 01:29:41.240] 🐛 DEBUG: _load_metadata() checking versioned_artifacts/ETHUSDT_binance_1h_long_mean_reversion/metadata.json INFO
2026-01-01 01:29:41,241 - System.tprint - INFO - ℹ️ 🐛 DEBUG: _load_metadata() checking versioned_artifacts/ETHUSDT_binance_1h_long_mean_reversion/metadata.json INFO
[2026-01-01 01:29:41.240] 🐛 DEBUG: Metadata file exists, size: 3914 bytes INFO
2026-01-01 01:29:41,241 - System.tprint - INFO - ℹ️ 🐛 DEBUG: Metadata file exists, size: 3914 bytes INFO
[2026-01-01 01:29:41.240] 🐛 DEBUG: Successfully loaded metadata with 5 versions INFO
2026-01-01 01:29:41,241 - System.tprint - INFO - ℹ️ 🐛 DEBUG: Successfully loaded metadata with 5 versions INFO
[2026-01-01 01:29:41.240] 🐛 DEBUG: Found 5 versions in metadata: ['ml_mean_reversion_training_data_1h_20251124_231116_323', 'ml_mean_reversion_training_data_1h_20251125_001022_753', 'ml_mean_reversion_training_data_1h_20251125_002337_863', 'ml_mean_reversion_training_data_1h_20251125_003116_776', 'ml_mean_reversion_training_data_1h_20251126_003120_916'] INFO
2026-01-01 01:29:41,241 - System.tprint - INFO - ℹ️ 🐛 DEBUG: Found 5 versions in metadata: ['ml_mean_reversion_training_data_1h_20251124_231116_323', 'ml_mean_reversion_training_data_1h_20251125_001022_753', 'ml_mean_reversion_training_data_1h_20251125_002337_863', 'ml_mean_reversion_training_data_1h_20251125_003116_776', 'ml_mean_reversion_training_data_1h_20251126_003120_916'] INFO
[2026-01-01 01:29:41.240] 🐛 DEBUG: Found 5 versions in HDF5: ['ml_mean_reversion_training_data_1h_20251124_231116_323', 'ml_mean_reversion_training_data_1h_20251125_001022_753', 'ml_mean_reversion_training_data_1h_20251125_002337_863', 'ml_mean_reversion_training_data_1h_20251125_003116_776', 'ml_mean_reversion_training_data_1h_20251126_003120_916'] INFO
2026-01-01 01:29:41,241 - System.tprint - INFO - ℹ️ 🐛 DEBUG: Found 5 versions in HDF5: ['ml_mean_reversion_training_data_1h_20251124_231116_323', 'ml_mean_reversion_training_data_1h_20251125_001022_753', 'ml_mean_reversion_training_data_1h_20251125_002337_863', 'ml_mean_reversion_training_data_1h_20251125_003116_776', 'ml_mean_reversion_training_data_1h_20251126_003120_916'] INFO
[2026-01-01 01:29:41.242] 🐛 DEBUG: _load_metadata() checking versioned_artifacts/ETHUSDT_binance_15m_long_mean_reversion/metadata.json INFO
2026-01-01 01:29:41,242 - System.tprint - INFO - ℹ️ 🐛 DEBUG: _load_metadata() checking versioned_artifacts/ETHUSDT_binance_15m_long_mean_reversion/metadata.json INFO
[2026-01-01 01:29:41.242] 🐛 DEBUG: Metadata file exists, size: 1472 bytes INFO
2026-01-01 01:29:41,242 - System.tprint - INFO - ℹ️ 🐛 DEBUG: Metadata file exists, size: 1472 bytes INFO
[2026-01-01 01:29:41.242] 🐛 DEBUG: Successfully loaded metadata with 1 versions INFO
2026-01-01 01:29:41,242 - System.tprint - INFO - ℹ️ 🐛 DEBUG: Successfully loaded metadata with 1 versions INFO
[2026-01-01 01:29:41.242] 🐛 DEBUG: list_versions() called INFO
2026-01-01 01:29:41,242 - System.tprint - INFO - ℹ️ 🐛 DEBUG: list_versions() called INFO
[2026-01-01 01:29:41.242] 🐛 DEBUG: Metadata file exists: True INFO
2026-01-01 01:29:41,242 - System.tprint - INFO - ℹ️ 🐛 DEBUG: Metadata file exists: True INFO
[2026-01-01 01:29:41.242] 🐛 DEBUG: HDF5 file exists: True INFO
2026-01-01 01:29:41,242 - System.tprint - INFO - ℹ️ 🐛 DEBUG: HDF5 file exists: True INFO
[2026-01-01 01:29:41.242] 🐛 DEBUG: Reloading metadata to get latest versions INFO
2026-01-01 01:29:41,242 - System.tprint - INFO - ℹ️ 🐛 DEBUG: Reloading metadata to get latest versions INFO
[2026-01-01 01:29:41.242] 🐛 DEBUG: _load_metadata() checking versioned_artifacts/ETHUSDT_binance_15m_long_mean_reversion/metadata.json INFO
2026-01-01 01:29:41,242 - System.tprint - INFO - ℹ️ 🐛 DEBUG: _load_metadata() checking versioned_artifacts/ETHUSDT_binance_15m_long_mean_reversion/metadata.json INFO
[2026-01-01 01:29:41.242] 🐛 DEBUG: Metadata file exists, size: 1472 bytes INFO
2026-01-01 01:29:41,242 - System.tprint - INFO - ℹ️ 🐛 DEBUG: Metadata file exists, size: 1472 bytes INFO
[2026-01-01 01:29:41.242] 🐛 DEBUG: Successfully loaded metadata with 1 versions INFO
2026-01-01 01:29:41,242 - System.tprint - INFO - ℹ️ 🐛 DEBUG: Successfully loaded metadata with 1 versions INFO
[2026-01-01 01:29:41.242] 🐛 DEBUG: Found 1 versions in metadata: ['ml_mean_reversion_training_data_15m_20251213_170600_968'] INFO
2026-01-01 01:29:41,242 - System.tprint - INFO - ℹ️ 🐛 DEBUG: Found 1 versions in metadata: ['ml_mean_reversion_training_data_15m_20251213_170600_968'] INFO
[2026-01-01 01:29:41.242] 🐛 DEBUG: Found 1 versions in HDF5: ['ml_mean_reversion_training_data_15m_20251213_170600_968'] INFO
2026-01-01 01:29:41,243 - System.tprint - INFO - ℹ️ 🐛 DEBUG: Found 1 versions in HDF5: ['ml_mean_reversion_training_data_15m_20251213_170600_968'] INFO
[2026-01-01 01:29:41.243] 🐛 DEBUG: _load_metadata() checking versioned_artifacts/ETHUSDT_binance_15m_long_full/metadata.json INFO
2026-01-01 01:29:41,243 - System.tprint - INFO - ℹ️ 🐛 DEBUG: _load_metadata() checking versioned_artifacts/ETHUSDT_binance_15m_long_full/metadata.json INFO
[2026-01-01 01:29:41.243] 🐛 DEBUG: Metadata file exists, size: 139 bytes INFO
2026-01-01 01:29:41,243 - System.tprint - INFO - ℹ️ 🐛 DEBUG: Metadata file exists, size: 139 bytes INFO
[2026-01-01 01:29:41.243] 🐛 DEBUG: Successfully loaded metadata with 0 versions INFO
2026-01-01 01:29:41,243 - System.tprint - INFO - ℹ️ 🐛 DEBUG: Successfully loaded metadata with 0 versions INFO
[2026-01-01 01:29:41.243] 🐛 DEBUG: list_versions() called INFO
2026-01-01 01:29:41,243 - System.tprint - INFO - ℹ️ 🐛 DEBUG: list_versions() called INFO
[2026-01-01 01:29:41.243] 🐛 DEBUG: Metadata file exists: True INFO
2026-01-01 01:29:41,243 - System.tprint - INFO - ℹ️ 🐛 DEBUG: Metadata file exists: True INFO
[2026-01-01 01:29:41.243] 🐛 DEBUG: HDF5 file exists: True INFO
2026-01-01 01:29:41,243 - System.tprint - INFO - ℹ️ 🐛 DEBUG: HDF5 file exists: True INFO
[2026-01-01 01:29:41.243] 🐛 DEBUG: Reloading metadata to get latest versions INFO
2026-01-01 01:29:41,243 - System.tprint - INFO - ℹ️ 🐛 DEBUG: Reloading metadata to get latest versions INFO
[2026-01-01 01:29:41.243] 🐛 DEBUG: _load_metadata() checking versioned_artifacts/ETHUSDT_binance_15m_long_full/metadata.json INFO
2026-01-01 01:29:41,243 - System.tprint - INFO - ℹ️ 🐛 DEBUG: _load_metadata() checking versioned_artifacts/ETHUSDT_binance_15m_long_full/metadata.json INFO
[2026-01-01 01:29:41.243] 🐛 DEBUG: Metadata file exists, size: 139 bytes INFO
2026-01-01 01:29:41,243 - System.tprint - INFO - ℹ️ 🐛 DEBUG: Metadata file exists, size: 139 bytes INFO
[2026-01-01 01:29:41.243] 🐛 DEBUG: Successfully loaded metadata with 0 versions INFO
2026-01-01 01:29:41,244 - System.tprint - INFO - ℹ️ 🐛 DEBUG: Successfully loaded metadata with 0 versions INFO
[2026-01-01 01:29:41.243] 🐛 DEBUG: Found 0 versions in metadata: [] INFO
2026-01-01 01:29:41,244 - System.tprint - INFO - ℹ️ 🐛 DEBUG: Found 0 versions in metadata: [] INFO
[2026-01-01 01:29:41.243] 🐛 DEBUG: Found 0 versions in HDF5: [] INFO
2026-01-01 01:29:41,244 - System.tprint - INFO - ℹ️ 🐛 DEBUG: Found 0 versions in HDF5: [] INFO
[2026-01-01 01:29:41.244] 🐛 DEBUG: _load_metadata() checking versioned_artifacts/ETHUSDT_binance_15m_long_ml_smc_regime/metadata.json INFO
2026-01-01 01:29:41,244 - System.tprint - INFO - ℹ️ 🐛 DEBUG: _load_metadata() checking versioned_artifacts/ETHUSDT_binance_15m_long_ml_smc_regime/metadata.json INFO
[2026-01-01 01:29:41.244] 🐛 DEBUG: Metadata file does not exist, returning default metadata INFO
2026-01-01 01:29:41,244 - System.tprint - INFO - ℹ️ 🐛 DEBUG: Metadata file does not exist, returning default metadata INFO
[2026-01-01 01:29:41.244] 🐛 DEBUG: list_versions() called INFO
2026-01-01 01:29:41,244 - System.tprint - INFO - ℹ️ 🐛 DEBUG: list_versions() called INFO
[2026-01-01 01:29:41.244] 🐛 DEBUG: Metadata file exists: False INFO
2026-01-01 01:29:41,244 - System.tprint - INFO - ℹ️ 🐛 DEBUG: Metadata file exists: False INFO
[2026-01-01 01:29:41.244] 🐛 DEBUG: HDF5 file exists: True INFO
2026-01-01 01:29:41,244 - System.tprint - INFO - ℹ️ 🐛 DEBUG: HDF5 file exists: True INFO
[2026-01-01 01:29:41.244] 🐛 DEBUG: Reloading metadata to get latest versions INFO
2026-01-01 01:29:41,244 - System.tprint - INFO - ℹ️ 🐛 DEBUG: Reloading metadata to get latest versions INFO
[2026-01-01 01:29:41.244] 🐛 DEBUG: _load_metadata() checking versioned_artifacts/ETHUSDT_binance_15m_long_ml_smc_regime/metadata.json INFO
2026-01-01 01:29:41,244 - System.tprint - INFO - ℹ️ 🐛 DEBUG: _load_metadata() checking versioned_artifacts/ETHUSDT_binance_15m_long_ml_smc_regime/metadata.json INFO
[2026-01-01 01:29:41.244] 🐛 DEBUG: Metadata file does not exist, returning default metadata INFO
2026-01-01 01:29:41,245 - System.tprint - INFO - ℹ️ 🐛 DEBUG: Metadata file does not exist, returning default metadata INFO
[2026-01-01 01:29:41.244] 🐛 DEBUG: Found 0 versions in metadata: [] INFO
2026-01-01 01:29:41,245 - System.tprint - INFO - ℹ️ 🐛 DEBUG: Found 0 versions in metadata: [] INFO
[2026-01-01 01:29:41.244] 🐛 DEBUG: Found 0 versions in HDF5: [] INFO
2026-01-01 01:29:41,245 - System.tprint - INFO - ℹ️ 🐛 DEBUG: Found 0 versions in HDF5: [] INFO
[2026-01-01 01:29:41.245] 🐛 DEBUG: _load_metadata() checking versioned_artifacts/ETHUSDT_binance_15m_long_regime_meso_trend/metadata.json INFO
2026-01-01 01:29:41,245 - System.tprint - INFO - ℹ️ 🐛 DEBUG: _load_metadata() checking versioned_artifacts/ETHUSDT_binance_15m_long_regime_meso_trend/metadata.json INFO
[2026-01-01 01:29:41.245] 🐛 DEBUG: Metadata file exists, size: 139 bytes INFO
2026-01-01 01:29:41,245 - System.tprint - INFO - ℹ️ 🐛 DEBUG: Metadata file exists, size: 139 bytes INFO
[2026-01-01 01:29:41.245] 🐛 DEBUG: Successfully loaded metadata with 0 versions INFO
2026-01-01 01:29:41,245 - System.tprint - INFO - ℹ️ 🐛 DEBUG: Successfully loaded metadata with 0 versions INFO
[2026-01-01 01:29:41.245] 🐛 DEBUG: list_versions() called INFO
2026-01-01 01:29:41,245 - System.tprint - INFO - ℹ️ 🐛 DEBUG: list_versions() called INFO
[2026-01-01 01:29:41.245] 🐛 DEBUG: Metadata file exists: True INFO
2026-01-01 01:29:41,245 - System.tprint - INFO - ℹ️ 🐛 DEBUG: Metadata file exists: True INFO
[2026-01-01 01:29:41.245] 🐛 DEBUG: HDF5 file exists: True INFO
2026-01-01 01:29:41,245 - System.tprint - INFO - ℹ️ 🐛 DEBUG: HDF5 file exists: True INFO
[2026-01-01 01:29:41.245] 🐛 DEBUG: Reloading metadata to get latest versions INFO
2026-01-01 01:29:41,246 - System.tprint - INFO - ℹ️ 🐛 DEBUG: Reloading metadata to get latest versions INFO
[2026-01-01 01:29:41.245] 🐛 DEBUG: _load_metadata() checking versioned_artifacts/ETHUSDT_binance_15m_long_regime_meso_trend/metadata.json INFO
2026-01-01 01:29:41,246 - System.tprint - INFO - ℹ️ 🐛 DEBUG: _load_metadata() checking versioned_artifacts/ETHUSDT_binance_15m_long_regime_meso_trend/metadata.json INFO
[2026-01-01 01:29:41.245] 🐛 DEBUG: Metadata file exists, size: 139 bytes INFO
2026-01-01 01:29:41,246 - System.tprint - INFO - ℹ️ 🐛 DEBUG: Metadata file exists, size: 139 bytes INFO
[2026-01-01 01:29:41.245] 🐛 DEBUG: Successfully loaded metadata with 0 versions INFO
2026-01-01 01:29:41,246 - System.tprint - INFO - ℹ️ 🐛 DEBUG: Successfully loaded metadata with 0 versions INFO
[2026-01-01 01:29:41.245] 🐛 DEBUG: Found 0 versions in metadata: [] INFO
2026-01-01 01:29:41,246 - System.tprint - INFO - ℹ️ 🐛 DEBUG: Found 0 versions in metadata: [] INFO
[2026-01-01 01:29:41.245] 🐛 DEBUG: Found 0 versions in HDF5: [] INFO
2026-01-01 01:29:41,246 - System.tprint - INFO - ℹ️ 🐛 DEBUG: Found 0 versions in HDF5: [] INFO
[2026-01-01 01:29:41.246] 🐛 DEBUG: _load_metadata() checking versioned_artifacts/ETHUSDT_binance_15m_long_regime/metadata.json INFO
2026-01-01 01:29:41,246 - System.tprint - INFO - ℹ️ 🐛 DEBUG: _load_metadata() checking versioned_artifacts/ETHUSDT_binance_15m_long_regime/metadata.json INFO
[2026-01-01 01:29:41.246] 🐛 DEBUG: Metadata file exists, size: 200 bytes INFO
2026-01-01 01:29:41,246 - System.tprint - INFO - ℹ️ 🐛 DEBUG: Metadata file exists, size: 200 bytes INFO
[2026-01-01 01:29:41.246] 🐛 DEBUG: Successfully loaded metadata with 0 versions INFO
2026-01-01 01:29:41,246 - System.tprint - INFO - ℹ️ 🐛 DEBUG: Successfully loaded metadata with 0 versions INFO
[2026-01-01 01:29:41.246] 🐛 DEBUG: list_versions() called INFO
2026-01-01 01:29:41,247 - System.tprint - INFO - ℹ️ 🐛 DEBUG: list_versions() called INFO
[2026-01-01 01:29:41.246] 🐛 DEBUG: Metadata file exists: True INFO
2026-01-01 01:29:41,247 - System.tprint - INFO - ℹ️ 🐛 DEBUG: Metadata file exists: True INFO
[2026-01-01 01:29:41.246] 🐛 DEBUG: HDF5 file exists: True INFO
2026-01-01 01:29:41,247 - System.tprint - INFO - ℹ️ 🐛 DEBUG: HDF5 file exists: True INFO
[2026-01-01 01:29:41.246] 🐛 DEBUG: Reloading metadata to get latest versions INFO
2026-01-01 01:29:41,247 - System.tprint - INFO - ℹ️ 🐛 DEBUG: Reloading metadata to get latest versions INFO
[2026-01-01 01:29:41.246] 🐛 DEBUG: _load_metadata() checking versioned_artifacts/ETHUSDT_binance_15m_long_regime/metadata.json INFO
2026-01-01 01:29:41,247 - System.tprint - INFO - ℹ️ 🐛 DEBUG: _load_metadata() checking versioned_artifacts/ETHUSDT_binance_15m_long_regime/metadata.json INFO
[2026-01-01 01:29:41.246] 🐛 DEBUG: Metadata file exists, size: 200 bytes INFO
2026-01-01 01:29:41,247 - System.tprint - INFO - ℹ️ 🐛 DEBUG: Metadata file exists, size: 200 bytes INFO
[2026-01-01 01:29:41.246] 🐛 DEBUG: Successfully loaded metadata with 0 versions INFO
2026-01-01 01:29:41,247 - System.tprint - INFO - ℹ️ 🐛 DEBUG: Successfully loaded metadata with 0 versions INFO
[2026-01-01 01:29:41.246] 🐛 DEBUG: Found 0 versions in metadata: [] INFO
2026-01-01 01:29:41,247 - System.tprint - INFO - ℹ️ 🐛 DEBUG: Found 0 versions in metadata: [] INFO
[2026-01-01 01:29:41.246] 🐛 DEBUG: Found 0 versions in HDF5: [] INFO
2026-01-01 01:29:41,247 - System.tprint - INFO - ℹ️ 🐛 DEBUG: Found 0 versions in HDF5: [] INFO
[2026-01-01 01:29:41.247] 🐛 DEBUG: _load_metadata() checking versioned_artifacts/ETHUSDT_binance_1h_long_smc_regime/metadata.json INFO
2026-01-01 01:29:41,248 - System.tprint - INFO - ℹ️ 🐛 DEBUG: _load_metadata() checking versioned_artifacts/ETHUSDT_binance_1h_long_smc_regime/metadata.json INFO
[2026-01-01 01:29:41.247] 🐛 DEBUG: Metadata file exists, size: 3536 bytes INFO
2026-01-01 01:29:41,248 - System.tprint - INFO - ℹ️ 🐛 DEBUG: Metadata file exists, size: 3536 bytes INFO
[2026-01-01 01:29:41.247] 🐛 DEBUG: Successfully loaded metadata with 5 versions INFO
2026-01-01 01:29:41,248 - System.tprint - INFO - ℹ️ 🐛 DEBUG: Successfully loaded metadata with 5 versions INFO
[2026-01-01 01:29:41.247] 🐛 DEBUG: list_versions() called INFO
2026-01-01 01:29:41,248 - System.tprint - INFO - ℹ️ 🐛 DEBUG: list_versions() called INFO
[2026-01-01 01:29:41.247] 🐛 DEBUG: Metadata file exists: True INFO
2026-01-01 01:29:41,248 - System.tprint - INFO - ℹ️ 🐛 DEBUG: Metadata file exists: True INFO
[2026-01-01 01:29:41.247] 🐛 DEBUG: HDF5 file exists: True INFO
2026-01-01 01:29:41,248 - System.tprint - INFO - ℹ️ 🐛 DEBUG: HDF5 file exists: True INFO
[2026-01-01 01:29:41.247] 🐛 DEBUG: Reloading metadata to get latest versions INFO
2026-01-01 01:29:41,248 - System.tprint - INFO - ℹ️ 🐛 DEBUG: Reloading metadata to get latest versions INFO
[2026-01-01 01:29:41.247] 🐛 DEBUG: _load_metadata() checking versioned_artifacts/ETHUSDT_binance_1h_long_smc_regime/metadata.json INFO
2026-01-01 01:29:41,248 - System.tprint - INFO - ℹ️ 🐛 DEBUG: _load_metadata() checking versioned_artifacts/ETHUSDT_binance_1h_long_smc_regime/metadata.json INFO
[2026-01-01 01:29:41.247] 🐛 DEBUG: Metadata file exists, size: 3536 bytes INFO
2026-01-01 01:29:41,248 - System.tprint - INFO - ℹ️ 🐛 DEBUG: Metadata file exists, size: 3536 bytes INFO
[2026-01-01 01:29:41.247] 🐛 DEBUG: Successfully loaded metadata with 5 versions INFO
2026-01-01 01:29:41,248 - System.tprint - INFO - ℹ️ 🐛 DEBUG: Successfully loaded metadata with 5 versions INFO
[2026-01-01 01:29:41.247] 🐛 DEBUG: Found 5 versions in metadata: ['smc_predictions_with_confidence_20251124_233038_087', 'smc_predictions_with_confidence_20251125_001011_321', 'smc_predictions_with_confidence_20251125_001842_252', 'smc_predictions_with_confidence_20251126_003009_061', 'smc_predictions_with_confidence_20251126_003415_856'] INFO
2026-01-01 01:29:41,248 - System.tprint - INFO - ℹ️ 🐛 DEBUG: Found 5 versions in metadata: ['smc_predictions_with_confidence_20251124_233038_087', 'smc_predictions_with_confidence_20251125_001011_321', 'smc_predictions_with_confidence_20251125_001842_252', 'smc_predictions_with_confidence_20251126_003009_061', 'smc_predictions_with_confidence_20251126_003415_856'] INFO
[2026-01-01 01:29:41.249] 🐛 DEBUG: Found 5 versions in HDF5: ['smc_predictions_with_confidence_20251124_233038_087', 'smc_predictions_with_confidence_20251125_001011_321', 'smc_predictions_with_confidence_20251125_001842_252', 'smc_predictions_with_confidence_20251126_003009_061', 'smc_predictions_with_confidence_20251126_003415_856'] INFO
2026-01-01 01:29:41,249 - System.tprint - INFO - ℹ️ 🐛 DEBUG: Found 5 versions in HDF5: ['smc_predictions_with_confidence_20251124_233038_087', 'smc_predictions_with_confidence_20251125_001011_321', 'smc_predictions_with_confidence_20251125_001842_252', 'smc_predictions_with_confidence_20251126_003009_061', 'smc_predictions_with_confidence_20251126_003415_856'] INFO
[2026-01-01 01:29:41.249] 🐛 DEBUG: _load_metadata() checking versioned_artifacts/ETHUSDT_binance_15m_long_regime_path/metadata.json INFO
2026-01-01 01:29:41,249 - System.tprint - INFO - ℹ️ 🐛 DEBUG: _load_metadata() checking versioned_artifacts/ETHUSDT_binance_15m_long_regime_path/metadata.json INFO
[2026-01-01 01:29:41.249] 🐛 DEBUG: Metadata file exists, size: 200 bytes INFO
2026-01-01 01:29:41,249 - System.tprint - INFO - ℹ️ 🐛 DEBUG: Metadata file exists, size: 200 bytes INFO
[2026-01-01 01:29:41.249] 🐛 DEBUG: Successfully loaded metadata with 0 versions INFO
2026-01-01 01:29:41,249 - System.tprint - INFO - ℹ️ 🐛 DEBUG: Successfully loaded metadata with 0 versions INFO
[2026-01-01 01:29:41.249] 🐛 DEBUG: list_versions() called INFO
2026-01-01 01:29:41,249 - System.tprint - INFO - ℹ️ 🐛 DEBUG: list_versions() called INFO
[2026-01-01 01:29:41.249] 🐛 DEBUG: Metadata file exists: True INFO
2026-01-01 01:29:41,249 - System.tprint - INFO - ℹ️ 🐛 DEBUG: Metadata file exists: True INFO
[2026-01-01 01:29:41.249] 🐛 DEBUG: HDF5 file exists: True INFO
2026-01-01 01:29:41,249 - System.tprint - INFO - ℹ️ 🐛 DEBUG: HDF5 file exists: True INFO
[2026-01-01 01:29:41.249] 🐛 DEBUG: Reloading metadata to get latest versions INFO
2026-01-01 01:29:41,249 - System.tprint - INFO - ℹ️ 🐛 DEBUG: Reloading metadata to get latest versions INFO
[2026-01-01 01:29:41.249] 🐛 DEBUG: _load_metadata() checking versioned_artifacts/ETHUSDT_binance_15m_long_regime_path/metadata.json INFO
2026-01-01 01:29:41,249 - System.tprint - INFO - ℹ️ 🐛 DEBUG: _load_metadata() checking versioned_artifacts/ETHUSDT_binance_15m_long_regime_path/metadata.json INFO
[2026-01-01 01:29:41.249] 🐛 DEBUG: Metadata file exists, size: 200 bytes INFO
2026-01-01 01:29:41,249 - System.tprint - INFO - ℹ️ 🐛 DEBUG: Metadata file exists, size: 200 bytes INFO
[2026-01-01 01:29:41.250] 🐛 DEBUG: Successfully loaded metadata with 0 versions INFO
2026-01-01 01:29:41,250 - System.tprint - INFO - ℹ️ 🐛 DEBUG: Successfully loaded metadata with 0 versions INFO
[2026-01-01 01:29:41.250] 🐛 DEBUG: Found 0 versions in metadata: [] INFO
2026-01-01 01:29:41,250 - System.tprint - INFO - ℹ️ 🐛 DEBUG: Found 0 versions in metadata: [] INFO
[2026-01-01 01:29:41.250] 🐛 DEBUG: Found 0 versions in HDF5: [] INFO
2026-01-01 01:29:41,250 - System.tprint - INFO - ℹ️ 🐛 DEBUG: Found 0 versions in HDF5: [] INFO
[2026-01-01 01:29:41.250] 🐛 DEBUG: _load_metadata() checking versioned_artifacts/ETHUSDT_binance_1h_long_light/metadata.json INFO
2026-01-01 01:29:41,250 - System.tprint - INFO - ℹ️ 🐛 DEBUG: _load_metadata() checking versioned_artifacts/ETHUSDT_binance_1h_long_light/metadata.json INFO
[2026-01-01 01:29:41.250] 🐛 DEBUG: Metadata file exists, size: 139 bytes INFO
2026-01-01 01:29:41,250 - System.tprint - INFO - ℹ️ 🐛 DEBUG: Metadata file exists, size: 139 bytes INFO
[2026-01-01 01:29:41.250] 🐛 DEBUG: Successfully loaded metadata with 0 versions INFO
2026-01-01 01:29:41,250 - System.tprint - INFO - ℹ️ 🐛 DEBUG: Successfully loaded metadata with 0 versions INFO
[2026-01-01 01:29:41.250] 🐛 DEBUG: list_versions() called INFO
2026-01-01 01:29:41,250 - System.tprint - INFO - ℹ️ 🐛 DEBUG: list_versions() called INFO
[2026-01-01 01:29:41.250] 🐛 DEBUG: Metadata file exists: True INFO
2026-01-01 01:29:41,250 - System.tprint - INFO - ℹ️ 🐛 DEBUG: Metadata file exists: True INFO
[2026-01-01 01:29:41.250] 🐛 DEBUG: HDF5 file exists: True INFO
2026-01-01 01:29:41,251 - System.tprint - INFO - ℹ️ 🐛 DEBUG: HDF5 file exists: True INFO
[2026-01-01 01:29:41.251] 🐛 DEBUG: Reloading metadata to get latest versions INFO
2026-01-01 01:29:41,251 - System.tprint - INFO - ℹ️ 🐛 DEBUG: Reloading metadata to get latest versions INFO
[2026-01-01 01:29:41.251] 🐛 DEBUG: _load_metadata() checking versioned_artifacts/ETHUSDT_binance_1h_long_light/metadata.json INFO
2026-01-01 01:29:41,251 - System.tprint - INFO - ℹ️ 🐛 DEBUG: _load_metadata() checking versioned_artifacts/ETHUSDT_binance_1h_long_light/metadata.json INFO
[2026-01-01 01:29:41.251] 🐛 DEBUG: Metadata file exists, size: 139 bytes INFO
2026-01-01 01:29:41,251 - System.tprint - INFO - ℹ️ 🐛 DEBUG: Metadata file exists, size: 139 bytes INFO
[2026-01-01 01:29:41.251] 🐛 DEBUG: Successfully loaded metadata with 0 versions INFO
2026-01-01 01:29:41,251 - System.tprint - INFO - ℹ️ 🐛 DEBUG: Successfully loaded metadata with 0 versions INFO
[2026-01-01 01:29:41.251] 🐛 DEBUG: Found 0 versions in metadata: [] INFO
2026-01-01 01:29:41,251 - System.tprint - INFO - ℹ️ 🐛 DEBUG: Found 0 versions in metadata: [] INFO
[2026-01-01 01:29:41.251] 🐛 DEBUG: Found 0 versions in HDF5: [] INFO
2026-01-01 01:29:41,251 - System.tprint - INFO - ℹ️ 🐛 DEBUG: Found 0 versions in HDF5: [] INFO
[2026-01-01 01:29:41.251] 🐛 DEBUG: _load_metadata() checking versioned_artifacts/ETHUSDT_binance_15m_long_light/metadata.json INFO
2026-01-01 01:29:41,251 - System.tprint - INFO - ℹ️ 🐛 DEBUG: _load_metadata() checking versioned_artifacts/ETHUSDT_binance_15m_long_light/metadata.json INFO
[2026-01-01 01:29:41.251] 🐛 DEBUG: Metadata file exists, size: 1538 bytes INFO
2026-01-01 01:29:41,251 - System.tprint - INFO - ℹ️ 🐛 DEBUG: Metadata file exists, size: 1538 bytes INFO
[2026-01-01 01:29:41.251] 🐛 DEBUG: Successfully loaded metadata with 3 versions INFO
2026-01-01 01:29:41,252 - System.tprint - INFO - ℹ️ 🐛 DEBUG: Successfully loaded metadata with 3 versions INFO
[2026-01-01 01:29:41.252] 🐛 DEBUG: list_versions() called INFO
2026-01-01 01:29:41,252 - System.tprint - INFO - ℹ️ 🐛 DEBUG: list_versions() called INFO
[2026-01-01 01:29:41.252] 🐛 DEBUG: Metadata file exists: True INFO
2026-01-01 01:29:41,252 - System.tprint - INFO - ℹ️ 🐛 DEBUG: Metadata file exists: True INFO
[2026-01-01 01:29:41.252] 🐛 DEBUG: HDF5 file exists: True INFO
2026-01-01 01:29:41,252 - System.tprint - INFO - ℹ️ 🐛 DEBUG: HDF5 file exists: True INFO
[2026-01-01 01:29:41.252] 🐛 DEBUG: Reloading metadata to get latest versions INFO
2026-01-01 01:29:41,252 - System.tprint - INFO - ℹ️ 🐛 DEBUG: Reloading metadata to get latest versions INFO
[2026-01-01 01:29:41.252] 🐛 DEBUG: _load_metadata() checking versioned_artifacts/ETHUSDT_binance_15m_long_light/metadata.json INFO
2026-01-01 01:29:41,252 - System.tprint - INFO - ℹ️ 🐛 DEBUG: _load_metadata() checking versioned_artifacts/ETHUSDT_binance_15m_long_light/metadata.json INFO
[2026-01-01 01:29:41.252] 🐛 DEBUG: Metadata file exists, size: 1538 bytes INFO
2026-01-01 01:29:41,252 - System.tprint - INFO - ℹ️ 🐛 DEBUG: Metadata file exists, size: 1538 bytes INFO
[2026-01-01 01:29:41.252] 🐛 DEBUG: Successfully loaded metadata with 3 versions INFO
2026-01-01 01:29:41,252 - System.tprint - INFO - ℹ️ 🐛 DEBUG: Successfully loaded metadata with 3 versions INFO
[2026-01-01 01:29:41.252] 🐛 DEBUG: Found 3 versions in metadata: ['selected_features_60_20251109_191448_625', 'selected_features_50_20251109_191448_653', 'selected_features_40_20251109_191448_677'] INFO
2026-01-01 01:29:41,252 - System.tprint - INFO - ℹ️ 🐛 DEBUG: Found 3 versions in metadata: ['selected_features_60_20251109_191448_625', 'selected_features_50_20251109_191448_653', 'selected_features_40_20251109_191448_677'] INFO
[2026-01-01 01:29:41.252] 🐛 DEBUG: Found 3 versions in HDF5: ['selected_features_40_20251109_191448_677', 'selected_features_50_20251109_191448_653', 'selected_features_60_20251109_191448_625'] INFO
2026-01-01 01:29:41,252 - System.tprint - INFO - ℹ️ 🐛 DEBUG: Found 3 versions in HDF5: ['selected_features_40_20251109_191448_677', 'selected_features_50_20251109_191448_653', 'selected_features_60_20251109_191448_625'] INFO
[2026-01-01 01:29:41.253] 🐛 DEBUG: _load_metadata() checking versioned_artifacts/ETHUSDT_binance_15m_long_regime_macro_trend/metadata.json INFO
2026-01-01 01:29:41,253 - System.tprint - INFO - ℹ️ 🐛 DEBUG: _load_metadata() checking versioned_artifacts/ETHUSDT_binance_15m_long_regime_macro_trend/metadata.json INFO
[2026-01-01 01:29:41.253] 🐛 DEBUG: Metadata file exists, size: 5567 bytes INFO
2026-01-01 01:29:41,253 - System.tprint - INFO - ℹ️ 🐛 DEBUG: Metadata file exists, size: 5567 bytes INFO
[2026-01-01 01:29:41.253] 🐛 DEBUG: Successfully loaded metadata with 2 versions INFO
2026-01-01 01:29:41,253 - System.tprint - INFO - ℹ️ 🐛 DEBUG: Successfully loaded metadata with 2 versions INFO
[2026-01-01 01:29:41.253] 🐛 DEBUG: list_versions() called INFO
2026-01-01 01:29:41,253 - System.tprint - INFO - ℹ️ 🐛 DEBUG: list_versions() called INFO
[2026-01-01 01:29:41.253] 🐛 DEBUG: Metadata file exists: True INFO
2026-01-01 01:29:41,253 - System.tprint - INFO - ℹ️ 🐛 DEBUG: Metadata file exists: True INFO
[2026-01-01 01:29:41.253] 🐛 DEBUG: HDF5 file exists: True INFO
2026-01-01 01:29:41,253 - System.tprint - INFO - ℹ️ 🐛 DEBUG: HDF5 file exists: True INFO
[2026-01-01 01:29:41.253] 🐛 DEBUG: Reloading metadata to get latest versions INFO
2026-01-01 01:29:41,253 - System.tprint - INFO - ℹ️ 🐛 DEBUG: Reloading metadata to get latest versions INFO
[2026-01-01 01:29:41.253] 🐛 DEBUG: _load_metadata() checking versioned_artifacts/ETHUSDT_binance_15m_long_regime_macro_trend/metadata.json INFO
2026-01-01 01:29:41,253 - System.tprint - INFO - ℹ️ 🐛 DEBUG: _load_metadata() checking versioned_artifacts/ETHUSDT_binance_15m_long_regime_macro_trend/metadata.json INFO
[2026-01-01 01:29:41.253] 🐛 DEBUG: Metadata file exists, size: 5567 bytes INFO
2026-01-01 01:29:41,253 - System.tprint - INFO - ℹ️ 🐛 DEBUG: Metadata file exists, size: 5567 bytes INFO
[2026-01-01 01:29:41.253] 🐛 DEBUG: Successfully loaded metadata with 2 versions INFO
2026-01-01 01:29:41,254 - System.tprint - INFO - ℹ️ 🐛 DEBUG: Successfully loaded metadata with 2 versions INFO
[2026-01-01 01:29:41.253] 🐛 DEBUG: Found 2 versions in metadata: ['hmm_macro_trend_training_data_15m_20251213_170722_611', 'hmm_macro_trend_regime_stats_15m_20251213_170725_853'] INFO
2026-01-01 01:29:41,254 - System.tprint - INFO - ℹ️ 🐛 DEBUG: Found 2 versions in metadata: ['hmm_macro_trend_training_data_15m_20251213_170722_611', 'hmm_macro_trend_regime_stats_15m_20251213_170725_853'] INFO
[2026-01-01 01:29:41.254] 🐛 DEBUG: Found 2 versions in HDF5: ['hmm_macro_trend_regime_stats_15m_20251213_170725_853', 'hmm_macro_trend_training_data_15m_20251213_170722_611'] INFO
2026-01-01 01:29:41,254 - System.tprint - INFO - ℹ️ 🐛 DEBUG: Found 2 versions in HDF5: ['hmm_macro_trend_regime_stats_15m_20251213_170725_853', 'hmm_macro_trend_training_data_15m_20251213_170722_611'] INFO
[2026-01-01 01:29:41.254] 🐛 DEBUG: _load_metadata() checking versioned_artifacts/ETHUSDT_binance_1h_long_full/metadata.json INFO
2026-01-01 01:29:41,254 - System.tprint - INFO - ℹ️ 🐛 DEBUG: _load_metadata() checking versioned_artifacts/ETHUSDT_binance_1h_long_full/metadata.json INFO
[2026-01-01 01:29:41.254] 🐛 DEBUG: Metadata file exists, size: 139 bytes INFO
2026-01-01 01:29:41,254 - System.tprint - INFO - ℹ️ 🐛 DEBUG: Metadata file exists, size: 139 bytes INFO
[2026-01-01 01:29:41.254] 🐛 DEBUG: Successfully loaded metadata with 0 versions INFO
2026-01-01 01:29:41,254 - System.tprint - INFO - ℹ️ 🐛 DEBUG: Successfully loaded metadata with 0 versions INFO
[2026-01-01 01:29:41.254] 🐛 DEBUG: list_versions() called INFO
2026-01-01 01:29:41,254 - System.tprint - INFO - ℹ️ 🐛 DEBUG: list_versions() called INFO
[2026-01-01 01:29:41.254] 🐛 DEBUG: Metadata file exists: True INFO
2026-01-01 01:29:41,254 - System.tprint - INFO - ℹ️ 🐛 DEBUG: Metadata file exists: True INFO
[2026-01-01 01:29:41.254] 🐛 DEBUG: HDF5 file exists: True INFO
2026-01-01 01:29:41,255 - System.tprint - INFO - ℹ️ 🐛 DEBUG: HDF5 file exists: True INFO
[2026-01-01 01:29:41.254] 🐛 DEBUG: Reloading metadata to get latest versions INFO
2026-01-01 01:29:41,255 - System.tprint - INFO - ℹ️ 🐛 DEBUG: Reloading metadata to get latest versions INFO
[2026-01-01 01:29:41.254] 🐛 DEBUG: _load_metadata() checking versioned_artifacts/ETHUSDT_binance_1h_long_full/metadata.json INFO
2026-01-01 01:29:41,255 - System.tprint - INFO - ℹ️ 🐛 DEBUG: _load_metadata() checking versioned_artifacts/ETHUSDT_binance_1h_long_full/metadata.json INFO
[2026-01-01 01:29:41.254] 🐛 DEBUG: Metadata file exists, size: 139 bytes INFO
2026-01-01 01:29:41,255 - System.tprint - INFO - ℹ️ 🐛 DEBUG: Metadata file exists, size: 139 bytes INFO
[2026-01-01 01:29:41.254] 🐛 DEBUG: Successfully loaded metadata with 0 versions INFO
2026-01-01 01:29:41,255 - System.tprint - INFO - ℹ️ 🐛 DEBUG: Successfully loaded metadata with 0 versions INFO
[2026-01-01 01:29:41.255] 🐛 DEBUG: Found 0 versions in metadata: [] INFO
2026-01-01 01:29:41,255 - System.tprint - INFO - ℹ️ 🐛 DEBUG: Found 0 versions in metadata: [] INFO
[2026-01-01 01:29:41.255] 🐛 DEBUG: Found 0 versions in HDF5: [] INFO
2026-01-01 01:29:41,255 - System.tprint - INFO - ℹ️ 🐛 DEBUG: Found 0 versions in HDF5: [] INFO
[2026-01-01 01:29:41.255] 🐛 DEBUG: _load_metadata() checking versioned_artifacts/ETHUSDT_binance_15m_short_mean_reversion/metadata.json INFO
2026-01-01 01:29:41,255 - System.tprint - INFO - ℹ️ 🐛 DEBUG: _load_metadata() checking versioned_artifacts/ETHUSDT_binance_15m_short_mean_reversion/metadata.json INFO
[2026-01-01 01:29:41.255] 🐛 DEBUG: Metadata file exists, size: 139 bytes INFO
2026-01-01 01:29:41,255 - System.tprint - INFO - ℹ️ 🐛 DEBUG: Metadata file exists, size: 139 bytes INFO
[2026-01-01 01:29:41.255] 🐛 DEBUG: Successfully loaded metadata with 0 versions INFO
2026-01-01 01:29:41,256 - System.tprint - INFO - ℹ️ 🐛 DEBUG: Successfully loaded metadata with 0 versions INFO
[2026-01-01 01:29:41.255] 🐛 DEBUG: list_versions() called INFO
2026-01-01 01:29:41,256 - System.tprint - INFO - ℹ️ 🐛 DEBUG: list_versions() called INFO
[2026-01-01 01:29:41.255] 🐛 DEBUG: Metadata file exists: True INFO
2026-01-01 01:29:41,256 - System.tprint - INFO - ℹ️ 🐛 DEBUG: Metadata file exists: True INFO
[2026-01-01 01:29:41.255] 🐛 DEBUG: HDF5 file exists: True INFO
2026-01-01 01:29:41,256 - System.tprint - INFO - ℹ️ 🐛 DEBUG: HDF5 file exists: True INFO
[2026-01-01 01:29:41.255] 🐛 DEBUG: Reloading metadata to get latest versions INFO
2026-01-01 01:29:41,256 - System.tprint - INFO - ℹ️ 🐛 DEBUG: Reloading metadata to get latest versions INFO
[2026-01-01 01:29:41.255] 🐛 DEBUG: _load_metadata() checking versioned_artifacts/ETHUSDT_binance_15m_short_mean_reversion/metadata.json INFO
2026-01-01 01:29:41,256 - System.tprint - INFO - ℹ️ 🐛 DEBUG: _load_metadata() checking versioned_artifacts/ETHUSDT_binance_15m_short_mean_reversion/metadata.json INFO
[2026-01-01 01:29:41.256] 🐛 DEBUG: Metadata file exists, size: 139 bytes INFO
2026-01-01 01:29:41,256 - System.tprint - INFO - ℹ️ 🐛 DEBUG: Metadata file exists, size: 139 bytes INFO
[2026-01-01 01:29:41.256] 🐛 DEBUG: Successfully loaded metadata with 0 versions INFO
2026-01-01 01:29:41,256 - System.tprint - INFO - ℹ️ 🐛 DEBUG: Successfully loaded metadata with 0 versions INFO
[2026-01-01 01:29:41.256] 🐛 DEBUG: Found 0 versions in metadata: [] INFO
2026-01-01 01:29:41,256 - System.tprint - INFO - ℹ️ 🐛 DEBUG: Found 0 versions in metadata: [] INFO
[2026-01-01 01:29:41.256] 🐛 DEBUG: Found 0 versions in HDF5: [] INFO
2026-01-01 01:29:41,256 - System.tprint - INFO - ℹ️ 🐛 DEBUG: Found 0 versions in HDF5: [] INFO
[2026-01-01 01:29:41.256] 🐛 DEBUG: _load_metadata() checking versioned_artifacts/ETHUSDT_binance_15m_long_path_regime/metadata.json INFO
2026-01-01 01:29:41,257 - System.tprint - INFO - ℹ️ 🐛 DEBUG: _load_metadata() checking versioned_artifacts/ETHUSDT_binance_15m_long_path_regime/metadata.json INFO
[2026-01-01 01:29:41.256] 🐛 DEBUG: Metadata file does not exist, returning default metadata INFO
2026-01-01 01:29:41,257 - System.tprint - INFO - ℹ️ 🐛 DEBUG: Metadata file does not exist, returning default metadata INFO
[2026-01-01 01:29:41.256] 🐛 DEBUG: list_versions() called INFO
2026-01-01 01:29:41,257 - System.tprint - INFO - ℹ️ 🐛 DEBUG: list_versions() called INFO
[2026-01-01 01:29:41.256] 🐛 DEBUG: Metadata file exists: False INFO
2026-01-01 01:29:41,257 - System.tprint - INFO - ℹ️ 🐛 DEBUG: Metadata file exists: False INFO
[2026-01-01 01:29:41.256] 🐛 DEBUG: HDF5 file exists: True INFO
2026-01-01 01:29:41,257 - System.tprint - INFO - ℹ️ 🐛 DEBUG: HDF5 file exists: True INFO
[2026-01-01 01:29:41.257] 🐛 DEBUG: Reloading metadata to get latest versions INFO
2026-01-01 01:29:41,257 - System.tprint - INFO - ℹ️ 🐛 DEBUG: Reloading metadata to get latest versions INFO
[2026-01-01 01:29:41.257] 🐛 DEBUG: _load_metadata() checking versioned_artifacts/ETHUSDT_binance_15m_long_path_regime/metadata.json INFO
2026-01-01 01:29:41,257 - System.tprint - INFO - ℹ️ 🐛 DEBUG: _load_metadata() checking versioned_artifacts/ETHUSDT_binance_15m_long_path_regime/metadata.json INFO
[2026-01-01 01:29:41.257] 🐛 DEBUG: Metadata file does not exist, returning default metadata INFO
2026-01-01 01:29:41,257 - System.tprint - INFO - ℹ️ 🐛 DEBUG: Metadata file does not exist, returning default metadata INFO
[2026-01-01 01:29:41.257] 🐛 DEBUG: Found 0 versions in metadata: [] INFO
2026-01-01 01:29:41,257 - System.tprint - INFO - ℹ️ 🐛 DEBUG: Found 0 versions in metadata: [] INFO
[2026-01-01 01:29:41.257] 🐛 DEBUG: Found 0 versions in HDF5: [] INFO
2026-01-01 01:29:41,257 - System.tprint - INFO - ℹ️ 🐛 DEBUG: Found 0 versions in HDF5: [] INFO
[2026-01-01 01:29:41.257] 🐛 DEBUG: _load_metadata() checking versioned_artifacts/ETHUSDT_binance_1h_long_regime_risk_hmm/metadata.json INFO
2026-01-01 01:29:41,258 - System.tprint - INFO - ℹ️ 🐛 DEBUG: _load_metadata() checking versioned_artifacts/ETHUSDT_binance_1h_long_regime_risk_hmm/metadata.json INFO
[2026-01-01 01:29:41.257] 🐛 DEBUG: Metadata file exists, size: 139 bytes INFO
2026-01-01 01:29:41,258 - System.tprint - INFO - ℹ️ 🐛 DEBUG: Metadata file exists, size: 139 bytes INFO
[2026-01-01 01:29:41.257] 🐛 DEBUG: Successfully loaded metadata with 0 versions INFO
2026-01-01 01:29:41,258 - System.tprint - INFO - ℹ️ 🐛 DEBUG: Successfully loaded metadata with 0 versions INFO
[2026-01-01 01:29:41.257] 🐛 DEBUG: list_versions() called INFO
2026-01-01 01:29:41,258 - System.tprint - INFO - ℹ️ 🐛 DEBUG: list_versions() called INFO
[2026-01-01 01:29:41.258] 🐛 DEBUG: Metadata file exists: True INFO
2026-01-01 01:29:41,258 - System.tprint - INFO - ℹ️ 🐛 DEBUG: Metadata file exists: True INFO
[2026-01-01 01:29:41.258] 🐛 DEBUG: HDF5 file exists: True INFO
2026-01-01 01:29:41,258 - System.tprint - INFO - ℹ️ 🐛 DEBUG: HDF5 file exists: True INFO
[2026-01-01 01:29:41.258] 🐛 DEBUG: Reloading metadata to get latest versions INFO
2026-01-01 01:29:41,258 - System.tprint - INFO - ℹ️ 🐛 DEBUG: Reloading metadata to get latest versions INFO
[2026-01-01 01:29:41.258] 🐛 DEBUG: _load_metadata() checking versioned_artifacts/ETHUSDT_binance_1h_long_regime_risk_hmm/metadata.json INFO
2026-01-01 01:29:41,258 - System.tprint - INFO - ℹ️ 🐛 DEBUG: _load_metadata() checking versioned_artifacts/ETHUSDT_binance_1h_long_regime_risk_hmm/metadata.json INFO
[2026-01-01 01:29:41.258] 🐛 DEBUG: Metadata file exists, size: 139 bytes INFO
2026-01-01 01:29:41,258 - System.tprint - INFO - ℹ️ 🐛 DEBUG: Metadata file exists, size: 139 bytes INFO
[2026-01-01 01:29:41.258] 🐛 DEBUG: Successfully loaded metadata with 0 versions INFO
2026-01-01 01:29:41,258 - System.tprint - INFO - ℹ️ 🐛 DEBUG: Successfully loaded metadata with 0 versions INFO
[2026-01-01 01:29:41.258] 🐛 DEBUG: Found 0 versions in metadata: [] INFO
2026-01-01 01:29:41,258 - System.tprint - INFO - ℹ️ 🐛 DEBUG: Found 0 versions in metadata: [] INFO
[2026-01-01 01:29:41.258] 🐛 DEBUG: Found 0 versions in HDF5: [] INFO
2026-01-01 01:29:41,259 - System.tprint - INFO - ℹ️ 🐛 DEBUG: Found 0 versions in HDF5: [] INFO
[2026-01-01 01:29:41.258] 🐛 DEBUG: _load_metadata() checking versioned_artifacts/ETHUSDT_binance_1h_long_regime_risk/metadata.json INFO
2026-01-01 01:29:41,259 - System.tprint - INFO - ℹ️ 🐛 DEBUG: _load_metadata() checking versioned_artifacts/ETHUSDT_binance_1h_long_regime_risk/metadata.json INFO
[2026-01-01 01:29:41.258] 🐛 DEBUG: Metadata file exists, size: 139 bytes INFO
2026-01-01 01:29:41,259 - System.tprint - INFO - ℹ️ 🐛 DEBUG: Metadata file exists, size: 139 bytes INFO
[2026-01-01 01:29:41.259] 🐛 DEBUG: Successfully loaded metadata with 0 versions INFO
2026-01-01 01:29:41,259 - System.tprint - INFO - ℹ️ 🐛 DEBUG: Successfully loaded metadata with 0 versions INFO
[2026-01-01 01:29:41.259] 🐛 DEBUG: list_versions() called INFO
2026-01-01 01:29:41,259 - System.tprint - INFO - ℹ️ 🐛 DEBUG: list_versions() called INFO
[2026-01-01 01:29:41.259] 🐛 DEBUG: Metadata file exists: True INFO
2026-01-01 01:29:41,259 - System.tprint - INFO - ℹ️ 🐛 DEBUG: Metadata file exists: True INFO
[2026-01-01 01:29:41.259] 🐛 DEBUG: HDF5 file exists: True INFO
2026-01-01 01:29:41,259 - System.tprint - INFO - ℹ️ 🐛 DEBUG: HDF5 file exists: True INFO
[2026-01-01 01:29:41.259] 🐛 DEBUG: Reloading metadata to get latest versions INFO
2026-01-01 01:29:41,259 - System.tprint - INFO - ℹ️ 🐛 DEBUG: Reloading metadata to get latest versions INFO
[2026-01-01 01:29:41.259] 🐛 DEBUG: _load_metadata() checking versioned_artifacts/ETHUSDT_binance_1h_long_regime_risk/metadata.json INFO
2026-01-01 01:29:41,259 - System.tprint - INFO - ℹ️ 🐛 DEBUG: _load_metadata() checking versioned_artifacts/ETHUSDT_binance_1h_long_regime_risk/metadata.json INFO
[2026-01-01 01:29:41.259] 🐛 DEBUG: Metadata file exists, size: 139 bytes INFO
2026-01-01 01:29:41,260 - System.tprint - INFO - ℹ️ 🐛 DEBUG: Metadata file exists, size: 139 bytes INFO
[2026-01-01 01:29:41.259] 🐛 DEBUG: Successfully loaded metadata with 0 versions INFO
2026-01-01 01:29:41,260 - System.tprint - INFO - ℹ️ 🐛 DEBUG: Successfully loaded metadata with 0 versions INFO
[2026-01-01 01:29:41.259] 🐛 DEBUG: Found 0 versions in metadata: [] INFO
2026-01-01 01:29:41,260 - System.tprint - INFO - ℹ️ 🐛 DEBUG: Found 0 versions in metadata: [] INFO
[2026-01-01 01:29:41.259] 🐛 DEBUG: Found 0 versions in HDF5: [] INFO
2026-01-01 01:29:41,260 - System.tprint - INFO - ℹ️ 🐛 DEBUG: Found 0 versions in HDF5: [] INFO
[2026-01-01 01:29:41.260] 🐛 DEBUG: _load_metadata() checking versioned_artifacts/ETHUSDT_binance_15m_long_momentum_persistence/metadata.json INFO
2026-01-01 01:29:41,260 - System.tprint - INFO - ℹ️ 🐛 DEBUG: _load_metadata() checking versioned_artifacts/ETHUSDT_binance_15m_long_momentum_persistence/metadata.json INFO
[2026-01-01 01:29:41.260] 🐛 DEBUG: Metadata file does not exist, returning default metadata INFO
2026-01-01 01:29:41,260 - System.tprint - INFO - ℹ️ 🐛 DEBUG: Metadata file does not exist, returning default metadata INFO
[2026-01-01 01:29:41.260] 🐛 DEBUG: list_versions() called INFO
2026-01-01 01:29:41,260 - System.tprint - INFO - ℹ️ 🐛 DEBUG: list_versions() called INFO
[2026-01-01 01:29:41.260] 🐛 DEBUG: Metadata file exists: False INFO
2026-01-01 01:29:41,260 - System.tprint - INFO - ℹ️ 🐛 DEBUG: Metadata file exists: False INFO
[2026-01-01 01:29:41.260] 🐛 DEBUG: HDF5 file exists: True INFO
2026-01-01 01:29:41,260 - System.tprint - INFO - ℹ️ 🐛 DEBUG: HDF5 file exists: True INFO
[2026-01-01 01:29:41.260] 🐛 DEBUG: Reloading metadata to get latest versions INFO
2026-01-01 01:29:41,261 - System.tprint - INFO - ℹ️ 🐛 DEBUG: Reloading metadata to get latest versions INFO
[2026-01-01 01:29:41.260] 🐛 DEBUG: _load_metadata() checking versioned_artifacts/ETHUSDT_binance_15m_long_momentum_persistence/metadata.json INFO
2026-01-01 01:29:41,261 - System.tprint - INFO - ℹ️ 🐛 DEBUG: _load_metadata() checking versioned_artifacts/ETHUSDT_binance_15m_long_momentum_persistence/metadata.json INFO
[2026-01-01 01:29:41.260] 🐛 DEBUG: Metadata file does not exist, returning default metadata INFO
2026-01-01 01:29:41,261 - System.tprint - INFO - ℹ️ 🐛 DEBUG: Metadata file does not exist, returning default metadata INFO
[2026-01-01 01:29:41.260] 🐛 DEBUG: Found 0 versions in metadata: [] INFO
2026-01-01 01:29:41,261 - System.tprint - INFO - ℹ️ 🐛 DEBUG: Found 0 versions in metadata: [] INFO
[2026-01-01 01:29:41.260] 🐛 DEBUG: Found 0 versions in HDF5: [] INFO
2026-01-01 01:29:41,261 - System.tprint - INFO - ℹ️ 🐛 DEBUG: Found 0 versions in HDF5: [] INFO
[2026-01-01 01:29:41.261] 🐛 DEBUG: _load_metadata() checking versioned_artifacts/ETHUSDT_binance_1h_long_blank/metadata.json INFO
2026-01-01 01:29:41,261 - System.tprint - INFO - ℹ️ 🐛 DEBUG: _load_metadata() checking versioned_artifacts/ETHUSDT_binance_1h_long_blank/metadata.json INFO
[2026-01-01 01:29:41.261] 🐛 DEBUG: Metadata file exists, size: 139 bytes INFO
2026-01-01 01:29:41,261 - System.tprint - INFO - ℹ️ 🐛 DEBUG: Metadata file exists, size: 139 bytes INFO
[2026-01-01 01:29:41.261] 🐛 DEBUG: Successfully loaded metadata with 0 versions INFO
2026-01-01 01:29:41,261 - System.tprint - INFO - ℹ️ 🐛 DEBUG: Successfully loaded metadata with 0 versions INFO
[2026-01-01 01:29:41.261] 🐛 DEBUG: list_versions() called INFO
2026-01-01 01:29:41,261 - System.tprint - INFO - ℹ️ 🐛 DEBUG: list_versions() called INFO
[2026-01-01 01:29:41.261] 🐛 DEBUG: Metadata file exists: True INFO
2026-01-01 01:29:41,262 - System.tprint - INFO - ℹ️ 🐛 DEBUG: Metadata file exists: True INFO
[2026-01-01 01:29:41.261] 🐛 DEBUG: HDF5 file exists: True INFO
2026-01-01 01:29:41,262 - System.tprint - INFO - ℹ️ 🐛 DEBUG: HDF5 file exists: True INFO
[2026-01-01 01:29:41.261] 🐛 DEBUG: Reloading metadata to get latest versions INFO
2026-01-01 01:29:41,262 - System.tprint - INFO - ℹ️ 🐛 DEBUG: Reloading metadata to get latest versions INFO
[2026-01-01 01:29:41.261] 🐛 DEBUG: _load_metadata() checking versioned_artifacts/ETHUSDT_binance_1h_long_blank/metadata.json INFO
2026-01-01 01:29:41,262 - System.tprint - INFO - ℹ️ 🐛 DEBUG: _load_metadata() checking versioned_artifacts/ETHUSDT_binance_1h_long_blank/metadata.json INFO
[2026-01-01 01:29:41.261] 🐛 DEBUG: Metadata file exists, size: 139 bytes INFO
2026-01-01 01:29:41,262 - System.tprint - INFO - ℹ️ 🐛 DEBUG: Metadata file exists, size: 139 bytes INFO
[2026-01-01 01:29:41.261] 🐛 DEBUG: Successfully loaded metadata with 0 versions INFO
2026-01-01 01:29:41,262 - System.tprint - INFO - ℹ️ 🐛 DEBUG: Successfully loaded metadata with 0 versions INFO
[2026-01-01 01:29:41.261] 🐛 DEBUG: Found 0 versions in metadata: [] INFO
2026-01-01 01:29:41,262 - System.tprint - INFO - ℹ️ 🐛 DEBUG: Found 0 versions in metadata: [] INFO
[2026-01-01 01:29:41.261] 🐛 DEBUG: Found 0 versions in HDF5: [] INFO
2026-01-01 01:29:41,262 - System.tprint - INFO - ℹ️ 🐛 DEBUG: Found 0 versions in HDF5: [] INFO
[2026-01-01 01:29:41.262] 🐛 DEBUG: _load_metadata() checking versioned_artifacts/ETHUSDT_binance_15m_long_regime_mr_trend/metadata.json INFO
2026-01-01 01:29:41,262 - System.tprint - INFO - ℹ️ 🐛 DEBUG: _load_metadata() checking versioned_artifacts/ETHUSDT_binance_15m_long_regime_mr_trend/metadata.json INFO
[2026-01-01 01:29:41.262] 🐛 DEBUG: Metadata file exists, size: 139 bytes INFO
2026-01-01 01:29:41,263 - System.tprint - INFO - ℹ️ 🐛 DEBUG: Metadata file exists, size: 139 bytes INFO
[2026-01-01 01:29:41.262] 🐛 DEBUG: Successfully loaded metadata with 0 versions INFO
2026-01-01 01:29:41,263 - System.tprint - INFO - ℹ️ 🐛 DEBUG: Successfully loaded metadata with 0 versions INFO
[2026-01-01 01:29:41.262] 🐛 DEBUG: list_versions() called INFO
2026-01-01 01:29:41,263 - System.tprint - INFO - ℹ️ 🐛 DEBUG: list_versions() called INFO
[2026-01-01 01:29:41.262] 🐛 DEBUG: Metadata file exists: True INFO
2026-01-01 01:29:41,263 - System.tprint - INFO - ℹ️ 🐛 DEBUG: Metadata file exists: True INFO
[2026-01-01 01:29:41.262] 🐛 DEBUG: HDF5 file exists: True INFO
2026-01-01 01:29:41,263 - System.tprint - INFO - ℹ️ 🐛 DEBUG: HDF5 file exists: True INFO
[2026-01-01 01:29:41.262] 🐛 DEBUG: Reloading metadata to get latest versions INFO
2026-01-01 01:29:41,263 - System.tprint - INFO - ℹ️ 🐛 DEBUG: Reloading metadata to get latest versions INFO
[2026-01-01 01:29:41.262] 🐛 DEBUG: _load_metadata() checking versioned_artifacts/ETHUSDT_binance_15m_long_regime_mr_trend/metadata.json INFO
2026-01-01 01:29:41,263 - System.tprint - INFO - ℹ️ 🐛 DEBUG: _load_metadata() checking versioned_artifacts/ETHUSDT_binance_15m_long_regime_mr_trend/metadata.json INFO
[2026-01-01 01:29:41.262] 🐛 DEBUG: Metadata file exists, size: 139 bytes INFO
2026-01-01 01:29:41,263 - System.tprint - INFO - ℹ️ 🐛 DEBUG: Metadata file exists, size: 139 bytes INFO
[2026-01-01 01:29:41.262] 🐛 DEBUG: Successfully loaded metadata with 0 versions INFO
2026-01-01 01:29:41,263 - System.tprint - INFO - ℹ️ 🐛 DEBUG: Successfully loaded metadata with 0 versions INFO
[2026-01-01 01:29:41.262] 🐛 DEBUG: Found 0 versions in metadata: [] INFO
2026-01-01 01:29:41,263 - System.tprint - INFO - ℹ️ 🐛 DEBUG: Found 0 versions in metadata: [] INFO
[2026-01-01 01:29:41.262] 🐛 DEBUG: Found 0 versions in HDF5: [] INFO
2026-01-01 01:29:41,263 - System.tprint - INFO - ℹ️ 🐛 DEBUG: Found 0 versions in HDF5: [] INFO
[2026-01-01 01:29:41.264] 🐛 DEBUG: _load_metadata() checking versioned_artifacts/ETHUSDT_binance_15m_long_regime_risk_hmm/metadata.json INFO
2026-01-01 01:29:41,264 - System.tprint - INFO - ℹ️ 🐛 DEBUG: _load_metadata() checking versioned_artifacts/ETHUSDT_binance_15m_long_regime_risk_hmm/metadata.json INFO
[2026-01-01 01:29:41.264] 🐛 DEBUG: Metadata file exists, size: 1035 bytes INFO
2026-01-01 01:29:41,264 - System.tprint - INFO - ℹ️ 🐛 DEBUG: Metadata file exists, size: 1035 bytes INFO
[2026-01-01 01:29:41.264] 🐛 DEBUG: Successfully loaded metadata with 1 versions INFO
2026-01-01 01:29:41,264 - System.tprint - INFO - ℹ️ 🐛 DEBUG: Successfully loaded metadata with 1 versions INFO
[2026-01-01 01:29:41.264] 🐛 DEBUG: list_versions() called INFO
2026-01-01 01:29:41,264 - System.tprint - INFO - ℹ️ 🐛 DEBUG: list_versions() called INFO
[2026-01-01 01:29:41.264] 🐛 DEBUG: Metadata file exists: True INFO
2026-01-01 01:29:41,264 - System.tprint - INFO - ℹ️ 🐛 DEBUG: Metadata file exists: True INFO
[2026-01-01 01:29:41.264] 🐛 DEBUG: HDF5 file exists: True INFO
2026-01-01 01:29:41,264 - System.tprint - INFO - ℹ️ 🐛 DEBUG: HDF5 file exists: True INFO
[2026-01-01 01:29:41.264] 🐛 DEBUG: Reloading metadata to get latest versions INFO
2026-01-01 01:29:41,264 - System.tprint - INFO - ℹ️ 🐛 DEBUG: Reloading metadata to get latest versions INFO
[2026-01-01 01:29:41.264] 🐛 DEBUG: _load_metadata() checking versioned_artifacts/ETHUSDT_binance_15m_long_regime_risk_hmm/metadata.json INFO
2026-01-01 01:29:41,264 - System.tprint - INFO - ℹ️ 🐛 DEBUG: _load_metadata() checking versioned_artifacts/ETHUSDT_binance_15m_long_regime_risk_hmm/metadata.json INFO
[2026-01-01 01:29:41.264] 🐛 DEBUG: Metadata file exists, size: 1035 bytes INFO
2026-01-01 01:29:41,264 - System.tprint - INFO - ℹ️ 🐛 DEBUG: Metadata file exists, size: 1035 bytes INFO
[2026-01-01 01:29:41.264] 🐛 DEBUG: Successfully loaded metadata with 1 versions INFO
2026-01-01 01:29:41,264 - System.tprint - INFO - ℹ️ 🐛 DEBUG: Successfully loaded metadata with 1 versions INFO
[2026-01-01 01:29:41.264] 🐛 DEBUG: Found 1 versions in metadata: ['ml_risk_hmm_training_data_15m_20251205_191725_560'] INFO
2026-01-01 01:29:41,264 - System.tprint - INFO - ℹ️ 🐛 DEBUG: Found 1 versions in metadata: ['ml_risk_hmm_training_data_15m_20251205_191725_560'] INFO
[2026-01-01 01:29:41.264] 🐛 DEBUG: Found 1 versions in HDF5: ['ml_risk_hmm_training_data_15m_20251205_191725_560'] INFO
2026-01-01 01:29:41,265 - System.tprint - INFO - ℹ️ 🐛 DEBUG: Found 1 versions in HDF5: ['ml_risk_hmm_training_data_15m_20251205_191725_560'] INFO
[2026-01-01 01:29:41.265] 🐛 DEBUG: _load_metadata() checking versioned_artifacts/ETHUSDT_binance_15m_long_analyst/metadata.json INFO
2026-01-01 01:29:41,265 - System.tprint - INFO - ℹ️ 🐛 DEBUG: _load_metadata() checking versioned_artifacts/ETHUSDT_binance_15m_long_analyst/metadata.json INFO
[2026-01-01 01:29:41.265] 🐛 DEBUG: Metadata file exists, size: 24005 bytes INFO
2026-01-01 01:29:41,265 - System.tprint - INFO - ℹ️ 🐛 DEBUG: Metadata file exists, size: 24005 bytes INFO
[2026-01-01 01:29:41.265] 🐛 DEBUG: Successfully loaded metadata with 8 versions INFO
2026-01-01 01:29:41,265 - System.tprint - INFO - ℹ️ 🐛 DEBUG: Successfully loaded metadata with 8 versions INFO
[2026-01-01 01:29:41.265] 🐛 DEBUG: list_versions() called INFO
2026-01-01 01:29:41,265 - System.tprint - INFO - ℹ️ 🐛 DEBUG: list_versions() called INFO
[2026-01-01 01:29:41.265] 🐛 DEBUG: Metadata file exists: True INFO
2026-01-01 01:29:41,265 - System.tprint - INFO - ℹ️ 🐛 DEBUG: Metadata file exists: True INFO
[2026-01-01 01:29:41.265] 🐛 DEBUG: HDF5 file exists: True INFO
2026-01-01 01:29:41,265 - System.tprint - INFO - ℹ️ 🐛 DEBUG: HDF5 file exists: True INFO
[2026-01-01 01:29:41.265] 🐛 DEBUG: Reloading metadata to get latest versions INFO
2026-01-01 01:29:41,265 - System.tprint - INFO - ℹ️ 🐛 DEBUG: Reloading metadata to get latest versions INFO
[2026-01-01 01:29:41.265] 🐛 DEBUG: _load_metadata() checking versioned_artifacts/ETHUSDT_binance_15m_long_analyst/metadata.json INFO
2026-01-01 01:29:41,266 - System.tprint - INFO - ℹ️ 🐛 DEBUG: _load_metadata() checking versioned_artifacts/ETHUSDT_binance_15m_long_analyst/metadata.json INFO
[2026-01-01 01:29:41.265] 🐛 DEBUG: Metadata file exists, size: 24005 bytes INFO
2026-01-01 01:29:41,266 - System.tprint - INFO - ℹ️ 🐛 DEBUG: Metadata file exists, size: 24005 bytes INFO
[2026-01-01 01:29:41.265] 🐛 DEBUG: Successfully loaded metadata with 8 versions INFO
2026-01-01 01:29:41,266 - System.tprint - INFO - ℹ️ 🐛 DEBUG: Successfully loaded metadata with 8 versions INFO
[2026-01-01 01:29:41.265] 🐛 DEBUG: Found 8 versions in metadata: ['weighted_meta_model_training_matrix_ETHUSDT_binance_15m_long_20251214_184321_623', 'labeled_data_ETHUSDT_binance_15m_long_20251214_220950_753', 'labeled_data_ETHUSDT_binance_15m_long_20251214_224631_542', 'labeled_data_ETHUSDT_binance_15m_long_20251214_233640_586', 'labeled_data_ETHUSDT_binance_15m_long_20251214_235041_562', 'labeled_data_ETHUSDT_15m_20251219_235959_715', 'labeled_data_ETHUSDT_15m_20251220_000301_152', 'labeled_data_ETHUSDT_15m_20251220_000738_204'] INFO
2026-01-01 01:29:41,266 - System.tprint - INFO - ℹ️ 🐛 DEBUG: Found 8 versions in metadata: ['weighted_meta_model_training_matrix_ETHUSDT_binance_15m_long_20251214_184321_623', 'labeled_data_ETHUSDT_binance_15m_long_20251214_220950_753', 'labeled_data_ETHUSDT_binance_15m_long_20251214_224631_542', 'labeled_data_ETHUSDT_binance_15m_long_20251214_233640_586', 'labeled_data_ETHUSDT_binance_15m_long_20251214_235041_562', 'labeled_data_ETHUSDT_15m_20251219_235959_715', 'labeled_data_ETHUSDT_15m_20251220_000301_152', 'labeled_data_ETHUSDT_15m_20251220_000738_204'] INFO
[2026-01-01 01:29:41.266] 🐛 DEBUG: Found 8 versions in HDF5: ['labeled_data_ETHUSDT_15m_20251219_235959_715', 'labeled_data_ETHUSDT_15m_20251220_000301_152', 'labeled_data_ETHUSDT_15m_20251220_000738_204', 'labeled_data_ETHUSDT_binance_15m_long_20251214_220950_753', 'labeled_data_ETHUSDT_binance_15m_long_20251214_224631_542', 'labeled_data_ETHUSDT_binance_15m_long_20251214_233640_586', 'labeled_data_ETHUSDT_binance_15m_long_20251214_235041_562', 'weighted_meta_model_training_matrix_ETHUSDT_binance_15m_long_20251214_184321_623'] INFO
2026-01-01 01:29:41,266 - System.tprint - INFO - ℹ️ 🐛 DEBUG: Found 8 versions in HDF5: ['labeled_data_ETHUSDT_15m_20251219_235959_715', 'labeled_data_ETHUSDT_15m_20251220_000301_152', 'labeled_data_ETHUSDT_15m_20251220_000738_204', 'labeled_data_ETHUSDT_binance_15m_long_20251214_220950_753', 'labeled_data_ETHUSDT_binance_15m_long_20251214_224631_542', 'labeled_data_ETHUSDT_binance_15m_long_20251214_233640_586', 'labeled_data_ETHUSDT_binance_15m_long_20251214_235041_562', 'weighted_meta_model_training_matrix_ETHUSDT_binance_15m_long_20251214_184321_623'] INFO
[2026-01-01 01:29:41.266] 🐛 DEBUG: _load_metadata() checking versioned_artifacts/ETHUSDT_binance_1h_long_regime_macro_trend/metadata.json INFO
2026-01-01 01:29:41,266 - System.tprint - INFO - ℹ️ 🐛 DEBUG: _load_metadata() checking versioned_artifacts/ETHUSDT_binance_1h_long_regime_macro_trend/metadata.json INFO
[2026-01-01 01:29:41.266] 🐛 DEBUG: Metadata file exists, size: 17432 bytes INFO
2026-01-01 01:29:41,267 - System.tprint - INFO - ℹ️ 🐛 DEBUG: Metadata file exists, size: 17432 bytes INFO
[2026-01-01 01:29:41.266] 🐛 DEBUG: Successfully loaded metadata with 5 versions INFO
2026-01-01 01:29:41,267 - System.tprint - INFO - ℹ️ 🐛 DEBUG: Successfully loaded metadata with 5 versions INFO
[2026-01-01 01:29:41.266] 🐛 DEBUG: list_versions() called INFO
2026-01-01 01:29:41,267 - System.tprint - INFO - ℹ️ 🐛 DEBUG: list_versions() called INFO
[2026-01-01 01:29:41.266] 🐛 DEBUG: Metadata file exists: True INFO
2026-01-01 01:29:41,267 - System.tprint - INFO - ℹ️ 🐛 DEBUG: Metadata file exists: True INFO
[2026-01-01 01:29:41.266] 🐛 DEBUG: HDF5 file exists: True INFO
2026-01-01 01:29:41,267 - System.tprint - INFO - ℹ️ 🐛 DEBUG: HDF5 file exists: True INFO
[2026-01-01 01:29:41.266] 🐛 DEBUG: Reloading metadata to get latest versions INFO
2026-01-01 01:29:41,267 - System.tprint - INFO - ℹ️ 🐛 DEBUG: Reloading metadata to get latest versions INFO
[2026-01-01 01:29:41.266] 🐛 DEBUG: _load_metadata() checking versioned_artifacts/ETHUSDT_binance_1h_long_regime_macro_trend/metadata.json INFO
2026-01-01 01:29:41,267 - System.tprint - INFO - ℹ️ 🐛 DEBUG: _load_metadata() checking versioned_artifacts/ETHUSDT_binance_1h_long_regime_macro_trend/metadata.json INFO
[2026-01-01 01:29:41.266] 🐛 DEBUG: Metadata file exists, size: 17432 bytes INFO
2026-01-01 01:29:41,267 - System.tprint - INFO - ℹ️ 🐛 DEBUG: Metadata file exists, size: 17432 bytes INFO
[2026-01-01 01:29:41.267] 🐛 DEBUG: Successfully loaded metadata with 5 versions INFO
2026-01-01 01:29:41,267 - System.tprint - INFO - ℹ️ 🐛 DEBUG: Successfully loaded metadata with 5 versions INFO
[2026-01-01 01:29:41.267] 🐛 DEBUG: Found 5 versions in metadata: ['hmm_macro_trend_regime_quality_1h_20251204_224507_427', 'hmm_macro_trend_regime_quality_1h_20251204_225044_960', 'hmm_macro_trend_regime_quality_1h_20251205_183537_791', 'hmm_macro_trend_regime_quality_1h_20251205_191709_242', 'hmm_macro_trend_regime_quality_1h_20251213_170722_488'] INFO
2026-01-01 01:29:41,267 - System.tprint - INFO - ℹ️ 🐛 DEBUG: Found 5 versions in metadata: ['hmm_macro_trend_regime_quality_1h_20251204_224507_427', 'hmm_macro_trend_regime_quality_1h_20251204_225044_960', 'hmm_macro_trend_regime_quality_1h_20251205_183537_791', 'hmm_macro_trend_regime_quality_1h_20251205_191709_242', 'hmm_macro_trend_regime_quality_1h_20251213_170722_488'] INFO
[2026-01-01 01:29:41.267] 🐛 DEBUG: Found 5 versions in HDF5: ['hmm_macro_trend_regime_quality_1h_20251204_224507_427', 'hmm_macro_trend_regime_quality_1h_20251204_225044_960', 'hmm_macro_trend_regime_quality_1h_20251205_183537_791', 'hmm_macro_trend_regime_quality_1h_20251205_191709_242', 'hmm_macro_trend_regime_quality_1h_20251213_170722_488'] INFO
2026-01-01 01:29:41,268 - System.tprint - INFO - ℹ️ 🐛 DEBUG: Found 5 versions in HDF5: ['hmm_macro_trend_regime_quality_1h_20251204_224507_427', 'hmm_macro_trend_regime_quality_1h_20251204_225044_960', 'hmm_macro_trend_regime_quality_1h_20251205_183537_791', 'hmm_macro_trend_regime_quality_1h_20251205_191709_242', 'hmm_macro_trend_regime_quality_1h_20251213_170722_488'] INFO
[2026-01-01 01:29:41.267] 🐛 DEBUG: _load_metadata() checking versioned_artifacts/ETHUSDT_binance_1h_long_regime/metadata.json INFO
2026-01-01 01:29:41,268 - System.tprint - INFO - ℹ️ 🐛 DEBUG: _load_metadata() checking versioned_artifacts/ETHUSDT_binance_1h_long_regime/metadata.json INFO
[2026-01-01 01:29:41.267] 🐛 DEBUG: Metadata file exists, size: 3249 bytes INFO
2026-01-01 01:29:41,268 - System.tprint - INFO - ℹ️ 🐛 DEBUG: Metadata file exists, size: 3249 bytes INFO
[2026-01-01 01:29:41.267] 🐛 DEBUG: Successfully loaded metadata with 5 versions INFO
2026-01-01 01:29:41,268 - System.tprint - INFO - ℹ️ 🐛 DEBUG: Successfully loaded metadata with 5 versions INFO
[2026-01-01 01:29:41.267] 🐛 DEBUG: list_versions() called INFO
2026-01-01 01:29:41,268 - System.tprint - INFO - ℹ️ 🐛 DEBUG: list_versions() called INFO
[2026-01-01 01:29:41.267] 🐛 DEBUG: Metadata file exists: True INFO
2026-01-01 01:29:41,268 - System.tprint - INFO - ℹ️ 🐛 DEBUG: Metadata file exists: True INFO
[2026-01-01 01:29:41.268] 🐛 DEBUG: HDF5 file exists: True INFO
2026-01-01 01:29:41,268 - System.tprint - INFO - ℹ️ 🐛 DEBUG: HDF5 file exists: True INFO
[2026-01-01 01:29:41.268] 🐛 DEBUG: Reloading metadata to get latest versions INFO
2026-01-01 01:29:41,268 - System.tprint - INFO - ℹ️ 🐛 DEBUG: Reloading metadata to get latest versions INFO
[2026-01-01 01:29:41.268] 🐛 DEBUG: _load_metadata() checking versioned_artifacts/ETHUSDT_binance_1h_long_regime/metadata.json INFO
2026-01-01 01:29:41,268 - System.tprint - INFO - ℹ️ 🐛 DEBUG: _load_metadata() checking versioned_artifacts/ETHUSDT_binance_1h_long_regime/metadata.json INFO
[2026-01-01 01:29:41.268] 🐛 DEBUG: Metadata file exists, size: 3249 bytes INFO
2026-01-01 01:29:41,268 - System.tprint - INFO - ℹ️ 🐛 DEBUG: Metadata file exists, size: 3249 bytes INFO
[2026-01-01 01:29:41.268] 🐛 DEBUG: Successfully loaded metadata with 5 versions INFO
2026-01-01 01:29:41,269 - System.tprint - INFO - ℹ️ 🐛 DEBUG: Successfully loaded metadata with 5 versions INFO
[2026-01-01 01:29:41.268] 🐛 DEBUG: Found 5 versions in metadata: ['rolling_hmm_regime_confidence_features_20251122_003448_094', 'rolling_hmm_economic_features_20251122_003448_124', 'rolling_hmm_regime_labels_20251122_003448_165', 'rolling_hmm_regime_probabilities_20251122_003448_178', 'rolling_hmm_transition_matrix_20251122_003448_193'] INFO
2026-01-01 01:29:41,269 - System.tprint - INFO - ℹ️ 🐛 DEBUG: Found 5 versions in metadata: ['rolling_hmm_regime_confidence_features_20251122_003448_094', 'rolling_hmm_economic_features_20251122_003448_124', 'rolling_hmm_regime_labels_20251122_003448_165', 'rolling_hmm_regime_probabilities_20251122_003448_178', 'rolling_hmm_transition_matrix_20251122_003448_193'] INFO
[2026-01-01 01:29:41.268] 🐛 DEBUG: Found 5 versions in HDF5: ['rolling_hmm_economic_features_20251122_003448_124', 'rolling_hmm_regime_confidence_features_20251122_003448_094', 'rolling_hmm_regime_labels_20251122_003448_165', 'rolling_hmm_regime_probabilities_20251122_003448_178', 'rolling_hmm_transition_matrix_20251122_003448_193'] INFO
2026-01-01 01:29:41,269 - System.tprint - INFO - ℹ️ 🐛 DEBUG: Found 5 versions in HDF5: ['rolling_hmm_economic_features_20251122_003448_124', 'rolling_hmm_regime_confidence_features_20251122_003448_094', 'rolling_hmm_regime_labels_20251122_003448_165', 'rolling_hmm_regime_probabilities_20251122_003448_178', 'rolling_hmm_transition_matrix_20251122_003448_193'] INFO
[2026-01-01 01:29:41.268] 🐛 DEBUG: _load_metadata() checking versioned_artifacts/ETHUSDT_binance_15m_long_blank/metadata.json INFO
2026-01-01 01:29:41,269 - System.tprint - INFO - ℹ️ 🐛 DEBUG: _load_metadata() checking versioned_artifacts/ETHUSDT_binance_15m_long_blank/metadata.json INFO
[2026-01-01 01:29:41.269] 🐛 DEBUG: Metadata file exists, size: 139 bytes INFO
2026-01-01 01:29:41,269 - System.tprint - INFO - ℹ️ 🐛 DEBUG: Metadata file exists, size: 139 bytes INFO
[2026-01-01 01:29:41.269] 🐛 DEBUG: Successfully loaded metadata with 0 versions INFO
2026-01-01 01:29:41,269 - System.tprint - INFO - ℹ️ 🐛 DEBUG: Successfully loaded metadata with 0 versions INFO
[2026-01-01 01:29:41.269] 🐛 DEBUG: list_versions() called INFO
2026-01-01 01:29:41,269 - System.tprint - INFO - ℹ️ 🐛 DEBUG: list_versions() called INFO
[2026-01-01 01:29:41.269] 🐛 DEBUG: Metadata file exists: True INFO
2026-01-01 01:29:41,270 - System.tprint - INFO - ℹ️ 🐛 DEBUG: Metadata file exists: True INFO
[2026-01-01 01:29:41.269] 🐛 DEBUG: HDF5 file exists: True INFO
2026-01-01 01:29:41,270 - System.tprint - INFO - ℹ️ 🐛 DEBUG: HDF5 file exists: True INFO
[2026-01-01 01:29:41.269] 🐛 DEBUG: Reloading metadata to get latest versions INFO
2026-01-01 01:29:41,270 - System.tprint - INFO - ℹ️ 🐛 DEBUG: Reloading metadata to get latest versions INFO
[2026-01-01 01:29:41.269] 🐛 DEBUG: _load_metadata() checking versioned_artifacts/ETHUSDT_binance_15m_long_blank/metadata.json INFO
2026-01-01 01:29:41,270 - System.tprint - INFO - ℹ️ 🐛 DEBUG: _load_metadata() checking versioned_artifacts/ETHUSDT_binance_15m_long_blank/metadata.json INFO
[2026-01-01 01:29:41.269] 🐛 DEBUG: Metadata file exists, size: 139 bytes INFO
2026-01-01 01:29:41,270 - System.tprint - INFO - ℹ️ 🐛 DEBUG: Metadata file exists, size: 139 bytes INFO
[2026-01-01 01:29:41.269] 🐛 DEBUG: Successfully loaded metadata with 0 versions INFO
2026-01-01 01:29:41,270 - System.tprint - INFO - ℹ️ 🐛 DEBUG: Successfully loaded metadata with 0 versions INFO
[2026-01-01 01:29:41.269] 🐛 DEBUG: Found 0 versions in metadata: [] INFO
2026-01-01 01:29:41,270 - System.tprint - INFO - ℹ️ 🐛 DEBUG: Found 0 versions in metadata: [] INFO
[2026-01-01 01:29:41.269] 🐛 DEBUG: Found 0 versions in HDF5: [] INFO
2026-01-01 01:29:41,270 - System.tprint - INFO - ℹ️ 🐛 DEBUG: Found 0 versions in HDF5: [] INFO
[2026-01-01 01:29:41.270] 🐛 DEBUG: _load_metadata() checking versioned_artifacts/ETHUSDT_binance_15m_long_regime_alpha/metadata.json INFO
2026-01-01 01:29:41,270 - System.tprint - INFO - ℹ️ 🐛 DEBUG: _load_metadata() checking versioned_artifacts/ETHUSDT_binance_15m_long_regime_alpha/metadata.json INFO
[2026-01-01 01:29:41.270] 🐛 DEBUG: Metadata file exists, size: 139 bytes INFO
2026-01-01 01:29:41,271 - System.tprint - INFO - ℹ️ 🐛 DEBUG: Metadata file exists, size: 139 bytes INFO
[2026-01-01 01:29:41.270] 🐛 DEBUG: Successfully loaded metadata with 0 versions INFO
2026-01-01 01:29:41,271 - System.tprint - INFO - ℹ️ 🐛 DEBUG: Successfully loaded metadata with 0 versions INFO
[2026-01-01 01:29:41.270] 🐛 DEBUG: list_versions() called INFO
2026-01-01 01:29:41,271 - System.tprint - INFO - ℹ️ 🐛 DEBUG: list_versions() called INFO
[2026-01-01 01:29:41.270] 🐛 DEBUG: Metadata file exists: True INFO
2026-01-01 01:29:41,271 - System.tprint - INFO - ℹ️ 🐛 DEBUG: Metadata file exists: True INFO
[2026-01-01 01:29:41.270] 🐛 DEBUG: HDF5 file exists: True INFO
2026-01-01 01:29:41,271 - System.tprint - INFO - ℹ️ 🐛 DEBUG: HDF5 file exists: True INFO
[2026-01-01 01:29:41.270] 🐛 DEBUG: Reloading metadata to get latest versions INFO
2026-01-01 01:29:41,271 - System.tprint - INFO - ℹ️ 🐛 DEBUG: Reloading metadata to get latest versions INFO
[2026-01-01 01:29:41.270] 🐛 DEBUG: _load_metadata() checking versioned_artifacts/ETHUSDT_binance_15m_long_regime_alpha/metadata.json INFO
2026-01-01 01:29:41,271 - System.tprint - INFO - ℹ️ 🐛 DEBUG: _load_metadata() checking versioned_artifacts/ETHUSDT_binance_15m_long_regime_alpha/metadata.json INFO
[2026-01-01 01:29:41.270] 🐛 DEBUG: Metadata file exists, size: 139 bytes INFO
2026-01-01 01:29:41,271 - System.tprint - INFO - ℹ️ 🐛 DEBUG: Metadata file exists, size: 139 bytes INFO
[2026-01-01 01:29:41.270] 🐛 DEBUG: Successfully loaded metadata with 0 versions INFO
2026-01-01 01:29:41,271 - System.tprint - INFO - ℹ️ 🐛 DEBUG: Successfully loaded metadata with 0 versions INFO
[2026-01-01 01:29:41.270] 🐛 DEBUG: Found 0 versions in metadata: [] INFO
2026-01-01 01:29:41,271 - System.tprint - INFO - ℹ️ 🐛 DEBUG: Found 0 versions in metadata: [] INFO
[2026-01-01 01:29:41.270] 🐛 DEBUG: Found 0 versions in HDF5: [] INFO
2026-01-01 01:29:41,271 - System.tprint - INFO - ℹ️ 🐛 DEBUG: Found 0 versions in HDF5: [] INFO
2026-01-01 01:29:41,272 - System.ArtifactManager - WARNING - ⚠️ Artifact not found: ohlcv_data
2026-01-01 01:29:41,272 - System.ArtifactManager - INFO - ℹ️ 📁 Context set: step=meta_labeling_hpo_sample_weighted, symbol=None, exchange=None, timeframe=None, datetime=2026-01-01 01:29:41.055129, information=None, direction=long, model=Analyst
[2026-01-01 01:29:41.272] ⚠️ Artifact 'ohlcv_data' not found in any storage | UNKNOWN/binance [15m] long/analyst
2026-01-01 01:29:41,272 - System.tprint - INFO - ℹ️ ⚠️ Artifact 'ohlcv_data' not found in any storage | UNKNOWN/binance [15m] long/analyst
2026-01-01 01:29:41,272 - System.ArtifactManager - INFO - ℹ️ 📁 Context set: step=meta_labeling_hpo_sample_weighted, symbol=None, exchange=None, timeframe=None, datetime=2026-01-01 01:29:41.055129, information=None, direction=long, model=Analyst
[2026-01-01 01:29:41.272] 📥 BASESTEP historical load: symbol=ETHUSDT, exchange=binance, timeframe=15m, execution_mode=full, start_date=2024-01-01, end_date=2024-12-31 INFO
2026-01-01 01:29:41,272 - System.tprint - INFO - ℹ️ 📥 BASESTEP historical load: symbol=ETHUSDT, exchange=binance, timeframe=15m, execution_mode=full, start_date=2024-01-01, end_date=2024-12-31 INFO
2026-01-01 01:29:41,273 - System.KlinesParquetManager - INFO - ℹ️ ✅ KlinesParquetManager initialized with base_dir: historical_data
[2026-01-01 01:29:41.276] 📁 BASESTEP probe: 51 files for ETHUSDT 15m (sample: historical_data/binance/ethusdt/processed/ethusdt_15m/year=2021/month=10/3b08e855a9c24b019d7c633963954045-0.parquet ... historical_data/binance/ethusdt/processed/ethusdt_15m/year=2025/month=9/3b08e855a9c24b019d7c633963954045-0.parquet) INFO
2026-01-01 01:29:41,276 - System.tprint - INFO - ℹ️ 📁 BASESTEP probe: 51 files for ETHUSDT 15m (sample: historical_data/binance/ethusdt/processed/ethusdt_15m/year=2021/month=10/3b08e855a9c24b019d7c633963954045-0.parquet ... historical_data/binance/ethusdt/processed/ethusdt_15m/year=2025/month=9/3b08e855a9c24b019d7c633963954045-0.parquet) INFO
[2026-01-01 01:29:41.276] 📊 load_market_data_or_fail post-historical: type=None, rows=NA INFO
2026-01-01 01:29:41,276 - System.tprint - INFO - ℹ️ 📊 load_market_data_or_fail post-historical: type=None, rows=NA INFO
2026-01-01 01:29:41,276 - System.KlinesParquetManager - INFO - ℹ️ ✅ KlinesParquetManager initialized with base_dir: historical_data
[2026-01-01 01:29:41.276] 🐛 DEBUG [load_klines]: last_n_days=1095, start_time=None, end_time=None INFO
2026-01-01 01:29:41,276 - System.tprint - INFO - ℹ️ 🐛 DEBUG [load_klines]: last_n_days=1095, start_time=None, end_time=None INFO
[2026-01-01 01:29:41.278] 🐛 DEBUG [KlinesParquetManager]: Loading 51 parquet files INFO
2026-01-01 01:29:41,278 - System.tprint - INFO - ℹ️ 🐛 DEBUG [KlinesParquetManager]: Loading 51 parquet files INFO
2026-01-01 01:29:41,398 - System.ParquetUtils - INFO - ℹ️ ✅ Read parquet: 3b08e855a9c24b019d7c633963954045-0.parquet -> (104, 9)
[2026-01-01 01:29:41.398] 🐛 DEBUG [KlinesParquetManager]: File 1/51: historical_data/binance/ethusdt/processed/ethusdt_15m/year=2021/month=10/3b08e855a9c24b019d7c633963954045-0.parquet - 104 rows, span=(2021-10-30 22:00:00, 2021-10-31 23:45:00) INFO
2026-01-01 01:29:41,398 - System.tprint - INFO - ℹ️ 🐛 DEBUG [KlinesParquetManager]: File 1/51: historical_data/binance/ethusdt/processed/ethusdt_15m/year=2021/month=10/3b08e855a9c24b019d7c633963954045-0.parquet - 104 rows, span=(2021-10-30 22:00:00, 2021-10-31 23:45:00) INFO
2026-01-01 01:29:41,400 - System.ParquetUtils - INFO - ℹ️ ✅ Read parquet: 3b08e855a9c24b019d7c633963954045-0.parquet -> (2880, 9)
[2026-01-01 01:29:41.400] 🐛 DEBUG [KlinesParquetManager]: File 2/51: historical_data/binance/ethusdt/processed/ethusdt_15m/year=2021/month=11/3b08e855a9c24b019d7c633963954045-0.parquet - 2880 rows, span=(2021-11-01 00:00:00, 2021-11-30 23:45:00) INFO
2026-01-01 01:29:41,400 - System.tprint - INFO - ℹ️ 🐛 DEBUG [KlinesParquetManager]: File 2/51: historical_data/binance/ethusdt/processed/ethusdt_15m/year=2021/month=11/3b08e855a9c24b019d7c633963954045-0.parquet - 2880 rows, span=(2021-11-01 00:00:00, 2021-11-30 23:45:00) INFO
2026-01-01 01:29:41,403 - System.ParquetUtils - INFO - ℹ️ ✅ Read parquet: 3b08e855a9c24b019d7c633963954045-0.parquet -> (2976, 9)
[2026-01-01 01:29:41.403] 🐛 DEBUG [KlinesParquetManager]: File 3/51: historical_data/binance/ethusdt/processed/ethusdt_15m/year=2021/month=12/3b08e855a9c24b019d7c633963954045-0.parquet - 2976 rows, span=(2021-12-01 00:00:00, 2021-12-31 23:45:00) INFO
2026-01-01 01:29:41,403 - System.tprint - INFO - ℹ️ 🐛 DEBUG [KlinesParquetManager]: File 3/51: historical_data/binance/ethusdt/processed/ethusdt_15m/year=2021/month=12/3b08e855a9c24b019d7c633963954045-0.parquet - 2976 rows, span=(2021-12-01 00:00:00, 2021-12-31 23:45:00) INFO
2026-01-01 01:29:41,405 - System.ParquetUtils - INFO - ℹ️ ✅ Read parquet: 3b08e855a9c24b019d7c633963954045-0.parquet -> (2976, 9)
2026-01-01 01:29:41,407 - System.ParquetUtils - INFO - ℹ️ ✅ Read parquet: 3b08e855a9c24b019d7c633963954045-0.parquet -> (2976, 9)
2026-01-01 01:29:41,409 - System.ParquetUtils - INFO - ℹ️ ✅ Read parquet: 3b08e855a9c24b019d7c633963954045-0.parquet -> (2877, 9)
2026-01-01 01:29:41,411 - System.ParquetUtils - INFO - ℹ️ ✅ Read parquet: 3b08e855a9c24b019d7c633963954045-0.parquet -> (2047, 9)
2026-01-01 01:29:41,413 - System.ParquetUtils - INFO - ℹ️ ✅ Read parquet: 3b08e855a9c24b019d7c633963954045-0.parquet -> (2688, 9)
2026-01-01 01:29:41,416 - System.ParquetUtils - INFO - ℹ️ ✅ Read parquet: 3b08e855a9c24b019d7c633963954045-0.parquet -> (2976, 9)
2026-01-01 01:29:41,418 - System.ParquetUtils - INFO - ℹ️ ✅ Read parquet: 3b08e855a9c24b019d7c633963954045-0.parquet -> (2880, 9)
2026-01-01 01:29:41,420 - System.ParquetUtils - INFO - ℹ️ ✅ Read parquet: 3b08e855a9c24b019d7c633963954045-0.parquet -> (2976, 9)
2026-01-01 01:29:41,422 - System.ParquetUtils - INFO - ℹ️ ✅ Read parquet: 3b08e855a9c24b019d7c633963954045-0.parquet -> (2880, 9)
2026-01-01 01:29:41,424 - System.ParquetUtils - INFO - ℹ️ ✅ Read parquet: 3b08e855a9c24b019d7c633963954045-0.parquet -> (2976, 9)
2026-01-01 01:29:41,426 - System.ParquetUtils - INFO - ℹ️ ✅ Read parquet: 3b08e855a9c24b019d7c633963954045-0.parquet -> (2976, 9)
2026-01-01 01:29:41,428 - System.ParquetUtils - INFO - ℹ️ ✅ Read parquet: 3b08e855a9c24b019d7c633963954045-0.parquet -> (2880, 9)
2026-01-01 01:29:41,430 - System.ParquetUtils - INFO - ℹ️ ✅ Read parquet: 3b08e855a9c24b019d7c633963954045-0.parquet -> (2976, 9)
2026-01-01 01:29:41,432 - System.ParquetUtils - INFO - ℹ️ ✅ Read parquet: 3b08e855a9c24b019d7c633963954045-0.parquet -> (2976, 9)
2026-01-01 01:29:41,434 - System.ParquetUtils - INFO - ℹ️ ✅ Read parquet: 3b08e855a9c24b019d7c633963954045-0.parquet -> (2880, 9)
2026-01-01 01:29:41,436 - System.ParquetUtils - INFO - ℹ️ ✅ Read parquet: 3b08e855a9c24b019d7c633963954045-0.parquet -> (2976, 9)
2026-01-01 01:29:41,438 - System.ParquetUtils - INFO - ℹ️ ✅ Read parquet: 3b08e855a9c24b019d7c633963954045-0.parquet -> (2688, 9)
2026-01-01 01:29:41,440 - System.ParquetUtils - INFO - ℹ️ ✅ Read parquet: 3b08e855a9c24b019d7c633963954045-0.parquet -> (2363, 9)
2026-01-01 01:29:41,442 - System.ParquetUtils - INFO - ℹ️ ✅ Read parquet: 3b08e855a9c24b019d7c633963954045-0.parquet -> (2880, 9)
2026-01-01 01:29:41,443 - System.ParquetUtils - INFO - ℹ️ ✅ Read parquet: 3b08e855a9c24b019d7c633963954045-0.parquet -> (2976, 9)
2026-01-01 01:29:41,445 - System.ParquetUtils - INFO - ℹ️ ✅ Read parquet: 3b08e855a9c24b019d7c633963954045-0.parquet -> (2880, 9)
2026-01-01 01:29:41,447 - System.ParquetUtils - INFO - ℹ️ ✅ Read parquet: 3b08e855a9c24b019d7c633963954045-0.parquet -> (2976, 9)
2026-01-01 01:29:41,449 - System.ParquetUtils - INFO - ℹ️ ✅ Read parquet: 3b08e855a9c24b019d7c633963954045-0.parquet -> (2976, 9)
2026-01-01 01:29:41,451 - System.ParquetUtils - INFO - ℹ️ ✅ Read parquet: 3b08e855a9c24b019d7c633963954045-0.parquet -> (2880, 9)
2026-01-01 01:29:41,454 - System.ParquetUtils - INFO - ℹ️ ✅ Read parquet: 3b08e855a9c24b019d7c633963954045-0.parquet -> (2976, 9)
2026-01-01 01:29:41,456 - System.ParquetUtils - INFO - ℹ️ ✅ Read parquet: 3b08e855a9c24b019d7c633963954045-0.parquet -> (2976, 9)
2026-01-01 01:29:41,458 - System.ParquetUtils - INFO - ℹ️ ✅ Read parquet: 3b08e855a9c24b019d7c633963954045-0.parquet -> (2880, 9)
2026-01-01 01:29:41,460 - System.ParquetUtils - INFO - ℹ️ ✅ Read parquet: 3b08e855a9c24b019d7c633963954045-0.parquet -> (2976, 9)
2026-01-01 01:29:41,462 - System.ParquetUtils - INFO - ℹ️ ✅ Read parquet: 3b08e855a9c24b019d7c633963954045-0.parquet -> (2784, 9)
2026-01-01 01:29:41,463 - System.ParquetUtils - INFO - ℹ️ ✅ Read parquet: 3b08e855a9c24b019d7c633963954045-0.parquet -> (2976, 9)
2026-01-01 01:29:41,465 - System.ParquetUtils - INFO - ℹ️ ✅ Read parquet: 3b08e855a9c24b019d7c633963954045-0.parquet -> (2880, 9)
2026-01-01 01:29:41,469 - System.ParquetUtils - INFO - ℹ️ ✅ Read parquet: 3b08e855a9c24b019d7c633963954045-0.parquet -> (2976, 9)
2026-01-01 01:29:41,471 - System.ParquetUtils - INFO - ℹ️ ✅ Read parquet: 3b08e855a9c24b019d7c633963954045-0.parquet -> (2880, 9)
2026-01-01 01:29:41,473 - System.ParquetUtils - INFO - ℹ️ ✅ Read parquet: 3b08e855a9c24b019d7c633963954045-0.parquet -> (2976, 9)
2026-01-01 01:29:41,476 - System.ParquetUtils - INFO - ℹ️ ✅ Read parquet: 3b08e855a9c24b019d7c633963954045-0.parquet -> (2976, 9)
2026-01-01 01:29:41,479 - System.ParquetUtils - INFO - ℹ️ ✅ Read parquet: 3b08e855a9c24b019d7c633963954045-0.parquet -> (2880, 9)
2026-01-01 01:29:41,482 - System.ParquetUtils - INFO - ℹ️ ✅ Read parquet: 3b08e855a9c24b019d7c633963954045-0.parquet -> (2976, 9)
2026-01-01 01:29:41,484 - System.ParquetUtils - INFO - ℹ️ ✅ Read parquet: 3b08e855a9c24b019d7c633963954045-0.parquet -> (2976, 9)
2026-01-01 01:29:41,486 - System.ParquetUtils - INFO - ℹ️ ✅ Read parquet: 3b08e855a9c24b019d7c633963954045-0.parquet -> (2880, 9)
2026-01-01 01:29:41,487 - System.ParquetUtils - INFO - ℹ️ ✅ Read parquet: 3b08e855a9c24b019d7c633963954045-0.parquet -> (924, 9)
2026-01-01 01:29:41,489 - System.ParquetUtils - INFO - ℹ️ ✅ Read parquet: 3b08e855a9c24b019d7c633963954045-0.parquet -> (2688, 9)
2026-01-01 01:29:41,491 - System.ParquetUtils - INFO - ℹ️ ✅ Read parquet: 3b08e855a9c24b019d7c633963954045-0.parquet -> (2976, 9)
2026-01-01 01:29:41,493 - System.ParquetUtils - INFO - ℹ️ ✅ Read parquet: 3b08e855a9c24b019d7c633963954045-0.parquet -> (2880, 9)
2026-01-01 01:29:41,495 - System.ParquetUtils - INFO - ℹ️ ✅ Read parquet: 3b08e855a9c24b019d7c633963954045-0.parquet -> (2976, 9)
2026-01-01 01:29:41,497 - System.ParquetUtils - INFO - ℹ️ ✅ Read parquet: 3b08e855a9c24b019d7c633963954045-0.parquet -> (2880, 9)
2026-01-01 01:29:41,499 - System.ParquetUtils - INFO - ℹ️ ✅ Read parquet: 3b08e855a9c24b019d7c633963954045-0.parquet -> (2976, 9)
[2026-01-01 01:29:41.499] 🐛 DEBUG [KlinesParquetManager]: File 49/51: historical_data/binance/ethusdt/processed/ethusdt_15m/year=2025/month=7/3b08e855a9c24b019d7c633963954045-0.parquet - 2976 rows, span=(2025-07-01 00:00:00, 2025-07-31 23:45:00) INFO
2026-01-01 01:29:41,499 - System.tprint - INFO - ℹ️ 🐛 DEBUG [KlinesParquetManager]: File 49/51: historical_data/binance/ethusdt/processed/ethusdt_15m/year=2025/month=7/3b08e855a9c24b019d7c633963954045-0.parquet - 2976 rows, span=(2025-07-01 00:00:00, 2025-07-31 23:45:00) INFO
2026-01-01 01:29:41,501 - System.ParquetUtils - INFO - ℹ️ ✅ Read parquet: 3b08e855a9c24b019d7c633963954045-0.parquet -> (2976, 9)
[2026-01-01 01:29:41.501] 🐛 DEBUG [KlinesParquetManager]: File 50/51: historical_data/binance/ethusdt/processed/ethusdt_15m/year=2025/month=8/3b08e855a9c24b019d7c633963954045-0.parquet - 2976 rows, span=(2025-08-01 00:00:00, 2025-08-31 23:45:00) INFO
2026-01-01 01:29:41,501 - System.tprint - INFO - ℹ️ 🐛 DEBUG [KlinesParquetManager]: File 50/51: historical_data/binance/ethusdt/processed/ethusdt_15m/year=2025/month=8/3b08e855a9c24b019d7c633963954045-0.parquet - 2976 rows, span=(2025-08-01 00:00:00, 2025-08-31 23:45:00) INFO
2026-01-01 01:29:41,503 - System.ParquetUtils - INFO - ℹ️ ✅ Read parquet: 3b08e855a9c24b019d7c633963954045-0.parquet -> (2880, 9)
[2026-01-01 01:29:41.503] 🐛 DEBUG [KlinesParquetManager]: File 51/51: historical_data/binance/ethusdt/processed/ethusdt_15m/year=2025/month=9/3b08e855a9c24b019d7c633963954045-0.parquet - 2880 rows, span=(2025-09-01 00:00:00, 2025-09-30 23:45:00) INFO
2026-01-01 01:29:41,503 - System.tprint - INFO - ℹ️ 🐛 DEBUG [KlinesParquetManager]: File 51/51: historical_data/binance/ethusdt/processed/ethusdt_15m/year=2025/month=9/3b08e855a9c24b019d7c633963954045-0.parquet - 2880 rows, span=(2025-09-01 00:00:00, 2025-09-30 23:45:00) INFO
[2026-01-01 01:29:41.503] 🐛 DEBUG [KlinesParquetManager]: Successfully loaded 51 dataframes, combining... INFO
2026-01-01 01:29:41,504 - System.tprint - INFO - ℹ️ 🐛 DEBUG [KlinesParquetManager]: Successfully loaded 51 dataframes, combining... INFO
[2026-01-01 01:29:41.507] 🐛 DEBUG [KlinesParquetManager]: Combined shape before filtering: (142619, 9) INFO
2026-01-01 01:29:41,507 - System.tprint - INFO - ℹ️ 🐛 DEBUG [KlinesParquetManager]: Combined shape before filtering: (142619, 9) INFO
[2026-01-01 01:29:41.507] 🔧 TIMEZONE: Index timezone: None INFO
2026-01-01 01:29:41,507 - System.tprint - INFO - ℹ️ 🔧 TIMEZONE: Index timezone: None INFO
[2026-01-01 01:29:41.517] 🐛 DEBUG [KlinesParquetManager]: Before duplicate removal: 142619 rows INFO
2026-01-01 01:29:41,517 - System.tprint - INFO - ℹ️ 🐛 DEBUG [KlinesParquetManager]: Before duplicate removal: 142619 rows INFO
[2026-01-01 01:29:41.518] 🐛 DEBUG [KlinesParquetManager]: Duplicated timestamps: 0 INFO
2026-01-01 01:29:41,518 - System.tprint - INFO - ℹ️ 🐛 DEBUG [KlinesParquetManager]: Duplicated timestamps: 0 INFO
[2026-01-01 01:29:41.518] 🐛 DEBUG [KlinesParquetManager]: Unique timestamps: 142619 INFO
2026-01-01 01:29:41,519 - System.tprint - INFO - ℹ️ 🐛 DEBUG [KlinesParquetManager]: Unique timestamps: 142619 INFO
[2026-01-01 01:29:41.523] 🐛 DEBUG [KlinesParquetManager]: After duplicate removal: 142619 rows INFO
2026-01-01 01:29:41,523 - System.tprint - INFO - ℹ️ 🐛 DEBUG [KlinesParquetManager]: After duplicate removal: 142619 rows INFO
[2026-01-01 01:29:41.523] 🐛 DEBUG [KlinesParquetManager]: start_time=None, end_time=None INFO
2026-01-01 01:29:41,523 - System.tprint - INFO - ℹ️ 🐛 DEBUG [KlinesParquetManager]: start_time=None, end_time=None INFO
[2026-01-01 01:29:41.523] 🐛 DEBUG [KlinesParquetManager]: Final combined_df shape: (142619, 9) INFO
2026-01-01 01:29:41,523 - System.tprint - INFO - ℹ️ 🐛 DEBUG [KlinesParquetManager]: Final combined_df shape: (142619, 9) INFO
[2026-01-01 01:29:41.523] 🐛 DEBUG [KlinesParquetManager]: Date range: 2021-10-30 22:00:00 to 2025-12-10 14:45:00 INFO
2026-01-01 01:29:41,523 - System.tprint - INFO - ℹ️ 🐛 DEBUG [KlinesParquetManager]: Date range: 2021-10-30 22:00:00 to 2025-12-10 14:45:00 INFO
2026-01-01 01:29:41,535 - src.utils.kline_parquet - INFO - ℹ️ load_klines executed in 259.02ms
[2026-01-01 01:29:41.535] 📊 Fallback load: type=DataFrame, rows=104508, days=1095 INFO
2026-01-01 01:29:41,535 - System.tprint - INFO - ℹ️ 📊 Fallback load: type=DataFrame, rows=104508, days=1095 INFO
2026-01-01 01:29:41,758 - src.utils.ml_common.optimization.execution_mode_adapter - INFO - ℹ️ 🚀 FULL mode: Using full HPO trials=50, cv_folds=3
2026-01-01 01:29:41,758 - src.utils.hardware.unified_hardware_manager.UnifiedHardwareManager - INFO - ℹ️ ✅ Unified Hardware Manager fully initialized
2026-01-01 01:29:41,758 - src.utils.hardware.unified_hardware_manager.HardwarePerformanceMonitor - INFO - ℹ️ 🔧 Switched back to normal thresholds
2026-01-01 01:29:41,758 - src.utils.hardware.unified_hardware_manager.UnifiedHardwareManager - INFO - ℹ️ 🔧 Switched back to normal thresholds
2026-01-01 01:29:41,758 - src.utils.matrix_operations.hardware_integration.HardwareOptimizedMatrixProcessor - INFO - ℹ️ ✅ M1 GPU acceleration available
2026-01-01 01:29:41,758 - src.utils.hardware.m1_memory_optimizer.M1MemoryOptimizer - INFO - ℹ️ 🧠 Memory limit set to 8.0 GB (8589934592.0 bytes)
2026-01-01 01:29:41,796 - src.utils.hardware.m1_memory_optimizer.M1MemoryOptimizer - INFO - ℹ️ 🧠 M1 Memory Optimizer initialized for M1
2026-01-01 01:29:41,797 - src.utils.matrix_operations.hardware_integration.HardwareOptimizedMatrixProcessor - INFO - ℹ️ ✅ M1 Memory optimizer initialized
2026-01-01 01:29:41,797 - src.utils.matrix_operations.hardware_integration.HardwareOptimizedMatrixProcessor - INFO - ℹ️ ✅ M1 CPU optimizer initialized
2026-01-01 01:29:41,797 - src.utils.matrix_operations.hardware_integration.HardwareOptimizedMatrixProcessor - INFO - ℹ️ ✅ Memory monitor initialized
2026-01-01 01:29:41,797 - src.utils.matrix_operations.hardware_integration.HardwareOptimizedMatrixProcessor - INFO - ℹ️ 🚀 Hardware-Optimized Matrix Processor initialized
2026-01-01 01:29:41,797 - src.utils.matrix_operations.hardware_integration.HardwareOptimizedMatrixProcessor - INFO - ℹ️ 🖥️ GPU Info: {'is_m1': True, 'm1_generation': 'm1', 'mps_available': True, 'gpu_memory': 'Shared system memory', 'gpu_name': 'Apple Silicon GPU (MPS) - M1', 'compatibility_mode': 'legacy_m1', 'fallback_available': True, 'device': 'mps'}
2026-01-01 01:29:41,797 - src.utils.matrix_operations.hardware_integration.HardwareOptimizedMatrixProcessor - INFO - ℹ️ 💻 CPU Info: {'is_m1': True, 'm1_generation': 'm1', 'total_cores': 8, 'performance_cores': 4, 'efficiency_cores': 4, 'optimal_workers': 4, 'architecture': 'arm64', 'm1_optimizations_enabled': True, 'legacy_mode': False, 'compatibility_mode': 'auto', 'version': '2.0.0'}
2026-01-01 01:29:41,798 - src.utils.matrix_operations.hardware_integration.HardwareOptimizedMatrixProcessor - INFO - ℹ️ 🧠 Memory Stats: {'current_mb': 815.875, 'peak_mb': 815.875, 'usage_percentage': 9.95941162109375, 'max_mb': 8192.0, 'is_pressure': False, 'is_critical': False, 'history_count': 4}
2026-01-01 01:29:41,818 - src.utils.hardware.m1_memory_optimizer.M1MemoryOptimizer - INFO - ℹ️ 🧠 M1 Memory Optimizer initialized for M1
2026-01-01 01:29:41,818 - src.utils.matrix_operations.batch_operations - INFO - ℹ️ ✅ Batch matrix processor initialized with M1 optimization
2026-01-01 01:29:41,818 - BayesianTPEOptimizer - INFO - ℹ️ ✅ Hardware optimization components initialized
2026-01-01 01:29:41,818 - BayesianTPEOptimizer - INFO - ℹ️ ✅ VectorBT Rolling Optimizer initialized
2026-01-01 01:29:41,818 - src.feature_generation.utils.unified_vectorization_manager - WARNING - ⚠️ GPU not available, disabling GPU optimizations
2026-01-01 01:29:41,818 - BayesianTPEOptimizer - INFO - ℹ️ ✅ Enhanced Unified Vectorization Manager initialized
2026-01-01 01:29:41,818 - BayesianTPEOptimizer - INFO - ℹ️ 🚀 VectorBT GPU acceleration enabled
2026-01-01 01:29:41,819 - BayesianTPEOptimizer - INFO - ℹ️ ✅ VectorBT optimization components initialized
2026-01-01 01:29:41,819 - BayesianTPEOptimizer - INFO - ℹ️ ✅ VectorBT-Optimized BayesianTPEOptimizer initialized
2026-01-01 01:29:41,819 - BayesianTPEOptimizer - INFO - ℹ️    → Hardware optimization: Enabled
2026-01-01 01:29:41,819 - BayesianTPEOptimizer - INFO - ℹ️    → VectorBT optimization: Enabled
2026-01-01 01:29:41,819 - BayesianTPEOptimizer - INFO - ℹ️ 🚀 Starting staged TPE optimization
2026-01-01 01:29:41,819 - BayesianTPEOptimizer - INFO - ℹ️    Search space: ['kalman_Q', 'kalman_R', 'volume_weight', 'volume_adaptive']
2026-01-01 01:29:41,819 - BayesianTPEOptimizer - INFO - ℹ️    Stages: Coarse Fine TPE
2026-01-01 01:29:41,819 - BayesianTPEOptimizer - INFO - ℹ️ 🔍 Stage 1: VectorBT-optimized coarse grid search
2026-01-01 01:29:41,819 - src.utils.hardware.unified_hardware_manager.HardwarePerformanceMonitor - INFO - ℹ️ 🔧 Switched back to normal thresholds
2026-01-01 01:29:41,819 - src.utils.hardware.unified_hardware_manager.UnifiedHardwareManager - INFO - ℹ️ 🔧 Switched back to normal thresholds
2026-01-01 01:29:41,820 - BayesianTPEOptimizer - INFO - ℹ️    Generated 54 coarse grid points
2026-01-01 01:29:41,820 - BayesianTPEOptimizer - INFO - ℹ️ 🔄 Batch evaluating 54 coarse grid points
2026-01-01 01:29:47,377 - BayesianTPEOptimizer - INFO - ℹ️    Batch evaluation completed in 5.56s
2026-01-01 01:29:47,378 - BayesianTPEOptimizer - INFO - ℹ️    Evaluations/sec: 9.7
2026-01-01 01:29:47,378 - BayesianTPEOptimizer - INFO - ℹ️    Hardware acceleration: Enabled
2026-01-01 01:29:47,378 - BayesianTPEOptimizer - INFO - ℹ️    Coarse grid: 54 trials, best: 0.7532
2026-01-01 01:29:47,378 - BayesianTPEOptimizer - INFO - ℹ️    Coarse grid best params: {'kalman_Q': 3.1622776601683795e-05, 'kalman_R': 0.00031622776601683794, 'volume_weight': 0.0, 'volume_adaptive': True}
2026-01-01 01:29:47,378 - BayesianTPEOptimizer - INFO - ℹ️ 🔍 Stage 2: VectorBT-optimized fine grid search
2026-01-01 01:29:47,378 - src.utils.hardware.unified_hardware_manager.HardwarePerformanceMonitor - INFO - ℹ️ 🔧 Switched to intensive workload thresholds
2026-01-01 01:29:47,378 - src.utils.hardware.unified_hardware_manager.UnifiedHardwareManager - INFO - ℹ️ 🔧 Switched to intensive workload thresholds
2026-01-01 01:29:47,378 - BayesianTPEOptimizer - INFO - ℹ️    Generated 54 fine grid points
2026-01-01 01:29:47,378 - BayesianTPEOptimizer - INFO - ℹ️ 🔄 Batch evaluating 54 fine grid points
2026-01-01 01:29:50,599 - BayesianTPEOptimizer - INFO - ℹ️    Batch evaluation completed in 3.22s
2026-01-01 01:29:50,600 - BayesianTPEOptimizer - INFO - ℹ️    Evaluations/sec: 16.8
2026-01-01 01:29:50,600 - BayesianTPEOptimizer - INFO - ℹ️    Hardware acceleration: Enabled
2026-01-01 01:29:50,600 - BayesianTPEOptimizer - INFO - ℹ️    Fine grid: 54 trials, best: 0.7597
2026-01-01 01:29:50,600 - BayesianTPEOptimizer - INFO - ℹ️    Fine grid best params: {'kalman_Q': 1.415331084114304e-05, 'kalman_R': 0.0001425343038219812, 'volume_weight': 0.0, 'volume_adaptive': True}
2026-01-01 01:29:50,600 - BayesianTPEOptimizer - INFO - ℹ️ 🔍 Stage 2.5: VectorBT adaptive grid refinement
2026-01-01 01:29:50,600 - BayesianTPEOptimizer - INFO - ℹ️    Skipping adaptive refinement - convergence criteria not met
2026-01-01 01:29:50,600 - BayesianTPEOptimizer - INFO - ℹ️ ✅ Staged TPE optimization completed in 8.78s
2026-01-01 01:29:50,600 - BayesianTPEOptimizer - INFO - ℹ️    Best value: 0.7532
2026-01-01 01:29:50,600 - BayesianTPEOptimizer - INFO - ℹ️    Best params: {'kalman_Q': 3.1622776601683795e-05, 'kalman_R': 0.00031622776601683794, 'volume_weight': 0.0, 'volume_adaptive': True}
2026-01-01 01:29:50,600 - BayesianTPEOptimizer - INFO - ℹ️    Total trials: 108
[2026-01-01 01:29:51.532] 🛠️ Initialized BaseStep for 'label_based_layer_2'
2026-01-01 01:29:51,532 - System.tprint - INFO - ℹ️ 🛠️ Initialized BaseStep for 'label_based_layer_2'
[2026-01-01 01:29:51.841] WARNING: ❌ Gates Failed: Sample: 68523/64.36/d [OK] | Bal: 8.6% [FAIL] | Jaccard: ERR [WARN] | ANOVA: p=0.00 [OK] | MI: 0.0013 [OK]
2026-01-01 01:29:51,842 - System.tprint - WARNING - ⚠️ ❌ Gates Failed: Sample: 68523/64.36/d [OK] | Bal: 8.6% [FAIL] | Jaccard: ERR [WARN] | ANOVA: p=0.00 [OK] | MI: 0.0013 [OK]
[2026-01-01 01:29:52.015] WARNING: ❌ Gates Failed: Sample: 68515/64.37/d [OK] | Bal: 4.3% [FAIL] | Jaccard: ERR [WARN] | ANOVA: p=0.00 [OK] | MI: 0.0001 [WARN]
2026-01-01 01:29:52,015 - System.tprint - WARNING - ⚠️ ❌ Gates Failed: Sample: 68515/64.37/d [OK] | Bal: 4.3% [FAIL] | Jaccard: ERR [WARN] | ANOVA: p=0.00 [OK] | MI: 0.0001 [WARN]
[2026-01-01 01:29:52.081] WARNING: ❌ Gates Failed: Sample: 68515/64.37/d [OK] | Bal: 7.1% [FAIL] | Jaccard: ERR [WARN] | ANOVA: p=0.00 [OK] | MI: 0.0049 [OK]
2026-01-01 01:29:52,081 - System.tprint - WARNING - ⚠️ ❌ Gates Failed: Sample: 68515/64.37/d [OK] | Bal: 7.1% [FAIL] | Jaccard: ERR [WARN] | ANOVA: p=0.00 [OK] | MI: 0.0049 [OK]
[2026-01-01 01:29:52.148] WARNING: ❌ Gates Failed: Sample: 68515/64.37/d [OK] | Bal: 9.9% [FAIL] | Jaccard: ERR [WARN] | ANOVA: p=0.00 [OK] | MI: 0.0099 [OK]
2026-01-01 01:29:52,148 - System.tprint - WARNING - ⚠️ ❌ Gates Failed: Sample: 68515/64.37/d [OK] | Bal: 9.9% [FAIL] | Jaccard: ERR [WARN] | ANOVA: p=0.00 [OK] | MI: 0.0099 [OK]
[2026-01-01 01:29:52.194] WARNING: ❌ Gates Failed: Sample: 68523/64.36/d [OK] | Bal: 6.2% [FAIL] | Jaccard: ERR [WARN] | ANOVA: p=0.00 [OK] | MI: 0.0048 [OK]
2026-01-01 01:29:52,194 - System.tprint - WARNING - ⚠️ ❌ Gates Failed: Sample: 68523/64.36/d [OK] | Bal: 6.2% [FAIL] | Jaccard: ERR [WARN] | ANOVA: p=0.00 [OK] | MI: 0.0048 [OK]
[2026-01-01 01:29:52.240] WARNING: ❌ Gates Failed: Sample: 68523/64.36/d [OK] | Bal: 9.8% [FAIL] | Jaccard: ERR [WARN] | ANOVA: p=0.00 [OK] | MI: 0.0024 [OK]
2026-01-01 01:29:52,240 - System.tprint - WARNING - ⚠️ ❌ Gates Failed: Sample: 68523/64.36/d [OK] | Bal: 9.8% [FAIL] | Jaccard: ERR [WARN] | ANOVA: p=0.00 [OK] | MI: 0.0024 [OK]
[2026-01-01 01:29:52.354] WARNING: ❌ Gates Failed: Sample: 68515/64.37/d [OK] | Bal: 3.0% [FAIL] | Jaccard: ERR [WARN] | ANOVA: p=0.00 [OK] | MI: 0.0000 [WARN]
2026-01-01 01:29:52,354 - System.tprint - WARNING - ⚠️ ❌ Gates Failed: Sample: 68515/64.37/d [OK] | Bal: 3.0% [FAIL] | Jaccard: ERR [WARN] | ANOVA: p=0.00 [OK] | MI: 0.0000 [WARN]
[2026-01-01 01:29:52.420] WARNING: ❌ Gates Failed: Sample: 68515/64.37/d [OK] | Bal: 4.9% [FAIL] | Jaccard: ERR [WARN] | ANOVA: p=0.00 [OK] | MI: 0.0039 [OK]
2026-01-01 01:29:52,420 - System.tprint - WARNING - ⚠️ ❌ Gates Failed: Sample: 68515/64.37/d [OK] | Bal: 4.9% [FAIL] | Jaccard: ERR [WARN] | ANOVA: p=0.00 [OK] | MI: 0.0039 [OK]
[2026-01-01 01:29:52.485] WARNING: ❌ Gates Failed: Sample: 68515/64.37/d [OK] | Bal: 6.8% [FAIL] | Jaccard: ERR [WARN] | ANOVA: p=0.00 [OK] | MI: 0.0077 [OK]
2026-01-01 01:29:52,485 - System.tprint - WARNING - ⚠️ ❌ Gates Failed: Sample: 68515/64.37/d [OK] | Bal: 6.8% [FAIL] | Jaccard: ERR [WARN] | ANOVA: p=0.00 [OK] | MI: 0.0077 [OK]
[2026-01-01 01:29:52.534] WARNING: ❌ Gates Failed: Sample: 68523/64.36/d [OK] | Bal: 9.4% [FAIL] | Jaccard: ERR [WARN] | ANOVA: p=0.00 [OK] | MI: 0.0022 [OK]
2026-01-01 01:29:52,534 - System.tprint - WARNING - ⚠️ ❌ Gates Failed: Sample: 68523/64.36/d [OK] | Bal: 9.4% [FAIL] | Jaccard: ERR [WARN] | ANOVA: p=0.00 [OK] | MI: 0.0022 [OK]
[2026-01-01 01:29:52.694] WARNING: ❌ Gates Failed: Sample: 68515/64.37/d [OK] | Bal: 4.5% [FAIL] | Jaccard: ERR [WARN] | ANOVA: p=0.00 [OK] | MI: 0.0002 [WARN]
2026-01-01 01:29:52,694 - System.tprint - WARNING - ⚠️ ❌ Gates Failed: Sample: 68515/64.37/d [OK] | Bal: 4.5% [FAIL] | Jaccard: ERR [WARN] | ANOVA: p=0.00 [OK] | MI: 0.0002 [WARN]
[2026-01-01 01:29:52.764] WARNING: ❌ Gates Failed: Sample: 68515/64.37/d [OK] | Bal: 7.5% [FAIL] | Jaccard: ERR [WARN] | ANOVA: p=0.00 [OK] | MI: 0.0061 [OK]
2026-01-01 01:29:52,764 - System.tprint - WARNING - ⚠️ ❌ Gates Failed: Sample: 68515/64.37/d [OK] | Bal: 7.5% [FAIL] | Jaccard: ERR [WARN] | ANOVA: p=0.00 [OK] | MI: 0.0061 [OK]
[2026-01-01 01:29:52.940] WARNING: ❌ Gates Failed: Sample: 68523/64.36/d [OK] | Bal: 7.3% [FAIL] | Jaccard: ERR [WARN] | ANOVA: p=0.00 [OK] | MI: 0.0045 [OK]
2026-01-01 01:29:52,941 - System.tprint - WARNING - ⚠️ ❌ Gates Failed: Sample: 68523/64.36/d [OK] | Bal: 7.3% [FAIL] | Jaccard: ERR [WARN] | ANOVA: p=0.00 [OK] | MI: 0.0045 [OK]
[2026-01-01 01:29:53.115] WARNING: ❌ Gates Failed: Sample: 68515/64.37/d [OK] | Bal: 3.5% [FAIL] | Jaccard: ERR [WARN] | ANOVA: p=0.00 [OK] | MI: 0.0000 [WARN]
2026-01-01 01:29:53,115 - System.tprint - WARNING - ⚠️ ❌ Gates Failed: Sample: 68515/64.37/d [OK] | Bal: 3.5% [FAIL] | Jaccard: ERR [WARN] | ANOVA: p=0.00 [OK] | MI: 0.0000 [WARN]
[2026-01-01 01:29:53.186] WARNING: ❌ Gates Failed: Sample: 68515/64.37/d [OK] | Bal: 5.8% [FAIL] | Jaccard: ERR [WARN] | ANOVA: p=0.00 [OK] | MI: 0.0079 [OK]
2026-01-01 01:29:53,187 - System.tprint - WARNING - ⚠️ ❌ Gates Failed: Sample: 68515/64.37/d [OK] | Bal: 5.8% [FAIL] | Jaccard: ERR [WARN] | ANOVA: p=0.00 [OK] | MI: 0.0079 [OK]
[2026-01-01 01:29:53.258] WARNING: ❌ Gates Failed: Sample: 68515/64.37/d [OK] | Bal: 8.1% [FAIL] | Jaccard: ERR [WARN] | ANOVA: p=0.00 [OK] | MI: 0.0046 [OK]
2026-01-01 01:29:53,258 - System.tprint - WARNING - ⚠️ ❌ Gates Failed: Sample: 68515/64.37/d [OK] | Bal: 8.1% [FAIL] | Jaccard: ERR [WARN] | ANOVA: p=0.00 [OK] | MI: 0.0046 [OK]
[2026-01-01 01:29:53.306] WARNING: ❌ Gates Failed: Sample: 68523/64.36/d [OK] | Bal: 9.0% [FAIL] | Jaccard: ERR [WARN] | ANOVA: p=0.00 [OK] | MI: 0.0061 [OK]
2026-01-01 01:29:53,307 - System.tprint - WARNING - ⚠️ ❌ Gates Failed: Sample: 68523/64.36/d [OK] | Bal: 9.0% [FAIL] | Jaccard: ERR [WARN] | ANOVA: p=0.00 [OK] | MI: 0.0061 [OK]
[2026-01-01 01:29:53.480] WARNING: ❌ Gates Failed: Sample: 68515/64.37/d [OK] | Bal: 4.3% [FAIL] | Jaccard: ERR [WARN] | ANOVA: p=0.00 [OK] | MI: 0.0001 [WARN]
2026-01-01 01:29:53,480 - System.tprint - WARNING - ⚠️ ❌ Gates Failed: Sample: 68515/64.37/d [OK] | Bal: 4.3% [FAIL] | Jaccard: ERR [WARN] | ANOVA: p=0.00 [OK] | MI: 0.0001 [WARN]
[2026-01-01 01:29:53.552] WARNING: ❌ Gates Failed: Sample: 68515/64.37/d [OK] | Bal: 7.1% [FAIL] | Jaccard: ERR [WARN] | ANOVA: p=0.00 [OK] | MI: 0.0049 [OK]
2026-01-01 01:29:53,553 - System.tprint - WARNING - ⚠️ ❌ Gates Failed: Sample: 68515/64.37/d [OK] | Bal: 7.1% [FAIL] | Jaccard: ERR [WARN] | ANOVA: p=0.00 [OK] | MI: 0.0049 [OK]
[2026-01-01 01:29:53.623] WARNING: ❌ Gates Failed: Sample: 68515/64.37/d [OK] | Bal: 9.9% [FAIL] | Jaccard: ERR [WARN] | ANOVA: p=0.00 [OK] | MI: 0.0099 [OK]
2026-01-01 01:29:53,623 - System.tprint - WARNING - ⚠️ ❌ Gates Failed: Sample: 68515/64.37/d [OK] | Bal: 9.9% [FAIL] | Jaccard: ERR [WARN] | ANOVA: p=0.00 [OK] | MI: 0.0099 [OK]
[2026-01-01 01:29:53.672] WARNING: ❌ Gates Failed: Sample: 68523/64.36/d [OK] | Bal: 7.4% [FAIL] | Jaccard: ERR [WARN] | ANOVA: p=0.00 [OK] | MI: 0.0057 [OK]
2026-01-01 01:29:53,672 - System.tprint - WARNING - ⚠️ ❌ Gates Failed: Sample: 68523/64.36/d [OK] | Bal: 7.4% [FAIL] | Jaccard: ERR [WARN] | ANOVA: p=0.00 [OK] | MI: 0.0057 [OK]
[2026-01-01 01:29:53.838] WARNING: ❌ Gates Failed: Sample: 68515/64.37/d [OK] | Bal: 3.5% [FAIL] | Jaccard: ERR [WARN] | ANOVA: p=0.00 [OK] | MI: 0.0000 [WARN]
2026-01-01 01:29:53,839 - System.tprint - WARNING - ⚠️ ❌ Gates Failed: Sample: 68515/64.37/d [OK] | Bal: 3.5% [FAIL] | Jaccard: ERR [WARN] | ANOVA: p=0.00 [OK] | MI: 0.0000 [WARN]
[2026-01-01 01:29:53.915] WARNING: ❌ Gates Failed: Sample: 68515/64.37/d [OK] | Bal: 5.8% [FAIL] | Jaccard: ERR [WARN] | ANOVA: p=0.00 [OK] | MI: 0.0079 [OK]
2026-01-01 01:29:53,915 - System.tprint - WARNING - ⚠️ ❌ Gates Failed: Sample: 68515/64.37/d [OK] | Bal: 5.8% [FAIL] | Jaccard: ERR [WARN] | ANOVA: p=0.00 [OK] | MI: 0.0079 [OK]
[2026-01-01 01:29:53.998] WARNING: ❌ Gates Failed: Sample: 68515/64.37/d [OK] | Bal: 8.1% [FAIL] | Jaccard: ERR [WARN] | ANOVA: p=0.00 [OK] | MI: 0.0046 [OK]
2026-01-01 01:29:53,998 - System.tprint - WARNING - ⚠️ ❌ Gates Failed: Sample: 68515/64.37/d [OK] | Bal: 8.1% [FAIL] | Jaccard: ERR [WARN] | ANOVA: p=0.00 [OK] | MI: 0.0046 [OK]
[2026-01-01 01:29:54.049] WARNING: ❌ Gates Failed: Sample: 68523/64.36/d [OK] | Bal: 9.8% [FAIL] | Jaccard: ERR [WARN] | ANOVA: p=0.00 [OK] | MI: 0.0055 [OK]
2026-01-01 01:29:54,049 - System.tprint - WARNING - ⚠️ ❌ Gates Failed: Sample: 68523/64.36/d [OK] | Bal: 9.8% [FAIL] | Jaccard: ERR [WARN] | ANOVA: p=0.00 [OK] | MI: 0.0055 [OK]
[2026-01-01 01:29:54.265] WARNING: ❌ Gates Failed: Sample: 68515/64.37/d [OK] | Bal: 4.5% [FAIL] | Jaccard: ERR [WARN] | ANOVA: p=0.00 [OK] | MI: 0.0002 [WARN]
2026-01-01 01:29:54,265 - System.tprint - WARNING - ⚠️ ❌ Gates Failed: Sample: 68515/64.37/d [OK] | Bal: 4.5% [FAIL] | Jaccard: ERR [WARN] | ANOVA: p=0.00 [OK] | MI: 0.0002 [WARN]
[2026-01-01 01:29:54.353] WARNING: ❌ Gates Failed: Sample: 68515/64.37/d [OK] | Bal: 7.5% [FAIL] | Jaccard: ERR [WARN] | ANOVA: p=0.00 [OK] | MI: 0.0061 [OK]
2026-01-01 01:29:54,353 - System.tprint - WARNING - ⚠️ ❌ Gates Failed: Sample: 68515/64.37/d [OK] | Bal: 7.5% [FAIL] | Jaccard: ERR [WARN] | ANOVA: p=0.00 [OK] | MI: 0.0061 [OK]
[2026-01-01 01:29:54.497] WARNING: ❌ Gates Failed: Sample: 68523/64.36/d [OK] | Bal: 8.7% [FAIL] | Jaccard: ERR [WARN] | ANOVA: p=0.00 [OK] | MI: 0.0050 [OK]
2026-01-01 01:29:54,497 - System.tprint - WARNING - ⚠️ ❌ Gates Failed: Sample: 68523/64.36/d [OK] | Bal: 8.7% [FAIL] | Jaccard: ERR [WARN] | ANOVA: p=0.00 [OK] | MI: 0.0050 [OK]
[2026-01-01 01:29:55.074] WARNING: ❌ Gates Failed: Sample: 68515/64.37/d [OK] | Bal: 4.1% [FAIL] | Jaccard: ERR [WARN] | ANOVA: p=0.00 [OK] | MI: 0.0000 [WARN]
2026-01-01 01:29:55,074 - System.tprint - WARNING - ⚠️ ❌ Gates Failed: Sample: 68515/64.37/d [OK] | Bal: 4.1% [FAIL] | Jaccard: ERR [WARN] | ANOVA: p=0.00 [OK] | MI: 0.0000 [WARN]
[2026-01-01 01:29:55.210] WARNING: ❌ Gates Failed: Sample: 68515/64.37/d [OK] | Bal: 6.7% [FAIL] | Jaccard: ERR [WARN] | ANOVA: p=0.00 [OK] | MI: 0.0070 [OK]
2026-01-01 01:29:55,210 - System.tprint - WARNING - ⚠️ ❌ Gates Failed: Sample: 68515/64.37/d [OK] | Bal: 6.7% [FAIL] | Jaccard: ERR [WARN] | ANOVA: p=0.00 [OK] | MI: 0.0070 [OK]
[2026-01-01 01:29:55.341] WARNING: ❌ Gates Failed: Sample: 68515/64.37/d [OK] | Bal: 9.3% [FAIL] | Jaccard: ERR [WARN] | ANOVA: p=0.00 [OK] | MI: 0.0076 [OK]
2026-01-01 01:29:55,341 - System.tprint - WARNING - ⚠️ ❌ Gates Failed: Sample: 68515/64.37/d [OK] | Bal: 9.3% [FAIL] | Jaccard: ERR [WARN] | ANOVA: p=0.00 [OK] | MI: 0.0076 [OK]
[2026-01-01 01:29:55.682] WARNING: ❌ Gates Failed: Sample: 68515/64.37/d [OK] | Bal: 5.1% [FAIL] | Jaccard: ERR [WARN] | ANOVA: p=0.00 [OK] | MI: 0.0040 [OK]
2026-01-01 01:29:55,683 - System.tprint - WARNING - ⚠️ ❌ Gates Failed: Sample: 68515/64.37/d [OK] | Bal: 5.1% [FAIL] | Jaccard: ERR [WARN] | ANOVA: p=0.00 [OK] | MI: 0.0040 [OK]
[2026-01-01 01:29:55.819] WARNING: ❌ Gates Failed: Sample: 68515/64.37/d [OK] | Bal: 8.4% [FAIL] | Jaccard: ERR [WARN] | ANOVA: p=0.00 [OK] | MI: 0.0078 [OK]
2026-01-01 01:29:55,819 - System.tprint - WARNING - ⚠️ ❌ Gates Failed: Sample: 68515/64.37/d [OK] | Bal: 8.4% [FAIL] | Jaccard: ERR [WARN] | ANOVA: p=0.00 [OK] | MI: 0.0078 [OK]
[2026-01-01 01:29:56.307] WARNING: ❌ Gates Failed: Sample: 68515/64.37/d [OK] | Bal: 4.6% [FAIL] | Jaccard: ERR [WARN] | ANOVA: p=0.00 [OK] | MI: 0.0000 [WARN]
2026-01-01 01:29:56,308 - System.tprint - WARNING - ⚠️ ❌ Gates Failed: Sample: 68515/64.37/d [OK] | Bal: 4.6% [FAIL] | Jaccard: ERR [WARN] | ANOVA: p=0.00 [OK] | MI: 0.0000 [WARN]
[2026-01-01 01:29:56.443] WARNING: ❌ Gates Failed: Sample: 68515/64.37/d [OK] | Bal: 7.6% [FAIL] | Jaccard: ERR [WARN] | ANOVA: p=0.00 [OK] | MI: 0.0063 [OK]
2026-01-01 01:29:56,443 - System.tprint - WARNING - ⚠️ ❌ Gates Failed: Sample: 68515/64.37/d [OK] | Bal: 7.6% [FAIL] | Jaccard: ERR [WARN] | ANOVA: p=0.00 [OK] | MI: 0.0063 [OK]
[2026-01-01 01:29:57.014] WARNING: ❌ Gates Failed: Sample: 74345/69.82/d [OK] | Bal: 8.8% [FAIL] | Jaccard: ERR [WARN] | ANOVA: p=0.00 [OK] | MI: 0.0081 [OK]
2026-01-01 01:29:57,014 - System.tprint - WARNING - ⚠️ ❌ Gates Failed: Sample: 74345/69.82/d [OK] | Bal: 8.8% [FAIL] | Jaccard: ERR [WARN] | ANOVA: p=0.00 [OK] | MI: 0.0081 [OK]
[2026-01-01 01:29:57.239] WARNING: ❌ Gates Failed: Sample: 74338/69.84/d [OK] | Bal: 4.2% [FAIL] | Jaccard: ERR [WARN] | ANOVA: p=0.00 [OK] | MI: 0.0052 [OK]
2026-01-01 01:29:57,239 - System.tprint - WARNING - ⚠️ ❌ Gates Failed: Sample: 74338/69.84/d [OK] | Bal: 4.2% [FAIL] | Jaccard: ERR [WARN] | ANOVA: p=0.00 [OK] | MI: 0.0052 [OK]
[2026-01-01 01:29:57.316] WARNING: ❌ Gates Failed: Sample: 74338/69.84/d [OK] | Bal: 7.1% [FAIL] | Jaccard: ERR [WARN] | ANOVA: p=0.00 [OK] | MI: 0.0167 [OK]
2026-01-01 01:29:57,316 - System.tprint - WARNING - ⚠️ ❌ Gates Failed: Sample: 74338/69.84/d [OK] | Bal: 7.1% [FAIL] | Jaccard: ERR [WARN] | ANOVA: p=0.00 [OK] | MI: 0.0167 [OK]
[2026-01-01 01:29:57.390] WARNING: ❌ Gates Failed: Sample: 74338/69.84/d [OK] | Bal: 9.9% [FAIL] | Jaccard: ERR [WARN] | ANOVA: p=0.00 [OK] | MI: 0.0115 [OK]
2026-01-01 01:29:57,390 - System.tprint - WARNING - ⚠️ ❌ Gates Failed: Sample: 74338/69.84/d [OK] | Bal: 9.9% [FAIL] | Jaccard: ERR [WARN] | ANOVA: p=0.00 [OK] | MI: 0.0115 [OK]
[2026-01-01 01:29:57.447] WARNING: ❌ Gates Failed: Sample: 74345/69.82/d [OK] | Bal: 6.4% [FAIL] | Jaccard: ERR [WARN] | ANOVA: p=0.00 [OK] | MI: 0.0081 [OK]
2026-01-01 01:29:57,447 - System.tprint - WARNING - ⚠️ ❌ Gates Failed: Sample: 74345/69.82/d [OK] | Bal: 6.4% [FAIL] | Jaccard: ERR [WARN] | ANOVA: p=0.00 [OK] | MI: 0.0081 [OK]
[2026-01-01 01:29:57.499] WARNING: ❌ Gates Failed: Sample: 74345/69.82/d [OK] | Bal: 10.0% [FAIL] | Jaccard: ERR [WARN] | ANOVA: p=0.00 [OK] | MI: 0.0097 [OK]
2026-01-01 01:29:57,499 - System.tprint - WARNING - ⚠️ ❌ Gates Failed: Sample: 74345/69.82/d [OK] | Bal: 10.0% [FAIL] | Jaccard: ERR [WARN] | ANOVA: p=0.00 [OK] | MI: 0.0097 [OK]
[2026-01-01 01:29:57.625] WARNING: ❌ Gates Failed: Sample: 74338/69.84/d [OK] | Bal: 3.1% [FAIL] | Jaccard: ERR [WARN] | ANOVA: p=0.00 [OK] | MI: 0.0014 [OK]
2026-01-01 01:29:57,625 - System.tprint - WARNING - ⚠️ ❌ Gates Failed: Sample: 74338/69.84/d [OK] | Bal: 3.1% [FAIL] | Jaccard: ERR [WARN] | ANOVA: p=0.00 [OK] | MI: 0.0014 [OK]
[2026-01-01 01:29:57.704] WARNING: ❌ Gates Failed: Sample: 74338/69.84/d [OK] | Bal: 4.9% [FAIL] | Jaccard: ERR [WARN] | ANOVA: p=0.00 [OK] | MI: 0.0069 [OK]
2026-01-01 01:29:57,704 - System.tprint - WARNING - ⚠️ ❌ Gates Failed: Sample: 74338/69.84/d [OK] | Bal: 4.9% [FAIL] | Jaccard: ERR [WARN] | ANOVA: p=0.00 [OK] | MI: 0.0069 [OK]
[2026-01-01 01:29:57.782] WARNING: ❌ Gates Failed: Sample: 74338/69.84/d [OK] | Bal: 6.7% [FAIL] | Jaccard: ERR [WARN] | ANOVA: p=0.00 [OK] | MI: 0.0142 [OK]
2026-01-01 01:29:57,782 - System.tprint - WARNING - ⚠️ ❌ Gates Failed: Sample: 74338/69.84/d [OK] | Bal: 6.7% [FAIL] | Jaccard: ERR [WARN] | ANOVA: p=0.00 [OK] | MI: 0.0142 [OK]
[2026-01-01 01:29:57.842] WARNING: ❌ Gates Failed: Sample: 74345/69.82/d [OK] | Bal: 9.6% [FAIL] | Jaccard: ERR [WARN] | ANOVA: p=0.00 [OK] | MI: 0.0073 [OK]
2026-01-01 01:29:57,842 - System.tprint - WARNING - ⚠️ ❌ Gates Failed: Sample: 74345/69.82/d [OK] | Bal: 9.6% [FAIL] | Jaccard: ERR [WARN] | ANOVA: p=0.00 [OK] | MI: 0.0073 [OK]
[2026-01-01 01:29:58.076] WARNING: ❌ Gates Failed: Sample: 74338/69.84/d [OK] | Bal: 4.5% [FAIL] | Jaccard: ERR [WARN] | ANOVA: p=0.00 [OK] | MI: 0.0056 [OK]
2026-01-01 01:29:58,076 - System.tprint - WARNING - ⚠️ ❌ Gates Failed: Sample: 74338/69.84/d [OK] | Bal: 4.5% [FAIL] | Jaccard: ERR [WARN] | ANOVA: p=0.00 [OK] | MI: 0.0056 [OK]
[2026-01-01 01:29:58.213] WARNING: ❌ Gates Failed: Sample: 74338/69.84/d [OK] | Bal: 7.5% [FAIL] | Jaccard: ERR [WARN] | ANOVA: p=0.00 [OK] | MI: 0.0164 [OK]
2026-01-01 01:29:58,213 - System.tprint - WARNING - ⚠️ ❌ Gates Failed: Sample: 74338/69.84/d [OK] | Bal: 7.5% [FAIL] | Jaccard: ERR [WARN] | ANOVA: p=0.00 [OK] | MI: 0.0164 [OK]
[2026-01-01 01:29:58.357] WARNING: ❌ Gates Failed: Sample: 74345/69.82/d [OK] | Bal: 7.5% [FAIL] | Jaccard: ERR [WARN] | ANOVA: p=0.00 [OK] | MI: 0.0101 [OK]
2026-01-01 01:29:58,357 - System.tprint - WARNING - ⚠️ ❌ Gates Failed: Sample: 74345/69.82/d [OK] | Bal: 7.5% [FAIL] | Jaccard: ERR [WARN] | ANOVA: p=0.00 [OK] | MI: 0.0101 [OK]
[2026-01-01 01:29:58.624] WARNING: ❌ Gates Failed: Sample: 74338/69.84/d [OK] | Bal: 3.5% [FAIL] | Jaccard: ERR [WARN] | ANOVA: p=0.00 [OK] | MI: 0.0046 [OK]
2026-01-01 01:29:58,624 - System.tprint - WARNING - ⚠️ ❌ Gates Failed: Sample: 74338/69.84/d [OK] | Bal: 3.5% [FAIL] | Jaccard: ERR [WARN] | ANOVA: p=0.00 [OK] | MI: 0.0046 [OK]
[2026-01-01 01:29:58.709] WARNING: ❌ Gates Failed: Sample: 74338/69.84/d [OK] | Bal: 5.7% [FAIL] | Jaccard: ERR [WARN] | ANOVA: p=0.00 [OK] | MI: 0.0096 [OK]
2026-01-01 01:29:58,709 - System.tprint - WARNING - ⚠️ ❌ Gates Failed: Sample: 74338/69.84/d [OK] | Bal: 5.7% [FAIL] | Jaccard: ERR [WARN] | ANOVA: p=0.00 [OK] | MI: 0.0096 [OK]
[2026-01-01 01:29:58.810] WARNING: ❌ Gates Failed: Sample: 74338/69.84/d [OK] | Bal: 8.0% [FAIL] | Jaccard: ERR [WARN] | ANOVA: p=0.00 [OK] | MI: 0.0161 [OK]
2026-01-01 01:29:58,810 - System.tprint - WARNING - ⚠️ ❌ Gates Failed: Sample: 74338/69.84/d [OK] | Bal: 8.0% [FAIL] | Jaccard: ERR [WARN] | ANOVA: p=0.00 [OK] | MI: 0.0161 [OK]
[2026-01-01 01:29:58.866] WARNING: ❌ Gates Failed: Sample: 74345/69.82/d [OK] | Bal: 9.2% [FAIL] | Jaccard: ERR [WARN] | ANOVA: p=0.00 [OK] | MI: 0.0097 [OK]
2026-01-01 01:29:58,866 - System.tprint - WARNING - ⚠️ ❌ Gates Failed: Sample: 74345/69.82/d [OK] | Bal: 9.2% [FAIL] | Jaccard: ERR [WARN] | ANOVA: p=0.00 [OK] | MI: 0.0097 [OK]
[2026-01-01 01:29:59.061] WARNING: ❌ Gates Failed: Sample: 74338/69.84/d [OK] | Bal: 4.2% [FAIL] | Jaccard: ERR [WARN] | ANOVA: p=0.00 [OK] | MI: 0.0052 [OK]
2026-01-01 01:29:59,061 - System.tprint - WARNING - ⚠️ ❌ Gates Failed: Sample: 74338/69.84/d [OK] | Bal: 4.2% [FAIL] | Jaccard: ERR [WARN] | ANOVA: p=0.00 [OK] | MI: 0.0052 [OK]
[2026-01-01 01:29:59.147] WARNING: ❌ Gates Failed: Sample: 74338/69.84/d [OK] | Bal: 7.1% [FAIL] | Jaccard: ERR [WARN] | ANOVA: p=0.00 [OK] | MI: 0.0166 [OK]
2026-01-01 01:29:59,147 - System.tprint - WARNING - ⚠️ ❌ Gates Failed: Sample: 74338/69.84/d [OK] | Bal: 7.1% [FAIL] | Jaccard: ERR [WARN] | ANOVA: p=0.00 [OK] | MI: 0.0166 [OK]
[2026-01-01 01:29:59.231] WARNING: ❌ Gates Failed: Sample: 74338/69.84/d [OK] | Bal: 9.8% [FAIL] | Jaccard: ERR [WARN] | ANOVA: p=0.00 [OK] | MI: 0.0120 [OK]
2026-01-01 01:29:59,231 - System.tprint - WARNING - ⚠️ ❌ Gates Failed: Sample: 74338/69.84/d [OK] | Bal: 9.8% [FAIL] | Jaccard: ERR [WARN] | ANOVA: p=0.00 [OK] | MI: 0.0120 [OK]
[2026-01-01 01:29:59.287] WARNING: ❌ Gates Failed: Sample: 74345/69.82/d [OK] | Bal: 7.6% [FAIL] | Jaccard: ERR [WARN] | ANOVA: p=0.00 [OK] | MI: 0.0109 [OK]
2026-01-01 01:29:59,289 - System.tprint - WARNING - ⚠️ ❌ Gates Failed: Sample: 74345/69.82/d [OK] | Bal: 7.6% [FAIL] | Jaccard: ERR [WARN] | ANOVA: p=0.00 [OK] | MI: 0.0109 [OK]
[2026-01-01 01:29:59.505] WARNING: ❌ Gates Failed: Sample: 74338/69.84/d [OK] | Bal: 3.5% [FAIL] | Jaccard: ERR [WARN] | ANOVA: p=0.00 [OK] | MI: 0.0046 [OK]
2026-01-01 01:29:59,506 - System.tprint - WARNING - ⚠️ ❌ Gates Failed: Sample: 74338/69.84/d [OK] | Bal: 3.5% [FAIL] | Jaccard: ERR [WARN] | ANOVA: p=0.00 [OK] | MI: 0.0046 [OK]
[2026-01-01 01:29:59.608] WARNING: ❌ Gates Failed: Sample: 74338/69.84/d [OK] | Bal: 5.7% [FAIL] | Jaccard: ERR [WARN] | ANOVA: p=0.00 [OK] | MI: 0.0096 [OK]
2026-01-01 01:29:59,609 - System.tprint - WARNING - ⚠️ ❌ Gates Failed: Sample: 74338/69.84/d [OK] | Bal: 5.7% [FAIL] | Jaccard: ERR [WARN] | ANOVA: p=0.00 [OK] | MI: 0.0096 [OK]
[2026-01-01 01:29:59.719] WARNING: ❌ Gates Failed: Sample: 74338/69.84/d [OK] | Bal: 8.0% [FAIL] | Jaccard: ERR [WARN] | ANOVA: p=0.00 [OK] | MI: 0.0161 [OK]
2026-01-01 01:29:59,719 - System.tprint - WARNING - ⚠️ ❌ Gates Failed: Sample: 74338/69.84/d [OK] | Bal: 8.0% [FAIL] | Jaccard: ERR [WARN] | ANOVA: p=0.00 [OK] | MI: 0.0161 [OK]
[2026-01-01 01:29:59.810] WARNING: ❌ Gates Failed: Sample: 74345/69.82/d [OK] | Bal: 10.0% [FAIL] | Jaccard: ERR [WARN] | ANOVA: p=0.00 [OK] | MI: 0.0100 [OK]
2026-01-01 01:29:59,810 - System.tprint - WARNING - ⚠️ ❌ Gates Failed: Sample: 74345/69.82/d [OK] | Bal: 10.0% [FAIL] | Jaccard: ERR [WARN] | ANOVA: p=0.00 [OK] | MI: 0.0100 [OK]
[2026-01-01 01:30:00.162] WARNING: ❌ Gates Failed: Sample: 74338/69.84/d [OK] | Bal: 4.5% [FAIL] | Jaccard: ERR [WARN] | ANOVA: p=0.00 [OK] | MI: 0.0056 [OK]
2026-01-01 01:30:00,162 - System.tprint - WARNING - ⚠️ ❌ Gates Failed: Sample: 74338/69.84/d [OK] | Bal: 4.5% [FAIL] | Jaccard: ERR [WARN] | ANOVA: p=0.00 [OK] | MI: 0.0056 [OK]
[2026-01-01 01:30:00.262] WARNING: ❌ Gates Failed: Sample: 74338/69.84/d [OK] | Bal: 7.5% [FAIL] | Jaccard: ERR [WARN] | ANOVA: p=0.00 [OK] | MI: 0.0164 [OK]
2026-01-01 01:30:00,262 - System.tprint - WARNING - ⚠️ ❌ Gates Failed: Sample: 74338/69.84/d [OK] | Bal: 7.5% [FAIL] | Jaccard: ERR [WARN] | ANOVA: p=0.00 [OK] | MI: 0.0164 [OK]
[2026-01-01 01:30:00.454] WARNING: ❌ Gates Failed: Sample: 74345/69.82/d [OK] | Bal: 8.9% [FAIL] | Jaccard: ERR [WARN] | ANOVA: p=0.00 [OK] | MI: 0.0099 [OK]
2026-01-01 01:30:00,454 - System.tprint - WARNING - ⚠️ ❌ Gates Failed: Sample: 74345/69.82/d [OK] | Bal: 8.9% [FAIL] | Jaccard: ERR [WARN] | ANOVA: p=0.00 [OK] | MI: 0.0099 [OK]
[2026-01-01 01:30:00.654] WARNING: ❌ Gates Failed: Sample: 74338/69.84/d [OK] | Bal: 4.0% [FAIL] | Jaccard: ERR [WARN] | ANOVA: p=0.00 [OK] | MI: 0.0057 [OK]
2026-01-01 01:30:00,654 - System.tprint - WARNING - ⚠️ ❌ Gates Failed: Sample: 74338/69.84/d [OK] | Bal: 4.0% [FAIL] | Jaccard: ERR [WARN] | ANOVA: p=0.00 [OK] | MI: 0.0057 [OK]
[2026-01-01 01:30:00.741] WARNING: ❌ Gates Failed: Sample: 74338/69.84/d [OK] | Bal: 6.6% [FAIL] | Jaccard: ERR [WARN] | ANOVA: p=0.00 [OK] | MI: 0.0153 [OK]
2026-01-01 01:30:00,741 - System.tprint - WARNING - ⚠️ ❌ Gates Failed: Sample: 74338/69.84/d [OK] | Bal: 6.6% [FAIL] | Jaccard: ERR [WARN] | ANOVA: p=0.00 [OK] | MI: 0.0153 [OK]
[2026-01-01 01:30:00.839] WARNING: ❌ Gates Failed: Sample: 74338/69.84/d [OK] | Bal: 9.2% [FAIL] | Jaccard: ERR [WARN] | ANOVA: p=0.00 [OK] | MI: 0.0112 [OK]
2026-01-01 01:30:00,839 - System.tprint - WARNING - ⚠️ ❌ Gates Failed: Sample: 74338/69.84/d [OK] | Bal: 9.2% [FAIL] | Jaccard: ERR [WARN] | ANOVA: p=0.00 [OK] | MI: 0.0112 [OK]
[2026-01-01 01:30:01.205] WARNING: ❌ Gates Failed: Sample: 74338/69.84/d [OK] | Bal: 5.1% [FAIL] | Jaccard: ERR [WARN] | ANOVA: p=0.00 [OK] | MI: 0.0071 [OK]
2026-01-01 01:30:01,205 - System.tprint - WARNING - ⚠️ ❌ Gates Failed: Sample: 74338/69.84/d [OK] | Bal: 5.1% [FAIL] | Jaccard: ERR [WARN] | ANOVA: p=0.00 [OK] | MI: 0.0071 [OK]
[2026-01-01 01:30:01.396] WARNING: ❌ Gates Failed: Sample: 74338/69.84/d [OK] | Bal: 8.4% [FAIL] | Jaccard: ERR [WARN] | ANOVA: p=0.00 [OK] | MI: 0.0159 [OK]
2026-01-01 01:30:01,396 - System.tprint - WARNING - ⚠️ ❌ Gates Failed: Sample: 74338/69.84/d [OK] | Bal: 8.4% [FAIL] | Jaccard: ERR [WARN] | ANOVA: p=0.00 [OK] | MI: 0.0159 [OK]
[2026-01-01 01:30:01.885] WARNING: ❌ Gates Failed: Sample: 74338/69.84/d [OK] | Bal: 4.6% [FAIL] | Jaccard: ERR [WARN] | ANOVA: p=0.00 [OK] | MI: 0.0061 [OK]
2026-01-01 01:30:01,886 - System.tprint - WARNING - ⚠️ ❌ Gates Failed: Sample: 74338/69.84/d [OK] | Bal: 4.6% [FAIL] | Jaccard: ERR [WARN] | ANOVA: p=0.00 [OK] | MI: 0.0061 [OK]
[2026-01-01 01:30:02.004] WARNING: ❌ Gates Failed: Sample: 74338/69.84/d [OK] | Bal: 7.5% [FAIL] | Jaccard: ERR [WARN] | ANOVA: p=0.00 [OK] | MI: 0.0164 [OK]
2026-01-01 01:30:02,004 - System.tprint - WARNING - ⚠️ ❌ Gates Failed: Sample: 74338/69.84/d [OK] | Bal: 7.5% [FAIL] | Jaccard: ERR [WARN] | ANOVA: p=0.00 [OK] | MI: 0.0164 [OK]
[2026-01-01 01:30:11.877] WARNING: ❌ Gates Failed: Sample: 91806/86.30/d [OK] | Bal: 9.2% [FAIL] | Jaccard: 0.96 [OK] | ANOVA: p=0.00 [OK] | MI: 0.0081 [OK]
2026-01-01 01:30:11,877 - System.tprint - WARNING - ⚠️ ❌ Gates Failed: Sample: 91806/86.30/d [OK] | Bal: 9.2% [FAIL] | Jaccard: 0.96 [OK] | ANOVA: p=0.00 [OK] | MI: 0.0081 [OK]
[2026-01-01 01:30:12.611] WARNING: ❌ Gates Failed: Sample: 91806/86.30/d [OK] | Bal: 9.2% [FAIL] | Jaccard: 0.96 [OK] | ANOVA: p=0.00 [OK] | MI: 0.0081 [OK]
2026-01-01 01:30:12,612 - System.tprint - WARNING - ⚠️ ❌ Gates Failed: Sample: 91806/86.30/d [OK] | Bal: 9.2% [FAIL] | Jaccard: 0.96 [OK] | ANOVA: p=0.00 [OK] | MI: 0.0081 [OK]
[2026-01-01 01:30:12.971] WARNING: ❌ Gates Failed: Sample: 91806/86.30/d [OK] | Bal: 9.2% [FAIL] | Jaccard: 0.96 [OK] | ANOVA: p=0.00 [OK] | MI: 0.0081 [OK]
2026-01-01 01:30:12,971 - System.tprint - WARNING - ⚠️ ❌ Gates Failed: Sample: 91806/86.30/d [OK] | Bal: 9.2% [FAIL] | Jaccard: 0.96 [OK] | ANOVA: p=0.00 [OK] | MI: 0.0081 [OK]
[2026-01-01 01:30:14.691] WARNING: ❌ Gates Failed: Sample: 91806/86.30/d [OK] | Bal: 9.2% [FAIL] | Jaccard: 0.96 [OK] | ANOVA: p=0.00 [OK] | MI: 0.0081 [OK]
2026-01-01 01:30:14,691 - System.tprint - WARNING - ⚠️ ❌ Gates Failed: Sample: 91806/86.30/d [OK] | Bal: 9.2% [FAIL] | Jaccard: 0.96 [OK] | ANOVA: p=0.00 [OK] | MI: 0.0081 [OK]
[2026-01-01 01:30:15.027] WARNING: ❌ Gates Failed: Sample: 91806/86.30/d [OK] | Bal: 9.2% [FAIL] | Jaccard: 0.96 [OK] | ANOVA: p=0.00 [OK] | MI: 0.0081 [OK]
2026-01-01 01:30:15,027 - System.tprint - WARNING - ⚠️ ❌ Gates Failed: Sample: 91806/86.30/d [OK] | Bal: 9.2% [FAIL] | Jaccard: 0.96 [OK] | ANOVA: p=0.00 [OK] | MI: 0.0081 [OK]
[2026-01-01 01:30:15.663] WARNING: ❌ Gates Failed: Sample: 91806/86.30/d [OK] | Bal: 9.2% [FAIL] | Jaccard: 0.96 [OK] | ANOVA: p=0.00 [OK] | MI: 0.0081 [OK]
2026-01-01 01:30:15,664 - System.tprint - WARNING - ⚠️ ❌ Gates Failed: Sample: 91806/86.30/d [OK] | Bal: 9.2% [FAIL] | Jaccard: 0.96 [OK] | ANOVA: p=0.00 [OK] | MI: 0.0081 [OK]
[2026-01-01 01:30:17.156] WARNING: ❌ Gates Failed: Sample: 91806/86.30/d [OK] | Bal: 8.4% [FAIL] | Jaccard: 0.96 [OK] | ANOVA: p=0.00 [OK] | MI: 0.0102 [OK]
2026-01-01 01:30:17,156 - System.tprint - WARNING - ⚠️ ❌ Gates Failed: Sample: 91806/86.30/d [OK] | Bal: 8.4% [FAIL] | Jaccard: 0.96 [OK] | ANOVA: p=0.00 [OK] | MI: 0.0102 [OK]
[2026-01-01 01:30:17.643] WARNING: ❌ Gates Failed: Sample: 91806/86.30/d [OK] | Bal: 8.4% [FAIL] | Jaccard: 0.96 [OK] | ANOVA: p=0.00 [OK] | MI: 0.0102 [OK]
2026-01-01 01:30:17,643 - System.tprint - WARNING - ⚠️ ❌ Gates Failed: Sample: 91806/86.30/d [OK] | Bal: 8.4% [FAIL] | Jaccard: 0.96 [OK] | ANOVA: p=0.00 [OK] | MI: 0.0102 [OK]
[2026-01-01 01:30:17.983] WARNING: ❌ Gates Failed: Sample: 91806/86.30/d [OK] | Bal: 8.4% [FAIL] | Jaccard: 0.96 [OK] | ANOVA: p=0.00 [OK] | MI: 0.0102 [OK]
2026-01-01 01:30:17,983 - System.tprint - WARNING - ⚠️ ❌ Gates Failed: Sample: 91806/86.30/d [OK] | Bal: 8.4% [FAIL] | Jaccard: 0.96 [OK] | ANOVA: p=0.00 [OK] | MI: 0.0102 [OK]
[2026-01-01 01:30:19.635] WARNING: ❌ Gates Failed: Sample: 91806/86.30/d [OK] | Bal: 8.4% [FAIL] | Jaccard: 0.96 [OK] | ANOVA: p=0.00 [OK] | MI: 0.0102 [OK]
2026-01-01 01:30:19,635 - System.tprint - WARNING - ⚠️ ❌ Gates Failed: Sample: 91806/86.30/d [OK] | Bal: 8.4% [FAIL] | Jaccard: 0.96 [OK] | ANOVA: p=0.00 [OK] | MI: 0.0102 [OK]
[2026-01-01 01:30:19.977] WARNING: ❌ Gates Failed: Sample: 91806/86.30/d [OK] | Bal: 8.4% [FAIL] | Jaccard: 0.96 [OK] | ANOVA: p=0.00 [OK] | MI: 0.0102 [OK]
2026-01-01 01:30:19,978 - System.tprint - WARNING - ⚠️ ❌ Gates Failed: Sample: 91806/86.30/d [OK] | Bal: 8.4% [FAIL] | Jaccard: 0.96 [OK] | ANOVA: p=0.00 [OK] | MI: 0.0102 [OK]
[2026-01-01 01:30:20.323] WARNING: ❌ Gates Failed: Sample: 91806/86.30/d [OK] | Bal: 8.4% [FAIL] | Jaccard: 0.96 [OK] | ANOVA: p=0.00 [OK] | MI: 0.0102 [OK]
2026-01-01 01:30:20,324 - System.tprint - WARNING - ⚠️ ❌ Gates Failed: Sample: 91806/86.30/d [OK] | Bal: 8.4% [FAIL] | Jaccard: 0.96 [OK] | ANOVA: p=0.00 [OK] | MI: 0.0102 [OK]
[2026-01-01 01:30:22.101] WARNING: ❌ Gates Failed: Sample: 91806/86.30/d [OK] | Bal: 7.8% [FAIL] | Jaccard: 0.96 [OK] | ANOVA: p=0.00 [OK] | MI: 0.0093 [OK]
2026-01-01 01:30:22,101 - System.tprint - WARNING - ⚠️ ❌ Gates Failed: Sample: 91806/86.30/d [OK] | Bal: 7.8% [FAIL] | Jaccard: 0.96 [OK] | ANOVA: p=0.00 [OK] | MI: 0.0093 [OK]
[2026-01-01 01:30:22.440] WARNING: ❌ Gates Failed: Sample: 91806/86.30/d [OK] | Bal: 7.8% [FAIL] | Jaccard: 0.96 [OK] | ANOVA: p=0.00 [OK] | MI: 0.0093 [OK]
2026-01-01 01:30:22,441 - System.tprint - WARNING - ⚠️ ❌ Gates Failed: Sample: 91806/86.30/d [OK] | Bal: 7.8% [FAIL] | Jaccard: 0.96 [OK] | ANOVA: p=0.00 [OK] | MI: 0.0093 [OK]
[2026-01-01 01:30:22.930] WARNING: ❌ Gates Failed: Sample: 91806/86.30/d [OK] | Bal: 7.8% [FAIL] | Jaccard: 0.96 [OK] | ANOVA: p=0.00 [OK] | MI: 0.0093 [OK]
2026-01-01 01:30:22,930 - System.tprint - WARNING - ⚠️ ❌ Gates Failed: Sample: 91806/86.30/d [OK] | Bal: 7.8% [FAIL] | Jaccard: 0.96 [OK] | ANOVA: p=0.00 [OK] | MI: 0.0093 [OK]
[2026-01-01 01:30:24.433] WARNING: ❌ Gates Failed: Sample: 91806/86.30/d [OK] | Bal: 7.8% [FAIL] | Jaccard: 0.96 [OK] | ANOVA: p=0.00 [OK] | MI: 0.0093 [OK]
2026-01-01 01:30:24,433 - System.tprint - WARNING - ⚠️ ❌ Gates Failed: Sample: 91806/86.30/d [OK] | Bal: 7.8% [FAIL] | Jaccard: 0.96 [OK] | ANOVA: p=0.00 [OK] | MI: 0.0093 [OK]
[2026-01-01 01:30:24.920] WARNING: ❌ Gates Failed: Sample: 91806/86.30/d [OK] | Bal: 7.8% [FAIL] | Jaccard: 0.96 [OK] | ANOVA: p=0.00 [OK] | MI: 0.0093 [OK]
2026-01-01 01:30:24,920 - System.tprint - WARNING - ⚠️ ❌ Gates Failed: Sample: 91806/86.30/d [OK] | Bal: 7.8% [FAIL] | Jaccard: 0.96 [OK] | ANOVA: p=0.00 [OK] | MI: 0.0093 [OK]
[2026-01-01 01:30:25.266] WARNING: ❌ Gates Failed: Sample: 91806/86.30/d [OK] | Bal: 7.8% [FAIL] | Jaccard: 0.96 [OK] | ANOVA: p=0.00 [OK] | MI: 0.0093 [OK]
2026-01-01 01:30:25,266 - System.tprint - WARNING - ⚠️ ❌ Gates Failed: Sample: 91806/86.30/d [OK] | Bal: 7.8% [FAIL] | Jaccard: 0.96 [OK] | ANOVA: p=0.00 [OK] | MI: 0.0093 [OK]
[2026-01-01 01:30:28.664] WARNING: ❌ Gates Failed: Sample: 91806/86.30/d [OK] | Bal: 6.6% [FAIL] | Jaccard: 0.96 [OK] | ANOVA: p=0.00 [OK] | MI: 0.0063 [OK]
2026-01-01 01:30:28,665 - System.tprint - WARNING - ⚠️ ❌ Gates Failed: Sample: 91806/86.30/d [OK] | Bal: 6.6% [FAIL] | Jaccard: 0.96 [OK] | ANOVA: p=0.00 [OK] | MI: 0.0063 [OK]
[2026-01-01 01:30:29.368] WARNING: ❌ Gates Failed: Sample: 91806/86.30/d [OK] | Bal: 6.6% [FAIL] | Jaccard: 0.96 [OK] | ANOVA: p=0.00 [OK] | MI: 0.0063 [OK]
2026-01-01 01:30:29,368 - System.tprint - WARNING - ⚠️ ❌ Gates Failed: Sample: 91806/86.30/d [OK] | Bal: 6.6% [FAIL] | Jaccard: 0.96 [OK] | ANOVA: p=0.00 [OK] | MI: 0.0063 [OK]
[2026-01-01 01:30:29.845] WARNING: ❌ Gates Failed: Sample: 91806/86.30/d [OK] | Bal: 6.6% [FAIL] | Jaccard: 0.96 [OK] | ANOVA: p=0.00 [OK] | MI: 0.0063 [OK]
2026-01-01 01:30:29,845 - System.tprint - WARNING - ⚠️ ❌ Gates Failed: Sample: 91806/86.30/d [OK] | Bal: 6.6% [FAIL] | Jaccard: 0.96 [OK] | ANOVA: p=0.00 [OK] | MI: 0.0063 [OK]
[2026-01-01 01:30:32.731] WARNING: ❌ Gates Failed: Sample: 91806/86.30/d [OK] | Bal: 6.6% [FAIL] | Jaccard: 0.96 [OK] | ANOVA: p=0.00 [OK] | MI: 0.0063 [OK]
2026-01-01 01:30:32,731 - System.tprint - WARNING - ⚠️ ❌ Gates Failed: Sample: 91806/86.30/d [OK] | Bal: 6.6% [FAIL] | Jaccard: 0.96 [OK] | ANOVA: p=0.00 [OK] | MI: 0.0063 [OK]
[2026-01-01 01:30:33.093] WARNING: ❌ Gates Failed: Sample: 91806/86.30/d [OK] | Bal: 6.6% [FAIL] | Jaccard: 0.96 [OK] | ANOVA: p=0.00 [OK] | MI: 0.0063 [OK]
2026-01-01 01:30:33,094 - System.tprint - WARNING - ⚠️ ❌ Gates Failed: Sample: 91806/86.30/d [OK] | Bal: 6.6% [FAIL] | Jaccard: 0.96 [OK] | ANOVA: p=0.00 [OK] | MI: 0.0063 [OK]
[2026-01-01 01:30:33.622] WARNING: ❌ Gates Failed: Sample: 91806/86.30/d [OK] | Bal: 6.6% [FAIL] | Jaccard: 0.96 [OK] | ANOVA: p=0.00 [OK] | MI: 0.0063 [OK]
2026-01-01 01:30:33,622 - System.tprint - WARNING - ⚠️ ❌ Gates Failed: Sample: 91806/86.30/d [OK] | Bal: 6.6% [FAIL] | Jaccard: 0.96 [OK] | ANOVA: p=0.00 [OK] | MI: 0.0063 [OK]
[2026-01-01 01:30:40.168] WARNING: ❌ Gates Failed: Sample: 92546/87.00/d [OK] | Bal: 9.1% [FAIL] | Jaccard: 0.96 [OK] | ANOVA: p=0.00 [OK] | MI: 0.0090 [OK]
2026-01-01 01:30:40,168 - System.tprint - WARNING - ⚠️ ❌ Gates Failed: Sample: 92546/87.00/d [OK] | Bal: 9.1% [FAIL] | Jaccard: 0.96 [OK] | ANOVA: p=0.00 [OK] | MI: 0.0090 [OK]
[2026-01-01 01:30:40.498] WARNING: ❌ Gates Failed: Sample: 92546/87.00/d [OK] | Bal: 9.1% [FAIL] | Jaccard: 0.96 [OK] | ANOVA: p=0.00 [OK] | MI: 0.0090 [OK]
2026-01-01 01:30:40,498 - System.tprint - WARNING - ⚠️ ❌ Gates Failed: Sample: 92546/87.00/d [OK] | Bal: 9.1% [FAIL] | Jaccard: 0.96 [OK] | ANOVA: p=0.00 [OK] | MI: 0.0090 [OK]
[2026-01-01 01:30:40.828] WARNING: ❌ Gates Failed: Sample: 92546/87.00/d [OK] | Bal: 9.1% [FAIL] | Jaccard: 0.96 [OK] | ANOVA: p=0.00 [OK] | MI: 0.0090 [OK]
2026-01-01 01:30:40,828 - System.tprint - WARNING - ⚠️ ❌ Gates Failed: Sample: 92546/87.00/d [OK] | Bal: 9.1% [FAIL] | Jaccard: 0.96 [OK] | ANOVA: p=0.00 [OK] | MI: 0.0090 [OK]
[2026-01-01 01:30:42.706] WARNING: ❌ Gates Failed: Sample: 92546/87.00/d [OK] | Bal: 9.1% [FAIL] | Jaccard: 0.95 [OK] | ANOVA: p=0.00 [OK] | MI: 0.0090 [OK]
2026-01-01 01:30:42,707 - System.tprint - WARNING - ⚠️ ❌ Gates Failed: Sample: 92546/87.00/d [OK] | Bal: 9.1% [FAIL] | Jaccard: 0.95 [OK] | ANOVA: p=0.00 [OK] | MI: 0.0090 [OK]
[2026-01-01 01:30:43.047] WARNING: ❌ Gates Failed: Sample: 92546/87.00/d [OK] | Bal: 9.1% [FAIL] | Jaccard: 0.95 [OK] | ANOVA: p=0.00 [OK] | MI: 0.0090 [OK]
2026-01-01 01:30:43,047 - System.tprint - WARNING - ⚠️ ❌ Gates Failed: Sample: 92546/87.00/d [OK] | Bal: 9.1% [FAIL] | Jaccard: 0.95 [OK] | ANOVA: p=0.00 [OK] | MI: 0.0090 [OK]
[2026-01-01 01:30:43.540] WARNING: ❌ Gates Failed: Sample: 92546/87.00/d [OK] | Bal: 9.1% [FAIL] | Jaccard: 0.95 [OK] | ANOVA: p=0.00 [OK] | MI: 0.0090 [OK]
2026-01-01 01:30:43,540 - System.tprint - WARNING - ⚠️ ❌ Gates Failed: Sample: 92546/87.00/d [OK] | Bal: 9.1% [FAIL] | Jaccard: 0.95 [OK] | ANOVA: p=0.00 [OK] | MI: 0.0090 [OK]
[2026-01-01 01:30:45.046] WARNING: ❌ Gates Failed: Sample: 92546/87.00/d [OK] | Bal: 8.3% [FAIL] | Jaccard: 0.96 [OK] | ANOVA: p=0.00 [OK] | MI: 0.0087 [OK]
2026-01-01 01:30:45,046 - System.tprint - WARNING - ⚠️ ❌ Gates Failed: Sample: 92546/87.00/d [OK] | Bal: 8.3% [FAIL] | Jaccard: 0.96 [OK] | ANOVA: p=0.00 [OK] | MI: 0.0087 [OK]
[2026-01-01 01:30:45.514] WARNING: ❌ Gates Failed: Sample: 92546/87.00/d [OK] | Bal: 8.3% [FAIL] | Jaccard: 0.95 [OK] | ANOVA: p=0.00 [OK] | MI: 0.0087 [OK]
2026-01-01 01:30:45,515 - System.tprint - WARNING - ⚠️ ❌ Gates Failed: Sample: 92546/87.00/d [OK] | Bal: 8.3% [FAIL] | Jaccard: 0.95 [OK] | ANOVA: p=0.00 [OK] | MI: 0.0087 [OK]
[2026-01-01 01:30:45.847] WARNING: ❌ Gates Failed: Sample: 92546/87.00/d [OK] | Bal: 8.3% [FAIL] | Jaccard: 0.96 [OK] | ANOVA: p=0.00 [OK] | MI: 0.0087 [OK]
2026-01-01 01:30:45,847 - System.tprint - WARNING - ⚠️ ❌ Gates Failed: Sample: 92546/87.00/d [OK] | Bal: 8.3% [FAIL] | Jaccard: 0.96 [OK] | ANOVA: p=0.00 [OK] | MI: 0.0087 [OK]
[2026-01-01 01:30:47.453] WARNING: ❌ Gates Failed: Sample: 92546/87.00/d [OK] | Bal: 8.3% [FAIL] | Jaccard: 0.95 [OK] | ANOVA: p=0.00 [OK] | MI: 0.0087 [OK]
2026-01-01 01:30:47,453 - System.tprint - WARNING - ⚠️ ❌ Gates Failed: Sample: 92546/87.00/d [OK] | Bal: 8.3% [FAIL] | Jaccard: 0.95 [OK] | ANOVA: p=0.00 [OK] | MI: 0.0087 [OK]
[2026-01-01 01:30:47.931] WARNING: ❌ Gates Failed: Sample: 92546/87.00/d [OK] | Bal: 8.3% [FAIL] | Jaccard: 0.96 [OK] | ANOVA: p=0.00 [OK] | MI: 0.0087 [OK]
2026-01-01 01:30:47,931 - System.tprint - WARNING - ⚠️ ❌ Gates Failed: Sample: 92546/87.00/d [OK] | Bal: 8.3% [FAIL] | Jaccard: 0.96 [OK] | ANOVA: p=0.00 [OK] | MI: 0.0087 [OK]
[2026-01-01 01:30:48.266] WARNING: ❌ Gates Failed: Sample: 92546/87.00/d [OK] | Bal: 8.3% [FAIL] | Jaccard: 0.96 [OK] | ANOVA: p=0.00 [OK] | MI: 0.0087 [OK]
2026-01-01 01:30:48,267 - System.tprint - WARNING - ⚠️ ❌ Gates Failed: Sample: 92546/87.00/d [OK] | Bal: 8.3% [FAIL] | Jaccard: 0.96 [OK] | ANOVA: p=0.00 [OK] | MI: 0.0087 [OK]
[2026-01-01 01:30:49.877] WARNING: ❌ Gates Failed: Sample: 92546/87.00/d [OK] | Bal: 7.7% [FAIL] | Jaccard: 0.96 [OK] | ANOVA: p=0.00 [OK] | MI: 0.0075 [OK]
2026-01-01 01:30:49,878 - System.tprint - WARNING - ⚠️ ❌ Gates Failed: Sample: 92546/87.00/d [OK] | Bal: 7.7% [FAIL] | Jaccard: 0.96 [OK] | ANOVA: p=0.00 [OK] | MI: 0.0075 [OK]
[2026-01-01 01:30:50.217] WARNING: ❌ Gates Failed: Sample: 92546/87.00/d [OK] | Bal: 7.7% [FAIL] | Jaccard: 0.96 [OK] | ANOVA: p=0.00 [OK] | MI: 0.0075 [OK]
2026-01-01 01:30:50,218 - System.tprint - WARNING - ⚠️ ❌ Gates Failed: Sample: 92546/87.00/d [OK] | Bal: 7.7% [FAIL] | Jaccard: 0.96 [OK] | ANOVA: p=0.00 [OK] | MI: 0.0075 [OK]
[2026-01-01 01:30:50.688] WARNING: ❌ Gates Failed: Sample: 92546/87.00/d [OK] | Bal: 7.7% [FAIL] | Jaccard: 0.96 [OK] | ANOVA: p=0.00 [OK] | MI: 0.0075 [OK]
2026-01-01 01:30:50,688 - System.tprint - WARNING - ⚠️ ❌ Gates Failed: Sample: 92546/87.00/d [OK] | Bal: 7.7% [FAIL] | Jaccard: 0.96 [OK] | ANOVA: p=0.00 [OK] | MI: 0.0075 [OK]
[2026-01-01 01:30:52.463] WARNING: ❌ Gates Failed: Sample: 92546/87.00/d [OK] | Bal: 7.7% [FAIL] | Jaccard: 0.95 [OK] | ANOVA: p=0.00 [OK] | MI: 0.0075 [OK]
2026-01-01 01:30:52,463 - System.tprint - WARNING - ⚠️ ❌ Gates Failed: Sample: 92546/87.00/d [OK] | Bal: 7.7% [FAIL] | Jaccard: 0.95 [OK] | ANOVA: p=0.00 [OK] | MI: 0.0075 [OK]
[2026-01-01 01:30:52.873] WARNING: ❌ Gates Failed: Sample: 92546/87.00/d [OK] | Bal: 7.7% [FAIL] | Jaccard: 0.95 [OK] | ANOVA: p=0.00 [OK] | MI: 0.0075 [OK]
2026-01-01 01:30:52,873 - System.tprint - WARNING - ⚠️ ❌ Gates Failed: Sample: 92546/87.00/d [OK] | Bal: 7.7% [FAIL] | Jaccard: 0.95 [OK] | ANOVA: p=0.00 [OK] | MI: 0.0075 [OK]
[2026-01-01 01:30:53.764] WARNING: ❌ Gates Failed: Sample: 92546/87.00/d [OK] | Bal: 7.7% [FAIL] | Jaccard: 0.95 [OK] | ANOVA: p=0.00 [OK] | MI: 0.0075 [OK]
2026-01-01 01:30:53,764 - System.tprint - WARNING - ⚠️ ❌ Gates Failed: Sample: 92546/87.00/d [OK] | Bal: 7.7% [FAIL] | Jaccard: 0.95 [OK] | ANOVA: p=0.00 [OK] | MI: 0.0075 [OK]
[2026-01-01 01:30:56.117] WARNING: ❌ Gates Failed: Sample: 92546/87.00/d [OK] | Bal: 6.5% [FAIL] | Jaccard: 0.95 [OK] | ANOVA: p=0.00 [OK] | MI: 0.0091 [OK]
2026-01-01 01:30:56,117 - System.tprint - WARNING - ⚠️ ❌ Gates Failed: Sample: 92546/87.00/d [OK] | Bal: 6.5% [FAIL] | Jaccard: 0.95 [OK] | ANOVA: p=0.00 [OK] | MI: 0.0091 [OK]
[2026-01-01 01:30:56.715] WARNING: ❌ Gates Failed: Sample: 92546/87.00/d [OK] | Bal: 6.5% [FAIL] | Jaccard: 0.95 [OK] | ANOVA: p=0.00 [OK] | MI: 0.0091 [OK]
2026-01-01 01:30:56,716 - System.tprint - WARNING - ⚠️ ❌ Gates Failed: Sample: 92546/87.00/d [OK] | Bal: 6.5% [FAIL] | Jaccard: 0.95 [OK] | ANOVA: p=0.00 [OK] | MI: 0.0091 [OK]
[2026-01-01 01:30:57.482] WARNING: ❌ Gates Failed: Sample: 92546/87.00/d [OK] | Bal: 6.5% [FAIL] | Jaccard: 0.95 [OK] | ANOVA: p=0.00 [OK] | MI: 0.0091 [OK]
2026-01-01 01:30:57,482 - System.tprint - WARNING - ⚠️ ❌ Gates Failed: Sample: 92546/87.00/d [OK] | Bal: 6.5% [FAIL] | Jaccard: 0.95 [OK] | ANOVA: p=0.00 [OK] | MI: 0.0091 [OK]
[2026-01-01 01:30:59.181] WARNING: ❌ Gates Failed: Sample: 92546/87.00/d [OK] | Bal: 6.5% [FAIL] | Jaccard: 0.95 [OK] | ANOVA: p=0.00 [OK] | MI: 0.0091 [OK]
2026-01-01 01:30:59,181 - System.tprint - WARNING - ⚠️ ❌ Gates Failed: Sample: 92546/87.00/d [OK] | Bal: 6.5% [FAIL] | Jaccard: 0.95 [OK] | ANOVA: p=0.00 [OK] | MI: 0.0091 [OK]
[2026-01-01 01:30:59.653] WARNING: ❌ Gates Failed: Sample: 92546/87.00/d [OK] | Bal: 6.5% [FAIL] | Jaccard: 0.96 [OK] | ANOVA: p=0.00 [OK] | MI: 0.0091 [OK]
2026-01-01 01:30:59,653 - System.tprint - WARNING - ⚠️ ❌ Gates Failed: Sample: 92546/87.00/d [OK] | Bal: 6.5% [FAIL] | Jaccard: 0.96 [OK] | ANOVA: p=0.00 [OK] | MI: 0.0091 [OK]
[2026-01-01 01:30:59.993] WARNING: ❌ Gates Failed: Sample: 92546/87.00/d [OK] | Bal: 6.5% [FAIL] | Jaccard: 0.95 [OK] | ANOVA: p=0.00 [OK] | MI: 0.0091 [OK]
2026-01-01 01:30:59,993 - System.tprint - WARNING - ⚠️ ❌ Gates Failed: Sample: 92546/87.00/d [OK] | Bal: 6.5% [FAIL] | Jaccard: 0.95 [OK] | ANOVA: p=0.00 [OK] | MI: 0.0091 [OK]
2026-01-01 01:31:01,213 - src.training.steps.labeling.orthogonal_label_generation - WARNING - ⚠️ LiquidityCusumEvents requires DataFrame with High/Low
[2026-01-01 01:31:01.230] WARNING: ❌ Gates Failed: Sample: 2367/2.23/d [OK] | Bal: 100.0% [FAIL] | Jaccard: 0.00 [WARN] | ANOVA: p=0.50 [FAIL] | MI: 0.0000 [WARN]
2026-01-01 01:31:01,230 - System.tprint - WARNING - ⚠️ ❌ Gates Failed: Sample: 2367/2.23/d [OK] | Bal: 100.0% [FAIL] | Jaccard: 0.00 [WARN] | ANOVA: p=0.50 [FAIL] | MI: 0.0000 [WARN]
2026-01-01 01:31:01,238 - src.training.steps.labeling.orthogonal_label_generation - WARNING - ⚠️ LiquidityCusumEvents requires DataFrame with High/Low
[2026-01-01 01:31:01.254] WARNING: ❌ Gates Failed: Sample: 2367/2.23/d [OK] | Bal: 100.0% [FAIL] | Jaccard: 0.00 [WARN] | ANOVA: p=0.50 [FAIL] | MI: 0.0000 [WARN]
2026-01-01 01:31:01,254 - System.tprint - WARNING - ⚠️ ❌ Gates Failed: Sample: 2367/2.23/d [OK] | Bal: 100.0% [FAIL] | Jaccard: 0.00 [WARN] | ANOVA: p=0.50 [FAIL] | MI: 0.0000 [WARN]
2026-01-01 01:31:01,262 - src.training.steps.labeling.orthogonal_label_generation - WARNING - ⚠️ LiquidityCusumEvents requires DataFrame with High/Low
[2026-01-01 01:31:01.279] WARNING: ❌ Gates Failed: Sample: 2367/2.23/d [OK] | Bal: 100.0% [FAIL] | Jaccard: 0.00 [WARN] | ANOVA: p=0.50 [FAIL] | MI: 0.0000 [WARN]
2026-01-01 01:31:01,279 - System.tprint - WARNING - ⚠️ ❌ Gates Failed: Sample: 2367/2.23/d [OK] | Bal: 100.0% [FAIL] | Jaccard: 0.00 [WARN] | ANOVA: p=0.50 [FAIL] | MI: 0.0000 [WARN]
2026-01-01 01:31:01,288 - src.training.steps.labeling.orthogonal_label_generation - WARNING - ⚠️ LiquidityCusumEvents requires DataFrame with High/Low
[2026-01-01 01:31:01.304] WARNING: ❌ Gates Failed: Sample: 2367/2.23/d [OK] | Bal: 100.0% [FAIL] | Jaccard: 0.00 [WARN] | ANOVA: N/A [WARN] | MI: 0.0000 [WARN]
2026-01-01 01:31:01,304 - System.tprint - WARNING - ⚠️ ❌ Gates Failed: Sample: 2367/2.23/d [OK] | Bal: 100.0% [FAIL] | Jaccard: 0.00 [WARN] | ANOVA: N/A [WARN] | MI: 0.0000 [WARN]
2026-01-01 01:31:01,312 - src.training.steps.labeling.orthogonal_label_generation - WARNING - ⚠️ LiquidityCusumEvents requires DataFrame with High/Low
[2026-01-01 01:31:01.328] WARNING: ❌ Gates Failed: Sample: 2367/2.23/d [OK] | Bal: 100.0% [FAIL] | Jaccard: 0.00 [WARN] | ANOVA: N/A [WARN] | MI: 0.0000 [WARN]
2026-01-01 01:31:01,328 - System.tprint - WARNING - ⚠️ ❌ Gates Failed: Sample: 2367/2.23/d [OK] | Bal: 100.0% [FAIL] | Jaccard: 0.00 [WARN] | ANOVA: N/A [WARN] | MI: 0.0000 [WARN]
2026-01-01 01:31:01,336 - src.training.steps.labeling.orthogonal_label_generation - WARNING - ⚠️ LiquidityCusumEvents requires DataFrame with High/Low
[2026-01-01 01:31:01.351] WARNING: ❌ Gates Failed: Sample: 2367/2.23/d [OK] | Bal: 100.0% [FAIL] | Jaccard: 0.00 [WARN] | ANOVA: N/A [WARN] | MI: 0.0000 [WARN]
2026-01-01 01:31:01,351 - System.tprint - WARNING - ⚠️ ❌ Gates Failed: Sample: 2367/2.23/d [OK] | Bal: 100.0% [FAIL] | Jaccard: 0.00 [WARN] | ANOVA: N/A [WARN] | MI: 0.0000 [WARN]
2026-01-01 01:31:01,359 - src.training.steps.labeling.orthogonal_label_generation - WARNING - ⚠️ LiquidityCusumEvents requires DataFrame with High/Low
[2026-01-01 01:31:01.375] WARNING: ❌ Gates Failed: Sample: 2367/2.23/d [OK] | Bal: 100.0% [FAIL] | Jaccard: 0.00 [WARN] | ANOVA: p=0.50 [FAIL] | MI: 0.0000 [WARN]
2026-01-01 01:31:01,375 - System.tprint - WARNING - ⚠️ ❌ Gates Failed: Sample: 2367/2.23/d [OK] | Bal: 100.0% [FAIL] | Jaccard: 0.00 [WARN] | ANOVA: p=0.50 [FAIL] | MI: 0.0000 [WARN]
2026-01-01 01:31:01,383 - src.training.steps.labeling.orthogonal_label_generation - WARNING - ⚠️ LiquidityCusumEvents requires DataFrame with High/Low
[2026-01-01 01:31:01.399] WARNING: ❌ Gates Failed: Sample: 2367/2.23/d [OK] | Bal: 100.0% [FAIL] | Jaccard: 0.00 [WARN] | ANOVA: p=0.50 [FAIL] | MI: 0.0000 [WARN]
2026-01-01 01:31:01,399 - System.tprint - WARNING - ⚠️ ❌ Gates Failed: Sample: 2367/2.23/d [OK] | Bal: 100.0% [FAIL] | Jaccard: 0.00 [WARN] | ANOVA: p=0.50 [FAIL] | MI: 0.0000 [WARN]
2026-01-01 01:31:01,407 - src.training.steps.labeling.orthogonal_label_generation - WARNING - ⚠️ LiquidityCusumEvents requires DataFrame with High/Low
[2026-01-01 01:31:01.423] WARNING: ❌ Gates Failed: Sample: 2367/2.23/d [OK] | Bal: 100.0% [FAIL] | Jaccard: 0.00 [WARN] | ANOVA: p=0.50 [FAIL] | MI: 0.0000 [WARN]
2026-01-01 01:31:01,423 - System.tprint - WARNING - ⚠️ ❌ Gates Failed: Sample: 2367/2.23/d [OK] | Bal: 100.0% [FAIL] | Jaccard: 0.00 [WARN] | ANOVA: p=0.50 [FAIL] | MI: 0.0000 [WARN]
2026-01-01 01:31:01,431 - src.training.steps.labeling.orthogonal_label_generation - WARNING - ⚠️ LiquidityCusumEvents requires DataFrame with High/Low
[2026-01-01 01:31:01.447] WARNING: ❌ Gates Failed: Sample: 2367/2.23/d [OK] | Bal: 100.0% [FAIL] | Jaccard: 0.00 [WARN] | ANOVA: N/A [WARN] | MI: 0.0000 [WARN]
2026-01-01 01:31:01,447 - System.tprint - WARNING - ⚠️ ❌ Gates Failed: Sample: 2367/2.23/d [OK] | Bal: 100.0% [FAIL] | Jaccard: 0.00 [WARN] | ANOVA: N/A [WARN] | MI: 0.0000 [WARN]
2026-01-01 01:31:01,455 - src.training.steps.labeling.orthogonal_label_generation - WARNING - ⚠️ LiquidityCusumEvents requires DataFrame with High/Low
[2026-01-01 01:31:01.472] WARNING: ❌ Gates Failed: Sample: 2367/2.23/d [OK] | Bal: 100.0% [FAIL] | Jaccard: 0.00 [WARN] | ANOVA: N/A [WARN] | MI: 0.0000 [WARN]
2026-01-01 01:31:01,472 - System.tprint - WARNING - ⚠️ ❌ Gates Failed: Sample: 2367/2.23/d [OK] | Bal: 100.0% [FAIL] | Jaccard: 0.00 [WARN] | ANOVA: N/A [WARN] | MI: 0.0000 [WARN]
2026-01-01 01:31:01,480 - src.training.steps.labeling.orthogonal_label_generation - WARNING - ⚠️ LiquidityCusumEvents requires DataFrame with High/Low
[2026-01-01 01:31:01.497] WARNING: ❌ Gates Failed: Sample: 2367/2.23/d [OK] | Bal: 100.0% [FAIL] | Jaccard: 0.00 [WARN] | ANOVA: N/A [WARN] | MI: 0.0000 [WARN]
2026-01-01 01:31:01,497 - System.tprint - WARNING - ⚠️ ❌ Gates Failed: Sample: 2367/2.23/d [OK] | Bal: 100.0% [FAIL] | Jaccard: 0.00 [WARN] | ANOVA: N/A [WARN] | MI: 0.0000 [WARN]
2026-01-01 01:31:01,505 - src.training.steps.labeling.orthogonal_label_generation - WARNING - ⚠️ LiquidityCusumEvents requires DataFrame with High/Low
[2026-01-01 01:31:01.524] WARNING: ❌ Gates Failed: Sample: 2367/2.23/d [OK] | Bal: 99.6% [FAIL] | Jaccard: 0.00 [WARN] | ANOVA: p=0.08 [OK] | MI: 0.0043 [OK]
2026-01-01 01:31:01,524 - System.tprint - WARNING - ⚠️ ❌ Gates Failed: Sample: 2367/2.23/d [OK] | Bal: 99.6% [FAIL] | Jaccard: 0.00 [WARN] | ANOVA: p=0.08 [OK] | MI: 0.0043 [OK]
2026-01-01 01:31:01,532 - src.training.steps.labeling.orthogonal_label_generation - WARNING - ⚠️ LiquidityCusumEvents requires DataFrame with High/Low
[2026-01-01 01:31:01.549] WARNING: ❌ Gates Failed: Sample: 2367/2.23/d [OK] | Bal: 99.6% [FAIL] | Jaccard: 0.00 [WARN] | ANOVA: p=0.08 [OK] | MI: 0.0043 [OK]
2026-01-01 01:31:01,549 - System.tprint - WARNING - ⚠️ ❌ Gates Failed: Sample: 2367/2.23/d [OK] | Bal: 99.6% [FAIL] | Jaccard: 0.00 [WARN] | ANOVA: p=0.08 [OK] | MI: 0.0043 [OK]
2026-01-01 01:31:01,556 - src.training.steps.labeling.orthogonal_label_generation - WARNING - ⚠️ LiquidityCusumEvents requires DataFrame with High/Low
[2026-01-01 01:31:01.573] WARNING: ❌ Gates Failed: Sample: 2367/2.23/d [OK] | Bal: 99.6% [FAIL] | Jaccard: 0.00 [WARN] | ANOVA: p=0.08 [OK] | MI: 0.0043 [OK]
2026-01-01 01:31:01,573 - System.tprint - WARNING - ⚠️ ❌ Gates Failed: Sample: 2367/2.23/d [OK] | Bal: 99.6% [FAIL] | Jaccard: 0.00 [WARN] | ANOVA: p=0.08 [OK] | MI: 0.0043 [OK]
2026-01-01 01:31:01,581 - src.training.steps.labeling.orthogonal_label_generation - WARNING - ⚠️ LiquidityCusumEvents requires DataFrame with High/Low
[2026-01-01 01:31:01.597] WARNING: ❌ Gates Failed: Sample: 2367/2.23/d [OK] | Bal: 100.0% [FAIL] | Jaccard: 0.00 [WARN] | ANOVA: N/A [WARN] | MI: 0.0000 [WARN]
2026-01-01 01:31:01,597 - System.tprint - WARNING - ⚠️ ❌ Gates Failed: Sample: 2367/2.23/d [OK] | Bal: 100.0% [FAIL] | Jaccard: 0.00 [WARN] | ANOVA: N/A [WARN] | MI: 0.0000 [WARN]
2026-01-01 01:31:01,605 - src.training.steps.labeling.orthogonal_label_generation - WARNING - ⚠️ LiquidityCusumEvents requires DataFrame with High/Low
[2026-01-01 01:31:01.620] WARNING: ❌ Gates Failed: Sample: 2367/2.23/d [OK] | Bal: 100.0% [FAIL] | Jaccard: 0.00 [WARN] | ANOVA: N/A [WARN] | MI: 0.0000 [WARN]
2026-01-01 01:31:01,621 - System.tprint - WARNING - ⚠️ ❌ Gates Failed: Sample: 2367/2.23/d [OK] | Bal: 100.0% [FAIL] | Jaccard: 0.00 [WARN] | ANOVA: N/A [WARN] | MI: 0.0000 [WARN]
2026-01-01 01:31:01,629 - src.training.steps.labeling.orthogonal_label_generation - WARNING - ⚠️ LiquidityCusumEvents requires DataFrame with High/Low
[2026-01-01 01:31:01.645] WARNING: ❌ Gates Failed: Sample: 2367/2.23/d [OK] | Bal: 100.0% [FAIL] | Jaccard: 0.00 [WARN] | ANOVA: N/A [WARN] | MI: 0.0000 [WARN]
2026-01-01 01:31:01,645 - System.tprint - WARNING - ⚠️ ❌ Gates Failed: Sample: 2367/2.23/d [OK] | Bal: 100.0% [FAIL] | Jaccard: 0.00 [WARN] | ANOVA: N/A [WARN] | MI: 0.0000 [WARN]
2026-01-01 01:31:01,653 - src.training.steps.labeling.orthogonal_label_generation - WARNING - ⚠️ LiquidityCusumEvents requires DataFrame with High/Low
[2026-01-01 01:31:01.670] WARNING: ❌ Gates Failed: Sample: 2367/2.23/d [OK] | Bal: 99.6% [FAIL] | Jaccard: 0.00 [WARN] | ANOVA: p=0.08 [OK] | MI: 0.0043 [OK]
2026-01-01 01:31:01,670 - System.tprint - WARNING - ⚠️ ❌ Gates Failed: Sample: 2367/2.23/d [OK] | Bal: 99.6% [FAIL] | Jaccard: 0.00 [WARN] | ANOVA: p=0.08 [OK] | MI: 0.0043 [OK]
2026-01-01 01:31:01,678 - src.training.steps.labeling.orthogonal_label_generation - WARNING - ⚠️ LiquidityCusumEvents requires DataFrame with High/Low
[2026-01-01 01:31:01.694] WARNING: ❌ Gates Failed: Sample: 2367/2.23/d [OK] | Bal: 99.6% [FAIL] | Jaccard: 0.00 [WARN] | ANOVA: p=0.08 [OK] | MI: 0.0043 [OK]
2026-01-01 01:31:01,694 - System.tprint - WARNING - ⚠️ ❌ Gates Failed: Sample: 2367/2.23/d [OK] | Bal: 99.6% [FAIL] | Jaccard: 0.00 [WARN] | ANOVA: p=0.08 [OK] | MI: 0.0043 [OK]
2026-01-01 01:31:01,703 - src.training.steps.labeling.orthogonal_label_generation - WARNING - ⚠️ LiquidityCusumEvents requires DataFrame with High/Low
[2026-01-01 01:31:01.719] WARNING: ❌ Gates Failed: Sample: 2367/2.23/d [OK] | Bal: 99.6% [FAIL] | Jaccard: 0.00 [WARN] | ANOVA: p=0.08 [OK] | MI: 0.0043 [OK]
2026-01-01 01:31:01,719 - System.tprint - WARNING - ⚠️ ❌ Gates Failed: Sample: 2367/2.23/d [OK] | Bal: 99.6% [FAIL] | Jaccard: 0.00 [WARN] | ANOVA: p=0.08 [OK] | MI: 0.0043 [OK]
2026-01-01 01:31:01,728 - src.training.steps.labeling.orthogonal_label_generation - WARNING - ⚠️ LiquidityCusumEvents requires DataFrame with High/Low
[2026-01-01 01:31:01.743] WARNING: ❌ Gates Failed: Sample: 2367/2.23/d [OK] | Bal: 100.0% [FAIL] | Jaccard: 0.00 [WARN] | ANOVA: N/A [WARN] | MI: 0.0000 [WARN]
2026-01-01 01:31:01,744 - System.tprint - WARNING - ⚠️ ❌ Gates Failed: Sample: 2367/2.23/d [OK] | Bal: 100.0% [FAIL] | Jaccard: 0.00 [WARN] | ANOVA: N/A [WARN] | MI: 0.0000 [WARN]
2026-01-01 01:31:01,752 - src.training.steps.labeling.orthogonal_label_generation - WARNING - ⚠️ LiquidityCusumEvents requires DataFrame with High/Low
[2026-01-01 01:31:01.769] WARNING: ❌ Gates Failed: Sample: 2367/2.23/d [OK] | Bal: 100.0% [FAIL] | Jaccard: 0.00 [WARN] | ANOVA: N/A [WARN] | MI: 0.0000 [WARN]
2026-01-01 01:31:01,769 - System.tprint - WARNING - ⚠️ ❌ Gates Failed: Sample: 2367/2.23/d [OK] | Bal: 100.0% [FAIL] | Jaccard: 0.00 [WARN] | ANOVA: N/A [WARN] | MI: 0.0000 [WARN]
2026-01-01 01:31:01,778 - src.training.steps.labeling.orthogonal_label_generation - WARNING - ⚠️ LiquidityCusumEvents requires DataFrame with High/Low
[2026-01-01 01:31:01.795] WARNING: ❌ Gates Failed: Sample: 2367/2.23/d [OK] | Bal: 100.0% [FAIL] | Jaccard: 0.00 [WARN] | ANOVA: N/A [WARN] | MI: 0.0000 [WARN]
2026-01-01 01:31:01,795 - System.tprint - WARNING - ⚠️ ❌ Gates Failed: Sample: 2367/2.23/d [OK] | Bal: 100.0% [FAIL] | Jaccard: 0.00 [WARN] | ANOVA: N/A [WARN] | MI: 0.0000 [WARN]
2026-01-01 01:31:01,803 - src.training.steps.labeling.orthogonal_label_generation - WARNING - ⚠️ LiquidityCusumEvents requires DataFrame with High/Low
[2026-01-01 01:31:01.819] WARNING: ❌ Gates Failed: Sample: 2367/2.23/d [OK] | Bal: 99.2% [FAIL] | Jaccard: 0.00 [WARN] | ANOVA: p=0.09 [OK] | MI: 0.0067 [OK]
2026-01-01 01:31:01,820 - System.tprint - WARNING - ⚠️ ❌ Gates Failed: Sample: 2367/2.23/d [OK] | Bal: 99.2% [FAIL] | Jaccard: 0.00 [WARN] | ANOVA: p=0.09 [OK] | MI: 0.0067 [OK]
2026-01-01 01:31:01,828 - src.training.steps.labeling.orthogonal_label_generation - WARNING - ⚠️ LiquidityCusumEvents requires DataFrame with High/Low
[2026-01-01 01:31:01.845] WARNING: ❌ Gates Failed: Sample: 2367/2.23/d [OK] | Bal: 99.2% [FAIL] | Jaccard: 0.00 [WARN] | ANOVA: p=0.09 [OK] | MI: 0.0067 [OK]
2026-01-01 01:31:01,845 - System.tprint - WARNING - ⚠️ ❌ Gates Failed: Sample: 2367/2.23/d [OK] | Bal: 99.2% [FAIL] | Jaccard: 0.00 [WARN] | ANOVA: p=0.09 [OK] | MI: 0.0067 [OK]
2026-01-01 01:31:01,852 - src.training.steps.labeling.orthogonal_label_generation - WARNING - ⚠️ LiquidityCusumEvents requires DataFrame with High/Low
[2026-01-01 01:31:01.869] WARNING: ❌ Gates Failed: Sample: 2367/2.23/d [OK] | Bal: 99.2% [FAIL] | Jaccard: 0.00 [WARN] | ANOVA: p=0.09 [OK] | MI: 0.0067 [OK]
2026-01-01 01:31:01,869 - System.tprint - WARNING - ⚠️ ❌ Gates Failed: Sample: 2367/2.23/d [OK] | Bal: 99.2% [FAIL] | Jaccard: 0.00 [WARN] | ANOVA: p=0.09 [OK] | MI: 0.0067 [OK]
2026-01-01 01:31:01,877 - src.training.steps.labeling.orthogonal_label_generation - WARNING - ⚠️ LiquidityCusumEvents requires DataFrame with High/Low
[2026-01-01 01:31:01.893] WARNING: ❌ Gates Failed: Sample: 2367/2.23/d [OK] | Bal: 100.0% [FAIL] | Jaccard: 0.00 [WARN] | ANOVA: N/A [WARN] | MI: 0.0000 [WARN]
2026-01-01 01:31:01,893 - System.tprint - WARNING - ⚠️ ❌ Gates Failed: Sample: 2367/2.23/d [OK] | Bal: 100.0% [FAIL] | Jaccard: 0.00 [WARN] | ANOVA: N/A [WARN] | MI: 0.0000 [WARN]
2026-01-01 01:31:01,902 - src.training.steps.labeling.orthogonal_label_generation - WARNING - ⚠️ LiquidityCusumEvents requires DataFrame with High/Low
[2026-01-01 01:31:01.918] WARNING: ❌ Gates Failed: Sample: 2367/2.23/d [OK] | Bal: 100.0% [FAIL] | Jaccard: 0.00 [WARN] | ANOVA: N/A [WARN] | MI: 0.0000 [WARN]
2026-01-01 01:31:01,918 - System.tprint - WARNING - ⚠️ ❌ Gates Failed: Sample: 2367/2.23/d [OK] | Bal: 100.0% [FAIL] | Jaccard: 0.00 [WARN] | ANOVA: N/A [WARN] | MI: 0.0000 [WARN]
2026-01-01 01:31:01,927 - src.training.steps.labeling.orthogonal_label_generation - WARNING - ⚠️ LiquidityCusumEvents requires DataFrame with High/Low
[2026-01-01 01:31:01.942] WARNING: ❌ Gates Failed: Sample: 2367/2.23/d [OK] | Bal: 100.0% [FAIL] | Jaccard: 0.00 [WARN] | ANOVA: N/A [WARN] | MI: 0.0000 [WARN]
2026-01-01 01:31:01,942 - System.tprint - WARNING - ⚠️ ❌ Gates Failed: Sample: 2367/2.23/d [OK] | Bal: 100.0% [FAIL] | Jaccard: 0.00 [WARN] | ANOVA: N/A [WARN] | MI: 0.0000 [WARN]
2026-01-01 01:31:01,950 - src.training.steps.labeling.orthogonal_label_generation - WARNING - ⚠️ LiquidityCusumEvents requires DataFrame with High/Low
[2026-01-01 01:31:01.967] WARNING: ❌ Gates Failed: Sample: 2367/2.23/d [OK] | Bal: 99.2% [FAIL] | Jaccard: 0.00 [WARN] | ANOVA: p=0.09 [OK] | MI: 0.0067 [OK]
2026-01-01 01:31:01,967 - System.tprint - WARNING - ⚠️ ❌ Gates Failed: Sample: 2367/2.23/d [OK] | Bal: 99.2% [FAIL] | Jaccard: 0.00 [WARN] | ANOVA: p=0.09 [OK] | MI: 0.0067 [OK]
2026-01-01 01:31:01,975 - src.training.steps.labeling.orthogonal_label_generation - WARNING - ⚠️ LiquidityCusumEvents requires DataFrame with High/Low
[2026-01-01 01:31:01.991] WARNING: ❌ Gates Failed: Sample: 2367/2.23/d [OK] | Bal: 99.2% [FAIL] | Jaccard: 0.00 [WARN] | ANOVA: p=0.09 [OK] | MI: 0.0067 [OK]
2026-01-01 01:31:01,991 - System.tprint - WARNING - ⚠️ ❌ Gates Failed: Sample: 2367/2.23/d [OK] | Bal: 99.2% [FAIL] | Jaccard: 0.00 [WARN] | ANOVA: p=0.09 [OK] | MI: 0.0067 [OK]
2026-01-01 01:31:01,998 - src.training.steps.labeling.orthogonal_label_generation - WARNING - ⚠️ LiquidityCusumEvents requires DataFrame with High/Low
[2026-01-01 01:31:02.015] WARNING: ❌ Gates Failed: Sample: 2367/2.23/d [OK] | Bal: 99.2% [FAIL] | Jaccard: 0.00 [WARN] | ANOVA: p=0.09 [OK] | MI: 0.0067 [OK]
2026-01-01 01:31:02,015 - System.tprint - WARNING - ⚠️ ❌ Gates Failed: Sample: 2367/2.23/d [OK] | Bal: 99.2% [FAIL] | Jaccard: 0.00 [WARN] | ANOVA: p=0.09 [OK] | MI: 0.0067 [OK]
2026-01-01 01:31:02,024 - src.training.steps.labeling.orthogonal_label_generation - WARNING - ⚠️ LiquidityCusumEvents requires DataFrame with High/Low
[2026-01-01 01:31:02.053] WARNING: ❌ Gates Failed: Sample: 2367/2.23/d [OK] | Bal: 100.0% [FAIL] | Jaccard: 0.00 [WARN] | ANOVA: N/A [WARN] | MI: 0.0000 [WARN]
2026-01-01 01:31:02,053 - System.tprint - WARNING - ⚠️ ❌ Gates Failed: Sample: 2367/2.23/d [OK] | Bal: 100.0% [FAIL] | Jaccard: 0.00 [WARN] | ANOVA: N/A [WARN] | MI: 0.0000 [WARN]
2026-01-01 01:31:02,062 - src.training.steps.labeling.orthogonal_label_generation - WARNING - ⚠️ LiquidityCusumEvents requires DataFrame with High/Low
[2026-01-01 01:31:02.080] WARNING: ❌ Gates Failed: Sample: 2367/2.23/d [OK] | Bal: 100.0% [FAIL] | Jaccard: 0.00 [WARN] | ANOVA: N/A [WARN] | MI: 0.0000 [WARN]
2026-01-01 01:31:02,080 - System.tprint - WARNING - ⚠️ ❌ Gates Failed: Sample: 2367/2.23/d [OK] | Bal: 100.0% [FAIL] | Jaccard: 0.00 [WARN] | ANOVA: N/A [WARN] | MI: 0.0000 [WARN]
2026-01-01 01:31:02,089 - src.training.steps.labeling.orthogonal_label_generation - WARNING - ⚠️ LiquidityCusumEvents requires DataFrame with High/Low
[2026-01-01 01:31:02.106] WARNING: ❌ Gates Failed: Sample: 2367/2.23/d [OK] | Bal: 100.0% [FAIL] | Jaccard: 0.00 [WARN] | ANOVA: N/A [WARN] | MI: 0.0000 [WARN]
2026-01-01 01:31:02,106 - System.tprint - WARNING - ⚠️ ❌ Gates Failed: Sample: 2367/2.23/d [OK] | Bal: 100.0% [FAIL] | Jaccard: 0.00 [WARN] | ANOVA: N/A [WARN] | MI: 0.0000 [WARN]
2026-01-01 01:31:02,252 - src.utils.hardware.m1_memory_optimizer.M1MemoryOptimizer - INFO - ℹ️ 🧹 Moderate cleanup: 814 objects collected
2026-01-01 01:31:02,256 - src.training.steps.labeling.orthogonal_label_generation - WARNING - ⚠️ LiquidityCusumEvents requires DataFrame with High/Low
[2026-01-01 01:31:02.273] WARNING: ❌ Gates Failed: Sample: 2367/2.23/d [OK] | Bal: 98.6% [FAIL] | Jaccard: 0.00 [WARN] | ANOVA: p=0.02 [OK] | MI: 0.0080 [OK]
2026-01-01 01:31:02,273 - System.tprint - WARNING - ⚠️ ❌ Gates Failed: Sample: 2367/2.23/d [OK] | Bal: 98.6% [FAIL] | Jaccard: 0.00 [WARN] | ANOVA: p=0.02 [OK] | MI: 0.0080 [OK]
2026-01-01 01:31:02,281 - src.training.steps.labeling.orthogonal_label_generation - WARNING - ⚠️ LiquidityCusumEvents requires DataFrame with High/Low
[2026-01-01 01:31:02.298] WARNING: ❌ Gates Failed: Sample: 2367/2.23/d [OK] | Bal: 98.6% [FAIL] | Jaccard: 0.00 [WARN] | ANOVA: p=0.02 [OK] | MI: 0.0080 [OK]
2026-01-01 01:31:02,298 - System.tprint - WARNING - ⚠️ ❌ Gates Failed: Sample: 2367/2.23/d [OK] | Bal: 98.6% [FAIL] | Jaccard: 0.00 [WARN] | ANOVA: p=0.02 [OK] | MI: 0.0080 [OK]
2026-01-01 01:31:02,305 - src.training.steps.labeling.orthogonal_label_generation - WARNING - ⚠️ LiquidityCusumEvents requires DataFrame with High/Low
[2026-01-01 01:31:02.322] WARNING: ❌ Gates Failed: Sample: 2367/2.23/d [OK] | Bal: 98.6% [FAIL] | Jaccard: 0.00 [WARN] | ANOVA: p=0.02 [OK] | MI: 0.0080 [OK]
2026-01-01 01:31:02,322 - System.tprint - WARNING - ⚠️ ❌ Gates Failed: Sample: 2367/2.23/d [OK] | Bal: 98.6% [FAIL] | Jaccard: 0.00 [WARN] | ANOVA: p=0.02 [OK] | MI: 0.0080 [OK]
2026-01-01 01:31:02,330 - src.training.steps.labeling.orthogonal_label_generation - WARNING - ⚠️ LiquidityCusumEvents requires DataFrame with High/Low
[2026-01-01 01:31:02.346] WARNING: ❌ Gates Failed: Sample: 2367/2.23/d [OK] | Bal: 100.0% [FAIL] | Jaccard: 0.00 [WARN] | ANOVA: p=0.33 [FAIL] | MI: 0.0000 [WARN]
2026-01-01 01:31:02,346 - System.tprint - WARNING - ⚠️ ❌ Gates Failed: Sample: 2367/2.23/d [OK] | Bal: 100.0% [FAIL] | Jaccard: 0.00 [WARN] | ANOVA: p=0.33 [FAIL] | MI: 0.0000 [WARN]
2026-01-01 01:31:02,355 - src.training.steps.labeling.orthogonal_label_generation - WARNING - ⚠️ LiquidityCusumEvents requires DataFrame with High/Low
[2026-01-01 01:31:02.373] WARNING: ❌ Gates Failed: Sample: 2367/2.23/d [OK] | Bal: 100.0% [FAIL] | Jaccard: 0.00 [WARN] | ANOVA: p=0.33 [FAIL] | MI: 0.0000 [WARN]
2026-01-01 01:31:02,373 - System.tprint - WARNING - ⚠️ ❌ Gates Failed: Sample: 2367/2.23/d [OK] | Bal: 100.0% [FAIL] | Jaccard: 0.00 [WARN] | ANOVA: p=0.33 [FAIL] | MI: 0.0000 [WARN]
2026-01-01 01:31:02,381 - src.training.steps.labeling.orthogonal_label_generation - WARNING - ⚠️ LiquidityCusumEvents requires DataFrame with High/Low
[2026-01-01 01:31:02.397] WARNING: ❌ Gates Failed: Sample: 2367/2.23/d [OK] | Bal: 100.0% [FAIL] | Jaccard: 0.00 [WARN] | ANOVA: p=0.33 [FAIL] | MI: 0.0000 [WARN]
2026-01-01 01:31:02,398 - System.tprint - WARNING - ⚠️ ❌ Gates Failed: Sample: 2367/2.23/d [OK] | Bal: 100.0% [FAIL] | Jaccard: 0.00 [WARN] | ANOVA: p=0.33 [FAIL] | MI: 0.0000 [WARN]
2026-01-01 01:31:02,406 - src.training.steps.labeling.orthogonal_label_generation - WARNING - ⚠️ LiquidityCusumEvents requires DataFrame with High/Low
[2026-01-01 01:31:02.423] WARNING: ❌ Gates Failed: Sample: 2367/2.23/d [OK] | Bal: 98.6% [FAIL] | Jaccard: 0.00 [WARN] | ANOVA: p=0.02 [OK] | MI: 0.0080 [OK]
2026-01-01 01:31:02,423 - System.tprint - WARNING - ⚠️ ❌ Gates Failed: Sample: 2367/2.23/d [OK] | Bal: 98.6% [FAIL] | Jaccard: 0.00 [WARN] | ANOVA: p=0.02 [OK] | MI: 0.0080 [OK]
2026-01-01 01:31:02,430 - src.training.steps.labeling.orthogonal_label_generation - WARNING - ⚠️ LiquidityCusumEvents requires DataFrame with High/Low
[2026-01-01 01:31:02.447] WARNING: ❌ Gates Failed: Sample: 2367/2.23/d [OK] | Bal: 98.6% [FAIL] | Jaccard: 0.00 [WARN] | ANOVA: p=0.02 [OK] | MI: 0.0080 [OK]
2026-01-01 01:31:02,447 - System.tprint - WARNING - ⚠️ ❌ Gates Failed: Sample: 2367/2.23/d [OK] | Bal: 98.6% [FAIL] | Jaccard: 0.00 [WARN] | ANOVA: p=0.02 [OK] | MI: 0.0080 [OK]
2026-01-01 01:31:02,455 - src.training.steps.labeling.orthogonal_label_generation - WARNING - ⚠️ LiquidityCusumEvents requires DataFrame with High/Low
[2026-01-01 01:31:02.473] WARNING: ❌ Gates Failed: Sample: 2367/2.23/d [OK] | Bal: 98.6% [FAIL] | Jaccard: 0.00 [WARN] | ANOVA: p=0.02 [OK] | MI: 0.0080 [OK]
2026-01-01 01:31:02,473 - System.tprint - WARNING - ⚠️ ❌ Gates Failed: Sample: 2367/2.23/d [OK] | Bal: 98.6% [FAIL] | Jaccard: 0.00 [WARN] | ANOVA: p=0.02 [OK] | MI: 0.0080 [OK]
2026-01-01 01:31:02,482 - src.training.steps.labeling.orthogonal_label_generation - WARNING - ⚠️ LiquidityCusumEvents requires DataFrame with High/Low
[2026-01-01 01:31:02.498] WARNING: ❌ Gates Failed: Sample: 2367/2.23/d [OK] | Bal: 100.0% [FAIL] | Jaccard: 0.00 [WARN] | ANOVA: p=0.33 [FAIL] | MI: 0.0000 [WARN]
2026-01-01 01:31:02,499 - System.tprint - WARNING - ⚠️ ❌ Gates Failed: Sample: 2367/2.23/d [OK] | Bal: 100.0% [FAIL] | Jaccard: 0.00 [WARN] | ANOVA: p=0.33 [FAIL] | MI: 0.0000 [WARN]
2026-01-01 01:31:02,508 - src.training.steps.labeling.orthogonal_label_generation - WARNING - ⚠️ LiquidityCusumEvents requires DataFrame with High/Low
[2026-01-01 01:31:02.525] WARNING: ❌ Gates Failed: Sample: 2367/2.23/d [OK] | Bal: 100.0% [FAIL] | Jaccard: 0.00 [WARN] | ANOVA: p=0.33 [FAIL] | MI: 0.0000 [WARN]
2026-01-01 01:31:02,525 - System.tprint - WARNING - ⚠️ ❌ Gates Failed: Sample: 2367/2.23/d [OK] | Bal: 100.0% [FAIL] | Jaccard: 0.00 [WARN] | ANOVA: p=0.33 [FAIL] | MI: 0.0000 [WARN]
2026-01-01 01:31:02,534 - src.training.steps.labeling.orthogonal_label_generation - WARNING - ⚠️ LiquidityCusumEvents requires DataFrame with High/Low
[2026-01-01 01:31:02.550] WARNING: ❌ Gates Failed: Sample: 2367/2.23/d [OK] | Bal: 100.0% [FAIL] | Jaccard: 0.00 [WARN] | ANOVA: p=0.33 [FAIL] | MI: 0.0000 [WARN]
2026-01-01 01:31:02,550 - System.tprint - WARNING - ⚠️ ❌ Gates Failed: Sample: 2367/2.23/d [OK] | Bal: 100.0% [FAIL] | Jaccard: 0.00 [WARN] | ANOVA: p=0.33 [FAIL] | MI: 0.0000 [WARN]
2026-01-01 01:31:02,558 - src.training.steps.labeling.orthogonal_label_generation - WARNING - ⚠️ LiquidityCusumEvents requires DataFrame with High/Low
[2026-01-01 01:31:02.575] WARNING: ❌ Gates Failed: Sample: 2367/2.23/d [OK] | Bal: 96.5% [FAIL] | Jaccard: 0.00 [WARN] | ANOVA: p=0.00 [OK] | MI: 0.0138 [OK]
2026-01-01 01:31:02,575 - System.tprint - WARNING - ⚠️ ❌ Gates Failed: Sample: 2367/2.23/d [OK] | Bal: 96.5% [FAIL] | Jaccard: 0.00 [WARN] | ANOVA: p=0.00 [OK] | MI: 0.0138 [OK]
2026-01-01 01:31:02,584 - src.training.steps.labeling.orthogonal_label_generation - WARNING - ⚠️ LiquidityCusumEvents requires DataFrame with High/Low
[2026-01-01 01:31:02.600] WARNING: ❌ Gates Failed: Sample: 2367/2.23/d [OK] | Bal: 96.5% [FAIL] | Jaccard: 0.00 [WARN] | ANOVA: p=0.00 [OK] | MI: 0.0138 [OK]
2026-01-01 01:31:02,600 - System.tprint - WARNING - ⚠️ ❌ Gates Failed: Sample: 2367/2.23/d [OK] | Bal: 96.5% [FAIL] | Jaccard: 0.00 [WARN] | ANOVA: p=0.00 [OK] | MI: 0.0138 [OK]
2026-01-01 01:31:02,607 - src.training.steps.labeling.orthogonal_label_generation - WARNING - ⚠️ LiquidityCusumEvents requires DataFrame with High/Low
[2026-01-01 01:31:02.624] WARNING: ❌ Gates Failed: Sample: 2367/2.23/d [OK] | Bal: 96.5% [FAIL] | Jaccard: 0.00 [WARN] | ANOVA: p=0.00 [OK] | MI: 0.0138 [OK]
2026-01-01 01:31:02,624 - System.tprint - WARNING - ⚠️ ❌ Gates Failed: Sample: 2367/2.23/d [OK] | Bal: 96.5% [FAIL] | Jaccard: 0.00 [WARN] | ANOVA: p=0.00 [OK] | MI: 0.0138 [OK]
2026-01-01 01:31:02,632 - src.training.steps.labeling.orthogonal_label_generation - WARNING - ⚠️ LiquidityCusumEvents requires DataFrame with High/Low
[2026-01-01 01:31:02.648] WARNING: ❌ Gates Failed: Sample: 2367/2.23/d [OK] | Bal: 100.0% [FAIL] | Jaccard: 0.00 [WARN] | ANOVA: p=0.33 [FAIL] | MI: 0.0000 [WARN]
2026-01-01 01:31:02,648 - System.tprint - WARNING - ⚠️ ❌ Gates Failed: Sample: 2367/2.23/d [OK] | Bal: 100.0% [FAIL] | Jaccard: 0.00 [WARN] | ANOVA: p=0.33 [FAIL] | MI: 0.0000 [WARN]
2026-01-01 01:31:02,656 - src.training.steps.labeling.orthogonal_label_generation - WARNING - ⚠️ LiquidityCusumEvents requires DataFrame with High/Low
[2026-01-01 01:31:02.672] WARNING: ❌ Gates Failed: Sample: 2367/2.23/d [OK] | Bal: 100.0% [FAIL] | Jaccard: 0.00 [WARN] | ANOVA: p=0.33 [FAIL] | MI: 0.0000 [WARN]
2026-01-01 01:31:02,673 - System.tprint - WARNING - ⚠️ ❌ Gates Failed: Sample: 2367/2.23/d [OK] | Bal: 100.0% [FAIL] | Jaccard: 0.00 [WARN] | ANOVA: p=0.33 [FAIL] | MI: 0.0000 [WARN]
2026-01-01 01:31:02,681 - src.training.steps.labeling.orthogonal_label_generation - WARNING - ⚠️ LiquidityCusumEvents requires DataFrame with High/Low
[2026-01-01 01:31:02.697] WARNING: ❌ Gates Failed: Sample: 2367/2.23/d [OK] | Bal: 100.0% [FAIL] | Jaccard: 0.00 [WARN] | ANOVA: p=0.33 [FAIL] | MI: 0.0000 [WARN]
2026-01-01 01:31:02,697 - System.tprint - WARNING - ⚠️ ❌ Gates Failed: Sample: 2367/2.23/d [OK] | Bal: 100.0% [FAIL] | Jaccard: 0.00 [WARN] | ANOVA: p=0.33 [FAIL] | MI: 0.0000 [WARN]
2026-01-01 01:31:02,705 - src.training.steps.labeling.orthogonal_label_generation - WARNING - ⚠️ LiquidityCusumEvents requires DataFrame with High/Low
[2026-01-01 01:31:02.723] WARNING: ❌ Gates Failed: Sample: 2367/2.23/d [OK] | Bal: 96.5% [FAIL] | Jaccard: 0.00 [WARN] | ANOVA: p=0.00 [OK] | MI: 0.0138 [OK]
2026-01-01 01:31:02,723 - System.tprint - WARNING - ⚠️ ❌ Gates Failed: Sample: 2367/2.23/d [OK] | Bal: 96.5% [FAIL] | Jaccard: 0.00 [WARN] | ANOVA: p=0.00 [OK] | MI: 0.0138 [OK]
2026-01-01 01:31:02,731 - src.training.steps.labeling.orthogonal_label_generation - WARNING - ⚠️ LiquidityCusumEvents requires DataFrame with High/Low
[2026-01-01 01:31:02.748] WARNING: ❌ Gates Failed: Sample: 2367/2.23/d [OK] | Bal: 96.5% [FAIL] | Jaccard: 0.00 [WARN] | ANOVA: p=0.00 [OK] | MI: 0.0138 [OK]
2026-01-01 01:31:02,748 - System.tprint - WARNING - ⚠️ ❌ Gates Failed: Sample: 2367/2.23/d [OK] | Bal: 96.5% [FAIL] | Jaccard: 0.00 [WARN] | ANOVA: p=0.00 [OK] | MI: 0.0138 [OK]
2026-01-01 01:31:02,756 - src.training.steps.labeling.orthogonal_label_generation - WARNING - ⚠️ LiquidityCusumEvents requires DataFrame with High/Low
[2026-01-01 01:31:02.773] WARNING: ❌ Gates Failed: Sample: 2367/2.23/d [OK] | Bal: 96.5% [FAIL] | Jaccard: 0.00 [WARN] | ANOVA: p=0.00 [OK] | MI: 0.0138 [OK]
2026-01-01 01:31:02,773 - System.tprint - WARNING - ⚠️ ❌ Gates Failed: Sample: 2367/2.23/d [OK] | Bal: 96.5% [FAIL] | Jaccard: 0.00 [WARN] | ANOVA: p=0.00 [OK] | MI: 0.0138 [OK]
2026-01-01 01:31:02,782 - src.training.steps.labeling.orthogonal_label_generation - WARNING - ⚠️ LiquidityCusumEvents requires DataFrame with High/Low
[2026-01-01 01:31:02.797] WARNING: ❌ Gates Failed: Sample: 2367/2.23/d [OK] | Bal: 100.0% [FAIL] | Jaccard: 0.00 [WARN] | ANOVA: p=0.33 [FAIL] | MI: 0.0000 [WARN]
2026-01-01 01:31:02,797 - System.tprint - WARNING - ⚠️ ❌ Gates Failed: Sample: 2367/2.23/d [OK] | Bal: 100.0% [FAIL] | Jaccard: 0.00 [WARN] | ANOVA: p=0.33 [FAIL] | MI: 0.0000 [WARN]
2026-01-01 01:31:02,806 - src.training.steps.labeling.orthogonal_label_generation - WARNING - ⚠️ LiquidityCusumEvents requires DataFrame with High/Low
[2026-01-01 01:31:02.822] WARNING: ❌ Gates Failed: Sample: 2367/2.23/d [OK] | Bal: 100.0% [FAIL] | Jaccard: 0.00 [WARN] | ANOVA: p=0.33 [FAIL] | MI: 0.0000 [WARN]
2026-01-01 01:31:02,822 - System.tprint - WARNING - ⚠️ ❌ Gates Failed: Sample: 2367/2.23/d [OK] | Bal: 100.0% [FAIL] | Jaccard: 0.00 [WARN] | ANOVA: p=0.33 [FAIL] | MI: 0.0000 [WARN]
2026-01-01 01:31:02,831 - src.training.steps.labeling.orthogonal_label_generation - WARNING - ⚠️ LiquidityCusumEvents requires DataFrame with High/Low
[2026-01-01 01:31:02.848] WARNING: ❌ Gates Failed: Sample: 2367/2.23/d [OK] | Bal: 100.0% [FAIL] | Jaccard: 0.00 [WARN] | ANOVA: p=0.33 [FAIL] | MI: 0.0000 [WARN]
2026-01-01 01:31:02,848 - System.tprint - WARNING - ⚠️ ❌ Gates Failed: Sample: 2367/2.23/d [OK] | Bal: 100.0% [FAIL] | Jaccard: 0.00 [WARN] | ANOVA: p=0.33 [FAIL] | MI: 0.0000 [WARN]
2026-01-01 01:31:02,937 - src.training.steps.labeling.orthogonal_label_generation - WARNING - ⚠️ LiquidityCusumEvents requires DataFrame with High/Low
[2026-01-01 01:31:02.955] WARNING: ❌ Gates Failed: Sample: 5912/5.56/d [OK] | Bal: 100.0% [FAIL] | Jaccard: 0.00 [WARN] | ANOVA: p=0.09 [OK] | MI: 0.0000 [WARN]
2026-01-01 01:31:02,955 - System.tprint - WARNING - ⚠️ ❌ Gates Failed: Sample: 5912/5.56/d [OK] | Bal: 100.0% [FAIL] | Jaccard: 0.00 [WARN] | ANOVA: p=0.09 [OK] | MI: 0.0000 [WARN]
2026-01-01 01:31:02,964 - src.training.steps.labeling.orthogonal_label_generation - WARNING - ⚠️ LiquidityCusumEvents requires DataFrame with High/Low
[2026-01-01 01:31:02.982] WARNING: ❌ Gates Failed: Sample: 5912/5.56/d [OK] | Bal: 100.0% [FAIL] | Jaccard: 0.00 [WARN] | ANOVA: p=0.09 [OK] | MI: 0.0000 [WARN]
2026-01-01 01:31:02,983 - System.tprint - WARNING - ⚠️ ❌ Gates Failed: Sample: 5912/5.56/d [OK] | Bal: 100.0% [FAIL] | Jaccard: 0.00 [WARN] | ANOVA: p=0.09 [OK] | MI: 0.0000 [WARN]
2026-01-01 01:31:02,991 - src.training.steps.labeling.orthogonal_label_generation - WARNING - ⚠️ LiquidityCusumEvents requires DataFrame with High/Low
[2026-01-01 01:31:03.009] WARNING: ❌ Gates Failed: Sample: 5912/5.56/d [OK] | Bal: 100.0% [FAIL] | Jaccard: 0.00 [WARN] | ANOVA: p=0.09 [OK] | MI: 0.0000 [WARN]
2026-01-01 01:31:03,009 - System.tprint - WARNING - ⚠️ ❌ Gates Failed: Sample: 5912/5.56/d [OK] | Bal: 100.0% [FAIL] | Jaccard: 0.00 [WARN] | ANOVA: p=0.09 [OK] | MI: 0.0000 [WARN]
2026-01-01 01:31:03,020 - src.training.steps.labeling.orthogonal_label_generation - WARNING - ⚠️ LiquidityCusumEvents requires DataFrame with High/Low
[2026-01-01 01:31:03.038] WARNING: ❌ Gates Failed: Sample: 5912/5.56/d [OK] | Bal: 100.0% [FAIL] | Jaccard: 0.00 [WARN] | ANOVA: N/A [WARN] | MI: 0.0000 [WARN]
2026-01-01 01:31:03,038 - System.tprint - WARNING - ⚠️ ❌ Gates Failed: Sample: 5912/5.56/d [OK] | Bal: 100.0% [FAIL] | Jaccard: 0.00 [WARN] | ANOVA: N/A [WARN] | MI: 0.0000 [WARN]
2026-01-01 01:31:03,048 - src.training.steps.labeling.orthogonal_label_generation - WARNING - ⚠️ LiquidityCusumEvents requires DataFrame with High/Low
[2026-01-01 01:31:03.065] WARNING: ❌ Gates Failed: Sample: 5912/5.56/d [OK] | Bal: 100.0% [FAIL] | Jaccard: 0.00 [WARN] | ANOVA: N/A [WARN] | MI: 0.0000 [WARN]
2026-01-01 01:31:03,065 - System.tprint - WARNING - ⚠️ ❌ Gates Failed: Sample: 5912/5.56/d [OK] | Bal: 100.0% [FAIL] | Jaccard: 0.00 [WARN] | ANOVA: N/A [WARN] | MI: 0.0000 [WARN]
2026-01-01 01:31:03,075 - src.training.steps.labeling.orthogonal_label_generation - WARNING - ⚠️ LiquidityCusumEvents requires DataFrame with High/Low
[2026-01-01 01:31:03.093] WARNING: ❌ Gates Failed: Sample: 5912/5.56/d [OK] | Bal: 100.0% [FAIL] | Jaccard: 0.00 [WARN] | ANOVA: N/A [WARN] | MI: 0.0000 [WARN]
2026-01-01 01:31:03,093 - System.tprint - WARNING - ⚠️ ❌ Gates Failed: Sample: 5912/5.56/d [OK] | Bal: 100.0% [FAIL] | Jaccard: 0.00 [WARN] | ANOVA: N/A [WARN] | MI: 0.0000 [WARN]
2026-01-01 01:31:03,102 - src.training.steps.labeling.orthogonal_label_generation - WARNING - ⚠️ LiquidityCusumEvents requires DataFrame with High/Low
[2026-01-01 01:31:03.120] WARNING: ❌ Gates Failed: Sample: 5912/5.56/d [OK] | Bal: 100.0% [FAIL] | Jaccard: 0.00 [WARN] | ANOVA: p=0.09 [OK] | MI: 0.0000 [WARN]
2026-01-01 01:31:03,120 - System.tprint - WARNING - ⚠️ ❌ Gates Failed: Sample: 5912/5.56/d [OK] | Bal: 100.0% [FAIL] | Jaccard: 0.00 [WARN] | ANOVA: p=0.09 [OK] | MI: 0.0000 [WARN]
2026-01-01 01:31:03,128 - src.training.steps.labeling.orthogonal_label_generation - WARNING - ⚠️ LiquidityCusumEvents requires DataFrame with High/Low
[2026-01-01 01:31:03.146] WARNING: ❌ Gates Failed: Sample: 5912/5.56/d [OK] | Bal: 100.0% [FAIL] | Jaccard: 0.00 [WARN] | ANOVA: p=0.09 [OK] | MI: 0.0000 [WARN]
2026-01-01 01:31:03,146 - System.tprint - WARNING - ⚠️ ❌ Gates Failed: Sample: 5912/5.56/d [OK] | Bal: 100.0% [FAIL] | Jaccard: 0.00 [WARN] | ANOVA: p=0.09 [OK] | MI: 0.0000 [WARN]
2026-01-01 01:31:03,155 - src.training.steps.labeling.orthogonal_label_generation - WARNING - ⚠️ LiquidityCusumEvents requires DataFrame with High/Low
[2026-01-01 01:31:03.172] WARNING: ❌ Gates Failed: Sample: 5912/5.56/d [OK] | Bal: 100.0% [FAIL] | Jaccard: 0.00 [WARN] | ANOVA: p=0.09 [OK] | MI: 0.0000 [WARN]
2026-01-01 01:31:03,172 - System.tprint - WARNING - ⚠️ ❌ Gates Failed: Sample: 5912/5.56/d [OK] | Bal: 100.0% [FAIL] | Jaccard: 0.00 [WARN] | ANOVA: p=0.09 [OK] | MI: 0.0000 [WARN]
2026-01-01 01:31:03,182 - src.training.steps.labeling.orthogonal_label_generation - WARNING - ⚠️ LiquidityCusumEvents requires DataFrame with High/Low
[2026-01-01 01:31:03.200] WARNING: ❌ Gates Failed: Sample: 5912/5.56/d [OK] | Bal: 100.0% [FAIL] | Jaccard: 0.00 [WARN] | ANOVA: N/A [WARN] | MI: 0.0000 [WARN]
2026-01-01 01:31:03,200 - System.tprint - WARNING - ⚠️ ❌ Gates Failed: Sample: 5912/5.56/d [OK] | Bal: 100.0% [FAIL] | Jaccard: 0.00 [WARN] | ANOVA: N/A [WARN] | MI: 0.0000 [WARN]
2026-01-01 01:31:03,210 - src.training.steps.labeling.orthogonal_label_generation - WARNING - ⚠️ LiquidityCusumEvents requires DataFrame with High/Low
[2026-01-01 01:31:03.228] WARNING: ❌ Gates Failed: Sample: 5912/5.56/d [OK] | Bal: 100.0% [FAIL] | Jaccard: 0.00 [WARN] | ANOVA: N/A [WARN] | MI: 0.0000 [WARN]
2026-01-01 01:31:03,228 - System.tprint - WARNING - ⚠️ ❌ Gates Failed: Sample: 5912/5.56/d [OK] | Bal: 100.0% [FAIL] | Jaccard: 0.00 [WARN] | ANOVA: N/A [WARN] | MI: 0.0000 [WARN]
2026-01-01 01:31:03,238 - src.training.steps.labeling.orthogonal_label_generation - WARNING - ⚠️ LiquidityCusumEvents requires DataFrame with High/Low
[2026-01-01 01:31:03.257] WARNING: ❌ Gates Failed: Sample: 5912/5.56/d [OK] | Bal: 100.0% [FAIL] | Jaccard: 0.00 [WARN] | ANOVA: N/A [WARN] | MI: 0.0000 [WARN]
2026-01-01 01:31:03,257 - System.tprint - WARNING - ⚠️ ❌ Gates Failed: Sample: 5912/5.56/d [OK] | Bal: 100.0% [FAIL] | Jaccard: 0.00 [WARN] | ANOVA: N/A [WARN] | MI: 0.0000 [WARN]
2026-01-01 01:31:03,265 - src.training.steps.labeling.orthogonal_label_generation - WARNING - ⚠️ LiquidityCusumEvents requires DataFrame with High/Low
[2026-01-01 01:31:03.287] WARNING: ❌ Gates Failed: Sample: 5912/5.56/d [OK] | Bal: 99.7% [FAIL] | Jaccard: 0.00 [WARN] | ANOVA: p=0.21 [FAIL] | MI: 0.0015 [OK]
2026-01-01 01:31:03,287 - System.tprint - WARNING - ⚠️ ❌ Gates Failed: Sample: 5912/5.56/d [OK] | Bal: 99.7% [FAIL] | Jaccard: 0.00 [WARN] | ANOVA: p=0.21 [FAIL] | MI: 0.0015 [OK]
2026-01-01 01:31:03,295 - src.training.steps.labeling.orthogonal_label_generation - WARNING - ⚠️ LiquidityCusumEvents requires DataFrame with High/Low
[2026-01-01 01:31:03.315] WARNING: ❌ Gates Failed: Sample: 5912/5.56/d [OK] | Bal: 99.7% [FAIL] | Jaccard: 0.00 [WARN] | ANOVA: p=0.21 [FAIL] | MI: 0.0015 [OK]
2026-01-01 01:31:03,315 - System.tprint - WARNING - ⚠️ ❌ Gates Failed: Sample: 5912/5.56/d [OK] | Bal: 99.7% [FAIL] | Jaccard: 0.00 [WARN] | ANOVA: p=0.21 [FAIL] | MI: 0.0015 [OK]
2026-01-01 01:31:03,324 - src.training.steps.labeling.orthogonal_label_generation - WARNING - ⚠️ LiquidityCusumEvents requires DataFrame with High/Low
[2026-01-01 01:31:03.343] WARNING: ❌ Gates Failed: Sample: 5912/5.56/d [OK] | Bal: 99.7% [FAIL] | Jaccard: 0.00 [WARN] | ANOVA: p=0.21 [FAIL] | MI: 0.0015 [OK]
2026-01-01 01:31:03,343 - System.tprint - WARNING - ⚠️ ❌ Gates Failed: Sample: 5912/5.56/d [OK] | Bal: 99.7% [FAIL] | Jaccard: 0.00 [WARN] | ANOVA: p=0.21 [FAIL] | MI: 0.0015 [OK]
2026-01-01 01:31:03,353 - src.training.steps.labeling.orthogonal_label_generation - WARNING - ⚠️ LiquidityCusumEvents requires DataFrame with High/Low
[2026-01-01 01:31:03.371] WARNING: ❌ Gates Failed: Sample: 5912/5.56/d [OK] | Bal: 100.0% [FAIL] | Jaccard: 0.00 [WARN] | ANOVA: p=0.60 [FAIL] | MI: 0.0000 [WARN]
2026-01-01 01:31:03,371 - System.tprint - WARNING - ⚠️ ❌ Gates Failed: Sample: 5912/5.56/d [OK] | Bal: 100.0% [FAIL] | Jaccard: 0.00 [WARN] | ANOVA: p=0.60 [FAIL] | MI: 0.0000 [WARN]
2026-01-01 01:31:03,382 - src.training.steps.labeling.orthogonal_label_generation - WARNING - ⚠️ LiquidityCusumEvents requires DataFrame with High/Low
[2026-01-01 01:31:03.399] WARNING: ❌ Gates Failed: Sample: 5912/5.56/d [OK] | Bal: 100.0% [FAIL] | Jaccard: 0.00 [WARN] | ANOVA: p=0.60 [FAIL] | MI: 0.0000 [WARN]
2026-01-01 01:31:03,399 - System.tprint - WARNING - ⚠️ ❌ Gates Failed: Sample: 5912/5.56/d [OK] | Bal: 100.0% [FAIL] | Jaccard: 0.00 [WARN] | ANOVA: p=0.60 [FAIL] | MI: 0.0000 [WARN]
2026-01-01 01:31:03,409 - src.training.steps.labeling.orthogonal_label_generation - WARNING - ⚠️ LiquidityCusumEvents requires DataFrame with High/Low
[2026-01-01 01:31:03.427] WARNING: ❌ Gates Failed: Sample: 5912/5.56/d [OK] | Bal: 100.0% [FAIL] | Jaccard: 0.00 [WARN] | ANOVA: p=0.60 [FAIL] | MI: 0.0000 [WARN]
2026-01-01 01:31:03,427 - System.tprint - WARNING - ⚠️ ❌ Gates Failed: Sample: 5912/5.56/d [OK] | Bal: 100.0% [FAIL] | Jaccard: 0.00 [WARN] | ANOVA: p=0.60 [FAIL] | MI: 0.0000 [WARN]
2026-01-01 01:31:03,435 - src.training.steps.labeling.orthogonal_label_generation - WARNING - ⚠️ LiquidityCusumEvents requires DataFrame with High/Low
[2026-01-01 01:31:03.453] WARNING: ❌ Gates Failed: Sample: 5912/5.56/d [OK] | Bal: 99.7% [FAIL] | Jaccard: 0.00 [WARN] | ANOVA: p=0.21 [FAIL] | MI: 0.0015 [OK]
2026-01-01 01:31:03,453 - System.tprint - WARNING - ⚠️ ❌ Gates Failed: Sample: 5912/5.56/d [OK] | Bal: 99.7% [FAIL] | Jaccard: 0.00 [WARN] | ANOVA: p=0.21 [FAIL] | MI: 0.0015 [OK]
2026-01-01 01:31:03,462 - src.training.steps.labeling.orthogonal_label_generation - WARNING - ⚠️ LiquidityCusumEvents requires DataFrame with High/Low
[2026-01-01 01:31:03.480] WARNING: ❌ Gates Failed: Sample: 5912/5.56/d [OK] | Bal: 99.7% [FAIL] | Jaccard: 0.00 [WARN] | ANOVA: p=0.21 [FAIL] | MI: 0.0015 [OK]
2026-01-01 01:31:03,480 - System.tprint - WARNING - ⚠️ ❌ Gates Failed: Sample: 5912/5.56/d [OK] | Bal: 99.7% [FAIL] | Jaccard: 0.00 [WARN] | ANOVA: p=0.21 [FAIL] | MI: 0.0015 [OK]
2026-01-01 01:31:03,489 - src.training.steps.labeling.orthogonal_label_generation - WARNING - ⚠️ LiquidityCusumEvents requires DataFrame with High/Low
[2026-01-01 01:31:03.507] WARNING: ❌ Gates Failed: Sample: 5912/5.56/d [OK] | Bal: 99.7% [FAIL] | Jaccard: 0.00 [WARN] | ANOVA: p=0.21 [FAIL] | MI: 0.0015 [OK]
2026-01-01 01:31:03,507 - System.tprint - WARNING - ⚠️ ❌ Gates Failed: Sample: 5912/5.56/d [OK] | Bal: 99.7% [FAIL] | Jaccard: 0.00 [WARN] | ANOVA: p=0.21 [FAIL] | MI: 0.0015 [OK]
2026-01-01 01:31:03,517 - src.training.steps.labeling.orthogonal_label_generation - WARNING - ⚠️ LiquidityCusumEvents requires DataFrame with High/Low
[2026-01-01 01:31:03.535] WARNING: ❌ Gates Failed: Sample: 5912/5.56/d [OK] | Bal: 100.0% [FAIL] | Jaccard: 0.00 [WARN] | ANOVA: p=0.60 [FAIL] | MI: 0.0000 [WARN]
2026-01-01 01:31:03,536 - System.tprint - WARNING - ⚠️ ❌ Gates Failed: Sample: 5912/5.56/d [OK] | Bal: 100.0% [FAIL] | Jaccard: 0.00 [WARN] | ANOVA: p=0.60 [FAIL] | MI: 0.0000 [WARN]
2026-01-01 01:31:03,545 - src.training.steps.labeling.orthogonal_label_generation - WARNING - ⚠️ LiquidityCusumEvents requires DataFrame with High/Low
[2026-01-01 01:31:03.563] WARNING: ❌ Gates Failed: Sample: 5912/5.56/d [OK] | Bal: 100.0% [FAIL] | Jaccard: 0.00 [WARN] | ANOVA: p=0.60 [FAIL] | MI: 0.0000 [WARN]
2026-01-01 01:31:03,563 - System.tprint - WARNING - ⚠️ ❌ Gates Failed: Sample: 5912/5.56/d [OK] | Bal: 100.0% [FAIL] | Jaccard: 0.00 [WARN] | ANOVA: p=0.60 [FAIL] | MI: 0.0000 [WARN]
2026-01-01 01:31:03,574 - src.training.steps.labeling.orthogonal_label_generation - WARNING - ⚠️ LiquidityCusumEvents requires DataFrame with High/Low
[2026-01-01 01:31:03.592] WARNING: ❌ Gates Failed: Sample: 5912/5.56/d [OK] | Bal: 100.0% [FAIL] | Jaccard: 0.00 [WARN] | ANOVA: p=0.60 [FAIL] | MI: 0.0000 [WARN]
2026-01-01 01:31:03,592 - System.tprint - WARNING - ⚠️ ❌ Gates Failed: Sample: 5912/5.56/d [OK] | Bal: 100.0% [FAIL] | Jaccard: 0.00 [WARN] | ANOVA: p=0.60 [FAIL] | MI: 0.0000 [WARN]
2026-01-01 01:31:03,602 - src.training.steps.labeling.orthogonal_label_generation - WARNING - ⚠️ LiquidityCusumEvents requires DataFrame with High/Low
[2026-01-01 01:31:03.623] WARNING: ❌ Gates Failed: Sample: 5912/5.56/d [OK] | Bal: 99.4% [FAIL] | Jaccard: 0.00 [WARN] | ANOVA: p=0.07 [OK] | MI: 0.0022 [OK]
2026-01-01 01:31:03,623 - System.tprint - WARNING - ⚠️ ❌ Gates Failed: Sample: 5912/5.56/d [OK] | Bal: 99.4% [FAIL] | Jaccard: 0.00 [WARN] | ANOVA: p=0.07 [OK] | MI: 0.0022 [OK]
2026-01-01 01:31:03,632 - src.training.steps.labeling.orthogonal_label_generation - WARNING - ⚠️ LiquidityCusumEvents requires DataFrame with High/Low
[2026-01-01 01:31:03.652] WARNING: ❌ Gates Failed: Sample: 5912/5.56/d [OK] | Bal: 99.4% [FAIL] | Jaccard: 0.00 [WARN] | ANOVA: p=0.07 [OK] | MI: 0.0022 [OK]
2026-01-01 01:31:03,653 - System.tprint - WARNING - ⚠️ ❌ Gates Failed: Sample: 5912/5.56/d [OK] | Bal: 99.4% [FAIL] | Jaccard: 0.00 [WARN] | ANOVA: p=0.07 [OK] | MI: 0.0022 [OK]
2026-01-01 01:31:03,661 - src.training.steps.labeling.orthogonal_label_generation - WARNING - ⚠️ LiquidityCusumEvents requires DataFrame with High/Low
[2026-01-01 01:31:03.680] WARNING: ❌ Gates Failed: Sample: 5912/5.56/d [OK] | Bal: 99.4% [FAIL] | Jaccard: 0.00 [WARN] | ANOVA: p=0.07 [OK] | MI: 0.0022 [OK]
2026-01-01 01:31:03,680 - System.tprint - WARNING - ⚠️ ❌ Gates Failed: Sample: 5912/5.56/d [OK] | Bal: 99.4% [FAIL] | Jaccard: 0.00 [WARN] | ANOVA: p=0.07 [OK] | MI: 0.0022 [OK]
2026-01-01 01:31:03,690 - src.training.steps.labeling.orthogonal_label_generation - WARNING - ⚠️ LiquidityCusumEvents requires DataFrame with High/Low
[2026-01-01 01:31:03.707] WARNING: ❌ Gates Failed: Sample: 5912/5.56/d [OK] | Bal: 100.0% [FAIL] | Jaccard: 0.00 [WARN] | ANOVA: p=0.60 [FAIL] | MI: 0.0000 [WARN]
2026-01-01 01:31:03,707 - System.tprint - WARNING - ⚠️ ❌ Gates Failed: Sample: 5912/5.56/d [OK] | Bal: 100.0% [FAIL] | Jaccard: 0.00 [WARN] | ANOVA: p=0.60 [FAIL] | MI: 0.0000 [WARN]
2026-01-01 01:31:03,717 - src.training.steps.labeling.orthogonal_label_generation - WARNING - ⚠️ LiquidityCusumEvents requires DataFrame with High/Low
[2026-01-01 01:31:03.734] WARNING: ❌ Gates Failed: Sample: 5912/5.56/d [OK] | Bal: 100.0% [FAIL] | Jaccard: 0.00 [WARN] | ANOVA: p=0.60 [FAIL] | MI: 0.0000 [WARN]
2026-01-01 01:31:03,734 - System.tprint - WARNING - ⚠️ ❌ Gates Failed: Sample: 5912/5.56/d [OK] | Bal: 100.0% [FAIL] | Jaccard: 0.00 [WARN] | ANOVA: p=0.60 [FAIL] | MI: 0.0000 [WARN]
2026-01-01 01:31:03,744 - src.training.steps.labeling.orthogonal_label_generation - WARNING - ⚠️ LiquidityCusumEvents requires DataFrame with High/Low
[2026-01-01 01:31:03.762] WARNING: ❌ Gates Failed: Sample: 5912/5.56/d [OK] | Bal: 100.0% [FAIL] | Jaccard: 0.00 [WARN] | ANOVA: p=0.60 [FAIL] | MI: 0.0000 [WARN]
2026-01-01 01:31:03,762 - System.tprint - WARNING - ⚠️ ❌ Gates Failed: Sample: 5912/5.56/d [OK] | Bal: 100.0% [FAIL] | Jaccard: 0.00 [WARN] | ANOVA: p=0.60 [FAIL] | MI: 0.0000 [WARN]
2026-01-01 01:31:03,771 - src.training.steps.labeling.orthogonal_label_generation - WARNING - ⚠️ LiquidityCusumEvents requires DataFrame with High/Low
[2026-01-01 01:31:03.789] WARNING: ❌ Gates Failed: Sample: 5912/5.56/d [OK] | Bal: 99.4% [FAIL] | Jaccard: 0.00 [WARN] | ANOVA: p=0.07 [OK] | MI: 0.0022 [OK]
2026-01-01 01:31:03,789 - System.tprint - WARNING - ⚠️ ❌ Gates Failed: Sample: 5912/5.56/d [OK] | Bal: 99.4% [FAIL] | Jaccard: 0.00 [WARN] | ANOVA: p=0.07 [OK] | MI: 0.0022 [OK]
2026-01-01 01:31:03,797 - src.training.steps.labeling.orthogonal_label_generation - WARNING - ⚠️ LiquidityCusumEvents requires DataFrame with High/Low
[2026-01-01 01:31:03.815] WARNING: ❌ Gates Failed: Sample: 5912/5.56/d [OK] | Bal: 99.4% [FAIL] | Jaccard: 0.00 [WARN] | ANOVA: p=0.07 [OK] | MI: 0.0022 [OK]
2026-01-01 01:31:03,815 - System.tprint - WARNING - ⚠️ ❌ Gates Failed: Sample: 5912/5.56/d [OK] | Bal: 99.4% [FAIL] | Jaccard: 0.00 [WARN] | ANOVA: p=0.07 [OK] | MI: 0.0022 [OK]
2026-01-01 01:31:03,823 - src.training.steps.labeling.orthogonal_label_generation - WARNING - ⚠️ LiquidityCusumEvents requires DataFrame with High/Low
[2026-01-01 01:31:03.842] WARNING: ❌ Gates Failed: Sample: 5912/5.56/d [OK] | Bal: 99.4% [FAIL] | Jaccard: 0.00 [WARN] | ANOVA: p=0.07 [OK] | MI: 0.0022 [OK]
2026-01-01 01:31:03,842 - System.tprint - WARNING - ⚠️ ❌ Gates Failed: Sample: 5912/5.56/d [OK] | Bal: 99.4% [FAIL] | Jaccard: 0.00 [WARN] | ANOVA: p=0.07 [OK] | MI: 0.0022 [OK]
2026-01-01 01:31:03,853 - src.training.steps.labeling.orthogonal_label_generation - WARNING - ⚠️ LiquidityCusumEvents requires DataFrame with High/Low
[2026-01-01 01:31:03.878] WARNING: ❌ Gates Failed: Sample: 5912/5.56/d [OK] | Bal: 100.0% [FAIL] | Jaccard: 0.00 [WARN] | ANOVA: p=0.60 [FAIL] | MI: 0.0000 [WARN]
2026-01-01 01:31:03,879 - System.tprint - WARNING - ⚠️ ❌ Gates Failed: Sample: 5912/5.56/d [OK] | Bal: 100.0% [FAIL] | Jaccard: 0.00 [WARN] | ANOVA: p=0.60 [FAIL] | MI: 0.0000 [WARN]
2026-01-01 01:31:03,891 - src.training.steps.labeling.orthogonal_label_generation - WARNING - ⚠️ LiquidityCusumEvents requires DataFrame with High/Low
[2026-01-01 01:31:03.909] WARNING: ❌ Gates Failed: Sample: 5912/5.56/d [OK] | Bal: 100.0% [FAIL] | Jaccard: 0.00 [WARN] | ANOVA: p=0.60 [FAIL] | MI: 0.0000 [WARN]
2026-01-01 01:31:03,909 - System.tprint - WARNING - ⚠️ ❌ Gates Failed: Sample: 5912/5.56/d [OK] | Bal: 100.0% [FAIL] | Jaccard: 0.00 [WARN] | ANOVA: p=0.60 [FAIL] | MI: 0.0000 [WARN]
2026-01-01 01:31:03,920 - src.training.steps.labeling.orthogonal_label_generation - WARNING - ⚠️ LiquidityCusumEvents requires DataFrame with High/Low
[2026-01-01 01:31:03.938] WARNING: ❌ Gates Failed: Sample: 5912/5.56/d [OK] | Bal: 100.0% [FAIL] | Jaccard: 0.00 [WARN] | ANOVA: p=0.60 [FAIL] | MI: 0.0000 [WARN]
2026-01-01 01:31:03,938 - System.tprint - WARNING - ⚠️ ❌ Gates Failed: Sample: 5912/5.56/d [OK] | Bal: 100.0% [FAIL] | Jaccard: 0.00 [WARN] | ANOVA: p=0.60 [FAIL] | MI: 0.0000 [WARN]
2026-01-01 01:31:03,946 - src.training.steps.labeling.orthogonal_label_generation - WARNING - ⚠️ LiquidityCusumEvents requires DataFrame with High/Low
[2026-01-01 01:31:03.965] WARNING: ❌ Gates Failed: Sample: 5912/5.56/d [OK] | Bal: 98.7% [FAIL] | Jaccard: 0.00 [WARN] | ANOVA: p=0.01 [OK] | MI: 0.0043 [OK]
2026-01-01 01:31:03,965 - System.tprint - WARNING - ⚠️ ❌ Gates Failed: Sample: 5912/5.56/d [OK] | Bal: 98.7% [FAIL] | Jaccard: 0.00 [WARN] | ANOVA: p=0.01 [OK] | MI: 0.0043 [OK]
2026-01-01 01:31:03,974 - src.training.steps.labeling.orthogonal_label_generation - WARNING - ⚠️ LiquidityCusumEvents requires DataFrame with High/Low
[2026-01-01 01:31:03.993] WARNING: ❌ Gates Failed: Sample: 5912/5.56/d [OK] | Bal: 98.7% [FAIL] | Jaccard: 0.00 [WARN] | ANOVA: p=0.01 [OK] | MI: 0.0043 [OK]
2026-01-01 01:31:03,993 - System.tprint - WARNING - ⚠️ ❌ Gates Failed: Sample: 5912/5.56/d [OK] | Bal: 98.7% [FAIL] | Jaccard: 0.00 [WARN] | ANOVA: p=0.01 [OK] | MI: 0.0043 [OK]
2026-01-01 01:31:04,002 - src.training.steps.labeling.orthogonal_label_generation - WARNING - ⚠️ LiquidityCusumEvents requires DataFrame with High/Low
[2026-01-01 01:31:04.022] WARNING: ❌ Gates Failed: Sample: 5912/5.56/d [OK] | Bal: 98.7% [FAIL] | Jaccard: 0.00 [WARN] | ANOVA: p=0.01 [OK] | MI: 0.0043 [OK]
2026-01-01 01:31:04,022 - System.tprint - WARNING - ⚠️ ❌ Gates Failed: Sample: 5912/5.56/d [OK] | Bal: 98.7% [FAIL] | Jaccard: 0.00 [WARN] | ANOVA: p=0.01 [OK] | MI: 0.0043 [OK]
2026-01-01 01:31:04,032 - src.training.steps.labeling.orthogonal_label_generation - WARNING - ⚠️ LiquidityCusumEvents requires DataFrame with High/Low
[2026-01-01 01:31:04.050] WARNING: ❌ Gates Failed: Sample: 5912/5.56/d [OK] | Bal: 100.0% [FAIL] | Jaccard: 0.00 [WARN] | ANOVA: p=0.60 [FAIL] | MI: 0.0000 [WARN]
2026-01-01 01:31:04,050 - System.tprint - WARNING - ⚠️ ❌ Gates Failed: Sample: 5912/5.56/d [OK] | Bal: 100.0% [FAIL] | Jaccard: 0.00 [WARN] | ANOVA: p=0.60 [FAIL] | MI: 0.0000 [WARN]
2026-01-01 01:31:04,060 - src.training.steps.labeling.orthogonal_label_generation - WARNING - ⚠️ LiquidityCusumEvents requires DataFrame with High/Low
[2026-01-01 01:31:04.078] WARNING: ❌ Gates Failed: Sample: 5912/5.56/d [OK] | Bal: 100.0% [FAIL] | Jaccard: 0.00 [WARN] | ANOVA: p=0.60 [FAIL] | MI: 0.0000 [WARN]
2026-01-01 01:31:04,078 - System.tprint - WARNING - ⚠️ ❌ Gates Failed: Sample: 5912/5.56/d [OK] | Bal: 100.0% [FAIL] | Jaccard: 0.00 [WARN] | ANOVA: p=0.60 [FAIL] | MI: 0.0000 [WARN]
2026-01-01 01:31:04,088 - src.training.steps.labeling.orthogonal_label_generation - WARNING - ⚠️ LiquidityCusumEvents requires DataFrame with High/Low
[2026-01-01 01:31:04.106] WARNING: ❌ Gates Failed: Sample: 5912/5.56/d [OK] | Bal: 100.0% [FAIL] | Jaccard: 0.00 [WARN] | ANOVA: p=0.60 [FAIL] | MI: 0.0000 [WARN]
2026-01-01 01:31:04,106 - System.tprint - WARNING - ⚠️ ❌ Gates Failed: Sample: 5912/5.56/d [OK] | Bal: 100.0% [FAIL] | Jaccard: 0.00 [WARN] | ANOVA: p=0.60 [FAIL] | MI: 0.0000 [WARN]
2026-01-01 01:31:04,113 - src.training.steps.labeling.orthogonal_label_generation - WARNING - ⚠️ LiquidityCusumEvents requires DataFrame with High/Low
[2026-01-01 01:31:04.132] WARNING: ❌ Gates Failed: Sample: 5912/5.56/d [OK] | Bal: 98.7% [FAIL] | Jaccard: 0.00 [WARN] | ANOVA: p=0.01 [OK] | MI: 0.0043 [OK]
2026-01-01 01:31:04,132 - System.tprint - WARNING - ⚠️ ❌ Gates Failed: Sample: 5912/5.56/d [OK] | Bal: 98.7% [FAIL] | Jaccard: 0.00 [WARN] | ANOVA: p=0.01 [OK] | MI: 0.0043 [OK]
2026-01-01 01:31:04,140 - src.training.steps.labeling.orthogonal_label_generation - WARNING - ⚠️ LiquidityCusumEvents requires DataFrame with High/Low
[2026-01-01 01:31:04.158] WARNING: ❌ Gates Failed: Sample: 5912/5.56/d [OK] | Bal: 98.7% [FAIL] | Jaccard: 0.00 [WARN] | ANOVA: p=0.01 [OK] | MI: 0.0043 [OK]
2026-01-01 01:31:04,158 - System.tprint - WARNING - ⚠️ ❌ Gates Failed: Sample: 5912/5.56/d [OK] | Bal: 98.7% [FAIL] | Jaccard: 0.00 [WARN] | ANOVA: p=0.01 [OK] | MI: 0.0043 [OK]
2026-01-01 01:31:04,167 - src.training.steps.labeling.orthogonal_label_generation - WARNING - ⚠️ LiquidityCusumEvents requires DataFrame with High/Low
[2026-01-01 01:31:04.185] WARNING: ❌ Gates Failed: Sample: 5912/5.56/d [OK] | Bal: 98.7% [FAIL] | Jaccard: 0.00 [WARN] | ANOVA: p=0.01 [OK] | MI: 0.0043 [OK]
2026-01-01 01:31:04,186 - System.tprint - WARNING - ⚠️ ❌ Gates Failed: Sample: 5912/5.56/d [OK] | Bal: 98.7% [FAIL] | Jaccard: 0.00 [WARN] | ANOVA: p=0.01 [OK] | MI: 0.0043 [OK]
2026-01-01 01:31:04,195 - src.training.steps.labeling.orthogonal_label_generation - WARNING - ⚠️ LiquidityCusumEvents requires DataFrame with High/Low
[2026-01-01 01:31:04.213] WARNING: ❌ Gates Failed: Sample: 5912/5.56/d [OK] | Bal: 100.0% [FAIL] | Jaccard: 0.00 [WARN] | ANOVA: p=0.60 [FAIL] | MI: 0.0000 [WARN]
2026-01-01 01:31:04,213 - System.tprint - WARNING - ⚠️ ❌ Gates Failed: Sample: 5912/5.56/d [OK] | Bal: 100.0% [FAIL] | Jaccard: 0.00 [WARN] | ANOVA: p=0.60 [FAIL] | MI: 0.0000 [WARN]
2026-01-01 01:31:04,225 - src.training.steps.labeling.orthogonal_label_generation - WARNING - ⚠️ LiquidityCusumEvents requires DataFrame with High/Low
[2026-01-01 01:31:04.245] WARNING: ❌ Gates Failed: Sample: 5912/5.56/d [OK] | Bal: 100.0% [FAIL] | Jaccard: 0.00 [WARN] | ANOVA: p=0.60 [FAIL] | MI: 0.0000 [WARN]
2026-01-01 01:31:04,246 - System.tprint - WARNING - ⚠️ ❌ Gates Failed: Sample: 5912/5.56/d [OK] | Bal: 100.0% [FAIL] | Jaccard: 0.00 [WARN] | ANOVA: p=0.60 [FAIL] | MI: 0.0000 [WARN]
2026-01-01 01:31:04,257 - src.training.steps.labeling.orthogonal_label_generation - WARNING - ⚠️ LiquidityCusumEvents requires DataFrame with High/Low
[2026-01-01 01:31:04.274] WARNING: ❌ Gates Failed: Sample: 5912/5.56/d [OK] | Bal: 100.0% [FAIL] | Jaccard: 0.00 [WARN] | ANOVA: p=0.60 [FAIL] | MI: 0.0000 [WARN]
2026-01-01 01:31:04,275 - System.tprint - WARNING - ⚠️ ❌ Gates Failed: Sample: 5912/5.56/d [OK] | Bal: 100.0% [FAIL] | Jaccard: 0.00 [WARN] | ANOVA: p=0.60 [FAIL] | MI: 0.0000 [WARN]
2026-01-01 01:31:04,283 - src.training.steps.labeling.orthogonal_label_generation - WARNING - ⚠️ LiquidityCusumEvents requires DataFrame with High/Low
[2026-01-01 01:31:04.302] WARNING: ❌ Gates Failed: Sample: 5912/5.56/d [OK] | Bal: 96.5% [FAIL] | Jaccard: 0.00 [WARN] | ANOVA: p=0.00 [OK] | MI: 0.0084 [OK]
2026-01-01 01:31:04,302 - System.tprint - WARNING - ⚠️ ❌ Gates Failed: Sample: 5912/5.56/d [OK] | Bal: 96.5% [FAIL] | Jaccard: 0.00 [WARN] | ANOVA: p=0.00 [OK] | MI: 0.0084 [OK]
2026-01-01 01:31:04,311 - src.training.steps.labeling.orthogonal_label_generation - WARNING - ⚠️ LiquidityCusumEvents requires DataFrame with High/Low
[2026-01-01 01:31:04.329] WARNING: ❌ Gates Failed: Sample: 5912/5.56/d [OK] | Bal: 96.5% [FAIL] | Jaccard: 0.00 [WARN] | ANOVA: p=0.00 [OK] | MI: 0.0084 [OK]
2026-01-01 01:31:04,329 - System.tprint - WARNING - ⚠️ ❌ Gates Failed: Sample: 5912/5.56/d [OK] | Bal: 96.5% [FAIL] | Jaccard: 0.00 [WARN] | ANOVA: p=0.00 [OK] | MI: 0.0084 [OK]
2026-01-01 01:31:04,338 - src.training.steps.labeling.orthogonal_label_generation - WARNING - ⚠️ LiquidityCusumEvents requires DataFrame with High/Low
[2026-01-01 01:31:04.356] WARNING: ❌ Gates Failed: Sample: 5912/5.56/d [OK] | Bal: 96.5% [FAIL] | Jaccard: 0.00 [WARN] | ANOVA: p=0.00 [OK] | MI: 0.0084 [OK]
2026-01-01 01:31:04,356 - System.tprint - WARNING - ⚠️ ❌ Gates Failed: Sample: 5912/5.56/d [OK] | Bal: 96.5% [FAIL] | Jaccard: 0.00 [WARN] | ANOVA: p=0.00 [OK] | MI: 0.0084 [OK]
2026-01-01 01:31:04,367 - src.training.steps.labeling.orthogonal_label_generation - WARNING - ⚠️ LiquidityCusumEvents requires DataFrame with High/Low
[2026-01-01 01:31:04.384] WARNING: ❌ Gates Failed: Sample: 5912/5.56/d [OK] | Bal: 100.0% [FAIL] | Jaccard: 0.00 [WARN] | ANOVA: p=0.60 [FAIL] | MI: 0.0000 [WARN]
2026-01-01 01:31:04,384 - System.tprint - WARNING - ⚠️ ❌ Gates Failed: Sample: 5912/5.56/d [OK] | Bal: 100.0% [FAIL] | Jaccard: 0.00 [WARN] | ANOVA: p=0.60 [FAIL] | MI: 0.0000 [WARN]
2026-01-01 01:31:04,394 - src.training.steps.labeling.orthogonal_label_generation - WARNING - ⚠️ LiquidityCusumEvents requires DataFrame with High/Low
[2026-01-01 01:31:04.413] WARNING: ❌ Gates Failed: Sample: 5912/5.56/d [OK] | Bal: 100.0% [FAIL] | Jaccard: 0.00 [WARN] | ANOVA: p=0.60 [FAIL] | MI: 0.0000 [WARN]
2026-01-01 01:31:04,413 - System.tprint - WARNING - ⚠️ ❌ Gates Failed: Sample: 5912/5.56/d [OK] | Bal: 100.0% [FAIL] | Jaccard: 0.00 [WARN] | ANOVA: p=0.60 [FAIL] | MI: 0.0000 [WARN]
2026-01-01 01:31:04,423 - src.training.steps.labeling.orthogonal_label_generation - WARNING - ⚠️ LiquidityCusumEvents requires DataFrame with High/Low
[2026-01-01 01:31:04.441] WARNING: ❌ Gates Failed: Sample: 5912/5.56/d [OK] | Bal: 100.0% [FAIL] | Jaccard: 0.00 [WARN] | ANOVA: p=0.60 [FAIL] | MI: 0.0000 [WARN]
2026-01-01 01:31:04,441 - System.tprint - WARNING - ⚠️ ❌ Gates Failed: Sample: 5912/5.56/d [OK] | Bal: 100.0% [FAIL] | Jaccard: 0.00 [WARN] | ANOVA: p=0.60 [FAIL] | MI: 0.0000 [WARN]
2026-01-01 01:31:04,449 - src.training.steps.labeling.orthogonal_label_generation - WARNING - ⚠️ LiquidityCusumEvents requires DataFrame with High/Low
[2026-01-01 01:31:04.469] WARNING: ❌ Gates Failed: Sample: 5912/5.56/d [OK] | Bal: 96.5% [FAIL] | Jaccard: 0.00 [WARN] | ANOVA: p=0.00 [OK] | MI: 0.0084 [OK]
2026-01-01 01:31:04,469 - System.tprint - WARNING - ⚠️ ❌ Gates Failed: Sample: 5912/5.56/d [OK] | Bal: 96.5% [FAIL] | Jaccard: 0.00 [WARN] | ANOVA: p=0.00 [OK] | MI: 0.0084 [OK]
2026-01-01 01:31:04,477 - src.training.steps.labeling.orthogonal_label_generation - WARNING - ⚠️ LiquidityCusumEvents requires DataFrame with High/Low
[2026-01-01 01:31:04.496] WARNING: ❌ Gates Failed: Sample: 5912/5.56/d [OK] | Bal: 96.5% [FAIL] | Jaccard: 0.00 [WARN] | ANOVA: p=0.00 [OK] | MI: 0.0084 [OK]
2026-01-01 01:31:04,496 - System.tprint - WARNING - ⚠️ ❌ Gates Failed: Sample: 5912/5.56/d [OK] | Bal: 96.5% [FAIL] | Jaccard: 0.00 [WARN] | ANOVA: p=0.00 [OK] | MI: 0.0084 [OK]
2026-01-01 01:31:04,505 - src.training.steps.labeling.orthogonal_label_generation - WARNING - ⚠️ LiquidityCusumEvents requires DataFrame with High/Low
[2026-01-01 01:31:04.524] WARNING: ❌ Gates Failed: Sample: 5912/5.56/d [OK] | Bal: 96.5% [FAIL] | Jaccard: 0.00 [WARN] | ANOVA: p=0.00 [OK] | MI: 0.0084 [OK]
2026-01-01 01:31:04,524 - System.tprint - WARNING - ⚠️ ❌ Gates Failed: Sample: 5912/5.56/d [OK] | Bal: 96.5% [FAIL] | Jaccard: 0.00 [WARN] | ANOVA: p=0.00 [OK] | MI: 0.0084 [OK]
2026-01-01 01:31:04,533 - src.training.steps.labeling.orthogonal_label_generation - WARNING - ⚠️ LiquidityCusumEvents requires DataFrame with High/Low
[2026-01-01 01:31:04.551] WARNING: ❌ Gates Failed: Sample: 5912/5.56/d [OK] | Bal: 100.0% [FAIL] | Jaccard: 0.00 [WARN] | ANOVA: p=0.60 [FAIL] | MI: 0.0000 [WARN]
2026-01-01 01:31:04,551 - System.tprint - WARNING - ⚠️ ❌ Gates Failed: Sample: 5912/5.56/d [OK] | Bal: 100.0% [FAIL] | Jaccard: 0.00 [WARN] | ANOVA: p=0.60 [FAIL] | MI: 0.0000 [WARN]
2026-01-01 01:31:04,561 - src.training.steps.labeling.orthogonal_label_generation - WARNING - ⚠️ LiquidityCusumEvents requires DataFrame with High/Low
[2026-01-01 01:31:04.579] WARNING: ❌ Gates Failed: Sample: 5912/5.56/d [OK] | Bal: 100.0% [FAIL] | Jaccard: 0.00 [WARN] | ANOVA: p=0.60 [FAIL] | MI: 0.0000 [WARN]
2026-01-01 01:31:04,579 - System.tprint - WARNING - ⚠️ ❌ Gates Failed: Sample: 5912/5.56/d [OK] | Bal: 100.0% [FAIL] | Jaccard: 0.00 [WARN] | ANOVA: p=0.60 [FAIL] | MI: 0.0000 [WARN]
2026-01-01 01:31:04,589 - src.training.steps.labeling.orthogonal_label_generation - WARNING - ⚠️ LiquidityCusumEvents requires DataFrame with High/Low
[2026-01-01 01:31:04.607] WARNING: ❌ Gates Failed: Sample: 5912/5.56/d [OK] | Bal: 100.0% [FAIL] | Jaccard: 0.00 [WARN] | ANOVA: p=0.60 [FAIL] | MI: 0.0000 [WARN]
2026-01-01 01:31:04,607 - System.tprint - WARNING - ⚠️ ❌ Gates Failed: Sample: 5912/5.56/d [OK] | Bal: 100.0% [FAIL] | Jaccard: 0.00 [WARN] | ANOVA: p=0.60 [FAIL] | MI: 0.0000 [WARN]
[2026-01-01 01:31:04.717] WARNING: ❌ Gates Failed: Sample: 7/0.01/d [FAIL] | Bal: 14.3% [OK] | Jaccard: ERR [WARN] | ANOVA: p=0.21 [FAIL] | MI: 0.0000 [WARN]
2026-01-01 01:31:04,717 - System.tprint - WARNING - ⚠️ ❌ Gates Failed: Sample: 7/0.01/d [FAIL] | Bal: 14.3% [OK] | Jaccard: ERR [WARN] | ANOVA: p=0.21 [FAIL] | MI: 0.0000 [WARN]
[2026-01-01 01:31:04.744] WARNING: ❌ Gates Failed: Sample: 7/0.01/d [FAIL] | Bal: 14.3% [OK] | Jaccard: ERR [WARN] | ANOVA: p=0.21 [FAIL] | MI: 0.0000 [WARN]
2026-01-01 01:31:04,744 - System.tprint - WARNING - ⚠️ ❌ Gates Failed: Sample: 7/0.01/d [FAIL] | Bal: 14.3% [OK] | Jaccard: ERR [WARN] | ANOVA: p=0.21 [FAIL] | MI: 0.0000 [WARN]
[2026-01-01 01:31:04.774] WARNING: ❌ Gates Failed: Sample: 7/0.01/d [FAIL] | Bal: 14.3% [OK] | Jaccard: ERR [WARN] | ANOVA: p=0.21 [FAIL] | MI: 0.0000 [WARN]
2026-01-01 01:31:04,775 - System.tprint - WARNING - ⚠️ ❌ Gates Failed: Sample: 7/0.01/d [FAIL] | Bal: 14.3% [OK] | Jaccard: ERR [WARN] | ANOVA: p=0.21 [FAIL] | MI: 0.0000 [WARN]
[2026-01-01 01:31:04.801] WARNING: ❌ Gates Failed: Sample: 7/0.01/d [FAIL] | Bal: 0.0% [FAIL] | Jaccard: ERR [WARN] | ANOVA: N/A [WARN] | MI: 0.0000 [WARN]
2026-01-01 01:31:04,802 - System.tprint - WARNING - ⚠️ ❌ Gates Failed: Sample: 7/0.01/d [FAIL] | Bal: 0.0% [FAIL] | Jaccard: ERR [WARN] | ANOVA: N/A [WARN] | MI: 0.0000 [WARN]
[2026-01-01 01:31:04.826] WARNING: ❌ Gates Failed: Sample: 7/0.01/d [FAIL] | Bal: 0.0% [FAIL] | Jaccard: ERR [WARN] | ANOVA: N/A [WARN] | MI: 0.0000 [WARN]
2026-01-01 01:31:04,826 - System.tprint - WARNING - ⚠️ ❌ Gates Failed: Sample: 7/0.01/d [FAIL] | Bal: 0.0% [FAIL] | Jaccard: ERR [WARN] | ANOVA: N/A [WARN] | MI: 0.0000 [WARN]
[2026-01-01 01:31:04.890] WARNING: ❌ Gates Failed: Sample: 7/0.01/d [FAIL] | Bal: 0.0% [FAIL] | Jaccard: ERR [WARN] | ANOVA: N/A [WARN] | MI: 0.0000 [WARN]
2026-01-01 01:31:04,890 - System.tprint - WARNING - ⚠️ ❌ Gates Failed: Sample: 7/0.01/d [FAIL] | Bal: 0.0% [FAIL] | Jaccard: ERR [WARN] | ANOVA: N/A [WARN] | MI: 0.0000 [WARN]
[2026-01-01 01:31:04.913] WARNING: ❌ Gates Failed: Sample: 7/0.01/d [FAIL] | Bal: 14.3% [OK] | Jaccard: ERR [WARN] | ANOVA: p=0.21 [FAIL] | MI: 0.0000 [WARN]
2026-01-01 01:31:04,913 - System.tprint - WARNING - ⚠️ ❌ Gates Failed: Sample: 7/0.01/d [FAIL] | Bal: 14.3% [OK] | Jaccard: ERR [WARN] | ANOVA: p=0.21 [FAIL] | MI: 0.0000 [WARN]
[2026-01-01 01:31:04.938] WARNING: ❌ Gates Failed: Sample: 7/0.01/d [FAIL] | Bal: 14.3% [OK] | Jaccard: ERR [WARN] | ANOVA: p=0.21 [FAIL] | MI: 0.0000 [WARN]
2026-01-01 01:31:04,938 - System.tprint - WARNING - ⚠️ ❌ Gates Failed: Sample: 7/0.01/d [FAIL] | Bal: 14.3% [OK] | Jaccard: ERR [WARN] | ANOVA: p=0.21 [FAIL] | MI: 0.0000 [WARN]
[2026-01-01 01:31:04.960] WARNING: ❌ Gates Failed: Sample: 7/0.01/d [FAIL] | Bal: 14.3% [OK] | Jaccard: ERR [WARN] | ANOVA: p=0.21 [FAIL] | MI: 0.0000 [WARN]
2026-01-01 01:31:04,960 - System.tprint - WARNING - ⚠️ ❌ Gates Failed: Sample: 7/0.01/d [FAIL] | Bal: 14.3% [OK] | Jaccard: ERR [WARN] | ANOVA: p=0.21 [FAIL] | MI: 0.0000 [WARN]
[2026-01-01 01:31:04.975] WARNING: ❌ Gates Failed: Sample: 7/0.01/d [FAIL] | Bal: 0.0% [FAIL] | Jaccard: ERR [WARN] | ANOVA: N/A [WARN] | MI: 0.0000 [WARN]
2026-01-01 01:31:04,975 - System.tprint - WARNING - ⚠️ ❌ Gates Failed: Sample: 7/0.01/d [FAIL] | Bal: 0.0% [FAIL] | Jaccard: ERR [WARN] | ANOVA: N/A [WARN] | MI: 0.0000 [WARN]
[2026-01-01 01:31:04.989] WARNING: ❌ Gates Failed: Sample: 7/0.01/d [FAIL] | Bal: 0.0% [FAIL] | Jaccard: ERR [WARN] | ANOVA: N/A [WARN] | MI: 0.0000 [WARN]
2026-01-01 01:31:04,990 - System.tprint - WARNING - ⚠️ ❌ Gates Failed: Sample: 7/0.01/d [FAIL] | Bal: 0.0% [FAIL] | Jaccard: ERR [WARN] | ANOVA: N/A [WARN] | MI: 0.0000 [WARN]
[2026-01-01 01:31:05.004] WARNING: ❌ Gates Failed: Sample: 7/0.01/d [FAIL] | Bal: 0.0% [FAIL] | Jaccard: ERR [WARN] | ANOVA: N/A [WARN] | MI: 0.0000 [WARN]
2026-01-01 01:31:05,004 - System.tprint - WARNING - ⚠️ ❌ Gates Failed: Sample: 7/0.01/d [FAIL] | Bal: 0.0% [FAIL] | Jaccard: ERR [WARN] | ANOVA: N/A [WARN] | MI: 0.0000 [WARN]
[2026-01-01 01:31:05.018] WARNING: ❌ Gates Failed: Sample: 7/0.01/d [FAIL] | Bal: 14.3% [OK] | Jaccard: ERR [WARN] | ANOVA: p=0.21 [FAIL] | MI: 0.0000 [WARN]
2026-01-01 01:31:05,018 - System.tprint - WARNING - ⚠️ ❌ Gates Failed: Sample: 7/0.01/d [FAIL] | Bal: 14.3% [OK] | Jaccard: ERR [WARN] | ANOVA: p=0.21 [FAIL] | MI: 0.0000 [WARN]
[2026-01-01 01:31:05.033] WARNING: ❌ Gates Failed: Sample: 7/0.01/d [FAIL] | Bal: 14.3% [OK] | Jaccard: ERR [WARN] | ANOVA: p=0.21 [FAIL] | MI: 0.0000 [WARN]
2026-01-01 01:31:05,033 - System.tprint - WARNING - ⚠️ ❌ Gates Failed: Sample: 7/0.01/d [FAIL] | Bal: 14.3% [OK] | Jaccard: ERR [WARN] | ANOVA: p=0.21 [FAIL] | MI: 0.0000 [WARN]
[2026-01-01 01:31:05.047] WARNING: ❌ Gates Failed: Sample: 7/0.01/d [FAIL] | Bal: 14.3% [OK] | Jaccard: ERR [WARN] | ANOVA: p=0.21 [FAIL] | MI: 0.0000 [WARN]
2026-01-01 01:31:05,047 - System.tprint - WARNING - ⚠️ ❌ Gates Failed: Sample: 7/0.01/d [FAIL] | Bal: 14.3% [OK] | Jaccard: ERR [WARN] | ANOVA: p=0.21 [FAIL] | MI: 0.0000 [WARN]
[2026-01-01 01:31:05.070] WARNING: ❌ Gates Failed: Sample: 7/0.01/d [FAIL] | Bal: 0.0% [FAIL] | Jaccard: ERR [WARN] | ANOVA: N/A [WARN] | MI: 0.0000 [WARN]
2026-01-01 01:31:05,070 - System.tprint - WARNING - ⚠️ ❌ Gates Failed: Sample: 7/0.01/d [FAIL] | Bal: 0.0% [FAIL] | Jaccard: ERR [WARN] | ANOVA: N/A [WARN] | MI: 0.0000 [WARN]
[2026-01-01 01:31:05.087] WARNING: ❌ Gates Failed: Sample: 7/0.01/d [FAIL] | Bal: 0.0% [FAIL] | Jaccard: ERR [WARN] | ANOVA: N/A [WARN] | MI: 0.0000 [WARN]
2026-01-01 01:31:05,087 - System.tprint - WARNING - ⚠️ ❌ Gates Failed: Sample: 7/0.01/d [FAIL] | Bal: 0.0% [FAIL] | Jaccard: ERR [WARN] | ANOVA: N/A [WARN] | MI: 0.0000 [WARN]
[2026-01-01 01:31:05.103] WARNING: ❌ Gates Failed: Sample: 7/0.01/d [FAIL] | Bal: 0.0% [FAIL] | Jaccard: ERR [WARN] | ANOVA: N/A [WARN] | MI: 0.0000 [WARN]
2026-01-01 01:31:05,103 - System.tprint - WARNING - ⚠️ ❌ Gates Failed: Sample: 7/0.01/d [FAIL] | Bal: 0.0% [FAIL] | Jaccard: ERR [WARN] | ANOVA: N/A [WARN] | MI: 0.0000 [WARN]
[2026-01-01 01:31:05.117] WARNING: ❌ Gates Failed: Sample: 7/0.01/d [FAIL] | Bal: 14.3% [OK] | Jaccard: ERR [WARN] | ANOVA: p=0.21 [FAIL] | MI: 0.0000 [WARN]
2026-01-01 01:31:05,117 - System.tprint - WARNING - ⚠️ ❌ Gates Failed: Sample: 7/0.01/d [FAIL] | Bal: 14.3% [OK] | Jaccard: ERR [WARN] | ANOVA: p=0.21 [FAIL] | MI: 0.0000 [WARN]
[2026-01-01 01:31:05.133] WARNING: ❌ Gates Failed: Sample: 7/0.01/d [FAIL] | Bal: 14.3% [OK] | Jaccard: ERR [WARN] | ANOVA: p=0.21 [FAIL] | MI: 0.0000 [WARN]
2026-01-01 01:31:05,134 - System.tprint - WARNING - ⚠️ ❌ Gates Failed: Sample: 7/0.01/d [FAIL] | Bal: 14.3% [OK] | Jaccard: ERR [WARN] | ANOVA: p=0.21 [FAIL] | MI: 0.0000 [WARN]
[2026-01-01 01:31:05.150] WARNING: ❌ Gates Failed: Sample: 7/0.01/d [FAIL] | Bal: 14.3% [OK] | Jaccard: ERR [WARN] | ANOVA: p=0.21 [FAIL] | MI: 0.0000 [WARN]
2026-01-01 01:31:05,150 - System.tprint - WARNING - ⚠️ ❌ Gates Failed: Sample: 7/0.01/d [FAIL] | Bal: 14.3% [OK] | Jaccard: ERR [WARN] | ANOVA: p=0.21 [FAIL] | MI: 0.0000 [WARN]
[2026-01-01 01:31:05.171] WARNING: ❌ Gates Failed: Sample: 7/0.01/d [FAIL] | Bal: 0.0% [FAIL] | Jaccard: ERR [WARN] | ANOVA: N/A [WARN] | MI: 0.0000 [WARN]
2026-01-01 01:31:05,171 - System.tprint - WARNING - ⚠️ ❌ Gates Failed: Sample: 7/0.01/d [FAIL] | Bal: 0.0% [FAIL] | Jaccard: ERR [WARN] | ANOVA: N/A [WARN] | MI: 0.0000 [WARN]
[2026-01-01 01:31:05.188] WARNING: ❌ Gates Failed: Sample: 7/0.01/d [FAIL] | Bal: 0.0% [FAIL] | Jaccard: ERR [WARN] | ANOVA: N/A [WARN] | MI: 0.0000 [WARN]
2026-01-01 01:31:05,188 - System.tprint - WARNING - ⚠️ ❌ Gates Failed: Sample: 7/0.01/d [FAIL] | Bal: 0.0% [FAIL] | Jaccard: ERR [WARN] | ANOVA: N/A [WARN] | MI: 0.0000 [WARN]
[2026-01-01 01:31:05.210] WARNING: ❌ Gates Failed: Sample: 7/0.01/d [FAIL] | Bal: 0.0% [FAIL] | Jaccard: ERR [WARN] | ANOVA: N/A [WARN] | MI: 0.0000 [WARN]
2026-01-01 01:31:05,211 - System.tprint - WARNING - ⚠️ ❌ Gates Failed: Sample: 7/0.01/d [FAIL] | Bal: 0.0% [FAIL] | Jaccard: ERR [WARN] | ANOVA: N/A [WARN] | MI: 0.0000 [WARN]
[2026-01-01 01:31:05.380] WARNING: ❌ Gates Failed: Sample: 7/0.01/d [FAIL] | Bal: 14.3% [OK] | Jaccard: ERR [WARN] | ANOVA: p=0.21 [FAIL] | MI: 0.0000 [WARN]
2026-01-01 01:31:05,381 - System.tprint - WARNING - ⚠️ ❌ Gates Failed: Sample: 7/0.01/d [FAIL] | Bal: 14.3% [OK] | Jaccard: ERR [WARN] | ANOVA: p=0.21 [FAIL] | MI: 0.0000 [WARN]
[2026-01-01 01:31:05.495] WARNING: ❌ Gates Failed: Sample: 7/0.01/d [FAIL] | Bal: 14.3% [OK] | Jaccard: ERR [WARN] | ANOVA: p=0.21 [FAIL] | MI: 0.0000 [WARN]
2026-01-01 01:31:05,495 - System.tprint - WARNING - ⚠️ ❌ Gates Failed: Sample: 7/0.01/d [FAIL] | Bal: 14.3% [OK] | Jaccard: ERR [WARN] | ANOVA: p=0.21 [FAIL] | MI: 0.0000 [WARN]
[2026-01-01 01:31:05.542] WARNING: ❌ Gates Failed: Sample: 7/0.01/d [FAIL] | Bal: 14.3% [OK] | Jaccard: ERR [WARN] | ANOVA: p=0.21 [FAIL] | MI: 0.0000 [WARN]
2026-01-01 01:31:05,542 - System.tprint - WARNING - ⚠️ ❌ Gates Failed: Sample: 7/0.01/d [FAIL] | Bal: 14.3% [OK] | Jaccard: ERR [WARN] | ANOVA: p=0.21 [FAIL] | MI: 0.0000 [WARN]
[2026-01-01 01:31:05.593] WARNING: ❌ Gates Failed: Sample: 7/0.01/d [FAIL] | Bal: 0.0% [FAIL] | Jaccard: ERR [WARN] | ANOVA: N/A [WARN] | MI: 0.0000 [WARN]
2026-01-01 01:31:05,593 - System.tprint - WARNING - ⚠️ ❌ Gates Failed: Sample: 7/0.01/d [FAIL] | Bal: 0.0% [FAIL] | Jaccard: ERR [WARN] | ANOVA: N/A [WARN] | MI: 0.0000 [WARN]
[2026-01-01 01:31:05.611] WARNING: ❌ Gates Failed: Sample: 7/0.01/d [FAIL] | Bal: 0.0% [FAIL] | Jaccard: ERR [WARN] | ANOVA: N/A [WARN] | MI: 0.0000 [WARN]
2026-01-01 01:31:05,611 - System.tprint - WARNING - ⚠️ ❌ Gates Failed: Sample: 7/0.01/d [FAIL] | Bal: 0.0% [FAIL] | Jaccard: ERR [WARN] | ANOVA: N/A [WARN] | MI: 0.0000 [WARN]
[2026-01-01 01:31:05.629] WARNING: ❌ Gates Failed: Sample: 7/0.01/d [FAIL] | Bal: 0.0% [FAIL] | Jaccard: ERR [WARN] | ANOVA: N/A [WARN] | MI: 0.0000 [WARN]
2026-01-01 01:31:05,629 - System.tprint - WARNING - ⚠️ ❌ Gates Failed: Sample: 7/0.01/d [FAIL] | Bal: 0.0% [FAIL] | Jaccard: ERR [WARN] | ANOVA: N/A [WARN] | MI: 0.0000 [WARN]
[2026-01-01 01:31:05.647] WARNING: ❌ Gates Failed: Sample: 7/0.01/d [FAIL] | Bal: 14.3% [OK] | Jaccard: ERR [WARN] | ANOVA: p=0.21 [FAIL] | MI: 0.0000 [WARN]
2026-01-01 01:31:05,647 - System.tprint - WARNING - ⚠️ ❌ Gates Failed: Sample: 7/0.01/d [FAIL] | Bal: 14.3% [OK] | Jaccard: ERR [WARN] | ANOVA: p=0.21 [FAIL] | MI: 0.0000 [WARN]
[2026-01-01 01:31:05.667] WARNING: ❌ Gates Failed: Sample: 7/0.01/d [FAIL] | Bal: 14.3% [OK] | Jaccard: ERR [WARN] | ANOVA: p=0.21 [FAIL] | MI: 0.0000 [WARN]
2026-01-01 01:31:05,667 - System.tprint - WARNING - ⚠️ ❌ Gates Failed: Sample: 7/0.01/d [FAIL] | Bal: 14.3% [OK] | Jaccard: ERR [WARN] | ANOVA: p=0.21 [FAIL] | MI: 0.0000 [WARN]
[2026-01-01 01:31:05.686] WARNING: ❌ Gates Failed: Sample: 7/0.01/d [FAIL] | Bal: 14.3% [OK] | Jaccard: ERR [WARN] | ANOVA: p=0.21 [FAIL] | MI: 0.0000 [WARN]
2026-01-01 01:31:05,687 - System.tprint - WARNING - ⚠️ ❌ Gates Failed: Sample: 7/0.01/d [FAIL] | Bal: 14.3% [OK] | Jaccard: ERR [WARN] | ANOVA: p=0.21 [FAIL] | MI: 0.0000 [WARN]
[2026-01-01 01:31:05.702] WARNING: ❌ Gates Failed: Sample: 7/0.01/d [FAIL] | Bal: 0.0% [FAIL] | Jaccard: ERR [WARN] | ANOVA: N/A [WARN] | MI: 0.0000 [WARN]
2026-01-01 01:31:05,702 - System.tprint - WARNING - ⚠️ ❌ Gates Failed: Sample: 7/0.01/d [FAIL] | Bal: 0.0% [FAIL] | Jaccard: ERR [WARN] | ANOVA: N/A [WARN] | MI: 0.0000 [WARN]
[2026-01-01 01:31:05.716] WARNING: ❌ Gates Failed: Sample: 7/0.01/d [FAIL] | Bal: 0.0% [FAIL] | Jaccard: ERR [WARN] | ANOVA: N/A [WARN] | MI: 0.0000 [WARN]
2026-01-01 01:31:05,716 - System.tprint - WARNING - ⚠️ ❌ Gates Failed: Sample: 7/0.01/d [FAIL] | Bal: 0.0% [FAIL] | Jaccard: ERR [WARN] | ANOVA: N/A [WARN] | MI: 0.0000 [WARN]
[2026-01-01 01:31:05.730] WARNING: ❌ Gates Failed: Sample: 7/0.01/d [FAIL] | Bal: 0.0% [FAIL] | Jaccard: ERR [WARN] | ANOVA: N/A [WARN] | MI: 0.0000 [WARN]
2026-01-01 01:31:05,730 - System.tprint - WARNING - ⚠️ ❌ Gates Failed: Sample: 7/0.01/d [FAIL] | Bal: 0.0% [FAIL] | Jaccard: ERR [WARN] | ANOVA: N/A [WARN] | MI: 0.0000 [WARN]
[2026-01-01 01:31:05.744] WARNING: ❌ Gates Failed: Sample: 7/0.01/d [FAIL] | Bal: 14.3% [OK] | Jaccard: ERR [WARN] | ANOVA: p=0.21 [FAIL] | MI: 0.0000 [WARN]
2026-01-01 01:31:05,745 - System.tprint - WARNING - ⚠️ ❌ Gates Failed: Sample: 7/0.01/d [FAIL] | Bal: 14.3% [OK] | Jaccard: ERR [WARN] | ANOVA: p=0.21 [FAIL] | MI: 0.0000 [WARN]
[2026-01-01 01:31:05.758] WARNING: ❌ Gates Failed: Sample: 7/0.01/d [FAIL] | Bal: 14.3% [OK] | Jaccard: ERR [WARN] | ANOVA: p=0.21 [FAIL] | MI: 0.0000 [WARN]
2026-01-01 01:31:05,758 - System.tprint - WARNING - ⚠️ ❌ Gates Failed: Sample: 7/0.01/d [FAIL] | Bal: 14.3% [OK] | Jaccard: ERR [WARN] | ANOVA: p=0.21 [FAIL] | MI: 0.0000 [WARN]
[2026-01-01 01:31:05.773] WARNING: ❌ Gates Failed: Sample: 7/0.01/d [FAIL] | Bal: 14.3% [OK] | Jaccard: ERR [WARN] | ANOVA: p=0.21 [FAIL] | MI: 0.0000 [WARN]
2026-01-01 01:31:05,773 - System.tprint - WARNING - ⚠️ ❌ Gates Failed: Sample: 7/0.01/d [FAIL] | Bal: 14.3% [OK] | Jaccard: ERR [WARN] | ANOVA: p=0.21 [FAIL] | MI: 0.0000 [WARN]
[2026-01-01 01:31:05.787] WARNING: ❌ Gates Failed: Sample: 7/0.01/d [FAIL] | Bal: 0.0% [FAIL] | Jaccard: ERR [WARN] | ANOVA: N/A [WARN] | MI: 0.0000 [WARN]
2026-01-01 01:31:05,787 - System.tprint - WARNING - ⚠️ ❌ Gates Failed: Sample: 7/0.01/d [FAIL] | Bal: 0.0% [FAIL] | Jaccard: ERR [WARN] | ANOVA: N/A [WARN] | MI: 0.0000 [WARN]
[2026-01-01 01:31:05.802] WARNING: ❌ Gates Failed: Sample: 7/0.01/d [FAIL] | Bal: 0.0% [FAIL] | Jaccard: ERR [WARN] | ANOVA: N/A [WARN] | MI: 0.0000 [WARN]
2026-01-01 01:31:05,802 - System.tprint - WARNING - ⚠️ ❌ Gates Failed: Sample: 7/0.01/d [FAIL] | Bal: 0.0% [FAIL] | Jaccard: ERR [WARN] | ANOVA: N/A [WARN] | MI: 0.0000 [WARN]
[2026-01-01 01:31:05.817] WARNING: ❌ Gates Failed: Sample: 7/0.01/d [FAIL] | Bal: 0.0% [FAIL] | Jaccard: ERR [WARN] | ANOVA: N/A [WARN] | MI: 0.0000 [WARN]
2026-01-01 01:31:05,817 - System.tprint - WARNING - ⚠️ ❌ Gates Failed: Sample: 7/0.01/d [FAIL] | Bal: 0.0% [FAIL] | Jaccard: ERR [WARN] | ANOVA: N/A [WARN] | MI: 0.0000 [WARN]
[2026-01-01 01:31:05.830] WARNING: ❌ Gates Failed: Sample: 7/0.01/d [FAIL] | Bal: 14.3% [OK] | Jaccard: ERR [WARN] | ANOVA: p=0.21 [FAIL] | MI: 0.0000 [WARN]
2026-01-01 01:31:05,830 - System.tprint - WARNING - ⚠️ ❌ Gates Failed: Sample: 7/0.01/d [FAIL] | Bal: 14.3% [OK] | Jaccard: ERR [WARN] | ANOVA: p=0.21 [FAIL] | MI: 0.0000 [WARN]
[2026-01-01 01:31:05.846] WARNING: ❌ Gates Failed: Sample: 7/0.01/d [FAIL] | Bal: 14.3% [OK] | Jaccard: ERR [WARN] | ANOVA: p=0.21 [FAIL] | MI: 0.0000 [WARN]
2026-01-01 01:31:05,846 - System.tprint - WARNING - ⚠️ ❌ Gates Failed: Sample: 7/0.01/d [FAIL] | Bal: 14.3% [OK] | Jaccard: ERR [WARN] | ANOVA: p=0.21 [FAIL] | MI: 0.0000 [WARN]
[2026-01-01 01:31:05.860] WARNING: ❌ Gates Failed: Sample: 7/0.01/d [FAIL] | Bal: 14.3% [OK] | Jaccard: ERR [WARN] | ANOVA: p=0.21 [FAIL] | MI: 0.0000 [WARN]
2026-01-01 01:31:05,861 - System.tprint - WARNING - ⚠️ ❌ Gates Failed: Sample: 7/0.01/d [FAIL] | Bal: 14.3% [OK] | Jaccard: ERR [WARN] | ANOVA: p=0.21 [FAIL] | MI: 0.0000 [WARN]
[2026-01-01 01:31:05.875] WARNING: ❌ Gates Failed: Sample: 7/0.01/d [FAIL] | Bal: 0.0% [FAIL] | Jaccard: ERR [WARN] | ANOVA: N/A [WARN] | MI: 0.0000 [WARN]
2026-01-01 01:31:05,875 - System.tprint - WARNING - ⚠️ ❌ Gates Failed: Sample: 7/0.01/d [FAIL] | Bal: 0.0% [FAIL] | Jaccard: ERR [WARN] | ANOVA: N/A [WARN] | MI: 0.0000 [WARN]
[2026-01-01 01:31:05.889] WARNING: ❌ Gates Failed: Sample: 7/0.01/d [FAIL] | Bal: 0.0% [FAIL] | Jaccard: ERR [WARN] | ANOVA: N/A [WARN] | MI: 0.0000 [WARN]
2026-01-01 01:31:05,889 - System.tprint - WARNING - ⚠️ ❌ Gates Failed: Sample: 7/0.01/d [FAIL] | Bal: 0.0% [FAIL] | Jaccard: ERR [WARN] | ANOVA: N/A [WARN] | MI: 0.0000 [WARN]
[2026-01-01 01:31:05.904] WARNING: ❌ Gates Failed: Sample: 7/0.01/d [FAIL] | Bal: 0.0% [FAIL] | Jaccard: ERR [WARN] | ANOVA: N/A [WARN] | MI: 0.0000 [WARN]
2026-01-01 01:31:05,904 - System.tprint - WARNING - ⚠️ ❌ Gates Failed: Sample: 7/0.01/d [FAIL] | Bal: 0.0% [FAIL] | Jaccard: ERR [WARN] | ANOVA: N/A [WARN] | MI: 0.0000 [WARN]
[2026-01-01 01:31:05.919] WARNING: ❌ Gates Failed: Sample: 7/0.01/d [FAIL] | Bal: 14.3% [OK] | Jaccard: ERR [WARN] | ANOVA: p=0.21 [FAIL] | MI: 0.0000 [WARN]
2026-01-01 01:31:05,919 - System.tprint - WARNING - ⚠️ ❌ Gates Failed: Sample: 7/0.01/d [FAIL] | Bal: 14.3% [OK] | Jaccard: ERR [WARN] | ANOVA: p=0.21 [FAIL] | MI: 0.0000 [WARN]
[2026-01-01 01:31:05.934] WARNING: ❌ Gates Failed: Sample: 7/0.01/d [FAIL] | Bal: 14.3% [OK] | Jaccard: ERR [WARN] | ANOVA: p=0.21 [FAIL] | MI: 0.0000 [WARN]
2026-01-01 01:31:05,934 - System.tprint - WARNING - ⚠️ ❌ Gates Failed: Sample: 7/0.01/d [FAIL] | Bal: 14.3% [OK] | Jaccard: ERR [WARN] | ANOVA: p=0.21 [FAIL] | MI: 0.0000 [WARN]
[2026-01-01 01:31:05.948] WARNING: ❌ Gates Failed: Sample: 7/0.01/d [FAIL] | Bal: 14.3% [OK] | Jaccard: ERR [WARN] | ANOVA: p=0.21 [FAIL] | MI: 0.0000 [WARN]
2026-01-01 01:31:05,948 - System.tprint - WARNING - ⚠️ ❌ Gates Failed: Sample: 7/0.01/d [FAIL] | Bal: 14.3% [OK] | Jaccard: ERR [WARN] | ANOVA: p=0.21 [FAIL] | MI: 0.0000 [WARN]
[2026-01-01 01:31:05.962] WARNING: ❌ Gates Failed: Sample: 7/0.01/d [FAIL] | Bal: 0.0% [FAIL] | Jaccard: ERR [WARN] | ANOVA: N/A [WARN] | MI: 0.0000 [WARN]
2026-01-01 01:31:05,962 - System.tprint - WARNING - ⚠️ ❌ Gates Failed: Sample: 7/0.01/d [FAIL] | Bal: 0.0% [FAIL] | Jaccard: ERR [WARN] | ANOVA: N/A [WARN] | MI: 0.0000 [WARN]
[2026-01-01 01:31:05.975] WARNING: ❌ Gates Failed: Sample: 7/0.01/d [FAIL] | Bal: 0.0% [FAIL] | Jaccard: ERR [WARN] | ANOVA: N/A [WARN] | MI: 0.0000 [WARN]
2026-01-01 01:31:05,976 - System.tprint - WARNING - ⚠️ ❌ Gates Failed: Sample: 7/0.01/d [FAIL] | Bal: 0.0% [FAIL] | Jaccard: ERR [WARN] | ANOVA: N/A [WARN] | MI: 0.0000 [WARN]
[2026-01-01 01:31:05.991] WARNING: ❌ Gates Failed: Sample: 7/0.01/d [FAIL] | Bal: 0.0% [FAIL] | Jaccard: ERR [WARN] | ANOVA: N/A [WARN] | MI: 0.0000 [WARN]
2026-01-01 01:31:05,991 - System.tprint - WARNING - ⚠️ ❌ Gates Failed: Sample: 7/0.01/d [FAIL] | Bal: 0.0% [FAIL] | Jaccard: ERR [WARN] | ANOVA: N/A [WARN] | MI: 0.0000 [WARN]
[2026-01-01 01:31:06.006] WARNING: ❌ Gates Failed: Sample: 7/0.01/d [FAIL] | Bal: 14.3% [OK] | Jaccard: ERR [WARN] | ANOVA: p=0.21 [FAIL] | MI: 0.0000 [WARN]
2026-01-01 01:31:06,006 - System.tprint - WARNING - ⚠️ ❌ Gates Failed: Sample: 7/0.01/d [FAIL] | Bal: 14.3% [OK] | Jaccard: ERR [WARN] | ANOVA: p=0.21 [FAIL] | MI: 0.0000 [WARN]
[2026-01-01 01:31:06.021] WARNING: ❌ Gates Failed: Sample: 7/0.01/d [FAIL] | Bal: 14.3% [OK] | Jaccard: ERR [WARN] | ANOVA: p=0.21 [FAIL] | MI: 0.0000 [WARN]
2026-01-01 01:31:06,021 - System.tprint - WARNING - ⚠️ ❌ Gates Failed: Sample: 7/0.01/d [FAIL] | Bal: 14.3% [OK] | Jaccard: ERR [WARN] | ANOVA: p=0.21 [FAIL] | MI: 0.0000 [WARN]
[2026-01-01 01:31:06.036] WARNING: ❌ Gates Failed: Sample: 7/0.01/d [FAIL] | Bal: 14.3% [OK] | Jaccard: ERR [WARN] | ANOVA: p=0.21 [FAIL] | MI: 0.0000 [WARN]
2026-01-01 01:31:06,036 - System.tprint - WARNING - ⚠️ ❌ Gates Failed: Sample: 7/0.01/d [FAIL] | Bal: 14.3% [OK] | Jaccard: ERR [WARN] | ANOVA: p=0.21 [FAIL] | MI: 0.0000 [WARN]
[2026-01-01 01:31:06.049] WARNING: ❌ Gates Failed: Sample: 7/0.01/d [FAIL] | Bal: 0.0% [FAIL] | Jaccard: ERR [WARN] | ANOVA: N/A [WARN] | MI: 0.0000 [WARN]
2026-01-01 01:31:06,049 - System.tprint - WARNING - ⚠️ ❌ Gates Failed: Sample: 7/0.01/d [FAIL] | Bal: 0.0% [FAIL] | Jaccard: ERR [WARN] | ANOVA: N/A [WARN] | MI: 0.0000 [WARN]
[2026-01-01 01:31:06.062] WARNING: ❌ Gates Failed: Sample: 7/0.01/d [FAIL] | Bal: 0.0% [FAIL] | Jaccard: ERR [WARN] | ANOVA: N/A [WARN] | MI: 0.0000 [WARN]
2026-01-01 01:31:06,062 - System.tprint - WARNING - ⚠️ ❌ Gates Failed: Sample: 7/0.01/d [FAIL] | Bal: 0.0% [FAIL] | Jaccard: ERR [WARN] | ANOVA: N/A [WARN] | MI: 0.0000 [WARN]
[2026-01-01 01:31:06.076] WARNING: ❌ Gates Failed: Sample: 7/0.01/d [FAIL] | Bal: 0.0% [FAIL] | Jaccard: ERR [WARN] | ANOVA: N/A [WARN] | MI: 0.0000 [WARN]
2026-01-01 01:31:06,076 - System.tprint - WARNING - ⚠️ ❌ Gates Failed: Sample: 7/0.01/d [FAIL] | Bal: 0.0% [FAIL] | Jaccard: ERR [WARN] | ANOVA: N/A [WARN] | MI: 0.0000 [WARN]
[2026-01-01 01:31:06.123] WARNING: ❌ Gates Failed: Sample: 8/0.01/d [FAIL] | Bal: 12.5% [OK] | Jaccard: ERR [WARN] | ANOVA: p=0.11 [OK] | MI: 0.0000 [WARN]
2026-01-01 01:31:06,123 - System.tprint - WARNING - ⚠️ ❌ Gates Failed: Sample: 8/0.01/d [FAIL] | Bal: 12.5% [OK] | Jaccard: ERR [WARN] | ANOVA: p=0.11 [OK] | MI: 0.0000 [WARN]
[2026-01-01 01:31:06.137] WARNING: ❌ Gates Failed: Sample: 8/0.01/d [FAIL] | Bal: 12.5% [OK] | Jaccard: ERR [WARN] | ANOVA: p=0.11 [OK] | MI: 0.0000 [WARN]
2026-01-01 01:31:06,137 - System.tprint - WARNING - ⚠️ ❌ Gates Failed: Sample: 8/0.01/d [FAIL] | Bal: 12.5% [OK] | Jaccard: ERR [WARN] | ANOVA: p=0.11 [OK] | MI: 0.0000 [WARN]
[2026-01-01 01:31:06.150] WARNING: ❌ Gates Failed: Sample: 8/0.01/d [FAIL] | Bal: 12.5% [OK] | Jaccard: ERR [WARN] | ANOVA: p=0.11 [OK] | MI: 0.0000 [WARN]
2026-01-01 01:31:06,150 - System.tprint - WARNING - ⚠️ ❌ Gates Failed: Sample: 8/0.01/d [FAIL] | Bal: 12.5% [OK] | Jaccard: ERR [WARN] | ANOVA: p=0.11 [OK] | MI: 0.0000 [WARN]
[2026-01-01 01:31:06.164] WARNING: ❌ Gates Failed: Sample: 8/0.01/d [FAIL] | Bal: 37.5% [OK] | Jaccard: ERR [WARN] | ANOVA: p=0.24 [FAIL] | MI: 0.0000 [WARN]
2026-01-01 01:31:06,164 - System.tprint - WARNING - ⚠️ ❌ Gates Failed: Sample: 8/0.01/d [FAIL] | Bal: 37.5% [OK] | Jaccard: ERR [WARN] | ANOVA: p=0.24 [FAIL] | MI: 0.0000 [WARN]
[2026-01-01 01:31:06.180] WARNING: ❌ Gates Failed: Sample: 8/0.01/d [FAIL] | Bal: 37.5% [OK] | Jaccard: ERR [WARN] | ANOVA: p=0.24 [FAIL] | MI: 0.0000 [WARN]
2026-01-01 01:31:06,180 - System.tprint - WARNING - ⚠️ ❌ Gates Failed: Sample: 8/0.01/d [FAIL] | Bal: 37.5% [OK] | Jaccard: ERR [WARN] | ANOVA: p=0.24 [FAIL] | MI: 0.0000 [WARN]
[2026-01-01 01:31:06.195] WARNING: ❌ Gates Failed: Sample: 8/0.01/d [FAIL] | Bal: 37.5% [OK] | Jaccard: ERR [WARN] | ANOVA: p=0.24 [FAIL] | MI: 0.0000 [WARN]
2026-01-01 01:31:06,196 - System.tprint - WARNING - ⚠️ ❌ Gates Failed: Sample: 8/0.01/d [FAIL] | Bal: 37.5% [OK] | Jaccard: ERR [WARN] | ANOVA: p=0.24 [FAIL] | MI: 0.0000 [WARN]
[2026-01-01 01:31:06.210] WARNING: ❌ Gates Failed: Sample: 8/0.01/d [FAIL] | Bal: 12.5% [OK] | Jaccard: ERR [WARN] | ANOVA: p=0.11 [OK] | MI: 0.0000 [WARN]
2026-01-01 01:31:06,210 - System.tprint - WARNING - ⚠️ ❌ Gates Failed: Sample: 8/0.01/d [FAIL] | Bal: 12.5% [OK] | Jaccard: ERR [WARN] | ANOVA: p=0.11 [OK] | MI: 0.0000 [WARN]
[2026-01-01 01:31:06.223] WARNING: ❌ Gates Failed: Sample: 8/0.01/d [FAIL] | Bal: 12.5% [OK] | Jaccard: ERR [WARN] | ANOVA: p=0.11 [OK] | MI: 0.0000 [WARN]
2026-01-01 01:31:06,223 - System.tprint - WARNING - ⚠️ ❌ Gates Failed: Sample: 8/0.01/d [FAIL] | Bal: 12.5% [OK] | Jaccard: ERR [WARN] | ANOVA: p=0.11 [OK] | MI: 0.0000 [WARN]
[2026-01-01 01:31:06.238] WARNING: ❌ Gates Failed: Sample: 8/0.01/d [FAIL] | Bal: 12.5% [OK] | Jaccard: ERR [WARN] | ANOVA: p=0.11 [OK] | MI: 0.0000 [WARN]
2026-01-01 01:31:06,238 - System.tprint - WARNING - ⚠️ ❌ Gates Failed: Sample: 8/0.01/d [FAIL] | Bal: 12.5% [OK] | Jaccard: ERR [WARN] | ANOVA: p=0.11 [OK] | MI: 0.0000 [WARN]
[2026-01-01 01:31:06.254] WARNING: ❌ Gates Failed: Sample: 8/0.01/d [FAIL] | Bal: 37.5% [OK] | Jaccard: ERR [WARN] | ANOVA: p=0.24 [FAIL] | MI: 0.0000 [WARN]
2026-01-01 01:31:06,254 - System.tprint - WARNING - ⚠️ ❌ Gates Failed: Sample: 8/0.01/d [FAIL] | Bal: 37.5% [OK] | Jaccard: ERR [WARN] | ANOVA: p=0.24 [FAIL] | MI: 0.0000 [WARN]
[2026-01-01 01:31:06.269] WARNING: ❌ Gates Failed: Sample: 8/0.01/d [FAIL] | Bal: 37.5% [OK] | Jaccard: ERR [WARN] | ANOVA: p=0.24 [FAIL] | MI: 0.0000 [WARN]
2026-01-01 01:31:06,270 - System.tprint - WARNING - ⚠️ ❌ Gates Failed: Sample: 8/0.01/d [FAIL] | Bal: 37.5% [OK] | Jaccard: ERR [WARN] | ANOVA: p=0.24 [FAIL] | MI: 0.0000 [WARN]
[2026-01-01 01:31:06.285] WARNING: ❌ Gates Failed: Sample: 8/0.01/d [FAIL] | Bal: 37.5% [OK] | Jaccard: ERR [WARN] | ANOVA: p=0.24 [FAIL] | MI: 0.0000 [WARN]
2026-01-01 01:31:06,285 - System.tprint - WARNING - ⚠️ ❌ Gates Failed: Sample: 8/0.01/d [FAIL] | Bal: 37.5% [OK] | Jaccard: ERR [WARN] | ANOVA: p=0.24 [FAIL] | MI: 0.0000 [WARN]
[2026-01-01 01:31:06.299] WARNING: ❌ Gates Failed: Sample: 8/0.01/d [FAIL] | Bal: 12.5% [OK] | Jaccard: ERR [WARN] | ANOVA: p=0.11 [OK] | MI: 0.0000 [WARN]
2026-01-01 01:31:06,299 - System.tprint - WARNING - ⚠️ ❌ Gates Failed: Sample: 8/0.01/d [FAIL] | Bal: 12.5% [OK] | Jaccard: ERR [WARN] | ANOVA: p=0.11 [OK] | MI: 0.0000 [WARN]
[2026-01-01 01:31:06.313] WARNING: ❌ Gates Failed: Sample: 8/0.01/d [FAIL] | Bal: 12.5% [OK] | Jaccard: ERR [WARN] | ANOVA: p=0.11 [OK] | MI: 0.0000 [WARN]
2026-01-01 01:31:06,313 - System.tprint - WARNING - ⚠️ ❌ Gates Failed: Sample: 8/0.01/d [FAIL] | Bal: 12.5% [OK] | Jaccard: ERR [WARN] | ANOVA: p=0.11 [OK] | MI: 0.0000 [WARN]
[2026-01-01 01:31:06.326] WARNING: ❌ Gates Failed: Sample: 8/0.01/d [FAIL] | Bal: 12.5% [OK] | Jaccard: ERR [WARN] | ANOVA: p=0.11 [OK] | MI: 0.0000 [WARN]
2026-01-01 01:31:06,326 - System.tprint - WARNING - ⚠️ ❌ Gates Failed: Sample: 8/0.01/d [FAIL] | Bal: 12.5% [OK] | Jaccard: ERR [WARN] | ANOVA: p=0.11 [OK] | MI: 0.0000 [WARN]
[2026-01-01 01:31:06.341] WARNING: ❌ Gates Failed: Sample: 8/0.01/d [FAIL] | Bal: 37.5% [OK] | Jaccard: ERR [WARN] | ANOVA: p=0.24 [FAIL] | MI: 0.0000 [WARN]
2026-01-01 01:31:06,342 - System.tprint - WARNING - ⚠️ ❌ Gates Failed: Sample: 8/0.01/d [FAIL] | Bal: 37.5% [OK] | Jaccard: ERR [WARN] | ANOVA: p=0.24 [FAIL] | MI: 0.0000 [WARN]
[2026-01-01 01:31:06.357] WARNING: ❌ Gates Failed: Sample: 8/0.01/d [FAIL] | Bal: 37.5% [OK] | Jaccard: ERR [WARN] | ANOVA: p=0.24 [FAIL] | MI: 0.0000 [WARN]
2026-01-01 01:31:06,357 - System.tprint - WARNING - ⚠️ ❌ Gates Failed: Sample: 8/0.01/d [FAIL] | Bal: 37.5% [OK] | Jaccard: ERR [WARN] | ANOVA: p=0.24 [FAIL] | MI: 0.0000 [WARN]
[2026-01-01 01:31:06.374] WARNING: ❌ Gates Failed: Sample: 8/0.01/d [FAIL] | Bal: 37.5% [OK] | Jaccard: ERR [WARN] | ANOVA: p=0.24 [FAIL] | MI: 0.0000 [WARN]
2026-01-01 01:31:06,374 - System.tprint - WARNING - ⚠️ ❌ Gates Failed: Sample: 8/0.01/d [FAIL] | Bal: 37.5% [OK] | Jaccard: ERR [WARN] | ANOVA: p=0.24 [FAIL] | MI: 0.0000 [WARN]
[2026-01-01 01:31:06.387] WARNING: ❌ Gates Failed: Sample: 8/0.01/d [FAIL] | Bal: 12.5% [OK] | Jaccard: ERR [WARN] | ANOVA: p=0.11 [OK] | MI: 0.0000 [WARN]
2026-01-01 01:31:06,388 - System.tprint - WARNING - ⚠️ ❌ Gates Failed: Sample: 8/0.01/d [FAIL] | Bal: 12.5% [OK] | Jaccard: ERR [WARN] | ANOVA: p=0.11 [OK] | MI: 0.0000 [WARN]
[2026-01-01 01:31:06.400] WARNING: ❌ Gates Failed: Sample: 8/0.01/d [FAIL] | Bal: 12.5% [OK] | Jaccard: ERR [WARN] | ANOVA: p=0.11 [OK] | MI: 0.0000 [WARN]
2026-01-01 01:31:06,400 - System.tprint - WARNING - ⚠️ ❌ Gates Failed: Sample: 8/0.01/d [FAIL] | Bal: 12.5% [OK] | Jaccard: ERR [WARN] | ANOVA: p=0.11 [OK] | MI: 0.0000 [WARN]
[2026-01-01 01:31:06.413] WARNING: ❌ Gates Failed: Sample: 8/0.01/d [FAIL] | Bal: 12.5% [OK] | Jaccard: ERR [WARN] | ANOVA: p=0.11 [OK] | MI: 0.0000 [WARN]
2026-01-01 01:31:06,413 - System.tprint - WARNING - ⚠️ ❌ Gates Failed: Sample: 8/0.01/d [FAIL] | Bal: 12.5% [OK] | Jaccard: ERR [WARN] | ANOVA: p=0.11 [OK] | MI: 0.0000 [WARN]
[2026-01-01 01:31:06.428] WARNING: ❌ Gates Failed: Sample: 8/0.01/d [FAIL] | Bal: 37.5% [OK] | Jaccard: ERR [WARN] | ANOVA: p=0.24 [FAIL] | MI: 0.0000 [WARN]
2026-01-01 01:31:06,428 - System.tprint - WARNING - ⚠️ ❌ Gates Failed: Sample: 8/0.01/d [FAIL] | Bal: 37.5% [OK] | Jaccard: ERR [WARN] | ANOVA: p=0.24 [FAIL] | MI: 0.0000 [WARN]
[2026-01-01 01:31:06.445] WARNING: ❌ Gates Failed: Sample: 8/0.01/d [FAIL] | Bal: 37.5% [OK] | Jaccard: ERR [WARN] | ANOVA: p=0.24 [FAIL] | MI: 0.0000 [WARN]
2026-01-01 01:31:06,445 - System.tprint - WARNING - ⚠️ ❌ Gates Failed: Sample: 8/0.01/d [FAIL] | Bal: 37.5% [OK] | Jaccard: ERR [WARN] | ANOVA: p=0.24 [FAIL] | MI: 0.0000 [WARN]
[2026-01-01 01:31:06.461] WARNING: ❌ Gates Failed: Sample: 8/0.01/d [FAIL] | Bal: 37.5% [OK] | Jaccard: ERR [WARN] | ANOVA: p=0.24 [FAIL] | MI: 0.0000 [WARN]
2026-01-01 01:31:06,461 - System.tprint - WARNING - ⚠️ ❌ Gates Failed: Sample: 8/0.01/d [FAIL] | Bal: 37.5% [OK] | Jaccard: ERR [WARN] | ANOVA: p=0.24 [FAIL] | MI: 0.0000 [WARN]
[2026-01-01 01:31:06.475] WARNING: ❌ Gates Failed: Sample: 8/0.01/d [FAIL] | Bal: 12.5% [OK] | Jaccard: ERR [WARN] | ANOVA: p=0.11 [OK] | MI: 0.0000 [WARN]
2026-01-01 01:31:06,475 - System.tprint - WARNING - ⚠️ ❌ Gates Failed: Sample: 8/0.01/d [FAIL] | Bal: 12.5% [OK] | Jaccard: ERR [WARN] | ANOVA: p=0.11 [OK] | MI: 0.0000 [WARN]
[2026-01-01 01:31:06.488] WARNING: ❌ Gates Failed: Sample: 8/0.01/d [FAIL] | Bal: 12.5% [OK] | Jaccard: ERR [WARN] | ANOVA: p=0.11 [OK] | MI: 0.0000 [WARN]
2026-01-01 01:31:06,488 - System.tprint - WARNING - ⚠️ ❌ Gates Failed: Sample: 8/0.01/d [FAIL] | Bal: 12.5% [OK] | Jaccard: ERR [WARN] | ANOVA: p=0.11 [OK] | MI: 0.0000 [WARN]
[2026-01-01 01:31:06.500] WARNING: ❌ Gates Failed: Sample: 8/0.01/d [FAIL] | Bal: 12.5% [OK] | Jaccard: ERR [WARN] | ANOVA: p=0.11 [OK] | MI: 0.0000 [WARN]
2026-01-01 01:31:06,500 - System.tprint - WARNING - ⚠️ ❌ Gates Failed: Sample: 8/0.01/d [FAIL] | Bal: 12.5% [OK] | Jaccard: ERR [WARN] | ANOVA: p=0.11 [OK] | MI: 0.0000 [WARN]
[2026-01-01 01:31:06.515] WARNING: ❌ Gates Failed: Sample: 8/0.01/d [FAIL] | Bal: 25.0% [OK] | Jaccard: ERR [WARN] | ANOVA: p=0.04 [OK] | MI: 0.4908 [OK]
2026-01-01 01:31:06,515 - System.tprint - WARNING - ⚠️ ❌ Gates Failed: Sample: 8/0.01/d [FAIL] | Bal: 25.0% [OK] | Jaccard: ERR [WARN] | ANOVA: p=0.04 [OK] | MI: 0.4908 [OK]
[2026-01-01 01:31:06.531] WARNING: ❌ Gates Failed: Sample: 8/0.01/d [FAIL] | Bal: 25.0% [OK] | Jaccard: ERR [WARN] | ANOVA: p=0.04 [OK] | MI: 0.4908 [OK]
2026-01-01 01:31:06,531 - System.tprint - WARNING - ⚠️ ❌ Gates Failed: Sample: 8/0.01/d [FAIL] | Bal: 25.0% [OK] | Jaccard: ERR [WARN] | ANOVA: p=0.04 [OK] | MI: 0.4908 [OK]
[2026-01-01 01:31:06.548] WARNING: ❌ Gates Failed: Sample: 8/0.01/d [FAIL] | Bal: 25.0% [OK] | Jaccard: ERR [WARN] | ANOVA: p=0.04 [OK] | MI: 0.4908 [OK]
2026-01-01 01:31:06,548 - System.tprint - WARNING - ⚠️ ❌ Gates Failed: Sample: 8/0.01/d [FAIL] | Bal: 25.0% [OK] | Jaccard: ERR [WARN] | ANOVA: p=0.04 [OK] | MI: 0.4908 [OK]
[2026-01-01 01:31:06.561] WARNING: ❌ Gates Failed: Sample: 8/0.01/d [FAIL] | Bal: 12.5% [OK] | Jaccard: ERR [WARN] | ANOVA: p=0.11 [OK] | MI: 0.0000 [WARN]
2026-01-01 01:31:06,561 - System.tprint - WARNING - ⚠️ ❌ Gates Failed: Sample: 8/0.01/d [FAIL] | Bal: 12.5% [OK] | Jaccard: ERR [WARN] | ANOVA: p=0.11 [OK] | MI: 0.0000 [WARN]
[2026-01-01 01:31:06.574] WARNING: ❌ Gates Failed: Sample: 8/0.01/d [FAIL] | Bal: 12.5% [OK] | Jaccard: ERR [WARN] | ANOVA: p=0.11 [OK] | MI: 0.0000 [WARN]
2026-01-01 01:31:06,574 - System.tprint - WARNING - ⚠️ ❌ Gates Failed: Sample: 8/0.01/d [FAIL] | Bal: 12.5% [OK] | Jaccard: ERR [WARN] | ANOVA: p=0.11 [OK] | MI: 0.0000 [WARN]
[2026-01-01 01:31:06.588] WARNING: ❌ Gates Failed: Sample: 8/0.01/d [FAIL] | Bal: 12.5% [OK] | Jaccard: ERR [WARN] | ANOVA: p=0.11 [OK] | MI: 0.0000 [WARN]
2026-01-01 01:31:06,589 - System.tprint - WARNING - ⚠️ ❌ Gates Failed: Sample: 8/0.01/d [FAIL] | Bal: 12.5% [OK] | Jaccard: ERR [WARN] | ANOVA: p=0.11 [OK] | MI: 0.0000 [WARN]
[2026-01-01 01:31:06.605] WARNING: ❌ Gates Failed: Sample: 8/0.01/d [FAIL] | Bal: 25.0% [OK] | Jaccard: ERR [WARN] | ANOVA: p=0.04 [OK] | MI: 0.4908 [OK]
2026-01-01 01:31:06,605 - System.tprint - WARNING - ⚠️ ❌ Gates Failed: Sample: 8/0.01/d [FAIL] | Bal: 25.0% [OK] | Jaccard: ERR [WARN] | ANOVA: p=0.04 [OK] | MI: 0.4908 [OK]
[2026-01-01 01:31:06.621] WARNING: ❌ Gates Failed: Sample: 8/0.01/d [FAIL] | Bal: 25.0% [OK] | Jaccard: ERR [WARN] | ANOVA: p=0.04 [OK] | MI: 0.4908 [OK]
2026-01-01 01:31:06,621 - System.tprint - WARNING - ⚠️ ❌ Gates Failed: Sample: 8/0.01/d [FAIL] | Bal: 25.0% [OK] | Jaccard: ERR [WARN] | ANOVA: p=0.04 [OK] | MI: 0.4908 [OK]
[2026-01-01 01:31:06.637] WARNING: ❌ Gates Failed: Sample: 8/0.01/d [FAIL] | Bal: 25.0% [OK] | Jaccard: ERR [WARN] | ANOVA: p=0.04 [OK] | MI: 0.4908 [OK]
2026-01-01 01:31:06,637 - System.tprint - WARNING - ⚠️ ❌ Gates Failed: Sample: 8/0.01/d [FAIL] | Bal: 25.0% [OK] | Jaccard: ERR [WARN] | ANOVA: p=0.04 [OK] | MI: 0.4908 [OK]
[2026-01-01 01:31:06.652] WARNING: ❌ Gates Failed: Sample: 8/0.01/d [FAIL] | Bal: 12.5% [OK] | Jaccard: ERR [WARN] | ANOVA: p=0.11 [OK] | MI: 0.0000 [WARN]
2026-01-01 01:31:06,653 - System.tprint - WARNING - ⚠️ ❌ Gates Failed: Sample: 8/0.01/d [FAIL] | Bal: 12.5% [OK] | Jaccard: ERR [WARN] | ANOVA: p=0.11 [OK] | MI: 0.0000 [WARN]
[2026-01-01 01:31:06.665] WARNING: ❌ Gates Failed: Sample: 8/0.01/d [FAIL] | Bal: 12.5% [OK] | Jaccard: ERR [WARN] | ANOVA: p=0.11 [OK] | MI: 0.0000 [WARN]
2026-01-01 01:31:06,666 - System.tprint - WARNING - ⚠️ ❌ Gates Failed: Sample: 8/0.01/d [FAIL] | Bal: 12.5% [OK] | Jaccard: ERR [WARN] | ANOVA: p=0.11 [OK] | MI: 0.0000 [WARN]
[2026-01-01 01:31:06.679] WARNING: ❌ Gates Failed: Sample: 8/0.01/d [FAIL] | Bal: 12.5% [OK] | Jaccard: ERR [WARN] | ANOVA: p=0.11 [OK] | MI: 0.0000 [WARN]
2026-01-01 01:31:06,679 - System.tprint - WARNING - ⚠️ ❌ Gates Failed: Sample: 8/0.01/d [FAIL] | Bal: 12.5% [OK] | Jaccard: ERR [WARN] | ANOVA: p=0.11 [OK] | MI: 0.0000 [WARN]
[2026-01-01 01:31:06.695] WARNING: ❌ Gates Failed: Sample: 8/0.01/d [FAIL] | Bal: 25.0% [OK] | Jaccard: ERR [WARN] | ANOVA: p=0.04 [OK] | MI: 0.4908 [OK]
2026-01-01 01:31:06,695 - System.tprint - WARNING - ⚠️ ❌ Gates Failed: Sample: 8/0.01/d [FAIL] | Bal: 25.0% [OK] | Jaccard: ERR [WARN] | ANOVA: p=0.04 [OK] | MI: 0.4908 [OK]
[2026-01-01 01:31:06.709] WARNING: ❌ Gates Failed: Sample: 8/0.01/d [FAIL] | Bal: 25.0% [OK] | Jaccard: ERR [WARN] | ANOVA: p=0.04 [OK] | MI: 0.4908 [OK]
2026-01-01 01:31:06,710 - System.tprint - WARNING - ⚠️ ❌ Gates Failed: Sample: 8/0.01/d [FAIL] | Bal: 25.0% [OK] | Jaccard: ERR [WARN] | ANOVA: p=0.04 [OK] | MI: 0.4908 [OK]
[2026-01-01 01:31:06.725] WARNING: ❌ Gates Failed: Sample: 8/0.01/d [FAIL] | Bal: 25.0% [OK] | Jaccard: ERR [WARN] | ANOVA: p=0.04 [OK] | MI: 0.4908 [OK]
2026-01-01 01:31:06,726 - System.tprint - WARNING - ⚠️ ❌ Gates Failed: Sample: 8/0.01/d [FAIL] | Bal: 25.0% [OK] | Jaccard: ERR [WARN] | ANOVA: p=0.04 [OK] | MI: 0.4908 [OK]
[2026-01-01 01:31:06.739] WARNING: ❌ Gates Failed: Sample: 8/0.01/d [FAIL] | Bal: 12.5% [OK] | Jaccard: ERR [WARN] | ANOVA: p=0.11 [OK] | MI: 0.0000 [WARN]
2026-01-01 01:31:06,739 - System.tprint - WARNING - ⚠️ ❌ Gates Failed: Sample: 8/0.01/d [FAIL] | Bal: 12.5% [OK] | Jaccard: ERR [WARN] | ANOVA: p=0.11 [OK] | MI: 0.0000 [WARN]
[2026-01-01 01:31:06.752] WARNING: ❌ Gates Failed: Sample: 8/0.01/d [FAIL] | Bal: 12.5% [OK] | Jaccard: ERR [WARN] | ANOVA: p=0.11 [OK] | MI: 0.0000 [WARN]
2026-01-01 01:31:06,752 - System.tprint - WARNING - ⚠️ ❌ Gates Failed: Sample: 8/0.01/d [FAIL] | Bal: 12.5% [OK] | Jaccard: ERR [WARN] | ANOVA: p=0.11 [OK] | MI: 0.0000 [WARN]
[2026-01-01 01:31:06.765] WARNING: ❌ Gates Failed: Sample: 8/0.01/d [FAIL] | Bal: 12.5% [OK] | Jaccard: ERR [WARN] | ANOVA: p=0.11 [OK] | MI: 0.0000 [WARN]
2026-01-01 01:31:06,765 - System.tprint - WARNING - ⚠️ ❌ Gates Failed: Sample: 8/0.01/d [FAIL] | Bal: 12.5% [OK] | Jaccard: ERR [WARN] | ANOVA: p=0.11 [OK] | MI: 0.0000 [WARN]
[2026-01-01 01:31:06.781] WARNING: ❌ Gates Failed: Sample: 8/0.01/d [FAIL] | Bal: 25.0% [OK] | Jaccard: ERR [WARN] | ANOVA: p=0.04 [OK] | MI: 0.4908 [OK]
2026-01-01 01:31:06,781 - System.tprint - WARNING - ⚠️ ❌ Gates Failed: Sample: 8/0.01/d [FAIL] | Bal: 25.0% [OK] | Jaccard: ERR [WARN] | ANOVA: p=0.04 [OK] | MI: 0.4908 [OK]
[2026-01-01 01:31:06.797] WARNING: ❌ Gates Failed: Sample: 8/0.01/d [FAIL] | Bal: 25.0% [OK] | Jaccard: ERR [WARN] | ANOVA: p=0.04 [OK] | MI: 0.4908 [OK]
2026-01-01 01:31:06,797 - System.tprint - WARNING - ⚠️ ❌ Gates Failed: Sample: 8/0.01/d [FAIL] | Bal: 25.0% [OK] | Jaccard: ERR [WARN] | ANOVA: p=0.04 [OK] | MI: 0.4908 [OK]
[2026-01-01 01:31:06.812] WARNING: ❌ Gates Failed: Sample: 8/0.01/d [FAIL] | Bal: 25.0% [OK] | Jaccard: ERR [WARN] | ANOVA: p=0.04 [OK] | MI: 0.4908 [OK]
2026-01-01 01:31:06,812 - System.tprint - WARNING - ⚠️ ❌ Gates Failed: Sample: 8/0.01/d [FAIL] | Bal: 25.0% [OK] | Jaccard: ERR [WARN] | ANOVA: p=0.04 [OK] | MI: 0.4908 [OK]
[2026-01-01 01:31:06.825] WARNING: ❌ Gates Failed: Sample: 8/0.01/d [FAIL] | Bal: 12.5% [OK] | Jaccard: ERR [WARN] | ANOVA: p=0.11 [OK] | MI: 0.0000 [WARN]
2026-01-01 01:31:06,825 - System.tprint - WARNING - ⚠️ ❌ Gates Failed: Sample: 8/0.01/d [FAIL] | Bal: 12.5% [OK] | Jaccard: ERR [WARN] | ANOVA: p=0.11 [OK] | MI: 0.0000 [WARN]
[2026-01-01 01:31:06.839] WARNING: ❌ Gates Failed: Sample: 8/0.01/d [FAIL] | Bal: 12.5% [OK] | Jaccard: ERR [WARN] | ANOVA: p=0.11 [OK] | MI: 0.0000 [WARN]
2026-01-01 01:31:06,839 - System.tprint - WARNING - ⚠️ ❌ Gates Failed: Sample: 8/0.01/d [FAIL] | Bal: 12.5% [OK] | Jaccard: ERR [WARN] | ANOVA: p=0.11 [OK] | MI: 0.0000 [WARN]
[2026-01-01 01:31:06.853] WARNING: ❌ Gates Failed: Sample: 8/0.01/d [FAIL] | Bal: 12.5% [OK] | Jaccard: ERR [WARN] | ANOVA: p=0.11 [OK] | MI: 0.0000 [WARN]
2026-01-01 01:31:06,854 - System.tprint - WARNING - ⚠️ ❌ Gates Failed: Sample: 8/0.01/d [FAIL] | Bal: 12.5% [OK] | Jaccard: ERR [WARN] | ANOVA: p=0.11 [OK] | MI: 0.0000 [WARN]
[2026-01-01 01:31:06.870] WARNING: ❌ Gates Failed: Sample: 8/0.01/d [FAIL] | Bal: 25.0% [OK] | Jaccard: ERR [WARN] | ANOVA: p=0.04 [OK] | MI: 0.4908 [OK]
2026-01-01 01:31:06,870 - System.tprint - WARNING - ⚠️ ❌ Gates Failed: Sample: 8/0.01/d [FAIL] | Bal: 25.0% [OK] | Jaccard: ERR [WARN] | ANOVA: p=0.04 [OK] | MI: 0.4908 [OK]
[2026-01-01 01:31:06.887] WARNING: ❌ Gates Failed: Sample: 8/0.01/d [FAIL] | Bal: 25.0% [OK] | Jaccard: ERR [WARN] | ANOVA: p=0.04 [OK] | MI: 0.4908 [OK]
2026-01-01 01:31:06,887 - System.tprint - WARNING - ⚠️ ❌ Gates Failed: Sample: 8/0.01/d [FAIL] | Bal: 25.0% [OK] | Jaccard: ERR [WARN] | ANOVA: p=0.04 [OK] | MI: 0.4908 [OK]
[2026-01-01 01:31:06.903] WARNING: ❌ Gates Failed: Sample: 8/0.01/d [FAIL] | Bal: 25.0% [OK] | Jaccard: ERR [WARN] | ANOVA: p=0.04 [OK] | MI: 0.4908 [OK]
2026-01-01 01:31:06,903 - System.tprint - WARNING - ⚠️ ❌ Gates Failed: Sample: 8/0.01/d [FAIL] | Bal: 25.0% [OK] | Jaccard: ERR [WARN] | ANOVA: p=0.04 [OK] | MI: 0.4908 [OK]
[2026-01-01 01:31:06.919] WARNING: ❌ Gates Failed: Sample: 8/0.01/d [FAIL] | Bal: 12.5% [OK] | Jaccard: ERR [WARN] | ANOVA: p=0.11 [OK] | MI: 0.0000 [WARN]
2026-01-01 01:31:06,919 - System.tprint - WARNING - ⚠️ ❌ Gates Failed: Sample: 8/0.01/d [FAIL] | Bal: 12.5% [OK] | Jaccard: ERR [WARN] | ANOVA: p=0.11 [OK] | MI: 0.0000 [WARN]
[2026-01-01 01:31:06.932] WARNING: ❌ Gates Failed: Sample: 8/0.01/d [FAIL] | Bal: 12.5% [OK] | Jaccard: ERR [WARN] | ANOVA: p=0.11 [OK] | MI: 0.0000 [WARN]
2026-01-01 01:31:06,932 - System.tprint - WARNING - ⚠️ ❌ Gates Failed: Sample: 8/0.01/d [FAIL] | Bal: 12.5% [OK] | Jaccard: ERR [WARN] | ANOVA: p=0.11 [OK] | MI: 0.0000 [WARN]
[2026-01-01 01:31:06.946] WARNING: ❌ Gates Failed: Sample: 8/0.01/d [FAIL] | Bal: 12.5% [OK] | Jaccard: ERR [WARN] | ANOVA: p=0.11 [OK] | MI: 0.0000 [WARN]
2026-01-01 01:31:06,946 - System.tprint - WARNING - ⚠️ ❌ Gates Failed: Sample: 8/0.01/d [FAIL] | Bal: 12.5% [OK] | Jaccard: ERR [WARN] | ANOVA: p=0.11 [OK] | MI: 0.0000 [WARN]
[2026-01-01 01:31:06.960] WARNING: ❌ Gates Failed: Sample: 8/0.01/d [FAIL] | Bal: 25.0% [OK] | Jaccard: ERR [WARN] | ANOVA: p=0.04 [OK] | MI: 0.4908 [OK]
2026-01-01 01:31:06,960 - System.tprint - WARNING - ⚠️ ❌ Gates Failed: Sample: 8/0.01/d [FAIL] | Bal: 25.0% [OK] | Jaccard: ERR [WARN] | ANOVA: p=0.04 [OK] | MI: 0.4908 [OK]
[2026-01-01 01:31:06.976] WARNING: ❌ Gates Failed: Sample: 8/0.01/d [FAIL] | Bal: 25.0% [OK] | Jaccard: ERR [WARN] | ANOVA: p=0.04 [OK] | MI: 0.4908 [OK]
2026-01-01 01:31:06,976 - System.tprint - WARNING - ⚠️ ❌ Gates Failed: Sample: 8/0.01/d [FAIL] | Bal: 25.0% [OK] | Jaccard: ERR [WARN] | ANOVA: p=0.04 [OK] | MI: 0.4908 [OK]
[2026-01-01 01:31:06.990] WARNING: ❌ Gates Failed: Sample: 8/0.01/d [FAIL] | Bal: 25.0% [OK] | Jaccard: ERR [WARN] | ANOVA: p=0.04 [OK] | MI: 0.4908 [OK]
2026-01-01 01:31:06,990 - System.tprint - WARNING - ⚠️ ❌ Gates Failed: Sample: 8/0.01/d [FAIL] | Bal: 25.0% [OK] | Jaccard: ERR [WARN] | ANOVA: p=0.04 [OK] | MI: 0.4908 [OK]
[2026-01-01 01:31:07.121] WARNING: ❌ Gates Failed: Sample: 33054/31.05/d [OK] | Bal: 9.9% [FAIL] | Jaccard: ERR [WARN] | ANOVA: p=0.00 [OK] | MI: 0.0068 [OK]
2026-01-01 01:31:07,121 - System.tprint - WARNING - ⚠️ ❌ Gates Failed: Sample: 33054/31.05/d [OK] | Bal: 9.9% [FAIL] | Jaccard: ERR [WARN] | ANOVA: p=0.00 [OK] | MI: 0.0068 [OK]
[2026-01-01 01:31:07.152] WARNING: ❌ Gates Failed: Sample: 33054/31.05/d [OK] | Bal: 9.9% [FAIL] | Jaccard: ERR [WARN] | ANOVA: p=0.00 [OK] | MI: 0.0068 [OK]
2026-01-01 01:31:07,152 - System.tprint - WARNING - ⚠️ ❌ Gates Failed: Sample: 33054/31.05/d [OK] | Bal: 9.9% [FAIL] | Jaccard: ERR [WARN] | ANOVA: p=0.00 [OK] | MI: 0.0068 [OK]
[2026-01-01 01:31:07.186] WARNING: ❌ Gates Failed: Sample: 33054/31.05/d [OK] | Bal: 9.9% [FAIL] | Jaccard: ERR [WARN] | ANOVA: p=0.00 [OK] | MI: 0.0068 [OK]
2026-01-01 01:31:07,186 - System.tprint - WARNING - ⚠️ ❌ Gates Failed: Sample: 33054/31.05/d [OK] | Bal: 9.9% [FAIL] | Jaccard: ERR [WARN] | ANOVA: p=0.00 [OK] | MI: 0.0068 [OK]
2026-01-01 01:31:07,409 - src.utils.hardware.m1_memory_optimizer.M1MemoryOptimizer - INFO - ℹ️ 🧹 Moderate cleanup: 154 objects collected
[2026-01-01 01:31:07.457] WARNING: ❌ Gates Failed: Sample: 33054/31.05/d [OK] | Bal: 9.9% [FAIL] | Jaccard: ERR [WARN] | ANOVA: p=0.00 [OK] | MI: 0.0068 [OK]
2026-01-01 01:31:07,458 - System.tprint - WARNING - ⚠️ ❌ Gates Failed: Sample: 33054/31.05/d [OK] | Bal: 9.9% [FAIL] | Jaccard: ERR [WARN] | ANOVA: p=0.00 [OK] | MI: 0.0068 [OK]
[2026-01-01 01:31:07.488] WARNING: ❌ Gates Failed: Sample: 33054/31.05/d [OK] | Bal: 9.9% [FAIL] | Jaccard: ERR [WARN] | ANOVA: p=0.00 [OK] | MI: 0.0068 [OK]
2026-01-01 01:31:07,489 - System.tprint - WARNING - ⚠️ ❌ Gates Failed: Sample: 33054/31.05/d [OK] | Bal: 9.9% [FAIL] | Jaccard: ERR [WARN] | ANOVA: p=0.00 [OK] | MI: 0.0068 [OK]
[2026-01-01 01:31:07.518] WARNING: ❌ Gates Failed: Sample: 33054/31.05/d [OK] | Bal: 9.9% [FAIL] | Jaccard: ERR [WARN] | ANOVA: p=0.00 [OK] | MI: 0.0068 [OK]
2026-01-01 01:31:07,519 - System.tprint - WARNING - ⚠️ ❌ Gates Failed: Sample: 33054/31.05/d [OK] | Bal: 9.9% [FAIL] | Jaccard: ERR [WARN] | ANOVA: p=0.00 [OK] | MI: 0.0068 [OK]
[2026-01-01 01:31:07.636] WARNING: ❌ Gates Failed: Sample: 33054/31.05/d [OK] | Bal: 8.2% [FAIL] | Jaccard: ERR [WARN] | ANOVA: p=0.00 [OK] | MI: 0.0080 [OK]
2026-01-01 01:31:07,636 - System.tprint - WARNING - ⚠️ ❌ Gates Failed: Sample: 33054/31.05/d [OK] | Bal: 8.2% [FAIL] | Jaccard: ERR [WARN] | ANOVA: p=0.00 [OK] | MI: 0.0080 [OK]
[2026-01-01 01:31:07.665] WARNING: ❌ Gates Failed: Sample: 33054/31.05/d [OK] | Bal: 8.2% [FAIL] | Jaccard: ERR [WARN] | ANOVA: p=0.00 [OK] | MI: 0.0080 [OK]
2026-01-01 01:31:07,666 - System.tprint - WARNING - ⚠️ ❌ Gates Failed: Sample: 33054/31.05/d [OK] | Bal: 8.2% [FAIL] | Jaccard: ERR [WARN] | ANOVA: p=0.00 [OK] | MI: 0.0080 [OK]
[2026-01-01 01:31:07.695] WARNING: ❌ Gates Failed: Sample: 33054/31.05/d [OK] | Bal: 8.2% [FAIL] | Jaccard: ERR [WARN] | ANOVA: p=0.00 [OK] | MI: 0.0080 [OK]
2026-01-01 01:31:07,695 - System.tprint - WARNING - ⚠️ ❌ Gates Failed: Sample: 33054/31.05/d [OK] | Bal: 8.2% [FAIL] | Jaccard: ERR [WARN] | ANOVA: p=0.00 [OK] | MI: 0.0080 [OK]
[2026-01-01 01:31:07.815] WARNING: ❌ Gates Failed: Sample: 33054/31.05/d [OK] | Bal: 8.2% [FAIL] | Jaccard: ERR [WARN] | ANOVA: p=0.00 [OK] | MI: 0.0080 [OK]
2026-01-01 01:31:07,816 - System.tprint - WARNING - ⚠️ ❌ Gates Failed: Sample: 33054/31.05/d [OK] | Bal: 8.2% [FAIL] | Jaccard: ERR [WARN] | ANOVA: p=0.00 [OK] | MI: 0.0080 [OK]
[2026-01-01 01:31:07.846] WARNING: ❌ Gates Failed: Sample: 33054/31.05/d [OK] | Bal: 8.2% [FAIL] | Jaccard: ERR [WARN] | ANOVA: p=0.00 [OK] | MI: 0.0080 [OK]
2026-01-01 01:31:07,846 - System.tprint - WARNING - ⚠️ ❌ Gates Failed: Sample: 33054/31.05/d [OK] | Bal: 8.2% [FAIL] | Jaccard: ERR [WARN] | ANOVA: p=0.00 [OK] | MI: 0.0080 [OK]
[2026-01-01 01:31:07.877] WARNING: ❌ Gates Failed: Sample: 33054/31.05/d [OK] | Bal: 8.2% [FAIL] | Jaccard: ERR [WARN] | ANOVA: p=0.00 [OK] | MI: 0.0080 [OK]
2026-01-01 01:31:07,877 - System.tprint - WARNING - ⚠️ ❌ Gates Failed: Sample: 33054/31.05/d [OK] | Bal: 8.2% [FAIL] | Jaccard: ERR [WARN] | ANOVA: p=0.00 [OK] | MI: 0.0080 [OK]
[2026-01-01 01:31:07.993] WARNING: ❌ Gates Failed: Sample: 33054/31.05/d [OK] | Bal: 7.5% [FAIL] | Jaccard: ERR [WARN] | ANOVA: p=0.00 [OK] | MI: 0.0092 [OK]
2026-01-01 01:31:07,993 - System.tprint - WARNING - ⚠️ ❌ Gates Failed: Sample: 33054/31.05/d [OK] | Bal: 7.5% [FAIL] | Jaccard: ERR [WARN] | ANOVA: p=0.00 [OK] | MI: 0.0092 [OK]
[2026-01-01 01:31:08.023] WARNING: ❌ Gates Failed: Sample: 33054/31.05/d [OK] | Bal: 7.5% [FAIL] | Jaccard: ERR [WARN] | ANOVA: p=0.00 [OK] | MI: 0.0092 [OK]
2026-01-01 01:31:08,023 - System.tprint - WARNING - ⚠️ ❌ Gates Failed: Sample: 33054/31.05/d [OK] | Bal: 7.5% [FAIL] | Jaccard: ERR [WARN] | ANOVA: p=0.00 [OK] | MI: 0.0092 [OK]
[2026-01-01 01:31:08.052] WARNING: ❌ Gates Failed: Sample: 33054/31.05/d [OK] | Bal: 7.5% [FAIL] | Jaccard: ERR [WARN] | ANOVA: p=0.00 [OK] | MI: 0.0092 [OK]
2026-01-01 01:31:08,052 - System.tprint - WARNING - ⚠️ ❌ Gates Failed: Sample: 33054/31.05/d [OK] | Bal: 7.5% [FAIL] | Jaccard: ERR [WARN] | ANOVA: p=0.00 [OK] | MI: 0.0092 [OK]
[2026-01-01 01:31:08.171] WARNING: ❌ Gates Failed: Sample: 33054/31.05/d [OK] | Bal: 7.5% [FAIL] | Jaccard: ERR [WARN] | ANOVA: p=0.00 [OK] | MI: 0.0092 [OK]
2026-01-01 01:31:08,171 - System.tprint - WARNING - ⚠️ ❌ Gates Failed: Sample: 33054/31.05/d [OK] | Bal: 7.5% [FAIL] | Jaccard: ERR [WARN] | ANOVA: p=0.00 [OK] | MI: 0.0092 [OK]
[2026-01-01 01:31:08.201] WARNING: ❌ Gates Failed: Sample: 33054/31.05/d [OK] | Bal: 7.5% [FAIL] | Jaccard: ERR [WARN] | ANOVA: p=0.00 [OK] | MI: 0.0092 [OK]
2026-01-01 01:31:08,201 - System.tprint - WARNING - ⚠️ ❌ Gates Failed: Sample: 33054/31.05/d [OK] | Bal: 7.5% [FAIL] | Jaccard: ERR [WARN] | ANOVA: p=0.00 [OK] | MI: 0.0092 [OK]
[2026-01-01 01:31:08.230] WARNING: ❌ Gates Failed: Sample: 33054/31.05/d [OK] | Bal: 7.5% [FAIL] | Jaccard: ERR [WARN] | ANOVA: p=0.00 [OK] | MI: 0.0092 [OK]
2026-01-01 01:31:08,230 - System.tprint - WARNING - ⚠️ ❌ Gates Failed: Sample: 33054/31.05/d [OK] | Bal: 7.5% [FAIL] | Jaccard: ERR [WARN] | ANOVA: p=0.00 [OK] | MI: 0.0092 [OK]
[2026-01-01 01:31:08.346] WARNING: ❌ Gates Failed: Sample: 33054/31.05/d [OK] | Bal: 6.9% [FAIL] | Jaccard: ERR [WARN] | ANOVA: p=0.00 [OK] | MI: 0.0095 [OK]
2026-01-01 01:31:08,346 - System.tprint - WARNING - ⚠️ ❌ Gates Failed: Sample: 33054/31.05/d [OK] | Bal: 6.9% [FAIL] | Jaccard: ERR [WARN] | ANOVA: p=0.00 [OK] | MI: 0.0095 [OK]
[2026-01-01 01:31:08.375] WARNING: ❌ Gates Failed: Sample: 33054/31.05/d [OK] | Bal: 6.9% [FAIL] | Jaccard: ERR [WARN] | ANOVA: p=0.00 [OK] | MI: 0.0095 [OK]
2026-01-01 01:31:08,375 - System.tprint - WARNING - ⚠️ ❌ Gates Failed: Sample: 33054/31.05/d [OK] | Bal: 6.9% [FAIL] | Jaccard: ERR [WARN] | ANOVA: p=0.00 [OK] | MI: 0.0095 [OK]
[2026-01-01 01:31:08.405] WARNING: ❌ Gates Failed: Sample: 33054/31.05/d [OK] | Bal: 6.9% [FAIL] | Jaccard: ERR [WARN] | ANOVA: p=0.00 [OK] | MI: 0.0095 [OK]
2026-01-01 01:31:08,405 - System.tprint - WARNING - ⚠️ ❌ Gates Failed: Sample: 33054/31.05/d [OK] | Bal: 6.9% [FAIL] | Jaccard: ERR [WARN] | ANOVA: p=0.00 [OK] | MI: 0.0095 [OK]
[2026-01-01 01:31:08.522] WARNING: ❌ Gates Failed: Sample: 33054/31.05/d [OK] | Bal: 6.9% [FAIL] | Jaccard: ERR [WARN] | ANOVA: p=0.00 [OK] | MI: 0.0095 [OK]
2026-01-01 01:31:08,522 - System.tprint - WARNING - ⚠️ ❌ Gates Failed: Sample: 33054/31.05/d [OK] | Bal: 6.9% [FAIL] | Jaccard: ERR [WARN] | ANOVA: p=0.00 [OK] | MI: 0.0095 [OK]
[2026-01-01 01:31:08.552] WARNING: ❌ Gates Failed: Sample: 33054/31.05/d [OK] | Bal: 6.9% [FAIL] | Jaccard: ERR [WARN] | ANOVA: p=0.00 [OK] | MI: 0.0095 [OK]
2026-01-01 01:31:08,553 - System.tprint - WARNING - ⚠️ ❌ Gates Failed: Sample: 33054/31.05/d [OK] | Bal: 6.9% [FAIL] | Jaccard: ERR [WARN] | ANOVA: p=0.00 [OK] | MI: 0.0095 [OK]
[2026-01-01 01:31:08.582] WARNING: ❌ Gates Failed: Sample: 33054/31.05/d [OK] | Bal: 6.9% [FAIL] | Jaccard: ERR [WARN] | ANOVA: p=0.00 [OK] | MI: 0.0095 [OK]
2026-01-01 01:31:08,582 - System.tprint - WARNING - ⚠️ ❌ Gates Failed: Sample: 33054/31.05/d [OK] | Bal: 6.9% [FAIL] | Jaccard: ERR [WARN] | ANOVA: p=0.00 [OK] | MI: 0.0095 [OK]
[2026-01-01 01:31:08.700] WARNING: ❌ Gates Failed: Sample: 33054/31.05/d [OK] | Bal: 5.9% [FAIL] | Jaccard: ERR [WARN] | ANOVA: p=0.00 [OK] | MI: 0.0075 [OK]
2026-01-01 01:31:08,700 - System.tprint - WARNING - ⚠️ ❌ Gates Failed: Sample: 33054/31.05/d [OK] | Bal: 5.9% [FAIL] | Jaccard: ERR [WARN] | ANOVA: p=0.00 [OK] | MI: 0.0075 [OK]
[2026-01-01 01:31:08.731] WARNING: ❌ Gates Failed: Sample: 33054/31.05/d [OK] | Bal: 5.9% [FAIL] | Jaccard: ERR [WARN] | ANOVA: p=0.00 [OK] | MI: 0.0075 [OK]
2026-01-01 01:31:08,731 - System.tprint - WARNING - ⚠️ ❌ Gates Failed: Sample: 33054/31.05/d [OK] | Bal: 5.9% [FAIL] | Jaccard: ERR [WARN] | ANOVA: p=0.00 [OK] | MI: 0.0075 [OK]
[2026-01-01 01:31:08.760] WARNING: ❌ Gates Failed: Sample: 33054/31.05/d [OK] | Bal: 5.9% [FAIL] | Jaccard: ERR [WARN] | ANOVA: p=0.00 [OK] | MI: 0.0075 [OK]
2026-01-01 01:31:08,761 - System.tprint - WARNING - ⚠️ ❌ Gates Failed: Sample: 33054/31.05/d [OK] | Bal: 5.9% [FAIL] | Jaccard: ERR [WARN] | ANOVA: p=0.00 [OK] | MI: 0.0075 [OK]
[2026-01-01 01:31:08.877] WARNING: ❌ Gates Failed: Sample: 33054/31.05/d [OK] | Bal: 5.9% [FAIL] | Jaccard: ERR [WARN] | ANOVA: p=0.00 [OK] | MI: 0.0075 [OK]
2026-01-01 01:31:08,877 - System.tprint - WARNING - ⚠️ ❌ Gates Failed: Sample: 33054/31.05/d [OK] | Bal: 5.9% [FAIL] | Jaccard: ERR [WARN] | ANOVA: p=0.00 [OK] | MI: 0.0075 [OK]
[2026-01-01 01:31:08.906] WARNING: ❌ Gates Failed: Sample: 33054/31.05/d [OK] | Bal: 5.9% [FAIL] | Jaccard: ERR [WARN] | ANOVA: p=0.00 [OK] | MI: 0.0075 [OK]
2026-01-01 01:31:08,906 - System.tprint - WARNING - ⚠️ ❌ Gates Failed: Sample: 33054/31.05/d [OK] | Bal: 5.9% [FAIL] | Jaccard: ERR [WARN] | ANOVA: p=0.00 [OK] | MI: 0.0075 [OK]
[2026-01-01 01:31:08.934] WARNING: ❌ Gates Failed: Sample: 33054/31.05/d [OK] | Bal: 5.9% [FAIL] | Jaccard: ERR [WARN] | ANOVA: p=0.00 [OK] | MI: 0.0075 [OK]
2026-01-01 01:31:08,934 - System.tprint - WARNING - ⚠️ ❌ Gates Failed: Sample: 33054/31.05/d [OK] | Bal: 5.9% [FAIL] | Jaccard: ERR [WARN] | ANOVA: p=0.00 [OK] | MI: 0.0075 [OK]
[2026-01-01 01:31:09.136] WARNING: ❌ Gates Failed: Sample: 33054/31.05/d [OK] | Bal: 9.9% [FAIL] | Jaccard: ERR [WARN] | ANOVA: p=0.00 [OK] | MI: 0.0068 [OK]
2026-01-01 01:31:09,136 - System.tprint - WARNING - ⚠️ ❌ Gates Failed: Sample: 33054/31.05/d [OK] | Bal: 9.9% [FAIL] | Jaccard: ERR [WARN] | ANOVA: p=0.00 [OK] | MI: 0.0068 [OK]
[2026-01-01 01:31:09.165] WARNING: ❌ Gates Failed: Sample: 33054/31.05/d [OK] | Bal: 9.9% [FAIL] | Jaccard: ERR [WARN] | ANOVA: p=0.00 [OK] | MI: 0.0068 [OK]
2026-01-01 01:31:09,165 - System.tprint - WARNING - ⚠️ ❌ Gates Failed: Sample: 33054/31.05/d [OK] | Bal: 9.9% [FAIL] | Jaccard: ERR [WARN] | ANOVA: p=0.00 [OK] | MI: 0.0068 [OK]
[2026-01-01 01:31:09.194] WARNING: ❌ Gates Failed: Sample: 33054/31.05/d [OK] | Bal: 9.9% [FAIL] | Jaccard: ERR [WARN] | ANOVA: p=0.00 [OK] | MI: 0.0068 [OK]
2026-01-01 01:31:09,194 - System.tprint - WARNING - ⚠️ ❌ Gates Failed: Sample: 33054/31.05/d [OK] | Bal: 9.9% [FAIL] | Jaccard: ERR [WARN] | ANOVA: p=0.00 [OK] | MI: 0.0068 [OK]
[2026-01-01 01:31:09.314] WARNING: ❌ Gates Failed: Sample: 33054/31.05/d [OK] | Bal: 9.9% [FAIL] | Jaccard: ERR [WARN] | ANOVA: p=0.00 [OK] | MI: 0.0068 [OK]
2026-01-01 01:31:09,314 - System.tprint - WARNING - ⚠️ ❌ Gates Failed: Sample: 33054/31.05/d [OK] | Bal: 9.9% [FAIL] | Jaccard: ERR [WARN] | ANOVA: p=0.00 [OK] | MI: 0.0068 [OK]
[2026-01-01 01:31:09.343] WARNING: ❌ Gates Failed: Sample: 33054/31.05/d [OK] | Bal: 9.9% [FAIL] | Jaccard: ERR [WARN] | ANOVA: p=0.00 [OK] | MI: 0.0068 [OK]
2026-01-01 01:31:09,343 - System.tprint - WARNING - ⚠️ ❌ Gates Failed: Sample: 33054/31.05/d [OK] | Bal: 9.9% [FAIL] | Jaccard: ERR [WARN] | ANOVA: p=0.00 [OK] | MI: 0.0068 [OK]
[2026-01-01 01:31:09.373] WARNING: ❌ Gates Failed: Sample: 33054/31.05/d [OK] | Bal: 9.9% [FAIL] | Jaccard: ERR [WARN] | ANOVA: p=0.00 [OK] | MI: 0.0068 [OK]
2026-01-01 01:31:09,373 - System.tprint - WARNING - ⚠️ ❌ Gates Failed: Sample: 33054/31.05/d [OK] | Bal: 9.9% [FAIL] | Jaccard: ERR [WARN] | ANOVA: p=0.00 [OK] | MI: 0.0068 [OK]
[2026-01-01 01:31:09.489] WARNING: ❌ Gates Failed: Sample: 33054/31.05/d [OK] | Bal: 8.2% [FAIL] | Jaccard: ERR [WARN] | ANOVA: p=0.00 [OK] | MI: 0.0080 [OK]
2026-01-01 01:31:09,489 - System.tprint - WARNING - ⚠️ ❌ Gates Failed: Sample: 33054/31.05/d [OK] | Bal: 8.2% [FAIL] | Jaccard: ERR [WARN] | ANOVA: p=0.00 [OK] | MI: 0.0080 [OK]
[2026-01-01 01:31:09.521] WARNING: ❌ Gates Failed: Sample: 33054/31.05/d [OK] | Bal: 8.2% [FAIL] | Jaccard: ERR [WARN] | ANOVA: p=0.00 [OK] | MI: 0.0080 [OK]
2026-01-01 01:31:09,521 - System.tprint - WARNING - ⚠️ ❌ Gates Failed: Sample: 33054/31.05/d [OK] | Bal: 8.2% [FAIL] | Jaccard: ERR [WARN] | ANOVA: p=0.00 [OK] | MI: 0.0080 [OK]
[2026-01-01 01:31:09.549] WARNING: ❌ Gates Failed: Sample: 33054/31.05/d [OK] | Bal: 8.2% [FAIL] | Jaccard: ERR [WARN] | ANOVA: p=0.00 [OK] | MI: 0.0080 [OK]
2026-01-01 01:31:09,550 - System.tprint - WARNING - ⚠️ ❌ Gates Failed: Sample: 33054/31.05/d [OK] | Bal: 8.2% [FAIL] | Jaccard: ERR [WARN] | ANOVA: p=0.00 [OK] | MI: 0.0080 [OK]
[2026-01-01 01:31:09.666] WARNING: ❌ Gates Failed: Sample: 33054/31.05/d [OK] | Bal: 8.2% [FAIL] | Jaccard: ERR [WARN] | ANOVA: p=0.00 [OK] | MI: 0.0080 [OK]
2026-01-01 01:31:09,666 - System.tprint - WARNING - ⚠️ ❌ Gates Failed: Sample: 33054/31.05/d [OK] | Bal: 8.2% [FAIL] | Jaccard: ERR [WARN] | ANOVA: p=0.00 [OK] | MI: 0.0080 [OK]
[2026-01-01 01:31:09.695] WARNING: ❌ Gates Failed: Sample: 33054/31.05/d [OK] | Bal: 8.2% [FAIL] | Jaccard: ERR [WARN] | ANOVA: p=0.00 [OK] | MI: 0.0080 [OK]
2026-01-01 01:31:09,695 - System.tprint - WARNING - ⚠️ ❌ Gates Failed: Sample: 33054/31.05/d [OK] | Bal: 8.2% [FAIL] | Jaccard: ERR [WARN] | ANOVA: p=0.00 [OK] | MI: 0.0080 [OK]
[2026-01-01 01:31:09.724] WARNING: ❌ Gates Failed: Sample: 33054/31.05/d [OK] | Bal: 8.2% [FAIL] | Jaccard: ERR [WARN] | ANOVA: p=0.00 [OK] | MI: 0.0080 [OK]
2026-01-01 01:31:09,724 - System.tprint - WARNING - ⚠️ ❌ Gates Failed: Sample: 33054/31.05/d [OK] | Bal: 8.2% [FAIL] | Jaccard: ERR [WARN] | ANOVA: p=0.00 [OK] | MI: 0.0080 [OK]
[2026-01-01 01:31:09.840] WARNING: ❌ Gates Failed: Sample: 33054/31.05/d [OK] | Bal: 7.5% [FAIL] | Jaccard: ERR [WARN] | ANOVA: p=0.00 [OK] | MI: 0.0092 [OK]
2026-01-01 01:31:09,840 - System.tprint - WARNING - ⚠️ ❌ Gates Failed: Sample: 33054/31.05/d [OK] | Bal: 7.5% [FAIL] | Jaccard: ERR [WARN] | ANOVA: p=0.00 [OK] | MI: 0.0092 [OK]
[2026-01-01 01:31:09.870] WARNING: ❌ Gates Failed: Sample: 33054/31.05/d [OK] | Bal: 7.5% [FAIL] | Jaccard: ERR [WARN] | ANOVA: p=0.00 [OK] | MI: 0.0092 [OK]
2026-01-01 01:31:09,870 - System.tprint - WARNING - ⚠️ ❌ Gates Failed: Sample: 33054/31.05/d [OK] | Bal: 7.5% [FAIL] | Jaccard: ERR [WARN] | ANOVA: p=0.00 [OK] | MI: 0.0092 [OK]
[2026-01-01 01:31:09.900] WARNING: ❌ Gates Failed: Sample: 33054/31.05/d [OK] | Bal: 7.5% [FAIL] | Jaccard: ERR [WARN] | ANOVA: p=0.00 [OK] | MI: 0.0092 [OK]
2026-01-01 01:31:09,900 - System.tprint - WARNING - ⚠️ ❌ Gates Failed: Sample: 33054/31.05/d [OK] | Bal: 7.5% [FAIL] | Jaccard: ERR [WARN] | ANOVA: p=0.00 [OK] | MI: 0.0092 [OK]
[2026-01-01 01:31:10.016] WARNING: ❌ Gates Failed: Sample: 33054/31.05/d [OK] | Bal: 7.5% [FAIL] | Jaccard: ERR [WARN] | ANOVA: p=0.00 [OK] | MI: 0.0092 [OK]
2026-01-01 01:31:10,016 - System.tprint - WARNING - ⚠️ ❌ Gates Failed: Sample: 33054/31.05/d [OK] | Bal: 7.5% [FAIL] | Jaccard: ERR [WARN] | ANOVA: p=0.00 [OK] | MI: 0.0092 [OK]
[2026-01-01 01:31:10.045] WARNING: ❌ Gates Failed: Sample: 33054/31.05/d [OK] | Bal: 7.5% [FAIL] | Jaccard: ERR [WARN] | ANOVA: p=0.00 [OK] | MI: 0.0092 [OK]
2026-01-01 01:31:10,045 - System.tprint - WARNING - ⚠️ ❌ Gates Failed: Sample: 33054/31.05/d [OK] | Bal: 7.5% [FAIL] | Jaccard: ERR [WARN] | ANOVA: p=0.00 [OK] | MI: 0.0092 [OK]
[2026-01-01 01:31:10.076] WARNING: ❌ Gates Failed: Sample: 33054/31.05/d [OK] | Bal: 7.5% [FAIL] | Jaccard: ERR [WARN] | ANOVA: p=0.00 [OK] | MI: 0.0092 [OK]
2026-01-01 01:31:10,076 - System.tprint - WARNING - ⚠️ ❌ Gates Failed: Sample: 33054/31.05/d [OK] | Bal: 7.5% [FAIL] | Jaccard: ERR [WARN] | ANOVA: p=0.00 [OK] | MI: 0.0092 [OK]
[2026-01-01 01:31:10.192] WARNING: ❌ Gates Failed: Sample: 33054/31.05/d [OK] | Bal: 6.9% [FAIL] | Jaccard: ERR [WARN] | ANOVA: p=0.00 [OK] | MI: 0.0095 [OK]
2026-01-01 01:31:10,192 - System.tprint - WARNING - ⚠️ ❌ Gates Failed: Sample: 33054/31.05/d [OK] | Bal: 6.9% [FAIL] | Jaccard: ERR [WARN] | ANOVA: p=0.00 [OK] | MI: 0.0095 [OK]
[2026-01-01 01:31:10.222] WARNING: ❌ Gates Failed: Sample: 33054/31.05/d [OK] | Bal: 6.9% [FAIL] | Jaccard: ERR [WARN] | ANOVA: p=0.00 [OK] | MI: 0.0095 [OK]
2026-01-01 01:31:10,222 - System.tprint - WARNING - ⚠️ ❌ Gates Failed: Sample: 33054/31.05/d [OK] | Bal: 6.9% [FAIL] | Jaccard: ERR [WARN] | ANOVA: p=0.00 [OK] | MI: 0.0095 [OK]
[2026-01-01 01:31:10.251] WARNING: ❌ Gates Failed: Sample: 33054/31.05/d [OK] | Bal: 6.9% [FAIL] | Jaccard: ERR [WARN] | ANOVA: p=0.00 [OK] | MI: 0.0095 [OK]
2026-01-01 01:31:10,251 - System.tprint - WARNING - ⚠️ ❌ Gates Failed: Sample: 33054/31.05/d [OK] | Bal: 6.9% [FAIL] | Jaccard: ERR [WARN] | ANOVA: p=0.00 [OK] | MI: 0.0095 [OK]
[2026-01-01 01:31:10.365] WARNING: ❌ Gates Failed: Sample: 33054/31.05/d [OK] | Bal: 6.9% [FAIL] | Jaccard: ERR [WARN] | ANOVA: p=0.00 [OK] | MI: 0.0095 [OK]
2026-01-01 01:31:10,366 - System.tprint - WARNING - ⚠️ ❌ Gates Failed: Sample: 33054/31.05/d [OK] | Bal: 6.9% [FAIL] | Jaccard: ERR [WARN] | ANOVA: p=0.00 [OK] | MI: 0.0095 [OK]
[2026-01-01 01:31:10.396] WARNING: ❌ Gates Failed: Sample: 33054/31.05/d [OK] | Bal: 6.9% [FAIL] | Jaccard: ERR [WARN] | ANOVA: p=0.00 [OK] | MI: 0.0095 [OK]
2026-01-01 01:31:10,396 - System.tprint - WARNING - ⚠️ ❌ Gates Failed: Sample: 33054/31.05/d [OK] | Bal: 6.9% [FAIL] | Jaccard: ERR [WARN] | ANOVA: p=0.00 [OK] | MI: 0.0095 [OK]
[2026-01-01 01:31:10.425] WARNING: ❌ Gates Failed: Sample: 33054/31.05/d [OK] | Bal: 6.9% [FAIL] | Jaccard: ERR [WARN] | ANOVA: p=0.00 [OK] | MI: 0.0095 [OK]
2026-01-01 01:31:10,425 - System.tprint - WARNING - ⚠️ ❌ Gates Failed: Sample: 33054/31.05/d [OK] | Bal: 6.9% [FAIL] | Jaccard: ERR [WARN] | ANOVA: p=0.00 [OK] | MI: 0.0095 [OK]
[2026-01-01 01:31:10.544] WARNING: ❌ Gates Failed: Sample: 33054/31.05/d [OK] | Bal: 5.9% [FAIL] | Jaccard: ERR [WARN] | ANOVA: p=0.00 [OK] | MI: 0.0075 [OK]
2026-01-01 01:31:10,544 - System.tprint - WARNING - ⚠️ ❌ Gates Failed: Sample: 33054/31.05/d [OK] | Bal: 5.9% [FAIL] | Jaccard: ERR [WARN] | ANOVA: p=0.00 [OK] | MI: 0.0075 [OK]
[2026-01-01 01:31:10.572] WARNING: ❌ Gates Failed: Sample: 33054/31.05/d [OK] | Bal: 5.9% [FAIL] | Jaccard: ERR [WARN] | ANOVA: p=0.00 [OK] | MI: 0.0075 [OK]
2026-01-01 01:31:10,572 - System.tprint - WARNING - ⚠️ ❌ Gates Failed: Sample: 33054/31.05/d [OK] | Bal: 5.9% [FAIL] | Jaccard: ERR [WARN] | ANOVA: p=0.00 [OK] | MI: 0.0075 [OK]
[2026-01-01 01:31:10.602] WARNING: ❌ Gates Failed: Sample: 33054/31.05/d [OK] | Bal: 5.9% [FAIL] | Jaccard: ERR [WARN] | ANOVA: p=0.00 [OK] | MI: 0.0075 [OK]
2026-01-01 01:31:10,602 - System.tprint - WARNING - ⚠️ ❌ Gates Failed: Sample: 33054/31.05/d [OK] | Bal: 5.9% [FAIL] | Jaccard: ERR [WARN] | ANOVA: p=0.00 [OK] | MI: 0.0075 [OK]
[2026-01-01 01:31:10.718] WARNING: ❌ Gates Failed: Sample: 33054/31.05/d [OK] | Bal: 5.9% [FAIL] | Jaccard: ERR [WARN] | ANOVA: p=0.00 [OK] | MI: 0.0075 [OK]
2026-01-01 01:31:10,718 - System.tprint - WARNING - ⚠️ ❌ Gates Failed: Sample: 33054/31.05/d [OK] | Bal: 5.9% [FAIL] | Jaccard: ERR [WARN] | ANOVA: p=0.00 [OK] | MI: 0.0075 [OK]
[2026-01-01 01:31:10.747] WARNING: ❌ Gates Failed: Sample: 33054/31.05/d [OK] | Bal: 5.9% [FAIL] | Jaccard: ERR [WARN] | ANOVA: p=0.00 [OK] | MI: 0.0075 [OK]
2026-01-01 01:31:10,747 - System.tprint - WARNING - ⚠️ ❌ Gates Failed: Sample: 33054/31.05/d [OK] | Bal: 5.9% [FAIL] | Jaccard: ERR [WARN] | ANOVA: p=0.00 [OK] | MI: 0.0075 [OK]
[2026-01-01 01:31:10.776] WARNING: ❌ Gates Failed: Sample: 33054/31.05/d [OK] | Bal: 5.9% [FAIL] | Jaccard: ERR [WARN] | ANOVA: p=0.00 [OK] | MI: 0.0075 [OK]
2026-01-01 01:31:10,776 - System.tprint - WARNING - ⚠️ ❌ Gates Failed: Sample: 33054/31.05/d [OK] | Bal: 5.9% [FAIL] | Jaccard: ERR [WARN] | ANOVA: p=0.00 [OK] | MI: 0.0075 [OK]
[2026-01-01 01:31:10.911] WARNING: ❌ Gates Failed: Sample: 5/0.01/d [FAIL] | Bal: 20.0% [OK] | Jaccard: ERR [WARN] | ANOVA: p=0.08 [OK] | MI: 0.0000 [WARN]
2026-01-01 01:31:10,911 - System.tprint - WARNING - ⚠️ ❌ Gates Failed: Sample: 5/0.01/d [FAIL] | Bal: 20.0% [OK] | Jaccard: ERR [WARN] | ANOVA: p=0.08 [OK] | MI: 0.0000 [WARN]
[2026-01-01 01:31:10.924] WARNING: ❌ Gates Failed: Sample: 5/0.01/d [FAIL] | Bal: 20.0% [OK] | Jaccard: ERR [WARN] | ANOVA: p=0.08 [OK] | MI: 0.0000 [WARN]
2026-01-01 01:31:10,925 - System.tprint - WARNING - ⚠️ ❌ Gates Failed: Sample: 5/0.01/d [FAIL] | Bal: 20.0% [OK] | Jaccard: ERR [WARN] | ANOVA: p=0.08 [OK] | MI: 0.0000 [WARN]
[2026-01-01 01:31:10.939] WARNING: ❌ Gates Failed: Sample: 5/0.01/d [FAIL] | Bal: 20.0% [OK] | Jaccard: ERR [WARN] | ANOVA: p=0.08 [OK] | MI: 0.0000 [WARN]
2026-01-01 01:31:10,939 - System.tprint - WARNING - ⚠️ ❌ Gates Failed: Sample: 5/0.01/d [FAIL] | Bal: 20.0% [OK] | Jaccard: ERR [WARN] | ANOVA: p=0.08 [OK] | MI: 0.0000 [WARN]
[2026-01-01 01:31:10.952] WARNING: ❌ Gates Failed: Sample: 5/0.01/d [FAIL] | Bal: 0.0% [FAIL] | Jaccard: ERR [WARN] | ANOVA: N/A [WARN] | MI: 0.0000 [WARN]
2026-01-01 01:31:10,952 - System.tprint - WARNING - ⚠️ ❌ Gates Failed: Sample: 5/0.01/d [FAIL] | Bal: 0.0% [FAIL] | Jaccard: ERR [WARN] | ANOVA: N/A [WARN] | MI: 0.0000 [WARN]
[2026-01-01 01:31:10.966] WARNING: ❌ Gates Failed: Sample: 5/0.01/d [FAIL] | Bal: 0.0% [FAIL] | Jaccard: ERR [WARN] | ANOVA: N/A [WARN] | MI: 0.0000 [WARN]
2026-01-01 01:31:10,966 - System.tprint - WARNING - ⚠️ ❌ Gates Failed: Sample: 5/0.01/d [FAIL] | Bal: 0.0% [FAIL] | Jaccard: ERR [WARN] | ANOVA: N/A [WARN] | MI: 0.0000 [WARN]
[2026-01-01 01:31:10.979] WARNING: ❌ Gates Failed: Sample: 5/0.01/d [FAIL] | Bal: 0.0% [FAIL] | Jaccard: ERR [WARN] | ANOVA: N/A [WARN] | MI: 0.0000 [WARN]
2026-01-01 01:31:10,979 - System.tprint - WARNING - ⚠️ ❌ Gates Failed: Sample: 5/0.01/d [FAIL] | Bal: 0.0% [FAIL] | Jaccard: ERR [WARN] | ANOVA: N/A [WARN] | MI: 0.0000 [WARN]
[2026-01-01 01:31:10.993] WARNING: ❌ Gates Failed: Sample: 5/0.01/d [FAIL] | Bal: 20.0% [OK] | Jaccard: ERR [WARN] | ANOVA: p=0.08 [OK] | MI: 0.0000 [WARN]
2026-01-01 01:31:10,993 - System.tprint - WARNING - ⚠️ ❌ Gates Failed: Sample: 5/0.01/d [FAIL] | Bal: 20.0% [OK] | Jaccard: ERR [WARN] | ANOVA: p=0.08 [OK] | MI: 0.0000 [WARN]
[2026-01-01 01:31:11.007] WARNING: ❌ Gates Failed: Sample: 5/0.01/d [FAIL] | Bal: 20.0% [OK] | Jaccard: ERR [WARN] | ANOVA: p=0.08 [OK] | MI: 0.0000 [WARN]
2026-01-01 01:31:11,007 - System.tprint - WARNING - ⚠️ ❌ Gates Failed: Sample: 5/0.01/d [FAIL] | Bal: 20.0% [OK] | Jaccard: ERR [WARN] | ANOVA: p=0.08 [OK] | MI: 0.0000 [WARN]
[2026-01-01 01:31:11.021] WARNING: ❌ Gates Failed: Sample: 5/0.01/d [FAIL] | Bal: 20.0% [OK] | Jaccard: ERR [WARN] | ANOVA: p=0.08 [OK] | MI: 0.0000 [WARN]
2026-01-01 01:31:11,021 - System.tprint - WARNING - ⚠️ ❌ Gates Failed: Sample: 5/0.01/d [FAIL] | Bal: 20.0% [OK] | Jaccard: ERR [WARN] | ANOVA: p=0.08 [OK] | MI: 0.0000 [WARN]
[2026-01-01 01:31:11.035] WARNING: ❌ Gates Failed: Sample: 5/0.01/d [FAIL] | Bal: 0.0% [FAIL] | Jaccard: ERR [WARN] | ANOVA: N/A [WARN] | MI: 0.0000 [WARN]
2026-01-01 01:31:11,036 - System.tprint - WARNING - ⚠️ ❌ Gates Failed: Sample: 5/0.01/d [FAIL] | Bal: 0.0% [FAIL] | Jaccard: ERR [WARN] | ANOVA: N/A [WARN] | MI: 0.0000 [WARN]
[2026-01-01 01:31:11.049] WARNING: ❌ Gates Failed: Sample: 5/0.01/d [FAIL] | Bal: 0.0% [FAIL] | Jaccard: ERR [WARN] | ANOVA: N/A [WARN] | MI: 0.0000 [WARN]
2026-01-01 01:31:11,049 - System.tprint - WARNING - ⚠️ ❌ Gates Failed: Sample: 5/0.01/d [FAIL] | Bal: 0.0% [FAIL] | Jaccard: ERR [WARN] | ANOVA: N/A [WARN] | MI: 0.0000 [WARN]
[2026-01-01 01:31:11.061] WARNING: ❌ Gates Failed: Sample: 5/0.01/d [FAIL] | Bal: 0.0% [FAIL] | Jaccard: ERR [WARN] | ANOVA: N/A [WARN] | MI: 0.0000 [WARN]
2026-01-01 01:31:11,061 - System.tprint - WARNING - ⚠️ ❌ Gates Failed: Sample: 5/0.01/d [FAIL] | Bal: 0.0% [FAIL] | Jaccard: ERR [WARN] | ANOVA: N/A [WARN] | MI: 0.0000 [WARN]
[2026-01-01 01:31:11.077] WARNING: ❌ Gates Failed: Sample: 5/0.01/d [FAIL] | Bal: 0.0% [FAIL] | Jaccard: ERR [WARN] | ANOVA: N/A [WARN] | MI: 0.0000 [WARN]
2026-01-01 01:31:11,077 - System.tprint - WARNING - ⚠️ ❌ Gates Failed: Sample: 5/0.01/d [FAIL] | Bal: 0.0% [FAIL] | Jaccard: ERR [WARN] | ANOVA: N/A [WARN] | MI: 0.0000 [WARN]
[2026-01-01 01:31:11.091] WARNING: ❌ Gates Failed: Sample: 5/0.01/d [FAIL] | Bal: 0.0% [FAIL] | Jaccard: ERR [WARN] | ANOVA: N/A [WARN] | MI: 0.0000 [WARN]
2026-01-01 01:31:11,092 - System.tprint - WARNING - ⚠️ ❌ Gates Failed: Sample: 5/0.01/d [FAIL] | Bal: 0.0% [FAIL] | Jaccard: ERR [WARN] | ANOVA: N/A [WARN] | MI: 0.0000 [WARN]
[2026-01-01 01:31:11.105] WARNING: ❌ Gates Failed: Sample: 5/0.01/d [FAIL] | Bal: 0.0% [FAIL] | Jaccard: ERR [WARN] | ANOVA: N/A [WARN] | MI: 0.0000 [WARN]
2026-01-01 01:31:11,105 - System.tprint - WARNING - ⚠️ ❌ Gates Failed: Sample: 5/0.01/d [FAIL] | Bal: 0.0% [FAIL] | Jaccard: ERR [WARN] | ANOVA: N/A [WARN] | MI: 0.0000 [WARN]
[2026-01-01 01:31:11.119] WARNING: ❌ Gates Failed: Sample: 5/0.01/d [FAIL] | Bal: 0.0% [FAIL] | Jaccard: ERR [WARN] | ANOVA: N/A [WARN] | MI: 0.0000 [WARN]
2026-01-01 01:31:11,119 - System.tprint - WARNING - ⚠️ ❌ Gates Failed: Sample: 5/0.01/d [FAIL] | Bal: 0.0% [FAIL] | Jaccard: ERR [WARN] | ANOVA: N/A [WARN] | MI: 0.0000 [WARN]
[2026-01-01 01:31:11.132] WARNING: ❌ Gates Failed: Sample: 5/0.01/d [FAIL] | Bal: 0.0% [FAIL] | Jaccard: ERR [WARN] | ANOVA: N/A [WARN] | MI: 0.0000 [WARN]
2026-01-01 01:31:11,133 - System.tprint - WARNING - ⚠️ ❌ Gates Failed: Sample: 5/0.01/d [FAIL] | Bal: 0.0% [FAIL] | Jaccard: ERR [WARN] | ANOVA: N/A [WARN] | MI: 0.0000 [WARN]
[2026-01-01 01:31:11.146] WARNING: ❌ Gates Failed: Sample: 5/0.01/d [FAIL] | Bal: 0.0% [FAIL] | Jaccard: ERR [WARN] | ANOVA: N/A [WARN] | MI: 0.0000 [WARN]
2026-01-01 01:31:11,147 - System.tprint - WARNING - ⚠️ ❌ Gates Failed: Sample: 5/0.01/d [FAIL] | Bal: 0.0% [FAIL] | Jaccard: ERR [WARN] | ANOVA: N/A [WARN] | MI: 0.0000 [WARN]
[2026-01-01 01:31:11.161] WARNING: ❌ Gates Failed: Sample: 5/0.01/d [FAIL] | Bal: 0.0% [FAIL] | Jaccard: ERR [WARN] | ANOVA: N/A [WARN] | MI: 0.0000 [WARN]
2026-01-01 01:31:11,161 - System.tprint - WARNING - ⚠️ ❌ Gates Failed: Sample: 5/0.01/d [FAIL] | Bal: 0.0% [FAIL] | Jaccard: ERR [WARN] | ANOVA: N/A [WARN] | MI: 0.0000 [WARN]
[2026-01-01 01:31:11.174] WARNING: ❌ Gates Failed: Sample: 5/0.01/d [FAIL] | Bal: 0.0% [FAIL] | Jaccard: ERR [WARN] | ANOVA: N/A [WARN] | MI: 0.0000 [WARN]
2026-01-01 01:31:11,174 - System.tprint - WARNING - ⚠️ ❌ Gates Failed: Sample: 5/0.01/d [FAIL] | Bal: 0.0% [FAIL] | Jaccard: ERR [WARN] | ANOVA: N/A [WARN] | MI: 0.0000 [WARN]
[2026-01-01 01:31:11.187] WARNING: ❌ Gates Failed: Sample: 5/0.01/d [FAIL] | Bal: 0.0% [FAIL] | Jaccard: ERR [WARN] | ANOVA: N/A [WARN] | MI: 0.0000 [WARN]
2026-01-01 01:31:11,187 - System.tprint - WARNING - ⚠️ ❌ Gates Failed: Sample: 5/0.01/d [FAIL] | Bal: 0.0% [FAIL] | Jaccard: ERR [WARN] | ANOVA: N/A [WARN] | MI: 0.0000 [WARN]
[2026-01-01 01:31:11.199] WARNING: ❌ Gates Failed: Sample: 5/0.01/d [FAIL] | Bal: 0.0% [FAIL] | Jaccard: ERR [WARN] | ANOVA: N/A [WARN] | MI: 0.0000 [WARN]
2026-01-01 01:31:11,199 - System.tprint - WARNING - ⚠️ ❌ Gates Failed: Sample: 5/0.01/d [FAIL] | Bal: 0.0% [FAIL] | Jaccard: ERR [WARN] | ANOVA: N/A [WARN] | MI: 0.0000 [WARN]
[2026-01-01 01:31:11.212] WARNING: ❌ Gates Failed: Sample: 5/0.01/d [FAIL] | Bal: 0.0% [FAIL] | Jaccard: ERR [WARN] | ANOVA: N/A [WARN] | MI: 0.0000 [WARN]
2026-01-01 01:31:11,212 - System.tprint - WARNING - ⚠️ ❌ Gates Failed: Sample: 5/0.01/d [FAIL] | Bal: 0.0% [FAIL] | Jaccard: ERR [WARN] | ANOVA: N/A [WARN] | MI: 0.0000 [WARN]
[2026-01-01 01:31:11.224] WARNING: ❌ Gates Failed: Sample: 5/0.01/d [FAIL] | Bal: 0.0% [FAIL] | Jaccard: ERR [WARN] | ANOVA: N/A [WARN] | MI: 0.0000 [WARN]
2026-01-01 01:31:11,224 - System.tprint - WARNING - ⚠️ ❌ Gates Failed: Sample: 5/0.01/d [FAIL] | Bal: 0.0% [FAIL] | Jaccard: ERR [WARN] | ANOVA: N/A [WARN] | MI: 0.0000 [WARN]
[2026-01-01 01:31:11.238] WARNING: ❌ Gates Failed: Sample: 5/0.01/d [FAIL] | Bal: 0.0% [FAIL] | Jaccard: ERR [WARN] | ANOVA: N/A [WARN] | MI: 0.0000 [WARN]
2026-01-01 01:31:11,238 - System.tprint - WARNING - ⚠️ ❌ Gates Failed: Sample: 5/0.01/d [FAIL] | Bal: 0.0% [FAIL] | Jaccard: ERR [WARN] | ANOVA: N/A [WARN] | MI: 0.0000 [WARN]
[2026-01-01 01:31:11.252] WARNING: ❌ Gates Failed: Sample: 5/0.01/d [FAIL] | Bal: 0.0% [FAIL] | Jaccard: ERR [WARN] | ANOVA: N/A [WARN] | MI: 0.0000 [WARN]
2026-01-01 01:31:11,252 - System.tprint - WARNING - ⚠️ ❌ Gates Failed: Sample: 5/0.01/d [FAIL] | Bal: 0.0% [FAIL] | Jaccard: ERR [WARN] | ANOVA: N/A [WARN] | MI: 0.0000 [WARN]
[2026-01-01 01:31:11.265] WARNING: ❌ Gates Failed: Sample: 5/0.01/d [FAIL] | Bal: 0.0% [FAIL] | Jaccard: ERR [WARN] | ANOVA: N/A [WARN] | MI: 0.0000 [WARN]
2026-01-01 01:31:11,265 - System.tprint - WARNING - ⚠️ ❌ Gates Failed: Sample: 5/0.01/d [FAIL] | Bal: 0.0% [FAIL] | Jaccard: ERR [WARN] | ANOVA: N/A [WARN] | MI: 0.0000 [WARN]
[2026-01-01 01:31:11.278] WARNING: ❌ Gates Failed: Sample: 5/0.01/d [FAIL] | Bal: 0.0% [FAIL] | Jaccard: ERR [WARN] | ANOVA: N/A [WARN] | MI: 0.0000 [WARN]
2026-01-01 01:31:11,278 - System.tprint - WARNING - ⚠️ ❌ Gates Failed: Sample: 5/0.01/d [FAIL] | Bal: 0.0% [FAIL] | Jaccard: ERR [WARN] | ANOVA: N/A [WARN] | MI: 0.0000 [WARN]
[2026-01-01 01:31:11.290] WARNING: ❌ Gates Failed: Sample: 5/0.01/d [FAIL] | Bal: 0.0% [FAIL] | Jaccard: ERR [WARN] | ANOVA: N/A [WARN] | MI: 0.0000 [WARN]
2026-01-01 01:31:11,290 - System.tprint - WARNING - ⚠️ ❌ Gates Failed: Sample: 5/0.01/d [FAIL] | Bal: 0.0% [FAIL] | Jaccard: ERR [WARN] | ANOVA: N/A [WARN] | MI: 0.0000 [WARN]
[2026-01-01 01:31:11.303] WARNING: ❌ Gates Failed: Sample: 5/0.01/d [FAIL] | Bal: 0.0% [FAIL] | Jaccard: ERR [WARN] | ANOVA: N/A [WARN] | MI: 0.0000 [WARN]
2026-01-01 01:31:11,303 - System.tprint - WARNING - ⚠️ ❌ Gates Failed: Sample: 5/0.01/d [FAIL] | Bal: 0.0% [FAIL] | Jaccard: ERR [WARN] | ANOVA: N/A [WARN] | MI: 0.0000 [WARN]
[2026-01-01 01:31:11.315] WARNING: ❌ Gates Failed: Sample: 5/0.01/d [FAIL] | Bal: 0.0% [FAIL] | Jaccard: ERR [WARN] | ANOVA: N/A [WARN] | MI: 0.0000 [WARN]
2026-01-01 01:31:11,315 - System.tprint - WARNING - ⚠️ ❌ Gates Failed: Sample: 5/0.01/d [FAIL] | Bal: 0.0% [FAIL] | Jaccard: ERR [WARN] | ANOVA: N/A [WARN] | MI: 0.0000 [WARN]
[2026-01-01 01:31:11.327] WARNING: ❌ Gates Failed: Sample: 5/0.01/d [FAIL] | Bal: 0.0% [FAIL] | Jaccard: ERR [WARN] | ANOVA: N/A [WARN] | MI: 0.0000 [WARN]
2026-01-01 01:31:11,327 - System.tprint - WARNING - ⚠️ ❌ Gates Failed: Sample: 5/0.01/d [FAIL] | Bal: 0.0% [FAIL] | Jaccard: ERR [WARN] | ANOVA: N/A [WARN] | MI: 0.0000 [WARN]
[2026-01-01 01:31:11.340] WARNING: ❌ Gates Failed: Sample: 5/0.01/d [FAIL] | Bal: 0.0% [FAIL] | Jaccard: ERR [WARN] | ANOVA: N/A [WARN] | MI: 0.0000 [WARN]
2026-01-01 01:31:11,340 - System.tprint - WARNING - ⚠️ ❌ Gates Failed: Sample: 5/0.01/d [FAIL] | Bal: 0.0% [FAIL] | Jaccard: ERR [WARN] | ANOVA: N/A [WARN] | MI: 0.0000 [WARN]
[2026-01-01 01:31:11.352] WARNING: ❌ Gates Failed: Sample: 5/0.01/d [FAIL] | Bal: 0.0% [FAIL] | Jaccard: ERR [WARN] | ANOVA: N/A [WARN] | MI: 0.0000 [WARN]
2026-01-01 01:31:11,353 - System.tprint - WARNING - ⚠️ ❌ Gates Failed: Sample: 5/0.01/d [FAIL] | Bal: 0.0% [FAIL] | Jaccard: ERR [WARN] | ANOVA: N/A [WARN] | MI: 0.0000 [WARN]
[2026-01-01 01:31:11.364] WARNING: ❌ Gates Failed: Sample: 5/0.01/d [FAIL] | Bal: 0.0% [FAIL] | Jaccard: ERR [WARN] | ANOVA: N/A [WARN] | MI: 0.0000 [WARN]
2026-01-01 01:31:11,365 - System.tprint - WARNING - ⚠️ ❌ Gates Failed: Sample: 5/0.01/d [FAIL] | Bal: 0.0% [FAIL] | Jaccard: ERR [WARN] | ANOVA: N/A [WARN] | MI: 0.0000 [WARN]
[2026-01-01 01:31:11.377] WARNING: ❌ Gates Failed: Sample: 5/0.01/d [FAIL] | Bal: 0.0% [FAIL] | Jaccard: ERR [WARN] | ANOVA: N/A [WARN] | MI: 0.0000 [WARN]
2026-01-01 01:31:11,377 - System.tprint - WARNING - ⚠️ ❌ Gates Failed: Sample: 5/0.01/d [FAIL] | Bal: 0.0% [FAIL] | Jaccard: ERR [WARN] | ANOVA: N/A [WARN] | MI: 0.0000 [WARN]
[2026-01-01 01:31:11.391] WARNING: ❌ Gates Failed: Sample: 5/0.01/d [FAIL] | Bal: 0.0% [FAIL] | Jaccard: ERR [WARN] | ANOVA: N/A [WARN] | MI: 0.0000 [WARN]
2026-01-01 01:31:11,391 - System.tprint - WARNING - ⚠️ ❌ Gates Failed: Sample: 5/0.01/d [FAIL] | Bal: 0.0% [FAIL] | Jaccard: ERR [WARN] | ANOVA: N/A [WARN] | MI: 0.0000 [WARN]
[2026-01-01 01:31:11.404] WARNING: ❌ Gates Failed: Sample: 5/0.01/d [FAIL] | Bal: 0.0% [FAIL] | Jaccard: ERR [WARN] | ANOVA: N/A [WARN] | MI: 0.0000 [WARN]
2026-01-01 01:31:11,404 - System.tprint - WARNING - ⚠️ ❌ Gates Failed: Sample: 5/0.01/d [FAIL] | Bal: 0.0% [FAIL] | Jaccard: ERR [WARN] | ANOVA: N/A [WARN] | MI: 0.0000 [WARN]
[2026-01-01 01:31:11.417] WARNING: ❌ Gates Failed: Sample: 5/0.01/d [FAIL] | Bal: 0.0% [FAIL] | Jaccard: ERR [WARN] | ANOVA: N/A [WARN] | MI: 0.0000 [WARN]
2026-01-01 01:31:11,417 - System.tprint - WARNING - ⚠️ ❌ Gates Failed: Sample: 5/0.01/d [FAIL] | Bal: 0.0% [FAIL] | Jaccard: ERR [WARN] | ANOVA: N/A [WARN] | MI: 0.0000 [WARN]
[2026-01-01 01:31:11.429] WARNING: ❌ Gates Failed: Sample: 5/0.01/d [FAIL] | Bal: 0.0% [FAIL] | Jaccard: ERR [WARN] | ANOVA: N/A [WARN] | MI: 0.0000 [WARN]
2026-01-01 01:31:11,430 - System.tprint - WARNING - ⚠️ ❌ Gates Failed: Sample: 5/0.01/d [FAIL] | Bal: 0.0% [FAIL] | Jaccard: ERR [WARN] | ANOVA: N/A [WARN] | MI: 0.0000 [WARN]
[2026-01-01 01:31:11.444] WARNING: ❌ Gates Failed: Sample: 5/0.01/d [FAIL] | Bal: 0.0% [FAIL] | Jaccard: ERR [WARN] | ANOVA: N/A [WARN] | MI: 0.0000 [WARN]
2026-01-01 01:31:11,444 - System.tprint - WARNING - ⚠️ ❌ Gates Failed: Sample: 5/0.01/d [FAIL] | Bal: 0.0% [FAIL] | Jaccard: ERR [WARN] | ANOVA: N/A [WARN] | MI: 0.0000 [WARN]
[2026-01-01 01:31:11.458] WARNING: ❌ Gates Failed: Sample: 5/0.01/d [FAIL] | Bal: 0.0% [FAIL] | Jaccard: ERR [WARN] | ANOVA: N/A [WARN] | MI: 0.0000 [WARN]
2026-01-01 01:31:11,458 - System.tprint - WARNING - ⚠️ ❌ Gates Failed: Sample: 5/0.01/d [FAIL] | Bal: 0.0% [FAIL] | Jaccard: ERR [WARN] | ANOVA: N/A [WARN] | MI: 0.0000 [WARN]
[2026-01-01 01:31:11.471] WARNING: ❌ Gates Failed: Sample: 5/0.01/d [FAIL] | Bal: 0.0% [FAIL] | Jaccard: ERR [WARN] | ANOVA: N/A [WARN] | MI: 0.0000 [WARN]
2026-01-01 01:31:11,471 - System.tprint - WARNING - ⚠️ ❌ Gates Failed: Sample: 5/0.01/d [FAIL] | Bal: 0.0% [FAIL] | Jaccard: ERR [WARN] | ANOVA: N/A [WARN] | MI: 0.0000 [WARN]
[2026-01-01 01:31:11.484] WARNING: ❌ Gates Failed: Sample: 5/0.01/d [FAIL] | Bal: 0.0% [FAIL] | Jaccard: ERR [WARN] | ANOVA: N/A [WARN] | MI: 0.0000 [WARN]
2026-01-01 01:31:11,484 - System.tprint - WARNING - ⚠️ ❌ Gates Failed: Sample: 5/0.01/d [FAIL] | Bal: 0.0% [FAIL] | Jaccard: ERR [WARN] | ANOVA: N/A [WARN] | MI: 0.0000 [WARN]
[2026-01-01 01:31:11.498] WARNING: ❌ Gates Failed: Sample: 5/0.01/d [FAIL] | Bal: 0.0% [FAIL] | Jaccard: ERR [WARN] | ANOVA: N/A [WARN] | MI: 0.0000 [WARN]
2026-01-01 01:31:11,498 - System.tprint - WARNING - ⚠️ ❌ Gates Failed: Sample: 5/0.01/d [FAIL] | Bal: 0.0% [FAIL] | Jaccard: ERR [WARN] | ANOVA: N/A [WARN] | MI: 0.0000 [WARN]
[2026-01-01 01:31:11.512] WARNING: ❌ Gates Failed: Sample: 5/0.01/d [FAIL] | Bal: 0.0% [FAIL] | Jaccard: ERR [WARN] | ANOVA: N/A [WARN] | MI: 0.0000 [WARN]
2026-01-01 01:31:11,512 - System.tprint - WARNING - ⚠️ ❌ Gates Failed: Sample: 5/0.01/d [FAIL] | Bal: 0.0% [FAIL] | Jaccard: ERR [WARN] | ANOVA: N/A [WARN] | MI: 0.0000 [WARN]
[2026-01-01 01:31:11.525] WARNING: ❌ Gates Failed: Sample: 5/0.01/d [FAIL] | Bal: 0.0% [FAIL] | Jaccard: ERR [WARN] | ANOVA: N/A [WARN] | MI: 0.0000 [WARN]
2026-01-01 01:31:11,525 - System.tprint - WARNING - ⚠️ ❌ Gates Failed: Sample: 5/0.01/d [FAIL] | Bal: 0.0% [FAIL] | Jaccard: ERR [WARN] | ANOVA: N/A [WARN] | MI: 0.0000 [WARN]
[2026-01-01 01:31:11.538] WARNING: ❌ Gates Failed: Sample: 5/0.01/d [FAIL] | Bal: 0.0% [FAIL] | Jaccard: ERR [WARN] | ANOVA: N/A [WARN] | MI: 0.0000 [WARN]
2026-01-01 01:31:11,538 - System.tprint - WARNING - ⚠️ ❌ Gates Failed: Sample: 5/0.01/d [FAIL] | Bal: 0.0% [FAIL] | Jaccard: ERR [WARN] | ANOVA: N/A [WARN] | MI: 0.0000 [WARN]
[2026-01-01 01:31:11.551] WARNING: ❌ Gates Failed: Sample: 5/0.01/d [FAIL] | Bal: 0.0% [FAIL] | Jaccard: ERR [WARN] | ANOVA: N/A [WARN] | MI: 0.0000 [WARN]
2026-01-01 01:31:11,551 - System.tprint - WARNING - ⚠️ ❌ Gates Failed: Sample: 5/0.01/d [FAIL] | Bal: 0.0% [FAIL] | Jaccard: ERR [WARN] | ANOVA: N/A [WARN] | MI: 0.0000 [WARN]
[2026-01-01 01:31:11.564] WARNING: ❌ Gates Failed: Sample: 5/0.01/d [FAIL] | Bal: 0.0% [FAIL] | Jaccard: ERR [WARN] | ANOVA: N/A [WARN] | MI: 0.0000 [WARN]
2026-01-01 01:31:11,564 - System.tprint - WARNING - ⚠️ ❌ Gates Failed: Sample: 5/0.01/d [FAIL] | Bal: 0.0% [FAIL] | Jaccard: ERR [WARN] | ANOVA: N/A [WARN] | MI: 0.0000 [WARN]
[2026-01-01 01:31:11.578] WARNING: ❌ Gates Failed: Sample: 5/0.01/d [FAIL] | Bal: 0.0% [FAIL] | Jaccard: ERR [WARN] | ANOVA: N/A [WARN] | MI: 0.0000 [WARN]
2026-01-01 01:31:11,578 - System.tprint - WARNING - ⚠️ ❌ Gates Failed: Sample: 5/0.01/d [FAIL] | Bal: 0.0% [FAIL] | Jaccard: ERR [WARN] | ANOVA: N/A [WARN] | MI: 0.0000 [WARN]
[2026-01-01 01:31:11.589] WARNING: ❌ Gates Failed: Sample: 5/0.01/d [FAIL] | Bal: 0.0% [FAIL] | Jaccard: ERR [WARN] | ANOVA: N/A [WARN] | MI: 0.0000 [WARN]
2026-01-01 01:31:11,589 - System.tprint - WARNING - ⚠️ ❌ Gates Failed: Sample: 5/0.01/d [FAIL] | Bal: 0.0% [FAIL] | Jaccard: ERR [WARN] | ANOVA: N/A [WARN] | MI: 0.0000 [WARN]
[2026-01-01 01:31:11.601] WARNING: ❌ Gates Failed: Sample: 5/0.01/d [FAIL] | Bal: 0.0% [FAIL] | Jaccard: ERR [WARN] | ANOVA: N/A [WARN] | MI: 0.0000 [WARN]
2026-01-01 01:31:11,602 - System.tprint - WARNING - ⚠️ ❌ Gates Failed: Sample: 5/0.01/d [FAIL] | Bal: 0.0% [FAIL] | Jaccard: ERR [WARN] | ANOVA: N/A [WARN] | MI: 0.0000 [WARN]
[2026-01-01 01:31:11.614] WARNING: ❌ Gates Failed: Sample: 5/0.01/d [FAIL] | Bal: 0.0% [FAIL] | Jaccard: ERR [WARN] | ANOVA: N/A [WARN] | MI: 0.0000 [WARN]
2026-01-01 01:31:11,614 - System.tprint - WARNING - ⚠️ ❌ Gates Failed: Sample: 5/0.01/d [FAIL] | Bal: 0.0% [FAIL] | Jaccard: ERR [WARN] | ANOVA: N/A [WARN] | MI: 0.0000 [WARN]
[2026-01-01 01:31:11.629] WARNING: ❌ Gates Failed: Sample: 5/0.01/d [FAIL] | Bal: 0.0% [FAIL] | Jaccard: ERR [WARN] | ANOVA: N/A [WARN] | MI: 0.0000 [WARN]
2026-01-01 01:31:11,629 - System.tprint - WARNING - ⚠️ ❌ Gates Failed: Sample: 5/0.01/d [FAIL] | Bal: 0.0% [FAIL] | Jaccard: ERR [WARN] | ANOVA: N/A [WARN] | MI: 0.0000 [WARN]
[2026-01-01 01:31:11.641] WARNING: ❌ Gates Failed: Sample: 5/0.01/d [FAIL] | Bal: 0.0% [FAIL] | Jaccard: ERR [WARN] | ANOVA: N/A [WARN] | MI: 0.0000 [WARN]
2026-01-01 01:31:11,641 - System.tprint - WARNING - ⚠️ ❌ Gates Failed: Sample: 5/0.01/d [FAIL] | Bal: 0.0% [FAIL] | Jaccard: ERR [WARN] | ANOVA: N/A [WARN] | MI: 0.0000 [WARN]
[2026-01-01 01:31:11.654] WARNING: ❌ Gates Failed: Sample: 5/0.01/d [FAIL] | Bal: 0.0% [FAIL] | Jaccard: ERR [WARN] | ANOVA: N/A [WARN] | MI: 0.0000 [WARN]
2026-01-01 01:31:11,655 - System.tprint - WARNING - ⚠️ ❌ Gates Failed: Sample: 5/0.01/d [FAIL] | Bal: 0.0% [FAIL] | Jaccard: ERR [WARN] | ANOVA: N/A [WARN] | MI: 0.0000 [WARN]
[2026-01-01 01:31:11.668] WARNING: ❌ Gates Failed: Sample: 5/0.01/d [FAIL] | Bal: 0.0% [FAIL] | Jaccard: ERR [WARN] | ANOVA: N/A [WARN] | MI: 0.0000 [WARN]
2026-01-01 01:31:11,669 - System.tprint - WARNING - ⚠️ ❌ Gates Failed: Sample: 5/0.01/d [FAIL] | Bal: 0.0% [FAIL] | Jaccard: ERR [WARN] | ANOVA: N/A [WARN] | MI: 0.0000 [WARN]
[2026-01-01 01:31:11.682] WARNING: ❌ Gates Failed: Sample: 5/0.01/d [FAIL] | Bal: 0.0% [FAIL] | Jaccard: ERR [WARN] | ANOVA: N/A [WARN] | MI: 0.0000 [WARN]
2026-01-01 01:31:11,683 - System.tprint - WARNING - ⚠️ ❌ Gates Failed: Sample: 5/0.01/d [FAIL] | Bal: 0.0% [FAIL] | Jaccard: ERR [WARN] | ANOVA: N/A [WARN] | MI: 0.0000 [WARN]
[2026-01-01 01:31:11.696] WARNING: ❌ Gates Failed: Sample: 5/0.01/d [FAIL] | Bal: 0.0% [FAIL] | Jaccard: ERR [WARN] | ANOVA: N/A [WARN] | MI: 0.0000 [WARN]
2026-01-01 01:31:11,696 - System.tprint - WARNING - ⚠️ ❌ Gates Failed: Sample: 5/0.01/d [FAIL] | Bal: 0.0% [FAIL] | Jaccard: ERR [WARN] | ANOVA: N/A [WARN] | MI: 0.0000 [WARN]
2026-01-01 01:31:12,551 - src.utils.hardware.m1_memory_optimizer.M1MemoryOptimizer - INFO - ℹ️ 🧹 Moderate cleanup: 110 objects collected
2026-01-01 01:31:29,274 - src.training.steps.labeling.orthogonal_label_generation - INFO - ℹ️ Top 50% selection: Kept 91 from 182 candidates.
[LightGBM] [Info] Using self-defined objective function
[LightGBM] [Info] Using self-defined objective function
[LightGBM] [Info] Using self-defined objective function
[LightGBM] [Info] Using self-defined objective function
[LightGBM] [Info] Using self-defined objective function
[LightGBM] [Info] Using self-defined objective function
[LightGBM] [Info] Using self-defined objective function
[LightGBM] [Info] Using self-defined objective function
[LightGBM] [Info] Using self-defined objective function
2026-01-01 01:31:38,891 - src.utils.hardware.m1_memory_optimizer.M1MemoryOptimizer - INFO - ℹ️ 🧠 M1 Memory pressure at 0.80
[LightGBM] [Info] Using self-defined objective function
[LightGBM] [Info] Using self-defined objective function
[LightGBM] [Info] Using self-defined objective function
[LightGBM] [Info] Using self-defined objective function
[LightGBM] [Info] Using self-defined objective function
[LightGBM] [Info] Using self-defined objective function
[LightGBM] [Info] Using self-defined objective function
[LightGBM] [Info] Using self-defined objective function
[LightGBM] [Info] Using self-defined objective function
2026-01-01 01:31:59,057 - src.utils.hardware.m1_memory_optimizer.M1MemoryOptimizer - INFO - ℹ️ 🧹 Moderate cleanup: 13 objects collected
[LightGBM] [Info] Using self-defined objective function
[LightGBM] [Info] Using self-defined objective function
[LightGBM] [Info] Using self-defined objective function
[LightGBM] [Info] Using self-defined objective function
[LightGBM] [Info] Using self-defined objective function
[LightGBM] [Info] Using self-defined objective function
2026-01-01 01:32:10,645 - src.utils.hardware.m1_memory_optimizer.M1MemoryOptimizer - INFO - ℹ️ 🧹 Moderate cleanup: 13 objects collected
[LightGBM] [Info] Using self-defined objective function
[LightGBM] [Info] Using self-defined objective function
[LightGBM] [Info] Using self-defined objective function
[LightGBM] [Info] Using self-defined objective function
[LightGBM] [Info] Using self-defined objective function
[LightGBM] [Info] Using self-defined objective function
2026-01-01 01:32:15,992 - src.utils.hardware.m1_memory_optimizer.M1MemoryOptimizer - INFO - ℹ️ 🧹 Moderate cleanup: 125 objects collected
[LightGBM] [Info] Using self-defined objective function
[LightGBM] [Info] Using self-defined objective function
[LightGBM] [Info] Using self-defined objective function
2026-01-01 01:32:21,515 - src.utils.hardware.m1_memory_optimizer.M1MemoryOptimizer - INFO - ℹ️ 🧹 Moderate cleanup: 24 objects collected
[LightGBM] [Info] Using self-defined objective function
[LightGBM] [Info] Using self-defined objective function
[LightGBM] [Info] Using self-defined objective function
[LightGBM] [Info] Using self-defined objective function
[LightGBM] [Info] Using self-defined objective function
[LightGBM] [Info] Using self-defined objective function
[LightGBM] [Info] Using self-defined objective function
[LightGBM] [Info] Using self-defined objective function
[LightGBM] [Info] Using self-defined objective function
[LightGBM] [Info] Using self-defined objective function
[LightGBM] [Info] Using self-defined objective function
[LightGBM] [Info] Using self-defined objective function
[LightGBM] [Info] Using self-defined objective function
[LightGBM] [Info] Using self-defined objective function
[LightGBM] [Info] Using self-defined objective function
[LightGBM] [Info] Using self-defined objective function
[LightGBM] [Info] Using self-defined objective function
[LightGBM] [Info] Using self-defined objective function
[LightGBM] [Info] Using self-defined objective function
[LightGBM] [Info] Using self-defined objective function
[LightGBM] [Info] Using self-defined objective function
[LightGBM] [Info] Using self-defined objective function
[LightGBM] [Info] Using self-defined objective function
[LightGBM] [Info] Using self-defined objective function
[LightGBM] [Info] Using self-defined objective function
[LightGBM] [Info] Using self-defined objective function
[LightGBM] [Info] Using self-defined objective function
[LightGBM] [Info] Using self-defined objective function
[LightGBM] [Info] Using self-defined objective function
[LightGBM] [Info] Using self-defined objective function
[LightGBM] [Info] Using self-defined objective function
[LightGBM] [Info] Using self-defined objective function
[LightGBM] [Info] Using self-defined objective function
[LightGBM] [Info] Using self-defined objective function
[LightGBM] [Info] Using self-defined objective function
[LightGBM] [Info] Using self-defined objective function
[LightGBM] [Info] Using self-defined objective function
[LightGBM] [Info] Using self-defined objective function
[LightGBM] [Info] Using self-defined objective function
[LightGBM] [Info] Using self-defined objective function
[LightGBM] [Info] Using self-defined objective function
[LightGBM] [Info] Using self-defined objective function
[LightGBM] [Info] Using self-defined objective function
[LightGBM] [Info] Using self-defined objective function
[LightGBM] [Info] Using self-defined objective function
[LightGBM] [Info] Using self-defined objective function
[LightGBM] [Info] Using self-defined objective function
[LightGBM] [Info] Using self-defined objective function
[LightGBM] [Info] Using self-defined objective function
[LightGBM] [Info] Using self-defined objective function
[LightGBM] [Info] Using self-defined objective function
[LightGBM] [Info] Using self-defined objective function
[LightGBM] [Info] Using self-defined objective function
[LightGBM] [Info] Using self-defined objective function
[LightGBM] [Info] Using self-defined objective function
[LightGBM] [Info] Using self-defined objective function
[LightGBM] [Info] Using self-defined objective function
2026-01-01 01:33:56,607 - src.utils.hardware.m1_memory_optimizer.M1MemoryOptimizer - INFO - ℹ️ 🧠 M1 Memory pressure at 0.77
[LightGBM] [Info] Using self-defined objective function
[LightGBM] [Info] Using self-defined objective function
[LightGBM] [Info] Using self-defined objective function
[LightGBM] [Info] Using self-defined objective function
2026-01-01 01:34:09,266 - src.utils.hardware.m1_memory_optimizer.M1MemoryOptimizer - INFO - ℹ️ 🧹 Moderate cleanup: 72 objects collected
[LightGBM] [Info] Using self-defined objective function
[LightGBM] [Info] Using self-defined objective function
2026-01-01 01:34:15,771 - src.utils.hardware.m1_memory_optimizer.M1MemoryOptimizer - INFO - ℹ️ 🧹 Moderate cleanup: 11 objects collected
[LightGBM] [Info] Using self-defined objective function
[LightGBM] [Info] Using self-defined objective function
[LightGBM] [Info] Using self-defined objective function
2026-01-01 01:34:30,235 - src.utils.hardware.unified_hardware_manager.HardwarePerformanceMonitor - WARNING - ⚠️ 🚨 ALERT: cpu_usage (98.7) exceeds threshold (95.0)
2026-01-01 01:34:44,140 - System.ArtifactManager - INFO - ℹ️ Cleaned up artifacts directory
2026-01-01 01:34:44,147 - System.ArtifactManager - INFO - ℹ️ Removed older duplicate file: outcomes/layer0_summary_ETHUSDT_15m_20260101_010926.csv
2026-01-01 01:34:44,339 - System.ArtifactManager - INFO - ℹ️ Removed older duplicate file: outcomes/layer0_summary_ETHUSDT_15m_20260101_010351.csv
2026-01-01 01:34:44,735 - System.ArtifactManager - INFO - ℹ️ Cleaned up 2 older files for base name: layer0_summary_ETHUSDT_15m
2026-01-01 01:34:44,739 - System.ArtifactManager - INFO - ℹ️ Removed older duplicate file: outcomes/geometry_gates_20260101_011058.csv
2026-01-01 01:34:44,741 - System.ArtifactManager - INFO - ℹ️ Removed older duplicate file: outcomes/geometry_gates_20260101_010548.csv
2026-01-01 01:34:44,742 - System.ArtifactManager - INFO - ℹ️ Cleaned up 2 older files for base name: geometry_gates
2026-01-01 01:34:44,744 - System.ArtifactManager - INFO - ℹ️ Removed older duplicate file: outcomes/layer0_diagnostics_ETHUSDT_15m_20260101_010926.csv
2026-01-01 01:34:44,744 - System.ArtifactManager - INFO - ℹ️ Removed older duplicate file: outcomes/layer0_diagnostics_ETHUSDT_15m_20260101_010351.csv
2026-01-01 01:34:44,745 - System.ArtifactManager - INFO - ℹ️ Cleaned up 2 older files for base name: layer0_diagnostics_ETHUSDT_15m
2026-01-01 01:34:44,745 - System.ArtifactManager - INFO - ℹ️ Removed older duplicate file: outcomes/layer0_report_ETHUSDT_15m_20260101_010926.md
2026-01-01 01:34:44,746 - System.ArtifactManager - INFO - ℹ️ Removed older duplicate file: outcomes/layer0_report_ETHUSDT_15m_20260101_010351.md
2026-01-01 01:34:44,746 - System.ArtifactManager - INFO - ℹ️ Cleaned up 2 older files for base name: layer0_report_ETHUSDT_15m
2026-01-01 01:34:44,747 - System.ArtifactManager - INFO - ℹ️ Removed older duplicate file: outcomes/layer2_gate_diagnostics_20260101_011058.md
2026-01-01 01:34:44,748 - System.ArtifactManager - INFO - ℹ️ Removed older duplicate file: outcomes/layer2_gate_diagnostics_20260101_010548.md
2026-01-01 01:34:44,748 - System.ArtifactManager - INFO - ℹ️ Cleaned up 2 older files for base name: layer2_gate_diagnostics
2026-01-01 01:34:44,750 - System.ArtifactManager - INFO - ℹ️ Removed older duplicate file: outcomes/layer0_filter_outputs_ETHUSDT_15m_20260101_010926.csv
2026-01-01 01:34:44,751 - System.ArtifactManager - INFO - ℹ️ Removed older duplicate file: outcomes/layer0_filter_outputs_ETHUSDT_15m_20260101_010351.csv
2026-01-01 01:34:44,751 - System.ArtifactManager - INFO - ℹ️ Cleaned up 2 older files for base name: layer0_filter_outputs_ETHUSDT_15m
2026-01-01 01:34:44,754 - System.ArtifactManager - INFO - ℹ️ Cleaned up outcomes directory
2026-01-01 01:34:44,758 - System.ArtifactManager - INFO - ℹ️ Cleaned up logs directory
[LightGBM] [Info] Using self-defined objective function
[LightGBM] [Info] Using self-defined objective function
[LightGBM] [Info] Using self-defined objective function
2026-01-01 01:34:49,057 - src.utils.hardware.m1_memory_optimizer.M1MemoryOptimizer - INFO - ℹ️ 🧹 Moderate cleanup: 218 objects collected
2026-01-01 01:35:03,594 - src.utils.hardware.unified_hardware_manager.HardwarePerformanceMonitor - WARNING - ⚠️ 🚨 ALERT: cpu_usage (100.0) exceeds threshold (95.0)
[LightGBM] [Info] Using self-defined objective function
2026-01-01 01:35:07,666 - src.utils.hardware.m1_memory_optimizer.M1MemoryOptimizer - INFO - ℹ️ 🧹 Moderate cleanup: 153 objects collected
[LightGBM] [Info] Using self-defined objective function
[LightGBM] [Info] Using self-defined objective function
2026-01-01 01:35:14,616 - src.utils.hardware.m1_memory_optimizer.M1MemoryOptimizer - INFO - ℹ️ 🧹 Moderate cleanup: 13 objects collected
[LightGBM] [Info] Using self-defined objective function
[LightGBM] [Info] Using self-defined objective function
[LightGBM] [Info] Using self-defined objective function
[LightGBM] [Info] Using self-defined objective function
[LightGBM] [Info] Using self-defined objective function
[LightGBM] [Info] Using self-defined objective function
2026-01-01 01:35:39,267 - src.utils.hardware.m1_memory_optimizer.M1MemoryOptimizer - INFO - ℹ️ 🧹 Moderate cleanup: 201 objects collected
[LightGBM] [Info] Using self-defined objective function
[LightGBM] [Info] Using self-defined objective function
[LightGBM] [Info] Using self-defined objective function
2026-01-01 01:35:52,662 - src.utils.hardware.m1_memory_optimizer.M1MemoryOptimizer - INFO - ℹ️ 🧹 Moderate cleanup: 13 objects collected
[LightGBM] [Info] Using self-defined objective function
[LightGBM] [Info] Using self-defined objective function
[LightGBM] [Info] Using self-defined objective function
[LightGBM] [Info] Using self-defined objective function
[LightGBM] [Info] Using self-defined objective function
[LightGBM] [Info] Using self-defined objective function
[LightGBM] [Info] Using self-defined objective function
[LightGBM] [Info] Using self-defined objective function
[LightGBM] [Info] Using self-defined objective function
[LightGBM] [Info] Using self-defined objective function
[LightGBM] [Info] Using self-defined objective function
[LightGBM] [Info] Using self-defined objective function
/Library/Frameworks/Python.framework/Versions/3.11/lib/python3.11/multiprocessing/resource_tracker.py:224: UserWarning: resource_tracker: There appear to be 1 leaked semaphore objects to clean up at shutdown
  warnings.warn('resource_tracker: There appear to be %d '
