2026-01-01 11:44:40,528 - numexpr.utils - INFO - ℹ️ NumExpr defaulting to 8 threads.
2026-01-01 11:44:41,804 - DataQualityFramework - INFO - ℹ️ ✅ Comprehensive duplicate analyzer integrated
2026-01-01 11:44:41,806 - DataQualityFramework - INFO - ℹ️ 🔧 Unified Data Quality Framework initialized (singleton)
[2026-01-01 11:44:41.806] PERFORMANCE: DataQualityFramework initialization took 0.001s
2026-01-01 11:44:41,806 - System.tprint - INFO - ℹ️ DataQualityFramework initialization took 0.001s
2026-01-01 11:44:44,143 - System.AdvancedQualityMetrics - INFO - ℹ️ 📊 AdvancedQualityMetrics initialized with tolerant parameters
[2026-01-01 11:44:44.144] PERFORMANCE: AdvancedQualityMetrics initialization took 0.000s
2026-01-01 11:44:44,144 - System.tprint - INFO - ℹ️ AdvancedQualityMetrics initialization took 0.000s
2026-01-01 11:44:44,154 - DataCleaner - INFO - ℹ️ Using klines-specific gap thresholds: {<GapType.SMALL: 'small'>: 65, <GapType.MEDIUM: 'medium'>: 300, <GapType.LARGE: 'large'>: 1800, <GapType.CRITICAL: 'critical'>: 3600}
[2026-01-01 11:44:44.154] PERFORMANCE: DataCleaner(klines) initialization took 0.000s
2026-01-01 11:44:44,154 - System.tprint - INFO - ℹ️ DataCleaner(klines) initialization took 0.000s
2026-01-01 11:44:44,155 - DataCleaner - INFO - ℹ️ Using klines-specific gap thresholds: {<GapType.SMALL: 'small'>: 65, <GapType.MEDIUM: 'medium'>: 300, <GapType.LARGE: 'large'>: 1800, <GapType.CRITICAL: 'critical'>: 3600}
[2026-01-01 11:44:44.154] PERFORMANCE: DataCleaner(klines) initialization took 0.000s
2026-01-01 11:44:44,155 - System.tprint - INFO - ℹ️ DataCleaner(klines) initialization took 0.000s
2026-01-01 11:44:44,156 - DataCleanerManager - INFO - ℹ️ 🔧 DataCleanerManager initialized (singleton)
[2026-01-01 11:44:44.428] DEBUG: 🔧 [features_common.utils] Initializing common utilities module
[2026-01-01 11:44:44.428] SUCCESS: ✅ [features_common.utils] Math validation utilities loaded
2026-01-01 11:44:44,429 - System.tprint - INFO - ℹ️ ✅ [features_common.utils] Math validation utilities loaded
[2026-01-01 11:44:44.430] DEBUG: 🔧 [features_common.utils] Common utilities module initialized
2026-01-01 11:44:56,318 - src.utils.hardware.m1_gpu_utils.M1GPUManager - INFO - ℹ️ M1 GPU Manager initialized - M1: True, Generation: m1, MPS: True
2026-01-01 11:44:56,341 - src.utils.hardware.m1_cpu_optimizer.M1CPUOptimizer - INFO - ℹ️ 🧠 M1 CPU Optimizer initialized for M1 (4P+4E cores)
[2026-01-01 11:44:57.254] DEBUG: 🔧 [transforms] Module initialized with 14 exports
2026-01-01 11:44:57,255 - src.features_common.backward_compatibility - INFO - ℹ️ Backward compatibility ensured for features_common
[2026-01-01 11:44:57.256] DEBUG: 🔧 [optimization] Module initialized with 6 exports
[2026-01-01 11:44:57.257] DEBUG: 🔧 [registry] Module initialized with BaseFeatureRegistry
[2026-01-01 11:44:57.261] DEBUG: 🚀 [features_common] Enhanced module initialized with 59 exports
[2026-01-01 11:44:57.261] SUCCESS: ✅ [features_common] All optimizations enabled by default
2026-01-01 11:44:57,261 - System.tprint - INFO - ℹ️ ✅ [features_common] All optimizations enabled by default
[2026-01-01 11:44:57.261] INFO: 🔧 [features_common] VectorBT integration available
2026-01-01 11:44:57,261 - System.tprint - INFO - ℹ️ 🔧 [features_common] VectorBT integration available
[2026-01-01 11:44:57.262] PERFORMANCE: 📊 [features_common] Performance monitoring enabled
2026-01-01 11:44:57,262 - System.tprint - INFO - ℹ️ 📊 [features_common] Performance monitoring enabled
[2026-01-01 11:44:57.262] WARNING: 💾 [features_common] Intelligent caching active
2026-01-01 11:44:57,263 - System.tprint - WARNING - ⚠️ 💾 [features_common] Intelligent caching active
2026-01-01 11:44:57,265 - System.DataStreamingManager - INFO - ℹ️ 🚀 DataStreamingManager initialized (singleton): chunk_size=10000, memory_threshold=0.8
[2026-01-01 11:44:57.265] PERFORMANCE: DataStreamingManager initialization took 0.000s
2026-01-01 11:44:57,265 - System.tprint - INFO - ℹ️ DataStreamingManager initialization took 0.000s
2026-01-01 11:44:57,304 - System.EvaluationUtils - INFO - ℹ️ EvaluationUtils delegating core metric computation to unified_evaluator
[2026-01-01 11:44:57.319] ✅ Custom logger available for MLCommon.ConfidenceMetrics
2026-01-01 11:44:57,320 - System.tprint - INFO - ℹ️ ✅ Custom logger available for MLCommon.ConfidenceMetrics
[2026-01-01 11:44:57.322] ✅ Custom logger available for MLCommon.ModelExplanations
2026-01-01 11:44:57,322 - System.tprint - INFO - ℹ️ ✅ Custom logger available for MLCommon.ModelExplanations
2026-01-01 11:44:58,421 - MLCommon.ModelExplanations - INFO - ℹ️ LIME library available - LIME explanations enabled
[2026-01-01 11:44:58.424] ✅ Custom logger available for MLCommon.ModelRegistry
2026-01-01 11:44:58,424 - System.tprint - INFO - ℹ️ ✅ Custom logger available for MLCommon.ModelRegistry
[2026-01-01 11:44:58.424] ✅ Custom logger available for MLCommon.ModelExplainability
2026-01-01 11:44:58,425 - System.tprint - INFO - ℹ️ ✅ Custom logger available for MLCommon.ModelExplainability
[2026-01-01 11:44:58.688] ✅ Custom logger available for MLCommon.CV
2026-01-01 11:44:58,688 - System.tprint - INFO - ℹ️ ✅ Custom logger available for MLCommon.CV
2026-01-01 11:44:58,693 - src.utils.ml_common.validation.enhanced_validation - INFO - ℹ️ ✅ Enhanced Validation initialized
[2026-01-01 11:44:58.697] ✅ Custom logger available for MLCommon.ValidationUtils
2026-01-01 11:44:58,698 - System.tprint - INFO - ℹ️ ✅ Custom logger available for MLCommon.ValidationUtils
[2026-01-01 11:44:58.733] ✅ Custom logger available for MLCommon.HPOUtils
2026-01-01 11:44:58,733 - System.tprint - INFO - ℹ️ ✅ Custom logger available for MLCommon.HPOUtils
2026-01-01 11:44:58,950 - src.utils.matrix_operations.enhanced_operations.CustomMatrixOperationsRegistry - INFO - ℹ️ 📝 Registered custom matrix operation: gpu_condition_number
2026-01-01 11:44:58,950 - src.utils.matrix_operations.enhanced_operations.CustomMatrixOperationsRegistry - INFO - ℹ️ 📝 Registered custom matrix operation: gpu_matrix_rank
2026-01-01 11:44:58,951 - src.utils.matrix_operations.enhanced_operations.CustomMatrixOperationsRegistry - INFO - ℹ️ 📝 Registered custom matrix operation: matrix_normalize
2026-01-01 11:44:58,951 - src.utils.matrix_operations.enhanced_operations.CustomMatrixOperationsRegistry - INFO - ℹ️ 📝 Registered custom matrix operation: extract_matrix_features
2026-01-01 11:44:58,962 - src.utils.matrix_operations - INFO - ℹ️ ✅ Unified Matrix Operations module initialized
2026-01-01 11:44:58,962 - src.utils.matrix_operations - INFO - ℹ️ 📦 Version: 1.0.0
2026-01-01 11:44:58,965 - src.utils.matrix_operations - INFO - ℹ️ 🔧 Features: VectorBT optimizations, GPU acceleration, memory optimization, vectorized processing, batch operations
2026-01-01 11:44:58,966 - src.utils.matrix_operations - INFO - ℹ️ 🍎 Optimized for: Apple Silicon M1/M2/M3 Macs
2026-01-01 11:44:58,966 - src.utils.matrix_operations - INFO - ℹ️ 🚀 VectorBT optimizations enabled - expect 2-10x performance improvements
2026-01-01 11:44:58,967 - src.utils.matrix_operations - INFO - ℹ️ 🎯 VectorBTRollingOptimizer available - enhanced rolling operations
2026-01-01 11:44:58,967 - src.utils.matrix_operations - INFO - ℹ️ ⚡ UnifiedVectorizationManager available - unified vectorization operations
2026-01-01 11:44:58,973 - System.ComplementaryLookbackOptimizer - INFO - ℹ️ ✅ Detected VectorBT v0.28.1
2026-01-01 11:44:58,993 - src.feature_generation.utils.feature_generation_optimization - INFO - ℹ️ ✅ VectorBT available for feature optimization
2026-01-01 11:44:59,053 - src.feature_generation.core.feature_registry.FeatureRegistry - INFO - ℹ️ FeatureRegistry initialized
[2026-01-01 11:44:59.053] 🔧 Initializing AutoOptimizationConfig...
2026-01-01 11:44:59,054 - System.tprint - INFO - ℹ️ 🔧 Initializing AutoOptimizationConfig...
[2026-01-01 11:44:59.053] 📝 Setting up conservative optimization settings...
2026-01-01 11:44:59,054 - System.tprint - INFO - ℹ️ 📝 Setting up conservative optimization settings...
[2026-01-01 11:44:59.055] ✅ Conservative settings configured
2026-01-01 11:44:59,055 - System.tprint - INFO - ℹ️ ✅ Conservative settings configured
[2026-01-01 11:44:59.055] 📝 Setting up balanced optimization settings...
2026-01-01 11:44:59,055 - System.tprint - INFO - ℹ️ 📝 Setting up balanced optimization settings...
[2026-01-01 11:44:59.055] ✅ Balanced settings configured
2026-01-01 11:44:59,056 - System.tprint - INFO - ℹ️ ✅ Balanced settings configured
[2026-01-01 11:44:59.055] 📝 Setting up aggressive optimization settings...
2026-01-01 11:44:59,056 - System.tprint - INFO - ℹ️ 📝 Setting up aggressive optimization settings...
[2026-01-01 11:44:59.056] ✅ Aggressive settings configured
2026-01-01 11:44:59,056 - System.tprint - INFO - ℹ️ ✅ Aggressive settings configured
[2026-01-01 11:44:59.056] 🎯 AutoOptimizationConfig initialized with balanced strategy
2026-01-01 11:44:59,056 - System.tprint - INFO - ℹ️ 🎯 AutoOptimizationConfig initialized with balanced strategy
[2026-01-01 11:44:59.056] ✅ Auto-optimization enabled for FeatureBank (default)
2026-01-01 11:44:59,057 - System.tprint - INFO - ℹ️ ✅ Auto-optimization enabled for FeatureBank (default)
2026-01-01 11:44:59,057 - src.feature_generation.utils.memory_pool_optimizer.MemoryPoolOptimizer - INFO - ℹ️ Memory pool optimizer initialized
2026-01-01 11:44:59,058 - src.utils.hardware.m1_memory_optimizer.M1MemoryOptimizer - INFO - ℹ️ 🧠 Memory limit set to 8.0 GB (8589934592.0 bytes)
2026-01-01 11:44:59,220 - src.utils.hardware.m1_memory_optimizer.M1MemoryOptimizer - INFO - ℹ️ 🧠 M1 Memory Optimizer initialized for M1
2026-01-01 11:44:59,221 - src.utils.hardware.unified_hardware_manager.UnifiedHardwareManager - INFO - ℹ️ 🔧 Unified Hardware Manager initialized
2026-01-01 11:44:59,222 - src.utils.hardware.unified_hardware_manager.HardwarePerformanceMonitor - INFO - ℹ️ 🔍 Hardware performance monitoring started
2026-01-01 11:44:59,922 - src.utils.hardware.m1_memory_optimizer.M1MemoryOptimizer - INFO - ℹ️ 🧠 M1 memory monitoring started
2026-01-01 11:44:59,922 - src.utils.hardware.m1_memory_optimizer.M1MemoryOptimizer - INFO - ℹ️ 🧹 Moderate cleanup: 14 objects collected
2026-01-01 11:44:59,922 - src.utils.hardware.unified_hardware_manager.UnifiedHardwareManager - INFO - ℹ️ ✅ Unified Hardware Manager fully initialized
2026-01-01 11:44:59,923 - src.utils.hardware.unified_hardware_manager.UnifiedHardwareManager - INFO - ℹ️ 🎯 Optimizing for feature_engineering workload (balanced)
2026-01-01 11:44:59,931 - src.utils.ml_common.hardware_singleton - INFO - ℹ️ 🔍 Detecting hardware capabilities (one-time detection)...
2026-01-01 11:44:59,931 - src.utils.ml_common.hardware_singleton - INFO - ℹ️ ✅ Hardware detection complete: {'cpu_cores': 8, 'gpu_available': True, 'gpu_type': 'mps', 'memory_gb': 16.0, 'mps_available': True, 'gpu_memory_gb': None}
[2026-01-01 11:44:59.931] 🚀 Initializing Unified Vectorization Manager...
2026-01-01 11:44:59,932 - System.tprint - INFO - ℹ️ 🚀 Initializing Unified Vectorization Manager...
[2026-01-01 11:44:59.931] 🔄 Initializing optimization components...
2026-01-01 11:44:59,932 - System.tprint - INFO - ℹ️ 🔄 Initializing optimization components...
[2026-01-01 11:44:59.931] 🔄 Initializing optimization components...
2026-01-01 11:44:59,932 - System.tprint - INFO - ℹ️ 🔄 Initializing optimization components...
[2026-01-01 11:44:59.931] 🔄 Loading VectorBTRollingOptimizer...
2026-01-01 11:44:59,932 - System.tprint - INFO - ℹ️ 🔄 Loading VectorBTRollingOptimizer...
[2026-01-01 11:44:59.931] ✅ VectorBTRollingOptimizer loaded
2026-01-01 11:44:59,932 - System.tprint - INFO - ℹ️ ✅ VectorBTRollingOptimizer loaded
[2026-01-01 11:44:59.932] 🔄 Loading vectorized backtesting...
2026-01-01 11:44:59,932 - System.tprint - INFO - ℹ️ 🔄 Loading vectorized backtesting...
2026-01-01 11:44:59,936 - System.VectorizedBacktestingEngine - INFO - ℹ️ ✅ Vectorized Backtesting Engine initialized successfully
[2026-01-01 11:44:59.936] ✅ Vectorized backtesting loaded
2026-01-01 11:44:59,936 - System.tprint - INFO - ℹ️ ✅ Vectorized backtesting loaded
[2026-01-01 11:44:59.936] 🔄 Loading VectorBT backtesting engine...
2026-01-01 11:44:59,936 - System.tprint - INFO - ℹ️ 🔄 Loading VectorBT backtesting engine...
2026-01-01 11:44:59,939 - System.VectorBTBacktestingEngine - INFO - ℹ️ ✅ VectorBT Backtesting Engine initialized successfully
[2026-01-01 11:44:59.939] ✅ VectorBT backtesting engine loaded
2026-01-01 11:44:59,940 - System.tprint - INFO - ℹ️ ✅ VectorBT backtesting engine loaded
[2026-01-01 11:44:59.939] 🔄 Loading VectorBT financial metrics...
2026-01-01 11:44:59,940 - System.tprint - INFO - ℹ️ 🔄 Loading VectorBT financial metrics...
2026-01-01 11:44:59,950 - src.utils.ml_common.vectorbt_financial_metrics - INFO - ℹ️ ✅ VectorBT Financial Metrics initialized
2026-01-01 11:44:59,951 - src.utils.ml_common.vectorbt_financial_metrics - INFO - ℹ️ 📊 Risk-free rate: 2.00%
2026-01-01 11:44:59,951 - src.utils.ml_common.vectorbt_financial_metrics - INFO - ℹ️ 📊 Annualization factor: 252
2026-01-01 11:44:59,951 - src.utils.ml_common.vectorbt_financial_metrics - INFO - ℹ️ 📊 Regime analysis: True
[2026-01-01 11:44:59.951] ✅ VectorBT financial metrics loaded
2026-01-01 11:44:59,951 - System.tprint - INFO - ℹ️ ✅ VectorBT financial metrics loaded
[2026-01-01 11:44:59.951] 🔄 Loading VectorBT portfolio optimization...
2026-01-01 11:44:59,951 - System.tprint - INFO - ℹ️ 🔄 Loading VectorBT portfolio optimization...
2026-01-01 11:44:59,965 - src.utils.ml_common.vectorbt_memory_manager.VectorBTMemoryManager - INFO - ℹ️ ✅ VectorBT Memory Manager initialized
2026-01-01 11:44:59,965 - src.utils.ml_common.vectorbt_memory_manager.VectorBTMemoryManager - INFO - ℹ️ 📊 Total system memory: 16.00GB
2026-01-01 11:44:59,965 - src.utils.ml_common.vectorbt_memory_manager.VectorBTMemoryManager - INFO - ℹ️ 📊 Available memory: 2.86GB
2026-01-01 11:44:59,965 - src.utils.ml_common.vectorbt_memory_manager.VectorBTMemoryManager - INFO - ℹ️ 📊 Max allocated memory: 8.00GB
2026-01-01 11:44:59,966 - src.utils.ml_common.vectorbt_performance_monitor.VectorBTPerformanceMonitor - INFO - ℹ️ ✅ VectorBT Performance Monitor initialized
2026-01-01 11:44:59,966 - src.utils.ml_common.vectorbt_performance_monitor.VectorBTPerformanceMonitor - INFO - ℹ️ 📊 Monitoring enabled: timing=True, memory=True, gpu=True
2026-01-01 11:44:59,966 - src.utils.ml_common.vectorbt_portfolio_optimization - INFO - ℹ️ ✅ VectorBT Portfolio Optimizer initialized
2026-01-01 11:44:59,967 - src.utils.ml_common.vectorbt_portfolio_optimization - INFO - ℹ️ 📊 Method: mean_variance
2026-01-01 11:44:59,967 - src.utils.ml_common.vectorbt_portfolio_optimization - INFO - ℹ️ 📊 Rebalancing: monthly
2026-01-01 11:44:59,967 - src.utils.ml_common.vectorbt_portfolio_optimization - INFO - ℹ️ 📊 Risk aversion: 1.0
2026-01-01 11:44:59,967 - src.utils.ml_common.vectorbt_portfolio_optimization - INFO - ℹ️ 📊 Memory manager: 2.86GB available
[2026-01-01 11:44:59.967] ✅ VectorBT portfolio optimization loaded
2026-01-01 11:44:59,967 - System.tprint - INFO - ℹ️ ✅ VectorBT portfolio optimization loaded
[2026-01-01 11:44:59.967] 🔄 Loading matrix cross-validation...
2026-01-01 11:44:59,967 - System.tprint - INFO - ℹ️ 🔄 Loading matrix cross-validation...
2026-01-01 11:44:59,970 - src.utils.hardware.m1_memory_optimizer - INFO - ℹ️ 🧠 M1 Memory Optimizer initialized for M1
2026-01-01 11:45:00,025 - src.utils.hardware.m1_memory_optimizer.M1MemoryOptimizer - INFO - ℹ️ 🧠 M1 Memory Optimizer initialized for M1
2026-01-01 11:45:00,732 - src.utils.hardware.unified_hardware_manager.HardwarePerformanceMonitor - WARNING - ⚠️ 🚨 ALERT: cpu_usage (97.5) exceeds threshold (85.0)
2026-01-01 11:45:01,160 - src.feature_generation.core.vectorbt_batch_processor - INFO - ℹ️ VectorBTBatchProcessor initialized: VectorBT=True, GPU=False, Parallel=True
2026-01-01 11:45:01,160 - src.feature_generation.utils.unified_vectorization_manager - INFO - ℹ️ UnifiedVectorizationManager initialized: VectorBT=True, GPU=False, Memory=True
2026-01-01 11:45:01,160 - src.utils.matrix_operations.unified_operations.UnifiedMatrixOperations - INFO - ℹ️ 📊 GPU: False, Memory Opt: False, Parallel: False
2026-01-01 11:45:01,160 - src.utils.ml_common.matrix_cross_validation - INFO - ℹ️ 🚀 VectorBT configured for cross-validation optimization
2026-01-01 11:45:01,161 - src.utils.ml_common.matrix_cross_validation - INFO - ℹ️ ✅ Matrix-based cross-validator initialized
2026-01-01 11:45:01,161 - src.utils.ml_common.matrix_cross_validation - INFO - ℹ️ 📊 Configuration - Splits: 5, GPU: True, VectorBT: True
[2026-01-01 11:45:01.161] ✅ Matrix cross-validation loaded
2026-01-01 11:45:01,161 - System.tprint - INFO - ℹ️ ✅ Matrix cross-validation loaded
[2026-01-01 11:45:01.161] 🔄 Loading feature importance analyzer...
2026-01-01 11:45:01,162 - System.tprint - INFO - ℹ️ 🔄 Loading feature importance analyzer...
2026-01-01 11:45:01,185 - src.utils.ml_common.utils.memory_integration - INFO - ℹ️ 🔗 Integrating memory skimming with all ML utilities
2026-01-01 11:45:01,185 - src.utils.ml_common.utils.memory_integration - INFO - ℹ️ ✅ Successfully imported HPO utilities (direct import)
2026-01-01 11:45:01,185 - src.utils.ml_common.utils.memory_integration - INFO - ℹ️ ✅ Memory skimming integrated with HPO utilities
2026-01-01 11:45:01,185 - src.utils.ml_common.utils.memory_integration - INFO - ℹ️ ✅ Successfully imported Unified CV utilities
2026-01-01 11:45:01,185 - src.utils.ml_common.utils.memory_integration - INFO - ℹ️ ✅ Memory skimming integrated with Unified CV utilities
2026-01-01 11:45:01,186 - src.utils.ml_common.utils.memory_integration - INFO - ℹ️ ✅ Memory skimming integrated with lookahead protection utilities
2026-01-01 11:45:01,186 - src.utils.ml_common.utils.memory_integration - INFO - ℹ️ Skipping model evaluation memory integration (deprecated)
2026-01-01 11:45:01,187 - src.utils.ml_common.utils.memory_integration - INFO - ℹ️ ✅ Successfully imported feature selection utilities
2026-01-01 11:45:01,187 - src.utils.ml_common.utils.memory_integration - INFO - ℹ️ ✅ Memory skimming integrated with feature selection utilities
2026-01-01 11:45:01,187 - src.utils.ml_common.utils.memory_integration - INFO - ℹ️ ✅ Successfully imported data quality utilities
2026-01-01 11:45:01,187 - src.utils.ml_common.utils.memory_integration - INFO - ℹ️ ✅ Memory skimming integrated with data quality utilities
2026-01-01 11:45:01,188 - src.utils.ml_common.utils.memory_integration - INFO - ℹ️ ✅ Memory skimming integration completed: 6/6 successful
[2026-01-01 11:45:01.188] ✅ Custom logger available for MLCommon.ThreadGuard
2026-01-01 11:45:01,188 - System.tprint - INFO - ℹ️ ✅ Custom logger available for MLCommon.ThreadGuard
[2026-01-01 11:45:01.188] ✅ threadpoolctl available for thread management
2026-01-01 11:45:01,188 - System.tprint - INFO - ℹ️ ✅ threadpoolctl available for thread management
[2026-01-01 11:45:01.188] ✅ Custom logger available for MLCommon.BaseSafeguards
2026-01-01 11:45:01,189 - System.tprint - INFO - ℹ️ ✅ Custom logger available for MLCommon.BaseSafeguards
[2026-01-01 11:45:01.191] ✅ Scikit-learn available for thresholding functionality
2026-01-01 11:45:01,191 - System.tprint - INFO - ℹ️ ✅ Scikit-learn available for thresholding functionality
[2026-01-01 11:45:01.191] ✅ Custom logger available for FeatureSelection.BaseFramework
2026-01-01 11:45:01,191 - System.tprint - INFO - ℹ️ ✅ Custom logger available for FeatureSelection.BaseFramework
[2026-01-01 11:45:01.191] ✅ Custom logger available for FeatureSelection.DataValidation
2026-01-01 11:45:01,192 - System.tprint - INFO - ℹ️ ✅ Custom logger available for FeatureSelection.DataValidation
[2026-01-01 11:45:01.193] ✅ Vectorization utilities available for feature selection
2026-01-01 11:45:01,193 - System.tprint - INFO - ℹ️ ✅ Vectorization utilities available for feature selection
[2026-01-01 11:45:01.193] ✅ Custom logger available for FeatureSelection.SelectionMethods
2026-01-01 11:45:01,194 - System.tprint - INFO - ℹ️ ✅ Custom logger available for FeatureSelection.SelectionMethods
[2026-01-01 11:45:01.269] ✅ Custom logger available for FeatureSelection.StabilityAnalysis
2026-01-01 11:45:01,269 - System.tprint - INFO - ℹ️ ✅ Custom logger available for FeatureSelection.StabilityAnalysis
[2026-01-01 11:45:01.269] ✅ Custom logger available for FeatureSelection.PerformanceMonitoring
2026-01-01 11:45:01,270 - System.tprint - INFO - ℹ️ ✅ Custom logger available for FeatureSelection.PerformanceMonitoring
[2026-01-01 11:45:01.270] ✅ Custom logger available for FeatureSelection.QualityMetrics
2026-01-01 11:45:01,270 - System.tprint - INFO - ℹ️ ✅ Custom logger available for FeatureSelection.QualityMetrics
[2026-01-01 11:45:01.270] ✅ Custom logger available for FeatureSelection.TemporalAnalysis
2026-01-01 11:45:01,271 - System.tprint - INFO - ℹ️ ✅ Custom logger available for FeatureSelection.TemporalAnalysis
[2026-01-01 11:45:01.271] ✅ Custom logger available for FeatureSelection.CausalAnalysis
2026-01-01 11:45:01,271 - System.tprint - INFO - ℹ️ ✅ Custom logger available for FeatureSelection.CausalAnalysis
[2026-01-01 11:45:01.274] ✅ Custom logger available for FeatureSelection.MainFramework
2026-01-01 11:45:01,274 - System.tprint - INFO - ℹ️ ✅ Custom logger available for FeatureSelection.MainFramework
[2026-01-01 11:45:01.305] 🔍 FeatureImportanceAnalyzer initialized with methods: ['random_forest', 'lasso', 'mutual_info']
2026-01-01 11:45:01,306 - System.tprint - INFO - ℹ️ 🔍 FeatureImportanceAnalyzer initialized with methods: ['random_forest', 'lasso', 'mutual_info']
[2026-01-01 11:45:01.305] ✅ Feature importance analyzer loaded
2026-01-01 11:45:01,306 - System.tprint - INFO - ℹ️ ✅ Feature importance analyzer loaded
[2026-01-01 11:45:01.305] 🔄 Loading technical indicators...
2026-01-01 11:45:01,306 - System.tprint - INFO - ℹ️ 🔄 Loading technical indicators...
2026-01-01 11:45:01,307 - src.feature_generation.utils.feature_generators - INFO - ℹ️ ✅ TA-Lib available for enhanced technical indicators
2026-01-01 11:45:01,307 - src.feature_generation.utils.feature_generators - INFO - ℹ️ Using fallback implementations for feature selection tools
2026-01-01 11:45:01,330 - src.utils.hardware.m1_memory_optimizer.M1MemoryOptimizer - INFO - ℹ️ 🧠 M1 Memory Optimizer initialized for M1
2026-01-01 11:45:01,331 - src.feature_generation.utils.feature_generators.FeatureGenerators - INFO - ℹ️ ✅ Hardware optimization initialized
2026-01-01 11:45:01,331 - src.feature_generation.utils.feature_generators.FeatureGenerators - INFO - ℹ️ ✅ Matrix operations available for vectorization
[2026-01-01 11:45:01.331] ✅ Technical indicators loaded
2026-01-01 11:45:01,331 - System.tprint - INFO - ℹ️ ✅ Technical indicators loaded
[2026-01-01 11:45:01.331] ℹ️ HMM operations deprecated - using alternative methods
2026-01-01 11:45:01,331 - System.tprint - INFO - ℹ️ HMM operations deprecated - using alternative methods
[2026-01-01 11:45:01.331] ✅ Component initialization completed
2026-01-01 11:45:01,331 - System.tprint - INFO - ℹ️ ✅ Component initialization completed
[2026-01-01 11:45:01.331] 🔄 Setting up performance tracking...
2026-01-01 11:45:01,331 - System.tprint - INFO - ℹ️ 🔄 Setting up performance tracking...
[2026-01-01 11:45:01.331] ✅ Unified Vectorization Manager initialized
2026-01-01 11:45:01,332 - System.tprint - INFO - ℹ️ ✅ Unified Vectorization Manager initialized
2026-01-01 11:45:01,332 - src.utils.ml_common.unified_vectorization_manager - INFO - ℹ️ ✅ Unified Vectorization Manager initialized
2026-01-01 11:45:01,333 - src.feature_generation.utils.feature_generation_optimization.FeatureGenerationOptimizer - INFO - ℹ️ 🚀 Initializing FeatureGenerationOptimizer...
2026-01-01 11:45:01,333 - src.feature_generation.utils.feature_generation_optimization.FeatureGenerationOptimizer - INFO - ℹ️ 📊 Configuration loaded: cross_validation
2026-01-01 11:45:01,334 - src.feature_generation.utils.feature_generation_optimization.FeatureGenerationOptimizer - INFO - ℹ️ ✅ FeatureGenerationOptimizer initialized in 0.001s
2026-01-01 11:45:01,334 - src.feature_generation.utils.feature_generation_optimization.FeatureGenerationOptimizer - INFO - ℹ️ 📊 Min lookback: 5, Max lookback: 252
2026-01-01 11:45:01,334 - src.feature_generation.utils.feature_generation_optimization.FeatureGenerationOptimizer - INFO - ℹ️ 📊 CV folds: 3, Parallel processing: True
2026-01-01 11:45:01,335 - src.utils.parallel_processing_optimizer - INFO - ℹ️ 🍎 Detected Apple Silicon - applying M1-specific limits
2026-01-01 11:45:01,335 - src.utils.parallel_processing_optimizer - INFO - ℹ️ 🔧 Initialized MacM1ParallelOptimizer:
2026-01-01 11:45:01,335 - src.utils.parallel_processing_optimizer - INFO - ℹ️    Max workers: 4
2026-01-01 11:45:01,335 - src.utils.parallel_processing_optimizer - INFO - ℹ️    Chunk size: 1000
2026-01-01 11:45:01,335 - src.utils.parallel_processing_optimizer - INFO - ℹ️    Pool type: Process
2026-01-01 11:45:01,335 - src.utils.parallel_processing_optimizer - INFO - ℹ️    Memory limit per worker: 4096 MB
2026-01-01 11:45:01,335 - src.utils.parallel_processing_optimizer - INFO - ℹ️    M1 Mac detected: True
2026-01-01 11:45:01,336 - src.feature_generation.utils.optimization.lookback_optimizer.LookbackOptimizer - INFO - ℹ️ ✅ Legacy optimization system available
2026-01-01 11:45:01,336 - src.feature_generation.utils.optimization.lookback_optimizer.LookbackOptimizer - INFO - ℹ️ ✅ LookbackOptimizer initialized
2026-01-01 11:45:01,336 - src.feature_generation.core.feature_bank.FeatureBank - INFO - ℹ️ ✅ Regular lookback optimization enabled (Analyst mode)
[2026-01-01 11:45:01.336] ✅ FeatureBank set as global instance
2026-01-01 11:45:01,336 - System.tprint - INFO - ℹ️ ✅ FeatureBank set as global instance
[2026-01-01 11:45:01.336] 🔧 Auto-registering feature generators...
2026-01-01 11:45:01,336 - System.tprint - INFO - ℹ️ 🔧 Auto-registering feature generators...
[2026-01-01 11:45:01.336] 🔧 Configuring lazy loading for feature generators...
2026-01-01 11:45:01,336 - System.tprint - INFO - ℹ️ 🔧 Configuring lazy loading for feature generators...
[2026-01-01 11:45:01.336] ✅ Registered lazy loaders for 16 categories. Generators will be created on demand.
2026-01-01 11:45:01,337 - System.tprint - INFO - ℹ️ ✅ Registered lazy loaders for 16 categories. Generators will be created on demand.
2026-01-01 11:45:01,337 - src.feature_generation.core.feature_bank.FeatureBank - INFO - ℹ️ ✅ FeatureBank initialized
2026-01-01 11:45:01,337 - src.feature_generation.core.feature_bank.FeatureBank - INFO - ℹ️ 📊 Matrix ops: True, GPU: True, Lookback opt: True
2026-01-01 11:45:01,337 - src.feature_generation - INFO - ℹ️ ✅ Unified Feature Generation System initialized
2026-01-01 11:45:01,337 - src.feature_generation - INFO - ℹ️ 📦 Version: 2.0.0
2026-01-01 11:45:01,338 - src.feature_generation - INFO - ℹ️ 🔧 Features: Category-based organization, advanced utilities, optimization
2026-01-01 11:45:01,338 - src.feature_generation - INFO - ℹ️ 🍎 Optimized for: Apple Silicon M1/M2/M3 Macs
2026-01-01 11:45:01,338 - src.feature_generation - INFO - ℹ️ 🚀 Advanced utilities available (optimization, analysis, etc.)
2026-01-01 11:45:01,338 - src.feature_generation - INFO - ℹ️ ⚡ VectorBT optimizations available (advanced volatility, volume, batch processing)
2026-01-01 11:45:01,338 - MLCommon.HPOUtils - INFO - ℹ️ ✅ VectorBT optimization available
2026-01-01 11:45:01,338 - MLCommon.HPOUtils - INFO - ℹ️ 🚀 Initializing Enhanced HyperparameterOptimization...
2026-01-01 11:45:01,338 - MLCommon.HPOUtils.HPOUtils - INFO - ℹ️ ✅ VectorBT Rolling Optimizer initialized
2026-01-01 11:45:01,338 - MLCommon.HPOUtils.HPOUtils - INFO - ℹ️ ✅ Unified Vectorization Manager initialized
2026-01-01 11:45:01,338 - MLCommon.HPOUtils - INFO - ℹ️ ⚙️ Configuration - Parallel processing: True
2026-01-01 11:45:01,338 - MLCommon.HPOUtils - INFO - ℹ️ ⚙️ Configuration - Max workers: 4
2026-01-01 11:45:01,338 - MLCommon.HPOUtils - INFO - ℹ️ ⚙️ Configuration - Monitoring enabled: True
2026-01-01 11:45:01,338 - MLCommon.HPOUtils - INFO - ℹ️ 🚀 Configuration - Non-linear optimization: True
2026-01-01 11:45:01,339 - MLCommon.HPOUtils - INFO - ℹ️ ✅ Enhanced HyperparameterOptimization initialized successfully
2026-01-01 11:45:01,362 - DataCleaner - INFO - ℹ️ Using klines-specific gap thresholds: {<GapType.SMALL: 'small'>: 65, <GapType.MEDIUM: 'medium'>: 300, <GapType.LARGE: 'large'>: 1800, <GapType.CRITICAL: 'critical'>: 3600}
2026-01-01 11:45:01,362 - System.UnifiedDataUtils - INFO - ℹ️ 🚀 Unified Data Utils initialized
2026-01-01 11:45:01,370 - src.utils.ml_common.validation.data_leakage_prevention - INFO - ℹ️ 🔒 Data Leakage Prevention initialized with CRITICAL financial thresholds:
2026-01-01 11:45:01,370 - src.utils.ml_common.validation.data_leakage_prevention - INFO - ℹ️    • Critical leakage threshold: 5.0% (was 25%)
2026-01-01 11:45:01,370 - src.utils.ml_common.validation.data_leakage_prevention - INFO - ℹ️    • Warning leakage threshold: 2.0% (was 10%)
2026-01-01 11:45:01,370 - src.utils.ml_common.validation.data_leakage_prevention - INFO - ℹ️    • Small dataset multiplier: 1.0 (was 1.5)
2026-01-01 11:45:01,370 - src.utils.ml_common.validation.data_leakage_prevention - INFO - ℹ️    • These strict thresholds are ESSENTIAL for financial data integrity
2026-01-01 11:45:01,370 - src.utils.ml_common.validation.data_leakage_prevention - INFO - ℹ️    • Even 1-2% leakage can invalidate backtesting results
2026-01-01 11:45:01,370 - src.utils.ml_common.validation.data_leakage_prevention - INFO - ℹ️    • High model scores (>96%) often indicate undetected temporal leakage
2026-01-01 11:45:01,372 - src.utils.ml_common.validation.overfitting_monitoring - INFO - ℹ️ ✅ Overfitting Monitoring initialized
2026-01-01 11:45:01,375 - src.utils.ml_common.validation.hpo_overfitting_prevention - INFO - ℹ️ ✅ HPO with Overfitting Prevention initialized
2026-01-01 11:45:01,376 - src.utils.ml_common.validation.model_complexity_analysis - INFO - ℹ️ ✅ Model Complexity Analyzer initialized
2026-01-01 11:45:01,379 - EnhancedReportingSystem.EnhancedReportingSystem - INFO - ℹ️ 📊 Enhanced Reporting System initialized
2026-01-01 11:45:01,380 - src.utils.ml_common.reporting.validation_reporting_integration - INFO - ℹ️ ✅ Validation Reporting Integrator initialized
2026-01-01 11:45:01,381 - src.utils.ml_common.validation.data_leakage_prevention - INFO - ℹ️ 🔒 Data Leakage Prevention initialized with CRITICAL financial thresholds:
2026-01-01 11:45:01,381 - src.utils.ml_common.validation.data_leakage_prevention - INFO - ℹ️    • Critical leakage threshold: 5.0% (was 25%)
2026-01-01 11:45:01,381 - src.utils.ml_common.validation.data_leakage_prevention - INFO - ℹ️    • Warning leakage threshold: 2.0% (was 10%)
2026-01-01 11:45:01,381 - src.utils.ml_common.validation.data_leakage_prevention - INFO - ℹ️    • Small dataset multiplier: 1.0 (was 1.5)
2026-01-01 11:45:01,381 - src.utils.ml_common.validation.data_leakage_prevention - INFO - ℹ️    • These strict thresholds are ESSENTIAL for financial data integrity
2026-01-01 11:45:01,381 - src.utils.ml_common.validation.data_leakage_prevention - INFO - ℹ️    • Even 1-2% leakage can invalidate backtesting results
2026-01-01 11:45:01,381 - src.utils.ml_common.validation.data_leakage_prevention - INFO - ℹ️    • High model scores (>96%) often indicate undetected temporal leakage
2026-01-01 11:45:01,381 - src.utils.ml_common.validation.overfitting_monitoring - INFO - ℹ️ ✅ Overfitting Monitoring initialized
2026-01-01 11:45:01,381 - src.utils.ml_common.validation.enhanced_validation - INFO - ℹ️ ✅ Enhanced Validation initialized
2026-01-01 11:45:01,382 - src.utils.ml_common.validation.hpo_overfitting_prevention - INFO - ℹ️ ✅ HPO with Overfitting Prevention initialized
2026-01-01 11:45:01,382 - src.utils.ml_common.validation.model_complexity_analysis - INFO - ℹ️ ✅ Model Complexity Analyzer initialized
2026-01-01 11:45:01,382 - src.utils.ml_common.training.universal_validation_integration - INFO - ℹ️ ✅ Universal Validation Integrator initialized with new utilities
[2026-01-01 11:45:01.784] ✅ Custom logger available for MLCommon.ModelTraining
2026-01-01 11:45:01,784 - System.tprint - INFO - ℹ️ ✅ Custom logger available for MLCommon.ModelTraining
[2026-01-01 11:45:01.795] ✅ ML Common utilities loaded successfully
2026-01-01 11:45:01,795 - System.tprint - INFO - ℹ️ ✅ ML Common utilities loaded successfully
2026-01-01 11:45:01,797 - System.CrossStepValidator - INFO - ℹ️ 🔍 CrossStepValidator initialized with comprehensive consistency rules
2026-01-01 11:45:01,831 - ares.registry - INFO - ℹ️ Registered step: feature_generation_data_validation_step
[2026-01-01 11:45:01.835] ✅ Feature generation data validation step registered SUCCESS
2026-01-01 11:45:01,835 - System.tprint - INFO - ℹ️ ✅ Feature generation data validation step registered SUCCESS
[2026-01-01 11:45:01.836] 🔧 Loading labeling components...
2026-01-01 11:45:01,836 - System.tprint - INFO - ℹ️ 🔧 Loading labeling components...
2026-01-01 11:45:02,957 - ares.registry - INFO - ℹ️ Registered step: meta_labeling_hpo_sample_weighted
2026-01-01 11:45:02,958 - ares.registry - INFO - ℹ️ Registered step: meta_labeling_hpo_experiment
2026-01-01 11:45:02,958 - ares.registry - INFO - ℹ️ Registered step: sr_labeling_xgb
2026-01-01 11:45:02,958 - ares.registry - INFO - ℹ️ Registered step: sr_labeling_xgb_weighted
2026-01-01 11:45:02,958 - ares.registry - INFO - ℹ️ Registered step: global_meta_labeling_hpo_sample_weighted
2026-01-01 11:45:02,983 - ares.registry - INFO - ℹ️ Registered step: meta_gated_backtest
[2026-01-01 11:45:02.983] ✅ Meta-gated backtest step registered SUCCESS
2026-01-01 11:45:02,983 - System.tprint - INFO - ℹ️ ✅ Meta-gated backtest step registered SUCCESS
2026-01-01 11:45:02,984 - ares.registry - INFO - ℹ️ Registered step: meta_labeling_hpo_sample_weighted
2026-01-01 11:45:02,985 - ares.registry - INFO - ℹ️ Registered step: meta_labeling_hpo
2026-01-01 11:45:02,985 - ares.registry - INFO - ℹ️ Registered step: meta_labeling_sample_weighted
2026-01-01 11:45:02,985 - ares.registry - INFO - ℹ️ Registered step: meta_labeling_hpo_experiment
2026-01-01 11:45:02,985 - ares.registry - INFO - ℹ️ Registered step: sr_labeling_xgb
2026-01-01 11:45:02,985 - ares.registry - INFO - ℹ️ Registered step: label_based_layer_2
[2026-01-01 11:45:02.986] 🛠️ Initialized BaseStep for 'meta_labeling_hpo_sample_weighted'
2026-01-01 11:45:02,986 - System.tprint - INFO - ℹ️ 🛠️ Initialized BaseStep for 'meta_labeling_hpo_sample_weighted'
[2026-01-01 11:45:02.986] 🚀 Starting execution of step 'meta_labeling_hpo_sample_weighted'
2026-01-01 11:45:02,987 - System.tprint - INFO - ℹ️ 🚀 Starting execution of step 'meta_labeling_hpo_sample_weighted'
2026-01-01 11:45:02,987 - ares.step.meta_labeling_hpo_sample_weighted - INFO - ℹ️ Starting execution of meta_labeling_hpo_sample_weighted
2026-01-01 11:45:02,987 - ares.step.meta_labeling_hpo_sample_weighted - INFO - ℹ️ Execution mode resolved for meta_labeling_hpo_sample_weighted: requested_cli=full → persona=analyst
[2026-01-01 11:45:02.987] 🎯 Execution mode for 'meta_labeling_hpo_sample_weighted': requested_cli=full → persona=analyst
2026-01-01 11:45:02,987 - System.tprint - INFO - ℹ️ 🎯 Execution mode for 'meta_labeling_hpo_sample_weighted': requested_cli=full → persona=analyst
[2026-01-01 11:45:02.987] 🔧 Running 'meta_labeling_hpo_sample_weighted' in analyst mode
2026-01-01 11:45:02,988 - System.tprint - INFO - ℹ️ 🔧 Running 'meta_labeling_hpo_sample_weighted' in analyst mode
2026-01-01 11:45:02,989 - System.VersionManager - INFO - ℹ️ ✅ Loaded version config from config/version_config.json
2026-01-01 11:45:02,992 - System.ArtifactManager - INFO - ℹ️ 📁 Context set: step=meta_labeling_hpo_sample_weighted, symbol=None, exchange=None, timeframe=None, datetime=2026-01-01 11:45:02.986611, information=None, direction=long, model=Analyst
2026-01-01 11:45:02,992 - System.ArtifactManager - INFO - ℹ️ 📁 Context set: step=klines_downloading_processing, symbol=ETHUSDT, exchange=binance, timeframe=15m, datetime=2026-01-01 10:45:02.992753, information=None, direction=long, model=Analyst
[2026-01-01 11:45:02.993] 📂 Retrieving artifact 'klines_data' (type: data) | UNKNOWN/binance [15m] long/analyst
2026-01-01 11:45:02,993 - System.tprint - INFO - ℹ️ 📂 Retrieving artifact 'klines_data' (type: data) | UNKNOWN/binance [15m] long/analyst
2026-01-01 11:45:02,993 - System.KlinesParquetManager - INFO - ℹ️ ✅ KlinesParquetManager initialized with base_dir: historical_data
[2026-01-01 11:45:02.994] 🐛 DEBUG [load_klines]: last_n_days=None, start_time=None, end_time=None INFO
2026-01-01 11:45:02,994 - System.tprint - INFO - ℹ️ 🐛 DEBUG [load_klines]: last_n_days=None, start_time=None, end_time=None INFO
[2026-01-01 11:45:02.994] WARNING: ⚠️ No klines files found for UNKNOWN binance 15m
2026-01-01 11:45:02,994 - System.tprint - WARNING - ⚠️ No klines files found for UNKNOWN binance 15m
2026-01-01 11:45:02,996 - src.utils.kline_parquet - INFO - ℹ️ load_klines executed in 2.43ms
[2026-01-01 11:45:02.996] WARNING:   │  ⚠️  Loaded empty DataFrame
2026-01-01 11:45:02,996 - System.tprint - WARNING - ⚠️ │  ⚠️  Loaded empty DataFrame
[2026-01-01 11:45:02.996] WARNING:   └─ Trying next storage method
2026-01-01 11:45:02,996 - System.tprint - WARNING - ⚠️ └─ Trying next storage method
[2026-01-01 11:45:02.996] 🐛 DEBUG: _get_versioned_store() with store_key: UNKNOWN_binance_15m_long_analyst INFO
2026-01-01 11:45:02,997 - System.tprint - INFO - ℹ️ 🐛 DEBUG: _get_versioned_store() with store_key: UNKNOWN_binance_15m_long_analyst INFO
[2026-01-01 11:45:02.996] 🐛 DEBUG: Creating new VersionedArtifactStore at versioned_artifacts/UNKNOWN_binance_15m_long_analyst INFO
2026-01-01 11:45:02,997 - System.tprint - INFO - ℹ️ 🐛 DEBUG: Creating new VersionedArtifactStore at versioned_artifacts/UNKNOWN_binance_15m_long_analyst INFO
[2026-01-01 11:45:02.999] 🐛 DEBUG: _load_metadata() checking versioned_artifacts/UNKNOWN_binance_15m_long_analyst/metadata.json INFO
2026-01-01 11:45:03,000 - System.tprint - INFO - ℹ️ 🐛 DEBUG: _load_metadata() checking versioned_artifacts/UNKNOWN_binance_15m_long_analyst/metadata.json INFO
[2026-01-01 11:45:02.999] 🐛 DEBUG: Metadata file exists, size: 15351 bytes INFO
2026-01-01 11:45:03,000 - System.tprint - INFO - ℹ️ 🐛 DEBUG: Metadata file exists, size: 15351 bytes INFO
[2026-01-01 11:45:02.999] 🐛 DEBUG: Successfully loaded metadata with 5 versions INFO
2026-01-01 11:45:03,000 - System.tprint - INFO - ℹ️ 🐛 DEBUG: Successfully loaded metadata with 5 versions INFO
[2026-01-01 11:45:02.999] 🐛 DEBUG: get_statistics() called INFO
2026-01-01 11:45:03,000 - System.tprint - INFO - ℹ️ 🐛 DEBUG: get_statistics() called INFO
[2026-01-01 11:45:02.999] 🐛 DEBUG: Reloading metadata for statistics INFO
2026-01-01 11:45:03,000 - System.tprint - INFO - ℹ️ 🐛 DEBUG: Reloading metadata for statistics INFO
[2026-01-01 11:45:02.999] 🐛 DEBUG: _load_metadata() checking versioned_artifacts/UNKNOWN_binance_15m_long_analyst/metadata.json INFO
2026-01-01 11:45:03,000 - System.tprint - INFO - ℹ️ 🐛 DEBUG: _load_metadata() checking versioned_artifacts/UNKNOWN_binance_15m_long_analyst/metadata.json INFO
[2026-01-01 11:45:03.000] 🐛 DEBUG: Metadata file exists, size: 15351 bytes INFO
2026-01-01 11:45:03,000 - System.tprint - INFO - ℹ️ 🐛 DEBUG: Metadata file exists, size: 15351 bytes INFO
[2026-01-01 11:45:03.000] 🐛 DEBUG: Successfully loaded metadata with 5 versions INFO
2026-01-01 11:45:03,001 - System.tprint - INFO - ℹ️ 🐛 DEBUG: Successfully loaded metadata with 5 versions INFO
[2026-01-01 11:45:03.000] 🐛 DEBUG: Statistics - num_versions: 5 INFO
2026-01-01 11:45:03,001 - System.tprint - INFO - ℹ️ 🐛 DEBUG: Statistics - num_versions: 5 INFO
[2026-01-01 11:45:03.000] 🐛 DEBUG: Statistics - current_version: final_validation_metrics_20251116_161159_946 INFO
2026-01-01 11:45:03,001 - System.tprint - INFO - ℹ️ 🐛 DEBUG: Statistics - current_version: final_validation_metrics_20251116_161159_946 INFO
[2026-01-01 11:45:03.000] 🐛 DEBUG: Statistics - h5_file_size_mb: 280.5141086578369 INFO
2026-01-01 11:45:03,001 - System.tprint - INFO - ℹ️ 🐛 DEBUG: Statistics - h5_file_size_mb: 280.5141086578369 INFO
[2026-01-01 11:45:03.003] 🐛 DEBUG: New store statistics: {'store_path': 'versioned_artifacts/UNKNOWN_binance_15m_long_analyst', 'num_versions': 5, 'current_version': 'final_validation_metrics_20251116_161159_946', 'created_at': '2025-11-07T18:22:44.911801', 'h5_file_size_mb': 280.5141086578369, 'chunking': {'chunk_rows': 'auto', 'chunk_cols': 'auto'}, 'changelog': {'total_changes': 305, 'changes_by_type': {'add_data': 305}, 'top_versions': {'analyst_interaction_features_20251108_161950_019': 1, 'analyst_interaction_features_20251108_164300_578': 1, 'analyst_interaction_features_20251108_171945_952': 1, 'analyst_interaction_features_20251108_175314_530': 1, 'analyst_interaction_features_20251108_180922_905': 1, 'analyst_interaction_features_20251108_184752_938': 1, 'analyst_interaction_features_20251108_191026_801': 1, 'analyst_interaction_features_20251111_185727_726': 1, 'final_dataset_40_20251108_172617_791': 1, 'final_dataset_40_20251108_172829_013': 1}, 'time_range': {'earliest': '2025-11-07T18:27:00.789522', 'latest': '2025-11-24T21:16:51.681722'}}, 'row_versioning': {'total_rows_tracked': 0, 'total_versions': 0, 'average_versions_per_row': 0, 'most_versioned_rows': []}} INFO
2026-01-01 11:45:03,004 - System.tprint - INFO - ℹ️ 🐛 DEBUG: New store statistics: {'store_path': 'versioned_artifacts/UNKNOWN_binance_15m_long_analyst', 'num_versions': 5, 'current_version': 'final_validation_metrics_20251116_161159_946', 'created_at': '2025-11-07T18:22:44.911801', 'h5_file_size_mb': 280.5141086578369, 'chunking': {'chunk_rows': 'auto', 'chunk_cols': 'auto'}, 'changelog': {'total_changes': 305, 'changes_by_type': {'add_data': 305}, 'top_versions': {'analyst_interaction_features_20251108_161950_019': 1, 'analyst_interaction_features_20251108_164300_578': 1, 'analyst_interaction_features_20251108_171945_952': 1, 'analyst_interaction_features_20251108_175314_530': 1, 'analyst_interaction_features_20251108_180922_905': 1, 'analyst_interaction_features_20251108_184752_938': 1, 'analyst_interaction_features_20251108_191026_801': 1, 'analyst_interaction_features_20251111_185727_726': 1, 'final_dataset_40_20251108_172617_791': 1, 'final_dataset_40_20251108_172829_013': 1}, 'time_range': {'earliest': '2025-11-07T18:27:00.789522', 'latest': '2025-11-24T21:16:51.681722'}}, 'row_versioning': {'total_rows_tracked': 0, 'total_versions': 0, 'average_versions_per_row': 0, 'most_versioned_rows': []}} INFO
[2026-01-01 11:45:03.003] 🐛 DEBUG: list_versions() called INFO
2026-01-01 11:45:03,004 - System.tprint - INFO - ℹ️ 🐛 DEBUG: list_versions() called INFO
[2026-01-01 11:45:03.003] 🐛 DEBUG: Metadata file exists: True INFO
2026-01-01 11:45:03,004 - System.tprint - INFO - ℹ️ 🐛 DEBUG: Metadata file exists: True INFO
[2026-01-01 11:45:03.003] 🐛 DEBUG: HDF5 file exists: True INFO
2026-01-01 11:45:03,004 - System.tprint - INFO - ℹ️ 🐛 DEBUG: HDF5 file exists: True INFO
[2026-01-01 11:45:03.003] 🐛 DEBUG: Reloading metadata to get latest versions INFO
2026-01-01 11:45:03,004 - System.tprint - INFO - ℹ️ 🐛 DEBUG: Reloading metadata to get latest versions INFO
[2026-01-01 11:45:03.003] 🐛 DEBUG: _load_metadata() checking versioned_artifacts/UNKNOWN_binance_15m_long_analyst/metadata.json INFO
2026-01-01 11:45:03,004 - System.tprint - INFO - ℹ️ 🐛 DEBUG: _load_metadata() checking versioned_artifacts/UNKNOWN_binance_15m_long_analyst/metadata.json INFO
[2026-01-01 11:45:03.005] 🐛 DEBUG: Metadata file exists, size: 15351 bytes INFO
2026-01-01 11:45:03,005 - System.tprint - INFO - ℹ️ 🐛 DEBUG: Metadata file exists, size: 15351 bytes INFO
[2026-01-01 11:45:03.005] 🐛 DEBUG: Successfully loaded metadata with 5 versions INFO
2026-01-01 11:45:03,005 - System.tprint - INFO - ℹ️ 🐛 DEBUG: Successfully loaded metadata with 5 versions INFO
[2026-01-01 11:45:03.005] 🐛 DEBUG: Found 5 versions in metadata: ['final_dataset_60_20251116_161159_683', 'final_dataset_50_20251116_161159_720', 'final_dataset_40_20251116_161159_752', 'labeled_dataframe_20251116_161159_781', 'final_validation_metrics_20251116_161159_946'] INFO
2026-01-01 11:45:03,005 - System.tprint - INFO - ℹ️ 🐛 DEBUG: Found 5 versions in metadata: ['final_dataset_60_20251116_161159_683', 'final_dataset_50_20251116_161159_720', 'final_dataset_40_20251116_161159_752', 'labeled_dataframe_20251116_161159_781', 'final_validation_metrics_20251116_161159_946'] INFO
[2026-01-01 11:45:03.017] 🐛 DEBUG: Found 5 versions in HDF5: ['final_dataset_40_20251116_161159_752', 'final_dataset_50_20251116_161159_720', 'final_dataset_60_20251116_161159_683', 'final_validation_metrics_20251116_161159_946', 'labeled_dataframe_20251116_161159_781'] INFO
2026-01-01 11:45:03,017 - System.tprint - INFO - ℹ️ 🐛 DEBUG: Found 5 versions in HDF5: ['final_dataset_40_20251116_161159_752', 'final_dataset_50_20251116_161159_720', 'final_dataset_60_20251116_161159_683', 'final_validation_metrics_20251116_161159_946', 'labeled_dataframe_20251116_161159_781'] INFO
[2026-01-01 11:45:03.017] WARNING:   │  No matching versions in primary store
2026-01-01 11:45:03,018 - System.tprint - WARNING - ⚠️ │  No matching versions in primary store
[2026-01-01 11:45:03.018] 🐛 DEBUG: list_versions() called INFO
2026-01-01 11:45:03,018 - System.tprint - INFO - ℹ️ 🐛 DEBUG: list_versions() called INFO
[2026-01-01 11:45:03.018] 🐛 DEBUG: Metadata file exists: True INFO
2026-01-01 11:45:03,019 - System.tprint - INFO - ℹ️ 🐛 DEBUG: Metadata file exists: True INFO
[2026-01-01 11:45:03.018] 🐛 DEBUG: HDF5 file exists: True INFO
2026-01-01 11:45:03,019 - System.tprint - INFO - ℹ️ 🐛 DEBUG: HDF5 file exists: True INFO
[2026-01-01 11:45:03.018] 🐛 DEBUG: Reloading metadata to get latest versions INFO
2026-01-01 11:45:03,019 - System.tprint - INFO - ℹ️ 🐛 DEBUG: Reloading metadata to get latest versions INFO
[2026-01-01 11:45:03.018] 🐛 DEBUG: _load_metadata() checking versioned_artifacts/UNKNOWN_binance_15m_long_analyst/metadata.json INFO
2026-01-01 11:45:03,019 - System.tprint - INFO - ℹ️ 🐛 DEBUG: _load_metadata() checking versioned_artifacts/UNKNOWN_binance_15m_long_analyst/metadata.json INFO
[2026-01-01 11:45:03.018] 🐛 DEBUG: Metadata file exists, size: 15351 bytes INFO
2026-01-01 11:45:03,019 - System.tprint - INFO - ℹ️ 🐛 DEBUG: Metadata file exists, size: 15351 bytes INFO
[2026-01-01 11:45:03.018] 🐛 DEBUG: Successfully loaded metadata with 5 versions INFO
2026-01-01 11:45:03,019 - System.tprint - INFO - ℹ️ 🐛 DEBUG: Successfully loaded metadata with 5 versions INFO
[2026-01-01 11:45:03.020] 🐛 DEBUG: Found 5 versions in metadata: ['final_dataset_60_20251116_161159_683', 'final_dataset_50_20251116_161159_720', 'final_dataset_40_20251116_161159_752', 'labeled_dataframe_20251116_161159_781', 'final_validation_metrics_20251116_161159_946'] INFO
2026-01-01 11:45:03,020 - System.tprint - INFO - ℹ️ 🐛 DEBUG: Found 5 versions in metadata: ['final_dataset_60_20251116_161159_683', 'final_dataset_50_20251116_161159_720', 'final_dataset_40_20251116_161159_752', 'labeled_dataframe_20251116_161159_781', 'final_validation_metrics_20251116_161159_946'] INFO
[2026-01-01 11:45:03.020] 🐛 DEBUG: Found 5 versions in HDF5: ['final_dataset_40_20251116_161159_752', 'final_dataset_50_20251116_161159_720', 'final_dataset_60_20251116_161159_683', 'final_validation_metrics_20251116_161159_946', 'labeled_dataframe_20251116_161159_781'] INFO
2026-01-01 11:45:03,020 - System.tprint - INFO - ℹ️ 🐛 DEBUG: Found 5 versions in HDF5: ['final_dataset_40_20251116_161159_752', 'final_dataset_50_20251116_161159_720', 'final_dataset_60_20251116_161159_683', 'final_validation_metrics_20251116_161159_946', 'labeled_dataframe_20251116_161159_781'] INFO
[2026-01-01 11:45:03.020] WARNING:   │  ⚠️  Not found in any versioned store
2026-01-01 11:45:03,021 - System.tprint - WARNING - ⚠️ │  ⚠️  Not found in any versioned store
[2026-01-01 11:45:03.020] WARNING:   └─ Trying next storage method
2026-01-01 11:45:03,021 - System.tprint - WARNING - ⚠️ └─ Trying next storage method
[2026-01-01 11:45:03.021] ERROR: ┌──────────────────────────────────────────────────────────────────────────────┐
2026-01-01 11:45:03,021 - System.tprint - ERROR - ❌ ┌──────────────────────────────────────────────────────────────────────────────┐
[2026-01-01 11:45:03.021] ERROR: │  ❌ ARTIFACT ROUTER: LOAD FAILED - NOT FOUND                                │
2026-01-01 11:45:03,021 - System.tprint - ERROR - ❌ │  ❌ ARTIFACT ROUTER: LOAD FAILED - NOT FOUND                                │
[2026-01-01 11:45:03.021] ERROR: │  Artifact 'klines_data' not found in any storage                        │ 
2026-01-01 11:45:03,021 - System.tprint - ERROR - ❌ │  Artifact 'klines_data' not found in any storage                        │ 
[2026-01-01 11:45:03.021] ERROR: └──────────────────────────────────────────────────────────────────────────────┘
2026-01-01 11:45:03,021 - System.tprint - ERROR - ❌ └──────────────────────────────────────────────────────────────────────────────┘
2026-01-01 11:45:03,021 - ares.step.meta_labeling_hpo_sample_weighted - WARNING - ⚠️ Artifact 'klines_data' not found via router, trying traditional manager
[2026-01-01 11:45:03.021] ⚠️ Trying fallback to traditional artifact manager | UNKNOWN/binance [15m] long/analyst
2026-01-01 11:45:03,021 - System.tprint - INFO - ℹ️ ⚠️ Trying fallback to traditional artifact manager | UNKNOWN/binance [15m] long/analyst
2026-01-01 11:45:03,021 - System.ArtifactManager - INFO - ℹ️ 📁 Context set: step=meta_labeling_hpo_sample_weighted, symbol=None, exchange=None, timeframe=15m, datetime=2026-01-01 11:45:02.986611, information=None, direction=long, model=Analyst
[2026-01-01 11:45:03.023] 🐛 DEBUG: _load_metadata() checking versioned_artifacts/UNKNOWN_binance_1h_long_analyst/metadata.json INFO
2026-01-01 11:45:03,023 - System.tprint - INFO - ℹ️ 🐛 DEBUG: _load_metadata() checking versioned_artifacts/UNKNOWN_binance_1h_long_analyst/metadata.json INFO
[2026-01-01 11:45:03.023] 🐛 DEBUG: Metadata file exists, size: 200 bytes INFO
2026-01-01 11:45:03,023 - System.tprint - INFO - ℹ️ 🐛 DEBUG: Metadata file exists, size: 200 bytes INFO
[2026-01-01 11:45:03.023] 🐛 DEBUG: Successfully loaded metadata with 0 versions INFO
2026-01-01 11:45:03,024 - System.tprint - INFO - ℹ️ 🐛 DEBUG: Successfully loaded metadata with 0 versions INFO
[2026-01-01 11:45:03.023] 🐛 DEBUG: list_versions() called INFO
2026-01-01 11:45:03,024 - System.tprint - INFO - ℹ️ 🐛 DEBUG: list_versions() called INFO
[2026-01-01 11:45:03.023] 🐛 DEBUG: Metadata file exists: True INFO
2026-01-01 11:45:03,024 - System.tprint - INFO - ℹ️ 🐛 DEBUG: Metadata file exists: True INFO
[2026-01-01 11:45:03.023] 🐛 DEBUG: HDF5 file exists: True INFO
2026-01-01 11:45:03,024 - System.tprint - INFO - ℹ️ 🐛 DEBUG: HDF5 file exists: True INFO
[2026-01-01 11:45:03.023] 🐛 DEBUG: Reloading metadata to get latest versions INFO
2026-01-01 11:45:03,024 - System.tprint - INFO - ℹ️ 🐛 DEBUG: Reloading metadata to get latest versions INFO
[2026-01-01 11:45:03.024] 🐛 DEBUG: _load_metadata() checking versioned_artifacts/UNKNOWN_binance_1h_long_analyst/metadata.json INFO
2026-01-01 11:45:03,024 - System.tprint - INFO - ℹ️ 🐛 DEBUG: _load_metadata() checking versioned_artifacts/UNKNOWN_binance_1h_long_analyst/metadata.json INFO
[2026-01-01 11:45:03.024] 🐛 DEBUG: Metadata file exists, size: 200 bytes INFO
2026-01-01 11:45:03,024 - System.tprint - INFO - ℹ️ 🐛 DEBUG: Metadata file exists, size: 200 bytes INFO
[2026-01-01 11:45:03.024] 🐛 DEBUG: Successfully loaded metadata with 0 versions INFO
2026-01-01 11:45:03,024 - System.tprint - INFO - ℹ️ 🐛 DEBUG: Successfully loaded metadata with 0 versions INFO
[2026-01-01 11:45:03.024] 🐛 DEBUG: Found 0 versions in metadata: [] INFO
2026-01-01 11:45:03,024 - System.tprint - INFO - ℹ️ 🐛 DEBUG: Found 0 versions in metadata: [] INFO
[2026-01-01 11:45:03.024] 🐛 DEBUG: Found 0 versions in HDF5: [] INFO
2026-01-01 11:45:03,025 - System.tprint - INFO - ℹ️ 🐛 DEBUG: Found 0 versions in HDF5: [] INFO
[2026-01-01 11:45:03.025] 🐛 DEBUG: _load_metadata() checking versioned_artifacts/UNKNOWN_binance_15m_long_analyst/metadata.json INFO
2026-01-01 11:45:03,025 - System.tprint - INFO - ℹ️ 🐛 DEBUG: _load_metadata() checking versioned_artifacts/UNKNOWN_binance_15m_long_analyst/metadata.json INFO
[2026-01-01 11:45:03.025] 🐛 DEBUG: Metadata file exists, size: 15351 bytes INFO
2026-01-01 11:45:03,025 - System.tprint - INFO - ℹ️ 🐛 DEBUG: Metadata file exists, size: 15351 bytes INFO
[2026-01-01 11:45:03.025] 🐛 DEBUG: Successfully loaded metadata with 5 versions INFO
2026-01-01 11:45:03,025 - System.tprint - INFO - ℹ️ 🐛 DEBUG: Successfully loaded metadata with 5 versions INFO
[2026-01-01 11:45:03.025] 🐛 DEBUG: list_versions() called INFO
2026-01-01 11:45:03,026 - System.tprint - INFO - ℹ️ 🐛 DEBUG: list_versions() called INFO
[2026-01-01 11:45:03.025] 🐛 DEBUG: Metadata file exists: True INFO
2026-01-01 11:45:03,026 - System.tprint - INFO - ℹ️ 🐛 DEBUG: Metadata file exists: True INFO
[2026-01-01 11:45:03.025] 🐛 DEBUG: HDF5 file exists: True INFO
2026-01-01 11:45:03,026 - System.tprint - INFO - ℹ️ 🐛 DEBUG: HDF5 file exists: True INFO
[2026-01-01 11:45:03.025] 🐛 DEBUG: Reloading metadata to get latest versions INFO
2026-01-01 11:45:03,026 - System.tprint - INFO - ℹ️ 🐛 DEBUG: Reloading metadata to get latest versions INFO
[2026-01-01 11:45:03.025] 🐛 DEBUG: _load_metadata() checking versioned_artifacts/UNKNOWN_binance_15m_long_analyst/metadata.json INFO
2026-01-01 11:45:03,026 - System.tprint - INFO - ℹ️ 🐛 DEBUG: _load_metadata() checking versioned_artifacts/UNKNOWN_binance_15m_long_analyst/metadata.json INFO
[2026-01-01 11:45:03.025] 🐛 DEBUG: Metadata file exists, size: 15351 bytes INFO
2026-01-01 11:45:03,026 - System.tprint - INFO - ℹ️ 🐛 DEBUG: Metadata file exists, size: 15351 bytes INFO
[2026-01-01 11:45:03.025] 🐛 DEBUG: Successfully loaded metadata with 5 versions INFO
2026-01-01 11:45:03,026 - System.tprint - INFO - ℹ️ 🐛 DEBUG: Successfully loaded metadata with 5 versions INFO
[2026-01-01 11:45:03.026] 🐛 DEBUG: Found 5 versions in metadata: ['final_dataset_60_20251116_161159_683', 'final_dataset_50_20251116_161159_720', 'final_dataset_40_20251116_161159_752', 'labeled_dataframe_20251116_161159_781', 'final_validation_metrics_20251116_161159_946'] INFO
2026-01-01 11:45:03,026 - System.tprint - INFO - ℹ️ 🐛 DEBUG: Found 5 versions in metadata: ['final_dataset_60_20251116_161159_683', 'final_dataset_50_20251116_161159_720', 'final_dataset_40_20251116_161159_752', 'labeled_dataframe_20251116_161159_781', 'final_validation_metrics_20251116_161159_946'] INFO
[2026-01-01 11:45:03.026] 🐛 DEBUG: Found 5 versions in HDF5: ['final_dataset_40_20251116_161159_752', 'final_dataset_50_20251116_161159_720', 'final_dataset_60_20251116_161159_683', 'final_validation_metrics_20251116_161159_946', 'labeled_dataframe_20251116_161159_781'] INFO
2026-01-01 11:45:03,027 - System.tprint - INFO - ℹ️ 🐛 DEBUG: Found 5 versions in HDF5: ['final_dataset_40_20251116_161159_752', 'final_dataset_50_20251116_161159_720', 'final_dataset_60_20251116_161159_683', 'final_validation_metrics_20251116_161159_946', 'labeled_dataframe_20251116_161159_781'] INFO
[2026-01-01 11:45:03.030] 🐛 DEBUG: _load_metadata() checking versioned_artifacts/ETHUSDT_binance_15m_long_sr_labeling_xgb/metadata.json INFO
2026-01-01 11:45:03,030 - System.tprint - INFO - ℹ️ 🐛 DEBUG: _load_metadata() checking versioned_artifacts/ETHUSDT_binance_15m_long_sr_labeling_xgb/metadata.json INFO
[2026-01-01 11:45:03.030] 🐛 DEBUG: Metadata file exists, size: 139 bytes INFO
2026-01-01 11:45:03,030 - System.tprint - INFO - ℹ️ 🐛 DEBUG: Metadata file exists, size: 139 bytes INFO
[2026-01-01 11:45:03.032] 🐛 DEBUG: Successfully loaded metadata with 0 versions INFO
2026-01-01 11:45:03,032 - System.tprint - INFO - ℹ️ 🐛 DEBUG: Successfully loaded metadata with 0 versions INFO
[2026-01-01 11:45:03.032] 🐛 DEBUG: list_versions() called INFO
2026-01-01 11:45:03,032 - System.tprint - INFO - ℹ️ 🐛 DEBUG: list_versions() called INFO
[2026-01-01 11:45:03.032] 🐛 DEBUG: Metadata file exists: True INFO
2026-01-01 11:45:03,032 - System.tprint - INFO - ℹ️ 🐛 DEBUG: Metadata file exists: True INFO
[2026-01-01 11:45:03.032] 🐛 DEBUG: HDF5 file exists: True INFO
2026-01-01 11:45:03,032 - System.tprint - INFO - ℹ️ 🐛 DEBUG: HDF5 file exists: True INFO
[2026-01-01 11:45:03.032] 🐛 DEBUG: Reloading metadata to get latest versions INFO
2026-01-01 11:45:03,032 - System.tprint - INFO - ℹ️ 🐛 DEBUG: Reloading metadata to get latest versions INFO
[2026-01-01 11:45:03.032] 🐛 DEBUG: _load_metadata() checking versioned_artifacts/ETHUSDT_binance_15m_long_sr_labeling_xgb/metadata.json INFO
2026-01-01 11:45:03,033 - System.tprint - INFO - ℹ️ 🐛 DEBUG: _load_metadata() checking versioned_artifacts/ETHUSDT_binance_15m_long_sr_labeling_xgb/metadata.json INFO
[2026-01-01 11:45:03.032] 🐛 DEBUG: Metadata file exists, size: 139 bytes INFO
2026-01-01 11:45:03,033 - System.tprint - INFO - ℹ️ 🐛 DEBUG: Metadata file exists, size: 139 bytes INFO
[2026-01-01 11:45:03.032] 🐛 DEBUG: Successfully loaded metadata with 0 versions INFO
2026-01-01 11:45:03,033 - System.tprint - INFO - ℹ️ 🐛 DEBUG: Successfully loaded metadata with 0 versions INFO
[2026-01-01 11:45:03.033] 🐛 DEBUG: Found 0 versions in metadata: [] INFO
2026-01-01 11:45:03,033 - System.tprint - INFO - ℹ️ 🐛 DEBUG: Found 0 versions in metadata: [] INFO
[2026-01-01 11:45:03.033] 🐛 DEBUG: Found 0 versions in HDF5: [] INFO
2026-01-01 11:45:03,033 - System.tprint - INFO - ℹ️ 🐛 DEBUG: Found 0 versions in HDF5: [] INFO
[2026-01-01 11:45:03.034] 🐛 DEBUG: _load_metadata() checking versioned_artifacts/ETHUSDT_binance_1h_long_breakout_bounce/metadata.json INFO
2026-01-01 11:45:03,035 - System.tprint - INFO - ℹ️ 🐛 DEBUG: _load_metadata() checking versioned_artifacts/ETHUSDT_binance_1h_long_breakout_bounce/metadata.json INFO
[2026-01-01 11:45:03.034] 🐛 DEBUG: Metadata file exists, size: 11462 bytes INFO
2026-01-01 11:45:03,035 - System.tprint - INFO - ℹ️ 🐛 DEBUG: Metadata file exists, size: 11462 bytes INFO
[2026-01-01 11:45:03.036] 🐛 DEBUG: Successfully loaded metadata with 5 versions INFO
2026-01-01 11:45:03,036 - System.tprint - INFO - ℹ️ 🐛 DEBUG: Successfully loaded metadata with 5 versions INFO
[2026-01-01 11:45:03.036] 🐛 DEBUG: list_versions() called INFO
2026-01-01 11:45:03,036 - System.tprint - INFO - ℹ️ 🐛 DEBUG: list_versions() called INFO
[2026-01-01 11:45:03.036] 🐛 DEBUG: Metadata file exists: True INFO
2026-01-01 11:45:03,036 - System.tprint - INFO - ℹ️ 🐛 DEBUG: Metadata file exists: True INFO
[2026-01-01 11:45:03.036] 🐛 DEBUG: HDF5 file exists: True INFO
2026-01-01 11:45:03,036 - System.tprint - INFO - ℹ️ 🐛 DEBUG: HDF5 file exists: True INFO
[2026-01-01 11:45:03.036] 🐛 DEBUG: Reloading metadata to get latest versions INFO
2026-01-01 11:45:03,036 - System.tprint - INFO - ℹ️ 🐛 DEBUG: Reloading metadata to get latest versions INFO
[2026-01-01 11:45:03.036] 🐛 DEBUG: _load_metadata() checking versioned_artifacts/ETHUSDT_binance_1h_long_breakout_bounce/metadata.json INFO
2026-01-01 11:45:03,036 - System.tprint - INFO - ℹ️ 🐛 DEBUG: _load_metadata() checking versioned_artifacts/ETHUSDT_binance_1h_long_breakout_bounce/metadata.json INFO
[2026-01-01 11:45:03.036] 🐛 DEBUG: Metadata file exists, size: 11462 bytes INFO
2026-01-01 11:45:03,036 - System.tprint - INFO - ℹ️ 🐛 DEBUG: Metadata file exists, size: 11462 bytes INFO
[2026-01-01 11:45:03.036] 🐛 DEBUG: Successfully loaded metadata with 5 versions INFO
2026-01-01 11:45:03,036 - System.tprint - INFO - ℹ️ 🐛 DEBUG: Successfully loaded metadata with 5 versions INFO
[2026-01-01 11:45:03.036] 🐛 DEBUG: Found 5 versions in metadata: ['ml_breakout_bounce_training_data_1h_20251123_144326_526', 'ml_breakout_bounce_training_data_1h_20251123_153924_083', 'ml_breakout_bounce_training_data_1h_20251123_160312_391', 'ml_breakout_bounce_training_data_1h_20251123_160800_355', 'ml_breakout_bounce_training_data_1h_20251123_162859_853'] INFO
2026-01-01 11:45:03,036 - System.tprint - INFO - ℹ️ 🐛 DEBUG: Found 5 versions in metadata: ['ml_breakout_bounce_training_data_1h_20251123_144326_526', 'ml_breakout_bounce_training_data_1h_20251123_153924_083', 'ml_breakout_bounce_training_data_1h_20251123_160312_391', 'ml_breakout_bounce_training_data_1h_20251123_160800_355', 'ml_breakout_bounce_training_data_1h_20251123_162859_853'] INFO
[2026-01-01 11:45:03.037] 🐛 DEBUG: Found 5 versions in HDF5: ['ml_breakout_bounce_training_data_1h_20251123_144326_526', 'ml_breakout_bounce_training_data_1h_20251123_153924_083', 'ml_breakout_bounce_training_data_1h_20251123_160312_391', 'ml_breakout_bounce_training_data_1h_20251123_160800_355', 'ml_breakout_bounce_training_data_1h_20251123_162859_853'] INFO
2026-01-01 11:45:03,037 - System.tprint - INFO - ℹ️ 🐛 DEBUG: Found 5 versions in HDF5: ['ml_breakout_bounce_training_data_1h_20251123_144326_526', 'ml_breakout_bounce_training_data_1h_20251123_153924_083', 'ml_breakout_bounce_training_data_1h_20251123_160312_391', 'ml_breakout_bounce_training_data_1h_20251123_160800_355', 'ml_breakout_bounce_training_data_1h_20251123_162859_853'] INFO
[2026-01-01 11:45:03.037] 🐛 DEBUG: _load_metadata() checking versioned_artifacts/ETHUSDT_binance_15m_long_liquidity_regime/metadata.json INFO
2026-01-01 11:45:03,038 - System.tprint - INFO - ℹ️ 🐛 DEBUG: _load_metadata() checking versioned_artifacts/ETHUSDT_binance_15m_long_liquidity_regime/metadata.json INFO
[2026-01-01 11:45:03.037] 🐛 DEBUG: Metadata file exists, size: 17282 bytes INFO
2026-01-01 11:45:03,038 - System.tprint - INFO - ℹ️ 🐛 DEBUG: Metadata file exists, size: 17282 bytes INFO
[2026-01-01 11:45:03.038] 🐛 DEBUG: Successfully loaded metadata with 6 versions INFO
2026-01-01 11:45:03,038 - System.tprint - INFO - ℹ️ 🐛 DEBUG: Successfully loaded metadata with 6 versions INFO
[2026-01-01 11:45:03.038] 🐛 DEBUG: list_versions() called INFO
2026-01-01 11:45:03,039 - System.tprint - INFO - ℹ️ 🐛 DEBUG: list_versions() called INFO
[2026-01-01 11:45:03.038] 🐛 DEBUG: Metadata file exists: True INFO
2026-01-01 11:45:03,039 - System.tprint - INFO - ℹ️ 🐛 DEBUG: Metadata file exists: True INFO
[2026-01-01 11:45:03.038] 🐛 DEBUG: HDF5 file exists: True INFO
2026-01-01 11:45:03,039 - System.tprint - INFO - ℹ️ 🐛 DEBUG: HDF5 file exists: True INFO
[2026-01-01 11:45:03.038] 🐛 DEBUG: Reloading metadata to get latest versions INFO
2026-01-01 11:45:03,039 - System.tprint - INFO - ℹ️ 🐛 DEBUG: Reloading metadata to get latest versions INFO
[2026-01-01 11:45:03.038] 🐛 DEBUG: _load_metadata() checking versioned_artifacts/ETHUSDT_binance_15m_long_liquidity_regime/metadata.json INFO
2026-01-01 11:45:03,039 - System.tprint - INFO - ℹ️ 🐛 DEBUG: _load_metadata() checking versioned_artifacts/ETHUSDT_binance_15m_long_liquidity_regime/metadata.json INFO
[2026-01-01 11:45:03.038] 🐛 DEBUG: Metadata file exists, size: 17282 bytes INFO
2026-01-01 11:45:03,039 - System.tprint - INFO - ℹ️ 🐛 DEBUG: Metadata file exists, size: 17282 bytes INFO
[2026-01-01 11:45:03.038] 🐛 DEBUG: Successfully loaded metadata with 6 versions INFO
2026-01-01 11:45:03,039 - System.tprint - INFO - ℹ️ 🐛 DEBUG: Successfully loaded metadata with 6 versions INFO
[2026-01-01 11:45:03.038] 🐛 DEBUG: Found 6 versions in metadata: ['ml_liquidity_regime_probs_15m_20251213_170827_692', 'ml_liquidity_training_data_15m_20251213_221548_209', 'ml_liquidity_regime_probs_15m_20251231_170726_502', 'ml_liquidity_training_data_15m_20251231_170859_400', 'ml_liquidity_regime_probs_15m_20251231_172132_488', 'ml_liquidity_training_data_15m_20251231_172224_742'] INFO
2026-01-01 11:45:03,039 - System.tprint - INFO - ℹ️ 🐛 DEBUG: Found 6 versions in metadata: ['ml_liquidity_regime_probs_15m_20251213_170827_692', 'ml_liquidity_training_data_15m_20251213_221548_209', 'ml_liquidity_regime_probs_15m_20251231_170726_502', 'ml_liquidity_training_data_15m_20251231_170859_400', 'ml_liquidity_regime_probs_15m_20251231_172132_488', 'ml_liquidity_training_data_15m_20251231_172224_742'] INFO
[2026-01-01 11:45:03.041] 🐛 DEBUG: Found 6 versions in HDF5: ['ml_liquidity_regime_probs_15m_20251213_170827_692', 'ml_liquidity_regime_probs_15m_20251231_170726_502', 'ml_liquidity_regime_probs_15m_20251231_172132_488', 'ml_liquidity_training_data_15m_20251213_221548_209', 'ml_liquidity_training_data_15m_20251231_170859_400', 'ml_liquidity_training_data_15m_20251231_172224_742'] INFO
2026-01-01 11:45:03,041 - System.tprint - INFO - ℹ️ 🐛 DEBUG: Found 6 versions in HDF5: ['ml_liquidity_regime_probs_15m_20251213_170827_692', 'ml_liquidity_regime_probs_15m_20251231_170726_502', 'ml_liquidity_regime_probs_15m_20251231_172132_488', 'ml_liquidity_training_data_15m_20251213_221548_209', 'ml_liquidity_training_data_15m_20251231_170859_400', 'ml_liquidity_training_data_15m_20251231_172224_742'] INFO
[2026-01-01 11:45:03.041] 🐛 DEBUG: _load_metadata() checking versioned_artifacts/ETHUSDT_binance_15m_long_regime_risk/metadata.json INFO
2026-01-01 11:45:03,042 - System.tprint - INFO - ℹ️ 🐛 DEBUG: _load_metadata() checking versioned_artifacts/ETHUSDT_binance_15m_long_regime_risk/metadata.json INFO
[2026-01-01 11:45:03.041] 🐛 DEBUG: Metadata file exists, size: 200 bytes INFO
2026-01-01 11:45:03,042 - System.tprint - INFO - ℹ️ 🐛 DEBUG: Metadata file exists, size: 200 bytes INFO
[2026-01-01 11:45:03.042] 🐛 DEBUG: Successfully loaded metadata with 0 versions INFO
2026-01-01 11:45:03,042 - System.tprint - INFO - ℹ️ 🐛 DEBUG: Successfully loaded metadata with 0 versions INFO
[2026-01-01 11:45:03.042] 🐛 DEBUG: list_versions() called INFO
2026-01-01 11:45:03,042 - System.tprint - INFO - ℹ️ 🐛 DEBUG: list_versions() called INFO
[2026-01-01 11:45:03.042] 🐛 DEBUG: Metadata file exists: True INFO
2026-01-01 11:45:03,042 - System.tprint - INFO - ℹ️ 🐛 DEBUG: Metadata file exists: True INFO
[2026-01-01 11:45:03.042] 🐛 DEBUG: HDF5 file exists: True INFO
2026-01-01 11:45:03,042 - System.tprint - INFO - ℹ️ 🐛 DEBUG: HDF5 file exists: True INFO
[2026-01-01 11:45:03.042] 🐛 DEBUG: Reloading metadata to get latest versions INFO
2026-01-01 11:45:03,042 - System.tprint - INFO - ℹ️ 🐛 DEBUG: Reloading metadata to get latest versions INFO
[2026-01-01 11:45:03.042] 🐛 DEBUG: _load_metadata() checking versioned_artifacts/ETHUSDT_binance_15m_long_regime_risk/metadata.json INFO
2026-01-01 11:45:03,043 - System.tprint - INFO - ℹ️ 🐛 DEBUG: _load_metadata() checking versioned_artifacts/ETHUSDT_binance_15m_long_regime_risk/metadata.json INFO
[2026-01-01 11:45:03.043] 🐛 DEBUG: Metadata file exists, size: 200 bytes INFO
2026-01-01 11:45:03,043 - System.tprint - INFO - ℹ️ 🐛 DEBUG: Metadata file exists, size: 200 bytes INFO
[2026-01-01 11:45:03.043] 🐛 DEBUG: Successfully loaded metadata with 0 versions INFO
2026-01-01 11:45:03,044 - System.tprint - INFO - ℹ️ 🐛 DEBUG: Successfully loaded metadata with 0 versions INFO
[2026-01-01 11:45:03.043] 🐛 DEBUG: Found 0 versions in metadata: [] INFO
2026-01-01 11:45:03,044 - System.tprint - INFO - ℹ️ 🐛 DEBUG: Found 0 versions in metadata: [] INFO
[2026-01-01 11:45:03.045] 🐛 DEBUG: Found 0 versions in HDF5: [] INFO
2026-01-01 11:45:03,045 - System.tprint - INFO - ℹ️ 🐛 DEBUG: Found 0 versions in HDF5: [] INFO
[2026-01-01 11:45:03.045] 🐛 DEBUG: _load_metadata() checking versioned_artifacts/ETHUSDT_binance_15m_long_breakout_bounce_regime/metadata.json INFO
2026-01-01 11:45:03,046 - System.tprint - INFO - ℹ️ 🐛 DEBUG: _load_metadata() checking versioned_artifacts/ETHUSDT_binance_15m_long_breakout_bounce_regime/metadata.json INFO
[2026-01-01 11:45:03.046] 🐛 DEBUG: Metadata file does not exist, returning default metadata INFO
2026-01-01 11:45:03,046 - System.tprint - INFO - ℹ️ 🐛 DEBUG: Metadata file does not exist, returning default metadata INFO
[2026-01-01 11:45:03.046] 🐛 DEBUG: list_versions() called INFO
2026-01-01 11:45:03,046 - System.tprint - INFO - ℹ️ 🐛 DEBUG: list_versions() called INFO
[2026-01-01 11:45:03.046] 🐛 DEBUG: Metadata file exists: False INFO
2026-01-01 11:45:03,046 - System.tprint - INFO - ℹ️ 🐛 DEBUG: Metadata file exists: False INFO
[2026-01-01 11:45:03.046] 🐛 DEBUG: HDF5 file exists: True INFO
2026-01-01 11:45:03,046 - System.tprint - INFO - ℹ️ 🐛 DEBUG: HDF5 file exists: True INFO
[2026-01-01 11:45:03.046] 🐛 DEBUG: Reloading metadata to get latest versions INFO
2026-01-01 11:45:03,046 - System.tprint - INFO - ℹ️ 🐛 DEBUG: Reloading metadata to get latest versions INFO
[2026-01-01 11:45:03.046] 🐛 DEBUG: _load_metadata() checking versioned_artifacts/ETHUSDT_binance_15m_long_breakout_bounce_regime/metadata.json INFO
2026-01-01 11:45:03,046 - System.tprint - INFO - ℹ️ 🐛 DEBUG: _load_metadata() checking versioned_artifacts/ETHUSDT_binance_15m_long_breakout_bounce_regime/metadata.json INFO
[2026-01-01 11:45:03.046] 🐛 DEBUG: Metadata file does not exist, returning default metadata INFO
2026-01-01 11:45:03,047 - System.tprint - INFO - ℹ️ 🐛 DEBUG: Metadata file does not exist, returning default metadata INFO
[2026-01-01 11:45:03.046] 🐛 DEBUG: Found 0 versions in metadata: [] INFO
2026-01-01 11:45:03,047 - System.tprint - INFO - ℹ️ 🐛 DEBUG: Found 0 versions in metadata: [] INFO
[2026-01-01 11:45:03.047] 🐛 DEBUG: Found 0 versions in HDF5: [] INFO
2026-01-01 11:45:03,048 - System.tprint - INFO - ℹ️ 🐛 DEBUG: Found 0 versions in HDF5: [] INFO
[2026-01-01 11:45:03.049] 🐛 DEBUG: _load_metadata() checking versioned_artifacts/ETHUSDT_binance_15m_long_volume_force/metadata.json INFO
2026-01-01 11:45:03,049 - System.tprint - INFO - ℹ️ 🐛 DEBUG: _load_metadata() checking versioned_artifacts/ETHUSDT_binance_15m_long_volume_force/metadata.json INFO
[2026-01-01 11:45:03.049] 🐛 DEBUG: Metadata file exists, size: 11876 bytes INFO
2026-01-01 11:45:03,049 - System.tprint - INFO - ℹ️ 🐛 DEBUG: Metadata file exists, size: 11876 bytes INFO
[2026-01-01 11:45:03.049] 🐛 DEBUG: Successfully loaded metadata with 7 versions INFO
2026-01-01 11:45:03,049 - System.tprint - INFO - ℹ️ 🐛 DEBUG: Successfully loaded metadata with 7 versions INFO
[2026-01-01 11:45:03.049] 🐛 DEBUG: list_versions() called INFO
2026-01-01 11:45:03,049 - System.tprint - INFO - ℹ️ 🐛 DEBUG: list_versions() called INFO
[2026-01-01 11:45:03.049] 🐛 DEBUG: Metadata file exists: True INFO
2026-01-01 11:45:03,049 - System.tprint - INFO - ℹ️ 🐛 DEBUG: Metadata file exists: True INFO
[2026-01-01 11:45:03.049] 🐛 DEBUG: HDF5 file exists: True INFO
2026-01-01 11:45:03,049 - System.tprint - INFO - ℹ️ 🐛 DEBUG: HDF5 file exists: True INFO
[2026-01-01 11:45:03.049] 🐛 DEBUG: Reloading metadata to get latest versions INFO
2026-01-01 11:45:03,049 - System.tprint - INFO - ℹ️ 🐛 DEBUG: Reloading metadata to get latest versions INFO
[2026-01-01 11:45:03.049] 🐛 DEBUG: _load_metadata() checking versioned_artifacts/ETHUSDT_binance_15m_long_volume_force/metadata.json INFO
2026-01-01 11:45:03,050 - System.tprint - INFO - ℹ️ 🐛 DEBUG: _load_metadata() checking versioned_artifacts/ETHUSDT_binance_15m_long_volume_force/metadata.json INFO
[2026-01-01 11:45:03.050] 🐛 DEBUG: Metadata file exists, size: 11876 bytes INFO
2026-01-01 11:45:03,050 - System.tprint - INFO - ℹ️ 🐛 DEBUG: Metadata file exists, size: 11876 bytes INFO
[2026-01-01 11:45:03.050] 🐛 DEBUG: Successfully loaded metadata with 7 versions INFO
2026-01-01 11:45:03,050 - System.tprint - INFO - ℹ️ 🐛 DEBUG: Successfully loaded metadata with 7 versions INFO
[2026-01-01 11:45:03.050] 🐛 DEBUG: Found 7 versions in metadata: ['ml_volume_force_features_20251213_163705_361', 'ml_volume_force_features_20251213_170535_123', 'ml_volume_force_predictions_20251213_170543_299', 'ml_volume_force_features_20251231_171818_197', 'ml_volume_force_predictions_20251231_172004_837', 'ml_volume_force_features_20251231_172800_942', 'ml_volume_force_predictions_20251231_172840_135'] INFO
2026-01-01 11:45:03,051 - System.tprint - INFO - ℹ️ 🐛 DEBUG: Found 7 versions in metadata: ['ml_volume_force_features_20251213_163705_361', 'ml_volume_force_features_20251213_170535_123', 'ml_volume_force_predictions_20251213_170543_299', 'ml_volume_force_features_20251231_171818_197', 'ml_volume_force_predictions_20251231_172004_837', 'ml_volume_force_features_20251231_172800_942', 'ml_volume_force_predictions_20251231_172840_135'] INFO
[2026-01-01 11:45:03.052] 🐛 DEBUG: Found 7 versions in HDF5: ['ml_volume_force_features_20251213_163705_361', 'ml_volume_force_features_20251213_170535_123', 'ml_volume_force_features_20251231_171818_197', 'ml_volume_force_features_20251231_172800_942', 'ml_volume_force_predictions_20251213_170543_299', 'ml_volume_force_predictions_20251231_172004_837', 'ml_volume_force_predictions_20251231_172840_135'] INFO
2026-01-01 11:45:03,052 - System.tprint - INFO - ℹ️ 🐛 DEBUG: Found 7 versions in HDF5: ['ml_volume_force_features_20251213_163705_361', 'ml_volume_force_features_20251213_170535_123', 'ml_volume_force_features_20251231_171818_197', 'ml_volume_force_features_20251231_172800_942', 'ml_volume_force_predictions_20251213_170543_299', 'ml_volume_force_predictions_20251231_172004_837', 'ml_volume_force_predictions_20251231_172840_135'] INFO
[2026-01-01 11:45:03.052] 🐛 DEBUG: _load_metadata() checking versioned_artifacts/ETHUSDT_binance_15m_long_smc_regime/metadata.json INFO
2026-01-01 11:45:03,053 - System.tprint - INFO - ℹ️ 🐛 DEBUG: _load_metadata() checking versioned_artifacts/ETHUSDT_binance_15m_long_smc_regime/metadata.json INFO
[2026-01-01 11:45:03.053] 🐛 DEBUG: Metadata file exists, size: 9799 bytes INFO
2026-01-01 11:45:03,053 - System.tprint - INFO - ℹ️ 🐛 DEBUG: Metadata file exists, size: 9799 bytes INFO
[2026-01-01 11:45:03.053] 🐛 DEBUG: Successfully loaded metadata with 6 versions INFO
2026-01-01 11:45:03,054 - System.tprint - INFO - ℹ️ 🐛 DEBUG: Successfully loaded metadata with 6 versions INFO
[2026-01-01 11:45:03.053] 🐛 DEBUG: list_versions() called INFO
2026-01-01 11:45:03,054 - System.tprint - INFO - ℹ️ 🐛 DEBUG: list_versions() called INFO
[2026-01-01 11:45:03.053] 🐛 DEBUG: Metadata file exists: True INFO
2026-01-01 11:45:03,054 - System.tprint - INFO - ℹ️ 🐛 DEBUG: Metadata file exists: True INFO
[2026-01-01 11:45:03.053] 🐛 DEBUG: HDF5 file exists: True INFO
2026-01-01 11:45:03,054 - System.tprint - INFO - ℹ️ 🐛 DEBUG: HDF5 file exists: True INFO
[2026-01-01 11:45:03.053] 🐛 DEBUG: Reloading metadata to get latest versions INFO
2026-01-01 11:45:03,054 - System.tprint - INFO - ℹ️ 🐛 DEBUG: Reloading metadata to get latest versions INFO
[2026-01-01 11:45:03.053] 🐛 DEBUG: _load_metadata() checking versioned_artifacts/ETHUSDT_binance_15m_long_smc_regime/metadata.json INFO
2026-01-01 11:45:03,054 - System.tprint - INFO - ℹ️ 🐛 DEBUG: _load_metadata() checking versioned_artifacts/ETHUSDT_binance_15m_long_smc_regime/metadata.json INFO
[2026-01-01 11:45:03.053] 🐛 DEBUG: Metadata file exists, size: 9799 bytes INFO
2026-01-01 11:45:03,054 - System.tprint - INFO - ℹ️ 🐛 DEBUG: Metadata file exists, size: 9799 bytes INFO
[2026-01-01 11:45:03.053] 🐛 DEBUG: Successfully loaded metadata with 6 versions INFO
2026-01-01 11:45:03,054 - System.tprint - INFO - ℹ️ 🐛 DEBUG: Successfully loaded metadata with 6 versions INFO
[2026-01-01 11:45:03.054] 🐛 DEBUG: Found 6 versions in metadata: ['smc_predictions_with_confidence_20251213_170746_093', 'ml_smc_features_15m_20251213_170746_137', 'smc_predictions_with_confidence_20251231_171806_519', 'ml_smc_features_15m_20251231_171807_077', 'smc_predictions_with_confidence_20251231_172755_504', 'ml_smc_features_15m_20251231_172755_741'] INFO
2026-01-01 11:45:03,054 - System.tprint - INFO - ℹ️ 🐛 DEBUG: Found 6 versions in metadata: ['smc_predictions_with_confidence_20251213_170746_093', 'ml_smc_features_15m_20251213_170746_137', 'smc_predictions_with_confidence_20251231_171806_519', 'ml_smc_features_15m_20251231_171807_077', 'smc_predictions_with_confidence_20251231_172755_504', 'ml_smc_features_15m_20251231_172755_741'] INFO
[2026-01-01 11:45:03.054] 🐛 DEBUG: Found 6 versions in HDF5: ['ml_smc_features_15m_20251213_170746_137', 'ml_smc_features_15m_20251231_171807_077', 'ml_smc_features_15m_20251231_172755_741', 'smc_predictions_with_confidence_20251213_170746_093', 'smc_predictions_with_confidence_20251231_171806_519', 'smc_predictions_with_confidence_20251231_172755_504'] INFO
2026-01-01 11:45:03,055 - System.tprint - INFO - ℹ️ 🐛 DEBUG: Found 6 versions in HDF5: ['ml_smc_features_15m_20251213_170746_137', 'ml_smc_features_15m_20251231_171807_077', 'ml_smc_features_15m_20251231_172755_741', 'smc_predictions_with_confidence_20251213_170746_093', 'smc_predictions_with_confidence_20251231_171806_519', 'smc_predictions_with_confidence_20251231_172755_504'] INFO
[2026-01-01 11:45:03.056] 🐛 DEBUG: _load_metadata() checking versioned_artifacts/ETHUSDT_binance_15m_long_breakout_bounce/metadata.json INFO
2026-01-01 11:45:03,056 - System.tprint - INFO - ℹ️ 🐛 DEBUG: _load_metadata() checking versioned_artifacts/ETHUSDT_binance_15m_long_breakout_bounce/metadata.json INFO
[2026-01-01 11:45:03.056] 🐛 DEBUG: Metadata file exists, size: 200 bytes INFO
2026-01-01 11:45:03,056 - System.tprint - INFO - ℹ️ 🐛 DEBUG: Metadata file exists, size: 200 bytes INFO
[2026-01-01 11:45:03.056] 🐛 DEBUG: Successfully loaded metadata with 0 versions INFO
2026-01-01 11:45:03,057 - System.tprint - INFO - ℹ️ 🐛 DEBUG: Successfully loaded metadata with 0 versions INFO
[2026-01-01 11:45:03.056] 🐛 DEBUG: list_versions() called INFO
2026-01-01 11:45:03,057 - System.tprint - INFO - ℹ️ 🐛 DEBUG: list_versions() called INFO
[2026-01-01 11:45:03.057] 🐛 DEBUG: Metadata file exists: True INFO
2026-01-01 11:45:03,057 - System.tprint - INFO - ℹ️ 🐛 DEBUG: Metadata file exists: True INFO
[2026-01-01 11:45:03.057] 🐛 DEBUG: HDF5 file exists: True INFO
2026-01-01 11:45:03,058 - System.tprint - INFO - ℹ️ 🐛 DEBUG: HDF5 file exists: True INFO
[2026-01-01 11:45:03.057] 🐛 DEBUG: Reloading metadata to get latest versions INFO
2026-01-01 11:45:03,058 - System.tprint - INFO - ℹ️ 🐛 DEBUG: Reloading metadata to get latest versions INFO
[2026-01-01 11:45:03.057] 🐛 DEBUG: _load_metadata() checking versioned_artifacts/ETHUSDT_binance_15m_long_breakout_bounce/metadata.json INFO
2026-01-01 11:45:03,058 - System.tprint - INFO - ℹ️ 🐛 DEBUG: _load_metadata() checking versioned_artifacts/ETHUSDT_binance_15m_long_breakout_bounce/metadata.json INFO
[2026-01-01 11:45:03.057] 🐛 DEBUG: Metadata file exists, size: 200 bytes INFO
2026-01-01 11:45:03,058 - System.tprint - INFO - ℹ️ 🐛 DEBUG: Metadata file exists, size: 200 bytes INFO
[2026-01-01 11:45:03.058] 🐛 DEBUG: Successfully loaded metadata with 0 versions INFO
2026-01-01 11:45:03,059 - System.tprint - INFO - ℹ️ 🐛 DEBUG: Successfully loaded metadata with 0 versions INFO
[2026-01-01 11:45:03.058] 🐛 DEBUG: Found 0 versions in metadata: [] INFO
2026-01-01 11:45:03,059 - System.tprint - INFO - ℹ️ 🐛 DEBUG: Found 0 versions in metadata: [] INFO
[2026-01-01 11:45:03.060] 🐛 DEBUG: Found 0 versions in HDF5: [] INFO
2026-01-01 11:45:03,060 - System.tprint - INFO - ℹ️ 🐛 DEBUG: Found 0 versions in HDF5: [] INFO
[2026-01-01 11:45:03.060] 🐛 DEBUG: _load_metadata() checking versioned_artifacts/ETHUSDT_binance_1h_long_liquidity_regime/metadata.json INFO
2026-01-01 11:45:03,061 - System.tprint - INFO - ℹ️ 🐛 DEBUG: _load_metadata() checking versioned_artifacts/ETHUSDT_binance_1h_long_liquidity_regime/metadata.json INFO
[2026-01-01 11:45:03.061] 🐛 DEBUG: Metadata file exists, size: 200 bytes INFO
2026-01-01 11:45:03,061 - System.tprint - INFO - ℹ️ 🐛 DEBUG: Metadata file exists, size: 200 bytes INFO
[2026-01-01 11:45:03.061] 🐛 DEBUG: Successfully loaded metadata with 0 versions INFO
2026-01-01 11:45:03,061 - System.tprint - INFO - ℹ️ 🐛 DEBUG: Successfully loaded metadata with 0 versions INFO
[2026-01-01 11:45:03.061] 🐛 DEBUG: list_versions() called INFO
2026-01-01 11:45:03,061 - System.tprint - INFO - ℹ️ 🐛 DEBUG: list_versions() called INFO
[2026-01-01 11:45:03.061] 🐛 DEBUG: Metadata file exists: True INFO
2026-01-01 11:45:03,062 - System.tprint - INFO - ℹ️ 🐛 DEBUG: Metadata file exists: True INFO
[2026-01-01 11:45:03.062] 🐛 DEBUG: HDF5 file exists: True INFO
2026-01-01 11:45:03,062 - System.tprint - INFO - ℹ️ 🐛 DEBUG: HDF5 file exists: True INFO
[2026-01-01 11:45:03.062] 🐛 DEBUG: Reloading metadata to get latest versions INFO
2026-01-01 11:45:03,062 - System.tprint - INFO - ℹ️ 🐛 DEBUG: Reloading metadata to get latest versions INFO
[2026-01-01 11:45:03.062] 🐛 DEBUG: _load_metadata() checking versioned_artifacts/ETHUSDT_binance_1h_long_liquidity_regime/metadata.json INFO
2026-01-01 11:45:03,063 - System.tprint - INFO - ℹ️ 🐛 DEBUG: _load_metadata() checking versioned_artifacts/ETHUSDT_binance_1h_long_liquidity_regime/metadata.json INFO
[2026-01-01 11:45:03.062] 🐛 DEBUG: Metadata file exists, size: 200 bytes INFO
2026-01-01 11:45:03,063 - System.tprint - INFO - ℹ️ 🐛 DEBUG: Metadata file exists, size: 200 bytes INFO
[2026-01-01 11:45:03.063] 🐛 DEBUG: Successfully loaded metadata with 0 versions INFO
2026-01-01 11:45:03,063 - System.tprint - INFO - ℹ️ 🐛 DEBUG: Successfully loaded metadata with 0 versions INFO
[2026-01-01 11:45:03.063] 🐛 DEBUG: Found 0 versions in metadata: [] INFO
2026-01-01 11:45:03,064 - System.tprint - INFO - ℹ️ 🐛 DEBUG: Found 0 versions in metadata: [] INFO
[2026-01-01 11:45:03.068] 🐛 DEBUG: Found 0 versions in HDF5: [] INFO
2026-01-01 11:45:03,068 - System.tprint - INFO - ℹ️ 🐛 DEBUG: Found 0 versions in HDF5: [] INFO
[2026-01-01 11:45:03.070] 🐛 DEBUG: _load_metadata() checking versioned_artifacts/ETHUSDT_binance_15m_long_volatility_burst/metadata.json INFO
2026-01-01 11:45:03,071 - System.tprint - INFO - ℹ️ 🐛 DEBUG: _load_metadata() checking versioned_artifacts/ETHUSDT_binance_15m_long_volatility_burst/metadata.json INFO
[2026-01-01 11:45:03.070] 🐛 DEBUG: Metadata file does not exist, returning default metadata INFO
2026-01-01 11:45:03,071 - System.tprint - INFO - ℹ️ 🐛 DEBUG: Metadata file does not exist, returning default metadata INFO
[2026-01-01 11:45:03.070] 🐛 DEBUG: list_versions() called INFO
2026-01-01 11:45:03,071 - System.tprint - INFO - ℹ️ 🐛 DEBUG: list_versions() called INFO
[2026-01-01 11:45:03.070] 🐛 DEBUG: Metadata file exists: False INFO
2026-01-01 11:45:03,071 - System.tprint - INFO - ℹ️ 🐛 DEBUG: Metadata file exists: False INFO
[2026-01-01 11:45:03.070] 🐛 DEBUG: HDF5 file exists: True INFO
2026-01-01 11:45:03,071 - System.tprint - INFO - ℹ️ 🐛 DEBUG: HDF5 file exists: True INFO
[2026-01-01 11:45:03.070] 🐛 DEBUG: Reloading metadata to get latest versions INFO
2026-01-01 11:45:03,071 - System.tprint - INFO - ℹ️ 🐛 DEBUG: Reloading metadata to get latest versions INFO
[2026-01-01 11:45:03.070] 🐛 DEBUG: _load_metadata() checking versioned_artifacts/ETHUSDT_binance_15m_long_volatility_burst/metadata.json INFO
2026-01-01 11:45:03,071 - System.tprint - INFO - ℹ️ 🐛 DEBUG: _load_metadata() checking versioned_artifacts/ETHUSDT_binance_15m_long_volatility_burst/metadata.json INFO
[2026-01-01 11:45:03.070] 🐛 DEBUG: Metadata file does not exist, returning default metadata INFO
2026-01-01 11:45:03,071 - System.tprint - INFO - ℹ️ 🐛 DEBUG: Metadata file does not exist, returning default metadata INFO
[2026-01-01 11:45:03.070] 🐛 DEBUG: Found 0 versions in metadata: [] INFO
2026-01-01 11:45:03,071 - System.tprint - INFO - ℹ️ 🐛 DEBUG: Found 0 versions in metadata: [] INFO
[2026-01-01 11:45:03.072] 🐛 DEBUG: Found 0 versions in HDF5: [] INFO
2026-01-01 11:45:03,072 - System.tprint - INFO - ℹ️ 🐛 DEBUG: Found 0 versions in HDF5: [] INFO
[2026-01-01 11:45:03.072] 🐛 DEBUG: _load_metadata() checking versioned_artifacts/ETHUSDT_binance_1h_long_regime_alpha/metadata.json INFO
2026-01-01 11:45:03,073 - System.tprint - INFO - ℹ️ 🐛 DEBUG: _load_metadata() checking versioned_artifacts/ETHUSDT_binance_1h_long_regime_alpha/metadata.json INFO
[2026-01-01 11:45:03.072] 🐛 DEBUG: Metadata file exists, size: 6902 bytes INFO
2026-01-01 11:45:03,073 - System.tprint - INFO - ℹ️ 🐛 DEBUG: Metadata file exists, size: 6902 bytes INFO
[2026-01-01 11:45:03.073] 🐛 DEBUG: Successfully loaded metadata with 5 versions INFO
2026-01-01 11:45:03,073 - System.tprint - INFO - ℹ️ 🐛 DEBUG: Successfully loaded metadata with 5 versions INFO
[2026-01-01 11:45:03.073] 🐛 DEBUG: list_versions() called INFO
2026-01-01 11:45:03,073 - System.tprint - INFO - ℹ️ 🐛 DEBUG: list_versions() called INFO
[2026-01-01 11:45:03.073] 🐛 DEBUG: Metadata file exists: True INFO
2026-01-01 11:45:03,073 - System.tprint - INFO - ℹ️ 🐛 DEBUG: Metadata file exists: True INFO
[2026-01-01 11:45:03.073] 🐛 DEBUG: HDF5 file exists: True INFO
2026-01-01 11:45:03,073 - System.tprint - INFO - ℹ️ 🐛 DEBUG: HDF5 file exists: True INFO
[2026-01-01 11:45:03.073] 🐛 DEBUG: Reloading metadata to get latest versions INFO
2026-01-01 11:45:03,073 - System.tprint - INFO - ℹ️ 🐛 DEBUG: Reloading metadata to get latest versions INFO
[2026-01-01 11:45:03.073] 🐛 DEBUG: _load_metadata() checking versioned_artifacts/ETHUSDT_binance_1h_long_regime_alpha/metadata.json INFO
2026-01-01 11:45:03,074 - System.tprint - INFO - ℹ️ 🐛 DEBUG: _load_metadata() checking versioned_artifacts/ETHUSDT_binance_1h_long_regime_alpha/metadata.json INFO
[2026-01-01 11:45:03.073] 🐛 DEBUG: Metadata file exists, size: 6902 bytes INFO
2026-01-01 11:45:03,074 - System.tprint - INFO - ℹ️ 🐛 DEBUG: Metadata file exists, size: 6902 bytes INFO
[2026-01-01 11:45:03.073] 🐛 DEBUG: Successfully loaded metadata with 5 versions INFO
2026-01-01 11:45:03,074 - System.tprint - INFO - ℹ️ 🐛 DEBUG: Successfully loaded metadata with 5 versions INFO
[2026-01-01 11:45:03.073] 🐛 DEBUG: Found 5 versions in metadata: ['hmm_alpha_regime_stats_1h_20251122_151841_186', 'hmm_alpha_training_data_1h_20251122_164502_922', 'hmm_alpha_regime_stats_1h_20251122_164502_963', 'hmm_alpha_training_data_1h_20251122_171931_773', 'hmm_alpha_regime_stats_1h_20251122_171931_857'] INFO
2026-01-01 11:45:03,074 - System.tprint - INFO - ℹ️ 🐛 DEBUG: Found 5 versions in metadata: ['hmm_alpha_regime_stats_1h_20251122_151841_186', 'hmm_alpha_training_data_1h_20251122_164502_922', 'hmm_alpha_regime_stats_1h_20251122_164502_963', 'hmm_alpha_training_data_1h_20251122_171931_773', 'hmm_alpha_regime_stats_1h_20251122_171931_857'] INFO
[2026-01-01 11:45:03.075] 🐛 DEBUG: Found 5 versions in HDF5: ['hmm_alpha_regime_stats_1h_20251122_151841_186', 'hmm_alpha_regime_stats_1h_20251122_164502_963', 'hmm_alpha_regime_stats_1h_20251122_171931_857', 'hmm_alpha_training_data_1h_20251122_164502_922', 'hmm_alpha_training_data_1h_20251122_171931_773'] INFO
2026-01-01 11:45:03,075 - System.tprint - INFO - ℹ️ 🐛 DEBUG: Found 5 versions in HDF5: ['hmm_alpha_regime_stats_1h_20251122_151841_186', 'hmm_alpha_regime_stats_1h_20251122_164502_963', 'hmm_alpha_regime_stats_1h_20251122_171931_857', 'hmm_alpha_training_data_1h_20251122_164502_922', 'hmm_alpha_training_data_1h_20251122_171931_773'] INFO
[2026-01-01 11:45:03.075] 🐛 DEBUG: _load_metadata() checking versioned_artifacts/ETHUSDT_binance_1h_long_analyst/metadata.json INFO
2026-01-01 11:45:03,076 - System.tprint - INFO - ℹ️ 🐛 DEBUG: _load_metadata() checking versioned_artifacts/ETHUSDT_binance_1h_long_analyst/metadata.json INFO
[2026-01-01 11:45:03.076] 🐛 DEBUG: Metadata file exists, size: 139 bytes INFO
2026-01-01 11:45:03,076 - System.tprint - INFO - ℹ️ 🐛 DEBUG: Metadata file exists, size: 139 bytes INFO
[2026-01-01 11:45:03.076] 🐛 DEBUG: Successfully loaded metadata with 0 versions INFO
2026-01-01 11:45:03,077 - System.tprint - INFO - ℹ️ 🐛 DEBUG: Successfully loaded metadata with 0 versions INFO
[2026-01-01 11:45:03.076] 🐛 DEBUG: list_versions() called INFO
2026-01-01 11:45:03,077 - System.tprint - INFO - ℹ️ 🐛 DEBUG: list_versions() called INFO
[2026-01-01 11:45:03.076] 🐛 DEBUG: Metadata file exists: True INFO
2026-01-01 11:45:03,077 - System.tprint - INFO - ℹ️ 🐛 DEBUG: Metadata file exists: True INFO
[2026-01-01 11:45:03.076] 🐛 DEBUG: HDF5 file exists: True INFO
2026-01-01 11:45:03,077 - System.tprint - INFO - ℹ️ 🐛 DEBUG: HDF5 file exists: True INFO
[2026-01-01 11:45:03.076] 🐛 DEBUG: Reloading metadata to get latest versions INFO
2026-01-01 11:45:03,077 - System.tprint - INFO - ℹ️ 🐛 DEBUG: Reloading metadata to get latest versions INFO
[2026-01-01 11:45:03.076] 🐛 DEBUG: _load_metadata() checking versioned_artifacts/ETHUSDT_binance_1h_long_analyst/metadata.json INFO
2026-01-01 11:45:03,077 - System.tprint - INFO - ℹ️ 🐛 DEBUG: _load_metadata() checking versioned_artifacts/ETHUSDT_binance_1h_long_analyst/metadata.json INFO
[2026-01-01 11:45:03.076] 🐛 DEBUG: Metadata file exists, size: 139 bytes INFO
2026-01-01 11:45:03,077 - System.tprint - INFO - ℹ️ 🐛 DEBUG: Metadata file exists, size: 139 bytes INFO
[2026-01-01 11:45:03.076] 🐛 DEBUG: Successfully loaded metadata with 0 versions INFO
2026-01-01 11:45:03,077 - System.tprint - INFO - ℹ️ 🐛 DEBUG: Successfully loaded metadata with 0 versions INFO
[2026-01-01 11:45:03.076] 🐛 DEBUG: Found 0 versions in metadata: [] INFO
2026-01-01 11:45:03,077 - System.tprint - INFO - ℹ️ 🐛 DEBUG: Found 0 versions in metadata: [] INFO
[2026-01-01 11:45:03.078] 🐛 DEBUG: Found 0 versions in HDF5: [] INFO
2026-01-01 11:45:03,078 - System.tprint - INFO - ℹ️ 🐛 DEBUG: Found 0 versions in HDF5: [] INFO
[2026-01-01 11:45:03.078] 🐛 DEBUG: _load_metadata() checking versioned_artifacts/ETHUSDT_binance_1h_long_regime_path/metadata.json INFO
2026-01-01 11:45:03,078 - System.tprint - INFO - ℹ️ 🐛 DEBUG: _load_metadata() checking versioned_artifacts/ETHUSDT_binance_1h_long_regime_path/metadata.json INFO
[2026-01-01 11:45:03.078] 🐛 DEBUG: Metadata file exists, size: 200 bytes INFO
2026-01-01 11:45:03,078 - System.tprint - INFO - ℹ️ 🐛 DEBUG: Metadata file exists, size: 200 bytes INFO
[2026-01-01 11:45:03.078] 🐛 DEBUG: Successfully loaded metadata with 0 versions INFO
2026-01-01 11:45:03,079 - System.tprint - INFO - ℹ️ 🐛 DEBUG: Successfully loaded metadata with 0 versions INFO
[2026-01-01 11:45:03.078] 🐛 DEBUG: list_versions() called INFO
2026-01-01 11:45:03,079 - System.tprint - INFO - ℹ️ 🐛 DEBUG: list_versions() called INFO
[2026-01-01 11:45:03.079] 🐛 DEBUG: Metadata file exists: True INFO
2026-01-01 11:45:03,079 - System.tprint - INFO - ℹ️ 🐛 DEBUG: Metadata file exists: True INFO
[2026-01-01 11:45:03.079] 🐛 DEBUG: HDF5 file exists: True INFO
2026-01-01 11:45:03,079 - System.tprint - INFO - ℹ️ 🐛 DEBUG: HDF5 file exists: True INFO
[2026-01-01 11:45:03.079] 🐛 DEBUG: Reloading metadata to get latest versions INFO
2026-01-01 11:45:03,079 - System.tprint - INFO - ℹ️ 🐛 DEBUG: Reloading metadata to get latest versions INFO
[2026-01-01 11:45:03.079] 🐛 DEBUG: _load_metadata() checking versioned_artifacts/ETHUSDT_binance_1h_long_regime_path/metadata.json INFO
2026-01-01 11:45:03,079 - System.tprint - INFO - ℹ️ 🐛 DEBUG: _load_metadata() checking versioned_artifacts/ETHUSDT_binance_1h_long_regime_path/metadata.json INFO
[2026-01-01 11:45:03.079] 🐛 DEBUG: Metadata file exists, size: 200 bytes INFO
2026-01-01 11:45:03,079 - System.tprint - INFO - ℹ️ 🐛 DEBUG: Metadata file exists, size: 200 bytes INFO
[2026-01-01 11:45:03.079] 🐛 DEBUG: Successfully loaded metadata with 0 versions INFO
2026-01-01 11:45:03,079 - System.tprint - INFO - ℹ️ 🐛 DEBUG: Successfully loaded metadata with 0 versions INFO
[2026-01-01 11:45:03.079] 🐛 DEBUG: Found 0 versions in metadata: [] INFO
2026-01-01 11:45:03,079 - System.tprint - INFO - ℹ️ 🐛 DEBUG: Found 0 versions in metadata: [] INFO
[2026-01-01 11:45:03.079] 🐛 DEBUG: Found 0 versions in HDF5: [] INFO
2026-01-01 11:45:03,080 - System.tprint - INFO - ℹ️ 🐛 DEBUG: Found 0 versions in HDF5: [] INFO
[2026-01-01 11:45:03.081] 🐛 DEBUG: _load_metadata() checking versioned_artifacts/None_None_None_long_regime/metadata.json INFO
2026-01-01 11:45:03,081 - System.tprint - INFO - ℹ️ 🐛 DEBUG: _load_metadata() checking versioned_artifacts/None_None_None_long_regime/metadata.json INFO
[2026-01-01 11:45:03.081] 🐛 DEBUG: Metadata file exists, size: 139 bytes INFO
2026-01-01 11:45:03,081 - System.tprint - INFO - ℹ️ 🐛 DEBUG: Metadata file exists, size: 139 bytes INFO
[2026-01-01 11:45:03.081] 🐛 DEBUG: Successfully loaded metadata with 0 versions INFO
2026-01-01 11:45:03,081 - System.tprint - INFO - ℹ️ 🐛 DEBUG: Successfully loaded metadata with 0 versions INFO
[2026-01-01 11:45:03.081] 🐛 DEBUG: list_versions() called INFO
2026-01-01 11:45:03,081 - System.tprint - INFO - ℹ️ 🐛 DEBUG: list_versions() called INFO
[2026-01-01 11:45:03.081] 🐛 DEBUG: Metadata file exists: True INFO
2026-01-01 11:45:03,081 - System.tprint - INFO - ℹ️ 🐛 DEBUG: Metadata file exists: True INFO
[2026-01-01 11:45:03.081] 🐛 DEBUG: HDF5 file exists: True INFO
2026-01-01 11:45:03,081 - System.tprint - INFO - ℹ️ 🐛 DEBUG: HDF5 file exists: True INFO
[2026-01-01 11:45:03.081] 🐛 DEBUG: Reloading metadata to get latest versions INFO
2026-01-01 11:45:03,081 - System.tprint - INFO - ℹ️ 🐛 DEBUG: Reloading metadata to get latest versions INFO
[2026-01-01 11:45:03.081] 🐛 DEBUG: _load_metadata() checking versioned_artifacts/None_None_None_long_regime/metadata.json INFO
2026-01-01 11:45:03,081 - System.tprint - INFO - ℹ️ 🐛 DEBUG: _load_metadata() checking versioned_artifacts/None_None_None_long_regime/metadata.json INFO
[2026-01-01 11:45:03.081] 🐛 DEBUG: Metadata file exists, size: 139 bytes INFO
2026-01-01 11:45:03,081 - System.tprint - INFO - ℹ️ 🐛 DEBUG: Metadata file exists, size: 139 bytes INFO
[2026-01-01 11:45:03.081] 🐛 DEBUG: Successfully loaded metadata with 0 versions INFO
2026-01-01 11:45:03,082 - System.tprint - INFO - ℹ️ 🐛 DEBUG: Successfully loaded metadata with 0 versions INFO
[2026-01-01 11:45:03.082] 🐛 DEBUG: Found 0 versions in metadata: [] INFO
2026-01-01 11:45:03,082 - System.tprint - INFO - ℹ️ 🐛 DEBUG: Found 0 versions in metadata: [] INFO
[2026-01-01 11:45:03.082] 🐛 DEBUG: Found 0 versions in HDF5: [] INFO
2026-01-01 11:45:03,082 - System.tprint - INFO - ℹ️ 🐛 DEBUG: Found 0 versions in HDF5: [] INFO
[2026-01-01 11:45:03.082] 🐛 DEBUG: _load_metadata() checking versioned_artifacts/ETHUSDT_binance_1h_long_mean_reversion/metadata.json INFO
2026-01-01 11:45:03,083 - System.tprint - INFO - ℹ️ 🐛 DEBUG: _load_metadata() checking versioned_artifacts/ETHUSDT_binance_1h_long_mean_reversion/metadata.json INFO
[2026-01-01 11:45:03.083] 🐛 DEBUG: Metadata file exists, size: 3914 bytes INFO
2026-01-01 11:45:03,083 - System.tprint - INFO - ℹ️ 🐛 DEBUG: Metadata file exists, size: 3914 bytes INFO
[2026-01-01 11:45:03.083] 🐛 DEBUG: Successfully loaded metadata with 5 versions INFO
2026-01-01 11:45:03,083 - System.tprint - INFO - ℹ️ 🐛 DEBUG: Successfully loaded metadata with 5 versions INFO
[2026-01-01 11:45:03.083] 🐛 DEBUG: list_versions() called INFO
2026-01-01 11:45:03,084 - System.tprint - INFO - ℹ️ 🐛 DEBUG: list_versions() called INFO
[2026-01-01 11:45:03.083] 🐛 DEBUG: Metadata file exists: True INFO
2026-01-01 11:45:03,084 - System.tprint - INFO - ℹ️ 🐛 DEBUG: Metadata file exists: True INFO
[2026-01-01 11:45:03.084] 🐛 DEBUG: HDF5 file exists: True INFO
2026-01-01 11:45:03,084 - System.tprint - INFO - ℹ️ 🐛 DEBUG: HDF5 file exists: True INFO
[2026-01-01 11:45:03.084] 🐛 DEBUG: Reloading metadata to get latest versions INFO
2026-01-01 11:45:03,084 - System.tprint - INFO - ℹ️ 🐛 DEBUG: Reloading metadata to get latest versions INFO
[2026-01-01 11:45:03.084] 🐛 DEBUG: _load_metadata() checking versioned_artifacts/ETHUSDT_binance_1h_long_mean_reversion/metadata.json INFO
2026-01-01 11:45:03,084 - System.tprint - INFO - ℹ️ 🐛 DEBUG: _load_metadata() checking versioned_artifacts/ETHUSDT_binance_1h_long_mean_reversion/metadata.json INFO
[2026-01-01 11:45:03.084] 🐛 DEBUG: Metadata file exists, size: 3914 bytes INFO
2026-01-01 11:45:03,084 - System.tprint - INFO - ℹ️ 🐛 DEBUG: Metadata file exists, size: 3914 bytes INFO
[2026-01-01 11:45:03.084] 🐛 DEBUG: Successfully loaded metadata with 5 versions INFO
2026-01-01 11:45:03,084 - System.tprint - INFO - ℹ️ 🐛 DEBUG: Successfully loaded metadata with 5 versions INFO
[2026-01-01 11:45:03.084] 🐛 DEBUG: Found 5 versions in metadata: ['ml_mean_reversion_training_data_1h_20251124_231116_323', 'ml_mean_reversion_training_data_1h_20251125_001022_753', 'ml_mean_reversion_training_data_1h_20251125_002337_863', 'ml_mean_reversion_training_data_1h_20251125_003116_776', 'ml_mean_reversion_training_data_1h_20251126_003120_916'] INFO
2026-01-01 11:45:03,085 - System.tprint - INFO - ℹ️ 🐛 DEBUG: Found 5 versions in metadata: ['ml_mean_reversion_training_data_1h_20251124_231116_323', 'ml_mean_reversion_training_data_1h_20251125_001022_753', 'ml_mean_reversion_training_data_1h_20251125_002337_863', 'ml_mean_reversion_training_data_1h_20251125_003116_776', 'ml_mean_reversion_training_data_1h_20251126_003120_916'] INFO
[2026-01-01 11:45:03.086] 🐛 DEBUG: Found 5 versions in HDF5: ['ml_mean_reversion_training_data_1h_20251124_231116_323', 'ml_mean_reversion_training_data_1h_20251125_001022_753', 'ml_mean_reversion_training_data_1h_20251125_002337_863', 'ml_mean_reversion_training_data_1h_20251125_003116_776', 'ml_mean_reversion_training_data_1h_20251126_003120_916'] INFO
2026-01-01 11:45:03,086 - System.tprint - INFO - ℹ️ 🐛 DEBUG: Found 5 versions in HDF5: ['ml_mean_reversion_training_data_1h_20251124_231116_323', 'ml_mean_reversion_training_data_1h_20251125_001022_753', 'ml_mean_reversion_training_data_1h_20251125_002337_863', 'ml_mean_reversion_training_data_1h_20251125_003116_776', 'ml_mean_reversion_training_data_1h_20251126_003120_916'] INFO
[2026-01-01 11:45:03.087] 🐛 DEBUG: _load_metadata() checking versioned_artifacts/ETHUSDT_binance_15m_long_mean_reversion/metadata.json INFO
2026-01-01 11:45:03,088 - System.tprint - INFO - ℹ️ 🐛 DEBUG: _load_metadata() checking versioned_artifacts/ETHUSDT_binance_15m_long_mean_reversion/metadata.json INFO
[2026-01-01 11:45:03.087] 🐛 DEBUG: Metadata file exists, size: 1472 bytes INFO
2026-01-01 11:45:03,088 - System.tprint - INFO - ℹ️ 🐛 DEBUG: Metadata file exists, size: 1472 bytes INFO
[2026-01-01 11:45:03.087] 🐛 DEBUG: Successfully loaded metadata with 1 versions INFO
2026-01-01 11:45:03,088 - System.tprint - INFO - ℹ️ 🐛 DEBUG: Successfully loaded metadata with 1 versions INFO
[2026-01-01 11:45:03.087] 🐛 DEBUG: list_versions() called INFO
2026-01-01 11:45:03,088 - System.tprint - INFO - ℹ️ 🐛 DEBUG: list_versions() called INFO
[2026-01-01 11:45:03.087] 🐛 DEBUG: Metadata file exists: True INFO
2026-01-01 11:45:03,088 - System.tprint - INFO - ℹ️ 🐛 DEBUG: Metadata file exists: True INFO
[2026-01-01 11:45:03.089] 🐛 DEBUG: HDF5 file exists: True INFO
2026-01-01 11:45:03,089 - System.tprint - INFO - ℹ️ 🐛 DEBUG: HDF5 file exists: True INFO
[2026-01-01 11:45:03.089] 🐛 DEBUG: Reloading metadata to get latest versions INFO
2026-01-01 11:45:03,089 - System.tprint - INFO - ℹ️ 🐛 DEBUG: Reloading metadata to get latest versions INFO
[2026-01-01 11:45:03.089] 🐛 DEBUG: _load_metadata() checking versioned_artifacts/ETHUSDT_binance_15m_long_mean_reversion/metadata.json INFO
2026-01-01 11:45:03,089 - System.tprint - INFO - ℹ️ 🐛 DEBUG: _load_metadata() checking versioned_artifacts/ETHUSDT_binance_15m_long_mean_reversion/metadata.json INFO
[2026-01-01 11:45:03.089] 🐛 DEBUG: Metadata file exists, size: 1472 bytes INFO
2026-01-01 11:45:03,089 - System.tprint - INFO - ℹ️ 🐛 DEBUG: Metadata file exists, size: 1472 bytes INFO
[2026-01-01 11:45:03.089] 🐛 DEBUG: Successfully loaded metadata with 1 versions INFO
2026-01-01 11:45:03,089 - System.tprint - INFO - ℹ️ 🐛 DEBUG: Successfully loaded metadata with 1 versions INFO
[2026-01-01 11:45:03.089] 🐛 DEBUG: Found 1 versions in metadata: ['ml_mean_reversion_training_data_15m_20251213_170600_968'] INFO
2026-01-01 11:45:03,089 - System.tprint - INFO - ℹ️ 🐛 DEBUG: Found 1 versions in metadata: ['ml_mean_reversion_training_data_15m_20251213_170600_968'] INFO
[2026-01-01 11:45:03.091] 🐛 DEBUG: Found 1 versions in HDF5: ['ml_mean_reversion_training_data_15m_20251213_170600_968'] INFO
2026-01-01 11:45:03,091 - System.tprint - INFO - ℹ️ 🐛 DEBUG: Found 1 versions in HDF5: ['ml_mean_reversion_training_data_15m_20251213_170600_968'] INFO
[2026-01-01 11:45:03.092] 🐛 DEBUG: _load_metadata() checking versioned_artifacts/ETHUSDT_binance_15m_long_full/metadata.json INFO
2026-01-01 11:45:03,092 - System.tprint - INFO - ℹ️ 🐛 DEBUG: _load_metadata() checking versioned_artifacts/ETHUSDT_binance_15m_long_full/metadata.json INFO
[2026-01-01 11:45:03.092] 🐛 DEBUG: Metadata file exists, size: 139 bytes INFO
2026-01-01 11:45:03,092 - System.tprint - INFO - ℹ️ 🐛 DEBUG: Metadata file exists, size: 139 bytes INFO
[2026-01-01 11:45:03.092] 🐛 DEBUG: Successfully loaded metadata with 0 versions INFO
2026-01-01 11:45:03,092 - System.tprint - INFO - ℹ️ 🐛 DEBUG: Successfully loaded metadata with 0 versions INFO
[2026-01-01 11:45:03.092] 🐛 DEBUG: list_versions() called INFO
2026-01-01 11:45:03,093 - System.tprint - INFO - ℹ️ 🐛 DEBUG: list_versions() called INFO
[2026-01-01 11:45:03.092] 🐛 DEBUG: Metadata file exists: True INFO
2026-01-01 11:45:03,093 - System.tprint - INFO - ℹ️ 🐛 DEBUG: Metadata file exists: True INFO
[2026-01-01 11:45:03.092] 🐛 DEBUG: HDF5 file exists: True INFO
2026-01-01 11:45:03,093 - System.tprint - INFO - ℹ️ 🐛 DEBUG: HDF5 file exists: True INFO
[2026-01-01 11:45:03.092] 🐛 DEBUG: Reloading metadata to get latest versions INFO
2026-01-01 11:45:03,093 - System.tprint - INFO - ℹ️ 🐛 DEBUG: Reloading metadata to get latest versions INFO
[2026-01-01 11:45:03.092] 🐛 DEBUG: _load_metadata() checking versioned_artifacts/ETHUSDT_binance_15m_long_full/metadata.json INFO
2026-01-01 11:45:03,093 - System.tprint - INFO - ℹ️ 🐛 DEBUG: _load_metadata() checking versioned_artifacts/ETHUSDT_binance_15m_long_full/metadata.json INFO
[2026-01-01 11:45:03.092] 🐛 DEBUG: Metadata file exists, size: 139 bytes INFO
2026-01-01 11:45:03,093 - System.tprint - INFO - ℹ️ 🐛 DEBUG: Metadata file exists, size: 139 bytes INFO
[2026-01-01 11:45:03.092] 🐛 DEBUG: Successfully loaded metadata with 0 versions INFO
2026-01-01 11:45:03,093 - System.tprint - INFO - ℹ️ 🐛 DEBUG: Successfully loaded metadata with 0 versions INFO
[2026-01-01 11:45:03.093] 🐛 DEBUG: Found 0 versions in metadata: [] INFO
2026-01-01 11:45:03,093 - System.tprint - INFO - ℹ️ 🐛 DEBUG: Found 0 versions in metadata: [] INFO
[2026-01-01 11:45:03.093] 🐛 DEBUG: Found 0 versions in HDF5: [] INFO
2026-01-01 11:45:03,094 - System.tprint - INFO - ℹ️ 🐛 DEBUG: Found 0 versions in HDF5: [] INFO
[2026-01-01 11:45:03.094] 🐛 DEBUG: _load_metadata() checking versioned_artifacts/ETHUSDT_binance_15m_long_ml_smc_regime/metadata.json INFO
2026-01-01 11:45:03,094 - System.tprint - INFO - ℹ️ 🐛 DEBUG: _load_metadata() checking versioned_artifacts/ETHUSDT_binance_15m_long_ml_smc_regime/metadata.json INFO
[2026-01-01 11:45:03.094] 🐛 DEBUG: Metadata file does not exist, returning default metadata INFO
2026-01-01 11:45:03,094 - System.tprint - INFO - ℹ️ 🐛 DEBUG: Metadata file does not exist, returning default metadata INFO
[2026-01-01 11:45:03.094] 🐛 DEBUG: list_versions() called INFO
2026-01-01 11:45:03,094 - System.tprint - INFO - ℹ️ 🐛 DEBUG: list_versions() called INFO
[2026-01-01 11:45:03.094] 🐛 DEBUG: Metadata file exists: False INFO
2026-01-01 11:45:03,094 - System.tprint - INFO - ℹ️ 🐛 DEBUG: Metadata file exists: False INFO
[2026-01-01 11:45:03.094] 🐛 DEBUG: HDF5 file exists: True INFO
2026-01-01 11:45:03,094 - System.tprint - INFO - ℹ️ 🐛 DEBUG: HDF5 file exists: True INFO
[2026-01-01 11:45:03.094] 🐛 DEBUG: Reloading metadata to get latest versions INFO
2026-01-01 11:45:03,095 - System.tprint - INFO - ℹ️ 🐛 DEBUG: Reloading metadata to get latest versions INFO
[2026-01-01 11:45:03.094] 🐛 DEBUG: _load_metadata() checking versioned_artifacts/ETHUSDT_binance_15m_long_ml_smc_regime/metadata.json INFO
2026-01-01 11:45:03,095 - System.tprint - INFO - ℹ️ 🐛 DEBUG: _load_metadata() checking versioned_artifacts/ETHUSDT_binance_15m_long_ml_smc_regime/metadata.json INFO
[2026-01-01 11:45:03.094] 🐛 DEBUG: Metadata file does not exist, returning default metadata INFO
2026-01-01 11:45:03,095 - System.tprint - INFO - ℹ️ 🐛 DEBUG: Metadata file does not exist, returning default metadata INFO
[2026-01-01 11:45:03.094] 🐛 DEBUG: Found 0 versions in metadata: [] INFO
2026-01-01 11:45:03,095 - System.tprint - INFO - ℹ️ 🐛 DEBUG: Found 0 versions in metadata: [] INFO
[2026-01-01 11:45:03.096] 🐛 DEBUG: Found 0 versions in HDF5: [] INFO
2026-01-01 11:45:03,096 - System.tprint - INFO - ℹ️ 🐛 DEBUG: Found 0 versions in HDF5: [] INFO
[2026-01-01 11:45:03.096] 🐛 DEBUG: _load_metadata() checking versioned_artifacts/ETHUSDT_binance_15m_long_regime_meso_trend/metadata.json INFO
2026-01-01 11:45:03,097 - System.tprint - INFO - ℹ️ 🐛 DEBUG: _load_metadata() checking versioned_artifacts/ETHUSDT_binance_15m_long_regime_meso_trend/metadata.json INFO
[2026-01-01 11:45:03.096] 🐛 DEBUG: Metadata file exists, size: 139 bytes INFO
2026-01-01 11:45:03,097 - System.tprint - INFO - ℹ️ 🐛 DEBUG: Metadata file exists, size: 139 bytes INFO
[2026-01-01 11:45:03.097] 🐛 DEBUG: Successfully loaded metadata with 0 versions INFO
2026-01-01 11:45:03,097 - System.tprint - INFO - ℹ️ 🐛 DEBUG: Successfully loaded metadata with 0 versions INFO
[2026-01-01 11:45:03.097] 🐛 DEBUG: list_versions() called INFO
2026-01-01 11:45:03,097 - System.tprint - INFO - ℹ️ 🐛 DEBUG: list_versions() called INFO
[2026-01-01 11:45:03.097] 🐛 DEBUG: Metadata file exists: True INFO
2026-01-01 11:45:03,097 - System.tprint - INFO - ℹ️ 🐛 DEBUG: Metadata file exists: True INFO
[2026-01-01 11:45:03.097] 🐛 DEBUG: HDF5 file exists: True INFO
2026-01-01 11:45:03,097 - System.tprint - INFO - ℹ️ 🐛 DEBUG: HDF5 file exists: True INFO
[2026-01-01 11:45:03.097] 🐛 DEBUG: Reloading metadata to get latest versions INFO
2026-01-01 11:45:03,097 - System.tprint - INFO - ℹ️ 🐛 DEBUG: Reloading metadata to get latest versions INFO
[2026-01-01 11:45:03.097] 🐛 DEBUG: _load_metadata() checking versioned_artifacts/ETHUSDT_binance_15m_long_regime_meso_trend/metadata.json INFO
2026-01-01 11:45:03,097 - System.tprint - INFO - ℹ️ 🐛 DEBUG: _load_metadata() checking versioned_artifacts/ETHUSDT_binance_15m_long_regime_meso_trend/metadata.json INFO
[2026-01-01 11:45:03.097] 🐛 DEBUG: Metadata file exists, size: 139 bytes INFO
2026-01-01 11:45:03,097 - System.tprint - INFO - ℹ️ 🐛 DEBUG: Metadata file exists, size: 139 bytes INFO
[2026-01-01 11:45:03.097] 🐛 DEBUG: Successfully loaded metadata with 0 versions INFO
2026-01-01 11:45:03,098 - System.tprint - INFO - ℹ️ 🐛 DEBUG: Successfully loaded metadata with 0 versions INFO
[2026-01-01 11:45:03.097] 🐛 DEBUG: Found 0 versions in metadata: [] INFO
2026-01-01 11:45:03,098 - System.tprint - INFO - ℹ️ 🐛 DEBUG: Found 0 versions in metadata: [] INFO
[2026-01-01 11:45:03.098] 🐛 DEBUG: Found 0 versions in HDF5: [] INFO
2026-01-01 11:45:03,098 - System.tprint - INFO - ℹ️ 🐛 DEBUG: Found 0 versions in HDF5: [] INFO
[2026-01-01 11:45:03.099] 🐛 DEBUG: _load_metadata() checking versioned_artifacts/ETHUSDT_binance_15m_long_regime/metadata.json INFO
2026-01-01 11:45:03,100 - System.tprint - INFO - ℹ️ 🐛 DEBUG: _load_metadata() checking versioned_artifacts/ETHUSDT_binance_15m_long_regime/metadata.json INFO
[2026-01-01 11:45:03.099] 🐛 DEBUG: Metadata file exists, size: 200 bytes INFO
2026-01-01 11:45:03,100 - System.tprint - INFO - ℹ️ 🐛 DEBUG: Metadata file exists, size: 200 bytes INFO
[2026-01-01 11:45:03.099] 🐛 DEBUG: Successfully loaded metadata with 0 versions INFO
2026-01-01 11:45:03,100 - System.tprint - INFO - ℹ️ 🐛 DEBUG: Successfully loaded metadata with 0 versions INFO
[2026-01-01 11:45:03.099] 🐛 DEBUG: list_versions() called INFO
2026-01-01 11:45:03,100 - System.tprint - INFO - ℹ️ 🐛 DEBUG: list_versions() called INFO
[2026-01-01 11:45:03.099] 🐛 DEBUG: Metadata file exists: True INFO
2026-01-01 11:45:03,100 - System.tprint - INFO - ℹ️ 🐛 DEBUG: Metadata file exists: True INFO
[2026-01-01 11:45:03.099] 🐛 DEBUG: HDF5 file exists: True INFO
2026-01-01 11:45:03,100 - System.tprint - INFO - ℹ️ 🐛 DEBUG: HDF5 file exists: True INFO
[2026-01-01 11:45:03.099] 🐛 DEBUG: Reloading metadata to get latest versions INFO
2026-01-01 11:45:03,100 - System.tprint - INFO - ℹ️ 🐛 DEBUG: Reloading metadata to get latest versions INFO
[2026-01-01 11:45:03.099] 🐛 DEBUG: _load_metadata() checking versioned_artifacts/ETHUSDT_binance_15m_long_regime/metadata.json INFO
2026-01-01 11:45:03,100 - System.tprint - INFO - ℹ️ 🐛 DEBUG: _load_metadata() checking versioned_artifacts/ETHUSDT_binance_15m_long_regime/metadata.json INFO
[2026-01-01 11:45:03.099] 🐛 DEBUG: Metadata file exists, size: 200 bytes INFO
2026-01-01 11:45:03,100 - System.tprint - INFO - ℹ️ 🐛 DEBUG: Metadata file exists, size: 200 bytes INFO
[2026-01-01 11:45:03.099] 🐛 DEBUG: Successfully loaded metadata with 0 versions INFO
2026-01-01 11:45:03,100 - System.tprint - INFO - ℹ️ 🐛 DEBUG: Successfully loaded metadata with 0 versions INFO
[2026-01-01 11:45:03.101] 🐛 DEBUG: Found 0 versions in metadata: [] INFO
2026-01-01 11:45:03,101 - System.tprint - INFO - ℹ️ 🐛 DEBUG: Found 0 versions in metadata: [] INFO
[2026-01-01 11:45:03.101] 🐛 DEBUG: Found 0 versions in HDF5: [] INFO
2026-01-01 11:45:03,101 - System.tprint - INFO - ℹ️ 🐛 DEBUG: Found 0 versions in HDF5: [] INFO
[2026-01-01 11:45:03.102] 🐛 DEBUG: _load_metadata() checking versioned_artifacts/ETHUSDT_binance_1h_long_smc_regime/metadata.json INFO
2026-01-01 11:45:03,103 - System.tprint - INFO - ℹ️ 🐛 DEBUG: _load_metadata() checking versioned_artifacts/ETHUSDT_binance_1h_long_smc_regime/metadata.json INFO
[2026-01-01 11:45:03.102] 🐛 DEBUG: Metadata file exists, size: 3536 bytes INFO
2026-01-01 11:45:03,103 - System.tprint - INFO - ℹ️ 🐛 DEBUG: Metadata file exists, size: 3536 bytes INFO
[2026-01-01 11:45:03.102] 🐛 DEBUG: Successfully loaded metadata with 5 versions INFO
2026-01-01 11:45:03,103 - System.tprint - INFO - ℹ️ 🐛 DEBUG: Successfully loaded metadata with 5 versions INFO
[2026-01-01 11:45:03.102] 🐛 DEBUG: list_versions() called INFO
2026-01-01 11:45:03,103 - System.tprint - INFO - ℹ️ 🐛 DEBUG: list_versions() called INFO
[2026-01-01 11:45:03.102] 🐛 DEBUG: Metadata file exists: True INFO
2026-01-01 11:45:03,103 - System.tprint - INFO - ℹ️ 🐛 DEBUG: Metadata file exists: True INFO
[2026-01-01 11:45:03.102] 🐛 DEBUG: HDF5 file exists: True INFO
2026-01-01 11:45:03,103 - System.tprint - INFO - ℹ️ 🐛 DEBUG: HDF5 file exists: True INFO
[2026-01-01 11:45:03.103] 🐛 DEBUG: Reloading metadata to get latest versions INFO
2026-01-01 11:45:03,104 - System.tprint - INFO - ℹ️ 🐛 DEBUG: Reloading metadata to get latest versions INFO
[2026-01-01 11:45:03.103] 🐛 DEBUG: _load_metadata() checking versioned_artifacts/ETHUSDT_binance_1h_long_smc_regime/metadata.json INFO
2026-01-01 11:45:03,104 - System.tprint - INFO - ℹ️ 🐛 DEBUG: _load_metadata() checking versioned_artifacts/ETHUSDT_binance_1h_long_smc_regime/metadata.json INFO
[2026-01-01 11:45:03.103] 🐛 DEBUG: Metadata file exists, size: 3536 bytes INFO
2026-01-01 11:45:03,104 - System.tprint - INFO - ℹ️ 🐛 DEBUG: Metadata file exists, size: 3536 bytes INFO
[2026-01-01 11:45:03.103] 🐛 DEBUG: Successfully loaded metadata with 5 versions INFO
2026-01-01 11:45:03,104 - System.tprint - INFO - ℹ️ 🐛 DEBUG: Successfully loaded metadata with 5 versions INFO
[2026-01-01 11:45:03.103] 🐛 DEBUG: Found 5 versions in metadata: ['smc_predictions_with_confidence_20251124_233038_087', 'smc_predictions_with_confidence_20251125_001011_321', 'smc_predictions_with_confidence_20251125_001842_252', 'smc_predictions_with_confidence_20251126_003009_061', 'smc_predictions_with_confidence_20251126_003415_856'] INFO
2026-01-01 11:45:03,104 - System.tprint - INFO - ℹ️ 🐛 DEBUG: Found 5 versions in metadata: ['smc_predictions_with_confidence_20251124_233038_087', 'smc_predictions_with_confidence_20251125_001011_321', 'smc_predictions_with_confidence_20251125_001842_252', 'smc_predictions_with_confidence_20251126_003009_061', 'smc_predictions_with_confidence_20251126_003415_856'] INFO
[2026-01-01 11:45:03.105] 🐛 DEBUG: Found 5 versions in HDF5: ['smc_predictions_with_confidence_20251124_233038_087', 'smc_predictions_with_confidence_20251125_001011_321', 'smc_predictions_with_confidence_20251125_001842_252', 'smc_predictions_with_confidence_20251126_003009_061', 'smc_predictions_with_confidence_20251126_003415_856'] INFO
2026-01-01 11:45:03,105 - System.tprint - INFO - ℹ️ 🐛 DEBUG: Found 5 versions in HDF5: ['smc_predictions_with_confidence_20251124_233038_087', 'smc_predictions_with_confidence_20251125_001011_321', 'smc_predictions_with_confidence_20251125_001842_252', 'smc_predictions_with_confidence_20251126_003009_061', 'smc_predictions_with_confidence_20251126_003415_856'] INFO
[2026-01-01 11:45:03.105] 🐛 DEBUG: _load_metadata() checking versioned_artifacts/ETHUSDT_binance_15m_long_regime_path/metadata.json INFO
2026-01-01 11:45:03,106 - System.tprint - INFO - ℹ️ 🐛 DEBUG: _load_metadata() checking versioned_artifacts/ETHUSDT_binance_15m_long_regime_path/metadata.json INFO
[2026-01-01 11:45:03.106] 🐛 DEBUG: Metadata file exists, size: 200 bytes INFO
2026-01-01 11:45:03,106 - System.tprint - INFO - ℹ️ 🐛 DEBUG: Metadata file exists, size: 200 bytes INFO
[2026-01-01 11:45:03.106] 🐛 DEBUG: Successfully loaded metadata with 0 versions INFO
2026-01-01 11:45:03,106 - System.tprint - INFO - ℹ️ 🐛 DEBUG: Successfully loaded metadata with 0 versions INFO
[2026-01-01 11:45:03.106] 🐛 DEBUG: list_versions() called INFO
2026-01-01 11:45:03,106 - System.tprint - INFO - ℹ️ 🐛 DEBUG: list_versions() called INFO
[2026-01-01 11:45:03.106] 🐛 DEBUG: Metadata file exists: True INFO
2026-01-01 11:45:03,106 - System.tprint - INFO - ℹ️ 🐛 DEBUG: Metadata file exists: True INFO
[2026-01-01 11:45:03.106] 🐛 DEBUG: HDF5 file exists: True INFO
2026-01-01 11:45:03,106 - System.tprint - INFO - ℹ️ 🐛 DEBUG: HDF5 file exists: True INFO
[2026-01-01 11:45:03.107] 🐛 DEBUG: Reloading metadata to get latest versions INFO
2026-01-01 11:45:03,107 - System.tprint - INFO - ℹ️ 🐛 DEBUG: Reloading metadata to get latest versions INFO
[2026-01-01 11:45:03.107] 🐛 DEBUG: _load_metadata() checking versioned_artifacts/ETHUSDT_binance_15m_long_regime_path/metadata.json INFO
2026-01-01 11:45:03,107 - System.tprint - INFO - ℹ️ 🐛 DEBUG: _load_metadata() checking versioned_artifacts/ETHUSDT_binance_15m_long_regime_path/metadata.json INFO
[2026-01-01 11:45:03.107] 🐛 DEBUG: Metadata file exists, size: 200 bytes INFO
2026-01-01 11:45:03,107 - System.tprint - INFO - ℹ️ 🐛 DEBUG: Metadata file exists, size: 200 bytes INFO
[2026-01-01 11:45:03.107] 🐛 DEBUG: Successfully loaded metadata with 0 versions INFO
2026-01-01 11:45:03,107 - System.tprint - INFO - ℹ️ 🐛 DEBUG: Successfully loaded metadata with 0 versions INFO
[2026-01-01 11:45:03.107] 🐛 DEBUG: Found 0 versions in metadata: [] INFO
2026-01-01 11:45:03,107 - System.tprint - INFO - ℹ️ 🐛 DEBUG: Found 0 versions in metadata: [] INFO
[2026-01-01 11:45:03.107] 🐛 DEBUG: Found 0 versions in HDF5: [] INFO
2026-01-01 11:45:03,108 - System.tprint - INFO - ℹ️ 🐛 DEBUG: Found 0 versions in HDF5: [] INFO
[2026-01-01 11:45:03.108] 🐛 DEBUG: _load_metadata() checking versioned_artifacts/ETHUSDT_binance_1h_long_light/metadata.json INFO
2026-01-01 11:45:03,108 - System.tprint - INFO - ℹ️ 🐛 DEBUG: _load_metadata() checking versioned_artifacts/ETHUSDT_binance_1h_long_light/metadata.json INFO
[2026-01-01 11:45:03.108] 🐛 DEBUG: Metadata file exists, size: 139 bytes INFO
2026-01-01 11:45:03,108 - System.tprint - INFO - ℹ️ 🐛 DEBUG: Metadata file exists, size: 139 bytes INFO
[2026-01-01 11:45:03.108] 🐛 DEBUG: Successfully loaded metadata with 0 versions INFO
2026-01-01 11:45:03,109 - System.tprint - INFO - ℹ️ 🐛 DEBUG: Successfully loaded metadata with 0 versions INFO
[2026-01-01 11:45:03.108] 🐛 DEBUG: list_versions() called INFO
2026-01-01 11:45:03,109 - System.tprint - INFO - ℹ️ 🐛 DEBUG: list_versions() called INFO
[2026-01-01 11:45:03.108] 🐛 DEBUG: Metadata file exists: True INFO
2026-01-01 11:45:03,109 - System.tprint - INFO - ℹ️ 🐛 DEBUG: Metadata file exists: True INFO
[2026-01-01 11:45:03.108] 🐛 DEBUG: HDF5 file exists: True INFO
2026-01-01 11:45:03,109 - System.tprint - INFO - ℹ️ 🐛 DEBUG: HDF5 file exists: True INFO
[2026-01-01 11:45:03.108] 🐛 DEBUG: Reloading metadata to get latest versions INFO
2026-01-01 11:45:03,109 - System.tprint - INFO - ℹ️ 🐛 DEBUG: Reloading metadata to get latest versions INFO
[2026-01-01 11:45:03.108] 🐛 DEBUG: _load_metadata() checking versioned_artifacts/ETHUSDT_binance_1h_long_light/metadata.json INFO
2026-01-01 11:45:03,109 - System.tprint - INFO - ℹ️ 🐛 DEBUG: _load_metadata() checking versioned_artifacts/ETHUSDT_binance_1h_long_light/metadata.json INFO
[2026-01-01 11:45:03.108] 🐛 DEBUG: Metadata file exists, size: 139 bytes INFO
2026-01-01 11:45:03,109 - System.tprint - INFO - ℹ️ 🐛 DEBUG: Metadata file exists, size: 139 bytes INFO
[2026-01-01 11:45:03.109] 🐛 DEBUG: Successfully loaded metadata with 0 versions INFO
2026-01-01 11:45:03,109 - System.tprint - INFO - ℹ️ 🐛 DEBUG: Successfully loaded metadata with 0 versions INFO
[2026-01-01 11:45:03.109] 🐛 DEBUG: Found 0 versions in metadata: [] INFO
2026-01-01 11:45:03,109 - System.tprint - INFO - ℹ️ 🐛 DEBUG: Found 0 versions in metadata: [] INFO
[2026-01-01 11:45:03.109] 🐛 DEBUG: Found 0 versions in HDF5: [] INFO
2026-01-01 11:45:03,110 - System.tprint - INFO - ℹ️ 🐛 DEBUG: Found 0 versions in HDF5: [] INFO
[2026-01-01 11:45:03.111] 🐛 DEBUG: _load_metadata() checking versioned_artifacts/ETHUSDT_binance_15m_long_light/metadata.json INFO
2026-01-01 11:45:03,111 - System.tprint - INFO - ℹ️ 🐛 DEBUG: _load_metadata() checking versioned_artifacts/ETHUSDT_binance_15m_long_light/metadata.json INFO
[2026-01-01 11:45:03.111] 🐛 DEBUG: Metadata file exists, size: 1538 bytes INFO
2026-01-01 11:45:03,111 - System.tprint - INFO - ℹ️ 🐛 DEBUG: Metadata file exists, size: 1538 bytes INFO
[2026-01-01 11:45:03.111] 🐛 DEBUG: Successfully loaded metadata with 3 versions INFO
2026-01-01 11:45:03,111 - System.tprint - INFO - ℹ️ 🐛 DEBUG: Successfully loaded metadata with 3 versions INFO
[2026-01-01 11:45:03.111] 🐛 DEBUG: list_versions() called INFO
2026-01-01 11:45:03,111 - System.tprint - INFO - ℹ️ 🐛 DEBUG: list_versions() called INFO
[2026-01-01 11:45:03.111] 🐛 DEBUG: Metadata file exists: True INFO
2026-01-01 11:45:03,111 - System.tprint - INFO - ℹ️ 🐛 DEBUG: Metadata file exists: True INFO
[2026-01-01 11:45:03.111] 🐛 DEBUG: HDF5 file exists: True INFO
2026-01-01 11:45:03,111 - System.tprint - INFO - ℹ️ 🐛 DEBUG: HDF5 file exists: True INFO
[2026-01-01 11:45:03.111] 🐛 DEBUG: Reloading metadata to get latest versions INFO
2026-01-01 11:45:03,111 - System.tprint - INFO - ℹ️ 🐛 DEBUG: Reloading metadata to get latest versions INFO
[2026-01-01 11:45:03.111] 🐛 DEBUG: _load_metadata() checking versioned_artifacts/ETHUSDT_binance_15m_long_light/metadata.json INFO
2026-01-01 11:45:03,111 - System.tprint - INFO - ℹ️ 🐛 DEBUG: _load_metadata() checking versioned_artifacts/ETHUSDT_binance_15m_long_light/metadata.json INFO
[2026-01-01 11:45:03.111] 🐛 DEBUG: Metadata file exists, size: 1538 bytes INFO
2026-01-01 11:45:03,112 - System.tprint - INFO - ℹ️ 🐛 DEBUG: Metadata file exists, size: 1538 bytes INFO
[2026-01-01 11:45:03.112] 🐛 DEBUG: Successfully loaded metadata with 3 versions INFO
2026-01-01 11:45:03,112 - System.tprint - INFO - ℹ️ 🐛 DEBUG: Successfully loaded metadata with 3 versions INFO
[2026-01-01 11:45:03.112] 🐛 DEBUG: Found 3 versions in metadata: ['selected_features_60_20251109_191448_625', 'selected_features_50_20251109_191448_653', 'selected_features_40_20251109_191448_677'] INFO
2026-01-01 11:45:03,112 - System.tprint - INFO - ℹ️ 🐛 DEBUG: Found 3 versions in metadata: ['selected_features_60_20251109_191448_625', 'selected_features_50_20251109_191448_653', 'selected_features_40_20251109_191448_677'] INFO
[2026-01-01 11:45:03.112] 🐛 DEBUG: Found 3 versions in HDF5: ['selected_features_40_20251109_191448_677', 'selected_features_50_20251109_191448_653', 'selected_features_60_20251109_191448_625'] INFO
2026-01-01 11:45:03,113 - System.tprint - INFO - ℹ️ 🐛 DEBUG: Found 3 versions in HDF5: ['selected_features_40_20251109_191448_677', 'selected_features_50_20251109_191448_653', 'selected_features_60_20251109_191448_625'] INFO
[2026-01-01 11:45:03.114] 🐛 DEBUG: _load_metadata() checking versioned_artifacts/ETHUSDT_binance_15m_long_regime_macro_trend/metadata.json INFO
2026-01-01 11:45:03,114 - System.tprint - INFO - ℹ️ 🐛 DEBUG: _load_metadata() checking versioned_artifacts/ETHUSDT_binance_15m_long_regime_macro_trend/metadata.json INFO
[2026-01-01 11:45:03.114] 🐛 DEBUG: Metadata file exists, size: 5567 bytes INFO
2026-01-01 11:45:03,114 - System.tprint - INFO - ℹ️ 🐛 DEBUG: Metadata file exists, size: 5567 bytes INFO
[2026-01-01 11:45:03.114] 🐛 DEBUG: Successfully loaded metadata with 2 versions INFO
2026-01-01 11:45:03,114 - System.tprint - INFO - ℹ️ 🐛 DEBUG: Successfully loaded metadata with 2 versions INFO
[2026-01-01 11:45:03.114] 🐛 DEBUG: list_versions() called INFO
2026-01-01 11:45:03,115 - System.tprint - INFO - ℹ️ 🐛 DEBUG: list_versions() called INFO
[2026-01-01 11:45:03.114] 🐛 DEBUG: Metadata file exists: True INFO
2026-01-01 11:45:03,115 - System.tprint - INFO - ℹ️ 🐛 DEBUG: Metadata file exists: True INFO
[2026-01-01 11:45:03.115] 🐛 DEBUG: HDF5 file exists: True INFO
2026-01-01 11:45:03,115 - System.tprint - INFO - ℹ️ 🐛 DEBUG: HDF5 file exists: True INFO
[2026-01-01 11:45:03.115] 🐛 DEBUG: Reloading metadata to get latest versions INFO
2026-01-01 11:45:03,115 - System.tprint - INFO - ℹ️ 🐛 DEBUG: Reloading metadata to get latest versions INFO
[2026-01-01 11:45:03.115] 🐛 DEBUG: _load_metadata() checking versioned_artifacts/ETHUSDT_binance_15m_long_regime_macro_trend/metadata.json INFO
2026-01-01 11:45:03,115 - System.tprint - INFO - ℹ️ 🐛 DEBUG: _load_metadata() checking versioned_artifacts/ETHUSDT_binance_15m_long_regime_macro_trend/metadata.json INFO
[2026-01-01 11:45:03.115] 🐛 DEBUG: Metadata file exists, size: 5567 bytes INFO
2026-01-01 11:45:03,115 - System.tprint - INFO - ℹ️ 🐛 DEBUG: Metadata file exists, size: 5567 bytes INFO
[2026-01-01 11:45:03.115] 🐛 DEBUG: Successfully loaded metadata with 2 versions INFO
2026-01-01 11:45:03,115 - System.tprint - INFO - ℹ️ 🐛 DEBUG: Successfully loaded metadata with 2 versions INFO
[2026-01-01 11:45:03.115] 🐛 DEBUG: Found 2 versions in metadata: ['hmm_macro_trend_training_data_15m_20251213_170722_611', 'hmm_macro_trend_regime_stats_15m_20251213_170725_853'] INFO
2026-01-01 11:45:03,115 - System.tprint - INFO - ℹ️ 🐛 DEBUG: Found 2 versions in metadata: ['hmm_macro_trend_training_data_15m_20251213_170722_611', 'hmm_macro_trend_regime_stats_15m_20251213_170725_853'] INFO
[2026-01-01 11:45:03.120] 🐛 DEBUG: Found 2 versions in HDF5: ['hmm_macro_trend_regime_stats_15m_20251213_170725_853', 'hmm_macro_trend_training_data_15m_20251213_170722_611'] INFO
2026-01-01 11:45:03,120 - System.tprint - INFO - ℹ️ 🐛 DEBUG: Found 2 versions in HDF5: ['hmm_macro_trend_regime_stats_15m_20251213_170725_853', 'hmm_macro_trend_training_data_15m_20251213_170722_611'] INFO
[2026-01-01 11:45:03.120] 🐛 DEBUG: _load_metadata() checking versioned_artifacts/ETHUSDT_binance_1h_long_full/metadata.json INFO
2026-01-01 11:45:03,121 - System.tprint - INFO - ℹ️ 🐛 DEBUG: _load_metadata() checking versioned_artifacts/ETHUSDT_binance_1h_long_full/metadata.json INFO
[2026-01-01 11:45:03.120] 🐛 DEBUG: Metadata file exists, size: 139 bytes INFO
2026-01-01 11:45:03,121 - System.tprint - INFO - ℹ️ 🐛 DEBUG: Metadata file exists, size: 139 bytes INFO
[2026-01-01 11:45:03.121] 🐛 DEBUG: Successfully loaded metadata with 0 versions INFO
2026-01-01 11:45:03,121 - System.tprint - INFO - ℹ️ 🐛 DEBUG: Successfully loaded metadata with 0 versions INFO
[2026-01-01 11:45:03.121] 🐛 DEBUG: list_versions() called INFO
2026-01-01 11:45:03,121 - System.tprint - INFO - ℹ️ 🐛 DEBUG: list_versions() called INFO
[2026-01-01 11:45:03.121] 🐛 DEBUG: Metadata file exists: True INFO
2026-01-01 11:45:03,121 - System.tprint - INFO - ℹ️ 🐛 DEBUG: Metadata file exists: True INFO
[2026-01-01 11:45:03.121] 🐛 DEBUG: HDF5 file exists: True INFO
2026-01-01 11:45:03,121 - System.tprint - INFO - ℹ️ 🐛 DEBUG: HDF5 file exists: True INFO
[2026-01-01 11:45:03.121] 🐛 DEBUG: Reloading metadata to get latest versions INFO
2026-01-01 11:45:03,122 - System.tprint - INFO - ℹ️ 🐛 DEBUG: Reloading metadata to get latest versions INFO
[2026-01-01 11:45:03.121] 🐛 DEBUG: _load_metadata() checking versioned_artifacts/ETHUSDT_binance_1h_long_full/metadata.json INFO
2026-01-01 11:45:03,122 - System.tprint - INFO - ℹ️ 🐛 DEBUG: _load_metadata() checking versioned_artifacts/ETHUSDT_binance_1h_long_full/metadata.json INFO
[2026-01-01 11:45:03.121] 🐛 DEBUG: Metadata file exists, size: 139 bytes INFO
2026-01-01 11:45:03,122 - System.tprint - INFO - ℹ️ 🐛 DEBUG: Metadata file exists, size: 139 bytes INFO
[2026-01-01 11:45:03.121] 🐛 DEBUG: Successfully loaded metadata with 0 versions INFO
2026-01-01 11:45:03,122 - System.tprint - INFO - ℹ️ 🐛 DEBUG: Successfully loaded metadata with 0 versions INFO
[2026-01-01 11:45:03.121] 🐛 DEBUG: Found 0 versions in metadata: [] INFO
2026-01-01 11:45:03,122 - System.tprint - INFO - ℹ️ 🐛 DEBUG: Found 0 versions in metadata: [] INFO
[2026-01-01 11:45:03.122] 🐛 DEBUG: Found 0 versions in HDF5: [] INFO
2026-01-01 11:45:03,122 - System.tprint - INFO - ℹ️ 🐛 DEBUG: Found 0 versions in HDF5: [] INFO
[2026-01-01 11:45:03.122] 🐛 DEBUG: _load_metadata() checking versioned_artifacts/ETHUSDT_binance_15m_short_mean_reversion/metadata.json INFO
2026-01-01 11:45:03,123 - System.tprint - INFO - ℹ️ 🐛 DEBUG: _load_metadata() checking versioned_artifacts/ETHUSDT_binance_15m_short_mean_reversion/metadata.json INFO
[2026-01-01 11:45:03.122] 🐛 DEBUG: Metadata file exists, size: 139 bytes INFO
2026-01-01 11:45:03,123 - System.tprint - INFO - ℹ️ 🐛 DEBUG: Metadata file exists, size: 139 bytes INFO
[2026-01-01 11:45:03.123] 🐛 DEBUG: Successfully loaded metadata with 0 versions INFO
2026-01-01 11:45:03,124 - System.tprint - INFO - ℹ️ 🐛 DEBUG: Successfully loaded metadata with 0 versions INFO
[2026-01-01 11:45:03.123] 🐛 DEBUG: list_versions() called INFO
2026-01-01 11:45:03,124 - System.tprint - INFO - ℹ️ 🐛 DEBUG: list_versions() called INFO
[2026-01-01 11:45:03.123] 🐛 DEBUG: Metadata file exists: True INFO
2026-01-01 11:45:03,124 - System.tprint - INFO - ℹ️ 🐛 DEBUG: Metadata file exists: True INFO
[2026-01-01 11:45:03.123] 🐛 DEBUG: HDF5 file exists: True INFO
2026-01-01 11:45:03,124 - System.tprint - INFO - ℹ️ 🐛 DEBUG: HDF5 file exists: True INFO
[2026-01-01 11:45:03.123] 🐛 DEBUG: Reloading metadata to get latest versions INFO
2026-01-01 11:45:03,124 - System.tprint - INFO - ℹ️ 🐛 DEBUG: Reloading metadata to get latest versions INFO
[2026-01-01 11:45:03.123] 🐛 DEBUG: _load_metadata() checking versioned_artifacts/ETHUSDT_binance_15m_short_mean_reversion/metadata.json INFO
2026-01-01 11:45:03,124 - System.tprint - INFO - ℹ️ 🐛 DEBUG: _load_metadata() checking versioned_artifacts/ETHUSDT_binance_15m_short_mean_reversion/metadata.json INFO
[2026-01-01 11:45:03.123] 🐛 DEBUG: Metadata file exists, size: 139 bytes INFO
2026-01-01 11:45:03,124 - System.tprint - INFO - ℹ️ 🐛 DEBUG: Metadata file exists, size: 139 bytes INFO
[2026-01-01 11:45:03.123] 🐛 DEBUG: Successfully loaded metadata with 0 versions INFO
2026-01-01 11:45:03,124 - System.tprint - INFO - ℹ️ 🐛 DEBUG: Successfully loaded metadata with 0 versions INFO
[2026-01-01 11:45:03.123] 🐛 DEBUG: Found 0 versions in metadata: [] INFO
2026-01-01 11:45:03,124 - System.tprint - INFO - ℹ️ 🐛 DEBUG: Found 0 versions in metadata: [] INFO
[2026-01-01 11:45:03.125] 🐛 DEBUG: Found 0 versions in HDF5: [] INFO
2026-01-01 11:45:03,125 - System.tprint - INFO - ℹ️ 🐛 DEBUG: Found 0 versions in HDF5: [] INFO
[2026-01-01 11:45:03.125] 🐛 DEBUG: _load_metadata() checking versioned_artifacts/ETHUSDT_binance_15m_long_path_regime/metadata.json INFO
2026-01-01 11:45:03,125 - System.tprint - INFO - ℹ️ 🐛 DEBUG: _load_metadata() checking versioned_artifacts/ETHUSDT_binance_15m_long_path_regime/metadata.json INFO
[2026-01-01 11:45:03.125] 🐛 DEBUG: Metadata file does not exist, returning default metadata INFO
2026-01-01 11:45:03,125 - System.tprint - INFO - ℹ️ 🐛 DEBUG: Metadata file does not exist, returning default metadata INFO
[2026-01-01 11:45:03.125] 🐛 DEBUG: list_versions() called INFO
2026-01-01 11:45:03,126 - System.tprint - INFO - ℹ️ 🐛 DEBUG: list_versions() called INFO
[2026-01-01 11:45:03.125] 🐛 DEBUG: Metadata file exists: False INFO
2026-01-01 11:45:03,126 - System.tprint - INFO - ℹ️ 🐛 DEBUG: Metadata file exists: False INFO
[2026-01-01 11:45:03.125] 🐛 DEBUG: HDF5 file exists: True INFO
2026-01-01 11:45:03,126 - System.tprint - INFO - ℹ️ 🐛 DEBUG: HDF5 file exists: True INFO
[2026-01-01 11:45:03.125] 🐛 DEBUG: Reloading metadata to get latest versions INFO
2026-01-01 11:45:03,126 - System.tprint - INFO - ℹ️ 🐛 DEBUG: Reloading metadata to get latest versions INFO
[2026-01-01 11:45:03.126] 🐛 DEBUG: _load_metadata() checking versioned_artifacts/ETHUSDT_binance_15m_long_path_regime/metadata.json INFO
2026-01-01 11:45:03,126 - System.tprint - INFO - ℹ️ 🐛 DEBUG: _load_metadata() checking versioned_artifacts/ETHUSDT_binance_15m_long_path_regime/metadata.json INFO
[2026-01-01 11:45:03.126] 🐛 DEBUG: Metadata file does not exist, returning default metadata INFO
2026-01-01 11:45:03,126 - System.tprint - INFO - ℹ️ 🐛 DEBUG: Metadata file does not exist, returning default metadata INFO
[2026-01-01 11:45:03.126] 🐛 DEBUG: Found 0 versions in metadata: [] INFO
2026-01-01 11:45:03,126 - System.tprint - INFO - ℹ️ 🐛 DEBUG: Found 0 versions in metadata: [] INFO
[2026-01-01 11:45:03.126] 🐛 DEBUG: Found 0 versions in HDF5: [] INFO
2026-01-01 11:45:03,126 - System.tprint - INFO - ℹ️ 🐛 DEBUG: Found 0 versions in HDF5: [] INFO
[2026-01-01 11:45:03.127] 🐛 DEBUG: _load_metadata() checking versioned_artifacts/ETHUSDT_binance_1h_long_regime_risk_hmm/metadata.json INFO
2026-01-01 11:45:03,128 - System.tprint - INFO - ℹ️ 🐛 DEBUG: _load_metadata() checking versioned_artifacts/ETHUSDT_binance_1h_long_regime_risk_hmm/metadata.json INFO
[2026-01-01 11:45:03.127] 🐛 DEBUG: Metadata file exists, size: 139 bytes INFO
2026-01-01 11:45:03,128 - System.tprint - INFO - ℹ️ 🐛 DEBUG: Metadata file exists, size: 139 bytes INFO
[2026-01-01 11:45:03.127] 🐛 DEBUG: Successfully loaded metadata with 0 versions INFO
2026-01-01 11:45:03,128 - System.tprint - INFO - ℹ️ 🐛 DEBUG: Successfully loaded metadata with 0 versions INFO
[2026-01-01 11:45:03.127] 🐛 DEBUG: list_versions() called INFO
2026-01-01 11:45:03,128 - System.tprint - INFO - ℹ️ 🐛 DEBUG: list_versions() called INFO
[2026-01-01 11:45:03.127] 🐛 DEBUG: Metadata file exists: True INFO
2026-01-01 11:45:03,128 - System.tprint - INFO - ℹ️ 🐛 DEBUG: Metadata file exists: True INFO
[2026-01-01 11:45:03.127] 🐛 DEBUG: HDF5 file exists: True INFO
2026-01-01 11:45:03,128 - System.tprint - INFO - ℹ️ 🐛 DEBUG: HDF5 file exists: True INFO
[2026-01-01 11:45:03.127] 🐛 DEBUG: Reloading metadata to get latest versions INFO
2026-01-01 11:45:03,128 - System.tprint - INFO - ℹ️ 🐛 DEBUG: Reloading metadata to get latest versions INFO
[2026-01-01 11:45:03.127] 🐛 DEBUG: _load_metadata() checking versioned_artifacts/ETHUSDT_binance_1h_long_regime_risk_hmm/metadata.json INFO
2026-01-01 11:45:03,128 - System.tprint - INFO - ℹ️ 🐛 DEBUG: _load_metadata() checking versioned_artifacts/ETHUSDT_binance_1h_long_regime_risk_hmm/metadata.json INFO
[2026-01-01 11:45:03.127] 🐛 DEBUG: Metadata file exists, size: 139 bytes INFO
2026-01-01 11:45:03,128 - System.tprint - INFO - ℹ️ 🐛 DEBUG: Metadata file exists, size: 139 bytes INFO
[2026-01-01 11:45:03.127] 🐛 DEBUG: Successfully loaded metadata with 0 versions INFO
2026-01-01 11:45:03,128 - System.tprint - INFO - ℹ️ 🐛 DEBUG: Successfully loaded metadata with 0 versions INFO
[2026-01-01 11:45:03.129] 🐛 DEBUG: Found 0 versions in metadata: [] INFO
2026-01-01 11:45:03,129 - System.tprint - INFO - ℹ️ 🐛 DEBUG: Found 0 versions in metadata: [] INFO
[2026-01-01 11:45:03.129] 🐛 DEBUG: Found 0 versions in HDF5: [] INFO
2026-01-01 11:45:03,129 - System.tprint - INFO - ℹ️ 🐛 DEBUG: Found 0 versions in HDF5: [] INFO
[2026-01-01 11:45:03.130] 🐛 DEBUG: _load_metadata() checking versioned_artifacts/ETHUSDT_binance_1h_long_regime_risk/metadata.json INFO
2026-01-01 11:45:03,130 - System.tprint - INFO - ℹ️ 🐛 DEBUG: _load_metadata() checking versioned_artifacts/ETHUSDT_binance_1h_long_regime_risk/metadata.json INFO
[2026-01-01 11:45:03.130] 🐛 DEBUG: Metadata file exists, size: 139 bytes INFO
2026-01-01 11:45:03,130 - System.tprint - INFO - ℹ️ 🐛 DEBUG: Metadata file exists, size: 139 bytes INFO
[2026-01-01 11:45:03.130] 🐛 DEBUG: Successfully loaded metadata with 0 versions INFO
2026-01-01 11:45:03,130 - System.tprint - INFO - ℹ️ 🐛 DEBUG: Successfully loaded metadata with 0 versions INFO
[2026-01-01 11:45:03.130] 🐛 DEBUG: list_versions() called INFO
2026-01-01 11:45:03,130 - System.tprint - INFO - ℹ️ 🐛 DEBUG: list_versions() called INFO
[2026-01-01 11:45:03.130] 🐛 DEBUG: Metadata file exists: True INFO
2026-01-01 11:45:03,131 - System.tprint - INFO - ℹ️ 🐛 DEBUG: Metadata file exists: True INFO
[2026-01-01 11:45:03.130] 🐛 DEBUG: HDF5 file exists: True INFO
2026-01-01 11:45:03,131 - System.tprint - INFO - ℹ️ 🐛 DEBUG: HDF5 file exists: True INFO
[2026-01-01 11:45:03.130] 🐛 DEBUG: Reloading metadata to get latest versions INFO
2026-01-01 11:45:03,131 - System.tprint - INFO - ℹ️ 🐛 DEBUG: Reloading metadata to get latest versions INFO
[2026-01-01 11:45:03.130] 🐛 DEBUG: _load_metadata() checking versioned_artifacts/ETHUSDT_binance_1h_long_regime_risk/metadata.json INFO
2026-01-01 11:45:03,131 - System.tprint - INFO - ℹ️ 🐛 DEBUG: _load_metadata() checking versioned_artifacts/ETHUSDT_binance_1h_long_regime_risk/metadata.json INFO
[2026-01-01 11:45:03.130] 🐛 DEBUG: Metadata file exists, size: 139 bytes INFO
2026-01-01 11:45:03,131 - System.tprint - INFO - ℹ️ 🐛 DEBUG: Metadata file exists, size: 139 bytes INFO
[2026-01-01 11:45:03.130] 🐛 DEBUG: Successfully loaded metadata with 0 versions INFO
2026-01-01 11:45:03,131 - System.tprint - INFO - ℹ️ 🐛 DEBUG: Successfully loaded metadata with 0 versions INFO
[2026-01-01 11:45:03.131] 🐛 DEBUG: Found 0 versions in metadata: [] INFO
2026-01-01 11:45:03,131 - System.tprint - INFO - ℹ️ 🐛 DEBUG: Found 0 versions in metadata: [] INFO
[2026-01-01 11:45:03.131] 🐛 DEBUG: Found 0 versions in HDF5: [] INFO
2026-01-01 11:45:03,131 - System.tprint - INFO - ℹ️ 🐛 DEBUG: Found 0 versions in HDF5: [] INFO
[2026-01-01 11:45:03.133] 🐛 DEBUG: _load_metadata() checking versioned_artifacts/ETHUSDT_binance_15m_long_momentum_persistence/metadata.json INFO
2026-01-01 11:45:03,133 - System.tprint - INFO - ℹ️ 🐛 DEBUG: _load_metadata() checking versioned_artifacts/ETHUSDT_binance_15m_long_momentum_persistence/metadata.json INFO
[2026-01-01 11:45:03.133] 🐛 DEBUG: Metadata file does not exist, returning default metadata INFO
2026-01-01 11:45:03,133 - System.tprint - INFO - ℹ️ 🐛 DEBUG: Metadata file does not exist, returning default metadata INFO
[2026-01-01 11:45:03.133] 🐛 DEBUG: list_versions() called INFO
2026-01-01 11:45:03,133 - System.tprint - INFO - ℹ️ 🐛 DEBUG: list_versions() called INFO
[2026-01-01 11:45:03.133] 🐛 DEBUG: Metadata file exists: False INFO
2026-01-01 11:45:03,133 - System.tprint - INFO - ℹ️ 🐛 DEBUG: Metadata file exists: False INFO
[2026-01-01 11:45:03.133] 🐛 DEBUG: HDF5 file exists: True INFO
2026-01-01 11:45:03,134 - System.tprint - INFO - ℹ️ 🐛 DEBUG: HDF5 file exists: True INFO
[2026-01-01 11:45:03.134] 🐛 DEBUG: Reloading metadata to get latest versions INFO
2026-01-01 11:45:03,134 - System.tprint - INFO - ℹ️ 🐛 DEBUG: Reloading metadata to get latest versions INFO
[2026-01-01 11:45:03.134] 🐛 DEBUG: _load_metadata() checking versioned_artifacts/ETHUSDT_binance_15m_long_momentum_persistence/metadata.json INFO
2026-01-01 11:45:03,134 - System.tprint - INFO - ℹ️ 🐛 DEBUG: _load_metadata() checking versioned_artifacts/ETHUSDT_binance_15m_long_momentum_persistence/metadata.json INFO
[2026-01-01 11:45:03.134] 🐛 DEBUG: Metadata file does not exist, returning default metadata INFO
2026-01-01 11:45:03,134 - System.tprint - INFO - ℹ️ 🐛 DEBUG: Metadata file does not exist, returning default metadata INFO
[2026-01-01 11:45:03.134] 🐛 DEBUG: Found 0 versions in metadata: [] INFO
2026-01-01 11:45:03,134 - System.tprint - INFO - ℹ️ 🐛 DEBUG: Found 0 versions in metadata: [] INFO
[2026-01-01 11:45:03.136] 🐛 DEBUG: Found 0 versions in HDF5: [] INFO
2026-01-01 11:45:03,136 - System.tprint - INFO - ℹ️ 🐛 DEBUG: Found 0 versions in HDF5: [] INFO
[2026-01-01 11:45:03.137] 🐛 DEBUG: _load_metadata() checking versioned_artifacts/ETHUSDT_binance_1h_long_blank/metadata.json INFO
2026-01-01 11:45:03,137 - System.tprint - INFO - ℹ️ 🐛 DEBUG: _load_metadata() checking versioned_artifacts/ETHUSDT_binance_1h_long_blank/metadata.json INFO
[2026-01-01 11:45:03.137] 🐛 DEBUG: Metadata file exists, size: 139 bytes INFO
2026-01-01 11:45:03,137 - System.tprint - INFO - ℹ️ 🐛 DEBUG: Metadata file exists, size: 139 bytes INFO
[2026-01-01 11:45:03.137] 🐛 DEBUG: Successfully loaded metadata with 0 versions INFO
2026-01-01 11:45:03,138 - System.tprint - INFO - ℹ️ 🐛 DEBUG: Successfully loaded metadata with 0 versions INFO
[2026-01-01 11:45:03.137] 🐛 DEBUG: list_versions() called INFO
2026-01-01 11:45:03,138 - System.tprint - INFO - ℹ️ 🐛 DEBUG: list_versions() called INFO
[2026-01-01 11:45:03.137] 🐛 DEBUG: Metadata file exists: True INFO
2026-01-01 11:45:03,138 - System.tprint - INFO - ℹ️ 🐛 DEBUG: Metadata file exists: True INFO
[2026-01-01 11:45:03.138] 🐛 DEBUG: HDF5 file exists: True INFO
2026-01-01 11:45:03,138 - System.tprint - INFO - ℹ️ 🐛 DEBUG: HDF5 file exists: True INFO
[2026-01-01 11:45:03.138] 🐛 DEBUG: Reloading metadata to get latest versions INFO
2026-01-01 11:45:03,138 - System.tprint - INFO - ℹ️ 🐛 DEBUG: Reloading metadata to get latest versions INFO
[2026-01-01 11:45:03.138] 🐛 DEBUG: _load_metadata() checking versioned_artifacts/ETHUSDT_binance_1h_long_blank/metadata.json INFO
2026-01-01 11:45:03,138 - System.tprint - INFO - ℹ️ 🐛 DEBUG: _load_metadata() checking versioned_artifacts/ETHUSDT_binance_1h_long_blank/metadata.json INFO
[2026-01-01 11:45:03.138] 🐛 DEBUG: Metadata file exists, size: 139 bytes INFO
2026-01-01 11:45:03,139 - System.tprint - INFO - ℹ️ 🐛 DEBUG: Metadata file exists, size: 139 bytes INFO
[2026-01-01 11:45:03.138] 🐛 DEBUG: Successfully loaded metadata with 0 versions INFO
2026-01-01 11:45:03,139 - System.tprint - INFO - ℹ️ 🐛 DEBUG: Successfully loaded metadata with 0 versions INFO
[2026-01-01 11:45:03.138] 🐛 DEBUG: Found 0 versions in metadata: [] INFO
2026-01-01 11:45:03,139 - System.tprint - INFO - ℹ️ 🐛 DEBUG: Found 0 versions in metadata: [] INFO
[2026-01-01 11:45:03.139] 🐛 DEBUG: Found 0 versions in HDF5: [] INFO
2026-01-01 11:45:03,139 - System.tprint - INFO - ℹ️ 🐛 DEBUG: Found 0 versions in HDF5: [] INFO
[2026-01-01 11:45:03.140] 🐛 DEBUG: _load_metadata() checking versioned_artifacts/ETHUSDT_binance_15m_long_regime_mr_trend/metadata.json INFO
2026-01-01 11:45:03,141 - System.tprint - INFO - ℹ️ 🐛 DEBUG: _load_metadata() checking versioned_artifacts/ETHUSDT_binance_15m_long_regime_mr_trend/metadata.json INFO
[2026-01-01 11:45:03.140] 🐛 DEBUG: Metadata file exists, size: 139 bytes INFO
2026-01-01 11:45:03,141 - System.tprint - INFO - ℹ️ 🐛 DEBUG: Metadata file exists, size: 139 bytes INFO
[2026-01-01 11:45:03.140] 🐛 DEBUG: Successfully loaded metadata with 0 versions INFO
2026-01-01 11:45:03,141 - System.tprint - INFO - ℹ️ 🐛 DEBUG: Successfully loaded metadata with 0 versions INFO
[2026-01-01 11:45:03.140] 🐛 DEBUG: list_versions() called INFO
2026-01-01 11:45:03,141 - System.tprint - INFO - ℹ️ 🐛 DEBUG: list_versions() called INFO
[2026-01-01 11:45:03.140] 🐛 DEBUG: Metadata file exists: True INFO
2026-01-01 11:45:03,141 - System.tprint - INFO - ℹ️ 🐛 DEBUG: Metadata file exists: True INFO
[2026-01-01 11:45:03.140] 🐛 DEBUG: HDF5 file exists: True INFO
2026-01-01 11:45:03,141 - System.tprint - INFO - ℹ️ 🐛 DEBUG: HDF5 file exists: True INFO
[2026-01-01 11:45:03.140] 🐛 DEBUG: Reloading metadata to get latest versions INFO
2026-01-01 11:45:03,141 - System.tprint - INFO - ℹ️ 🐛 DEBUG: Reloading metadata to get latest versions INFO
[2026-01-01 11:45:03.140] 🐛 DEBUG: _load_metadata() checking versioned_artifacts/ETHUSDT_binance_15m_long_regime_mr_trend/metadata.json INFO
2026-01-01 11:45:03,141 - System.tprint - INFO - ℹ️ 🐛 DEBUG: _load_metadata() checking versioned_artifacts/ETHUSDT_binance_15m_long_regime_mr_trend/metadata.json INFO
[2026-01-01 11:45:03.140] 🐛 DEBUG: Metadata file exists, size: 139 bytes INFO
2026-01-01 11:45:03,141 - System.tprint - INFO - ℹ️ 🐛 DEBUG: Metadata file exists, size: 139 bytes INFO
[2026-01-01 11:45:03.140] 🐛 DEBUG: Successfully loaded metadata with 0 versions INFO
2026-01-01 11:45:03,141 - System.tprint - INFO - ℹ️ 🐛 DEBUG: Successfully loaded metadata with 0 versions INFO
[2026-01-01 11:45:03.142] 🐛 DEBUG: Found 0 versions in metadata: [] INFO
2026-01-01 11:45:03,142 - System.tprint - INFO - ℹ️ 🐛 DEBUG: Found 0 versions in metadata: [] INFO
[2026-01-01 11:45:03.142] 🐛 DEBUG: Found 0 versions in HDF5: [] INFO
2026-01-01 11:45:03,142 - System.tprint - INFO - ℹ️ 🐛 DEBUG: Found 0 versions in HDF5: [] INFO
[2026-01-01 11:45:03.143] 🐛 DEBUG: _load_metadata() checking versioned_artifacts/ETHUSDT_binance_15m_long_regime_risk_hmm/metadata.json INFO
2026-01-01 11:45:03,143 - System.tprint - INFO - ℹ️ 🐛 DEBUG: _load_metadata() checking versioned_artifacts/ETHUSDT_binance_15m_long_regime_risk_hmm/metadata.json INFO
[2026-01-01 11:45:03.143] 🐛 DEBUG: Metadata file exists, size: 1035 bytes INFO
2026-01-01 11:45:03,143 - System.tprint - INFO - ℹ️ 🐛 DEBUG: Metadata file exists, size: 1035 bytes INFO
[2026-01-01 11:45:03.143] 🐛 DEBUG: Successfully loaded metadata with 1 versions INFO
2026-01-01 11:45:03,143 - System.tprint - INFO - ℹ️ 🐛 DEBUG: Successfully loaded metadata with 1 versions INFO
[2026-01-01 11:45:03.143] 🐛 DEBUG: list_versions() called INFO
2026-01-01 11:45:03,143 - System.tprint - INFO - ℹ️ 🐛 DEBUG: list_versions() called INFO
[2026-01-01 11:45:03.143] 🐛 DEBUG: Metadata file exists: True INFO
2026-01-01 11:45:03,143 - System.tprint - INFO - ℹ️ 🐛 DEBUG: Metadata file exists: True INFO
[2026-01-01 11:45:03.143] 🐛 DEBUG: HDF5 file exists: True INFO
2026-01-01 11:45:03,143 - System.tprint - INFO - ℹ️ 🐛 DEBUG: HDF5 file exists: True INFO
[2026-01-01 11:45:03.143] 🐛 DEBUG: Reloading metadata to get latest versions INFO
2026-01-01 11:45:03,144 - System.tprint - INFO - ℹ️ 🐛 DEBUG: Reloading metadata to get latest versions INFO
[2026-01-01 11:45:03.143] 🐛 DEBUG: _load_metadata() checking versioned_artifacts/ETHUSDT_binance_15m_long_regime_risk_hmm/metadata.json INFO
2026-01-01 11:45:03,144 - System.tprint - INFO - ℹ️ 🐛 DEBUG: _load_metadata() checking versioned_artifacts/ETHUSDT_binance_15m_long_regime_risk_hmm/metadata.json INFO
[2026-01-01 11:45:03.143] 🐛 DEBUG: Metadata file exists, size: 1035 bytes INFO
2026-01-01 11:45:03,144 - System.tprint - INFO - ℹ️ 🐛 DEBUG: Metadata file exists, size: 1035 bytes INFO
[2026-01-01 11:45:03.143] 🐛 DEBUG: Successfully loaded metadata with 1 versions INFO
2026-01-01 11:45:03,144 - System.tprint - INFO - ℹ️ 🐛 DEBUG: Successfully loaded metadata with 1 versions INFO
[2026-01-01 11:45:03.144] 🐛 DEBUG: Found 1 versions in metadata: ['ml_risk_hmm_training_data_15m_20251205_191725_560'] INFO
2026-01-01 11:45:03,144 - System.tprint - INFO - ℹ️ 🐛 DEBUG: Found 1 versions in metadata: ['ml_risk_hmm_training_data_15m_20251205_191725_560'] INFO
[2026-01-01 11:45:03.145] 🐛 DEBUG: Found 1 versions in HDF5: ['ml_risk_hmm_training_data_15m_20251205_191725_560'] INFO
2026-01-01 11:45:03,145 - System.tprint - INFO - ℹ️ 🐛 DEBUG: Found 1 versions in HDF5: ['ml_risk_hmm_training_data_15m_20251205_191725_560'] INFO
[2026-01-01 11:45:03.145] 🐛 DEBUG: _load_metadata() checking versioned_artifacts/ETHUSDT_binance_15m_long_analyst/metadata.json INFO
2026-01-01 11:45:03,146 - System.tprint - INFO - ℹ️ 🐛 DEBUG: _load_metadata() checking versioned_artifacts/ETHUSDT_binance_15m_long_analyst/metadata.json INFO
[2026-01-01 11:45:03.145] 🐛 DEBUG: Metadata file exists, size: 24005 bytes INFO
2026-01-01 11:45:03,146 - System.tprint - INFO - ℹ️ 🐛 DEBUG: Metadata file exists, size: 24005 bytes INFO
[2026-01-01 11:45:03.146] 🐛 DEBUG: Successfully loaded metadata with 8 versions INFO
2026-01-01 11:45:03,146 - System.tprint - INFO - ℹ️ 🐛 DEBUG: Successfully loaded metadata with 8 versions INFO
[2026-01-01 11:45:03.146] 🐛 DEBUG: list_versions() called INFO
2026-01-01 11:45:03,146 - System.tprint - INFO - ℹ️ 🐛 DEBUG: list_versions() called INFO
[2026-01-01 11:45:03.146] 🐛 DEBUG: Metadata file exists: True INFO
2026-01-01 11:45:03,146 - System.tprint - INFO - ℹ️ 🐛 DEBUG: Metadata file exists: True INFO
[2026-01-01 11:45:03.146] 🐛 DEBUG: HDF5 file exists: True INFO
2026-01-01 11:45:03,147 - System.tprint - INFO - ℹ️ 🐛 DEBUG: HDF5 file exists: True INFO
[2026-01-01 11:45:03.146] 🐛 DEBUG: Reloading metadata to get latest versions INFO
2026-01-01 11:45:03,147 - System.tprint - INFO - ℹ️ 🐛 DEBUG: Reloading metadata to get latest versions INFO
[2026-01-01 11:45:03.147] 🐛 DEBUG: _load_metadata() checking versioned_artifacts/ETHUSDT_binance_15m_long_analyst/metadata.json INFO
2026-01-01 11:45:03,147 - System.tprint - INFO - ℹ️ 🐛 DEBUG: _load_metadata() checking versioned_artifacts/ETHUSDT_binance_15m_long_analyst/metadata.json INFO
[2026-01-01 11:45:03.147] 🐛 DEBUG: Metadata file exists, size: 24005 bytes INFO
2026-01-01 11:45:03,147 - System.tprint - INFO - ℹ️ 🐛 DEBUG: Metadata file exists, size: 24005 bytes INFO
[2026-01-01 11:45:03.147] 🐛 DEBUG: Successfully loaded metadata with 8 versions INFO
2026-01-01 11:45:03,148 - System.tprint - INFO - ℹ️ 🐛 DEBUG: Successfully loaded metadata with 8 versions INFO
[2026-01-01 11:45:03.148] 🐛 DEBUG: Found 8 versions in metadata: ['weighted_meta_model_training_matrix_ETHUSDT_binance_15m_long_20251214_184321_623', 'labeled_data_ETHUSDT_binance_15m_long_20251214_220950_753', 'labeled_data_ETHUSDT_binance_15m_long_20251214_224631_542', 'labeled_data_ETHUSDT_binance_15m_long_20251214_233640_586', 'labeled_data_ETHUSDT_binance_15m_long_20251214_235041_562', 'labeled_data_ETHUSDT_15m_20251219_235959_715', 'labeled_data_ETHUSDT_15m_20251220_000301_152', 'labeled_data_ETHUSDT_15m_20251220_000738_204'] INFO
2026-01-01 11:45:03,148 - System.tprint - INFO - ℹ️ 🐛 DEBUG: Found 8 versions in metadata: ['weighted_meta_model_training_matrix_ETHUSDT_binance_15m_long_20251214_184321_623', 'labeled_data_ETHUSDT_binance_15m_long_20251214_220950_753', 'labeled_data_ETHUSDT_binance_15m_long_20251214_224631_542', 'labeled_data_ETHUSDT_binance_15m_long_20251214_233640_586', 'labeled_data_ETHUSDT_binance_15m_long_20251214_235041_562', 'labeled_data_ETHUSDT_15m_20251219_235959_715', 'labeled_data_ETHUSDT_15m_20251220_000301_152', 'labeled_data_ETHUSDT_15m_20251220_000738_204'] INFO
[2026-01-01 11:45:03.150] 🐛 DEBUG: Found 8 versions in HDF5: ['labeled_data_ETHUSDT_15m_20251219_235959_715', 'labeled_data_ETHUSDT_15m_20251220_000301_152', 'labeled_data_ETHUSDT_15m_20251220_000738_204', 'labeled_data_ETHUSDT_binance_15m_long_20251214_220950_753', 'labeled_data_ETHUSDT_binance_15m_long_20251214_224631_542', 'labeled_data_ETHUSDT_binance_15m_long_20251214_233640_586', 'labeled_data_ETHUSDT_binance_15m_long_20251214_235041_562', 'weighted_meta_model_training_matrix_ETHUSDT_binance_15m_long_20251214_184321_623'] INFO
2026-01-01 11:45:03,150 - System.tprint - INFO - ℹ️ 🐛 DEBUG: Found 8 versions in HDF5: ['labeled_data_ETHUSDT_15m_20251219_235959_715', 'labeled_data_ETHUSDT_15m_20251220_000301_152', 'labeled_data_ETHUSDT_15m_20251220_000738_204', 'labeled_data_ETHUSDT_binance_15m_long_20251214_220950_753', 'labeled_data_ETHUSDT_binance_15m_long_20251214_224631_542', 'labeled_data_ETHUSDT_binance_15m_long_20251214_233640_586', 'labeled_data_ETHUSDT_binance_15m_long_20251214_235041_562', 'weighted_meta_model_training_matrix_ETHUSDT_binance_15m_long_20251214_184321_623'] INFO
[2026-01-01 11:45:03.150] 🐛 DEBUG: _load_metadata() checking versioned_artifacts/ETHUSDT_binance_1h_long_regime_macro_trend/metadata.json INFO
2026-01-01 11:45:03,150 - System.tprint - INFO - ℹ️ 🐛 DEBUG: _load_metadata() checking versioned_artifacts/ETHUSDT_binance_1h_long_regime_macro_trend/metadata.json INFO
[2026-01-01 11:45:03.150] 🐛 DEBUG: Metadata file exists, size: 17432 bytes INFO
2026-01-01 11:45:03,150 - System.tprint - INFO - ℹ️ 🐛 DEBUG: Metadata file exists, size: 17432 bytes INFO
[2026-01-01 11:45:03.151] 🐛 DEBUG: Successfully loaded metadata with 5 versions INFO
2026-01-01 11:45:03,151 - System.tprint - INFO - ℹ️ 🐛 DEBUG: Successfully loaded metadata with 5 versions INFO
[2026-01-01 11:45:03.151] 🐛 DEBUG: list_versions() called INFO
2026-01-01 11:45:03,151 - System.tprint - INFO - ℹ️ 🐛 DEBUG: list_versions() called INFO
[2026-01-01 11:45:03.151] 🐛 DEBUG: Metadata file exists: True INFO
2026-01-01 11:45:03,151 - System.tprint - INFO - ℹ️ 🐛 DEBUG: Metadata file exists: True INFO
[2026-01-01 11:45:03.151] 🐛 DEBUG: HDF5 file exists: True INFO
2026-01-01 11:45:03,151 - System.tprint - INFO - ℹ️ 🐛 DEBUG: HDF5 file exists: True INFO
[2026-01-01 11:45:03.151] 🐛 DEBUG: Reloading metadata to get latest versions INFO
2026-01-01 11:45:03,151 - System.tprint - INFO - ℹ️ 🐛 DEBUG: Reloading metadata to get latest versions INFO
[2026-01-01 11:45:03.151] 🐛 DEBUG: _load_metadata() checking versioned_artifacts/ETHUSDT_binance_1h_long_regime_macro_trend/metadata.json INFO
2026-01-01 11:45:03,151 - System.tprint - INFO - ℹ️ 🐛 DEBUG: _load_metadata() checking versioned_artifacts/ETHUSDT_binance_1h_long_regime_macro_trend/metadata.json INFO
[2026-01-01 11:45:03.151] 🐛 DEBUG: Metadata file exists, size: 17432 bytes INFO
2026-01-01 11:45:03,151 - System.tprint - INFO - ℹ️ 🐛 DEBUG: Metadata file exists, size: 17432 bytes INFO
[2026-01-01 11:45:03.151] 🐛 DEBUG: Successfully loaded metadata with 5 versions INFO
2026-01-01 11:45:03,152 - System.tprint - INFO - ℹ️ 🐛 DEBUG: Successfully loaded metadata with 5 versions INFO
[2026-01-01 11:45:03.152] 🐛 DEBUG: Found 5 versions in metadata: ['hmm_macro_trend_regime_quality_1h_20251204_224507_427', 'hmm_macro_trend_regime_quality_1h_20251204_225044_960', 'hmm_macro_trend_regime_quality_1h_20251205_183537_791', 'hmm_macro_trend_regime_quality_1h_20251205_191709_242', 'hmm_macro_trend_regime_quality_1h_20251213_170722_488'] INFO
2026-01-01 11:45:03,152 - System.tprint - INFO - ℹ️ 🐛 DEBUG: Found 5 versions in metadata: ['hmm_macro_trend_regime_quality_1h_20251204_224507_427', 'hmm_macro_trend_regime_quality_1h_20251204_225044_960', 'hmm_macro_trend_regime_quality_1h_20251205_183537_791', 'hmm_macro_trend_regime_quality_1h_20251205_191709_242', 'hmm_macro_trend_regime_quality_1h_20251213_170722_488'] INFO
[2026-01-01 11:45:03.154] 🐛 DEBUG: Found 5 versions in HDF5: ['hmm_macro_trend_regime_quality_1h_20251204_224507_427', 'hmm_macro_trend_regime_quality_1h_20251204_225044_960', 'hmm_macro_trend_regime_quality_1h_20251205_183537_791', 'hmm_macro_trend_regime_quality_1h_20251205_191709_242', 'hmm_macro_trend_regime_quality_1h_20251213_170722_488'] INFO
2026-01-01 11:45:03,154 - System.tprint - INFO - ℹ️ 🐛 DEBUG: Found 5 versions in HDF5: ['hmm_macro_trend_regime_quality_1h_20251204_224507_427', 'hmm_macro_trend_regime_quality_1h_20251204_225044_960', 'hmm_macro_trend_regime_quality_1h_20251205_183537_791', 'hmm_macro_trend_regime_quality_1h_20251205_191709_242', 'hmm_macro_trend_regime_quality_1h_20251213_170722_488'] INFO
[2026-01-01 11:45:03.155] 🐛 DEBUG: _load_metadata() checking versioned_artifacts/ETHUSDT_binance_1h_long_regime/metadata.json INFO
2026-01-01 11:45:03,155 - System.tprint - INFO - ℹ️ 🐛 DEBUG: _load_metadata() checking versioned_artifacts/ETHUSDT_binance_1h_long_regime/metadata.json INFO
[2026-01-01 11:45:03.155] 🐛 DEBUG: Metadata file exists, size: 3249 bytes INFO
2026-01-01 11:45:03,155 - System.tprint - INFO - ℹ️ 🐛 DEBUG: Metadata file exists, size: 3249 bytes INFO
[2026-01-01 11:45:03.155] 🐛 DEBUG: Successfully loaded metadata with 5 versions INFO
2026-01-01 11:45:03,155 - System.tprint - INFO - ℹ️ 🐛 DEBUG: Successfully loaded metadata with 5 versions INFO
[2026-01-01 11:45:03.155] 🐛 DEBUG: list_versions() called INFO
2026-01-01 11:45:03,156 - System.tprint - INFO - ℹ️ 🐛 DEBUG: list_versions() called INFO
[2026-01-01 11:45:03.155] 🐛 DEBUG: Metadata file exists: True INFO
2026-01-01 11:45:03,156 - System.tprint - INFO - ℹ️ 🐛 DEBUG: Metadata file exists: True INFO
[2026-01-01 11:45:03.155] 🐛 DEBUG: HDF5 file exists: True INFO
2026-01-01 11:45:03,156 - System.tprint - INFO - ℹ️ 🐛 DEBUG: HDF5 file exists: True INFO
[2026-01-01 11:45:03.155] 🐛 DEBUG: Reloading metadata to get latest versions INFO
2026-01-01 11:45:03,156 - System.tprint - INFO - ℹ️ 🐛 DEBUG: Reloading metadata to get latest versions INFO
[2026-01-01 11:45:03.155] 🐛 DEBUG: _load_metadata() checking versioned_artifacts/ETHUSDT_binance_1h_long_regime/metadata.json INFO
2026-01-01 11:45:03,156 - System.tprint - INFO - ℹ️ 🐛 DEBUG: _load_metadata() checking versioned_artifacts/ETHUSDT_binance_1h_long_regime/metadata.json INFO
[2026-01-01 11:45:03.156] 🐛 DEBUG: Metadata file exists, size: 3249 bytes INFO
2026-01-01 11:45:03,156 - System.tprint - INFO - ℹ️ 🐛 DEBUG: Metadata file exists, size: 3249 bytes INFO
[2026-01-01 11:45:03.156] 🐛 DEBUG: Successfully loaded metadata with 5 versions INFO
2026-01-01 11:45:03,156 - System.tprint - INFO - ℹ️ 🐛 DEBUG: Successfully loaded metadata with 5 versions INFO
[2026-01-01 11:45:03.156] 🐛 DEBUG: Found 5 versions in metadata: ['rolling_hmm_regime_confidence_features_20251122_003448_094', 'rolling_hmm_economic_features_20251122_003448_124', 'rolling_hmm_regime_labels_20251122_003448_165', 'rolling_hmm_regime_probabilities_20251122_003448_178', 'rolling_hmm_transition_matrix_20251122_003448_193'] INFO
2026-01-01 11:45:03,156 - System.tprint - INFO - ℹ️ 🐛 DEBUG: Found 5 versions in metadata: ['rolling_hmm_regime_confidence_features_20251122_003448_094', 'rolling_hmm_economic_features_20251122_003448_124', 'rolling_hmm_regime_labels_20251122_003448_165', 'rolling_hmm_regime_probabilities_20251122_003448_178', 'rolling_hmm_transition_matrix_20251122_003448_193'] INFO
[2026-01-01 11:45:03.157] 🐛 DEBUG: Found 5 versions in HDF5: ['rolling_hmm_economic_features_20251122_003448_124', 'rolling_hmm_regime_confidence_features_20251122_003448_094', 'rolling_hmm_regime_labels_20251122_003448_165', 'rolling_hmm_regime_probabilities_20251122_003448_178', 'rolling_hmm_transition_matrix_20251122_003448_193'] INFO
2026-01-01 11:45:03,157 - System.tprint - INFO - ℹ️ 🐛 DEBUG: Found 5 versions in HDF5: ['rolling_hmm_economic_features_20251122_003448_124', 'rolling_hmm_regime_confidence_features_20251122_003448_094', 'rolling_hmm_regime_labels_20251122_003448_165', 'rolling_hmm_regime_probabilities_20251122_003448_178', 'rolling_hmm_transition_matrix_20251122_003448_193'] INFO
[2026-01-01 11:45:03.158] 🐛 DEBUG: _load_metadata() checking versioned_artifacts/ETHUSDT_binance_15m_long_blank/metadata.json INFO
2026-01-01 11:45:03,159 - System.tprint - INFO - ℹ️ 🐛 DEBUG: _load_metadata() checking versioned_artifacts/ETHUSDT_binance_15m_long_blank/metadata.json INFO
[2026-01-01 11:45:03.158] 🐛 DEBUG: Metadata file exists, size: 139 bytes INFO
2026-01-01 11:45:03,159 - System.tprint - INFO - ℹ️ 🐛 DEBUG: Metadata file exists, size: 139 bytes INFO
[2026-01-01 11:45:03.158] 🐛 DEBUG: Successfully loaded metadata with 0 versions INFO
2026-01-01 11:45:03,159 - System.tprint - INFO - ℹ️ 🐛 DEBUG: Successfully loaded metadata with 0 versions INFO
[2026-01-01 11:45:03.158] 🐛 DEBUG: list_versions() called INFO
2026-01-01 11:45:03,159 - System.tprint - INFO - ℹ️ 🐛 DEBUG: list_versions() called INFO
[2026-01-01 11:45:03.158] 🐛 DEBUG: Metadata file exists: True INFO
2026-01-01 11:45:03,159 - System.tprint - INFO - ℹ️ 🐛 DEBUG: Metadata file exists: True INFO
[2026-01-01 11:45:03.158] 🐛 DEBUG: HDF5 file exists: True INFO
2026-01-01 11:45:03,159 - System.tprint - INFO - ℹ️ 🐛 DEBUG: HDF5 file exists: True INFO
[2026-01-01 11:45:03.158] 🐛 DEBUG: Reloading metadata to get latest versions INFO
2026-01-01 11:45:03,159 - System.tprint - INFO - ℹ️ 🐛 DEBUG: Reloading metadata to get latest versions INFO
[2026-01-01 11:45:03.158] 🐛 DEBUG: _load_metadata() checking versioned_artifacts/ETHUSDT_binance_15m_long_blank/metadata.json INFO
2026-01-01 11:45:03,159 - System.tprint - INFO - ℹ️ 🐛 DEBUG: _load_metadata() checking versioned_artifacts/ETHUSDT_binance_15m_long_blank/metadata.json INFO
[2026-01-01 11:45:03.158] 🐛 DEBUG: Metadata file exists, size: 139 bytes INFO
2026-01-01 11:45:03,159 - System.tprint - INFO - ℹ️ 🐛 DEBUG: Metadata file exists, size: 139 bytes INFO
[2026-01-01 11:45:03.160] 🐛 DEBUG: Successfully loaded metadata with 0 versions INFO
2026-01-01 11:45:03,160 - System.tprint - INFO - ℹ️ 🐛 DEBUG: Successfully loaded metadata with 0 versions INFO
[2026-01-01 11:45:03.160] 🐛 DEBUG: Found 0 versions in metadata: [] INFO
2026-01-01 11:45:03,160 - System.tprint - INFO - ℹ️ 🐛 DEBUG: Found 0 versions in metadata: [] INFO
[2026-01-01 11:45:03.160] 🐛 DEBUG: Found 0 versions in HDF5: [] INFO
2026-01-01 11:45:03,160 - System.tprint - INFO - ℹ️ 🐛 DEBUG: Found 0 versions in HDF5: [] INFO
[2026-01-01 11:45:03.161] 🐛 DEBUG: _load_metadata() checking versioned_artifacts/ETHUSDT_binance_15m_long_regime_alpha/metadata.json INFO
2026-01-01 11:45:03,161 - System.tprint - INFO - ℹ️ 🐛 DEBUG: _load_metadata() checking versioned_artifacts/ETHUSDT_binance_15m_long_regime_alpha/metadata.json INFO
[2026-01-01 11:45:03.161] 🐛 DEBUG: Metadata file exists, size: 139 bytes INFO
2026-01-01 11:45:03,161 - System.tprint - INFO - ℹ️ 🐛 DEBUG: Metadata file exists, size: 139 bytes INFO
[2026-01-01 11:45:03.161] 🐛 DEBUG: Successfully loaded metadata with 0 versions INFO
2026-01-01 11:45:03,161 - System.tprint - INFO - ℹ️ 🐛 DEBUG: Successfully loaded metadata with 0 versions INFO
[2026-01-01 11:45:03.161] 🐛 DEBUG: list_versions() called INFO
2026-01-01 11:45:03,161 - System.tprint - INFO - ℹ️ 🐛 DEBUG: list_versions() called INFO
[2026-01-01 11:45:03.161] 🐛 DEBUG: Metadata file exists: True INFO
2026-01-01 11:45:03,161 - System.tprint - INFO - ℹ️ 🐛 DEBUG: Metadata file exists: True INFO
[2026-01-01 11:45:03.161] 🐛 DEBUG: HDF5 file exists: True INFO
2026-01-01 11:45:03,161 - System.tprint - INFO - ℹ️ 🐛 DEBUG: HDF5 file exists: True INFO
[2026-01-01 11:45:03.161] 🐛 DEBUG: Reloading metadata to get latest versions INFO
2026-01-01 11:45:03,161 - System.tprint - INFO - ℹ️ 🐛 DEBUG: Reloading metadata to get latest versions INFO
[2026-01-01 11:45:03.161] 🐛 DEBUG: _load_metadata() checking versioned_artifacts/ETHUSDT_binance_15m_long_regime_alpha/metadata.json INFO
2026-01-01 11:45:03,162 - System.tprint - INFO - ℹ️ 🐛 DEBUG: _load_metadata() checking versioned_artifacts/ETHUSDT_binance_15m_long_regime_alpha/metadata.json INFO
[2026-01-01 11:45:03.161] 🐛 DEBUG: Metadata file exists, size: 139 bytes INFO
2026-01-01 11:45:03,162 - System.tprint - INFO - ℹ️ 🐛 DEBUG: Metadata file exists, size: 139 bytes INFO
[2026-01-01 11:45:03.161] 🐛 DEBUG: Successfully loaded metadata with 0 versions INFO
2026-01-01 11:45:03,162 - System.tprint - INFO - ℹ️ 🐛 DEBUG: Successfully loaded metadata with 0 versions INFO
[2026-01-01 11:45:03.162] 🐛 DEBUG: Found 0 versions in metadata: [] INFO
2026-01-01 11:45:03,162 - System.tprint - INFO - ℹ️ 🐛 DEBUG: Found 0 versions in metadata: [] INFO
[2026-01-01 11:45:03.162] 🐛 DEBUG: Found 0 versions in HDF5: [] INFO
2026-01-01 11:45:03,162 - System.tprint - INFO - ℹ️ 🐛 DEBUG: Found 0 versions in HDF5: [] INFO
2026-01-01 11:45:03,163 - System.ArtifactManager - WARNING - ⚠️ Artifact not found: klines_data
2026-01-01 11:45:03,163 - System.ArtifactManager - INFO - ℹ️ 📁 Context set: step=meta_labeling_hpo_sample_weighted, symbol=None, exchange=None, timeframe=None, datetime=2026-01-01 11:45:02.986611, information=None, direction=long, model=Analyst
[2026-01-01 11:45:03.163] ⚠️ Artifact 'klines_data' not found in any storage | UNKNOWN/binance [15m] long/analyst
2026-01-01 11:45:03,163 - System.tprint - INFO - ℹ️ ⚠️ Artifact 'klines_data' not found in any storage | UNKNOWN/binance [15m] long/analyst
2026-01-01 11:45:03,163 - System.ArtifactManager - INFO - ℹ️ 📁 Context set: step=data_collection, symbol=ETHUSDT, exchange=binance, timeframe=15m, datetime=2026-01-01 10:45:03.163633, information=None, direction=long, model=Analyst
[2026-01-01 11:45:03.163] 📂 Retrieving artifact 'market_data' (type: data) | UNKNOWN/binance [15m] long/analyst
2026-01-01 11:45:03,163 - System.tprint - INFO - ℹ️ 📂 Retrieving artifact 'market_data' (type: data) | UNKNOWN/binance [15m] long/analyst
[2026-01-01 11:45:03.163] 🐛 DEBUG: _get_versioned_store() with store_key: UNKNOWN_binance_15m_long_analyst INFO
2026-01-01 11:45:03,163 - System.tprint - INFO - ℹ️ 🐛 DEBUG: _get_versioned_store() with store_key: UNKNOWN_binance_15m_long_analyst INFO
[2026-01-01 11:45:03.163] 🐛 DEBUG: Using existing cached store for UNKNOWN_binance_15m_long_analyst INFO
2026-01-01 11:45:03,164 - System.tprint - INFO - ℹ️ 🐛 DEBUG: Using existing cached store for UNKNOWN_binance_15m_long_analyst INFO
[2026-01-01 11:45:03.163] 🐛 DEBUG: get_statistics() called INFO
2026-01-01 11:45:03,164 - System.tprint - INFO - ℹ️ 🐛 DEBUG: get_statistics() called INFO
[2026-01-01 11:45:03.163] 🐛 DEBUG: Reloading metadata for statistics INFO
2026-01-01 11:45:03,166 - System.tprint - INFO - ℹ️ 🐛 DEBUG: Reloading metadata for statistics INFO
[2026-01-01 11:45:03.166] 🐛 DEBUG: _load_metadata() checking versioned_artifacts/UNKNOWN_binance_15m_long_analyst/metadata.json INFO
2026-01-01 11:45:03,167 - System.tprint - INFO - ℹ️ 🐛 DEBUG: _load_metadata() checking versioned_artifacts/UNKNOWN_binance_15m_long_analyst/metadata.json INFO
[2026-01-01 11:45:03.166] 🐛 DEBUG: Metadata file exists, size: 15351 bytes INFO
2026-01-01 11:45:03,167 - System.tprint - INFO - ℹ️ 🐛 DEBUG: Metadata file exists, size: 15351 bytes INFO
[2026-01-01 11:45:03.166] 🐛 DEBUG: Successfully loaded metadata with 5 versions INFO
2026-01-01 11:45:03,167 - System.tprint - INFO - ℹ️ 🐛 DEBUG: Successfully loaded metadata with 5 versions INFO
[2026-01-01 11:45:03.166] 🐛 DEBUG: Statistics - num_versions: 5 INFO
2026-01-01 11:45:03,167 - System.tprint - INFO - ℹ️ 🐛 DEBUG: Statistics - num_versions: 5 INFO
[2026-01-01 11:45:03.166] 🐛 DEBUG: Statistics - current_version: final_validation_metrics_20251116_161159_946 INFO
2026-01-01 11:45:03,167 - System.tprint - INFO - ℹ️ 🐛 DEBUG: Statistics - current_version: final_validation_metrics_20251116_161159_946 INFO
[2026-01-01 11:45:03.166] 🐛 DEBUG: Statistics - h5_file_size_mb: 280.5141086578369 INFO
2026-01-01 11:45:03,167 - System.tprint - INFO - ℹ️ 🐛 DEBUG: Statistics - h5_file_size_mb: 280.5141086578369 INFO
[2026-01-01 11:45:03.169] 🐛 DEBUG: Existing store statistics: {'store_path': 'versioned_artifacts/UNKNOWN_binance_15m_long_analyst', 'num_versions': 5, 'current_version': 'final_validation_metrics_20251116_161159_946', 'created_at': '2025-11-07T18:22:44.911801', 'h5_file_size_mb': 280.5141086578369, 'chunking': {'chunk_rows': 'auto', 'chunk_cols': 'auto'}, 'changelog': {'total_changes': 305, 'changes_by_type': {'add_data': 305}, 'top_versions': {'analyst_interaction_features_20251108_161950_019': 1, 'analyst_interaction_features_20251108_164300_578': 1, 'analyst_interaction_features_20251108_171945_952': 1, 'analyst_interaction_features_20251108_175314_530': 1, 'analyst_interaction_features_20251108_180922_905': 1, 'analyst_interaction_features_20251108_184752_938': 1, 'analyst_interaction_features_20251108_191026_801': 1, 'analyst_interaction_features_20251111_185727_726': 1, 'final_dataset_40_20251108_172617_791': 1, 'final_dataset_40_20251108_172829_013': 1}, 'time_range': {'earliest': '2025-11-07T18:27:00.789522', 'latest': '2025-11-24T21:16:51.681722'}}, 'row_versioning': {'total_rows_tracked': 0, 'total_versions': 0, 'average_versions_per_row': 0, 'most_versioned_rows': []}} INFO
2026-01-01 11:45:03,169 - System.tprint - INFO - ℹ️ 🐛 DEBUG: Existing store statistics: {'store_path': 'versioned_artifacts/UNKNOWN_binance_15m_long_analyst', 'num_versions': 5, 'current_version': 'final_validation_metrics_20251116_161159_946', 'created_at': '2025-11-07T18:22:44.911801', 'h5_file_size_mb': 280.5141086578369, 'chunking': {'chunk_rows': 'auto', 'chunk_cols': 'auto'}, 'changelog': {'total_changes': 305, 'changes_by_type': {'add_data': 305}, 'top_versions': {'analyst_interaction_features_20251108_161950_019': 1, 'analyst_interaction_features_20251108_164300_578': 1, 'analyst_interaction_features_20251108_171945_952': 1, 'analyst_interaction_features_20251108_175314_530': 1, 'analyst_interaction_features_20251108_180922_905': 1, 'analyst_interaction_features_20251108_184752_938': 1, 'analyst_interaction_features_20251108_191026_801': 1, 'analyst_interaction_features_20251111_185727_726': 1, 'final_dataset_40_20251108_172617_791': 1, 'final_dataset_40_20251108_172829_013': 1}, 'time_range': {'earliest': '2025-11-07T18:27:00.789522', 'latest': '2025-11-24T21:16:51.681722'}}, 'row_versioning': {'total_rows_tracked': 0, 'total_versions': 0, 'average_versions_per_row': 0, 'most_versioned_rows': []}} INFO
[2026-01-01 11:45:03.169] 🐛 DEBUG: list_versions() called INFO
2026-01-01 11:45:03,169 - System.tprint - INFO - ℹ️ 🐛 DEBUG: list_versions() called INFO
[2026-01-01 11:45:03.169] 🐛 DEBUG: Metadata file exists: True INFO
2026-01-01 11:45:03,170 - System.tprint - INFO - ℹ️ 🐛 DEBUG: Metadata file exists: True INFO
[2026-01-01 11:45:03.169] 🐛 DEBUG: HDF5 file exists: True INFO
2026-01-01 11:45:03,170 - System.tprint - INFO - ℹ️ 🐛 DEBUG: HDF5 file exists: True INFO
[2026-01-01 11:45:03.169] 🐛 DEBUG: Reloading metadata to get latest versions INFO
2026-01-01 11:45:03,170 - System.tprint - INFO - ℹ️ 🐛 DEBUG: Reloading metadata to get latest versions INFO
[2026-01-01 11:45:03.170] 🐛 DEBUG: _load_metadata() checking versioned_artifacts/UNKNOWN_binance_15m_long_analyst/metadata.json INFO
2026-01-01 11:45:03,170 - System.tprint - INFO - ℹ️ 🐛 DEBUG: _load_metadata() checking versioned_artifacts/UNKNOWN_binance_15m_long_analyst/metadata.json INFO
[2026-01-01 11:45:03.170] 🐛 DEBUG: Metadata file exists, size: 15351 bytes INFO
2026-01-01 11:45:03,170 - System.tprint - INFO - ℹ️ 🐛 DEBUG: Metadata file exists, size: 15351 bytes INFO
[2026-01-01 11:45:03.170] 🐛 DEBUG: Successfully loaded metadata with 5 versions INFO
2026-01-01 11:45:03,170 - System.tprint - INFO - ℹ️ 🐛 DEBUG: Successfully loaded metadata with 5 versions INFO
[2026-01-01 11:45:03.170] 🐛 DEBUG: Found 5 versions in metadata: ['final_dataset_60_20251116_161159_683', 'final_dataset_50_20251116_161159_720', 'final_dataset_40_20251116_161159_752', 'labeled_dataframe_20251116_161159_781', 'final_validation_metrics_20251116_161159_946'] INFO
2026-01-01 11:45:03,170 - System.tprint - INFO - ℹ️ 🐛 DEBUG: Found 5 versions in metadata: ['final_dataset_60_20251116_161159_683', 'final_dataset_50_20251116_161159_720', 'final_dataset_40_20251116_161159_752', 'labeled_dataframe_20251116_161159_781', 'final_validation_metrics_20251116_161159_946'] INFO
[2026-01-01 11:45:03.170] 🐛 DEBUG: Found 5 versions in HDF5: ['final_dataset_40_20251116_161159_752', 'final_dataset_50_20251116_161159_720', 'final_dataset_60_20251116_161159_683', 'final_validation_metrics_20251116_161159_946', 'labeled_dataframe_20251116_161159_781'] INFO
2026-01-01 11:45:03,171 - System.tprint - INFO - ℹ️ 🐛 DEBUG: Found 5 versions in HDF5: ['final_dataset_40_20251116_161159_752', 'final_dataset_50_20251116_161159_720', 'final_dataset_60_20251116_161159_683', 'final_validation_metrics_20251116_161159_946', 'labeled_dataframe_20251116_161159_781'] INFO
[2026-01-01 11:45:03.170] WARNING:   │  No matching versions in primary store
2026-01-01 11:45:03,171 - System.tprint - WARNING - ⚠️ │  No matching versions in primary store
[2026-01-01 11:45:03.171] 🐛 DEBUG: list_versions() called INFO
2026-01-01 11:45:03,171 - System.tprint - INFO - ℹ️ 🐛 DEBUG: list_versions() called INFO
[2026-01-01 11:45:03.171] 🐛 DEBUG: Metadata file exists: True INFO
2026-01-01 11:45:03,171 - System.tprint - INFO - ℹ️ 🐛 DEBUG: Metadata file exists: True INFO
[2026-01-01 11:45:03.171] 🐛 DEBUG: HDF5 file exists: True INFO
2026-01-01 11:45:03,171 - System.tprint - INFO - ℹ️ 🐛 DEBUG: HDF5 file exists: True INFO
[2026-01-01 11:45:03.171] 🐛 DEBUG: Reloading metadata to get latest versions INFO
2026-01-01 11:45:03,171 - System.tprint - INFO - ℹ️ 🐛 DEBUG: Reloading metadata to get latest versions INFO
[2026-01-01 11:45:03.171] 🐛 DEBUG: _load_metadata() checking versioned_artifacts/UNKNOWN_binance_15m_long_analyst/metadata.json INFO
2026-01-01 11:45:03,171 - System.tprint - INFO - ℹ️ 🐛 DEBUG: _load_metadata() checking versioned_artifacts/UNKNOWN_binance_15m_long_analyst/metadata.json INFO
[2026-01-01 11:45:03.171] 🐛 DEBUG: Metadata file exists, size: 15351 bytes INFO
2026-01-01 11:45:03,171 - System.tprint - INFO - ℹ️ 🐛 DEBUG: Metadata file exists, size: 15351 bytes INFO
[2026-01-01 11:45:03.171] 🐛 DEBUG: Successfully loaded metadata with 5 versions INFO
2026-01-01 11:45:03,172 - System.tprint - INFO - ℹ️ 🐛 DEBUG: Successfully loaded metadata with 5 versions INFO
[2026-01-01 11:45:03.171] 🐛 DEBUG: Found 5 versions in metadata: ['final_dataset_60_20251116_161159_683', 'final_dataset_50_20251116_161159_720', 'final_dataset_40_20251116_161159_752', 'labeled_dataframe_20251116_161159_781', 'final_validation_metrics_20251116_161159_946'] INFO
2026-01-01 11:45:03,172 - System.tprint - INFO - ℹ️ 🐛 DEBUG: Found 5 versions in metadata: ['final_dataset_60_20251116_161159_683', 'final_dataset_50_20251116_161159_720', 'final_dataset_40_20251116_161159_752', 'labeled_dataframe_20251116_161159_781', 'final_validation_metrics_20251116_161159_946'] INFO
[2026-01-01 11:45:03.173] 🐛 DEBUG: Found 5 versions in HDF5: ['final_dataset_40_20251116_161159_752', 'final_dataset_50_20251116_161159_720', 'final_dataset_60_20251116_161159_683', 'final_validation_metrics_20251116_161159_946', 'labeled_dataframe_20251116_161159_781'] INFO
2026-01-01 11:45:03,173 - System.tprint - INFO - ℹ️ 🐛 DEBUG: Found 5 versions in HDF5: ['final_dataset_40_20251116_161159_752', 'final_dataset_50_20251116_161159_720', 'final_dataset_60_20251116_161159_683', 'final_validation_metrics_20251116_161159_946', 'labeled_dataframe_20251116_161159_781'] INFO
[2026-01-01 11:45:03.173] WARNING:   │  ⚠️  Not found in any versioned store
2026-01-01 11:45:03,173 - System.tprint - WARNING - ⚠️ │  ⚠️  Not found in any versioned store
[2026-01-01 11:45:03.173] WARNING:   └─ Trying next storage method
2026-01-01 11:45:03,173 - System.tprint - WARNING - ⚠️ └─ Trying next storage method
[2026-01-01 11:45:03.173] ERROR: ┌──────────────────────────────────────────────────────────────────────────────┐
2026-01-01 11:45:03,173 - System.tprint - ERROR - ❌ ┌──────────────────────────────────────────────────────────────────────────────┐
[2026-01-01 11:45:03.173] ERROR: │  ❌ ARTIFACT ROUTER: LOAD FAILED - NOT FOUND                                │
2026-01-01 11:45:03,173 - System.tprint - ERROR - ❌ │  ❌ ARTIFACT ROUTER: LOAD FAILED - NOT FOUND                                │
[2026-01-01 11:45:03.173] ERROR: │  Artifact 'market_data' not found in any storage                        │ 
2026-01-01 11:45:03,173 - System.tprint - ERROR - ❌ │  Artifact 'market_data' not found in any storage                        │ 
[2026-01-01 11:45:03.173] ERROR: └──────────────────────────────────────────────────────────────────────────────┘
2026-01-01 11:45:03,173 - System.tprint - ERROR - ❌ └──────────────────────────────────────────────────────────────────────────────┘
2026-01-01 11:45:03,173 - ares.step.meta_labeling_hpo_sample_weighted - WARNING - ⚠️ Artifact 'market_data' not found via router, trying traditional manager
[2026-01-01 11:45:03.173] ⚠️ Trying fallback to traditional artifact manager | UNKNOWN/binance [15m] long/analyst
2026-01-01 11:45:03,173 - System.tprint - INFO - ℹ️ ⚠️ Trying fallback to traditional artifact manager | UNKNOWN/binance [15m] long/analyst
2026-01-01 11:45:03,173 - System.ArtifactManager - INFO - ℹ️ 📁 Context set: step=meta_labeling_hpo_sample_weighted, symbol=None, exchange=None, timeframe=15m, datetime=2026-01-01 11:45:02.986611, information=None, direction=long, model=Analyst
[2026-01-01 11:45:03.174] 🐛 DEBUG: _load_metadata() checking versioned_artifacts/UNKNOWN_binance_1h_long_analyst/metadata.json INFO
2026-01-01 11:45:03,174 - System.tprint - INFO - ℹ️ 🐛 DEBUG: _load_metadata() checking versioned_artifacts/UNKNOWN_binance_1h_long_analyst/metadata.json INFO
[2026-01-01 11:45:03.174] 🐛 DEBUG: Metadata file exists, size: 200 bytes INFO
2026-01-01 11:45:03,174 - System.tprint - INFO - ℹ️ 🐛 DEBUG: Metadata file exists, size: 200 bytes INFO
[2026-01-01 11:45:03.174] 🐛 DEBUG: Successfully loaded metadata with 0 versions INFO
2026-01-01 11:45:03,175 - System.tprint - INFO - ℹ️ 🐛 DEBUG: Successfully loaded metadata with 0 versions INFO
[2026-01-01 11:45:03.174] 🐛 DEBUG: list_versions() called INFO
2026-01-01 11:45:03,175 - System.tprint - INFO - ℹ️ 🐛 DEBUG: list_versions() called INFO
[2026-01-01 11:45:03.174] 🐛 DEBUG: Metadata file exists: True INFO
2026-01-01 11:45:03,175 - System.tprint - INFO - ℹ️ 🐛 DEBUG: Metadata file exists: True INFO
[2026-01-01 11:45:03.174] 🐛 DEBUG: HDF5 file exists: True INFO
2026-01-01 11:45:03,175 - System.tprint - INFO - ℹ️ 🐛 DEBUG: HDF5 file exists: True INFO
[2026-01-01 11:45:03.174] 🐛 DEBUG: Reloading metadata to get latest versions INFO
2026-01-01 11:45:03,175 - System.tprint - INFO - ℹ️ 🐛 DEBUG: Reloading metadata to get latest versions INFO
[2026-01-01 11:45:03.174] 🐛 DEBUG: _load_metadata() checking versioned_artifacts/UNKNOWN_binance_1h_long_analyst/metadata.json INFO
2026-01-01 11:45:03,175 - System.tprint - INFO - ℹ️ 🐛 DEBUG: _load_metadata() checking versioned_artifacts/UNKNOWN_binance_1h_long_analyst/metadata.json INFO
[2026-01-01 11:45:03.174] 🐛 DEBUG: Metadata file exists, size: 200 bytes INFO
2026-01-01 11:45:03,175 - System.tprint - INFO - ℹ️ 🐛 DEBUG: Metadata file exists, size: 200 bytes INFO
[2026-01-01 11:45:03.174] 🐛 DEBUG: Successfully loaded metadata with 0 versions INFO
2026-01-01 11:45:03,175 - System.tprint - INFO - ℹ️ 🐛 DEBUG: Successfully loaded metadata with 0 versions INFO
[2026-01-01 11:45:03.174] 🐛 DEBUG: Found 0 versions in metadata: [] INFO
2026-01-01 11:45:03,175 - System.tprint - INFO - ℹ️ 🐛 DEBUG: Found 0 versions in metadata: [] INFO
[2026-01-01 11:45:03.175] 🐛 DEBUG: Found 0 versions in HDF5: [] INFO
2026-01-01 11:45:03,175 - System.tprint - INFO - ℹ️ 🐛 DEBUG: Found 0 versions in HDF5: [] INFO
[2026-01-01 11:45:03.175] 🐛 DEBUG: _load_metadata() checking versioned_artifacts/UNKNOWN_binance_15m_long_analyst/metadata.json INFO
2026-01-01 11:45:03,176 - System.tprint - INFO - ℹ️ 🐛 DEBUG: _load_metadata() checking versioned_artifacts/UNKNOWN_binance_15m_long_analyst/metadata.json INFO
[2026-01-01 11:45:03.175] 🐛 DEBUG: Metadata file exists, size: 15351 bytes INFO
2026-01-01 11:45:03,176 - System.tprint - INFO - ℹ️ 🐛 DEBUG: Metadata file exists, size: 15351 bytes INFO
[2026-01-01 11:45:03.176] 🐛 DEBUG: Successfully loaded metadata with 5 versions INFO
2026-01-01 11:45:03,176 - System.tprint - INFO - ℹ️ 🐛 DEBUG: Successfully loaded metadata with 5 versions INFO
[2026-01-01 11:45:03.176] 🐛 DEBUG: list_versions() called INFO
2026-01-01 11:45:03,177 - System.tprint - INFO - ℹ️ 🐛 DEBUG: list_versions() called INFO
[2026-01-01 11:45:03.176] 🐛 DEBUG: Metadata file exists: True INFO
2026-01-01 11:45:03,177 - System.tprint - INFO - ℹ️ 🐛 DEBUG: Metadata file exists: True INFO
[2026-01-01 11:45:03.176] 🐛 DEBUG: HDF5 file exists: True INFO
2026-01-01 11:45:03,177 - System.tprint - INFO - ℹ️ 🐛 DEBUG: HDF5 file exists: True INFO
[2026-01-01 11:45:03.176] 🐛 DEBUG: Reloading metadata to get latest versions INFO
2026-01-01 11:45:03,177 - System.tprint - INFO - ℹ️ 🐛 DEBUG: Reloading metadata to get latest versions INFO
[2026-01-01 11:45:03.176] 🐛 DEBUG: _load_metadata() checking versioned_artifacts/UNKNOWN_binance_15m_long_analyst/metadata.json INFO
2026-01-01 11:45:03,177 - System.tprint - INFO - ℹ️ 🐛 DEBUG: _load_metadata() checking versioned_artifacts/UNKNOWN_binance_15m_long_analyst/metadata.json INFO
[2026-01-01 11:45:03.176] 🐛 DEBUG: Metadata file exists, size: 15351 bytes INFO
2026-01-01 11:45:03,177 - System.tprint - INFO - ℹ️ 🐛 DEBUG: Metadata file exists, size: 15351 bytes INFO
[2026-01-01 11:45:03.176] 🐛 DEBUG: Successfully loaded metadata with 5 versions INFO
2026-01-01 11:45:03,177 - System.tprint - INFO - ℹ️ 🐛 DEBUG: Successfully loaded metadata with 5 versions INFO
[2026-01-01 11:45:03.176] 🐛 DEBUG: Found 5 versions in metadata: ['final_dataset_60_20251116_161159_683', 'final_dataset_50_20251116_161159_720', 'final_dataset_40_20251116_161159_752', 'labeled_dataframe_20251116_161159_781', 'final_validation_metrics_20251116_161159_946'] INFO
2026-01-01 11:45:03,177 - System.tprint - INFO - ℹ️ 🐛 DEBUG: Found 5 versions in metadata: ['final_dataset_60_20251116_161159_683', 'final_dataset_50_20251116_161159_720', 'final_dataset_40_20251116_161159_752', 'labeled_dataframe_20251116_161159_781', 'final_validation_metrics_20251116_161159_946'] INFO
[2026-01-01 11:45:03.177] 🐛 DEBUG: Found 5 versions in HDF5: ['final_dataset_40_20251116_161159_752', 'final_dataset_50_20251116_161159_720', 'final_dataset_60_20251116_161159_683', 'final_validation_metrics_20251116_161159_946', 'labeled_dataframe_20251116_161159_781'] INFO
2026-01-01 11:45:03,178 - System.tprint - INFO - ℹ️ 🐛 DEBUG: Found 5 versions in HDF5: ['final_dataset_40_20251116_161159_752', 'final_dataset_50_20251116_161159_720', 'final_dataset_60_20251116_161159_683', 'final_validation_metrics_20251116_161159_946', 'labeled_dataframe_20251116_161159_781'] INFO
[2026-01-01 11:45:03.177] 🐛 DEBUG: _load_metadata() checking versioned_artifacts/ETHUSDT_binance_15m_long_sr_labeling_xgb/metadata.json INFO
2026-01-01 11:45:03,178 - System.tprint - INFO - ℹ️ 🐛 DEBUG: _load_metadata() checking versioned_artifacts/ETHUSDT_binance_15m_long_sr_labeling_xgb/metadata.json INFO
[2026-01-01 11:45:03.177] 🐛 DEBUG: Metadata file exists, size: 139 bytes INFO
2026-01-01 11:45:03,178 - System.tprint - INFO - ℹ️ 🐛 DEBUG: Metadata file exists, size: 139 bytes INFO
[2026-01-01 11:45:03.177] 🐛 DEBUG: Successfully loaded metadata with 0 versions INFO
2026-01-01 11:45:03,178 - System.tprint - INFO - ℹ️ 🐛 DEBUG: Successfully loaded metadata with 0 versions INFO
[2026-01-01 11:45:03.177] 🐛 DEBUG: list_versions() called INFO
2026-01-01 11:45:03,178 - System.tprint - INFO - ℹ️ 🐛 DEBUG: list_versions() called INFO
[2026-01-01 11:45:03.177] 🐛 DEBUG: Metadata file exists: True INFO
2026-01-01 11:45:03,178 - System.tprint - INFO - ℹ️ 🐛 DEBUG: Metadata file exists: True INFO
[2026-01-01 11:45:03.177] 🐛 DEBUG: HDF5 file exists: True INFO
2026-01-01 11:45:03,178 - System.tprint - INFO - ℹ️ 🐛 DEBUG: HDF5 file exists: True INFO
[2026-01-01 11:45:03.177] 🐛 DEBUG: Reloading metadata to get latest versions INFO
2026-01-01 11:45:03,178 - System.tprint - INFO - ℹ️ 🐛 DEBUG: Reloading metadata to get latest versions INFO
[2026-01-01 11:45:03.179] 🐛 DEBUG: _load_metadata() checking versioned_artifacts/ETHUSDT_binance_15m_long_sr_labeling_xgb/metadata.json INFO
2026-01-01 11:45:03,179 - System.tprint - INFO - ℹ️ 🐛 DEBUG: _load_metadata() checking versioned_artifacts/ETHUSDT_binance_15m_long_sr_labeling_xgb/metadata.json INFO
[2026-01-01 11:45:03.179] 🐛 DEBUG: Metadata file exists, size: 139 bytes INFO
2026-01-01 11:45:03,179 - System.tprint - INFO - ℹ️ 🐛 DEBUG: Metadata file exists, size: 139 bytes INFO
[2026-01-01 11:45:03.179] 🐛 DEBUG: Successfully loaded metadata with 0 versions INFO
2026-01-01 11:45:03,179 - System.tprint - INFO - ℹ️ 🐛 DEBUG: Successfully loaded metadata with 0 versions INFO
[2026-01-01 11:45:03.179] 🐛 DEBUG: Found 0 versions in metadata: [] INFO
2026-01-01 11:45:03,179 - System.tprint - INFO - ℹ️ 🐛 DEBUG: Found 0 versions in metadata: [] INFO
[2026-01-01 11:45:03.179] 🐛 DEBUG: Found 0 versions in HDF5: [] INFO
2026-01-01 11:45:03,179 - System.tprint - INFO - ℹ️ 🐛 DEBUG: Found 0 versions in HDF5: [] INFO
[2026-01-01 11:45:03.180] 🐛 DEBUG: _load_metadata() checking versioned_artifacts/ETHUSDT_binance_1h_long_breakout_bounce/metadata.json INFO
2026-01-01 11:45:03,180 - System.tprint - INFO - ℹ️ 🐛 DEBUG: _load_metadata() checking versioned_artifacts/ETHUSDT_binance_1h_long_breakout_bounce/metadata.json INFO
[2026-01-01 11:45:03.180] 🐛 DEBUG: Metadata file exists, size: 11462 bytes INFO
2026-01-01 11:45:03,180 - System.tprint - INFO - ℹ️ 🐛 DEBUG: Metadata file exists, size: 11462 bytes INFO
[2026-01-01 11:45:03.180] 🐛 DEBUG: Successfully loaded metadata with 5 versions INFO
2026-01-01 11:45:03,181 - System.tprint - INFO - ℹ️ 🐛 DEBUG: Successfully loaded metadata with 5 versions INFO
[2026-01-01 11:45:03.181] 🐛 DEBUG: list_versions() called INFO
2026-01-01 11:45:03,181 - System.tprint - INFO - ℹ️ 🐛 DEBUG: list_versions() called INFO
[2026-01-01 11:45:03.181] 🐛 DEBUG: Metadata file exists: True INFO
2026-01-01 11:45:03,181 - System.tprint - INFO - ℹ️ 🐛 DEBUG: Metadata file exists: True INFO
[2026-01-01 11:45:03.181] 🐛 DEBUG: HDF5 file exists: True INFO
2026-01-01 11:45:03,181 - System.tprint - INFO - ℹ️ 🐛 DEBUG: HDF5 file exists: True INFO
[2026-01-01 11:45:03.181] 🐛 DEBUG: Reloading metadata to get latest versions INFO
2026-01-01 11:45:03,181 - System.tprint - INFO - ℹ️ 🐛 DEBUG: Reloading metadata to get latest versions INFO
[2026-01-01 11:45:03.181] 🐛 DEBUG: _load_metadata() checking versioned_artifacts/ETHUSDT_binance_1h_long_breakout_bounce/metadata.json INFO
2026-01-01 11:45:03,181 - System.tprint - INFO - ℹ️ 🐛 DEBUG: _load_metadata() checking versioned_artifacts/ETHUSDT_binance_1h_long_breakout_bounce/metadata.json INFO
[2026-01-01 11:45:03.181] 🐛 DEBUG: Metadata file exists, size: 11462 bytes INFO
2026-01-01 11:45:03,182 - System.tprint - INFO - ℹ️ 🐛 DEBUG: Metadata file exists, size: 11462 bytes INFO
[2026-01-01 11:45:03.182] 🐛 DEBUG: Successfully loaded metadata with 5 versions INFO
2026-01-01 11:45:03,182 - System.tprint - INFO - ℹ️ 🐛 DEBUG: Successfully loaded metadata with 5 versions INFO
[2026-01-01 11:45:03.182] 🐛 DEBUG: Found 5 versions in metadata: ['ml_breakout_bounce_training_data_1h_20251123_144326_526', 'ml_breakout_bounce_training_data_1h_20251123_153924_083', 'ml_breakout_bounce_training_data_1h_20251123_160312_391', 'ml_breakout_bounce_training_data_1h_20251123_160800_355', 'ml_breakout_bounce_training_data_1h_20251123_162859_853'] INFO
2026-01-01 11:45:03,182 - System.tprint - INFO - ℹ️ 🐛 DEBUG: Found 5 versions in metadata: ['ml_breakout_bounce_training_data_1h_20251123_144326_526', 'ml_breakout_bounce_training_data_1h_20251123_153924_083', 'ml_breakout_bounce_training_data_1h_20251123_160312_391', 'ml_breakout_bounce_training_data_1h_20251123_160800_355', 'ml_breakout_bounce_training_data_1h_20251123_162859_853'] INFO
[2026-01-01 11:45:03.182] 🐛 DEBUG: Found 5 versions in HDF5: ['ml_breakout_bounce_training_data_1h_20251123_144326_526', 'ml_breakout_bounce_training_data_1h_20251123_153924_083', 'ml_breakout_bounce_training_data_1h_20251123_160312_391', 'ml_breakout_bounce_training_data_1h_20251123_160800_355', 'ml_breakout_bounce_training_data_1h_20251123_162859_853'] INFO
2026-01-01 11:45:03,183 - System.tprint - INFO - ℹ️ 🐛 DEBUG: Found 5 versions in HDF5: ['ml_breakout_bounce_training_data_1h_20251123_144326_526', 'ml_breakout_bounce_training_data_1h_20251123_153924_083', 'ml_breakout_bounce_training_data_1h_20251123_160312_391', 'ml_breakout_bounce_training_data_1h_20251123_160800_355', 'ml_breakout_bounce_training_data_1h_20251123_162859_853'] INFO
[2026-01-01 11:45:03.183] 🐛 DEBUG: _load_metadata() checking versioned_artifacts/ETHUSDT_binance_15m_long_liquidity_regime/metadata.json INFO
2026-01-01 11:45:03,183 - System.tprint - INFO - ℹ️ 🐛 DEBUG: _load_metadata() checking versioned_artifacts/ETHUSDT_binance_15m_long_liquidity_regime/metadata.json INFO
[2026-01-01 11:45:03.183] 🐛 DEBUG: Metadata file exists, size: 17282 bytes INFO
2026-01-01 11:45:03,183 - System.tprint - INFO - ℹ️ 🐛 DEBUG: Metadata file exists, size: 17282 bytes INFO
[2026-01-01 11:45:03.183] 🐛 DEBUG: Successfully loaded metadata with 6 versions INFO
2026-01-01 11:45:03,184 - System.tprint - INFO - ℹ️ 🐛 DEBUG: Successfully loaded metadata with 6 versions INFO
[2026-01-01 11:45:03.183] 🐛 DEBUG: list_versions() called INFO
2026-01-01 11:45:03,184 - System.tprint - INFO - ℹ️ 🐛 DEBUG: list_versions() called INFO
[2026-01-01 11:45:03.183] 🐛 DEBUG: Metadata file exists: True INFO
2026-01-01 11:45:03,184 - System.tprint - INFO - ℹ️ 🐛 DEBUG: Metadata file exists: True INFO
[2026-01-01 11:45:03.183] 🐛 DEBUG: HDF5 file exists: True INFO
2026-01-01 11:45:03,184 - System.tprint - INFO - ℹ️ 🐛 DEBUG: HDF5 file exists: True INFO
[2026-01-01 11:45:03.183] 🐛 DEBUG: Reloading metadata to get latest versions INFO
2026-01-01 11:45:03,184 - System.tprint - INFO - ℹ️ 🐛 DEBUG: Reloading metadata to get latest versions INFO
[2026-01-01 11:45:03.183] 🐛 DEBUG: _load_metadata() checking versioned_artifacts/ETHUSDT_binance_15m_long_liquidity_regime/metadata.json INFO
2026-01-01 11:45:03,184 - System.tprint - INFO - ℹ️ 🐛 DEBUG: _load_metadata() checking versioned_artifacts/ETHUSDT_binance_15m_long_liquidity_regime/metadata.json INFO
[2026-01-01 11:45:03.183] 🐛 DEBUG: Metadata file exists, size: 17282 bytes INFO
2026-01-01 11:45:03,184 - System.tprint - INFO - ℹ️ 🐛 DEBUG: Metadata file exists, size: 17282 bytes INFO
[2026-01-01 11:45:03.183] 🐛 DEBUG: Successfully loaded metadata with 6 versions INFO
2026-01-01 11:45:03,184 - System.tprint - INFO - ℹ️ 🐛 DEBUG: Successfully loaded metadata with 6 versions INFO
[2026-01-01 11:45:03.183] 🐛 DEBUG: Found 6 versions in metadata: ['ml_liquidity_regime_probs_15m_20251213_170827_692', 'ml_liquidity_training_data_15m_20251213_221548_209', 'ml_liquidity_regime_probs_15m_20251231_170726_502', 'ml_liquidity_training_data_15m_20251231_170859_400', 'ml_liquidity_regime_probs_15m_20251231_172132_488', 'ml_liquidity_training_data_15m_20251231_172224_742'] INFO
2026-01-01 11:45:03,184 - System.tprint - INFO - ℹ️ 🐛 DEBUG: Found 6 versions in metadata: ['ml_liquidity_regime_probs_15m_20251213_170827_692', 'ml_liquidity_training_data_15m_20251213_221548_209', 'ml_liquidity_regime_probs_15m_20251231_170726_502', 'ml_liquidity_training_data_15m_20251231_170859_400', 'ml_liquidity_regime_probs_15m_20251231_172132_488', 'ml_liquidity_training_data_15m_20251231_172224_742'] INFO
[2026-01-01 11:45:03.185] 🐛 DEBUG: Found 6 versions in HDF5: ['ml_liquidity_regime_probs_15m_20251213_170827_692', 'ml_liquidity_regime_probs_15m_20251231_170726_502', 'ml_liquidity_regime_probs_15m_20251231_172132_488', 'ml_liquidity_training_data_15m_20251213_221548_209', 'ml_liquidity_training_data_15m_20251231_170859_400', 'ml_liquidity_training_data_15m_20251231_172224_742'] INFO
2026-01-01 11:45:03,185 - System.tprint - INFO - ℹ️ 🐛 DEBUG: Found 6 versions in HDF5: ['ml_liquidity_regime_probs_15m_20251213_170827_692', 'ml_liquidity_regime_probs_15m_20251231_170726_502', 'ml_liquidity_regime_probs_15m_20251231_172132_488', 'ml_liquidity_training_data_15m_20251213_221548_209', 'ml_liquidity_training_data_15m_20251231_170859_400', 'ml_liquidity_training_data_15m_20251231_172224_742'] INFO
[2026-01-01 11:45:03.186] 🐛 DEBUG: _load_metadata() checking versioned_artifacts/ETHUSDT_binance_15m_long_regime_risk/metadata.json INFO
2026-01-01 11:45:03,186 - System.tprint - INFO - ℹ️ 🐛 DEBUG: _load_metadata() checking versioned_artifacts/ETHUSDT_binance_15m_long_regime_risk/metadata.json INFO
[2026-01-01 11:45:03.186] 🐛 DEBUG: Metadata file exists, size: 200 bytes INFO
2026-01-01 11:45:03,186 - System.tprint - INFO - ℹ️ 🐛 DEBUG: Metadata file exists, size: 200 bytes INFO
[2026-01-01 11:45:03.186] 🐛 DEBUG: Successfully loaded metadata with 0 versions INFO
2026-01-01 11:45:03,186 - System.tprint - INFO - ℹ️ 🐛 DEBUG: Successfully loaded metadata with 0 versions INFO
[2026-01-01 11:45:03.186] 🐛 DEBUG: list_versions() called INFO
2026-01-01 11:45:03,187 - System.tprint - INFO - ℹ️ 🐛 DEBUG: list_versions() called INFO
[2026-01-01 11:45:03.186] 🐛 DEBUG: Metadata file exists: True INFO
2026-01-01 11:45:03,187 - System.tprint - INFO - ℹ️ 🐛 DEBUG: Metadata file exists: True INFO
[2026-01-01 11:45:03.186] 🐛 DEBUG: HDF5 file exists: True INFO
2026-01-01 11:45:03,187 - System.tprint - INFO - ℹ️ 🐛 DEBUG: HDF5 file exists: True INFO
[2026-01-01 11:45:03.186] 🐛 DEBUG: Reloading metadata to get latest versions INFO
2026-01-01 11:45:03,187 - System.tprint - INFO - ℹ️ 🐛 DEBUG: Reloading metadata to get latest versions INFO
[2026-01-01 11:45:03.187] 🐛 DEBUG: _load_metadata() checking versioned_artifacts/ETHUSDT_binance_15m_long_regime_risk/metadata.json INFO
2026-01-01 11:45:03,187 - System.tprint - INFO - ℹ️ 🐛 DEBUG: _load_metadata() checking versioned_artifacts/ETHUSDT_binance_15m_long_regime_risk/metadata.json INFO
[2026-01-01 11:45:03.187] 🐛 DEBUG: Metadata file exists, size: 200 bytes INFO
2026-01-01 11:45:03,187 - System.tprint - INFO - ℹ️ 🐛 DEBUG: Metadata file exists, size: 200 bytes INFO
[2026-01-01 11:45:03.187] 🐛 DEBUG: Successfully loaded metadata with 0 versions INFO
2026-01-01 11:45:03,187 - System.tprint - INFO - ℹ️ 🐛 DEBUG: Successfully loaded metadata with 0 versions INFO
[2026-01-01 11:45:03.187] 🐛 DEBUG: Found 0 versions in metadata: [] INFO
2026-01-01 11:45:03,187 - System.tprint - INFO - ℹ️ 🐛 DEBUG: Found 0 versions in metadata: [] INFO
[2026-01-01 11:45:03.187] 🐛 DEBUG: Found 0 versions in HDF5: [] INFO
2026-01-01 11:45:03,188 - System.tprint - INFO - ℹ️ 🐛 DEBUG: Found 0 versions in HDF5: [] INFO
[2026-01-01 11:45:03.189] 🐛 DEBUG: _load_metadata() checking versioned_artifacts/ETHUSDT_binance_15m_long_breakout_bounce_regime/metadata.json INFO
2026-01-01 11:45:03,189 - System.tprint - INFO - ℹ️ 🐛 DEBUG: _load_metadata() checking versioned_artifacts/ETHUSDT_binance_15m_long_breakout_bounce_regime/metadata.json INFO
[2026-01-01 11:45:03.189] 🐛 DEBUG: Metadata file does not exist, returning default metadata INFO
2026-01-01 11:45:03,189 - System.tprint - INFO - ℹ️ 🐛 DEBUG: Metadata file does not exist, returning default metadata INFO
[2026-01-01 11:45:03.189] 🐛 DEBUG: list_versions() called INFO
2026-01-01 11:45:03,189 - System.tprint - INFO - ℹ️ 🐛 DEBUG: list_versions() called INFO
[2026-01-01 11:45:03.189] 🐛 DEBUG: Metadata file exists: False INFO
2026-01-01 11:45:03,189 - System.tprint - INFO - ℹ️ 🐛 DEBUG: Metadata file exists: False INFO
[2026-01-01 11:45:03.189] 🐛 DEBUG: HDF5 file exists: True INFO
2026-01-01 11:45:03,189 - System.tprint - INFO - ℹ️ 🐛 DEBUG: HDF5 file exists: True INFO
[2026-01-01 11:45:03.189] 🐛 DEBUG: Reloading metadata to get latest versions INFO
2026-01-01 11:45:03,189 - System.tprint - INFO - ℹ️ 🐛 DEBUG: Reloading metadata to get latest versions INFO
[2026-01-01 11:45:03.189] 🐛 DEBUG: _load_metadata() checking versioned_artifacts/ETHUSDT_binance_15m_long_breakout_bounce_regime/metadata.json INFO
2026-01-01 11:45:03,190 - System.tprint - INFO - ℹ️ 🐛 DEBUG: _load_metadata() checking versioned_artifacts/ETHUSDT_binance_15m_long_breakout_bounce_regime/metadata.json INFO
[2026-01-01 11:45:03.189] 🐛 DEBUG: Metadata file does not exist, returning default metadata INFO
2026-01-01 11:45:03,190 - System.tprint - INFO - ℹ️ 🐛 DEBUG: Metadata file does not exist, returning default metadata INFO
[2026-01-01 11:45:03.189] 🐛 DEBUG: Found 0 versions in metadata: [] INFO
2026-01-01 11:45:03,190 - System.tprint - INFO - ℹ️ 🐛 DEBUG: Found 0 versions in metadata: [] INFO
[2026-01-01 11:45:03.190] 🐛 DEBUG: Found 0 versions in HDF5: [] INFO
2026-01-01 11:45:03,190 - System.tprint - INFO - ℹ️ 🐛 DEBUG: Found 0 versions in HDF5: [] INFO
[2026-01-01 11:45:03.190] 🐛 DEBUG: _load_metadata() checking versioned_artifacts/ETHUSDT_binance_15m_long_volume_force/metadata.json INFO
2026-01-01 11:45:03,191 - System.tprint - INFO - ℹ️ 🐛 DEBUG: _load_metadata() checking versioned_artifacts/ETHUSDT_binance_15m_long_volume_force/metadata.json INFO
[2026-01-01 11:45:03.190] 🐛 DEBUG: Metadata file exists, size: 11876 bytes INFO
2026-01-01 11:45:03,191 - System.tprint - INFO - ℹ️ 🐛 DEBUG: Metadata file exists, size: 11876 bytes INFO
[2026-01-01 11:45:03.191] 🐛 DEBUG: Successfully loaded metadata with 7 versions INFO
2026-01-01 11:45:03,191 - System.tprint - INFO - ℹ️ 🐛 DEBUG: Successfully loaded metadata with 7 versions INFO
[2026-01-01 11:45:03.191] 🐛 DEBUG: list_versions() called INFO
2026-01-01 11:45:03,191 - System.tprint - INFO - ℹ️ 🐛 DEBUG: list_versions() called INFO
[2026-01-01 11:45:03.191] 🐛 DEBUG: Metadata file exists: True INFO
2026-01-01 11:45:03,191 - System.tprint - INFO - ℹ️ 🐛 DEBUG: Metadata file exists: True INFO
[2026-01-01 11:45:03.191] 🐛 DEBUG: HDF5 file exists: True INFO
2026-01-01 11:45:03,192 - System.tprint - INFO - ℹ️ 🐛 DEBUG: HDF5 file exists: True INFO
[2026-01-01 11:45:03.191] 🐛 DEBUG: Reloading metadata to get latest versions INFO
2026-01-01 11:45:03,192 - System.tprint - INFO - ℹ️ 🐛 DEBUG: Reloading metadata to get latest versions INFO
[2026-01-01 11:45:03.191] 🐛 DEBUG: _load_metadata() checking versioned_artifacts/ETHUSDT_binance_15m_long_volume_force/metadata.json INFO
2026-01-01 11:45:03,192 - System.tprint - INFO - ℹ️ 🐛 DEBUG: _load_metadata() checking versioned_artifacts/ETHUSDT_binance_15m_long_volume_force/metadata.json INFO
[2026-01-01 11:45:03.191] 🐛 DEBUG: Metadata file exists, size: 11876 bytes INFO
2026-01-01 11:45:03,192 - System.tprint - INFO - ℹ️ 🐛 DEBUG: Metadata file exists, size: 11876 bytes INFO
[2026-01-01 11:45:03.191] 🐛 DEBUG: Successfully loaded metadata with 7 versions INFO
2026-01-01 11:45:03,192 - System.tprint - INFO - ℹ️ 🐛 DEBUG: Successfully loaded metadata with 7 versions INFO
[2026-01-01 11:45:03.191] 🐛 DEBUG: Found 7 versions in metadata: ['ml_volume_force_features_20251213_163705_361', 'ml_volume_force_features_20251213_170535_123', 'ml_volume_force_predictions_20251213_170543_299', 'ml_volume_force_features_20251231_171818_197', 'ml_volume_force_predictions_20251231_172004_837', 'ml_volume_force_features_20251231_172800_942', 'ml_volume_force_predictions_20251231_172840_135'] INFO
2026-01-01 11:45:03,192 - System.tprint - INFO - ℹ️ 🐛 DEBUG: Found 7 versions in metadata: ['ml_volume_force_features_20251213_163705_361', 'ml_volume_force_features_20251213_170535_123', 'ml_volume_force_predictions_20251213_170543_299', 'ml_volume_force_features_20251231_171818_197', 'ml_volume_force_predictions_20251231_172004_837', 'ml_volume_force_features_20251231_172800_942', 'ml_volume_force_predictions_20251231_172840_135'] INFO
[2026-01-01 11:45:03.192] 🐛 DEBUG: Found 7 versions in HDF5: ['ml_volume_force_features_20251213_163705_361', 'ml_volume_force_features_20251213_170535_123', 'ml_volume_force_features_20251231_171818_197', 'ml_volume_force_features_20251231_172800_942', 'ml_volume_force_predictions_20251213_170543_299', 'ml_volume_force_predictions_20251231_172004_837', 'ml_volume_force_predictions_20251231_172840_135'] INFO
2026-01-01 11:45:03,193 - System.tprint - INFO - ℹ️ 🐛 DEBUG: Found 7 versions in HDF5: ['ml_volume_force_features_20251213_163705_361', 'ml_volume_force_features_20251213_170535_123', 'ml_volume_force_features_20251231_171818_197', 'ml_volume_force_features_20251231_172800_942', 'ml_volume_force_predictions_20251213_170543_299', 'ml_volume_force_predictions_20251231_172004_837', 'ml_volume_force_predictions_20251231_172840_135'] INFO
[2026-01-01 11:45:03.192] 🐛 DEBUG: _load_metadata() checking versioned_artifacts/ETHUSDT_binance_15m_long_smc_regime/metadata.json INFO
2026-01-01 11:45:03,193 - System.tprint - INFO - ℹ️ 🐛 DEBUG: _load_metadata() checking versioned_artifacts/ETHUSDT_binance_15m_long_smc_regime/metadata.json INFO
[2026-01-01 11:45:03.192] 🐛 DEBUG: Metadata file exists, size: 9799 bytes INFO
2026-01-01 11:45:03,193 - System.tprint - INFO - ℹ️ 🐛 DEBUG: Metadata file exists, size: 9799 bytes INFO
[2026-01-01 11:45:03.192] 🐛 DEBUG: Successfully loaded metadata with 6 versions INFO
2026-01-01 11:45:03,193 - System.tprint - INFO - ℹ️ 🐛 DEBUG: Successfully loaded metadata with 6 versions INFO
[2026-01-01 11:45:03.192] 🐛 DEBUG: list_versions() called INFO
2026-01-01 11:45:03,194 - System.tprint - INFO - ℹ️ 🐛 DEBUG: list_versions() called INFO
[2026-01-01 11:45:03.194] 🐛 DEBUG: Metadata file exists: True INFO
2026-01-01 11:45:03,194 - System.tprint - INFO - ℹ️ 🐛 DEBUG: Metadata file exists: True INFO
[2026-01-01 11:45:03.194] 🐛 DEBUG: HDF5 file exists: True INFO
2026-01-01 11:45:03,194 - System.tprint - INFO - ℹ️ 🐛 DEBUG: HDF5 file exists: True INFO
[2026-01-01 11:45:03.194] 🐛 DEBUG: Reloading metadata to get latest versions INFO
2026-01-01 11:45:03,194 - System.tprint - INFO - ℹ️ 🐛 DEBUG: Reloading metadata to get latest versions INFO
[2026-01-01 11:45:03.194] 🐛 DEBUG: _load_metadata() checking versioned_artifacts/ETHUSDT_binance_15m_long_smc_regime/metadata.json INFO
2026-01-01 11:45:03,194 - System.tprint - INFO - ℹ️ 🐛 DEBUG: _load_metadata() checking versioned_artifacts/ETHUSDT_binance_15m_long_smc_regime/metadata.json INFO
[2026-01-01 11:45:03.194] 🐛 DEBUG: Metadata file exists, size: 9799 bytes INFO
2026-01-01 11:45:03,194 - System.tprint - INFO - ℹ️ 🐛 DEBUG: Metadata file exists, size: 9799 bytes INFO
[2026-01-01 11:45:03.194] 🐛 DEBUG: Successfully loaded metadata with 6 versions INFO
2026-01-01 11:45:03,194 - System.tprint - INFO - ℹ️ 🐛 DEBUG: Successfully loaded metadata with 6 versions INFO
[2026-01-01 11:45:03.194] 🐛 DEBUG: Found 6 versions in metadata: ['smc_predictions_with_confidence_20251213_170746_093', 'ml_smc_features_15m_20251213_170746_137', 'smc_predictions_with_confidence_20251231_171806_519', 'ml_smc_features_15m_20251231_171807_077', 'smc_predictions_with_confidence_20251231_172755_504', 'ml_smc_features_15m_20251231_172755_741'] INFO
2026-01-01 11:45:03,194 - System.tprint - INFO - ℹ️ 🐛 DEBUG: Found 6 versions in metadata: ['smc_predictions_with_confidence_20251213_170746_093', 'ml_smc_features_15m_20251213_170746_137', 'smc_predictions_with_confidence_20251231_171806_519', 'ml_smc_features_15m_20251231_171807_077', 'smc_predictions_with_confidence_20251231_172755_504', 'ml_smc_features_15m_20251231_172755_741'] INFO
[2026-01-01 11:45:03.194] 🐛 DEBUG: Found 6 versions in HDF5: ['ml_smc_features_15m_20251213_170746_137', 'ml_smc_features_15m_20251231_171807_077', 'ml_smc_features_15m_20251231_172755_741', 'smc_predictions_with_confidence_20251213_170746_093', 'smc_predictions_with_confidence_20251231_171806_519', 'smc_predictions_with_confidence_20251231_172755_504'] INFO
2026-01-01 11:45:03,195 - System.tprint - INFO - ℹ️ 🐛 DEBUG: Found 6 versions in HDF5: ['ml_smc_features_15m_20251213_170746_137', 'ml_smc_features_15m_20251231_171807_077', 'ml_smc_features_15m_20251231_172755_741', 'smc_predictions_with_confidence_20251213_170746_093', 'smc_predictions_with_confidence_20251231_171806_519', 'smc_predictions_with_confidence_20251231_172755_504'] INFO
[2026-01-01 11:45:03.195] 🐛 DEBUG: _load_metadata() checking versioned_artifacts/ETHUSDT_binance_15m_long_breakout_bounce/metadata.json INFO
2026-01-01 11:45:03,195 - System.tprint - INFO - ℹ️ 🐛 DEBUG: _load_metadata() checking versioned_artifacts/ETHUSDT_binance_15m_long_breakout_bounce/metadata.json INFO
[2026-01-01 11:45:03.195] 🐛 DEBUG: Metadata file exists, size: 200 bytes INFO
2026-01-01 11:45:03,195 - System.tprint - INFO - ℹ️ 🐛 DEBUG: Metadata file exists, size: 200 bytes INFO
[2026-01-01 11:45:03.195] 🐛 DEBUG: Successfully loaded metadata with 0 versions INFO
2026-01-01 11:45:03,195 - System.tprint - INFO - ℹ️ 🐛 DEBUG: Successfully loaded metadata with 0 versions INFO
[2026-01-01 11:45:03.195] 🐛 DEBUG: list_versions() called INFO
2026-01-01 11:45:03,195 - System.tprint - INFO - ℹ️ 🐛 DEBUG: list_versions() called INFO
[2026-01-01 11:45:03.195] 🐛 DEBUG: Metadata file exists: True INFO
2026-01-01 11:45:03,196 - System.tprint - INFO - ℹ️ 🐛 DEBUG: Metadata file exists: True INFO
[2026-01-01 11:45:03.195] 🐛 DEBUG: HDF5 file exists: True INFO
2026-01-01 11:45:03,196 - System.tprint - INFO - ℹ️ 🐛 DEBUG: HDF5 file exists: True INFO
[2026-01-01 11:45:03.195] 🐛 DEBUG: Reloading metadata to get latest versions INFO
2026-01-01 11:45:03,196 - System.tprint - INFO - ℹ️ 🐛 DEBUG: Reloading metadata to get latest versions INFO
[2026-01-01 11:45:03.195] 🐛 DEBUG: _load_metadata() checking versioned_artifacts/ETHUSDT_binance_15m_long_breakout_bounce/metadata.json INFO
2026-01-01 11:45:03,196 - System.tprint - INFO - ℹ️ 🐛 DEBUG: _load_metadata() checking versioned_artifacts/ETHUSDT_binance_15m_long_breakout_bounce/metadata.json INFO
[2026-01-01 11:45:03.195] 🐛 DEBUG: Metadata file exists, size: 200 bytes INFO
2026-01-01 11:45:03,196 - System.tprint - INFO - ℹ️ 🐛 DEBUG: Metadata file exists, size: 200 bytes INFO
[2026-01-01 11:45:03.195] 🐛 DEBUG: Successfully loaded metadata with 0 versions INFO
2026-01-01 11:45:03,196 - System.tprint - INFO - ℹ️ 🐛 DEBUG: Successfully loaded metadata with 0 versions INFO
[2026-01-01 11:45:03.196] 🐛 DEBUG: Found 0 versions in metadata: [] INFO
2026-01-01 11:45:03,196 - System.tprint - INFO - ℹ️ 🐛 DEBUG: Found 0 versions in metadata: [] INFO
[2026-01-01 11:45:03.196] 🐛 DEBUG: Found 0 versions in HDF5: [] INFO
2026-01-01 11:45:03,196 - System.tprint - INFO - ℹ️ 🐛 DEBUG: Found 0 versions in HDF5: [] INFO
[2026-01-01 11:45:03.196] 🐛 DEBUG: _load_metadata() checking versioned_artifacts/ETHUSDT_binance_1h_long_liquidity_regime/metadata.json INFO
2026-01-01 11:45:03,197 - System.tprint - INFO - ℹ️ 🐛 DEBUG: _load_metadata() checking versioned_artifacts/ETHUSDT_binance_1h_long_liquidity_regime/metadata.json INFO
[2026-01-01 11:45:03.196] 🐛 DEBUG: Metadata file exists, size: 200 bytes INFO
2026-01-01 11:45:03,197 - System.tprint - INFO - ℹ️ 🐛 DEBUG: Metadata file exists, size: 200 bytes INFO
[2026-01-01 11:45:03.196] 🐛 DEBUG: Successfully loaded metadata with 0 versions INFO
2026-01-01 11:45:03,197 - System.tprint - INFO - ℹ️ 🐛 DEBUG: Successfully loaded metadata with 0 versions INFO
[2026-01-01 11:45:03.196] 🐛 DEBUG: list_versions() called INFO
2026-01-01 11:45:03,197 - System.tprint - INFO - ℹ️ 🐛 DEBUG: list_versions() called INFO
[2026-01-01 11:45:03.197] 🐛 DEBUG: Metadata file exists: True INFO
2026-01-01 11:45:03,197 - System.tprint - INFO - ℹ️ 🐛 DEBUG: Metadata file exists: True INFO
[2026-01-01 11:45:03.197] 🐛 DEBUG: HDF5 file exists: True INFO
2026-01-01 11:45:03,197 - System.tprint - INFO - ℹ️ 🐛 DEBUG: HDF5 file exists: True INFO
[2026-01-01 11:45:03.197] 🐛 DEBUG: Reloading metadata to get latest versions INFO
2026-01-01 11:45:03,197 - System.tprint - INFO - ℹ️ 🐛 DEBUG: Reloading metadata to get latest versions INFO
[2026-01-01 11:45:03.197] 🐛 DEBUG: _load_metadata() checking versioned_artifacts/ETHUSDT_binance_1h_long_liquidity_regime/metadata.json INFO
2026-01-01 11:45:03,197 - System.tprint - INFO - ℹ️ 🐛 DEBUG: _load_metadata() checking versioned_artifacts/ETHUSDT_binance_1h_long_liquidity_regime/metadata.json INFO
[2026-01-01 11:45:03.197] 🐛 DEBUG: Metadata file exists, size: 200 bytes INFO
2026-01-01 11:45:03,198 - System.tprint - INFO - ℹ️ 🐛 DEBUG: Metadata file exists, size: 200 bytes INFO
[2026-01-01 11:45:03.197] 🐛 DEBUG: Successfully loaded metadata with 0 versions INFO
2026-01-01 11:45:03,198 - System.tprint - INFO - ℹ️ 🐛 DEBUG: Successfully loaded metadata with 0 versions INFO
[2026-01-01 11:45:03.197] 🐛 DEBUG: Found 0 versions in metadata: [] INFO
2026-01-01 11:45:03,198 - System.tprint - INFO - ℹ️ 🐛 DEBUG: Found 0 versions in metadata: [] INFO
[2026-01-01 11:45:03.198] 🐛 DEBUG: Found 0 versions in HDF5: [] INFO
2026-01-01 11:45:03,198 - System.tprint - INFO - ℹ️ 🐛 DEBUG: Found 0 versions in HDF5: [] INFO
[2026-01-01 11:45:03.199] 🐛 DEBUG: _load_metadata() checking versioned_artifacts/ETHUSDT_binance_15m_long_volatility_burst/metadata.json INFO
2026-01-01 11:45:03,199 - System.tprint - INFO - ℹ️ 🐛 DEBUG: _load_metadata() checking versioned_artifacts/ETHUSDT_binance_15m_long_volatility_burst/metadata.json INFO
[2026-01-01 11:45:03.199] 🐛 DEBUG: Metadata file does not exist, returning default metadata INFO
2026-01-01 11:45:03,199 - System.tprint - INFO - ℹ️ 🐛 DEBUG: Metadata file does not exist, returning default metadata INFO
[2026-01-01 11:45:03.199] 🐛 DEBUG: list_versions() called INFO
2026-01-01 11:45:03,200 - System.tprint - INFO - ℹ️ 🐛 DEBUG: list_versions() called INFO
[2026-01-01 11:45:03.199] 🐛 DEBUG: Metadata file exists: False INFO
2026-01-01 11:45:03,200 - System.tprint - INFO - ℹ️ 🐛 DEBUG: Metadata file exists: False INFO
[2026-01-01 11:45:03.199] 🐛 DEBUG: HDF5 file exists: True INFO
2026-01-01 11:45:03,200 - System.tprint - INFO - ℹ️ 🐛 DEBUG: HDF5 file exists: True INFO
[2026-01-01 11:45:03.199] 🐛 DEBUG: Reloading metadata to get latest versions INFO
2026-01-01 11:45:03,200 - System.tprint - INFO - ℹ️ 🐛 DEBUG: Reloading metadata to get latest versions INFO
[2026-01-01 11:45:03.199] 🐛 DEBUG: _load_metadata() checking versioned_artifacts/ETHUSDT_binance_15m_long_volatility_burst/metadata.json INFO
2026-01-01 11:45:03,200 - System.tprint - INFO - ℹ️ 🐛 DEBUG: _load_metadata() checking versioned_artifacts/ETHUSDT_binance_15m_long_volatility_burst/metadata.json INFO
[2026-01-01 11:45:03.199] 🐛 DEBUG: Metadata file does not exist, returning default metadata INFO
2026-01-01 11:45:03,200 - System.tprint - INFO - ℹ️ 🐛 DEBUG: Metadata file does not exist, returning default metadata INFO
[2026-01-01 11:45:03.199] 🐛 DEBUG: Found 0 versions in metadata: [] INFO
2026-01-01 11:45:03,200 - System.tprint - INFO - ℹ️ 🐛 DEBUG: Found 0 versions in metadata: [] INFO
[2026-01-01 11:45:03.200] 🐛 DEBUG: Found 0 versions in HDF5: [] INFO
2026-01-01 11:45:03,201 - System.tprint - INFO - ℹ️ 🐛 DEBUG: Found 0 versions in HDF5: [] INFO
[2026-01-01 11:45:03.200] 🐛 DEBUG: _load_metadata() checking versioned_artifacts/ETHUSDT_binance_1h_long_regime_alpha/metadata.json INFO
2026-01-01 11:45:03,201 - System.tprint - INFO - ℹ️ 🐛 DEBUG: _load_metadata() checking versioned_artifacts/ETHUSDT_binance_1h_long_regime_alpha/metadata.json INFO
[2026-01-01 11:45:03.200] 🐛 DEBUG: Metadata file exists, size: 6902 bytes INFO
2026-01-01 11:45:03,201 - System.tprint - INFO - ℹ️ 🐛 DEBUG: Metadata file exists, size: 6902 bytes INFO
[2026-01-01 11:45:03.200] 🐛 DEBUG: Successfully loaded metadata with 5 versions INFO
2026-01-01 11:45:03,201 - System.tprint - INFO - ℹ️ 🐛 DEBUG: Successfully loaded metadata with 5 versions INFO
[2026-01-01 11:45:03.200] 🐛 DEBUG: list_versions() called INFO
2026-01-01 11:45:03,201 - System.tprint - INFO - ℹ️ 🐛 DEBUG: list_versions() called INFO
[2026-01-01 11:45:03.200] 🐛 DEBUG: Metadata file exists: True INFO
2026-01-01 11:45:03,201 - System.tprint - INFO - ℹ️ 🐛 DEBUG: Metadata file exists: True INFO
[2026-01-01 11:45:03.200] 🐛 DEBUG: HDF5 file exists: True INFO
2026-01-01 11:45:03,202 - System.tprint - INFO - ℹ️ 🐛 DEBUG: HDF5 file exists: True INFO
[2026-01-01 11:45:03.202] 🐛 DEBUG: Reloading metadata to get latest versions INFO
2026-01-01 11:45:03,202 - System.tprint - INFO - ℹ️ 🐛 DEBUG: Reloading metadata to get latest versions INFO
[2026-01-01 11:45:03.202] 🐛 DEBUG: _load_metadata() checking versioned_artifacts/ETHUSDT_binance_1h_long_regime_alpha/metadata.json INFO
2026-01-01 11:45:03,202 - System.tprint - INFO - ℹ️ 🐛 DEBUG: _load_metadata() checking versioned_artifacts/ETHUSDT_binance_1h_long_regime_alpha/metadata.json INFO
[2026-01-01 11:45:03.202] 🐛 DEBUG: Metadata file exists, size: 6902 bytes INFO
2026-01-01 11:45:03,203 - System.tprint - INFO - ℹ️ 🐛 DEBUG: Metadata file exists, size: 6902 bytes INFO
[2026-01-01 11:45:03.202] 🐛 DEBUG: Successfully loaded metadata with 5 versions INFO
2026-01-01 11:45:03,203 - System.tprint - INFO - ℹ️ 🐛 DEBUG: Successfully loaded metadata with 5 versions INFO
[2026-01-01 11:45:03.203] 🐛 DEBUG: Found 5 versions in metadata: ['hmm_alpha_regime_stats_1h_20251122_151841_186', 'hmm_alpha_training_data_1h_20251122_164502_922', 'hmm_alpha_regime_stats_1h_20251122_164502_963', 'hmm_alpha_training_data_1h_20251122_171931_773', 'hmm_alpha_regime_stats_1h_20251122_171931_857'] INFO
2026-01-01 11:45:03,203 - System.tprint - INFO - ℹ️ 🐛 DEBUG: Found 5 versions in metadata: ['hmm_alpha_regime_stats_1h_20251122_151841_186', 'hmm_alpha_training_data_1h_20251122_164502_922', 'hmm_alpha_regime_stats_1h_20251122_164502_963', 'hmm_alpha_training_data_1h_20251122_171931_773', 'hmm_alpha_regime_stats_1h_20251122_171931_857'] INFO
[2026-01-01 11:45:03.203] 🐛 DEBUG: Found 5 versions in HDF5: ['hmm_alpha_regime_stats_1h_20251122_151841_186', 'hmm_alpha_regime_stats_1h_20251122_164502_963', 'hmm_alpha_regime_stats_1h_20251122_171931_857', 'hmm_alpha_training_data_1h_20251122_164502_922', 'hmm_alpha_training_data_1h_20251122_171931_773'] INFO
2026-01-01 11:45:03,204 - System.tprint - INFO - ℹ️ 🐛 DEBUG: Found 5 versions in HDF5: ['hmm_alpha_regime_stats_1h_20251122_151841_186', 'hmm_alpha_regime_stats_1h_20251122_164502_963', 'hmm_alpha_regime_stats_1h_20251122_171931_857', 'hmm_alpha_training_data_1h_20251122_164502_922', 'hmm_alpha_training_data_1h_20251122_171931_773'] INFO
[2026-01-01 11:45:03.205] 🐛 DEBUG: _load_metadata() checking versioned_artifacts/ETHUSDT_binance_1h_long_analyst/metadata.json INFO
2026-01-01 11:45:03,205 - System.tprint - INFO - ℹ️ 🐛 DEBUG: _load_metadata() checking versioned_artifacts/ETHUSDT_binance_1h_long_analyst/metadata.json INFO
[2026-01-01 11:45:03.205] 🐛 DEBUG: Metadata file exists, size: 139 bytes INFO
2026-01-01 11:45:03,205 - System.tprint - INFO - ℹ️ 🐛 DEBUG: Metadata file exists, size: 139 bytes INFO
[2026-01-01 11:45:03.205] 🐛 DEBUG: Successfully loaded metadata with 0 versions INFO
2026-01-01 11:45:03,205 - System.tprint - INFO - ℹ️ 🐛 DEBUG: Successfully loaded metadata with 0 versions INFO
[2026-01-01 11:45:03.205] 🐛 DEBUG: list_versions() called INFO
2026-01-01 11:45:03,205 - System.tprint - INFO - ℹ️ 🐛 DEBUG: list_versions() called INFO
[2026-01-01 11:45:03.205] 🐛 DEBUG: Metadata file exists: True INFO
2026-01-01 11:45:03,206 - System.tprint - INFO - ℹ️ 🐛 DEBUG: Metadata file exists: True INFO
[2026-01-01 11:45:03.205] 🐛 DEBUG: HDF5 file exists: True INFO
2026-01-01 11:45:03,206 - System.tprint - INFO - ℹ️ 🐛 DEBUG: HDF5 file exists: True INFO
[2026-01-01 11:45:03.205] 🐛 DEBUG: Reloading metadata to get latest versions INFO
2026-01-01 11:45:03,206 - System.tprint - INFO - ℹ️ 🐛 DEBUG: Reloading metadata to get latest versions INFO
[2026-01-01 11:45:03.205] 🐛 DEBUG: _load_metadata() checking versioned_artifacts/ETHUSDT_binance_1h_long_analyst/metadata.json INFO
2026-01-01 11:45:03,206 - System.tprint - INFO - ℹ️ 🐛 DEBUG: _load_metadata() checking versioned_artifacts/ETHUSDT_binance_1h_long_analyst/metadata.json INFO
[2026-01-01 11:45:03.206] 🐛 DEBUG: Metadata file exists, size: 139 bytes INFO
2026-01-01 11:45:03,206 - System.tprint - INFO - ℹ️ 🐛 DEBUG: Metadata file exists, size: 139 bytes INFO
[2026-01-01 11:45:03.206] 🐛 DEBUG: Successfully loaded metadata with 0 versions INFO
2026-01-01 11:45:03,206 - System.tprint - INFO - ℹ️ 🐛 DEBUG: Successfully loaded metadata with 0 versions INFO
[2026-01-01 11:45:03.206] 🐛 DEBUG: Found 0 versions in metadata: [] INFO
2026-01-01 11:45:03,206 - System.tprint - INFO - ℹ️ 🐛 DEBUG: Found 0 versions in metadata: [] INFO
[2026-01-01 11:45:03.207] 🐛 DEBUG: Found 0 versions in HDF5: [] INFO
2026-01-01 11:45:03,207 - System.tprint - INFO - ℹ️ 🐛 DEBUG: Found 0 versions in HDF5: [] INFO
[2026-01-01 11:45:03.207] 🐛 DEBUG: _load_metadata() checking versioned_artifacts/ETHUSDT_binance_1h_long_regime_path/metadata.json INFO
2026-01-01 11:45:03,208 - System.tprint - INFO - ℹ️ 🐛 DEBUG: _load_metadata() checking versioned_artifacts/ETHUSDT_binance_1h_long_regime_path/metadata.json INFO
[2026-01-01 11:45:03.207] 🐛 DEBUG: Metadata file exists, size: 200 bytes INFO
2026-01-01 11:45:03,208 - System.tprint - INFO - ℹ️ 🐛 DEBUG: Metadata file exists, size: 200 bytes INFO
[2026-01-01 11:45:03.208] 🐛 DEBUG: Successfully loaded metadata with 0 versions INFO
2026-01-01 11:45:03,208 - System.tprint - INFO - ℹ️ 🐛 DEBUG: Successfully loaded metadata with 0 versions INFO
[2026-01-01 11:45:03.208] 🐛 DEBUG: list_versions() called INFO
2026-01-01 11:45:03,208 - System.tprint - INFO - ℹ️ 🐛 DEBUG: list_versions() called INFO
[2026-01-01 11:45:03.208] 🐛 DEBUG: Metadata file exists: True INFO
2026-01-01 11:45:03,208 - System.tprint - INFO - ℹ️ 🐛 DEBUG: Metadata file exists: True INFO
[2026-01-01 11:45:03.208] 🐛 DEBUG: HDF5 file exists: True INFO
2026-01-01 11:45:03,208 - System.tprint - INFO - ℹ️ 🐛 DEBUG: HDF5 file exists: True INFO
[2026-01-01 11:45:03.208] 🐛 DEBUG: Reloading metadata to get latest versions INFO
2026-01-01 11:45:03,209 - System.tprint - INFO - ℹ️ 🐛 DEBUG: Reloading metadata to get latest versions INFO
[2026-01-01 11:45:03.208] 🐛 DEBUG: _load_metadata() checking versioned_artifacts/ETHUSDT_binance_1h_long_regime_path/metadata.json INFO
2026-01-01 11:45:03,209 - System.tprint - INFO - ℹ️ 🐛 DEBUG: _load_metadata() checking versioned_artifacts/ETHUSDT_binance_1h_long_regime_path/metadata.json INFO
[2026-01-01 11:45:03.208] 🐛 DEBUG: Metadata file exists, size: 200 bytes INFO
2026-01-01 11:45:03,209 - System.tprint - INFO - ℹ️ 🐛 DEBUG: Metadata file exists, size: 200 bytes INFO
[2026-01-01 11:45:03.208] 🐛 DEBUG: Successfully loaded metadata with 0 versions INFO
2026-01-01 11:45:03,209 - System.tprint - INFO - ℹ️ 🐛 DEBUG: Successfully loaded metadata with 0 versions INFO
[2026-01-01 11:45:03.208] 🐛 DEBUG: Found 0 versions in metadata: [] INFO
2026-01-01 11:45:03,209 - System.tprint - INFO - ℹ️ 🐛 DEBUG: Found 0 versions in metadata: [] INFO
[2026-01-01 11:45:03.209] 🐛 DEBUG: Found 0 versions in HDF5: [] INFO
2026-01-01 11:45:03,209 - System.tprint - INFO - ℹ️ 🐛 DEBUG: Found 0 versions in HDF5: [] INFO
[2026-01-01 11:45:03.209] 🐛 DEBUG: _load_metadata() checking versioned_artifacts/None_None_None_long_regime/metadata.json INFO
2026-01-01 11:45:03,210 - System.tprint - INFO - ℹ️ 🐛 DEBUG: _load_metadata() checking versioned_artifacts/None_None_None_long_regime/metadata.json INFO
[2026-01-01 11:45:03.209] 🐛 DEBUG: Metadata file exists, size: 139 bytes INFO
2026-01-01 11:45:03,210 - System.tprint - INFO - ℹ️ 🐛 DEBUG: Metadata file exists, size: 139 bytes INFO
[2026-01-01 11:45:03.209] 🐛 DEBUG: Successfully loaded metadata with 0 versions INFO
2026-01-01 11:45:03,210 - System.tprint - INFO - ℹ️ 🐛 DEBUG: Successfully loaded metadata with 0 versions INFO
[2026-01-01 11:45:03.209] 🐛 DEBUG: list_versions() called INFO
2026-01-01 11:45:03,210 - System.tprint - INFO - ℹ️ 🐛 DEBUG: list_versions() called INFO
[2026-01-01 11:45:03.209] 🐛 DEBUG: Metadata file exists: True INFO
2026-01-01 11:45:03,210 - System.tprint - INFO - ℹ️ 🐛 DEBUG: Metadata file exists: True INFO
[2026-01-01 11:45:03.209] 🐛 DEBUG: HDF5 file exists: True INFO
2026-01-01 11:45:03,210 - System.tprint - INFO - ℹ️ 🐛 DEBUG: HDF5 file exists: True INFO
[2026-01-01 11:45:03.210] 🐛 DEBUG: Reloading metadata to get latest versions INFO
2026-01-01 11:45:03,210 - System.tprint - INFO - ℹ️ 🐛 DEBUG: Reloading metadata to get latest versions INFO
[2026-01-01 11:45:03.210] 🐛 DEBUG: _load_metadata() checking versioned_artifacts/None_None_None_long_regime/metadata.json INFO
2026-01-01 11:45:03,211 - System.tprint - INFO - ℹ️ 🐛 DEBUG: _load_metadata() checking versioned_artifacts/None_None_None_long_regime/metadata.json INFO
[2026-01-01 11:45:03.210] 🐛 DEBUG: Metadata file exists, size: 139 bytes INFO
2026-01-01 11:45:03,211 - System.tprint - INFO - ℹ️ 🐛 DEBUG: Metadata file exists, size: 139 bytes INFO
[2026-01-01 11:45:03.210] 🐛 DEBUG: Successfully loaded metadata with 0 versions INFO
2026-01-01 11:45:03,211 - System.tprint - INFO - ℹ️ 🐛 DEBUG: Successfully loaded metadata with 0 versions INFO
[2026-01-01 11:45:03.210] 🐛 DEBUG: Found 0 versions in metadata: [] INFO
2026-01-01 11:45:03,211 - System.tprint - INFO - ℹ️ 🐛 DEBUG: Found 0 versions in metadata: [] INFO
[2026-01-01 11:45:03.210] 🐛 DEBUG: Found 0 versions in HDF5: [] INFO
2026-01-01 11:45:03,211 - System.tprint - INFO - ℹ️ 🐛 DEBUG: Found 0 versions in HDF5: [] INFO
[2026-01-01 11:45:03.210] 🐛 DEBUG: _load_metadata() checking versioned_artifacts/ETHUSDT_binance_1h_long_mean_reversion/metadata.json INFO
2026-01-01 11:45:03,211 - System.tprint - INFO - ℹ️ 🐛 DEBUG: _load_metadata() checking versioned_artifacts/ETHUSDT_binance_1h_long_mean_reversion/metadata.json INFO
[2026-01-01 11:45:03.211] 🐛 DEBUG: Metadata file exists, size: 3914 bytes INFO
2026-01-01 11:45:03,211 - System.tprint - INFO - ℹ️ 🐛 DEBUG: Metadata file exists, size: 3914 bytes INFO
[2026-01-01 11:45:03.211] 🐛 DEBUG: Successfully loaded metadata with 5 versions INFO
2026-01-01 11:45:03,212 - System.tprint - INFO - ℹ️ 🐛 DEBUG: Successfully loaded metadata with 5 versions INFO
[2026-01-01 11:45:03.211] 🐛 DEBUG: list_versions() called INFO
2026-01-01 11:45:03,212 - System.tprint - INFO - ℹ️ 🐛 DEBUG: list_versions() called INFO
[2026-01-01 11:45:03.211] 🐛 DEBUG: Metadata file exists: True INFO
2026-01-01 11:45:03,212 - System.tprint - INFO - ℹ️ 🐛 DEBUG: Metadata file exists: True INFO
[2026-01-01 11:45:03.211] 🐛 DEBUG: HDF5 file exists: True INFO
2026-01-01 11:45:03,212 - System.tprint - INFO - ℹ️ 🐛 DEBUG: HDF5 file exists: True INFO
[2026-01-01 11:45:03.211] 🐛 DEBUG: Reloading metadata to get latest versions INFO
2026-01-01 11:45:03,212 - System.tprint - INFO - ℹ️ 🐛 DEBUG: Reloading metadata to get latest versions INFO
[2026-01-01 11:45:03.211] 🐛 DEBUG: _load_metadata() checking versioned_artifacts/ETHUSDT_binance_1h_long_mean_reversion/metadata.json INFO
2026-01-01 11:45:03,212 - System.tprint - INFO - ℹ️ 🐛 DEBUG: _load_metadata() checking versioned_artifacts/ETHUSDT_binance_1h_long_mean_reversion/metadata.json INFO
[2026-01-01 11:45:03.211] 🐛 DEBUG: Metadata file exists, size: 3914 bytes INFO
2026-01-01 11:45:03,212 - System.tprint - INFO - ℹ️ 🐛 DEBUG: Metadata file exists, size: 3914 bytes INFO
[2026-01-01 11:45:03.211] 🐛 DEBUG: Successfully loaded metadata with 5 versions INFO
2026-01-01 11:45:03,212 - System.tprint - INFO - ℹ️ 🐛 DEBUG: Successfully loaded metadata with 5 versions INFO
[2026-01-01 11:45:03.211] 🐛 DEBUG: Found 5 versions in metadata: ['ml_mean_reversion_training_data_1h_20251124_231116_323', 'ml_mean_reversion_training_data_1h_20251125_001022_753', 'ml_mean_reversion_training_data_1h_20251125_002337_863', 'ml_mean_reversion_training_data_1h_20251125_003116_776', 'ml_mean_reversion_training_data_1h_20251126_003120_916'] INFO
2026-01-01 11:45:03,212 - System.tprint - INFO - ℹ️ 🐛 DEBUG: Found 5 versions in metadata: ['ml_mean_reversion_training_data_1h_20251124_231116_323', 'ml_mean_reversion_training_data_1h_20251125_001022_753', 'ml_mean_reversion_training_data_1h_20251125_002337_863', 'ml_mean_reversion_training_data_1h_20251125_003116_776', 'ml_mean_reversion_training_data_1h_20251126_003120_916'] INFO
[2026-01-01 11:45:03.212] 🐛 DEBUG: Found 5 versions in HDF5: ['ml_mean_reversion_training_data_1h_20251124_231116_323', 'ml_mean_reversion_training_data_1h_20251125_001022_753', 'ml_mean_reversion_training_data_1h_20251125_002337_863', 'ml_mean_reversion_training_data_1h_20251125_003116_776', 'ml_mean_reversion_training_data_1h_20251126_003120_916'] INFO
2026-01-01 11:45:03,213 - System.tprint - INFO - ℹ️ 🐛 DEBUG: Found 5 versions in HDF5: ['ml_mean_reversion_training_data_1h_20251124_231116_323', 'ml_mean_reversion_training_data_1h_20251125_001022_753', 'ml_mean_reversion_training_data_1h_20251125_002337_863', 'ml_mean_reversion_training_data_1h_20251125_003116_776', 'ml_mean_reversion_training_data_1h_20251126_003120_916'] INFO
[2026-01-01 11:45:03.212] 🐛 DEBUG: _load_metadata() checking versioned_artifacts/ETHUSDT_binance_15m_long_mean_reversion/metadata.json INFO
2026-01-01 11:45:03,213 - System.tprint - INFO - ℹ️ 🐛 DEBUG: _load_metadata() checking versioned_artifacts/ETHUSDT_binance_15m_long_mean_reversion/metadata.json INFO
[2026-01-01 11:45:03.212] 🐛 DEBUG: Metadata file exists, size: 1472 bytes INFO
2026-01-01 11:45:03,213 - System.tprint - INFO - ℹ️ 🐛 DEBUG: Metadata file exists, size: 1472 bytes INFO
[2026-01-01 11:45:03.214] 🐛 DEBUG: Successfully loaded metadata with 1 versions INFO
2026-01-01 11:45:03,214 - System.tprint - INFO - ℹ️ 🐛 DEBUG: Successfully loaded metadata with 1 versions INFO
[2026-01-01 11:45:03.214] 🐛 DEBUG: list_versions() called INFO
2026-01-01 11:45:03,214 - System.tprint - INFO - ℹ️ 🐛 DEBUG: list_versions() called INFO
[2026-01-01 11:45:03.214] 🐛 DEBUG: Metadata file exists: True INFO
2026-01-01 11:45:03,214 - System.tprint - INFO - ℹ️ 🐛 DEBUG: Metadata file exists: True INFO
[2026-01-01 11:45:03.214] 🐛 DEBUG: HDF5 file exists: True INFO
2026-01-01 11:45:03,214 - System.tprint - INFO - ℹ️ 🐛 DEBUG: HDF5 file exists: True INFO
[2026-01-01 11:45:03.214] 🐛 DEBUG: Reloading metadata to get latest versions INFO
2026-01-01 11:45:03,214 - System.tprint - INFO - ℹ️ 🐛 DEBUG: Reloading metadata to get latest versions INFO
[2026-01-01 11:45:03.214] 🐛 DEBUG: _load_metadata() checking versioned_artifacts/ETHUSDT_binance_15m_long_mean_reversion/metadata.json INFO
2026-01-01 11:45:03,214 - System.tprint - INFO - ℹ️ 🐛 DEBUG: _load_metadata() checking versioned_artifacts/ETHUSDT_binance_15m_long_mean_reversion/metadata.json INFO
[2026-01-01 11:45:03.214] 🐛 DEBUG: Metadata file exists, size: 1472 bytes INFO
2026-01-01 11:45:03,214 - System.tprint - INFO - ℹ️ 🐛 DEBUG: Metadata file exists, size: 1472 bytes INFO
[2026-01-01 11:45:03.214] 🐛 DEBUG: Successfully loaded metadata with 1 versions INFO
2026-01-01 11:45:03,214 - System.tprint - INFO - ℹ️ 🐛 DEBUG: Successfully loaded metadata with 1 versions INFO
[2026-01-01 11:45:03.214] 🐛 DEBUG: Found 1 versions in metadata: ['ml_mean_reversion_training_data_15m_20251213_170600_968'] INFO
2026-01-01 11:45:03,214 - System.tprint - INFO - ℹ️ 🐛 DEBUG: Found 1 versions in metadata: ['ml_mean_reversion_training_data_15m_20251213_170600_968'] INFO
[2026-01-01 11:45:03.214] 🐛 DEBUG: Found 1 versions in HDF5: ['ml_mean_reversion_training_data_15m_20251213_170600_968'] INFO
2026-01-01 11:45:03,214 - System.tprint - INFO - ℹ️ 🐛 DEBUG: Found 1 versions in HDF5: ['ml_mean_reversion_training_data_15m_20251213_170600_968'] INFO
[2026-01-01 11:45:03.215] 🐛 DEBUG: _load_metadata() checking versioned_artifacts/ETHUSDT_binance_15m_long_full/metadata.json INFO
2026-01-01 11:45:03,215 - System.tprint - INFO - ℹ️ 🐛 DEBUG: _load_metadata() checking versioned_artifacts/ETHUSDT_binance_15m_long_full/metadata.json INFO
[2026-01-01 11:45:03.215] 🐛 DEBUG: Metadata file exists, size: 139 bytes INFO
2026-01-01 11:45:03,215 - System.tprint - INFO - ℹ️ 🐛 DEBUG: Metadata file exists, size: 139 bytes INFO
[2026-01-01 11:45:03.215] 🐛 DEBUG: Successfully loaded metadata with 0 versions INFO
2026-01-01 11:45:03,215 - System.tprint - INFO - ℹ️ 🐛 DEBUG: Successfully loaded metadata with 0 versions INFO
[2026-01-01 11:45:03.215] 🐛 DEBUG: list_versions() called INFO
2026-01-01 11:45:03,215 - System.tprint - INFO - ℹ️ 🐛 DEBUG: list_versions() called INFO
[2026-01-01 11:45:03.215] 🐛 DEBUG: Metadata file exists: True INFO
2026-01-01 11:45:03,215 - System.tprint - INFO - ℹ️ 🐛 DEBUG: Metadata file exists: True INFO
[2026-01-01 11:45:03.215] 🐛 DEBUG: HDF5 file exists: True INFO
2026-01-01 11:45:03,215 - System.tprint - INFO - ℹ️ 🐛 DEBUG: HDF5 file exists: True INFO
[2026-01-01 11:45:03.215] 🐛 DEBUG: Reloading metadata to get latest versions INFO
2026-01-01 11:45:03,215 - System.tprint - INFO - ℹ️ 🐛 DEBUG: Reloading metadata to get latest versions INFO
[2026-01-01 11:45:03.215] 🐛 DEBUG: _load_metadata() checking versioned_artifacts/ETHUSDT_binance_15m_long_full/metadata.json INFO
2026-01-01 11:45:03,215 - System.tprint - INFO - ℹ️ 🐛 DEBUG: _load_metadata() checking versioned_artifacts/ETHUSDT_binance_15m_long_full/metadata.json INFO
[2026-01-01 11:45:03.215] 🐛 DEBUG: Metadata file exists, size: 139 bytes INFO
2026-01-01 11:45:03,215 - System.tprint - INFO - ℹ️ 🐛 DEBUG: Metadata file exists, size: 139 bytes INFO
[2026-01-01 11:45:03.215] 🐛 DEBUG: Successfully loaded metadata with 0 versions INFO
2026-01-01 11:45:03,216 - System.tprint - INFO - ℹ️ 🐛 DEBUG: Successfully loaded metadata with 0 versions INFO
[2026-01-01 11:45:03.215] 🐛 DEBUG: Found 0 versions in metadata: [] INFO
2026-01-01 11:45:03,216 - System.tprint - INFO - ℹ️ 🐛 DEBUG: Found 0 versions in metadata: [] INFO
[2026-01-01 11:45:03.216] 🐛 DEBUG: Found 0 versions in HDF5: [] INFO
2026-01-01 11:45:03,216 - System.tprint - INFO - ℹ️ 🐛 DEBUG: Found 0 versions in HDF5: [] INFO
[2026-01-01 11:45:03.217] 🐛 DEBUG: _load_metadata() checking versioned_artifacts/ETHUSDT_binance_15m_long_ml_smc_regime/metadata.json INFO
2026-01-01 11:45:03,217 - System.tprint - INFO - ℹ️ 🐛 DEBUG: _load_metadata() checking versioned_artifacts/ETHUSDT_binance_15m_long_ml_smc_regime/metadata.json INFO
[2026-01-01 11:45:03.217] 🐛 DEBUG: Metadata file does not exist, returning default metadata INFO
2026-01-01 11:45:03,217 - System.tprint - INFO - ℹ️ 🐛 DEBUG: Metadata file does not exist, returning default metadata INFO
[2026-01-01 11:45:03.217] 🐛 DEBUG: list_versions() called INFO
2026-01-01 11:45:03,217 - System.tprint - INFO - ℹ️ 🐛 DEBUG: list_versions() called INFO
[2026-01-01 11:45:03.217] 🐛 DEBUG: Metadata file exists: False INFO
2026-01-01 11:45:03,217 - System.tprint - INFO - ℹ️ 🐛 DEBUG: Metadata file exists: False INFO
[2026-01-01 11:45:03.217] 🐛 DEBUG: HDF5 file exists: True INFO
2026-01-01 11:45:03,218 - System.tprint - INFO - ℹ️ 🐛 DEBUG: HDF5 file exists: True INFO
[2026-01-01 11:45:03.217] 🐛 DEBUG: Reloading metadata to get latest versions INFO
2026-01-01 11:45:03,218 - System.tprint - INFO - ℹ️ 🐛 DEBUG: Reloading metadata to get latest versions INFO
[2026-01-01 11:45:03.217] 🐛 DEBUG: _load_metadata() checking versioned_artifacts/ETHUSDT_binance_15m_long_ml_smc_regime/metadata.json INFO
2026-01-01 11:45:03,218 - System.tprint - INFO - ℹ️ 🐛 DEBUG: _load_metadata() checking versioned_artifacts/ETHUSDT_binance_15m_long_ml_smc_regime/metadata.json INFO
[2026-01-01 11:45:03.217] 🐛 DEBUG: Metadata file does not exist, returning default metadata INFO
2026-01-01 11:45:03,218 - System.tprint - INFO - ℹ️ 🐛 DEBUG: Metadata file does not exist, returning default metadata INFO
[2026-01-01 11:45:03.217] 🐛 DEBUG: Found 0 versions in metadata: [] INFO
2026-01-01 11:45:03,218 - System.tprint - INFO - ℹ️ 🐛 DEBUG: Found 0 versions in metadata: [] INFO
[2026-01-01 11:45:03.218] 🐛 DEBUG: Found 0 versions in HDF5: [] INFO
2026-01-01 11:45:03,219 - System.tprint - INFO - ℹ️ 🐛 DEBUG: Found 0 versions in HDF5: [] INFO
[2026-01-01 11:45:03.221] 🐛 DEBUG: _load_metadata() checking versioned_artifacts/ETHUSDT_binance_15m_long_regime_meso_trend/metadata.json INFO
2026-01-01 11:45:03,221 - System.tprint - INFO - ℹ️ 🐛 DEBUG: _load_metadata() checking versioned_artifacts/ETHUSDT_binance_15m_long_regime_meso_trend/metadata.json INFO
[2026-01-01 11:45:03.221] 🐛 DEBUG: Metadata file exists, size: 139 bytes INFO
2026-01-01 11:45:03,221 - System.tprint - INFO - ℹ️ 🐛 DEBUG: Metadata file exists, size: 139 bytes INFO
[2026-01-01 11:45:03.221] 🐛 DEBUG: Successfully loaded metadata with 0 versions INFO
2026-01-01 11:45:03,221 - System.tprint - INFO - ℹ️ 🐛 DEBUG: Successfully loaded metadata with 0 versions INFO
[2026-01-01 11:45:03.222] 🐛 DEBUG: list_versions() called INFO
2026-01-01 11:45:03,222 - System.tprint - INFO - ℹ️ 🐛 DEBUG: list_versions() called INFO
[2026-01-01 11:45:03.222] 🐛 DEBUG: Metadata file exists: True INFO
2026-01-01 11:45:03,222 - System.tprint - INFO - ℹ️ 🐛 DEBUG: Metadata file exists: True INFO
[2026-01-01 11:45:03.222] 🐛 DEBUG: HDF5 file exists: True INFO
2026-01-01 11:45:03,222 - System.tprint - INFO - ℹ️ 🐛 DEBUG: HDF5 file exists: True INFO
[2026-01-01 11:45:03.222] 🐛 DEBUG: Reloading metadata to get latest versions INFO
2026-01-01 11:45:03,222 - System.tprint - INFO - ℹ️ 🐛 DEBUG: Reloading metadata to get latest versions INFO
[2026-01-01 11:45:03.222] 🐛 DEBUG: _load_metadata() checking versioned_artifacts/ETHUSDT_binance_15m_long_regime_meso_trend/metadata.json INFO
2026-01-01 11:45:03,222 - System.tprint - INFO - ℹ️ 🐛 DEBUG: _load_metadata() checking versioned_artifacts/ETHUSDT_binance_15m_long_regime_meso_trend/metadata.json INFO
[2026-01-01 11:45:03.222] 🐛 DEBUG: Metadata file exists, size: 139 bytes INFO
2026-01-01 11:45:03,222 - System.tprint - INFO - ℹ️ 🐛 DEBUG: Metadata file exists, size: 139 bytes INFO
[2026-01-01 11:45:03.223] 🐛 DEBUG: Successfully loaded metadata with 0 versions INFO
2026-01-01 11:45:03,223 - System.tprint - INFO - ℹ️ 🐛 DEBUG: Successfully loaded metadata with 0 versions INFO
[2026-01-01 11:45:03.223] 🐛 DEBUG: Found 0 versions in metadata: [] INFO
2026-01-01 11:45:03,223 - System.tprint - INFO - ℹ️ 🐛 DEBUG: Found 0 versions in metadata: [] INFO
[2026-01-01 11:45:03.223] 🐛 DEBUG: Found 0 versions in HDF5: [] INFO
2026-01-01 11:45:03,223 - System.tprint - INFO - ℹ️ 🐛 DEBUG: Found 0 versions in HDF5: [] INFO
[2026-01-01 11:45:03.224] 🐛 DEBUG: _load_metadata() checking versioned_artifacts/ETHUSDT_binance_15m_long_regime/metadata.json INFO
2026-01-01 11:45:03,224 - System.tprint - INFO - ℹ️ 🐛 DEBUG: _load_metadata() checking versioned_artifacts/ETHUSDT_binance_15m_long_regime/metadata.json INFO
[2026-01-01 11:45:03.224] 🐛 DEBUG: Metadata file exists, size: 200 bytes INFO
2026-01-01 11:45:03,224 - System.tprint - INFO - ℹ️ 🐛 DEBUG: Metadata file exists, size: 200 bytes INFO
[2026-01-01 11:45:03.224] 🐛 DEBUG: Successfully loaded metadata with 0 versions INFO
2026-01-01 11:45:03,224 - System.tprint - INFO - ℹ️ 🐛 DEBUG: Successfully loaded metadata with 0 versions INFO
[2026-01-01 11:45:03.224] 🐛 DEBUG: list_versions() called INFO
2026-01-01 11:45:03,224 - System.tprint - INFO - ℹ️ 🐛 DEBUG: list_versions() called INFO
[2026-01-01 11:45:03.224] 🐛 DEBUG: Metadata file exists: True INFO
2026-01-01 11:45:03,225 - System.tprint - INFO - ℹ️ 🐛 DEBUG: Metadata file exists: True INFO
[2026-01-01 11:45:03.224] 🐛 DEBUG: HDF5 file exists: True INFO
2026-01-01 11:45:03,225 - System.tprint - INFO - ℹ️ 🐛 DEBUG: HDF5 file exists: True INFO
[2026-01-01 11:45:03.224] 🐛 DEBUG: Reloading metadata to get latest versions INFO
2026-01-01 11:45:03,225 - System.tprint - INFO - ℹ️ 🐛 DEBUG: Reloading metadata to get latest versions INFO
[2026-01-01 11:45:03.224] 🐛 DEBUG: _load_metadata() checking versioned_artifacts/ETHUSDT_binance_15m_long_regime/metadata.json INFO
2026-01-01 11:45:03,225 - System.tprint - INFO - ℹ️ 🐛 DEBUG: _load_metadata() checking versioned_artifacts/ETHUSDT_binance_15m_long_regime/metadata.json INFO
[2026-01-01 11:45:03.224] 🐛 DEBUG: Metadata file exists, size: 200 bytes INFO
2026-01-01 11:45:03,225 - System.tprint - INFO - ℹ️ 🐛 DEBUG: Metadata file exists, size: 200 bytes INFO
[2026-01-01 11:45:03.224] 🐛 DEBUG: Successfully loaded metadata with 0 versions INFO
2026-01-01 11:45:03,225 - System.tprint - INFO - ℹ️ 🐛 DEBUG: Successfully loaded metadata with 0 versions INFO
[2026-01-01 11:45:03.224] 🐛 DEBUG: Found 0 versions in metadata: [] INFO
2026-01-01 11:45:03,225 - System.tprint - INFO - ℹ️ 🐛 DEBUG: Found 0 versions in metadata: [] INFO
[2026-01-01 11:45:03.225] 🐛 DEBUG: Found 0 versions in HDF5: [] INFO
2026-01-01 11:45:03,225 - System.tprint - INFO - ℹ️ 🐛 DEBUG: Found 0 versions in HDF5: [] INFO
[2026-01-01 11:45:03.225] 🐛 DEBUG: _load_metadata() checking versioned_artifacts/ETHUSDT_binance_1h_long_smc_regime/metadata.json INFO
2026-01-01 11:45:03,226 - System.tprint - INFO - ℹ️ 🐛 DEBUG: _load_metadata() checking versioned_artifacts/ETHUSDT_binance_1h_long_smc_regime/metadata.json INFO
[2026-01-01 11:45:03.225] 🐛 DEBUG: Metadata file exists, size: 3536 bytes INFO
2026-01-01 11:45:03,226 - System.tprint - INFO - ℹ️ 🐛 DEBUG: Metadata file exists, size: 3536 bytes INFO
[2026-01-01 11:45:03.225] 🐛 DEBUG: Successfully loaded metadata with 5 versions INFO
2026-01-01 11:45:03,226 - System.tprint - INFO - ℹ️ 🐛 DEBUG: Successfully loaded metadata with 5 versions INFO
[2026-01-01 11:45:03.225] 🐛 DEBUG: list_versions() called INFO
2026-01-01 11:45:03,226 - System.tprint - INFO - ℹ️ 🐛 DEBUG: list_versions() called INFO
[2026-01-01 11:45:03.226] 🐛 DEBUG: Metadata file exists: True INFO
2026-01-01 11:45:03,226 - System.tprint - INFO - ℹ️ 🐛 DEBUG: Metadata file exists: True INFO
[2026-01-01 11:45:03.226] 🐛 DEBUG: HDF5 file exists: True INFO
2026-01-01 11:45:03,226 - System.tprint - INFO - ℹ️ 🐛 DEBUG: HDF5 file exists: True INFO
[2026-01-01 11:45:03.226] 🐛 DEBUG: Reloading metadata to get latest versions INFO
2026-01-01 11:45:03,226 - System.tprint - INFO - ℹ️ 🐛 DEBUG: Reloading metadata to get latest versions INFO
[2026-01-01 11:45:03.226] 🐛 DEBUG: _load_metadata() checking versioned_artifacts/ETHUSDT_binance_1h_long_smc_regime/metadata.json INFO
2026-01-01 11:45:03,227 - System.tprint - INFO - ℹ️ 🐛 DEBUG: _load_metadata() checking versioned_artifacts/ETHUSDT_binance_1h_long_smc_regime/metadata.json INFO
[2026-01-01 11:45:03.226] 🐛 DEBUG: Metadata file exists, size: 3536 bytes INFO
2026-01-01 11:45:03,227 - System.tprint - INFO - ℹ️ 🐛 DEBUG: Metadata file exists, size: 3536 bytes INFO
[2026-01-01 11:45:03.226] 🐛 DEBUG: Successfully loaded metadata with 5 versions INFO
2026-01-01 11:45:03,227 - System.tprint - INFO - ℹ️ 🐛 DEBUG: Successfully loaded metadata with 5 versions INFO
[2026-01-01 11:45:03.226] 🐛 DEBUG: Found 5 versions in metadata: ['smc_predictions_with_confidence_20251124_233038_087', 'smc_predictions_with_confidence_20251125_001011_321', 'smc_predictions_with_confidence_20251125_001842_252', 'smc_predictions_with_confidence_20251126_003009_061', 'smc_predictions_with_confidence_20251126_003415_856'] INFO
2026-01-01 11:45:03,227 - System.tprint - INFO - ℹ️ 🐛 DEBUG: Found 5 versions in metadata: ['smc_predictions_with_confidence_20251124_233038_087', 'smc_predictions_with_confidence_20251125_001011_321', 'smc_predictions_with_confidence_20251125_001842_252', 'smc_predictions_with_confidence_20251126_003009_061', 'smc_predictions_with_confidence_20251126_003415_856'] INFO
[2026-01-01 11:45:03.226] 🐛 DEBUG: Found 5 versions in HDF5: ['smc_predictions_with_confidence_20251124_233038_087', 'smc_predictions_with_confidence_20251125_001011_321', 'smc_predictions_with_confidence_20251125_001842_252', 'smc_predictions_with_confidence_20251126_003009_061', 'smc_predictions_with_confidence_20251126_003415_856'] INFO
2026-01-01 11:45:03,227 - System.tprint - INFO - ℹ️ 🐛 DEBUG: Found 5 versions in HDF5: ['smc_predictions_with_confidence_20251124_233038_087', 'smc_predictions_with_confidence_20251125_001011_321', 'smc_predictions_with_confidence_20251125_001842_252', 'smc_predictions_with_confidence_20251126_003009_061', 'smc_predictions_with_confidence_20251126_003415_856'] INFO
[2026-01-01 11:45:03.227] 🐛 DEBUG: _load_metadata() checking versioned_artifacts/ETHUSDT_binance_15m_long_regime_path/metadata.json INFO
2026-01-01 11:45:03,227 - System.tprint - INFO - ℹ️ 🐛 DEBUG: _load_metadata() checking versioned_artifacts/ETHUSDT_binance_15m_long_regime_path/metadata.json INFO
[2026-01-01 11:45:03.227] 🐛 DEBUG: Metadata file exists, size: 200 bytes INFO
2026-01-01 11:45:03,228 - System.tprint - INFO - ℹ️ 🐛 DEBUG: Metadata file exists, size: 200 bytes INFO
[2026-01-01 11:45:03.227] 🐛 DEBUG: Successfully loaded metadata with 0 versions INFO
2026-01-01 11:45:03,228 - System.tprint - INFO - ℹ️ 🐛 DEBUG: Successfully loaded metadata with 0 versions INFO
[2026-01-01 11:45:03.227] 🐛 DEBUG: list_versions() called INFO
2026-01-01 11:45:03,228 - System.tprint - INFO - ℹ️ 🐛 DEBUG: list_versions() called INFO
[2026-01-01 11:45:03.227] 🐛 DEBUG: Metadata file exists: True INFO
2026-01-01 11:45:03,228 - System.tprint - INFO - ℹ️ 🐛 DEBUG: Metadata file exists: True INFO
[2026-01-01 11:45:03.227] 🐛 DEBUG: HDF5 file exists: True INFO
2026-01-01 11:45:03,228 - System.tprint - INFO - ℹ️ 🐛 DEBUG: HDF5 file exists: True INFO
[2026-01-01 11:45:03.227] 🐛 DEBUG: Reloading metadata to get latest versions INFO
2026-01-01 11:45:03,228 - System.tprint - INFO - ℹ️ 🐛 DEBUG: Reloading metadata to get latest versions INFO
[2026-01-01 11:45:03.227] 🐛 DEBUG: _load_metadata() checking versioned_artifacts/ETHUSDT_binance_15m_long_regime_path/metadata.json INFO
2026-01-01 11:45:03,228 - System.tprint - INFO - ℹ️ 🐛 DEBUG: _load_metadata() checking versioned_artifacts/ETHUSDT_binance_15m_long_regime_path/metadata.json INFO
[2026-01-01 11:45:03.227] 🐛 DEBUG: Metadata file exists, size: 200 bytes INFO
2026-01-01 11:45:03,228 - System.tprint - INFO - ℹ️ 🐛 DEBUG: Metadata file exists, size: 200 bytes INFO
[2026-01-01 11:45:03.228] 🐛 DEBUG: Successfully loaded metadata with 0 versions INFO
2026-01-01 11:45:03,229 - System.tprint - INFO - ℹ️ 🐛 DEBUG: Successfully loaded metadata with 0 versions INFO
[2026-01-01 11:45:03.228] 🐛 DEBUG: Found 0 versions in metadata: [] INFO
2026-01-01 11:45:03,229 - System.tprint - INFO - ℹ️ 🐛 DEBUG: Found 0 versions in metadata: [] INFO
[2026-01-01 11:45:03.228] 🐛 DEBUG: Found 0 versions in HDF5: [] INFO
2026-01-01 11:45:03,229 - System.tprint - INFO - ℹ️ 🐛 DEBUG: Found 0 versions in HDF5: [] INFO
[2026-01-01 11:45:03.228] 🐛 DEBUG: _load_metadata() checking versioned_artifacts/ETHUSDT_binance_1h_long_light/metadata.json INFO
2026-01-01 11:45:03,229 - System.tprint - INFO - ℹ️ 🐛 DEBUG: _load_metadata() checking versioned_artifacts/ETHUSDT_binance_1h_long_light/metadata.json INFO
[2026-01-01 11:45:03.228] 🐛 DEBUG: Metadata file exists, size: 139 bytes INFO
2026-01-01 11:45:03,229 - System.tprint - INFO - ℹ️ 🐛 DEBUG: Metadata file exists, size: 139 bytes INFO
[2026-01-01 11:45:03.228] 🐛 DEBUG: Successfully loaded metadata with 0 versions INFO
2026-01-01 11:45:03,229 - System.tprint - INFO - ℹ️ 🐛 DEBUG: Successfully loaded metadata with 0 versions INFO
[2026-01-01 11:45:03.228] 🐛 DEBUG: list_versions() called INFO
2026-01-01 11:45:03,230 - System.tprint - INFO - ℹ️ 🐛 DEBUG: list_versions() called INFO
[2026-01-01 11:45:03.230] 🐛 DEBUG: Metadata file exists: True INFO
2026-01-01 11:45:03,230 - System.tprint - INFO - ℹ️ 🐛 DEBUG: Metadata file exists: True INFO
[2026-01-01 11:45:03.230] 🐛 DEBUG: HDF5 file exists: True INFO
2026-01-01 11:45:03,230 - System.tprint - INFO - ℹ️ 🐛 DEBUG: HDF5 file exists: True INFO
[2026-01-01 11:45:03.230] 🐛 DEBUG: Reloading metadata to get latest versions INFO
2026-01-01 11:45:03,230 - System.tprint - INFO - ℹ️ 🐛 DEBUG: Reloading metadata to get latest versions INFO
[2026-01-01 11:45:03.230] 🐛 DEBUG: _load_metadata() checking versioned_artifacts/ETHUSDT_binance_1h_long_light/metadata.json INFO
2026-01-01 11:45:03,230 - System.tprint - INFO - ℹ️ 🐛 DEBUG: _load_metadata() checking versioned_artifacts/ETHUSDT_binance_1h_long_light/metadata.json INFO
[2026-01-01 11:45:03.230] 🐛 DEBUG: Metadata file exists, size: 139 bytes INFO
2026-01-01 11:45:03,230 - System.tprint - INFO - ℹ️ 🐛 DEBUG: Metadata file exists, size: 139 bytes INFO
[2026-01-01 11:45:03.230] 🐛 DEBUG: Successfully loaded metadata with 0 versions INFO
2026-01-01 11:45:03,230 - System.tprint - INFO - ℹ️ 🐛 DEBUG: Successfully loaded metadata with 0 versions INFO
[2026-01-01 11:45:03.230] 🐛 DEBUG: Found 0 versions in metadata: [] INFO
2026-01-01 11:45:03,231 - System.tprint - INFO - ℹ️ 🐛 DEBUG: Found 0 versions in metadata: [] INFO
[2026-01-01 11:45:03.231] 🐛 DEBUG: Found 0 versions in HDF5: [] INFO
2026-01-01 11:45:03,231 - System.tprint - INFO - ℹ️ 🐛 DEBUG: Found 0 versions in HDF5: [] INFO
[2026-01-01 11:45:03.232] 🐛 DEBUG: _load_metadata() checking versioned_artifacts/ETHUSDT_binance_15m_long_light/metadata.json INFO
2026-01-01 11:45:03,232 - System.tprint - INFO - ℹ️ 🐛 DEBUG: _load_metadata() checking versioned_artifacts/ETHUSDT_binance_15m_long_light/metadata.json INFO
[2026-01-01 11:45:03.232] 🐛 DEBUG: Metadata file exists, size: 1538 bytes INFO
2026-01-01 11:45:03,232 - System.tprint - INFO - ℹ️ 🐛 DEBUG: Metadata file exists, size: 1538 bytes INFO
[2026-01-01 11:45:03.232] 🐛 DEBUG: Successfully loaded metadata with 3 versions INFO
2026-01-01 11:45:03,233 - System.tprint - INFO - ℹ️ 🐛 DEBUG: Successfully loaded metadata with 3 versions INFO
[2026-01-01 11:45:03.232] 🐛 DEBUG: list_versions() called INFO
2026-01-01 11:45:03,233 - System.tprint - INFO - ℹ️ 🐛 DEBUG: list_versions() called INFO
[2026-01-01 11:45:03.232] 🐛 DEBUG: Metadata file exists: True INFO
2026-01-01 11:45:03,233 - System.tprint - INFO - ℹ️ 🐛 DEBUG: Metadata file exists: True INFO
[2026-01-01 11:45:03.232] 🐛 DEBUG: HDF5 file exists: True INFO
2026-01-01 11:45:03,233 - System.tprint - INFO - ℹ️ 🐛 DEBUG: HDF5 file exists: True INFO
[2026-01-01 11:45:03.232] 🐛 DEBUG: Reloading metadata to get latest versions INFO
2026-01-01 11:45:03,233 - System.tprint - INFO - ℹ️ 🐛 DEBUG: Reloading metadata to get latest versions INFO
[2026-01-01 11:45:03.232] 🐛 DEBUG: _load_metadata() checking versioned_artifacts/ETHUSDT_binance_15m_long_light/metadata.json INFO
2026-01-01 11:45:03,233 - System.tprint - INFO - ℹ️ 🐛 DEBUG: _load_metadata() checking versioned_artifacts/ETHUSDT_binance_15m_long_light/metadata.json INFO
[2026-01-01 11:45:03.233] 🐛 DEBUG: Metadata file exists, size: 1538 bytes INFO
2026-01-01 11:45:03,233 - System.tprint - INFO - ℹ️ 🐛 DEBUG: Metadata file exists, size: 1538 bytes INFO
[2026-01-01 11:45:03.233] 🐛 DEBUG: Successfully loaded metadata with 3 versions INFO
2026-01-01 11:45:03,233 - System.tprint - INFO - ℹ️ 🐛 DEBUG: Successfully loaded metadata with 3 versions INFO
[2026-01-01 11:45:03.233] 🐛 DEBUG: Found 3 versions in metadata: ['selected_features_60_20251109_191448_625', 'selected_features_50_20251109_191448_653', 'selected_features_40_20251109_191448_677'] INFO
2026-01-01 11:45:03,234 - System.tprint - INFO - ℹ️ 🐛 DEBUG: Found 3 versions in metadata: ['selected_features_60_20251109_191448_625', 'selected_features_50_20251109_191448_653', 'selected_features_40_20251109_191448_677'] INFO
[2026-01-01 11:45:03.233] 🐛 DEBUG: Found 3 versions in HDF5: ['selected_features_40_20251109_191448_677', 'selected_features_50_20251109_191448_653', 'selected_features_60_20251109_191448_625'] INFO
2026-01-01 11:45:03,234 - System.tprint - INFO - ℹ️ 🐛 DEBUG: Found 3 versions in HDF5: ['selected_features_40_20251109_191448_677', 'selected_features_50_20251109_191448_653', 'selected_features_60_20251109_191448_625'] INFO
[2026-01-01 11:45:03.236] 🐛 DEBUG: _load_metadata() checking versioned_artifacts/ETHUSDT_binance_15m_long_regime_macro_trend/metadata.json INFO
2026-01-01 11:45:03,236 - System.tprint - INFO - ℹ️ 🐛 DEBUG: _load_metadata() checking versioned_artifacts/ETHUSDT_binance_15m_long_regime_macro_trend/metadata.json INFO
[2026-01-01 11:45:03.236] 🐛 DEBUG: Metadata file exists, size: 5567 bytes INFO
2026-01-01 11:45:03,236 - System.tprint - INFO - ℹ️ 🐛 DEBUG: Metadata file exists, size: 5567 bytes INFO
[2026-01-01 11:45:03.236] 🐛 DEBUG: Successfully loaded metadata with 2 versions INFO
2026-01-01 11:45:03,237 - System.tprint - INFO - ℹ️ 🐛 DEBUG: Successfully loaded metadata with 2 versions INFO
[2026-01-01 11:45:03.236] 🐛 DEBUG: list_versions() called INFO
2026-01-01 11:45:03,237 - System.tprint - INFO - ℹ️ 🐛 DEBUG: list_versions() called INFO
[2026-01-01 11:45:03.236] 🐛 DEBUG: Metadata file exists: True INFO
2026-01-01 11:45:03,237 - System.tprint - INFO - ℹ️ 🐛 DEBUG: Metadata file exists: True INFO
[2026-01-01 11:45:03.236] 🐛 DEBUG: HDF5 file exists: True INFO
2026-01-01 11:45:03,237 - System.tprint - INFO - ℹ️ 🐛 DEBUG: HDF5 file exists: True INFO
[2026-01-01 11:45:03.236] 🐛 DEBUG: Reloading metadata to get latest versions INFO
2026-01-01 11:45:03,237 - System.tprint - INFO - ℹ️ 🐛 DEBUG: Reloading metadata to get latest versions INFO
[2026-01-01 11:45:03.236] 🐛 DEBUG: _load_metadata() checking versioned_artifacts/ETHUSDT_binance_15m_long_regime_macro_trend/metadata.json INFO
2026-01-01 11:45:03,237 - System.tprint - INFO - ℹ️ 🐛 DEBUG: _load_metadata() checking versioned_artifacts/ETHUSDT_binance_15m_long_regime_macro_trend/metadata.json INFO
[2026-01-01 11:45:03.236] 🐛 DEBUG: Metadata file exists, size: 5567 bytes INFO
2026-01-01 11:45:03,237 - System.tprint - INFO - ℹ️ 🐛 DEBUG: Metadata file exists, size: 5567 bytes INFO
[2026-01-01 11:45:03.237] 🐛 DEBUG: Successfully loaded metadata with 2 versions INFO
2026-01-01 11:45:03,237 - System.tprint - INFO - ℹ️ 🐛 DEBUG: Successfully loaded metadata with 2 versions INFO
[2026-01-01 11:45:03.237] 🐛 DEBUG: Found 2 versions in metadata: ['hmm_macro_trend_training_data_15m_20251213_170722_611', 'hmm_macro_trend_regime_stats_15m_20251213_170725_853'] INFO
2026-01-01 11:45:03,237 - System.tprint - INFO - ℹ️ 🐛 DEBUG: Found 2 versions in metadata: ['hmm_macro_trend_training_data_15m_20251213_170722_611', 'hmm_macro_trend_regime_stats_15m_20251213_170725_853'] INFO
[2026-01-01 11:45:03.237] 🐛 DEBUG: Found 2 versions in HDF5: ['hmm_macro_trend_regime_stats_15m_20251213_170725_853', 'hmm_macro_trend_training_data_15m_20251213_170722_611'] INFO
2026-01-01 11:45:03,238 - System.tprint - INFO - ℹ️ 🐛 DEBUG: Found 2 versions in HDF5: ['hmm_macro_trend_regime_stats_15m_20251213_170725_853', 'hmm_macro_trend_training_data_15m_20251213_170722_611'] INFO
[2026-01-01 11:45:03.239] 🐛 DEBUG: _load_metadata() checking versioned_artifacts/ETHUSDT_binance_1h_long_full/metadata.json INFO
2026-01-01 11:45:03,239 - System.tprint - INFO - ℹ️ 🐛 DEBUG: _load_metadata() checking versioned_artifacts/ETHUSDT_binance_1h_long_full/metadata.json INFO
[2026-01-01 11:45:03.239] 🐛 DEBUG: Metadata file exists, size: 139 bytes INFO
2026-01-01 11:45:03,239 - System.tprint - INFO - ℹ️ 🐛 DEBUG: Metadata file exists, size: 139 bytes INFO
[2026-01-01 11:45:03.239] 🐛 DEBUG: Successfully loaded metadata with 0 versions INFO
2026-01-01 11:45:03,240 - System.tprint - INFO - ℹ️ 🐛 DEBUG: Successfully loaded metadata with 0 versions INFO
[2026-01-01 11:45:03.239] 🐛 DEBUG: list_versions() called INFO
2026-01-01 11:45:03,240 - System.tprint - INFO - ℹ️ 🐛 DEBUG: list_versions() called INFO
[2026-01-01 11:45:03.239] 🐛 DEBUG: Metadata file exists: True INFO
2026-01-01 11:45:03,240 - System.tprint - INFO - ℹ️ 🐛 DEBUG: Metadata file exists: True INFO
[2026-01-01 11:45:03.239] 🐛 DEBUG: HDF5 file exists: True INFO
2026-01-01 11:45:03,240 - System.tprint - INFO - ℹ️ 🐛 DEBUG: HDF5 file exists: True INFO
[2026-01-01 11:45:03.239] 🐛 DEBUG: Reloading metadata to get latest versions INFO
2026-01-01 11:45:03,240 - System.tprint - INFO - ℹ️ 🐛 DEBUG: Reloading metadata to get latest versions INFO
[2026-01-01 11:45:03.239] 🐛 DEBUG: _load_metadata() checking versioned_artifacts/ETHUSDT_binance_1h_long_full/metadata.json INFO
2026-01-01 11:45:03,240 - System.tprint - INFO - ℹ️ 🐛 DEBUG: _load_metadata() checking versioned_artifacts/ETHUSDT_binance_1h_long_full/metadata.json INFO
[2026-01-01 11:45:03.239] 🐛 DEBUG: Metadata file exists, size: 139 bytes INFO
2026-01-01 11:45:03,240 - System.tprint - INFO - ℹ️ 🐛 DEBUG: Metadata file exists, size: 139 bytes INFO
[2026-01-01 11:45:03.239] 🐛 DEBUG: Successfully loaded metadata with 0 versions INFO
2026-01-01 11:45:03,240 - System.tprint - INFO - ℹ️ 🐛 DEBUG: Successfully loaded metadata with 0 versions INFO
[2026-01-01 11:45:03.240] 🐛 DEBUG: Found 0 versions in metadata: [] INFO
2026-01-01 11:45:03,240 - System.tprint - INFO - ℹ️ 🐛 DEBUG: Found 0 versions in metadata: [] INFO
[2026-01-01 11:45:03.240] 🐛 DEBUG: Found 0 versions in HDF5: [] INFO
2026-01-01 11:45:03,241 - System.tprint - INFO - ℹ️ 🐛 DEBUG: Found 0 versions in HDF5: [] INFO
[2026-01-01 11:45:03.241] 🐛 DEBUG: _load_metadata() checking versioned_artifacts/ETHUSDT_binance_15m_short_mean_reversion/metadata.json INFO
2026-01-01 11:45:03,242 - System.tprint - INFO - ℹ️ 🐛 DEBUG: _load_metadata() checking versioned_artifacts/ETHUSDT_binance_15m_short_mean_reversion/metadata.json INFO
[2026-01-01 11:45:03.241] 🐛 DEBUG: Metadata file exists, size: 139 bytes INFO
2026-01-01 11:45:03,242 - System.tprint - INFO - ℹ️ 🐛 DEBUG: Metadata file exists, size: 139 bytes INFO
[2026-01-01 11:45:03.241] 🐛 DEBUG: Successfully loaded metadata with 0 versions INFO
2026-01-01 11:45:03,242 - System.tprint - INFO - ℹ️ 🐛 DEBUG: Successfully loaded metadata with 0 versions INFO
[2026-01-01 11:45:03.241] 🐛 DEBUG: list_versions() called INFO
2026-01-01 11:45:03,242 - System.tprint - INFO - ℹ️ 🐛 DEBUG: list_versions() called INFO
[2026-01-01 11:45:03.241] 🐛 DEBUG: Metadata file exists: True INFO
2026-01-01 11:45:03,242 - System.tprint - INFO - ℹ️ 🐛 DEBUG: Metadata file exists: True INFO
[2026-01-01 11:45:03.241] 🐛 DEBUG: HDF5 file exists: True INFO
2026-01-01 11:45:03,242 - System.tprint - INFO - ℹ️ 🐛 DEBUG: HDF5 file exists: True INFO
[2026-01-01 11:45:03.241] 🐛 DEBUG: Reloading metadata to get latest versions INFO
2026-01-01 11:45:03,242 - System.tprint - INFO - ℹ️ 🐛 DEBUG: Reloading metadata to get latest versions INFO
[2026-01-01 11:45:03.241] 🐛 DEBUG: _load_metadata() checking versioned_artifacts/ETHUSDT_binance_15m_short_mean_reversion/metadata.json INFO
2026-01-01 11:45:03,242 - System.tprint - INFO - ℹ️ 🐛 DEBUG: _load_metadata() checking versioned_artifacts/ETHUSDT_binance_15m_short_mean_reversion/metadata.json INFO
[2026-01-01 11:45:03.241] 🐛 DEBUG: Metadata file exists, size: 139 bytes INFO
2026-01-01 11:45:03,242 - System.tprint - INFO - ℹ️ 🐛 DEBUG: Metadata file exists, size: 139 bytes INFO
[2026-01-01 11:45:03.241] 🐛 DEBUG: Successfully loaded metadata with 0 versions INFO
2026-01-01 11:45:03,242 - System.tprint - INFO - ℹ️ 🐛 DEBUG: Successfully loaded metadata with 0 versions INFO
[2026-01-01 11:45:03.241] 🐛 DEBUG: Found 0 versions in metadata: [] INFO
2026-01-01 11:45:03,242 - System.tprint - INFO - ℹ️ 🐛 DEBUG: Found 0 versions in metadata: [] INFO
[2026-01-01 11:45:03.243] 🐛 DEBUG: Found 0 versions in HDF5: [] INFO
2026-01-01 11:45:03,243 - System.tprint - INFO - ℹ️ 🐛 DEBUG: Found 0 versions in HDF5: [] INFO
[2026-01-01 11:45:03.243] 🐛 DEBUG: _load_metadata() checking versioned_artifacts/ETHUSDT_binance_15m_long_path_regime/metadata.json INFO
2026-01-01 11:45:03,243 - System.tprint - INFO - ℹ️ 🐛 DEBUG: _load_metadata() checking versioned_artifacts/ETHUSDT_binance_15m_long_path_regime/metadata.json INFO
[2026-01-01 11:45:03.243] 🐛 DEBUG: Metadata file does not exist, returning default metadata INFO
2026-01-01 11:45:03,243 - System.tprint - INFO - ℹ️ 🐛 DEBUG: Metadata file does not exist, returning default metadata INFO
[2026-01-01 11:45:03.243] 🐛 DEBUG: list_versions() called INFO
2026-01-01 11:45:03,243 - System.tprint - INFO - ℹ️ 🐛 DEBUG: list_versions() called INFO
[2026-01-01 11:45:03.243] 🐛 DEBUG: Metadata file exists: False INFO
2026-01-01 11:45:03,243 - System.tprint - INFO - ℹ️ 🐛 DEBUG: Metadata file exists: False INFO
[2026-01-01 11:45:03.243] 🐛 DEBUG: HDF5 file exists: True INFO
2026-01-01 11:45:03,243 - System.tprint - INFO - ℹ️ 🐛 DEBUG: HDF5 file exists: True INFO
[2026-01-01 11:45:03.243] 🐛 DEBUG: Reloading metadata to get latest versions INFO
2026-01-01 11:45:03,243 - System.tprint - INFO - ℹ️ 🐛 DEBUG: Reloading metadata to get latest versions INFO
[2026-01-01 11:45:03.243] 🐛 DEBUG: _load_metadata() checking versioned_artifacts/ETHUSDT_binance_15m_long_path_regime/metadata.json INFO
2026-01-01 11:45:03,244 - System.tprint - INFO - ℹ️ 🐛 DEBUG: _load_metadata() checking versioned_artifacts/ETHUSDT_binance_15m_long_path_regime/metadata.json INFO
[2026-01-01 11:45:03.243] 🐛 DEBUG: Metadata file does not exist, returning default metadata INFO
2026-01-01 11:45:03,244 - System.tprint - INFO - ℹ️ 🐛 DEBUG: Metadata file does not exist, returning default metadata INFO
[2026-01-01 11:45:03.243] 🐛 DEBUG: Found 0 versions in metadata: [] INFO
2026-01-01 11:45:03,244 - System.tprint - INFO - ℹ️ 🐛 DEBUG: Found 0 versions in metadata: [] INFO
[2026-01-01 11:45:03.244] 🐛 DEBUG: Found 0 versions in HDF5: [] INFO
2026-01-01 11:45:03,244 - System.tprint - INFO - ℹ️ 🐛 DEBUG: Found 0 versions in HDF5: [] INFO
[2026-01-01 11:45:03.244] 🐛 DEBUG: _load_metadata() checking versioned_artifacts/ETHUSDT_binance_1h_long_regime_risk_hmm/metadata.json INFO
2026-01-01 11:45:03,245 - System.tprint - INFO - ℹ️ 🐛 DEBUG: _load_metadata() checking versioned_artifacts/ETHUSDT_binance_1h_long_regime_risk_hmm/metadata.json INFO
[2026-01-01 11:45:03.244] 🐛 DEBUG: Metadata file exists, size: 139 bytes INFO
2026-01-01 11:45:03,245 - System.tprint - INFO - ℹ️ 🐛 DEBUG: Metadata file exists, size: 139 bytes INFO
[2026-01-01 11:45:03.244] 🐛 DEBUG: Successfully loaded metadata with 0 versions INFO
2026-01-01 11:45:03,245 - System.tprint - INFO - ℹ️ 🐛 DEBUG: Successfully loaded metadata with 0 versions INFO
[2026-01-01 11:45:03.245] 🐛 DEBUG: list_versions() called INFO
2026-01-01 11:45:03,245 - System.tprint - INFO - ℹ️ 🐛 DEBUG: list_versions() called INFO
[2026-01-01 11:45:03.245] 🐛 DEBUG: Metadata file exists: True INFO
2026-01-01 11:45:03,245 - System.tprint - INFO - ℹ️ 🐛 DEBUG: Metadata file exists: True INFO
[2026-01-01 11:45:03.245] 🐛 DEBUG: HDF5 file exists: True INFO
2026-01-01 11:45:03,245 - System.tprint - INFO - ℹ️ 🐛 DEBUG: HDF5 file exists: True INFO
[2026-01-01 11:45:03.245] 🐛 DEBUG: Reloading metadata to get latest versions INFO
2026-01-01 11:45:03,245 - System.tprint - INFO - ℹ️ 🐛 DEBUG: Reloading metadata to get latest versions INFO
[2026-01-01 11:45:03.245] 🐛 DEBUG: _load_metadata() checking versioned_artifacts/ETHUSDT_binance_1h_long_regime_risk_hmm/metadata.json INFO
2026-01-01 11:45:03,245 - System.tprint - INFO - ℹ️ 🐛 DEBUG: _load_metadata() checking versioned_artifacts/ETHUSDT_binance_1h_long_regime_risk_hmm/metadata.json INFO
[2026-01-01 11:45:03.245] 🐛 DEBUG: Metadata file exists, size: 139 bytes INFO
2026-01-01 11:45:03,245 - System.tprint - INFO - ℹ️ 🐛 DEBUG: Metadata file exists, size: 139 bytes INFO
[2026-01-01 11:45:03.245] 🐛 DEBUG: Successfully loaded metadata with 0 versions INFO
2026-01-01 11:45:03,245 - System.tprint - INFO - ℹ️ 🐛 DEBUG: Successfully loaded metadata with 0 versions INFO
[2026-01-01 11:45:03.245] 🐛 DEBUG: Found 0 versions in metadata: [] INFO
2026-01-01 11:45:03,245 - System.tprint - INFO - ℹ️ 🐛 DEBUG: Found 0 versions in metadata: [] INFO
[2026-01-01 11:45:03.245] 🐛 DEBUG: Found 0 versions in HDF5: [] INFO
2026-01-01 11:45:03,246 - System.tprint - INFO - ℹ️ 🐛 DEBUG: Found 0 versions in HDF5: [] INFO
[2026-01-01 11:45:03.246] 🐛 DEBUG: _load_metadata() checking versioned_artifacts/ETHUSDT_binance_1h_long_regime_risk/metadata.json INFO
2026-01-01 11:45:03,246 - System.tprint - INFO - ℹ️ 🐛 DEBUG: _load_metadata() checking versioned_artifacts/ETHUSDT_binance_1h_long_regime_risk/metadata.json INFO
[2026-01-01 11:45:03.246] 🐛 DEBUG: Metadata file exists, size: 139 bytes INFO
2026-01-01 11:45:03,246 - System.tprint - INFO - ℹ️ 🐛 DEBUG: Metadata file exists, size: 139 bytes INFO
[2026-01-01 11:45:03.246] 🐛 DEBUG: Successfully loaded metadata with 0 versions INFO
2026-01-01 11:45:03,246 - System.tprint - INFO - ℹ️ 🐛 DEBUG: Successfully loaded metadata with 0 versions INFO
[2026-01-01 11:45:03.246] 🐛 DEBUG: list_versions() called INFO
2026-01-01 11:45:03,246 - System.tprint - INFO - ℹ️ 🐛 DEBUG: list_versions() called INFO
[2026-01-01 11:45:03.246] 🐛 DEBUG: Metadata file exists: True INFO
2026-01-01 11:45:03,247 - System.tprint - INFO - ℹ️ 🐛 DEBUG: Metadata file exists: True INFO
[2026-01-01 11:45:03.246] 🐛 DEBUG: HDF5 file exists: True INFO
2026-01-01 11:45:03,247 - System.tprint - INFO - ℹ️ 🐛 DEBUG: HDF5 file exists: True INFO
[2026-01-01 11:45:03.246] 🐛 DEBUG: Reloading metadata to get latest versions INFO
2026-01-01 11:45:03,247 - System.tprint - INFO - ℹ️ 🐛 DEBUG: Reloading metadata to get latest versions INFO
[2026-01-01 11:45:03.246] 🐛 DEBUG: _load_metadata() checking versioned_artifacts/ETHUSDT_binance_1h_long_regime_risk/metadata.json INFO
2026-01-01 11:45:03,247 - System.tprint - INFO - ℹ️ 🐛 DEBUG: _load_metadata() checking versioned_artifacts/ETHUSDT_binance_1h_long_regime_risk/metadata.json INFO
[2026-01-01 11:45:03.246] 🐛 DEBUG: Metadata file exists, size: 139 bytes INFO
2026-01-01 11:45:03,247 - System.tprint - INFO - ℹ️ 🐛 DEBUG: Metadata file exists, size: 139 bytes INFO
[2026-01-01 11:45:03.246] 🐛 DEBUG: Successfully loaded metadata with 0 versions INFO
2026-01-01 11:45:03,247 - System.tprint - INFO - ℹ️ 🐛 DEBUG: Successfully loaded metadata with 0 versions INFO
[2026-01-01 11:45:03.246] 🐛 DEBUG: Found 0 versions in metadata: [] INFO
2026-01-01 11:45:03,247 - System.tprint - INFO - ℹ️ 🐛 DEBUG: Found 0 versions in metadata: [] INFO
[2026-01-01 11:45:03.247] 🐛 DEBUG: Found 0 versions in HDF5: [] INFO
2026-01-01 11:45:03,247 - System.tprint - INFO - ℹ️ 🐛 DEBUG: Found 0 versions in HDF5: [] INFO
[2026-01-01 11:45:03.247] 🐛 DEBUG: _load_metadata() checking versioned_artifacts/ETHUSDT_binance_15m_long_momentum_persistence/metadata.json INFO
2026-01-01 11:45:03,248 - System.tprint - INFO - ℹ️ 🐛 DEBUG: _load_metadata() checking versioned_artifacts/ETHUSDT_binance_15m_long_momentum_persistence/metadata.json INFO
[2026-01-01 11:45:03.247] 🐛 DEBUG: Metadata file does not exist, returning default metadata INFO
2026-01-01 11:45:03,248 - System.tprint - INFO - ℹ️ 🐛 DEBUG: Metadata file does not exist, returning default metadata INFO
[2026-01-01 11:45:03.247] 🐛 DEBUG: list_versions() called INFO
2026-01-01 11:45:03,248 - System.tprint - INFO - ℹ️ 🐛 DEBUG: list_versions() called INFO
[2026-01-01 11:45:03.247] 🐛 DEBUG: Metadata file exists: False INFO
2026-01-01 11:45:03,248 - System.tprint - INFO - ℹ️ 🐛 DEBUG: Metadata file exists: False INFO
[2026-01-01 11:45:03.247] 🐛 DEBUG: HDF5 file exists: True INFO
2026-01-01 11:45:03,248 - System.tprint - INFO - ℹ️ 🐛 DEBUG: HDF5 file exists: True INFO
[2026-01-01 11:45:03.247] 🐛 DEBUG: Reloading metadata to get latest versions INFO
2026-01-01 11:45:03,248 - System.tprint - INFO - ℹ️ 🐛 DEBUG: Reloading metadata to get latest versions INFO
[2026-01-01 11:45:03.247] 🐛 DEBUG: _load_metadata() checking versioned_artifacts/ETHUSDT_binance_15m_long_momentum_persistence/metadata.json INFO
2026-01-01 11:45:03,248 - System.tprint - INFO - ℹ️ 🐛 DEBUG: _load_metadata() checking versioned_artifacts/ETHUSDT_binance_15m_long_momentum_persistence/metadata.json INFO
[2026-01-01 11:45:03.247] 🐛 DEBUG: Metadata file does not exist, returning default metadata INFO
2026-01-01 11:45:03,248 - System.tprint - INFO - ℹ️ 🐛 DEBUG: Metadata file does not exist, returning default metadata INFO
[2026-01-01 11:45:03.247] 🐛 DEBUG: Found 0 versions in metadata: [] INFO
2026-01-01 11:45:03,248 - System.tprint - INFO - ℹ️ 🐛 DEBUG: Found 0 versions in metadata: [] INFO
[2026-01-01 11:45:03.248] 🐛 DEBUG: Found 0 versions in HDF5: [] INFO
2026-01-01 11:45:03,248 - System.tprint - INFO - ℹ️ 🐛 DEBUG: Found 0 versions in HDF5: [] INFO
[2026-01-01 11:45:03.248] 🐛 DEBUG: _load_metadata() checking versioned_artifacts/ETHUSDT_binance_1h_long_blank/metadata.json INFO
2026-01-01 11:45:03,250 - System.tprint - INFO - ℹ️ 🐛 DEBUG: _load_metadata() checking versioned_artifacts/ETHUSDT_binance_1h_long_blank/metadata.json INFO
[2026-01-01 11:45:03.250] 🐛 DEBUG: Metadata file exists, size: 139 bytes INFO
2026-01-01 11:45:03,250 - System.tprint - INFO - ℹ️ 🐛 DEBUG: Metadata file exists, size: 139 bytes INFO
[2026-01-01 11:45:03.250] 🐛 DEBUG: Successfully loaded metadata with 0 versions INFO
2026-01-01 11:45:03,250 - System.tprint - INFO - ℹ️ 🐛 DEBUG: Successfully loaded metadata with 0 versions INFO
[2026-01-01 11:45:03.250] 🐛 DEBUG: list_versions() called INFO
2026-01-01 11:45:03,250 - System.tprint - INFO - ℹ️ 🐛 DEBUG: list_versions() called INFO
[2026-01-01 11:45:03.250] 🐛 DEBUG: Metadata file exists: True INFO
2026-01-01 11:45:03,250 - System.tprint - INFO - ℹ️ 🐛 DEBUG: Metadata file exists: True INFO
[2026-01-01 11:45:03.250] 🐛 DEBUG: HDF5 file exists: True INFO
2026-01-01 11:45:03,250 - System.tprint - INFO - ℹ️ 🐛 DEBUG: HDF5 file exists: True INFO
[2026-01-01 11:45:03.250] 🐛 DEBUG: Reloading metadata to get latest versions INFO
2026-01-01 11:45:03,250 - System.tprint - INFO - ℹ️ 🐛 DEBUG: Reloading metadata to get latest versions INFO
[2026-01-01 11:45:03.250] 🐛 DEBUG: _load_metadata() checking versioned_artifacts/ETHUSDT_binance_1h_long_blank/metadata.json INFO
2026-01-01 11:45:03,250 - System.tprint - INFO - ℹ️ 🐛 DEBUG: _load_metadata() checking versioned_artifacts/ETHUSDT_binance_1h_long_blank/metadata.json INFO
[2026-01-01 11:45:03.250] 🐛 DEBUG: Metadata file exists, size: 139 bytes INFO
2026-01-01 11:45:03,250 - System.tprint - INFO - ℹ️ 🐛 DEBUG: Metadata file exists, size: 139 bytes INFO
[2026-01-01 11:45:03.250] 🐛 DEBUG: Successfully loaded metadata with 0 versions INFO
2026-01-01 11:45:03,250 - System.tprint - INFO - ℹ️ 🐛 DEBUG: Successfully loaded metadata with 0 versions INFO
[2026-01-01 11:45:03.250] 🐛 DEBUG: Found 0 versions in metadata: [] INFO
2026-01-01 11:45:03,250 - System.tprint - INFO - ℹ️ 🐛 DEBUG: Found 0 versions in metadata: [] INFO
[2026-01-01 11:45:03.251] 🐛 DEBUG: Found 0 versions in HDF5: [] INFO
2026-01-01 11:45:03,251 - System.tprint - INFO - ℹ️ 🐛 DEBUG: Found 0 versions in HDF5: [] INFO
[2026-01-01 11:45:03.253] 🐛 DEBUG: _load_metadata() checking versioned_artifacts/ETHUSDT_binance_15m_long_regime_mr_trend/metadata.json INFO
2026-01-01 11:45:03,253 - System.tprint - INFO - ℹ️ 🐛 DEBUG: _load_metadata() checking versioned_artifacts/ETHUSDT_binance_15m_long_regime_mr_trend/metadata.json INFO
[2026-01-01 11:45:03.253] 🐛 DEBUG: Metadata file exists, size: 139 bytes INFO
2026-01-01 11:45:03,254 - System.tprint - INFO - ℹ️ 🐛 DEBUG: Metadata file exists, size: 139 bytes INFO
[2026-01-01 11:45:03.253] 🐛 DEBUG: Successfully loaded metadata with 0 versions INFO
2026-01-01 11:45:03,254 - System.tprint - INFO - ℹ️ 🐛 DEBUG: Successfully loaded metadata with 0 versions INFO
[2026-01-01 11:45:03.253] 🐛 DEBUG: list_versions() called INFO
2026-01-01 11:45:03,254 - System.tprint - INFO - ℹ️ 🐛 DEBUG: list_versions() called INFO
[2026-01-01 11:45:03.254] 🐛 DEBUG: Metadata file exists: True INFO
2026-01-01 11:45:03,254 - System.tprint - INFO - ℹ️ 🐛 DEBUG: Metadata file exists: True INFO
[2026-01-01 11:45:03.254] 🐛 DEBUG: HDF5 file exists: True INFO
2026-01-01 11:45:03,254 - System.tprint - INFO - ℹ️ 🐛 DEBUG: HDF5 file exists: True INFO
[2026-01-01 11:45:03.254] 🐛 DEBUG: Reloading metadata to get latest versions INFO
2026-01-01 11:45:03,254 - System.tprint - INFO - ℹ️ 🐛 DEBUG: Reloading metadata to get latest versions INFO
[2026-01-01 11:45:03.254] 🐛 DEBUG: _load_metadata() checking versioned_artifacts/ETHUSDT_binance_15m_long_regime_mr_trend/metadata.json INFO
2026-01-01 11:45:03,254 - System.tprint - INFO - ℹ️ 🐛 DEBUG: _load_metadata() checking versioned_artifacts/ETHUSDT_binance_15m_long_regime_mr_trend/metadata.json INFO
[2026-01-01 11:45:03.254] 🐛 DEBUG: Metadata file exists, size: 139 bytes INFO
2026-01-01 11:45:03,254 - System.tprint - INFO - ℹ️ 🐛 DEBUG: Metadata file exists, size: 139 bytes INFO
[2026-01-01 11:45:03.254] 🐛 DEBUG: Successfully loaded metadata with 0 versions INFO
2026-01-01 11:45:03,254 - System.tprint - INFO - ℹ️ 🐛 DEBUG: Successfully loaded metadata with 0 versions INFO
[2026-01-01 11:45:03.254] 🐛 DEBUG: Found 0 versions in metadata: [] INFO
2026-01-01 11:45:03,254 - System.tprint - INFO - ℹ️ 🐛 DEBUG: Found 0 versions in metadata: [] INFO
[2026-01-01 11:45:03.255] 🐛 DEBUG: Found 0 versions in HDF5: [] INFO
2026-01-01 11:45:03,255 - System.tprint - INFO - ℹ️ 🐛 DEBUG: Found 0 versions in HDF5: [] INFO
[2026-01-01 11:45:03.257] 🐛 DEBUG: _load_metadata() checking versioned_artifacts/ETHUSDT_binance_15m_long_regime_risk_hmm/metadata.json INFO
2026-01-01 11:45:03,257 - System.tprint - INFO - ℹ️ 🐛 DEBUG: _load_metadata() checking versioned_artifacts/ETHUSDT_binance_15m_long_regime_risk_hmm/metadata.json INFO
[2026-01-01 11:45:03.257] 🐛 DEBUG: Metadata file exists, size: 1035 bytes INFO
2026-01-01 11:45:03,257 - System.tprint - INFO - ℹ️ 🐛 DEBUG: Metadata file exists, size: 1035 bytes INFO
[2026-01-01 11:45:03.257] 🐛 DEBUG: Successfully loaded metadata with 1 versions INFO
2026-01-01 11:45:03,257 - System.tprint - INFO - ℹ️ 🐛 DEBUG: Successfully loaded metadata with 1 versions INFO
[2026-01-01 11:45:03.257] 🐛 DEBUG: list_versions() called INFO
2026-01-01 11:45:03,257 - System.tprint - INFO - ℹ️ 🐛 DEBUG: list_versions() called INFO
[2026-01-01 11:45:03.257] 🐛 DEBUG: Metadata file exists: True INFO
2026-01-01 11:45:03,257 - System.tprint - INFO - ℹ️ 🐛 DEBUG: Metadata file exists: True INFO
[2026-01-01 11:45:03.257] 🐛 DEBUG: HDF5 file exists: True INFO
2026-01-01 11:45:03,257 - System.tprint - INFO - ℹ️ 🐛 DEBUG: HDF5 file exists: True INFO
[2026-01-01 11:45:03.257] 🐛 DEBUG: Reloading metadata to get latest versions INFO
2026-01-01 11:45:03,257 - System.tprint - INFO - ℹ️ 🐛 DEBUG: Reloading metadata to get latest versions INFO
[2026-01-01 11:45:03.257] 🐛 DEBUG: _load_metadata() checking versioned_artifacts/ETHUSDT_binance_15m_long_regime_risk_hmm/metadata.json INFO
2026-01-01 11:45:03,258 - System.tprint - INFO - ℹ️ 🐛 DEBUG: _load_metadata() checking versioned_artifacts/ETHUSDT_binance_15m_long_regime_risk_hmm/metadata.json INFO
[2026-01-01 11:45:03.257] 🐛 DEBUG: Metadata file exists, size: 1035 bytes INFO
2026-01-01 11:45:03,258 - System.tprint - INFO - ℹ️ 🐛 DEBUG: Metadata file exists, size: 1035 bytes INFO
[2026-01-01 11:45:03.258] 🐛 DEBUG: Successfully loaded metadata with 1 versions INFO
2026-01-01 11:45:03,258 - System.tprint - INFO - ℹ️ 🐛 DEBUG: Successfully loaded metadata with 1 versions INFO
[2026-01-01 11:45:03.258] 🐛 DEBUG: Found 1 versions in metadata: ['ml_risk_hmm_training_data_15m_20251205_191725_560'] INFO
2026-01-01 11:45:03,258 - System.tprint - INFO - ℹ️ 🐛 DEBUG: Found 1 versions in metadata: ['ml_risk_hmm_training_data_15m_20251205_191725_560'] INFO
[2026-01-01 11:45:03.258] 🐛 DEBUG: Found 1 versions in HDF5: ['ml_risk_hmm_training_data_15m_20251205_191725_560'] INFO
2026-01-01 11:45:03,258 - System.tprint - INFO - ℹ️ 🐛 DEBUG: Found 1 versions in HDF5: ['ml_risk_hmm_training_data_15m_20251205_191725_560'] INFO
[2026-01-01 11:45:03.259] 🐛 DEBUG: _load_metadata() checking versioned_artifacts/ETHUSDT_binance_15m_long_analyst/metadata.json INFO
2026-01-01 11:45:03,259 - System.tprint - INFO - ℹ️ 🐛 DEBUG: _load_metadata() checking versioned_artifacts/ETHUSDT_binance_15m_long_analyst/metadata.json INFO
[2026-01-01 11:45:03.259] 🐛 DEBUG: Metadata file exists, size: 24005 bytes INFO
2026-01-01 11:45:03,259 - System.tprint - INFO - ℹ️ 🐛 DEBUG: Metadata file exists, size: 24005 bytes INFO
[2026-01-01 11:45:03.259] 🐛 DEBUG: Successfully loaded metadata with 8 versions INFO
2026-01-01 11:45:03,259 - System.tprint - INFO - ℹ️ 🐛 DEBUG: Successfully loaded metadata with 8 versions INFO
[2026-01-01 11:45:03.259] 🐛 DEBUG: list_versions() called INFO
2026-01-01 11:45:03,259 - System.tprint - INFO - ℹ️ 🐛 DEBUG: list_versions() called INFO
[2026-01-01 11:45:03.259] 🐛 DEBUG: Metadata file exists: True INFO
2026-01-01 11:45:03,259 - System.tprint - INFO - ℹ️ 🐛 DEBUG: Metadata file exists: True INFO
[2026-01-01 11:45:03.259] 🐛 DEBUG: HDF5 file exists: True INFO
2026-01-01 11:45:03,260 - System.tprint - INFO - ℹ️ 🐛 DEBUG: HDF5 file exists: True INFO
[2026-01-01 11:45:03.259] 🐛 DEBUG: Reloading metadata to get latest versions INFO
2026-01-01 11:45:03,260 - System.tprint - INFO - ℹ️ 🐛 DEBUG: Reloading metadata to get latest versions INFO
[2026-01-01 11:45:03.259] 🐛 DEBUG: _load_metadata() checking versioned_artifacts/ETHUSDT_binance_15m_long_analyst/metadata.json INFO
2026-01-01 11:45:03,260 - System.tprint - INFO - ℹ️ 🐛 DEBUG: _load_metadata() checking versioned_artifacts/ETHUSDT_binance_15m_long_analyst/metadata.json INFO
[2026-01-01 11:45:03.259] 🐛 DEBUG: Metadata file exists, size: 24005 bytes INFO
2026-01-01 11:45:03,260 - System.tprint - INFO - ℹ️ 🐛 DEBUG: Metadata file exists, size: 24005 bytes INFO
[2026-01-01 11:45:03.260] 🐛 DEBUG: Successfully loaded metadata with 8 versions INFO
2026-01-01 11:45:03,260 - System.tprint - INFO - ℹ️ 🐛 DEBUG: Successfully loaded metadata with 8 versions INFO
[2026-01-01 11:45:03.260] 🐛 DEBUG: Found 8 versions in metadata: ['weighted_meta_model_training_matrix_ETHUSDT_binance_15m_long_20251214_184321_623', 'labeled_data_ETHUSDT_binance_15m_long_20251214_220950_753', 'labeled_data_ETHUSDT_binance_15m_long_20251214_224631_542', 'labeled_data_ETHUSDT_binance_15m_long_20251214_233640_586', 'labeled_data_ETHUSDT_binance_15m_long_20251214_235041_562', 'labeled_data_ETHUSDT_15m_20251219_235959_715', 'labeled_data_ETHUSDT_15m_20251220_000301_152', 'labeled_data_ETHUSDT_15m_20251220_000738_204'] INFO
2026-01-01 11:45:03,260 - System.tprint - INFO - ℹ️ 🐛 DEBUG: Found 8 versions in metadata: ['weighted_meta_model_training_matrix_ETHUSDT_binance_15m_long_20251214_184321_623', 'labeled_data_ETHUSDT_binance_15m_long_20251214_220950_753', 'labeled_data_ETHUSDT_binance_15m_long_20251214_224631_542', 'labeled_data_ETHUSDT_binance_15m_long_20251214_233640_586', 'labeled_data_ETHUSDT_binance_15m_long_20251214_235041_562', 'labeled_data_ETHUSDT_15m_20251219_235959_715', 'labeled_data_ETHUSDT_15m_20251220_000301_152', 'labeled_data_ETHUSDT_15m_20251220_000738_204'] INFO
[2026-01-01 11:45:03.260] 🐛 DEBUG: Found 8 versions in HDF5: ['labeled_data_ETHUSDT_15m_20251219_235959_715', 'labeled_data_ETHUSDT_15m_20251220_000301_152', 'labeled_data_ETHUSDT_15m_20251220_000738_204', 'labeled_data_ETHUSDT_binance_15m_long_20251214_220950_753', 'labeled_data_ETHUSDT_binance_15m_long_20251214_224631_542', 'labeled_data_ETHUSDT_binance_15m_long_20251214_233640_586', 'labeled_data_ETHUSDT_binance_15m_long_20251214_235041_562', 'weighted_meta_model_training_matrix_ETHUSDT_binance_15m_long_20251214_184321_623'] INFO
2026-01-01 11:45:03,261 - System.tprint - INFO - ℹ️ 🐛 DEBUG: Found 8 versions in HDF5: ['labeled_data_ETHUSDT_15m_20251219_235959_715', 'labeled_data_ETHUSDT_15m_20251220_000301_152', 'labeled_data_ETHUSDT_15m_20251220_000738_204', 'labeled_data_ETHUSDT_binance_15m_long_20251214_220950_753', 'labeled_data_ETHUSDT_binance_15m_long_20251214_224631_542', 'labeled_data_ETHUSDT_binance_15m_long_20251214_233640_586', 'labeled_data_ETHUSDT_binance_15m_long_20251214_235041_562', 'weighted_meta_model_training_matrix_ETHUSDT_binance_15m_long_20251214_184321_623'] INFO
[2026-01-01 11:45:03.261] 🐛 DEBUG: _load_metadata() checking versioned_artifacts/ETHUSDT_binance_1h_long_regime_macro_trend/metadata.json INFO
2026-01-01 11:45:03,261 - System.tprint - INFO - ℹ️ 🐛 DEBUG: _load_metadata() checking versioned_artifacts/ETHUSDT_binance_1h_long_regime_macro_trend/metadata.json INFO
[2026-01-01 11:45:03.261] 🐛 DEBUG: Metadata file exists, size: 17432 bytes INFO
2026-01-01 11:45:03,262 - System.tprint - INFO - ℹ️ 🐛 DEBUG: Metadata file exists, size: 17432 bytes INFO
[2026-01-01 11:45:03.261] 🐛 DEBUG: Successfully loaded metadata with 5 versions INFO
2026-01-01 11:45:03,262 - System.tprint - INFO - ℹ️ 🐛 DEBUG: Successfully loaded metadata with 5 versions INFO
[2026-01-01 11:45:03.261] 🐛 DEBUG: list_versions() called INFO
2026-01-01 11:45:03,262 - System.tprint - INFO - ℹ️ 🐛 DEBUG: list_versions() called INFO
[2026-01-01 11:45:03.261] 🐛 DEBUG: Metadata file exists: True INFO
2026-01-01 11:45:03,262 - System.tprint - INFO - ℹ️ 🐛 DEBUG: Metadata file exists: True INFO
[2026-01-01 11:45:03.261] 🐛 DEBUG: HDF5 file exists: True INFO
2026-01-01 11:45:03,262 - System.tprint - INFO - ℹ️ 🐛 DEBUG: HDF5 file exists: True INFO
[2026-01-01 11:45:03.261] 🐛 DEBUG: Reloading metadata to get latest versions INFO
2026-01-01 11:45:03,262 - System.tprint - INFO - ℹ️ 🐛 DEBUG: Reloading metadata to get latest versions INFO
[2026-01-01 11:45:03.261] 🐛 DEBUG: _load_metadata() checking versioned_artifacts/ETHUSDT_binance_1h_long_regime_macro_trend/metadata.json INFO
2026-01-01 11:45:03,262 - System.tprint - INFO - ℹ️ 🐛 DEBUG: _load_metadata() checking versioned_artifacts/ETHUSDT_binance_1h_long_regime_macro_trend/metadata.json INFO
[2026-01-01 11:45:03.262] 🐛 DEBUG: Metadata file exists, size: 17432 bytes INFO
2026-01-01 11:45:03,262 - System.tprint - INFO - ℹ️ 🐛 DEBUG: Metadata file exists, size: 17432 bytes INFO
[2026-01-01 11:45:03.262] 🐛 DEBUG: Successfully loaded metadata with 5 versions INFO
2026-01-01 11:45:03,263 - System.tprint - INFO - ℹ️ 🐛 DEBUG: Successfully loaded metadata with 5 versions INFO
[2026-01-01 11:45:03.262] 🐛 DEBUG: Found 5 versions in metadata: ['hmm_macro_trend_regime_quality_1h_20251204_224507_427', 'hmm_macro_trend_regime_quality_1h_20251204_225044_960', 'hmm_macro_trend_regime_quality_1h_20251205_183537_791', 'hmm_macro_trend_regime_quality_1h_20251205_191709_242', 'hmm_macro_trend_regime_quality_1h_20251213_170722_488'] INFO
2026-01-01 11:45:03,263 - System.tprint - INFO - ℹ️ 🐛 DEBUG: Found 5 versions in metadata: ['hmm_macro_trend_regime_quality_1h_20251204_224507_427', 'hmm_macro_trend_regime_quality_1h_20251204_225044_960', 'hmm_macro_trend_regime_quality_1h_20251205_183537_791', 'hmm_macro_trend_regime_quality_1h_20251205_191709_242', 'hmm_macro_trend_regime_quality_1h_20251213_170722_488'] INFO
[2026-01-01 11:45:03.264] 🐛 DEBUG: Found 5 versions in HDF5: ['hmm_macro_trend_regime_quality_1h_20251204_224507_427', 'hmm_macro_trend_regime_quality_1h_20251204_225044_960', 'hmm_macro_trend_regime_quality_1h_20251205_183537_791', 'hmm_macro_trend_regime_quality_1h_20251205_191709_242', 'hmm_macro_trend_regime_quality_1h_20251213_170722_488'] INFO
2026-01-01 11:45:03,264 - System.tprint - INFO - ℹ️ 🐛 DEBUG: Found 5 versions in HDF5: ['hmm_macro_trend_regime_quality_1h_20251204_224507_427', 'hmm_macro_trend_regime_quality_1h_20251204_225044_960', 'hmm_macro_trend_regime_quality_1h_20251205_183537_791', 'hmm_macro_trend_regime_quality_1h_20251205_191709_242', 'hmm_macro_trend_regime_quality_1h_20251213_170722_488'] INFO
[2026-01-01 11:45:03.264] 🐛 DEBUG: _load_metadata() checking versioned_artifacts/ETHUSDT_binance_1h_long_regime/metadata.json INFO
2026-01-01 11:45:03,264 - System.tprint - INFO - ℹ️ 🐛 DEBUG: _load_metadata() checking versioned_artifacts/ETHUSDT_binance_1h_long_regime/metadata.json INFO
[2026-01-01 11:45:03.264] 🐛 DEBUG: Metadata file exists, size: 3249 bytes INFO
2026-01-01 11:45:03,265 - System.tprint - INFO - ℹ️ 🐛 DEBUG: Metadata file exists, size: 3249 bytes INFO
[2026-01-01 11:45:03.264] 🐛 DEBUG: Successfully loaded metadata with 5 versions INFO
2026-01-01 11:45:03,265 - System.tprint - INFO - ℹ️ 🐛 DEBUG: Successfully loaded metadata with 5 versions INFO
[2026-01-01 11:45:03.264] 🐛 DEBUG: list_versions() called INFO
2026-01-01 11:45:03,265 - System.tprint - INFO - ℹ️ 🐛 DEBUG: list_versions() called INFO
[2026-01-01 11:45:03.265] 🐛 DEBUG: Metadata file exists: True INFO
2026-01-01 11:45:03,265 - System.tprint - INFO - ℹ️ 🐛 DEBUG: Metadata file exists: True INFO
[2026-01-01 11:45:03.265] 🐛 DEBUG: HDF5 file exists: True INFO
2026-01-01 11:45:03,265 - System.tprint - INFO - ℹ️ 🐛 DEBUG: HDF5 file exists: True INFO
[2026-01-01 11:45:03.265] 🐛 DEBUG: Reloading metadata to get latest versions INFO
2026-01-01 11:45:03,265 - System.tprint - INFO - ℹ️ 🐛 DEBUG: Reloading metadata to get latest versions INFO
[2026-01-01 11:45:03.265] 🐛 DEBUG: _load_metadata() checking versioned_artifacts/ETHUSDT_binance_1h_long_regime/metadata.json INFO
2026-01-01 11:45:03,265 - System.tprint - INFO - ℹ️ 🐛 DEBUG: _load_metadata() checking versioned_artifacts/ETHUSDT_binance_1h_long_regime/metadata.json INFO
[2026-01-01 11:45:03.265] 🐛 DEBUG: Metadata file exists, size: 3249 bytes INFO
2026-01-01 11:45:03,266 - System.tprint - INFO - ℹ️ 🐛 DEBUG: Metadata file exists, size: 3249 bytes INFO
[2026-01-01 11:45:03.265] 🐛 DEBUG: Successfully loaded metadata with 5 versions INFO
2026-01-01 11:45:03,266 - System.tprint - INFO - ℹ️ 🐛 DEBUG: Successfully loaded metadata with 5 versions INFO
[2026-01-01 11:45:03.265] 🐛 DEBUG: Found 5 versions in metadata: ['rolling_hmm_regime_confidence_features_20251122_003448_094', 'rolling_hmm_economic_features_20251122_003448_124', 'rolling_hmm_regime_labels_20251122_003448_165', 'rolling_hmm_regime_probabilities_20251122_003448_178', 'rolling_hmm_transition_matrix_20251122_003448_193'] INFO
2026-01-01 11:45:03,266 - System.tprint - INFO - ℹ️ 🐛 DEBUG: Found 5 versions in metadata: ['rolling_hmm_regime_confidence_features_20251122_003448_094', 'rolling_hmm_economic_features_20251122_003448_124', 'rolling_hmm_regime_labels_20251122_003448_165', 'rolling_hmm_regime_probabilities_20251122_003448_178', 'rolling_hmm_transition_matrix_20251122_003448_193'] INFO
[2026-01-01 11:45:03.267] 🐛 DEBUG: Found 5 versions in HDF5: ['rolling_hmm_economic_features_20251122_003448_124', 'rolling_hmm_regime_confidence_features_20251122_003448_094', 'rolling_hmm_regime_labels_20251122_003448_165', 'rolling_hmm_regime_probabilities_20251122_003448_178', 'rolling_hmm_transition_matrix_20251122_003448_193'] INFO
2026-01-01 11:45:03,267 - System.tprint - INFO - ℹ️ 🐛 DEBUG: Found 5 versions in HDF5: ['rolling_hmm_economic_features_20251122_003448_124', 'rolling_hmm_regime_confidence_features_20251122_003448_094', 'rolling_hmm_regime_labels_20251122_003448_165', 'rolling_hmm_regime_probabilities_20251122_003448_178', 'rolling_hmm_transition_matrix_20251122_003448_193'] INFO
[2026-01-01 11:45:03.267] 🐛 DEBUG: _load_metadata() checking versioned_artifacts/ETHUSDT_binance_15m_long_blank/metadata.json INFO
2026-01-01 11:45:03,267 - System.tprint - INFO - ℹ️ 🐛 DEBUG: _load_metadata() checking versioned_artifacts/ETHUSDT_binance_15m_long_blank/metadata.json INFO
[2026-01-01 11:45:03.267] 🐛 DEBUG: Metadata file exists, size: 139 bytes INFO
2026-01-01 11:45:03,267 - System.tprint - INFO - ℹ️ 🐛 DEBUG: Metadata file exists, size: 139 bytes INFO
[2026-01-01 11:45:03.267] 🐛 DEBUG: Successfully loaded metadata with 0 versions INFO
2026-01-01 11:45:03,267 - System.tprint - INFO - ℹ️ 🐛 DEBUG: Successfully loaded metadata with 0 versions INFO
[2026-01-01 11:45:03.267] 🐛 DEBUG: list_versions() called INFO
2026-01-01 11:45:03,269 - System.tprint - INFO - ℹ️ 🐛 DEBUG: list_versions() called INFO
[2026-01-01 11:45:03.269] 🐛 DEBUG: Metadata file exists: True INFO
2026-01-01 11:45:03,270 - System.tprint - INFO - ℹ️ 🐛 DEBUG: Metadata file exists: True INFO
[2026-01-01 11:45:03.271] 🐛 DEBUG: HDF5 file exists: True INFO
2026-01-01 11:45:03,271 - System.tprint - INFO - ℹ️ 🐛 DEBUG: HDF5 file exists: True INFO
[2026-01-01 11:45:03.271] 🐛 DEBUG: Reloading metadata to get latest versions INFO
2026-01-01 11:45:03,271 - System.tprint - INFO - ℹ️ 🐛 DEBUG: Reloading metadata to get latest versions INFO
[2026-01-01 11:45:03.271] 🐛 DEBUG: _load_metadata() checking versioned_artifacts/ETHUSDT_binance_15m_long_blank/metadata.json INFO
2026-01-01 11:45:03,271 - System.tprint - INFO - ℹ️ 🐛 DEBUG: _load_metadata() checking versioned_artifacts/ETHUSDT_binance_15m_long_blank/metadata.json INFO
[2026-01-01 11:45:03.271] 🐛 DEBUG: Metadata file exists, size: 139 bytes INFO
2026-01-01 11:45:03,271 - System.tprint - INFO - ℹ️ 🐛 DEBUG: Metadata file exists, size: 139 bytes INFO
[2026-01-01 11:45:03.271] 🐛 DEBUG: Successfully loaded metadata with 0 versions INFO
2026-01-01 11:45:03,273 - System.tprint - INFO - ℹ️ 🐛 DEBUG: Successfully loaded metadata with 0 versions INFO
[2026-01-01 11:45:03.273] 🐛 DEBUG: Found 0 versions in metadata: [] INFO
2026-01-01 11:45:03,273 - System.tprint - INFO - ℹ️ 🐛 DEBUG: Found 0 versions in metadata: [] INFO
[2026-01-01 11:45:03.273] 🐛 DEBUG: Found 0 versions in HDF5: [] INFO
2026-01-01 11:45:03,273 - System.tprint - INFO - ℹ️ 🐛 DEBUG: Found 0 versions in HDF5: [] INFO
[2026-01-01 11:45:03.275] 🐛 DEBUG: _load_metadata() checking versioned_artifacts/ETHUSDT_binance_15m_long_regime_alpha/metadata.json INFO
2026-01-01 11:45:03,275 - System.tprint - INFO - ℹ️ 🐛 DEBUG: _load_metadata() checking versioned_artifacts/ETHUSDT_binance_15m_long_regime_alpha/metadata.json INFO
[2026-01-01 11:45:03.275] 🐛 DEBUG: Metadata file exists, size: 139 bytes INFO
2026-01-01 11:45:03,276 - System.tprint - INFO - ℹ️ 🐛 DEBUG: Metadata file exists, size: 139 bytes INFO
[2026-01-01 11:45:03.276] 🐛 DEBUG: Successfully loaded metadata with 0 versions INFO
2026-01-01 11:45:03,276 - System.tprint - INFO - ℹ️ 🐛 DEBUG: Successfully loaded metadata with 0 versions INFO
[2026-01-01 11:45:03.276] 🐛 DEBUG: list_versions() called INFO
2026-01-01 11:45:03,277 - System.tprint - INFO - ℹ️ 🐛 DEBUG: list_versions() called INFO
[2026-01-01 11:45:03.276] 🐛 DEBUG: Metadata file exists: True INFO
2026-01-01 11:45:03,277 - System.tprint - INFO - ℹ️ 🐛 DEBUG: Metadata file exists: True INFO
[2026-01-01 11:45:03.276] 🐛 DEBUG: HDF5 file exists: True INFO
2026-01-01 11:45:03,277 - System.tprint - INFO - ℹ️ 🐛 DEBUG: HDF5 file exists: True INFO
[2026-01-01 11:45:03.276] 🐛 DEBUG: Reloading metadata to get latest versions INFO
2026-01-01 11:45:03,277 - System.tprint - INFO - ℹ️ 🐛 DEBUG: Reloading metadata to get latest versions INFO
[2026-01-01 11:45:03.277] 🐛 DEBUG: _load_metadata() checking versioned_artifacts/ETHUSDT_binance_15m_long_regime_alpha/metadata.json INFO
2026-01-01 11:45:03,277 - System.tprint - INFO - ℹ️ 🐛 DEBUG: _load_metadata() checking versioned_artifacts/ETHUSDT_binance_15m_long_regime_alpha/metadata.json INFO
[2026-01-01 11:45:03.277] 🐛 DEBUG: Metadata file exists, size: 139 bytes INFO
2026-01-01 11:45:03,277 - System.tprint - INFO - ℹ️ 🐛 DEBUG: Metadata file exists, size: 139 bytes INFO
[2026-01-01 11:45:03.277] 🐛 DEBUG: Successfully loaded metadata with 0 versions INFO
2026-01-01 11:45:03,278 - System.tprint - INFO - ℹ️ 🐛 DEBUG: Successfully loaded metadata with 0 versions INFO
[2026-01-01 11:45:03.277] 🐛 DEBUG: Found 0 versions in metadata: [] INFO
2026-01-01 11:45:03,278 - System.tprint - INFO - ℹ️ 🐛 DEBUG: Found 0 versions in metadata: [] INFO
[2026-01-01 11:45:03.277] 🐛 DEBUG: Found 0 versions in HDF5: [] INFO
2026-01-01 11:45:03,278 - System.tprint - INFO - ℹ️ 🐛 DEBUG: Found 0 versions in HDF5: [] INFO
2026-01-01 11:45:03,279 - System.ArtifactManager - WARNING - ⚠️ Artifact not found: market_data
2026-01-01 11:45:03,279 - System.ArtifactManager - INFO - ℹ️ 📁 Context set: step=meta_labeling_hpo_sample_weighted, symbol=None, exchange=None, timeframe=None, datetime=2026-01-01 11:45:02.986611, information=None, direction=long, model=Analyst
[2026-01-01 11:45:03.279] ⚠️ Artifact 'market_data' not found in any storage | UNKNOWN/binance [15m] long/analyst
2026-01-01 11:45:03,279 - System.tprint - INFO - ℹ️ ⚠️ Artifact 'market_data' not found in any storage | UNKNOWN/binance [15m] long/analyst
2026-01-01 11:45:03,279 - System.ArtifactManager - INFO - ℹ️ 📁 Context set: step=data_reading, symbol=ETHUSDT, exchange=binance, timeframe=15m, datetime=2026-01-01 10:45:03.279581, information=None, direction=long, model=Analyst
[2026-01-01 11:45:03.280] 📂 Retrieving artifact 'ohlcv_data' (type: data) | UNKNOWN/binance [15m] long/analyst
2026-01-01 11:45:03,280 - System.tprint - INFO - ℹ️ 📂 Retrieving artifact 'ohlcv_data' (type: data) | UNKNOWN/binance [15m] long/analyst
[2026-01-01 11:45:03.280] 🐛 DEBUG [load_klines]: last_n_days=None, start_time=None, end_time=None INFO
2026-01-01 11:45:03,281 - System.tprint - INFO - ℹ️ 🐛 DEBUG [load_klines]: last_n_days=None, start_time=None, end_time=None INFO
[2026-01-01 11:45:03.280] WARNING: ⚠️ No klines files found for UNKNOWN binance 15m
2026-01-01 11:45:03,281 - System.tprint - WARNING - ⚠️ No klines files found for UNKNOWN binance 15m
2026-01-01 11:45:03,281 - src.utils.kline_parquet - INFO - ℹ️ load_klines executed in 0.69ms
[2026-01-01 11:45:03.281] WARNING:   │  ⚠️  Loaded empty DataFrame
2026-01-01 11:45:03,281 - System.tprint - WARNING - ⚠️ │  ⚠️  Loaded empty DataFrame
[2026-01-01 11:45:03.281] WARNING:   └─ Trying next storage method
2026-01-01 11:45:03,282 - System.tprint - WARNING - ⚠️ └─ Trying next storage method
[2026-01-01 11:45:03.281] 🐛 DEBUG: _get_versioned_store() with store_key: UNKNOWN_binance_15m_long_analyst INFO
2026-01-01 11:45:03,282 - System.tprint - INFO - ℹ️ 🐛 DEBUG: _get_versioned_store() with store_key: UNKNOWN_binance_15m_long_analyst INFO
[2026-01-01 11:45:03.281] 🐛 DEBUG: Using existing cached store for UNKNOWN_binance_15m_long_analyst INFO
2026-01-01 11:45:03,282 - System.tprint - INFO - ℹ️ 🐛 DEBUG: Using existing cached store for UNKNOWN_binance_15m_long_analyst INFO
[2026-01-01 11:45:03.281] 🐛 DEBUG: get_statistics() called INFO
2026-01-01 11:45:03,282 - System.tprint - INFO - ℹ️ 🐛 DEBUG: get_statistics() called INFO
[2026-01-01 11:45:03.281] 🐛 DEBUG: Reloading metadata for statistics INFO
2026-01-01 11:45:03,282 - System.tprint - INFO - ℹ️ 🐛 DEBUG: Reloading metadata for statistics INFO
[2026-01-01 11:45:03.281] 🐛 DEBUG: _load_metadata() checking versioned_artifacts/UNKNOWN_binance_15m_long_analyst/metadata.json INFO
2026-01-01 11:45:03,282 - System.tprint - INFO - ℹ️ 🐛 DEBUG: _load_metadata() checking versioned_artifacts/UNKNOWN_binance_15m_long_analyst/metadata.json INFO
[2026-01-01 11:45:03.283] 🐛 DEBUG: Metadata file exists, size: 15351 bytes INFO
2026-01-01 11:45:03,283 - System.tprint - INFO - ℹ️ 🐛 DEBUG: Metadata file exists, size: 15351 bytes INFO
[2026-01-01 11:45:03.283] 🐛 DEBUG: Successfully loaded metadata with 5 versions INFO
2026-01-01 11:45:03,283 - System.tprint - INFO - ℹ️ 🐛 DEBUG: Successfully loaded metadata with 5 versions INFO
[2026-01-01 11:45:03.283] 🐛 DEBUG: Statistics - num_versions: 5 INFO
2026-01-01 11:45:03,284 - System.tprint - INFO - ℹ️ 🐛 DEBUG: Statistics - num_versions: 5 INFO
[2026-01-01 11:45:03.284] 🐛 DEBUG: Statistics - current_version: final_validation_metrics_20251116_161159_946 INFO
2026-01-01 11:45:03,284 - System.tprint - INFO - ℹ️ 🐛 DEBUG: Statistics - current_version: final_validation_metrics_20251116_161159_946 INFO
[2026-01-01 11:45:03.284] 🐛 DEBUG: Statistics - h5_file_size_mb: 280.5141086578369 INFO
2026-01-01 11:45:03,284 - System.tprint - INFO - ℹ️ 🐛 DEBUG: Statistics - h5_file_size_mb: 280.5141086578369 INFO
[2026-01-01 11:45:03.284] 🐛 DEBUG: Existing store statistics: {'store_path': 'versioned_artifacts/UNKNOWN_binance_15m_long_analyst', 'num_versions': 5, 'current_version': 'final_validation_metrics_20251116_161159_946', 'created_at': '2025-11-07T18:22:44.911801', 'h5_file_size_mb': 280.5141086578369, 'chunking': {'chunk_rows': 'auto', 'chunk_cols': 'auto'}, 'changelog': {'total_changes': 305, 'changes_by_type': {'add_data': 305}, 'top_versions': {'analyst_interaction_features_20251108_161950_019': 1, 'analyst_interaction_features_20251108_164300_578': 1, 'analyst_interaction_features_20251108_171945_952': 1, 'analyst_interaction_features_20251108_175314_530': 1, 'analyst_interaction_features_20251108_180922_905': 1, 'analyst_interaction_features_20251108_184752_938': 1, 'analyst_interaction_features_20251108_191026_801': 1, 'analyst_interaction_features_20251111_185727_726': 1, 'final_dataset_40_20251108_172617_791': 1, 'final_dataset_40_20251108_172829_013': 1}, 'time_range': {'earliest': '2025-11-07T18:27:00.789522', 'latest': '2025-11-24T21:16:51.681722'}}, 'row_versioning': {'total_rows_tracked': 0, 'total_versions': 0, 'average_versions_per_row': 0, 'most_versioned_rows': []}} INFO
2026-01-01 11:45:03,285 - System.tprint - INFO - ℹ️ 🐛 DEBUG: Existing store statistics: {'store_path': 'versioned_artifacts/UNKNOWN_binance_15m_long_analyst', 'num_versions': 5, 'current_version': 'final_validation_metrics_20251116_161159_946', 'created_at': '2025-11-07T18:22:44.911801', 'h5_file_size_mb': 280.5141086578369, 'chunking': {'chunk_rows': 'auto', 'chunk_cols': 'auto'}, 'changelog': {'total_changes': 305, 'changes_by_type': {'add_data': 305}, 'top_versions': {'analyst_interaction_features_20251108_161950_019': 1, 'analyst_interaction_features_20251108_164300_578': 1, 'analyst_interaction_features_20251108_171945_952': 1, 'analyst_interaction_features_20251108_175314_530': 1, 'analyst_interaction_features_20251108_180922_905': 1, 'analyst_interaction_features_20251108_184752_938': 1, 'analyst_interaction_features_20251108_191026_801': 1, 'analyst_interaction_features_20251111_185727_726': 1, 'final_dataset_40_20251108_172617_791': 1, 'final_dataset_40_20251108_172829_013': 1}, 'time_range': {'earliest': '2025-11-07T18:27:00.789522', 'latest': '2025-11-24T21:16:51.681722'}}, 'row_versioning': {'total_rows_tracked': 0, 'total_versions': 0, 'average_versions_per_row': 0, 'most_versioned_rows': []}} INFO
[2026-01-01 11:45:03.284] 🐛 DEBUG: list_versions() called INFO
2026-01-01 11:45:03,285 - System.tprint - INFO - ℹ️ 🐛 DEBUG: list_versions() called INFO
[2026-01-01 11:45:03.285] 🐛 DEBUG: Metadata file exists: True INFO
2026-01-01 11:45:03,286 - System.tprint - INFO - ℹ️ 🐛 DEBUG: Metadata file exists: True INFO
[2026-01-01 11:45:03.285] 🐛 DEBUG: HDF5 file exists: True INFO
2026-01-01 11:45:03,286 - System.tprint - INFO - ℹ️ 🐛 DEBUG: HDF5 file exists: True INFO
[2026-01-01 11:45:03.285] 🐛 DEBUG: Reloading metadata to get latest versions INFO
2026-01-01 11:45:03,286 - System.tprint - INFO - ℹ️ 🐛 DEBUG: Reloading metadata to get latest versions INFO
[2026-01-01 11:45:03.285] 🐛 DEBUG: _load_metadata() checking versioned_artifacts/UNKNOWN_binance_15m_long_analyst/metadata.json INFO
2026-01-01 11:45:03,286 - System.tprint - INFO - ℹ️ 🐛 DEBUG: _load_metadata() checking versioned_artifacts/UNKNOWN_binance_15m_long_analyst/metadata.json INFO
[2026-01-01 11:45:03.285] 🐛 DEBUG: Metadata file exists, size: 15351 bytes INFO
2026-01-01 11:45:03,286 - System.tprint - INFO - ℹ️ 🐛 DEBUG: Metadata file exists, size: 15351 bytes INFO
[2026-01-01 11:45:03.287] 🐛 DEBUG: Successfully loaded metadata with 5 versions INFO
2026-01-01 11:45:03,288 - System.tprint - INFO - ℹ️ 🐛 DEBUG: Successfully loaded metadata with 5 versions INFO
[2026-01-01 11:45:03.288] 🐛 DEBUG: Found 5 versions in metadata: ['final_dataset_60_20251116_161159_683', 'final_dataset_50_20251116_161159_720', 'final_dataset_40_20251116_161159_752', 'labeled_dataframe_20251116_161159_781', 'final_validation_metrics_20251116_161159_946'] INFO
2026-01-01 11:45:03,288 - System.tprint - INFO - ℹ️ 🐛 DEBUG: Found 5 versions in metadata: ['final_dataset_60_20251116_161159_683', 'final_dataset_50_20251116_161159_720', 'final_dataset_40_20251116_161159_752', 'labeled_dataframe_20251116_161159_781', 'final_validation_metrics_20251116_161159_946'] INFO
[2026-01-01 11:45:03.288] 🐛 DEBUG: Found 5 versions in HDF5: ['final_dataset_40_20251116_161159_752', 'final_dataset_50_20251116_161159_720', 'final_dataset_60_20251116_161159_683', 'final_validation_metrics_20251116_161159_946', 'labeled_dataframe_20251116_161159_781'] INFO
2026-01-01 11:45:03,288 - System.tprint - INFO - ℹ️ 🐛 DEBUG: Found 5 versions in HDF5: ['final_dataset_40_20251116_161159_752', 'final_dataset_50_20251116_161159_720', 'final_dataset_60_20251116_161159_683', 'final_validation_metrics_20251116_161159_946', 'labeled_dataframe_20251116_161159_781'] INFO
[2026-01-01 11:45:03.288] WARNING:   │  No matching versions in primary store
2026-01-01 11:45:03,289 - System.tprint - WARNING - ⚠️ │  No matching versions in primary store
[2026-01-01 11:45:03.289] 🐛 DEBUG: list_versions() called INFO
2026-01-01 11:45:03,289 - System.tprint - INFO - ℹ️ 🐛 DEBUG: list_versions() called INFO
[2026-01-01 11:45:03.289] 🐛 DEBUG: Metadata file exists: True INFO
2026-01-01 11:45:03,289 - System.tprint - INFO - ℹ️ 🐛 DEBUG: Metadata file exists: True INFO
[2026-01-01 11:45:03.289] 🐛 DEBUG: HDF5 file exists: True INFO
2026-01-01 11:45:03,289 - System.tprint - INFO - ℹ️ 🐛 DEBUG: HDF5 file exists: True INFO
[2026-01-01 11:45:03.289] 🐛 DEBUG: Reloading metadata to get latest versions INFO
2026-01-01 11:45:03,289 - System.tprint - INFO - ℹ️ 🐛 DEBUG: Reloading metadata to get latest versions INFO
[2026-01-01 11:45:03.289] 🐛 DEBUG: _load_metadata() checking versioned_artifacts/UNKNOWN_binance_15m_long_analyst/metadata.json INFO
2026-01-01 11:45:03,289 - System.tprint - INFO - ℹ️ 🐛 DEBUG: _load_metadata() checking versioned_artifacts/UNKNOWN_binance_15m_long_analyst/metadata.json INFO
[2026-01-01 11:45:03.289] 🐛 DEBUG: Metadata file exists, size: 15351 bytes INFO
2026-01-01 11:45:03,289 - System.tprint - INFO - ℹ️ 🐛 DEBUG: Metadata file exists, size: 15351 bytes INFO
[2026-01-01 11:45:03.289] 🐛 DEBUG: Successfully loaded metadata with 5 versions INFO
2026-01-01 11:45:03,289 - System.tprint - INFO - ℹ️ 🐛 DEBUG: Successfully loaded metadata with 5 versions INFO
[2026-01-01 11:45:03.289] 🐛 DEBUG: Found 5 versions in metadata: ['final_dataset_60_20251116_161159_683', 'final_dataset_50_20251116_161159_720', 'final_dataset_40_20251116_161159_752', 'labeled_dataframe_20251116_161159_781', 'final_validation_metrics_20251116_161159_946'] INFO
2026-01-01 11:45:03,290 - System.tprint - INFO - ℹ️ 🐛 DEBUG: Found 5 versions in metadata: ['final_dataset_60_20251116_161159_683', 'final_dataset_50_20251116_161159_720', 'final_dataset_40_20251116_161159_752', 'labeled_dataframe_20251116_161159_781', 'final_validation_metrics_20251116_161159_946'] INFO
[2026-01-01 11:45:03.290] 🐛 DEBUG: Found 5 versions in HDF5: ['final_dataset_40_20251116_161159_752', 'final_dataset_50_20251116_161159_720', 'final_dataset_60_20251116_161159_683', 'final_validation_metrics_20251116_161159_946', 'labeled_dataframe_20251116_161159_781'] INFO
2026-01-01 11:45:03,290 - System.tprint - INFO - ℹ️ 🐛 DEBUG: Found 5 versions in HDF5: ['final_dataset_40_20251116_161159_752', 'final_dataset_50_20251116_161159_720', 'final_dataset_60_20251116_161159_683', 'final_validation_metrics_20251116_161159_946', 'labeled_dataframe_20251116_161159_781'] INFO
[2026-01-01 11:45:03.290] WARNING:   │  ⚠️  Not found in any versioned store
2026-01-01 11:45:03,290 - System.tprint - WARNING - ⚠️ │  ⚠️  Not found in any versioned store
[2026-01-01 11:45:03.290] WARNING:   └─ Trying next storage method
2026-01-01 11:45:03,290 - System.tprint - WARNING - ⚠️ └─ Trying next storage method
[2026-01-01 11:45:03.290] ERROR: ┌──────────────────────────────────────────────────────────────────────────────┐
2026-01-01 11:45:03,291 - System.tprint - ERROR - ❌ ┌──────────────────────────────────────────────────────────────────────────────┐
[2026-01-01 11:45:03.290] ERROR: │  ❌ ARTIFACT ROUTER: LOAD FAILED - NOT FOUND                                │
2026-01-01 11:45:03,291 - System.tprint - ERROR - ❌ │  ❌ ARTIFACT ROUTER: LOAD FAILED - NOT FOUND                                │
[2026-01-01 11:45:03.290] ERROR: │  Artifact 'ohlcv_data' not found in any storage                        │ 
2026-01-01 11:45:03,291 - System.tprint - ERROR - ❌ │  Artifact 'ohlcv_data' not found in any storage                        │ 
[2026-01-01 11:45:03.291] ERROR: └──────────────────────────────────────────────────────────────────────────────┘
2026-01-01 11:45:03,291 - System.tprint - ERROR - ❌ └──────────────────────────────────────────────────────────────────────────────┘
2026-01-01 11:45:03,291 - ares.step.meta_labeling_hpo_sample_weighted - WARNING - ⚠️ Artifact 'ohlcv_data' not found via router, trying traditional manager
[2026-01-01 11:45:03.291] ⚠️ Trying fallback to traditional artifact manager | UNKNOWN/binance [15m] long/analyst
2026-01-01 11:45:03,291 - System.tprint - INFO - ℹ️ ⚠️ Trying fallback to traditional artifact manager | UNKNOWN/binance [15m] long/analyst
2026-01-01 11:45:03,291 - System.ArtifactManager - INFO - ℹ️ 📁 Context set: step=meta_labeling_hpo_sample_weighted, symbol=None, exchange=None, timeframe=15m, datetime=2026-01-01 11:45:02.986611, information=None, direction=long, model=Analyst
[2026-01-01 11:45:03.292] 🐛 DEBUG: _load_metadata() checking versioned_artifacts/UNKNOWN_binance_1h_long_analyst/metadata.json INFO
2026-01-01 11:45:03,292 - System.tprint - INFO - ℹ️ 🐛 DEBUG: _load_metadata() checking versioned_artifacts/UNKNOWN_binance_1h_long_analyst/metadata.json INFO
[2026-01-01 11:45:03.292] 🐛 DEBUG: Metadata file exists, size: 200 bytes INFO
2026-01-01 11:45:03,293 - System.tprint - INFO - ℹ️ 🐛 DEBUG: Metadata file exists, size: 200 bytes INFO
[2026-01-01 11:45:03.292] 🐛 DEBUG: Successfully loaded metadata with 0 versions INFO
2026-01-01 11:45:03,293 - System.tprint - INFO - ℹ️ 🐛 DEBUG: Successfully loaded metadata with 0 versions INFO
[2026-01-01 11:45:03.292] 🐛 DEBUG: list_versions() called INFO
2026-01-01 11:45:03,293 - System.tprint - INFO - ℹ️ 🐛 DEBUG: list_versions() called INFO
[2026-01-01 11:45:03.292] 🐛 DEBUG: Metadata file exists: True INFO
2026-01-01 11:45:03,293 - System.tprint - INFO - ℹ️ 🐛 DEBUG: Metadata file exists: True INFO
[2026-01-01 11:45:03.292] 🐛 DEBUG: HDF5 file exists: True INFO
2026-01-01 11:45:03,293 - System.tprint - INFO - ℹ️ 🐛 DEBUG: HDF5 file exists: True INFO
[2026-01-01 11:45:03.294] 🐛 DEBUG: Reloading metadata to get latest versions INFO
2026-01-01 11:45:03,294 - System.tprint - INFO - ℹ️ 🐛 DEBUG: Reloading metadata to get latest versions INFO
[2026-01-01 11:45:03.294] 🐛 DEBUG: _load_metadata() checking versioned_artifacts/UNKNOWN_binance_1h_long_analyst/metadata.json INFO
2026-01-01 11:45:03,294 - System.tprint - INFO - ℹ️ 🐛 DEBUG: _load_metadata() checking versioned_artifacts/UNKNOWN_binance_1h_long_analyst/metadata.json INFO
[2026-01-01 11:45:03.294] 🐛 DEBUG: Metadata file exists, size: 200 bytes INFO
2026-01-01 11:45:03,294 - System.tprint - INFO - ℹ️ 🐛 DEBUG: Metadata file exists, size: 200 bytes INFO
[2026-01-01 11:45:03.294] 🐛 DEBUG: Successfully loaded metadata with 0 versions INFO
2026-01-01 11:45:03,295 - System.tprint - INFO - ℹ️ 🐛 DEBUG: Successfully loaded metadata with 0 versions INFO
[2026-01-01 11:45:03.294] 🐛 DEBUG: Found 0 versions in metadata: [] INFO
2026-01-01 11:45:03,295 - System.tprint - INFO - ℹ️ 🐛 DEBUG: Found 0 versions in metadata: [] INFO
[2026-01-01 11:45:03.295] 🐛 DEBUG: Found 0 versions in HDF5: [] INFO
2026-01-01 11:45:03,295 - System.tprint - INFO - ℹ️ 🐛 DEBUG: Found 0 versions in HDF5: [] INFO
[2026-01-01 11:45:03.297] 🐛 DEBUG: _load_metadata() checking versioned_artifacts/UNKNOWN_binance_15m_long_analyst/metadata.json INFO
2026-01-01 11:45:03,297 - System.tprint - INFO - ℹ️ 🐛 DEBUG: _load_metadata() checking versioned_artifacts/UNKNOWN_binance_15m_long_analyst/metadata.json INFO
[2026-01-01 11:45:03.297] 🐛 DEBUG: Metadata file exists, size: 15351 bytes INFO
2026-01-01 11:45:03,297 - System.tprint - INFO - ℹ️ 🐛 DEBUG: Metadata file exists, size: 15351 bytes INFO
[2026-01-01 11:45:03.297] 🐛 DEBUG: Successfully loaded metadata with 5 versions INFO
2026-01-01 11:45:03,297 - System.tprint - INFO - ℹ️ 🐛 DEBUG: Successfully loaded metadata with 5 versions INFO
[2026-01-01 11:45:03.297] 🐛 DEBUG: list_versions() called INFO
2026-01-01 11:45:03,297 - System.tprint - INFO - ℹ️ 🐛 DEBUG: list_versions() called INFO
[2026-01-01 11:45:03.297] 🐛 DEBUG: Metadata file exists: True INFO
2026-01-01 11:45:03,297 - System.tprint - INFO - ℹ️ 🐛 DEBUG: Metadata file exists: True INFO
[2026-01-01 11:45:03.297] 🐛 DEBUG: HDF5 file exists: True INFO
2026-01-01 11:45:03,298 - System.tprint - INFO - ℹ️ 🐛 DEBUG: HDF5 file exists: True INFO
[2026-01-01 11:45:03.297] 🐛 DEBUG: Reloading metadata to get latest versions INFO
2026-01-01 11:45:03,298 - System.tprint - INFO - ℹ️ 🐛 DEBUG: Reloading metadata to get latest versions INFO
[2026-01-01 11:45:03.298] 🐛 DEBUG: _load_metadata() checking versioned_artifacts/UNKNOWN_binance_15m_long_analyst/metadata.json INFO
2026-01-01 11:45:03,298 - System.tprint - INFO - ℹ️ 🐛 DEBUG: _load_metadata() checking versioned_artifacts/UNKNOWN_binance_15m_long_analyst/metadata.json INFO
[2026-01-01 11:45:03.298] 🐛 DEBUG: Metadata file exists, size: 15351 bytes INFO
2026-01-01 11:45:03,298 - System.tprint - INFO - ℹ️ 🐛 DEBUG: Metadata file exists, size: 15351 bytes INFO
[2026-01-01 11:45:03.298] 🐛 DEBUG: Successfully loaded metadata with 5 versions INFO
2026-01-01 11:45:03,298 - System.tprint - INFO - ℹ️ 🐛 DEBUG: Successfully loaded metadata with 5 versions INFO
[2026-01-01 11:45:03.298] 🐛 DEBUG: Found 5 versions in metadata: ['final_dataset_60_20251116_161159_683', 'final_dataset_50_20251116_161159_720', 'final_dataset_40_20251116_161159_752', 'labeled_dataframe_20251116_161159_781', 'final_validation_metrics_20251116_161159_946'] INFO
2026-01-01 11:45:03,298 - System.tprint - INFO - ℹ️ 🐛 DEBUG: Found 5 versions in metadata: ['final_dataset_60_20251116_161159_683', 'final_dataset_50_20251116_161159_720', 'final_dataset_40_20251116_161159_752', 'labeled_dataframe_20251116_161159_781', 'final_validation_metrics_20251116_161159_946'] INFO
[2026-01-01 11:45:03.298] 🐛 DEBUG: Found 5 versions in HDF5: ['final_dataset_40_20251116_161159_752', 'final_dataset_50_20251116_161159_720', 'final_dataset_60_20251116_161159_683', 'final_validation_metrics_20251116_161159_946', 'labeled_dataframe_20251116_161159_781'] INFO
2026-01-01 11:45:03,299 - System.tprint - INFO - ℹ️ 🐛 DEBUG: Found 5 versions in HDF5: ['final_dataset_40_20251116_161159_752', 'final_dataset_50_20251116_161159_720', 'final_dataset_60_20251116_161159_683', 'final_validation_metrics_20251116_161159_946', 'labeled_dataframe_20251116_161159_781'] INFO
[2026-01-01 11:45:03.299] 🐛 DEBUG: _load_metadata() checking versioned_artifacts/ETHUSDT_binance_15m_long_sr_labeling_xgb/metadata.json INFO
2026-01-01 11:45:03,299 - System.tprint - INFO - ℹ️ 🐛 DEBUG: _load_metadata() checking versioned_artifacts/ETHUSDT_binance_15m_long_sr_labeling_xgb/metadata.json INFO
[2026-01-01 11:45:03.299] 🐛 DEBUG: Metadata file exists, size: 139 bytes INFO
2026-01-01 11:45:03,299 - System.tprint - INFO - ℹ️ 🐛 DEBUG: Metadata file exists, size: 139 bytes INFO
[2026-01-01 11:45:03.299] 🐛 DEBUG: Successfully loaded metadata with 0 versions INFO
2026-01-01 11:45:03,299 - System.tprint - INFO - ℹ️ 🐛 DEBUG: Successfully loaded metadata with 0 versions INFO
[2026-01-01 11:45:03.299] 🐛 DEBUG: list_versions() called INFO
2026-01-01 11:45:03,299 - System.tprint - INFO - ℹ️ 🐛 DEBUG: list_versions() called INFO
[2026-01-01 11:45:03.299] 🐛 DEBUG: Metadata file exists: True INFO
2026-01-01 11:45:03,299 - System.tprint - INFO - ℹ️ 🐛 DEBUG: Metadata file exists: True INFO
[2026-01-01 11:45:03.299] 🐛 DEBUG: HDF5 file exists: True INFO
2026-01-01 11:45:03,300 - System.tprint - INFO - ℹ️ 🐛 DEBUG: HDF5 file exists: True INFO
[2026-01-01 11:45:03.299] 🐛 DEBUG: Reloading metadata to get latest versions INFO
2026-01-01 11:45:03,301 - System.tprint - INFO - ℹ️ 🐛 DEBUG: Reloading metadata to get latest versions INFO
[2026-01-01 11:45:03.302] 🐛 DEBUG: _load_metadata() checking versioned_artifacts/ETHUSDT_binance_15m_long_sr_labeling_xgb/metadata.json INFO
2026-01-01 11:45:03,302 - System.tprint - INFO - ℹ️ 🐛 DEBUG: _load_metadata() checking versioned_artifacts/ETHUSDT_binance_15m_long_sr_labeling_xgb/metadata.json INFO
[2026-01-01 11:45:03.302] 🐛 DEBUG: Metadata file exists, size: 139 bytes INFO
2026-01-01 11:45:03,302 - System.tprint - INFO - ℹ️ 🐛 DEBUG: Metadata file exists, size: 139 bytes INFO
[2026-01-01 11:45:03.302] 🐛 DEBUG: Successfully loaded metadata with 0 versions INFO
2026-01-01 11:45:03,302 - System.tprint - INFO - ℹ️ 🐛 DEBUG: Successfully loaded metadata with 0 versions INFO
[2026-01-01 11:45:03.302] 🐛 DEBUG: Found 0 versions in metadata: [] INFO
2026-01-01 11:45:03,302 - System.tprint - INFO - ℹ️ 🐛 DEBUG: Found 0 versions in metadata: [] INFO
[2026-01-01 11:45:03.303] 🐛 DEBUG: Found 0 versions in HDF5: [] INFO
2026-01-01 11:45:03,303 - System.tprint - INFO - ℹ️ 🐛 DEBUG: Found 0 versions in HDF5: [] INFO
[2026-01-01 11:45:03.304] 🐛 DEBUG: _load_metadata() checking versioned_artifacts/ETHUSDT_binance_1h_long_breakout_bounce/metadata.json INFO
2026-01-01 11:45:03,304 - System.tprint - INFO - ℹ️ 🐛 DEBUG: _load_metadata() checking versioned_artifacts/ETHUSDT_binance_1h_long_breakout_bounce/metadata.json INFO
[2026-01-01 11:45:03.304] 🐛 DEBUG: Metadata file exists, size: 11462 bytes INFO
2026-01-01 11:45:03,304 - System.tprint - INFO - ℹ️ 🐛 DEBUG: Metadata file exists, size: 11462 bytes INFO
[2026-01-01 11:45:03.304] 🐛 DEBUG: Successfully loaded metadata with 5 versions INFO
2026-01-01 11:45:03,304 - System.tprint - INFO - ℹ️ 🐛 DEBUG: Successfully loaded metadata with 5 versions INFO
[2026-01-01 11:45:03.304] 🐛 DEBUG: list_versions() called INFO
2026-01-01 11:45:03,304 - System.tprint - INFO - ℹ️ 🐛 DEBUG: list_versions() called INFO
[2026-01-01 11:45:03.304] 🐛 DEBUG: Metadata file exists: True INFO
2026-01-01 11:45:03,305 - System.tprint - INFO - ℹ️ 🐛 DEBUG: Metadata file exists: True INFO
[2026-01-01 11:45:03.305] 🐛 DEBUG: HDF5 file exists: True INFO
2026-01-01 11:45:03,305 - System.tprint - INFO - ℹ️ 🐛 DEBUG: HDF5 file exists: True INFO
[2026-01-01 11:45:03.305] 🐛 DEBUG: Reloading metadata to get latest versions INFO
2026-01-01 11:45:03,306 - System.tprint - INFO - ℹ️ 🐛 DEBUG: Reloading metadata to get latest versions INFO
[2026-01-01 11:45:03.305] 🐛 DEBUG: _load_metadata() checking versioned_artifacts/ETHUSDT_binance_1h_long_breakout_bounce/metadata.json INFO
2026-01-01 11:45:03,306 - System.tprint - INFO - ℹ️ 🐛 DEBUG: _load_metadata() checking versioned_artifacts/ETHUSDT_binance_1h_long_breakout_bounce/metadata.json INFO
[2026-01-01 11:45:03.305] 🐛 DEBUG: Metadata file exists, size: 11462 bytes INFO
2026-01-01 11:45:03,306 - System.tprint - INFO - ℹ️ 🐛 DEBUG: Metadata file exists, size: 11462 bytes INFO
[2026-01-01 11:45:03.307] 🐛 DEBUG: Successfully loaded metadata with 5 versions INFO
2026-01-01 11:45:03,307 - System.tprint - INFO - ℹ️ 🐛 DEBUG: Successfully loaded metadata with 5 versions INFO
[2026-01-01 11:45:03.307] 🐛 DEBUG: Found 5 versions in metadata: ['ml_breakout_bounce_training_data_1h_20251123_144326_526', 'ml_breakout_bounce_training_data_1h_20251123_153924_083', 'ml_breakout_bounce_training_data_1h_20251123_160312_391', 'ml_breakout_bounce_training_data_1h_20251123_160800_355', 'ml_breakout_bounce_training_data_1h_20251123_162859_853'] INFO
2026-01-01 11:45:03,307 - System.tprint - INFO - ℹ️ 🐛 DEBUG: Found 5 versions in metadata: ['ml_breakout_bounce_training_data_1h_20251123_144326_526', 'ml_breakout_bounce_training_data_1h_20251123_153924_083', 'ml_breakout_bounce_training_data_1h_20251123_160312_391', 'ml_breakout_bounce_training_data_1h_20251123_160800_355', 'ml_breakout_bounce_training_data_1h_20251123_162859_853'] INFO
[2026-01-01 11:45:03.307] 🐛 DEBUG: Found 5 versions in HDF5: ['ml_breakout_bounce_training_data_1h_20251123_144326_526', 'ml_breakout_bounce_training_data_1h_20251123_153924_083', 'ml_breakout_bounce_training_data_1h_20251123_160312_391', 'ml_breakout_bounce_training_data_1h_20251123_160800_355', 'ml_breakout_bounce_training_data_1h_20251123_162859_853'] INFO
2026-01-01 11:45:03,307 - System.tprint - INFO - ℹ️ 🐛 DEBUG: Found 5 versions in HDF5: ['ml_breakout_bounce_training_data_1h_20251123_144326_526', 'ml_breakout_bounce_training_data_1h_20251123_153924_083', 'ml_breakout_bounce_training_data_1h_20251123_160312_391', 'ml_breakout_bounce_training_data_1h_20251123_160800_355', 'ml_breakout_bounce_training_data_1h_20251123_162859_853'] INFO
[2026-01-01 11:45:03.308] 🐛 DEBUG: _load_metadata() checking versioned_artifacts/ETHUSDT_binance_15m_long_liquidity_regime/metadata.json INFO
2026-01-01 11:45:03,308 - System.tprint - INFO - ℹ️ 🐛 DEBUG: _load_metadata() checking versioned_artifacts/ETHUSDT_binance_15m_long_liquidity_regime/metadata.json INFO
[2026-01-01 11:45:03.308] 🐛 DEBUG: Metadata file exists, size: 17282 bytes INFO
2026-01-01 11:45:03,308 - System.tprint - INFO - ℹ️ 🐛 DEBUG: Metadata file exists, size: 17282 bytes INFO
[2026-01-01 11:45:03.308] 🐛 DEBUG: Successfully loaded metadata with 6 versions INFO
2026-01-01 11:45:03,308 - System.tprint - INFO - ℹ️ 🐛 DEBUG: Successfully loaded metadata with 6 versions INFO
[2026-01-01 11:45:03.308] 🐛 DEBUG: list_versions() called INFO
2026-01-01 11:45:03,309 - System.tprint - INFO - ℹ️ 🐛 DEBUG: list_versions() called INFO
[2026-01-01 11:45:03.308] 🐛 DEBUG: Metadata file exists: True INFO
2026-01-01 11:45:03,309 - System.tprint - INFO - ℹ️ 🐛 DEBUG: Metadata file exists: True INFO
[2026-01-01 11:45:03.309] 🐛 DEBUG: HDF5 file exists: True INFO
2026-01-01 11:45:03,309 - System.tprint - INFO - ℹ️ 🐛 DEBUG: HDF5 file exists: True INFO
[2026-01-01 11:45:03.309] 🐛 DEBUG: Reloading metadata to get latest versions INFO
2026-01-01 11:45:03,309 - System.tprint - INFO - ℹ️ 🐛 DEBUG: Reloading metadata to get latest versions INFO
[2026-01-01 11:45:03.309] 🐛 DEBUG: _load_metadata() checking versioned_artifacts/ETHUSDT_binance_15m_long_liquidity_regime/metadata.json INFO
2026-01-01 11:45:03,309 - System.tprint - INFO - ℹ️ 🐛 DEBUG: _load_metadata() checking versioned_artifacts/ETHUSDT_binance_15m_long_liquidity_regime/metadata.json INFO
[2026-01-01 11:45:03.309] 🐛 DEBUG: Metadata file exists, size: 17282 bytes INFO
2026-01-01 11:45:03,309 - System.tprint - INFO - ℹ️ 🐛 DEBUG: Metadata file exists, size: 17282 bytes INFO
[2026-01-01 11:45:03.309] 🐛 DEBUG: Successfully loaded metadata with 6 versions INFO
2026-01-01 11:45:03,310 - System.tprint - INFO - ℹ️ 🐛 DEBUG: Successfully loaded metadata with 6 versions INFO
[2026-01-01 11:45:03.309] 🐛 DEBUG: Found 6 versions in metadata: ['ml_liquidity_regime_probs_15m_20251213_170827_692', 'ml_liquidity_training_data_15m_20251213_221548_209', 'ml_liquidity_regime_probs_15m_20251231_170726_502', 'ml_liquidity_training_data_15m_20251231_170859_400', 'ml_liquidity_regime_probs_15m_20251231_172132_488', 'ml_liquidity_training_data_15m_20251231_172224_742'] INFO
2026-01-01 11:45:03,310 - System.tprint - INFO - ℹ️ 🐛 DEBUG: Found 6 versions in metadata: ['ml_liquidity_regime_probs_15m_20251213_170827_692', 'ml_liquidity_training_data_15m_20251213_221548_209', 'ml_liquidity_regime_probs_15m_20251231_170726_502', 'ml_liquidity_training_data_15m_20251231_170859_400', 'ml_liquidity_regime_probs_15m_20251231_172132_488', 'ml_liquidity_training_data_15m_20251231_172224_742'] INFO
[2026-01-01 11:45:03.309] 🐛 DEBUG: Found 6 versions in HDF5: ['ml_liquidity_regime_probs_15m_20251213_170827_692', 'ml_liquidity_regime_probs_15m_20251231_170726_502', 'ml_liquidity_regime_probs_15m_20251231_172132_488', 'ml_liquidity_training_data_15m_20251213_221548_209', 'ml_liquidity_training_data_15m_20251231_170859_400', 'ml_liquidity_training_data_15m_20251231_172224_742'] INFO
2026-01-01 11:45:03,310 - System.tprint - INFO - ℹ️ 🐛 DEBUG: Found 6 versions in HDF5: ['ml_liquidity_regime_probs_15m_20251213_170827_692', 'ml_liquidity_regime_probs_15m_20251231_170726_502', 'ml_liquidity_regime_probs_15m_20251231_172132_488', 'ml_liquidity_training_data_15m_20251213_221548_209', 'ml_liquidity_training_data_15m_20251231_170859_400', 'ml_liquidity_training_data_15m_20251231_172224_742'] INFO
[2026-01-01 11:45:03.310] 🐛 DEBUG: _load_metadata() checking versioned_artifacts/ETHUSDT_binance_15m_long_regime_risk/metadata.json INFO
2026-01-01 11:45:03,311 - System.tprint - INFO - ℹ️ 🐛 DEBUG: _load_metadata() checking versioned_artifacts/ETHUSDT_binance_15m_long_regime_risk/metadata.json INFO
[2026-01-01 11:45:03.310] 🐛 DEBUG: Metadata file exists, size: 200 bytes INFO
2026-01-01 11:45:03,311 - System.tprint - INFO - ℹ️ 🐛 DEBUG: Metadata file exists, size: 200 bytes INFO
[2026-01-01 11:45:03.310] 🐛 DEBUG: Successfully loaded metadata with 0 versions INFO
2026-01-01 11:45:03,311 - System.tprint - INFO - ℹ️ 🐛 DEBUG: Successfully loaded metadata with 0 versions INFO
[2026-01-01 11:45:03.310] 🐛 DEBUG: list_versions() called INFO
2026-01-01 11:45:03,311 - System.tprint - INFO - ℹ️ 🐛 DEBUG: list_versions() called INFO
[2026-01-01 11:45:03.310] 🐛 DEBUG: Metadata file exists: True INFO
2026-01-01 11:45:03,311 - System.tprint - INFO - ℹ️ 🐛 DEBUG: Metadata file exists: True INFO
[2026-01-01 11:45:03.310] 🐛 DEBUG: HDF5 file exists: True INFO
2026-01-01 11:45:03,311 - System.tprint - INFO - ℹ️ 🐛 DEBUG: HDF5 file exists: True INFO
[2026-01-01 11:45:03.310] 🐛 DEBUG: Reloading metadata to get latest versions INFO
2026-01-01 11:45:03,311 - System.tprint - INFO - ℹ️ 🐛 DEBUG: Reloading metadata to get latest versions INFO
[2026-01-01 11:45:03.310] 🐛 DEBUG: _load_metadata() checking versioned_artifacts/ETHUSDT_binance_15m_long_regime_risk/metadata.json INFO
2026-01-01 11:45:03,311 - System.tprint - INFO - ℹ️ 🐛 DEBUG: _load_metadata() checking versioned_artifacts/ETHUSDT_binance_15m_long_regime_risk/metadata.json INFO
[2026-01-01 11:45:03.310] 🐛 DEBUG: Metadata file exists, size: 200 bytes INFO
2026-01-01 11:45:03,311 - System.tprint - INFO - ℹ️ 🐛 DEBUG: Metadata file exists, size: 200 bytes INFO
[2026-01-01 11:45:03.310] 🐛 DEBUG: Successfully loaded metadata with 0 versions INFO
2026-01-01 11:45:03,311 - System.tprint - INFO - ℹ️ 🐛 DEBUG: Successfully loaded metadata with 0 versions INFO
[2026-01-01 11:45:03.310] 🐛 DEBUG: Found 0 versions in metadata: [] INFO
2026-01-01 11:45:03,311 - System.tprint - INFO - ℹ️ 🐛 DEBUG: Found 0 versions in metadata: [] INFO
[2026-01-01 11:45:03.312] 🐛 DEBUG: Found 0 versions in HDF5: [] INFO
2026-01-01 11:45:03,312 - System.tprint - INFO - ℹ️ 🐛 DEBUG: Found 0 versions in HDF5: [] INFO
[2026-01-01 11:45:03.312] 🐛 DEBUG: _load_metadata() checking versioned_artifacts/ETHUSDT_binance_15m_long_breakout_bounce_regime/metadata.json INFO
2026-01-01 11:45:03,313 - System.tprint - INFO - ℹ️ 🐛 DEBUG: _load_metadata() checking versioned_artifacts/ETHUSDT_binance_15m_long_breakout_bounce_regime/metadata.json INFO
[2026-01-01 11:45:03.312] 🐛 DEBUG: Metadata file does not exist, returning default metadata INFO
2026-01-01 11:45:03,313 - System.tprint - INFO - ℹ️ 🐛 DEBUG: Metadata file does not exist, returning default metadata INFO
[2026-01-01 11:45:03.313] 🐛 DEBUG: list_versions() called INFO
2026-01-01 11:45:03,313 - System.tprint - INFO - ℹ️ 🐛 DEBUG: list_versions() called INFO
[2026-01-01 11:45:03.313] 🐛 DEBUG: Metadata file exists: False INFO
2026-01-01 11:45:03,313 - System.tprint - INFO - ℹ️ 🐛 DEBUG: Metadata file exists: False INFO
[2026-01-01 11:45:03.313] 🐛 DEBUG: HDF5 file exists: True INFO
2026-01-01 11:45:03,313 - System.tprint - INFO - ℹ️ 🐛 DEBUG: HDF5 file exists: True INFO
[2026-01-01 11:45:03.313] 🐛 DEBUG: Reloading metadata to get latest versions INFO
2026-01-01 11:45:03,313 - System.tprint - INFO - ℹ️ 🐛 DEBUG: Reloading metadata to get latest versions INFO
[2026-01-01 11:45:03.313] 🐛 DEBUG: _load_metadata() checking versioned_artifacts/ETHUSDT_binance_15m_long_breakout_bounce_regime/metadata.json INFO
2026-01-01 11:45:03,313 - System.tprint - INFO - ℹ️ 🐛 DEBUG: _load_metadata() checking versioned_artifacts/ETHUSDT_binance_15m_long_breakout_bounce_regime/metadata.json INFO
[2026-01-01 11:45:03.313] 🐛 DEBUG: Metadata file does not exist, returning default metadata INFO
2026-01-01 11:45:03,314 - System.tprint - INFO - ℹ️ 🐛 DEBUG: Metadata file does not exist, returning default metadata INFO
[2026-01-01 11:45:03.313] 🐛 DEBUG: Found 0 versions in metadata: [] INFO
2026-01-01 11:45:03,314 - System.tprint - INFO - ℹ️ 🐛 DEBUG: Found 0 versions in metadata: [] INFO
[2026-01-01 11:45:03.314] 🐛 DEBUG: Found 0 versions in HDF5: [] INFO
2026-01-01 11:45:03,314 - System.tprint - INFO - ℹ️ 🐛 DEBUG: Found 0 versions in HDF5: [] INFO
[2026-01-01 11:45:03.314] 🐛 DEBUG: _load_metadata() checking versioned_artifacts/ETHUSDT_binance_15m_long_volume_force/metadata.json INFO
2026-01-01 11:45:03,315 - System.tprint - INFO - ℹ️ 🐛 DEBUG: _load_metadata() checking versioned_artifacts/ETHUSDT_binance_15m_long_volume_force/metadata.json INFO
[2026-01-01 11:45:03.315] 🐛 DEBUG: Metadata file exists, size: 11876 bytes INFO
2026-01-01 11:45:03,315 - System.tprint - INFO - ℹ️ 🐛 DEBUG: Metadata file exists, size: 11876 bytes INFO
[2026-01-01 11:45:03.315] 🐛 DEBUG: Successfully loaded metadata with 7 versions INFO
2026-01-01 11:45:03,316 - System.tprint - INFO - ℹ️ 🐛 DEBUG: Successfully loaded metadata with 7 versions INFO
[2026-01-01 11:45:03.315] 🐛 DEBUG: list_versions() called INFO
2026-01-01 11:45:03,316 - System.tprint - INFO - ℹ️ 🐛 DEBUG: list_versions() called INFO
[2026-01-01 11:45:03.315] 🐛 DEBUG: Metadata file exists: True INFO
2026-01-01 11:45:03,316 - System.tprint - INFO - ℹ️ 🐛 DEBUG: Metadata file exists: True INFO
[2026-01-01 11:45:03.315] 🐛 DEBUG: HDF5 file exists: True INFO
2026-01-01 11:45:03,316 - System.tprint - INFO - ℹ️ 🐛 DEBUG: HDF5 file exists: True INFO
[2026-01-01 11:45:03.315] 🐛 DEBUG: Reloading metadata to get latest versions INFO
2026-01-01 11:45:03,316 - System.tprint - INFO - ℹ️ 🐛 DEBUG: Reloading metadata to get latest versions INFO
[2026-01-01 11:45:03.315] 🐛 DEBUG: _load_metadata() checking versioned_artifacts/ETHUSDT_binance_15m_long_volume_force/metadata.json INFO
2026-01-01 11:45:03,316 - System.tprint - INFO - ℹ️ 🐛 DEBUG: _load_metadata() checking versioned_artifacts/ETHUSDT_binance_15m_long_volume_force/metadata.json INFO
[2026-01-01 11:45:03.316] 🐛 DEBUG: Metadata file exists, size: 11876 bytes INFO
2026-01-01 11:45:03,316 - System.tprint - INFO - ℹ️ 🐛 DEBUG: Metadata file exists, size: 11876 bytes INFO
[2026-01-01 11:45:03.316] 🐛 DEBUG: Successfully loaded metadata with 7 versions INFO
2026-01-01 11:45:03,316 - System.tprint - INFO - ℹ️ 🐛 DEBUG: Successfully loaded metadata with 7 versions INFO
[2026-01-01 11:45:03.316] 🐛 DEBUG: Found 7 versions in metadata: ['ml_volume_force_features_20251213_163705_361', 'ml_volume_force_features_20251213_170535_123', 'ml_volume_force_predictions_20251213_170543_299', 'ml_volume_force_features_20251231_171818_197', 'ml_volume_force_predictions_20251231_172004_837', 'ml_volume_force_features_20251231_172800_942', 'ml_volume_force_predictions_20251231_172840_135'] INFO
2026-01-01 11:45:03,317 - System.tprint - INFO - ℹ️ 🐛 DEBUG: Found 7 versions in metadata: ['ml_volume_force_features_20251213_163705_361', 'ml_volume_force_features_20251213_170535_123', 'ml_volume_force_predictions_20251213_170543_299', 'ml_volume_force_features_20251231_171818_197', 'ml_volume_force_predictions_20251231_172004_837', 'ml_volume_force_features_20251231_172800_942', 'ml_volume_force_predictions_20251231_172840_135'] INFO
[2026-01-01 11:45:03.316] 🐛 DEBUG: Found 7 versions in HDF5: ['ml_volume_force_features_20251213_163705_361', 'ml_volume_force_features_20251213_170535_123', 'ml_volume_force_features_20251231_171818_197', 'ml_volume_force_features_20251231_172800_942', 'ml_volume_force_predictions_20251213_170543_299', 'ml_volume_force_predictions_20251231_172004_837', 'ml_volume_force_predictions_20251231_172840_135'] INFO
2026-01-01 11:45:03,317 - System.tprint - INFO - ℹ️ 🐛 DEBUG: Found 7 versions in HDF5: ['ml_volume_force_features_20251213_163705_361', 'ml_volume_force_features_20251213_170535_123', 'ml_volume_force_features_20251231_171818_197', 'ml_volume_force_features_20251231_172800_942', 'ml_volume_force_predictions_20251213_170543_299', 'ml_volume_force_predictions_20251231_172004_837', 'ml_volume_force_predictions_20251231_172840_135'] INFO
[2026-01-01 11:45:03.319] 🐛 DEBUG: _load_metadata() checking versioned_artifacts/ETHUSDT_binance_15m_long_smc_regime/metadata.json INFO
2026-01-01 11:45:03,319 - System.tprint - INFO - ℹ️ 🐛 DEBUG: _load_metadata() checking versioned_artifacts/ETHUSDT_binance_15m_long_smc_regime/metadata.json INFO
[2026-01-01 11:45:03.319] 🐛 DEBUG: Metadata file exists, size: 9799 bytes INFO
2026-01-01 11:45:03,320 - System.tprint - INFO - ℹ️ 🐛 DEBUG: Metadata file exists, size: 9799 bytes INFO
[2026-01-01 11:45:03.319] 🐛 DEBUG: Successfully loaded metadata with 6 versions INFO
2026-01-01 11:45:03,320 - System.tprint - INFO - ℹ️ 🐛 DEBUG: Successfully loaded metadata with 6 versions INFO
[2026-01-01 11:45:03.320] 🐛 DEBUG: list_versions() called INFO
2026-01-01 11:45:03,320 - System.tprint - INFO - ℹ️ 🐛 DEBUG: list_versions() called INFO
[2026-01-01 11:45:03.320] 🐛 DEBUG: Metadata file exists: True INFO
2026-01-01 11:45:03,320 - System.tprint - INFO - ℹ️ 🐛 DEBUG: Metadata file exists: True INFO
[2026-01-01 11:45:03.320] 🐛 DEBUG: HDF5 file exists: True INFO
2026-01-01 11:45:03,320 - System.tprint - INFO - ℹ️ 🐛 DEBUG: HDF5 file exists: True INFO
[2026-01-01 11:45:03.320] 🐛 DEBUG: Reloading metadata to get latest versions INFO
2026-01-01 11:45:03,320 - System.tprint - INFO - ℹ️ 🐛 DEBUG: Reloading metadata to get latest versions INFO
[2026-01-01 11:45:03.320] 🐛 DEBUG: _load_metadata() checking versioned_artifacts/ETHUSDT_binance_15m_long_smc_regime/metadata.json INFO
2026-01-01 11:45:03,320 - System.tprint - INFO - ℹ️ 🐛 DEBUG: _load_metadata() checking versioned_artifacts/ETHUSDT_binance_15m_long_smc_regime/metadata.json INFO
[2026-01-01 11:45:03.320] 🐛 DEBUG: Metadata file exists, size: 9799 bytes INFO
2026-01-01 11:45:03,320 - System.tprint - INFO - ℹ️ 🐛 DEBUG: Metadata file exists, size: 9799 bytes INFO
[2026-01-01 11:45:03.320] 🐛 DEBUG: Successfully loaded metadata with 6 versions INFO
2026-01-01 11:45:03,320 - System.tprint - INFO - ℹ️ 🐛 DEBUG: Successfully loaded metadata with 6 versions INFO
[2026-01-01 11:45:03.320] 🐛 DEBUG: Found 6 versions in metadata: ['smc_predictions_with_confidence_20251213_170746_093', 'ml_smc_features_15m_20251213_170746_137', 'smc_predictions_with_confidence_20251231_171806_519', 'ml_smc_features_15m_20251231_171807_077', 'smc_predictions_with_confidence_20251231_172755_504', 'ml_smc_features_15m_20251231_172755_741'] INFO
2026-01-01 11:45:03,321 - System.tprint - INFO - ℹ️ 🐛 DEBUG: Found 6 versions in metadata: ['smc_predictions_with_confidence_20251213_170746_093', 'ml_smc_features_15m_20251213_170746_137', 'smc_predictions_with_confidence_20251231_171806_519', 'ml_smc_features_15m_20251231_171807_077', 'smc_predictions_with_confidence_20251231_172755_504', 'ml_smc_features_15m_20251231_172755_741'] INFO
[2026-01-01 11:45:03.321] 🐛 DEBUG: Found 6 versions in HDF5: ['ml_smc_features_15m_20251213_170746_137', 'ml_smc_features_15m_20251231_171807_077', 'ml_smc_features_15m_20251231_172755_741', 'smc_predictions_with_confidence_20251213_170746_093', 'smc_predictions_with_confidence_20251231_171806_519', 'smc_predictions_with_confidence_20251231_172755_504'] INFO
2026-01-01 11:45:03,321 - System.tprint - INFO - ℹ️ 🐛 DEBUG: Found 6 versions in HDF5: ['ml_smc_features_15m_20251213_170746_137', 'ml_smc_features_15m_20251231_171807_077', 'ml_smc_features_15m_20251231_172755_741', 'smc_predictions_with_confidence_20251213_170746_093', 'smc_predictions_with_confidence_20251231_171806_519', 'smc_predictions_with_confidence_20251231_172755_504'] INFO
[2026-01-01 11:45:03.321] 🐛 DEBUG: _load_metadata() checking versioned_artifacts/ETHUSDT_binance_15m_long_breakout_bounce/metadata.json INFO
2026-01-01 11:45:03,321 - System.tprint - INFO - ℹ️ 🐛 DEBUG: _load_metadata() checking versioned_artifacts/ETHUSDT_binance_15m_long_breakout_bounce/metadata.json INFO
[2026-01-01 11:45:03.321] 🐛 DEBUG: Metadata file exists, size: 200 bytes INFO
2026-01-01 11:45:03,322 - System.tprint - INFO - ℹ️ 🐛 DEBUG: Metadata file exists, size: 200 bytes INFO
[2026-01-01 11:45:03.321] 🐛 DEBUG: Successfully loaded metadata with 0 versions INFO
2026-01-01 11:45:03,322 - System.tprint - INFO - ℹ️ 🐛 DEBUG: Successfully loaded metadata with 0 versions INFO
[2026-01-01 11:45:03.321] 🐛 DEBUG: list_versions() called INFO
2026-01-01 11:45:03,322 - System.tprint - INFO - ℹ️ 🐛 DEBUG: list_versions() called INFO
[2026-01-01 11:45:03.321] 🐛 DEBUG: Metadata file exists: True INFO
2026-01-01 11:45:03,322 - System.tprint - INFO - ℹ️ 🐛 DEBUG: Metadata file exists: True INFO
[2026-01-01 11:45:03.322] 🐛 DEBUG: HDF5 file exists: True INFO
2026-01-01 11:45:03,322 - System.tprint - INFO - ℹ️ 🐛 DEBUG: HDF5 file exists: True INFO
[2026-01-01 11:45:03.322] 🐛 DEBUG: Reloading metadata to get latest versions INFO
2026-01-01 11:45:03,322 - System.tprint - INFO - ℹ️ 🐛 DEBUG: Reloading metadata to get latest versions INFO
[2026-01-01 11:45:03.322] 🐛 DEBUG: _load_metadata() checking versioned_artifacts/ETHUSDT_binance_15m_long_breakout_bounce/metadata.json INFO
2026-01-01 11:45:03,322 - System.tprint - INFO - ℹ️ 🐛 DEBUG: _load_metadata() checking versioned_artifacts/ETHUSDT_binance_15m_long_breakout_bounce/metadata.json INFO
[2026-01-01 11:45:03.322] 🐛 DEBUG: Metadata file exists, size: 200 bytes INFO
2026-01-01 11:45:03,322 - System.tprint - INFO - ℹ️ 🐛 DEBUG: Metadata file exists, size: 200 bytes INFO
[2026-01-01 11:45:03.322] 🐛 DEBUG: Successfully loaded metadata with 0 versions INFO
2026-01-01 11:45:03,322 - System.tprint - INFO - ℹ️ 🐛 DEBUG: Successfully loaded metadata with 0 versions INFO
[2026-01-01 11:45:03.322] 🐛 DEBUG: Found 0 versions in metadata: [] INFO
2026-01-01 11:45:03,322 - System.tprint - INFO - ℹ️ 🐛 DEBUG: Found 0 versions in metadata: [] INFO
[2026-01-01 11:45:03.322] 🐛 DEBUG: Found 0 versions in HDF5: [] INFO
2026-01-01 11:45:03,323 - System.tprint - INFO - ℹ️ 🐛 DEBUG: Found 0 versions in HDF5: [] INFO
[2026-01-01 11:45:03.324] 🐛 DEBUG: _load_metadata() checking versioned_artifacts/ETHUSDT_binance_1h_long_liquidity_regime/metadata.json INFO
2026-01-01 11:45:03,324 - System.tprint - INFO - ℹ️ 🐛 DEBUG: _load_metadata() checking versioned_artifacts/ETHUSDT_binance_1h_long_liquidity_regime/metadata.json INFO
[2026-01-01 11:45:03.324] 🐛 DEBUG: Metadata file exists, size: 200 bytes INFO
2026-01-01 11:45:03,324 - System.tprint - INFO - ℹ️ 🐛 DEBUG: Metadata file exists, size: 200 bytes INFO
[2026-01-01 11:45:03.324] 🐛 DEBUG: Successfully loaded metadata with 0 versions INFO
2026-01-01 11:45:03,324 - System.tprint - INFO - ℹ️ 🐛 DEBUG: Successfully loaded metadata with 0 versions INFO
[2026-01-01 11:45:03.324] 🐛 DEBUG: list_versions() called INFO
2026-01-01 11:45:03,324 - System.tprint - INFO - ℹ️ 🐛 DEBUG: list_versions() called INFO
[2026-01-01 11:45:03.324] 🐛 DEBUG: Metadata file exists: True INFO
2026-01-01 11:45:03,324 - System.tprint - INFO - ℹ️ 🐛 DEBUG: Metadata file exists: True INFO
[2026-01-01 11:45:03.324] 🐛 DEBUG: HDF5 file exists: True INFO
2026-01-01 11:45:03,324 - System.tprint - INFO - ℹ️ 🐛 DEBUG: HDF5 file exists: True INFO
[2026-01-01 11:45:03.324] 🐛 DEBUG: Reloading metadata to get latest versions INFO
2026-01-01 11:45:03,324 - System.tprint - INFO - ℹ️ 🐛 DEBUG: Reloading metadata to get latest versions INFO
[2026-01-01 11:45:03.324] 🐛 DEBUG: _load_metadata() checking versioned_artifacts/ETHUSDT_binance_1h_long_liquidity_regime/metadata.json INFO
2026-01-01 11:45:03,324 - System.tprint - INFO - ℹ️ 🐛 DEBUG: _load_metadata() checking versioned_artifacts/ETHUSDT_binance_1h_long_liquidity_regime/metadata.json INFO
[2026-01-01 11:45:03.324] 🐛 DEBUG: Metadata file exists, size: 200 bytes INFO
2026-01-01 11:45:03,324 - System.tprint - INFO - ℹ️ 🐛 DEBUG: Metadata file exists, size: 200 bytes INFO
[2026-01-01 11:45:03.324] 🐛 DEBUG: Successfully loaded metadata with 0 versions INFO
2026-01-01 11:45:03,325 - System.tprint - INFO - ℹ️ 🐛 DEBUG: Successfully loaded metadata with 0 versions INFO
[2026-01-01 11:45:03.324] 🐛 DEBUG: Found 0 versions in metadata: [] INFO
2026-01-01 11:45:03,325 - System.tprint - INFO - ℹ️ 🐛 DEBUG: Found 0 versions in metadata: [] INFO
[2026-01-01 11:45:03.325] 🐛 DEBUG: Found 0 versions in HDF5: [] INFO
2026-01-01 11:45:03,325 - System.tprint - INFO - ℹ️ 🐛 DEBUG: Found 0 versions in HDF5: [] INFO
[2026-01-01 11:45:03.325] 🐛 DEBUG: _load_metadata() checking versioned_artifacts/ETHUSDT_binance_15m_long_volatility_burst/metadata.json INFO
2026-01-01 11:45:03,325 - System.tprint - INFO - ℹ️ 🐛 DEBUG: _load_metadata() checking versioned_artifacts/ETHUSDT_binance_15m_long_volatility_burst/metadata.json INFO
[2026-01-01 11:45:03.325] 🐛 DEBUG: Metadata file does not exist, returning default metadata INFO
2026-01-01 11:45:03,325 - System.tprint - INFO - ℹ️ 🐛 DEBUG: Metadata file does not exist, returning default metadata INFO
[2026-01-01 11:45:03.325] 🐛 DEBUG: list_versions() called INFO
2026-01-01 11:45:03,325 - System.tprint - INFO - ℹ️ 🐛 DEBUG: list_versions() called INFO
[2026-01-01 11:45:03.325] 🐛 DEBUG: Metadata file exists: False INFO
2026-01-01 11:45:03,326 - System.tprint - INFO - ℹ️ 🐛 DEBUG: Metadata file exists: False INFO
[2026-01-01 11:45:03.325] 🐛 DEBUG: HDF5 file exists: True INFO
2026-01-01 11:45:03,326 - System.tprint - INFO - ℹ️ 🐛 DEBUG: HDF5 file exists: True INFO
[2026-01-01 11:45:03.325] 🐛 DEBUG: Reloading metadata to get latest versions INFO
2026-01-01 11:45:03,326 - System.tprint - INFO - ℹ️ 🐛 DEBUG: Reloading metadata to get latest versions INFO
[2026-01-01 11:45:03.325] 🐛 DEBUG: _load_metadata() checking versioned_artifacts/ETHUSDT_binance_15m_long_volatility_burst/metadata.json INFO
2026-01-01 11:45:03,326 - System.tprint - INFO - ℹ️ 🐛 DEBUG: _load_metadata() checking versioned_artifacts/ETHUSDT_binance_15m_long_volatility_burst/metadata.json INFO
[2026-01-01 11:45:03.325] 🐛 DEBUG: Metadata file does not exist, returning default metadata INFO
2026-01-01 11:45:03,326 - System.tprint - INFO - ℹ️ 🐛 DEBUG: Metadata file does not exist, returning default metadata INFO
[2026-01-01 11:45:03.325] 🐛 DEBUG: Found 0 versions in metadata: [] INFO
2026-01-01 11:45:03,326 - System.tprint - INFO - ℹ️ 🐛 DEBUG: Found 0 versions in metadata: [] INFO
[2026-01-01 11:45:03.326] 🐛 DEBUG: Found 0 versions in HDF5: [] INFO
2026-01-01 11:45:03,326 - System.tprint - INFO - ℹ️ 🐛 DEBUG: Found 0 versions in HDF5: [] INFO
[2026-01-01 11:45:03.326] 🐛 DEBUG: _load_metadata() checking versioned_artifacts/ETHUSDT_binance_1h_long_regime_alpha/metadata.json INFO
2026-01-01 11:45:03,327 - System.tprint - INFO - ℹ️ 🐛 DEBUG: _load_metadata() checking versioned_artifacts/ETHUSDT_binance_1h_long_regime_alpha/metadata.json INFO
[2026-01-01 11:45:03.326] 🐛 DEBUG: Metadata file exists, size: 6902 bytes INFO
2026-01-01 11:45:03,327 - System.tprint - INFO - ℹ️ 🐛 DEBUG: Metadata file exists, size: 6902 bytes INFO
[2026-01-01 11:45:03.326] 🐛 DEBUG: Successfully loaded metadata with 5 versions INFO
2026-01-01 11:45:03,327 - System.tprint - INFO - ℹ️ 🐛 DEBUG: Successfully loaded metadata with 5 versions INFO
[2026-01-01 11:45:03.327] 🐛 DEBUG: list_versions() called INFO
2026-01-01 11:45:03,327 - System.tprint - INFO - ℹ️ 🐛 DEBUG: list_versions() called INFO
[2026-01-01 11:45:03.327] 🐛 DEBUG: Metadata file exists: True INFO
2026-01-01 11:45:03,327 - System.tprint - INFO - ℹ️ 🐛 DEBUG: Metadata file exists: True INFO
[2026-01-01 11:45:03.327] 🐛 DEBUG: HDF5 file exists: True INFO
2026-01-01 11:45:03,327 - System.tprint - INFO - ℹ️ 🐛 DEBUG: HDF5 file exists: True INFO
[2026-01-01 11:45:03.327] 🐛 DEBUG: Reloading metadata to get latest versions INFO
2026-01-01 11:45:03,327 - System.tprint - INFO - ℹ️ 🐛 DEBUG: Reloading metadata to get latest versions INFO
[2026-01-01 11:45:03.327] 🐛 DEBUG: _load_metadata() checking versioned_artifacts/ETHUSDT_binance_1h_long_regime_alpha/metadata.json INFO
2026-01-01 11:45:03,328 - System.tprint - INFO - ℹ️ 🐛 DEBUG: _load_metadata() checking versioned_artifacts/ETHUSDT_binance_1h_long_regime_alpha/metadata.json INFO
[2026-01-01 11:45:03.328] 🐛 DEBUG: Metadata file exists, size: 6902 bytes INFO
2026-01-01 11:45:03,328 - System.tprint - INFO - ℹ️ 🐛 DEBUG: Metadata file exists, size: 6902 bytes INFO
[2026-01-01 11:45:03.328] 🐛 DEBUG: Successfully loaded metadata with 5 versions INFO
2026-01-01 11:45:03,328 - System.tprint - INFO - ℹ️ 🐛 DEBUG: Successfully loaded metadata with 5 versions INFO
[2026-01-01 11:45:03.328] 🐛 DEBUG: Found 5 versions in metadata: ['hmm_alpha_regime_stats_1h_20251122_151841_186', 'hmm_alpha_training_data_1h_20251122_164502_922', 'hmm_alpha_regime_stats_1h_20251122_164502_963', 'hmm_alpha_training_data_1h_20251122_171931_773', 'hmm_alpha_regime_stats_1h_20251122_171931_857'] INFO
2026-01-01 11:45:03,328 - System.tprint - INFO - ℹ️ 🐛 DEBUG: Found 5 versions in metadata: ['hmm_alpha_regime_stats_1h_20251122_151841_186', 'hmm_alpha_training_data_1h_20251122_164502_922', 'hmm_alpha_regime_stats_1h_20251122_164502_963', 'hmm_alpha_training_data_1h_20251122_171931_773', 'hmm_alpha_regime_stats_1h_20251122_171931_857'] INFO
[2026-01-01 11:45:03.328] 🐛 DEBUG: Found 5 versions in HDF5: ['hmm_alpha_regime_stats_1h_20251122_151841_186', 'hmm_alpha_regime_stats_1h_20251122_164502_963', 'hmm_alpha_regime_stats_1h_20251122_171931_857', 'hmm_alpha_training_data_1h_20251122_164502_922', 'hmm_alpha_training_data_1h_20251122_171931_773'] INFO
2026-01-01 11:45:03,329 - System.tprint - INFO - ℹ️ 🐛 DEBUG: Found 5 versions in HDF5: ['hmm_alpha_regime_stats_1h_20251122_151841_186', 'hmm_alpha_regime_stats_1h_20251122_164502_963', 'hmm_alpha_regime_stats_1h_20251122_171931_857', 'hmm_alpha_training_data_1h_20251122_164502_922', 'hmm_alpha_training_data_1h_20251122_171931_773'] INFO
[2026-01-01 11:45:03.331] 🐛 DEBUG: _load_metadata() checking versioned_artifacts/ETHUSDT_binance_1h_long_analyst/metadata.json INFO
2026-01-01 11:45:03,332 - System.tprint - INFO - ℹ️ 🐛 DEBUG: _load_metadata() checking versioned_artifacts/ETHUSDT_binance_1h_long_analyst/metadata.json INFO
[2026-01-01 11:45:03.331] 🐛 DEBUG: Metadata file exists, size: 139 bytes INFO
2026-01-01 11:45:03,332 - System.tprint - INFO - ℹ️ 🐛 DEBUG: Metadata file exists, size: 139 bytes INFO
[2026-01-01 11:45:03.333] 🐛 DEBUG: Successfully loaded metadata with 0 versions INFO
2026-01-01 11:45:03,333 - System.tprint - INFO - ℹ️ 🐛 DEBUG: Successfully loaded metadata with 0 versions INFO
[2026-01-01 11:45:03.333] 🐛 DEBUG: list_versions() called INFO
2026-01-01 11:45:03,333 - System.tprint - INFO - ℹ️ 🐛 DEBUG: list_versions() called INFO
[2026-01-01 11:45:03.333] 🐛 DEBUG: Metadata file exists: True INFO
2026-01-01 11:45:03,333 - System.tprint - INFO - ℹ️ 🐛 DEBUG: Metadata file exists: True INFO
[2026-01-01 11:45:03.333] 🐛 DEBUG: HDF5 file exists: True INFO
2026-01-01 11:45:03,333 - System.tprint - INFO - ℹ️ 🐛 DEBUG: HDF5 file exists: True INFO
[2026-01-01 11:45:03.333] 🐛 DEBUG: Reloading metadata to get latest versions INFO
2026-01-01 11:45:03,333 - System.tprint - INFO - ℹ️ 🐛 DEBUG: Reloading metadata to get latest versions INFO
[2026-01-01 11:45:03.333] 🐛 DEBUG: _load_metadata() checking versioned_artifacts/ETHUSDT_binance_1h_long_analyst/metadata.json INFO
2026-01-01 11:45:03,333 - System.tprint - INFO - ℹ️ 🐛 DEBUG: _load_metadata() checking versioned_artifacts/ETHUSDT_binance_1h_long_analyst/metadata.json INFO
[2026-01-01 11:45:03.333] 🐛 DEBUG: Metadata file exists, size: 139 bytes INFO
2026-01-01 11:45:03,333 - System.tprint - INFO - ℹ️ 🐛 DEBUG: Metadata file exists, size: 139 bytes INFO
[2026-01-01 11:45:03.333] 🐛 DEBUG: Successfully loaded metadata with 0 versions INFO
2026-01-01 11:45:03,334 - System.tprint - INFO - ℹ️ 🐛 DEBUG: Successfully loaded metadata with 0 versions INFO
[2026-01-01 11:45:03.333] 🐛 DEBUG: Found 0 versions in metadata: [] INFO
2026-01-01 11:45:03,334 - System.tprint - INFO - ℹ️ 🐛 DEBUG: Found 0 versions in metadata: [] INFO
[2026-01-01 11:45:03.334] 🐛 DEBUG: Found 0 versions in HDF5: [] INFO
2026-01-01 11:45:03,334 - System.tprint - INFO - ℹ️ 🐛 DEBUG: Found 0 versions in HDF5: [] INFO
[2026-01-01 11:45:03.335] 🐛 DEBUG: _load_metadata() checking versioned_artifacts/ETHUSDT_binance_1h_long_regime_path/metadata.json INFO
2026-01-01 11:45:03,335 - System.tprint - INFO - ℹ️ 🐛 DEBUG: _load_metadata() checking versioned_artifacts/ETHUSDT_binance_1h_long_regime_path/metadata.json INFO
[2026-01-01 11:45:03.335] 🐛 DEBUG: Metadata file exists, size: 200 bytes INFO
2026-01-01 11:45:03,335 - System.tprint - INFO - ℹ️ 🐛 DEBUG: Metadata file exists, size: 200 bytes INFO
[2026-01-01 11:45:03.335] 🐛 DEBUG: Successfully loaded metadata with 0 versions INFO
2026-01-01 11:45:03,336 - System.tprint - INFO - ℹ️ 🐛 DEBUG: Successfully loaded metadata with 0 versions INFO
[2026-01-01 11:45:03.336] 🐛 DEBUG: list_versions() called INFO
2026-01-01 11:45:03,336 - System.tprint - INFO - ℹ️ 🐛 DEBUG: list_versions() called INFO
[2026-01-01 11:45:03.336] 🐛 DEBUG: Metadata file exists: True INFO
2026-01-01 11:45:03,336 - System.tprint - INFO - ℹ️ 🐛 DEBUG: Metadata file exists: True INFO
[2026-01-01 11:45:03.336] 🐛 DEBUG: HDF5 file exists: True INFO
2026-01-01 11:45:03,337 - System.tprint - INFO - ℹ️ 🐛 DEBUG: HDF5 file exists: True INFO
[2026-01-01 11:45:03.336] 🐛 DEBUG: Reloading metadata to get latest versions INFO
2026-01-01 11:45:03,337 - System.tprint - INFO - ℹ️ 🐛 DEBUG: Reloading metadata to get latest versions INFO
[2026-01-01 11:45:03.336] 🐛 DEBUG: _load_metadata() checking versioned_artifacts/ETHUSDT_binance_1h_long_regime_path/metadata.json INFO
2026-01-01 11:45:03,337 - System.tprint - INFO - ℹ️ 🐛 DEBUG: _load_metadata() checking versioned_artifacts/ETHUSDT_binance_1h_long_regime_path/metadata.json INFO
[2026-01-01 11:45:03.338] 🐛 DEBUG: Metadata file exists, size: 200 bytes INFO
2026-01-01 11:45:03,338 - System.tprint - INFO - ℹ️ 🐛 DEBUG: Metadata file exists, size: 200 bytes INFO
[2026-01-01 11:45:03.338] 🐛 DEBUG: Successfully loaded metadata with 0 versions INFO
2026-01-01 11:45:03,338 - System.tprint - INFO - ℹ️ 🐛 DEBUG: Successfully loaded metadata with 0 versions INFO
[2026-01-01 11:45:03.338] 🐛 DEBUG: Found 0 versions in metadata: [] INFO
2026-01-01 11:45:03,338 - System.tprint - INFO - ℹ️ 🐛 DEBUG: Found 0 versions in metadata: [] INFO
[2026-01-01 11:45:03.338] 🐛 DEBUG: Found 0 versions in HDF5: [] INFO
2026-01-01 11:45:03,338 - System.tprint - INFO - ℹ️ 🐛 DEBUG: Found 0 versions in HDF5: [] INFO
[2026-01-01 11:45:03.339] 🐛 DEBUG: _load_metadata() checking versioned_artifacts/None_None_None_long_regime/metadata.json INFO
2026-01-01 11:45:03,339 - System.tprint - INFO - ℹ️ 🐛 DEBUG: _load_metadata() checking versioned_artifacts/None_None_None_long_regime/metadata.json INFO
[2026-01-01 11:45:03.339] 🐛 DEBUG: Metadata file exists, size: 139 bytes INFO
2026-01-01 11:45:03,339 - System.tprint - INFO - ℹ️ 🐛 DEBUG: Metadata file exists, size: 139 bytes INFO
[2026-01-01 11:45:03.339] 🐛 DEBUG: Successfully loaded metadata with 0 versions INFO
2026-01-01 11:45:03,339 - System.tprint - INFO - ℹ️ 🐛 DEBUG: Successfully loaded metadata with 0 versions INFO
[2026-01-01 11:45:03.339] 🐛 DEBUG: list_versions() called INFO
2026-01-01 11:45:03,340 - System.tprint - INFO - ℹ️ 🐛 DEBUG: list_versions() called INFO
[2026-01-01 11:45:03.339] 🐛 DEBUG: Metadata file exists: True INFO
2026-01-01 11:45:03,340 - System.tprint - INFO - ℹ️ 🐛 DEBUG: Metadata file exists: True INFO
[2026-01-01 11:45:03.339] 🐛 DEBUG: HDF5 file exists: True INFO
2026-01-01 11:45:03,340 - System.tprint - INFO - ℹ️ 🐛 DEBUG: HDF5 file exists: True INFO
[2026-01-01 11:45:03.339] 🐛 DEBUG: Reloading metadata to get latest versions INFO
2026-01-01 11:45:03,340 - System.tprint - INFO - ℹ️ 🐛 DEBUG: Reloading metadata to get latest versions INFO
[2026-01-01 11:45:03.339] 🐛 DEBUG: _load_metadata() checking versioned_artifacts/None_None_None_long_regime/metadata.json INFO
2026-01-01 11:45:03,340 - System.tprint - INFO - ℹ️ 🐛 DEBUG: _load_metadata() checking versioned_artifacts/None_None_None_long_regime/metadata.json INFO
[2026-01-01 11:45:03.339] 🐛 DEBUG: Metadata file exists, size: 139 bytes INFO
2026-01-01 11:45:03,340 - System.tprint - INFO - ℹ️ 🐛 DEBUG: Metadata file exists, size: 139 bytes INFO
[2026-01-01 11:45:03.340] 🐛 DEBUG: Successfully loaded metadata with 0 versions INFO
2026-01-01 11:45:03,340 - System.tprint - INFO - ℹ️ 🐛 DEBUG: Successfully loaded metadata with 0 versions INFO
[2026-01-01 11:45:03.340] 🐛 DEBUG: Found 0 versions in metadata: [] INFO
2026-01-01 11:45:03,340 - System.tprint - INFO - ℹ️ 🐛 DEBUG: Found 0 versions in metadata: [] INFO
[2026-01-01 11:45:03.340] 🐛 DEBUG: Found 0 versions in HDF5: [] INFO
2026-01-01 11:45:03,340 - System.tprint - INFO - ℹ️ 🐛 DEBUG: Found 0 versions in HDF5: [] INFO
[2026-01-01 11:45:03.342] 🐛 DEBUG: _load_metadata() checking versioned_artifacts/ETHUSDT_binance_1h_long_mean_reversion/metadata.json INFO
2026-01-01 11:45:03,342 - System.tprint - INFO - ℹ️ 🐛 DEBUG: _load_metadata() checking versioned_artifacts/ETHUSDT_binance_1h_long_mean_reversion/metadata.json INFO
[2026-01-01 11:45:03.342] 🐛 DEBUG: Metadata file exists, size: 3914 bytes INFO
2026-01-01 11:45:03,342 - System.tprint - INFO - ℹ️ 🐛 DEBUG: Metadata file exists, size: 3914 bytes INFO
[2026-01-01 11:45:03.342] 🐛 DEBUG: Successfully loaded metadata with 5 versions INFO
2026-01-01 11:45:03,342 - System.tprint - INFO - ℹ️ 🐛 DEBUG: Successfully loaded metadata with 5 versions INFO
[2026-01-01 11:45:03.342] 🐛 DEBUG: list_versions() called INFO
2026-01-01 11:45:03,342 - System.tprint - INFO - ℹ️ 🐛 DEBUG: list_versions() called INFO
[2026-01-01 11:45:03.342] 🐛 DEBUG: Metadata file exists: True INFO
2026-01-01 11:45:03,342 - System.tprint - INFO - ℹ️ 🐛 DEBUG: Metadata file exists: True INFO
[2026-01-01 11:45:03.342] 🐛 DEBUG: HDF5 file exists: True INFO
2026-01-01 11:45:03,342 - System.tprint - INFO - ℹ️ 🐛 DEBUG: HDF5 file exists: True INFO
[2026-01-01 11:45:03.342] 🐛 DEBUG: Reloading metadata to get latest versions INFO
2026-01-01 11:45:03,343 - System.tprint - INFO - ℹ️ 🐛 DEBUG: Reloading metadata to get latest versions INFO
[2026-01-01 11:45:03.342] 🐛 DEBUG: _load_metadata() checking versioned_artifacts/ETHUSDT_binance_1h_long_mean_reversion/metadata.json INFO
2026-01-01 11:45:03,343 - System.tprint - INFO - ℹ️ 🐛 DEBUG: _load_metadata() checking versioned_artifacts/ETHUSDT_binance_1h_long_mean_reversion/metadata.json INFO
[2026-01-01 11:45:03.342] 🐛 DEBUG: Metadata file exists, size: 3914 bytes INFO
2026-01-01 11:45:03,343 - System.tprint - INFO - ℹ️ 🐛 DEBUG: Metadata file exists, size: 3914 bytes INFO
[2026-01-01 11:45:03.342] 🐛 DEBUG: Successfully loaded metadata with 5 versions INFO
2026-01-01 11:45:03,343 - System.tprint - INFO - ℹ️ 🐛 DEBUG: Successfully loaded metadata with 5 versions INFO
[2026-01-01 11:45:03.343] 🐛 DEBUG: Found 5 versions in metadata: ['ml_mean_reversion_training_data_1h_20251124_231116_323', 'ml_mean_reversion_training_data_1h_20251125_001022_753', 'ml_mean_reversion_training_data_1h_20251125_002337_863', 'ml_mean_reversion_training_data_1h_20251125_003116_776', 'ml_mean_reversion_training_data_1h_20251126_003120_916'] INFO
2026-01-01 11:45:03,343 - System.tprint - INFO - ℹ️ 🐛 DEBUG: Found 5 versions in metadata: ['ml_mean_reversion_training_data_1h_20251124_231116_323', 'ml_mean_reversion_training_data_1h_20251125_001022_753', 'ml_mean_reversion_training_data_1h_20251125_002337_863', 'ml_mean_reversion_training_data_1h_20251125_003116_776', 'ml_mean_reversion_training_data_1h_20251126_003120_916'] INFO
[2026-01-01 11:45:03.343] 🐛 DEBUG: Found 5 versions in HDF5: ['ml_mean_reversion_training_data_1h_20251124_231116_323', 'ml_mean_reversion_training_data_1h_20251125_001022_753', 'ml_mean_reversion_training_data_1h_20251125_002337_863', 'ml_mean_reversion_training_data_1h_20251125_003116_776', 'ml_mean_reversion_training_data_1h_20251126_003120_916'] INFO
2026-01-01 11:45:03,343 - System.tprint - INFO - ℹ️ 🐛 DEBUG: Found 5 versions in HDF5: ['ml_mean_reversion_training_data_1h_20251124_231116_323', 'ml_mean_reversion_training_data_1h_20251125_001022_753', 'ml_mean_reversion_training_data_1h_20251125_002337_863', 'ml_mean_reversion_training_data_1h_20251125_003116_776', 'ml_mean_reversion_training_data_1h_20251126_003120_916'] INFO
[2026-01-01 11:45:03.344] 🐛 DEBUG: _load_metadata() checking versioned_artifacts/ETHUSDT_binance_15m_long_mean_reversion/metadata.json INFO
2026-01-01 11:45:03,344 - System.tprint - INFO - ℹ️ 🐛 DEBUG: _load_metadata() checking versioned_artifacts/ETHUSDT_binance_15m_long_mean_reversion/metadata.json INFO
[2026-01-01 11:45:03.344] 🐛 DEBUG: Metadata file exists, size: 1472 bytes INFO
2026-01-01 11:45:03,344 - System.tprint - INFO - ℹ️ 🐛 DEBUG: Metadata file exists, size: 1472 bytes INFO
[2026-01-01 11:45:03.344] 🐛 DEBUG: Successfully loaded metadata with 1 versions INFO
2026-01-01 11:45:03,345 - System.tprint - INFO - ℹ️ 🐛 DEBUG: Successfully loaded metadata with 1 versions INFO
[2026-01-01 11:45:03.344] 🐛 DEBUG: list_versions() called INFO
2026-01-01 11:45:03,345 - System.tprint - INFO - ℹ️ 🐛 DEBUG: list_versions() called INFO
[2026-01-01 11:45:03.344] 🐛 DEBUG: Metadata file exists: True INFO
2026-01-01 11:45:03,345 - System.tprint - INFO - ℹ️ 🐛 DEBUG: Metadata file exists: True INFO
[2026-01-01 11:45:03.344] 🐛 DEBUG: HDF5 file exists: True INFO
2026-01-01 11:45:03,345 - System.tprint - INFO - ℹ️ 🐛 DEBUG: HDF5 file exists: True INFO
[2026-01-01 11:45:03.344] 🐛 DEBUG: Reloading metadata to get latest versions INFO
2026-01-01 11:45:03,345 - System.tprint - INFO - ℹ️ 🐛 DEBUG: Reloading metadata to get latest versions INFO
[2026-01-01 11:45:03.344] 🐛 DEBUG: _load_metadata() checking versioned_artifacts/ETHUSDT_binance_15m_long_mean_reversion/metadata.json INFO
2026-01-01 11:45:03,345 - System.tprint - INFO - ℹ️ 🐛 DEBUG: _load_metadata() checking versioned_artifacts/ETHUSDT_binance_15m_long_mean_reversion/metadata.json INFO
[2026-01-01 11:45:03.344] 🐛 DEBUG: Metadata file exists, size: 1472 bytes INFO
2026-01-01 11:45:03,345 - System.tprint - INFO - ℹ️ 🐛 DEBUG: Metadata file exists, size: 1472 bytes INFO
[2026-01-01 11:45:03.344] 🐛 DEBUG: Successfully loaded metadata with 1 versions INFO
2026-01-01 11:45:03,345 - System.tprint - INFO - ℹ️ 🐛 DEBUG: Successfully loaded metadata with 1 versions INFO
[2026-01-01 11:45:03.345] 🐛 DEBUG: Found 1 versions in metadata: ['ml_mean_reversion_training_data_15m_20251213_170600_968'] INFO
2026-01-01 11:45:03,345 - System.tprint - INFO - ℹ️ 🐛 DEBUG: Found 1 versions in metadata: ['ml_mean_reversion_training_data_15m_20251213_170600_968'] INFO
[2026-01-01 11:45:03.347] 🐛 DEBUG: Found 1 versions in HDF5: ['ml_mean_reversion_training_data_15m_20251213_170600_968'] INFO
2026-01-01 11:45:03,347 - System.tprint - INFO - ℹ️ 🐛 DEBUG: Found 1 versions in HDF5: ['ml_mean_reversion_training_data_15m_20251213_170600_968'] INFO
[2026-01-01 11:45:03.350] 🐛 DEBUG: _load_metadata() checking versioned_artifacts/ETHUSDT_binance_15m_long_full/metadata.json INFO
2026-01-01 11:45:03,350 - System.tprint - INFO - ℹ️ 🐛 DEBUG: _load_metadata() checking versioned_artifacts/ETHUSDT_binance_15m_long_full/metadata.json INFO
[2026-01-01 11:45:03.350] 🐛 DEBUG: Metadata file exists, size: 139 bytes INFO
2026-01-01 11:45:03,350 - System.tprint - INFO - ℹ️ 🐛 DEBUG: Metadata file exists, size: 139 bytes INFO
[2026-01-01 11:45:03.350] 🐛 DEBUG: Successfully loaded metadata with 0 versions INFO
2026-01-01 11:45:03,351 - System.tprint - INFO - ℹ️ 🐛 DEBUG: Successfully loaded metadata with 0 versions INFO
[2026-01-01 11:45:03.351] 🐛 DEBUG: list_versions() called INFO
2026-01-01 11:45:03,351 - System.tprint - INFO - ℹ️ 🐛 DEBUG: list_versions() called INFO
[2026-01-01 11:45:03.351] 🐛 DEBUG: Metadata file exists: True INFO
2026-01-01 11:45:03,351 - System.tprint - INFO - ℹ️ 🐛 DEBUG: Metadata file exists: True INFO
[2026-01-01 11:45:03.351] 🐛 DEBUG: HDF5 file exists: True INFO
2026-01-01 11:45:03,351 - System.tprint - INFO - ℹ️ 🐛 DEBUG: HDF5 file exists: True INFO
[2026-01-01 11:45:03.351] 🐛 DEBUG: Reloading metadata to get latest versions INFO
2026-01-01 11:45:03,351 - System.tprint - INFO - ℹ️ 🐛 DEBUG: Reloading metadata to get latest versions INFO
[2026-01-01 11:45:03.351] 🐛 DEBUG: _load_metadata() checking versioned_artifacts/ETHUSDT_binance_15m_long_full/metadata.json INFO
2026-01-01 11:45:03,351 - System.tprint - INFO - ℹ️ 🐛 DEBUG: _load_metadata() checking versioned_artifacts/ETHUSDT_binance_15m_long_full/metadata.json INFO
[2026-01-01 11:45:03.351] 🐛 DEBUG: Metadata file exists, size: 139 bytes INFO
2026-01-01 11:45:03,352 - System.tprint - INFO - ℹ️ 🐛 DEBUG: Metadata file exists, size: 139 bytes INFO
[2026-01-01 11:45:03.351] 🐛 DEBUG: Successfully loaded metadata with 0 versions INFO
2026-01-01 11:45:03,352 - System.tprint - INFO - ℹ️ 🐛 DEBUG: Successfully loaded metadata with 0 versions INFO
[2026-01-01 11:45:03.352] 🐛 DEBUG: Found 0 versions in metadata: [] INFO
2026-01-01 11:45:03,352 - System.tprint - INFO - ℹ️ 🐛 DEBUG: Found 0 versions in metadata: [] INFO
[2026-01-01 11:45:03.352] 🐛 DEBUG: Found 0 versions in HDF5: [] INFO
2026-01-01 11:45:03,352 - System.tprint - INFO - ℹ️ 🐛 DEBUG: Found 0 versions in HDF5: [] INFO
[2026-01-01 11:45:03.353] 🐛 DEBUG: _load_metadata() checking versioned_artifacts/ETHUSDT_binance_15m_long_ml_smc_regime/metadata.json INFO
2026-01-01 11:45:03,353 - System.tprint - INFO - ℹ️ 🐛 DEBUG: _load_metadata() checking versioned_artifacts/ETHUSDT_binance_15m_long_ml_smc_regime/metadata.json INFO
[2026-01-01 11:45:03.353] 🐛 DEBUG: Metadata file does not exist, returning default metadata INFO
2026-01-01 11:45:03,354 - System.tprint - INFO - ℹ️ 🐛 DEBUG: Metadata file does not exist, returning default metadata INFO
[2026-01-01 11:45:03.353] 🐛 DEBUG: list_versions() called INFO
2026-01-01 11:45:03,354 - System.tprint - INFO - ℹ️ 🐛 DEBUG: list_versions() called INFO
[2026-01-01 11:45:03.353] 🐛 DEBUG: Metadata file exists: False INFO
2026-01-01 11:45:03,354 - System.tprint - INFO - ℹ️ 🐛 DEBUG: Metadata file exists: False INFO
[2026-01-01 11:45:03.353] 🐛 DEBUG: HDF5 file exists: True INFO
2026-01-01 11:45:03,354 - System.tprint - INFO - ℹ️ 🐛 DEBUG: HDF5 file exists: True INFO
[2026-01-01 11:45:03.353] 🐛 DEBUG: Reloading metadata to get latest versions INFO
2026-01-01 11:45:03,354 - System.tprint - INFO - ℹ️ 🐛 DEBUG: Reloading metadata to get latest versions INFO
[2026-01-01 11:45:03.353] 🐛 DEBUG: _load_metadata() checking versioned_artifacts/ETHUSDT_binance_15m_long_ml_smc_regime/metadata.json INFO
2026-01-01 11:45:03,354 - System.tprint - INFO - ℹ️ 🐛 DEBUG: _load_metadata() checking versioned_artifacts/ETHUSDT_binance_15m_long_ml_smc_regime/metadata.json INFO
[2026-01-01 11:45:03.353] 🐛 DEBUG: Metadata file does not exist, returning default metadata INFO
2026-01-01 11:45:03,354 - System.tprint - INFO - ℹ️ 🐛 DEBUG: Metadata file does not exist, returning default metadata INFO
[2026-01-01 11:45:03.353] 🐛 DEBUG: Found 0 versions in metadata: [] INFO
2026-01-01 11:45:03,356 - System.tprint - INFO - ℹ️ 🐛 DEBUG: Found 0 versions in metadata: [] INFO
[2026-01-01 11:45:03.357] 🐛 DEBUG: Found 0 versions in HDF5: [] INFO
2026-01-01 11:45:03,357 - System.tprint - INFO - ℹ️ 🐛 DEBUG: Found 0 versions in HDF5: [] INFO
[2026-01-01 11:45:03.358] 🐛 DEBUG: _load_metadata() checking versioned_artifacts/ETHUSDT_binance_15m_long_regime_meso_trend/metadata.json INFO
2026-01-01 11:45:03,358 - System.tprint - INFO - ℹ️ 🐛 DEBUG: _load_metadata() checking versioned_artifacts/ETHUSDT_binance_15m_long_regime_meso_trend/metadata.json INFO
[2026-01-01 11:45:03.358] 🐛 DEBUG: Metadata file exists, size: 139 bytes INFO
2026-01-01 11:45:03,358 - System.tprint - INFO - ℹ️ 🐛 DEBUG: Metadata file exists, size: 139 bytes INFO
[2026-01-01 11:45:03.358] 🐛 DEBUG: Successfully loaded metadata with 0 versions INFO
2026-01-01 11:45:03,358 - System.tprint - INFO - ℹ️ 🐛 DEBUG: Successfully loaded metadata with 0 versions INFO
[2026-01-01 11:45:03.358] 🐛 DEBUG: list_versions() called INFO
2026-01-01 11:45:03,358 - System.tprint - INFO - ℹ️ 🐛 DEBUG: list_versions() called INFO
[2026-01-01 11:45:03.358] 🐛 DEBUG: Metadata file exists: True INFO
2026-01-01 11:45:03,358 - System.tprint - INFO - ℹ️ 🐛 DEBUG: Metadata file exists: True INFO
[2026-01-01 11:45:03.358] 🐛 DEBUG: HDF5 file exists: True INFO
2026-01-01 11:45:03,358 - System.tprint - INFO - ℹ️ 🐛 DEBUG: HDF5 file exists: True INFO
[2026-01-01 11:45:03.358] 🐛 DEBUG: Reloading metadata to get latest versions INFO
2026-01-01 11:45:03,358 - System.tprint - INFO - ℹ️ 🐛 DEBUG: Reloading metadata to get latest versions INFO
[2026-01-01 11:45:03.358] 🐛 DEBUG: _load_metadata() checking versioned_artifacts/ETHUSDT_binance_15m_long_regime_meso_trend/metadata.json INFO
2026-01-01 11:45:03,358 - System.tprint - INFO - ℹ️ 🐛 DEBUG: _load_metadata() checking versioned_artifacts/ETHUSDT_binance_15m_long_regime_meso_trend/metadata.json INFO
[2026-01-01 11:45:03.358] 🐛 DEBUG: Metadata file exists, size: 139 bytes INFO
2026-01-01 11:45:03,359 - System.tprint - INFO - ℹ️ 🐛 DEBUG: Metadata file exists, size: 139 bytes INFO
[2026-01-01 11:45:03.359] 🐛 DEBUG: Successfully loaded metadata with 0 versions INFO
2026-01-01 11:45:03,359 - System.tprint - INFO - ℹ️ 🐛 DEBUG: Successfully loaded metadata with 0 versions INFO
[2026-01-01 11:45:03.359] 🐛 DEBUG: Found 0 versions in metadata: [] INFO
2026-01-01 11:45:03,359 - System.tprint - INFO - ℹ️ 🐛 DEBUG: Found 0 versions in metadata: [] INFO
[2026-01-01 11:45:03.359] 🐛 DEBUG: Found 0 versions in HDF5: [] INFO
2026-01-01 11:45:03,360 - System.tprint - INFO - ℹ️ 🐛 DEBUG: Found 0 versions in HDF5: [] INFO
[2026-01-01 11:45:03.360] 🐛 DEBUG: _load_metadata() checking versioned_artifacts/ETHUSDT_binance_15m_long_regime/metadata.json INFO
2026-01-01 11:45:03,360 - System.tprint - INFO - ℹ️ 🐛 DEBUG: _load_metadata() checking versioned_artifacts/ETHUSDT_binance_15m_long_regime/metadata.json INFO
[2026-01-01 11:45:03.360] 🐛 DEBUG: Metadata file exists, size: 200 bytes INFO
2026-01-01 11:45:03,361 - System.tprint - INFO - ℹ️ 🐛 DEBUG: Metadata file exists, size: 200 bytes INFO
[2026-01-01 11:45:03.360] 🐛 DEBUG: Successfully loaded metadata with 0 versions INFO
2026-01-01 11:45:03,361 - System.tprint - INFO - ℹ️ 🐛 DEBUG: Successfully loaded metadata with 0 versions INFO
[2026-01-01 11:45:03.360] 🐛 DEBUG: list_versions() called INFO
2026-01-01 11:45:03,361 - System.tprint - INFO - ℹ️ 🐛 DEBUG: list_versions() called INFO
[2026-01-01 11:45:03.360] 🐛 DEBUG: Metadata file exists: True INFO
2026-01-01 11:45:03,361 - System.tprint - INFO - ℹ️ 🐛 DEBUG: Metadata file exists: True INFO
[2026-01-01 11:45:03.360] 🐛 DEBUG: HDF5 file exists: True INFO
2026-01-01 11:45:03,361 - System.tprint - INFO - ℹ️ 🐛 DEBUG: HDF5 file exists: True INFO
[2026-01-01 11:45:03.360] 🐛 DEBUG: Reloading metadata to get latest versions INFO
2026-01-01 11:45:03,361 - System.tprint - INFO - ℹ️ 🐛 DEBUG: Reloading metadata to get latest versions INFO
[2026-01-01 11:45:03.360] 🐛 DEBUG: _load_metadata() checking versioned_artifacts/ETHUSDT_binance_15m_long_regime/metadata.json INFO
2026-01-01 11:45:03,361 - System.tprint - INFO - ℹ️ 🐛 DEBUG: _load_metadata() checking versioned_artifacts/ETHUSDT_binance_15m_long_regime/metadata.json INFO
[2026-01-01 11:45:03.361] 🐛 DEBUG: Metadata file exists, size: 200 bytes INFO
2026-01-01 11:45:03,361 - System.tprint - INFO - ℹ️ 🐛 DEBUG: Metadata file exists, size: 200 bytes INFO
[2026-01-01 11:45:03.361] 🐛 DEBUG: Successfully loaded metadata with 0 versions INFO
2026-01-01 11:45:03,362 - System.tprint - INFO - ℹ️ 🐛 DEBUG: Successfully loaded metadata with 0 versions INFO
[2026-01-01 11:45:03.361] 🐛 DEBUG: Found 0 versions in metadata: [] INFO
2026-01-01 11:45:03,362 - System.tprint - INFO - ℹ️ 🐛 DEBUG: Found 0 versions in metadata: [] INFO
[2026-01-01 11:45:03.361] 🐛 DEBUG: Found 0 versions in HDF5: [] INFO
2026-01-01 11:45:03,362 - System.tprint - INFO - ℹ️ 🐛 DEBUG: Found 0 versions in HDF5: [] INFO
[2026-01-01 11:45:03.363] 🐛 DEBUG: _load_metadata() checking versioned_artifacts/ETHUSDT_binance_1h_long_smc_regime/metadata.json INFO
2026-01-01 11:45:03,363 - System.tprint - INFO - ℹ️ 🐛 DEBUG: _load_metadata() checking versioned_artifacts/ETHUSDT_binance_1h_long_smc_regime/metadata.json INFO
[2026-01-01 11:45:03.363] 🐛 DEBUG: Metadata file exists, size: 3536 bytes INFO
2026-01-01 11:45:03,363 - System.tprint - INFO - ℹ️ 🐛 DEBUG: Metadata file exists, size: 3536 bytes INFO
[2026-01-01 11:45:03.363] 🐛 DEBUG: Successfully loaded metadata with 5 versions INFO
2026-01-01 11:45:03,363 - System.tprint - INFO - ℹ️ 🐛 DEBUG: Successfully loaded metadata with 5 versions INFO
[2026-01-01 11:45:03.363] 🐛 DEBUG: list_versions() called INFO
2026-01-01 11:45:03,363 - System.tprint - INFO - ℹ️ 🐛 DEBUG: list_versions() called INFO
[2026-01-01 11:45:03.363] 🐛 DEBUG: Metadata file exists: True INFO
2026-01-01 11:45:03,364 - System.tprint - INFO - ℹ️ 🐛 DEBUG: Metadata file exists: True INFO
[2026-01-01 11:45:03.363] 🐛 DEBUG: HDF5 file exists: True INFO
2026-01-01 11:45:03,364 - System.tprint - INFO - ℹ️ 🐛 DEBUG: HDF5 file exists: True INFO
[2026-01-01 11:45:03.363] 🐛 DEBUG: Reloading metadata to get latest versions INFO
2026-01-01 11:45:03,364 - System.tprint - INFO - ℹ️ 🐛 DEBUG: Reloading metadata to get latest versions INFO
[2026-01-01 11:45:03.363] 🐛 DEBUG: _load_metadata() checking versioned_artifacts/ETHUSDT_binance_1h_long_smc_regime/metadata.json INFO
2026-01-01 11:45:03,364 - System.tprint - INFO - ℹ️ 🐛 DEBUG: _load_metadata() checking versioned_artifacts/ETHUSDT_binance_1h_long_smc_regime/metadata.json INFO
[2026-01-01 11:45:03.363] 🐛 DEBUG: Metadata file exists, size: 3536 bytes INFO
2026-01-01 11:45:03,364 - System.tprint - INFO - ℹ️ 🐛 DEBUG: Metadata file exists, size: 3536 bytes INFO
[2026-01-01 11:45:03.365] 🐛 DEBUG: Successfully loaded metadata with 5 versions INFO
2026-01-01 11:45:03,365 - System.tprint - INFO - ℹ️ 🐛 DEBUG: Successfully loaded metadata with 5 versions INFO
[2026-01-01 11:45:03.365] 🐛 DEBUG: Found 5 versions in metadata: ['smc_predictions_with_confidence_20251124_233038_087', 'smc_predictions_with_confidence_20251125_001011_321', 'smc_predictions_with_confidence_20251125_001842_252', 'smc_predictions_with_confidence_20251126_003009_061', 'smc_predictions_with_confidence_20251126_003415_856'] INFO
2026-01-01 11:45:03,366 - System.tprint - INFO - ℹ️ 🐛 DEBUG: Found 5 versions in metadata: ['smc_predictions_with_confidence_20251124_233038_087', 'smc_predictions_with_confidence_20251125_001011_321', 'smc_predictions_with_confidence_20251125_001842_252', 'smc_predictions_with_confidence_20251126_003009_061', 'smc_predictions_with_confidence_20251126_003415_856'] INFO
[2026-01-01 11:45:03.367] 🐛 DEBUG: Found 5 versions in HDF5: ['smc_predictions_with_confidence_20251124_233038_087', 'smc_predictions_with_confidence_20251125_001011_321', 'smc_predictions_with_confidence_20251125_001842_252', 'smc_predictions_with_confidence_20251126_003009_061', 'smc_predictions_with_confidence_20251126_003415_856'] INFO
2026-01-01 11:45:03,367 - System.tprint - INFO - ℹ️ 🐛 DEBUG: Found 5 versions in HDF5: ['smc_predictions_with_confidence_20251124_233038_087', 'smc_predictions_with_confidence_20251125_001011_321', 'smc_predictions_with_confidence_20251125_001842_252', 'smc_predictions_with_confidence_20251126_003009_061', 'smc_predictions_with_confidence_20251126_003415_856'] INFO
[2026-01-01 11:45:03.368] 🐛 DEBUG: _load_metadata() checking versioned_artifacts/ETHUSDT_binance_15m_long_regime_path/metadata.json INFO
2026-01-01 11:45:03,368 - System.tprint - INFO - ℹ️ 🐛 DEBUG: _load_metadata() checking versioned_artifacts/ETHUSDT_binance_15m_long_regime_path/metadata.json INFO
[2026-01-01 11:45:03.368] 🐛 DEBUG: Metadata file exists, size: 200 bytes INFO
2026-01-01 11:45:03,368 - System.tprint - INFO - ℹ️ 🐛 DEBUG: Metadata file exists, size: 200 bytes INFO
[2026-01-01 11:45:03.368] 🐛 DEBUG: Successfully loaded metadata with 0 versions INFO
2026-01-01 11:45:03,368 - System.tprint - INFO - ℹ️ 🐛 DEBUG: Successfully loaded metadata with 0 versions INFO
[2026-01-01 11:45:03.368] 🐛 DEBUG: list_versions() called INFO
2026-01-01 11:45:03,368 - System.tprint - INFO - ℹ️ 🐛 DEBUG: list_versions() called INFO
[2026-01-01 11:45:03.368] 🐛 DEBUG: Metadata file exists: True INFO
2026-01-01 11:45:03,369 - System.tprint - INFO - ℹ️ 🐛 DEBUG: Metadata file exists: True INFO
[2026-01-01 11:45:03.369] 🐛 DEBUG: HDF5 file exists: True INFO
2026-01-01 11:45:03,369 - System.tprint - INFO - ℹ️ 🐛 DEBUG: HDF5 file exists: True INFO
[2026-01-01 11:45:03.369] 🐛 DEBUG: Reloading metadata to get latest versions INFO
2026-01-01 11:45:03,369 - System.tprint - INFO - ℹ️ 🐛 DEBUG: Reloading metadata to get latest versions INFO
[2026-01-01 11:45:03.369] 🐛 DEBUG: _load_metadata() checking versioned_artifacts/ETHUSDT_binance_15m_long_regime_path/metadata.json INFO
2026-01-01 11:45:03,369 - System.tprint - INFO - ℹ️ 🐛 DEBUG: _load_metadata() checking versioned_artifacts/ETHUSDT_binance_15m_long_regime_path/metadata.json INFO
[2026-01-01 11:45:03.369] 🐛 DEBUG: Metadata file exists, size: 200 bytes INFO
2026-01-01 11:45:03,369 - System.tprint - INFO - ℹ️ 🐛 DEBUG: Metadata file exists, size: 200 bytes INFO
[2026-01-01 11:45:03.369] 🐛 DEBUG: Successfully loaded metadata with 0 versions INFO
2026-01-01 11:45:03,369 - System.tprint - INFO - ℹ️ 🐛 DEBUG: Successfully loaded metadata with 0 versions INFO
[2026-01-01 11:45:03.369] 🐛 DEBUG: Found 0 versions in metadata: [] INFO
2026-01-01 11:45:03,369 - System.tprint - INFO - ℹ️ 🐛 DEBUG: Found 0 versions in metadata: [] INFO
[2026-01-01 11:45:03.370] 🐛 DEBUG: Found 0 versions in HDF5: [] INFO
2026-01-01 11:45:03,370 - System.tprint - INFO - ℹ️ 🐛 DEBUG: Found 0 versions in HDF5: [] INFO
[2026-01-01 11:45:03.370] 🐛 DEBUG: _load_metadata() checking versioned_artifacts/ETHUSDT_binance_1h_long_light/metadata.json INFO
2026-01-01 11:45:03,370 - System.tprint - INFO - ℹ️ 🐛 DEBUG: _load_metadata() checking versioned_artifacts/ETHUSDT_binance_1h_long_light/metadata.json INFO
[2026-01-01 11:45:03.370] 🐛 DEBUG: Metadata file exists, size: 139 bytes INFO
2026-01-01 11:45:03,371 - System.tprint - INFO - ℹ️ 🐛 DEBUG: Metadata file exists, size: 139 bytes INFO
[2026-01-01 11:45:03.370] 🐛 DEBUG: Successfully loaded metadata with 0 versions INFO
2026-01-01 11:45:03,371 - System.tprint - INFO - ℹ️ 🐛 DEBUG: Successfully loaded metadata with 0 versions INFO
[2026-01-01 11:45:03.370] 🐛 DEBUG: list_versions() called INFO
2026-01-01 11:45:03,371 - System.tprint - INFO - ℹ️ 🐛 DEBUG: list_versions() called INFO
[2026-01-01 11:45:03.371] 🐛 DEBUG: Metadata file exists: True INFO
2026-01-01 11:45:03,371 - System.tprint - INFO - ℹ️ 🐛 DEBUG: Metadata file exists: True INFO
[2026-01-01 11:45:03.371] 🐛 DEBUG: HDF5 file exists: True INFO
2026-01-01 11:45:03,371 - System.tprint - INFO - ℹ️ 🐛 DEBUG: HDF5 file exists: True INFO
[2026-01-01 11:45:03.371] 🐛 DEBUG: Reloading metadata to get latest versions INFO
2026-01-01 11:45:03,371 - System.tprint - INFO - ℹ️ 🐛 DEBUG: Reloading metadata to get latest versions INFO
[2026-01-01 11:45:03.371] 🐛 DEBUG: _load_metadata() checking versioned_artifacts/ETHUSDT_binance_1h_long_light/metadata.json INFO
2026-01-01 11:45:03,371 - System.tprint - INFO - ℹ️ 🐛 DEBUG: _load_metadata() checking versioned_artifacts/ETHUSDT_binance_1h_long_light/metadata.json INFO
[2026-01-01 11:45:03.371] 🐛 DEBUG: Metadata file exists, size: 139 bytes INFO
2026-01-01 11:45:03,371 - System.tprint - INFO - ℹ️ 🐛 DEBUG: Metadata file exists, size: 139 bytes INFO
[2026-01-01 11:45:03.371] 🐛 DEBUG: Successfully loaded metadata with 0 versions INFO
2026-01-01 11:45:03,371 - System.tprint - INFO - ℹ️ 🐛 DEBUG: Successfully loaded metadata with 0 versions INFO
[2026-01-01 11:45:03.371] 🐛 DEBUG: Found 0 versions in metadata: [] INFO
2026-01-01 11:45:03,372 - System.tprint - INFO - ℹ️ 🐛 DEBUG: Found 0 versions in metadata: [] INFO
[2026-01-01 11:45:03.372] 🐛 DEBUG: Found 0 versions in HDF5: [] INFO
2026-01-01 11:45:03,372 - System.tprint - INFO - ℹ️ 🐛 DEBUG: Found 0 versions in HDF5: [] INFO
[2026-01-01 11:45:03.372] 🐛 DEBUG: _load_metadata() checking versioned_artifacts/ETHUSDT_binance_15m_long_light/metadata.json INFO
2026-01-01 11:45:03,373 - System.tprint - INFO - ℹ️ 🐛 DEBUG: _load_metadata() checking versioned_artifacts/ETHUSDT_binance_15m_long_light/metadata.json INFO
[2026-01-01 11:45:03.373] 🐛 DEBUG: Metadata file exists, size: 1538 bytes INFO
2026-01-01 11:45:03,373 - System.tprint - INFO - ℹ️ 🐛 DEBUG: Metadata file exists, size: 1538 bytes INFO
[2026-01-01 11:45:03.373] 🐛 DEBUG: Successfully loaded metadata with 3 versions INFO
2026-01-01 11:45:03,373 - System.tprint - INFO - ℹ️ 🐛 DEBUG: Successfully loaded metadata with 3 versions INFO
[2026-01-01 11:45:03.373] 🐛 DEBUG: list_versions() called INFO
2026-01-01 11:45:03,373 - System.tprint - INFO - ℹ️ 🐛 DEBUG: list_versions() called INFO
[2026-01-01 11:45:03.373] 🐛 DEBUG: Metadata file exists: True INFO
2026-01-01 11:45:03,374 - System.tprint - INFO - ℹ️ 🐛 DEBUG: Metadata file exists: True INFO
[2026-01-01 11:45:03.373] 🐛 DEBUG: HDF5 file exists: True INFO
2026-01-01 11:45:03,374 - System.tprint - INFO - ℹ️ 🐛 DEBUG: HDF5 file exists: True INFO
[2026-01-01 11:45:03.373] 🐛 DEBUG: Reloading metadata to get latest versions INFO
2026-01-01 11:45:03,374 - System.tprint - INFO - ℹ️ 🐛 DEBUG: Reloading metadata to get latest versions INFO
[2026-01-01 11:45:03.373] 🐛 DEBUG: _load_metadata() checking versioned_artifacts/ETHUSDT_binance_15m_long_light/metadata.json INFO
2026-01-01 11:45:03,374 - System.tprint - INFO - ℹ️ 🐛 DEBUG: _load_metadata() checking versioned_artifacts/ETHUSDT_binance_15m_long_light/metadata.json INFO
[2026-01-01 11:45:03.374] 🐛 DEBUG: Metadata file exists, size: 1538 bytes INFO
2026-01-01 11:45:03,374 - System.tprint - INFO - ℹ️ 🐛 DEBUG: Metadata file exists, size: 1538 bytes INFO
[2026-01-01 11:45:03.374] 🐛 DEBUG: Successfully loaded metadata with 3 versions INFO
2026-01-01 11:45:03,375 - System.tprint - INFO - ℹ️ 🐛 DEBUG: Successfully loaded metadata with 3 versions INFO
[2026-01-01 11:45:03.374] 🐛 DEBUG: Found 3 versions in metadata: ['selected_features_60_20251109_191448_625', 'selected_features_50_20251109_191448_653', 'selected_features_40_20251109_191448_677'] INFO
2026-01-01 11:45:03,375 - System.tprint - INFO - ℹ️ 🐛 DEBUG: Found 3 versions in metadata: ['selected_features_60_20251109_191448_625', 'selected_features_50_20251109_191448_653', 'selected_features_40_20251109_191448_677'] INFO
[2026-01-01 11:45:03.375] 🐛 DEBUG: Found 3 versions in HDF5: ['selected_features_40_20251109_191448_677', 'selected_features_50_20251109_191448_653', 'selected_features_60_20251109_191448_625'] INFO
2026-01-01 11:45:03,375 - System.tprint - INFO - ℹ️ 🐛 DEBUG: Found 3 versions in HDF5: ['selected_features_40_20251109_191448_677', 'selected_features_50_20251109_191448_653', 'selected_features_60_20251109_191448_625'] INFO
[2026-01-01 11:45:03.375] 🐛 DEBUG: _load_metadata() checking versioned_artifacts/ETHUSDT_binance_15m_long_regime_macro_trend/metadata.json INFO
2026-01-01 11:45:03,376 - System.tprint - INFO - ℹ️ 🐛 DEBUG: _load_metadata() checking versioned_artifacts/ETHUSDT_binance_15m_long_regime_macro_trend/metadata.json INFO
[2026-01-01 11:45:03.375] 🐛 DEBUG: Metadata file exists, size: 5567 bytes INFO
2026-01-01 11:45:03,376 - System.tprint - INFO - ℹ️ 🐛 DEBUG: Metadata file exists, size: 5567 bytes INFO
[2026-01-01 11:45:03.375] 🐛 DEBUG: Successfully loaded metadata with 2 versions INFO
2026-01-01 11:45:03,376 - System.tprint - INFO - ℹ️ 🐛 DEBUG: Successfully loaded metadata with 2 versions INFO
[2026-01-01 11:45:03.376] 🐛 DEBUG: list_versions() called INFO
2026-01-01 11:45:03,376 - System.tprint - INFO - ℹ️ 🐛 DEBUG: list_versions() called INFO
[2026-01-01 11:45:03.376] 🐛 DEBUG: Metadata file exists: True INFO
2026-01-01 11:45:03,376 - System.tprint - INFO - ℹ️ 🐛 DEBUG: Metadata file exists: True INFO
[2026-01-01 11:45:03.376] 🐛 DEBUG: HDF5 file exists: True INFO
2026-01-01 11:45:03,377 - System.tprint - INFO - ℹ️ 🐛 DEBUG: HDF5 file exists: True INFO
[2026-01-01 11:45:03.376] 🐛 DEBUG: Reloading metadata to get latest versions INFO
2026-01-01 11:45:03,377 - System.tprint - INFO - ℹ️ 🐛 DEBUG: Reloading metadata to get latest versions INFO
[2026-01-01 11:45:03.376] 🐛 DEBUG: _load_metadata() checking versioned_artifacts/ETHUSDT_binance_15m_long_regime_macro_trend/metadata.json INFO
2026-01-01 11:45:03,377 - System.tprint - INFO - ℹ️ 🐛 DEBUG: _load_metadata() checking versioned_artifacts/ETHUSDT_binance_15m_long_regime_macro_trend/metadata.json INFO
[2026-01-01 11:45:03.376] 🐛 DEBUG: Metadata file exists, size: 5567 bytes INFO
2026-01-01 11:45:03,377 - System.tprint - INFO - ℹ️ 🐛 DEBUG: Metadata file exists, size: 5567 bytes INFO
[2026-01-01 11:45:03.376] 🐛 DEBUG: Successfully loaded metadata with 2 versions INFO
2026-01-01 11:45:03,377 - System.tprint - INFO - ℹ️ 🐛 DEBUG: Successfully loaded metadata with 2 versions INFO
[2026-01-01 11:45:03.376] 🐛 DEBUG: Found 2 versions in metadata: ['hmm_macro_trend_training_data_15m_20251213_170722_611', 'hmm_macro_trend_regime_stats_15m_20251213_170725_853'] INFO
2026-01-01 11:45:03,377 - System.tprint - INFO - ℹ️ 🐛 DEBUG: Found 2 versions in metadata: ['hmm_macro_trend_training_data_15m_20251213_170722_611', 'hmm_macro_trend_regime_stats_15m_20251213_170725_853'] INFO
[2026-01-01 11:45:03.378] 🐛 DEBUG: Found 2 versions in HDF5: ['hmm_macro_trend_regime_stats_15m_20251213_170725_853', 'hmm_macro_trend_training_data_15m_20251213_170722_611'] INFO
2026-01-01 11:45:03,378 - System.tprint - INFO - ℹ️ 🐛 DEBUG: Found 2 versions in HDF5: ['hmm_macro_trend_regime_stats_15m_20251213_170725_853', 'hmm_macro_trend_training_data_15m_20251213_170722_611'] INFO
[2026-01-01 11:45:03.378] 🐛 DEBUG: _load_metadata() checking versioned_artifacts/ETHUSDT_binance_1h_long_full/metadata.json INFO
2026-01-01 11:45:03,378 - System.tprint - INFO - ℹ️ 🐛 DEBUG: _load_metadata() checking versioned_artifacts/ETHUSDT_binance_1h_long_full/metadata.json INFO
[2026-01-01 11:45:03.378] 🐛 DEBUG: Metadata file exists, size: 139 bytes INFO
2026-01-01 11:45:03,378 - System.tprint - INFO - ℹ️ 🐛 DEBUG: Metadata file exists, size: 139 bytes INFO
[2026-01-01 11:45:03.378] 🐛 DEBUG: Successfully loaded metadata with 0 versions INFO
2026-01-01 11:45:03,378 - System.tprint - INFO - ℹ️ 🐛 DEBUG: Successfully loaded metadata with 0 versions INFO
[2026-01-01 11:45:03.378] 🐛 DEBUG: list_versions() called INFO
2026-01-01 11:45:03,378 - System.tprint - INFO - ℹ️ 🐛 DEBUG: list_versions() called INFO
[2026-01-01 11:45:03.378] 🐛 DEBUG: Metadata file exists: True INFO
2026-01-01 11:45:03,379 - System.tprint - INFO - ℹ️ 🐛 DEBUG: Metadata file exists: True INFO
[2026-01-01 11:45:03.378] 🐛 DEBUG: HDF5 file exists: True INFO
2026-01-01 11:45:03,379 - System.tprint - INFO - ℹ️ 🐛 DEBUG: HDF5 file exists: True INFO
[2026-01-01 11:45:03.379] 🐛 DEBUG: Reloading metadata to get latest versions INFO
2026-01-01 11:45:03,379 - System.tprint - INFO - ℹ️ 🐛 DEBUG: Reloading metadata to get latest versions INFO
[2026-01-01 11:45:03.379] 🐛 DEBUG: _load_metadata() checking versioned_artifacts/ETHUSDT_binance_1h_long_full/metadata.json INFO
2026-01-01 11:45:03,379 - System.tprint - INFO - ℹ️ 🐛 DEBUG: _load_metadata() checking versioned_artifacts/ETHUSDT_binance_1h_long_full/metadata.json INFO
[2026-01-01 11:45:03.379] 🐛 DEBUG: Metadata file exists, size: 139 bytes INFO
2026-01-01 11:45:03,379 - System.tprint - INFO - ℹ️ 🐛 DEBUG: Metadata file exists, size: 139 bytes INFO
[2026-01-01 11:45:03.379] 🐛 DEBUG: Successfully loaded metadata with 0 versions INFO
2026-01-01 11:45:03,379 - System.tprint - INFO - ℹ️ 🐛 DEBUG: Successfully loaded metadata with 0 versions INFO
[2026-01-01 11:45:03.379] 🐛 DEBUG: Found 0 versions in metadata: [] INFO
2026-01-01 11:45:03,379 - System.tprint - INFO - ℹ️ 🐛 DEBUG: Found 0 versions in metadata: [] INFO
[2026-01-01 11:45:03.379] 🐛 DEBUG: Found 0 versions in HDF5: [] INFO
2026-01-01 11:45:03,379 - System.tprint - INFO - ℹ️ 🐛 DEBUG: Found 0 versions in HDF5: [] INFO
[2026-01-01 11:45:03.380] 🐛 DEBUG: _load_metadata() checking versioned_artifacts/ETHUSDT_binance_15m_short_mean_reversion/metadata.json INFO
2026-01-01 11:45:03,380 - System.tprint - INFO - ℹ️ 🐛 DEBUG: _load_metadata() checking versioned_artifacts/ETHUSDT_binance_15m_short_mean_reversion/metadata.json INFO
[2026-01-01 11:45:03.380] 🐛 DEBUG: Metadata file exists, size: 139 bytes INFO
2026-01-01 11:45:03,381 - System.tprint - INFO - ℹ️ 🐛 DEBUG: Metadata file exists, size: 139 bytes INFO
[2026-01-01 11:45:03.380] 🐛 DEBUG: Successfully loaded metadata with 0 versions INFO
2026-01-01 11:45:03,381 - System.tprint - INFO - ℹ️ 🐛 DEBUG: Successfully loaded metadata with 0 versions INFO
[2026-01-01 11:45:03.380] 🐛 DEBUG: list_versions() called INFO
2026-01-01 11:45:03,381 - System.tprint - INFO - ℹ️ 🐛 DEBUG: list_versions() called INFO
[2026-01-01 11:45:03.380] 🐛 DEBUG: Metadata file exists: True INFO
2026-01-01 11:45:03,381 - System.tprint - INFO - ℹ️ 🐛 DEBUG: Metadata file exists: True INFO
[2026-01-01 11:45:03.380] 🐛 DEBUG: HDF5 file exists: True INFO
2026-01-01 11:45:03,381 - System.tprint - INFO - ℹ️ 🐛 DEBUG: HDF5 file exists: True INFO
[2026-01-01 11:45:03.380] 🐛 DEBUG: Reloading metadata to get latest versions INFO
2026-01-01 11:45:03,381 - System.tprint - INFO - ℹ️ 🐛 DEBUG: Reloading metadata to get latest versions INFO
[2026-01-01 11:45:03.382] 🐛 DEBUG: _load_metadata() checking versioned_artifacts/ETHUSDT_binance_15m_short_mean_reversion/metadata.json INFO
2026-01-01 11:45:03,382 - System.tprint - INFO - ℹ️ 🐛 DEBUG: _load_metadata() checking versioned_artifacts/ETHUSDT_binance_15m_short_mean_reversion/metadata.json INFO
[2026-01-01 11:45:03.382] 🐛 DEBUG: Metadata file exists, size: 139 bytes INFO
2026-01-01 11:45:03,382 - System.tprint - INFO - ℹ️ 🐛 DEBUG: Metadata file exists, size: 139 bytes INFO
[2026-01-01 11:45:03.382] 🐛 DEBUG: Successfully loaded metadata with 0 versions INFO
2026-01-01 11:45:03,382 - System.tprint - INFO - ℹ️ 🐛 DEBUG: Successfully loaded metadata with 0 versions INFO
[2026-01-01 11:45:03.382] 🐛 DEBUG: Found 0 versions in metadata: [] INFO
2026-01-01 11:45:03,382 - System.tprint - INFO - ℹ️ 🐛 DEBUG: Found 0 versions in metadata: [] INFO
[2026-01-01 11:45:03.382] 🐛 DEBUG: Found 0 versions in HDF5: [] INFO
2026-01-01 11:45:03,382 - System.tprint - INFO - ℹ️ 🐛 DEBUG: Found 0 versions in HDF5: [] INFO
[2026-01-01 11:45:03.383] 🐛 DEBUG: _load_metadata() checking versioned_artifacts/ETHUSDT_binance_15m_long_path_regime/metadata.json INFO
2026-01-01 11:45:03,383 - System.tprint - INFO - ℹ️ 🐛 DEBUG: _load_metadata() checking versioned_artifacts/ETHUSDT_binance_15m_long_path_regime/metadata.json INFO
[2026-01-01 11:45:03.383] 🐛 DEBUG: Metadata file does not exist, returning default metadata INFO
2026-01-01 11:45:03,383 - System.tprint - INFO - ℹ️ 🐛 DEBUG: Metadata file does not exist, returning default metadata INFO
[2026-01-01 11:45:03.383] 🐛 DEBUG: list_versions() called INFO
2026-01-01 11:45:03,383 - System.tprint - INFO - ℹ️ 🐛 DEBUG: list_versions() called INFO
[2026-01-01 11:45:03.383] 🐛 DEBUG: Metadata file exists: False INFO
2026-01-01 11:45:03,383 - System.tprint - INFO - ℹ️ 🐛 DEBUG: Metadata file exists: False INFO
[2026-01-01 11:45:03.383] 🐛 DEBUG: HDF5 file exists: True INFO
2026-01-01 11:45:03,384 - System.tprint - INFO - ℹ️ 🐛 DEBUG: HDF5 file exists: True INFO
[2026-01-01 11:45:03.383] 🐛 DEBUG: Reloading metadata to get latest versions INFO
2026-01-01 11:45:03,384 - System.tprint - INFO - ℹ️ 🐛 DEBUG: Reloading metadata to get latest versions INFO
[2026-01-01 11:45:03.383] 🐛 DEBUG: _load_metadata() checking versioned_artifacts/ETHUSDT_binance_15m_long_path_regime/metadata.json INFO
2026-01-01 11:45:03,384 - System.tprint - INFO - ℹ️ 🐛 DEBUG: _load_metadata() checking versioned_artifacts/ETHUSDT_binance_15m_long_path_regime/metadata.json INFO
[2026-01-01 11:45:03.383] 🐛 DEBUG: Metadata file does not exist, returning default metadata INFO
2026-01-01 11:45:03,384 - System.tprint - INFO - ℹ️ 🐛 DEBUG: Metadata file does not exist, returning default metadata INFO
[2026-01-01 11:45:03.383] 🐛 DEBUG: Found 0 versions in metadata: [] INFO
2026-01-01 11:45:03,384 - System.tprint - INFO - ℹ️ 🐛 DEBUG: Found 0 versions in metadata: [] INFO
[2026-01-01 11:45:03.384] 🐛 DEBUG: Found 0 versions in HDF5: [] INFO
2026-01-01 11:45:03,384 - System.tprint - INFO - ℹ️ 🐛 DEBUG: Found 0 versions in HDF5: [] INFO
[2026-01-01 11:45:03.384] 🐛 DEBUG: _load_metadata() checking versioned_artifacts/ETHUSDT_binance_1h_long_regime_risk_hmm/metadata.json INFO
2026-01-01 11:45:03,385 - System.tprint - INFO - ℹ️ 🐛 DEBUG: _load_metadata() checking versioned_artifacts/ETHUSDT_binance_1h_long_regime_risk_hmm/metadata.json INFO
[2026-01-01 11:45:03.385] 🐛 DEBUG: Metadata file exists, size: 139 bytes INFO
2026-01-01 11:45:03,385 - System.tprint - INFO - ℹ️ 🐛 DEBUG: Metadata file exists, size: 139 bytes INFO
[2026-01-01 11:45:03.385] 🐛 DEBUG: Successfully loaded metadata with 0 versions INFO
2026-01-01 11:45:03,386 - System.tprint - INFO - ℹ️ 🐛 DEBUG: Successfully loaded metadata with 0 versions INFO
[2026-01-01 11:45:03.385] 🐛 DEBUG: list_versions() called INFO
2026-01-01 11:45:03,386 - System.tprint - INFO - ℹ️ 🐛 DEBUG: list_versions() called INFO
[2026-01-01 11:45:03.387] 🐛 DEBUG: Metadata file exists: True INFO
2026-01-01 11:45:03,387 - System.tprint - INFO - ℹ️ 🐛 DEBUG: Metadata file exists: True INFO
[2026-01-01 11:45:03.387] 🐛 DEBUG: HDF5 file exists: True INFO
2026-01-01 11:45:03,387 - System.tprint - INFO - ℹ️ 🐛 DEBUG: HDF5 file exists: True INFO
[2026-01-01 11:45:03.387] 🐛 DEBUG: Reloading metadata to get latest versions INFO
2026-01-01 11:45:03,387 - System.tprint - INFO - ℹ️ 🐛 DEBUG: Reloading metadata to get latest versions INFO
[2026-01-01 11:45:03.387] 🐛 DEBUG: _load_metadata() checking versioned_artifacts/ETHUSDT_binance_1h_long_regime_risk_hmm/metadata.json INFO
2026-01-01 11:45:03,387 - System.tprint - INFO - ℹ️ 🐛 DEBUG: _load_metadata() checking versioned_artifacts/ETHUSDT_binance_1h_long_regime_risk_hmm/metadata.json INFO
[2026-01-01 11:45:03.387] 🐛 DEBUG: Metadata file exists, size: 139 bytes INFO
2026-01-01 11:45:03,387 - System.tprint - INFO - ℹ️ 🐛 DEBUG: Metadata file exists, size: 139 bytes INFO
[2026-01-01 11:45:03.387] 🐛 DEBUG: Successfully loaded metadata with 0 versions INFO
2026-01-01 11:45:03,387 - System.tprint - INFO - ℹ️ 🐛 DEBUG: Successfully loaded metadata with 0 versions INFO
[2026-01-01 11:45:03.387] 🐛 DEBUG: Found 0 versions in metadata: [] INFO
2026-01-01 11:45:03,388 - System.tprint - INFO - ℹ️ 🐛 DEBUG: Found 0 versions in metadata: [] INFO
[2026-01-01 11:45:03.388] 🐛 DEBUG: Found 0 versions in HDF5: [] INFO
2026-01-01 11:45:03,388 - System.tprint - INFO - ℹ️ 🐛 DEBUG: Found 0 versions in HDF5: [] INFO
[2026-01-01 11:45:03.388] 🐛 DEBUG: _load_metadata() checking versioned_artifacts/ETHUSDT_binance_1h_long_regime_risk/metadata.json INFO
2026-01-01 11:45:03,389 - System.tprint - INFO - ℹ️ 🐛 DEBUG: _load_metadata() checking versioned_artifacts/ETHUSDT_binance_1h_long_regime_risk/metadata.json INFO
[2026-01-01 11:45:03.388] 🐛 DEBUG: Metadata file exists, size: 139 bytes INFO
2026-01-01 11:45:03,389 - System.tprint - INFO - ℹ️ 🐛 DEBUG: Metadata file exists, size: 139 bytes INFO
[2026-01-01 11:45:03.389] 🐛 DEBUG: Successfully loaded metadata with 0 versions INFO
2026-01-01 11:45:03,389 - System.tprint - INFO - ℹ️ 🐛 DEBUG: Successfully loaded metadata with 0 versions INFO
[2026-01-01 11:45:03.389] 🐛 DEBUG: list_versions() called INFO
2026-01-01 11:45:03,389 - System.tprint - INFO - ℹ️ 🐛 DEBUG: list_versions() called INFO
[2026-01-01 11:45:03.389] 🐛 DEBUG: Metadata file exists: True INFO
2026-01-01 11:45:03,389 - System.tprint - INFO - ℹ️ 🐛 DEBUG: Metadata file exists: True INFO
[2026-01-01 11:45:03.389] 🐛 DEBUG: HDF5 file exists: True INFO
2026-01-01 11:45:03,389 - System.tprint - INFO - ℹ️ 🐛 DEBUG: HDF5 file exists: True INFO
[2026-01-01 11:45:03.389] 🐛 DEBUG: Reloading metadata to get latest versions INFO
2026-01-01 11:45:03,389 - System.tprint - INFO - ℹ️ 🐛 DEBUG: Reloading metadata to get latest versions INFO
[2026-01-01 11:45:03.389] 🐛 DEBUG: _load_metadata() checking versioned_artifacts/ETHUSDT_binance_1h_long_regime_risk/metadata.json INFO
2026-01-01 11:45:03,389 - System.tprint - INFO - ℹ️ 🐛 DEBUG: _load_metadata() checking versioned_artifacts/ETHUSDT_binance_1h_long_regime_risk/metadata.json INFO
[2026-01-01 11:45:03.389] 🐛 DEBUG: Metadata file exists, size: 139 bytes INFO
2026-01-01 11:45:03,390 - System.tprint - INFO - ℹ️ 🐛 DEBUG: Metadata file exists, size: 139 bytes INFO
[2026-01-01 11:45:03.389] 🐛 DEBUG: Successfully loaded metadata with 0 versions INFO
2026-01-01 11:45:03,390 - System.tprint - INFO - ℹ️ 🐛 DEBUG: Successfully loaded metadata with 0 versions INFO
[2026-01-01 11:45:03.389] 🐛 DEBUG: Found 0 versions in metadata: [] INFO
2026-01-01 11:45:03,390 - System.tprint - INFO - ℹ️ 🐛 DEBUG: Found 0 versions in metadata: [] INFO
[2026-01-01 11:45:03.390] 🐛 DEBUG: Found 0 versions in HDF5: [] INFO
2026-01-01 11:45:03,390 - System.tprint - INFO - ℹ️ 🐛 DEBUG: Found 0 versions in HDF5: [] INFO
[2026-01-01 11:45:03.390] 🐛 DEBUG: _load_metadata() checking versioned_artifacts/ETHUSDT_binance_15m_long_momentum_persistence/metadata.json INFO
2026-01-01 11:45:03,391 - System.tprint - INFO - ℹ️ 🐛 DEBUG: _load_metadata() checking versioned_artifacts/ETHUSDT_binance_15m_long_momentum_persistence/metadata.json INFO
[2026-01-01 11:45:03.390] 🐛 DEBUG: Metadata file does not exist, returning default metadata INFO
2026-01-01 11:45:03,391 - System.tprint - INFO - ℹ️ 🐛 DEBUG: Metadata file does not exist, returning default metadata INFO
[2026-01-01 11:45:03.390] 🐛 DEBUG: list_versions() called INFO
2026-01-01 11:45:03,391 - System.tprint - INFO - ℹ️ 🐛 DEBUG: list_versions() called INFO
[2026-01-01 11:45:03.390] 🐛 DEBUG: Metadata file exists: False INFO
2026-01-01 11:45:03,391 - System.tprint - INFO - ℹ️ 🐛 DEBUG: Metadata file exists: False INFO
[2026-01-01 11:45:03.390] 🐛 DEBUG: HDF5 file exists: True INFO
2026-01-01 11:45:03,391 - System.tprint - INFO - ℹ️ 🐛 DEBUG: HDF5 file exists: True INFO
[2026-01-01 11:45:03.390] 🐛 DEBUG: Reloading metadata to get latest versions INFO
2026-01-01 11:45:03,391 - System.tprint - INFO - ℹ️ 🐛 DEBUG: Reloading metadata to get latest versions INFO
[2026-01-01 11:45:03.391] 🐛 DEBUG: _load_metadata() checking versioned_artifacts/ETHUSDT_binance_15m_long_momentum_persistence/metadata.json INFO
2026-01-01 11:45:03,391 - System.tprint - INFO - ℹ️ 🐛 DEBUG: _load_metadata() checking versioned_artifacts/ETHUSDT_binance_15m_long_momentum_persistence/metadata.json INFO
[2026-01-01 11:45:03.391] 🐛 DEBUG: Metadata file does not exist, returning default metadata INFO
2026-01-01 11:45:03,391 - System.tprint - INFO - ℹ️ 🐛 DEBUG: Metadata file does not exist, returning default metadata INFO
[2026-01-01 11:45:03.391] 🐛 DEBUG: Found 0 versions in metadata: [] INFO
2026-01-01 11:45:03,391 - System.tprint - INFO - ℹ️ 🐛 DEBUG: Found 0 versions in metadata: [] INFO
[2026-01-01 11:45:03.391] 🐛 DEBUG: Found 0 versions in HDF5: [] INFO
2026-01-01 11:45:03,392 - System.tprint - INFO - ℹ️ 🐛 DEBUG: Found 0 versions in HDF5: [] INFO
[2026-01-01 11:45:03.391] 🐛 DEBUG: _load_metadata() checking versioned_artifacts/ETHUSDT_binance_1h_long_blank/metadata.json INFO
2026-01-01 11:45:03,392 - System.tprint - INFO - ℹ️ 🐛 DEBUG: _load_metadata() checking versioned_artifacts/ETHUSDT_binance_1h_long_blank/metadata.json INFO
[2026-01-01 11:45:03.391] 🐛 DEBUG: Metadata file exists, size: 139 bytes INFO
2026-01-01 11:45:03,392 - System.tprint - INFO - ℹ️ 🐛 DEBUG: Metadata file exists, size: 139 bytes INFO
[2026-01-01 11:45:03.392] 🐛 DEBUG: Successfully loaded metadata with 0 versions INFO
2026-01-01 11:45:03,393 - System.tprint - INFO - ℹ️ 🐛 DEBUG: Successfully loaded metadata with 0 versions INFO
[2026-01-01 11:45:03.392] 🐛 DEBUG: list_versions() called INFO
2026-01-01 11:45:03,393 - System.tprint - INFO - ℹ️ 🐛 DEBUG: list_versions() called INFO
[2026-01-01 11:45:03.392] 🐛 DEBUG: Metadata file exists: True INFO
2026-01-01 11:45:03,393 - System.tprint - INFO - ℹ️ 🐛 DEBUG: Metadata file exists: True INFO
[2026-01-01 11:45:03.392] 🐛 DEBUG: HDF5 file exists: True INFO
2026-01-01 11:45:03,393 - System.tprint - INFO - ℹ️ 🐛 DEBUG: HDF5 file exists: True INFO
[2026-01-01 11:45:03.392] 🐛 DEBUG: Reloading metadata to get latest versions INFO
2026-01-01 11:45:03,393 - System.tprint - INFO - ℹ️ 🐛 DEBUG: Reloading metadata to get latest versions INFO
[2026-01-01 11:45:03.392] 🐛 DEBUG: _load_metadata() checking versioned_artifacts/ETHUSDT_binance_1h_long_blank/metadata.json INFO
2026-01-01 11:45:03,393 - System.tprint - INFO - ℹ️ 🐛 DEBUG: _load_metadata() checking versioned_artifacts/ETHUSDT_binance_1h_long_blank/metadata.json INFO
[2026-01-01 11:45:03.392] 🐛 DEBUG: Metadata file exists, size: 139 bytes INFO
2026-01-01 11:45:03,393 - System.tprint - INFO - ℹ️ 🐛 DEBUG: Metadata file exists, size: 139 bytes INFO
[2026-01-01 11:45:03.392] 🐛 DEBUG: Successfully loaded metadata with 0 versions INFO
2026-01-01 11:45:03,393 - System.tprint - INFO - ℹ️ 🐛 DEBUG: Successfully loaded metadata with 0 versions INFO
[2026-01-01 11:45:03.393] 🐛 DEBUG: Found 0 versions in metadata: [] INFO
2026-01-01 11:45:03,393 - System.tprint - INFO - ℹ️ 🐛 DEBUG: Found 0 versions in metadata: [] INFO
[2026-01-01 11:45:03.393] 🐛 DEBUG: Found 0 versions in HDF5: [] INFO
2026-01-01 11:45:03,394 - System.tprint - INFO - ℹ️ 🐛 DEBUG: Found 0 versions in HDF5: [] INFO
[2026-01-01 11:45:03.395] 🐛 DEBUG: _load_metadata() checking versioned_artifacts/ETHUSDT_binance_15m_long_regime_mr_trend/metadata.json INFO
2026-01-01 11:45:03,395 - System.tprint - INFO - ℹ️ 🐛 DEBUG: _load_metadata() checking versioned_artifacts/ETHUSDT_binance_15m_long_regime_mr_trend/metadata.json INFO
[2026-01-01 11:45:03.395] 🐛 DEBUG: Metadata file exists, size: 139 bytes INFO
2026-01-01 11:45:03,395 - System.tprint - INFO - ℹ️ 🐛 DEBUG: Metadata file exists, size: 139 bytes INFO
[2026-01-01 11:45:03.395] 🐛 DEBUG: Successfully loaded metadata with 0 versions INFO
2026-01-01 11:45:03,395 - System.tprint - INFO - ℹ️ 🐛 DEBUG: Successfully loaded metadata with 0 versions INFO
[2026-01-01 11:45:03.395] 🐛 DEBUG: list_versions() called INFO
2026-01-01 11:45:03,395 - System.tprint - INFO - ℹ️ 🐛 DEBUG: list_versions() called INFO
[2026-01-01 11:45:03.395] 🐛 DEBUG: Metadata file exists: True INFO
2026-01-01 11:45:03,395 - System.tprint - INFO - ℹ️ 🐛 DEBUG: Metadata file exists: True INFO
[2026-01-01 11:45:03.395] 🐛 DEBUG: HDF5 file exists: True INFO
2026-01-01 11:45:03,395 - System.tprint - INFO - ℹ️ 🐛 DEBUG: HDF5 file exists: True INFO
[2026-01-01 11:45:03.395] 🐛 DEBUG: Reloading metadata to get latest versions INFO
2026-01-01 11:45:03,395 - System.tprint - INFO - ℹ️ 🐛 DEBUG: Reloading metadata to get latest versions INFO
[2026-01-01 11:45:03.395] 🐛 DEBUG: _load_metadata() checking versioned_artifacts/ETHUSDT_binance_15m_long_regime_mr_trend/metadata.json INFO
2026-01-01 11:45:03,395 - System.tprint - INFO - ℹ️ 🐛 DEBUG: _load_metadata() checking versioned_artifacts/ETHUSDT_binance_15m_long_regime_mr_trend/metadata.json INFO
[2026-01-01 11:45:03.395] 🐛 DEBUG: Metadata file exists, size: 139 bytes INFO
2026-01-01 11:45:03,396 - System.tprint - INFO - ℹ️ 🐛 DEBUG: Metadata file exists, size: 139 bytes INFO
[2026-01-01 11:45:03.396] 🐛 DEBUG: Successfully loaded metadata with 0 versions INFO
2026-01-01 11:45:03,396 - System.tprint - INFO - ℹ️ 🐛 DEBUG: Successfully loaded metadata with 0 versions INFO
[2026-01-01 11:45:03.396] 🐛 DEBUG: Found 0 versions in metadata: [] INFO
2026-01-01 11:45:03,396 - System.tprint - INFO - ℹ️ 🐛 DEBUG: Found 0 versions in metadata: [] INFO
[2026-01-01 11:45:03.396] 🐛 DEBUG: Found 0 versions in HDF5: [] INFO
2026-01-01 11:45:03,396 - System.tprint - INFO - ℹ️ 🐛 DEBUG: Found 0 versions in HDF5: [] INFO
[2026-01-01 11:45:03.397] 🐛 DEBUG: _load_metadata() checking versioned_artifacts/ETHUSDT_binance_15m_long_regime_risk_hmm/metadata.json INFO
2026-01-01 11:45:03,398 - System.tprint - INFO - ℹ️ 🐛 DEBUG: _load_metadata() checking versioned_artifacts/ETHUSDT_binance_15m_long_regime_risk_hmm/metadata.json INFO
[2026-01-01 11:45:03.397] 🐛 DEBUG: Metadata file exists, size: 1035 bytes INFO
2026-01-01 11:45:03,398 - System.tprint - INFO - ℹ️ 🐛 DEBUG: Metadata file exists, size: 1035 bytes INFO
[2026-01-01 11:45:03.397] 🐛 DEBUG: Successfully loaded metadata with 1 versions INFO
2026-01-01 11:45:03,398 - System.tprint - INFO - ℹ️ 🐛 DEBUG: Successfully loaded metadata with 1 versions INFO
[2026-01-01 11:45:03.397] 🐛 DEBUG: list_versions() called INFO
2026-01-01 11:45:03,398 - System.tprint - INFO - ℹ️ 🐛 DEBUG: list_versions() called INFO
[2026-01-01 11:45:03.397] 🐛 DEBUG: Metadata file exists: True INFO
2026-01-01 11:45:03,398 - System.tprint - INFO - ℹ️ 🐛 DEBUG: Metadata file exists: True INFO
[2026-01-01 11:45:03.397] 🐛 DEBUG: HDF5 file exists: True INFO
2026-01-01 11:45:03,398 - System.tprint - INFO - ℹ️ 🐛 DEBUG: HDF5 file exists: True INFO
[2026-01-01 11:45:03.397] 🐛 DEBUG: Reloading metadata to get latest versions INFO
2026-01-01 11:45:03,398 - System.tprint - INFO - ℹ️ 🐛 DEBUG: Reloading metadata to get latest versions INFO
[2026-01-01 11:45:03.397] 🐛 DEBUG: _load_metadata() checking versioned_artifacts/ETHUSDT_binance_15m_long_regime_risk_hmm/metadata.json INFO
2026-01-01 11:45:03,398 - System.tprint - INFO - ℹ️ 🐛 DEBUG: _load_metadata() checking versioned_artifacts/ETHUSDT_binance_15m_long_regime_risk_hmm/metadata.json INFO
[2026-01-01 11:45:03.398] 🐛 DEBUG: Metadata file exists, size: 1035 bytes INFO
2026-01-01 11:45:03,398 - System.tprint - INFO - ℹ️ 🐛 DEBUG: Metadata file exists, size: 1035 bytes INFO
[2026-01-01 11:45:03.398] 🐛 DEBUG: Successfully loaded metadata with 1 versions INFO
2026-01-01 11:45:03,399 - System.tprint - INFO - ℹ️ 🐛 DEBUG: Successfully loaded metadata with 1 versions INFO
[2026-01-01 11:45:03.398] 🐛 DEBUG: Found 1 versions in metadata: ['ml_risk_hmm_training_data_15m_20251205_191725_560'] INFO
2026-01-01 11:45:03,399 - System.tprint - INFO - ℹ️ 🐛 DEBUG: Found 1 versions in metadata: ['ml_risk_hmm_training_data_15m_20251205_191725_560'] INFO
[2026-01-01 11:45:03.398] 🐛 DEBUG: Found 1 versions in HDF5: ['ml_risk_hmm_training_data_15m_20251205_191725_560'] INFO
2026-01-01 11:45:03,399 - System.tprint - INFO - ℹ️ 🐛 DEBUG: Found 1 versions in HDF5: ['ml_risk_hmm_training_data_15m_20251205_191725_560'] INFO
[2026-01-01 11:45:03.399] 🐛 DEBUG: _load_metadata() checking versioned_artifacts/ETHUSDT_binance_15m_long_analyst/metadata.json INFO
2026-01-01 11:45:03,400 - System.tprint - INFO - ℹ️ 🐛 DEBUG: _load_metadata() checking versioned_artifacts/ETHUSDT_binance_15m_long_analyst/metadata.json INFO
[2026-01-01 11:45:03.399] 🐛 DEBUG: Metadata file exists, size: 24005 bytes INFO
2026-01-01 11:45:03,400 - System.tprint - INFO - ℹ️ 🐛 DEBUG: Metadata file exists, size: 24005 bytes INFO
[2026-01-01 11:45:03.399] 🐛 DEBUG: Successfully loaded metadata with 8 versions INFO
2026-01-01 11:45:03,400 - System.tprint - INFO - ℹ️ 🐛 DEBUG: Successfully loaded metadata with 8 versions INFO
[2026-01-01 11:45:03.399] 🐛 DEBUG: list_versions() called INFO
2026-01-01 11:45:03,400 - System.tprint - INFO - ℹ️ 🐛 DEBUG: list_versions() called INFO
[2026-01-01 11:45:03.399] 🐛 DEBUG: Metadata file exists: True INFO
2026-01-01 11:45:03,400 - System.tprint - INFO - ℹ️ 🐛 DEBUG: Metadata file exists: True INFO
[2026-01-01 11:45:03.399] 🐛 DEBUG: HDF5 file exists: True INFO
2026-01-01 11:45:03,400 - System.tprint - INFO - ℹ️ 🐛 DEBUG: HDF5 file exists: True INFO
[2026-01-01 11:45:03.399] 🐛 DEBUG: Reloading metadata to get latest versions INFO
2026-01-01 11:45:03,400 - System.tprint - INFO - ℹ️ 🐛 DEBUG: Reloading metadata to get latest versions INFO
[2026-01-01 11:45:03.399] 🐛 DEBUG: _load_metadata() checking versioned_artifacts/ETHUSDT_binance_15m_long_analyst/metadata.json INFO
2026-01-01 11:45:03,400 - System.tprint - INFO - ℹ️ 🐛 DEBUG: _load_metadata() checking versioned_artifacts/ETHUSDT_binance_15m_long_analyst/metadata.json INFO
[2026-01-01 11:45:03.399] 🐛 DEBUG: Metadata file exists, size: 24005 bytes INFO
2026-01-01 11:45:03,400 - System.tprint - INFO - ℹ️ 🐛 DEBUG: Metadata file exists, size: 24005 bytes INFO
[2026-01-01 11:45:03.401] 🐛 DEBUG: Successfully loaded metadata with 8 versions INFO
2026-01-01 11:45:03,401 - System.tprint - INFO - ℹ️ 🐛 DEBUG: Successfully loaded metadata with 8 versions INFO
[2026-01-01 11:45:03.401] 🐛 DEBUG: Found 8 versions in metadata: ['weighted_meta_model_training_matrix_ETHUSDT_binance_15m_long_20251214_184321_623', 'labeled_data_ETHUSDT_binance_15m_long_20251214_220950_753', 'labeled_data_ETHUSDT_binance_15m_long_20251214_224631_542', 'labeled_data_ETHUSDT_binance_15m_long_20251214_233640_586', 'labeled_data_ETHUSDT_binance_15m_long_20251214_235041_562', 'labeled_data_ETHUSDT_15m_20251219_235959_715', 'labeled_data_ETHUSDT_15m_20251220_000301_152', 'labeled_data_ETHUSDT_15m_20251220_000738_204'] INFO
2026-01-01 11:45:03,401 - System.tprint - INFO - ℹ️ 🐛 DEBUG: Found 8 versions in metadata: ['weighted_meta_model_training_matrix_ETHUSDT_binance_15m_long_20251214_184321_623', 'labeled_data_ETHUSDT_binance_15m_long_20251214_220950_753', 'labeled_data_ETHUSDT_binance_15m_long_20251214_224631_542', 'labeled_data_ETHUSDT_binance_15m_long_20251214_233640_586', 'labeled_data_ETHUSDT_binance_15m_long_20251214_235041_562', 'labeled_data_ETHUSDT_15m_20251219_235959_715', 'labeled_data_ETHUSDT_15m_20251220_000301_152', 'labeled_data_ETHUSDT_15m_20251220_000738_204'] INFO
[2026-01-01 11:45:03.401] 🐛 DEBUG: Found 8 versions in HDF5: ['labeled_data_ETHUSDT_15m_20251219_235959_715', 'labeled_data_ETHUSDT_15m_20251220_000301_152', 'labeled_data_ETHUSDT_15m_20251220_000738_204', 'labeled_data_ETHUSDT_binance_15m_long_20251214_220950_753', 'labeled_data_ETHUSDT_binance_15m_long_20251214_224631_542', 'labeled_data_ETHUSDT_binance_15m_long_20251214_233640_586', 'labeled_data_ETHUSDT_binance_15m_long_20251214_235041_562', 'weighted_meta_model_training_matrix_ETHUSDT_binance_15m_long_20251214_184321_623'] INFO
2026-01-01 11:45:03,401 - System.tprint - INFO - ℹ️ 🐛 DEBUG: Found 8 versions in HDF5: ['labeled_data_ETHUSDT_15m_20251219_235959_715', 'labeled_data_ETHUSDT_15m_20251220_000301_152', 'labeled_data_ETHUSDT_15m_20251220_000738_204', 'labeled_data_ETHUSDT_binance_15m_long_20251214_220950_753', 'labeled_data_ETHUSDT_binance_15m_long_20251214_224631_542', 'labeled_data_ETHUSDT_binance_15m_long_20251214_233640_586', 'labeled_data_ETHUSDT_binance_15m_long_20251214_235041_562', 'weighted_meta_model_training_matrix_ETHUSDT_binance_15m_long_20251214_184321_623'] INFO
[2026-01-01 11:45:03.402] 🐛 DEBUG: _load_metadata() checking versioned_artifacts/ETHUSDT_binance_1h_long_regime_macro_trend/metadata.json INFO
2026-01-01 11:45:03,402 - System.tprint - INFO - ℹ️ 🐛 DEBUG: _load_metadata() checking versioned_artifacts/ETHUSDT_binance_1h_long_regime_macro_trend/metadata.json INFO
[2026-01-01 11:45:03.402] 🐛 DEBUG: Metadata file exists, size: 17432 bytes INFO
2026-01-01 11:45:03,402 - System.tprint - INFO - ℹ️ 🐛 DEBUG: Metadata file exists, size: 17432 bytes INFO
[2026-01-01 11:45:03.402] 🐛 DEBUG: Successfully loaded metadata with 5 versions INFO
2026-01-01 11:45:03,403 - System.tprint - INFO - ℹ️ 🐛 DEBUG: Successfully loaded metadata with 5 versions INFO
[2026-01-01 11:45:03.402] 🐛 DEBUG: list_versions() called INFO
2026-01-01 11:45:03,403 - System.tprint - INFO - ℹ️ 🐛 DEBUG: list_versions() called INFO
[2026-01-01 11:45:03.403] 🐛 DEBUG: Metadata file exists: True INFO
2026-01-01 11:45:03,403 - System.tprint - INFO - ℹ️ 🐛 DEBUG: Metadata file exists: True INFO
[2026-01-01 11:45:03.403] 🐛 DEBUG: HDF5 file exists: True INFO
2026-01-01 11:45:03,403 - System.tprint - INFO - ℹ️ 🐛 DEBUG: HDF5 file exists: True INFO
[2026-01-01 11:45:03.403] 🐛 DEBUG: Reloading metadata to get latest versions INFO
2026-01-01 11:45:03,404 - System.tprint - INFO - ℹ️ 🐛 DEBUG: Reloading metadata to get latest versions INFO
[2026-01-01 11:45:03.404] 🐛 DEBUG: _load_metadata() checking versioned_artifacts/ETHUSDT_binance_1h_long_regime_macro_trend/metadata.json INFO
2026-01-01 11:45:03,404 - System.tprint - INFO - ℹ️ 🐛 DEBUG: _load_metadata() checking versioned_artifacts/ETHUSDT_binance_1h_long_regime_macro_trend/metadata.json INFO
[2026-01-01 11:45:03.404] 🐛 DEBUG: Metadata file exists, size: 17432 bytes INFO
2026-01-01 11:45:03,404 - System.tprint - INFO - ℹ️ 🐛 DEBUG: Metadata file exists, size: 17432 bytes INFO
[2026-01-01 11:45:03.404] 🐛 DEBUG: Successfully loaded metadata with 5 versions INFO
2026-01-01 11:45:03,405 - System.tprint - INFO - ℹ️ 🐛 DEBUG: Successfully loaded metadata with 5 versions INFO
[2026-01-01 11:45:03.404] 🐛 DEBUG: Found 5 versions in metadata: ['hmm_macro_trend_regime_quality_1h_20251204_224507_427', 'hmm_macro_trend_regime_quality_1h_20251204_225044_960', 'hmm_macro_trend_regime_quality_1h_20251205_183537_791', 'hmm_macro_trend_regime_quality_1h_20251205_191709_242', 'hmm_macro_trend_regime_quality_1h_20251213_170722_488'] INFO
2026-01-01 11:45:03,405 - System.tprint - INFO - ℹ️ 🐛 DEBUG: Found 5 versions in metadata: ['hmm_macro_trend_regime_quality_1h_20251204_224507_427', 'hmm_macro_trend_regime_quality_1h_20251204_225044_960', 'hmm_macro_trend_regime_quality_1h_20251205_183537_791', 'hmm_macro_trend_regime_quality_1h_20251205_191709_242', 'hmm_macro_trend_regime_quality_1h_20251213_170722_488'] INFO
[2026-01-01 11:45:03.405] 🐛 DEBUG: Found 5 versions in HDF5: ['hmm_macro_trend_regime_quality_1h_20251204_224507_427', 'hmm_macro_trend_regime_quality_1h_20251204_225044_960', 'hmm_macro_trend_regime_quality_1h_20251205_183537_791', 'hmm_macro_trend_regime_quality_1h_20251205_191709_242', 'hmm_macro_trend_regime_quality_1h_20251213_170722_488'] INFO
2026-01-01 11:45:03,405 - System.tprint - INFO - ℹ️ 🐛 DEBUG: Found 5 versions in HDF5: ['hmm_macro_trend_regime_quality_1h_20251204_224507_427', 'hmm_macro_trend_regime_quality_1h_20251204_225044_960', 'hmm_macro_trend_regime_quality_1h_20251205_183537_791', 'hmm_macro_trend_regime_quality_1h_20251205_191709_242', 'hmm_macro_trend_regime_quality_1h_20251213_170722_488'] INFO
[2026-01-01 11:45:03.405] 🐛 DEBUG: _load_metadata() checking versioned_artifacts/ETHUSDT_binance_1h_long_regime/metadata.json INFO
2026-01-01 11:45:03,406 - System.tprint - INFO - ℹ️ 🐛 DEBUG: _load_metadata() checking versioned_artifacts/ETHUSDT_binance_1h_long_regime/metadata.json INFO
[2026-01-01 11:45:03.405] 🐛 DEBUG: Metadata file exists, size: 3249 bytes INFO
2026-01-01 11:45:03,406 - System.tprint - INFO - ℹ️ 🐛 DEBUG: Metadata file exists, size: 3249 bytes INFO
[2026-01-01 11:45:03.406] 🐛 DEBUG: Successfully loaded metadata with 5 versions INFO
2026-01-01 11:45:03,406 - System.tprint - INFO - ℹ️ 🐛 DEBUG: Successfully loaded metadata with 5 versions INFO
[2026-01-01 11:45:03.406] 🐛 DEBUG: list_versions() called INFO
2026-01-01 11:45:03,406 - System.tprint - INFO - ℹ️ 🐛 DEBUG: list_versions() called INFO
[2026-01-01 11:45:03.406] 🐛 DEBUG: Metadata file exists: True INFO
2026-01-01 11:45:03,407 - System.tprint - INFO - ℹ️ 🐛 DEBUG: Metadata file exists: True INFO
[2026-01-01 11:45:03.406] 🐛 DEBUG: HDF5 file exists: True INFO
2026-01-01 11:45:03,407 - System.tprint - INFO - ℹ️ 🐛 DEBUG: HDF5 file exists: True INFO
[2026-01-01 11:45:03.406] 🐛 DEBUG: Reloading metadata to get latest versions INFO
2026-01-01 11:45:03,407 - System.tprint - INFO - ℹ️ 🐛 DEBUG: Reloading metadata to get latest versions INFO
[2026-01-01 11:45:03.406] 🐛 DEBUG: _load_metadata() checking versioned_artifacts/ETHUSDT_binance_1h_long_regime/metadata.json INFO
2026-01-01 11:45:03,407 - System.tprint - INFO - ℹ️ 🐛 DEBUG: _load_metadata() checking versioned_artifacts/ETHUSDT_binance_1h_long_regime/metadata.json INFO
[2026-01-01 11:45:03.407] 🐛 DEBUG: Metadata file exists, size: 3249 bytes INFO
2026-01-01 11:45:03,407 - System.tprint - INFO - ℹ️ 🐛 DEBUG: Metadata file exists, size: 3249 bytes INFO
[2026-01-01 11:45:03.407] 🐛 DEBUG: Successfully loaded metadata with 5 versions INFO
2026-01-01 11:45:03,407 - System.tprint - INFO - ℹ️ 🐛 DEBUG: Successfully loaded metadata with 5 versions INFO
[2026-01-01 11:45:03.407] 🐛 DEBUG: Found 5 versions in metadata: ['rolling_hmm_regime_confidence_features_20251122_003448_094', 'rolling_hmm_economic_features_20251122_003448_124', 'rolling_hmm_regime_labels_20251122_003448_165', 'rolling_hmm_regime_probabilities_20251122_003448_178', 'rolling_hmm_transition_matrix_20251122_003448_193'] INFO
2026-01-01 11:45:03,408 - System.tprint - INFO - ℹ️ 🐛 DEBUG: Found 5 versions in metadata: ['rolling_hmm_regime_confidence_features_20251122_003448_094', 'rolling_hmm_economic_features_20251122_003448_124', 'rolling_hmm_regime_labels_20251122_003448_165', 'rolling_hmm_regime_probabilities_20251122_003448_178', 'rolling_hmm_transition_matrix_20251122_003448_193'] INFO
[2026-01-01 11:45:03.407] 🐛 DEBUG: Found 5 versions in HDF5: ['rolling_hmm_economic_features_20251122_003448_124', 'rolling_hmm_regime_confidence_features_20251122_003448_094', 'rolling_hmm_regime_labels_20251122_003448_165', 'rolling_hmm_regime_probabilities_20251122_003448_178', 'rolling_hmm_transition_matrix_20251122_003448_193'] INFO
2026-01-01 11:45:03,408 - System.tprint - INFO - ℹ️ 🐛 DEBUG: Found 5 versions in HDF5: ['rolling_hmm_economic_features_20251122_003448_124', 'rolling_hmm_regime_confidence_features_20251122_003448_094', 'rolling_hmm_regime_labels_20251122_003448_165', 'rolling_hmm_regime_probabilities_20251122_003448_178', 'rolling_hmm_transition_matrix_20251122_003448_193'] INFO
[2026-01-01 11:45:03.408] 🐛 DEBUG: _load_metadata() checking versioned_artifacts/ETHUSDT_binance_15m_long_blank/metadata.json INFO
2026-01-01 11:45:03,409 - System.tprint - INFO - ℹ️ 🐛 DEBUG: _load_metadata() checking versioned_artifacts/ETHUSDT_binance_15m_long_blank/metadata.json INFO
[2026-01-01 11:45:03.408] 🐛 DEBUG: Metadata file exists, size: 139 bytes INFO
2026-01-01 11:45:03,409 - System.tprint - INFO - ℹ️ 🐛 DEBUG: Metadata file exists, size: 139 bytes INFO
[2026-01-01 11:45:03.408] 🐛 DEBUG: Successfully loaded metadata with 0 versions INFO
2026-01-01 11:45:03,409 - System.tprint - INFO - ℹ️ 🐛 DEBUG: Successfully loaded metadata with 0 versions INFO
[2026-01-01 11:45:03.408] 🐛 DEBUG: list_versions() called INFO
2026-01-01 11:45:03,409 - System.tprint - INFO - ℹ️ 🐛 DEBUG: list_versions() called INFO
[2026-01-01 11:45:03.408] 🐛 DEBUG: Metadata file exists: True INFO
2026-01-01 11:45:03,409 - System.tprint - INFO - ℹ️ 🐛 DEBUG: Metadata file exists: True INFO
[2026-01-01 11:45:03.408] 🐛 DEBUG: HDF5 file exists: True INFO
2026-01-01 11:45:03,409 - System.tprint - INFO - ℹ️ 🐛 DEBUG: HDF5 file exists: True INFO
[2026-01-01 11:45:03.408] 🐛 DEBUG: Reloading metadata to get latest versions INFO
2026-01-01 11:45:03,409 - System.tprint - INFO - ℹ️ 🐛 DEBUG: Reloading metadata to get latest versions INFO
[2026-01-01 11:45:03.408] 🐛 DEBUG: _load_metadata() checking versioned_artifacts/ETHUSDT_binance_15m_long_blank/metadata.json INFO
2026-01-01 11:45:03,409 - System.tprint - INFO - ℹ️ 🐛 DEBUG: _load_metadata() checking versioned_artifacts/ETHUSDT_binance_15m_long_blank/metadata.json INFO
[2026-01-01 11:45:03.408] 🐛 DEBUG: Metadata file exists, size: 139 bytes INFO
2026-01-01 11:45:03,409 - System.tprint - INFO - ℹ️ 🐛 DEBUG: Metadata file exists, size: 139 bytes INFO
[2026-01-01 11:45:03.410] 🐛 DEBUG: Successfully loaded metadata with 0 versions INFO
2026-01-01 11:45:03,410 - System.tprint - INFO - ℹ️ 🐛 DEBUG: Successfully loaded metadata with 0 versions INFO
[2026-01-01 11:45:03.410] 🐛 DEBUG: Found 0 versions in metadata: [] INFO
2026-01-01 11:45:03,410 - System.tprint - INFO - ℹ️ 🐛 DEBUG: Found 0 versions in metadata: [] INFO
[2026-01-01 11:45:03.410] 🐛 DEBUG: Found 0 versions in HDF5: [] INFO
2026-01-01 11:45:03,410 - System.tprint - INFO - ℹ️ 🐛 DEBUG: Found 0 versions in HDF5: [] INFO
[2026-01-01 11:45:03.411] 🐛 DEBUG: _load_metadata() checking versioned_artifacts/ETHUSDT_binance_15m_long_regime_alpha/metadata.json INFO
2026-01-01 11:45:03,411 - System.tprint - INFO - ℹ️ 🐛 DEBUG: _load_metadata() checking versioned_artifacts/ETHUSDT_binance_15m_long_regime_alpha/metadata.json INFO
[2026-01-01 11:45:03.411] 🐛 DEBUG: Metadata file exists, size: 139 bytes INFO
2026-01-01 11:45:03,411 - System.tprint - INFO - ℹ️ 🐛 DEBUG: Metadata file exists, size: 139 bytes INFO
[2026-01-01 11:45:03.411] 🐛 DEBUG: Successfully loaded metadata with 0 versions INFO
2026-01-01 11:45:03,411 - System.tprint - INFO - ℹ️ 🐛 DEBUG: Successfully loaded metadata with 0 versions INFO
[2026-01-01 11:45:03.411] 🐛 DEBUG: list_versions() called INFO
2026-01-01 11:45:03,411 - System.tprint - INFO - ℹ️ 🐛 DEBUG: list_versions() called INFO
[2026-01-01 11:45:03.411] 🐛 DEBUG: Metadata file exists: True INFO
2026-01-01 11:45:03,412 - System.tprint - INFO - ℹ️ 🐛 DEBUG: Metadata file exists: True INFO
[2026-01-01 11:45:03.411] 🐛 DEBUG: HDF5 file exists: True INFO
2026-01-01 11:45:03,412 - System.tprint - INFO - ℹ️ 🐛 DEBUG: HDF5 file exists: True INFO
[2026-01-01 11:45:03.411] 🐛 DEBUG: Reloading metadata to get latest versions INFO
2026-01-01 11:45:03,412 - System.tprint - INFO - ℹ️ 🐛 DEBUG: Reloading metadata to get latest versions INFO
[2026-01-01 11:45:03.411] 🐛 DEBUG: _load_metadata() checking versioned_artifacts/ETHUSDT_binance_15m_long_regime_alpha/metadata.json INFO
2026-01-01 11:45:03,412 - System.tprint - INFO - ℹ️ 🐛 DEBUG: _load_metadata() checking versioned_artifacts/ETHUSDT_binance_15m_long_regime_alpha/metadata.json INFO
[2026-01-01 11:45:03.411] 🐛 DEBUG: Metadata file exists, size: 139 bytes INFO
2026-01-01 11:45:03,412 - System.tprint - INFO - ℹ️ 🐛 DEBUG: Metadata file exists, size: 139 bytes INFO
[2026-01-01 11:45:03.411] 🐛 DEBUG: Successfully loaded metadata with 0 versions INFO
2026-01-01 11:45:03,412 - System.tprint - INFO - ℹ️ 🐛 DEBUG: Successfully loaded metadata with 0 versions INFO
[2026-01-01 11:45:03.412] 🐛 DEBUG: Found 0 versions in metadata: [] INFO
2026-01-01 11:45:03,412 - System.tprint - INFO - ℹ️ 🐛 DEBUG: Found 0 versions in metadata: [] INFO
[2026-01-01 11:45:03.412] 🐛 DEBUG: Found 0 versions in HDF5: [] INFO
2026-01-01 11:45:03,412 - System.tprint - INFO - ℹ️ 🐛 DEBUG: Found 0 versions in HDF5: [] INFO
2026-01-01 11:45:03,413 - System.ArtifactManager - WARNING - ⚠️ Artifact not found: ohlcv_data
2026-01-01 11:45:03,413 - System.ArtifactManager - INFO - ℹ️ 📁 Context set: step=meta_labeling_hpo_sample_weighted, symbol=None, exchange=None, timeframe=None, datetime=2026-01-01 11:45:02.986611, information=None, direction=long, model=Analyst
[2026-01-01 11:45:03.414] ⚠️ Artifact 'ohlcv_data' not found in any storage | UNKNOWN/binance [15m] long/analyst
2026-01-01 11:45:03,414 - System.tprint - INFO - ℹ️ ⚠️ Artifact 'ohlcv_data' not found in any storage | UNKNOWN/binance [15m] long/analyst
2026-01-01 11:45:03,414 - System.ArtifactManager - INFO - ℹ️ 📁 Context set: step=meta_labeling_hpo_sample_weighted, symbol=None, exchange=None, timeframe=None, datetime=2026-01-01 11:45:02.986611, information=None, direction=long, model=Analyst
[2026-01-01 11:45:03.414] 📥 BASESTEP historical load: symbol=ETHUSDT, exchange=binance, timeframe=15m, execution_mode=full, start_date=2024-01-01, end_date=2024-12-31 INFO
2026-01-01 11:45:03,414 - System.tprint - INFO - ℹ️ 📥 BASESTEP historical load: symbol=ETHUSDT, exchange=binance, timeframe=15m, execution_mode=full, start_date=2024-01-01, end_date=2024-12-31 INFO
2026-01-01 11:45:03,423 - System.KlinesParquetManager - INFO - ℹ️ ✅ KlinesParquetManager initialized with base_dir: historical_data
[2026-01-01 11:45:03.428] 📁 BASESTEP probe: 51 files for ETHUSDT 15m (sample: historical_data/binance/ethusdt/processed/ethusdt_15m/year=2021/month=10/3b08e855a9c24b019d7c633963954045-0.parquet ... historical_data/binance/ethusdt/processed/ethusdt_15m/year=2025/month=9/3b08e855a9c24b019d7c633963954045-0.parquet) INFO
2026-01-01 11:45:03,428 - System.tprint - INFO - ℹ️ 📁 BASESTEP probe: 51 files for ETHUSDT 15m (sample: historical_data/binance/ethusdt/processed/ethusdt_15m/year=2021/month=10/3b08e855a9c24b019d7c633963954045-0.parquet ... historical_data/binance/ethusdt/processed/ethusdt_15m/year=2025/month=9/3b08e855a9c24b019d7c633963954045-0.parquet) INFO
[2026-01-01 11:45:03.428] 📊 load_market_data_or_fail post-historical: type=None, rows=NA INFO
2026-01-01 11:45:03,428 - System.tprint - INFO - ℹ️ 📊 load_market_data_or_fail post-historical: type=None, rows=NA INFO
2026-01-01 11:45:03,428 - System.KlinesParquetManager - INFO - ℹ️ ✅ KlinesParquetManager initialized with base_dir: historical_data
[2026-01-01 11:45:03.428] 🐛 DEBUG [load_klines]: last_n_days=1095, start_time=None, end_time=None INFO
2026-01-01 11:45:03,428 - System.tprint - INFO - ℹ️ 🐛 DEBUG [load_klines]: last_n_days=1095, start_time=None, end_time=None INFO
[2026-01-01 11:45:03.432] 🐛 DEBUG [KlinesParquetManager]: Loading 51 parquet files INFO
2026-01-01 11:45:03,432 - System.tprint - INFO - ℹ️ 🐛 DEBUG [KlinesParquetManager]: Loading 51 parquet files INFO
2026-01-01 11:45:03,780 - System.ParquetUtils - INFO - ℹ️ ✅ Read parquet: 3b08e855a9c24b019d7c633963954045-0.parquet -> (104, 9)
[2026-01-01 11:45:03.785] 🐛 DEBUG [KlinesParquetManager]: File 1/51: historical_data/binance/ethusdt/processed/ethusdt_15m/year=2021/month=10/3b08e855a9c24b019d7c633963954045-0.parquet - 104 rows, span=(2021-10-30 22:00:00, 2021-10-31 23:45:00) INFO
2026-01-01 11:45:03,786 - System.tprint - INFO - ℹ️ 🐛 DEBUG [KlinesParquetManager]: File 1/51: historical_data/binance/ethusdt/processed/ethusdt_15m/year=2021/month=10/3b08e855a9c24b019d7c633963954045-0.parquet - 104 rows, span=(2021-10-30 22:00:00, 2021-10-31 23:45:00) INFO
2026-01-01 11:45:03,797 - System.ParquetUtils - INFO - ℹ️ ✅ Read parquet: 3b08e855a9c24b019d7c633963954045-0.parquet -> (2880, 9)
[2026-01-01 11:45:03.797] 🐛 DEBUG [KlinesParquetManager]: File 2/51: historical_data/binance/ethusdt/processed/ethusdt_15m/year=2021/month=11/3b08e855a9c24b019d7c633963954045-0.parquet - 2880 rows, span=(2021-11-01 00:00:00, 2021-11-30 23:45:00) INFO
2026-01-01 11:45:03,798 - System.tprint - INFO - ℹ️ 🐛 DEBUG [KlinesParquetManager]: File 2/51: historical_data/binance/ethusdt/processed/ethusdt_15m/year=2021/month=11/3b08e855a9c24b019d7c633963954045-0.parquet - 2880 rows, span=(2021-11-01 00:00:00, 2021-11-30 23:45:00) INFO
2026-01-01 11:45:03,805 - System.ParquetUtils - INFO - ℹ️ ✅ Read parquet: 3b08e855a9c24b019d7c633963954045-0.parquet -> (2976, 9)
[2026-01-01 11:45:03.805] 🐛 DEBUG [KlinesParquetManager]: File 3/51: historical_data/binance/ethusdt/processed/ethusdt_15m/year=2021/month=12/3b08e855a9c24b019d7c633963954045-0.parquet - 2976 rows, span=(2021-12-01 00:00:00, 2021-12-31 23:45:00) INFO
2026-01-01 11:45:03,805 - System.tprint - INFO - ℹ️ 🐛 DEBUG [KlinesParquetManager]: File 3/51: historical_data/binance/ethusdt/processed/ethusdt_15m/year=2021/month=12/3b08e855a9c24b019d7c633963954045-0.parquet - 2976 rows, span=(2021-12-01 00:00:00, 2021-12-31 23:45:00) INFO
2026-01-01 11:45:03,813 - System.ParquetUtils - INFO - ℹ️ ✅ Read parquet: 3b08e855a9c24b019d7c633963954045-0.parquet -> (2976, 9)
2026-01-01 11:45:03,820 - System.ParquetUtils - INFO - ℹ️ ✅ Read parquet: 3b08e855a9c24b019d7c633963954045-0.parquet -> (2976, 9)
2026-01-01 11:45:03,828 - System.ParquetUtils - INFO - ℹ️ ✅ Read parquet: 3b08e855a9c24b019d7c633963954045-0.parquet -> (2877, 9)
2026-01-01 11:45:03,835 - System.ParquetUtils - INFO - ℹ️ ✅ Read parquet: 3b08e855a9c24b019d7c633963954045-0.parquet -> (2047, 9)
2026-01-01 11:45:03,839 - System.ParquetUtils - INFO - ℹ️ ✅ Read parquet: 3b08e855a9c24b019d7c633963954045-0.parquet -> (2688, 9)
2026-01-01 11:45:03,845 - System.ParquetUtils - INFO - ℹ️ ✅ Read parquet: 3b08e855a9c24b019d7c633963954045-0.parquet -> (2976, 9)
2026-01-01 11:45:03,854 - System.ParquetUtils - INFO - ℹ️ ✅ Read parquet: 3b08e855a9c24b019d7c633963954045-0.parquet -> (2880, 9)
2026-01-01 11:45:03,858 - System.ParquetUtils - INFO - ℹ️ ✅ Read parquet: 3b08e855a9c24b019d7c633963954045-0.parquet -> (2976, 9)
2026-01-01 11:45:03,863 - System.ParquetUtils - INFO - ℹ️ ✅ Read parquet: 3b08e855a9c24b019d7c633963954045-0.parquet -> (2880, 9)
2026-01-01 11:45:03,870 - System.ParquetUtils - INFO - ℹ️ ✅ Read parquet: 3b08e855a9c24b019d7c633963954045-0.parquet -> (2976, 9)
2026-01-01 11:45:03,875 - System.ParquetUtils - INFO - ℹ️ ✅ Read parquet: 3b08e855a9c24b019d7c633963954045-0.parquet -> (2976, 9)
2026-01-01 11:45:03,879 - System.ParquetUtils - INFO - ℹ️ ✅ Read parquet: 3b08e855a9c24b019d7c633963954045-0.parquet -> (2880, 9)
2026-01-01 11:45:03,884 - System.ParquetUtils - INFO - ℹ️ ✅ Read parquet: 3b08e855a9c24b019d7c633963954045-0.parquet -> (2976, 9)
2026-01-01 11:45:03,888 - System.ParquetUtils - INFO - ℹ️ ✅ Read parquet: 3b08e855a9c24b019d7c633963954045-0.parquet -> (2976, 9)
2026-01-01 11:45:03,892 - System.ParquetUtils - INFO - ℹ️ ✅ Read parquet: 3b08e855a9c24b019d7c633963954045-0.parquet -> (2880, 9)
2026-01-01 11:45:03,896 - System.ParquetUtils - INFO - ℹ️ ✅ Read parquet: 3b08e855a9c24b019d7c633963954045-0.parquet -> (2976, 9)
2026-01-01 11:45:03,900 - System.ParquetUtils - INFO - ℹ️ ✅ Read parquet: 3b08e855a9c24b019d7c633963954045-0.parquet -> (2688, 9)
2026-01-01 11:45:03,905 - System.ParquetUtils - INFO - ℹ️ ✅ Read parquet: 3b08e855a9c24b019d7c633963954045-0.parquet -> (2363, 9)
2026-01-01 11:45:03,910 - System.ParquetUtils - INFO - ℹ️ ✅ Read parquet: 3b08e855a9c24b019d7c633963954045-0.parquet -> (2880, 9)
2026-01-01 11:45:03,916 - System.ParquetUtils - INFO - ℹ️ ✅ Read parquet: 3b08e855a9c24b019d7c633963954045-0.parquet -> (2976, 9)
2026-01-01 11:45:03,920 - System.ParquetUtils - INFO - ℹ️ ✅ Read parquet: 3b08e855a9c24b019d7c633963954045-0.parquet -> (2880, 9)
2026-01-01 11:45:03,924 - System.ParquetUtils - INFO - ℹ️ ✅ Read parquet: 3b08e855a9c24b019d7c633963954045-0.parquet -> (2976, 9)
2026-01-01 11:45:03,928 - System.ParquetUtils - INFO - ℹ️ ✅ Read parquet: 3b08e855a9c24b019d7c633963954045-0.parquet -> (2976, 9)
2026-01-01 11:45:03,934 - System.ParquetUtils - INFO - ℹ️ ✅ Read parquet: 3b08e855a9c24b019d7c633963954045-0.parquet -> (2880, 9)
2026-01-01 11:45:03,939 - System.ParquetUtils - INFO - ℹ️ ✅ Read parquet: 3b08e855a9c24b019d7c633963954045-0.parquet -> (2976, 9)
2026-01-01 11:45:03,945 - System.ParquetUtils - INFO - ℹ️ ✅ Read parquet: 3b08e855a9c24b019d7c633963954045-0.parquet -> (2976, 9)
2026-01-01 11:45:03,949 - System.ParquetUtils - INFO - ℹ️ ✅ Read parquet: 3b08e855a9c24b019d7c633963954045-0.parquet -> (2880, 9)
2026-01-01 11:45:03,956 - System.ParquetUtils - INFO - ℹ️ ✅ Read parquet: 3b08e855a9c24b019d7c633963954045-0.parquet -> (2976, 9)
2026-01-01 11:45:03,963 - System.ParquetUtils - INFO - ℹ️ ✅ Read parquet: 3b08e855a9c24b019d7c633963954045-0.parquet -> (2784, 9)
2026-01-01 11:45:03,972 - System.ParquetUtils - INFO - ℹ️ ✅ Read parquet: 3b08e855a9c24b019d7c633963954045-0.parquet -> (2976, 9)
2026-01-01 11:45:03,978 - System.ParquetUtils - INFO - ℹ️ ✅ Read parquet: 3b08e855a9c24b019d7c633963954045-0.parquet -> (2880, 9)
2026-01-01 11:45:03,985 - System.ParquetUtils - INFO - ℹ️ ✅ Read parquet: 3b08e855a9c24b019d7c633963954045-0.parquet -> (2976, 9)
2026-01-01 11:45:03,993 - System.ParquetUtils - INFO - ℹ️ ✅ Read parquet: 3b08e855a9c24b019d7c633963954045-0.parquet -> (2880, 9)
2026-01-01 11:45:04,001 - System.ParquetUtils - INFO - ℹ️ ✅ Read parquet: 3b08e855a9c24b019d7c633963954045-0.parquet -> (2976, 9)
2026-01-01 11:45:04,011 - System.ParquetUtils - INFO - ℹ️ ✅ Read parquet: 3b08e855a9c24b019d7c633963954045-0.parquet -> (2976, 9)
2026-01-01 11:45:04,017 - System.ParquetUtils - INFO - ℹ️ ✅ Read parquet: 3b08e855a9c24b019d7c633963954045-0.parquet -> (2880, 9)
2026-01-01 11:45:04,023 - System.ParquetUtils - INFO - ℹ️ ✅ Read parquet: 3b08e855a9c24b019d7c633963954045-0.parquet -> (2976, 9)
2026-01-01 11:45:04,027 - System.ParquetUtils - INFO - ℹ️ ✅ Read parquet: 3b08e855a9c24b019d7c633963954045-0.parquet -> (2976, 9)
2026-01-01 11:45:04,031 - System.ParquetUtils - INFO - ℹ️ ✅ Read parquet: 3b08e855a9c24b019d7c633963954045-0.parquet -> (2880, 9)
2026-01-01 11:45:04,034 - System.ParquetUtils - INFO - ℹ️ ✅ Read parquet: 3b08e855a9c24b019d7c633963954045-0.parquet -> (924, 9)
2026-01-01 11:45:04,038 - System.ParquetUtils - INFO - ℹ️ ✅ Read parquet: 3b08e855a9c24b019d7c633963954045-0.parquet -> (2688, 9)
2026-01-01 11:45:04,041 - System.ParquetUtils - INFO - ℹ️ ✅ Read parquet: 3b08e855a9c24b019d7c633963954045-0.parquet -> (2976, 9)
2026-01-01 11:45:04,046 - System.ParquetUtils - INFO - ℹ️ ✅ Read parquet: 3b08e855a9c24b019d7c633963954045-0.parquet -> (2880, 9)
2026-01-01 11:45:04,050 - System.ParquetUtils - INFO - ℹ️ ✅ Read parquet: 3b08e855a9c24b019d7c633963954045-0.parquet -> (2976, 9)
2026-01-01 11:45:04,053 - System.ParquetUtils - INFO - ℹ️ ✅ Read parquet: 3b08e855a9c24b019d7c633963954045-0.parquet -> (2880, 9)
2026-01-01 11:45:04,058 - System.ParquetUtils - INFO - ℹ️ ✅ Read parquet: 3b08e855a9c24b019d7c633963954045-0.parquet -> (2976, 9)
[2026-01-01 11:45:04.058] 🐛 DEBUG [KlinesParquetManager]: File 49/51: historical_data/binance/ethusdt/processed/ethusdt_15m/year=2025/month=7/3b08e855a9c24b019d7c633963954045-0.parquet - 2976 rows, span=(2025-07-01 00:00:00, 2025-07-31 23:45:00) INFO
2026-01-01 11:45:04,058 - System.tprint - INFO - ℹ️ 🐛 DEBUG [KlinesParquetManager]: File 49/51: historical_data/binance/ethusdt/processed/ethusdt_15m/year=2025/month=7/3b08e855a9c24b019d7c633963954045-0.parquet - 2976 rows, span=(2025-07-01 00:00:00, 2025-07-31 23:45:00) INFO
2026-01-01 11:45:04,062 - System.ParquetUtils - INFO - ℹ️ ✅ Read parquet: 3b08e855a9c24b019d7c633963954045-0.parquet -> (2976, 9)
[2026-01-01 11:45:04.062] 🐛 DEBUG [KlinesParquetManager]: File 50/51: historical_data/binance/ethusdt/processed/ethusdt_15m/year=2025/month=8/3b08e855a9c24b019d7c633963954045-0.parquet - 2976 rows, span=(2025-08-01 00:00:00, 2025-08-31 23:45:00) INFO
2026-01-01 11:45:04,062 - System.tprint - INFO - ℹ️ 🐛 DEBUG [KlinesParquetManager]: File 50/51: historical_data/binance/ethusdt/processed/ethusdt_15m/year=2025/month=8/3b08e855a9c24b019d7c633963954045-0.parquet - 2976 rows, span=(2025-08-01 00:00:00, 2025-08-31 23:45:00) INFO
2026-01-01 11:45:04,068 - System.ParquetUtils - INFO - ℹ️ ✅ Read parquet: 3b08e855a9c24b019d7c633963954045-0.parquet -> (2880, 9)
[2026-01-01 11:45:04.069] 🐛 DEBUG [KlinesParquetManager]: File 51/51: historical_data/binance/ethusdt/processed/ethusdt_15m/year=2025/month=9/3b08e855a9c24b019d7c633963954045-0.parquet - 2880 rows, span=(2025-09-01 00:00:00, 2025-09-30 23:45:00) INFO
2026-01-01 11:45:04,069 - System.tprint - INFO - ℹ️ 🐛 DEBUG [KlinesParquetManager]: File 51/51: historical_data/binance/ethusdt/processed/ethusdt_15m/year=2025/month=9/3b08e855a9c24b019d7c633963954045-0.parquet - 2880 rows, span=(2025-09-01 00:00:00, 2025-09-30 23:45:00) INFO
[2026-01-01 11:45:04.069] 🐛 DEBUG [KlinesParquetManager]: Successfully loaded 51 dataframes, combining... INFO
2026-01-01 11:45:04,069 - System.tprint - INFO - ℹ️ 🐛 DEBUG [KlinesParquetManager]: Successfully loaded 51 dataframes, combining... INFO
[2026-01-01 11:45:04.076] 🐛 DEBUG [KlinesParquetManager]: Combined shape before filtering: (142619, 9) INFO
2026-01-01 11:45:04,076 - System.tprint - INFO - ℹ️ 🐛 DEBUG [KlinesParquetManager]: Combined shape before filtering: (142619, 9) INFO
[2026-01-01 11:45:04.076] 🔧 TIMEZONE: Index timezone: None INFO
2026-01-01 11:45:04,076 - System.tprint - INFO - ℹ️ 🔧 TIMEZONE: Index timezone: None INFO
[2026-01-01 11:45:04.100] 🐛 DEBUG [KlinesParquetManager]: Before duplicate removal: 142619 rows INFO
2026-01-01 11:45:04,100 - System.tprint - INFO - ℹ️ 🐛 DEBUG [KlinesParquetManager]: Before duplicate removal: 142619 rows INFO
[2026-01-01 11:45:04.105] 🐛 DEBUG [KlinesParquetManager]: Duplicated timestamps: 0 INFO
2026-01-01 11:45:04,106 - System.tprint - INFO - ℹ️ 🐛 DEBUG [KlinesParquetManager]: Duplicated timestamps: 0 INFO
[2026-01-01 11:45:04.107] 🐛 DEBUG [KlinesParquetManager]: Unique timestamps: 142619 INFO
2026-01-01 11:45:04,107 - System.tprint - INFO - ℹ️ 🐛 DEBUG [KlinesParquetManager]: Unique timestamps: 142619 INFO
[2026-01-01 11:45:04.115] 🐛 DEBUG [KlinesParquetManager]: After duplicate removal: 142619 rows INFO
2026-01-01 11:45:04,115 - System.tprint - INFO - ℹ️ 🐛 DEBUG [KlinesParquetManager]: After duplicate removal: 142619 rows INFO
[2026-01-01 11:45:04.115] 🐛 DEBUG [KlinesParquetManager]: start_time=None, end_time=None INFO
2026-01-01 11:45:04,116 - System.tprint - INFO - ℹ️ 🐛 DEBUG [KlinesParquetManager]: start_time=None, end_time=None INFO
[2026-01-01 11:45:04.116] 🐛 DEBUG [KlinesParquetManager]: Final combined_df shape: (142619, 9) INFO
2026-01-01 11:45:04,116 - System.tprint - INFO - ℹ️ 🐛 DEBUG [KlinesParquetManager]: Final combined_df shape: (142619, 9) INFO
[2026-01-01 11:45:04.116] 🐛 DEBUG [KlinesParquetManager]: Date range: 2021-10-30 22:00:00 to 2025-12-10 14:45:00 INFO
2026-01-01 11:45:04,117 - System.tprint - INFO - ℹ️ 🐛 DEBUG [KlinesParquetManager]: Date range: 2021-10-30 22:00:00 to 2025-12-10 14:45:00 INFO
2026-01-01 11:45:04,140 - src.utils.kline_parquet - INFO - ℹ️ load_klines executed in 711.90ms
[2026-01-01 11:45:04.140] 📊 Fallback load: type=DataFrame, rows=104508, days=1095 INFO
2026-01-01 11:45:04,140 - System.tprint - INFO - ℹ️ 📊 Fallback load: type=DataFrame, rows=104508, days=1095 INFO
2026-01-01 11:45:04,556 - src.utils.ml_common.optimization.execution_mode_adapter - INFO - ℹ️ 🚀 FULL mode: Using full HPO trials=50, cv_folds=3
2026-01-01 11:45:04,557 - src.utils.hardware.unified_hardware_manager.UnifiedHardwareManager - INFO - ℹ️ ✅ Unified Hardware Manager fully initialized
2026-01-01 11:45:04,557 - src.utils.hardware.unified_hardware_manager.HardwarePerformanceMonitor - INFO - ℹ️ 🔧 Switched back to normal thresholds
2026-01-01 11:45:04,557 - src.utils.hardware.unified_hardware_manager.UnifiedHardwareManager - INFO - ℹ️ 🔧 Switched back to normal thresholds
2026-01-01 11:45:04,557 - src.utils.matrix_operations.hardware_integration.HardwareOptimizedMatrixProcessor - INFO - ℹ️ ✅ M1 GPU acceleration available
2026-01-01 11:45:04,557 - src.utils.hardware.m1_memory_optimizer.M1MemoryOptimizer - INFO - ℹ️ 🧠 Memory limit set to 8.0 GB (8589934592.0 bytes)
2026-01-01 11:45:04,592 - src.utils.hardware.m1_memory_optimizer.M1MemoryOptimizer - INFO - ℹ️ 🧠 M1 Memory Optimizer initialized for M1
2026-01-01 11:45:04,594 - src.utils.matrix_operations.hardware_integration.HardwareOptimizedMatrixProcessor - INFO - ℹ️ ✅ M1 Memory optimizer initialized
2026-01-01 11:45:04,594 - src.utils.matrix_operations.hardware_integration.HardwareOptimizedMatrixProcessor - INFO - ℹ️ ✅ M1 CPU optimizer initialized
2026-01-01 11:45:04,595 - src.utils.matrix_operations.hardware_integration.HardwareOptimizedMatrixProcessor - INFO - ℹ️ ✅ Memory monitor initialized
2026-01-01 11:45:04,595 - src.utils.matrix_operations.hardware_integration.HardwareOptimizedMatrixProcessor - INFO - ℹ️ 🚀 Hardware-Optimized Matrix Processor initialized
2026-01-01 11:45:04,595 - src.utils.matrix_operations.hardware_integration.HardwareOptimizedMatrixProcessor - INFO - ℹ️ 🖥️ GPU Info: {'is_m1': True, 'm1_generation': 'm1', 'mps_available': True, 'gpu_memory': 'Shared system memory', 'gpu_name': 'Apple Silicon GPU (MPS) - M1', 'compatibility_mode': 'legacy_m1', 'fallback_available': True, 'device': 'mps'}
2026-01-01 11:45:04,596 - src.utils.matrix_operations.hardware_integration.HardwareOptimizedMatrixProcessor - INFO - ℹ️ 💻 CPU Info: {'is_m1': True, 'm1_generation': 'm1', 'total_cores': 8, 'performance_cores': 4, 'efficiency_cores': 4, 'optimal_workers': 4, 'architecture': 'arm64', 'm1_optimizations_enabled': True, 'legacy_mode': False, 'compatibility_mode': 'auto', 'version': '2.0.0'}
2026-01-01 11:45:04,596 - src.utils.matrix_operations.hardware_integration.HardwareOptimizedMatrixProcessor - INFO - ℹ️ 🧠 Memory Stats: {'current_mb': 353.046875, 'peak_mb': 353.046875, 'usage_percentage': 4.310417175292969, 'max_mb': 8192.0, 'is_pressure': False, 'is_critical': False, 'history_count': 4}
2026-01-01 11:45:04,620 - src.utils.hardware.m1_memory_optimizer.M1MemoryOptimizer - INFO - ℹ️ 🧠 M1 Memory Optimizer initialized for M1
2026-01-01 11:45:04,621 - src.utils.matrix_operations.batch_operations - INFO - ℹ️ ✅ Batch matrix processor initialized with M1 optimization
2026-01-01 11:45:04,621 - BayesianTPEOptimizer - INFO - ℹ️ ✅ Hardware optimization components initialized
2026-01-01 11:45:04,622 - BayesianTPEOptimizer - INFO - ℹ️ ✅ VectorBT Rolling Optimizer initialized
2026-01-01 11:45:04,622 - src.feature_generation.utils.unified_vectorization_manager - WARNING - ⚠️ GPU not available, disabling GPU optimizations
2026-01-01 11:45:04,622 - BayesianTPEOptimizer - INFO - ℹ️ ✅ Enhanced Unified Vectorization Manager initialized
2026-01-01 11:45:04,622 - BayesianTPEOptimizer - INFO - ℹ️ 🚀 VectorBT GPU acceleration enabled
2026-01-01 11:45:04,622 - BayesianTPEOptimizer - INFO - ℹ️ ✅ VectorBT optimization components initialized
2026-01-01 11:45:04,622 - BayesianTPEOptimizer - INFO - ℹ️ ✅ VectorBT-Optimized BayesianTPEOptimizer initialized
2026-01-01 11:45:04,623 - BayesianTPEOptimizer - INFO - ℹ️    → Hardware optimization: Enabled
2026-01-01 11:45:04,623 - BayesianTPEOptimizer - INFO - ℹ️    → VectorBT optimization: Enabled
2026-01-01 11:45:04,623 - BayesianTPEOptimizer - INFO - ℹ️ 🚀 Starting staged TPE optimization
2026-01-01 11:45:04,623 - BayesianTPEOptimizer - INFO - ℹ️    Search space: ['kalman_Q', 'kalman_R', 'volume_weight', 'volume_adaptive']
2026-01-01 11:45:04,623 - BayesianTPEOptimizer - INFO - ℹ️    Stages: Coarse Fine TPE
2026-01-01 11:45:04,623 - BayesianTPEOptimizer - INFO - ℹ️ 🔍 Stage 1: VectorBT-optimized coarse grid search
2026-01-01 11:45:04,624 - src.utils.hardware.unified_hardware_manager.HardwarePerformanceMonitor - INFO - ℹ️ 🔧 Switched back to normal thresholds
2026-01-01 11:45:04,624 - src.utils.hardware.unified_hardware_manager.UnifiedHardwareManager - INFO - ℹ️ 🔧 Switched back to normal thresholds
2026-01-01 11:45:04,627 - BayesianTPEOptimizer - INFO - ℹ️    Generated 54 coarse grid points
2026-01-01 11:45:04,627 - BayesianTPEOptimizer - INFO - ℹ️ 🔄 Batch evaluating 54 coarse grid points
2026-01-01 11:45:05,232 - src.utils.hardware.m1_memory_optimizer.M1MemoryOptimizer - INFO - ℹ️ 🧹 Moderate cleanup: 3560 objects collected
2026-01-01 11:45:16,805 - BayesianTPEOptimizer - INFO - ℹ️    Batch evaluation completed in 12.18s
2026-01-01 11:45:16,805 - BayesianTPEOptimizer - INFO - ℹ️    Evaluations/sec: 4.4
2026-01-01 11:45:16,805 - BayesianTPEOptimizer - INFO - ℹ️    Hardware acceleration: Enabled
2026-01-01 11:45:16,806 - BayesianTPEOptimizer - INFO - ℹ️    Coarse grid: 54 trials, best: 0.7532
2026-01-01 11:45:16,806 - BayesianTPEOptimizer - INFO - ℹ️    Coarse grid best params: {'kalman_Q': 3.1622776601683795e-05, 'kalman_R': 0.00031622776601683794, 'volume_weight': 0.0, 'volume_adaptive': True}
2026-01-01 11:45:16,806 - BayesianTPEOptimizer - INFO - ℹ️ 🔍 Stage 2: VectorBT-optimized fine grid search
2026-01-01 11:45:16,806 - src.utils.hardware.unified_hardware_manager.HardwarePerformanceMonitor - INFO - ℹ️ 🔧 Switched to intensive workload thresholds
2026-01-01 11:45:16,806 - src.utils.hardware.unified_hardware_manager.UnifiedHardwareManager - INFO - ℹ️ 🔧 Switched to intensive workload thresholds
2026-01-01 11:45:16,806 - BayesianTPEOptimizer - INFO - ℹ️    Generated 54 fine grid points
2026-01-01 11:45:16,807 - BayesianTPEOptimizer - INFO - ℹ️ 🔄 Batch evaluating 54 fine grid points
2026-01-01 11:45:28,505 - BayesianTPEOptimizer - INFO - ℹ️    Batch evaluation completed in 11.70s
2026-01-01 11:45:28,506 - BayesianTPEOptimizer - INFO - ℹ️    Evaluations/sec: 4.6
2026-01-01 11:45:28,506 - BayesianTPEOptimizer - INFO - ℹ️    Hardware acceleration: Enabled
2026-01-01 11:45:28,507 - BayesianTPEOptimizer - INFO - ℹ️    Fine grid: 54 trials, best: 0.7597
2026-01-01 11:45:28,507 - BayesianTPEOptimizer - INFO - ℹ️    Fine grid best params: {'kalman_Q': 1.415331084114304e-05, 'kalman_R': 0.0001425343038219812, 'volume_weight': 0.0, 'volume_adaptive': True}
2026-01-01 11:45:28,507 - BayesianTPEOptimizer - INFO - ℹ️ 🔍 Stage 2.5: VectorBT adaptive grid refinement
2026-01-01 11:45:28,507 - BayesianTPEOptimizer - INFO - ℹ️    Skipping adaptive refinement - convergence criteria not met
2026-01-01 11:45:28,508 - BayesianTPEOptimizer - INFO - ℹ️ ✅ Staged TPE optimization completed in 23.89s
2026-01-01 11:45:28,508 - BayesianTPEOptimizer - INFO - ℹ️    Best value: 0.7532
2026-01-01 11:45:28,508 - BayesianTPEOptimizer - INFO - ℹ️    Best params: {'kalman_Q': 3.1622776601683795e-05, 'kalman_R': 0.00031622776601683794, 'volume_weight': 0.0, 'volume_adaptive': True}
2026-01-01 11:45:28,509 - BayesianTPEOptimizer - INFO - ℹ️    Total trials: 108
[2026-01-01 11:45:30.620] 🛠️ Initialized BaseStep for 'label_based_layer_2'
2026-01-01 11:45:30,620 - System.tprint - INFO - ℹ️ 🛠️ Initialized BaseStep for 'label_based_layer_2'
2026-01-01 11:45:34,723 - src.utils.hardware.m1_memory_optimizer.M1MemoryOptimizer - INFO - ℹ️ 🧹 Moderate cleanup: 446 objects collected
2026-01-01 11:45:40,468 - src.utils.hardware.m1_memory_optimizer.M1MemoryOptimizer - INFO - ℹ️ 🧹 Moderate cleanup: 308 objects collected
2026-01-01 11:45:46,118 - src.utils.hardware.m1_memory_optimizer.M1MemoryOptimizer - INFO - ℹ️ 🧹 Moderate cleanup: 308 objects collected
2026-01-01 11:45:52,023 - src.utils.hardware.m1_memory_optimizer.M1MemoryOptimizer - INFO - ℹ️ 🧹 Moderate cleanup: 242 objects collected
2026-01-01 11:45:57,955 - src.utils.hardware.m1_memory_optimizer.M1MemoryOptimizer - INFO - ℹ️ 🧹 Moderate cleanup: 396 objects collected
2026-01-01 11:46:03,313 - src.utils.hardware.m1_memory_optimizer.M1MemoryOptimizer - INFO - ℹ️ 🧹 Moderate cleanup: 550 objects collected
2026-01-01 11:46:08,704 - src.utils.hardware.m1_memory_optimizer.M1MemoryOptimizer - INFO - ℹ️ 🧹 Moderate cleanup: 440 objects collected
2026-01-01 11:46:14,062 - src.utils.hardware.m1_memory_optimizer.M1MemoryOptimizer - INFO - ℹ️ 🧹 Moderate cleanup: 484 objects collected
2026-01-01 11:46:19,540 - src.utils.hardware.m1_memory_optimizer.M1MemoryOptimizer - INFO - ℹ️ 🧹 Moderate cleanup: 682 objects collected
2026-01-01 11:46:25,026 - src.utils.hardware.m1_memory_optimizer.M1MemoryOptimizer - INFO - ℹ️ 🧹 Moderate cleanup: 572 objects collected
[2026-01-01 11:46:34.508] WARNING: ❌ [VOL_CUSUM] Gates Failed: Sample: 91806/86.30/d [OK] | Bal: 9.2% [FAIL] | Jaccard: 0.96 [OK] | ANOVA: p=0.00 [OK] | MI: 0.0081 [OK]
2026-01-01 11:46:34,508 - System.tprint - WARNING - ⚠️ ❌ [VOL_CUSUM] Gates Failed: Sample: 91806/86.30/d [OK] | Bal: 9.2% [FAIL] | Jaccard: 0.96 [OK] | ANOVA: p=0.00 [OK] | MI: 0.0081 [OK]
[2026-01-01 11:46:35.166] WARNING: ❌ [VOL_CUSUM] Gates Failed: Sample: 91806/86.30/d [OK] | Bal: 9.2% [FAIL] | Jaccard: 0.96 [OK] | ANOVA: p=0.00 [OK] | MI: 0.0081 [OK]
2026-01-01 11:46:35,167 - System.tprint - WARNING - ⚠️ ❌ [VOL_CUSUM] Gates Failed: Sample: 91806/86.30/d [OK] | Bal: 9.2% [FAIL] | Jaccard: 0.96 [OK] | ANOVA: p=0.00 [OK] | MI: 0.0081 [OK]
[2026-01-01 11:46:35.716] WARNING: ❌ [VOL_CUSUM] Gates Failed: Sample: 91806/86.30/d [OK] | Bal: 9.2% [FAIL] | Jaccard: 0.96 [OK] | ANOVA: p=0.00 [OK] | MI: 0.0081 [OK]
2026-01-01 11:46:35,716 - System.tprint - WARNING - ⚠️ ❌ [VOL_CUSUM] Gates Failed: Sample: 91806/86.30/d [OK] | Bal: 9.2% [FAIL] | Jaccard: 0.96 [OK] | ANOVA: p=0.00 [OK] | MI: 0.0081 [OK]
[2026-01-01 11:46:37.845] WARNING: ❌ [VOL_CUSUM] Gates Failed: Sample: 91806/86.30/d [OK] | Bal: 9.2% [FAIL] | Jaccard: 0.96 [OK] | ANOVA: p=0.00 [OK] | MI: 0.0081 [OK]
2026-01-01 11:46:37,845 - System.tprint - WARNING - ⚠️ ❌ [VOL_CUSUM] Gates Failed: Sample: 91806/86.30/d [OK] | Bal: 9.2% [FAIL] | Jaccard: 0.96 [OK] | ANOVA: p=0.00 [OK] | MI: 0.0081 [OK]
[2026-01-01 11:46:38.454] WARNING: ❌ [VOL_CUSUM] Gates Failed: Sample: 91806/86.30/d [OK] | Bal: 9.2% [FAIL] | Jaccard: 0.96 [OK] | ANOVA: p=0.00 [OK] | MI: 0.0081 [OK]
2026-01-01 11:46:38,455 - System.tprint - WARNING - ⚠️ ❌ [VOL_CUSUM] Gates Failed: Sample: 91806/86.30/d [OK] | Bal: 9.2% [FAIL] | Jaccard: 0.96 [OK] | ANOVA: p=0.00 [OK] | MI: 0.0081 [OK]
[2026-01-01 11:46:38.907] WARNING: ❌ [VOL_CUSUM] Gates Failed: Sample: 91806/86.30/d [OK] | Bal: 9.2% [FAIL] | Jaccard: 0.96 [OK] | ANOVA: p=0.00 [OK] | MI: 0.0081 [OK]
2026-01-01 11:46:38,907 - System.tprint - WARNING - ⚠️ ❌ [VOL_CUSUM] Gates Failed: Sample: 91806/86.30/d [OK] | Bal: 9.2% [FAIL] | Jaccard: 0.96 [OK] | ANOVA: p=0.00 [OK] | MI: 0.0081 [OK]
[2026-01-01 11:46:40.826] WARNING: ❌ [VOL_CUSUM] Gates Failed: Sample: 91806/86.30/d [OK] | Bal: 8.4% [FAIL] | Jaccard: 0.96 [OK] | ANOVA: p=0.00 [OK] | MI: 0.0102 [OK]
2026-01-01 11:46:40,826 - System.tprint - WARNING - ⚠️ ❌ [VOL_CUSUM] Gates Failed: Sample: 91806/86.30/d [OK] | Bal: 8.4% [FAIL] | Jaccard: 0.96 [OK] | ANOVA: p=0.00 [OK] | MI: 0.0102 [OK]
[2026-01-01 11:46:41.235] WARNING: ❌ [VOL_CUSUM] Gates Failed: Sample: 91806/86.30/d [OK] | Bal: 8.4% [FAIL] | Jaccard: 0.96 [OK] | ANOVA: p=0.00 [OK] | MI: 0.0102 [OK]
2026-01-01 11:46:41,236 - System.tprint - WARNING - ⚠️ ❌ [VOL_CUSUM] Gates Failed: Sample: 91806/86.30/d [OK] | Bal: 8.4% [FAIL] | Jaccard: 0.96 [OK] | ANOVA: p=0.00 [OK] | MI: 0.0102 [OK]
[2026-01-01 11:46:42.359] WARNING: ❌ [VOL_CUSUM] Gates Failed: Sample: 91806/86.30/d [OK] | Bal: 8.4% [FAIL] | Jaccard: 0.96 [OK] | ANOVA: p=0.00 [OK] | MI: 0.0102 [OK]
2026-01-01 11:46:42,360 - System.tprint - WARNING - ⚠️ ❌ [VOL_CUSUM] Gates Failed: Sample: 91806/86.30/d [OK] | Bal: 8.4% [FAIL] | Jaccard: 0.96 [OK] | ANOVA: p=0.00 [OK] | MI: 0.0102 [OK]
[2026-01-01 11:46:47.711] WARNING: ❌ [VOL_CUSUM] Gates Failed: Sample: 91806/86.30/d [OK] | Bal: 8.4% [FAIL] | Jaccard: 0.96 [OK] | ANOVA: p=0.00 [OK] | MI: 0.0102 [OK]
2026-01-01 11:46:47,712 - System.tprint - WARNING - ⚠️ ❌ [VOL_CUSUM] Gates Failed: Sample: 91806/86.30/d [OK] | Bal: 8.4% [FAIL] | Jaccard: 0.96 [OK] | ANOVA: p=0.00 [OK] | MI: 0.0102 [OK]
[2026-01-01 11:46:48.417] WARNING: ❌ [VOL_CUSUM] Gates Failed: Sample: 91806/86.30/d [OK] | Bal: 8.4% [FAIL] | Jaccard: 0.96 [OK] | ANOVA: p=0.00 [OK] | MI: 0.0102 [OK]
2026-01-01 11:46:48,417 - System.tprint - WARNING - ⚠️ ❌ [VOL_CUSUM] Gates Failed: Sample: 91806/86.30/d [OK] | Bal: 8.4% [FAIL] | Jaccard: 0.96 [OK] | ANOVA: p=0.00 [OK] | MI: 0.0102 [OK]
[2026-01-01 11:46:49.460] WARNING: ❌ [VOL_CUSUM] Gates Failed: Sample: 91806/86.30/d [OK] | Bal: 8.4% [FAIL] | Jaccard: 0.96 [OK] | ANOVA: p=0.00 [OK] | MI: 0.0102 [OK]
2026-01-01 11:46:49,460 - System.tprint - WARNING - ⚠️ ❌ [VOL_CUSUM] Gates Failed: Sample: 91806/86.30/d [OK] | Bal: 8.4% [FAIL] | Jaccard: 0.96 [OK] | ANOVA: p=0.00 [OK] | MI: 0.0102 [OK]
[2026-01-01 11:46:51.170] WARNING: ❌ [VOL_CUSUM] Gates Failed: Sample: 91806/86.30/d [OK] | Bal: 7.8% [FAIL] | Jaccard: 0.96 [OK] | ANOVA: p=0.00 [OK] | MI: 0.0093 [OK]
2026-01-01 11:46:51,170 - System.tprint - WARNING - ⚠️ ❌ [VOL_CUSUM] Gates Failed: Sample: 91806/86.30/d [OK] | Bal: 7.8% [FAIL] | Jaccard: 0.96 [OK] | ANOVA: p=0.00 [OK] | MI: 0.0093 [OK]
[2026-01-01 11:46:52.204] WARNING: ❌ [VOL_CUSUM] Gates Failed: Sample: 91806/86.30/d [OK] | Bal: 7.8% [FAIL] | Jaccard: 0.96 [OK] | ANOVA: p=0.00 [OK] | MI: 0.0093 [OK]
2026-01-01 11:46:52,205 - System.tprint - WARNING - ⚠️ ❌ [VOL_CUSUM] Gates Failed: Sample: 91806/86.30/d [OK] | Bal: 7.8% [FAIL] | Jaccard: 0.96 [OK] | ANOVA: p=0.00 [OK] | MI: 0.0093 [OK]
[2026-01-01 11:46:52.693] WARNING: ❌ [VOL_CUSUM] Gates Failed: Sample: 91806/86.30/d [OK] | Bal: 7.8% [FAIL] | Jaccard: 0.96 [OK] | ANOVA: p=0.00 [OK] | MI: 0.0093 [OK]
2026-01-01 11:46:52,693 - System.tprint - WARNING - ⚠️ ❌ [VOL_CUSUM] Gates Failed: Sample: 91806/86.30/d [OK] | Bal: 7.8% [FAIL] | Jaccard: 0.96 [OK] | ANOVA: p=0.00 [OK] | MI: 0.0093 [OK]
[2026-01-01 11:46:56.834] WARNING: ❌ [VOL_CUSUM] Gates Failed: Sample: 91806/86.30/d [OK] | Bal: 7.8% [FAIL] | Jaccard: 0.96 [OK] | ANOVA: p=0.00 [OK] | MI: 0.0093 [OK]
2026-01-01 11:46:56,835 - System.tprint - WARNING - ⚠️ ❌ [VOL_CUSUM] Gates Failed: Sample: 91806/86.30/d [OK] | Bal: 7.8% [FAIL] | Jaccard: 0.96 [OK] | ANOVA: p=0.00 [OK] | MI: 0.0093 [OK]
[2026-01-01 11:46:57.492] WARNING: ❌ [VOL_CUSUM] Gates Failed: Sample: 91806/86.30/d [OK] | Bal: 7.8% [FAIL] | Jaccard: 0.96 [OK] | ANOVA: p=0.00 [OK] | MI: 0.0093 [OK]
2026-01-01 11:46:57,492 - System.tprint - WARNING - ⚠️ ❌ [VOL_CUSUM] Gates Failed: Sample: 91806/86.30/d [OK] | Bal: 7.8% [FAIL] | Jaccard: 0.96 [OK] | ANOVA: p=0.00 [OK] | MI: 0.0093 [OK]
[2026-01-01 11:46:58.677] WARNING: ❌ [VOL_CUSUM] Gates Failed: Sample: 91806/86.30/d [OK] | Bal: 7.8% [FAIL] | Jaccard: 0.96 [OK] | ANOVA: p=0.00 [OK] | MI: 0.0093 [OK]
2026-01-01 11:46:58,678 - System.tprint - WARNING - ⚠️ ❌ [VOL_CUSUM] Gates Failed: Sample: 91806/86.30/d [OK] | Bal: 7.8% [FAIL] | Jaccard: 0.96 [OK] | ANOVA: p=0.00 [OK] | MI: 0.0093 [OK]
[2026-01-01 11:47:02.482] WARNING: ❌ [VOL_CUSUM] Gates Failed: Sample: 91806/86.30/d [OK] | Bal: 6.6% [FAIL] | Jaccard: 0.96 [OK] | ANOVA: p=0.00 [OK] | MI: 0.0063 [OK]
2026-01-01 11:47:02,483 - System.tprint - WARNING - ⚠️ ❌ [VOL_CUSUM] Gates Failed: Sample: 91806/86.30/d [OK] | Bal: 6.6% [FAIL] | Jaccard: 0.96 [OK] | ANOVA: p=0.00 [OK] | MI: 0.0063 [OK]
[2026-01-01 11:47:03.020] WARNING: ❌ [VOL_CUSUM] Gates Failed: Sample: 91806/86.30/d [OK] | Bal: 6.6% [FAIL] | Jaccard: 0.96 [OK] | ANOVA: p=0.00 [OK] | MI: 0.0063 [OK]
2026-01-01 11:47:03,021 - System.tprint - WARNING - ⚠️ ❌ [VOL_CUSUM] Gates Failed: Sample: 91806/86.30/d [OK] | Bal: 6.6% [FAIL] | Jaccard: 0.96 [OK] | ANOVA: p=0.00 [OK] | MI: 0.0063 [OK]
[2026-01-01 11:47:04.135] WARNING: ❌ [VOL_CUSUM] Gates Failed: Sample: 91806/86.30/d [OK] | Bal: 6.6% [FAIL] | Jaccard: 0.96 [OK] | ANOVA: p=0.00 [OK] | MI: 0.0063 [OK]
2026-01-01 11:47:04,136 - System.tprint - WARNING - ⚠️ ❌ [VOL_CUSUM] Gates Failed: Sample: 91806/86.30/d [OK] | Bal: 6.6% [FAIL] | Jaccard: 0.96 [OK] | ANOVA: p=0.00 [OK] | MI: 0.0063 [OK]
2026-01-01 11:47:06,994 - src.utils.hardware.m1_memory_optimizer.M1MemoryOptimizer - INFO - ℹ️ 🧠 M1 Memory pressure at 0.79
[2026-01-01 11:47:08.957] WARNING: ❌ [VOL_CUSUM] Gates Failed: Sample: 91806/86.30/d [OK] | Bal: 6.6% [FAIL] | Jaccard: 0.96 [OK] | ANOVA: p=0.00 [OK] | MI: 0.0063 [OK]
2026-01-01 11:47:08,957 - System.tprint - WARNING - ⚠️ ❌ [VOL_CUSUM] Gates Failed: Sample: 91806/86.30/d [OK] | Bal: 6.6% [FAIL] | Jaccard: 0.96 [OK] | ANOVA: p=0.00 [OK] | MI: 0.0063 [OK]
[2026-01-01 11:47:09.649] WARNING: ❌ [VOL_CUSUM] Gates Failed: Sample: 91806/86.30/d [OK] | Bal: 6.6% [FAIL] | Jaccard: 0.96 [OK] | ANOVA: p=0.00 [OK] | MI: 0.0063 [OK]
2026-01-01 11:47:09,649 - System.tprint - WARNING - ⚠️ ❌ [VOL_CUSUM] Gates Failed: Sample: 91806/86.30/d [OK] | Bal: 6.6% [FAIL] | Jaccard: 0.96 [OK] | ANOVA: p=0.00 [OK] | MI: 0.0063 [OK]
[2026-01-01 11:47:10.138] WARNING: ❌ [VOL_CUSUM] Gates Failed: Sample: 91806/86.30/d [OK] | Bal: 6.6% [FAIL] | Jaccard: 0.96 [OK] | ANOVA: p=0.00 [OK] | MI: 0.0063 [OK]
2026-01-01 11:47:10,138 - System.tprint - WARNING - ⚠️ ❌ [VOL_CUSUM] Gates Failed: Sample: 91806/86.30/d [OK] | Bal: 6.6% [FAIL] | Jaccard: 0.96 [OK] | ANOVA: p=0.00 [OK] | MI: 0.0063 [OK]
[2026-01-01 11:47:19.494] WARNING: ❌ [VOL_CUSUM] Gates Failed: Sample: 92546/87.00/d [OK] | Bal: 9.1% [FAIL] | Jaccard: 0.96 [OK] | ANOVA: p=0.00 [OK] | MI: 0.0090 [OK]
2026-01-01 11:47:19,495 - System.tprint - WARNING - ⚠️ ❌ [VOL_CUSUM] Gates Failed: Sample: 92546/87.00/d [OK] | Bal: 9.1% [FAIL] | Jaccard: 0.96 [OK] | ANOVA: p=0.00 [OK] | MI: 0.0090 [OK]
[2026-01-01 11:47:20.076] WARNING: ❌ [VOL_CUSUM] Gates Failed: Sample: 92546/87.00/d [OK] | Bal: 9.1% [FAIL] | Jaccard: 0.96 [OK] | ANOVA: p=0.00 [OK] | MI: 0.0090 [OK]
2026-01-01 11:47:20,077 - System.tprint - WARNING - ⚠️ ❌ [VOL_CUSUM] Gates Failed: Sample: 92546/87.00/d [OK] | Bal: 9.1% [FAIL] | Jaccard: 0.96 [OK] | ANOVA: p=0.00 [OK] | MI: 0.0090 [OK]
[2026-01-01 11:47:20.452] WARNING: ❌ [VOL_CUSUM] Gates Failed: Sample: 92546/87.00/d [OK] | Bal: 9.1% [FAIL] | Jaccard: 0.96 [OK] | ANOVA: p=0.00 [OK] | MI: 0.0090 [OK]
2026-01-01 11:47:20,452 - System.tprint - WARNING - ⚠️ ❌ [VOL_CUSUM] Gates Failed: Sample: 92546/87.00/d [OK] | Bal: 9.1% [FAIL] | Jaccard: 0.96 [OK] | ANOVA: p=0.00 [OK] | MI: 0.0090 [OK]
[2026-01-01 11:47:22.298] WARNING: ❌ [VOL_CUSUM] Gates Failed: Sample: 92546/87.00/d [OK] | Bal: 9.1% [FAIL] | Jaccard: 0.96 [OK] | ANOVA: p=0.00 [OK] | MI: 0.0090 [OK]
2026-01-01 11:47:22,298 - System.tprint - WARNING - ⚠️ ❌ [VOL_CUSUM] Gates Failed: Sample: 92546/87.00/d [OK] | Bal: 9.1% [FAIL] | Jaccard: 0.96 [OK] | ANOVA: p=0.00 [OK] | MI: 0.0090 [OK]
[2026-01-01 11:47:22.666] WARNING: ❌ [VOL_CUSUM] Gates Failed: Sample: 92546/87.00/d [OK] | Bal: 9.1% [FAIL] | Jaccard: 0.95 [OK] | ANOVA: p=0.00 [OK] | MI: 0.0090 [OK]
2026-01-01 11:47:22,666 - System.tprint - WARNING - ⚠️ ❌ [VOL_CUSUM] Gates Failed: Sample: 92546/87.00/d [OK] | Bal: 9.1% [FAIL] | Jaccard: 0.95 [OK] | ANOVA: p=0.00 [OK] | MI: 0.0090 [OK]
[2026-01-01 11:47:23.287] WARNING: ❌ [VOL_CUSUM] Gates Failed: Sample: 92546/87.00/d [OK] | Bal: 9.1% [FAIL] | Jaccard: 0.96 [OK] | ANOVA: p=0.00 [OK] | MI: 0.0090 [OK]
2026-01-01 11:47:23,287 - System.tprint - WARNING - ⚠️ ❌ [VOL_CUSUM] Gates Failed: Sample: 92546/87.00/d [OK] | Bal: 9.1% [FAIL] | Jaccard: 0.96 [OK] | ANOVA: p=0.00 [OK] | MI: 0.0090 [OK]
[2026-01-01 11:47:25.211] WARNING: ❌ [VOL_CUSUM] Gates Failed: Sample: 92546/87.00/d [OK] | Bal: 8.3% [FAIL] | Jaccard: 0.95 [OK] | ANOVA: p=0.00 [OK] | MI: 0.0087 [OK]
2026-01-01 11:47:25,212 - System.tprint - WARNING - ⚠️ ❌ [VOL_CUSUM] Gates Failed: Sample: 92546/87.00/d [OK] | Bal: 8.3% [FAIL] | Jaccard: 0.95 [OK] | ANOVA: p=0.00 [OK] | MI: 0.0087 [OK]
[2026-01-01 11:47:25.603] WARNING: ❌ [VOL_CUSUM] Gates Failed: Sample: 92546/87.00/d [OK] | Bal: 8.3% [FAIL] | Jaccard: 0.96 [OK] | ANOVA: p=0.00 [OK] | MI: 0.0087 [OK]
2026-01-01 11:47:25,603 - System.tprint - WARNING - ⚠️ ❌ [VOL_CUSUM] Gates Failed: Sample: 92546/87.00/d [OK] | Bal: 8.3% [FAIL] | Jaccard: 0.96 [OK] | ANOVA: p=0.00 [OK] | MI: 0.0087 [OK]
[2026-01-01 11:47:26.187] WARNING: ❌ [VOL_CUSUM] Gates Failed: Sample: 92546/87.00/d [OK] | Bal: 8.3% [FAIL] | Jaccard: 0.95 [OK] | ANOVA: p=0.00 [OK] | MI: 0.0087 [OK]
2026-01-01 11:47:26,187 - System.tprint - WARNING - ⚠️ ❌ [VOL_CUSUM] Gates Failed: Sample: 92546/87.00/d [OK] | Bal: 8.3% [FAIL] | Jaccard: 0.95 [OK] | ANOVA: p=0.00 [OK] | MI: 0.0087 [OK]
[2026-01-01 11:47:28.266] WARNING: ❌ [VOL_CUSUM] Gates Failed: Sample: 92546/87.00/d [OK] | Bal: 8.3% [FAIL] | Jaccard: 0.96 [OK] | ANOVA: p=0.00 [OK] | MI: 0.0087 [OK]
2026-01-01 11:47:28,266 - System.tprint - WARNING - ⚠️ ❌ [VOL_CUSUM] Gates Failed: Sample: 92546/87.00/d [OK] | Bal: 8.3% [FAIL] | Jaccard: 0.96 [OK] | ANOVA: p=0.00 [OK] | MI: 0.0087 [OK]
[2026-01-01 11:47:28.967] WARNING: ❌ [VOL_CUSUM] Gates Failed: Sample: 92546/87.00/d [OK] | Bal: 8.3% [FAIL] | Jaccard: 0.96 [OK] | ANOVA: p=0.00 [OK] | MI: 0.0087 [OK]
2026-01-01 11:47:28,968 - System.tprint - WARNING - ⚠️ ❌ [VOL_CUSUM] Gates Failed: Sample: 92546/87.00/d [OK] | Bal: 8.3% [FAIL] | Jaccard: 0.96 [OK] | ANOVA: p=0.00 [OK] | MI: 0.0087 [OK]
[2026-01-01 11:47:29.341] WARNING: ❌ [VOL_CUSUM] Gates Failed: Sample: 92546/87.00/d [OK] | Bal: 8.3% [FAIL] | Jaccard: 0.96 [OK] | ANOVA: p=0.00 [OK] | MI: 0.0087 [OK]
2026-01-01 11:47:29,341 - System.tprint - WARNING - ⚠️ ❌ [VOL_CUSUM] Gates Failed: Sample: 92546/87.00/d [OK] | Bal: 8.3% [FAIL] | Jaccard: 0.96 [OK] | ANOVA: p=0.00 [OK] | MI: 0.0087 [OK]
[2026-01-01 11:47:31.340] WARNING: ❌ [VOL_CUSUM] Gates Failed: Sample: 92546/87.00/d [OK] | Bal: 7.7% [FAIL] | Jaccard: 0.96 [OK] | ANOVA: p=0.00 [OK] | MI: 0.0075 [OK]
2026-01-01 11:47:31,341 - System.tprint - WARNING - ⚠️ ❌ [VOL_CUSUM] Gates Failed: Sample: 92546/87.00/d [OK] | Bal: 7.7% [FAIL] | Jaccard: 0.96 [OK] | ANOVA: p=0.00 [OK] | MI: 0.0075 [OK]
[2026-01-01 11:47:31.759] WARNING: ❌ [VOL_CUSUM] Gates Failed: Sample: 92546/87.00/d [OK] | Bal: 7.7% [FAIL] | Jaccard: 0.95 [OK] | ANOVA: p=0.00 [OK] | MI: 0.0075 [OK]
2026-01-01 11:47:31,759 - System.tprint - WARNING - ⚠️ ❌ [VOL_CUSUM] Gates Failed: Sample: 92546/87.00/d [OK] | Bal: 7.7% [FAIL] | Jaccard: 0.95 [OK] | ANOVA: p=0.00 [OK] | MI: 0.0075 [OK]
[2026-01-01 11:47:32.236] WARNING: ❌ [VOL_CUSUM] Gates Failed: Sample: 92546/87.00/d [OK] | Bal: 7.7% [FAIL] | Jaccard: 0.95 [OK] | ANOVA: p=0.00 [OK] | MI: 0.0075 [OK]
2026-01-01 11:47:32,237 - System.tprint - WARNING - ⚠️ ❌ [VOL_CUSUM] Gates Failed: Sample: 92546/87.00/d [OK] | Bal: 7.7% [FAIL] | Jaccard: 0.95 [OK] | ANOVA: p=0.00 [OK] | MI: 0.0075 [OK]
[2026-01-01 11:47:34.473] WARNING: ❌ [VOL_CUSUM] Gates Failed: Sample: 92546/87.00/d [OK] | Bal: 7.7% [FAIL] | Jaccard: 0.95 [OK] | ANOVA: p=0.00 [OK] | MI: 0.0075 [OK]
2026-01-01 11:47:34,473 - System.tprint - WARNING - ⚠️ ❌ [VOL_CUSUM] Gates Failed: Sample: 92546/87.00/d [OK] | Bal: 7.7% [FAIL] | Jaccard: 0.95 [OK] | ANOVA: p=0.00 [OK] | MI: 0.0075 [OK]
[2026-01-01 11:47:34.852] WARNING: ❌ [VOL_CUSUM] Gates Failed: Sample: 92546/87.00/d [OK] | Bal: 7.7% [FAIL] | Jaccard: 0.96 [OK] | ANOVA: p=0.00 [OK] | MI: 0.0075 [OK]
2026-01-01 11:47:34,852 - System.tprint - WARNING - ⚠️ ❌ [VOL_CUSUM] Gates Failed: Sample: 92546/87.00/d [OK] | Bal: 7.7% [FAIL] | Jaccard: 0.96 [OK] | ANOVA: p=0.00 [OK] | MI: 0.0075 [OK]
[2026-01-01 11:47:35.456] WARNING: ❌ [VOL_CUSUM] Gates Failed: Sample: 92546/87.00/d [OK] | Bal: 7.7% [FAIL] | Jaccard: 0.96 [OK] | ANOVA: p=0.00 [OK] | MI: 0.0075 [OK]
2026-01-01 11:47:35,456 - System.tprint - WARNING - ⚠️ ❌ [VOL_CUSUM] Gates Failed: Sample: 92546/87.00/d [OK] | Bal: 7.7% [FAIL] | Jaccard: 0.96 [OK] | ANOVA: p=0.00 [OK] | MI: 0.0075 [OK]
[2026-01-01 11:47:37.219] WARNING: ❌ [VOL_CUSUM] Gates Failed: Sample: 92546/87.00/d [OK] | Bal: 6.5% [FAIL] | Jaccard: 0.96 [OK] | ANOVA: p=0.00 [OK] | MI: 0.0091 [OK]
2026-01-01 11:47:37,219 - System.tprint - WARNING - ⚠️ ❌ [VOL_CUSUM] Gates Failed: Sample: 92546/87.00/d [OK] | Bal: 6.5% [FAIL] | Jaccard: 0.96 [OK] | ANOVA: p=0.00 [OK] | MI: 0.0091 [OK]
[2026-01-01 11:47:37.782] WARNING: ❌ [VOL_CUSUM] Gates Failed: Sample: 92546/87.00/d [OK] | Bal: 6.5% [FAIL] | Jaccard: 0.95 [OK] | ANOVA: p=0.00 [OK] | MI: 0.0091 [OK]
2026-01-01 11:47:37,782 - System.tprint - WARNING - ⚠️ ❌ [VOL_CUSUM] Gates Failed: Sample: 92546/87.00/d [OK] | Bal: 6.5% [FAIL] | Jaccard: 0.95 [OK] | ANOVA: p=0.00 [OK] | MI: 0.0091 [OK]
[2026-01-01 11:47:39.124] WARNING: ❌ [VOL_CUSUM] Gates Failed: Sample: 92546/87.00/d [OK] | Bal: 6.5% [FAIL] | Jaccard: 0.95 [OK] | ANOVA: p=0.00 [OK] | MI: 0.0091 [OK]
2026-01-01 11:47:39,125 - System.tprint - WARNING - ⚠️ ❌ [VOL_CUSUM] Gates Failed: Sample: 92546/87.00/d [OK] | Bal: 6.5% [FAIL] | Jaccard: 0.95 [OK] | ANOVA: p=0.00 [OK] | MI: 0.0091 [OK]
2026-01-01 11:47:40,080 - src.utils.hardware.m1_memory_optimizer.M1MemoryOptimizer - INFO - ℹ️ 🧹 Moderate cleanup: 198 objects collected
2026-01-01 11:47:42,029 - src.utils.hardware.unified_hardware_manager.HardwarePerformanceMonitor - WARNING - ⚠️ 🚨 ALERT: cpu_usage (99.0) exceeds threshold (95.0)
[2026-01-01 11:47:46.115] WARNING: ❌ [VOL_CUSUM] Gates Failed: Sample: 92546/87.00/d [OK] | Bal: 6.5% [FAIL] | Jaccard: 0.96 [OK] | ANOVA: p=0.00 [OK] | MI: 0.0091 [OK]
2026-01-01 11:47:46,115 - System.tprint - WARNING - ⚠️ ❌ [VOL_CUSUM] Gates Failed: Sample: 92546/87.00/d [OK] | Bal: 6.5% [FAIL] | Jaccard: 0.96 [OK] | ANOVA: p=0.00 [OK] | MI: 0.0091 [OK]
[2026-01-01 11:47:46.890] WARNING: ❌ [VOL_CUSUM] Gates Failed: Sample: 92546/87.00/d [OK] | Bal: 6.5% [FAIL] | Jaccard: 0.96 [OK] | ANOVA: p=0.00 [OK] | MI: 0.0091 [OK]
2026-01-01 11:47:46,890 - System.tprint - WARNING - ⚠️ ❌ [VOL_CUSUM] Gates Failed: Sample: 92546/87.00/d [OK] | Bal: 6.5% [FAIL] | Jaccard: 0.96 [OK] | ANOVA: p=0.00 [OK] | MI: 0.0091 [OK]
[2026-01-01 11:47:47.579] WARNING: ❌ [VOL_CUSUM] Gates Failed: Sample: 92546/87.00/d [OK] | Bal: 6.5% [FAIL] | Jaccard: 0.95 [OK] | ANOVA: p=0.00 [OK] | MI: 0.0091 [OK]
2026-01-01 11:47:47,579 - System.tprint - WARNING - ⚠️ ❌ [VOL_CUSUM] Gates Failed: Sample: 92546/87.00/d [OK] | Bal: 6.5% [FAIL] | Jaccard: 0.95 [OK] | ANOVA: p=0.00 [OK] | MI: 0.0091 [OK]
2026-01-01 11:47:52,779 - src.training.steps.labeling.orthogonal_label_generation - WARNING - ⚠️ LiquidityCusumEvents requires DataFrame with High/Low
2026-01-01 11:47:52,874 - src.training.steps.labeling.orthogonal_label_generation - WARNING - ⚠️ LiquidityCusumEvents requires DataFrame with High/Low
2026-01-01 11:47:52,959 - src.training.steps.labeling.orthogonal_label_generation - WARNING - ⚠️ LiquidityCusumEvents requires DataFrame with High/Low
2026-01-01 11:47:53,046 - src.training.steps.labeling.orthogonal_label_generation - WARNING - ⚠️ LiquidityCusumEvents requires DataFrame with High/Low
[2026-01-01 11:47:53.113] WARNING: ❌ [LIQ_CUSUM] Gates Failed: Sample: 2367/2.23/d [OK] | Bal: 99.3% [FAIL] | Jaccard: 0.00 [WARN] | ANOVA: p=0.04 [OK] | MI: 0.0061 [OK]
2026-01-01 11:47:53,114 - System.tprint - WARNING - ⚠️ ❌ [LIQ_CUSUM] Gates Failed: Sample: 2367/2.23/d [OK] | Bal: 99.3% [FAIL] | Jaccard: 0.00 [WARN] | ANOVA: p=0.04 [OK] | MI: 0.0061 [OK]
2026-01-01 11:47:53,141 - src.training.steps.labeling.orthogonal_label_generation - WARNING - ⚠️ LiquidityCusumEvents requires DataFrame with High/Low
[2026-01-01 11:47:53.190] WARNING: ❌ [LIQ_CUSUM] Gates Failed: Sample: 2367/2.23/d [OK] | Bal: 99.3% [FAIL] | Jaccard: 0.00 [WARN] | ANOVA: p=0.04 [OK] | MI: 0.0061 [OK]
2026-01-01 11:47:53,190 - System.tprint - WARNING - ⚠️ ❌ [LIQ_CUSUM] Gates Failed: Sample: 2367/2.23/d [OK] | Bal: 99.3% [FAIL] | Jaccard: 0.00 [WARN] | ANOVA: p=0.04 [OK] | MI: 0.0061 [OK]
2026-01-01 11:47:53,218 - src.training.steps.labeling.orthogonal_label_generation - WARNING - ⚠️ LiquidityCusumEvents requires DataFrame with High/Low
[2026-01-01 11:47:53.306] WARNING: ❌ [LIQ_CUSUM] Gates Failed: Sample: 2367/2.23/d [OK] | Bal: 99.3% [FAIL] | Jaccard: 0.00 [WARN] | ANOVA: p=0.04 [OK] | MI: 0.0061 [OK]
2026-01-01 11:47:53,307 - System.tprint - WARNING - ⚠️ ❌ [LIQ_CUSUM] Gates Failed: Sample: 2367/2.23/d [OK] | Bal: 99.3% [FAIL] | Jaccard: 0.00 [WARN] | ANOVA: p=0.04 [OK] | MI: 0.0061 [OK]
2026-01-01 11:47:53,330 - src.training.steps.labeling.orthogonal_label_generation - WARNING - ⚠️ LiquidityCusumEvents requires DataFrame with High/Low
2026-01-01 11:47:53,426 - src.training.steps.labeling.orthogonal_label_generation - WARNING - ⚠️ LiquidityCusumEvents requires DataFrame with High/Low
2026-01-01 11:47:53,524 - src.training.steps.labeling.orthogonal_label_generation - WARNING - ⚠️ LiquidityCusumEvents requires DataFrame with High/Low
2026-01-01 11:47:53,618 - src.training.steps.labeling.orthogonal_label_generation - WARNING - ⚠️ LiquidityCusumEvents requires DataFrame with High/Low
[2026-01-01 11:47:53.677] WARNING: ❌ [LIQ_CUSUM] Gates Failed: Sample: 2367/2.23/d [OK] | Bal: 99.3% [FAIL] | Jaccard: 0.00 [WARN] | ANOVA: p=0.04 [OK] | MI: 0.0061 [OK]
2026-01-01 11:47:53,677 - System.tprint - WARNING - ⚠️ ❌ [LIQ_CUSUM] Gates Failed: Sample: 2367/2.23/d [OK] | Bal: 99.3% [FAIL] | Jaccard: 0.00 [WARN] | ANOVA: p=0.04 [OK] | MI: 0.0061 [OK]
2026-01-01 11:47:53,705 - src.training.steps.labeling.orthogonal_label_generation - WARNING - ⚠️ LiquidityCusumEvents requires DataFrame with High/Low
[2026-01-01 11:47:53.757] WARNING: ❌ [LIQ_CUSUM] Gates Failed: Sample: 2367/2.23/d [OK] | Bal: 99.3% [FAIL] | Jaccard: 0.00 [WARN] | ANOVA: p=0.04 [OK] | MI: 0.0061 [OK]
2026-01-01 11:47:53,757 - System.tprint - WARNING - ⚠️ ❌ [LIQ_CUSUM] Gates Failed: Sample: 2367/2.23/d [OK] | Bal: 99.3% [FAIL] | Jaccard: 0.00 [WARN] | ANOVA: p=0.04 [OK] | MI: 0.0061 [OK]
2026-01-01 11:47:53,782 - src.training.steps.labeling.orthogonal_label_generation - WARNING - ⚠️ LiquidityCusumEvents requires DataFrame with High/Low
[2026-01-01 11:47:53.845] WARNING: ❌ [LIQ_CUSUM] Gates Failed: Sample: 2367/2.23/d [OK] | Bal: 99.3% [FAIL] | Jaccard: 0.00 [WARN] | ANOVA: p=0.04 [OK] | MI: 0.0061 [OK]
2026-01-01 11:47:53,847 - System.tprint - WARNING - ⚠️ ❌ [LIQ_CUSUM] Gates Failed: Sample: 2367/2.23/d [OK] | Bal: 99.3% [FAIL] | Jaccard: 0.00 [WARN] | ANOVA: p=0.04 [OK] | MI: 0.0061 [OK]
2026-01-01 11:47:53,879 - src.training.steps.labeling.orthogonal_label_generation - WARNING - ⚠️ LiquidityCusumEvents requires DataFrame with High/Low
2026-01-01 11:47:53,963 - src.training.steps.labeling.orthogonal_label_generation - WARNING - ⚠️ LiquidityCusumEvents requires DataFrame with High/Low
2026-01-01 11:47:54,037 - src.training.steps.labeling.orthogonal_label_generation - WARNING - ⚠️ LiquidityCusumEvents requires DataFrame with High/Low
2026-01-01 11:47:54,120 - src.training.steps.labeling.orthogonal_label_generation - WARNING - ⚠️ LiquidityCusumEvents requires DataFrame with High/Low
[2026-01-01 11:47:54.181] WARNING: ❌ [LIQ_CUSUM] Gates Failed: Sample: 2367/2.23/d [OK] | Bal: 97.3% [FAIL] | Jaccard: 0.00 [WARN] | ANOVA: p=0.00 [OK] | MI: 0.0063 [OK]
2026-01-01 11:47:54,181 - System.tprint - WARNING - ⚠️ ❌ [LIQ_CUSUM] Gates Failed: Sample: 2367/2.23/d [OK] | Bal: 97.3% [FAIL] | Jaccard: 0.00 [WARN] | ANOVA: p=0.00 [OK] | MI: 0.0063 [OK]
2026-01-01 11:47:54,203 - src.training.steps.labeling.orthogonal_label_generation - WARNING - ⚠️ LiquidityCusumEvents requires DataFrame with High/Low
[2026-01-01 11:47:54.254] WARNING: ❌ [LIQ_CUSUM] Gates Failed: Sample: 2367/2.23/d [OK] | Bal: 97.3% [FAIL] | Jaccard: 0.00 [WARN] | ANOVA: p=0.00 [OK] | MI: 0.0063 [OK]
2026-01-01 11:47:54,255 - System.tprint - WARNING - ⚠️ ❌ [LIQ_CUSUM] Gates Failed: Sample: 2367/2.23/d [OK] | Bal: 97.3% [FAIL] | Jaccard: 0.00 [WARN] | ANOVA: p=0.00 [OK] | MI: 0.0063 [OK]
2026-01-01 11:47:54,288 - src.training.steps.labeling.orthogonal_label_generation - WARNING - ⚠️ LiquidityCusumEvents requires DataFrame with High/Low
[2026-01-01 11:47:54.342] WARNING: ❌ [LIQ_CUSUM] Gates Failed: Sample: 2367/2.23/d [OK] | Bal: 97.3% [FAIL] | Jaccard: 0.00 [WARN] | ANOVA: p=0.00 [OK] | MI: 0.0063 [OK]
2026-01-01 11:47:54,343 - System.tprint - WARNING - ⚠️ ❌ [LIQ_CUSUM] Gates Failed: Sample: 2367/2.23/d [OK] | Bal: 97.3% [FAIL] | Jaccard: 0.00 [WARN] | ANOVA: p=0.00 [OK] | MI: 0.0063 [OK]
2026-01-01 11:47:54,372 - src.training.steps.labeling.orthogonal_label_generation - WARNING - ⚠️ LiquidityCusumEvents requires DataFrame with High/Low
2026-01-01 11:47:54,458 - src.training.steps.labeling.orthogonal_label_generation - WARNING - ⚠️ LiquidityCusumEvents requires DataFrame with High/Low
2026-01-01 11:47:54,524 - src.training.steps.labeling.orthogonal_label_generation - WARNING - ⚠️ LiquidityCusumEvents requires DataFrame with High/Low
2026-01-01 11:47:54,592 - src.training.steps.labeling.orthogonal_label_generation - WARNING - ⚠️ LiquidityCusumEvents requires DataFrame with High/Low
[2026-01-01 11:47:54.650] WARNING: ❌ [LIQ_CUSUM] Gates Failed: Sample: 2367/2.23/d [OK] | Bal: 97.3% [FAIL] | Jaccard: 0.00 [WARN] | ANOVA: p=0.00 [OK] | MI: 0.0063 [OK]
2026-01-01 11:47:54,650 - System.tprint - WARNING - ⚠️ ❌ [LIQ_CUSUM] Gates Failed: Sample: 2367/2.23/d [OK] | Bal: 97.3% [FAIL] | Jaccard: 0.00 [WARN] | ANOVA: p=0.00 [OK] | MI: 0.0063 [OK]
2026-01-01 11:47:54,681 - src.training.steps.labeling.orthogonal_label_generation - WARNING - ⚠️ LiquidityCusumEvents requires DataFrame with High/Low
[2026-01-01 11:47:54.749] WARNING: ❌ [LIQ_CUSUM] Gates Failed: Sample: 2367/2.23/d [OK] | Bal: 97.3% [FAIL] | Jaccard: 0.00 [WARN] | ANOVA: p=0.00 [OK] | MI: 0.0063 [OK]
2026-01-01 11:47:54,750 - System.tprint - WARNING - ⚠️ ❌ [LIQ_CUSUM] Gates Failed: Sample: 2367/2.23/d [OK] | Bal: 97.3% [FAIL] | Jaccard: 0.00 [WARN] | ANOVA: p=0.00 [OK] | MI: 0.0063 [OK]
2026-01-01 11:47:54,772 - src.training.steps.labeling.orthogonal_label_generation - WARNING - ⚠️ LiquidityCusumEvents requires DataFrame with High/Low
[2026-01-01 11:47:54.829] WARNING: ❌ [LIQ_CUSUM] Gates Failed: Sample: 2367/2.23/d [OK] | Bal: 97.3% [FAIL] | Jaccard: 0.00 [WARN] | ANOVA: p=0.00 [OK] | MI: 0.0063 [OK]
2026-01-01 11:47:54,829 - System.tprint - WARNING - ⚠️ ❌ [LIQ_CUSUM] Gates Failed: Sample: 2367/2.23/d [OK] | Bal: 97.3% [FAIL] | Jaccard: 0.00 [WARN] | ANOVA: p=0.00 [OK] | MI: 0.0063 [OK]
2026-01-01 11:47:54,849 - src.training.steps.labeling.orthogonal_label_generation - WARNING - ⚠️ LiquidityCusumEvents requires DataFrame with High/Low
2026-01-01 11:47:54,917 - src.training.steps.labeling.orthogonal_label_generation - WARNING - ⚠️ LiquidityCusumEvents requires DataFrame with High/Low
2026-01-01 11:47:55,007 - src.training.steps.labeling.orthogonal_label_generation - WARNING - ⚠️ LiquidityCusumEvents requires DataFrame with High/Low
2026-01-01 11:47:55,092 - src.training.steps.labeling.orthogonal_label_generation - WARNING - ⚠️ LiquidityCusumEvents requires DataFrame with High/Low
[2026-01-01 11:47:55.156] WARNING: ❌ [LIQ_CUSUM] Gates Failed: Sample: 2367/2.23/d [OK] | Bal: 95.2% [FAIL] | Jaccard: 0.00 [WARN] | ANOVA: p=0.00 [OK] | MI: 0.0102 [OK]
2026-01-01 11:47:55,157 - System.tprint - WARNING - ⚠️ ❌ [LIQ_CUSUM] Gates Failed: Sample: 2367/2.23/d [OK] | Bal: 95.2% [FAIL] | Jaccard: 0.00 [WARN] | ANOVA: p=0.00 [OK] | MI: 0.0102 [OK]
2026-01-01 11:47:55,187 - src.training.steps.labeling.orthogonal_label_generation - WARNING - ⚠️ LiquidityCusumEvents requires DataFrame with High/Low
[2026-01-01 11:47:55.254] WARNING: ❌ [LIQ_CUSUM] Gates Failed: Sample: 2367/2.23/d [OK] | Bal: 95.2% [FAIL] | Jaccard: 0.00 [WARN] | ANOVA: p=0.00 [OK] | MI: 0.0102 [OK]
2026-01-01 11:47:55,255 - System.tprint - WARNING - ⚠️ ❌ [LIQ_CUSUM] Gates Failed: Sample: 2367/2.23/d [OK] | Bal: 95.2% [FAIL] | Jaccard: 0.00 [WARN] | ANOVA: p=0.00 [OK] | MI: 0.0102 [OK]
2026-01-01 11:47:55,277 - src.training.steps.labeling.orthogonal_label_generation - WARNING - ⚠️ LiquidityCusumEvents requires DataFrame with High/Low
[2026-01-01 11:47:55.333] WARNING: ❌ [LIQ_CUSUM] Gates Failed: Sample: 2367/2.23/d [OK] | Bal: 95.2% [FAIL] | Jaccard: 0.00 [WARN] | ANOVA: p=0.00 [OK] | MI: 0.0102 [OK]
2026-01-01 11:47:55,334 - System.tprint - WARNING - ⚠️ ❌ [LIQ_CUSUM] Gates Failed: Sample: 2367/2.23/d [OK] | Bal: 95.2% [FAIL] | Jaccard: 0.00 [WARN] | ANOVA: p=0.00 [OK] | MI: 0.0102 [OK]
2026-01-01 11:47:55,363 - src.training.steps.labeling.orthogonal_label_generation - WARNING - ⚠️ LiquidityCusumEvents requires DataFrame with High/Low
2026-01-01 11:47:55,455 - src.training.steps.labeling.orthogonal_label_generation - WARNING - ⚠️ LiquidityCusumEvents requires DataFrame with High/Low
2026-01-01 11:47:55,542 - src.training.steps.labeling.orthogonal_label_generation - WARNING - ⚠️ LiquidityCusumEvents requires DataFrame with High/Low
2026-01-01 11:47:55,626 - src.training.steps.labeling.orthogonal_label_generation - WARNING - ⚠️ LiquidityCusumEvents requires DataFrame with High/Low
[2026-01-01 11:47:55.685] WARNING: ❌ [LIQ_CUSUM] Gates Failed: Sample: 2367/2.23/d [OK] | Bal: 95.2% [FAIL] | Jaccard: 0.00 [WARN] | ANOVA: p=0.00 [OK] | MI: 0.0102 [OK]
2026-01-01 11:47:55,685 - System.tprint - WARNING - ⚠️ ❌ [LIQ_CUSUM] Gates Failed: Sample: 2367/2.23/d [OK] | Bal: 95.2% [FAIL] | Jaccard: 0.00 [WARN] | ANOVA: p=0.00 [OK] | MI: 0.0102 [OK]
2026-01-01 11:47:55,709 - src.training.steps.labeling.orthogonal_label_generation - WARNING - ⚠️ LiquidityCusumEvents requires DataFrame with High/Low
[2026-01-01 11:47:55.799] WARNING: ❌ [LIQ_CUSUM] Gates Failed: Sample: 2367/2.23/d [OK] | Bal: 95.2% [FAIL] | Jaccard: 0.00 [WARN] | ANOVA: p=0.00 [OK] | MI: 0.0102 [OK]
2026-01-01 11:47:55,799 - System.tprint - WARNING - ⚠️ ❌ [LIQ_CUSUM] Gates Failed: Sample: 2367/2.23/d [OK] | Bal: 95.2% [FAIL] | Jaccard: 0.00 [WARN] | ANOVA: p=0.00 [OK] | MI: 0.0102 [OK]
2026-01-01 11:47:55,823 - src.training.steps.labeling.orthogonal_label_generation - WARNING - ⚠️ LiquidityCusumEvents requires DataFrame with High/Low
[2026-01-01 11:47:55.878] WARNING: ❌ [LIQ_CUSUM] Gates Failed: Sample: 2367/2.23/d [OK] | Bal: 95.2% [FAIL] | Jaccard: 0.00 [WARN] | ANOVA: p=0.00 [OK] | MI: 0.0102 [OK]
2026-01-01 11:47:55,878 - System.tprint - WARNING - ⚠️ ❌ [LIQ_CUSUM] Gates Failed: Sample: 2367/2.23/d [OK] | Bal: 95.2% [FAIL] | Jaccard: 0.00 [WARN] | ANOVA: p=0.00 [OK] | MI: 0.0102 [OK]
2026-01-01 11:47:55,907 - src.training.steps.labeling.orthogonal_label_generation - WARNING - ⚠️ LiquidityCusumEvents requires DataFrame with High/Low
2026-01-01 11:47:56,024 - src.training.steps.labeling.orthogonal_label_generation - WARNING - ⚠️ LiquidityCusumEvents requires DataFrame with High/Low
2026-01-01 11:47:56,121 - src.training.steps.labeling.orthogonal_label_generation - WARNING - ⚠️ LiquidityCusumEvents requires DataFrame with High/Low
2026-01-01 11:47:56,216 - src.training.steps.labeling.orthogonal_label_generation - WARNING - ⚠️ LiquidityCusumEvents requires DataFrame with High/Low
2026-01-01 11:47:58,066 - src.utils.hardware.m1_memory_optimizer.M1MemoryOptimizer - INFO - ℹ️ 🧹 Moderate cleanup: 198 objects collected
[2026-01-01 11:47:58.075] WARNING: ❌ [LIQ_CUSUM] Gates Failed: Sample: 2367/2.23/d [OK] | Bal: 92.4% [FAIL] | Jaccard: 0.00 [WARN] | ANOVA: p=0.00 [OK] | MI: 0.0089 [OK]
2026-01-01 11:47:58,075 - System.tprint - WARNING - ⚠️ ❌ [LIQ_CUSUM] Gates Failed: Sample: 2367/2.23/d [OK] | Bal: 92.4% [FAIL] | Jaccard: 0.00 [WARN] | ANOVA: p=0.00 [OK] | MI: 0.0089 [OK]
2026-01-01 11:47:58,163 - src.training.steps.labeling.orthogonal_label_generation - WARNING - ⚠️ LiquidityCusumEvents requires DataFrame with High/Low
[2026-01-01 11:47:58.223] WARNING: ❌ [LIQ_CUSUM] Gates Failed: Sample: 2367/2.23/d [OK] | Bal: 92.4% [FAIL] | Jaccard: 0.00 [WARN] | ANOVA: p=0.00 [OK] | MI: 0.0089 [OK]
2026-01-01 11:47:58,223 - System.tprint - WARNING - ⚠️ ❌ [LIQ_CUSUM] Gates Failed: Sample: 2367/2.23/d [OK] | Bal: 92.4% [FAIL] | Jaccard: 0.00 [WARN] | ANOVA: p=0.00 [OK] | MI: 0.0089 [OK]
2026-01-01 11:47:58,259 - src.training.steps.labeling.orthogonal_label_generation - WARNING - ⚠️ LiquidityCusumEvents requires DataFrame with High/Low
[2026-01-01 11:47:58.320] WARNING: ❌ [LIQ_CUSUM] Gates Failed: Sample: 2367/2.23/d [OK] | Bal: 92.4% [FAIL] | Jaccard: 0.00 [WARN] | ANOVA: p=0.00 [OK] | MI: 0.0089 [OK]
2026-01-01 11:47:58,320 - System.tprint - WARNING - ⚠️ ❌ [LIQ_CUSUM] Gates Failed: Sample: 2367/2.23/d [OK] | Bal: 92.4% [FAIL] | Jaccard: 0.00 [WARN] | ANOVA: p=0.00 [OK] | MI: 0.0089 [OK]
2026-01-01 11:47:58,344 - src.training.steps.labeling.orthogonal_label_generation - WARNING - ⚠️ LiquidityCusumEvents requires DataFrame with High/Low
2026-01-01 11:47:58,424 - src.training.steps.labeling.orthogonal_label_generation - WARNING - ⚠️ LiquidityCusumEvents requires DataFrame with High/Low
2026-01-01 11:47:58,503 - src.training.steps.labeling.orthogonal_label_generation - WARNING - ⚠️ LiquidityCusumEvents requires DataFrame with High/Low
2026-01-01 11:47:58,575 - src.training.steps.labeling.orthogonal_label_generation - WARNING - ⚠️ LiquidityCusumEvents requires DataFrame with High/Low
[2026-01-01 11:47:58.632] WARNING: ❌ [LIQ_CUSUM] Gates Failed: Sample: 2367/2.23/d [OK] | Bal: 92.4% [FAIL] | Jaccard: 0.00 [WARN] | ANOVA: p=0.00 [OK] | MI: 0.0089 [OK]
2026-01-01 11:47:58,633 - System.tprint - WARNING - ⚠️ ❌ [LIQ_CUSUM] Gates Failed: Sample: 2367/2.23/d [OK] | Bal: 92.4% [FAIL] | Jaccard: 0.00 [WARN] | ANOVA: p=0.00 [OK] | MI: 0.0089 [OK]
2026-01-01 11:47:58,657 - src.training.steps.labeling.orthogonal_label_generation - WARNING - ⚠️ LiquidityCusumEvents requires DataFrame with High/Low
[2026-01-01 11:47:58.714] WARNING: ❌ [LIQ_CUSUM] Gates Failed: Sample: 2367/2.23/d [OK] | Bal: 92.4% [FAIL] | Jaccard: 0.00 [WARN] | ANOVA: p=0.00 [OK] | MI: 0.0089 [OK]
2026-01-01 11:47:58,715 - System.tprint - WARNING - ⚠️ ❌ [LIQ_CUSUM] Gates Failed: Sample: 2367/2.23/d [OK] | Bal: 92.4% [FAIL] | Jaccard: 0.00 [WARN] | ANOVA: p=0.00 [OK] | MI: 0.0089 [OK]
2026-01-01 11:47:58,740 - src.training.steps.labeling.orthogonal_label_generation - WARNING - ⚠️ LiquidityCusumEvents requires DataFrame with High/Low
[2026-01-01 11:47:58.792] WARNING: ❌ [LIQ_CUSUM] Gates Failed: Sample: 2367/2.23/d [OK] | Bal: 92.4% [FAIL] | Jaccard: 0.00 [WARN] | ANOVA: p=0.00 [OK] | MI: 0.0089 [OK]
2026-01-01 11:47:58,792 - System.tprint - WARNING - ⚠️ ❌ [LIQ_CUSUM] Gates Failed: Sample: 2367/2.23/d [OK] | Bal: 92.4% [FAIL] | Jaccard: 0.00 [WARN] | ANOVA: p=0.00 [OK] | MI: 0.0089 [OK]
2026-01-01 11:47:58,813 - src.training.steps.labeling.orthogonal_label_generation - WARNING - ⚠️ LiquidityCusumEvents requires DataFrame with High/Low
2026-01-01 11:47:58,876 - src.training.steps.labeling.orthogonal_label_generation - WARNING - ⚠️ LiquidityCusumEvents requires DataFrame with High/Low
2026-01-01 11:47:58,961 - src.training.steps.labeling.orthogonal_label_generation - WARNING - ⚠️ LiquidityCusumEvents requires DataFrame with High/Low
2026-01-01 11:47:59,045 - src.training.steps.labeling.orthogonal_label_generation - WARNING - ⚠️ LiquidityCusumEvents requires DataFrame with High/Low
2026-01-01 11:47:59,122 - src.training.steps.labeling.orthogonal_label_generation - WARNING - ⚠️ LiquidityCusumEvents requires DataFrame with High/Low
2026-01-01 11:47:59,202 - src.training.steps.labeling.orthogonal_label_generation - WARNING - ⚠️ LiquidityCusumEvents requires DataFrame with High/Low
2026-01-01 11:47:59,259 - src.training.steps.labeling.orthogonal_label_generation - WARNING - ⚠️ LiquidityCusumEvents requires DataFrame with High/Low
2026-01-01 11:47:59,319 - src.training.steps.labeling.orthogonal_label_generation - WARNING - ⚠️ LiquidityCusumEvents requires DataFrame with High/Low
2026-01-01 11:47:59,379 - src.training.steps.labeling.orthogonal_label_generation - WARNING - ⚠️ LiquidityCusumEvents requires DataFrame with High/Low
2026-01-01 11:47:59,434 - src.training.steps.labeling.orthogonal_label_generation - WARNING - ⚠️ LiquidityCusumEvents requires DataFrame with High/Low
2026-01-01 11:47:59,509 - src.training.steps.labeling.orthogonal_label_generation - WARNING - ⚠️ LiquidityCusumEvents requires DataFrame with High/Low
2026-01-01 11:47:59,575 - src.training.steps.labeling.orthogonal_label_generation - WARNING - ⚠️ LiquidityCusumEvents requires DataFrame with High/Low
2026-01-01 11:47:59,882 - src.training.steps.labeling.orthogonal_label_generation - WARNING - ⚠️ LiquidityCusumEvents requires DataFrame with High/Low
2026-01-01 11:47:59,950 - src.training.steps.labeling.orthogonal_label_generation - WARNING - ⚠️ LiquidityCusumEvents requires DataFrame with High/Low
2026-01-01 11:48:00,029 - src.training.steps.labeling.orthogonal_label_generation - WARNING - ⚠️ LiquidityCusumEvents requires DataFrame with High/Low
2026-01-01 11:48:00,127 - src.training.steps.labeling.orthogonal_label_generation - WARNING - ⚠️ LiquidityCusumEvents requires DataFrame with High/Low
[2026-01-01 11:48:00.485] WARNING: ❌ [LIQ_CUSUM] Gates Failed: Sample: 5912/5.56/d [OK] | Bal: 99.4% [FAIL] | Jaccard: 0.00 [WARN] | ANOVA: p=0.01 [OK] | MI: 0.0024 [OK]
2026-01-01 11:48:00,495 - System.tprint - WARNING - ⚠️ ❌ [LIQ_CUSUM] Gates Failed: Sample: 5912/5.56/d [OK] | Bal: 99.4% [FAIL] | Jaccard: 0.00 [WARN] | ANOVA: p=0.01 [OK] | MI: 0.0024 [OK]
2026-01-01 11:48:00,585 - src.training.steps.labeling.orthogonal_label_generation - WARNING - ⚠️ LiquidityCusumEvents requires DataFrame with High/Low
[2026-01-01 11:48:00.810] WARNING: ❌ [LIQ_CUSUM] Gates Failed: Sample: 5912/5.56/d [OK] | Bal: 99.4% [FAIL] | Jaccard: 0.00 [WARN] | ANOVA: p=0.01 [OK] | MI: 0.0024 [OK]
2026-01-01 11:48:00,811 - System.tprint - WARNING - ⚠️ ❌ [LIQ_CUSUM] Gates Failed: Sample: 5912/5.56/d [OK] | Bal: 99.4% [FAIL] | Jaccard: 0.00 [WARN] | ANOVA: p=0.01 [OK] | MI: 0.0024 [OK]
2026-01-01 11:48:00,834 - src.training.steps.labeling.orthogonal_label_generation - WARNING - ⚠️ LiquidityCusumEvents requires DataFrame with High/Low
[2026-01-01 11:48:00.950] WARNING: ❌ [LIQ_CUSUM] Gates Failed: Sample: 5912/5.56/d [OK] | Bal: 99.4% [FAIL] | Jaccard: 0.00 [WARN] | ANOVA: p=0.01 [OK] | MI: 0.0024 [OK]
2026-01-01 11:48:00,950 - System.tprint - WARNING - ⚠️ ❌ [LIQ_CUSUM] Gates Failed: Sample: 5912/5.56/d [OK] | Bal: 99.4% [FAIL] | Jaccard: 0.00 [WARN] | ANOVA: p=0.01 [OK] | MI: 0.0024 [OK]
2026-01-01 11:48:00,973 - src.training.steps.labeling.orthogonal_label_generation - WARNING - ⚠️ LiquidityCusumEvents requires DataFrame with High/Low
2026-01-01 11:48:01,042 - src.training.steps.labeling.orthogonal_label_generation - WARNING - ⚠️ LiquidityCusumEvents requires DataFrame with High/Low
2026-01-01 11:48:01,139 - src.training.steps.labeling.orthogonal_label_generation - WARNING - ⚠️ LiquidityCusumEvents requires DataFrame with High/Low
2026-01-01 11:48:01,239 - src.training.steps.labeling.orthogonal_label_generation - WARNING - ⚠️ LiquidityCusumEvents requires DataFrame with High/Low
[2026-01-01 11:48:01.333] WARNING: ❌ [LIQ_CUSUM] Gates Failed: Sample: 5912/5.56/d [OK] | Bal: 99.4% [FAIL] | Jaccard: 0.00 [WARN] | ANOVA: p=0.01 [OK] | MI: 0.0024 [OK]
2026-01-01 11:48:01,333 - System.tprint - WARNING - ⚠️ ❌ [LIQ_CUSUM] Gates Failed: Sample: 5912/5.56/d [OK] | Bal: 99.4% [FAIL] | Jaccard: 0.00 [WARN] | ANOVA: p=0.01 [OK] | MI: 0.0024 [OK]
2026-01-01 11:48:01,356 - src.training.steps.labeling.orthogonal_label_generation - WARNING - ⚠️ LiquidityCusumEvents requires DataFrame with High/Low
[2026-01-01 11:48:01.422] WARNING: ❌ [LIQ_CUSUM] Gates Failed: Sample: 5912/5.56/d [OK] | Bal: 99.4% [FAIL] | Jaccard: 0.00 [WARN] | ANOVA: p=0.01 [OK] | MI: 0.0024 [OK]
2026-01-01 11:48:01,422 - System.tprint - WARNING - ⚠️ ❌ [LIQ_CUSUM] Gates Failed: Sample: 5912/5.56/d [OK] | Bal: 99.4% [FAIL] | Jaccard: 0.00 [WARN] | ANOVA: p=0.01 [OK] | MI: 0.0024 [OK]
2026-01-01 11:48:01,444 - src.training.steps.labeling.orthogonal_label_generation - WARNING - ⚠️ LiquidityCusumEvents requires DataFrame with High/Low
[2026-01-01 11:48:01.614] WARNING: ❌ [LIQ_CUSUM] Gates Failed: Sample: 5912/5.56/d [OK] | Bal: 99.4% [FAIL] | Jaccard: 0.00 [WARN] | ANOVA: p=0.01 [OK] | MI: 0.0024 [OK]
2026-01-01 11:48:01,615 - System.tprint - WARNING - ⚠️ ❌ [LIQ_CUSUM] Gates Failed: Sample: 5912/5.56/d [OK] | Bal: 99.4% [FAIL] | Jaccard: 0.00 [WARN] | ANOVA: p=0.01 [OK] | MI: 0.0024 [OK]
2026-01-01 11:48:01,630 - src.training.steps.labeling.orthogonal_label_generation - WARNING - ⚠️ LiquidityCusumEvents requires DataFrame with High/Low
2026-01-01 11:48:01,707 - src.training.steps.labeling.orthogonal_label_generation - WARNING - ⚠️ LiquidityCusumEvents requires DataFrame with High/Low
2026-01-01 11:48:01,794 - src.training.steps.labeling.orthogonal_label_generation - WARNING - ⚠️ LiquidityCusumEvents requires DataFrame with High/Low
2026-01-01 11:48:01,868 - src.training.steps.labeling.orthogonal_label_generation - WARNING - ⚠️ LiquidityCusumEvents requires DataFrame with High/Low
[2026-01-01 11:48:01.916] WARNING: ❌ [LIQ_CUSUM] Gates Failed: Sample: 5912/5.56/d [OK] | Bal: 97.1% [FAIL] | Jaccard: 0.00 [WARN] | ANOVA: p=0.00 [OK] | MI: 0.0085 [OK]
2026-01-01 11:48:01,917 - System.tprint - WARNING - ⚠️ ❌ [LIQ_CUSUM] Gates Failed: Sample: 5912/5.56/d [OK] | Bal: 97.1% [FAIL] | Jaccard: 0.00 [WARN] | ANOVA: p=0.00 [OK] | MI: 0.0085 [OK]
2026-01-01 11:48:01,938 - src.training.steps.labeling.orthogonal_label_generation - WARNING - ⚠️ LiquidityCusumEvents requires DataFrame with High/Low
[2026-01-01 11:48:01.984] WARNING: ❌ [LIQ_CUSUM] Gates Failed: Sample: 5912/5.56/d [OK] | Bal: 97.1% [FAIL] | Jaccard: 0.00 [WARN] | ANOVA: p=0.00 [OK] | MI: 0.0085 [OK]
2026-01-01 11:48:01,984 - System.tprint - WARNING - ⚠️ ❌ [LIQ_CUSUM] Gates Failed: Sample: 5912/5.56/d [OK] | Bal: 97.1% [FAIL] | Jaccard: 0.00 [WARN] | ANOVA: p=0.00 [OK] | MI: 0.0085 [OK]
2026-01-01 11:48:02,013 - src.training.steps.labeling.orthogonal_label_generation - WARNING - ⚠️ LiquidityCusumEvents requires DataFrame with High/Low
[2026-01-01 11:48:02.054] WARNING: ❌ [LIQ_CUSUM] Gates Failed: Sample: 5912/5.56/d [OK] | Bal: 97.1% [FAIL] | Jaccard: 0.00 [WARN] | ANOVA: p=0.00 [OK] | MI: 0.0085 [OK]
2026-01-01 11:48:02,055 - System.tprint - WARNING - ⚠️ ❌ [LIQ_CUSUM] Gates Failed: Sample: 5912/5.56/d [OK] | Bal: 97.1% [FAIL] | Jaccard: 0.00 [WARN] | ANOVA: p=0.00 [OK] | MI: 0.0085 [OK]
2026-01-01 11:48:02,078 - src.training.steps.labeling.orthogonal_label_generation - WARNING - ⚠️ LiquidityCusumEvents requires DataFrame with High/Low
2026-01-01 11:48:02,165 - src.training.steps.labeling.orthogonal_label_generation - WARNING - ⚠️ LiquidityCusumEvents requires DataFrame with High/Low
2026-01-01 11:48:02,242 - src.training.steps.labeling.orthogonal_label_generation - WARNING - ⚠️ LiquidityCusumEvents requires DataFrame with High/Low
2026-01-01 11:48:02,344 - src.training.steps.labeling.orthogonal_label_generation - WARNING - ⚠️ LiquidityCusumEvents requires DataFrame with High/Low
[2026-01-01 11:48:02.401] WARNING: ❌ [LIQ_CUSUM] Gates Failed: Sample: 5912/5.56/d [OK] | Bal: 97.1% [FAIL] | Jaccard: 0.00 [WARN] | ANOVA: p=0.00 [OK] | MI: 0.0085 [OK]
2026-01-01 11:48:02,401 - System.tprint - WARNING - ⚠️ ❌ [LIQ_CUSUM] Gates Failed: Sample: 5912/5.56/d [OK] | Bal: 97.1% [FAIL] | Jaccard: 0.00 [WARN] | ANOVA: p=0.00 [OK] | MI: 0.0085 [OK]
2026-01-01 11:48:02,425 - src.training.steps.labeling.orthogonal_label_generation - WARNING - ⚠️ LiquidityCusumEvents requires DataFrame with High/Low
[2026-01-01 11:48:02.485] WARNING: ❌ [LIQ_CUSUM] Gates Failed: Sample: 5912/5.56/d [OK] | Bal: 97.1% [FAIL] | Jaccard: 0.00 [WARN] | ANOVA: p=0.00 [OK] | MI: 0.0085 [OK]
2026-01-01 11:48:02,485 - System.tprint - WARNING - ⚠️ ❌ [LIQ_CUSUM] Gates Failed: Sample: 5912/5.56/d [OK] | Bal: 97.1% [FAIL] | Jaccard: 0.00 [WARN] | ANOVA: p=0.00 [OK] | MI: 0.0085 [OK]
2026-01-01 11:48:02,507 - src.training.steps.labeling.orthogonal_label_generation - WARNING - ⚠️ LiquidityCusumEvents requires DataFrame with High/Low
[2026-01-01 11:48:02.555] WARNING: ❌ [LIQ_CUSUM] Gates Failed: Sample: 5912/5.56/d [OK] | Bal: 97.1% [FAIL] | Jaccard: 0.00 [WARN] | ANOVA: p=0.00 [OK] | MI: 0.0085 [OK]
2026-01-01 11:48:02,555 - System.tprint - WARNING - ⚠️ ❌ [LIQ_CUSUM] Gates Failed: Sample: 5912/5.56/d [OK] | Bal: 97.1% [FAIL] | Jaccard: 0.00 [WARN] | ANOVA: p=0.00 [OK] | MI: 0.0085 [OK]
2026-01-01 11:48:02,578 - src.training.steps.labeling.orthogonal_label_generation - WARNING - ⚠️ LiquidityCusumEvents requires DataFrame with High/Low
2026-01-01 11:48:02,654 - src.training.steps.labeling.orthogonal_label_generation - WARNING - ⚠️ LiquidityCusumEvents requires DataFrame with High/Low
2026-01-01 11:48:02,724 - src.training.steps.labeling.orthogonal_label_generation - WARNING - ⚠️ LiquidityCusumEvents requires DataFrame with High/Low
2026-01-01 11:48:02,787 - src.training.steps.labeling.orthogonal_label_generation - WARNING - ⚠️ LiquidityCusumEvents requires DataFrame with High/Low
[2026-01-01 11:48:02.852] WARNING: ❌ [LIQ_CUSUM] Gates Failed: Sample: 5912/5.56/d [OK] | Bal: 95.3% [FAIL] | Jaccard: 0.00 [WARN] | ANOVA: p=0.00 [OK] | MI: 0.0061 [OK]
2026-01-01 11:48:02,852 - System.tprint - WARNING - ⚠️ ❌ [LIQ_CUSUM] Gates Failed: Sample: 5912/5.56/d [OK] | Bal: 95.3% [FAIL] | Jaccard: 0.00 [WARN] | ANOVA: p=0.00 [OK] | MI: 0.0061 [OK]
2026-01-01 11:48:02,874 - src.training.steps.labeling.orthogonal_label_generation - WARNING - ⚠️ LiquidityCusumEvents requires DataFrame with High/Low
[2026-01-01 11:48:02.936] WARNING: ❌ [LIQ_CUSUM] Gates Failed: Sample: 5912/5.56/d [OK] | Bal: 95.3% [FAIL] | Jaccard: 0.00 [WARN] | ANOVA: p=0.00 [OK] | MI: 0.0061 [OK]
2026-01-01 11:48:02,936 - System.tprint - WARNING - ⚠️ ❌ [LIQ_CUSUM] Gates Failed: Sample: 5912/5.56/d [OK] | Bal: 95.3% [FAIL] | Jaccard: 0.00 [WARN] | ANOVA: p=0.00 [OK] | MI: 0.0061 [OK]
2026-01-01 11:48:02,957 - src.training.steps.labeling.orthogonal_label_generation - WARNING - ⚠️ LiquidityCusumEvents requires DataFrame with High/Low
[2026-01-01 11:48:03.013] WARNING: ❌ [LIQ_CUSUM] Gates Failed: Sample: 5912/5.56/d [OK] | Bal: 95.3% [FAIL] | Jaccard: 0.00 [WARN] | ANOVA: p=0.00 [OK] | MI: 0.0061 [OK]
2026-01-01 11:48:03,013 - System.tprint - WARNING - ⚠️ ❌ [LIQ_CUSUM] Gates Failed: Sample: 5912/5.56/d [OK] | Bal: 95.3% [FAIL] | Jaccard: 0.00 [WARN] | ANOVA: p=0.00 [OK] | MI: 0.0061 [OK]
2026-01-01 11:48:03,028 - src.training.steps.labeling.orthogonal_label_generation - WARNING - ⚠️ LiquidityCusumEvents requires DataFrame with High/Low
2026-01-01 11:48:03,846 - src.utils.hardware.m1_memory_optimizer.M1MemoryOptimizer - INFO - ℹ️ 🧹 Moderate cleanup: 462 objects collected
2026-01-01 11:48:03,918 - src.training.steps.labeling.orthogonal_label_generation - WARNING - ⚠️ LiquidityCusumEvents requires DataFrame with High/Low
2026-01-01 11:48:04,016 - src.training.steps.labeling.orthogonal_label_generation - WARNING - ⚠️ LiquidityCusumEvents requires DataFrame with High/Low
2026-01-01 11:48:04,132 - src.training.steps.labeling.orthogonal_label_generation - WARNING - ⚠️ LiquidityCusumEvents requires DataFrame with High/Low
[2026-01-01 11:48:04.227] WARNING: ❌ [LIQ_CUSUM] Gates Failed: Sample: 5912/5.56/d [OK] | Bal: 95.3% [FAIL] | Jaccard: 0.00 [WARN] | ANOVA: p=0.00 [OK] | MI: 0.0061 [OK]
2026-01-01 11:48:04,228 - System.tprint - WARNING - ⚠️ ❌ [LIQ_CUSUM] Gates Failed: Sample: 5912/5.56/d [OK] | Bal: 95.3% [FAIL] | Jaccard: 0.00 [WARN] | ANOVA: p=0.00 [OK] | MI: 0.0061 [OK]
2026-01-01 11:48:04,260 - src.training.steps.labeling.orthogonal_label_generation - WARNING - ⚠️ LiquidityCusumEvents requires DataFrame with High/Low
[2026-01-01 11:48:04.348] WARNING: ❌ [LIQ_CUSUM] Gates Failed: Sample: 5912/5.56/d [OK] | Bal: 95.3% [FAIL] | Jaccard: 0.00 [WARN] | ANOVA: p=0.00 [OK] | MI: 0.0061 [OK]
2026-01-01 11:48:04,348 - System.tprint - WARNING - ⚠️ ❌ [LIQ_CUSUM] Gates Failed: Sample: 5912/5.56/d [OK] | Bal: 95.3% [FAIL] | Jaccard: 0.00 [WARN] | ANOVA: p=0.00 [OK] | MI: 0.0061 [OK]
2026-01-01 11:48:04,382 - src.training.steps.labeling.orthogonal_label_generation - WARNING - ⚠️ LiquidityCusumEvents requires DataFrame with High/Low
[2026-01-01 11:48:04.454] WARNING: ❌ [LIQ_CUSUM] Gates Failed: Sample: 5912/5.56/d [OK] | Bal: 95.3% [FAIL] | Jaccard: 0.00 [WARN] | ANOVA: p=0.00 [OK] | MI: 0.0061 [OK]
2026-01-01 11:48:04,455 - System.tprint - WARNING - ⚠️ ❌ [LIQ_CUSUM] Gates Failed: Sample: 5912/5.56/d [OK] | Bal: 95.3% [FAIL] | Jaccard: 0.00 [WARN] | ANOVA: p=0.00 [OK] | MI: 0.0061 [OK]
2026-01-01 11:48:04,484 - src.training.steps.labeling.orthogonal_label_generation - WARNING - ⚠️ LiquidityCusumEvents requires DataFrame with High/Low
2026-01-01 11:48:04,583 - src.training.steps.labeling.orthogonal_label_generation - WARNING - ⚠️ LiquidityCusumEvents requires DataFrame with High/Low
2026-01-01 11:48:04,699 - src.training.steps.labeling.orthogonal_label_generation - WARNING - ⚠️ LiquidityCusumEvents requires DataFrame with High/Low
2026-01-01 11:48:04,780 - src.training.steps.labeling.orthogonal_label_generation - WARNING - ⚠️ LiquidityCusumEvents requires DataFrame with High/Low
[2026-01-01 11:48:04.857] WARNING: ❌ [LIQ_CUSUM] Gates Failed: Sample: 5912/5.56/d [OK] | Bal: 92.8% [FAIL] | Jaccard: 0.00 [WARN] | ANOVA: p=0.00 [OK] | MI: 0.0109 [OK]
2026-01-01 11:48:04,857 - System.tprint - WARNING - ⚠️ ❌ [LIQ_CUSUM] Gates Failed: Sample: 5912/5.56/d [OK] | Bal: 92.8% [FAIL] | Jaccard: 0.00 [WARN] | ANOVA: p=0.00 [OK] | MI: 0.0109 [OK]
2026-01-01 11:48:04,921 - src.training.steps.labeling.orthogonal_label_generation - WARNING - ⚠️ LiquidityCusumEvents requires DataFrame with High/Low
[2026-01-01 11:48:05.000] WARNING: ❌ [LIQ_CUSUM] Gates Failed: Sample: 5912/5.56/d [OK] | Bal: 92.8% [FAIL] | Jaccard: 0.00 [WARN] | ANOVA: p=0.00 [OK] | MI: 0.0109 [OK]
2026-01-01 11:48:05,000 - System.tprint - WARNING - ⚠️ ❌ [LIQ_CUSUM] Gates Failed: Sample: 5912/5.56/d [OK] | Bal: 92.8% [FAIL] | Jaccard: 0.00 [WARN] | ANOVA: p=0.00 [OK] | MI: 0.0109 [OK]
2026-01-01 11:48:05,037 - src.training.steps.labeling.orthogonal_label_generation - WARNING - ⚠️ LiquidityCusumEvents requires DataFrame with High/Low
[2026-01-01 11:48:05.121] WARNING: ❌ [LIQ_CUSUM] Gates Failed: Sample: 5912/5.56/d [OK] | Bal: 92.8% [FAIL] | Jaccard: 0.00 [WARN] | ANOVA: p=0.00 [OK] | MI: 0.0109 [OK]
2026-01-01 11:48:05,121 - System.tprint - WARNING - ⚠️ ❌ [LIQ_CUSUM] Gates Failed: Sample: 5912/5.56/d [OK] | Bal: 92.8% [FAIL] | Jaccard: 0.00 [WARN] | ANOVA: p=0.00 [OK] | MI: 0.0109 [OK]
2026-01-01 11:48:05,146 - src.training.steps.labeling.orthogonal_label_generation - WARNING - ⚠️ LiquidityCusumEvents requires DataFrame with High/Low
2026-01-01 11:48:05,270 - src.training.steps.labeling.orthogonal_label_generation - WARNING - ⚠️ LiquidityCusumEvents requires DataFrame with High/Low
2026-01-01 11:48:05,351 - src.training.steps.labeling.orthogonal_label_generation - WARNING - ⚠️ LiquidityCusumEvents requires DataFrame with High/Low
2026-01-01 11:48:05,436 - src.training.steps.labeling.orthogonal_label_generation - WARNING - ⚠️ LiquidityCusumEvents requires DataFrame with High/Low
[2026-01-01 11:48:05.496] WARNING: ❌ [LIQ_CUSUM] Gates Failed: Sample: 5912/5.56/d [OK] | Bal: 92.8% [FAIL] | Jaccard: 0.00 [WARN] | ANOVA: p=0.00 [OK] | MI: 0.0109 [OK]
2026-01-01 11:48:05,501 - System.tprint - WARNING - ⚠️ ❌ [LIQ_CUSUM] Gates Failed: Sample: 5912/5.56/d [OK] | Bal: 92.8% [FAIL] | Jaccard: 0.00 [WARN] | ANOVA: p=0.00 [OK] | MI: 0.0109 [OK]
2026-01-01 11:48:05,525 - src.training.steps.labeling.orthogonal_label_generation - WARNING - ⚠️ LiquidityCusumEvents requires DataFrame with High/Low
[2026-01-01 11:48:05.590] WARNING: ❌ [LIQ_CUSUM] Gates Failed: Sample: 5912/5.56/d [OK] | Bal: 92.8% [FAIL] | Jaccard: 0.00 [WARN] | ANOVA: p=0.00 [OK] | MI: 0.0109 [OK]
2026-01-01 11:48:05,592 - System.tprint - WARNING - ⚠️ ❌ [LIQ_CUSUM] Gates Failed: Sample: 5912/5.56/d [OK] | Bal: 92.8% [FAIL] | Jaccard: 0.00 [WARN] | ANOVA: p=0.00 [OK] | MI: 0.0109 [OK]
2026-01-01 11:48:05,635 - src.training.steps.labeling.orthogonal_label_generation - WARNING - ⚠️ LiquidityCusumEvents requires DataFrame with High/Low
[2026-01-01 11:48:05.697] WARNING: ❌ [LIQ_CUSUM] Gates Failed: Sample: 5912/5.56/d [OK] | Bal: 92.8% [FAIL] | Jaccard: 0.00 [WARN] | ANOVA: p=0.00 [OK] | MI: 0.0109 [OK]
2026-01-01 11:48:05,698 - System.tprint - WARNING - ⚠️ ❌ [LIQ_CUSUM] Gates Failed: Sample: 5912/5.56/d [OK] | Bal: 92.8% [FAIL] | Jaccard: 0.00 [WARN] | ANOVA: p=0.00 [OK] | MI: 0.0109 [OK]
2026-01-01 11:48:05,730 - src.training.steps.labeling.orthogonal_label_generation - WARNING - ⚠️ LiquidityCusumEvents requires DataFrame with High/Low
2026-01-01 11:48:05,814 - src.training.steps.labeling.orthogonal_label_generation - WARNING - ⚠️ LiquidityCusumEvents requires DataFrame with High/Low
2026-01-01 11:48:05,894 - src.training.steps.labeling.orthogonal_label_generation - WARNING - ⚠️ LiquidityCusumEvents requires DataFrame with High/Low
2026-01-01 11:48:05,976 - src.training.steps.labeling.orthogonal_label_generation - WARNING - ⚠️ LiquidityCusumEvents requires DataFrame with High/Low
2026-01-01 11:48:06,063 - src.training.steps.labeling.orthogonal_label_generation - WARNING - ⚠️ LiquidityCusumEvents requires DataFrame with High/Low
2026-01-01 11:48:06,149 - src.training.steps.labeling.orthogonal_label_generation - WARNING - ⚠️ LiquidityCusumEvents requires DataFrame with High/Low
2026-01-01 11:48:06,229 - src.training.steps.labeling.orthogonal_label_generation - WARNING - ⚠️ LiquidityCusumEvents requires DataFrame with High/Low
2026-01-01 11:48:06,318 - src.training.steps.labeling.orthogonal_label_generation - WARNING - ⚠️ LiquidityCusumEvents requires DataFrame with High/Low
2026-01-01 11:48:06,392 - src.training.steps.labeling.orthogonal_label_generation - WARNING - ⚠️ LiquidityCusumEvents requires DataFrame with High/Low
2026-01-01 11:48:06,478 - src.training.steps.labeling.orthogonal_label_generation - WARNING - ⚠️ LiquidityCusumEvents requires DataFrame with High/Low
2026-01-01 11:48:06,559 - src.training.steps.labeling.orthogonal_label_generation - WARNING - ⚠️ LiquidityCusumEvents requires DataFrame with High/Low
2026-01-01 11:48:06,640 - src.training.steps.labeling.orthogonal_label_generation - WARNING - ⚠️ LiquidityCusumEvents requires DataFrame with High/Low
[2026-01-01 11:48:06.910] WARNING: ❌ [VOL_PARTICIPATION] Gates Failed: Sample: 7/0.01/d [FAIL] | Bal: 14.3% [OK] | Jaccard: ERR [WARN] | ANOVA: p=0.21 [FAIL] | MI: 0.0000 [WARN]
2026-01-01 11:48:06,911 - System.tprint - WARNING - ⚠️ ❌ [VOL_PARTICIPATION] Gates Failed: Sample: 7/0.01/d [FAIL] | Bal: 14.3% [OK] | Jaccard: ERR [WARN] | ANOVA: p=0.21 [FAIL] | MI: 0.0000 [WARN]
[2026-01-01 11:48:07.043] WARNING: ❌ [VOL_PARTICIPATION] Gates Failed: Sample: 7/0.01/d [FAIL] | Bal: 14.3% [OK] | Jaccard: ERR [WARN] | ANOVA: p=0.21 [FAIL] | MI: 0.0000 [WARN]
2026-01-01 11:48:07,043 - System.tprint - WARNING - ⚠️ ❌ [VOL_PARTICIPATION] Gates Failed: Sample: 7/0.01/d [FAIL] | Bal: 14.3% [OK] | Jaccard: ERR [WARN] | ANOVA: p=0.21 [FAIL] | MI: 0.0000 [WARN]
[2026-01-01 11:48:07.211] WARNING: ❌ [VOL_PARTICIPATION] Gates Failed: Sample: 7/0.01/d [FAIL] | Bal: 14.3% [OK] | Jaccard: ERR [WARN] | ANOVA: p=0.21 [FAIL] | MI: 0.0000 [WARN]
2026-01-01 11:48:07,212 - System.tprint - WARNING - ⚠️ ❌ [VOL_PARTICIPATION] Gates Failed: Sample: 7/0.01/d [FAIL] | Bal: 14.3% [OK] | Jaccard: ERR [WARN] | ANOVA: p=0.21 [FAIL] | MI: 0.0000 [WARN]
[2026-01-01 11:48:07.296] WARNING: ❌ [VOL_PARTICIPATION] Gates Failed: Sample: 7/0.01/d [FAIL] | Bal: 0.0% [FAIL] | Jaccard: ERR [WARN] | ANOVA: N/A [WARN] | MI: 0.0000 [WARN]
2026-01-01 11:48:07,301 - System.tprint - WARNING - ⚠️ ❌ [VOL_PARTICIPATION] Gates Failed: Sample: 7/0.01/d [FAIL] | Bal: 0.0% [FAIL] | Jaccard: ERR [WARN] | ANOVA: N/A [WARN] | MI: 0.0000 [WARN]
[2026-01-01 11:48:07.365] WARNING: ❌ [VOL_PARTICIPATION] Gates Failed: Sample: 7/0.01/d [FAIL] | Bal: 0.0% [FAIL] | Jaccard: ERR [WARN] | ANOVA: N/A [WARN] | MI: 0.0000 [WARN]
2026-01-01 11:48:07,366 - System.tprint - WARNING - ⚠️ ❌ [VOL_PARTICIPATION] Gates Failed: Sample: 7/0.01/d [FAIL] | Bal: 0.0% [FAIL] | Jaccard: ERR [WARN] | ANOVA: N/A [WARN] | MI: 0.0000 [WARN]
[2026-01-01 11:48:07.466] WARNING: ❌ [VOL_PARTICIPATION] Gates Failed: Sample: 7/0.01/d [FAIL] | Bal: 0.0% [FAIL] | Jaccard: ERR [WARN] | ANOVA: N/A [WARN] | MI: 0.0000 [WARN]
2026-01-01 11:48:07,466 - System.tprint - WARNING - ⚠️ ❌ [VOL_PARTICIPATION] Gates Failed: Sample: 7/0.01/d [FAIL] | Bal: 0.0% [FAIL] | Jaccard: ERR [WARN] | ANOVA: N/A [WARN] | MI: 0.0000 [WARN]
[2026-01-01 11:48:07.577] WARNING: ❌ [VOL_PARTICIPATION] Gates Failed: Sample: 7/0.01/d [FAIL] | Bal: 14.3% [OK] | Jaccard: ERR [WARN] | ANOVA: p=0.21 [FAIL] | MI: 0.0000 [WARN]
2026-01-01 11:48:07,577 - System.tprint - WARNING - ⚠️ ❌ [VOL_PARTICIPATION] Gates Failed: Sample: 7/0.01/d [FAIL] | Bal: 14.3% [OK] | Jaccard: ERR [WARN] | ANOVA: p=0.21 [FAIL] | MI: 0.0000 [WARN]
[2026-01-01 11:48:07.633] WARNING: ❌ [VOL_PARTICIPATION] Gates Failed: Sample: 7/0.01/d [FAIL] | Bal: 14.3% [OK] | Jaccard: ERR [WARN] | ANOVA: p=0.21 [FAIL] | MI: 0.0000 [WARN]
2026-01-01 11:48:07,633 - System.tprint - WARNING - ⚠️ ❌ [VOL_PARTICIPATION] Gates Failed: Sample: 7/0.01/d [FAIL] | Bal: 14.3% [OK] | Jaccard: ERR [WARN] | ANOVA: p=0.21 [FAIL] | MI: 0.0000 [WARN]
[2026-01-01 11:48:07.680] WARNING: ❌ [VOL_PARTICIPATION] Gates Failed: Sample: 7/0.01/d [FAIL] | Bal: 14.3% [OK] | Jaccard: ERR [WARN] | ANOVA: p=0.21 [FAIL] | MI: 0.0000 [WARN]
2026-01-01 11:48:07,681 - System.tprint - WARNING - ⚠️ ❌ [VOL_PARTICIPATION] Gates Failed: Sample: 7/0.01/d [FAIL] | Bal: 14.3% [OK] | Jaccard: ERR [WARN] | ANOVA: p=0.21 [FAIL] | MI: 0.0000 [WARN]
[2026-01-01 11:48:07.745] WARNING: ❌ [VOL_PARTICIPATION] Gates Failed: Sample: 7/0.01/d [FAIL] | Bal: 0.0% [FAIL] | Jaccard: ERR [WARN] | ANOVA: N/A [WARN] | MI: 0.0000 [WARN]
2026-01-01 11:48:07,746 - System.tprint - WARNING - ⚠️ ❌ [VOL_PARTICIPATION] Gates Failed: Sample: 7/0.01/d [FAIL] | Bal: 0.0% [FAIL] | Jaccard: ERR [WARN] | ANOVA: N/A [WARN] | MI: 0.0000 [WARN]
[2026-01-01 11:48:07.789] WARNING: ❌ [VOL_PARTICIPATION] Gates Failed: Sample: 7/0.01/d [FAIL] | Bal: 0.0% [FAIL] | Jaccard: ERR [WARN] | ANOVA: N/A [WARN] | MI: 0.0000 [WARN]
2026-01-01 11:48:07,789 - System.tprint - WARNING - ⚠️ ❌ [VOL_PARTICIPATION] Gates Failed: Sample: 7/0.01/d [FAIL] | Bal: 0.0% [FAIL] | Jaccard: ERR [WARN] | ANOVA: N/A [WARN] | MI: 0.0000 [WARN]
[2026-01-01 11:48:07.827] WARNING: ❌ [VOL_PARTICIPATION] Gates Failed: Sample: 7/0.01/d [FAIL] | Bal: 0.0% [FAIL] | Jaccard: ERR [WARN] | ANOVA: N/A [WARN] | MI: 0.0000 [WARN]
2026-01-01 11:48:07,827 - System.tprint - WARNING - ⚠️ ❌ [VOL_PARTICIPATION] Gates Failed: Sample: 7/0.01/d [FAIL] | Bal: 0.0% [FAIL] | Jaccard: ERR [WARN] | ANOVA: N/A [WARN] | MI: 0.0000 [WARN]
[2026-01-01 11:48:07.871] WARNING: ❌ [VOL_PARTICIPATION] Gates Failed: Sample: 7/0.01/d [FAIL] | Bal: 14.3% [OK] | Jaccard: ERR [WARN] | ANOVA: p=0.21 [FAIL] | MI: 0.0000 [WARN]
2026-01-01 11:48:07,872 - System.tprint - WARNING - ⚠️ ❌ [VOL_PARTICIPATION] Gates Failed: Sample: 7/0.01/d [FAIL] | Bal: 14.3% [OK] | Jaccard: ERR [WARN] | ANOVA: p=0.21 [FAIL] | MI: 0.0000 [WARN]
[2026-01-01 11:48:07.906] WARNING: ❌ [VOL_PARTICIPATION] Gates Failed: Sample: 7/0.01/d [FAIL] | Bal: 14.3% [OK] | Jaccard: ERR [WARN] | ANOVA: p=0.21 [FAIL] | MI: 0.0000 [WARN]
2026-01-01 11:48:07,907 - System.tprint - WARNING - ⚠️ ❌ [VOL_PARTICIPATION] Gates Failed: Sample: 7/0.01/d [FAIL] | Bal: 14.3% [OK] | Jaccard: ERR [WARN] | ANOVA: p=0.21 [FAIL] | MI: 0.0000 [WARN]
[2026-01-01 11:48:07.943] WARNING: ❌ [VOL_PARTICIPATION] Gates Failed: Sample: 7/0.01/d [FAIL] | Bal: 14.3% [OK] | Jaccard: ERR [WARN] | ANOVA: p=0.21 [FAIL] | MI: 0.0000 [WARN]
2026-01-01 11:48:07,944 - System.tprint - WARNING - ⚠️ ❌ [VOL_PARTICIPATION] Gates Failed: Sample: 7/0.01/d [FAIL] | Bal: 14.3% [OK] | Jaccard: ERR [WARN] | ANOVA: p=0.21 [FAIL] | MI: 0.0000 [WARN]
[2026-01-01 11:48:08.055] WARNING: ❌ [VOL_PARTICIPATION] Gates Failed: Sample: 7/0.01/d [FAIL] | Bal: 0.0% [FAIL] | Jaccard: ERR [WARN] | ANOVA: N/A [WARN] | MI: 0.0000 [WARN]
2026-01-01 11:48:08,055 - System.tprint - WARNING - ⚠️ ❌ [VOL_PARTICIPATION] Gates Failed: Sample: 7/0.01/d [FAIL] | Bal: 0.0% [FAIL] | Jaccard: ERR [WARN] | ANOVA: N/A [WARN] | MI: 0.0000 [WARN]
[2026-01-01 11:48:08.192] WARNING: ❌ [VOL_PARTICIPATION] Gates Failed: Sample: 7/0.01/d [FAIL] | Bal: 0.0% [FAIL] | Jaccard: ERR [WARN] | ANOVA: N/A [WARN] | MI: 0.0000 [WARN]
2026-01-01 11:48:08,193 - System.tprint - WARNING - ⚠️ ❌ [VOL_PARTICIPATION] Gates Failed: Sample: 7/0.01/d [FAIL] | Bal: 0.0% [FAIL] | Jaccard: ERR [WARN] | ANOVA: N/A [WARN] | MI: 0.0000 [WARN]
[2026-01-01 11:48:08.227] WARNING: ❌ [VOL_PARTICIPATION] Gates Failed: Sample: 7/0.01/d [FAIL] | Bal: 0.0% [FAIL] | Jaccard: ERR [WARN] | ANOVA: N/A [WARN] | MI: 0.0000 [WARN]
2026-01-01 11:48:08,227 - System.tprint - WARNING - ⚠️ ❌ [VOL_PARTICIPATION] Gates Failed: Sample: 7/0.01/d [FAIL] | Bal: 0.0% [FAIL] | Jaccard: ERR [WARN] | ANOVA: N/A [WARN] | MI: 0.0000 [WARN]
[2026-01-01 11:48:08.297] WARNING: ❌ [VOL_PARTICIPATION] Gates Failed: Sample: 7/0.01/d [FAIL] | Bal: 14.3% [OK] | Jaccard: ERR [WARN] | ANOVA: p=0.21 [FAIL] | MI: 0.0000 [WARN]
2026-01-01 11:48:08,297 - System.tprint - WARNING - ⚠️ ❌ [VOL_PARTICIPATION] Gates Failed: Sample: 7/0.01/d [FAIL] | Bal: 14.3% [OK] | Jaccard: ERR [WARN] | ANOVA: p=0.21 [FAIL] | MI: 0.0000 [WARN]
[2026-01-01 11:48:08.376] WARNING: ❌ [VOL_PARTICIPATION] Gates Failed: Sample: 7/0.01/d [FAIL] | Bal: 14.3% [OK] | Jaccard: ERR [WARN] | ANOVA: p=0.21 [FAIL] | MI: 0.0000 [WARN]
2026-01-01 11:48:08,377 - System.tprint - WARNING - ⚠️ ❌ [VOL_PARTICIPATION] Gates Failed: Sample: 7/0.01/d [FAIL] | Bal: 14.3% [OK] | Jaccard: ERR [WARN] | ANOVA: p=0.21 [FAIL] | MI: 0.0000 [WARN]
[2026-01-01 11:48:08.415] WARNING: ❌ [VOL_PARTICIPATION] Gates Failed: Sample: 7/0.01/d [FAIL] | Bal: 14.3% [OK] | Jaccard: ERR [WARN] | ANOVA: p=0.21 [FAIL] | MI: 0.0000 [WARN]
2026-01-01 11:48:08,415 - System.tprint - WARNING - ⚠️ ❌ [VOL_PARTICIPATION] Gates Failed: Sample: 7/0.01/d [FAIL] | Bal: 14.3% [OK] | Jaccard: ERR [WARN] | ANOVA: p=0.21 [FAIL] | MI: 0.0000 [WARN]
[2026-01-01 11:48:08.474] WARNING: ❌ [VOL_PARTICIPATION] Gates Failed: Sample: 7/0.01/d [FAIL] | Bal: 0.0% [FAIL] | Jaccard: ERR [WARN] | ANOVA: N/A [WARN] | MI: 0.0000 [WARN]
2026-01-01 11:48:08,474 - System.tprint - WARNING - ⚠️ ❌ [VOL_PARTICIPATION] Gates Failed: Sample: 7/0.01/d [FAIL] | Bal: 0.0% [FAIL] | Jaccard: ERR [WARN] | ANOVA: N/A [WARN] | MI: 0.0000 [WARN]
[2026-01-01 11:48:08.536] WARNING: ❌ [VOL_PARTICIPATION] Gates Failed: Sample: 7/0.01/d [FAIL] | Bal: 0.0% [FAIL] | Jaccard: ERR [WARN] | ANOVA: N/A [WARN] | MI: 0.0000 [WARN]
2026-01-01 11:48:08,536 - System.tprint - WARNING - ⚠️ ❌ [VOL_PARTICIPATION] Gates Failed: Sample: 7/0.01/d [FAIL] | Bal: 0.0% [FAIL] | Jaccard: ERR [WARN] | ANOVA: N/A [WARN] | MI: 0.0000 [WARN]
[2026-01-01 11:48:08.610] WARNING: ❌ [VOL_PARTICIPATION] Gates Failed: Sample: 7/0.01/d [FAIL] | Bal: 0.0% [FAIL] | Jaccard: ERR [WARN] | ANOVA: N/A [WARN] | MI: 0.0000 [WARN]
2026-01-01 11:48:08,611 - System.tprint - WARNING - ⚠️ ❌ [VOL_PARTICIPATION] Gates Failed: Sample: 7/0.01/d [FAIL] | Bal: 0.0% [FAIL] | Jaccard: ERR [WARN] | ANOVA: N/A [WARN] | MI: 0.0000 [WARN]
[2026-01-01 11:48:08.674] WARNING: ❌ [VOL_PARTICIPATION] Gates Failed: Sample: 7/0.01/d [FAIL] | Bal: 14.3% [OK] | Jaccard: ERR [WARN] | ANOVA: p=0.21 [FAIL] | MI: 0.0000 [WARN]
2026-01-01 11:48:08,674 - System.tprint - WARNING - ⚠️ ❌ [VOL_PARTICIPATION] Gates Failed: Sample: 7/0.01/d [FAIL] | Bal: 14.3% [OK] | Jaccard: ERR [WARN] | ANOVA: p=0.21 [FAIL] | MI: 0.0000 [WARN]
[2026-01-01 11:48:08.726] WARNING: ❌ [VOL_PARTICIPATION] Gates Failed: Sample: 7/0.01/d [FAIL] | Bal: 14.3% [OK] | Jaccard: ERR [WARN] | ANOVA: p=0.21 [FAIL] | MI: 0.0000 [WARN]
2026-01-01 11:48:08,726 - System.tprint - WARNING - ⚠️ ❌ [VOL_PARTICIPATION] Gates Failed: Sample: 7/0.01/d [FAIL] | Bal: 14.3% [OK] | Jaccard: ERR [WARN] | ANOVA: p=0.21 [FAIL] | MI: 0.0000 [WARN]
[2026-01-01 11:48:08.776] WARNING: ❌ [VOL_PARTICIPATION] Gates Failed: Sample: 7/0.01/d [FAIL] | Bal: 14.3% [OK] | Jaccard: ERR [WARN] | ANOVA: p=0.21 [FAIL] | MI: 0.0000 [WARN]
2026-01-01 11:48:08,777 - System.tprint - WARNING - ⚠️ ❌ [VOL_PARTICIPATION] Gates Failed: Sample: 7/0.01/d [FAIL] | Bal: 14.3% [OK] | Jaccard: ERR [WARN] | ANOVA: p=0.21 [FAIL] | MI: 0.0000 [WARN]
[2026-01-01 11:48:08.816] WARNING: ❌ [VOL_PARTICIPATION] Gates Failed: Sample: 7/0.01/d [FAIL] | Bal: 0.0% [FAIL] | Jaccard: ERR [WARN] | ANOVA: N/A [WARN] | MI: 0.0000 [WARN]
2026-01-01 11:48:08,816 - System.tprint - WARNING - ⚠️ ❌ [VOL_PARTICIPATION] Gates Failed: Sample: 7/0.01/d [FAIL] | Bal: 0.0% [FAIL] | Jaccard: ERR [WARN] | ANOVA: N/A [WARN] | MI: 0.0000 [WARN]
[2026-01-01 11:48:08.850] WARNING: ❌ [VOL_PARTICIPATION] Gates Failed: Sample: 7/0.01/d [FAIL] | Bal: 0.0% [FAIL] | Jaccard: ERR [WARN] | ANOVA: N/A [WARN] | MI: 0.0000 [WARN]
2026-01-01 11:48:08,850 - System.tprint - WARNING - ⚠️ ❌ [VOL_PARTICIPATION] Gates Failed: Sample: 7/0.01/d [FAIL] | Bal: 0.0% [FAIL] | Jaccard: ERR [WARN] | ANOVA: N/A [WARN] | MI: 0.0000 [WARN]
2026-01-01 11:48:09,663 - src.utils.hardware.m1_memory_optimizer.M1MemoryOptimizer - INFO - ℹ️ 🧹 Moderate cleanup: 308 objects collected
[2026-01-01 11:48:09.677] WARNING: ❌ [VOL_PARTICIPATION] Gates Failed: Sample: 7/0.01/d [FAIL] | Bal: 0.0% [FAIL] | Jaccard: ERR [WARN] | ANOVA: N/A [WARN] | MI: 0.0000 [WARN]
2026-01-01 11:48:09,679 - System.tprint - WARNING - ⚠️ ❌ [VOL_PARTICIPATION] Gates Failed: Sample: 7/0.01/d [FAIL] | Bal: 0.0% [FAIL] | Jaccard: ERR [WARN] | ANOVA: N/A [WARN] | MI: 0.0000 [WARN]
[2026-01-01 11:48:09.735] WARNING: ❌ [VOL_PARTICIPATION] Gates Failed: Sample: 7/0.01/d [FAIL] | Bal: 14.3% [OK] | Jaccard: ERR [WARN] | ANOVA: p=0.21 [FAIL] | MI: 0.0000 [WARN]
2026-01-01 11:48:09,735 - System.tprint - WARNING - ⚠️ ❌ [VOL_PARTICIPATION] Gates Failed: Sample: 7/0.01/d [FAIL] | Bal: 14.3% [OK] | Jaccard: ERR [WARN] | ANOVA: p=0.21 [FAIL] | MI: 0.0000 [WARN]
[2026-01-01 11:48:09.791] WARNING: ❌ [VOL_PARTICIPATION] Gates Failed: Sample: 7/0.01/d [FAIL] | Bal: 14.3% [OK] | Jaccard: ERR [WARN] | ANOVA: p=0.21 [FAIL] | MI: 0.0000 [WARN]
2026-01-01 11:48:09,792 - System.tprint - WARNING - ⚠️ ❌ [VOL_PARTICIPATION] Gates Failed: Sample: 7/0.01/d [FAIL] | Bal: 14.3% [OK] | Jaccard: ERR [WARN] | ANOVA: p=0.21 [FAIL] | MI: 0.0000 [WARN]
[2026-01-01 11:48:09.828] WARNING: ❌ [VOL_PARTICIPATION] Gates Failed: Sample: 7/0.01/d [FAIL] | Bal: 14.3% [OK] | Jaccard: ERR [WARN] | ANOVA: p=0.21 [FAIL] | MI: 0.0000 [WARN]
2026-01-01 11:48:09,829 - System.tprint - WARNING - ⚠️ ❌ [VOL_PARTICIPATION] Gates Failed: Sample: 7/0.01/d [FAIL] | Bal: 14.3% [OK] | Jaccard: ERR [WARN] | ANOVA: p=0.21 [FAIL] | MI: 0.0000 [WARN]
[2026-01-01 11:48:09.881] WARNING: ❌ [VOL_PARTICIPATION] Gates Failed: Sample: 7/0.01/d [FAIL] | Bal: 0.0% [FAIL] | Jaccard: ERR [WARN] | ANOVA: N/A [WARN] | MI: 0.0000 [WARN]
2026-01-01 11:48:09,881 - System.tprint - WARNING - ⚠️ ❌ [VOL_PARTICIPATION] Gates Failed: Sample: 7/0.01/d [FAIL] | Bal: 0.0% [FAIL] | Jaccard: ERR [WARN] | ANOVA: N/A [WARN] | MI: 0.0000 [WARN]
[2026-01-01 11:48:09.913] WARNING: ❌ [VOL_PARTICIPATION] Gates Failed: Sample: 7/0.01/d [FAIL] | Bal: 0.0% [FAIL] | Jaccard: ERR [WARN] | ANOVA: N/A [WARN] | MI: 0.0000 [WARN]
2026-01-01 11:48:09,913 - System.tprint - WARNING - ⚠️ ❌ [VOL_PARTICIPATION] Gates Failed: Sample: 7/0.01/d [FAIL] | Bal: 0.0% [FAIL] | Jaccard: ERR [WARN] | ANOVA: N/A [WARN] | MI: 0.0000 [WARN]
[2026-01-01 11:48:09.959] WARNING: ❌ [VOL_PARTICIPATION] Gates Failed: Sample: 7/0.01/d [FAIL] | Bal: 0.0% [FAIL] | Jaccard: ERR [WARN] | ANOVA: N/A [WARN] | MI: 0.0000 [WARN]
2026-01-01 11:48:09,960 - System.tprint - WARNING - ⚠️ ❌ [VOL_PARTICIPATION] Gates Failed: Sample: 7/0.01/d [FAIL] | Bal: 0.0% [FAIL] | Jaccard: ERR [WARN] | ANOVA: N/A [WARN] | MI: 0.0000 [WARN]
[2026-01-01 11:48:10.017] WARNING: ❌ [VOL_PARTICIPATION] Gates Failed: Sample: 7/0.01/d [FAIL] | Bal: 14.3% [OK] | Jaccard: ERR [WARN] | ANOVA: p=0.21 [FAIL] | MI: 0.0000 [WARN]
2026-01-01 11:48:10,017 - System.tprint - WARNING - ⚠️ ❌ [VOL_PARTICIPATION] Gates Failed: Sample: 7/0.01/d [FAIL] | Bal: 14.3% [OK] | Jaccard: ERR [WARN] | ANOVA: p=0.21 [FAIL] | MI: 0.0000 [WARN]
[2026-01-01 11:48:10.097] WARNING: ❌ [VOL_PARTICIPATION] Gates Failed: Sample: 7/0.01/d [FAIL] | Bal: 14.3% [OK] | Jaccard: ERR [WARN] | ANOVA: p=0.21 [FAIL] | MI: 0.0000 [WARN]
2026-01-01 11:48:10,097 - System.tprint - WARNING - ⚠️ ❌ [VOL_PARTICIPATION] Gates Failed: Sample: 7/0.01/d [FAIL] | Bal: 14.3% [OK] | Jaccard: ERR [WARN] | ANOVA: p=0.21 [FAIL] | MI: 0.0000 [WARN]
[2026-01-01 11:48:10.162] WARNING: ❌ [VOL_PARTICIPATION] Gates Failed: Sample: 7/0.01/d [FAIL] | Bal: 14.3% [OK] | Jaccard: ERR [WARN] | ANOVA: p=0.21 [FAIL] | MI: 0.0000 [WARN]
2026-01-01 11:48:10,162 - System.tprint - WARNING - ⚠️ ❌ [VOL_PARTICIPATION] Gates Failed: Sample: 7/0.01/d [FAIL] | Bal: 14.3% [OK] | Jaccard: ERR [WARN] | ANOVA: p=0.21 [FAIL] | MI: 0.0000 [WARN]
[2026-01-01 11:48:10.207] WARNING: ❌ [VOL_PARTICIPATION] Gates Failed: Sample: 7/0.01/d [FAIL] | Bal: 0.0% [FAIL] | Jaccard: ERR [WARN] | ANOVA: N/A [WARN] | MI: 0.0000 [WARN]
2026-01-01 11:48:10,208 - System.tprint - WARNING - ⚠️ ❌ [VOL_PARTICIPATION] Gates Failed: Sample: 7/0.01/d [FAIL] | Bal: 0.0% [FAIL] | Jaccard: ERR [WARN] | ANOVA: N/A [WARN] | MI: 0.0000 [WARN]
[2026-01-01 11:48:10.273] WARNING: ❌ [VOL_PARTICIPATION] Gates Failed: Sample: 7/0.01/d [FAIL] | Bal: 0.0% [FAIL] | Jaccard: ERR [WARN] | ANOVA: N/A [WARN] | MI: 0.0000 [WARN]
2026-01-01 11:48:10,273 - System.tprint - WARNING - ⚠️ ❌ [VOL_PARTICIPATION] Gates Failed: Sample: 7/0.01/d [FAIL] | Bal: 0.0% [FAIL] | Jaccard: ERR [WARN] | ANOVA: N/A [WARN] | MI: 0.0000 [WARN]
[2026-01-01 11:48:10.318] WARNING: ❌ [VOL_PARTICIPATION] Gates Failed: Sample: 7/0.01/d [FAIL] | Bal: 0.0% [FAIL] | Jaccard: ERR [WARN] | ANOVA: N/A [WARN] | MI: 0.0000 [WARN]
2026-01-01 11:48:10,318 - System.tprint - WARNING - ⚠️ ❌ [VOL_PARTICIPATION] Gates Failed: Sample: 7/0.01/d [FAIL] | Bal: 0.0% [FAIL] | Jaccard: ERR [WARN] | ANOVA: N/A [WARN] | MI: 0.0000 [WARN]
[2026-01-01 11:48:10.374] WARNING: ❌ [VOL_PARTICIPATION] Gates Failed: Sample: 7/0.01/d [FAIL] | Bal: 14.3% [OK] | Jaccard: ERR [WARN] | ANOVA: p=0.21 [FAIL] | MI: 0.0000 [WARN]
2026-01-01 11:48:10,374 - System.tprint - WARNING - ⚠️ ❌ [VOL_PARTICIPATION] Gates Failed: Sample: 7/0.01/d [FAIL] | Bal: 14.3% [OK] | Jaccard: ERR [WARN] | ANOVA: p=0.21 [FAIL] | MI: 0.0000 [WARN]
[2026-01-01 11:48:10.412] WARNING: ❌ [VOL_PARTICIPATION] Gates Failed: Sample: 7/0.01/d [FAIL] | Bal: 14.3% [OK] | Jaccard: ERR [WARN] | ANOVA: p=0.21 [FAIL] | MI: 0.0000 [WARN]
2026-01-01 11:48:10,412 - System.tprint - WARNING - ⚠️ ❌ [VOL_PARTICIPATION] Gates Failed: Sample: 7/0.01/d [FAIL] | Bal: 14.3% [OK] | Jaccard: ERR [WARN] | ANOVA: p=0.21 [FAIL] | MI: 0.0000 [WARN]
[2026-01-01 11:48:10.443] WARNING: ❌ [VOL_PARTICIPATION] Gates Failed: Sample: 7/0.01/d [FAIL] | Bal: 14.3% [OK] | Jaccard: ERR [WARN] | ANOVA: p=0.21 [FAIL] | MI: 0.0000 [WARN]
2026-01-01 11:48:10,444 - System.tprint - WARNING - ⚠️ ❌ [VOL_PARTICIPATION] Gates Failed: Sample: 7/0.01/d [FAIL] | Bal: 14.3% [OK] | Jaccard: ERR [WARN] | ANOVA: p=0.21 [FAIL] | MI: 0.0000 [WARN]
[2026-01-01 11:48:10.505] WARNING: ❌ [VOL_PARTICIPATION] Gates Failed: Sample: 7/0.01/d [FAIL] | Bal: 0.0% [FAIL] | Jaccard: ERR [WARN] | ANOVA: N/A [WARN] | MI: 0.0000 [WARN]
2026-01-01 11:48:10,505 - System.tprint - WARNING - ⚠️ ❌ [VOL_PARTICIPATION] Gates Failed: Sample: 7/0.01/d [FAIL] | Bal: 0.0% [FAIL] | Jaccard: ERR [WARN] | ANOVA: N/A [WARN] | MI: 0.0000 [WARN]
[2026-01-01 11:48:10.540] WARNING: ❌ [VOL_PARTICIPATION] Gates Failed: Sample: 7/0.01/d [FAIL] | Bal: 0.0% [FAIL] | Jaccard: ERR [WARN] | ANOVA: N/A [WARN] | MI: 0.0000 [WARN]
2026-01-01 11:48:10,540 - System.tprint - WARNING - ⚠️ ❌ [VOL_PARTICIPATION] Gates Failed: Sample: 7/0.01/d [FAIL] | Bal: 0.0% [FAIL] | Jaccard: ERR [WARN] | ANOVA: N/A [WARN] | MI: 0.0000 [WARN]
[2026-01-01 11:48:10.590] WARNING: ❌ [VOL_PARTICIPATION] Gates Failed: Sample: 7/0.01/d [FAIL] | Bal: 0.0% [FAIL] | Jaccard: ERR [WARN] | ANOVA: N/A [WARN] | MI: 0.0000 [WARN]
2026-01-01 11:48:10,591 - System.tprint - WARNING - ⚠️ ❌ [VOL_PARTICIPATION] Gates Failed: Sample: 7/0.01/d [FAIL] | Bal: 0.0% [FAIL] | Jaccard: ERR [WARN] | ANOVA: N/A [WARN] | MI: 0.0000 [WARN]
[2026-01-01 11:48:10.645] WARNING: ❌ [VOL_PARTICIPATION] Gates Failed: Sample: 7/0.01/d [FAIL] | Bal: 14.3% [OK] | Jaccard: ERR [WARN] | ANOVA: p=0.21 [FAIL] | MI: 0.0000 [WARN]
2026-01-01 11:48:10,645 - System.tprint - WARNING - ⚠️ ❌ [VOL_PARTICIPATION] Gates Failed: Sample: 7/0.01/d [FAIL] | Bal: 14.3% [OK] | Jaccard: ERR [WARN] | ANOVA: p=0.21 [FAIL] | MI: 0.0000 [WARN]
[2026-01-01 11:48:10.696] WARNING: ❌ [VOL_PARTICIPATION] Gates Failed: Sample: 7/0.01/d [FAIL] | Bal: 14.3% [OK] | Jaccard: ERR [WARN] | ANOVA: p=0.21 [FAIL] | MI: 0.0000 [WARN]
2026-01-01 11:48:10,696 - System.tprint - WARNING - ⚠️ ❌ [VOL_PARTICIPATION] Gates Failed: Sample: 7/0.01/d [FAIL] | Bal: 14.3% [OK] | Jaccard: ERR [WARN] | ANOVA: p=0.21 [FAIL] | MI: 0.0000 [WARN]
[2026-01-01 11:48:10.748] WARNING: ❌ [VOL_PARTICIPATION] Gates Failed: Sample: 7/0.01/d [FAIL] | Bal: 14.3% [OK] | Jaccard: ERR [WARN] | ANOVA: p=0.21 [FAIL] | MI: 0.0000 [WARN]
2026-01-01 11:48:10,749 - System.tprint - WARNING - ⚠️ ❌ [VOL_PARTICIPATION] Gates Failed: Sample: 7/0.01/d [FAIL] | Bal: 14.3% [OK] | Jaccard: ERR [WARN] | ANOVA: p=0.21 [FAIL] | MI: 0.0000 [WARN]
[2026-01-01 11:48:10.800] WARNING: ❌ [VOL_PARTICIPATION] Gates Failed: Sample: 7/0.01/d [FAIL] | Bal: 0.0% [FAIL] | Jaccard: ERR [WARN] | ANOVA: N/A [WARN] | MI: 0.0000 [WARN]
2026-01-01 11:48:10,800 - System.tprint - WARNING - ⚠️ ❌ [VOL_PARTICIPATION] Gates Failed: Sample: 7/0.01/d [FAIL] | Bal: 0.0% [FAIL] | Jaccard: ERR [WARN] | ANOVA: N/A [WARN] | MI: 0.0000 [WARN]
[2026-01-01 11:48:10.895] WARNING: ❌ [VOL_PARTICIPATION] Gates Failed: Sample: 7/0.01/d [FAIL] | Bal: 0.0% [FAIL] | Jaccard: ERR [WARN] | ANOVA: N/A [WARN] | MI: 0.0000 [WARN]
2026-01-01 11:48:10,896 - System.tprint - WARNING - ⚠️ ❌ [VOL_PARTICIPATION] Gates Failed: Sample: 7/0.01/d [FAIL] | Bal: 0.0% [FAIL] | Jaccard: ERR [WARN] | ANOVA: N/A [WARN] | MI: 0.0000 [WARN]
[2026-01-01 11:48:10.959] WARNING: ❌ [VOL_PARTICIPATION] Gates Failed: Sample: 7/0.01/d [FAIL] | Bal: 0.0% [FAIL] | Jaccard: ERR [WARN] | ANOVA: N/A [WARN] | MI: 0.0000 [WARN]
2026-01-01 11:48:10,959 - System.tprint - WARNING - ⚠️ ❌ [VOL_PARTICIPATION] Gates Failed: Sample: 7/0.01/d [FAIL] | Bal: 0.0% [FAIL] | Jaccard: ERR [WARN] | ANOVA: N/A [WARN] | MI: 0.0000 [WARN]
[2026-01-01 11:48:11.016] WARNING: ❌ [VOL_PARTICIPATION] Gates Failed: Sample: 7/0.01/d [FAIL] | Bal: 14.3% [OK] | Jaccard: ERR [WARN] | ANOVA: p=0.21 [FAIL] | MI: 0.0000 [WARN]
2026-01-01 11:48:11,016 - System.tprint - WARNING - ⚠️ ❌ [VOL_PARTICIPATION] Gates Failed: Sample: 7/0.01/d [FAIL] | Bal: 14.3% [OK] | Jaccard: ERR [WARN] | ANOVA: p=0.21 [FAIL] | MI: 0.0000 [WARN]
[2026-01-01 11:48:11.041] WARNING: ❌ [VOL_PARTICIPATION] Gates Failed: Sample: 7/0.01/d [FAIL] | Bal: 14.3% [OK] | Jaccard: ERR [WARN] | ANOVA: p=0.21 [FAIL] | MI: 0.0000 [WARN]
2026-01-01 11:48:11,041 - System.tprint - WARNING - ⚠️ ❌ [VOL_PARTICIPATION] Gates Failed: Sample: 7/0.01/d [FAIL] | Bal: 14.3% [OK] | Jaccard: ERR [WARN] | ANOVA: p=0.21 [FAIL] | MI: 0.0000 [WARN]
[2026-01-01 11:48:11.072] WARNING: ❌ [VOL_PARTICIPATION] Gates Failed: Sample: 7/0.01/d [FAIL] | Bal: 14.3% [OK] | Jaccard: ERR [WARN] | ANOVA: p=0.21 [FAIL] | MI: 0.0000 [WARN]
2026-01-01 11:48:11,072 - System.tprint - WARNING - ⚠️ ❌ [VOL_PARTICIPATION] Gates Failed: Sample: 7/0.01/d [FAIL] | Bal: 14.3% [OK] | Jaccard: ERR [WARN] | ANOVA: p=0.21 [FAIL] | MI: 0.0000 [WARN]
[2026-01-01 11:48:11.106] WARNING: ❌ [VOL_PARTICIPATION] Gates Failed: Sample: 7/0.01/d [FAIL] | Bal: 0.0% [FAIL] | Jaccard: ERR [WARN] | ANOVA: N/A [WARN] | MI: 0.0000 [WARN]
2026-01-01 11:48:11,106 - System.tprint - WARNING - ⚠️ ❌ [VOL_PARTICIPATION] Gates Failed: Sample: 7/0.01/d [FAIL] | Bal: 0.0% [FAIL] | Jaccard: ERR [WARN] | ANOVA: N/A [WARN] | MI: 0.0000 [WARN]
[2026-01-01 11:48:11.144] WARNING: ❌ [VOL_PARTICIPATION] Gates Failed: Sample: 7/0.01/d [FAIL] | Bal: 0.0% [FAIL] | Jaccard: ERR [WARN] | ANOVA: N/A [WARN] | MI: 0.0000 [WARN]
2026-01-01 11:48:11,144 - System.tprint - WARNING - ⚠️ ❌ [VOL_PARTICIPATION] Gates Failed: Sample: 7/0.01/d [FAIL] | Bal: 0.0% [FAIL] | Jaccard: ERR [WARN] | ANOVA: N/A [WARN] | MI: 0.0000 [WARN]
[2026-01-01 11:48:11.187] WARNING: ❌ [VOL_PARTICIPATION] Gates Failed: Sample: 7/0.01/d [FAIL] | Bal: 0.0% [FAIL] | Jaccard: ERR [WARN] | ANOVA: N/A [WARN] | MI: 0.0000 [WARN]
2026-01-01 11:48:11,187 - System.tprint - WARNING - ⚠️ ❌ [VOL_PARTICIPATION] Gates Failed: Sample: 7/0.01/d [FAIL] | Bal: 0.0% [FAIL] | Jaccard: ERR [WARN] | ANOVA: N/A [WARN] | MI: 0.0000 [WARN]
[2026-01-01 11:48:11.290] WARNING: ❌ [VOL_PARTICIPATION] Gates Failed: Sample: 8/0.01/d [FAIL] | Bal: 12.5% [OK] | Jaccard: ERR [WARN] | ANOVA: p=0.11 [OK] | MI: 0.0000 [WARN]
2026-01-01 11:48:11,291 - System.tprint - WARNING - ⚠️ ❌ [VOL_PARTICIPATION] Gates Failed: Sample: 8/0.01/d [FAIL] | Bal: 12.5% [OK] | Jaccard: ERR [WARN] | ANOVA: p=0.11 [OK] | MI: 0.0000 [WARN]
[2026-01-01 11:48:11.346] WARNING: ❌ [VOL_PARTICIPATION] Gates Failed: Sample: 8/0.01/d [FAIL] | Bal: 12.5% [OK] | Jaccard: ERR [WARN] | ANOVA: p=0.11 [OK] | MI: 0.0000 [WARN]
2026-01-01 11:48:11,346 - System.tprint - WARNING - ⚠️ ❌ [VOL_PARTICIPATION] Gates Failed: Sample: 8/0.01/d [FAIL] | Bal: 12.5% [OK] | Jaccard: ERR [WARN] | ANOVA: p=0.11 [OK] | MI: 0.0000 [WARN]
[2026-01-01 11:48:11.379] WARNING: ❌ [VOL_PARTICIPATION] Gates Failed: Sample: 8/0.01/d [FAIL] | Bal: 12.5% [OK] | Jaccard: ERR [WARN] | ANOVA: p=0.11 [OK] | MI: 0.0000 [WARN]
2026-01-01 11:48:11,379 - System.tprint - WARNING - ⚠️ ❌ [VOL_PARTICIPATION] Gates Failed: Sample: 8/0.01/d [FAIL] | Bal: 12.5% [OK] | Jaccard: ERR [WARN] | ANOVA: p=0.11 [OK] | MI: 0.0000 [WARN]
[2026-01-01 11:48:11.430] WARNING: ❌ [VOL_PARTICIPATION] Gates Failed: Sample: 8/0.01/d [FAIL] | Bal: 37.5% [OK] | Jaccard: ERR [WARN] | ANOVA: p=0.24 [FAIL] | MI: 0.0000 [WARN]
2026-01-01 11:48:11,430 - System.tprint - WARNING - ⚠️ ❌ [VOL_PARTICIPATION] Gates Failed: Sample: 8/0.01/d [FAIL] | Bal: 37.5% [OK] | Jaccard: ERR [WARN] | ANOVA: p=0.24 [FAIL] | MI: 0.0000 [WARN]
[2026-01-01 11:48:11.489] WARNING: ❌ [VOL_PARTICIPATION] Gates Failed: Sample: 8/0.01/d [FAIL] | Bal: 37.5% [OK] | Jaccard: ERR [WARN] | ANOVA: p=0.24 [FAIL] | MI: 0.0000 [WARN]
2026-01-01 11:48:11,490 - System.tprint - WARNING - ⚠️ ❌ [VOL_PARTICIPATION] Gates Failed: Sample: 8/0.01/d [FAIL] | Bal: 37.5% [OK] | Jaccard: ERR [WARN] | ANOVA: p=0.24 [FAIL] | MI: 0.0000 [WARN]
[2026-01-01 11:48:11.553] WARNING: ❌ [VOL_PARTICIPATION] Gates Failed: Sample: 8/0.01/d [FAIL] | Bal: 37.5% [OK] | Jaccard: ERR [WARN] | ANOVA: p=0.24 [FAIL] | MI: 0.0000 [WARN]
2026-01-01 11:48:11,554 - System.tprint - WARNING - ⚠️ ❌ [VOL_PARTICIPATION] Gates Failed: Sample: 8/0.01/d [FAIL] | Bal: 37.5% [OK] | Jaccard: ERR [WARN] | ANOVA: p=0.24 [FAIL] | MI: 0.0000 [WARN]
[2026-01-01 11:48:11.598] WARNING: ❌ [VOL_PARTICIPATION] Gates Failed: Sample: 8/0.01/d [FAIL] | Bal: 12.5% [OK] | Jaccard: ERR [WARN] | ANOVA: p=0.11 [OK] | MI: 0.0000 [WARN]
2026-01-01 11:48:11,599 - System.tprint - WARNING - ⚠️ ❌ [VOL_PARTICIPATION] Gates Failed: Sample: 8/0.01/d [FAIL] | Bal: 12.5% [OK] | Jaccard: ERR [WARN] | ANOVA: p=0.11 [OK] | MI: 0.0000 [WARN]
[2026-01-01 11:48:11.640] WARNING: ❌ [VOL_PARTICIPATION] Gates Failed: Sample: 8/0.01/d [FAIL] | Bal: 12.5% [OK] | Jaccard: ERR [WARN] | ANOVA: p=0.11 [OK] | MI: 0.0000 [WARN]
2026-01-01 11:48:11,641 - System.tprint - WARNING - ⚠️ ❌ [VOL_PARTICIPATION] Gates Failed: Sample: 8/0.01/d [FAIL] | Bal: 12.5% [OK] | Jaccard: ERR [WARN] | ANOVA: p=0.11 [OK] | MI: 0.0000 [WARN]
[2026-01-01 11:48:11.699] WARNING: ❌ [VOL_PARTICIPATION] Gates Failed: Sample: 8/0.01/d [FAIL] | Bal: 12.5% [OK] | Jaccard: ERR [WARN] | ANOVA: p=0.11 [OK] | MI: 0.0000 [WARN]
2026-01-01 11:48:11,700 - System.tprint - WARNING - ⚠️ ❌ [VOL_PARTICIPATION] Gates Failed: Sample: 8/0.01/d [FAIL] | Bal: 12.5% [OK] | Jaccard: ERR [WARN] | ANOVA: p=0.11 [OK] | MI: 0.0000 [WARN]
[2026-01-01 11:48:11.820] WARNING: ❌ [VOL_PARTICIPATION] Gates Failed: Sample: 8/0.01/d [FAIL] | Bal: 37.5% [OK] | Jaccard: ERR [WARN] | ANOVA: p=0.24 [FAIL] | MI: 0.0000 [WARN]
2026-01-01 11:48:11,821 - System.tprint - WARNING - ⚠️ ❌ [VOL_PARTICIPATION] Gates Failed: Sample: 8/0.01/d [FAIL] | Bal: 37.5% [OK] | Jaccard: ERR [WARN] | ANOVA: p=0.24 [FAIL] | MI: 0.0000 [WARN]
[2026-01-01 11:48:11.884] WARNING: ❌ [VOL_PARTICIPATION] Gates Failed: Sample: 8/0.01/d [FAIL] | Bal: 37.5% [OK] | Jaccard: ERR [WARN] | ANOVA: p=0.24 [FAIL] | MI: 0.0000 [WARN]
2026-01-01 11:48:11,884 - System.tprint - WARNING - ⚠️ ❌ [VOL_PARTICIPATION] Gates Failed: Sample: 8/0.01/d [FAIL] | Bal: 37.5% [OK] | Jaccard: ERR [WARN] | ANOVA: p=0.24 [FAIL] | MI: 0.0000 [WARN]
[2026-01-01 11:48:11.912] WARNING: ❌ [VOL_PARTICIPATION] Gates Failed: Sample: 8/0.01/d [FAIL] | Bal: 37.5% [OK] | Jaccard: ERR [WARN] | ANOVA: p=0.24 [FAIL] | MI: 0.0000 [WARN]
2026-01-01 11:48:11,912 - System.tprint - WARNING - ⚠️ ❌ [VOL_PARTICIPATION] Gates Failed: Sample: 8/0.01/d [FAIL] | Bal: 37.5% [OK] | Jaccard: ERR [WARN] | ANOVA: p=0.24 [FAIL] | MI: 0.0000 [WARN]
[2026-01-01 11:48:11.937] WARNING: ❌ [VOL_PARTICIPATION] Gates Failed: Sample: 8/0.01/d [FAIL] | Bal: 12.5% [OK] | Jaccard: ERR [WARN] | ANOVA: p=0.11 [OK] | MI: 0.0000 [WARN]
2026-01-01 11:48:11,937 - System.tprint - WARNING - ⚠️ ❌ [VOL_PARTICIPATION] Gates Failed: Sample: 8/0.01/d [FAIL] | Bal: 12.5% [OK] | Jaccard: ERR [WARN] | ANOVA: p=0.11 [OK] | MI: 0.0000 [WARN]
[2026-01-01 11:48:12.062] WARNING: ❌ [VOL_PARTICIPATION] Gates Failed: Sample: 8/0.01/d [FAIL] | Bal: 12.5% [OK] | Jaccard: ERR [WARN] | ANOVA: p=0.11 [OK] | MI: 0.0000 [WARN]
2026-01-01 11:48:12,062 - System.tprint - WARNING - ⚠️ ❌ [VOL_PARTICIPATION] Gates Failed: Sample: 8/0.01/d [FAIL] | Bal: 12.5% [OK] | Jaccard: ERR [WARN] | ANOVA: p=0.11 [OK] | MI: 0.0000 [WARN]
[2026-01-01 11:48:12.116] WARNING: ❌ [VOL_PARTICIPATION] Gates Failed: Sample: 8/0.01/d [FAIL] | Bal: 12.5% [OK] | Jaccard: ERR [WARN] | ANOVA: p=0.11 [OK] | MI: 0.0000 [WARN]
2026-01-01 11:48:12,117 - System.tprint - WARNING - ⚠️ ❌ [VOL_PARTICIPATION] Gates Failed: Sample: 8/0.01/d [FAIL] | Bal: 12.5% [OK] | Jaccard: ERR [WARN] | ANOVA: p=0.11 [OK] | MI: 0.0000 [WARN]
[2026-01-01 11:48:12.206] WARNING: ❌ [VOL_PARTICIPATION] Gates Failed: Sample: 8/0.01/d [FAIL] | Bal: 37.5% [OK] | Jaccard: ERR [WARN] | ANOVA: p=0.24 [FAIL] | MI: 0.0000 [WARN]
2026-01-01 11:48:12,206 - System.tprint - WARNING - ⚠️ ❌ [VOL_PARTICIPATION] Gates Failed: Sample: 8/0.01/d [FAIL] | Bal: 37.5% [OK] | Jaccard: ERR [WARN] | ANOVA: p=0.24 [FAIL] | MI: 0.0000 [WARN]
[2026-01-01 11:48:12.245] WARNING: ❌ [VOL_PARTICIPATION] Gates Failed: Sample: 8/0.01/d [FAIL] | Bal: 37.5% [OK] | Jaccard: ERR [WARN] | ANOVA: p=0.24 [FAIL] | MI: 0.0000 [WARN]
2026-01-01 11:48:12,245 - System.tprint - WARNING - ⚠️ ❌ [VOL_PARTICIPATION] Gates Failed: Sample: 8/0.01/d [FAIL] | Bal: 37.5% [OK] | Jaccard: ERR [WARN] | ANOVA: p=0.24 [FAIL] | MI: 0.0000 [WARN]
[2026-01-01 11:48:12.283] WARNING: ❌ [VOL_PARTICIPATION] Gates Failed: Sample: 8/0.01/d [FAIL] | Bal: 37.5% [OK] | Jaccard: ERR [WARN] | ANOVA: p=0.24 [FAIL] | MI: 0.0000 [WARN]
2026-01-01 11:48:12,283 - System.tprint - WARNING - ⚠️ ❌ [VOL_PARTICIPATION] Gates Failed: Sample: 8/0.01/d [FAIL] | Bal: 37.5% [OK] | Jaccard: ERR [WARN] | ANOVA: p=0.24 [FAIL] | MI: 0.0000 [WARN]
[2026-01-01 11:48:12.318] WARNING: ❌ [VOL_PARTICIPATION] Gates Failed: Sample: 8/0.01/d [FAIL] | Bal: 12.5% [OK] | Jaccard: ERR [WARN] | ANOVA: p=0.11 [OK] | MI: 0.0000 [WARN]
2026-01-01 11:48:12,318 - System.tprint - WARNING - ⚠️ ❌ [VOL_PARTICIPATION] Gates Failed: Sample: 8/0.01/d [FAIL] | Bal: 12.5% [OK] | Jaccard: ERR [WARN] | ANOVA: p=0.11 [OK] | MI: 0.0000 [WARN]
[2026-01-01 11:48:12.349] WARNING: ❌ [VOL_PARTICIPATION] Gates Failed: Sample: 8/0.01/d [FAIL] | Bal: 12.5% [OK] | Jaccard: ERR [WARN] | ANOVA: p=0.11 [OK] | MI: 0.0000 [WARN]
2026-01-01 11:48:12,350 - System.tprint - WARNING - ⚠️ ❌ [VOL_PARTICIPATION] Gates Failed: Sample: 8/0.01/d [FAIL] | Bal: 12.5% [OK] | Jaccard: ERR [WARN] | ANOVA: p=0.11 [OK] | MI: 0.0000 [WARN]
[2026-01-01 11:48:12.383] WARNING: ❌ [VOL_PARTICIPATION] Gates Failed: Sample: 8/0.01/d [FAIL] | Bal: 12.5% [OK] | Jaccard: ERR [WARN] | ANOVA: p=0.11 [OK] | MI: 0.0000 [WARN]
2026-01-01 11:48:12,383 - System.tprint - WARNING - ⚠️ ❌ [VOL_PARTICIPATION] Gates Failed: Sample: 8/0.01/d [FAIL] | Bal: 12.5% [OK] | Jaccard: ERR [WARN] | ANOVA: p=0.11 [OK] | MI: 0.0000 [WARN]
[2026-01-01 11:48:12.447] WARNING: ❌ [VOL_PARTICIPATION] Gates Failed: Sample: 8/0.01/d [FAIL] | Bal: 37.5% [OK] | Jaccard: ERR [WARN] | ANOVA: p=0.24 [FAIL] | MI: 0.0000 [WARN]
2026-01-01 11:48:12,447 - System.tprint - WARNING - ⚠️ ❌ [VOL_PARTICIPATION] Gates Failed: Sample: 8/0.01/d [FAIL] | Bal: 37.5% [OK] | Jaccard: ERR [WARN] | ANOVA: p=0.24 [FAIL] | MI: 0.0000 [WARN]
[2026-01-01 11:48:12.495] WARNING: ❌ [VOL_PARTICIPATION] Gates Failed: Sample: 8/0.01/d [FAIL] | Bal: 37.5% [OK] | Jaccard: ERR [WARN] | ANOVA: p=0.24 [FAIL] | MI: 0.0000 [WARN]
2026-01-01 11:48:12,495 - System.tprint - WARNING - ⚠️ ❌ [VOL_PARTICIPATION] Gates Failed: Sample: 8/0.01/d [FAIL] | Bal: 37.5% [OK] | Jaccard: ERR [WARN] | ANOVA: p=0.24 [FAIL] | MI: 0.0000 [WARN]
[2026-01-01 11:48:12.548] WARNING: ❌ [VOL_PARTICIPATION] Gates Failed: Sample: 8/0.01/d [FAIL] | Bal: 37.5% [OK] | Jaccard: ERR [WARN] | ANOVA: p=0.24 [FAIL] | MI: 0.0000 [WARN]
2026-01-01 11:48:12,549 - System.tprint - WARNING - ⚠️ ❌ [VOL_PARTICIPATION] Gates Failed: Sample: 8/0.01/d [FAIL] | Bal: 37.5% [OK] | Jaccard: ERR [WARN] | ANOVA: p=0.24 [FAIL] | MI: 0.0000 [WARN]
[2026-01-01 11:48:12.584] WARNING: ❌ [VOL_PARTICIPATION] Gates Failed: Sample: 8/0.01/d [FAIL] | Bal: 12.5% [OK] | Jaccard: ERR [WARN] | ANOVA: p=0.11 [OK] | MI: 0.0000 [WARN]
2026-01-01 11:48:12,584 - System.tprint - WARNING - ⚠️ ❌ [VOL_PARTICIPATION] Gates Failed: Sample: 8/0.01/d [FAIL] | Bal: 12.5% [OK] | Jaccard: ERR [WARN] | ANOVA: p=0.11 [OK] | MI: 0.0000 [WARN]
[2026-01-01 11:48:12.622] WARNING: ❌ [VOL_PARTICIPATION] Gates Failed: Sample: 8/0.01/d [FAIL] | Bal: 12.5% [OK] | Jaccard: ERR [WARN] | ANOVA: p=0.11 [OK] | MI: 0.0000 [WARN]
2026-01-01 11:48:12,622 - System.tprint - WARNING - ⚠️ ❌ [VOL_PARTICIPATION] Gates Failed: Sample: 8/0.01/d [FAIL] | Bal: 12.5% [OK] | Jaccard: ERR [WARN] | ANOVA: p=0.11 [OK] | MI: 0.0000 [WARN]
[2026-01-01 11:48:12.658] WARNING: ❌ [VOL_PARTICIPATION] Gates Failed: Sample: 8/0.01/d [FAIL] | Bal: 12.5% [OK] | Jaccard: ERR [WARN] | ANOVA: p=0.11 [OK] | MI: 0.0000 [WARN]
2026-01-01 11:48:12,658 - System.tprint - WARNING - ⚠️ ❌ [VOL_PARTICIPATION] Gates Failed: Sample: 8/0.01/d [FAIL] | Bal: 12.5% [OK] | Jaccard: ERR [WARN] | ANOVA: p=0.11 [OK] | MI: 0.0000 [WARN]
[2026-01-01 11:48:12.708] WARNING: ❌ [VOL_PARTICIPATION] Gates Failed: Sample: 8/0.01/d [FAIL] | Bal: 25.0% [OK] | Jaccard: ERR [WARN] | ANOVA: p=0.04 [OK] | MI: 0.4908 [OK]
2026-01-01 11:48:12,709 - System.tprint - WARNING - ⚠️ ❌ [VOL_PARTICIPATION] Gates Failed: Sample: 8/0.01/d [FAIL] | Bal: 25.0% [OK] | Jaccard: ERR [WARN] | ANOVA: p=0.04 [OK] | MI: 0.4908 [OK]
[2026-01-01 11:48:12.790] WARNING: ❌ [VOL_PARTICIPATION] Gates Failed: Sample: 8/0.01/d [FAIL] | Bal: 25.0% [OK] | Jaccard: ERR [WARN] | ANOVA: p=0.04 [OK] | MI: 0.4908 [OK]
2026-01-01 11:48:12,790 - System.tprint - WARNING - ⚠️ ❌ [VOL_PARTICIPATION] Gates Failed: Sample: 8/0.01/d [FAIL] | Bal: 25.0% [OK] | Jaccard: ERR [WARN] | ANOVA: p=0.04 [OK] | MI: 0.4908 [OK]
[2026-01-01 11:48:12.873] WARNING: ❌ [VOL_PARTICIPATION] Gates Failed: Sample: 8/0.01/d [FAIL] | Bal: 25.0% [OK] | Jaccard: ERR [WARN] | ANOVA: p=0.04 [OK] | MI: 0.4908 [OK]
2026-01-01 11:48:12,874 - System.tprint - WARNING - ⚠️ ❌ [VOL_PARTICIPATION] Gates Failed: Sample: 8/0.01/d [FAIL] | Bal: 25.0% [OK] | Jaccard: ERR [WARN] | ANOVA: p=0.04 [OK] | MI: 0.4908 [OK]
[2026-01-01 11:48:12.955] WARNING: ❌ [VOL_PARTICIPATION] Gates Failed: Sample: 8/0.01/d [FAIL] | Bal: 12.5% [OK] | Jaccard: ERR [WARN] | ANOVA: p=0.11 [OK] | MI: 0.0000 [WARN]
2026-01-01 11:48:12,955 - System.tprint - WARNING - ⚠️ ❌ [VOL_PARTICIPATION] Gates Failed: Sample: 8/0.01/d [FAIL] | Bal: 12.5% [OK] | Jaccard: ERR [WARN] | ANOVA: p=0.11 [OK] | MI: 0.0000 [WARN]
[2026-01-01 11:48:13.026] WARNING: ❌ [VOL_PARTICIPATION] Gates Failed: Sample: 8/0.01/d [FAIL] | Bal: 12.5% [OK] | Jaccard: ERR [WARN] | ANOVA: p=0.11 [OK] | MI: 0.0000 [WARN]
2026-01-01 11:48:13,026 - System.tprint - WARNING - ⚠️ ❌ [VOL_PARTICIPATION] Gates Failed: Sample: 8/0.01/d [FAIL] | Bal: 12.5% [OK] | Jaccard: ERR [WARN] | ANOVA: p=0.11 [OK] | MI: 0.0000 [WARN]
[2026-01-01 11:48:13.320] WARNING: ❌ [VOL_PARTICIPATION] Gates Failed: Sample: 8/0.01/d [FAIL] | Bal: 12.5% [OK] | Jaccard: ERR [WARN] | ANOVA: p=0.11 [OK] | MI: 0.0000 [WARN]
2026-01-01 11:48:13,321 - System.tprint - WARNING - ⚠️ ❌ [VOL_PARTICIPATION] Gates Failed: Sample: 8/0.01/d [FAIL] | Bal: 12.5% [OK] | Jaccard: ERR [WARN] | ANOVA: p=0.11 [OK] | MI: 0.0000 [WARN]
[2026-01-01 11:48:13.585] WARNING: ❌ [VOL_PARTICIPATION] Gates Failed: Sample: 8/0.01/d [FAIL] | Bal: 25.0% [OK] | Jaccard: ERR [WARN] | ANOVA: p=0.04 [OK] | MI: 0.4908 [OK]
2026-01-01 11:48:13,585 - System.tprint - WARNING - ⚠️ ❌ [VOL_PARTICIPATION] Gates Failed: Sample: 8/0.01/d [FAIL] | Bal: 25.0% [OK] | Jaccard: ERR [WARN] | ANOVA: p=0.04 [OK] | MI: 0.4908 [OK]
[2026-01-01 11:48:13.904] WARNING: ❌ [VOL_PARTICIPATION] Gates Failed: Sample: 8/0.01/d [FAIL] | Bal: 25.0% [OK] | Jaccard: ERR [WARN] | ANOVA: p=0.04 [OK] | MI: 0.4908 [OK]
2026-01-01 11:48:13,918 - System.tprint - WARNING - ⚠️ ❌ [VOL_PARTICIPATION] Gates Failed: Sample: 8/0.01/d [FAIL] | Bal: 25.0% [OK] | Jaccard: ERR [WARN] | ANOVA: p=0.04 [OK] | MI: 0.4908 [OK]
[2026-01-01 11:48:14.647] WARNING: ❌ [VOL_PARTICIPATION] Gates Failed: Sample: 8/0.01/d [FAIL] | Bal: 25.0% [OK] | Jaccard: ERR [WARN] | ANOVA: p=0.04 [OK] | MI: 0.4908 [OK]
2026-01-01 11:48:14,649 - System.tprint - WARNING - ⚠️ ❌ [VOL_PARTICIPATION] Gates Failed: Sample: 8/0.01/d [FAIL] | Bal: 25.0% [OK] | Jaccard: ERR [WARN] | ANOVA: p=0.04 [OK] | MI: 0.4908 [OK]
2026-01-01 11:48:19,047 - src.utils.hardware.unified_hardware_manager.HardwarePerformanceMonitor - WARNING - ⚠️ 🚨 ALERT: cpu_usage (100.0) exceeds threshold (95.0)
2026-01-01 11:48:19,050 - src.utils.hardware.m1_memory_optimizer.M1MemoryOptimizer - INFO - ℹ️ 🧹 Moderate cleanup: 132 objects collected
[2026-01-01 11:48:19.209] WARNING: ❌ [VOL_PARTICIPATION] Gates Failed: Sample: 8/0.01/d [FAIL] | Bal: 12.5% [OK] | Jaccard: ERR [WARN] | ANOVA: p=0.11 [OK] | MI: 0.0000 [WARN]
2026-01-01 11:48:19,209 - System.tprint - WARNING - ⚠️ ❌ [VOL_PARTICIPATION] Gates Failed: Sample: 8/0.01/d [FAIL] | Bal: 12.5% [OK] | Jaccard: ERR [WARN] | ANOVA: p=0.11 [OK] | MI: 0.0000 [WARN]
[2026-01-01 11:48:19.371] WARNING: ❌ [VOL_PARTICIPATION] Gates Failed: Sample: 8/0.01/d [FAIL] | Bal: 12.5% [OK] | Jaccard: ERR [WARN] | ANOVA: p=0.11 [OK] | MI: 0.0000 [WARN]
2026-01-01 11:48:19,371 - System.tprint - WARNING - ⚠️ ❌ [VOL_PARTICIPATION] Gates Failed: Sample: 8/0.01/d [FAIL] | Bal: 12.5% [OK] | Jaccard: ERR [WARN] | ANOVA: p=0.11 [OK] | MI: 0.0000 [WARN]
[2026-01-01 11:48:19.614] WARNING: ❌ [VOL_PARTICIPATION] Gates Failed: Sample: 8/0.01/d [FAIL] | Bal: 12.5% [OK] | Jaccard: ERR [WARN] | ANOVA: p=0.11 [OK] | MI: 0.0000 [WARN]
2026-01-01 11:48:19,615 - System.tprint - WARNING - ⚠️ ❌ [VOL_PARTICIPATION] Gates Failed: Sample: 8/0.01/d [FAIL] | Bal: 12.5% [OK] | Jaccard: ERR [WARN] | ANOVA: p=0.11 [OK] | MI: 0.0000 [WARN]
[2026-01-01 11:48:19.865] WARNING: ❌ [VOL_PARTICIPATION] Gates Failed: Sample: 8/0.01/d [FAIL] | Bal: 25.0% [OK] | Jaccard: ERR [WARN] | ANOVA: p=0.04 [OK] | MI: 0.4908 [OK]
2026-01-01 11:48:19,865 - System.tprint - WARNING - ⚠️ ❌ [VOL_PARTICIPATION] Gates Failed: Sample: 8/0.01/d [FAIL] | Bal: 25.0% [OK] | Jaccard: ERR [WARN] | ANOVA: p=0.04 [OK] | MI: 0.4908 [OK]
[2026-01-01 11:48:20.066] WARNING: ❌ [VOL_PARTICIPATION] Gates Failed: Sample: 8/0.01/d [FAIL] | Bal: 25.0% [OK] | Jaccard: ERR [WARN] | ANOVA: p=0.04 [OK] | MI: 0.4908 [OK]
2026-01-01 11:48:20,066 - System.tprint - WARNING - ⚠️ ❌ [VOL_PARTICIPATION] Gates Failed: Sample: 8/0.01/d [FAIL] | Bal: 25.0% [OK] | Jaccard: ERR [WARN] | ANOVA: p=0.04 [OK] | MI: 0.4908 [OK]
[2026-01-01 11:48:20.199] WARNING: ❌ [VOL_PARTICIPATION] Gates Failed: Sample: 8/0.01/d [FAIL] | Bal: 25.0% [OK] | Jaccard: ERR [WARN] | ANOVA: p=0.04 [OK] | MI: 0.4908 [OK]
2026-01-01 11:48:20,199 - System.tprint - WARNING - ⚠️ ❌ [VOL_PARTICIPATION] Gates Failed: Sample: 8/0.01/d [FAIL] | Bal: 25.0% [OK] | Jaccard: ERR [WARN] | ANOVA: p=0.04 [OK] | MI: 0.4908 [OK]
[2026-01-01 11:48:20.279] WARNING: ❌ [VOL_PARTICIPATION] Gates Failed: Sample: 8/0.01/d [FAIL] | Bal: 12.5% [OK] | Jaccard: ERR [WARN] | ANOVA: p=0.11 [OK] | MI: 0.0000 [WARN]
2026-01-01 11:48:20,280 - System.tprint - WARNING - ⚠️ ❌ [VOL_PARTICIPATION] Gates Failed: Sample: 8/0.01/d [FAIL] | Bal: 12.5% [OK] | Jaccard: ERR [WARN] | ANOVA: p=0.11 [OK] | MI: 0.0000 [WARN]
[2026-01-01 11:48:20.371] WARNING: ❌ [VOL_PARTICIPATION] Gates Failed: Sample: 8/0.01/d [FAIL] | Bal: 12.5% [OK] | Jaccard: ERR [WARN] | ANOVA: p=0.11 [OK] | MI: 0.0000 [WARN]
2026-01-01 11:48:20,371 - System.tprint - WARNING - ⚠️ ❌ [VOL_PARTICIPATION] Gates Failed: Sample: 8/0.01/d [FAIL] | Bal: 12.5% [OK] | Jaccard: ERR [WARN] | ANOVA: p=0.11 [OK] | MI: 0.0000 [WARN]
[2026-01-01 11:48:20.468] WARNING: ❌ [VOL_PARTICIPATION] Gates Failed: Sample: 8/0.01/d [FAIL] | Bal: 12.5% [OK] | Jaccard: ERR [WARN] | ANOVA: p=0.11 [OK] | MI: 0.0000 [WARN]
2026-01-01 11:48:20,468 - System.tprint - WARNING - ⚠️ ❌ [VOL_PARTICIPATION] Gates Failed: Sample: 8/0.01/d [FAIL] | Bal: 12.5% [OK] | Jaccard: ERR [WARN] | ANOVA: p=0.11 [OK] | MI: 0.0000 [WARN]
[2026-01-01 11:48:20.617] WARNING: ❌ [VOL_PARTICIPATION] Gates Failed: Sample: 8/0.01/d [FAIL] | Bal: 25.0% [OK] | Jaccard: ERR [WARN] | ANOVA: p=0.04 [OK] | MI: 0.4908 [OK]
2026-01-01 11:48:20,618 - System.tprint - WARNING - ⚠️ ❌ [VOL_PARTICIPATION] Gates Failed: Sample: 8/0.01/d [FAIL] | Bal: 25.0% [OK] | Jaccard: ERR [WARN] | ANOVA: p=0.04 [OK] | MI: 0.4908 [OK]
[2026-01-01 11:48:20.814] WARNING: ❌ [VOL_PARTICIPATION] Gates Failed: Sample: 8/0.01/d [FAIL] | Bal: 25.0% [OK] | Jaccard: ERR [WARN] | ANOVA: p=0.04 [OK] | MI: 0.4908 [OK]
2026-01-01 11:48:20,814 - System.tprint - WARNING - ⚠️ ❌ [VOL_PARTICIPATION] Gates Failed: Sample: 8/0.01/d [FAIL] | Bal: 25.0% [OK] | Jaccard: ERR [WARN] | ANOVA: p=0.04 [OK] | MI: 0.4908 [OK]
[2026-01-01 11:48:21.078] WARNING: ❌ [VOL_PARTICIPATION] Gates Failed: Sample: 8/0.01/d [FAIL] | Bal: 25.0% [OK] | Jaccard: ERR [WARN] | ANOVA: p=0.04 [OK] | MI: 0.4908 [OK]
2026-01-01 11:48:21,078 - System.tprint - WARNING - ⚠️ ❌ [VOL_PARTICIPATION] Gates Failed: Sample: 8/0.01/d [FAIL] | Bal: 25.0% [OK] | Jaccard: ERR [WARN] | ANOVA: p=0.04 [OK] | MI: 0.4908 [OK]
[2026-01-01 11:48:21.198] WARNING: ❌ [VOL_PARTICIPATION] Gates Failed: Sample: 8/0.01/d [FAIL] | Bal: 12.5% [OK] | Jaccard: ERR [WARN] | ANOVA: p=0.11 [OK] | MI: 0.0000 [WARN]
2026-01-01 11:48:21,198 - System.tprint - WARNING - ⚠️ ❌ [VOL_PARTICIPATION] Gates Failed: Sample: 8/0.01/d [FAIL] | Bal: 12.5% [OK] | Jaccard: ERR [WARN] | ANOVA: p=0.11 [OK] | MI: 0.0000 [WARN]
[2026-01-01 11:48:21.346] WARNING: ❌ [VOL_PARTICIPATION] Gates Failed: Sample: 8/0.01/d [FAIL] | Bal: 12.5% [OK] | Jaccard: ERR [WARN] | ANOVA: p=0.11 [OK] | MI: 0.0000 [WARN]
2026-01-01 11:48:21,348 - System.tprint - WARNING - ⚠️ ❌ [VOL_PARTICIPATION] Gates Failed: Sample: 8/0.01/d [FAIL] | Bal: 12.5% [OK] | Jaccard: ERR [WARN] | ANOVA: p=0.11 [OK] | MI: 0.0000 [WARN]
[2026-01-01 11:48:21.532] WARNING: ❌ [VOL_PARTICIPATION] Gates Failed: Sample: 8/0.01/d [FAIL] | Bal: 12.5% [OK] | Jaccard: ERR [WARN] | ANOVA: p=0.11 [OK] | MI: 0.0000 [WARN]
2026-01-01 11:48:21,532 - System.tprint - WARNING - ⚠️ ❌ [VOL_PARTICIPATION] Gates Failed: Sample: 8/0.01/d [FAIL] | Bal: 12.5% [OK] | Jaccard: ERR [WARN] | ANOVA: p=0.11 [OK] | MI: 0.0000 [WARN]
[2026-01-01 11:48:21.729] WARNING: ❌ [VOL_PARTICIPATION] Gates Failed: Sample: 8/0.01/d [FAIL] | Bal: 25.0% [OK] | Jaccard: ERR [WARN] | ANOVA: p=0.04 [OK] | MI: 0.4908 [OK]
2026-01-01 11:48:21,729 - System.tprint - WARNING - ⚠️ ❌ [VOL_PARTICIPATION] Gates Failed: Sample: 8/0.01/d [FAIL] | Bal: 25.0% [OK] | Jaccard: ERR [WARN] | ANOVA: p=0.04 [OK] | MI: 0.4908 [OK]
[2026-01-01 11:48:21.907] WARNING: ❌ [VOL_PARTICIPATION] Gates Failed: Sample: 8/0.01/d [FAIL] | Bal: 25.0% [OK] | Jaccard: ERR [WARN] | ANOVA: p=0.04 [OK] | MI: 0.4908 [OK]
2026-01-01 11:48:21,907 - System.tprint - WARNING - ⚠️ ❌ [VOL_PARTICIPATION] Gates Failed: Sample: 8/0.01/d [FAIL] | Bal: 25.0% [OK] | Jaccard: ERR [WARN] | ANOVA: p=0.04 [OK] | MI: 0.4908 [OK]
[2026-01-01 11:48:22.314] WARNING: ❌ [VOL_PARTICIPATION] Gates Failed: Sample: 8/0.01/d [FAIL] | Bal: 25.0% [OK] | Jaccard: ERR [WARN] | ANOVA: p=0.04 [OK] | MI: 0.4908 [OK]
2026-01-01 11:48:22,316 - System.tprint - WARNING - ⚠️ ❌ [VOL_PARTICIPATION] Gates Failed: Sample: 8/0.01/d [FAIL] | Bal: 25.0% [OK] | Jaccard: ERR [WARN] | ANOVA: p=0.04 [OK] | MI: 0.4908 [OK]
[2026-01-01 11:48:22.570] WARNING: ❌ [VOL_PARTICIPATION] Gates Failed: Sample: 8/0.01/d [FAIL] | Bal: 12.5% [OK] | Jaccard: ERR [WARN] | ANOVA: p=0.11 [OK] | MI: 0.0000 [WARN]
2026-01-01 11:48:22,573 - System.tprint - WARNING - ⚠️ ❌ [VOL_PARTICIPATION] Gates Failed: Sample: 8/0.01/d [FAIL] | Bal: 12.5% [OK] | Jaccard: ERR [WARN] | ANOVA: p=0.11 [OK] | MI: 0.0000 [WARN]
[2026-01-01 11:48:22.686] WARNING: ❌ [VOL_PARTICIPATION] Gates Failed: Sample: 8/0.01/d [FAIL] | Bal: 12.5% [OK] | Jaccard: ERR [WARN] | ANOVA: p=0.11 [OK] | MI: 0.0000 [WARN]
2026-01-01 11:48:22,686 - System.tprint - WARNING - ⚠️ ❌ [VOL_PARTICIPATION] Gates Failed: Sample: 8/0.01/d [FAIL] | Bal: 12.5% [OK] | Jaccard: ERR [WARN] | ANOVA: p=0.11 [OK] | MI: 0.0000 [WARN]
[2026-01-01 11:48:22.873] WARNING: ❌ [VOL_PARTICIPATION] Gates Failed: Sample: 8/0.01/d [FAIL] | Bal: 12.5% [OK] | Jaccard: ERR [WARN] | ANOVA: p=0.11 [OK] | MI: 0.0000 [WARN]
2026-01-01 11:48:22,874 - System.tprint - WARNING - ⚠️ ❌ [VOL_PARTICIPATION] Gates Failed: Sample: 8/0.01/d [FAIL] | Bal: 12.5% [OK] | Jaccard: ERR [WARN] | ANOVA: p=0.11 [OK] | MI: 0.0000 [WARN]
[2026-01-01 11:48:23.145] WARNING: ❌ [VOL_PARTICIPATION] Gates Failed: Sample: 8/0.01/d [FAIL] | Bal: 25.0% [OK] | Jaccard: ERR [WARN] | ANOVA: p=0.04 [OK] | MI: 0.4908 [OK]
2026-01-01 11:48:23,145 - System.tprint - WARNING - ⚠️ ❌ [VOL_PARTICIPATION] Gates Failed: Sample: 8/0.01/d [FAIL] | Bal: 25.0% [OK] | Jaccard: ERR [WARN] | ANOVA: p=0.04 [OK] | MI: 0.4908 [OK]
[2026-01-01 11:48:23.343] WARNING: ❌ [VOL_PARTICIPATION] Gates Failed: Sample: 8/0.01/d [FAIL] | Bal: 25.0% [OK] | Jaccard: ERR [WARN] | ANOVA: p=0.04 [OK] | MI: 0.4908 [OK]
2026-01-01 11:48:23,344 - System.tprint - WARNING - ⚠️ ❌ [VOL_PARTICIPATION] Gates Failed: Sample: 8/0.01/d [FAIL] | Bal: 25.0% [OK] | Jaccard: ERR [WARN] | ANOVA: p=0.04 [OK] | MI: 0.4908 [OK]
[2026-01-01 11:48:23.552] WARNING: ❌ [VOL_PARTICIPATION] Gates Failed: Sample: 8/0.01/d [FAIL] | Bal: 25.0% [OK] | Jaccard: ERR [WARN] | ANOVA: p=0.04 [OK] | MI: 0.4908 [OK]
2026-01-01 11:48:23,552 - System.tprint - WARNING - ⚠️ ❌ [VOL_PARTICIPATION] Gates Failed: Sample: 8/0.01/d [FAIL] | Bal: 25.0% [OK] | Jaccard: ERR [WARN] | ANOVA: p=0.04 [OK] | MI: 0.4908 [OK]
[2026-01-01 11:48:23.882] WARNING: ❌ [RANGE_ATR] Gates Failed: Sample: 33054/31.05/d [OK] | Bal: 9.9% [FAIL] | Jaccard: ERR [WARN] | ANOVA: p=0.00 [OK] | MI: 0.0068 [OK]
2026-01-01 11:48:23,882 - System.tprint - WARNING - ⚠️ ❌ [RANGE_ATR] Gates Failed: Sample: 33054/31.05/d [OK] | Bal: 9.9% [FAIL] | Jaccard: ERR [WARN] | ANOVA: p=0.00 [OK] | MI: 0.0068 [OK]
[2026-01-01 11:48:23.973] WARNING: ❌ [RANGE_ATR] Gates Failed: Sample: 33054/31.05/d [OK] | Bal: 9.9% [FAIL] | Jaccard: ERR [WARN] | ANOVA: p=0.00 [OK] | MI: 0.0068 [OK]
2026-01-01 11:48:23,973 - System.tprint - WARNING - ⚠️ ❌ [RANGE_ATR] Gates Failed: Sample: 33054/31.05/d [OK] | Bal: 9.9% [FAIL] | Jaccard: ERR [WARN] | ANOVA: p=0.00 [OK] | MI: 0.0068 [OK]
[2026-01-01 11:48:24.071] WARNING: ❌ [RANGE_ATR] Gates Failed: Sample: 33054/31.05/d [OK] | Bal: 9.9% [FAIL] | Jaccard: ERR [WARN] | ANOVA: p=0.00 [OK] | MI: 0.0068 [OK]
2026-01-01 11:48:24,071 - System.tprint - WARNING - ⚠️ ❌ [RANGE_ATR] Gates Failed: Sample: 33054/31.05/d [OK] | Bal: 9.9% [FAIL] | Jaccard: ERR [WARN] | ANOVA: p=0.00 [OK] | MI: 0.0068 [OK]
2026-01-01 11:48:24,796 - src.utils.hardware.m1_memory_optimizer.M1MemoryOptimizer - INFO - ℹ️ 🧹 Moderate cleanup: 198 objects collected
[2026-01-01 11:48:25.080] WARNING: ❌ [RANGE_ATR] Gates Failed: Sample: 33054/31.05/d [OK] | Bal: 9.9% [FAIL] | Jaccard: ERR [WARN] | ANOVA: p=0.00 [OK] | MI: 0.0068 [OK]
2026-01-01 11:48:25,081 - System.tprint - WARNING - ⚠️ ❌ [RANGE_ATR] Gates Failed: Sample: 33054/31.05/d [OK] | Bal: 9.9% [FAIL] | Jaccard: ERR [WARN] | ANOVA: p=0.00 [OK] | MI: 0.0068 [OK]
[2026-01-01 11:48:25.123] WARNING: ❌ [RANGE_ATR] Gates Failed: Sample: 33054/31.05/d [OK] | Bal: 9.9% [FAIL] | Jaccard: ERR [WARN] | ANOVA: p=0.00 [OK] | MI: 0.0068 [OK]
2026-01-01 11:48:25,123 - System.tprint - WARNING - ⚠️ ❌ [RANGE_ATR] Gates Failed: Sample: 33054/31.05/d [OK] | Bal: 9.9% [FAIL] | Jaccard: ERR [WARN] | ANOVA: p=0.00 [OK] | MI: 0.0068 [OK]
[2026-01-01 11:48:25.181] WARNING: ❌ [RANGE_ATR] Gates Failed: Sample: 33054/31.05/d [OK] | Bal: 9.9% [FAIL] | Jaccard: ERR [WARN] | ANOVA: p=0.00 [OK] | MI: 0.0068 [OK]
2026-01-01 11:48:25,181 - System.tprint - WARNING - ⚠️ ❌ [RANGE_ATR] Gates Failed: Sample: 33054/31.05/d [OK] | Bal: 9.9% [FAIL] | Jaccard: ERR [WARN] | ANOVA: p=0.00 [OK] | MI: 0.0068 [OK]
[2026-01-01 11:48:25.481] WARNING: ❌ [RANGE_ATR] Gates Failed: Sample: 33054/31.05/d [OK] | Bal: 8.2% [FAIL] | Jaccard: ERR [WARN] | ANOVA: p=0.00 [OK] | MI: 0.0080 [OK]
2026-01-01 11:48:25,486 - System.tprint - WARNING - ⚠️ ❌ [RANGE_ATR] Gates Failed: Sample: 33054/31.05/d [OK] | Bal: 8.2% [FAIL] | Jaccard: ERR [WARN] | ANOVA: p=0.00 [OK] | MI: 0.0080 [OK]
[2026-01-01 11:48:25.569] WARNING: ❌ [RANGE_ATR] Gates Failed: Sample: 33054/31.05/d [OK] | Bal: 8.2% [FAIL] | Jaccard: ERR [WARN] | ANOVA: p=0.00 [OK] | MI: 0.0080 [OK]
2026-01-01 11:48:25,570 - System.tprint - WARNING - ⚠️ ❌ [RANGE_ATR] Gates Failed: Sample: 33054/31.05/d [OK] | Bal: 8.2% [FAIL] | Jaccard: ERR [WARN] | ANOVA: p=0.00 [OK] | MI: 0.0080 [OK]
[2026-01-01 11:48:25.640] WARNING: ❌ [RANGE_ATR] Gates Failed: Sample: 33054/31.05/d [OK] | Bal: 8.2% [FAIL] | Jaccard: ERR [WARN] | ANOVA: p=0.00 [OK] | MI: 0.0080 [OK]
2026-01-01 11:48:25,640 - System.tprint - WARNING - ⚠️ ❌ [RANGE_ATR] Gates Failed: Sample: 33054/31.05/d [OK] | Bal: 8.2% [FAIL] | Jaccard: ERR [WARN] | ANOVA: p=0.00 [OK] | MI: 0.0080 [OK]
[2026-01-01 11:48:25.934] WARNING: ❌ [RANGE_ATR] Gates Failed: Sample: 33054/31.05/d [OK] | Bal: 8.2% [FAIL] | Jaccard: ERR [WARN] | ANOVA: p=0.00 [OK] | MI: 0.0080 [OK]
2026-01-01 11:48:25,935 - System.tprint - WARNING - ⚠️ ❌ [RANGE_ATR] Gates Failed: Sample: 33054/31.05/d [OK] | Bal: 8.2% [FAIL] | Jaccard: ERR [WARN] | ANOVA: p=0.00 [OK] | MI: 0.0080 [OK]
[2026-01-01 11:48:26.000] WARNING: ❌ [RANGE_ATR] Gates Failed: Sample: 33054/31.05/d [OK] | Bal: 8.2% [FAIL] | Jaccard: ERR [WARN] | ANOVA: p=0.00 [OK] | MI: 0.0080 [OK]
2026-01-01 11:48:26,001 - System.tprint - WARNING - ⚠️ ❌ [RANGE_ATR] Gates Failed: Sample: 33054/31.05/d [OK] | Bal: 8.2% [FAIL] | Jaccard: ERR [WARN] | ANOVA: p=0.00 [OK] | MI: 0.0080 [OK]
[2026-01-01 11:48:26.069] WARNING: ❌ [RANGE_ATR] Gates Failed: Sample: 33054/31.05/d [OK] | Bal: 8.2% [FAIL] | Jaccard: ERR [WARN] | ANOVA: p=0.00 [OK] | MI: 0.0080 [OK]
2026-01-01 11:48:26,069 - System.tprint - WARNING - ⚠️ ❌ [RANGE_ATR] Gates Failed: Sample: 33054/31.05/d [OK] | Bal: 8.2% [FAIL] | Jaccard: ERR [WARN] | ANOVA: p=0.00 [OK] | MI: 0.0080 [OK]
[2026-01-01 11:48:26.406] WARNING: ❌ [RANGE_ATR] Gates Failed: Sample: 33054/31.05/d [OK] | Bal: 7.5% [FAIL] | Jaccard: ERR [WARN] | ANOVA: p=0.00 [OK] | MI: 0.0092 [OK]
2026-01-01 11:48:26,407 - System.tprint - WARNING - ⚠️ ❌ [RANGE_ATR] Gates Failed: Sample: 33054/31.05/d [OK] | Bal: 7.5% [FAIL] | Jaccard: ERR [WARN] | ANOVA: p=0.00 [OK] | MI: 0.0092 [OK]
[2026-01-01 11:48:26.459] WARNING: ❌ [RANGE_ATR] Gates Failed: Sample: 33054/31.05/d [OK] | Bal: 7.5% [FAIL] | Jaccard: ERR [WARN] | ANOVA: p=0.00 [OK] | MI: 0.0092 [OK]
2026-01-01 11:48:26,460 - System.tprint - WARNING - ⚠️ ❌ [RANGE_ATR] Gates Failed: Sample: 33054/31.05/d [OK] | Bal: 7.5% [FAIL] | Jaccard: ERR [WARN] | ANOVA: p=0.00 [OK] | MI: 0.0092 [OK]
[2026-01-01 11:48:26.540] WARNING: ❌ [RANGE_ATR] Gates Failed: Sample: 33054/31.05/d [OK] | Bal: 7.5% [FAIL] | Jaccard: ERR [WARN] | ANOVA: p=0.00 [OK] | MI: 0.0092 [OK]
2026-01-01 11:48:26,540 - System.tprint - WARNING - ⚠️ ❌ [RANGE_ATR] Gates Failed: Sample: 33054/31.05/d [OK] | Bal: 7.5% [FAIL] | Jaccard: ERR [WARN] | ANOVA: p=0.00 [OK] | MI: 0.0092 [OK]
[2026-01-01 11:48:26.854] WARNING: ❌ [RANGE_ATR] Gates Failed: Sample: 33054/31.05/d [OK] | Bal: 7.5% [FAIL] | Jaccard: ERR [WARN] | ANOVA: p=0.00 [OK] | MI: 0.0092 [OK]
2026-01-01 11:48:26,855 - System.tprint - WARNING - ⚠️ ❌ [RANGE_ATR] Gates Failed: Sample: 33054/31.05/d [OK] | Bal: 7.5% [FAIL] | Jaccard: ERR [WARN] | ANOVA: p=0.00 [OK] | MI: 0.0092 [OK]
[2026-01-01 11:48:26.930] WARNING: ❌ [RANGE_ATR] Gates Failed: Sample: 33054/31.05/d [OK] | Bal: 7.5% [FAIL] | Jaccard: ERR [WARN] | ANOVA: p=0.00 [OK] | MI: 0.0092 [OK]
2026-01-01 11:48:26,930 - System.tprint - WARNING - ⚠️ ❌ [RANGE_ATR] Gates Failed: Sample: 33054/31.05/d [OK] | Bal: 7.5% [FAIL] | Jaccard: ERR [WARN] | ANOVA: p=0.00 [OK] | MI: 0.0092 [OK]
[2026-01-01 11:48:27.006] WARNING: ❌ [RANGE_ATR] Gates Failed: Sample: 33054/31.05/d [OK] | Bal: 7.5% [FAIL] | Jaccard: ERR [WARN] | ANOVA: p=0.00 [OK] | MI: 0.0092 [OK]
2026-01-01 11:48:27,006 - System.tprint - WARNING - ⚠️ ❌ [RANGE_ATR] Gates Failed: Sample: 33054/31.05/d [OK] | Bal: 7.5% [FAIL] | Jaccard: ERR [WARN] | ANOVA: p=0.00 [OK] | MI: 0.0092 [OK]
[2026-01-01 11:48:27.320] WARNING: ❌ [RANGE_ATR] Gates Failed: Sample: 33054/31.05/d [OK] | Bal: 6.9% [FAIL] | Jaccard: ERR [WARN] | ANOVA: p=0.00 [OK] | MI: 0.0095 [OK]
2026-01-01 11:48:27,321 - System.tprint - WARNING - ⚠️ ❌ [RANGE_ATR] Gates Failed: Sample: 33054/31.05/d [OK] | Bal: 6.9% [FAIL] | Jaccard: ERR [WARN] | ANOVA: p=0.00 [OK] | MI: 0.0095 [OK]
[2026-01-01 11:48:27.411] WARNING: ❌ [RANGE_ATR] Gates Failed: Sample: 33054/31.05/d [OK] | Bal: 6.9% [FAIL] | Jaccard: ERR [WARN] | ANOVA: p=0.00 [OK] | MI: 0.0095 [OK]
2026-01-01 11:48:27,412 - System.tprint - WARNING - ⚠️ ❌ [RANGE_ATR] Gates Failed: Sample: 33054/31.05/d [OK] | Bal: 6.9% [FAIL] | Jaccard: ERR [WARN] | ANOVA: p=0.00 [OK] | MI: 0.0095 [OK]
[2026-01-01 11:48:27.520] WARNING: ❌ [RANGE_ATR] Gates Failed: Sample: 33054/31.05/d [OK] | Bal: 6.9% [FAIL] | Jaccard: ERR [WARN] | ANOVA: p=0.00 [OK] | MI: 0.0095 [OK]
2026-01-01 11:48:27,521 - System.tprint - WARNING - ⚠️ ❌ [RANGE_ATR] Gates Failed: Sample: 33054/31.05/d [OK] | Bal: 6.9% [FAIL] | Jaccard: ERR [WARN] | ANOVA: p=0.00 [OK] | MI: 0.0095 [OK]
[2026-01-01 11:48:27.892] WARNING: ❌ [RANGE_ATR] Gates Failed: Sample: 33054/31.05/d [OK] | Bal: 6.9% [FAIL] | Jaccard: ERR [WARN] | ANOVA: p=0.00 [OK] | MI: 0.0095 [OK]
2026-01-01 11:48:27,893 - System.tprint - WARNING - ⚠️ ❌ [RANGE_ATR] Gates Failed: Sample: 33054/31.05/d [OK] | Bal: 6.9% [FAIL] | Jaccard: ERR [WARN] | ANOVA: p=0.00 [OK] | MI: 0.0095 [OK]
[2026-01-01 11:48:27.994] WARNING: ❌ [RANGE_ATR] Gates Failed: Sample: 33054/31.05/d [OK] | Bal: 6.9% [FAIL] | Jaccard: ERR [WARN] | ANOVA: p=0.00 [OK] | MI: 0.0095 [OK]
2026-01-01 11:48:27,995 - System.tprint - WARNING - ⚠️ ❌ [RANGE_ATR] Gates Failed: Sample: 33054/31.05/d [OK] | Bal: 6.9% [FAIL] | Jaccard: ERR [WARN] | ANOVA: p=0.00 [OK] | MI: 0.0095 [OK]
[2026-01-01 11:48:28.106] WARNING: ❌ [RANGE_ATR] Gates Failed: Sample: 33054/31.05/d [OK] | Bal: 6.9% [FAIL] | Jaccard: ERR [WARN] | ANOVA: p=0.00 [OK] | MI: 0.0095 [OK]
2026-01-01 11:48:28,107 - System.tprint - WARNING - ⚠️ ❌ [RANGE_ATR] Gates Failed: Sample: 33054/31.05/d [OK] | Bal: 6.9% [FAIL] | Jaccard: ERR [WARN] | ANOVA: p=0.00 [OK] | MI: 0.0095 [OK]
[2026-01-01 11:48:28.504] WARNING: ❌ [RANGE_ATR] Gates Failed: Sample: 33054/31.05/d [OK] | Bal: 5.9% [FAIL] | Jaccard: ERR [WARN] | ANOVA: p=0.00 [OK] | MI: 0.0075 [OK]
2026-01-01 11:48:28,505 - System.tprint - WARNING - ⚠️ ❌ [RANGE_ATR] Gates Failed: Sample: 33054/31.05/d [OK] | Bal: 5.9% [FAIL] | Jaccard: ERR [WARN] | ANOVA: p=0.00 [OK] | MI: 0.0075 [OK]
[2026-01-01 11:48:28.602] WARNING: ❌ [RANGE_ATR] Gates Failed: Sample: 33054/31.05/d [OK] | Bal: 5.9% [FAIL] | Jaccard: ERR [WARN] | ANOVA: p=0.00 [OK] | MI: 0.0075 [OK]
2026-01-01 11:48:28,602 - System.tprint - WARNING - ⚠️ ❌ [RANGE_ATR] Gates Failed: Sample: 33054/31.05/d [OK] | Bal: 5.9% [FAIL] | Jaccard: ERR [WARN] | ANOVA: p=0.00 [OK] | MI: 0.0075 [OK]
[2026-01-01 11:48:28.707] WARNING: ❌ [RANGE_ATR] Gates Failed: Sample: 33054/31.05/d [OK] | Bal: 5.9% [FAIL] | Jaccard: ERR [WARN] | ANOVA: p=0.00 [OK] | MI: 0.0075 [OK]
2026-01-01 11:48:28,708 - System.tprint - WARNING - ⚠️ ❌ [RANGE_ATR] Gates Failed: Sample: 33054/31.05/d [OK] | Bal: 5.9% [FAIL] | Jaccard: ERR [WARN] | ANOVA: p=0.00 [OK] | MI: 0.0075 [OK]
[2026-01-01 11:48:29.193] WARNING: ❌ [RANGE_ATR] Gates Failed: Sample: 33054/31.05/d [OK] | Bal: 5.9% [FAIL] | Jaccard: ERR [WARN] | ANOVA: p=0.00 [OK] | MI: 0.0075 [OK]
2026-01-01 11:48:29,195 - System.tprint - WARNING - ⚠️ ❌ [RANGE_ATR] Gates Failed: Sample: 33054/31.05/d [OK] | Bal: 5.9% [FAIL] | Jaccard: ERR [WARN] | ANOVA: p=0.00 [OK] | MI: 0.0075 [OK]
[2026-01-01 11:48:29.311] WARNING: ❌ [RANGE_ATR] Gates Failed: Sample: 33054/31.05/d [OK] | Bal: 5.9% [FAIL] | Jaccard: ERR [WARN] | ANOVA: p=0.00 [OK] | MI: 0.0075 [OK]
2026-01-01 11:48:29,311 - System.tprint - WARNING - ⚠️ ❌ [RANGE_ATR] Gates Failed: Sample: 33054/31.05/d [OK] | Bal: 5.9% [FAIL] | Jaccard: ERR [WARN] | ANOVA: p=0.00 [OK] | MI: 0.0075 [OK]
[2026-01-01 11:48:29.398] WARNING: ❌ [RANGE_ATR] Gates Failed: Sample: 33054/31.05/d [OK] | Bal: 5.9% [FAIL] | Jaccard: ERR [WARN] | ANOVA: p=0.00 [OK] | MI: 0.0075 [OK]
2026-01-01 11:48:29,398 - System.tprint - WARNING - ⚠️ ❌ [RANGE_ATR] Gates Failed: Sample: 33054/31.05/d [OK] | Bal: 5.9% [FAIL] | Jaccard: ERR [WARN] | ANOVA: p=0.00 [OK] | MI: 0.0075 [OK]
2026-01-01 11:48:30,400 - src.utils.hardware.m1_memory_optimizer.M1MemoryOptimizer - INFO - ℹ️ 🧹 Moderate cleanup: 44 objects collected
[2026-01-01 11:48:30.552] WARNING: ❌ [RANGE_ATR] Gates Failed: Sample: 33054/31.05/d [OK] | Bal: 9.9% [FAIL] | Jaccard: ERR [WARN] | ANOVA: p=0.00 [OK] | MI: 0.0068 [OK]
2026-01-01 11:48:30,552 - System.tprint - WARNING - ⚠️ ❌ [RANGE_ATR] Gates Failed: Sample: 33054/31.05/d [OK] | Bal: 9.9% [FAIL] | Jaccard: ERR [WARN] | ANOVA: p=0.00 [OK] | MI: 0.0068 [OK]
[2026-01-01 11:48:30.650] WARNING: ❌ [RANGE_ATR] Gates Failed: Sample: 33054/31.05/d [OK] | Bal: 9.9% [FAIL] | Jaccard: ERR [WARN] | ANOVA: p=0.00 [OK] | MI: 0.0068 [OK]
2026-01-01 11:48:30,651 - System.tprint - WARNING - ⚠️ ❌ [RANGE_ATR] Gates Failed: Sample: 33054/31.05/d [OK] | Bal: 9.9% [FAIL] | Jaccard: ERR [WARN] | ANOVA: p=0.00 [OK] | MI: 0.0068 [OK]
[2026-01-01 11:48:30.757] WARNING: ❌ [RANGE_ATR] Gates Failed: Sample: 33054/31.05/d [OK] | Bal: 9.9% [FAIL] | Jaccard: ERR [WARN] | ANOVA: p=0.00 [OK] | MI: 0.0068 [OK]
2026-01-01 11:48:30,757 - System.tprint - WARNING - ⚠️ ❌ [RANGE_ATR] Gates Failed: Sample: 33054/31.05/d [OK] | Bal: 9.9% [FAIL] | Jaccard: ERR [WARN] | ANOVA: p=0.00 [OK] | MI: 0.0068 [OK]
[2026-01-01 11:48:31.193] WARNING: ❌ [RANGE_ATR] Gates Failed: Sample: 33054/31.05/d [OK] | Bal: 9.9% [FAIL] | Jaccard: ERR [WARN] | ANOVA: p=0.00 [OK] | MI: 0.0068 [OK]
2026-01-01 11:48:31,193 - System.tprint - WARNING - ⚠️ ❌ [RANGE_ATR] Gates Failed: Sample: 33054/31.05/d [OK] | Bal: 9.9% [FAIL] | Jaccard: ERR [WARN] | ANOVA: p=0.00 [OK] | MI: 0.0068 [OK]
[2026-01-01 11:48:31.298] WARNING: ❌ [RANGE_ATR] Gates Failed: Sample: 33054/31.05/d [OK] | Bal: 9.9% [FAIL] | Jaccard: ERR [WARN] | ANOVA: p=0.00 [OK] | MI: 0.0068 [OK]
2026-01-01 11:48:31,299 - System.tprint - WARNING - ⚠️ ❌ [RANGE_ATR] Gates Failed: Sample: 33054/31.05/d [OK] | Bal: 9.9% [FAIL] | Jaccard: ERR [WARN] | ANOVA: p=0.00 [OK] | MI: 0.0068 [OK]
[2026-01-01 11:48:31.378] WARNING: ❌ [RANGE_ATR] Gates Failed: Sample: 33054/31.05/d [OK] | Bal: 9.9% [FAIL] | Jaccard: ERR [WARN] | ANOVA: p=0.00 [OK] | MI: 0.0068 [OK]
2026-01-01 11:48:31,378 - System.tprint - WARNING - ⚠️ ❌ [RANGE_ATR] Gates Failed: Sample: 33054/31.05/d [OK] | Bal: 9.9% [FAIL] | Jaccard: ERR [WARN] | ANOVA: p=0.00 [OK] | MI: 0.0068 [OK]
[2026-01-01 11:48:31.736] WARNING: ❌ [RANGE_ATR] Gates Failed: Sample: 33054/31.05/d [OK] | Bal: 8.2% [FAIL] | Jaccard: ERR [WARN] | ANOVA: p=0.00 [OK] | MI: 0.0080 [OK]
2026-01-01 11:48:31,736 - System.tprint - WARNING - ⚠️ ❌ [RANGE_ATR] Gates Failed: Sample: 33054/31.05/d [OK] | Bal: 8.2% [FAIL] | Jaccard: ERR [WARN] | ANOVA: p=0.00 [OK] | MI: 0.0080 [OK]
[2026-01-01 11:48:31.810] WARNING: ❌ [RANGE_ATR] Gates Failed: Sample: 33054/31.05/d [OK] | Bal: 8.2% [FAIL] | Jaccard: ERR [WARN] | ANOVA: p=0.00 [OK] | MI: 0.0080 [OK]
2026-01-01 11:48:31,811 - System.tprint - WARNING - ⚠️ ❌ [RANGE_ATR] Gates Failed: Sample: 33054/31.05/d [OK] | Bal: 8.2% [FAIL] | Jaccard: ERR [WARN] | ANOVA: p=0.00 [OK] | MI: 0.0080 [OK]
[2026-01-01 11:48:31.884] WARNING: ❌ [RANGE_ATR] Gates Failed: Sample: 33054/31.05/d [OK] | Bal: 8.2% [FAIL] | Jaccard: ERR [WARN] | ANOVA: p=0.00 [OK] | MI: 0.0080 [OK]
2026-01-01 11:48:31,884 - System.tprint - WARNING - ⚠️ ❌ [RANGE_ATR] Gates Failed: Sample: 33054/31.05/d [OK] | Bal: 8.2% [FAIL] | Jaccard: ERR [WARN] | ANOVA: p=0.00 [OK] | MI: 0.0080 [OK]
[2026-01-01 11:48:32.261] WARNING: ❌ [RANGE_ATR] Gates Failed: Sample: 33054/31.05/d [OK] | Bal: 8.2% [FAIL] | Jaccard: ERR [WARN] | ANOVA: p=0.00 [OK] | MI: 0.0080 [OK]
2026-01-01 11:48:32,261 - System.tprint - WARNING - ⚠️ ❌ [RANGE_ATR] Gates Failed: Sample: 33054/31.05/d [OK] | Bal: 8.2% [FAIL] | Jaccard: ERR [WARN] | ANOVA: p=0.00 [OK] | MI: 0.0080 [OK]
[2026-01-01 11:48:32.340] WARNING: ❌ [RANGE_ATR] Gates Failed: Sample: 33054/31.05/d [OK] | Bal: 8.2% [FAIL] | Jaccard: ERR [WARN] | ANOVA: p=0.00 [OK] | MI: 0.0080 [OK]
2026-01-01 11:48:32,341 - System.tprint - WARNING - ⚠️ ❌ [RANGE_ATR] Gates Failed: Sample: 33054/31.05/d [OK] | Bal: 8.2% [FAIL] | Jaccard: ERR [WARN] | ANOVA: p=0.00 [OK] | MI: 0.0080 [OK]
[2026-01-01 11:48:32.425] WARNING: ❌ [RANGE_ATR] Gates Failed: Sample: 33054/31.05/d [OK] | Bal: 8.2% [FAIL] | Jaccard: ERR [WARN] | ANOVA: p=0.00 [OK] | MI: 0.0080 [OK]
2026-01-01 11:48:32,425 - System.tprint - WARNING - ⚠️ ❌ [RANGE_ATR] Gates Failed: Sample: 33054/31.05/d [OK] | Bal: 8.2% [FAIL] | Jaccard: ERR [WARN] | ANOVA: p=0.00 [OK] | MI: 0.0080 [OK]
[2026-01-01 11:48:32.789] WARNING: ❌ [RANGE_ATR] Gates Failed: Sample: 33054/31.05/d [OK] | Bal: 7.5% [FAIL] | Jaccard: ERR [WARN] | ANOVA: p=0.00 [OK] | MI: 0.0092 [OK]
2026-01-01 11:48:32,789 - System.tprint - WARNING - ⚠️ ❌ [RANGE_ATR] Gates Failed: Sample: 33054/31.05/d [OK] | Bal: 7.5% [FAIL] | Jaccard: ERR [WARN] | ANOVA: p=0.00 [OK] | MI: 0.0092 [OK]
[2026-01-01 11:48:32.882] WARNING: ❌ [RANGE_ATR] Gates Failed: Sample: 33054/31.05/d [OK] | Bal: 7.5% [FAIL] | Jaccard: ERR [WARN] | ANOVA: p=0.00 [OK] | MI: 0.0092 [OK]
2026-01-01 11:48:32,883 - System.tprint - WARNING - ⚠️ ❌ [RANGE_ATR] Gates Failed: Sample: 33054/31.05/d [OK] | Bal: 7.5% [FAIL] | Jaccard: ERR [WARN] | ANOVA: p=0.00 [OK] | MI: 0.0092 [OK]
[2026-01-01 11:48:32.991] WARNING: ❌ [RANGE_ATR] Gates Failed: Sample: 33054/31.05/d [OK] | Bal: 7.5% [FAIL] | Jaccard: ERR [WARN] | ANOVA: p=0.00 [OK] | MI: 0.0092 [OK]
2026-01-01 11:48:32,991 - System.tprint - WARNING - ⚠️ ❌ [RANGE_ATR] Gates Failed: Sample: 33054/31.05/d [OK] | Bal: 7.5% [FAIL] | Jaccard: ERR [WARN] | ANOVA: p=0.00 [OK] | MI: 0.0092 [OK]
[2026-01-01 11:48:33.361] WARNING: ❌ [RANGE_ATR] Gates Failed: Sample: 33054/31.05/d [OK] | Bal: 7.5% [FAIL] | Jaccard: ERR [WARN] | ANOVA: p=0.00 [OK] | MI: 0.0092 [OK]
2026-01-01 11:48:33,362 - System.tprint - WARNING - ⚠️ ❌ [RANGE_ATR] Gates Failed: Sample: 33054/31.05/d [OK] | Bal: 7.5% [FAIL] | Jaccard: ERR [WARN] | ANOVA: p=0.00 [OK] | MI: 0.0092 [OK]
[2026-01-01 11:48:33.462] WARNING: ❌ [RANGE_ATR] Gates Failed: Sample: 33054/31.05/d [OK] | Bal: 7.5% [FAIL] | Jaccard: ERR [WARN] | ANOVA: p=0.00 [OK] | MI: 0.0092 [OK]
2026-01-01 11:48:33,463 - System.tprint - WARNING - ⚠️ ❌ [RANGE_ATR] Gates Failed: Sample: 33054/31.05/d [OK] | Bal: 7.5% [FAIL] | Jaccard: ERR [WARN] | ANOVA: p=0.00 [OK] | MI: 0.0092 [OK]
[2026-01-01 11:48:33.568] WARNING: ❌ [RANGE_ATR] Gates Failed: Sample: 33054/31.05/d [OK] | Bal: 7.5% [FAIL] | Jaccard: ERR [WARN] | ANOVA: p=0.00 [OK] | MI: 0.0092 [OK]
2026-01-01 11:48:33,568 - System.tprint - WARNING - ⚠️ ❌ [RANGE_ATR] Gates Failed: Sample: 33054/31.05/d [OK] | Bal: 7.5% [FAIL] | Jaccard: ERR [WARN] | ANOVA: p=0.00 [OK] | MI: 0.0092 [OK]
[2026-01-01 11:48:33.956] WARNING: ❌ [RANGE_ATR] Gates Failed: Sample: 33054/31.05/d [OK] | Bal: 6.9% [FAIL] | Jaccard: ERR [WARN] | ANOVA: p=0.00 [OK] | MI: 0.0095 [OK]
2026-01-01 11:48:33,956 - System.tprint - WARNING - ⚠️ ❌ [RANGE_ATR] Gates Failed: Sample: 33054/31.05/d [OK] | Bal: 6.9% [FAIL] | Jaccard: ERR [WARN] | ANOVA: p=0.00 [OK] | MI: 0.0095 [OK]
[2026-01-01 11:48:34.058] WARNING: ❌ [RANGE_ATR] Gates Failed: Sample: 33054/31.05/d [OK] | Bal: 6.9% [FAIL] | Jaccard: ERR [WARN] | ANOVA: p=0.00 [OK] | MI: 0.0095 [OK]
2026-01-01 11:48:34,059 - System.tprint - WARNING - ⚠️ ❌ [RANGE_ATR] Gates Failed: Sample: 33054/31.05/d [OK] | Bal: 6.9% [FAIL] | Jaccard: ERR [WARN] | ANOVA: p=0.00 [OK] | MI: 0.0095 [OK]
[2026-01-01 11:48:34.158] WARNING: ❌ [RANGE_ATR] Gates Failed: Sample: 33054/31.05/d [OK] | Bal: 6.9% [FAIL] | Jaccard: ERR [WARN] | ANOVA: p=0.00 [OK] | MI: 0.0095 [OK]
2026-01-01 11:48:34,158 - System.tprint - WARNING - ⚠️ ❌ [RANGE_ATR] Gates Failed: Sample: 33054/31.05/d [OK] | Bal: 6.9% [FAIL] | Jaccard: ERR [WARN] | ANOVA: p=0.00 [OK] | MI: 0.0095 [OK]
[2026-01-01 11:48:34.521] WARNING: ❌ [RANGE_ATR] Gates Failed: Sample: 33054/31.05/d [OK] | Bal: 6.9% [FAIL] | Jaccard: ERR [WARN] | ANOVA: p=0.00 [OK] | MI: 0.0095 [OK]
2026-01-01 11:48:34,521 - System.tprint - WARNING - ⚠️ ❌ [RANGE_ATR] Gates Failed: Sample: 33054/31.05/d [OK] | Bal: 6.9% [FAIL] | Jaccard: ERR [WARN] | ANOVA: p=0.00 [OK] | MI: 0.0095 [OK]
[2026-01-01 11:48:34.617] WARNING: ❌ [RANGE_ATR] Gates Failed: Sample: 33054/31.05/d [OK] | Bal: 6.9% [FAIL] | Jaccard: ERR [WARN] | ANOVA: p=0.00 [OK] | MI: 0.0095 [OK]
2026-01-01 11:48:34,618 - System.tprint - WARNING - ⚠️ ❌ [RANGE_ATR] Gates Failed: Sample: 33054/31.05/d [OK] | Bal: 6.9% [FAIL] | Jaccard: ERR [WARN] | ANOVA: p=0.00 [OK] | MI: 0.0095 [OK]
[2026-01-01 11:48:34.715] WARNING: ❌ [RANGE_ATR] Gates Failed: Sample: 33054/31.05/d [OK] | Bal: 6.9% [FAIL] | Jaccard: ERR [WARN] | ANOVA: p=0.00 [OK] | MI: 0.0095 [OK]
2026-01-01 11:48:34,716 - System.tprint - WARNING - ⚠️ ❌ [RANGE_ATR] Gates Failed: Sample: 33054/31.05/d [OK] | Bal: 6.9% [FAIL] | Jaccard: ERR [WARN] | ANOVA: p=0.00 [OK] | MI: 0.0095 [OK]
[2026-01-01 11:48:35.078] WARNING: ❌ [RANGE_ATR] Gates Failed: Sample: 33054/31.05/d [OK] | Bal: 5.9% [FAIL] | Jaccard: ERR [WARN] | ANOVA: p=0.00 [OK] | MI: 0.0075 [OK]
2026-01-01 11:48:35,079 - System.tprint - WARNING - ⚠️ ❌ [RANGE_ATR] Gates Failed: Sample: 33054/31.05/d [OK] | Bal: 5.9% [FAIL] | Jaccard: ERR [WARN] | ANOVA: p=0.00 [OK] | MI: 0.0075 [OK]
[2026-01-01 11:48:35.160] WARNING: ❌ [RANGE_ATR] Gates Failed: Sample: 33054/31.05/d [OK] | Bal: 5.9% [FAIL] | Jaccard: ERR [WARN] | ANOVA: p=0.00 [OK] | MI: 0.0075 [OK]
2026-01-01 11:48:35,161 - System.tprint - WARNING - ⚠️ ❌ [RANGE_ATR] Gates Failed: Sample: 33054/31.05/d [OK] | Bal: 5.9% [FAIL] | Jaccard: ERR [WARN] | ANOVA: p=0.00 [OK] | MI: 0.0075 [OK]
[2026-01-01 11:48:35.270] WARNING: ❌ [RANGE_ATR] Gates Failed: Sample: 33054/31.05/d [OK] | Bal: 5.9% [FAIL] | Jaccard: ERR [WARN] | ANOVA: p=0.00 [OK] | MI: 0.0075 [OK]
2026-01-01 11:48:35,271 - System.tprint - WARNING - ⚠️ ❌ [RANGE_ATR] Gates Failed: Sample: 33054/31.05/d [OK] | Bal: 5.9% [FAIL] | Jaccard: ERR [WARN] | ANOVA: p=0.00 [OK] | MI: 0.0075 [OK]
2026-01-01 11:48:36,182 - src.utils.hardware.m1_memory_optimizer.M1MemoryOptimizer - INFO - ℹ️ 🧹 Moderate cleanup: 242 objects collected
[2026-01-01 11:48:36.416] WARNING: ❌ [RANGE_ATR] Gates Failed: Sample: 33054/31.05/d [OK] | Bal: 5.9% [FAIL] | Jaccard: ERR [WARN] | ANOVA: p=0.00 [OK] | MI: 0.0075 [OK]
2026-01-01 11:48:36,416 - System.tprint - WARNING - ⚠️ ❌ [RANGE_ATR] Gates Failed: Sample: 33054/31.05/d [OK] | Bal: 5.9% [FAIL] | Jaccard: ERR [WARN] | ANOVA: p=0.00 [OK] | MI: 0.0075 [OK]
[2026-01-01 11:48:36.510] WARNING: ❌ [RANGE_ATR] Gates Failed: Sample: 33054/31.05/d [OK] | Bal: 5.9% [FAIL] | Jaccard: ERR [WARN] | ANOVA: p=0.00 [OK] | MI: 0.0075 [OK]
2026-01-01 11:48:36,511 - System.tprint - WARNING - ⚠️ ❌ [RANGE_ATR] Gates Failed: Sample: 33054/31.05/d [OK] | Bal: 5.9% [FAIL] | Jaccard: ERR [WARN] | ANOVA: p=0.00 [OK] | MI: 0.0075 [OK]
[2026-01-01 11:48:36.593] WARNING: ❌ [RANGE_ATR] Gates Failed: Sample: 33054/31.05/d [OK] | Bal: 5.9% [FAIL] | Jaccard: ERR [WARN] | ANOVA: p=0.00 [OK] | MI: 0.0075 [OK]
2026-01-01 11:48:36,593 - System.tprint - WARNING - ⚠️ ❌ [RANGE_ATR] Gates Failed: Sample: 33054/31.05/d [OK] | Bal: 5.9% [FAIL] | Jaccard: ERR [WARN] | ANOVA: p=0.00 [OK] | MI: 0.0075 [OK]
2026-01-01 11:48:51,655 - src.utils.hardware.unified_hardware_manager.HardwarePerformanceMonitor - WARNING - ⚠️ 🚨 ALERT: cpu_usage (98.9) exceeds threshold (95.0)
2026-01-01 11:49:15,160 - src.training.steps.labeling.orthogonal_label_generation - INFO - ℹ️ Top 50% selection: Kept 162 from 324 candidates.
[LightGBM] [Info] Using self-defined objective function
[LightGBM] [Info] Using self-defined objective function
[LightGBM] [Info] Using self-defined objective function
2026-01-01 11:49:23,543 - src.utils.hardware.unified_hardware_manager.HardwarePerformanceMonitor - WARNING - ⚠️ 🚨 ALERT: cpu_usage (95.8) exceeds threshold (95.0)
[LightGBM] [Info] Using self-defined objective function
[LightGBM] [Info] Using self-defined objective function
[LightGBM] [Info] Using self-defined objective function
2026-01-01 11:49:27,957 - src.utils.hardware.m1_memory_optimizer.M1MemoryOptimizer - INFO - ℹ️ 🧠 M1 Memory pressure at 0.76
[LightGBM] [Info] Using self-defined objective function
2026-01-01 11:49:35,751 - src.utils.hardware.m1_memory_optimizer.M1MemoryOptimizer - INFO - ℹ️ 🧹 Moderate cleanup: 65 objects collected
[LightGBM] [Info] Using self-defined objective function
[LightGBM] [Info] Using self-defined objective function
2026-01-01 11:49:41,853 - src.utils.hardware.m1_memory_optimizer.M1MemoryOptimizer - INFO - ℹ️ 🧹 Moderate cleanup: 13 objects collected
[LightGBM] [Info] Using self-defined objective function
[LightGBM] [Info] Using self-defined objective function
2026-01-01 11:49:57,754 - src.utils.hardware.unified_hardware_manager.HardwarePerformanceMonitor - WARNING - ⚠️ 🚨 ALERT: cpu_usage (99.8) exceeds threshold (95.0)
2026-01-01 11:49:57,755 - src.utils.hardware.m1_memory_optimizer.M1MemoryOptimizer - INFO - ℹ️ 🧹 Moderate cleanup: 248 objects collected
[LightGBM] [Info] Using self-defined objective function
2026-01-01 11:50:04,151 - src.utils.hardware.m1_memory_optimizer.M1MemoryOptimizer - INFO - ℹ️ 🧹 Moderate cleanup: 13 objects collected
2026-01-01 11:50:05,192 - System.ArtifactManager - INFO - ℹ️ Cleaned up artifacts directory
2026-01-01 11:50:07,659 - System.ArtifactManager - INFO - ℹ️ Removed older duplicate file: outcomes/layer0_summary_ETHUSDT_15m_20260101_020928.csv
2026-01-01 11:50:07,900 - System.ArtifactManager - INFO - ℹ️ Cleaned up 1 older files for base name: layer0_summary_ETHUSDT_15m
2026-01-01 11:50:08,868 - System.ArtifactManager - INFO - ℹ️ Removed older duplicate file: outcomes/layer0_filter_outputs_ETHUSDT_15m_20260101_020928.csv
2026-01-01 11:50:10,399 - System.ArtifactManager - INFO - ℹ️ Cleaned up 1 older files for base name: layer0_filter_outputs_ETHUSDT_15m
2026-01-01 11:50:10,404 - System.ArtifactManager - INFO - ℹ️ Removed older duplicate file: outcomes/layer0_report_ETHUSDT_15m_20260101_020928.md
2026-01-01 11:50:10,404 - System.ArtifactManager - INFO - ℹ️ Cleaned up 1 older files for base name: layer0_report_ETHUSDT_15m
2026-01-01 11:50:10,414 - System.ArtifactManager - INFO - ℹ️ Removed older duplicate file: outcomes/layer2_gate_diagnostics_20260101_020520.md
2026-01-01 11:50:10,415 - System.ArtifactManager - INFO - ℹ️ Cleaned up 1 older files for base name: layer2_gate_diagnostics
2026-01-01 11:50:10,416 - System.ArtifactManager - INFO - ℹ️ Removed older duplicate file: outcomes/layer0_diagnostics_ETHUSDT_15m_20260101_020928.csv
2026-01-01 11:50:10,417 - System.ArtifactManager - INFO - ℹ️ Cleaned up 1 older files for base name: layer0_diagnostics_ETHUSDT_15m
2026-01-01 11:50:10,424 - System.ArtifactManager - INFO - ℹ️ Removed older duplicate file: outcomes/geometry_gates_20260101_020520.csv
2026-01-01 11:50:10,425 - System.ArtifactManager - INFO - ℹ️ Cleaned up 1 older files for base name: geometry_gates
2026-01-01 11:50:10,425 - System.ArtifactManager - INFO - ℹ️ Cleaned up outcomes directory
[LightGBM] [Info] Using self-defined objective function
2026-01-01 11:50:10,516 - System.ArtifactManager - INFO - ℹ️ Cleaned up logs directory
[LightGBM] [Info] Using self-defined objective function
[LightGBM] [Info] Using self-defined objective function
2026-01-01 11:50:16,276 - src.utils.hardware.m1_memory_optimizer.M1MemoryOptimizer - INFO - ℹ️ 🧹 Moderate cleanup: 13 objects collected
[LightGBM] [Info] Using self-defined objective function
[LightGBM] [Info] Using self-defined objective function
[LightGBM] [Info] Using self-defined objective function
2026-01-01 11:50:28,829 - src.utils.hardware.m1_memory_optimizer.M1MemoryOptimizer - INFO - ℹ️ 🧹 Moderate cleanup: 13 objects collected
[LightGBM] [Info] Using self-defined objective function
[LightGBM] [Info] Using self-defined objective function
[LightGBM] [Info] Using self-defined objective function
[LightGBM] [Info] Using self-defined objective function
[LightGBM] [Info] Using self-defined objective function
[LightGBM] [Info] Using self-defined objective function
2026-01-01 11:50:49,100 - src.utils.hardware.m1_memory_optimizer.M1MemoryOptimizer - INFO - ℹ️ 🧹 Moderate cleanup: 164 objects collected
[LightGBM] [Info] Using self-defined objective function
[LightGBM] [Info] Using self-defined objective function
[LightGBM] [Info] Using self-defined objective function
[LightGBM] [Info] Using self-defined objective function
[LightGBM] [Info] Using self-defined objective function
[LightGBM] [Info] Using self-defined objective function
[LightGBM] [Info] Using self-defined objective function
[LightGBM] [Info] Using self-defined objective function
[LightGBM] [Info] Using self-defined objective function
[LightGBM] [Info] Using self-defined objective function
2026-01-01 11:51:28,395 - src.utils.hardware.m1_memory_optimizer.M1MemoryOptimizer - INFO - ℹ️ 🧹 Moderate cleanup: 105 objects collected
[LightGBM] [Info] Using self-defined objective function
[LightGBM] [Info] Using self-defined objective function
2026-01-01 11:51:35,159 - src.utils.hardware.m1_memory_optimizer.M1MemoryOptimizer - INFO - ℹ️ 🧹 Moderate cleanup: 13 objects collected
2026-01-01 11:51:37,829 - src.utils.hardware.unified_hardware_manager.HardwarePerformanceMonitor - WARNING - ⚠️ 🚨 ALERT: cpu_usage (97.9) exceeds threshold (95.0)
[LightGBM] [Info] Using self-defined objective function
[LightGBM] [Info] Using self-defined objective function
2026-01-01 11:51:47,407 - src.utils.hardware.m1_memory_optimizer.M1MemoryOptimizer - INFO - ℹ️ 🧹 Moderate cleanup: 153 objects collected
[LightGBM] [Info] Using self-defined objective function
[LightGBM] [Info] Using self-defined objective function
[LightGBM] [Info] Using self-defined objective function
[LightGBM] [Info] Using self-defined objective function
[LightGBM] [Info] Using self-defined objective function
[LightGBM] [Info] Using self-defined objective function
[LightGBM] [Info] Using self-defined objective function
2026-01-01 11:52:03,642 - src.utils.hardware.m1_memory_optimizer.M1MemoryOptimizer - INFO - ℹ️ 🧠 M1 Memory pressure at 0.82
[LightGBM] [Info] Using self-defined objective function
[LightGBM] [Info] Using self-defined objective function
[LightGBM] [Info] Using self-defined objective function
[LightGBM] [Info] Using self-defined objective function
[LightGBM] [Info] Using self-defined objective function
[LightGBM] [Info] Using self-defined objective function
2026-01-01 11:52:16,669 - src.utils.hardware.m1_memory_optimizer.M1MemoryOptimizer - INFO - ℹ️ 🧹 Moderate cleanup: 151 objects collected
[LightGBM] [Info] Using self-defined objective function
[LightGBM] [Info] Using self-defined objective function
[LightGBM] [Info] Using self-defined objective function
[LightGBM] [Info] Using self-defined objective function
[LightGBM] [Info] Using self-defined objective function
[LightGBM] [Info] Using self-defined objective function
2026-01-01 11:52:36,465 - src.utils.hardware.m1_memory_optimizer.M1MemoryOptimizer - INFO - ℹ️ 🧹 Moderate cleanup: 13 objects collected
[LightGBM] [Info] Using self-defined objective function
[LightGBM] [Info] Using self-defined objective function
[LightGBM] [Info] Using self-defined objective function
[LightGBM] [Info] Using self-defined objective function
[LightGBM] [Info] Using self-defined objective function
[LightGBM] [Info] Using self-defined objective function
[LightGBM] [Info] Using self-defined objective function
[LightGBM] [Info] Using self-defined objective function
[LightGBM] [Info] Using self-defined objective function
2026-01-01 11:53:06,443 - src.utils.hardware.m1_memory_optimizer.M1MemoryOptimizer - INFO - ℹ️ 🧹 Moderate cleanup: 9 objects collected
[LightGBM] [Info] Using self-defined objective function
[LightGBM] [Info] Using self-defined objective function
[LightGBM] [Info] Using self-defined objective function
[LightGBM] [Info] Using self-defined objective function
[LightGBM] [Info] Using self-defined objective function
[LightGBM] [Info] Using self-defined objective function
2026-01-01 11:53:11,828 - src.utils.hardware.m1_memory_optimizer.M1MemoryOptimizer - INFO - ℹ️ 🧹 Moderate cleanup: 281 objects collected
[LightGBM] [Info] Using self-defined objective function
[LightGBM] [Info] Using self-defined objective function
[LightGBM] [Info] Using self-defined objective function
[LightGBM] [Info] Using self-defined objective function
[LightGBM] [Info] Using self-defined objective function
[LightGBM] [Info] Using self-defined objective function
[LightGBM] [Info] Using self-defined objective function
[LightGBM] [Info] Using self-defined objective function
[LightGBM] [Info] Using self-defined objective function
[LightGBM] [Info] Using self-defined objective function
[LightGBM] [Info] Using self-defined objective function
[LightGBM] [Info] Using self-defined objective function
[LightGBM] [Info] Using self-defined objective function
[LightGBM] [Info] Using self-defined objective function
[LightGBM] [Info] Using self-defined objective function
[LightGBM] [Info] Using self-defined objective function
[LightGBM] [Info] Using self-defined objective function
[LightGBM] [Info] Using self-defined objective function
[LightGBM] [Info] Using self-defined objective function
[LightGBM] [Info] Using self-defined objective function
[LightGBM] [Info] Using self-defined objective function
[LightGBM] [Info] Using self-defined objective function
[LightGBM] [Info] Using self-defined objective function
[LightGBM] [Info] Using self-defined objective function
[LightGBM] [Info] Using self-defined objective function
[LightGBM] [Info] Using self-defined objective function
[LightGBM] [Info] Using self-defined objective function
[LightGBM] [Info] Using self-defined objective function
[LightGBM] [Info] Using self-defined objective function
[LightGBM] [Info] Using self-defined objective function
[LightGBM] [Info] Using self-defined objective function
[LightGBM] [Info] Using self-defined objective function
[LightGBM] [Info] Using self-defined objective function
[LightGBM] [Info] Using self-defined objective function
[LightGBM] [Info] Using self-defined objective function
[LightGBM] [Info] Using self-defined objective function
[LightGBM] [Info] Using self-defined objective function
[LightGBM] [Info] Using self-defined objective function
[LightGBM] [Info] Using self-defined objective function
[LightGBM] [Info] Using self-defined objective function
[LightGBM] [Info] Using self-defined objective function
[LightGBM] [Info] Using self-defined objective function
2026-01-01 11:54:22,564 - src.utils.hardware.m1_memory_optimizer.M1MemoryOptimizer - INFO - ℹ️ 🧠 M1 Memory pressure at 0.76
[LightGBM] [Info] Using self-defined objective function
[LightGBM] [Info] Using self-defined objective function
[LightGBM] [Info] Using self-defined objective function
2026-01-01 11:54:30,112 - src.utils.hardware.m1_memory_optimizer.M1MemoryOptimizer - INFO - ℹ️ 🧹 Moderate cleanup: 13 objects collected
[LightGBM] [Info] Using self-defined objective function
[LightGBM] [Info] Using self-defined objective function
[LightGBM] [Info] Using self-defined objective function
[LightGBM] [Info] Using self-defined objective function
[LightGBM] [Info] Using self-defined objective function
[LightGBM] [Info] Using self-defined objective function
[LightGBM] [Info] Using self-defined objective function
[LightGBM] [Info] Using self-defined objective function
[LightGBM] [Info] Using self-defined objective function
[LightGBM] [Info] Using self-defined objective function
[LightGBM] [Info] Using self-defined objective function
[LightGBM] [Info] Using self-defined objective function
[LightGBM] [Info] Using self-defined objective function
[LightGBM] [Info] Using self-defined objective function
[LightGBM] [Info] Using self-defined objective function
2026-01-01 11:54:59,992 - src.utils.hardware.unified_hardware_manager.HardwarePerformanceMonitor - WARNING - ⚠️ 🚨 ALERT: cpu_usage (99.0) exceeds threshold (95.0)
[LightGBM] [Info] Using self-defined objective function
2026-01-01 11:55:13,442 - src.utils.hardware.m1_memory_optimizer.M1MemoryOptimizer - INFO - ℹ️ 🧹 Moderate cleanup: 81 objects collected
[LightGBM] [Info] Using self-defined objective function
[LightGBM] [Info] Using self-defined objective function
2026-01-01 11:55:19,398 - src.utils.hardware.m1_memory_optimizer.M1MemoryOptimizer - INFO - ℹ️ 🧹 Moderate cleanup: 13 objects collected
[LightGBM] [Info] Using self-defined objective function
[LightGBM] [Info] Using self-defined objective function
[LightGBM] [Info] Using self-defined objective function
2026-01-01 11:55:32,403 - src.utils.hardware.unified_hardware_manager.HardwarePerformanceMonitor - WARNING - ⚠️ 🚨 ALERT: cpu_usage (98.1) exceeds threshold (95.0)
2026-01-01 11:55:34,201 - src.utils.hardware.m1_memory_optimizer.M1MemoryOptimizer - INFO - ℹ️ 🧹 Moderate cleanup: 13 objects collected
[LightGBM] [Info] Using self-defined objective function
[LightGBM] [Info] Using self-defined objective function
[LightGBM] [Info] Using self-defined objective function
[LightGBM] [Info] Using self-defined objective function
2026-01-01 11:55:53,824 - src.utils.hardware.m1_memory_optimizer.M1MemoryOptimizer - INFO - ℹ️ 🧹 Moderate cleanup: 177 objects collected
[LightGBM] [Info] Using self-defined objective function
[LightGBM] [Info] Using self-defined objective function
2026-01-01 11:55:59,531 - src.utils.hardware.m1_memory_optimizer.M1MemoryOptimizer - INFO - ℹ️ 🧹 Moderate cleanup: 13 objects collected
/Library/Frameworks/Python.framework/Versions/3.11/lib/python3.11/multiprocessing/resource_tracker.py:224: UserWarning: resource_tracker: There appear to be 1 leaked semaphore objects to clean up at shutdown
  warnings.warn('resource_tracker: There appear to be %d '
