2026-01-01 02:07:44,777 - numexpr.utils - INFO - ℹ️ NumExpr defaulting to 8 threads.
2026-01-01 02:07:45,165 - DataQualityFramework - INFO - ℹ️ ✅ Comprehensive duplicate analyzer integrated
2026-01-01 02:07:45,165 - DataQualityFramework - INFO - ℹ️ 🔧 Unified Data Quality Framework initialized (singleton)
[2026-01-01 02:07:45.165] PERFORMANCE: DataQualityFramework initialization took 0.000s
2026-01-01 02:07:45,165 - System.tprint - INFO - ℹ️ DataQualityFramework initialization took 0.000s
2026-01-01 02:07:46,452 - System.AdvancedQualityMetrics - INFO - ℹ️ 📊 AdvancedQualityMetrics initialized with tolerant parameters
[2026-01-01 02:07:46.452] PERFORMANCE: AdvancedQualityMetrics initialization took 0.000s
2026-01-01 02:07:46,452 - System.tprint - INFO - ℹ️ AdvancedQualityMetrics initialization took 0.000s
2026-01-01 02:07:46,455 - DataCleaner - INFO - ℹ️ Using klines-specific gap thresholds: {<GapType.SMALL: 'small'>: 65, <GapType.MEDIUM: 'medium'>: 300, <GapType.LARGE: 'large'>: 1800, <GapType.CRITICAL: 'critical'>: 3600}
[2026-01-01 02:07:46.455] PERFORMANCE: DataCleaner(klines) initialization took 0.000s
2026-01-01 02:07:46,455 - System.tprint - INFO - ℹ️ DataCleaner(klines) initialization took 0.000s
2026-01-01 02:07:46,456 - DataCleaner - INFO - ℹ️ Using klines-specific gap thresholds: {<GapType.SMALL: 'small'>: 65, <GapType.MEDIUM: 'medium'>: 300, <GapType.LARGE: 'large'>: 1800, <GapType.CRITICAL: 'critical'>: 3600}
[2026-01-01 02:07:46.455] PERFORMANCE: DataCleaner(klines) initialization took 0.000s
2026-01-01 02:07:46,456 - System.tprint - INFO - ℹ️ DataCleaner(klines) initialization took 0.000s
2026-01-01 02:07:46,456 - DataCleanerManager - INFO - ℹ️ 🔧 DataCleanerManager initialized (singleton)
[2026-01-01 02:07:46.612] DEBUG: 🔧 [features_common.utils] Initializing common utilities module
[2026-01-01 02:07:46.612] SUCCESS: ✅ [features_common.utils] Math validation utilities loaded
2026-01-01 02:07:46,613 - System.tprint - INFO - ℹ️ ✅ [features_common.utils] Math validation utilities loaded
[2026-01-01 02:07:46.612] DEBUG: 🔧 [features_common.utils] Common utilities module initialized
2026-01-01 02:07:55,059 - src.utils.hardware.m1_gpu_utils.M1GPUManager - INFO - ℹ️ M1 GPU Manager initialized - M1: True, Generation: m1, MPS: True
2026-01-01 02:07:55,124 - src.utils.hardware.m1_cpu_optimizer.M1CPUOptimizer - INFO - ℹ️ 🧠 M1 CPU Optimizer initialized for M1 (4P+4E cores)
[2026-01-01 02:07:56.757] DEBUG: 🔧 [transforms] Module initialized with 14 exports
2026-01-01 02:07:56,758 - src.features_common.backward_compatibility - INFO - ℹ️ Backward compatibility ensured for features_common
[2026-01-01 02:07:56.759] DEBUG: 🔧 [optimization] Module initialized with 6 exports
[2026-01-01 02:07:56.759] DEBUG: 🔧 [registry] Module initialized with BaseFeatureRegistry
[2026-01-01 02:07:56.762] DEBUG: 🚀 [features_common] Enhanced module initialized with 59 exports
[2026-01-01 02:07:56.762] SUCCESS: ✅ [features_common] All optimizations enabled by default
2026-01-01 02:07:56,763 - System.tprint - INFO - ℹ️ ✅ [features_common] All optimizations enabled by default
[2026-01-01 02:07:56.762] INFO: 🔧 [features_common] VectorBT integration available
2026-01-01 02:07:56,763 - System.tprint - INFO - ℹ️ 🔧 [features_common] VectorBT integration available
[2026-01-01 02:07:56.764] PERFORMANCE: 📊 [features_common] Performance monitoring enabled
2026-01-01 02:07:56,764 - System.tprint - INFO - ℹ️ 📊 [features_common] Performance monitoring enabled
[2026-01-01 02:07:56.764] WARNING: 💾 [features_common] Intelligent caching active
2026-01-01 02:07:56,765 - System.tprint - WARNING - ⚠️ 💾 [features_common] Intelligent caching active
2026-01-01 02:07:56,765 - System.DataStreamingManager - INFO - ℹ️ 🚀 DataStreamingManager initialized (singleton): chunk_size=10000, memory_threshold=0.8
[2026-01-01 02:07:56.766] PERFORMANCE: DataStreamingManager initialization took 0.000s
2026-01-01 02:07:56,766 - System.tprint - INFO - ℹ️ DataStreamingManager initialization took 0.000s
2026-01-01 02:07:56,808 - System.EvaluationUtils - INFO - ℹ️ EvaluationUtils delegating core metric computation to unified_evaluator
[2026-01-01 02:07:56.826] ✅ Custom logger available for MLCommon.ConfidenceMetrics
2026-01-01 02:07:56,827 - System.tprint - INFO - ℹ️ ✅ Custom logger available for MLCommon.ConfidenceMetrics
[2026-01-01 02:07:56.829] ✅ Custom logger available for MLCommon.ModelExplanations
2026-01-01 02:07:56,829 - System.tprint - INFO - ℹ️ ✅ Custom logger available for MLCommon.ModelExplanations
2026-01-01 02:07:58,088 - MLCommon.ModelExplanations - INFO - ℹ️ LIME library available - LIME explanations enabled
[2026-01-01 02:07:58.089] ✅ Custom logger available for MLCommon.ModelRegistry
2026-01-01 02:07:58,089 - System.tprint - INFO - ℹ️ ✅ Custom logger available for MLCommon.ModelRegistry
[2026-01-01 02:07:58.089] ✅ Custom logger available for MLCommon.ModelExplainability
2026-01-01 02:07:58,089 - System.tprint - INFO - ℹ️ ✅ Custom logger available for MLCommon.ModelExplainability
[2026-01-01 02:07:58.228] ✅ Custom logger available for MLCommon.CV
2026-01-01 02:07:58,228 - System.tprint - INFO - ℹ️ ✅ Custom logger available for MLCommon.CV
2026-01-01 02:07:58,232 - src.utils.ml_common.validation.enhanced_validation - INFO - ℹ️ ✅ Enhanced Validation initialized
[2026-01-01 02:07:58.236] ✅ Custom logger available for MLCommon.ValidationUtils
2026-01-01 02:07:58,236 - System.tprint - INFO - ℹ️ ✅ Custom logger available for MLCommon.ValidationUtils
[2026-01-01 02:07:58.243] ✅ Custom logger available for MLCommon.HPOUtils
2026-01-01 02:07:58,244 - System.tprint - INFO - ℹ️ ✅ Custom logger available for MLCommon.HPOUtils
2026-01-01 02:07:58,366 - src.utils.matrix_operations.enhanced_operations.CustomMatrixOperationsRegistry - INFO - ℹ️ 📝 Registered custom matrix operation: gpu_condition_number
2026-01-01 02:07:58,366 - src.utils.matrix_operations.enhanced_operations.CustomMatrixOperationsRegistry - INFO - ℹ️ 📝 Registered custom matrix operation: gpu_matrix_rank
2026-01-01 02:07:58,366 - src.utils.matrix_operations.enhanced_operations.CustomMatrixOperationsRegistry - INFO - ℹ️ 📝 Registered custom matrix operation: matrix_normalize
2026-01-01 02:07:58,366 - src.utils.matrix_operations.enhanced_operations.CustomMatrixOperationsRegistry - INFO - ℹ️ 📝 Registered custom matrix operation: extract_matrix_features
2026-01-01 02:07:58,369 - src.utils.matrix_operations - INFO - ℹ️ ✅ Unified Matrix Operations module initialized
2026-01-01 02:07:58,370 - src.utils.matrix_operations - INFO - ℹ️ 📦 Version: 1.0.0
2026-01-01 02:07:58,370 - src.utils.matrix_operations - INFO - ℹ️ 🔧 Features: VectorBT optimizations, GPU acceleration, memory optimization, vectorized processing, batch operations
2026-01-01 02:07:58,370 - src.utils.matrix_operations - INFO - ℹ️ 🍎 Optimized for: Apple Silicon M1/M2/M3 Macs
2026-01-01 02:07:58,370 - src.utils.matrix_operations - INFO - ℹ️ 🚀 VectorBT optimizations enabled - expect 2-10x performance improvements
2026-01-01 02:07:58,370 - src.utils.matrix_operations - INFO - ℹ️ 🎯 VectorBTRollingOptimizer available - enhanced rolling operations
2026-01-01 02:07:58,370 - src.utils.matrix_operations - INFO - ℹ️ ⚡ UnifiedVectorizationManager available - unified vectorization operations
2026-01-01 02:07:58,373 - System.ComplementaryLookbackOptimizer - INFO - ℹ️ ✅ Detected VectorBT v0.28.1
2026-01-01 02:07:58,387 - src.feature_generation.utils.feature_generation_optimization - INFO - ℹ️ ✅ VectorBT available for feature optimization
2026-01-01 02:07:58,415 - src.feature_generation.core.feature_registry.FeatureRegistry - INFO - ℹ️ FeatureRegistry initialized
[2026-01-01 02:07:58.415] 🔧 Initializing AutoOptimizationConfig...
2026-01-01 02:07:58,415 - System.tprint - INFO - ℹ️ 🔧 Initializing AutoOptimizationConfig...
[2026-01-01 02:07:58.415] 📝 Setting up conservative optimization settings...
2026-01-01 02:07:58,415 - System.tprint - INFO - ℹ️ 📝 Setting up conservative optimization settings...
[2026-01-01 02:07:58.415] ✅ Conservative settings configured
2026-01-01 02:07:58,415 - System.tprint - INFO - ℹ️ ✅ Conservative settings configured
[2026-01-01 02:07:58.415] 📝 Setting up balanced optimization settings...
2026-01-01 02:07:58,415 - System.tprint - INFO - ℹ️ 📝 Setting up balanced optimization settings...
[2026-01-01 02:07:58.415] ✅ Balanced settings configured
2026-01-01 02:07:58,415 - System.tprint - INFO - ℹ️ ✅ Balanced settings configured
[2026-01-01 02:07:58.415] 📝 Setting up aggressive optimization settings...
2026-01-01 02:07:58,415 - System.tprint - INFO - ℹ️ 📝 Setting up aggressive optimization settings...
[2026-01-01 02:07:58.415] ✅ Aggressive settings configured
2026-01-01 02:07:58,416 - System.tprint - INFO - ℹ️ ✅ Aggressive settings configured
[2026-01-01 02:07:58.415] 🎯 AutoOptimizationConfig initialized with balanced strategy
2026-01-01 02:07:58,416 - System.tprint - INFO - ℹ️ 🎯 AutoOptimizationConfig initialized with balanced strategy
[2026-01-01 02:07:58.415] ✅ Auto-optimization enabled for FeatureBank (default)
2026-01-01 02:07:58,416 - System.tprint - INFO - ℹ️ ✅ Auto-optimization enabled for FeatureBank (default)
2026-01-01 02:07:58,416 - src.feature_generation.utils.memory_pool_optimizer.MemoryPoolOptimizer - INFO - ℹ️ Memory pool optimizer initialized
2026-01-01 02:07:58,416 - src.utils.hardware.m1_memory_optimizer.M1MemoryOptimizer - INFO - ℹ️ 🧠 Memory limit set to 8.0 GB (8589934592.0 bytes)
2026-01-01 02:07:58,460 - src.utils.hardware.m1_memory_optimizer.M1MemoryOptimizer - INFO - ℹ️ 🧠 M1 Memory Optimizer initialized for M1
2026-01-01 02:07:58,461 - src.utils.hardware.unified_hardware_manager.UnifiedHardwareManager - INFO - ℹ️ 🔧 Unified Hardware Manager initialized
2026-01-01 02:07:58,462 - src.utils.hardware.unified_hardware_manager.HardwarePerformanceMonitor - INFO - ℹ️ 🔍 Hardware performance monitoring started
2026-01-01 02:07:58,994 - src.utils.hardware.m1_memory_optimizer.M1MemoryOptimizer - INFO - ℹ️ 🧠 M1 memory monitoring started
2026-01-01 02:07:58,995 - src.utils.hardware.m1_memory_optimizer.M1MemoryOptimizer - INFO - ℹ️ 🧹 Moderate cleanup: 14 objects collected
2026-01-01 02:07:58,995 - src.utils.hardware.unified_hardware_manager.UnifiedHardwareManager - INFO - ℹ️ ✅ Unified Hardware Manager fully initialized
2026-01-01 02:07:58,995 - src.utils.hardware.unified_hardware_manager.UnifiedHardwareManager - INFO - ℹ️ 🎯 Optimizing for feature_engineering workload (balanced)
2026-01-01 02:07:59,001 - src.utils.ml_common.hardware_singleton - INFO - ℹ️ 🔍 Detecting hardware capabilities (one-time detection)...
2026-01-01 02:07:59,002 - src.utils.ml_common.hardware_singleton - INFO - ℹ️ ✅ Hardware detection complete: {'cpu_cores': 8, 'gpu_available': True, 'gpu_type': 'mps', 'memory_gb': 16.0, 'mps_available': True, 'gpu_memory_gb': None}
[2026-01-01 02:07:59.002] 🚀 Initializing Unified Vectorization Manager...
2026-01-01 02:07:59,002 - System.tprint - INFO - ℹ️ 🚀 Initializing Unified Vectorization Manager...
[2026-01-01 02:07:59.002] 🔄 Initializing optimization components...
2026-01-01 02:07:59,003 - System.tprint - INFO - ℹ️ 🔄 Initializing optimization components...
[2026-01-01 02:07:59.004] 🔄 Initializing optimization components...
2026-01-01 02:07:59,004 - System.tprint - INFO - ℹ️ 🔄 Initializing optimization components...
[2026-01-01 02:07:59.004] 🔄 Loading VectorBTRollingOptimizer...
2026-01-01 02:07:59,004 - System.tprint - INFO - ℹ️ 🔄 Loading VectorBTRollingOptimizer...
[2026-01-01 02:07:59.004] ✅ VectorBTRollingOptimizer loaded
2026-01-01 02:07:59,004 - System.tprint - INFO - ℹ️ ✅ VectorBTRollingOptimizer loaded
[2026-01-01 02:07:59.005] 🔄 Loading vectorized backtesting...
2026-01-01 02:07:59,005 - System.tprint - INFO - ℹ️ 🔄 Loading vectorized backtesting...
2026-01-01 02:07:59,006 - System.VectorizedBacktestingEngine - INFO - ℹ️ ✅ Vectorized Backtesting Engine initialized successfully
[2026-01-01 02:07:59.007] ✅ Vectorized backtesting loaded
2026-01-01 02:07:59,007 - System.tprint - INFO - ℹ️ ✅ Vectorized backtesting loaded
[2026-01-01 02:07:59.007] 🔄 Loading VectorBT backtesting engine...
2026-01-01 02:07:59,008 - System.tprint - INFO - ℹ️ 🔄 Loading VectorBT backtesting engine...
2026-01-01 02:07:59,009 - System.VectorBTBacktestingEngine - INFO - ℹ️ ✅ VectorBT Backtesting Engine initialized successfully
[2026-01-01 02:07:59.010] ✅ VectorBT backtesting engine loaded
2026-01-01 02:07:59,010 - System.tprint - INFO - ℹ️ ✅ VectorBT backtesting engine loaded
[2026-01-01 02:07:59.010] 🔄 Loading VectorBT financial metrics...
2026-01-01 02:07:59,010 - System.tprint - INFO - ℹ️ 🔄 Loading VectorBT financial metrics...
2026-01-01 02:07:59,015 - src.utils.ml_common.vectorbt_financial_metrics - INFO - ℹ️ ✅ VectorBT Financial Metrics initialized
2026-01-01 02:07:59,015 - src.utils.ml_common.vectorbt_financial_metrics - INFO - ℹ️ 📊 Risk-free rate: 2.00%
2026-01-01 02:07:59,015 - src.utils.ml_common.vectorbt_financial_metrics - INFO - ℹ️ 📊 Annualization factor: 252
2026-01-01 02:07:59,015 - src.utils.ml_common.vectorbt_financial_metrics - INFO - ℹ️ 📊 Regime analysis: True
[2026-01-01 02:07:59.016] ✅ VectorBT financial metrics loaded
2026-01-01 02:07:59,016 - System.tprint - INFO - ℹ️ ✅ VectorBT financial metrics loaded
[2026-01-01 02:07:59.016] 🔄 Loading VectorBT portfolio optimization...
2026-01-01 02:07:59,016 - System.tprint - INFO - ℹ️ 🔄 Loading VectorBT portfolio optimization...
2026-01-01 02:07:59,036 - src.utils.ml_common.vectorbt_memory_manager.VectorBTMemoryManager - INFO - ℹ️ ✅ VectorBT Memory Manager initialized
2026-01-01 02:07:59,037 - src.utils.ml_common.vectorbt_memory_manager.VectorBTMemoryManager - INFO - ℹ️ 📊 Total system memory: 16.00GB
2026-01-01 02:07:59,037 - src.utils.ml_common.vectorbt_memory_manager.VectorBTMemoryManager - INFO - ℹ️ 📊 Available memory: 3.07GB
2026-01-01 02:07:59,037 - src.utils.ml_common.vectorbt_memory_manager.VectorBTMemoryManager - INFO - ℹ️ 📊 Max allocated memory: 8.00GB
2026-01-01 02:07:59,037 - src.utils.ml_common.vectorbt_performance_monitor.VectorBTPerformanceMonitor - INFO - ℹ️ ✅ VectorBT Performance Monitor initialized
2026-01-01 02:07:59,037 - src.utils.ml_common.vectorbt_performance_monitor.VectorBTPerformanceMonitor - INFO - ℹ️ 📊 Monitoring enabled: timing=True, memory=True, gpu=True
2026-01-01 02:07:59,038 - src.utils.ml_common.vectorbt_portfolio_optimization - INFO - ℹ️ ✅ VectorBT Portfolio Optimizer initialized
2026-01-01 02:07:59,038 - src.utils.ml_common.vectorbt_portfolio_optimization - INFO - ℹ️ 📊 Method: mean_variance
2026-01-01 02:07:59,039 - src.utils.ml_common.vectorbt_portfolio_optimization - INFO - ℹ️ 📊 Rebalancing: monthly
2026-01-01 02:07:59,039 - src.utils.ml_common.vectorbt_portfolio_optimization - INFO - ℹ️ 📊 Risk aversion: 1.0
2026-01-01 02:07:59,039 - src.utils.ml_common.vectorbt_portfolio_optimization - INFO - ℹ️ 📊 Memory manager: 3.07GB available
[2026-01-01 02:07:59.039] ✅ VectorBT portfolio optimization loaded
2026-01-01 02:07:59,039 - System.tprint - INFO - ℹ️ ✅ VectorBT portfolio optimization loaded
[2026-01-01 02:07:59.039] 🔄 Loading matrix cross-validation...
2026-01-01 02:07:59,040 - System.tprint - INFO - ℹ️ 🔄 Loading matrix cross-validation...
2026-01-01 02:07:59,041 - src.utils.hardware.m1_memory_optimizer - INFO - ℹ️ 🧠 M1 Memory Optimizer initialized for M1
2026-01-01 02:07:59,074 - src.utils.hardware.m1_memory_optimizer.M1MemoryOptimizer - INFO - ℹ️ 🧠 M1 Memory Optimizer initialized for M1
2026-01-01 02:08:00,366 - src.utils.hardware.unified_hardware_manager.HardwarePerformanceMonitor - WARNING - ⚠️ 🚨 ALERT: cpu_usage (97.3) exceeds threshold (85.0)
2026-01-01 02:08:00,398 - src.feature_generation.core.vectorbt_batch_processor - INFO - ℹ️ VectorBTBatchProcessor initialized: VectorBT=True, GPU=False, Parallel=True
2026-01-01 02:08:00,399 - src.feature_generation.utils.unified_vectorization_manager - INFO - ℹ️ UnifiedVectorizationManager initialized: VectorBT=True, GPU=False, Memory=True
2026-01-01 02:08:00,399 - src.utils.matrix_operations.unified_operations.UnifiedMatrixOperations - INFO - ℹ️ 📊 GPU: False, Memory Opt: False, Parallel: False
2026-01-01 02:08:00,399 - src.utils.ml_common.matrix_cross_validation - INFO - ℹ️ 🚀 VectorBT configured for cross-validation optimization
2026-01-01 02:08:00,399 - src.utils.ml_common.matrix_cross_validation - INFO - ℹ️ ✅ Matrix-based cross-validator initialized
2026-01-01 02:08:00,399 - src.utils.ml_common.matrix_cross_validation - INFO - ℹ️ 📊 Configuration - Splits: 5, GPU: True, VectorBT: True
[2026-01-01 02:08:00.399] ✅ Matrix cross-validation loaded
2026-01-01 02:08:00,400 - System.tprint - INFO - ℹ️ ✅ Matrix cross-validation loaded
[2026-01-01 02:08:00.399] 🔄 Loading feature importance analyzer...
2026-01-01 02:08:00,400 - System.tprint - INFO - ℹ️ 🔄 Loading feature importance analyzer...
2026-01-01 02:08:00,468 - src.utils.ml_common.utils.memory_integration - INFO - ℹ️ 🔗 Integrating memory skimming with all ML utilities
2026-01-01 02:08:00,468 - src.utils.ml_common.utils.memory_integration - INFO - ℹ️ ✅ Successfully imported HPO utilities (direct import)
2026-01-01 02:08:00,468 - src.utils.ml_common.utils.memory_integration - INFO - ℹ️ ✅ Memory skimming integrated with HPO utilities
2026-01-01 02:08:00,468 - src.utils.ml_common.utils.memory_integration - INFO - ℹ️ ✅ Successfully imported Unified CV utilities
2026-01-01 02:08:00,468 - src.utils.ml_common.utils.memory_integration - INFO - ℹ️ ✅ Memory skimming integrated with Unified CV utilities
2026-01-01 02:08:00,471 - src.utils.ml_common.utils.memory_integration - INFO - ℹ️ ✅ Memory skimming integrated with lookahead protection utilities
2026-01-01 02:08:00,471 - src.utils.ml_common.utils.memory_integration - INFO - ℹ️ Skipping model evaluation memory integration (deprecated)
2026-01-01 02:08:00,472 - src.utils.ml_common.utils.memory_integration - INFO - ℹ️ ✅ Successfully imported feature selection utilities
2026-01-01 02:08:00,472 - src.utils.ml_common.utils.memory_integration - INFO - ℹ️ ✅ Memory skimming integrated with feature selection utilities
2026-01-01 02:08:00,473 - src.utils.ml_common.utils.memory_integration - INFO - ℹ️ ✅ Successfully imported data quality utilities
2026-01-01 02:08:00,473 - src.utils.ml_common.utils.memory_integration - INFO - ℹ️ ✅ Memory skimming integrated with data quality utilities
2026-01-01 02:08:00,473 - src.utils.ml_common.utils.memory_integration - INFO - ℹ️ ✅ Memory skimming integration completed: 6/6 successful
[2026-01-01 02:08:00.474] ✅ Custom logger available for MLCommon.ThreadGuard
2026-01-01 02:08:00,475 - System.tprint - INFO - ℹ️ ✅ Custom logger available for MLCommon.ThreadGuard
[2026-01-01 02:08:00.474] ✅ threadpoolctl available for thread management
2026-01-01 02:08:00,475 - System.tprint - INFO - ℹ️ ✅ threadpoolctl available for thread management
[2026-01-01 02:08:00.476] ✅ Custom logger available for MLCommon.BaseSafeguards
2026-01-01 02:08:00,477 - System.tprint - INFO - ℹ️ ✅ Custom logger available for MLCommon.BaseSafeguards
[2026-01-01 02:08:00.485] ✅ Scikit-learn available for thresholding functionality
2026-01-01 02:08:00,485 - System.tprint - INFO - ℹ️ ✅ Scikit-learn available for thresholding functionality
[2026-01-01 02:08:00.485] ✅ Custom logger available for FeatureSelection.BaseFramework
2026-01-01 02:08:00,485 - System.tprint - INFO - ℹ️ ✅ Custom logger available for FeatureSelection.BaseFramework
[2026-01-01 02:08:00.486] ✅ Custom logger available for FeatureSelection.DataValidation
2026-01-01 02:08:00,486 - System.tprint - INFO - ℹ️ ✅ Custom logger available for FeatureSelection.DataValidation
[2026-01-01 02:08:00.489] ✅ Vectorization utilities available for feature selection
2026-01-01 02:08:00,490 - System.tprint - INFO - ℹ️ ✅ Vectorization utilities available for feature selection
[2026-01-01 02:08:00.489] ✅ Custom logger available for FeatureSelection.SelectionMethods
2026-01-01 02:08:00,490 - System.tprint - INFO - ℹ️ ✅ Custom logger available for FeatureSelection.SelectionMethods
[2026-01-01 02:08:00.582] ✅ Custom logger available for FeatureSelection.StabilityAnalysis
2026-01-01 02:08:00,582 - System.tprint - INFO - ℹ️ ✅ Custom logger available for FeatureSelection.StabilityAnalysis
[2026-01-01 02:08:00.583] ✅ Custom logger available for FeatureSelection.PerformanceMonitoring
2026-01-01 02:08:00,583 - System.tprint - INFO - ℹ️ ✅ Custom logger available for FeatureSelection.PerformanceMonitoring
[2026-01-01 02:08:00.585] ✅ Custom logger available for FeatureSelection.QualityMetrics
2026-01-01 02:08:00,585 - System.tprint - INFO - ℹ️ ✅ Custom logger available for FeatureSelection.QualityMetrics
[2026-01-01 02:08:00.587] ✅ Custom logger available for FeatureSelection.TemporalAnalysis
2026-01-01 02:08:00,587 - System.tprint - INFO - ℹ️ ✅ Custom logger available for FeatureSelection.TemporalAnalysis
[2026-01-01 02:08:00.590] ✅ Custom logger available for FeatureSelection.CausalAnalysis
2026-01-01 02:08:00,590 - System.tprint - INFO - ℹ️ ✅ Custom logger available for FeatureSelection.CausalAnalysis
[2026-01-01 02:08:00.614] ✅ Custom logger available for FeatureSelection.MainFramework
2026-01-01 02:08:00,614 - System.tprint - INFO - ℹ️ ✅ Custom logger available for FeatureSelection.MainFramework
[2026-01-01 02:08:00.652] 🔍 FeatureImportanceAnalyzer initialized with methods: ['random_forest', 'lasso', 'mutual_info']
2026-01-01 02:08:00,652 - System.tprint - INFO - ℹ️ 🔍 FeatureImportanceAnalyzer initialized with methods: ['random_forest', 'lasso', 'mutual_info']
[2026-01-01 02:08:00.652] ✅ Feature importance analyzer loaded
2026-01-01 02:08:00,653 - System.tprint - INFO - ℹ️ ✅ Feature importance analyzer loaded
[2026-01-01 02:08:00.652] 🔄 Loading technical indicators...
2026-01-01 02:08:00,653 - System.tprint - INFO - ℹ️ 🔄 Loading technical indicators...
2026-01-01 02:08:00,654 - src.feature_generation.utils.feature_generators - INFO - ℹ️ ✅ TA-Lib available for enhanced technical indicators
2026-01-01 02:08:00,654 - src.feature_generation.utils.feature_generators - INFO - ℹ️ Using fallback implementations for feature selection tools
2026-01-01 02:08:00,691 - src.utils.hardware.m1_memory_optimizer.M1MemoryOptimizer - INFO - ℹ️ 🧠 M1 Memory Optimizer initialized for M1
2026-01-01 02:08:00,693 - src.feature_generation.utils.feature_generators.FeatureGenerators - INFO - ℹ️ ✅ Hardware optimization initialized
2026-01-01 02:08:00,693 - src.feature_generation.utils.feature_generators.FeatureGenerators - INFO - ℹ️ ✅ Matrix operations available for vectorization
[2026-01-01 02:08:00.693] ✅ Technical indicators loaded
2026-01-01 02:08:00,693 - System.tprint - INFO - ℹ️ ✅ Technical indicators loaded
[2026-01-01 02:08:00.693] ℹ️ HMM operations deprecated - using alternative methods
2026-01-01 02:08:00,693 - System.tprint - INFO - ℹ️ HMM operations deprecated - using alternative methods
[2026-01-01 02:08:00.693] ✅ Component initialization completed
2026-01-01 02:08:00,693 - System.tprint - INFO - ℹ️ ✅ Component initialization completed
[2026-01-01 02:08:00.693] 🔄 Setting up performance tracking...
2026-01-01 02:08:00,693 - System.tprint - INFO - ℹ️ 🔄 Setting up performance tracking...
[2026-01-01 02:08:00.693] ✅ Unified Vectorization Manager initialized
2026-01-01 02:08:00,694 - System.tprint - INFO - ℹ️ ✅ Unified Vectorization Manager initialized
2026-01-01 02:08:00,694 - src.utils.ml_common.unified_vectorization_manager - INFO - ℹ️ ✅ Unified Vectorization Manager initialized
2026-01-01 02:08:00,694 - src.feature_generation.utils.feature_generation_optimization.FeatureGenerationOptimizer - INFO - ℹ️ 🚀 Initializing FeatureGenerationOptimizer...
2026-01-01 02:08:00,694 - src.feature_generation.utils.feature_generation_optimization.FeatureGenerationOptimizer - INFO - ℹ️ 📊 Configuration loaded: cross_validation
2026-01-01 02:08:00,694 - src.feature_generation.utils.feature_generation_optimization.FeatureGenerationOptimizer - INFO - ℹ️ ✅ FeatureGenerationOptimizer initialized in 0.000s
2026-01-01 02:08:00,695 - src.feature_generation.utils.feature_generation_optimization.FeatureGenerationOptimizer - INFO - ℹ️ 📊 Min lookback: 5, Max lookback: 252
2026-01-01 02:08:00,695 - src.feature_generation.utils.feature_generation_optimization.FeatureGenerationOptimizer - INFO - ℹ️ 📊 CV folds: 3, Parallel processing: True
2026-01-01 02:08:00,695 - src.utils.parallel_processing_optimizer - INFO - ℹ️ 🍎 Detected Apple Silicon - applying M1-specific limits
2026-01-01 02:08:00,696 - src.utils.parallel_processing_optimizer - INFO - ℹ️ 🔧 Initialized MacM1ParallelOptimizer:
2026-01-01 02:08:00,696 - src.utils.parallel_processing_optimizer - INFO - ℹ️    Max workers: 4
2026-01-01 02:08:00,696 - src.utils.parallel_processing_optimizer - INFO - ℹ️    Chunk size: 1000
2026-01-01 02:08:00,696 - src.utils.parallel_processing_optimizer - INFO - ℹ️    Pool type: Process
2026-01-01 02:08:00,696 - src.utils.parallel_processing_optimizer - INFO - ℹ️    Memory limit per worker: 4096 MB
2026-01-01 02:08:00,697 - src.utils.parallel_processing_optimizer - INFO - ℹ️    M1 Mac detected: True
2026-01-01 02:08:00,697 - src.feature_generation.utils.optimization.lookback_optimizer.LookbackOptimizer - INFO - ℹ️ ✅ Legacy optimization system available
2026-01-01 02:08:00,697 - src.feature_generation.utils.optimization.lookback_optimizer.LookbackOptimizer - INFO - ℹ️ ✅ LookbackOptimizer initialized
2026-01-01 02:08:00,697 - src.feature_generation.core.feature_bank.FeatureBank - INFO - ℹ️ ✅ Regular lookback optimization enabled (Analyst mode)
[2026-01-01 02:08:00.698] ✅ FeatureBank set as global instance
2026-01-01 02:08:00,698 - System.tprint - INFO - ℹ️ ✅ FeatureBank set as global instance
[2026-01-01 02:08:00.698] 🔧 Auto-registering feature generators...
2026-01-01 02:08:00,698 - System.tprint - INFO - ℹ️ 🔧 Auto-registering feature generators...
[2026-01-01 02:08:00.698] 🔧 Configuring lazy loading for feature generators...
2026-01-01 02:08:00,699 - System.tprint - INFO - ℹ️ 🔧 Configuring lazy loading for feature generators...
[2026-01-01 02:08:00.699] ✅ Registered lazy loaders for 16 categories. Generators will be created on demand.
2026-01-01 02:08:00,699 - System.tprint - INFO - ℹ️ ✅ Registered lazy loaders for 16 categories. Generators will be created on demand.
2026-01-01 02:08:00,700 - src.feature_generation.core.feature_bank.FeatureBank - INFO - ℹ️ ✅ FeatureBank initialized
2026-01-01 02:08:00,700 - src.feature_generation.core.feature_bank.FeatureBank - INFO - ℹ️ 📊 Matrix ops: True, GPU: True, Lookback opt: True
2026-01-01 02:08:00,700 - src.feature_generation - INFO - ℹ️ ✅ Unified Feature Generation System initialized
2026-01-01 02:08:00,701 - src.feature_generation - INFO - ℹ️ 📦 Version: 2.0.0
2026-01-01 02:08:00,701 - src.feature_generation - INFO - ℹ️ 🔧 Features: Category-based organization, advanced utilities, optimization
2026-01-01 02:08:00,701 - src.feature_generation - INFO - ℹ️ 🍎 Optimized for: Apple Silicon M1/M2/M3 Macs
2026-01-01 02:08:00,701 - src.feature_generation - INFO - ℹ️ 🚀 Advanced utilities available (optimization, analysis, etc.)
2026-01-01 02:08:00,701 - src.feature_generation - INFO - ℹ️ ⚡ VectorBT optimizations available (advanced volatility, volume, batch processing)
2026-01-01 02:08:00,701 - MLCommon.HPOUtils - INFO - ℹ️ ✅ VectorBT optimization available
2026-01-01 02:08:00,701 - MLCommon.HPOUtils - INFO - ℹ️ 🚀 Initializing Enhanced HyperparameterOptimization...
2026-01-01 02:08:00,701 - MLCommon.HPOUtils.HPOUtils - INFO - ℹ️ ✅ VectorBT Rolling Optimizer initialized
2026-01-01 02:08:00,702 - MLCommon.HPOUtils.HPOUtils - INFO - ℹ️ ✅ Unified Vectorization Manager initialized
2026-01-01 02:08:00,702 - MLCommon.HPOUtils - INFO - ℹ️ ⚙️ Configuration - Parallel processing: True
2026-01-01 02:08:00,702 - MLCommon.HPOUtils - INFO - ℹ️ ⚙️ Configuration - Max workers: 4
2026-01-01 02:08:00,702 - MLCommon.HPOUtils - INFO - ℹ️ ⚙️ Configuration - Monitoring enabled: True
2026-01-01 02:08:00,702 - MLCommon.HPOUtils - INFO - ℹ️ 🚀 Configuration - Non-linear optimization: True
2026-01-01 02:08:00,702 - MLCommon.HPOUtils - INFO - ℹ️ ✅ Enhanced HyperparameterOptimization initialized successfully
2026-01-01 02:08:00,732 - DataCleaner - INFO - ℹ️ Using klines-specific gap thresholds: {<GapType.SMALL: 'small'>: 65, <GapType.MEDIUM: 'medium'>: 300, <GapType.LARGE: 'large'>: 1800, <GapType.CRITICAL: 'critical'>: 3600}
2026-01-01 02:08:00,732 - System.UnifiedDataUtils - INFO - ℹ️ 🚀 Unified Data Utils initialized
2026-01-01 02:08:00,740 - src.utils.ml_common.validation.data_leakage_prevention - INFO - ℹ️ 🔒 Data Leakage Prevention initialized with CRITICAL financial thresholds:
2026-01-01 02:08:00,740 - src.utils.ml_common.validation.data_leakage_prevention - INFO - ℹ️    • Critical leakage threshold: 5.0% (was 25%)
2026-01-01 02:08:00,740 - src.utils.ml_common.validation.data_leakage_prevention - INFO - ℹ️    • Warning leakage threshold: 2.0% (was 10%)
2026-01-01 02:08:00,740 - src.utils.ml_common.validation.data_leakage_prevention - INFO - ℹ️    • Small dataset multiplier: 1.0 (was 1.5)
2026-01-01 02:08:00,740 - src.utils.ml_common.validation.data_leakage_prevention - INFO - ℹ️    • These strict thresholds are ESSENTIAL for financial data integrity
2026-01-01 02:08:00,740 - src.utils.ml_common.validation.data_leakage_prevention - INFO - ℹ️    • Even 1-2% leakage can invalidate backtesting results
2026-01-01 02:08:00,740 - src.utils.ml_common.validation.data_leakage_prevention - INFO - ℹ️    • High model scores (>96%) often indicate undetected temporal leakage
2026-01-01 02:08:00,742 - src.utils.ml_common.validation.overfitting_monitoring - INFO - ℹ️ ✅ Overfitting Monitoring initialized
2026-01-01 02:08:00,748 - src.utils.ml_common.validation.hpo_overfitting_prevention - INFO - ℹ️ ✅ HPO with Overfitting Prevention initialized
2026-01-01 02:08:00,750 - src.utils.ml_common.validation.model_complexity_analysis - INFO - ℹ️ ✅ Model Complexity Analyzer initialized
2026-01-01 02:08:00,754 - EnhancedReportingSystem.EnhancedReportingSystem - INFO - ℹ️ 📊 Enhanced Reporting System initialized
2026-01-01 02:08:00,754 - src.utils.ml_common.reporting.validation_reporting_integration - INFO - ℹ️ ✅ Validation Reporting Integrator initialized
2026-01-01 02:08:00,755 - src.utils.ml_common.validation.data_leakage_prevention - INFO - ℹ️ 🔒 Data Leakage Prevention initialized with CRITICAL financial thresholds:
2026-01-01 02:08:00,755 - src.utils.ml_common.validation.data_leakage_prevention - INFO - ℹ️    • Critical leakage threshold: 5.0% (was 25%)
2026-01-01 02:08:00,755 - src.utils.ml_common.validation.data_leakage_prevention - INFO - ℹ️    • Warning leakage threshold: 2.0% (was 10%)
2026-01-01 02:08:00,755 - src.utils.ml_common.validation.data_leakage_prevention - INFO - ℹ️    • Small dataset multiplier: 1.0 (was 1.5)
2026-01-01 02:08:00,755 - src.utils.ml_common.validation.data_leakage_prevention - INFO - ℹ️    • These strict thresholds are ESSENTIAL for financial data integrity
2026-01-01 02:08:00,755 - src.utils.ml_common.validation.data_leakage_prevention - INFO - ℹ️    • Even 1-2% leakage can invalidate backtesting results
2026-01-01 02:08:00,755 - src.utils.ml_common.validation.data_leakage_prevention - INFO - ℹ️    • High model scores (>96%) often indicate undetected temporal leakage
2026-01-01 02:08:00,756 - src.utils.ml_common.validation.overfitting_monitoring - INFO - ℹ️ ✅ Overfitting Monitoring initialized
2026-01-01 02:08:00,756 - src.utils.ml_common.validation.enhanced_validation - INFO - ℹ️ ✅ Enhanced Validation initialized
2026-01-01 02:08:00,756 - src.utils.ml_common.validation.hpo_overfitting_prevention - INFO - ℹ️ ✅ HPO with Overfitting Prevention initialized
2026-01-01 02:08:00,756 - src.utils.ml_common.validation.model_complexity_analysis - INFO - ℹ️ ✅ Model Complexity Analyzer initialized
2026-01-01 02:08:00,756 - src.utils.ml_common.training.universal_validation_integration - INFO - ℹ️ ✅ Universal Validation Integrator initialized with new utilities
[2026-01-01 02:08:01.183] ✅ Custom logger available for MLCommon.ModelTraining
2026-01-01 02:08:01,183 - System.tprint - INFO - ℹ️ ✅ Custom logger available for MLCommon.ModelTraining
[2026-01-01 02:08:01.188] ✅ ML Common utilities loaded successfully
2026-01-01 02:08:01,188 - System.tprint - INFO - ℹ️ ✅ ML Common utilities loaded successfully
2026-01-01 02:08:01,189 - System.CrossStepValidator - INFO - ℹ️ 🔍 CrossStepValidator initialized with comprehensive consistency rules
2026-01-01 02:08:01,212 - ares.registry - INFO - ℹ️ Registered step: feature_generation_data_validation_step
[2026-01-01 02:08:01.212] ✅ Feature generation data validation step registered SUCCESS
2026-01-01 02:08:01,212 - System.tprint - INFO - ℹ️ ✅ Feature generation data validation step registered SUCCESS
[2026-01-01 02:08:01.212] 🔧 Loading labeling components...
2026-01-01 02:08:01,213 - System.tprint - INFO - ℹ️ 🔧 Loading labeling components...
2026-01-01 02:08:01,976 - ares.registry - INFO - ℹ️ Registered step: meta_labeling_hpo_sample_weighted
2026-01-01 02:08:01,976 - ares.registry - INFO - ℹ️ Registered step: meta_labeling_hpo_experiment
2026-01-01 02:08:01,976 - ares.registry - INFO - ℹ️ Registered step: sr_labeling_xgb
2026-01-01 02:08:01,976 - ares.registry - INFO - ℹ️ Registered step: sr_labeling_xgb_weighted
2026-01-01 02:08:01,977 - ares.registry - INFO - ℹ️ Registered step: global_meta_labeling_hpo_sample_weighted
2026-01-01 02:08:02,012 - ares.registry - INFO - ℹ️ Registered step: meta_gated_backtest
[2026-01-01 02:08:02.012] ✅ Meta-gated backtest step registered SUCCESS
2026-01-01 02:08:02,012 - System.tprint - INFO - ℹ️ ✅ Meta-gated backtest step registered SUCCESS
2026-01-01 02:08:02,013 - ares.registry - INFO - ℹ️ Registered step: meta_labeling_hpo_sample_weighted
2026-01-01 02:08:02,013 - ares.registry - INFO - ℹ️ Registered step: meta_labeling_hpo
2026-01-01 02:08:02,013 - ares.registry - INFO - ℹ️ Registered step: meta_labeling_sample_weighted
2026-01-01 02:08:02,014 - ares.registry - INFO - ℹ️ Registered step: meta_labeling_hpo_experiment
2026-01-01 02:08:02,014 - ares.registry - INFO - ℹ️ Registered step: sr_labeling_xgb
2026-01-01 02:08:02,014 - ares.registry - INFO - ℹ️ Registered step: label_based_layer_2
[2026-01-01 02:08:02.016] 🛠️ Initialized BaseStep for 'meta_labeling_hpo_sample_weighted'
2026-01-01 02:08:02,016 - System.tprint - INFO - ℹ️ 🛠️ Initialized BaseStep for 'meta_labeling_hpo_sample_weighted'
[2026-01-01 02:08:02.017] 🚀 Starting execution of step 'meta_labeling_hpo_sample_weighted'
2026-01-01 02:08:02,017 - System.tprint - INFO - ℹ️ 🚀 Starting execution of step 'meta_labeling_hpo_sample_weighted'
2026-01-01 02:08:02,018 - ares.step.meta_labeling_hpo_sample_weighted - INFO - ℹ️ Starting execution of meta_labeling_hpo_sample_weighted
2026-01-01 02:08:02,018 - ares.step.meta_labeling_hpo_sample_weighted - INFO - ℹ️ Execution mode resolved for meta_labeling_hpo_sample_weighted: requested_cli=full → persona=analyst
[2026-01-01 02:08:02.017] 🎯 Execution mode for 'meta_labeling_hpo_sample_weighted': requested_cli=full → persona=analyst
2026-01-01 02:08:02,018 - System.tprint - INFO - ℹ️ 🎯 Execution mode for 'meta_labeling_hpo_sample_weighted': requested_cli=full → persona=analyst
[2026-01-01 02:08:02.017] 🔧 Running 'meta_labeling_hpo_sample_weighted' in analyst mode
2026-01-01 02:08:02,018 - System.tprint - INFO - ℹ️ 🔧 Running 'meta_labeling_hpo_sample_weighted' in analyst mode
2026-01-01 02:08:02,019 - System.VersionManager - INFO - ℹ️ ✅ Loaded version config from config/version_config.json
2026-01-01 02:08:02,022 - System.ArtifactManager - INFO - ℹ️ 📁 Context set: step=meta_labeling_hpo_sample_weighted, symbol=None, exchange=None, timeframe=None, datetime=2026-01-01 02:08:02.016971, information=None, direction=long, model=Analyst
2026-01-01 02:08:02,023 - System.ArtifactManager - INFO - ℹ️ 📁 Context set: step=klines_downloading_processing, symbol=ETHUSDT, exchange=binance, timeframe=15m, datetime=2026-01-01 01:08:02.023370, information=None, direction=long, model=Analyst
[2026-01-01 02:08:02.023] 📂 Retrieving artifact 'klines_data' (type: data) | UNKNOWN/binance [15m] long/analyst
2026-01-01 02:08:02,023 - System.tprint - INFO - ℹ️ 📂 Retrieving artifact 'klines_data' (type: data) | UNKNOWN/binance [15m] long/analyst
2026-01-01 02:08:02,024 - System.KlinesParquetManager - INFO - ℹ️ ✅ KlinesParquetManager initialized with base_dir: historical_data
[2026-01-01 02:08:02.023] 🐛 DEBUG [load_klines]: last_n_days=None, start_time=None, end_time=None INFO
2026-01-01 02:08:02,024 - System.tprint - INFO - ℹ️ 🐛 DEBUG [load_klines]: last_n_days=None, start_time=None, end_time=None INFO
[2026-01-01 02:08:02.024] WARNING: ⚠️ No klines files found for UNKNOWN binance 15m
2026-01-01 02:08:02,025 - System.tprint - WARNING - ⚠️ No klines files found for UNKNOWN binance 15m
2026-01-01 02:08:02,026 - src.utils.kline_parquet - INFO - ℹ️ load_klines executed in 2.00ms
[2026-01-01 02:08:02.026] WARNING:   │  ⚠️  Loaded empty DataFrame
2026-01-01 02:08:02,026 - System.tprint - WARNING - ⚠️ │  ⚠️  Loaded empty DataFrame
[2026-01-01 02:08:02.026] WARNING:   └─ Trying next storage method
2026-01-01 02:08:02,026 - System.tprint - WARNING - ⚠️ └─ Trying next storage method
[2026-01-01 02:08:02.026] 🐛 DEBUG: _get_versioned_store() with store_key: UNKNOWN_binance_15m_long_analyst INFO
2026-01-01 02:08:02,027 - System.tprint - INFO - ℹ️ 🐛 DEBUG: _get_versioned_store() with store_key: UNKNOWN_binance_15m_long_analyst INFO
[2026-01-01 02:08:02.026] 🐛 DEBUG: Creating new VersionedArtifactStore at versioned_artifacts/UNKNOWN_binance_15m_long_analyst INFO
2026-01-01 02:08:02,027 - System.tprint - INFO - ℹ️ 🐛 DEBUG: Creating new VersionedArtifactStore at versioned_artifacts/UNKNOWN_binance_15m_long_analyst INFO
[2026-01-01 02:08:02.028] 🐛 DEBUG: _load_metadata() checking versioned_artifacts/UNKNOWN_binance_15m_long_analyst/metadata.json INFO
2026-01-01 02:08:02,029 - System.tprint - INFO - ℹ️ 🐛 DEBUG: _load_metadata() checking versioned_artifacts/UNKNOWN_binance_15m_long_analyst/metadata.json INFO
[2026-01-01 02:08:02.028] 🐛 DEBUG: Metadata file exists, size: 15351 bytes INFO
2026-01-01 02:08:02,029 - System.tprint - INFO - ℹ️ 🐛 DEBUG: Metadata file exists, size: 15351 bytes INFO
[2026-01-01 02:08:02.030] 🐛 DEBUG: Successfully loaded metadata with 5 versions INFO
2026-01-01 02:08:02,030 - System.tprint - INFO - ℹ️ 🐛 DEBUG: Successfully loaded metadata with 5 versions INFO
[2026-01-01 02:08:02.030] 🐛 DEBUG: get_statistics() called INFO
2026-01-01 02:08:02,031 - System.tprint - INFO - ℹ️ 🐛 DEBUG: get_statistics() called INFO
[2026-01-01 02:08:02.031] 🐛 DEBUG: Reloading metadata for statistics INFO
2026-01-01 02:08:02,031 - System.tprint - INFO - ℹ️ 🐛 DEBUG: Reloading metadata for statistics INFO
[2026-01-01 02:08:02.031] 🐛 DEBUG: _load_metadata() checking versioned_artifacts/UNKNOWN_binance_15m_long_analyst/metadata.json INFO
2026-01-01 02:08:02,031 - System.tprint - INFO - ℹ️ 🐛 DEBUG: _load_metadata() checking versioned_artifacts/UNKNOWN_binance_15m_long_analyst/metadata.json INFO
[2026-01-01 02:08:02.031] 🐛 DEBUG: Metadata file exists, size: 15351 bytes INFO
2026-01-01 02:08:02,031 - System.tprint - INFO - ℹ️ 🐛 DEBUG: Metadata file exists, size: 15351 bytes INFO
[2026-01-01 02:08:02.031] 🐛 DEBUG: Successfully loaded metadata with 5 versions INFO
2026-01-01 02:08:02,032 - System.tprint - INFO - ℹ️ 🐛 DEBUG: Successfully loaded metadata with 5 versions INFO
[2026-01-01 02:08:02.031] 🐛 DEBUG: Statistics - num_versions: 5 INFO
2026-01-01 02:08:02,032 - System.tprint - INFO - ℹ️ 🐛 DEBUG: Statistics - num_versions: 5 INFO
[2026-01-01 02:08:02.031] 🐛 DEBUG: Statistics - current_version: final_validation_metrics_20251116_161159_946 INFO
2026-01-01 02:08:02,032 - System.tprint - INFO - ℹ️ 🐛 DEBUG: Statistics - current_version: final_validation_metrics_20251116_161159_946 INFO
[2026-01-01 02:08:02.031] 🐛 DEBUG: Statistics - h5_file_size_mb: 280.5141086578369 INFO
2026-01-01 02:08:02,032 - System.tprint - INFO - ℹ️ 🐛 DEBUG: Statistics - h5_file_size_mb: 280.5141086578369 INFO
[2026-01-01 02:08:02.035] 🐛 DEBUG: New store statistics: {'store_path': 'versioned_artifacts/UNKNOWN_binance_15m_long_analyst', 'num_versions': 5, 'current_version': 'final_validation_metrics_20251116_161159_946', 'created_at': '2025-11-07T18:22:44.911801', 'h5_file_size_mb': 280.5141086578369, 'chunking': {'chunk_rows': 'auto', 'chunk_cols': 'auto'}, 'changelog': {'total_changes': 305, 'changes_by_type': {'add_data': 305}, 'top_versions': {'analyst_interaction_features_20251108_161950_019': 1, 'analyst_interaction_features_20251108_164300_578': 1, 'analyst_interaction_features_20251108_171945_952': 1, 'analyst_interaction_features_20251108_175314_530': 1, 'analyst_interaction_features_20251108_180922_905': 1, 'analyst_interaction_features_20251108_184752_938': 1, 'analyst_interaction_features_20251108_191026_801': 1, 'analyst_interaction_features_20251111_185727_726': 1, 'final_dataset_40_20251108_172617_791': 1, 'final_dataset_40_20251108_172829_013': 1}, 'time_range': {'earliest': '2025-11-07T18:27:00.789522', 'latest': '2025-11-24T21:16:51.681722'}}, 'row_versioning': {'total_rows_tracked': 0, 'total_versions': 0, 'average_versions_per_row': 0, 'most_versioned_rows': []}} INFO
2026-01-01 02:08:02,035 - System.tprint - INFO - ℹ️ 🐛 DEBUG: New store statistics: {'store_path': 'versioned_artifacts/UNKNOWN_binance_15m_long_analyst', 'num_versions': 5, 'current_version': 'final_validation_metrics_20251116_161159_946', 'created_at': '2025-11-07T18:22:44.911801', 'h5_file_size_mb': 280.5141086578369, 'chunking': {'chunk_rows': 'auto', 'chunk_cols': 'auto'}, 'changelog': {'total_changes': 305, 'changes_by_type': {'add_data': 305}, 'top_versions': {'analyst_interaction_features_20251108_161950_019': 1, 'analyst_interaction_features_20251108_164300_578': 1, 'analyst_interaction_features_20251108_171945_952': 1, 'analyst_interaction_features_20251108_175314_530': 1, 'analyst_interaction_features_20251108_180922_905': 1, 'analyst_interaction_features_20251108_184752_938': 1, 'analyst_interaction_features_20251108_191026_801': 1, 'analyst_interaction_features_20251111_185727_726': 1, 'final_dataset_40_20251108_172617_791': 1, 'final_dataset_40_20251108_172829_013': 1}, 'time_range': {'earliest': '2025-11-07T18:27:00.789522', 'latest': '2025-11-24T21:16:51.681722'}}, 'row_versioning': {'total_rows_tracked': 0, 'total_versions': 0, 'average_versions_per_row': 0, 'most_versioned_rows': []}} INFO
[2026-01-01 02:08:02.035] 🐛 DEBUG: list_versions() called INFO
2026-01-01 02:08:02,036 - System.tprint - INFO - ℹ️ 🐛 DEBUG: list_versions() called INFO
[2026-01-01 02:08:02.036] 🐛 DEBUG: Metadata file exists: True INFO
2026-01-01 02:08:02,036 - System.tprint - INFO - ℹ️ 🐛 DEBUG: Metadata file exists: True INFO
[2026-01-01 02:08:02.036] 🐛 DEBUG: HDF5 file exists: True INFO
2026-01-01 02:08:02,036 - System.tprint - INFO - ℹ️ 🐛 DEBUG: HDF5 file exists: True INFO
[2026-01-01 02:08:02.036] 🐛 DEBUG: Reloading metadata to get latest versions INFO
2026-01-01 02:08:02,037 - System.tprint - INFO - ℹ️ 🐛 DEBUG: Reloading metadata to get latest versions INFO
[2026-01-01 02:08:02.036] 🐛 DEBUG: _load_metadata() checking versioned_artifacts/UNKNOWN_binance_15m_long_analyst/metadata.json INFO
2026-01-01 02:08:02,037 - System.tprint - INFO - ℹ️ 🐛 DEBUG: _load_metadata() checking versioned_artifacts/UNKNOWN_binance_15m_long_analyst/metadata.json INFO
[2026-01-01 02:08:02.037] 🐛 DEBUG: Metadata file exists, size: 15351 bytes INFO
2026-01-01 02:08:02,038 - System.tprint - INFO - ℹ️ 🐛 DEBUG: Metadata file exists, size: 15351 bytes INFO
[2026-01-01 02:08:02.037] 🐛 DEBUG: Successfully loaded metadata with 5 versions INFO
2026-01-01 02:08:02,038 - System.tprint - INFO - ℹ️ 🐛 DEBUG: Successfully loaded metadata with 5 versions INFO
[2026-01-01 02:08:02.039] 🐛 DEBUG: Found 5 versions in metadata: ['final_dataset_60_20251116_161159_683', 'final_dataset_50_20251116_161159_720', 'final_dataset_40_20251116_161159_752', 'labeled_dataframe_20251116_161159_781', 'final_validation_metrics_20251116_161159_946'] INFO
2026-01-01 02:08:02,039 - System.tprint - INFO - ℹ️ 🐛 DEBUG: Found 5 versions in metadata: ['final_dataset_60_20251116_161159_683', 'final_dataset_50_20251116_161159_720', 'final_dataset_40_20251116_161159_752', 'labeled_dataframe_20251116_161159_781', 'final_validation_metrics_20251116_161159_946'] INFO
[2026-01-01 02:08:02.048] 🐛 DEBUG: Found 5 versions in HDF5: ['final_dataset_40_20251116_161159_752', 'final_dataset_50_20251116_161159_720', 'final_dataset_60_20251116_161159_683', 'final_validation_metrics_20251116_161159_946', 'labeled_dataframe_20251116_161159_781'] INFO
2026-01-01 02:08:02,048 - System.tprint - INFO - ℹ️ 🐛 DEBUG: Found 5 versions in HDF5: ['final_dataset_40_20251116_161159_752', 'final_dataset_50_20251116_161159_720', 'final_dataset_60_20251116_161159_683', 'final_validation_metrics_20251116_161159_946', 'labeled_dataframe_20251116_161159_781'] INFO
[2026-01-01 02:08:02.049] WARNING:   │  No matching versions in primary store
2026-01-01 02:08:02,049 - System.tprint - WARNING - ⚠️ │  No matching versions in primary store
[2026-01-01 02:08:02.049] 🐛 DEBUG: list_versions() called INFO
2026-01-01 02:08:02,050 - System.tprint - INFO - ℹ️ 🐛 DEBUG: list_versions() called INFO
[2026-01-01 02:08:02.049] 🐛 DEBUG: Metadata file exists: True INFO
2026-01-01 02:08:02,050 - System.tprint - INFO - ℹ️ 🐛 DEBUG: Metadata file exists: True INFO
[2026-01-01 02:08:02.049] 🐛 DEBUG: HDF5 file exists: True INFO
2026-01-01 02:08:02,050 - System.tprint - INFO - ℹ️ 🐛 DEBUG: HDF5 file exists: True INFO
[2026-01-01 02:08:02.049] 🐛 DEBUG: Reloading metadata to get latest versions INFO
2026-01-01 02:08:02,050 - System.tprint - INFO - ℹ️ 🐛 DEBUG: Reloading metadata to get latest versions INFO
[2026-01-01 02:08:02.049] 🐛 DEBUG: _load_metadata() checking versioned_artifacts/UNKNOWN_binance_15m_long_analyst/metadata.json INFO
2026-01-01 02:08:02,050 - System.tprint - INFO - ℹ️ 🐛 DEBUG: _load_metadata() checking versioned_artifacts/UNKNOWN_binance_15m_long_analyst/metadata.json INFO
[2026-01-01 02:08:02.050] 🐛 DEBUG: Metadata file exists, size: 15351 bytes INFO
2026-01-01 02:08:02,050 - System.tprint - INFO - ℹ️ 🐛 DEBUG: Metadata file exists, size: 15351 bytes INFO
[2026-01-01 02:08:02.050] 🐛 DEBUG: Successfully loaded metadata with 5 versions INFO
2026-01-01 02:08:02,050 - System.tprint - INFO - ℹ️ 🐛 DEBUG: Successfully loaded metadata with 5 versions INFO
[2026-01-01 02:08:02.050] 🐛 DEBUG: Found 5 versions in metadata: ['final_dataset_60_20251116_161159_683', 'final_dataset_50_20251116_161159_720', 'final_dataset_40_20251116_161159_752', 'labeled_dataframe_20251116_161159_781', 'final_validation_metrics_20251116_161159_946'] INFO
2026-01-01 02:08:02,051 - System.tprint - INFO - ℹ️ 🐛 DEBUG: Found 5 versions in metadata: ['final_dataset_60_20251116_161159_683', 'final_dataset_50_20251116_161159_720', 'final_dataset_40_20251116_161159_752', 'labeled_dataframe_20251116_161159_781', 'final_validation_metrics_20251116_161159_946'] INFO
[2026-01-01 02:08:02.050] 🐛 DEBUG: Found 5 versions in HDF5: ['final_dataset_40_20251116_161159_752', 'final_dataset_50_20251116_161159_720', 'final_dataset_60_20251116_161159_683', 'final_validation_metrics_20251116_161159_946', 'labeled_dataframe_20251116_161159_781'] INFO
2026-01-01 02:08:02,051 - System.tprint - INFO - ℹ️ 🐛 DEBUG: Found 5 versions in HDF5: ['final_dataset_40_20251116_161159_752', 'final_dataset_50_20251116_161159_720', 'final_dataset_60_20251116_161159_683', 'final_validation_metrics_20251116_161159_946', 'labeled_dataframe_20251116_161159_781'] INFO
[2026-01-01 02:08:02.051] WARNING:   │  ⚠️  Not found in any versioned store
2026-01-01 02:08:02,051 - System.tprint - WARNING - ⚠️ │  ⚠️  Not found in any versioned store
[2026-01-01 02:08:02.051] WARNING:   └─ Trying next storage method
2026-01-01 02:08:02,051 - System.tprint - WARNING - ⚠️ └─ Trying next storage method
[2026-01-01 02:08:02.051] ERROR: ┌──────────────────────────────────────────────────────────────────────────────┐
2026-01-01 02:08:02,052 - System.tprint - ERROR - ❌ ┌──────────────────────────────────────────────────────────────────────────────┐
[2026-01-01 02:08:02.051] ERROR: │  ❌ ARTIFACT ROUTER: LOAD FAILED - NOT FOUND                                │
2026-01-01 02:08:02,052 - System.tprint - ERROR - ❌ │  ❌ ARTIFACT ROUTER: LOAD FAILED - NOT FOUND                                │
[2026-01-01 02:08:02.051] ERROR: │  Artifact 'klines_data' not found in any storage                        │ 
2026-01-01 02:08:02,052 - System.tprint - ERROR - ❌ │  Artifact 'klines_data' not found in any storage                        │ 
[2026-01-01 02:08:02.051] ERROR: └──────────────────────────────────────────────────────────────────────────────┘
2026-01-01 02:08:02,052 - System.tprint - ERROR - ❌ └──────────────────────────────────────────────────────────────────────────────┘
2026-01-01 02:08:02,052 - ares.step.meta_labeling_hpo_sample_weighted - WARNING - ⚠️ Artifact 'klines_data' not found via router, trying traditional manager
[2026-01-01 02:08:02.051] ⚠️ Trying fallback to traditional artifact manager | UNKNOWN/binance [15m] long/analyst
2026-01-01 02:08:02,052 - System.tprint - INFO - ℹ️ ⚠️ Trying fallback to traditional artifact manager | UNKNOWN/binance [15m] long/analyst
2026-01-01 02:08:02,052 - System.ArtifactManager - INFO - ℹ️ 📁 Context set: step=meta_labeling_hpo_sample_weighted, symbol=None, exchange=None, timeframe=15m, datetime=2026-01-01 02:08:02.016971, information=None, direction=long, model=Analyst
[2026-01-01 02:08:02.054] 🐛 DEBUG: _load_metadata() checking versioned_artifacts/UNKNOWN_binance_1h_long_analyst/metadata.json INFO
2026-01-01 02:08:02,054 - System.tprint - INFO - ℹ️ 🐛 DEBUG: _load_metadata() checking versioned_artifacts/UNKNOWN_binance_1h_long_analyst/metadata.json INFO
[2026-01-01 02:08:02.054] 🐛 DEBUG: Metadata file exists, size: 200 bytes INFO
2026-01-01 02:08:02,054 - System.tprint - INFO - ℹ️ 🐛 DEBUG: Metadata file exists, size: 200 bytes INFO
[2026-01-01 02:08:02.054] 🐛 DEBUG: Successfully loaded metadata with 0 versions INFO
2026-01-01 02:08:02,055 - System.tprint - INFO - ℹ️ 🐛 DEBUG: Successfully loaded metadata with 0 versions INFO
[2026-01-01 02:08:02.055] 🐛 DEBUG: list_versions() called INFO
2026-01-01 02:08:02,055 - System.tprint - INFO - ℹ️ 🐛 DEBUG: list_versions() called INFO
[2026-01-01 02:08:02.055] 🐛 DEBUG: Metadata file exists: True INFO
2026-01-01 02:08:02,055 - System.tprint - INFO - ℹ️ 🐛 DEBUG: Metadata file exists: True INFO
[2026-01-01 02:08:02.055] 🐛 DEBUG: HDF5 file exists: True INFO
2026-01-01 02:08:02,056 - System.tprint - INFO - ℹ️ 🐛 DEBUG: HDF5 file exists: True INFO
[2026-01-01 02:08:02.055] 🐛 DEBUG: Reloading metadata to get latest versions INFO
2026-01-01 02:08:02,056 - System.tprint - INFO - ℹ️ 🐛 DEBUG: Reloading metadata to get latest versions INFO
[2026-01-01 02:08:02.055] 🐛 DEBUG: _load_metadata() checking versioned_artifacts/UNKNOWN_binance_1h_long_analyst/metadata.json INFO
2026-01-01 02:08:02,056 - System.tprint - INFO - ℹ️ 🐛 DEBUG: _load_metadata() checking versioned_artifacts/UNKNOWN_binance_1h_long_analyst/metadata.json INFO
[2026-01-01 02:08:02.055] 🐛 DEBUG: Metadata file exists, size: 200 bytes INFO
2026-01-01 02:08:02,056 - System.tprint - INFO - ℹ️ 🐛 DEBUG: Metadata file exists, size: 200 bytes INFO
[2026-01-01 02:08:02.056] 🐛 DEBUG: Successfully loaded metadata with 0 versions INFO
2026-01-01 02:08:02,056 - System.tprint - INFO - ℹ️ 🐛 DEBUG: Successfully loaded metadata with 0 versions INFO
[2026-01-01 02:08:02.056] 🐛 DEBUG: Found 0 versions in metadata: [] INFO
2026-01-01 02:08:02,057 - System.tprint - INFO - ℹ️ 🐛 DEBUG: Found 0 versions in metadata: [] INFO
[2026-01-01 02:08:02.057] 🐛 DEBUG: Found 0 versions in HDF5: [] INFO
2026-01-01 02:08:02,058 - System.tprint - INFO - ℹ️ 🐛 DEBUG: Found 0 versions in HDF5: [] INFO
[2026-01-01 02:08:02.057] 🐛 DEBUG: _load_metadata() checking versioned_artifacts/UNKNOWN_binance_15m_long_analyst/metadata.json INFO
2026-01-01 02:08:02,058 - System.tprint - INFO - ℹ️ 🐛 DEBUG: _load_metadata() checking versioned_artifacts/UNKNOWN_binance_15m_long_analyst/metadata.json INFO
[2026-01-01 02:08:02.059] 🐛 DEBUG: Metadata file exists, size: 15351 bytes INFO
2026-01-01 02:08:02,059 - System.tprint - INFO - ℹ️ 🐛 DEBUG: Metadata file exists, size: 15351 bytes INFO
[2026-01-01 02:08:02.059] 🐛 DEBUG: Successfully loaded metadata with 5 versions INFO
2026-01-01 02:08:02,059 - System.tprint - INFO - ℹ️ 🐛 DEBUG: Successfully loaded metadata with 5 versions INFO
[2026-01-01 02:08:02.059] 🐛 DEBUG: list_versions() called INFO
2026-01-01 02:08:02,059 - System.tprint - INFO - ℹ️ 🐛 DEBUG: list_versions() called INFO
[2026-01-01 02:08:02.059] 🐛 DEBUG: Metadata file exists: True INFO
2026-01-01 02:08:02,059 - System.tprint - INFO - ℹ️ 🐛 DEBUG: Metadata file exists: True INFO
[2026-01-01 02:08:02.059] 🐛 DEBUG: HDF5 file exists: True INFO
2026-01-01 02:08:02,060 - System.tprint - INFO - ℹ️ 🐛 DEBUG: HDF5 file exists: True INFO
[2026-01-01 02:08:02.060] 🐛 DEBUG: Reloading metadata to get latest versions INFO
2026-01-01 02:08:02,060 - System.tprint - INFO - ℹ️ 🐛 DEBUG: Reloading metadata to get latest versions INFO
[2026-01-01 02:08:02.060] 🐛 DEBUG: _load_metadata() checking versioned_artifacts/UNKNOWN_binance_15m_long_analyst/metadata.json INFO
2026-01-01 02:08:02,060 - System.tprint - INFO - ℹ️ 🐛 DEBUG: _load_metadata() checking versioned_artifacts/UNKNOWN_binance_15m_long_analyst/metadata.json INFO
[2026-01-01 02:08:02.060] 🐛 DEBUG: Metadata file exists, size: 15351 bytes INFO
2026-01-01 02:08:02,060 - System.tprint - INFO - ℹ️ 🐛 DEBUG: Metadata file exists, size: 15351 bytes INFO
[2026-01-01 02:08:02.060] 🐛 DEBUG: Successfully loaded metadata with 5 versions INFO
2026-01-01 02:08:02,061 - System.tprint - INFO - ℹ️ 🐛 DEBUG: Successfully loaded metadata with 5 versions INFO
[2026-01-01 02:08:02.060] 🐛 DEBUG: Found 5 versions in metadata: ['final_dataset_60_20251116_161159_683', 'final_dataset_50_20251116_161159_720', 'final_dataset_40_20251116_161159_752', 'labeled_dataframe_20251116_161159_781', 'final_validation_metrics_20251116_161159_946'] INFO
2026-01-01 02:08:02,061 - System.tprint - INFO - ℹ️ 🐛 DEBUG: Found 5 versions in metadata: ['final_dataset_60_20251116_161159_683', 'final_dataset_50_20251116_161159_720', 'final_dataset_40_20251116_161159_752', 'labeled_dataframe_20251116_161159_781', 'final_validation_metrics_20251116_161159_946'] INFO
[2026-01-01 02:08:02.062] 🐛 DEBUG: Found 5 versions in HDF5: ['final_dataset_40_20251116_161159_752', 'final_dataset_50_20251116_161159_720', 'final_dataset_60_20251116_161159_683', 'final_validation_metrics_20251116_161159_946', 'labeled_dataframe_20251116_161159_781'] INFO
2026-01-01 02:08:02,062 - System.tprint - INFO - ℹ️ 🐛 DEBUG: Found 5 versions in HDF5: ['final_dataset_40_20251116_161159_752', 'final_dataset_50_20251116_161159_720', 'final_dataset_60_20251116_161159_683', 'final_validation_metrics_20251116_161159_946', 'labeled_dataframe_20251116_161159_781'] INFO
[2026-01-01 02:08:02.064] 🐛 DEBUG: _load_metadata() checking versioned_artifacts/ETHUSDT_binance_15m_long_sr_labeling_xgb/metadata.json INFO
2026-01-01 02:08:02,064 - System.tprint - INFO - ℹ️ 🐛 DEBUG: _load_metadata() checking versioned_artifacts/ETHUSDT_binance_15m_long_sr_labeling_xgb/metadata.json INFO
[2026-01-01 02:08:02.064] 🐛 DEBUG: Metadata file exists, size: 139 bytes INFO
2026-01-01 02:08:02,064 - System.tprint - INFO - ℹ️ 🐛 DEBUG: Metadata file exists, size: 139 bytes INFO
[2026-01-01 02:08:02.064] 🐛 DEBUG: Successfully loaded metadata with 0 versions INFO
2026-01-01 02:08:02,065 - System.tprint - INFO - ℹ️ 🐛 DEBUG: Successfully loaded metadata with 0 versions INFO
[2026-01-01 02:08:02.064] 🐛 DEBUG: list_versions() called INFO
2026-01-01 02:08:02,065 - System.tprint - INFO - ℹ️ 🐛 DEBUG: list_versions() called INFO
[2026-01-01 02:08:02.065] 🐛 DEBUG: Metadata file exists: True INFO
2026-01-01 02:08:02,065 - System.tprint - INFO - ℹ️ 🐛 DEBUG: Metadata file exists: True INFO
[2026-01-01 02:08:02.065] 🐛 DEBUG: HDF5 file exists: True INFO
2026-01-01 02:08:02,066 - System.tprint - INFO - ℹ️ 🐛 DEBUG: HDF5 file exists: True INFO
[2026-01-01 02:08:02.065] 🐛 DEBUG: Reloading metadata to get latest versions INFO
2026-01-01 02:08:02,066 - System.tprint - INFO - ℹ️ 🐛 DEBUG: Reloading metadata to get latest versions INFO
[2026-01-01 02:08:02.065] 🐛 DEBUG: _load_metadata() checking versioned_artifacts/ETHUSDT_binance_15m_long_sr_labeling_xgb/metadata.json INFO
2026-01-01 02:08:02,066 - System.tprint - INFO - ℹ️ 🐛 DEBUG: _load_metadata() checking versioned_artifacts/ETHUSDT_binance_15m_long_sr_labeling_xgb/metadata.json INFO
[2026-01-01 02:08:02.065] 🐛 DEBUG: Metadata file exists, size: 139 bytes INFO
2026-01-01 02:08:02,066 - System.tprint - INFO - ℹ️ 🐛 DEBUG: Metadata file exists, size: 139 bytes INFO
[2026-01-01 02:08:02.066] 🐛 DEBUG: Successfully loaded metadata with 0 versions INFO
2026-01-01 02:08:02,067 - System.tprint - INFO - ℹ️ 🐛 DEBUG: Successfully loaded metadata with 0 versions INFO
[2026-01-01 02:08:02.066] 🐛 DEBUG: Found 0 versions in metadata: [] INFO
2026-01-01 02:08:02,067 - System.tprint - INFO - ℹ️ 🐛 DEBUG: Found 0 versions in metadata: [] INFO
[2026-01-01 02:08:02.068] 🐛 DEBUG: Found 0 versions in HDF5: [] INFO
2026-01-01 02:08:02,068 - System.tprint - INFO - ℹ️ 🐛 DEBUG: Found 0 versions in HDF5: [] INFO
[2026-01-01 02:08:02.069] 🐛 DEBUG: _load_metadata() checking versioned_artifacts/ETHUSDT_binance_1h_long_breakout_bounce/metadata.json INFO
2026-01-01 02:08:02,070 - System.tprint - INFO - ℹ️ 🐛 DEBUG: _load_metadata() checking versioned_artifacts/ETHUSDT_binance_1h_long_breakout_bounce/metadata.json INFO
[2026-01-01 02:08:02.069] 🐛 DEBUG: Metadata file exists, size: 11462 bytes INFO
2026-01-01 02:08:02,070 - System.tprint - INFO - ℹ️ 🐛 DEBUG: Metadata file exists, size: 11462 bytes INFO
[2026-01-01 02:08:02.069] 🐛 DEBUG: Successfully loaded metadata with 5 versions INFO
2026-01-01 02:08:02,070 - System.tprint - INFO - ℹ️ 🐛 DEBUG: Successfully loaded metadata with 5 versions INFO
[2026-01-01 02:08:02.071] 🐛 DEBUG: list_versions() called INFO
2026-01-01 02:08:02,071 - System.tprint - INFO - ℹ️ 🐛 DEBUG: list_versions() called INFO
[2026-01-01 02:08:02.071] 🐛 DEBUG: Metadata file exists: True INFO
2026-01-01 02:08:02,071 - System.tprint - INFO - ℹ️ 🐛 DEBUG: Metadata file exists: True INFO
[2026-01-01 02:08:02.071] 🐛 DEBUG: HDF5 file exists: True INFO
2026-01-01 02:08:02,071 - System.tprint - INFO - ℹ️ 🐛 DEBUG: HDF5 file exists: True INFO
[2026-01-01 02:08:02.071] 🐛 DEBUG: Reloading metadata to get latest versions INFO
2026-01-01 02:08:02,071 - System.tprint - INFO - ℹ️ 🐛 DEBUG: Reloading metadata to get latest versions INFO
[2026-01-01 02:08:02.071] 🐛 DEBUG: _load_metadata() checking versioned_artifacts/ETHUSDT_binance_1h_long_breakout_bounce/metadata.json INFO
2026-01-01 02:08:02,071 - System.tprint - INFO - ℹ️ 🐛 DEBUG: _load_metadata() checking versioned_artifacts/ETHUSDT_binance_1h_long_breakout_bounce/metadata.json INFO
[2026-01-01 02:08:02.071] 🐛 DEBUG: Metadata file exists, size: 11462 bytes INFO
2026-01-01 02:08:02,072 - System.tprint - INFO - ℹ️ 🐛 DEBUG: Metadata file exists, size: 11462 bytes INFO
[2026-01-01 02:08:02.072] 🐛 DEBUG: Successfully loaded metadata with 5 versions INFO
2026-01-01 02:08:02,072 - System.tprint - INFO - ℹ️ 🐛 DEBUG: Successfully loaded metadata with 5 versions INFO
[2026-01-01 02:08:02.072] 🐛 DEBUG: Found 5 versions in metadata: ['ml_breakout_bounce_training_data_1h_20251123_144326_526', 'ml_breakout_bounce_training_data_1h_20251123_153924_083', 'ml_breakout_bounce_training_data_1h_20251123_160312_391', 'ml_breakout_bounce_training_data_1h_20251123_160800_355', 'ml_breakout_bounce_training_data_1h_20251123_162859_853'] INFO
2026-01-01 02:08:02,072 - System.tprint - INFO - ℹ️ 🐛 DEBUG: Found 5 versions in metadata: ['ml_breakout_bounce_training_data_1h_20251123_144326_526', 'ml_breakout_bounce_training_data_1h_20251123_153924_083', 'ml_breakout_bounce_training_data_1h_20251123_160312_391', 'ml_breakout_bounce_training_data_1h_20251123_160800_355', 'ml_breakout_bounce_training_data_1h_20251123_162859_853'] INFO
[2026-01-01 02:08:02.073] 🐛 DEBUG: Found 5 versions in HDF5: ['ml_breakout_bounce_training_data_1h_20251123_144326_526', 'ml_breakout_bounce_training_data_1h_20251123_153924_083', 'ml_breakout_bounce_training_data_1h_20251123_160312_391', 'ml_breakout_bounce_training_data_1h_20251123_160800_355', 'ml_breakout_bounce_training_data_1h_20251123_162859_853'] INFO
2026-01-01 02:08:02,073 - System.tprint - INFO - ℹ️ 🐛 DEBUG: Found 5 versions in HDF5: ['ml_breakout_bounce_training_data_1h_20251123_144326_526', 'ml_breakout_bounce_training_data_1h_20251123_153924_083', 'ml_breakout_bounce_training_data_1h_20251123_160312_391', 'ml_breakout_bounce_training_data_1h_20251123_160800_355', 'ml_breakout_bounce_training_data_1h_20251123_162859_853'] INFO
[2026-01-01 02:08:02.073] 🐛 DEBUG: _load_metadata() checking versioned_artifacts/ETHUSDT_binance_15m_long_liquidity_regime/metadata.json INFO
2026-01-01 02:08:02,074 - System.tprint - INFO - ℹ️ 🐛 DEBUG: _load_metadata() checking versioned_artifacts/ETHUSDT_binance_15m_long_liquidity_regime/metadata.json INFO
[2026-01-01 02:08:02.074] 🐛 DEBUG: Metadata file exists, size: 17282 bytes INFO
2026-01-01 02:08:02,074 - System.tprint - INFO - ℹ️ 🐛 DEBUG: Metadata file exists, size: 17282 bytes INFO
[2026-01-01 02:08:02.074] 🐛 DEBUG: Successfully loaded metadata with 6 versions INFO
2026-01-01 02:08:02,075 - System.tprint - INFO - ℹ️ 🐛 DEBUG: Successfully loaded metadata with 6 versions INFO
[2026-01-01 02:08:02.074] 🐛 DEBUG: list_versions() called INFO
2026-01-01 02:08:02,075 - System.tprint - INFO - ℹ️ 🐛 DEBUG: list_versions() called INFO
[2026-01-01 02:08:02.074] 🐛 DEBUG: Metadata file exists: True INFO
2026-01-01 02:08:02,075 - System.tprint - INFO - ℹ️ 🐛 DEBUG: Metadata file exists: True INFO
[2026-01-01 02:08:02.074] 🐛 DEBUG: HDF5 file exists: True INFO
2026-01-01 02:08:02,075 - System.tprint - INFO - ℹ️ 🐛 DEBUG: HDF5 file exists: True INFO
[2026-01-01 02:08:02.074] 🐛 DEBUG: Reloading metadata to get latest versions INFO
2026-01-01 02:08:02,075 - System.tprint - INFO - ℹ️ 🐛 DEBUG: Reloading metadata to get latest versions INFO
[2026-01-01 02:08:02.075] 🐛 DEBUG: _load_metadata() checking versioned_artifacts/ETHUSDT_binance_15m_long_liquidity_regime/metadata.json INFO
2026-01-01 02:08:02,075 - System.tprint - INFO - ℹ️ 🐛 DEBUG: _load_metadata() checking versioned_artifacts/ETHUSDT_binance_15m_long_liquidity_regime/metadata.json INFO
[2026-01-01 02:08:02.075] 🐛 DEBUG: Metadata file exists, size: 17282 bytes INFO
2026-01-01 02:08:02,075 - System.tprint - INFO - ℹ️ 🐛 DEBUG: Metadata file exists, size: 17282 bytes INFO
[2026-01-01 02:08:02.075] 🐛 DEBUG: Successfully loaded metadata with 6 versions INFO
2026-01-01 02:08:02,076 - System.tprint - INFO - ℹ️ 🐛 DEBUG: Successfully loaded metadata with 6 versions INFO
[2026-01-01 02:08:02.075] 🐛 DEBUG: Found 6 versions in metadata: ['ml_liquidity_regime_probs_15m_20251213_170827_692', 'ml_liquidity_training_data_15m_20251213_221548_209', 'ml_liquidity_regime_probs_15m_20251231_170726_502', 'ml_liquidity_training_data_15m_20251231_170859_400', 'ml_liquidity_regime_probs_15m_20251231_172132_488', 'ml_liquidity_training_data_15m_20251231_172224_742'] INFO
2026-01-01 02:08:02,076 - System.tprint - INFO - ℹ️ 🐛 DEBUG: Found 6 versions in metadata: ['ml_liquidity_regime_probs_15m_20251213_170827_692', 'ml_liquidity_training_data_15m_20251213_221548_209', 'ml_liquidity_regime_probs_15m_20251231_170726_502', 'ml_liquidity_training_data_15m_20251231_170859_400', 'ml_liquidity_regime_probs_15m_20251231_172132_488', 'ml_liquidity_training_data_15m_20251231_172224_742'] INFO
[2026-01-01 02:08:02.079] 🐛 DEBUG: Found 6 versions in HDF5: ['ml_liquidity_regime_probs_15m_20251213_170827_692', 'ml_liquidity_regime_probs_15m_20251231_170726_502', 'ml_liquidity_regime_probs_15m_20251231_172132_488', 'ml_liquidity_training_data_15m_20251213_221548_209', 'ml_liquidity_training_data_15m_20251231_170859_400', 'ml_liquidity_training_data_15m_20251231_172224_742'] INFO
2026-01-01 02:08:02,079 - System.tprint - INFO - ℹ️ 🐛 DEBUG: Found 6 versions in HDF5: ['ml_liquidity_regime_probs_15m_20251213_170827_692', 'ml_liquidity_regime_probs_15m_20251231_170726_502', 'ml_liquidity_regime_probs_15m_20251231_172132_488', 'ml_liquidity_training_data_15m_20251213_221548_209', 'ml_liquidity_training_data_15m_20251231_170859_400', 'ml_liquidity_training_data_15m_20251231_172224_742'] INFO
[2026-01-01 02:08:02.080] 🐛 DEBUG: _load_metadata() checking versioned_artifacts/ETHUSDT_binance_15m_long_regime_risk/metadata.json INFO
2026-01-01 02:08:02,080 - System.tprint - INFO - ℹ️ 🐛 DEBUG: _load_metadata() checking versioned_artifacts/ETHUSDT_binance_15m_long_regime_risk/metadata.json INFO
[2026-01-01 02:08:02.080] 🐛 DEBUG: Metadata file exists, size: 200 bytes INFO
2026-01-01 02:08:02,081 - System.tprint - INFO - ℹ️ 🐛 DEBUG: Metadata file exists, size: 200 bytes INFO
[2026-01-01 02:08:02.080] 🐛 DEBUG: Successfully loaded metadata with 0 versions INFO
2026-01-01 02:08:02,081 - System.tprint - INFO - ℹ️ 🐛 DEBUG: Successfully loaded metadata with 0 versions INFO
[2026-01-01 02:08:02.080] 🐛 DEBUG: list_versions() called INFO
2026-01-01 02:08:02,081 - System.tprint - INFO - ℹ️ 🐛 DEBUG: list_versions() called INFO
[2026-01-01 02:08:02.080] 🐛 DEBUG: Metadata file exists: True INFO
2026-01-01 02:08:02,081 - System.tprint - INFO - ℹ️ 🐛 DEBUG: Metadata file exists: True INFO
[2026-01-01 02:08:02.080] 🐛 DEBUG: HDF5 file exists: True INFO
2026-01-01 02:08:02,081 - System.tprint - INFO - ℹ️ 🐛 DEBUG: HDF5 file exists: True INFO
[2026-01-01 02:08:02.080] 🐛 DEBUG: Reloading metadata to get latest versions INFO
2026-01-01 02:08:02,081 - System.tprint - INFO - ℹ️ 🐛 DEBUG: Reloading metadata to get latest versions INFO
[2026-01-01 02:08:02.081] 🐛 DEBUG: _load_metadata() checking versioned_artifacts/ETHUSDT_binance_15m_long_regime_risk/metadata.json INFO
2026-01-01 02:08:02,081 - System.tprint - INFO - ℹ️ 🐛 DEBUG: _load_metadata() checking versioned_artifacts/ETHUSDT_binance_15m_long_regime_risk/metadata.json INFO
[2026-01-01 02:08:02.081] 🐛 DEBUG: Metadata file exists, size: 200 bytes INFO
2026-01-01 02:08:02,082 - System.tprint - INFO - ℹ️ 🐛 DEBUG: Metadata file exists, size: 200 bytes INFO
[2026-01-01 02:08:02.081] 🐛 DEBUG: Successfully loaded metadata with 0 versions INFO
2026-01-01 02:08:02,082 - System.tprint - INFO - ℹ️ 🐛 DEBUG: Successfully loaded metadata with 0 versions INFO
[2026-01-01 02:08:02.081] 🐛 DEBUG: Found 0 versions in metadata: [] INFO
2026-01-01 02:08:02,082 - System.tprint - INFO - ℹ️ 🐛 DEBUG: Found 0 versions in metadata: [] INFO
[2026-01-01 02:08:02.083] 🐛 DEBUG: Found 0 versions in HDF5: [] INFO
2026-01-01 02:08:02,083 - System.tprint - INFO - ℹ️ 🐛 DEBUG: Found 0 versions in HDF5: [] INFO
[2026-01-01 02:08:02.084] 🐛 DEBUG: _load_metadata() checking versioned_artifacts/ETHUSDT_binance_15m_long_breakout_bounce_regime/metadata.json INFO
2026-01-01 02:08:02,085 - System.tprint - INFO - ℹ️ 🐛 DEBUG: _load_metadata() checking versioned_artifacts/ETHUSDT_binance_15m_long_breakout_bounce_regime/metadata.json INFO
[2026-01-01 02:08:02.084] 🐛 DEBUG: Metadata file does not exist, returning default metadata INFO
2026-01-01 02:08:02,085 - System.tprint - INFO - ℹ️ 🐛 DEBUG: Metadata file does not exist, returning default metadata INFO
[2026-01-01 02:08:02.084] 🐛 DEBUG: list_versions() called INFO
2026-01-01 02:08:02,085 - System.tprint - INFO - ℹ️ 🐛 DEBUG: list_versions() called INFO
[2026-01-01 02:08:02.084] 🐛 DEBUG: Metadata file exists: False INFO
2026-01-01 02:08:02,085 - System.tprint - INFO - ℹ️ 🐛 DEBUG: Metadata file exists: False INFO
[2026-01-01 02:08:02.086] 🐛 DEBUG: HDF5 file exists: True INFO
2026-01-01 02:08:02,086 - System.tprint - INFO - ℹ️ 🐛 DEBUG: HDF5 file exists: True INFO
[2026-01-01 02:08:02.086] 🐛 DEBUG: Reloading metadata to get latest versions INFO
2026-01-01 02:08:02,086 - System.tprint - INFO - ℹ️ 🐛 DEBUG: Reloading metadata to get latest versions INFO
[2026-01-01 02:08:02.086] 🐛 DEBUG: _load_metadata() checking versioned_artifacts/ETHUSDT_binance_15m_long_breakout_bounce_regime/metadata.json INFO
2026-01-01 02:08:02,086 - System.tprint - INFO - ℹ️ 🐛 DEBUG: _load_metadata() checking versioned_artifacts/ETHUSDT_binance_15m_long_breakout_bounce_regime/metadata.json INFO
[2026-01-01 02:08:02.086] 🐛 DEBUG: Metadata file does not exist, returning default metadata INFO
2026-01-01 02:08:02,086 - System.tprint - INFO - ℹ️ 🐛 DEBUG: Metadata file does not exist, returning default metadata INFO
[2026-01-01 02:08:02.086] 🐛 DEBUG: Found 0 versions in metadata: [] INFO
2026-01-01 02:08:02,086 - System.tprint - INFO - ℹ️ 🐛 DEBUG: Found 0 versions in metadata: [] INFO
[2026-01-01 02:08:02.090] 🐛 DEBUG: Found 0 versions in HDF5: [] INFO
2026-01-01 02:08:02,090 - System.tprint - INFO - ℹ️ 🐛 DEBUG: Found 0 versions in HDF5: [] INFO
[2026-01-01 02:08:02.091] 🐛 DEBUG: _load_metadata() checking versioned_artifacts/ETHUSDT_binance_15m_long_volume_force/metadata.json INFO
2026-01-01 02:08:02,091 - System.tprint - INFO - ℹ️ 🐛 DEBUG: _load_metadata() checking versioned_artifacts/ETHUSDT_binance_15m_long_volume_force/metadata.json INFO
[2026-01-01 02:08:02.091] 🐛 DEBUG: Metadata file exists, size: 11876 bytes INFO
2026-01-01 02:08:02,092 - System.tprint - INFO - ℹ️ 🐛 DEBUG: Metadata file exists, size: 11876 bytes INFO
[2026-01-01 02:08:02.091] 🐛 DEBUG: Successfully loaded metadata with 7 versions INFO
2026-01-01 02:08:02,092 - System.tprint - INFO - ℹ️ 🐛 DEBUG: Successfully loaded metadata with 7 versions INFO
[2026-01-01 02:08:02.091] 🐛 DEBUG: list_versions() called INFO
2026-01-01 02:08:02,092 - System.tprint - INFO - ℹ️ 🐛 DEBUG: list_versions() called INFO
[2026-01-01 02:08:02.091] 🐛 DEBUG: Metadata file exists: True INFO
2026-01-01 02:08:02,092 - System.tprint - INFO - ℹ️ 🐛 DEBUG: Metadata file exists: True INFO
[2026-01-01 02:08:02.091] 🐛 DEBUG: HDF5 file exists: True INFO
2026-01-01 02:08:02,092 - System.tprint - INFO - ℹ️ 🐛 DEBUG: HDF5 file exists: True INFO
[2026-01-01 02:08:02.092] 🐛 DEBUG: Reloading metadata to get latest versions INFO
2026-01-01 02:08:02,092 - System.tprint - INFO - ℹ️ 🐛 DEBUG: Reloading metadata to get latest versions INFO
[2026-01-01 02:08:02.092] 🐛 DEBUG: _load_metadata() checking versioned_artifacts/ETHUSDT_binance_15m_long_volume_force/metadata.json INFO
2026-01-01 02:08:02,092 - System.tprint - INFO - ℹ️ 🐛 DEBUG: _load_metadata() checking versioned_artifacts/ETHUSDT_binance_15m_long_volume_force/metadata.json INFO
[2026-01-01 02:08:02.092] 🐛 DEBUG: Metadata file exists, size: 11876 bytes INFO
2026-01-01 02:08:02,093 - System.tprint - INFO - ℹ️ 🐛 DEBUG: Metadata file exists, size: 11876 bytes INFO
[2026-01-01 02:08:02.092] 🐛 DEBUG: Successfully loaded metadata with 7 versions INFO
2026-01-01 02:08:02,093 - System.tprint - INFO - ℹ️ 🐛 DEBUG: Successfully loaded metadata with 7 versions INFO
[2026-01-01 02:08:02.092] 🐛 DEBUG: Found 7 versions in metadata: ['ml_volume_force_features_20251213_163705_361', 'ml_volume_force_features_20251213_170535_123', 'ml_volume_force_predictions_20251213_170543_299', 'ml_volume_force_features_20251231_171818_197', 'ml_volume_force_predictions_20251231_172004_837', 'ml_volume_force_features_20251231_172800_942', 'ml_volume_force_predictions_20251231_172840_135'] INFO
2026-01-01 02:08:02,093 - System.tprint - INFO - ℹ️ 🐛 DEBUG: Found 7 versions in metadata: ['ml_volume_force_features_20251213_163705_361', 'ml_volume_force_features_20251213_170535_123', 'ml_volume_force_predictions_20251213_170543_299', 'ml_volume_force_features_20251231_171818_197', 'ml_volume_force_predictions_20251231_172004_837', 'ml_volume_force_features_20251231_172800_942', 'ml_volume_force_predictions_20251231_172840_135'] INFO
[2026-01-01 02:08:02.095] 🐛 DEBUG: Found 7 versions in HDF5: ['ml_volume_force_features_20251213_163705_361', 'ml_volume_force_features_20251213_170535_123', 'ml_volume_force_features_20251231_171818_197', 'ml_volume_force_features_20251231_172800_942', 'ml_volume_force_predictions_20251213_170543_299', 'ml_volume_force_predictions_20251231_172004_837', 'ml_volume_force_predictions_20251231_172840_135'] INFO
2026-01-01 02:08:02,096 - System.tprint - INFO - ℹ️ 🐛 DEBUG: Found 7 versions in HDF5: ['ml_volume_force_features_20251213_163705_361', 'ml_volume_force_features_20251213_170535_123', 'ml_volume_force_features_20251231_171818_197', 'ml_volume_force_features_20251231_172800_942', 'ml_volume_force_predictions_20251213_170543_299', 'ml_volume_force_predictions_20251231_172004_837', 'ml_volume_force_predictions_20251231_172840_135'] INFO
[2026-01-01 02:08:02.097] 🐛 DEBUG: _load_metadata() checking versioned_artifacts/ETHUSDT_binance_15m_long_smc_regime/metadata.json INFO
2026-01-01 02:08:02,097 - System.tprint - INFO - ℹ️ 🐛 DEBUG: _load_metadata() checking versioned_artifacts/ETHUSDT_binance_15m_long_smc_regime/metadata.json INFO
[2026-01-01 02:08:02.097] 🐛 DEBUG: Metadata file exists, size: 9799 bytes INFO
2026-01-01 02:08:02,097 - System.tprint - INFO - ℹ️ 🐛 DEBUG: Metadata file exists, size: 9799 bytes INFO
[2026-01-01 02:08:02.097] 🐛 DEBUG: Successfully loaded metadata with 6 versions INFO
2026-01-01 02:08:02,098 - System.tprint - INFO - ℹ️ 🐛 DEBUG: Successfully loaded metadata with 6 versions INFO
[2026-01-01 02:08:02.097] 🐛 DEBUG: list_versions() called INFO
2026-01-01 02:08:02,098 - System.tprint - INFO - ℹ️ 🐛 DEBUG: list_versions() called INFO
[2026-01-01 02:08:02.097] 🐛 DEBUG: Metadata file exists: True INFO
2026-01-01 02:08:02,098 - System.tprint - INFO - ℹ️ 🐛 DEBUG: Metadata file exists: True INFO
[2026-01-01 02:08:02.097] 🐛 DEBUG: HDF5 file exists: True INFO
2026-01-01 02:08:02,098 - System.tprint - INFO - ℹ️ 🐛 DEBUG: HDF5 file exists: True INFO
[2026-01-01 02:08:02.098] 🐛 DEBUG: Reloading metadata to get latest versions INFO
2026-01-01 02:08:02,098 - System.tprint - INFO - ℹ️ 🐛 DEBUG: Reloading metadata to get latest versions INFO
[2026-01-01 02:08:02.098] 🐛 DEBUG: _load_metadata() checking versioned_artifacts/ETHUSDT_binance_15m_long_smc_regime/metadata.json INFO
2026-01-01 02:08:02,098 - System.tprint - INFO - ℹ️ 🐛 DEBUG: _load_metadata() checking versioned_artifacts/ETHUSDT_binance_15m_long_smc_regime/metadata.json INFO
[2026-01-01 02:08:02.098] 🐛 DEBUG: Metadata file exists, size: 9799 bytes INFO
2026-01-01 02:08:02,098 - System.tprint - INFO - ℹ️ 🐛 DEBUG: Metadata file exists, size: 9799 bytes INFO
[2026-01-01 02:08:02.098] 🐛 DEBUG: Successfully loaded metadata with 6 versions INFO
2026-01-01 02:08:02,099 - System.tprint - INFO - ℹ️ 🐛 DEBUG: Successfully loaded metadata with 6 versions INFO
[2026-01-01 02:08:02.098] 🐛 DEBUG: Found 6 versions in metadata: ['smc_predictions_with_confidence_20251213_170746_093', 'ml_smc_features_15m_20251213_170746_137', 'smc_predictions_with_confidence_20251231_171806_519', 'ml_smc_features_15m_20251231_171807_077', 'smc_predictions_with_confidence_20251231_172755_504', 'ml_smc_features_15m_20251231_172755_741'] INFO
2026-01-01 02:08:02,099 - System.tprint - INFO - ℹ️ 🐛 DEBUG: Found 6 versions in metadata: ['smc_predictions_with_confidence_20251213_170746_093', 'ml_smc_features_15m_20251213_170746_137', 'smc_predictions_with_confidence_20251231_171806_519', 'ml_smc_features_15m_20251231_171807_077', 'smc_predictions_with_confidence_20251231_172755_504', 'ml_smc_features_15m_20251231_172755_741'] INFO
[2026-01-01 02:08:02.100] 🐛 DEBUG: Found 6 versions in HDF5: ['ml_smc_features_15m_20251213_170746_137', 'ml_smc_features_15m_20251231_171807_077', 'ml_smc_features_15m_20251231_172755_741', 'smc_predictions_with_confidence_20251213_170746_093', 'smc_predictions_with_confidence_20251231_171806_519', 'smc_predictions_with_confidence_20251231_172755_504'] INFO
2026-01-01 02:08:02,100 - System.tprint - INFO - ℹ️ 🐛 DEBUG: Found 6 versions in HDF5: ['ml_smc_features_15m_20251213_170746_137', 'ml_smc_features_15m_20251231_171807_077', 'ml_smc_features_15m_20251231_172755_741', 'smc_predictions_with_confidence_20251213_170746_093', 'smc_predictions_with_confidence_20251231_171806_519', 'smc_predictions_with_confidence_20251231_172755_504'] INFO
[2026-01-01 02:08:02.101] 🐛 DEBUG: _load_metadata() checking versioned_artifacts/ETHUSDT_binance_15m_long_breakout_bounce/metadata.json INFO
2026-01-01 02:08:02,101 - System.tprint - INFO - ℹ️ 🐛 DEBUG: _load_metadata() checking versioned_artifacts/ETHUSDT_binance_15m_long_breakout_bounce/metadata.json INFO
[2026-01-01 02:08:02.101] 🐛 DEBUG: Metadata file exists, size: 200 bytes INFO
2026-01-01 02:08:02,101 - System.tprint - INFO - ℹ️ 🐛 DEBUG: Metadata file exists, size: 200 bytes INFO
[2026-01-01 02:08:02.101] 🐛 DEBUG: Successfully loaded metadata with 0 versions INFO
2026-01-01 02:08:02,102 - System.tprint - INFO - ℹ️ 🐛 DEBUG: Successfully loaded metadata with 0 versions INFO
[2026-01-01 02:08:02.101] 🐛 DEBUG: list_versions() called INFO
2026-01-01 02:08:02,102 - System.tprint - INFO - ℹ️ 🐛 DEBUG: list_versions() called INFO
[2026-01-01 02:08:02.101] 🐛 DEBUG: Metadata file exists: True INFO
2026-01-01 02:08:02,102 - System.tprint - INFO - ℹ️ 🐛 DEBUG: Metadata file exists: True INFO
[2026-01-01 02:08:02.101] 🐛 DEBUG: HDF5 file exists: True INFO
2026-01-01 02:08:02,102 - System.tprint - INFO - ℹ️ 🐛 DEBUG: HDF5 file exists: True INFO
[2026-01-01 02:08:02.101] 🐛 DEBUG: Reloading metadata to get latest versions INFO
2026-01-01 02:08:02,102 - System.tprint - INFO - ℹ️ 🐛 DEBUG: Reloading metadata to get latest versions INFO
[2026-01-01 02:08:02.101] 🐛 DEBUG: _load_metadata() checking versioned_artifacts/ETHUSDT_binance_15m_long_breakout_bounce/metadata.json INFO
2026-01-01 02:08:02,102 - System.tprint - INFO - ℹ️ 🐛 DEBUG: _load_metadata() checking versioned_artifacts/ETHUSDT_binance_15m_long_breakout_bounce/metadata.json INFO
[2026-01-01 02:08:02.102] 🐛 DEBUG: Metadata file exists, size: 200 bytes INFO
2026-01-01 02:08:02,102 - System.tprint - INFO - ℹ️ 🐛 DEBUG: Metadata file exists, size: 200 bytes INFO
[2026-01-01 02:08:02.102] 🐛 DEBUG: Successfully loaded metadata with 0 versions INFO
2026-01-01 02:08:02,102 - System.tprint - INFO - ℹ️ 🐛 DEBUG: Successfully loaded metadata with 0 versions INFO
[2026-01-01 02:08:02.102] 🐛 DEBUG: Found 0 versions in metadata: [] INFO
2026-01-01 02:08:02,102 - System.tprint - INFO - ℹ️ 🐛 DEBUG: Found 0 versions in metadata: [] INFO
[2026-01-01 02:08:02.103] 🐛 DEBUG: Found 0 versions in HDF5: [] INFO
2026-01-01 02:08:02,103 - System.tprint - INFO - ℹ️ 🐛 DEBUG: Found 0 versions in HDF5: [] INFO
[2026-01-01 02:08:02.105] 🐛 DEBUG: _load_metadata() checking versioned_artifacts/ETHUSDT_binance_1h_long_liquidity_regime/metadata.json INFO
2026-01-01 02:08:02,106 - System.tprint - INFO - ℹ️ 🐛 DEBUG: _load_metadata() checking versioned_artifacts/ETHUSDT_binance_1h_long_liquidity_regime/metadata.json INFO
[2026-01-01 02:08:02.105] 🐛 DEBUG: Metadata file exists, size: 200 bytes INFO
2026-01-01 02:08:02,106 - System.tprint - INFO - ℹ️ 🐛 DEBUG: Metadata file exists, size: 200 bytes INFO
[2026-01-01 02:08:02.107] 🐛 DEBUG: Successfully loaded metadata with 0 versions INFO
2026-01-01 02:08:02,107 - System.tprint - INFO - ℹ️ 🐛 DEBUG: Successfully loaded metadata with 0 versions INFO
[2026-01-01 02:08:02.107] 🐛 DEBUG: list_versions() called INFO
2026-01-01 02:08:02,107 - System.tprint - INFO - ℹ️ 🐛 DEBUG: list_versions() called INFO
[2026-01-01 02:08:02.107] 🐛 DEBUG: Metadata file exists: True INFO
2026-01-01 02:08:02,108 - System.tprint - INFO - ℹ️ 🐛 DEBUG: Metadata file exists: True INFO
[2026-01-01 02:08:02.108] 🐛 DEBUG: HDF5 file exists: True INFO
2026-01-01 02:08:02,108 - System.tprint - INFO - ℹ️ 🐛 DEBUG: HDF5 file exists: True INFO
[2026-01-01 02:08:02.108] 🐛 DEBUG: Reloading metadata to get latest versions INFO
2026-01-01 02:08:02,108 - System.tprint - INFO - ℹ️ 🐛 DEBUG: Reloading metadata to get latest versions INFO
[2026-01-01 02:08:02.108] 🐛 DEBUG: _load_metadata() checking versioned_artifacts/ETHUSDT_binance_1h_long_liquidity_regime/metadata.json INFO
2026-01-01 02:08:02,109 - System.tprint - INFO - ℹ️ 🐛 DEBUG: _load_metadata() checking versioned_artifacts/ETHUSDT_binance_1h_long_liquidity_regime/metadata.json INFO
[2026-01-01 02:08:02.108] 🐛 DEBUG: Metadata file exists, size: 200 bytes INFO
2026-01-01 02:08:02,109 - System.tprint - INFO - ℹ️ 🐛 DEBUG: Metadata file exists, size: 200 bytes INFO
[2026-01-01 02:08:02.109] 🐛 DEBUG: Successfully loaded metadata with 0 versions INFO
2026-01-01 02:08:02,109 - System.tprint - INFO - ℹ️ 🐛 DEBUG: Successfully loaded metadata with 0 versions INFO
[2026-01-01 02:08:02.109] 🐛 DEBUG: Found 0 versions in metadata: [] INFO
2026-01-01 02:08:02,110 - System.tprint - INFO - ℹ️ 🐛 DEBUG: Found 0 versions in metadata: [] INFO
[2026-01-01 02:08:02.111] 🐛 DEBUG: Found 0 versions in HDF5: [] INFO
2026-01-01 02:08:02,111 - System.tprint - INFO - ℹ️ 🐛 DEBUG: Found 0 versions in HDF5: [] INFO
[2026-01-01 02:08:02.112] 🐛 DEBUG: _load_metadata() checking versioned_artifacts/ETHUSDT_binance_15m_long_volatility_burst/metadata.json INFO
2026-01-01 02:08:02,112 - System.tprint - INFO - ℹ️ 🐛 DEBUG: _load_metadata() checking versioned_artifacts/ETHUSDT_binance_15m_long_volatility_burst/metadata.json INFO
[2026-01-01 02:08:02.112] 🐛 DEBUG: Metadata file does not exist, returning default metadata INFO
2026-01-01 02:08:02,112 - System.tprint - INFO - ℹ️ 🐛 DEBUG: Metadata file does not exist, returning default metadata INFO
[2026-01-01 02:08:02.112] 🐛 DEBUG: list_versions() called INFO
2026-01-01 02:08:02,112 - System.tprint - INFO - ℹ️ 🐛 DEBUG: list_versions() called INFO
[2026-01-01 02:08:02.113] 🐛 DEBUG: Metadata file exists: False INFO
2026-01-01 02:08:02,113 - System.tprint - INFO - ℹ️ 🐛 DEBUG: Metadata file exists: False INFO
[2026-01-01 02:08:02.113] 🐛 DEBUG: HDF5 file exists: True INFO
2026-01-01 02:08:02,113 - System.tprint - INFO - ℹ️ 🐛 DEBUG: HDF5 file exists: True INFO
[2026-01-01 02:08:02.113] 🐛 DEBUG: Reloading metadata to get latest versions INFO
2026-01-01 02:08:02,114 - System.tprint - INFO - ℹ️ 🐛 DEBUG: Reloading metadata to get latest versions INFO
[2026-01-01 02:08:02.114] 🐛 DEBUG: _load_metadata() checking versioned_artifacts/ETHUSDT_binance_15m_long_volatility_burst/metadata.json INFO
2026-01-01 02:08:02,115 - System.tprint - INFO - ℹ️ 🐛 DEBUG: _load_metadata() checking versioned_artifacts/ETHUSDT_binance_15m_long_volatility_burst/metadata.json INFO
[2026-01-01 02:08:02.114] 🐛 DEBUG: Metadata file does not exist, returning default metadata INFO
2026-01-01 02:08:02,115 - System.tprint - INFO - ℹ️ 🐛 DEBUG: Metadata file does not exist, returning default metadata INFO
[2026-01-01 02:08:02.115] 🐛 DEBUG: Found 0 versions in metadata: [] INFO
2026-01-01 02:08:02,115 - System.tprint - INFO - ℹ️ 🐛 DEBUG: Found 0 versions in metadata: [] INFO
[2026-01-01 02:08:02.117] 🐛 DEBUG: Found 0 versions in HDF5: [] INFO
2026-01-01 02:08:02,117 - System.tprint - INFO - ℹ️ 🐛 DEBUG: Found 0 versions in HDF5: [] INFO
[2026-01-01 02:08:02.118] 🐛 DEBUG: _load_metadata() checking versioned_artifacts/ETHUSDT_binance_1h_long_regime_alpha/metadata.json INFO
2026-01-01 02:08:02,118 - System.tprint - INFO - ℹ️ 🐛 DEBUG: _load_metadata() checking versioned_artifacts/ETHUSDT_binance_1h_long_regime_alpha/metadata.json INFO
[2026-01-01 02:08:02.118] 🐛 DEBUG: Metadata file exists, size: 6902 bytes INFO
2026-01-01 02:08:02,119 - System.tprint - INFO - ℹ️ 🐛 DEBUG: Metadata file exists, size: 6902 bytes INFO
[2026-01-01 02:08:02.118] 🐛 DEBUG: Successfully loaded metadata with 5 versions INFO
2026-01-01 02:08:02,119 - System.tprint - INFO - ℹ️ 🐛 DEBUG: Successfully loaded metadata with 5 versions INFO
[2026-01-01 02:08:02.119] 🐛 DEBUG: list_versions() called INFO
2026-01-01 02:08:02,119 - System.tprint - INFO - ℹ️ 🐛 DEBUG: list_versions() called INFO
[2026-01-01 02:08:02.119] 🐛 DEBUG: Metadata file exists: True INFO
2026-01-01 02:08:02,119 - System.tprint - INFO - ℹ️ 🐛 DEBUG: Metadata file exists: True INFO
[2026-01-01 02:08:02.119] 🐛 DEBUG: HDF5 file exists: True INFO
2026-01-01 02:08:02,120 - System.tprint - INFO - ℹ️ 🐛 DEBUG: HDF5 file exists: True INFO
[2026-01-01 02:08:02.119] 🐛 DEBUG: Reloading metadata to get latest versions INFO
2026-01-01 02:08:02,120 - System.tprint - INFO - ℹ️ 🐛 DEBUG: Reloading metadata to get latest versions INFO
[2026-01-01 02:08:02.119] 🐛 DEBUG: _load_metadata() checking versioned_artifacts/ETHUSDT_binance_1h_long_regime_alpha/metadata.json INFO
2026-01-01 02:08:02,120 - System.tprint - INFO - ℹ️ 🐛 DEBUG: _load_metadata() checking versioned_artifacts/ETHUSDT_binance_1h_long_regime_alpha/metadata.json INFO
[2026-01-01 02:08:02.119] 🐛 DEBUG: Metadata file exists, size: 6902 bytes INFO
2026-01-01 02:08:02,120 - System.tprint - INFO - ℹ️ 🐛 DEBUG: Metadata file exists, size: 6902 bytes INFO
[2026-01-01 02:08:02.119] 🐛 DEBUG: Successfully loaded metadata with 5 versions INFO
2026-01-01 02:08:02,120 - System.tprint - INFO - ℹ️ 🐛 DEBUG: Successfully loaded metadata with 5 versions INFO
[2026-01-01 02:08:02.119] 🐛 DEBUG: Found 5 versions in metadata: ['hmm_alpha_regime_stats_1h_20251122_151841_186', 'hmm_alpha_training_data_1h_20251122_164502_922', 'hmm_alpha_regime_stats_1h_20251122_164502_963', 'hmm_alpha_training_data_1h_20251122_171931_773', 'hmm_alpha_regime_stats_1h_20251122_171931_857'] INFO
2026-01-01 02:08:02,120 - System.tprint - INFO - ℹ️ 🐛 DEBUG: Found 5 versions in metadata: ['hmm_alpha_regime_stats_1h_20251122_151841_186', 'hmm_alpha_training_data_1h_20251122_164502_922', 'hmm_alpha_regime_stats_1h_20251122_164502_963', 'hmm_alpha_training_data_1h_20251122_171931_773', 'hmm_alpha_regime_stats_1h_20251122_171931_857'] INFO
[2026-01-01 02:08:02.122] 🐛 DEBUG: Found 5 versions in HDF5: ['hmm_alpha_regime_stats_1h_20251122_151841_186', 'hmm_alpha_regime_stats_1h_20251122_164502_963', 'hmm_alpha_regime_stats_1h_20251122_171931_857', 'hmm_alpha_training_data_1h_20251122_164502_922', 'hmm_alpha_training_data_1h_20251122_171931_773'] INFO
2026-01-01 02:08:02,122 - System.tprint - INFO - ℹ️ 🐛 DEBUG: Found 5 versions in HDF5: ['hmm_alpha_regime_stats_1h_20251122_151841_186', 'hmm_alpha_regime_stats_1h_20251122_164502_963', 'hmm_alpha_regime_stats_1h_20251122_171931_857', 'hmm_alpha_training_data_1h_20251122_164502_922', 'hmm_alpha_training_data_1h_20251122_171931_773'] INFO
[2026-01-01 02:08:02.123] 🐛 DEBUG: _load_metadata() checking versioned_artifacts/ETHUSDT_binance_1h_long_analyst/metadata.json INFO
2026-01-01 02:08:02,124 - System.tprint - INFO - ℹ️ 🐛 DEBUG: _load_metadata() checking versioned_artifacts/ETHUSDT_binance_1h_long_analyst/metadata.json INFO
[2026-01-01 02:08:02.123] 🐛 DEBUG: Metadata file exists, size: 139 bytes INFO
2026-01-01 02:08:02,124 - System.tprint - INFO - ℹ️ 🐛 DEBUG: Metadata file exists, size: 139 bytes INFO
[2026-01-01 02:08:02.123] 🐛 DEBUG: Successfully loaded metadata with 0 versions INFO
2026-01-01 02:08:02,124 - System.tprint - INFO - ℹ️ 🐛 DEBUG: Successfully loaded metadata with 0 versions INFO
[2026-01-01 02:08:02.125] 🐛 DEBUG: list_versions() called INFO
2026-01-01 02:08:02,125 - System.tprint - INFO - ℹ️ 🐛 DEBUG: list_versions() called INFO
[2026-01-01 02:08:02.125] 🐛 DEBUG: Metadata file exists: True INFO
2026-01-01 02:08:02,125 - System.tprint - INFO - ℹ️ 🐛 DEBUG: Metadata file exists: True INFO
[2026-01-01 02:08:02.125] 🐛 DEBUG: HDF5 file exists: True INFO
2026-01-01 02:08:02,125 - System.tprint - INFO - ℹ️ 🐛 DEBUG: HDF5 file exists: True INFO
[2026-01-01 02:08:02.125] 🐛 DEBUG: Reloading metadata to get latest versions INFO
2026-01-01 02:08:02,126 - System.tprint - INFO - ℹ️ 🐛 DEBUG: Reloading metadata to get latest versions INFO
[2026-01-01 02:08:02.126] 🐛 DEBUG: _load_metadata() checking versioned_artifacts/ETHUSDT_binance_1h_long_analyst/metadata.json INFO
2026-01-01 02:08:02,126 - System.tprint - INFO - ℹ️ 🐛 DEBUG: _load_metadata() checking versioned_artifacts/ETHUSDT_binance_1h_long_analyst/metadata.json INFO
[2026-01-01 02:08:02.126] 🐛 DEBUG: Metadata file exists, size: 139 bytes INFO
2026-01-01 02:08:02,126 - System.tprint - INFO - ℹ️ 🐛 DEBUG: Metadata file exists, size: 139 bytes INFO
[2026-01-01 02:08:02.126] 🐛 DEBUG: Successfully loaded metadata with 0 versions INFO
2026-01-01 02:08:02,127 - System.tprint - INFO - ℹ️ 🐛 DEBUG: Successfully loaded metadata with 0 versions INFO
[2026-01-01 02:08:02.127] 🐛 DEBUG: Found 0 versions in metadata: [] INFO
2026-01-01 02:08:02,127 - System.tprint - INFO - ℹ️ 🐛 DEBUG: Found 0 versions in metadata: [] INFO
[2026-01-01 02:08:02.129] 🐛 DEBUG: Found 0 versions in HDF5: [] INFO
2026-01-01 02:08:02,129 - System.tprint - INFO - ℹ️ 🐛 DEBUG: Found 0 versions in HDF5: [] INFO
[2026-01-01 02:08:02.130] 🐛 DEBUG: _load_metadata() checking versioned_artifacts/ETHUSDT_binance_1h_long_regime_path/metadata.json INFO
2026-01-01 02:08:02,131 - System.tprint - INFO - ℹ️ 🐛 DEBUG: _load_metadata() checking versioned_artifacts/ETHUSDT_binance_1h_long_regime_path/metadata.json INFO
[2026-01-01 02:08:02.130] 🐛 DEBUG: Metadata file exists, size: 200 bytes INFO
2026-01-01 02:08:02,131 - System.tprint - INFO - ℹ️ 🐛 DEBUG: Metadata file exists, size: 200 bytes INFO
[2026-01-01 02:08:02.130] 🐛 DEBUG: Successfully loaded metadata with 0 versions INFO
2026-01-01 02:08:02,131 - System.tprint - INFO - ℹ️ 🐛 DEBUG: Successfully loaded metadata with 0 versions INFO
[2026-01-01 02:08:02.130] 🐛 DEBUG: list_versions() called INFO
2026-01-01 02:08:02,131 - System.tprint - INFO - ℹ️ 🐛 DEBUG: list_versions() called INFO
[2026-01-01 02:08:02.130] 🐛 DEBUG: Metadata file exists: True INFO
2026-01-01 02:08:02,131 - System.tprint - INFO - ℹ️ 🐛 DEBUG: Metadata file exists: True INFO
[2026-01-01 02:08:02.130] 🐛 DEBUG: HDF5 file exists: True INFO
2026-01-01 02:08:02,131 - System.tprint - INFO - ℹ️ 🐛 DEBUG: HDF5 file exists: True INFO
[2026-01-01 02:08:02.131] 🐛 DEBUG: Reloading metadata to get latest versions INFO
2026-01-01 02:08:02,131 - System.tprint - INFO - ℹ️ 🐛 DEBUG: Reloading metadata to get latest versions INFO
[2026-01-01 02:08:02.131] 🐛 DEBUG: _load_metadata() checking versioned_artifacts/ETHUSDT_binance_1h_long_regime_path/metadata.json INFO
2026-01-01 02:08:02,132 - System.tprint - INFO - ℹ️ 🐛 DEBUG: _load_metadata() checking versioned_artifacts/ETHUSDT_binance_1h_long_regime_path/metadata.json INFO
[2026-01-01 02:08:02.131] 🐛 DEBUG: Metadata file exists, size: 200 bytes INFO
2026-01-01 02:08:02,132 - System.tprint - INFO - ℹ️ 🐛 DEBUG: Metadata file exists, size: 200 bytes INFO
[2026-01-01 02:08:02.131] 🐛 DEBUG: Successfully loaded metadata with 0 versions INFO
2026-01-01 02:08:02,132 - System.tprint - INFO - ℹ️ 🐛 DEBUG: Successfully loaded metadata with 0 versions INFO
[2026-01-01 02:08:02.131] 🐛 DEBUG: Found 0 versions in metadata: [] INFO
2026-01-01 02:08:02,132 - System.tprint - INFO - ℹ️ 🐛 DEBUG: Found 0 versions in metadata: [] INFO
[2026-01-01 02:08:02.133] 🐛 DEBUG: Found 0 versions in HDF5: [] INFO
2026-01-01 02:08:02,133 - System.tprint - INFO - ℹ️ 🐛 DEBUG: Found 0 versions in HDF5: [] INFO
[2026-01-01 02:08:02.134] 🐛 DEBUG: _load_metadata() checking versioned_artifacts/None_None_None_long_regime/metadata.json INFO
2026-01-01 02:08:02,134 - System.tprint - INFO - ℹ️ 🐛 DEBUG: _load_metadata() checking versioned_artifacts/None_None_None_long_regime/metadata.json INFO
[2026-01-01 02:08:02.134] 🐛 DEBUG: Metadata file exists, size: 139 bytes INFO
2026-01-01 02:08:02,134 - System.tprint - INFO - ℹ️ 🐛 DEBUG: Metadata file exists, size: 139 bytes INFO
[2026-01-01 02:08:02.134] 🐛 DEBUG: Successfully loaded metadata with 0 versions INFO
2026-01-01 02:08:02,135 - System.tprint - INFO - ℹ️ 🐛 DEBUG: Successfully loaded metadata with 0 versions INFO
[2026-01-01 02:08:02.134] 🐛 DEBUG: list_versions() called INFO
2026-01-01 02:08:02,135 - System.tprint - INFO - ℹ️ 🐛 DEBUG: list_versions() called INFO
[2026-01-01 02:08:02.134] 🐛 DEBUG: Metadata file exists: True INFO
2026-01-01 02:08:02,135 - System.tprint - INFO - ℹ️ 🐛 DEBUG: Metadata file exists: True INFO
[2026-01-01 02:08:02.134] 🐛 DEBUG: HDF5 file exists: True INFO
2026-01-01 02:08:02,135 - System.tprint - INFO - ℹ️ 🐛 DEBUG: HDF5 file exists: True INFO
[2026-01-01 02:08:02.134] 🐛 DEBUG: Reloading metadata to get latest versions INFO
2026-01-01 02:08:02,135 - System.tprint - INFO - ℹ️ 🐛 DEBUG: Reloading metadata to get latest versions INFO
[2026-01-01 02:08:02.134] 🐛 DEBUG: _load_metadata() checking versioned_artifacts/None_None_None_long_regime/metadata.json INFO
2026-01-01 02:08:02,135 - System.tprint - INFO - ℹ️ 🐛 DEBUG: _load_metadata() checking versioned_artifacts/None_None_None_long_regime/metadata.json INFO
[2026-01-01 02:08:02.135] 🐛 DEBUG: Metadata file exists, size: 139 bytes INFO
2026-01-01 02:08:02,135 - System.tprint - INFO - ℹ️ 🐛 DEBUG: Metadata file exists, size: 139 bytes INFO
[2026-01-01 02:08:02.135] 🐛 DEBUG: Successfully loaded metadata with 0 versions INFO
2026-01-01 02:08:02,135 - System.tprint - INFO - ℹ️ 🐛 DEBUG: Successfully loaded metadata with 0 versions INFO
[2026-01-01 02:08:02.135] 🐛 DEBUG: Found 0 versions in metadata: [] INFO
2026-01-01 02:08:02,135 - System.tprint - INFO - ℹ️ 🐛 DEBUG: Found 0 versions in metadata: [] INFO
[2026-01-01 02:08:02.135] 🐛 DEBUG: Found 0 versions in HDF5: [] INFO
2026-01-01 02:08:02,136 - System.tprint - INFO - ℹ️ 🐛 DEBUG: Found 0 versions in HDF5: [] INFO
[2026-01-01 02:08:02.137] 🐛 DEBUG: _load_metadata() checking versioned_artifacts/ETHUSDT_binance_1h_long_mean_reversion/metadata.json INFO
2026-01-01 02:08:02,137 - System.tprint - INFO - ℹ️ 🐛 DEBUG: _load_metadata() checking versioned_artifacts/ETHUSDT_binance_1h_long_mean_reversion/metadata.json INFO
[2026-01-01 02:08:02.137] 🐛 DEBUG: Metadata file exists, size: 3914 bytes INFO
2026-01-01 02:08:02,137 - System.tprint - INFO - ℹ️ 🐛 DEBUG: Metadata file exists, size: 3914 bytes INFO
[2026-01-01 02:08:02.137] 🐛 DEBUG: Successfully loaded metadata with 5 versions INFO
2026-01-01 02:08:02,137 - System.tprint - INFO - ℹ️ 🐛 DEBUG: Successfully loaded metadata with 5 versions INFO
[2026-01-01 02:08:02.137] 🐛 DEBUG: list_versions() called INFO
2026-01-01 02:08:02,137 - System.tprint - INFO - ℹ️ 🐛 DEBUG: list_versions() called INFO
[2026-01-01 02:08:02.137] 🐛 DEBUG: Metadata file exists: True INFO
2026-01-01 02:08:02,137 - System.tprint - INFO - ℹ️ 🐛 DEBUG: Metadata file exists: True INFO
[2026-01-01 02:08:02.137] 🐛 DEBUG: HDF5 file exists: True INFO
2026-01-01 02:08:02,137 - System.tprint - INFO - ℹ️ 🐛 DEBUG: HDF5 file exists: True INFO
[2026-01-01 02:08:02.137] 🐛 DEBUG: Reloading metadata to get latest versions INFO
2026-01-01 02:08:02,137 - System.tprint - INFO - ℹ️ 🐛 DEBUG: Reloading metadata to get latest versions INFO
[2026-01-01 02:08:02.137] 🐛 DEBUG: _load_metadata() checking versioned_artifacts/ETHUSDT_binance_1h_long_mean_reversion/metadata.json INFO
2026-01-01 02:08:02,137 - System.tprint - INFO - ℹ️ 🐛 DEBUG: _load_metadata() checking versioned_artifacts/ETHUSDT_binance_1h_long_mean_reversion/metadata.json INFO
[2026-01-01 02:08:02.138] 🐛 DEBUG: Metadata file exists, size: 3914 bytes INFO
2026-01-01 02:08:02,138 - System.tprint - INFO - ℹ️ 🐛 DEBUG: Metadata file exists, size: 3914 bytes INFO
[2026-01-01 02:08:02.138] 🐛 DEBUG: Successfully loaded metadata with 5 versions INFO
2026-01-01 02:08:02,138 - System.tprint - INFO - ℹ️ 🐛 DEBUG: Successfully loaded metadata with 5 versions INFO
[2026-01-01 02:08:02.138] 🐛 DEBUG: Found 5 versions in metadata: ['ml_mean_reversion_training_data_1h_20251124_231116_323', 'ml_mean_reversion_training_data_1h_20251125_001022_753', 'ml_mean_reversion_training_data_1h_20251125_002337_863', 'ml_mean_reversion_training_data_1h_20251125_003116_776', 'ml_mean_reversion_training_data_1h_20251126_003120_916'] INFO
2026-01-01 02:08:02,138 - System.tprint - INFO - ℹ️ 🐛 DEBUG: Found 5 versions in metadata: ['ml_mean_reversion_training_data_1h_20251124_231116_323', 'ml_mean_reversion_training_data_1h_20251125_001022_753', 'ml_mean_reversion_training_data_1h_20251125_002337_863', 'ml_mean_reversion_training_data_1h_20251125_003116_776', 'ml_mean_reversion_training_data_1h_20251126_003120_916'] INFO
[2026-01-01 02:08:02.139] 🐛 DEBUG: Found 5 versions in HDF5: ['ml_mean_reversion_training_data_1h_20251124_231116_323', 'ml_mean_reversion_training_data_1h_20251125_001022_753', 'ml_mean_reversion_training_data_1h_20251125_002337_863', 'ml_mean_reversion_training_data_1h_20251125_003116_776', 'ml_mean_reversion_training_data_1h_20251126_003120_916'] INFO
2026-01-01 02:08:02,139 - System.tprint - INFO - ℹ️ 🐛 DEBUG: Found 5 versions in HDF5: ['ml_mean_reversion_training_data_1h_20251124_231116_323', 'ml_mean_reversion_training_data_1h_20251125_001022_753', 'ml_mean_reversion_training_data_1h_20251125_002337_863', 'ml_mean_reversion_training_data_1h_20251125_003116_776', 'ml_mean_reversion_training_data_1h_20251126_003120_916'] INFO
[2026-01-01 02:08:02.139] 🐛 DEBUG: _load_metadata() checking versioned_artifacts/ETHUSDT_binance_15m_long_mean_reversion/metadata.json INFO
2026-01-01 02:08:02,140 - System.tprint - INFO - ℹ️ 🐛 DEBUG: _load_metadata() checking versioned_artifacts/ETHUSDT_binance_15m_long_mean_reversion/metadata.json INFO
[2026-01-01 02:08:02.140] 🐛 DEBUG: Metadata file exists, size: 1472 bytes INFO
2026-01-01 02:08:02,140 - System.tprint - INFO - ℹ️ 🐛 DEBUG: Metadata file exists, size: 1472 bytes INFO
[2026-01-01 02:08:02.140] 🐛 DEBUG: Successfully loaded metadata with 1 versions INFO
2026-01-01 02:08:02,141 - System.tprint - INFO - ℹ️ 🐛 DEBUG: Successfully loaded metadata with 1 versions INFO
[2026-01-01 02:08:02.140] 🐛 DEBUG: list_versions() called INFO
2026-01-01 02:08:02,141 - System.tprint - INFO - ℹ️ 🐛 DEBUG: list_versions() called INFO
[2026-01-01 02:08:02.141] 🐛 DEBUG: Metadata file exists: True INFO
2026-01-01 02:08:02,141 - System.tprint - INFO - ℹ️ 🐛 DEBUG: Metadata file exists: True INFO
[2026-01-01 02:08:02.141] 🐛 DEBUG: HDF5 file exists: True INFO
2026-01-01 02:08:02,142 - System.tprint - INFO - ℹ️ 🐛 DEBUG: HDF5 file exists: True INFO
[2026-01-01 02:08:02.141] 🐛 DEBUG: Reloading metadata to get latest versions INFO
2026-01-01 02:08:02,142 - System.tprint - INFO - ℹ️ 🐛 DEBUG: Reloading metadata to get latest versions INFO
[2026-01-01 02:08:02.141] 🐛 DEBUG: _load_metadata() checking versioned_artifacts/ETHUSDT_binance_15m_long_mean_reversion/metadata.json INFO
2026-01-01 02:08:02,142 - System.tprint - INFO - ℹ️ 🐛 DEBUG: _load_metadata() checking versioned_artifacts/ETHUSDT_binance_15m_long_mean_reversion/metadata.json INFO
[2026-01-01 02:08:02.141] 🐛 DEBUG: Metadata file exists, size: 1472 bytes INFO
2026-01-01 02:08:02,142 - System.tprint - INFO - ℹ️ 🐛 DEBUG: Metadata file exists, size: 1472 bytes INFO
[2026-01-01 02:08:02.143] 🐛 DEBUG: Successfully loaded metadata with 1 versions INFO
2026-01-01 02:08:02,143 - System.tprint - INFO - ℹ️ 🐛 DEBUG: Successfully loaded metadata with 1 versions INFO
[2026-01-01 02:08:02.143] 🐛 DEBUG: Found 1 versions in metadata: ['ml_mean_reversion_training_data_15m_20251213_170600_968'] INFO
2026-01-01 02:08:02,143 - System.tprint - INFO - ℹ️ 🐛 DEBUG: Found 1 versions in metadata: ['ml_mean_reversion_training_data_15m_20251213_170600_968'] INFO
[2026-01-01 02:08:02.145] 🐛 DEBUG: Found 1 versions in HDF5: ['ml_mean_reversion_training_data_15m_20251213_170600_968'] INFO
2026-01-01 02:08:02,146 - System.tprint - INFO - ℹ️ 🐛 DEBUG: Found 1 versions in HDF5: ['ml_mean_reversion_training_data_15m_20251213_170600_968'] INFO
[2026-01-01 02:08:02.147] 🐛 DEBUG: _load_metadata() checking versioned_artifacts/ETHUSDT_binance_15m_long_full/metadata.json INFO
2026-01-01 02:08:02,147 - System.tprint - INFO - ℹ️ 🐛 DEBUG: _load_metadata() checking versioned_artifacts/ETHUSDT_binance_15m_long_full/metadata.json INFO
[2026-01-01 02:08:02.147] 🐛 DEBUG: Metadata file exists, size: 139 bytes INFO
2026-01-01 02:08:02,147 - System.tprint - INFO - ℹ️ 🐛 DEBUG: Metadata file exists, size: 139 bytes INFO
[2026-01-01 02:08:02.147] 🐛 DEBUG: Successfully loaded metadata with 0 versions INFO
2026-01-01 02:08:02,148 - System.tprint - INFO - ℹ️ 🐛 DEBUG: Successfully loaded metadata with 0 versions INFO
[2026-01-01 02:08:02.148] 🐛 DEBUG: list_versions() called INFO
2026-01-01 02:08:02,148 - System.tprint - INFO - ℹ️ 🐛 DEBUG: list_versions() called INFO
[2026-01-01 02:08:02.148] 🐛 DEBUG: Metadata file exists: True INFO
2026-01-01 02:08:02,148 - System.tprint - INFO - ℹ️ 🐛 DEBUG: Metadata file exists: True INFO
[2026-01-01 02:08:02.148] 🐛 DEBUG: HDF5 file exists: True INFO
2026-01-01 02:08:02,149 - System.tprint - INFO - ℹ️ 🐛 DEBUG: HDF5 file exists: True INFO
[2026-01-01 02:08:02.148] 🐛 DEBUG: Reloading metadata to get latest versions INFO
2026-01-01 02:08:02,149 - System.tprint - INFO - ℹ️ 🐛 DEBUG: Reloading metadata to get latest versions INFO
[2026-01-01 02:08:02.149] 🐛 DEBUG: _load_metadata() checking versioned_artifacts/ETHUSDT_binance_15m_long_full/metadata.json INFO
2026-01-01 02:08:02,149 - System.tprint - INFO - ℹ️ 🐛 DEBUG: _load_metadata() checking versioned_artifacts/ETHUSDT_binance_15m_long_full/metadata.json INFO
[2026-01-01 02:08:02.149] 🐛 DEBUG: Metadata file exists, size: 139 bytes INFO
2026-01-01 02:08:02,150 - System.tprint - INFO - ℹ️ 🐛 DEBUG: Metadata file exists, size: 139 bytes INFO
[2026-01-01 02:08:02.149] 🐛 DEBUG: Successfully loaded metadata with 0 versions INFO
2026-01-01 02:08:02,150 - System.tprint - INFO - ℹ️ 🐛 DEBUG: Successfully loaded metadata with 0 versions INFO
[2026-01-01 02:08:02.150] 🐛 DEBUG: Found 0 versions in metadata: [] INFO
2026-01-01 02:08:02,150 - System.tprint - INFO - ℹ️ 🐛 DEBUG: Found 0 versions in metadata: [] INFO
[2026-01-01 02:08:02.151] 🐛 DEBUG: Found 0 versions in HDF5: [] INFO
2026-01-01 02:08:02,151 - System.tprint - INFO - ℹ️ 🐛 DEBUG: Found 0 versions in HDF5: [] INFO
[2026-01-01 02:08:02.153] 🐛 DEBUG: _load_metadata() checking versioned_artifacts/ETHUSDT_binance_15m_long_ml_smc_regime/metadata.json INFO
2026-01-01 02:08:02,153 - System.tprint - INFO - ℹ️ 🐛 DEBUG: _load_metadata() checking versioned_artifacts/ETHUSDT_binance_15m_long_ml_smc_regime/metadata.json INFO
[2026-01-01 02:08:02.153] 🐛 DEBUG: Metadata file does not exist, returning default metadata INFO
2026-01-01 02:08:02,153 - System.tprint - INFO - ℹ️ 🐛 DEBUG: Metadata file does not exist, returning default metadata INFO
[2026-01-01 02:08:02.153] 🐛 DEBUG: list_versions() called INFO
2026-01-01 02:08:02,153 - System.tprint - INFO - ℹ️ 🐛 DEBUG: list_versions() called INFO
[2026-01-01 02:08:02.153] 🐛 DEBUG: Metadata file exists: False INFO
2026-01-01 02:08:02,154 - System.tprint - INFO - ℹ️ 🐛 DEBUG: Metadata file exists: False INFO
[2026-01-01 02:08:02.154] 🐛 DEBUG: HDF5 file exists: True INFO
2026-01-01 02:08:02,154 - System.tprint - INFO - ℹ️ 🐛 DEBUG: HDF5 file exists: True INFO
[2026-01-01 02:08:02.154] 🐛 DEBUG: Reloading metadata to get latest versions INFO
2026-01-01 02:08:02,154 - System.tprint - INFO - ℹ️ 🐛 DEBUG: Reloading metadata to get latest versions INFO
[2026-01-01 02:08:02.154] 🐛 DEBUG: _load_metadata() checking versioned_artifacts/ETHUSDT_binance_15m_long_ml_smc_regime/metadata.json INFO
2026-01-01 02:08:02,154 - System.tprint - INFO - ℹ️ 🐛 DEBUG: _load_metadata() checking versioned_artifacts/ETHUSDT_binance_15m_long_ml_smc_regime/metadata.json INFO
[2026-01-01 02:08:02.154] 🐛 DEBUG: Metadata file does not exist, returning default metadata INFO
2026-01-01 02:08:02,154 - System.tprint - INFO - ℹ️ 🐛 DEBUG: Metadata file does not exist, returning default metadata INFO
[2026-01-01 02:08:02.154] 🐛 DEBUG: Found 0 versions in metadata: [] INFO
2026-01-01 02:08:02,154 - System.tprint - INFO - ℹ️ 🐛 DEBUG: Found 0 versions in metadata: [] INFO
[2026-01-01 02:08:02.156] 🐛 DEBUG: Found 0 versions in HDF5: [] INFO
2026-01-01 02:08:02,156 - System.tprint - INFO - ℹ️ 🐛 DEBUG: Found 0 versions in HDF5: [] INFO
[2026-01-01 02:08:02.158] 🐛 DEBUG: _load_metadata() checking versioned_artifacts/ETHUSDT_binance_15m_long_regime_meso_trend/metadata.json INFO
2026-01-01 02:08:02,158 - System.tprint - INFO - ℹ️ 🐛 DEBUG: _load_metadata() checking versioned_artifacts/ETHUSDT_binance_15m_long_regime_meso_trend/metadata.json INFO
[2026-01-01 02:08:02.158] 🐛 DEBUG: Metadata file exists, size: 139 bytes INFO
2026-01-01 02:08:02,158 - System.tprint - INFO - ℹ️ 🐛 DEBUG: Metadata file exists, size: 139 bytes INFO
[2026-01-01 02:08:02.159] 🐛 DEBUG: Successfully loaded metadata with 0 versions INFO
2026-01-01 02:08:02,159 - System.tprint - INFO - ℹ️ 🐛 DEBUG: Successfully loaded metadata with 0 versions INFO
[2026-01-01 02:08:02.159] 🐛 DEBUG: list_versions() called INFO
2026-01-01 02:08:02,159 - System.tprint - INFO - ℹ️ 🐛 DEBUG: list_versions() called INFO
[2026-01-01 02:08:02.159] 🐛 DEBUG: Metadata file exists: True INFO
2026-01-01 02:08:02,159 - System.tprint - INFO - ℹ️ 🐛 DEBUG: Metadata file exists: True INFO
[2026-01-01 02:08:02.159] 🐛 DEBUG: HDF5 file exists: True INFO
2026-01-01 02:08:02,159 - System.tprint - INFO - ℹ️ 🐛 DEBUG: HDF5 file exists: True INFO
[2026-01-01 02:08:02.159] 🐛 DEBUG: Reloading metadata to get latest versions INFO
2026-01-01 02:08:02,159 - System.tprint - INFO - ℹ️ 🐛 DEBUG: Reloading metadata to get latest versions INFO
[2026-01-01 02:08:02.159] 🐛 DEBUG: _load_metadata() checking versioned_artifacts/ETHUSDT_binance_15m_long_regime_meso_trend/metadata.json INFO
2026-01-01 02:08:02,160 - System.tprint - INFO - ℹ️ 🐛 DEBUG: _load_metadata() checking versioned_artifacts/ETHUSDT_binance_15m_long_regime_meso_trend/metadata.json INFO
[2026-01-01 02:08:02.160] 🐛 DEBUG: Metadata file exists, size: 139 bytes INFO
2026-01-01 02:08:02,160 - System.tprint - INFO - ℹ️ 🐛 DEBUG: Metadata file exists, size: 139 bytes INFO
[2026-01-01 02:08:02.160] 🐛 DEBUG: Successfully loaded metadata with 0 versions INFO
2026-01-01 02:08:02,160 - System.tprint - INFO - ℹ️ 🐛 DEBUG: Successfully loaded metadata with 0 versions INFO
[2026-01-01 02:08:02.161] 🐛 DEBUG: Found 0 versions in metadata: [] INFO
2026-01-01 02:08:02,161 - System.tprint - INFO - ℹ️ 🐛 DEBUG: Found 0 versions in metadata: [] INFO
[2026-01-01 02:08:02.163] 🐛 DEBUG: Found 0 versions in HDF5: [] INFO
2026-01-01 02:08:02,163 - System.tprint - INFO - ℹ️ 🐛 DEBUG: Found 0 versions in HDF5: [] INFO
[2026-01-01 02:08:02.165] 🐛 DEBUG: _load_metadata() checking versioned_artifacts/ETHUSDT_binance_15m_long_regime/metadata.json INFO
2026-01-01 02:08:02,165 - System.tprint - INFO - ℹ️ 🐛 DEBUG: _load_metadata() checking versioned_artifacts/ETHUSDT_binance_15m_long_regime/metadata.json INFO
[2026-01-01 02:08:02.165] 🐛 DEBUG: Metadata file exists, size: 200 bytes INFO
2026-01-01 02:08:02,165 - System.tprint - INFO - ℹ️ 🐛 DEBUG: Metadata file exists, size: 200 bytes INFO
[2026-01-01 02:08:02.165] 🐛 DEBUG: Successfully loaded metadata with 0 versions INFO
2026-01-01 02:08:02,165 - System.tprint - INFO - ℹ️ 🐛 DEBUG: Successfully loaded metadata with 0 versions INFO
[2026-01-01 02:08:02.165] 🐛 DEBUG: list_versions() called INFO
2026-01-01 02:08:02,165 - System.tprint - INFO - ℹ️ 🐛 DEBUG: list_versions() called INFO
[2026-01-01 02:08:02.165] 🐛 DEBUG: Metadata file exists: True INFO
2026-01-01 02:08:02,165 - System.tprint - INFO - ℹ️ 🐛 DEBUG: Metadata file exists: True INFO
[2026-01-01 02:08:02.165] 🐛 DEBUG: HDF5 file exists: True INFO
2026-01-01 02:08:02,165 - System.tprint - INFO - ℹ️ 🐛 DEBUG: HDF5 file exists: True INFO
[2026-01-01 02:08:02.165] 🐛 DEBUG: Reloading metadata to get latest versions INFO
2026-01-01 02:08:02,165 - System.tprint - INFO - ℹ️ 🐛 DEBUG: Reloading metadata to get latest versions INFO
[2026-01-01 02:08:02.166] 🐛 DEBUG: _load_metadata() checking versioned_artifacts/ETHUSDT_binance_15m_long_regime/metadata.json INFO
2026-01-01 02:08:02,166 - System.tprint - INFO - ℹ️ 🐛 DEBUG: _load_metadata() checking versioned_artifacts/ETHUSDT_binance_15m_long_regime/metadata.json INFO
[2026-01-01 02:08:02.166] 🐛 DEBUG: Metadata file exists, size: 200 bytes INFO
2026-01-01 02:08:02,166 - System.tprint - INFO - ℹ️ 🐛 DEBUG: Metadata file exists, size: 200 bytes INFO
[2026-01-01 02:08:02.166] 🐛 DEBUG: Successfully loaded metadata with 0 versions INFO
2026-01-01 02:08:02,166 - System.tprint - INFO - ℹ️ 🐛 DEBUG: Successfully loaded metadata with 0 versions INFO
[2026-01-01 02:08:02.166] 🐛 DEBUG: Found 0 versions in metadata: [] INFO
2026-01-01 02:08:02,166 - System.tprint - INFO - ℹ️ 🐛 DEBUG: Found 0 versions in metadata: [] INFO
[2026-01-01 02:08:02.167] 🐛 DEBUG: Found 0 versions in HDF5: [] INFO
2026-01-01 02:08:02,167 - System.tprint - INFO - ℹ️ 🐛 DEBUG: Found 0 versions in HDF5: [] INFO
[2026-01-01 02:08:02.167] 🐛 DEBUG: _load_metadata() checking versioned_artifacts/ETHUSDT_binance_1h_long_smc_regime/metadata.json INFO
2026-01-01 02:08:02,167 - System.tprint - INFO - ℹ️ 🐛 DEBUG: _load_metadata() checking versioned_artifacts/ETHUSDT_binance_1h_long_smc_regime/metadata.json INFO
[2026-01-01 02:08:02.167] 🐛 DEBUG: Metadata file exists, size: 3536 bytes INFO
2026-01-01 02:08:02,168 - System.tprint - INFO - ℹ️ 🐛 DEBUG: Metadata file exists, size: 3536 bytes INFO
[2026-01-01 02:08:02.168] 🐛 DEBUG: Successfully loaded metadata with 5 versions INFO
2026-01-01 02:08:02,168 - System.tprint - INFO - ℹ️ 🐛 DEBUG: Successfully loaded metadata with 5 versions INFO
[2026-01-01 02:08:02.168] 🐛 DEBUG: list_versions() called INFO
2026-01-01 02:08:02,168 - System.tprint - INFO - ℹ️ 🐛 DEBUG: list_versions() called INFO
[2026-01-01 02:08:02.168] 🐛 DEBUG: Metadata file exists: True INFO
2026-01-01 02:08:02,168 - System.tprint - INFO - ℹ️ 🐛 DEBUG: Metadata file exists: True INFO
[2026-01-01 02:08:02.168] 🐛 DEBUG: HDF5 file exists: True INFO
2026-01-01 02:08:02,168 - System.tprint - INFO - ℹ️ 🐛 DEBUG: HDF5 file exists: True INFO
[2026-01-01 02:08:02.168] 🐛 DEBUG: Reloading metadata to get latest versions INFO
2026-01-01 02:08:02,168 - System.tprint - INFO - ℹ️ 🐛 DEBUG: Reloading metadata to get latest versions INFO
[2026-01-01 02:08:02.168] 🐛 DEBUG: _load_metadata() checking versioned_artifacts/ETHUSDT_binance_1h_long_smc_regime/metadata.json INFO
2026-01-01 02:08:02,169 - System.tprint - INFO - ℹ️ 🐛 DEBUG: _load_metadata() checking versioned_artifacts/ETHUSDT_binance_1h_long_smc_regime/metadata.json INFO
[2026-01-01 02:08:02.168] 🐛 DEBUG: Metadata file exists, size: 3536 bytes INFO
2026-01-01 02:08:02,169 - System.tprint - INFO - ℹ️ 🐛 DEBUG: Metadata file exists, size: 3536 bytes INFO
[2026-01-01 02:08:02.169] 🐛 DEBUG: Successfully loaded metadata with 5 versions INFO
2026-01-01 02:08:02,169 - System.tprint - INFO - ℹ️ 🐛 DEBUG: Successfully loaded metadata with 5 versions INFO
[2026-01-01 02:08:02.169] 🐛 DEBUG: Found 5 versions in metadata: ['smc_predictions_with_confidence_20251124_233038_087', 'smc_predictions_with_confidence_20251125_001011_321', 'smc_predictions_with_confidence_20251125_001842_252', 'smc_predictions_with_confidence_20251126_003009_061', 'smc_predictions_with_confidence_20251126_003415_856'] INFO
2026-01-01 02:08:02,169 - System.tprint - INFO - ℹ️ 🐛 DEBUG: Found 5 versions in metadata: ['smc_predictions_with_confidence_20251124_233038_087', 'smc_predictions_with_confidence_20251125_001011_321', 'smc_predictions_with_confidence_20251125_001842_252', 'smc_predictions_with_confidence_20251126_003009_061', 'smc_predictions_with_confidence_20251126_003415_856'] INFO
[2026-01-01 02:08:02.171] 🐛 DEBUG: Found 5 versions in HDF5: ['smc_predictions_with_confidence_20251124_233038_087', 'smc_predictions_with_confidence_20251125_001011_321', 'smc_predictions_with_confidence_20251125_001842_252', 'smc_predictions_with_confidence_20251126_003009_061', 'smc_predictions_with_confidence_20251126_003415_856'] INFO
2026-01-01 02:08:02,171 - System.tprint - INFO - ℹ️ 🐛 DEBUG: Found 5 versions in HDF5: ['smc_predictions_with_confidence_20251124_233038_087', 'smc_predictions_with_confidence_20251125_001011_321', 'smc_predictions_with_confidence_20251125_001842_252', 'smc_predictions_with_confidence_20251126_003009_061', 'smc_predictions_with_confidence_20251126_003415_856'] INFO
[2026-01-01 02:08:02.171] 🐛 DEBUG: _load_metadata() checking versioned_artifacts/ETHUSDT_binance_15m_long_regime_path/metadata.json INFO
2026-01-01 02:08:02,172 - System.tprint - INFO - ℹ️ 🐛 DEBUG: _load_metadata() checking versioned_artifacts/ETHUSDT_binance_15m_long_regime_path/metadata.json INFO
[2026-01-01 02:08:02.172] 🐛 DEBUG: Metadata file exists, size: 200 bytes INFO
2026-01-01 02:08:02,172 - System.tprint - INFO - ℹ️ 🐛 DEBUG: Metadata file exists, size: 200 bytes INFO
[2026-01-01 02:08:02.172] 🐛 DEBUG: Successfully loaded metadata with 0 versions INFO
2026-01-01 02:08:02,173 - System.tprint - INFO - ℹ️ 🐛 DEBUG: Successfully loaded metadata with 0 versions INFO
[2026-01-01 02:08:02.172] 🐛 DEBUG: list_versions() called INFO
2026-01-01 02:08:02,173 - System.tprint - INFO - ℹ️ 🐛 DEBUG: list_versions() called INFO
[2026-01-01 02:08:02.172] 🐛 DEBUG: Metadata file exists: True INFO
2026-01-01 02:08:02,173 - System.tprint - INFO - ℹ️ 🐛 DEBUG: Metadata file exists: True INFO
[2026-01-01 02:08:02.173] 🐛 DEBUG: HDF5 file exists: True INFO
2026-01-01 02:08:02,173 - System.tprint - INFO - ℹ️ 🐛 DEBUG: HDF5 file exists: True INFO
[2026-01-01 02:08:02.173] 🐛 DEBUG: Reloading metadata to get latest versions INFO
2026-01-01 02:08:02,174 - System.tprint - INFO - ℹ️ 🐛 DEBUG: Reloading metadata to get latest versions INFO
[2026-01-01 02:08:02.173] 🐛 DEBUG: _load_metadata() checking versioned_artifacts/ETHUSDT_binance_15m_long_regime_path/metadata.json INFO
2026-01-01 02:08:02,174 - System.tprint - INFO - ℹ️ 🐛 DEBUG: _load_metadata() checking versioned_artifacts/ETHUSDT_binance_15m_long_regime_path/metadata.json INFO
[2026-01-01 02:08:02.173] 🐛 DEBUG: Metadata file exists, size: 200 bytes INFO
2026-01-01 02:08:02,174 - System.tprint - INFO - ℹ️ 🐛 DEBUG: Metadata file exists, size: 200 bytes INFO
[2026-01-01 02:08:02.173] 🐛 DEBUG: Successfully loaded metadata with 0 versions INFO
2026-01-01 02:08:02,174 - System.tprint - INFO - ℹ️ 🐛 DEBUG: Successfully loaded metadata with 0 versions INFO
[2026-01-01 02:08:02.173] 🐛 DEBUG: Found 0 versions in metadata: [] INFO
2026-01-01 02:08:02,174 - System.tprint - INFO - ℹ️ 🐛 DEBUG: Found 0 versions in metadata: [] INFO
[2026-01-01 02:08:02.175] 🐛 DEBUG: Found 0 versions in HDF5: [] INFO
2026-01-01 02:08:02,175 - System.tprint - INFO - ℹ️ 🐛 DEBUG: Found 0 versions in HDF5: [] INFO
[2026-01-01 02:08:02.175] 🐛 DEBUG: _load_metadata() checking versioned_artifacts/ETHUSDT_binance_1h_long_light/metadata.json INFO
2026-01-01 02:08:02,176 - System.tprint - INFO - ℹ️ 🐛 DEBUG: _load_metadata() checking versioned_artifacts/ETHUSDT_binance_1h_long_light/metadata.json INFO
[2026-01-01 02:08:02.176] 🐛 DEBUG: Metadata file exists, size: 139 bytes INFO
2026-01-01 02:08:02,176 - System.tprint - INFO - ℹ️ 🐛 DEBUG: Metadata file exists, size: 139 bytes INFO
[2026-01-01 02:08:02.176] 🐛 DEBUG: Successfully loaded metadata with 0 versions INFO
2026-01-01 02:08:02,176 - System.tprint - INFO - ℹ️ 🐛 DEBUG: Successfully loaded metadata with 0 versions INFO
[2026-01-01 02:08:02.176] 🐛 DEBUG: list_versions() called INFO
2026-01-01 02:08:02,176 - System.tprint - INFO - ℹ️ 🐛 DEBUG: list_versions() called INFO
[2026-01-01 02:08:02.176] 🐛 DEBUG: Metadata file exists: True INFO
2026-01-01 02:08:02,177 - System.tprint - INFO - ℹ️ 🐛 DEBUG: Metadata file exists: True INFO
[2026-01-01 02:08:02.177] 🐛 DEBUG: HDF5 file exists: True INFO
2026-01-01 02:08:02,177 - System.tprint - INFO - ℹ️ 🐛 DEBUG: HDF5 file exists: True INFO
[2026-01-01 02:08:02.177] 🐛 DEBUG: Reloading metadata to get latest versions INFO
2026-01-01 02:08:02,178 - System.tprint - INFO - ℹ️ 🐛 DEBUG: Reloading metadata to get latest versions INFO
[2026-01-01 02:08:02.177] 🐛 DEBUG: _load_metadata() checking versioned_artifacts/ETHUSDT_binance_1h_long_light/metadata.json INFO
2026-01-01 02:08:02,178 - System.tprint - INFO - ℹ️ 🐛 DEBUG: _load_metadata() checking versioned_artifacts/ETHUSDT_binance_1h_long_light/metadata.json INFO
[2026-01-01 02:08:02.177] 🐛 DEBUG: Metadata file exists, size: 139 bytes INFO
2026-01-01 02:08:02,178 - System.tprint - INFO - ℹ️ 🐛 DEBUG: Metadata file exists, size: 139 bytes INFO
[2026-01-01 02:08:02.179] 🐛 DEBUG: Successfully loaded metadata with 0 versions INFO
2026-01-01 02:08:02,179 - System.tprint - INFO - ℹ️ 🐛 DEBUG: Successfully loaded metadata with 0 versions INFO
[2026-01-01 02:08:02.179] 🐛 DEBUG: Found 0 versions in metadata: [] INFO
2026-01-01 02:08:02,179 - System.tprint - INFO - ℹ️ 🐛 DEBUG: Found 0 versions in metadata: [] INFO
[2026-01-01 02:08:02.180] 🐛 DEBUG: Found 0 versions in HDF5: [] INFO
2026-01-01 02:08:02,180 - System.tprint - INFO - ℹ️ 🐛 DEBUG: Found 0 versions in HDF5: [] INFO
[2026-01-01 02:08:02.181] 🐛 DEBUG: _load_metadata() checking versioned_artifacts/ETHUSDT_binance_15m_long_light/metadata.json INFO
2026-01-01 02:08:02,181 - System.tprint - INFO - ℹ️ 🐛 DEBUG: _load_metadata() checking versioned_artifacts/ETHUSDT_binance_15m_long_light/metadata.json INFO
[2026-01-01 02:08:02.181] 🐛 DEBUG: Metadata file exists, size: 1538 bytes INFO
2026-01-01 02:08:02,181 - System.tprint - INFO - ℹ️ 🐛 DEBUG: Metadata file exists, size: 1538 bytes INFO
[2026-01-01 02:08:02.181] 🐛 DEBUG: Successfully loaded metadata with 3 versions INFO
2026-01-01 02:08:02,181 - System.tprint - INFO - ℹ️ 🐛 DEBUG: Successfully loaded metadata with 3 versions INFO
[2026-01-01 02:08:02.181] 🐛 DEBUG: list_versions() called INFO
2026-01-01 02:08:02,182 - System.tprint - INFO - ℹ️ 🐛 DEBUG: list_versions() called INFO
[2026-01-01 02:08:02.181] 🐛 DEBUG: Metadata file exists: True INFO
2026-01-01 02:08:02,182 - System.tprint - INFO - ℹ️ 🐛 DEBUG: Metadata file exists: True INFO
[2026-01-01 02:08:02.181] 🐛 DEBUG: HDF5 file exists: True INFO
2026-01-01 02:08:02,182 - System.tprint - INFO - ℹ️ 🐛 DEBUG: HDF5 file exists: True INFO
[2026-01-01 02:08:02.181] 🐛 DEBUG: Reloading metadata to get latest versions INFO
2026-01-01 02:08:02,182 - System.tprint - INFO - ℹ️ 🐛 DEBUG: Reloading metadata to get latest versions INFO
[2026-01-01 02:08:02.181] 🐛 DEBUG: _load_metadata() checking versioned_artifacts/ETHUSDT_binance_15m_long_light/metadata.json INFO
2026-01-01 02:08:02,182 - System.tprint - INFO - ℹ️ 🐛 DEBUG: _load_metadata() checking versioned_artifacts/ETHUSDT_binance_15m_long_light/metadata.json INFO
[2026-01-01 02:08:02.182] 🐛 DEBUG: Metadata file exists, size: 1538 bytes INFO
2026-01-01 02:08:02,182 - System.tprint - INFO - ℹ️ 🐛 DEBUG: Metadata file exists, size: 1538 bytes INFO
[2026-01-01 02:08:02.182] 🐛 DEBUG: Successfully loaded metadata with 3 versions INFO
2026-01-01 02:08:02,182 - System.tprint - INFO - ℹ️ 🐛 DEBUG: Successfully loaded metadata with 3 versions INFO
[2026-01-01 02:08:02.182] 🐛 DEBUG: Found 3 versions in metadata: ['selected_features_60_20251109_191448_625', 'selected_features_50_20251109_191448_653', 'selected_features_40_20251109_191448_677'] INFO
2026-01-01 02:08:02,182 - System.tprint - INFO - ℹ️ 🐛 DEBUG: Found 3 versions in metadata: ['selected_features_60_20251109_191448_625', 'selected_features_50_20251109_191448_653', 'selected_features_40_20251109_191448_677'] INFO
[2026-01-01 02:08:02.182] 🐛 DEBUG: Found 3 versions in HDF5: ['selected_features_40_20251109_191448_677', 'selected_features_50_20251109_191448_653', 'selected_features_60_20251109_191448_625'] INFO
2026-01-01 02:08:02,183 - System.tprint - INFO - ℹ️ 🐛 DEBUG: Found 3 versions in HDF5: ['selected_features_40_20251109_191448_677', 'selected_features_50_20251109_191448_653', 'selected_features_60_20251109_191448_625'] INFO
[2026-01-01 02:08:02.184] 🐛 DEBUG: _load_metadata() checking versioned_artifacts/ETHUSDT_binance_15m_long_regime_macro_trend/metadata.json INFO
2026-01-01 02:08:02,184 - System.tprint - INFO - ℹ️ 🐛 DEBUG: _load_metadata() checking versioned_artifacts/ETHUSDT_binance_15m_long_regime_macro_trend/metadata.json INFO
[2026-01-01 02:08:02.184] 🐛 DEBUG: Metadata file exists, size: 5567 bytes INFO
2026-01-01 02:08:02,185 - System.tprint - INFO - ℹ️ 🐛 DEBUG: Metadata file exists, size: 5567 bytes INFO
[2026-01-01 02:08:02.185] 🐛 DEBUG: Successfully loaded metadata with 2 versions INFO
2026-01-01 02:08:02,185 - System.tprint - INFO - ℹ️ 🐛 DEBUG: Successfully loaded metadata with 2 versions INFO
[2026-01-01 02:08:02.185] 🐛 DEBUG: list_versions() called INFO
2026-01-01 02:08:02,185 - System.tprint - INFO - ℹ️ 🐛 DEBUG: list_versions() called INFO
[2026-01-01 02:08:02.185] 🐛 DEBUG: Metadata file exists: True INFO
2026-01-01 02:08:02,186 - System.tprint - INFO - ℹ️ 🐛 DEBUG: Metadata file exists: True INFO
[2026-01-01 02:08:02.185] 🐛 DEBUG: HDF5 file exists: True INFO
2026-01-01 02:08:02,186 - System.tprint - INFO - ℹ️ 🐛 DEBUG: HDF5 file exists: True INFO
[2026-01-01 02:08:02.185] 🐛 DEBUG: Reloading metadata to get latest versions INFO
2026-01-01 02:08:02,186 - System.tprint - INFO - ℹ️ 🐛 DEBUG: Reloading metadata to get latest versions INFO
[2026-01-01 02:08:02.185] 🐛 DEBUG: _load_metadata() checking versioned_artifacts/ETHUSDT_binance_15m_long_regime_macro_trend/metadata.json INFO
2026-01-01 02:08:02,186 - System.tprint - INFO - ℹ️ 🐛 DEBUG: _load_metadata() checking versioned_artifacts/ETHUSDT_binance_15m_long_regime_macro_trend/metadata.json INFO
[2026-01-01 02:08:02.185] 🐛 DEBUG: Metadata file exists, size: 5567 bytes INFO
2026-01-01 02:08:02,186 - System.tprint - INFO - ℹ️ 🐛 DEBUG: Metadata file exists, size: 5567 bytes INFO
[2026-01-01 02:08:02.185] 🐛 DEBUG: Successfully loaded metadata with 2 versions INFO
2026-01-01 02:08:02,186 - System.tprint - INFO - ℹ️ 🐛 DEBUG: Successfully loaded metadata with 2 versions INFO
[2026-01-01 02:08:02.185] 🐛 DEBUG: Found 2 versions in metadata: ['hmm_macro_trend_training_data_15m_20251213_170722_611', 'hmm_macro_trend_regime_stats_15m_20251213_170725_853'] INFO
2026-01-01 02:08:02,186 - System.tprint - INFO - ℹ️ 🐛 DEBUG: Found 2 versions in metadata: ['hmm_macro_trend_training_data_15m_20251213_170722_611', 'hmm_macro_trend_regime_stats_15m_20251213_170725_853'] INFO
[2026-01-01 02:08:02.188] 🐛 DEBUG: Found 2 versions in HDF5: ['hmm_macro_trend_regime_stats_15m_20251213_170725_853', 'hmm_macro_trend_training_data_15m_20251213_170722_611'] INFO
2026-01-01 02:08:02,188 - System.tprint - INFO - ℹ️ 🐛 DEBUG: Found 2 versions in HDF5: ['hmm_macro_trend_regime_stats_15m_20251213_170725_853', 'hmm_macro_trend_training_data_15m_20251213_170722_611'] INFO
[2026-01-01 02:08:02.188] 🐛 DEBUG: _load_metadata() checking versioned_artifacts/ETHUSDT_binance_1h_long_full/metadata.json INFO
2026-01-01 02:08:02,188 - System.tprint - INFO - ℹ️ 🐛 DEBUG: _load_metadata() checking versioned_artifacts/ETHUSDT_binance_1h_long_full/metadata.json INFO
[2026-01-01 02:08:02.188] 🐛 DEBUG: Metadata file exists, size: 139 bytes INFO
2026-01-01 02:08:02,188 - System.tprint - INFO - ℹ️ 🐛 DEBUG: Metadata file exists, size: 139 bytes INFO
[2026-01-01 02:08:02.189] 🐛 DEBUG: Successfully loaded metadata with 0 versions INFO
2026-01-01 02:08:02,189 - System.tprint - INFO - ℹ️ 🐛 DEBUG: Successfully loaded metadata with 0 versions INFO
[2026-01-01 02:08:02.189] 🐛 DEBUG: list_versions() called INFO
2026-01-01 02:08:02,189 - System.tprint - INFO - ℹ️ 🐛 DEBUG: list_versions() called INFO
[2026-01-01 02:08:02.189] 🐛 DEBUG: Metadata file exists: True INFO
2026-01-01 02:08:02,189 - System.tprint - INFO - ℹ️ 🐛 DEBUG: Metadata file exists: True INFO
[2026-01-01 02:08:02.189] 🐛 DEBUG: HDF5 file exists: True INFO
2026-01-01 02:08:02,189 - System.tprint - INFO - ℹ️ 🐛 DEBUG: HDF5 file exists: True INFO
[2026-01-01 02:08:02.189] 🐛 DEBUG: Reloading metadata to get latest versions INFO
2026-01-01 02:08:02,189 - System.tprint - INFO - ℹ️ 🐛 DEBUG: Reloading metadata to get latest versions INFO
[2026-01-01 02:08:02.189] 🐛 DEBUG: _load_metadata() checking versioned_artifacts/ETHUSDT_binance_1h_long_full/metadata.json INFO
2026-01-01 02:08:02,189 - System.tprint - INFO - ℹ️ 🐛 DEBUG: _load_metadata() checking versioned_artifacts/ETHUSDT_binance_1h_long_full/metadata.json INFO
[2026-01-01 02:08:02.189] 🐛 DEBUG: Metadata file exists, size: 139 bytes INFO
2026-01-01 02:08:02,189 - System.tprint - INFO - ℹ️ 🐛 DEBUG: Metadata file exists, size: 139 bytes INFO
[2026-01-01 02:08:02.189] 🐛 DEBUG: Successfully loaded metadata with 0 versions INFO
2026-01-01 02:08:02,189 - System.tprint - INFO - ℹ️ 🐛 DEBUG: Successfully loaded metadata with 0 versions INFO
[2026-01-01 02:08:02.189] 🐛 DEBUG: Found 0 versions in metadata: [] INFO
2026-01-01 02:08:02,189 - System.tprint - INFO - ℹ️ 🐛 DEBUG: Found 0 versions in metadata: [] INFO
[2026-01-01 02:08:02.190] 🐛 DEBUG: Found 0 versions in HDF5: [] INFO
2026-01-01 02:08:02,190 - System.tprint - INFO - ℹ️ 🐛 DEBUG: Found 0 versions in HDF5: [] INFO
[2026-01-01 02:08:02.190] 🐛 DEBUG: _load_metadata() checking versioned_artifacts/ETHUSDT_binance_15m_short_mean_reversion/metadata.json INFO
2026-01-01 02:08:02,191 - System.tprint - INFO - ℹ️ 🐛 DEBUG: _load_metadata() checking versioned_artifacts/ETHUSDT_binance_15m_short_mean_reversion/metadata.json INFO
[2026-01-01 02:08:02.190] 🐛 DEBUG: Metadata file exists, size: 139 bytes INFO
2026-01-01 02:08:02,191 - System.tprint - INFO - ℹ️ 🐛 DEBUG: Metadata file exists, size: 139 bytes INFO
[2026-01-01 02:08:02.191] 🐛 DEBUG: Successfully loaded metadata with 0 versions INFO
2026-01-01 02:08:02,191 - System.tprint - INFO - ℹ️ 🐛 DEBUG: Successfully loaded metadata with 0 versions INFO
[2026-01-01 02:08:02.191] 🐛 DEBUG: list_versions() called INFO
2026-01-01 02:08:02,192 - System.tprint - INFO - ℹ️ 🐛 DEBUG: list_versions() called INFO
[2026-01-01 02:08:02.191] 🐛 DEBUG: Metadata file exists: True INFO
2026-01-01 02:08:02,192 - System.tprint - INFO - ℹ️ 🐛 DEBUG: Metadata file exists: True INFO
[2026-01-01 02:08:02.191] 🐛 DEBUG: HDF5 file exists: True INFO
2026-01-01 02:08:02,192 - System.tprint - INFO - ℹ️ 🐛 DEBUG: HDF5 file exists: True INFO
[2026-01-01 02:08:02.191] 🐛 DEBUG: Reloading metadata to get latest versions INFO
2026-01-01 02:08:02,192 - System.tprint - INFO - ℹ️ 🐛 DEBUG: Reloading metadata to get latest versions INFO
[2026-01-01 02:08:02.191] 🐛 DEBUG: _load_metadata() checking versioned_artifacts/ETHUSDT_binance_15m_short_mean_reversion/metadata.json INFO
2026-01-01 02:08:02,192 - System.tprint - INFO - ℹ️ 🐛 DEBUG: _load_metadata() checking versioned_artifacts/ETHUSDT_binance_15m_short_mean_reversion/metadata.json INFO
[2026-01-01 02:08:02.191] 🐛 DEBUG: Metadata file exists, size: 139 bytes INFO
2026-01-01 02:08:02,192 - System.tprint - INFO - ℹ️ 🐛 DEBUG: Metadata file exists, size: 139 bytes INFO
[2026-01-01 02:08:02.191] 🐛 DEBUG: Successfully loaded metadata with 0 versions INFO
2026-01-01 02:08:02,192 - System.tprint - INFO - ℹ️ 🐛 DEBUG: Successfully loaded metadata with 0 versions INFO
[2026-01-01 02:08:02.191] 🐛 DEBUG: Found 0 versions in metadata: [] INFO
2026-01-01 02:08:02,192 - System.tprint - INFO - ℹ️ 🐛 DEBUG: Found 0 versions in metadata: [] INFO
[2026-01-01 02:08:02.193] 🐛 DEBUG: Found 0 versions in HDF5: [] INFO
2026-01-01 02:08:02,193 - System.tprint - INFO - ℹ️ 🐛 DEBUG: Found 0 versions in HDF5: [] INFO
[2026-01-01 02:08:02.196] 🐛 DEBUG: _load_metadata() checking versioned_artifacts/ETHUSDT_binance_15m_long_path_regime/metadata.json INFO
2026-01-01 02:08:02,197 - System.tprint - INFO - ℹ️ 🐛 DEBUG: _load_metadata() checking versioned_artifacts/ETHUSDT_binance_15m_long_path_regime/metadata.json INFO
[2026-01-01 02:08:02.196] 🐛 DEBUG: Metadata file does not exist, returning default metadata INFO
2026-01-01 02:08:02,197 - System.tprint - INFO - ℹ️ 🐛 DEBUG: Metadata file does not exist, returning default metadata INFO
[2026-01-01 02:08:02.196] 🐛 DEBUG: list_versions() called INFO
2026-01-01 02:08:02,197 - System.tprint - INFO - ℹ️ 🐛 DEBUG: list_versions() called INFO
[2026-01-01 02:08:02.196] 🐛 DEBUG: Metadata file exists: False INFO
2026-01-01 02:08:02,197 - System.tprint - INFO - ℹ️ 🐛 DEBUG: Metadata file exists: False INFO
[2026-01-01 02:08:02.197] 🐛 DEBUG: HDF5 file exists: True INFO
2026-01-01 02:08:02,198 - System.tprint - INFO - ℹ️ 🐛 DEBUG: HDF5 file exists: True INFO
[2026-01-01 02:08:02.197] 🐛 DEBUG: Reloading metadata to get latest versions INFO
2026-01-01 02:08:02,198 - System.tprint - INFO - ℹ️ 🐛 DEBUG: Reloading metadata to get latest versions INFO
[2026-01-01 02:08:02.197] 🐛 DEBUG: _load_metadata() checking versioned_artifacts/ETHUSDT_binance_15m_long_path_regime/metadata.json INFO
2026-01-01 02:08:02,198 - System.tprint - INFO - ℹ️ 🐛 DEBUG: _load_metadata() checking versioned_artifacts/ETHUSDT_binance_15m_long_path_regime/metadata.json INFO
[2026-01-01 02:08:02.197] 🐛 DEBUG: Metadata file does not exist, returning default metadata INFO
2026-01-01 02:08:02,198 - System.tprint - INFO - ℹ️ 🐛 DEBUG: Metadata file does not exist, returning default metadata INFO
[2026-01-01 02:08:02.197] 🐛 DEBUG: Found 0 versions in metadata: [] INFO
2026-01-01 02:08:02,198 - System.tprint - INFO - ℹ️ 🐛 DEBUG: Found 0 versions in metadata: [] INFO
[2026-01-01 02:08:02.198] 🐛 DEBUG: Found 0 versions in HDF5: [] INFO
2026-01-01 02:08:02,199 - System.tprint - INFO - ℹ️ 🐛 DEBUG: Found 0 versions in HDF5: [] INFO
[2026-01-01 02:08:02.200] 🐛 DEBUG: _load_metadata() checking versioned_artifacts/ETHUSDT_binance_1h_long_regime_risk_hmm/metadata.json INFO
2026-01-01 02:08:02,200 - System.tprint - INFO - ℹ️ 🐛 DEBUG: _load_metadata() checking versioned_artifacts/ETHUSDT_binance_1h_long_regime_risk_hmm/metadata.json INFO
[2026-01-01 02:08:02.200] 🐛 DEBUG: Metadata file exists, size: 139 bytes INFO
2026-01-01 02:08:02,200 - System.tprint - INFO - ℹ️ 🐛 DEBUG: Metadata file exists, size: 139 bytes INFO
[2026-01-01 02:08:02.200] 🐛 DEBUG: Successfully loaded metadata with 0 versions INFO
2026-01-01 02:08:02,200 - System.tprint - INFO - ℹ️ 🐛 DEBUG: Successfully loaded metadata with 0 versions INFO
[2026-01-01 02:08:02.200] 🐛 DEBUG: list_versions() called INFO
2026-01-01 02:08:02,200 - System.tprint - INFO - ℹ️ 🐛 DEBUG: list_versions() called INFO
[2026-01-01 02:08:02.200] 🐛 DEBUG: Metadata file exists: True INFO
2026-01-01 02:08:02,200 - System.tprint - INFO - ℹ️ 🐛 DEBUG: Metadata file exists: True INFO
[2026-01-01 02:08:02.200] 🐛 DEBUG: HDF5 file exists: True INFO
2026-01-01 02:08:02,201 - System.tprint - INFO - ℹ️ 🐛 DEBUG: HDF5 file exists: True INFO
[2026-01-01 02:08:02.200] 🐛 DEBUG: Reloading metadata to get latest versions INFO
2026-01-01 02:08:02,201 - System.tprint - INFO - ℹ️ 🐛 DEBUG: Reloading metadata to get latest versions INFO
[2026-01-01 02:08:02.200] 🐛 DEBUG: _load_metadata() checking versioned_artifacts/ETHUSDT_binance_1h_long_regime_risk_hmm/metadata.json INFO
2026-01-01 02:08:02,201 - System.tprint - INFO - ℹ️ 🐛 DEBUG: _load_metadata() checking versioned_artifacts/ETHUSDT_binance_1h_long_regime_risk_hmm/metadata.json INFO
[2026-01-01 02:08:02.201] 🐛 DEBUG: Metadata file exists, size: 139 bytes INFO
2026-01-01 02:08:02,201 - System.tprint - INFO - ℹ️ 🐛 DEBUG: Metadata file exists, size: 139 bytes INFO
[2026-01-01 02:08:02.201] 🐛 DEBUG: Successfully loaded metadata with 0 versions INFO
2026-01-01 02:08:02,201 - System.tprint - INFO - ℹ️ 🐛 DEBUG: Successfully loaded metadata with 0 versions INFO
[2026-01-01 02:08:02.201] 🐛 DEBUG: Found 0 versions in metadata: [] INFO
2026-01-01 02:08:02,201 - System.tprint - INFO - ℹ️ 🐛 DEBUG: Found 0 versions in metadata: [] INFO
[2026-01-01 02:08:02.201] 🐛 DEBUG: Found 0 versions in HDF5: [] INFO
2026-01-01 02:08:02,202 - System.tprint - INFO - ℹ️ 🐛 DEBUG: Found 0 versions in HDF5: [] INFO
[2026-01-01 02:08:02.202] 🐛 DEBUG: _load_metadata() checking versioned_artifacts/ETHUSDT_binance_1h_long_regime_risk/metadata.json INFO
2026-01-01 02:08:02,203 - System.tprint - INFO - ℹ️ 🐛 DEBUG: _load_metadata() checking versioned_artifacts/ETHUSDT_binance_1h_long_regime_risk/metadata.json INFO
[2026-01-01 02:08:02.202] 🐛 DEBUG: Metadata file exists, size: 139 bytes INFO
2026-01-01 02:08:02,203 - System.tprint - INFO - ℹ️ 🐛 DEBUG: Metadata file exists, size: 139 bytes INFO
[2026-01-01 02:08:02.202] 🐛 DEBUG: Successfully loaded metadata with 0 versions INFO
2026-01-01 02:08:02,203 - System.tprint - INFO - ℹ️ 🐛 DEBUG: Successfully loaded metadata with 0 versions INFO
[2026-01-01 02:08:02.203] 🐛 DEBUG: list_versions() called INFO
2026-01-01 02:08:02,204 - System.tprint - INFO - ℹ️ 🐛 DEBUG: list_versions() called INFO
[2026-01-01 02:08:02.203] 🐛 DEBUG: Metadata file exists: True INFO
2026-01-01 02:08:02,204 - System.tprint - INFO - ℹ️ 🐛 DEBUG: Metadata file exists: True INFO
[2026-01-01 02:08:02.203] 🐛 DEBUG: HDF5 file exists: True INFO
2026-01-01 02:08:02,204 - System.tprint - INFO - ℹ️ 🐛 DEBUG: HDF5 file exists: True INFO
[2026-01-01 02:08:02.203] 🐛 DEBUG: Reloading metadata to get latest versions INFO
2026-01-01 02:08:02,204 - System.tprint - INFO - ℹ️ 🐛 DEBUG: Reloading metadata to get latest versions INFO
[2026-01-01 02:08:02.203] 🐛 DEBUG: _load_metadata() checking versioned_artifacts/ETHUSDT_binance_1h_long_regime_risk/metadata.json INFO
2026-01-01 02:08:02,204 - System.tprint - INFO - ℹ️ 🐛 DEBUG: _load_metadata() checking versioned_artifacts/ETHUSDT_binance_1h_long_regime_risk/metadata.json INFO
[2026-01-01 02:08:02.203] 🐛 DEBUG: Metadata file exists, size: 139 bytes INFO
2026-01-01 02:08:02,204 - System.tprint - INFO - ℹ️ 🐛 DEBUG: Metadata file exists, size: 139 bytes INFO
[2026-01-01 02:08:02.203] 🐛 DEBUG: Successfully loaded metadata with 0 versions INFO
2026-01-01 02:08:02,205 - System.tprint - INFO - ℹ️ 🐛 DEBUG: Successfully loaded metadata with 0 versions INFO
[2026-01-01 02:08:02.205] 🐛 DEBUG: Found 0 versions in metadata: [] INFO
2026-01-01 02:08:02,205 - System.tprint - INFO - ℹ️ 🐛 DEBUG: Found 0 versions in metadata: [] INFO
[2026-01-01 02:08:02.205] 🐛 DEBUG: Found 0 versions in HDF5: [] INFO
2026-01-01 02:08:02,205 - System.tprint - INFO - ℹ️ 🐛 DEBUG: Found 0 versions in HDF5: [] INFO
[2026-01-01 02:08:02.208] 🐛 DEBUG: _load_metadata() checking versioned_artifacts/ETHUSDT_binance_15m_long_momentum_persistence/metadata.json INFO
2026-01-01 02:08:02,208 - System.tprint - INFO - ℹ️ 🐛 DEBUG: _load_metadata() checking versioned_artifacts/ETHUSDT_binance_15m_long_momentum_persistence/metadata.json INFO
[2026-01-01 02:08:02.208] 🐛 DEBUG: Metadata file does not exist, returning default metadata INFO
2026-01-01 02:08:02,208 - System.tprint - INFO - ℹ️ 🐛 DEBUG: Metadata file does not exist, returning default metadata INFO
[2026-01-01 02:08:02.208] 🐛 DEBUG: list_versions() called INFO
2026-01-01 02:08:02,208 - System.tprint - INFO - ℹ️ 🐛 DEBUG: list_versions() called INFO
[2026-01-01 02:08:02.208] 🐛 DEBUG: Metadata file exists: False INFO
2026-01-01 02:08:02,208 - System.tprint - INFO - ℹ️ 🐛 DEBUG: Metadata file exists: False INFO
[2026-01-01 02:08:02.208] 🐛 DEBUG: HDF5 file exists: True INFO
2026-01-01 02:08:02,208 - System.tprint - INFO - ℹ️ 🐛 DEBUG: HDF5 file exists: True INFO
[2026-01-01 02:08:02.208] 🐛 DEBUG: Reloading metadata to get latest versions INFO
2026-01-01 02:08:02,208 - System.tprint - INFO - ℹ️ 🐛 DEBUG: Reloading metadata to get latest versions INFO
[2026-01-01 02:08:02.208] 🐛 DEBUG: _load_metadata() checking versioned_artifacts/ETHUSDT_binance_15m_long_momentum_persistence/metadata.json INFO
2026-01-01 02:08:02,208 - System.tprint - INFO - ℹ️ 🐛 DEBUG: _load_metadata() checking versioned_artifacts/ETHUSDT_binance_15m_long_momentum_persistence/metadata.json INFO
[2026-01-01 02:08:02.208] 🐛 DEBUG: Metadata file does not exist, returning default metadata INFO
2026-01-01 02:08:02,208 - System.tprint - INFO - ℹ️ 🐛 DEBUG: Metadata file does not exist, returning default metadata INFO
[2026-01-01 02:08:02.208] 🐛 DEBUG: Found 0 versions in metadata: [] INFO
2026-01-01 02:08:02,209 - System.tprint - INFO - ℹ️ 🐛 DEBUG: Found 0 versions in metadata: [] INFO
[2026-01-01 02:08:02.210] 🐛 DEBUG: Found 0 versions in HDF5: [] INFO
2026-01-01 02:08:02,210 - System.tprint - INFO - ℹ️ 🐛 DEBUG: Found 0 versions in HDF5: [] INFO
[2026-01-01 02:08:02.211] 🐛 DEBUG: _load_metadata() checking versioned_artifacts/ETHUSDT_binance_1h_long_blank/metadata.json INFO
2026-01-01 02:08:02,211 - System.tprint - INFO - ℹ️ 🐛 DEBUG: _load_metadata() checking versioned_artifacts/ETHUSDT_binance_1h_long_blank/metadata.json INFO
[2026-01-01 02:08:02.211] 🐛 DEBUG: Metadata file exists, size: 139 bytes INFO
2026-01-01 02:08:02,212 - System.tprint - INFO - ℹ️ 🐛 DEBUG: Metadata file exists, size: 139 bytes INFO
[2026-01-01 02:08:02.212] 🐛 DEBUG: Successfully loaded metadata with 0 versions INFO
2026-01-01 02:08:02,213 - System.tprint - INFO - ℹ️ 🐛 DEBUG: Successfully loaded metadata with 0 versions INFO
[2026-01-01 02:08:02.212] 🐛 DEBUG: list_versions() called INFO
2026-01-01 02:08:02,213 - System.tprint - INFO - ℹ️ 🐛 DEBUG: list_versions() called INFO
[2026-01-01 02:08:02.212] 🐛 DEBUG: Metadata file exists: True INFO
2026-01-01 02:08:02,213 - System.tprint - INFO - ℹ️ 🐛 DEBUG: Metadata file exists: True INFO
[2026-01-01 02:08:02.214] 🐛 DEBUG: HDF5 file exists: True INFO
2026-01-01 02:08:02,214 - System.tprint - INFO - ℹ️ 🐛 DEBUG: HDF5 file exists: True INFO
[2026-01-01 02:08:02.214] 🐛 DEBUG: Reloading metadata to get latest versions INFO
2026-01-01 02:08:02,214 - System.tprint - INFO - ℹ️ 🐛 DEBUG: Reloading metadata to get latest versions INFO
[2026-01-01 02:08:02.214] 🐛 DEBUG: _load_metadata() checking versioned_artifacts/ETHUSDT_binance_1h_long_blank/metadata.json INFO
2026-01-01 02:08:02,214 - System.tprint - INFO - ℹ️ 🐛 DEBUG: _load_metadata() checking versioned_artifacts/ETHUSDT_binance_1h_long_blank/metadata.json INFO
[2026-01-01 02:08:02.214] 🐛 DEBUG: Metadata file exists, size: 139 bytes INFO
2026-01-01 02:08:02,214 - System.tprint - INFO - ℹ️ 🐛 DEBUG: Metadata file exists, size: 139 bytes INFO
[2026-01-01 02:08:02.214] 🐛 DEBUG: Successfully loaded metadata with 0 versions INFO
2026-01-01 02:08:02,215 - System.tprint - INFO - ℹ️ 🐛 DEBUG: Successfully loaded metadata with 0 versions INFO
[2026-01-01 02:08:02.215] 🐛 DEBUG: Found 0 versions in metadata: [] INFO
2026-01-01 02:08:02,215 - System.tprint - INFO - ℹ️ 🐛 DEBUG: Found 0 versions in metadata: [] INFO
[2026-01-01 02:08:02.215] 🐛 DEBUG: Found 0 versions in HDF5: [] INFO
2026-01-01 02:08:02,216 - System.tprint - INFO - ℹ️ 🐛 DEBUG: Found 0 versions in HDF5: [] INFO
[2026-01-01 02:08:02.217] 🐛 DEBUG: _load_metadata() checking versioned_artifacts/ETHUSDT_binance_15m_long_regime_mr_trend/metadata.json INFO
2026-01-01 02:08:02,217 - System.tprint - INFO - ℹ️ 🐛 DEBUG: _load_metadata() checking versioned_artifacts/ETHUSDT_binance_15m_long_regime_mr_trend/metadata.json INFO
[2026-01-01 02:08:02.217] 🐛 DEBUG: Metadata file exists, size: 139 bytes INFO
2026-01-01 02:08:02,217 - System.tprint - INFO - ℹ️ 🐛 DEBUG: Metadata file exists, size: 139 bytes INFO
[2026-01-01 02:08:02.217] 🐛 DEBUG: Successfully loaded metadata with 0 versions INFO
2026-01-01 02:08:02,217 - System.tprint - INFO - ℹ️ 🐛 DEBUG: Successfully loaded metadata with 0 versions INFO
[2026-01-01 02:08:02.217] 🐛 DEBUG: list_versions() called INFO
2026-01-01 02:08:02,217 - System.tprint - INFO - ℹ️ 🐛 DEBUG: list_versions() called INFO
[2026-01-01 02:08:02.217] 🐛 DEBUG: Metadata file exists: True INFO
2026-01-01 02:08:02,218 - System.tprint - INFO - ℹ️ 🐛 DEBUG: Metadata file exists: True INFO
[2026-01-01 02:08:02.217] 🐛 DEBUG: HDF5 file exists: True INFO
2026-01-01 02:08:02,218 - System.tprint - INFO - ℹ️ 🐛 DEBUG: HDF5 file exists: True INFO
[2026-01-01 02:08:02.217] 🐛 DEBUG: Reloading metadata to get latest versions INFO
2026-01-01 02:08:02,218 - System.tprint - INFO - ℹ️ 🐛 DEBUG: Reloading metadata to get latest versions INFO
[2026-01-01 02:08:02.217] 🐛 DEBUG: _load_metadata() checking versioned_artifacts/ETHUSDT_binance_15m_long_regime_mr_trend/metadata.json INFO
2026-01-01 02:08:02,218 - System.tprint - INFO - ℹ️ 🐛 DEBUG: _load_metadata() checking versioned_artifacts/ETHUSDT_binance_15m_long_regime_mr_trend/metadata.json INFO
[2026-01-01 02:08:02.218] 🐛 DEBUG: Metadata file exists, size: 139 bytes INFO
2026-01-01 02:08:02,218 - System.tprint - INFO - ℹ️ 🐛 DEBUG: Metadata file exists, size: 139 bytes INFO
[2026-01-01 02:08:02.218] 🐛 DEBUG: Successfully loaded metadata with 0 versions INFO
2026-01-01 02:08:02,218 - System.tprint - INFO - ℹ️ 🐛 DEBUG: Successfully loaded metadata with 0 versions INFO
[2026-01-01 02:08:02.218] 🐛 DEBUG: Found 0 versions in metadata: [] INFO
2026-01-01 02:08:02,218 - System.tprint - INFO - ℹ️ 🐛 DEBUG: Found 0 versions in metadata: [] INFO
[2026-01-01 02:08:02.218] 🐛 DEBUG: Found 0 versions in HDF5: [] INFO
2026-01-01 02:08:02,219 - System.tprint - INFO - ℹ️ 🐛 DEBUG: Found 0 versions in HDF5: [] INFO
[2026-01-01 02:08:02.219] 🐛 DEBUG: _load_metadata() checking versioned_artifacts/ETHUSDT_binance_15m_long_regime_risk_hmm/metadata.json INFO
2026-01-01 02:08:02,219 - System.tprint - INFO - ℹ️ 🐛 DEBUG: _load_metadata() checking versioned_artifacts/ETHUSDT_binance_15m_long_regime_risk_hmm/metadata.json INFO
[2026-01-01 02:08:02.219] 🐛 DEBUG: Metadata file exists, size: 1035 bytes INFO
2026-01-01 02:08:02,220 - System.tprint - INFO - ℹ️ 🐛 DEBUG: Metadata file exists, size: 1035 bytes INFO
[2026-01-01 02:08:02.219] 🐛 DEBUG: Successfully loaded metadata with 1 versions INFO
2026-01-01 02:08:02,220 - System.tprint - INFO - ℹ️ 🐛 DEBUG: Successfully loaded metadata with 1 versions INFO
[2026-01-01 02:08:02.219] 🐛 DEBUG: list_versions() called INFO
2026-01-01 02:08:02,220 - System.tprint - INFO - ℹ️ 🐛 DEBUG: list_versions() called INFO
[2026-01-01 02:08:02.219] 🐛 DEBUG: Metadata file exists: True INFO
2026-01-01 02:08:02,220 - System.tprint - INFO - ℹ️ 🐛 DEBUG: Metadata file exists: True INFO
[2026-01-01 02:08:02.219] 🐛 DEBUG: HDF5 file exists: True INFO
2026-01-01 02:08:02,220 - System.tprint - INFO - ℹ️ 🐛 DEBUG: HDF5 file exists: True INFO
[2026-01-01 02:08:02.219] 🐛 DEBUG: Reloading metadata to get latest versions INFO
2026-01-01 02:08:02,220 - System.tprint - INFO - ℹ️ 🐛 DEBUG: Reloading metadata to get latest versions INFO
[2026-01-01 02:08:02.220] 🐛 DEBUG: _load_metadata() checking versioned_artifacts/ETHUSDT_binance_15m_long_regime_risk_hmm/metadata.json INFO
2026-01-01 02:08:02,220 - System.tprint - INFO - ℹ️ 🐛 DEBUG: _load_metadata() checking versioned_artifacts/ETHUSDT_binance_15m_long_regime_risk_hmm/metadata.json INFO
[2026-01-01 02:08:02.220] 🐛 DEBUG: Metadata file exists, size: 1035 bytes INFO
2026-01-01 02:08:02,221 - System.tprint - INFO - ℹ️ 🐛 DEBUG: Metadata file exists, size: 1035 bytes INFO
[2026-01-01 02:08:02.220] 🐛 DEBUG: Successfully loaded metadata with 1 versions INFO
2026-01-01 02:08:02,221 - System.tprint - INFO - ℹ️ 🐛 DEBUG: Successfully loaded metadata with 1 versions INFO
[2026-01-01 02:08:02.220] 🐛 DEBUG: Found 1 versions in metadata: ['ml_risk_hmm_training_data_15m_20251205_191725_560'] INFO
2026-01-01 02:08:02,221 - System.tprint - INFO - ℹ️ 🐛 DEBUG: Found 1 versions in metadata: ['ml_risk_hmm_training_data_15m_20251205_191725_560'] INFO
[2026-01-01 02:08:02.222] 🐛 DEBUG: Found 1 versions in HDF5: ['ml_risk_hmm_training_data_15m_20251205_191725_560'] INFO
2026-01-01 02:08:02,223 - System.tprint - INFO - ℹ️ 🐛 DEBUG: Found 1 versions in HDF5: ['ml_risk_hmm_training_data_15m_20251205_191725_560'] INFO
[2026-01-01 02:08:02.224] 🐛 DEBUG: _load_metadata() checking versioned_artifacts/ETHUSDT_binance_15m_long_analyst/metadata.json INFO
2026-01-01 02:08:02,224 - System.tprint - INFO - ℹ️ 🐛 DEBUG: _load_metadata() checking versioned_artifacts/ETHUSDT_binance_15m_long_analyst/metadata.json INFO
[2026-01-01 02:08:02.224] 🐛 DEBUG: Metadata file exists, size: 24005 bytes INFO
2026-01-01 02:08:02,224 - System.tprint - INFO - ℹ️ 🐛 DEBUG: Metadata file exists, size: 24005 bytes INFO
[2026-01-01 02:08:02.224] 🐛 DEBUG: Successfully loaded metadata with 8 versions INFO
2026-01-01 02:08:02,224 - System.tprint - INFO - ℹ️ 🐛 DEBUG: Successfully loaded metadata with 8 versions INFO
[2026-01-01 02:08:02.224] 🐛 DEBUG: list_versions() called INFO
2026-01-01 02:08:02,225 - System.tprint - INFO - ℹ️ 🐛 DEBUG: list_versions() called INFO
[2026-01-01 02:08:02.224] 🐛 DEBUG: Metadata file exists: True INFO
2026-01-01 02:08:02,225 - System.tprint - INFO - ℹ️ 🐛 DEBUG: Metadata file exists: True INFO
[2026-01-01 02:08:02.225] 🐛 DEBUG: HDF5 file exists: True INFO
2026-01-01 02:08:02,225 - System.tprint - INFO - ℹ️ 🐛 DEBUG: HDF5 file exists: True INFO
[2026-01-01 02:08:02.225] 🐛 DEBUG: Reloading metadata to get latest versions INFO
2026-01-01 02:08:02,225 - System.tprint - INFO - ℹ️ 🐛 DEBUG: Reloading metadata to get latest versions INFO
[2026-01-01 02:08:02.225] 🐛 DEBUG: _load_metadata() checking versioned_artifacts/ETHUSDT_binance_15m_long_analyst/metadata.json INFO
2026-01-01 02:08:02,225 - System.tprint - INFO - ℹ️ 🐛 DEBUG: _load_metadata() checking versioned_artifacts/ETHUSDT_binance_15m_long_analyst/metadata.json INFO
[2026-01-01 02:08:02.225] 🐛 DEBUG: Metadata file exists, size: 24005 bytes INFO
2026-01-01 02:08:02,225 - System.tprint - INFO - ℹ️ 🐛 DEBUG: Metadata file exists, size: 24005 bytes INFO
[2026-01-01 02:08:02.225] 🐛 DEBUG: Successfully loaded metadata with 8 versions INFO
2026-01-01 02:08:02,225 - System.tprint - INFO - ℹ️ 🐛 DEBUG: Successfully loaded metadata with 8 versions INFO
[2026-01-01 02:08:02.226] 🐛 DEBUG: Found 8 versions in metadata: ['weighted_meta_model_training_matrix_ETHUSDT_binance_15m_long_20251214_184321_623', 'labeled_data_ETHUSDT_binance_15m_long_20251214_220950_753', 'labeled_data_ETHUSDT_binance_15m_long_20251214_224631_542', 'labeled_data_ETHUSDT_binance_15m_long_20251214_233640_586', 'labeled_data_ETHUSDT_binance_15m_long_20251214_235041_562', 'labeled_data_ETHUSDT_15m_20251219_235959_715', 'labeled_data_ETHUSDT_15m_20251220_000301_152', 'labeled_data_ETHUSDT_15m_20251220_000738_204'] INFO
2026-01-01 02:08:02,226 - System.tprint - INFO - ℹ️ 🐛 DEBUG: Found 8 versions in metadata: ['weighted_meta_model_training_matrix_ETHUSDT_binance_15m_long_20251214_184321_623', 'labeled_data_ETHUSDT_binance_15m_long_20251214_220950_753', 'labeled_data_ETHUSDT_binance_15m_long_20251214_224631_542', 'labeled_data_ETHUSDT_binance_15m_long_20251214_233640_586', 'labeled_data_ETHUSDT_binance_15m_long_20251214_235041_562', 'labeled_data_ETHUSDT_15m_20251219_235959_715', 'labeled_data_ETHUSDT_15m_20251220_000301_152', 'labeled_data_ETHUSDT_15m_20251220_000738_204'] INFO
[2026-01-01 02:08:02.228] 🐛 DEBUG: Found 8 versions in HDF5: ['labeled_data_ETHUSDT_15m_20251219_235959_715', 'labeled_data_ETHUSDT_15m_20251220_000301_152', 'labeled_data_ETHUSDT_15m_20251220_000738_204', 'labeled_data_ETHUSDT_binance_15m_long_20251214_220950_753', 'labeled_data_ETHUSDT_binance_15m_long_20251214_224631_542', 'labeled_data_ETHUSDT_binance_15m_long_20251214_233640_586', 'labeled_data_ETHUSDT_binance_15m_long_20251214_235041_562', 'weighted_meta_model_training_matrix_ETHUSDT_binance_15m_long_20251214_184321_623'] INFO
2026-01-01 02:08:02,229 - System.tprint - INFO - ℹ️ 🐛 DEBUG: Found 8 versions in HDF5: ['labeled_data_ETHUSDT_15m_20251219_235959_715', 'labeled_data_ETHUSDT_15m_20251220_000301_152', 'labeled_data_ETHUSDT_15m_20251220_000738_204', 'labeled_data_ETHUSDT_binance_15m_long_20251214_220950_753', 'labeled_data_ETHUSDT_binance_15m_long_20251214_224631_542', 'labeled_data_ETHUSDT_binance_15m_long_20251214_233640_586', 'labeled_data_ETHUSDT_binance_15m_long_20251214_235041_562', 'weighted_meta_model_training_matrix_ETHUSDT_binance_15m_long_20251214_184321_623'] INFO
[2026-01-01 02:08:02.230] 🐛 DEBUG: _load_metadata() checking versioned_artifacts/ETHUSDT_binance_1h_long_regime_macro_trend/metadata.json INFO
2026-01-01 02:08:02,230 - System.tprint - INFO - ℹ️ 🐛 DEBUG: _load_metadata() checking versioned_artifacts/ETHUSDT_binance_1h_long_regime_macro_trend/metadata.json INFO
[2026-01-01 02:08:02.230] 🐛 DEBUG: Metadata file exists, size: 17432 bytes INFO
2026-01-01 02:08:02,230 - System.tprint - INFO - ℹ️ 🐛 DEBUG: Metadata file exists, size: 17432 bytes INFO
[2026-01-01 02:08:02.230] 🐛 DEBUG: Successfully loaded metadata with 5 versions INFO
2026-01-01 02:08:02,231 - System.tprint - INFO - ℹ️ 🐛 DEBUG: Successfully loaded metadata with 5 versions INFO
[2026-01-01 02:08:02.230] 🐛 DEBUG: list_versions() called INFO
2026-01-01 02:08:02,231 - System.tprint - INFO - ℹ️ 🐛 DEBUG: list_versions() called INFO
[2026-01-01 02:08:02.231] 🐛 DEBUG: Metadata file exists: True INFO
2026-01-01 02:08:02,231 - System.tprint - INFO - ℹ️ 🐛 DEBUG: Metadata file exists: True INFO
[2026-01-01 02:08:02.231] 🐛 DEBUG: HDF5 file exists: True INFO
2026-01-01 02:08:02,231 - System.tprint - INFO - ℹ️ 🐛 DEBUG: HDF5 file exists: True INFO
[2026-01-01 02:08:02.231] 🐛 DEBUG: Reloading metadata to get latest versions INFO
2026-01-01 02:08:02,232 - System.tprint - INFO - ℹ️ 🐛 DEBUG: Reloading metadata to get latest versions INFO
[2026-01-01 02:08:02.231] 🐛 DEBUG: _load_metadata() checking versioned_artifacts/ETHUSDT_binance_1h_long_regime_macro_trend/metadata.json INFO
2026-01-01 02:08:02,232 - System.tprint - INFO - ℹ️ 🐛 DEBUG: _load_metadata() checking versioned_artifacts/ETHUSDT_binance_1h_long_regime_macro_trend/metadata.json INFO
[2026-01-01 02:08:02.231] 🐛 DEBUG: Metadata file exists, size: 17432 bytes INFO
2026-01-01 02:08:02,232 - System.tprint - INFO - ℹ️ 🐛 DEBUG: Metadata file exists, size: 17432 bytes INFO
[2026-01-01 02:08:02.232] 🐛 DEBUG: Successfully loaded metadata with 5 versions INFO
2026-01-01 02:08:02,232 - System.tprint - INFO - ℹ️ 🐛 DEBUG: Successfully loaded metadata with 5 versions INFO
[2026-01-01 02:08:02.232] 🐛 DEBUG: Found 5 versions in metadata: ['hmm_macro_trend_regime_quality_1h_20251204_224507_427', 'hmm_macro_trend_regime_quality_1h_20251204_225044_960', 'hmm_macro_trend_regime_quality_1h_20251205_183537_791', 'hmm_macro_trend_regime_quality_1h_20251205_191709_242', 'hmm_macro_trend_regime_quality_1h_20251213_170722_488'] INFO
2026-01-01 02:08:02,232 - System.tprint - INFO - ℹ️ 🐛 DEBUG: Found 5 versions in metadata: ['hmm_macro_trend_regime_quality_1h_20251204_224507_427', 'hmm_macro_trend_regime_quality_1h_20251204_225044_960', 'hmm_macro_trend_regime_quality_1h_20251205_183537_791', 'hmm_macro_trend_regime_quality_1h_20251205_191709_242', 'hmm_macro_trend_regime_quality_1h_20251213_170722_488'] INFO
[2026-01-01 02:08:02.234] 🐛 DEBUG: Found 5 versions in HDF5: ['hmm_macro_trend_regime_quality_1h_20251204_224507_427', 'hmm_macro_trend_regime_quality_1h_20251204_225044_960', 'hmm_macro_trend_regime_quality_1h_20251205_183537_791', 'hmm_macro_trend_regime_quality_1h_20251205_191709_242', 'hmm_macro_trend_regime_quality_1h_20251213_170722_488'] INFO
2026-01-01 02:08:02,234 - System.tprint - INFO - ℹ️ 🐛 DEBUG: Found 5 versions in HDF5: ['hmm_macro_trend_regime_quality_1h_20251204_224507_427', 'hmm_macro_trend_regime_quality_1h_20251204_225044_960', 'hmm_macro_trend_regime_quality_1h_20251205_183537_791', 'hmm_macro_trend_regime_quality_1h_20251205_191709_242', 'hmm_macro_trend_regime_quality_1h_20251213_170722_488'] INFO
[2026-01-01 02:08:02.234] 🐛 DEBUG: _load_metadata() checking versioned_artifacts/ETHUSDT_binance_1h_long_regime/metadata.json INFO
2026-01-01 02:08:02,234 - System.tprint - INFO - ℹ️ 🐛 DEBUG: _load_metadata() checking versioned_artifacts/ETHUSDT_binance_1h_long_regime/metadata.json INFO
[2026-01-01 02:08:02.234] 🐛 DEBUG: Metadata file exists, size: 3249 bytes INFO
2026-01-01 02:08:02,235 - System.tprint - INFO - ℹ️ 🐛 DEBUG: Metadata file exists, size: 3249 bytes INFO
[2026-01-01 02:08:02.235] 🐛 DEBUG: Successfully loaded metadata with 5 versions INFO
2026-01-01 02:08:02,235 - System.tprint - INFO - ℹ️ 🐛 DEBUG: Successfully loaded metadata with 5 versions INFO
[2026-01-01 02:08:02.235] 🐛 DEBUG: list_versions() called INFO
2026-01-01 02:08:02,235 - System.tprint - INFO - ℹ️ 🐛 DEBUG: list_versions() called INFO
[2026-01-01 02:08:02.235] 🐛 DEBUG: Metadata file exists: True INFO
2026-01-01 02:08:02,235 - System.tprint - INFO - ℹ️ 🐛 DEBUG: Metadata file exists: True INFO
[2026-01-01 02:08:02.235] 🐛 DEBUG: HDF5 file exists: True INFO
2026-01-01 02:08:02,235 - System.tprint - INFO - ℹ️ 🐛 DEBUG: HDF5 file exists: True INFO
[2026-01-01 02:08:02.235] 🐛 DEBUG: Reloading metadata to get latest versions INFO
2026-01-01 02:08:02,235 - System.tprint - INFO - ℹ️ 🐛 DEBUG: Reloading metadata to get latest versions INFO
[2026-01-01 02:08:02.235] 🐛 DEBUG: _load_metadata() checking versioned_artifacts/ETHUSDT_binance_1h_long_regime/metadata.json INFO
2026-01-01 02:08:02,235 - System.tprint - INFO - ℹ️ 🐛 DEBUG: _load_metadata() checking versioned_artifacts/ETHUSDT_binance_1h_long_regime/metadata.json INFO
[2026-01-01 02:08:02.235] 🐛 DEBUG: Metadata file exists, size: 3249 bytes INFO
2026-01-01 02:08:02,235 - System.tprint - INFO - ℹ️ 🐛 DEBUG: Metadata file exists, size: 3249 bytes INFO
[2026-01-01 02:08:02.235] 🐛 DEBUG: Successfully loaded metadata with 5 versions INFO
2026-01-01 02:08:02,235 - System.tprint - INFO - ℹ️ 🐛 DEBUG: Successfully loaded metadata with 5 versions INFO
[2026-01-01 02:08:02.235] 🐛 DEBUG: Found 5 versions in metadata: ['rolling_hmm_regime_confidence_features_20251122_003448_094', 'rolling_hmm_economic_features_20251122_003448_124', 'rolling_hmm_regime_labels_20251122_003448_165', 'rolling_hmm_regime_probabilities_20251122_003448_178', 'rolling_hmm_transition_matrix_20251122_003448_193'] INFO
2026-01-01 02:08:02,236 - System.tprint - INFO - ℹ️ 🐛 DEBUG: Found 5 versions in metadata: ['rolling_hmm_regime_confidence_features_20251122_003448_094', 'rolling_hmm_economic_features_20251122_003448_124', 'rolling_hmm_regime_labels_20251122_003448_165', 'rolling_hmm_regime_probabilities_20251122_003448_178', 'rolling_hmm_transition_matrix_20251122_003448_193'] INFO
[2026-01-01 02:08:02.237] 🐛 DEBUG: Found 5 versions in HDF5: ['rolling_hmm_economic_features_20251122_003448_124', 'rolling_hmm_regime_confidence_features_20251122_003448_094', 'rolling_hmm_regime_labels_20251122_003448_165', 'rolling_hmm_regime_probabilities_20251122_003448_178', 'rolling_hmm_transition_matrix_20251122_003448_193'] INFO
2026-01-01 02:08:02,237 - System.tprint - INFO - ℹ️ 🐛 DEBUG: Found 5 versions in HDF5: ['rolling_hmm_economic_features_20251122_003448_124', 'rolling_hmm_regime_confidence_features_20251122_003448_094', 'rolling_hmm_regime_labels_20251122_003448_165', 'rolling_hmm_regime_probabilities_20251122_003448_178', 'rolling_hmm_transition_matrix_20251122_003448_193'] INFO
[2026-01-01 02:08:02.237] 🐛 DEBUG: _load_metadata() checking versioned_artifacts/ETHUSDT_binance_15m_long_blank/metadata.json INFO
2026-01-01 02:08:02,238 - System.tprint - INFO - ℹ️ 🐛 DEBUG: _load_metadata() checking versioned_artifacts/ETHUSDT_binance_15m_long_blank/metadata.json INFO
[2026-01-01 02:08:02.237] 🐛 DEBUG: Metadata file exists, size: 139 bytes INFO
2026-01-01 02:08:02,238 - System.tprint - INFO - ℹ️ 🐛 DEBUG: Metadata file exists, size: 139 bytes INFO
[2026-01-01 02:08:02.238] 🐛 DEBUG: Successfully loaded metadata with 0 versions INFO
2026-01-01 02:08:02,238 - System.tprint - INFO - ℹ️ 🐛 DEBUG: Successfully loaded metadata with 0 versions INFO
[2026-01-01 02:08:02.238] 🐛 DEBUG: list_versions() called INFO
2026-01-01 02:08:02,238 - System.tprint - INFO - ℹ️ 🐛 DEBUG: list_versions() called INFO
[2026-01-01 02:08:02.238] 🐛 DEBUG: Metadata file exists: True INFO
2026-01-01 02:08:02,238 - System.tprint - INFO - ℹ️ 🐛 DEBUG: Metadata file exists: True INFO
[2026-01-01 02:08:02.238] 🐛 DEBUG: HDF5 file exists: True INFO
2026-01-01 02:08:02,238 - System.tprint - INFO - ℹ️ 🐛 DEBUG: HDF5 file exists: True INFO
[2026-01-01 02:08:02.238] 🐛 DEBUG: Reloading metadata to get latest versions INFO
2026-01-01 02:08:02,238 - System.tprint - INFO - ℹ️ 🐛 DEBUG: Reloading metadata to get latest versions INFO
[2026-01-01 02:08:02.238] 🐛 DEBUG: _load_metadata() checking versioned_artifacts/ETHUSDT_binance_15m_long_blank/metadata.json INFO
2026-01-01 02:08:02,239 - System.tprint - INFO - ℹ️ 🐛 DEBUG: _load_metadata() checking versioned_artifacts/ETHUSDT_binance_15m_long_blank/metadata.json INFO
[2026-01-01 02:08:02.238] 🐛 DEBUG: Metadata file exists, size: 139 bytes INFO
2026-01-01 02:08:02,239 - System.tprint - INFO - ℹ️ 🐛 DEBUG: Metadata file exists, size: 139 bytes INFO
[2026-01-01 02:08:02.238] 🐛 DEBUG: Successfully loaded metadata with 0 versions INFO
2026-01-01 02:08:02,239 - System.tprint - INFO - ℹ️ 🐛 DEBUG: Successfully loaded metadata with 0 versions INFO
[2026-01-01 02:08:02.238] 🐛 DEBUG: Found 0 versions in metadata: [] INFO
2026-01-01 02:08:02,239 - System.tprint - INFO - ℹ️ 🐛 DEBUG: Found 0 versions in metadata: [] INFO
[2026-01-01 02:08:02.239] 🐛 DEBUG: Found 0 versions in HDF5: [] INFO
2026-01-01 02:08:02,239 - System.tprint - INFO - ℹ️ 🐛 DEBUG: Found 0 versions in HDF5: [] INFO
[2026-01-01 02:08:02.241] 🐛 DEBUG: _load_metadata() checking versioned_artifacts/ETHUSDT_binance_15m_long_regime_alpha/metadata.json INFO
2026-01-01 02:08:02,241 - System.tprint - INFO - ℹ️ 🐛 DEBUG: _load_metadata() checking versioned_artifacts/ETHUSDT_binance_15m_long_regime_alpha/metadata.json INFO
[2026-01-01 02:08:02.241] 🐛 DEBUG: Metadata file exists, size: 139 bytes INFO
2026-01-01 02:08:02,241 - System.tprint - INFO - ℹ️ 🐛 DEBUG: Metadata file exists, size: 139 bytes INFO
[2026-01-01 02:08:02.241] 🐛 DEBUG: Successfully loaded metadata with 0 versions INFO
2026-01-01 02:08:02,241 - System.tprint - INFO - ℹ️ 🐛 DEBUG: Successfully loaded metadata with 0 versions INFO
[2026-01-01 02:08:02.241] 🐛 DEBUG: list_versions() called INFO
2026-01-01 02:08:02,241 - System.tprint - INFO - ℹ️ 🐛 DEBUG: list_versions() called INFO
[2026-01-01 02:08:02.241] 🐛 DEBUG: Metadata file exists: True INFO
2026-01-01 02:08:02,241 - System.tprint - INFO - ℹ️ 🐛 DEBUG: Metadata file exists: True INFO
[2026-01-01 02:08:02.241] 🐛 DEBUG: HDF5 file exists: True INFO
2026-01-01 02:08:02,241 - System.tprint - INFO - ℹ️ 🐛 DEBUG: HDF5 file exists: True INFO
[2026-01-01 02:08:02.241] 🐛 DEBUG: Reloading metadata to get latest versions INFO
2026-01-01 02:08:02,241 - System.tprint - INFO - ℹ️ 🐛 DEBUG: Reloading metadata to get latest versions INFO
[2026-01-01 02:08:02.241] 🐛 DEBUG: _load_metadata() checking versioned_artifacts/ETHUSDT_binance_15m_long_regime_alpha/metadata.json INFO
2026-01-01 02:08:02,242 - System.tprint - INFO - ℹ️ 🐛 DEBUG: _load_metadata() checking versioned_artifacts/ETHUSDT_binance_15m_long_regime_alpha/metadata.json INFO
[2026-01-01 02:08:02.242] 🐛 DEBUG: Metadata file exists, size: 139 bytes INFO
2026-01-01 02:08:02,242 - System.tprint - INFO - ℹ️ 🐛 DEBUG: Metadata file exists, size: 139 bytes INFO
[2026-01-01 02:08:02.242] 🐛 DEBUG: Successfully loaded metadata with 0 versions INFO
2026-01-01 02:08:02,242 - System.tprint - INFO - ℹ️ 🐛 DEBUG: Successfully loaded metadata with 0 versions INFO
[2026-01-01 02:08:02.242] 🐛 DEBUG: Found 0 versions in metadata: [] INFO
2026-01-01 02:08:02,242 - System.tprint - INFO - ℹ️ 🐛 DEBUG: Found 0 versions in metadata: [] INFO
[2026-01-01 02:08:02.243] 🐛 DEBUG: Found 0 versions in HDF5: [] INFO
2026-01-01 02:08:02,243 - System.tprint - INFO - ℹ️ 🐛 DEBUG: Found 0 versions in HDF5: [] INFO
2026-01-01 02:08:02,243 - System.ArtifactManager - WARNING - ⚠️ Artifact not found: klines_data
2026-01-01 02:08:02,243 - System.ArtifactManager - INFO - ℹ️ 📁 Context set: step=meta_labeling_hpo_sample_weighted, symbol=None, exchange=None, timeframe=None, datetime=2026-01-01 02:08:02.016971, information=None, direction=long, model=Analyst
[2026-01-01 02:08:02.243] ⚠️ Artifact 'klines_data' not found in any storage | UNKNOWN/binance [15m] long/analyst
2026-01-01 02:08:02,244 - System.tprint - INFO - ℹ️ ⚠️ Artifact 'klines_data' not found in any storage | UNKNOWN/binance [15m] long/analyst
2026-01-01 02:08:02,244 - System.ArtifactManager - INFO - ℹ️ 📁 Context set: step=data_collection, symbol=ETHUSDT, exchange=binance, timeframe=15m, datetime=2026-01-01 01:08:02.244170, information=None, direction=long, model=Analyst
[2026-01-01 02:08:02.244] 📂 Retrieving artifact 'market_data' (type: data) | UNKNOWN/binance [15m] long/analyst
2026-01-01 02:08:02,244 - System.tprint - INFO - ℹ️ 📂 Retrieving artifact 'market_data' (type: data) | UNKNOWN/binance [15m] long/analyst
[2026-01-01 02:08:02.244] 🐛 DEBUG: _get_versioned_store() with store_key: UNKNOWN_binance_15m_long_analyst INFO
2026-01-01 02:08:02,244 - System.tprint - INFO - ℹ️ 🐛 DEBUG: _get_versioned_store() with store_key: UNKNOWN_binance_15m_long_analyst INFO
[2026-01-01 02:08:02.244] 🐛 DEBUG: Using existing cached store for UNKNOWN_binance_15m_long_analyst INFO
2026-01-01 02:08:02,245 - System.tprint - INFO - ℹ️ 🐛 DEBUG: Using existing cached store for UNKNOWN_binance_15m_long_analyst INFO
[2026-01-01 02:08:02.245] 🐛 DEBUG: get_statistics() called INFO
2026-01-01 02:08:02,245 - System.tprint - INFO - ℹ️ 🐛 DEBUG: get_statistics() called INFO
[2026-01-01 02:08:02.245] 🐛 DEBUG: Reloading metadata for statistics INFO
2026-01-01 02:08:02,245 - System.tprint - INFO - ℹ️ 🐛 DEBUG: Reloading metadata for statistics INFO
[2026-01-01 02:08:02.245] 🐛 DEBUG: _load_metadata() checking versioned_artifacts/UNKNOWN_binance_15m_long_analyst/metadata.json INFO
2026-01-01 02:08:02,246 - System.tprint - INFO - ℹ️ 🐛 DEBUG: _load_metadata() checking versioned_artifacts/UNKNOWN_binance_15m_long_analyst/metadata.json INFO
[2026-01-01 02:08:02.246] 🐛 DEBUG: Metadata file exists, size: 15351 bytes INFO
2026-01-01 02:08:02,246 - System.tprint - INFO - ℹ️ 🐛 DEBUG: Metadata file exists, size: 15351 bytes INFO
[2026-01-01 02:08:02.246] 🐛 DEBUG: Successfully loaded metadata with 5 versions INFO
2026-01-01 02:08:02,247 - System.tprint - INFO - ℹ️ 🐛 DEBUG: Successfully loaded metadata with 5 versions INFO
[2026-01-01 02:08:02.247] 🐛 DEBUG: Statistics - num_versions: 5 INFO
2026-01-01 02:08:02,247 - System.tprint - INFO - ℹ️ 🐛 DEBUG: Statistics - num_versions: 5 INFO
[2026-01-01 02:08:02.247] 🐛 DEBUG: Statistics - current_version: final_validation_metrics_20251116_161159_946 INFO
2026-01-01 02:08:02,247 - System.tprint - INFO - ℹ️ 🐛 DEBUG: Statistics - current_version: final_validation_metrics_20251116_161159_946 INFO
[2026-01-01 02:08:02.247] 🐛 DEBUG: Statistics - h5_file_size_mb: 280.5141086578369 INFO
2026-01-01 02:08:02,247 - System.tprint - INFO - ℹ️ 🐛 DEBUG: Statistics - h5_file_size_mb: 280.5141086578369 INFO
[2026-01-01 02:08:02.249] 🐛 DEBUG: Existing store statistics: {'store_path': 'versioned_artifacts/UNKNOWN_binance_15m_long_analyst', 'num_versions': 5, 'current_version': 'final_validation_metrics_20251116_161159_946', 'created_at': '2025-11-07T18:22:44.911801', 'h5_file_size_mb': 280.5141086578369, 'chunking': {'chunk_rows': 'auto', 'chunk_cols': 'auto'}, 'changelog': {'total_changes': 305, 'changes_by_type': {'add_data': 305}, 'top_versions': {'analyst_interaction_features_20251108_161950_019': 1, 'analyst_interaction_features_20251108_164300_578': 1, 'analyst_interaction_features_20251108_171945_952': 1, 'analyst_interaction_features_20251108_175314_530': 1, 'analyst_interaction_features_20251108_180922_905': 1, 'analyst_interaction_features_20251108_184752_938': 1, 'analyst_interaction_features_20251108_191026_801': 1, 'analyst_interaction_features_20251111_185727_726': 1, 'final_dataset_40_20251108_172617_791': 1, 'final_dataset_40_20251108_172829_013': 1}, 'time_range': {'earliest': '2025-11-07T18:27:00.789522', 'latest': '2025-11-24T21:16:51.681722'}}, 'row_versioning': {'total_rows_tracked': 0, 'total_versions': 0, 'average_versions_per_row': 0, 'most_versioned_rows': []}} INFO
2026-01-01 02:08:02,249 - System.tprint - INFO - ℹ️ 🐛 DEBUG: Existing store statistics: {'store_path': 'versioned_artifacts/UNKNOWN_binance_15m_long_analyst', 'num_versions': 5, 'current_version': 'final_validation_metrics_20251116_161159_946', 'created_at': '2025-11-07T18:22:44.911801', 'h5_file_size_mb': 280.5141086578369, 'chunking': {'chunk_rows': 'auto', 'chunk_cols': 'auto'}, 'changelog': {'total_changes': 305, 'changes_by_type': {'add_data': 305}, 'top_versions': {'analyst_interaction_features_20251108_161950_019': 1, 'analyst_interaction_features_20251108_164300_578': 1, 'analyst_interaction_features_20251108_171945_952': 1, 'analyst_interaction_features_20251108_175314_530': 1, 'analyst_interaction_features_20251108_180922_905': 1, 'analyst_interaction_features_20251108_184752_938': 1, 'analyst_interaction_features_20251108_191026_801': 1, 'analyst_interaction_features_20251111_185727_726': 1, 'final_dataset_40_20251108_172617_791': 1, 'final_dataset_40_20251108_172829_013': 1}, 'time_range': {'earliest': '2025-11-07T18:27:00.789522', 'latest': '2025-11-24T21:16:51.681722'}}, 'row_versioning': {'total_rows_tracked': 0, 'total_versions': 0, 'average_versions_per_row': 0, 'most_versioned_rows': []}} INFO
[2026-01-01 02:08:02.249] 🐛 DEBUG: list_versions() called INFO
2026-01-01 02:08:02,249 - System.tprint - INFO - ℹ️ 🐛 DEBUG: list_versions() called INFO
[2026-01-01 02:08:02.249] 🐛 DEBUG: Metadata file exists: True INFO
2026-01-01 02:08:02,249 - System.tprint - INFO - ℹ️ 🐛 DEBUG: Metadata file exists: True INFO
[2026-01-01 02:08:02.249] 🐛 DEBUG: HDF5 file exists: True INFO
2026-01-01 02:08:02,249 - System.tprint - INFO - ℹ️ 🐛 DEBUG: HDF5 file exists: True INFO
[2026-01-01 02:08:02.250] 🐛 DEBUG: Reloading metadata to get latest versions INFO
2026-01-01 02:08:02,250 - System.tprint - INFO - ℹ️ 🐛 DEBUG: Reloading metadata to get latest versions INFO
[2026-01-01 02:08:02.250] 🐛 DEBUG: _load_metadata() checking versioned_artifacts/UNKNOWN_binance_15m_long_analyst/metadata.json INFO
2026-01-01 02:08:02,250 - System.tprint - INFO - ℹ️ 🐛 DEBUG: _load_metadata() checking versioned_artifacts/UNKNOWN_binance_15m_long_analyst/metadata.json INFO
[2026-01-01 02:08:02.250] 🐛 DEBUG: Metadata file exists, size: 15351 bytes INFO
2026-01-01 02:08:02,250 - System.tprint - INFO - ℹ️ 🐛 DEBUG: Metadata file exists, size: 15351 bytes INFO
[2026-01-01 02:08:02.251] 🐛 DEBUG: Successfully loaded metadata with 5 versions INFO
2026-01-01 02:08:02,251 - System.tprint - INFO - ℹ️ 🐛 DEBUG: Successfully loaded metadata with 5 versions INFO
[2026-01-01 02:08:02.251] 🐛 DEBUG: Found 5 versions in metadata: ['final_dataset_60_20251116_161159_683', 'final_dataset_50_20251116_161159_720', 'final_dataset_40_20251116_161159_752', 'labeled_dataframe_20251116_161159_781', 'final_validation_metrics_20251116_161159_946'] INFO
2026-01-01 02:08:02,251 - System.tprint - INFO - ℹ️ 🐛 DEBUG: Found 5 versions in metadata: ['final_dataset_60_20251116_161159_683', 'final_dataset_50_20251116_161159_720', 'final_dataset_40_20251116_161159_752', 'labeled_dataframe_20251116_161159_781', 'final_validation_metrics_20251116_161159_946'] INFO
[2026-01-01 02:08:02.251] 🐛 DEBUG: Found 5 versions in HDF5: ['final_dataset_40_20251116_161159_752', 'final_dataset_50_20251116_161159_720', 'final_dataset_60_20251116_161159_683', 'final_validation_metrics_20251116_161159_946', 'labeled_dataframe_20251116_161159_781'] INFO
2026-01-01 02:08:02,252 - System.tprint - INFO - ℹ️ 🐛 DEBUG: Found 5 versions in HDF5: ['final_dataset_40_20251116_161159_752', 'final_dataset_50_20251116_161159_720', 'final_dataset_60_20251116_161159_683', 'final_validation_metrics_20251116_161159_946', 'labeled_dataframe_20251116_161159_781'] INFO
[2026-01-01 02:08:02.252] WARNING:   │  No matching versions in primary store
2026-01-01 02:08:02,252 - System.tprint - WARNING - ⚠️ │  No matching versions in primary store
[2026-01-01 02:08:02.252] 🐛 DEBUG: list_versions() called INFO
2026-01-01 02:08:02,252 - System.tprint - INFO - ℹ️ 🐛 DEBUG: list_versions() called INFO
[2026-01-01 02:08:02.252] 🐛 DEBUG: Metadata file exists: True INFO
2026-01-01 02:08:02,252 - System.tprint - INFO - ℹ️ 🐛 DEBUG: Metadata file exists: True INFO
[2026-01-01 02:08:02.252] 🐛 DEBUG: HDF5 file exists: True INFO
2026-01-01 02:08:02,253 - System.tprint - INFO - ℹ️ 🐛 DEBUG: HDF5 file exists: True INFO
[2026-01-01 02:08:02.252] 🐛 DEBUG: Reloading metadata to get latest versions INFO
2026-01-01 02:08:02,253 - System.tprint - INFO - ℹ️ 🐛 DEBUG: Reloading metadata to get latest versions INFO
[2026-01-01 02:08:02.253] 🐛 DEBUG: _load_metadata() checking versioned_artifacts/UNKNOWN_binance_15m_long_analyst/metadata.json INFO
2026-01-01 02:08:02,253 - System.tprint - INFO - ℹ️ 🐛 DEBUG: _load_metadata() checking versioned_artifacts/UNKNOWN_binance_15m_long_analyst/metadata.json INFO
[2026-01-01 02:08:02.253] 🐛 DEBUG: Metadata file exists, size: 15351 bytes INFO
2026-01-01 02:08:02,253 - System.tprint - INFO - ℹ️ 🐛 DEBUG: Metadata file exists, size: 15351 bytes INFO
[2026-01-01 02:08:02.253] 🐛 DEBUG: Successfully loaded metadata with 5 versions INFO
2026-01-01 02:08:02,254 - System.tprint - INFO - ℹ️ 🐛 DEBUG: Successfully loaded metadata with 5 versions INFO
[2026-01-01 02:08:02.254] 🐛 DEBUG: Found 5 versions in metadata: ['final_dataset_60_20251116_161159_683', 'final_dataset_50_20251116_161159_720', 'final_dataset_40_20251116_161159_752', 'labeled_dataframe_20251116_161159_781', 'final_validation_metrics_20251116_161159_946'] INFO
2026-01-01 02:08:02,254 - System.tprint - INFO - ℹ️ 🐛 DEBUG: Found 5 versions in metadata: ['final_dataset_60_20251116_161159_683', 'final_dataset_50_20251116_161159_720', 'final_dataset_40_20251116_161159_752', 'labeled_dataframe_20251116_161159_781', 'final_validation_metrics_20251116_161159_946'] INFO
[2026-01-01 02:08:02.255] 🐛 DEBUG: Found 5 versions in HDF5: ['final_dataset_40_20251116_161159_752', 'final_dataset_50_20251116_161159_720', 'final_dataset_60_20251116_161159_683', 'final_validation_metrics_20251116_161159_946', 'labeled_dataframe_20251116_161159_781'] INFO
2026-01-01 02:08:02,255 - System.tprint - INFO - ℹ️ 🐛 DEBUG: Found 5 versions in HDF5: ['final_dataset_40_20251116_161159_752', 'final_dataset_50_20251116_161159_720', 'final_dataset_60_20251116_161159_683', 'final_validation_metrics_20251116_161159_946', 'labeled_dataframe_20251116_161159_781'] INFO
[2026-01-01 02:08:02.255] WARNING:   │  ⚠️  Not found in any versioned store
2026-01-01 02:08:02,256 - System.tprint - WARNING - ⚠️ │  ⚠️  Not found in any versioned store
[2026-01-01 02:08:02.255] WARNING:   └─ Trying next storage method
2026-01-01 02:08:02,256 - System.tprint - WARNING - ⚠️ └─ Trying next storage method
[2026-01-01 02:08:02.256] ERROR: ┌──────────────────────────────────────────────────────────────────────────────┐
2026-01-01 02:08:02,256 - System.tprint - ERROR - ❌ ┌──────────────────────────────────────────────────────────────────────────────┐
[2026-01-01 02:08:02.256] ERROR: │  ❌ ARTIFACT ROUTER: LOAD FAILED - NOT FOUND                                │
2026-01-01 02:08:02,257 - System.tprint - ERROR - ❌ │  ❌ ARTIFACT ROUTER: LOAD FAILED - NOT FOUND                                │
[2026-01-01 02:08:02.256] ERROR: │  Artifact 'market_data' not found in any storage                        │ 
2026-01-01 02:08:02,257 - System.tprint - ERROR - ❌ │  Artifact 'market_data' not found in any storage                        │ 
[2026-01-01 02:08:02.256] ERROR: └──────────────────────────────────────────────────────────────────────────────┘
2026-01-01 02:08:02,257 - System.tprint - ERROR - ❌ └──────────────────────────────────────────────────────────────────────────────┘
2026-01-01 02:08:02,257 - ares.step.meta_labeling_hpo_sample_weighted - WARNING - ⚠️ Artifact 'market_data' not found via router, trying traditional manager
[2026-01-01 02:08:02.257] ⚠️ Trying fallback to traditional artifact manager | UNKNOWN/binance [15m] long/analyst
2026-01-01 02:08:02,258 - System.tprint - INFO - ℹ️ ⚠️ Trying fallback to traditional artifact manager | UNKNOWN/binance [15m] long/analyst
2026-01-01 02:08:02,258 - System.ArtifactManager - INFO - ℹ️ 📁 Context set: step=meta_labeling_hpo_sample_weighted, symbol=None, exchange=None, timeframe=15m, datetime=2026-01-01 02:08:02.016971, information=None, direction=long, model=Analyst
[2026-01-01 02:08:02.259] 🐛 DEBUG: _load_metadata() checking versioned_artifacts/UNKNOWN_binance_1h_long_analyst/metadata.json INFO
2026-01-01 02:08:02,259 - System.tprint - INFO - ℹ️ 🐛 DEBUG: _load_metadata() checking versioned_artifacts/UNKNOWN_binance_1h_long_analyst/metadata.json INFO
[2026-01-01 02:08:02.259] 🐛 DEBUG: Metadata file exists, size: 200 bytes INFO
2026-01-01 02:08:02,260 - System.tprint - INFO - ℹ️ 🐛 DEBUG: Metadata file exists, size: 200 bytes INFO
[2026-01-01 02:08:02.259] 🐛 DEBUG: Successfully loaded metadata with 0 versions INFO
2026-01-01 02:08:02,260 - System.tprint - INFO - ℹ️ 🐛 DEBUG: Successfully loaded metadata with 0 versions INFO
[2026-01-01 02:08:02.259] 🐛 DEBUG: list_versions() called INFO
2026-01-01 02:08:02,260 - System.tprint - INFO - ℹ️ 🐛 DEBUG: list_versions() called INFO
[2026-01-01 02:08:02.260] 🐛 DEBUG: Metadata file exists: True INFO
2026-01-01 02:08:02,261 - System.tprint - INFO - ℹ️ 🐛 DEBUG: Metadata file exists: True INFO
[2026-01-01 02:08:02.260] 🐛 DEBUG: HDF5 file exists: True INFO
2026-01-01 02:08:02,261 - System.tprint - INFO - ℹ️ 🐛 DEBUG: HDF5 file exists: True INFO
[2026-01-01 02:08:02.260] 🐛 DEBUG: Reloading metadata to get latest versions INFO
2026-01-01 02:08:02,261 - System.tprint - INFO - ℹ️ 🐛 DEBUG: Reloading metadata to get latest versions INFO
[2026-01-01 02:08:02.260] 🐛 DEBUG: _load_metadata() checking versioned_artifacts/UNKNOWN_binance_1h_long_analyst/metadata.json INFO
2026-01-01 02:08:02,261 - System.tprint - INFO - ℹ️ 🐛 DEBUG: _load_metadata() checking versioned_artifacts/UNKNOWN_binance_1h_long_analyst/metadata.json INFO
[2026-01-01 02:08:02.260] 🐛 DEBUG: Metadata file exists, size: 200 bytes INFO
2026-01-01 02:08:02,261 - System.tprint - INFO - ℹ️ 🐛 DEBUG: Metadata file exists, size: 200 bytes INFO
[2026-01-01 02:08:02.260] 🐛 DEBUG: Successfully loaded metadata with 0 versions INFO
2026-01-01 02:08:02,261 - System.tprint - INFO - ℹ️ 🐛 DEBUG: Successfully loaded metadata with 0 versions INFO
[2026-01-01 02:08:02.261] 🐛 DEBUG: Found 0 versions in metadata: [] INFO
2026-01-01 02:08:02,262 - System.tprint - INFO - ℹ️ 🐛 DEBUG: Found 0 versions in metadata: [] INFO
[2026-01-01 02:08:02.261] 🐛 DEBUG: Found 0 versions in HDF5: [] INFO
2026-01-01 02:08:02,262 - System.tprint - INFO - ℹ️ 🐛 DEBUG: Found 0 versions in HDF5: [] INFO
[2026-01-01 02:08:02.261] 🐛 DEBUG: _load_metadata() checking versioned_artifacts/UNKNOWN_binance_15m_long_analyst/metadata.json INFO
2026-01-01 02:08:02,263 - System.tprint - INFO - ℹ️ 🐛 DEBUG: _load_metadata() checking versioned_artifacts/UNKNOWN_binance_15m_long_analyst/metadata.json INFO
[2026-01-01 02:08:02.263] 🐛 DEBUG: Metadata file exists, size: 15351 bytes INFO
2026-01-01 02:08:02,263 - System.tprint - INFO - ℹ️ 🐛 DEBUG: Metadata file exists, size: 15351 bytes INFO
[2026-01-01 02:08:02.263] 🐛 DEBUG: Successfully loaded metadata with 5 versions INFO
2026-01-01 02:08:02,263 - System.tprint - INFO - ℹ️ 🐛 DEBUG: Successfully loaded metadata with 5 versions INFO
[2026-01-01 02:08:02.263] 🐛 DEBUG: list_versions() called INFO
2026-01-01 02:08:02,263 - System.tprint - INFO - ℹ️ 🐛 DEBUG: list_versions() called INFO
[2026-01-01 02:08:02.263] 🐛 DEBUG: Metadata file exists: True INFO
2026-01-01 02:08:02,263 - System.tprint - INFO - ℹ️ 🐛 DEBUG: Metadata file exists: True INFO
[2026-01-01 02:08:02.263] 🐛 DEBUG: HDF5 file exists: True INFO
2026-01-01 02:08:02,263 - System.tprint - INFO - ℹ️ 🐛 DEBUG: HDF5 file exists: True INFO
[2026-01-01 02:08:02.263] 🐛 DEBUG: Reloading metadata to get latest versions INFO
2026-01-01 02:08:02,263 - System.tprint - INFO - ℹ️ 🐛 DEBUG: Reloading metadata to get latest versions INFO
[2026-01-01 02:08:02.263] 🐛 DEBUG: _load_metadata() checking versioned_artifacts/UNKNOWN_binance_15m_long_analyst/metadata.json INFO
2026-01-01 02:08:02,263 - System.tprint - INFO - ℹ️ 🐛 DEBUG: _load_metadata() checking versioned_artifacts/UNKNOWN_binance_15m_long_analyst/metadata.json INFO
[2026-01-01 02:08:02.263] 🐛 DEBUG: Metadata file exists, size: 15351 bytes INFO
2026-01-01 02:08:02,263 - System.tprint - INFO - ℹ️ 🐛 DEBUG: Metadata file exists, size: 15351 bytes INFO
[2026-01-01 02:08:02.263] 🐛 DEBUG: Successfully loaded metadata with 5 versions INFO
2026-01-01 02:08:02,263 - System.tprint - INFO - ℹ️ 🐛 DEBUG: Successfully loaded metadata with 5 versions INFO
[2026-01-01 02:08:02.263] 🐛 DEBUG: Found 5 versions in metadata: ['final_dataset_60_20251116_161159_683', 'final_dataset_50_20251116_161159_720', 'final_dataset_40_20251116_161159_752', 'labeled_dataframe_20251116_161159_781', 'final_validation_metrics_20251116_161159_946'] INFO
2026-01-01 02:08:02,264 - System.tprint - INFO - ℹ️ 🐛 DEBUG: Found 5 versions in metadata: ['final_dataset_60_20251116_161159_683', 'final_dataset_50_20251116_161159_720', 'final_dataset_40_20251116_161159_752', 'labeled_dataframe_20251116_161159_781', 'final_validation_metrics_20251116_161159_946'] INFO
[2026-01-01 02:08:02.264] 🐛 DEBUG: Found 5 versions in HDF5: ['final_dataset_40_20251116_161159_752', 'final_dataset_50_20251116_161159_720', 'final_dataset_60_20251116_161159_683', 'final_validation_metrics_20251116_161159_946', 'labeled_dataframe_20251116_161159_781'] INFO
2026-01-01 02:08:02,264 - System.tprint - INFO - ℹ️ 🐛 DEBUG: Found 5 versions in HDF5: ['final_dataset_40_20251116_161159_752', 'final_dataset_50_20251116_161159_720', 'final_dataset_60_20251116_161159_683', 'final_validation_metrics_20251116_161159_946', 'labeled_dataframe_20251116_161159_781'] INFO
[2026-01-01 02:08:02.264] 🐛 DEBUG: _load_metadata() checking versioned_artifacts/ETHUSDT_binance_15m_long_sr_labeling_xgb/metadata.json INFO
2026-01-01 02:08:02,265 - System.tprint - INFO - ℹ️ 🐛 DEBUG: _load_metadata() checking versioned_artifacts/ETHUSDT_binance_15m_long_sr_labeling_xgb/metadata.json INFO
[2026-01-01 02:08:02.264] 🐛 DEBUG: Metadata file exists, size: 139 bytes INFO
2026-01-01 02:08:02,265 - System.tprint - INFO - ℹ️ 🐛 DEBUG: Metadata file exists, size: 139 bytes INFO
[2026-01-01 02:08:02.264] 🐛 DEBUG: Successfully loaded metadata with 0 versions INFO
2026-01-01 02:08:02,265 - System.tprint - INFO - ℹ️ 🐛 DEBUG: Successfully loaded metadata with 0 versions INFO
[2026-01-01 02:08:02.265] 🐛 DEBUG: list_versions() called INFO
2026-01-01 02:08:02,265 - System.tprint - INFO - ℹ️ 🐛 DEBUG: list_versions() called INFO
[2026-01-01 02:08:02.265] 🐛 DEBUG: Metadata file exists: True INFO
2026-01-01 02:08:02,265 - System.tprint - INFO - ℹ️ 🐛 DEBUG: Metadata file exists: True INFO
[2026-01-01 02:08:02.265] 🐛 DEBUG: HDF5 file exists: True INFO
2026-01-01 02:08:02,266 - System.tprint - INFO - ℹ️ 🐛 DEBUG: HDF5 file exists: True INFO
[2026-01-01 02:08:02.265] 🐛 DEBUG: Reloading metadata to get latest versions INFO
2026-01-01 02:08:02,266 - System.tprint - INFO - ℹ️ 🐛 DEBUG: Reloading metadata to get latest versions INFO
[2026-01-01 02:08:02.266] 🐛 DEBUG: _load_metadata() checking versioned_artifacts/ETHUSDT_binance_15m_long_sr_labeling_xgb/metadata.json INFO
2026-01-01 02:08:02,266 - System.tprint - INFO - ℹ️ 🐛 DEBUG: _load_metadata() checking versioned_artifacts/ETHUSDT_binance_15m_long_sr_labeling_xgb/metadata.json INFO
[2026-01-01 02:08:02.266] 🐛 DEBUG: Metadata file exists, size: 139 bytes INFO
2026-01-01 02:08:02,267 - System.tprint - INFO - ℹ️ 🐛 DEBUG: Metadata file exists, size: 139 bytes INFO
[2026-01-01 02:08:02.266] 🐛 DEBUG: Successfully loaded metadata with 0 versions INFO
2026-01-01 02:08:02,267 - System.tprint - INFO - ℹ️ 🐛 DEBUG: Successfully loaded metadata with 0 versions INFO
[2026-01-01 02:08:02.267] 🐛 DEBUG: Found 0 versions in metadata: [] INFO
2026-01-01 02:08:02,267 - System.tprint - INFO - ℹ️ 🐛 DEBUG: Found 0 versions in metadata: [] INFO
[2026-01-01 02:08:02.267] 🐛 DEBUG: Found 0 versions in HDF5: [] INFO
2026-01-01 02:08:02,268 - System.tprint - INFO - ℹ️ 🐛 DEBUG: Found 0 versions in HDF5: [] INFO
[2026-01-01 02:08:02.269] 🐛 DEBUG: _load_metadata() checking versioned_artifacts/ETHUSDT_binance_1h_long_breakout_bounce/metadata.json INFO
2026-01-01 02:08:02,269 - System.tprint - INFO - ℹ️ 🐛 DEBUG: _load_metadata() checking versioned_artifacts/ETHUSDT_binance_1h_long_breakout_bounce/metadata.json INFO
[2026-01-01 02:08:02.269] 🐛 DEBUG: Metadata file exists, size: 11462 bytes INFO
2026-01-01 02:08:02,269 - System.tprint - INFO - ℹ️ 🐛 DEBUG: Metadata file exists, size: 11462 bytes INFO
[2026-01-01 02:08:02.269] 🐛 DEBUG: Successfully loaded metadata with 5 versions INFO
2026-01-01 02:08:02,270 - System.tprint - INFO - ℹ️ 🐛 DEBUG: Successfully loaded metadata with 5 versions INFO
[2026-01-01 02:08:02.269] 🐛 DEBUG: list_versions() called INFO
2026-01-01 02:08:02,270 - System.tprint - INFO - ℹ️ 🐛 DEBUG: list_versions() called INFO
[2026-01-01 02:08:02.269] 🐛 DEBUG: Metadata file exists: True INFO
2026-01-01 02:08:02,270 - System.tprint - INFO - ℹ️ 🐛 DEBUG: Metadata file exists: True INFO
[2026-01-01 02:08:02.269] 🐛 DEBUG: HDF5 file exists: True INFO
2026-01-01 02:08:02,270 - System.tprint - INFO - ℹ️ 🐛 DEBUG: HDF5 file exists: True INFO
[2026-01-01 02:08:02.269] 🐛 DEBUG: Reloading metadata to get latest versions INFO
2026-01-01 02:08:02,270 - System.tprint - INFO - ℹ️ 🐛 DEBUG: Reloading metadata to get latest versions INFO
[2026-01-01 02:08:02.270] 🐛 DEBUG: _load_metadata() checking versioned_artifacts/ETHUSDT_binance_1h_long_breakout_bounce/metadata.json INFO
2026-01-01 02:08:02,270 - System.tprint - INFO - ℹ️ 🐛 DEBUG: _load_metadata() checking versioned_artifacts/ETHUSDT_binance_1h_long_breakout_bounce/metadata.json INFO
[2026-01-01 02:08:02.270] 🐛 DEBUG: Metadata file exists, size: 11462 bytes INFO
2026-01-01 02:08:02,270 - System.tprint - INFO - ℹ️ 🐛 DEBUG: Metadata file exists, size: 11462 bytes INFO
[2026-01-01 02:08:02.270] 🐛 DEBUG: Successfully loaded metadata with 5 versions INFO
2026-01-01 02:08:02,271 - System.tprint - INFO - ℹ️ 🐛 DEBUG: Successfully loaded metadata with 5 versions INFO
[2026-01-01 02:08:02.270] 🐛 DEBUG: Found 5 versions in metadata: ['ml_breakout_bounce_training_data_1h_20251123_144326_526', 'ml_breakout_bounce_training_data_1h_20251123_153924_083', 'ml_breakout_bounce_training_data_1h_20251123_160312_391', 'ml_breakout_bounce_training_data_1h_20251123_160800_355', 'ml_breakout_bounce_training_data_1h_20251123_162859_853'] INFO
2026-01-01 02:08:02,271 - System.tprint - INFO - ℹ️ 🐛 DEBUG: Found 5 versions in metadata: ['ml_breakout_bounce_training_data_1h_20251123_144326_526', 'ml_breakout_bounce_training_data_1h_20251123_153924_083', 'ml_breakout_bounce_training_data_1h_20251123_160312_391', 'ml_breakout_bounce_training_data_1h_20251123_160800_355', 'ml_breakout_bounce_training_data_1h_20251123_162859_853'] INFO
[2026-01-01 02:08:02.271] 🐛 DEBUG: Found 5 versions in HDF5: ['ml_breakout_bounce_training_data_1h_20251123_144326_526', 'ml_breakout_bounce_training_data_1h_20251123_153924_083', 'ml_breakout_bounce_training_data_1h_20251123_160312_391', 'ml_breakout_bounce_training_data_1h_20251123_160800_355', 'ml_breakout_bounce_training_data_1h_20251123_162859_853'] INFO
2026-01-01 02:08:02,271 - System.tprint - INFO - ℹ️ 🐛 DEBUG: Found 5 versions in HDF5: ['ml_breakout_bounce_training_data_1h_20251123_144326_526', 'ml_breakout_bounce_training_data_1h_20251123_153924_083', 'ml_breakout_bounce_training_data_1h_20251123_160312_391', 'ml_breakout_bounce_training_data_1h_20251123_160800_355', 'ml_breakout_bounce_training_data_1h_20251123_162859_853'] INFO
[2026-01-01 02:08:02.272] 🐛 DEBUG: _load_metadata() checking versioned_artifacts/ETHUSDT_binance_15m_long_liquidity_regime/metadata.json INFO
2026-01-01 02:08:02,273 - System.tprint - INFO - ℹ️ 🐛 DEBUG: _load_metadata() checking versioned_artifacts/ETHUSDT_binance_15m_long_liquidity_regime/metadata.json INFO
[2026-01-01 02:08:02.272] 🐛 DEBUG: Metadata file exists, size: 17282 bytes INFO
2026-01-01 02:08:02,273 - System.tprint - INFO - ℹ️ 🐛 DEBUG: Metadata file exists, size: 17282 bytes INFO
[2026-01-01 02:08:02.274] 🐛 DEBUG: Successfully loaded metadata with 6 versions INFO
2026-01-01 02:08:02,274 - System.tprint - INFO - ℹ️ 🐛 DEBUG: Successfully loaded metadata with 6 versions INFO
[2026-01-01 02:08:02.274] 🐛 DEBUG: list_versions() called INFO
2026-01-01 02:08:02,274 - System.tprint - INFO - ℹ️ 🐛 DEBUG: list_versions() called INFO
[2026-01-01 02:08:02.274] 🐛 DEBUG: Metadata file exists: True INFO
2026-01-01 02:08:02,274 - System.tprint - INFO - ℹ️ 🐛 DEBUG: Metadata file exists: True INFO
[2026-01-01 02:08:02.274] 🐛 DEBUG: HDF5 file exists: True INFO
2026-01-01 02:08:02,275 - System.tprint - INFO - ℹ️ 🐛 DEBUG: HDF5 file exists: True INFO
[2026-01-01 02:08:02.275] 🐛 DEBUG: Reloading metadata to get latest versions INFO
2026-01-01 02:08:02,275 - System.tprint - INFO - ℹ️ 🐛 DEBUG: Reloading metadata to get latest versions INFO
[2026-01-01 02:08:02.275] 🐛 DEBUG: _load_metadata() checking versioned_artifacts/ETHUSDT_binance_15m_long_liquidity_regime/metadata.json INFO
2026-01-01 02:08:02,275 - System.tprint - INFO - ℹ️ 🐛 DEBUG: _load_metadata() checking versioned_artifacts/ETHUSDT_binance_15m_long_liquidity_regime/metadata.json INFO
[2026-01-01 02:08:02.275] 🐛 DEBUG: Metadata file exists, size: 17282 bytes INFO
2026-01-01 02:08:02,276 - System.tprint - INFO - ℹ️ 🐛 DEBUG: Metadata file exists, size: 17282 bytes INFO
[2026-01-01 02:08:02.276] 🐛 DEBUG: Successfully loaded metadata with 6 versions INFO
2026-01-01 02:08:02,276 - System.tprint - INFO - ℹ️ 🐛 DEBUG: Successfully loaded metadata with 6 versions INFO
[2026-01-01 02:08:02.276] 🐛 DEBUG: Found 6 versions in metadata: ['ml_liquidity_regime_probs_15m_20251213_170827_692', 'ml_liquidity_training_data_15m_20251213_221548_209', 'ml_liquidity_regime_probs_15m_20251231_170726_502', 'ml_liquidity_training_data_15m_20251231_170859_400', 'ml_liquidity_regime_probs_15m_20251231_172132_488', 'ml_liquidity_training_data_15m_20251231_172224_742'] INFO
2026-01-01 02:08:02,276 - System.tprint - INFO - ℹ️ 🐛 DEBUG: Found 6 versions in metadata: ['ml_liquidity_regime_probs_15m_20251213_170827_692', 'ml_liquidity_training_data_15m_20251213_221548_209', 'ml_liquidity_regime_probs_15m_20251231_170726_502', 'ml_liquidity_training_data_15m_20251231_170859_400', 'ml_liquidity_regime_probs_15m_20251231_172132_488', 'ml_liquidity_training_data_15m_20251231_172224_742'] INFO
[2026-01-01 02:08:02.278] 🐛 DEBUG: Found 6 versions in HDF5: ['ml_liquidity_regime_probs_15m_20251213_170827_692', 'ml_liquidity_regime_probs_15m_20251231_170726_502', 'ml_liquidity_regime_probs_15m_20251231_172132_488', 'ml_liquidity_training_data_15m_20251213_221548_209', 'ml_liquidity_training_data_15m_20251231_170859_400', 'ml_liquidity_training_data_15m_20251231_172224_742'] INFO
2026-01-01 02:08:02,278 - System.tprint - INFO - ℹ️ 🐛 DEBUG: Found 6 versions in HDF5: ['ml_liquidity_regime_probs_15m_20251213_170827_692', 'ml_liquidity_regime_probs_15m_20251231_170726_502', 'ml_liquidity_regime_probs_15m_20251231_172132_488', 'ml_liquidity_training_data_15m_20251213_221548_209', 'ml_liquidity_training_data_15m_20251231_170859_400', 'ml_liquidity_training_data_15m_20251231_172224_742'] INFO
[2026-01-01 02:08:02.280] 🐛 DEBUG: _load_metadata() checking versioned_artifacts/ETHUSDT_binance_15m_long_regime_risk/metadata.json INFO
2026-01-01 02:08:02,280 - System.tprint - INFO - ℹ️ 🐛 DEBUG: _load_metadata() checking versioned_artifacts/ETHUSDT_binance_15m_long_regime_risk/metadata.json INFO
[2026-01-01 02:08:02.280] 🐛 DEBUG: Metadata file exists, size: 200 bytes INFO
2026-01-01 02:08:02,281 - System.tprint - INFO - ℹ️ 🐛 DEBUG: Metadata file exists, size: 200 bytes INFO
[2026-01-01 02:08:02.280] 🐛 DEBUG: Successfully loaded metadata with 0 versions INFO
2026-01-01 02:08:02,281 - System.tprint - INFO - ℹ️ 🐛 DEBUG: Successfully loaded metadata with 0 versions INFO
[2026-01-01 02:08:02.280] 🐛 DEBUG: list_versions() called INFO
2026-01-01 02:08:02,281 - System.tprint - INFO - ℹ️ 🐛 DEBUG: list_versions() called INFO
[2026-01-01 02:08:02.281] 🐛 DEBUG: Metadata file exists: True INFO
2026-01-01 02:08:02,281 - System.tprint - INFO - ℹ️ 🐛 DEBUG: Metadata file exists: True INFO
[2026-01-01 02:08:02.281] 🐛 DEBUG: HDF5 file exists: True INFO
2026-01-01 02:08:02,281 - System.tprint - INFO - ℹ️ 🐛 DEBUG: HDF5 file exists: True INFO
[2026-01-01 02:08:02.281] 🐛 DEBUG: Reloading metadata to get latest versions INFO
2026-01-01 02:08:02,282 - System.tprint - INFO - ℹ️ 🐛 DEBUG: Reloading metadata to get latest versions INFO
[2026-01-01 02:08:02.281] 🐛 DEBUG: _load_metadata() checking versioned_artifacts/ETHUSDT_binance_15m_long_regime_risk/metadata.json INFO
2026-01-01 02:08:02,282 - System.tprint - INFO - ℹ️ 🐛 DEBUG: _load_metadata() checking versioned_artifacts/ETHUSDT_binance_15m_long_regime_risk/metadata.json INFO
[2026-01-01 02:08:02.281] 🐛 DEBUG: Metadata file exists, size: 200 bytes INFO
2026-01-01 02:08:02,282 - System.tprint - INFO - ℹ️ 🐛 DEBUG: Metadata file exists, size: 200 bytes INFO
[2026-01-01 02:08:02.281] 🐛 DEBUG: Successfully loaded metadata with 0 versions INFO
2026-01-01 02:08:02,282 - System.tprint - INFO - ℹ️ 🐛 DEBUG: Successfully loaded metadata with 0 versions INFO
[2026-01-01 02:08:02.281] 🐛 DEBUG: Found 0 versions in metadata: [] INFO
2026-01-01 02:08:02,282 - System.tprint - INFO - ℹ️ 🐛 DEBUG: Found 0 versions in metadata: [] INFO
[2026-01-01 02:08:02.283] 🐛 DEBUG: Found 0 versions in HDF5: [] INFO
2026-01-01 02:08:02,283 - System.tprint - INFO - ℹ️ 🐛 DEBUG: Found 0 versions in HDF5: [] INFO
[2026-01-01 02:08:02.284] 🐛 DEBUG: _load_metadata() checking versioned_artifacts/ETHUSDT_binance_15m_long_breakout_bounce_regime/metadata.json INFO
2026-01-01 02:08:02,284 - System.tprint - INFO - ℹ️ 🐛 DEBUG: _load_metadata() checking versioned_artifacts/ETHUSDT_binance_15m_long_breakout_bounce_regime/metadata.json INFO
[2026-01-01 02:08:02.284] 🐛 DEBUG: Metadata file does not exist, returning default metadata INFO
2026-01-01 02:08:02,284 - System.tprint - INFO - ℹ️ 🐛 DEBUG: Metadata file does not exist, returning default metadata INFO
[2026-01-01 02:08:02.284] 🐛 DEBUG: list_versions() called INFO
2026-01-01 02:08:02,285 - System.tprint - INFO - ℹ️ 🐛 DEBUG: list_versions() called INFO
[2026-01-01 02:08:02.284] 🐛 DEBUG: Metadata file exists: False INFO
2026-01-01 02:08:02,285 - System.tprint - INFO - ℹ️ 🐛 DEBUG: Metadata file exists: False INFO
[2026-01-01 02:08:02.284] 🐛 DEBUG: HDF5 file exists: True INFO
2026-01-01 02:08:02,285 - System.tprint - INFO - ℹ️ 🐛 DEBUG: HDF5 file exists: True INFO
[2026-01-01 02:08:02.284] 🐛 DEBUG: Reloading metadata to get latest versions INFO
2026-01-01 02:08:02,285 - System.tprint - INFO - ℹ️ 🐛 DEBUG: Reloading metadata to get latest versions INFO
[2026-01-01 02:08:02.284] 🐛 DEBUG: _load_metadata() checking versioned_artifacts/ETHUSDT_binance_15m_long_breakout_bounce_regime/metadata.json INFO
2026-01-01 02:08:02,285 - System.tprint - INFO - ℹ️ 🐛 DEBUG: _load_metadata() checking versioned_artifacts/ETHUSDT_binance_15m_long_breakout_bounce_regime/metadata.json INFO
[2026-01-01 02:08:02.284] 🐛 DEBUG: Metadata file does not exist, returning default metadata INFO
2026-01-01 02:08:02,285 - System.tprint - INFO - ℹ️ 🐛 DEBUG: Metadata file does not exist, returning default metadata INFO
[2026-01-01 02:08:02.285] 🐛 DEBUG: Found 0 versions in metadata: [] INFO
2026-01-01 02:08:02,285 - System.tprint - INFO - ℹ️ 🐛 DEBUG: Found 0 versions in metadata: [] INFO
[2026-01-01 02:08:02.285] 🐛 DEBUG: Found 0 versions in HDF5: [] INFO
2026-01-01 02:08:02,286 - System.tprint - INFO - ℹ️ 🐛 DEBUG: Found 0 versions in HDF5: [] INFO
[2026-01-01 02:08:02.286] 🐛 DEBUG: _load_metadata() checking versioned_artifacts/ETHUSDT_binance_15m_long_volume_force/metadata.json INFO
2026-01-01 02:08:02,286 - System.tprint - INFO - ℹ️ 🐛 DEBUG: _load_metadata() checking versioned_artifacts/ETHUSDT_binance_15m_long_volume_force/metadata.json INFO
[2026-01-01 02:08:02.286] 🐛 DEBUG: Metadata file exists, size: 11876 bytes INFO
2026-01-01 02:08:02,287 - System.tprint - INFO - ℹ️ 🐛 DEBUG: Metadata file exists, size: 11876 bytes INFO
[2026-01-01 02:08:02.286] 🐛 DEBUG: Successfully loaded metadata with 7 versions INFO
2026-01-01 02:08:02,287 - System.tprint - INFO - ℹ️ 🐛 DEBUG: Successfully loaded metadata with 7 versions INFO
[2026-01-01 02:08:02.286] 🐛 DEBUG: list_versions() called INFO
2026-01-01 02:08:02,287 - System.tprint - INFO - ℹ️ 🐛 DEBUG: list_versions() called INFO
[2026-01-01 02:08:02.286] 🐛 DEBUG: Metadata file exists: True INFO
2026-01-01 02:08:02,287 - System.tprint - INFO - ℹ️ 🐛 DEBUG: Metadata file exists: True INFO
[2026-01-01 02:08:02.286] 🐛 DEBUG: HDF5 file exists: True INFO
2026-01-01 02:08:02,287 - System.tprint - INFO - ℹ️ 🐛 DEBUG: HDF5 file exists: True INFO
[2026-01-01 02:08:02.286] 🐛 DEBUG: Reloading metadata to get latest versions INFO
2026-01-01 02:08:02,287 - System.tprint - INFO - ℹ️ 🐛 DEBUG: Reloading metadata to get latest versions INFO
[2026-01-01 02:08:02.287] 🐛 DEBUG: _load_metadata() checking versioned_artifacts/ETHUSDT_binance_15m_long_volume_force/metadata.json INFO
2026-01-01 02:08:02,287 - System.tprint - INFO - ℹ️ 🐛 DEBUG: _load_metadata() checking versioned_artifacts/ETHUSDT_binance_15m_long_volume_force/metadata.json INFO
[2026-01-01 02:08:02.287] 🐛 DEBUG: Metadata file exists, size: 11876 bytes INFO
2026-01-01 02:08:02,288 - System.tprint - INFO - ℹ️ 🐛 DEBUG: Metadata file exists, size: 11876 bytes INFO
[2026-01-01 02:08:02.287] 🐛 DEBUG: Successfully loaded metadata with 7 versions INFO
2026-01-01 02:08:02,288 - System.tprint - INFO - ℹ️ 🐛 DEBUG: Successfully loaded metadata with 7 versions INFO
[2026-01-01 02:08:02.287] 🐛 DEBUG: Found 7 versions in metadata: ['ml_volume_force_features_20251213_163705_361', 'ml_volume_force_features_20251213_170535_123', 'ml_volume_force_predictions_20251213_170543_299', 'ml_volume_force_features_20251231_171818_197', 'ml_volume_force_predictions_20251231_172004_837', 'ml_volume_force_features_20251231_172800_942', 'ml_volume_force_predictions_20251231_172840_135'] INFO
2026-01-01 02:08:02,288 - System.tprint - INFO - ℹ️ 🐛 DEBUG: Found 7 versions in metadata: ['ml_volume_force_features_20251213_163705_361', 'ml_volume_force_features_20251213_170535_123', 'ml_volume_force_predictions_20251213_170543_299', 'ml_volume_force_features_20251231_171818_197', 'ml_volume_force_predictions_20251231_172004_837', 'ml_volume_force_features_20251231_172800_942', 'ml_volume_force_predictions_20251231_172840_135'] INFO
[2026-01-01 02:08:02.288] 🐛 DEBUG: Found 7 versions in HDF5: ['ml_volume_force_features_20251213_163705_361', 'ml_volume_force_features_20251213_170535_123', 'ml_volume_force_features_20251231_171818_197', 'ml_volume_force_features_20251231_172800_942', 'ml_volume_force_predictions_20251213_170543_299', 'ml_volume_force_predictions_20251231_172004_837', 'ml_volume_force_predictions_20251231_172840_135'] INFO
2026-01-01 02:08:02,289 - System.tprint - INFO - ℹ️ 🐛 DEBUG: Found 7 versions in HDF5: ['ml_volume_force_features_20251213_163705_361', 'ml_volume_force_features_20251213_170535_123', 'ml_volume_force_features_20251231_171818_197', 'ml_volume_force_features_20251231_172800_942', 'ml_volume_force_predictions_20251213_170543_299', 'ml_volume_force_predictions_20251231_172004_837', 'ml_volume_force_predictions_20251231_172840_135'] INFO
[2026-01-01 02:08:02.288] 🐛 DEBUG: _load_metadata() checking versioned_artifacts/ETHUSDT_binance_15m_long_smc_regime/metadata.json INFO
2026-01-01 02:08:02,289 - System.tprint - INFO - ℹ️ 🐛 DEBUG: _load_metadata() checking versioned_artifacts/ETHUSDT_binance_15m_long_smc_regime/metadata.json INFO
[2026-01-01 02:08:02.288] 🐛 DEBUG: Metadata file exists, size: 9799 bytes INFO
2026-01-01 02:08:02,289 - System.tprint - INFO - ℹ️ 🐛 DEBUG: Metadata file exists, size: 9799 bytes INFO
[2026-01-01 02:08:02.290] 🐛 DEBUG: Successfully loaded metadata with 6 versions INFO
2026-01-01 02:08:02,290 - System.tprint - INFO - ℹ️ 🐛 DEBUG: Successfully loaded metadata with 6 versions INFO
[2026-01-01 02:08:02.290] 🐛 DEBUG: list_versions() called INFO
2026-01-01 02:08:02,290 - System.tprint - INFO - ℹ️ 🐛 DEBUG: list_versions() called INFO
[2026-01-01 02:08:02.290] 🐛 DEBUG: Metadata file exists: True INFO
2026-01-01 02:08:02,290 - System.tprint - INFO - ℹ️ 🐛 DEBUG: Metadata file exists: True INFO
[2026-01-01 02:08:02.290] 🐛 DEBUG: HDF5 file exists: True INFO
2026-01-01 02:08:02,290 - System.tprint - INFO - ℹ️ 🐛 DEBUG: HDF5 file exists: True INFO
[2026-01-01 02:08:02.290] 🐛 DEBUG: Reloading metadata to get latest versions INFO
2026-01-01 02:08:02,290 - System.tprint - INFO - ℹ️ 🐛 DEBUG: Reloading metadata to get latest versions INFO
[2026-01-01 02:08:02.290] 🐛 DEBUG: _load_metadata() checking versioned_artifacts/ETHUSDT_binance_15m_long_smc_regime/metadata.json INFO
2026-01-01 02:08:02,291 - System.tprint - INFO - ℹ️ 🐛 DEBUG: _load_metadata() checking versioned_artifacts/ETHUSDT_binance_15m_long_smc_regime/metadata.json INFO
[2026-01-01 02:08:02.291] 🐛 DEBUG: Metadata file exists, size: 9799 bytes INFO
2026-01-01 02:08:02,291 - System.tprint - INFO - ℹ️ 🐛 DEBUG: Metadata file exists, size: 9799 bytes INFO
[2026-01-01 02:08:02.291] 🐛 DEBUG: Successfully loaded metadata with 6 versions INFO
2026-01-01 02:08:02,291 - System.tprint - INFO - ℹ️ 🐛 DEBUG: Successfully loaded metadata with 6 versions INFO
[2026-01-01 02:08:02.291] 🐛 DEBUG: Found 6 versions in metadata: ['smc_predictions_with_confidence_20251213_170746_093', 'ml_smc_features_15m_20251213_170746_137', 'smc_predictions_with_confidence_20251231_171806_519', 'ml_smc_features_15m_20251231_171807_077', 'smc_predictions_with_confidence_20251231_172755_504', 'ml_smc_features_15m_20251231_172755_741'] INFO
2026-01-01 02:08:02,291 - System.tprint - INFO - ℹ️ 🐛 DEBUG: Found 6 versions in metadata: ['smc_predictions_with_confidence_20251213_170746_093', 'ml_smc_features_15m_20251213_170746_137', 'smc_predictions_with_confidence_20251231_171806_519', 'ml_smc_features_15m_20251231_171807_077', 'smc_predictions_with_confidence_20251231_172755_504', 'ml_smc_features_15m_20251231_172755_741'] INFO
[2026-01-01 02:08:02.292] 🐛 DEBUG: Found 6 versions in HDF5: ['ml_smc_features_15m_20251213_170746_137', 'ml_smc_features_15m_20251231_171807_077', 'ml_smc_features_15m_20251231_172755_741', 'smc_predictions_with_confidence_20251213_170746_093', 'smc_predictions_with_confidence_20251231_171806_519', 'smc_predictions_with_confidence_20251231_172755_504'] INFO
2026-01-01 02:08:02,292 - System.tprint - INFO - ℹ️ 🐛 DEBUG: Found 6 versions in HDF5: ['ml_smc_features_15m_20251213_170746_137', 'ml_smc_features_15m_20251231_171807_077', 'ml_smc_features_15m_20251231_172755_741', 'smc_predictions_with_confidence_20251213_170746_093', 'smc_predictions_with_confidence_20251231_171806_519', 'smc_predictions_with_confidence_20251231_172755_504'] INFO
[2026-01-01 02:08:02.293] 🐛 DEBUG: _load_metadata() checking versioned_artifacts/ETHUSDT_binance_15m_long_breakout_bounce/metadata.json INFO
2026-01-01 02:08:02,293 - System.tprint - INFO - ℹ️ 🐛 DEBUG: _load_metadata() checking versioned_artifacts/ETHUSDT_binance_15m_long_breakout_bounce/metadata.json INFO
[2026-01-01 02:08:02.293] 🐛 DEBUG: Metadata file exists, size: 200 bytes INFO
2026-01-01 02:08:02,294 - System.tprint - INFO - ℹ️ 🐛 DEBUG: Metadata file exists, size: 200 bytes INFO
[2026-01-01 02:08:02.293] 🐛 DEBUG: Successfully loaded metadata with 0 versions INFO
2026-01-01 02:08:02,294 - System.tprint - INFO - ℹ️ 🐛 DEBUG: Successfully loaded metadata with 0 versions INFO
[2026-01-01 02:08:02.294] 🐛 DEBUG: list_versions() called INFO
2026-01-01 02:08:02,294 - System.tprint - INFO - ℹ️ 🐛 DEBUG: list_versions() called INFO
[2026-01-01 02:08:02.294] 🐛 DEBUG: Metadata file exists: True INFO
2026-01-01 02:08:02,295 - System.tprint - INFO - ℹ️ 🐛 DEBUG: Metadata file exists: True INFO
[2026-01-01 02:08:02.294] 🐛 DEBUG: HDF5 file exists: True INFO
2026-01-01 02:08:02,295 - System.tprint - INFO - ℹ️ 🐛 DEBUG: HDF5 file exists: True INFO
[2026-01-01 02:08:02.294] 🐛 DEBUG: Reloading metadata to get latest versions INFO
2026-01-01 02:08:02,295 - System.tprint - INFO - ℹ️ 🐛 DEBUG: Reloading metadata to get latest versions INFO
[2026-01-01 02:08:02.294] 🐛 DEBUG: _load_metadata() checking versioned_artifacts/ETHUSDT_binance_15m_long_breakout_bounce/metadata.json INFO
2026-01-01 02:08:02,295 - System.tprint - INFO - ℹ️ 🐛 DEBUG: _load_metadata() checking versioned_artifacts/ETHUSDT_binance_15m_long_breakout_bounce/metadata.json INFO
[2026-01-01 02:08:02.294] 🐛 DEBUG: Metadata file exists, size: 200 bytes INFO
2026-01-01 02:08:02,295 - System.tprint - INFO - ℹ️ 🐛 DEBUG: Metadata file exists, size: 200 bytes INFO
[2026-01-01 02:08:02.294] 🐛 DEBUG: Successfully loaded metadata with 0 versions INFO
2026-01-01 02:08:02,295 - System.tprint - INFO - ℹ️ 🐛 DEBUG: Successfully loaded metadata with 0 versions INFO
[2026-01-01 02:08:02.295] 🐛 DEBUG: Found 0 versions in metadata: [] INFO
2026-01-01 02:08:02,295 - System.tprint - INFO - ℹ️ 🐛 DEBUG: Found 0 versions in metadata: [] INFO
[2026-01-01 02:08:02.295] 🐛 DEBUG: Found 0 versions in HDF5: [] INFO
2026-01-01 02:08:02,296 - System.tprint - INFO - ℹ️ 🐛 DEBUG: Found 0 versions in HDF5: [] INFO
[2026-01-01 02:08:02.298] 🐛 DEBUG: _load_metadata() checking versioned_artifacts/ETHUSDT_binance_1h_long_liquidity_regime/metadata.json INFO
2026-01-01 02:08:02,298 - System.tprint - INFO - ℹ️ 🐛 DEBUG: _load_metadata() checking versioned_artifacts/ETHUSDT_binance_1h_long_liquidity_regime/metadata.json INFO
[2026-01-01 02:08:02.298] 🐛 DEBUG: Metadata file exists, size: 200 bytes INFO
2026-01-01 02:08:02,298 - System.tprint - INFO - ℹ️ 🐛 DEBUG: Metadata file exists, size: 200 bytes INFO
[2026-01-01 02:08:02.298] 🐛 DEBUG: Successfully loaded metadata with 0 versions INFO
2026-01-01 02:08:02,298 - System.tprint - INFO - ℹ️ 🐛 DEBUG: Successfully loaded metadata with 0 versions INFO
[2026-01-01 02:08:02.298] 🐛 DEBUG: list_versions() called INFO
2026-01-01 02:08:02,299 - System.tprint - INFO - ℹ️ 🐛 DEBUG: list_versions() called INFO
[2026-01-01 02:08:02.298] 🐛 DEBUG: Metadata file exists: True INFO
2026-01-01 02:08:02,299 - System.tprint - INFO - ℹ️ 🐛 DEBUG: Metadata file exists: True INFO
[2026-01-01 02:08:02.298] 🐛 DEBUG: HDF5 file exists: True INFO
2026-01-01 02:08:02,299 - System.tprint - INFO - ℹ️ 🐛 DEBUG: HDF5 file exists: True INFO
[2026-01-01 02:08:02.298] 🐛 DEBUG: Reloading metadata to get latest versions INFO
2026-01-01 02:08:02,299 - System.tprint - INFO - ℹ️ 🐛 DEBUG: Reloading metadata to get latest versions INFO
[2026-01-01 02:08:02.299] 🐛 DEBUG: _load_metadata() checking versioned_artifacts/ETHUSDT_binance_1h_long_liquidity_regime/metadata.json INFO
2026-01-01 02:08:02,299 - System.tprint - INFO - ℹ️ 🐛 DEBUG: _load_metadata() checking versioned_artifacts/ETHUSDT_binance_1h_long_liquidity_regime/metadata.json INFO
[2026-01-01 02:08:02.299] 🐛 DEBUG: Metadata file exists, size: 200 bytes INFO
2026-01-01 02:08:02,299 - System.tprint - INFO - ℹ️ 🐛 DEBUG: Metadata file exists, size: 200 bytes INFO
[2026-01-01 02:08:02.299] 🐛 DEBUG: Successfully loaded metadata with 0 versions INFO
2026-01-01 02:08:02,300 - System.tprint - INFO - ℹ️ 🐛 DEBUG: Successfully loaded metadata with 0 versions INFO
[2026-01-01 02:08:02.300] 🐛 DEBUG: Found 0 versions in metadata: [] INFO
2026-01-01 02:08:02,300 - System.tprint - INFO - ℹ️ 🐛 DEBUG: Found 0 versions in metadata: [] INFO
[2026-01-01 02:08:02.300] 🐛 DEBUG: Found 0 versions in HDF5: [] INFO
2026-01-01 02:08:02,301 - System.tprint - INFO - ℹ️ 🐛 DEBUG: Found 0 versions in HDF5: [] INFO
[2026-01-01 02:08:02.304] 🐛 DEBUG: _load_metadata() checking versioned_artifacts/ETHUSDT_binance_15m_long_volatility_burst/metadata.json INFO
2026-01-01 02:08:02,305 - System.tprint - INFO - ℹ️ 🐛 DEBUG: _load_metadata() checking versioned_artifacts/ETHUSDT_binance_15m_long_volatility_burst/metadata.json INFO
[2026-01-01 02:08:02.304] 🐛 DEBUG: Metadata file does not exist, returning default metadata INFO
2026-01-01 02:08:02,305 - System.tprint - INFO - ℹ️ 🐛 DEBUG: Metadata file does not exist, returning default metadata INFO
[2026-01-01 02:08:02.304] 🐛 DEBUG: list_versions() called INFO
2026-01-01 02:08:02,305 - System.tprint - INFO - ℹ️ 🐛 DEBUG: list_versions() called INFO
[2026-01-01 02:08:02.305] 🐛 DEBUG: Metadata file exists: False INFO
2026-01-01 02:08:02,305 - System.tprint - INFO - ℹ️ 🐛 DEBUG: Metadata file exists: False INFO
[2026-01-01 02:08:02.305] 🐛 DEBUG: HDF5 file exists: True INFO
2026-01-01 02:08:02,305 - System.tprint - INFO - ℹ️ 🐛 DEBUG: HDF5 file exists: True INFO
[2026-01-01 02:08:02.305] 🐛 DEBUG: Reloading metadata to get latest versions INFO
2026-01-01 02:08:02,305 - System.tprint - INFO - ℹ️ 🐛 DEBUG: Reloading metadata to get latest versions INFO
[2026-01-01 02:08:02.305] 🐛 DEBUG: _load_metadata() checking versioned_artifacts/ETHUSDT_binance_15m_long_volatility_burst/metadata.json INFO
2026-01-01 02:08:02,306 - System.tprint - INFO - ℹ️ 🐛 DEBUG: _load_metadata() checking versioned_artifacts/ETHUSDT_binance_15m_long_volatility_burst/metadata.json INFO
[2026-01-01 02:08:02.305] 🐛 DEBUG: Metadata file does not exist, returning default metadata INFO
2026-01-01 02:08:02,306 - System.tprint - INFO - ℹ️ 🐛 DEBUG: Metadata file does not exist, returning default metadata INFO
[2026-01-01 02:08:02.305] 🐛 DEBUG: Found 0 versions in metadata: [] INFO
2026-01-01 02:08:02,306 - System.tprint - INFO - ℹ️ 🐛 DEBUG: Found 0 versions in metadata: [] INFO
[2026-01-01 02:08:02.307] 🐛 DEBUG: Found 0 versions in HDF5: [] INFO
2026-01-01 02:08:02,307 - System.tprint - INFO - ℹ️ 🐛 DEBUG: Found 0 versions in HDF5: [] INFO
[2026-01-01 02:08:02.308] 🐛 DEBUG: _load_metadata() checking versioned_artifacts/ETHUSDT_binance_1h_long_regime_alpha/metadata.json INFO
2026-01-01 02:08:02,308 - System.tprint - INFO - ℹ️ 🐛 DEBUG: _load_metadata() checking versioned_artifacts/ETHUSDT_binance_1h_long_regime_alpha/metadata.json INFO
[2026-01-01 02:08:02.308] 🐛 DEBUG: Metadata file exists, size: 6902 bytes INFO
2026-01-01 02:08:02,309 - System.tprint - INFO - ℹ️ 🐛 DEBUG: Metadata file exists, size: 6902 bytes INFO
[2026-01-01 02:08:02.310] 🐛 DEBUG: Successfully loaded metadata with 5 versions INFO
2026-01-01 02:08:02,310 - System.tprint - INFO - ℹ️ 🐛 DEBUG: Successfully loaded metadata with 5 versions INFO
[2026-01-01 02:08:02.310] 🐛 DEBUG: list_versions() called INFO
2026-01-01 02:08:02,310 - System.tprint - INFO - ℹ️ 🐛 DEBUG: list_versions() called INFO
[2026-01-01 02:08:02.310] 🐛 DEBUG: Metadata file exists: True INFO
2026-01-01 02:08:02,310 - System.tprint - INFO - ℹ️ 🐛 DEBUG: Metadata file exists: True INFO
[2026-01-01 02:08:02.310] 🐛 DEBUG: HDF5 file exists: True INFO
2026-01-01 02:08:02,311 - System.tprint - INFO - ℹ️ 🐛 DEBUG: HDF5 file exists: True INFO
[2026-01-01 02:08:02.311] 🐛 DEBUG: Reloading metadata to get latest versions INFO
2026-01-01 02:08:02,311 - System.tprint - INFO - ℹ️ 🐛 DEBUG: Reloading metadata to get latest versions INFO
[2026-01-01 02:08:02.312] 🐛 DEBUG: _load_metadata() checking versioned_artifacts/ETHUSDT_binance_1h_long_regime_alpha/metadata.json INFO
2026-01-01 02:08:02,312 - System.tprint - INFO - ℹ️ 🐛 DEBUG: _load_metadata() checking versioned_artifacts/ETHUSDT_binance_1h_long_regime_alpha/metadata.json INFO
[2026-01-01 02:08:02.312] 🐛 DEBUG: Metadata file exists, size: 6902 bytes INFO
2026-01-01 02:08:02,312 - System.tprint - INFO - ℹ️ 🐛 DEBUG: Metadata file exists, size: 6902 bytes INFO
[2026-01-01 02:08:02.312] 🐛 DEBUG: Successfully loaded metadata with 5 versions INFO
2026-01-01 02:08:02,313 - System.tprint - INFO - ℹ️ 🐛 DEBUG: Successfully loaded metadata with 5 versions INFO
[2026-01-01 02:08:02.312] 🐛 DEBUG: Found 5 versions in metadata: ['hmm_alpha_regime_stats_1h_20251122_151841_186', 'hmm_alpha_training_data_1h_20251122_164502_922', 'hmm_alpha_regime_stats_1h_20251122_164502_963', 'hmm_alpha_training_data_1h_20251122_171931_773', 'hmm_alpha_regime_stats_1h_20251122_171931_857'] INFO
2026-01-01 02:08:02,313 - System.tprint - INFO - ℹ️ 🐛 DEBUG: Found 5 versions in metadata: ['hmm_alpha_regime_stats_1h_20251122_151841_186', 'hmm_alpha_training_data_1h_20251122_164502_922', 'hmm_alpha_regime_stats_1h_20251122_164502_963', 'hmm_alpha_training_data_1h_20251122_171931_773', 'hmm_alpha_regime_stats_1h_20251122_171931_857'] INFO
[2026-01-01 02:08:02.313] 🐛 DEBUG: Found 5 versions in HDF5: ['hmm_alpha_regime_stats_1h_20251122_151841_186', 'hmm_alpha_regime_stats_1h_20251122_164502_963', 'hmm_alpha_regime_stats_1h_20251122_171931_857', 'hmm_alpha_training_data_1h_20251122_164502_922', 'hmm_alpha_training_data_1h_20251122_171931_773'] INFO
2026-01-01 02:08:02,313 - System.tprint - INFO - ℹ️ 🐛 DEBUG: Found 5 versions in HDF5: ['hmm_alpha_regime_stats_1h_20251122_151841_186', 'hmm_alpha_regime_stats_1h_20251122_164502_963', 'hmm_alpha_regime_stats_1h_20251122_171931_857', 'hmm_alpha_training_data_1h_20251122_164502_922', 'hmm_alpha_training_data_1h_20251122_171931_773'] INFO
[2026-01-01 02:08:02.313] 🐛 DEBUG: _load_metadata() checking versioned_artifacts/ETHUSDT_binance_1h_long_analyst/metadata.json INFO
2026-01-01 02:08:02,314 - System.tprint - INFO - ℹ️ 🐛 DEBUG: _load_metadata() checking versioned_artifacts/ETHUSDT_binance_1h_long_analyst/metadata.json INFO
[2026-01-01 02:08:02.314] 🐛 DEBUG: Metadata file exists, size: 139 bytes INFO
2026-01-01 02:08:02,314 - System.tprint - INFO - ℹ️ 🐛 DEBUG: Metadata file exists, size: 139 bytes INFO
[2026-01-01 02:08:02.314] 🐛 DEBUG: Successfully loaded metadata with 0 versions INFO
2026-01-01 02:08:02,315 - System.tprint - INFO - ℹ️ 🐛 DEBUG: Successfully loaded metadata with 0 versions INFO
[2026-01-01 02:08:02.314] 🐛 DEBUG: list_versions() called INFO
2026-01-01 02:08:02,315 - System.tprint - INFO - ℹ️ 🐛 DEBUG: list_versions() called INFO
[2026-01-01 02:08:02.315] 🐛 DEBUG: Metadata file exists: True INFO
2026-01-01 02:08:02,315 - System.tprint - INFO - ℹ️ 🐛 DEBUG: Metadata file exists: True INFO
[2026-01-01 02:08:02.315] 🐛 DEBUG: HDF5 file exists: True INFO
2026-01-01 02:08:02,316 - System.tprint - INFO - ℹ️ 🐛 DEBUG: HDF5 file exists: True INFO
[2026-01-01 02:08:02.315] 🐛 DEBUG: Reloading metadata to get latest versions INFO
2026-01-01 02:08:02,316 - System.tprint - INFO - ℹ️ 🐛 DEBUG: Reloading metadata to get latest versions INFO
[2026-01-01 02:08:02.315] 🐛 DEBUG: _load_metadata() checking versioned_artifacts/ETHUSDT_binance_1h_long_analyst/metadata.json INFO
2026-01-01 02:08:02,316 - System.tprint - INFO - ℹ️ 🐛 DEBUG: _load_metadata() checking versioned_artifacts/ETHUSDT_binance_1h_long_analyst/metadata.json INFO
[2026-01-01 02:08:02.316] 🐛 DEBUG: Metadata file exists, size: 139 bytes INFO
2026-01-01 02:08:02,317 - System.tprint - INFO - ℹ️ 🐛 DEBUG: Metadata file exists, size: 139 bytes INFO
[2026-01-01 02:08:02.316] 🐛 DEBUG: Successfully loaded metadata with 0 versions INFO
2026-01-01 02:08:02,317 - System.tprint - INFO - ℹ️ 🐛 DEBUG: Successfully loaded metadata with 0 versions INFO
[2026-01-01 02:08:02.316] 🐛 DEBUG: Found 0 versions in metadata: [] INFO
2026-01-01 02:08:02,317 - System.tprint - INFO - ℹ️ 🐛 DEBUG: Found 0 versions in metadata: [] INFO
[2026-01-01 02:08:02.318] 🐛 DEBUG: Found 0 versions in HDF5: [] INFO
2026-01-01 02:08:02,318 - System.tprint - INFO - ℹ️ 🐛 DEBUG: Found 0 versions in HDF5: [] INFO
[2026-01-01 02:08:02.319] 🐛 DEBUG: _load_metadata() checking versioned_artifacts/ETHUSDT_binance_1h_long_regime_path/metadata.json INFO
2026-01-01 02:08:02,319 - System.tprint - INFO - ℹ️ 🐛 DEBUG: _load_metadata() checking versioned_artifacts/ETHUSDT_binance_1h_long_regime_path/metadata.json INFO
[2026-01-01 02:08:02.319] 🐛 DEBUG: Metadata file exists, size: 200 bytes INFO
2026-01-01 02:08:02,320 - System.tprint - INFO - ℹ️ 🐛 DEBUG: Metadata file exists, size: 200 bytes INFO
[2026-01-01 02:08:02.320] 🐛 DEBUG: Successfully loaded metadata with 0 versions INFO
2026-01-01 02:08:02,320 - System.tprint - INFO - ℹ️ 🐛 DEBUG: Successfully loaded metadata with 0 versions INFO
[2026-01-01 02:08:02.320] 🐛 DEBUG: list_versions() called INFO
2026-01-01 02:08:02,320 - System.tprint - INFO - ℹ️ 🐛 DEBUG: list_versions() called INFO
[2026-01-01 02:08:02.320] 🐛 DEBUG: Metadata file exists: True INFO
2026-01-01 02:08:02,321 - System.tprint - INFO - ℹ️ 🐛 DEBUG: Metadata file exists: True INFO
[2026-01-01 02:08:02.320] 🐛 DEBUG: HDF5 file exists: True INFO
2026-01-01 02:08:02,321 - System.tprint - INFO - ℹ️ 🐛 DEBUG: HDF5 file exists: True INFO
[2026-01-01 02:08:02.320] 🐛 DEBUG: Reloading metadata to get latest versions INFO
2026-01-01 02:08:02,321 - System.tprint - INFO - ℹ️ 🐛 DEBUG: Reloading metadata to get latest versions INFO
[2026-01-01 02:08:02.320] 🐛 DEBUG: _load_metadata() checking versioned_artifacts/ETHUSDT_binance_1h_long_regime_path/metadata.json INFO
2026-01-01 02:08:02,321 - System.tprint - INFO - ℹ️ 🐛 DEBUG: _load_metadata() checking versioned_artifacts/ETHUSDT_binance_1h_long_regime_path/metadata.json INFO
[2026-01-01 02:08:02.320] 🐛 DEBUG: Metadata file exists, size: 200 bytes INFO
2026-01-01 02:08:02,321 - System.tprint - INFO - ℹ️ 🐛 DEBUG: Metadata file exists, size: 200 bytes INFO
[2026-01-01 02:08:02.320] 🐛 DEBUG: Successfully loaded metadata with 0 versions INFO
2026-01-01 02:08:02,321 - System.tprint - INFO - ℹ️ 🐛 DEBUG: Successfully loaded metadata with 0 versions INFO
[2026-01-01 02:08:02.320] 🐛 DEBUG: Found 0 versions in metadata: [] INFO
2026-01-01 02:08:02,321 - System.tprint - INFO - ℹ️ 🐛 DEBUG: Found 0 versions in metadata: [] INFO
[2026-01-01 02:08:02.322] 🐛 DEBUG: Found 0 versions in HDF5: [] INFO
2026-01-01 02:08:02,322 - System.tprint - INFO - ℹ️ 🐛 DEBUG: Found 0 versions in HDF5: [] INFO
[2026-01-01 02:08:02.322] 🐛 DEBUG: _load_metadata() checking versioned_artifacts/None_None_None_long_regime/metadata.json INFO
2026-01-01 02:08:02,322 - System.tprint - INFO - ℹ️ 🐛 DEBUG: _load_metadata() checking versioned_artifacts/None_None_None_long_regime/metadata.json INFO
[2026-01-01 02:08:02.322] 🐛 DEBUG: Metadata file exists, size: 139 bytes INFO
2026-01-01 02:08:02,322 - System.tprint - INFO - ℹ️ 🐛 DEBUG: Metadata file exists, size: 139 bytes INFO
[2026-01-01 02:08:02.322] 🐛 DEBUG: Successfully loaded metadata with 0 versions INFO
2026-01-01 02:08:02,322 - System.tprint - INFO - ℹ️ 🐛 DEBUG: Successfully loaded metadata with 0 versions INFO
[2026-01-01 02:08:02.322] 🐛 DEBUG: list_versions() called INFO
2026-01-01 02:08:02,323 - System.tprint - INFO - ℹ️ 🐛 DEBUG: list_versions() called INFO
[2026-01-01 02:08:02.323] 🐛 DEBUG: Metadata file exists: True INFO
2026-01-01 02:08:02,323 - System.tprint - INFO - ℹ️ 🐛 DEBUG: Metadata file exists: True INFO
[2026-01-01 02:08:02.323] 🐛 DEBUG: HDF5 file exists: True INFO
2026-01-01 02:08:02,323 - System.tprint - INFO - ℹ️ 🐛 DEBUG: HDF5 file exists: True INFO
[2026-01-01 02:08:02.323] 🐛 DEBUG: Reloading metadata to get latest versions INFO
2026-01-01 02:08:02,323 - System.tprint - INFO - ℹ️ 🐛 DEBUG: Reloading metadata to get latest versions INFO
[2026-01-01 02:08:02.323] 🐛 DEBUG: _load_metadata() checking versioned_artifacts/None_None_None_long_regime/metadata.json INFO
2026-01-01 02:08:02,323 - System.tprint - INFO - ℹ️ 🐛 DEBUG: _load_metadata() checking versioned_artifacts/None_None_None_long_regime/metadata.json INFO
[2026-01-01 02:08:02.324] 🐛 DEBUG: Metadata file exists, size: 139 bytes INFO
2026-01-01 02:08:02,324 - System.tprint - INFO - ℹ️ 🐛 DEBUG: Metadata file exists, size: 139 bytes INFO
[2026-01-01 02:08:02.324] 🐛 DEBUG: Successfully loaded metadata with 0 versions INFO
2026-01-01 02:08:02,324 - System.tprint - INFO - ℹ️ 🐛 DEBUG: Successfully loaded metadata with 0 versions INFO
[2026-01-01 02:08:02.325] 🐛 DEBUG: Found 0 versions in metadata: [] INFO
2026-01-01 02:08:02,325 - System.tprint - INFO - ℹ️ 🐛 DEBUG: Found 0 versions in metadata: [] INFO
[2026-01-01 02:08:02.325] 🐛 DEBUG: Found 0 versions in HDF5: [] INFO
2026-01-01 02:08:02,326 - System.tprint - INFO - ℹ️ 🐛 DEBUG: Found 0 versions in HDF5: [] INFO
[2026-01-01 02:08:02.328] 🐛 DEBUG: _load_metadata() checking versioned_artifacts/ETHUSDT_binance_1h_long_mean_reversion/metadata.json INFO
2026-01-01 02:08:02,328 - System.tprint - INFO - ℹ️ 🐛 DEBUG: _load_metadata() checking versioned_artifacts/ETHUSDT_binance_1h_long_mean_reversion/metadata.json INFO
[2026-01-01 02:08:02.328] 🐛 DEBUG: Metadata file exists, size: 3914 bytes INFO
2026-01-01 02:08:02,329 - System.tprint - INFO - ℹ️ 🐛 DEBUG: Metadata file exists, size: 3914 bytes INFO
[2026-01-01 02:08:02.329] 🐛 DEBUG: Successfully loaded metadata with 5 versions INFO
2026-01-01 02:08:02,329 - System.tprint - INFO - ℹ️ 🐛 DEBUG: Successfully loaded metadata with 5 versions INFO
[2026-01-01 02:08:02.329] 🐛 DEBUG: list_versions() called INFO
2026-01-01 02:08:02,329 - System.tprint - INFO - ℹ️ 🐛 DEBUG: list_versions() called INFO
[2026-01-01 02:08:02.329] 🐛 DEBUG: Metadata file exists: True INFO
2026-01-01 02:08:02,329 - System.tprint - INFO - ℹ️ 🐛 DEBUG: Metadata file exists: True INFO
[2026-01-01 02:08:02.329] 🐛 DEBUG: HDF5 file exists: True INFO
2026-01-01 02:08:02,330 - System.tprint - INFO - ℹ️ 🐛 DEBUG: HDF5 file exists: True INFO
[2026-01-01 02:08:02.329] 🐛 DEBUG: Reloading metadata to get latest versions INFO
2026-01-01 02:08:02,330 - System.tprint - INFO - ℹ️ 🐛 DEBUG: Reloading metadata to get latest versions INFO
[2026-01-01 02:08:02.329] 🐛 DEBUG: _load_metadata() checking versioned_artifacts/ETHUSDT_binance_1h_long_mean_reversion/metadata.json INFO
2026-01-01 02:08:02,330 - System.tprint - INFO - ℹ️ 🐛 DEBUG: _load_metadata() checking versioned_artifacts/ETHUSDT_binance_1h_long_mean_reversion/metadata.json INFO
[2026-01-01 02:08:02.329] 🐛 DEBUG: Metadata file exists, size: 3914 bytes INFO
2026-01-01 02:08:02,330 - System.tprint - INFO - ℹ️ 🐛 DEBUG: Metadata file exists, size: 3914 bytes INFO
[2026-01-01 02:08:02.329] 🐛 DEBUG: Successfully loaded metadata with 5 versions INFO
2026-01-01 02:08:02,330 - System.tprint - INFO - ℹ️ 🐛 DEBUG: Successfully loaded metadata with 5 versions INFO
[2026-01-01 02:08:02.329] 🐛 DEBUG: Found 5 versions in metadata: ['ml_mean_reversion_training_data_1h_20251124_231116_323', 'ml_mean_reversion_training_data_1h_20251125_001022_753', 'ml_mean_reversion_training_data_1h_20251125_002337_863', 'ml_mean_reversion_training_data_1h_20251125_003116_776', 'ml_mean_reversion_training_data_1h_20251126_003120_916'] INFO
2026-01-01 02:08:02,330 - System.tprint - INFO - ℹ️ 🐛 DEBUG: Found 5 versions in metadata: ['ml_mean_reversion_training_data_1h_20251124_231116_323', 'ml_mean_reversion_training_data_1h_20251125_001022_753', 'ml_mean_reversion_training_data_1h_20251125_002337_863', 'ml_mean_reversion_training_data_1h_20251125_003116_776', 'ml_mean_reversion_training_data_1h_20251126_003120_916'] INFO
[2026-01-01 02:08:02.330] 🐛 DEBUG: Found 5 versions in HDF5: ['ml_mean_reversion_training_data_1h_20251124_231116_323', 'ml_mean_reversion_training_data_1h_20251125_001022_753', 'ml_mean_reversion_training_data_1h_20251125_002337_863', 'ml_mean_reversion_training_data_1h_20251125_003116_776', 'ml_mean_reversion_training_data_1h_20251126_003120_916'] INFO
2026-01-01 02:08:02,331 - System.tprint - INFO - ℹ️ 🐛 DEBUG: Found 5 versions in HDF5: ['ml_mean_reversion_training_data_1h_20251124_231116_323', 'ml_mean_reversion_training_data_1h_20251125_001022_753', 'ml_mean_reversion_training_data_1h_20251125_002337_863', 'ml_mean_reversion_training_data_1h_20251125_003116_776', 'ml_mean_reversion_training_data_1h_20251126_003120_916'] INFO
[2026-01-01 02:08:02.332] 🐛 DEBUG: _load_metadata() checking versioned_artifacts/ETHUSDT_binance_15m_long_mean_reversion/metadata.json INFO
2026-01-01 02:08:02,332 - System.tprint - INFO - ℹ️ 🐛 DEBUG: _load_metadata() checking versioned_artifacts/ETHUSDT_binance_15m_long_mean_reversion/metadata.json INFO
[2026-01-01 02:08:02.332] 🐛 DEBUG: Metadata file exists, size: 1472 bytes INFO
2026-01-01 02:08:02,333 - System.tprint - INFO - ℹ️ 🐛 DEBUG: Metadata file exists, size: 1472 bytes INFO
[2026-01-01 02:08:02.333] 🐛 DEBUG: Successfully loaded metadata with 1 versions INFO
2026-01-01 02:08:02,333 - System.tprint - INFO - ℹ️ 🐛 DEBUG: Successfully loaded metadata with 1 versions INFO
[2026-01-01 02:08:02.333] 🐛 DEBUG: list_versions() called INFO
2026-01-01 02:08:02,333 - System.tprint - INFO - ℹ️ 🐛 DEBUG: list_versions() called INFO
[2026-01-01 02:08:02.333] 🐛 DEBUG: Metadata file exists: True INFO
2026-01-01 02:08:02,334 - System.tprint - INFO - ℹ️ 🐛 DEBUG: Metadata file exists: True INFO
[2026-01-01 02:08:02.334] 🐛 DEBUG: HDF5 file exists: True INFO
2026-01-01 02:08:02,334 - System.tprint - INFO - ℹ️ 🐛 DEBUG: HDF5 file exists: True INFO
[2026-01-01 02:08:02.334] 🐛 DEBUG: Reloading metadata to get latest versions INFO
2026-01-01 02:08:02,335 - System.tprint - INFO - ℹ️ 🐛 DEBUG: Reloading metadata to get latest versions INFO
[2026-01-01 02:08:02.334] 🐛 DEBUG: _load_metadata() checking versioned_artifacts/ETHUSDT_binance_15m_long_mean_reversion/metadata.json INFO
2026-01-01 02:08:02,335 - System.tprint - INFO - ℹ️ 🐛 DEBUG: _load_metadata() checking versioned_artifacts/ETHUSDT_binance_15m_long_mean_reversion/metadata.json INFO
[2026-01-01 02:08:02.334] 🐛 DEBUG: Metadata file exists, size: 1472 bytes INFO
2026-01-01 02:08:02,335 - System.tprint - INFO - ℹ️ 🐛 DEBUG: Metadata file exists, size: 1472 bytes INFO
[2026-01-01 02:08:02.335] 🐛 DEBUG: Successfully loaded metadata with 1 versions INFO
2026-01-01 02:08:02,335 - System.tprint - INFO - ℹ️ 🐛 DEBUG: Successfully loaded metadata with 1 versions INFO
[2026-01-01 02:08:02.335] 🐛 DEBUG: Found 1 versions in metadata: ['ml_mean_reversion_training_data_15m_20251213_170600_968'] INFO
2026-01-01 02:08:02,336 - System.tprint - INFO - ℹ️ 🐛 DEBUG: Found 1 versions in metadata: ['ml_mean_reversion_training_data_15m_20251213_170600_968'] INFO
[2026-01-01 02:08:02.335] 🐛 DEBUG: Found 1 versions in HDF5: ['ml_mean_reversion_training_data_15m_20251213_170600_968'] INFO
2026-01-01 02:08:02,336 - System.tprint - INFO - ℹ️ 🐛 DEBUG: Found 1 versions in HDF5: ['ml_mean_reversion_training_data_15m_20251213_170600_968'] INFO
[2026-01-01 02:08:02.337] 🐛 DEBUG: _load_metadata() checking versioned_artifacts/ETHUSDT_binance_15m_long_full/metadata.json INFO
2026-01-01 02:08:02,337 - System.tprint - INFO - ℹ️ 🐛 DEBUG: _load_metadata() checking versioned_artifacts/ETHUSDT_binance_15m_long_full/metadata.json INFO
[2026-01-01 02:08:02.337] 🐛 DEBUG: Metadata file exists, size: 139 bytes INFO
2026-01-01 02:08:02,337 - System.tprint - INFO - ℹ️ 🐛 DEBUG: Metadata file exists, size: 139 bytes INFO
[2026-01-01 02:08:02.337] 🐛 DEBUG: Successfully loaded metadata with 0 versions INFO
2026-01-01 02:08:02,338 - System.tprint - INFO - ℹ️ 🐛 DEBUG: Successfully loaded metadata with 0 versions INFO
[2026-01-01 02:08:02.338] 🐛 DEBUG: list_versions() called INFO
2026-01-01 02:08:02,338 - System.tprint - INFO - ℹ️ 🐛 DEBUG: list_versions() called INFO
[2026-01-01 02:08:02.338] 🐛 DEBUG: Metadata file exists: True INFO
2026-01-01 02:08:02,339 - System.tprint - INFO - ℹ️ 🐛 DEBUG: Metadata file exists: True INFO
[2026-01-01 02:08:02.338] 🐛 DEBUG: HDF5 file exists: True INFO
2026-01-01 02:08:02,339 - System.tprint - INFO - ℹ️ 🐛 DEBUG: HDF5 file exists: True INFO
[2026-01-01 02:08:02.338] 🐛 DEBUG: Reloading metadata to get latest versions INFO
2026-01-01 02:08:02,339 - System.tprint - INFO - ℹ️ 🐛 DEBUG: Reloading metadata to get latest versions INFO
[2026-01-01 02:08:02.339] 🐛 DEBUG: _load_metadata() checking versioned_artifacts/ETHUSDT_binance_15m_long_full/metadata.json INFO
2026-01-01 02:08:02,339 - System.tprint - INFO - ℹ️ 🐛 DEBUG: _load_metadata() checking versioned_artifacts/ETHUSDT_binance_15m_long_full/metadata.json INFO
[2026-01-01 02:08:02.339] 🐛 DEBUG: Metadata file exists, size: 139 bytes INFO
2026-01-01 02:08:02,340 - System.tprint - INFO - ℹ️ 🐛 DEBUG: Metadata file exists, size: 139 bytes INFO
[2026-01-01 02:08:02.339] 🐛 DEBUG: Successfully loaded metadata with 0 versions INFO
2026-01-01 02:08:02,340 - System.tprint - INFO - ℹ️ 🐛 DEBUG: Successfully loaded metadata with 0 versions INFO
[2026-01-01 02:08:02.340] 🐛 DEBUG: Found 0 versions in metadata: [] INFO
2026-01-01 02:08:02,340 - System.tprint - INFO - ℹ️ 🐛 DEBUG: Found 0 versions in metadata: [] INFO
[2026-01-01 02:08:02.340] 🐛 DEBUG: Found 0 versions in HDF5: [] INFO
2026-01-01 02:08:02,341 - System.tprint - INFO - ℹ️ 🐛 DEBUG: Found 0 versions in HDF5: [] INFO
[2026-01-01 02:08:02.342] 🐛 DEBUG: _load_metadata() checking versioned_artifacts/ETHUSDT_binance_15m_long_ml_smc_regime/metadata.json INFO
2026-01-01 02:08:02,342 - System.tprint - INFO - ℹ️ 🐛 DEBUG: _load_metadata() checking versioned_artifacts/ETHUSDT_binance_15m_long_ml_smc_regime/metadata.json INFO
[2026-01-01 02:08:02.342] 🐛 DEBUG: Metadata file does not exist, returning default metadata INFO
2026-01-01 02:08:02,342 - System.tprint - INFO - ℹ️ 🐛 DEBUG: Metadata file does not exist, returning default metadata INFO
[2026-01-01 02:08:02.342] 🐛 DEBUG: list_versions() called INFO
2026-01-01 02:08:02,343 - System.tprint - INFO - ℹ️ 🐛 DEBUG: list_versions() called INFO
[2026-01-01 02:08:02.342] 🐛 DEBUG: Metadata file exists: False INFO
2026-01-01 02:08:02,343 - System.tprint - INFO - ℹ️ 🐛 DEBUG: Metadata file exists: False INFO
[2026-01-01 02:08:02.342] 🐛 DEBUG: HDF5 file exists: True INFO
2026-01-01 02:08:02,343 - System.tprint - INFO - ℹ️ 🐛 DEBUG: HDF5 file exists: True INFO
[2026-01-01 02:08:02.343] 🐛 DEBUG: Reloading metadata to get latest versions INFO
2026-01-01 02:08:02,343 - System.tprint - INFO - ℹ️ 🐛 DEBUG: Reloading metadata to get latest versions INFO
[2026-01-01 02:08:02.343] 🐛 DEBUG: _load_metadata() checking versioned_artifacts/ETHUSDT_binance_15m_long_ml_smc_regime/metadata.json INFO
2026-01-01 02:08:02,343 - System.tprint - INFO - ℹ️ 🐛 DEBUG: _load_metadata() checking versioned_artifacts/ETHUSDT_binance_15m_long_ml_smc_regime/metadata.json INFO
[2026-01-01 02:08:02.343] 🐛 DEBUG: Metadata file does not exist, returning default metadata INFO
2026-01-01 02:08:02,343 - System.tprint - INFO - ℹ️ 🐛 DEBUG: Metadata file does not exist, returning default metadata INFO
[2026-01-01 02:08:02.343] 🐛 DEBUG: Found 0 versions in metadata: [] INFO
2026-01-01 02:08:02,344 - System.tprint - INFO - ℹ️ 🐛 DEBUG: Found 0 versions in metadata: [] INFO
[2026-01-01 02:08:02.346] 🐛 DEBUG: Found 0 versions in HDF5: [] INFO
2026-01-01 02:08:02,346 - System.tprint - INFO - ℹ️ 🐛 DEBUG: Found 0 versions in HDF5: [] INFO
[2026-01-01 02:08:02.348] 🐛 DEBUG: _load_metadata() checking versioned_artifacts/ETHUSDT_binance_15m_long_regime_meso_trend/metadata.json INFO
2026-01-01 02:08:02,348 - System.tprint - INFO - ℹ️ 🐛 DEBUG: _load_metadata() checking versioned_artifacts/ETHUSDT_binance_15m_long_regime_meso_trend/metadata.json INFO
[2026-01-01 02:08:02.348] 🐛 DEBUG: Metadata file exists, size: 139 bytes INFO
2026-01-01 02:08:02,348 - System.tprint - INFO - ℹ️ 🐛 DEBUG: Metadata file exists, size: 139 bytes INFO
[2026-01-01 02:08:02.348] 🐛 DEBUG: Successfully loaded metadata with 0 versions INFO
2026-01-01 02:08:02,349 - System.tprint - INFO - ℹ️ 🐛 DEBUG: Successfully loaded metadata with 0 versions INFO
[2026-01-01 02:08:02.348] 🐛 DEBUG: list_versions() called INFO
2026-01-01 02:08:02,349 - System.tprint - INFO - ℹ️ 🐛 DEBUG: list_versions() called INFO
[2026-01-01 02:08:02.350] 🐛 DEBUG: Metadata file exists: True INFO
2026-01-01 02:08:02,350 - System.tprint - INFO - ℹ️ 🐛 DEBUG: Metadata file exists: True INFO
[2026-01-01 02:08:02.350] 🐛 DEBUG: HDF5 file exists: True INFO
2026-01-01 02:08:02,350 - System.tprint - INFO - ℹ️ 🐛 DEBUG: HDF5 file exists: True INFO
[2026-01-01 02:08:02.350] 🐛 DEBUG: Reloading metadata to get latest versions INFO
2026-01-01 02:08:02,350 - System.tprint - INFO - ℹ️ 🐛 DEBUG: Reloading metadata to get latest versions INFO
[2026-01-01 02:08:02.350] 🐛 DEBUG: _load_metadata() checking versioned_artifacts/ETHUSDT_binance_15m_long_regime_meso_trend/metadata.json INFO
2026-01-01 02:08:02,350 - System.tprint - INFO - ℹ️ 🐛 DEBUG: _load_metadata() checking versioned_artifacts/ETHUSDT_binance_15m_long_regime_meso_trend/metadata.json INFO
[2026-01-01 02:08:02.350] 🐛 DEBUG: Metadata file exists, size: 139 bytes INFO
2026-01-01 02:08:02,350 - System.tprint - INFO - ℹ️ 🐛 DEBUG: Metadata file exists, size: 139 bytes INFO
[2026-01-01 02:08:02.350] 🐛 DEBUG: Successfully loaded metadata with 0 versions INFO
2026-01-01 02:08:02,351 - System.tprint - INFO - ℹ️ 🐛 DEBUG: Successfully loaded metadata with 0 versions INFO
[2026-01-01 02:08:02.351] 🐛 DEBUG: Found 0 versions in metadata: [] INFO
2026-01-01 02:08:02,351 - System.tprint - INFO - ℹ️ 🐛 DEBUG: Found 0 versions in metadata: [] INFO
[2026-01-01 02:08:02.351] 🐛 DEBUG: Found 0 versions in HDF5: [] INFO
2026-01-01 02:08:02,351 - System.tprint - INFO - ℹ️ 🐛 DEBUG: Found 0 versions in HDF5: [] INFO
[2026-01-01 02:08:02.352] 🐛 DEBUG: _load_metadata() checking versioned_artifacts/ETHUSDT_binance_15m_long_regime/metadata.json INFO
2026-01-01 02:08:02,353 - System.tprint - INFO - ℹ️ 🐛 DEBUG: _load_metadata() checking versioned_artifacts/ETHUSDT_binance_15m_long_regime/metadata.json INFO
[2026-01-01 02:08:02.352] 🐛 DEBUG: Metadata file exists, size: 200 bytes INFO
2026-01-01 02:08:02,353 - System.tprint - INFO - ℹ️ 🐛 DEBUG: Metadata file exists, size: 200 bytes INFO
[2026-01-01 02:08:02.352] 🐛 DEBUG: Successfully loaded metadata with 0 versions INFO
2026-01-01 02:08:02,353 - System.tprint - INFO - ℹ️ 🐛 DEBUG: Successfully loaded metadata with 0 versions INFO
[2026-01-01 02:08:02.353] 🐛 DEBUG: list_versions() called INFO
2026-01-01 02:08:02,353 - System.tprint - INFO - ℹ️ 🐛 DEBUG: list_versions() called INFO
[2026-01-01 02:08:02.353] 🐛 DEBUG: Metadata file exists: True INFO
2026-01-01 02:08:02,353 - System.tprint - INFO - ℹ️ 🐛 DEBUG: Metadata file exists: True INFO
[2026-01-01 02:08:02.353] 🐛 DEBUG: HDF5 file exists: True INFO
2026-01-01 02:08:02,354 - System.tprint - INFO - ℹ️ 🐛 DEBUG: HDF5 file exists: True INFO
[2026-01-01 02:08:02.353] 🐛 DEBUG: Reloading metadata to get latest versions INFO
2026-01-01 02:08:02,354 - System.tprint - INFO - ℹ️ 🐛 DEBUG: Reloading metadata to get latest versions INFO
[2026-01-01 02:08:02.353] 🐛 DEBUG: _load_metadata() checking versioned_artifacts/ETHUSDT_binance_15m_long_regime/metadata.json INFO
2026-01-01 02:08:02,354 - System.tprint - INFO - ℹ️ 🐛 DEBUG: _load_metadata() checking versioned_artifacts/ETHUSDT_binance_15m_long_regime/metadata.json INFO
[2026-01-01 02:08:02.353] 🐛 DEBUG: Metadata file exists, size: 200 bytes INFO
2026-01-01 02:08:02,354 - System.tprint - INFO - ℹ️ 🐛 DEBUG: Metadata file exists, size: 200 bytes INFO
[2026-01-01 02:08:02.353] 🐛 DEBUG: Successfully loaded metadata with 0 versions INFO
2026-01-01 02:08:02,354 - System.tprint - INFO - ℹ️ 🐛 DEBUG: Successfully loaded metadata with 0 versions INFO
[2026-01-01 02:08:02.353] 🐛 DEBUG: Found 0 versions in metadata: [] INFO
2026-01-01 02:08:02,354 - System.tprint - INFO - ℹ️ 🐛 DEBUG: Found 0 versions in metadata: [] INFO
[2026-01-01 02:08:02.355] 🐛 DEBUG: Found 0 versions in HDF5: [] INFO
2026-01-01 02:08:02,355 - System.tprint - INFO - ℹ️ 🐛 DEBUG: Found 0 versions in HDF5: [] INFO
[2026-01-01 02:08:02.355] 🐛 DEBUG: _load_metadata() checking versioned_artifacts/ETHUSDT_binance_1h_long_smc_regime/metadata.json INFO
2026-01-01 02:08:02,355 - System.tprint - INFO - ℹ️ 🐛 DEBUG: _load_metadata() checking versioned_artifacts/ETHUSDT_binance_1h_long_smc_regime/metadata.json INFO
[2026-01-01 02:08:02.355] 🐛 DEBUG: Metadata file exists, size: 3536 bytes INFO
2026-01-01 02:08:02,355 - System.tprint - INFO - ℹ️ 🐛 DEBUG: Metadata file exists, size: 3536 bytes INFO
[2026-01-01 02:08:02.355] 🐛 DEBUG: Successfully loaded metadata with 5 versions INFO
2026-01-01 02:08:02,355 - System.tprint - INFO - ℹ️ 🐛 DEBUG: Successfully loaded metadata with 5 versions INFO
[2026-01-01 02:08:02.355] 🐛 DEBUG: list_versions() called INFO
2026-01-01 02:08:02,355 - System.tprint - INFO - ℹ️ 🐛 DEBUG: list_versions() called INFO
[2026-01-01 02:08:02.356] 🐛 DEBUG: Metadata file exists: True INFO
2026-01-01 02:08:02,356 - System.tprint - INFO - ℹ️ 🐛 DEBUG: Metadata file exists: True INFO
[2026-01-01 02:08:02.356] 🐛 DEBUG: HDF5 file exists: True INFO
2026-01-01 02:08:02,356 - System.tprint - INFO - ℹ️ 🐛 DEBUG: HDF5 file exists: True INFO
[2026-01-01 02:08:02.356] 🐛 DEBUG: Reloading metadata to get latest versions INFO
2026-01-01 02:08:02,356 - System.tprint - INFO - ℹ️ 🐛 DEBUG: Reloading metadata to get latest versions INFO
[2026-01-01 02:08:02.356] 🐛 DEBUG: _load_metadata() checking versioned_artifacts/ETHUSDT_binance_1h_long_smc_regime/metadata.json INFO
2026-01-01 02:08:02,356 - System.tprint - INFO - ℹ️ 🐛 DEBUG: _load_metadata() checking versioned_artifacts/ETHUSDT_binance_1h_long_smc_regime/metadata.json INFO
[2026-01-01 02:08:02.356] 🐛 DEBUG: Metadata file exists, size: 3536 bytes INFO
2026-01-01 02:08:02,356 - System.tprint - INFO - ℹ️ 🐛 DEBUG: Metadata file exists, size: 3536 bytes INFO
[2026-01-01 02:08:02.356] 🐛 DEBUG: Successfully loaded metadata with 5 versions INFO
2026-01-01 02:08:02,356 - System.tprint - INFO - ℹ️ 🐛 DEBUG: Successfully loaded metadata with 5 versions INFO
[2026-01-01 02:08:02.356] 🐛 DEBUG: Found 5 versions in metadata: ['smc_predictions_with_confidence_20251124_233038_087', 'smc_predictions_with_confidence_20251125_001011_321', 'smc_predictions_with_confidence_20251125_001842_252', 'smc_predictions_with_confidence_20251126_003009_061', 'smc_predictions_with_confidence_20251126_003415_856'] INFO
2026-01-01 02:08:02,356 - System.tprint - INFO - ℹ️ 🐛 DEBUG: Found 5 versions in metadata: ['smc_predictions_with_confidence_20251124_233038_087', 'smc_predictions_with_confidence_20251125_001011_321', 'smc_predictions_with_confidence_20251125_001842_252', 'smc_predictions_with_confidence_20251126_003009_061', 'smc_predictions_with_confidence_20251126_003415_856'] INFO
[2026-01-01 02:08:02.356] 🐛 DEBUG: Found 5 versions in HDF5: ['smc_predictions_with_confidence_20251124_233038_087', 'smc_predictions_with_confidence_20251125_001011_321', 'smc_predictions_with_confidence_20251125_001842_252', 'smc_predictions_with_confidence_20251126_003009_061', 'smc_predictions_with_confidence_20251126_003415_856'] INFO
2026-01-01 02:08:02,357 - System.tprint - INFO - ℹ️ 🐛 DEBUG: Found 5 versions in HDF5: ['smc_predictions_with_confidence_20251124_233038_087', 'smc_predictions_with_confidence_20251125_001011_321', 'smc_predictions_with_confidence_20251125_001842_252', 'smc_predictions_with_confidence_20251126_003009_061', 'smc_predictions_with_confidence_20251126_003415_856'] INFO
[2026-01-01 02:08:02.357] 🐛 DEBUG: _load_metadata() checking versioned_artifacts/ETHUSDT_binance_15m_long_regime_path/metadata.json INFO
2026-01-01 02:08:02,357 - System.tprint - INFO - ℹ️ 🐛 DEBUG: _load_metadata() checking versioned_artifacts/ETHUSDT_binance_15m_long_regime_path/metadata.json INFO
[2026-01-01 02:08:02.357] 🐛 DEBUG: Metadata file exists, size: 200 bytes INFO
2026-01-01 02:08:02,358 - System.tprint - INFO - ℹ️ 🐛 DEBUG: Metadata file exists, size: 200 bytes INFO
[2026-01-01 02:08:02.357] 🐛 DEBUG: Successfully loaded metadata with 0 versions INFO
2026-01-01 02:08:02,358 - System.tprint - INFO - ℹ️ 🐛 DEBUG: Successfully loaded metadata with 0 versions INFO
[2026-01-01 02:08:02.357] 🐛 DEBUG: list_versions() called INFO
2026-01-01 02:08:02,358 - System.tprint - INFO - ℹ️ 🐛 DEBUG: list_versions() called INFO
[2026-01-01 02:08:02.357] 🐛 DEBUG: Metadata file exists: True INFO
2026-01-01 02:08:02,358 - System.tprint - INFO - ℹ️ 🐛 DEBUG: Metadata file exists: True INFO
[2026-01-01 02:08:02.357] 🐛 DEBUG: HDF5 file exists: True INFO
2026-01-01 02:08:02,358 - System.tprint - INFO - ℹ️ 🐛 DEBUG: HDF5 file exists: True INFO
[2026-01-01 02:08:02.357] 🐛 DEBUG: Reloading metadata to get latest versions INFO
2026-01-01 02:08:02,358 - System.tprint - INFO - ℹ️ 🐛 DEBUG: Reloading metadata to get latest versions INFO
[2026-01-01 02:08:02.357] 🐛 DEBUG: _load_metadata() checking versioned_artifacts/ETHUSDT_binance_15m_long_regime_path/metadata.json INFO
2026-01-01 02:08:02,358 - System.tprint - INFO - ℹ️ 🐛 DEBUG: _load_metadata() checking versioned_artifacts/ETHUSDT_binance_15m_long_regime_path/metadata.json INFO
[2026-01-01 02:08:02.358] 🐛 DEBUG: Metadata file exists, size: 200 bytes INFO
2026-01-01 02:08:02,359 - System.tprint - INFO - ℹ️ 🐛 DEBUG: Metadata file exists, size: 200 bytes INFO
[2026-01-01 02:08:02.358] 🐛 DEBUG: Successfully loaded metadata with 0 versions INFO
2026-01-01 02:08:02,359 - System.tprint - INFO - ℹ️ 🐛 DEBUG: Successfully loaded metadata with 0 versions INFO
[2026-01-01 02:08:02.358] 🐛 DEBUG: Found 0 versions in metadata: [] INFO
2026-01-01 02:08:02,359 - System.tprint - INFO - ℹ️ 🐛 DEBUG: Found 0 versions in metadata: [] INFO
[2026-01-01 02:08:02.361] 🐛 DEBUG: Found 0 versions in HDF5: [] INFO
2026-01-01 02:08:02,361 - System.tprint - INFO - ℹ️ 🐛 DEBUG: Found 0 versions in HDF5: [] INFO
[2026-01-01 02:08:02.361] 🐛 DEBUG: _load_metadata() checking versioned_artifacts/ETHUSDT_binance_1h_long_light/metadata.json INFO
2026-01-01 02:08:02,361 - System.tprint - INFO - ℹ️ 🐛 DEBUG: _load_metadata() checking versioned_artifacts/ETHUSDT_binance_1h_long_light/metadata.json INFO
[2026-01-01 02:08:02.361] 🐛 DEBUG: Metadata file exists, size: 139 bytes INFO
2026-01-01 02:08:02,361 - System.tprint - INFO - ℹ️ 🐛 DEBUG: Metadata file exists, size: 139 bytes INFO
[2026-01-01 02:08:02.361] 🐛 DEBUG: Successfully loaded metadata with 0 versions INFO
2026-01-01 02:08:02,362 - System.tprint - INFO - ℹ️ 🐛 DEBUG: Successfully loaded metadata with 0 versions INFO
[2026-01-01 02:08:02.362] 🐛 DEBUG: list_versions() called INFO
2026-01-01 02:08:02,362 - System.tprint - INFO - ℹ️ 🐛 DEBUG: list_versions() called INFO
[2026-01-01 02:08:02.362] 🐛 DEBUG: Metadata file exists: True INFO
2026-01-01 02:08:02,362 - System.tprint - INFO - ℹ️ 🐛 DEBUG: Metadata file exists: True INFO
[2026-01-01 02:08:02.362] 🐛 DEBUG: HDF5 file exists: True INFO
2026-01-01 02:08:02,362 - System.tprint - INFO - ℹ️ 🐛 DEBUG: HDF5 file exists: True INFO
[2026-01-01 02:08:02.362] 🐛 DEBUG: Reloading metadata to get latest versions INFO
2026-01-01 02:08:02,362 - System.tprint - INFO - ℹ️ 🐛 DEBUG: Reloading metadata to get latest versions INFO
[2026-01-01 02:08:02.362] 🐛 DEBUG: _load_metadata() checking versioned_artifacts/ETHUSDT_binance_1h_long_light/metadata.json INFO
2026-01-01 02:08:02,362 - System.tprint - INFO - ℹ️ 🐛 DEBUG: _load_metadata() checking versioned_artifacts/ETHUSDT_binance_1h_long_light/metadata.json INFO
[2026-01-01 02:08:02.362] 🐛 DEBUG: Metadata file exists, size: 139 bytes INFO
2026-01-01 02:08:02,362 - System.tprint - INFO - ℹ️ 🐛 DEBUG: Metadata file exists, size: 139 bytes INFO
[2026-01-01 02:08:02.362] 🐛 DEBUG: Successfully loaded metadata with 0 versions INFO
2026-01-01 02:08:02,362 - System.tprint - INFO - ℹ️ 🐛 DEBUG: Successfully loaded metadata with 0 versions INFO
[2026-01-01 02:08:02.362] 🐛 DEBUG: Found 0 versions in metadata: [] INFO
2026-01-01 02:08:02,362 - System.tprint - INFO - ℹ️ 🐛 DEBUG: Found 0 versions in metadata: [] INFO
[2026-01-01 02:08:02.363] 🐛 DEBUG: Found 0 versions in HDF5: [] INFO
2026-01-01 02:08:02,363 - System.tprint - INFO - ℹ️ 🐛 DEBUG: Found 0 versions in HDF5: [] INFO
[2026-01-01 02:08:02.363] 🐛 DEBUG: _load_metadata() checking versioned_artifacts/ETHUSDT_binance_15m_long_light/metadata.json INFO
2026-01-01 02:08:02,363 - System.tprint - INFO - ℹ️ 🐛 DEBUG: _load_metadata() checking versioned_artifacts/ETHUSDT_binance_15m_long_light/metadata.json INFO
[2026-01-01 02:08:02.363] 🐛 DEBUG: Metadata file exists, size: 1538 bytes INFO
2026-01-01 02:08:02,364 - System.tprint - INFO - ℹ️ 🐛 DEBUG: Metadata file exists, size: 1538 bytes INFO
[2026-01-01 02:08:02.363] 🐛 DEBUG: Successfully loaded metadata with 3 versions INFO
2026-01-01 02:08:02,364 - System.tprint - INFO - ℹ️ 🐛 DEBUG: Successfully loaded metadata with 3 versions INFO
[2026-01-01 02:08:02.363] 🐛 DEBUG: list_versions() called INFO
2026-01-01 02:08:02,364 - System.tprint - INFO - ℹ️ 🐛 DEBUG: list_versions() called INFO
[2026-01-01 02:08:02.364] 🐛 DEBUG: Metadata file exists: True INFO
2026-01-01 02:08:02,364 - System.tprint - INFO - ℹ️ 🐛 DEBUG: Metadata file exists: True INFO
[2026-01-01 02:08:02.364] 🐛 DEBUG: HDF5 file exists: True INFO
2026-01-01 02:08:02,364 - System.tprint - INFO - ℹ️ 🐛 DEBUG: HDF5 file exists: True INFO
[2026-01-01 02:08:02.364] 🐛 DEBUG: Reloading metadata to get latest versions INFO
2026-01-01 02:08:02,364 - System.tprint - INFO - ℹ️ 🐛 DEBUG: Reloading metadata to get latest versions INFO
[2026-01-01 02:08:02.364] 🐛 DEBUG: _load_metadata() checking versioned_artifacts/ETHUSDT_binance_15m_long_light/metadata.json INFO
2026-01-01 02:08:02,364 - System.tprint - INFO - ℹ️ 🐛 DEBUG: _load_metadata() checking versioned_artifacts/ETHUSDT_binance_15m_long_light/metadata.json INFO
[2026-01-01 02:08:02.364] 🐛 DEBUG: Metadata file exists, size: 1538 bytes INFO
2026-01-01 02:08:02,365 - System.tprint - INFO - ℹ️ 🐛 DEBUG: Metadata file exists, size: 1538 bytes INFO
[2026-01-01 02:08:02.364] 🐛 DEBUG: Successfully loaded metadata with 3 versions INFO
2026-01-01 02:08:02,365 - System.tprint - INFO - ℹ️ 🐛 DEBUG: Successfully loaded metadata with 3 versions INFO
[2026-01-01 02:08:02.364] 🐛 DEBUG: Found 3 versions in metadata: ['selected_features_60_20251109_191448_625', 'selected_features_50_20251109_191448_653', 'selected_features_40_20251109_191448_677'] INFO
2026-01-01 02:08:02,365 - System.tprint - INFO - ℹ️ 🐛 DEBUG: Found 3 versions in metadata: ['selected_features_60_20251109_191448_625', 'selected_features_50_20251109_191448_653', 'selected_features_40_20251109_191448_677'] INFO
[2026-01-01 02:08:02.365] 🐛 DEBUG: Found 3 versions in HDF5: ['selected_features_40_20251109_191448_677', 'selected_features_50_20251109_191448_653', 'selected_features_60_20251109_191448_625'] INFO
2026-01-01 02:08:02,365 - System.tprint - INFO - ℹ️ 🐛 DEBUG: Found 3 versions in HDF5: ['selected_features_40_20251109_191448_677', 'selected_features_50_20251109_191448_653', 'selected_features_60_20251109_191448_625'] INFO
[2026-01-01 02:08:02.366] 🐛 DEBUG: _load_metadata() checking versioned_artifacts/ETHUSDT_binance_15m_long_regime_macro_trend/metadata.json INFO
2026-01-01 02:08:02,366 - System.tprint - INFO - ℹ️ 🐛 DEBUG: _load_metadata() checking versioned_artifacts/ETHUSDT_binance_15m_long_regime_macro_trend/metadata.json INFO
[2026-01-01 02:08:02.366] 🐛 DEBUG: Metadata file exists, size: 5567 bytes INFO
2026-01-01 02:08:02,367 - System.tprint - INFO - ℹ️ 🐛 DEBUG: Metadata file exists, size: 5567 bytes INFO
[2026-01-01 02:08:02.366] 🐛 DEBUG: Successfully loaded metadata with 2 versions INFO
2026-01-01 02:08:02,367 - System.tprint - INFO - ℹ️ 🐛 DEBUG: Successfully loaded metadata with 2 versions INFO
[2026-01-01 02:08:02.366] 🐛 DEBUG: list_versions() called INFO
2026-01-01 02:08:02,367 - System.tprint - INFO - ℹ️ 🐛 DEBUG: list_versions() called INFO
[2026-01-01 02:08:02.366] 🐛 DEBUG: Metadata file exists: True INFO
2026-01-01 02:08:02,367 - System.tprint - INFO - ℹ️ 🐛 DEBUG: Metadata file exists: True INFO
[2026-01-01 02:08:02.367] 🐛 DEBUG: HDF5 file exists: True INFO
2026-01-01 02:08:02,368 - System.tprint - INFO - ℹ️ 🐛 DEBUG: HDF5 file exists: True INFO
[2026-01-01 02:08:02.367] 🐛 DEBUG: Reloading metadata to get latest versions INFO
2026-01-01 02:08:02,368 - System.tprint - INFO - ℹ️ 🐛 DEBUG: Reloading metadata to get latest versions INFO
[2026-01-01 02:08:02.367] 🐛 DEBUG: _load_metadata() checking versioned_artifacts/ETHUSDT_binance_15m_long_regime_macro_trend/metadata.json INFO
2026-01-01 02:08:02,368 - System.tprint - INFO - ℹ️ 🐛 DEBUG: _load_metadata() checking versioned_artifacts/ETHUSDT_binance_15m_long_regime_macro_trend/metadata.json INFO
[2026-01-01 02:08:02.367] 🐛 DEBUG: Metadata file exists, size: 5567 bytes INFO
2026-01-01 02:08:02,368 - System.tprint - INFO - ℹ️ 🐛 DEBUG: Metadata file exists, size: 5567 bytes INFO
[2026-01-01 02:08:02.369] 🐛 DEBUG: Successfully loaded metadata with 2 versions INFO
2026-01-01 02:08:02,369 - System.tprint - INFO - ℹ️ 🐛 DEBUG: Successfully loaded metadata with 2 versions INFO
[2026-01-01 02:08:02.369] 🐛 DEBUG: Found 2 versions in metadata: ['hmm_macro_trend_training_data_15m_20251213_170722_611', 'hmm_macro_trend_regime_stats_15m_20251213_170725_853'] INFO
2026-01-01 02:08:02,369 - System.tprint - INFO - ℹ️ 🐛 DEBUG: Found 2 versions in metadata: ['hmm_macro_trend_training_data_15m_20251213_170722_611', 'hmm_macro_trend_regime_stats_15m_20251213_170725_853'] INFO
[2026-01-01 02:08:02.370] 🐛 DEBUG: Found 2 versions in HDF5: ['hmm_macro_trend_regime_stats_15m_20251213_170725_853', 'hmm_macro_trend_training_data_15m_20251213_170722_611'] INFO
2026-01-01 02:08:02,370 - System.tprint - INFO - ℹ️ 🐛 DEBUG: Found 2 versions in HDF5: ['hmm_macro_trend_regime_stats_15m_20251213_170725_853', 'hmm_macro_trend_training_data_15m_20251213_170722_611'] INFO
[2026-01-01 02:08:02.371] 🐛 DEBUG: _load_metadata() checking versioned_artifacts/ETHUSDT_binance_1h_long_full/metadata.json INFO
2026-01-01 02:08:02,372 - System.tprint - INFO - ℹ️ 🐛 DEBUG: _load_metadata() checking versioned_artifacts/ETHUSDT_binance_1h_long_full/metadata.json INFO
[2026-01-01 02:08:02.373] 🐛 DEBUG: Metadata file exists, size: 139 bytes INFO
2026-01-01 02:08:02,373 - System.tprint - INFO - ℹ️ 🐛 DEBUG: Metadata file exists, size: 139 bytes INFO
[2026-01-01 02:08:02.373] 🐛 DEBUG: Successfully loaded metadata with 0 versions INFO
2026-01-01 02:08:02,373 - System.tprint - INFO - ℹ️ 🐛 DEBUG: Successfully loaded metadata with 0 versions INFO
[2026-01-01 02:08:02.373] 🐛 DEBUG: list_versions() called INFO
2026-01-01 02:08:02,373 - System.tprint - INFO - ℹ️ 🐛 DEBUG: list_versions() called INFO
[2026-01-01 02:08:02.374] 🐛 DEBUG: Metadata file exists: True INFO
2026-01-01 02:08:02,374 - System.tprint - INFO - ℹ️ 🐛 DEBUG: Metadata file exists: True INFO
[2026-01-01 02:08:02.374] 🐛 DEBUG: HDF5 file exists: True INFO
2026-01-01 02:08:02,374 - System.tprint - INFO - ℹ️ 🐛 DEBUG: HDF5 file exists: True INFO
[2026-01-01 02:08:02.374] 🐛 DEBUG: Reloading metadata to get latest versions INFO
2026-01-01 02:08:02,374 - System.tprint - INFO - ℹ️ 🐛 DEBUG: Reloading metadata to get latest versions INFO
[2026-01-01 02:08:02.374] 🐛 DEBUG: _load_metadata() checking versioned_artifacts/ETHUSDT_binance_1h_long_full/metadata.json INFO
2026-01-01 02:08:02,375 - System.tprint - INFO - ℹ️ 🐛 DEBUG: _load_metadata() checking versioned_artifacts/ETHUSDT_binance_1h_long_full/metadata.json INFO
[2026-01-01 02:08:02.375] 🐛 DEBUG: Metadata file exists, size: 139 bytes INFO
2026-01-01 02:08:02,375 - System.tprint - INFO - ℹ️ 🐛 DEBUG: Metadata file exists, size: 139 bytes INFO
[2026-01-01 02:08:02.375] 🐛 DEBUG: Successfully loaded metadata with 0 versions INFO
2026-01-01 02:08:02,375 - System.tprint - INFO - ℹ️ 🐛 DEBUG: Successfully loaded metadata with 0 versions INFO
[2026-01-01 02:08:02.375] 🐛 DEBUG: Found 0 versions in metadata: [] INFO
2026-01-01 02:08:02,376 - System.tprint - INFO - ℹ️ 🐛 DEBUG: Found 0 versions in metadata: [] INFO
[2026-01-01 02:08:02.377] 🐛 DEBUG: Found 0 versions in HDF5: [] INFO
2026-01-01 02:08:02,378 - System.tprint - INFO - ℹ️ 🐛 DEBUG: Found 0 versions in HDF5: [] INFO
[2026-01-01 02:08:02.379] 🐛 DEBUG: _load_metadata() checking versioned_artifacts/ETHUSDT_binance_15m_short_mean_reversion/metadata.json INFO
2026-01-01 02:08:02,379 - System.tprint - INFO - ℹ️ 🐛 DEBUG: _load_metadata() checking versioned_artifacts/ETHUSDT_binance_15m_short_mean_reversion/metadata.json INFO
[2026-01-01 02:08:02.379] 🐛 DEBUG: Metadata file exists, size: 139 bytes INFO
2026-01-01 02:08:02,380 - System.tprint - INFO - ℹ️ 🐛 DEBUG: Metadata file exists, size: 139 bytes INFO
[2026-01-01 02:08:02.379] 🐛 DEBUG: Successfully loaded metadata with 0 versions INFO
2026-01-01 02:08:02,380 - System.tprint - INFO - ℹ️ 🐛 DEBUG: Successfully loaded metadata with 0 versions INFO
[2026-01-01 02:08:02.379] 🐛 DEBUG: list_versions() called INFO
2026-01-01 02:08:02,380 - System.tprint - INFO - ℹ️ 🐛 DEBUG: list_versions() called INFO
[2026-01-01 02:08:02.379] 🐛 DEBUG: Metadata file exists: True INFO
2026-01-01 02:08:02,380 - System.tprint - INFO - ℹ️ 🐛 DEBUG: Metadata file exists: True INFO
[2026-01-01 02:08:02.380] 🐛 DEBUG: HDF5 file exists: True INFO
2026-01-01 02:08:02,380 - System.tprint - INFO - ℹ️ 🐛 DEBUG: HDF5 file exists: True INFO
[2026-01-01 02:08:02.380] 🐛 DEBUG: Reloading metadata to get latest versions INFO
2026-01-01 02:08:02,380 - System.tprint - INFO - ℹ️ 🐛 DEBUG: Reloading metadata to get latest versions INFO
[2026-01-01 02:08:02.380] 🐛 DEBUG: _load_metadata() checking versioned_artifacts/ETHUSDT_binance_15m_short_mean_reversion/metadata.json INFO
2026-01-01 02:08:02,380 - System.tprint - INFO - ℹ️ 🐛 DEBUG: _load_metadata() checking versioned_artifacts/ETHUSDT_binance_15m_short_mean_reversion/metadata.json INFO
[2026-01-01 02:08:02.380] 🐛 DEBUG: Metadata file exists, size: 139 bytes INFO
2026-01-01 02:08:02,380 - System.tprint - INFO - ℹ️ 🐛 DEBUG: Metadata file exists, size: 139 bytes INFO
[2026-01-01 02:08:02.380] 🐛 DEBUG: Successfully loaded metadata with 0 versions INFO
2026-01-01 02:08:02,381 - System.tprint - INFO - ℹ️ 🐛 DEBUG: Successfully loaded metadata with 0 versions INFO
[2026-01-01 02:08:02.380] 🐛 DEBUG: Found 0 versions in metadata: [] INFO
2026-01-01 02:08:02,381 - System.tprint - INFO - ℹ️ 🐛 DEBUG: Found 0 versions in metadata: [] INFO
[2026-01-01 02:08:02.381] 🐛 DEBUG: Found 0 versions in HDF5: [] INFO
2026-01-01 02:08:02,382 - System.tprint - INFO - ℹ️ 🐛 DEBUG: Found 0 versions in HDF5: [] INFO
[2026-01-01 02:08:02.381] 🐛 DEBUG: _load_metadata() checking versioned_artifacts/ETHUSDT_binance_15m_long_path_regime/metadata.json INFO
2026-01-01 02:08:02,382 - System.tprint - INFO - ℹ️ 🐛 DEBUG: _load_metadata() checking versioned_artifacts/ETHUSDT_binance_15m_long_path_regime/metadata.json INFO
[2026-01-01 02:08:02.381] 🐛 DEBUG: Metadata file does not exist, returning default metadata INFO
2026-01-01 02:08:02,382 - System.tprint - INFO - ℹ️ 🐛 DEBUG: Metadata file does not exist, returning default metadata INFO
[2026-01-01 02:08:02.381] 🐛 DEBUG: list_versions() called INFO
2026-01-01 02:08:02,382 - System.tprint - INFO - ℹ️ 🐛 DEBUG: list_versions() called INFO
[2026-01-01 02:08:02.381] 🐛 DEBUG: Metadata file exists: False INFO
2026-01-01 02:08:02,382 - System.tprint - INFO - ℹ️ 🐛 DEBUG: Metadata file exists: False INFO
[2026-01-01 02:08:02.381] 🐛 DEBUG: HDF5 file exists: True INFO
2026-01-01 02:08:02,382 - System.tprint - INFO - ℹ️ 🐛 DEBUG: HDF5 file exists: True INFO
[2026-01-01 02:08:02.383] 🐛 DEBUG: Reloading metadata to get latest versions INFO
2026-01-01 02:08:02,383 - System.tprint - INFO - ℹ️ 🐛 DEBUG: Reloading metadata to get latest versions INFO
[2026-01-01 02:08:02.383] 🐛 DEBUG: _load_metadata() checking versioned_artifacts/ETHUSDT_binance_15m_long_path_regime/metadata.json INFO
2026-01-01 02:08:02,383 - System.tprint - INFO - ℹ️ 🐛 DEBUG: _load_metadata() checking versioned_artifacts/ETHUSDT_binance_15m_long_path_regime/metadata.json INFO
[2026-01-01 02:08:02.383] 🐛 DEBUG: Metadata file does not exist, returning default metadata INFO
2026-01-01 02:08:02,383 - System.tprint - INFO - ℹ️ 🐛 DEBUG: Metadata file does not exist, returning default metadata INFO
[2026-01-01 02:08:02.383] 🐛 DEBUG: Found 0 versions in metadata: [] INFO
2026-01-01 02:08:02,383 - System.tprint - INFO - ℹ️ 🐛 DEBUG: Found 0 versions in metadata: [] INFO
[2026-01-01 02:08:02.383] 🐛 DEBUG: Found 0 versions in HDF5: [] INFO
2026-01-01 02:08:02,383 - System.tprint - INFO - ℹ️ 🐛 DEBUG: Found 0 versions in HDF5: [] INFO
[2026-01-01 02:08:02.384] 🐛 DEBUG: _load_metadata() checking versioned_artifacts/ETHUSDT_binance_1h_long_regime_risk_hmm/metadata.json INFO
2026-01-01 02:08:02,384 - System.tprint - INFO - ℹ️ 🐛 DEBUG: _load_metadata() checking versioned_artifacts/ETHUSDT_binance_1h_long_regime_risk_hmm/metadata.json INFO
[2026-01-01 02:08:02.384] 🐛 DEBUG: Metadata file exists, size: 139 bytes INFO
2026-01-01 02:08:02,384 - System.tprint - INFO - ℹ️ 🐛 DEBUG: Metadata file exists, size: 139 bytes INFO
[2026-01-01 02:08:02.384] 🐛 DEBUG: Successfully loaded metadata with 0 versions INFO
2026-01-01 02:08:02,385 - System.tprint - INFO - ℹ️ 🐛 DEBUG: Successfully loaded metadata with 0 versions INFO
[2026-01-01 02:08:02.384] 🐛 DEBUG: list_versions() called INFO
2026-01-01 02:08:02,385 - System.tprint - INFO - ℹ️ 🐛 DEBUG: list_versions() called INFO
[2026-01-01 02:08:02.384] 🐛 DEBUG: Metadata file exists: True INFO
2026-01-01 02:08:02,385 - System.tprint - INFO - ℹ️ 🐛 DEBUG: Metadata file exists: True INFO
[2026-01-01 02:08:02.384] 🐛 DEBUG: HDF5 file exists: True INFO
2026-01-01 02:08:02,385 - System.tprint - INFO - ℹ️ 🐛 DEBUG: HDF5 file exists: True INFO
[2026-01-01 02:08:02.384] 🐛 DEBUG: Reloading metadata to get latest versions INFO
2026-01-01 02:08:02,385 - System.tprint - INFO - ℹ️ 🐛 DEBUG: Reloading metadata to get latest versions INFO
[2026-01-01 02:08:02.384] 🐛 DEBUG: _load_metadata() checking versioned_artifacts/ETHUSDT_binance_1h_long_regime_risk_hmm/metadata.json INFO
2026-01-01 02:08:02,385 - System.tprint - INFO - ℹ️ 🐛 DEBUG: _load_metadata() checking versioned_artifacts/ETHUSDT_binance_1h_long_regime_risk_hmm/metadata.json INFO
[2026-01-01 02:08:02.384] 🐛 DEBUG: Metadata file exists, size: 139 bytes INFO
2026-01-01 02:08:02,385 - System.tprint - INFO - ℹ️ 🐛 DEBUG: Metadata file exists, size: 139 bytes INFO
[2026-01-01 02:08:02.385] 🐛 DEBUG: Successfully loaded metadata with 0 versions INFO
2026-01-01 02:08:02,385 - System.tprint - INFO - ℹ️ 🐛 DEBUG: Successfully loaded metadata with 0 versions INFO
[2026-01-01 02:08:02.385] 🐛 DEBUG: Found 0 versions in metadata: [] INFO
2026-01-01 02:08:02,385 - System.tprint - INFO - ℹ️ 🐛 DEBUG: Found 0 versions in metadata: [] INFO
[2026-01-01 02:08:02.385] 🐛 DEBUG: Found 0 versions in HDF5: [] INFO
2026-01-01 02:08:02,386 - System.tprint - INFO - ℹ️ 🐛 DEBUG: Found 0 versions in HDF5: [] INFO
[2026-01-01 02:08:02.386] 🐛 DEBUG: _load_metadata() checking versioned_artifacts/ETHUSDT_binance_1h_long_regime_risk/metadata.json INFO
2026-01-01 02:08:02,386 - System.tprint - INFO - ℹ️ 🐛 DEBUG: _load_metadata() checking versioned_artifacts/ETHUSDT_binance_1h_long_regime_risk/metadata.json INFO
[2026-01-01 02:08:02.386] 🐛 DEBUG: Metadata file exists, size: 139 bytes INFO
2026-01-01 02:08:02,387 - System.tprint - INFO - ℹ️ 🐛 DEBUG: Metadata file exists, size: 139 bytes INFO
[2026-01-01 02:08:02.386] 🐛 DEBUG: Successfully loaded metadata with 0 versions INFO
2026-01-01 02:08:02,387 - System.tprint - INFO - ℹ️ 🐛 DEBUG: Successfully loaded metadata with 0 versions INFO
[2026-01-01 02:08:02.387] 🐛 DEBUG: list_versions() called INFO
2026-01-01 02:08:02,387 - System.tprint - INFO - ℹ️ 🐛 DEBUG: list_versions() called INFO
[2026-01-01 02:08:02.387] 🐛 DEBUG: Metadata file exists: True INFO
2026-01-01 02:08:02,387 - System.tprint - INFO - ℹ️ 🐛 DEBUG: Metadata file exists: True INFO
[2026-01-01 02:08:02.387] 🐛 DEBUG: HDF5 file exists: True INFO
2026-01-01 02:08:02,388 - System.tprint - INFO - ℹ️ 🐛 DEBUG: HDF5 file exists: True INFO
[2026-01-01 02:08:02.387] 🐛 DEBUG: Reloading metadata to get latest versions INFO
2026-01-01 02:08:02,388 - System.tprint - INFO - ℹ️ 🐛 DEBUG: Reloading metadata to get latest versions INFO
[2026-01-01 02:08:02.387] 🐛 DEBUG: _load_metadata() checking versioned_artifacts/ETHUSDT_binance_1h_long_regime_risk/metadata.json INFO
2026-01-01 02:08:02,388 - System.tprint - INFO - ℹ️ 🐛 DEBUG: _load_metadata() checking versioned_artifacts/ETHUSDT_binance_1h_long_regime_risk/metadata.json INFO
[2026-01-01 02:08:02.387] 🐛 DEBUG: Metadata file exists, size: 139 bytes INFO
2026-01-01 02:08:02,388 - System.tprint - INFO - ℹ️ 🐛 DEBUG: Metadata file exists, size: 139 bytes INFO
[2026-01-01 02:08:02.387] 🐛 DEBUG: Successfully loaded metadata with 0 versions INFO
2026-01-01 02:08:02,388 - System.tprint - INFO - ℹ️ 🐛 DEBUG: Successfully loaded metadata with 0 versions INFO
[2026-01-01 02:08:02.387] 🐛 DEBUG: Found 0 versions in metadata: [] INFO
2026-01-01 02:08:02,388 - System.tprint - INFO - ℹ️ 🐛 DEBUG: Found 0 versions in metadata: [] INFO
[2026-01-01 02:08:02.389] 🐛 DEBUG: Found 0 versions in HDF5: [] INFO
2026-01-01 02:08:02,389 - System.tprint - INFO - ℹ️ 🐛 DEBUG: Found 0 versions in HDF5: [] INFO
[2026-01-01 02:08:02.389] 🐛 DEBUG: _load_metadata() checking versioned_artifacts/ETHUSDT_binance_15m_long_momentum_persistence/metadata.json INFO
2026-01-01 02:08:02,390 - System.tprint - INFO - ℹ️ 🐛 DEBUG: _load_metadata() checking versioned_artifacts/ETHUSDT_binance_15m_long_momentum_persistence/metadata.json INFO
[2026-01-01 02:08:02.390] 🐛 DEBUG: Metadata file does not exist, returning default metadata INFO
2026-01-01 02:08:02,390 - System.tprint - INFO - ℹ️ 🐛 DEBUG: Metadata file does not exist, returning default metadata INFO
[2026-01-01 02:08:02.390] 🐛 DEBUG: list_versions() called INFO
2026-01-01 02:08:02,390 - System.tprint - INFO - ℹ️ 🐛 DEBUG: list_versions() called INFO
[2026-01-01 02:08:02.390] 🐛 DEBUG: Metadata file exists: False INFO
2026-01-01 02:08:02,390 - System.tprint - INFO - ℹ️ 🐛 DEBUG: Metadata file exists: False INFO
[2026-01-01 02:08:02.390] 🐛 DEBUG: HDF5 file exists: True INFO
2026-01-01 02:08:02,390 - System.tprint - INFO - ℹ️ 🐛 DEBUG: HDF5 file exists: True INFO
[2026-01-01 02:08:02.390] 🐛 DEBUG: Reloading metadata to get latest versions INFO
2026-01-01 02:08:02,391 - System.tprint - INFO - ℹ️ 🐛 DEBUG: Reloading metadata to get latest versions INFO
[2026-01-01 02:08:02.390] 🐛 DEBUG: _load_metadata() checking versioned_artifacts/ETHUSDT_binance_15m_long_momentum_persistence/metadata.json INFO
2026-01-01 02:08:02,391 - System.tprint - INFO - ℹ️ 🐛 DEBUG: _load_metadata() checking versioned_artifacts/ETHUSDT_binance_15m_long_momentum_persistence/metadata.json INFO
[2026-01-01 02:08:02.390] 🐛 DEBUG: Metadata file does not exist, returning default metadata INFO
2026-01-01 02:08:02,391 - System.tprint - INFO - ℹ️ 🐛 DEBUG: Metadata file does not exist, returning default metadata INFO
[2026-01-01 02:08:02.390] 🐛 DEBUG: Found 0 versions in metadata: [] INFO
2026-01-01 02:08:02,391 - System.tprint - INFO - ℹ️ 🐛 DEBUG: Found 0 versions in metadata: [] INFO
[2026-01-01 02:08:02.391] 🐛 DEBUG: Found 0 versions in HDF5: [] INFO
2026-01-01 02:08:02,391 - System.tprint - INFO - ℹ️ 🐛 DEBUG: Found 0 versions in HDF5: [] INFO
[2026-01-01 02:08:02.392] 🐛 DEBUG: _load_metadata() checking versioned_artifacts/ETHUSDT_binance_1h_long_blank/metadata.json INFO
2026-01-01 02:08:02,392 - System.tprint - INFO - ℹ️ 🐛 DEBUG: _load_metadata() checking versioned_artifacts/ETHUSDT_binance_1h_long_blank/metadata.json INFO
[2026-01-01 02:08:02.392] 🐛 DEBUG: Metadata file exists, size: 139 bytes INFO
2026-01-01 02:08:02,392 - System.tprint - INFO - ℹ️ 🐛 DEBUG: Metadata file exists, size: 139 bytes INFO
[2026-01-01 02:08:02.392] 🐛 DEBUG: Successfully loaded metadata with 0 versions INFO
2026-01-01 02:08:02,393 - System.tprint - INFO - ℹ️ 🐛 DEBUG: Successfully loaded metadata with 0 versions INFO
[2026-01-01 02:08:02.392] 🐛 DEBUG: list_versions() called INFO
2026-01-01 02:08:02,393 - System.tprint - INFO - ℹ️ 🐛 DEBUG: list_versions() called INFO
[2026-01-01 02:08:02.392] 🐛 DEBUG: Metadata file exists: True INFO
2026-01-01 02:08:02,393 - System.tprint - INFO - ℹ️ 🐛 DEBUG: Metadata file exists: True INFO
[2026-01-01 02:08:02.392] 🐛 DEBUG: HDF5 file exists: True INFO
2026-01-01 02:08:02,393 - System.tprint - INFO - ℹ️ 🐛 DEBUG: HDF5 file exists: True INFO
[2026-01-01 02:08:02.392] 🐛 DEBUG: Reloading metadata to get latest versions INFO
2026-01-01 02:08:02,393 - System.tprint - INFO - ℹ️ 🐛 DEBUG: Reloading metadata to get latest versions INFO
[2026-01-01 02:08:02.392] 🐛 DEBUG: _load_metadata() checking versioned_artifacts/ETHUSDT_binance_1h_long_blank/metadata.json INFO
2026-01-01 02:08:02,393 - System.tprint - INFO - ℹ️ 🐛 DEBUG: _load_metadata() checking versioned_artifacts/ETHUSDT_binance_1h_long_blank/metadata.json INFO
[2026-01-01 02:08:02.392] 🐛 DEBUG: Metadata file exists, size: 139 bytes INFO
2026-01-01 02:08:02,393 - System.tprint - INFO - ℹ️ 🐛 DEBUG: Metadata file exists, size: 139 bytes INFO
[2026-01-01 02:08:02.393] 🐛 DEBUG: Successfully loaded metadata with 0 versions INFO
2026-01-01 02:08:02,393 - System.tprint - INFO - ℹ️ 🐛 DEBUG: Successfully loaded metadata with 0 versions INFO
[2026-01-01 02:08:02.393] 🐛 DEBUG: Found 0 versions in metadata: [] INFO
2026-01-01 02:08:02,393 - System.tprint - INFO - ℹ️ 🐛 DEBUG: Found 0 versions in metadata: [] INFO
[2026-01-01 02:08:02.393] 🐛 DEBUG: Found 0 versions in HDF5: [] INFO
2026-01-01 02:08:02,394 - System.tprint - INFO - ℹ️ 🐛 DEBUG: Found 0 versions in HDF5: [] INFO
[2026-01-01 02:08:02.396] 🐛 DEBUG: _load_metadata() checking versioned_artifacts/ETHUSDT_binance_15m_long_regime_mr_trend/metadata.json INFO
2026-01-01 02:08:02,396 - System.tprint - INFO - ℹ️ 🐛 DEBUG: _load_metadata() checking versioned_artifacts/ETHUSDT_binance_15m_long_regime_mr_trend/metadata.json INFO
[2026-01-01 02:08:02.396] 🐛 DEBUG: Metadata file exists, size: 139 bytes INFO
2026-01-01 02:08:02,397 - System.tprint - INFO - ℹ️ 🐛 DEBUG: Metadata file exists, size: 139 bytes INFO
[2026-01-01 02:08:02.397] 🐛 DEBUG: Successfully loaded metadata with 0 versions INFO
2026-01-01 02:08:02,398 - System.tprint - INFO - ℹ️ 🐛 DEBUG: Successfully loaded metadata with 0 versions INFO
[2026-01-01 02:08:02.397] 🐛 DEBUG: list_versions() called INFO
2026-01-01 02:08:02,398 - System.tprint - INFO - ℹ️ 🐛 DEBUG: list_versions() called INFO
[2026-01-01 02:08:02.397] 🐛 DEBUG: Metadata file exists: True INFO
2026-01-01 02:08:02,399 - System.tprint - INFO - ℹ️ 🐛 DEBUG: Metadata file exists: True INFO
[2026-01-01 02:08:02.399] 🐛 DEBUG: HDF5 file exists: True INFO
2026-01-01 02:08:02,399 - System.tprint - INFO - ℹ️ 🐛 DEBUG: HDF5 file exists: True INFO
[2026-01-01 02:08:02.399] 🐛 DEBUG: Reloading metadata to get latest versions INFO
2026-01-01 02:08:02,399 - System.tprint - INFO - ℹ️ 🐛 DEBUG: Reloading metadata to get latest versions INFO
[2026-01-01 02:08:02.399] 🐛 DEBUG: _load_metadata() checking versioned_artifacts/ETHUSDT_binance_15m_long_regime_mr_trend/metadata.json INFO
2026-01-01 02:08:02,399 - System.tprint - INFO - ℹ️ 🐛 DEBUG: _load_metadata() checking versioned_artifacts/ETHUSDT_binance_15m_long_regime_mr_trend/metadata.json INFO
[2026-01-01 02:08:02.399] 🐛 DEBUG: Metadata file exists, size: 139 bytes INFO
2026-01-01 02:08:02,399 - System.tprint - INFO - ℹ️ 🐛 DEBUG: Metadata file exists, size: 139 bytes INFO
[2026-01-01 02:08:02.399] 🐛 DEBUG: Successfully loaded metadata with 0 versions INFO
2026-01-01 02:08:02,399 - System.tprint - INFO - ℹ️ 🐛 DEBUG: Successfully loaded metadata with 0 versions INFO
[2026-01-01 02:08:02.399] 🐛 DEBUG: Found 0 versions in metadata: [] INFO
2026-01-01 02:08:02,399 - System.tprint - INFO - ℹ️ 🐛 DEBUG: Found 0 versions in metadata: [] INFO
[2026-01-01 02:08:02.400] 🐛 DEBUG: Found 0 versions in HDF5: [] INFO
2026-01-01 02:08:02,400 - System.tprint - INFO - ℹ️ 🐛 DEBUG: Found 0 versions in HDF5: [] INFO
[2026-01-01 02:08:02.400] 🐛 DEBUG: _load_metadata() checking versioned_artifacts/ETHUSDT_binance_15m_long_regime_risk_hmm/metadata.json INFO
2026-01-01 02:08:02,400 - System.tprint - INFO - ℹ️ 🐛 DEBUG: _load_metadata() checking versioned_artifacts/ETHUSDT_binance_15m_long_regime_risk_hmm/metadata.json INFO
[2026-01-01 02:08:02.400] 🐛 DEBUG: Metadata file exists, size: 1035 bytes INFO
2026-01-01 02:08:02,400 - System.tprint - INFO - ℹ️ 🐛 DEBUG: Metadata file exists, size: 1035 bytes INFO
[2026-01-01 02:08:02.401] 🐛 DEBUG: Successfully loaded metadata with 1 versions INFO
2026-01-01 02:08:02,401 - System.tprint - INFO - ℹ️ 🐛 DEBUG: Successfully loaded metadata with 1 versions INFO
[2026-01-01 02:08:02.401] 🐛 DEBUG: list_versions() called INFO
2026-01-01 02:08:02,401 - System.tprint - INFO - ℹ️ 🐛 DEBUG: list_versions() called INFO
[2026-01-01 02:08:02.401] 🐛 DEBUG: Metadata file exists: True INFO
2026-01-01 02:08:02,401 - System.tprint - INFO - ℹ️ 🐛 DEBUG: Metadata file exists: True INFO
[2026-01-01 02:08:02.401] 🐛 DEBUG: HDF5 file exists: True INFO
2026-01-01 02:08:02,401 - System.tprint - INFO - ℹ️ 🐛 DEBUG: HDF5 file exists: True INFO
[2026-01-01 02:08:02.401] 🐛 DEBUG: Reloading metadata to get latest versions INFO
2026-01-01 02:08:02,401 - System.tprint - INFO - ℹ️ 🐛 DEBUG: Reloading metadata to get latest versions INFO
[2026-01-01 02:08:02.401] 🐛 DEBUG: _load_metadata() checking versioned_artifacts/ETHUSDT_binance_15m_long_regime_risk_hmm/metadata.json INFO
2026-01-01 02:08:02,401 - System.tprint - INFO - ℹ️ 🐛 DEBUG: _load_metadata() checking versioned_artifacts/ETHUSDT_binance_15m_long_regime_risk_hmm/metadata.json INFO
[2026-01-01 02:08:02.401] 🐛 DEBUG: Metadata file exists, size: 1035 bytes INFO
2026-01-01 02:08:02,401 - System.tprint - INFO - ℹ️ 🐛 DEBUG: Metadata file exists, size: 1035 bytes INFO
[2026-01-01 02:08:02.401] 🐛 DEBUG: Successfully loaded metadata with 1 versions INFO
2026-01-01 02:08:02,402 - System.tprint - INFO - ℹ️ 🐛 DEBUG: Successfully loaded metadata with 1 versions INFO
[2026-01-01 02:08:02.402] 🐛 DEBUG: Found 1 versions in metadata: ['ml_risk_hmm_training_data_15m_20251205_191725_560'] INFO
2026-01-01 02:08:02,402 - System.tprint - INFO - ℹ️ 🐛 DEBUG: Found 1 versions in metadata: ['ml_risk_hmm_training_data_15m_20251205_191725_560'] INFO
[2026-01-01 02:08:02.402] 🐛 DEBUG: Found 1 versions in HDF5: ['ml_risk_hmm_training_data_15m_20251205_191725_560'] INFO
2026-01-01 02:08:02,403 - System.tprint - INFO - ℹ️ 🐛 DEBUG: Found 1 versions in HDF5: ['ml_risk_hmm_training_data_15m_20251205_191725_560'] INFO
[2026-01-01 02:08:02.404] 🐛 DEBUG: _load_metadata() checking versioned_artifacts/ETHUSDT_binance_15m_long_analyst/metadata.json INFO
2026-01-01 02:08:02,404 - System.tprint - INFO - ℹ️ 🐛 DEBUG: _load_metadata() checking versioned_artifacts/ETHUSDT_binance_15m_long_analyst/metadata.json INFO
[2026-01-01 02:08:02.404] 🐛 DEBUG: Metadata file exists, size: 24005 bytes INFO
2026-01-01 02:08:02,404 - System.tprint - INFO - ℹ️ 🐛 DEBUG: Metadata file exists, size: 24005 bytes INFO
[2026-01-01 02:08:02.405] 🐛 DEBUG: Successfully loaded metadata with 8 versions INFO
2026-01-01 02:08:02,405 - System.tprint - INFO - ℹ️ 🐛 DEBUG: Successfully loaded metadata with 8 versions INFO
[2026-01-01 02:08:02.405] 🐛 DEBUG: list_versions() called INFO
2026-01-01 02:08:02,406 - System.tprint - INFO - ℹ️ 🐛 DEBUG: list_versions() called INFO
[2026-01-01 02:08:02.405] 🐛 DEBUG: Metadata file exists: True INFO
2026-01-01 02:08:02,406 - System.tprint - INFO - ℹ️ 🐛 DEBUG: Metadata file exists: True INFO
[2026-01-01 02:08:02.406] 🐛 DEBUG: HDF5 file exists: True INFO
2026-01-01 02:08:02,406 - System.tprint - INFO - ℹ️ 🐛 DEBUG: HDF5 file exists: True INFO
[2026-01-01 02:08:02.406] 🐛 DEBUG: Reloading metadata to get latest versions INFO
2026-01-01 02:08:02,406 - System.tprint - INFO - ℹ️ 🐛 DEBUG: Reloading metadata to get latest versions INFO
[2026-01-01 02:08:02.406] 🐛 DEBUG: _load_metadata() checking versioned_artifacts/ETHUSDT_binance_15m_long_analyst/metadata.json INFO
2026-01-01 02:08:02,407 - System.tprint - INFO - ℹ️ 🐛 DEBUG: _load_metadata() checking versioned_artifacts/ETHUSDT_binance_15m_long_analyst/metadata.json INFO
[2026-01-01 02:08:02.406] 🐛 DEBUG: Metadata file exists, size: 24005 bytes INFO
2026-01-01 02:08:02,407 - System.tprint - INFO - ℹ️ 🐛 DEBUG: Metadata file exists, size: 24005 bytes INFO
[2026-01-01 02:08:02.408] 🐛 DEBUG: Successfully loaded metadata with 8 versions INFO
2026-01-01 02:08:02,408 - System.tprint - INFO - ℹ️ 🐛 DEBUG: Successfully loaded metadata with 8 versions INFO
[2026-01-01 02:08:02.408] 🐛 DEBUG: Found 8 versions in metadata: ['weighted_meta_model_training_matrix_ETHUSDT_binance_15m_long_20251214_184321_623', 'labeled_data_ETHUSDT_binance_15m_long_20251214_220950_753', 'labeled_data_ETHUSDT_binance_15m_long_20251214_224631_542', 'labeled_data_ETHUSDT_binance_15m_long_20251214_233640_586', 'labeled_data_ETHUSDT_binance_15m_long_20251214_235041_562', 'labeled_data_ETHUSDT_15m_20251219_235959_715', 'labeled_data_ETHUSDT_15m_20251220_000301_152', 'labeled_data_ETHUSDT_15m_20251220_000738_204'] INFO
2026-01-01 02:08:02,408 - System.tprint - INFO - ℹ️ 🐛 DEBUG: Found 8 versions in metadata: ['weighted_meta_model_training_matrix_ETHUSDT_binance_15m_long_20251214_184321_623', 'labeled_data_ETHUSDT_binance_15m_long_20251214_220950_753', 'labeled_data_ETHUSDT_binance_15m_long_20251214_224631_542', 'labeled_data_ETHUSDT_binance_15m_long_20251214_233640_586', 'labeled_data_ETHUSDT_binance_15m_long_20251214_235041_562', 'labeled_data_ETHUSDT_15m_20251219_235959_715', 'labeled_data_ETHUSDT_15m_20251220_000301_152', 'labeled_data_ETHUSDT_15m_20251220_000738_204'] INFO
[2026-01-01 02:08:02.409] 🐛 DEBUG: Found 8 versions in HDF5: ['labeled_data_ETHUSDT_15m_20251219_235959_715', 'labeled_data_ETHUSDT_15m_20251220_000301_152', 'labeled_data_ETHUSDT_15m_20251220_000738_204', 'labeled_data_ETHUSDT_binance_15m_long_20251214_220950_753', 'labeled_data_ETHUSDT_binance_15m_long_20251214_224631_542', 'labeled_data_ETHUSDT_binance_15m_long_20251214_233640_586', 'labeled_data_ETHUSDT_binance_15m_long_20251214_235041_562', 'weighted_meta_model_training_matrix_ETHUSDT_binance_15m_long_20251214_184321_623'] INFO
2026-01-01 02:08:02,409 - System.tprint - INFO - ℹ️ 🐛 DEBUG: Found 8 versions in HDF5: ['labeled_data_ETHUSDT_15m_20251219_235959_715', 'labeled_data_ETHUSDT_15m_20251220_000301_152', 'labeled_data_ETHUSDT_15m_20251220_000738_204', 'labeled_data_ETHUSDT_binance_15m_long_20251214_220950_753', 'labeled_data_ETHUSDT_binance_15m_long_20251214_224631_542', 'labeled_data_ETHUSDT_binance_15m_long_20251214_233640_586', 'labeled_data_ETHUSDT_binance_15m_long_20251214_235041_562', 'weighted_meta_model_training_matrix_ETHUSDT_binance_15m_long_20251214_184321_623'] INFO
[2026-01-01 02:08:02.410] 🐛 DEBUG: _load_metadata() checking versioned_artifacts/ETHUSDT_binance_1h_long_regime_macro_trend/metadata.json INFO
2026-01-01 02:08:02,410 - System.tprint - INFO - ℹ️ 🐛 DEBUG: _load_metadata() checking versioned_artifacts/ETHUSDT_binance_1h_long_regime_macro_trend/metadata.json INFO
[2026-01-01 02:08:02.410] 🐛 DEBUG: Metadata file exists, size: 17432 bytes INFO
2026-01-01 02:08:02,411 - System.tprint - INFO - ℹ️ 🐛 DEBUG: Metadata file exists, size: 17432 bytes INFO
[2026-01-01 02:08:02.411] 🐛 DEBUG: Successfully loaded metadata with 5 versions INFO
2026-01-01 02:08:02,411 - System.tprint - INFO - ℹ️ 🐛 DEBUG: Successfully loaded metadata with 5 versions INFO
[2026-01-01 02:08:02.411] 🐛 DEBUG: list_versions() called INFO
2026-01-01 02:08:02,412 - System.tprint - INFO - ℹ️ 🐛 DEBUG: list_versions() called INFO
[2026-01-01 02:08:02.411] 🐛 DEBUG: Metadata file exists: True INFO
2026-01-01 02:08:02,412 - System.tprint - INFO - ℹ️ 🐛 DEBUG: Metadata file exists: True INFO
[2026-01-01 02:08:02.411] 🐛 DEBUG: HDF5 file exists: True INFO
2026-01-01 02:08:02,412 - System.tprint - INFO - ℹ️ 🐛 DEBUG: HDF5 file exists: True INFO
[2026-01-01 02:08:02.411] 🐛 DEBUG: Reloading metadata to get latest versions INFO
2026-01-01 02:08:02,412 - System.tprint - INFO - ℹ️ 🐛 DEBUG: Reloading metadata to get latest versions INFO
[2026-01-01 02:08:02.411] 🐛 DEBUG: _load_metadata() checking versioned_artifacts/ETHUSDT_binance_1h_long_regime_macro_trend/metadata.json INFO
2026-01-01 02:08:02,412 - System.tprint - INFO - ℹ️ 🐛 DEBUG: _load_metadata() checking versioned_artifacts/ETHUSDT_binance_1h_long_regime_macro_trend/metadata.json INFO
[2026-01-01 02:08:02.411] 🐛 DEBUG: Metadata file exists, size: 17432 bytes INFO
2026-01-01 02:08:02,412 - System.tprint - INFO - ℹ️ 🐛 DEBUG: Metadata file exists, size: 17432 bytes INFO
[2026-01-01 02:08:02.412] 🐛 DEBUG: Successfully loaded metadata with 5 versions INFO
2026-01-01 02:08:02,412 - System.tprint - INFO - ℹ️ 🐛 DEBUG: Successfully loaded metadata with 5 versions INFO
[2026-01-01 02:08:02.412] 🐛 DEBUG: Found 5 versions in metadata: ['hmm_macro_trend_regime_quality_1h_20251204_224507_427', 'hmm_macro_trend_regime_quality_1h_20251204_225044_960', 'hmm_macro_trend_regime_quality_1h_20251205_183537_791', 'hmm_macro_trend_regime_quality_1h_20251205_191709_242', 'hmm_macro_trend_regime_quality_1h_20251213_170722_488'] INFO
2026-01-01 02:08:02,413 - System.tprint - INFO - ℹ️ 🐛 DEBUG: Found 5 versions in metadata: ['hmm_macro_trend_regime_quality_1h_20251204_224507_427', 'hmm_macro_trend_regime_quality_1h_20251204_225044_960', 'hmm_macro_trend_regime_quality_1h_20251205_183537_791', 'hmm_macro_trend_regime_quality_1h_20251205_191709_242', 'hmm_macro_trend_regime_quality_1h_20251213_170722_488'] INFO
[2026-01-01 02:08:02.413] 🐛 DEBUG: Found 5 versions in HDF5: ['hmm_macro_trend_regime_quality_1h_20251204_224507_427', 'hmm_macro_trend_regime_quality_1h_20251204_225044_960', 'hmm_macro_trend_regime_quality_1h_20251205_183537_791', 'hmm_macro_trend_regime_quality_1h_20251205_191709_242', 'hmm_macro_trend_regime_quality_1h_20251213_170722_488'] INFO
2026-01-01 02:08:02,413 - System.tprint - INFO - ℹ️ 🐛 DEBUG: Found 5 versions in HDF5: ['hmm_macro_trend_regime_quality_1h_20251204_224507_427', 'hmm_macro_trend_regime_quality_1h_20251204_225044_960', 'hmm_macro_trend_regime_quality_1h_20251205_183537_791', 'hmm_macro_trend_regime_quality_1h_20251205_191709_242', 'hmm_macro_trend_regime_quality_1h_20251213_170722_488'] INFO
[2026-01-01 02:08:02.414] 🐛 DEBUG: _load_metadata() checking versioned_artifacts/ETHUSDT_binance_1h_long_regime/metadata.json INFO
2026-01-01 02:08:02,415 - System.tprint - INFO - ℹ️ 🐛 DEBUG: _load_metadata() checking versioned_artifacts/ETHUSDT_binance_1h_long_regime/metadata.json INFO
[2026-01-01 02:08:02.414] 🐛 DEBUG: Metadata file exists, size: 3249 bytes INFO
2026-01-01 02:08:02,415 - System.tprint - INFO - ℹ️ 🐛 DEBUG: Metadata file exists, size: 3249 bytes INFO
[2026-01-01 02:08:02.414] 🐛 DEBUG: Successfully loaded metadata with 5 versions INFO
2026-01-01 02:08:02,415 - System.tprint - INFO - ℹ️ 🐛 DEBUG: Successfully loaded metadata with 5 versions INFO
[2026-01-01 02:08:02.414] 🐛 DEBUG: list_versions() called INFO
2026-01-01 02:08:02,415 - System.tprint - INFO - ℹ️ 🐛 DEBUG: list_versions() called INFO
[2026-01-01 02:08:02.414] 🐛 DEBUG: Metadata file exists: True INFO
2026-01-01 02:08:02,415 - System.tprint - INFO - ℹ️ 🐛 DEBUG: Metadata file exists: True INFO
[2026-01-01 02:08:02.414] 🐛 DEBUG: HDF5 file exists: True INFO
2026-01-01 02:08:02,415 - System.tprint - INFO - ℹ️ 🐛 DEBUG: HDF5 file exists: True INFO
[2026-01-01 02:08:02.414] 🐛 DEBUG: Reloading metadata to get latest versions INFO
2026-01-01 02:08:02,415 - System.tprint - INFO - ℹ️ 🐛 DEBUG: Reloading metadata to get latest versions INFO
[2026-01-01 02:08:02.415] 🐛 DEBUG: _load_metadata() checking versioned_artifacts/ETHUSDT_binance_1h_long_regime/metadata.json INFO
2026-01-01 02:08:02,416 - System.tprint - INFO - ℹ️ 🐛 DEBUG: _load_metadata() checking versioned_artifacts/ETHUSDT_binance_1h_long_regime/metadata.json INFO
[2026-01-01 02:08:02.415] 🐛 DEBUG: Metadata file exists, size: 3249 bytes INFO
2026-01-01 02:08:02,416 - System.tprint - INFO - ℹ️ 🐛 DEBUG: Metadata file exists, size: 3249 bytes INFO
[2026-01-01 02:08:02.415] 🐛 DEBUG: Successfully loaded metadata with 5 versions INFO
2026-01-01 02:08:02,416 - System.tprint - INFO - ℹ️ 🐛 DEBUG: Successfully loaded metadata with 5 versions INFO
[2026-01-01 02:08:02.417] 🐛 DEBUG: Found 5 versions in metadata: ['rolling_hmm_regime_confidence_features_20251122_003448_094', 'rolling_hmm_economic_features_20251122_003448_124', 'rolling_hmm_regime_labels_20251122_003448_165', 'rolling_hmm_regime_probabilities_20251122_003448_178', 'rolling_hmm_transition_matrix_20251122_003448_193'] INFO
2026-01-01 02:08:02,417 - System.tprint - INFO - ℹ️ 🐛 DEBUG: Found 5 versions in metadata: ['rolling_hmm_regime_confidence_features_20251122_003448_094', 'rolling_hmm_economic_features_20251122_003448_124', 'rolling_hmm_regime_labels_20251122_003448_165', 'rolling_hmm_regime_probabilities_20251122_003448_178', 'rolling_hmm_transition_matrix_20251122_003448_193'] INFO
[2026-01-01 02:08:02.418] 🐛 DEBUG: Found 5 versions in HDF5: ['rolling_hmm_economic_features_20251122_003448_124', 'rolling_hmm_regime_confidence_features_20251122_003448_094', 'rolling_hmm_regime_labels_20251122_003448_165', 'rolling_hmm_regime_probabilities_20251122_003448_178', 'rolling_hmm_transition_matrix_20251122_003448_193'] INFO
2026-01-01 02:08:02,418 - System.tprint - INFO - ℹ️ 🐛 DEBUG: Found 5 versions in HDF5: ['rolling_hmm_economic_features_20251122_003448_124', 'rolling_hmm_regime_confidence_features_20251122_003448_094', 'rolling_hmm_regime_labels_20251122_003448_165', 'rolling_hmm_regime_probabilities_20251122_003448_178', 'rolling_hmm_transition_matrix_20251122_003448_193'] INFO
[2026-01-01 02:08:02.419] 🐛 DEBUG: _load_metadata() checking versioned_artifacts/ETHUSDT_binance_15m_long_blank/metadata.json INFO
2026-01-01 02:08:02,419 - System.tprint - INFO - ℹ️ 🐛 DEBUG: _load_metadata() checking versioned_artifacts/ETHUSDT_binance_15m_long_blank/metadata.json INFO
[2026-01-01 02:08:02.419] 🐛 DEBUG: Metadata file exists, size: 139 bytes INFO
2026-01-01 02:08:02,419 - System.tprint - INFO - ℹ️ 🐛 DEBUG: Metadata file exists, size: 139 bytes INFO
[2026-01-01 02:08:02.419] 🐛 DEBUG: Successfully loaded metadata with 0 versions INFO
2026-01-01 02:08:02,420 - System.tprint - INFO - ℹ️ 🐛 DEBUG: Successfully loaded metadata with 0 versions INFO
[2026-01-01 02:08:02.420] 🐛 DEBUG: list_versions() called INFO
2026-01-01 02:08:02,420 - System.tprint - INFO - ℹ️ 🐛 DEBUG: list_versions() called INFO
[2026-01-01 02:08:02.420] 🐛 DEBUG: Metadata file exists: True INFO
2026-01-01 02:08:02,420 - System.tprint - INFO - ℹ️ 🐛 DEBUG: Metadata file exists: True INFO
[2026-01-01 02:08:02.420] 🐛 DEBUG: HDF5 file exists: True INFO
2026-01-01 02:08:02,420 - System.tprint - INFO - ℹ️ 🐛 DEBUG: HDF5 file exists: True INFO
[2026-01-01 02:08:02.420] 🐛 DEBUG: Reloading metadata to get latest versions INFO
2026-01-01 02:08:02,420 - System.tprint - INFO - ℹ️ 🐛 DEBUG: Reloading metadata to get latest versions INFO
[2026-01-01 02:08:02.420] 🐛 DEBUG: _load_metadata() checking versioned_artifacts/ETHUSDT_binance_15m_long_blank/metadata.json INFO
2026-01-01 02:08:02,421 - System.tprint - INFO - ℹ️ 🐛 DEBUG: _load_metadata() checking versioned_artifacts/ETHUSDT_binance_15m_long_blank/metadata.json INFO
[2026-01-01 02:08:02.420] 🐛 DEBUG: Metadata file exists, size: 139 bytes INFO
2026-01-01 02:08:02,421 - System.tprint - INFO - ℹ️ 🐛 DEBUG: Metadata file exists, size: 139 bytes INFO
[2026-01-01 02:08:02.420] 🐛 DEBUG: Successfully loaded metadata with 0 versions INFO
2026-01-01 02:08:02,421 - System.tprint - INFO - ℹ️ 🐛 DEBUG: Successfully loaded metadata with 0 versions INFO
[2026-01-01 02:08:02.420] 🐛 DEBUG: Found 0 versions in metadata: [] INFO
2026-01-01 02:08:02,421 - System.tprint - INFO - ℹ️ 🐛 DEBUG: Found 0 versions in metadata: [] INFO
[2026-01-01 02:08:02.421] 🐛 DEBUG: Found 0 versions in HDF5: [] INFO
2026-01-01 02:08:02,421 - System.tprint - INFO - ℹ️ 🐛 DEBUG: Found 0 versions in HDF5: [] INFO
[2026-01-01 02:08:02.421] 🐛 DEBUG: _load_metadata() checking versioned_artifacts/ETHUSDT_binance_15m_long_regime_alpha/metadata.json INFO
2026-01-01 02:08:02,422 - System.tprint - INFO - ℹ️ 🐛 DEBUG: _load_metadata() checking versioned_artifacts/ETHUSDT_binance_15m_long_regime_alpha/metadata.json INFO
[2026-01-01 02:08:02.421] 🐛 DEBUG: Metadata file exists, size: 139 bytes INFO
2026-01-01 02:08:02,422 - System.tprint - INFO - ℹ️ 🐛 DEBUG: Metadata file exists, size: 139 bytes INFO
[2026-01-01 02:08:02.421] 🐛 DEBUG: Successfully loaded metadata with 0 versions INFO
2026-01-01 02:08:02,422 - System.tprint - INFO - ℹ️ 🐛 DEBUG: Successfully loaded metadata with 0 versions INFO
[2026-01-01 02:08:02.421] 🐛 DEBUG: list_versions() called INFO
2026-01-01 02:08:02,422 - System.tprint - INFO - ℹ️ 🐛 DEBUG: list_versions() called INFO
[2026-01-01 02:08:02.421] 🐛 DEBUG: Metadata file exists: True INFO
2026-01-01 02:08:02,422 - System.tprint - INFO - ℹ️ 🐛 DEBUG: Metadata file exists: True INFO
[2026-01-01 02:08:02.421] 🐛 DEBUG: HDF5 file exists: True INFO
2026-01-01 02:08:02,422 - System.tprint - INFO - ℹ️ 🐛 DEBUG: HDF5 file exists: True INFO
[2026-01-01 02:08:02.422] 🐛 DEBUG: Reloading metadata to get latest versions INFO
2026-01-01 02:08:02,422 - System.tprint - INFO - ℹ️ 🐛 DEBUG: Reloading metadata to get latest versions INFO
[2026-01-01 02:08:02.422] 🐛 DEBUG: _load_metadata() checking versioned_artifacts/ETHUSDT_binance_15m_long_regime_alpha/metadata.json INFO
2026-01-01 02:08:02,422 - System.tprint - INFO - ℹ️ 🐛 DEBUG: _load_metadata() checking versioned_artifacts/ETHUSDT_binance_15m_long_regime_alpha/metadata.json INFO
[2026-01-01 02:08:02.422] 🐛 DEBUG: Metadata file exists, size: 139 bytes INFO
2026-01-01 02:08:02,422 - System.tprint - INFO - ℹ️ 🐛 DEBUG: Metadata file exists, size: 139 bytes INFO
[2026-01-01 02:08:02.422] 🐛 DEBUG: Successfully loaded metadata with 0 versions INFO
2026-01-01 02:08:02,423 - System.tprint - INFO - ℹ️ 🐛 DEBUG: Successfully loaded metadata with 0 versions INFO
[2026-01-01 02:08:02.422] 🐛 DEBUG: Found 0 versions in metadata: [] INFO
2026-01-01 02:08:02,423 - System.tprint - INFO - ℹ️ 🐛 DEBUG: Found 0 versions in metadata: [] INFO
[2026-01-01 02:08:02.422] 🐛 DEBUG: Found 0 versions in HDF5: [] INFO
2026-01-01 02:08:02,423 - System.tprint - INFO - ℹ️ 🐛 DEBUG: Found 0 versions in HDF5: [] INFO
2026-01-01 02:08:02,424 - System.ArtifactManager - WARNING - ⚠️ Artifact not found: market_data
2026-01-01 02:08:02,424 - System.ArtifactManager - INFO - ℹ️ 📁 Context set: step=meta_labeling_hpo_sample_weighted, symbol=None, exchange=None, timeframe=None, datetime=2026-01-01 02:08:02.016971, information=None, direction=long, model=Analyst
[2026-01-01 02:08:02.424] ⚠️ Artifact 'market_data' not found in any storage | UNKNOWN/binance [15m] long/analyst
2026-01-01 02:08:02,424 - System.tprint - INFO - ℹ️ ⚠️ Artifact 'market_data' not found in any storage | UNKNOWN/binance [15m] long/analyst
2026-01-01 02:08:02,424 - System.ArtifactManager - INFO - ℹ️ 📁 Context set: step=data_reading, symbol=ETHUSDT, exchange=binance, timeframe=15m, datetime=2026-01-01 01:08:02.424277, information=None, direction=long, model=Analyst
[2026-01-01 02:08:02.424] 📂 Retrieving artifact 'ohlcv_data' (type: data) | UNKNOWN/binance [15m] long/analyst
2026-01-01 02:08:02,424 - System.tprint - INFO - ℹ️ 📂 Retrieving artifact 'ohlcv_data' (type: data) | UNKNOWN/binance [15m] long/analyst
[2026-01-01 02:08:02.424] 🐛 DEBUG [load_klines]: last_n_days=None, start_time=None, end_time=None INFO
2026-01-01 02:08:02,424 - System.tprint - INFO - ℹ️ 🐛 DEBUG [load_klines]: last_n_days=None, start_time=None, end_time=None INFO
[2026-01-01 02:08:02.424] WARNING: ⚠️ No klines files found for UNKNOWN binance 15m
2026-01-01 02:08:02,424 - System.tprint - WARNING - ⚠️ No klines files found for UNKNOWN binance 15m
2026-01-01 02:08:02,425 - src.utils.kline_parquet - INFO - ℹ️ load_klines executed in 0.67ms
[2026-01-01 02:08:02.425] WARNING:   │  ⚠️  Loaded empty DataFrame
2026-01-01 02:08:02,425 - System.tprint - WARNING - ⚠️ │  ⚠️  Loaded empty DataFrame
[2026-01-01 02:08:02.425] WARNING:   └─ Trying next storage method
2026-01-01 02:08:02,425 - System.tprint - WARNING - ⚠️ └─ Trying next storage method
[2026-01-01 02:08:02.425] 🐛 DEBUG: _get_versioned_store() with store_key: UNKNOWN_binance_15m_long_analyst INFO
2026-01-01 02:08:02,425 - System.tprint - INFO - ℹ️ 🐛 DEBUG: _get_versioned_store() with store_key: UNKNOWN_binance_15m_long_analyst INFO
[2026-01-01 02:08:02.425] 🐛 DEBUG: Using existing cached store for UNKNOWN_binance_15m_long_analyst INFO
2026-01-01 02:08:02,425 - System.tprint - INFO - ℹ️ 🐛 DEBUG: Using existing cached store for UNKNOWN_binance_15m_long_analyst INFO
[2026-01-01 02:08:02.425] 🐛 DEBUG: get_statistics() called INFO
2026-01-01 02:08:02,425 - System.tprint - INFO - ℹ️ 🐛 DEBUG: get_statistics() called INFO
[2026-01-01 02:08:02.425] 🐛 DEBUG: Reloading metadata for statistics INFO
2026-01-01 02:08:02,425 - System.tprint - INFO - ℹ️ 🐛 DEBUG: Reloading metadata for statistics INFO
[2026-01-01 02:08:02.425] 🐛 DEBUG: _load_metadata() checking versioned_artifacts/UNKNOWN_binance_15m_long_analyst/metadata.json INFO
2026-01-01 02:08:02,425 - System.tprint - INFO - ℹ️ 🐛 DEBUG: _load_metadata() checking versioned_artifacts/UNKNOWN_binance_15m_long_analyst/metadata.json INFO
[2026-01-01 02:08:02.425] 🐛 DEBUG: Metadata file exists, size: 15351 bytes INFO
2026-01-01 02:08:02,425 - System.tprint - INFO - ℹ️ 🐛 DEBUG: Metadata file exists, size: 15351 bytes INFO
[2026-01-01 02:08:02.425] 🐛 DEBUG: Successfully loaded metadata with 5 versions INFO
2026-01-01 02:08:02,426 - System.tprint - INFO - ℹ️ 🐛 DEBUG: Successfully loaded metadata with 5 versions INFO
[2026-01-01 02:08:02.425] 🐛 DEBUG: Statistics - num_versions: 5 INFO
2026-01-01 02:08:02,426 - System.tprint - INFO - ℹ️ 🐛 DEBUG: Statistics - num_versions: 5 INFO
[2026-01-01 02:08:02.426] 🐛 DEBUG: Statistics - current_version: final_validation_metrics_20251116_161159_946 INFO
2026-01-01 02:08:02,426 - System.tprint - INFO - ℹ️ 🐛 DEBUG: Statistics - current_version: final_validation_metrics_20251116_161159_946 INFO
[2026-01-01 02:08:02.426] 🐛 DEBUG: Statistics - h5_file_size_mb: 280.5141086578369 INFO
2026-01-01 02:08:02,426 - System.tprint - INFO - ℹ️ 🐛 DEBUG: Statistics - h5_file_size_mb: 280.5141086578369 INFO
[2026-01-01 02:08:02.429] 🐛 DEBUG: Existing store statistics: {'store_path': 'versioned_artifacts/UNKNOWN_binance_15m_long_analyst', 'num_versions': 5, 'current_version': 'final_validation_metrics_20251116_161159_946', 'created_at': '2025-11-07T18:22:44.911801', 'h5_file_size_mb': 280.5141086578369, 'chunking': {'chunk_rows': 'auto', 'chunk_cols': 'auto'}, 'changelog': {'total_changes': 305, 'changes_by_type': {'add_data': 305}, 'top_versions': {'analyst_interaction_features_20251108_161950_019': 1, 'analyst_interaction_features_20251108_164300_578': 1, 'analyst_interaction_features_20251108_171945_952': 1, 'analyst_interaction_features_20251108_175314_530': 1, 'analyst_interaction_features_20251108_180922_905': 1, 'analyst_interaction_features_20251108_184752_938': 1, 'analyst_interaction_features_20251108_191026_801': 1, 'analyst_interaction_features_20251111_185727_726': 1, 'final_dataset_40_20251108_172617_791': 1, 'final_dataset_40_20251108_172829_013': 1}, 'time_range': {'earliest': '2025-11-07T18:27:00.789522', 'latest': '2025-11-24T21:16:51.681722'}}, 'row_versioning': {'total_rows_tracked': 0, 'total_versions': 0, 'average_versions_per_row': 0, 'most_versioned_rows': []}} INFO
2026-01-01 02:08:02,429 - System.tprint - INFO - ℹ️ 🐛 DEBUG: Existing store statistics: {'store_path': 'versioned_artifacts/UNKNOWN_binance_15m_long_analyst', 'num_versions': 5, 'current_version': 'final_validation_metrics_20251116_161159_946', 'created_at': '2025-11-07T18:22:44.911801', 'h5_file_size_mb': 280.5141086578369, 'chunking': {'chunk_rows': 'auto', 'chunk_cols': 'auto'}, 'changelog': {'total_changes': 305, 'changes_by_type': {'add_data': 305}, 'top_versions': {'analyst_interaction_features_20251108_161950_019': 1, 'analyst_interaction_features_20251108_164300_578': 1, 'analyst_interaction_features_20251108_171945_952': 1, 'analyst_interaction_features_20251108_175314_530': 1, 'analyst_interaction_features_20251108_180922_905': 1, 'analyst_interaction_features_20251108_184752_938': 1, 'analyst_interaction_features_20251108_191026_801': 1, 'analyst_interaction_features_20251111_185727_726': 1, 'final_dataset_40_20251108_172617_791': 1, 'final_dataset_40_20251108_172829_013': 1}, 'time_range': {'earliest': '2025-11-07T18:27:00.789522', 'latest': '2025-11-24T21:16:51.681722'}}, 'row_versioning': {'total_rows_tracked': 0, 'total_versions': 0, 'average_versions_per_row': 0, 'most_versioned_rows': []}} INFO
[2026-01-01 02:08:02.430] 🐛 DEBUG: list_versions() called INFO
2026-01-01 02:08:02,430 - System.tprint - INFO - ℹ️ 🐛 DEBUG: list_versions() called INFO
[2026-01-01 02:08:02.430] 🐛 DEBUG: Metadata file exists: True INFO
2026-01-01 02:08:02,430 - System.tprint - INFO - ℹ️ 🐛 DEBUG: Metadata file exists: True INFO
[2026-01-01 02:08:02.430] 🐛 DEBUG: HDF5 file exists: True INFO
2026-01-01 02:08:02,430 - System.tprint - INFO - ℹ️ 🐛 DEBUG: HDF5 file exists: True INFO
[2026-01-01 02:08:02.430] 🐛 DEBUG: Reloading metadata to get latest versions INFO
2026-01-01 02:08:02,430 - System.tprint - INFO - ℹ️ 🐛 DEBUG: Reloading metadata to get latest versions INFO
[2026-01-01 02:08:02.430] 🐛 DEBUG: _load_metadata() checking versioned_artifacts/UNKNOWN_binance_15m_long_analyst/metadata.json INFO
2026-01-01 02:08:02,431 - System.tprint - INFO - ℹ️ 🐛 DEBUG: _load_metadata() checking versioned_artifacts/UNKNOWN_binance_15m_long_analyst/metadata.json INFO
[2026-01-01 02:08:02.431] 🐛 DEBUG: Metadata file exists, size: 15351 bytes INFO
2026-01-01 02:08:02,431 - System.tprint - INFO - ℹ️ 🐛 DEBUG: Metadata file exists, size: 15351 bytes INFO
[2026-01-01 02:08:02.431] 🐛 DEBUG: Successfully loaded metadata with 5 versions INFO
2026-01-01 02:08:02,431 - System.tprint - INFO - ℹ️ 🐛 DEBUG: Successfully loaded metadata with 5 versions INFO
[2026-01-01 02:08:02.431] 🐛 DEBUG: Found 5 versions in metadata: ['final_dataset_60_20251116_161159_683', 'final_dataset_50_20251116_161159_720', 'final_dataset_40_20251116_161159_752', 'labeled_dataframe_20251116_161159_781', 'final_validation_metrics_20251116_161159_946'] INFO
2026-01-01 02:08:02,431 - System.tprint - INFO - ℹ️ 🐛 DEBUG: Found 5 versions in metadata: ['final_dataset_60_20251116_161159_683', 'final_dataset_50_20251116_161159_720', 'final_dataset_40_20251116_161159_752', 'labeled_dataframe_20251116_161159_781', 'final_validation_metrics_20251116_161159_946'] INFO
[2026-01-01 02:08:02.432] 🐛 DEBUG: Found 5 versions in HDF5: ['final_dataset_40_20251116_161159_752', 'final_dataset_50_20251116_161159_720', 'final_dataset_60_20251116_161159_683', 'final_validation_metrics_20251116_161159_946', 'labeled_dataframe_20251116_161159_781'] INFO
2026-01-01 02:08:02,432 - System.tprint - INFO - ℹ️ 🐛 DEBUG: Found 5 versions in HDF5: ['final_dataset_40_20251116_161159_752', 'final_dataset_50_20251116_161159_720', 'final_dataset_60_20251116_161159_683', 'final_validation_metrics_20251116_161159_946', 'labeled_dataframe_20251116_161159_781'] INFO
[2026-01-01 02:08:02.432] WARNING:   │  No matching versions in primary store
2026-01-01 02:08:02,432 - System.tprint - WARNING - ⚠️ │  No matching versions in primary store
[2026-01-01 02:08:02.432] 🐛 DEBUG: list_versions() called INFO
2026-01-01 02:08:02,432 - System.tprint - INFO - ℹ️ 🐛 DEBUG: list_versions() called INFO
[2026-01-01 02:08:02.432] 🐛 DEBUG: Metadata file exists: True INFO
2026-01-01 02:08:02,433 - System.tprint - INFO - ℹ️ 🐛 DEBUG: Metadata file exists: True INFO
[2026-01-01 02:08:02.433] 🐛 DEBUG: HDF5 file exists: True INFO
2026-01-01 02:08:02,433 - System.tprint - INFO - ℹ️ 🐛 DEBUG: HDF5 file exists: True INFO
[2026-01-01 02:08:02.433] 🐛 DEBUG: Reloading metadata to get latest versions INFO
2026-01-01 02:08:02,433 - System.tprint - INFO - ℹ️ 🐛 DEBUG: Reloading metadata to get latest versions INFO
[2026-01-01 02:08:02.433] 🐛 DEBUG: _load_metadata() checking versioned_artifacts/UNKNOWN_binance_15m_long_analyst/metadata.json INFO
2026-01-01 02:08:02,434 - System.tprint - INFO - ℹ️ 🐛 DEBUG: _load_metadata() checking versioned_artifacts/UNKNOWN_binance_15m_long_analyst/metadata.json INFO
[2026-01-01 02:08:02.433] 🐛 DEBUG: Metadata file exists, size: 15351 bytes INFO
2026-01-01 02:08:02,434 - System.tprint - INFO - ℹ️ 🐛 DEBUG: Metadata file exists, size: 15351 bytes INFO
[2026-01-01 02:08:02.435] 🐛 DEBUG: Successfully loaded metadata with 5 versions INFO
2026-01-01 02:08:02,435 - System.tprint - INFO - ℹ️ 🐛 DEBUG: Successfully loaded metadata with 5 versions INFO
[2026-01-01 02:08:02.435] 🐛 DEBUG: Found 5 versions in metadata: ['final_dataset_60_20251116_161159_683', 'final_dataset_50_20251116_161159_720', 'final_dataset_40_20251116_161159_752', 'labeled_dataframe_20251116_161159_781', 'final_validation_metrics_20251116_161159_946'] INFO
2026-01-01 02:08:02,435 - System.tprint - INFO - ℹ️ 🐛 DEBUG: Found 5 versions in metadata: ['final_dataset_60_20251116_161159_683', 'final_dataset_50_20251116_161159_720', 'final_dataset_40_20251116_161159_752', 'labeled_dataframe_20251116_161159_781', 'final_validation_metrics_20251116_161159_946'] INFO
[2026-01-01 02:08:02.436] 🐛 DEBUG: Found 5 versions in HDF5: ['final_dataset_40_20251116_161159_752', 'final_dataset_50_20251116_161159_720', 'final_dataset_60_20251116_161159_683', 'final_validation_metrics_20251116_161159_946', 'labeled_dataframe_20251116_161159_781'] INFO
2026-01-01 02:08:02,437 - System.tprint - INFO - ℹ️ 🐛 DEBUG: Found 5 versions in HDF5: ['final_dataset_40_20251116_161159_752', 'final_dataset_50_20251116_161159_720', 'final_dataset_60_20251116_161159_683', 'final_validation_metrics_20251116_161159_946', 'labeled_dataframe_20251116_161159_781'] INFO
[2026-01-01 02:08:02.436] WARNING:   │  ⚠️  Not found in any versioned store
2026-01-01 02:08:02,437 - System.tprint - WARNING - ⚠️ │  ⚠️  Not found in any versioned store
[2026-01-01 02:08:02.438] WARNING:   └─ Trying next storage method
2026-01-01 02:08:02,438 - System.tprint - WARNING - ⚠️ └─ Trying next storage method
[2026-01-01 02:08:02.438] ERROR: ┌──────────────────────────────────────────────────────────────────────────────┐
2026-01-01 02:08:02,439 - System.tprint - ERROR - ❌ ┌──────────────────────────────────────────────────────────────────────────────┐
[2026-01-01 02:08:02.439] ERROR: │  ❌ ARTIFACT ROUTER: LOAD FAILED - NOT FOUND                                │
2026-01-01 02:08:02,439 - System.tprint - ERROR - ❌ │  ❌ ARTIFACT ROUTER: LOAD FAILED - NOT FOUND                                │
[2026-01-01 02:08:02.439] ERROR: │  Artifact 'ohlcv_data' not found in any storage                        │ 
2026-01-01 02:08:02,440 - System.tprint - ERROR - ❌ │  Artifact 'ohlcv_data' not found in any storage                        │ 
[2026-01-01 02:08:02.440] ERROR: └──────────────────────────────────────────────────────────────────────────────┘
2026-01-01 02:08:02,440 - System.tprint - ERROR - ❌ └──────────────────────────────────────────────────────────────────────────────┘
2026-01-01 02:08:02,440 - ares.step.meta_labeling_hpo_sample_weighted - WARNING - ⚠️ Artifact 'ohlcv_data' not found via router, trying traditional manager
[2026-01-01 02:08:02.440] ⚠️ Trying fallback to traditional artifact manager | UNKNOWN/binance [15m] long/analyst
2026-01-01 02:08:02,441 - System.tprint - INFO - ℹ️ ⚠️ Trying fallback to traditional artifact manager | UNKNOWN/binance [15m] long/analyst
2026-01-01 02:08:02,441 - System.ArtifactManager - INFO - ℹ️ 📁 Context set: step=meta_labeling_hpo_sample_weighted, symbol=None, exchange=None, timeframe=15m, datetime=2026-01-01 02:08:02.016971, information=None, direction=long, model=Analyst
[2026-01-01 02:08:02.443] 🐛 DEBUG: _load_metadata() checking versioned_artifacts/UNKNOWN_binance_1h_long_analyst/metadata.json INFO
2026-01-01 02:08:02,443 - System.tprint - INFO - ℹ️ 🐛 DEBUG: _load_metadata() checking versioned_artifacts/UNKNOWN_binance_1h_long_analyst/metadata.json INFO
[2026-01-01 02:08:02.443] 🐛 DEBUG: Metadata file exists, size: 200 bytes INFO
2026-01-01 02:08:02,444 - System.tprint - INFO - ℹ️ 🐛 DEBUG: Metadata file exists, size: 200 bytes INFO
[2026-01-01 02:08:02.443] 🐛 DEBUG: Successfully loaded metadata with 0 versions INFO
2026-01-01 02:08:02,444 - System.tprint - INFO - ℹ️ 🐛 DEBUG: Successfully loaded metadata with 0 versions INFO
[2026-01-01 02:08:02.443] 🐛 DEBUG: list_versions() called INFO
2026-01-01 02:08:02,444 - System.tprint - INFO - ℹ️ 🐛 DEBUG: list_versions() called INFO
[2026-01-01 02:08:02.443] 🐛 DEBUG: Metadata file exists: True INFO
2026-01-01 02:08:02,444 - System.tprint - INFO - ℹ️ 🐛 DEBUG: Metadata file exists: True INFO
[2026-01-01 02:08:02.443] 🐛 DEBUG: HDF5 file exists: True INFO
2026-01-01 02:08:02,444 - System.tprint - INFO - ℹ️ 🐛 DEBUG: HDF5 file exists: True INFO
[2026-01-01 02:08:02.445] 🐛 DEBUG: Reloading metadata to get latest versions INFO
2026-01-01 02:08:02,445 - System.tprint - INFO - ℹ️ 🐛 DEBUG: Reloading metadata to get latest versions INFO
[2026-01-01 02:08:02.445] 🐛 DEBUG: _load_metadata() checking versioned_artifacts/UNKNOWN_binance_1h_long_analyst/metadata.json INFO
2026-01-01 02:08:02,445 - System.tprint - INFO - ℹ️ 🐛 DEBUG: _load_metadata() checking versioned_artifacts/UNKNOWN_binance_1h_long_analyst/metadata.json INFO
[2026-01-01 02:08:02.445] 🐛 DEBUG: Metadata file exists, size: 200 bytes INFO
2026-01-01 02:08:02,445 - System.tprint - INFO - ℹ️ 🐛 DEBUG: Metadata file exists, size: 200 bytes INFO
[2026-01-01 02:08:02.445] 🐛 DEBUG: Successfully loaded metadata with 0 versions INFO
2026-01-01 02:08:02,445 - System.tprint - INFO - ℹ️ 🐛 DEBUG: Successfully loaded metadata with 0 versions INFO
[2026-01-01 02:08:02.445] 🐛 DEBUG: Found 0 versions in metadata: [] INFO
2026-01-01 02:08:02,446 - System.tprint - INFO - ℹ️ 🐛 DEBUG: Found 0 versions in metadata: [] INFO
[2026-01-01 02:08:02.447] 🐛 DEBUG: Found 0 versions in HDF5: [] INFO
2026-01-01 02:08:02,448 - System.tprint - INFO - ℹ️ 🐛 DEBUG: Found 0 versions in HDF5: [] INFO
[2026-01-01 02:08:02.449] 🐛 DEBUG: _load_metadata() checking versioned_artifacts/UNKNOWN_binance_15m_long_analyst/metadata.json INFO
2026-01-01 02:08:02,449 - System.tprint - INFO - ℹ️ 🐛 DEBUG: _load_metadata() checking versioned_artifacts/UNKNOWN_binance_15m_long_analyst/metadata.json INFO
[2026-01-01 02:08:02.449] 🐛 DEBUG: Metadata file exists, size: 15351 bytes INFO
2026-01-01 02:08:02,449 - System.tprint - INFO - ℹ️ 🐛 DEBUG: Metadata file exists, size: 15351 bytes INFO
[2026-01-01 02:08:02.449] 🐛 DEBUG: Successfully loaded metadata with 5 versions INFO
2026-01-01 02:08:02,450 - System.tprint - INFO - ℹ️ 🐛 DEBUG: Successfully loaded metadata with 5 versions INFO
[2026-01-01 02:08:02.449] 🐛 DEBUG: list_versions() called INFO
2026-01-01 02:08:02,450 - System.tprint - INFO - ℹ️ 🐛 DEBUG: list_versions() called INFO
[2026-01-01 02:08:02.449] 🐛 DEBUG: Metadata file exists: True INFO
2026-01-01 02:08:02,450 - System.tprint - INFO - ℹ️ 🐛 DEBUG: Metadata file exists: True INFO
[2026-01-01 02:08:02.449] 🐛 DEBUG: HDF5 file exists: True INFO
2026-01-01 02:08:02,450 - System.tprint - INFO - ℹ️ 🐛 DEBUG: HDF5 file exists: True INFO
[2026-01-01 02:08:02.451] 🐛 DEBUG: Reloading metadata to get latest versions INFO
2026-01-01 02:08:02,451 - System.tprint - INFO - ℹ️ 🐛 DEBUG: Reloading metadata to get latest versions INFO
[2026-01-01 02:08:02.451] 🐛 DEBUG: _load_metadata() checking versioned_artifacts/UNKNOWN_binance_15m_long_analyst/metadata.json INFO
2026-01-01 02:08:02,451 - System.tprint - INFO - ℹ️ 🐛 DEBUG: _load_metadata() checking versioned_artifacts/UNKNOWN_binance_15m_long_analyst/metadata.json INFO
[2026-01-01 02:08:02.451] 🐛 DEBUG: Metadata file exists, size: 15351 bytes INFO
2026-01-01 02:08:02,451 - System.tprint - INFO - ℹ️ 🐛 DEBUG: Metadata file exists, size: 15351 bytes INFO
[2026-01-01 02:08:02.452] 🐛 DEBUG: Successfully loaded metadata with 5 versions INFO
2026-01-01 02:08:02,452 - System.tprint - INFO - ℹ️ 🐛 DEBUG: Successfully loaded metadata with 5 versions INFO
[2026-01-01 02:08:02.452] 🐛 DEBUG: Found 5 versions in metadata: ['final_dataset_60_20251116_161159_683', 'final_dataset_50_20251116_161159_720', 'final_dataset_40_20251116_161159_752', 'labeled_dataframe_20251116_161159_781', 'final_validation_metrics_20251116_161159_946'] INFO
2026-01-01 02:08:02,452 - System.tprint - INFO - ℹ️ 🐛 DEBUG: Found 5 versions in metadata: ['final_dataset_60_20251116_161159_683', 'final_dataset_50_20251116_161159_720', 'final_dataset_40_20251116_161159_752', 'labeled_dataframe_20251116_161159_781', 'final_validation_metrics_20251116_161159_946'] INFO
[2026-01-01 02:08:02.452] 🐛 DEBUG: Found 5 versions in HDF5: ['final_dataset_40_20251116_161159_752', 'final_dataset_50_20251116_161159_720', 'final_dataset_60_20251116_161159_683', 'final_validation_metrics_20251116_161159_946', 'labeled_dataframe_20251116_161159_781'] INFO
2026-01-01 02:08:02,453 - System.tprint - INFO - ℹ️ 🐛 DEBUG: Found 5 versions in HDF5: ['final_dataset_40_20251116_161159_752', 'final_dataset_50_20251116_161159_720', 'final_dataset_60_20251116_161159_683', 'final_validation_metrics_20251116_161159_946', 'labeled_dataframe_20251116_161159_781'] INFO
[2026-01-01 02:08:02.453] 🐛 DEBUG: _load_metadata() checking versioned_artifacts/ETHUSDT_binance_15m_long_sr_labeling_xgb/metadata.json INFO
2026-01-01 02:08:02,453 - System.tprint - INFO - ℹ️ 🐛 DEBUG: _load_metadata() checking versioned_artifacts/ETHUSDT_binance_15m_long_sr_labeling_xgb/metadata.json INFO
[2026-01-01 02:08:02.453] 🐛 DEBUG: Metadata file exists, size: 139 bytes INFO
2026-01-01 02:08:02,453 - System.tprint - INFO - ℹ️ 🐛 DEBUG: Metadata file exists, size: 139 bytes INFO
[2026-01-01 02:08:02.453] 🐛 DEBUG: Successfully loaded metadata with 0 versions INFO
2026-01-01 02:08:02,453 - System.tprint - INFO - ℹ️ 🐛 DEBUG: Successfully loaded metadata with 0 versions INFO
[2026-01-01 02:08:02.453] 🐛 DEBUG: list_versions() called INFO
2026-01-01 02:08:02,453 - System.tprint - INFO - ℹ️ 🐛 DEBUG: list_versions() called INFO
[2026-01-01 02:08:02.453] 🐛 DEBUG: Metadata file exists: True INFO
2026-01-01 02:08:02,454 - System.tprint - INFO - ℹ️ 🐛 DEBUG: Metadata file exists: True INFO
[2026-01-01 02:08:02.453] 🐛 DEBUG: HDF5 file exists: True INFO
2026-01-01 02:08:02,454 - System.tprint - INFO - ℹ️ 🐛 DEBUG: HDF5 file exists: True INFO
[2026-01-01 02:08:02.453] 🐛 DEBUG: Reloading metadata to get latest versions INFO
2026-01-01 02:08:02,454 - System.tprint - INFO - ℹ️ 🐛 DEBUG: Reloading metadata to get latest versions INFO
[2026-01-01 02:08:02.453] 🐛 DEBUG: _load_metadata() checking versioned_artifacts/ETHUSDT_binance_15m_long_sr_labeling_xgb/metadata.json INFO
2026-01-01 02:08:02,454 - System.tprint - INFO - ℹ️ 🐛 DEBUG: _load_metadata() checking versioned_artifacts/ETHUSDT_binance_15m_long_sr_labeling_xgb/metadata.json INFO
[2026-01-01 02:08:02.453] 🐛 DEBUG: Metadata file exists, size: 139 bytes INFO
2026-01-01 02:08:02,454 - System.tprint - INFO - ℹ️ 🐛 DEBUG: Metadata file exists, size: 139 bytes INFO
[2026-01-01 02:08:02.453] 🐛 DEBUG: Successfully loaded metadata with 0 versions INFO
2026-01-01 02:08:02,454 - System.tprint - INFO - ℹ️ 🐛 DEBUG: Successfully loaded metadata with 0 versions INFO
[2026-01-01 02:08:02.454] 🐛 DEBUG: Found 0 versions in metadata: [] INFO
2026-01-01 02:08:02,454 - System.tprint - INFO - ℹ️ 🐛 DEBUG: Found 0 versions in metadata: [] INFO
[2026-01-01 02:08:02.454] 🐛 DEBUG: Found 0 versions in HDF5: [] INFO
2026-01-01 02:08:02,455 - System.tprint - INFO - ℹ️ 🐛 DEBUG: Found 0 versions in HDF5: [] INFO
[2026-01-01 02:08:02.455] 🐛 DEBUG: _load_metadata() checking versioned_artifacts/ETHUSDT_binance_1h_long_breakout_bounce/metadata.json INFO
2026-01-01 02:08:02,456 - System.tprint - INFO - ℹ️ 🐛 DEBUG: _load_metadata() checking versioned_artifacts/ETHUSDT_binance_1h_long_breakout_bounce/metadata.json INFO
[2026-01-01 02:08:02.455] 🐛 DEBUG: Metadata file exists, size: 11462 bytes INFO
2026-01-01 02:08:02,456 - System.tprint - INFO - ℹ️ 🐛 DEBUG: Metadata file exists, size: 11462 bytes INFO
[2026-01-01 02:08:02.457] 🐛 DEBUG: Successfully loaded metadata with 5 versions INFO
2026-01-01 02:08:02,457 - System.tprint - INFO - ℹ️ 🐛 DEBUG: Successfully loaded metadata with 5 versions INFO
[2026-01-01 02:08:02.457] 🐛 DEBUG: list_versions() called INFO
2026-01-01 02:08:02,457 - System.tprint - INFO - ℹ️ 🐛 DEBUG: list_versions() called INFO
[2026-01-01 02:08:02.457] 🐛 DEBUG: Metadata file exists: True INFO
2026-01-01 02:08:02,457 - System.tprint - INFO - ℹ️ 🐛 DEBUG: Metadata file exists: True INFO
[2026-01-01 02:08:02.458] 🐛 DEBUG: HDF5 file exists: True INFO
2026-01-01 02:08:02,458 - System.tprint - INFO - ℹ️ 🐛 DEBUG: HDF5 file exists: True INFO
[2026-01-01 02:08:02.458] 🐛 DEBUG: Reloading metadata to get latest versions INFO
2026-01-01 02:08:02,458 - System.tprint - INFO - ℹ️ 🐛 DEBUG: Reloading metadata to get latest versions INFO
[2026-01-01 02:08:02.459] 🐛 DEBUG: _load_metadata() checking versioned_artifacts/ETHUSDT_binance_1h_long_breakout_bounce/metadata.json INFO
2026-01-01 02:08:02,460 - System.tprint - INFO - ℹ️ 🐛 DEBUG: _load_metadata() checking versioned_artifacts/ETHUSDT_binance_1h_long_breakout_bounce/metadata.json INFO
[2026-01-01 02:08:02.459] 🐛 DEBUG: Metadata file exists, size: 11462 bytes INFO
2026-01-01 02:08:02,460 - System.tprint - INFO - ℹ️ 🐛 DEBUG: Metadata file exists, size: 11462 bytes INFO
[2026-01-01 02:08:02.459] 🐛 DEBUG: Successfully loaded metadata with 5 versions INFO
2026-01-01 02:08:02,460 - System.tprint - INFO - ℹ️ 🐛 DEBUG: Successfully loaded metadata with 5 versions INFO
[2026-01-01 02:08:02.459] 🐛 DEBUG: Found 5 versions in metadata: ['ml_breakout_bounce_training_data_1h_20251123_144326_526', 'ml_breakout_bounce_training_data_1h_20251123_153924_083', 'ml_breakout_bounce_training_data_1h_20251123_160312_391', 'ml_breakout_bounce_training_data_1h_20251123_160800_355', 'ml_breakout_bounce_training_data_1h_20251123_162859_853'] INFO
2026-01-01 02:08:02,460 - System.tprint - INFO - ℹ️ 🐛 DEBUG: Found 5 versions in metadata: ['ml_breakout_bounce_training_data_1h_20251123_144326_526', 'ml_breakout_bounce_training_data_1h_20251123_153924_083', 'ml_breakout_bounce_training_data_1h_20251123_160312_391', 'ml_breakout_bounce_training_data_1h_20251123_160800_355', 'ml_breakout_bounce_training_data_1h_20251123_162859_853'] INFO
[2026-01-01 02:08:02.461] 🐛 DEBUG: Found 5 versions in HDF5: ['ml_breakout_bounce_training_data_1h_20251123_144326_526', 'ml_breakout_bounce_training_data_1h_20251123_153924_083', 'ml_breakout_bounce_training_data_1h_20251123_160312_391', 'ml_breakout_bounce_training_data_1h_20251123_160800_355', 'ml_breakout_bounce_training_data_1h_20251123_162859_853'] INFO
2026-01-01 02:08:02,461 - System.tprint - INFO - ℹ️ 🐛 DEBUG: Found 5 versions in HDF5: ['ml_breakout_bounce_training_data_1h_20251123_144326_526', 'ml_breakout_bounce_training_data_1h_20251123_153924_083', 'ml_breakout_bounce_training_data_1h_20251123_160312_391', 'ml_breakout_bounce_training_data_1h_20251123_160800_355', 'ml_breakout_bounce_training_data_1h_20251123_162859_853'] INFO
[2026-01-01 02:08:02.461] 🐛 DEBUG: _load_metadata() checking versioned_artifacts/ETHUSDT_binance_15m_long_liquidity_regime/metadata.json INFO
2026-01-01 02:08:02,462 - System.tprint - INFO - ℹ️ 🐛 DEBUG: _load_metadata() checking versioned_artifacts/ETHUSDT_binance_15m_long_liquidity_regime/metadata.json INFO
[2026-01-01 02:08:02.462] 🐛 DEBUG: Metadata file exists, size: 17282 bytes INFO
2026-01-01 02:08:02,462 - System.tprint - INFO - ℹ️ 🐛 DEBUG: Metadata file exists, size: 17282 bytes INFO
[2026-01-01 02:08:02.462] 🐛 DEBUG: Successfully loaded metadata with 6 versions INFO
2026-01-01 02:08:02,463 - System.tprint - INFO - ℹ️ 🐛 DEBUG: Successfully loaded metadata with 6 versions INFO
[2026-01-01 02:08:02.462] 🐛 DEBUG: list_versions() called INFO
2026-01-01 02:08:02,463 - System.tprint - INFO - ℹ️ 🐛 DEBUG: list_versions() called INFO
[2026-01-01 02:08:02.462] 🐛 DEBUG: Metadata file exists: True INFO
2026-01-01 02:08:02,463 - System.tprint - INFO - ℹ️ 🐛 DEBUG: Metadata file exists: True INFO
[2026-01-01 02:08:02.464] 🐛 DEBUG: HDF5 file exists: True INFO
2026-01-01 02:08:02,464 - System.tprint - INFO - ℹ️ 🐛 DEBUG: HDF5 file exists: True INFO
[2026-01-01 02:08:02.464] 🐛 DEBUG: Reloading metadata to get latest versions INFO
2026-01-01 02:08:02,464 - System.tprint - INFO - ℹ️ 🐛 DEBUG: Reloading metadata to get latest versions INFO
[2026-01-01 02:08:02.464] 🐛 DEBUG: _load_metadata() checking versioned_artifacts/ETHUSDT_binance_15m_long_liquidity_regime/metadata.json INFO
2026-01-01 02:08:02,464 - System.tprint - INFO - ℹ️ 🐛 DEBUG: _load_metadata() checking versioned_artifacts/ETHUSDT_binance_15m_long_liquidity_regime/metadata.json INFO
[2026-01-01 02:08:02.464] 🐛 DEBUG: Metadata file exists, size: 17282 bytes INFO
2026-01-01 02:08:02,464 - System.tprint - INFO - ℹ️ 🐛 DEBUG: Metadata file exists, size: 17282 bytes INFO
[2026-01-01 02:08:02.464] 🐛 DEBUG: Successfully loaded metadata with 6 versions INFO
2026-01-01 02:08:02,465 - System.tprint - INFO - ℹ️ 🐛 DEBUG: Successfully loaded metadata with 6 versions INFO
[2026-01-01 02:08:02.465] 🐛 DEBUG: Found 6 versions in metadata: ['ml_liquidity_regime_probs_15m_20251213_170827_692', 'ml_liquidity_training_data_15m_20251213_221548_209', 'ml_liquidity_regime_probs_15m_20251231_170726_502', 'ml_liquidity_training_data_15m_20251231_170859_400', 'ml_liquidity_regime_probs_15m_20251231_172132_488', 'ml_liquidity_training_data_15m_20251231_172224_742'] INFO
2026-01-01 02:08:02,465 - System.tprint - INFO - ℹ️ 🐛 DEBUG: Found 6 versions in metadata: ['ml_liquidity_regime_probs_15m_20251213_170827_692', 'ml_liquidity_training_data_15m_20251213_221548_209', 'ml_liquidity_regime_probs_15m_20251231_170726_502', 'ml_liquidity_training_data_15m_20251231_170859_400', 'ml_liquidity_regime_probs_15m_20251231_172132_488', 'ml_liquidity_training_data_15m_20251231_172224_742'] INFO
[2026-01-01 02:08:02.465] 🐛 DEBUG: Found 6 versions in HDF5: ['ml_liquidity_regime_probs_15m_20251213_170827_692', 'ml_liquidity_regime_probs_15m_20251231_170726_502', 'ml_liquidity_regime_probs_15m_20251231_172132_488', 'ml_liquidity_training_data_15m_20251213_221548_209', 'ml_liquidity_training_data_15m_20251231_170859_400', 'ml_liquidity_training_data_15m_20251231_172224_742'] INFO
2026-01-01 02:08:02,465 - System.tprint - INFO - ℹ️ 🐛 DEBUG: Found 6 versions in HDF5: ['ml_liquidity_regime_probs_15m_20251213_170827_692', 'ml_liquidity_regime_probs_15m_20251231_170726_502', 'ml_liquidity_regime_probs_15m_20251231_172132_488', 'ml_liquidity_training_data_15m_20251213_221548_209', 'ml_liquidity_training_data_15m_20251231_170859_400', 'ml_liquidity_training_data_15m_20251231_172224_742'] INFO
[2026-01-01 02:08:02.466] 🐛 DEBUG: _load_metadata() checking versioned_artifacts/ETHUSDT_binance_15m_long_regime_risk/metadata.json INFO
2026-01-01 02:08:02,466 - System.tprint - INFO - ℹ️ 🐛 DEBUG: _load_metadata() checking versioned_artifacts/ETHUSDT_binance_15m_long_regime_risk/metadata.json INFO
[2026-01-01 02:08:02.466] 🐛 DEBUG: Metadata file exists, size: 200 bytes INFO
2026-01-01 02:08:02,466 - System.tprint - INFO - ℹ️ 🐛 DEBUG: Metadata file exists, size: 200 bytes INFO
[2026-01-01 02:08:02.466] 🐛 DEBUG: Successfully loaded metadata with 0 versions INFO
2026-01-01 02:08:02,466 - System.tprint - INFO - ℹ️ 🐛 DEBUG: Successfully loaded metadata with 0 versions INFO
[2026-01-01 02:08:02.466] 🐛 DEBUG: list_versions() called INFO
2026-01-01 02:08:02,466 - System.tprint - INFO - ℹ️ 🐛 DEBUG: list_versions() called INFO
[2026-01-01 02:08:02.466] 🐛 DEBUG: Metadata file exists: True INFO
2026-01-01 02:08:02,466 - System.tprint - INFO - ℹ️ 🐛 DEBUG: Metadata file exists: True INFO
[2026-01-01 02:08:02.466] 🐛 DEBUG: HDF5 file exists: True INFO
2026-01-01 02:08:02,466 - System.tprint - INFO - ℹ️ 🐛 DEBUG: HDF5 file exists: True INFO
[2026-01-01 02:08:02.466] 🐛 DEBUG: Reloading metadata to get latest versions INFO
2026-01-01 02:08:02,466 - System.tprint - INFO - ℹ️ 🐛 DEBUG: Reloading metadata to get latest versions INFO
[2026-01-01 02:08:02.466] 🐛 DEBUG: _load_metadata() checking versioned_artifacts/ETHUSDT_binance_15m_long_regime_risk/metadata.json INFO
2026-01-01 02:08:02,467 - System.tprint - INFO - ℹ️ 🐛 DEBUG: _load_metadata() checking versioned_artifacts/ETHUSDT_binance_15m_long_regime_risk/metadata.json INFO
[2026-01-01 02:08:02.466] 🐛 DEBUG: Metadata file exists, size: 200 bytes INFO
2026-01-01 02:08:02,467 - System.tprint - INFO - ℹ️ 🐛 DEBUG: Metadata file exists, size: 200 bytes INFO
[2026-01-01 02:08:02.466] 🐛 DEBUG: Successfully loaded metadata with 0 versions INFO
2026-01-01 02:08:02,467 - System.tprint - INFO - ℹ️ 🐛 DEBUG: Successfully loaded metadata with 0 versions INFO
[2026-01-01 02:08:02.467] 🐛 DEBUG: Found 0 versions in metadata: [] INFO
2026-01-01 02:08:02,467 - System.tprint - INFO - ℹ️ 🐛 DEBUG: Found 0 versions in metadata: [] INFO
[2026-01-01 02:08:02.467] 🐛 DEBUG: Found 0 versions in HDF5: [] INFO
2026-01-01 02:08:02,467 - System.tprint - INFO - ℹ️ 🐛 DEBUG: Found 0 versions in HDF5: [] INFO
[2026-01-01 02:08:02.468] 🐛 DEBUG: _load_metadata() checking versioned_artifacts/ETHUSDT_binance_15m_long_breakout_bounce_regime/metadata.json INFO
2026-01-01 02:08:02,468 - System.tprint - INFO - ℹ️ 🐛 DEBUG: _load_metadata() checking versioned_artifacts/ETHUSDT_binance_15m_long_breakout_bounce_regime/metadata.json INFO
[2026-01-01 02:08:02.468] 🐛 DEBUG: Metadata file does not exist, returning default metadata INFO
2026-01-01 02:08:02,469 - System.tprint - INFO - ℹ️ 🐛 DEBUG: Metadata file does not exist, returning default metadata INFO
[2026-01-01 02:08:02.468] 🐛 DEBUG: list_versions() called INFO
2026-01-01 02:08:02,469 - System.tprint - INFO - ℹ️ 🐛 DEBUG: list_versions() called INFO
[2026-01-01 02:08:02.468] 🐛 DEBUG: Metadata file exists: False INFO
2026-01-01 02:08:02,469 - System.tprint - INFO - ℹ️ 🐛 DEBUG: Metadata file exists: False INFO
[2026-01-01 02:08:02.468] 🐛 DEBUG: HDF5 file exists: True INFO
2026-01-01 02:08:02,469 - System.tprint - INFO - ℹ️ 🐛 DEBUG: HDF5 file exists: True INFO
[2026-01-01 02:08:02.468] 🐛 DEBUG: Reloading metadata to get latest versions INFO
2026-01-01 02:08:02,469 - System.tprint - INFO - ℹ️ 🐛 DEBUG: Reloading metadata to get latest versions INFO
[2026-01-01 02:08:02.468] 🐛 DEBUG: _load_metadata() checking versioned_artifacts/ETHUSDT_binance_15m_long_breakout_bounce_regime/metadata.json INFO
2026-01-01 02:08:02,469 - System.tprint - INFO - ℹ️ 🐛 DEBUG: _load_metadata() checking versioned_artifacts/ETHUSDT_binance_15m_long_breakout_bounce_regime/metadata.json INFO
[2026-01-01 02:08:02.468] 🐛 DEBUG: Metadata file does not exist, returning default metadata INFO
2026-01-01 02:08:02,469 - System.tprint - INFO - ℹ️ 🐛 DEBUG: Metadata file does not exist, returning default metadata INFO
[2026-01-01 02:08:02.468] 🐛 DEBUG: Found 0 versions in metadata: [] INFO
2026-01-01 02:08:02,469 - System.tprint - INFO - ℹ️ 🐛 DEBUG: Found 0 versions in metadata: [] INFO
[2026-01-01 02:08:02.470] 🐛 DEBUG: Found 0 versions in HDF5: [] INFO
2026-01-01 02:08:02,470 - System.tprint - INFO - ℹ️ 🐛 DEBUG: Found 0 versions in HDF5: [] INFO
[2026-01-01 02:08:02.470] 🐛 DEBUG: _load_metadata() checking versioned_artifacts/ETHUSDT_binance_15m_long_volume_force/metadata.json INFO
2026-01-01 02:08:02,470 - System.tprint - INFO - ℹ️ 🐛 DEBUG: _load_metadata() checking versioned_artifacts/ETHUSDT_binance_15m_long_volume_force/metadata.json INFO
[2026-01-01 02:08:02.470] 🐛 DEBUG: Metadata file exists, size: 11876 bytes INFO
2026-01-01 02:08:02,470 - System.tprint - INFO - ℹ️ 🐛 DEBUG: Metadata file exists, size: 11876 bytes INFO
[2026-01-01 02:08:02.470] 🐛 DEBUG: Successfully loaded metadata with 7 versions INFO
2026-01-01 02:08:02,470 - System.tprint - INFO - ℹ️ 🐛 DEBUG: Successfully loaded metadata with 7 versions INFO
[2026-01-01 02:08:02.470] 🐛 DEBUG: list_versions() called INFO
2026-01-01 02:08:02,471 - System.tprint - INFO - ℹ️ 🐛 DEBUG: list_versions() called INFO
[2026-01-01 02:08:02.471] 🐛 DEBUG: Metadata file exists: True INFO
2026-01-01 02:08:02,471 - System.tprint - INFO - ℹ️ 🐛 DEBUG: Metadata file exists: True INFO
[2026-01-01 02:08:02.471] 🐛 DEBUG: HDF5 file exists: True INFO
2026-01-01 02:08:02,471 - System.tprint - INFO - ℹ️ 🐛 DEBUG: HDF5 file exists: True INFO
[2026-01-01 02:08:02.471] 🐛 DEBUG: Reloading metadata to get latest versions INFO
2026-01-01 02:08:02,471 - System.tprint - INFO - ℹ️ 🐛 DEBUG: Reloading metadata to get latest versions INFO
[2026-01-01 02:08:02.471] 🐛 DEBUG: _load_metadata() checking versioned_artifacts/ETHUSDT_binance_15m_long_volume_force/metadata.json INFO
2026-01-01 02:08:02,471 - System.tprint - INFO - ℹ️ 🐛 DEBUG: _load_metadata() checking versioned_artifacts/ETHUSDT_binance_15m_long_volume_force/metadata.json INFO
[2026-01-01 02:08:02.471] 🐛 DEBUG: Metadata file exists, size: 11876 bytes INFO
2026-01-01 02:08:02,471 - System.tprint - INFO - ℹ️ 🐛 DEBUG: Metadata file exists, size: 11876 bytes INFO
[2026-01-01 02:08:02.471] 🐛 DEBUG: Successfully loaded metadata with 7 versions INFO
2026-01-01 02:08:02,471 - System.tprint - INFO - ℹ️ 🐛 DEBUG: Successfully loaded metadata with 7 versions INFO
[2026-01-01 02:08:02.471] 🐛 DEBUG: Found 7 versions in metadata: ['ml_volume_force_features_20251213_163705_361', 'ml_volume_force_features_20251213_170535_123', 'ml_volume_force_predictions_20251213_170543_299', 'ml_volume_force_features_20251231_171818_197', 'ml_volume_force_predictions_20251231_172004_837', 'ml_volume_force_features_20251231_172800_942', 'ml_volume_force_predictions_20251231_172840_135'] INFO
2026-01-01 02:08:02,472 - System.tprint - INFO - ℹ️ 🐛 DEBUG: Found 7 versions in metadata: ['ml_volume_force_features_20251213_163705_361', 'ml_volume_force_features_20251213_170535_123', 'ml_volume_force_predictions_20251213_170543_299', 'ml_volume_force_features_20251231_171818_197', 'ml_volume_force_predictions_20251231_172004_837', 'ml_volume_force_features_20251231_172800_942', 'ml_volume_force_predictions_20251231_172840_135'] INFO
[2026-01-01 02:08:02.472] 🐛 DEBUG: Found 7 versions in HDF5: ['ml_volume_force_features_20251213_163705_361', 'ml_volume_force_features_20251213_170535_123', 'ml_volume_force_features_20251231_171818_197', 'ml_volume_force_features_20251231_172800_942', 'ml_volume_force_predictions_20251213_170543_299', 'ml_volume_force_predictions_20251231_172004_837', 'ml_volume_force_predictions_20251231_172840_135'] INFO
2026-01-01 02:08:02,472 - System.tprint - INFO - ℹ️ 🐛 DEBUG: Found 7 versions in HDF5: ['ml_volume_force_features_20251213_163705_361', 'ml_volume_force_features_20251213_170535_123', 'ml_volume_force_features_20251231_171818_197', 'ml_volume_force_features_20251231_172800_942', 'ml_volume_force_predictions_20251213_170543_299', 'ml_volume_force_predictions_20251231_172004_837', 'ml_volume_force_predictions_20251231_172840_135'] INFO
[2026-01-01 02:08:02.473] 🐛 DEBUG: _load_metadata() checking versioned_artifacts/ETHUSDT_binance_15m_long_smc_regime/metadata.json INFO
2026-01-01 02:08:02,473 - System.tprint - INFO - ℹ️ 🐛 DEBUG: _load_metadata() checking versioned_artifacts/ETHUSDT_binance_15m_long_smc_regime/metadata.json INFO
[2026-01-01 02:08:02.473] 🐛 DEBUG: Metadata file exists, size: 9799 bytes INFO
2026-01-01 02:08:02,474 - System.tprint - INFO - ℹ️ 🐛 DEBUG: Metadata file exists, size: 9799 bytes INFO
[2026-01-01 02:08:02.474] 🐛 DEBUG: Successfully loaded metadata with 6 versions INFO
2026-01-01 02:08:02,475 - System.tprint - INFO - ℹ️ 🐛 DEBUG: Successfully loaded metadata with 6 versions INFO
[2026-01-01 02:08:02.474] 🐛 DEBUG: list_versions() called INFO
2026-01-01 02:08:02,476 - System.tprint - INFO - ℹ️ 🐛 DEBUG: list_versions() called INFO
[2026-01-01 02:08:02.476] 🐛 DEBUG: Metadata file exists: True INFO
2026-01-01 02:08:02,476 - System.tprint - INFO - ℹ️ 🐛 DEBUG: Metadata file exists: True INFO
[2026-01-01 02:08:02.476] 🐛 DEBUG: HDF5 file exists: True INFO
2026-01-01 02:08:02,477 - System.tprint - INFO - ℹ️ 🐛 DEBUG: HDF5 file exists: True INFO
[2026-01-01 02:08:02.476] 🐛 DEBUG: Reloading metadata to get latest versions INFO
2026-01-01 02:08:02,477 - System.tprint - INFO - ℹ️ 🐛 DEBUG: Reloading metadata to get latest versions INFO
[2026-01-01 02:08:02.476] 🐛 DEBUG: _load_metadata() checking versioned_artifacts/ETHUSDT_binance_15m_long_smc_regime/metadata.json INFO
2026-01-01 02:08:02,477 - System.tprint - INFO - ℹ️ 🐛 DEBUG: _load_metadata() checking versioned_artifacts/ETHUSDT_binance_15m_long_smc_regime/metadata.json INFO
[2026-01-01 02:08:02.477] 🐛 DEBUG: Metadata file exists, size: 9799 bytes INFO
2026-01-01 02:08:02,477 - System.tprint - INFO - ℹ️ 🐛 DEBUG: Metadata file exists, size: 9799 bytes INFO
[2026-01-01 02:08:02.477] 🐛 DEBUG: Successfully loaded metadata with 6 versions INFO
2026-01-01 02:08:02,478 - System.tprint - INFO - ℹ️ 🐛 DEBUG: Successfully loaded metadata with 6 versions INFO
[2026-01-01 02:08:02.477] 🐛 DEBUG: Found 6 versions in metadata: ['smc_predictions_with_confidence_20251213_170746_093', 'ml_smc_features_15m_20251213_170746_137', 'smc_predictions_with_confidence_20251231_171806_519', 'ml_smc_features_15m_20251231_171807_077', 'smc_predictions_with_confidence_20251231_172755_504', 'ml_smc_features_15m_20251231_172755_741'] INFO
2026-01-01 02:08:02,478 - System.tprint - INFO - ℹ️ 🐛 DEBUG: Found 6 versions in metadata: ['smc_predictions_with_confidence_20251213_170746_093', 'ml_smc_features_15m_20251213_170746_137', 'smc_predictions_with_confidence_20251231_171806_519', 'ml_smc_features_15m_20251231_171807_077', 'smc_predictions_with_confidence_20251231_172755_504', 'ml_smc_features_15m_20251231_172755_741'] INFO
[2026-01-01 02:08:02.479] 🐛 DEBUG: Found 6 versions in HDF5: ['ml_smc_features_15m_20251213_170746_137', 'ml_smc_features_15m_20251231_171807_077', 'ml_smc_features_15m_20251231_172755_741', 'smc_predictions_with_confidence_20251213_170746_093', 'smc_predictions_with_confidence_20251231_171806_519', 'smc_predictions_with_confidence_20251231_172755_504'] INFO
2026-01-01 02:08:02,479 - System.tprint - INFO - ℹ️ 🐛 DEBUG: Found 6 versions in HDF5: ['ml_smc_features_15m_20251213_170746_137', 'ml_smc_features_15m_20251231_171807_077', 'ml_smc_features_15m_20251231_172755_741', 'smc_predictions_with_confidence_20251213_170746_093', 'smc_predictions_with_confidence_20251231_171806_519', 'smc_predictions_with_confidence_20251231_172755_504'] INFO
[2026-01-01 02:08:02.480] 🐛 DEBUG: _load_metadata() checking versioned_artifacts/ETHUSDT_binance_15m_long_breakout_bounce/metadata.json INFO
2026-01-01 02:08:02,481 - System.tprint - INFO - ℹ️ 🐛 DEBUG: _load_metadata() checking versioned_artifacts/ETHUSDT_binance_15m_long_breakout_bounce/metadata.json INFO
[2026-01-01 02:08:02.480] 🐛 DEBUG: Metadata file exists, size: 200 bytes INFO
2026-01-01 02:08:02,481 - System.tprint - INFO - ℹ️ 🐛 DEBUG: Metadata file exists, size: 200 bytes INFO
[2026-01-01 02:08:02.482] 🐛 DEBUG: Successfully loaded metadata with 0 versions INFO
2026-01-01 02:08:02,482 - System.tprint - INFO - ℹ️ 🐛 DEBUG: Successfully loaded metadata with 0 versions INFO
[2026-01-01 02:08:02.482] 🐛 DEBUG: list_versions() called INFO
2026-01-01 02:08:02,482 - System.tprint - INFO - ℹ️ 🐛 DEBUG: list_versions() called INFO
[2026-01-01 02:08:02.482] 🐛 DEBUG: Metadata file exists: True INFO
2026-01-01 02:08:02,482 - System.tprint - INFO - ℹ️ 🐛 DEBUG: Metadata file exists: True INFO
[2026-01-01 02:08:02.482] 🐛 DEBUG: HDF5 file exists: True INFO
2026-01-01 02:08:02,483 - System.tprint - INFO - ℹ️ 🐛 DEBUG: HDF5 file exists: True INFO
[2026-01-01 02:08:02.483] 🐛 DEBUG: Reloading metadata to get latest versions INFO
2026-01-01 02:08:02,483 - System.tprint - INFO - ℹ️ 🐛 DEBUG: Reloading metadata to get latest versions INFO
[2026-01-01 02:08:02.483] 🐛 DEBUG: _load_metadata() checking versioned_artifacts/ETHUSDT_binance_15m_long_breakout_bounce/metadata.json INFO
2026-01-01 02:08:02,483 - System.tprint - INFO - ℹ️ 🐛 DEBUG: _load_metadata() checking versioned_artifacts/ETHUSDT_binance_15m_long_breakout_bounce/metadata.json INFO
[2026-01-01 02:08:02.483] 🐛 DEBUG: Metadata file exists, size: 200 bytes INFO
2026-01-01 02:08:02,484 - System.tprint - INFO - ℹ️ 🐛 DEBUG: Metadata file exists, size: 200 bytes INFO
[2026-01-01 02:08:02.483] 🐛 DEBUG: Successfully loaded metadata with 0 versions INFO
2026-01-01 02:08:02,484 - System.tprint - INFO - ℹ️ 🐛 DEBUG: Successfully loaded metadata with 0 versions INFO
[2026-01-01 02:08:02.483] 🐛 DEBUG: Found 0 versions in metadata: [] INFO
2026-01-01 02:08:02,484 - System.tprint - INFO - ℹ️ 🐛 DEBUG: Found 0 versions in metadata: [] INFO
[2026-01-01 02:08:02.484] 🐛 DEBUG: Found 0 versions in HDF5: [] INFO
2026-01-01 02:08:02,485 - System.tprint - INFO - ℹ️ 🐛 DEBUG: Found 0 versions in HDF5: [] INFO
[2026-01-01 02:08:02.486] 🐛 DEBUG: _load_metadata() checking versioned_artifacts/ETHUSDT_binance_1h_long_liquidity_regime/metadata.json INFO
2026-01-01 02:08:02,486 - System.tprint - INFO - ℹ️ 🐛 DEBUG: _load_metadata() checking versioned_artifacts/ETHUSDT_binance_1h_long_liquidity_regime/metadata.json INFO
[2026-01-01 02:08:02.486] 🐛 DEBUG: Metadata file exists, size: 200 bytes INFO
2026-01-01 02:08:02,487 - System.tprint - INFO - ℹ️ 🐛 DEBUG: Metadata file exists, size: 200 bytes INFO
[2026-01-01 02:08:02.486] 🐛 DEBUG: Successfully loaded metadata with 0 versions INFO
2026-01-01 02:08:02,487 - System.tprint - INFO - ℹ️ 🐛 DEBUG: Successfully loaded metadata with 0 versions INFO
[2026-01-01 02:08:02.487] 🐛 DEBUG: list_versions() called INFO
2026-01-01 02:08:02,487 - System.tprint - INFO - ℹ️ 🐛 DEBUG: list_versions() called INFO
[2026-01-01 02:08:02.487] 🐛 DEBUG: Metadata file exists: True INFO
2026-01-01 02:08:02,488 - System.tprint - INFO - ℹ️ 🐛 DEBUG: Metadata file exists: True INFO
[2026-01-01 02:08:02.489] 🐛 DEBUG: HDF5 file exists: True INFO
2026-01-01 02:08:02,490 - System.tprint - INFO - ℹ️ 🐛 DEBUG: HDF5 file exists: True INFO
[2026-01-01 02:08:02.489] 🐛 DEBUG: Reloading metadata to get latest versions INFO
2026-01-01 02:08:02,490 - System.tprint - INFO - ℹ️ 🐛 DEBUG: Reloading metadata to get latest versions INFO
[2026-01-01 02:08:02.490] 🐛 DEBUG: _load_metadata() checking versioned_artifacts/ETHUSDT_binance_1h_long_liquidity_regime/metadata.json INFO
2026-01-01 02:08:02,491 - System.tprint - INFO - ℹ️ 🐛 DEBUG: _load_metadata() checking versioned_artifacts/ETHUSDT_binance_1h_long_liquidity_regime/metadata.json INFO
[2026-01-01 02:08:02.490] 🐛 DEBUG: Metadata file exists, size: 200 bytes INFO
2026-01-01 02:08:02,491 - System.tprint - INFO - ℹ️ 🐛 DEBUG: Metadata file exists, size: 200 bytes INFO
[2026-01-01 02:08:02.490] 🐛 DEBUG: Successfully loaded metadata with 0 versions INFO
2026-01-01 02:08:02,491 - System.tprint - INFO - ℹ️ 🐛 DEBUG: Successfully loaded metadata with 0 versions INFO
[2026-01-01 02:08:02.490] 🐛 DEBUG: Found 0 versions in metadata: [] INFO
2026-01-01 02:08:02,491 - System.tprint - INFO - ℹ️ 🐛 DEBUG: Found 0 versions in metadata: [] INFO
[2026-01-01 02:08:02.490] 🐛 DEBUG: Found 0 versions in HDF5: [] INFO
2026-01-01 02:08:02,491 - System.tprint - INFO - ℹ️ 🐛 DEBUG: Found 0 versions in HDF5: [] INFO
[2026-01-01 02:08:02.492] 🐛 DEBUG: _load_metadata() checking versioned_artifacts/ETHUSDT_binance_15m_long_volatility_burst/metadata.json INFO
2026-01-01 02:08:02,492 - System.tprint - INFO - ℹ️ 🐛 DEBUG: _load_metadata() checking versioned_artifacts/ETHUSDT_binance_15m_long_volatility_burst/metadata.json INFO
[2026-01-01 02:08:02.492] 🐛 DEBUG: Metadata file does not exist, returning default metadata INFO
2026-01-01 02:08:02,493 - System.tprint - INFO - ℹ️ 🐛 DEBUG: Metadata file does not exist, returning default metadata INFO
[2026-01-01 02:08:02.492] 🐛 DEBUG: list_versions() called INFO
2026-01-01 02:08:02,493 - System.tprint - INFO - ℹ️ 🐛 DEBUG: list_versions() called INFO
[2026-01-01 02:08:02.493] 🐛 DEBUG: Metadata file exists: False INFO
2026-01-01 02:08:02,493 - System.tprint - INFO - ℹ️ 🐛 DEBUG: Metadata file exists: False INFO
[2026-01-01 02:08:02.494] 🐛 DEBUG: HDF5 file exists: True INFO
2026-01-01 02:08:02,495 - System.tprint - INFO - ℹ️ 🐛 DEBUG: HDF5 file exists: True INFO
[2026-01-01 02:08:02.494] 🐛 DEBUG: Reloading metadata to get latest versions INFO
2026-01-01 02:08:02,495 - System.tprint - INFO - ℹ️ 🐛 DEBUG: Reloading metadata to get latest versions INFO
[2026-01-01 02:08:02.494] 🐛 DEBUG: _load_metadata() checking versioned_artifacts/ETHUSDT_binance_15m_long_volatility_burst/metadata.json INFO
2026-01-01 02:08:02,495 - System.tprint - INFO - ℹ️ 🐛 DEBUG: _load_metadata() checking versioned_artifacts/ETHUSDT_binance_15m_long_volatility_burst/metadata.json INFO
[2026-01-01 02:08:02.496] 🐛 DEBUG: Metadata file does not exist, returning default metadata INFO
2026-01-01 02:08:02,496 - System.tprint - INFO - ℹ️ 🐛 DEBUG: Metadata file does not exist, returning default metadata INFO
[2026-01-01 02:08:02.496] 🐛 DEBUG: Found 0 versions in metadata: [] INFO
2026-01-01 02:08:02,496 - System.tprint - INFO - ℹ️ 🐛 DEBUG: Found 0 versions in metadata: [] INFO
[2026-01-01 02:08:02.497] 🐛 DEBUG: Found 0 versions in HDF5: [] INFO
2026-01-01 02:08:02,497 - System.tprint - INFO - ℹ️ 🐛 DEBUG: Found 0 versions in HDF5: [] INFO
[2026-01-01 02:08:02.499] 🐛 DEBUG: _load_metadata() checking versioned_artifacts/ETHUSDT_binance_1h_long_regime_alpha/metadata.json INFO
2026-01-01 02:08:02,499 - System.tprint - INFO - ℹ️ 🐛 DEBUG: _load_metadata() checking versioned_artifacts/ETHUSDT_binance_1h_long_regime_alpha/metadata.json INFO
[2026-01-01 02:08:02.499] 🐛 DEBUG: Metadata file exists, size: 6902 bytes INFO
2026-01-01 02:08:02,499 - System.tprint - INFO - ℹ️ 🐛 DEBUG: Metadata file exists, size: 6902 bytes INFO
[2026-01-01 02:08:02.499] 🐛 DEBUG: Successfully loaded metadata with 5 versions INFO
2026-01-01 02:08:02,499 - System.tprint - INFO - ℹ️ 🐛 DEBUG: Successfully loaded metadata with 5 versions INFO
[2026-01-01 02:08:02.499] 🐛 DEBUG: list_versions() called INFO
2026-01-01 02:08:02,499 - System.tprint - INFO - ℹ️ 🐛 DEBUG: list_versions() called INFO
[2026-01-01 02:08:02.499] 🐛 DEBUG: Metadata file exists: True INFO
2026-01-01 02:08:02,499 - System.tprint - INFO - ℹ️ 🐛 DEBUG: Metadata file exists: True INFO
[2026-01-01 02:08:02.499] 🐛 DEBUG: HDF5 file exists: True INFO
2026-01-01 02:08:02,499 - System.tprint - INFO - ℹ️ 🐛 DEBUG: HDF5 file exists: True INFO
[2026-01-01 02:08:02.499] 🐛 DEBUG: Reloading metadata to get latest versions INFO
2026-01-01 02:08:02,500 - System.tprint - INFO - ℹ️ 🐛 DEBUG: Reloading metadata to get latest versions INFO
[2026-01-01 02:08:02.499] 🐛 DEBUG: _load_metadata() checking versioned_artifacts/ETHUSDT_binance_1h_long_regime_alpha/metadata.json INFO
2026-01-01 02:08:02,500 - System.tprint - INFO - ℹ️ 🐛 DEBUG: _load_metadata() checking versioned_artifacts/ETHUSDT_binance_1h_long_regime_alpha/metadata.json INFO
[2026-01-01 02:08:02.500] 🐛 DEBUG: Metadata file exists, size: 6902 bytes INFO
2026-01-01 02:08:02,500 - System.tprint - INFO - ℹ️ 🐛 DEBUG: Metadata file exists, size: 6902 bytes INFO
[2026-01-01 02:08:02.500] 🐛 DEBUG: Successfully loaded metadata with 5 versions INFO
2026-01-01 02:08:02,500 - System.tprint - INFO - ℹ️ 🐛 DEBUG: Successfully loaded metadata with 5 versions INFO
[2026-01-01 02:08:02.500] 🐛 DEBUG: Found 5 versions in metadata: ['hmm_alpha_regime_stats_1h_20251122_151841_186', 'hmm_alpha_training_data_1h_20251122_164502_922', 'hmm_alpha_regime_stats_1h_20251122_164502_963', 'hmm_alpha_training_data_1h_20251122_171931_773', 'hmm_alpha_regime_stats_1h_20251122_171931_857'] INFO
2026-01-01 02:08:02,500 - System.tprint - INFO - ℹ️ 🐛 DEBUG: Found 5 versions in metadata: ['hmm_alpha_regime_stats_1h_20251122_151841_186', 'hmm_alpha_training_data_1h_20251122_164502_922', 'hmm_alpha_regime_stats_1h_20251122_164502_963', 'hmm_alpha_training_data_1h_20251122_171931_773', 'hmm_alpha_regime_stats_1h_20251122_171931_857'] INFO
[2026-01-01 02:08:02.500] 🐛 DEBUG: Found 5 versions in HDF5: ['hmm_alpha_regime_stats_1h_20251122_151841_186', 'hmm_alpha_regime_stats_1h_20251122_164502_963', 'hmm_alpha_regime_stats_1h_20251122_171931_857', 'hmm_alpha_training_data_1h_20251122_164502_922', 'hmm_alpha_training_data_1h_20251122_171931_773'] INFO
2026-01-01 02:08:02,501 - System.tprint - INFO - ℹ️ 🐛 DEBUG: Found 5 versions in HDF5: ['hmm_alpha_regime_stats_1h_20251122_151841_186', 'hmm_alpha_regime_stats_1h_20251122_164502_963', 'hmm_alpha_regime_stats_1h_20251122_171931_857', 'hmm_alpha_training_data_1h_20251122_164502_922', 'hmm_alpha_training_data_1h_20251122_171931_773'] INFO
[2026-01-01 02:08:02.501] 🐛 DEBUG: _load_metadata() checking versioned_artifacts/ETHUSDT_binance_1h_long_analyst/metadata.json INFO
2026-01-01 02:08:02,501 - System.tprint - INFO - ℹ️ 🐛 DEBUG: _load_metadata() checking versioned_artifacts/ETHUSDT_binance_1h_long_analyst/metadata.json INFO
[2026-01-01 02:08:02.501] 🐛 DEBUG: Metadata file exists, size: 139 bytes INFO
2026-01-01 02:08:02,501 - System.tprint - INFO - ℹ️ 🐛 DEBUG: Metadata file exists, size: 139 bytes INFO
[2026-01-01 02:08:02.501] 🐛 DEBUG: Successfully loaded metadata with 0 versions INFO
2026-01-01 02:08:02,501 - System.tprint - INFO - ℹ️ 🐛 DEBUG: Successfully loaded metadata with 0 versions INFO
[2026-01-01 02:08:02.501] 🐛 DEBUG: list_versions() called INFO
2026-01-01 02:08:02,502 - System.tprint - INFO - ℹ️ 🐛 DEBUG: list_versions() called INFO
[2026-01-01 02:08:02.501] 🐛 DEBUG: Metadata file exists: True INFO
2026-01-01 02:08:02,502 - System.tprint - INFO - ℹ️ 🐛 DEBUG: Metadata file exists: True INFO
[2026-01-01 02:08:02.501] 🐛 DEBUG: HDF5 file exists: True INFO
2026-01-01 02:08:02,502 - System.tprint - INFO - ℹ️ 🐛 DEBUG: HDF5 file exists: True INFO
[2026-01-01 02:08:02.501] 🐛 DEBUG: Reloading metadata to get latest versions INFO
2026-01-01 02:08:02,502 - System.tprint - INFO - ℹ️ 🐛 DEBUG: Reloading metadata to get latest versions INFO
[2026-01-01 02:08:02.501] 🐛 DEBUG: _load_metadata() checking versioned_artifacts/ETHUSDT_binance_1h_long_analyst/metadata.json INFO
2026-01-01 02:08:02,502 - System.tprint - INFO - ℹ️ 🐛 DEBUG: _load_metadata() checking versioned_artifacts/ETHUSDT_binance_1h_long_analyst/metadata.json INFO
[2026-01-01 02:08:02.501] 🐛 DEBUG: Metadata file exists, size: 139 bytes INFO
2026-01-01 02:08:02,502 - System.tprint - INFO - ℹ️ 🐛 DEBUG: Metadata file exists, size: 139 bytes INFO
[2026-01-01 02:08:02.501] 🐛 DEBUG: Successfully loaded metadata with 0 versions INFO
2026-01-01 02:08:02,502 - System.tprint - INFO - ℹ️ 🐛 DEBUG: Successfully loaded metadata with 0 versions INFO
[2026-01-01 02:08:02.502] 🐛 DEBUG: Found 0 versions in metadata: [] INFO
2026-01-01 02:08:02,502 - System.tprint - INFO - ℹ️ 🐛 DEBUG: Found 0 versions in metadata: [] INFO
[2026-01-01 02:08:02.502] 🐛 DEBUG: Found 0 versions in HDF5: [] INFO
2026-01-01 02:08:02,503 - System.tprint - INFO - ℹ️ 🐛 DEBUG: Found 0 versions in HDF5: [] INFO
[2026-01-01 02:08:02.504] 🐛 DEBUG: _load_metadata() checking versioned_artifacts/ETHUSDT_binance_1h_long_regime_path/metadata.json INFO
2026-01-01 02:08:02,504 - System.tprint - INFO - ℹ️ 🐛 DEBUG: _load_metadata() checking versioned_artifacts/ETHUSDT_binance_1h_long_regime_path/metadata.json INFO
[2026-01-01 02:08:02.504] 🐛 DEBUG: Metadata file exists, size: 200 bytes INFO
2026-01-01 02:08:02,504 - System.tprint - INFO - ℹ️ 🐛 DEBUG: Metadata file exists, size: 200 bytes INFO
[2026-01-01 02:08:02.504] 🐛 DEBUG: Successfully loaded metadata with 0 versions INFO
2026-01-01 02:08:02,504 - System.tprint - INFO - ℹ️ 🐛 DEBUG: Successfully loaded metadata with 0 versions INFO
[2026-01-01 02:08:02.504] 🐛 DEBUG: list_versions() called INFO
2026-01-01 02:08:02,504 - System.tprint - INFO - ℹ️ 🐛 DEBUG: list_versions() called INFO
[2026-01-01 02:08:02.504] 🐛 DEBUG: Metadata file exists: True INFO
2026-01-01 02:08:02,504 - System.tprint - INFO - ℹ️ 🐛 DEBUG: Metadata file exists: True INFO
[2026-01-01 02:08:02.504] 🐛 DEBUG: HDF5 file exists: True INFO
2026-01-01 02:08:02,504 - System.tprint - INFO - ℹ️ 🐛 DEBUG: HDF5 file exists: True INFO
[2026-01-01 02:08:02.504] 🐛 DEBUG: Reloading metadata to get latest versions INFO
2026-01-01 02:08:02,504 - System.tprint - INFO - ℹ️ 🐛 DEBUG: Reloading metadata to get latest versions INFO
[2026-01-01 02:08:02.504] 🐛 DEBUG: _load_metadata() checking versioned_artifacts/ETHUSDT_binance_1h_long_regime_path/metadata.json INFO
2026-01-01 02:08:02,504 - System.tprint - INFO - ℹ️ 🐛 DEBUG: _load_metadata() checking versioned_artifacts/ETHUSDT_binance_1h_long_regime_path/metadata.json INFO
[2026-01-01 02:08:02.504] 🐛 DEBUG: Metadata file exists, size: 200 bytes INFO
2026-01-01 02:08:02,505 - System.tprint - INFO - ℹ️ 🐛 DEBUG: Metadata file exists, size: 200 bytes INFO
[2026-01-01 02:08:02.505] 🐛 DEBUG: Successfully loaded metadata with 0 versions INFO
2026-01-01 02:08:02,505 - System.tprint - INFO - ℹ️ 🐛 DEBUG: Successfully loaded metadata with 0 versions INFO
[2026-01-01 02:08:02.505] 🐛 DEBUG: Found 0 versions in metadata: [] INFO
2026-01-01 02:08:02,505 - System.tprint - INFO - ℹ️ 🐛 DEBUG: Found 0 versions in metadata: [] INFO
[2026-01-01 02:08:02.505] 🐛 DEBUG: Found 0 versions in HDF5: [] INFO
2026-01-01 02:08:02,505 - System.tprint - INFO - ℹ️ 🐛 DEBUG: Found 0 versions in HDF5: [] INFO
[2026-01-01 02:08:02.505] 🐛 DEBUG: _load_metadata() checking versioned_artifacts/None_None_None_long_regime/metadata.json INFO
2026-01-01 02:08:02,506 - System.tprint - INFO - ℹ️ 🐛 DEBUG: _load_metadata() checking versioned_artifacts/None_None_None_long_regime/metadata.json INFO
[2026-01-01 02:08:02.506] 🐛 DEBUG: Metadata file exists, size: 139 bytes INFO
2026-01-01 02:08:02,506 - System.tprint - INFO - ℹ️ 🐛 DEBUG: Metadata file exists, size: 139 bytes INFO
[2026-01-01 02:08:02.508] 🐛 DEBUG: Successfully loaded metadata with 0 versions INFO
2026-01-01 02:08:02,508 - System.tprint - INFO - ℹ️ 🐛 DEBUG: Successfully loaded metadata with 0 versions INFO
[2026-01-01 02:08:02.508] 🐛 DEBUG: list_versions() called INFO
2026-01-01 02:08:02,508 - System.tprint - INFO - ℹ️ 🐛 DEBUG: list_versions() called INFO
[2026-01-01 02:08:02.509] 🐛 DEBUG: Metadata file exists: True INFO
2026-01-01 02:08:02,509 - System.tprint - INFO - ℹ️ 🐛 DEBUG: Metadata file exists: True INFO
[2026-01-01 02:08:02.510] 🐛 DEBUG: HDF5 file exists: True INFO
2026-01-01 02:08:02,511 - System.tprint - INFO - ℹ️ 🐛 DEBUG: HDF5 file exists: True INFO
[2026-01-01 02:08:02.512] 🐛 DEBUG: Reloading metadata to get latest versions INFO
2026-01-01 02:08:02,512 - System.tprint - INFO - ℹ️ 🐛 DEBUG: Reloading metadata to get latest versions INFO
[2026-01-01 02:08:02.512] 🐛 DEBUG: _load_metadata() checking versioned_artifacts/None_None_None_long_regime/metadata.json INFO
2026-01-01 02:08:02,512 - System.tprint - INFO - ℹ️ 🐛 DEBUG: _load_metadata() checking versioned_artifacts/None_None_None_long_regime/metadata.json INFO
[2026-01-01 02:08:02.512] 🐛 DEBUG: Metadata file exists, size: 139 bytes INFO
2026-01-01 02:08:02,513 - System.tprint - INFO - ℹ️ 🐛 DEBUG: Metadata file exists, size: 139 bytes INFO
[2026-01-01 02:08:02.513] 🐛 DEBUG: Successfully loaded metadata with 0 versions INFO
2026-01-01 02:08:02,513 - System.tprint - INFO - ℹ️ 🐛 DEBUG: Successfully loaded metadata with 0 versions INFO
[2026-01-01 02:08:02.513] 🐛 DEBUG: Found 0 versions in metadata: [] INFO
2026-01-01 02:08:02,514 - System.tprint - INFO - ℹ️ 🐛 DEBUG: Found 0 versions in metadata: [] INFO
[2026-01-01 02:08:02.514] 🐛 DEBUG: Found 0 versions in HDF5: [] INFO
2026-01-01 02:08:02,515 - System.tprint - INFO - ℹ️ 🐛 DEBUG: Found 0 versions in HDF5: [] INFO
[2026-01-01 02:08:02.518] 🐛 DEBUG: _load_metadata() checking versioned_artifacts/ETHUSDT_binance_1h_long_mean_reversion/metadata.json INFO
2026-01-01 02:08:02,518 - System.tprint - INFO - ℹ️ 🐛 DEBUG: _load_metadata() checking versioned_artifacts/ETHUSDT_binance_1h_long_mean_reversion/metadata.json INFO
[2026-01-01 02:08:02.518] 🐛 DEBUG: Metadata file exists, size: 3914 bytes INFO
2026-01-01 02:08:02,519 - System.tprint - INFO - ℹ️ 🐛 DEBUG: Metadata file exists, size: 3914 bytes INFO
[2026-01-01 02:08:02.519] 🐛 DEBUG: Successfully loaded metadata with 5 versions INFO
2026-01-01 02:08:02,519 - System.tprint - INFO - ℹ️ 🐛 DEBUG: Successfully loaded metadata with 5 versions INFO
[2026-01-01 02:08:02.519] 🐛 DEBUG: list_versions() called INFO
2026-01-01 02:08:02,520 - System.tprint - INFO - ℹ️ 🐛 DEBUG: list_versions() called INFO
[2026-01-01 02:08:02.519] 🐛 DEBUG: Metadata file exists: True INFO
2026-01-01 02:08:02,520 - System.tprint - INFO - ℹ️ 🐛 DEBUG: Metadata file exists: True INFO
[2026-01-01 02:08:02.521] 🐛 DEBUG: HDF5 file exists: True INFO
2026-01-01 02:08:02,521 - System.tprint - INFO - ℹ️ 🐛 DEBUG: HDF5 file exists: True INFO
[2026-01-01 02:08:02.521] 🐛 DEBUG: Reloading metadata to get latest versions INFO
2026-01-01 02:08:02,521 - System.tprint - INFO - ℹ️ 🐛 DEBUG: Reloading metadata to get latest versions INFO
[2026-01-01 02:08:02.521] 🐛 DEBUG: _load_metadata() checking versioned_artifacts/ETHUSDT_binance_1h_long_mean_reversion/metadata.json INFO
2026-01-01 02:08:02,521 - System.tprint - INFO - ℹ️ 🐛 DEBUG: _load_metadata() checking versioned_artifacts/ETHUSDT_binance_1h_long_mean_reversion/metadata.json INFO
[2026-01-01 02:08:02.522] 🐛 DEBUG: Metadata file exists, size: 3914 bytes INFO
2026-01-01 02:08:02,522 - System.tprint - INFO - ℹ️ 🐛 DEBUG: Metadata file exists, size: 3914 bytes INFO
[2026-01-01 02:08:02.522] 🐛 DEBUG: Successfully loaded metadata with 5 versions INFO
2026-01-01 02:08:02,522 - System.tprint - INFO - ℹ️ 🐛 DEBUG: Successfully loaded metadata with 5 versions INFO
[2026-01-01 02:08:02.523] 🐛 DEBUG: Found 5 versions in metadata: ['ml_mean_reversion_training_data_1h_20251124_231116_323', 'ml_mean_reversion_training_data_1h_20251125_001022_753', 'ml_mean_reversion_training_data_1h_20251125_002337_863', 'ml_mean_reversion_training_data_1h_20251125_003116_776', 'ml_mean_reversion_training_data_1h_20251126_003120_916'] INFO
2026-01-01 02:08:02,523 - System.tprint - INFO - ℹ️ 🐛 DEBUG: Found 5 versions in metadata: ['ml_mean_reversion_training_data_1h_20251124_231116_323', 'ml_mean_reversion_training_data_1h_20251125_001022_753', 'ml_mean_reversion_training_data_1h_20251125_002337_863', 'ml_mean_reversion_training_data_1h_20251125_003116_776', 'ml_mean_reversion_training_data_1h_20251126_003120_916'] INFO
[2026-01-01 02:08:02.525] 🐛 DEBUG: Found 5 versions in HDF5: ['ml_mean_reversion_training_data_1h_20251124_231116_323', 'ml_mean_reversion_training_data_1h_20251125_001022_753', 'ml_mean_reversion_training_data_1h_20251125_002337_863', 'ml_mean_reversion_training_data_1h_20251125_003116_776', 'ml_mean_reversion_training_data_1h_20251126_003120_916'] INFO
2026-01-01 02:08:02,525 - System.tprint - INFO - ℹ️ 🐛 DEBUG: Found 5 versions in HDF5: ['ml_mean_reversion_training_data_1h_20251124_231116_323', 'ml_mean_reversion_training_data_1h_20251125_001022_753', 'ml_mean_reversion_training_data_1h_20251125_002337_863', 'ml_mean_reversion_training_data_1h_20251125_003116_776', 'ml_mean_reversion_training_data_1h_20251126_003120_916'] INFO
[2026-01-01 02:08:02.526] 🐛 DEBUG: _load_metadata() checking versioned_artifacts/ETHUSDT_binance_15m_long_mean_reversion/metadata.json INFO
2026-01-01 02:08:02,526 - System.tprint - INFO - ℹ️ 🐛 DEBUG: _load_metadata() checking versioned_artifacts/ETHUSDT_binance_15m_long_mean_reversion/metadata.json INFO
[2026-01-01 02:08:02.526] 🐛 DEBUG: Metadata file exists, size: 1472 bytes INFO
2026-01-01 02:08:02,526 - System.tprint - INFO - ℹ️ 🐛 DEBUG: Metadata file exists, size: 1472 bytes INFO
[2026-01-01 02:08:02.527] 🐛 DEBUG: Successfully loaded metadata with 1 versions INFO
2026-01-01 02:08:02,527 - System.tprint - INFO - ℹ️ 🐛 DEBUG: Successfully loaded metadata with 1 versions INFO
[2026-01-01 02:08:02.527] 🐛 DEBUG: list_versions() called INFO
2026-01-01 02:08:02,528 - System.tprint - INFO - ℹ️ 🐛 DEBUG: list_versions() called INFO
[2026-01-01 02:08:02.529] 🐛 DEBUG: Metadata file exists: True INFO
2026-01-01 02:08:02,529 - System.tprint - INFO - ℹ️ 🐛 DEBUG: Metadata file exists: True INFO
[2026-01-01 02:08:02.529] 🐛 DEBUG: HDF5 file exists: True INFO
2026-01-01 02:08:02,529 - System.tprint - INFO - ℹ️ 🐛 DEBUG: HDF5 file exists: True INFO
[2026-01-01 02:08:02.529] 🐛 DEBUG: Reloading metadata to get latest versions INFO
2026-01-01 02:08:02,529 - System.tprint - INFO - ℹ️ 🐛 DEBUG: Reloading metadata to get latest versions INFO
[2026-01-01 02:08:02.529] 🐛 DEBUG: _load_metadata() checking versioned_artifacts/ETHUSDT_binance_15m_long_mean_reversion/metadata.json INFO
2026-01-01 02:08:02,529 - System.tprint - INFO - ℹ️ 🐛 DEBUG: _load_metadata() checking versioned_artifacts/ETHUSDT_binance_15m_long_mean_reversion/metadata.json INFO
[2026-01-01 02:08:02.529] 🐛 DEBUG: Metadata file exists, size: 1472 bytes INFO
2026-01-01 02:08:02,529 - System.tprint - INFO - ℹ️ 🐛 DEBUG: Metadata file exists, size: 1472 bytes INFO
[2026-01-01 02:08:02.529] 🐛 DEBUG: Successfully loaded metadata with 1 versions INFO
2026-01-01 02:08:02,529 - System.tprint - INFO - ℹ️ 🐛 DEBUG: Successfully loaded metadata with 1 versions INFO
[2026-01-01 02:08:02.529] 🐛 DEBUG: Found 1 versions in metadata: ['ml_mean_reversion_training_data_15m_20251213_170600_968'] INFO
2026-01-01 02:08:02,530 - System.tprint - INFO - ℹ️ 🐛 DEBUG: Found 1 versions in metadata: ['ml_mean_reversion_training_data_15m_20251213_170600_968'] INFO
[2026-01-01 02:08:02.530] 🐛 DEBUG: Found 1 versions in HDF5: ['ml_mean_reversion_training_data_15m_20251213_170600_968'] INFO
2026-01-01 02:08:02,531 - System.tprint - INFO - ℹ️ 🐛 DEBUG: Found 1 versions in HDF5: ['ml_mean_reversion_training_data_15m_20251213_170600_968'] INFO
[2026-01-01 02:08:02.532] 🐛 DEBUG: _load_metadata() checking versioned_artifacts/ETHUSDT_binance_15m_long_full/metadata.json INFO
2026-01-01 02:08:02,532 - System.tprint - INFO - ℹ️ 🐛 DEBUG: _load_metadata() checking versioned_artifacts/ETHUSDT_binance_15m_long_full/metadata.json INFO
[2026-01-01 02:08:02.532] 🐛 DEBUG: Metadata file exists, size: 139 bytes INFO
2026-01-01 02:08:02,532 - System.tprint - INFO - ℹ️ 🐛 DEBUG: Metadata file exists, size: 139 bytes INFO
[2026-01-01 02:08:02.532] 🐛 DEBUG: Successfully loaded metadata with 0 versions INFO
2026-01-01 02:08:02,533 - System.tprint - INFO - ℹ️ 🐛 DEBUG: Successfully loaded metadata with 0 versions INFO
[2026-01-01 02:08:02.533] 🐛 DEBUG: list_versions() called INFO
2026-01-01 02:08:02,533 - System.tprint - INFO - ℹ️ 🐛 DEBUG: list_versions() called INFO
[2026-01-01 02:08:02.533] 🐛 DEBUG: Metadata file exists: True INFO
2026-01-01 02:08:02,533 - System.tprint - INFO - ℹ️ 🐛 DEBUG: Metadata file exists: True INFO
[2026-01-01 02:08:02.533] 🐛 DEBUG: HDF5 file exists: True INFO
2026-01-01 02:08:02,534 - System.tprint - INFO - ℹ️ 🐛 DEBUG: HDF5 file exists: True INFO
[2026-01-01 02:08:02.533] 🐛 DEBUG: Reloading metadata to get latest versions INFO
2026-01-01 02:08:02,534 - System.tprint - INFO - ℹ️ 🐛 DEBUG: Reloading metadata to get latest versions INFO
[2026-01-01 02:08:02.535] 🐛 DEBUG: _load_metadata() checking versioned_artifacts/ETHUSDT_binance_15m_long_full/metadata.json INFO
2026-01-01 02:08:02,535 - System.tprint - INFO - ℹ️ 🐛 DEBUG: _load_metadata() checking versioned_artifacts/ETHUSDT_binance_15m_long_full/metadata.json INFO
[2026-01-01 02:08:02.535] 🐛 DEBUG: Metadata file exists, size: 139 bytes INFO
2026-01-01 02:08:02,536 - System.tprint - INFO - ℹ️ 🐛 DEBUG: Metadata file exists, size: 139 bytes INFO
[2026-01-01 02:08:02.536] 🐛 DEBUG: Successfully loaded metadata with 0 versions INFO
2026-01-01 02:08:02,536 - System.tprint - INFO - ℹ️ 🐛 DEBUG: Successfully loaded metadata with 0 versions INFO
[2026-01-01 02:08:02.536] 🐛 DEBUG: Found 0 versions in metadata: [] INFO
2026-01-01 02:08:02,536 - System.tprint - INFO - ℹ️ 🐛 DEBUG: Found 0 versions in metadata: [] INFO
[2026-01-01 02:08:02.536] 🐛 DEBUG: Found 0 versions in HDF5: [] INFO
2026-01-01 02:08:02,536 - System.tprint - INFO - ℹ️ 🐛 DEBUG: Found 0 versions in HDF5: [] INFO
[2026-01-01 02:08:02.537] 🐛 DEBUG: _load_metadata() checking versioned_artifacts/ETHUSDT_binance_15m_long_ml_smc_regime/metadata.json INFO
2026-01-01 02:08:02,537 - System.tprint - INFO - ℹ️ 🐛 DEBUG: _load_metadata() checking versioned_artifacts/ETHUSDT_binance_15m_long_ml_smc_regime/metadata.json INFO
[2026-01-01 02:08:02.537] 🐛 DEBUG: Metadata file does not exist, returning default metadata INFO
2026-01-01 02:08:02,537 - System.tprint - INFO - ℹ️ 🐛 DEBUG: Metadata file does not exist, returning default metadata INFO
[2026-01-01 02:08:02.537] 🐛 DEBUG: list_versions() called INFO
2026-01-01 02:08:02,537 - System.tprint - INFO - ℹ️ 🐛 DEBUG: list_versions() called INFO
[2026-01-01 02:08:02.537] 🐛 DEBUG: Metadata file exists: False INFO
2026-01-01 02:08:02,537 - System.tprint - INFO - ℹ️ 🐛 DEBUG: Metadata file exists: False INFO
[2026-01-01 02:08:02.537] 🐛 DEBUG: HDF5 file exists: True INFO
2026-01-01 02:08:02,538 - System.tprint - INFO - ℹ️ 🐛 DEBUG: HDF5 file exists: True INFO
[2026-01-01 02:08:02.537] 🐛 DEBUG: Reloading metadata to get latest versions INFO
2026-01-01 02:08:02,538 - System.tprint - INFO - ℹ️ 🐛 DEBUG: Reloading metadata to get latest versions INFO
[2026-01-01 02:08:02.537] 🐛 DEBUG: _load_metadata() checking versioned_artifacts/ETHUSDT_binance_15m_long_ml_smc_regime/metadata.json INFO
2026-01-01 02:08:02,538 - System.tprint - INFO - ℹ️ 🐛 DEBUG: _load_metadata() checking versioned_artifacts/ETHUSDT_binance_15m_long_ml_smc_regime/metadata.json INFO
[2026-01-01 02:08:02.538] 🐛 DEBUG: Metadata file does not exist, returning default metadata INFO
2026-01-01 02:08:02,538 - System.tprint - INFO - ℹ️ 🐛 DEBUG: Metadata file does not exist, returning default metadata INFO
[2026-01-01 02:08:02.538] 🐛 DEBUG: Found 0 versions in metadata: [] INFO
2026-01-01 02:08:02,538 - System.tprint - INFO - ℹ️ 🐛 DEBUG: Found 0 versions in metadata: [] INFO
[2026-01-01 02:08:02.538] 🐛 DEBUG: Found 0 versions in HDF5: [] INFO
2026-01-01 02:08:02,539 - System.tprint - INFO - ℹ️ 🐛 DEBUG: Found 0 versions in HDF5: [] INFO
[2026-01-01 02:08:02.538] 🐛 DEBUG: _load_metadata() checking versioned_artifacts/ETHUSDT_binance_15m_long_regime_meso_trend/metadata.json INFO
2026-01-01 02:08:02,539 - System.tprint - INFO - ℹ️ 🐛 DEBUG: _load_metadata() checking versioned_artifacts/ETHUSDT_binance_15m_long_regime_meso_trend/metadata.json INFO
[2026-01-01 02:08:02.539] 🐛 DEBUG: Metadata file exists, size: 139 bytes INFO
2026-01-01 02:08:02,539 - System.tprint - INFO - ℹ️ 🐛 DEBUG: Metadata file exists, size: 139 bytes INFO
[2026-01-01 02:08:02.539] 🐛 DEBUG: Successfully loaded metadata with 0 versions INFO
2026-01-01 02:08:02,539 - System.tprint - INFO - ℹ️ 🐛 DEBUG: Successfully loaded metadata with 0 versions INFO
[2026-01-01 02:08:02.539] 🐛 DEBUG: list_versions() called INFO
2026-01-01 02:08:02,540 - System.tprint - INFO - ℹ️ 🐛 DEBUG: list_versions() called INFO
[2026-01-01 02:08:02.539] 🐛 DEBUG: Metadata file exists: True INFO
2026-01-01 02:08:02,540 - System.tprint - INFO - ℹ️ 🐛 DEBUG: Metadata file exists: True INFO
[2026-01-01 02:08:02.539] 🐛 DEBUG: HDF5 file exists: True INFO
2026-01-01 02:08:02,540 - System.tprint - INFO - ℹ️ 🐛 DEBUG: HDF5 file exists: True INFO
[2026-01-01 02:08:02.539] 🐛 DEBUG: Reloading metadata to get latest versions INFO
2026-01-01 02:08:02,540 - System.tprint - INFO - ℹ️ 🐛 DEBUG: Reloading metadata to get latest versions INFO
[2026-01-01 02:08:02.539] 🐛 DEBUG: _load_metadata() checking versioned_artifacts/ETHUSDT_binance_15m_long_regime_meso_trend/metadata.json INFO
2026-01-01 02:08:02,540 - System.tprint - INFO - ℹ️ 🐛 DEBUG: _load_metadata() checking versioned_artifacts/ETHUSDT_binance_15m_long_regime_meso_trend/metadata.json INFO
[2026-01-01 02:08:02.539] 🐛 DEBUG: Metadata file exists, size: 139 bytes INFO
2026-01-01 02:08:02,540 - System.tprint - INFO - ℹ️ 🐛 DEBUG: Metadata file exists, size: 139 bytes INFO
[2026-01-01 02:08:02.539] 🐛 DEBUG: Successfully loaded metadata with 0 versions INFO
2026-01-01 02:08:02,540 - System.tprint - INFO - ℹ️ 🐛 DEBUG: Successfully loaded metadata with 0 versions INFO
[2026-01-01 02:08:02.539] 🐛 DEBUG: Found 0 versions in metadata: [] INFO
2026-01-01 02:08:02,540 - System.tprint - INFO - ℹ️ 🐛 DEBUG: Found 0 versions in metadata: [] INFO
[2026-01-01 02:08:02.540] 🐛 DEBUG: Found 0 versions in HDF5: [] INFO
2026-01-01 02:08:02,540 - System.tprint - INFO - ℹ️ 🐛 DEBUG: Found 0 versions in HDF5: [] INFO
[2026-01-01 02:08:02.542] 🐛 DEBUG: _load_metadata() checking versioned_artifacts/ETHUSDT_binance_15m_long_regime/metadata.json INFO
2026-01-01 02:08:02,542 - System.tprint - INFO - ℹ️ 🐛 DEBUG: _load_metadata() checking versioned_artifacts/ETHUSDT_binance_15m_long_regime/metadata.json INFO
[2026-01-01 02:08:02.542] 🐛 DEBUG: Metadata file exists, size: 200 bytes INFO
2026-01-01 02:08:02,542 - System.tprint - INFO - ℹ️ 🐛 DEBUG: Metadata file exists, size: 200 bytes INFO
[2026-01-01 02:08:02.542] 🐛 DEBUG: Successfully loaded metadata with 0 versions INFO
2026-01-01 02:08:02,543 - System.tprint - INFO - ℹ️ 🐛 DEBUG: Successfully loaded metadata with 0 versions INFO
[2026-01-01 02:08:02.543] 🐛 DEBUG: list_versions() called INFO
2026-01-01 02:08:02,543 - System.tprint - INFO - ℹ️ 🐛 DEBUG: list_versions() called INFO
[2026-01-01 02:08:02.543] 🐛 DEBUG: Metadata file exists: True INFO
2026-01-01 02:08:02,543 - System.tprint - INFO - ℹ️ 🐛 DEBUG: Metadata file exists: True INFO
[2026-01-01 02:08:02.543] 🐛 DEBUG: HDF5 file exists: True INFO
2026-01-01 02:08:02,543 - System.tprint - INFO - ℹ️ 🐛 DEBUG: HDF5 file exists: True INFO
[2026-01-01 02:08:02.547] 🐛 DEBUG: Reloading metadata to get latest versions INFO
2026-01-01 02:08:02,547 - System.tprint - INFO - ℹ️ 🐛 DEBUG: Reloading metadata to get latest versions INFO
[2026-01-01 02:08:02.547] 🐛 DEBUG: _load_metadata() checking versioned_artifacts/ETHUSDT_binance_15m_long_regime/metadata.json INFO
2026-01-01 02:08:02,548 - System.tprint - INFO - ℹ️ 🐛 DEBUG: _load_metadata() checking versioned_artifacts/ETHUSDT_binance_15m_long_regime/metadata.json INFO
[2026-01-01 02:08:02.547] 🐛 DEBUG: Metadata file exists, size: 200 bytes INFO
2026-01-01 02:08:02,548 - System.tprint - INFO - ℹ️ 🐛 DEBUG: Metadata file exists, size: 200 bytes INFO
[2026-01-01 02:08:02.547] 🐛 DEBUG: Successfully loaded metadata with 0 versions INFO
2026-01-01 02:08:02,548 - System.tprint - INFO - ℹ️ 🐛 DEBUG: Successfully loaded metadata with 0 versions INFO
[2026-01-01 02:08:02.547] 🐛 DEBUG: Found 0 versions in metadata: [] INFO
2026-01-01 02:08:02,548 - System.tprint - INFO - ℹ️ 🐛 DEBUG: Found 0 versions in metadata: [] INFO
[2026-01-01 02:08:02.549] 🐛 DEBUG: Found 0 versions in HDF5: [] INFO
2026-01-01 02:08:02,549 - System.tprint - INFO - ℹ️ 🐛 DEBUG: Found 0 versions in HDF5: [] INFO
[2026-01-01 02:08:02.550] 🐛 DEBUG: _load_metadata() checking versioned_artifacts/ETHUSDT_binance_1h_long_smc_regime/metadata.json INFO
2026-01-01 02:08:02,550 - System.tprint - INFO - ℹ️ 🐛 DEBUG: _load_metadata() checking versioned_artifacts/ETHUSDT_binance_1h_long_smc_regime/metadata.json INFO
[2026-01-01 02:08:02.550] 🐛 DEBUG: Metadata file exists, size: 3536 bytes INFO
2026-01-01 02:08:02,550 - System.tprint - INFO - ℹ️ 🐛 DEBUG: Metadata file exists, size: 3536 bytes INFO
[2026-01-01 02:08:02.550] 🐛 DEBUG: Successfully loaded metadata with 5 versions INFO
2026-01-01 02:08:02,551 - System.tprint - INFO - ℹ️ 🐛 DEBUG: Successfully loaded metadata with 5 versions INFO
[2026-01-01 02:08:02.550] 🐛 DEBUG: list_versions() called INFO
2026-01-01 02:08:02,551 - System.tprint - INFO - ℹ️ 🐛 DEBUG: list_versions() called INFO
[2026-01-01 02:08:02.550] 🐛 DEBUG: Metadata file exists: True INFO
2026-01-01 02:08:02,551 - System.tprint - INFO - ℹ️ 🐛 DEBUG: Metadata file exists: True INFO
[2026-01-01 02:08:02.550] 🐛 DEBUG: HDF5 file exists: True INFO
2026-01-01 02:08:02,551 - System.tprint - INFO - ℹ️ 🐛 DEBUG: HDF5 file exists: True INFO
[2026-01-01 02:08:02.550] 🐛 DEBUG: Reloading metadata to get latest versions INFO
2026-01-01 02:08:02,551 - System.tprint - INFO - ℹ️ 🐛 DEBUG: Reloading metadata to get latest versions INFO
[2026-01-01 02:08:02.551] 🐛 DEBUG: _load_metadata() checking versioned_artifacts/ETHUSDT_binance_1h_long_smc_regime/metadata.json INFO
2026-01-01 02:08:02,551 - System.tprint - INFO - ℹ️ 🐛 DEBUG: _load_metadata() checking versioned_artifacts/ETHUSDT_binance_1h_long_smc_regime/metadata.json INFO
[2026-01-01 02:08:02.551] 🐛 DEBUG: Metadata file exists, size: 3536 bytes INFO
2026-01-01 02:08:02,551 - System.tprint - INFO - ℹ️ 🐛 DEBUG: Metadata file exists, size: 3536 bytes INFO
[2026-01-01 02:08:02.551] 🐛 DEBUG: Successfully loaded metadata with 5 versions INFO
2026-01-01 02:08:02,552 - System.tprint - INFO - ℹ️ 🐛 DEBUG: Successfully loaded metadata with 5 versions INFO
[2026-01-01 02:08:02.551] 🐛 DEBUG: Found 5 versions in metadata: ['smc_predictions_with_confidence_20251124_233038_087', 'smc_predictions_with_confidence_20251125_001011_321', 'smc_predictions_with_confidence_20251125_001842_252', 'smc_predictions_with_confidence_20251126_003009_061', 'smc_predictions_with_confidence_20251126_003415_856'] INFO
2026-01-01 02:08:02,552 - System.tprint - INFO - ℹ️ 🐛 DEBUG: Found 5 versions in metadata: ['smc_predictions_with_confidence_20251124_233038_087', 'smc_predictions_with_confidence_20251125_001011_321', 'smc_predictions_with_confidence_20251125_001842_252', 'smc_predictions_with_confidence_20251126_003009_061', 'smc_predictions_with_confidence_20251126_003415_856'] INFO
[2026-01-01 02:08:02.551] 🐛 DEBUG: Found 5 versions in HDF5: ['smc_predictions_with_confidence_20251124_233038_087', 'smc_predictions_with_confidence_20251125_001011_321', 'smc_predictions_with_confidence_20251125_001842_252', 'smc_predictions_with_confidence_20251126_003009_061', 'smc_predictions_with_confidence_20251126_003415_856'] INFO
2026-01-01 02:08:02,552 - System.tprint - INFO - ℹ️ 🐛 DEBUG: Found 5 versions in HDF5: ['smc_predictions_with_confidence_20251124_233038_087', 'smc_predictions_with_confidence_20251125_001011_321', 'smc_predictions_with_confidence_20251125_001842_252', 'smc_predictions_with_confidence_20251126_003009_061', 'smc_predictions_with_confidence_20251126_003415_856'] INFO
[2026-01-01 02:08:02.553] 🐛 DEBUG: _load_metadata() checking versioned_artifacts/ETHUSDT_binance_15m_long_regime_path/metadata.json INFO
2026-01-01 02:08:02,553 - System.tprint - INFO - ℹ️ 🐛 DEBUG: _load_metadata() checking versioned_artifacts/ETHUSDT_binance_15m_long_regime_path/metadata.json INFO
[2026-01-01 02:08:02.553] 🐛 DEBUG: Metadata file exists, size: 200 bytes INFO
2026-01-01 02:08:02,553 - System.tprint - INFO - ℹ️ 🐛 DEBUG: Metadata file exists, size: 200 bytes INFO
[2026-01-01 02:08:02.553] 🐛 DEBUG: Successfully loaded metadata with 0 versions INFO
2026-01-01 02:08:02,553 - System.tprint - INFO - ℹ️ 🐛 DEBUG: Successfully loaded metadata with 0 versions INFO
[2026-01-01 02:08:02.553] 🐛 DEBUG: list_versions() called INFO
2026-01-01 02:08:02,554 - System.tprint - INFO - ℹ️ 🐛 DEBUG: list_versions() called INFO
[2026-01-01 02:08:02.553] 🐛 DEBUG: Metadata file exists: True INFO
2026-01-01 02:08:02,554 - System.tprint - INFO - ℹ️ 🐛 DEBUG: Metadata file exists: True INFO
[2026-01-01 02:08:02.553] 🐛 DEBUG: HDF5 file exists: True INFO
2026-01-01 02:08:02,554 - System.tprint - INFO - ℹ️ 🐛 DEBUG: HDF5 file exists: True INFO
[2026-01-01 02:08:02.553] 🐛 DEBUG: Reloading metadata to get latest versions INFO
2026-01-01 02:08:02,554 - System.tprint - INFO - ℹ️ 🐛 DEBUG: Reloading metadata to get latest versions INFO
[2026-01-01 02:08:02.553] 🐛 DEBUG: _load_metadata() checking versioned_artifacts/ETHUSDT_binance_15m_long_regime_path/metadata.json INFO
2026-01-01 02:08:02,554 - System.tprint - INFO - ℹ️ 🐛 DEBUG: _load_metadata() checking versioned_artifacts/ETHUSDT_binance_15m_long_regime_path/metadata.json INFO
[2026-01-01 02:08:02.553] 🐛 DEBUG: Metadata file exists, size: 200 bytes INFO
2026-01-01 02:08:02,554 - System.tprint - INFO - ℹ️ 🐛 DEBUG: Metadata file exists, size: 200 bytes INFO
[2026-01-01 02:08:02.553] 🐛 DEBUG: Successfully loaded metadata with 0 versions INFO
2026-01-01 02:08:02,554 - System.tprint - INFO - ℹ️ 🐛 DEBUG: Successfully loaded metadata with 0 versions INFO
[2026-01-01 02:08:02.554] 🐛 DEBUG: Found 0 versions in metadata: [] INFO
2026-01-01 02:08:02,554 - System.tprint - INFO - ℹ️ 🐛 DEBUG: Found 0 versions in metadata: [] INFO
[2026-01-01 02:08:02.554] 🐛 DEBUG: Found 0 versions in HDF5: [] INFO
2026-01-01 02:08:02,555 - System.tprint - INFO - ℹ️ 🐛 DEBUG: Found 0 versions in HDF5: [] INFO
[2026-01-01 02:08:02.556] 🐛 DEBUG: _load_metadata() checking versioned_artifacts/ETHUSDT_binance_1h_long_light/metadata.json INFO
2026-01-01 02:08:02,556 - System.tprint - INFO - ℹ️ 🐛 DEBUG: _load_metadata() checking versioned_artifacts/ETHUSDT_binance_1h_long_light/metadata.json INFO
[2026-01-01 02:08:02.556] 🐛 DEBUG: Metadata file exists, size: 139 bytes INFO
2026-01-01 02:08:02,556 - System.tprint - INFO - ℹ️ 🐛 DEBUG: Metadata file exists, size: 139 bytes INFO
[2026-01-01 02:08:02.556] 🐛 DEBUG: Successfully loaded metadata with 0 versions INFO
2026-01-01 02:08:02,557 - System.tprint - INFO - ℹ️ 🐛 DEBUG: Successfully loaded metadata with 0 versions INFO
[2026-01-01 02:08:02.557] 🐛 DEBUG: list_versions() called INFO
2026-01-01 02:08:02,557 - System.tprint - INFO - ℹ️ 🐛 DEBUG: list_versions() called INFO
[2026-01-01 02:08:02.557] 🐛 DEBUG: Metadata file exists: True INFO
2026-01-01 02:08:02,557 - System.tprint - INFO - ℹ️ 🐛 DEBUG: Metadata file exists: True INFO
[2026-01-01 02:08:02.557] 🐛 DEBUG: HDF5 file exists: True INFO
2026-01-01 02:08:02,558 - System.tprint - INFO - ℹ️ 🐛 DEBUG: HDF5 file exists: True INFO
[2026-01-01 02:08:02.557] 🐛 DEBUG: Reloading metadata to get latest versions INFO
2026-01-01 02:08:02,558 - System.tprint - INFO - ℹ️ 🐛 DEBUG: Reloading metadata to get latest versions INFO
[2026-01-01 02:08:02.557] 🐛 DEBUG: _load_metadata() checking versioned_artifacts/ETHUSDT_binance_1h_long_light/metadata.json INFO
2026-01-01 02:08:02,558 - System.tprint - INFO - ℹ️ 🐛 DEBUG: _load_metadata() checking versioned_artifacts/ETHUSDT_binance_1h_long_light/metadata.json INFO
[2026-01-01 02:08:02.557] 🐛 DEBUG: Metadata file exists, size: 139 bytes INFO
2026-01-01 02:08:02,558 - System.tprint - INFO - ℹ️ 🐛 DEBUG: Metadata file exists, size: 139 bytes INFO
[2026-01-01 02:08:02.557] 🐛 DEBUG: Successfully loaded metadata with 0 versions INFO
2026-01-01 02:08:02,558 - System.tprint - INFO - ℹ️ 🐛 DEBUG: Successfully loaded metadata with 0 versions INFO
[2026-01-01 02:08:02.557] 🐛 DEBUG: Found 0 versions in metadata: [] INFO
2026-01-01 02:08:02,558 - System.tprint - INFO - ℹ️ 🐛 DEBUG: Found 0 versions in metadata: [] INFO
[2026-01-01 02:08:02.559] 🐛 DEBUG: Found 0 versions in HDF5: [] INFO
2026-01-01 02:08:02,559 - System.tprint - INFO - ℹ️ 🐛 DEBUG: Found 0 versions in HDF5: [] INFO
[2026-01-01 02:08:02.559] 🐛 DEBUG: _load_metadata() checking versioned_artifacts/ETHUSDT_binance_15m_long_light/metadata.json INFO
2026-01-01 02:08:02,559 - System.tprint - INFO - ℹ️ 🐛 DEBUG: _load_metadata() checking versioned_artifacts/ETHUSDT_binance_15m_long_light/metadata.json INFO
[2026-01-01 02:08:02.559] 🐛 DEBUG: Metadata file exists, size: 1538 bytes INFO
2026-01-01 02:08:02,559 - System.tprint - INFO - ℹ️ 🐛 DEBUG: Metadata file exists, size: 1538 bytes INFO
[2026-01-01 02:08:02.559] 🐛 DEBUG: Successfully loaded metadata with 3 versions INFO
2026-01-01 02:08:02,559 - System.tprint - INFO - ℹ️ 🐛 DEBUG: Successfully loaded metadata with 3 versions INFO
[2026-01-01 02:08:02.559] 🐛 DEBUG: list_versions() called INFO
2026-01-01 02:08:02,559 - System.tprint - INFO - ℹ️ 🐛 DEBUG: list_versions() called INFO
[2026-01-01 02:08:02.559] 🐛 DEBUG: Metadata file exists: True INFO
2026-01-01 02:08:02,559 - System.tprint - INFO - ℹ️ 🐛 DEBUG: Metadata file exists: True INFO
[2026-01-01 02:08:02.560] 🐛 DEBUG: HDF5 file exists: True INFO
2026-01-01 02:08:02,560 - System.tprint - INFO - ℹ️ 🐛 DEBUG: HDF5 file exists: True INFO
[2026-01-01 02:08:02.560] 🐛 DEBUG: Reloading metadata to get latest versions INFO
2026-01-01 02:08:02,560 - System.tprint - INFO - ℹ️ 🐛 DEBUG: Reloading metadata to get latest versions INFO
[2026-01-01 02:08:02.560] 🐛 DEBUG: _load_metadata() checking versioned_artifacts/ETHUSDT_binance_15m_long_light/metadata.json INFO
2026-01-01 02:08:02,560 - System.tprint - INFO - ℹ️ 🐛 DEBUG: _load_metadata() checking versioned_artifacts/ETHUSDT_binance_15m_long_light/metadata.json INFO
[2026-01-01 02:08:02.560] 🐛 DEBUG: Metadata file exists, size: 1538 bytes INFO
2026-01-01 02:08:02,560 - System.tprint - INFO - ℹ️ 🐛 DEBUG: Metadata file exists, size: 1538 bytes INFO
[2026-01-01 02:08:02.560] 🐛 DEBUG: Successfully loaded metadata with 3 versions INFO
2026-01-01 02:08:02,560 - System.tprint - INFO - ℹ️ 🐛 DEBUG: Successfully loaded metadata with 3 versions INFO
[2026-01-01 02:08:02.560] 🐛 DEBUG: Found 3 versions in metadata: ['selected_features_60_20251109_191448_625', 'selected_features_50_20251109_191448_653', 'selected_features_40_20251109_191448_677'] INFO
2026-01-01 02:08:02,560 - System.tprint - INFO - ℹ️ 🐛 DEBUG: Found 3 versions in metadata: ['selected_features_60_20251109_191448_625', 'selected_features_50_20251109_191448_653', 'selected_features_40_20251109_191448_677'] INFO
[2026-01-01 02:08:02.560] 🐛 DEBUG: Found 3 versions in HDF5: ['selected_features_40_20251109_191448_677', 'selected_features_50_20251109_191448_653', 'selected_features_60_20251109_191448_625'] INFO
2026-01-01 02:08:02,560 - System.tprint - INFO - ℹ️ 🐛 DEBUG: Found 3 versions in HDF5: ['selected_features_40_20251109_191448_677', 'selected_features_50_20251109_191448_653', 'selected_features_60_20251109_191448_625'] INFO
[2026-01-01 02:08:02.563] 🐛 DEBUG: _load_metadata() checking versioned_artifacts/ETHUSDT_binance_15m_long_regime_macro_trend/metadata.json INFO
2026-01-01 02:08:02,563 - System.tprint - INFO - ℹ️ 🐛 DEBUG: _load_metadata() checking versioned_artifacts/ETHUSDT_binance_15m_long_regime_macro_trend/metadata.json INFO
[2026-01-01 02:08:02.563] 🐛 DEBUG: Metadata file exists, size: 5567 bytes INFO
2026-01-01 02:08:02,563 - System.tprint - INFO - ℹ️ 🐛 DEBUG: Metadata file exists, size: 5567 bytes INFO
[2026-01-01 02:08:02.563] 🐛 DEBUG: Successfully loaded metadata with 2 versions INFO
2026-01-01 02:08:02,563 - System.tprint - INFO - ℹ️ 🐛 DEBUG: Successfully loaded metadata with 2 versions INFO
[2026-01-01 02:08:02.564] 🐛 DEBUG: list_versions() called INFO
2026-01-01 02:08:02,564 - System.tprint - INFO - ℹ️ 🐛 DEBUG: list_versions() called INFO
[2026-01-01 02:08:02.564] 🐛 DEBUG: Metadata file exists: True INFO
2026-01-01 02:08:02,564 - System.tprint - INFO - ℹ️ 🐛 DEBUG: Metadata file exists: True INFO
[2026-01-01 02:08:02.564] 🐛 DEBUG: HDF5 file exists: True INFO
2026-01-01 02:08:02,564 - System.tprint - INFO - ℹ️ 🐛 DEBUG: HDF5 file exists: True INFO
[2026-01-01 02:08:02.564] 🐛 DEBUG: Reloading metadata to get latest versions INFO
2026-01-01 02:08:02,565 - System.tprint - INFO - ℹ️ 🐛 DEBUG: Reloading metadata to get latest versions INFO
[2026-01-01 02:08:02.565] 🐛 DEBUG: _load_metadata() checking versioned_artifacts/ETHUSDT_binance_15m_long_regime_macro_trend/metadata.json INFO
2026-01-01 02:08:02,565 - System.tprint - INFO - ℹ️ 🐛 DEBUG: _load_metadata() checking versioned_artifacts/ETHUSDT_binance_15m_long_regime_macro_trend/metadata.json INFO
[2026-01-01 02:08:02.565] 🐛 DEBUG: Metadata file exists, size: 5567 bytes INFO
2026-01-01 02:08:02,565 - System.tprint - INFO - ℹ️ 🐛 DEBUG: Metadata file exists, size: 5567 bytes INFO
[2026-01-01 02:08:02.565] 🐛 DEBUG: Successfully loaded metadata with 2 versions INFO
2026-01-01 02:08:02,566 - System.tprint - INFO - ℹ️ 🐛 DEBUG: Successfully loaded metadata with 2 versions INFO
[2026-01-01 02:08:02.565] 🐛 DEBUG: Found 2 versions in metadata: ['hmm_macro_trend_training_data_15m_20251213_170722_611', 'hmm_macro_trend_regime_stats_15m_20251213_170725_853'] INFO
2026-01-01 02:08:02,566 - System.tprint - INFO - ℹ️ 🐛 DEBUG: Found 2 versions in metadata: ['hmm_macro_trend_training_data_15m_20251213_170722_611', 'hmm_macro_trend_regime_stats_15m_20251213_170725_853'] INFO
[2026-01-01 02:08:02.566] 🐛 DEBUG: Found 2 versions in HDF5: ['hmm_macro_trend_regime_stats_15m_20251213_170725_853', 'hmm_macro_trend_training_data_15m_20251213_170722_611'] INFO
2026-01-01 02:08:02,566 - System.tprint - INFO - ℹ️ 🐛 DEBUG: Found 2 versions in HDF5: ['hmm_macro_trend_regime_stats_15m_20251213_170725_853', 'hmm_macro_trend_training_data_15m_20251213_170722_611'] INFO
[2026-01-01 02:08:02.566] 🐛 DEBUG: _load_metadata() checking versioned_artifacts/ETHUSDT_binance_1h_long_full/metadata.json INFO
2026-01-01 02:08:02,567 - System.tprint - INFO - ℹ️ 🐛 DEBUG: _load_metadata() checking versioned_artifacts/ETHUSDT_binance_1h_long_full/metadata.json INFO
[2026-01-01 02:08:02.566] 🐛 DEBUG: Metadata file exists, size: 139 bytes INFO
2026-01-01 02:08:02,567 - System.tprint - INFO - ℹ️ 🐛 DEBUG: Metadata file exists, size: 139 bytes INFO
[2026-01-01 02:08:02.566] 🐛 DEBUG: Successfully loaded metadata with 0 versions INFO
2026-01-01 02:08:02,567 - System.tprint - INFO - ℹ️ 🐛 DEBUG: Successfully loaded metadata with 0 versions INFO
[2026-01-01 02:08:02.567] 🐛 DEBUG: list_versions() called INFO
2026-01-01 02:08:02,567 - System.tprint - INFO - ℹ️ 🐛 DEBUG: list_versions() called INFO
[2026-01-01 02:08:02.567] 🐛 DEBUG: Metadata file exists: True INFO
2026-01-01 02:08:02,568 - System.tprint - INFO - ℹ️ 🐛 DEBUG: Metadata file exists: True INFO
[2026-01-01 02:08:02.567] 🐛 DEBUG: HDF5 file exists: True INFO
2026-01-01 02:08:02,568 - System.tprint - INFO - ℹ️ 🐛 DEBUG: HDF5 file exists: True INFO
[2026-01-01 02:08:02.567] 🐛 DEBUG: Reloading metadata to get latest versions INFO
2026-01-01 02:08:02,568 - System.tprint - INFO - ℹ️ 🐛 DEBUG: Reloading metadata to get latest versions INFO
[2026-01-01 02:08:02.567] 🐛 DEBUG: _load_metadata() checking versioned_artifacts/ETHUSDT_binance_1h_long_full/metadata.json INFO
2026-01-01 02:08:02,568 - System.tprint - INFO - ℹ️ 🐛 DEBUG: _load_metadata() checking versioned_artifacts/ETHUSDT_binance_1h_long_full/metadata.json INFO
[2026-01-01 02:08:02.567] 🐛 DEBUG: Metadata file exists, size: 139 bytes INFO
2026-01-01 02:08:02,568 - System.tprint - INFO - ℹ️ 🐛 DEBUG: Metadata file exists, size: 139 bytes INFO
[2026-01-01 02:08:02.567] 🐛 DEBUG: Successfully loaded metadata with 0 versions INFO
2026-01-01 02:08:02,568 - System.tprint - INFO - ℹ️ 🐛 DEBUG: Successfully loaded metadata with 0 versions INFO
[2026-01-01 02:08:02.568] 🐛 DEBUG: Found 0 versions in metadata: [] INFO
2026-01-01 02:08:02,568 - System.tprint - INFO - ℹ️ 🐛 DEBUG: Found 0 versions in metadata: [] INFO
[2026-01-01 02:08:02.568] 🐛 DEBUG: Found 0 versions in HDF5: [] INFO
2026-01-01 02:08:02,569 - System.tprint - INFO - ℹ️ 🐛 DEBUG: Found 0 versions in HDF5: [] INFO
[2026-01-01 02:08:02.570] 🐛 DEBUG: _load_metadata() checking versioned_artifacts/ETHUSDT_binance_15m_short_mean_reversion/metadata.json INFO
2026-01-01 02:08:02,570 - System.tprint - INFO - ℹ️ 🐛 DEBUG: _load_metadata() checking versioned_artifacts/ETHUSDT_binance_15m_short_mean_reversion/metadata.json INFO
[2026-01-01 02:08:02.570] 🐛 DEBUG: Metadata file exists, size: 139 bytes INFO
2026-01-01 02:08:02,570 - System.tprint - INFO - ℹ️ 🐛 DEBUG: Metadata file exists, size: 139 bytes INFO
[2026-01-01 02:08:02.570] 🐛 DEBUG: Successfully loaded metadata with 0 versions INFO
2026-01-01 02:08:02,570 - System.tprint - INFO - ℹ️ 🐛 DEBUG: Successfully loaded metadata with 0 versions INFO
[2026-01-01 02:08:02.570] 🐛 DEBUG: list_versions() called INFO
2026-01-01 02:08:02,570 - System.tprint - INFO - ℹ️ 🐛 DEBUG: list_versions() called INFO
[2026-01-01 02:08:02.570] 🐛 DEBUG: Metadata file exists: True INFO
2026-01-01 02:08:02,570 - System.tprint - INFO - ℹ️ 🐛 DEBUG: Metadata file exists: True INFO
[2026-01-01 02:08:02.570] 🐛 DEBUG: HDF5 file exists: True INFO
2026-01-01 02:08:02,570 - System.tprint - INFO - ℹ️ 🐛 DEBUG: HDF5 file exists: True INFO
[2026-01-01 02:08:02.570] 🐛 DEBUG: Reloading metadata to get latest versions INFO
2026-01-01 02:08:02,570 - System.tprint - INFO - ℹ️ 🐛 DEBUG: Reloading metadata to get latest versions INFO
[2026-01-01 02:08:02.570] 🐛 DEBUG: _load_metadata() checking versioned_artifacts/ETHUSDT_binance_15m_short_mean_reversion/metadata.json INFO
2026-01-01 02:08:02,571 - System.tprint - INFO - ℹ️ 🐛 DEBUG: _load_metadata() checking versioned_artifacts/ETHUSDT_binance_15m_short_mean_reversion/metadata.json INFO
[2026-01-01 02:08:02.571] 🐛 DEBUG: Metadata file exists, size: 139 bytes INFO
2026-01-01 02:08:02,571 - System.tprint - INFO - ℹ️ 🐛 DEBUG: Metadata file exists, size: 139 bytes INFO
[2026-01-01 02:08:02.571] 🐛 DEBUG: Successfully loaded metadata with 0 versions INFO
2026-01-01 02:08:02,571 - System.tprint - INFO - ℹ️ 🐛 DEBUG: Successfully loaded metadata with 0 versions INFO
[2026-01-01 02:08:02.571] 🐛 DEBUG: Found 0 versions in metadata: [] INFO
2026-01-01 02:08:02,571 - System.tprint - INFO - ℹ️ 🐛 DEBUG: Found 0 versions in metadata: [] INFO
[2026-01-01 02:08:02.571] 🐛 DEBUG: Found 0 versions in HDF5: [] INFO
2026-01-01 02:08:02,571 - System.tprint - INFO - ℹ️ 🐛 DEBUG: Found 0 versions in HDF5: [] INFO
[2026-01-01 02:08:02.572] 🐛 DEBUG: _load_metadata() checking versioned_artifacts/ETHUSDT_binance_15m_long_path_regime/metadata.json INFO
2026-01-01 02:08:02,572 - System.tprint - INFO - ℹ️ 🐛 DEBUG: _load_metadata() checking versioned_artifacts/ETHUSDT_binance_15m_long_path_regime/metadata.json INFO
[2026-01-01 02:08:02.572] 🐛 DEBUG: Metadata file does not exist, returning default metadata INFO
2026-01-01 02:08:02,572 - System.tprint - INFO - ℹ️ 🐛 DEBUG: Metadata file does not exist, returning default metadata INFO
[2026-01-01 02:08:02.572] 🐛 DEBUG: list_versions() called INFO
2026-01-01 02:08:02,572 - System.tprint - INFO - ℹ️ 🐛 DEBUG: list_versions() called INFO
[2026-01-01 02:08:02.572] 🐛 DEBUG: Metadata file exists: False INFO
2026-01-01 02:08:02,572 - System.tprint - INFO - ℹ️ 🐛 DEBUG: Metadata file exists: False INFO
[2026-01-01 02:08:02.572] 🐛 DEBUG: HDF5 file exists: True INFO
2026-01-01 02:08:02,572 - System.tprint - INFO - ℹ️ 🐛 DEBUG: HDF5 file exists: True INFO
[2026-01-01 02:08:02.572] 🐛 DEBUG: Reloading metadata to get latest versions INFO
2026-01-01 02:08:02,572 - System.tprint - INFO - ℹ️ 🐛 DEBUG: Reloading metadata to get latest versions INFO
[2026-01-01 02:08:02.572] 🐛 DEBUG: _load_metadata() checking versioned_artifacts/ETHUSDT_binance_15m_long_path_regime/metadata.json INFO
2026-01-01 02:08:02,572 - System.tprint - INFO - ℹ️ 🐛 DEBUG: _load_metadata() checking versioned_artifacts/ETHUSDT_binance_15m_long_path_regime/metadata.json INFO
[2026-01-01 02:08:02.572] 🐛 DEBUG: Metadata file does not exist, returning default metadata INFO
2026-01-01 02:08:02,573 - System.tprint - INFO - ℹ️ 🐛 DEBUG: Metadata file does not exist, returning default metadata INFO
[2026-01-01 02:08:02.572] 🐛 DEBUG: Found 0 versions in metadata: [] INFO
2026-01-01 02:08:02,573 - System.tprint - INFO - ℹ️ 🐛 DEBUG: Found 0 versions in metadata: [] INFO
[2026-01-01 02:08:02.573] 🐛 DEBUG: Found 0 versions in HDF5: [] INFO
2026-01-01 02:08:02,573 - System.tprint - INFO - ℹ️ 🐛 DEBUG: Found 0 versions in HDF5: [] INFO
[2026-01-01 02:08:02.574] 🐛 DEBUG: _load_metadata() checking versioned_artifacts/ETHUSDT_binance_1h_long_regime_risk_hmm/metadata.json INFO
2026-01-01 02:08:02,574 - System.tprint - INFO - ℹ️ 🐛 DEBUG: _load_metadata() checking versioned_artifacts/ETHUSDT_binance_1h_long_regime_risk_hmm/metadata.json INFO
[2026-01-01 02:08:02.574] 🐛 DEBUG: Metadata file exists, size: 139 bytes INFO
2026-01-01 02:08:02,574 - System.tprint - INFO - ℹ️ 🐛 DEBUG: Metadata file exists, size: 139 bytes INFO
[2026-01-01 02:08:02.574] 🐛 DEBUG: Successfully loaded metadata with 0 versions INFO
2026-01-01 02:08:02,575 - System.tprint - INFO - ℹ️ 🐛 DEBUG: Successfully loaded metadata with 0 versions INFO
[2026-01-01 02:08:02.574] 🐛 DEBUG: list_versions() called INFO
2026-01-01 02:08:02,575 - System.tprint - INFO - ℹ️ 🐛 DEBUG: list_versions() called INFO
[2026-01-01 02:08:02.574] 🐛 DEBUG: Metadata file exists: True INFO
2026-01-01 02:08:02,575 - System.tprint - INFO - ℹ️ 🐛 DEBUG: Metadata file exists: True INFO
[2026-01-01 02:08:02.574] 🐛 DEBUG: HDF5 file exists: True INFO
2026-01-01 02:08:02,575 - System.tprint - INFO - ℹ️ 🐛 DEBUG: HDF5 file exists: True INFO
[2026-01-01 02:08:02.574] 🐛 DEBUG: Reloading metadata to get latest versions INFO
2026-01-01 02:08:02,575 - System.tprint - INFO - ℹ️ 🐛 DEBUG: Reloading metadata to get latest versions INFO
[2026-01-01 02:08:02.575] 🐛 DEBUG: _load_metadata() checking versioned_artifacts/ETHUSDT_binance_1h_long_regime_risk_hmm/metadata.json INFO
2026-01-01 02:08:02,575 - System.tprint - INFO - ℹ️ 🐛 DEBUG: _load_metadata() checking versioned_artifacts/ETHUSDT_binance_1h_long_regime_risk_hmm/metadata.json INFO
[2026-01-01 02:08:02.575] 🐛 DEBUG: Metadata file exists, size: 139 bytes INFO
2026-01-01 02:08:02,575 - System.tprint - INFO - ℹ️ 🐛 DEBUG: Metadata file exists, size: 139 bytes INFO
[2026-01-01 02:08:02.575] 🐛 DEBUG: Successfully loaded metadata with 0 versions INFO
2026-01-01 02:08:02,575 - System.tprint - INFO - ℹ️ 🐛 DEBUG: Successfully loaded metadata with 0 versions INFO
[2026-01-01 02:08:02.575] 🐛 DEBUG: Found 0 versions in metadata: [] INFO
2026-01-01 02:08:02,576 - System.tprint - INFO - ℹ️ 🐛 DEBUG: Found 0 versions in metadata: [] INFO
[2026-01-01 02:08:02.576] 🐛 DEBUG: Found 0 versions in HDF5: [] INFO
2026-01-01 02:08:02,576 - System.tprint - INFO - ℹ️ 🐛 DEBUG: Found 0 versions in HDF5: [] INFO
[2026-01-01 02:08:02.578] 🐛 DEBUG: _load_metadata() checking versioned_artifacts/ETHUSDT_binance_1h_long_regime_risk/metadata.json INFO
2026-01-01 02:08:02,578 - System.tprint - INFO - ℹ️ 🐛 DEBUG: _load_metadata() checking versioned_artifacts/ETHUSDT_binance_1h_long_regime_risk/metadata.json INFO
[2026-01-01 02:08:02.578] 🐛 DEBUG: Metadata file exists, size: 139 bytes INFO
2026-01-01 02:08:02,579 - System.tprint - INFO - ℹ️ 🐛 DEBUG: Metadata file exists, size: 139 bytes INFO
[2026-01-01 02:08:02.578] 🐛 DEBUG: Successfully loaded metadata with 0 versions INFO
2026-01-01 02:08:02,579 - System.tprint - INFO - ℹ️ 🐛 DEBUG: Successfully loaded metadata with 0 versions INFO
[2026-01-01 02:08:02.578] 🐛 DEBUG: list_versions() called INFO
2026-01-01 02:08:02,579 - System.tprint - INFO - ℹ️ 🐛 DEBUG: list_versions() called INFO
[2026-01-01 02:08:02.578] 🐛 DEBUG: Metadata file exists: True INFO
2026-01-01 02:08:02,579 - System.tprint - INFO - ℹ️ 🐛 DEBUG: Metadata file exists: True INFO
[2026-01-01 02:08:02.578] 🐛 DEBUG: HDF5 file exists: True INFO
2026-01-01 02:08:02,579 - System.tprint - INFO - ℹ️ 🐛 DEBUG: HDF5 file exists: True INFO
[2026-01-01 02:08:02.578] 🐛 DEBUG: Reloading metadata to get latest versions INFO
2026-01-01 02:08:02,579 - System.tprint - INFO - ℹ️ 🐛 DEBUG: Reloading metadata to get latest versions INFO
[2026-01-01 02:08:02.578] 🐛 DEBUG: _load_metadata() checking versioned_artifacts/ETHUSDT_binance_1h_long_regime_risk/metadata.json INFO
2026-01-01 02:08:02,579 - System.tprint - INFO - ℹ️ 🐛 DEBUG: _load_metadata() checking versioned_artifacts/ETHUSDT_binance_1h_long_regime_risk/metadata.json INFO
[2026-01-01 02:08:02.579] 🐛 DEBUG: Metadata file exists, size: 139 bytes INFO
2026-01-01 02:08:02,579 - System.tprint - INFO - ℹ️ 🐛 DEBUG: Metadata file exists, size: 139 bytes INFO
[2026-01-01 02:08:02.579] 🐛 DEBUG: Successfully loaded metadata with 0 versions INFO
2026-01-01 02:08:02,579 - System.tprint - INFO - ℹ️ 🐛 DEBUG: Successfully loaded metadata with 0 versions INFO
[2026-01-01 02:08:02.579] 🐛 DEBUG: Found 0 versions in metadata: [] INFO
2026-01-01 02:08:02,580 - System.tprint - INFO - ℹ️ 🐛 DEBUG: Found 0 versions in metadata: [] INFO
[2026-01-01 02:08:02.580] 🐛 DEBUG: Found 0 versions in HDF5: [] INFO
2026-01-01 02:08:02,581 - System.tprint - INFO - ℹ️ 🐛 DEBUG: Found 0 versions in HDF5: [] INFO
[2026-01-01 02:08:02.582] 🐛 DEBUG: _load_metadata() checking versioned_artifacts/ETHUSDT_binance_15m_long_momentum_persistence/metadata.json INFO
2026-01-01 02:08:02,582 - System.tprint - INFO - ℹ️ 🐛 DEBUG: _load_metadata() checking versioned_artifacts/ETHUSDT_binance_15m_long_momentum_persistence/metadata.json INFO
[2026-01-01 02:08:02.582] 🐛 DEBUG: Metadata file does not exist, returning default metadata INFO
2026-01-01 02:08:02,582 - System.tprint - INFO - ℹ️ 🐛 DEBUG: Metadata file does not exist, returning default metadata INFO
[2026-01-01 02:08:02.582] 🐛 DEBUG: list_versions() called INFO
2026-01-01 02:08:02,582 - System.tprint - INFO - ℹ️ 🐛 DEBUG: list_versions() called INFO
[2026-01-01 02:08:02.582] 🐛 DEBUG: Metadata file exists: False INFO
2026-01-01 02:08:02,582 - System.tprint - INFO - ℹ️ 🐛 DEBUG: Metadata file exists: False INFO
[2026-01-01 02:08:02.582] 🐛 DEBUG: HDF5 file exists: True INFO
2026-01-01 02:08:02,582 - System.tprint - INFO - ℹ️ 🐛 DEBUG: HDF5 file exists: True INFO
[2026-01-01 02:08:02.582] 🐛 DEBUG: Reloading metadata to get latest versions INFO
2026-01-01 02:08:02,582 - System.tprint - INFO - ℹ️ 🐛 DEBUG: Reloading metadata to get latest versions INFO
[2026-01-01 02:08:02.582] 🐛 DEBUG: _load_metadata() checking versioned_artifacts/ETHUSDT_binance_15m_long_momentum_persistence/metadata.json INFO
2026-01-01 02:08:02,582 - System.tprint - INFO - ℹ️ 🐛 DEBUG: _load_metadata() checking versioned_artifacts/ETHUSDT_binance_15m_long_momentum_persistence/metadata.json INFO
[2026-01-01 02:08:02.582] 🐛 DEBUG: Metadata file does not exist, returning default metadata INFO
2026-01-01 02:08:02,582 - System.tprint - INFO - ℹ️ 🐛 DEBUG: Metadata file does not exist, returning default metadata INFO
[2026-01-01 02:08:02.582] 🐛 DEBUG: Found 0 versions in metadata: [] INFO
2026-01-01 02:08:02,583 - System.tprint - INFO - ℹ️ 🐛 DEBUG: Found 0 versions in metadata: [] INFO
[2026-01-01 02:08:02.583] 🐛 DEBUG: Found 0 versions in HDF5: [] INFO
2026-01-01 02:08:02,583 - System.tprint - INFO - ℹ️ 🐛 DEBUG: Found 0 versions in HDF5: [] INFO
[2026-01-01 02:08:02.583] 🐛 DEBUG: _load_metadata() checking versioned_artifacts/ETHUSDT_binance_1h_long_blank/metadata.json INFO
2026-01-01 02:08:02,583 - System.tprint - INFO - ℹ️ 🐛 DEBUG: _load_metadata() checking versioned_artifacts/ETHUSDT_binance_1h_long_blank/metadata.json INFO
[2026-01-01 02:08:02.583] 🐛 DEBUG: Metadata file exists, size: 139 bytes INFO
2026-01-01 02:08:02,584 - System.tprint - INFO - ℹ️ 🐛 DEBUG: Metadata file exists, size: 139 bytes INFO
[2026-01-01 02:08:02.583] 🐛 DEBUG: Successfully loaded metadata with 0 versions INFO
2026-01-01 02:08:02,584 - System.tprint - INFO - ℹ️ 🐛 DEBUG: Successfully loaded metadata with 0 versions INFO
[2026-01-01 02:08:02.583] 🐛 DEBUG: list_versions() called INFO
2026-01-01 02:08:02,584 - System.tprint - INFO - ℹ️ 🐛 DEBUG: list_versions() called INFO
[2026-01-01 02:08:02.584] 🐛 DEBUG: Metadata file exists: True INFO
2026-01-01 02:08:02,584 - System.tprint - INFO - ℹ️ 🐛 DEBUG: Metadata file exists: True INFO
[2026-01-01 02:08:02.584] 🐛 DEBUG: HDF5 file exists: True INFO
2026-01-01 02:08:02,584 - System.tprint - INFO - ℹ️ 🐛 DEBUG: HDF5 file exists: True INFO
[2026-01-01 02:08:02.584] 🐛 DEBUG: Reloading metadata to get latest versions INFO
2026-01-01 02:08:02,584 - System.tprint - INFO - ℹ️ 🐛 DEBUG: Reloading metadata to get latest versions INFO
[2026-01-01 02:08:02.584] 🐛 DEBUG: _load_metadata() checking versioned_artifacts/ETHUSDT_binance_1h_long_blank/metadata.json INFO
2026-01-01 02:08:02,585 - System.tprint - INFO - ℹ️ 🐛 DEBUG: _load_metadata() checking versioned_artifacts/ETHUSDT_binance_1h_long_blank/metadata.json INFO
[2026-01-01 02:08:02.584] 🐛 DEBUG: Metadata file exists, size: 139 bytes INFO
2026-01-01 02:08:02,585 - System.tprint - INFO - ℹ️ 🐛 DEBUG: Metadata file exists, size: 139 bytes INFO
[2026-01-01 02:08:02.584] 🐛 DEBUG: Successfully loaded metadata with 0 versions INFO
2026-01-01 02:08:02,585 - System.tprint - INFO - ℹ️ 🐛 DEBUG: Successfully loaded metadata with 0 versions INFO
[2026-01-01 02:08:02.585] 🐛 DEBUG: Found 0 versions in metadata: [] INFO
2026-01-01 02:08:02,585 - System.tprint - INFO - ℹ️ 🐛 DEBUG: Found 0 versions in metadata: [] INFO
[2026-01-01 02:08:02.585] 🐛 DEBUG: Found 0 versions in HDF5: [] INFO
2026-01-01 02:08:02,586 - System.tprint - INFO - ℹ️ 🐛 DEBUG: Found 0 versions in HDF5: [] INFO
[2026-01-01 02:08:02.585] 🐛 DEBUG: _load_metadata() checking versioned_artifacts/ETHUSDT_binance_15m_long_regime_mr_trend/metadata.json INFO
2026-01-01 02:08:02,586 - System.tprint - INFO - ℹ️ 🐛 DEBUG: _load_metadata() checking versioned_artifacts/ETHUSDT_binance_15m_long_regime_mr_trend/metadata.json INFO
[2026-01-01 02:08:02.586] 🐛 DEBUG: Metadata file exists, size: 139 bytes INFO
2026-01-01 02:08:02,586 - System.tprint - INFO - ℹ️ 🐛 DEBUG: Metadata file exists, size: 139 bytes INFO
[2026-01-01 02:08:02.586] 🐛 DEBUG: Successfully loaded metadata with 0 versions INFO
2026-01-01 02:08:02,587 - System.tprint - INFO - ℹ️ 🐛 DEBUG: Successfully loaded metadata with 0 versions INFO
[2026-01-01 02:08:02.586] 🐛 DEBUG: list_versions() called INFO
2026-01-01 02:08:02,587 - System.tprint - INFO - ℹ️ 🐛 DEBUG: list_versions() called INFO
[2026-01-01 02:08:02.586] 🐛 DEBUG: Metadata file exists: True INFO
2026-01-01 02:08:02,587 - System.tprint - INFO - ℹ️ 🐛 DEBUG: Metadata file exists: True INFO
[2026-01-01 02:08:02.586] 🐛 DEBUG: HDF5 file exists: True INFO
2026-01-01 02:08:02,587 - System.tprint - INFO - ℹ️ 🐛 DEBUG: HDF5 file exists: True INFO
[2026-01-01 02:08:02.586] 🐛 DEBUG: Reloading metadata to get latest versions INFO
2026-01-01 02:08:02,587 - System.tprint - INFO - ℹ️ 🐛 DEBUG: Reloading metadata to get latest versions INFO
[2026-01-01 02:08:02.586] 🐛 DEBUG: _load_metadata() checking versioned_artifacts/ETHUSDT_binance_15m_long_regime_mr_trend/metadata.json INFO
2026-01-01 02:08:02,587 - System.tprint - INFO - ℹ️ 🐛 DEBUG: _load_metadata() checking versioned_artifacts/ETHUSDT_binance_15m_long_regime_mr_trend/metadata.json INFO
[2026-01-01 02:08:02.586] 🐛 DEBUG: Metadata file exists, size: 139 bytes INFO
2026-01-01 02:08:02,587 - System.tprint - INFO - ℹ️ 🐛 DEBUG: Metadata file exists, size: 139 bytes INFO
[2026-01-01 02:08:02.586] 🐛 DEBUG: Successfully loaded metadata with 0 versions INFO
2026-01-01 02:08:02,587 - System.tprint - INFO - ℹ️ 🐛 DEBUG: Successfully loaded metadata with 0 versions INFO
[2026-01-01 02:08:02.586] 🐛 DEBUG: Found 0 versions in metadata: [] INFO
2026-01-01 02:08:02,587 - System.tprint - INFO - ℹ️ 🐛 DEBUG: Found 0 versions in metadata: [] INFO
[2026-01-01 02:08:02.588] 🐛 DEBUG: Found 0 versions in HDF5: [] INFO
2026-01-01 02:08:02,588 - System.tprint - INFO - ℹ️ 🐛 DEBUG: Found 0 versions in HDF5: [] INFO
[2026-01-01 02:08:02.588] 🐛 DEBUG: _load_metadata() checking versioned_artifacts/ETHUSDT_binance_15m_long_regime_risk_hmm/metadata.json INFO
2026-01-01 02:08:02,589 - System.tprint - INFO - ℹ️ 🐛 DEBUG: _load_metadata() checking versioned_artifacts/ETHUSDT_binance_15m_long_regime_risk_hmm/metadata.json INFO
[2026-01-01 02:08:02.589] 🐛 DEBUG: Metadata file exists, size: 1035 bytes INFO
2026-01-01 02:08:02,589 - System.tprint - INFO - ℹ️ 🐛 DEBUG: Metadata file exists, size: 1035 bytes INFO
[2026-01-01 02:08:02.589] 🐛 DEBUG: Successfully loaded metadata with 1 versions INFO
2026-01-01 02:08:02,589 - System.tprint - INFO - ℹ️ 🐛 DEBUG: Successfully loaded metadata with 1 versions INFO
[2026-01-01 02:08:02.589] 🐛 DEBUG: list_versions() called INFO
2026-01-01 02:08:02,589 - System.tprint - INFO - ℹ️ 🐛 DEBUG: list_versions() called INFO
[2026-01-01 02:08:02.589] 🐛 DEBUG: Metadata file exists: True INFO
2026-01-01 02:08:02,589 - System.tprint - INFO - ℹ️ 🐛 DEBUG: Metadata file exists: True INFO
[2026-01-01 02:08:02.589] 🐛 DEBUG: HDF5 file exists: True INFO
2026-01-01 02:08:02,589 - System.tprint - INFO - ℹ️ 🐛 DEBUG: HDF5 file exists: True INFO
[2026-01-01 02:08:02.589] 🐛 DEBUG: Reloading metadata to get latest versions INFO
2026-01-01 02:08:02,589 - System.tprint - INFO - ℹ️ 🐛 DEBUG: Reloading metadata to get latest versions INFO
[2026-01-01 02:08:02.589] 🐛 DEBUG: _load_metadata() checking versioned_artifacts/ETHUSDT_binance_15m_long_regime_risk_hmm/metadata.json INFO
2026-01-01 02:08:02,589 - System.tprint - INFO - ℹ️ 🐛 DEBUG: _load_metadata() checking versioned_artifacts/ETHUSDT_binance_15m_long_regime_risk_hmm/metadata.json INFO
[2026-01-01 02:08:02.589] 🐛 DEBUG: Metadata file exists, size: 1035 bytes INFO
2026-01-01 02:08:02,589 - System.tprint - INFO - ℹ️ 🐛 DEBUG: Metadata file exists, size: 1035 bytes INFO
[2026-01-01 02:08:02.589] 🐛 DEBUG: Successfully loaded metadata with 1 versions INFO
2026-01-01 02:08:02,590 - System.tprint - INFO - ℹ️ 🐛 DEBUG: Successfully loaded metadata with 1 versions INFO
[2026-01-01 02:08:02.589] 🐛 DEBUG: Found 1 versions in metadata: ['ml_risk_hmm_training_data_15m_20251205_191725_560'] INFO
2026-01-01 02:08:02,590 - System.tprint - INFO - ℹ️ 🐛 DEBUG: Found 1 versions in metadata: ['ml_risk_hmm_training_data_15m_20251205_191725_560'] INFO
[2026-01-01 02:08:02.590] 🐛 DEBUG: Found 1 versions in HDF5: ['ml_risk_hmm_training_data_15m_20251205_191725_560'] INFO
2026-01-01 02:08:02,590 - System.tprint - INFO - ℹ️ 🐛 DEBUG: Found 1 versions in HDF5: ['ml_risk_hmm_training_data_15m_20251205_191725_560'] INFO
[2026-01-01 02:08:02.590] 🐛 DEBUG: _load_metadata() checking versioned_artifacts/ETHUSDT_binance_15m_long_analyst/metadata.json INFO
2026-01-01 02:08:02,591 - System.tprint - INFO - ℹ️ 🐛 DEBUG: _load_metadata() checking versioned_artifacts/ETHUSDT_binance_15m_long_analyst/metadata.json INFO
[2026-01-01 02:08:02.590] 🐛 DEBUG: Metadata file exists, size: 24005 bytes INFO
2026-01-01 02:08:02,591 - System.tprint - INFO - ℹ️ 🐛 DEBUG: Metadata file exists, size: 24005 bytes INFO
[2026-01-01 02:08:02.590] 🐛 DEBUG: Successfully loaded metadata with 8 versions INFO
2026-01-01 02:08:02,591 - System.tprint - INFO - ℹ️ 🐛 DEBUG: Successfully loaded metadata with 8 versions INFO
[2026-01-01 02:08:02.591] 🐛 DEBUG: list_versions() called INFO
2026-01-01 02:08:02,591 - System.tprint - INFO - ℹ️ 🐛 DEBUG: list_versions() called INFO
[2026-01-01 02:08:02.591] 🐛 DEBUG: Metadata file exists: True INFO
2026-01-01 02:08:02,591 - System.tprint - INFO - ℹ️ 🐛 DEBUG: Metadata file exists: True INFO
[2026-01-01 02:08:02.591] 🐛 DEBUG: HDF5 file exists: True INFO
2026-01-01 02:08:02,591 - System.tprint - INFO - ℹ️ 🐛 DEBUG: HDF5 file exists: True INFO
[2026-01-01 02:08:02.591] 🐛 DEBUG: Reloading metadata to get latest versions INFO
2026-01-01 02:08:02,591 - System.tprint - INFO - ℹ️ 🐛 DEBUG: Reloading metadata to get latest versions INFO
[2026-01-01 02:08:02.591] 🐛 DEBUG: _load_metadata() checking versioned_artifacts/ETHUSDT_binance_15m_long_analyst/metadata.json INFO
2026-01-01 02:08:02,592 - System.tprint - INFO - ℹ️ 🐛 DEBUG: _load_metadata() checking versioned_artifacts/ETHUSDT_binance_15m_long_analyst/metadata.json INFO
[2026-01-01 02:08:02.591] 🐛 DEBUG: Metadata file exists, size: 24005 bytes INFO
2026-01-01 02:08:02,592 - System.tprint - INFO - ℹ️ 🐛 DEBUG: Metadata file exists, size: 24005 bytes INFO
[2026-01-01 02:08:02.591] 🐛 DEBUG: Successfully loaded metadata with 8 versions INFO
2026-01-01 02:08:02,592 - System.tprint - INFO - ℹ️ 🐛 DEBUG: Successfully loaded metadata with 8 versions INFO
[2026-01-01 02:08:02.591] 🐛 DEBUG: Found 8 versions in metadata: ['weighted_meta_model_training_matrix_ETHUSDT_binance_15m_long_20251214_184321_623', 'labeled_data_ETHUSDT_binance_15m_long_20251214_220950_753', 'labeled_data_ETHUSDT_binance_15m_long_20251214_224631_542', 'labeled_data_ETHUSDT_binance_15m_long_20251214_233640_586', 'labeled_data_ETHUSDT_binance_15m_long_20251214_235041_562', 'labeled_data_ETHUSDT_15m_20251219_235959_715', 'labeled_data_ETHUSDT_15m_20251220_000301_152', 'labeled_data_ETHUSDT_15m_20251220_000738_204'] INFO
2026-01-01 02:08:02,592 - System.tprint - INFO - ℹ️ 🐛 DEBUG: Found 8 versions in metadata: ['weighted_meta_model_training_matrix_ETHUSDT_binance_15m_long_20251214_184321_623', 'labeled_data_ETHUSDT_binance_15m_long_20251214_220950_753', 'labeled_data_ETHUSDT_binance_15m_long_20251214_224631_542', 'labeled_data_ETHUSDT_binance_15m_long_20251214_233640_586', 'labeled_data_ETHUSDT_binance_15m_long_20251214_235041_562', 'labeled_data_ETHUSDT_15m_20251219_235959_715', 'labeled_data_ETHUSDT_15m_20251220_000301_152', 'labeled_data_ETHUSDT_15m_20251220_000738_204'] INFO
[2026-01-01 02:08:02.592] 🐛 DEBUG: Found 8 versions in HDF5: ['labeled_data_ETHUSDT_15m_20251219_235959_715', 'labeled_data_ETHUSDT_15m_20251220_000301_152', 'labeled_data_ETHUSDT_15m_20251220_000738_204', 'labeled_data_ETHUSDT_binance_15m_long_20251214_220950_753', 'labeled_data_ETHUSDT_binance_15m_long_20251214_224631_542', 'labeled_data_ETHUSDT_binance_15m_long_20251214_233640_586', 'labeled_data_ETHUSDT_binance_15m_long_20251214_235041_562', 'weighted_meta_model_training_matrix_ETHUSDT_binance_15m_long_20251214_184321_623'] INFO
2026-01-01 02:08:02,592 - System.tprint - INFO - ℹ️ 🐛 DEBUG: Found 8 versions in HDF5: ['labeled_data_ETHUSDT_15m_20251219_235959_715', 'labeled_data_ETHUSDT_15m_20251220_000301_152', 'labeled_data_ETHUSDT_15m_20251220_000738_204', 'labeled_data_ETHUSDT_binance_15m_long_20251214_220950_753', 'labeled_data_ETHUSDT_binance_15m_long_20251214_224631_542', 'labeled_data_ETHUSDT_binance_15m_long_20251214_233640_586', 'labeled_data_ETHUSDT_binance_15m_long_20251214_235041_562', 'weighted_meta_model_training_matrix_ETHUSDT_binance_15m_long_20251214_184321_623'] INFO
[2026-01-01 02:08:02.592] 🐛 DEBUG: _load_metadata() checking versioned_artifacts/ETHUSDT_binance_1h_long_regime_macro_trend/metadata.json INFO
2026-01-01 02:08:02,593 - System.tprint - INFO - ℹ️ 🐛 DEBUG: _load_metadata() checking versioned_artifacts/ETHUSDT_binance_1h_long_regime_macro_trend/metadata.json INFO
[2026-01-01 02:08:02.593] 🐛 DEBUG: Metadata file exists, size: 17432 bytes INFO
2026-01-01 02:08:02,593 - System.tprint - INFO - ℹ️ 🐛 DEBUG: Metadata file exists, size: 17432 bytes INFO
[2026-01-01 02:08:02.593] 🐛 DEBUG: Successfully loaded metadata with 5 versions INFO
2026-01-01 02:08:02,594 - System.tprint - INFO - ℹ️ 🐛 DEBUG: Successfully loaded metadata with 5 versions INFO
[2026-01-01 02:08:02.593] 🐛 DEBUG: list_versions() called INFO
2026-01-01 02:08:02,594 - System.tprint - INFO - ℹ️ 🐛 DEBUG: list_versions() called INFO
[2026-01-01 02:08:02.593] 🐛 DEBUG: Metadata file exists: True INFO
2026-01-01 02:08:02,594 - System.tprint - INFO - ℹ️ 🐛 DEBUG: Metadata file exists: True INFO
[2026-01-01 02:08:02.593] 🐛 DEBUG: HDF5 file exists: True INFO
2026-01-01 02:08:02,594 - System.tprint - INFO - ℹ️ 🐛 DEBUG: HDF5 file exists: True INFO
[2026-01-01 02:08:02.593] 🐛 DEBUG: Reloading metadata to get latest versions INFO
2026-01-01 02:08:02,594 - System.tprint - INFO - ℹ️ 🐛 DEBUG: Reloading metadata to get latest versions INFO
[2026-01-01 02:08:02.593] 🐛 DEBUG: _load_metadata() checking versioned_artifacts/ETHUSDT_binance_1h_long_regime_macro_trend/metadata.json INFO
2026-01-01 02:08:02,594 - System.tprint - INFO - ℹ️ 🐛 DEBUG: _load_metadata() checking versioned_artifacts/ETHUSDT_binance_1h_long_regime_macro_trend/metadata.json INFO
[2026-01-01 02:08:02.595] 🐛 DEBUG: Metadata file exists, size: 17432 bytes INFO
2026-01-01 02:08:02,595 - System.tprint - INFO - ℹ️ 🐛 DEBUG: Metadata file exists, size: 17432 bytes INFO
[2026-01-01 02:08:02.599] 🐛 DEBUG: Successfully loaded metadata with 5 versions INFO
2026-01-01 02:08:02,599 - System.tprint - INFO - ℹ️ 🐛 DEBUG: Successfully loaded metadata with 5 versions INFO
[2026-01-01 02:08:02.599] 🐛 DEBUG: Found 5 versions in metadata: ['hmm_macro_trend_regime_quality_1h_20251204_224507_427', 'hmm_macro_trend_regime_quality_1h_20251204_225044_960', 'hmm_macro_trend_regime_quality_1h_20251205_183537_791', 'hmm_macro_trend_regime_quality_1h_20251205_191709_242', 'hmm_macro_trend_regime_quality_1h_20251213_170722_488'] INFO
2026-01-01 02:08:02,599 - System.tprint - INFO - ℹ️ 🐛 DEBUG: Found 5 versions in metadata: ['hmm_macro_trend_regime_quality_1h_20251204_224507_427', 'hmm_macro_trend_regime_quality_1h_20251204_225044_960', 'hmm_macro_trend_regime_quality_1h_20251205_183537_791', 'hmm_macro_trend_regime_quality_1h_20251205_191709_242', 'hmm_macro_trend_regime_quality_1h_20251213_170722_488'] INFO
[2026-01-01 02:08:02.600] 🐛 DEBUG: Found 5 versions in HDF5: ['hmm_macro_trend_regime_quality_1h_20251204_224507_427', 'hmm_macro_trend_regime_quality_1h_20251204_225044_960', 'hmm_macro_trend_regime_quality_1h_20251205_183537_791', 'hmm_macro_trend_regime_quality_1h_20251205_191709_242', 'hmm_macro_trend_regime_quality_1h_20251213_170722_488'] INFO
2026-01-01 02:08:02,600 - System.tprint - INFO - ℹ️ 🐛 DEBUG: Found 5 versions in HDF5: ['hmm_macro_trend_regime_quality_1h_20251204_224507_427', 'hmm_macro_trend_regime_quality_1h_20251204_225044_960', 'hmm_macro_trend_regime_quality_1h_20251205_183537_791', 'hmm_macro_trend_regime_quality_1h_20251205_191709_242', 'hmm_macro_trend_regime_quality_1h_20251213_170722_488'] INFO
[2026-01-01 02:08:02.600] 🐛 DEBUG: _load_metadata() checking versioned_artifacts/ETHUSDT_binance_1h_long_regime/metadata.json INFO
2026-01-01 02:08:02,601 - System.tprint - INFO - ℹ️ 🐛 DEBUG: _load_metadata() checking versioned_artifacts/ETHUSDT_binance_1h_long_regime/metadata.json INFO
[2026-01-01 02:08:02.600] 🐛 DEBUG: Metadata file exists, size: 3249 bytes INFO
2026-01-01 02:08:02,601 - System.tprint - INFO - ℹ️ 🐛 DEBUG: Metadata file exists, size: 3249 bytes INFO
[2026-01-01 02:08:02.600] 🐛 DEBUG: Successfully loaded metadata with 5 versions INFO
2026-01-01 02:08:02,601 - System.tprint - INFO - ℹ️ 🐛 DEBUG: Successfully loaded metadata with 5 versions INFO
[2026-01-01 02:08:02.601] 🐛 DEBUG: list_versions() called INFO
2026-01-01 02:08:02,601 - System.tprint - INFO - ℹ️ 🐛 DEBUG: list_versions() called INFO
[2026-01-01 02:08:02.601] 🐛 DEBUG: Metadata file exists: True INFO
2026-01-01 02:08:02,601 - System.tprint - INFO - ℹ️ 🐛 DEBUG: Metadata file exists: True INFO
[2026-01-01 02:08:02.601] 🐛 DEBUG: HDF5 file exists: True INFO
2026-01-01 02:08:02,601 - System.tprint - INFO - ℹ️ 🐛 DEBUG: HDF5 file exists: True INFO
[2026-01-01 02:08:02.601] 🐛 DEBUG: Reloading metadata to get latest versions INFO
2026-01-01 02:08:02,601 - System.tprint - INFO - ℹ️ 🐛 DEBUG: Reloading metadata to get latest versions INFO
[2026-01-01 02:08:02.601] 🐛 DEBUG: _load_metadata() checking versioned_artifacts/ETHUSDT_binance_1h_long_regime/metadata.json INFO
2026-01-01 02:08:02,601 - System.tprint - INFO - ℹ️ 🐛 DEBUG: _load_metadata() checking versioned_artifacts/ETHUSDT_binance_1h_long_regime/metadata.json INFO
[2026-01-01 02:08:02.601] 🐛 DEBUG: Metadata file exists, size: 3249 bytes INFO
2026-01-01 02:08:02,602 - System.tprint - INFO - ℹ️ 🐛 DEBUG: Metadata file exists, size: 3249 bytes INFO
[2026-01-01 02:08:02.601] 🐛 DEBUG: Successfully loaded metadata with 5 versions INFO
2026-01-01 02:08:02,602 - System.tprint - INFO - ℹ️ 🐛 DEBUG: Successfully loaded metadata with 5 versions INFO
[2026-01-01 02:08:02.601] 🐛 DEBUG: Found 5 versions in metadata: ['rolling_hmm_regime_confidence_features_20251122_003448_094', 'rolling_hmm_economic_features_20251122_003448_124', 'rolling_hmm_regime_labels_20251122_003448_165', 'rolling_hmm_regime_probabilities_20251122_003448_178', 'rolling_hmm_transition_matrix_20251122_003448_193'] INFO
2026-01-01 02:08:02,602 - System.tprint - INFO - ℹ️ 🐛 DEBUG: Found 5 versions in metadata: ['rolling_hmm_regime_confidence_features_20251122_003448_094', 'rolling_hmm_economic_features_20251122_003448_124', 'rolling_hmm_regime_labels_20251122_003448_165', 'rolling_hmm_regime_probabilities_20251122_003448_178', 'rolling_hmm_transition_matrix_20251122_003448_193'] INFO
[2026-01-01 02:08:02.602] 🐛 DEBUG: Found 5 versions in HDF5: ['rolling_hmm_economic_features_20251122_003448_124', 'rolling_hmm_regime_confidence_features_20251122_003448_094', 'rolling_hmm_regime_labels_20251122_003448_165', 'rolling_hmm_regime_probabilities_20251122_003448_178', 'rolling_hmm_transition_matrix_20251122_003448_193'] INFO
2026-01-01 02:08:02,603 - System.tprint - INFO - ℹ️ 🐛 DEBUG: Found 5 versions in HDF5: ['rolling_hmm_economic_features_20251122_003448_124', 'rolling_hmm_regime_confidence_features_20251122_003448_094', 'rolling_hmm_regime_labels_20251122_003448_165', 'rolling_hmm_regime_probabilities_20251122_003448_178', 'rolling_hmm_transition_matrix_20251122_003448_193'] INFO
[2026-01-01 02:08:02.602] 🐛 DEBUG: _load_metadata() checking versioned_artifacts/ETHUSDT_binance_15m_long_blank/metadata.json INFO
2026-01-01 02:08:02,603 - System.tprint - INFO - ℹ️ 🐛 DEBUG: _load_metadata() checking versioned_artifacts/ETHUSDT_binance_15m_long_blank/metadata.json INFO
[2026-01-01 02:08:02.602] 🐛 DEBUG: Metadata file exists, size: 139 bytes INFO
2026-01-01 02:08:02,603 - System.tprint - INFO - ℹ️ 🐛 DEBUG: Metadata file exists, size: 139 bytes INFO
[2026-01-01 02:08:02.603] 🐛 DEBUG: Successfully loaded metadata with 0 versions INFO
2026-01-01 02:08:02,603 - System.tprint - INFO - ℹ️ 🐛 DEBUG: Successfully loaded metadata with 0 versions INFO
[2026-01-01 02:08:02.603] 🐛 DEBUG: list_versions() called INFO
2026-01-01 02:08:02,604 - System.tprint - INFO - ℹ️ 🐛 DEBUG: list_versions() called INFO
[2026-01-01 02:08:02.603] 🐛 DEBUG: Metadata file exists: True INFO
2026-01-01 02:08:02,604 - System.tprint - INFO - ℹ️ 🐛 DEBUG: Metadata file exists: True INFO
[2026-01-01 02:08:02.603] 🐛 DEBUG: HDF5 file exists: True INFO
2026-01-01 02:08:02,604 - System.tprint - INFO - ℹ️ 🐛 DEBUG: HDF5 file exists: True INFO
[2026-01-01 02:08:02.603] 🐛 DEBUG: Reloading metadata to get latest versions INFO
2026-01-01 02:08:02,604 - System.tprint - INFO - ℹ️ 🐛 DEBUG: Reloading metadata to get latest versions INFO
[2026-01-01 02:08:02.603] 🐛 DEBUG: _load_metadata() checking versioned_artifacts/ETHUSDT_binance_15m_long_blank/metadata.json INFO
2026-01-01 02:08:02,604 - System.tprint - INFO - ℹ️ 🐛 DEBUG: _load_metadata() checking versioned_artifacts/ETHUSDT_binance_15m_long_blank/metadata.json INFO
[2026-01-01 02:08:02.603] 🐛 DEBUG: Metadata file exists, size: 139 bytes INFO
2026-01-01 02:08:02,604 - System.tprint - INFO - ℹ️ 🐛 DEBUG: Metadata file exists, size: 139 bytes INFO
[2026-01-01 02:08:02.603] 🐛 DEBUG: Successfully loaded metadata with 0 versions INFO
2026-01-01 02:08:02,604 - System.tprint - INFO - ℹ️ 🐛 DEBUG: Successfully loaded metadata with 0 versions INFO
[2026-01-01 02:08:02.605] 🐛 DEBUG: Found 0 versions in metadata: [] INFO
2026-01-01 02:08:02,605 - System.tprint - INFO - ℹ️ 🐛 DEBUG: Found 0 versions in metadata: [] INFO
[2026-01-01 02:08:02.605] 🐛 DEBUG: Found 0 versions in HDF5: [] INFO
2026-01-01 02:08:02,605 - System.tprint - INFO - ℹ️ 🐛 DEBUG: Found 0 versions in HDF5: [] INFO
[2026-01-01 02:08:02.606] 🐛 DEBUG: _load_metadata() checking versioned_artifacts/ETHUSDT_binance_15m_long_regime_alpha/metadata.json INFO
2026-01-01 02:08:02,606 - System.tprint - INFO - ℹ️ 🐛 DEBUG: _load_metadata() checking versioned_artifacts/ETHUSDT_binance_15m_long_regime_alpha/metadata.json INFO
[2026-01-01 02:08:02.606] 🐛 DEBUG: Metadata file exists, size: 139 bytes INFO
2026-01-01 02:08:02,606 - System.tprint - INFO - ℹ️ 🐛 DEBUG: Metadata file exists, size: 139 bytes INFO
[2026-01-01 02:08:02.606] 🐛 DEBUG: Successfully loaded metadata with 0 versions INFO
2026-01-01 02:08:02,606 - System.tprint - INFO - ℹ️ 🐛 DEBUG: Successfully loaded metadata with 0 versions INFO
[2026-01-01 02:08:02.606] 🐛 DEBUG: list_versions() called INFO
2026-01-01 02:08:02,607 - System.tprint - INFO - ℹ️ 🐛 DEBUG: list_versions() called INFO
[2026-01-01 02:08:02.606] 🐛 DEBUG: Metadata file exists: True INFO
2026-01-01 02:08:02,607 - System.tprint - INFO - ℹ️ 🐛 DEBUG: Metadata file exists: True INFO
[2026-01-01 02:08:02.606] 🐛 DEBUG: HDF5 file exists: True INFO
2026-01-01 02:08:02,607 - System.tprint - INFO - ℹ️ 🐛 DEBUG: HDF5 file exists: True INFO
[2026-01-01 02:08:02.606] 🐛 DEBUG: Reloading metadata to get latest versions INFO
2026-01-01 02:08:02,607 - System.tprint - INFO - ℹ️ 🐛 DEBUG: Reloading metadata to get latest versions INFO
[2026-01-01 02:08:02.607] 🐛 DEBUG: _load_metadata() checking versioned_artifacts/ETHUSDT_binance_15m_long_regime_alpha/metadata.json INFO
2026-01-01 02:08:02,607 - System.tprint - INFO - ℹ️ 🐛 DEBUG: _load_metadata() checking versioned_artifacts/ETHUSDT_binance_15m_long_regime_alpha/metadata.json INFO
[2026-01-01 02:08:02.607] 🐛 DEBUG: Metadata file exists, size: 139 bytes INFO
2026-01-01 02:08:02,607 - System.tprint - INFO - ℹ️ 🐛 DEBUG: Metadata file exists, size: 139 bytes INFO
[2026-01-01 02:08:02.607] 🐛 DEBUG: Successfully loaded metadata with 0 versions INFO
2026-01-01 02:08:02,607 - System.tprint - INFO - ℹ️ 🐛 DEBUG: Successfully loaded metadata with 0 versions INFO
[2026-01-01 02:08:02.607] 🐛 DEBUG: Found 0 versions in metadata: [] INFO
2026-01-01 02:08:02,608 - System.tprint - INFO - ℹ️ 🐛 DEBUG: Found 0 versions in metadata: [] INFO
[2026-01-01 02:08:02.607] 🐛 DEBUG: Found 0 versions in HDF5: [] INFO
2026-01-01 02:08:02,608 - System.tprint - INFO - ℹ️ 🐛 DEBUG: Found 0 versions in HDF5: [] INFO
2026-01-01 02:08:02,609 - System.ArtifactManager - WARNING - ⚠️ Artifact not found: ohlcv_data
2026-01-01 02:08:02,611 - System.ArtifactManager - INFO - ℹ️ 📁 Context set: step=meta_labeling_hpo_sample_weighted, symbol=None, exchange=None, timeframe=None, datetime=2026-01-01 02:08:02.016971, information=None, direction=long, model=Analyst
[2026-01-01 02:08:02.612] ⚠️ Artifact 'ohlcv_data' not found in any storage | UNKNOWN/binance [15m] long/analyst
2026-01-01 02:08:02,612 - System.tprint - INFO - ℹ️ ⚠️ Artifact 'ohlcv_data' not found in any storage | UNKNOWN/binance [15m] long/analyst
2026-01-01 02:08:02,615 - System.ArtifactManager - INFO - ℹ️ 📁 Context set: step=meta_labeling_hpo_sample_weighted, symbol=None, exchange=None, timeframe=None, datetime=2026-01-01 02:08:02.016971, information=None, direction=long, model=Analyst
[2026-01-01 02:08:02.616] 📥 BASESTEP historical load: symbol=ETHUSDT, exchange=binance, timeframe=15m, execution_mode=full, start_date=2024-01-01, end_date=2024-12-31 INFO
2026-01-01 02:08:02,616 - System.tprint - INFO - ℹ️ 📥 BASESTEP historical load: symbol=ETHUSDT, exchange=binance, timeframe=15m, execution_mode=full, start_date=2024-01-01, end_date=2024-12-31 INFO
2026-01-01 02:08:02,624 - System.KlinesParquetManager - INFO - ℹ️ ✅ KlinesParquetManager initialized with base_dir: historical_data
[2026-01-01 02:08:02.632] 📁 BASESTEP probe: 51 files for ETHUSDT 15m (sample: historical_data/binance/ethusdt/processed/ethusdt_15m/year=2021/month=10/3b08e855a9c24b019d7c633963954045-0.parquet ... historical_data/binance/ethusdt/processed/ethusdt_15m/year=2025/month=9/3b08e855a9c24b019d7c633963954045-0.parquet) INFO
2026-01-01 02:08:02,632 - System.tprint - INFO - ℹ️ 📁 BASESTEP probe: 51 files for ETHUSDT 15m (sample: historical_data/binance/ethusdt/processed/ethusdt_15m/year=2021/month=10/3b08e855a9c24b019d7c633963954045-0.parquet ... historical_data/binance/ethusdt/processed/ethusdt_15m/year=2025/month=9/3b08e855a9c24b019d7c633963954045-0.parquet) INFO
[2026-01-01 02:08:02.632] 📊 load_market_data_or_fail post-historical: type=None, rows=NA INFO
2026-01-01 02:08:02,632 - System.tprint - INFO - ℹ️ 📊 load_market_data_or_fail post-historical: type=None, rows=NA INFO
2026-01-01 02:08:02,632 - System.KlinesParquetManager - INFO - ℹ️ ✅ KlinesParquetManager initialized with base_dir: historical_data
[2026-01-01 02:08:02.632] 🐛 DEBUG [load_klines]: last_n_days=1095, start_time=None, end_time=None INFO
2026-01-01 02:08:02,632 - System.tprint - INFO - ℹ️ 🐛 DEBUG [load_klines]: last_n_days=1095, start_time=None, end_time=None INFO
[2026-01-01 02:08:02.635] 🐛 DEBUG [KlinesParquetManager]: Loading 51 parquet files INFO
2026-01-01 02:08:02,635 - System.tprint - INFO - ℹ️ 🐛 DEBUG [KlinesParquetManager]: Loading 51 parquet files INFO
2026-01-01 02:08:02,843 - System.ParquetUtils - INFO - ℹ️ ✅ Read parquet: 3b08e855a9c24b019d7c633963954045-0.parquet -> (104, 9)
[2026-01-01 02:08:02.844] 🐛 DEBUG [KlinesParquetManager]: File 1/51: historical_data/binance/ethusdt/processed/ethusdt_15m/year=2021/month=10/3b08e855a9c24b019d7c633963954045-0.parquet - 104 rows, span=(2021-10-30 22:00:00, 2021-10-31 23:45:00) INFO
2026-01-01 02:08:02,844 - System.tprint - INFO - ℹ️ 🐛 DEBUG [KlinesParquetManager]: File 1/51: historical_data/binance/ethusdt/processed/ethusdt_15m/year=2021/month=10/3b08e855a9c24b019d7c633963954045-0.parquet - 104 rows, span=(2021-10-30 22:00:00, 2021-10-31 23:45:00) INFO
2026-01-01 02:08:02,849 - System.ParquetUtils - INFO - ℹ️ ✅ Read parquet: 3b08e855a9c24b019d7c633963954045-0.parquet -> (2880, 9)
[2026-01-01 02:08:02.850] 🐛 DEBUG [KlinesParquetManager]: File 2/51: historical_data/binance/ethusdt/processed/ethusdt_15m/year=2021/month=11/3b08e855a9c24b019d7c633963954045-0.parquet - 2880 rows, span=(2021-11-01 00:00:00, 2021-11-30 23:45:00) INFO
2026-01-01 02:08:02,850 - System.tprint - INFO - ℹ️ 🐛 DEBUG [KlinesParquetManager]: File 2/51: historical_data/binance/ethusdt/processed/ethusdt_15m/year=2021/month=11/3b08e855a9c24b019d7c633963954045-0.parquet - 2880 rows, span=(2021-11-01 00:00:00, 2021-11-30 23:45:00) INFO
2026-01-01 02:08:02,854 - System.ParquetUtils - INFO - ℹ️ ✅ Read parquet: 3b08e855a9c24b019d7c633963954045-0.parquet -> (2976, 9)
[2026-01-01 02:08:02.855] 🐛 DEBUG [KlinesParquetManager]: File 3/51: historical_data/binance/ethusdt/processed/ethusdt_15m/year=2021/month=12/3b08e855a9c24b019d7c633963954045-0.parquet - 2976 rows, span=(2021-12-01 00:00:00, 2021-12-31 23:45:00) INFO
2026-01-01 02:08:02,855 - System.tprint - INFO - ℹ️ 🐛 DEBUG [KlinesParquetManager]: File 3/51: historical_data/binance/ethusdt/processed/ethusdt_15m/year=2021/month=12/3b08e855a9c24b019d7c633963954045-0.parquet - 2976 rows, span=(2021-12-01 00:00:00, 2021-12-31 23:45:00) INFO
2026-01-01 02:08:02,859 - System.ParquetUtils - INFO - ℹ️ ✅ Read parquet: 3b08e855a9c24b019d7c633963954045-0.parquet -> (2976, 9)
2026-01-01 02:08:02,864 - System.ParquetUtils - INFO - ℹ️ ✅ Read parquet: 3b08e855a9c24b019d7c633963954045-0.parquet -> (2976, 9)
2026-01-01 02:08:02,869 - System.ParquetUtils - INFO - ℹ️ ✅ Read parquet: 3b08e855a9c24b019d7c633963954045-0.parquet -> (2877, 9)
2026-01-01 02:08:02,873 - System.ParquetUtils - INFO - ℹ️ ✅ Read parquet: 3b08e855a9c24b019d7c633963954045-0.parquet -> (2047, 9)
2026-01-01 02:08:02,876 - System.ParquetUtils - INFO - ℹ️ ✅ Read parquet: 3b08e855a9c24b019d7c633963954045-0.parquet -> (2688, 9)
2026-01-01 02:08:02,882 - System.ParquetUtils - INFO - ℹ️ ✅ Read parquet: 3b08e855a9c24b019d7c633963954045-0.parquet -> (2976, 9)
2026-01-01 02:08:02,887 - System.ParquetUtils - INFO - ℹ️ ✅ Read parquet: 3b08e855a9c24b019d7c633963954045-0.parquet -> (2880, 9)
2026-01-01 02:08:02,892 - System.ParquetUtils - INFO - ℹ️ ✅ Read parquet: 3b08e855a9c24b019d7c633963954045-0.parquet -> (2976, 9)
2026-01-01 02:08:02,898 - System.ParquetUtils - INFO - ℹ️ ✅ Read parquet: 3b08e855a9c24b019d7c633963954045-0.parquet -> (2880, 9)
2026-01-01 02:08:02,902 - System.ParquetUtils - INFO - ℹ️ ✅ Read parquet: 3b08e855a9c24b019d7c633963954045-0.parquet -> (2976, 9)
2026-01-01 02:08:02,906 - System.ParquetUtils - INFO - ℹ️ ✅ Read parquet: 3b08e855a9c24b019d7c633963954045-0.parquet -> (2976, 9)
2026-01-01 02:08:02,911 - System.ParquetUtils - INFO - ℹ️ ✅ Read parquet: 3b08e855a9c24b019d7c633963954045-0.parquet -> (2880, 9)
2026-01-01 02:08:02,916 - System.ParquetUtils - INFO - ℹ️ ✅ Read parquet: 3b08e855a9c24b019d7c633963954045-0.parquet -> (2976, 9)
2026-01-01 02:08:02,920 - System.ParquetUtils - INFO - ℹ️ ✅ Read parquet: 3b08e855a9c24b019d7c633963954045-0.parquet -> (2976, 9)
2026-01-01 02:08:02,924 - System.ParquetUtils - INFO - ℹ️ ✅ Read parquet: 3b08e855a9c24b019d7c633963954045-0.parquet -> (2880, 9)
2026-01-01 02:08:02,929 - System.ParquetUtils - INFO - ℹ️ ✅ Read parquet: 3b08e855a9c24b019d7c633963954045-0.parquet -> (2976, 9)
2026-01-01 02:08:02,934 - System.ParquetUtils - INFO - ℹ️ ✅ Read parquet: 3b08e855a9c24b019d7c633963954045-0.parquet -> (2688, 9)
2026-01-01 02:08:02,937 - System.ParquetUtils - INFO - ℹ️ ✅ Read parquet: 3b08e855a9c24b019d7c633963954045-0.parquet -> (2363, 9)
2026-01-01 02:08:02,941 - System.ParquetUtils - INFO - ℹ️ ✅ Read parquet: 3b08e855a9c24b019d7c633963954045-0.parquet -> (2880, 9)
2026-01-01 02:08:02,947 - System.ParquetUtils - INFO - ℹ️ ✅ Read parquet: 3b08e855a9c24b019d7c633963954045-0.parquet -> (2976, 9)
2026-01-01 02:08:02,951 - System.ParquetUtils - INFO - ℹ️ ✅ Read parquet: 3b08e855a9c24b019d7c633963954045-0.parquet -> (2880, 9)
2026-01-01 02:08:02,954 - System.ParquetUtils - INFO - ℹ️ ✅ Read parquet: 3b08e855a9c24b019d7c633963954045-0.parquet -> (2976, 9)
2026-01-01 02:08:02,957 - System.ParquetUtils - INFO - ℹ️ ✅ Read parquet: 3b08e855a9c24b019d7c633963954045-0.parquet -> (2976, 9)
2026-01-01 02:08:02,960 - System.ParquetUtils - INFO - ℹ️ ✅ Read parquet: 3b08e855a9c24b019d7c633963954045-0.parquet -> (2880, 9)
2026-01-01 02:08:02,965 - System.ParquetUtils - INFO - ℹ️ ✅ Read parquet: 3b08e855a9c24b019d7c633963954045-0.parquet -> (2976, 9)
2026-01-01 02:08:02,969 - System.ParquetUtils - INFO - ℹ️ ✅ Read parquet: 3b08e855a9c24b019d7c633963954045-0.parquet -> (2976, 9)
2026-01-01 02:08:02,973 - System.ParquetUtils - INFO - ℹ️ ✅ Read parquet: 3b08e855a9c24b019d7c633963954045-0.parquet -> (2880, 9)
2026-01-01 02:08:02,977 - System.ParquetUtils - INFO - ℹ️ ✅ Read parquet: 3b08e855a9c24b019d7c633963954045-0.parquet -> (2976, 9)
2026-01-01 02:08:02,981 - System.ParquetUtils - INFO - ℹ️ ✅ Read parquet: 3b08e855a9c24b019d7c633963954045-0.parquet -> (2784, 9)
2026-01-01 02:08:02,984 - System.ParquetUtils - INFO - ℹ️ ✅ Read parquet: 3b08e855a9c24b019d7c633963954045-0.parquet -> (2976, 9)
2026-01-01 02:08:02,989 - System.ParquetUtils - INFO - ℹ️ ✅ Read parquet: 3b08e855a9c24b019d7c633963954045-0.parquet -> (2880, 9)
2026-01-01 02:08:02,993 - System.ParquetUtils - INFO - ℹ️ ✅ Read parquet: 3b08e855a9c24b019d7c633963954045-0.parquet -> (2976, 9)
2026-01-01 02:08:02,998 - System.ParquetUtils - INFO - ℹ️ ✅ Read parquet: 3b08e855a9c24b019d7c633963954045-0.parquet -> (2880, 9)
2026-01-01 02:08:03,002 - System.ParquetUtils - INFO - ℹ️ ✅ Read parquet: 3b08e855a9c24b019d7c633963954045-0.parquet -> (2976, 9)
2026-01-01 02:08:03,006 - System.ParquetUtils - INFO - ℹ️ ✅ Read parquet: 3b08e855a9c24b019d7c633963954045-0.parquet -> (2976, 9)
2026-01-01 02:08:03,010 - System.ParquetUtils - INFO - ℹ️ ✅ Read parquet: 3b08e855a9c24b019d7c633963954045-0.parquet -> (2880, 9)
2026-01-01 02:08:03,014 - System.ParquetUtils - INFO - ℹ️ ✅ Read parquet: 3b08e855a9c24b019d7c633963954045-0.parquet -> (2976, 9)
2026-01-01 02:08:03,018 - System.ParquetUtils - INFO - ℹ️ ✅ Read parquet: 3b08e855a9c24b019d7c633963954045-0.parquet -> (2976, 9)
2026-01-01 02:08:03,022 - System.ParquetUtils - INFO - ℹ️ ✅ Read parquet: 3b08e855a9c24b019d7c633963954045-0.parquet -> (2880, 9)
2026-01-01 02:08:03,025 - System.ParquetUtils - INFO - ℹ️ ✅ Read parquet: 3b08e855a9c24b019d7c633963954045-0.parquet -> (924, 9)
2026-01-01 02:08:03,029 - System.ParquetUtils - INFO - ℹ️ ✅ Read parquet: 3b08e855a9c24b019d7c633963954045-0.parquet -> (2688, 9)
2026-01-01 02:08:03,034 - System.ParquetUtils - INFO - ℹ️ ✅ Read parquet: 3b08e855a9c24b019d7c633963954045-0.parquet -> (2976, 9)
2026-01-01 02:08:03,037 - System.ParquetUtils - INFO - ℹ️ ✅ Read parquet: 3b08e855a9c24b019d7c633963954045-0.parquet -> (2880, 9)
2026-01-01 02:08:03,041 - System.ParquetUtils - INFO - ℹ️ ✅ Read parquet: 3b08e855a9c24b019d7c633963954045-0.parquet -> (2976, 9)
2026-01-01 02:08:03,044 - System.ParquetUtils - INFO - ℹ️ ✅ Read parquet: 3b08e855a9c24b019d7c633963954045-0.parquet -> (2880, 9)
2026-01-01 02:08:03,049 - System.ParquetUtils - INFO - ℹ️ ✅ Read parquet: 3b08e855a9c24b019d7c633963954045-0.parquet -> (2976, 9)
[2026-01-01 02:08:03.049] 🐛 DEBUG [KlinesParquetManager]: File 49/51: historical_data/binance/ethusdt/processed/ethusdt_15m/year=2025/month=7/3b08e855a9c24b019d7c633963954045-0.parquet - 2976 rows, span=(2025-07-01 00:00:00, 2025-07-31 23:45:00) INFO
2026-01-01 02:08:03,049 - System.tprint - INFO - ℹ️ 🐛 DEBUG [KlinesParquetManager]: File 49/51: historical_data/binance/ethusdt/processed/ethusdt_15m/year=2025/month=7/3b08e855a9c24b019d7c633963954045-0.parquet - 2976 rows, span=(2025-07-01 00:00:00, 2025-07-31 23:45:00) INFO
2026-01-01 02:08:03,054 - System.ParquetUtils - INFO - ℹ️ ✅ Read parquet: 3b08e855a9c24b019d7c633963954045-0.parquet -> (2976, 9)
[2026-01-01 02:08:03.054] 🐛 DEBUG [KlinesParquetManager]: File 50/51: historical_data/binance/ethusdt/processed/ethusdt_15m/year=2025/month=8/3b08e855a9c24b019d7c633963954045-0.parquet - 2976 rows, span=(2025-08-01 00:00:00, 2025-08-31 23:45:00) INFO
2026-01-01 02:08:03,054 - System.tprint - INFO - ℹ️ 🐛 DEBUG [KlinesParquetManager]: File 50/51: historical_data/binance/ethusdt/processed/ethusdt_15m/year=2025/month=8/3b08e855a9c24b019d7c633963954045-0.parquet - 2976 rows, span=(2025-08-01 00:00:00, 2025-08-31 23:45:00) INFO
2026-01-01 02:08:03,058 - System.ParquetUtils - INFO - ℹ️ ✅ Read parquet: 3b08e855a9c24b019d7c633963954045-0.parquet -> (2880, 9)
[2026-01-01 02:08:03.058] 🐛 DEBUG [KlinesParquetManager]: File 51/51: historical_data/binance/ethusdt/processed/ethusdt_15m/year=2025/month=9/3b08e855a9c24b019d7c633963954045-0.parquet - 2880 rows, span=(2025-09-01 00:00:00, 2025-09-30 23:45:00) INFO
2026-01-01 02:08:03,058 - System.tprint - INFO - ℹ️ 🐛 DEBUG [KlinesParquetManager]: File 51/51: historical_data/binance/ethusdt/processed/ethusdt_15m/year=2025/month=9/3b08e855a9c24b019d7c633963954045-0.parquet - 2880 rows, span=(2025-09-01 00:00:00, 2025-09-30 23:45:00) INFO
[2026-01-01 02:08:03.058] 🐛 DEBUG [KlinesParquetManager]: Successfully loaded 51 dataframes, combining... INFO
2026-01-01 02:08:03,058 - System.tprint - INFO - ℹ️ 🐛 DEBUG [KlinesParquetManager]: Successfully loaded 51 dataframes, combining... INFO
[2026-01-01 02:08:03.065] 🐛 DEBUG [KlinesParquetManager]: Combined shape before filtering: (142619, 9) INFO
2026-01-01 02:08:03,065 - System.tprint - INFO - ℹ️ 🐛 DEBUG [KlinesParquetManager]: Combined shape before filtering: (142619, 9) INFO
[2026-01-01 02:08:03.065] 🔧 TIMEZONE: Index timezone: None INFO
2026-01-01 02:08:03,065 - System.tprint - INFO - ℹ️ 🔧 TIMEZONE: Index timezone: None INFO
[2026-01-01 02:08:03.083] 🐛 DEBUG [KlinesParquetManager]: Before duplicate removal: 142619 rows INFO
2026-01-01 02:08:03,083 - System.tprint - INFO - ℹ️ 🐛 DEBUG [KlinesParquetManager]: Before duplicate removal: 142619 rows INFO
[2026-01-01 02:08:03.085] 🐛 DEBUG [KlinesParquetManager]: Duplicated timestamps: 0 INFO
2026-01-01 02:08:03,085 - System.tprint - INFO - ℹ️ 🐛 DEBUG [KlinesParquetManager]: Duplicated timestamps: 0 INFO
[2026-01-01 02:08:03.086] 🐛 DEBUG [KlinesParquetManager]: Unique timestamps: 142619 INFO
2026-01-01 02:08:03,086 - System.tprint - INFO - ℹ️ 🐛 DEBUG [KlinesParquetManager]: Unique timestamps: 142619 INFO
[2026-01-01 02:08:03.091] 🐛 DEBUG [KlinesParquetManager]: After duplicate removal: 142619 rows INFO
2026-01-01 02:08:03,091 - System.tprint - INFO - ℹ️ 🐛 DEBUG [KlinesParquetManager]: After duplicate removal: 142619 rows INFO
[2026-01-01 02:08:03.091] 🐛 DEBUG [KlinesParquetManager]: start_time=None, end_time=None INFO
2026-01-01 02:08:03,092 - System.tprint - INFO - ℹ️ 🐛 DEBUG [KlinesParquetManager]: start_time=None, end_time=None INFO
[2026-01-01 02:08:03.091] 🐛 DEBUG [KlinesParquetManager]: Final combined_df shape: (142619, 9) INFO
2026-01-01 02:08:03,092 - System.tprint - INFO - ℹ️ 🐛 DEBUG [KlinesParquetManager]: Final combined_df shape: (142619, 9) INFO
[2026-01-01 02:08:03.091] 🐛 DEBUG [KlinesParquetManager]: Date range: 2021-10-30 22:00:00 to 2025-12-10 14:45:00 INFO
2026-01-01 02:08:03,092 - System.tprint - INFO - ℹ️ 🐛 DEBUG [KlinesParquetManager]: Date range: 2021-10-30 22:00:00 to 2025-12-10 14:45:00 INFO
2026-01-01 02:08:03,113 - src.utils.kline_parquet - INFO - ℹ️ load_klines executed in 480.90ms
[2026-01-01 02:08:03.114] 📊 Fallback load: type=DataFrame, rows=104508, days=1095 INFO
2026-01-01 02:08:03,114 - System.tprint - INFO - ℹ️ 📊 Fallback load: type=DataFrame, rows=104508, days=1095 INFO
2026-01-01 02:08:03,422 - src.utils.ml_common.optimization.execution_mode_adapter - INFO - ℹ️ 🚀 FULL mode: Using full HPO trials=50, cv_folds=3
2026-01-01 02:08:03,423 - src.utils.hardware.unified_hardware_manager.UnifiedHardwareManager - INFO - ℹ️ ✅ Unified Hardware Manager fully initialized
2026-01-01 02:08:03,423 - src.utils.hardware.unified_hardware_manager.HardwarePerformanceMonitor - INFO - ℹ️ 🔧 Switched back to normal thresholds
2026-01-01 02:08:03,423 - src.utils.hardware.unified_hardware_manager.UnifiedHardwareManager - INFO - ℹ️ 🔧 Switched back to normal thresholds
2026-01-01 02:08:03,423 - src.utils.matrix_operations.hardware_integration.HardwareOptimizedMatrixProcessor - INFO - ℹ️ ✅ M1 GPU acceleration available
2026-01-01 02:08:03,423 - src.utils.hardware.m1_memory_optimizer.M1MemoryOptimizer - INFO - ℹ️ 🧠 Memory limit set to 8.0 GB (8589934592.0 bytes)
2026-01-01 02:08:03,506 - src.utils.hardware.m1_memory_optimizer.M1MemoryOptimizer - INFO - ℹ️ 🧠 M1 Memory Optimizer initialized for M1
2026-01-01 02:08:03,507 - src.utils.matrix_operations.hardware_integration.HardwareOptimizedMatrixProcessor - INFO - ℹ️ ✅ M1 Memory optimizer initialized
2026-01-01 02:08:03,508 - src.utils.matrix_operations.hardware_integration.HardwareOptimizedMatrixProcessor - INFO - ℹ️ ✅ M1 CPU optimizer initialized
2026-01-01 02:08:03,508 - src.utils.matrix_operations.hardware_integration.HardwareOptimizedMatrixProcessor - INFO - ℹ️ ✅ Memory monitor initialized
2026-01-01 02:08:03,508 - src.utils.matrix_operations.hardware_integration.HardwareOptimizedMatrixProcessor - INFO - ℹ️ 🚀 Hardware-Optimized Matrix Processor initialized
2026-01-01 02:08:03,508 - src.utils.matrix_operations.hardware_integration.HardwareOptimizedMatrixProcessor - INFO - ℹ️ 🖥️ GPU Info: {'is_m1': True, 'm1_generation': 'm1', 'mps_available': True, 'gpu_memory': 'Shared system memory', 'gpu_name': 'Apple Silicon GPU (MPS) - M1', 'compatibility_mode': 'legacy_m1', 'fallback_available': True, 'device': 'mps'}
2026-01-01 02:08:03,508 - src.utils.matrix_operations.hardware_integration.HardwareOptimizedMatrixProcessor - INFO - ℹ️ 💻 CPU Info: {'is_m1': True, 'm1_generation': 'm1', 'total_cores': 8, 'performance_cores': 4, 'efficiency_cores': 4, 'optimal_workers': 4, 'architecture': 'arm64', 'm1_optimizations_enabled': True, 'legacy_mode': False, 'compatibility_mode': 'auto', 'version': '2.0.0'}
2026-01-01 02:08:03,509 - src.utils.matrix_operations.hardware_integration.HardwareOptimizedMatrixProcessor - INFO - ℹ️ 🧠 Memory Stats: {'current_mb': 370.671875, 'peak_mb': 370.671875, 'usage_percentage': 4.5253753662109375, 'max_mb': 8192.0, 'is_pressure': False, 'is_critical': False, 'history_count': 4}
2026-01-01 02:08:03,550 - src.utils.hardware.m1_memory_optimizer.M1MemoryOptimizer - INFO - ℹ️ 🧠 M1 Memory Optimizer initialized for M1
2026-01-01 02:08:03,551 - src.utils.matrix_operations.batch_operations - INFO - ℹ️ ✅ Batch matrix processor initialized with M1 optimization
2026-01-01 02:08:03,551 - BayesianTPEOptimizer - INFO - ℹ️ ✅ Hardware optimization components initialized
2026-01-01 02:08:03,552 - BayesianTPEOptimizer - INFO - ℹ️ ✅ VectorBT Rolling Optimizer initialized
2026-01-01 02:08:03,552 - src.feature_generation.utils.unified_vectorization_manager - WARNING - ⚠️ GPU not available, disabling GPU optimizations
2026-01-01 02:08:03,553 - BayesianTPEOptimizer - INFO - ℹ️ ✅ Enhanced Unified Vectorization Manager initialized
2026-01-01 02:08:03,553 - BayesianTPEOptimizer - INFO - ℹ️ 🚀 VectorBT GPU acceleration enabled
2026-01-01 02:08:03,553 - BayesianTPEOptimizer - INFO - ℹ️ ✅ VectorBT optimization components initialized
2026-01-01 02:08:03,554 - BayesianTPEOptimizer - INFO - ℹ️ ✅ VectorBT-Optimized BayesianTPEOptimizer initialized
2026-01-01 02:08:03,554 - BayesianTPEOptimizer - INFO - ℹ️    → Hardware optimization: Enabled
2026-01-01 02:08:03,554 - BayesianTPEOptimizer - INFO - ℹ️    → VectorBT optimization: Enabled
2026-01-01 02:08:03,554 - BayesianTPEOptimizer - INFO - ℹ️ 🚀 Starting staged TPE optimization
2026-01-01 02:08:03,555 - BayesianTPEOptimizer - INFO - ℹ️    Search space: ['kalman_Q', 'kalman_R', 'volume_weight', 'volume_adaptive']
2026-01-01 02:08:03,555 - BayesianTPEOptimizer - INFO - ℹ️    Stages: Coarse Fine TPE
2026-01-01 02:08:03,555 - BayesianTPEOptimizer - INFO - ℹ️ 🔍 Stage 1: VectorBT-optimized coarse grid search
2026-01-01 02:08:03,555 - src.utils.hardware.unified_hardware_manager.HardwarePerformanceMonitor - INFO - ℹ️ 🔧 Switched back to normal thresholds
2026-01-01 02:08:03,555 - src.utils.hardware.unified_hardware_manager.UnifiedHardwareManager - INFO - ℹ️ 🔧 Switched back to normal thresholds
2026-01-01 02:08:03,556 - BayesianTPEOptimizer - INFO - ℹ️    Generated 54 coarse grid points
2026-01-01 02:08:03,557 - BayesianTPEOptimizer - INFO - ℹ️ 🔄 Batch evaluating 54 coarse grid points
2026-01-01 02:08:04,584 - src.utils.hardware.m1_memory_optimizer.M1MemoryOptimizer - INFO - ℹ️ 🧹 Moderate cleanup: 3523 objects collected
2026-01-01 02:08:10,308 - src.utils.hardware.m1_memory_optimizer.M1MemoryOptimizer - INFO - ℹ️ 🧹 Moderate cleanup: 44893 objects collected
2026-01-01 02:08:24,872 - BayesianTPEOptimizer - INFO - ℹ️    Batch evaluation completed in 21.32s
2026-01-01 02:08:24,873 - BayesianTPEOptimizer - INFO - ℹ️    Evaluations/sec: 2.5
2026-01-01 02:08:24,873 - BayesianTPEOptimizer - INFO - ℹ️    Hardware acceleration: Enabled
2026-01-01 02:08:24,873 - BayesianTPEOptimizer - INFO - ℹ️    Coarse grid: 54 trials, best: 0.7532
2026-01-01 02:08:24,873 - BayesianTPEOptimizer - INFO - ℹ️    Coarse grid best params: {'kalman_Q': 3.1622776601683795e-05, 'kalman_R': 0.00031622776601683794, 'volume_weight': 0.0, 'volume_adaptive': True}
2026-01-01 02:08:24,874 - BayesianTPEOptimizer - INFO - ℹ️ 🔍 Stage 2: VectorBT-optimized fine grid search
2026-01-01 02:08:24,874 - src.utils.hardware.unified_hardware_manager.HardwarePerformanceMonitor - INFO - ℹ️ 🔧 Switched to intensive workload thresholds
2026-01-01 02:08:24,874 - src.utils.hardware.unified_hardware_manager.UnifiedHardwareManager - INFO - ℹ️ 🔧 Switched to intensive workload thresholds
2026-01-01 02:08:24,874 - BayesianTPEOptimizer - INFO - ℹ️    Generated 54 fine grid points
2026-01-01 02:08:24,874 - BayesianTPEOptimizer - INFO - ℹ️ 🔄 Batch evaluating 54 fine grid points
2026-01-01 02:08:31,891 - src.utils.hardware.unified_hardware_manager.HardwarePerformanceMonitor - WARNING - ⚠️ 🚨 ALERT: cpu_usage (96.8) exceeds threshold (95.0)
2026-01-01 02:08:33,501 - BayesianTPEOptimizer - INFO - ℹ️    Batch evaluation completed in 8.63s
2026-01-01 02:08:33,501 - BayesianTPEOptimizer - INFO - ℹ️    Evaluations/sec: 6.3
2026-01-01 02:08:33,501 - BayesianTPEOptimizer - INFO - ℹ️    Hardware acceleration: Enabled
2026-01-01 02:08:33,501 - BayesianTPEOptimizer - INFO - ℹ️    Fine grid: 54 trials, best: 0.7597
2026-01-01 02:08:33,502 - BayesianTPEOptimizer - INFO - ℹ️    Fine grid best params: {'kalman_Q': 1.415331084114304e-05, 'kalman_R': 0.0001425343038219812, 'volume_weight': 0.0, 'volume_adaptive': True}
2026-01-01 02:08:33,502 - BayesianTPEOptimizer - INFO - ℹ️ 🔍 Stage 2.5: VectorBT adaptive grid refinement
2026-01-01 02:08:33,502 - BayesianTPEOptimizer - INFO - ℹ️    Skipping adaptive refinement - convergence criteria not met
2026-01-01 02:08:33,502 - BayesianTPEOptimizer - INFO - ℹ️ ✅ Staged TPE optimization completed in 29.95s
2026-01-01 02:08:33,502 - BayesianTPEOptimizer - INFO - ℹ️    Best value: 0.7532
2026-01-01 02:08:33,502 - BayesianTPEOptimizer - INFO - ℹ️    Best params: {'kalman_Q': 3.1622776601683795e-05, 'kalman_R': 0.00031622776601683794, 'volume_weight': 0.0, 'volume_adaptive': True}
2026-01-01 02:08:33,502 - BayesianTPEOptimizer - INFO - ℹ️    Total trials: 108
[2026-01-01 02:08:35.787] 🛠️ Initialized BaseStep for 'label_based_layer_2'
2026-01-01 02:08:35,789 - System.tprint - INFO - ℹ️ 🛠️ Initialized BaseStep for 'label_based_layer_2'
[2026-01-01 02:08:36.394] WARNING: Generator PRICE_CUSUM failed: The truth value of a Series is ambiguous. Use a.empty, a.bool(), a.item(), a.any() or a.all().
2026-01-01 02:08:36,397 - System.tprint - WARNING - ⚠️ Generator PRICE_CUSUM failed: The truth value of a Series is ambiguous. Use a.empty, a.bool(), a.item(), a.any() or a.all().
[2026-01-01 02:08:36.398] WARNING: Generator PRICE_CUSUM failed: The truth value of a Series is ambiguous. Use a.empty, a.bool(), a.item(), a.any() or a.all().
2026-01-01 02:08:36,399 - System.tprint - WARNING - ⚠️ Generator PRICE_CUSUM failed: The truth value of a Series is ambiguous. Use a.empty, a.bool(), a.item(), a.any() or a.all().
[2026-01-01 02:08:53.413] WARNING: ❌ [VOL_CUSUM] Gates Failed: Sample: 91806/86.30/d [OK] | Bal: 9.2% [FAIL] | Jaccard: 0.96 [OK] | ANOVA: p=0.00 [OK] | MI: 0.0081 [OK]
2026-01-01 02:08:53,413 - System.tprint - WARNING - ⚠️ ❌ [VOL_CUSUM] Gates Failed: Sample: 91806/86.30/d [OK] | Bal: 9.2% [FAIL] | Jaccard: 0.96 [OK] | ANOVA: p=0.00 [OK] | MI: 0.0081 [OK]
[2026-01-01 02:08:54.501] WARNING: ❌ [VOL_CUSUM] Gates Failed: Sample: 91806/86.30/d [OK] | Bal: 9.2% [FAIL] | Jaccard: 0.96 [OK] | ANOVA: p=0.00 [OK] | MI: 0.0081 [OK]
2026-01-01 02:08:54,503 - System.tprint - WARNING - ⚠️ ❌ [VOL_CUSUM] Gates Failed: Sample: 91806/86.30/d [OK] | Bal: 9.2% [FAIL] | Jaccard: 0.96 [OK] | ANOVA: p=0.00 [OK] | MI: 0.0081 [OK]
[2026-01-01 02:08:55.582] WARNING: ❌ [VOL_CUSUM] Gates Failed: Sample: 91806/86.30/d [OK] | Bal: 9.2% [FAIL] | Jaccard: 0.96 [OK] | ANOVA: p=0.00 [OK] | MI: 0.0081 [OK]
2026-01-01 02:08:55,587 - System.tprint - WARNING - ⚠️ ❌ [VOL_CUSUM] Gates Failed: Sample: 91806/86.30/d [OK] | Bal: 9.2% [FAIL] | Jaccard: 0.96 [OK] | ANOVA: p=0.00 [OK] | MI: 0.0081 [OK]
[2026-01-01 02:09:01.010] WARNING: ❌ [VOL_CUSUM] Gates Failed: Sample: 91806/86.30/d [OK] | Bal: 9.2% [FAIL] | Jaccard: 0.96 [OK] | ANOVA: p=0.00 [OK] | MI: 0.0081 [OK]
2026-01-01 02:09:01,010 - System.tprint - WARNING - ⚠️ ❌ [VOL_CUSUM] Gates Failed: Sample: 91806/86.30/d [OK] | Bal: 9.2% [FAIL] | Jaccard: 0.96 [OK] | ANOVA: p=0.00 [OK] | MI: 0.0081 [OK]
[2026-01-01 02:09:01.501] WARNING: ❌ [VOL_CUSUM] Gates Failed: Sample: 91806/86.30/d [OK] | Bal: 9.2% [FAIL] | Jaccard: 0.96 [OK] | ANOVA: p=0.00 [OK] | MI: 0.0081 [OK]
2026-01-01 02:09:01,501 - System.tprint - WARNING - ⚠️ ❌ [VOL_CUSUM] Gates Failed: Sample: 91806/86.30/d [OK] | Bal: 9.2% [FAIL] | Jaccard: 0.96 [OK] | ANOVA: p=0.00 [OK] | MI: 0.0081 [OK]
[2026-01-01 02:09:02.024] WARNING: ❌ [VOL_CUSUM] Gates Failed: Sample: 91806/86.30/d [OK] | Bal: 9.2% [FAIL] | Jaccard: 0.96 [OK] | ANOVA: p=0.00 [OK] | MI: 0.0081 [OK]
2026-01-01 02:09:02,024 - System.tprint - WARNING - ⚠️ ❌ [VOL_CUSUM] Gates Failed: Sample: 91806/86.30/d [OK] | Bal: 9.2% [FAIL] | Jaccard: 0.96 [OK] | ANOVA: p=0.00 [OK] | MI: 0.0081 [OK]
[2026-01-01 02:09:04.445] WARNING: ❌ [VOL_CUSUM] Gates Failed: Sample: 91806/86.30/d [OK] | Bal: 8.4% [FAIL] | Jaccard: 0.96 [OK] | ANOVA: p=0.00 [OK] | MI: 0.0102 [OK]
2026-01-01 02:09:04,446 - System.tprint - WARNING - ⚠️ ❌ [VOL_CUSUM] Gates Failed: Sample: 91806/86.30/d [OK] | Bal: 8.4% [FAIL] | Jaccard: 0.96 [OK] | ANOVA: p=0.00 [OK] | MI: 0.0102 [OK]
[2026-01-01 02:09:05.092] WARNING: ❌ [VOL_CUSUM] Gates Failed: Sample: 91806/86.30/d [OK] | Bal: 8.4% [FAIL] | Jaccard: 0.96 [OK] | ANOVA: p=0.00 [OK] | MI: 0.0102 [OK]
2026-01-01 02:09:05,092 - System.tprint - WARNING - ⚠️ ❌ [VOL_CUSUM] Gates Failed: Sample: 91806/86.30/d [OK] | Bal: 8.4% [FAIL] | Jaccard: 0.96 [OK] | ANOVA: p=0.00 [OK] | MI: 0.0102 [OK]
[2026-01-01 02:09:05.531] WARNING: ❌ [VOL_CUSUM] Gates Failed: Sample: 91806/86.30/d [OK] | Bal: 8.4% [FAIL] | Jaccard: 0.96 [OK] | ANOVA: p=0.00 [OK] | MI: 0.0102 [OK]
2026-01-01 02:09:05,531 - System.tprint - WARNING - ⚠️ ❌ [VOL_CUSUM] Gates Failed: Sample: 91806/86.30/d [OK] | Bal: 8.4% [FAIL] | Jaccard: 0.96 [OK] | ANOVA: p=0.00 [OK] | MI: 0.0102 [OK]
[2026-01-01 02:09:07.652] WARNING: ❌ [VOL_CUSUM] Gates Failed: Sample: 91806/86.30/d [OK] | Bal: 8.4% [FAIL] | Jaccard: 0.96 [OK] | ANOVA: p=0.00 [OK] | MI: 0.0102 [OK]
2026-01-01 02:09:07,653 - System.tprint - WARNING - ⚠️ ❌ [VOL_CUSUM] Gates Failed: Sample: 91806/86.30/d [OK] | Bal: 8.4% [FAIL] | Jaccard: 0.96 [OK] | ANOVA: p=0.00 [OK] | MI: 0.0102 [OK]
[2026-01-01 02:09:08.118] WARNING: ❌ [VOL_CUSUM] Gates Failed: Sample: 91806/86.30/d [OK] | Bal: 8.4% [FAIL] | Jaccard: 0.96 [OK] | ANOVA: p=0.00 [OK] | MI: 0.0102 [OK]
2026-01-01 02:09:08,118 - System.tprint - WARNING - ⚠️ ❌ [VOL_CUSUM] Gates Failed: Sample: 91806/86.30/d [OK] | Bal: 8.4% [FAIL] | Jaccard: 0.96 [OK] | ANOVA: p=0.00 [OK] | MI: 0.0102 [OK]
[2026-01-01 02:09:09.773] WARNING: ❌ [VOL_CUSUM] Gates Failed: Sample: 91806/86.30/d [OK] | Bal: 8.4% [FAIL] | Jaccard: 0.96 [OK] | ANOVA: p=0.00 [OK] | MI: 0.0102 [OK]
2026-01-01 02:09:09,777 - System.tprint - WARNING - ⚠️ ❌ [VOL_CUSUM] Gates Failed: Sample: 91806/86.30/d [OK] | Bal: 8.4% [FAIL] | Jaccard: 0.96 [OK] | ANOVA: p=0.00 [OK] | MI: 0.0102 [OK]
[2026-01-01 02:09:15.515] WARNING: ❌ [VOL_CUSUM] Gates Failed: Sample: 91806/86.30/d [OK] | Bal: 7.8% [FAIL] | Jaccard: 0.96 [OK] | ANOVA: p=0.00 [OK] | MI: 0.0093 [OK]
2026-01-01 02:09:15,516 - System.tprint - WARNING - ⚠️ ❌ [VOL_CUSUM] Gates Failed: Sample: 91806/86.30/d [OK] | Bal: 7.8% [FAIL] | Jaccard: 0.96 [OK] | ANOVA: p=0.00 [OK] | MI: 0.0093 [OK]
[2026-01-01 02:09:16.233] WARNING: ❌ [VOL_CUSUM] Gates Failed: Sample: 91806/86.30/d [OK] | Bal: 7.8% [FAIL] | Jaccard: 0.96 [OK] | ANOVA: p=0.00 [OK] | MI: 0.0093 [OK]
2026-01-01 02:09:16,234 - System.tprint - WARNING - ⚠️ ❌ [VOL_CUSUM] Gates Failed: Sample: 91806/86.30/d [OK] | Bal: 7.8% [FAIL] | Jaccard: 0.96 [OK] | ANOVA: p=0.00 [OK] | MI: 0.0093 [OK]
[2026-01-01 02:09:17.062] WARNING: ❌ [VOL_CUSUM] Gates Failed: Sample: 91806/86.30/d [OK] | Bal: 7.8% [FAIL] | Jaccard: 0.96 [OK] | ANOVA: p=0.00 [OK] | MI: 0.0093 [OK]
2026-01-01 02:09:17,062 - System.tprint - WARNING - ⚠️ ❌ [VOL_CUSUM] Gates Failed: Sample: 91806/86.30/d [OK] | Bal: 7.8% [FAIL] | Jaccard: 0.96 [OK] | ANOVA: p=0.00 [OK] | MI: 0.0093 [OK]
[2026-01-01 02:09:20.353] WARNING: ❌ [VOL_CUSUM] Gates Failed: Sample: 91806/86.30/d [OK] | Bal: 7.8% [FAIL] | Jaccard: 0.96 [OK] | ANOVA: p=0.00 [OK] | MI: 0.0093 [OK]
2026-01-01 02:09:20,353 - System.tprint - WARNING - ⚠️ ❌ [VOL_CUSUM] Gates Failed: Sample: 91806/86.30/d [OK] | Bal: 7.8% [FAIL] | Jaccard: 0.96 [OK] | ANOVA: p=0.00 [OK] | MI: 0.0093 [OK]
/Library/Frameworks/Python.framework/Versions/3.11/lib/python3.11/multiprocessing/resource_tracker.py:224: UserWarning: resource_tracker: There appear to be 1 leaked semaphore objects to clean up at shutdown
  warnings.warn('resource_tracker: There appear to be %d '
