2025-12-31 19:07:52,219 - numexpr.utils - INFO - ℹ️ NumExpr defaulting to 8 threads.
2025-12-31 19:07:53,079 - DataQualityFramework - INFO - ℹ️ ✅ Comprehensive duplicate analyzer integrated
2025-12-31 19:07:53,079 - DataQualityFramework - INFO - ℹ️ 🔧 Unified Data Quality Framework initialized (singleton)
[2025-12-31 19:07:53.080] PERFORMANCE: DataQualityFramework initialization took 0.000s
2025-12-31 19:07:53,080 - System.tprint - INFO - ℹ️ DataQualityFramework initialization took 0.000s
2025-12-31 19:07:54,047 - System.AdvancedQualityMetrics - INFO - ℹ️ 📊 AdvancedQualityMetrics initialized with tolerant parameters
[2025-12-31 19:07:54.047] PERFORMANCE: AdvancedQualityMetrics initialization took 0.000s
2025-12-31 19:07:54,047 - System.tprint - INFO - ℹ️ AdvancedQualityMetrics initialization took 0.000s
2025-12-31 19:07:54,050 - DataCleaner - INFO - ℹ️ Using klines-specific gap thresholds: {<GapType.SMALL: 'small'>: 65, <GapType.MEDIUM: 'medium'>: 300, <GapType.LARGE: 'large'>: 1800, <GapType.CRITICAL: 'critical'>: 3600}
[2025-12-31 19:07:54.050] PERFORMANCE: DataCleaner(klines) initialization took 0.000s
2025-12-31 19:07:54,050 - System.tprint - INFO - ℹ️ DataCleaner(klines) initialization took 0.000s
2025-12-31 19:07:54,050 - DataCleaner - INFO - ℹ️ Using klines-specific gap thresholds: {<GapType.SMALL: 'small'>: 65, <GapType.MEDIUM: 'medium'>: 300, <GapType.LARGE: 'large'>: 1800, <GapType.CRITICAL: 'critical'>: 3600}
[2025-12-31 19:07:54.050] PERFORMANCE: DataCleaner(klines) initialization took 0.000s
2025-12-31 19:07:54,050 - System.tprint - INFO - ℹ️ DataCleaner(klines) initialization took 0.000s
2025-12-31 19:07:54,050 - DataCleanerManager - INFO - ℹ️ 🔧 DataCleanerManager initialized (singleton)
[2025-12-31 19:07:54.273] DEBUG: 🔧 [features_common.utils] Initializing common utilities module
[2025-12-31 19:07:54.273] SUCCESS: ✅ [features_common.utils] Math validation utilities loaded
2025-12-31 19:07:54,274 - System.tprint - INFO - ℹ️ ✅ [features_common.utils] Math validation utilities loaded
[2025-12-31 19:07:54.274] DEBUG: 🔧 [features_common.utils] Common utilities module initialized
2025-12-31 19:08:02,670 - src.utils.hardware.m1_gpu_utils.M1GPUManager - INFO - ℹ️ M1 GPU Manager initialized - M1: True, Generation: m1, MPS: True
2025-12-31 19:08:02,703 - src.utils.hardware.m1_cpu_optimizer.M1CPUOptimizer - INFO - ℹ️ 🧠 M1 CPU Optimizer initialized for M1 (4P+4E cores)
[2025-12-31 19:08:04.709] DEBUG: 🔧 [transforms] Module initialized with 14 exports
2025-12-31 19:08:04,710 - src.features_common.backward_compatibility - INFO - ℹ️ Backward compatibility ensured for features_common
[2025-12-31 19:08:04.711] DEBUG: 🔧 [optimization] Module initialized with 6 exports
[2025-12-31 19:08:04.712] DEBUG: 🔧 [registry] Module initialized with BaseFeatureRegistry
[2025-12-31 19:08:04.716] DEBUG: 🚀 [features_common] Enhanced module initialized with 59 exports
[2025-12-31 19:08:04.716] SUCCESS: ✅ [features_common] All optimizations enabled by default
2025-12-31 19:08:04,716 - System.tprint - INFO - ℹ️ ✅ [features_common] All optimizations enabled by default
[2025-12-31 19:08:04.716] INFO: 🔧 [features_common] VectorBT integration available
2025-12-31 19:08:04,716 - System.tprint - INFO - ℹ️ 🔧 [features_common] VectorBT integration available
[2025-12-31 19:08:04.716] PERFORMANCE: 📊 [features_common] Performance monitoring enabled
2025-12-31 19:08:04,716 - System.tprint - INFO - ℹ️ 📊 [features_common] Performance monitoring enabled
[2025-12-31 19:08:04.716] WARNING: 💾 [features_common] Intelligent caching active
2025-12-31 19:08:04,716 - System.tprint - WARNING - ⚠️ 💾 [features_common] Intelligent caching active
2025-12-31 19:08:04,717 - System.DataStreamingManager - INFO - ℹ️ 🚀 DataStreamingManager initialized (singleton): chunk_size=10000, memory_threshold=0.8
[2025-12-31 19:08:04.717] PERFORMANCE: DataStreamingManager initialization took 0.000s
2025-12-31 19:08:04,717 - System.tprint - INFO - ℹ️ DataStreamingManager initialization took 0.000s
2025-12-31 19:08:04,745 - System.EvaluationUtils - INFO - ℹ️ EvaluationUtils delegating core metric computation to unified_evaluator
[2025-12-31 19:08:04.760] ✅ Custom logger available for MLCommon.ConfidenceMetrics
2025-12-31 19:08:04,760 - System.tprint - INFO - ℹ️ ✅ Custom logger available for MLCommon.ConfidenceMetrics
[2025-12-31 19:08:04.761] ✅ Custom logger available for MLCommon.ModelExplanations
2025-12-31 19:08:04,761 - System.tprint - INFO - ℹ️ ✅ Custom logger available for MLCommon.ModelExplanations
2025-12-31 19:08:05,987 - MLCommon.ModelExplanations - INFO - ℹ️ LIME library available - LIME explanations enabled
[2025-12-31 19:08:05.989] ✅ Custom logger available for MLCommon.ModelRegistry
2025-12-31 19:08:05,990 - System.tprint - INFO - ℹ️ ✅ Custom logger available for MLCommon.ModelRegistry
[2025-12-31 19:08:05.989] ✅ Custom logger available for MLCommon.ModelExplainability
2025-12-31 19:08:05,990 - System.tprint - INFO - ℹ️ ✅ Custom logger available for MLCommon.ModelExplainability
[2025-12-31 19:08:06.080] ✅ Custom logger available for MLCommon.CV
2025-12-31 19:08:06,080 - System.tprint - INFO - ℹ️ ✅ Custom logger available for MLCommon.CV
2025-12-31 19:08:06,082 - src.utils.ml_common.validation.enhanced_validation - INFO - ℹ️ ✅ Enhanced Validation initialized
[2025-12-31 19:08:06.084] ✅ Custom logger available for MLCommon.ValidationUtils
2025-12-31 19:08:06,084 - System.tprint - INFO - ℹ️ ✅ Custom logger available for MLCommon.ValidationUtils
[2025-12-31 19:08:06.090] ✅ Custom logger available for MLCommon.HPOUtils
2025-12-31 19:08:06,090 - System.tprint - INFO - ℹ️ ✅ Custom logger available for MLCommon.HPOUtils
2025-12-31 19:08:06,217 - src.utils.matrix_operations.enhanced_operations.CustomMatrixOperationsRegistry - INFO - ℹ️ 📝 Registered custom matrix operation: gpu_condition_number
2025-12-31 19:08:06,217 - src.utils.matrix_operations.enhanced_operations.CustomMatrixOperationsRegistry - INFO - ℹ️ 📝 Registered custom matrix operation: gpu_matrix_rank
2025-12-31 19:08:06,217 - src.utils.matrix_operations.enhanced_operations.CustomMatrixOperationsRegistry - INFO - ℹ️ 📝 Registered custom matrix operation: matrix_normalize
2025-12-31 19:08:06,217 - src.utils.matrix_operations.enhanced_operations.CustomMatrixOperationsRegistry - INFO - ℹ️ 📝 Registered custom matrix operation: extract_matrix_features
2025-12-31 19:08:06,222 - src.utils.matrix_operations - INFO - ℹ️ ✅ Unified Matrix Operations module initialized
2025-12-31 19:08:06,222 - src.utils.matrix_operations - INFO - ℹ️ 📦 Version: 1.0.0
2025-12-31 19:08:06,222 - src.utils.matrix_operations - INFO - ℹ️ 🔧 Features: VectorBT optimizations, GPU acceleration, memory optimization, vectorized processing, batch operations
2025-12-31 19:08:06,223 - src.utils.matrix_operations - INFO - ℹ️ 🍎 Optimized for: Apple Silicon M1/M2/M3 Macs
2025-12-31 19:08:06,223 - src.utils.matrix_operations - INFO - ℹ️ 🚀 VectorBT optimizations enabled - expect 2-10x performance improvements
2025-12-31 19:08:06,223 - src.utils.matrix_operations - INFO - ℹ️ 🎯 VectorBTRollingOptimizer available - enhanced rolling operations
2025-12-31 19:08:06,223 - src.utils.matrix_operations - INFO - ℹ️ ⚡ UnifiedVectorizationManager available - unified vectorization operations
2025-12-31 19:08:06,224 - System.ComplementaryLookbackOptimizer - INFO - ℹ️ ✅ Detected VectorBT v0.28.1
2025-12-31 19:08:06,230 - src.feature_generation.utils.feature_generation_optimization - INFO - ℹ️ ✅ VectorBT available for feature optimization
2025-12-31 19:08:06,251 - src.feature_generation.core.feature_registry.FeatureRegistry - INFO - ℹ️ FeatureRegistry initialized
[2025-12-31 19:08:06.252] 🔧 Initializing AutoOptimizationConfig...
2025-12-31 19:08:06,252 - System.tprint - INFO - ℹ️ 🔧 Initializing AutoOptimizationConfig...
[2025-12-31 19:08:06.252] 📝 Setting up conservative optimization settings...
2025-12-31 19:08:06,252 - System.tprint - INFO - ℹ️ 📝 Setting up conservative optimization settings...
[2025-12-31 19:08:06.252] ✅ Conservative settings configured
2025-12-31 19:08:06,252 - System.tprint - INFO - ℹ️ ✅ Conservative settings configured
[2025-12-31 19:08:06.252] 📝 Setting up balanced optimization settings...
2025-12-31 19:08:06,252 - System.tprint - INFO - ℹ️ 📝 Setting up balanced optimization settings...
[2025-12-31 19:08:06.252] ✅ Balanced settings configured
2025-12-31 19:08:06,252 - System.tprint - INFO - ℹ️ ✅ Balanced settings configured
[2025-12-31 19:08:06.252] 📝 Setting up aggressive optimization settings...
2025-12-31 19:08:06,252 - System.tprint - INFO - ℹ️ 📝 Setting up aggressive optimization settings...
[2025-12-31 19:08:06.252] ✅ Aggressive settings configured
2025-12-31 19:08:06,252 - System.tprint - INFO - ℹ️ ✅ Aggressive settings configured
[2025-12-31 19:08:06.252] 🎯 AutoOptimizationConfig initialized with balanced strategy
2025-12-31 19:08:06,253 - System.tprint - INFO - ℹ️ 🎯 AutoOptimizationConfig initialized with balanced strategy
[2025-12-31 19:08:06.253] ✅ Auto-optimization enabled for FeatureBank (default)
2025-12-31 19:08:06,253 - System.tprint - INFO - ℹ️ ✅ Auto-optimization enabled for FeatureBank (default)
2025-12-31 19:08:06,253 - src.feature_generation.utils.memory_pool_optimizer.MemoryPoolOptimizer - INFO - ℹ️ Memory pool optimizer initialized
2025-12-31 19:08:06,253 - src.utils.hardware.m1_memory_optimizer.M1MemoryOptimizer - INFO - ℹ️ 🧠 Memory limit set to 8.0 GB (8589934592.0 bytes)
2025-12-31 19:08:06,292 - src.utils.hardware.m1_memory_optimizer.M1MemoryOptimizer - INFO - ℹ️ 🧠 M1 Memory Optimizer initialized for M1
2025-12-31 19:08:06,293 - src.utils.hardware.unified_hardware_manager.UnifiedHardwareManager - INFO - ℹ️ 🔧 Unified Hardware Manager initialized
2025-12-31 19:08:06,293 - src.utils.hardware.unified_hardware_manager.HardwarePerformanceMonitor - INFO - ℹ️ 🔍 Hardware performance monitoring started
2025-12-31 19:08:06,498 - src.utils.hardware.m1_memory_optimizer.M1MemoryOptimizer - INFO - ℹ️ 🧠 M1 memory monitoring started
2025-12-31 19:08:06,498 - src.utils.hardware.m1_memory_optimizer.M1MemoryOptimizer - INFO - ℹ️ 🧹 Moderate cleanup: 14 objects collected
2025-12-31 19:08:06,498 - src.utils.hardware.unified_hardware_manager.UnifiedHardwareManager - INFO - ℹ️ ✅ Unified Hardware Manager fully initialized
2025-12-31 19:08:06,499 - src.utils.hardware.unified_hardware_manager.UnifiedHardwareManager - INFO - ℹ️ 🎯 Optimizing for feature_engineering workload (balanced)
2025-12-31 19:08:06,500 - src.utils.ml_common.hardware_singleton - INFO - ℹ️ 🔍 Detecting hardware capabilities (one-time detection)...
2025-12-31 19:08:06,501 - src.utils.ml_common.hardware_singleton - INFO - ℹ️ ✅ Hardware detection complete: {'cpu_cores': 8, 'gpu_available': True, 'gpu_type': 'mps', 'memory_gb': 16.0, 'mps_available': True, 'gpu_memory_gb': None}
[2025-12-31 19:08:06.501] 🚀 Initializing Unified Vectorization Manager...
2025-12-31 19:08:06,501 - System.tprint - INFO - ℹ️ 🚀 Initializing Unified Vectorization Manager...
[2025-12-31 19:08:06.501] 🔄 Initializing optimization components...
2025-12-31 19:08:06,501 - System.tprint - INFO - ℹ️ 🔄 Initializing optimization components...
[2025-12-31 19:08:06.501] 🔄 Initializing optimization components...
2025-12-31 19:08:06,501 - System.tprint - INFO - ℹ️ 🔄 Initializing optimization components...
[2025-12-31 19:08:06.501] 🔄 Loading VectorBTRollingOptimizer...
2025-12-31 19:08:06,502 - System.tprint - INFO - ℹ️ 🔄 Loading VectorBTRollingOptimizer...
[2025-12-31 19:08:06.502] ✅ VectorBTRollingOptimizer loaded
2025-12-31 19:08:06,502 - System.tprint - INFO - ℹ️ ✅ VectorBTRollingOptimizer loaded
[2025-12-31 19:08:06.502] 🔄 Loading vectorized backtesting...
2025-12-31 19:08:06,502 - System.tprint - INFO - ℹ️ 🔄 Loading vectorized backtesting...
2025-12-31 19:08:06,503 - System.VectorizedBacktestingEngine - INFO - ℹ️ ✅ Vectorized Backtesting Engine initialized successfully
[2025-12-31 19:08:06.504] ✅ Vectorized backtesting loaded
2025-12-31 19:08:06,504 - System.tprint - INFO - ℹ️ ✅ Vectorized backtesting loaded
[2025-12-31 19:08:06.504] 🔄 Loading VectorBT backtesting engine...
2025-12-31 19:08:06,504 - System.tprint - INFO - ℹ️ 🔄 Loading VectorBT backtesting engine...
2025-12-31 19:08:06,507 - System.VectorBTBacktestingEngine - INFO - ℹ️ ✅ VectorBT Backtesting Engine initialized successfully
[2025-12-31 19:08:06.507] ✅ VectorBT backtesting engine loaded
2025-12-31 19:08:06,507 - System.tprint - INFO - ℹ️ ✅ VectorBT backtesting engine loaded
[2025-12-31 19:08:06.507] 🔄 Loading VectorBT financial metrics...
2025-12-31 19:08:06,507 - System.tprint - INFO - ℹ️ 🔄 Loading VectorBT financial metrics...
2025-12-31 19:08:06,509 - src.utils.ml_common.vectorbt_financial_metrics - INFO - ℹ️ ✅ VectorBT Financial Metrics initialized
2025-12-31 19:08:06,509 - src.utils.ml_common.vectorbt_financial_metrics - INFO - ℹ️ 📊 Risk-free rate: 2.00%
2025-12-31 19:08:06,509 - src.utils.ml_common.vectorbt_financial_metrics - INFO - ℹ️ 📊 Annualization factor: 252
2025-12-31 19:08:06,509 - src.utils.ml_common.vectorbt_financial_metrics - INFO - ℹ️ 📊 Regime analysis: True
[2025-12-31 19:08:06.509] ✅ VectorBT financial metrics loaded
2025-12-31 19:08:06,509 - System.tprint - INFO - ℹ️ ✅ VectorBT financial metrics loaded
[2025-12-31 19:08:06.509] 🔄 Loading VectorBT portfolio optimization...
2025-12-31 19:08:06,510 - System.tprint - INFO - ℹ️ 🔄 Loading VectorBT portfolio optimization...
2025-12-31 19:08:06,515 - src.utils.ml_common.vectorbt_memory_manager.VectorBTMemoryManager - INFO - ℹ️ ✅ VectorBT Memory Manager initialized
2025-12-31 19:08:06,515 - src.utils.ml_common.vectorbt_memory_manager.VectorBTMemoryManager - INFO - ℹ️ 📊 Total system memory: 16.00GB
2025-12-31 19:08:06,515 - src.utils.ml_common.vectorbt_memory_manager.VectorBTMemoryManager - INFO - ℹ️ 📊 Available memory: 3.45GB
2025-12-31 19:08:06,515 - src.utils.ml_common.vectorbt_memory_manager.VectorBTMemoryManager - INFO - ℹ️ 📊 Max allocated memory: 8.00GB
2025-12-31 19:08:06,515 - src.utils.ml_common.vectorbt_performance_monitor.VectorBTPerformanceMonitor - INFO - ℹ️ ✅ VectorBT Performance Monitor initialized
2025-12-31 19:08:06,515 - src.utils.ml_common.vectorbt_performance_monitor.VectorBTPerformanceMonitor - INFO - ℹ️ 📊 Monitoring enabled: timing=True, memory=True, gpu=True
2025-12-31 19:08:06,515 - src.utils.ml_common.vectorbt_portfolio_optimization - INFO - ℹ️ ✅ VectorBT Portfolio Optimizer initialized
2025-12-31 19:08:06,515 - src.utils.ml_common.vectorbt_portfolio_optimization - INFO - ℹ️ 📊 Method: mean_variance
2025-12-31 19:08:06,515 - src.utils.ml_common.vectorbt_portfolio_optimization - INFO - ℹ️ 📊 Rebalancing: monthly
2025-12-31 19:08:06,516 - src.utils.ml_common.vectorbt_portfolio_optimization - INFO - ℹ️ 📊 Risk aversion: 1.0
2025-12-31 19:08:06,516 - src.utils.ml_common.vectorbt_portfolio_optimization - INFO - ℹ️ 📊 Memory manager: 3.45GB available
[2025-12-31 19:08:06.516] ✅ VectorBT portfolio optimization loaded
2025-12-31 19:08:06,516 - System.tprint - INFO - ℹ️ ✅ VectorBT portfolio optimization loaded
[2025-12-31 19:08:06.516] 🔄 Loading matrix cross-validation...
2025-12-31 19:08:06,516 - System.tprint - INFO - ℹ️ 🔄 Loading matrix cross-validation...
2025-12-31 19:08:06,517 - src.utils.hardware.m1_memory_optimizer - INFO - ℹ️ 🧠 M1 Memory Optimizer initialized for M1
2025-12-31 19:08:06,560 - src.utils.hardware.m1_memory_optimizer.M1MemoryOptimizer - INFO - ℹ️ 🧠 M1 Memory Optimizer initialized for M1
2025-12-31 19:08:08,016 - src.utils.hardware.unified_hardware_manager.HardwarePerformanceMonitor - WARNING - ⚠️ 🚨 ALERT: cpu_usage (94.1) exceeds threshold (85.0)
2025-12-31 19:08:08,216 - src.feature_generation.core.vectorbt_batch_processor - INFO - ℹ️ VectorBTBatchProcessor initialized: VectorBT=True, GPU=False, Parallel=True
2025-12-31 19:08:08,220 - src.feature_generation.utils.unified_vectorization_manager - INFO - ℹ️ UnifiedVectorizationManager initialized: VectorBT=True, GPU=False, Memory=True
2025-12-31 19:08:08,221 - src.utils.matrix_operations.unified_operations.UnifiedMatrixOperations - INFO - ℹ️ 📊 GPU: False, Memory Opt: False, Parallel: False
2025-12-31 19:08:08,225 - src.utils.ml_common.matrix_cross_validation - INFO - ℹ️ 🚀 VectorBT configured for cross-validation optimization
2025-12-31 19:08:08,226 - src.utils.ml_common.matrix_cross_validation - INFO - ℹ️ ✅ Matrix-based cross-validator initialized
2025-12-31 19:08:08,226 - src.utils.ml_common.matrix_cross_validation - INFO - ℹ️ 📊 Configuration - Splits: 5, GPU: True, VectorBT: True
[2025-12-31 19:08:08.226] ✅ Matrix cross-validation loaded
2025-12-31 19:08:08,227 - System.tprint - INFO - ℹ️ ✅ Matrix cross-validation loaded
[2025-12-31 19:08:08.226] 🔄 Loading feature importance analyzer...
2025-12-31 19:08:08,227 - System.tprint - INFO - ℹ️ 🔄 Loading feature importance analyzer...
2025-12-31 19:08:08,265 - src.utils.ml_common.utils.memory_integration - INFO - ℹ️ 🔗 Integrating memory skimming with all ML utilities
2025-12-31 19:08:08,265 - src.utils.ml_common.utils.memory_integration - INFO - ℹ️ ✅ Successfully imported HPO utilities (direct import)
2025-12-31 19:08:08,265 - src.utils.ml_common.utils.memory_integration - INFO - ℹ️ ✅ Memory skimming integrated with HPO utilities
2025-12-31 19:08:08,265 - src.utils.ml_common.utils.memory_integration - INFO - ℹ️ ✅ Successfully imported Unified CV utilities
2025-12-31 19:08:08,265 - src.utils.ml_common.utils.memory_integration - INFO - ℹ️ ✅ Memory skimming integrated with Unified CV utilities
2025-12-31 19:08:08,274 - src.utils.ml_common.utils.memory_integration - INFO - ℹ️ ✅ Memory skimming integrated with lookahead protection utilities
2025-12-31 19:08:08,275 - src.utils.ml_common.utils.memory_integration - INFO - ℹ️ Skipping model evaluation memory integration (deprecated)
2025-12-31 19:08:08,276 - src.utils.ml_common.utils.memory_integration - INFO - ℹ️ ✅ Successfully imported feature selection utilities
2025-12-31 19:08:08,277 - src.utils.ml_common.utils.memory_integration - INFO - ℹ️ ✅ Memory skimming integrated with feature selection utilities
2025-12-31 19:08:08,280 - src.utils.ml_common.utils.memory_integration - INFO - ℹ️ ✅ Successfully imported data quality utilities
2025-12-31 19:08:08,280 - src.utils.ml_common.utils.memory_integration - INFO - ℹ️ ✅ Memory skimming integrated with data quality utilities
2025-12-31 19:08:08,280 - src.utils.ml_common.utils.memory_integration - INFO - ℹ️ ✅ Memory skimming integration completed: 6/6 successful
[2025-12-31 19:08:08.280] ✅ Custom logger available for MLCommon.ThreadGuard
2025-12-31 19:08:08,281 - System.tprint - INFO - ℹ️ ✅ Custom logger available for MLCommon.ThreadGuard
[2025-12-31 19:08:08.282] ✅ threadpoolctl available for thread management
2025-12-31 19:08:08,282 - System.tprint - INFO - ℹ️ ✅ threadpoolctl available for thread management
[2025-12-31 19:08:08.283] ✅ Custom logger available for MLCommon.BaseSafeguards
2025-12-31 19:08:08,283 - System.tprint - INFO - ℹ️ ✅ Custom logger available for MLCommon.BaseSafeguards
[2025-12-31 19:08:08.294] ✅ Scikit-learn available for thresholding functionality
2025-12-31 19:08:08,294 - System.tprint - INFO - ℹ️ ✅ Scikit-learn available for thresholding functionality
[2025-12-31 19:08:08.294] ✅ Custom logger available for FeatureSelection.BaseFramework
2025-12-31 19:08:08,294 - System.tprint - INFO - ℹ️ ✅ Custom logger available for FeatureSelection.BaseFramework
[2025-12-31 19:08:08.295] ✅ Custom logger available for FeatureSelection.DataValidation
2025-12-31 19:08:08,295 - System.tprint - INFO - ℹ️ ✅ Custom logger available for FeatureSelection.DataValidation
[2025-12-31 19:08:08.296] ✅ Vectorization utilities available for feature selection
2025-12-31 19:08:08,296 - System.tprint - INFO - ℹ️ ✅ Vectorization utilities available for feature selection
[2025-12-31 19:08:08.296] ✅ Custom logger available for FeatureSelection.SelectionMethods
2025-12-31 19:08:08,297 - System.tprint - INFO - ℹ️ ✅ Custom logger available for FeatureSelection.SelectionMethods
[2025-12-31 19:08:08.415] ✅ Custom logger available for FeatureSelection.StabilityAnalysis
2025-12-31 19:08:08,416 - System.tprint - INFO - ℹ️ ✅ Custom logger available for FeatureSelection.StabilityAnalysis
[2025-12-31 19:08:08.418] ✅ Custom logger available for FeatureSelection.PerformanceMonitoring
2025-12-31 19:08:08,419 - System.tprint - INFO - ℹ️ ✅ Custom logger available for FeatureSelection.PerformanceMonitoring
[2025-12-31 19:08:08.421] ✅ Custom logger available for FeatureSelection.QualityMetrics
2025-12-31 19:08:08,421 - System.tprint - INFO - ℹ️ ✅ Custom logger available for FeatureSelection.QualityMetrics
[2025-12-31 19:08:08.422] ✅ Custom logger available for FeatureSelection.TemporalAnalysis
2025-12-31 19:08:08,424 - System.tprint - INFO - ℹ️ ✅ Custom logger available for FeatureSelection.TemporalAnalysis
[2025-12-31 19:08:08.428] ✅ Custom logger available for FeatureSelection.CausalAnalysis
2025-12-31 19:08:08,428 - System.tprint - INFO - ℹ️ ✅ Custom logger available for FeatureSelection.CausalAnalysis
[2025-12-31 19:08:08.448] ✅ Custom logger available for FeatureSelection.MainFramework
2025-12-31 19:08:08,448 - System.tprint - INFO - ℹ️ ✅ Custom logger available for FeatureSelection.MainFramework
[2025-12-31 19:08:08.537] 🔍 FeatureImportanceAnalyzer initialized with methods: ['random_forest', 'lasso', 'mutual_info']
2025-12-31 19:08:08,537 - System.tprint - INFO - ℹ️ 🔍 FeatureImportanceAnalyzer initialized with methods: ['random_forest', 'lasso', 'mutual_info']
[2025-12-31 19:08:08.537] ✅ Feature importance analyzer loaded
2025-12-31 19:08:08,537 - System.tprint - INFO - ℹ️ ✅ Feature importance analyzer loaded
[2025-12-31 19:08:08.537] 🔄 Loading technical indicators...
2025-12-31 19:08:08,538 - System.tprint - INFO - ℹ️ 🔄 Loading technical indicators...
2025-12-31 19:08:08,546 - src.feature_generation.utils.feature_generators - INFO - ℹ️ ✅ TA-Lib available for enhanced technical indicators
2025-12-31 19:08:08,546 - src.feature_generation.utils.feature_generators - INFO - ℹ️ Using fallback implementations for feature selection tools
2025-12-31 19:08:08,598 - src.utils.hardware.m1_memory_optimizer.M1MemoryOptimizer - INFO - ℹ️ 🧠 M1 Memory Optimizer initialized for M1
2025-12-31 19:08:08,599 - src.feature_generation.utils.feature_generators.FeatureGenerators - INFO - ℹ️ ✅ Hardware optimization initialized
2025-12-31 19:08:08,599 - src.feature_generation.utils.feature_generators.FeatureGenerators - INFO - ℹ️ ✅ Matrix operations available for vectorization
[2025-12-31 19:08:08.599] ✅ Technical indicators loaded
2025-12-31 19:08:08,599 - System.tprint - INFO - ℹ️ ✅ Technical indicators loaded
[2025-12-31 19:08:08.599] ℹ️ HMM operations deprecated - using alternative methods
2025-12-31 19:08:08,599 - System.tprint - INFO - ℹ️ HMM operations deprecated - using alternative methods
[2025-12-31 19:08:08.599] ✅ Component initialization completed
2025-12-31 19:08:08,599 - System.tprint - INFO - ℹ️ ✅ Component initialization completed
[2025-12-31 19:08:08.599] 🔄 Setting up performance tracking...
2025-12-31 19:08:08,599 - System.tprint - INFO - ℹ️ 🔄 Setting up performance tracking...
[2025-12-31 19:08:08.599] ✅ Unified Vectorization Manager initialized
2025-12-31 19:08:08,599 - System.tprint - INFO - ℹ️ ✅ Unified Vectorization Manager initialized
2025-12-31 19:08:08,599 - src.utils.ml_common.unified_vectorization_manager - INFO - ℹ️ ✅ Unified Vectorization Manager initialized
2025-12-31 19:08:08,600 - src.feature_generation.utils.feature_generation_optimization.FeatureGenerationOptimizer - INFO - ℹ️ 🚀 Initializing FeatureGenerationOptimizer...
2025-12-31 19:08:08,600 - src.feature_generation.utils.feature_generation_optimization.FeatureGenerationOptimizer - INFO - ℹ️ 📊 Configuration loaded: cross_validation
2025-12-31 19:08:08,600 - src.feature_generation.utils.feature_generation_optimization.FeatureGenerationOptimizer - INFO - ℹ️ ✅ FeatureGenerationOptimizer initialized in 0.000s
2025-12-31 19:08:08,600 - src.feature_generation.utils.feature_generation_optimization.FeatureGenerationOptimizer - INFO - ℹ️ 📊 Min lookback: 5, Max lookback: 252
2025-12-31 19:08:08,600 - src.feature_generation.utils.feature_generation_optimization.FeatureGenerationOptimizer - INFO - ℹ️ 📊 CV folds: 3, Parallel processing: True
2025-12-31 19:08:08,600 - src.utils.parallel_processing_optimizer - INFO - ℹ️ 🍎 Detected Apple Silicon - applying M1-specific limits
2025-12-31 19:08:08,600 - src.utils.parallel_processing_optimizer - INFO - ℹ️ 🔧 Initialized MacM1ParallelOptimizer:
2025-12-31 19:08:08,600 - src.utils.parallel_processing_optimizer - INFO - ℹ️    Max workers: 4
2025-12-31 19:08:08,601 - src.utils.parallel_processing_optimizer - INFO - ℹ️    Chunk size: 1000
2025-12-31 19:08:08,601 - src.utils.parallel_processing_optimizer - INFO - ℹ️    Pool type: Process
2025-12-31 19:08:08,601 - src.utils.parallel_processing_optimizer - INFO - ℹ️    Memory limit per worker: 4096 MB
2025-12-31 19:08:08,601 - src.utils.parallel_processing_optimizer - INFO - ℹ️    M1 Mac detected: True
2025-12-31 19:08:08,601 - src.feature_generation.utils.optimization.lookback_optimizer.LookbackOptimizer - INFO - ℹ️ ✅ Legacy optimization system available
2025-12-31 19:08:08,601 - src.feature_generation.utils.optimization.lookback_optimizer.LookbackOptimizer - INFO - ℹ️ ✅ LookbackOptimizer initialized
2025-12-31 19:08:08,601 - src.feature_generation.core.feature_bank.FeatureBank - INFO - ℹ️ ✅ Regular lookback optimization enabled (Analyst mode)
[2025-12-31 19:08:08.601] ✅ FeatureBank set as global instance
2025-12-31 19:08:08,601 - System.tprint - INFO - ℹ️ ✅ FeatureBank set as global instance
[2025-12-31 19:08:08.601] 🔧 Auto-registering feature generators...
2025-12-31 19:08:08,601 - System.tprint - INFO - ℹ️ 🔧 Auto-registering feature generators...
[2025-12-31 19:08:08.601] 🔧 Configuring lazy loading for feature generators...
2025-12-31 19:08:08,602 - System.tprint - INFO - ℹ️ 🔧 Configuring lazy loading for feature generators...
[2025-12-31 19:08:08.601] ✅ Registered lazy loaders for 16 categories. Generators will be created on demand.
2025-12-31 19:08:08,602 - System.tprint - INFO - ℹ️ ✅ Registered lazy loaders for 16 categories. Generators will be created on demand.
2025-12-31 19:08:08,603 - src.feature_generation.core.feature_bank.FeatureBank - INFO - ℹ️ ✅ FeatureBank initialized
2025-12-31 19:08:08,604 - src.feature_generation.core.feature_bank.FeatureBank - INFO - ℹ️ 📊 Matrix ops: True, GPU: True, Lookback opt: True
2025-12-31 19:08:08,604 - src.feature_generation - INFO - ℹ️ ✅ Unified Feature Generation System initialized
2025-12-31 19:08:08,604 - src.feature_generation - INFO - ℹ️ 📦 Version: 2.0.0
2025-12-31 19:08:08,604 - src.feature_generation - INFO - ℹ️ 🔧 Features: Category-based organization, advanced utilities, optimization
2025-12-31 19:08:08,604 - src.feature_generation - INFO - ℹ️ 🍎 Optimized for: Apple Silicon M1/M2/M3 Macs
2025-12-31 19:08:08,604 - src.feature_generation - INFO - ℹ️ 🚀 Advanced utilities available (optimization, analysis, etc.)
2025-12-31 19:08:08,604 - src.feature_generation - INFO - ℹ️ ⚡ VectorBT optimizations available (advanced volatility, volume, batch processing)
2025-12-31 19:08:08,605 - MLCommon.HPOUtils - INFO - ℹ️ ✅ VectorBT optimization available
2025-12-31 19:08:08,605 - MLCommon.HPOUtils - INFO - ℹ️ 🚀 Initializing Enhanced HyperparameterOptimization...
2025-12-31 19:08:08,605 - MLCommon.HPOUtils.HPOUtils - INFO - ℹ️ ✅ VectorBT Rolling Optimizer initialized
2025-12-31 19:08:08,605 - MLCommon.HPOUtils.HPOUtils - INFO - ℹ️ ✅ Unified Vectorization Manager initialized
2025-12-31 19:08:08,605 - MLCommon.HPOUtils - INFO - ℹ️ ⚙️ Configuration - Parallel processing: True
2025-12-31 19:08:08,605 - MLCommon.HPOUtils - INFO - ℹ️ ⚙️ Configuration - Max workers: 4
2025-12-31 19:08:08,605 - MLCommon.HPOUtils - INFO - ℹ️ ⚙️ Configuration - Monitoring enabled: True
2025-12-31 19:08:08,605 - MLCommon.HPOUtils - INFO - ℹ️ 🚀 Configuration - Non-linear optimization: True
2025-12-31 19:08:08,606 - MLCommon.HPOUtils - INFO - ℹ️ ✅ Enhanced HyperparameterOptimization initialized successfully
2025-12-31 19:08:08,636 - DataCleaner - INFO - ℹ️ Using klines-specific gap thresholds: {<GapType.SMALL: 'small'>: 65, <GapType.MEDIUM: 'medium'>: 300, <GapType.LARGE: 'large'>: 1800, <GapType.CRITICAL: 'critical'>: 3600}
2025-12-31 19:08:08,637 - System.UnifiedDataUtils - INFO - ℹ️ 🚀 Unified Data Utils initialized
2025-12-31 19:08:08,644 - src.utils.ml_common.validation.data_leakage_prevention - INFO - ℹ️ 🔒 Data Leakage Prevention initialized with CRITICAL financial thresholds:
2025-12-31 19:08:08,644 - src.utils.ml_common.validation.data_leakage_prevention - INFO - ℹ️    • Critical leakage threshold: 5.0% (was 25%)
2025-12-31 19:08:08,644 - src.utils.ml_common.validation.data_leakage_prevention - INFO - ℹ️    • Warning leakage threshold: 2.0% (was 10%)
2025-12-31 19:08:08,644 - src.utils.ml_common.validation.data_leakage_prevention - INFO - ℹ️    • Small dataset multiplier: 1.0 (was 1.5)
2025-12-31 19:08:08,644 - src.utils.ml_common.validation.data_leakage_prevention - INFO - ℹ️    • These strict thresholds are ESSENTIAL for financial data integrity
2025-12-31 19:08:08,644 - src.utils.ml_common.validation.data_leakage_prevention - INFO - ℹ️    • Even 1-2% leakage can invalidate backtesting results
2025-12-31 19:08:08,645 - src.utils.ml_common.validation.data_leakage_prevention - INFO - ℹ️    • High model scores (>96%) often indicate undetected temporal leakage
2025-12-31 19:08:08,647 - src.utils.ml_common.validation.overfitting_monitoring - INFO - ℹ️ ✅ Overfitting Monitoring initialized
2025-12-31 19:08:08,650 - src.utils.ml_common.validation.hpo_overfitting_prevention - INFO - ℹ️ ✅ HPO with Overfitting Prevention initialized
2025-12-31 19:08:08,654 - src.utils.ml_common.validation.model_complexity_analysis - INFO - ℹ️ ✅ Model Complexity Analyzer initialized
2025-12-31 19:08:08,657 - EnhancedReportingSystem.EnhancedReportingSystem - INFO - ℹ️ 📊 Enhanced Reporting System initialized
2025-12-31 19:08:08,658 - src.utils.ml_common.reporting.validation_reporting_integration - INFO - ℹ️ ✅ Validation Reporting Integrator initialized
2025-12-31 19:08:08,659 - src.utils.ml_common.validation.data_leakage_prevention - INFO - ℹ️ 🔒 Data Leakage Prevention initialized with CRITICAL financial thresholds:
2025-12-31 19:08:08,659 - src.utils.ml_common.validation.data_leakage_prevention - INFO - ℹ️    • Critical leakage threshold: 5.0% (was 25%)
2025-12-31 19:08:08,660 - src.utils.ml_common.validation.data_leakage_prevention - INFO - ℹ️    • Warning leakage threshold: 2.0% (was 10%)
2025-12-31 19:08:08,660 - src.utils.ml_common.validation.data_leakage_prevention - INFO - ℹ️    • Small dataset multiplier: 1.0 (was 1.5)
2025-12-31 19:08:08,660 - src.utils.ml_common.validation.data_leakage_prevention - INFO - ℹ️    • These strict thresholds are ESSENTIAL for financial data integrity
2025-12-31 19:08:08,660 - src.utils.ml_common.validation.data_leakage_prevention - INFO - ℹ️    • Even 1-2% leakage can invalidate backtesting results
2025-12-31 19:08:08,660 - src.utils.ml_common.validation.data_leakage_prevention - INFO - ℹ️    • High model scores (>96%) often indicate undetected temporal leakage
2025-12-31 19:08:08,661 - src.utils.ml_common.validation.overfitting_monitoring - INFO - ℹ️ ✅ Overfitting Monitoring initialized
2025-12-31 19:08:08,661 - src.utils.ml_common.validation.enhanced_validation - INFO - ℹ️ ✅ Enhanced Validation initialized
2025-12-31 19:08:08,661 - src.utils.ml_common.validation.hpo_overfitting_prevention - INFO - ℹ️ ✅ HPO with Overfitting Prevention initialized
2025-12-31 19:08:08,661 - src.utils.ml_common.validation.model_complexity_analysis - INFO - ℹ️ ✅ Model Complexity Analyzer initialized
2025-12-31 19:08:08,662 - src.utils.ml_common.training.universal_validation_integration - INFO - ℹ️ ✅ Universal Validation Integrator initialized with new utilities
[2025-12-31 19:08:09.482] ✅ Custom logger available for MLCommon.ModelTraining
2025-12-31 19:08:09,482 - System.tprint - INFO - ℹ️ ✅ Custom logger available for MLCommon.ModelTraining
[2025-12-31 19:08:09.491] ✅ ML Common utilities loaded successfully
2025-12-31 19:08:09,491 - System.tprint - INFO - ℹ️ ✅ ML Common utilities loaded successfully
2025-12-31 19:08:09,493 - System.CrossStepValidator - INFO - ℹ️ 🔍 CrossStepValidator initialized with comprehensive consistency rules
2025-12-31 19:08:09,525 - ares.registry - INFO - ℹ️ Registered step: feature_generation_data_validation_step
[2025-12-31 19:08:09.526] ✅ Feature generation data validation step registered SUCCESS
2025-12-31 19:08:09,526 - System.tprint - INFO - ℹ️ ✅ Feature generation data validation step registered SUCCESS
[2025-12-31 19:08:09.526] 🔧 Loading labeling components...
2025-12-31 19:08:09,526 - System.tprint - INFO - ℹ️ 🔧 Loading labeling components...
2025-12-31 19:08:10,662 - ares.registry - INFO - ℹ️ Registered step: meta_labeling_hpo_sample_weighted
2025-12-31 19:08:10,662 - ares.registry - INFO - ℹ️ Registered step: meta_labeling_hpo_experiment
2025-12-31 19:08:10,662 - ares.registry - INFO - ℹ️ Registered step: sr_labeling_xgb
2025-12-31 19:08:10,662 - ares.registry - INFO - ℹ️ Registered step: sr_labeling_xgb_weighted
2025-12-31 19:08:10,662 - ares.registry - INFO - ℹ️ Registered step: global_meta_labeling_hpo_sample_weighted
2025-12-31 19:08:10,682 - ares.registry - INFO - ℹ️ Registered step: meta_gated_backtest
[2025-12-31 19:08:10.682] ✅ Meta-gated backtest step registered SUCCESS
2025-12-31 19:08:10,682 - System.tprint - INFO - ℹ️ ✅ Meta-gated backtest step registered SUCCESS
2025-12-31 19:08:10,682 - ares.registry - INFO - ℹ️ Registered step: meta_labeling_hpo_sample_weighted
2025-12-31 19:08:10,682 - ares.registry - INFO - ℹ️ Registered step: meta_labeling_hpo
2025-12-31 19:08:10,682 - ares.registry - INFO - ℹ️ Registered step: meta_labeling_sample_weighted
2025-12-31 19:08:10,682 - ares.registry - INFO - ℹ️ Registered step: meta_labeling_hpo_experiment
2025-12-31 19:08:10,682 - ares.registry - INFO - ℹ️ Registered step: sr_labeling_xgb
2025-12-31 19:08:10,682 - ares.registry - INFO - ℹ️ Registered step: label_based_layer_2
[2025-12-31 19:08:10.683] 🛠️ Initialized BaseStep for 'meta_labeling_hpo_sample_weighted'
2025-12-31 19:08:10,683 - System.tprint - INFO - ℹ️ 🛠️ Initialized BaseStep for 'meta_labeling_hpo_sample_weighted'
[2025-12-31 19:08:10.683] 🚀 Starting execution of step 'meta_labeling_hpo_sample_weighted'
2025-12-31 19:08:10,683 - System.tprint - INFO - ℹ️ 🚀 Starting execution of step 'meta_labeling_hpo_sample_weighted'
2025-12-31 19:08:10,684 - ares.step.meta_labeling_hpo_sample_weighted - INFO - ℹ️ Starting execution of meta_labeling_hpo_sample_weighted
2025-12-31 19:08:10,684 - ares.step.meta_labeling_hpo_sample_weighted - INFO - ℹ️ Execution mode resolved for meta_labeling_hpo_sample_weighted: requested_cli=full → persona=analyst
[2025-12-31 19:08:10.683] 🎯 Execution mode for 'meta_labeling_hpo_sample_weighted': requested_cli=full → persona=analyst
2025-12-31 19:08:10,684 - System.tprint - INFO - ℹ️ 🎯 Execution mode for 'meta_labeling_hpo_sample_weighted': requested_cli=full → persona=analyst
[2025-12-31 19:08:10.683] 🔧 Running 'meta_labeling_hpo_sample_weighted' in analyst mode
2025-12-31 19:08:10,684 - System.tprint - INFO - ℹ️ 🔧 Running 'meta_labeling_hpo_sample_weighted' in analyst mode
2025-12-31 19:08:10,684 - System.VersionManager - INFO - ℹ️ ✅ Loaded version config from config/version_config.json
2025-12-31 19:08:10,689 - System.ArtifactManager - INFO - ℹ️ 📁 Context set: step=meta_labeling_hpo_sample_weighted, symbol=None, exchange=None, timeframe=None, datetime=2025-12-31 19:08:10.683668, information=None, direction=long, model=Analyst
2025-12-31 19:08:10,689 - System.ArtifactManager - INFO - ℹ️ 📁 Context set: step=klines_downloading_processing, symbol=ETHUSDT, exchange=binance, timeframe=15m, datetime=2025-12-31 18:08:10.689737, information=None, direction=long, model=Analyst
[2025-12-31 19:08:10.689] 📂 Retrieving artifact 'klines_data' (type: data) | UNKNOWN/binance [15m] long/analyst
2025-12-31 19:08:10,689 - System.tprint - INFO - ℹ️ 📂 Retrieving artifact 'klines_data' (type: data) | UNKNOWN/binance [15m] long/analyst
2025-12-31 19:08:10,690 - System.KlinesParquetManager - INFO - ℹ️ ✅ KlinesParquetManager initialized with base_dir: historical_data
[2025-12-31 19:08:10.689] 🐛 DEBUG [load_klines]: last_n_days=None, start_time=None, end_time=None INFO
2025-12-31 19:08:10,690 - System.tprint - INFO - ℹ️ 🐛 DEBUG [load_klines]: last_n_days=None, start_time=None, end_time=None INFO
[2025-12-31 19:08:10.689] WARNING: ⚠️ No klines files found for UNKNOWN binance 15m
2025-12-31 19:08:10,690 - System.tprint - WARNING - ⚠️ No klines files found for UNKNOWN binance 15m
2025-12-31 19:08:10,690 - src.utils.kline_parquet - INFO - ℹ️ load_klines executed in 0.52ms
[2025-12-31 19:08:10.690] WARNING:   │  ⚠️  Loaded empty DataFrame
2025-12-31 19:08:10,690 - System.tprint - WARNING - ⚠️ │  ⚠️  Loaded empty DataFrame
[2025-12-31 19:08:10.690] WARNING:   └─ Trying next storage method
2025-12-31 19:08:10,691 - System.tprint - WARNING - ⚠️ └─ Trying next storage method
[2025-12-31 19:08:10.690] 🐛 DEBUG: _get_versioned_store() with store_key: UNKNOWN_binance_15m_long_analyst INFO
2025-12-31 19:08:10,691 - System.tprint - INFO - ℹ️ 🐛 DEBUG: _get_versioned_store() with store_key: UNKNOWN_binance_15m_long_analyst INFO
[2025-12-31 19:08:10.690] 🐛 DEBUG: Creating new VersionedArtifactStore at versioned_artifacts/UNKNOWN_binance_15m_long_analyst INFO
2025-12-31 19:08:10,691 - System.tprint - INFO - ℹ️ 🐛 DEBUG: Creating new VersionedArtifactStore at versioned_artifacts/UNKNOWN_binance_15m_long_analyst INFO
[2025-12-31 19:08:10.694] 🐛 DEBUG: _load_metadata() checking versioned_artifacts/UNKNOWN_binance_15m_long_analyst/metadata.json INFO
2025-12-31 19:08:10,694 - System.tprint - INFO - ℹ️ 🐛 DEBUG: _load_metadata() checking versioned_artifacts/UNKNOWN_binance_15m_long_analyst/metadata.json INFO
[2025-12-31 19:08:10.694] 🐛 DEBUG: Metadata file exists, size: 15351 bytes INFO
2025-12-31 19:08:10,694 - System.tprint - INFO - ℹ️ 🐛 DEBUG: Metadata file exists, size: 15351 bytes INFO
[2025-12-31 19:08:10.694] 🐛 DEBUG: Successfully loaded metadata with 5 versions INFO
2025-12-31 19:08:10,695 - System.tprint - INFO - ℹ️ 🐛 DEBUG: Successfully loaded metadata with 5 versions INFO
[2025-12-31 19:08:10.695] 🐛 DEBUG: get_statistics() called INFO
2025-12-31 19:08:10,695 - System.tprint - INFO - ℹ️ 🐛 DEBUG: get_statistics() called INFO
[2025-12-31 19:08:10.695] 🐛 DEBUG: Reloading metadata for statistics INFO
2025-12-31 19:08:10,696 - System.tprint - INFO - ℹ️ 🐛 DEBUG: Reloading metadata for statistics INFO
[2025-12-31 19:08:10.695] 🐛 DEBUG: _load_metadata() checking versioned_artifacts/UNKNOWN_binance_15m_long_analyst/metadata.json INFO
2025-12-31 19:08:10,696 - System.tprint - INFO - ℹ️ 🐛 DEBUG: _load_metadata() checking versioned_artifacts/UNKNOWN_binance_15m_long_analyst/metadata.json INFO
[2025-12-31 19:08:10.695] 🐛 DEBUG: Metadata file exists, size: 15351 bytes INFO
2025-12-31 19:08:10,696 - System.tprint - INFO - ℹ️ 🐛 DEBUG: Metadata file exists, size: 15351 bytes INFO
[2025-12-31 19:08:10.695] 🐛 DEBUG: Successfully loaded metadata with 5 versions INFO
2025-12-31 19:08:10,696 - System.tprint - INFO - ℹ️ 🐛 DEBUG: Successfully loaded metadata with 5 versions INFO
[2025-12-31 19:08:10.695] 🐛 DEBUG: Statistics - num_versions: 5 INFO
2025-12-31 19:08:10,696 - System.tprint - INFO - ℹ️ 🐛 DEBUG: Statistics - num_versions: 5 INFO
[2025-12-31 19:08:10.695] 🐛 DEBUG: Statistics - current_version: final_validation_metrics_20251116_161159_946 INFO
2025-12-31 19:08:10,696 - System.tprint - INFO - ℹ️ 🐛 DEBUG: Statistics - current_version: final_validation_metrics_20251116_161159_946 INFO
[2025-12-31 19:08:10.695] 🐛 DEBUG: Statistics - h5_file_size_mb: 280.5141086578369 INFO
2025-12-31 19:08:10,696 - System.tprint - INFO - ℹ️ 🐛 DEBUG: Statistics - h5_file_size_mb: 280.5141086578369 INFO
[2025-12-31 19:08:10.698] 🐛 DEBUG: New store statistics: {'store_path': 'versioned_artifacts/UNKNOWN_binance_15m_long_analyst', 'num_versions': 5, 'current_version': 'final_validation_metrics_20251116_161159_946', 'created_at': '2025-11-07T18:22:44.911801', 'h5_file_size_mb': 280.5141086578369, 'chunking': {'chunk_rows': 'auto', 'chunk_cols': 'auto'}, 'changelog': {'total_changes': 305, 'changes_by_type': {'add_data': 305}, 'top_versions': {'analyst_interaction_features_20251108_161950_019': 1, 'analyst_interaction_features_20251108_164300_578': 1, 'analyst_interaction_features_20251108_171945_952': 1, 'analyst_interaction_features_20251108_175314_530': 1, 'analyst_interaction_features_20251108_180922_905': 1, 'analyst_interaction_features_20251108_184752_938': 1, 'analyst_interaction_features_20251108_191026_801': 1, 'analyst_interaction_features_20251111_185727_726': 1, 'final_dataset_40_20251108_172617_791': 1, 'final_dataset_40_20251108_172829_013': 1}, 'time_range': {'earliest': '2025-11-07T18:27:00.789522', 'latest': '2025-11-24T21:16:51.681722'}}, 'row_versioning': {'total_rows_tracked': 0, 'total_versions': 0, 'average_versions_per_row': 0, 'most_versioned_rows': []}} INFO
2025-12-31 19:08:10,698 - System.tprint - INFO - ℹ️ 🐛 DEBUG: New store statistics: {'store_path': 'versioned_artifacts/UNKNOWN_binance_15m_long_analyst', 'num_versions': 5, 'current_version': 'final_validation_metrics_20251116_161159_946', 'created_at': '2025-11-07T18:22:44.911801', 'h5_file_size_mb': 280.5141086578369, 'chunking': {'chunk_rows': 'auto', 'chunk_cols': 'auto'}, 'changelog': {'total_changes': 305, 'changes_by_type': {'add_data': 305}, 'top_versions': {'analyst_interaction_features_20251108_161950_019': 1, 'analyst_interaction_features_20251108_164300_578': 1, 'analyst_interaction_features_20251108_171945_952': 1, 'analyst_interaction_features_20251108_175314_530': 1, 'analyst_interaction_features_20251108_180922_905': 1, 'analyst_interaction_features_20251108_184752_938': 1, 'analyst_interaction_features_20251108_191026_801': 1, 'analyst_interaction_features_20251111_185727_726': 1, 'final_dataset_40_20251108_172617_791': 1, 'final_dataset_40_20251108_172829_013': 1}, 'time_range': {'earliest': '2025-11-07T18:27:00.789522', 'latest': '2025-11-24T21:16:51.681722'}}, 'row_versioning': {'total_rows_tracked': 0, 'total_versions': 0, 'average_versions_per_row': 0, 'most_versioned_rows': []}} INFO
[2025-12-31 19:08:10.698] 🐛 DEBUG: list_versions() called INFO
2025-12-31 19:08:10,698 - System.tprint - INFO - ℹ️ 🐛 DEBUG: list_versions() called INFO
[2025-12-31 19:08:10.698] 🐛 DEBUG: Metadata file exists: True INFO
2025-12-31 19:08:10,698 - System.tprint - INFO - ℹ️ 🐛 DEBUG: Metadata file exists: True INFO
[2025-12-31 19:08:10.698] 🐛 DEBUG: HDF5 file exists: True INFO
2025-12-31 19:08:10,698 - System.tprint - INFO - ℹ️ 🐛 DEBUG: HDF5 file exists: True INFO
[2025-12-31 19:08:10.698] 🐛 DEBUG: Reloading metadata to get latest versions INFO
2025-12-31 19:08:10,698 - System.tprint - INFO - ℹ️ 🐛 DEBUG: Reloading metadata to get latest versions INFO
[2025-12-31 19:08:10.698] 🐛 DEBUG: _load_metadata() checking versioned_artifacts/UNKNOWN_binance_15m_long_analyst/metadata.json INFO
2025-12-31 19:08:10,698 - System.tprint - INFO - ℹ️ 🐛 DEBUG: _load_metadata() checking versioned_artifacts/UNKNOWN_binance_15m_long_analyst/metadata.json INFO
[2025-12-31 19:08:10.698] 🐛 DEBUG: Metadata file exists, size: 15351 bytes INFO
2025-12-31 19:08:10,698 - System.tprint - INFO - ℹ️ 🐛 DEBUG: Metadata file exists, size: 15351 bytes INFO
[2025-12-31 19:08:10.698] 🐛 DEBUG: Successfully loaded metadata with 5 versions INFO
2025-12-31 19:08:10,698 - System.tprint - INFO - ℹ️ 🐛 DEBUG: Successfully loaded metadata with 5 versions INFO
[2025-12-31 19:08:10.698] 🐛 DEBUG: Found 5 versions in metadata: ['final_dataset_60_20251116_161159_683', 'final_dataset_50_20251116_161159_720', 'final_dataset_40_20251116_161159_752', 'labeled_dataframe_20251116_161159_781', 'final_validation_metrics_20251116_161159_946'] INFO
2025-12-31 19:08:10,698 - System.tprint - INFO - ℹ️ 🐛 DEBUG: Found 5 versions in metadata: ['final_dataset_60_20251116_161159_683', 'final_dataset_50_20251116_161159_720', 'final_dataset_40_20251116_161159_752', 'labeled_dataframe_20251116_161159_781', 'final_validation_metrics_20251116_161159_946'] INFO
[2025-12-31 19:08:10.703] 🐛 DEBUG: Found 5 versions in HDF5: ['final_dataset_40_20251116_161159_752', 'final_dataset_50_20251116_161159_720', 'final_dataset_60_20251116_161159_683', 'final_validation_metrics_20251116_161159_946', 'labeled_dataframe_20251116_161159_781'] INFO
2025-12-31 19:08:10,703 - System.tprint - INFO - ℹ️ 🐛 DEBUG: Found 5 versions in HDF5: ['final_dataset_40_20251116_161159_752', 'final_dataset_50_20251116_161159_720', 'final_dataset_60_20251116_161159_683', 'final_validation_metrics_20251116_161159_946', 'labeled_dataframe_20251116_161159_781'] INFO
[2025-12-31 19:08:10.703] WARNING:   │  No matching versions in primary store
2025-12-31 19:08:10,704 - System.tprint - WARNING - ⚠️ │  No matching versions in primary store
[2025-12-31 19:08:10.704] 🐛 DEBUG: list_versions() called INFO
2025-12-31 19:08:10,704 - System.tprint - INFO - ℹ️ 🐛 DEBUG: list_versions() called INFO
[2025-12-31 19:08:10.704] 🐛 DEBUG: Metadata file exists: True INFO
2025-12-31 19:08:10,704 - System.tprint - INFO - ℹ️ 🐛 DEBUG: Metadata file exists: True INFO
[2025-12-31 19:08:10.704] 🐛 DEBUG: HDF5 file exists: True INFO
2025-12-31 19:08:10,704 - System.tprint - INFO - ℹ️ 🐛 DEBUG: HDF5 file exists: True INFO
[2025-12-31 19:08:10.704] 🐛 DEBUG: Reloading metadata to get latest versions INFO
2025-12-31 19:08:10,704 - System.tprint - INFO - ℹ️ 🐛 DEBUG: Reloading metadata to get latest versions INFO
[2025-12-31 19:08:10.704] 🐛 DEBUG: _load_metadata() checking versioned_artifacts/UNKNOWN_binance_15m_long_analyst/metadata.json INFO
2025-12-31 19:08:10,704 - System.tprint - INFO - ℹ️ 🐛 DEBUG: _load_metadata() checking versioned_artifacts/UNKNOWN_binance_15m_long_analyst/metadata.json INFO
[2025-12-31 19:08:10.704] 🐛 DEBUG: Metadata file exists, size: 15351 bytes INFO
2025-12-31 19:08:10,704 - System.tprint - INFO - ℹ️ 🐛 DEBUG: Metadata file exists, size: 15351 bytes INFO
[2025-12-31 19:08:10.704] 🐛 DEBUG: Successfully loaded metadata with 5 versions INFO
2025-12-31 19:08:10,705 - System.tprint - INFO - ℹ️ 🐛 DEBUG: Successfully loaded metadata with 5 versions INFO
[2025-12-31 19:08:10.704] 🐛 DEBUG: Found 5 versions in metadata: ['final_dataset_60_20251116_161159_683', 'final_dataset_50_20251116_161159_720', 'final_dataset_40_20251116_161159_752', 'labeled_dataframe_20251116_161159_781', 'final_validation_metrics_20251116_161159_946'] INFO
2025-12-31 19:08:10,705 - System.tprint - INFO - ℹ️ 🐛 DEBUG: Found 5 versions in metadata: ['final_dataset_60_20251116_161159_683', 'final_dataset_50_20251116_161159_720', 'final_dataset_40_20251116_161159_752', 'labeled_dataframe_20251116_161159_781', 'final_validation_metrics_20251116_161159_946'] INFO
[2025-12-31 19:08:10.705] 🐛 DEBUG: Found 5 versions in HDF5: ['final_dataset_40_20251116_161159_752', 'final_dataset_50_20251116_161159_720', 'final_dataset_60_20251116_161159_683', 'final_validation_metrics_20251116_161159_946', 'labeled_dataframe_20251116_161159_781'] INFO
2025-12-31 19:08:10,705 - System.tprint - INFO - ℹ️ 🐛 DEBUG: Found 5 versions in HDF5: ['final_dataset_40_20251116_161159_752', 'final_dataset_50_20251116_161159_720', 'final_dataset_60_20251116_161159_683', 'final_validation_metrics_20251116_161159_946', 'labeled_dataframe_20251116_161159_781'] INFO
[2025-12-31 19:08:10.705] WARNING:   │  ⚠️  Not found in any versioned store
2025-12-31 19:08:10,705 - System.tprint - WARNING - ⚠️ │  ⚠️  Not found in any versioned store
[2025-12-31 19:08:10.705] WARNING:   └─ Trying next storage method
2025-12-31 19:08:10,705 - System.tprint - WARNING - ⚠️ └─ Trying next storage method
[2025-12-31 19:08:10.705] ERROR: ┌──────────────────────────────────────────────────────────────────────────────┐
2025-12-31 19:08:10,705 - System.tprint - ERROR - ❌ ┌──────────────────────────────────────────────────────────────────────────────┐
[2025-12-31 19:08:10.705] ERROR: │  ❌ ARTIFACT ROUTER: LOAD FAILED - NOT FOUND                                │
2025-12-31 19:08:10,706 - System.tprint - ERROR - ❌ │  ❌ ARTIFACT ROUTER: LOAD FAILED - NOT FOUND                                │
[2025-12-31 19:08:10.705] ERROR: │  Artifact 'klines_data' not found in any storage                        │ 
2025-12-31 19:08:10,706 - System.tprint - ERROR - ❌ │  Artifact 'klines_data' not found in any storage                        │ 
[2025-12-31 19:08:10.705] ERROR: └──────────────────────────────────────────────────────────────────────────────┘
2025-12-31 19:08:10,706 - System.tprint - ERROR - ❌ └──────────────────────────────────────────────────────────────────────────────┘
2025-12-31 19:08:10,706 - ares.step.meta_labeling_hpo_sample_weighted - WARNING - ⚠️ Artifact 'klines_data' not found via router, trying traditional manager
[2025-12-31 19:08:10.705] ⚠️ Trying fallback to traditional artifact manager | UNKNOWN/binance [15m] long/analyst
2025-12-31 19:08:10,706 - System.tprint - INFO - ℹ️ ⚠️ Trying fallback to traditional artifact manager | UNKNOWN/binance [15m] long/analyst
2025-12-31 19:08:10,706 - System.ArtifactManager - INFO - ℹ️ 📁 Context set: step=meta_labeling_hpo_sample_weighted, symbol=None, exchange=None, timeframe=15m, datetime=2025-12-31 19:08:10.683668, information=None, direction=long, model=Analyst
[2025-12-31 19:08:10.710] 🐛 DEBUG: _load_metadata() checking versioned_artifacts/UNKNOWN_binance_1h_long_analyst/metadata.json INFO
2025-12-31 19:08:10,710 - System.tprint - INFO - ℹ️ 🐛 DEBUG: _load_metadata() checking versioned_artifacts/UNKNOWN_binance_1h_long_analyst/metadata.json INFO
[2025-12-31 19:08:10.710] 🐛 DEBUG: Metadata file exists, size: 200 bytes INFO
2025-12-31 19:08:10,710 - System.tprint - INFO - ℹ️ 🐛 DEBUG: Metadata file exists, size: 200 bytes INFO
[2025-12-31 19:08:10.710] 🐛 DEBUG: Successfully loaded metadata with 0 versions INFO
2025-12-31 19:08:10,711 - System.tprint - INFO - ℹ️ 🐛 DEBUG: Successfully loaded metadata with 0 versions INFO
[2025-12-31 19:08:10.710] 🐛 DEBUG: list_versions() called INFO
2025-12-31 19:08:10,711 - System.tprint - INFO - ℹ️ 🐛 DEBUG: list_versions() called INFO
[2025-12-31 19:08:10.710] 🐛 DEBUG: Metadata file exists: True INFO
2025-12-31 19:08:10,711 - System.tprint - INFO - ℹ️ 🐛 DEBUG: Metadata file exists: True INFO
[2025-12-31 19:08:10.710] 🐛 DEBUG: HDF5 file exists: True INFO
2025-12-31 19:08:10,711 - System.tprint - INFO - ℹ️ 🐛 DEBUG: HDF5 file exists: True INFO
[2025-12-31 19:08:10.710] 🐛 DEBUG: Reloading metadata to get latest versions INFO
2025-12-31 19:08:10,711 - System.tprint - INFO - ℹ️ 🐛 DEBUG: Reloading metadata to get latest versions INFO
[2025-12-31 19:08:10.710] 🐛 DEBUG: _load_metadata() checking versioned_artifacts/UNKNOWN_binance_1h_long_analyst/metadata.json INFO
2025-12-31 19:08:10,711 - System.tprint - INFO - ℹ️ 🐛 DEBUG: _load_metadata() checking versioned_artifacts/UNKNOWN_binance_1h_long_analyst/metadata.json INFO
[2025-12-31 19:08:10.711] 🐛 DEBUG: Metadata file exists, size: 200 bytes INFO
2025-12-31 19:08:10,711 - System.tprint - INFO - ℹ️ 🐛 DEBUG: Metadata file exists, size: 200 bytes INFO
[2025-12-31 19:08:10.711] 🐛 DEBUG: Successfully loaded metadata with 0 versions INFO
2025-12-31 19:08:10,711 - System.tprint - INFO - ℹ️ 🐛 DEBUG: Successfully loaded metadata with 0 versions INFO
[2025-12-31 19:08:10.711] 🐛 DEBUG: Found 0 versions in metadata: [] INFO
2025-12-31 19:08:10,711 - System.tprint - INFO - ℹ️ 🐛 DEBUG: Found 0 versions in metadata: [] INFO
[2025-12-31 19:08:10.711] 🐛 DEBUG: Found 0 versions in HDF5: [] INFO
2025-12-31 19:08:10,712 - System.tprint - INFO - ℹ️ 🐛 DEBUG: Found 0 versions in HDF5: [] INFO
[2025-12-31 19:08:10.713] 🐛 DEBUG: _load_metadata() checking versioned_artifacts/UNKNOWN_binance_15m_long_analyst/metadata.json INFO
2025-12-31 19:08:10,713 - System.tprint - INFO - ℹ️ 🐛 DEBUG: _load_metadata() checking versioned_artifacts/UNKNOWN_binance_15m_long_analyst/metadata.json INFO
[2025-12-31 19:08:10.713] 🐛 DEBUG: Metadata file exists, size: 15351 bytes INFO
2025-12-31 19:08:10,713 - System.tprint - INFO - ℹ️ 🐛 DEBUG: Metadata file exists, size: 15351 bytes INFO
[2025-12-31 19:08:10.713] 🐛 DEBUG: Successfully loaded metadata with 5 versions INFO
2025-12-31 19:08:10,713 - System.tprint - INFO - ℹ️ 🐛 DEBUG: Successfully loaded metadata with 5 versions INFO
[2025-12-31 19:08:10.713] 🐛 DEBUG: list_versions() called INFO
2025-12-31 19:08:10,713 - System.tprint - INFO - ℹ️ 🐛 DEBUG: list_versions() called INFO
[2025-12-31 19:08:10.713] 🐛 DEBUG: Metadata file exists: True INFO
2025-12-31 19:08:10,713 - System.tprint - INFO - ℹ️ 🐛 DEBUG: Metadata file exists: True INFO
[2025-12-31 19:08:10.713] 🐛 DEBUG: HDF5 file exists: True INFO
2025-12-31 19:08:10,713 - System.tprint - INFO - ℹ️ 🐛 DEBUG: HDF5 file exists: True INFO
[2025-12-31 19:08:10.713] 🐛 DEBUG: Reloading metadata to get latest versions INFO
2025-12-31 19:08:10,713 - System.tprint - INFO - ℹ️ 🐛 DEBUG: Reloading metadata to get latest versions INFO
[2025-12-31 19:08:10.713] 🐛 DEBUG: _load_metadata() checking versioned_artifacts/UNKNOWN_binance_15m_long_analyst/metadata.json INFO
2025-12-31 19:08:10,713 - System.tprint - INFO - ℹ️ 🐛 DEBUG: _load_metadata() checking versioned_artifacts/UNKNOWN_binance_15m_long_analyst/metadata.json INFO
[2025-12-31 19:08:10.713] 🐛 DEBUG: Metadata file exists, size: 15351 bytes INFO
2025-12-31 19:08:10,713 - System.tprint - INFO - ℹ️ 🐛 DEBUG: Metadata file exists, size: 15351 bytes INFO
[2025-12-31 19:08:10.713] 🐛 DEBUG: Successfully loaded metadata with 5 versions INFO
2025-12-31 19:08:10,714 - System.tprint - INFO - ℹ️ 🐛 DEBUG: Successfully loaded metadata with 5 versions INFO
[2025-12-31 19:08:10.713] 🐛 DEBUG: Found 5 versions in metadata: ['final_dataset_60_20251116_161159_683', 'final_dataset_50_20251116_161159_720', 'final_dataset_40_20251116_161159_752', 'labeled_dataframe_20251116_161159_781', 'final_validation_metrics_20251116_161159_946'] INFO
2025-12-31 19:08:10,714 - System.tprint - INFO - ℹ️ 🐛 DEBUG: Found 5 versions in metadata: ['final_dataset_60_20251116_161159_683', 'final_dataset_50_20251116_161159_720', 'final_dataset_40_20251116_161159_752', 'labeled_dataframe_20251116_161159_781', 'final_validation_metrics_20251116_161159_946'] INFO
[2025-12-31 19:08:10.714] 🐛 DEBUG: Found 5 versions in HDF5: ['final_dataset_40_20251116_161159_752', 'final_dataset_50_20251116_161159_720', 'final_dataset_60_20251116_161159_683', 'final_validation_metrics_20251116_161159_946', 'labeled_dataframe_20251116_161159_781'] INFO
2025-12-31 19:08:10,714 - System.tprint - INFO - ℹ️ 🐛 DEBUG: Found 5 versions in HDF5: ['final_dataset_40_20251116_161159_752', 'final_dataset_50_20251116_161159_720', 'final_dataset_60_20251116_161159_683', 'final_validation_metrics_20251116_161159_946', 'labeled_dataframe_20251116_161159_781'] INFO
[2025-12-31 19:08:10.714] 🐛 DEBUG: _load_metadata() checking versioned_artifacts/ETHUSDT_binance_15m_long_sr_labeling_xgb/metadata.json INFO
2025-12-31 19:08:10,715 - System.tprint - INFO - ℹ️ 🐛 DEBUG: _load_metadata() checking versioned_artifacts/ETHUSDT_binance_15m_long_sr_labeling_xgb/metadata.json INFO
[2025-12-31 19:08:10.714] 🐛 DEBUG: Metadata file exists, size: 139 bytes INFO
2025-12-31 19:08:10,715 - System.tprint - INFO - ℹ️ 🐛 DEBUG: Metadata file exists, size: 139 bytes INFO
[2025-12-31 19:08:10.715] 🐛 DEBUG: Successfully loaded metadata with 0 versions INFO
2025-12-31 19:08:10,715 - System.tprint - INFO - ℹ️ 🐛 DEBUG: Successfully loaded metadata with 0 versions INFO
[2025-12-31 19:08:10.715] 🐛 DEBUG: list_versions() called INFO
2025-12-31 19:08:10,715 - System.tprint - INFO - ℹ️ 🐛 DEBUG: list_versions() called INFO
[2025-12-31 19:08:10.715] 🐛 DEBUG: Metadata file exists: True INFO
2025-12-31 19:08:10,716 - System.tprint - INFO - ℹ️ 🐛 DEBUG: Metadata file exists: True INFO
[2025-12-31 19:08:10.715] 🐛 DEBUG: HDF5 file exists: True INFO
2025-12-31 19:08:10,716 - System.tprint - INFO - ℹ️ 🐛 DEBUG: HDF5 file exists: True INFO
[2025-12-31 19:08:10.715] 🐛 DEBUG: Reloading metadata to get latest versions INFO
2025-12-31 19:08:10,716 - System.tprint - INFO - ℹ️ 🐛 DEBUG: Reloading metadata to get latest versions INFO
[2025-12-31 19:08:10.715] 🐛 DEBUG: _load_metadata() checking versioned_artifacts/ETHUSDT_binance_15m_long_sr_labeling_xgb/metadata.json INFO
2025-12-31 19:08:10,716 - System.tprint - INFO - ℹ️ 🐛 DEBUG: _load_metadata() checking versioned_artifacts/ETHUSDT_binance_15m_long_sr_labeling_xgb/metadata.json INFO
[2025-12-31 19:08:10.715] 🐛 DEBUG: Metadata file exists, size: 139 bytes INFO
2025-12-31 19:08:10,716 - System.tprint - INFO - ℹ️ 🐛 DEBUG: Metadata file exists, size: 139 bytes INFO
[2025-12-31 19:08:10.715] 🐛 DEBUG: Successfully loaded metadata with 0 versions INFO
2025-12-31 19:08:10,716 - System.tprint - INFO - ℹ️ 🐛 DEBUG: Successfully loaded metadata with 0 versions INFO
[2025-12-31 19:08:10.715] 🐛 DEBUG: Found 0 versions in metadata: [] INFO
2025-12-31 19:08:10,716 - System.tprint - INFO - ℹ️ 🐛 DEBUG: Found 0 versions in metadata: [] INFO
[2025-12-31 19:08:10.717] 🐛 DEBUG: Found 0 versions in HDF5: [] INFO
2025-12-31 19:08:10,717 - System.tprint - INFO - ℹ️ 🐛 DEBUG: Found 0 versions in HDF5: [] INFO
[2025-12-31 19:08:10.717] 🐛 DEBUG: _load_metadata() checking versioned_artifacts/ETHUSDT_binance_1h_long_breakout_bounce/metadata.json INFO
2025-12-31 19:08:10,717 - System.tprint - INFO - ℹ️ 🐛 DEBUG: _load_metadata() checking versioned_artifacts/ETHUSDT_binance_1h_long_breakout_bounce/metadata.json INFO
[2025-12-31 19:08:10.717] 🐛 DEBUG: Metadata file exists, size: 11462 bytes INFO
2025-12-31 19:08:10,717 - System.tprint - INFO - ℹ️ 🐛 DEBUG: Metadata file exists, size: 11462 bytes INFO
[2025-12-31 19:08:10.718] 🐛 DEBUG: Successfully loaded metadata with 5 versions INFO
2025-12-31 19:08:10,718 - System.tprint - INFO - ℹ️ 🐛 DEBUG: Successfully loaded metadata with 5 versions INFO
[2025-12-31 19:08:10.718] 🐛 DEBUG: list_versions() called INFO
2025-12-31 19:08:10,718 - System.tprint - INFO - ℹ️ 🐛 DEBUG: list_versions() called INFO
[2025-12-31 19:08:10.718] 🐛 DEBUG: Metadata file exists: True INFO
2025-12-31 19:08:10,718 - System.tprint - INFO - ℹ️ 🐛 DEBUG: Metadata file exists: True INFO
[2025-12-31 19:08:10.718] 🐛 DEBUG: HDF5 file exists: True INFO
2025-12-31 19:08:10,718 - System.tprint - INFO - ℹ️ 🐛 DEBUG: HDF5 file exists: True INFO
[2025-12-31 19:08:10.718] 🐛 DEBUG: Reloading metadata to get latest versions INFO
2025-12-31 19:08:10,718 - System.tprint - INFO - ℹ️ 🐛 DEBUG: Reloading metadata to get latest versions INFO
[2025-12-31 19:08:10.718] 🐛 DEBUG: _load_metadata() checking versioned_artifacts/ETHUSDT_binance_1h_long_breakout_bounce/metadata.json INFO
2025-12-31 19:08:10,718 - System.tprint - INFO - ℹ️ 🐛 DEBUG: _load_metadata() checking versioned_artifacts/ETHUSDT_binance_1h_long_breakout_bounce/metadata.json INFO
[2025-12-31 19:08:10.718] 🐛 DEBUG: Metadata file exists, size: 11462 bytes INFO
2025-12-31 19:08:10,718 - System.tprint - INFO - ℹ️ 🐛 DEBUG: Metadata file exists, size: 11462 bytes INFO
[2025-12-31 19:08:10.718] 🐛 DEBUG: Successfully loaded metadata with 5 versions INFO
2025-12-31 19:08:10,719 - System.tprint - INFO - ℹ️ 🐛 DEBUG: Successfully loaded metadata with 5 versions INFO
[2025-12-31 19:08:10.719] 🐛 DEBUG: Found 5 versions in metadata: ['ml_breakout_bounce_training_data_1h_20251123_144326_526', 'ml_breakout_bounce_training_data_1h_20251123_153924_083', 'ml_breakout_bounce_training_data_1h_20251123_160312_391', 'ml_breakout_bounce_training_data_1h_20251123_160800_355', 'ml_breakout_bounce_training_data_1h_20251123_162859_853'] INFO
2025-12-31 19:08:10,719 - System.tprint - INFO - ℹ️ 🐛 DEBUG: Found 5 versions in metadata: ['ml_breakout_bounce_training_data_1h_20251123_144326_526', 'ml_breakout_bounce_training_data_1h_20251123_153924_083', 'ml_breakout_bounce_training_data_1h_20251123_160312_391', 'ml_breakout_bounce_training_data_1h_20251123_160800_355', 'ml_breakout_bounce_training_data_1h_20251123_162859_853'] INFO
[2025-12-31 19:08:10.721] 🐛 DEBUG: Found 5 versions in HDF5: ['ml_breakout_bounce_training_data_1h_20251123_144326_526', 'ml_breakout_bounce_training_data_1h_20251123_153924_083', 'ml_breakout_bounce_training_data_1h_20251123_160312_391', 'ml_breakout_bounce_training_data_1h_20251123_160800_355', 'ml_breakout_bounce_training_data_1h_20251123_162859_853'] INFO
2025-12-31 19:08:10,721 - System.tprint - INFO - ℹ️ 🐛 DEBUG: Found 5 versions in HDF5: ['ml_breakout_bounce_training_data_1h_20251123_144326_526', 'ml_breakout_bounce_training_data_1h_20251123_153924_083', 'ml_breakout_bounce_training_data_1h_20251123_160312_391', 'ml_breakout_bounce_training_data_1h_20251123_160800_355', 'ml_breakout_bounce_training_data_1h_20251123_162859_853'] INFO
[2025-12-31 19:08:10.721] 🐛 DEBUG: _load_metadata() checking versioned_artifacts/ETHUSDT_binance_15m_long_liquidity_regime/metadata.json INFO
2025-12-31 19:08:10,722 - System.tprint - INFO - ℹ️ 🐛 DEBUG: _load_metadata() checking versioned_artifacts/ETHUSDT_binance_15m_long_liquidity_regime/metadata.json INFO
[2025-12-31 19:08:10.722] 🐛 DEBUG: Metadata file exists, size: 17282 bytes INFO
2025-12-31 19:08:10,722 - System.tprint - INFO - ℹ️ 🐛 DEBUG: Metadata file exists, size: 17282 bytes INFO
[2025-12-31 19:08:10.722] 🐛 DEBUG: Successfully loaded metadata with 6 versions INFO
2025-12-31 19:08:10,723 - System.tprint - INFO - ℹ️ 🐛 DEBUG: Successfully loaded metadata with 6 versions INFO
[2025-12-31 19:08:10.722] 🐛 DEBUG: list_versions() called INFO
2025-12-31 19:08:10,723 - System.tprint - INFO - ℹ️ 🐛 DEBUG: list_versions() called INFO
[2025-12-31 19:08:10.722] 🐛 DEBUG: Metadata file exists: True INFO
2025-12-31 19:08:10,723 - System.tprint - INFO - ℹ️ 🐛 DEBUG: Metadata file exists: True INFO
[2025-12-31 19:08:10.722] 🐛 DEBUG: HDF5 file exists: True INFO
2025-12-31 19:08:10,723 - System.tprint - INFO - ℹ️ 🐛 DEBUG: HDF5 file exists: True INFO
[2025-12-31 19:08:10.722] 🐛 DEBUG: Reloading metadata to get latest versions INFO
2025-12-31 19:08:10,723 - System.tprint - INFO - ℹ️ 🐛 DEBUG: Reloading metadata to get latest versions INFO
[2025-12-31 19:08:10.722] 🐛 DEBUG: _load_metadata() checking versioned_artifacts/ETHUSDT_binance_15m_long_liquidity_regime/metadata.json INFO
2025-12-31 19:08:10,723 - System.tprint - INFO - ℹ️ 🐛 DEBUG: _load_metadata() checking versioned_artifacts/ETHUSDT_binance_15m_long_liquidity_regime/metadata.json INFO
[2025-12-31 19:08:10.723] 🐛 DEBUG: Metadata file exists, size: 17282 bytes INFO
2025-12-31 19:08:10,723 - System.tprint - INFO - ℹ️ 🐛 DEBUG: Metadata file exists, size: 17282 bytes INFO
[2025-12-31 19:08:10.723] 🐛 DEBUG: Successfully loaded metadata with 6 versions INFO
2025-12-31 19:08:10,723 - System.tprint - INFO - ℹ️ 🐛 DEBUG: Successfully loaded metadata with 6 versions INFO
[2025-12-31 19:08:10.723] 🐛 DEBUG: Found 6 versions in metadata: ['ml_liquidity_regime_probs_15m_20251213_170827_692', 'ml_liquidity_training_data_15m_20251213_221548_209', 'ml_liquidity_regime_probs_15m_20251231_170726_502', 'ml_liquidity_training_data_15m_20251231_170859_400', 'ml_liquidity_regime_probs_15m_20251231_172132_488', 'ml_liquidity_training_data_15m_20251231_172224_742'] INFO
2025-12-31 19:08:10,723 - System.tprint - INFO - ℹ️ 🐛 DEBUG: Found 6 versions in metadata: ['ml_liquidity_regime_probs_15m_20251213_170827_692', 'ml_liquidity_training_data_15m_20251213_221548_209', 'ml_liquidity_regime_probs_15m_20251231_170726_502', 'ml_liquidity_training_data_15m_20251231_170859_400', 'ml_liquidity_regime_probs_15m_20251231_172132_488', 'ml_liquidity_training_data_15m_20251231_172224_742'] INFO
[2025-12-31 19:08:10.724] 🐛 DEBUG: Found 6 versions in HDF5: ['ml_liquidity_regime_probs_15m_20251213_170827_692', 'ml_liquidity_regime_probs_15m_20251231_170726_502', 'ml_liquidity_regime_probs_15m_20251231_172132_488', 'ml_liquidity_training_data_15m_20251213_221548_209', 'ml_liquidity_training_data_15m_20251231_170859_400', 'ml_liquidity_training_data_15m_20251231_172224_742'] INFO
2025-12-31 19:08:10,724 - System.tprint - INFO - ℹ️ 🐛 DEBUG: Found 6 versions in HDF5: ['ml_liquidity_regime_probs_15m_20251213_170827_692', 'ml_liquidity_regime_probs_15m_20251231_170726_502', 'ml_liquidity_regime_probs_15m_20251231_172132_488', 'ml_liquidity_training_data_15m_20251213_221548_209', 'ml_liquidity_training_data_15m_20251231_170859_400', 'ml_liquidity_training_data_15m_20251231_172224_742'] INFO
[2025-12-31 19:08:10.724] 🐛 DEBUG: _load_metadata() checking versioned_artifacts/ETHUSDT_binance_15m_long_regime_risk/metadata.json INFO
2025-12-31 19:08:10,725 - System.tprint - INFO - ℹ️ 🐛 DEBUG: _load_metadata() checking versioned_artifacts/ETHUSDT_binance_15m_long_regime_risk/metadata.json INFO
[2025-12-31 19:08:10.724] 🐛 DEBUG: Metadata file exists, size: 200 bytes INFO
2025-12-31 19:08:10,725 - System.tprint - INFO - ℹ️ 🐛 DEBUG: Metadata file exists, size: 200 bytes INFO
[2025-12-31 19:08:10.725] 🐛 DEBUG: Successfully loaded metadata with 0 versions INFO
2025-12-31 19:08:10,725 - System.tprint - INFO - ℹ️ 🐛 DEBUG: Successfully loaded metadata with 0 versions INFO
[2025-12-31 19:08:10.725] 🐛 DEBUG: list_versions() called INFO
2025-12-31 19:08:10,725 - System.tprint - INFO - ℹ️ 🐛 DEBUG: list_versions() called INFO
[2025-12-31 19:08:10.725] 🐛 DEBUG: Metadata file exists: True INFO
2025-12-31 19:08:10,726 - System.tprint - INFO - ℹ️ 🐛 DEBUG: Metadata file exists: True INFO
[2025-12-31 19:08:10.725] 🐛 DEBUG: HDF5 file exists: True INFO
2025-12-31 19:08:10,726 - System.tprint - INFO - ℹ️ 🐛 DEBUG: HDF5 file exists: True INFO
[2025-12-31 19:08:10.725] 🐛 DEBUG: Reloading metadata to get latest versions INFO
2025-12-31 19:08:10,726 - System.tprint - INFO - ℹ️ 🐛 DEBUG: Reloading metadata to get latest versions INFO
[2025-12-31 19:08:10.725] 🐛 DEBUG: _load_metadata() checking versioned_artifacts/ETHUSDT_binance_15m_long_regime_risk/metadata.json INFO
2025-12-31 19:08:10,726 - System.tprint - INFO - ℹ️ 🐛 DEBUG: _load_metadata() checking versioned_artifacts/ETHUSDT_binance_15m_long_regime_risk/metadata.json INFO
[2025-12-31 19:08:10.725] 🐛 DEBUG: Metadata file exists, size: 200 bytes INFO
2025-12-31 19:08:10,726 - System.tprint - INFO - ℹ️ 🐛 DEBUG: Metadata file exists, size: 200 bytes INFO
[2025-12-31 19:08:10.725] 🐛 DEBUG: Successfully loaded metadata with 0 versions INFO
2025-12-31 19:08:10,726 - System.tprint - INFO - ℹ️ 🐛 DEBUG: Successfully loaded metadata with 0 versions INFO
[2025-12-31 19:08:10.725] 🐛 DEBUG: Found 0 versions in metadata: [] INFO
2025-12-31 19:08:10,726 - System.tprint - INFO - ℹ️ 🐛 DEBUG: Found 0 versions in metadata: [] INFO
[2025-12-31 19:08:10.727] 🐛 DEBUG: Found 0 versions in HDF5: [] INFO
2025-12-31 19:08:10,727 - System.tprint - INFO - ℹ️ 🐛 DEBUG: Found 0 versions in HDF5: [] INFO
[2025-12-31 19:08:10.727] 🐛 DEBUG: _load_metadata() checking versioned_artifacts/ETHUSDT_binance_15m_long_volume_force/metadata.json INFO
2025-12-31 19:08:10,727 - System.tprint - INFO - ℹ️ 🐛 DEBUG: _load_metadata() checking versioned_artifacts/ETHUSDT_binance_15m_long_volume_force/metadata.json INFO
[2025-12-31 19:08:10.727] 🐛 DEBUG: Metadata file exists, size: 11876 bytes INFO
2025-12-31 19:08:10,728 - System.tprint - INFO - ℹ️ 🐛 DEBUG: Metadata file exists, size: 11876 bytes INFO
[2025-12-31 19:08:10.728] 🐛 DEBUG: Successfully loaded metadata with 7 versions INFO
2025-12-31 19:08:10,728 - System.tprint - INFO - ℹ️ 🐛 DEBUG: Successfully loaded metadata with 7 versions INFO
[2025-12-31 19:08:10.728] 🐛 DEBUG: list_versions() called INFO
2025-12-31 19:08:10,728 - System.tprint - INFO - ℹ️ 🐛 DEBUG: list_versions() called INFO
[2025-12-31 19:08:10.728] 🐛 DEBUG: Metadata file exists: True INFO
2025-12-31 19:08:10,728 - System.tprint - INFO - ℹ️ 🐛 DEBUG: Metadata file exists: True INFO
[2025-12-31 19:08:10.728] 🐛 DEBUG: HDF5 file exists: True INFO
2025-12-31 19:08:10,728 - System.tprint - INFO - ℹ️ 🐛 DEBUG: HDF5 file exists: True INFO
[2025-12-31 19:08:10.728] 🐛 DEBUG: Reloading metadata to get latest versions INFO
2025-12-31 19:08:10,728 - System.tprint - INFO - ℹ️ 🐛 DEBUG: Reloading metadata to get latest versions INFO
[2025-12-31 19:08:10.728] 🐛 DEBUG: _load_metadata() checking versioned_artifacts/ETHUSDT_binance_15m_long_volume_force/metadata.json INFO
2025-12-31 19:08:10,728 - System.tprint - INFO - ℹ️ 🐛 DEBUG: _load_metadata() checking versioned_artifacts/ETHUSDT_binance_15m_long_volume_force/metadata.json INFO
[2025-12-31 19:08:10.728] 🐛 DEBUG: Metadata file exists, size: 11876 bytes INFO
2025-12-31 19:08:10,728 - System.tprint - INFO - ℹ️ 🐛 DEBUG: Metadata file exists, size: 11876 bytes INFO
[2025-12-31 19:08:10.728] 🐛 DEBUG: Successfully loaded metadata with 7 versions INFO
2025-12-31 19:08:10,729 - System.tprint - INFO - ℹ️ 🐛 DEBUG: Successfully loaded metadata with 7 versions INFO
[2025-12-31 19:08:10.728] 🐛 DEBUG: Found 7 versions in metadata: ['ml_volume_force_features_20251213_163705_361', 'ml_volume_force_features_20251213_170535_123', 'ml_volume_force_predictions_20251213_170543_299', 'ml_volume_force_features_20251231_171818_197', 'ml_volume_force_predictions_20251231_172004_837', 'ml_volume_force_features_20251231_172800_942', 'ml_volume_force_predictions_20251231_172840_135'] INFO
2025-12-31 19:08:10,729 - System.tprint - INFO - ℹ️ 🐛 DEBUG: Found 7 versions in metadata: ['ml_volume_force_features_20251213_163705_361', 'ml_volume_force_features_20251213_170535_123', 'ml_volume_force_predictions_20251213_170543_299', 'ml_volume_force_features_20251231_171818_197', 'ml_volume_force_predictions_20251231_172004_837', 'ml_volume_force_features_20251231_172800_942', 'ml_volume_force_predictions_20251231_172840_135'] INFO
[2025-12-31 19:08:10.730] 🐛 DEBUG: Found 7 versions in HDF5: ['ml_volume_force_features_20251213_163705_361', 'ml_volume_force_features_20251213_170535_123', 'ml_volume_force_features_20251231_171818_197', 'ml_volume_force_features_20251231_172800_942', 'ml_volume_force_predictions_20251213_170543_299', 'ml_volume_force_predictions_20251231_172004_837', 'ml_volume_force_predictions_20251231_172840_135'] INFO
2025-12-31 19:08:10,730 - System.tprint - INFO - ℹ️ 🐛 DEBUG: Found 7 versions in HDF5: ['ml_volume_force_features_20251213_163705_361', 'ml_volume_force_features_20251213_170535_123', 'ml_volume_force_features_20251231_171818_197', 'ml_volume_force_features_20251231_172800_942', 'ml_volume_force_predictions_20251213_170543_299', 'ml_volume_force_predictions_20251231_172004_837', 'ml_volume_force_predictions_20251231_172840_135'] INFO
[2025-12-31 19:08:10.730] 🐛 DEBUG: _load_metadata() checking versioned_artifacts/ETHUSDT_binance_15m_long_smc_regime/metadata.json INFO
2025-12-31 19:08:10,730 - System.tprint - INFO - ℹ️ 🐛 DEBUG: _load_metadata() checking versioned_artifacts/ETHUSDT_binance_15m_long_smc_regime/metadata.json INFO
[2025-12-31 19:08:10.730] 🐛 DEBUG: Metadata file exists, size: 9799 bytes INFO
2025-12-31 19:08:10,730 - System.tprint - INFO - ℹ️ 🐛 DEBUG: Metadata file exists, size: 9799 bytes INFO
[2025-12-31 19:08:10.731] 🐛 DEBUG: Successfully loaded metadata with 6 versions INFO
2025-12-31 19:08:10,731 - System.tprint - INFO - ℹ️ 🐛 DEBUG: Successfully loaded metadata with 6 versions INFO
[2025-12-31 19:08:10.731] 🐛 DEBUG: list_versions() called INFO
2025-12-31 19:08:10,731 - System.tprint - INFO - ℹ️ 🐛 DEBUG: list_versions() called INFO
[2025-12-31 19:08:10.731] 🐛 DEBUG: Metadata file exists: True INFO
2025-12-31 19:08:10,731 - System.tprint - INFO - ℹ️ 🐛 DEBUG: Metadata file exists: True INFO
[2025-12-31 19:08:10.731] 🐛 DEBUG: HDF5 file exists: True INFO
2025-12-31 19:08:10,731 - System.tprint - INFO - ℹ️ 🐛 DEBUG: HDF5 file exists: True INFO
[2025-12-31 19:08:10.733] 🐛 DEBUG: Reloading metadata to get latest versions INFO
2025-12-31 19:08:10,733 - System.tprint - INFO - ℹ️ 🐛 DEBUG: Reloading metadata to get latest versions INFO
[2025-12-31 19:08:10.733] 🐛 DEBUG: _load_metadata() checking versioned_artifacts/ETHUSDT_binance_15m_long_smc_regime/metadata.json INFO
2025-12-31 19:08:10,733 - System.tprint - INFO - ℹ️ 🐛 DEBUG: _load_metadata() checking versioned_artifacts/ETHUSDT_binance_15m_long_smc_regime/metadata.json INFO
[2025-12-31 19:08:10.733] 🐛 DEBUG: Metadata file exists, size: 9799 bytes INFO
2025-12-31 19:08:10,733 - System.tprint - INFO - ℹ️ 🐛 DEBUG: Metadata file exists, size: 9799 bytes INFO
[2025-12-31 19:08:10.733] 🐛 DEBUG: Successfully loaded metadata with 6 versions INFO
2025-12-31 19:08:10,733 - System.tprint - INFO - ℹ️ 🐛 DEBUG: Successfully loaded metadata with 6 versions INFO
[2025-12-31 19:08:10.733] 🐛 DEBUG: Found 6 versions in metadata: ['smc_predictions_with_confidence_20251213_170746_093', 'ml_smc_features_15m_20251213_170746_137', 'smc_predictions_with_confidence_20251231_171806_519', 'ml_smc_features_15m_20251231_171807_077', 'smc_predictions_with_confidence_20251231_172755_504', 'ml_smc_features_15m_20251231_172755_741'] INFO
2025-12-31 19:08:10,733 - System.tprint - INFO - ℹ️ 🐛 DEBUG: Found 6 versions in metadata: ['smc_predictions_with_confidence_20251213_170746_093', 'ml_smc_features_15m_20251213_170746_137', 'smc_predictions_with_confidence_20251231_171806_519', 'ml_smc_features_15m_20251231_171807_077', 'smc_predictions_with_confidence_20251231_172755_504', 'ml_smc_features_15m_20251231_172755_741'] INFO
[2025-12-31 19:08:10.734] 🐛 DEBUG: Found 6 versions in HDF5: ['ml_smc_features_15m_20251213_170746_137', 'ml_smc_features_15m_20251231_171807_077', 'ml_smc_features_15m_20251231_172755_741', 'smc_predictions_with_confidence_20251213_170746_093', 'smc_predictions_with_confidence_20251231_171806_519', 'smc_predictions_with_confidence_20251231_172755_504'] INFO
2025-12-31 19:08:10,734 - System.tprint - INFO - ℹ️ 🐛 DEBUG: Found 6 versions in HDF5: ['ml_smc_features_15m_20251213_170746_137', 'ml_smc_features_15m_20251231_171807_077', 'ml_smc_features_15m_20251231_172755_741', 'smc_predictions_with_confidence_20251213_170746_093', 'smc_predictions_with_confidence_20251231_171806_519', 'smc_predictions_with_confidence_20251231_172755_504'] INFO
[2025-12-31 19:08:10.734] 🐛 DEBUG: _load_metadata() checking versioned_artifacts/ETHUSDT_binance_15m_long_breakout_bounce/metadata.json INFO
2025-12-31 19:08:10,735 - System.tprint - INFO - ℹ️ 🐛 DEBUG: _load_metadata() checking versioned_artifacts/ETHUSDT_binance_15m_long_breakout_bounce/metadata.json INFO
[2025-12-31 19:08:10.734] 🐛 DEBUG: Metadata file exists, size: 200 bytes INFO
2025-12-31 19:08:10,735 - System.tprint - INFO - ℹ️ 🐛 DEBUG: Metadata file exists, size: 200 bytes INFO
[2025-12-31 19:08:10.734] 🐛 DEBUG: Successfully loaded metadata with 0 versions INFO
2025-12-31 19:08:10,735 - System.tprint - INFO - ℹ️ 🐛 DEBUG: Successfully loaded metadata with 0 versions INFO
[2025-12-31 19:08:10.735] 🐛 DEBUG: list_versions() called INFO
2025-12-31 19:08:10,735 - System.tprint - INFO - ℹ️ 🐛 DEBUG: list_versions() called INFO
[2025-12-31 19:08:10.735] 🐛 DEBUG: Metadata file exists: True INFO
2025-12-31 19:08:10,735 - System.tprint - INFO - ℹ️ 🐛 DEBUG: Metadata file exists: True INFO
[2025-12-31 19:08:10.735] 🐛 DEBUG: HDF5 file exists: True INFO
2025-12-31 19:08:10,736 - System.tprint - INFO - ℹ️ 🐛 DEBUG: HDF5 file exists: True INFO
[2025-12-31 19:08:10.735] 🐛 DEBUG: Reloading metadata to get latest versions INFO
2025-12-31 19:08:10,736 - System.tprint - INFO - ℹ️ 🐛 DEBUG: Reloading metadata to get latest versions INFO
[2025-12-31 19:08:10.737] 🐛 DEBUG: _load_metadata() checking versioned_artifacts/ETHUSDT_binance_15m_long_breakout_bounce/metadata.json INFO
2025-12-31 19:08:10,737 - System.tprint - INFO - ℹ️ 🐛 DEBUG: _load_metadata() checking versioned_artifacts/ETHUSDT_binance_15m_long_breakout_bounce/metadata.json INFO
[2025-12-31 19:08:10.737] 🐛 DEBUG: Metadata file exists, size: 200 bytes INFO
2025-12-31 19:08:10,737 - System.tprint - INFO - ℹ️ 🐛 DEBUG: Metadata file exists, size: 200 bytes INFO
[2025-12-31 19:08:10.737] 🐛 DEBUG: Successfully loaded metadata with 0 versions INFO
2025-12-31 19:08:10,737 - System.tprint - INFO - ℹ️ 🐛 DEBUG: Successfully loaded metadata with 0 versions INFO
[2025-12-31 19:08:10.737] 🐛 DEBUG: Found 0 versions in metadata: [] INFO
2025-12-31 19:08:10,737 - System.tprint - INFO - ℹ️ 🐛 DEBUG: Found 0 versions in metadata: [] INFO
[2025-12-31 19:08:10.738] 🐛 DEBUG: Found 0 versions in HDF5: [] INFO
2025-12-31 19:08:10,738 - System.tprint - INFO - ℹ️ 🐛 DEBUG: Found 0 versions in HDF5: [] INFO
[2025-12-31 19:08:10.739] 🐛 DEBUG: _load_metadata() checking versioned_artifacts/ETHUSDT_binance_1h_long_liquidity_regime/metadata.json INFO
2025-12-31 19:08:10,739 - System.tprint - INFO - ℹ️ 🐛 DEBUG: _load_metadata() checking versioned_artifacts/ETHUSDT_binance_1h_long_liquidity_regime/metadata.json INFO
[2025-12-31 19:08:10.739] 🐛 DEBUG: Metadata file exists, size: 200 bytes INFO
2025-12-31 19:08:10,739 - System.tprint - INFO - ℹ️ 🐛 DEBUG: Metadata file exists, size: 200 bytes INFO
[2025-12-31 19:08:10.739] 🐛 DEBUG: Successfully loaded metadata with 0 versions INFO
2025-12-31 19:08:10,740 - System.tprint - INFO - ℹ️ 🐛 DEBUG: Successfully loaded metadata with 0 versions INFO
[2025-12-31 19:08:10.739] 🐛 DEBUG: list_versions() called INFO
2025-12-31 19:08:10,740 - System.tprint - INFO - ℹ️ 🐛 DEBUG: list_versions() called INFO
[2025-12-31 19:08:10.739] 🐛 DEBUG: Metadata file exists: True INFO
2025-12-31 19:08:10,740 - System.tprint - INFO - ℹ️ 🐛 DEBUG: Metadata file exists: True INFO
[2025-12-31 19:08:10.739] 🐛 DEBUG: HDF5 file exists: True INFO
2025-12-31 19:08:10,740 - System.tprint - INFO - ℹ️ 🐛 DEBUG: HDF5 file exists: True INFO
[2025-12-31 19:08:10.740] 🐛 DEBUG: Reloading metadata to get latest versions INFO
2025-12-31 19:08:10,740 - System.tprint - INFO - ℹ️ 🐛 DEBUG: Reloading metadata to get latest versions INFO
[2025-12-31 19:08:10.740] 🐛 DEBUG: _load_metadata() checking versioned_artifacts/ETHUSDT_binance_1h_long_liquidity_regime/metadata.json INFO
2025-12-31 19:08:10,740 - System.tprint - INFO - ℹ️ 🐛 DEBUG: _load_metadata() checking versioned_artifacts/ETHUSDT_binance_1h_long_liquidity_regime/metadata.json INFO
[2025-12-31 19:08:10.740] 🐛 DEBUG: Metadata file exists, size: 200 bytes INFO
2025-12-31 19:08:10,740 - System.tprint - INFO - ℹ️ 🐛 DEBUG: Metadata file exists, size: 200 bytes INFO
[2025-12-31 19:08:10.740] 🐛 DEBUG: Successfully loaded metadata with 0 versions INFO
2025-12-31 19:08:10,740 - System.tprint - INFO - ℹ️ 🐛 DEBUG: Successfully loaded metadata with 0 versions INFO
[2025-12-31 19:08:10.740] 🐛 DEBUG: Found 0 versions in metadata: [] INFO
2025-12-31 19:08:10,740 - System.tprint - INFO - ℹ️ 🐛 DEBUG: Found 0 versions in metadata: [] INFO
[2025-12-31 19:08:10.741] 🐛 DEBUG: Found 0 versions in HDF5: [] INFO
2025-12-31 19:08:10,741 - System.tprint - INFO - ℹ️ 🐛 DEBUG: Found 0 versions in HDF5: [] INFO
[2025-12-31 19:08:10.741] 🐛 DEBUG: _load_metadata() checking versioned_artifacts/ETHUSDT_binance_1h_long_regime_alpha/metadata.json INFO
2025-12-31 19:08:10,742 - System.tprint - INFO - ℹ️ 🐛 DEBUG: _load_metadata() checking versioned_artifacts/ETHUSDT_binance_1h_long_regime_alpha/metadata.json INFO
[2025-12-31 19:08:10.741] 🐛 DEBUG: Metadata file exists, size: 6902 bytes INFO
2025-12-31 19:08:10,742 - System.tprint - INFO - ℹ️ 🐛 DEBUG: Metadata file exists, size: 6902 bytes INFO
[2025-12-31 19:08:10.741] 🐛 DEBUG: Successfully loaded metadata with 5 versions INFO
2025-12-31 19:08:10,742 - System.tprint - INFO - ℹ️ 🐛 DEBUG: Successfully loaded metadata with 5 versions INFO
[2025-12-31 19:08:10.742] 🐛 DEBUG: list_versions() called INFO
2025-12-31 19:08:10,742 - System.tprint - INFO - ℹ️ 🐛 DEBUG: list_versions() called INFO
[2025-12-31 19:08:10.742] 🐛 DEBUG: Metadata file exists: True INFO
2025-12-31 19:08:10,742 - System.tprint - INFO - ℹ️ 🐛 DEBUG: Metadata file exists: True INFO
[2025-12-31 19:08:10.742] 🐛 DEBUG: HDF5 file exists: True INFO
2025-12-31 19:08:10,742 - System.tprint - INFO - ℹ️ 🐛 DEBUG: HDF5 file exists: True INFO
[2025-12-31 19:08:10.742] 🐛 DEBUG: Reloading metadata to get latest versions INFO
2025-12-31 19:08:10,743 - System.tprint - INFO - ℹ️ 🐛 DEBUG: Reloading metadata to get latest versions INFO
[2025-12-31 19:08:10.742] 🐛 DEBUG: _load_metadata() checking versioned_artifacts/ETHUSDT_binance_1h_long_regime_alpha/metadata.json INFO
2025-12-31 19:08:10,743 - System.tprint - INFO - ℹ️ 🐛 DEBUG: _load_metadata() checking versioned_artifacts/ETHUSDT_binance_1h_long_regime_alpha/metadata.json INFO
[2025-12-31 19:08:10.742] 🐛 DEBUG: Metadata file exists, size: 6902 bytes INFO
2025-12-31 19:08:10,743 - System.tprint - INFO - ℹ️ 🐛 DEBUG: Metadata file exists, size: 6902 bytes INFO
[2025-12-31 19:08:10.742] 🐛 DEBUG: Successfully loaded metadata with 5 versions INFO
2025-12-31 19:08:10,743 - System.tprint - INFO - ℹ️ 🐛 DEBUG: Successfully loaded metadata with 5 versions INFO
[2025-12-31 19:08:10.742] 🐛 DEBUG: Found 5 versions in metadata: ['hmm_alpha_regime_stats_1h_20251122_151841_186', 'hmm_alpha_training_data_1h_20251122_164502_922', 'hmm_alpha_regime_stats_1h_20251122_164502_963', 'hmm_alpha_training_data_1h_20251122_171931_773', 'hmm_alpha_regime_stats_1h_20251122_171931_857'] INFO
2025-12-31 19:08:10,743 - System.tprint - INFO - ℹ️ 🐛 DEBUG: Found 5 versions in metadata: ['hmm_alpha_regime_stats_1h_20251122_151841_186', 'hmm_alpha_training_data_1h_20251122_164502_922', 'hmm_alpha_regime_stats_1h_20251122_164502_963', 'hmm_alpha_training_data_1h_20251122_171931_773', 'hmm_alpha_regime_stats_1h_20251122_171931_857'] INFO
[2025-12-31 19:08:10.744] 🐛 DEBUG: Found 5 versions in HDF5: ['hmm_alpha_regime_stats_1h_20251122_151841_186', 'hmm_alpha_regime_stats_1h_20251122_164502_963', 'hmm_alpha_regime_stats_1h_20251122_171931_857', 'hmm_alpha_training_data_1h_20251122_164502_922', 'hmm_alpha_training_data_1h_20251122_171931_773'] INFO
2025-12-31 19:08:10,744 - System.tprint - INFO - ℹ️ 🐛 DEBUG: Found 5 versions in HDF5: ['hmm_alpha_regime_stats_1h_20251122_151841_186', 'hmm_alpha_regime_stats_1h_20251122_164502_963', 'hmm_alpha_regime_stats_1h_20251122_171931_857', 'hmm_alpha_training_data_1h_20251122_164502_922', 'hmm_alpha_training_data_1h_20251122_171931_773'] INFO
[2025-12-31 19:08:10.744] 🐛 DEBUG: _load_metadata() checking versioned_artifacts/ETHUSDT_binance_1h_long_analyst/metadata.json INFO
2025-12-31 19:08:10,745 - System.tprint - INFO - ℹ️ 🐛 DEBUG: _load_metadata() checking versioned_artifacts/ETHUSDT_binance_1h_long_analyst/metadata.json INFO
[2025-12-31 19:08:10.745] 🐛 DEBUG: Metadata file exists, size: 139 bytes INFO
2025-12-31 19:08:10,745 - System.tprint - INFO - ℹ️ 🐛 DEBUG: Metadata file exists, size: 139 bytes INFO
[2025-12-31 19:08:10.745] 🐛 DEBUG: Successfully loaded metadata with 0 versions INFO
2025-12-31 19:08:10,746 - System.tprint - INFO - ℹ️ 🐛 DEBUG: Successfully loaded metadata with 0 versions INFO
[2025-12-31 19:08:10.745] 🐛 DEBUG: list_versions() called INFO
2025-12-31 19:08:10,746 - System.tprint - INFO - ℹ️ 🐛 DEBUG: list_versions() called INFO
[2025-12-31 19:08:10.745] 🐛 DEBUG: Metadata file exists: True INFO
2025-12-31 19:08:10,746 - System.tprint - INFO - ℹ️ 🐛 DEBUG: Metadata file exists: True INFO
[2025-12-31 19:08:10.745] 🐛 DEBUG: HDF5 file exists: True INFO
2025-12-31 19:08:10,746 - System.tprint - INFO - ℹ️ 🐛 DEBUG: HDF5 file exists: True INFO
[2025-12-31 19:08:10.745] 🐛 DEBUG: Reloading metadata to get latest versions INFO
2025-12-31 19:08:10,746 - System.tprint - INFO - ℹ️ 🐛 DEBUG: Reloading metadata to get latest versions INFO
[2025-12-31 19:08:10.745] 🐛 DEBUG: _load_metadata() checking versioned_artifacts/ETHUSDT_binance_1h_long_analyst/metadata.json INFO
2025-12-31 19:08:10,746 - System.tprint - INFO - ℹ️ 🐛 DEBUG: _load_metadata() checking versioned_artifacts/ETHUSDT_binance_1h_long_analyst/metadata.json INFO
[2025-12-31 19:08:10.745] 🐛 DEBUG: Metadata file exists, size: 139 bytes INFO
2025-12-31 19:08:10,746 - System.tprint - INFO - ℹ️ 🐛 DEBUG: Metadata file exists, size: 139 bytes INFO
[2025-12-31 19:08:10.745] 🐛 DEBUG: Successfully loaded metadata with 0 versions INFO
2025-12-31 19:08:10,746 - System.tprint - INFO - ℹ️ 🐛 DEBUG: Successfully loaded metadata with 0 versions INFO
[2025-12-31 19:08:10.746] 🐛 DEBUG: Found 0 versions in metadata: [] INFO
2025-12-31 19:08:10,746 - System.tprint - INFO - ℹ️ 🐛 DEBUG: Found 0 versions in metadata: [] INFO
[2025-12-31 19:08:10.746] 🐛 DEBUG: Found 0 versions in HDF5: [] INFO
2025-12-31 19:08:10,747 - System.tprint - INFO - ℹ️ 🐛 DEBUG: Found 0 versions in HDF5: [] INFO
[2025-12-31 19:08:10.747] 🐛 DEBUG: _load_metadata() checking versioned_artifacts/ETHUSDT_binance_1h_long_regime_path/metadata.json INFO
2025-12-31 19:08:10,747 - System.tprint - INFO - ℹ️ 🐛 DEBUG: _load_metadata() checking versioned_artifacts/ETHUSDT_binance_1h_long_regime_path/metadata.json INFO
[2025-12-31 19:08:10.747] 🐛 DEBUG: Metadata file exists, size: 200 bytes INFO
2025-12-31 19:08:10,748 - System.tprint - INFO - ℹ️ 🐛 DEBUG: Metadata file exists, size: 200 bytes INFO
[2025-12-31 19:08:10.747] 🐛 DEBUG: Successfully loaded metadata with 0 versions INFO
2025-12-31 19:08:10,748 - System.tprint - INFO - ℹ️ 🐛 DEBUG: Successfully loaded metadata with 0 versions INFO
[2025-12-31 19:08:10.747] 🐛 DEBUG: list_versions() called INFO
2025-12-31 19:08:10,748 - System.tprint - INFO - ℹ️ 🐛 DEBUG: list_versions() called INFO
[2025-12-31 19:08:10.747] 🐛 DEBUG: Metadata file exists: True INFO
2025-12-31 19:08:10,748 - System.tprint - INFO - ℹ️ 🐛 DEBUG: Metadata file exists: True INFO
[2025-12-31 19:08:10.747] 🐛 DEBUG: HDF5 file exists: True INFO
2025-12-31 19:08:10,748 - System.tprint - INFO - ℹ️ 🐛 DEBUG: HDF5 file exists: True INFO
[2025-12-31 19:08:10.747] 🐛 DEBUG: Reloading metadata to get latest versions INFO
2025-12-31 19:08:10,748 - System.tprint - INFO - ℹ️ 🐛 DEBUG: Reloading metadata to get latest versions INFO
[2025-12-31 19:08:10.747] 🐛 DEBUG: _load_metadata() checking versioned_artifacts/ETHUSDT_binance_1h_long_regime_path/metadata.json INFO
2025-12-31 19:08:10,748 - System.tprint - INFO - ℹ️ 🐛 DEBUG: _load_metadata() checking versioned_artifacts/ETHUSDT_binance_1h_long_regime_path/metadata.json INFO
[2025-12-31 19:08:10.747] 🐛 DEBUG: Metadata file exists, size: 200 bytes INFO
2025-12-31 19:08:10,748 - System.tprint - INFO - ℹ️ 🐛 DEBUG: Metadata file exists, size: 200 bytes INFO
[2025-12-31 19:08:10.747] 🐛 DEBUG: Successfully loaded metadata with 0 versions INFO
2025-12-31 19:08:10,748 - System.tprint - INFO - ℹ️ 🐛 DEBUG: Successfully loaded metadata with 0 versions INFO
[2025-12-31 19:08:10.748] 🐛 DEBUG: Found 0 versions in metadata: [] INFO
2025-12-31 19:08:10,748 - System.tprint - INFO - ℹ️ 🐛 DEBUG: Found 0 versions in metadata: [] INFO
[2025-12-31 19:08:10.748] 🐛 DEBUG: Found 0 versions in HDF5: [] INFO
2025-12-31 19:08:10,749 - System.tprint - INFO - ℹ️ 🐛 DEBUG: Found 0 versions in HDF5: [] INFO
[2025-12-31 19:08:10.748] 🐛 DEBUG: _load_metadata() checking versioned_artifacts/None_None_None_long_regime/metadata.json INFO
2025-12-31 19:08:10,749 - System.tprint - INFO - ℹ️ 🐛 DEBUG: _load_metadata() checking versioned_artifacts/None_None_None_long_regime/metadata.json INFO
[2025-12-31 19:08:10.749] 🐛 DEBUG: Metadata file exists, size: 139 bytes INFO
2025-12-31 19:08:10,750 - System.tprint - INFO - ℹ️ 🐛 DEBUG: Metadata file exists, size: 139 bytes INFO
[2025-12-31 19:08:10.749] 🐛 DEBUG: Successfully loaded metadata with 0 versions INFO
2025-12-31 19:08:10,750 - System.tprint - INFO - ℹ️ 🐛 DEBUG: Successfully loaded metadata with 0 versions INFO
[2025-12-31 19:08:10.749] 🐛 DEBUG: list_versions() called INFO
2025-12-31 19:08:10,750 - System.tprint - INFO - ℹ️ 🐛 DEBUG: list_versions() called INFO
[2025-12-31 19:08:10.749] 🐛 DEBUG: Metadata file exists: True INFO
2025-12-31 19:08:10,750 - System.tprint - INFO - ℹ️ 🐛 DEBUG: Metadata file exists: True INFO
[2025-12-31 19:08:10.749] 🐛 DEBUG: HDF5 file exists: True INFO
2025-12-31 19:08:10,750 - System.tprint - INFO - ℹ️ 🐛 DEBUG: HDF5 file exists: True INFO
[2025-12-31 19:08:10.749] 🐛 DEBUG: Reloading metadata to get latest versions INFO
2025-12-31 19:08:10,750 - System.tprint - INFO - ℹ️ 🐛 DEBUG: Reloading metadata to get latest versions INFO
[2025-12-31 19:08:10.749] 🐛 DEBUG: _load_metadata() checking versioned_artifacts/None_None_None_long_regime/metadata.json INFO
2025-12-31 19:08:10,750 - System.tprint - INFO - ℹ️ 🐛 DEBUG: _load_metadata() checking versioned_artifacts/None_None_None_long_regime/metadata.json INFO
[2025-12-31 19:08:10.749] 🐛 DEBUG: Metadata file exists, size: 139 bytes INFO
2025-12-31 19:08:10,750 - System.tprint - INFO - ℹ️ 🐛 DEBUG: Metadata file exists, size: 139 bytes INFO
[2025-12-31 19:08:10.749] 🐛 DEBUG: Successfully loaded metadata with 0 versions INFO
2025-12-31 19:08:10,750 - System.tprint - INFO - ℹ️ 🐛 DEBUG: Successfully loaded metadata with 0 versions INFO
[2025-12-31 19:08:10.749] 🐛 DEBUG: Found 0 versions in metadata: [] INFO
2025-12-31 19:08:10,750 - System.tprint - INFO - ℹ️ 🐛 DEBUG: Found 0 versions in metadata: [] INFO
[2025-12-31 19:08:10.751] 🐛 DEBUG: Found 0 versions in HDF5: [] INFO
2025-12-31 19:08:10,751 - System.tprint - INFO - ℹ️ 🐛 DEBUG: Found 0 versions in HDF5: [] INFO
[2025-12-31 19:08:10.752] 🐛 DEBUG: _load_metadata() checking versioned_artifacts/ETHUSDT_binance_1h_long_mean_reversion/metadata.json INFO
2025-12-31 19:08:10,752 - System.tprint - INFO - ℹ️ 🐛 DEBUG: _load_metadata() checking versioned_artifacts/ETHUSDT_binance_1h_long_mean_reversion/metadata.json INFO
[2025-12-31 19:08:10.752] 🐛 DEBUG: Metadata file exists, size: 3914 bytes INFO
2025-12-31 19:08:10,752 - System.tprint - INFO - ℹ️ 🐛 DEBUG: Metadata file exists, size: 3914 bytes INFO
[2025-12-31 19:08:10.752] 🐛 DEBUG: Successfully loaded metadata with 5 versions INFO
2025-12-31 19:08:10,753 - System.tprint - INFO - ℹ️ 🐛 DEBUG: Successfully loaded metadata with 5 versions INFO
[2025-12-31 19:08:10.752] 🐛 DEBUG: list_versions() called INFO
2025-12-31 19:08:10,753 - System.tprint - INFO - ℹ️ 🐛 DEBUG: list_versions() called INFO
[2025-12-31 19:08:10.752] 🐛 DEBUG: Metadata file exists: True INFO
2025-12-31 19:08:10,753 - System.tprint - INFO - ℹ️ 🐛 DEBUG: Metadata file exists: True INFO
[2025-12-31 19:08:10.752] 🐛 DEBUG: HDF5 file exists: True INFO
2025-12-31 19:08:10,753 - System.tprint - INFO - ℹ️ 🐛 DEBUG: HDF5 file exists: True INFO
[2025-12-31 19:08:10.752] 🐛 DEBUG: Reloading metadata to get latest versions INFO
2025-12-31 19:08:10,753 - System.tprint - INFO - ℹ️ 🐛 DEBUG: Reloading metadata to get latest versions INFO
[2025-12-31 19:08:10.752] 🐛 DEBUG: _load_metadata() checking versioned_artifacts/ETHUSDT_binance_1h_long_mean_reversion/metadata.json INFO
2025-12-31 19:08:10,753 - System.tprint - INFO - ℹ️ 🐛 DEBUG: _load_metadata() checking versioned_artifacts/ETHUSDT_binance_1h_long_mean_reversion/metadata.json INFO
[2025-12-31 19:08:10.753] 🐛 DEBUG: Metadata file exists, size: 3914 bytes INFO
2025-12-31 19:08:10,753 - System.tprint - INFO - ℹ️ 🐛 DEBUG: Metadata file exists, size: 3914 bytes INFO
[2025-12-31 19:08:10.753] 🐛 DEBUG: Successfully loaded metadata with 5 versions INFO
2025-12-31 19:08:10,753 - System.tprint - INFO - ℹ️ 🐛 DEBUG: Successfully loaded metadata with 5 versions INFO
[2025-12-31 19:08:10.753] 🐛 DEBUG: Found 5 versions in metadata: ['ml_mean_reversion_training_data_1h_20251124_231116_323', 'ml_mean_reversion_training_data_1h_20251125_001022_753', 'ml_mean_reversion_training_data_1h_20251125_002337_863', 'ml_mean_reversion_training_data_1h_20251125_003116_776', 'ml_mean_reversion_training_data_1h_20251126_003120_916'] INFO
2025-12-31 19:08:10,754 - System.tprint - INFO - ℹ️ 🐛 DEBUG: Found 5 versions in metadata: ['ml_mean_reversion_training_data_1h_20251124_231116_323', 'ml_mean_reversion_training_data_1h_20251125_001022_753', 'ml_mean_reversion_training_data_1h_20251125_002337_863', 'ml_mean_reversion_training_data_1h_20251125_003116_776', 'ml_mean_reversion_training_data_1h_20251126_003120_916'] INFO
[2025-12-31 19:08:10.754] 🐛 DEBUG: Found 5 versions in HDF5: ['ml_mean_reversion_training_data_1h_20251124_231116_323', 'ml_mean_reversion_training_data_1h_20251125_001022_753', 'ml_mean_reversion_training_data_1h_20251125_002337_863', 'ml_mean_reversion_training_data_1h_20251125_003116_776', 'ml_mean_reversion_training_data_1h_20251126_003120_916'] INFO
2025-12-31 19:08:10,754 - System.tprint - INFO - ℹ️ 🐛 DEBUG: Found 5 versions in HDF5: ['ml_mean_reversion_training_data_1h_20251124_231116_323', 'ml_mean_reversion_training_data_1h_20251125_001022_753', 'ml_mean_reversion_training_data_1h_20251125_002337_863', 'ml_mean_reversion_training_data_1h_20251125_003116_776', 'ml_mean_reversion_training_data_1h_20251126_003120_916'] INFO
[2025-12-31 19:08:10.754] 🐛 DEBUG: _load_metadata() checking versioned_artifacts/ETHUSDT_binance_15m_long_mean_reversion/metadata.json INFO
2025-12-31 19:08:10,755 - System.tprint - INFO - ℹ️ 🐛 DEBUG: _load_metadata() checking versioned_artifacts/ETHUSDT_binance_15m_long_mean_reversion/metadata.json INFO
[2025-12-31 19:08:10.755] 🐛 DEBUG: Metadata file exists, size: 1472 bytes INFO
2025-12-31 19:08:10,755 - System.tprint - INFO - ℹ️ 🐛 DEBUG: Metadata file exists, size: 1472 bytes INFO
[2025-12-31 19:08:10.755] 🐛 DEBUG: Successfully loaded metadata with 1 versions INFO
2025-12-31 19:08:10,756 - System.tprint - INFO - ℹ️ 🐛 DEBUG: Successfully loaded metadata with 1 versions INFO
[2025-12-31 19:08:10.755] 🐛 DEBUG: list_versions() called INFO
2025-12-31 19:08:10,756 - System.tprint - INFO - ℹ️ 🐛 DEBUG: list_versions() called INFO
[2025-12-31 19:08:10.755] 🐛 DEBUG: Metadata file exists: True INFO
2025-12-31 19:08:10,756 - System.tprint - INFO - ℹ️ 🐛 DEBUG: Metadata file exists: True INFO
[2025-12-31 19:08:10.755] 🐛 DEBUG: HDF5 file exists: True INFO
2025-12-31 19:08:10,756 - System.tprint - INFO - ℹ️ 🐛 DEBUG: HDF5 file exists: True INFO
[2025-12-31 19:08:10.755] 🐛 DEBUG: Reloading metadata to get latest versions INFO
2025-12-31 19:08:10,756 - System.tprint - INFO - ℹ️ 🐛 DEBUG: Reloading metadata to get latest versions INFO
[2025-12-31 19:08:10.755] 🐛 DEBUG: _load_metadata() checking versioned_artifacts/ETHUSDT_binance_15m_long_mean_reversion/metadata.json INFO
2025-12-31 19:08:10,756 - System.tprint - INFO - ℹ️ 🐛 DEBUG: _load_metadata() checking versioned_artifacts/ETHUSDT_binance_15m_long_mean_reversion/metadata.json INFO
[2025-12-31 19:08:10.755] 🐛 DEBUG: Metadata file exists, size: 1472 bytes INFO
2025-12-31 19:08:10,756 - System.tprint - INFO - ℹ️ 🐛 DEBUG: Metadata file exists, size: 1472 bytes INFO
[2025-12-31 19:08:10.755] 🐛 DEBUG: Successfully loaded metadata with 1 versions INFO
2025-12-31 19:08:10,756 - System.tprint - INFO - ℹ️ 🐛 DEBUG: Successfully loaded metadata with 1 versions INFO
[2025-12-31 19:08:10.756] 🐛 DEBUG: Found 1 versions in metadata: ['ml_mean_reversion_training_data_15m_20251213_170600_968'] INFO
2025-12-31 19:08:10,756 - System.tprint - INFO - ℹ️ 🐛 DEBUG: Found 1 versions in metadata: ['ml_mean_reversion_training_data_15m_20251213_170600_968'] INFO
[2025-12-31 19:08:10.756] 🐛 DEBUG: Found 1 versions in HDF5: ['ml_mean_reversion_training_data_15m_20251213_170600_968'] INFO
2025-12-31 19:08:10,757 - System.tprint - INFO - ℹ️ 🐛 DEBUG: Found 1 versions in HDF5: ['ml_mean_reversion_training_data_15m_20251213_170600_968'] INFO
[2025-12-31 19:08:10.758] 🐛 DEBUG: _load_metadata() checking versioned_artifacts/ETHUSDT_binance_15m_long_full/metadata.json INFO
2025-12-31 19:08:10,758 - System.tprint - INFO - ℹ️ 🐛 DEBUG: _load_metadata() checking versioned_artifacts/ETHUSDT_binance_15m_long_full/metadata.json INFO
[2025-12-31 19:08:10.758] 🐛 DEBUG: Metadata file exists, size: 139 bytes INFO
2025-12-31 19:08:10,758 - System.tprint - INFO - ℹ️ 🐛 DEBUG: Metadata file exists, size: 139 bytes INFO
[2025-12-31 19:08:10.758] 🐛 DEBUG: Successfully loaded metadata with 0 versions INFO
2025-12-31 19:08:10,758 - System.tprint - INFO - ℹ️ 🐛 DEBUG: Successfully loaded metadata with 0 versions INFO
[2025-12-31 19:08:10.758] 🐛 DEBUG: list_versions() called INFO
2025-12-31 19:08:10,758 - System.tprint - INFO - ℹ️ 🐛 DEBUG: list_versions() called INFO
[2025-12-31 19:08:10.758] 🐛 DEBUG: Metadata file exists: True INFO
2025-12-31 19:08:10,758 - System.tprint - INFO - ℹ️ 🐛 DEBUG: Metadata file exists: True INFO
[2025-12-31 19:08:10.758] 🐛 DEBUG: HDF5 file exists: True INFO
2025-12-31 19:08:10,759 - System.tprint - INFO - ℹ️ 🐛 DEBUG: HDF5 file exists: True INFO
[2025-12-31 19:08:10.758] 🐛 DEBUG: Reloading metadata to get latest versions INFO
2025-12-31 19:08:10,759 - System.tprint - INFO - ℹ️ 🐛 DEBUG: Reloading metadata to get latest versions INFO
[2025-12-31 19:08:10.758] 🐛 DEBUG: _load_metadata() checking versioned_artifacts/ETHUSDT_binance_15m_long_full/metadata.json INFO
2025-12-31 19:08:10,759 - System.tprint - INFO - ℹ️ 🐛 DEBUG: _load_metadata() checking versioned_artifacts/ETHUSDT_binance_15m_long_full/metadata.json INFO
[2025-12-31 19:08:10.758] 🐛 DEBUG: Metadata file exists, size: 139 bytes INFO
2025-12-31 19:08:10,759 - System.tprint - INFO - ℹ️ 🐛 DEBUG: Metadata file exists, size: 139 bytes INFO
[2025-12-31 19:08:10.759] 🐛 DEBUG: Successfully loaded metadata with 0 versions INFO
2025-12-31 19:08:10,759 - System.tprint - INFO - ℹ️ 🐛 DEBUG: Successfully loaded metadata with 0 versions INFO
[2025-12-31 19:08:10.759] 🐛 DEBUG: Found 0 versions in metadata: [] INFO
2025-12-31 19:08:10,759 - System.tprint - INFO - ℹ️ 🐛 DEBUG: Found 0 versions in metadata: [] INFO
[2025-12-31 19:08:10.759] 🐛 DEBUG: Found 0 versions in HDF5: [] INFO
2025-12-31 19:08:10,759 - System.tprint - INFO - ℹ️ 🐛 DEBUG: Found 0 versions in HDF5: [] INFO
[2025-12-31 19:08:10.760] 🐛 DEBUG: _load_metadata() checking versioned_artifacts/ETHUSDT_binance_15m_long_regime_meso_trend/metadata.json INFO
2025-12-31 19:08:10,760 - System.tprint - INFO - ℹ️ 🐛 DEBUG: _load_metadata() checking versioned_artifacts/ETHUSDT_binance_15m_long_regime_meso_trend/metadata.json INFO
[2025-12-31 19:08:10.760] 🐛 DEBUG: Metadata file exists, size: 139 bytes INFO
2025-12-31 19:08:10,760 - System.tprint - INFO - ℹ️ 🐛 DEBUG: Metadata file exists, size: 139 bytes INFO
[2025-12-31 19:08:10.760] 🐛 DEBUG: Successfully loaded metadata with 0 versions INFO
2025-12-31 19:08:10,760 - System.tprint - INFO - ℹ️ 🐛 DEBUG: Successfully loaded metadata with 0 versions INFO
[2025-12-31 19:08:10.760] 🐛 DEBUG: list_versions() called INFO
2025-12-31 19:08:10,760 - System.tprint - INFO - ℹ️ 🐛 DEBUG: list_versions() called INFO
[2025-12-31 19:08:10.760] 🐛 DEBUG: Metadata file exists: True INFO
2025-12-31 19:08:10,761 - System.tprint - INFO - ℹ️ 🐛 DEBUG: Metadata file exists: True INFO
[2025-12-31 19:08:10.760] 🐛 DEBUG: HDF5 file exists: True INFO
2025-12-31 19:08:10,761 - System.tprint - INFO - ℹ️ 🐛 DEBUG: HDF5 file exists: True INFO
[2025-12-31 19:08:10.760] 🐛 DEBUG: Reloading metadata to get latest versions INFO
2025-12-31 19:08:10,761 - System.tprint - INFO - ℹ️ 🐛 DEBUG: Reloading metadata to get latest versions INFO
[2025-12-31 19:08:10.760] 🐛 DEBUG: _load_metadata() checking versioned_artifacts/ETHUSDT_binance_15m_long_regime_meso_trend/metadata.json INFO
2025-12-31 19:08:10,761 - System.tprint - INFO - ℹ️ 🐛 DEBUG: _load_metadata() checking versioned_artifacts/ETHUSDT_binance_15m_long_regime_meso_trend/metadata.json INFO
[2025-12-31 19:08:10.761] 🐛 DEBUG: Metadata file exists, size: 139 bytes INFO
2025-12-31 19:08:10,761 - System.tprint - INFO - ℹ️ 🐛 DEBUG: Metadata file exists, size: 139 bytes INFO
[2025-12-31 19:08:10.761] 🐛 DEBUG: Successfully loaded metadata with 0 versions INFO
2025-12-31 19:08:10,761 - System.tprint - INFO - ℹ️ 🐛 DEBUG: Successfully loaded metadata with 0 versions INFO
[2025-12-31 19:08:10.761] 🐛 DEBUG: Found 0 versions in metadata: [] INFO
2025-12-31 19:08:10,761 - System.tprint - INFO - ℹ️ 🐛 DEBUG: Found 0 versions in metadata: [] INFO
[2025-12-31 19:08:10.761] 🐛 DEBUG: Found 0 versions in HDF5: [] INFO
2025-12-31 19:08:10,762 - System.tprint - INFO - ℹ️ 🐛 DEBUG: Found 0 versions in HDF5: [] INFO
[2025-12-31 19:08:10.763] 🐛 DEBUG: _load_metadata() checking versioned_artifacts/ETHUSDT_binance_15m_long_regime/metadata.json INFO
2025-12-31 19:08:10,763 - System.tprint - INFO - ℹ️ 🐛 DEBUG: _load_metadata() checking versioned_artifacts/ETHUSDT_binance_15m_long_regime/metadata.json INFO
[2025-12-31 19:08:10.763] 🐛 DEBUG: Metadata file exists, size: 200 bytes INFO
2025-12-31 19:08:10,763 - System.tprint - INFO - ℹ️ 🐛 DEBUG: Metadata file exists, size: 200 bytes INFO
[2025-12-31 19:08:10.763] 🐛 DEBUG: Successfully loaded metadata with 0 versions INFO
2025-12-31 19:08:10,763 - System.tprint - INFO - ℹ️ 🐛 DEBUG: Successfully loaded metadata with 0 versions INFO
[2025-12-31 19:08:10.763] 🐛 DEBUG: list_versions() called INFO
2025-12-31 19:08:10,763 - System.tprint - INFO - ℹ️ 🐛 DEBUG: list_versions() called INFO
[2025-12-31 19:08:10.763] 🐛 DEBUG: Metadata file exists: True INFO
2025-12-31 19:08:10,763 - System.tprint - INFO - ℹ️ 🐛 DEBUG: Metadata file exists: True INFO
[2025-12-31 19:08:10.763] 🐛 DEBUG: HDF5 file exists: True INFO
2025-12-31 19:08:10,763 - System.tprint - INFO - ℹ️ 🐛 DEBUG: HDF5 file exists: True INFO
[2025-12-31 19:08:10.763] 🐛 DEBUG: Reloading metadata to get latest versions INFO
2025-12-31 19:08:10,763 - System.tprint - INFO - ℹ️ 🐛 DEBUG: Reloading metadata to get latest versions INFO
[2025-12-31 19:08:10.763] 🐛 DEBUG: _load_metadata() checking versioned_artifacts/ETHUSDT_binance_15m_long_regime/metadata.json INFO
2025-12-31 19:08:10,763 - System.tprint - INFO - ℹ️ 🐛 DEBUG: _load_metadata() checking versioned_artifacts/ETHUSDT_binance_15m_long_regime/metadata.json INFO
[2025-12-31 19:08:10.763] 🐛 DEBUG: Metadata file exists, size: 200 bytes INFO
2025-12-31 19:08:10,764 - System.tprint - INFO - ℹ️ 🐛 DEBUG: Metadata file exists, size: 200 bytes INFO
[2025-12-31 19:08:10.764] 🐛 DEBUG: Successfully loaded metadata with 0 versions INFO
2025-12-31 19:08:10,764 - System.tprint - INFO - ℹ️ 🐛 DEBUG: Successfully loaded metadata with 0 versions INFO
[2025-12-31 19:08:10.764] 🐛 DEBUG: Found 0 versions in metadata: [] INFO
2025-12-31 19:08:10,764 - System.tprint - INFO - ℹ️ 🐛 DEBUG: Found 0 versions in metadata: [] INFO
[2025-12-31 19:08:10.764] 🐛 DEBUG: Found 0 versions in HDF5: [] INFO
2025-12-31 19:08:10,764 - System.tprint - INFO - ℹ️ 🐛 DEBUG: Found 0 versions in HDF5: [] INFO
[2025-12-31 19:08:10.765] 🐛 DEBUG: _load_metadata() checking versioned_artifacts/ETHUSDT_binance_1h_long_smc_regime/metadata.json INFO
2025-12-31 19:08:10,765 - System.tprint - INFO - ℹ️ 🐛 DEBUG: _load_metadata() checking versioned_artifacts/ETHUSDT_binance_1h_long_smc_regime/metadata.json INFO
[2025-12-31 19:08:10.765] 🐛 DEBUG: Metadata file exists, size: 3536 bytes INFO
2025-12-31 19:08:10,765 - System.tprint - INFO - ℹ️ 🐛 DEBUG: Metadata file exists, size: 3536 bytes INFO
[2025-12-31 19:08:10.765] 🐛 DEBUG: Successfully loaded metadata with 5 versions INFO
2025-12-31 19:08:10,765 - System.tprint - INFO - ℹ️ 🐛 DEBUG: Successfully loaded metadata with 5 versions INFO
[2025-12-31 19:08:10.765] 🐛 DEBUG: list_versions() called INFO
2025-12-31 19:08:10,766 - System.tprint - INFO - ℹ️ 🐛 DEBUG: list_versions() called INFO
[2025-12-31 19:08:10.765] 🐛 DEBUG: Metadata file exists: True INFO
2025-12-31 19:08:10,766 - System.tprint - INFO - ℹ️ 🐛 DEBUG: Metadata file exists: True INFO
[2025-12-31 19:08:10.765] 🐛 DEBUG: HDF5 file exists: True INFO
2025-12-31 19:08:10,766 - System.tprint - INFO - ℹ️ 🐛 DEBUG: HDF5 file exists: True INFO
[2025-12-31 19:08:10.765] 🐛 DEBUG: Reloading metadata to get latest versions INFO
2025-12-31 19:08:10,766 - System.tprint - INFO - ℹ️ 🐛 DEBUG: Reloading metadata to get latest versions INFO
[2025-12-31 19:08:10.765] 🐛 DEBUG: _load_metadata() checking versioned_artifacts/ETHUSDT_binance_1h_long_smc_regime/metadata.json INFO
2025-12-31 19:08:10,766 - System.tprint - INFO - ℹ️ 🐛 DEBUG: _load_metadata() checking versioned_artifacts/ETHUSDT_binance_1h_long_smc_regime/metadata.json INFO
[2025-12-31 19:08:10.765] 🐛 DEBUG: Metadata file exists, size: 3536 bytes INFO
2025-12-31 19:08:10,766 - System.tprint - INFO - ℹ️ 🐛 DEBUG: Metadata file exists, size: 3536 bytes INFO
[2025-12-31 19:08:10.766] 🐛 DEBUG: Successfully loaded metadata with 5 versions INFO
2025-12-31 19:08:10,766 - System.tprint - INFO - ℹ️ 🐛 DEBUG: Successfully loaded metadata with 5 versions INFO
[2025-12-31 19:08:10.766] 🐛 DEBUG: Found 5 versions in metadata: ['smc_predictions_with_confidence_20251124_233038_087', 'smc_predictions_with_confidence_20251125_001011_321', 'smc_predictions_with_confidence_20251125_001842_252', 'smc_predictions_with_confidence_20251126_003009_061', 'smc_predictions_with_confidence_20251126_003415_856'] INFO
2025-12-31 19:08:10,766 - System.tprint - INFO - ℹ️ 🐛 DEBUG: Found 5 versions in metadata: ['smc_predictions_with_confidence_20251124_233038_087', 'smc_predictions_with_confidence_20251125_001011_321', 'smc_predictions_with_confidence_20251125_001842_252', 'smc_predictions_with_confidence_20251126_003009_061', 'smc_predictions_with_confidence_20251126_003415_856'] INFO
[2025-12-31 19:08:10.766] 🐛 DEBUG: Found 5 versions in HDF5: ['smc_predictions_with_confidence_20251124_233038_087', 'smc_predictions_with_confidence_20251125_001011_321', 'smc_predictions_with_confidence_20251125_001842_252', 'smc_predictions_with_confidence_20251126_003009_061', 'smc_predictions_with_confidence_20251126_003415_856'] INFO
2025-12-31 19:08:10,767 - System.tprint - INFO - ℹ️ 🐛 DEBUG: Found 5 versions in HDF5: ['smc_predictions_with_confidence_20251124_233038_087', 'smc_predictions_with_confidence_20251125_001011_321', 'smc_predictions_with_confidence_20251125_001842_252', 'smc_predictions_with_confidence_20251126_003009_061', 'smc_predictions_with_confidence_20251126_003415_856'] INFO
[2025-12-31 19:08:10.768] 🐛 DEBUG: _load_metadata() checking versioned_artifacts/ETHUSDT_binance_15m_long_regime_path/metadata.json INFO
2025-12-31 19:08:10,768 - System.tprint - INFO - ℹ️ 🐛 DEBUG: _load_metadata() checking versioned_artifacts/ETHUSDT_binance_15m_long_regime_path/metadata.json INFO
[2025-12-31 19:08:10.768] 🐛 DEBUG: Metadata file exists, size: 200 bytes INFO
2025-12-31 19:08:10,768 - System.tprint - INFO - ℹ️ 🐛 DEBUG: Metadata file exists, size: 200 bytes INFO
[2025-12-31 19:08:10.769] 🐛 DEBUG: Successfully loaded metadata with 0 versions INFO
2025-12-31 19:08:10,769 - System.tprint - INFO - ℹ️ 🐛 DEBUG: Successfully loaded metadata with 0 versions INFO
[2025-12-31 19:08:10.769] 🐛 DEBUG: list_versions() called INFO
2025-12-31 19:08:10,769 - System.tprint - INFO - ℹ️ 🐛 DEBUG: list_versions() called INFO
[2025-12-31 19:08:10.769] 🐛 DEBUG: Metadata file exists: True INFO
2025-12-31 19:08:10,769 - System.tprint - INFO - ℹ️ 🐛 DEBUG: Metadata file exists: True INFO
[2025-12-31 19:08:10.769] 🐛 DEBUG: HDF5 file exists: True INFO
2025-12-31 19:08:10,769 - System.tprint - INFO - ℹ️ 🐛 DEBUG: HDF5 file exists: True INFO
[2025-12-31 19:08:10.769] 🐛 DEBUG: Reloading metadata to get latest versions INFO
2025-12-31 19:08:10,769 - System.tprint - INFO - ℹ️ 🐛 DEBUG: Reloading metadata to get latest versions INFO
[2025-12-31 19:08:10.769] 🐛 DEBUG: _load_metadata() checking versioned_artifacts/ETHUSDT_binance_15m_long_regime_path/metadata.json INFO
2025-12-31 19:08:10,770 - System.tprint - INFO - ℹ️ 🐛 DEBUG: _load_metadata() checking versioned_artifacts/ETHUSDT_binance_15m_long_regime_path/metadata.json INFO
[2025-12-31 19:08:10.770] 🐛 DEBUG: Metadata file exists, size: 200 bytes INFO
2025-12-31 19:08:10,770 - System.tprint - INFO - ℹ️ 🐛 DEBUG: Metadata file exists, size: 200 bytes INFO
[2025-12-31 19:08:10.770] 🐛 DEBUG: Successfully loaded metadata with 0 versions INFO
2025-12-31 19:08:10,770 - System.tprint - INFO - ℹ️ 🐛 DEBUG: Successfully loaded metadata with 0 versions INFO
[2025-12-31 19:08:10.770] 🐛 DEBUG: Found 0 versions in metadata: [] INFO
2025-12-31 19:08:10,770 - System.tprint - INFO - ℹ️ 🐛 DEBUG: Found 0 versions in metadata: [] INFO
[2025-12-31 19:08:10.771] 🐛 DEBUG: Found 0 versions in HDF5: [] INFO
2025-12-31 19:08:10,771 - System.tprint - INFO - ℹ️ 🐛 DEBUG: Found 0 versions in HDF5: [] INFO
[2025-12-31 19:08:10.771] 🐛 DEBUG: _load_metadata() checking versioned_artifacts/ETHUSDT_binance_1h_long_light/metadata.json INFO
2025-12-31 19:08:10,772 - System.tprint - INFO - ℹ️ 🐛 DEBUG: _load_metadata() checking versioned_artifacts/ETHUSDT_binance_1h_long_light/metadata.json INFO
[2025-12-31 19:08:10.771] 🐛 DEBUG: Metadata file exists, size: 139 bytes INFO
2025-12-31 19:08:10,772 - System.tprint - INFO - ℹ️ 🐛 DEBUG: Metadata file exists, size: 139 bytes INFO
[2025-12-31 19:08:10.772] 🐛 DEBUG: Successfully loaded metadata with 0 versions INFO
2025-12-31 19:08:10,772 - System.tprint - INFO - ℹ️ 🐛 DEBUG: Successfully loaded metadata with 0 versions INFO
[2025-12-31 19:08:10.772] 🐛 DEBUG: list_versions() called INFO
2025-12-31 19:08:10,772 - System.tprint - INFO - ℹ️ 🐛 DEBUG: list_versions() called INFO
[2025-12-31 19:08:10.772] 🐛 DEBUG: Metadata file exists: True INFO
2025-12-31 19:08:10,772 - System.tprint - INFO - ℹ️ 🐛 DEBUG: Metadata file exists: True INFO
[2025-12-31 19:08:10.772] 🐛 DEBUG: HDF5 file exists: True INFO
2025-12-31 19:08:10,772 - System.tprint - INFO - ℹ️ 🐛 DEBUG: HDF5 file exists: True INFO
[2025-12-31 19:08:10.772] 🐛 DEBUG: Reloading metadata to get latest versions INFO
2025-12-31 19:08:10,772 - System.tprint - INFO - ℹ️ 🐛 DEBUG: Reloading metadata to get latest versions INFO
[2025-12-31 19:08:10.772] 🐛 DEBUG: _load_metadata() checking versioned_artifacts/ETHUSDT_binance_1h_long_light/metadata.json INFO
2025-12-31 19:08:10,773 - System.tprint - INFO - ℹ️ 🐛 DEBUG: _load_metadata() checking versioned_artifacts/ETHUSDT_binance_1h_long_light/metadata.json INFO
[2025-12-31 19:08:10.772] 🐛 DEBUG: Metadata file exists, size: 139 bytes INFO
2025-12-31 19:08:10,773 - System.tprint - INFO - ℹ️ 🐛 DEBUG: Metadata file exists, size: 139 bytes INFO
[2025-12-31 19:08:10.772] 🐛 DEBUG: Successfully loaded metadata with 0 versions INFO
2025-12-31 19:08:10,773 - System.tprint - INFO - ℹ️ 🐛 DEBUG: Successfully loaded metadata with 0 versions INFO
[2025-12-31 19:08:10.772] 🐛 DEBUG: Found 0 versions in metadata: [] INFO
2025-12-31 19:08:10,773 - System.tprint - INFO - ℹ️ 🐛 DEBUG: Found 0 versions in metadata: [] INFO
[2025-12-31 19:08:10.773] 🐛 DEBUG: Found 0 versions in HDF5: [] INFO
2025-12-31 19:08:10,773 - System.tprint - INFO - ℹ️ 🐛 DEBUG: Found 0 versions in HDF5: [] INFO
[2025-12-31 19:08:10.773] 🐛 DEBUG: _load_metadata() checking versioned_artifacts/ETHUSDT_binance_15m_long_light/metadata.json INFO
2025-12-31 19:08:10,774 - System.tprint - INFO - ℹ️ 🐛 DEBUG: _load_metadata() checking versioned_artifacts/ETHUSDT_binance_15m_long_light/metadata.json INFO
[2025-12-31 19:08:10.773] 🐛 DEBUG: Metadata file exists, size: 1538 bytes INFO
2025-12-31 19:08:10,774 - System.tprint - INFO - ℹ️ 🐛 DEBUG: Metadata file exists, size: 1538 bytes INFO
[2025-12-31 19:08:10.774] 🐛 DEBUG: Successfully loaded metadata with 3 versions INFO
2025-12-31 19:08:10,774 - System.tprint - INFO - ℹ️ 🐛 DEBUG: Successfully loaded metadata with 3 versions INFO
[2025-12-31 19:08:10.774] 🐛 DEBUG: list_versions() called INFO
2025-12-31 19:08:10,774 - System.tprint - INFO - ℹ️ 🐛 DEBUG: list_versions() called INFO
[2025-12-31 19:08:10.774] 🐛 DEBUG: Metadata file exists: True INFO
2025-12-31 19:08:10,775 - System.tprint - INFO - ℹ️ 🐛 DEBUG: Metadata file exists: True INFO
[2025-12-31 19:08:10.774] 🐛 DEBUG: HDF5 file exists: True INFO
2025-12-31 19:08:10,775 - System.tprint - INFO - ℹ️ 🐛 DEBUG: HDF5 file exists: True INFO
[2025-12-31 19:08:10.774] 🐛 DEBUG: Reloading metadata to get latest versions INFO
2025-12-31 19:08:10,775 - System.tprint - INFO - ℹ️ 🐛 DEBUG: Reloading metadata to get latest versions INFO
[2025-12-31 19:08:10.774] 🐛 DEBUG: _load_metadata() checking versioned_artifacts/ETHUSDT_binance_15m_long_light/metadata.json INFO
2025-12-31 19:08:10,775 - System.tprint - INFO - ℹ️ 🐛 DEBUG: _load_metadata() checking versioned_artifacts/ETHUSDT_binance_15m_long_light/metadata.json INFO
[2025-12-31 19:08:10.774] 🐛 DEBUG: Metadata file exists, size: 1538 bytes INFO
2025-12-31 19:08:10,775 - System.tprint - INFO - ℹ️ 🐛 DEBUG: Metadata file exists, size: 1538 bytes INFO
[2025-12-31 19:08:10.774] 🐛 DEBUG: Successfully loaded metadata with 3 versions INFO
2025-12-31 19:08:10,775 - System.tprint - INFO - ℹ️ 🐛 DEBUG: Successfully loaded metadata with 3 versions INFO
[2025-12-31 19:08:10.774] 🐛 DEBUG: Found 3 versions in metadata: ['selected_features_60_20251109_191448_625', 'selected_features_50_20251109_191448_653', 'selected_features_40_20251109_191448_677'] INFO
2025-12-31 19:08:10,775 - System.tprint - INFO - ℹ️ 🐛 DEBUG: Found 3 versions in metadata: ['selected_features_60_20251109_191448_625', 'selected_features_50_20251109_191448_653', 'selected_features_40_20251109_191448_677'] INFO
[2025-12-31 19:08:10.776] 🐛 DEBUG: Found 3 versions in HDF5: ['selected_features_40_20251109_191448_677', 'selected_features_50_20251109_191448_653', 'selected_features_60_20251109_191448_625'] INFO
2025-12-31 19:08:10,776 - System.tprint - INFO - ℹ️ 🐛 DEBUG: Found 3 versions in HDF5: ['selected_features_40_20251109_191448_677', 'selected_features_50_20251109_191448_653', 'selected_features_60_20251109_191448_625'] INFO
[2025-12-31 19:08:10.776] 🐛 DEBUG: _load_metadata() checking versioned_artifacts/ETHUSDT_binance_15m_long_regime_macro_trend/metadata.json INFO
2025-12-31 19:08:10,777 - System.tprint - INFO - ℹ️ 🐛 DEBUG: _load_metadata() checking versioned_artifacts/ETHUSDT_binance_15m_long_regime_macro_trend/metadata.json INFO
[2025-12-31 19:08:10.776] 🐛 DEBUG: Metadata file exists, size: 5567 bytes INFO
2025-12-31 19:08:10,777 - System.tprint - INFO - ℹ️ 🐛 DEBUG: Metadata file exists, size: 5567 bytes INFO
[2025-12-31 19:08:10.777] 🐛 DEBUG: Successfully loaded metadata with 2 versions INFO
2025-12-31 19:08:10,777 - System.tprint - INFO - ℹ️ 🐛 DEBUG: Successfully loaded metadata with 2 versions INFO
[2025-12-31 19:08:10.777] 🐛 DEBUG: list_versions() called INFO
2025-12-31 19:08:10,777 - System.tprint - INFO - ℹ️ 🐛 DEBUG: list_versions() called INFO
[2025-12-31 19:08:10.777] 🐛 DEBUG: Metadata file exists: True INFO
2025-12-31 19:08:10,777 - System.tprint - INFO - ℹ️ 🐛 DEBUG: Metadata file exists: True INFO
[2025-12-31 19:08:10.777] 🐛 DEBUG: HDF5 file exists: True INFO
2025-12-31 19:08:10,777 - System.tprint - INFO - ℹ️ 🐛 DEBUG: HDF5 file exists: True INFO
[2025-12-31 19:08:10.777] 🐛 DEBUG: Reloading metadata to get latest versions INFO
2025-12-31 19:08:10,778 - System.tprint - INFO - ℹ️ 🐛 DEBUG: Reloading metadata to get latest versions INFO
[2025-12-31 19:08:10.777] 🐛 DEBUG: _load_metadata() checking versioned_artifacts/ETHUSDT_binance_15m_long_regime_macro_trend/metadata.json INFO
2025-12-31 19:08:10,778 - System.tprint - INFO - ℹ️ 🐛 DEBUG: _load_metadata() checking versioned_artifacts/ETHUSDT_binance_15m_long_regime_macro_trend/metadata.json INFO
[2025-12-31 19:08:10.777] 🐛 DEBUG: Metadata file exists, size: 5567 bytes INFO
2025-12-31 19:08:10,778 - System.tprint - INFO - ℹ️ 🐛 DEBUG: Metadata file exists, size: 5567 bytes INFO
[2025-12-31 19:08:10.777] 🐛 DEBUG: Successfully loaded metadata with 2 versions INFO
2025-12-31 19:08:10,778 - System.tprint - INFO - ℹ️ 🐛 DEBUG: Successfully loaded metadata with 2 versions INFO
[2025-12-31 19:08:10.777] 🐛 DEBUG: Found 2 versions in metadata: ['hmm_macro_trend_training_data_15m_20251213_170722_611', 'hmm_macro_trend_regime_stats_15m_20251213_170725_853'] INFO
2025-12-31 19:08:10,778 - System.tprint - INFO - ℹ️ 🐛 DEBUG: Found 2 versions in metadata: ['hmm_macro_trend_training_data_15m_20251213_170722_611', 'hmm_macro_trend_regime_stats_15m_20251213_170725_853'] INFO
[2025-12-31 19:08:10.779] 🐛 DEBUG: Found 2 versions in HDF5: ['hmm_macro_trend_regime_stats_15m_20251213_170725_853', 'hmm_macro_trend_training_data_15m_20251213_170722_611'] INFO
2025-12-31 19:08:10,779 - System.tprint - INFO - ℹ️ 🐛 DEBUG: Found 2 versions in HDF5: ['hmm_macro_trend_regime_stats_15m_20251213_170725_853', 'hmm_macro_trend_training_data_15m_20251213_170722_611'] INFO
[2025-12-31 19:08:10.779] 🐛 DEBUG: _load_metadata() checking versioned_artifacts/ETHUSDT_binance_1h_long_full/metadata.json INFO
2025-12-31 19:08:10,780 - System.tprint - INFO - ℹ️ 🐛 DEBUG: _load_metadata() checking versioned_artifacts/ETHUSDT_binance_1h_long_full/metadata.json INFO
[2025-12-31 19:08:10.779] 🐛 DEBUG: Metadata file exists, size: 139 bytes INFO
2025-12-31 19:08:10,780 - System.tprint - INFO - ℹ️ 🐛 DEBUG: Metadata file exists, size: 139 bytes INFO
[2025-12-31 19:08:10.779] 🐛 DEBUG: Successfully loaded metadata with 0 versions INFO
2025-12-31 19:08:10,780 - System.tprint - INFO - ℹ️ 🐛 DEBUG: Successfully loaded metadata with 0 versions INFO
[2025-12-31 19:08:10.779] 🐛 DEBUG: list_versions() called INFO
2025-12-31 19:08:10,780 - System.tprint - INFO - ℹ️ 🐛 DEBUG: list_versions() called INFO
[2025-12-31 19:08:10.780] 🐛 DEBUG: Metadata file exists: True INFO
2025-12-31 19:08:10,780 - System.tprint - INFO - ℹ️ 🐛 DEBUG: Metadata file exists: True INFO
[2025-12-31 19:08:10.780] 🐛 DEBUG: HDF5 file exists: True INFO
2025-12-31 19:08:10,780 - System.tprint - INFO - ℹ️ 🐛 DEBUG: HDF5 file exists: True INFO
[2025-12-31 19:08:10.780] 🐛 DEBUG: Reloading metadata to get latest versions INFO
2025-12-31 19:08:10,780 - System.tprint - INFO - ℹ️ 🐛 DEBUG: Reloading metadata to get latest versions INFO
[2025-12-31 19:08:10.780] 🐛 DEBUG: _load_metadata() checking versioned_artifacts/ETHUSDT_binance_1h_long_full/metadata.json INFO
2025-12-31 19:08:10,780 - System.tprint - INFO - ℹ️ 🐛 DEBUG: _load_metadata() checking versioned_artifacts/ETHUSDT_binance_1h_long_full/metadata.json INFO
[2025-12-31 19:08:10.780] 🐛 DEBUG: Metadata file exists, size: 139 bytes INFO
2025-12-31 19:08:10,780 - System.tprint - INFO - ℹ️ 🐛 DEBUG: Metadata file exists, size: 139 bytes INFO
[2025-12-31 19:08:10.780] 🐛 DEBUG: Successfully loaded metadata with 0 versions INFO
2025-12-31 19:08:10,780 - System.tprint - INFO - ℹ️ 🐛 DEBUG: Successfully loaded metadata with 0 versions INFO
[2025-12-31 19:08:10.780] 🐛 DEBUG: Found 0 versions in metadata: [] INFO
2025-12-31 19:08:10,781 - System.tprint - INFO - ℹ️ 🐛 DEBUG: Found 0 versions in metadata: [] INFO
[2025-12-31 19:08:10.780] 🐛 DEBUG: Found 0 versions in HDF5: [] INFO
2025-12-31 19:08:10,781 - System.tprint - INFO - ℹ️ 🐛 DEBUG: Found 0 versions in HDF5: [] INFO
[2025-12-31 19:08:10.781] 🐛 DEBUG: _load_metadata() checking versioned_artifacts/ETHUSDT_binance_15m_short_mean_reversion/metadata.json INFO
2025-12-31 19:08:10,781 - System.tprint - INFO - ℹ️ 🐛 DEBUG: _load_metadata() checking versioned_artifacts/ETHUSDT_binance_15m_short_mean_reversion/metadata.json INFO
[2025-12-31 19:08:10.781] 🐛 DEBUG: Metadata file exists, size: 139 bytes INFO
2025-12-31 19:08:10,781 - System.tprint - INFO - ℹ️ 🐛 DEBUG: Metadata file exists, size: 139 bytes INFO
[2025-12-31 19:08:10.781] 🐛 DEBUG: Successfully loaded metadata with 0 versions INFO
2025-12-31 19:08:10,782 - System.tprint - INFO - ℹ️ 🐛 DEBUG: Successfully loaded metadata with 0 versions INFO
[2025-12-31 19:08:10.781] 🐛 DEBUG: list_versions() called INFO
2025-12-31 19:08:10,782 - System.tprint - INFO - ℹ️ 🐛 DEBUG: list_versions() called INFO
[2025-12-31 19:08:10.781] 🐛 DEBUG: Metadata file exists: True INFO
2025-12-31 19:08:10,782 - System.tprint - INFO - ℹ️ 🐛 DEBUG: Metadata file exists: True INFO
[2025-12-31 19:08:10.781] 🐛 DEBUG: HDF5 file exists: True INFO
2025-12-31 19:08:10,782 - System.tprint - INFO - ℹ️ 🐛 DEBUG: HDF5 file exists: True INFO
[2025-12-31 19:08:10.781] 🐛 DEBUG: Reloading metadata to get latest versions INFO
2025-12-31 19:08:10,782 - System.tprint - INFO - ℹ️ 🐛 DEBUG: Reloading metadata to get latest versions INFO
[2025-12-31 19:08:10.781] 🐛 DEBUG: _load_metadata() checking versioned_artifacts/ETHUSDT_binance_15m_short_mean_reversion/metadata.json INFO
2025-12-31 19:08:10,782 - System.tprint - INFO - ℹ️ 🐛 DEBUG: _load_metadata() checking versioned_artifacts/ETHUSDT_binance_15m_short_mean_reversion/metadata.json INFO
[2025-12-31 19:08:10.781] 🐛 DEBUG: Metadata file exists, size: 139 bytes INFO
2025-12-31 19:08:10,782 - System.tprint - INFO - ℹ️ 🐛 DEBUG: Metadata file exists, size: 139 bytes INFO
[2025-12-31 19:08:10.781] 🐛 DEBUG: Successfully loaded metadata with 0 versions INFO
2025-12-31 19:08:10,782 - System.tprint - INFO - ℹ️ 🐛 DEBUG: Successfully loaded metadata with 0 versions INFO
[2025-12-31 19:08:10.781] 🐛 DEBUG: Found 0 versions in metadata: [] INFO
2025-12-31 19:08:10,782 - System.tprint - INFO - ℹ️ 🐛 DEBUG: Found 0 versions in metadata: [] INFO
[2025-12-31 19:08:10.783] 🐛 DEBUG: Found 0 versions in HDF5: [] INFO
2025-12-31 19:08:10,783 - System.tprint - INFO - ℹ️ 🐛 DEBUG: Found 0 versions in HDF5: [] INFO
[2025-12-31 19:08:10.783] 🐛 DEBUG: _load_metadata() checking versioned_artifacts/ETHUSDT_binance_1h_long_regime_risk_hmm/metadata.json INFO
2025-12-31 19:08:10,784 - System.tprint - INFO - ℹ️ 🐛 DEBUG: _load_metadata() checking versioned_artifacts/ETHUSDT_binance_1h_long_regime_risk_hmm/metadata.json INFO
[2025-12-31 19:08:10.783] 🐛 DEBUG: Metadata file exists, size: 139 bytes INFO
2025-12-31 19:08:10,784 - System.tprint - INFO - ℹ️ 🐛 DEBUG: Metadata file exists, size: 139 bytes INFO
[2025-12-31 19:08:10.783] 🐛 DEBUG: Successfully loaded metadata with 0 versions INFO
2025-12-31 19:08:10,784 - System.tprint - INFO - ℹ️ 🐛 DEBUG: Successfully loaded metadata with 0 versions INFO
[2025-12-31 19:08:10.783] 🐛 DEBUG: list_versions() called INFO
2025-12-31 19:08:10,784 - System.tprint - INFO - ℹ️ 🐛 DEBUG: list_versions() called INFO
[2025-12-31 19:08:10.783] 🐛 DEBUG: Metadata file exists: True INFO
2025-12-31 19:08:10,784 - System.tprint - INFO - ℹ️ 🐛 DEBUG: Metadata file exists: True INFO
[2025-12-31 19:08:10.784] 🐛 DEBUG: HDF5 file exists: True INFO
2025-12-31 19:08:10,784 - System.tprint - INFO - ℹ️ 🐛 DEBUG: HDF5 file exists: True INFO
[2025-12-31 19:08:10.784] 🐛 DEBUG: Reloading metadata to get latest versions INFO
2025-12-31 19:08:10,784 - System.tprint - INFO - ℹ️ 🐛 DEBUG: Reloading metadata to get latest versions INFO
[2025-12-31 19:08:10.784] 🐛 DEBUG: _load_metadata() checking versioned_artifacts/ETHUSDT_binance_1h_long_regime_risk_hmm/metadata.json INFO
2025-12-31 19:08:10,784 - System.tprint - INFO - ℹ️ 🐛 DEBUG: _load_metadata() checking versioned_artifacts/ETHUSDT_binance_1h_long_regime_risk_hmm/metadata.json INFO
[2025-12-31 19:08:10.784] 🐛 DEBUG: Metadata file exists, size: 139 bytes INFO
2025-12-31 19:08:10,784 - System.tprint - INFO - ℹ️ 🐛 DEBUG: Metadata file exists, size: 139 bytes INFO
[2025-12-31 19:08:10.784] 🐛 DEBUG: Successfully loaded metadata with 0 versions INFO
2025-12-31 19:08:10,784 - System.tprint - INFO - ℹ️ 🐛 DEBUG: Successfully loaded metadata with 0 versions INFO
[2025-12-31 19:08:10.784] 🐛 DEBUG: Found 0 versions in metadata: [] INFO
2025-12-31 19:08:10,784 - System.tprint - INFO - ℹ️ 🐛 DEBUG: Found 0 versions in metadata: [] INFO
[2025-12-31 19:08:10.784] 🐛 DEBUG: Found 0 versions in HDF5: [] INFO
2025-12-31 19:08:10,785 - System.tprint - INFO - ℹ️ 🐛 DEBUG: Found 0 versions in HDF5: [] INFO
[2025-12-31 19:08:10.786] 🐛 DEBUG: _load_metadata() checking versioned_artifacts/ETHUSDT_binance_1h_long_regime_risk/metadata.json INFO
2025-12-31 19:08:10,786 - System.tprint - INFO - ℹ️ 🐛 DEBUG: _load_metadata() checking versioned_artifacts/ETHUSDT_binance_1h_long_regime_risk/metadata.json INFO
[2025-12-31 19:08:10.786] 🐛 DEBUG: Metadata file exists, size: 139 bytes INFO
2025-12-31 19:08:10,786 - System.tprint - INFO - ℹ️ 🐛 DEBUG: Metadata file exists, size: 139 bytes INFO
[2025-12-31 19:08:10.787] 🐛 DEBUG: Successfully loaded metadata with 0 versions INFO
2025-12-31 19:08:10,787 - System.tprint - INFO - ℹ️ 🐛 DEBUG: Successfully loaded metadata with 0 versions INFO
[2025-12-31 19:08:10.787] 🐛 DEBUG: list_versions() called INFO
2025-12-31 19:08:10,787 - System.tprint - INFO - ℹ️ 🐛 DEBUG: list_versions() called INFO
[2025-12-31 19:08:10.787] 🐛 DEBUG: Metadata file exists: True INFO
2025-12-31 19:08:10,787 - System.tprint - INFO - ℹ️ 🐛 DEBUG: Metadata file exists: True INFO
[2025-12-31 19:08:10.787] 🐛 DEBUG: HDF5 file exists: True INFO
2025-12-31 19:08:10,787 - System.tprint - INFO - ℹ️ 🐛 DEBUG: HDF5 file exists: True INFO
[2025-12-31 19:08:10.787] 🐛 DEBUG: Reloading metadata to get latest versions INFO
2025-12-31 19:08:10,787 - System.tprint - INFO - ℹ️ 🐛 DEBUG: Reloading metadata to get latest versions INFO
[2025-12-31 19:08:10.787] 🐛 DEBUG: _load_metadata() checking versioned_artifacts/ETHUSDT_binance_1h_long_regime_risk/metadata.json INFO
2025-12-31 19:08:10,787 - System.tprint - INFO - ℹ️ 🐛 DEBUG: _load_metadata() checking versioned_artifacts/ETHUSDT_binance_1h_long_regime_risk/metadata.json INFO
[2025-12-31 19:08:10.787] 🐛 DEBUG: Metadata file exists, size: 139 bytes INFO
2025-12-31 19:08:10,788 - System.tprint - INFO - ℹ️ 🐛 DEBUG: Metadata file exists, size: 139 bytes INFO
[2025-12-31 19:08:10.787] 🐛 DEBUG: Successfully loaded metadata with 0 versions INFO
2025-12-31 19:08:10,788 - System.tprint - INFO - ℹ️ 🐛 DEBUG: Successfully loaded metadata with 0 versions INFO
[2025-12-31 19:08:10.788] 🐛 DEBUG: Found 0 versions in metadata: [] INFO
2025-12-31 19:08:10,788 - System.tprint - INFO - ℹ️ 🐛 DEBUG: Found 0 versions in metadata: [] INFO
[2025-12-31 19:08:10.788] 🐛 DEBUG: Found 0 versions in HDF5: [] INFO
2025-12-31 19:08:10,789 - System.tprint - INFO - ℹ️ 🐛 DEBUG: Found 0 versions in HDF5: [] INFO
[2025-12-31 19:08:10.789] 🐛 DEBUG: _load_metadata() checking versioned_artifacts/ETHUSDT_binance_1h_long_blank/metadata.json INFO
2025-12-31 19:08:10,789 - System.tprint - INFO - ℹ️ 🐛 DEBUG: _load_metadata() checking versioned_artifacts/ETHUSDT_binance_1h_long_blank/metadata.json INFO
[2025-12-31 19:08:10.789] 🐛 DEBUG: Metadata file exists, size: 139 bytes INFO
2025-12-31 19:08:10,789 - System.tprint - INFO - ℹ️ 🐛 DEBUG: Metadata file exists, size: 139 bytes INFO
[2025-12-31 19:08:10.789] 🐛 DEBUG: Successfully loaded metadata with 0 versions INFO
2025-12-31 19:08:10,790 - System.tprint - INFO - ℹ️ 🐛 DEBUG: Successfully loaded metadata with 0 versions INFO
[2025-12-31 19:08:10.789] 🐛 DEBUG: list_versions() called INFO
2025-12-31 19:08:10,790 - System.tprint - INFO - ℹ️ 🐛 DEBUG: list_versions() called INFO
[2025-12-31 19:08:10.789] 🐛 DEBUG: Metadata file exists: True INFO
2025-12-31 19:08:10,790 - System.tprint - INFO - ℹ️ 🐛 DEBUG: Metadata file exists: True INFO
[2025-12-31 19:08:10.789] 🐛 DEBUG: HDF5 file exists: True INFO
2025-12-31 19:08:10,790 - System.tprint - INFO - ℹ️ 🐛 DEBUG: HDF5 file exists: True INFO
[2025-12-31 19:08:10.789] 🐛 DEBUG: Reloading metadata to get latest versions INFO
2025-12-31 19:08:10,790 - System.tprint - INFO - ℹ️ 🐛 DEBUG: Reloading metadata to get latest versions INFO
[2025-12-31 19:08:10.789] 🐛 DEBUG: _load_metadata() checking versioned_artifacts/ETHUSDT_binance_1h_long_blank/metadata.json INFO
2025-12-31 19:08:10,790 - System.tprint - INFO - ℹ️ 🐛 DEBUG: _load_metadata() checking versioned_artifacts/ETHUSDT_binance_1h_long_blank/metadata.json INFO
[2025-12-31 19:08:10.789] 🐛 DEBUG: Metadata file exists, size: 139 bytes INFO
2025-12-31 19:08:10,790 - System.tprint - INFO - ℹ️ 🐛 DEBUG: Metadata file exists, size: 139 bytes INFO
[2025-12-31 19:08:10.789] 🐛 DEBUG: Successfully loaded metadata with 0 versions INFO
2025-12-31 19:08:10,790 - System.tprint - INFO - ℹ️ 🐛 DEBUG: Successfully loaded metadata with 0 versions INFO
[2025-12-31 19:08:10.790] 🐛 DEBUG: Found 0 versions in metadata: [] INFO
2025-12-31 19:08:10,790 - System.tprint - INFO - ℹ️ 🐛 DEBUG: Found 0 versions in metadata: [] INFO
[2025-12-31 19:08:10.790] 🐛 DEBUG: Found 0 versions in HDF5: [] INFO
2025-12-31 19:08:10,791 - System.tprint - INFO - ℹ️ 🐛 DEBUG: Found 0 versions in HDF5: [] INFO
[2025-12-31 19:08:10.792] 🐛 DEBUG: _load_metadata() checking versioned_artifacts/ETHUSDT_binance_15m_long_regime_mr_trend/metadata.json INFO
2025-12-31 19:08:10,792 - System.tprint - INFO - ℹ️ 🐛 DEBUG: _load_metadata() checking versioned_artifacts/ETHUSDT_binance_15m_long_regime_mr_trend/metadata.json INFO
[2025-12-31 19:08:10.792] 🐛 DEBUG: Metadata file exists, size: 139 bytes INFO
2025-12-31 19:08:10,792 - System.tprint - INFO - ℹ️ 🐛 DEBUG: Metadata file exists, size: 139 bytes INFO
[2025-12-31 19:08:10.792] 🐛 DEBUG: Successfully loaded metadata with 0 versions INFO
2025-12-31 19:08:10,792 - System.tprint - INFO - ℹ️ 🐛 DEBUG: Successfully loaded metadata with 0 versions INFO
[2025-12-31 19:08:10.792] 🐛 DEBUG: list_versions() called INFO
2025-12-31 19:08:10,792 - System.tprint - INFO - ℹ️ 🐛 DEBUG: list_versions() called INFO
[2025-12-31 19:08:10.792] 🐛 DEBUG: Metadata file exists: True INFO
2025-12-31 19:08:10,792 - System.tprint - INFO - ℹ️ 🐛 DEBUG: Metadata file exists: True INFO
[2025-12-31 19:08:10.792] 🐛 DEBUG: HDF5 file exists: True INFO
2025-12-31 19:08:10,792 - System.tprint - INFO - ℹ️ 🐛 DEBUG: HDF5 file exists: True INFO
[2025-12-31 19:08:10.792] 🐛 DEBUG: Reloading metadata to get latest versions INFO
2025-12-31 19:08:10,792 - System.tprint - INFO - ℹ️ 🐛 DEBUG: Reloading metadata to get latest versions INFO
[2025-12-31 19:08:10.792] 🐛 DEBUG: _load_metadata() checking versioned_artifacts/ETHUSDT_binance_15m_long_regime_mr_trend/metadata.json INFO
2025-12-31 19:08:10,792 - System.tprint - INFO - ℹ️ 🐛 DEBUG: _load_metadata() checking versioned_artifacts/ETHUSDT_binance_15m_long_regime_mr_trend/metadata.json INFO
[2025-12-31 19:08:10.792] 🐛 DEBUG: Metadata file exists, size: 139 bytes INFO
2025-12-31 19:08:10,792 - System.tprint - INFO - ℹ️ 🐛 DEBUG: Metadata file exists, size: 139 bytes INFO
[2025-12-31 19:08:10.792] 🐛 DEBUG: Successfully loaded metadata with 0 versions INFO
2025-12-31 19:08:10,792 - System.tprint - INFO - ℹ️ 🐛 DEBUG: Successfully loaded metadata with 0 versions INFO
[2025-12-31 19:08:10.792] 🐛 DEBUG: Found 0 versions in metadata: [] INFO
2025-12-31 19:08:10,793 - System.tprint - INFO - ℹ️ 🐛 DEBUG: Found 0 versions in metadata: [] INFO
[2025-12-31 19:08:10.793] 🐛 DEBUG: Found 0 versions in HDF5: [] INFO
2025-12-31 19:08:10,793 - System.tprint - INFO - ℹ️ 🐛 DEBUG: Found 0 versions in HDF5: [] INFO
[2025-12-31 19:08:10.793] 🐛 DEBUG: _load_metadata() checking versioned_artifacts/ETHUSDT_binance_15m_long_regime_risk_hmm/metadata.json INFO
2025-12-31 19:08:10,793 - System.tprint - INFO - ℹ️ 🐛 DEBUG: _load_metadata() checking versioned_artifacts/ETHUSDT_binance_15m_long_regime_risk_hmm/metadata.json INFO
[2025-12-31 19:08:10.793] 🐛 DEBUG: Metadata file exists, size: 1035 bytes INFO
2025-12-31 19:08:10,793 - System.tprint - INFO - ℹ️ 🐛 DEBUG: Metadata file exists, size: 1035 bytes INFO
[2025-12-31 19:08:10.793] 🐛 DEBUG: Successfully loaded metadata with 1 versions INFO
2025-12-31 19:08:10,794 - System.tprint - INFO - ℹ️ 🐛 DEBUG: Successfully loaded metadata with 1 versions INFO
[2025-12-31 19:08:10.793] 🐛 DEBUG: list_versions() called INFO
2025-12-31 19:08:10,794 - System.tprint - INFO - ℹ️ 🐛 DEBUG: list_versions() called INFO
[2025-12-31 19:08:10.794] 🐛 DEBUG: Metadata file exists: True INFO
2025-12-31 19:08:10,794 - System.tprint - INFO - ℹ️ 🐛 DEBUG: Metadata file exists: True INFO
[2025-12-31 19:08:10.794] 🐛 DEBUG: HDF5 file exists: True INFO
2025-12-31 19:08:10,794 - System.tprint - INFO - ℹ️ 🐛 DEBUG: HDF5 file exists: True INFO
[2025-12-31 19:08:10.794] 🐛 DEBUG: Reloading metadata to get latest versions INFO
2025-12-31 19:08:10,794 - System.tprint - INFO - ℹ️ 🐛 DEBUG: Reloading metadata to get latest versions INFO
[2025-12-31 19:08:10.794] 🐛 DEBUG: _load_metadata() checking versioned_artifacts/ETHUSDT_binance_15m_long_regime_risk_hmm/metadata.json INFO
2025-12-31 19:08:10,794 - System.tprint - INFO - ℹ️ 🐛 DEBUG: _load_metadata() checking versioned_artifacts/ETHUSDT_binance_15m_long_regime_risk_hmm/metadata.json INFO
[2025-12-31 19:08:10.794] 🐛 DEBUG: Metadata file exists, size: 1035 bytes INFO
2025-12-31 19:08:10,794 - System.tprint - INFO - ℹ️ 🐛 DEBUG: Metadata file exists, size: 1035 bytes INFO
[2025-12-31 19:08:10.794] 🐛 DEBUG: Successfully loaded metadata with 1 versions INFO
2025-12-31 19:08:10,794 - System.tprint - INFO - ℹ️ 🐛 DEBUG: Successfully loaded metadata with 1 versions INFO
[2025-12-31 19:08:10.794] 🐛 DEBUG: Found 1 versions in metadata: ['ml_risk_hmm_training_data_15m_20251205_191725_560'] INFO
2025-12-31 19:08:10,794 - System.tprint - INFO - ℹ️ 🐛 DEBUG: Found 1 versions in metadata: ['ml_risk_hmm_training_data_15m_20251205_191725_560'] INFO
[2025-12-31 19:08:10.795] 🐛 DEBUG: Found 1 versions in HDF5: ['ml_risk_hmm_training_data_15m_20251205_191725_560'] INFO
2025-12-31 19:08:10,795 - System.tprint - INFO - ℹ️ 🐛 DEBUG: Found 1 versions in HDF5: ['ml_risk_hmm_training_data_15m_20251205_191725_560'] INFO
[2025-12-31 19:08:10.795] 🐛 DEBUG: _load_metadata() checking versioned_artifacts/ETHUSDT_binance_15m_long_analyst/metadata.json INFO
2025-12-31 19:08:10,796 - System.tprint - INFO - ℹ️ 🐛 DEBUG: _load_metadata() checking versioned_artifacts/ETHUSDT_binance_15m_long_analyst/metadata.json INFO
[2025-12-31 19:08:10.795] 🐛 DEBUG: Metadata file exists, size: 24005 bytes INFO
2025-12-31 19:08:10,796 - System.tprint - INFO - ℹ️ 🐛 DEBUG: Metadata file exists, size: 24005 bytes INFO
[2025-12-31 19:08:10.796] 🐛 DEBUG: Successfully loaded metadata with 8 versions INFO
2025-12-31 19:08:10,796 - System.tprint - INFO - ℹ️ 🐛 DEBUG: Successfully loaded metadata with 8 versions INFO
[2025-12-31 19:08:10.796] 🐛 DEBUG: list_versions() called INFO
2025-12-31 19:08:10,796 - System.tprint - INFO - ℹ️ 🐛 DEBUG: list_versions() called INFO
[2025-12-31 19:08:10.796] 🐛 DEBUG: Metadata file exists: True INFO
2025-12-31 19:08:10,796 - System.tprint - INFO - ℹ️ 🐛 DEBUG: Metadata file exists: True INFO
[2025-12-31 19:08:10.796] 🐛 DEBUG: HDF5 file exists: True INFO
2025-12-31 19:08:10,796 - System.tprint - INFO - ℹ️ 🐛 DEBUG: HDF5 file exists: True INFO
[2025-12-31 19:08:10.796] 🐛 DEBUG: Reloading metadata to get latest versions INFO
2025-12-31 19:08:10,796 - System.tprint - INFO - ℹ️ 🐛 DEBUG: Reloading metadata to get latest versions INFO
[2025-12-31 19:08:10.796] 🐛 DEBUG: _load_metadata() checking versioned_artifacts/ETHUSDT_binance_15m_long_analyst/metadata.json INFO
2025-12-31 19:08:10,796 - System.tprint - INFO - ℹ️ 🐛 DEBUG: _load_metadata() checking versioned_artifacts/ETHUSDT_binance_15m_long_analyst/metadata.json INFO
[2025-12-31 19:08:10.796] 🐛 DEBUG: Metadata file exists, size: 24005 bytes INFO
2025-12-31 19:08:10,796 - System.tprint - INFO - ℹ️ 🐛 DEBUG: Metadata file exists, size: 24005 bytes INFO
[2025-12-31 19:08:10.796] 🐛 DEBUG: Successfully loaded metadata with 8 versions INFO
2025-12-31 19:08:10,797 - System.tprint - INFO - ℹ️ 🐛 DEBUG: Successfully loaded metadata with 8 versions INFO
[2025-12-31 19:08:10.796] 🐛 DEBUG: Found 8 versions in metadata: ['weighted_meta_model_training_matrix_ETHUSDT_binance_15m_long_20251214_184321_623', 'labeled_data_ETHUSDT_binance_15m_long_20251214_220950_753', 'labeled_data_ETHUSDT_binance_15m_long_20251214_224631_542', 'labeled_data_ETHUSDT_binance_15m_long_20251214_233640_586', 'labeled_data_ETHUSDT_binance_15m_long_20251214_235041_562', 'labeled_data_ETHUSDT_15m_20251219_235959_715', 'labeled_data_ETHUSDT_15m_20251220_000301_152', 'labeled_data_ETHUSDT_15m_20251220_000738_204'] INFO
2025-12-31 19:08:10,797 - System.tprint - INFO - ℹ️ 🐛 DEBUG: Found 8 versions in metadata: ['weighted_meta_model_training_matrix_ETHUSDT_binance_15m_long_20251214_184321_623', 'labeled_data_ETHUSDT_binance_15m_long_20251214_220950_753', 'labeled_data_ETHUSDT_binance_15m_long_20251214_224631_542', 'labeled_data_ETHUSDT_binance_15m_long_20251214_233640_586', 'labeled_data_ETHUSDT_binance_15m_long_20251214_235041_562', 'labeled_data_ETHUSDT_15m_20251219_235959_715', 'labeled_data_ETHUSDT_15m_20251220_000301_152', 'labeled_data_ETHUSDT_15m_20251220_000738_204'] INFO
[2025-12-31 19:08:10.798] 🐛 DEBUG: Found 8 versions in HDF5: ['labeled_data_ETHUSDT_15m_20251219_235959_715', 'labeled_data_ETHUSDT_15m_20251220_000301_152', 'labeled_data_ETHUSDT_15m_20251220_000738_204', 'labeled_data_ETHUSDT_binance_15m_long_20251214_220950_753', 'labeled_data_ETHUSDT_binance_15m_long_20251214_224631_542', 'labeled_data_ETHUSDT_binance_15m_long_20251214_233640_586', 'labeled_data_ETHUSDT_binance_15m_long_20251214_235041_562', 'weighted_meta_model_training_matrix_ETHUSDT_binance_15m_long_20251214_184321_623'] INFO
2025-12-31 19:08:10,798 - System.tprint - INFO - ℹ️ 🐛 DEBUG: Found 8 versions in HDF5: ['labeled_data_ETHUSDT_15m_20251219_235959_715', 'labeled_data_ETHUSDT_15m_20251220_000301_152', 'labeled_data_ETHUSDT_15m_20251220_000738_204', 'labeled_data_ETHUSDT_binance_15m_long_20251214_220950_753', 'labeled_data_ETHUSDT_binance_15m_long_20251214_224631_542', 'labeled_data_ETHUSDT_binance_15m_long_20251214_233640_586', 'labeled_data_ETHUSDT_binance_15m_long_20251214_235041_562', 'weighted_meta_model_training_matrix_ETHUSDT_binance_15m_long_20251214_184321_623'] INFO
[2025-12-31 19:08:10.798] 🐛 DEBUG: _load_metadata() checking versioned_artifacts/ETHUSDT_binance_1h_long_regime_macro_trend/metadata.json INFO
2025-12-31 19:08:10,798 - System.tprint - INFO - ℹ️ 🐛 DEBUG: _load_metadata() checking versioned_artifacts/ETHUSDT_binance_1h_long_regime_macro_trend/metadata.json INFO
[2025-12-31 19:08:10.798] 🐛 DEBUG: Metadata file exists, size: 17432 bytes INFO
2025-12-31 19:08:10,798 - System.tprint - INFO - ℹ️ 🐛 DEBUG: Metadata file exists, size: 17432 bytes INFO
[2025-12-31 19:08:10.798] 🐛 DEBUG: Successfully loaded metadata with 5 versions INFO
2025-12-31 19:08:10,799 - System.tprint - INFO - ℹ️ 🐛 DEBUG: Successfully loaded metadata with 5 versions INFO
[2025-12-31 19:08:10.799] 🐛 DEBUG: list_versions() called INFO
2025-12-31 19:08:10,799 - System.tprint - INFO - ℹ️ 🐛 DEBUG: list_versions() called INFO
[2025-12-31 19:08:10.799] 🐛 DEBUG: Metadata file exists: True INFO
2025-12-31 19:08:10,799 - System.tprint - INFO - ℹ️ 🐛 DEBUG: Metadata file exists: True INFO
[2025-12-31 19:08:10.799] 🐛 DEBUG: HDF5 file exists: True INFO
2025-12-31 19:08:10,799 - System.tprint - INFO - ℹ️ 🐛 DEBUG: HDF5 file exists: True INFO
[2025-12-31 19:08:10.799] 🐛 DEBUG: Reloading metadata to get latest versions INFO
2025-12-31 19:08:10,799 - System.tprint - INFO - ℹ️ 🐛 DEBUG: Reloading metadata to get latest versions INFO
[2025-12-31 19:08:10.799] 🐛 DEBUG: _load_metadata() checking versioned_artifacts/ETHUSDT_binance_1h_long_regime_macro_trend/metadata.json INFO
2025-12-31 19:08:10,799 - System.tprint - INFO - ℹ️ 🐛 DEBUG: _load_metadata() checking versioned_artifacts/ETHUSDT_binance_1h_long_regime_macro_trend/metadata.json INFO
[2025-12-31 19:08:10.799] 🐛 DEBUG: Metadata file exists, size: 17432 bytes INFO
2025-12-31 19:08:10,799 - System.tprint - INFO - ℹ️ 🐛 DEBUG: Metadata file exists, size: 17432 bytes INFO
[2025-12-31 19:08:10.799] 🐛 DEBUG: Successfully loaded metadata with 5 versions INFO
2025-12-31 19:08:10,799 - System.tprint - INFO - ℹ️ 🐛 DEBUG: Successfully loaded metadata with 5 versions INFO
[2025-12-31 19:08:10.799] 🐛 DEBUG: Found 5 versions in metadata: ['hmm_macro_trend_regime_quality_1h_20251204_224507_427', 'hmm_macro_trend_regime_quality_1h_20251204_225044_960', 'hmm_macro_trend_regime_quality_1h_20251205_183537_791', 'hmm_macro_trend_regime_quality_1h_20251205_191709_242', 'hmm_macro_trend_regime_quality_1h_20251213_170722_488'] INFO
2025-12-31 19:08:10,799 - System.tprint - INFO - ℹ️ 🐛 DEBUG: Found 5 versions in metadata: ['hmm_macro_trend_regime_quality_1h_20251204_224507_427', 'hmm_macro_trend_regime_quality_1h_20251204_225044_960', 'hmm_macro_trend_regime_quality_1h_20251205_183537_791', 'hmm_macro_trend_regime_quality_1h_20251205_191709_242', 'hmm_macro_trend_regime_quality_1h_20251213_170722_488'] INFO
[2025-12-31 19:08:10.800] 🐛 DEBUG: Found 5 versions in HDF5: ['hmm_macro_trend_regime_quality_1h_20251204_224507_427', 'hmm_macro_trend_regime_quality_1h_20251204_225044_960', 'hmm_macro_trend_regime_quality_1h_20251205_183537_791', 'hmm_macro_trend_regime_quality_1h_20251205_191709_242', 'hmm_macro_trend_regime_quality_1h_20251213_170722_488'] INFO
2025-12-31 19:08:10,800 - System.tprint - INFO - ℹ️ 🐛 DEBUG: Found 5 versions in HDF5: ['hmm_macro_trend_regime_quality_1h_20251204_224507_427', 'hmm_macro_trend_regime_quality_1h_20251204_225044_960', 'hmm_macro_trend_regime_quality_1h_20251205_183537_791', 'hmm_macro_trend_regime_quality_1h_20251205_191709_242', 'hmm_macro_trend_regime_quality_1h_20251213_170722_488'] INFO
[2025-12-31 19:08:10.800] 🐛 DEBUG: _load_metadata() checking versioned_artifacts/ETHUSDT_binance_1h_long_regime/metadata.json INFO
2025-12-31 19:08:10,801 - System.tprint - INFO - ℹ️ 🐛 DEBUG: _load_metadata() checking versioned_artifacts/ETHUSDT_binance_1h_long_regime/metadata.json INFO
[2025-12-31 19:08:10.800] 🐛 DEBUG: Metadata file exists, size: 3249 bytes INFO
2025-12-31 19:08:10,801 - System.tprint - INFO - ℹ️ 🐛 DEBUG: Metadata file exists, size: 3249 bytes INFO
[2025-12-31 19:08:10.800] 🐛 DEBUG: Successfully loaded metadata with 5 versions INFO
2025-12-31 19:08:10,801 - System.tprint - INFO - ℹ️ 🐛 DEBUG: Successfully loaded metadata with 5 versions INFO
[2025-12-31 19:08:10.801] 🐛 DEBUG: list_versions() called INFO
2025-12-31 19:08:10,801 - System.tprint - INFO - ℹ️ 🐛 DEBUG: list_versions() called INFO
[2025-12-31 19:08:10.801] 🐛 DEBUG: Metadata file exists: True INFO
2025-12-31 19:08:10,801 - System.tprint - INFO - ℹ️ 🐛 DEBUG: Metadata file exists: True INFO
[2025-12-31 19:08:10.801] 🐛 DEBUG: HDF5 file exists: True INFO
2025-12-31 19:08:10,802 - System.tprint - INFO - ℹ️ 🐛 DEBUG: HDF5 file exists: True INFO
[2025-12-31 19:08:10.801] 🐛 DEBUG: Reloading metadata to get latest versions INFO
2025-12-31 19:08:10,802 - System.tprint - INFO - ℹ️ 🐛 DEBUG: Reloading metadata to get latest versions INFO
[2025-12-31 19:08:10.801] 🐛 DEBUG: _load_metadata() checking versioned_artifacts/ETHUSDT_binance_1h_long_regime/metadata.json INFO
2025-12-31 19:08:10,802 - System.tprint - INFO - ℹ️ 🐛 DEBUG: _load_metadata() checking versioned_artifacts/ETHUSDT_binance_1h_long_regime/metadata.json INFO
[2025-12-31 19:08:10.801] 🐛 DEBUG: Metadata file exists, size: 3249 bytes INFO
2025-12-31 19:08:10,802 - System.tprint - INFO - ℹ️ 🐛 DEBUG: Metadata file exists, size: 3249 bytes INFO
[2025-12-31 19:08:10.803] 🐛 DEBUG: Successfully loaded metadata with 5 versions INFO
2025-12-31 19:08:10,803 - System.tprint - INFO - ℹ️ 🐛 DEBUG: Successfully loaded metadata with 5 versions INFO
[2025-12-31 19:08:10.803] 🐛 DEBUG: Found 5 versions in metadata: ['rolling_hmm_regime_confidence_features_20251122_003448_094', 'rolling_hmm_economic_features_20251122_003448_124', 'rolling_hmm_regime_labels_20251122_003448_165', 'rolling_hmm_regime_probabilities_20251122_003448_178', 'rolling_hmm_transition_matrix_20251122_003448_193'] INFO
2025-12-31 19:08:10,803 - System.tprint - INFO - ℹ️ 🐛 DEBUG: Found 5 versions in metadata: ['rolling_hmm_regime_confidence_features_20251122_003448_094', 'rolling_hmm_economic_features_20251122_003448_124', 'rolling_hmm_regime_labels_20251122_003448_165', 'rolling_hmm_regime_probabilities_20251122_003448_178', 'rolling_hmm_transition_matrix_20251122_003448_193'] INFO
[2025-12-31 19:08:10.805] 🐛 DEBUG: Found 5 versions in HDF5: ['rolling_hmm_economic_features_20251122_003448_124', 'rolling_hmm_regime_confidence_features_20251122_003448_094', 'rolling_hmm_regime_labels_20251122_003448_165', 'rolling_hmm_regime_probabilities_20251122_003448_178', 'rolling_hmm_transition_matrix_20251122_003448_193'] INFO
2025-12-31 19:08:10,805 - System.tprint - INFO - ℹ️ 🐛 DEBUG: Found 5 versions in HDF5: ['rolling_hmm_economic_features_20251122_003448_124', 'rolling_hmm_regime_confidence_features_20251122_003448_094', 'rolling_hmm_regime_labels_20251122_003448_165', 'rolling_hmm_regime_probabilities_20251122_003448_178', 'rolling_hmm_transition_matrix_20251122_003448_193'] INFO
[2025-12-31 19:08:10.805] 🐛 DEBUG: _load_metadata() checking versioned_artifacts/ETHUSDT_binance_15m_long_blank/metadata.json INFO
2025-12-31 19:08:10,806 - System.tprint - INFO - ℹ️ 🐛 DEBUG: _load_metadata() checking versioned_artifacts/ETHUSDT_binance_15m_long_blank/metadata.json INFO
[2025-12-31 19:08:10.805] 🐛 DEBUG: Metadata file exists, size: 139 bytes INFO
2025-12-31 19:08:10,806 - System.tprint - INFO - ℹ️ 🐛 DEBUG: Metadata file exists, size: 139 bytes INFO
[2025-12-31 19:08:10.806] 🐛 DEBUG: Successfully loaded metadata with 0 versions INFO
2025-12-31 19:08:10,806 - System.tprint - INFO - ℹ️ 🐛 DEBUG: Successfully loaded metadata with 0 versions INFO
[2025-12-31 19:08:10.806] 🐛 DEBUG: list_versions() called INFO
2025-12-31 19:08:10,806 - System.tprint - INFO - ℹ️ 🐛 DEBUG: list_versions() called INFO
[2025-12-31 19:08:10.806] 🐛 DEBUG: Metadata file exists: True INFO
2025-12-31 19:08:10,806 - System.tprint - INFO - ℹ️ 🐛 DEBUG: Metadata file exists: True INFO
[2025-12-31 19:08:10.806] 🐛 DEBUG: HDF5 file exists: True INFO
2025-12-31 19:08:10,806 - System.tprint - INFO - ℹ️ 🐛 DEBUG: HDF5 file exists: True INFO
[2025-12-31 19:08:10.806] 🐛 DEBUG: Reloading metadata to get latest versions INFO
2025-12-31 19:08:10,806 - System.tprint - INFO - ℹ️ 🐛 DEBUG: Reloading metadata to get latest versions INFO
[2025-12-31 19:08:10.806] 🐛 DEBUG: _load_metadata() checking versioned_artifacts/ETHUSDT_binance_15m_long_blank/metadata.json INFO
2025-12-31 19:08:10,806 - System.tprint - INFO - ℹ️ 🐛 DEBUG: _load_metadata() checking versioned_artifacts/ETHUSDT_binance_15m_long_blank/metadata.json INFO
[2025-12-31 19:08:10.806] 🐛 DEBUG: Metadata file exists, size: 139 bytes INFO
2025-12-31 19:08:10,806 - System.tprint - INFO - ℹ️ 🐛 DEBUG: Metadata file exists, size: 139 bytes INFO
[2025-12-31 19:08:10.806] 🐛 DEBUG: Successfully loaded metadata with 0 versions INFO
2025-12-31 19:08:10,807 - System.tprint - INFO - ℹ️ 🐛 DEBUG: Successfully loaded metadata with 0 versions INFO
[2025-12-31 19:08:10.806] 🐛 DEBUG: Found 0 versions in metadata: [] INFO
2025-12-31 19:08:10,807 - System.tprint - INFO - ℹ️ 🐛 DEBUG: Found 0 versions in metadata: [] INFO
[2025-12-31 19:08:10.807] 🐛 DEBUG: Found 0 versions in HDF5: [] INFO
2025-12-31 19:08:10,807 - System.tprint - INFO - ℹ️ 🐛 DEBUG: Found 0 versions in HDF5: [] INFO
[2025-12-31 19:08:10.807] 🐛 DEBUG: _load_metadata() checking versioned_artifacts/ETHUSDT_binance_15m_long_regime_alpha/metadata.json INFO
2025-12-31 19:08:10,808 - System.tprint - INFO - ℹ️ 🐛 DEBUG: _load_metadata() checking versioned_artifacts/ETHUSDT_binance_15m_long_regime_alpha/metadata.json INFO
[2025-12-31 19:08:10.807] 🐛 DEBUG: Metadata file exists, size: 139 bytes INFO
2025-12-31 19:08:10,808 - System.tprint - INFO - ℹ️ 🐛 DEBUG: Metadata file exists, size: 139 bytes INFO
[2025-12-31 19:08:10.807] 🐛 DEBUG: Successfully loaded metadata with 0 versions INFO
2025-12-31 19:08:10,808 - System.tprint - INFO - ℹ️ 🐛 DEBUG: Successfully loaded metadata with 0 versions INFO
[2025-12-31 19:08:10.807] 🐛 DEBUG: list_versions() called INFO
2025-12-31 19:08:10,808 - System.tprint - INFO - ℹ️ 🐛 DEBUG: list_versions() called INFO
[2025-12-31 19:08:10.808] 🐛 DEBUG: Metadata file exists: True INFO
2025-12-31 19:08:10,808 - System.tprint - INFO - ℹ️ 🐛 DEBUG: Metadata file exists: True INFO
[2025-12-31 19:08:10.808] 🐛 DEBUG: HDF5 file exists: True INFO
2025-12-31 19:08:10,808 - System.tprint - INFO - ℹ️ 🐛 DEBUG: HDF5 file exists: True INFO
[2025-12-31 19:08:10.808] 🐛 DEBUG: Reloading metadata to get latest versions INFO
2025-12-31 19:08:10,808 - System.tprint - INFO - ℹ️ 🐛 DEBUG: Reloading metadata to get latest versions INFO
[2025-12-31 19:08:10.808] 🐛 DEBUG: _load_metadata() checking versioned_artifacts/ETHUSDT_binance_15m_long_regime_alpha/metadata.json INFO
2025-12-31 19:08:10,808 - System.tprint - INFO - ℹ️ 🐛 DEBUG: _load_metadata() checking versioned_artifacts/ETHUSDT_binance_15m_long_regime_alpha/metadata.json INFO
[2025-12-31 19:08:10.808] 🐛 DEBUG: Metadata file exists, size: 139 bytes INFO
2025-12-31 19:08:10,808 - System.tprint - INFO - ℹ️ 🐛 DEBUG: Metadata file exists, size: 139 bytes INFO
[2025-12-31 19:08:10.808] 🐛 DEBUG: Successfully loaded metadata with 0 versions INFO
2025-12-31 19:08:10,808 - System.tprint - INFO - ℹ️ 🐛 DEBUG: Successfully loaded metadata with 0 versions INFO
[2025-12-31 19:08:10.808] 🐛 DEBUG: Found 0 versions in metadata: [] INFO
2025-12-31 19:08:10,809 - System.tprint - INFO - ℹ️ 🐛 DEBUG: Found 0 versions in metadata: [] INFO
[2025-12-31 19:08:10.808] 🐛 DEBUG: Found 0 versions in HDF5: [] INFO
2025-12-31 19:08:10,809 - System.tprint - INFO - ℹ️ 🐛 DEBUG: Found 0 versions in HDF5: [] INFO
2025-12-31 19:08:10,809 - System.ArtifactManager - WARNING - ⚠️ Artifact not found: klines_data
2025-12-31 19:08:10,809 - System.ArtifactManager - INFO - ℹ️ 📁 Context set: step=meta_labeling_hpo_sample_weighted, symbol=None, exchange=None, timeframe=None, datetime=2025-12-31 19:08:10.683668, information=None, direction=long, model=Analyst
[2025-12-31 19:08:10.810] ⚠️ Artifact 'klines_data' not found in any storage | UNKNOWN/binance [15m] long/analyst
2025-12-31 19:08:10,810 - System.tprint - INFO - ℹ️ ⚠️ Artifact 'klines_data' not found in any storage | UNKNOWN/binance [15m] long/analyst
2025-12-31 19:08:10,810 - System.ArtifactManager - INFO - ℹ️ 📁 Context set: step=data_collection, symbol=ETHUSDT, exchange=binance, timeframe=15m, datetime=2025-12-31 18:08:10.810113, information=None, direction=long, model=Analyst
[2025-12-31 19:08:10.810] 📂 Retrieving artifact 'market_data' (type: data) | UNKNOWN/binance [15m] long/analyst
2025-12-31 19:08:10,810 - System.tprint - INFO - ℹ️ 📂 Retrieving artifact 'market_data' (type: data) | UNKNOWN/binance [15m] long/analyst
[2025-12-31 19:08:10.810] 🐛 DEBUG: _get_versioned_store() with store_key: UNKNOWN_binance_15m_long_analyst INFO
2025-12-31 19:08:10,810 - System.tprint - INFO - ℹ️ 🐛 DEBUG: _get_versioned_store() with store_key: UNKNOWN_binance_15m_long_analyst INFO
[2025-12-31 19:08:10.810] 🐛 DEBUG: Using existing cached store for UNKNOWN_binance_15m_long_analyst INFO
2025-12-31 19:08:10,810 - System.tprint - INFO - ℹ️ 🐛 DEBUG: Using existing cached store for UNKNOWN_binance_15m_long_analyst INFO
[2025-12-31 19:08:10.810] 🐛 DEBUG: get_statistics() called INFO
2025-12-31 19:08:10,810 - System.tprint - INFO - ℹ️ 🐛 DEBUG: get_statistics() called INFO
[2025-12-31 19:08:10.810] 🐛 DEBUG: Reloading metadata for statistics INFO
2025-12-31 19:08:10,810 - System.tprint - INFO - ℹ️ 🐛 DEBUG: Reloading metadata for statistics INFO
[2025-12-31 19:08:10.810] 🐛 DEBUG: _load_metadata() checking versioned_artifacts/UNKNOWN_binance_15m_long_analyst/metadata.json INFO
2025-12-31 19:08:10,810 - System.tprint - INFO - ℹ️ 🐛 DEBUG: _load_metadata() checking versioned_artifacts/UNKNOWN_binance_15m_long_analyst/metadata.json INFO
[2025-12-31 19:08:10.810] 🐛 DEBUG: Metadata file exists, size: 15351 bytes INFO
2025-12-31 19:08:10,810 - System.tprint - INFO - ℹ️ 🐛 DEBUG: Metadata file exists, size: 15351 bytes INFO
[2025-12-31 19:08:10.810] 🐛 DEBUG: Successfully loaded metadata with 5 versions INFO
2025-12-31 19:08:10,810 - System.tprint - INFO - ℹ️ 🐛 DEBUG: Successfully loaded metadata with 5 versions INFO
[2025-12-31 19:08:10.810] 🐛 DEBUG: Statistics - num_versions: 5 INFO
2025-12-31 19:08:10,810 - System.tprint - INFO - ℹ️ 🐛 DEBUG: Statistics - num_versions: 5 INFO
[2025-12-31 19:08:10.810] 🐛 DEBUG: Statistics - current_version: final_validation_metrics_20251116_161159_946 INFO
2025-12-31 19:08:10,811 - System.tprint - INFO - ℹ️ 🐛 DEBUG: Statistics - current_version: final_validation_metrics_20251116_161159_946 INFO
[2025-12-31 19:08:10.811] 🐛 DEBUG: Statistics - h5_file_size_mb: 280.5141086578369 INFO
2025-12-31 19:08:10,811 - System.tprint - INFO - ℹ️ 🐛 DEBUG: Statistics - h5_file_size_mb: 280.5141086578369 INFO
[2025-12-31 19:08:10.811] 🐛 DEBUG: Existing store statistics: {'store_path': 'versioned_artifacts/UNKNOWN_binance_15m_long_analyst', 'num_versions': 5, 'current_version': 'final_validation_metrics_20251116_161159_946', 'created_at': '2025-11-07T18:22:44.911801', 'h5_file_size_mb': 280.5141086578369, 'chunking': {'chunk_rows': 'auto', 'chunk_cols': 'auto'}, 'changelog': {'total_changes': 305, 'changes_by_type': {'add_data': 305}, 'top_versions': {'analyst_interaction_features_20251108_161950_019': 1, 'analyst_interaction_features_20251108_164300_578': 1, 'analyst_interaction_features_20251108_171945_952': 1, 'analyst_interaction_features_20251108_175314_530': 1, 'analyst_interaction_features_20251108_180922_905': 1, 'analyst_interaction_features_20251108_184752_938': 1, 'analyst_interaction_features_20251108_191026_801': 1, 'analyst_interaction_features_20251111_185727_726': 1, 'final_dataset_40_20251108_172617_791': 1, 'final_dataset_40_20251108_172829_013': 1}, 'time_range': {'earliest': '2025-11-07T18:27:00.789522', 'latest': '2025-11-24T21:16:51.681722'}}, 'row_versioning': {'total_rows_tracked': 0, 'total_versions': 0, 'average_versions_per_row': 0, 'most_versioned_rows': []}} INFO
2025-12-31 19:08:10,811 - System.tprint - INFO - ℹ️ 🐛 DEBUG: Existing store statistics: {'store_path': 'versioned_artifacts/UNKNOWN_binance_15m_long_analyst', 'num_versions': 5, 'current_version': 'final_validation_metrics_20251116_161159_946', 'created_at': '2025-11-07T18:22:44.911801', 'h5_file_size_mb': 280.5141086578369, 'chunking': {'chunk_rows': 'auto', 'chunk_cols': 'auto'}, 'changelog': {'total_changes': 305, 'changes_by_type': {'add_data': 305}, 'top_versions': {'analyst_interaction_features_20251108_161950_019': 1, 'analyst_interaction_features_20251108_164300_578': 1, 'analyst_interaction_features_20251108_171945_952': 1, 'analyst_interaction_features_20251108_175314_530': 1, 'analyst_interaction_features_20251108_180922_905': 1, 'analyst_interaction_features_20251108_184752_938': 1, 'analyst_interaction_features_20251108_191026_801': 1, 'analyst_interaction_features_20251111_185727_726': 1, 'final_dataset_40_20251108_172617_791': 1, 'final_dataset_40_20251108_172829_013': 1}, 'time_range': {'earliest': '2025-11-07T18:27:00.789522', 'latest': '2025-11-24T21:16:51.681722'}}, 'row_versioning': {'total_rows_tracked': 0, 'total_versions': 0, 'average_versions_per_row': 0, 'most_versioned_rows': []}} INFO
[2025-12-31 19:08:10.811] 🐛 DEBUG: list_versions() called INFO
2025-12-31 19:08:10,811 - System.tprint - INFO - ℹ️ 🐛 DEBUG: list_versions() called INFO
[2025-12-31 19:08:10.811] 🐛 DEBUG: Metadata file exists: True INFO
2025-12-31 19:08:10,811 - System.tprint - INFO - ℹ️ 🐛 DEBUG: Metadata file exists: True INFO
[2025-12-31 19:08:10.811] 🐛 DEBUG: HDF5 file exists: True INFO
2025-12-31 19:08:10,811 - System.tprint - INFO - ℹ️ 🐛 DEBUG: HDF5 file exists: True INFO
[2025-12-31 19:08:10.811] 🐛 DEBUG: Reloading metadata to get latest versions INFO
2025-12-31 19:08:10,812 - System.tprint - INFO - ℹ️ 🐛 DEBUG: Reloading metadata to get latest versions INFO
[2025-12-31 19:08:10.812] 🐛 DEBUG: _load_metadata() checking versioned_artifacts/UNKNOWN_binance_15m_long_analyst/metadata.json INFO
2025-12-31 19:08:10,812 - System.tprint - INFO - ℹ️ 🐛 DEBUG: _load_metadata() checking versioned_artifacts/UNKNOWN_binance_15m_long_analyst/metadata.json INFO
[2025-12-31 19:08:10.812] 🐛 DEBUG: Metadata file exists, size: 15351 bytes INFO
2025-12-31 19:08:10,812 - System.tprint - INFO - ℹ️ 🐛 DEBUG: Metadata file exists, size: 15351 bytes INFO
[2025-12-31 19:08:10.812] 🐛 DEBUG: Successfully loaded metadata with 5 versions INFO
2025-12-31 19:08:10,812 - System.tprint - INFO - ℹ️ 🐛 DEBUG: Successfully loaded metadata with 5 versions INFO
[2025-12-31 19:08:10.812] 🐛 DEBUG: Found 5 versions in metadata: ['final_dataset_60_20251116_161159_683', 'final_dataset_50_20251116_161159_720', 'final_dataset_40_20251116_161159_752', 'labeled_dataframe_20251116_161159_781', 'final_validation_metrics_20251116_161159_946'] INFO
2025-12-31 19:08:10,812 - System.tprint - INFO - ℹ️ 🐛 DEBUG: Found 5 versions in metadata: ['final_dataset_60_20251116_161159_683', 'final_dataset_50_20251116_161159_720', 'final_dataset_40_20251116_161159_752', 'labeled_dataframe_20251116_161159_781', 'final_validation_metrics_20251116_161159_946'] INFO
[2025-12-31 19:08:10.812] 🐛 DEBUG: Found 5 versions in HDF5: ['final_dataset_40_20251116_161159_752', 'final_dataset_50_20251116_161159_720', 'final_dataset_60_20251116_161159_683', 'final_validation_metrics_20251116_161159_946', 'labeled_dataframe_20251116_161159_781'] INFO
2025-12-31 19:08:10,812 - System.tprint - INFO - ℹ️ 🐛 DEBUG: Found 5 versions in HDF5: ['final_dataset_40_20251116_161159_752', 'final_dataset_50_20251116_161159_720', 'final_dataset_60_20251116_161159_683', 'final_validation_metrics_20251116_161159_946', 'labeled_dataframe_20251116_161159_781'] INFO
[2025-12-31 19:08:10.812] WARNING:   │  No matching versions in primary store
2025-12-31 19:08:10,812 - System.tprint - WARNING - ⚠️ │  No matching versions in primary store
[2025-12-31 19:08:10.812] 🐛 DEBUG: list_versions() called INFO
2025-12-31 19:08:10,813 - System.tprint - INFO - ℹ️ 🐛 DEBUG: list_versions() called INFO
[2025-12-31 19:08:10.812] 🐛 DEBUG: Metadata file exists: True INFO
2025-12-31 19:08:10,813 - System.tprint - INFO - ℹ️ 🐛 DEBUG: Metadata file exists: True INFO
[2025-12-31 19:08:10.813] 🐛 DEBUG: HDF5 file exists: True INFO
2025-12-31 19:08:10,813 - System.tprint - INFO - ℹ️ 🐛 DEBUG: HDF5 file exists: True INFO
[2025-12-31 19:08:10.813] 🐛 DEBUG: Reloading metadata to get latest versions INFO
2025-12-31 19:08:10,813 - System.tprint - INFO - ℹ️ 🐛 DEBUG: Reloading metadata to get latest versions INFO
[2025-12-31 19:08:10.813] 🐛 DEBUG: _load_metadata() checking versioned_artifacts/UNKNOWN_binance_15m_long_analyst/metadata.json INFO
2025-12-31 19:08:10,813 - System.tprint - INFO - ℹ️ 🐛 DEBUG: _load_metadata() checking versioned_artifacts/UNKNOWN_binance_15m_long_analyst/metadata.json INFO
[2025-12-31 19:08:10.813] 🐛 DEBUG: Metadata file exists, size: 15351 bytes INFO
2025-12-31 19:08:10,813 - System.tprint - INFO - ℹ️ 🐛 DEBUG: Metadata file exists, size: 15351 bytes INFO
[2025-12-31 19:08:10.813] 🐛 DEBUG: Successfully loaded metadata with 5 versions INFO
2025-12-31 19:08:10,813 - System.tprint - INFO - ℹ️ 🐛 DEBUG: Successfully loaded metadata with 5 versions INFO
[2025-12-31 19:08:10.813] 🐛 DEBUG: Found 5 versions in metadata: ['final_dataset_60_20251116_161159_683', 'final_dataset_50_20251116_161159_720', 'final_dataset_40_20251116_161159_752', 'labeled_dataframe_20251116_161159_781', 'final_validation_metrics_20251116_161159_946'] INFO
2025-12-31 19:08:10,813 - System.tprint - INFO - ℹ️ 🐛 DEBUG: Found 5 versions in metadata: ['final_dataset_60_20251116_161159_683', 'final_dataset_50_20251116_161159_720', 'final_dataset_40_20251116_161159_752', 'labeled_dataframe_20251116_161159_781', 'final_validation_metrics_20251116_161159_946'] INFO
[2025-12-31 19:08:10.813] 🐛 DEBUG: Found 5 versions in HDF5: ['final_dataset_40_20251116_161159_752', 'final_dataset_50_20251116_161159_720', 'final_dataset_60_20251116_161159_683', 'final_validation_metrics_20251116_161159_946', 'labeled_dataframe_20251116_161159_781'] INFO
2025-12-31 19:08:10,813 - System.tprint - INFO - ℹ️ 🐛 DEBUG: Found 5 versions in HDF5: ['final_dataset_40_20251116_161159_752', 'final_dataset_50_20251116_161159_720', 'final_dataset_60_20251116_161159_683', 'final_validation_metrics_20251116_161159_946', 'labeled_dataframe_20251116_161159_781'] INFO
[2025-12-31 19:08:10.813] WARNING:   │  ⚠️  Not found in any versioned store
2025-12-31 19:08:10,813 - System.tprint - WARNING - ⚠️ │  ⚠️  Not found in any versioned store
[2025-12-31 19:08:10.813] WARNING:   └─ Trying next storage method
2025-12-31 19:08:10,814 - System.tprint - WARNING - ⚠️ └─ Trying next storage method
[2025-12-31 19:08:10.813] ERROR: ┌──────────────────────────────────────────────────────────────────────────────┐
2025-12-31 19:08:10,814 - System.tprint - ERROR - ❌ ┌──────────────────────────────────────────────────────────────────────────────┐
[2025-12-31 19:08:10.814] ERROR: │  ❌ ARTIFACT ROUTER: LOAD FAILED - NOT FOUND                                │
2025-12-31 19:08:10,814 - System.tprint - ERROR - ❌ │  ❌ ARTIFACT ROUTER: LOAD FAILED - NOT FOUND                                │
[2025-12-31 19:08:10.814] ERROR: │  Artifact 'market_data' not found in any storage                        │ 
2025-12-31 19:08:10,814 - System.tprint - ERROR - ❌ │  Artifact 'market_data' not found in any storage                        │ 
[2025-12-31 19:08:10.814] ERROR: └──────────────────────────────────────────────────────────────────────────────┘
2025-12-31 19:08:10,814 - System.tprint - ERROR - ❌ └──────────────────────────────────────────────────────────────────────────────┘
2025-12-31 19:08:10,814 - ares.step.meta_labeling_hpo_sample_weighted - WARNING - ⚠️ Artifact 'market_data' not found via router, trying traditional manager
[2025-12-31 19:08:10.814] ⚠️ Trying fallback to traditional artifact manager | UNKNOWN/binance [15m] long/analyst
2025-12-31 19:08:10,814 - System.tprint - INFO - ℹ️ ⚠️ Trying fallback to traditional artifact manager | UNKNOWN/binance [15m] long/analyst
2025-12-31 19:08:10,814 - System.ArtifactManager - INFO - ℹ️ 📁 Context set: step=meta_labeling_hpo_sample_weighted, symbol=None, exchange=None, timeframe=15m, datetime=2025-12-31 19:08:10.683668, information=None, direction=long, model=Analyst
[2025-12-31 19:08:10.815] 🐛 DEBUG: _load_metadata() checking versioned_artifacts/UNKNOWN_binance_1h_long_analyst/metadata.json INFO
2025-12-31 19:08:10,815 - System.tprint - INFO - ℹ️ 🐛 DEBUG: _load_metadata() checking versioned_artifacts/UNKNOWN_binance_1h_long_analyst/metadata.json INFO
[2025-12-31 19:08:10.815] 🐛 DEBUG: Metadata file exists, size: 200 bytes INFO
2025-12-31 19:08:10,815 - System.tprint - INFO - ℹ️ 🐛 DEBUG: Metadata file exists, size: 200 bytes INFO
[2025-12-31 19:08:10.815] 🐛 DEBUG: Successfully loaded metadata with 0 versions INFO
2025-12-31 19:08:10,815 - System.tprint - INFO - ℹ️ 🐛 DEBUG: Successfully loaded metadata with 0 versions INFO
[2025-12-31 19:08:10.815] 🐛 DEBUG: list_versions() called INFO
2025-12-31 19:08:10,815 - System.tprint - INFO - ℹ️ 🐛 DEBUG: list_versions() called INFO
[2025-12-31 19:08:10.815] 🐛 DEBUG: Metadata file exists: True INFO
2025-12-31 19:08:10,815 - System.tprint - INFO - ℹ️ 🐛 DEBUG: Metadata file exists: True INFO
[2025-12-31 19:08:10.815] 🐛 DEBUG: HDF5 file exists: True INFO
2025-12-31 19:08:10,815 - System.tprint - INFO - ℹ️ 🐛 DEBUG: HDF5 file exists: True INFO
[2025-12-31 19:08:10.815] 🐛 DEBUG: Reloading metadata to get latest versions INFO
2025-12-31 19:08:10,815 - System.tprint - INFO - ℹ️ 🐛 DEBUG: Reloading metadata to get latest versions INFO
[2025-12-31 19:08:10.815] 🐛 DEBUG: _load_metadata() checking versioned_artifacts/UNKNOWN_binance_1h_long_analyst/metadata.json INFO
2025-12-31 19:08:10,815 - System.tprint - INFO - ℹ️ 🐛 DEBUG: _load_metadata() checking versioned_artifacts/UNKNOWN_binance_1h_long_analyst/metadata.json INFO
[2025-12-31 19:08:10.815] 🐛 DEBUG: Metadata file exists, size: 200 bytes INFO
2025-12-31 19:08:10,815 - System.tprint - INFO - ℹ️ 🐛 DEBUG: Metadata file exists, size: 200 bytes INFO
[2025-12-31 19:08:10.815] 🐛 DEBUG: Successfully loaded metadata with 0 versions INFO
2025-12-31 19:08:10,816 - System.tprint - INFO - ℹ️ 🐛 DEBUG: Successfully loaded metadata with 0 versions INFO
[2025-12-31 19:08:10.815] 🐛 DEBUG: Found 0 versions in metadata: [] INFO
2025-12-31 19:08:10,816 - System.tprint - INFO - ℹ️ 🐛 DEBUG: Found 0 versions in metadata: [] INFO
[2025-12-31 19:08:10.816] 🐛 DEBUG: Found 0 versions in HDF5: [] INFO
2025-12-31 19:08:10,816 - System.tprint - INFO - ℹ️ 🐛 DEBUG: Found 0 versions in HDF5: [] INFO
[2025-12-31 19:08:10.816] 🐛 DEBUG: _load_metadata() checking versioned_artifacts/UNKNOWN_binance_15m_long_analyst/metadata.json INFO
2025-12-31 19:08:10,816 - System.tprint - INFO - ℹ️ 🐛 DEBUG: _load_metadata() checking versioned_artifacts/UNKNOWN_binance_15m_long_analyst/metadata.json INFO
[2025-12-31 19:08:10.816] 🐛 DEBUG: Metadata file exists, size: 15351 bytes INFO
2025-12-31 19:08:10,816 - System.tprint - INFO - ℹ️ 🐛 DEBUG: Metadata file exists, size: 15351 bytes INFO
[2025-12-31 19:08:10.816] 🐛 DEBUG: Successfully loaded metadata with 5 versions INFO
2025-12-31 19:08:10,817 - System.tprint - INFO - ℹ️ 🐛 DEBUG: Successfully loaded metadata with 5 versions INFO
[2025-12-31 19:08:10.816] 🐛 DEBUG: list_versions() called INFO
2025-12-31 19:08:10,817 - System.tprint - INFO - ℹ️ 🐛 DEBUG: list_versions() called INFO
[2025-12-31 19:08:10.816] 🐛 DEBUG: Metadata file exists: True INFO
2025-12-31 19:08:10,817 - System.tprint - INFO - ℹ️ 🐛 DEBUG: Metadata file exists: True INFO
[2025-12-31 19:08:10.816] 🐛 DEBUG: HDF5 file exists: True INFO
2025-12-31 19:08:10,817 - System.tprint - INFO - ℹ️ 🐛 DEBUG: HDF5 file exists: True INFO
[2025-12-31 19:08:10.816] 🐛 DEBUG: Reloading metadata to get latest versions INFO
2025-12-31 19:08:10,817 - System.tprint - INFO - ℹ️ 🐛 DEBUG: Reloading metadata to get latest versions INFO
[2025-12-31 19:08:10.816] 🐛 DEBUG: _load_metadata() checking versioned_artifacts/UNKNOWN_binance_15m_long_analyst/metadata.json INFO
2025-12-31 19:08:10,817 - System.tprint - INFO - ℹ️ 🐛 DEBUG: _load_metadata() checking versioned_artifacts/UNKNOWN_binance_15m_long_analyst/metadata.json INFO
[2025-12-31 19:08:10.817] 🐛 DEBUG: Metadata file exists, size: 15351 bytes INFO
2025-12-31 19:08:10,817 - System.tprint - INFO - ℹ️ 🐛 DEBUG: Metadata file exists, size: 15351 bytes INFO
[2025-12-31 19:08:10.817] 🐛 DEBUG: Successfully loaded metadata with 5 versions INFO
2025-12-31 19:08:10,817 - System.tprint - INFO - ℹ️ 🐛 DEBUG: Successfully loaded metadata with 5 versions INFO
[2025-12-31 19:08:10.817] 🐛 DEBUG: Found 5 versions in metadata: ['final_dataset_60_20251116_161159_683', 'final_dataset_50_20251116_161159_720', 'final_dataset_40_20251116_161159_752', 'labeled_dataframe_20251116_161159_781', 'final_validation_metrics_20251116_161159_946'] INFO
2025-12-31 19:08:10,817 - System.tprint - INFO - ℹ️ 🐛 DEBUG: Found 5 versions in metadata: ['final_dataset_60_20251116_161159_683', 'final_dataset_50_20251116_161159_720', 'final_dataset_40_20251116_161159_752', 'labeled_dataframe_20251116_161159_781', 'final_validation_metrics_20251116_161159_946'] INFO
[2025-12-31 19:08:10.817] 🐛 DEBUG: Found 5 versions in HDF5: ['final_dataset_40_20251116_161159_752', 'final_dataset_50_20251116_161159_720', 'final_dataset_60_20251116_161159_683', 'final_validation_metrics_20251116_161159_946', 'labeled_dataframe_20251116_161159_781'] INFO
2025-12-31 19:08:10,817 - System.tprint - INFO - ℹ️ 🐛 DEBUG: Found 5 versions in HDF5: ['final_dataset_40_20251116_161159_752', 'final_dataset_50_20251116_161159_720', 'final_dataset_60_20251116_161159_683', 'final_validation_metrics_20251116_161159_946', 'labeled_dataframe_20251116_161159_781'] INFO
[2025-12-31 19:08:10.817] 🐛 DEBUG: _load_metadata() checking versioned_artifacts/ETHUSDT_binance_15m_long_sr_labeling_xgb/metadata.json INFO
2025-12-31 19:08:10,818 - System.tprint - INFO - ℹ️ 🐛 DEBUG: _load_metadata() checking versioned_artifacts/ETHUSDT_binance_15m_long_sr_labeling_xgb/metadata.json INFO
[2025-12-31 19:08:10.817] 🐛 DEBUG: Metadata file exists, size: 139 bytes INFO
2025-12-31 19:08:10,818 - System.tprint - INFO - ℹ️ 🐛 DEBUG: Metadata file exists, size: 139 bytes INFO
[2025-12-31 19:08:10.818] 🐛 DEBUG: Successfully loaded metadata with 0 versions INFO
2025-12-31 19:08:10,818 - System.tprint - INFO - ℹ️ 🐛 DEBUG: Successfully loaded metadata with 0 versions INFO
[2025-12-31 19:08:10.818] 🐛 DEBUG: list_versions() called INFO
2025-12-31 19:08:10,818 - System.tprint - INFO - ℹ️ 🐛 DEBUG: list_versions() called INFO
[2025-12-31 19:08:10.818] 🐛 DEBUG: Metadata file exists: True INFO
2025-12-31 19:08:10,818 - System.tprint - INFO - ℹ️ 🐛 DEBUG: Metadata file exists: True INFO
[2025-12-31 19:08:10.818] 🐛 DEBUG: HDF5 file exists: True INFO
2025-12-31 19:08:10,818 - System.tprint - INFO - ℹ️ 🐛 DEBUG: HDF5 file exists: True INFO
[2025-12-31 19:08:10.818] 🐛 DEBUG: Reloading metadata to get latest versions INFO
2025-12-31 19:08:10,818 - System.tprint - INFO - ℹ️ 🐛 DEBUG: Reloading metadata to get latest versions INFO
[2025-12-31 19:08:10.818] 🐛 DEBUG: _load_metadata() checking versioned_artifacts/ETHUSDT_binance_15m_long_sr_labeling_xgb/metadata.json INFO
2025-12-31 19:08:10,819 - System.tprint - INFO - ℹ️ 🐛 DEBUG: _load_metadata() checking versioned_artifacts/ETHUSDT_binance_15m_long_sr_labeling_xgb/metadata.json INFO
[2025-12-31 19:08:10.819] 🐛 DEBUG: Metadata file exists, size: 139 bytes INFO
2025-12-31 19:08:10,819 - System.tprint - INFO - ℹ️ 🐛 DEBUG: Metadata file exists, size: 139 bytes INFO
[2025-12-31 19:08:10.819] 🐛 DEBUG: Successfully loaded metadata with 0 versions INFO
2025-12-31 19:08:10,820 - System.tprint - INFO - ℹ️ 🐛 DEBUG: Successfully loaded metadata with 0 versions INFO
[2025-12-31 19:08:10.819] 🐛 DEBUG: Found 0 versions in metadata: [] INFO
2025-12-31 19:08:10,820 - System.tprint - INFO - ℹ️ 🐛 DEBUG: Found 0 versions in metadata: [] INFO
[2025-12-31 19:08:10.820] 🐛 DEBUG: Found 0 versions in HDF5: [] INFO
2025-12-31 19:08:10,820 - System.tprint - INFO - ℹ️ 🐛 DEBUG: Found 0 versions in HDF5: [] INFO
[2025-12-31 19:08:10.820] 🐛 DEBUG: _load_metadata() checking versioned_artifacts/ETHUSDT_binance_1h_long_breakout_bounce/metadata.json INFO
2025-12-31 19:08:10,821 - System.tprint - INFO - ℹ️ 🐛 DEBUG: _load_metadata() checking versioned_artifacts/ETHUSDT_binance_1h_long_breakout_bounce/metadata.json INFO
[2025-12-31 19:08:10.820] 🐛 DEBUG: Metadata file exists, size: 11462 bytes INFO
2025-12-31 19:08:10,821 - System.tprint - INFO - ℹ️ 🐛 DEBUG: Metadata file exists, size: 11462 bytes INFO
[2025-12-31 19:08:10.821] 🐛 DEBUG: Successfully loaded metadata with 5 versions INFO
2025-12-31 19:08:10,821 - System.tprint - INFO - ℹ️ 🐛 DEBUG: Successfully loaded metadata with 5 versions INFO
[2025-12-31 19:08:10.821] 🐛 DEBUG: list_versions() called INFO
2025-12-31 19:08:10,821 - System.tprint - INFO - ℹ️ 🐛 DEBUG: list_versions() called INFO
[2025-12-31 19:08:10.821] 🐛 DEBUG: Metadata file exists: True INFO
2025-12-31 19:08:10,821 - System.tprint - INFO - ℹ️ 🐛 DEBUG: Metadata file exists: True INFO
[2025-12-31 19:08:10.821] 🐛 DEBUG: HDF5 file exists: True INFO
2025-12-31 19:08:10,821 - System.tprint - INFO - ℹ️ 🐛 DEBUG: HDF5 file exists: True INFO
[2025-12-31 19:08:10.821] 🐛 DEBUG: Reloading metadata to get latest versions INFO
2025-12-31 19:08:10,822 - System.tprint - INFO - ℹ️ 🐛 DEBUG: Reloading metadata to get latest versions INFO
[2025-12-31 19:08:10.821] 🐛 DEBUG: _load_metadata() checking versioned_artifacts/ETHUSDT_binance_1h_long_breakout_bounce/metadata.json INFO
2025-12-31 19:08:10,822 - System.tprint - INFO - ℹ️ 🐛 DEBUG: _load_metadata() checking versioned_artifacts/ETHUSDT_binance_1h_long_breakout_bounce/metadata.json INFO
[2025-12-31 19:08:10.821] 🐛 DEBUG: Metadata file exists, size: 11462 bytes INFO
2025-12-31 19:08:10,822 - System.tprint - INFO - ℹ️ 🐛 DEBUG: Metadata file exists, size: 11462 bytes INFO
[2025-12-31 19:08:10.821] 🐛 DEBUG: Successfully loaded metadata with 5 versions INFO
2025-12-31 19:08:10,822 - System.tprint - INFO - ℹ️ 🐛 DEBUG: Successfully loaded metadata with 5 versions INFO
[2025-12-31 19:08:10.821] 🐛 DEBUG: Found 5 versions in metadata: ['ml_breakout_bounce_training_data_1h_20251123_144326_526', 'ml_breakout_bounce_training_data_1h_20251123_153924_083', 'ml_breakout_bounce_training_data_1h_20251123_160312_391', 'ml_breakout_bounce_training_data_1h_20251123_160800_355', 'ml_breakout_bounce_training_data_1h_20251123_162859_853'] INFO
2025-12-31 19:08:10,822 - System.tprint - INFO - ℹ️ 🐛 DEBUG: Found 5 versions in metadata: ['ml_breakout_bounce_training_data_1h_20251123_144326_526', 'ml_breakout_bounce_training_data_1h_20251123_153924_083', 'ml_breakout_bounce_training_data_1h_20251123_160312_391', 'ml_breakout_bounce_training_data_1h_20251123_160800_355', 'ml_breakout_bounce_training_data_1h_20251123_162859_853'] INFO
[2025-12-31 19:08:10.822] 🐛 DEBUG: Found 5 versions in HDF5: ['ml_breakout_bounce_training_data_1h_20251123_144326_526', 'ml_breakout_bounce_training_data_1h_20251123_153924_083', 'ml_breakout_bounce_training_data_1h_20251123_160312_391', 'ml_breakout_bounce_training_data_1h_20251123_160800_355', 'ml_breakout_bounce_training_data_1h_20251123_162859_853'] INFO
2025-12-31 19:08:10,822 - System.tprint - INFO - ℹ️ 🐛 DEBUG: Found 5 versions in HDF5: ['ml_breakout_bounce_training_data_1h_20251123_144326_526', 'ml_breakout_bounce_training_data_1h_20251123_153924_083', 'ml_breakout_bounce_training_data_1h_20251123_160312_391', 'ml_breakout_bounce_training_data_1h_20251123_160800_355', 'ml_breakout_bounce_training_data_1h_20251123_162859_853'] INFO
[2025-12-31 19:08:10.822] 🐛 DEBUG: _load_metadata() checking versioned_artifacts/ETHUSDT_binance_15m_long_liquidity_regime/metadata.json INFO
2025-12-31 19:08:10,823 - System.tprint - INFO - ℹ️ 🐛 DEBUG: _load_metadata() checking versioned_artifacts/ETHUSDT_binance_15m_long_liquidity_regime/metadata.json INFO
[2025-12-31 19:08:10.822] 🐛 DEBUG: Metadata file exists, size: 17282 bytes INFO
2025-12-31 19:08:10,823 - System.tprint - INFO - ℹ️ 🐛 DEBUG: Metadata file exists, size: 17282 bytes INFO
[2025-12-31 19:08:10.822] 🐛 DEBUG: Successfully loaded metadata with 6 versions INFO
2025-12-31 19:08:10,823 - System.tprint - INFO - ℹ️ 🐛 DEBUG: Successfully loaded metadata with 6 versions INFO
[2025-12-31 19:08:10.822] 🐛 DEBUG: list_versions() called INFO
2025-12-31 19:08:10,823 - System.tprint - INFO - ℹ️ 🐛 DEBUG: list_versions() called INFO
[2025-12-31 19:08:10.822] 🐛 DEBUG: Metadata file exists: True INFO
2025-12-31 19:08:10,823 - System.tprint - INFO - ℹ️ 🐛 DEBUG: Metadata file exists: True INFO
[2025-12-31 19:08:10.822] 🐛 DEBUG: HDF5 file exists: True INFO
2025-12-31 19:08:10,823 - System.tprint - INFO - ℹ️ 🐛 DEBUG: HDF5 file exists: True INFO
[2025-12-31 19:08:10.823] 🐛 DEBUG: Reloading metadata to get latest versions INFO
2025-12-31 19:08:10,823 - System.tprint - INFO - ℹ️ 🐛 DEBUG: Reloading metadata to get latest versions INFO
[2025-12-31 19:08:10.823] 🐛 DEBUG: _load_metadata() checking versioned_artifacts/ETHUSDT_binance_15m_long_liquidity_regime/metadata.json INFO
2025-12-31 19:08:10,823 - System.tprint - INFO - ℹ️ 🐛 DEBUG: _load_metadata() checking versioned_artifacts/ETHUSDT_binance_15m_long_liquidity_regime/metadata.json INFO
[2025-12-31 19:08:10.823] 🐛 DEBUG: Metadata file exists, size: 17282 bytes INFO
2025-12-31 19:08:10,823 - System.tprint - INFO - ℹ️ 🐛 DEBUG: Metadata file exists, size: 17282 bytes INFO
[2025-12-31 19:08:10.823] 🐛 DEBUG: Successfully loaded metadata with 6 versions INFO
2025-12-31 19:08:10,824 - System.tprint - INFO - ℹ️ 🐛 DEBUG: Successfully loaded metadata with 6 versions INFO
[2025-12-31 19:08:10.823] 🐛 DEBUG: Found 6 versions in metadata: ['ml_liquidity_regime_probs_15m_20251213_170827_692', 'ml_liquidity_training_data_15m_20251213_221548_209', 'ml_liquidity_regime_probs_15m_20251231_170726_502', 'ml_liquidity_training_data_15m_20251231_170859_400', 'ml_liquidity_regime_probs_15m_20251231_172132_488', 'ml_liquidity_training_data_15m_20251231_172224_742'] INFO
2025-12-31 19:08:10,824 - System.tprint - INFO - ℹ️ 🐛 DEBUG: Found 6 versions in metadata: ['ml_liquidity_regime_probs_15m_20251213_170827_692', 'ml_liquidity_training_data_15m_20251213_221548_209', 'ml_liquidity_regime_probs_15m_20251231_170726_502', 'ml_liquidity_training_data_15m_20251231_170859_400', 'ml_liquidity_regime_probs_15m_20251231_172132_488', 'ml_liquidity_training_data_15m_20251231_172224_742'] INFO
[2025-12-31 19:08:10.823] 🐛 DEBUG: Found 6 versions in HDF5: ['ml_liquidity_regime_probs_15m_20251213_170827_692', 'ml_liquidity_regime_probs_15m_20251231_170726_502', 'ml_liquidity_regime_probs_15m_20251231_172132_488', 'ml_liquidity_training_data_15m_20251213_221548_209', 'ml_liquidity_training_data_15m_20251231_170859_400', 'ml_liquidity_training_data_15m_20251231_172224_742'] INFO
2025-12-31 19:08:10,824 - System.tprint - INFO - ℹ️ 🐛 DEBUG: Found 6 versions in HDF5: ['ml_liquidity_regime_probs_15m_20251213_170827_692', 'ml_liquidity_regime_probs_15m_20251231_170726_502', 'ml_liquidity_regime_probs_15m_20251231_172132_488', 'ml_liquidity_training_data_15m_20251213_221548_209', 'ml_liquidity_training_data_15m_20251231_170859_400', 'ml_liquidity_training_data_15m_20251231_172224_742'] INFO
[2025-12-31 19:08:10.823] 🐛 DEBUG: _load_metadata() checking versioned_artifacts/ETHUSDT_binance_15m_long_regime_risk/metadata.json INFO
2025-12-31 19:08:10,824 - System.tprint - INFO - ℹ️ 🐛 DEBUG: _load_metadata() checking versioned_artifacts/ETHUSDT_binance_15m_long_regime_risk/metadata.json INFO
[2025-12-31 19:08:10.824] 🐛 DEBUG: Metadata file exists, size: 200 bytes INFO
2025-12-31 19:08:10,824 - System.tprint - INFO - ℹ️ 🐛 DEBUG: Metadata file exists, size: 200 bytes INFO
[2025-12-31 19:08:10.824] 🐛 DEBUG: Successfully loaded metadata with 0 versions INFO
2025-12-31 19:08:10,824 - System.tprint - INFO - ℹ️ 🐛 DEBUG: Successfully loaded metadata with 0 versions INFO
[2025-12-31 19:08:10.824] 🐛 DEBUG: list_versions() called INFO
2025-12-31 19:08:10,825 - System.tprint - INFO - ℹ️ 🐛 DEBUG: list_versions() called INFO
[2025-12-31 19:08:10.824] 🐛 DEBUG: Metadata file exists: True INFO
2025-12-31 19:08:10,825 - System.tprint - INFO - ℹ️ 🐛 DEBUG: Metadata file exists: True INFO
[2025-12-31 19:08:10.824] 🐛 DEBUG: HDF5 file exists: True INFO
2025-12-31 19:08:10,825 - System.tprint - INFO - ℹ️ 🐛 DEBUG: HDF5 file exists: True INFO
[2025-12-31 19:08:10.824] 🐛 DEBUG: Reloading metadata to get latest versions INFO
2025-12-31 19:08:10,825 - System.tprint - INFO - ℹ️ 🐛 DEBUG: Reloading metadata to get latest versions INFO
[2025-12-31 19:08:10.824] 🐛 DEBUG: _load_metadata() checking versioned_artifacts/ETHUSDT_binance_15m_long_regime_risk/metadata.json INFO
2025-12-31 19:08:10,825 - System.tprint - INFO - ℹ️ 🐛 DEBUG: _load_metadata() checking versioned_artifacts/ETHUSDT_binance_15m_long_regime_risk/metadata.json INFO
[2025-12-31 19:08:10.824] 🐛 DEBUG: Metadata file exists, size: 200 bytes INFO
2025-12-31 19:08:10,825 - System.tprint - INFO - ℹ️ 🐛 DEBUG: Metadata file exists, size: 200 bytes INFO
[2025-12-31 19:08:10.824] 🐛 DEBUG: Successfully loaded metadata with 0 versions INFO
2025-12-31 19:08:10,825 - System.tprint - INFO - ℹ️ 🐛 DEBUG: Successfully loaded metadata with 0 versions INFO
[2025-12-31 19:08:10.824] 🐛 DEBUG: Found 0 versions in metadata: [] INFO
2025-12-31 19:08:10,825 - System.tprint - INFO - ℹ️ 🐛 DEBUG: Found 0 versions in metadata: [] INFO
[2025-12-31 19:08:10.824] 🐛 DEBUG: Found 0 versions in HDF5: [] INFO
2025-12-31 19:08:10,825 - System.tprint - INFO - ℹ️ 🐛 DEBUG: Found 0 versions in HDF5: [] INFO
[2025-12-31 19:08:10.826] 🐛 DEBUG: _load_metadata() checking versioned_artifacts/ETHUSDT_binance_15m_long_volume_force/metadata.json INFO
2025-12-31 19:08:10,826 - System.tprint - INFO - ℹ️ 🐛 DEBUG: _load_metadata() checking versioned_artifacts/ETHUSDT_binance_15m_long_volume_force/metadata.json INFO
[2025-12-31 19:08:10.826] 🐛 DEBUG: Metadata file exists, size: 11876 bytes INFO
2025-12-31 19:08:10,826 - System.tprint - INFO - ℹ️ 🐛 DEBUG: Metadata file exists, size: 11876 bytes INFO
[2025-12-31 19:08:10.826] 🐛 DEBUG: Successfully loaded metadata with 7 versions INFO
2025-12-31 19:08:10,826 - System.tprint - INFO - ℹ️ 🐛 DEBUG: Successfully loaded metadata with 7 versions INFO
[2025-12-31 19:08:10.826] 🐛 DEBUG: list_versions() called INFO
2025-12-31 19:08:10,826 - System.tprint - INFO - ℹ️ 🐛 DEBUG: list_versions() called INFO
[2025-12-31 19:08:10.826] 🐛 DEBUG: Metadata file exists: True INFO
2025-12-31 19:08:10,826 - System.tprint - INFO - ℹ️ 🐛 DEBUG: Metadata file exists: True INFO
[2025-12-31 19:08:10.826] 🐛 DEBUG: HDF5 file exists: True INFO
2025-12-31 19:08:10,826 - System.tprint - INFO - ℹ️ 🐛 DEBUG: HDF5 file exists: True INFO
[2025-12-31 19:08:10.826] 🐛 DEBUG: Reloading metadata to get latest versions INFO
2025-12-31 19:08:10,826 - System.tprint - INFO - ℹ️ 🐛 DEBUG: Reloading metadata to get latest versions INFO
[2025-12-31 19:08:10.826] 🐛 DEBUG: _load_metadata() checking versioned_artifacts/ETHUSDT_binance_15m_long_volume_force/metadata.json INFO
2025-12-31 19:08:10,826 - System.tprint - INFO - ℹ️ 🐛 DEBUG: _load_metadata() checking versioned_artifacts/ETHUSDT_binance_15m_long_volume_force/metadata.json INFO
[2025-12-31 19:08:10.826] 🐛 DEBUG: Metadata file exists, size: 11876 bytes INFO
2025-12-31 19:08:10,826 - System.tprint - INFO - ℹ️ 🐛 DEBUG: Metadata file exists, size: 11876 bytes INFO
[2025-12-31 19:08:10.826] 🐛 DEBUG: Successfully loaded metadata with 7 versions INFO
2025-12-31 19:08:10,826 - System.tprint - INFO - ℹ️ 🐛 DEBUG: Successfully loaded metadata with 7 versions INFO
[2025-12-31 19:08:10.826] 🐛 DEBUG: Found 7 versions in metadata: ['ml_volume_force_features_20251213_163705_361', 'ml_volume_force_features_20251213_170535_123', 'ml_volume_force_predictions_20251213_170543_299', 'ml_volume_force_features_20251231_171818_197', 'ml_volume_force_predictions_20251231_172004_837', 'ml_volume_force_features_20251231_172800_942', 'ml_volume_force_predictions_20251231_172840_135'] INFO
2025-12-31 19:08:10,826 - System.tprint - INFO - ℹ️ 🐛 DEBUG: Found 7 versions in metadata: ['ml_volume_force_features_20251213_163705_361', 'ml_volume_force_features_20251213_170535_123', 'ml_volume_force_predictions_20251213_170543_299', 'ml_volume_force_features_20251231_171818_197', 'ml_volume_force_predictions_20251231_172004_837', 'ml_volume_force_features_20251231_172800_942', 'ml_volume_force_predictions_20251231_172840_135'] INFO
[2025-12-31 19:08:10.827] 🐛 DEBUG: Found 7 versions in HDF5: ['ml_volume_force_features_20251213_163705_361', 'ml_volume_force_features_20251213_170535_123', 'ml_volume_force_features_20251231_171818_197', 'ml_volume_force_features_20251231_172800_942', 'ml_volume_force_predictions_20251213_170543_299', 'ml_volume_force_predictions_20251231_172004_837', 'ml_volume_force_predictions_20251231_172840_135'] INFO
2025-12-31 19:08:10,827 - System.tprint - INFO - ℹ️ 🐛 DEBUG: Found 7 versions in HDF5: ['ml_volume_force_features_20251213_163705_361', 'ml_volume_force_features_20251213_170535_123', 'ml_volume_force_features_20251231_171818_197', 'ml_volume_force_features_20251231_172800_942', 'ml_volume_force_predictions_20251213_170543_299', 'ml_volume_force_predictions_20251231_172004_837', 'ml_volume_force_predictions_20251231_172840_135'] INFO
[2025-12-31 19:08:10.827] 🐛 DEBUG: _load_metadata() checking versioned_artifacts/ETHUSDT_binance_15m_long_smc_regime/metadata.json INFO
2025-12-31 19:08:10,827 - System.tprint - INFO - ℹ️ 🐛 DEBUG: _load_metadata() checking versioned_artifacts/ETHUSDT_binance_15m_long_smc_regime/metadata.json INFO
[2025-12-31 19:08:10.827] 🐛 DEBUG: Metadata file exists, size: 9799 bytes INFO
2025-12-31 19:08:10,827 - System.tprint - INFO - ℹ️ 🐛 DEBUG: Metadata file exists, size: 9799 bytes INFO
[2025-12-31 19:08:10.827] 🐛 DEBUG: Successfully loaded metadata with 6 versions INFO
2025-12-31 19:08:10,827 - System.tprint - INFO - ℹ️ 🐛 DEBUG: Successfully loaded metadata with 6 versions INFO
[2025-12-31 19:08:10.827] 🐛 DEBUG: list_versions() called INFO
2025-12-31 19:08:10,827 - System.tprint - INFO - ℹ️ 🐛 DEBUG: list_versions() called INFO
[2025-12-31 19:08:10.827] 🐛 DEBUG: Metadata file exists: True INFO
2025-12-31 19:08:10,827 - System.tprint - INFO - ℹ️ 🐛 DEBUG: Metadata file exists: True INFO
[2025-12-31 19:08:10.827] 🐛 DEBUG: HDF5 file exists: True INFO
2025-12-31 19:08:10,827 - System.tprint - INFO - ℹ️ 🐛 DEBUG: HDF5 file exists: True INFO
[2025-12-31 19:08:10.827] 🐛 DEBUG: Reloading metadata to get latest versions INFO
2025-12-31 19:08:10,828 - System.tprint - INFO - ℹ️ 🐛 DEBUG: Reloading metadata to get latest versions INFO
[2025-12-31 19:08:10.827] 🐛 DEBUG: _load_metadata() checking versioned_artifacts/ETHUSDT_binance_15m_long_smc_regime/metadata.json INFO
2025-12-31 19:08:10,828 - System.tprint - INFO - ℹ️ 🐛 DEBUG: _load_metadata() checking versioned_artifacts/ETHUSDT_binance_15m_long_smc_regime/metadata.json INFO
[2025-12-31 19:08:10.828] 🐛 DEBUG: Metadata file exists, size: 9799 bytes INFO
2025-12-31 19:08:10,828 - System.tprint - INFO - ℹ️ 🐛 DEBUG: Metadata file exists, size: 9799 bytes INFO
[2025-12-31 19:08:10.828] 🐛 DEBUG: Successfully loaded metadata with 6 versions INFO
2025-12-31 19:08:10,828 - System.tprint - INFO - ℹ️ 🐛 DEBUG: Successfully loaded metadata with 6 versions INFO
[2025-12-31 19:08:10.828] 🐛 DEBUG: Found 6 versions in metadata: ['smc_predictions_with_confidence_20251213_170746_093', 'ml_smc_features_15m_20251213_170746_137', 'smc_predictions_with_confidence_20251231_171806_519', 'ml_smc_features_15m_20251231_171807_077', 'smc_predictions_with_confidence_20251231_172755_504', 'ml_smc_features_15m_20251231_172755_741'] INFO
2025-12-31 19:08:10,828 - System.tprint - INFO - ℹ️ 🐛 DEBUG: Found 6 versions in metadata: ['smc_predictions_with_confidence_20251213_170746_093', 'ml_smc_features_15m_20251213_170746_137', 'smc_predictions_with_confidence_20251231_171806_519', 'ml_smc_features_15m_20251231_171807_077', 'smc_predictions_with_confidence_20251231_172755_504', 'ml_smc_features_15m_20251231_172755_741'] INFO
[2025-12-31 19:08:10.828] 🐛 DEBUG: Found 6 versions in HDF5: ['ml_smc_features_15m_20251213_170746_137', 'ml_smc_features_15m_20251231_171807_077', 'ml_smc_features_15m_20251231_172755_741', 'smc_predictions_with_confidence_20251213_170746_093', 'smc_predictions_with_confidence_20251231_171806_519', 'smc_predictions_with_confidence_20251231_172755_504'] INFO
2025-12-31 19:08:10,828 - System.tprint - INFO - ℹ️ 🐛 DEBUG: Found 6 versions in HDF5: ['ml_smc_features_15m_20251213_170746_137', 'ml_smc_features_15m_20251231_171807_077', 'ml_smc_features_15m_20251231_172755_741', 'smc_predictions_with_confidence_20251213_170746_093', 'smc_predictions_with_confidence_20251231_171806_519', 'smc_predictions_with_confidence_20251231_172755_504'] INFO
[2025-12-31 19:08:10.828] 🐛 DEBUG: _load_metadata() checking versioned_artifacts/ETHUSDT_binance_15m_long_breakout_bounce/metadata.json INFO
2025-12-31 19:08:10,829 - System.tprint - INFO - ℹ️ 🐛 DEBUG: _load_metadata() checking versioned_artifacts/ETHUSDT_binance_15m_long_breakout_bounce/metadata.json INFO
[2025-12-31 19:08:10.829] 🐛 DEBUG: Metadata file exists, size: 200 bytes INFO
2025-12-31 19:08:10,829 - System.tprint - INFO - ℹ️ 🐛 DEBUG: Metadata file exists, size: 200 bytes INFO
[2025-12-31 19:08:10.829] 🐛 DEBUG: Successfully loaded metadata with 0 versions INFO
2025-12-31 19:08:10,829 - System.tprint - INFO - ℹ️ 🐛 DEBUG: Successfully loaded metadata with 0 versions INFO
[2025-12-31 19:08:10.829] 🐛 DEBUG: list_versions() called INFO
2025-12-31 19:08:10,829 - System.tprint - INFO - ℹ️ 🐛 DEBUG: list_versions() called INFO
[2025-12-31 19:08:10.829] 🐛 DEBUG: Metadata file exists: True INFO
2025-12-31 19:08:10,829 - System.tprint - INFO - ℹ️ 🐛 DEBUG: Metadata file exists: True INFO
[2025-12-31 19:08:10.829] 🐛 DEBUG: HDF5 file exists: True INFO
2025-12-31 19:08:10,829 - System.tprint - INFO - ℹ️ 🐛 DEBUG: HDF5 file exists: True INFO
[2025-12-31 19:08:10.829] 🐛 DEBUG: Reloading metadata to get latest versions INFO
2025-12-31 19:08:10,829 - System.tprint - INFO - ℹ️ 🐛 DEBUG: Reloading metadata to get latest versions INFO
[2025-12-31 19:08:10.829] 🐛 DEBUG: _load_metadata() checking versioned_artifacts/ETHUSDT_binance_15m_long_breakout_bounce/metadata.json INFO
2025-12-31 19:08:10,829 - System.tprint - INFO - ℹ️ 🐛 DEBUG: _load_metadata() checking versioned_artifacts/ETHUSDT_binance_15m_long_breakout_bounce/metadata.json INFO
[2025-12-31 19:08:10.829] 🐛 DEBUG: Metadata file exists, size: 200 bytes INFO
2025-12-31 19:08:10,829 - System.tprint - INFO - ℹ️ 🐛 DEBUG: Metadata file exists, size: 200 bytes INFO
[2025-12-31 19:08:10.829] 🐛 DEBUG: Successfully loaded metadata with 0 versions INFO
2025-12-31 19:08:10,829 - System.tprint - INFO - ℹ️ 🐛 DEBUG: Successfully loaded metadata with 0 versions INFO
[2025-12-31 19:08:10.829] 🐛 DEBUG: Found 0 versions in metadata: [] INFO
2025-12-31 19:08:10,830 - System.tprint - INFO - ℹ️ 🐛 DEBUG: Found 0 versions in metadata: [] INFO
[2025-12-31 19:08:10.829] 🐛 DEBUG: Found 0 versions in HDF5: [] INFO
2025-12-31 19:08:10,830 - System.tprint - INFO - ℹ️ 🐛 DEBUG: Found 0 versions in HDF5: [] INFO
[2025-12-31 19:08:10.830] 🐛 DEBUG: _load_metadata() checking versioned_artifacts/ETHUSDT_binance_1h_long_liquidity_regime/metadata.json INFO
2025-12-31 19:08:10,830 - System.tprint - INFO - ℹ️ 🐛 DEBUG: _load_metadata() checking versioned_artifacts/ETHUSDT_binance_1h_long_liquidity_regime/metadata.json INFO
[2025-12-31 19:08:10.830] 🐛 DEBUG: Metadata file exists, size: 200 bytes INFO
2025-12-31 19:08:10,830 - System.tprint - INFO - ℹ️ 🐛 DEBUG: Metadata file exists, size: 200 bytes INFO
[2025-12-31 19:08:10.830] 🐛 DEBUG: Successfully loaded metadata with 0 versions INFO
2025-12-31 19:08:10,830 - System.tprint - INFO - ℹ️ 🐛 DEBUG: Successfully loaded metadata with 0 versions INFO
[2025-12-31 19:08:10.830] 🐛 DEBUG: list_versions() called INFO
2025-12-31 19:08:10,830 - System.tprint - INFO - ℹ️ 🐛 DEBUG: list_versions() called INFO
[2025-12-31 19:08:10.830] 🐛 DEBUG: Metadata file exists: True INFO
2025-12-31 19:08:10,830 - System.tprint - INFO - ℹ️ 🐛 DEBUG: Metadata file exists: True INFO
[2025-12-31 19:08:10.830] 🐛 DEBUG: HDF5 file exists: True INFO
2025-12-31 19:08:10,831 - System.tprint - INFO - ℹ️ 🐛 DEBUG: HDF5 file exists: True INFO
[2025-12-31 19:08:10.830] 🐛 DEBUG: Reloading metadata to get latest versions INFO
2025-12-31 19:08:10,831 - System.tprint - INFO - ℹ️ 🐛 DEBUG: Reloading metadata to get latest versions INFO
[2025-12-31 19:08:10.830] 🐛 DEBUG: _load_metadata() checking versioned_artifacts/ETHUSDT_binance_1h_long_liquidity_regime/metadata.json INFO
2025-12-31 19:08:10,831 - System.tprint - INFO - ℹ️ 🐛 DEBUG: _load_metadata() checking versioned_artifacts/ETHUSDT_binance_1h_long_liquidity_regime/metadata.json INFO
[2025-12-31 19:08:10.830] 🐛 DEBUG: Metadata file exists, size: 200 bytes INFO
2025-12-31 19:08:10,831 - System.tprint - INFO - ℹ️ 🐛 DEBUG: Metadata file exists, size: 200 bytes INFO
[2025-12-31 19:08:10.830] 🐛 DEBUG: Successfully loaded metadata with 0 versions INFO
2025-12-31 19:08:10,831 - System.tprint - INFO - ℹ️ 🐛 DEBUG: Successfully loaded metadata with 0 versions INFO
[2025-12-31 19:08:10.830] 🐛 DEBUG: Found 0 versions in metadata: [] INFO
2025-12-31 19:08:10,831 - System.tprint - INFO - ℹ️ 🐛 DEBUG: Found 0 versions in metadata: [] INFO
[2025-12-31 19:08:10.831] 🐛 DEBUG: Found 0 versions in HDF5: [] INFO
2025-12-31 19:08:10,831 - System.tprint - INFO - ℹ️ 🐛 DEBUG: Found 0 versions in HDF5: [] INFO
[2025-12-31 19:08:10.831] 🐛 DEBUG: _load_metadata() checking versioned_artifacts/ETHUSDT_binance_1h_long_regime_alpha/metadata.json INFO
2025-12-31 19:08:10,831 - System.tprint - INFO - ℹ️ 🐛 DEBUG: _load_metadata() checking versioned_artifacts/ETHUSDT_binance_1h_long_regime_alpha/metadata.json INFO
[2025-12-31 19:08:10.831] 🐛 DEBUG: Metadata file exists, size: 6902 bytes INFO
2025-12-31 19:08:10,831 - System.tprint - INFO - ℹ️ 🐛 DEBUG: Metadata file exists, size: 6902 bytes INFO
[2025-12-31 19:08:10.831] 🐛 DEBUG: Successfully loaded metadata with 5 versions INFO
2025-12-31 19:08:10,832 - System.tprint - INFO - ℹ️ 🐛 DEBUG: Successfully loaded metadata with 5 versions INFO
[2025-12-31 19:08:10.831] 🐛 DEBUG: list_versions() called INFO
2025-12-31 19:08:10,832 - System.tprint - INFO - ℹ️ 🐛 DEBUG: list_versions() called INFO
[2025-12-31 19:08:10.831] 🐛 DEBUG: Metadata file exists: True INFO
2025-12-31 19:08:10,832 - System.tprint - INFO - ℹ️ 🐛 DEBUG: Metadata file exists: True INFO
[2025-12-31 19:08:10.831] 🐛 DEBUG: HDF5 file exists: True INFO
2025-12-31 19:08:10,832 - System.tprint - INFO - ℹ️ 🐛 DEBUG: HDF5 file exists: True INFO
[2025-12-31 19:08:10.831] 🐛 DEBUG: Reloading metadata to get latest versions INFO
2025-12-31 19:08:10,832 - System.tprint - INFO - ℹ️ 🐛 DEBUG: Reloading metadata to get latest versions INFO
[2025-12-31 19:08:10.831] 🐛 DEBUG: _load_metadata() checking versioned_artifacts/ETHUSDT_binance_1h_long_regime_alpha/metadata.json INFO
2025-12-31 19:08:10,832 - System.tprint - INFO - ℹ️ 🐛 DEBUG: _load_metadata() checking versioned_artifacts/ETHUSDT_binance_1h_long_regime_alpha/metadata.json INFO
[2025-12-31 19:08:10.831] 🐛 DEBUG: Metadata file exists, size: 6902 bytes INFO
2025-12-31 19:08:10,832 - System.tprint - INFO - ℹ️ 🐛 DEBUG: Metadata file exists, size: 6902 bytes INFO
[2025-12-31 19:08:10.832] 🐛 DEBUG: Successfully loaded metadata with 5 versions INFO
2025-12-31 19:08:10,832 - System.tprint - INFO - ℹ️ 🐛 DEBUG: Successfully loaded metadata with 5 versions INFO
[2025-12-31 19:08:10.832] 🐛 DEBUG: Found 5 versions in metadata: ['hmm_alpha_regime_stats_1h_20251122_151841_186', 'hmm_alpha_training_data_1h_20251122_164502_922', 'hmm_alpha_regime_stats_1h_20251122_164502_963', 'hmm_alpha_training_data_1h_20251122_171931_773', 'hmm_alpha_regime_stats_1h_20251122_171931_857'] INFO
2025-12-31 19:08:10,832 - System.tprint - INFO - ℹ️ 🐛 DEBUG: Found 5 versions in metadata: ['hmm_alpha_regime_stats_1h_20251122_151841_186', 'hmm_alpha_training_data_1h_20251122_164502_922', 'hmm_alpha_regime_stats_1h_20251122_164502_963', 'hmm_alpha_training_data_1h_20251122_171931_773', 'hmm_alpha_regime_stats_1h_20251122_171931_857'] INFO
[2025-12-31 19:08:10.832] 🐛 DEBUG: Found 5 versions in HDF5: ['hmm_alpha_regime_stats_1h_20251122_151841_186', 'hmm_alpha_regime_stats_1h_20251122_164502_963', 'hmm_alpha_regime_stats_1h_20251122_171931_857', 'hmm_alpha_training_data_1h_20251122_164502_922', 'hmm_alpha_training_data_1h_20251122_171931_773'] INFO
2025-12-31 19:08:10,833 - System.tprint - INFO - ℹ️ 🐛 DEBUG: Found 5 versions in HDF5: ['hmm_alpha_regime_stats_1h_20251122_151841_186', 'hmm_alpha_regime_stats_1h_20251122_164502_963', 'hmm_alpha_regime_stats_1h_20251122_171931_857', 'hmm_alpha_training_data_1h_20251122_164502_922', 'hmm_alpha_training_data_1h_20251122_171931_773'] INFO
[2025-12-31 19:08:10.832] 🐛 DEBUG: _load_metadata() checking versioned_artifacts/ETHUSDT_binance_1h_long_analyst/metadata.json INFO
2025-12-31 19:08:10,833 - System.tprint - INFO - ℹ️ 🐛 DEBUG: _load_metadata() checking versioned_artifacts/ETHUSDT_binance_1h_long_analyst/metadata.json INFO
[2025-12-31 19:08:10.832] 🐛 DEBUG: Metadata file exists, size: 139 bytes INFO
2025-12-31 19:08:10,833 - System.tprint - INFO - ℹ️ 🐛 DEBUG: Metadata file exists, size: 139 bytes INFO
[2025-12-31 19:08:10.832] 🐛 DEBUG: Successfully loaded metadata with 0 versions INFO
2025-12-31 19:08:10,833 - System.tprint - INFO - ℹ️ 🐛 DEBUG: Successfully loaded metadata with 0 versions INFO
[2025-12-31 19:08:10.832] 🐛 DEBUG: list_versions() called INFO
2025-12-31 19:08:10,833 - System.tprint - INFO - ℹ️ 🐛 DEBUG: list_versions() called INFO
[2025-12-31 19:08:10.832] 🐛 DEBUG: Metadata file exists: True INFO
2025-12-31 19:08:10,833 - System.tprint - INFO - ℹ️ 🐛 DEBUG: Metadata file exists: True INFO
[2025-12-31 19:08:10.833] 🐛 DEBUG: HDF5 file exists: True INFO
2025-12-31 19:08:10,833 - System.tprint - INFO - ℹ️ 🐛 DEBUG: HDF5 file exists: True INFO
[2025-12-31 19:08:10.833] 🐛 DEBUG: Reloading metadata to get latest versions INFO
2025-12-31 19:08:10,833 - System.tprint - INFO - ℹ️ 🐛 DEBUG: Reloading metadata to get latest versions INFO
[2025-12-31 19:08:10.833] 🐛 DEBUG: _load_metadata() checking versioned_artifacts/ETHUSDT_binance_1h_long_analyst/metadata.json INFO
2025-12-31 19:08:10,833 - System.tprint - INFO - ℹ️ 🐛 DEBUG: _load_metadata() checking versioned_artifacts/ETHUSDT_binance_1h_long_analyst/metadata.json INFO
[2025-12-31 19:08:10.833] 🐛 DEBUG: Metadata file exists, size: 139 bytes INFO
2025-12-31 19:08:10,833 - System.tprint - INFO - ℹ️ 🐛 DEBUG: Metadata file exists, size: 139 bytes INFO
[2025-12-31 19:08:10.833] 🐛 DEBUG: Successfully loaded metadata with 0 versions INFO
2025-12-31 19:08:10,834 - System.tprint - INFO - ℹ️ 🐛 DEBUG: Successfully loaded metadata with 0 versions INFO
[2025-12-31 19:08:10.833] 🐛 DEBUG: Found 0 versions in metadata: [] INFO
2025-12-31 19:08:10,834 - System.tprint - INFO - ℹ️ 🐛 DEBUG: Found 0 versions in metadata: [] INFO
[2025-12-31 19:08:10.833] 🐛 DEBUG: Found 0 versions in HDF5: [] INFO
2025-12-31 19:08:10,834 - System.tprint - INFO - ℹ️ 🐛 DEBUG: Found 0 versions in HDF5: [] INFO
[2025-12-31 19:08:10.833] 🐛 DEBUG: _load_metadata() checking versioned_artifacts/ETHUSDT_binance_1h_long_regime_path/metadata.json INFO
2025-12-31 19:08:10,834 - System.tprint - INFO - ℹ️ 🐛 DEBUG: _load_metadata() checking versioned_artifacts/ETHUSDT_binance_1h_long_regime_path/metadata.json INFO
[2025-12-31 19:08:10.833] 🐛 DEBUG: Metadata file exists, size: 200 bytes INFO
2025-12-31 19:08:10,834 - System.tprint - INFO - ℹ️ 🐛 DEBUG: Metadata file exists, size: 200 bytes INFO
[2025-12-31 19:08:10.834] 🐛 DEBUG: Successfully loaded metadata with 0 versions INFO
2025-12-31 19:08:10,834 - System.tprint - INFO - ℹ️ 🐛 DEBUG: Successfully loaded metadata with 0 versions INFO
[2025-12-31 19:08:10.834] 🐛 DEBUG: list_versions() called INFO
2025-12-31 19:08:10,834 - System.tprint - INFO - ℹ️ 🐛 DEBUG: list_versions() called INFO
[2025-12-31 19:08:10.834] 🐛 DEBUG: Metadata file exists: True INFO
2025-12-31 19:08:10,834 - System.tprint - INFO - ℹ️ 🐛 DEBUG: Metadata file exists: True INFO
[2025-12-31 19:08:10.834] 🐛 DEBUG: HDF5 file exists: True INFO
2025-12-31 19:08:10,835 - System.tprint - INFO - ℹ️ 🐛 DEBUG: HDF5 file exists: True INFO
[2025-12-31 19:08:10.834] 🐛 DEBUG: Reloading metadata to get latest versions INFO
2025-12-31 19:08:10,835 - System.tprint - INFO - ℹ️ 🐛 DEBUG: Reloading metadata to get latest versions INFO
[2025-12-31 19:08:10.834] 🐛 DEBUG: _load_metadata() checking versioned_artifacts/ETHUSDT_binance_1h_long_regime_path/metadata.json INFO
2025-12-31 19:08:10,835 - System.tprint - INFO - ℹ️ 🐛 DEBUG: _load_metadata() checking versioned_artifacts/ETHUSDT_binance_1h_long_regime_path/metadata.json INFO
[2025-12-31 19:08:10.834] 🐛 DEBUG: Metadata file exists, size: 200 bytes INFO
2025-12-31 19:08:10,835 - System.tprint - INFO - ℹ️ 🐛 DEBUG: Metadata file exists, size: 200 bytes INFO
[2025-12-31 19:08:10.834] 🐛 DEBUG: Successfully loaded metadata with 0 versions INFO
2025-12-31 19:08:10,835 - System.tprint - INFO - ℹ️ 🐛 DEBUG: Successfully loaded metadata with 0 versions INFO
[2025-12-31 19:08:10.834] 🐛 DEBUG: Found 0 versions in metadata: [] INFO
2025-12-31 19:08:10,835 - System.tprint - INFO - ℹ️ 🐛 DEBUG: Found 0 versions in metadata: [] INFO
[2025-12-31 19:08:10.836] 🐛 DEBUG: Found 0 versions in HDF5: [] INFO
2025-12-31 19:08:10,836 - System.tprint - INFO - ℹ️ 🐛 DEBUG: Found 0 versions in HDF5: [] INFO
[2025-12-31 19:08:10.836] 🐛 DEBUG: _load_metadata() checking versioned_artifacts/None_None_None_long_regime/metadata.json INFO
2025-12-31 19:08:10,837 - System.tprint - INFO - ℹ️ 🐛 DEBUG: _load_metadata() checking versioned_artifacts/None_None_None_long_regime/metadata.json INFO
[2025-12-31 19:08:10.836] 🐛 DEBUG: Metadata file exists, size: 139 bytes INFO
2025-12-31 19:08:10,837 - System.tprint - INFO - ℹ️ 🐛 DEBUG: Metadata file exists, size: 139 bytes INFO
[2025-12-31 19:08:10.836] 🐛 DEBUG: Successfully loaded metadata with 0 versions INFO
2025-12-31 19:08:10,837 - System.tprint - INFO - ℹ️ 🐛 DEBUG: Successfully loaded metadata with 0 versions INFO
[2025-12-31 19:08:10.837] 🐛 DEBUG: list_versions() called INFO
2025-12-31 19:08:10,837 - System.tprint - INFO - ℹ️ 🐛 DEBUG: list_versions() called INFO
[2025-12-31 19:08:10.837] 🐛 DEBUG: Metadata file exists: True INFO
2025-12-31 19:08:10,837 - System.tprint - INFO - ℹ️ 🐛 DEBUG: Metadata file exists: True INFO
[2025-12-31 19:08:10.837] 🐛 DEBUG: HDF5 file exists: True INFO
2025-12-31 19:08:10,837 - System.tprint - INFO - ℹ️ 🐛 DEBUG: HDF5 file exists: True INFO
[2025-12-31 19:08:10.837] 🐛 DEBUG: Reloading metadata to get latest versions INFO
2025-12-31 19:08:10,837 - System.tprint - INFO - ℹ️ 🐛 DEBUG: Reloading metadata to get latest versions INFO
[2025-12-31 19:08:10.837] 🐛 DEBUG: _load_metadata() checking versioned_artifacts/None_None_None_long_regime/metadata.json INFO
2025-12-31 19:08:10,837 - System.tprint - INFO - ℹ️ 🐛 DEBUG: _load_metadata() checking versioned_artifacts/None_None_None_long_regime/metadata.json INFO
[2025-12-31 19:08:10.837] 🐛 DEBUG: Metadata file exists, size: 139 bytes INFO
2025-12-31 19:08:10,838 - System.tprint - INFO - ℹ️ 🐛 DEBUG: Metadata file exists, size: 139 bytes INFO
[2025-12-31 19:08:10.837] 🐛 DEBUG: Successfully loaded metadata with 0 versions INFO
2025-12-31 19:08:10,838 - System.tprint - INFO - ℹ️ 🐛 DEBUG: Successfully loaded metadata with 0 versions INFO
[2025-12-31 19:08:10.837] 🐛 DEBUG: Found 0 versions in metadata: [] INFO
2025-12-31 19:08:10,838 - System.tprint - INFO - ℹ️ 🐛 DEBUG: Found 0 versions in metadata: [] INFO
[2025-12-31 19:08:10.837] 🐛 DEBUG: Found 0 versions in HDF5: [] INFO
2025-12-31 19:08:10,838 - System.tprint - INFO - ℹ️ 🐛 DEBUG: Found 0 versions in HDF5: [] INFO
[2025-12-31 19:08:10.838] 🐛 DEBUG: _load_metadata() checking versioned_artifacts/ETHUSDT_binance_1h_long_mean_reversion/metadata.json INFO
2025-12-31 19:08:10,838 - System.tprint - INFO - ℹ️ 🐛 DEBUG: _load_metadata() checking versioned_artifacts/ETHUSDT_binance_1h_long_mean_reversion/metadata.json INFO
[2025-12-31 19:08:10.838] 🐛 DEBUG: Metadata file exists, size: 3914 bytes INFO
2025-12-31 19:08:10,838 - System.tprint - INFO - ℹ️ 🐛 DEBUG: Metadata file exists, size: 3914 bytes INFO
[2025-12-31 19:08:10.838] 🐛 DEBUG: Successfully loaded metadata with 5 versions INFO
2025-12-31 19:08:10,839 - System.tprint - INFO - ℹ️ 🐛 DEBUG: Successfully loaded metadata with 5 versions INFO
[2025-12-31 19:08:10.838] 🐛 DEBUG: list_versions() called INFO
2025-12-31 19:08:10,839 - System.tprint - INFO - ℹ️ 🐛 DEBUG: list_versions() called INFO
[2025-12-31 19:08:10.838] 🐛 DEBUG: Metadata file exists: True INFO
2025-12-31 19:08:10,839 - System.tprint - INFO - ℹ️ 🐛 DEBUG: Metadata file exists: True INFO
[2025-12-31 19:08:10.838] 🐛 DEBUG: HDF5 file exists: True INFO
2025-12-31 19:08:10,839 - System.tprint - INFO - ℹ️ 🐛 DEBUG: HDF5 file exists: True INFO
[2025-12-31 19:08:10.838] 🐛 DEBUG: Reloading metadata to get latest versions INFO
2025-12-31 19:08:10,839 - System.tprint - INFO - ℹ️ 🐛 DEBUG: Reloading metadata to get latest versions INFO
[2025-12-31 19:08:10.838] 🐛 DEBUG: _load_metadata() checking versioned_artifacts/ETHUSDT_binance_1h_long_mean_reversion/metadata.json INFO
2025-12-31 19:08:10,839 - System.tprint - INFO - ℹ️ 🐛 DEBUG: _load_metadata() checking versioned_artifacts/ETHUSDT_binance_1h_long_mean_reversion/metadata.json INFO
[2025-12-31 19:08:10.838] 🐛 DEBUG: Metadata file exists, size: 3914 bytes INFO
2025-12-31 19:08:10,839 - System.tprint - INFO - ℹ️ 🐛 DEBUG: Metadata file exists, size: 3914 bytes INFO
[2025-12-31 19:08:10.838] 🐛 DEBUG: Successfully loaded metadata with 5 versions INFO
2025-12-31 19:08:10,839 - System.tprint - INFO - ℹ️ 🐛 DEBUG: Successfully loaded metadata with 5 versions INFO
[2025-12-31 19:08:10.838] 🐛 DEBUG: Found 5 versions in metadata: ['ml_mean_reversion_training_data_1h_20251124_231116_323', 'ml_mean_reversion_training_data_1h_20251125_001022_753', 'ml_mean_reversion_training_data_1h_20251125_002337_863', 'ml_mean_reversion_training_data_1h_20251125_003116_776', 'ml_mean_reversion_training_data_1h_20251126_003120_916'] INFO
2025-12-31 19:08:10,839 - System.tprint - INFO - ℹ️ 🐛 DEBUG: Found 5 versions in metadata: ['ml_mean_reversion_training_data_1h_20251124_231116_323', 'ml_mean_reversion_training_data_1h_20251125_001022_753', 'ml_mean_reversion_training_data_1h_20251125_002337_863', 'ml_mean_reversion_training_data_1h_20251125_003116_776', 'ml_mean_reversion_training_data_1h_20251126_003120_916'] INFO
[2025-12-31 19:08:10.840] 🐛 DEBUG: Found 5 versions in HDF5: ['ml_mean_reversion_training_data_1h_20251124_231116_323', 'ml_mean_reversion_training_data_1h_20251125_001022_753', 'ml_mean_reversion_training_data_1h_20251125_002337_863', 'ml_mean_reversion_training_data_1h_20251125_003116_776', 'ml_mean_reversion_training_data_1h_20251126_003120_916'] INFO
2025-12-31 19:08:10,840 - System.tprint - INFO - ℹ️ 🐛 DEBUG: Found 5 versions in HDF5: ['ml_mean_reversion_training_data_1h_20251124_231116_323', 'ml_mean_reversion_training_data_1h_20251125_001022_753', 'ml_mean_reversion_training_data_1h_20251125_002337_863', 'ml_mean_reversion_training_data_1h_20251125_003116_776', 'ml_mean_reversion_training_data_1h_20251126_003120_916'] INFO
[2025-12-31 19:08:10.840] 🐛 DEBUG: _load_metadata() checking versioned_artifacts/ETHUSDT_binance_15m_long_mean_reversion/metadata.json INFO
2025-12-31 19:08:10,840 - System.tprint - INFO - ℹ️ 🐛 DEBUG: _load_metadata() checking versioned_artifacts/ETHUSDT_binance_15m_long_mean_reversion/metadata.json INFO
[2025-12-31 19:08:10.840] 🐛 DEBUG: Metadata file exists, size: 1472 bytes INFO
2025-12-31 19:08:10,840 - System.tprint - INFO - ℹ️ 🐛 DEBUG: Metadata file exists, size: 1472 bytes INFO
[2025-12-31 19:08:10.840] 🐛 DEBUG: Successfully loaded metadata with 1 versions INFO
2025-12-31 19:08:10,840 - System.tprint - INFO - ℹ️ 🐛 DEBUG: Successfully loaded metadata with 1 versions INFO
[2025-12-31 19:08:10.840] 🐛 DEBUG: list_versions() called INFO
2025-12-31 19:08:10,840 - System.tprint - INFO - ℹ️ 🐛 DEBUG: list_versions() called INFO
[2025-12-31 19:08:10.840] 🐛 DEBUG: Metadata file exists: True INFO
2025-12-31 19:08:10,840 - System.tprint - INFO - ℹ️ 🐛 DEBUG: Metadata file exists: True INFO
[2025-12-31 19:08:10.840] 🐛 DEBUG: HDF5 file exists: True INFO
2025-12-31 19:08:10,840 - System.tprint - INFO - ℹ️ 🐛 DEBUG: HDF5 file exists: True INFO
[2025-12-31 19:08:10.840] 🐛 DEBUG: Reloading metadata to get latest versions INFO
2025-12-31 19:08:10,840 - System.tprint - INFO - ℹ️ 🐛 DEBUG: Reloading metadata to get latest versions INFO
[2025-12-31 19:08:10.840] 🐛 DEBUG: _load_metadata() checking versioned_artifacts/ETHUSDT_binance_15m_long_mean_reversion/metadata.json INFO
2025-12-31 19:08:10,841 - System.tprint - INFO - ℹ️ 🐛 DEBUG: _load_metadata() checking versioned_artifacts/ETHUSDT_binance_15m_long_mean_reversion/metadata.json INFO
[2025-12-31 19:08:10.841] 🐛 DEBUG: Metadata file exists, size: 1472 bytes INFO
2025-12-31 19:08:10,841 - System.tprint - INFO - ℹ️ 🐛 DEBUG: Metadata file exists, size: 1472 bytes INFO
[2025-12-31 19:08:10.841] 🐛 DEBUG: Successfully loaded metadata with 1 versions INFO
2025-12-31 19:08:10,841 - System.tprint - INFO - ℹ️ 🐛 DEBUG: Successfully loaded metadata with 1 versions INFO
[2025-12-31 19:08:10.841] 🐛 DEBUG: Found 1 versions in metadata: ['ml_mean_reversion_training_data_15m_20251213_170600_968'] INFO
2025-12-31 19:08:10,841 - System.tprint - INFO - ℹ️ 🐛 DEBUG: Found 1 versions in metadata: ['ml_mean_reversion_training_data_15m_20251213_170600_968'] INFO
[2025-12-31 19:08:10.841] 🐛 DEBUG: Found 1 versions in HDF5: ['ml_mean_reversion_training_data_15m_20251213_170600_968'] INFO
2025-12-31 19:08:10,841 - System.tprint - INFO - ℹ️ 🐛 DEBUG: Found 1 versions in HDF5: ['ml_mean_reversion_training_data_15m_20251213_170600_968'] INFO
[2025-12-31 19:08:10.841] 🐛 DEBUG: _load_metadata() checking versioned_artifacts/ETHUSDT_binance_15m_long_full/metadata.json INFO
2025-12-31 19:08:10,841 - System.tprint - INFO - ℹ️ 🐛 DEBUG: _load_metadata() checking versioned_artifacts/ETHUSDT_binance_15m_long_full/metadata.json INFO
[2025-12-31 19:08:10.841] 🐛 DEBUG: Metadata file exists, size: 139 bytes INFO
2025-12-31 19:08:10,841 - System.tprint - INFO - ℹ️ 🐛 DEBUG: Metadata file exists, size: 139 bytes INFO
[2025-12-31 19:08:10.841] 🐛 DEBUG: Successfully loaded metadata with 0 versions INFO
2025-12-31 19:08:10,842 - System.tprint - INFO - ℹ️ 🐛 DEBUG: Successfully loaded metadata with 0 versions INFO
[2025-12-31 19:08:10.841] 🐛 DEBUG: list_versions() called INFO
2025-12-31 19:08:10,842 - System.tprint - INFO - ℹ️ 🐛 DEBUG: list_versions() called INFO
[2025-12-31 19:08:10.842] 🐛 DEBUG: Metadata file exists: True INFO
2025-12-31 19:08:10,842 - System.tprint - INFO - ℹ️ 🐛 DEBUG: Metadata file exists: True INFO
[2025-12-31 19:08:10.842] 🐛 DEBUG: HDF5 file exists: True INFO
2025-12-31 19:08:10,842 - System.tprint - INFO - ℹ️ 🐛 DEBUG: HDF5 file exists: True INFO
[2025-12-31 19:08:10.842] 🐛 DEBUG: Reloading metadata to get latest versions INFO
2025-12-31 19:08:10,842 - System.tprint - INFO - ℹ️ 🐛 DEBUG: Reloading metadata to get latest versions INFO
[2025-12-31 19:08:10.842] 🐛 DEBUG: _load_metadata() checking versioned_artifacts/ETHUSDT_binance_15m_long_full/metadata.json INFO
2025-12-31 19:08:10,842 - System.tprint - INFO - ℹ️ 🐛 DEBUG: _load_metadata() checking versioned_artifacts/ETHUSDT_binance_15m_long_full/metadata.json INFO
[2025-12-31 19:08:10.842] 🐛 DEBUG: Metadata file exists, size: 139 bytes INFO
2025-12-31 19:08:10,842 - System.tprint - INFO - ℹ️ 🐛 DEBUG: Metadata file exists, size: 139 bytes INFO
[2025-12-31 19:08:10.842] 🐛 DEBUG: Successfully loaded metadata with 0 versions INFO
2025-12-31 19:08:10,842 - System.tprint - INFO - ℹ️ 🐛 DEBUG: Successfully loaded metadata with 0 versions INFO
[2025-12-31 19:08:10.842] 🐛 DEBUG: Found 0 versions in metadata: [] INFO
2025-12-31 19:08:10,842 - System.tprint - INFO - ℹ️ 🐛 DEBUG: Found 0 versions in metadata: [] INFO
[2025-12-31 19:08:10.842] 🐛 DEBUG: Found 0 versions in HDF5: [] INFO
2025-12-31 19:08:10,842 - System.tprint - INFO - ℹ️ 🐛 DEBUG: Found 0 versions in HDF5: [] INFO
[2025-12-31 19:08:10.842] 🐛 DEBUG: _load_metadata() checking versioned_artifacts/ETHUSDT_binance_15m_long_regime_meso_trend/metadata.json INFO
2025-12-31 19:08:10,843 - System.tprint - INFO - ℹ️ 🐛 DEBUG: _load_metadata() checking versioned_artifacts/ETHUSDT_binance_15m_long_regime_meso_trend/metadata.json INFO
[2025-12-31 19:08:10.843] 🐛 DEBUG: Metadata file exists, size: 139 bytes INFO
2025-12-31 19:08:10,843 - System.tprint - INFO - ℹ️ 🐛 DEBUG: Metadata file exists, size: 139 bytes INFO
[2025-12-31 19:08:10.843] 🐛 DEBUG: Successfully loaded metadata with 0 versions INFO
2025-12-31 19:08:10,843 - System.tprint - INFO - ℹ️ 🐛 DEBUG: Successfully loaded metadata with 0 versions INFO
[2025-12-31 19:08:10.843] 🐛 DEBUG: list_versions() called INFO
2025-12-31 19:08:10,843 - System.tprint - INFO - ℹ️ 🐛 DEBUG: list_versions() called INFO
[2025-12-31 19:08:10.843] 🐛 DEBUG: Metadata file exists: True INFO
2025-12-31 19:08:10,843 - System.tprint - INFO - ℹ️ 🐛 DEBUG: Metadata file exists: True INFO
[2025-12-31 19:08:10.843] 🐛 DEBUG: HDF5 file exists: True INFO
2025-12-31 19:08:10,843 - System.tprint - INFO - ℹ️ 🐛 DEBUG: HDF5 file exists: True INFO
[2025-12-31 19:08:10.843] 🐛 DEBUG: Reloading metadata to get latest versions INFO
2025-12-31 19:08:10,843 - System.tprint - INFO - ℹ️ 🐛 DEBUG: Reloading metadata to get latest versions INFO
[2025-12-31 19:08:10.843] 🐛 DEBUG: _load_metadata() checking versioned_artifacts/ETHUSDT_binance_15m_long_regime_meso_trend/metadata.json INFO
2025-12-31 19:08:10,843 - System.tprint - INFO - ℹ️ 🐛 DEBUG: _load_metadata() checking versioned_artifacts/ETHUSDT_binance_15m_long_regime_meso_trend/metadata.json INFO
[2025-12-31 19:08:10.843] 🐛 DEBUG: Metadata file exists, size: 139 bytes INFO
2025-12-31 19:08:10,843 - System.tprint - INFO - ℹ️ 🐛 DEBUG: Metadata file exists, size: 139 bytes INFO
[2025-12-31 19:08:10.843] 🐛 DEBUG: Successfully loaded metadata with 0 versions INFO
2025-12-31 19:08:10,843 - System.tprint - INFO - ℹ️ 🐛 DEBUG: Successfully loaded metadata with 0 versions INFO
[2025-12-31 19:08:10.843] 🐛 DEBUG: Found 0 versions in metadata: [] INFO
2025-12-31 19:08:10,844 - System.tprint - INFO - ℹ️ 🐛 DEBUG: Found 0 versions in metadata: [] INFO
[2025-12-31 19:08:10.844] 🐛 DEBUG: Found 0 versions in HDF5: [] INFO
2025-12-31 19:08:10,844 - System.tprint - INFO - ℹ️ 🐛 DEBUG: Found 0 versions in HDF5: [] INFO
[2025-12-31 19:08:10.844] 🐛 DEBUG: _load_metadata() checking versioned_artifacts/ETHUSDT_binance_15m_long_regime/metadata.json INFO
2025-12-31 19:08:10,844 - System.tprint - INFO - ℹ️ 🐛 DEBUG: _load_metadata() checking versioned_artifacts/ETHUSDT_binance_15m_long_regime/metadata.json INFO
[2025-12-31 19:08:10.844] 🐛 DEBUG: Metadata file exists, size: 200 bytes INFO
2025-12-31 19:08:10,844 - System.tprint - INFO - ℹ️ 🐛 DEBUG: Metadata file exists, size: 200 bytes INFO
[2025-12-31 19:08:10.844] 🐛 DEBUG: Successfully loaded metadata with 0 versions INFO
2025-12-31 19:08:10,845 - System.tprint - INFO - ℹ️ 🐛 DEBUG: Successfully loaded metadata with 0 versions INFO
[2025-12-31 19:08:10.844] 🐛 DEBUG: list_versions() called INFO
2025-12-31 19:08:10,845 - System.tprint - INFO - ℹ️ 🐛 DEBUG: list_versions() called INFO
[2025-12-31 19:08:10.844] 🐛 DEBUG: Metadata file exists: True INFO
2025-12-31 19:08:10,845 - System.tprint - INFO - ℹ️ 🐛 DEBUG: Metadata file exists: True INFO
[2025-12-31 19:08:10.844] 🐛 DEBUG: HDF5 file exists: True INFO
2025-12-31 19:08:10,845 - System.tprint - INFO - ℹ️ 🐛 DEBUG: HDF5 file exists: True INFO
[2025-12-31 19:08:10.845] 🐛 DEBUG: Reloading metadata to get latest versions INFO
2025-12-31 19:08:10,845 - System.tprint - INFO - ℹ️ 🐛 DEBUG: Reloading metadata to get latest versions INFO
[2025-12-31 19:08:10.845] 🐛 DEBUG: _load_metadata() checking versioned_artifacts/ETHUSDT_binance_15m_long_regime/metadata.json INFO
2025-12-31 19:08:10,845 - System.tprint - INFO - ℹ️ 🐛 DEBUG: _load_metadata() checking versioned_artifacts/ETHUSDT_binance_15m_long_regime/metadata.json INFO
[2025-12-31 19:08:10.845] 🐛 DEBUG: Metadata file exists, size: 200 bytes INFO
2025-12-31 19:08:10,845 - System.tprint - INFO - ℹ️ 🐛 DEBUG: Metadata file exists, size: 200 bytes INFO
[2025-12-31 19:08:10.845] 🐛 DEBUG: Successfully loaded metadata with 0 versions INFO
2025-12-31 19:08:10,845 - System.tprint - INFO - ℹ️ 🐛 DEBUG: Successfully loaded metadata with 0 versions INFO
[2025-12-31 19:08:10.845] 🐛 DEBUG: Found 0 versions in metadata: [] INFO
2025-12-31 19:08:10,845 - System.tprint - INFO - ℹ️ 🐛 DEBUG: Found 0 versions in metadata: [] INFO
[2025-12-31 19:08:10.845] 🐛 DEBUG: Found 0 versions in HDF5: [] INFO
2025-12-31 19:08:10,845 - System.tprint - INFO - ℹ️ 🐛 DEBUG: Found 0 versions in HDF5: [] INFO
[2025-12-31 19:08:10.845] 🐛 DEBUG: _load_metadata() checking versioned_artifacts/ETHUSDT_binance_1h_long_smc_regime/metadata.json INFO
2025-12-31 19:08:10,846 - System.tprint - INFO - ℹ️ 🐛 DEBUG: _load_metadata() checking versioned_artifacts/ETHUSDT_binance_1h_long_smc_regime/metadata.json INFO
[2025-12-31 19:08:10.846] 🐛 DEBUG: Metadata file exists, size: 3536 bytes INFO
2025-12-31 19:08:10,846 - System.tprint - INFO - ℹ️ 🐛 DEBUG: Metadata file exists, size: 3536 bytes INFO
[2025-12-31 19:08:10.846] 🐛 DEBUG: Successfully loaded metadata with 5 versions INFO
2025-12-31 19:08:10,846 - System.tprint - INFO - ℹ️ 🐛 DEBUG: Successfully loaded metadata with 5 versions INFO
[2025-12-31 19:08:10.846] 🐛 DEBUG: list_versions() called INFO
2025-12-31 19:08:10,846 - System.tprint - INFO - ℹ️ 🐛 DEBUG: list_versions() called INFO
[2025-12-31 19:08:10.846] 🐛 DEBUG: Metadata file exists: True INFO
2025-12-31 19:08:10,846 - System.tprint - INFO - ℹ️ 🐛 DEBUG: Metadata file exists: True INFO
[2025-12-31 19:08:10.846] 🐛 DEBUG: HDF5 file exists: True INFO
2025-12-31 19:08:10,846 - System.tprint - INFO - ℹ️ 🐛 DEBUG: HDF5 file exists: True INFO
[2025-12-31 19:08:10.846] 🐛 DEBUG: Reloading metadata to get latest versions INFO
2025-12-31 19:08:10,846 - System.tprint - INFO - ℹ️ 🐛 DEBUG: Reloading metadata to get latest versions INFO
[2025-12-31 19:08:10.846] 🐛 DEBUG: _load_metadata() checking versioned_artifacts/ETHUSDT_binance_1h_long_smc_regime/metadata.json INFO
2025-12-31 19:08:10,846 - System.tprint - INFO - ℹ️ 🐛 DEBUG: _load_metadata() checking versioned_artifacts/ETHUSDT_binance_1h_long_smc_regime/metadata.json INFO
[2025-12-31 19:08:10.846] 🐛 DEBUG: Metadata file exists, size: 3536 bytes INFO
2025-12-31 19:08:10,847 - System.tprint - INFO - ℹ️ 🐛 DEBUG: Metadata file exists, size: 3536 bytes INFO
[2025-12-31 19:08:10.846] 🐛 DEBUG: Successfully loaded metadata with 5 versions INFO
2025-12-31 19:08:10,847 - System.tprint - INFO - ℹ️ 🐛 DEBUG: Successfully loaded metadata with 5 versions INFO
[2025-12-31 19:08:10.846] 🐛 DEBUG: Found 5 versions in metadata: ['smc_predictions_with_confidence_20251124_233038_087', 'smc_predictions_with_confidence_20251125_001011_321', 'smc_predictions_with_confidence_20251125_001842_252', 'smc_predictions_with_confidence_20251126_003009_061', 'smc_predictions_with_confidence_20251126_003415_856'] INFO
2025-12-31 19:08:10,847 - System.tprint - INFO - ℹ️ 🐛 DEBUG: Found 5 versions in metadata: ['smc_predictions_with_confidence_20251124_233038_087', 'smc_predictions_with_confidence_20251125_001011_321', 'smc_predictions_with_confidence_20251125_001842_252', 'smc_predictions_with_confidence_20251126_003009_061', 'smc_predictions_with_confidence_20251126_003415_856'] INFO
[2025-12-31 19:08:10.847] 🐛 DEBUG: Found 5 versions in HDF5: ['smc_predictions_with_confidence_20251124_233038_087', 'smc_predictions_with_confidence_20251125_001011_321', 'smc_predictions_with_confidence_20251125_001842_252', 'smc_predictions_with_confidence_20251126_003009_061', 'smc_predictions_with_confidence_20251126_003415_856'] INFO
2025-12-31 19:08:10,847 - System.tprint - INFO - ℹ️ 🐛 DEBUG: Found 5 versions in HDF5: ['smc_predictions_with_confidence_20251124_233038_087', 'smc_predictions_with_confidence_20251125_001011_321', 'smc_predictions_with_confidence_20251125_001842_252', 'smc_predictions_with_confidence_20251126_003009_061', 'smc_predictions_with_confidence_20251126_003415_856'] INFO
[2025-12-31 19:08:10.847] 🐛 DEBUG: _load_metadata() checking versioned_artifacts/ETHUSDT_binance_15m_long_regime_path/metadata.json INFO
2025-12-31 19:08:10,847 - System.tprint - INFO - ℹ️ 🐛 DEBUG: _load_metadata() checking versioned_artifacts/ETHUSDT_binance_15m_long_regime_path/metadata.json INFO
[2025-12-31 19:08:10.847] 🐛 DEBUG: Metadata file exists, size: 200 bytes INFO
2025-12-31 19:08:10,847 - System.tprint - INFO - ℹ️ 🐛 DEBUG: Metadata file exists, size: 200 bytes INFO
[2025-12-31 19:08:10.847] 🐛 DEBUG: Successfully loaded metadata with 0 versions INFO
2025-12-31 19:08:10,847 - System.tprint - INFO - ℹ️ 🐛 DEBUG: Successfully loaded metadata with 0 versions INFO
[2025-12-31 19:08:10.847] 🐛 DEBUG: list_versions() called INFO
2025-12-31 19:08:10,848 - System.tprint - INFO - ℹ️ 🐛 DEBUG: list_versions() called INFO
[2025-12-31 19:08:10.847] 🐛 DEBUG: Metadata file exists: True INFO
2025-12-31 19:08:10,848 - System.tprint - INFO - ℹ️ 🐛 DEBUG: Metadata file exists: True INFO
[2025-12-31 19:08:10.847] 🐛 DEBUG: HDF5 file exists: True INFO
2025-12-31 19:08:10,848 - System.tprint - INFO - ℹ️ 🐛 DEBUG: HDF5 file exists: True INFO
[2025-12-31 19:08:10.847] 🐛 DEBUG: Reloading metadata to get latest versions INFO
2025-12-31 19:08:10,848 - System.tprint - INFO - ℹ️ 🐛 DEBUG: Reloading metadata to get latest versions INFO
[2025-12-31 19:08:10.847] 🐛 DEBUG: _load_metadata() checking versioned_artifacts/ETHUSDT_binance_15m_long_regime_path/metadata.json INFO
2025-12-31 19:08:10,848 - System.tprint - INFO - ℹ️ 🐛 DEBUG: _load_metadata() checking versioned_artifacts/ETHUSDT_binance_15m_long_regime_path/metadata.json INFO
[2025-12-31 19:08:10.848] 🐛 DEBUG: Metadata file exists, size: 200 bytes INFO
2025-12-31 19:08:10,848 - System.tprint - INFO - ℹ️ 🐛 DEBUG: Metadata file exists, size: 200 bytes INFO
[2025-12-31 19:08:10.848] 🐛 DEBUG: Successfully loaded metadata with 0 versions INFO
2025-12-31 19:08:10,848 - System.tprint - INFO - ℹ️ 🐛 DEBUG: Successfully loaded metadata with 0 versions INFO
[2025-12-31 19:08:10.848] 🐛 DEBUG: Found 0 versions in metadata: [] INFO
2025-12-31 19:08:10,848 - System.tprint - INFO - ℹ️ 🐛 DEBUG: Found 0 versions in metadata: [] INFO
[2025-12-31 19:08:10.848] 🐛 DEBUG: Found 0 versions in HDF5: [] INFO
2025-12-31 19:08:10,848 - System.tprint - INFO - ℹ️ 🐛 DEBUG: Found 0 versions in HDF5: [] INFO
[2025-12-31 19:08:10.848] 🐛 DEBUG: _load_metadata() checking versioned_artifacts/ETHUSDT_binance_1h_long_light/metadata.json INFO
2025-12-31 19:08:10,849 - System.tprint - INFO - ℹ️ 🐛 DEBUG: _load_metadata() checking versioned_artifacts/ETHUSDT_binance_1h_long_light/metadata.json INFO
[2025-12-31 19:08:10.848] 🐛 DEBUG: Metadata file exists, size: 139 bytes INFO
2025-12-31 19:08:10,849 - System.tprint - INFO - ℹ️ 🐛 DEBUG: Metadata file exists, size: 139 bytes INFO
[2025-12-31 19:08:10.848] 🐛 DEBUG: Successfully loaded metadata with 0 versions INFO
2025-12-31 19:08:10,849 - System.tprint - INFO - ℹ️ 🐛 DEBUG: Successfully loaded metadata with 0 versions INFO
[2025-12-31 19:08:10.848] 🐛 DEBUG: list_versions() called INFO
2025-12-31 19:08:10,849 - System.tprint - INFO - ℹ️ 🐛 DEBUG: list_versions() called INFO
[2025-12-31 19:08:10.849] 🐛 DEBUG: Metadata file exists: True INFO
2025-12-31 19:08:10,849 - System.tprint - INFO - ℹ️ 🐛 DEBUG: Metadata file exists: True INFO
[2025-12-31 19:08:10.849] 🐛 DEBUG: HDF5 file exists: True INFO
2025-12-31 19:08:10,849 - System.tprint - INFO - ℹ️ 🐛 DEBUG: HDF5 file exists: True INFO
[2025-12-31 19:08:10.849] 🐛 DEBUG: Reloading metadata to get latest versions INFO
2025-12-31 19:08:10,849 - System.tprint - INFO - ℹ️ 🐛 DEBUG: Reloading metadata to get latest versions INFO
[2025-12-31 19:08:10.849] 🐛 DEBUG: _load_metadata() checking versioned_artifacts/ETHUSDT_binance_1h_long_light/metadata.json INFO
2025-12-31 19:08:10,849 - System.tprint - INFO - ℹ️ 🐛 DEBUG: _load_metadata() checking versioned_artifacts/ETHUSDT_binance_1h_long_light/metadata.json INFO
[2025-12-31 19:08:10.849] 🐛 DEBUG: Metadata file exists, size: 139 bytes INFO
2025-12-31 19:08:10,849 - System.tprint - INFO - ℹ️ 🐛 DEBUG: Metadata file exists, size: 139 bytes INFO
[2025-12-31 19:08:10.849] 🐛 DEBUG: Successfully loaded metadata with 0 versions INFO
2025-12-31 19:08:10,849 - System.tprint - INFO - ℹ️ 🐛 DEBUG: Successfully loaded metadata with 0 versions INFO
[2025-12-31 19:08:10.849] 🐛 DEBUG: Found 0 versions in metadata: [] INFO
2025-12-31 19:08:10,849 - System.tprint - INFO - ℹ️ 🐛 DEBUG: Found 0 versions in metadata: [] INFO
[2025-12-31 19:08:10.849] 🐛 DEBUG: Found 0 versions in HDF5: [] INFO
2025-12-31 19:08:10,850 - System.tprint - INFO - ℹ️ 🐛 DEBUG: Found 0 versions in HDF5: [] INFO
[2025-12-31 19:08:10.849] 🐛 DEBUG: _load_metadata() checking versioned_artifacts/ETHUSDT_binance_15m_long_light/metadata.json INFO
2025-12-31 19:08:10,850 - System.tprint - INFO - ℹ️ 🐛 DEBUG: _load_metadata() checking versioned_artifacts/ETHUSDT_binance_15m_long_light/metadata.json INFO
[2025-12-31 19:08:10.850] 🐛 DEBUG: Metadata file exists, size: 1538 bytes INFO
2025-12-31 19:08:10,850 - System.tprint - INFO - ℹ️ 🐛 DEBUG: Metadata file exists, size: 1538 bytes INFO
[2025-12-31 19:08:10.850] 🐛 DEBUG: Successfully loaded metadata with 3 versions INFO
2025-12-31 19:08:10,850 - System.tprint - INFO - ℹ️ 🐛 DEBUG: Successfully loaded metadata with 3 versions INFO
[2025-12-31 19:08:10.850] 🐛 DEBUG: list_versions() called INFO
2025-12-31 19:08:10,850 - System.tprint - INFO - ℹ️ 🐛 DEBUG: list_versions() called INFO
[2025-12-31 19:08:10.850] 🐛 DEBUG: Metadata file exists: True INFO
2025-12-31 19:08:10,850 - System.tprint - INFO - ℹ️ 🐛 DEBUG: Metadata file exists: True INFO
[2025-12-31 19:08:10.850] 🐛 DEBUG: HDF5 file exists: True INFO
2025-12-31 19:08:10,850 - System.tprint - INFO - ℹ️ 🐛 DEBUG: HDF5 file exists: True INFO
[2025-12-31 19:08:10.850] 🐛 DEBUG: Reloading metadata to get latest versions INFO
2025-12-31 19:08:10,850 - System.tprint - INFO - ℹ️ 🐛 DEBUG: Reloading metadata to get latest versions INFO
[2025-12-31 19:08:10.850] 🐛 DEBUG: _load_metadata() checking versioned_artifacts/ETHUSDT_binance_15m_long_light/metadata.json INFO
2025-12-31 19:08:10,851 - System.tprint - INFO - ℹ️ 🐛 DEBUG: _load_metadata() checking versioned_artifacts/ETHUSDT_binance_15m_long_light/metadata.json INFO
[2025-12-31 19:08:10.850] 🐛 DEBUG: Metadata file exists, size: 1538 bytes INFO
2025-12-31 19:08:10,851 - System.tprint - INFO - ℹ️ 🐛 DEBUG: Metadata file exists, size: 1538 bytes INFO
[2025-12-31 19:08:10.850] 🐛 DEBUG: Successfully loaded metadata with 3 versions INFO
2025-12-31 19:08:10,851 - System.tprint - INFO - ℹ️ 🐛 DEBUG: Successfully loaded metadata with 3 versions INFO
[2025-12-31 19:08:10.850] 🐛 DEBUG: Found 3 versions in metadata: ['selected_features_60_20251109_191448_625', 'selected_features_50_20251109_191448_653', 'selected_features_40_20251109_191448_677'] INFO
2025-12-31 19:08:10,851 - System.tprint - INFO - ℹ️ 🐛 DEBUG: Found 3 versions in metadata: ['selected_features_60_20251109_191448_625', 'selected_features_50_20251109_191448_653', 'selected_features_40_20251109_191448_677'] INFO
[2025-12-31 19:08:10.851] 🐛 DEBUG: Found 3 versions in HDF5: ['selected_features_40_20251109_191448_677', 'selected_features_50_20251109_191448_653', 'selected_features_60_20251109_191448_625'] INFO
2025-12-31 19:08:10,851 - System.tprint - INFO - ℹ️ 🐛 DEBUG: Found 3 versions in HDF5: ['selected_features_40_20251109_191448_677', 'selected_features_50_20251109_191448_653', 'selected_features_60_20251109_191448_625'] INFO
[2025-12-31 19:08:10.853] 🐛 DEBUG: _load_metadata() checking versioned_artifacts/ETHUSDT_binance_15m_long_regime_macro_trend/metadata.json INFO
2025-12-31 19:08:10,853 - System.tprint - INFO - ℹ️ 🐛 DEBUG: _load_metadata() checking versioned_artifacts/ETHUSDT_binance_15m_long_regime_macro_trend/metadata.json INFO
[2025-12-31 19:08:10.853] 🐛 DEBUG: Metadata file exists, size: 5567 bytes INFO
2025-12-31 19:08:10,853 - System.tprint - INFO - ℹ️ 🐛 DEBUG: Metadata file exists, size: 5567 bytes INFO
[2025-12-31 19:08:10.853] 🐛 DEBUG: Successfully loaded metadata with 2 versions INFO
2025-12-31 19:08:10,853 - System.tprint - INFO - ℹ️ 🐛 DEBUG: Successfully loaded metadata with 2 versions INFO
[2025-12-31 19:08:10.853] 🐛 DEBUG: list_versions() called INFO
2025-12-31 19:08:10,853 - System.tprint - INFO - ℹ️ 🐛 DEBUG: list_versions() called INFO
[2025-12-31 19:08:10.853] 🐛 DEBUG: Metadata file exists: True INFO
2025-12-31 19:08:10,853 - System.tprint - INFO - ℹ️ 🐛 DEBUG: Metadata file exists: True INFO
[2025-12-31 19:08:10.853] 🐛 DEBUG: HDF5 file exists: True INFO
2025-12-31 19:08:10,853 - System.tprint - INFO - ℹ️ 🐛 DEBUG: HDF5 file exists: True INFO
[2025-12-31 19:08:10.853] 🐛 DEBUG: Reloading metadata to get latest versions INFO
2025-12-31 19:08:10,853 - System.tprint - INFO - ℹ️ 🐛 DEBUG: Reloading metadata to get latest versions INFO
[2025-12-31 19:08:10.853] 🐛 DEBUG: _load_metadata() checking versioned_artifacts/ETHUSDT_binance_15m_long_regime_macro_trend/metadata.json INFO
2025-12-31 19:08:10,853 - System.tprint - INFO - ℹ️ 🐛 DEBUG: _load_metadata() checking versioned_artifacts/ETHUSDT_binance_15m_long_regime_macro_trend/metadata.json INFO
[2025-12-31 19:08:10.853] 🐛 DEBUG: Metadata file exists, size: 5567 bytes INFO
2025-12-31 19:08:10,853 - System.tprint - INFO - ℹ️ 🐛 DEBUG: Metadata file exists, size: 5567 bytes INFO
[2025-12-31 19:08:10.854] 🐛 DEBUG: Successfully loaded metadata with 2 versions INFO
2025-12-31 19:08:10,854 - System.tprint - INFO - ℹ️ 🐛 DEBUG: Successfully loaded metadata with 2 versions INFO
[2025-12-31 19:08:10.854] 🐛 DEBUG: Found 2 versions in metadata: ['hmm_macro_trend_training_data_15m_20251213_170722_611', 'hmm_macro_trend_regime_stats_15m_20251213_170725_853'] INFO
2025-12-31 19:08:10,854 - System.tprint - INFO - ℹ️ 🐛 DEBUG: Found 2 versions in metadata: ['hmm_macro_trend_training_data_15m_20251213_170722_611', 'hmm_macro_trend_regime_stats_15m_20251213_170725_853'] INFO
[2025-12-31 19:08:10.854] 🐛 DEBUG: Found 2 versions in HDF5: ['hmm_macro_trend_regime_stats_15m_20251213_170725_853', 'hmm_macro_trend_training_data_15m_20251213_170722_611'] INFO
2025-12-31 19:08:10,854 - System.tprint - INFO - ℹ️ 🐛 DEBUG: Found 2 versions in HDF5: ['hmm_macro_trend_regime_stats_15m_20251213_170725_853', 'hmm_macro_trend_training_data_15m_20251213_170722_611'] INFO
[2025-12-31 19:08:10.854] 🐛 DEBUG: _load_metadata() checking versioned_artifacts/ETHUSDT_binance_1h_long_full/metadata.json INFO
2025-12-31 19:08:10,855 - System.tprint - INFO - ℹ️ 🐛 DEBUG: _load_metadata() checking versioned_artifacts/ETHUSDT_binance_1h_long_full/metadata.json INFO
[2025-12-31 19:08:10.855] 🐛 DEBUG: Metadata file exists, size: 139 bytes INFO
2025-12-31 19:08:10,855 - System.tprint - INFO - ℹ️ 🐛 DEBUG: Metadata file exists, size: 139 bytes INFO
[2025-12-31 19:08:10.855] 🐛 DEBUG: Successfully loaded metadata with 0 versions INFO
2025-12-31 19:08:10,855 - System.tprint - INFO - ℹ️ 🐛 DEBUG: Successfully loaded metadata with 0 versions INFO
[2025-12-31 19:08:10.855] 🐛 DEBUG: list_versions() called INFO
2025-12-31 19:08:10,855 - System.tprint - INFO - ℹ️ 🐛 DEBUG: list_versions() called INFO
[2025-12-31 19:08:10.855] 🐛 DEBUG: Metadata file exists: True INFO
2025-12-31 19:08:10,855 - System.tprint - INFO - ℹ️ 🐛 DEBUG: Metadata file exists: True INFO
[2025-12-31 19:08:10.855] 🐛 DEBUG: HDF5 file exists: True INFO
2025-12-31 19:08:10,855 - System.tprint - INFO - ℹ️ 🐛 DEBUG: HDF5 file exists: True INFO
[2025-12-31 19:08:10.855] 🐛 DEBUG: Reloading metadata to get latest versions INFO
2025-12-31 19:08:10,855 - System.tprint - INFO - ℹ️ 🐛 DEBUG: Reloading metadata to get latest versions INFO
[2025-12-31 19:08:10.855] 🐛 DEBUG: _load_metadata() checking versioned_artifacts/ETHUSDT_binance_1h_long_full/metadata.json INFO
2025-12-31 19:08:10,855 - System.tprint - INFO - ℹ️ 🐛 DEBUG: _load_metadata() checking versioned_artifacts/ETHUSDT_binance_1h_long_full/metadata.json INFO
[2025-12-31 19:08:10.855] 🐛 DEBUG: Metadata file exists, size: 139 bytes INFO
2025-12-31 19:08:10,855 - System.tprint - INFO - ℹ️ 🐛 DEBUG: Metadata file exists, size: 139 bytes INFO
[2025-12-31 19:08:10.855] 🐛 DEBUG: Successfully loaded metadata with 0 versions INFO
2025-12-31 19:08:10,855 - System.tprint - INFO - ℹ️ 🐛 DEBUG: Successfully loaded metadata with 0 versions INFO
[2025-12-31 19:08:10.855] 🐛 DEBUG: Found 0 versions in metadata: [] INFO
2025-12-31 19:08:10,855 - System.tprint - INFO - ℹ️ 🐛 DEBUG: Found 0 versions in metadata: [] INFO
[2025-12-31 19:08:10.856] 🐛 DEBUG: Found 0 versions in HDF5: [] INFO
2025-12-31 19:08:10,856 - System.tprint - INFO - ℹ️ 🐛 DEBUG: Found 0 versions in HDF5: [] INFO
[2025-12-31 19:08:10.856] 🐛 DEBUG: _load_metadata() checking versioned_artifacts/ETHUSDT_binance_15m_short_mean_reversion/metadata.json INFO
2025-12-31 19:08:10,856 - System.tprint - INFO - ℹ️ 🐛 DEBUG: _load_metadata() checking versioned_artifacts/ETHUSDT_binance_15m_short_mean_reversion/metadata.json INFO
[2025-12-31 19:08:10.856] 🐛 DEBUG: Metadata file exists, size: 139 bytes INFO
2025-12-31 19:08:10,856 - System.tprint - INFO - ℹ️ 🐛 DEBUG: Metadata file exists, size: 139 bytes INFO
[2025-12-31 19:08:10.856] 🐛 DEBUG: Successfully loaded metadata with 0 versions INFO
2025-12-31 19:08:10,856 - System.tprint - INFO - ℹ️ 🐛 DEBUG: Successfully loaded metadata with 0 versions INFO
[2025-12-31 19:08:10.856] 🐛 DEBUG: list_versions() called INFO
2025-12-31 19:08:10,856 - System.tprint - INFO - ℹ️ 🐛 DEBUG: list_versions() called INFO
[2025-12-31 19:08:10.856] 🐛 DEBUG: Metadata file exists: True INFO
2025-12-31 19:08:10,856 - System.tprint - INFO - ℹ️ 🐛 DEBUG: Metadata file exists: True INFO
[2025-12-31 19:08:10.856] 🐛 DEBUG: HDF5 file exists: True INFO
2025-12-31 19:08:10,857 - System.tprint - INFO - ℹ️ 🐛 DEBUG: HDF5 file exists: True INFO
[2025-12-31 19:08:10.856] 🐛 DEBUG: Reloading metadata to get latest versions INFO
2025-12-31 19:08:10,857 - System.tprint - INFO - ℹ️ 🐛 DEBUG: Reloading metadata to get latest versions INFO
[2025-12-31 19:08:10.856] 🐛 DEBUG: _load_metadata() checking versioned_artifacts/ETHUSDT_binance_15m_short_mean_reversion/metadata.json INFO
2025-12-31 19:08:10,857 - System.tprint - INFO - ℹ️ 🐛 DEBUG: _load_metadata() checking versioned_artifacts/ETHUSDT_binance_15m_short_mean_reversion/metadata.json INFO
[2025-12-31 19:08:10.857] 🐛 DEBUG: Metadata file exists, size: 139 bytes INFO
2025-12-31 19:08:10,857 - System.tprint - INFO - ℹ️ 🐛 DEBUG: Metadata file exists, size: 139 bytes INFO
[2025-12-31 19:08:10.857] 🐛 DEBUG: Successfully loaded metadata with 0 versions INFO
2025-12-31 19:08:10,857 - System.tprint - INFO - ℹ️ 🐛 DEBUG: Successfully loaded metadata with 0 versions INFO
[2025-12-31 19:08:10.857] 🐛 DEBUG: Found 0 versions in metadata: [] INFO
2025-12-31 19:08:10,857 - System.tprint - INFO - ℹ️ 🐛 DEBUG: Found 0 versions in metadata: [] INFO
[2025-12-31 19:08:10.857] 🐛 DEBUG: Found 0 versions in HDF5: [] INFO
2025-12-31 19:08:10,857 - System.tprint - INFO - ℹ️ 🐛 DEBUG: Found 0 versions in HDF5: [] INFO
[2025-12-31 19:08:10.857] 🐛 DEBUG: _load_metadata() checking versioned_artifacts/ETHUSDT_binance_1h_long_regime_risk_hmm/metadata.json INFO
2025-12-31 19:08:10,858 - System.tprint - INFO - ℹ️ 🐛 DEBUG: _load_metadata() checking versioned_artifacts/ETHUSDT_binance_1h_long_regime_risk_hmm/metadata.json INFO
[2025-12-31 19:08:10.857] 🐛 DEBUG: Metadata file exists, size: 139 bytes INFO
2025-12-31 19:08:10,858 - System.tprint - INFO - ℹ️ 🐛 DEBUG: Metadata file exists, size: 139 bytes INFO
[2025-12-31 19:08:10.857] 🐛 DEBUG: Successfully loaded metadata with 0 versions INFO
2025-12-31 19:08:10,858 - System.tprint - INFO - ℹ️ 🐛 DEBUG: Successfully loaded metadata with 0 versions INFO
[2025-12-31 19:08:10.858] 🐛 DEBUG: list_versions() called INFO
2025-12-31 19:08:10,858 - System.tprint - INFO - ℹ️ 🐛 DEBUG: list_versions() called INFO
[2025-12-31 19:08:10.858] 🐛 DEBUG: Metadata file exists: True INFO
2025-12-31 19:08:10,858 - System.tprint - INFO - ℹ️ 🐛 DEBUG: Metadata file exists: True INFO
[2025-12-31 19:08:10.858] 🐛 DEBUG: HDF5 file exists: True INFO
2025-12-31 19:08:10,858 - System.tprint - INFO - ℹ️ 🐛 DEBUG: HDF5 file exists: True INFO
[2025-12-31 19:08:10.858] 🐛 DEBUG: Reloading metadata to get latest versions INFO
2025-12-31 19:08:10,858 - System.tprint - INFO - ℹ️ 🐛 DEBUG: Reloading metadata to get latest versions INFO
[2025-12-31 19:08:10.858] 🐛 DEBUG: _load_metadata() checking versioned_artifacts/ETHUSDT_binance_1h_long_regime_risk_hmm/metadata.json INFO
2025-12-31 19:08:10,858 - System.tprint - INFO - ℹ️ 🐛 DEBUG: _load_metadata() checking versioned_artifacts/ETHUSDT_binance_1h_long_regime_risk_hmm/metadata.json INFO
[2025-12-31 19:08:10.858] 🐛 DEBUG: Metadata file exists, size: 139 bytes INFO
2025-12-31 19:08:10,858 - System.tprint - INFO - ℹ️ 🐛 DEBUG: Metadata file exists, size: 139 bytes INFO
[2025-12-31 19:08:10.858] 🐛 DEBUG: Successfully loaded metadata with 0 versions INFO
2025-12-31 19:08:10,858 - System.tprint - INFO - ℹ️ 🐛 DEBUG: Successfully loaded metadata with 0 versions INFO
[2025-12-31 19:08:10.858] 🐛 DEBUG: Found 0 versions in metadata: [] INFO
2025-12-31 19:08:10,858 - System.tprint - INFO - ℹ️ 🐛 DEBUG: Found 0 versions in metadata: [] INFO
[2025-12-31 19:08:10.858] 🐛 DEBUG: Found 0 versions in HDF5: [] INFO
2025-12-31 19:08:10,859 - System.tprint - INFO - ℹ️ 🐛 DEBUG: Found 0 versions in HDF5: [] INFO
[2025-12-31 19:08:10.859] 🐛 DEBUG: _load_metadata() checking versioned_artifacts/ETHUSDT_binance_1h_long_regime_risk/metadata.json INFO
2025-12-31 19:08:10,859 - System.tprint - INFO - ℹ️ 🐛 DEBUG: _load_metadata() checking versioned_artifacts/ETHUSDT_binance_1h_long_regime_risk/metadata.json INFO
[2025-12-31 19:08:10.859] 🐛 DEBUG: Metadata file exists, size: 139 bytes INFO
2025-12-31 19:08:10,859 - System.tprint - INFO - ℹ️ 🐛 DEBUG: Metadata file exists, size: 139 bytes INFO
[2025-12-31 19:08:10.859] 🐛 DEBUG: Successfully loaded metadata with 0 versions INFO
2025-12-31 19:08:10,859 - System.tprint - INFO - ℹ️ 🐛 DEBUG: Successfully loaded metadata with 0 versions INFO
[2025-12-31 19:08:10.859] 🐛 DEBUG: list_versions() called INFO
2025-12-31 19:08:10,859 - System.tprint - INFO - ℹ️ 🐛 DEBUG: list_versions() called INFO
[2025-12-31 19:08:10.859] 🐛 DEBUG: Metadata file exists: True INFO
2025-12-31 19:08:10,859 - System.tprint - INFO - ℹ️ 🐛 DEBUG: Metadata file exists: True INFO
[2025-12-31 19:08:10.859] 🐛 DEBUG: HDF5 file exists: True INFO
2025-12-31 19:08:10,859 - System.tprint - INFO - ℹ️ 🐛 DEBUG: HDF5 file exists: True INFO
[2025-12-31 19:08:10.859] 🐛 DEBUG: Reloading metadata to get latest versions INFO
2025-12-31 19:08:10,859 - System.tprint - INFO - ℹ️ 🐛 DEBUG: Reloading metadata to get latest versions INFO
[2025-12-31 19:08:10.859] 🐛 DEBUG: _load_metadata() checking versioned_artifacts/ETHUSDT_binance_1h_long_regime_risk/metadata.json INFO
2025-12-31 19:08:10,859 - System.tprint - INFO - ℹ️ 🐛 DEBUG: _load_metadata() checking versioned_artifacts/ETHUSDT_binance_1h_long_regime_risk/metadata.json INFO
[2025-12-31 19:08:10.859] 🐛 DEBUG: Metadata file exists, size: 139 bytes INFO
2025-12-31 19:08:10,860 - System.tprint - INFO - ℹ️ 🐛 DEBUG: Metadata file exists, size: 139 bytes INFO
[2025-12-31 19:08:10.860] 🐛 DEBUG: Successfully loaded metadata with 0 versions INFO
2025-12-31 19:08:10,860 - System.tprint - INFO - ℹ️ 🐛 DEBUG: Successfully loaded metadata with 0 versions INFO
[2025-12-31 19:08:10.860] 🐛 DEBUG: Found 0 versions in metadata: [] INFO
2025-12-31 19:08:10,860 - System.tprint - INFO - ℹ️ 🐛 DEBUG: Found 0 versions in metadata: [] INFO
[2025-12-31 19:08:10.860] 🐛 DEBUG: Found 0 versions in HDF5: [] INFO
2025-12-31 19:08:10,861 - System.tprint - INFO - ℹ️ 🐛 DEBUG: Found 0 versions in HDF5: [] INFO
[2025-12-31 19:08:10.860] 🐛 DEBUG: _load_metadata() checking versioned_artifacts/ETHUSDT_binance_1h_long_blank/metadata.json INFO
2025-12-31 19:08:10,861 - System.tprint - INFO - ℹ️ 🐛 DEBUG: _load_metadata() checking versioned_artifacts/ETHUSDT_binance_1h_long_blank/metadata.json INFO
[2025-12-31 19:08:10.861] 🐛 DEBUG: Metadata file exists, size: 139 bytes INFO
2025-12-31 19:08:10,861 - System.tprint - INFO - ℹ️ 🐛 DEBUG: Metadata file exists, size: 139 bytes INFO
[2025-12-31 19:08:10.861] 🐛 DEBUG: Successfully loaded metadata with 0 versions INFO
2025-12-31 19:08:10,861 - System.tprint - INFO - ℹ️ 🐛 DEBUG: Successfully loaded metadata with 0 versions INFO
[2025-12-31 19:08:10.861] 🐛 DEBUG: list_versions() called INFO
2025-12-31 19:08:10,861 - System.tprint - INFO - ℹ️ 🐛 DEBUG: list_versions() called INFO
[2025-12-31 19:08:10.861] 🐛 DEBUG: Metadata file exists: True INFO
2025-12-31 19:08:10,862 - System.tprint - INFO - ℹ️ 🐛 DEBUG: Metadata file exists: True INFO
[2025-12-31 19:08:10.861] 🐛 DEBUG: HDF5 file exists: True INFO
2025-12-31 19:08:10,862 - System.tprint - INFO - ℹ️ 🐛 DEBUG: HDF5 file exists: True INFO
[2025-12-31 19:08:10.861] 🐛 DEBUG: Reloading metadata to get latest versions INFO
2025-12-31 19:08:10,862 - System.tprint - INFO - ℹ️ 🐛 DEBUG: Reloading metadata to get latest versions INFO
[2025-12-31 19:08:10.861] 🐛 DEBUG: _load_metadata() checking versioned_artifacts/ETHUSDT_binance_1h_long_blank/metadata.json INFO
2025-12-31 19:08:10,862 - System.tprint - INFO - ℹ️ 🐛 DEBUG: _load_metadata() checking versioned_artifacts/ETHUSDT_binance_1h_long_blank/metadata.json INFO
[2025-12-31 19:08:10.861] 🐛 DEBUG: Metadata file exists, size: 139 bytes INFO
2025-12-31 19:08:10,862 - System.tprint - INFO - ℹ️ 🐛 DEBUG: Metadata file exists, size: 139 bytes INFO
[2025-12-31 19:08:10.861] 🐛 DEBUG: Successfully loaded metadata with 0 versions INFO
2025-12-31 19:08:10,862 - System.tprint - INFO - ℹ️ 🐛 DEBUG: Successfully loaded metadata with 0 versions INFO
[2025-12-31 19:08:10.861] 🐛 DEBUG: Found 0 versions in metadata: [] INFO
2025-12-31 19:08:10,862 - System.tprint - INFO - ℹ️ 🐛 DEBUG: Found 0 versions in metadata: [] INFO
[2025-12-31 19:08:10.862] 🐛 DEBUG: Found 0 versions in HDF5: [] INFO
2025-12-31 19:08:10,862 - System.tprint - INFO - ℹ️ 🐛 DEBUG: Found 0 versions in HDF5: [] INFO
[2025-12-31 19:08:10.862] 🐛 DEBUG: _load_metadata() checking versioned_artifacts/ETHUSDT_binance_15m_long_regime_mr_trend/metadata.json INFO
2025-12-31 19:08:10,863 - System.tprint - INFO - ℹ️ 🐛 DEBUG: _load_metadata() checking versioned_artifacts/ETHUSDT_binance_15m_long_regime_mr_trend/metadata.json INFO
[2025-12-31 19:08:10.862] 🐛 DEBUG: Metadata file exists, size: 139 bytes INFO
2025-12-31 19:08:10,863 - System.tprint - INFO - ℹ️ 🐛 DEBUG: Metadata file exists, size: 139 bytes INFO
[2025-12-31 19:08:10.862] 🐛 DEBUG: Successfully loaded metadata with 0 versions INFO
2025-12-31 19:08:10,863 - System.tprint - INFO - ℹ️ 🐛 DEBUG: Successfully loaded metadata with 0 versions INFO
[2025-12-31 19:08:10.862] 🐛 DEBUG: list_versions() called INFO
2025-12-31 19:08:10,863 - System.tprint - INFO - ℹ️ 🐛 DEBUG: list_versions() called INFO
[2025-12-31 19:08:10.862] 🐛 DEBUG: Metadata file exists: True INFO
2025-12-31 19:08:10,863 - System.tprint - INFO - ℹ️ 🐛 DEBUG: Metadata file exists: True INFO
[2025-12-31 19:08:10.862] 🐛 DEBUG: HDF5 file exists: True INFO
2025-12-31 19:08:10,863 - System.tprint - INFO - ℹ️ 🐛 DEBUG: HDF5 file exists: True INFO
[2025-12-31 19:08:10.862] 🐛 DEBUG: Reloading metadata to get latest versions INFO
2025-12-31 19:08:10,863 - System.tprint - INFO - ℹ️ 🐛 DEBUG: Reloading metadata to get latest versions INFO
[2025-12-31 19:08:10.862] 🐛 DEBUG: _load_metadata() checking versioned_artifacts/ETHUSDT_binance_15m_long_regime_mr_trend/metadata.json INFO
2025-12-31 19:08:10,863 - System.tprint - INFO - ℹ️ 🐛 DEBUG: _load_metadata() checking versioned_artifacts/ETHUSDT_binance_15m_long_regime_mr_trend/metadata.json INFO
[2025-12-31 19:08:10.862] 🐛 DEBUG: Metadata file exists, size: 139 bytes INFO
2025-12-31 19:08:10,863 - System.tprint - INFO - ℹ️ 🐛 DEBUG: Metadata file exists, size: 139 bytes INFO
[2025-12-31 19:08:10.863] 🐛 DEBUG: Successfully loaded metadata with 0 versions INFO
2025-12-31 19:08:10,863 - System.tprint - INFO - ℹ️ 🐛 DEBUG: Successfully loaded metadata with 0 versions INFO
[2025-12-31 19:08:10.863] 🐛 DEBUG: Found 0 versions in metadata: [] INFO
2025-12-31 19:08:10,863 - System.tprint - INFO - ℹ️ 🐛 DEBUG: Found 0 versions in metadata: [] INFO
[2025-12-31 19:08:10.863] 🐛 DEBUG: Found 0 versions in HDF5: [] INFO
2025-12-31 19:08:10,864 - System.tprint - INFO - ℹ️ 🐛 DEBUG: Found 0 versions in HDF5: [] INFO
[2025-12-31 19:08:10.863] 🐛 DEBUG: _load_metadata() checking versioned_artifacts/ETHUSDT_binance_15m_long_regime_risk_hmm/metadata.json INFO
2025-12-31 19:08:10,864 - System.tprint - INFO - ℹ️ 🐛 DEBUG: _load_metadata() checking versioned_artifacts/ETHUSDT_binance_15m_long_regime_risk_hmm/metadata.json INFO
[2025-12-31 19:08:10.863] 🐛 DEBUG: Metadata file exists, size: 1035 bytes INFO
2025-12-31 19:08:10,864 - System.tprint - INFO - ℹ️ 🐛 DEBUG: Metadata file exists, size: 1035 bytes INFO
[2025-12-31 19:08:10.863] 🐛 DEBUG: Successfully loaded metadata with 1 versions INFO
2025-12-31 19:08:10,864 - System.tprint - INFO - ℹ️ 🐛 DEBUG: Successfully loaded metadata with 1 versions INFO
[2025-12-31 19:08:10.863] 🐛 DEBUG: list_versions() called INFO
2025-12-31 19:08:10,864 - System.tprint - INFO - ℹ️ 🐛 DEBUG: list_versions() called INFO
[2025-12-31 19:08:10.863] 🐛 DEBUG: Metadata file exists: True INFO
2025-12-31 19:08:10,864 - System.tprint - INFO - ℹ️ 🐛 DEBUG: Metadata file exists: True INFO
[2025-12-31 19:08:10.864] 🐛 DEBUG: HDF5 file exists: True INFO
2025-12-31 19:08:10,864 - System.tprint - INFO - ℹ️ 🐛 DEBUG: HDF5 file exists: True INFO
[2025-12-31 19:08:10.864] 🐛 DEBUG: Reloading metadata to get latest versions INFO
2025-12-31 19:08:10,864 - System.tprint - INFO - ℹ️ 🐛 DEBUG: Reloading metadata to get latest versions INFO
[2025-12-31 19:08:10.864] 🐛 DEBUG: _load_metadata() checking versioned_artifacts/ETHUSDT_binance_15m_long_regime_risk_hmm/metadata.json INFO
2025-12-31 19:08:10,865 - System.tprint - INFO - ℹ️ 🐛 DEBUG: _load_metadata() checking versioned_artifacts/ETHUSDT_binance_15m_long_regime_risk_hmm/metadata.json INFO
[2025-12-31 19:08:10.864] 🐛 DEBUG: Metadata file exists, size: 1035 bytes INFO
2025-12-31 19:08:10,865 - System.tprint - INFO - ℹ️ 🐛 DEBUG: Metadata file exists, size: 1035 bytes INFO
[2025-12-31 19:08:10.864] 🐛 DEBUG: Successfully loaded metadata with 1 versions INFO
2025-12-31 19:08:10,865 - System.tprint - INFO - ℹ️ 🐛 DEBUG: Successfully loaded metadata with 1 versions INFO
[2025-12-31 19:08:10.864] 🐛 DEBUG: Found 1 versions in metadata: ['ml_risk_hmm_training_data_15m_20251205_191725_560'] INFO
2025-12-31 19:08:10,865 - System.tprint - INFO - ℹ️ 🐛 DEBUG: Found 1 versions in metadata: ['ml_risk_hmm_training_data_15m_20251205_191725_560'] INFO
[2025-12-31 19:08:10.864] 🐛 DEBUG: Found 1 versions in HDF5: ['ml_risk_hmm_training_data_15m_20251205_191725_560'] INFO
2025-12-31 19:08:10,865 - System.tprint - INFO - ℹ️ 🐛 DEBUG: Found 1 versions in HDF5: ['ml_risk_hmm_training_data_15m_20251205_191725_560'] INFO
[2025-12-31 19:08:10.864] 🐛 DEBUG: _load_metadata() checking versioned_artifacts/ETHUSDT_binance_15m_long_analyst/metadata.json INFO
2025-12-31 19:08:10,865 - System.tprint - INFO - ℹ️ 🐛 DEBUG: _load_metadata() checking versioned_artifacts/ETHUSDT_binance_15m_long_analyst/metadata.json INFO
[2025-12-31 19:08:10.865] 🐛 DEBUG: Metadata file exists, size: 24005 bytes INFO
2025-12-31 19:08:10,865 - System.tprint - INFO - ℹ️ 🐛 DEBUG: Metadata file exists, size: 24005 bytes INFO
[2025-12-31 19:08:10.865] 🐛 DEBUG: Successfully loaded metadata with 8 versions INFO
2025-12-31 19:08:10,866 - System.tprint - INFO - ℹ️ 🐛 DEBUG: Successfully loaded metadata with 8 versions INFO
[2025-12-31 19:08:10.865] 🐛 DEBUG: list_versions() called INFO
2025-12-31 19:08:10,866 - System.tprint - INFO - ℹ️ 🐛 DEBUG: list_versions() called INFO
[2025-12-31 19:08:10.865] 🐛 DEBUG: Metadata file exists: True INFO
2025-12-31 19:08:10,866 - System.tprint - INFO - ℹ️ 🐛 DEBUG: Metadata file exists: True INFO
[2025-12-31 19:08:10.865] 🐛 DEBUG: HDF5 file exists: True INFO
2025-12-31 19:08:10,866 - System.tprint - INFO - ℹ️ 🐛 DEBUG: HDF5 file exists: True INFO
[2025-12-31 19:08:10.865] 🐛 DEBUG: Reloading metadata to get latest versions INFO
2025-12-31 19:08:10,866 - System.tprint - INFO - ℹ️ 🐛 DEBUG: Reloading metadata to get latest versions INFO
[2025-12-31 19:08:10.865] 🐛 DEBUG: _load_metadata() checking versioned_artifacts/ETHUSDT_binance_15m_long_analyst/metadata.json INFO
2025-12-31 19:08:10,866 - System.tprint - INFO - ℹ️ 🐛 DEBUG: _load_metadata() checking versioned_artifacts/ETHUSDT_binance_15m_long_analyst/metadata.json INFO
[2025-12-31 19:08:10.865] 🐛 DEBUG: Metadata file exists, size: 24005 bytes INFO
2025-12-31 19:08:10,866 - System.tprint - INFO - ℹ️ 🐛 DEBUG: Metadata file exists, size: 24005 bytes INFO
[2025-12-31 19:08:10.865] 🐛 DEBUG: Successfully loaded metadata with 8 versions INFO
2025-12-31 19:08:10,866 - System.tprint - INFO - ℹ️ 🐛 DEBUG: Successfully loaded metadata with 8 versions INFO
[2025-12-31 19:08:10.865] 🐛 DEBUG: Found 8 versions in metadata: ['weighted_meta_model_training_matrix_ETHUSDT_binance_15m_long_20251214_184321_623', 'labeled_data_ETHUSDT_binance_15m_long_20251214_220950_753', 'labeled_data_ETHUSDT_binance_15m_long_20251214_224631_542', 'labeled_data_ETHUSDT_binance_15m_long_20251214_233640_586', 'labeled_data_ETHUSDT_binance_15m_long_20251214_235041_562', 'labeled_data_ETHUSDT_15m_20251219_235959_715', 'labeled_data_ETHUSDT_15m_20251220_000301_152', 'labeled_data_ETHUSDT_15m_20251220_000738_204'] INFO
2025-12-31 19:08:10,866 - System.tprint - INFO - ℹ️ 🐛 DEBUG: Found 8 versions in metadata: ['weighted_meta_model_training_matrix_ETHUSDT_binance_15m_long_20251214_184321_623', 'labeled_data_ETHUSDT_binance_15m_long_20251214_220950_753', 'labeled_data_ETHUSDT_binance_15m_long_20251214_224631_542', 'labeled_data_ETHUSDT_binance_15m_long_20251214_233640_586', 'labeled_data_ETHUSDT_binance_15m_long_20251214_235041_562', 'labeled_data_ETHUSDT_15m_20251219_235959_715', 'labeled_data_ETHUSDT_15m_20251220_000301_152', 'labeled_data_ETHUSDT_15m_20251220_000738_204'] INFO
[2025-12-31 19:08:10.867] 🐛 DEBUG: Found 8 versions in HDF5: ['labeled_data_ETHUSDT_15m_20251219_235959_715', 'labeled_data_ETHUSDT_15m_20251220_000301_152', 'labeled_data_ETHUSDT_15m_20251220_000738_204', 'labeled_data_ETHUSDT_binance_15m_long_20251214_220950_753', 'labeled_data_ETHUSDT_binance_15m_long_20251214_224631_542', 'labeled_data_ETHUSDT_binance_15m_long_20251214_233640_586', 'labeled_data_ETHUSDT_binance_15m_long_20251214_235041_562', 'weighted_meta_model_training_matrix_ETHUSDT_binance_15m_long_20251214_184321_623'] INFO
2025-12-31 19:08:10,867 - System.tprint - INFO - ℹ️ 🐛 DEBUG: Found 8 versions in HDF5: ['labeled_data_ETHUSDT_15m_20251219_235959_715', 'labeled_data_ETHUSDT_15m_20251220_000301_152', 'labeled_data_ETHUSDT_15m_20251220_000738_204', 'labeled_data_ETHUSDT_binance_15m_long_20251214_220950_753', 'labeled_data_ETHUSDT_binance_15m_long_20251214_224631_542', 'labeled_data_ETHUSDT_binance_15m_long_20251214_233640_586', 'labeled_data_ETHUSDT_binance_15m_long_20251214_235041_562', 'weighted_meta_model_training_matrix_ETHUSDT_binance_15m_long_20251214_184321_623'] INFO
[2025-12-31 19:08:10.867] 🐛 DEBUG: _load_metadata() checking versioned_artifacts/ETHUSDT_binance_1h_long_regime_macro_trend/metadata.json INFO
2025-12-31 19:08:10,867 - System.tprint - INFO - ℹ️ 🐛 DEBUG: _load_metadata() checking versioned_artifacts/ETHUSDT_binance_1h_long_regime_macro_trend/metadata.json INFO
[2025-12-31 19:08:10.867] 🐛 DEBUG: Metadata file exists, size: 17432 bytes INFO
2025-12-31 19:08:10,867 - System.tprint - INFO - ℹ️ 🐛 DEBUG: Metadata file exists, size: 17432 bytes INFO
[2025-12-31 19:08:10.867] 🐛 DEBUG: Successfully loaded metadata with 5 versions INFO
2025-12-31 19:08:10,867 - System.tprint - INFO - ℹ️ 🐛 DEBUG: Successfully loaded metadata with 5 versions INFO
[2025-12-31 19:08:10.867] 🐛 DEBUG: list_versions() called INFO
2025-12-31 19:08:10,867 - System.tprint - INFO - ℹ️ 🐛 DEBUG: list_versions() called INFO
[2025-12-31 19:08:10.867] 🐛 DEBUG: Metadata file exists: True INFO
2025-12-31 19:08:10,867 - System.tprint - INFO - ℹ️ 🐛 DEBUG: Metadata file exists: True INFO
[2025-12-31 19:08:10.867] 🐛 DEBUG: HDF5 file exists: True INFO
2025-12-31 19:08:10,867 - System.tprint - INFO - ℹ️ 🐛 DEBUG: HDF5 file exists: True INFO
[2025-12-31 19:08:10.867] 🐛 DEBUG: Reloading metadata to get latest versions INFO
2025-12-31 19:08:10,867 - System.tprint - INFO - ℹ️ 🐛 DEBUG: Reloading metadata to get latest versions INFO
[2025-12-31 19:08:10.868] 🐛 DEBUG: _load_metadata() checking versioned_artifacts/ETHUSDT_binance_1h_long_regime_macro_trend/metadata.json INFO
2025-12-31 19:08:10,868 - System.tprint - INFO - ℹ️ 🐛 DEBUG: _load_metadata() checking versioned_artifacts/ETHUSDT_binance_1h_long_regime_macro_trend/metadata.json INFO
[2025-12-31 19:08:10.868] 🐛 DEBUG: Metadata file exists, size: 17432 bytes INFO
2025-12-31 19:08:10,868 - System.tprint - INFO - ℹ️ 🐛 DEBUG: Metadata file exists, size: 17432 bytes INFO
[2025-12-31 19:08:10.869] 🐛 DEBUG: Successfully loaded metadata with 5 versions INFO
2025-12-31 19:08:10,869 - System.tprint - INFO - ℹ️ 🐛 DEBUG: Successfully loaded metadata with 5 versions INFO
[2025-12-31 19:08:10.869] 🐛 DEBUG: Found 5 versions in metadata: ['hmm_macro_trend_regime_quality_1h_20251204_224507_427', 'hmm_macro_trend_regime_quality_1h_20251204_225044_960', 'hmm_macro_trend_regime_quality_1h_20251205_183537_791', 'hmm_macro_trend_regime_quality_1h_20251205_191709_242', 'hmm_macro_trend_regime_quality_1h_20251213_170722_488'] INFO
2025-12-31 19:08:10,869 - System.tprint - INFO - ℹ️ 🐛 DEBUG: Found 5 versions in metadata: ['hmm_macro_trend_regime_quality_1h_20251204_224507_427', 'hmm_macro_trend_regime_quality_1h_20251204_225044_960', 'hmm_macro_trend_regime_quality_1h_20251205_183537_791', 'hmm_macro_trend_regime_quality_1h_20251205_191709_242', 'hmm_macro_trend_regime_quality_1h_20251213_170722_488'] INFO
[2025-12-31 19:08:10.870] 🐛 DEBUG: Found 5 versions in HDF5: ['hmm_macro_trend_regime_quality_1h_20251204_224507_427', 'hmm_macro_trend_regime_quality_1h_20251204_225044_960', 'hmm_macro_trend_regime_quality_1h_20251205_183537_791', 'hmm_macro_trend_regime_quality_1h_20251205_191709_242', 'hmm_macro_trend_regime_quality_1h_20251213_170722_488'] INFO
2025-12-31 19:08:10,870 - System.tprint - INFO - ℹ️ 🐛 DEBUG: Found 5 versions in HDF5: ['hmm_macro_trend_regime_quality_1h_20251204_224507_427', 'hmm_macro_trend_regime_quality_1h_20251204_225044_960', 'hmm_macro_trend_regime_quality_1h_20251205_183537_791', 'hmm_macro_trend_regime_quality_1h_20251205_191709_242', 'hmm_macro_trend_regime_quality_1h_20251213_170722_488'] INFO
[2025-12-31 19:08:10.870] 🐛 DEBUG: _load_metadata() checking versioned_artifacts/ETHUSDT_binance_1h_long_regime/metadata.json INFO
2025-12-31 19:08:10,870 - System.tprint - INFO - ℹ️ 🐛 DEBUG: _load_metadata() checking versioned_artifacts/ETHUSDT_binance_1h_long_regime/metadata.json INFO
[2025-12-31 19:08:10.870] 🐛 DEBUG: Metadata file exists, size: 3249 bytes INFO
2025-12-31 19:08:10,871 - System.tprint - INFO - ℹ️ 🐛 DEBUG: Metadata file exists, size: 3249 bytes INFO
[2025-12-31 19:08:10.870] 🐛 DEBUG: Successfully loaded metadata with 5 versions INFO
2025-12-31 19:08:10,871 - System.tprint - INFO - ℹ️ 🐛 DEBUG: Successfully loaded metadata with 5 versions INFO
[2025-12-31 19:08:10.871] 🐛 DEBUG: list_versions() called INFO
2025-12-31 19:08:10,871 - System.tprint - INFO - ℹ️ 🐛 DEBUG: list_versions() called INFO
[2025-12-31 19:08:10.871] 🐛 DEBUG: Metadata file exists: True INFO
2025-12-31 19:08:10,871 - System.tprint - INFO - ℹ️ 🐛 DEBUG: Metadata file exists: True INFO
[2025-12-31 19:08:10.871] 🐛 DEBUG: HDF5 file exists: True INFO
2025-12-31 19:08:10,871 - System.tprint - INFO - ℹ️ 🐛 DEBUG: HDF5 file exists: True INFO
[2025-12-31 19:08:10.871] 🐛 DEBUG: Reloading metadata to get latest versions INFO
2025-12-31 19:08:10,871 - System.tprint - INFO - ℹ️ 🐛 DEBUG: Reloading metadata to get latest versions INFO
[2025-12-31 19:08:10.871] 🐛 DEBUG: _load_metadata() checking versioned_artifacts/ETHUSDT_binance_1h_long_regime/metadata.json INFO
2025-12-31 19:08:10,871 - System.tprint - INFO - ℹ️ 🐛 DEBUG: _load_metadata() checking versioned_artifacts/ETHUSDT_binance_1h_long_regime/metadata.json INFO
[2025-12-31 19:08:10.871] 🐛 DEBUG: Metadata file exists, size: 3249 bytes INFO
2025-12-31 19:08:10,871 - System.tprint - INFO - ℹ️ 🐛 DEBUG: Metadata file exists, size: 3249 bytes INFO
[2025-12-31 19:08:10.871] 🐛 DEBUG: Successfully loaded metadata with 5 versions INFO
2025-12-31 19:08:10,872 - System.tprint - INFO - ℹ️ 🐛 DEBUG: Successfully loaded metadata with 5 versions INFO
[2025-12-31 19:08:10.871] 🐛 DEBUG: Found 5 versions in metadata: ['rolling_hmm_regime_confidence_features_20251122_003448_094', 'rolling_hmm_economic_features_20251122_003448_124', 'rolling_hmm_regime_labels_20251122_003448_165', 'rolling_hmm_regime_probabilities_20251122_003448_178', 'rolling_hmm_transition_matrix_20251122_003448_193'] INFO
2025-12-31 19:08:10,872 - System.tprint - INFO - ℹ️ 🐛 DEBUG: Found 5 versions in metadata: ['rolling_hmm_regime_confidence_features_20251122_003448_094', 'rolling_hmm_economic_features_20251122_003448_124', 'rolling_hmm_regime_labels_20251122_003448_165', 'rolling_hmm_regime_probabilities_20251122_003448_178', 'rolling_hmm_transition_matrix_20251122_003448_193'] INFO
[2025-12-31 19:08:10.872] 🐛 DEBUG: Found 5 versions in HDF5: ['rolling_hmm_economic_features_20251122_003448_124', 'rolling_hmm_regime_confidence_features_20251122_003448_094', 'rolling_hmm_regime_labels_20251122_003448_165', 'rolling_hmm_regime_probabilities_20251122_003448_178', 'rolling_hmm_transition_matrix_20251122_003448_193'] INFO
2025-12-31 19:08:10,872 - System.tprint - INFO - ℹ️ 🐛 DEBUG: Found 5 versions in HDF5: ['rolling_hmm_economic_features_20251122_003448_124', 'rolling_hmm_regime_confidence_features_20251122_003448_094', 'rolling_hmm_regime_labels_20251122_003448_165', 'rolling_hmm_regime_probabilities_20251122_003448_178', 'rolling_hmm_transition_matrix_20251122_003448_193'] INFO
[2025-12-31 19:08:10.872] 🐛 DEBUG: _load_metadata() checking versioned_artifacts/ETHUSDT_binance_15m_long_blank/metadata.json INFO
2025-12-31 19:08:10,872 - System.tprint - INFO - ℹ️ 🐛 DEBUG: _load_metadata() checking versioned_artifacts/ETHUSDT_binance_15m_long_blank/metadata.json INFO
[2025-12-31 19:08:10.872] 🐛 DEBUG: Metadata file exists, size: 139 bytes INFO
2025-12-31 19:08:10,872 - System.tprint - INFO - ℹ️ 🐛 DEBUG: Metadata file exists, size: 139 bytes INFO
[2025-12-31 19:08:10.872] 🐛 DEBUG: Successfully loaded metadata with 0 versions INFO
2025-12-31 19:08:10,873 - System.tprint - INFO - ℹ️ 🐛 DEBUG: Successfully loaded metadata with 0 versions INFO
[2025-12-31 19:08:10.872] 🐛 DEBUG: list_versions() called INFO
2025-12-31 19:08:10,873 - System.tprint - INFO - ℹ️ 🐛 DEBUG: list_versions() called INFO
[2025-12-31 19:08:10.872] 🐛 DEBUG: Metadata file exists: True INFO
2025-12-31 19:08:10,873 - System.tprint - INFO - ℹ️ 🐛 DEBUG: Metadata file exists: True INFO
[2025-12-31 19:08:10.872] 🐛 DEBUG: HDF5 file exists: True INFO
2025-12-31 19:08:10,873 - System.tprint - INFO - ℹ️ 🐛 DEBUG: HDF5 file exists: True INFO
[2025-12-31 19:08:10.872] 🐛 DEBUG: Reloading metadata to get latest versions INFO
2025-12-31 19:08:10,873 - System.tprint - INFO - ℹ️ 🐛 DEBUG: Reloading metadata to get latest versions INFO
[2025-12-31 19:08:10.872] 🐛 DEBUG: _load_metadata() checking versioned_artifacts/ETHUSDT_binance_15m_long_blank/metadata.json INFO
2025-12-31 19:08:10,873 - System.tprint - INFO - ℹ️ 🐛 DEBUG: _load_metadata() checking versioned_artifacts/ETHUSDT_binance_15m_long_blank/metadata.json INFO
[2025-12-31 19:08:10.873] 🐛 DEBUG: Metadata file exists, size: 139 bytes INFO
2025-12-31 19:08:10,873 - System.tprint - INFO - ℹ️ 🐛 DEBUG: Metadata file exists, size: 139 bytes INFO
[2025-12-31 19:08:10.873] 🐛 DEBUG: Successfully loaded metadata with 0 versions INFO
2025-12-31 19:08:10,873 - System.tprint - INFO - ℹ️ 🐛 DEBUG: Successfully loaded metadata with 0 versions INFO
[2025-12-31 19:08:10.873] 🐛 DEBUG: Found 0 versions in metadata: [] INFO
2025-12-31 19:08:10,873 - System.tprint - INFO - ℹ️ 🐛 DEBUG: Found 0 versions in metadata: [] INFO
[2025-12-31 19:08:10.873] 🐛 DEBUG: Found 0 versions in HDF5: [] INFO
2025-12-31 19:08:10,873 - System.tprint - INFO - ℹ️ 🐛 DEBUG: Found 0 versions in HDF5: [] INFO
[2025-12-31 19:08:10.873] 🐛 DEBUG: _load_metadata() checking versioned_artifacts/ETHUSDT_binance_15m_long_regime_alpha/metadata.json INFO
2025-12-31 19:08:10,874 - System.tprint - INFO - ℹ️ 🐛 DEBUG: _load_metadata() checking versioned_artifacts/ETHUSDT_binance_15m_long_regime_alpha/metadata.json INFO
[2025-12-31 19:08:10.873] 🐛 DEBUG: Metadata file exists, size: 139 bytes INFO
2025-12-31 19:08:10,874 - System.tprint - INFO - ℹ️ 🐛 DEBUG: Metadata file exists, size: 139 bytes INFO
[2025-12-31 19:08:10.873] 🐛 DEBUG: Successfully loaded metadata with 0 versions INFO
2025-12-31 19:08:10,874 - System.tprint - INFO - ℹ️ 🐛 DEBUG: Successfully loaded metadata with 0 versions INFO
[2025-12-31 19:08:10.873] 🐛 DEBUG: list_versions() called INFO
2025-12-31 19:08:10,874 - System.tprint - INFO - ℹ️ 🐛 DEBUG: list_versions() called INFO
[2025-12-31 19:08:10.874] 🐛 DEBUG: Metadata file exists: True INFO
2025-12-31 19:08:10,874 - System.tprint - INFO - ℹ️ 🐛 DEBUG: Metadata file exists: True INFO
[2025-12-31 19:08:10.874] 🐛 DEBUG: HDF5 file exists: True INFO
2025-12-31 19:08:10,874 - System.tprint - INFO - ℹ️ 🐛 DEBUG: HDF5 file exists: True INFO
[2025-12-31 19:08:10.874] 🐛 DEBUG: Reloading metadata to get latest versions INFO
2025-12-31 19:08:10,874 - System.tprint - INFO - ℹ️ 🐛 DEBUG: Reloading metadata to get latest versions INFO
[2025-12-31 19:08:10.874] 🐛 DEBUG: _load_metadata() checking versioned_artifacts/ETHUSDT_binance_15m_long_regime_alpha/metadata.json INFO
2025-12-31 19:08:10,874 - System.tprint - INFO - ℹ️ 🐛 DEBUG: _load_metadata() checking versioned_artifacts/ETHUSDT_binance_15m_long_regime_alpha/metadata.json INFO
[2025-12-31 19:08:10.874] 🐛 DEBUG: Metadata file exists, size: 139 bytes INFO
2025-12-31 19:08:10,874 - System.tprint - INFO - ℹ️ 🐛 DEBUG: Metadata file exists, size: 139 bytes INFO
[2025-12-31 19:08:10.874] 🐛 DEBUG: Successfully loaded metadata with 0 versions INFO
2025-12-31 19:08:10,874 - System.tprint - INFO - ℹ️ 🐛 DEBUG: Successfully loaded metadata with 0 versions INFO
[2025-12-31 19:08:10.874] 🐛 DEBUG: Found 0 versions in metadata: [] INFO
2025-12-31 19:08:10,875 - System.tprint - INFO - ℹ️ 🐛 DEBUG: Found 0 versions in metadata: [] INFO
[2025-12-31 19:08:10.874] 🐛 DEBUG: Found 0 versions in HDF5: [] INFO
2025-12-31 19:08:10,875 - System.tprint - INFO - ℹ️ 🐛 DEBUG: Found 0 versions in HDF5: [] INFO
2025-12-31 19:08:10,875 - System.ArtifactManager - WARNING - ⚠️ Artifact not found: market_data
2025-12-31 19:08:10,875 - System.ArtifactManager - INFO - ℹ️ 📁 Context set: step=meta_labeling_hpo_sample_weighted, symbol=None, exchange=None, timeframe=None, datetime=2025-12-31 19:08:10.683668, information=None, direction=long, model=Analyst
[2025-12-31 19:08:10.875] ⚠️ Artifact 'market_data' not found in any storage | UNKNOWN/binance [15m] long/analyst
2025-12-31 19:08:10,875 - System.tprint - INFO - ℹ️ ⚠️ Artifact 'market_data' not found in any storage | UNKNOWN/binance [15m] long/analyst
2025-12-31 19:08:10,875 - System.ArtifactManager - INFO - ℹ️ 📁 Context set: step=data_reading, symbol=ETHUSDT, exchange=binance, timeframe=15m, datetime=2025-12-31 18:08:10.875805, information=None, direction=long, model=Analyst
[2025-12-31 19:08:10.875] 📂 Retrieving artifact 'ohlcv_data' (type: data) | UNKNOWN/binance [15m] long/analyst
2025-12-31 19:08:10,875 - System.tprint - INFO - ℹ️ 📂 Retrieving artifact 'ohlcv_data' (type: data) | UNKNOWN/binance [15m] long/analyst
[2025-12-31 19:08:10.875] 🐛 DEBUG [load_klines]: last_n_days=None, start_time=None, end_time=None INFO
2025-12-31 19:08:10,876 - System.tprint - INFO - ℹ️ 🐛 DEBUG [load_klines]: last_n_days=None, start_time=None, end_time=None INFO
[2025-12-31 19:08:10.875] WARNING: ⚠️ No klines files found for UNKNOWN binance 15m
2025-12-31 19:08:10,876 - System.tprint - WARNING - ⚠️ No klines files found for UNKNOWN binance 15m
2025-12-31 19:08:10,876 - src.utils.kline_parquet - INFO - ℹ️ load_klines executed in 0.38ms
[2025-12-31 19:08:10.875] WARNING:   │  ⚠️  Loaded empty DataFrame
2025-12-31 19:08:10,876 - System.tprint - WARNING - ⚠️ │  ⚠️  Loaded empty DataFrame
[2025-12-31 19:08:10.875] WARNING:   └─ Trying next storage method
2025-12-31 19:08:10,876 - System.tprint - WARNING - ⚠️ └─ Trying next storage method
[2025-12-31 19:08:10.875] 🐛 DEBUG: _get_versioned_store() with store_key: UNKNOWN_binance_15m_long_analyst INFO
2025-12-31 19:08:10,876 - System.tprint - INFO - ℹ️ 🐛 DEBUG: _get_versioned_store() with store_key: UNKNOWN_binance_15m_long_analyst INFO
[2025-12-31 19:08:10.876] 🐛 DEBUG: Using existing cached store for UNKNOWN_binance_15m_long_analyst INFO
2025-12-31 19:08:10,876 - System.tprint - INFO - ℹ️ 🐛 DEBUG: Using existing cached store for UNKNOWN_binance_15m_long_analyst INFO
[2025-12-31 19:08:10.876] 🐛 DEBUG: get_statistics() called INFO
2025-12-31 19:08:10,876 - System.tprint - INFO - ℹ️ 🐛 DEBUG: get_statistics() called INFO
[2025-12-31 19:08:10.876] 🐛 DEBUG: Reloading metadata for statistics INFO
2025-12-31 19:08:10,876 - System.tprint - INFO - ℹ️ 🐛 DEBUG: Reloading metadata for statistics INFO
[2025-12-31 19:08:10.876] 🐛 DEBUG: _load_metadata() checking versioned_artifacts/UNKNOWN_binance_15m_long_analyst/metadata.json INFO
2025-12-31 19:08:10,877 - System.tprint - INFO - ℹ️ 🐛 DEBUG: _load_metadata() checking versioned_artifacts/UNKNOWN_binance_15m_long_analyst/metadata.json INFO
[2025-12-31 19:08:10.876] 🐛 DEBUG: Metadata file exists, size: 15351 bytes INFO
2025-12-31 19:08:10,877 - System.tprint - INFO - ℹ️ 🐛 DEBUG: Metadata file exists, size: 15351 bytes INFO
[2025-12-31 19:08:10.876] 🐛 DEBUG: Successfully loaded metadata with 5 versions INFO
2025-12-31 19:08:10,877 - System.tprint - INFO - ℹ️ 🐛 DEBUG: Successfully loaded metadata with 5 versions INFO
[2025-12-31 19:08:10.876] 🐛 DEBUG: Statistics - num_versions: 5 INFO
2025-12-31 19:08:10,877 - System.tprint - INFO - ℹ️ 🐛 DEBUG: Statistics - num_versions: 5 INFO
[2025-12-31 19:08:10.876] 🐛 DEBUG: Statistics - current_version: final_validation_metrics_20251116_161159_946 INFO
2025-12-31 19:08:10,877 - System.tprint - INFO - ℹ️ 🐛 DEBUG: Statistics - current_version: final_validation_metrics_20251116_161159_946 INFO
[2025-12-31 19:08:10.876] 🐛 DEBUG: Statistics - h5_file_size_mb: 280.5141086578369 INFO
2025-12-31 19:08:10,877 - System.tprint - INFO - ℹ️ 🐛 DEBUG: Statistics - h5_file_size_mb: 280.5141086578369 INFO
[2025-12-31 19:08:10.877] 🐛 DEBUG: Existing store statistics: {'store_path': 'versioned_artifacts/UNKNOWN_binance_15m_long_analyst', 'num_versions': 5, 'current_version': 'final_validation_metrics_20251116_161159_946', 'created_at': '2025-11-07T18:22:44.911801', 'h5_file_size_mb': 280.5141086578369, 'chunking': {'chunk_rows': 'auto', 'chunk_cols': 'auto'}, 'changelog': {'total_changes': 305, 'changes_by_type': {'add_data': 305}, 'top_versions': {'analyst_interaction_features_20251108_161950_019': 1, 'analyst_interaction_features_20251108_164300_578': 1, 'analyst_interaction_features_20251108_171945_952': 1, 'analyst_interaction_features_20251108_175314_530': 1, 'analyst_interaction_features_20251108_180922_905': 1, 'analyst_interaction_features_20251108_184752_938': 1, 'analyst_interaction_features_20251108_191026_801': 1, 'analyst_interaction_features_20251111_185727_726': 1, 'final_dataset_40_20251108_172617_791': 1, 'final_dataset_40_20251108_172829_013': 1}, 'time_range': {'earliest': '2025-11-07T18:27:00.789522', 'latest': '2025-11-24T21:16:51.681722'}}, 'row_versioning': {'total_rows_tracked': 0, 'total_versions': 0, 'average_versions_per_row': 0, 'most_versioned_rows': []}} INFO
2025-12-31 19:08:10,878 - System.tprint - INFO - ℹ️ 🐛 DEBUG: Existing store statistics: {'store_path': 'versioned_artifacts/UNKNOWN_binance_15m_long_analyst', 'num_versions': 5, 'current_version': 'final_validation_metrics_20251116_161159_946', 'created_at': '2025-11-07T18:22:44.911801', 'h5_file_size_mb': 280.5141086578369, 'chunking': {'chunk_rows': 'auto', 'chunk_cols': 'auto'}, 'changelog': {'total_changes': 305, 'changes_by_type': {'add_data': 305}, 'top_versions': {'analyst_interaction_features_20251108_161950_019': 1, 'analyst_interaction_features_20251108_164300_578': 1, 'analyst_interaction_features_20251108_171945_952': 1, 'analyst_interaction_features_20251108_175314_530': 1, 'analyst_interaction_features_20251108_180922_905': 1, 'analyst_interaction_features_20251108_184752_938': 1, 'analyst_interaction_features_20251108_191026_801': 1, 'analyst_interaction_features_20251111_185727_726': 1, 'final_dataset_40_20251108_172617_791': 1, 'final_dataset_40_20251108_172829_013': 1}, 'time_range': {'earliest': '2025-11-07T18:27:00.789522', 'latest': '2025-11-24T21:16:51.681722'}}, 'row_versioning': {'total_rows_tracked': 0, 'total_versions': 0, 'average_versions_per_row': 0, 'most_versioned_rows': []}} INFO
[2025-12-31 19:08:10.877] 🐛 DEBUG: list_versions() called INFO
2025-12-31 19:08:10,878 - System.tprint - INFO - ℹ️ 🐛 DEBUG: list_versions() called INFO
[2025-12-31 19:08:10.877] 🐛 DEBUG: Metadata file exists: True INFO
2025-12-31 19:08:10,878 - System.tprint - INFO - ℹ️ 🐛 DEBUG: Metadata file exists: True INFO
[2025-12-31 19:08:10.877] 🐛 DEBUG: HDF5 file exists: True INFO
2025-12-31 19:08:10,878 - System.tprint - INFO - ℹ️ 🐛 DEBUG: HDF5 file exists: True INFO
[2025-12-31 19:08:10.877] 🐛 DEBUG: Reloading metadata to get latest versions INFO
2025-12-31 19:08:10,878 - System.tprint - INFO - ℹ️ 🐛 DEBUG: Reloading metadata to get latest versions INFO
[2025-12-31 19:08:10.877] 🐛 DEBUG: _load_metadata() checking versioned_artifacts/UNKNOWN_binance_15m_long_analyst/metadata.json INFO
2025-12-31 19:08:10,878 - System.tprint - INFO - ℹ️ 🐛 DEBUG: _load_metadata() checking versioned_artifacts/UNKNOWN_binance_15m_long_analyst/metadata.json INFO
[2025-12-31 19:08:10.877] 🐛 DEBUG: Metadata file exists, size: 15351 bytes INFO
2025-12-31 19:08:10,878 - System.tprint - INFO - ℹ️ 🐛 DEBUG: Metadata file exists, size: 15351 bytes INFO
[2025-12-31 19:08:10.877] 🐛 DEBUG: Successfully loaded metadata with 5 versions INFO
2025-12-31 19:08:10,878 - System.tprint - INFO - ℹ️ 🐛 DEBUG: Successfully loaded metadata with 5 versions INFO
[2025-12-31 19:08:10.878] 🐛 DEBUG: Found 5 versions in metadata: ['final_dataset_60_20251116_161159_683', 'final_dataset_50_20251116_161159_720', 'final_dataset_40_20251116_161159_752', 'labeled_dataframe_20251116_161159_781', 'final_validation_metrics_20251116_161159_946'] INFO
2025-12-31 19:08:10,879 - System.tprint - INFO - ℹ️ 🐛 DEBUG: Found 5 versions in metadata: ['final_dataset_60_20251116_161159_683', 'final_dataset_50_20251116_161159_720', 'final_dataset_40_20251116_161159_752', 'labeled_dataframe_20251116_161159_781', 'final_validation_metrics_20251116_161159_946'] INFO
[2025-12-31 19:08:10.878] 🐛 DEBUG: Found 5 versions in HDF5: ['final_dataset_40_20251116_161159_752', 'final_dataset_50_20251116_161159_720', 'final_dataset_60_20251116_161159_683', 'final_validation_metrics_20251116_161159_946', 'labeled_dataframe_20251116_161159_781'] INFO
2025-12-31 19:08:10,879 - System.tprint - INFO - ℹ️ 🐛 DEBUG: Found 5 versions in HDF5: ['final_dataset_40_20251116_161159_752', 'final_dataset_50_20251116_161159_720', 'final_dataset_60_20251116_161159_683', 'final_validation_metrics_20251116_161159_946', 'labeled_dataframe_20251116_161159_781'] INFO
[2025-12-31 19:08:10.878] WARNING:   │  No matching versions in primary store
2025-12-31 19:08:10,879 - System.tprint - WARNING - ⚠️ │  No matching versions in primary store
[2025-12-31 19:08:10.878] 🐛 DEBUG: list_versions() called INFO
2025-12-31 19:08:10,879 - System.tprint - INFO - ℹ️ 🐛 DEBUG: list_versions() called INFO
[2025-12-31 19:08:10.878] 🐛 DEBUG: Metadata file exists: True INFO
2025-12-31 19:08:10,879 - System.tprint - INFO - ℹ️ 🐛 DEBUG: Metadata file exists: True INFO
[2025-12-31 19:08:10.878] 🐛 DEBUG: HDF5 file exists: True INFO
2025-12-31 19:08:10,879 - System.tprint - INFO - ℹ️ 🐛 DEBUG: HDF5 file exists: True INFO
[2025-12-31 19:08:10.878] 🐛 DEBUG: Reloading metadata to get latest versions INFO
2025-12-31 19:08:10,879 - System.tprint - INFO - ℹ️ 🐛 DEBUG: Reloading metadata to get latest versions INFO
[2025-12-31 19:08:10.878] 🐛 DEBUG: _load_metadata() checking versioned_artifacts/UNKNOWN_binance_15m_long_analyst/metadata.json INFO
2025-12-31 19:08:10,879 - System.tprint - INFO - ℹ️ 🐛 DEBUG: _load_metadata() checking versioned_artifacts/UNKNOWN_binance_15m_long_analyst/metadata.json INFO
[2025-12-31 19:08:10.880] 🐛 DEBUG: Metadata file exists, size: 15351 bytes INFO
2025-12-31 19:08:10,880 - System.tprint - INFO - ℹ️ 🐛 DEBUG: Metadata file exists, size: 15351 bytes INFO
[2025-12-31 19:08:10.880] 🐛 DEBUG: Successfully loaded metadata with 5 versions INFO
2025-12-31 19:08:10,880 - System.tprint - INFO - ℹ️ 🐛 DEBUG: Successfully loaded metadata with 5 versions INFO
[2025-12-31 19:08:10.880] 🐛 DEBUG: Found 5 versions in metadata: ['final_dataset_60_20251116_161159_683', 'final_dataset_50_20251116_161159_720', 'final_dataset_40_20251116_161159_752', 'labeled_dataframe_20251116_161159_781', 'final_validation_metrics_20251116_161159_946'] INFO
2025-12-31 19:08:10,880 - System.tprint - INFO - ℹ️ 🐛 DEBUG: Found 5 versions in metadata: ['final_dataset_60_20251116_161159_683', 'final_dataset_50_20251116_161159_720', 'final_dataset_40_20251116_161159_752', 'labeled_dataframe_20251116_161159_781', 'final_validation_metrics_20251116_161159_946'] INFO
[2025-12-31 19:08:10.880] 🐛 DEBUG: Found 5 versions in HDF5: ['final_dataset_40_20251116_161159_752', 'final_dataset_50_20251116_161159_720', 'final_dataset_60_20251116_161159_683', 'final_validation_metrics_20251116_161159_946', 'labeled_dataframe_20251116_161159_781'] INFO
2025-12-31 19:08:10,880 - System.tprint - INFO - ℹ️ 🐛 DEBUG: Found 5 versions in HDF5: ['final_dataset_40_20251116_161159_752', 'final_dataset_50_20251116_161159_720', 'final_dataset_60_20251116_161159_683', 'final_validation_metrics_20251116_161159_946', 'labeled_dataframe_20251116_161159_781'] INFO
[2025-12-31 19:08:10.880] WARNING:   │  ⚠️  Not found in any versioned store
2025-12-31 19:08:10,880 - System.tprint - WARNING - ⚠️ │  ⚠️  Not found in any versioned store
[2025-12-31 19:08:10.880] WARNING:   └─ Trying next storage method
2025-12-31 19:08:10,880 - System.tprint - WARNING - ⚠️ └─ Trying next storage method
[2025-12-31 19:08:10.880] ERROR: ┌──────────────────────────────────────────────────────────────────────────────┐
2025-12-31 19:08:10,880 - System.tprint - ERROR - ❌ ┌──────────────────────────────────────────────────────────────────────────────┐
[2025-12-31 19:08:10.880] ERROR: │  ❌ ARTIFACT ROUTER: LOAD FAILED - NOT FOUND                                │
2025-12-31 19:08:10,880 - System.tprint - ERROR - ❌ │  ❌ ARTIFACT ROUTER: LOAD FAILED - NOT FOUND                                │
[2025-12-31 19:08:10.880] ERROR: │  Artifact 'ohlcv_data' not found in any storage                        │ 
2025-12-31 19:08:10,880 - System.tprint - ERROR - ❌ │  Artifact 'ohlcv_data' not found in any storage                        │ 
[2025-12-31 19:08:10.881] ERROR: └──────────────────────────────────────────────────────────────────────────────┘
2025-12-31 19:08:10,881 - System.tprint - ERROR - ❌ └──────────────────────────────────────────────────────────────────────────────┘
2025-12-31 19:08:10,881 - ares.step.meta_labeling_hpo_sample_weighted - WARNING - ⚠️ Artifact 'ohlcv_data' not found via router, trying traditional manager
[2025-12-31 19:08:10.881] ⚠️ Trying fallback to traditional artifact manager | UNKNOWN/binance [15m] long/analyst
2025-12-31 19:08:10,881 - System.tprint - INFO - ℹ️ ⚠️ Trying fallback to traditional artifact manager | UNKNOWN/binance [15m] long/analyst
2025-12-31 19:08:10,881 - System.ArtifactManager - INFO - ℹ️ 📁 Context set: step=meta_labeling_hpo_sample_weighted, symbol=None, exchange=None, timeframe=15m, datetime=2025-12-31 19:08:10.683668, information=None, direction=long, model=Analyst
[2025-12-31 19:08:10.881] 🐛 DEBUG: _load_metadata() checking versioned_artifacts/UNKNOWN_binance_1h_long_analyst/metadata.json INFO
2025-12-31 19:08:10,881 - System.tprint - INFO - ℹ️ 🐛 DEBUG: _load_metadata() checking versioned_artifacts/UNKNOWN_binance_1h_long_analyst/metadata.json INFO
[2025-12-31 19:08:10.882] 🐛 DEBUG: Metadata file exists, size: 200 bytes INFO
2025-12-31 19:08:10,882 - System.tprint - INFO - ℹ️ 🐛 DEBUG: Metadata file exists, size: 200 bytes INFO
[2025-12-31 19:08:10.882] 🐛 DEBUG: Successfully loaded metadata with 0 versions INFO
2025-12-31 19:08:10,882 - System.tprint - INFO - ℹ️ 🐛 DEBUG: Successfully loaded metadata with 0 versions INFO
[2025-12-31 19:08:10.882] 🐛 DEBUG: list_versions() called INFO
2025-12-31 19:08:10,882 - System.tprint - INFO - ℹ️ 🐛 DEBUG: list_versions() called INFO
[2025-12-31 19:08:10.882] 🐛 DEBUG: Metadata file exists: True INFO
2025-12-31 19:08:10,882 - System.tprint - INFO - ℹ️ 🐛 DEBUG: Metadata file exists: True INFO
[2025-12-31 19:08:10.882] 🐛 DEBUG: HDF5 file exists: True INFO
2025-12-31 19:08:10,882 - System.tprint - INFO - ℹ️ 🐛 DEBUG: HDF5 file exists: True INFO
[2025-12-31 19:08:10.882] 🐛 DEBUG: Reloading metadata to get latest versions INFO
2025-12-31 19:08:10,882 - System.tprint - INFO - ℹ️ 🐛 DEBUG: Reloading metadata to get latest versions INFO
[2025-12-31 19:08:10.882] 🐛 DEBUG: _load_metadata() checking versioned_artifacts/UNKNOWN_binance_1h_long_analyst/metadata.json INFO
2025-12-31 19:08:10,882 - System.tprint - INFO - ℹ️ 🐛 DEBUG: _load_metadata() checking versioned_artifacts/UNKNOWN_binance_1h_long_analyst/metadata.json INFO
[2025-12-31 19:08:10.882] 🐛 DEBUG: Metadata file exists, size: 200 bytes INFO
2025-12-31 19:08:10,882 - System.tprint - INFO - ℹ️ 🐛 DEBUG: Metadata file exists, size: 200 bytes INFO
[2025-12-31 19:08:10.882] 🐛 DEBUG: Successfully loaded metadata with 0 versions INFO
2025-12-31 19:08:10,882 - System.tprint - INFO - ℹ️ 🐛 DEBUG: Successfully loaded metadata with 0 versions INFO
[2025-12-31 19:08:10.882] 🐛 DEBUG: Found 0 versions in metadata: [] INFO
2025-12-31 19:08:10,882 - System.tprint - INFO - ℹ️ 🐛 DEBUG: Found 0 versions in metadata: [] INFO
[2025-12-31 19:08:10.882] 🐛 DEBUG: Found 0 versions in HDF5: [] INFO
2025-12-31 19:08:10,883 - System.tprint - INFO - ℹ️ 🐛 DEBUG: Found 0 versions in HDF5: [] INFO
[2025-12-31 19:08:10.883] 🐛 DEBUG: _load_metadata() checking versioned_artifacts/UNKNOWN_binance_15m_long_analyst/metadata.json INFO
2025-12-31 19:08:10,883 - System.tprint - INFO - ℹ️ 🐛 DEBUG: _load_metadata() checking versioned_artifacts/UNKNOWN_binance_15m_long_analyst/metadata.json INFO
[2025-12-31 19:08:10.883] 🐛 DEBUG: Metadata file exists, size: 15351 bytes INFO
2025-12-31 19:08:10,883 - System.tprint - INFO - ℹ️ 🐛 DEBUG: Metadata file exists, size: 15351 bytes INFO
[2025-12-31 19:08:10.883] 🐛 DEBUG: Successfully loaded metadata with 5 versions INFO
2025-12-31 19:08:10,883 - System.tprint - INFO - ℹ️ 🐛 DEBUG: Successfully loaded metadata with 5 versions INFO
[2025-12-31 19:08:10.883] 🐛 DEBUG: list_versions() called INFO
2025-12-31 19:08:10,883 - System.tprint - INFO - ℹ️ 🐛 DEBUG: list_versions() called INFO
[2025-12-31 19:08:10.883] 🐛 DEBUG: Metadata file exists: True INFO
2025-12-31 19:08:10,883 - System.tprint - INFO - ℹ️ 🐛 DEBUG: Metadata file exists: True INFO
[2025-12-31 19:08:10.883] 🐛 DEBUG: HDF5 file exists: True INFO
2025-12-31 19:08:10,883 - System.tprint - INFO - ℹ️ 🐛 DEBUG: HDF5 file exists: True INFO
[2025-12-31 19:08:10.883] 🐛 DEBUG: Reloading metadata to get latest versions INFO
2025-12-31 19:08:10,883 - System.tprint - INFO - ℹ️ 🐛 DEBUG: Reloading metadata to get latest versions INFO
[2025-12-31 19:08:10.883] 🐛 DEBUG: _load_metadata() checking versioned_artifacts/UNKNOWN_binance_15m_long_analyst/metadata.json INFO
2025-12-31 19:08:10,884 - System.tprint - INFO - ℹ️ 🐛 DEBUG: _load_metadata() checking versioned_artifacts/UNKNOWN_binance_15m_long_analyst/metadata.json INFO
[2025-12-31 19:08:10.883] 🐛 DEBUG: Metadata file exists, size: 15351 bytes INFO
2025-12-31 19:08:10,884 - System.tprint - INFO - ℹ️ 🐛 DEBUG: Metadata file exists, size: 15351 bytes INFO
[2025-12-31 19:08:10.883] 🐛 DEBUG: Successfully loaded metadata with 5 versions INFO
2025-12-31 19:08:10,884 - System.tprint - INFO - ℹ️ 🐛 DEBUG: Successfully loaded metadata with 5 versions INFO
[2025-12-31 19:08:10.883] 🐛 DEBUG: Found 5 versions in metadata: ['final_dataset_60_20251116_161159_683', 'final_dataset_50_20251116_161159_720', 'final_dataset_40_20251116_161159_752', 'labeled_dataframe_20251116_161159_781', 'final_validation_metrics_20251116_161159_946'] INFO
2025-12-31 19:08:10,884 - System.tprint - INFO - ℹ️ 🐛 DEBUG: Found 5 versions in metadata: ['final_dataset_60_20251116_161159_683', 'final_dataset_50_20251116_161159_720', 'final_dataset_40_20251116_161159_752', 'labeled_dataframe_20251116_161159_781', 'final_validation_metrics_20251116_161159_946'] INFO
[2025-12-31 19:08:10.884] 🐛 DEBUG: Found 5 versions in HDF5: ['final_dataset_40_20251116_161159_752', 'final_dataset_50_20251116_161159_720', 'final_dataset_60_20251116_161159_683', 'final_validation_metrics_20251116_161159_946', 'labeled_dataframe_20251116_161159_781'] INFO
2025-12-31 19:08:10,884 - System.tprint - INFO - ℹ️ 🐛 DEBUG: Found 5 versions in HDF5: ['final_dataset_40_20251116_161159_752', 'final_dataset_50_20251116_161159_720', 'final_dataset_60_20251116_161159_683', 'final_validation_metrics_20251116_161159_946', 'labeled_dataframe_20251116_161159_781'] INFO
[2025-12-31 19:08:10.884] 🐛 DEBUG: _load_metadata() checking versioned_artifacts/ETHUSDT_binance_15m_long_sr_labeling_xgb/metadata.json INFO
2025-12-31 19:08:10,884 - System.tprint - INFO - ℹ️ 🐛 DEBUG: _load_metadata() checking versioned_artifacts/ETHUSDT_binance_15m_long_sr_labeling_xgb/metadata.json INFO
[2025-12-31 19:08:10.884] 🐛 DEBUG: Metadata file exists, size: 139 bytes INFO
2025-12-31 19:08:10,884 - System.tprint - INFO - ℹ️ 🐛 DEBUG: Metadata file exists, size: 139 bytes INFO
[2025-12-31 19:08:10.884] 🐛 DEBUG: Successfully loaded metadata with 0 versions INFO
2025-12-31 19:08:10,885 - System.tprint - INFO - ℹ️ 🐛 DEBUG: Successfully loaded metadata with 0 versions INFO
[2025-12-31 19:08:10.884] 🐛 DEBUG: list_versions() called INFO
2025-12-31 19:08:10,885 - System.tprint - INFO - ℹ️ 🐛 DEBUG: list_versions() called INFO
[2025-12-31 19:08:10.884] 🐛 DEBUG: Metadata file exists: True INFO
2025-12-31 19:08:10,885 - System.tprint - INFO - ℹ️ 🐛 DEBUG: Metadata file exists: True INFO
[2025-12-31 19:08:10.884] 🐛 DEBUG: HDF5 file exists: True INFO
2025-12-31 19:08:10,885 - System.tprint - INFO - ℹ️ 🐛 DEBUG: HDF5 file exists: True INFO
[2025-12-31 19:08:10.884] 🐛 DEBUG: Reloading metadata to get latest versions INFO
2025-12-31 19:08:10,885 - System.tprint - INFO - ℹ️ 🐛 DEBUG: Reloading metadata to get latest versions INFO
[2025-12-31 19:08:10.885] 🐛 DEBUG: _load_metadata() checking versioned_artifacts/ETHUSDT_binance_15m_long_sr_labeling_xgb/metadata.json INFO
2025-12-31 19:08:10,886 - System.tprint - INFO - ℹ️ 🐛 DEBUG: _load_metadata() checking versioned_artifacts/ETHUSDT_binance_15m_long_sr_labeling_xgb/metadata.json INFO
[2025-12-31 19:08:10.885] 🐛 DEBUG: Metadata file exists, size: 139 bytes INFO
2025-12-31 19:08:10,886 - System.tprint - INFO - ℹ️ 🐛 DEBUG: Metadata file exists, size: 139 bytes INFO
[2025-12-31 19:08:10.885] 🐛 DEBUG: Successfully loaded metadata with 0 versions INFO
2025-12-31 19:08:10,886 - System.tprint - INFO - ℹ️ 🐛 DEBUG: Successfully loaded metadata with 0 versions INFO
[2025-12-31 19:08:10.885] 🐛 DEBUG: Found 0 versions in metadata: [] INFO
2025-12-31 19:08:10,886 - System.tprint - INFO - ℹ️ 🐛 DEBUG: Found 0 versions in metadata: [] INFO
[2025-12-31 19:08:10.887] 🐛 DEBUG: Found 0 versions in HDF5: [] INFO
2025-12-31 19:08:10,887 - System.tprint - INFO - ℹ️ 🐛 DEBUG: Found 0 versions in HDF5: [] INFO
[2025-12-31 19:08:10.887] 🐛 DEBUG: _load_metadata() checking versioned_artifacts/ETHUSDT_binance_1h_long_breakout_bounce/metadata.json INFO
2025-12-31 19:08:10,887 - System.tprint - INFO - ℹ️ 🐛 DEBUG: _load_metadata() checking versioned_artifacts/ETHUSDT_binance_1h_long_breakout_bounce/metadata.json INFO
[2025-12-31 19:08:10.887] 🐛 DEBUG: Metadata file exists, size: 11462 bytes INFO
2025-12-31 19:08:10,887 - System.tprint - INFO - ℹ️ 🐛 DEBUG: Metadata file exists, size: 11462 bytes INFO
[2025-12-31 19:08:10.887] 🐛 DEBUG: Successfully loaded metadata with 5 versions INFO
2025-12-31 19:08:10,887 - System.tprint - INFO - ℹ️ 🐛 DEBUG: Successfully loaded metadata with 5 versions INFO
[2025-12-31 19:08:10.887] 🐛 DEBUG: list_versions() called INFO
2025-12-31 19:08:10,888 - System.tprint - INFO - ℹ️ 🐛 DEBUG: list_versions() called INFO
[2025-12-31 19:08:10.887] 🐛 DEBUG: Metadata file exists: True INFO
2025-12-31 19:08:10,888 - System.tprint - INFO - ℹ️ 🐛 DEBUG: Metadata file exists: True INFO
[2025-12-31 19:08:10.888] 🐛 DEBUG: HDF5 file exists: True INFO
2025-12-31 19:08:10,888 - System.tprint - INFO - ℹ️ 🐛 DEBUG: HDF5 file exists: True INFO
[2025-12-31 19:08:10.888] 🐛 DEBUG: Reloading metadata to get latest versions INFO
2025-12-31 19:08:10,888 - System.tprint - INFO - ℹ️ 🐛 DEBUG: Reloading metadata to get latest versions INFO
[2025-12-31 19:08:10.888] 🐛 DEBUG: _load_metadata() checking versioned_artifacts/ETHUSDT_binance_1h_long_breakout_bounce/metadata.json INFO
2025-12-31 19:08:10,888 - System.tprint - INFO - ℹ️ 🐛 DEBUG: _load_metadata() checking versioned_artifacts/ETHUSDT_binance_1h_long_breakout_bounce/metadata.json INFO
[2025-12-31 19:08:10.888] 🐛 DEBUG: Metadata file exists, size: 11462 bytes INFO
2025-12-31 19:08:10,888 - System.tprint - INFO - ℹ️ 🐛 DEBUG: Metadata file exists, size: 11462 bytes INFO
[2025-12-31 19:08:10.888] 🐛 DEBUG: Successfully loaded metadata with 5 versions INFO
2025-12-31 19:08:10,888 - System.tprint - INFO - ℹ️ 🐛 DEBUG: Successfully loaded metadata with 5 versions INFO
[2025-12-31 19:08:10.888] 🐛 DEBUG: Found 5 versions in metadata: ['ml_breakout_bounce_training_data_1h_20251123_144326_526', 'ml_breakout_bounce_training_data_1h_20251123_153924_083', 'ml_breakout_bounce_training_data_1h_20251123_160312_391', 'ml_breakout_bounce_training_data_1h_20251123_160800_355', 'ml_breakout_bounce_training_data_1h_20251123_162859_853'] INFO
2025-12-31 19:08:10,888 - System.tprint - INFO - ℹ️ 🐛 DEBUG: Found 5 versions in metadata: ['ml_breakout_bounce_training_data_1h_20251123_144326_526', 'ml_breakout_bounce_training_data_1h_20251123_153924_083', 'ml_breakout_bounce_training_data_1h_20251123_160312_391', 'ml_breakout_bounce_training_data_1h_20251123_160800_355', 'ml_breakout_bounce_training_data_1h_20251123_162859_853'] INFO
[2025-12-31 19:08:10.888] 🐛 DEBUG: Found 5 versions in HDF5: ['ml_breakout_bounce_training_data_1h_20251123_144326_526', 'ml_breakout_bounce_training_data_1h_20251123_153924_083', 'ml_breakout_bounce_training_data_1h_20251123_160312_391', 'ml_breakout_bounce_training_data_1h_20251123_160800_355', 'ml_breakout_bounce_training_data_1h_20251123_162859_853'] INFO
2025-12-31 19:08:10,889 - System.tprint - INFO - ℹ️ 🐛 DEBUG: Found 5 versions in HDF5: ['ml_breakout_bounce_training_data_1h_20251123_144326_526', 'ml_breakout_bounce_training_data_1h_20251123_153924_083', 'ml_breakout_bounce_training_data_1h_20251123_160312_391', 'ml_breakout_bounce_training_data_1h_20251123_160800_355', 'ml_breakout_bounce_training_data_1h_20251123_162859_853'] INFO
[2025-12-31 19:08:10.889] 🐛 DEBUG: _load_metadata() checking versioned_artifacts/ETHUSDT_binance_15m_long_liquidity_regime/metadata.json INFO
2025-12-31 19:08:10,889 - System.tprint - INFO - ℹ️ 🐛 DEBUG: _load_metadata() checking versioned_artifacts/ETHUSDT_binance_15m_long_liquidity_regime/metadata.json INFO
[2025-12-31 19:08:10.889] 🐛 DEBUG: Metadata file exists, size: 17282 bytes INFO
2025-12-31 19:08:10,889 - System.tprint - INFO - ℹ️ 🐛 DEBUG: Metadata file exists, size: 17282 bytes INFO
[2025-12-31 19:08:10.889] 🐛 DEBUG: Successfully loaded metadata with 6 versions INFO
2025-12-31 19:08:10,889 - System.tprint - INFO - ℹ️ 🐛 DEBUG: Successfully loaded metadata with 6 versions INFO
[2025-12-31 19:08:10.889] 🐛 DEBUG: list_versions() called INFO
2025-12-31 19:08:10,889 - System.tprint - INFO - ℹ️ 🐛 DEBUG: list_versions() called INFO
[2025-12-31 19:08:10.889] 🐛 DEBUG: Metadata file exists: True INFO
2025-12-31 19:08:10,890 - System.tprint - INFO - ℹ️ 🐛 DEBUG: Metadata file exists: True INFO
[2025-12-31 19:08:10.889] 🐛 DEBUG: HDF5 file exists: True INFO
2025-12-31 19:08:10,890 - System.tprint - INFO - ℹ️ 🐛 DEBUG: HDF5 file exists: True INFO
[2025-12-31 19:08:10.889] 🐛 DEBUG: Reloading metadata to get latest versions INFO
2025-12-31 19:08:10,890 - System.tprint - INFO - ℹ️ 🐛 DEBUG: Reloading metadata to get latest versions INFO
[2025-12-31 19:08:10.889] 🐛 DEBUG: _load_metadata() checking versioned_artifacts/ETHUSDT_binance_15m_long_liquidity_regime/metadata.json INFO
2025-12-31 19:08:10,890 - System.tprint - INFO - ℹ️ 🐛 DEBUG: _load_metadata() checking versioned_artifacts/ETHUSDT_binance_15m_long_liquidity_regime/metadata.json INFO
[2025-12-31 19:08:10.889] 🐛 DEBUG: Metadata file exists, size: 17282 bytes INFO
2025-12-31 19:08:10,890 - System.tprint - INFO - ℹ️ 🐛 DEBUG: Metadata file exists, size: 17282 bytes INFO
[2025-12-31 19:08:10.890] 🐛 DEBUG: Successfully loaded metadata with 6 versions INFO
2025-12-31 19:08:10,890 - System.tprint - INFO - ℹ️ 🐛 DEBUG: Successfully loaded metadata with 6 versions INFO
[2025-12-31 19:08:10.890] 🐛 DEBUG: Found 6 versions in metadata: ['ml_liquidity_regime_probs_15m_20251213_170827_692', 'ml_liquidity_training_data_15m_20251213_221548_209', 'ml_liquidity_regime_probs_15m_20251231_170726_502', 'ml_liquidity_training_data_15m_20251231_170859_400', 'ml_liquidity_regime_probs_15m_20251231_172132_488', 'ml_liquidity_training_data_15m_20251231_172224_742'] INFO
2025-12-31 19:08:10,890 - System.tprint - INFO - ℹ️ 🐛 DEBUG: Found 6 versions in metadata: ['ml_liquidity_regime_probs_15m_20251213_170827_692', 'ml_liquidity_training_data_15m_20251213_221548_209', 'ml_liquidity_regime_probs_15m_20251231_170726_502', 'ml_liquidity_training_data_15m_20251231_170859_400', 'ml_liquidity_regime_probs_15m_20251231_172132_488', 'ml_liquidity_training_data_15m_20251231_172224_742'] INFO
[2025-12-31 19:08:10.890] 🐛 DEBUG: Found 6 versions in HDF5: ['ml_liquidity_regime_probs_15m_20251213_170827_692', 'ml_liquidity_regime_probs_15m_20251231_170726_502', 'ml_liquidity_regime_probs_15m_20251231_172132_488', 'ml_liquidity_training_data_15m_20251213_221548_209', 'ml_liquidity_training_data_15m_20251231_170859_400', 'ml_liquidity_training_data_15m_20251231_172224_742'] INFO
2025-12-31 19:08:10,891 - System.tprint - INFO - ℹ️ 🐛 DEBUG: Found 6 versions in HDF5: ['ml_liquidity_regime_probs_15m_20251213_170827_692', 'ml_liquidity_regime_probs_15m_20251231_170726_502', 'ml_liquidity_regime_probs_15m_20251231_172132_488', 'ml_liquidity_training_data_15m_20251213_221548_209', 'ml_liquidity_training_data_15m_20251231_170859_400', 'ml_liquidity_training_data_15m_20251231_172224_742'] INFO
[2025-12-31 19:08:10.890] 🐛 DEBUG: _load_metadata() checking versioned_artifacts/ETHUSDT_binance_15m_long_regime_risk/metadata.json INFO
2025-12-31 19:08:10,891 - System.tprint - INFO - ℹ️ 🐛 DEBUG: _load_metadata() checking versioned_artifacts/ETHUSDT_binance_15m_long_regime_risk/metadata.json INFO
[2025-12-31 19:08:10.890] 🐛 DEBUG: Metadata file exists, size: 200 bytes INFO
2025-12-31 19:08:10,891 - System.tprint - INFO - ℹ️ 🐛 DEBUG: Metadata file exists, size: 200 bytes INFO
[2025-12-31 19:08:10.890] 🐛 DEBUG: Successfully loaded metadata with 0 versions INFO
2025-12-31 19:08:10,891 - System.tprint - INFO - ℹ️ 🐛 DEBUG: Successfully loaded metadata with 0 versions INFO
[2025-12-31 19:08:10.891] 🐛 DEBUG: list_versions() called INFO
2025-12-31 19:08:10,891 - System.tprint - INFO - ℹ️ 🐛 DEBUG: list_versions() called INFO
[2025-12-31 19:08:10.891] 🐛 DEBUG: Metadata file exists: True INFO
2025-12-31 19:08:10,891 - System.tprint - INFO - ℹ️ 🐛 DEBUG: Metadata file exists: True INFO
[2025-12-31 19:08:10.891] 🐛 DEBUG: HDF5 file exists: True INFO
2025-12-31 19:08:10,891 - System.tprint - INFO - ℹ️ 🐛 DEBUG: HDF5 file exists: True INFO
[2025-12-31 19:08:10.891] 🐛 DEBUG: Reloading metadata to get latest versions INFO
2025-12-31 19:08:10,891 - System.tprint - INFO - ℹ️ 🐛 DEBUG: Reloading metadata to get latest versions INFO
[2025-12-31 19:08:10.891] 🐛 DEBUG: _load_metadata() checking versioned_artifacts/ETHUSDT_binance_15m_long_regime_risk/metadata.json INFO
2025-12-31 19:08:10,892 - System.tprint - INFO - ℹ️ 🐛 DEBUG: _load_metadata() checking versioned_artifacts/ETHUSDT_binance_15m_long_regime_risk/metadata.json INFO
[2025-12-31 19:08:10.891] 🐛 DEBUG: Metadata file exists, size: 200 bytes INFO
2025-12-31 19:08:10,892 - System.tprint - INFO - ℹ️ 🐛 DEBUG: Metadata file exists, size: 200 bytes INFO
[2025-12-31 19:08:10.891] 🐛 DEBUG: Successfully loaded metadata with 0 versions INFO
2025-12-31 19:08:10,892 - System.tprint - INFO - ℹ️ 🐛 DEBUG: Successfully loaded metadata with 0 versions INFO
[2025-12-31 19:08:10.891] 🐛 DEBUG: Found 0 versions in metadata: [] INFO
2025-12-31 19:08:10,892 - System.tprint - INFO - ℹ️ 🐛 DEBUG: Found 0 versions in metadata: [] INFO
[2025-12-31 19:08:10.891] 🐛 DEBUG: Found 0 versions in HDF5: [] INFO
2025-12-31 19:08:10,892 - System.tprint - INFO - ℹ️ 🐛 DEBUG: Found 0 versions in HDF5: [] INFO
[2025-12-31 19:08:10.892] 🐛 DEBUG: _load_metadata() checking versioned_artifacts/ETHUSDT_binance_15m_long_volume_force/metadata.json INFO
2025-12-31 19:08:10,892 - System.tprint - INFO - ℹ️ 🐛 DEBUG: _load_metadata() checking versioned_artifacts/ETHUSDT_binance_15m_long_volume_force/metadata.json INFO
[2025-12-31 19:08:10.892] 🐛 DEBUG: Metadata file exists, size: 11876 bytes INFO
2025-12-31 19:08:10,892 - System.tprint - INFO - ℹ️ 🐛 DEBUG: Metadata file exists, size: 11876 bytes INFO
[2025-12-31 19:08:10.892] 🐛 DEBUG: Successfully loaded metadata with 7 versions INFO
2025-12-31 19:08:10,893 - System.tprint - INFO - ℹ️ 🐛 DEBUG: Successfully loaded metadata with 7 versions INFO
[2025-12-31 19:08:10.892] 🐛 DEBUG: list_versions() called INFO
2025-12-31 19:08:10,893 - System.tprint - INFO - ℹ️ 🐛 DEBUG: list_versions() called INFO
[2025-12-31 19:08:10.892] 🐛 DEBUG: Metadata file exists: True INFO
2025-12-31 19:08:10,893 - System.tprint - INFO - ℹ️ 🐛 DEBUG: Metadata file exists: True INFO
[2025-12-31 19:08:10.892] 🐛 DEBUG: HDF5 file exists: True INFO
2025-12-31 19:08:10,893 - System.tprint - INFO - ℹ️ 🐛 DEBUG: HDF5 file exists: True INFO
[2025-12-31 19:08:10.892] 🐛 DEBUG: Reloading metadata to get latest versions INFO
2025-12-31 19:08:10,893 - System.tprint - INFO - ℹ️ 🐛 DEBUG: Reloading metadata to get latest versions INFO
[2025-12-31 19:08:10.892] 🐛 DEBUG: _load_metadata() checking versioned_artifacts/ETHUSDT_binance_15m_long_volume_force/metadata.json INFO
2025-12-31 19:08:10,893 - System.tprint - INFO - ℹ️ 🐛 DEBUG: _load_metadata() checking versioned_artifacts/ETHUSDT_binance_15m_long_volume_force/metadata.json INFO
[2025-12-31 19:08:10.892] 🐛 DEBUG: Metadata file exists, size: 11876 bytes INFO
2025-12-31 19:08:10,893 - System.tprint - INFO - ℹ️ 🐛 DEBUG: Metadata file exists, size: 11876 bytes INFO
[2025-12-31 19:08:10.892] 🐛 DEBUG: Successfully loaded metadata with 7 versions INFO
2025-12-31 19:08:10,893 - System.tprint - INFO - ℹ️ 🐛 DEBUG: Successfully loaded metadata with 7 versions INFO
[2025-12-31 19:08:10.892] 🐛 DEBUG: Found 7 versions in metadata: ['ml_volume_force_features_20251213_163705_361', 'ml_volume_force_features_20251213_170535_123', 'ml_volume_force_predictions_20251213_170543_299', 'ml_volume_force_features_20251231_171818_197', 'ml_volume_force_predictions_20251231_172004_837', 'ml_volume_force_features_20251231_172800_942', 'ml_volume_force_predictions_20251231_172840_135'] INFO
2025-12-31 19:08:10,893 - System.tprint - INFO - ℹ️ 🐛 DEBUG: Found 7 versions in metadata: ['ml_volume_force_features_20251213_163705_361', 'ml_volume_force_features_20251213_170535_123', 'ml_volume_force_predictions_20251213_170543_299', 'ml_volume_force_features_20251231_171818_197', 'ml_volume_force_predictions_20251231_172004_837', 'ml_volume_force_features_20251231_172800_942', 'ml_volume_force_predictions_20251231_172840_135'] INFO
[2025-12-31 19:08:10.894] 🐛 DEBUG: Found 7 versions in HDF5: ['ml_volume_force_features_20251213_163705_361', 'ml_volume_force_features_20251213_170535_123', 'ml_volume_force_features_20251231_171818_197', 'ml_volume_force_features_20251231_172800_942', 'ml_volume_force_predictions_20251213_170543_299', 'ml_volume_force_predictions_20251231_172004_837', 'ml_volume_force_predictions_20251231_172840_135'] INFO
2025-12-31 19:08:10,894 - System.tprint - INFO - ℹ️ 🐛 DEBUG: Found 7 versions in HDF5: ['ml_volume_force_features_20251213_163705_361', 'ml_volume_force_features_20251213_170535_123', 'ml_volume_force_features_20251231_171818_197', 'ml_volume_force_features_20251231_172800_942', 'ml_volume_force_predictions_20251213_170543_299', 'ml_volume_force_predictions_20251231_172004_837', 'ml_volume_force_predictions_20251231_172840_135'] INFO
[2025-12-31 19:08:10.894] 🐛 DEBUG: _load_metadata() checking versioned_artifacts/ETHUSDT_binance_15m_long_smc_regime/metadata.json INFO
2025-12-31 19:08:10,894 - System.tprint - INFO - ℹ️ 🐛 DEBUG: _load_metadata() checking versioned_artifacts/ETHUSDT_binance_15m_long_smc_regime/metadata.json INFO
[2025-12-31 19:08:10.894] 🐛 DEBUG: Metadata file exists, size: 9799 bytes INFO
2025-12-31 19:08:10,894 - System.tprint - INFO - ℹ️ 🐛 DEBUG: Metadata file exists, size: 9799 bytes INFO
[2025-12-31 19:08:10.894] 🐛 DEBUG: Successfully loaded metadata with 6 versions INFO
2025-12-31 19:08:10,894 - System.tprint - INFO - ℹ️ 🐛 DEBUG: Successfully loaded metadata with 6 versions INFO
[2025-12-31 19:08:10.894] 🐛 DEBUG: list_versions() called INFO
2025-12-31 19:08:10,894 - System.tprint - INFO - ℹ️ 🐛 DEBUG: list_versions() called INFO
[2025-12-31 19:08:10.897] 🐛 DEBUG: Metadata file exists: True INFO
2025-12-31 19:08:10,897 - System.tprint - INFO - ℹ️ 🐛 DEBUG: Metadata file exists: True INFO
[2025-12-31 19:08:10.897] 🐛 DEBUG: HDF5 file exists: True INFO
2025-12-31 19:08:10,897 - System.tprint - INFO - ℹ️ 🐛 DEBUG: HDF5 file exists: True INFO
[2025-12-31 19:08:10.897] 🐛 DEBUG: Reloading metadata to get latest versions INFO
2025-12-31 19:08:10,897 - System.tprint - INFO - ℹ️ 🐛 DEBUG: Reloading metadata to get latest versions INFO
[2025-12-31 19:08:10.897] 🐛 DEBUG: _load_metadata() checking versioned_artifacts/ETHUSDT_binance_15m_long_smc_regime/metadata.json INFO
2025-12-31 19:08:10,897 - System.tprint - INFO - ℹ️ 🐛 DEBUG: _load_metadata() checking versioned_artifacts/ETHUSDT_binance_15m_long_smc_regime/metadata.json INFO
[2025-12-31 19:08:10.897] 🐛 DEBUG: Metadata file exists, size: 9799 bytes INFO
2025-12-31 19:08:10,898 - System.tprint - INFO - ℹ️ 🐛 DEBUG: Metadata file exists, size: 9799 bytes INFO
[2025-12-31 19:08:10.897] 🐛 DEBUG: Successfully loaded metadata with 6 versions INFO
2025-12-31 19:08:10,898 - System.tprint - INFO - ℹ️ 🐛 DEBUG: Successfully loaded metadata with 6 versions INFO
[2025-12-31 19:08:10.897] 🐛 DEBUG: Found 6 versions in metadata: ['smc_predictions_with_confidence_20251213_170746_093', 'ml_smc_features_15m_20251213_170746_137', 'smc_predictions_with_confidence_20251231_171806_519', 'ml_smc_features_15m_20251231_171807_077', 'smc_predictions_with_confidence_20251231_172755_504', 'ml_smc_features_15m_20251231_172755_741'] INFO
2025-12-31 19:08:10,898 - System.tprint - INFO - ℹ️ 🐛 DEBUG: Found 6 versions in metadata: ['smc_predictions_with_confidence_20251213_170746_093', 'ml_smc_features_15m_20251213_170746_137', 'smc_predictions_with_confidence_20251231_171806_519', 'ml_smc_features_15m_20251231_171807_077', 'smc_predictions_with_confidence_20251231_172755_504', 'ml_smc_features_15m_20251231_172755_741'] INFO
[2025-12-31 19:08:10.897] 🐛 DEBUG: Found 6 versions in HDF5: ['ml_smc_features_15m_20251213_170746_137', 'ml_smc_features_15m_20251231_171807_077', 'ml_smc_features_15m_20251231_172755_741', 'smc_predictions_with_confidence_20251213_170746_093', 'smc_predictions_with_confidence_20251231_171806_519', 'smc_predictions_with_confidence_20251231_172755_504'] INFO
2025-12-31 19:08:10,898 - System.tprint - INFO - ℹ️ 🐛 DEBUG: Found 6 versions in HDF5: ['ml_smc_features_15m_20251213_170746_137', 'ml_smc_features_15m_20251231_171807_077', 'ml_smc_features_15m_20251231_172755_741', 'smc_predictions_with_confidence_20251213_170746_093', 'smc_predictions_with_confidence_20251231_171806_519', 'smc_predictions_with_confidence_20251231_172755_504'] INFO
[2025-12-31 19:08:10.898] 🐛 DEBUG: _load_metadata() checking versioned_artifacts/ETHUSDT_binance_15m_long_breakout_bounce/metadata.json INFO
2025-12-31 19:08:10,898 - System.tprint - INFO - ℹ️ 🐛 DEBUG: _load_metadata() checking versioned_artifacts/ETHUSDT_binance_15m_long_breakout_bounce/metadata.json INFO
[2025-12-31 19:08:10.898] 🐛 DEBUG: Metadata file exists, size: 200 bytes INFO
2025-12-31 19:08:10,899 - System.tprint - INFO - ℹ️ 🐛 DEBUG: Metadata file exists, size: 200 bytes INFO
[2025-12-31 19:08:10.898] 🐛 DEBUG: Successfully loaded metadata with 0 versions INFO
2025-12-31 19:08:10,899 - System.tprint - INFO - ℹ️ 🐛 DEBUG: Successfully loaded metadata with 0 versions INFO
[2025-12-31 19:08:10.898] 🐛 DEBUG: list_versions() called INFO
2025-12-31 19:08:10,899 - System.tprint - INFO - ℹ️ 🐛 DEBUG: list_versions() called INFO
[2025-12-31 19:08:10.898] 🐛 DEBUG: Metadata file exists: True INFO
2025-12-31 19:08:10,899 - System.tprint - INFO - ℹ️ 🐛 DEBUG: Metadata file exists: True INFO
[2025-12-31 19:08:10.898] 🐛 DEBUG: HDF5 file exists: True INFO
2025-12-31 19:08:10,899 - System.tprint - INFO - ℹ️ 🐛 DEBUG: HDF5 file exists: True INFO
[2025-12-31 19:08:10.898] 🐛 DEBUG: Reloading metadata to get latest versions INFO
2025-12-31 19:08:10,899 - System.tprint - INFO - ℹ️ 🐛 DEBUG: Reloading metadata to get latest versions INFO
[2025-12-31 19:08:10.898] 🐛 DEBUG: _load_metadata() checking versioned_artifacts/ETHUSDT_binance_15m_long_breakout_bounce/metadata.json INFO
2025-12-31 19:08:10,899 - System.tprint - INFO - ℹ️ 🐛 DEBUG: _load_metadata() checking versioned_artifacts/ETHUSDT_binance_15m_long_breakout_bounce/metadata.json INFO
[2025-12-31 19:08:10.898] 🐛 DEBUG: Metadata file exists, size: 200 bytes INFO
2025-12-31 19:08:10,899 - System.tprint - INFO - ℹ️ 🐛 DEBUG: Metadata file exists, size: 200 bytes INFO
[2025-12-31 19:08:10.898] 🐛 DEBUG: Successfully loaded metadata with 0 versions INFO
2025-12-31 19:08:10,899 - System.tprint - INFO - ℹ️ 🐛 DEBUG: Successfully loaded metadata with 0 versions INFO
[2025-12-31 19:08:10.898] 🐛 DEBUG: Found 0 versions in metadata: [] INFO
2025-12-31 19:08:10,899 - System.tprint - INFO - ℹ️ 🐛 DEBUG: Found 0 versions in metadata: [] INFO
[2025-12-31 19:08:10.900] 🐛 DEBUG: Found 0 versions in HDF5: [] INFO
2025-12-31 19:08:10,900 - System.tprint - INFO - ℹ️ 🐛 DEBUG: Found 0 versions in HDF5: [] INFO
[2025-12-31 19:08:10.900] 🐛 DEBUG: _load_metadata() checking versioned_artifacts/ETHUSDT_binance_1h_long_liquidity_regime/metadata.json INFO
2025-12-31 19:08:10,900 - System.tprint - INFO - ℹ️ 🐛 DEBUG: _load_metadata() checking versioned_artifacts/ETHUSDT_binance_1h_long_liquidity_regime/metadata.json INFO
[2025-12-31 19:08:10.900] 🐛 DEBUG: Metadata file exists, size: 200 bytes INFO
2025-12-31 19:08:10,900 - System.tprint - INFO - ℹ️ 🐛 DEBUG: Metadata file exists, size: 200 bytes INFO
[2025-12-31 19:08:10.900] 🐛 DEBUG: Successfully loaded metadata with 0 versions INFO
2025-12-31 19:08:10,900 - System.tprint - INFO - ℹ️ 🐛 DEBUG: Successfully loaded metadata with 0 versions INFO
[2025-12-31 19:08:10.900] 🐛 DEBUG: list_versions() called INFO
2025-12-31 19:08:10,900 - System.tprint - INFO - ℹ️ 🐛 DEBUG: list_versions() called INFO
[2025-12-31 19:08:10.900] 🐛 DEBUG: Metadata file exists: True INFO
2025-12-31 19:08:10,900 - System.tprint - INFO - ℹ️ 🐛 DEBUG: Metadata file exists: True INFO
[2025-12-31 19:08:10.900] 🐛 DEBUG: HDF5 file exists: True INFO
2025-12-31 19:08:10,901 - System.tprint - INFO - ℹ️ 🐛 DEBUG: HDF5 file exists: True INFO
[2025-12-31 19:08:10.900] 🐛 DEBUG: Reloading metadata to get latest versions INFO
2025-12-31 19:08:10,901 - System.tprint - INFO - ℹ️ 🐛 DEBUG: Reloading metadata to get latest versions INFO
[2025-12-31 19:08:10.901] 🐛 DEBUG: _load_metadata() checking versioned_artifacts/ETHUSDT_binance_1h_long_liquidity_regime/metadata.json INFO
2025-12-31 19:08:10,901 - System.tprint - INFO - ℹ️ 🐛 DEBUG: _load_metadata() checking versioned_artifacts/ETHUSDT_binance_1h_long_liquidity_regime/metadata.json INFO
[2025-12-31 19:08:10.901] 🐛 DEBUG: Metadata file exists, size: 200 bytes INFO
2025-12-31 19:08:10,901 - System.tprint - INFO - ℹ️ 🐛 DEBUG: Metadata file exists, size: 200 bytes INFO
[2025-12-31 19:08:10.901] 🐛 DEBUG: Successfully loaded metadata with 0 versions INFO
2025-12-31 19:08:10,901 - System.tprint - INFO - ℹ️ 🐛 DEBUG: Successfully loaded metadata with 0 versions INFO
[2025-12-31 19:08:10.901] 🐛 DEBUG: Found 0 versions in metadata: [] INFO
2025-12-31 19:08:10,901 - System.tprint - INFO - ℹ️ 🐛 DEBUG: Found 0 versions in metadata: [] INFO
[2025-12-31 19:08:10.901] 🐛 DEBUG: Found 0 versions in HDF5: [] INFO
2025-12-31 19:08:10,901 - System.tprint - INFO - ℹ️ 🐛 DEBUG: Found 0 versions in HDF5: [] INFO
[2025-12-31 19:08:10.901] 🐛 DEBUG: _load_metadata() checking versioned_artifacts/ETHUSDT_binance_1h_long_regime_alpha/metadata.json INFO
2025-12-31 19:08:10,902 - System.tprint - INFO - ℹ️ 🐛 DEBUG: _load_metadata() checking versioned_artifacts/ETHUSDT_binance_1h_long_regime_alpha/metadata.json INFO
[2025-12-31 19:08:10.902] 🐛 DEBUG: Metadata file exists, size: 6902 bytes INFO
2025-12-31 19:08:10,902 - System.tprint - INFO - ℹ️ 🐛 DEBUG: Metadata file exists, size: 6902 bytes INFO
[2025-12-31 19:08:10.902] 🐛 DEBUG: Successfully loaded metadata with 5 versions INFO
2025-12-31 19:08:10,903 - System.tprint - INFO - ℹ️ 🐛 DEBUG: Successfully loaded metadata with 5 versions INFO
[2025-12-31 19:08:10.903] 🐛 DEBUG: list_versions() called INFO
2025-12-31 19:08:10,903 - System.tprint - INFO - ℹ️ 🐛 DEBUG: list_versions() called INFO
[2025-12-31 19:08:10.903] 🐛 DEBUG: Metadata file exists: True INFO
2025-12-31 19:08:10,903 - System.tprint - INFO - ℹ️ 🐛 DEBUG: Metadata file exists: True INFO
[2025-12-31 19:08:10.903] 🐛 DEBUG: HDF5 file exists: True INFO
2025-12-31 19:08:10,904 - System.tprint - INFO - ℹ️ 🐛 DEBUG: HDF5 file exists: True INFO
[2025-12-31 19:08:10.903] 🐛 DEBUG: Reloading metadata to get latest versions INFO
2025-12-31 19:08:10,904 - System.tprint - INFO - ℹ️ 🐛 DEBUG: Reloading metadata to get latest versions INFO
[2025-12-31 19:08:10.903] 🐛 DEBUG: _load_metadata() checking versioned_artifacts/ETHUSDT_binance_1h_long_regime_alpha/metadata.json INFO
2025-12-31 19:08:10,904 - System.tprint - INFO - ℹ️ 🐛 DEBUG: _load_metadata() checking versioned_artifacts/ETHUSDT_binance_1h_long_regime_alpha/metadata.json INFO
[2025-12-31 19:08:10.903] 🐛 DEBUG: Metadata file exists, size: 6902 bytes INFO
2025-12-31 19:08:10,904 - System.tprint - INFO - ℹ️ 🐛 DEBUG: Metadata file exists, size: 6902 bytes INFO
[2025-12-31 19:08:10.904] 🐛 DEBUG: Successfully loaded metadata with 5 versions INFO
2025-12-31 19:08:10,904 - System.tprint - INFO - ℹ️ 🐛 DEBUG: Successfully loaded metadata with 5 versions INFO
[2025-12-31 19:08:10.904] 🐛 DEBUG: Found 5 versions in metadata: ['hmm_alpha_regime_stats_1h_20251122_151841_186', 'hmm_alpha_training_data_1h_20251122_164502_922', 'hmm_alpha_regime_stats_1h_20251122_164502_963', 'hmm_alpha_training_data_1h_20251122_171931_773', 'hmm_alpha_regime_stats_1h_20251122_171931_857'] INFO
2025-12-31 19:08:10,905 - System.tprint - INFO - ℹ️ 🐛 DEBUG: Found 5 versions in metadata: ['hmm_alpha_regime_stats_1h_20251122_151841_186', 'hmm_alpha_training_data_1h_20251122_164502_922', 'hmm_alpha_regime_stats_1h_20251122_164502_963', 'hmm_alpha_training_data_1h_20251122_171931_773', 'hmm_alpha_regime_stats_1h_20251122_171931_857'] INFO
[2025-12-31 19:08:10.904] 🐛 DEBUG: Found 5 versions in HDF5: ['hmm_alpha_regime_stats_1h_20251122_151841_186', 'hmm_alpha_regime_stats_1h_20251122_164502_963', 'hmm_alpha_regime_stats_1h_20251122_171931_857', 'hmm_alpha_training_data_1h_20251122_164502_922', 'hmm_alpha_training_data_1h_20251122_171931_773'] INFO
2025-12-31 19:08:10,905 - System.tprint - INFO - ℹ️ 🐛 DEBUG: Found 5 versions in HDF5: ['hmm_alpha_regime_stats_1h_20251122_151841_186', 'hmm_alpha_regime_stats_1h_20251122_164502_963', 'hmm_alpha_regime_stats_1h_20251122_171931_857', 'hmm_alpha_training_data_1h_20251122_164502_922', 'hmm_alpha_training_data_1h_20251122_171931_773'] INFO
[2025-12-31 19:08:10.905] 🐛 DEBUG: _load_metadata() checking versioned_artifacts/ETHUSDT_binance_1h_long_analyst/metadata.json INFO
2025-12-31 19:08:10,905 - System.tprint - INFO - ℹ️ 🐛 DEBUG: _load_metadata() checking versioned_artifacts/ETHUSDT_binance_1h_long_analyst/metadata.json INFO
[2025-12-31 19:08:10.905] 🐛 DEBUG: Metadata file exists, size: 139 bytes INFO
2025-12-31 19:08:10,906 - System.tprint - INFO - ℹ️ 🐛 DEBUG: Metadata file exists, size: 139 bytes INFO
[2025-12-31 19:08:10.905] 🐛 DEBUG: Successfully loaded metadata with 0 versions INFO
2025-12-31 19:08:10,906 - System.tprint - INFO - ℹ️ 🐛 DEBUG: Successfully loaded metadata with 0 versions INFO
[2025-12-31 19:08:10.905] 🐛 DEBUG: list_versions() called INFO
2025-12-31 19:08:10,906 - System.tprint - INFO - ℹ️ 🐛 DEBUG: list_versions() called INFO
[2025-12-31 19:08:10.905] 🐛 DEBUG: Metadata file exists: True INFO
2025-12-31 19:08:10,906 - System.tprint - INFO - ℹ️ 🐛 DEBUG: Metadata file exists: True INFO
[2025-12-31 19:08:10.905] 🐛 DEBUG: HDF5 file exists: True INFO
2025-12-31 19:08:10,906 - System.tprint - INFO - ℹ️ 🐛 DEBUG: HDF5 file exists: True INFO
[2025-12-31 19:08:10.906] 🐛 DEBUG: Reloading metadata to get latest versions INFO
2025-12-31 19:08:10,906 - System.tprint - INFO - ℹ️ 🐛 DEBUG: Reloading metadata to get latest versions INFO
[2025-12-31 19:08:10.906] 🐛 DEBUG: _load_metadata() checking versioned_artifacts/ETHUSDT_binance_1h_long_analyst/metadata.json INFO
2025-12-31 19:08:10,907 - System.tprint - INFO - ℹ️ 🐛 DEBUG: _load_metadata() checking versioned_artifacts/ETHUSDT_binance_1h_long_analyst/metadata.json INFO
[2025-12-31 19:08:10.906] 🐛 DEBUG: Metadata file exists, size: 139 bytes INFO
2025-12-31 19:08:10,910 - System.tprint - INFO - ℹ️ 🐛 DEBUG: Metadata file exists, size: 139 bytes INFO
[2025-12-31 19:08:10.910] 🐛 DEBUG: Successfully loaded metadata with 0 versions INFO
2025-12-31 19:08:10,910 - System.tprint - INFO - ℹ️ 🐛 DEBUG: Successfully loaded metadata with 0 versions INFO
[2025-12-31 19:08:10.910] 🐛 DEBUG: Found 0 versions in metadata: [] INFO
2025-12-31 19:08:10,910 - System.tprint - INFO - ℹ️ 🐛 DEBUG: Found 0 versions in metadata: [] INFO
[2025-12-31 19:08:10.910] 🐛 DEBUG: Found 0 versions in HDF5: [] INFO
2025-12-31 19:08:10,910 - System.tprint - INFO - ℹ️ 🐛 DEBUG: Found 0 versions in HDF5: [] INFO
[2025-12-31 19:08:10.911] 🐛 DEBUG: _load_metadata() checking versioned_artifacts/ETHUSDT_binance_1h_long_regime_path/metadata.json INFO
2025-12-31 19:08:10,911 - System.tprint - INFO - ℹ️ 🐛 DEBUG: _load_metadata() checking versioned_artifacts/ETHUSDT_binance_1h_long_regime_path/metadata.json INFO
[2025-12-31 19:08:10.911] 🐛 DEBUG: Metadata file exists, size: 200 bytes INFO
2025-12-31 19:08:10,911 - System.tprint - INFO - ℹ️ 🐛 DEBUG: Metadata file exists, size: 200 bytes INFO
[2025-12-31 19:08:10.911] 🐛 DEBUG: Successfully loaded metadata with 0 versions INFO
2025-12-31 19:08:10,911 - System.tprint - INFO - ℹ️ 🐛 DEBUG: Successfully loaded metadata with 0 versions INFO
[2025-12-31 19:08:10.911] 🐛 DEBUG: list_versions() called INFO
2025-12-31 19:08:10,911 - System.tprint - INFO - ℹ️ 🐛 DEBUG: list_versions() called INFO
[2025-12-31 19:08:10.911] 🐛 DEBUG: Metadata file exists: True INFO
2025-12-31 19:08:10,911 - System.tprint - INFO - ℹ️ 🐛 DEBUG: Metadata file exists: True INFO
[2025-12-31 19:08:10.911] 🐛 DEBUG: HDF5 file exists: True INFO
2025-12-31 19:08:10,912 - System.tprint - INFO - ℹ️ 🐛 DEBUG: HDF5 file exists: True INFO
[2025-12-31 19:08:10.911] 🐛 DEBUG: Reloading metadata to get latest versions INFO
2025-12-31 19:08:10,912 - System.tprint - INFO - ℹ️ 🐛 DEBUG: Reloading metadata to get latest versions INFO
[2025-12-31 19:08:10.911] 🐛 DEBUG: _load_metadata() checking versioned_artifacts/ETHUSDT_binance_1h_long_regime_path/metadata.json INFO
2025-12-31 19:08:10,912 - System.tprint - INFO - ℹ️ 🐛 DEBUG: _load_metadata() checking versioned_artifacts/ETHUSDT_binance_1h_long_regime_path/metadata.json INFO
[2025-12-31 19:08:10.911] 🐛 DEBUG: Metadata file exists, size: 200 bytes INFO
2025-12-31 19:08:10,912 - System.tprint - INFO - ℹ️ 🐛 DEBUG: Metadata file exists, size: 200 bytes INFO
[2025-12-31 19:08:10.911] 🐛 DEBUG: Successfully loaded metadata with 0 versions INFO
2025-12-31 19:08:10,912 - System.tprint - INFO - ℹ️ 🐛 DEBUG: Successfully loaded metadata with 0 versions INFO
[2025-12-31 19:08:10.912] 🐛 DEBUG: Found 0 versions in metadata: [] INFO
2025-12-31 19:08:10,912 - System.tprint - INFO - ℹ️ 🐛 DEBUG: Found 0 versions in metadata: [] INFO
[2025-12-31 19:08:10.912] 🐛 DEBUG: Found 0 versions in HDF5: [] INFO
2025-12-31 19:08:10,912 - System.tprint - INFO - ℹ️ 🐛 DEBUG: Found 0 versions in HDF5: [] INFO
[2025-12-31 19:08:10.912] 🐛 DEBUG: _load_metadata() checking versioned_artifacts/None_None_None_long_regime/metadata.json INFO
2025-12-31 19:08:10,913 - System.tprint - INFO - ℹ️ 🐛 DEBUG: _load_metadata() checking versioned_artifacts/None_None_None_long_regime/metadata.json INFO
[2025-12-31 19:08:10.912] 🐛 DEBUG: Metadata file exists, size: 139 bytes INFO
2025-12-31 19:08:10,913 - System.tprint - INFO - ℹ️ 🐛 DEBUG: Metadata file exists, size: 139 bytes INFO
[2025-12-31 19:08:10.912] 🐛 DEBUG: Successfully loaded metadata with 0 versions INFO
2025-12-31 19:08:10,913 - System.tprint - INFO - ℹ️ 🐛 DEBUG: Successfully loaded metadata with 0 versions INFO
[2025-12-31 19:08:10.912] 🐛 DEBUG: list_versions() called INFO
2025-12-31 19:08:10,913 - System.tprint - INFO - ℹ️ 🐛 DEBUG: list_versions() called INFO
[2025-12-31 19:08:10.913] 🐛 DEBUG: Metadata file exists: True INFO
2025-12-31 19:08:10,913 - System.tprint - INFO - ℹ️ 🐛 DEBUG: Metadata file exists: True INFO
[2025-12-31 19:08:10.913] 🐛 DEBUG: HDF5 file exists: True INFO
2025-12-31 19:08:10,913 - System.tprint - INFO - ℹ️ 🐛 DEBUG: HDF5 file exists: True INFO
[2025-12-31 19:08:10.913] 🐛 DEBUG: Reloading metadata to get latest versions INFO
2025-12-31 19:08:10,913 - System.tprint - INFO - ℹ️ 🐛 DEBUG: Reloading metadata to get latest versions INFO
[2025-12-31 19:08:10.913] 🐛 DEBUG: _load_metadata() checking versioned_artifacts/None_None_None_long_regime/metadata.json INFO
2025-12-31 19:08:10,913 - System.tprint - INFO - ℹ️ 🐛 DEBUG: _load_metadata() checking versioned_artifacts/None_None_None_long_regime/metadata.json INFO
[2025-12-31 19:08:10.913] 🐛 DEBUG: Metadata file exists, size: 139 bytes INFO
2025-12-31 19:08:10,913 - System.tprint - INFO - ℹ️ 🐛 DEBUG: Metadata file exists, size: 139 bytes INFO
[2025-12-31 19:08:10.913] 🐛 DEBUG: Successfully loaded metadata with 0 versions INFO
2025-12-31 19:08:10,913 - System.tprint - INFO - ℹ️ 🐛 DEBUG: Successfully loaded metadata with 0 versions INFO
[2025-12-31 19:08:10.913] 🐛 DEBUG: Found 0 versions in metadata: [] INFO
2025-12-31 19:08:10,914 - System.tprint - INFO - ℹ️ 🐛 DEBUG: Found 0 versions in metadata: [] INFO
[2025-12-31 19:08:10.913] 🐛 DEBUG: Found 0 versions in HDF5: [] INFO
2025-12-31 19:08:10,914 - System.tprint - INFO - ℹ️ 🐛 DEBUG: Found 0 versions in HDF5: [] INFO
[2025-12-31 19:08:10.914] 🐛 DEBUG: _load_metadata() checking versioned_artifacts/ETHUSDT_binance_1h_long_mean_reversion/metadata.json INFO
2025-12-31 19:08:10,914 - System.tprint - INFO - ℹ️ 🐛 DEBUG: _load_metadata() checking versioned_artifacts/ETHUSDT_binance_1h_long_mean_reversion/metadata.json INFO
[2025-12-31 19:08:10.914] 🐛 DEBUG: Metadata file exists, size: 3914 bytes INFO
2025-12-31 19:08:10,914 - System.tprint - INFO - ℹ️ 🐛 DEBUG: Metadata file exists, size: 3914 bytes INFO
[2025-12-31 19:08:10.914] 🐛 DEBUG: Successfully loaded metadata with 5 versions INFO
2025-12-31 19:08:10,914 - System.tprint - INFO - ℹ️ 🐛 DEBUG: Successfully loaded metadata with 5 versions INFO
[2025-12-31 19:08:10.914] 🐛 DEBUG: list_versions() called INFO
2025-12-31 19:08:10,914 - System.tprint - INFO - ℹ️ 🐛 DEBUG: list_versions() called INFO
[2025-12-31 19:08:10.914] 🐛 DEBUG: Metadata file exists: True INFO
2025-12-31 19:08:10,914 - System.tprint - INFO - ℹ️ 🐛 DEBUG: Metadata file exists: True INFO
[2025-12-31 19:08:10.914] 🐛 DEBUG: HDF5 file exists: True INFO
2025-12-31 19:08:10,915 - System.tprint - INFO - ℹ️ 🐛 DEBUG: HDF5 file exists: True INFO
[2025-12-31 19:08:10.914] 🐛 DEBUG: Reloading metadata to get latest versions INFO
2025-12-31 19:08:10,915 - System.tprint - INFO - ℹ️ 🐛 DEBUG: Reloading metadata to get latest versions INFO
[2025-12-31 19:08:10.914] 🐛 DEBUG: _load_metadata() checking versioned_artifacts/ETHUSDT_binance_1h_long_mean_reversion/metadata.json INFO
2025-12-31 19:08:10,915 - System.tprint - INFO - ℹ️ 🐛 DEBUG: _load_metadata() checking versioned_artifacts/ETHUSDT_binance_1h_long_mean_reversion/metadata.json INFO
[2025-12-31 19:08:10.914] 🐛 DEBUG: Metadata file exists, size: 3914 bytes INFO
2025-12-31 19:08:10,915 - System.tprint - INFO - ℹ️ 🐛 DEBUG: Metadata file exists, size: 3914 bytes INFO
[2025-12-31 19:08:10.914] 🐛 DEBUG: Successfully loaded metadata with 5 versions INFO
2025-12-31 19:08:10,915 - System.tprint - INFO - ℹ️ 🐛 DEBUG: Successfully loaded metadata with 5 versions INFO
[2025-12-31 19:08:10.914] 🐛 DEBUG: Found 5 versions in metadata: ['ml_mean_reversion_training_data_1h_20251124_231116_323', 'ml_mean_reversion_training_data_1h_20251125_001022_753', 'ml_mean_reversion_training_data_1h_20251125_002337_863', 'ml_mean_reversion_training_data_1h_20251125_003116_776', 'ml_mean_reversion_training_data_1h_20251126_003120_916'] INFO
2025-12-31 19:08:10,915 - System.tprint - INFO - ℹ️ 🐛 DEBUG: Found 5 versions in metadata: ['ml_mean_reversion_training_data_1h_20251124_231116_323', 'ml_mean_reversion_training_data_1h_20251125_001022_753', 'ml_mean_reversion_training_data_1h_20251125_002337_863', 'ml_mean_reversion_training_data_1h_20251125_003116_776', 'ml_mean_reversion_training_data_1h_20251126_003120_916'] INFO
[2025-12-31 19:08:10.919] 🐛 DEBUG: Found 5 versions in HDF5: ['ml_mean_reversion_training_data_1h_20251124_231116_323', 'ml_mean_reversion_training_data_1h_20251125_001022_753', 'ml_mean_reversion_training_data_1h_20251125_002337_863', 'ml_mean_reversion_training_data_1h_20251125_003116_776', 'ml_mean_reversion_training_data_1h_20251126_003120_916'] INFO
2025-12-31 19:08:10,921 - System.tprint - INFO - ℹ️ 🐛 DEBUG: Found 5 versions in HDF5: ['ml_mean_reversion_training_data_1h_20251124_231116_323', 'ml_mean_reversion_training_data_1h_20251125_001022_753', 'ml_mean_reversion_training_data_1h_20251125_002337_863', 'ml_mean_reversion_training_data_1h_20251125_003116_776', 'ml_mean_reversion_training_data_1h_20251126_003120_916'] INFO
[2025-12-31 19:08:10.921] 🐛 DEBUG: _load_metadata() checking versioned_artifacts/ETHUSDT_binance_15m_long_mean_reversion/metadata.json INFO
2025-12-31 19:08:10,921 - System.tprint - INFO - ℹ️ 🐛 DEBUG: _load_metadata() checking versioned_artifacts/ETHUSDT_binance_15m_long_mean_reversion/metadata.json INFO
[2025-12-31 19:08:10.921] 🐛 DEBUG: Metadata file exists, size: 1472 bytes INFO
2025-12-31 19:08:10,921 - System.tprint - INFO - ℹ️ 🐛 DEBUG: Metadata file exists, size: 1472 bytes INFO
[2025-12-31 19:08:10.921] 🐛 DEBUG: Successfully loaded metadata with 1 versions INFO
2025-12-31 19:08:10,922 - System.tprint - INFO - ℹ️ 🐛 DEBUG: Successfully loaded metadata with 1 versions INFO
[2025-12-31 19:08:10.921] 🐛 DEBUG: list_versions() called INFO
2025-12-31 19:08:10,922 - System.tprint - INFO - ℹ️ 🐛 DEBUG: list_versions() called INFO
[2025-12-31 19:08:10.921] 🐛 DEBUG: Metadata file exists: True INFO
2025-12-31 19:08:10,922 - System.tprint - INFO - ℹ️ 🐛 DEBUG: Metadata file exists: True INFO
[2025-12-31 19:08:10.921] 🐛 DEBUG: HDF5 file exists: True INFO
2025-12-31 19:08:10,922 - System.tprint - INFO - ℹ️ 🐛 DEBUG: HDF5 file exists: True INFO
[2025-12-31 19:08:10.921] 🐛 DEBUG: Reloading metadata to get latest versions INFO
2025-12-31 19:08:10,922 - System.tprint - INFO - ℹ️ 🐛 DEBUG: Reloading metadata to get latest versions INFO
[2025-12-31 19:08:10.921] 🐛 DEBUG: _load_metadata() checking versioned_artifacts/ETHUSDT_binance_15m_long_mean_reversion/metadata.json INFO
2025-12-31 19:08:10,922 - System.tprint - INFO - ℹ️ 🐛 DEBUG: _load_metadata() checking versioned_artifacts/ETHUSDT_binance_15m_long_mean_reversion/metadata.json INFO
[2025-12-31 19:08:10.921] 🐛 DEBUG: Metadata file exists, size: 1472 bytes INFO
2025-12-31 19:08:10,922 - System.tprint - INFO - ℹ️ 🐛 DEBUG: Metadata file exists, size: 1472 bytes INFO
[2025-12-31 19:08:10.922] 🐛 DEBUG: Successfully loaded metadata with 1 versions INFO
2025-12-31 19:08:10,922 - System.tprint - INFO - ℹ️ 🐛 DEBUG: Successfully loaded metadata with 1 versions INFO
[2025-12-31 19:08:10.922] 🐛 DEBUG: Found 1 versions in metadata: ['ml_mean_reversion_training_data_15m_20251213_170600_968'] INFO
2025-12-31 19:08:10,922 - System.tprint - INFO - ℹ️ 🐛 DEBUG: Found 1 versions in metadata: ['ml_mean_reversion_training_data_15m_20251213_170600_968'] INFO
[2025-12-31 19:08:10.922] 🐛 DEBUG: Found 1 versions in HDF5: ['ml_mean_reversion_training_data_15m_20251213_170600_968'] INFO
2025-12-31 19:08:10,923 - System.tprint - INFO - ℹ️ 🐛 DEBUG: Found 1 versions in HDF5: ['ml_mean_reversion_training_data_15m_20251213_170600_968'] INFO
[2025-12-31 19:08:10.922] 🐛 DEBUG: _load_metadata() checking versioned_artifacts/ETHUSDT_binance_15m_long_full/metadata.json INFO
2025-12-31 19:08:10,923 - System.tprint - INFO - ℹ️ 🐛 DEBUG: _load_metadata() checking versioned_artifacts/ETHUSDT_binance_15m_long_full/metadata.json INFO
[2025-12-31 19:08:10.922] 🐛 DEBUG: Metadata file exists, size: 139 bytes INFO
2025-12-31 19:08:10,923 - System.tprint - INFO - ℹ️ 🐛 DEBUG: Metadata file exists, size: 139 bytes INFO
[2025-12-31 19:08:10.923] 🐛 DEBUG: Successfully loaded metadata with 0 versions INFO
2025-12-31 19:08:10,923 - System.tprint - INFO - ℹ️ 🐛 DEBUG: Successfully loaded metadata with 0 versions INFO
[2025-12-31 19:08:10.923] 🐛 DEBUG: list_versions() called INFO
2025-12-31 19:08:10,923 - System.tprint - INFO - ℹ️ 🐛 DEBUG: list_versions() called INFO
[2025-12-31 19:08:10.923] 🐛 DEBUG: Metadata file exists: True INFO
2025-12-31 19:08:10,923 - System.tprint - INFO - ℹ️ 🐛 DEBUG: Metadata file exists: True INFO
[2025-12-31 19:08:10.923] 🐛 DEBUG: HDF5 file exists: True INFO
2025-12-31 19:08:10,924 - System.tprint - INFO - ℹ️ 🐛 DEBUG: HDF5 file exists: True INFO
[2025-12-31 19:08:10.923] 🐛 DEBUG: Reloading metadata to get latest versions INFO
2025-12-31 19:08:10,924 - System.tprint - INFO - ℹ️ 🐛 DEBUG: Reloading metadata to get latest versions INFO
[2025-12-31 19:08:10.923] 🐛 DEBUG: _load_metadata() checking versioned_artifacts/ETHUSDT_binance_15m_long_full/metadata.json INFO
2025-12-31 19:08:10,924 - System.tprint - INFO - ℹ️ 🐛 DEBUG: _load_metadata() checking versioned_artifacts/ETHUSDT_binance_15m_long_full/metadata.json INFO
[2025-12-31 19:08:10.923] 🐛 DEBUG: Metadata file exists, size: 139 bytes INFO
2025-12-31 19:08:10,924 - System.tprint - INFO - ℹ️ 🐛 DEBUG: Metadata file exists, size: 139 bytes INFO
[2025-12-31 19:08:10.923] 🐛 DEBUG: Successfully loaded metadata with 0 versions INFO
2025-12-31 19:08:10,924 - System.tprint - INFO - ℹ️ 🐛 DEBUG: Successfully loaded metadata with 0 versions INFO
[2025-12-31 19:08:10.923] 🐛 DEBUG: Found 0 versions in metadata: [] INFO
2025-12-31 19:08:10,924 - System.tprint - INFO - ℹ️ 🐛 DEBUG: Found 0 versions in metadata: [] INFO
[2025-12-31 19:08:10.923] 🐛 DEBUG: Found 0 versions in HDF5: [] INFO
2025-12-31 19:08:10,924 - System.tprint - INFO - ℹ️ 🐛 DEBUG: Found 0 versions in HDF5: [] INFO
[2025-12-31 19:08:10.925] 🐛 DEBUG: _load_metadata() checking versioned_artifacts/ETHUSDT_binance_15m_long_regime_meso_trend/metadata.json INFO
2025-12-31 19:08:10,925 - System.tprint - INFO - ℹ️ 🐛 DEBUG: _load_metadata() checking versioned_artifacts/ETHUSDT_binance_15m_long_regime_meso_trend/metadata.json INFO
[2025-12-31 19:08:10.925] 🐛 DEBUG: Metadata file exists, size: 139 bytes INFO
2025-12-31 19:08:10,925 - System.tprint - INFO - ℹ️ 🐛 DEBUG: Metadata file exists, size: 139 bytes INFO
[2025-12-31 19:08:10.925] 🐛 DEBUG: Successfully loaded metadata with 0 versions INFO
2025-12-31 19:08:10,925 - System.tprint - INFO - ℹ️ 🐛 DEBUG: Successfully loaded metadata with 0 versions INFO
[2025-12-31 19:08:10.925] 🐛 DEBUG: list_versions() called INFO
2025-12-31 19:08:10,925 - System.tprint - INFO - ℹ️ 🐛 DEBUG: list_versions() called INFO
[2025-12-31 19:08:10.925] 🐛 DEBUG: Metadata file exists: True INFO
2025-12-31 19:08:10,925 - System.tprint - INFO - ℹ️ 🐛 DEBUG: Metadata file exists: True INFO
[2025-12-31 19:08:10.925] 🐛 DEBUG: HDF5 file exists: True INFO
2025-12-31 19:08:10,925 - System.tprint - INFO - ℹ️ 🐛 DEBUG: HDF5 file exists: True INFO
[2025-12-31 19:08:10.925] 🐛 DEBUG: Reloading metadata to get latest versions INFO
2025-12-31 19:08:10,925 - System.tprint - INFO - ℹ️ 🐛 DEBUG: Reloading metadata to get latest versions INFO
[2025-12-31 19:08:10.925] 🐛 DEBUG: _load_metadata() checking versioned_artifacts/ETHUSDT_binance_15m_long_regime_meso_trend/metadata.json INFO
2025-12-31 19:08:10,925 - System.tprint - INFO - ℹ️ 🐛 DEBUG: _load_metadata() checking versioned_artifacts/ETHUSDT_binance_15m_long_regime_meso_trend/metadata.json INFO
[2025-12-31 19:08:10.925] 🐛 DEBUG: Metadata file exists, size: 139 bytes INFO
2025-12-31 19:08:10,925 - System.tprint - INFO - ℹ️ 🐛 DEBUG: Metadata file exists, size: 139 bytes INFO
[2025-12-31 19:08:10.925] 🐛 DEBUG: Successfully loaded metadata with 0 versions INFO
2025-12-31 19:08:10,925 - System.tprint - INFO - ℹ️ 🐛 DEBUG: Successfully loaded metadata with 0 versions INFO
[2025-12-31 19:08:10.925] 🐛 DEBUG: Found 0 versions in metadata: [] INFO
2025-12-31 19:08:10,925 - System.tprint - INFO - ℹ️ 🐛 DEBUG: Found 0 versions in metadata: [] INFO
[2025-12-31 19:08:10.926] 🐛 DEBUG: Found 0 versions in HDF5: [] INFO
2025-12-31 19:08:10,926 - System.tprint - INFO - ℹ️ 🐛 DEBUG: Found 0 versions in HDF5: [] INFO
[2025-12-31 19:08:10.926] 🐛 DEBUG: _load_metadata() checking versioned_artifacts/ETHUSDT_binance_15m_long_regime/metadata.json INFO
2025-12-31 19:08:10,926 - System.tprint - INFO - ℹ️ 🐛 DEBUG: _load_metadata() checking versioned_artifacts/ETHUSDT_binance_15m_long_regime/metadata.json INFO
[2025-12-31 19:08:10.926] 🐛 DEBUG: Metadata file exists, size: 200 bytes INFO
2025-12-31 19:08:10,926 - System.tprint - INFO - ℹ️ 🐛 DEBUG: Metadata file exists, size: 200 bytes INFO
[2025-12-31 19:08:10.926] 🐛 DEBUG: Successfully loaded metadata with 0 versions INFO
2025-12-31 19:08:10,926 - System.tprint - INFO - ℹ️ 🐛 DEBUG: Successfully loaded metadata with 0 versions INFO
[2025-12-31 19:08:10.926] 🐛 DEBUG: list_versions() called INFO
2025-12-31 19:08:10,926 - System.tprint - INFO - ℹ️ 🐛 DEBUG: list_versions() called INFO
[2025-12-31 19:08:10.926] 🐛 DEBUG: Metadata file exists: True INFO
2025-12-31 19:08:10,926 - System.tprint - INFO - ℹ️ 🐛 DEBUG: Metadata file exists: True INFO
[2025-12-31 19:08:10.926] 🐛 DEBUG: HDF5 file exists: True INFO
2025-12-31 19:08:10,926 - System.tprint - INFO - ℹ️ 🐛 DEBUG: HDF5 file exists: True INFO
[2025-12-31 19:08:10.926] 🐛 DEBUG: Reloading metadata to get latest versions INFO
2025-12-31 19:08:10,927 - System.tprint - INFO - ℹ️ 🐛 DEBUG: Reloading metadata to get latest versions INFO
[2025-12-31 19:08:10.926] 🐛 DEBUG: _load_metadata() checking versioned_artifacts/ETHUSDT_binance_15m_long_regime/metadata.json INFO
2025-12-31 19:08:10,927 - System.tprint - INFO - ℹ️ 🐛 DEBUG: _load_metadata() checking versioned_artifacts/ETHUSDT_binance_15m_long_regime/metadata.json INFO
[2025-12-31 19:08:10.927] 🐛 DEBUG: Metadata file exists, size: 200 bytes INFO
2025-12-31 19:08:10,927 - System.tprint - INFO - ℹ️ 🐛 DEBUG: Metadata file exists, size: 200 bytes INFO
[2025-12-31 19:08:10.927] 🐛 DEBUG: Successfully loaded metadata with 0 versions INFO
2025-12-31 19:08:10,927 - System.tprint - INFO - ℹ️ 🐛 DEBUG: Successfully loaded metadata with 0 versions INFO
[2025-12-31 19:08:10.927] 🐛 DEBUG: Found 0 versions in metadata: [] INFO
2025-12-31 19:08:10,927 - System.tprint - INFO - ℹ️ 🐛 DEBUG: Found 0 versions in metadata: [] INFO
[2025-12-31 19:08:10.927] 🐛 DEBUG: Found 0 versions in HDF5: [] INFO
2025-12-31 19:08:10,927 - System.tprint - INFO - ℹ️ 🐛 DEBUG: Found 0 versions in HDF5: [] INFO
[2025-12-31 19:08:10.927] 🐛 DEBUG: _load_metadata() checking versioned_artifacts/ETHUSDT_binance_1h_long_smc_regime/metadata.json INFO
2025-12-31 19:08:10,928 - System.tprint - INFO - ℹ️ 🐛 DEBUG: _load_metadata() checking versioned_artifacts/ETHUSDT_binance_1h_long_smc_regime/metadata.json INFO
[2025-12-31 19:08:10.927] 🐛 DEBUG: Metadata file exists, size: 3536 bytes INFO
2025-12-31 19:08:10,928 - System.tprint - INFO - ℹ️ 🐛 DEBUG: Metadata file exists, size: 3536 bytes INFO
[2025-12-31 19:08:10.928] 🐛 DEBUG: Successfully loaded metadata with 5 versions INFO
2025-12-31 19:08:10,928 - System.tprint - INFO - ℹ️ 🐛 DEBUG: Successfully loaded metadata with 5 versions INFO
[2025-12-31 19:08:10.928] 🐛 DEBUG: list_versions() called INFO
2025-12-31 19:08:10,928 - System.tprint - INFO - ℹ️ 🐛 DEBUG: list_versions() called INFO
[2025-12-31 19:08:10.928] 🐛 DEBUG: Metadata file exists: True INFO
2025-12-31 19:08:10,928 - System.tprint - INFO - ℹ️ 🐛 DEBUG: Metadata file exists: True INFO
[2025-12-31 19:08:10.928] 🐛 DEBUG: HDF5 file exists: True INFO
2025-12-31 19:08:10,928 - System.tprint - INFO - ℹ️ 🐛 DEBUG: HDF5 file exists: True INFO
[2025-12-31 19:08:10.928] 🐛 DEBUG: Reloading metadata to get latest versions INFO
2025-12-31 19:08:10,928 - System.tprint - INFO - ℹ️ 🐛 DEBUG: Reloading metadata to get latest versions INFO
[2025-12-31 19:08:10.928] 🐛 DEBUG: _load_metadata() checking versioned_artifacts/ETHUSDT_binance_1h_long_smc_regime/metadata.json INFO
2025-12-31 19:08:10,928 - System.tprint - INFO - ℹ️ 🐛 DEBUG: _load_metadata() checking versioned_artifacts/ETHUSDT_binance_1h_long_smc_regime/metadata.json INFO
[2025-12-31 19:08:10.928] 🐛 DEBUG: Metadata file exists, size: 3536 bytes INFO
2025-12-31 19:08:10,928 - System.tprint - INFO - ℹ️ 🐛 DEBUG: Metadata file exists, size: 3536 bytes INFO
[2025-12-31 19:08:10.928] 🐛 DEBUG: Successfully loaded metadata with 5 versions INFO
2025-12-31 19:08:10,929 - System.tprint - INFO - ℹ️ 🐛 DEBUG: Successfully loaded metadata with 5 versions INFO
[2025-12-31 19:08:10.928] 🐛 DEBUG: Found 5 versions in metadata: ['smc_predictions_with_confidence_20251124_233038_087', 'smc_predictions_with_confidence_20251125_001011_321', 'smc_predictions_with_confidence_20251125_001842_252', 'smc_predictions_with_confidence_20251126_003009_061', 'smc_predictions_with_confidence_20251126_003415_856'] INFO
2025-12-31 19:08:10,929 - System.tprint - INFO - ℹ️ 🐛 DEBUG: Found 5 versions in metadata: ['smc_predictions_with_confidence_20251124_233038_087', 'smc_predictions_with_confidence_20251125_001011_321', 'smc_predictions_with_confidence_20251125_001842_252', 'smc_predictions_with_confidence_20251126_003009_061', 'smc_predictions_with_confidence_20251126_003415_856'] INFO
[2025-12-31 19:08:10.929] 🐛 DEBUG: Found 5 versions in HDF5: ['smc_predictions_with_confidence_20251124_233038_087', 'smc_predictions_with_confidence_20251125_001011_321', 'smc_predictions_with_confidence_20251125_001842_252', 'smc_predictions_with_confidence_20251126_003009_061', 'smc_predictions_with_confidence_20251126_003415_856'] INFO
2025-12-31 19:08:10,929 - System.tprint - INFO - ℹ️ 🐛 DEBUG: Found 5 versions in HDF5: ['smc_predictions_with_confidence_20251124_233038_087', 'smc_predictions_with_confidence_20251125_001011_321', 'smc_predictions_with_confidence_20251125_001842_252', 'smc_predictions_with_confidence_20251126_003009_061', 'smc_predictions_with_confidence_20251126_003415_856'] INFO
[2025-12-31 19:08:10.929] 🐛 DEBUG: _load_metadata() checking versioned_artifacts/ETHUSDT_binance_15m_long_regime_path/metadata.json INFO
2025-12-31 19:08:10,930 - System.tprint - INFO - ℹ️ 🐛 DEBUG: _load_metadata() checking versioned_artifacts/ETHUSDT_binance_15m_long_regime_path/metadata.json INFO
[2025-12-31 19:08:10.929] 🐛 DEBUG: Metadata file exists, size: 200 bytes INFO
2025-12-31 19:08:10,930 - System.tprint - INFO - ℹ️ 🐛 DEBUG: Metadata file exists, size: 200 bytes INFO
[2025-12-31 19:08:10.929] 🐛 DEBUG: Successfully loaded metadata with 0 versions INFO
2025-12-31 19:08:10,930 - System.tprint - INFO - ℹ️ 🐛 DEBUG: Successfully loaded metadata with 0 versions INFO
[2025-12-31 19:08:10.929] 🐛 DEBUG: list_versions() called INFO
2025-12-31 19:08:10,930 - System.tprint - INFO - ℹ️ 🐛 DEBUG: list_versions() called INFO
[2025-12-31 19:08:10.929] 🐛 DEBUG: Metadata file exists: True INFO
2025-12-31 19:08:10,930 - System.tprint - INFO - ℹ️ 🐛 DEBUG: Metadata file exists: True INFO
[2025-12-31 19:08:10.930] 🐛 DEBUG: HDF5 file exists: True INFO
2025-12-31 19:08:10,930 - System.tprint - INFO - ℹ️ 🐛 DEBUG: HDF5 file exists: True INFO
[2025-12-31 19:08:10.930] 🐛 DEBUG: Reloading metadata to get latest versions INFO
2025-12-31 19:08:10,930 - System.tprint - INFO - ℹ️ 🐛 DEBUG: Reloading metadata to get latest versions INFO
[2025-12-31 19:08:10.930] 🐛 DEBUG: _load_metadata() checking versioned_artifacts/ETHUSDT_binance_15m_long_regime_path/metadata.json INFO
2025-12-31 19:08:10,930 - System.tprint - INFO - ℹ️ 🐛 DEBUG: _load_metadata() checking versioned_artifacts/ETHUSDT_binance_15m_long_regime_path/metadata.json INFO
[2025-12-31 19:08:10.930] 🐛 DEBUG: Metadata file exists, size: 200 bytes INFO
2025-12-31 19:08:10,930 - System.tprint - INFO - ℹ️ 🐛 DEBUG: Metadata file exists, size: 200 bytes INFO
[2025-12-31 19:08:10.930] 🐛 DEBUG: Successfully loaded metadata with 0 versions INFO
2025-12-31 19:08:10,930 - System.tprint - INFO - ℹ️ 🐛 DEBUG: Successfully loaded metadata with 0 versions INFO
[2025-12-31 19:08:10.930] 🐛 DEBUG: Found 0 versions in metadata: [] INFO
2025-12-31 19:08:10,931 - System.tprint - INFO - ℹ️ 🐛 DEBUG: Found 0 versions in metadata: [] INFO
[2025-12-31 19:08:10.930] 🐛 DEBUG: Found 0 versions in HDF5: [] INFO
2025-12-31 19:08:10,931 - System.tprint - INFO - ℹ️ 🐛 DEBUG: Found 0 versions in HDF5: [] INFO
[2025-12-31 19:08:10.931] 🐛 DEBUG: _load_metadata() checking versioned_artifacts/ETHUSDT_binance_1h_long_light/metadata.json INFO
2025-12-31 19:08:10,931 - System.tprint - INFO - ℹ️ 🐛 DEBUG: _load_metadata() checking versioned_artifacts/ETHUSDT_binance_1h_long_light/metadata.json INFO
[2025-12-31 19:08:10.931] 🐛 DEBUG: Metadata file exists, size: 139 bytes INFO
2025-12-31 19:08:10,931 - System.tprint - INFO - ℹ️ 🐛 DEBUG: Metadata file exists, size: 139 bytes INFO
[2025-12-31 19:08:10.931] 🐛 DEBUG: Successfully loaded metadata with 0 versions INFO
2025-12-31 19:08:10,931 - System.tprint - INFO - ℹ️ 🐛 DEBUG: Successfully loaded metadata with 0 versions INFO
[2025-12-31 19:08:10.931] 🐛 DEBUG: list_versions() called INFO
2025-12-31 19:08:10,931 - System.tprint - INFO - ℹ️ 🐛 DEBUG: list_versions() called INFO
[2025-12-31 19:08:10.931] 🐛 DEBUG: Metadata file exists: True INFO
2025-12-31 19:08:10,931 - System.tprint - INFO - ℹ️ 🐛 DEBUG: Metadata file exists: True INFO
[2025-12-31 19:08:10.931] 🐛 DEBUG: HDF5 file exists: True INFO
2025-12-31 19:08:10,932 - System.tprint - INFO - ℹ️ 🐛 DEBUG: HDF5 file exists: True INFO
[2025-12-31 19:08:10.931] 🐛 DEBUG: Reloading metadata to get latest versions INFO
2025-12-31 19:08:10,932 - System.tprint - INFO - ℹ️ 🐛 DEBUG: Reloading metadata to get latest versions INFO
[2025-12-31 19:08:10.931] 🐛 DEBUG: _load_metadata() checking versioned_artifacts/ETHUSDT_binance_1h_long_light/metadata.json INFO
2025-12-31 19:08:10,932 - System.tprint - INFO - ℹ️ 🐛 DEBUG: _load_metadata() checking versioned_artifacts/ETHUSDT_binance_1h_long_light/metadata.json INFO
[2025-12-31 19:08:10.931] 🐛 DEBUG: Metadata file exists, size: 139 bytes INFO
2025-12-31 19:08:10,932 - System.tprint - INFO - ℹ️ 🐛 DEBUG: Metadata file exists, size: 139 bytes INFO
[2025-12-31 19:08:10.931] 🐛 DEBUG: Successfully loaded metadata with 0 versions INFO
2025-12-31 19:08:10,932 - System.tprint - INFO - ℹ️ 🐛 DEBUG: Successfully loaded metadata with 0 versions INFO
[2025-12-31 19:08:10.931] 🐛 DEBUG: Found 0 versions in metadata: [] INFO
2025-12-31 19:08:10,932 - System.tprint - INFO - ℹ️ 🐛 DEBUG: Found 0 versions in metadata: [] INFO
[2025-12-31 19:08:10.932] 🐛 DEBUG: Found 0 versions in HDF5: [] INFO
2025-12-31 19:08:10,932 - System.tprint - INFO - ℹ️ 🐛 DEBUG: Found 0 versions in HDF5: [] INFO
[2025-12-31 19:08:10.932] 🐛 DEBUG: _load_metadata() checking versioned_artifacts/ETHUSDT_binance_15m_long_light/metadata.json INFO
2025-12-31 19:08:10,932 - System.tprint - INFO - ℹ️ 🐛 DEBUG: _load_metadata() checking versioned_artifacts/ETHUSDT_binance_15m_long_light/metadata.json INFO
[2025-12-31 19:08:10.932] 🐛 DEBUG: Metadata file exists, size: 1538 bytes INFO
2025-12-31 19:08:10,933 - System.tprint - INFO - ℹ️ 🐛 DEBUG: Metadata file exists, size: 1538 bytes INFO
[2025-12-31 19:08:10.932] 🐛 DEBUG: Successfully loaded metadata with 3 versions INFO
2025-12-31 19:08:10,933 - System.tprint - INFO - ℹ️ 🐛 DEBUG: Successfully loaded metadata with 3 versions INFO
[2025-12-31 19:08:10.932] 🐛 DEBUG: list_versions() called INFO
2025-12-31 19:08:10,933 - System.tprint - INFO - ℹ️ 🐛 DEBUG: list_versions() called INFO
[2025-12-31 19:08:10.932] 🐛 DEBUG: Metadata file exists: True INFO
2025-12-31 19:08:10,933 - System.tprint - INFO - ℹ️ 🐛 DEBUG: Metadata file exists: True INFO
[2025-12-31 19:08:10.932] 🐛 DEBUG: HDF5 file exists: True INFO
2025-12-31 19:08:10,933 - System.tprint - INFO - ℹ️ 🐛 DEBUG: HDF5 file exists: True INFO
[2025-12-31 19:08:10.932] 🐛 DEBUG: Reloading metadata to get latest versions INFO
2025-12-31 19:08:10,933 - System.tprint - INFO - ℹ️ 🐛 DEBUG: Reloading metadata to get latest versions INFO
[2025-12-31 19:08:10.932] 🐛 DEBUG: _load_metadata() checking versioned_artifacts/ETHUSDT_binance_15m_long_light/metadata.json INFO
2025-12-31 19:08:10,933 - System.tprint - INFO - ℹ️ 🐛 DEBUG: _load_metadata() checking versioned_artifacts/ETHUSDT_binance_15m_long_light/metadata.json INFO
[2025-12-31 19:08:10.932] 🐛 DEBUG: Metadata file exists, size: 1538 bytes INFO
2025-12-31 19:08:10,933 - System.tprint - INFO - ℹ️ 🐛 DEBUG: Metadata file exists, size: 1538 bytes INFO
[2025-12-31 19:08:10.933] 🐛 DEBUG: Successfully loaded metadata with 3 versions INFO
2025-12-31 19:08:10,933 - System.tprint - INFO - ℹ️ 🐛 DEBUG: Successfully loaded metadata with 3 versions INFO
[2025-12-31 19:08:10.933] 🐛 DEBUG: Found 3 versions in metadata: ['selected_features_60_20251109_191448_625', 'selected_features_50_20251109_191448_653', 'selected_features_40_20251109_191448_677'] INFO
2025-12-31 19:08:10,933 - System.tprint - INFO - ℹ️ 🐛 DEBUG: Found 3 versions in metadata: ['selected_features_60_20251109_191448_625', 'selected_features_50_20251109_191448_653', 'selected_features_40_20251109_191448_677'] INFO
[2025-12-31 19:08:10.933] 🐛 DEBUG: Found 3 versions in HDF5: ['selected_features_40_20251109_191448_677', 'selected_features_50_20251109_191448_653', 'selected_features_60_20251109_191448_625'] INFO
2025-12-31 19:08:10,934 - System.tprint - INFO - ℹ️ 🐛 DEBUG: Found 3 versions in HDF5: ['selected_features_40_20251109_191448_677', 'selected_features_50_20251109_191448_653', 'selected_features_60_20251109_191448_625'] INFO
[2025-12-31 19:08:10.935] 🐛 DEBUG: _load_metadata() checking versioned_artifacts/ETHUSDT_binance_15m_long_regime_macro_trend/metadata.json INFO
2025-12-31 19:08:10,936 - System.tprint - INFO - ℹ️ 🐛 DEBUG: _load_metadata() checking versioned_artifacts/ETHUSDT_binance_15m_long_regime_macro_trend/metadata.json INFO
[2025-12-31 19:08:10.935] 🐛 DEBUG: Metadata file exists, size: 5567 bytes INFO
2025-12-31 19:08:10,936 - System.tprint - INFO - ℹ️ 🐛 DEBUG: Metadata file exists, size: 5567 bytes INFO
[2025-12-31 19:08:10.935] 🐛 DEBUG: Successfully loaded metadata with 2 versions INFO
2025-12-31 19:08:10,936 - System.tprint - INFO - ℹ️ 🐛 DEBUG: Successfully loaded metadata with 2 versions INFO
[2025-12-31 19:08:10.935] 🐛 DEBUG: list_versions() called INFO
2025-12-31 19:08:10,936 - System.tprint - INFO - ℹ️ 🐛 DEBUG: list_versions() called INFO
[2025-12-31 19:08:10.935] 🐛 DEBUG: Metadata file exists: True INFO
2025-12-31 19:08:10,936 - System.tprint - INFO - ℹ️ 🐛 DEBUG: Metadata file exists: True INFO
[2025-12-31 19:08:10.937] 🐛 DEBUG: HDF5 file exists: True INFO
2025-12-31 19:08:10,937 - System.tprint - INFO - ℹ️ 🐛 DEBUG: HDF5 file exists: True INFO
[2025-12-31 19:08:10.937] 🐛 DEBUG: Reloading metadata to get latest versions INFO
2025-12-31 19:08:10,937 - System.tprint - INFO - ℹ️ 🐛 DEBUG: Reloading metadata to get latest versions INFO
[2025-12-31 19:08:10.937] 🐛 DEBUG: _load_metadata() checking versioned_artifacts/ETHUSDT_binance_15m_long_regime_macro_trend/metadata.json INFO
2025-12-31 19:08:10,938 - System.tprint - INFO - ℹ️ 🐛 DEBUG: _load_metadata() checking versioned_artifacts/ETHUSDT_binance_15m_long_regime_macro_trend/metadata.json INFO
[2025-12-31 19:08:10.938] 🐛 DEBUG: Metadata file exists, size: 5567 bytes INFO
2025-12-31 19:08:10,938 - System.tprint - INFO - ℹ️ 🐛 DEBUG: Metadata file exists, size: 5567 bytes INFO
[2025-12-31 19:08:10.938] 🐛 DEBUG: Successfully loaded metadata with 2 versions INFO
2025-12-31 19:08:10,938 - System.tprint - INFO - ℹ️ 🐛 DEBUG: Successfully loaded metadata with 2 versions INFO
[2025-12-31 19:08:10.938] 🐛 DEBUG: Found 2 versions in metadata: ['hmm_macro_trend_training_data_15m_20251213_170722_611', 'hmm_macro_trend_regime_stats_15m_20251213_170725_853'] INFO
2025-12-31 19:08:10,939 - System.tprint - INFO - ℹ️ 🐛 DEBUG: Found 2 versions in metadata: ['hmm_macro_trend_training_data_15m_20251213_170722_611', 'hmm_macro_trend_regime_stats_15m_20251213_170725_853'] INFO
[2025-12-31 19:08:10.939] 🐛 DEBUG: Found 2 versions in HDF5: ['hmm_macro_trend_regime_stats_15m_20251213_170725_853', 'hmm_macro_trend_training_data_15m_20251213_170722_611'] INFO
2025-12-31 19:08:10,939 - System.tprint - INFO - ℹ️ 🐛 DEBUG: Found 2 versions in HDF5: ['hmm_macro_trend_regime_stats_15m_20251213_170725_853', 'hmm_macro_trend_training_data_15m_20251213_170722_611'] INFO
[2025-12-31 19:08:10.939] 🐛 DEBUG: _load_metadata() checking versioned_artifacts/ETHUSDT_binance_1h_long_full/metadata.json INFO
2025-12-31 19:08:10,939 - System.tprint - INFO - ℹ️ 🐛 DEBUG: _load_metadata() checking versioned_artifacts/ETHUSDT_binance_1h_long_full/metadata.json INFO
[2025-12-31 19:08:10.939] 🐛 DEBUG: Metadata file exists, size: 139 bytes INFO
2025-12-31 19:08:10,940 - System.tprint - INFO - ℹ️ 🐛 DEBUG: Metadata file exists, size: 139 bytes INFO
[2025-12-31 19:08:10.939] 🐛 DEBUG: Successfully loaded metadata with 0 versions INFO
2025-12-31 19:08:10,940 - System.tprint - INFO - ℹ️ 🐛 DEBUG: Successfully loaded metadata with 0 versions INFO
[2025-12-31 19:08:10.940] 🐛 DEBUG: list_versions() called INFO
2025-12-31 19:08:10,940 - System.tprint - INFO - ℹ️ 🐛 DEBUG: list_versions() called INFO
[2025-12-31 19:08:10.940] 🐛 DEBUG: Metadata file exists: True INFO
2025-12-31 19:08:10,940 - System.tprint - INFO - ℹ️ 🐛 DEBUG: Metadata file exists: True INFO
[2025-12-31 19:08:10.940] 🐛 DEBUG: HDF5 file exists: True INFO
2025-12-31 19:08:10,940 - System.tprint - INFO - ℹ️ 🐛 DEBUG: HDF5 file exists: True INFO
[2025-12-31 19:08:10.940] 🐛 DEBUG: Reloading metadata to get latest versions INFO
2025-12-31 19:08:10,940 - System.tprint - INFO - ℹ️ 🐛 DEBUG: Reloading metadata to get latest versions INFO
[2025-12-31 19:08:10.940] 🐛 DEBUG: _load_metadata() checking versioned_artifacts/ETHUSDT_binance_1h_long_full/metadata.json INFO
2025-12-31 19:08:10,940 - System.tprint - INFO - ℹ️ 🐛 DEBUG: _load_metadata() checking versioned_artifacts/ETHUSDT_binance_1h_long_full/metadata.json INFO
[2025-12-31 19:08:10.940] 🐛 DEBUG: Metadata file exists, size: 139 bytes INFO
2025-12-31 19:08:10,941 - System.tprint - INFO - ℹ️ 🐛 DEBUG: Metadata file exists, size: 139 bytes INFO
[2025-12-31 19:08:10.940] 🐛 DEBUG: Successfully loaded metadata with 0 versions INFO
2025-12-31 19:08:10,941 - System.tprint - INFO - ℹ️ 🐛 DEBUG: Successfully loaded metadata with 0 versions INFO
[2025-12-31 19:08:10.940] 🐛 DEBUG: Found 0 versions in metadata: [] INFO
2025-12-31 19:08:10,941 - System.tprint - INFO - ℹ️ 🐛 DEBUG: Found 0 versions in metadata: [] INFO
[2025-12-31 19:08:10.941] 🐛 DEBUG: Found 0 versions in HDF5: [] INFO
2025-12-31 19:08:10,941 - System.tprint - INFO - ℹ️ 🐛 DEBUG: Found 0 versions in HDF5: [] INFO
[2025-12-31 19:08:10.941] 🐛 DEBUG: _load_metadata() checking versioned_artifacts/ETHUSDT_binance_15m_short_mean_reversion/metadata.json INFO
2025-12-31 19:08:10,941 - System.tprint - INFO - ℹ️ 🐛 DEBUG: _load_metadata() checking versioned_artifacts/ETHUSDT_binance_15m_short_mean_reversion/metadata.json INFO
[2025-12-31 19:08:10.941] 🐛 DEBUG: Metadata file exists, size: 139 bytes INFO
2025-12-31 19:08:10,942 - System.tprint - INFO - ℹ️ 🐛 DEBUG: Metadata file exists, size: 139 bytes INFO
[2025-12-31 19:08:10.941] 🐛 DEBUG: Successfully loaded metadata with 0 versions INFO
2025-12-31 19:08:10,942 - System.tprint - INFO - ℹ️ 🐛 DEBUG: Successfully loaded metadata with 0 versions INFO
[2025-12-31 19:08:10.941] 🐛 DEBUG: list_versions() called INFO
2025-12-31 19:08:10,942 - System.tprint - INFO - ℹ️ 🐛 DEBUG: list_versions() called INFO
[2025-12-31 19:08:10.941] 🐛 DEBUG: Metadata file exists: True INFO
2025-12-31 19:08:10,942 - System.tprint - INFO - ℹ️ 🐛 DEBUG: Metadata file exists: True INFO
[2025-12-31 19:08:10.941] 🐛 DEBUG: HDF5 file exists: True INFO
2025-12-31 19:08:10,942 - System.tprint - INFO - ℹ️ 🐛 DEBUG: HDF5 file exists: True INFO
[2025-12-31 19:08:10.941] 🐛 DEBUG: Reloading metadata to get latest versions INFO
2025-12-31 19:08:10,942 - System.tprint - INFO - ℹ️ 🐛 DEBUG: Reloading metadata to get latest versions INFO
[2025-12-31 19:08:10.942] 🐛 DEBUG: _load_metadata() checking versioned_artifacts/ETHUSDT_binance_15m_short_mean_reversion/metadata.json INFO
2025-12-31 19:08:10,942 - System.tprint - INFO - ℹ️ 🐛 DEBUG: _load_metadata() checking versioned_artifacts/ETHUSDT_binance_15m_short_mean_reversion/metadata.json INFO
[2025-12-31 19:08:10.942] 🐛 DEBUG: Metadata file exists, size: 139 bytes INFO
2025-12-31 19:08:10,942 - System.tprint - INFO - ℹ️ 🐛 DEBUG: Metadata file exists, size: 139 bytes INFO
[2025-12-31 19:08:10.942] 🐛 DEBUG: Successfully loaded metadata with 0 versions INFO
2025-12-31 19:08:10,942 - System.tprint - INFO - ℹ️ 🐛 DEBUG: Successfully loaded metadata with 0 versions INFO
[2025-12-31 19:08:10.942] 🐛 DEBUG: Found 0 versions in metadata: [] INFO
2025-12-31 19:08:10,942 - System.tprint - INFO - ℹ️ 🐛 DEBUG: Found 0 versions in metadata: [] INFO
[2025-12-31 19:08:10.942] 🐛 DEBUG: Found 0 versions in HDF5: [] INFO
2025-12-31 19:08:10,943 - System.tprint - INFO - ℹ️ 🐛 DEBUG: Found 0 versions in HDF5: [] INFO
[2025-12-31 19:08:10.942] 🐛 DEBUG: _load_metadata() checking versioned_artifacts/ETHUSDT_binance_1h_long_regime_risk_hmm/metadata.json INFO
2025-12-31 19:08:10,943 - System.tprint - INFO - ℹ️ 🐛 DEBUG: _load_metadata() checking versioned_artifacts/ETHUSDT_binance_1h_long_regime_risk_hmm/metadata.json INFO
[2025-12-31 19:08:10.942] 🐛 DEBUG: Metadata file exists, size: 139 bytes INFO
2025-12-31 19:08:10,943 - System.tprint - INFO - ℹ️ 🐛 DEBUG: Metadata file exists, size: 139 bytes INFO
[2025-12-31 19:08:10.942] 🐛 DEBUG: Successfully loaded metadata with 0 versions INFO
2025-12-31 19:08:10,943 - System.tprint - INFO - ℹ️ 🐛 DEBUG: Successfully loaded metadata with 0 versions INFO
[2025-12-31 19:08:10.943] 🐛 DEBUG: list_versions() called INFO
2025-12-31 19:08:10,943 - System.tprint - INFO - ℹ️ 🐛 DEBUG: list_versions() called INFO
[2025-12-31 19:08:10.943] 🐛 DEBUG: Metadata file exists: True INFO
2025-12-31 19:08:10,943 - System.tprint - INFO - ℹ️ 🐛 DEBUG: Metadata file exists: True INFO
[2025-12-31 19:08:10.943] 🐛 DEBUG: HDF5 file exists: True INFO
2025-12-31 19:08:10,943 - System.tprint - INFO - ℹ️ 🐛 DEBUG: HDF5 file exists: True INFO
[2025-12-31 19:08:10.943] 🐛 DEBUG: Reloading metadata to get latest versions INFO
2025-12-31 19:08:10,943 - System.tprint - INFO - ℹ️ 🐛 DEBUG: Reloading metadata to get latest versions INFO
[2025-12-31 19:08:10.943] 🐛 DEBUG: _load_metadata() checking versioned_artifacts/ETHUSDT_binance_1h_long_regime_risk_hmm/metadata.json INFO
2025-12-31 19:08:10,943 - System.tprint - INFO - ℹ️ 🐛 DEBUG: _load_metadata() checking versioned_artifacts/ETHUSDT_binance_1h_long_regime_risk_hmm/metadata.json INFO
[2025-12-31 19:08:10.943] 🐛 DEBUG: Metadata file exists, size: 139 bytes INFO
2025-12-31 19:08:10,944 - System.tprint - INFO - ℹ️ 🐛 DEBUG: Metadata file exists, size: 139 bytes INFO
[2025-12-31 19:08:10.943] 🐛 DEBUG: Successfully loaded metadata with 0 versions INFO
2025-12-31 19:08:10,944 - System.tprint - INFO - ℹ️ 🐛 DEBUG: Successfully loaded metadata with 0 versions INFO
[2025-12-31 19:08:10.943] 🐛 DEBUG: Found 0 versions in metadata: [] INFO
2025-12-31 19:08:10,944 - System.tprint - INFO - ℹ️ 🐛 DEBUG: Found 0 versions in metadata: [] INFO
[2025-12-31 19:08:10.943] 🐛 DEBUG: Found 0 versions in HDF5: [] INFO
2025-12-31 19:08:10,944 - System.tprint - INFO - ℹ️ 🐛 DEBUG: Found 0 versions in HDF5: [] INFO
[2025-12-31 19:08:10.944] 🐛 DEBUG: _load_metadata() checking versioned_artifacts/ETHUSDT_binance_1h_long_regime_risk/metadata.json INFO
2025-12-31 19:08:10,944 - System.tprint - INFO - ℹ️ 🐛 DEBUG: _load_metadata() checking versioned_artifacts/ETHUSDT_binance_1h_long_regime_risk/metadata.json INFO
[2025-12-31 19:08:10.944] 🐛 DEBUG: Metadata file exists, size: 139 bytes INFO
2025-12-31 19:08:10,944 - System.tprint - INFO - ℹ️ 🐛 DEBUG: Metadata file exists, size: 139 bytes INFO
[2025-12-31 19:08:10.944] 🐛 DEBUG: Successfully loaded metadata with 0 versions INFO
2025-12-31 19:08:10,945 - System.tprint - INFO - ℹ️ 🐛 DEBUG: Successfully loaded metadata with 0 versions INFO
[2025-12-31 19:08:10.944] 🐛 DEBUG: list_versions() called INFO
2025-12-31 19:08:10,945 - System.tprint - INFO - ℹ️ 🐛 DEBUG: list_versions() called INFO
[2025-12-31 19:08:10.944] 🐛 DEBUG: Metadata file exists: True INFO
2025-12-31 19:08:10,945 - System.tprint - INFO - ℹ️ 🐛 DEBUG: Metadata file exists: True INFO
[2025-12-31 19:08:10.944] 🐛 DEBUG: HDF5 file exists: True INFO
2025-12-31 19:08:10,945 - System.tprint - INFO - ℹ️ 🐛 DEBUG: HDF5 file exists: True INFO
[2025-12-31 19:08:10.944] 🐛 DEBUG: Reloading metadata to get latest versions INFO
2025-12-31 19:08:10,945 - System.tprint - INFO - ℹ️ 🐛 DEBUG: Reloading metadata to get latest versions INFO
[2025-12-31 19:08:10.944] 🐛 DEBUG: _load_metadata() checking versioned_artifacts/ETHUSDT_binance_1h_long_regime_risk/metadata.json INFO
2025-12-31 19:08:10,945 - System.tprint - INFO - ℹ️ 🐛 DEBUG: _load_metadata() checking versioned_artifacts/ETHUSDT_binance_1h_long_regime_risk/metadata.json INFO
[2025-12-31 19:08:10.944] 🐛 DEBUG: Metadata file exists, size: 139 bytes INFO
2025-12-31 19:08:10,945 - System.tprint - INFO - ℹ️ 🐛 DEBUG: Metadata file exists, size: 139 bytes INFO
[2025-12-31 19:08:10.944] 🐛 DEBUG: Successfully loaded metadata with 0 versions INFO
2025-12-31 19:08:10,945 - System.tprint - INFO - ℹ️ 🐛 DEBUG: Successfully loaded metadata with 0 versions INFO
[2025-12-31 19:08:10.945] 🐛 DEBUG: Found 0 versions in metadata: [] INFO
2025-12-31 19:08:10,945 - System.tprint - INFO - ℹ️ 🐛 DEBUG: Found 0 versions in metadata: [] INFO
[2025-12-31 19:08:10.945] 🐛 DEBUG: Found 0 versions in HDF5: [] INFO
2025-12-31 19:08:10,946 - System.tprint - INFO - ℹ️ 🐛 DEBUG: Found 0 versions in HDF5: [] INFO
[2025-12-31 19:08:10.945] 🐛 DEBUG: _load_metadata() checking versioned_artifacts/ETHUSDT_binance_1h_long_blank/metadata.json INFO
2025-12-31 19:08:10,946 - System.tprint - INFO - ℹ️ 🐛 DEBUG: _load_metadata() checking versioned_artifacts/ETHUSDT_binance_1h_long_blank/metadata.json INFO
[2025-12-31 19:08:10.945] 🐛 DEBUG: Metadata file exists, size: 139 bytes INFO
2025-12-31 19:08:10,946 - System.tprint - INFO - ℹ️ 🐛 DEBUG: Metadata file exists, size: 139 bytes INFO
[2025-12-31 19:08:10.945] 🐛 DEBUG: Successfully loaded metadata with 0 versions INFO
2025-12-31 19:08:10,946 - System.tprint - INFO - ℹ️ 🐛 DEBUG: Successfully loaded metadata with 0 versions INFO
[2025-12-31 19:08:10.945] 🐛 DEBUG: list_versions() called INFO
2025-12-31 19:08:10,946 - System.tprint - INFO - ℹ️ 🐛 DEBUG: list_versions() called INFO
[2025-12-31 19:08:10.946] 🐛 DEBUG: Metadata file exists: True INFO
2025-12-31 19:08:10,946 - System.tprint - INFO - ℹ️ 🐛 DEBUG: Metadata file exists: True INFO
[2025-12-31 19:08:10.946] 🐛 DEBUG: HDF5 file exists: True INFO
2025-12-31 19:08:10,946 - System.tprint - INFO - ℹ️ 🐛 DEBUG: HDF5 file exists: True INFO
[2025-12-31 19:08:10.946] 🐛 DEBUG: Reloading metadata to get latest versions INFO
2025-12-31 19:08:10,947 - System.tprint - INFO - ℹ️ 🐛 DEBUG: Reloading metadata to get latest versions INFO
[2025-12-31 19:08:10.946] 🐛 DEBUG: _load_metadata() checking versioned_artifacts/ETHUSDT_binance_1h_long_blank/metadata.json INFO
2025-12-31 19:08:10,947 - System.tprint - INFO - ℹ️ 🐛 DEBUG: _load_metadata() checking versioned_artifacts/ETHUSDT_binance_1h_long_blank/metadata.json INFO
[2025-12-31 19:08:10.946] 🐛 DEBUG: Metadata file exists, size: 139 bytes INFO
2025-12-31 19:08:10,947 - System.tprint - INFO - ℹ️ 🐛 DEBUG: Metadata file exists, size: 139 bytes INFO
[2025-12-31 19:08:10.946] 🐛 DEBUG: Successfully loaded metadata with 0 versions INFO
2025-12-31 19:08:10,947 - System.tprint - INFO - ℹ️ 🐛 DEBUG: Successfully loaded metadata with 0 versions INFO
[2025-12-31 19:08:10.946] 🐛 DEBUG: Found 0 versions in metadata: [] INFO
2025-12-31 19:08:10,947 - System.tprint - INFO - ℹ️ 🐛 DEBUG: Found 0 versions in metadata: [] INFO
[2025-12-31 19:08:10.946] 🐛 DEBUG: Found 0 versions in HDF5: [] INFO
2025-12-31 19:08:10,947 - System.tprint - INFO - ℹ️ 🐛 DEBUG: Found 0 versions in HDF5: [] INFO
[2025-12-31 19:08:10.946] 🐛 DEBUG: _load_metadata() checking versioned_artifacts/ETHUSDT_binance_15m_long_regime_mr_trend/metadata.json INFO
2025-12-31 19:08:10,947 - System.tprint - INFO - ℹ️ 🐛 DEBUG: _load_metadata() checking versioned_artifacts/ETHUSDT_binance_15m_long_regime_mr_trend/metadata.json INFO
[2025-12-31 19:08:10.947] 🐛 DEBUG: Metadata file exists, size: 139 bytes INFO
2025-12-31 19:08:10,947 - System.tprint - INFO - ℹ️ 🐛 DEBUG: Metadata file exists, size: 139 bytes INFO
[2025-12-31 19:08:10.947] 🐛 DEBUG: Successfully loaded metadata with 0 versions INFO
2025-12-31 19:08:10,948 - System.tprint - INFO - ℹ️ 🐛 DEBUG: Successfully loaded metadata with 0 versions INFO
[2025-12-31 19:08:10.947] 🐛 DEBUG: list_versions() called INFO
2025-12-31 19:08:10,948 - System.tprint - INFO - ℹ️ 🐛 DEBUG: list_versions() called INFO
[2025-12-31 19:08:10.947] 🐛 DEBUG: Metadata file exists: True INFO
2025-12-31 19:08:10,948 - System.tprint - INFO - ℹ️ 🐛 DEBUG: Metadata file exists: True INFO
[2025-12-31 19:08:10.947] 🐛 DEBUG: HDF5 file exists: True INFO
2025-12-31 19:08:10,948 - System.tprint - INFO - ℹ️ 🐛 DEBUG: HDF5 file exists: True INFO
[2025-12-31 19:08:10.947] 🐛 DEBUG: Reloading metadata to get latest versions INFO
2025-12-31 19:08:10,948 - System.tprint - INFO - ℹ️ 🐛 DEBUG: Reloading metadata to get latest versions INFO
[2025-12-31 19:08:10.947] 🐛 DEBUG: _load_metadata() checking versioned_artifacts/ETHUSDT_binance_15m_long_regime_mr_trend/metadata.json INFO
2025-12-31 19:08:10,948 - System.tprint - INFO - ℹ️ 🐛 DEBUG: _load_metadata() checking versioned_artifacts/ETHUSDT_binance_15m_long_regime_mr_trend/metadata.json INFO
[2025-12-31 19:08:10.947] 🐛 DEBUG: Metadata file exists, size: 139 bytes INFO
2025-12-31 19:08:10,948 - System.tprint - INFO - ℹ️ 🐛 DEBUG: Metadata file exists, size: 139 bytes INFO
[2025-12-31 19:08:10.947] 🐛 DEBUG: Successfully loaded metadata with 0 versions INFO
2025-12-31 19:08:10,948 - System.tprint - INFO - ℹ️ 🐛 DEBUG: Successfully loaded metadata with 0 versions INFO
[2025-12-31 19:08:10.947] 🐛 DEBUG: Found 0 versions in metadata: [] INFO
2025-12-31 19:08:10,948 - System.tprint - INFO - ℹ️ 🐛 DEBUG: Found 0 versions in metadata: [] INFO
[2025-12-31 19:08:10.947] 🐛 DEBUG: Found 0 versions in HDF5: [] INFO
2025-12-31 19:08:10,948 - System.tprint - INFO - ℹ️ 🐛 DEBUG: Found 0 versions in HDF5: [] INFO
[2025-12-31 19:08:10.949] 🐛 DEBUG: _load_metadata() checking versioned_artifacts/ETHUSDT_binance_15m_long_regime_risk_hmm/metadata.json INFO
2025-12-31 19:08:10,949 - System.tprint - INFO - ℹ️ 🐛 DEBUG: _load_metadata() checking versioned_artifacts/ETHUSDT_binance_15m_long_regime_risk_hmm/metadata.json INFO
[2025-12-31 19:08:10.949] 🐛 DEBUG: Metadata file exists, size: 1035 bytes INFO
2025-12-31 19:08:10,949 - System.tprint - INFO - ℹ️ 🐛 DEBUG: Metadata file exists, size: 1035 bytes INFO
[2025-12-31 19:08:10.949] 🐛 DEBUG: Successfully loaded metadata with 1 versions INFO
2025-12-31 19:08:10,949 - System.tprint - INFO - ℹ️ 🐛 DEBUG: Successfully loaded metadata with 1 versions INFO
[2025-12-31 19:08:10.949] 🐛 DEBUG: list_versions() called INFO
2025-12-31 19:08:10,949 - System.tprint - INFO - ℹ️ 🐛 DEBUG: list_versions() called INFO
[2025-12-31 19:08:10.949] 🐛 DEBUG: Metadata file exists: True INFO
2025-12-31 19:08:10,949 - System.tprint - INFO - ℹ️ 🐛 DEBUG: Metadata file exists: True INFO
[2025-12-31 19:08:10.949] 🐛 DEBUG: HDF5 file exists: True INFO
2025-12-31 19:08:10,949 - System.tprint - INFO - ℹ️ 🐛 DEBUG: HDF5 file exists: True INFO
[2025-12-31 19:08:10.949] 🐛 DEBUG: Reloading metadata to get latest versions INFO
2025-12-31 19:08:10,949 - System.tprint - INFO - ℹ️ 🐛 DEBUG: Reloading metadata to get latest versions INFO
[2025-12-31 19:08:10.949] 🐛 DEBUG: _load_metadata() checking versioned_artifacts/ETHUSDT_binance_15m_long_regime_risk_hmm/metadata.json INFO
2025-12-31 19:08:10,949 - System.tprint - INFO - ℹ️ 🐛 DEBUG: _load_metadata() checking versioned_artifacts/ETHUSDT_binance_15m_long_regime_risk_hmm/metadata.json INFO
[2025-12-31 19:08:10.949] 🐛 DEBUG: Metadata file exists, size: 1035 bytes INFO
2025-12-31 19:08:10,949 - System.tprint - INFO - ℹ️ 🐛 DEBUG: Metadata file exists, size: 1035 bytes INFO
[2025-12-31 19:08:10.949] 🐛 DEBUG: Successfully loaded metadata with 1 versions INFO
2025-12-31 19:08:10,949 - System.tprint - INFO - ℹ️ 🐛 DEBUG: Successfully loaded metadata with 1 versions INFO
[2025-12-31 19:08:10.949] 🐛 DEBUG: Found 1 versions in metadata: ['ml_risk_hmm_training_data_15m_20251205_191725_560'] INFO
2025-12-31 19:08:10,949 - System.tprint - INFO - ℹ️ 🐛 DEBUG: Found 1 versions in metadata: ['ml_risk_hmm_training_data_15m_20251205_191725_560'] INFO
[2025-12-31 19:08:10.950] 🐛 DEBUG: Found 1 versions in HDF5: ['ml_risk_hmm_training_data_15m_20251205_191725_560'] INFO
2025-12-31 19:08:10,950 - System.tprint - INFO - ℹ️ 🐛 DEBUG: Found 1 versions in HDF5: ['ml_risk_hmm_training_data_15m_20251205_191725_560'] INFO
[2025-12-31 19:08:10.950] 🐛 DEBUG: _load_metadata() checking versioned_artifacts/ETHUSDT_binance_15m_long_analyst/metadata.json INFO
2025-12-31 19:08:10,950 - System.tprint - INFO - ℹ️ 🐛 DEBUG: _load_metadata() checking versioned_artifacts/ETHUSDT_binance_15m_long_analyst/metadata.json INFO
[2025-12-31 19:08:10.950] 🐛 DEBUG: Metadata file exists, size: 24005 bytes INFO
2025-12-31 19:08:10,950 - System.tprint - INFO - ℹ️ 🐛 DEBUG: Metadata file exists, size: 24005 bytes INFO
[2025-12-31 19:08:10.950] 🐛 DEBUG: Successfully loaded metadata with 8 versions INFO
2025-12-31 19:08:10,950 - System.tprint - INFO - ℹ️ 🐛 DEBUG: Successfully loaded metadata with 8 versions INFO
[2025-12-31 19:08:10.950] 🐛 DEBUG: list_versions() called INFO
2025-12-31 19:08:10,950 - System.tprint - INFO - ℹ️ 🐛 DEBUG: list_versions() called INFO
[2025-12-31 19:08:10.950] 🐛 DEBUG: Metadata file exists: True INFO
2025-12-31 19:08:10,950 - System.tprint - INFO - ℹ️ 🐛 DEBUG: Metadata file exists: True INFO
[2025-12-31 19:08:10.950] 🐛 DEBUG: HDF5 file exists: True INFO
2025-12-31 19:08:10,951 - System.tprint - INFO - ℹ️ 🐛 DEBUG: HDF5 file exists: True INFO
[2025-12-31 19:08:10.950] 🐛 DEBUG: Reloading metadata to get latest versions INFO
2025-12-31 19:08:10,951 - System.tprint - INFO - ℹ️ 🐛 DEBUG: Reloading metadata to get latest versions INFO
[2025-12-31 19:08:10.950] 🐛 DEBUG: _load_metadata() checking versioned_artifacts/ETHUSDT_binance_15m_long_analyst/metadata.json INFO
2025-12-31 19:08:10,951 - System.tprint - INFO - ℹ️ 🐛 DEBUG: _load_metadata() checking versioned_artifacts/ETHUSDT_binance_15m_long_analyst/metadata.json INFO
[2025-12-31 19:08:10.951] 🐛 DEBUG: Metadata file exists, size: 24005 bytes INFO
2025-12-31 19:08:10,951 - System.tprint - INFO - ℹ️ 🐛 DEBUG: Metadata file exists, size: 24005 bytes INFO
[2025-12-31 19:08:10.951] 🐛 DEBUG: Successfully loaded metadata with 8 versions INFO
2025-12-31 19:08:10,951 - System.tprint - INFO - ℹ️ 🐛 DEBUG: Successfully loaded metadata with 8 versions INFO
[2025-12-31 19:08:10.951] 🐛 DEBUG: Found 8 versions in metadata: ['weighted_meta_model_training_matrix_ETHUSDT_binance_15m_long_20251214_184321_623', 'labeled_data_ETHUSDT_binance_15m_long_20251214_220950_753', 'labeled_data_ETHUSDT_binance_15m_long_20251214_224631_542', 'labeled_data_ETHUSDT_binance_15m_long_20251214_233640_586', 'labeled_data_ETHUSDT_binance_15m_long_20251214_235041_562', 'labeled_data_ETHUSDT_15m_20251219_235959_715', 'labeled_data_ETHUSDT_15m_20251220_000301_152', 'labeled_data_ETHUSDT_15m_20251220_000738_204'] INFO
2025-12-31 19:08:10,951 - System.tprint - INFO - ℹ️ 🐛 DEBUG: Found 8 versions in metadata: ['weighted_meta_model_training_matrix_ETHUSDT_binance_15m_long_20251214_184321_623', 'labeled_data_ETHUSDT_binance_15m_long_20251214_220950_753', 'labeled_data_ETHUSDT_binance_15m_long_20251214_224631_542', 'labeled_data_ETHUSDT_binance_15m_long_20251214_233640_586', 'labeled_data_ETHUSDT_binance_15m_long_20251214_235041_562', 'labeled_data_ETHUSDT_15m_20251219_235959_715', 'labeled_data_ETHUSDT_15m_20251220_000301_152', 'labeled_data_ETHUSDT_15m_20251220_000738_204'] INFO
[2025-12-31 19:08:10.951] 🐛 DEBUG: Found 8 versions in HDF5: ['labeled_data_ETHUSDT_15m_20251219_235959_715', 'labeled_data_ETHUSDT_15m_20251220_000301_152', 'labeled_data_ETHUSDT_15m_20251220_000738_204', 'labeled_data_ETHUSDT_binance_15m_long_20251214_220950_753', 'labeled_data_ETHUSDT_binance_15m_long_20251214_224631_542', 'labeled_data_ETHUSDT_binance_15m_long_20251214_233640_586', 'labeled_data_ETHUSDT_binance_15m_long_20251214_235041_562', 'weighted_meta_model_training_matrix_ETHUSDT_binance_15m_long_20251214_184321_623'] INFO
2025-12-31 19:08:10,951 - System.tprint - INFO - ℹ️ 🐛 DEBUG: Found 8 versions in HDF5: ['labeled_data_ETHUSDT_15m_20251219_235959_715', 'labeled_data_ETHUSDT_15m_20251220_000301_152', 'labeled_data_ETHUSDT_15m_20251220_000738_204', 'labeled_data_ETHUSDT_binance_15m_long_20251214_220950_753', 'labeled_data_ETHUSDT_binance_15m_long_20251214_224631_542', 'labeled_data_ETHUSDT_binance_15m_long_20251214_233640_586', 'labeled_data_ETHUSDT_binance_15m_long_20251214_235041_562', 'weighted_meta_model_training_matrix_ETHUSDT_binance_15m_long_20251214_184321_623'] INFO
[2025-12-31 19:08:10.952] 🐛 DEBUG: _load_metadata() checking versioned_artifacts/ETHUSDT_binance_1h_long_regime_macro_trend/metadata.json INFO
2025-12-31 19:08:10,952 - System.tprint - INFO - ℹ️ 🐛 DEBUG: _load_metadata() checking versioned_artifacts/ETHUSDT_binance_1h_long_regime_macro_trend/metadata.json INFO
[2025-12-31 19:08:10.952] 🐛 DEBUG: Metadata file exists, size: 17432 bytes INFO
2025-12-31 19:08:10,953 - System.tprint - INFO - ℹ️ 🐛 DEBUG: Metadata file exists, size: 17432 bytes INFO
[2025-12-31 19:08:10.953] 🐛 DEBUG: Successfully loaded metadata with 5 versions INFO
2025-12-31 19:08:10,953 - System.tprint - INFO - ℹ️ 🐛 DEBUG: Successfully loaded metadata with 5 versions INFO
[2025-12-31 19:08:10.953] 🐛 DEBUG: list_versions() called INFO
2025-12-31 19:08:10,953 - System.tprint - INFO - ℹ️ 🐛 DEBUG: list_versions() called INFO
[2025-12-31 19:08:10.953] 🐛 DEBUG: Metadata file exists: True INFO
2025-12-31 19:08:10,953 - System.tprint - INFO - ℹ️ 🐛 DEBUG: Metadata file exists: True INFO
[2025-12-31 19:08:10.953] 🐛 DEBUG: HDF5 file exists: True INFO
2025-12-31 19:08:10,954 - System.tprint - INFO - ℹ️ 🐛 DEBUG: HDF5 file exists: True INFO
[2025-12-31 19:08:10.953] 🐛 DEBUG: Reloading metadata to get latest versions INFO
2025-12-31 19:08:10,954 - System.tprint - INFO - ℹ️ 🐛 DEBUG: Reloading metadata to get latest versions INFO
[2025-12-31 19:08:10.953] 🐛 DEBUG: _load_metadata() checking versioned_artifacts/ETHUSDT_binance_1h_long_regime_macro_trend/metadata.json INFO
2025-12-31 19:08:10,954 - System.tprint - INFO - ℹ️ 🐛 DEBUG: _load_metadata() checking versioned_artifacts/ETHUSDT_binance_1h_long_regime_macro_trend/metadata.json INFO
[2025-12-31 19:08:10.953] 🐛 DEBUG: Metadata file exists, size: 17432 bytes INFO
2025-12-31 19:08:10,954 - System.tprint - INFO - ℹ️ 🐛 DEBUG: Metadata file exists, size: 17432 bytes INFO
[2025-12-31 19:08:10.954] 🐛 DEBUG: Successfully loaded metadata with 5 versions INFO
2025-12-31 19:08:10,954 - System.tprint - INFO - ℹ️ 🐛 DEBUG: Successfully loaded metadata with 5 versions INFO
[2025-12-31 19:08:10.954] 🐛 DEBUG: Found 5 versions in metadata: ['hmm_macro_trend_regime_quality_1h_20251204_224507_427', 'hmm_macro_trend_regime_quality_1h_20251204_225044_960', 'hmm_macro_trend_regime_quality_1h_20251205_183537_791', 'hmm_macro_trend_regime_quality_1h_20251205_191709_242', 'hmm_macro_trend_regime_quality_1h_20251213_170722_488'] INFO
2025-12-31 19:08:10,955 - System.tprint - INFO - ℹ️ 🐛 DEBUG: Found 5 versions in metadata: ['hmm_macro_trend_regime_quality_1h_20251204_224507_427', 'hmm_macro_trend_regime_quality_1h_20251204_225044_960', 'hmm_macro_trend_regime_quality_1h_20251205_183537_791', 'hmm_macro_trend_regime_quality_1h_20251205_191709_242', 'hmm_macro_trend_regime_quality_1h_20251213_170722_488'] INFO
[2025-12-31 19:08:10.954] 🐛 DEBUG: Found 5 versions in HDF5: ['hmm_macro_trend_regime_quality_1h_20251204_224507_427', 'hmm_macro_trend_regime_quality_1h_20251204_225044_960', 'hmm_macro_trend_regime_quality_1h_20251205_183537_791', 'hmm_macro_trend_regime_quality_1h_20251205_191709_242', 'hmm_macro_trend_regime_quality_1h_20251213_170722_488'] INFO
2025-12-31 19:08:10,955 - System.tprint - INFO - ℹ️ 🐛 DEBUG: Found 5 versions in HDF5: ['hmm_macro_trend_regime_quality_1h_20251204_224507_427', 'hmm_macro_trend_regime_quality_1h_20251204_225044_960', 'hmm_macro_trend_regime_quality_1h_20251205_183537_791', 'hmm_macro_trend_regime_quality_1h_20251205_191709_242', 'hmm_macro_trend_regime_quality_1h_20251213_170722_488'] INFO
[2025-12-31 19:08:10.956] 🐛 DEBUG: _load_metadata() checking versioned_artifacts/ETHUSDT_binance_1h_long_regime/metadata.json INFO
2025-12-31 19:08:10,956 - System.tprint - INFO - ℹ️ 🐛 DEBUG: _load_metadata() checking versioned_artifacts/ETHUSDT_binance_1h_long_regime/metadata.json INFO
[2025-12-31 19:08:10.956] 🐛 DEBUG: Metadata file exists, size: 3249 bytes INFO
2025-12-31 19:08:10,956 - System.tprint - INFO - ℹ️ 🐛 DEBUG: Metadata file exists, size: 3249 bytes INFO
[2025-12-31 19:08:10.956] 🐛 DEBUG: Successfully loaded metadata with 5 versions INFO
2025-12-31 19:08:10,956 - System.tprint - INFO - ℹ️ 🐛 DEBUG: Successfully loaded metadata with 5 versions INFO
[2025-12-31 19:08:10.956] 🐛 DEBUG: list_versions() called INFO
2025-12-31 19:08:10,956 - System.tprint - INFO - ℹ️ 🐛 DEBUG: list_versions() called INFO
[2025-12-31 19:08:10.956] 🐛 DEBUG: Metadata file exists: True INFO
2025-12-31 19:08:10,956 - System.tprint - INFO - ℹ️ 🐛 DEBUG: Metadata file exists: True INFO
[2025-12-31 19:08:10.956] 🐛 DEBUG: HDF5 file exists: True INFO
2025-12-31 19:08:10,956 - System.tprint - INFO - ℹ️ 🐛 DEBUG: HDF5 file exists: True INFO
[2025-12-31 19:08:10.956] 🐛 DEBUG: Reloading metadata to get latest versions INFO
2025-12-31 19:08:10,956 - System.tprint - INFO - ℹ️ 🐛 DEBUG: Reloading metadata to get latest versions INFO
[2025-12-31 19:08:10.956] 🐛 DEBUG: _load_metadata() checking versioned_artifacts/ETHUSDT_binance_1h_long_regime/metadata.json INFO
2025-12-31 19:08:10,956 - System.tprint - INFO - ℹ️ 🐛 DEBUG: _load_metadata() checking versioned_artifacts/ETHUSDT_binance_1h_long_regime/metadata.json INFO
[2025-12-31 19:08:10.956] 🐛 DEBUG: Metadata file exists, size: 3249 bytes INFO
2025-12-31 19:08:10,956 - System.tprint - INFO - ℹ️ 🐛 DEBUG: Metadata file exists, size: 3249 bytes INFO
[2025-12-31 19:08:10.956] 🐛 DEBUG: Successfully loaded metadata with 5 versions INFO
2025-12-31 19:08:10,957 - System.tprint - INFO - ℹ️ 🐛 DEBUG: Successfully loaded metadata with 5 versions INFO
[2025-12-31 19:08:10.956] 🐛 DEBUG: Found 5 versions in metadata: ['rolling_hmm_regime_confidence_features_20251122_003448_094', 'rolling_hmm_economic_features_20251122_003448_124', 'rolling_hmm_regime_labels_20251122_003448_165', 'rolling_hmm_regime_probabilities_20251122_003448_178', 'rolling_hmm_transition_matrix_20251122_003448_193'] INFO
2025-12-31 19:08:10,957 - System.tprint - INFO - ℹ️ 🐛 DEBUG: Found 5 versions in metadata: ['rolling_hmm_regime_confidence_features_20251122_003448_094', 'rolling_hmm_economic_features_20251122_003448_124', 'rolling_hmm_regime_labels_20251122_003448_165', 'rolling_hmm_regime_probabilities_20251122_003448_178', 'rolling_hmm_transition_matrix_20251122_003448_193'] INFO
[2025-12-31 19:08:10.957] 🐛 DEBUG: Found 5 versions in HDF5: ['rolling_hmm_economic_features_20251122_003448_124', 'rolling_hmm_regime_confidence_features_20251122_003448_094', 'rolling_hmm_regime_labels_20251122_003448_165', 'rolling_hmm_regime_probabilities_20251122_003448_178', 'rolling_hmm_transition_matrix_20251122_003448_193'] INFO
2025-12-31 19:08:10,957 - System.tprint - INFO - ℹ️ 🐛 DEBUG: Found 5 versions in HDF5: ['rolling_hmm_economic_features_20251122_003448_124', 'rolling_hmm_regime_confidence_features_20251122_003448_094', 'rolling_hmm_regime_labels_20251122_003448_165', 'rolling_hmm_regime_probabilities_20251122_003448_178', 'rolling_hmm_transition_matrix_20251122_003448_193'] INFO
[2025-12-31 19:08:10.957] 🐛 DEBUG: _load_metadata() checking versioned_artifacts/ETHUSDT_binance_15m_long_blank/metadata.json INFO
2025-12-31 19:08:10,957 - System.tprint - INFO - ℹ️ 🐛 DEBUG: _load_metadata() checking versioned_artifacts/ETHUSDT_binance_15m_long_blank/metadata.json INFO
[2025-12-31 19:08:10.957] 🐛 DEBUG: Metadata file exists, size: 139 bytes INFO
2025-12-31 19:08:10,957 - System.tprint - INFO - ℹ️ 🐛 DEBUG: Metadata file exists, size: 139 bytes INFO
[2025-12-31 19:08:10.957] 🐛 DEBUG: Successfully loaded metadata with 0 versions INFO
2025-12-31 19:08:10,957 - System.tprint - INFO - ℹ️ 🐛 DEBUG: Successfully loaded metadata with 0 versions INFO
[2025-12-31 19:08:10.957] 🐛 DEBUG: list_versions() called INFO
2025-12-31 19:08:10,958 - System.tprint - INFO - ℹ️ 🐛 DEBUG: list_versions() called INFO
[2025-12-31 19:08:10.957] 🐛 DEBUG: Metadata file exists: True INFO
2025-12-31 19:08:10,958 - System.tprint - INFO - ℹ️ 🐛 DEBUG: Metadata file exists: True INFO
[2025-12-31 19:08:10.957] 🐛 DEBUG: HDF5 file exists: True INFO
2025-12-31 19:08:10,958 - System.tprint - INFO - ℹ️ 🐛 DEBUG: HDF5 file exists: True INFO
[2025-12-31 19:08:10.957] 🐛 DEBUG: Reloading metadata to get latest versions INFO
2025-12-31 19:08:10,958 - System.tprint - INFO - ℹ️ 🐛 DEBUG: Reloading metadata to get latest versions INFO
[2025-12-31 19:08:10.957] 🐛 DEBUG: _load_metadata() checking versioned_artifacts/ETHUSDT_binance_15m_long_blank/metadata.json INFO
2025-12-31 19:08:10,958 - System.tprint - INFO - ℹ️ 🐛 DEBUG: _load_metadata() checking versioned_artifacts/ETHUSDT_binance_15m_long_blank/metadata.json INFO
[2025-12-31 19:08:10.957] 🐛 DEBUG: Metadata file exists, size: 139 bytes INFO
2025-12-31 19:08:10,958 - System.tprint - INFO - ℹ️ 🐛 DEBUG: Metadata file exists, size: 139 bytes INFO
[2025-12-31 19:08:10.958] 🐛 DEBUG: Successfully loaded metadata with 0 versions INFO
2025-12-31 19:08:10,958 - System.tprint - INFO - ℹ️ 🐛 DEBUG: Successfully loaded metadata with 0 versions INFO
[2025-12-31 19:08:10.958] 🐛 DEBUG: Found 0 versions in metadata: [] INFO
2025-12-31 19:08:10,958 - System.tprint - INFO - ℹ️ 🐛 DEBUG: Found 0 versions in metadata: [] INFO
[2025-12-31 19:08:10.958] 🐛 DEBUG: Found 0 versions in HDF5: [] INFO
2025-12-31 19:08:10,958 - System.tprint - INFO - ℹ️ 🐛 DEBUG: Found 0 versions in HDF5: [] INFO
[2025-12-31 19:08:10.958] 🐛 DEBUG: _load_metadata() checking versioned_artifacts/ETHUSDT_binance_15m_long_regime_alpha/metadata.json INFO
2025-12-31 19:08:10,959 - System.tprint - INFO - ℹ️ 🐛 DEBUG: _load_metadata() checking versioned_artifacts/ETHUSDT_binance_15m_long_regime_alpha/metadata.json INFO
[2025-12-31 19:08:10.958] 🐛 DEBUG: Metadata file exists, size: 139 bytes INFO
2025-12-31 19:08:10,959 - System.tprint - INFO - ℹ️ 🐛 DEBUG: Metadata file exists, size: 139 bytes INFO
[2025-12-31 19:08:10.958] 🐛 DEBUG: Successfully loaded metadata with 0 versions INFO
2025-12-31 19:08:10,959 - System.tprint - INFO - ℹ️ 🐛 DEBUG: Successfully loaded metadata with 0 versions INFO
[2025-12-31 19:08:10.958] 🐛 DEBUG: list_versions() called INFO
2025-12-31 19:08:10,959 - System.tprint - INFO - ℹ️ 🐛 DEBUG: list_versions() called INFO
[2025-12-31 19:08:10.958] 🐛 DEBUG: Metadata file exists: True INFO
2025-12-31 19:08:10,959 - System.tprint - INFO - ℹ️ 🐛 DEBUG: Metadata file exists: True INFO
[2025-12-31 19:08:10.958] 🐛 DEBUG: HDF5 file exists: True INFO
2025-12-31 19:08:10,959 - System.tprint - INFO - ℹ️ 🐛 DEBUG: HDF5 file exists: True INFO
[2025-12-31 19:08:10.959] 🐛 DEBUG: Reloading metadata to get latest versions INFO
2025-12-31 19:08:10,959 - System.tprint - INFO - ℹ️ 🐛 DEBUG: Reloading metadata to get latest versions INFO
[2025-12-31 19:08:10.959] 🐛 DEBUG: _load_metadata() checking versioned_artifacts/ETHUSDT_binance_15m_long_regime_alpha/metadata.json INFO
2025-12-31 19:08:10,959 - System.tprint - INFO - ℹ️ 🐛 DEBUG: _load_metadata() checking versioned_artifacts/ETHUSDT_binance_15m_long_regime_alpha/metadata.json INFO
[2025-12-31 19:08:10.959] 🐛 DEBUG: Metadata file exists, size: 139 bytes INFO
2025-12-31 19:08:10,959 - System.tprint - INFO - ℹ️ 🐛 DEBUG: Metadata file exists, size: 139 bytes INFO
[2025-12-31 19:08:10.959] 🐛 DEBUG: Successfully loaded metadata with 0 versions INFO
2025-12-31 19:08:10,959 - System.tprint - INFO - ℹ️ 🐛 DEBUG: Successfully loaded metadata with 0 versions INFO
[2025-12-31 19:08:10.959] 🐛 DEBUG: Found 0 versions in metadata: [] INFO
2025-12-31 19:08:10,959 - System.tprint - INFO - ℹ️ 🐛 DEBUG: Found 0 versions in metadata: [] INFO
[2025-12-31 19:08:10.959] 🐛 DEBUG: Found 0 versions in HDF5: [] INFO
2025-12-31 19:08:10,960 - System.tprint - INFO - ℹ️ 🐛 DEBUG: Found 0 versions in HDF5: [] INFO
2025-12-31 19:08:10,960 - System.ArtifactManager - WARNING - ⚠️ Artifact not found: ohlcv_data
2025-12-31 19:08:10,960 - System.ArtifactManager - INFO - ℹ️ 📁 Context set: step=meta_labeling_hpo_sample_weighted, symbol=None, exchange=None, timeframe=None, datetime=2025-12-31 19:08:10.683668, information=None, direction=long, model=Analyst
[2025-12-31 19:08:10.960] ⚠️ Artifact 'ohlcv_data' not found in any storage | UNKNOWN/binance [15m] long/analyst
2025-12-31 19:08:10,960 - System.tprint - INFO - ℹ️ ⚠️ Artifact 'ohlcv_data' not found in any storage | UNKNOWN/binance [15m] long/analyst
2025-12-31 19:08:10,960 - System.ArtifactManager - INFO - ℹ️ 📁 Context set: step=meta_labeling_hpo_sample_weighted, symbol=None, exchange=None, timeframe=None, datetime=2025-12-31 19:08:10.683668, information=None, direction=long, model=Analyst
[2025-12-31 19:08:10.960] 📥 BASESTEP historical load: symbol=ETHUSDT, exchange=binance, timeframe=15m, execution_mode=full, start_date=2024-01-01, end_date=2024-12-31 INFO
2025-12-31 19:08:10,960 - System.tprint - INFO - ℹ️ 📥 BASESTEP historical load: symbol=ETHUSDT, exchange=binance, timeframe=15m, execution_mode=full, start_date=2024-01-01, end_date=2024-12-31 INFO
2025-12-31 19:08:10,962 - System.KlinesParquetManager - INFO - ℹ️ ✅ KlinesParquetManager initialized with base_dir: historical_data
[2025-12-31 19:08:10.965] 📁 BASESTEP probe: 51 files for ETHUSDT 15m (sample: historical_data/binance/ethusdt/processed/ethusdt_15m/year=2021/month=10/3b08e855a9c24b019d7c633963954045-0.parquet ... historical_data/binance/ethusdt/processed/ethusdt_15m/year=2025/month=9/3b08e855a9c24b019d7c633963954045-0.parquet) INFO
2025-12-31 19:08:10,965 - System.tprint - INFO - ℹ️ 📁 BASESTEP probe: 51 files for ETHUSDT 15m (sample: historical_data/binance/ethusdt/processed/ethusdt_15m/year=2021/month=10/3b08e855a9c24b019d7c633963954045-0.parquet ... historical_data/binance/ethusdt/processed/ethusdt_15m/year=2025/month=9/3b08e855a9c24b019d7c633963954045-0.parquet) INFO
[2025-12-31 19:08:10.965] 📊 load_market_data_or_fail post-historical: type=None, rows=NA INFO
2025-12-31 19:08:10,965 - System.tprint - INFO - ℹ️ 📊 load_market_data_or_fail post-historical: type=None, rows=NA INFO
2025-12-31 19:08:10,965 - System.KlinesParquetManager - INFO - ℹ️ ✅ KlinesParquetManager initialized with base_dir: historical_data
[2025-12-31 19:08:10.965] 🐛 DEBUG [load_klines]: last_n_days=1095, start_time=None, end_time=None INFO
2025-12-31 19:08:10,965 - System.tprint - INFO - ℹ️ 🐛 DEBUG [load_klines]: last_n_days=1095, start_time=None, end_time=None INFO
[2025-12-31 19:08:10.967] 🐛 DEBUG [KlinesParquetManager]: Loading 51 parquet files INFO
2025-12-31 19:08:10,967 - System.tprint - INFO - ℹ️ 🐛 DEBUG [KlinesParquetManager]: Loading 51 parquet files INFO
2025-12-31 19:08:11,391 - System.ParquetUtils - INFO - ℹ️ ✅ Read parquet: 3b08e855a9c24b019d7c633963954045-0.parquet -> (104, 9)
[2025-12-31 19:08:11.391] 🐛 DEBUG [KlinesParquetManager]: File 1/51: historical_data/binance/ethusdt/processed/ethusdt_15m/year=2021/month=10/3b08e855a9c24b019d7c633963954045-0.parquet - 104 rows, span=(2021-10-30 22:00:00, 2021-10-31 23:45:00) INFO
2025-12-31 19:08:11,391 - System.tprint - INFO - ℹ️ 🐛 DEBUG [KlinesParquetManager]: File 1/51: historical_data/binance/ethusdt/processed/ethusdt_15m/year=2021/month=10/3b08e855a9c24b019d7c633963954045-0.parquet - 104 rows, span=(2021-10-30 22:00:00, 2021-10-31 23:45:00) INFO
2025-12-31 19:08:11,394 - System.ParquetUtils - INFO - ℹ️ ✅ Read parquet: 3b08e855a9c24b019d7c633963954045-0.parquet -> (2880, 9)
[2025-12-31 19:08:11.394] 🐛 DEBUG [KlinesParquetManager]: File 2/51: historical_data/binance/ethusdt/processed/ethusdt_15m/year=2021/month=11/3b08e855a9c24b019d7c633963954045-0.parquet - 2880 rows, span=(2021-11-01 00:00:00, 2021-11-30 23:45:00) INFO
2025-12-31 19:08:11,394 - System.tprint - INFO - ℹ️ 🐛 DEBUG [KlinesParquetManager]: File 2/51: historical_data/binance/ethusdt/processed/ethusdt_15m/year=2021/month=11/3b08e855a9c24b019d7c633963954045-0.parquet - 2880 rows, span=(2021-11-01 00:00:00, 2021-11-30 23:45:00) INFO
2025-12-31 19:08:11,396 - System.ParquetUtils - INFO - ℹ️ ✅ Read parquet: 3b08e855a9c24b019d7c633963954045-0.parquet -> (2976, 9)
[2025-12-31 19:08:11.396] 🐛 DEBUG [KlinesParquetManager]: File 3/51: historical_data/binance/ethusdt/processed/ethusdt_15m/year=2021/month=12/3b08e855a9c24b019d7c633963954045-0.parquet - 2976 rows, span=(2021-12-01 00:00:00, 2021-12-31 23:45:00) INFO
2025-12-31 19:08:11,397 - System.tprint - INFO - ℹ️ 🐛 DEBUG [KlinesParquetManager]: File 3/51: historical_data/binance/ethusdt/processed/ethusdt_15m/year=2021/month=12/3b08e855a9c24b019d7c633963954045-0.parquet - 2976 rows, span=(2021-12-01 00:00:00, 2021-12-31 23:45:00) INFO
2025-12-31 19:08:11,399 - System.ParquetUtils - INFO - ℹ️ ✅ Read parquet: 3b08e855a9c24b019d7c633963954045-0.parquet -> (2976, 9)
2025-12-31 19:08:11,401 - System.ParquetUtils - INFO - ℹ️ ✅ Read parquet: 3b08e855a9c24b019d7c633963954045-0.parquet -> (2976, 9)
2025-12-31 19:08:11,406 - System.ParquetUtils - INFO - ℹ️ ✅ Read parquet: 3b08e855a9c24b019d7c633963954045-0.parquet -> (2877, 9)
2025-12-31 19:08:11,408 - System.ParquetUtils - INFO - ℹ️ ✅ Read parquet: 3b08e855a9c24b019d7c633963954045-0.parquet -> (2047, 9)
2025-12-31 19:08:11,410 - System.ParquetUtils - INFO - ℹ️ ✅ Read parquet: 3b08e855a9c24b019d7c633963954045-0.parquet -> (2688, 9)
2025-12-31 19:08:11,412 - System.ParquetUtils - INFO - ℹ️ ✅ Read parquet: 3b08e855a9c24b019d7c633963954045-0.parquet -> (2976, 9)
2025-12-31 19:08:11,415 - System.ParquetUtils - INFO - ℹ️ ✅ Read parquet: 3b08e855a9c24b019d7c633963954045-0.parquet -> (2880, 9)
2025-12-31 19:08:11,417 - System.ParquetUtils - INFO - ℹ️ ✅ Read parquet: 3b08e855a9c24b019d7c633963954045-0.parquet -> (2976, 9)
2025-12-31 19:08:11,422 - System.ParquetUtils - INFO - ℹ️ ✅ Read parquet: 3b08e855a9c24b019d7c633963954045-0.parquet -> (2880, 9)
2025-12-31 19:08:11,424 - System.ParquetUtils - INFO - ℹ️ ✅ Read parquet: 3b08e855a9c24b019d7c633963954045-0.parquet -> (2976, 9)
2025-12-31 19:08:11,427 - System.ParquetUtils - INFO - ℹ️ ✅ Read parquet: 3b08e855a9c24b019d7c633963954045-0.parquet -> (2976, 9)
2025-12-31 19:08:11,429 - System.ParquetUtils - INFO - ℹ️ ✅ Read parquet: 3b08e855a9c24b019d7c633963954045-0.parquet -> (2880, 9)
2025-12-31 19:08:11,431 - System.ParquetUtils - INFO - ℹ️ ✅ Read parquet: 3b08e855a9c24b019d7c633963954045-0.parquet -> (2976, 9)
2025-12-31 19:08:11,434 - System.ParquetUtils - INFO - ℹ️ ✅ Read parquet: 3b08e855a9c24b019d7c633963954045-0.parquet -> (2976, 9)
2025-12-31 19:08:11,438 - System.ParquetUtils - INFO - ℹ️ ✅ Read parquet: 3b08e855a9c24b019d7c633963954045-0.parquet -> (2880, 9)
2025-12-31 19:08:11,441 - System.ParquetUtils - INFO - ℹ️ ✅ Read parquet: 3b08e855a9c24b019d7c633963954045-0.parquet -> (2976, 9)
2025-12-31 19:08:11,443 - System.ParquetUtils - INFO - ℹ️ ✅ Read parquet: 3b08e855a9c24b019d7c633963954045-0.parquet -> (2688, 9)
2025-12-31 19:08:11,445 - System.ParquetUtils - INFO - ℹ️ ✅ Read parquet: 3b08e855a9c24b019d7c633963954045-0.parquet -> (2363, 9)
2025-12-31 19:08:11,448 - System.ParquetUtils - INFO - ℹ️ ✅ Read parquet: 3b08e855a9c24b019d7c633963954045-0.parquet -> (2880, 9)
2025-12-31 19:08:11,450 - System.ParquetUtils - INFO - ℹ️ ✅ Read parquet: 3b08e855a9c24b019d7c633963954045-0.parquet -> (2976, 9)
2025-12-31 19:08:11,453 - System.ParquetUtils - INFO - ℹ️ ✅ Read parquet: 3b08e855a9c24b019d7c633963954045-0.parquet -> (2880, 9)
2025-12-31 19:08:11,457 - System.ParquetUtils - INFO - ℹ️ ✅ Read parquet: 3b08e855a9c24b019d7c633963954045-0.parquet -> (2976, 9)
2025-12-31 19:08:11,459 - System.ParquetUtils - INFO - ℹ️ ✅ Read parquet: 3b08e855a9c24b019d7c633963954045-0.parquet -> (2976, 9)
2025-12-31 19:08:11,462 - System.ParquetUtils - INFO - ℹ️ ✅ Read parquet: 3b08e855a9c24b019d7c633963954045-0.parquet -> (2880, 9)
2025-12-31 19:08:11,464 - System.ParquetUtils - INFO - ℹ️ ✅ Read parquet: 3b08e855a9c24b019d7c633963954045-0.parquet -> (2976, 9)
2025-12-31 19:08:11,467 - System.ParquetUtils - INFO - ℹ️ ✅ Read parquet: 3b08e855a9c24b019d7c633963954045-0.parquet -> (2976, 9)
2025-12-31 19:08:11,470 - System.ParquetUtils - INFO - ℹ️ ✅ Read parquet: 3b08e855a9c24b019d7c633963954045-0.parquet -> (2880, 9)
2025-12-31 19:08:11,473 - System.ParquetUtils - INFO - ℹ️ ✅ Read parquet: 3b08e855a9c24b019d7c633963954045-0.parquet -> (2976, 9)
2025-12-31 19:08:11,476 - System.ParquetUtils - INFO - ℹ️ ✅ Read parquet: 3b08e855a9c24b019d7c633963954045-0.parquet -> (2784, 9)
2025-12-31 19:08:11,478 - System.ParquetUtils - INFO - ℹ️ ✅ Read parquet: 3b08e855a9c24b019d7c633963954045-0.parquet -> (2976, 9)
2025-12-31 19:08:11,480 - System.ParquetUtils - INFO - ℹ️ ✅ Read parquet: 3b08e855a9c24b019d7c633963954045-0.parquet -> (2880, 9)
2025-12-31 19:08:11,483 - System.ParquetUtils - INFO - ℹ️ ✅ Read parquet: 3b08e855a9c24b019d7c633963954045-0.parquet -> (2976, 9)
2025-12-31 19:08:11,485 - System.ParquetUtils - INFO - ℹ️ ✅ Read parquet: 3b08e855a9c24b019d7c633963954045-0.parquet -> (2880, 9)
2025-12-31 19:08:11,489 - System.ParquetUtils - INFO - ℹ️ ✅ Read parquet: 3b08e855a9c24b019d7c633963954045-0.parquet -> (2976, 9)
2025-12-31 19:08:11,491 - System.ParquetUtils - INFO - ℹ️ ✅ Read parquet: 3b08e855a9c24b019d7c633963954045-0.parquet -> (2976, 9)
2025-12-31 19:08:11,494 - System.ParquetUtils - INFO - ℹ️ ✅ Read parquet: 3b08e855a9c24b019d7c633963954045-0.parquet -> (2880, 9)
2025-12-31 19:08:11,496 - System.ParquetUtils - INFO - ℹ️ ✅ Read parquet: 3b08e855a9c24b019d7c633963954045-0.parquet -> (2976, 9)
2025-12-31 19:08:11,498 - System.ParquetUtils - INFO - ℹ️ ✅ Read parquet: 3b08e855a9c24b019d7c633963954045-0.parquet -> (2976, 9)
2025-12-31 19:08:11,501 - System.ParquetUtils - INFO - ℹ️ ✅ Read parquet: 3b08e855a9c24b019d7c633963954045-0.parquet -> (2880, 9)
2025-12-31 19:08:11,774 - src.utils.hardware.m1_memory_optimizer.M1MemoryOptimizer - INFO - ℹ️ 🧹 Moderate cleanup: 2647 objects collected
2025-12-31 19:08:11,778 - System.ParquetUtils - INFO - ℹ️ ✅ Read parquet: 3b08e855a9c24b019d7c633963954045-0.parquet -> (924, 9)
2025-12-31 19:08:11,781 - System.ParquetUtils - INFO - ℹ️ ✅ Read parquet: 3b08e855a9c24b019d7c633963954045-0.parquet -> (2688, 9)
2025-12-31 19:08:11,785 - System.ParquetUtils - INFO - ℹ️ ✅ Read parquet: 3b08e855a9c24b019d7c633963954045-0.parquet -> (2976, 9)
2025-12-31 19:08:11,790 - System.ParquetUtils - INFO - ℹ️ ✅ Read parquet: 3b08e855a9c24b019d7c633963954045-0.parquet -> (2880, 9)
2025-12-31 19:08:11,796 - System.ParquetUtils - INFO - ℹ️ ✅ Read parquet: 3b08e855a9c24b019d7c633963954045-0.parquet -> (2976, 9)
2025-12-31 19:08:11,808 - System.ParquetUtils - INFO - ℹ️ ✅ Read parquet: 3b08e855a9c24b019d7c633963954045-0.parquet -> (2880, 9)
2025-12-31 19:08:11,814 - System.ParquetUtils - INFO - ℹ️ ✅ Read parquet: 3b08e855a9c24b019d7c633963954045-0.parquet -> (2976, 9)
[2025-12-31 19:08:11.815] 🐛 DEBUG [KlinesParquetManager]: File 49/51: historical_data/binance/ethusdt/processed/ethusdt_15m/year=2025/month=7/3b08e855a9c24b019d7c633963954045-0.parquet - 2976 rows, span=(2025-07-01 00:00:00, 2025-07-31 23:45:00) INFO
2025-12-31 19:08:11,815 - System.tprint - INFO - ℹ️ 🐛 DEBUG [KlinesParquetManager]: File 49/51: historical_data/binance/ethusdt/processed/ethusdt_15m/year=2025/month=7/3b08e855a9c24b019d7c633963954045-0.parquet - 2976 rows, span=(2025-07-01 00:00:00, 2025-07-31 23:45:00) INFO
2025-12-31 19:08:11,822 - System.ParquetUtils - INFO - ℹ️ ✅ Read parquet: 3b08e855a9c24b019d7c633963954045-0.parquet -> (2976, 9)
[2025-12-31 19:08:11.822] 🐛 DEBUG [KlinesParquetManager]: File 50/51: historical_data/binance/ethusdt/processed/ethusdt_15m/year=2025/month=8/3b08e855a9c24b019d7c633963954045-0.parquet - 2976 rows, span=(2025-08-01 00:00:00, 2025-08-31 23:45:00) INFO
2025-12-31 19:08:11,822 - System.tprint - INFO - ℹ️ 🐛 DEBUG [KlinesParquetManager]: File 50/51: historical_data/binance/ethusdt/processed/ethusdt_15m/year=2025/month=8/3b08e855a9c24b019d7c633963954045-0.parquet - 2976 rows, span=(2025-08-01 00:00:00, 2025-08-31 23:45:00) INFO
2025-12-31 19:08:11,826 - System.ParquetUtils - INFO - ℹ️ ✅ Read parquet: 3b08e855a9c24b019d7c633963954045-0.parquet -> (2880, 9)
[2025-12-31 19:08:11.827] 🐛 DEBUG [KlinesParquetManager]: File 51/51: historical_data/binance/ethusdt/processed/ethusdt_15m/year=2025/month=9/3b08e855a9c24b019d7c633963954045-0.parquet - 2880 rows, span=(2025-09-01 00:00:00, 2025-09-30 23:45:00) INFO
2025-12-31 19:08:11,827 - System.tprint - INFO - ℹ️ 🐛 DEBUG [KlinesParquetManager]: File 51/51: historical_data/binance/ethusdt/processed/ethusdt_15m/year=2025/month=9/3b08e855a9c24b019d7c633963954045-0.parquet - 2880 rows, span=(2025-09-01 00:00:00, 2025-09-30 23:45:00) INFO
[2025-12-31 19:08:11.827] 🐛 DEBUG [KlinesParquetManager]: Successfully loaded 51 dataframes, combining... INFO
2025-12-31 19:08:11,827 - System.tprint - INFO - ℹ️ 🐛 DEBUG [KlinesParquetManager]: Successfully loaded 51 dataframes, combining... INFO
[2025-12-31 19:08:11.830] 🐛 DEBUG [KlinesParquetManager]: Combined shape before filtering: (142619, 9) INFO
2025-12-31 19:08:11,830 - System.tprint - INFO - ℹ️ 🐛 DEBUG [KlinesParquetManager]: Combined shape before filtering: (142619, 9) INFO
[2025-12-31 19:08:11.830] 🔧 TIMEZONE: Index timezone: None INFO
2025-12-31 19:08:11,831 - System.tprint - INFO - ℹ️ 🔧 TIMEZONE: Index timezone: None INFO
[2025-12-31 19:08:11.841] 🐛 DEBUG [KlinesParquetManager]: Before duplicate removal: 142619 rows INFO
2025-12-31 19:08:11,841 - System.tprint - INFO - ℹ️ 🐛 DEBUG [KlinesParquetManager]: Before duplicate removal: 142619 rows INFO
[2025-12-31 19:08:11.842] 🐛 DEBUG [KlinesParquetManager]: Duplicated timestamps: 0 INFO
2025-12-31 19:08:11,842 - System.tprint - INFO - ℹ️ 🐛 DEBUG [KlinesParquetManager]: Duplicated timestamps: 0 INFO
[2025-12-31 19:08:11.842] 🐛 DEBUG [KlinesParquetManager]: Unique timestamps: 142619 INFO
2025-12-31 19:08:11,843 - System.tprint - INFO - ℹ️ 🐛 DEBUG [KlinesParquetManager]: Unique timestamps: 142619 INFO
[2025-12-31 19:08:11.847] 🐛 DEBUG [KlinesParquetManager]: After duplicate removal: 142619 rows INFO
2025-12-31 19:08:11,847 - System.tprint - INFO - ℹ️ 🐛 DEBUG [KlinesParquetManager]: After duplicate removal: 142619 rows INFO
[2025-12-31 19:08:11.847] 🐛 DEBUG [KlinesParquetManager]: start_time=None, end_time=None INFO
2025-12-31 19:08:11,847 - System.tprint - INFO - ℹ️ 🐛 DEBUG [KlinesParquetManager]: start_time=None, end_time=None INFO
[2025-12-31 19:08:11.847] 🐛 DEBUG [KlinesParquetManager]: Final combined_df shape: (142619, 9) INFO
2025-12-31 19:08:11,847 - System.tprint - INFO - ℹ️ 🐛 DEBUG [KlinesParquetManager]: Final combined_df shape: (142619, 9) INFO
[2025-12-31 19:08:11.847] 🐛 DEBUG [KlinesParquetManager]: Date range: 2021-10-30 22:00:00 to 2025-12-10 14:45:00 INFO
2025-12-31 19:08:11,847 - System.tprint - INFO - ℹ️ 🐛 DEBUG [KlinesParquetManager]: Date range: 2021-10-30 22:00:00 to 2025-12-10 14:45:00 INFO
2025-12-31 19:08:11,860 - src.utils.kline_parquet - INFO - ℹ️ load_klines executed in 894.67ms
[2025-12-31 19:08:11.860] 📊 Fallback load: type=DataFrame, rows=104508, days=1095 INFO
2025-12-31 19:08:11,860 - System.tprint - INFO - ℹ️ 📊 Fallback load: type=DataFrame, rows=104508, days=1095 INFO
2025-12-31 19:08:12,053 - src.utils.ml_common.optimization.execution_mode_adapter - INFO - ℹ️ 🚀 FULL mode: Using full HPO trials=50, cv_folds=3
2025-12-31 19:08:12,053 - src.utils.hardware.unified_hardware_manager.UnifiedHardwareManager - INFO - ℹ️ ✅ Unified Hardware Manager fully initialized
2025-12-31 19:08:12,053 - src.utils.hardware.unified_hardware_manager.HardwarePerformanceMonitor - INFO - ℹ️ 🔧 Switched back to normal thresholds
2025-12-31 19:08:12,053 - src.utils.hardware.unified_hardware_manager.UnifiedHardwareManager - INFO - ℹ️ 🔧 Switched back to normal thresholds
2025-12-31 19:08:12,053 - src.utils.matrix_operations.hardware_integration.HardwareOptimizedMatrixProcessor - INFO - ℹ️ ✅ M1 GPU acceleration available
2025-12-31 19:08:12,053 - src.utils.hardware.m1_memory_optimizer.M1MemoryOptimizer - INFO - ℹ️ 🧠 Memory limit set to 8.0 GB (8589934592.0 bytes)
2025-12-31 19:08:12,079 - src.utils.hardware.m1_memory_optimizer.M1MemoryOptimizer - INFO - ℹ️ 🧠 M1 Memory Optimizer initialized for M1
2025-12-31 19:08:12,079 - src.utils.matrix_operations.hardware_integration.HardwareOptimizedMatrixProcessor - INFO - ℹ️ ✅ M1 Memory optimizer initialized
2025-12-31 19:08:12,079 - src.utils.matrix_operations.hardware_integration.HardwareOptimizedMatrixProcessor - INFO - ℹ️ ✅ M1 CPU optimizer initialized
2025-12-31 19:08:12,079 - src.utils.matrix_operations.hardware_integration.HardwareOptimizedMatrixProcessor - INFO - ℹ️ ✅ Memory monitor initialized
2025-12-31 19:08:12,079 - src.utils.matrix_operations.hardware_integration.HardwareOptimizedMatrixProcessor - INFO - ℹ️ 🚀 Hardware-Optimized Matrix Processor initialized
2025-12-31 19:08:12,079 - src.utils.matrix_operations.hardware_integration.HardwareOptimizedMatrixProcessor - INFO - ℹ️ 🖥️ GPU Info: {'is_m1': True, 'm1_generation': 'm1', 'mps_available': True, 'gpu_memory': 'Shared system memory', 'gpu_name': 'Apple Silicon GPU (MPS) - M1', 'compatibility_mode': 'legacy_m1', 'fallback_available': True, 'device': 'mps'}
2025-12-31 19:08:12,079 - src.utils.matrix_operations.hardware_integration.HardwareOptimizedMatrixProcessor - INFO - ℹ️ 💻 CPU Info: {'is_m1': True, 'm1_generation': 'm1', 'total_cores': 8, 'performance_cores': 4, 'efficiency_cores': 4, 'optimal_workers': 4, 'architecture': 'arm64', 'm1_optimizations_enabled': True, 'legacy_mode': False, 'compatibility_mode': 'auto', 'version': '2.0.0'}
2025-12-31 19:08:12,080 - src.utils.matrix_operations.hardware_integration.HardwareOptimizedMatrixProcessor - INFO - ℹ️ 🧠 Memory Stats: {'current_mb': 682.484375, 'peak_mb': 682.484375, 'usage_percentage': 8.331108093261719, 'max_mb': 8192.0, 'is_pressure': False, 'is_critical': False, 'history_count': 4}
2025-12-31 19:08:12,100 - src.utils.hardware.m1_memory_optimizer.M1MemoryOptimizer - INFO - ℹ️ 🧠 M1 Memory Optimizer initialized for M1
2025-12-31 19:08:12,101 - src.utils.matrix_operations.batch_operations - INFO - ℹ️ ✅ Batch matrix processor initialized with M1 optimization
2025-12-31 19:08:12,101 - BayesianTPEOptimizer - INFO - ℹ️ ✅ Hardware optimization components initialized
2025-12-31 19:08:12,101 - BayesianTPEOptimizer - INFO - ℹ️ ✅ VectorBT Rolling Optimizer initialized
2025-12-31 19:08:12,102 - src.feature_generation.utils.unified_vectorization_manager - WARNING - ⚠️ GPU not available, disabling GPU optimizations
2025-12-31 19:08:12,103 - BayesianTPEOptimizer - INFO - ℹ️ ✅ Enhanced Unified Vectorization Manager initialized
2025-12-31 19:08:12,103 - BayesianTPEOptimizer - INFO - ℹ️ 🚀 VectorBT GPU acceleration enabled
2025-12-31 19:08:12,103 - BayesianTPEOptimizer - INFO - ℹ️ ✅ VectorBT optimization components initialized
2025-12-31 19:08:12,103 - BayesianTPEOptimizer - INFO - ℹ️ ✅ VectorBT-Optimized BayesianTPEOptimizer initialized
2025-12-31 19:08:12,103 - BayesianTPEOptimizer - INFO - ℹ️    → Hardware optimization: Enabled
2025-12-31 19:08:12,103 - BayesianTPEOptimizer - INFO - ℹ️    → VectorBT optimization: Enabled
2025-12-31 19:08:12,103 - BayesianTPEOptimizer - INFO - ℹ️ 🚀 Starting staged TPE optimization
2025-12-31 19:08:12,103 - BayesianTPEOptimizer - INFO - ℹ️    Search space: ['kalman_Q', 'kalman_R', 'volume_weight', 'volume_adaptive']
2025-12-31 19:08:12,103 - BayesianTPEOptimizer - INFO - ℹ️    Stages: Coarse Fine TPE
2025-12-31 19:08:12,103 - BayesianTPEOptimizer - INFO - ℹ️ 🔍 Stage 1: VectorBT-optimized coarse grid search
2025-12-31 19:08:12,103 - src.utils.hardware.unified_hardware_manager.HardwarePerformanceMonitor - INFO - ℹ️ 🔧 Switched back to normal thresholds
2025-12-31 19:08:12,103 - src.utils.hardware.unified_hardware_manager.UnifiedHardwareManager - INFO - ℹ️ 🔧 Switched back to normal thresholds
2025-12-31 19:08:12,104 - BayesianTPEOptimizer - INFO - ℹ️    Generated 54 coarse grid points
2025-12-31 19:08:12,104 - BayesianTPEOptimizer - INFO - ℹ️ 🔄 Batch evaluating 54 coarse grid points
2025-12-31 19:08:19,680 - BayesianTPEOptimizer - INFO - ℹ️    Batch evaluation completed in 7.58s
2025-12-31 19:08:19,680 - BayesianTPEOptimizer - INFO - ℹ️    Evaluations/sec: 7.1
2025-12-31 19:08:19,680 - BayesianTPEOptimizer - INFO - ℹ️    Hardware acceleration: Enabled
2025-12-31 19:08:19,680 - BayesianTPEOptimizer - INFO - ℹ️    Coarse grid: 54 trials, best: 0.7532
2025-12-31 19:08:19,680 - BayesianTPEOptimizer - INFO - ℹ️    Coarse grid best params: {'kalman_Q': 3.1622776601683795e-05, 'kalman_R': 0.00031622776601683794, 'volume_weight': 0.0, 'volume_adaptive': True}
2025-12-31 19:08:19,680 - BayesianTPEOptimizer - INFO - ℹ️ 🔍 Stage 2: VectorBT-optimized fine grid search
2025-12-31 19:08:19,681 - src.utils.hardware.unified_hardware_manager.HardwarePerformanceMonitor - INFO - ℹ️ 🔧 Switched to intensive workload thresholds
2025-12-31 19:08:19,681 - src.utils.hardware.unified_hardware_manager.UnifiedHardwareManager - INFO - ℹ️ 🔧 Switched to intensive workload thresholds
2025-12-31 19:08:19,681 - BayesianTPEOptimizer - INFO - ℹ️    Generated 54 fine grid points
2025-12-31 19:08:19,681 - BayesianTPEOptimizer - INFO - ℹ️ 🔄 Batch evaluating 54 fine grid points
2025-12-31 19:08:22,959 - BayesianTPEOptimizer - INFO - ℹ️    Batch evaluation completed in 3.28s
2025-12-31 19:08:22,959 - BayesianTPEOptimizer - INFO - ℹ️    Evaluations/sec: 16.5
2025-12-31 19:08:22,959 - BayesianTPEOptimizer - INFO - ℹ️    Hardware acceleration: Enabled
2025-12-31 19:08:22,959 - BayesianTPEOptimizer - INFO - ℹ️    Fine grid: 54 trials, best: 0.7597
2025-12-31 19:08:22,959 - BayesianTPEOptimizer - INFO - ℹ️    Fine grid best params: {'kalman_Q': 1.415331084114304e-05, 'kalman_R': 0.0001425343038219812, 'volume_weight': 0.0, 'volume_adaptive': True}
2025-12-31 19:08:22,959 - BayesianTPEOptimizer - INFO - ℹ️ 🔍 Stage 2.5: VectorBT adaptive grid refinement
2025-12-31 19:08:22,959 - BayesianTPEOptimizer - INFO - ℹ️    Skipping adaptive refinement - convergence criteria not met
2025-12-31 19:08:22,959 - BayesianTPEOptimizer - INFO - ℹ️ ✅ Staged TPE optimization completed in 10.86s
2025-12-31 19:08:22,959 - BayesianTPEOptimizer - INFO - ℹ️    Best value: 0.7532
2025-12-31 19:08:22,959 - BayesianTPEOptimizer - INFO - ℹ️    Best params: {'kalman_Q': 3.1622776601683795e-05, 'kalman_R': 0.00031622776601683794, 'volume_weight': 0.0, 'volume_adaptive': True}
2025-12-31 19:08:22,959 - BayesianTPEOptimizer - INFO - ℹ️    Total trials: 108
[2025-12-31 19:08:23.893] 🛠️ Initialized BaseStep for 'label_based_layer_2'
2025-12-31 19:08:23,893 - System.tprint - INFO - ℹ️ 🛠️ Initialized BaseStep for 'label_based_layer_2'
[2025-12-31 19:08:24.242] WARNING: ❌ Gates Failed: Sample: 68523/64.36/d [OK] | Bal: 8.4% [OK] | Jaccard: ERR [WARN] | ANOVA: p=0.00 [OK] | MI: 0.0029 [FAIL]
2025-12-31 19:08:24,242 - System.tprint - WARNING - ⚠️ ❌ Gates Failed: Sample: 68523/64.36/d [OK] | Bal: 8.4% [OK] | Jaccard: ERR [WARN] | ANOVA: p=0.00 [OK] | MI: 0.0029 [FAIL]
[2025-12-31 19:08:24.300] WARNING: ❌ Gates Failed: Sample: 68523/64.36/d [OK] | Bal: 13.8% [OK] | Jaccard: ERR [WARN] | ANOVA: p=0.00 [OK] | MI: 0.0039 [FAIL]
2025-12-31 19:08:24,300 - System.tprint - WARNING - ⚠️ ❌ Gates Failed: Sample: 68523/64.36/d [OK] | Bal: 13.8% [OK] | Jaccard: ERR [WARN] | ANOVA: p=0.00 [OK] | MI: 0.0039 [FAIL]
[2025-12-31 19:08:24.349] WARNING: ❌ Gates Failed: Sample: 68523/64.36/d [OK] | Bal: 18.8% [OK] | Jaccard: ERR [WARN] | ANOVA: p=0.00 [OK] | MI: 0.0049 [FAIL]
2025-12-31 19:08:24,350 - System.tprint - WARNING - ⚠️ ❌ Gates Failed: Sample: 68523/64.36/d [OK] | Bal: 18.8% [OK] | Jaccard: ERR [WARN] | ANOVA: p=0.00 [OK] | MI: 0.0049 [FAIL]
[2025-12-31 19:08:24.430] WARNING: ❌ Gates Failed: Sample: 68515/64.37/d [OK] | Bal: 4.3% [FAIL] | Jaccard: ERR [WARN] | ANOVA: p=0.00 [OK] | MI: 0.0001 [FAIL]
2025-12-31 19:08:24,430 - System.tprint - WARNING - ⚠️ ❌ Gates Failed: Sample: 68515/64.37/d [OK] | Bal: 4.3% [FAIL] | Jaccard: ERR [WARN] | ANOVA: p=0.00 [OK] | MI: 0.0001 [FAIL]
[2025-12-31 19:08:24.497] WARNING: ❌ Gates Failed: Sample: 68515/64.37/d [OK] | Bal: 7.1% [OK] | Jaccard: ERR [WARN] | ANOVA: p=0.00 [OK] | MI: 0.0049 [FAIL]
2025-12-31 19:08:24,497 - System.tprint - WARNING - ⚠️ ❌ Gates Failed: Sample: 68515/64.37/d [OK] | Bal: 7.1% [OK] | Jaccard: ERR [WARN] | ANOVA: p=0.00 [OK] | MI: 0.0049 [FAIL]
[2025-12-31 19:08:24.659] WARNING: ❌ Gates Failed: Sample: 68523/64.36/d [OK] | Bal: 9.6% [OK] | Jaccard: ERR [WARN] | ANOVA: p=0.00 [OK] | MI: 0.0012 [FAIL]
2025-12-31 19:08:24,659 - System.tprint - WARNING - ⚠️ ❌ Gates Failed: Sample: 68523/64.36/d [OK] | Bal: 9.6% [OK] | Jaccard: ERR [WARN] | ANOVA: p=0.00 [OK] | MI: 0.0012 [FAIL]
[2025-12-31 19:08:24.709] WARNING: ❌ Gates Failed: Sample: 68523/64.36/d [OK] | Bal: 13.2% [OK] | Jaccard: ERR [WARN] | ANOVA: p=0.00 [OK] | MI: 0.0007 [FAIL]
2025-12-31 19:08:24,709 - System.tprint - WARNING - ⚠️ ❌ Gates Failed: Sample: 68523/64.36/d [OK] | Bal: 13.2% [OK] | Jaccard: ERR [WARN] | ANOVA: p=0.00 [OK] | MI: 0.0007 [FAIL]
[2025-12-31 19:08:24.777] WARNING: ❌ Gates Failed: Sample: 68515/64.37/d [OK] | Bal: 3.0% [FAIL] | Jaccard: ERR [WARN] | ANOVA: p=0.00 [OK] | MI: 0.0000 [FAIL]
2025-12-31 19:08:24,777 - System.tprint - WARNING - ⚠️ ❌ Gates Failed: Sample: 68515/64.37/d [OK] | Bal: 3.0% [FAIL] | Jaccard: ERR [WARN] | ANOVA: p=0.00 [OK] | MI: 0.0000 [FAIL]
[2025-12-31 19:08:24.843] WARNING: ❌ Gates Failed: Sample: 68515/64.37/d [OK] | Bal: 4.9% [FAIL] | Jaccard: ERR [WARN] | ANOVA: p=0.00 [OK] | MI: 0.0039 [FAIL]
2025-12-31 19:08:24,843 - System.tprint - WARNING - ⚠️ ❌ Gates Failed: Sample: 68515/64.37/d [OK] | Bal: 4.9% [FAIL] | Jaccard: ERR [WARN] | ANOVA: p=0.00 [OK] | MI: 0.0039 [FAIL]
[2025-12-31 19:08:24.956] WARNING: ❌ Gates Failed: Sample: 68523/64.36/d [OK] | Bal: 8.5% [OK] | Jaccard: ERR [WARN] | ANOVA: p=0.00 [OK] | MI: 0.0021 [FAIL]
2025-12-31 19:08:24,956 - System.tprint - WARNING - ⚠️ ❌ Gates Failed: Sample: 68523/64.36/d [OK] | Bal: 8.5% [OK] | Jaccard: ERR [WARN] | ANOVA: p=0.00 [OK] | MI: 0.0021 [FAIL]
[2025-12-31 19:08:25.004] WARNING: ❌ Gates Failed: Sample: 68523/64.36/d [OK] | Bal: 13.7% [OK] | Jaccard: ERR [WARN] | ANOVA: p=0.00 [OK] | MI: 0.0034 [FAIL]
2025-12-31 19:08:25,004 - System.tprint - WARNING - ⚠️ ❌ Gates Failed: Sample: 68523/64.36/d [OK] | Bal: 13.7% [OK] | Jaccard: ERR [WARN] | ANOVA: p=0.00 [OK] | MI: 0.0034 [FAIL]
[2025-12-31 19:08:25.127] WARNING: ❌ Gates Failed: Sample: 68515/64.37/d [OK] | Bal: 4.5% [FAIL] | Jaccard: ERR [WARN] | ANOVA: p=0.00 [OK] | MI: 0.0002 [FAIL]
2025-12-31 19:08:25,127 - System.tprint - WARNING - ⚠️ ❌ Gates Failed: Sample: 68515/64.37/d [OK] | Bal: 4.5% [FAIL] | Jaccard: ERR [WARN] | ANOVA: p=0.00 [OK] | MI: 0.0002 [FAIL]
[2025-12-31 19:08:25.471] WARNING: ❌ Gates Failed: Sample: 68523/64.36/d [OK] | Bal: 10.7% [OK] | Jaccard: ERR [WARN] | ANOVA: p=0.00 [OK] | MI: 0.0005 [FAIL]
2025-12-31 19:08:25,471 - System.tprint - WARNING - ⚠️ ❌ Gates Failed: Sample: 68523/64.36/d [OK] | Bal: 10.7% [OK] | Jaccard: ERR [WARN] | ANOVA: p=0.00 [OK] | MI: 0.0005 [FAIL]
[2025-12-31 19:08:25.542] WARNING: ❌ Gates Failed: Sample: 68523/64.36/d [OK] | Bal: 14.5% [OK] | Jaccard: ERR [WARN] | ANOVA: p=0.00 [OK] | MI: 0.0033 [FAIL]
2025-12-31 19:08:25,542 - System.tprint - WARNING - ⚠️ ❌ Gates Failed: Sample: 68523/64.36/d [OK] | Bal: 14.5% [OK] | Jaccard: ERR [WARN] | ANOVA: p=0.00 [OK] | MI: 0.0033 [FAIL]
[2025-12-31 19:08:25.631] WARNING: ❌ Gates Failed: Sample: 68515/64.37/d [OK] | Bal: 3.5% [FAIL] | Jaccard: ERR [WARN] | ANOVA: p=0.00 [OK] | MI: 0.0000 [FAIL]
2025-12-31 19:08:25,632 - System.tprint - WARNING - ⚠️ ❌ Gates Failed: Sample: 68515/64.37/d [OK] | Bal: 3.5% [FAIL] | Jaccard: ERR [WARN] | ANOVA: p=0.00 [OK] | MI: 0.0000 [FAIL]
[2025-12-31 19:08:25.773] WARNING: ❌ Gates Failed: Sample: 68515/64.37/d [OK] | Bal: 8.0% [OK] | Jaccard: ERR [WARN] | ANOVA: p=0.00 [OK] | MI: 0.0046 [FAIL]
2025-12-31 19:08:25,773 - System.tprint - WARNING - ⚠️ ❌ Gates Failed: Sample: 68515/64.37/d [OK] | Bal: 8.0% [OK] | Jaccard: ERR [WARN] | ANOVA: p=0.00 [OK] | MI: 0.0046 [FAIL]
[2025-12-31 19:08:25.824] WARNING: ❌ Gates Failed: Sample: 68523/64.36/d [OK] | Bal: 7.8% [OK] | Jaccard: ERR [WARN] | ANOVA: p=0.00 [OK] | MI: 0.0045 [FAIL]
2025-12-31 19:08:25,825 - System.tprint - WARNING - ⚠️ ❌ Gates Failed: Sample: 68523/64.36/d [OK] | Bal: 7.8% [OK] | Jaccard: ERR [WARN] | ANOVA: p=0.00 [OK] | MI: 0.0045 [FAIL]
[2025-12-31 19:08:25.876] WARNING: ❌ Gates Failed: Sample: 68523/64.36/d [OK] | Bal: 12.4% [OK] | Jaccard: ERR [WARN] | ANOVA: p=0.00 [OK] | MI: 0.0020 [FAIL]
2025-12-31 19:08:25,876 - System.tprint - WARNING - ⚠️ ❌ Gates Failed: Sample: 68523/64.36/d [OK] | Bal: 12.4% [OK] | Jaccard: ERR [WARN] | ANOVA: p=0.00 [OK] | MI: 0.0020 [FAIL]
[2025-12-31 19:08:25.924] WARNING: ❌ Gates Failed: Sample: 68523/64.36/d [OK] | Bal: 16.6% [OK] | Jaccard: ERR [WARN] | ANOVA: p=0.00 [OK] | MI: 0.0038 [FAIL]
2025-12-31 19:08:25,925 - System.tprint - WARNING - ⚠️ ❌ Gates Failed: Sample: 68523/64.36/d [OK] | Bal: 16.6% [OK] | Jaccard: ERR [WARN] | ANOVA: p=0.00 [OK] | MI: 0.0038 [FAIL]
[2025-12-31 19:08:25.994] WARNING: ❌ Gates Failed: Sample: 68515/64.37/d [OK] | Bal: 4.2% [FAIL] | Jaccard: ERR [WARN] | ANOVA: p=0.00 [OK] | MI: 0.0001 [FAIL]
2025-12-31 19:08:25,994 - System.tprint - WARNING - ⚠️ ❌ Gates Failed: Sample: 68515/64.37/d [OK] | Bal: 4.2% [FAIL] | Jaccard: ERR [WARN] | ANOVA: p=0.00 [OK] | MI: 0.0001 [FAIL]
[2025-12-31 19:08:26.061] WARNING: ❌ Gates Failed: Sample: 68515/64.37/d [OK] | Bal: 7.1% [OK] | Jaccard: ERR [WARN] | ANOVA: p=0.00 [OK] | MI: 0.0049 [FAIL]
2025-12-31 19:08:26,061 - System.tprint - WARNING - ⚠️ ❌ Gates Failed: Sample: 68515/64.37/d [OK] | Bal: 7.1% [OK] | Jaccard: ERR [WARN] | ANOVA: p=0.00 [OK] | MI: 0.0049 [FAIL]
[2025-12-31 19:08:26.223] WARNING: ❌ Gates Failed: Sample: 68523/64.36/d [OK] | Bal: 10.3% [OK] | Jaccard: ERR [WARN] | ANOVA: p=0.00 [OK] | MI: 0.0044 [FAIL]
2025-12-31 19:08:26,223 - System.tprint - WARNING - ⚠️ ❌ Gates Failed: Sample: 68523/64.36/d [OK] | Bal: 10.3% [OK] | Jaccard: ERR [WARN] | ANOVA: p=0.00 [OK] | MI: 0.0044 [FAIL]
[2025-12-31 19:08:26.272] WARNING: ❌ Gates Failed: Sample: 68523/64.36/d [OK] | Bal: 13.9% [OK] | Jaccard: ERR [WARN] | ANOVA: p=0.00 [OK] | MI: 0.0013 [FAIL]
2025-12-31 19:08:26,272 - System.tprint - WARNING - ⚠️ ❌ Gates Failed: Sample: 68523/64.36/d [OK] | Bal: 13.9% [OK] | Jaccard: ERR [WARN] | ANOVA: p=0.00 [OK] | MI: 0.0013 [FAIL]
[2025-12-31 19:08:26.337] WARNING: ❌ Gates Failed: Sample: 68515/64.37/d [OK] | Bal: 3.5% [FAIL] | Jaccard: ERR [WARN] | ANOVA: p=0.00 [OK] | MI: 0.0000 [FAIL]
2025-12-31 19:08:26,338 - System.tprint - WARNING - ⚠️ ❌ Gates Failed: Sample: 68515/64.37/d [OK] | Bal: 3.5% [FAIL] | Jaccard: ERR [WARN] | ANOVA: p=0.00 [OK] | MI: 0.0000 [FAIL]
[2025-12-31 19:08:26.483] WARNING: ❌ Gates Failed: Sample: 68515/64.37/d [OK] | Bal: 8.0% [OK] | Jaccard: ERR [WARN] | ANOVA: p=0.00 [OK] | MI: 0.0046 [FAIL]
2025-12-31 19:08:26,484 - System.tprint - WARNING - ⚠️ ❌ Gates Failed: Sample: 68515/64.37/d [OK] | Bal: 8.0% [OK] | Jaccard: ERR [WARN] | ANOVA: p=0.00 [OK] | MI: 0.0046 [FAIL]
[2025-12-31 19:08:26.582] WARNING: ❌ Gates Failed: Sample: 68523/64.36/d [OK] | Bal: 12.4% [OK] | Jaccard: ERR [WARN] | ANOVA: p=0.00 [OK] | MI: 0.0005 [FAIL]
2025-12-31 19:08:26,582 - System.tprint - WARNING - ⚠️ ❌ Gates Failed: Sample: 68523/64.36/d [OK] | Bal: 12.4% [OK] | Jaccard: ERR [WARN] | ANOVA: p=0.00 [OK] | MI: 0.0005 [FAIL]
[2025-12-31 19:08:26.694] WARNING: ❌ Gates Failed: Sample: 68515/64.37/d [OK] | Bal: 4.5% [FAIL] | Jaccard: ERR [WARN] | ANOVA: p=0.00 [OK] | MI: 0.0002 [FAIL]
2025-12-31 19:08:26,694 - System.tprint - WARNING - ⚠️ ❌ Gates Failed: Sample: 68515/64.37/d [OK] | Bal: 4.5% [FAIL] | Jaccard: ERR [WARN] | ANOVA: p=0.00 [OK] | MI: 0.0002 [FAIL]
[2025-12-31 19:08:26.928] WARNING: ❌ Gates Failed: Sample: 68523/64.36/d [OK] | Bal: 11.1% [OK] | Jaccard: ERR [WARN] | ANOVA: p=0.00 [OK] | MI: 0.0008 [FAIL]
2025-12-31 19:08:26,928 - System.tprint - WARNING - ⚠️ ❌ Gates Failed: Sample: 68523/64.36/d [OK] | Bal: 11.1% [OK] | Jaccard: ERR [WARN] | ANOVA: p=0.00 [OK] | MI: 0.0008 [FAIL]
[2025-12-31 19:08:26.978] WARNING: ❌ Gates Failed: Sample: 68523/64.36/d [OK] | Bal: 14.9% [OK] | Jaccard: ERR [WARN] | ANOVA: p=0.00 [OK] | MI: 0.0040 [FAIL]
2025-12-31 19:08:26,979 - System.tprint - WARNING - ⚠️ ❌ Gates Failed: Sample: 68523/64.36/d [OK] | Bal: 14.9% [OK] | Jaccard: ERR [WARN] | ANOVA: p=0.00 [OK] | MI: 0.0040 [FAIL]
[2025-12-31 19:08:27.045] WARNING: ❌ Gates Failed: Sample: 68515/64.37/d [OK] | Bal: 4.0% [FAIL] | Jaccard: ERR [WARN] | ANOVA: p=0.00 [OK] | MI: 0.0000 [FAIL]
2025-12-31 19:08:27,045 - System.tprint - WARNING - ⚠️ ❌ Gates Failed: Sample: 68515/64.37/d [OK] | Bal: 4.0% [FAIL] | Jaccard: ERR [WARN] | ANOVA: p=0.00 [OK] | MI: 0.0000 [FAIL]
[2025-12-31 19:08:27.273] WARNING: ❌ Gates Failed: Sample: 68523/64.36/d [OK] | Bal: 12.0% [OK] | Jaccard: ERR [WARN] | ANOVA: p=0.00 [OK] | MI: 0.0027 [FAIL]
2025-12-31 19:08:27,273 - System.tprint - WARNING - ⚠️ ❌ Gates Failed: Sample: 68523/64.36/d [OK] | Bal: 12.0% [OK] | Jaccard: ERR [WARN] | ANOVA: p=0.00 [OK] | MI: 0.0027 [FAIL]
[2025-12-31 19:08:27.391] WARNING: ❌ Gates Failed: Sample: 68515/64.37/d [OK] | Bal: 4.9% [FAIL] | Jaccard: ERR [WARN] | ANOVA: p=0.00 [OK] | MI: 0.0068 [OK]
2025-12-31 19:08:27,391 - System.tprint - WARNING - ⚠️ ❌ Gates Failed: Sample: 68515/64.37/d [OK] | Bal: 4.9% [FAIL] | Jaccard: ERR [WARN] | ANOVA: p=0.00 [OK] | MI: 0.0068 [OK]
2025-12-31 19:08:27,584 - src.utils.hardware.m1_memory_optimizer.M1MemoryOptimizer - INFO - ℹ️ 🧹 Moderate cleanup: 710 objects collected
[2025-12-31 19:08:27.721] WARNING: ❌ Gates Failed: Sample: 68523/64.36/d [OK] | Bal: 7.0% [OK] | Jaccard: ERR [WARN] | ANOVA: p=0.00 [OK] | MI: 0.0027 [FAIL]
2025-12-31 19:08:27,721 - System.tprint - WARNING - ⚠️ ❌ Gates Failed: Sample: 68523/64.36/d [OK] | Bal: 7.0% [OK] | Jaccard: ERR [WARN] | ANOVA: p=0.00 [OK] | MI: 0.0027 [FAIL]
[2025-12-31 19:08:27.771] WARNING: ❌ Gates Failed: Sample: 68523/64.36/d [OK] | Bal: 11.0% [OK] | Jaccard: ERR [WARN] | ANOVA: p=0.00 [OK] | MI: 0.0026 [FAIL]
2025-12-31 19:08:27,771 - System.tprint - WARNING - ⚠️ ❌ Gates Failed: Sample: 68523/64.36/d [OK] | Bal: 11.0% [OK] | Jaccard: ERR [WARN] | ANOVA: p=0.00 [OK] | MI: 0.0026 [FAIL]
[2025-12-31 19:08:27.887] WARNING: ❌ Gates Failed: Sample: 68515/64.37/d [OK] | Bal: 4.4% [FAIL] | Jaccard: ERR [WARN] | ANOVA: p=0.00 [OK] | MI: 0.0010 [FAIL]
2025-12-31 19:08:27,887 - System.tprint - WARNING - ⚠️ ❌ Gates Failed: Sample: 68515/64.37/d [OK] | Bal: 4.4% [FAIL] | Jaccard: ERR [WARN] | ANOVA: p=0.00 [OK] | MI: 0.0010 [FAIL]
[2025-12-31 19:08:28.408] WARNING: ❌ Gates Failed: Sample: 74338/69.84/d [OK] | Bal: 4.2% [FAIL] | Jaccard: ERR [WARN] | ANOVA: p=0.00 [OK] | MI: 0.0052 [OK]
2025-12-31 19:08:28,408 - System.tprint - WARNING - ⚠️ ❌ Gates Failed: Sample: 74338/69.84/d [OK] | Bal: 4.2% [FAIL] | Jaccard: ERR [WARN] | ANOVA: p=0.00 [OK] | MI: 0.0052 [OK]
[2025-12-31 19:08:28.758] WARNING: ❌ Gates Failed: Sample: 74338/69.84/d [OK] | Bal: 3.1% [FAIL] | Jaccard: ERR [WARN] | ANOVA: p=0.00 [OK] | MI: 0.0014 [FAIL]
2025-12-31 19:08:28,759 - System.tprint - WARNING - ⚠️ ❌ Gates Failed: Sample: 74338/69.84/d [OK] | Bal: 3.1% [FAIL] | Jaccard: ERR [WARN] | ANOVA: p=0.00 [OK] | MI: 0.0014 [FAIL]
[2025-12-31 19:08:28.828] WARNING: ❌ Gates Failed: Sample: 74338/69.84/d [OK] | Bal: 4.9% [FAIL] | Jaccard: ERR [WARN] | ANOVA: p=0.00 [OK] | MI: 0.0069 [OK]
2025-12-31 19:08:28,829 - System.tprint - WARNING - ⚠️ ❌ Gates Failed: Sample: 74338/69.84/d [OK] | Bal: 4.9% [FAIL] | Jaccard: ERR [WARN] | ANOVA: p=0.00 [OK] | MI: 0.0069 [OK]
[2025-12-31 19:08:29.113] WARNING: ❌ Gates Failed: Sample: 74338/69.84/d [OK] | Bal: 4.5% [FAIL] | Jaccard: ERR [WARN] | ANOVA: p=0.00 [OK] | MI: 0.0056 [OK]
2025-12-31 19:08:29,113 - System.tprint - WARNING - ⚠️ ❌ Gates Failed: Sample: 74338/69.84/d [OK] | Bal: 4.5% [FAIL] | Jaccard: ERR [WARN] | ANOVA: p=0.00 [OK] | MI: 0.0056 [OK]
[2025-12-31 19:08:29.493] WARNING: ❌ Gates Failed: Sample: 74338/69.84/d [OK] | Bal: 3.5% [FAIL] | Jaccard: ERR [WARN] | ANOVA: p=0.00 [OK] | MI: 0.0046 [FAIL]
2025-12-31 19:08:29,493 - System.tprint - WARNING - ⚠️ ❌ Gates Failed: Sample: 74338/69.84/d [OK] | Bal: 3.5% [FAIL] | Jaccard: ERR [WARN] | ANOVA: p=0.00 [OK] | MI: 0.0046 [FAIL]
[2025-12-31 19:08:29.841] WARNING: ❌ Gates Failed: Sample: 74338/69.84/d [OK] | Bal: 4.2% [FAIL] | Jaccard: ERR [WARN] | ANOVA: p=0.00 [OK] | MI: 0.0052 [OK]
2025-12-31 19:08:29,841 - System.tprint - WARNING - ⚠️ ❌ Gates Failed: Sample: 74338/69.84/d [OK] | Bal: 4.2% [FAIL] | Jaccard: ERR [WARN] | ANOVA: p=0.00 [OK] | MI: 0.0052 [OK]
[2025-12-31 19:08:30.191] WARNING: ❌ Gates Failed: Sample: 74338/69.84/d [OK] | Bal: 3.5% [FAIL] | Jaccard: ERR [WARN] | ANOVA: p=0.00 [OK] | MI: 0.0046 [FAIL]
2025-12-31 19:08:30,191 - System.tprint - WARNING - ⚠️ ❌ Gates Failed: Sample: 74338/69.84/d [OK] | Bal: 3.5% [FAIL] | Jaccard: ERR [WARN] | ANOVA: p=0.00 [OK] | MI: 0.0046 [FAIL]
[2025-12-31 19:08:30.554] WARNING: ❌ Gates Failed: Sample: 74338/69.84/d [OK] | Bal: 4.5% [FAIL] | Jaccard: ERR [WARN] | ANOVA: p=0.00 [OK] | MI: 0.0056 [OK]
2025-12-31 19:08:30,554 - System.tprint - WARNING - ⚠️ ❌ Gates Failed: Sample: 74338/69.84/d [OK] | Bal: 4.5% [FAIL] | Jaccard: ERR [WARN] | ANOVA: p=0.00 [OK] | MI: 0.0056 [OK]
[2025-12-31 19:08:30.964] WARNING: ❌ Gates Failed: Sample: 74338/69.84/d [OK] | Bal: 4.0% [FAIL] | Jaccard: ERR [WARN] | ANOVA: p=0.00 [OK] | MI: 0.0057 [OK]
2025-12-31 19:08:30,964 - System.tprint - WARNING - ⚠️ ❌ Gates Failed: Sample: 74338/69.84/d [OK] | Bal: 4.0% [FAIL] | Jaccard: ERR [WARN] | ANOVA: p=0.00 [OK] | MI: 0.0057 [OK]
[2025-12-31 19:08:31.771] WARNING: ❌ Gates Failed: Sample: 74338/69.84/d [OK] | Bal: 4.9% [FAIL] | Jaccard: ERR [WARN] | ANOVA: p=0.00 [OK] | MI: 0.0067 [OK]
2025-12-31 19:08:31,771 - System.tprint - WARNING - ⚠️ ❌ Gates Failed: Sample: 74338/69.84/d [OK] | Bal: 4.9% [FAIL] | Jaccard: ERR [WARN] | ANOVA: p=0.00 [OK] | MI: 0.0067 [OK]
[2025-12-31 19:08:32.126] WARNING: ❌ Gates Failed: Sample: 74345/69.82/d [OK] | Bal: 14.4% [OK] | Jaccard: ERR [WARN] | ANOVA: p=0.00 [OK] | MI: 0.0045 [FAIL]
2025-12-31 19:08:32,126 - System.tprint - WARNING - ⚠️ ❌ Gates Failed: Sample: 74345/69.82/d [OK] | Bal: 14.4% [OK] | Jaccard: ERR [WARN] | ANOVA: p=0.00 [OK] | MI: 0.0045 [FAIL]
[2025-12-31 19:08:32.198] WARNING: ❌ Gates Failed: Sample: 74338/69.84/d [OK] | Bal: 4.4% [FAIL] | Jaccard: ERR [WARN] | ANOVA: p=0.00 [OK] | MI: 0.0056 [OK]
2025-12-31 19:08:32,198 - System.tprint - WARNING - ⚠️ ❌ Gates Failed: Sample: 74338/69.84/d [OK] | Bal: 4.4% [FAIL] | Jaccard: ERR [WARN] | ANOVA: p=0.00 [OK] | MI: 0.0056 [OK]
2025-12-31 19:08:32,906 - src.utils.hardware.m1_memory_optimizer.M1MemoryOptimizer - INFO - ℹ️ 🧹 Moderate cleanup: 88 objects collected
[2025-12-31 19:08:33.281] WARNING: ❌ Gates Failed: Sample: 91806/86.30/d [OK] | Bal: 11.1% [OK] | Jaccard: 0.96 [OK] | ANOVA: p=0.00 [OK] | MI: 0.0037 [FAIL]
2025-12-31 19:08:33,281 - System.tprint - WARNING - ⚠️ ❌ Gates Failed: Sample: 91806/86.30/d [OK] | Bal: 11.1% [OK] | Jaccard: 0.96 [OK] | ANOVA: p=0.00 [OK] | MI: 0.0037 [FAIL]
[2025-12-31 19:08:33.623] WARNING: ❌ Gates Failed: Sample: 91806/86.30/d [OK] | Bal: 11.1% [OK] | Jaccard: 0.96 [OK] | ANOVA: p=0.00 [OK] | MI: 0.0037 [FAIL]
2025-12-31 19:08:33,623 - System.tprint - WARNING - ⚠️ ❌ Gates Failed: Sample: 91806/86.30/d [OK] | Bal: 11.1% [OK] | Jaccard: 0.96 [OK] | ANOVA: p=0.00 [OK] | MI: 0.0037 [FAIL]
[2025-12-31 19:08:34.123] WARNING: ❌ Gates Failed: Sample: 91806/86.30/d [OK] | Bal: 11.1% [OK] | Jaccard: 0.96 [OK] | ANOVA: p=0.00 [OK] | MI: 0.0037 [FAIL]
2025-12-31 19:08:34,124 - System.tprint - WARNING - ⚠️ ❌ Gates Failed: Sample: 91806/86.30/d [OK] | Bal: 11.1% [OK] | Jaccard: 0.96 [OK] | ANOVA: p=0.00 [OK] | MI: 0.0037 [FAIL]
[2025-12-31 19:08:35.730] WARNING: ❌ Gates Failed: Sample: 91806/86.30/d [OK] | Bal: 11.1% [OK] | Jaccard: 0.96 [OK] | ANOVA: p=0.00 [OK] | MI: 0.0037 [FAIL]
2025-12-31 19:08:35,730 - System.tprint - WARNING - ⚠️ ❌ Gates Failed: Sample: 91806/86.30/d [OK] | Bal: 11.1% [OK] | Jaccard: 0.96 [OK] | ANOVA: p=0.00 [OK] | MI: 0.0037 [FAIL]
[2025-12-31 19:08:36.199] WARNING: ❌ Gates Failed: Sample: 91806/86.30/d [OK] | Bal: 11.1% [OK] | Jaccard: 0.96 [OK] | ANOVA: p=0.00 [OK] | MI: 0.0037 [FAIL]
2025-12-31 19:08:36,199 - System.tprint - WARNING - ⚠️ ❌ Gates Failed: Sample: 91806/86.30/d [OK] | Bal: 11.1% [OK] | Jaccard: 0.96 [OK] | ANOVA: p=0.00 [OK] | MI: 0.0037 [FAIL]
[2025-12-31 19:08:36.534] WARNING: ❌ Gates Failed: Sample: 91806/86.30/d [OK] | Bal: 11.1% [OK] | Jaccard: 0.96 [OK] | ANOVA: p=0.00 [OK] | MI: 0.0037 [FAIL]
2025-12-31 19:08:36,534 - System.tprint - WARNING - ⚠️ ❌ Gates Failed: Sample: 91806/86.30/d [OK] | Bal: 11.1% [OK] | Jaccard: 0.96 [OK] | ANOVA: p=0.00 [OK] | MI: 0.0037 [FAIL]
2025-12-31 19:09:20,592 - src.training.steps.labeling.orthogonal_label_generation - WARNING - ⚠️ LiquidityCusumEvents requires DataFrame with High/Low
[2025-12-31 19:09:20.608] WARNING: ❌ Gates Failed: Sample: 2367/2.23/d [OK] | Bal: 100.0% [FAIL] | Jaccard: 0.00 [WARN] | ANOVA: p=0.50 [FAIL] | MI: 0.0000 [FAIL]
2025-12-31 19:09:20,609 - System.tprint - WARNING - ⚠️ ❌ Gates Failed: Sample: 2367/2.23/d [OK] | Bal: 100.0% [FAIL] | Jaccard: 0.00 [WARN] | ANOVA: p=0.50 [FAIL] | MI: 0.0000 [FAIL]
2025-12-31 19:09:20,616 - src.training.steps.labeling.orthogonal_label_generation - WARNING - ⚠️ LiquidityCusumEvents requires DataFrame with High/Low
[2025-12-31 19:09:20.632] WARNING: ❌ Gates Failed: Sample: 2367/2.23/d [OK] | Bal: 100.0% [FAIL] | Jaccard: 0.00 [WARN] | ANOVA: p=0.50 [FAIL] | MI: 0.0000 [FAIL]
2025-12-31 19:09:20,632 - System.tprint - WARNING - ⚠️ ❌ Gates Failed: Sample: 2367/2.23/d [OK] | Bal: 100.0% [FAIL] | Jaccard: 0.00 [WARN] | ANOVA: p=0.50 [FAIL] | MI: 0.0000 [FAIL]
2025-12-31 19:09:20,639 - src.training.steps.labeling.orthogonal_label_generation - WARNING - ⚠️ LiquidityCusumEvents requires DataFrame with High/Low
[2025-12-31 19:09:20.655] WARNING: ❌ Gates Failed: Sample: 2367/2.23/d [OK] | Bal: 100.0% [FAIL] | Jaccard: 0.00 [WARN] | ANOVA: p=0.50 [FAIL] | MI: 0.0000 [FAIL]
2025-12-31 19:09:20,655 - System.tprint - WARNING - ⚠️ ❌ Gates Failed: Sample: 2367/2.23/d [OK] | Bal: 100.0% [FAIL] | Jaccard: 0.00 [WARN] | ANOVA: p=0.50 [FAIL] | MI: 0.0000 [FAIL]
2025-12-31 19:09:20,663 - src.training.steps.labeling.orthogonal_label_generation - WARNING - ⚠️ LiquidityCusumEvents requires DataFrame with High/Low
[2025-12-31 19:09:20.678] WARNING: ❌ Gates Failed: Sample: 2367/2.23/d [OK] | Bal: 100.0% [FAIL] | Jaccard: 0.00 [WARN] | ANOVA: N/A [WARN] | MI: 0.0000 [FAIL]
2025-12-31 19:09:20,678 - System.tprint - WARNING - ⚠️ ❌ Gates Failed: Sample: 2367/2.23/d [OK] | Bal: 100.0% [FAIL] | Jaccard: 0.00 [WARN] | ANOVA: N/A [WARN] | MI: 0.0000 [FAIL]
2025-12-31 19:09:20,686 - src.training.steps.labeling.orthogonal_label_generation - WARNING - ⚠️ LiquidityCusumEvents requires DataFrame with High/Low
[2025-12-31 19:09:20.701] WARNING: ❌ Gates Failed: Sample: 2367/2.23/d [OK] | Bal: 100.0% [FAIL] | Jaccard: 0.00 [WARN] | ANOVA: N/A [WARN] | MI: 0.0000 [FAIL]
2025-12-31 19:09:20,701 - System.tprint - WARNING - ⚠️ ❌ Gates Failed: Sample: 2367/2.23/d [OK] | Bal: 100.0% [FAIL] | Jaccard: 0.00 [WARN] | ANOVA: N/A [WARN] | MI: 0.0000 [FAIL]
2025-12-31 19:09:20,709 - src.training.steps.labeling.orthogonal_label_generation - WARNING - ⚠️ LiquidityCusumEvents requires DataFrame with High/Low
[2025-12-31 19:09:20.724] WARNING: ❌ Gates Failed: Sample: 2367/2.23/d [OK] | Bal: 100.0% [FAIL] | Jaccard: 0.00 [WARN] | ANOVA: N/A [WARN] | MI: 0.0000 [FAIL]
2025-12-31 19:09:20,725 - System.tprint - WARNING - ⚠️ ❌ Gates Failed: Sample: 2367/2.23/d [OK] | Bal: 100.0% [FAIL] | Jaccard: 0.00 [WARN] | ANOVA: N/A [WARN] | MI: 0.0000 [FAIL]
2025-12-31 19:09:20,732 - src.training.steps.labeling.orthogonal_label_generation - WARNING - ⚠️ LiquidityCusumEvents requires DataFrame with High/Low
[2025-12-31 19:09:20.747] WARNING: ❌ Gates Failed: Sample: 2367/2.23/d [OK] | Bal: 100.0% [FAIL] | Jaccard: 0.00 [WARN] | ANOVA: p=0.50 [FAIL] | MI: 0.0000 [FAIL]
2025-12-31 19:09:20,747 - System.tprint - WARNING - ⚠️ ❌ Gates Failed: Sample: 2367/2.23/d [OK] | Bal: 100.0% [FAIL] | Jaccard: 0.00 [WARN] | ANOVA: p=0.50 [FAIL] | MI: 0.0000 [FAIL]
2025-12-31 19:09:20,754 - src.training.steps.labeling.orthogonal_label_generation - WARNING - ⚠️ LiquidityCusumEvents requires DataFrame with High/Low
[2025-12-31 19:09:20.770] WARNING: ❌ Gates Failed: Sample: 2367/2.23/d [OK] | Bal: 100.0% [FAIL] | Jaccard: 0.00 [WARN] | ANOVA: p=0.50 [FAIL] | MI: 0.0000 [FAIL]
2025-12-31 19:09:20,770 - System.tprint - WARNING - ⚠️ ❌ Gates Failed: Sample: 2367/2.23/d [OK] | Bal: 100.0% [FAIL] | Jaccard: 0.00 [WARN] | ANOVA: p=0.50 [FAIL] | MI: 0.0000 [FAIL]
2025-12-31 19:09:20,777 - src.training.steps.labeling.orthogonal_label_generation - WARNING - ⚠️ LiquidityCusumEvents requires DataFrame with High/Low
[2025-12-31 19:09:20.792] WARNING: ❌ Gates Failed: Sample: 2367/2.23/d [OK] | Bal: 100.0% [FAIL] | Jaccard: 0.00 [WARN] | ANOVA: p=0.50 [FAIL] | MI: 0.0000 [FAIL]
2025-12-31 19:09:20,793 - System.tprint - WARNING - ⚠️ ❌ Gates Failed: Sample: 2367/2.23/d [OK] | Bal: 100.0% [FAIL] | Jaccard: 0.00 [WARN] | ANOVA: p=0.50 [FAIL] | MI: 0.0000 [FAIL]
2025-12-31 19:09:20,800 - src.training.steps.labeling.orthogonal_label_generation - WARNING - ⚠️ LiquidityCusumEvents requires DataFrame with High/Low
[2025-12-31 19:09:20.816] WARNING: ❌ Gates Failed: Sample: 2367/2.23/d [OK] | Bal: 100.0% [FAIL] | Jaccard: 0.00 [WARN] | ANOVA: N/A [WARN] | MI: 0.0000 [FAIL]
2025-12-31 19:09:20,816 - System.tprint - WARNING - ⚠️ ❌ Gates Failed: Sample: 2367/2.23/d [OK] | Bal: 100.0% [FAIL] | Jaccard: 0.00 [WARN] | ANOVA: N/A [WARN] | MI: 0.0000 [FAIL]
2025-12-31 19:09:20,824 - src.training.steps.labeling.orthogonal_label_generation - WARNING - ⚠️ LiquidityCusumEvents requires DataFrame with High/Low
[2025-12-31 19:09:20.839] WARNING: ❌ Gates Failed: Sample: 2367/2.23/d [OK] | Bal: 100.0% [FAIL] | Jaccard: 0.00 [WARN] | ANOVA: N/A [WARN] | MI: 0.0000 [FAIL]
2025-12-31 19:09:20,840 - System.tprint - WARNING - ⚠️ ❌ Gates Failed: Sample: 2367/2.23/d [OK] | Bal: 100.0% [FAIL] | Jaccard: 0.00 [WARN] | ANOVA: N/A [WARN] | MI: 0.0000 [FAIL]
2025-12-31 19:09:20,848 - src.training.steps.labeling.orthogonal_label_generation - WARNING - ⚠️ LiquidityCusumEvents requires DataFrame with High/Low
[2025-12-31 19:09:20.863] WARNING: ❌ Gates Failed: Sample: 2367/2.23/d [OK] | Bal: 100.0% [FAIL] | Jaccard: 0.00 [WARN] | ANOVA: N/A [WARN] | MI: 0.0000 [FAIL]
2025-12-31 19:09:20,863 - System.tprint - WARNING - ⚠️ ❌ Gates Failed: Sample: 2367/2.23/d [OK] | Bal: 100.0% [FAIL] | Jaccard: 0.00 [WARN] | ANOVA: N/A [WARN] | MI: 0.0000 [FAIL]
2025-12-31 19:09:20,870 - src.training.steps.labeling.orthogonal_label_generation - WARNING - ⚠️ LiquidityCusumEvents requires DataFrame with High/Low
[2025-12-31 19:09:20.886] WARNING: ❌ Gates Failed: Sample: 2367/2.23/d [OK] | Bal: 99.6% [FAIL] | Jaccard: 0.00 [WARN] | ANOVA: p=0.08 [OK] | MI: 0.0043 [FAIL]
2025-12-31 19:09:20,886 - System.tprint - WARNING - ⚠️ ❌ Gates Failed: Sample: 2367/2.23/d [OK] | Bal: 99.6% [FAIL] | Jaccard: 0.00 [WARN] | ANOVA: p=0.08 [OK] | MI: 0.0043 [FAIL]
2025-12-31 19:09:20,894 - src.training.steps.labeling.orthogonal_label_generation - WARNING - ⚠️ LiquidityCusumEvents requires DataFrame with High/Low
[2025-12-31 19:09:20.910] WARNING: ❌ Gates Failed: Sample: 2367/2.23/d [OK] | Bal: 99.6% [FAIL] | Jaccard: 0.00 [WARN] | ANOVA: p=0.08 [OK] | MI: 0.0043 [FAIL]
2025-12-31 19:09:20,910 - System.tprint - WARNING - ⚠️ ❌ Gates Failed: Sample: 2367/2.23/d [OK] | Bal: 99.6% [FAIL] | Jaccard: 0.00 [WARN] | ANOVA: p=0.08 [OK] | MI: 0.0043 [FAIL]
2025-12-31 19:09:20,918 - src.training.steps.labeling.orthogonal_label_generation - WARNING - ⚠️ LiquidityCusumEvents requires DataFrame with High/Low
[2025-12-31 19:09:20.934] WARNING: ❌ Gates Failed: Sample: 2367/2.23/d [OK] | Bal: 99.6% [FAIL] | Jaccard: 0.00 [WARN] | ANOVA: p=0.08 [OK] | MI: 0.0043 [FAIL]
2025-12-31 19:09:20,934 - System.tprint - WARNING - ⚠️ ❌ Gates Failed: Sample: 2367/2.23/d [OK] | Bal: 99.6% [FAIL] | Jaccard: 0.00 [WARN] | ANOVA: p=0.08 [OK] | MI: 0.0043 [FAIL]
2025-12-31 19:09:20,942 - src.training.steps.labeling.orthogonal_label_generation - WARNING - ⚠️ LiquidityCusumEvents requires DataFrame with High/Low
[2025-12-31 19:09:20.957] WARNING: ❌ Gates Failed: Sample: 2367/2.23/d [OK] | Bal: 100.0% [FAIL] | Jaccard: 0.00 [WARN] | ANOVA: N/A [WARN] | MI: 0.0000 [FAIL]
2025-12-31 19:09:20,957 - System.tprint - WARNING - ⚠️ ❌ Gates Failed: Sample: 2367/2.23/d [OK] | Bal: 100.0% [FAIL] | Jaccard: 0.00 [WARN] | ANOVA: N/A [WARN] | MI: 0.0000 [FAIL]
2025-12-31 19:09:20,966 - src.training.steps.labeling.orthogonal_label_generation - WARNING - ⚠️ LiquidityCusumEvents requires DataFrame with High/Low
[2025-12-31 19:09:20.981] WARNING: ❌ Gates Failed: Sample: 2367/2.23/d [OK] | Bal: 100.0% [FAIL] | Jaccard: 0.00 [WARN] | ANOVA: N/A [WARN] | MI: 0.0000 [FAIL]
2025-12-31 19:09:20,981 - System.tprint - WARNING - ⚠️ ❌ Gates Failed: Sample: 2367/2.23/d [OK] | Bal: 100.0% [FAIL] | Jaccard: 0.00 [WARN] | ANOVA: N/A [WARN] | MI: 0.0000 [FAIL]
2025-12-31 19:09:20,989 - src.training.steps.labeling.orthogonal_label_generation - WARNING - ⚠️ LiquidityCusumEvents requires DataFrame with High/Low
[2025-12-31 19:09:21.004] WARNING: ❌ Gates Failed: Sample: 2367/2.23/d [OK] | Bal: 100.0% [FAIL] | Jaccard: 0.00 [WARN] | ANOVA: N/A [WARN] | MI: 0.0000 [FAIL]
2025-12-31 19:09:21,004 - System.tprint - WARNING - ⚠️ ❌ Gates Failed: Sample: 2367/2.23/d [OK] | Bal: 100.0% [FAIL] | Jaccard: 0.00 [WARN] | ANOVA: N/A [WARN] | MI: 0.0000 [FAIL]
2025-12-31 19:09:21,012 - src.training.steps.labeling.orthogonal_label_generation - WARNING - ⚠️ LiquidityCusumEvents requires DataFrame with High/Low
[2025-12-31 19:09:21.028] WARNING: ❌ Gates Failed: Sample: 2367/2.23/d [OK] | Bal: 99.6% [FAIL] | Jaccard: 0.00 [WARN] | ANOVA: p=0.08 [OK] | MI: 0.0043 [FAIL]
2025-12-31 19:09:21,028 - System.tprint - WARNING - ⚠️ ❌ Gates Failed: Sample: 2367/2.23/d [OK] | Bal: 99.6% [FAIL] | Jaccard: 0.00 [WARN] | ANOVA: p=0.08 [OK] | MI: 0.0043 [FAIL]
2025-12-31 19:09:21,036 - src.training.steps.labeling.orthogonal_label_generation - WARNING - ⚠️ LiquidityCusumEvents requires DataFrame with High/Low
[2025-12-31 19:09:21.052] WARNING: ❌ Gates Failed: Sample: 2367/2.23/d [OK] | Bal: 99.6% [FAIL] | Jaccard: 0.00 [WARN] | ANOVA: p=0.08 [OK] | MI: 0.0043 [FAIL]
2025-12-31 19:09:21,052 - System.tprint - WARNING - ⚠️ ❌ Gates Failed: Sample: 2367/2.23/d [OK] | Bal: 99.6% [FAIL] | Jaccard: 0.00 [WARN] | ANOVA: p=0.08 [OK] | MI: 0.0043 [FAIL]
2025-12-31 19:09:21,059 - src.training.steps.labeling.orthogonal_label_generation - WARNING - ⚠️ LiquidityCusumEvents requires DataFrame with High/Low
[2025-12-31 19:09:21.075] WARNING: ❌ Gates Failed: Sample: 2367/2.23/d [OK] | Bal: 99.6% [FAIL] | Jaccard: 0.00 [WARN] | ANOVA: p=0.08 [OK] | MI: 0.0043 [FAIL]
2025-12-31 19:09:21,075 - System.tprint - WARNING - ⚠️ ❌ Gates Failed: Sample: 2367/2.23/d [OK] | Bal: 99.6% [FAIL] | Jaccard: 0.00 [WARN] | ANOVA: p=0.08 [OK] | MI: 0.0043 [FAIL]
2025-12-31 19:09:21,083 - src.training.steps.labeling.orthogonal_label_generation - WARNING - ⚠️ LiquidityCusumEvents requires DataFrame with High/Low
[2025-12-31 19:09:21.099] WARNING: ❌ Gates Failed: Sample: 2367/2.23/d [OK] | Bal: 100.0% [FAIL] | Jaccard: 0.00 [WARN] | ANOVA: N/A [WARN] | MI: 0.0000 [FAIL]
2025-12-31 19:09:21,099 - System.tprint - WARNING - ⚠️ ❌ Gates Failed: Sample: 2367/2.23/d [OK] | Bal: 100.0% [FAIL] | Jaccard: 0.00 [WARN] | ANOVA: N/A [WARN] | MI: 0.0000 [FAIL]
2025-12-31 19:09:21,107 - src.training.steps.labeling.orthogonal_label_generation - WARNING - ⚠️ LiquidityCusumEvents requires DataFrame with High/Low
[2025-12-31 19:09:21.122] WARNING: ❌ Gates Failed: Sample: 2367/2.23/d [OK] | Bal: 100.0% [FAIL] | Jaccard: 0.00 [WARN] | ANOVA: N/A [WARN] | MI: 0.0000 [FAIL]
2025-12-31 19:09:21,122 - System.tprint - WARNING - ⚠️ ❌ Gates Failed: Sample: 2367/2.23/d [OK] | Bal: 100.0% [FAIL] | Jaccard: 0.00 [WARN] | ANOVA: N/A [WARN] | MI: 0.0000 [FAIL]
2025-12-31 19:09:21,130 - src.training.steps.labeling.orthogonal_label_generation - WARNING - ⚠️ LiquidityCusumEvents requires DataFrame with High/Low
[2025-12-31 19:09:21.146] WARNING: ❌ Gates Failed: Sample: 2367/2.23/d [OK] | Bal: 100.0% [FAIL] | Jaccard: 0.00 [WARN] | ANOVA: N/A [WARN] | MI: 0.0000 [FAIL]
2025-12-31 19:09:21,146 - System.tprint - WARNING - ⚠️ ❌ Gates Failed: Sample: 2367/2.23/d [OK] | Bal: 100.0% [FAIL] | Jaccard: 0.00 [WARN] | ANOVA: N/A [WARN] | MI: 0.0000 [FAIL]
2025-12-31 19:09:21,154 - src.training.steps.labeling.orthogonal_label_generation - WARNING - ⚠️ LiquidityCusumEvents requires DataFrame with High/Low
[2025-12-31 19:09:21.170] WARNING: ❌ Gates Failed: Sample: 2367/2.23/d [OK] | Bal: 99.2% [FAIL] | Jaccard: 0.00 [WARN] | ANOVA: p=0.09 [OK] | MI: 0.0067 [OK]
2025-12-31 19:09:21,170 - System.tprint - WARNING - ⚠️ ❌ Gates Failed: Sample: 2367/2.23/d [OK] | Bal: 99.2% [FAIL] | Jaccard: 0.00 [WARN] | ANOVA: p=0.09 [OK] | MI: 0.0067 [OK]
2025-12-31 19:09:21,177 - src.training.steps.labeling.orthogonal_label_generation - WARNING - ⚠️ LiquidityCusumEvents requires DataFrame with High/Low
[2025-12-31 19:09:21.194] WARNING: ❌ Gates Failed: Sample: 2367/2.23/d [OK] | Bal: 99.2% [FAIL] | Jaccard: 0.00 [WARN] | ANOVA: p=0.09 [OK] | MI: 0.0067 [OK]
2025-12-31 19:09:21,194 - System.tprint - WARNING - ⚠️ ❌ Gates Failed: Sample: 2367/2.23/d [OK] | Bal: 99.2% [FAIL] | Jaccard: 0.00 [WARN] | ANOVA: p=0.09 [OK] | MI: 0.0067 [OK]
2025-12-31 19:09:21,201 - src.training.steps.labeling.orthogonal_label_generation - WARNING - ⚠️ LiquidityCusumEvents requires DataFrame with High/Low
[2025-12-31 19:09:21.217] WARNING: ❌ Gates Failed: Sample: 2367/2.23/d [OK] | Bal: 99.2% [FAIL] | Jaccard: 0.00 [WARN] | ANOVA: p=0.09 [OK] | MI: 0.0067 [OK]
2025-12-31 19:09:21,217 - System.tprint - WARNING - ⚠️ ❌ Gates Failed: Sample: 2367/2.23/d [OK] | Bal: 99.2% [FAIL] | Jaccard: 0.00 [WARN] | ANOVA: p=0.09 [OK] | MI: 0.0067 [OK]
2025-12-31 19:09:21,225 - src.training.steps.labeling.orthogonal_label_generation - WARNING - ⚠️ LiquidityCusumEvents requires DataFrame with High/Low
[2025-12-31 19:09:21.240] WARNING: ❌ Gates Failed: Sample: 2367/2.23/d [OK] | Bal: 100.0% [FAIL] | Jaccard: 0.00 [WARN] | ANOVA: N/A [WARN] | MI: 0.0000 [FAIL]
2025-12-31 19:09:21,240 - System.tprint - WARNING - ⚠️ ❌ Gates Failed: Sample: 2367/2.23/d [OK] | Bal: 100.0% [FAIL] | Jaccard: 0.00 [WARN] | ANOVA: N/A [WARN] | MI: 0.0000 [FAIL]
2025-12-31 19:09:21,248 - src.training.steps.labeling.orthogonal_label_generation - WARNING - ⚠️ LiquidityCusumEvents requires DataFrame with High/Low
[2025-12-31 19:09:21.264] WARNING: ❌ Gates Failed: Sample: 2367/2.23/d [OK] | Bal: 100.0% [FAIL] | Jaccard: 0.00 [WARN] | ANOVA: N/A [WARN] | MI: 0.0000 [FAIL]
2025-12-31 19:09:21,264 - System.tprint - WARNING - ⚠️ ❌ Gates Failed: Sample: 2367/2.23/d [OK] | Bal: 100.0% [FAIL] | Jaccard: 0.00 [WARN] | ANOVA: N/A [WARN] | MI: 0.0000 [FAIL]
2025-12-31 19:09:21,273 - src.training.steps.labeling.orthogonal_label_generation - WARNING - ⚠️ LiquidityCusumEvents requires DataFrame with High/Low
[2025-12-31 19:09:21.289] WARNING: ❌ Gates Failed: Sample: 2367/2.23/d [OK] | Bal: 100.0% [FAIL] | Jaccard: 0.00 [WARN] | ANOVA: N/A [WARN] | MI: 0.0000 [FAIL]
2025-12-31 19:09:21,289 - System.tprint - WARNING - ⚠️ ❌ Gates Failed: Sample: 2367/2.23/d [OK] | Bal: 100.0% [FAIL] | Jaccard: 0.00 [WARN] | ANOVA: N/A [WARN] | MI: 0.0000 [FAIL]
2025-12-31 19:09:21,296 - src.training.steps.labeling.orthogonal_label_generation - WARNING - ⚠️ LiquidityCusumEvents requires DataFrame with High/Low
[2025-12-31 19:09:21.312] WARNING: ❌ Gates Failed: Sample: 2367/2.23/d [OK] | Bal: 99.2% [FAIL] | Jaccard: 0.00 [WARN] | ANOVA: p=0.09 [OK] | MI: 0.0067 [OK]
2025-12-31 19:09:21,312 - System.tprint - WARNING - ⚠️ ❌ Gates Failed: Sample: 2367/2.23/d [OK] | Bal: 99.2% [FAIL] | Jaccard: 0.00 [WARN] | ANOVA: p=0.09 [OK] | MI: 0.0067 [OK]
2025-12-31 19:09:21,319 - src.training.steps.labeling.orthogonal_label_generation - WARNING - ⚠️ LiquidityCusumEvents requires DataFrame with High/Low
[2025-12-31 19:09:21.335] WARNING: ❌ Gates Failed: Sample: 2367/2.23/d [OK] | Bal: 99.2% [FAIL] | Jaccard: 0.00 [WARN] | ANOVA: p=0.09 [OK] | MI: 0.0067 [OK]
2025-12-31 19:09:21,335 - System.tprint - WARNING - ⚠️ ❌ Gates Failed: Sample: 2367/2.23/d [OK] | Bal: 99.2% [FAIL] | Jaccard: 0.00 [WARN] | ANOVA: p=0.09 [OK] | MI: 0.0067 [OK]
2025-12-31 19:09:21,343 - src.training.steps.labeling.orthogonal_label_generation - WARNING - ⚠️ LiquidityCusumEvents requires DataFrame with High/Low
[2025-12-31 19:09:21.359] WARNING: ❌ Gates Failed: Sample: 2367/2.23/d [OK] | Bal: 99.2% [FAIL] | Jaccard: 0.00 [WARN] | ANOVA: p=0.09 [OK] | MI: 0.0067 [OK]
2025-12-31 19:09:21,359 - System.tprint - WARNING - ⚠️ ❌ Gates Failed: Sample: 2367/2.23/d [OK] | Bal: 99.2% [FAIL] | Jaccard: 0.00 [WARN] | ANOVA: p=0.09 [OK] | MI: 0.0067 [OK]
2025-12-31 19:09:21,367 - src.training.steps.labeling.orthogonal_label_generation - WARNING - ⚠️ LiquidityCusumEvents requires DataFrame with High/Low
[2025-12-31 19:09:21.382] WARNING: ❌ Gates Failed: Sample: 2367/2.23/d [OK] | Bal: 100.0% [FAIL] | Jaccard: 0.00 [WARN] | ANOVA: N/A [WARN] | MI: 0.0000 [FAIL]
2025-12-31 19:09:21,382 - System.tprint - WARNING - ⚠️ ❌ Gates Failed: Sample: 2367/2.23/d [OK] | Bal: 100.0% [FAIL] | Jaccard: 0.00 [WARN] | ANOVA: N/A [WARN] | MI: 0.0000 [FAIL]
2025-12-31 19:09:21,390 - src.training.steps.labeling.orthogonal_label_generation - WARNING - ⚠️ LiquidityCusumEvents requires DataFrame with High/Low
[2025-12-31 19:09:21.405] WARNING: ❌ Gates Failed: Sample: 2367/2.23/d [OK] | Bal: 100.0% [FAIL] | Jaccard: 0.00 [WARN] | ANOVA: N/A [WARN] | MI: 0.0000 [FAIL]
2025-12-31 19:09:21,405 - System.tprint - WARNING - ⚠️ ❌ Gates Failed: Sample: 2367/2.23/d [OK] | Bal: 100.0% [FAIL] | Jaccard: 0.00 [WARN] | ANOVA: N/A [WARN] | MI: 0.0000 [FAIL]
2025-12-31 19:09:21,413 - src.training.steps.labeling.orthogonal_label_generation - WARNING - ⚠️ LiquidityCusumEvents requires DataFrame with High/Low
[2025-12-31 19:09:21.428] WARNING: ❌ Gates Failed: Sample: 2367/2.23/d [OK] | Bal: 100.0% [FAIL] | Jaccard: 0.00 [WARN] | ANOVA: N/A [WARN] | MI: 0.0000 [FAIL]
2025-12-31 19:09:21,429 - System.tprint - WARNING - ⚠️ ❌ Gates Failed: Sample: 2367/2.23/d [OK] | Bal: 100.0% [FAIL] | Jaccard: 0.00 [WARN] | ANOVA: N/A [WARN] | MI: 0.0000 [FAIL]
2025-12-31 19:09:21,436 - src.training.steps.labeling.orthogonal_label_generation - WARNING - ⚠️ LiquidityCusumEvents requires DataFrame with High/Low
[2025-12-31 19:09:21.453] WARNING: ❌ Gates Failed: Sample: 2367/2.23/d [OK] | Bal: 98.6% [FAIL] | Jaccard: 0.00 [WARN] | ANOVA: p=0.02 [OK] | MI: 0.0080 [OK]
2025-12-31 19:09:21,453 - System.tprint - WARNING - ⚠️ ❌ Gates Failed: Sample: 2367/2.23/d [OK] | Bal: 98.6% [FAIL] | Jaccard: 0.00 [WARN] | ANOVA: p=0.02 [OK] | MI: 0.0080 [OK]
2025-12-31 19:09:21,460 - src.training.steps.labeling.orthogonal_label_generation - WARNING - ⚠️ LiquidityCusumEvents requires DataFrame with High/Low
[2025-12-31 19:09:21.476] WARNING: ❌ Gates Failed: Sample: 2367/2.23/d [OK] | Bal: 98.6% [FAIL] | Jaccard: 0.00 [WARN] | ANOVA: p=0.02 [OK] | MI: 0.0080 [OK]
2025-12-31 19:09:21,476 - System.tprint - WARNING - ⚠️ ❌ Gates Failed: Sample: 2367/2.23/d [OK] | Bal: 98.6% [FAIL] | Jaccard: 0.00 [WARN] | ANOVA: p=0.02 [OK] | MI: 0.0080 [OK]
2025-12-31 19:09:21,484 - src.training.steps.labeling.orthogonal_label_generation - WARNING - ⚠️ LiquidityCusumEvents requires DataFrame with High/Low
[2025-12-31 19:09:21.500] WARNING: ❌ Gates Failed: Sample: 2367/2.23/d [OK] | Bal: 98.6% [FAIL] | Jaccard: 0.00 [WARN] | ANOVA: p=0.02 [OK] | MI: 0.0080 [OK]
2025-12-31 19:09:21,500 - System.tprint - WARNING - ⚠️ ❌ Gates Failed: Sample: 2367/2.23/d [OK] | Bal: 98.6% [FAIL] | Jaccard: 0.00 [WARN] | ANOVA: p=0.02 [OK] | MI: 0.0080 [OK]
2025-12-31 19:09:21,508 - src.training.steps.labeling.orthogonal_label_generation - WARNING - ⚠️ LiquidityCusumEvents requires DataFrame with High/Low
[2025-12-31 19:09:21.523] WARNING: ❌ Gates Failed: Sample: 2367/2.23/d [OK] | Bal: 100.0% [FAIL] | Jaccard: 0.00 [WARN] | ANOVA: p=0.33 [FAIL] | MI: 0.0000 [FAIL]
2025-12-31 19:09:21,523 - System.tprint - WARNING - ⚠️ ❌ Gates Failed: Sample: 2367/2.23/d [OK] | Bal: 100.0% [FAIL] | Jaccard: 0.00 [WARN] | ANOVA: p=0.33 [FAIL] | MI: 0.0000 [FAIL]
2025-12-31 19:09:21,531 - src.training.steps.labeling.orthogonal_label_generation - WARNING - ⚠️ LiquidityCusumEvents requires DataFrame with High/Low
[2025-12-31 19:09:21.546] WARNING: ❌ Gates Failed: Sample: 2367/2.23/d [OK] | Bal: 100.0% [FAIL] | Jaccard: 0.00 [WARN] | ANOVA: p=0.33 [FAIL] | MI: 0.0000 [FAIL]
2025-12-31 19:09:21,546 - System.tprint - WARNING - ⚠️ ❌ Gates Failed: Sample: 2367/2.23/d [OK] | Bal: 100.0% [FAIL] | Jaccard: 0.00 [WARN] | ANOVA: p=0.33 [FAIL] | MI: 0.0000 [FAIL]
2025-12-31 19:09:21,554 - src.training.steps.labeling.orthogonal_label_generation - WARNING - ⚠️ LiquidityCusumEvents requires DataFrame with High/Low
[2025-12-31 19:09:21.569] WARNING: ❌ Gates Failed: Sample: 2367/2.23/d [OK] | Bal: 100.0% [FAIL] | Jaccard: 0.00 [WARN] | ANOVA: p=0.33 [FAIL] | MI: 0.0000 [FAIL]
2025-12-31 19:09:21,569 - System.tprint - WARNING - ⚠️ ❌ Gates Failed: Sample: 2367/2.23/d [OK] | Bal: 100.0% [FAIL] | Jaccard: 0.00 [WARN] | ANOVA: p=0.33 [FAIL] | MI: 0.0000 [FAIL]
2025-12-31 19:09:21,577 - src.training.steps.labeling.orthogonal_label_generation - WARNING - ⚠️ LiquidityCusumEvents requires DataFrame with High/Low
[2025-12-31 19:09:21.593] WARNING: ❌ Gates Failed: Sample: 2367/2.23/d [OK] | Bal: 98.6% [FAIL] | Jaccard: 0.00 [WARN] | ANOVA: p=0.02 [OK] | MI: 0.0080 [OK]
2025-12-31 19:09:21,593 - System.tprint - WARNING - ⚠️ ❌ Gates Failed: Sample: 2367/2.23/d [OK] | Bal: 98.6% [FAIL] | Jaccard: 0.00 [WARN] | ANOVA: p=0.02 [OK] | MI: 0.0080 [OK]
2025-12-31 19:09:21,600 - src.training.steps.labeling.orthogonal_label_generation - WARNING - ⚠️ LiquidityCusumEvents requires DataFrame with High/Low
[2025-12-31 19:09:21.616] WARNING: ❌ Gates Failed: Sample: 2367/2.23/d [OK] | Bal: 98.6% [FAIL] | Jaccard: 0.00 [WARN] | ANOVA: p=0.02 [OK] | MI: 0.0080 [OK]
2025-12-31 19:09:21,617 - System.tprint - WARNING - ⚠️ ❌ Gates Failed: Sample: 2367/2.23/d [OK] | Bal: 98.6% [FAIL] | Jaccard: 0.00 [WARN] | ANOVA: p=0.02 [OK] | MI: 0.0080 [OK]
2025-12-31 19:09:21,624 - src.training.steps.labeling.orthogonal_label_generation - WARNING - ⚠️ LiquidityCusumEvents requires DataFrame with High/Low
[2025-12-31 19:09:21.640] WARNING: ❌ Gates Failed: Sample: 2367/2.23/d [OK] | Bal: 98.6% [FAIL] | Jaccard: 0.00 [WARN] | ANOVA: p=0.02 [OK] | MI: 0.0080 [OK]
2025-12-31 19:09:21,640 - System.tprint - WARNING - ⚠️ ❌ Gates Failed: Sample: 2367/2.23/d [OK] | Bal: 98.6% [FAIL] | Jaccard: 0.00 [WARN] | ANOVA: p=0.02 [OK] | MI: 0.0080 [OK]
2025-12-31 19:09:21,647 - src.training.steps.labeling.orthogonal_label_generation - WARNING - ⚠️ LiquidityCusumEvents requires DataFrame with High/Low
[2025-12-31 19:09:21.663] WARNING: ❌ Gates Failed: Sample: 2367/2.23/d [OK] | Bal: 100.0% [FAIL] | Jaccard: 0.00 [WARN] | ANOVA: p=0.33 [FAIL] | MI: 0.0000 [FAIL]
2025-12-31 19:09:21,663 - System.tprint - WARNING - ⚠️ ❌ Gates Failed: Sample: 2367/2.23/d [OK] | Bal: 100.0% [FAIL] | Jaccard: 0.00 [WARN] | ANOVA: p=0.33 [FAIL] | MI: 0.0000 [FAIL]
2025-12-31 19:09:21,670 - src.training.steps.labeling.orthogonal_label_generation - WARNING - ⚠️ LiquidityCusumEvents requires DataFrame with High/Low
[2025-12-31 19:09:21.686] WARNING: ❌ Gates Failed: Sample: 2367/2.23/d [OK] | Bal: 100.0% [FAIL] | Jaccard: 0.00 [WARN] | ANOVA: p=0.33 [FAIL] | MI: 0.0000 [FAIL]
2025-12-31 19:09:21,686 - System.tprint - WARNING - ⚠️ ❌ Gates Failed: Sample: 2367/2.23/d [OK] | Bal: 100.0% [FAIL] | Jaccard: 0.00 [WARN] | ANOVA: p=0.33 [FAIL] | MI: 0.0000 [FAIL]
2025-12-31 19:09:21,693 - src.training.steps.labeling.orthogonal_label_generation - WARNING - ⚠️ LiquidityCusumEvents requires DataFrame with High/Low
[2025-12-31 19:09:21.709] WARNING: ❌ Gates Failed: Sample: 2367/2.23/d [OK] | Bal: 100.0% [FAIL] | Jaccard: 0.00 [WARN] | ANOVA: p=0.33 [FAIL] | MI: 0.0000 [FAIL]
2025-12-31 19:09:21,709 - System.tprint - WARNING - ⚠️ ❌ Gates Failed: Sample: 2367/2.23/d [OK] | Bal: 100.0% [FAIL] | Jaccard: 0.00 [WARN] | ANOVA: p=0.33 [FAIL] | MI: 0.0000 [FAIL]
2025-12-31 19:09:21,717 - src.training.steps.labeling.orthogonal_label_generation - WARNING - ⚠️ LiquidityCusumEvents requires DataFrame with High/Low
[2025-12-31 19:09:21.733] WARNING: ❌ Gates Failed: Sample: 2367/2.23/d [OK] | Bal: 96.5% [FAIL] | Jaccard: 0.00 [WARN] | ANOVA: p=0.00 [OK] | MI: 0.0138 [OK]
2025-12-31 19:09:21,733 - System.tprint - WARNING - ⚠️ ❌ Gates Failed: Sample: 2367/2.23/d [OK] | Bal: 96.5% [FAIL] | Jaccard: 0.00 [WARN] | ANOVA: p=0.00 [OK] | MI: 0.0138 [OK]
2025-12-31 19:09:21,740 - src.training.steps.labeling.orthogonal_label_generation - WARNING - ⚠️ LiquidityCusumEvents requires DataFrame with High/Low
[2025-12-31 19:09:21.756] WARNING: ❌ Gates Failed: Sample: 2367/2.23/d [OK] | Bal: 96.5% [FAIL] | Jaccard: 0.00 [WARN] | ANOVA: p=0.00 [OK] | MI: 0.0138 [OK]
2025-12-31 19:09:21,756 - System.tprint - WARNING - ⚠️ ❌ Gates Failed: Sample: 2367/2.23/d [OK] | Bal: 96.5% [FAIL] | Jaccard: 0.00 [WARN] | ANOVA: p=0.00 [OK] | MI: 0.0138 [OK]
2025-12-31 19:09:21,763 - src.training.steps.labeling.orthogonal_label_generation - WARNING - ⚠️ LiquidityCusumEvents requires DataFrame with High/Low
[2025-12-31 19:09:21.779] WARNING: ❌ Gates Failed: Sample: 2367/2.23/d [OK] | Bal: 96.5% [FAIL] | Jaccard: 0.00 [WARN] | ANOVA: p=0.00 [OK] | MI: 0.0138 [OK]
2025-12-31 19:09:21,779 - System.tprint - WARNING - ⚠️ ❌ Gates Failed: Sample: 2367/2.23/d [OK] | Bal: 96.5% [FAIL] | Jaccard: 0.00 [WARN] | ANOVA: p=0.00 [OK] | MI: 0.0138 [OK]
2025-12-31 19:09:21,787 - src.training.steps.labeling.orthogonal_label_generation - WARNING - ⚠️ LiquidityCusumEvents requires DataFrame with High/Low
[2025-12-31 19:09:21.802] WARNING: ❌ Gates Failed: Sample: 2367/2.23/d [OK] | Bal: 100.0% [FAIL] | Jaccard: 0.00 [WARN] | ANOVA: p=0.33 [FAIL] | MI: 0.0000 [FAIL]
2025-12-31 19:09:21,803 - System.tprint - WARNING - ⚠️ ❌ Gates Failed: Sample: 2367/2.23/d [OK] | Bal: 100.0% [FAIL] | Jaccard: 0.00 [WARN] | ANOVA: p=0.33 [FAIL] | MI: 0.0000 [FAIL]
2025-12-31 19:09:21,810 - src.training.steps.labeling.orthogonal_label_generation - WARNING - ⚠️ LiquidityCusumEvents requires DataFrame with High/Low
[2025-12-31 19:09:21.825] WARNING: ❌ Gates Failed: Sample: 2367/2.23/d [OK] | Bal: 100.0% [FAIL] | Jaccard: 0.00 [WARN] | ANOVA: p=0.33 [FAIL] | MI: 0.0000 [FAIL]
2025-12-31 19:09:21,825 - System.tprint - WARNING - ⚠️ ❌ Gates Failed: Sample: 2367/2.23/d [OK] | Bal: 100.0% [FAIL] | Jaccard: 0.00 [WARN] | ANOVA: p=0.33 [FAIL] | MI: 0.0000 [FAIL]
2025-12-31 19:09:21,833 - src.training.steps.labeling.orthogonal_label_generation - WARNING - ⚠️ LiquidityCusumEvents requires DataFrame with High/Low
[2025-12-31 19:09:21.848] WARNING: ❌ Gates Failed: Sample: 2367/2.23/d [OK] | Bal: 100.0% [FAIL] | Jaccard: 0.00 [WARN] | ANOVA: p=0.33 [FAIL] | MI: 0.0000 [FAIL]
2025-12-31 19:09:21,849 - System.tprint - WARNING - ⚠️ ❌ Gates Failed: Sample: 2367/2.23/d [OK] | Bal: 100.0% [FAIL] | Jaccard: 0.00 [WARN] | ANOVA: p=0.33 [FAIL] | MI: 0.0000 [FAIL]
2025-12-31 19:09:21,856 - src.training.steps.labeling.orthogonal_label_generation - WARNING - ⚠️ LiquidityCusumEvents requires DataFrame with High/Low
[2025-12-31 19:09:21.872] WARNING: ❌ Gates Failed: Sample: 2367/2.23/d [OK] | Bal: 96.5% [FAIL] | Jaccard: 0.00 [WARN] | ANOVA: p=0.00 [OK] | MI: 0.0138 [OK]
2025-12-31 19:09:21,872 - System.tprint - WARNING - ⚠️ ❌ Gates Failed: Sample: 2367/2.23/d [OK] | Bal: 96.5% [FAIL] | Jaccard: 0.00 [WARN] | ANOVA: p=0.00 [OK] | MI: 0.0138 [OK]
2025-12-31 19:09:21,879 - src.training.steps.labeling.orthogonal_label_generation - WARNING - ⚠️ LiquidityCusumEvents requires DataFrame with High/Low
[2025-12-31 19:09:21.895] WARNING: ❌ Gates Failed: Sample: 2367/2.23/d [OK] | Bal: 96.5% [FAIL] | Jaccard: 0.00 [WARN] | ANOVA: p=0.00 [OK] | MI: 0.0138 [OK]
2025-12-31 19:09:21,896 - System.tprint - WARNING - ⚠️ ❌ Gates Failed: Sample: 2367/2.23/d [OK] | Bal: 96.5% [FAIL] | Jaccard: 0.00 [WARN] | ANOVA: p=0.00 [OK] | MI: 0.0138 [OK]
2025-12-31 19:09:21,903 - src.training.steps.labeling.orthogonal_label_generation - WARNING - ⚠️ LiquidityCusumEvents requires DataFrame with High/Low
[2025-12-31 19:09:21.919] WARNING: ❌ Gates Failed: Sample: 2367/2.23/d [OK] | Bal: 96.5% [FAIL] | Jaccard: 0.00 [WARN] | ANOVA: p=0.00 [OK] | MI: 0.0138 [OK]
2025-12-31 19:09:21,919 - System.tprint - WARNING - ⚠️ ❌ Gates Failed: Sample: 2367/2.23/d [OK] | Bal: 96.5% [FAIL] | Jaccard: 0.00 [WARN] | ANOVA: p=0.00 [OK] | MI: 0.0138 [OK]
2025-12-31 19:09:21,927 - src.training.steps.labeling.orthogonal_label_generation - WARNING - ⚠️ LiquidityCusumEvents requires DataFrame with High/Low
[2025-12-31 19:09:21.942] WARNING: ❌ Gates Failed: Sample: 2367/2.23/d [OK] | Bal: 100.0% [FAIL] | Jaccard: 0.00 [WARN] | ANOVA: p=0.33 [FAIL] | MI: 0.0000 [FAIL]
2025-12-31 19:09:21,942 - System.tprint - WARNING - ⚠️ ❌ Gates Failed: Sample: 2367/2.23/d [OK] | Bal: 100.0% [FAIL] | Jaccard: 0.00 [WARN] | ANOVA: p=0.33 [FAIL] | MI: 0.0000 [FAIL]
2025-12-31 19:09:21,950 - src.training.steps.labeling.orthogonal_label_generation - WARNING - ⚠️ LiquidityCusumEvents requires DataFrame with High/Low
[2025-12-31 19:09:21.965] WARNING: ❌ Gates Failed: Sample: 2367/2.23/d [OK] | Bal: 100.0% [FAIL] | Jaccard: 0.00 [WARN] | ANOVA: p=0.33 [FAIL] | MI: 0.0000 [FAIL]
2025-12-31 19:09:21,965 - System.tprint - WARNING - ⚠️ ❌ Gates Failed: Sample: 2367/2.23/d [OK] | Bal: 100.0% [FAIL] | Jaccard: 0.00 [WARN] | ANOVA: p=0.33 [FAIL] | MI: 0.0000 [FAIL]
2025-12-31 19:09:21,973 - src.training.steps.labeling.orthogonal_label_generation - WARNING - ⚠️ LiquidityCusumEvents requires DataFrame with High/Low
[2025-12-31 19:09:21.988] WARNING: ❌ Gates Failed: Sample: 2367/2.23/d [OK] | Bal: 100.0% [FAIL] | Jaccard: 0.00 [WARN] | ANOVA: p=0.33 [FAIL] | MI: 0.0000 [FAIL]
2025-12-31 19:09:21,988 - System.tprint - WARNING - ⚠️ ❌ Gates Failed: Sample: 2367/2.23/d [OK] | Bal: 100.0% [FAIL] | Jaccard: 0.00 [WARN] | ANOVA: p=0.33 [FAIL] | MI: 0.0000 [FAIL]
2025-12-31 19:09:22,073 - src.training.steps.labeling.orthogonal_label_generation - WARNING - ⚠️ LiquidityCusumEvents requires DataFrame with High/Low
[2025-12-31 19:09:22.090] WARNING: ❌ Gates Failed: Sample: 5912/5.56/d [OK] | Bal: 100.0% [FAIL] | Jaccard: 0.00 [WARN] | ANOVA: p=0.09 [OK] | MI: 0.0000 [FAIL]
2025-12-31 19:09:22,090 - System.tprint - WARNING - ⚠️ ❌ Gates Failed: Sample: 5912/5.56/d [OK] | Bal: 100.0% [FAIL] | Jaccard: 0.00 [WARN] | ANOVA: p=0.09 [OK] | MI: 0.0000 [FAIL]
2025-12-31 19:09:22,097 - src.training.steps.labeling.orthogonal_label_generation - WARNING - ⚠️ LiquidityCusumEvents requires DataFrame with High/Low
[2025-12-31 19:09:22.114] WARNING: ❌ Gates Failed: Sample: 5912/5.56/d [OK] | Bal: 100.0% [FAIL] | Jaccard: 0.00 [WARN] | ANOVA: p=0.09 [OK] | MI: 0.0000 [FAIL]
2025-12-31 19:09:22,114 - System.tprint - WARNING - ⚠️ ❌ Gates Failed: Sample: 5912/5.56/d [OK] | Bal: 100.0% [FAIL] | Jaccard: 0.00 [WARN] | ANOVA: p=0.09 [OK] | MI: 0.0000 [FAIL]
2025-12-31 19:09:22,122 - src.training.steps.labeling.orthogonal_label_generation - WARNING - ⚠️ LiquidityCusumEvents requires DataFrame with High/Low
[2025-12-31 19:09:22.139] WARNING: ❌ Gates Failed: Sample: 5912/5.56/d [OK] | Bal: 100.0% [FAIL] | Jaccard: 0.00 [WARN] | ANOVA: p=0.09 [OK] | MI: 0.0000 [FAIL]
2025-12-31 19:09:22,139 - System.tprint - WARNING - ⚠️ ❌ Gates Failed: Sample: 5912/5.56/d [OK] | Bal: 100.0% [FAIL] | Jaccard: 0.00 [WARN] | ANOVA: p=0.09 [OK] | MI: 0.0000 [FAIL]
2025-12-31 19:09:22,148 - src.training.steps.labeling.orthogonal_label_generation - WARNING - ⚠️ LiquidityCusumEvents requires DataFrame with High/Low
[2025-12-31 19:09:22.166] WARNING: ❌ Gates Failed: Sample: 5912/5.56/d [OK] | Bal: 100.0% [FAIL] | Jaccard: 0.00 [WARN] | ANOVA: N/A [WARN] | MI: 0.0000 [FAIL]
2025-12-31 19:09:22,166 - System.tprint - WARNING - ⚠️ ❌ Gates Failed: Sample: 5912/5.56/d [OK] | Bal: 100.0% [FAIL] | Jaccard: 0.00 [WARN] | ANOVA: N/A [WARN] | MI: 0.0000 [FAIL]
2025-12-31 19:09:22,175 - src.training.steps.labeling.orthogonal_label_generation - WARNING - ⚠️ LiquidityCusumEvents requires DataFrame with High/Low
[2025-12-31 19:09:22.192] WARNING: ❌ Gates Failed: Sample: 5912/5.56/d [OK] | Bal: 100.0% [FAIL] | Jaccard: 0.00 [WARN] | ANOVA: N/A [WARN] | MI: 0.0000 [FAIL]
2025-12-31 19:09:22,192 - System.tprint - WARNING - ⚠️ ❌ Gates Failed: Sample: 5912/5.56/d [OK] | Bal: 100.0% [FAIL] | Jaccard: 0.00 [WARN] | ANOVA: N/A [WARN] | MI: 0.0000 [FAIL]
2025-12-31 19:09:22,201 - src.training.steps.labeling.orthogonal_label_generation - WARNING - ⚠️ LiquidityCusumEvents requires DataFrame with High/Low
[2025-12-31 19:09:22.218] WARNING: ❌ Gates Failed: Sample: 5912/5.56/d [OK] | Bal: 100.0% [FAIL] | Jaccard: 0.00 [WARN] | ANOVA: N/A [WARN] | MI: 0.0000 [FAIL]
2025-12-31 19:09:22,218 - System.tprint - WARNING - ⚠️ ❌ Gates Failed: Sample: 5912/5.56/d [OK] | Bal: 100.0% [FAIL] | Jaccard: 0.00 [WARN] | ANOVA: N/A [WARN] | MI: 0.0000 [FAIL]
2025-12-31 19:09:22,226 - src.training.steps.labeling.orthogonal_label_generation - WARNING - ⚠️ LiquidityCusumEvents requires DataFrame with High/Low
[2025-12-31 19:09:22.242] WARNING: ❌ Gates Failed: Sample: 5912/5.56/d [OK] | Bal: 100.0% [FAIL] | Jaccard: 0.00 [WARN] | ANOVA: p=0.09 [OK] | MI: 0.0000 [FAIL]
2025-12-31 19:09:22,242 - System.tprint - WARNING - ⚠️ ❌ Gates Failed: Sample: 5912/5.56/d [OK] | Bal: 100.0% [FAIL] | Jaccard: 0.00 [WARN] | ANOVA: p=0.09 [OK] | MI: 0.0000 [FAIL]
2025-12-31 19:09:22,250 - src.training.steps.labeling.orthogonal_label_generation - WARNING - ⚠️ LiquidityCusumEvents requires DataFrame with High/Low
[2025-12-31 19:09:22.267] WARNING: ❌ Gates Failed: Sample: 5912/5.56/d [OK] | Bal: 100.0% [FAIL] | Jaccard: 0.00 [WARN] | ANOVA: p=0.09 [OK] | MI: 0.0000 [FAIL]
2025-12-31 19:09:22,267 - System.tprint - WARNING - ⚠️ ❌ Gates Failed: Sample: 5912/5.56/d [OK] | Bal: 100.0% [FAIL] | Jaccard: 0.00 [WARN] | ANOVA: p=0.09 [OK] | MI: 0.0000 [FAIL]
2025-12-31 19:09:22,276 - src.training.steps.labeling.orthogonal_label_generation - WARNING - ⚠️ LiquidityCusumEvents requires DataFrame with High/Low
[2025-12-31 19:09:22.293] WARNING: ❌ Gates Failed: Sample: 5912/5.56/d [OK] | Bal: 100.0% [FAIL] | Jaccard: 0.00 [WARN] | ANOVA: p=0.09 [OK] | MI: 0.0000 [FAIL]
2025-12-31 19:09:22,293 - System.tprint - WARNING - ⚠️ ❌ Gates Failed: Sample: 5912/5.56/d [OK] | Bal: 100.0% [FAIL] | Jaccard: 0.00 [WARN] | ANOVA: p=0.09 [OK] | MI: 0.0000 [FAIL]
2025-12-31 19:09:22,302 - src.training.steps.labeling.orthogonal_label_generation - WARNING - ⚠️ LiquidityCusumEvents requires DataFrame with High/Low
[2025-12-31 19:09:22.319] WARNING: ❌ Gates Failed: Sample: 5912/5.56/d [OK] | Bal: 100.0% [FAIL] | Jaccard: 0.00 [WARN] | ANOVA: N/A [WARN] | MI: 0.0000 [FAIL]
2025-12-31 19:09:22,319 - System.tprint - WARNING - ⚠️ ❌ Gates Failed: Sample: 5912/5.56/d [OK] | Bal: 100.0% [FAIL] | Jaccard: 0.00 [WARN] | ANOVA: N/A [WARN] | MI: 0.0000 [FAIL]
2025-12-31 19:09:22,328 - src.training.steps.labeling.orthogonal_label_generation - WARNING - ⚠️ LiquidityCusumEvents requires DataFrame with High/Low
[2025-12-31 19:09:22.345] WARNING: ❌ Gates Failed: Sample: 5912/5.56/d [OK] | Bal: 100.0% [FAIL] | Jaccard: 0.00 [WARN] | ANOVA: N/A [WARN] | MI: 0.0000 [FAIL]
2025-12-31 19:09:22,345 - System.tprint - WARNING - ⚠️ ❌ Gates Failed: Sample: 5912/5.56/d [OK] | Bal: 100.0% [FAIL] | Jaccard: 0.00 [WARN] | ANOVA: N/A [WARN] | MI: 0.0000 [FAIL]
2025-12-31 19:09:22,354 - src.training.steps.labeling.orthogonal_label_generation - WARNING - ⚠️ LiquidityCusumEvents requires DataFrame with High/Low
[2025-12-31 19:09:22.371] WARNING: ❌ Gates Failed: Sample: 5912/5.56/d [OK] | Bal: 100.0% [FAIL] | Jaccard: 0.00 [WARN] | ANOVA: N/A [WARN] | MI: 0.0000 [FAIL]
2025-12-31 19:09:22,371 - System.tprint - WARNING - ⚠️ ❌ Gates Failed: Sample: 5912/5.56/d [OK] | Bal: 100.0% [FAIL] | Jaccard: 0.00 [WARN] | ANOVA: N/A [WARN] | MI: 0.0000 [FAIL]
2025-12-31 19:09:22,379 - src.training.steps.labeling.orthogonal_label_generation - WARNING - ⚠️ LiquidityCusumEvents requires DataFrame with High/Low
[2025-12-31 19:09:22.396] WARNING: ❌ Gates Failed: Sample: 5912/5.56/d [OK] | Bal: 99.7% [FAIL] | Jaccard: 0.00 [WARN] | ANOVA: p=0.21 [FAIL] | MI: 0.0015 [FAIL]
2025-12-31 19:09:22,397 - System.tprint - WARNING - ⚠️ ❌ Gates Failed: Sample: 5912/5.56/d [OK] | Bal: 99.7% [FAIL] | Jaccard: 0.00 [WARN] | ANOVA: p=0.21 [FAIL] | MI: 0.0015 [FAIL]
2025-12-31 19:09:22,404 - src.training.steps.labeling.orthogonal_label_generation - WARNING - ⚠️ LiquidityCusumEvents requires DataFrame with High/Low
[2025-12-31 19:09:22.422] WARNING: ❌ Gates Failed: Sample: 5912/5.56/d [OK] | Bal: 99.7% [FAIL] | Jaccard: 0.00 [WARN] | ANOVA: p=0.21 [FAIL] | MI: 0.0015 [FAIL]
2025-12-31 19:09:22,422 - System.tprint - WARNING - ⚠️ ❌ Gates Failed: Sample: 5912/5.56/d [OK] | Bal: 99.7% [FAIL] | Jaccard: 0.00 [WARN] | ANOVA: p=0.21 [FAIL] | MI: 0.0015 [FAIL]
2025-12-31 19:09:22,430 - src.training.steps.labeling.orthogonal_label_generation - WARNING - ⚠️ LiquidityCusumEvents requires DataFrame with High/Low
[2025-12-31 19:09:22.447] WARNING: ❌ Gates Failed: Sample: 5912/5.56/d [OK] | Bal: 99.7% [FAIL] | Jaccard: 0.00 [WARN] | ANOVA: p=0.21 [FAIL] | MI: 0.0015 [FAIL]
2025-12-31 19:09:22,447 - System.tprint - WARNING - ⚠️ ❌ Gates Failed: Sample: 5912/5.56/d [OK] | Bal: 99.7% [FAIL] | Jaccard: 0.00 [WARN] | ANOVA: p=0.21 [FAIL] | MI: 0.0015 [FAIL]
2025-12-31 19:09:22,456 - src.training.steps.labeling.orthogonal_label_generation - WARNING - ⚠️ LiquidityCusumEvents requires DataFrame with High/Low
[2025-12-31 19:09:22.473] WARNING: ❌ Gates Failed: Sample: 5912/5.56/d [OK] | Bal: 100.0% [FAIL] | Jaccard: 0.00 [WARN] | ANOVA: p=0.60 [FAIL] | MI: 0.0000 [FAIL]
2025-12-31 19:09:22,473 - System.tprint - WARNING - ⚠️ ❌ Gates Failed: Sample: 5912/5.56/d [OK] | Bal: 100.0% [FAIL] | Jaccard: 0.00 [WARN] | ANOVA: p=0.60 [FAIL] | MI: 0.0000 [FAIL]
2025-12-31 19:09:22,482 - src.training.steps.labeling.orthogonal_label_generation - WARNING - ⚠️ LiquidityCusumEvents requires DataFrame with High/Low
[2025-12-31 19:09:22.499] WARNING: ❌ Gates Failed: Sample: 5912/5.56/d [OK] | Bal: 100.0% [FAIL] | Jaccard: 0.00 [WARN] | ANOVA: p=0.60 [FAIL] | MI: 0.0000 [FAIL]
2025-12-31 19:09:22,499 - System.tprint - WARNING - ⚠️ ❌ Gates Failed: Sample: 5912/5.56/d [OK] | Bal: 100.0% [FAIL] | Jaccard: 0.00 [WARN] | ANOVA: p=0.60 [FAIL] | MI: 0.0000 [FAIL]
2025-12-31 19:09:22,508 - src.training.steps.labeling.orthogonal_label_generation - WARNING - ⚠️ LiquidityCusumEvents requires DataFrame with High/Low
[2025-12-31 19:09:22.525] WARNING: ❌ Gates Failed: Sample: 5912/5.56/d [OK] | Bal: 100.0% [FAIL] | Jaccard: 0.00 [WARN] | ANOVA: p=0.60 [FAIL] | MI: 0.0000 [FAIL]
2025-12-31 19:09:22,525 - System.tprint - WARNING - ⚠️ ❌ Gates Failed: Sample: 5912/5.56/d [OK] | Bal: 100.0% [FAIL] | Jaccard: 0.00 [WARN] | ANOVA: p=0.60 [FAIL] | MI: 0.0000 [FAIL]
2025-12-31 19:09:22,533 - src.training.steps.labeling.orthogonal_label_generation - WARNING - ⚠️ LiquidityCusumEvents requires DataFrame with High/Low
[2025-12-31 19:09:22.551] WARNING: ❌ Gates Failed: Sample: 5912/5.56/d [OK] | Bal: 99.7% [FAIL] | Jaccard: 0.00 [WARN] | ANOVA: p=0.21 [FAIL] | MI: 0.0015 [FAIL]
2025-12-31 19:09:22,551 - System.tprint - WARNING - ⚠️ ❌ Gates Failed: Sample: 5912/5.56/d [OK] | Bal: 99.7% [FAIL] | Jaccard: 0.00 [WARN] | ANOVA: p=0.21 [FAIL] | MI: 0.0015 [FAIL]
2025-12-31 19:09:22,558 - src.training.steps.labeling.orthogonal_label_generation - WARNING - ⚠️ LiquidityCusumEvents requires DataFrame with High/Low
[2025-12-31 19:09:22.576] WARNING: ❌ Gates Failed: Sample: 5912/5.56/d [OK] | Bal: 99.7% [FAIL] | Jaccard: 0.00 [WARN] | ANOVA: p=0.21 [FAIL] | MI: 0.0015 [FAIL]
2025-12-31 19:09:22,576 - System.tprint - WARNING - ⚠️ ❌ Gates Failed: Sample: 5912/5.56/d [OK] | Bal: 99.7% [FAIL] | Jaccard: 0.00 [WARN] | ANOVA: p=0.21 [FAIL] | MI: 0.0015 [FAIL]
2025-12-31 19:09:22,584 - src.training.steps.labeling.orthogonal_label_generation - WARNING - ⚠️ LiquidityCusumEvents requires DataFrame with High/Low
[2025-12-31 19:09:22.601] WARNING: ❌ Gates Failed: Sample: 5912/5.56/d [OK] | Bal: 99.7% [FAIL] | Jaccard: 0.00 [WARN] | ANOVA: p=0.21 [FAIL] | MI: 0.0015 [FAIL]
2025-12-31 19:09:22,602 - System.tprint - WARNING - ⚠️ ❌ Gates Failed: Sample: 5912/5.56/d [OK] | Bal: 99.7% [FAIL] | Jaccard: 0.00 [WARN] | ANOVA: p=0.21 [FAIL] | MI: 0.0015 [FAIL]
2025-12-31 19:09:22,610 - src.training.steps.labeling.orthogonal_label_generation - WARNING - ⚠️ LiquidityCusumEvents requires DataFrame with High/Low
[2025-12-31 19:09:22.627] WARNING: ❌ Gates Failed: Sample: 5912/5.56/d [OK] | Bal: 100.0% [FAIL] | Jaccard: 0.00 [WARN] | ANOVA: p=0.60 [FAIL] | MI: 0.0000 [FAIL]
2025-12-31 19:09:22,628 - System.tprint - WARNING - ⚠️ ❌ Gates Failed: Sample: 5912/5.56/d [OK] | Bal: 100.0% [FAIL] | Jaccard: 0.00 [WARN] | ANOVA: p=0.60 [FAIL] | MI: 0.0000 [FAIL]
2025-12-31 19:09:22,637 - src.training.steps.labeling.orthogonal_label_generation - WARNING - ⚠️ LiquidityCusumEvents requires DataFrame with High/Low
[2025-12-31 19:09:22.654] WARNING: ❌ Gates Failed: Sample: 5912/5.56/d [OK] | Bal: 100.0% [FAIL] | Jaccard: 0.00 [WARN] | ANOVA: p=0.60 [FAIL] | MI: 0.0000 [FAIL]
2025-12-31 19:09:22,654 - System.tprint - WARNING - ⚠️ ❌ Gates Failed: Sample: 5912/5.56/d [OK] | Bal: 100.0% [FAIL] | Jaccard: 0.00 [WARN] | ANOVA: p=0.60 [FAIL] | MI: 0.0000 [FAIL]
2025-12-31 19:09:22,663 - src.training.steps.labeling.orthogonal_label_generation - WARNING - ⚠️ LiquidityCusumEvents requires DataFrame with High/Low
[2025-12-31 19:09:22.680] WARNING: ❌ Gates Failed: Sample: 5912/5.56/d [OK] | Bal: 100.0% [FAIL] | Jaccard: 0.00 [WARN] | ANOVA: p=0.60 [FAIL] | MI: 0.0000 [FAIL]
2025-12-31 19:09:22,681 - System.tprint - WARNING - ⚠️ ❌ Gates Failed: Sample: 5912/5.56/d [OK] | Bal: 100.0% [FAIL] | Jaccard: 0.00 [WARN] | ANOVA: p=0.60 [FAIL] | MI: 0.0000 [FAIL]
2025-12-31 19:09:22,688 - src.training.steps.labeling.orthogonal_label_generation - WARNING - ⚠️ LiquidityCusumEvents requires DataFrame with High/Low
[2025-12-31 19:09:22.706] WARNING: ❌ Gates Failed: Sample: 5912/5.56/d [OK] | Bal: 99.4% [FAIL] | Jaccard: 0.00 [WARN] | ANOVA: p=0.07 [OK] | MI: 0.0022 [FAIL]
2025-12-31 19:09:22,706 - System.tprint - WARNING - ⚠️ ❌ Gates Failed: Sample: 5912/5.56/d [OK] | Bal: 99.4% [FAIL] | Jaccard: 0.00 [WARN] | ANOVA: p=0.07 [OK] | MI: 0.0022 [FAIL]
2025-12-31 19:09:22,714 - src.training.steps.labeling.orthogonal_label_generation - WARNING - ⚠️ LiquidityCusumEvents requires DataFrame with High/Low
[2025-12-31 19:09:22.732] WARNING: ❌ Gates Failed: Sample: 5912/5.56/d [OK] | Bal: 99.4% [FAIL] | Jaccard: 0.00 [WARN] | ANOVA: p=0.07 [OK] | MI: 0.0022 [FAIL]
2025-12-31 19:09:22,733 - System.tprint - WARNING - ⚠️ ❌ Gates Failed: Sample: 5912/5.56/d [OK] | Bal: 99.4% [FAIL] | Jaccard: 0.00 [WARN] | ANOVA: p=0.07 [OK] | MI: 0.0022 [FAIL]
2025-12-31 19:09:22,741 - src.training.steps.labeling.orthogonal_label_generation - WARNING - ⚠️ LiquidityCusumEvents requires DataFrame with High/Low
[2025-12-31 19:09:22.759] WARNING: ❌ Gates Failed: Sample: 5912/5.56/d [OK] | Bal: 99.4% [FAIL] | Jaccard: 0.00 [WARN] | ANOVA: p=0.07 [OK] | MI: 0.0022 [FAIL]
2025-12-31 19:09:22,759 - System.tprint - WARNING - ⚠️ ❌ Gates Failed: Sample: 5912/5.56/d [OK] | Bal: 99.4% [FAIL] | Jaccard: 0.00 [WARN] | ANOVA: p=0.07 [OK] | MI: 0.0022 [FAIL]
2025-12-31 19:09:22,769 - src.training.steps.labeling.orthogonal_label_generation - WARNING - ⚠️ LiquidityCusumEvents requires DataFrame with High/Low
[2025-12-31 19:09:22.786] WARNING: ❌ Gates Failed: Sample: 5912/5.56/d [OK] | Bal: 100.0% [FAIL] | Jaccard: 0.00 [WARN] | ANOVA: p=0.60 [FAIL] | MI: 0.0000 [FAIL]
2025-12-31 19:09:22,786 - System.tprint - WARNING - ⚠️ ❌ Gates Failed: Sample: 5912/5.56/d [OK] | Bal: 100.0% [FAIL] | Jaccard: 0.00 [WARN] | ANOVA: p=0.60 [FAIL] | MI: 0.0000 [FAIL]
2025-12-31 19:09:22,796 - src.training.steps.labeling.orthogonal_label_generation - WARNING - ⚠️ LiquidityCusumEvents requires DataFrame with High/Low
[2025-12-31 19:09:22.813] WARNING: ❌ Gates Failed: Sample: 5912/5.56/d [OK] | Bal: 100.0% [FAIL] | Jaccard: 0.00 [WARN] | ANOVA: p=0.60 [FAIL] | MI: 0.0000 [FAIL]
2025-12-31 19:09:22,813 - System.tprint - WARNING - ⚠️ ❌ Gates Failed: Sample: 5912/5.56/d [OK] | Bal: 100.0% [FAIL] | Jaccard: 0.00 [WARN] | ANOVA: p=0.60 [FAIL] | MI: 0.0000 [FAIL]
2025-12-31 19:09:22,823 - src.training.steps.labeling.orthogonal_label_generation - WARNING - ⚠️ LiquidityCusumEvents requires DataFrame with High/Low
[2025-12-31 19:09:22.840] WARNING: ❌ Gates Failed: Sample: 5912/5.56/d [OK] | Bal: 100.0% [FAIL] | Jaccard: 0.00 [WARN] | ANOVA: p=0.60 [FAIL] | MI: 0.0000 [FAIL]
2025-12-31 19:09:22,840 - System.tprint - WARNING - ⚠️ ❌ Gates Failed: Sample: 5912/5.56/d [OK] | Bal: 100.0% [FAIL] | Jaccard: 0.00 [WARN] | ANOVA: p=0.60 [FAIL] | MI: 0.0000 [FAIL]
2025-12-31 19:09:22,848 - src.training.steps.labeling.orthogonal_label_generation - WARNING - ⚠️ LiquidityCusumEvents requires DataFrame with High/Low
[2025-12-31 19:09:22.866] WARNING: ❌ Gates Failed: Sample: 5912/5.56/d [OK] | Bal: 99.4% [FAIL] | Jaccard: 0.00 [WARN] | ANOVA: p=0.07 [OK] | MI: 0.0022 [FAIL]
2025-12-31 19:09:22,866 - System.tprint - WARNING - ⚠️ ❌ Gates Failed: Sample: 5912/5.56/d [OK] | Bal: 99.4% [FAIL] | Jaccard: 0.00 [WARN] | ANOVA: p=0.07 [OK] | MI: 0.0022 [FAIL]
2025-12-31 19:09:22,874 - src.training.steps.labeling.orthogonal_label_generation - WARNING - ⚠️ LiquidityCusumEvents requires DataFrame with High/Low
[2025-12-31 19:09:22.892] WARNING: ❌ Gates Failed: Sample: 5912/5.56/d [OK] | Bal: 99.4% [FAIL] | Jaccard: 0.00 [WARN] | ANOVA: p=0.07 [OK] | MI: 0.0022 [FAIL]
2025-12-31 19:09:22,892 - System.tprint - WARNING - ⚠️ ❌ Gates Failed: Sample: 5912/5.56/d [OK] | Bal: 99.4% [FAIL] | Jaccard: 0.00 [WARN] | ANOVA: p=0.07 [OK] | MI: 0.0022 [FAIL]
2025-12-31 19:09:22,900 - src.training.steps.labeling.orthogonal_label_generation - WARNING - ⚠️ LiquidityCusumEvents requires DataFrame with High/Low
[2025-12-31 19:09:22.918] WARNING: ❌ Gates Failed: Sample: 5912/5.56/d [OK] | Bal: 99.4% [FAIL] | Jaccard: 0.00 [WARN] | ANOVA: p=0.07 [OK] | MI: 0.0022 [FAIL]
2025-12-31 19:09:22,918 - System.tprint - WARNING - ⚠️ ❌ Gates Failed: Sample: 5912/5.56/d [OK] | Bal: 99.4% [FAIL] | Jaccard: 0.00 [WARN] | ANOVA: p=0.07 [OK] | MI: 0.0022 [FAIL]
2025-12-31 19:09:22,927 - src.training.steps.labeling.orthogonal_label_generation - WARNING - ⚠️ LiquidityCusumEvents requires DataFrame with High/Low
[2025-12-31 19:09:22.944] WARNING: ❌ Gates Failed: Sample: 5912/5.56/d [OK] | Bal: 100.0% [FAIL] | Jaccard: 0.00 [WARN] | ANOVA: p=0.60 [FAIL] | MI: 0.0000 [FAIL]
2025-12-31 19:09:22,944 - System.tprint - WARNING - ⚠️ ❌ Gates Failed: Sample: 5912/5.56/d [OK] | Bal: 100.0% [FAIL] | Jaccard: 0.00 [WARN] | ANOVA: p=0.60 [FAIL] | MI: 0.0000 [FAIL]
2025-12-31 19:09:22,953 - src.training.steps.labeling.orthogonal_label_generation - WARNING - ⚠️ LiquidityCusumEvents requires DataFrame with High/Low
[2025-12-31 19:09:22.970] WARNING: ❌ Gates Failed: Sample: 5912/5.56/d [OK] | Bal: 100.0% [FAIL] | Jaccard: 0.00 [WARN] | ANOVA: p=0.60 [FAIL] | MI: 0.0000 [FAIL]
2025-12-31 19:09:22,970 - System.tprint - WARNING - ⚠️ ❌ Gates Failed: Sample: 5912/5.56/d [OK] | Bal: 100.0% [FAIL] | Jaccard: 0.00 [WARN] | ANOVA: p=0.60 [FAIL] | MI: 0.0000 [FAIL]
2025-12-31 19:09:22,979 - src.training.steps.labeling.orthogonal_label_generation - WARNING - ⚠️ LiquidityCusumEvents requires DataFrame with High/Low
[2025-12-31 19:09:22.996] WARNING: ❌ Gates Failed: Sample: 5912/5.56/d [OK] | Bal: 100.0% [FAIL] | Jaccard: 0.00 [WARN] | ANOVA: p=0.60 [FAIL] | MI: 0.0000 [FAIL]
2025-12-31 19:09:22,996 - System.tprint - WARNING - ⚠️ ❌ Gates Failed: Sample: 5912/5.56/d [OK] | Bal: 100.0% [FAIL] | Jaccard: 0.00 [WARN] | ANOVA: p=0.60 [FAIL] | MI: 0.0000 [FAIL]
2025-12-31 19:09:23,004 - src.training.steps.labeling.orthogonal_label_generation - WARNING - ⚠️ LiquidityCusumEvents requires DataFrame with High/Low
[2025-12-31 19:09:23.022] WARNING: ❌ Gates Failed: Sample: 5912/5.56/d [OK] | Bal: 98.7% [FAIL] | Jaccard: 0.00 [WARN] | ANOVA: p=0.01 [OK] | MI: 0.0043 [FAIL]
2025-12-31 19:09:23,022 - System.tprint - WARNING - ⚠️ ❌ Gates Failed: Sample: 5912/5.56/d [OK] | Bal: 98.7% [FAIL] | Jaccard: 0.00 [WARN] | ANOVA: p=0.01 [OK] | MI: 0.0043 [FAIL]
2025-12-31 19:09:23,030 - src.training.steps.labeling.orthogonal_label_generation - WARNING - ⚠️ LiquidityCusumEvents requires DataFrame with High/Low
[2025-12-31 19:09:23.048] WARNING: ❌ Gates Failed: Sample: 5912/5.56/d [OK] | Bal: 98.7% [FAIL] | Jaccard: 0.00 [WARN] | ANOVA: p=0.01 [OK] | MI: 0.0043 [FAIL]
2025-12-31 19:09:23,048 - System.tprint - WARNING - ⚠️ ❌ Gates Failed: Sample: 5912/5.56/d [OK] | Bal: 98.7% [FAIL] | Jaccard: 0.00 [WARN] | ANOVA: p=0.01 [OK] | MI: 0.0043 [FAIL]
2025-12-31 19:09:23,056 - src.training.steps.labeling.orthogonal_label_generation - WARNING - ⚠️ LiquidityCusumEvents requires DataFrame with High/Low
[2025-12-31 19:09:23.074] WARNING: ❌ Gates Failed: Sample: 5912/5.56/d [OK] | Bal: 98.7% [FAIL] | Jaccard: 0.00 [WARN] | ANOVA: p=0.01 [OK] | MI: 0.0043 [FAIL]
2025-12-31 19:09:23,074 - System.tprint - WARNING - ⚠️ ❌ Gates Failed: Sample: 5912/5.56/d [OK] | Bal: 98.7% [FAIL] | Jaccard: 0.00 [WARN] | ANOVA: p=0.01 [OK] | MI: 0.0043 [FAIL]
2025-12-31 19:09:23,083 - src.training.steps.labeling.orthogonal_label_generation - WARNING - ⚠️ LiquidityCusumEvents requires DataFrame with High/Low
[2025-12-31 19:09:23.100] WARNING: ❌ Gates Failed: Sample: 5912/5.56/d [OK] | Bal: 100.0% [FAIL] | Jaccard: 0.00 [WARN] | ANOVA: p=0.60 [FAIL] | MI: 0.0000 [FAIL]
2025-12-31 19:09:23,100 - System.tprint - WARNING - ⚠️ ❌ Gates Failed: Sample: 5912/5.56/d [OK] | Bal: 100.0% [FAIL] | Jaccard: 0.00 [WARN] | ANOVA: p=0.60 [FAIL] | MI: 0.0000 [FAIL]
2025-12-31 19:09:23,109 - src.training.steps.labeling.orthogonal_label_generation - WARNING - ⚠️ LiquidityCusumEvents requires DataFrame with High/Low
[2025-12-31 19:09:23.126] WARNING: ❌ Gates Failed: Sample: 5912/5.56/d [OK] | Bal: 100.0% [FAIL] | Jaccard: 0.00 [WARN] | ANOVA: p=0.60 [FAIL] | MI: 0.0000 [FAIL]
2025-12-31 19:09:23,126 - System.tprint - WARNING - ⚠️ ❌ Gates Failed: Sample: 5912/5.56/d [OK] | Bal: 100.0% [FAIL] | Jaccard: 0.00 [WARN] | ANOVA: p=0.60 [FAIL] | MI: 0.0000 [FAIL]
2025-12-31 19:09:23,135 - src.training.steps.labeling.orthogonal_label_generation - WARNING - ⚠️ LiquidityCusumEvents requires DataFrame with High/Low
[2025-12-31 19:09:23.152] WARNING: ❌ Gates Failed: Sample: 5912/5.56/d [OK] | Bal: 100.0% [FAIL] | Jaccard: 0.00 [WARN] | ANOVA: p=0.60 [FAIL] | MI: 0.0000 [FAIL]
2025-12-31 19:09:23,152 - System.tprint - WARNING - ⚠️ ❌ Gates Failed: Sample: 5912/5.56/d [OK] | Bal: 100.0% [FAIL] | Jaccard: 0.00 [WARN] | ANOVA: p=0.60 [FAIL] | MI: 0.0000 [FAIL]
2025-12-31 19:09:23,160 - src.training.steps.labeling.orthogonal_label_generation - WARNING - ⚠️ LiquidityCusumEvents requires DataFrame with High/Low
[2025-12-31 19:09:23.177] WARNING: ❌ Gates Failed: Sample: 5912/5.56/d [OK] | Bal: 98.7% [FAIL] | Jaccard: 0.00 [WARN] | ANOVA: p=0.01 [OK] | MI: 0.0043 [FAIL]
2025-12-31 19:09:23,178 - System.tprint - WARNING - ⚠️ ❌ Gates Failed: Sample: 5912/5.56/d [OK] | Bal: 98.7% [FAIL] | Jaccard: 0.00 [WARN] | ANOVA: p=0.01 [OK] | MI: 0.0043 [FAIL]
2025-12-31 19:09:23,185 - src.training.steps.labeling.orthogonal_label_generation - WARNING - ⚠️ LiquidityCusumEvents requires DataFrame with High/Low
[2025-12-31 19:09:23.203] WARNING: ❌ Gates Failed: Sample: 5912/5.56/d [OK] | Bal: 98.7% [FAIL] | Jaccard: 0.00 [WARN] | ANOVA: p=0.01 [OK] | MI: 0.0043 [FAIL]
2025-12-31 19:09:23,203 - System.tprint - WARNING - ⚠️ ❌ Gates Failed: Sample: 5912/5.56/d [OK] | Bal: 98.7% [FAIL] | Jaccard: 0.00 [WARN] | ANOVA: p=0.01 [OK] | MI: 0.0043 [FAIL]
2025-12-31 19:09:23,211 - src.training.steps.labeling.orthogonal_label_generation - WARNING - ⚠️ LiquidityCusumEvents requires DataFrame with High/Low
[2025-12-31 19:09:23.228] WARNING: ❌ Gates Failed: Sample: 5912/5.56/d [OK] | Bal: 98.7% [FAIL] | Jaccard: 0.00 [WARN] | ANOVA: p=0.01 [OK] | MI: 0.0043 [FAIL]
2025-12-31 19:09:23,229 - System.tprint - WARNING - ⚠️ ❌ Gates Failed: Sample: 5912/5.56/d [OK] | Bal: 98.7% [FAIL] | Jaccard: 0.00 [WARN] | ANOVA: p=0.01 [OK] | MI: 0.0043 [FAIL]
2025-12-31 19:09:23,237 - src.training.steps.labeling.orthogonal_label_generation - WARNING - ⚠️ LiquidityCusumEvents requires DataFrame with High/Low
[2025-12-31 19:09:23.254] WARNING: ❌ Gates Failed: Sample: 5912/5.56/d [OK] | Bal: 100.0% [FAIL] | Jaccard: 0.00 [WARN] | ANOVA: p=0.60 [FAIL] | MI: 0.0000 [FAIL]
2025-12-31 19:09:23,254 - System.tprint - WARNING - ⚠️ ❌ Gates Failed: Sample: 5912/5.56/d [OK] | Bal: 100.0% [FAIL] | Jaccard: 0.00 [WARN] | ANOVA: p=0.60 [FAIL] | MI: 0.0000 [FAIL]
2025-12-31 19:09:23,263 - src.training.steps.labeling.orthogonal_label_generation - WARNING - ⚠️ LiquidityCusumEvents requires DataFrame with High/Low
[2025-12-31 19:09:23.283] WARNING: ❌ Gates Failed: Sample: 5912/5.56/d [OK] | Bal: 100.0% [FAIL] | Jaccard: 0.00 [WARN] | ANOVA: p=0.60 [FAIL] | MI: 0.0000 [FAIL]
2025-12-31 19:09:23,283 - System.tprint - WARNING - ⚠️ ❌ Gates Failed: Sample: 5912/5.56/d [OK] | Bal: 100.0% [FAIL] | Jaccard: 0.00 [WARN] | ANOVA: p=0.60 [FAIL] | MI: 0.0000 [FAIL]
2025-12-31 19:09:23,292 - src.training.steps.labeling.orthogonal_label_generation - WARNING - ⚠️ LiquidityCusumEvents requires DataFrame with High/Low
[2025-12-31 19:09:23.309] WARNING: ❌ Gates Failed: Sample: 5912/5.56/d [OK] | Bal: 100.0% [FAIL] | Jaccard: 0.00 [WARN] | ANOVA: p=0.60 [FAIL] | MI: 0.0000 [FAIL]
2025-12-31 19:09:23,309 - System.tprint - WARNING - ⚠️ ❌ Gates Failed: Sample: 5912/5.56/d [OK] | Bal: 100.0% [FAIL] | Jaccard: 0.00 [WARN] | ANOVA: p=0.60 [FAIL] | MI: 0.0000 [FAIL]
2025-12-31 19:09:23,317 - src.training.steps.labeling.orthogonal_label_generation - WARNING - ⚠️ LiquidityCusumEvents requires DataFrame with High/Low
[2025-12-31 19:09:23.335] WARNING: ❌ Gates Failed: Sample: 5912/5.56/d [OK] | Bal: 96.5% [FAIL] | Jaccard: 0.00 [WARN] | ANOVA: p=0.00 [OK] | MI: 0.0084 [OK]
2025-12-31 19:09:23,335 - System.tprint - WARNING - ⚠️ ❌ Gates Failed: Sample: 5912/5.56/d [OK] | Bal: 96.5% [FAIL] | Jaccard: 0.00 [WARN] | ANOVA: p=0.00 [OK] | MI: 0.0084 [OK]
2025-12-31 19:09:23,343 - src.training.steps.labeling.orthogonal_label_generation - WARNING - ⚠️ LiquidityCusumEvents requires DataFrame with High/Low
[2025-12-31 19:09:23.361] WARNING: ❌ Gates Failed: Sample: 5912/5.56/d [OK] | Bal: 96.5% [FAIL] | Jaccard: 0.00 [WARN] | ANOVA: p=0.00 [OK] | MI: 0.0084 [OK]
2025-12-31 19:09:23,361 - System.tprint - WARNING - ⚠️ ❌ Gates Failed: Sample: 5912/5.56/d [OK] | Bal: 96.5% [FAIL] | Jaccard: 0.00 [WARN] | ANOVA: p=0.00 [OK] | MI: 0.0084 [OK]
2025-12-31 19:09:23,369 - src.training.steps.labeling.orthogonal_label_generation - WARNING - ⚠️ LiquidityCusumEvents requires DataFrame with High/Low
[2025-12-31 19:09:23.387] WARNING: ❌ Gates Failed: Sample: 5912/5.56/d [OK] | Bal: 96.5% [FAIL] | Jaccard: 0.00 [WARN] | ANOVA: p=0.00 [OK] | MI: 0.0084 [OK]
2025-12-31 19:09:23,388 - System.tprint - WARNING - ⚠️ ❌ Gates Failed: Sample: 5912/5.56/d [OK] | Bal: 96.5% [FAIL] | Jaccard: 0.00 [WARN] | ANOVA: p=0.00 [OK] | MI: 0.0084 [OK]
2025-12-31 19:09:23,397 - src.training.steps.labeling.orthogonal_label_generation - WARNING - ⚠️ LiquidityCusumEvents requires DataFrame with High/Low
[2025-12-31 19:09:23.414] WARNING: ❌ Gates Failed: Sample: 5912/5.56/d [OK] | Bal: 100.0% [FAIL] | Jaccard: 0.00 [WARN] | ANOVA: p=0.60 [FAIL] | MI: 0.0000 [FAIL]
2025-12-31 19:09:23,414 - System.tprint - WARNING - ⚠️ ❌ Gates Failed: Sample: 5912/5.56/d [OK] | Bal: 100.0% [FAIL] | Jaccard: 0.00 [WARN] | ANOVA: p=0.60 [FAIL] | MI: 0.0000 [FAIL]
2025-12-31 19:09:23,423 - src.training.steps.labeling.orthogonal_label_generation - WARNING - ⚠️ LiquidityCusumEvents requires DataFrame with High/Low
[2025-12-31 19:09:23.440] WARNING: ❌ Gates Failed: Sample: 5912/5.56/d [OK] | Bal: 100.0% [FAIL] | Jaccard: 0.00 [WARN] | ANOVA: p=0.60 [FAIL] | MI: 0.0000 [FAIL]
2025-12-31 19:09:23,440 - System.tprint - WARNING - ⚠️ ❌ Gates Failed: Sample: 5912/5.56/d [OK] | Bal: 100.0% [FAIL] | Jaccard: 0.00 [WARN] | ANOVA: p=0.60 [FAIL] | MI: 0.0000 [FAIL]
2025-12-31 19:09:23,449 - src.training.steps.labeling.orthogonal_label_generation - WARNING - ⚠️ LiquidityCusumEvents requires DataFrame with High/Low
[2025-12-31 19:09:23.466] WARNING: ❌ Gates Failed: Sample: 5912/5.56/d [OK] | Bal: 100.0% [FAIL] | Jaccard: 0.00 [WARN] | ANOVA: p=0.60 [FAIL] | MI: 0.0000 [FAIL]
2025-12-31 19:09:23,466 - System.tprint - WARNING - ⚠️ ❌ Gates Failed: Sample: 5912/5.56/d [OK] | Bal: 100.0% [FAIL] | Jaccard: 0.00 [WARN] | ANOVA: p=0.60 [FAIL] | MI: 0.0000 [FAIL]
2025-12-31 19:09:23,473 - src.training.steps.labeling.orthogonal_label_generation - WARNING - ⚠️ LiquidityCusumEvents requires DataFrame with High/Low
[2025-12-31 19:09:23.491] WARNING: ❌ Gates Failed: Sample: 5912/5.56/d [OK] | Bal: 96.5% [FAIL] | Jaccard: 0.00 [WARN] | ANOVA: p=0.00 [OK] | MI: 0.0084 [OK]
2025-12-31 19:09:23,491 - System.tprint - WARNING - ⚠️ ❌ Gates Failed: Sample: 5912/5.56/d [OK] | Bal: 96.5% [FAIL] | Jaccard: 0.00 [WARN] | ANOVA: p=0.00 [OK] | MI: 0.0084 [OK]
2025-12-31 19:09:23,499 - src.training.steps.labeling.orthogonal_label_generation - WARNING - ⚠️ LiquidityCusumEvents requires DataFrame with High/Low
[2025-12-31 19:09:23.517] WARNING: ❌ Gates Failed: Sample: 5912/5.56/d [OK] | Bal: 96.5% [FAIL] | Jaccard: 0.00 [WARN] | ANOVA: p=0.00 [OK] | MI: 0.0084 [OK]
2025-12-31 19:09:23,517 - System.tprint - WARNING - ⚠️ ❌ Gates Failed: Sample: 5912/5.56/d [OK] | Bal: 96.5% [FAIL] | Jaccard: 0.00 [WARN] | ANOVA: p=0.00 [OK] | MI: 0.0084 [OK]
2025-12-31 19:09:23,524 - src.training.steps.labeling.orthogonal_label_generation - WARNING - ⚠️ LiquidityCusumEvents requires DataFrame with High/Low
[2025-12-31 19:09:23.543] WARNING: ❌ Gates Failed: Sample: 5912/5.56/d [OK] | Bal: 96.5% [FAIL] | Jaccard: 0.00 [WARN] | ANOVA: p=0.00 [OK] | MI: 0.0084 [OK]
2025-12-31 19:09:23,543 - System.tprint - WARNING - ⚠️ ❌ Gates Failed: Sample: 5912/5.56/d [OK] | Bal: 96.5% [FAIL] | Jaccard: 0.00 [WARN] | ANOVA: p=0.00 [OK] | MI: 0.0084 [OK]
2025-12-31 19:09:23,552 - src.training.steps.labeling.orthogonal_label_generation - WARNING - ⚠️ LiquidityCusumEvents requires DataFrame with High/Low
[2025-12-31 19:09:23.569] WARNING: ❌ Gates Failed: Sample: 5912/5.56/d [OK] | Bal: 100.0% [FAIL] | Jaccard: 0.00 [WARN] | ANOVA: p=0.60 [FAIL] | MI: 0.0000 [FAIL]
2025-12-31 19:09:23,569 - System.tprint - WARNING - ⚠️ ❌ Gates Failed: Sample: 5912/5.56/d [OK] | Bal: 100.0% [FAIL] | Jaccard: 0.00 [WARN] | ANOVA: p=0.60 [FAIL] | MI: 0.0000 [FAIL]
2025-12-31 19:09:23,578 - src.training.steps.labeling.orthogonal_label_generation - WARNING - ⚠️ LiquidityCusumEvents requires DataFrame with High/Low
[2025-12-31 19:09:23.595] WARNING: ❌ Gates Failed: Sample: 5912/5.56/d [OK] | Bal: 100.0% [FAIL] | Jaccard: 0.00 [WARN] | ANOVA: p=0.60 [FAIL] | MI: 0.0000 [FAIL]
2025-12-31 19:09:23,595 - System.tprint - WARNING - ⚠️ ❌ Gates Failed: Sample: 5912/5.56/d [OK] | Bal: 100.0% [FAIL] | Jaccard: 0.00 [WARN] | ANOVA: p=0.60 [FAIL] | MI: 0.0000 [FAIL]
2025-12-31 19:09:23,604 - src.training.steps.labeling.orthogonal_label_generation - WARNING - ⚠️ LiquidityCusumEvents requires DataFrame with High/Low
[2025-12-31 19:09:23.621] WARNING: ❌ Gates Failed: Sample: 5912/5.56/d [OK] | Bal: 100.0% [FAIL] | Jaccard: 0.00 [WARN] | ANOVA: p=0.60 [FAIL] | MI: 0.0000 [FAIL]
2025-12-31 19:09:23,621 - System.tprint - WARNING - ⚠️ ❌ Gates Failed: Sample: 5912/5.56/d [OK] | Bal: 100.0% [FAIL] | Jaccard: 0.00 [WARN] | ANOVA: p=0.60 [FAIL] | MI: 0.0000 [FAIL]
[2025-12-31 19:09:23.730] WARNING: ❌ Gates Failed: Sample: 7/0.01/d [FAIL] | Bal: 14.3% [OK] | Jaccard: ERR [WARN] | ANOVA: p=0.21 [FAIL] | MI: 0.0000 [FAIL]
2025-12-31 19:09:23,731 - System.tprint - WARNING - ⚠️ ❌ Gates Failed: Sample: 7/0.01/d [FAIL] | Bal: 14.3% [OK] | Jaccard: ERR [WARN] | ANOVA: p=0.21 [FAIL] | MI: 0.0000 [FAIL]
[2025-12-31 19:09:23.757] WARNING: ❌ Gates Failed: Sample: 7/0.01/d [FAIL] | Bal: 14.3% [OK] | Jaccard: ERR [WARN] | ANOVA: p=0.21 [FAIL] | MI: 0.0000 [FAIL]
2025-12-31 19:09:23,758 - System.tprint - WARNING - ⚠️ ❌ Gates Failed: Sample: 7/0.01/d [FAIL] | Bal: 14.3% [OK] | Jaccard: ERR [WARN] | ANOVA: p=0.21 [FAIL] | MI: 0.0000 [FAIL]
[2025-12-31 19:09:23.791] WARNING: ❌ Gates Failed: Sample: 7/0.01/d [FAIL] | Bal: 14.3% [OK] | Jaccard: ERR [WARN] | ANOVA: p=0.21 [FAIL] | MI: 0.0000 [FAIL]
2025-12-31 19:09:23,792 - System.tprint - WARNING - ⚠️ ❌ Gates Failed: Sample: 7/0.01/d [FAIL] | Bal: 14.3% [OK] | Jaccard: ERR [WARN] | ANOVA: p=0.21 [FAIL] | MI: 0.0000 [FAIL]
[2025-12-31 19:09:23.814] WARNING: ❌ Gates Failed: Sample: 7/0.01/d [FAIL] | Bal: 0.0% [FAIL] | Jaccard: ERR [WARN] | ANOVA: N/A [WARN] | MI: 0.0000 [FAIL]
2025-12-31 19:09:23,814 - System.tprint - WARNING - ⚠️ ❌ Gates Failed: Sample: 7/0.01/d [FAIL] | Bal: 0.0% [FAIL] | Jaccard: ERR [WARN] | ANOVA: N/A [WARN] | MI: 0.0000 [FAIL]
[2025-12-31 19:09:23.837] WARNING: ❌ Gates Failed: Sample: 7/0.01/d [FAIL] | Bal: 0.0% [FAIL] | Jaccard: ERR [WARN] | ANOVA: N/A [WARN] | MI: 0.0000 [FAIL]
2025-12-31 19:09:23,837 - System.tprint - WARNING - ⚠️ ❌ Gates Failed: Sample: 7/0.01/d [FAIL] | Bal: 0.0% [FAIL] | Jaccard: ERR [WARN] | ANOVA: N/A [WARN] | MI: 0.0000 [FAIL]
[2025-12-31 19:09:23.856] WARNING: ❌ Gates Failed: Sample: 7/0.01/d [FAIL] | Bal: 0.0% [FAIL] | Jaccard: ERR [WARN] | ANOVA: N/A [WARN] | MI: 0.0000 [FAIL]
2025-12-31 19:09:23,856 - System.tprint - WARNING - ⚠️ ❌ Gates Failed: Sample: 7/0.01/d [FAIL] | Bal: 0.0% [FAIL] | Jaccard: ERR [WARN] | ANOVA: N/A [WARN] | MI: 0.0000 [FAIL]
[2025-12-31 19:09:23.875] WARNING: ❌ Gates Failed: Sample: 7/0.01/d [FAIL] | Bal: 14.3% [OK] | Jaccard: ERR [WARN] | ANOVA: p=0.21 [FAIL] | MI: 0.0000 [FAIL]
2025-12-31 19:09:23,875 - System.tprint - WARNING - ⚠️ ❌ Gates Failed: Sample: 7/0.01/d [FAIL] | Bal: 14.3% [OK] | Jaccard: ERR [WARN] | ANOVA: p=0.21 [FAIL] | MI: 0.0000 [FAIL]
[2025-12-31 19:09:23.894] WARNING: ❌ Gates Failed: Sample: 7/0.01/d [FAIL] | Bal: 14.3% [OK] | Jaccard: ERR [WARN] | ANOVA: p=0.21 [FAIL] | MI: 0.0000 [FAIL]
2025-12-31 19:09:23,894 - System.tprint - WARNING - ⚠️ ❌ Gates Failed: Sample: 7/0.01/d [FAIL] | Bal: 14.3% [OK] | Jaccard: ERR [WARN] | ANOVA: p=0.21 [FAIL] | MI: 0.0000 [FAIL]
[2025-12-31 19:09:23.919] WARNING: ❌ Gates Failed: Sample: 7/0.01/d [FAIL] | Bal: 14.3% [OK] | Jaccard: ERR [WARN] | ANOVA: p=0.21 [FAIL] | MI: 0.0000 [FAIL]
2025-12-31 19:09:23,919 - System.tprint - WARNING - ⚠️ ❌ Gates Failed: Sample: 7/0.01/d [FAIL] | Bal: 14.3% [OK] | Jaccard: ERR [WARN] | ANOVA: p=0.21 [FAIL] | MI: 0.0000 [FAIL]
[2025-12-31 19:09:23.941] WARNING: ❌ Gates Failed: Sample: 7/0.01/d [FAIL] | Bal: 0.0% [FAIL] | Jaccard: ERR [WARN] | ANOVA: N/A [WARN] | MI: 0.0000 [FAIL]
2025-12-31 19:09:23,941 - System.tprint - WARNING - ⚠️ ❌ Gates Failed: Sample: 7/0.01/d [FAIL] | Bal: 0.0% [FAIL] | Jaccard: ERR [WARN] | ANOVA: N/A [WARN] | MI: 0.0000 [FAIL]
[2025-12-31 19:09:23.961] WARNING: ❌ Gates Failed: Sample: 7/0.01/d [FAIL] | Bal: 0.0% [FAIL] | Jaccard: ERR [WARN] | ANOVA: N/A [WARN] | MI: 0.0000 [FAIL]
2025-12-31 19:09:23,962 - System.tprint - WARNING - ⚠️ ❌ Gates Failed: Sample: 7/0.01/d [FAIL] | Bal: 0.0% [FAIL] | Jaccard: ERR [WARN] | ANOVA: N/A [WARN] | MI: 0.0000 [FAIL]
[2025-12-31 19:09:23.983] WARNING: ❌ Gates Failed: Sample: 7/0.01/d [FAIL] | Bal: 0.0% [FAIL] | Jaccard: ERR [WARN] | ANOVA: N/A [WARN] | MI: 0.0000 [FAIL]
2025-12-31 19:09:23,984 - System.tprint - WARNING - ⚠️ ❌ Gates Failed: Sample: 7/0.01/d [FAIL] | Bal: 0.0% [FAIL] | Jaccard: ERR [WARN] | ANOVA: N/A [WARN] | MI: 0.0000 [FAIL]
[2025-12-31 19:09:23.997] WARNING: ❌ Gates Failed: Sample: 7/0.01/d [FAIL] | Bal: 14.3% [OK] | Jaccard: ERR [WARN] | ANOVA: p=0.21 [FAIL] | MI: 0.0000 [FAIL]
2025-12-31 19:09:23,998 - System.tprint - WARNING - ⚠️ ❌ Gates Failed: Sample: 7/0.01/d [FAIL] | Bal: 14.3% [OK] | Jaccard: ERR [WARN] | ANOVA: p=0.21 [FAIL] | MI: 0.0000 [FAIL]
[2025-12-31 19:09:24.010] WARNING: ❌ Gates Failed: Sample: 7/0.01/d [FAIL] | Bal: 14.3% [OK] | Jaccard: ERR [WARN] | ANOVA: p=0.21 [FAIL] | MI: 0.0000 [FAIL]
2025-12-31 19:09:24,010 - System.tprint - WARNING - ⚠️ ❌ Gates Failed: Sample: 7/0.01/d [FAIL] | Bal: 14.3% [OK] | Jaccard: ERR [WARN] | ANOVA: p=0.21 [FAIL] | MI: 0.0000 [FAIL]
[2025-12-31 19:09:24.024] WARNING: ❌ Gates Failed: Sample: 7/0.01/d [FAIL] | Bal: 14.3% [OK] | Jaccard: ERR [WARN] | ANOVA: p=0.21 [FAIL] | MI: 0.0000 [FAIL]
2025-12-31 19:09:24,024 - System.tprint - WARNING - ⚠️ ❌ Gates Failed: Sample: 7/0.01/d [FAIL] | Bal: 14.3% [OK] | Jaccard: ERR [WARN] | ANOVA: p=0.21 [FAIL] | MI: 0.0000 [FAIL]
[2025-12-31 19:09:24.037] WARNING: ❌ Gates Failed: Sample: 7/0.01/d [FAIL] | Bal: 0.0% [FAIL] | Jaccard: ERR [WARN] | ANOVA: N/A [WARN] | MI: 0.0000 [FAIL]
2025-12-31 19:09:24,037 - System.tprint - WARNING - ⚠️ ❌ Gates Failed: Sample: 7/0.01/d [FAIL] | Bal: 0.0% [FAIL] | Jaccard: ERR [WARN] | ANOVA: N/A [WARN] | MI: 0.0000 [FAIL]
[2025-12-31 19:09:24.050] WARNING: ❌ Gates Failed: Sample: 7/0.01/d [FAIL] | Bal: 0.0% [FAIL] | Jaccard: ERR [WARN] | ANOVA: N/A [WARN] | MI: 0.0000 [FAIL]
2025-12-31 19:09:24,050 - System.tprint - WARNING - ⚠️ ❌ Gates Failed: Sample: 7/0.01/d [FAIL] | Bal: 0.0% [FAIL] | Jaccard: ERR [WARN] | ANOVA: N/A [WARN] | MI: 0.0000 [FAIL]
[2025-12-31 19:09:24.063] WARNING: ❌ Gates Failed: Sample: 7/0.01/d [FAIL] | Bal: 0.0% [FAIL] | Jaccard: ERR [WARN] | ANOVA: N/A [WARN] | MI: 0.0000 [FAIL]
2025-12-31 19:09:24,063 - System.tprint - WARNING - ⚠️ ❌ Gates Failed: Sample: 7/0.01/d [FAIL] | Bal: 0.0% [FAIL] | Jaccard: ERR [WARN] | ANOVA: N/A [WARN] | MI: 0.0000 [FAIL]
[2025-12-31 19:09:24.076] WARNING: ❌ Gates Failed: Sample: 7/0.01/d [FAIL] | Bal: 14.3% [OK] | Jaccard: ERR [WARN] | ANOVA: p=0.21 [FAIL] | MI: 0.0000 [FAIL]
2025-12-31 19:09:24,076 - System.tprint - WARNING - ⚠️ ❌ Gates Failed: Sample: 7/0.01/d [FAIL] | Bal: 14.3% [OK] | Jaccard: ERR [WARN] | ANOVA: p=0.21 [FAIL] | MI: 0.0000 [FAIL]
[2025-12-31 19:09:24.089] WARNING: ❌ Gates Failed: Sample: 7/0.01/d [FAIL] | Bal: 14.3% [OK] | Jaccard: ERR [WARN] | ANOVA: p=0.21 [FAIL] | MI: 0.0000 [FAIL]
2025-12-31 19:09:24,089 - System.tprint - WARNING - ⚠️ ❌ Gates Failed: Sample: 7/0.01/d [FAIL] | Bal: 14.3% [OK] | Jaccard: ERR [WARN] | ANOVA: p=0.21 [FAIL] | MI: 0.0000 [FAIL]
[2025-12-31 19:09:24.102] WARNING: ❌ Gates Failed: Sample: 7/0.01/d [FAIL] | Bal: 14.3% [OK] | Jaccard: ERR [WARN] | ANOVA: p=0.21 [FAIL] | MI: 0.0000 [FAIL]
2025-12-31 19:09:24,102 - System.tprint - WARNING - ⚠️ ❌ Gates Failed: Sample: 7/0.01/d [FAIL] | Bal: 14.3% [OK] | Jaccard: ERR [WARN] | ANOVA: p=0.21 [FAIL] | MI: 0.0000 [FAIL]
[2025-12-31 19:09:24.115] WARNING: ❌ Gates Failed: Sample: 7/0.01/d [FAIL] | Bal: 0.0% [FAIL] | Jaccard: ERR [WARN] | ANOVA: N/A [WARN] | MI: 0.0000 [FAIL]
2025-12-31 19:09:24,115 - System.tprint - WARNING - ⚠️ ❌ Gates Failed: Sample: 7/0.01/d [FAIL] | Bal: 0.0% [FAIL] | Jaccard: ERR [WARN] | ANOVA: N/A [WARN] | MI: 0.0000 [FAIL]
[2025-12-31 19:09:24.130] WARNING: ❌ Gates Failed: Sample: 7/0.01/d [FAIL] | Bal: 0.0% [FAIL] | Jaccard: ERR [WARN] | ANOVA: N/A [WARN] | MI: 0.0000 [FAIL]
2025-12-31 19:09:24,130 - System.tprint - WARNING - ⚠️ ❌ Gates Failed: Sample: 7/0.01/d [FAIL] | Bal: 0.0% [FAIL] | Jaccard: ERR [WARN] | ANOVA: N/A [WARN] | MI: 0.0000 [FAIL]
[2025-12-31 19:09:24.142] WARNING: ❌ Gates Failed: Sample: 7/0.01/d [FAIL] | Bal: 0.0% [FAIL] | Jaccard: ERR [WARN] | ANOVA: N/A [WARN] | MI: 0.0000 [FAIL]
2025-12-31 19:09:24,142 - System.tprint - WARNING - ⚠️ ❌ Gates Failed: Sample: 7/0.01/d [FAIL] | Bal: 0.0% [FAIL] | Jaccard: ERR [WARN] | ANOVA: N/A [WARN] | MI: 0.0000 [FAIL]
[2025-12-31 19:09:24.155] WARNING: ❌ Gates Failed: Sample: 7/0.01/d [FAIL] | Bal: 14.3% [OK] | Jaccard: ERR [WARN] | ANOVA: p=0.21 [FAIL] | MI: 0.0000 [FAIL]
2025-12-31 19:09:24,155 - System.tprint - WARNING - ⚠️ ❌ Gates Failed: Sample: 7/0.01/d [FAIL] | Bal: 14.3% [OK] | Jaccard: ERR [WARN] | ANOVA: p=0.21 [FAIL] | MI: 0.0000 [FAIL]
[2025-12-31 19:09:24.168] WARNING: ❌ Gates Failed: Sample: 7/0.01/d [FAIL] | Bal: 14.3% [OK] | Jaccard: ERR [WARN] | ANOVA: p=0.21 [FAIL] | MI: 0.0000 [FAIL]
2025-12-31 19:09:24,168 - System.tprint - WARNING - ⚠️ ❌ Gates Failed: Sample: 7/0.01/d [FAIL] | Bal: 14.3% [OK] | Jaccard: ERR [WARN] | ANOVA: p=0.21 [FAIL] | MI: 0.0000 [FAIL]
[2025-12-31 19:09:24.181] WARNING: ❌ Gates Failed: Sample: 7/0.01/d [FAIL] | Bal: 14.3% [OK] | Jaccard: ERR [WARN] | ANOVA: p=0.21 [FAIL] | MI: 0.0000 [FAIL]
2025-12-31 19:09:24,181 - System.tprint - WARNING - ⚠️ ❌ Gates Failed: Sample: 7/0.01/d [FAIL] | Bal: 14.3% [OK] | Jaccard: ERR [WARN] | ANOVA: p=0.21 [FAIL] | MI: 0.0000 [FAIL]
[2025-12-31 19:09:24.195] WARNING: ❌ Gates Failed: Sample: 7/0.01/d [FAIL] | Bal: 0.0% [FAIL] | Jaccard: ERR [WARN] | ANOVA: N/A [WARN] | MI: 0.0000 [FAIL]
2025-12-31 19:09:24,195 - System.tprint - WARNING - ⚠️ ❌ Gates Failed: Sample: 7/0.01/d [FAIL] | Bal: 0.0% [FAIL] | Jaccard: ERR [WARN] | ANOVA: N/A [WARN] | MI: 0.0000 [FAIL]
[2025-12-31 19:09:24.207] WARNING: ❌ Gates Failed: Sample: 7/0.01/d [FAIL] | Bal: 0.0% [FAIL] | Jaccard: ERR [WARN] | ANOVA: N/A [WARN] | MI: 0.0000 [FAIL]
2025-12-31 19:09:24,207 - System.tprint - WARNING - ⚠️ ❌ Gates Failed: Sample: 7/0.01/d [FAIL] | Bal: 0.0% [FAIL] | Jaccard: ERR [WARN] | ANOVA: N/A [WARN] | MI: 0.0000 [FAIL]
[2025-12-31 19:09:24.220] WARNING: ❌ Gates Failed: Sample: 7/0.01/d [FAIL] | Bal: 0.0% [FAIL] | Jaccard: ERR [WARN] | ANOVA: N/A [WARN] | MI: 0.0000 [FAIL]
2025-12-31 19:09:24,220 - System.tprint - WARNING - ⚠️ ❌ Gates Failed: Sample: 7/0.01/d [FAIL] | Bal: 0.0% [FAIL] | Jaccard: ERR [WARN] | ANOVA: N/A [WARN] | MI: 0.0000 [FAIL]
[2025-12-31 19:09:24.232] WARNING: ❌ Gates Failed: Sample: 7/0.01/d [FAIL] | Bal: 14.3% [OK] | Jaccard: ERR [WARN] | ANOVA: p=0.21 [FAIL] | MI: 0.0000 [FAIL]
2025-12-31 19:09:24,233 - System.tprint - WARNING - ⚠️ ❌ Gates Failed: Sample: 7/0.01/d [FAIL] | Bal: 14.3% [OK] | Jaccard: ERR [WARN] | ANOVA: p=0.21 [FAIL] | MI: 0.0000 [FAIL]
[2025-12-31 19:09:24.246] WARNING: ❌ Gates Failed: Sample: 7/0.01/d [FAIL] | Bal: 14.3% [OK] | Jaccard: ERR [WARN] | ANOVA: p=0.21 [FAIL] | MI: 0.0000 [FAIL]
2025-12-31 19:09:24,246 - System.tprint - WARNING - ⚠️ ❌ Gates Failed: Sample: 7/0.01/d [FAIL] | Bal: 14.3% [OK] | Jaccard: ERR [WARN] | ANOVA: p=0.21 [FAIL] | MI: 0.0000 [FAIL]
[2025-12-31 19:09:24.258] WARNING: ❌ Gates Failed: Sample: 7/0.01/d [FAIL] | Bal: 14.3% [OK] | Jaccard: ERR [WARN] | ANOVA: p=0.21 [FAIL] | MI: 0.0000 [FAIL]
2025-12-31 19:09:24,259 - System.tprint - WARNING - ⚠️ ❌ Gates Failed: Sample: 7/0.01/d [FAIL] | Bal: 14.3% [OK] | Jaccard: ERR [WARN] | ANOVA: p=0.21 [FAIL] | MI: 0.0000 [FAIL]
[2025-12-31 19:09:24.273] WARNING: ❌ Gates Failed: Sample: 7/0.01/d [FAIL] | Bal: 0.0% [FAIL] | Jaccard: ERR [WARN] | ANOVA: N/A [WARN] | MI: 0.0000 [FAIL]
2025-12-31 19:09:24,273 - System.tprint - WARNING - ⚠️ ❌ Gates Failed: Sample: 7/0.01/d [FAIL] | Bal: 0.0% [FAIL] | Jaccard: ERR [WARN] | ANOVA: N/A [WARN] | MI: 0.0000 [FAIL]
[2025-12-31 19:09:24.285] WARNING: ❌ Gates Failed: Sample: 7/0.01/d [FAIL] | Bal: 0.0% [FAIL] | Jaccard: ERR [WARN] | ANOVA: N/A [WARN] | MI: 0.0000 [FAIL]
2025-12-31 19:09:24,286 - System.tprint - WARNING - ⚠️ ❌ Gates Failed: Sample: 7/0.01/d [FAIL] | Bal: 0.0% [FAIL] | Jaccard: ERR [WARN] | ANOVA: N/A [WARN] | MI: 0.0000 [FAIL]
[2025-12-31 19:09:24.297] WARNING: ❌ Gates Failed: Sample: 7/0.01/d [FAIL] | Bal: 0.0% [FAIL] | Jaccard: ERR [WARN] | ANOVA: N/A [WARN] | MI: 0.0000 [FAIL]
2025-12-31 19:09:24,297 - System.tprint - WARNING - ⚠️ ❌ Gates Failed: Sample: 7/0.01/d [FAIL] | Bal: 0.0% [FAIL] | Jaccard: ERR [WARN] | ANOVA: N/A [WARN] | MI: 0.0000 [FAIL]
[2025-12-31 19:09:24.310] WARNING: ❌ Gates Failed: Sample: 7/0.01/d [FAIL] | Bal: 14.3% [OK] | Jaccard: ERR [WARN] | ANOVA: p=0.21 [FAIL] | MI: 0.0000 [FAIL]
2025-12-31 19:09:24,310 - System.tprint - WARNING - ⚠️ ❌ Gates Failed: Sample: 7/0.01/d [FAIL] | Bal: 14.3% [OK] | Jaccard: ERR [WARN] | ANOVA: p=0.21 [FAIL] | MI: 0.0000 [FAIL]
[2025-12-31 19:09:24.323] WARNING: ❌ Gates Failed: Sample: 7/0.01/d [FAIL] | Bal: 14.3% [OK] | Jaccard: ERR [WARN] | ANOVA: p=0.21 [FAIL] | MI: 0.0000 [FAIL]
2025-12-31 19:09:24,323 - System.tprint - WARNING - ⚠️ ❌ Gates Failed: Sample: 7/0.01/d [FAIL] | Bal: 14.3% [OK] | Jaccard: ERR [WARN] | ANOVA: p=0.21 [FAIL] | MI: 0.0000 [FAIL]
[2025-12-31 19:09:24.335] WARNING: ❌ Gates Failed: Sample: 7/0.01/d [FAIL] | Bal: 14.3% [OK] | Jaccard: ERR [WARN] | ANOVA: p=0.21 [FAIL] | MI: 0.0000 [FAIL]
2025-12-31 19:09:24,335 - System.tprint - WARNING - ⚠️ ❌ Gates Failed: Sample: 7/0.01/d [FAIL] | Bal: 14.3% [OK] | Jaccard: ERR [WARN] | ANOVA: p=0.21 [FAIL] | MI: 0.0000 [FAIL]
[2025-12-31 19:09:24.347] WARNING: ❌ Gates Failed: Sample: 7/0.01/d [FAIL] | Bal: 0.0% [FAIL] | Jaccard: ERR [WARN] | ANOVA: N/A [WARN] | MI: 0.0000 [FAIL]
2025-12-31 19:09:24,347 - System.tprint - WARNING - ⚠️ ❌ Gates Failed: Sample: 7/0.01/d [FAIL] | Bal: 0.0% [FAIL] | Jaccard: ERR [WARN] | ANOVA: N/A [WARN] | MI: 0.0000 [FAIL]
[2025-12-31 19:09:24.359] WARNING: ❌ Gates Failed: Sample: 7/0.01/d [FAIL] | Bal: 0.0% [FAIL] | Jaccard: ERR [WARN] | ANOVA: N/A [WARN] | MI: 0.0000 [FAIL]
2025-12-31 19:09:24,359 - System.tprint - WARNING - ⚠️ ❌ Gates Failed: Sample: 7/0.01/d [FAIL] | Bal: 0.0% [FAIL] | Jaccard: ERR [WARN] | ANOVA: N/A [WARN] | MI: 0.0000 [FAIL]
[2025-12-31 19:09:24.373] WARNING: ❌ Gates Failed: Sample: 7/0.01/d [FAIL] | Bal: 0.0% [FAIL] | Jaccard: ERR [WARN] | ANOVA: N/A [WARN] | MI: 0.0000 [FAIL]
2025-12-31 19:09:24,373 - System.tprint - WARNING - ⚠️ ❌ Gates Failed: Sample: 7/0.01/d [FAIL] | Bal: 0.0% [FAIL] | Jaccard: ERR [WARN] | ANOVA: N/A [WARN] | MI: 0.0000 [FAIL]
[2025-12-31 19:09:24.385] WARNING: ❌ Gates Failed: Sample: 7/0.01/d [FAIL] | Bal: 14.3% [OK] | Jaccard: ERR [WARN] | ANOVA: p=0.21 [FAIL] | MI: 0.0000 [FAIL]
2025-12-31 19:09:24,386 - System.tprint - WARNING - ⚠️ ❌ Gates Failed: Sample: 7/0.01/d [FAIL] | Bal: 14.3% [OK] | Jaccard: ERR [WARN] | ANOVA: p=0.21 [FAIL] | MI: 0.0000 [FAIL]
[2025-12-31 19:09:24.398] WARNING: ❌ Gates Failed: Sample: 7/0.01/d [FAIL] | Bal: 14.3% [OK] | Jaccard: ERR [WARN] | ANOVA: p=0.21 [FAIL] | MI: 0.0000 [FAIL]
2025-12-31 19:09:24,398 - System.tprint - WARNING - ⚠️ ❌ Gates Failed: Sample: 7/0.01/d [FAIL] | Bal: 14.3% [OK] | Jaccard: ERR [WARN] | ANOVA: p=0.21 [FAIL] | MI: 0.0000 [FAIL]
[2025-12-31 19:09:24.411] WARNING: ❌ Gates Failed: Sample: 7/0.01/d [FAIL] | Bal: 14.3% [OK] | Jaccard: ERR [WARN] | ANOVA: p=0.21 [FAIL] | MI: 0.0000 [FAIL]
2025-12-31 19:09:24,411 - System.tprint - WARNING - ⚠️ ❌ Gates Failed: Sample: 7/0.01/d [FAIL] | Bal: 14.3% [OK] | Jaccard: ERR [WARN] | ANOVA: p=0.21 [FAIL] | MI: 0.0000 [FAIL]
[2025-12-31 19:09:24.423] WARNING: ❌ Gates Failed: Sample: 7/0.01/d [FAIL] | Bal: 0.0% [FAIL] | Jaccard: ERR [WARN] | ANOVA: N/A [WARN] | MI: 0.0000 [FAIL]
2025-12-31 19:09:24,423 - System.tprint - WARNING - ⚠️ ❌ Gates Failed: Sample: 7/0.01/d [FAIL] | Bal: 0.0% [FAIL] | Jaccard: ERR [WARN] | ANOVA: N/A [WARN] | MI: 0.0000 [FAIL]
[2025-12-31 19:09:24.435] WARNING: ❌ Gates Failed: Sample: 7/0.01/d [FAIL] | Bal: 0.0% [FAIL] | Jaccard: ERR [WARN] | ANOVA: N/A [WARN] | MI: 0.0000 [FAIL]
2025-12-31 19:09:24,436 - System.tprint - WARNING - ⚠️ ❌ Gates Failed: Sample: 7/0.01/d [FAIL] | Bal: 0.0% [FAIL] | Jaccard: ERR [WARN] | ANOVA: N/A [WARN] | MI: 0.0000 [FAIL]
[2025-12-31 19:09:24.449] WARNING: ❌ Gates Failed: Sample: 7/0.01/d [FAIL] | Bal: 0.0% [FAIL] | Jaccard: ERR [WARN] | ANOVA: N/A [WARN] | MI: 0.0000 [FAIL]
2025-12-31 19:09:24,449 - System.tprint - WARNING - ⚠️ ❌ Gates Failed: Sample: 7/0.01/d [FAIL] | Bal: 0.0% [FAIL] | Jaccard: ERR [WARN] | ANOVA: N/A [WARN] | MI: 0.0000 [FAIL]
[2025-12-31 19:09:24.462] WARNING: ❌ Gates Failed: Sample: 7/0.01/d [FAIL] | Bal: 14.3% [OK] | Jaccard: ERR [WARN] | ANOVA: p=0.21 [FAIL] | MI: 0.0000 [FAIL]
2025-12-31 19:09:24,462 - System.tprint - WARNING - ⚠️ ❌ Gates Failed: Sample: 7/0.01/d [FAIL] | Bal: 14.3% [OK] | Jaccard: ERR [WARN] | ANOVA: p=0.21 [FAIL] | MI: 0.0000 [FAIL]
[2025-12-31 19:09:24.475] WARNING: ❌ Gates Failed: Sample: 7/0.01/d [FAIL] | Bal: 14.3% [OK] | Jaccard: ERR [WARN] | ANOVA: p=0.21 [FAIL] | MI: 0.0000 [FAIL]
2025-12-31 19:09:24,475 - System.tprint - WARNING - ⚠️ ❌ Gates Failed: Sample: 7/0.01/d [FAIL] | Bal: 14.3% [OK] | Jaccard: ERR [WARN] | ANOVA: p=0.21 [FAIL] | MI: 0.0000 [FAIL]
[2025-12-31 19:09:24.488] WARNING: ❌ Gates Failed: Sample: 7/0.01/d [FAIL] | Bal: 14.3% [OK] | Jaccard: ERR [WARN] | ANOVA: p=0.21 [FAIL] | MI: 0.0000 [FAIL]
2025-12-31 19:09:24,488 - System.tprint - WARNING - ⚠️ ❌ Gates Failed: Sample: 7/0.01/d [FAIL] | Bal: 14.3% [OK] | Jaccard: ERR [WARN] | ANOVA: p=0.21 [FAIL] | MI: 0.0000 [FAIL]
[2025-12-31 19:09:24.500] WARNING: ❌ Gates Failed: Sample: 7/0.01/d [FAIL] | Bal: 0.0% [FAIL] | Jaccard: ERR [WARN] | ANOVA: N/A [WARN] | MI: 0.0000 [FAIL]
2025-12-31 19:09:24,500 - System.tprint - WARNING - ⚠️ ❌ Gates Failed: Sample: 7/0.01/d [FAIL] | Bal: 0.0% [FAIL] | Jaccard: ERR [WARN] | ANOVA: N/A [WARN] | MI: 0.0000 [FAIL]
[2025-12-31 19:09:24.514] WARNING: ❌ Gates Failed: Sample: 7/0.01/d [FAIL] | Bal: 0.0% [FAIL] | Jaccard: ERR [WARN] | ANOVA: N/A [WARN] | MI: 0.0000 [FAIL]
2025-12-31 19:09:24,514 - System.tprint - WARNING - ⚠️ ❌ Gates Failed: Sample: 7/0.01/d [FAIL] | Bal: 0.0% [FAIL] | Jaccard: ERR [WARN] | ANOVA: N/A [WARN] | MI: 0.0000 [FAIL]
[2025-12-31 19:09:24.527] WARNING: ❌ Gates Failed: Sample: 7/0.01/d [FAIL] | Bal: 0.0% [FAIL] | Jaccard: ERR [WARN] | ANOVA: N/A [WARN] | MI: 0.0000 [FAIL]
2025-12-31 19:09:24,528 - System.tprint - WARNING - ⚠️ ❌ Gates Failed: Sample: 7/0.01/d [FAIL] | Bal: 0.0% [FAIL] | Jaccard: ERR [WARN] | ANOVA: N/A [WARN] | MI: 0.0000 [FAIL]
[2025-12-31 19:09:24.541] WARNING: ❌ Gates Failed: Sample: 7/0.01/d [FAIL] | Bal: 14.3% [OK] | Jaccard: ERR [WARN] | ANOVA: p=0.21 [FAIL] | MI: 0.0000 [FAIL]
2025-12-31 19:09:24,541 - System.tprint - WARNING - ⚠️ ❌ Gates Failed: Sample: 7/0.01/d [FAIL] | Bal: 14.3% [OK] | Jaccard: ERR [WARN] | ANOVA: p=0.21 [FAIL] | MI: 0.0000 [FAIL]
[2025-12-31 19:09:24.553] WARNING: ❌ Gates Failed: Sample: 7/0.01/d [FAIL] | Bal: 14.3% [OK] | Jaccard: ERR [WARN] | ANOVA: p=0.21 [FAIL] | MI: 0.0000 [FAIL]
2025-12-31 19:09:24,554 - System.tprint - WARNING - ⚠️ ❌ Gates Failed: Sample: 7/0.01/d [FAIL] | Bal: 14.3% [OK] | Jaccard: ERR [WARN] | ANOVA: p=0.21 [FAIL] | MI: 0.0000 [FAIL]
[2025-12-31 19:09:24.565] WARNING: ❌ Gates Failed: Sample: 7/0.01/d [FAIL] | Bal: 14.3% [OK] | Jaccard: ERR [WARN] | ANOVA: p=0.21 [FAIL] | MI: 0.0000 [FAIL]
2025-12-31 19:09:24,566 - System.tprint - WARNING - ⚠️ ❌ Gates Failed: Sample: 7/0.01/d [FAIL] | Bal: 14.3% [OK] | Jaccard: ERR [WARN] | ANOVA: p=0.21 [FAIL] | MI: 0.0000 [FAIL]
[2025-12-31 19:09:24.579] WARNING: ❌ Gates Failed: Sample: 7/0.01/d [FAIL] | Bal: 0.0% [FAIL] | Jaccard: ERR [WARN] | ANOVA: N/A [WARN] | MI: 0.0000 [FAIL]
2025-12-31 19:09:24,579 - System.tprint - WARNING - ⚠️ ❌ Gates Failed: Sample: 7/0.01/d [FAIL] | Bal: 0.0% [FAIL] | Jaccard: ERR [WARN] | ANOVA: N/A [WARN] | MI: 0.0000 [FAIL]
[2025-12-31 19:09:24.592] WARNING: ❌ Gates Failed: Sample: 7/0.01/d [FAIL] | Bal: 0.0% [FAIL] | Jaccard: ERR [WARN] | ANOVA: N/A [WARN] | MI: 0.0000 [FAIL]
2025-12-31 19:09:24,592 - System.tprint - WARNING - ⚠️ ❌ Gates Failed: Sample: 7/0.01/d [FAIL] | Bal: 0.0% [FAIL] | Jaccard: ERR [WARN] | ANOVA: N/A [WARN] | MI: 0.0000 [FAIL]
[2025-12-31 19:09:24.605] WARNING: ❌ Gates Failed: Sample: 7/0.01/d [FAIL] | Bal: 0.0% [FAIL] | Jaccard: ERR [WARN] | ANOVA: N/A [WARN] | MI: 0.0000 [FAIL]
2025-12-31 19:09:24,605 - System.tprint - WARNING - ⚠️ ❌ Gates Failed: Sample: 7/0.01/d [FAIL] | Bal: 0.0% [FAIL] | Jaccard: ERR [WARN] | ANOVA: N/A [WARN] | MI: 0.0000 [FAIL]
[2025-12-31 19:09:24.646] WARNING: ❌ Gates Failed: Sample: 8/0.01/d [FAIL] | Bal: 12.5% [OK] | Jaccard: ERR [WARN] | ANOVA: p=0.11 [OK] | MI: 0.0000 [FAIL]
2025-12-31 19:09:24,646 - System.tprint - WARNING - ⚠️ ❌ Gates Failed: Sample: 8/0.01/d [FAIL] | Bal: 12.5% [OK] | Jaccard: ERR [WARN] | ANOVA: p=0.11 [OK] | MI: 0.0000 [FAIL]
[2025-12-31 19:09:24.659] WARNING: ❌ Gates Failed: Sample: 8/0.01/d [FAIL] | Bal: 12.5% [OK] | Jaccard: ERR [WARN] | ANOVA: p=0.11 [OK] | MI: 0.0000 [FAIL]
2025-12-31 19:09:24,659 - System.tprint - WARNING - ⚠️ ❌ Gates Failed: Sample: 8/0.01/d [FAIL] | Bal: 12.5% [OK] | Jaccard: ERR [WARN] | ANOVA: p=0.11 [OK] | MI: 0.0000 [FAIL]
[2025-12-31 19:09:24.671] WARNING: ❌ Gates Failed: Sample: 8/0.01/d [FAIL] | Bal: 12.5% [OK] | Jaccard: ERR [WARN] | ANOVA: p=0.11 [OK] | MI: 0.0000 [FAIL]
2025-12-31 19:09:24,672 - System.tprint - WARNING - ⚠️ ❌ Gates Failed: Sample: 8/0.01/d [FAIL] | Bal: 12.5% [OK] | Jaccard: ERR [WARN] | ANOVA: p=0.11 [OK] | MI: 0.0000 [FAIL]
[2025-12-31 19:09:24.686] WARNING: ❌ Gates Failed: Sample: 8/0.01/d [FAIL] | Bal: 37.5% [OK] | Jaccard: ERR [WARN] | ANOVA: p=0.24 [FAIL] | MI: 0.0000 [FAIL]
2025-12-31 19:09:24,687 - System.tprint - WARNING - ⚠️ ❌ Gates Failed: Sample: 8/0.01/d [FAIL] | Bal: 37.5% [OK] | Jaccard: ERR [WARN] | ANOVA: p=0.24 [FAIL] | MI: 0.0000 [FAIL]
[2025-12-31 19:09:24.702] WARNING: ❌ Gates Failed: Sample: 8/0.01/d [FAIL] | Bal: 37.5% [OK] | Jaccard: ERR [WARN] | ANOVA: p=0.24 [FAIL] | MI: 0.0000 [FAIL]
2025-12-31 19:09:24,703 - System.tprint - WARNING - ⚠️ ❌ Gates Failed: Sample: 8/0.01/d [FAIL] | Bal: 37.5% [OK] | Jaccard: ERR [WARN] | ANOVA: p=0.24 [FAIL] | MI: 0.0000 [FAIL]
[2025-12-31 19:09:24.718] WARNING: ❌ Gates Failed: Sample: 8/0.01/d [FAIL] | Bal: 37.5% [OK] | Jaccard: ERR [WARN] | ANOVA: p=0.24 [FAIL] | MI: 0.0000 [FAIL]
2025-12-31 19:09:24,718 - System.tprint - WARNING - ⚠️ ❌ Gates Failed: Sample: 8/0.01/d [FAIL] | Bal: 37.5% [OK] | Jaccard: ERR [WARN] | ANOVA: p=0.24 [FAIL] | MI: 0.0000 [FAIL]
[2025-12-31 19:09:24.731] WARNING: ❌ Gates Failed: Sample: 8/0.01/d [FAIL] | Bal: 12.5% [OK] | Jaccard: ERR [WARN] | ANOVA: p=0.11 [OK] | MI: 0.0000 [FAIL]
2025-12-31 19:09:24,731 - System.tprint - WARNING - ⚠️ ❌ Gates Failed: Sample: 8/0.01/d [FAIL] | Bal: 12.5% [OK] | Jaccard: ERR [WARN] | ANOVA: p=0.11 [OK] | MI: 0.0000 [FAIL]
[2025-12-31 19:09:24.743] WARNING: ❌ Gates Failed: Sample: 8/0.01/d [FAIL] | Bal: 12.5% [OK] | Jaccard: ERR [WARN] | ANOVA: p=0.11 [OK] | MI: 0.0000 [FAIL]
2025-12-31 19:09:24,743 - System.tprint - WARNING - ⚠️ ❌ Gates Failed: Sample: 8/0.01/d [FAIL] | Bal: 12.5% [OK] | Jaccard: ERR [WARN] | ANOVA: p=0.11 [OK] | MI: 0.0000 [FAIL]
[2025-12-31 19:09:24.755] WARNING: ❌ Gates Failed: Sample: 8/0.01/d [FAIL] | Bal: 12.5% [OK] | Jaccard: ERR [WARN] | ANOVA: p=0.11 [OK] | MI: 0.0000 [FAIL]
2025-12-31 19:09:24,755 - System.tprint - WARNING - ⚠️ ❌ Gates Failed: Sample: 8/0.01/d [FAIL] | Bal: 12.5% [OK] | Jaccard: ERR [WARN] | ANOVA: p=0.11 [OK] | MI: 0.0000 [FAIL]
[2025-12-31 19:09:24.769] WARNING: ❌ Gates Failed: Sample: 8/0.01/d [FAIL] | Bal: 37.5% [OK] | Jaccard: ERR [WARN] | ANOVA: p=0.24 [FAIL] | MI: 0.0000 [FAIL]
2025-12-31 19:09:24,769 - System.tprint - WARNING - ⚠️ ❌ Gates Failed: Sample: 8/0.01/d [FAIL] | Bal: 37.5% [OK] | Jaccard: ERR [WARN] | ANOVA: p=0.24 [FAIL] | MI: 0.0000 [FAIL]
[2025-12-31 19:09:24.785] WARNING: ❌ Gates Failed: Sample: 8/0.01/d [FAIL] | Bal: 37.5% [OK] | Jaccard: ERR [WARN] | ANOVA: p=0.24 [FAIL] | MI: 0.0000 [FAIL]
2025-12-31 19:09:24,786 - System.tprint - WARNING - ⚠️ ❌ Gates Failed: Sample: 8/0.01/d [FAIL] | Bal: 37.5% [OK] | Jaccard: ERR [WARN] | ANOVA: p=0.24 [FAIL] | MI: 0.0000 [FAIL]
[2025-12-31 19:09:24.799] WARNING: ❌ Gates Failed: Sample: 8/0.01/d [FAIL] | Bal: 37.5% [OK] | Jaccard: ERR [WARN] | ANOVA: p=0.24 [FAIL] | MI: 0.0000 [FAIL]
2025-12-31 19:09:24,799 - System.tprint - WARNING - ⚠️ ❌ Gates Failed: Sample: 8/0.01/d [FAIL] | Bal: 37.5% [OK] | Jaccard: ERR [WARN] | ANOVA: p=0.24 [FAIL] | MI: 0.0000 [FAIL]
[2025-12-31 19:09:24.812] WARNING: ❌ Gates Failed: Sample: 8/0.01/d [FAIL] | Bal: 12.5% [OK] | Jaccard: ERR [WARN] | ANOVA: p=0.11 [OK] | MI: 0.0000 [FAIL]
2025-12-31 19:09:24,812 - System.tprint - WARNING - ⚠️ ❌ Gates Failed: Sample: 8/0.01/d [FAIL] | Bal: 12.5% [OK] | Jaccard: ERR [WARN] | ANOVA: p=0.11 [OK] | MI: 0.0000 [FAIL]
[2025-12-31 19:09:24.826] WARNING: ❌ Gates Failed: Sample: 8/0.01/d [FAIL] | Bal: 12.5% [OK] | Jaccard: ERR [WARN] | ANOVA: p=0.11 [OK] | MI: 0.0000 [FAIL]
2025-12-31 19:09:24,826 - System.tprint - WARNING - ⚠️ ❌ Gates Failed: Sample: 8/0.01/d [FAIL] | Bal: 12.5% [OK] | Jaccard: ERR [WARN] | ANOVA: p=0.11 [OK] | MI: 0.0000 [FAIL]
[2025-12-31 19:09:24.839] WARNING: ❌ Gates Failed: Sample: 8/0.01/d [FAIL] | Bal: 12.5% [OK] | Jaccard: ERR [WARN] | ANOVA: p=0.11 [OK] | MI: 0.0000 [FAIL]
2025-12-31 19:09:24,839 - System.tprint - WARNING - ⚠️ ❌ Gates Failed: Sample: 8/0.01/d [FAIL] | Bal: 12.5% [OK] | Jaccard: ERR [WARN] | ANOVA: p=0.11 [OK] | MI: 0.0000 [FAIL]
[2025-12-31 19:09:24.853] WARNING: ❌ Gates Failed: Sample: 8/0.01/d [FAIL] | Bal: 37.5% [OK] | Jaccard: ERR [WARN] | ANOVA: p=0.24 [FAIL] | MI: 0.0000 [FAIL]
2025-12-31 19:09:24,853 - System.tprint - WARNING - ⚠️ ❌ Gates Failed: Sample: 8/0.01/d [FAIL] | Bal: 37.5% [OK] | Jaccard: ERR [WARN] | ANOVA: p=0.24 [FAIL] | MI: 0.0000 [FAIL]
[2025-12-31 19:09:24.866] WARNING: ❌ Gates Failed: Sample: 8/0.01/d [FAIL] | Bal: 37.5% [OK] | Jaccard: ERR [WARN] | ANOVA: p=0.24 [FAIL] | MI: 0.0000 [FAIL]
2025-12-31 19:09:24,867 - System.tprint - WARNING - ⚠️ ❌ Gates Failed: Sample: 8/0.01/d [FAIL] | Bal: 37.5% [OK] | Jaccard: ERR [WARN] | ANOVA: p=0.24 [FAIL] | MI: 0.0000 [FAIL]
[2025-12-31 19:09:24.881] WARNING: ❌ Gates Failed: Sample: 8/0.01/d [FAIL] | Bal: 37.5% [OK] | Jaccard: ERR [WARN] | ANOVA: p=0.24 [FAIL] | MI: 0.0000 [FAIL]
2025-12-31 19:09:24,881 - System.tprint - WARNING - ⚠️ ❌ Gates Failed: Sample: 8/0.01/d [FAIL] | Bal: 37.5% [OK] | Jaccard: ERR [WARN] | ANOVA: p=0.24 [FAIL] | MI: 0.0000 [FAIL]
[2025-12-31 19:09:24.893] WARNING: ❌ Gates Failed: Sample: 8/0.01/d [FAIL] | Bal: 12.5% [OK] | Jaccard: ERR [WARN] | ANOVA: p=0.11 [OK] | MI: 0.0000 [FAIL]
2025-12-31 19:09:24,894 - System.tprint - WARNING - ⚠️ ❌ Gates Failed: Sample: 8/0.01/d [FAIL] | Bal: 12.5% [OK] | Jaccard: ERR [WARN] | ANOVA: p=0.11 [OK] | MI: 0.0000 [FAIL]
[2025-12-31 19:09:24.906] WARNING: ❌ Gates Failed: Sample: 8/0.01/d [FAIL] | Bal: 12.5% [OK] | Jaccard: ERR [WARN] | ANOVA: p=0.11 [OK] | MI: 0.0000 [FAIL]
2025-12-31 19:09:24,906 - System.tprint - WARNING - ⚠️ ❌ Gates Failed: Sample: 8/0.01/d [FAIL] | Bal: 12.5% [OK] | Jaccard: ERR [WARN] | ANOVA: p=0.11 [OK] | MI: 0.0000 [FAIL]
[2025-12-31 19:09:24.920] WARNING: ❌ Gates Failed: Sample: 8/0.01/d [FAIL] | Bal: 12.5% [OK] | Jaccard: ERR [WARN] | ANOVA: p=0.11 [OK] | MI: 0.0000 [FAIL]
2025-12-31 19:09:24,920 - System.tprint - WARNING - ⚠️ ❌ Gates Failed: Sample: 8/0.01/d [FAIL] | Bal: 12.5% [OK] | Jaccard: ERR [WARN] | ANOVA: p=0.11 [OK] | MI: 0.0000 [FAIL]
[2025-12-31 19:09:24.933] WARNING: ❌ Gates Failed: Sample: 8/0.01/d [FAIL] | Bal: 37.5% [OK] | Jaccard: ERR [WARN] | ANOVA: p=0.24 [FAIL] | MI: 0.0000 [FAIL]
2025-12-31 19:09:24,934 - System.tprint - WARNING - ⚠️ ❌ Gates Failed: Sample: 8/0.01/d [FAIL] | Bal: 37.5% [OK] | Jaccard: ERR [WARN] | ANOVA: p=0.24 [FAIL] | MI: 0.0000 [FAIL]
[2025-12-31 19:09:24.949] WARNING: ❌ Gates Failed: Sample: 8/0.01/d [FAIL] | Bal: 37.5% [OK] | Jaccard: ERR [WARN] | ANOVA: p=0.24 [FAIL] | MI: 0.0000 [FAIL]
2025-12-31 19:09:24,949 - System.tprint - WARNING - ⚠️ ❌ Gates Failed: Sample: 8/0.01/d [FAIL] | Bal: 37.5% [OK] | Jaccard: ERR [WARN] | ANOVA: p=0.24 [FAIL] | MI: 0.0000 [FAIL]
[2025-12-31 19:09:24.964] WARNING: ❌ Gates Failed: Sample: 8/0.01/d [FAIL] | Bal: 37.5% [OK] | Jaccard: ERR [WARN] | ANOVA: p=0.24 [FAIL] | MI: 0.0000 [FAIL]
2025-12-31 19:09:24,964 - System.tprint - WARNING - ⚠️ ❌ Gates Failed: Sample: 8/0.01/d [FAIL] | Bal: 37.5% [OK] | Jaccard: ERR [WARN] | ANOVA: p=0.24 [FAIL] | MI: 0.0000 [FAIL]
[2025-12-31 19:09:24.977] WARNING: ❌ Gates Failed: Sample: 8/0.01/d [FAIL] | Bal: 12.5% [OK] | Jaccard: ERR [WARN] | ANOVA: p=0.11 [OK] | MI: 0.0000 [FAIL]
2025-12-31 19:09:24,977 - System.tprint - WARNING - ⚠️ ❌ Gates Failed: Sample: 8/0.01/d [FAIL] | Bal: 12.5% [OK] | Jaccard: ERR [WARN] | ANOVA: p=0.11 [OK] | MI: 0.0000 [FAIL]
[2025-12-31 19:09:24.989] WARNING: ❌ Gates Failed: Sample: 8/0.01/d [FAIL] | Bal: 12.5% [OK] | Jaccard: ERR [WARN] | ANOVA: p=0.11 [OK] | MI: 0.0000 [FAIL]
2025-12-31 19:09:24,990 - System.tprint - WARNING - ⚠️ ❌ Gates Failed: Sample: 8/0.01/d [FAIL] | Bal: 12.5% [OK] | Jaccard: ERR [WARN] | ANOVA: p=0.11 [OK] | MI: 0.0000 [FAIL]
[2025-12-31 19:09:25.001] WARNING: ❌ Gates Failed: Sample: 8/0.01/d [FAIL] | Bal: 12.5% [OK] | Jaccard: ERR [WARN] | ANOVA: p=0.11 [OK] | MI: 0.0000 [FAIL]
2025-12-31 19:09:25,001 - System.tprint - WARNING - ⚠️ ❌ Gates Failed: Sample: 8/0.01/d [FAIL] | Bal: 12.5% [OK] | Jaccard: ERR [WARN] | ANOVA: p=0.11 [OK] | MI: 0.0000 [FAIL]
[2025-12-31 19:09:25.015] WARNING: ❌ Gates Failed: Sample: 8/0.01/d [FAIL] | Bal: 25.0% [OK] | Jaccard: ERR [WARN] | ANOVA: p=0.04 [OK] | MI: 0.4908 [OK]
2025-12-31 19:09:25,015 - System.tprint - WARNING - ⚠️ ❌ Gates Failed: Sample: 8/0.01/d [FAIL] | Bal: 25.0% [OK] | Jaccard: ERR [WARN] | ANOVA: p=0.04 [OK] | MI: 0.4908 [OK]
[2025-12-31 19:09:25.030] WARNING: ❌ Gates Failed: Sample: 8/0.01/d [FAIL] | Bal: 25.0% [OK] | Jaccard: ERR [WARN] | ANOVA: p=0.04 [OK] | MI: 0.4908 [OK]
2025-12-31 19:09:25,030 - System.tprint - WARNING - ⚠️ ❌ Gates Failed: Sample: 8/0.01/d [FAIL] | Bal: 25.0% [OK] | Jaccard: ERR [WARN] | ANOVA: p=0.04 [OK] | MI: 0.4908 [OK]
[2025-12-31 19:09:25.046] WARNING: ❌ Gates Failed: Sample: 8/0.01/d [FAIL] | Bal: 25.0% [OK] | Jaccard: ERR [WARN] | ANOVA: p=0.04 [OK] | MI: 0.4908 [OK]
2025-12-31 19:09:25,047 - System.tprint - WARNING - ⚠️ ❌ Gates Failed: Sample: 8/0.01/d [FAIL] | Bal: 25.0% [OK] | Jaccard: ERR [WARN] | ANOVA: p=0.04 [OK] | MI: 0.4908 [OK]
[2025-12-31 19:09:25.059] WARNING: ❌ Gates Failed: Sample: 8/0.01/d [FAIL] | Bal: 12.5% [OK] | Jaccard: ERR [WARN] | ANOVA: p=0.11 [OK] | MI: 0.0000 [FAIL]
2025-12-31 19:09:25,059 - System.tprint - WARNING - ⚠️ ❌ Gates Failed: Sample: 8/0.01/d [FAIL] | Bal: 12.5% [OK] | Jaccard: ERR [WARN] | ANOVA: p=0.11 [OK] | MI: 0.0000 [FAIL]
[2025-12-31 19:09:25.072] WARNING: ❌ Gates Failed: Sample: 8/0.01/d [FAIL] | Bal: 12.5% [OK] | Jaccard: ERR [WARN] | ANOVA: p=0.11 [OK] | MI: 0.0000 [FAIL]
2025-12-31 19:09:25,072 - System.tprint - WARNING - ⚠️ ❌ Gates Failed: Sample: 8/0.01/d [FAIL] | Bal: 12.5% [OK] | Jaccard: ERR [WARN] | ANOVA: p=0.11 [OK] | MI: 0.0000 [FAIL]
[2025-12-31 19:09:25.084] WARNING: ❌ Gates Failed: Sample: 8/0.01/d [FAIL] | Bal: 12.5% [OK] | Jaccard: ERR [WARN] | ANOVA: p=0.11 [OK] | MI: 0.0000 [FAIL]
2025-12-31 19:09:25,085 - System.tprint - WARNING - ⚠️ ❌ Gates Failed: Sample: 8/0.01/d [FAIL] | Bal: 12.5% [OK] | Jaccard: ERR [WARN] | ANOVA: p=0.11 [OK] | MI: 0.0000 [FAIL]
[2025-12-31 19:09:25.099] WARNING: ❌ Gates Failed: Sample: 8/0.01/d [FAIL] | Bal: 25.0% [OK] | Jaccard: ERR [WARN] | ANOVA: p=0.04 [OK] | MI: 0.4908 [OK]
2025-12-31 19:09:25,100 - System.tprint - WARNING - ⚠️ ❌ Gates Failed: Sample: 8/0.01/d [FAIL] | Bal: 25.0% [OK] | Jaccard: ERR [WARN] | ANOVA: p=0.04 [OK] | MI: 0.4908 [OK]
[2025-12-31 19:09:25.114] WARNING: ❌ Gates Failed: Sample: 8/0.01/d [FAIL] | Bal: 25.0% [OK] | Jaccard: ERR [WARN] | ANOVA: p=0.04 [OK] | MI: 0.4908 [OK]
2025-12-31 19:09:25,114 - System.tprint - WARNING - ⚠️ ❌ Gates Failed: Sample: 8/0.01/d [FAIL] | Bal: 25.0% [OK] | Jaccard: ERR [WARN] | ANOVA: p=0.04 [OK] | MI: 0.4908 [OK]
[2025-12-31 19:09:25.134] WARNING: ❌ Gates Failed: Sample: 8/0.01/d [FAIL] | Bal: 25.0% [OK] | Jaccard: ERR [WARN] | ANOVA: p=0.04 [OK] | MI: 0.4908 [OK]
2025-12-31 19:09:25,134 - System.tprint - WARNING - ⚠️ ❌ Gates Failed: Sample: 8/0.01/d [FAIL] | Bal: 25.0% [OK] | Jaccard: ERR [WARN] | ANOVA: p=0.04 [OK] | MI: 0.4908 [OK]
[2025-12-31 19:09:25.146] WARNING: ❌ Gates Failed: Sample: 8/0.01/d [FAIL] | Bal: 12.5% [OK] | Jaccard: ERR [WARN] | ANOVA: p=0.11 [OK] | MI: 0.0000 [FAIL]
2025-12-31 19:09:25,146 - System.tprint - WARNING - ⚠️ ❌ Gates Failed: Sample: 8/0.01/d [FAIL] | Bal: 12.5% [OK] | Jaccard: ERR [WARN] | ANOVA: p=0.11 [OK] | MI: 0.0000 [FAIL]
[2025-12-31 19:09:25.159] WARNING: ❌ Gates Failed: Sample: 8/0.01/d [FAIL] | Bal: 12.5% [OK] | Jaccard: ERR [WARN] | ANOVA: p=0.11 [OK] | MI: 0.0000 [FAIL]
2025-12-31 19:09:25,159 - System.tprint - WARNING - ⚠️ ❌ Gates Failed: Sample: 8/0.01/d [FAIL] | Bal: 12.5% [OK] | Jaccard: ERR [WARN] | ANOVA: p=0.11 [OK] | MI: 0.0000 [FAIL]
[2025-12-31 19:09:25.172] WARNING: ❌ Gates Failed: Sample: 8/0.01/d [FAIL] | Bal: 12.5% [OK] | Jaccard: ERR [WARN] | ANOVA: p=0.11 [OK] | MI: 0.0000 [FAIL]
2025-12-31 19:09:25,172 - System.tprint - WARNING - ⚠️ ❌ Gates Failed: Sample: 8/0.01/d [FAIL] | Bal: 12.5% [OK] | Jaccard: ERR [WARN] | ANOVA: p=0.11 [OK] | MI: 0.0000 [FAIL]
[2025-12-31 19:09:25.187] WARNING: ❌ Gates Failed: Sample: 8/0.01/d [FAIL] | Bal: 25.0% [OK] | Jaccard: ERR [WARN] | ANOVA: p=0.04 [OK] | MI: 0.4908 [OK]
2025-12-31 19:09:25,187 - System.tprint - WARNING - ⚠️ ❌ Gates Failed: Sample: 8/0.01/d [FAIL] | Bal: 25.0% [OK] | Jaccard: ERR [WARN] | ANOVA: p=0.04 [OK] | MI: 0.4908 [OK]
[2025-12-31 19:09:25.202] WARNING: ❌ Gates Failed: Sample: 8/0.01/d [FAIL] | Bal: 25.0% [OK] | Jaccard: ERR [WARN] | ANOVA: p=0.04 [OK] | MI: 0.4908 [OK]
2025-12-31 19:09:25,202 - System.tprint - WARNING - ⚠️ ❌ Gates Failed: Sample: 8/0.01/d [FAIL] | Bal: 25.0% [OK] | Jaccard: ERR [WARN] | ANOVA: p=0.04 [OK] | MI: 0.4908 [OK]
[2025-12-31 19:09:25.216] WARNING: ❌ Gates Failed: Sample: 8/0.01/d [FAIL] | Bal: 25.0% [OK] | Jaccard: ERR [WARN] | ANOVA: p=0.04 [OK] | MI: 0.4908 [OK]
2025-12-31 19:09:25,216 - System.tprint - WARNING - ⚠️ ❌ Gates Failed: Sample: 8/0.01/d [FAIL] | Bal: 25.0% [OK] | Jaccard: ERR [WARN] | ANOVA: p=0.04 [OK] | MI: 0.4908 [OK]
[2025-12-31 19:09:25.229] WARNING: ❌ Gates Failed: Sample: 8/0.01/d [FAIL] | Bal: 12.5% [OK] | Jaccard: ERR [WARN] | ANOVA: p=0.11 [OK] | MI: 0.0000 [FAIL]
2025-12-31 19:09:25,229 - System.tprint - WARNING - ⚠️ ❌ Gates Failed: Sample: 8/0.01/d [FAIL] | Bal: 12.5% [OK] | Jaccard: ERR [WARN] | ANOVA: p=0.11 [OK] | MI: 0.0000 [FAIL]
[2025-12-31 19:09:25.242] WARNING: ❌ Gates Failed: Sample: 8/0.01/d [FAIL] | Bal: 12.5% [OK] | Jaccard: ERR [WARN] | ANOVA: p=0.11 [OK] | MI: 0.0000 [FAIL]
2025-12-31 19:09:25,242 - System.tprint - WARNING - ⚠️ ❌ Gates Failed: Sample: 8/0.01/d [FAIL] | Bal: 12.5% [OK] | Jaccard: ERR [WARN] | ANOVA: p=0.11 [OK] | MI: 0.0000 [FAIL]
[2025-12-31 19:09:25.255] WARNING: ❌ Gates Failed: Sample: 8/0.01/d [FAIL] | Bal: 12.5% [OK] | Jaccard: ERR [WARN] | ANOVA: p=0.11 [OK] | MI: 0.0000 [FAIL]
2025-12-31 19:09:25,255 - System.tprint - WARNING - ⚠️ ❌ Gates Failed: Sample: 8/0.01/d [FAIL] | Bal: 12.5% [OK] | Jaccard: ERR [WARN] | ANOVA: p=0.11 [OK] | MI: 0.0000 [FAIL]
[2025-12-31 19:09:25.269] WARNING: ❌ Gates Failed: Sample: 8/0.01/d [FAIL] | Bal: 25.0% [OK] | Jaccard: ERR [WARN] | ANOVA: p=0.04 [OK] | MI: 0.4908 [OK]
2025-12-31 19:09:25,269 - System.tprint - WARNING - ⚠️ ❌ Gates Failed: Sample: 8/0.01/d [FAIL] | Bal: 25.0% [OK] | Jaccard: ERR [WARN] | ANOVA: p=0.04 [OK] | MI: 0.4908 [OK]
[2025-12-31 19:09:25.284] WARNING: ❌ Gates Failed: Sample: 8/0.01/d [FAIL] | Bal: 25.0% [OK] | Jaccard: ERR [WARN] | ANOVA: p=0.04 [OK] | MI: 0.4908 [OK]
2025-12-31 19:09:25,285 - System.tprint - WARNING - ⚠️ ❌ Gates Failed: Sample: 8/0.01/d [FAIL] | Bal: 25.0% [OK] | Jaccard: ERR [WARN] | ANOVA: p=0.04 [OK] | MI: 0.4908 [OK]
[2025-12-31 19:09:25.300] WARNING: ❌ Gates Failed: Sample: 8/0.01/d [FAIL] | Bal: 25.0% [OK] | Jaccard: ERR [WARN] | ANOVA: p=0.04 [OK] | MI: 0.4908 [OK]
2025-12-31 19:09:25,300 - System.tprint - WARNING - ⚠️ ❌ Gates Failed: Sample: 8/0.01/d [FAIL] | Bal: 25.0% [OK] | Jaccard: ERR [WARN] | ANOVA: p=0.04 [OK] | MI: 0.4908 [OK]
[2025-12-31 19:09:25.313] WARNING: ❌ Gates Failed: Sample: 8/0.01/d [FAIL] | Bal: 12.5% [OK] | Jaccard: ERR [WARN] | ANOVA: p=0.11 [OK] | MI: 0.0000 [FAIL]
2025-12-31 19:09:25,314 - System.tprint - WARNING - ⚠️ ❌ Gates Failed: Sample: 8/0.01/d [FAIL] | Bal: 12.5% [OK] | Jaccard: ERR [WARN] | ANOVA: p=0.11 [OK] | MI: 0.0000 [FAIL]
[2025-12-31 19:09:25.326] WARNING: ❌ Gates Failed: Sample: 8/0.01/d [FAIL] | Bal: 12.5% [OK] | Jaccard: ERR [WARN] | ANOVA: p=0.11 [OK] | MI: 0.0000 [FAIL]
2025-12-31 19:09:25,326 - System.tprint - WARNING - ⚠️ ❌ Gates Failed: Sample: 8/0.01/d [FAIL] | Bal: 12.5% [OK] | Jaccard: ERR [WARN] | ANOVA: p=0.11 [OK] | MI: 0.0000 [FAIL]
[2025-12-31 19:09:25.339] WARNING: ❌ Gates Failed: Sample: 8/0.01/d [FAIL] | Bal: 12.5% [OK] | Jaccard: ERR [WARN] | ANOVA: p=0.11 [OK] | MI: 0.0000 [FAIL]
2025-12-31 19:09:25,340 - System.tprint - WARNING - ⚠️ ❌ Gates Failed: Sample: 8/0.01/d [FAIL] | Bal: 12.5% [OK] | Jaccard: ERR [WARN] | ANOVA: p=0.11 [OK] | MI: 0.0000 [FAIL]
[2025-12-31 19:09:25.355] WARNING: ❌ Gates Failed: Sample: 8/0.01/d [FAIL] | Bal: 25.0% [OK] | Jaccard: ERR [WARN] | ANOVA: p=0.04 [OK] | MI: 0.4908 [OK]
2025-12-31 19:09:25,355 - System.tprint - WARNING - ⚠️ ❌ Gates Failed: Sample: 8/0.01/d [FAIL] | Bal: 25.0% [OK] | Jaccard: ERR [WARN] | ANOVA: p=0.04 [OK] | MI: 0.4908 [OK]
[2025-12-31 19:09:25.369] WARNING: ❌ Gates Failed: Sample: 8/0.01/d [FAIL] | Bal: 25.0% [OK] | Jaccard: ERR [WARN] | ANOVA: p=0.04 [OK] | MI: 0.4908 [OK]
2025-12-31 19:09:25,369 - System.tprint - WARNING - ⚠️ ❌ Gates Failed: Sample: 8/0.01/d [FAIL] | Bal: 25.0% [OK] | Jaccard: ERR [WARN] | ANOVA: p=0.04 [OK] | MI: 0.4908 [OK]
[2025-12-31 19:09:25.384] WARNING: ❌ Gates Failed: Sample: 8/0.01/d [FAIL] | Bal: 25.0% [OK] | Jaccard: ERR [WARN] | ANOVA: p=0.04 [OK] | MI: 0.4908 [OK]
2025-12-31 19:09:25,385 - System.tprint - WARNING - ⚠️ ❌ Gates Failed: Sample: 8/0.01/d [FAIL] | Bal: 25.0% [OK] | Jaccard: ERR [WARN] | ANOVA: p=0.04 [OK] | MI: 0.4908 [OK]
[2025-12-31 19:09:25.398] WARNING: ❌ Gates Failed: Sample: 8/0.01/d [FAIL] | Bal: 12.5% [OK] | Jaccard: ERR [WARN] | ANOVA: p=0.11 [OK] | MI: 0.0000 [FAIL]
2025-12-31 19:09:25,398 - System.tprint - WARNING - ⚠️ ❌ Gates Failed: Sample: 8/0.01/d [FAIL] | Bal: 12.5% [OK] | Jaccard: ERR [WARN] | ANOVA: p=0.11 [OK] | MI: 0.0000 [FAIL]
[2025-12-31 19:09:25.410] WARNING: ❌ Gates Failed: Sample: 8/0.01/d [FAIL] | Bal: 12.5% [OK] | Jaccard: ERR [WARN] | ANOVA: p=0.11 [OK] | MI: 0.0000 [FAIL]
2025-12-31 19:09:25,410 - System.tprint - WARNING - ⚠️ ❌ Gates Failed: Sample: 8/0.01/d [FAIL] | Bal: 12.5% [OK] | Jaccard: ERR [WARN] | ANOVA: p=0.11 [OK] | MI: 0.0000 [FAIL]
[2025-12-31 19:09:25.423] WARNING: ❌ Gates Failed: Sample: 8/0.01/d [FAIL] | Bal: 12.5% [OK] | Jaccard: ERR [WARN] | ANOVA: p=0.11 [OK] | MI: 0.0000 [FAIL]
2025-12-31 19:09:25,423 - System.tprint - WARNING - ⚠️ ❌ Gates Failed: Sample: 8/0.01/d [FAIL] | Bal: 12.5% [OK] | Jaccard: ERR [WARN] | ANOVA: p=0.11 [OK] | MI: 0.0000 [FAIL]
[2025-12-31 19:09:25.439] WARNING: ❌ Gates Failed: Sample: 8/0.01/d [FAIL] | Bal: 25.0% [OK] | Jaccard: ERR [WARN] | ANOVA: p=0.04 [OK] | MI: 0.4908 [OK]
2025-12-31 19:09:25,439 - System.tprint - WARNING - ⚠️ ❌ Gates Failed: Sample: 8/0.01/d [FAIL] | Bal: 25.0% [OK] | Jaccard: ERR [WARN] | ANOVA: p=0.04 [OK] | MI: 0.4908 [OK]
[2025-12-31 19:09:25.454] WARNING: ❌ Gates Failed: Sample: 8/0.01/d [FAIL] | Bal: 25.0% [OK] | Jaccard: ERR [WARN] | ANOVA: p=0.04 [OK] | MI: 0.4908 [OK]
2025-12-31 19:09:25,454 - System.tprint - WARNING - ⚠️ ❌ Gates Failed: Sample: 8/0.01/d [FAIL] | Bal: 25.0% [OK] | Jaccard: ERR [WARN] | ANOVA: p=0.04 [OK] | MI: 0.4908 [OK]
[2025-12-31 19:09:25.469] WARNING: ❌ Gates Failed: Sample: 8/0.01/d [FAIL] | Bal: 25.0% [OK] | Jaccard: ERR [WARN] | ANOVA: p=0.04 [OK] | MI: 0.4908 [OK]
2025-12-31 19:09:25,469 - System.tprint - WARNING - ⚠️ ❌ Gates Failed: Sample: 8/0.01/d [FAIL] | Bal: 25.0% [OK] | Jaccard: ERR [WARN] | ANOVA: p=0.04 [OK] | MI: 0.4908 [OK]
[2025-12-31 19:09:29.199] WARNING: ❌ Gates Failed: Sample: 5/0.01/d [FAIL] | Bal: 20.0% [OK] | Jaccard: ERR [WARN] | ANOVA: p=0.08 [OK] | MI: 0.0000 [FAIL]
2025-12-31 19:09:29,200 - System.tprint - WARNING - ⚠️ ❌ Gates Failed: Sample: 5/0.01/d [FAIL] | Bal: 20.0% [OK] | Jaccard: ERR [WARN] | ANOVA: p=0.08 [OK] | MI: 0.0000 [FAIL]
[2025-12-31 19:09:29.213] WARNING: ❌ Gates Failed: Sample: 5/0.01/d [FAIL] | Bal: 20.0% [OK] | Jaccard: ERR [WARN] | ANOVA: p=0.08 [OK] | MI: 0.0000 [FAIL]
2025-12-31 19:09:29,213 - System.tprint - WARNING - ⚠️ ❌ Gates Failed: Sample: 5/0.01/d [FAIL] | Bal: 20.0% [OK] | Jaccard: ERR [WARN] | ANOVA: p=0.08 [OK] | MI: 0.0000 [FAIL]
[2025-12-31 19:09:29.227] WARNING: ❌ Gates Failed: Sample: 5/0.01/d [FAIL] | Bal: 20.0% [OK] | Jaccard: ERR [WARN] | ANOVA: p=0.08 [OK] | MI: 0.0000 [FAIL]
2025-12-31 19:09:29,227 - System.tprint - WARNING - ⚠️ ❌ Gates Failed: Sample: 5/0.01/d [FAIL] | Bal: 20.0% [OK] | Jaccard: ERR [WARN] | ANOVA: p=0.08 [OK] | MI: 0.0000 [FAIL]
[2025-12-31 19:09:29.241] WARNING: ❌ Gates Failed: Sample: 5/0.01/d [FAIL] | Bal: 0.0% [FAIL] | Jaccard: ERR [WARN] | ANOVA: N/A [WARN] | MI: 0.0000 [FAIL]
2025-12-31 19:09:29,241 - System.tprint - WARNING - ⚠️ ❌ Gates Failed: Sample: 5/0.01/d [FAIL] | Bal: 0.0% [FAIL] | Jaccard: ERR [WARN] | ANOVA: N/A [WARN] | MI: 0.0000 [FAIL]
[2025-12-31 19:09:29.254] WARNING: ❌ Gates Failed: Sample: 5/0.01/d [FAIL] | Bal: 0.0% [FAIL] | Jaccard: ERR [WARN] | ANOVA: N/A [WARN] | MI: 0.0000 [FAIL]
2025-12-31 19:09:29,254 - System.tprint - WARNING - ⚠️ ❌ Gates Failed: Sample: 5/0.01/d [FAIL] | Bal: 0.0% [FAIL] | Jaccard: ERR [WARN] | ANOVA: N/A [WARN] | MI: 0.0000 [FAIL]
[2025-12-31 19:09:29.270] WARNING: ❌ Gates Failed: Sample: 5/0.01/d [FAIL] | Bal: 0.0% [FAIL] | Jaccard: ERR [WARN] | ANOVA: N/A [WARN] | MI: 0.0000 [FAIL]
2025-12-31 19:09:29,271 - System.tprint - WARNING - ⚠️ ❌ Gates Failed: Sample: 5/0.01/d [FAIL] | Bal: 0.0% [FAIL] | Jaccard: ERR [WARN] | ANOVA: N/A [WARN] | MI: 0.0000 [FAIL]
[2025-12-31 19:09:29.284] WARNING: ❌ Gates Failed: Sample: 5/0.01/d [FAIL] | Bal: 20.0% [OK] | Jaccard: ERR [WARN] | ANOVA: p=0.08 [OK] | MI: 0.0000 [FAIL]
2025-12-31 19:09:29,284 - System.tprint - WARNING - ⚠️ ❌ Gates Failed: Sample: 5/0.01/d [FAIL] | Bal: 20.0% [OK] | Jaccard: ERR [WARN] | ANOVA: p=0.08 [OK] | MI: 0.0000 [FAIL]
[2025-12-31 19:09:29.297] WARNING: ❌ Gates Failed: Sample: 5/0.01/d [FAIL] | Bal: 20.0% [OK] | Jaccard: ERR [WARN] | ANOVA: p=0.08 [OK] | MI: 0.0000 [FAIL]
2025-12-31 19:09:29,297 - System.tprint - WARNING - ⚠️ ❌ Gates Failed: Sample: 5/0.01/d [FAIL] | Bal: 20.0% [OK] | Jaccard: ERR [WARN] | ANOVA: p=0.08 [OK] | MI: 0.0000 [FAIL]
[2025-12-31 19:09:29.309] WARNING: ❌ Gates Failed: Sample: 5/0.01/d [FAIL] | Bal: 20.0% [OK] | Jaccard: ERR [WARN] | ANOVA: p=0.08 [OK] | MI: 0.0000 [FAIL]
2025-12-31 19:09:29,309 - System.tprint - WARNING - ⚠️ ❌ Gates Failed: Sample: 5/0.01/d [FAIL] | Bal: 20.0% [OK] | Jaccard: ERR [WARN] | ANOVA: p=0.08 [OK] | MI: 0.0000 [FAIL]
[2025-12-31 19:09:29.323] WARNING: ❌ Gates Failed: Sample: 5/0.01/d [FAIL] | Bal: 0.0% [FAIL] | Jaccard: ERR [WARN] | ANOVA: N/A [WARN] | MI: 0.0000 [FAIL]
2025-12-31 19:09:29,323 - System.tprint - WARNING - ⚠️ ❌ Gates Failed: Sample: 5/0.01/d [FAIL] | Bal: 0.0% [FAIL] | Jaccard: ERR [WARN] | ANOVA: N/A [WARN] | MI: 0.0000 [FAIL]
[2025-12-31 19:09:29.336] WARNING: ❌ Gates Failed: Sample: 5/0.01/d [FAIL] | Bal: 0.0% [FAIL] | Jaccard: ERR [WARN] | ANOVA: N/A [WARN] | MI: 0.0000 [FAIL]
2025-12-31 19:09:29,336 - System.tprint - WARNING - ⚠️ ❌ Gates Failed: Sample: 5/0.01/d [FAIL] | Bal: 0.0% [FAIL] | Jaccard: ERR [WARN] | ANOVA: N/A [WARN] | MI: 0.0000 [FAIL]
[2025-12-31 19:09:29.349] WARNING: ❌ Gates Failed: Sample: 5/0.01/d [FAIL] | Bal: 0.0% [FAIL] | Jaccard: ERR [WARN] | ANOVA: N/A [WARN] | MI: 0.0000 [FAIL]
2025-12-31 19:09:29,349 - System.tprint - WARNING - ⚠️ ❌ Gates Failed: Sample: 5/0.01/d [FAIL] | Bal: 0.0% [FAIL] | Jaccard: ERR [WARN] | ANOVA: N/A [WARN] | MI: 0.0000 [FAIL]
[2025-12-31 19:09:29.361] WARNING: ❌ Gates Failed: Sample: 5/0.01/d [FAIL] | Bal: 0.0% [FAIL] | Jaccard: ERR [WARN] | ANOVA: N/A [WARN] | MI: 0.0000 [FAIL]
2025-12-31 19:09:29,361 - System.tprint - WARNING - ⚠️ ❌ Gates Failed: Sample: 5/0.01/d [FAIL] | Bal: 0.0% [FAIL] | Jaccard: ERR [WARN] | ANOVA: N/A [WARN] | MI: 0.0000 [FAIL]
[2025-12-31 19:09:29.374] WARNING: ❌ Gates Failed: Sample: 5/0.01/d [FAIL] | Bal: 0.0% [FAIL] | Jaccard: ERR [WARN] | ANOVA: N/A [WARN] | MI: 0.0000 [FAIL]
2025-12-31 19:09:29,374 - System.tprint - WARNING - ⚠️ ❌ Gates Failed: Sample: 5/0.01/d [FAIL] | Bal: 0.0% [FAIL] | Jaccard: ERR [WARN] | ANOVA: N/A [WARN] | MI: 0.0000 [FAIL]
[2025-12-31 19:09:29.387] WARNING: ❌ Gates Failed: Sample: 5/0.01/d [FAIL] | Bal: 0.0% [FAIL] | Jaccard: ERR [WARN] | ANOVA: N/A [WARN] | MI: 0.0000 [FAIL]
2025-12-31 19:09:29,388 - System.tprint - WARNING - ⚠️ ❌ Gates Failed: Sample: 5/0.01/d [FAIL] | Bal: 0.0% [FAIL] | Jaccard: ERR [WARN] | ANOVA: N/A [WARN] | MI: 0.0000 [FAIL]
[2025-12-31 19:09:29.400] WARNING: ❌ Gates Failed: Sample: 5/0.01/d [FAIL] | Bal: 0.0% [FAIL] | Jaccard: ERR [WARN] | ANOVA: N/A [WARN] | MI: 0.0000 [FAIL]
2025-12-31 19:09:29,400 - System.tprint - WARNING - ⚠️ ❌ Gates Failed: Sample: 5/0.01/d [FAIL] | Bal: 0.0% [FAIL] | Jaccard: ERR [WARN] | ANOVA: N/A [WARN] | MI: 0.0000 [FAIL]
[2025-12-31 19:09:29.413] WARNING: ❌ Gates Failed: Sample: 5/0.01/d [FAIL] | Bal: 0.0% [FAIL] | Jaccard: ERR [WARN] | ANOVA: N/A [WARN] | MI: 0.0000 [FAIL]
2025-12-31 19:09:29,413 - System.tprint - WARNING - ⚠️ ❌ Gates Failed: Sample: 5/0.01/d [FAIL] | Bal: 0.0% [FAIL] | Jaccard: ERR [WARN] | ANOVA: N/A [WARN] | MI: 0.0000 [FAIL]
[2025-12-31 19:09:29.426] WARNING: ❌ Gates Failed: Sample: 5/0.01/d [FAIL] | Bal: 0.0% [FAIL] | Jaccard: ERR [WARN] | ANOVA: N/A [WARN] | MI: 0.0000 [FAIL]
2025-12-31 19:09:29,426 - System.tprint - WARNING - ⚠️ ❌ Gates Failed: Sample: 5/0.01/d [FAIL] | Bal: 0.0% [FAIL] | Jaccard: ERR [WARN] | ANOVA: N/A [WARN] | MI: 0.0000 [FAIL]
[2025-12-31 19:09:29.439] WARNING: ❌ Gates Failed: Sample: 5/0.01/d [FAIL] | Bal: 0.0% [FAIL] | Jaccard: ERR [WARN] | ANOVA: N/A [WARN] | MI: 0.0000 [FAIL]
2025-12-31 19:09:29,439 - System.tprint - WARNING - ⚠️ ❌ Gates Failed: Sample: 5/0.01/d [FAIL] | Bal: 0.0% [FAIL] | Jaccard: ERR [WARN] | ANOVA: N/A [WARN] | MI: 0.0000 [FAIL]
[2025-12-31 19:09:29.452] WARNING: ❌ Gates Failed: Sample: 5/0.01/d [FAIL] | Bal: 0.0% [FAIL] | Jaccard: ERR [WARN] | ANOVA: N/A [WARN] | MI: 0.0000 [FAIL]
2025-12-31 19:09:29,452 - System.tprint - WARNING - ⚠️ ❌ Gates Failed: Sample: 5/0.01/d [FAIL] | Bal: 0.0% [FAIL] | Jaccard: ERR [WARN] | ANOVA: N/A [WARN] | MI: 0.0000 [FAIL]
[2025-12-31 19:09:29.464] WARNING: ❌ Gates Failed: Sample: 5/0.01/d [FAIL] | Bal: 0.0% [FAIL] | Jaccard: ERR [WARN] | ANOVA: N/A [WARN] | MI: 0.0000 [FAIL]
2025-12-31 19:09:29,465 - System.tprint - WARNING - ⚠️ ❌ Gates Failed: Sample: 5/0.01/d [FAIL] | Bal: 0.0% [FAIL] | Jaccard: ERR [WARN] | ANOVA: N/A [WARN] | MI: 0.0000 [FAIL]
[2025-12-31 19:09:29.476] WARNING: ❌ Gates Failed: Sample: 5/0.01/d [FAIL] | Bal: 0.0% [FAIL] | Jaccard: ERR [WARN] | ANOVA: N/A [WARN] | MI: 0.0000 [FAIL]
2025-12-31 19:09:29,476 - System.tprint - WARNING - ⚠️ ❌ Gates Failed: Sample: 5/0.01/d [FAIL] | Bal: 0.0% [FAIL] | Jaccard: ERR [WARN] | ANOVA: N/A [WARN] | MI: 0.0000 [FAIL]
[2025-12-31 19:09:29.488] WARNING: ❌ Gates Failed: Sample: 5/0.01/d [FAIL] | Bal: 0.0% [FAIL] | Jaccard: ERR [WARN] | ANOVA: N/A [WARN] | MI: 0.0000 [FAIL]
2025-12-31 19:09:29,489 - System.tprint - WARNING - ⚠️ ❌ Gates Failed: Sample: 5/0.01/d [FAIL] | Bal: 0.0% [FAIL] | Jaccard: ERR [WARN] | ANOVA: N/A [WARN] | MI: 0.0000 [FAIL]
[2025-12-31 19:09:29.501] WARNING: ❌ Gates Failed: Sample: 5/0.01/d [FAIL] | Bal: 0.0% [FAIL] | Jaccard: ERR [WARN] | ANOVA: N/A [WARN] | MI: 0.0000 [FAIL]
2025-12-31 19:09:29,501 - System.tprint - WARNING - ⚠️ ❌ Gates Failed: Sample: 5/0.01/d [FAIL] | Bal: 0.0% [FAIL] | Jaccard: ERR [WARN] | ANOVA: N/A [WARN] | MI: 0.0000 [FAIL]
[2025-12-31 19:09:29.515] WARNING: ❌ Gates Failed: Sample: 5/0.01/d [FAIL] | Bal: 0.0% [FAIL] | Jaccard: ERR [WARN] | ANOVA: N/A [WARN] | MI: 0.0000 [FAIL]
2025-12-31 19:09:29,515 - System.tprint - WARNING - ⚠️ ❌ Gates Failed: Sample: 5/0.01/d [FAIL] | Bal: 0.0% [FAIL] | Jaccard: ERR [WARN] | ANOVA: N/A [WARN] | MI: 0.0000 [FAIL]
[2025-12-31 19:09:29.529] WARNING: ❌ Gates Failed: Sample: 5/0.01/d [FAIL] | Bal: 0.0% [FAIL] | Jaccard: ERR [WARN] | ANOVA: N/A [WARN] | MI: 0.0000 [FAIL]
2025-12-31 19:09:29,529 - System.tprint - WARNING - ⚠️ ❌ Gates Failed: Sample: 5/0.01/d [FAIL] | Bal: 0.0% [FAIL] | Jaccard: ERR [WARN] | ANOVA: N/A [WARN] | MI: 0.0000 [FAIL]
[2025-12-31 19:09:29.542] WARNING: ❌ Gates Failed: Sample: 5/0.01/d [FAIL] | Bal: 0.0% [FAIL] | Jaccard: ERR [WARN] | ANOVA: N/A [WARN] | MI: 0.0000 [FAIL]
2025-12-31 19:09:29,542 - System.tprint - WARNING - ⚠️ ❌ Gates Failed: Sample: 5/0.01/d [FAIL] | Bal: 0.0% [FAIL] | Jaccard: ERR [WARN] | ANOVA: N/A [WARN] | MI: 0.0000 [FAIL]
[2025-12-31 19:09:29.554] WARNING: ❌ Gates Failed: Sample: 5/0.01/d [FAIL] | Bal: 0.0% [FAIL] | Jaccard: ERR [WARN] | ANOVA: N/A [WARN] | MI: 0.0000 [FAIL]
2025-12-31 19:09:29,555 - System.tprint - WARNING - ⚠️ ❌ Gates Failed: Sample: 5/0.01/d [FAIL] | Bal: 0.0% [FAIL] | Jaccard: ERR [WARN] | ANOVA: N/A [WARN] | MI: 0.0000 [FAIL]
[2025-12-31 19:09:29.567] WARNING: ❌ Gates Failed: Sample: 5/0.01/d [FAIL] | Bal: 0.0% [FAIL] | Jaccard: ERR [WARN] | ANOVA: N/A [WARN] | MI: 0.0000 [FAIL]
2025-12-31 19:09:29,567 - System.tprint - WARNING - ⚠️ ❌ Gates Failed: Sample: 5/0.01/d [FAIL] | Bal: 0.0% [FAIL] | Jaccard: ERR [WARN] | ANOVA: N/A [WARN] | MI: 0.0000 [FAIL]
[2025-12-31 19:09:29.580] WARNING: ❌ Gates Failed: Sample: 5/0.01/d [FAIL] | Bal: 0.0% [FAIL] | Jaccard: ERR [WARN] | ANOVA: N/A [WARN] | MI: 0.0000 [FAIL]
2025-12-31 19:09:29,580 - System.tprint - WARNING - ⚠️ ❌ Gates Failed: Sample: 5/0.01/d [FAIL] | Bal: 0.0% [FAIL] | Jaccard: ERR [WARN] | ANOVA: N/A [WARN] | MI: 0.0000 [FAIL]
[2025-12-31 19:09:29.592] WARNING: ❌ Gates Failed: Sample: 5/0.01/d [FAIL] | Bal: 0.0% [FAIL] | Jaccard: ERR [WARN] | ANOVA: N/A [WARN] | MI: 0.0000 [FAIL]
2025-12-31 19:09:29,592 - System.tprint - WARNING - ⚠️ ❌ Gates Failed: Sample: 5/0.01/d [FAIL] | Bal: 0.0% [FAIL] | Jaccard: ERR [WARN] | ANOVA: N/A [WARN] | MI: 0.0000 [FAIL]
[2025-12-31 19:09:29.605] WARNING: ❌ Gates Failed: Sample: 5/0.01/d [FAIL] | Bal: 0.0% [FAIL] | Jaccard: ERR [WARN] | ANOVA: N/A [WARN] | MI: 0.0000 [FAIL]
2025-12-31 19:09:29,606 - System.tprint - WARNING - ⚠️ ❌ Gates Failed: Sample: 5/0.01/d [FAIL] | Bal: 0.0% [FAIL] | Jaccard: ERR [WARN] | ANOVA: N/A [WARN] | MI: 0.0000 [FAIL]
[2025-12-31 19:09:29.619] WARNING: ❌ Gates Failed: Sample: 5/0.01/d [FAIL] | Bal: 0.0% [FAIL] | Jaccard: ERR [WARN] | ANOVA: N/A [WARN] | MI: 0.0000 [FAIL]
2025-12-31 19:09:29,619 - System.tprint - WARNING - ⚠️ ❌ Gates Failed: Sample: 5/0.01/d [FAIL] | Bal: 0.0% [FAIL] | Jaccard: ERR [WARN] | ANOVA: N/A [WARN] | MI: 0.0000 [FAIL]
[2025-12-31 19:09:29.631] WARNING: ❌ Gates Failed: Sample: 5/0.01/d [FAIL] | Bal: 0.0% [FAIL] | Jaccard: ERR [WARN] | ANOVA: N/A [WARN] | MI: 0.0000 [FAIL]
2025-12-31 19:09:29,631 - System.tprint - WARNING - ⚠️ ❌ Gates Failed: Sample: 5/0.01/d [FAIL] | Bal: 0.0% [FAIL] | Jaccard: ERR [WARN] | ANOVA: N/A [WARN] | MI: 0.0000 [FAIL]
[2025-12-31 19:09:29.644] WARNING: ❌ Gates Failed: Sample: 5/0.01/d [FAIL] | Bal: 0.0% [FAIL] | Jaccard: ERR [WARN] | ANOVA: N/A [WARN] | MI: 0.0000 [FAIL]
2025-12-31 19:09:29,644 - System.tprint - WARNING - ⚠️ ❌ Gates Failed: Sample: 5/0.01/d [FAIL] | Bal: 0.0% [FAIL] | Jaccard: ERR [WARN] | ANOVA: N/A [WARN] | MI: 0.0000 [FAIL]
[2025-12-31 19:09:29.656] WARNING: ❌ Gates Failed: Sample: 5/0.01/d [FAIL] | Bal: 0.0% [FAIL] | Jaccard: ERR [WARN] | ANOVA: N/A [WARN] | MI: 0.0000 [FAIL]
2025-12-31 19:09:29,656 - System.tprint - WARNING - ⚠️ ❌ Gates Failed: Sample: 5/0.01/d [FAIL] | Bal: 0.0% [FAIL] | Jaccard: ERR [WARN] | ANOVA: N/A [WARN] | MI: 0.0000 [FAIL]
[2025-12-31 19:09:29.669] WARNING: ❌ Gates Failed: Sample: 5/0.01/d [FAIL] | Bal: 0.0% [FAIL] | Jaccard: ERR [WARN] | ANOVA: N/A [WARN] | MI: 0.0000 [FAIL]
2025-12-31 19:09:29,669 - System.tprint - WARNING - ⚠️ ❌ Gates Failed: Sample: 5/0.01/d [FAIL] | Bal: 0.0% [FAIL] | Jaccard: ERR [WARN] | ANOVA: N/A [WARN] | MI: 0.0000 [FAIL]
[2025-12-31 19:09:29.682] WARNING: ❌ Gates Failed: Sample: 5/0.01/d [FAIL] | Bal: 0.0% [FAIL] | Jaccard: ERR [WARN] | ANOVA: N/A [WARN] | MI: 0.0000 [FAIL]
2025-12-31 19:09:29,682 - System.tprint - WARNING - ⚠️ ❌ Gates Failed: Sample: 5/0.01/d [FAIL] | Bal: 0.0% [FAIL] | Jaccard: ERR [WARN] | ANOVA: N/A [WARN] | MI: 0.0000 [FAIL]
[2025-12-31 19:09:29.694] WARNING: ❌ Gates Failed: Sample: 5/0.01/d [FAIL] | Bal: 0.0% [FAIL] | Jaccard: ERR [WARN] | ANOVA: N/A [WARN] | MI: 0.0000 [FAIL]
2025-12-31 19:09:29,694 - System.tprint - WARNING - ⚠️ ❌ Gates Failed: Sample: 5/0.01/d [FAIL] | Bal: 0.0% [FAIL] | Jaccard: ERR [WARN] | ANOVA: N/A [WARN] | MI: 0.0000 [FAIL]
[2025-12-31 19:09:29.707] WARNING: ❌ Gates Failed: Sample: 5/0.01/d [FAIL] | Bal: 0.0% [FAIL] | Jaccard: ERR [WARN] | ANOVA: N/A [WARN] | MI: 0.0000 [FAIL]
2025-12-31 19:09:29,707 - System.tprint - WARNING - ⚠️ ❌ Gates Failed: Sample: 5/0.01/d [FAIL] | Bal: 0.0% [FAIL] | Jaccard: ERR [WARN] | ANOVA: N/A [WARN] | MI: 0.0000 [FAIL]
[2025-12-31 19:09:29.719] WARNING: ❌ Gates Failed: Sample: 5/0.01/d [FAIL] | Bal: 0.0% [FAIL] | Jaccard: ERR [WARN] | ANOVA: N/A [WARN] | MI: 0.0000 [FAIL]
2025-12-31 19:09:29,719 - System.tprint - WARNING - ⚠️ ❌ Gates Failed: Sample: 5/0.01/d [FAIL] | Bal: 0.0% [FAIL] | Jaccard: ERR [WARN] | ANOVA: N/A [WARN] | MI: 0.0000 [FAIL]
[2025-12-31 19:09:29.731] WARNING: ❌ Gates Failed: Sample: 5/0.01/d [FAIL] | Bal: 0.0% [FAIL] | Jaccard: ERR [WARN] | ANOVA: N/A [WARN] | MI: 0.0000 [FAIL]
2025-12-31 19:09:29,731 - System.tprint - WARNING - ⚠️ ❌ Gates Failed: Sample: 5/0.01/d [FAIL] | Bal: 0.0% [FAIL] | Jaccard: ERR [WARN] | ANOVA: N/A [WARN] | MI: 0.0000 [FAIL]
[2025-12-31 19:09:29.744] WARNING: ❌ Gates Failed: Sample: 5/0.01/d [FAIL] | Bal: 0.0% [FAIL] | Jaccard: ERR [WARN] | ANOVA: N/A [WARN] | MI: 0.0000 [FAIL]
2025-12-31 19:09:29,744 - System.tprint - WARNING - ⚠️ ❌ Gates Failed: Sample: 5/0.01/d [FAIL] | Bal: 0.0% [FAIL] | Jaccard: ERR [WARN] | ANOVA: N/A [WARN] | MI: 0.0000 [FAIL]
[2025-12-31 19:09:29.756] WARNING: ❌ Gates Failed: Sample: 5/0.01/d [FAIL] | Bal: 0.0% [FAIL] | Jaccard: ERR [WARN] | ANOVA: N/A [WARN] | MI: 0.0000 [FAIL]
2025-12-31 19:09:29,756 - System.tprint - WARNING - ⚠️ ❌ Gates Failed: Sample: 5/0.01/d [FAIL] | Bal: 0.0% [FAIL] | Jaccard: ERR [WARN] | ANOVA: N/A [WARN] | MI: 0.0000 [FAIL]
[2025-12-31 19:09:29.768] WARNING: ❌ Gates Failed: Sample: 5/0.01/d [FAIL] | Bal: 0.0% [FAIL] | Jaccard: ERR [WARN] | ANOVA: N/A [WARN] | MI: 0.0000 [FAIL]
2025-12-31 19:09:29,768 - System.tprint - WARNING - ⚠️ ❌ Gates Failed: Sample: 5/0.01/d [FAIL] | Bal: 0.0% [FAIL] | Jaccard: ERR [WARN] | ANOVA: N/A [WARN] | MI: 0.0000 [FAIL]
[2025-12-31 19:09:29.781] WARNING: ❌ Gates Failed: Sample: 5/0.01/d [FAIL] | Bal: 0.0% [FAIL] | Jaccard: ERR [WARN] | ANOVA: N/A [WARN] | MI: 0.0000 [FAIL]
2025-12-31 19:09:29,781 - System.tprint - WARNING - ⚠️ ❌ Gates Failed: Sample: 5/0.01/d [FAIL] | Bal: 0.0% [FAIL] | Jaccard: ERR [WARN] | ANOVA: N/A [WARN] | MI: 0.0000 [FAIL]
[2025-12-31 19:09:29.793] WARNING: ❌ Gates Failed: Sample: 5/0.01/d [FAIL] | Bal: 0.0% [FAIL] | Jaccard: ERR [WARN] | ANOVA: N/A [WARN] | MI: 0.0000 [FAIL]
2025-12-31 19:09:29,793 - System.tprint - WARNING - ⚠️ ❌ Gates Failed: Sample: 5/0.01/d [FAIL] | Bal: 0.0% [FAIL] | Jaccard: ERR [WARN] | ANOVA: N/A [WARN] | MI: 0.0000 [FAIL]
[2025-12-31 19:09:29.805] WARNING: ❌ Gates Failed: Sample: 5/0.01/d [FAIL] | Bal: 0.0% [FAIL] | Jaccard: ERR [WARN] | ANOVA: N/A [WARN] | MI: 0.0000 [FAIL]
2025-12-31 19:09:29,805 - System.tprint - WARNING - ⚠️ ❌ Gates Failed: Sample: 5/0.01/d [FAIL] | Bal: 0.0% [FAIL] | Jaccard: ERR [WARN] | ANOVA: N/A [WARN] | MI: 0.0000 [FAIL]
[2025-12-31 19:09:29.818] WARNING: ❌ Gates Failed: Sample: 5/0.01/d [FAIL] | Bal: 0.0% [FAIL] | Jaccard: ERR [WARN] | ANOVA: N/A [WARN] | MI: 0.0000 [FAIL]
2025-12-31 19:09:29,818 - System.tprint - WARNING - ⚠️ ❌ Gates Failed: Sample: 5/0.01/d [FAIL] | Bal: 0.0% [FAIL] | Jaccard: ERR [WARN] | ANOVA: N/A [WARN] | MI: 0.0000 [FAIL]
[2025-12-31 19:09:29.831] WARNING: ❌ Gates Failed: Sample: 5/0.01/d [FAIL] | Bal: 0.0% [FAIL] | Jaccard: ERR [WARN] | ANOVA: N/A [WARN] | MI: 0.0000 [FAIL]
2025-12-31 19:09:29,831 - System.tprint - WARNING - ⚠️ ❌ Gates Failed: Sample: 5/0.01/d [FAIL] | Bal: 0.0% [FAIL] | Jaccard: ERR [WARN] | ANOVA: N/A [WARN] | MI: 0.0000 [FAIL]
[2025-12-31 19:09:29.844] WARNING: ❌ Gates Failed: Sample: 5/0.01/d [FAIL] | Bal: 0.0% [FAIL] | Jaccard: ERR [WARN] | ANOVA: N/A [WARN] | MI: 0.0000 [FAIL]
2025-12-31 19:09:29,844 - System.tprint - WARNING - ⚠️ ❌ Gates Failed: Sample: 5/0.01/d [FAIL] | Bal: 0.0% [FAIL] | Jaccard: ERR [WARN] | ANOVA: N/A [WARN] | MI: 0.0000 [FAIL]
[2025-12-31 19:09:29.857] WARNING: ❌ Gates Failed: Sample: 5/0.01/d [FAIL] | Bal: 0.0% [FAIL] | Jaccard: ERR [WARN] | ANOVA: N/A [WARN] | MI: 0.0000 [FAIL]
2025-12-31 19:09:29,857 - System.tprint - WARNING - ⚠️ ❌ Gates Failed: Sample: 5/0.01/d [FAIL] | Bal: 0.0% [FAIL] | Jaccard: ERR [WARN] | ANOVA: N/A [WARN] | MI: 0.0000 [FAIL]
[2025-12-31 19:09:29.869] WARNING: ❌ Gates Failed: Sample: 5/0.01/d [FAIL] | Bal: 0.0% [FAIL] | Jaccard: ERR [WARN] | ANOVA: N/A [WARN] | MI: 0.0000 [FAIL]
2025-12-31 19:09:29,870 - System.tprint - WARNING - ⚠️ ❌ Gates Failed: Sample: 5/0.01/d [FAIL] | Bal: 0.0% [FAIL] | Jaccard: ERR [WARN] | ANOVA: N/A [WARN] | MI: 0.0000 [FAIL]
[2025-12-31 19:09:29.882] WARNING: ❌ Gates Failed: Sample: 5/0.01/d [FAIL] | Bal: 0.0% [FAIL] | Jaccard: ERR [WARN] | ANOVA: N/A [WARN] | MI: 0.0000 [FAIL]
2025-12-31 19:09:29,882 - System.tprint - WARNING - ⚠️ ❌ Gates Failed: Sample: 5/0.01/d [FAIL] | Bal: 0.0% [FAIL] | Jaccard: ERR [WARN] | ANOVA: N/A [WARN] | MI: 0.0000 [FAIL]
[2025-12-31 19:09:29.895] WARNING: ❌ Gates Failed: Sample: 5/0.01/d [FAIL] | Bal: 0.0% [FAIL] | Jaccard: ERR [WARN] | ANOVA: N/A [WARN] | MI: 0.0000 [FAIL]
2025-12-31 19:09:29,895 - System.tprint - WARNING - ⚠️ ❌ Gates Failed: Sample: 5/0.01/d [FAIL] | Bal: 0.0% [FAIL] | Jaccard: ERR [WARN] | ANOVA: N/A [WARN] | MI: 0.0000 [FAIL]
[2025-12-31 19:09:29.907] WARNING: ❌ Gates Failed: Sample: 5/0.01/d [FAIL] | Bal: 0.0% [FAIL] | Jaccard: ERR [WARN] | ANOVA: N/A [WARN] | MI: 0.0000 [FAIL]
2025-12-31 19:09:29,907 - System.tprint - WARNING - ⚠️ ❌ Gates Failed: Sample: 5/0.01/d [FAIL] | Bal: 0.0% [FAIL] | Jaccard: ERR [WARN] | ANOVA: N/A [WARN] | MI: 0.0000 [FAIL]
[2025-12-31 19:09:29.920] WARNING: ❌ Gates Failed: Sample: 5/0.01/d [FAIL] | Bal: 0.0% [FAIL] | Jaccard: ERR [WARN] | ANOVA: N/A [WARN] | MI: 0.0000 [FAIL]
2025-12-31 19:09:29,920 - System.tprint - WARNING - ⚠️ ❌ Gates Failed: Sample: 5/0.01/d [FAIL] | Bal: 0.0% [FAIL] | Jaccard: ERR [WARN] | ANOVA: N/A [WARN] | MI: 0.0000 [FAIL]
[2025-12-31 19:09:29.932] WARNING: ❌ Gates Failed: Sample: 5/0.01/d [FAIL] | Bal: 0.0% [FAIL] | Jaccard: ERR [WARN] | ANOVA: N/A [WARN] | MI: 0.0000 [FAIL]
2025-12-31 19:09:29,932 - System.tprint - WARNING - ⚠️ ❌ Gates Failed: Sample: 5/0.01/d [FAIL] | Bal: 0.0% [FAIL] | Jaccard: ERR [WARN] | ANOVA: N/A [WARN] | MI: 0.0000 [FAIL]
[2025-12-31 19:09:29.944] WARNING: ❌ Gates Failed: Sample: 5/0.01/d [FAIL] | Bal: 0.0% [FAIL] | Jaccard: ERR [WARN] | ANOVA: N/A [WARN] | MI: 0.0000 [FAIL]
2025-12-31 19:09:29,945 - System.tprint - WARNING - ⚠️ ❌ Gates Failed: Sample: 5/0.01/d [FAIL] | Bal: 0.0% [FAIL] | Jaccard: ERR [WARN] | ANOVA: N/A [WARN] | MI: 0.0000 [FAIL]
[2025-12-31 19:09:29.957] WARNING: ❌ Gates Failed: Sample: 5/0.01/d [FAIL] | Bal: 0.0% [FAIL] | Jaccard: ERR [WARN] | ANOVA: N/A [WARN] | MI: 0.0000 [FAIL]
2025-12-31 19:09:29,957 - System.tprint - WARNING - ⚠️ ❌ Gates Failed: Sample: 5/0.01/d [FAIL] | Bal: 0.0% [FAIL] | Jaccard: ERR [WARN] | ANOVA: N/A [WARN] | MI: 0.0000 [FAIL]
2025-12-31 19:09:38,625 - src.utils.hardware.m1_memory_optimizer.M1MemoryOptimizer - INFO - ℹ️ 🧹 Moderate cleanup: 176 objects collected
2025-12-31 19:09:55,296 - src.training.steps.labeling.orthogonal_label_generation - INFO - ℹ️ Top 50% selection: Kept 153 from 307 candidates.
[LightGBM] [Info] Using self-defined objective function
[LightGBM] [Info] Using self-defined objective function
[LightGBM] [Info] Using self-defined objective function
[LightGBM] [Info] Using self-defined objective function
[LightGBM] [Info] Using self-defined objective function
[LightGBM] [Info] Using self-defined objective function
[LightGBM] [Info] Using self-defined objective function
[LightGBM] [Info] Using self-defined objective function
[LightGBM] [Info] Using self-defined objective function
2025-12-31 19:10:05,792 - src.utils.hardware.m1_memory_optimizer.M1MemoryOptimizer - INFO - ℹ️ 🧠 M1 Memory pressure at 0.78
[LightGBM] [Info] Using self-defined objective function
[LightGBM] [Info] Using self-defined objective function
[LightGBM] [Info] Using self-defined objective function
[LightGBM] [Info] Using self-defined objective function
[LightGBM] [Info] Using self-defined objective function
[LightGBM] [Info] Using self-defined objective function
[LightGBM] [Info] Using self-defined objective function
[LightGBM] [Info] Using self-defined objective function
[LightGBM] [Info] Using self-defined objective function
[LightGBM] [Info] Using self-defined objective function
[LightGBM] [Info] Using self-defined objective function
[LightGBM] [Info] Using self-defined objective function
[LightGBM] [Info] Using self-defined objective function
[LightGBM] [Info] Using self-defined objective function
[LightGBM] [Info] Using self-defined objective function
[LightGBM] [Info] Using self-defined objective function
[LightGBM] [Info] Using self-defined objective function
[LightGBM] [Info] Using self-defined objective function
[LightGBM] [Info] Using self-defined objective function
[LightGBM] [Info] Using self-defined objective function
[LightGBM] [Info] Using self-defined objective function
[LightGBM] [Info] Using self-defined objective function
[LightGBM] [Info] Using self-defined objective function
[LightGBM] [Info] Using self-defined objective function
[LightGBM] [Info] Using self-defined objective function
[LightGBM] [Info] Using self-defined objective function
[LightGBM] [Info] Using self-defined objective function
[LightGBM] [Info] Using self-defined objective function
[LightGBM] [Info] Using self-defined objective function
[LightGBM] [Info] Using self-defined objective function
[LightGBM] [Info] Using self-defined objective function
[LightGBM] [Info] Using self-defined objective function
[LightGBM] [Info] Using self-defined objective function
[LightGBM] [Info] Using self-defined objective function
[LightGBM] [Info] Using self-defined objective function
[LightGBM] [Info] Using self-defined objective function
[LightGBM] [Info] Using self-defined objective function
[LightGBM] [Info] Using self-defined objective function
[LightGBM] [Info] Using self-defined objective function
[LightGBM] [Info] Using self-defined objective function
[LightGBM] [Info] Using self-defined objective function
[LightGBM] [Info] Using self-defined objective function
[LightGBM] [Info] Using self-defined objective function
[LightGBM] [Info] Using self-defined objective function
[LightGBM] [Info] Using self-defined objective function
[LightGBM] [Info] Using self-defined objective function
[LightGBM] [Info] Using self-defined objective function
[LightGBM] [Info] Using self-defined objective function
[LightGBM] [Info] Using self-defined objective function
[LightGBM] [Info] Using self-defined objective function
[LightGBM] [Info] Using self-defined objective function
[LightGBM] [Info] Using self-defined objective function
[LightGBM] [Info] Using self-defined objective function
[LightGBM] [Info] Using self-defined objective function
[LightGBM] [Info] Using self-defined objective function
[LightGBM] [Info] Using self-defined objective function
[LightGBM] [Info] Using self-defined objective function
[LightGBM] [Info] Using self-defined objective function
[LightGBM] [Info] Using self-defined objective function
[LightGBM] [Info] Using self-defined objective function
[LightGBM] [Info] Using self-defined objective function
[LightGBM] [Info] Using self-defined objective function
[LightGBM] [Info] Using self-defined objective function
[LightGBM] [Info] Using self-defined objective function
[LightGBM] [Info] Using self-defined objective function
[LightGBM] [Info] Using self-defined objective function
[LightGBM] [Info] Using self-defined objective function
[LightGBM] [Info] Using self-defined objective function
[LightGBM] [Info] Using self-defined objective function
[LightGBM] [Info] Using self-defined objective function
[LightGBM] [Info] Using self-defined objective function
[LightGBM] [Info] Using self-defined objective function
[LightGBM] [Info] Using self-defined objective function
[LightGBM] [Info] Using self-defined objective function
[LightGBM] [Info] Using self-defined objective function
[LightGBM] [Info] Using self-defined objective function
[LightGBM] [Info] Using self-defined objective function
[LightGBM] [Info] Using self-defined objective function
[LightGBM] [Info] Using self-defined objective function
[LightGBM] [Info] Using self-defined objective function
[LightGBM] [Info] Using self-defined objective function
[LightGBM] [Info] Using self-defined objective function
[LightGBM] [Info] Using self-defined objective function
[LightGBM] [Info] Using self-defined objective function
[LightGBM] [Info] Using self-defined objective function
[LightGBM] [Info] Using self-defined objective function
[LightGBM] [Info] Using self-defined objective function
[LightGBM] [Info] Using self-defined objective function
[LightGBM] [Info] Using self-defined objective function
[LightGBM] [Info] Using self-defined objective function
[LightGBM] [Info] Using self-defined objective function
[LightGBM] [Info] Using self-defined objective function
[LightGBM] [Info] Using self-defined objective function
[LightGBM] [Info] Using self-defined objective function
[LightGBM] [Info] Using self-defined objective function
[LightGBM] [Info] Using self-defined objective function
[LightGBM] [Info] Using self-defined objective function
[LightGBM] [Info] Using self-defined objective function
[LightGBM] [Info] Using self-defined objective function
[LightGBM] [Info] Using self-defined objective function
[LightGBM] [Info] Using self-defined objective function
[LightGBM] [Info] Using self-defined objective function
[LightGBM] [Info] Using self-defined objective function
[LightGBM] [Info] Using self-defined objective function
[LightGBM] [Info] Using self-defined objective function
[LightGBM] [Info] Using self-defined objective function
[LightGBM] [Info] Using self-defined objective function
[LightGBM] [Info] Using self-defined objective function
[LightGBM] [Info] Using self-defined objective function
[LightGBM] [Info] Using self-defined objective function
[LightGBM] [Info] Using self-defined objective function
[LightGBM] [Info] Using self-defined objective function
[LightGBM] [Info] Using self-defined objective function
[LightGBM] [Info] Using self-defined objective function
[LightGBM] [Info] Using self-defined objective function
[LightGBM] [Info] Using self-defined objective function
[LightGBM] [Info] Using self-defined objective function
[LightGBM] [Info] Using self-defined objective function
[LightGBM] [Info] Using self-defined objective function
[LightGBM] [Info] Using self-defined objective function
[LightGBM] [Info] Using self-defined objective function
[LightGBM] [Info] Using self-defined objective function
[LightGBM] [Info] Using self-defined objective function
[LightGBM] [Info] Using self-defined objective function
[LightGBM] [Info] Using self-defined objective function
[LightGBM] [Info] Using self-defined objective function
2025-12-31 19:13:13,959 - System.ArtifactManager - INFO - ℹ️ Cleaned up artifacts directory
2025-12-31 19:13:13,961 - System.ArtifactManager - INFO - ℹ️ Removed older duplicate file: outcomes/geometry_gates_20251231_160636.csv
2025-12-31 19:13:13,962 - System.ArtifactManager - INFO - ℹ️ Cleaned up 1 older files for base name: geometry_gates
2025-12-31 19:13:13,962 - System.ArtifactManager - INFO - ℹ️ Removed older duplicate file: outcomes/layer0_summary_ETHUSDT_15m_20251231_170536.csv
2025-12-31 19:13:13,962 - System.ArtifactManager - INFO - ℹ️ Cleaned up 1 older files for base name: layer0_summary_ETHUSDT_15m
2025-12-31 19:13:13,963 - System.ArtifactManager - INFO - ℹ️ Removed older duplicate file: outcomes/layer0_report_ETHUSDT_15m_20251231_170536.md
2025-12-31 19:13:13,963 - System.ArtifactManager - INFO - ℹ️ Cleaned up 1 older files for base name: layer0_report_ETHUSDT_15m
2025-12-31 19:13:13,963 - System.ArtifactManager - INFO - ℹ️ Removed older duplicate file: outcomes/layer2_gate_diagnostics_20251231_160636.md
2025-12-31 19:13:13,963 - System.ArtifactManager - INFO - ℹ️ Cleaned up 1 older files for base name: layer2_gate_diagnostics
2025-12-31 19:13:13,964 - System.ArtifactManager - INFO - ℹ️ Cleaned up outcomes directory
2025-12-31 19:13:13,977 - System.ArtifactManager - INFO - ℹ️ Cleaned up logs directory
[LightGBM] [Info] Using self-defined objective function
[LightGBM] [Info] Using self-defined objective function
[LightGBM] [Info] Using self-defined objective function
[LightGBM] [Info] Using self-defined objective function
[LightGBM] [Info] Using self-defined objective function
[LightGBM] [Info] Using self-defined objective function
[LightGBM] [Info] Using self-defined objective function
[LightGBM] [Info] Using self-defined objective function
[LightGBM] [Info] Using self-defined objective function
[LightGBM] [Info] Using self-defined objective function
[LightGBM] [Info] Using self-defined objective function
[LightGBM] [Info] Using self-defined objective function
[LightGBM] [Info] Using self-defined objective function
[LightGBM] [Info] Using self-defined objective function
[LightGBM] [Info] Using self-defined objective function
[LightGBM] [Info] Using self-defined objective function
[LightGBM] [Info] Using self-defined objective function
[LightGBM] [Info] Using self-defined objective function
[LightGBM] [Info] Using self-defined objective function
[LightGBM] [Info] Using self-defined objective function
[LightGBM] [Info] Using self-defined objective function
[LightGBM] [Info] Using self-defined objective function
[LightGBM] [Info] Using self-defined objective function
[LightGBM] [Info] Using self-defined objective function
[LightGBM] [Info] Using self-defined objective function
[LightGBM] [Info] Using self-defined objective function
[LightGBM] [Info] Using self-defined objective function
[LightGBM] [Info] Using self-defined objective function
[LightGBM] [Info] Using self-defined objective function
[LightGBM] [Info] Using self-defined objective function
[LightGBM] [Info] Using self-defined objective function
[LightGBM] [Info] Using self-defined objective function
[LightGBM] [Info] Using self-defined objective function
[LightGBM] [Info] Using self-defined objective function
[LightGBM] [Info] Using self-defined objective function
[LightGBM] [Info] Using self-defined objective function
2025-12-31 19:14:11,318 - src.utils.hardware.m1_memory_optimizer.M1MemoryOptimizer - INFO - ℹ️ 🧹 Moderate cleanup: 9 objects collected
[LightGBM] [Info] Using self-defined objective function
[LightGBM] [Info] Using self-defined objective function
[LightGBM] [Info] Using self-defined objective function
[LightGBM] [Info] Using self-defined objective function
[LightGBM] [Info] Using self-defined objective function
[LightGBM] [Info] Using self-defined objective function
[LightGBM] [Info] Using self-defined objective function
[LightGBM] [Info] Using self-defined objective function
[LightGBM] [Info] Using self-defined objective function
2025-12-31 19:14:29,153 - src.utils.hardware.m1_memory_optimizer.M1MemoryOptimizer - INFO - ℹ️ 🧹 Moderate cleanup: 9 objects collected
[LightGBM] [Info] Using self-defined objective function
[LightGBM] [Info] Using self-defined objective function
[LightGBM] [Info] Using self-defined objective function
[LightGBM] [Info] Using self-defined objective function
[LightGBM] [Info] Using self-defined objective function
[LightGBM] [Info] Using self-defined objective function
[LightGBM] [Info] Using self-defined objective function
[LightGBM] [Info] Using self-defined objective function
[LightGBM] [Info] Using self-defined objective function
[LightGBM] [Info] Using self-defined objective function
[LightGBM] [Info] Using self-defined objective function
[LightGBM] [Info] Using self-defined objective function
[LightGBM] [Info] Using self-defined objective function
[LightGBM] [Info] Using self-defined objective function
[LightGBM] [Info] Using self-defined objective function
[LightGBM] [Info] Using self-defined objective function
[LightGBM] [Info] Using self-defined objective function
[LightGBM] [Info] Using self-defined objective function
[LightGBM] [Info] Using self-defined objective function
[LightGBM] [Info] Using self-defined objective function
[LightGBM] [Info] Using self-defined objective function
[LightGBM] [Info] Using self-defined objective function
[LightGBM] [Info] Using self-defined objective function
[LightGBM] [Info] Using self-defined objective function
[LightGBM] [Info] Using self-defined objective function
[LightGBM] [Info] Using self-defined objective function
[LightGBM] [Info] Using self-defined objective function
[LightGBM] [Info] Using self-defined objective function
[LightGBM] [Info] Using self-defined objective function
[LightGBM] [Info] Using self-defined objective function
[LightGBM] [Info] Using self-defined objective function
[LightGBM] [Info] Using self-defined objective function
[LightGBM] [Info] Using self-defined objective function
[LightGBM] [Info] Using self-defined objective function
[LightGBM] [Info] Using self-defined objective function
[LightGBM] [Info] Using self-defined objective function
[LightGBM] [Info] Using self-defined objective function
[LightGBM] [Info] Using self-defined objective function
[LightGBM] [Info] Using self-defined objective function
[LightGBM] [Info] Using self-defined objective function
[LightGBM] [Info] Using self-defined objective function
[LightGBM] [Info] Using self-defined objective function
2025-12-31 19:15:32,820 - src.utils.hardware.m1_memory_optimizer.M1MemoryOptimizer - INFO - ℹ️ 🧠 M1 Memory pressure at 0.76
[LightGBM] [Info] Using self-defined objective function
[LightGBM] [Info] Using self-defined objective function
[LightGBM] [Info] Using self-defined objective function
[LightGBM] [Info] Using self-defined objective function
[LightGBM] [Info] Using self-defined objective function
[LightGBM] [Info] Using self-defined objective function
[LightGBM] [Info] Using self-defined objective function
[LightGBM] [Info] Using self-defined objective function
[LightGBM] [Info] Using self-defined objective function
[LightGBM] [Info] Using self-defined objective function
[LightGBM] [Info] Using self-defined objective function
[LightGBM] [Info] Using self-defined objective function
[LightGBM] [Info] Using self-defined objective function
[LightGBM] [Info] Using self-defined objective function
[LightGBM] [Info] Using self-defined objective function
[LightGBM] [Info] Using self-defined objective function
[LightGBM] [Info] Using self-defined objective function
[LightGBM] [Info] Using self-defined objective function
[LightGBM] [Info] Using self-defined objective function
[LightGBM] [Info] Using self-defined objective function
[LightGBM] [Info] Using self-defined objective function
[LightGBM] [Info] Using self-defined objective function
[LightGBM] [Info] Using self-defined objective function
[LightGBM] [Info] Using self-defined objective function
[LightGBM] [Info] Using self-defined objective function
[LightGBM] [Info] Using self-defined objective function
[LightGBM] [Info] Using self-defined objective function
[LightGBM] [Info] Using self-defined objective function
[LightGBM] [Info] Using self-defined objective function
[LightGBM] [Info] Using self-defined objective function
[LightGBM] [Info] Using self-defined objective function
[LightGBM] [Info] Using self-defined objective function
[LightGBM] [Info] Using self-defined objective function
[LightGBM] [Info] Using self-defined objective function
[LightGBM] [Info] Using self-defined objective function
[LightGBM] [Info] Using self-defined objective function
[LightGBM] [Info] Using self-defined objective function
[LightGBM] [Info] Using self-defined objective function
[LightGBM] [Info] Using self-defined objective function
[LightGBM] [Info] Using self-defined objective function
[LightGBM] [Info] Using self-defined objective function
[LightGBM] [Info] Using self-defined objective function
[LightGBM] [Info] Using self-defined objective function
[LightGBM] [Info] Using self-defined objective function
[LightGBM] [Info] Using self-defined objective function
[LightGBM] [Info] Using self-defined objective function
[LightGBM] [Info] Using self-defined objective function
[LightGBM] [Info] Using self-defined objective function
[LightGBM] [Info] Using self-defined objective function
[LightGBM] [Info] Using self-defined objective function
[LightGBM] [Info] Using self-defined objective function
2025-12-31 19:17:17,748 - src.utils.hardware.m1_memory_optimizer.M1MemoryOptimizer - INFO - ℹ️ 🧹 Moderate cleanup: 159 objects collected
[LightGBM] [Info] Using self-defined objective function
[LightGBM] [Info] Using self-defined objective function
[LightGBM] [Info] Using self-defined objective function
[LightGBM] [Info] Using self-defined objective function
[LightGBM] [Info] Using self-defined objective function
[LightGBM] [Info] Using self-defined objective function
[LightGBM] [Info] Using self-defined objective function
[LightGBM] [Info] Using self-defined objective function
[LightGBM] [Info] Using self-defined objective function
2025-12-31 19:17:37,059 - src.utils.hardware.m1_memory_optimizer.M1MemoryOptimizer - INFO - ℹ️ 🧹 Moderate cleanup: 9 objects collected
[LightGBM] [Info] Using self-defined objective function
[LightGBM] [Info] Using self-defined objective function
[LightGBM] [Info] Using self-defined objective function
2025-12-31 19:17:43,061 - src.utils.hardware.m1_memory_optimizer.M1MemoryOptimizer - INFO - ℹ️ 🧹 Moderate cleanup: 147 objects collected
[LightGBM] [Info] Using self-defined objective function
[LightGBM] [Info] Using self-defined objective function
[LightGBM] [Info] Using self-defined objective function
2025-12-31 19:17:50,562 - src.utils.hardware.m1_memory_optimizer.M1MemoryOptimizer - INFO - ℹ️ 🧠 M1 Memory pressure at 0.79
[LightGBM] [Info] Using self-defined objective function
[LightGBM] [Info] Using self-defined objective function
[LightGBM] [Info] Using self-defined objective function
[LightGBM] [Info] Using self-defined objective function
[LightGBM] [Info] Using self-defined objective function
[LightGBM] [Info] Using self-defined objective function
[LightGBM] [Info] Using self-defined objective function
[LightGBM] [Info] Using self-defined objective function
[LightGBM] [Info] Using self-defined objective function
2025-12-31 19:18:19,507 - src.utils.hardware.m1_memory_optimizer.M1MemoryOptimizer - INFO - ℹ️ 🧹 Moderate cleanup: 164 objects collected
[LightGBM] [Info] Using self-defined objective function
[LightGBM] [Info] Using self-defined objective function
[LightGBM] [Info] Using self-defined objective function
[LightGBM] [Info] Using self-defined objective function
[LightGBM] [Info] Using self-defined objective function
[LightGBM] [Info] Using self-defined objective function
[LightGBM] [Info] Using self-defined objective function
[LightGBM] [Info] Using self-defined objective function
[LightGBM] [Info] Using self-defined objective function
2025-12-31 19:18:47,685 - src.utils.hardware.m1_memory_optimizer.M1MemoryOptimizer - INFO - ℹ️ 🧹 Moderate cleanup: 189 objects collected
[LightGBM] [Info] Using self-defined objective function
[LightGBM] [Info] Using self-defined objective function
[LightGBM] [Info] Using self-defined objective function
2025-12-31 19:18:59,589 - src.utils.hardware.m1_memory_optimizer.M1MemoryOptimizer - INFO - ℹ️ 🧹 Moderate cleanup: 140 objects collected
[LightGBM] [Info] Using self-defined objective function
[LightGBM] [Info] Using self-defined objective function
[LightGBM] [Info] Using self-defined objective function
[LightGBM] [Info] Using self-defined objective function
[LightGBM] [Info] Using self-defined objective function
[LightGBM] [Info] Using self-defined objective function
[LightGBM] [Info] Using self-defined objective function
[LightGBM] [Info] Using self-defined objective function
[LightGBM] [Info] Using self-defined objective function
[LightGBM] [Info] Using self-defined objective function
[LightGBM] [Info] Using self-defined objective function
[LightGBM] [Info] Using self-defined objective function
[LightGBM] [Info] Using self-defined objective function
[LightGBM] [Info] Using self-defined objective function
[LightGBM] [Info] Using self-defined objective function
[LightGBM] [Info] Using self-defined objective function
[LightGBM] [Info] Using self-defined objective function
[LightGBM] [Info] Using self-defined objective function
[LightGBM] [Info] Using self-defined objective function
[LightGBM] [Info] Using self-defined objective function
[LightGBM] [Info] Using self-defined objective function
[LightGBM] [Info] Using self-defined objective function
[LightGBM] [Info] Using self-defined objective function
[LightGBM] [Info] Using self-defined objective function
[LightGBM] [Info] Using self-defined objective function
[LightGBM] [Info] Using self-defined objective function
[LightGBM] [Info] Using self-defined objective function
[LightGBM] [Info] Using self-defined objective function
[LightGBM] [Info] Using self-defined objective function
[LightGBM] [Info] Using self-defined objective function
[LightGBM] [Info] Using self-defined objective function
[LightGBM] [Info] Using self-defined objective function
[LightGBM] [Info] Using self-defined objective function
2025-12-31 19:20:06,316 - src.utils.hardware.m1_memory_optimizer.M1MemoryOptimizer - INFO - ℹ️ 🧠 M1 Memory pressure at 0.77
[LightGBM] [Info] Using self-defined objective function
[LightGBM] [Info] Using self-defined objective function
[LightGBM] [Info] Using self-defined objective function
[LightGBM] [Info] Using self-defined objective function
[LightGBM] [Info] Using self-defined objective function
[LightGBM] [Info] Using self-defined objective function
[LightGBM] [Info] Using self-defined objective function
[LightGBM] [Info] Using self-defined objective function
[LightGBM] [Info] Using self-defined objective function
[LightGBM] [Info] Using self-defined objective function
[LightGBM] [Info] Using self-defined objective function
[LightGBM] [Info] Using self-defined objective function
[LightGBM] [Info] Using self-defined objective function
[LightGBM] [Info] Using self-defined objective function
[LightGBM] [Info] Using self-defined objective function
[LightGBM] [Info] Using self-defined objective function
[LightGBM] [Info] Using self-defined objective function
[LightGBM] [Info] Using self-defined objective function
[LightGBM] [Info] Using self-defined objective function
[LightGBM] [Info] Using self-defined objective function
[LightGBM] [Info] Using self-defined objective function
[LightGBM] [Info] Using self-defined objective function
[LightGBM] [Info] Using self-defined objective function
[LightGBM] [Info] Using self-defined objective function
[LightGBM] [Info] Using self-defined objective function
[LightGBM] [Info] Using self-defined objective function
[LightGBM] [Info] Using self-defined objective function
[LightGBM] [Info] Using self-defined objective function
[LightGBM] [Info] Using self-defined objective function
[LightGBM] [Info] Using self-defined objective function
[LightGBM] [Info] Using self-defined objective function
[LightGBM] [Info] Using self-defined objective function
[LightGBM] [Info] Using self-defined objective function
[LightGBM] [Info] Using self-defined objective function
[LightGBM] [Info] Using self-defined objective function
[LightGBM] [Info] Using self-defined objective function
[LightGBM] [Info] Using self-defined objective function
[LightGBM] [Info] Using self-defined objective function
[LightGBM] [Info] Using self-defined objective function
[LightGBM] [Info] Using self-defined objective function
[LightGBM] [Info] Using self-defined objective function
[LightGBM] [Info] Using self-defined objective function
[LightGBM] [Info] Using self-defined objective function
[LightGBM] [Info] Using self-defined objective function
[LightGBM] [Info] Using self-defined objective function
[LightGBM] [Info] Using self-defined objective function
[LightGBM] [Info] Using self-defined objective function
[LightGBM] [Info] Using self-defined objective function
[LightGBM] [Info] Using self-defined objective function
[LightGBM] [Info] Using self-defined objective function
[LightGBM] [Info] Using self-defined objective function
[LightGBM] [Info] Using self-defined objective function
[LightGBM] [Info] Using self-defined objective function
[LightGBM] [Info] Using self-defined objective function
[LightGBM] [Info] Using self-defined objective function
[LightGBM] [Info] Using self-defined objective function
[LightGBM] [Info] Using self-defined objective function
[LightGBM] [Info] Using self-defined objective function
[LightGBM] [Info] Using self-defined objective function
[LightGBM] [Info] Using self-defined objective function
[LightGBM] [Info] Using self-defined objective function
[LightGBM] [Info] Using self-defined objective function
[LightGBM] [Info] Using self-defined objective function
[LightGBM] [Info] Using self-defined objective function
[LightGBM] [Info] Using self-defined objective function
[LightGBM] [Info] Using self-defined objective function
[LightGBM] [Info] Using self-defined objective function
[LightGBM] [Info] Using self-defined objective function
[LightGBM] [Info] Using self-defined objective function
[LightGBM] [Info] Using self-defined objective function
[LightGBM] [Info] Using self-defined objective function
[LightGBM] [Info] Using self-defined objective function
[LightGBM] [Info] Using self-defined objective function
[LightGBM] [Info] Using self-defined objective function
[LightGBM] [Info] Using self-defined objective function
[LightGBM] [Info] Using self-defined objective function
[LightGBM] [Info] Using self-defined objective function
[LightGBM] [Info] Using self-defined objective function
[LightGBM] [Info] Using self-defined objective function
[LightGBM] [Info] Using self-defined objective function
[LightGBM] [Info] Using self-defined objective function
[LightGBM] [Info] Using self-defined objective function
[LightGBM] [Info] Using self-defined objective function
[LightGBM] [Info] Using self-defined objective function
[LightGBM] [Info] Using self-defined objective function
[LightGBM] [Info] Using self-defined objective function
[LightGBM] [Info] Using self-defined objective function
[LightGBM] [Info] Using self-defined objective function
[LightGBM] [Info] Using self-defined objective function
[LightGBM] [Info] Using self-defined objective function
[LightGBM] [Info] Using self-defined objective function
[LightGBM] [Info] Using self-defined objective function
[LightGBM] [Info] Using self-defined objective function
[LightGBM] [Info] Using self-defined objective function
[LightGBM] [Info] Using self-defined objective function
[LightGBM] [Info] Using self-defined objective function
[LightGBM] [Info] Using self-defined objective function
[LightGBM] [Info] Using self-defined objective function
[LightGBM] [Info] Using self-defined objective function
[LightGBM] [Info] Using self-defined objective function
[LightGBM] [Info] Using self-defined objective function
[LightGBM] [Info] Using self-defined objective function
[LightGBM] [Info] Using self-defined objective function
[LightGBM] [Info] Using self-defined objective function
[LightGBM] [Info] Using self-defined objective function
[LightGBM] [Info] Using self-defined objective function
[LightGBM] [Info] Using self-defined objective function
[LightGBM] [Info] Using self-defined objective function
[LightGBM] [Info] Using self-defined objective function
[LightGBM] [Info] Using self-defined objective function
[LightGBM] [Info] Using self-defined objective function
[LightGBM] [Info] Using self-defined objective function
[LightGBM] [Info] Using self-defined objective function
[LightGBM] [Info] Using self-defined objective function
[LightGBM] [Info] Using self-defined objective function
[LightGBM] [Info] Using self-defined objective function
[LightGBM] [Info] Using self-defined objective function
2025-12-31 19:23:44,281 - src.training.steps.labeling.orthogonal_label_generation - INFO - ℹ️ Applying final diversity filter to 153 geometries...
2025-12-31 19:25:27,969 - src.training.steps.labeling.orthogonal_label_generation - INFO - ℹ️ ❌ Rejected VOL_CUSUM_{'h': 0.09832468424164222, 'vol_span': 50, 'risk_budget': 0.4, 'pt_mult': 2.0, 'sl_mult': 0.8, 'horizon': 48} (AUC=0.490): Returns correlation 1.000 > 0.8 with PRICE_CUSUM_{'params': (0.75, 40), 'risk_budget': 0.7, 'pt_mult': 2.5, 'sl_mult': 0.7, 'horizon': 48}
2025-12-31 19:25:27,974 - src.training.steps.labeling.orthogonal_label_generation - INFO - ℹ️ ❌ Rejected VOL_CUSUM_{'h': 0.09832468424164222, 'vol_span': 50, 'risk_budget': 0.7, 'pt_mult': 2.0, 'sl_mult': 0.8, 'horizon': 48} (AUC=0.490): Returns correlation 1.000 > 0.8 with PRICE_CUSUM_{'params': (0.75, 40), 'risk_budget': 0.7, 'pt_mult': 2.5, 'sl_mult': 0.7, 'horizon': 48}
2025-12-31 19:25:27,980 - src.training.steps.labeling.orthogonal_label_generation - INFO - ℹ️ ❌ Rejected VOL_CUSUM_{'h': 0.09832468424164222, 'vol_span': 50, 'risk_budget': 1.0, 'pt_mult': 2.0, 'sl_mult': 0.8, 'horizon': 48} (AUC=0.490): Returns correlation 1.000 > 0.8 with PRICE_CUSUM_{'params': (0.75, 40), 'risk_budget': 0.7, 'pt_mult': 2.5, 'sl_mult': 0.7, 'horizon': 48}
2025-12-31 19:25:27,985 - src.training.steps.labeling.orthogonal_label_generation - INFO - ℹ️ ❌ Rejected VOL_CUSUM_{'h': 0.09832468424164222, 'vol_span': 50, 'risk_budget': 0.4, 'pt_mult': 2.0, 'sl_mult': 0.6, 'horizon': 48} (AUC=0.490): Returns correlation 1.000 > 0.8 with PRICE_CUSUM_{'params': (0.75, 40), 'risk_budget': 0.7, 'pt_mult': 2.5, 'sl_mult': 0.7, 'horizon': 48}
2025-12-31 19:25:27,990 - src.training.steps.labeling.orthogonal_label_generation - INFO - ℹ️ ❌ Rejected VOL_CUSUM_{'h': 0.09832468424164222, 'vol_span': 50, 'risk_budget': 0.7, 'pt_mult': 2.0, 'sl_mult': 0.6, 'horizon': 48} (AUC=0.490): Returns correlation 1.000 > 0.8 with PRICE_CUSUM_{'params': (0.75, 40), 'risk_budget': 0.7, 'pt_mult': 2.5, 'sl_mult': 0.7, 'horizon': 48}
2025-12-31 19:25:27,994 - src.training.steps.labeling.orthogonal_label_generation - INFO - ℹ️ ❌ Rejected VOL_CUSUM_{'h': 0.09832468424164222, 'vol_span': 50, 'risk_budget': 1.0, 'pt_mult': 2.0, 'sl_mult': 0.6, 'horizon': 48} (AUC=0.490): Returns correlation 1.000 > 0.8 with PRICE_CUSUM_{'params': (0.75, 40), 'risk_budget': 0.7, 'pt_mult': 2.5, 'sl_mult': 0.7, 'horizon': 48}
2025-12-31 19:25:27,999 - src.training.steps.labeling.orthogonal_label_generation - INFO - ℹ️ ❌ Rejected VOL_CUSUM_{'h': 0.09832468424164222, 'vol_span': 100, 'risk_budget': 0.4, 'pt_mult': 2.25, 'sl_mult': 0.75, 'horizon': 48} (AUC=0.478): Returns correlation 1.000 > 0.8 with PRICE_CUSUM_{'params': (0.75, 40), 'risk_budget': 0.7, 'pt_mult': 2.5, 'sl_mult': 0.7, 'horizon': 48}
2025-12-31 19:25:28,004 - src.training.steps.labeling.orthogonal_label_generation - INFO - ℹ️ ❌ Rejected VOL_CUSUM_{'h': 0.09832468424164222, 'vol_span': 100, 'risk_budget': 0.7, 'pt_mult': 2.25, 'sl_mult': 0.75, 'horizon': 48} (AUC=0.478): Returns correlation 1.000 > 0.8 with PRICE_CUSUM_{'params': (0.75, 40), 'risk_budget': 0.7, 'pt_mult': 2.5, 'sl_mult': 0.7, 'horizon': 48}
2025-12-31 19:25:28,009 - src.training.steps.labeling.orthogonal_label_generation - INFO - ℹ️ ❌ Rejected VOL_CUSUM_{'h': 0.09832468424164222, 'vol_span': 100, 'risk_budget': 1.0, 'pt_mult': 2.25, 'sl_mult': 0.75, 'horizon': 48} (AUC=0.478): Returns correlation 1.000 > 0.8 with PRICE_CUSUM_{'params': (0.75, 40), 'risk_budget': 0.7, 'pt_mult': 2.5, 'sl_mult': 0.7, 'horizon': 48}
2025-12-31 19:25:28,014 - src.training.steps.labeling.orthogonal_label_generation - INFO - ℹ️ ❌ Rejected VOL_CUSUM_{'h': 0.09832468424164222, 'vol_span': 100, 'risk_budget': 0.4, 'pt_mult': 2.25, 'sl_mult': 0.6, 'horizon': 48} (AUC=0.478): Returns correlation 1.000 > 0.8 with PRICE_CUSUM_{'params': (0.75, 40), 'risk_budget': 0.7, 'pt_mult': 2.5, 'sl_mult': 0.7, 'horizon': 48}
2025-12-31 19:25:28,019 - src.training.steps.labeling.orthogonal_label_generation - INFO - ℹ️ ❌ Rejected VOL_CUSUM_{'h': 0.09832468424164222, 'vol_span': 100, 'risk_budget': 0.7, 'pt_mult': 2.25, 'sl_mult': 0.6, 'horizon': 48} (AUC=0.478): Returns correlation 1.000 > 0.8 with PRICE_CUSUM_{'params': (0.75, 40), 'risk_budget': 0.7, 'pt_mult': 2.5, 'sl_mult': 0.7, 'horizon': 48}
2025-12-31 19:25:28,024 - src.training.steps.labeling.orthogonal_label_generation - INFO - ℹ️ ❌ Rejected VOL_CUSUM_{'h': 0.09832468424164222, 'vol_span': 100, 'risk_budget': 1.0, 'pt_mult': 2.25, 'sl_mult': 0.6, 'horizon': 48} (AUC=0.478): Returns correlation 1.000 > 0.8 with PRICE_CUSUM_{'params': (0.75, 40), 'risk_budget': 0.7, 'pt_mult': 2.5, 'sl_mult': 0.7, 'horizon': 48}
2025-12-31 19:25:28,028 - src.training.steps.labeling.orthogonal_label_generation - INFO - ℹ️ ❌ Rejected VOL_CUSUM_{'h': 0.09832468424164222, 'vol_span': 100, 'risk_budget': 0.4, 'pt_mult': 1.5, 'sl_mult': 0.75, 'horizon': 48} (AUC=0.406): Returns correlation 1.000 > 0.8 with PRICE_CUSUM_{'params': (0.75, 40), 'risk_budget': 0.7, 'pt_mult': 2.5, 'sl_mult': 0.7, 'horizon': 48}
2025-12-31 19:25:28,033 - src.training.steps.labeling.orthogonal_label_generation - INFO - ℹ️ ❌ Rejected VOL_CUSUM_{'h': 0.09832468424164222, 'vol_span': 100, 'risk_budget': 0.7, 'pt_mult': 1.5, 'sl_mult': 0.75, 'horizon': 48} (AUC=0.406): Returns correlation 1.000 > 0.8 with PRICE_CUSUM_{'params': (0.75, 40), 'risk_budget': 0.7, 'pt_mult': 2.5, 'sl_mult': 0.7, 'horizon': 48}
2025-12-31 19:25:28,038 - src.training.steps.labeling.orthogonal_label_generation - INFO - ℹ️ ❌ Rejected VOL_CUSUM_{'h': 0.09832468424164222, 'vol_span': 100, 'risk_budget': 1.0, 'pt_mult': 1.5, 'sl_mult': 0.75, 'horizon': 48} (AUC=0.406): Returns correlation 1.000 > 0.8 with PRICE_CUSUM_{'params': (0.75, 40), 'risk_budget': 0.7, 'pt_mult': 2.5, 'sl_mult': 0.7, 'horizon': 48}
2025-12-31 19:25:28,043 - src.training.steps.labeling.orthogonal_label_generation - INFO - ℹ️ ❌ Rejected VOL_CUSUM_{'h': 0.09832468424164222, 'vol_span': 100, 'risk_budget': 0.4, 'pt_mult': 1.5, 'sl_mult': 0.5, 'horizon': 48} (AUC=0.406): Returns correlation 1.000 > 0.8 with PRICE_CUSUM_{'params': (0.75, 40), 'risk_budget': 0.7, 'pt_mult': 2.5, 'sl_mult': 0.7, 'horizon': 48}
2025-12-31 19:25:28,048 - src.training.steps.labeling.orthogonal_label_generation - INFO - ℹ️ ❌ Rejected VOL_CUSUM_{'h': 0.09832468424164222, 'vol_span': 100, 'risk_budget': 0.7, 'pt_mult': 1.5, 'sl_mult': 0.5, 'horizon': 48} (AUC=0.406): Returns correlation 1.000 > 0.8 with PRICE_CUSUM_{'params': (0.75, 40), 'risk_budget': 0.7, 'pt_mult': 2.5, 'sl_mult': 0.7, 'horizon': 48}
2025-12-31 19:25:28,053 - src.training.steps.labeling.orthogonal_label_generation - INFO - ℹ️ ❌ Rejected VOL_CUSUM_{'h': 0.09832468424164222, 'vol_span': 100, 'risk_budget': 1.0, 'pt_mult': 1.5, 'sl_mult': 0.5, 'horizon': 48} (AUC=0.406): Returns correlation 1.000 > 0.8 with PRICE_CUSUM_{'params': (0.75, 40), 'risk_budget': 0.7, 'pt_mult': 2.5, 'sl_mult': 0.7, 'horizon': 48}
2025-12-31 19:25:28,058 - src.training.steps.labeling.orthogonal_label_generation - INFO - ℹ️ ❌ Rejected VOL_CUSUM_{'h': 0.09832468424164222, 'vol_span': 50, 'risk_budget': 0.4, 'pt_mult': 1.5, 'sl_mult': 0.75, 'horizon': 12} (AUC=0.344): Returns correlation 1.000 > 0.8 with PRICE_CUSUM_{'params': (0.75, 40), 'risk_budget': 0.7, 'pt_mult': 2.5, 'sl_mult': 0.7, 'horizon': 48}
2025-12-31 19:25:28,063 - src.training.steps.labeling.orthogonal_label_generation - INFO - ℹ️ ❌ Rejected VOL_CUSUM_{'h': 0.09832468424164222, 'vol_span': 50, 'risk_budget': 0.7, 'pt_mult': 1.5, 'sl_mult': 0.75, 'horizon': 12} (AUC=0.344): Returns correlation 1.000 > 0.8 with PRICE_CUSUM_{'params': (0.75, 40), 'risk_budget': 0.7, 'pt_mult': 2.5, 'sl_mult': 0.7, 'horizon': 48}
2025-12-31 19:25:28,069 - src.training.steps.labeling.orthogonal_label_generation - INFO - ℹ️ ❌ Rejected VOL_CUSUM_{'h': 0.09832468424164222, 'vol_span': 50, 'risk_budget': 1.0, 'pt_mult': 1.5, 'sl_mult': 0.75, 'horizon': 12} (AUC=0.344): Returns correlation 1.000 > 0.8 with PRICE_CUSUM_{'params': (0.75, 40), 'risk_budget': 0.7, 'pt_mult': 2.5, 'sl_mult': 0.7, 'horizon': 48}
2025-12-31 19:25:28,073 - src.training.steps.labeling.orthogonal_label_generation - INFO - ℹ️ ❌ Rejected VOL_CUSUM_{'h': 0.09832468424164222, 'vol_span': 50, 'risk_budget': 0.4, 'pt_mult': 1.5, 'sl_mult': 0.5, 'horizon': 12} (AUC=0.344): Returns correlation 1.000 > 0.8 with PRICE_CUSUM_{'params': (0.75, 40), 'risk_budget': 0.7, 'pt_mult': 2.5, 'sl_mult': 0.7, 'horizon': 48}
2025-12-31 19:25:28,078 - src.training.steps.labeling.orthogonal_label_generation - INFO - ℹ️ ❌ Rejected VOL_CUSUM_{'h': 0.09832468424164222, 'vol_span': 50, 'risk_budget': 0.7, 'pt_mult': 1.5, 'sl_mult': 0.5, 'horizon': 12} (AUC=0.344): Returns correlation 1.000 > 0.8 with PRICE_CUSUM_{'params': (0.75, 40), 'risk_budget': 0.7, 'pt_mult': 2.5, 'sl_mult': 0.7, 'horizon': 48}
2025-12-31 19:25:28,083 - src.training.steps.labeling.orthogonal_label_generation - INFO - ℹ️ ❌ Rejected VOL_CUSUM_{'h': 0.09832468424164222, 'vol_span': 50, 'risk_budget': 1.0, 'pt_mult': 1.5, 'sl_mult': 0.5, 'horizon': 12} (AUC=0.344): Returns correlation 1.000 > 0.8 with PRICE_CUSUM_{'params': (0.75, 40), 'risk_budget': 0.7, 'pt_mult': 2.5, 'sl_mult': 0.7, 'horizon': 48}
2025-12-31 19:25:28,088 - src.training.steps.labeling.orthogonal_label_generation - INFO - ℹ️ ❌ Rejected VOL_CUSUM_{'h': 0.09832468424164222, 'vol_span': 50, 'risk_budget': 0.4, 'pt_mult': 1.5, 'sl_mult': 0.75, 'horizon': 48} (AUC=0.333): Returns correlation 1.000 > 0.8 with PRICE_CUSUM_{'params': (0.75, 40), 'risk_budget': 0.7, 'pt_mult': 2.5, 'sl_mult': 0.7, 'horizon': 48}
2025-12-31 19:25:28,093 - src.training.steps.labeling.orthogonal_label_generation - INFO - ℹ️ ❌ Rejected VOL_CUSUM_{'h': 0.09832468424164222, 'vol_span': 50, 'risk_budget': 0.7, 'pt_mult': 1.5, 'sl_mult': 0.75, 'horizon': 48} (AUC=0.333): Returns correlation 1.000 > 0.8 with PRICE_CUSUM_{'params': (0.75, 40), 'risk_budget': 0.7, 'pt_mult': 2.5, 'sl_mult': 0.7, 'horizon': 48}
2025-12-31 19:25:28,097 - src.training.steps.labeling.orthogonal_label_generation - INFO - ℹ️ ❌ Rejected VOL_CUSUM_{'h': 0.09832468424164222, 'vol_span': 50, 'risk_budget': 1.0, 'pt_mult': 1.5, 'sl_mult': 0.75, 'horizon': 48} (AUC=0.333): Returns correlation 1.000 > 0.8 with PRICE_CUSUM_{'params': (0.75, 40), 'risk_budget': 0.7, 'pt_mult': 2.5, 'sl_mult': 0.7, 'horizon': 48}
2025-12-31 19:25:28,103 - src.training.steps.labeling.orthogonal_label_generation - INFO - ℹ️ ❌ Rejected VOL_CUSUM_{'h': 0.09832468424164222, 'vol_span': 50, 'risk_budget': 0.4, 'pt_mult': 1.5, 'sl_mult': 0.5, 'horizon': 48} (AUC=0.333): Returns correlation 1.000 > 0.8 with PRICE_CUSUM_{'params': (0.75, 40), 'risk_budget': 0.7, 'pt_mult': 2.5, 'sl_mult': 0.7, 'horizon': 48}
2025-12-31 19:25:28,108 - src.training.steps.labeling.orthogonal_label_generation - INFO - ℹ️ ❌ Rejected VOL_CUSUM_{'h': 0.09832468424164222, 'vol_span': 50, 'risk_budget': 0.7, 'pt_mult': 1.5, 'sl_mult': 0.5, 'horizon': 48} (AUC=0.333): Returns correlation 1.000 > 0.8 with PRICE_CUSUM_{'params': (0.75, 40), 'risk_budget': 0.7, 'pt_mult': 2.5, 'sl_mult': 0.7, 'horizon': 48}
2025-12-31 19:25:28,113 - src.training.steps.labeling.orthogonal_label_generation - INFO - ℹ️ ❌ Rejected VOL_CUSUM_{'h': 0.09832468424164222, 'vol_span': 50, 'risk_budget': 1.0, 'pt_mult': 1.5, 'sl_mult': 0.5, 'horizon': 48} (AUC=0.333): Returns correlation 1.000 > 0.8 with PRICE_CUSUM_{'params': (0.75, 40), 'risk_budget': 0.7, 'pt_mult': 2.5, 'sl_mult': 0.7, 'horizon': 48}
2025-12-31 19:25:28,117 - src.training.steps.labeling.orthogonal_label_generation - INFO - ℹ️ ❌ Rejected PRICE_CUSUM_{'params': (0.5, 20), 'risk_budget': 1.0, 'pt_mult': 3.0, 'sl_mult': 0.8, 'horizon': 12} (AUC=0.286): Jaccard similarity 0.726 > 0.7 with PRICE_CUSUM_{'params': (0.75, 40), 'risk_budget': 0.7, 'pt_mult': 2.5, 'sl_mult': 0.7, 'horizon': 48}; Returns correlation 1.000 > 0.8 with PRICE_CUSUM_{'params': (0.75, 40), 'risk_budget': 0.7, 'pt_mult': 2.5, 'sl_mult': 0.7, 'horizon': 48}
2025-12-31 19:25:28,122 - src.training.steps.labeling.orthogonal_label_generation - INFO - ℹ️ ❌ Rejected VOL_CUSUM_{'h': 0.09832468424164222, 'vol_span': 100, 'risk_budget': 0.4, 'pt_mult': 2.0, 'sl_mult': 0.8, 'horizon': 12} (AUC=0.265): Returns correlation 1.000 > 0.8 with PRICE_CUSUM_{'params': (0.75, 40), 'risk_budget': 0.7, 'pt_mult': 2.5, 'sl_mult': 0.7, 'horizon': 48}
2025-12-31 19:25:28,127 - src.training.steps.labeling.orthogonal_label_generation - INFO - ℹ️ ❌ Rejected VOL_CUSUM_{'h': 0.09832468424164222, 'vol_span': 100, 'risk_budget': 0.7, 'pt_mult': 2.0, 'sl_mult': 0.8, 'horizon': 12} (AUC=0.265): Returns correlation 1.000 > 0.8 with PRICE_CUSUM_{'params': (0.75, 40), 'risk_budget': 0.7, 'pt_mult': 2.5, 'sl_mult': 0.7, 'horizon': 48}
2025-12-31 19:25:28,132 - src.training.steps.labeling.orthogonal_label_generation - INFO - ℹ️ ❌ Rejected VOL_CUSUM_{'h': 0.09832468424164222, 'vol_span': 100, 'risk_budget': 1.0, 'pt_mult': 2.0, 'sl_mult': 0.8, 'horizon': 12} (AUC=0.265): Returns correlation 1.000 > 0.8 with PRICE_CUSUM_{'params': (0.75, 40), 'risk_budget': 0.7, 'pt_mult': 2.5, 'sl_mult': 0.7, 'horizon': 48}
2025-12-31 19:25:28,137 - src.training.steps.labeling.orthogonal_label_generation - INFO - ℹ️ ❌ Rejected VOL_CUSUM_{'h': 0.09832468424164222, 'vol_span': 100, 'risk_budget': 0.4, 'pt_mult': 2.0, 'sl_mult': 0.6, 'horizon': 12} (AUC=0.265): Returns correlation 1.000 > 0.8 with PRICE_CUSUM_{'params': (0.75, 40), 'risk_budget': 0.7, 'pt_mult': 2.5, 'sl_mult': 0.7, 'horizon': 48}
2025-12-31 19:25:28,142 - src.training.steps.labeling.orthogonal_label_generation - INFO - ℹ️ ❌ Rejected VOL_CUSUM_{'h': 0.09832468424164222, 'vol_span': 100, 'risk_budget': 0.7, 'pt_mult': 2.0, 'sl_mult': 0.6, 'horizon': 12} (AUC=0.265): Returns correlation 1.000 > 0.8 with PRICE_CUSUM_{'params': (0.75, 40), 'risk_budget': 0.7, 'pt_mult': 2.5, 'sl_mult': 0.7, 'horizon': 48}
2025-12-31 19:25:28,148 - src.training.steps.labeling.orthogonal_label_generation - INFO - ℹ️ ❌ Rejected VOL_CUSUM_{'h': 0.09832468424164222, 'vol_span': 100, 'risk_budget': 1.0, 'pt_mult': 2.0, 'sl_mult': 0.6, 'horizon': 12} (AUC=0.265): Returns correlation 1.000 > 0.8 with PRICE_CUSUM_{'params': (0.75, 40), 'risk_budget': 0.7, 'pt_mult': 2.5, 'sl_mult': 0.7, 'horizon': 48}
2025-12-31 19:25:28,153 - src.training.steps.labeling.orthogonal_label_generation - INFO - ℹ️ ❌ Rejected VOL_CUSUM_{'h': 0.09832468424164222, 'vol_span': 50, 'risk_budget': 0.4, 'pt_mult': 2.25, 'sl_mult': 0.75, 'horizon': 12} (AUC=0.265): Returns correlation 1.000 > 0.8 with PRICE_CUSUM_{'params': (0.75, 40), 'risk_budget': 0.7, 'pt_mult': 2.5, 'sl_mult': 0.7, 'horizon': 48}
2025-12-31 19:25:28,158 - src.training.steps.labeling.orthogonal_label_generation - INFO - ℹ️ ❌ Rejected VOL_CUSUM_{'h': 0.09832468424164222, 'vol_span': 50, 'risk_budget': 0.7, 'pt_mult': 2.25, 'sl_mult': 0.75, 'horizon': 12} (AUC=0.265): Returns correlation 1.000 > 0.8 with PRICE_CUSUM_{'params': (0.75, 40), 'risk_budget': 0.7, 'pt_mult': 2.5, 'sl_mult': 0.7, 'horizon': 48}
2025-12-31 19:25:28,162 - src.training.steps.labeling.orthogonal_label_generation - INFO - ℹ️ ❌ Rejected PRICE_CUSUM_{'params': (0.5, 20), 'risk_budget': 1.0, 'pt_mult': 3.0, 'sl_mult': 0.8, 'horizon': 48} (AUC=0.264): Jaccard similarity 0.726 > 0.7 with PRICE_CUSUM_{'params': (0.75, 40), 'risk_budget': 0.7, 'pt_mult': 2.5, 'sl_mult': 0.7, 'horizon': 48}; Returns correlation 1.000 > 0.8 with PRICE_CUSUM_{'params': (0.75, 40), 'risk_budget': 0.7, 'pt_mult': 2.5, 'sl_mult': 0.7, 'horizon': 48}
2025-12-31 19:25:28,166 - src.training.steps.labeling.orthogonal_label_generation - INFO - ℹ️ ❌ Rejected VOL_CUSUM_{'h': 0.09832468424164222, 'vol_span': 100, 'risk_budget': 0.4, 'pt_mult': 3.0, 'sl_mult': 0.9, 'horizon': 12} (AUC=0.227): Returns correlation 1.000 > 0.8 with PRICE_CUSUM_{'params': (0.75, 40), 'risk_budget': 0.7, 'pt_mult': 2.5, 'sl_mult': 0.7, 'horizon': 48}
2025-12-31 19:25:28,171 - src.training.steps.labeling.orthogonal_label_generation - INFO - ℹ️ ❌ Rejected VOL_CUSUM_{'h': 0.09832468424164222, 'vol_span': 100, 'risk_budget': 0.7, 'pt_mult': 3.0, 'sl_mult': 0.9, 'horizon': 12} (AUC=0.227): Returns correlation 1.000 > 0.8 with PRICE_CUSUM_{'params': (0.75, 40), 'risk_budget': 0.7, 'pt_mult': 2.5, 'sl_mult': 0.7, 'horizon': 48}
2025-12-31 19:25:28,176 - src.training.steps.labeling.orthogonal_label_generation - INFO - ℹ️ ❌ Rejected VOL_CUSUM_{'h': 0.09832468424164222, 'vol_span': 100, 'risk_budget': 1.0, 'pt_mult': 3.0, 'sl_mult': 0.9, 'horizon': 12} (AUC=0.227): Returns correlation 1.000 > 0.8 with PRICE_CUSUM_{'params': (0.75, 40), 'risk_budget': 0.7, 'pt_mult': 2.5, 'sl_mult': 0.7, 'horizon': 48}
2025-12-31 19:25:28,181 - src.training.steps.labeling.orthogonal_label_generation - INFO - ℹ️ ❌ Rejected VOL_CUSUM_{'h': 0.09832468424164222, 'vol_span': 100, 'risk_budget': 0.4, 'pt_mult': 3.0, 'sl_mult': 0.8, 'horizon': 12} (AUC=0.227): Returns correlation 1.000 > 0.8 with PRICE_CUSUM_{'params': (0.75, 40), 'risk_budget': 0.7, 'pt_mult': 2.5, 'sl_mult': 0.7, 'horizon': 48}
2025-12-31 19:25:28,189 - src.training.steps.labeling.orthogonal_label_generation - INFO - ℹ️ ❌ Rejected VOL_CUSUM_{'h': 0.09832468424164222, 'vol_span': 100, 'risk_budget': 0.7, 'pt_mult': 3.0, 'sl_mult': 0.8, 'horizon': 12} (AUC=0.227): Returns correlation 1.000 > 0.8 with PRICE_CUSUM_{'params': (0.75, 40), 'risk_budget': 0.7, 'pt_mult': 2.5, 'sl_mult': 0.7, 'horizon': 48}
2025-12-31 19:25:28,194 - src.training.steps.labeling.orthogonal_label_generation - INFO - ℹ️ ❌ Rejected VOL_CUSUM_{'h': 0.09832468424164222, 'vol_span': 100, 'risk_budget': 1.0, 'pt_mult': 3.0, 'sl_mult': 0.8, 'horizon': 12} (AUC=0.227): Returns correlation 1.000 > 0.8 with PRICE_CUSUM_{'params': (0.75, 40), 'risk_budget': 0.7, 'pt_mult': 2.5, 'sl_mult': 0.7, 'horizon': 48}
2025-12-31 19:25:28,198 - src.training.steps.labeling.orthogonal_label_generation - INFO - ℹ️ ❌ Rejected PRICE_CUSUM_{'params': (0.75, 40), 'risk_budget': 0.4, 'pt_mult': 2.5, 'sl_mult': 0.7, 'horizon': 12} (AUC=0.217): Jaccard similarity 1.000 > 0.7 with PRICE_CUSUM_{'params': (0.75, 40), 'risk_budget': 0.7, 'pt_mult': 2.5, 'sl_mult': 0.7, 'horizon': 48}; Returns correlation 1.000 > 0.8 with PRICE_CUSUM_{'params': (0.75, 40), 'risk_budget': 0.7, 'pt_mult': 2.5, 'sl_mult': 0.7, 'horizon': 48}
2025-12-31 19:25:28,202 - src.training.steps.labeling.orthogonal_label_generation - INFO - ℹ️ ❌ Rejected PRICE_CUSUM_{'params': (0.5, 20), 'risk_budget': 1.0, 'pt_mult': 2.5, 'sl_mult': 0.8, 'horizon': 12} (AUC=0.214): Jaccard similarity 0.726 > 0.7 with PRICE_CUSUM_{'params': (0.75, 40), 'risk_budget': 0.7, 'pt_mult': 2.5, 'sl_mult': 0.7, 'horizon': 48}; Returns correlation 1.000 > 0.8 with PRICE_CUSUM_{'params': (0.75, 40), 'risk_budget': 0.7, 'pt_mult': 2.5, 'sl_mult': 0.7, 'horizon': 48}
2025-12-31 19:25:28,206 - src.training.steps.labeling.orthogonal_label_generation - INFO - ℹ️ ❌ Rejected PRICE_CUSUM_{'params': (0.5, 20), 'risk_budget': 0.4, 'pt_mult': 1.5, 'sl_mult': 0.5, 'horizon': 12} (AUC=0.208): Jaccard similarity 0.726 > 0.7 with PRICE_CUSUM_{'params': (0.75, 40), 'risk_budget': 0.7, 'pt_mult': 2.5, 'sl_mult': 0.7, 'horizon': 48}; Returns correlation 1.000 > 0.8 with PRICE_CUSUM_{'params': (0.75, 40), 'risk_budget': 0.7, 'pt_mult': 2.5, 'sl_mult': 0.7, 'horizon': 48}
2025-12-31 19:25:28,208 - src.training.steps.labeling.orthogonal_label_generation - INFO - ℹ️ ❌ Rejected PRICE_CUSUM_{'params': (0.75, 40), 'risk_budget': 0.4, 'pt_mult': 2.0, 'sl_mult': 0.6, 'horizon': 12} (AUC=0.207): Jaccard similarity 1.000 > 0.7 with PRICE_CUSUM_{'params': (0.75, 40), 'risk_budget': 0.7, 'pt_mult': 2.5, 'sl_mult': 0.7, 'horizon': 48}; Returns correlation 1.000 > 0.8 with PRICE_CUSUM_{'params': (0.75, 40), 'risk_budget': 0.7, 'pt_mult': 2.5, 'sl_mult': 0.7, 'horizon': 48}
2025-12-31 19:25:28,209 - src.training.steps.labeling.orthogonal_label_generation - INFO - ℹ️ ❌ Rejected PRICE_CUSUM_{'params': (0.75, 40), 'risk_budget': 1.0, 'pt_mult': 2.0, 'sl_mult': 0.6, 'horizon': 12} (AUC=0.201): Jaccard similarity 1.000 > 0.7 with PRICE_CUSUM_{'params': (0.75, 40), 'risk_budget': 0.7, 'pt_mult': 2.5, 'sl_mult': 0.7, 'horizon': 48}; Returns correlation 1.000 > 0.8 with PRICE_CUSUM_{'params': (0.75, 40), 'risk_budget': 0.7, 'pt_mult': 2.5, 'sl_mult': 0.7, 'horizon': 48}
2025-12-31 19:25:28,213 - src.training.steps.labeling.orthogonal_label_generation - INFO - ℹ️ ❌ Rejected PRICE_CUSUM_{'params': (0.5, 20), 'risk_budget': 0.7, 'pt_mult': 2.25, 'sl_mult': 0.6, 'horizon': 48} (AUC=0.152): Jaccard similarity 0.726 > 0.7 with PRICE_CUSUM_{'params': (0.75, 40), 'risk_budget': 0.7, 'pt_mult': 2.5, 'sl_mult': 0.7, 'horizon': 48}; Returns correlation 1.000 > 0.8 with PRICE_CUSUM_{'params': (0.75, 40), 'risk_budget': 0.7, 'pt_mult': 2.5, 'sl_mult': 0.7, 'horizon': 48}
2025-12-31 19:25:28,215 - src.training.steps.labeling.orthogonal_label_generation - INFO - ℹ️ ❌ Rejected PRICE_CUSUM_{'params': (0.75, 40), 'risk_budget': 0.4, 'pt_mult': 2.0, 'sl_mult': 0.8, 'horizon': 12} (AUC=0.150): Jaccard similarity 1.000 > 0.7 with PRICE_CUSUM_{'params': (0.75, 40), 'risk_budget': 0.7, 'pt_mult': 2.5, 'sl_mult': 0.7, 'horizon': 48}; Returns correlation 1.000 > 0.8 with PRICE_CUSUM_{'params': (0.75, 40), 'risk_budget': 0.7, 'pt_mult': 2.5, 'sl_mult': 0.7, 'horizon': 48}
2025-12-31 19:25:28,216 - src.training.steps.labeling.orthogonal_label_generation - INFO - ℹ️ ❌ Rejected PRICE_CUSUM_{'params': (0.75, 40), 'risk_budget': 0.7, 'pt_mult': 3.0, 'sl_mult': 0.9, 'horizon': 12} (AUC=0.144): Jaccard similarity 1.000 > 0.7 with PRICE_CUSUM_{'params': (0.75, 40), 'risk_budget': 0.7, 'pt_mult': 2.5, 'sl_mult': 0.7, 'horizon': 48}; Returns correlation 1.000 > 0.8 with PRICE_CUSUM_{'params': (0.75, 40), 'risk_budget': 0.7, 'pt_mult': 2.5, 'sl_mult': 0.7, 'horizon': 48}
2025-12-31 19:25:28,218 - src.training.steps.labeling.orthogonal_label_generation - INFO - ℹ️ ❌ Rejected PRICE_CUSUM_{'params': (0.75, 40), 'risk_budget': 1.0, 'pt_mult': 1.5, 'sl_mult': 0.5, 'horizon': 12} (AUC=0.128): Jaccard similarity 1.000 > 0.7 with PRICE_CUSUM_{'params': (0.75, 40), 'risk_budget': 0.7, 'pt_mult': 2.5, 'sl_mult': 0.7, 'horizon': 48}; Returns correlation 1.000 > 0.8 with PRICE_CUSUM_{'params': (0.75, 40), 'risk_budget': 0.7, 'pt_mult': 2.5, 'sl_mult': 0.7, 'horizon': 48}
2025-12-31 19:25:28,219 - src.training.steps.labeling.orthogonal_label_generation - INFO - ℹ️ ❌ Rejected PRICE_CUSUM_{'params': (0.75, 40), 'risk_budget': 1.0, 'pt_mult': 3.0, 'sl_mult': 0.9, 'horizon': 12} (AUC=0.127): Jaccard similarity 1.000 > 0.7 with PRICE_CUSUM_{'params': (0.75, 40), 'risk_budget': 0.7, 'pt_mult': 2.5, 'sl_mult': 0.7, 'horizon': 48}; Returns correlation 1.000 > 0.8 with PRICE_CUSUM_{'params': (0.75, 40), 'risk_budget': 0.7, 'pt_mult': 2.5, 'sl_mult': 0.7, 'horizon': 48}
2025-12-31 19:25:28,221 - src.training.steps.labeling.orthogonal_label_generation - INFO - ℹ️ ❌ Rejected PRICE_CUSUM_{'params': (0.75, 40), 'risk_budget': 0.4, 'pt_mult': 2.5, 'sl_mult': 0.8, 'horizon': 12} (AUC=0.110): Jaccard similarity 1.000 > 0.7 with PRICE_CUSUM_{'params': (0.75, 40), 'risk_budget': 0.7, 'pt_mult': 2.5, 'sl_mult': 0.7, 'horizon': 48}; Returns correlation 1.000 > 0.8 with PRICE_CUSUM_{'params': (0.75, 40), 'risk_budget': 0.7, 'pt_mult': 2.5, 'sl_mult': 0.7, 'horizon': 48}
2025-12-31 19:25:28,222 - src.training.steps.labeling.orthogonal_label_generation - INFO - ℹ️ ❌ Rejected PRICE_CUSUM_{'params': (0.75, 40), 'risk_budget': 1.0, 'pt_mult': 2.25, 'sl_mult': 0.75, 'horizon': 12} (AUC=0.106): Jaccard similarity 1.000 > 0.7 with PRICE_CUSUM_{'params': (0.75, 40), 'risk_budget': 0.7, 'pt_mult': 2.5, 'sl_mult': 0.7, 'horizon': 48}; Returns correlation 1.000 > 0.8 with PRICE_CUSUM_{'params': (0.75, 40), 'risk_budget': 0.7, 'pt_mult': 2.5, 'sl_mult': 0.7, 'horizon': 48}
2025-12-31 19:25:28,224 - src.training.steps.labeling.orthogonal_label_generation - INFO - ℹ️ ❌ Rejected PRICE_CUSUM_{'params': (0.75, 40), 'risk_budget': 1.0, 'pt_mult': 2.0, 'sl_mult': 0.8, 'horizon': 48} (AUC=0.097): Jaccard similarity 1.000 > 0.7 with PRICE_CUSUM_{'params': (0.75, 40), 'risk_budget': 0.7, 'pt_mult': 2.5, 'sl_mult': 0.7, 'horizon': 48}; Returns correlation 1.000 > 0.8 with PRICE_CUSUM_{'params': (0.75, 40), 'risk_budget': 0.7, 'pt_mult': 2.5, 'sl_mult': 0.7, 'horizon': 48}
2025-12-31 19:25:28,228 - src.training.steps.labeling.orthogonal_label_generation - INFO - ℹ️ ❌ Rejected PRICE_CUSUM_{'params': (0.5, 20), 'risk_budget': 1.0, 'pt_mult': 3.0, 'sl_mult': 0.9, 'horizon': 48} (AUC=0.092): Jaccard similarity 0.726 > 0.7 with PRICE_CUSUM_{'params': (0.75, 40), 'risk_budget': 0.7, 'pt_mult': 2.5, 'sl_mult': 0.7, 'horizon': 48}; Returns correlation 1.000 > 0.8 with PRICE_CUSUM_{'params': (0.75, 40), 'risk_budget': 0.7, 'pt_mult': 2.5, 'sl_mult': 0.7, 'horizon': 48}
2025-12-31 19:25:28,230 - src.training.steps.labeling.orthogonal_label_generation - INFO - ℹ️ ❌ Rejected PRICE_CUSUM_{'params': (0.75, 40), 'risk_budget': 0.7, 'pt_mult': 1.5, 'sl_mult': 0.75, 'horizon': 12} (AUC=0.082): Jaccard similarity 1.000 > 0.7 with PRICE_CUSUM_{'params': (0.75, 40), 'risk_budget': 0.7, 'pt_mult': 2.5, 'sl_mult': 0.7, 'horizon': 48}; Returns correlation 1.000 > 0.8 with PRICE_CUSUM_{'params': (0.75, 40), 'risk_budget': 0.7, 'pt_mult': 2.5, 'sl_mult': 0.7, 'horizon': 48}
2025-12-31 19:25:28,232 - src.training.steps.labeling.orthogonal_label_generation - INFO - ℹ️ ❌ Rejected PRICE_CUSUM_{'params': (0.75, 40), 'risk_budget': 1.0, 'pt_mult': 2.25, 'sl_mult': 0.6, 'horizon': 12} (AUC=0.081): Jaccard similarity 1.000 > 0.7 with PRICE_CUSUM_{'params': (0.75, 40), 'risk_budget': 0.7, 'pt_mult': 2.5, 'sl_mult': 0.7, 'horizon': 48}; Returns correlation 1.000 > 0.8 with PRICE_CUSUM_{'params': (0.75, 40), 'risk_budget': 0.7, 'pt_mult': 2.5, 'sl_mult': 0.7, 'horizon': 48}
2025-12-31 19:25:28,236 - src.training.steps.labeling.orthogonal_label_generation - INFO - ℹ️ ❌ Rejected PRICE_CUSUM_{'params': (0.5, 20), 'risk_budget': 0.4, 'pt_mult': 2.5, 'sl_mult': 0.8, 'horizon': 12} (AUC=0.074): Jaccard similarity 0.726 > 0.7 with PRICE_CUSUM_{'params': (0.75, 40), 'risk_budget': 0.7, 'pt_mult': 2.5, 'sl_mult': 0.7, 'horizon': 48}; Returns correlation 1.000 > 0.8 with PRICE_CUSUM_{'params': (0.75, 40), 'risk_budget': 0.7, 'pt_mult': 2.5, 'sl_mult': 0.7, 'horizon': 48}
2025-12-31 19:25:28,240 - src.training.steps.labeling.orthogonal_label_generation - INFO - ℹ️ ❌ Rejected PRICE_CUSUM_{'params': (0.5, 20), 'risk_budget': 1.0, 'pt_mult': 2.5, 'sl_mult': 0.7, 'horizon': 48} (AUC=0.067): Jaccard similarity 0.726 > 0.7 with PRICE_CUSUM_{'params': (0.75, 40), 'risk_budget': 0.7, 'pt_mult': 2.5, 'sl_mult': 0.7, 'horizon': 48}; Returns correlation 1.000 > 0.8 with PRICE_CUSUM_{'params': (0.75, 40), 'risk_budget': 0.7, 'pt_mult': 2.5, 'sl_mult': 0.7, 'horizon': 48}
2025-12-31 19:25:28,245 - src.training.steps.labeling.orthogonal_label_generation - INFO - ℹ️ ❌ Rejected VOL_CUSUM_{'h': 0.09832468424164222, 'vol_span': 100, 'risk_budget': 0.4, 'pt_mult': 2.25, 'sl_mult': 0.75, 'horizon': 12} (AUC=0.065): Returns correlation 1.000 > 0.8 with PRICE_CUSUM_{'params': (0.75, 40), 'risk_budget': 0.7, 'pt_mult': 2.5, 'sl_mult': 0.7, 'horizon': 48}
2025-12-31 19:25:28,250 - src.training.steps.labeling.orthogonal_label_generation - INFO - ℹ️ ❌ Rejected VOL_CUSUM_{'h': 0.09832468424164222, 'vol_span': 100, 'risk_budget': 0.7, 'pt_mult': 2.25, 'sl_mult': 0.75, 'horizon': 12} (AUC=0.065): Returns correlation 1.000 > 0.8 with PRICE_CUSUM_{'params': (0.75, 40), 'risk_budget': 0.7, 'pt_mult': 2.5, 'sl_mult': 0.7, 'horizon': 48}
2025-12-31 19:25:28,256 - src.training.steps.labeling.orthogonal_label_generation - INFO - ℹ️ ❌ Rejected VOL_CUSUM_{'h': 0.09832468424164222, 'vol_span': 100, 'risk_budget': 1.0, 'pt_mult': 2.25, 'sl_mult': 0.75, 'horizon': 12} (AUC=0.065): Returns correlation 1.000 > 0.8 with PRICE_CUSUM_{'params': (0.75, 40), 'risk_budget': 0.7, 'pt_mult': 2.5, 'sl_mult': 0.7, 'horizon': 48}
2025-12-31 19:25:28,260 - src.training.steps.labeling.orthogonal_label_generation - INFO - ℹ️ ❌ Rejected VOL_CUSUM_{'h': 0.09832468424164222, 'vol_span': 100, 'risk_budget': 0.4, 'pt_mult': 2.25, 'sl_mult': 0.6, 'horizon': 12} (AUC=0.065): Returns correlation 1.000 > 0.8 with PRICE_CUSUM_{'params': (0.75, 40), 'risk_budget': 0.7, 'pt_mult': 2.5, 'sl_mult': 0.7, 'horizon': 48}
2025-12-31 19:25:28,265 - src.training.steps.labeling.orthogonal_label_generation - INFO - ℹ️ ❌ Rejected VOL_CUSUM_{'h': 0.09832468424164222, 'vol_span': 100, 'risk_budget': 0.7, 'pt_mult': 2.25, 'sl_mult': 0.6, 'horizon': 12} (AUC=0.065): Returns correlation 1.000 > 0.8 with PRICE_CUSUM_{'params': (0.75, 40), 'risk_budget': 0.7, 'pt_mult': 2.5, 'sl_mult': 0.7, 'horizon': 48}
2025-12-31 19:25:28,270 - src.training.steps.labeling.orthogonal_label_generation - INFO - ℹ️ ❌ Rejected VOL_CUSUM_{'h': 0.09832468424164222, 'vol_span': 100, 'risk_budget': 1.0, 'pt_mult': 2.25, 'sl_mult': 0.6, 'horizon': 12} (AUC=0.065): Returns correlation 1.000 > 0.8 with PRICE_CUSUM_{'params': (0.75, 40), 'risk_budget': 0.7, 'pt_mult': 2.5, 'sl_mult': 0.7, 'horizon': 48}
2025-12-31 19:25:28,274 - src.training.steps.labeling.orthogonal_label_generation - INFO - ℹ️ ❌ Rejected PRICE_CUSUM_{'params': (0.5, 20), 'risk_budget': 1.0, 'pt_mult': 2.5, 'sl_mult': 0.8, 'horizon': 48} (AUC=0.063): Jaccard similarity 0.726 > 0.7 with PRICE_CUSUM_{'params': (0.75, 40), 'risk_budget': 0.7, 'pt_mult': 2.5, 'sl_mult': 0.7, 'horizon': 48}; Returns correlation 1.000 > 0.8 with PRICE_CUSUM_{'params': (0.75, 40), 'risk_budget': 0.7, 'pt_mult': 2.5, 'sl_mult': 0.7, 'horizon': 48}
2025-12-31 19:25:28,276 - src.training.steps.labeling.orthogonal_label_generation - INFO - ℹ️ ❌ Rejected PRICE_CUSUM_{'params': (0.75, 40), 'risk_budget': 1.0, 'pt_mult': 2.0, 'sl_mult': 0.6, 'horizon': 48} (AUC=0.062): Jaccard similarity 1.000 > 0.7 with PRICE_CUSUM_{'params': (0.75, 40), 'risk_budget': 0.7, 'pt_mult': 2.5, 'sl_mult': 0.7, 'horizon': 48}; Returns correlation 1.000 > 0.8 with PRICE_CUSUM_{'params': (0.75, 40), 'risk_budget': 0.7, 'pt_mult': 2.5, 'sl_mult': 0.7, 'horizon': 48}
2025-12-31 19:25:28,280 - src.training.steps.labeling.orthogonal_label_generation - INFO - ℹ️ ❌ Rejected PRICE_CUSUM_{'params': (0.5, 20), 'risk_budget': 1.0, 'pt_mult': 1.5, 'sl_mult': 0.75, 'horizon': 48} (AUC=0.061): Jaccard similarity 0.726 > 0.7 with PRICE_CUSUM_{'params': (0.75, 40), 'risk_budget': 0.7, 'pt_mult': 2.5, 'sl_mult': 0.7, 'horizon': 48}; Returns correlation 1.000 > 0.8 with PRICE_CUSUM_{'params': (0.75, 40), 'risk_budget': 0.7, 'pt_mult': 2.5, 'sl_mult': 0.7, 'horizon': 48}
2025-12-31 19:25:28,281 - src.training.steps.labeling.orthogonal_label_generation - INFO - ℹ️ ❌ Rejected PRICE_CUSUM_{'params': (0.75, 40), 'risk_budget': 0.7, 'pt_mult': 2.0, 'sl_mult': 0.6, 'horizon': 48} (AUC=0.055): Jaccard similarity 1.000 > 0.7 with PRICE_CUSUM_{'params': (0.75, 40), 'risk_budget': 0.7, 'pt_mult': 2.5, 'sl_mult': 0.7, 'horizon': 48}; Returns correlation 1.000 > 0.8 with PRICE_CUSUM_{'params': (0.75, 40), 'risk_budget': 0.7, 'pt_mult': 2.5, 'sl_mult': 0.7, 'horizon': 48}
2025-12-31 19:25:28,283 - src.training.steps.labeling.orthogonal_label_generation - INFO - ℹ️ ❌ Rejected PRICE_CUSUM_{'params': (0.75, 40), 'risk_budget': 0.7, 'pt_mult': 1.5, 'sl_mult': 0.75, 'horizon': 48} (AUC=0.049): Jaccard similarity 1.000 > 0.7 with PRICE_CUSUM_{'params': (0.75, 40), 'risk_budget': 0.7, 'pt_mult': 2.5, 'sl_mult': 0.7, 'horizon': 48}; Returns correlation 1.000 > 0.8 with PRICE_CUSUM_{'params': (0.75, 40), 'risk_budget': 0.7, 'pt_mult': 2.5, 'sl_mult': 0.7, 'horizon': 48}
2025-12-31 19:25:28,285 - src.training.steps.labeling.orthogonal_label_generation - INFO - ℹ️ ❌ Rejected PRICE_CUSUM_{'params': (0.75, 40), 'risk_budget': 0.4, 'pt_mult': 1.5, 'sl_mult': 0.5, 'horizon': 12} (AUC=0.045): Jaccard similarity 1.000 > 0.7 with PRICE_CUSUM_{'params': (0.75, 40), 'risk_budget': 0.7, 'pt_mult': 2.5, 'sl_mult': 0.7, 'horizon': 48}; Returns correlation 1.000 > 0.8 with PRICE_CUSUM_{'params': (0.75, 40), 'risk_budget': 0.7, 'pt_mult': 2.5, 'sl_mult': 0.7, 'horizon': 48}
2025-12-31 19:25:28,288 - src.training.steps.labeling.orthogonal_label_generation - INFO - ℹ️ ❌ Rejected PRICE_CUSUM_{'params': (0.5, 20), 'risk_budget': 0.7, 'pt_mult': 3.0, 'sl_mult': 0.9, 'horizon': 48} (AUC=0.042): Jaccard similarity 0.726 > 0.7 with PRICE_CUSUM_{'params': (0.75, 40), 'risk_budget': 0.7, 'pt_mult': 2.5, 'sl_mult': 0.7, 'horizon': 48}; Returns correlation 1.000 > 0.8 with PRICE_CUSUM_{'params': (0.75, 40), 'risk_budget': 0.7, 'pt_mult': 2.5, 'sl_mult': 0.7, 'horizon': 48}
2025-12-31 19:25:28,290 - src.training.steps.labeling.orthogonal_label_generation - INFO - ℹ️ ❌ Rejected PRICE_CUSUM_{'params': (0.75, 40), 'risk_budget': 1.0, 'pt_mult': 3.0, 'sl_mult': 0.8, 'horizon': 48} (AUC=0.041): Jaccard similarity 1.000 > 0.7 with PRICE_CUSUM_{'params': (0.75, 40), 'risk_budget': 0.7, 'pt_mult': 2.5, 'sl_mult': 0.7, 'horizon': 48}; Returns correlation 1.000 > 0.8 with PRICE_CUSUM_{'params': (0.75, 40), 'risk_budget': 0.7, 'pt_mult': 2.5, 'sl_mult': 0.7, 'horizon': 48}
2025-12-31 19:25:28,291 - src.training.steps.labeling.orthogonal_label_generation - INFO - ℹ️ ❌ Rejected PRICE_CUSUM_{'params': (0.75, 40), 'risk_budget': 0.7, 'pt_mult': 3.0, 'sl_mult': 0.8, 'horizon': 12} (AUC=0.038): Jaccard similarity 1.000 > 0.7 with PRICE_CUSUM_{'params': (0.75, 40), 'risk_budget': 0.7, 'pt_mult': 2.5, 'sl_mult': 0.7, 'horizon': 48}; Returns correlation 1.000 > 0.8 with PRICE_CUSUM_{'params': (0.75, 40), 'risk_budget': 0.7, 'pt_mult': 2.5, 'sl_mult': 0.7, 'horizon': 48}
2025-12-31 19:25:28,293 - src.training.steps.labeling.orthogonal_label_generation - INFO - ℹ️ ❌ Rejected PRICE_CUSUM_{'params': (0.75, 40), 'risk_budget': 0.7, 'pt_mult': 2.0, 'sl_mult': 0.6, 'horizon': 12} (AUC=0.038): Jaccard similarity 1.000 > 0.7 with PRICE_CUSUM_{'params': (0.75, 40), 'risk_budget': 0.7, 'pt_mult': 2.5, 'sl_mult': 0.7, 'horizon': 48}; Returns correlation 1.000 > 0.8 with PRICE_CUSUM_{'params': (0.75, 40), 'risk_budget': 0.7, 'pt_mult': 2.5, 'sl_mult': 0.7, 'horizon': 48}
2025-12-31 19:25:28,294 - src.training.steps.labeling.orthogonal_label_generation - INFO - ℹ️ ❌ Rejected PRICE_CUSUM_{'params': (0.75, 40), 'risk_budget': 0.7, 'pt_mult': 2.0, 'sl_mult': 0.8, 'horizon': 48} (AUC=0.029): Jaccard similarity 1.000 > 0.7 with PRICE_CUSUM_{'params': (0.75, 40), 'risk_budget': 0.7, 'pt_mult': 2.5, 'sl_mult': 0.7, 'horizon': 48}; Returns correlation 1.000 > 0.8 with PRICE_CUSUM_{'params': (0.75, 40), 'risk_budget': 0.7, 'pt_mult': 2.5, 'sl_mult': 0.7, 'horizon': 48}
2025-12-31 19:25:28,298 - src.training.steps.labeling.orthogonal_label_generation - INFO - ℹ️ ❌ Rejected PRICE_CUSUM_{'params': (0.5, 20), 'risk_budget': 0.4, 'pt_mult': 3.0, 'sl_mult': 0.9, 'horizon': 12} (AUC=0.028): Jaccard similarity 0.726 > 0.7 with PRICE_CUSUM_{'params': (0.75, 40), 'risk_budget': 0.7, 'pt_mult': 2.5, 'sl_mult': 0.7, 'horizon': 48}; Returns correlation 1.000 > 0.8 with PRICE_CUSUM_{'params': (0.75, 40), 'risk_budget': 0.7, 'pt_mult': 2.5, 'sl_mult': 0.7, 'horizon': 48}
2025-12-31 19:25:28,300 - src.training.steps.labeling.orthogonal_label_generation - INFO - ℹ️ ❌ Rejected PRICE_CUSUM_{'params': (0.75, 40), 'risk_budget': 0.4, 'pt_mult': 3.0, 'sl_mult': 0.9, 'horizon': 12} (AUC=0.028): Jaccard similarity 1.000 > 0.7 with PRICE_CUSUM_{'params': (0.75, 40), 'risk_budget': 0.7, 'pt_mult': 2.5, 'sl_mult': 0.7, 'horizon': 48}; Returns correlation 1.000 > 0.8 with PRICE_CUSUM_{'params': (0.75, 40), 'risk_budget': 0.7, 'pt_mult': 2.5, 'sl_mult': 0.7, 'horizon': 48}
2025-12-31 19:25:28,305 - src.training.steps.labeling.orthogonal_label_generation - INFO - ℹ️ ❌ Rejected VOL_CUSUM_{'h': 0.09832468424164222, 'vol_span': 100, 'risk_budget': 0.4, 'pt_mult': 2.5, 'sl_mult': 0.8, 'horizon': 48} (AUC=0.026): Returns correlation 1.000 > 0.8 with PRICE_CUSUM_{'params': (0.75, 40), 'risk_budget': 0.7, 'pt_mult': 2.5, 'sl_mult': 0.7, 'horizon': 48}
2025-12-31 19:25:28,309 - src.training.steps.labeling.orthogonal_label_generation - INFO - ℹ️ ❌ Rejected VOL_CUSUM_{'h': 0.09832468424164222, 'vol_span': 100, 'risk_budget': 0.7, 'pt_mult': 2.5, 'sl_mult': 0.8, 'horizon': 48} (AUC=0.026): Returns correlation 1.000 > 0.8 with PRICE_CUSUM_{'params': (0.75, 40), 'risk_budget': 0.7, 'pt_mult': 2.5, 'sl_mult': 0.7, 'horizon': 48}
2025-12-31 19:25:28,315 - src.training.steps.labeling.orthogonal_label_generation - INFO - ℹ️ ❌ Rejected VOL_CUSUM_{'h': 0.09832468424164222, 'vol_span': 100, 'risk_budget': 1.0, 'pt_mult': 2.5, 'sl_mult': 0.8, 'horizon': 48} (AUC=0.026): Returns correlation 1.000 > 0.8 with PRICE_CUSUM_{'params': (0.75, 40), 'risk_budget': 0.7, 'pt_mult': 2.5, 'sl_mult': 0.7, 'horizon': 48}
2025-12-31 19:25:28,320 - src.training.steps.labeling.orthogonal_label_generation - INFO - ℹ️ ❌ Rejected VOL_CUSUM_{'h': 0.09832468424164222, 'vol_span': 100, 'risk_budget': 0.4, 'pt_mult': 2.5, 'sl_mult': 0.7, 'horizon': 48} (AUC=0.026): Returns correlation 1.000 > 0.8 with PRICE_CUSUM_{'params': (0.75, 40), 'risk_budget': 0.7, 'pt_mult': 2.5, 'sl_mult': 0.7, 'horizon': 48}
2025-12-31 19:25:28,325 - src.training.steps.labeling.orthogonal_label_generation - INFO - ℹ️ ❌ Rejected VOL_CUSUM_{'h': 0.09832468424164222, 'vol_span': 100, 'risk_budget': 0.7, 'pt_mult': 2.5, 'sl_mult': 0.7, 'horizon': 48} (AUC=0.026): Returns correlation 1.000 > 0.8 with PRICE_CUSUM_{'params': (0.75, 40), 'risk_budget': 0.7, 'pt_mult': 2.5, 'sl_mult': 0.7, 'horizon': 48}
2025-12-31 19:25:28,330 - src.training.steps.labeling.orthogonal_label_generation - INFO - ℹ️ ❌ Rejected VOL_CUSUM_{'h': 0.09832468424164222, 'vol_span': 100, 'risk_budget': 1.0, 'pt_mult': 2.5, 'sl_mult': 0.7, 'horizon': 48} (AUC=0.026): Returns correlation 1.000 > 0.8 with PRICE_CUSUM_{'params': (0.75, 40), 'risk_budget': 0.7, 'pt_mult': 2.5, 'sl_mult': 0.7, 'horizon': 48}
2025-12-31 19:25:28,334 - src.training.steps.labeling.orthogonal_label_generation - INFO - ℹ️ ❌ Rejected PRICE_CUSUM_{'params': (0.5, 20), 'risk_budget': 1.0, 'pt_mult': 3.0, 'sl_mult': 0.9, 'horizon': 12} (AUC=0.023): Jaccard similarity 0.726 > 0.7 with PRICE_CUSUM_{'params': (0.75, 40), 'risk_budget': 0.7, 'pt_mult': 2.5, 'sl_mult': 0.7, 'horizon': 48}; Returns correlation 1.000 > 0.8 with PRICE_CUSUM_{'params': (0.75, 40), 'risk_budget': 0.7, 'pt_mult': 2.5, 'sl_mult': 0.7, 'horizon': 48}
2025-12-31 19:25:28,336 - src.training.steps.labeling.orthogonal_label_generation - INFO - ℹ️ ❌ Rejected PRICE_CUSUM_{'params': (0.75, 40), 'risk_budget': 0.4, 'pt_mult': 3.0, 'sl_mult': 0.8, 'horizon': 12} (AUC=0.020): Jaccard similarity 1.000 > 0.7 with PRICE_CUSUM_{'params': (0.75, 40), 'risk_budget': 0.7, 'pt_mult': 2.5, 'sl_mult': 0.7, 'horizon': 48}; Returns correlation 1.000 > 0.8 with PRICE_CUSUM_{'params': (0.75, 40), 'risk_budget': 0.7, 'pt_mult': 2.5, 'sl_mult': 0.7, 'horizon': 48}
2025-12-31 19:25:28,337 - src.training.steps.labeling.orthogonal_label_generation - INFO - ℹ️ ❌ Rejected PRICE_CUSUM_{'params': (0.75, 40), 'risk_budget': 1.0, 'pt_mult': 2.25, 'sl_mult': 0.6, 'horizon': 48} (AUC=0.015): Jaccard similarity 1.000 > 0.7 with PRICE_CUSUM_{'params': (0.75, 40), 'risk_budget': 0.7, 'pt_mult': 2.5, 'sl_mult': 0.7, 'horizon': 48}; Returns correlation 1.000 > 0.8 with PRICE_CUSUM_{'params': (0.75, 40), 'risk_budget': 0.7, 'pt_mult': 2.5, 'sl_mult': 0.7, 'horizon': 48}
2025-12-31 19:25:28,342 - src.training.steps.labeling.orthogonal_label_generation - INFO - ℹ️ ❌ Rejected VOL_CUSUM_{'h': 0.09832468424164222, 'vol_span': 100, 'risk_budget': 0.4, 'pt_mult': 2.5, 'sl_mult': 0.8, 'horizon': 12} (AUC=0.012): Returns correlation 1.000 > 0.8 with PRICE_CUSUM_{'params': (0.75, 40), 'risk_budget': 0.7, 'pt_mult': 2.5, 'sl_mult': 0.7, 'horizon': 48}
2025-12-31 19:25:28,347 - src.training.steps.labeling.orthogonal_label_generation - INFO - ℹ️ ❌ Rejected VOL_CUSUM_{'h': 0.09832468424164222, 'vol_span': 100, 'risk_budget': 0.7, 'pt_mult': 2.5, 'sl_mult': 0.8, 'horizon': 12} (AUC=0.012): Returns correlation 1.000 > 0.8 with PRICE_CUSUM_{'params': (0.75, 40), 'risk_budget': 0.7, 'pt_mult': 2.5, 'sl_mult': 0.7, 'horizon': 48}
2025-12-31 19:25:28,352 - src.training.steps.labeling.orthogonal_label_generation - INFO - ℹ️ ❌ Rejected VOL_CUSUM_{'h': 0.09832468424164222, 'vol_span': 100, 'risk_budget': 1.0, 'pt_mult': 2.5, 'sl_mult': 0.8, 'horizon': 12} (AUC=0.012): Returns correlation 1.000 > 0.8 with PRICE_CUSUM_{'params': (0.75, 40), 'risk_budget': 0.7, 'pt_mult': 2.5, 'sl_mult': 0.7, 'horizon': 48}
2025-12-31 19:25:28,356 - src.training.steps.labeling.orthogonal_label_generation - INFO - ℹ️ ❌ Rejected VOL_CUSUM_{'h': 0.09832468424164222, 'vol_span': 100, 'risk_budget': 0.4, 'pt_mult': 2.5, 'sl_mult': 0.7, 'horizon': 12} (AUC=0.012): Returns correlation 1.000 > 0.8 with PRICE_CUSUM_{'params': (0.75, 40), 'risk_budget': 0.7, 'pt_mult': 2.5, 'sl_mult': 0.7, 'horizon': 48}
2025-12-31 19:25:28,361 - src.training.steps.labeling.orthogonal_label_generation - INFO - ℹ️ ❌ Rejected VOL_CUSUM_{'h': 0.09832468424164222, 'vol_span': 100, 'risk_budget': 0.7, 'pt_mult': 2.5, 'sl_mult': 0.7, 'horizon': 12} (AUC=0.012): Returns correlation 1.000 > 0.8 with PRICE_CUSUM_{'params': (0.75, 40), 'risk_budget': 0.7, 'pt_mult': 2.5, 'sl_mult': 0.7, 'horizon': 48}
2025-12-31 19:25:28,368 - src.training.steps.labeling.orthogonal_label_generation - INFO - ℹ️ ❌ Rejected VOL_CUSUM_{'h': 0.09832468424164222, 'vol_span': 100, 'risk_budget': 1.0, 'pt_mult': 2.5, 'sl_mult': 0.7, 'horizon': 12} (AUC=0.012): Returns correlation 1.000 > 0.8 with PRICE_CUSUM_{'params': (0.75, 40), 'risk_budget': 0.7, 'pt_mult': 2.5, 'sl_mult': 0.7, 'horizon': 48}
2025-12-31 19:25:28,369 - src.training.steps.labeling.orthogonal_label_generation - INFO - ℹ️ ❌ Rejected PRICE_CUSUM_{'params': (0.75, 40), 'risk_budget': 0.7, 'pt_mult': 2.5, 'sl_mult': 0.8, 'horizon': 48} (AUC=0.011): Jaccard similarity 1.000 > 0.7 with PRICE_CUSUM_{'params': (0.75, 40), 'risk_budget': 0.7, 'pt_mult': 2.5, 'sl_mult': 0.7, 'horizon': 48}; Returns correlation 1.000 > 0.8 with PRICE_CUSUM_{'params': (0.75, 40), 'risk_budget': 0.7, 'pt_mult': 2.5, 'sl_mult': 0.7, 'horizon': 48}
2025-12-31 19:25:28,371 - src.training.steps.labeling.orthogonal_label_generation - INFO - ℹ️ ❌ Rejected PRICE_CUSUM_{'params': (0.75, 40), 'risk_budget': 0.7, 'pt_mult': 2.25, 'sl_mult': 0.75, 'horizon': 12} (AUC=0.011): Jaccard similarity 1.000 > 0.7 with PRICE_CUSUM_{'params': (0.75, 40), 'risk_budget': 0.7, 'pt_mult': 2.5, 'sl_mult': 0.7, 'horizon': 48}; Returns correlation 1.000 > 0.8 with PRICE_CUSUM_{'params': (0.75, 40), 'risk_budget': 0.7, 'pt_mult': 2.5, 'sl_mult': 0.7, 'horizon': 48}
2025-12-31 19:25:28,375 - src.training.steps.labeling.orthogonal_label_generation - INFO - ℹ️ ❌ Rejected PRICE_CUSUM_{'params': (0.5, 20), 'risk_budget': 1.0, 'pt_mult': 2.25, 'sl_mult': 0.75, 'horizon': 48} (AUC=0.010): Jaccard similarity 0.726 > 0.7 with PRICE_CUSUM_{'params': (0.75, 40), 'risk_budget': 0.7, 'pt_mult': 2.5, 'sl_mult': 0.7, 'horizon': 48}; Returns correlation 1.000 > 0.8 with PRICE_CUSUM_{'params': (0.75, 40), 'risk_budget': 0.7, 'pt_mult': 2.5, 'sl_mult': 0.7, 'horizon': 48}
2025-12-31 19:25:28,379 - src.training.steps.labeling.orthogonal_label_generation - INFO - ℹ️ ❌ Rejected PRICE_CUSUM_{'params': (0.5, 20), 'risk_budget': 0.4, 'pt_mult': 2.25, 'sl_mult': 0.6, 'horizon': 12} (AUC=0.009): Jaccard similarity 0.726 > 0.7 with PRICE_CUSUM_{'params': (0.75, 40), 'risk_budget': 0.7, 'pt_mult': 2.5, 'sl_mult': 0.7, 'horizon': 48}; Returns correlation 1.000 > 0.8 with PRICE_CUSUM_{'params': (0.75, 40), 'risk_budget': 0.7, 'pt_mult': 2.5, 'sl_mult': 0.7, 'horizon': 48}
2025-12-31 19:25:28,383 - src.training.steps.labeling.orthogonal_label_generation - INFO - ℹ️ ❌ Rejected PRICE_CUSUM_{'params': (0.5, 20), 'risk_budget': 0.7, 'pt_mult': 2.5, 'sl_mult': 0.8, 'horizon': 48} (AUC=0.007): Jaccard similarity 0.726 > 0.7 with PRICE_CUSUM_{'params': (0.75, 40), 'risk_budget': 0.7, 'pt_mult': 2.5, 'sl_mult': 0.7, 'horizon': 48}; Returns correlation 1.000 > 0.8 with PRICE_CUSUM_{'params': (0.75, 40), 'risk_budget': 0.7, 'pt_mult': 2.5, 'sl_mult': 0.7, 'horizon': 48}
2025-12-31 19:25:28,387 - src.training.steps.labeling.orthogonal_label_generation - INFO - ℹ️ ❌ Rejected PRICE_CUSUM_{'params': (0.5, 20), 'risk_budget': 0.7, 'pt_mult': 3.0, 'sl_mult': 0.8, 'horizon': 48} (AUC=0.003): Jaccard similarity 0.726 > 0.7 with PRICE_CUSUM_{'params': (0.75, 40), 'risk_budget': 0.7, 'pt_mult': 2.5, 'sl_mult': 0.7, 'horizon': 48}; Returns correlation 1.000 > 0.8 with PRICE_CUSUM_{'params': (0.75, 40), 'risk_budget': 0.7, 'pt_mult': 2.5, 'sl_mult': 0.7, 'horizon': 48}
2025-12-31 19:25:28,388 - src.training.steps.labeling.orthogonal_label_generation - INFO - ℹ️ ❌ Rejected PRICE_CUSUM_{'params': (0.75, 40), 'risk_budget': 0.4, 'pt_mult': 2.25, 'sl_mult': 0.75, 'horizon': 12} (AUC=0.003): Jaccard similarity 1.000 > 0.7 with PRICE_CUSUM_{'params': (0.75, 40), 'risk_budget': 0.7, 'pt_mult': 2.5, 'sl_mult': 0.7, 'horizon': 48}; Returns correlation 1.000 > 0.8 with PRICE_CUSUM_{'params': (0.75, 40), 'risk_budget': 0.7, 'pt_mult': 2.5, 'sl_mult': 0.7, 'horizon': 48}
2025-12-31 19:25:28,390 - src.training.steps.labeling.orthogonal_label_generation - INFO - ℹ️ ❌ Rejected PRICE_CUSUM_{'params': (0.75, 40), 'risk_budget': 1.0, 'pt_mult': 2.5, 'sl_mult': 0.7, 'horizon': 12} (AUC=-0.001): Jaccard similarity 1.000 > 0.7 with PRICE_CUSUM_{'params': (0.75, 40), 'risk_budget': 0.7, 'pt_mult': 2.5, 'sl_mult': 0.7, 'horizon': 48}; Returns correlation 1.000 > 0.8 with PRICE_CUSUM_{'params': (0.75, 40), 'risk_budget': 0.7, 'pt_mult': 2.5, 'sl_mult': 0.7, 'horizon': 48}
2025-12-31 19:25:28,394 - src.training.steps.labeling.orthogonal_label_generation - INFO - ℹ️ ❌ Rejected PRICE_CUSUM_{'params': (0.5, 20), 'risk_budget': 0.4, 'pt_mult': 2.0, 'sl_mult': 0.6, 'horizon': 12} (AUC=-0.001): Jaccard similarity 0.726 > 0.7 with PRICE_CUSUM_{'params': (0.75, 40), 'risk_budget': 0.7, 'pt_mult': 2.5, 'sl_mult': 0.7, 'horizon': 48}; Returns correlation 1.000 > 0.8 with PRICE_CUSUM_{'params': (0.75, 40), 'risk_budget': 0.7, 'pt_mult': 2.5, 'sl_mult': 0.7, 'horizon': 48}
2025-12-31 19:25:28,395 - src.training.steps.labeling.orthogonal_label_generation - INFO - ℹ️ ❌ Rejected PRICE_CUSUM_{'params': (0.75, 40), 'risk_budget': 1.0, 'pt_mult': 2.5, 'sl_mult': 0.8, 'horizon': 48} (AUC=-0.002): Jaccard similarity 1.000 > 0.7 with PRICE_CUSUM_{'params': (0.75, 40), 'risk_budget': 0.7, 'pt_mult': 2.5, 'sl_mult': 0.7, 'horizon': 48}; Returns correlation 1.000 > 0.8 with PRICE_CUSUM_{'params': (0.75, 40), 'risk_budget': 0.7, 'pt_mult': 2.5, 'sl_mult': 0.7, 'horizon': 48}
2025-12-31 19:25:28,397 - src.training.steps.labeling.orthogonal_label_generation - INFO - ℹ️ ❌ Rejected PRICE_CUSUM_{'params': (0.75, 40), 'risk_budget': 1.0, 'pt_mult': 2.25, 'sl_mult': 0.75, 'horizon': 48} (AUC=-0.002): Jaccard similarity 1.000 > 0.7 with PRICE_CUSUM_{'params': (0.75, 40), 'risk_budget': 0.7, 'pt_mult': 2.5, 'sl_mult': 0.7, 'horizon': 48}; Returns correlation 1.000 > 0.8 with PRICE_CUSUM_{'params': (0.75, 40), 'risk_budget': 0.7, 'pt_mult': 2.5, 'sl_mult': 0.7, 'horizon': 48}
2025-12-31 19:25:28,401 - src.training.steps.labeling.orthogonal_label_generation - INFO - ℹ️ ❌ Rejected PRICE_CUSUM_{'params': (0.5, 20), 'risk_budget': 0.7, 'pt_mult': 2.5, 'sl_mult': 0.7, 'horizon': 48} (AUC=-0.005): Jaccard similarity 0.726 > 0.7 with PRICE_CUSUM_{'params': (0.75, 40), 'risk_budget': 0.7, 'pt_mult': 2.5, 'sl_mult': 0.7, 'horizon': 48}; Returns correlation 1.000 > 0.8 with PRICE_CUSUM_{'params': (0.75, 40), 'risk_budget': 0.7, 'pt_mult': 2.5, 'sl_mult': 0.7, 'horizon': 48}
2025-12-31 19:25:28,402 - src.training.steps.labeling.orthogonal_label_generation - INFO - ℹ️ ❌ Rejected PRICE_CUSUM_{'params': (0.75, 40), 'risk_budget': 0.7, 'pt_mult': 2.25, 'sl_mult': 0.6, 'horizon': 12} (AUC=-0.007): Jaccard similarity 1.000 > 0.7 with PRICE_CUSUM_{'params': (0.75, 40), 'risk_budget': 0.7, 'pt_mult': 2.5, 'sl_mult': 0.7, 'horizon': 48}; Returns correlation 1.000 > 0.8 with PRICE_CUSUM_{'params': (0.75, 40), 'risk_budget': 0.7, 'pt_mult': 2.5, 'sl_mult': 0.7, 'horizon': 48}
2025-12-31 19:25:28,404 - src.training.steps.labeling.orthogonal_label_generation - INFO - ℹ️ ❌ Rejected PRICE_CUSUM_{'params': (0.75, 40), 'risk_budget': 0.7, 'pt_mult': 3.0, 'sl_mult': 0.9, 'horizon': 48} (AUC=-0.008): Jaccard similarity 1.000 > 0.7 with PRICE_CUSUM_{'params': (0.75, 40), 'risk_budget': 0.7, 'pt_mult': 2.5, 'sl_mult': 0.7, 'horizon': 48}; Returns correlation 1.000 > 0.8 with PRICE_CUSUM_{'params': (0.75, 40), 'risk_budget': 0.7, 'pt_mult': 2.5, 'sl_mult': 0.7, 'horizon': 48}
2025-12-31 19:25:28,405 - src.training.steps.labeling.orthogonal_label_generation - INFO - ℹ️ ❌ Rejected PRICE_CUSUM_{'params': (0.75, 40), 'risk_budget': 1.0, 'pt_mult': 2.0, 'sl_mult': 0.8, 'horizon': 12} (AUC=-0.009): Jaccard similarity 1.000 > 0.7 with PRICE_CUSUM_{'params': (0.75, 40), 'risk_budget': 0.7, 'pt_mult': 2.5, 'sl_mult': 0.7, 'horizon': 48}; Returns correlation 1.000 > 0.8 with PRICE_CUSUM_{'params': (0.75, 40), 'risk_budget': 0.7, 'pt_mult': 2.5, 'sl_mult': 0.7, 'horizon': 48}
2025-12-31 19:25:28,409 - src.training.steps.labeling.orthogonal_label_generation - INFO - ℹ️ ❌ Rejected PRICE_CUSUM_{'params': (0.5, 20), 'risk_budget': 1.0, 'pt_mult': 1.5, 'sl_mult': 0.5, 'horizon': 48} (AUC=-0.011): Jaccard similarity 0.726 > 0.7 with PRICE_CUSUM_{'params': (0.75, 40), 'risk_budget': 0.7, 'pt_mult': 2.5, 'sl_mult': 0.7, 'horizon': 48}; Returns correlation 1.000 > 0.8 with PRICE_CUSUM_{'params': (0.75, 40), 'risk_budget': 0.7, 'pt_mult': 2.5, 'sl_mult': 0.7, 'horizon': 48}
2025-12-31 19:25:28,410 - src.training.steps.labeling.orthogonal_label_generation - INFO - ℹ️ ❌ Rejected PRICE_CUSUM_{'params': (0.75, 40), 'risk_budget': 0.7, 'pt_mult': 2.5, 'sl_mult': 0.8, 'horizon': 12} (AUC=-0.012): Jaccard similarity 1.000 > 0.7 with PRICE_CUSUM_{'params': (0.75, 40), 'risk_budget': 0.7, 'pt_mult': 2.5, 'sl_mult': 0.7, 'horizon': 48}; Returns correlation 1.000 > 0.8 with PRICE_CUSUM_{'params': (0.75, 40), 'risk_budget': 0.7, 'pt_mult': 2.5, 'sl_mult': 0.7, 'horizon': 48}
2025-12-31 19:25:28,412 - src.training.steps.labeling.orthogonal_label_generation - INFO - ℹ️ ❌ Rejected PRICE_CUSUM_{'params': (0.75, 40), 'risk_budget': 0.7, 'pt_mult': 1.5, 'sl_mult': 0.5, 'horizon': 12} (AUC=-0.015): Jaccard similarity 1.000 > 0.7 with PRICE_CUSUM_{'params': (0.75, 40), 'risk_budget': 0.7, 'pt_mult': 2.5, 'sl_mult': 0.7, 'horizon': 48}; Returns correlation 1.000 > 0.8 with PRICE_CUSUM_{'params': (0.75, 40), 'risk_budget': 0.7, 'pt_mult': 2.5, 'sl_mult': 0.7, 'horizon': 48}
2025-12-31 19:25:28,413 - src.training.steps.labeling.orthogonal_label_generation - INFO - ℹ️ ❌ Rejected PRICE_CUSUM_{'params': (0.75, 40), 'risk_budget': 1.0, 'pt_mult': 2.5, 'sl_mult': 0.7, 'horizon': 48} (AUC=-0.017): Jaccard similarity 1.000 > 0.7 with PRICE_CUSUM_{'params': (0.75, 40), 'risk_budget': 0.7, 'pt_mult': 2.5, 'sl_mult': 0.7, 'horizon': 48}; Returns correlation 1.000 > 0.8 with PRICE_CUSUM_{'params': (0.75, 40), 'risk_budget': 0.7, 'pt_mult': 2.5, 'sl_mult': 0.7, 'horizon': 48}
2025-12-31 19:25:28,414 - src.training.steps.labeling.orthogonal_label_generation - INFO - ℹ️ ❌ Rejected PRICE_CUSUM_{'params': (0.75, 40), 'risk_budget': 0.7, 'pt_mult': 2.5, 'sl_mult': 0.7, 'horizon': 12} (AUC=-0.021): Jaccard similarity 1.000 > 0.7 with PRICE_CUSUM_{'params': (0.75, 40), 'risk_budget': 0.7, 'pt_mult': 2.5, 'sl_mult': 0.7, 'horizon': 48}; Returns correlation 1.000 > 0.8 with PRICE_CUSUM_{'params': (0.75, 40), 'risk_budget': 0.7, 'pt_mult': 2.5, 'sl_mult': 0.7, 'horizon': 48}
2025-12-31 19:25:28,418 - src.training.steps.labeling.orthogonal_label_generation - INFO - ℹ️ ❌ Rejected PRICE_CUSUM_{'params': (0.5, 20), 'risk_budget': 1.0, 'pt_mult': 2.0, 'sl_mult': 0.8, 'horizon': 48} (AUC=-0.027): Jaccard similarity 0.726 > 0.7 with PRICE_CUSUM_{'params': (0.75, 40), 'risk_budget': 0.7, 'pt_mult': 2.5, 'sl_mult': 0.7, 'horizon': 48}; Returns correlation 1.000 > 0.8 with PRICE_CUSUM_{'params': (0.75, 40), 'risk_budget': 0.7, 'pt_mult': 2.5, 'sl_mult': 0.7, 'horizon': 48}
2025-12-31 19:25:28,420 - src.training.steps.labeling.orthogonal_label_generation - INFO - ℹ️ ❌ Rejected PRICE_CUSUM_{'params': (0.75, 40), 'risk_budget': 1.0, 'pt_mult': 3.0, 'sl_mult': 0.9, 'horizon': 48} (AUC=-0.029): Jaccard similarity 1.000 > 0.7 with PRICE_CUSUM_{'params': (0.75, 40), 'risk_budget': 0.7, 'pt_mult': 2.5, 'sl_mult': 0.7, 'horizon': 48}; Returns correlation 1.000 > 0.8 with PRICE_CUSUM_{'params': (0.75, 40), 'risk_budget': 0.7, 'pt_mult': 2.5, 'sl_mult': 0.7, 'horizon': 48}
2025-12-31 19:25:28,421 - src.training.steps.labeling.orthogonal_label_generation - INFO - ℹ️ ❌ Rejected PRICE_CUSUM_{'params': (0.75, 40), 'risk_budget': 0.4, 'pt_mult': 1.5, 'sl_mult': 0.75, 'horizon': 12} (AUC=-0.037): Jaccard similarity 1.000 > 0.7 with PRICE_CUSUM_{'params': (0.75, 40), 'risk_budget': 0.7, 'pt_mult': 2.5, 'sl_mult': 0.7, 'horizon': 48}; Returns correlation 1.000 > 0.8 with PRICE_CUSUM_{'params': (0.75, 40), 'risk_budget': 0.7, 'pt_mult': 2.5, 'sl_mult': 0.7, 'horizon': 48}
2025-12-31 19:25:28,422 - src.training.steps.labeling.orthogonal_label_generation - INFO - ℹ️ ❌ Rejected PRICE_CUSUM_{'params': (0.75, 40), 'risk_budget': 0.7, 'pt_mult': 2.25, 'sl_mult': 0.6, 'horizon': 48} (AUC=-0.038): Jaccard similarity 1.000 > 0.7 with PRICE_CUSUM_{'params': (0.75, 40), 'risk_budget': 0.7, 'pt_mult': 2.5, 'sl_mult': 0.7, 'horizon': 48}; Returns correlation 1.000 > 0.8 with PRICE_CUSUM_{'params': (0.75, 40), 'risk_budget': 0.7, 'pt_mult': 2.5, 'sl_mult': 0.7, 'horizon': 48}
2025-12-31 19:25:28,424 - src.training.steps.labeling.orthogonal_label_generation - INFO - ℹ️ ❌ Rejected PRICE_CUSUM_{'params': (0.75, 40), 'risk_budget': 0.7, 'pt_mult': 3.0, 'sl_mult': 0.8, 'horizon': 48} (AUC=-0.045): Jaccard similarity 1.000 > 0.7 with PRICE_CUSUM_{'params': (0.75, 40), 'risk_budget': 0.7, 'pt_mult': 2.5, 'sl_mult': 0.7, 'horizon': 48}; Returns correlation 1.000 > 0.8 with PRICE_CUSUM_{'params': (0.75, 40), 'risk_budget': 0.7, 'pt_mult': 2.5, 'sl_mult': 0.7, 'horizon': 48}
2025-12-31 19:25:28,425 - src.training.steps.labeling.orthogonal_label_generation - INFO - ℹ️ ❌ Rejected PRICE_CUSUM_{'params': (0.75, 40), 'risk_budget': 1.0, 'pt_mult': 1.5, 'sl_mult': 0.5, 'horizon': 48} (AUC=-0.061): Jaccard similarity 1.000 > 0.7 with PRICE_CUSUM_{'params': (0.75, 40), 'risk_budget': 0.7, 'pt_mult': 2.5, 'sl_mult': 0.7, 'horizon': 48}; Returns correlation 1.000 > 0.8 with PRICE_CUSUM_{'params': (0.75, 40), 'risk_budget': 0.7, 'pt_mult': 2.5, 'sl_mult': 0.7, 'horizon': 48}
2025-12-31 19:25:28,429 - src.training.steps.labeling.orthogonal_label_generation - INFO - ℹ️ ❌ Rejected PRICE_CUSUM_{'params': (0.5, 20), 'risk_budget': 1.0, 'pt_mult': 2.0, 'sl_mult': 0.8, 'horizon': 12} (AUC=-0.063): Jaccard similarity 0.726 > 0.7 with PRICE_CUSUM_{'params': (0.75, 40), 'risk_budget': 0.7, 'pt_mult': 2.5, 'sl_mult': 0.7, 'horizon': 48}; Returns correlation 1.000 > 0.8 with PRICE_CUSUM_{'params': (0.75, 40), 'risk_budget': 0.7, 'pt_mult': 2.5, 'sl_mult': 0.7, 'horizon': 48}
2025-12-31 19:25:28,430 - src.training.steps.labeling.orthogonal_label_generation - INFO - ℹ️ ❌ Rejected PRICE_CUSUM_{'params': (0.75, 40), 'risk_budget': 0.7, 'pt_mult': 2.25, 'sl_mult': 0.75, 'horizon': 48} (AUC=-0.064): Jaccard similarity 1.000 > 0.7 with PRICE_CUSUM_{'params': (0.75, 40), 'risk_budget': 0.7, 'pt_mult': 2.5, 'sl_mult': 0.7, 'horizon': 48}; Returns correlation 1.000 > 0.8 with PRICE_CUSUM_{'params': (0.75, 40), 'risk_budget': 0.7, 'pt_mult': 2.5, 'sl_mult': 0.7, 'horizon': 48}
2025-12-31 19:25:28,431 - src.training.steps.labeling.orthogonal_label_generation - INFO - ℹ️ ❌ Rejected PRICE_CUSUM_{'params': (0.75, 40), 'risk_budget': 1.0, 'pt_mult': 2.5, 'sl_mult': 0.8, 'horizon': 12} (AUC=-0.072): Jaccard similarity 1.000 > 0.7 with PRICE_CUSUM_{'params': (0.75, 40), 'risk_budget': 0.7, 'pt_mult': 2.5, 'sl_mult': 0.7, 'horizon': 48}; Returns correlation 1.000 > 0.8 with PRICE_CUSUM_{'params': (0.75, 40), 'risk_budget': 0.7, 'pt_mult': 2.5, 'sl_mult': 0.7, 'horizon': 48}
2025-12-31 19:25:28,435 - src.training.steps.labeling.orthogonal_label_generation - INFO - ℹ️ ❌ Rejected PRICE_CUSUM_{'params': (0.5, 20), 'risk_budget': 0.7, 'pt_mult': 2.0, 'sl_mult': 0.8, 'horizon': 48} (AUC=-0.075): Jaccard similarity 0.726 > 0.7 with PRICE_CUSUM_{'params': (0.75, 40), 'risk_budget': 0.7, 'pt_mult': 2.5, 'sl_mult': 0.7, 'horizon': 48}; Returns correlation 1.000 > 0.8 with PRICE_CUSUM_{'params': (0.75, 40), 'risk_budget': 0.7, 'pt_mult': 2.5, 'sl_mult': 0.7, 'horizon': 48}
2025-12-31 19:25:28,439 - src.training.steps.labeling.orthogonal_label_generation - INFO - ℹ️ ❌ Rejected PRICE_CUSUM_{'params': (0.5, 20), 'risk_budget': 0.4, 'pt_mult': 2.5, 'sl_mult': 0.7, 'horizon': 12} (AUC=-0.094): Jaccard similarity 0.726 > 0.7 with PRICE_CUSUM_{'params': (0.75, 40), 'risk_budget': 0.7, 'pt_mult': 2.5, 'sl_mult': 0.7, 'horizon': 48}; Returns correlation 1.000 > 0.8 with PRICE_CUSUM_{'params': (0.75, 40), 'risk_budget': 0.7, 'pt_mult': 2.5, 'sl_mult': 0.7, 'horizon': 48}
2025-12-31 19:25:28,444 - src.training.steps.labeling.orthogonal_label_generation - INFO - ℹ️ ❌ Rejected VOL_CUSUM_{'h': 0.09832468424164222, 'vol_span': 100, 'risk_budget': 0.4, 'pt_mult': 2.0, 'sl_mult': 0.8, 'horizon': 48} (AUC=-0.167): Returns correlation 1.000 > 0.8 with PRICE_CUSUM_{'params': (0.75, 40), 'risk_budget': 0.7, 'pt_mult': 2.5, 'sl_mult': 0.7, 'horizon': 48}
2025-12-31 19:25:28,449 - src.training.steps.labeling.orthogonal_label_generation - INFO - ℹ️ ❌ Rejected VOL_CUSUM_{'h': 0.09832468424164222, 'vol_span': 100, 'risk_budget': 0.7, 'pt_mult': 2.0, 'sl_mult': 0.8, 'horizon': 48} (AUC=-0.167): Returns correlation 1.000 > 0.8 with PRICE_CUSUM_{'params': (0.75, 40), 'risk_budget': 0.7, 'pt_mult': 2.5, 'sl_mult': 0.7, 'horizon': 48}
2025-12-31 19:25:28,454 - src.training.steps.labeling.orthogonal_label_generation - INFO - ℹ️ ❌ Rejected VOL_CUSUM_{'h': 0.09832468424164222, 'vol_span': 100, 'risk_budget': 1.0, 'pt_mult': 2.0, 'sl_mult': 0.8, 'horizon': 48} (AUC=-0.167): Returns correlation 1.000 > 0.8 with PRICE_CUSUM_{'params': (0.75, 40), 'risk_budget': 0.7, 'pt_mult': 2.5, 'sl_mult': 0.7, 'horizon': 48}
2025-12-31 19:25:28,459 - src.training.steps.labeling.orthogonal_label_generation - INFO - ℹ️ ❌ Rejected VOL_CUSUM_{'h': 0.09832468424164222, 'vol_span': 100, 'risk_budget': 0.4, 'pt_mult': 2.0, 'sl_mult': 0.6, 'horizon': 48} (AUC=-0.167): Returns correlation 1.000 > 0.8 with PRICE_CUSUM_{'params': (0.75, 40), 'risk_budget': 0.7, 'pt_mult': 2.5, 'sl_mult': 0.7, 'horizon': 48}
2025-12-31 19:25:28,463 - src.training.steps.labeling.orthogonal_label_generation - INFO - ℹ️ ❌ Rejected VOL_CUSUM_{'h': 0.09832468424164222, 'vol_span': 100, 'risk_budget': 0.7, 'pt_mult': 2.0, 'sl_mult': 0.6, 'horizon': 48} (AUC=-0.167): Returns correlation 1.000 > 0.8 with PRICE_CUSUM_{'params': (0.75, 40), 'risk_budget': 0.7, 'pt_mult': 2.5, 'sl_mult': 0.7, 'horizon': 48}
2025-12-31 19:25:28,468 - src.training.steps.labeling.orthogonal_label_generation - INFO - ℹ️ ❌ Rejected VOL_CUSUM_{'h': 0.09832468424164222, 'vol_span': 100, 'risk_budget': 1.0, 'pt_mult': 2.0, 'sl_mult': 0.6, 'horizon': 48} (AUC=-0.167): Returns correlation 1.000 > 0.8 with PRICE_CUSUM_{'params': (0.75, 40), 'risk_budget': 0.7, 'pt_mult': 2.5, 'sl_mult': 0.7, 'horizon': 48}
2025-12-31 19:25:28,473 - src.training.steps.labeling.orthogonal_label_generation - INFO - ℹ️ ❌ Rejected VOL_CUSUM_{'h': 0.09832468424164222, 'vol_span': 100, 'risk_budget': 0.4, 'pt_mult': 3.0, 'sl_mult': 0.9, 'horizon': 48} (AUC=-0.167): Returns correlation 1.000 > 0.8 with PRICE_CUSUM_{'params': (0.75, 40), 'risk_budget': 0.7, 'pt_mult': 2.5, 'sl_mult': 0.7, 'horizon': 48}
2025-12-31 19:25:28,477 - src.training.steps.labeling.orthogonal_label_generation - INFO - ℹ️ ❌ Rejected VOL_CUSUM_{'h': 0.09832468424164222, 'vol_span': 100, 'risk_budget': 0.7, 'pt_mult': 3.0, 'sl_mult': 0.9, 'horizon': 48} (AUC=-0.167): Returns correlation 1.000 > 0.8 with PRICE_CUSUM_{'params': (0.75, 40), 'risk_budget': 0.7, 'pt_mult': 2.5, 'sl_mult': 0.7, 'horizon': 48}
2025-12-31 19:25:28,482 - src.training.steps.labeling.orthogonal_label_generation - INFO - ℹ️ ❌ Rejected VOL_CUSUM_{'h': 0.09832468424164222, 'vol_span': 100, 'risk_budget': 1.0, 'pt_mult': 3.0, 'sl_mult': 0.9, 'horizon': 48} (AUC=-0.167): Returns correlation 1.000 > 0.8 with PRICE_CUSUM_{'params': (0.75, 40), 'risk_budget': 0.7, 'pt_mult': 2.5, 'sl_mult': 0.7, 'horizon': 48}
2025-12-31 19:25:28,487 - src.training.steps.labeling.orthogonal_label_generation - INFO - ℹ️ ❌ Rejected VOL_CUSUM_{'h': 0.09832468424164222, 'vol_span': 100, 'risk_budget': 0.4, 'pt_mult': 3.0, 'sl_mult': 0.8, 'horizon': 48} (AUC=-0.167): Returns correlation 1.000 > 0.8 with PRICE_CUSUM_{'params': (0.75, 40), 'risk_budget': 0.7, 'pt_mult': 2.5, 'sl_mult': 0.7, 'horizon': 48}
2025-12-31 19:25:28,492 - src.training.steps.labeling.orthogonal_label_generation - INFO - ℹ️ ❌ Rejected VOL_CUSUM_{'h': 0.09832468424164222, 'vol_span': 100, 'risk_budget': 0.7, 'pt_mult': 3.0, 'sl_mult': 0.8, 'horizon': 48} (AUC=-0.167): Returns correlation 1.000 > 0.8 with PRICE_CUSUM_{'params': (0.75, 40), 'risk_budget': 0.7, 'pt_mult': 2.5, 'sl_mult': 0.7, 'horizon': 48}
2025-12-31 19:25:28,496 - src.training.steps.labeling.orthogonal_label_generation - INFO - ℹ️ ❌ Rejected VOL_CUSUM_{'h': 0.09832468424164222, 'vol_span': 100, 'risk_budget': 1.0, 'pt_mult': 3.0, 'sl_mult': 0.8, 'horizon': 48} (AUC=-0.167): Returns correlation 1.000 > 0.8 with PRICE_CUSUM_{'params': (0.75, 40), 'risk_budget': 0.7, 'pt_mult': 2.5, 'sl_mult': 0.7, 'horizon': 48}
2025-12-31 19:25:28,498 - src.training.steps.labeling.orthogonal_label_generation - INFO - ℹ️ ❌ Rejected PRICE_CUSUM_{'params': (0.75, 40), 'risk_budget': 1.0, 'pt_mult': 1.5, 'sl_mult': 0.75, 'horizon': 48} (AUC=-0.368): Jaccard similarity 1.000 > 0.7 with PRICE_CUSUM_{'params': (0.75, 40), 'risk_budget': 0.7, 'pt_mult': 2.5, 'sl_mult': 0.7, 'horizon': 48}; Returns correlation 1.000 > 0.8 with PRICE_CUSUM_{'params': (0.75, 40), 'risk_budget': 0.7, 'pt_mult': 2.5, 'sl_mult': 0.7, 'horizon': 48}
2025-12-31 19:25:28,499 - src.training.steps.labeling.orthogonal_label_generation - INFO - ℹ️ ❌ Rejected PRICE_CUSUM_{'params': (0.75, 40), 'risk_budget': 0.7, 'pt_mult': 2.0, 'sl_mult': 0.8, 'horizon': 12} (AUC=-0.482): Jaccard similarity 1.000 > 0.7 with PRICE_CUSUM_{'params': (0.75, 40), 'risk_budget': 0.7, 'pt_mult': 2.5, 'sl_mult': 0.7, 'horizon': 48}; Returns correlation 1.000 > 0.8 with PRICE_CUSUM_{'params': (0.75, 40), 'risk_budget': 0.7, 'pt_mult': 2.5, 'sl_mult': 0.7, 'horizon': 48}
2025-12-31 19:25:28,504 - src.training.steps.labeling.orthogonal_label_generation - INFO - ℹ️ ❌ Rejected VOL_CUSUM_{'h': 0.09832468424164222, 'vol_span': 50, 'risk_budget': 0.4, 'pt_mult': 2.0, 'sl_mult': 0.8, 'horizon': 12} (AUC=-0.593): Returns correlation 1.000 > 0.8 with PRICE_CUSUM_{'params': (0.75, 40), 'risk_budget': 0.7, 'pt_mult': 2.5, 'sl_mult': 0.7, 'horizon': 48}
2025-12-31 19:25:28,508 - src.training.steps.labeling.orthogonal_label_generation - INFO - ℹ️ ❌ Rejected VOL_CUSUM_{'h': 0.09832468424164222, 'vol_span': 50, 'risk_budget': 0.7, 'pt_mult': 2.0, 'sl_mult': 0.8, 'horizon': 12} (AUC=-0.593): Returns correlation 1.000 > 0.8 with PRICE_CUSUM_{'params': (0.75, 40), 'risk_budget': 0.7, 'pt_mult': 2.5, 'sl_mult': 0.7, 'horizon': 48}
2025-12-31 19:25:28,515 - src.training.steps.labeling.orthogonal_label_generation - INFO - ℹ️ ❌ Rejected VOL_CUSUM_{'h': 0.09832468424164222, 'vol_span': 50, 'risk_budget': 1.0, 'pt_mult': 2.0, 'sl_mult': 0.8, 'horizon': 12} (AUC=-0.593): Returns correlation 1.000 > 0.8 with PRICE_CUSUM_{'params': (0.75, 40), 'risk_budget': 0.7, 'pt_mult': 2.5, 'sl_mult': 0.7, 'horizon': 48}
2025-12-31 19:25:28,520 - src.training.steps.labeling.orthogonal_label_generation - INFO - ℹ️ ❌ Rejected VOL_CUSUM_{'h': 0.09832468424164222, 'vol_span': 50, 'risk_budget': 0.4, 'pt_mult': 2.0, 'sl_mult': 0.6, 'horizon': 12} (AUC=-0.593): Returns correlation 1.000 > 0.8 with PRICE_CUSUM_{'params': (0.75, 40), 'risk_budget': 0.7, 'pt_mult': 2.5, 'sl_mult': 0.7, 'horizon': 48}
2025-12-31 19:25:28,525 - src.training.steps.labeling.orthogonal_label_generation - INFO - ℹ️ ❌ Rejected VOL_CUSUM_{'h': 0.09832468424164222, 'vol_span': 50, 'risk_budget': 0.7, 'pt_mult': 2.0, 'sl_mult': 0.6, 'horizon': 12} (AUC=-0.593): Returns correlation 1.000 > 0.8 with PRICE_CUSUM_{'params': (0.75, 40), 'risk_budget': 0.7, 'pt_mult': 2.5, 'sl_mult': 0.7, 'horizon': 48}
2025-12-31 19:25:28,530 - src.training.steps.labeling.orthogonal_label_generation - INFO - ℹ️ ❌ Rejected VOL_CUSUM_{'h': 0.09832468424164222, 'vol_span': 50, 'risk_budget': 1.0, 'pt_mult': 2.0, 'sl_mult': 0.6, 'horizon': 12} (AUC=-0.593): Returns correlation 1.000 > 0.8 with PRICE_CUSUM_{'params': (0.75, 40), 'risk_budget': 0.7, 'pt_mult': 2.5, 'sl_mult': 0.7, 'horizon': 48}
2025-12-31 19:25:28,531 - src.training.steps.labeling.orthogonal_label_generation - INFO - ℹ️ ❌ Rejected PRICE_CUSUM_{'params': (0.75, 40), 'risk_budget': 1.0, 'pt_mult': 1.5, 'sl_mult': 0.75, 'horizon': 12} (AUC=-0.622): Jaccard similarity 1.000 > 0.7 with PRICE_CUSUM_{'params': (0.75, 40), 'risk_budget': 0.7, 'pt_mult': 2.5, 'sl_mult': 0.7, 'horizon': 48}; Returns correlation 1.000 > 0.8 with PRICE_CUSUM_{'params': (0.75, 40), 'risk_budget': 0.7, 'pt_mult': 2.5, 'sl_mult': 0.7, 'horizon': 48}
2025-12-31 19:25:28,535 - src.training.steps.labeling.orthogonal_label_generation - INFO - ℹ️ ❌ Rejected PRICE_CUSUM_{'params': (0.5, 20), 'risk_budget': 0.7, 'pt_mult': 2.0, 'sl_mult': 0.6, 'horizon': 48} (AUC=-2.013): Jaccard similarity 0.726 > 0.7 with PRICE_CUSUM_{'params': (0.75, 40), 'risk_budget': 0.7, 'pt_mult': 2.5, 'sl_mult': 0.7, 'horizon': 48}; Returns correlation 1.000 > 0.8 with PRICE_CUSUM_{'params': (0.75, 40), 'risk_budget': 0.7, 'pt_mult': 2.5, 'sl_mult': 0.7, 'horizon': 48}
2025-12-31 19:25:28,536 - src.training.steps.labeling.orthogonal_label_generation - INFO - ℹ️ ❌ Rejected PRICE_CUSUM_{'params': (0.75, 40), 'risk_budget': 0.4, 'pt_mult': 2.25, 'sl_mult': 0.6, 'horizon': 12} (AUC=-2.376): Jaccard similarity 1.000 > 0.7 with PRICE_CUSUM_{'params': (0.75, 40), 'risk_budget': 0.7, 'pt_mult': 2.5, 'sl_mult': 0.7, 'horizon': 48}; Returns correlation 1.000 > 0.8 with PRICE_CUSUM_{'params': (0.75, 40), 'risk_budget': 0.7, 'pt_mult': 2.5, 'sl_mult': 0.7, 'horizon': 48}
2025-12-31 19:25:28,536 - src.training.steps.labeling.orthogonal_label_generation - INFO - ℹ️ Final diversity filter: 1/153 geometries retained
2025-12-31 19:25:28,537 - src.training.steps.labeling.orthogonal_label_generation - INFO - ℹ️ Rejection summary:
2025-12-31 19:25:28,537 - src.training.steps.labeling.orthogonal_label_generation - INFO - ℹ️   - VOL_CUSUM_{'h': 0.09832468424164222, 'vol_span': 50, 'risk_budget': 0.4, 'pt_mult': 2.0, 'sl_mult': 0.8, 'horizon': 48}: Returns correlation 1.000 > 0.8 with PRICE_CUSUM_{'params': (0.75, 40), 'risk_budget': 0.7, 'pt_mult': 2.5, 'sl_mult': 0.7, 'horizon': 48}
2025-12-31 19:25:28,537 - src.training.steps.labeling.orthogonal_label_generation - INFO - ℹ️   - VOL_CUSUM_{'h': 0.09832468424164222, 'vol_span': 50, 'risk_budget': 0.7, 'pt_mult': 2.0, 'sl_mult': 0.8, 'horizon': 48}: Returns correlation 1.000 > 0.8 with PRICE_CUSUM_{'params': (0.75, 40), 'risk_budget': 0.7, 'pt_mult': 2.5, 'sl_mult': 0.7, 'horizon': 48}
2025-12-31 19:25:28,537 - src.training.steps.labeling.orthogonal_label_generation - INFO - ℹ️   - VOL_CUSUM_{'h': 0.09832468424164222, 'vol_span': 50, 'risk_budget': 1.0, 'pt_mult': 2.0, 'sl_mult': 0.8, 'horizon': 48}: Returns correlation 1.000 > 0.8 with PRICE_CUSUM_{'params': (0.75, 40), 'risk_budget': 0.7, 'pt_mult': 2.5, 'sl_mult': 0.7, 'horizon': 48}
2025-12-31 19:25:28,537 - src.training.steps.labeling.orthogonal_label_generation - INFO - ℹ️   - VOL_CUSUM_{'h': 0.09832468424164222, 'vol_span': 50, 'risk_budget': 0.4, 'pt_mult': 2.0, 'sl_mult': 0.6, 'horizon': 48}: Returns correlation 1.000 > 0.8 with PRICE_CUSUM_{'params': (0.75, 40), 'risk_budget': 0.7, 'pt_mult': 2.5, 'sl_mult': 0.7, 'horizon': 48}
2025-12-31 19:25:28,537 - src.training.steps.labeling.orthogonal_label_generation - INFO - ℹ️   - VOL_CUSUM_{'h': 0.09832468424164222, 'vol_span': 50, 'risk_budget': 0.7, 'pt_mult': 2.0, 'sl_mult': 0.6, 'horizon': 48}: Returns correlation 1.000 > 0.8 with PRICE_CUSUM_{'params': (0.75, 40), 'risk_budget': 0.7, 'pt_mult': 2.5, 'sl_mult': 0.7, 'horizon': 48}
2025-12-31 19:25:28,537 - src.training.steps.labeling.orthogonal_label_generation - INFO - ℹ️   - VOL_CUSUM_{'h': 0.09832468424164222, 'vol_span': 50, 'risk_budget': 1.0, 'pt_mult': 2.0, 'sl_mult': 0.6, 'horizon': 48}: Returns correlation 1.000 > 0.8 with PRICE_CUSUM_{'params': (0.75, 40), 'risk_budget': 0.7, 'pt_mult': 2.5, 'sl_mult': 0.7, 'horizon': 48}
2025-12-31 19:25:28,537 - src.training.steps.labeling.orthogonal_label_generation - INFO - ℹ️   - VOL_CUSUM_{'h': 0.09832468424164222, 'vol_span': 100, 'risk_budget': 0.4, 'pt_mult': 2.25, 'sl_mult': 0.75, 'horizon': 48}: Returns correlation 1.000 > 0.8 with PRICE_CUSUM_{'params': (0.75, 40), 'risk_budget': 0.7, 'pt_mult': 2.5, 'sl_mult': 0.7, 'horizon': 48}
2025-12-31 19:25:28,537 - src.training.steps.labeling.orthogonal_label_generation - INFO - ℹ️   - VOL_CUSUM_{'h': 0.09832468424164222, 'vol_span': 100, 'risk_budget': 0.7, 'pt_mult': 2.25, 'sl_mult': 0.75, 'horizon': 48}: Returns correlation 1.000 > 0.8 with PRICE_CUSUM_{'params': (0.75, 40), 'risk_budget': 0.7, 'pt_mult': 2.5, 'sl_mult': 0.7, 'horizon': 48}
2025-12-31 19:25:28,537 - src.training.steps.labeling.orthogonal_label_generation - INFO - ℹ️   - VOL_CUSUM_{'h': 0.09832468424164222, 'vol_span': 100, 'risk_budget': 1.0, 'pt_mult': 2.25, 'sl_mult': 0.75, 'horizon': 48}: Returns correlation 1.000 > 0.8 with PRICE_CUSUM_{'params': (0.75, 40), 'risk_budget': 0.7, 'pt_mult': 2.5, 'sl_mult': 0.7, 'horizon': 48}
2025-12-31 19:25:28,537 - src.training.steps.labeling.orthogonal_label_generation - INFO - ℹ️   - VOL_CUSUM_{'h': 0.09832468424164222, 'vol_span': 100, 'risk_budget': 0.4, 'pt_mult': 2.25, 'sl_mult': 0.6, 'horizon': 48}: Returns correlation 1.000 > 0.8 with PRICE_CUSUM_{'params': (0.75, 40), 'risk_budget': 0.7, 'pt_mult': 2.5, 'sl_mult': 0.7, 'horizon': 48}
2025-12-31 19:25:28,537 - src.training.steps.labeling.orthogonal_label_generation - INFO - ℹ️   - VOL_CUSUM_{'h': 0.09832468424164222, 'vol_span': 100, 'risk_budget': 0.7, 'pt_mult': 2.25, 'sl_mult': 0.6, 'horizon': 48}: Returns correlation 1.000 > 0.8 with PRICE_CUSUM_{'params': (0.75, 40), 'risk_budget': 0.7, 'pt_mult': 2.5, 'sl_mult': 0.7, 'horizon': 48}
2025-12-31 19:25:28,537 - src.training.steps.labeling.orthogonal_label_generation - INFO - ℹ️   - VOL_CUSUM_{'h': 0.09832468424164222, 'vol_span': 100, 'risk_budget': 1.0, 'pt_mult': 2.25, 'sl_mult': 0.6, 'horizon': 48}: Returns correlation 1.000 > 0.8 with PRICE_CUSUM_{'params': (0.75, 40), 'risk_budget': 0.7, 'pt_mult': 2.5, 'sl_mult': 0.7, 'horizon': 48}
2025-12-31 19:25:28,537 - src.training.steps.labeling.orthogonal_label_generation - INFO - ℹ️   - VOL_CUSUM_{'h': 0.09832468424164222, 'vol_span': 100, 'risk_budget': 0.4, 'pt_mult': 1.5, 'sl_mult': 0.75, 'horizon': 48}: Returns correlation 1.000 > 0.8 with PRICE_CUSUM_{'params': (0.75, 40), 'risk_budget': 0.7, 'pt_mult': 2.5, 'sl_mult': 0.7, 'horizon': 48}
2025-12-31 19:25:28,537 - src.training.steps.labeling.orthogonal_label_generation - INFO - ℹ️   - VOL_CUSUM_{'h': 0.09832468424164222, 'vol_span': 100, 'risk_budget': 0.7, 'pt_mult': 1.5, 'sl_mult': 0.75, 'horizon': 48}: Returns correlation 1.000 > 0.8 with PRICE_CUSUM_{'params': (0.75, 40), 'risk_budget': 0.7, 'pt_mult': 2.5, 'sl_mult': 0.7, 'horizon': 48}
2025-12-31 19:25:28,537 - src.training.steps.labeling.orthogonal_label_generation - INFO - ℹ️   - VOL_CUSUM_{'h': 0.09832468424164222, 'vol_span': 100, 'risk_budget': 1.0, 'pt_mult': 1.5, 'sl_mult': 0.75, 'horizon': 48}: Returns correlation 1.000 > 0.8 with PRICE_CUSUM_{'params': (0.75, 40), 'risk_budget': 0.7, 'pt_mult': 2.5, 'sl_mult': 0.7, 'horizon': 48}
2025-12-31 19:25:28,537 - src.training.steps.labeling.orthogonal_label_generation - INFO - ℹ️   - VOL_CUSUM_{'h': 0.09832468424164222, 'vol_span': 100, 'risk_budget': 0.4, 'pt_mult': 1.5, 'sl_mult': 0.5, 'horizon': 48}: Returns correlation 1.000 > 0.8 with PRICE_CUSUM_{'params': (0.75, 40), 'risk_budget': 0.7, 'pt_mult': 2.5, 'sl_mult': 0.7, 'horizon': 48}
2025-12-31 19:25:28,537 - src.training.steps.labeling.orthogonal_label_generation - INFO - ℹ️   - VOL_CUSUM_{'h': 0.09832468424164222, 'vol_span': 100, 'risk_budget': 0.7, 'pt_mult': 1.5, 'sl_mult': 0.5, 'horizon': 48}: Returns correlation 1.000 > 0.8 with PRICE_CUSUM_{'params': (0.75, 40), 'risk_budget': 0.7, 'pt_mult': 2.5, 'sl_mult': 0.7, 'horizon': 48}
2025-12-31 19:25:28,537 - src.training.steps.labeling.orthogonal_label_generation - INFO - ℹ️   - VOL_CUSUM_{'h': 0.09832468424164222, 'vol_span': 100, 'risk_budget': 1.0, 'pt_mult': 1.5, 'sl_mult': 0.5, 'horizon': 48}: Returns correlation 1.000 > 0.8 with PRICE_CUSUM_{'params': (0.75, 40), 'risk_budget': 0.7, 'pt_mult': 2.5, 'sl_mult': 0.7, 'horizon': 48}
2025-12-31 19:25:28,537 - src.training.steps.labeling.orthogonal_label_generation - INFO - ℹ️   - VOL_CUSUM_{'h': 0.09832468424164222, 'vol_span': 50, 'risk_budget': 0.4, 'pt_mult': 1.5, 'sl_mult': 0.75, 'horizon': 12}: Returns correlation 1.000 > 0.8 with PRICE_CUSUM_{'params': (0.75, 40), 'risk_budget': 0.7, 'pt_mult': 2.5, 'sl_mult': 0.7, 'horizon': 48}
2025-12-31 19:25:28,537 - src.training.steps.labeling.orthogonal_label_generation - INFO - ℹ️   - VOL_CUSUM_{'h': 0.09832468424164222, 'vol_span': 50, 'risk_budget': 0.7, 'pt_mult': 1.5, 'sl_mult': 0.75, 'horizon': 12}: Returns correlation 1.000 > 0.8 with PRICE_CUSUM_{'params': (0.75, 40), 'risk_budget': 0.7, 'pt_mult': 2.5, 'sl_mult': 0.7, 'horizon': 48}
2025-12-31 19:25:28,537 - src.training.steps.labeling.orthogonal_label_generation - INFO - ℹ️   - VOL_CUSUM_{'h': 0.09832468424164222, 'vol_span': 50, 'risk_budget': 1.0, 'pt_mult': 1.5, 'sl_mult': 0.75, 'horizon': 12}: Returns correlation 1.000 > 0.8 with PRICE_CUSUM_{'params': (0.75, 40), 'risk_budget': 0.7, 'pt_mult': 2.5, 'sl_mult': 0.7, 'horizon': 48}
2025-12-31 19:25:28,538 - src.training.steps.labeling.orthogonal_label_generation - INFO - ℹ️   - VOL_CUSUM_{'h': 0.09832468424164222, 'vol_span': 50, 'risk_budget': 0.4, 'pt_mult': 1.5, 'sl_mult': 0.5, 'horizon': 12}: Returns correlation 1.000 > 0.8 with PRICE_CUSUM_{'params': (0.75, 40), 'risk_budget': 0.7, 'pt_mult': 2.5, 'sl_mult': 0.7, 'horizon': 48}
2025-12-31 19:25:28,538 - src.training.steps.labeling.orthogonal_label_generation - INFO - ℹ️   - VOL_CUSUM_{'h': 0.09832468424164222, 'vol_span': 50, 'risk_budget': 0.7, 'pt_mult': 1.5, 'sl_mult': 0.5, 'horizon': 12}: Returns correlation 1.000 > 0.8 with PRICE_CUSUM_{'params': (0.75, 40), 'risk_budget': 0.7, 'pt_mult': 2.5, 'sl_mult': 0.7, 'horizon': 48}
2025-12-31 19:25:28,538 - src.training.steps.labeling.orthogonal_label_generation - INFO - ℹ️   - VOL_CUSUM_{'h': 0.09832468424164222, 'vol_span': 50, 'risk_budget': 1.0, 'pt_mult': 1.5, 'sl_mult': 0.5, 'horizon': 12}: Returns correlation 1.000 > 0.8 with PRICE_CUSUM_{'params': (0.75, 40), 'risk_budget': 0.7, 'pt_mult': 2.5, 'sl_mult': 0.7, 'horizon': 48}
2025-12-31 19:25:28,538 - src.training.steps.labeling.orthogonal_label_generation - INFO - ℹ️   - VOL_CUSUM_{'h': 0.09832468424164222, 'vol_span': 50, 'risk_budget': 0.4, 'pt_mult': 1.5, 'sl_mult': 0.75, 'horizon': 48}: Returns correlation 1.000 > 0.8 with PRICE_CUSUM_{'params': (0.75, 40), 'risk_budget': 0.7, 'pt_mult': 2.5, 'sl_mult': 0.7, 'horizon': 48}
2025-12-31 19:25:28,538 - src.training.steps.labeling.orthogonal_label_generation - INFO - ℹ️   - VOL_CUSUM_{'h': 0.09832468424164222, 'vol_span': 50, 'risk_budget': 0.7, 'pt_mult': 1.5, 'sl_mult': 0.75, 'horizon': 48}: Returns correlation 1.000 > 0.8 with PRICE_CUSUM_{'params': (0.75, 40), 'risk_budget': 0.7, 'pt_mult': 2.5, 'sl_mult': 0.7, 'horizon': 48}
2025-12-31 19:25:28,538 - src.training.steps.labeling.orthogonal_label_generation - INFO - ℹ️   - VOL_CUSUM_{'h': 0.09832468424164222, 'vol_span': 50, 'risk_budget': 1.0, 'pt_mult': 1.5, 'sl_mult': 0.75, 'horizon': 48}: Returns correlation 1.000 > 0.8 with PRICE_CUSUM_{'params': (0.75, 40), 'risk_budget': 0.7, 'pt_mult': 2.5, 'sl_mult': 0.7, 'horizon': 48}
2025-12-31 19:25:28,538 - src.training.steps.labeling.orthogonal_label_generation - INFO - ℹ️   - VOL_CUSUM_{'h': 0.09832468424164222, 'vol_span': 50, 'risk_budget': 0.4, 'pt_mult': 1.5, 'sl_mult': 0.5, 'horizon': 48}: Returns correlation 1.000 > 0.8 with PRICE_CUSUM_{'params': (0.75, 40), 'risk_budget': 0.7, 'pt_mult': 2.5, 'sl_mult': 0.7, 'horizon': 48}
2025-12-31 19:25:28,538 - src.training.steps.labeling.orthogonal_label_generation - INFO - ℹ️   - VOL_CUSUM_{'h': 0.09832468424164222, 'vol_span': 50, 'risk_budget': 0.7, 'pt_mult': 1.5, 'sl_mult': 0.5, 'horizon': 48}: Returns correlation 1.000 > 0.8 with PRICE_CUSUM_{'params': (0.75, 40), 'risk_budget': 0.7, 'pt_mult': 2.5, 'sl_mult': 0.7, 'horizon': 48}
2025-12-31 19:25:28,538 - src.training.steps.labeling.orthogonal_label_generation - INFO - ℹ️   - VOL_CUSUM_{'h': 0.09832468424164222, 'vol_span': 50, 'risk_budget': 1.0, 'pt_mult': 1.5, 'sl_mult': 0.5, 'horizon': 48}: Returns correlation 1.000 > 0.8 with PRICE_CUSUM_{'params': (0.75, 40), 'risk_budget': 0.7, 'pt_mult': 2.5, 'sl_mult': 0.7, 'horizon': 48}
2025-12-31 19:25:28,538 - src.training.steps.labeling.orthogonal_label_generation - INFO - ℹ️   - PRICE_CUSUM_{'params': (0.5, 20), 'risk_budget': 1.0, 'pt_mult': 3.0, 'sl_mult': 0.8, 'horizon': 12}: Jaccard similarity 0.726 > 0.7 with PRICE_CUSUM_{'params': (0.75, 40), 'risk_budget': 0.7, 'pt_mult': 2.5, 'sl_mult': 0.7, 'horizon': 48}
2025-12-31 19:25:28,538 - src.training.steps.labeling.orthogonal_label_generation - INFO - ℹ️   - VOL_CUSUM_{'h': 0.09832468424164222, 'vol_span': 100, 'risk_budget': 0.4, 'pt_mult': 2.0, 'sl_mult': 0.8, 'horizon': 12}: Returns correlation 1.000 > 0.8 with PRICE_CUSUM_{'params': (0.75, 40), 'risk_budget': 0.7, 'pt_mult': 2.5, 'sl_mult': 0.7, 'horizon': 48}
2025-12-31 19:25:28,538 - src.training.steps.labeling.orthogonal_label_generation - INFO - ℹ️   - VOL_CUSUM_{'h': 0.09832468424164222, 'vol_span': 100, 'risk_budget': 0.7, 'pt_mult': 2.0, 'sl_mult': 0.8, 'horizon': 12}: Returns correlation 1.000 > 0.8 with PRICE_CUSUM_{'params': (0.75, 40), 'risk_budget': 0.7, 'pt_mult': 2.5, 'sl_mult': 0.7, 'horizon': 48}
2025-12-31 19:25:28,538 - src.training.steps.labeling.orthogonal_label_generation - INFO - ℹ️   - VOL_CUSUM_{'h': 0.09832468424164222, 'vol_span': 100, 'risk_budget': 1.0, 'pt_mult': 2.0, 'sl_mult': 0.8, 'horizon': 12}: Returns correlation 1.000 > 0.8 with PRICE_CUSUM_{'params': (0.75, 40), 'risk_budget': 0.7, 'pt_mult': 2.5, 'sl_mult': 0.7, 'horizon': 48}
2025-12-31 19:25:28,538 - src.training.steps.labeling.orthogonal_label_generation - INFO - ℹ️   - VOL_CUSUM_{'h': 0.09832468424164222, 'vol_span': 100, 'risk_budget': 0.4, 'pt_mult': 2.0, 'sl_mult': 0.6, 'horizon': 12}: Returns correlation 1.000 > 0.8 with PRICE_CUSUM_{'params': (0.75, 40), 'risk_budget': 0.7, 'pt_mult': 2.5, 'sl_mult': 0.7, 'horizon': 48}
2025-12-31 19:25:28,538 - src.training.steps.labeling.orthogonal_label_generation - INFO - ℹ️   - VOL_CUSUM_{'h': 0.09832468424164222, 'vol_span': 100, 'risk_budget': 0.7, 'pt_mult': 2.0, 'sl_mult': 0.6, 'horizon': 12}: Returns correlation 1.000 > 0.8 with PRICE_CUSUM_{'params': (0.75, 40), 'risk_budget': 0.7, 'pt_mult': 2.5, 'sl_mult': 0.7, 'horizon': 48}
2025-12-31 19:25:28,538 - src.training.steps.labeling.orthogonal_label_generation - INFO - ℹ️   - VOL_CUSUM_{'h': 0.09832468424164222, 'vol_span': 100, 'risk_budget': 1.0, 'pt_mult': 2.0, 'sl_mult': 0.6, 'horizon': 12}: Returns correlation 1.000 > 0.8 with PRICE_CUSUM_{'params': (0.75, 40), 'risk_budget': 0.7, 'pt_mult': 2.5, 'sl_mult': 0.7, 'horizon': 48}
2025-12-31 19:25:28,538 - src.training.steps.labeling.orthogonal_label_generation - INFO - ℹ️   - VOL_CUSUM_{'h': 0.09832468424164222, 'vol_span': 50, 'risk_budget': 0.4, 'pt_mult': 2.25, 'sl_mult': 0.75, 'horizon': 12}: Returns correlation 1.000 > 0.8 with PRICE_CUSUM_{'params': (0.75, 40), 'risk_budget': 0.7, 'pt_mult': 2.5, 'sl_mult': 0.7, 'horizon': 48}
2025-12-31 19:25:28,538 - src.training.steps.labeling.orthogonal_label_generation - INFO - ℹ️   - VOL_CUSUM_{'h': 0.09832468424164222, 'vol_span': 50, 'risk_budget': 0.7, 'pt_mult': 2.25, 'sl_mult': 0.75, 'horizon': 12}: Returns correlation 1.000 > 0.8 with PRICE_CUSUM_{'params': (0.75, 40), 'risk_budget': 0.7, 'pt_mult': 2.5, 'sl_mult': 0.7, 'horizon': 48}
2025-12-31 19:25:28,538 - src.training.steps.labeling.orthogonal_label_generation - INFO - ℹ️   - PRICE_CUSUM_{'params': (0.5, 20), 'risk_budget': 1.0, 'pt_mult': 3.0, 'sl_mult': 0.8, 'horizon': 48}: Jaccard similarity 0.726 > 0.7 with PRICE_CUSUM_{'params': (0.75, 40), 'risk_budget': 0.7, 'pt_mult': 2.5, 'sl_mult': 0.7, 'horizon': 48}
2025-12-31 19:25:28,538 - src.training.steps.labeling.orthogonal_label_generation - INFO - ℹ️   - VOL_CUSUM_{'h': 0.09832468424164222, 'vol_span': 100, 'risk_budget': 0.4, 'pt_mult': 3.0, 'sl_mult': 0.9, 'horizon': 12}: Returns correlation 1.000 > 0.8 with PRICE_CUSUM_{'params': (0.75, 40), 'risk_budget': 0.7, 'pt_mult': 2.5, 'sl_mult': 0.7, 'horizon': 48}
2025-12-31 19:25:28,538 - src.training.steps.labeling.orthogonal_label_generation - INFO - ℹ️   - VOL_CUSUM_{'h': 0.09832468424164222, 'vol_span': 100, 'risk_budget': 0.7, 'pt_mult': 3.0, 'sl_mult': 0.9, 'horizon': 12}: Returns correlation 1.000 > 0.8 with PRICE_CUSUM_{'params': (0.75, 40), 'risk_budget': 0.7, 'pt_mult': 2.5, 'sl_mult': 0.7, 'horizon': 48}
2025-12-31 19:25:28,538 - src.training.steps.labeling.orthogonal_label_generation - INFO - ℹ️   - VOL_CUSUM_{'h': 0.09832468424164222, 'vol_span': 100, 'risk_budget': 1.0, 'pt_mult': 3.0, 'sl_mult': 0.9, 'horizon': 12}: Returns correlation 1.000 > 0.8 with PRICE_CUSUM_{'params': (0.75, 40), 'risk_budget': 0.7, 'pt_mult': 2.5, 'sl_mult': 0.7, 'horizon': 48}
2025-12-31 19:25:28,538 - src.training.steps.labeling.orthogonal_label_generation - INFO - ℹ️   - VOL_CUSUM_{'h': 0.09832468424164222, 'vol_span': 100, 'risk_budget': 0.4, 'pt_mult': 3.0, 'sl_mult': 0.8, 'horizon': 12}: Returns correlation 1.000 > 0.8 with PRICE_CUSUM_{'params': (0.75, 40), 'risk_budget': 0.7, 'pt_mult': 2.5, 'sl_mult': 0.7, 'horizon': 48}
2025-12-31 19:25:28,539 - src.training.steps.labeling.orthogonal_label_generation - INFO - ℹ️   - VOL_CUSUM_{'h': 0.09832468424164222, 'vol_span': 100, 'risk_budget': 0.7, 'pt_mult': 3.0, 'sl_mult': 0.8, 'horizon': 12}: Returns correlation 1.000 > 0.8 with PRICE_CUSUM_{'params': (0.75, 40), 'risk_budget': 0.7, 'pt_mult': 2.5, 'sl_mult': 0.7, 'horizon': 48}
2025-12-31 19:25:28,539 - src.training.steps.labeling.orthogonal_label_generation - INFO - ℹ️   - VOL_CUSUM_{'h': 0.09832468424164222, 'vol_span': 100, 'risk_budget': 1.0, 'pt_mult': 3.0, 'sl_mult': 0.8, 'horizon': 12}: Returns correlation 1.000 > 0.8 with PRICE_CUSUM_{'params': (0.75, 40), 'risk_budget': 0.7, 'pt_mult': 2.5, 'sl_mult': 0.7, 'horizon': 48}
2025-12-31 19:25:28,539 - src.training.steps.labeling.orthogonal_label_generation - INFO - ℹ️   - PRICE_CUSUM_{'params': (0.75, 40), 'risk_budget': 0.4, 'pt_mult': 2.5, 'sl_mult': 0.7, 'horizon': 12}: Jaccard similarity 1.000 > 0.7 with PRICE_CUSUM_{'params': (0.75, 40), 'risk_budget': 0.7, 'pt_mult': 2.5, 'sl_mult': 0.7, 'horizon': 48}
2025-12-31 19:25:28,539 - src.training.steps.labeling.orthogonal_label_generation - INFO - ℹ️   - PRICE_CUSUM_{'params': (0.5, 20), 'risk_budget': 1.0, 'pt_mult': 2.5, 'sl_mult': 0.8, 'horizon': 12}: Jaccard similarity 0.726 > 0.7 with PRICE_CUSUM_{'params': (0.75, 40), 'risk_budget': 0.7, 'pt_mult': 2.5, 'sl_mult': 0.7, 'horizon': 48}
2025-12-31 19:25:28,539 - src.training.steps.labeling.orthogonal_label_generation - INFO - ℹ️   - PRICE_CUSUM_{'params': (0.5, 20), 'risk_budget': 0.4, 'pt_mult': 1.5, 'sl_mult': 0.5, 'horizon': 12}: Jaccard similarity 0.726 > 0.7 with PRICE_CUSUM_{'params': (0.75, 40), 'risk_budget': 0.7, 'pt_mult': 2.5, 'sl_mult': 0.7, 'horizon': 48}
2025-12-31 19:25:28,539 - src.training.steps.labeling.orthogonal_label_generation - INFO - ℹ️   - PRICE_CUSUM_{'params': (0.75, 40), 'risk_budget': 0.4, 'pt_mult': 2.0, 'sl_mult': 0.6, 'horizon': 12}: Jaccard similarity 1.000 > 0.7 with PRICE_CUSUM_{'params': (0.75, 40), 'risk_budget': 0.7, 'pt_mult': 2.5, 'sl_mult': 0.7, 'horizon': 48}
2025-12-31 19:25:28,539 - src.training.steps.labeling.orthogonal_label_generation - INFO - ℹ️   - PRICE_CUSUM_{'params': (0.75, 40), 'risk_budget': 1.0, 'pt_mult': 2.0, 'sl_mult': 0.6, 'horizon': 12}: Jaccard similarity 1.000 > 0.7 with PRICE_CUSUM_{'params': (0.75, 40), 'risk_budget': 0.7, 'pt_mult': 2.5, 'sl_mult': 0.7, 'horizon': 48}
2025-12-31 19:25:28,539 - src.training.steps.labeling.orthogonal_label_generation - INFO - ℹ️   - PRICE_CUSUM_{'params': (0.5, 20), 'risk_budget': 0.7, 'pt_mult': 2.25, 'sl_mult': 0.6, 'horizon': 48}: Jaccard similarity 0.726 > 0.7 with PRICE_CUSUM_{'params': (0.75, 40), 'risk_budget': 0.7, 'pt_mult': 2.5, 'sl_mult': 0.7, 'horizon': 48}
2025-12-31 19:25:28,539 - src.training.steps.labeling.orthogonal_label_generation - INFO - ℹ️   - PRICE_CUSUM_{'params': (0.75, 40), 'risk_budget': 0.4, 'pt_mult': 2.0, 'sl_mult': 0.8, 'horizon': 12}: Jaccard similarity 1.000 > 0.7 with PRICE_CUSUM_{'params': (0.75, 40), 'risk_budget': 0.7, 'pt_mult': 2.5, 'sl_mult': 0.7, 'horizon': 48}
2025-12-31 19:25:28,539 - src.training.steps.labeling.orthogonal_label_generation - INFO - ℹ️   - PRICE_CUSUM_{'params': (0.75, 40), 'risk_budget': 0.7, 'pt_mult': 3.0, 'sl_mult': 0.9, 'horizon': 12}: Jaccard similarity 1.000 > 0.7 with PRICE_CUSUM_{'params': (0.75, 40), 'risk_budget': 0.7, 'pt_mult': 2.5, 'sl_mult': 0.7, 'horizon': 48}
2025-12-31 19:25:28,539 - src.training.steps.labeling.orthogonal_label_generation - INFO - ℹ️   - PRICE_CUSUM_{'params': (0.75, 40), 'risk_budget': 1.0, 'pt_mult': 1.5, 'sl_mult': 0.5, 'horizon': 12}: Jaccard similarity 1.000 > 0.7 with PRICE_CUSUM_{'params': (0.75, 40), 'risk_budget': 0.7, 'pt_mult': 2.5, 'sl_mult': 0.7, 'horizon': 48}
2025-12-31 19:25:28,539 - src.training.steps.labeling.orthogonal_label_generation - INFO - ℹ️   - PRICE_CUSUM_{'params': (0.75, 40), 'risk_budget': 1.0, 'pt_mult': 3.0, 'sl_mult': 0.9, 'horizon': 12}: Jaccard similarity 1.000 > 0.7 with PRICE_CUSUM_{'params': (0.75, 40), 'risk_budget': 0.7, 'pt_mult': 2.5, 'sl_mult': 0.7, 'horizon': 48}
2025-12-31 19:25:28,539 - src.training.steps.labeling.orthogonal_label_generation - INFO - ℹ️   - PRICE_CUSUM_{'params': (0.75, 40), 'risk_budget': 0.4, 'pt_mult': 2.5, 'sl_mult': 0.8, 'horizon': 12}: Jaccard similarity 1.000 > 0.7 with PRICE_CUSUM_{'params': (0.75, 40), 'risk_budget': 0.7, 'pt_mult': 2.5, 'sl_mult': 0.7, 'horizon': 48}
2025-12-31 19:25:28,539 - src.training.steps.labeling.orthogonal_label_generation - INFO - ℹ️   - PRICE_CUSUM_{'params': (0.75, 40), 'risk_budget': 1.0, 'pt_mult': 2.25, 'sl_mult': 0.75, 'horizon': 12}: Jaccard similarity 1.000 > 0.7 with PRICE_CUSUM_{'params': (0.75, 40), 'risk_budget': 0.7, 'pt_mult': 2.5, 'sl_mult': 0.7, 'horizon': 48}
2025-12-31 19:25:28,539 - src.training.steps.labeling.orthogonal_label_generation - INFO - ℹ️   - PRICE_CUSUM_{'params': (0.75, 40), 'risk_budget': 1.0, 'pt_mult': 2.0, 'sl_mult': 0.8, 'horizon': 48}: Jaccard similarity 1.000 > 0.7 with PRICE_CUSUM_{'params': (0.75, 40), 'risk_budget': 0.7, 'pt_mult': 2.5, 'sl_mult': 0.7, 'horizon': 48}
2025-12-31 19:25:28,539 - src.training.steps.labeling.orthogonal_label_generation - INFO - ℹ️   - PRICE_CUSUM_{'params': (0.5, 20), 'risk_budget': 1.0, 'pt_mult': 3.0, 'sl_mult': 0.9, 'horizon': 48}: Jaccard similarity 0.726 > 0.7 with PRICE_CUSUM_{'params': (0.75, 40), 'risk_budget': 0.7, 'pt_mult': 2.5, 'sl_mult': 0.7, 'horizon': 48}
2025-12-31 19:25:28,539 - src.training.steps.labeling.orthogonal_label_generation - INFO - ℹ️   - PRICE_CUSUM_{'params': (0.75, 40), 'risk_budget': 0.7, 'pt_mult': 1.5, 'sl_mult': 0.75, 'horizon': 12}: Jaccard similarity 1.000 > 0.7 with PRICE_CUSUM_{'params': (0.75, 40), 'risk_budget': 0.7, 'pt_mult': 2.5, 'sl_mult': 0.7, 'horizon': 48}
2025-12-31 19:25:28,539 - src.training.steps.labeling.orthogonal_label_generation - INFO - ℹ️   - PRICE_CUSUM_{'params': (0.75, 40), 'risk_budget': 1.0, 'pt_mult': 2.25, 'sl_mult': 0.6, 'horizon': 12}: Jaccard similarity 1.000 > 0.7 with PRICE_CUSUM_{'params': (0.75, 40), 'risk_budget': 0.7, 'pt_mult': 2.5, 'sl_mult': 0.7, 'horizon': 48}
2025-12-31 19:25:28,539 - src.training.steps.labeling.orthogonal_label_generation - INFO - ℹ️   - PRICE_CUSUM_{'params': (0.5, 20), 'risk_budget': 0.4, 'pt_mult': 2.5, 'sl_mult': 0.8, 'horizon': 12}: Jaccard similarity 0.726 > 0.7 with PRICE_CUSUM_{'params': (0.75, 40), 'risk_budget': 0.7, 'pt_mult': 2.5, 'sl_mult': 0.7, 'horizon': 48}
2025-12-31 19:25:28,539 - src.training.steps.labeling.orthogonal_label_generation - INFO - ℹ️   - PRICE_CUSUM_{'params': (0.5, 20), 'risk_budget': 1.0, 'pt_mult': 2.5, 'sl_mult': 0.7, 'horizon': 48}: Jaccard similarity 0.726 > 0.7 with PRICE_CUSUM_{'params': (0.75, 40), 'risk_budget': 0.7, 'pt_mult': 2.5, 'sl_mult': 0.7, 'horizon': 48}
2025-12-31 19:25:28,539 - src.training.steps.labeling.orthogonal_label_generation - INFO - ℹ️   - VOL_CUSUM_{'h': 0.09832468424164222, 'vol_span': 100, 'risk_budget': 0.4, 'pt_mult': 2.25, 'sl_mult': 0.75, 'horizon': 12}: Returns correlation 1.000 > 0.8 with PRICE_CUSUM_{'params': (0.75, 40), 'risk_budget': 0.7, 'pt_mult': 2.5, 'sl_mult': 0.7, 'horizon': 48}
2025-12-31 19:25:28,539 - src.training.steps.labeling.orthogonal_label_generation - INFO - ℹ️   - VOL_CUSUM_{'h': 0.09832468424164222, 'vol_span': 100, 'risk_budget': 0.7, 'pt_mult': 2.25, 'sl_mult': 0.75, 'horizon': 12}: Returns correlation 1.000 > 0.8 with PRICE_CUSUM_{'params': (0.75, 40), 'risk_budget': 0.7, 'pt_mult': 2.5, 'sl_mult': 0.7, 'horizon': 48}
2025-12-31 19:25:28,539 - src.training.steps.labeling.orthogonal_label_generation - INFO - ℹ️   - VOL_CUSUM_{'h': 0.09832468424164222, 'vol_span': 100, 'risk_budget': 1.0, 'pt_mult': 2.25, 'sl_mult': 0.75, 'horizon': 12}: Returns correlation 1.000 > 0.8 with PRICE_CUSUM_{'params': (0.75, 40), 'risk_budget': 0.7, 'pt_mult': 2.5, 'sl_mult': 0.7, 'horizon': 48}
2025-12-31 19:25:28,540 - src.training.steps.labeling.orthogonal_label_generation - INFO - ℹ️   - VOL_CUSUM_{'h': 0.09832468424164222, 'vol_span': 100, 'risk_budget': 0.4, 'pt_mult': 2.25, 'sl_mult': 0.6, 'horizon': 12}: Returns correlation 1.000 > 0.8 with PRICE_CUSUM_{'params': (0.75, 40), 'risk_budget': 0.7, 'pt_mult': 2.5, 'sl_mult': 0.7, 'horizon': 48}
2025-12-31 19:25:28,540 - src.training.steps.labeling.orthogonal_label_generation - INFO - ℹ️   - VOL_CUSUM_{'h': 0.09832468424164222, 'vol_span': 100, 'risk_budget': 0.7, 'pt_mult': 2.25, 'sl_mult': 0.6, 'horizon': 12}: Returns correlation 1.000 > 0.8 with PRICE_CUSUM_{'params': (0.75, 40), 'risk_budget': 0.7, 'pt_mult': 2.5, 'sl_mult': 0.7, 'horizon': 48}
2025-12-31 19:25:28,540 - src.training.steps.labeling.orthogonal_label_generation - INFO - ℹ️   - VOL_CUSUM_{'h': 0.09832468424164222, 'vol_span': 100, 'risk_budget': 1.0, 'pt_mult': 2.25, 'sl_mult': 0.6, 'horizon': 12}: Returns correlation 1.000 > 0.8 with PRICE_CUSUM_{'params': (0.75, 40), 'risk_budget': 0.7, 'pt_mult': 2.5, 'sl_mult': 0.7, 'horizon': 48}
2025-12-31 19:25:28,540 - src.training.steps.labeling.orthogonal_label_generation - INFO - ℹ️   - PRICE_CUSUM_{'params': (0.5, 20), 'risk_budget': 1.0, 'pt_mult': 2.5, 'sl_mult': 0.8, 'horizon': 48}: Jaccard similarity 0.726 > 0.7 with PRICE_CUSUM_{'params': (0.75, 40), 'risk_budget': 0.7, 'pt_mult': 2.5, 'sl_mult': 0.7, 'horizon': 48}
2025-12-31 19:25:28,540 - src.training.steps.labeling.orthogonal_label_generation - INFO - ℹ️   - PRICE_CUSUM_{'params': (0.75, 40), 'risk_budget': 1.0, 'pt_mult': 2.0, 'sl_mult': 0.6, 'horizon': 48}: Jaccard similarity 1.000 > 0.7 with PRICE_CUSUM_{'params': (0.75, 40), 'risk_budget': 0.7, 'pt_mult': 2.5, 'sl_mult': 0.7, 'horizon': 48}
2025-12-31 19:25:28,540 - src.training.steps.labeling.orthogonal_label_generation - INFO - ℹ️   - PRICE_CUSUM_{'params': (0.5, 20), 'risk_budget': 1.0, 'pt_mult': 1.5, 'sl_mult': 0.75, 'horizon': 48}: Jaccard similarity 0.726 > 0.7 with PRICE_CUSUM_{'params': (0.75, 40), 'risk_budget': 0.7, 'pt_mult': 2.5, 'sl_mult': 0.7, 'horizon': 48}
2025-12-31 19:25:28,540 - src.training.steps.labeling.orthogonal_label_generation - INFO - ℹ️   - PRICE_CUSUM_{'params': (0.75, 40), 'risk_budget': 0.7, 'pt_mult': 2.0, 'sl_mult': 0.6, 'horizon': 48}: Jaccard similarity 1.000 > 0.7 with PRICE_CUSUM_{'params': (0.75, 40), 'risk_budget': 0.7, 'pt_mult': 2.5, 'sl_mult': 0.7, 'horizon': 48}
2025-12-31 19:25:28,540 - src.training.steps.labeling.orthogonal_label_generation - INFO - ℹ️   - PRICE_CUSUM_{'params': (0.75, 40), 'risk_budget': 0.7, 'pt_mult': 1.5, 'sl_mult': 0.75, 'horizon': 48}: Jaccard similarity 1.000 > 0.7 with PRICE_CUSUM_{'params': (0.75, 40), 'risk_budget': 0.7, 'pt_mult': 2.5, 'sl_mult': 0.7, 'horizon': 48}
2025-12-31 19:25:28,540 - src.training.steps.labeling.orthogonal_label_generation - INFO - ℹ️   - PRICE_CUSUM_{'params': (0.75, 40), 'risk_budget': 0.4, 'pt_mult': 1.5, 'sl_mult': 0.5, 'horizon': 12}: Jaccard similarity 1.000 > 0.7 with PRICE_CUSUM_{'params': (0.75, 40), 'risk_budget': 0.7, 'pt_mult': 2.5, 'sl_mult': 0.7, 'horizon': 48}
2025-12-31 19:25:28,540 - src.training.steps.labeling.orthogonal_label_generation - INFO - ℹ️   - PRICE_CUSUM_{'params': (0.5, 20), 'risk_budget': 0.7, 'pt_mult': 3.0, 'sl_mult': 0.9, 'horizon': 48}: Jaccard similarity 0.726 > 0.7 with PRICE_CUSUM_{'params': (0.75, 40), 'risk_budget': 0.7, 'pt_mult': 2.5, 'sl_mult': 0.7, 'horizon': 48}
2025-12-31 19:25:28,540 - src.training.steps.labeling.orthogonal_label_generation - INFO - ℹ️   - PRICE_CUSUM_{'params': (0.75, 40), 'risk_budget': 1.0, 'pt_mult': 3.0, 'sl_mult': 0.8, 'horizon': 48}: Jaccard similarity 1.000 > 0.7 with PRICE_CUSUM_{'params': (0.75, 40), 'risk_budget': 0.7, 'pt_mult': 2.5, 'sl_mult': 0.7, 'horizon': 48}
2025-12-31 19:25:28,540 - src.training.steps.labeling.orthogonal_label_generation - INFO - ℹ️   - PRICE_CUSUM_{'params': (0.75, 40), 'risk_budget': 0.7, 'pt_mult': 3.0, 'sl_mult': 0.8, 'horizon': 12}: Jaccard similarity 1.000 > 0.7 with PRICE_CUSUM_{'params': (0.75, 40), 'risk_budget': 0.7, 'pt_mult': 2.5, 'sl_mult': 0.7, 'horizon': 48}
2025-12-31 19:25:28,540 - src.training.steps.labeling.orthogonal_label_generation - INFO - ℹ️   - PRICE_CUSUM_{'params': (0.75, 40), 'risk_budget': 0.7, 'pt_mult': 2.0, 'sl_mult': 0.6, 'horizon': 12}: Jaccard similarity 1.000 > 0.7 with PRICE_CUSUM_{'params': (0.75, 40), 'risk_budget': 0.7, 'pt_mult': 2.5, 'sl_mult': 0.7, 'horizon': 48}
2025-12-31 19:25:28,540 - src.training.steps.labeling.orthogonal_label_generation - INFO - ℹ️   - PRICE_CUSUM_{'params': (0.75, 40), 'risk_budget': 0.7, 'pt_mult': 2.0, 'sl_mult': 0.8, 'horizon': 48}: Jaccard similarity 1.000 > 0.7 with PRICE_CUSUM_{'params': (0.75, 40), 'risk_budget': 0.7, 'pt_mult': 2.5, 'sl_mult': 0.7, 'horizon': 48}
2025-12-31 19:25:28,540 - src.training.steps.labeling.orthogonal_label_generation - INFO - ℹ️   - PRICE_CUSUM_{'params': (0.5, 20), 'risk_budget': 0.4, 'pt_mult': 3.0, 'sl_mult': 0.9, 'horizon': 12}: Jaccard similarity 0.726 > 0.7 with PRICE_CUSUM_{'params': (0.75, 40), 'risk_budget': 0.7, 'pt_mult': 2.5, 'sl_mult': 0.7, 'horizon': 48}
2025-12-31 19:25:28,540 - src.training.steps.labeling.orthogonal_label_generation - INFO - ℹ️   - PRICE_CUSUM_{'params': (0.75, 40), 'risk_budget': 0.4, 'pt_mult': 3.0, 'sl_mult': 0.9, 'horizon': 12}: Jaccard similarity 1.000 > 0.7 with PRICE_CUSUM_{'params': (0.75, 40), 'risk_budget': 0.7, 'pt_mult': 2.5, 'sl_mult': 0.7, 'horizon': 48}
2025-12-31 19:25:28,540 - src.training.steps.labeling.orthogonal_label_generation - INFO - ℹ️   - VOL_CUSUM_{'h': 0.09832468424164222, 'vol_span': 100, 'risk_budget': 0.4, 'pt_mult': 2.5, 'sl_mult': 0.8, 'horizon': 48}: Returns correlation 1.000 > 0.8 with PRICE_CUSUM_{'params': (0.75, 40), 'risk_budget': 0.7, 'pt_mult': 2.5, 'sl_mult': 0.7, 'horizon': 48}
2025-12-31 19:25:28,540 - src.training.steps.labeling.orthogonal_label_generation - INFO - ℹ️   - VOL_CUSUM_{'h': 0.09832468424164222, 'vol_span': 100, 'risk_budget': 0.7, 'pt_mult': 2.5, 'sl_mult': 0.8, 'horizon': 48}: Returns correlation 1.000 > 0.8 with PRICE_CUSUM_{'params': (0.75, 40), 'risk_budget': 0.7, 'pt_mult': 2.5, 'sl_mult': 0.7, 'horizon': 48}
2025-12-31 19:25:28,540 - src.training.steps.labeling.orthogonal_label_generation - INFO - ℹ️   - VOL_CUSUM_{'h': 0.09832468424164222, 'vol_span': 100, 'risk_budget': 1.0, 'pt_mult': 2.5, 'sl_mult': 0.8, 'horizon': 48}: Returns correlation 1.000 > 0.8 with PRICE_CUSUM_{'params': (0.75, 40), 'risk_budget': 0.7, 'pt_mult': 2.5, 'sl_mult': 0.7, 'horizon': 48}
2025-12-31 19:25:28,540 - src.training.steps.labeling.orthogonal_label_generation - INFO - ℹ️   - VOL_CUSUM_{'h': 0.09832468424164222, 'vol_span': 100, 'risk_budget': 0.4, 'pt_mult': 2.5, 'sl_mult': 0.7, 'horizon': 48}: Returns correlation 1.000 > 0.8 with PRICE_CUSUM_{'params': (0.75, 40), 'risk_budget': 0.7, 'pt_mult': 2.5, 'sl_mult': 0.7, 'horizon': 48}
2025-12-31 19:25:28,540 - src.training.steps.labeling.orthogonal_label_generation - INFO - ℹ️   - VOL_CUSUM_{'h': 0.09832468424164222, 'vol_span': 100, 'risk_budget': 0.7, 'pt_mult': 2.5, 'sl_mult': 0.7, 'horizon': 48}: Returns correlation 1.000 > 0.8 with PRICE_CUSUM_{'params': (0.75, 40), 'risk_budget': 0.7, 'pt_mult': 2.5, 'sl_mult': 0.7, 'horizon': 48}
2025-12-31 19:25:28,541 - src.training.steps.labeling.orthogonal_label_generation - INFO - ℹ️   - VOL_CUSUM_{'h': 0.09832468424164222, 'vol_span': 100, 'risk_budget': 1.0, 'pt_mult': 2.5, 'sl_mult': 0.7, 'horizon': 48}: Returns correlation 1.000 > 0.8 with PRICE_CUSUM_{'params': (0.75, 40), 'risk_budget': 0.7, 'pt_mult': 2.5, 'sl_mult': 0.7, 'horizon': 48}
2025-12-31 19:25:28,541 - src.training.steps.labeling.orthogonal_label_generation - INFO - ℹ️   - PRICE_CUSUM_{'params': (0.5, 20), 'risk_budget': 1.0, 'pt_mult': 3.0, 'sl_mult': 0.9, 'horizon': 12}: Jaccard similarity 0.726 > 0.7 with PRICE_CUSUM_{'params': (0.75, 40), 'risk_budget': 0.7, 'pt_mult': 2.5, 'sl_mult': 0.7, 'horizon': 48}
2025-12-31 19:25:28,541 - src.training.steps.labeling.orthogonal_label_generation - INFO - ℹ️   - PRICE_CUSUM_{'params': (0.75, 40), 'risk_budget': 0.4, 'pt_mult': 3.0, 'sl_mult': 0.8, 'horizon': 12}: Jaccard similarity 1.000 > 0.7 with PRICE_CUSUM_{'params': (0.75, 40), 'risk_budget': 0.7, 'pt_mult': 2.5, 'sl_mult': 0.7, 'horizon': 48}
2025-12-31 19:25:28,541 - src.training.steps.labeling.orthogonal_label_generation - INFO - ℹ️   - PRICE_CUSUM_{'params': (0.75, 40), 'risk_budget': 1.0, 'pt_mult': 2.25, 'sl_mult': 0.6, 'horizon': 48}: Jaccard similarity 1.000 > 0.7 with PRICE_CUSUM_{'params': (0.75, 40), 'risk_budget': 0.7, 'pt_mult': 2.5, 'sl_mult': 0.7, 'horizon': 48}
2025-12-31 19:25:28,541 - src.training.steps.labeling.orthogonal_label_generation - INFO - ℹ️   - VOL_CUSUM_{'h': 0.09832468424164222, 'vol_span': 100, 'risk_budget': 0.4, 'pt_mult': 2.5, 'sl_mult': 0.8, 'horizon': 12}: Returns correlation 1.000 > 0.8 with PRICE_CUSUM_{'params': (0.75, 40), 'risk_budget': 0.7, 'pt_mult': 2.5, 'sl_mult': 0.7, 'horizon': 48}
2025-12-31 19:25:28,541 - src.training.steps.labeling.orthogonal_label_generation - INFO - ℹ️   - VOL_CUSUM_{'h': 0.09832468424164222, 'vol_span': 100, 'risk_budget': 0.7, 'pt_mult': 2.5, 'sl_mult': 0.8, 'horizon': 12}: Returns correlation 1.000 > 0.8 with PRICE_CUSUM_{'params': (0.75, 40), 'risk_budget': 0.7, 'pt_mult': 2.5, 'sl_mult': 0.7, 'horizon': 48}
2025-12-31 19:25:28,541 - src.training.steps.labeling.orthogonal_label_generation - INFO - ℹ️   - VOL_CUSUM_{'h': 0.09832468424164222, 'vol_span': 100, 'risk_budget': 1.0, 'pt_mult': 2.5, 'sl_mult': 0.8, 'horizon': 12}: Returns correlation 1.000 > 0.8 with PRICE_CUSUM_{'params': (0.75, 40), 'risk_budget': 0.7, 'pt_mult': 2.5, 'sl_mult': 0.7, 'horizon': 48}
2025-12-31 19:25:28,541 - src.training.steps.labeling.orthogonal_label_generation - INFO - ℹ️   - VOL_CUSUM_{'h': 0.09832468424164222, 'vol_span': 100, 'risk_budget': 0.4, 'pt_mult': 2.5, 'sl_mult': 0.7, 'horizon': 12}: Returns correlation 1.000 > 0.8 with PRICE_CUSUM_{'params': (0.75, 40), 'risk_budget': 0.7, 'pt_mult': 2.5, 'sl_mult': 0.7, 'horizon': 48}
2025-12-31 19:25:28,541 - src.training.steps.labeling.orthogonal_label_generation - INFO - ℹ️   - VOL_CUSUM_{'h': 0.09832468424164222, 'vol_span': 100, 'risk_budget': 0.7, 'pt_mult': 2.5, 'sl_mult': 0.7, 'horizon': 12}: Returns correlation 1.000 > 0.8 with PRICE_CUSUM_{'params': (0.75, 40), 'risk_budget': 0.7, 'pt_mult': 2.5, 'sl_mult': 0.7, 'horizon': 48}
2025-12-31 19:25:28,541 - src.training.steps.labeling.orthogonal_label_generation - INFO - ℹ️   - VOL_CUSUM_{'h': 0.09832468424164222, 'vol_span': 100, 'risk_budget': 1.0, 'pt_mult': 2.5, 'sl_mult': 0.7, 'horizon': 12}: Returns correlation 1.000 > 0.8 with PRICE_CUSUM_{'params': (0.75, 40), 'risk_budget': 0.7, 'pt_mult': 2.5, 'sl_mult': 0.7, 'horizon': 48}
2025-12-31 19:25:28,541 - src.training.steps.labeling.orthogonal_label_generation - INFO - ℹ️   - PRICE_CUSUM_{'params': (0.75, 40), 'risk_budget': 0.7, 'pt_mult': 2.5, 'sl_mult': 0.8, 'horizon': 48}: Jaccard similarity 1.000 > 0.7 with PRICE_CUSUM_{'params': (0.75, 40), 'risk_budget': 0.7, 'pt_mult': 2.5, 'sl_mult': 0.7, 'horizon': 48}
2025-12-31 19:25:28,541 - src.training.steps.labeling.orthogonal_label_generation - INFO - ℹ️   - PRICE_CUSUM_{'params': (0.75, 40), 'risk_budget': 0.7, 'pt_mult': 2.25, 'sl_mult': 0.75, 'horizon': 12}: Jaccard similarity 1.000 > 0.7 with PRICE_CUSUM_{'params': (0.75, 40), 'risk_budget': 0.7, 'pt_mult': 2.5, 'sl_mult': 0.7, 'horizon': 48}
2025-12-31 19:25:28,541 - src.training.steps.labeling.orthogonal_label_generation - INFO - ℹ️   - PRICE_CUSUM_{'params': (0.5, 20), 'risk_budget': 1.0, 'pt_mult': 2.25, 'sl_mult': 0.75, 'horizon': 48}: Jaccard similarity 0.726 > 0.7 with PRICE_CUSUM_{'params': (0.75, 40), 'risk_budget': 0.7, 'pt_mult': 2.5, 'sl_mult': 0.7, 'horizon': 48}
2025-12-31 19:25:28,541 - src.training.steps.labeling.orthogonal_label_generation - INFO - ℹ️   - PRICE_CUSUM_{'params': (0.5, 20), 'risk_budget': 0.4, 'pt_mult': 2.25, 'sl_mult': 0.6, 'horizon': 12}: Jaccard similarity 0.726 > 0.7 with PRICE_CUSUM_{'params': (0.75, 40), 'risk_budget': 0.7, 'pt_mult': 2.5, 'sl_mult': 0.7, 'horizon': 48}
2025-12-31 19:25:28,541 - src.training.steps.labeling.orthogonal_label_generation - INFO - ℹ️   - PRICE_CUSUM_{'params': (0.5, 20), 'risk_budget': 0.7, 'pt_mult': 2.5, 'sl_mult': 0.8, 'horizon': 48}: Jaccard similarity 0.726 > 0.7 with PRICE_CUSUM_{'params': (0.75, 40), 'risk_budget': 0.7, 'pt_mult': 2.5, 'sl_mult': 0.7, 'horizon': 48}
2025-12-31 19:25:28,541 - src.training.steps.labeling.orthogonal_label_generation - INFO - ℹ️   - PRICE_CUSUM_{'params': (0.5, 20), 'risk_budget': 0.7, 'pt_mult': 3.0, 'sl_mult': 0.8, 'horizon': 48}: Jaccard similarity 0.726 > 0.7 with PRICE_CUSUM_{'params': (0.75, 40), 'risk_budget': 0.7, 'pt_mult': 2.5, 'sl_mult': 0.7, 'horizon': 48}
2025-12-31 19:25:28,541 - src.training.steps.labeling.orthogonal_label_generation - INFO - ℹ️   - PRICE_CUSUM_{'params': (0.75, 40), 'risk_budget': 0.4, 'pt_mult': 2.25, 'sl_mult': 0.75, 'horizon': 12}: Jaccard similarity 1.000 > 0.7 with PRICE_CUSUM_{'params': (0.75, 40), 'risk_budget': 0.7, 'pt_mult': 2.5, 'sl_mult': 0.7, 'horizon': 48}
2025-12-31 19:25:28,541 - src.training.steps.labeling.orthogonal_label_generation - INFO - ℹ️   - PRICE_CUSUM_{'params': (0.75, 40), 'risk_budget': 1.0, 'pt_mult': 2.5, 'sl_mult': 0.7, 'horizon': 12}: Jaccard similarity 1.000 > 0.7 with PRICE_CUSUM_{'params': (0.75, 40), 'risk_budget': 0.7, 'pt_mult': 2.5, 'sl_mult': 0.7, 'horizon': 48}
2025-12-31 19:25:28,541 - src.training.steps.labeling.orthogonal_label_generation - INFO - ℹ️   - PRICE_CUSUM_{'params': (0.5, 20), 'risk_budget': 0.4, 'pt_mult': 2.0, 'sl_mult': 0.6, 'horizon': 12}: Jaccard similarity 0.726 > 0.7 with PRICE_CUSUM_{'params': (0.75, 40), 'risk_budget': 0.7, 'pt_mult': 2.5, 'sl_mult': 0.7, 'horizon': 48}
2025-12-31 19:25:28,541 - src.training.steps.labeling.orthogonal_label_generation - INFO - ℹ️   - PRICE_CUSUM_{'params': (0.75, 40), 'risk_budget': 1.0, 'pt_mult': 2.5, 'sl_mult': 0.8, 'horizon': 48}: Jaccard similarity 1.000 > 0.7 with PRICE_CUSUM_{'params': (0.75, 40), 'risk_budget': 0.7, 'pt_mult': 2.5, 'sl_mult': 0.7, 'horizon': 48}
2025-12-31 19:25:28,541 - src.training.steps.labeling.orthogonal_label_generation - INFO - ℹ️   - PRICE_CUSUM_{'params': (0.75, 40), 'risk_budget': 1.0, 'pt_mult': 2.25, 'sl_mult': 0.75, 'horizon': 48}: Jaccard similarity 1.000 > 0.7 with PRICE_CUSUM_{'params': (0.75, 40), 'risk_budget': 0.7, 'pt_mult': 2.5, 'sl_mult': 0.7, 'horizon': 48}
2025-12-31 19:25:28,541 - src.training.steps.labeling.orthogonal_label_generation - INFO - ℹ️   - PRICE_CUSUM_{'params': (0.5, 20), 'risk_budget': 0.7, 'pt_mult': 2.5, 'sl_mult': 0.7, 'horizon': 48}: Jaccard similarity 0.726 > 0.7 with PRICE_CUSUM_{'params': (0.75, 40), 'risk_budget': 0.7, 'pt_mult': 2.5, 'sl_mult': 0.7, 'horizon': 48}
2025-12-31 19:25:28,542 - src.training.steps.labeling.orthogonal_label_generation - INFO - ℹ️   - PRICE_CUSUM_{'params': (0.75, 40), 'risk_budget': 0.7, 'pt_mult': 2.25, 'sl_mult': 0.6, 'horizon': 12}: Jaccard similarity 1.000 > 0.7 with PRICE_CUSUM_{'params': (0.75, 40), 'risk_budget': 0.7, 'pt_mult': 2.5, 'sl_mult': 0.7, 'horizon': 48}
2025-12-31 19:25:28,542 - src.training.steps.labeling.orthogonal_label_generation - INFO - ℹ️   - PRICE_CUSUM_{'params': (0.75, 40), 'risk_budget': 0.7, 'pt_mult': 3.0, 'sl_mult': 0.9, 'horizon': 48}: Jaccard similarity 1.000 > 0.7 with PRICE_CUSUM_{'params': (0.75, 40), 'risk_budget': 0.7, 'pt_mult': 2.5, 'sl_mult': 0.7, 'horizon': 48}
2025-12-31 19:25:28,542 - src.training.steps.labeling.orthogonal_label_generation - INFO - ℹ️   - PRICE_CUSUM_{'params': (0.75, 40), 'risk_budget': 1.0, 'pt_mult': 2.0, 'sl_mult': 0.8, 'horizon': 12}: Jaccard similarity 1.000 > 0.7 with PRICE_CUSUM_{'params': (0.75, 40), 'risk_budget': 0.7, 'pt_mult': 2.5, 'sl_mult': 0.7, 'horizon': 48}
2025-12-31 19:25:28,542 - src.training.steps.labeling.orthogonal_label_generation - INFO - ℹ️   - PRICE_CUSUM_{'params': (0.5, 20), 'risk_budget': 1.0, 'pt_mult': 1.5, 'sl_mult': 0.5, 'horizon': 48}: Jaccard similarity 0.726 > 0.7 with PRICE_CUSUM_{'params': (0.75, 40), 'risk_budget': 0.7, 'pt_mult': 2.5, 'sl_mult': 0.7, 'horizon': 48}
2025-12-31 19:25:28,542 - src.training.steps.labeling.orthogonal_label_generation - INFO - ℹ️   - PRICE_CUSUM_{'params': (0.75, 40), 'risk_budget': 0.7, 'pt_mult': 2.5, 'sl_mult': 0.8, 'horizon': 12}: Jaccard similarity 1.000 > 0.7 with PRICE_CUSUM_{'params': (0.75, 40), 'risk_budget': 0.7, 'pt_mult': 2.5, 'sl_mult': 0.7, 'horizon': 48}
2025-12-31 19:25:28,542 - src.training.steps.labeling.orthogonal_label_generation - INFO - ℹ️   - PRICE_CUSUM_{'params': (0.75, 40), 'risk_budget': 0.7, 'pt_mult': 1.5, 'sl_mult': 0.5, 'horizon': 12}: Jaccard similarity 1.000 > 0.7 with PRICE_CUSUM_{'params': (0.75, 40), 'risk_budget': 0.7, 'pt_mult': 2.5, 'sl_mult': 0.7, 'horizon': 48}
2025-12-31 19:25:28,542 - src.training.steps.labeling.orthogonal_label_generation - INFO - ℹ️   - PRICE_CUSUM_{'params': (0.75, 40), 'risk_budget': 1.0, 'pt_mult': 2.5, 'sl_mult': 0.7, 'horizon': 48}: Jaccard similarity 1.000 > 0.7 with PRICE_CUSUM_{'params': (0.75, 40), 'risk_budget': 0.7, 'pt_mult': 2.5, 'sl_mult': 0.7, 'horizon': 48}
2025-12-31 19:25:28,542 - src.training.steps.labeling.orthogonal_label_generation - INFO - ℹ️   - PRICE_CUSUM_{'params': (0.75, 40), 'risk_budget': 0.7, 'pt_mult': 2.5, 'sl_mult': 0.7, 'horizon': 12}: Jaccard similarity 1.000 > 0.7 with PRICE_CUSUM_{'params': (0.75, 40), 'risk_budget': 0.7, 'pt_mult': 2.5, 'sl_mult': 0.7, 'horizon': 48}
2025-12-31 19:25:28,542 - src.training.steps.labeling.orthogonal_label_generation - INFO - ℹ️   - PRICE_CUSUM_{'params': (0.5, 20), 'risk_budget': 1.0, 'pt_mult': 2.0, 'sl_mult': 0.8, 'horizon': 48}: Jaccard similarity 0.726 > 0.7 with PRICE_CUSUM_{'params': (0.75, 40), 'risk_budget': 0.7, 'pt_mult': 2.5, 'sl_mult': 0.7, 'horizon': 48}
2025-12-31 19:25:28,542 - src.training.steps.labeling.orthogonal_label_generation - INFO - ℹ️   - PRICE_CUSUM_{'params': (0.75, 40), 'risk_budget': 1.0, 'pt_mult': 3.0, 'sl_mult': 0.9, 'horizon': 48}: Jaccard similarity 1.000 > 0.7 with PRICE_CUSUM_{'params': (0.75, 40), 'risk_budget': 0.7, 'pt_mult': 2.5, 'sl_mult': 0.7, 'horizon': 48}
2025-12-31 19:25:28,542 - src.training.steps.labeling.orthogonal_label_generation - INFO - ℹ️   - PRICE_CUSUM_{'params': (0.75, 40), 'risk_budget': 0.4, 'pt_mult': 1.5, 'sl_mult': 0.75, 'horizon': 12}: Jaccard similarity 1.000 > 0.7 with PRICE_CUSUM_{'params': (0.75, 40), 'risk_budget': 0.7, 'pt_mult': 2.5, 'sl_mult': 0.7, 'horizon': 48}
2025-12-31 19:25:28,542 - src.training.steps.labeling.orthogonal_label_generation - INFO - ℹ️   - PRICE_CUSUM_{'params': (0.75, 40), 'risk_budget': 0.7, 'pt_mult': 2.25, 'sl_mult': 0.6, 'horizon': 48}: Jaccard similarity 1.000 > 0.7 with PRICE_CUSUM_{'params': (0.75, 40), 'risk_budget': 0.7, 'pt_mult': 2.5, 'sl_mult': 0.7, 'horizon': 48}
2025-12-31 19:25:28,542 - src.training.steps.labeling.orthogonal_label_generation - INFO - ℹ️   - PRICE_CUSUM_{'params': (0.75, 40), 'risk_budget': 0.7, 'pt_mult': 3.0, 'sl_mult': 0.8, 'horizon': 48}: Jaccard similarity 1.000 > 0.7 with PRICE_CUSUM_{'params': (0.75, 40), 'risk_budget': 0.7, 'pt_mult': 2.5, 'sl_mult': 0.7, 'horizon': 48}
2025-12-31 19:25:28,542 - src.training.steps.labeling.orthogonal_label_generation - INFO - ℹ️   - PRICE_CUSUM_{'params': (0.75, 40), 'risk_budget': 1.0, 'pt_mult': 1.5, 'sl_mult': 0.5, 'horizon': 48}: Jaccard similarity 1.000 > 0.7 with PRICE_CUSUM_{'params': (0.75, 40), 'risk_budget': 0.7, 'pt_mult': 2.5, 'sl_mult': 0.7, 'horizon': 48}
2025-12-31 19:25:28,542 - src.training.steps.labeling.orthogonal_label_generation - INFO - ℹ️   - PRICE_CUSUM_{'params': (0.5, 20), 'risk_budget': 1.0, 'pt_mult': 2.0, 'sl_mult': 0.8, 'horizon': 12}: Jaccard similarity 0.726 > 0.7 with PRICE_CUSUM_{'params': (0.75, 40), 'risk_budget': 0.7, 'pt_mult': 2.5, 'sl_mult': 0.7, 'horizon': 48}
2025-12-31 19:25:28,542 - src.training.steps.labeling.orthogonal_label_generation - INFO - ℹ️   - PRICE_CUSUM_{'params': (0.75, 40), 'risk_budget': 0.7, 'pt_mult': 2.25, 'sl_mult': 0.75, 'horizon': 48}: Jaccard similarity 1.000 > 0.7 with PRICE_CUSUM_{'params': (0.75, 40), 'risk_budget': 0.7, 'pt_mult': 2.5, 'sl_mult': 0.7, 'horizon': 48}
2025-12-31 19:25:28,542 - src.training.steps.labeling.orthogonal_label_generation - INFO - ℹ️   - PRICE_CUSUM_{'params': (0.75, 40), 'risk_budget': 1.0, 'pt_mult': 2.5, 'sl_mult': 0.8, 'horizon': 12}: Jaccard similarity 1.000 > 0.7 with PRICE_CUSUM_{'params': (0.75, 40), 'risk_budget': 0.7, 'pt_mult': 2.5, 'sl_mult': 0.7, 'horizon': 48}
2025-12-31 19:25:28,542 - src.training.steps.labeling.orthogonal_label_generation - INFO - ℹ️   - PRICE_CUSUM_{'params': (0.5, 20), 'risk_budget': 0.7, 'pt_mult': 2.0, 'sl_mult': 0.8, 'horizon': 48}: Jaccard similarity 0.726 > 0.7 with PRICE_CUSUM_{'params': (0.75, 40), 'risk_budget': 0.7, 'pt_mult': 2.5, 'sl_mult': 0.7, 'horizon': 48}
2025-12-31 19:25:28,542 - src.training.steps.labeling.orthogonal_label_generation - INFO - ℹ️   - PRICE_CUSUM_{'params': (0.5, 20), 'risk_budget': 0.4, 'pt_mult': 2.5, 'sl_mult': 0.7, 'horizon': 12}: Jaccard similarity 0.726 > 0.7 with PRICE_CUSUM_{'params': (0.75, 40), 'risk_budget': 0.7, 'pt_mult': 2.5, 'sl_mult': 0.7, 'horizon': 48}
2025-12-31 19:25:28,542 - src.training.steps.labeling.orthogonal_label_generation - INFO - ℹ️   - VOL_CUSUM_{'h': 0.09832468424164222, 'vol_span': 100, 'risk_budget': 0.4, 'pt_mult': 2.0, 'sl_mult': 0.8, 'horizon': 48}: Returns correlation 1.000 > 0.8 with PRICE_CUSUM_{'params': (0.75, 40), 'risk_budget': 0.7, 'pt_mult': 2.5, 'sl_mult': 0.7, 'horizon': 48}
2025-12-31 19:25:28,542 - src.training.steps.labeling.orthogonal_label_generation - INFO - ℹ️   - VOL_CUSUM_{'h': 0.09832468424164222, 'vol_span': 100, 'risk_budget': 0.7, 'pt_mult': 2.0, 'sl_mult': 0.8, 'horizon': 48}: Returns correlation 1.000 > 0.8 with PRICE_CUSUM_{'params': (0.75, 40), 'risk_budget': 0.7, 'pt_mult': 2.5, 'sl_mult': 0.7, 'horizon': 48}
2025-12-31 19:25:28,543 - src.training.steps.labeling.orthogonal_label_generation - INFO - ℹ️   - VOL_CUSUM_{'h': 0.09832468424164222, 'vol_span': 100, 'risk_budget': 1.0, 'pt_mult': 2.0, 'sl_mult': 0.8, 'horizon': 48}: Returns correlation 1.000 > 0.8 with PRICE_CUSUM_{'params': (0.75, 40), 'risk_budget': 0.7, 'pt_mult': 2.5, 'sl_mult': 0.7, 'horizon': 48}
2025-12-31 19:25:28,543 - src.training.steps.labeling.orthogonal_label_generation - INFO - ℹ️   - VOL_CUSUM_{'h': 0.09832468424164222, 'vol_span': 100, 'risk_budget': 0.4, 'pt_mult': 2.0, 'sl_mult': 0.6, 'horizon': 48}: Returns correlation 1.000 > 0.8 with PRICE_CUSUM_{'params': (0.75, 40), 'risk_budget': 0.7, 'pt_mult': 2.5, 'sl_mult': 0.7, 'horizon': 48}
2025-12-31 19:25:28,543 - src.training.steps.labeling.orthogonal_label_generation - INFO - ℹ️   - VOL_CUSUM_{'h': 0.09832468424164222, 'vol_span': 100, 'risk_budget': 0.7, 'pt_mult': 2.0, 'sl_mult': 0.6, 'horizon': 48}: Returns correlation 1.000 > 0.8 with PRICE_CUSUM_{'params': (0.75, 40), 'risk_budget': 0.7, 'pt_mult': 2.5, 'sl_mult': 0.7, 'horizon': 48}
2025-12-31 19:25:28,543 - src.training.steps.labeling.orthogonal_label_generation - INFO - ℹ️   - VOL_CUSUM_{'h': 0.09832468424164222, 'vol_span': 100, 'risk_budget': 1.0, 'pt_mult': 2.0, 'sl_mult': 0.6, 'horizon': 48}: Returns correlation 1.000 > 0.8 with PRICE_CUSUM_{'params': (0.75, 40), 'risk_budget': 0.7, 'pt_mult': 2.5, 'sl_mult': 0.7, 'horizon': 48}
2025-12-31 19:25:28,543 - src.training.steps.labeling.orthogonal_label_generation - INFO - ℹ️   - VOL_CUSUM_{'h': 0.09832468424164222, 'vol_span': 100, 'risk_budget': 0.4, 'pt_mult': 3.0, 'sl_mult': 0.9, 'horizon': 48}: Returns correlation 1.000 > 0.8 with PRICE_CUSUM_{'params': (0.75, 40), 'risk_budget': 0.7, 'pt_mult': 2.5, 'sl_mult': 0.7, 'horizon': 48}
2025-12-31 19:25:28,543 - src.training.steps.labeling.orthogonal_label_generation - INFO - ℹ️   - VOL_CUSUM_{'h': 0.09832468424164222, 'vol_span': 100, 'risk_budget': 0.7, 'pt_mult': 3.0, 'sl_mult': 0.9, 'horizon': 48}: Returns correlation 1.000 > 0.8 with PRICE_CUSUM_{'params': (0.75, 40), 'risk_budget': 0.7, 'pt_mult': 2.5, 'sl_mult': 0.7, 'horizon': 48}
2025-12-31 19:25:28,543 - src.training.steps.labeling.orthogonal_label_generation - INFO - ℹ️   - VOL_CUSUM_{'h': 0.09832468424164222, 'vol_span': 100, 'risk_budget': 1.0, 'pt_mult': 3.0, 'sl_mult': 0.9, 'horizon': 48}: Returns correlation 1.000 > 0.8 with PRICE_CUSUM_{'params': (0.75, 40), 'risk_budget': 0.7, 'pt_mult': 2.5, 'sl_mult': 0.7, 'horizon': 48}
2025-12-31 19:25:28,543 - src.training.steps.labeling.orthogonal_label_generation - INFO - ℹ️   - VOL_CUSUM_{'h': 0.09832468424164222, 'vol_span': 100, 'risk_budget': 0.4, 'pt_mult': 3.0, 'sl_mult': 0.8, 'horizon': 48}: Returns correlation 1.000 > 0.8 with PRICE_CUSUM_{'params': (0.75, 40), 'risk_budget': 0.7, 'pt_mult': 2.5, 'sl_mult': 0.7, 'horizon': 48}
2025-12-31 19:25:28,543 - src.training.steps.labeling.orthogonal_label_generation - INFO - ℹ️   - VOL_CUSUM_{'h': 0.09832468424164222, 'vol_span': 100, 'risk_budget': 0.7, 'pt_mult': 3.0, 'sl_mult': 0.8, 'horizon': 48}: Returns correlation 1.000 > 0.8 with PRICE_CUSUM_{'params': (0.75, 40), 'risk_budget': 0.7, 'pt_mult': 2.5, 'sl_mult': 0.7, 'horizon': 48}
2025-12-31 19:25:28,543 - src.training.steps.labeling.orthogonal_label_generation - INFO - ℹ️   - VOL_CUSUM_{'h': 0.09832468424164222, 'vol_span': 100, 'risk_budget': 1.0, 'pt_mult': 3.0, 'sl_mult': 0.8, 'horizon': 48}: Returns correlation 1.000 > 0.8 with PRICE_CUSUM_{'params': (0.75, 40), 'risk_budget': 0.7, 'pt_mult': 2.5, 'sl_mult': 0.7, 'horizon': 48}
2025-12-31 19:25:28,543 - src.training.steps.labeling.orthogonal_label_generation - INFO - ℹ️   - PRICE_CUSUM_{'params': (0.75, 40), 'risk_budget': 1.0, 'pt_mult': 1.5, 'sl_mult': 0.75, 'horizon': 48}: Jaccard similarity 1.000 > 0.7 with PRICE_CUSUM_{'params': (0.75, 40), 'risk_budget': 0.7, 'pt_mult': 2.5, 'sl_mult': 0.7, 'horizon': 48}
2025-12-31 19:25:28,543 - src.training.steps.labeling.orthogonal_label_generation - INFO - ℹ️   - PRICE_CUSUM_{'params': (0.75, 40), 'risk_budget': 0.7, 'pt_mult': 2.0, 'sl_mult': 0.8, 'horizon': 12}: Jaccard similarity 1.000 > 0.7 with PRICE_CUSUM_{'params': (0.75, 40), 'risk_budget': 0.7, 'pt_mult': 2.5, 'sl_mult': 0.7, 'horizon': 48}
2025-12-31 19:25:28,543 - src.training.steps.labeling.orthogonal_label_generation - INFO - ℹ️   - VOL_CUSUM_{'h': 0.09832468424164222, 'vol_span': 50, 'risk_budget': 0.4, 'pt_mult': 2.0, 'sl_mult': 0.8, 'horizon': 12}: Returns correlation 1.000 > 0.8 with PRICE_CUSUM_{'params': (0.75, 40), 'risk_budget': 0.7, 'pt_mult': 2.5, 'sl_mult': 0.7, 'horizon': 48}
2025-12-31 19:25:28,543 - src.training.steps.labeling.orthogonal_label_generation - INFO - ℹ️   - VOL_CUSUM_{'h': 0.09832468424164222, 'vol_span': 50, 'risk_budget': 0.7, 'pt_mult': 2.0, 'sl_mult': 0.8, 'horizon': 12}: Returns correlation 1.000 > 0.8 with PRICE_CUSUM_{'params': (0.75, 40), 'risk_budget': 0.7, 'pt_mult': 2.5, 'sl_mult': 0.7, 'horizon': 48}
2025-12-31 19:25:28,543 - src.training.steps.labeling.orthogonal_label_generation - INFO - ℹ️   - VOL_CUSUM_{'h': 0.09832468424164222, 'vol_span': 50, 'risk_budget': 1.0, 'pt_mult': 2.0, 'sl_mult': 0.8, 'horizon': 12}: Returns correlation 1.000 > 0.8 with PRICE_CUSUM_{'params': (0.75, 40), 'risk_budget': 0.7, 'pt_mult': 2.5, 'sl_mult': 0.7, 'horizon': 48}
2025-12-31 19:25:28,543 - src.training.steps.labeling.orthogonal_label_generation - INFO - ℹ️   - VOL_CUSUM_{'h': 0.09832468424164222, 'vol_span': 50, 'risk_budget': 0.4, 'pt_mult': 2.0, 'sl_mult': 0.6, 'horizon': 12}: Returns correlation 1.000 > 0.8 with PRICE_CUSUM_{'params': (0.75, 40), 'risk_budget': 0.7, 'pt_mult': 2.5, 'sl_mult': 0.7, 'horizon': 48}
2025-12-31 19:25:28,543 - src.training.steps.labeling.orthogonal_label_generation - INFO - ℹ️   - VOL_CUSUM_{'h': 0.09832468424164222, 'vol_span': 50, 'risk_budget': 0.7, 'pt_mult': 2.0, 'sl_mult': 0.6, 'horizon': 12}: Returns correlation 1.000 > 0.8 with PRICE_CUSUM_{'params': (0.75, 40), 'risk_budget': 0.7, 'pt_mult': 2.5, 'sl_mult': 0.7, 'horizon': 48}
2025-12-31 19:25:28,543 - src.training.steps.labeling.orthogonal_label_generation - INFO - ℹ️   - VOL_CUSUM_{'h': 0.09832468424164222, 'vol_span': 50, 'risk_budget': 1.0, 'pt_mult': 2.0, 'sl_mult': 0.6, 'horizon': 12}: Returns correlation 1.000 > 0.8 with PRICE_CUSUM_{'params': (0.75, 40), 'risk_budget': 0.7, 'pt_mult': 2.5, 'sl_mult': 0.7, 'horizon': 48}
2025-12-31 19:25:28,543 - src.training.steps.labeling.orthogonal_label_generation - INFO - ℹ️   - PRICE_CUSUM_{'params': (0.75, 40), 'risk_budget': 1.0, 'pt_mult': 1.5, 'sl_mult': 0.75, 'horizon': 12}: Jaccard similarity 1.000 > 0.7 with PRICE_CUSUM_{'params': (0.75, 40), 'risk_budget': 0.7, 'pt_mult': 2.5, 'sl_mult': 0.7, 'horizon': 48}
2025-12-31 19:25:28,543 - src.training.steps.labeling.orthogonal_label_generation - INFO - ℹ️   - PRICE_CUSUM_{'params': (0.5, 20), 'risk_budget': 0.7, 'pt_mult': 2.0, 'sl_mult': 0.6, 'horizon': 48}: Jaccard similarity 0.726 > 0.7 with PRICE_CUSUM_{'params': (0.75, 40), 'risk_budget': 0.7, 'pt_mult': 2.5, 'sl_mult': 0.7, 'horizon': 48}
2025-12-31 19:25:28,543 - src.training.steps.labeling.orthogonal_label_generation - INFO - ℹ️   - PRICE_CUSUM_{'params': (0.75, 40), 'risk_budget': 0.4, 'pt_mult': 2.25, 'sl_mult': 0.6, 'horizon': 12}: Jaccard similarity 1.000 > 0.7 with PRICE_CUSUM_{'params': (0.75, 40), 'risk_budget': 0.7, 'pt_mult': 2.5, 'sl_mult': 0.7, 'horizon': 48}
2025-12-31 19:25:28,842 - src.training.steps.labeling.unified_price_layer2 - WARNING - ⚠️ No Layer0 summary found, using defaults
2025-12-31 19:25:52,714 - src.training.steps.labeling.mtf_feature_generation - INFO - ℹ️ [MTF] create_meta_features produced 429 columns prior to Layer2 filtering.
[2025-12-31 19:26:03.006] WARNING:    ⚠️ PRICE_CUSUM_{'params': (0.75, 40), 'risk_budget': 0.7, 'pt_mult': 2.5, 'sl_mult': 0.7, 'horizon': 48}_0: Feature selection returned empty set.
2025-12-31 19:26:03,007 - System.tprint - WARNING - ⚠️ PRICE_CUSUM_{'params': (0.75, 40), 'risk_budget': 0.7, 'pt_mult': 2.5, 'sl_mult': 0.7, 'horizon': 48}_0: Feature selection returned empty set.
2025-12-31 19:26:03,110 - ares.step.meta_labeling_hpo_sample_weighted - ERROR - ❌ Step meta_labeling_hpo_sample_weighted failed: 'LabelBasedLayer2' object has no attribute 'generators'
Traceback (most recent call last):
  File "/Users/remyroche/Documents/Ares/src/training/steps/base_step.py", line 1715, in run
    execution_result = await self.execute(config)
                       ^^^^^^^^^^^^^^^^^^^^^^^^^^
  File "/Users/remyroche/Documents/Ares/src/training/steps/labeling/meta_labeling_hpo_sample_weighted.py", line 1118, in execute
    l2_output = layer2.run(train_data)
                ^^^^^^^^^^^^^^^^^^^^^^
  File "/Users/remyroche/Documents/Ares/src/training/steps/labeling/label_based_layer_2.py", line 1052, in run
    oof_results = self.run_oof_analytics(
                  ^^^^^^^^^^^^^^^^^^^^^^^
  File "/Users/remyroche/Documents/Ares/src/training/steps/labeling/label_based_layer_2.py", line 1279, in run_oof_analytics
    gen_params = self._extract_gen_params(gt)
                 ^^^^^^^^^^^^^^^^^^^^^^^^^^^^
  File "/Users/remyroche/Documents/Ares/src/training/steps/labeling/label_based_layer_2.py", line 1006, in _extract_gen_params
    gen = self.generators.get(gt.family)
          ^^^^^^^^^^^^^^^
AttributeError: 'LabelBasedLayer2' object has no attribute 'generators'

[2025-12-31 19:26:03.110] ❌ Step 'meta_labeling_hpo_sample_weighted' crashed after 1072.42s: 'LabelBasedLayer2' object has no attribute 'generators'
2025-12-31 19:26:03,110 - System.tprint - INFO - ℹ️ ❌ Step 'meta_labeling_hpo_sample_weighted' crashed after 1072.42s: 'LabelBasedLayer2' object has no attribute 'generators'

Traceback (most recent call last):
  File "/Users/remyroche/Documents/Ares/src/training/steps/base_step.py", line 1715, in run
    execution_result = await self.execute(config)
  File "/Users/remyroche/Documents/Ares/src/training/steps/labeling/meta_labeling_hpo_sample_weighted.py", line 1118, in execute
    l2_output = layer2.run(train_data)
  File "/Users/remyroche/Documents/Ares/src/training/steps/labeling/label_based_layer_2.py", line 1052, in run
    oof_results = self.run_oof_analytics(
  File "/Users/remyroche/Documents/Ares/src/training/steps/labeling/label_based_layer_2.py", line 1279, in run_oof_analytics
    gen_params = self._extract_gen_params(gt)
  File "/Users/remyroche/Documents/Ares/src/training/steps/labeling/label_based_layer_2.py", line 1006, in _extract_gen_params
    gen = self.generators.get(gt.family)
AttributeError: 'LabelBasedLayer2' object has no attribute 'generators'
2025-12-31 19:26:03,111 - System.tprint - ERROR - ❌ 
Traceback (most recent call last):
  File "/Users/remyroche/Documents/Ares/src/training/steps/base_step.py", line 1715, in run
    execution_result = await self.execute(config)
  File "/Users/remyroche/Documents/Ares/src/training/steps/labeling/meta_labeling_hpo_sample_weighted.py", line 1118, in execute
    l2_output = layer2.run(train_data)
  File "/Users/remyroche/Documents/Ares/src/training/steps/labeling/label_based_layer_2.py", line 1052, in run
    oof_results = self.run_oof_analytics(
  File "/Users/remyroche/Documents/Ares/src/training/steps/labeling/label_based_layer_2.py", line 1279, in run_oof_analytics
    gen_params = self._extract_gen_params(gt)
  File "/Users/remyroche/Documents/Ares/src/training/steps/labeling/label_based_layer_2.py", line 1006, in _extract_gen_params
    gen = self.generators.get(gt.family)
AttributeError: 'LabelBasedLayer2' object has no attribute 'generators'
[2025-12-31 19:26:03.110] 🛑 Returning failure result for 'meta_labeling_hpo_sample_weighted'
2025-12-31 19:26:03,111 - System.tprint - INFO - ℹ️ 🛑 Returning failure result for 'meta_labeling_hpo_sample_weighted'
[2025-12-31 19:26:03.129] ERROR: ❌ Pipeline failed: Step meta_labeling_hpo_sample_weighted failed: 'LabelBasedLayer2' object has no attribute 'generators'
Traceback (most recent call last):
  File "/Users/remyroche/Documents/Ares/src/training/steps/base_step.py", line 1715, in run
    execution_result = await self.execute(config)
                       ^^^^^^^^^^^^^^^^^^^^^^^^^^
  File "/Users/remyroche/Documents/Ares/src/training/steps/labeling/meta_labeling_hpo_sample_weighted.py", line 1118, in execute
    l2_output = layer2.run(train_data)
                ^^^^^^^^^^^^^^^^^^^^^^
  File "/Users/remyroche/Documents/Ares/src/training/steps/labeling/label_based_layer_2.py", line 1052, in run
    oof_results = self.run_oof_analytics(
                  ^^^^^^^^^^^^^^^^^^^^^^^
  File "/Users/remyroche/Documents/Ares/src/training/steps/labeling/label_based_layer_2.py", line 1279, in run_oof_analytics
    gen_params = self._extract_gen_params(gt)
                 ^^^^^^^^^^^^^^^^^^^^^^^^^^^^
  File "/Users/remyroche/Documents/Ares/src/training/steps/labeling/label_based_layer_2.py", line 1006, in _extract_gen_params
    gen = self.generators.get(gt.family)
          ^^^^^^^^^^^^^^^
AttributeError: 'LabelBasedLayer2' object has no attribute 'generators'

2025-12-31 19:26:03,129 - System.tprint - ERROR - ❌ Pipeline failed: Step meta_labeling_hpo_sample_weighted failed: 'LabelBasedLayer2' object has no attribute 'generators'
Traceback (most recent call last):
  File "/Users/remyroche/Documents/Ares/src/training/steps/base_step.py", line 1715, in run
    execution_result = await self.execute(config)
                       ^^^^^^^^^^^^^^^^^^^^^^^^^^
  File "/Users/remyroche/Documents/Ares/src/training/steps/labeling/meta_labeling_hpo_sample_weighted.py", line 1118, in execute
    l2_output = layer2.run(train_data)
                ^^^^^^^^^^^^^^^^^^^^^^
  File "/Users/remyroche/Documents/Ares/src/training/steps/labeling/label_based_layer_2.py", line 1052, in run
    oof_results = self.run_oof_analytics(
                  ^^^^^^^^^^^^^^^^^^^^^^^
  File "/Users/remyroche/Documents/Ares/src/training/steps/labeling/label_based_layer_2.py", line 1279, in run_oof_analytics
    gen_params = self._extract_gen_params(gt)
                 ^^^^^^^^^^^^^^^^^^^^^^^^^^^^
  File "/Users/remyroche/Documents/Ares/src/training/steps/labeling/label_based_layer_2.py", line 1006, in _extract_gen_params
    gen = self.generators.get(gt.family)
          ^^^^^^^^^^^^^^^
AttributeError: 'LabelBasedLayer2' object has no attribute 'generators'

2025-12-31 19:26:03,141 - ares.registry - INFO - ℹ️ Registered step: data_download
