canonical_key,rule_id,fold_id,seed,feature_index,feature_name,group,source_name,source_family,normalized_value
(*)|(*)|(reg_atr_change_rate_ts_band25_75==0&reg_atr_change_rate_ts_top20==1&reg_atr_change_rate_ts_top50==0),d271e6692162,0,42,12,reg_atr_change_rate_ts_top50,regime,atr_change_rate,volatility,0
(*)|(*)|(reg_atr_change_rate_ts_band25_75==0&reg_atr_change_rate_ts_top20==1&reg_atr_change_rate_ts_top50==0),d271e6692162,0,42,30,reg_atr_change_rate_ts_band25_75,regime,atr_change_rate,volatility,0
(*)|(*)|(reg_atr_change_rate_ts_band25_75==0&reg_atr_change_rate_ts_top20==1&reg_atr_change_rate_ts_top50==0),d271e6692162,0,42,0,reg_atr_change_rate_ts_top20,regime,atr_change_rate,volatility,1
(*)|(*)|(reg_atr_change_rate_ts_band25_75==1&reg_atr_change_rate_ts_top30==0&reg_atr_change_rate_ts_top50==0),7c60b96a4cf8,0,42,12,reg_atr_change_rate_ts_top50,regime,atr_change_rate,volatility,0
(*)|(*)|(reg_atr_change_rate_ts_band25_75==1&reg_atr_change_rate_ts_top30==0&reg_atr_change_rate_ts_top50==0),7c60b96a4cf8,0,42,30,reg_atr_change_rate_ts_band25_75,regime,atr_change_rate,volatility,1
(*)|(*)|(reg_atr_change_rate_ts_band25_75==1&reg_atr_change_rate_ts_top30==0&reg_atr_change_rate_ts_top50==0),7c60b96a4cf8,0,42,4,reg_atr_change_rate_ts_top30,regime,atr_change_rate,volatility,0
(*)|(loc_dist_ema20_atr_ts_top40==0)|(reg_atr_change_rate_ts_band25_75==1&reg_atr_change_rate_ts_top30==1&reg_atr_change_rate_ts_top50==0),606e15fff7b7,0,42,12,reg_atr_change_rate_ts_top50,regime,atr_change_rate,volatility,0
(*)|(loc_dist_ema20_atr_ts_top40==0)|(reg_atr_change_rate_ts_band25_75==1&reg_atr_change_rate_ts_top30==1&reg_atr_change_rate_ts_top50==0),606e15fff7b7,0,42,30,reg_atr_change_rate_ts_band25_75,regime,atr_change_rate,volatility,1
(*)|(loc_dist_ema20_atr_ts_top40==0)|(reg_atr_change_rate_ts_band25_75==1&reg_atr_change_rate_ts_top30==1&reg_atr_change_rate_ts_top50==0),606e15fff7b7,0,42,4,reg_atr_change_rate_ts_top30,regime,atr_change_rate,volatility,1
(*)|(loc_dist_ema20_atr_ts_top40==0)|(reg_atr_change_rate_ts_band25_75==1&reg_atr_change_rate_ts_top30==1&reg_atr_change_rate_ts_top50==0),606e15fff7b7,0,42,9,loc_dist_ema20_atr_ts_top40,location,dist_ema20_atr,context,0
(*)|(loc_dist_ema20_atr_ts_top40==1)|(reg_atr_change_rate_ts_band25_75==1&reg_atr_change_rate_ts_top30==1&reg_atr_change_rate_ts_top50==0),fc0d4157bf5a,0,42,12,reg_atr_change_rate_ts_top50,regime,atr_change_rate,volatility,0
(*)|(loc_dist_ema20_atr_ts_top40==1)|(reg_atr_change_rate_ts_band25_75==1&reg_atr_change_rate_ts_top30==1&reg_atr_change_rate_ts_top50==0),fc0d4157bf5a,0,42,30,reg_atr_change_rate_ts_band25_75,regime,atr_change_rate,volatility,1
(*)|(loc_dist_ema20_atr_ts_top40==1)|(reg_atr_change_rate_ts_band25_75==1&reg_atr_change_rate_ts_top30==1&reg_atr_change_rate_ts_top50==0),fc0d4157bf5a,0,42,4,reg_atr_change_rate_ts_top30,regime,atr_change_rate,volatility,1
(*)|(loc_dist_ema20_atr_ts_top40==1)|(reg_atr_change_rate_ts_band25_75==1&reg_atr_change_rate_ts_top30==1&reg_atr_change_rate_ts_top50==0),fc0d4157bf5a,0,42,9,loc_dist_ema20_atr_ts_top40,location,dist_ema20_atr,context,1
(*)|(*)|(reg_atr_change_rate_ts_top50==1&reg_atr_change_rate_ts_top60==0&reg_atr_change_rate_ts_top80==0),960f63566cce,0,42,12,reg_atr_change_rate_ts_top50,regime,atr_change_rate,volatility,1
(*)|(*)|(reg_atr_change_rate_ts_top50==1&reg_atr_change_rate_ts_top60==0&reg_atr_change_rate_ts_top80==0),960f63566cce,0,42,24,reg_atr_change_rate_ts_top80,regime,atr_change_rate,volatility,0
(*)|(*)|(reg_atr_change_rate_ts_top50==1&reg_atr_change_rate_ts_top60==0&reg_atr_change_rate_ts_top80==0),960f63566cce,0,42,16,reg_atr_change_rate_ts_top60,regime,atr_change_rate,volatility,0
(*)|(*)|(reg_atr_change_rate_ts_top50==1&reg_atr_change_rate_ts_top60==1&reg_atr_change_rate_ts_top70==0&reg_atr_change_rate_ts_top80==0),150ff36ab91a,0,42,12,reg_atr_change_rate_ts_top50,regime,atr_change_rate,volatility,1
(*)|(*)|(reg_atr_change_rate_ts_top50==1&reg_atr_change_rate_ts_top60==1&reg_atr_change_rate_ts_top70==0&reg_atr_change_rate_ts_top80==0),150ff36ab91a,0,42,24,reg_atr_change_rate_ts_top80,regime,atr_change_rate,volatility,0
(*)|(*)|(reg_atr_change_rate_ts_top50==1&reg_atr_change_rate_ts_top60==1&reg_atr_change_rate_ts_top70==0&reg_atr_change_rate_ts_top80==0),150ff36ab91a,0,42,16,reg_atr_change_rate_ts_top60,regime,atr_change_rate,volatility,1
(*)|(*)|(reg_atr_change_rate_ts_top50==1&reg_atr_change_rate_ts_top60==1&reg_atr_change_rate_ts_top70==0&reg_atr_change_rate_ts_top80==0),150ff36ab91a,0,42,20,reg_atr_change_rate_ts_top70,regime,atr_change_rate,volatility,0
(*)|(*)|(reg_atr_change_rate_ts_top50==1&reg_atr_change_rate_ts_top60==1&reg_atr_change_rate_ts_top70==1&reg_atr_change_rate_ts_top80==0),de3a88979493,0,42,12,reg_atr_change_rate_ts_top50,regime,atr_change_rate,volatility,1
(*)|(*)|(reg_atr_change_rate_ts_top50==1&reg_atr_change_rate_ts_top60==1&reg_atr_change_rate_ts_top70==1&reg_atr_change_rate_ts_top80==0),de3a88979493,0,42,24,reg_atr_change_rate_ts_top80,regime,atr_change_rate,volatility,0
(*)|(*)|(reg_atr_change_rate_ts_top50==1&reg_atr_change_rate_ts_top60==1&reg_atr_change_rate_ts_top70==1&reg_atr_change_rate_ts_top80==0),de3a88979493,0,42,16,reg_atr_change_rate_ts_top60,regime,atr_change_rate,volatility,1
(*)|(*)|(reg_atr_change_rate_ts_top50==1&reg_atr_change_rate_ts_top60==1&reg_atr_change_rate_ts_top70==1&reg_atr_change_rate_ts_top80==0),de3a88979493,0,42,20,reg_atr_change_rate_ts_top70,regime,atr_change_rate,volatility,1
(*)|(*)|(reg_atr_change_rate_ts_top50==1&reg_atr_change_rate_ts_top80==1),bf911d3ca9dc,0,42,12,reg_atr_change_rate_ts_top50,regime,atr_change_rate,volatility,1
(*)|(*)|(reg_atr_change_rate_ts_top50==1&reg_atr_change_rate_ts_top80==1),bf911d3ca9dc,0,42,24,reg_atr_change_rate_ts_top80,regime,atr_change_rate,volatility,1
(*)|(*)|(reg_atr_change_rate_ts_band25_75==0&reg_atr_change_rate_ts_top20==1&reg_atr_change_rate_ts_top30==0),cbd84313740b,1,42,4,reg_atr_change_rate_ts_top30,regime,atr_change_rate,volatility,0
(*)|(*)|(reg_atr_change_rate_ts_band25_75==0&reg_atr_change_rate_ts_top20==1&reg_atr_change_rate_ts_top30==0),cbd84313740b,1,42,30,reg_atr_change_rate_ts_band25_75,regime,atr_change_rate,volatility,0
(*)|(*)|(reg_atr_change_rate_ts_band25_75==0&reg_atr_change_rate_ts_top20==1&reg_atr_change_rate_ts_top30==0),cbd84313740b,1,42,0,reg_atr_change_rate_ts_top20,regime,atr_change_rate,volatility,1
(*)|(*)|(reg_atr_change_rate_ts_band25_75==1&reg_atr_change_rate_ts_top30==0),16d5cfad41cc,1,42,4,reg_atr_change_rate_ts_top30,regime,atr_change_rate,volatility,0
(*)|(*)|(reg_atr_change_rate_ts_band25_75==1&reg_atr_change_rate_ts_top30==0),16d5cfad41cc,1,42,30,reg_atr_change_rate_ts_band25_75,regime,atr_change_rate,volatility,1
(*)|(loc_dist_ema20_atr_ts_top40==0)|(reg_atr_change_rate_ts_top30==1&reg_atr_change_rate_ts_top50==0),b8f7adbaf9ea,1,42,4,reg_atr_change_rate_ts_top30,regime,atr_change_rate,volatility,1
(*)|(loc_dist_ema20_atr_ts_top40==0)|(reg_atr_change_rate_ts_top30==1&reg_atr_change_rate_ts_top50==0),b8f7adbaf9ea,1,42,12,reg_atr_change_rate_ts_top50,regime,atr_change_rate,volatility,0
(*)|(loc_dist_ema20_atr_ts_top40==0)|(reg_atr_change_rate_ts_top30==1&reg_atr_change_rate_ts_top50==0),b8f7adbaf9ea,1,42,9,loc_dist_ema20_atr_ts_top40,location,dist_ema20_atr,context,0
(*)|(loc_dist_ema20_atr_ts_top40==1)|(reg_atr_change_rate_ts_top30==1&reg_atr_change_rate_ts_top50==0),b2d3e211e85b,1,42,4,reg_atr_change_rate_ts_top30,regime,atr_change_rate,volatility,1
(*)|(loc_dist_ema20_atr_ts_top40==1)|(reg_atr_change_rate_ts_top30==1&reg_atr_change_rate_ts_top50==0),b2d3e211e85b,1,42,12,reg_atr_change_rate_ts_top50,regime,atr_change_rate,volatility,0
(*)|(loc_dist_ema20_atr_ts_top40==1)|(reg_atr_change_rate_ts_top30==1&reg_atr_change_rate_ts_top50==0),b2d3e211e85b,1,42,9,loc_dist_ema20_atr_ts_top40,location,dist_ema20_atr,context,1
(*)|(*)|(reg_atr_change_rate_ts_band25_75==0&reg_atr_change_rate_ts_top30==1&reg_atr_change_rate_ts_top50==1&reg_atr_change_rate_ts_top80==0),9e81fe85bb0b,1,42,4,reg_atr_change_rate_ts_top30,regime,atr_change_rate,volatility,1
(*)|(*)|(reg_atr_change_rate_ts_band25_75==0&reg_atr_change_rate_ts_top30==1&reg_atr_change_rate_ts_top50==1&reg_atr_change_rate_ts_top80==0),9e81fe85bb0b,1,42,12,reg_atr_change_rate_ts_top50,regime,atr_change_rate,volatility,1
(*)|(*)|(reg_atr_change_rate_ts_band25_75==0&reg_atr_change_rate_ts_top30==1&reg_atr_change_rate_ts_top50==1&reg_atr_change_rate_ts_top80==0),9e81fe85bb0b,1,42,24,reg_atr_change_rate_ts_top80,regime,atr_change_rate,volatility,0
(*)|(*)|(reg_atr_change_rate_ts_band25_75==0&reg_atr_change_rate_ts_top30==1&reg_atr_change_rate_ts_top50==1&reg_atr_change_rate_ts_top80==0),9e81fe85bb0b,1,42,30,reg_atr_change_rate_ts_band25_75,regime,atr_change_rate,volatility,0
(*)|(*)|(reg_atr_change_rate_ts_band25_75==1&reg_atr_change_rate_ts_top30==1&reg_atr_change_rate_ts_top50==1&reg_atr_change_rate_ts_top60==0&reg_atr_change_rate_ts_top80==0),0320b7dd1fba,1,42,4,reg_atr_change_rate_ts_top30,regime,atr_change_rate,volatility,1
(*)|(*)|(reg_atr_change_rate_ts_band25_75==1&reg_atr_change_rate_ts_top30==1&reg_atr_change_rate_ts_top50==1&reg_atr_change_rate_ts_top60==0&reg_atr_change_rate_ts_top80==0),0320b7dd1fba,1,42,12,reg_atr_change_rate_ts_top50,regime,atr_change_rate,volatility,1
(*)|(*)|(reg_atr_change_rate_ts_band25_75==1&reg_atr_change_rate_ts_top30==1&reg_atr_change_rate_ts_top50==1&reg_atr_change_rate_ts_top60==0&reg_atr_change_rate_ts_top80==0),0320b7dd1fba,1,42,24,reg_atr_change_rate_ts_top80,regime,atr_change_rate,volatility,0
(*)|(*)|(reg_atr_change_rate_ts_band25_75==1&reg_atr_change_rate_ts_top30==1&reg_atr_change_rate_ts_top50==1&reg_atr_change_rate_ts_top60==0&reg_atr_change_rate_ts_top80==0),0320b7dd1fba,1,42,30,reg_atr_change_rate_ts_band25_75,regime,atr_change_rate,volatility,1
(*)|(*)|(reg_atr_change_rate_ts_band25_75==1&reg_atr_change_rate_ts_top30==1&reg_atr_change_rate_ts_top50==1&reg_atr_change_rate_ts_top60==0&reg_atr_change_rate_ts_top80==0),0320b7dd1fba,1,42,16,reg_atr_change_rate_ts_top60,regime,atr_change_rate,volatility,0
(*)|(*)|(reg_atr_change_rate_ts_band25_75==1&reg_atr_change_rate_ts_top30==1&reg_atr_change_rate_ts_top50==1&reg_atr_change_rate_ts_top60==1&reg_atr_change_rate_ts_top80==0),ad6cf58e4491,1,42,4,reg_atr_change_rate_ts_top30,regime,atr_change_rate,volatility,1
(*)|(*)|(reg_atr_change_rate_ts_band25_75==1&reg_atr_change_rate_ts_top30==1&reg_atr_change_rate_ts_top50==1&reg_atr_change_rate_ts_top60==1&reg_atr_change_rate_ts_top80==0),ad6cf58e4491,1,42,12,reg_atr_change_rate_ts_top50,regime,atr_change_rate,volatility,1
(*)|(*)|(reg_atr_change_rate_ts_band25_75==1&reg_atr_change_rate_ts_top30==1&reg_atr_change_rate_ts_top50==1&reg_atr_change_rate_ts_top60==1&reg_atr_change_rate_ts_top80==0),ad6cf58e4491,1,42,24,reg_atr_change_rate_ts_top80,regime,atr_change_rate,volatility,0
(*)|(*)|(reg_atr_change_rate_ts_band25_75==1&reg_atr_change_rate_ts_top30==1&reg_atr_change_rate_ts_top50==1&reg_atr_change_rate_ts_top60==1&reg_atr_change_rate_ts_top80==0),ad6cf58e4491,1,42,30,reg_atr_change_rate_ts_band25_75,regime,atr_change_rate,volatility,1
(*)|(*)|(reg_atr_change_rate_ts_band25_75==1&reg_atr_change_rate_ts_top30==1&reg_atr_change_rate_ts_top50==1&reg_atr_change_rate_ts_top60==1&reg_atr_change_rate_ts_top80==0),ad6cf58e4491,1,42,16,reg_atr_change_rate_ts_top60,regime,atr_change_rate,volatility,1
(*)|(*)|(reg_atr_change_rate_ts_top30==1&reg_atr_change_rate_ts_top50==1&reg_atr_change_rate_ts_top80==1),c827738fe234,1,42,4,reg_atr_change_rate_ts_top30,regime,atr_change_rate,volatility,1
(*)|(*)|(reg_atr_change_rate_ts_top30==1&reg_atr_change_rate_ts_top50==1&reg_atr_change_rate_ts_top80==1),c827738fe234,1,42,12,reg_atr_change_rate_ts_top50,regime,atr_change_rate,volatility,1
(*)|(*)|(reg_atr_change_rate_ts_top30==1&reg_atr_change_rate_ts_top50==1&reg_atr_change_rate_ts_top80==1),c827738fe234,1,42,24,reg_atr_change_rate_ts_top80,regime,atr_change_rate,volatility,1
(*)|(loc_dist_ema20_atr_ts_top20==1&loc_dist_ema20_atr_ts_top30==0)|(reg_atr_change_rate_ts_band25_75==0&reg_atr_change_rate_ts_top60==0&reg_atr_change_rate_ts_top80==0),3f1668948b70,1,42,24,reg_atr_change_rate_ts_top80,regime,atr_change_rate,volatility,0
(*)|(loc_dist_ema20_atr_ts_top20==1&loc_dist_ema20_atr_ts_top30==0)|(reg_atr_change_rate_ts_band25_75==0&reg_atr_change_rate_ts_top60==0&reg_atr_change_rate_ts_top80==0),3f1668948b70,1,42,16,reg_atr_change_rate_ts_top60,regime,atr_change_rate,volatility,0
(*)|(loc_dist_ema20_atr_ts_top20==1&loc_dist_ema20_atr_ts_top30==0)|(reg_atr_change_rate_ts_band25_75==0&reg_atr_change_rate_ts_top60==0&reg_atr_change_rate_ts_top80==0),3f1668948b70,1,42,30,reg_atr_change_rate_ts_band25_75,regime,atr_change_rate,volatility,0
(*)|(loc_dist_ema20_atr_ts_top20==1&loc_dist_ema20_atr_ts_top30==0)|(reg_atr_change_rate_ts_band25_75==0&reg_atr_change_rate_ts_top60==0&reg_atr_change_rate_ts_top80==0),3f1668948b70,1,42,5,loc_dist_ema20_atr_ts_top30,location,dist_ema20_atr,context,0
(*)|(loc_dist_ema20_atr_ts_top20==1&loc_dist_ema20_atr_ts_top30==0)|(reg_atr_change_rate_ts_band25_75==0&reg_atr_change_rate_ts_top60==0&reg_atr_change_rate_ts_top80==0),3f1668948b70,1,42,1,loc_dist_ema20_atr_ts_top20,location,dist_ema20_atr,context,1
(*)|(loc_dist_ema20_atr_ts_top20==1&loc_dist_ema20_atr_ts_top30==0)|(reg_atr_change_rate_ts_band25_75==1&reg_atr_change_rate_ts_top60==0&reg_atr_change_rate_ts_top80==0),7e76a972274a,1,42,24,reg_atr_change_rate_ts_top80,regime,atr_change_rate,volatility,0
(*)|(loc_dist_ema20_atr_ts_top20==1&loc_dist_ema20_atr_ts_top30==0)|(reg_atr_change_rate_ts_band25_75==1&reg_atr_change_rate_ts_top60==0&reg_atr_change_rate_ts_top80==0),7e76a972274a,1,42,16,reg_atr_change_rate_ts_top60,regime,atr_change_rate,volatility,0
(*)|(loc_dist_ema20_atr_ts_top20==1&loc_dist_ema20_atr_ts_top30==0)|(reg_atr_change_rate_ts_band25_75==1&reg_atr_change_rate_ts_top60==0&reg_atr_change_rate_ts_top80==0),7e76a972274a,1,42,30,reg_atr_change_rate_ts_band25_75,regime,atr_change_rate,volatility,1
(*)|(loc_dist_ema20_atr_ts_top20==1&loc_dist_ema20_atr_ts_top30==0)|(reg_atr_change_rate_ts_band25_75==1&reg_atr_change_rate_ts_top60==0&reg_atr_change_rate_ts_top80==0),7e76a972274a,1,42,5,loc_dist_ema20_atr_ts_top30,location,dist_ema20_atr,context,0
(*)|(loc_dist_ema20_atr_ts_top20==1&loc_dist_ema20_atr_ts_top30==0)|(reg_atr_change_rate_ts_band25_75==1&reg_atr_change_rate_ts_top60==0&reg_atr_change_rate_ts_top80==0),7e76a972274a,1,42,1,loc_dist_ema20_atr_ts_top20,location,dist_ema20_atr,context,1
(*)|(loc_dist_ema20_atr_ts_top30==1)|(reg_atr_change_rate_ts_top40==0&reg_atr_change_rate_ts_top50==0&reg_atr_change_rate_ts_top60==0&reg_atr_change_rate_ts_top80==0),68db3fd778d7,1,42,24,reg_atr_change_rate_ts_top80,regime,atr_change_rate,volatility,0
(*)|(loc_dist_ema20_atr_ts_top30==1)|(reg_atr_change_rate_ts_top40==0&reg_atr_change_rate_ts_top50==0&reg_atr_change_rate_ts_top60==0&reg_atr_change_rate_ts_top80==0),68db3fd778d7,1,42,16,reg_atr_change_rate_ts_top60,regime,atr_change_rate,volatility,0
(*)|(loc_dist_ema20_atr_ts_top30==1)|(reg_atr_change_rate_ts_top40==0&reg_atr_change_rate_ts_top50==0&reg_atr_change_rate_ts_top60==0&reg_atr_change_rate_ts_top80==0),68db3fd778d7,1,42,12,reg_atr_change_rate_ts_top50,regime,atr_change_rate,volatility,0
(*)|(loc_dist_ema20_atr_ts_top30==1)|(reg_atr_change_rate_ts_top40==0&reg_atr_change_rate_ts_top50==0&reg_atr_change_rate_ts_top60==0&reg_atr_change_rate_ts_top80==0),68db3fd778d7,1,42,8,reg_atr_change_rate_ts_top40,regime,atr_change_rate,volatility,0
(*)|(loc_dist_ema20_atr_ts_top30==1)|(reg_atr_change_rate_ts_top40==0&reg_atr_change_rate_ts_top50==0&reg_atr_change_rate_ts_top60==0&reg_atr_change_rate_ts_top80==0),68db3fd778d7,1,42,5,loc_dist_ema20_atr_ts_top30,location,dist_ema20_atr,context,1
(*)|(loc_dist_ema20_atr_ts_top30==1)|(reg_atr_change_rate_ts_top40==1&reg_atr_change_rate_ts_top50==0&reg_atr_change_rate_ts_top60==0&reg_atr_change_rate_ts_top80==0),7f21c747c832,1,42,24,reg_atr_change_rate_ts_top80,regime,atr_change_rate,volatility,0
(*)|(loc_dist_ema20_atr_ts_top30==1)|(reg_atr_change_rate_ts_top40==1&reg_atr_change_rate_ts_top50==0&reg_atr_change_rate_ts_top60==0&reg_atr_change_rate_ts_top80==0),7f21c747c832,1,42,16,reg_atr_change_rate_ts_top60,regime,atr_change_rate,volatility,0
(*)|(loc_dist_ema20_atr_ts_top30==1)|(reg_atr_change_rate_ts_top40==1&reg_atr_change_rate_ts_top50==0&reg_atr_change_rate_ts_top60==0&reg_atr_change_rate_ts_top80==0),7f21c747c832,1,42,12,reg_atr_change_rate_ts_top50,regime,atr_change_rate,volatility,0
(*)|(loc_dist_ema20_atr_ts_top30==1)|(reg_atr_change_rate_ts_top40==1&reg_atr_change_rate_ts_top50==0&reg_atr_change_rate_ts_top60==0&reg_atr_change_rate_ts_top80==0),7f21c747c832,1,42,8,reg_atr_change_rate_ts_top40,regime,atr_change_rate,volatility,1
(*)|(loc_dist_ema20_atr_ts_top30==1)|(reg_atr_change_rate_ts_top40==1&reg_atr_change_rate_ts_top50==0&reg_atr_change_rate_ts_top60==0&reg_atr_change_rate_ts_top80==0),7f21c747c832,1,42,5,loc_dist_ema20_atr_ts_top30,location,dist_ema20_atr,context,1
(*)|(loc_dist_ema20_atr_ts_top30==1)|(reg_atr_change_rate_ts_top50==1&reg_atr_change_rate_ts_top60==0&reg_atr_change_rate_ts_top80==0),06f071793051,1,42,24,reg_atr_change_rate_ts_top80,regime,atr_change_rate,volatility,0
(*)|(loc_dist_ema20_atr_ts_top30==1)|(reg_atr_change_rate_ts_top50==1&reg_atr_change_rate_ts_top60==0&reg_atr_change_rate_ts_top80==0),06f071793051,1,42,16,reg_atr_change_rate_ts_top60,regime,atr_change_rate,volatility,0
(*)|(loc_dist_ema20_atr_ts_top30==1)|(reg_atr_change_rate_ts_top50==1&reg_atr_change_rate_ts_top60==0&reg_atr_change_rate_ts_top80==0),06f071793051,1,42,12,reg_atr_change_rate_ts_top50,regime,atr_change_rate,volatility,1
(*)|(loc_dist_ema20_atr_ts_top30==1)|(reg_atr_change_rate_ts_top50==1&reg_atr_change_rate_ts_top60==0&reg_atr_change_rate_ts_top80==0),06f071793051,1,42,5,loc_dist_ema20_atr_ts_top30,location,dist_ema20_atr,context,1
(*)|(*)|(reg_atr_change_rate_ts_band25_75==0&reg_atr_change_rate_ts_top60==1&reg_atr_change_rate_ts_top80==0),7ee0c09ae409,1,42,24,reg_atr_change_rate_ts_top80,regime,atr_change_rate,volatility,0
(*)|(*)|(reg_atr_change_rate_ts_band25_75==0&reg_atr_change_rate_ts_top60==1&reg_atr_change_rate_ts_top80==0),7ee0c09ae409,1,42,16,reg_atr_change_rate_ts_top60,regime,atr_change_rate,volatility,1
(*)|(*)|(reg_atr_change_rate_ts_band25_75==0&reg_atr_change_rate_ts_top60==1&reg_atr_change_rate_ts_top80==0),7ee0c09ae409,1,42,30,reg_atr_change_rate_ts_band25_75,regime,atr_change_rate,volatility,0
(*)|(*)|(reg_atr_change_rate_ts_band25_75==1&reg_atr_change_rate_ts_top60==1&reg_atr_change_rate_ts_top80==0),d2846924a0a0,1,42,24,reg_atr_change_rate_ts_top80,regime,atr_change_rate,volatility,0
(*)|(*)|(reg_atr_change_rate_ts_band25_75==1&reg_atr_change_rate_ts_top60==1&reg_atr_change_rate_ts_top80==0),d2846924a0a0,1,42,16,reg_atr_change_rate_ts_top60,regime,atr_change_rate,volatility,1
(*)|(*)|(reg_atr_change_rate_ts_band25_75==1&reg_atr_change_rate_ts_top60==1&reg_atr_change_rate_ts_top80==0),d2846924a0a0,1,42,30,reg_atr_change_rate_ts_band25_75,regime,atr_change_rate,volatility,1
(*)|(*)|(reg_atr_change_rate_ts_top80==1),db40e2349987,1,42,24,reg_atr_change_rate_ts_top80,regime,atr_change_rate,volatility,1
(*)|(*)|(reg_atr_change_rate_ts_band25_75==0&reg_atr_change_rate_ts_top20==1&reg_atr_change_rate_ts_top30==0),ed667e15e5c8,1,42,4,reg_atr_change_rate_ts_top30,regime,atr_change_rate,volatility,0
(*)|(*)|(reg_atr_change_rate_ts_band25_75==0&reg_atr_change_rate_ts_top20==1&reg_atr_change_rate_ts_top30==0),ed667e15e5c8,1,42,0,reg_atr_change_rate_ts_top20,regime,atr_change_rate,volatility,1
(*)|(*)|(reg_atr_change_rate_ts_band25_75==0&reg_atr_change_rate_ts_top20==1&reg_atr_change_rate_ts_top30==0),ed667e15e5c8,1,42,30,reg_atr_change_rate_ts_band25_75,regime,atr_change_rate,volatility,0
(*)|(*)|(reg_atr_change_rate_ts_band25_75==1&reg_atr_change_rate_ts_top20==1&reg_atr_change_rate_ts_top30==0),cda98f706a15,1,42,4,reg_atr_change_rate_ts_top30,regime,atr_change_rate,volatility,0
(*)|(*)|(reg_atr_change_rate_ts_band25_75==1&reg_atr_change_rate_ts_top20==1&reg_atr_change_rate_ts_top30==0),cda98f706a15,1,42,0,reg_atr_change_rate_ts_top20,regime,atr_change_rate,volatility,1
(*)|(*)|(reg_atr_change_rate_ts_band25_75==1&reg_atr_change_rate_ts_top20==1&reg_atr_change_rate_ts_top30==0),cda98f706a15,1,42,30,reg_atr_change_rate_ts_band25_75,regime,atr_change_rate,volatility,1
(*)|(loc_dist_ema20_atr_ts_top40==0)|(reg_atr_change_rate_ts_top30==1&reg_atr_change_rate_ts_top50==0),08af4af2d03c,1,42,4,reg_atr_change_rate_ts_top30,regime,atr_change_rate,volatility,1
(*)|(loc_dist_ema20_atr_ts_top40==0)|(reg_atr_change_rate_ts_top30==1&reg_atr_change_rate_ts_top50==0),08af4af2d03c,1,42,12,reg_atr_change_rate_ts_top50,regime,atr_change_rate,volatility,0
(*)|(loc_dist_ema20_atr_ts_top40==0)|(reg_atr_change_rate_ts_top30==1&reg_atr_change_rate_ts_top50==0),08af4af2d03c,1,42,9,loc_dist_ema20_atr_ts_top40,location,dist_ema20_atr,context,0
(*)|(loc_dist_ema20_atr_ts_top40==1)|(reg_atr_change_rate_ts_top30==1&reg_atr_change_rate_ts_top50==0),8f2f6c5bb1d6,1,42,4,reg_atr_change_rate_ts_top30,regime,atr_change_rate,volatility,1
(*)|(loc_dist_ema20_atr_ts_top40==1)|(reg_atr_change_rate_ts_top30==1&reg_atr_change_rate_ts_top50==0),8f2f6c5bb1d6,1,42,12,reg_atr_change_rate_ts_top50,regime,atr_change_rate,volatility,0
(*)|(loc_dist_ema20_atr_ts_top40==1)|(reg_atr_change_rate_ts_top30==1&reg_atr_change_rate_ts_top50==0),8f2f6c5bb1d6,1,42,9,loc_dist_ema20_atr_ts_top40,location,dist_ema20_atr,context,1
(*)|(*)|(reg_atr_change_rate_ts_band25_75==0&reg_atr_change_rate_ts_top30==1&reg_atr_change_rate_ts_top50==1&reg_atr_change_rate_ts_top80==0),83b6a1cb5daf,1,42,4,reg_atr_change_rate_ts_top30,regime,atr_change_rate,volatility,1
(*)|(*)|(reg_atr_change_rate_ts_band25_75==0&reg_atr_change_rate_ts_top30==1&reg_atr_change_rate_ts_top50==1&reg_atr_change_rate_ts_top80==0),83b6a1cb5daf,1,42,12,reg_atr_change_rate_ts_top50,regime,atr_change_rate,volatility,1
(*)|(*)|(reg_atr_change_rate_ts_band25_75==0&reg_atr_change_rate_ts_top30==1&reg_atr_change_rate_ts_top50==1&reg_atr_change_rate_ts_top80==0),83b6a1cb5daf,1,42,24,reg_atr_change_rate_ts_top80,regime,atr_change_rate,volatility,0
(*)|(*)|(reg_atr_change_rate_ts_band25_75==0&reg_atr_change_rate_ts_top30==1&reg_atr_change_rate_ts_top50==1&reg_atr_change_rate_ts_top80==0),83b6a1cb5daf,1,42,30,reg_atr_change_rate_ts_band25_75,regime,atr_change_rate,volatility,0
(*)|(*)|(reg_atr_change_rate_ts_band25_75==1&reg_atr_change_rate_ts_top30==1&reg_atr_change_rate_ts_top50==1&reg_atr_change_rate_ts_top60==0&reg_atr_change_rate_ts_top80==0),cd2d6678d468,1,42,4,reg_atr_change_rate_ts_top30,regime,atr_change_rate,volatility,1
(*)|(*)|(reg_atr_change_rate_ts_band25_75==1&reg_atr_change_rate_ts_top30==1&reg_atr_change_rate_ts_top50==1&reg_atr_change_rate_ts_top60==0&reg_atr_change_rate_ts_top80==0),cd2d6678d468,1,42,12,reg_atr_change_rate_ts_top50,regime,atr_change_rate,volatility,1
(*)|(*)|(reg_atr_change_rate_ts_band25_75==1&reg_atr_change_rate_ts_top30==1&reg_atr_change_rate_ts_top50==1&reg_atr_change_rate_ts_top60==0&reg_atr_change_rate_ts_top80==0),cd2d6678d468,1,42,24,reg_atr_change_rate_ts_top80,regime,atr_change_rate,volatility,0
(*)|(*)|(reg_atr_change_rate_ts_band25_75==1&reg_atr_change_rate_ts_top30==1&reg_atr_change_rate_ts_top50==1&reg_atr_change_rate_ts_top60==0&reg_atr_change_rate_ts_top80==0),cd2d6678d468,1,42,30,reg_atr_change_rate_ts_band25_75,regime,atr_change_rate,volatility,1
(*)|(*)|(reg_atr_change_rate_ts_band25_75==1&reg_atr_change_rate_ts_top30==1&reg_atr_change_rate_ts_top50==1&reg_atr_change_rate_ts_top60==0&reg_atr_change_rate_ts_top80==0),cd2d6678d468,1,42,16,reg_atr_change_rate_ts_top60,regime,atr_change_rate,volatility,0
(*)|(*)|(reg_atr_change_rate_ts_band25_75==1&reg_atr_change_rate_ts_top30==1&reg_atr_change_rate_ts_top50==1&reg_atr_change_rate_ts_top60==1&reg_atr_change_rate_ts_top70==0&reg_atr_change_rate_ts_top80==0),1cd0296bc59b,1,42,4,reg_atr_change_rate_ts_top30,regime,atr_change_rate,volatility,1
(*)|(*)|(reg_atr_change_rate_ts_band25_75==1&reg_atr_change_rate_ts_top30==1&reg_atr_change_rate_ts_top50==1&reg_atr_change_rate_ts_top60==1&reg_atr_change_rate_ts_top70==0&reg_atr_change_rate_ts_top80==0),1cd0296bc59b,1,42,12,reg_atr_change_rate_ts_top50,regime,atr_change_rate,volatility,1
(*)|(*)|(reg_atr_change_rate_ts_band25_75==1&reg_atr_change_rate_ts_top30==1&reg_atr_change_rate_ts_top50==1&reg_atr_change_rate_ts_top60==1&reg_atr_change_rate_ts_top70==0&reg_atr_change_rate_ts_top80==0),1cd0296bc59b,1,42,24,reg_atr_change_rate_ts_top80,regime,atr_change_rate,volatility,0
(*)|(*)|(reg_atr_change_rate_ts_band25_75==1&reg_atr_change_rate_ts_top30==1&reg_atr_change_rate_ts_top50==1&reg_atr_change_rate_ts_top60==1&reg_atr_change_rate_ts_top70==0&reg_atr_change_rate_ts_top80==0),1cd0296bc59b,1,42,30,reg_atr_change_rate_ts_band25_75,regime,atr_change_rate,volatility,1
(*)|(*)|(reg_atr_change_rate_ts_band25_75==1&reg_atr_change_rate_ts_top30==1&reg_atr_change_rate_ts_top50==1&reg_atr_change_rate_ts_top60==1&reg_atr_change_rate_ts_top70==0&reg_atr_change_rate_ts_top80==0),1cd0296bc59b,1,42,16,reg_atr_change_rate_ts_top60,regime,atr_change_rate,volatility,1
(*)|(*)|(reg_atr_change_rate_ts_band25_75==1&reg_atr_change_rate_ts_top30==1&reg_atr_change_rate_ts_top50==1&reg_atr_change_rate_ts_top60==1&reg_atr_change_rate_ts_top70==0&reg_atr_change_rate_ts_top80==0),1cd0296bc59b,1,42,20,reg_atr_change_rate_ts_top70,regime,atr_change_rate,volatility,0
(*)|(*)|(reg_atr_change_rate_ts_band25_75==1&reg_atr_change_rate_ts_top30==1&reg_atr_change_rate_ts_top50==1&reg_atr_change_rate_ts_top60==1&reg_atr_change_rate_ts_top70==1&reg_atr_change_rate_ts_top80==0),cf6d8e758193,1,42,4,reg_atr_change_rate_ts_top30,regime,atr_change_rate,volatility,1
(*)|(*)|(reg_atr_change_rate_ts_band25_75==1&reg_atr_change_rate_ts_top30==1&reg_atr_change_rate_ts_top50==1&reg_atr_change_rate_ts_top60==1&reg_atr_change_rate_ts_top70==1&reg_atr_change_rate_ts_top80==0),cf6d8e758193,1,42,12,reg_atr_change_rate_ts_top50,regime,atr_change_rate,volatility,1
(*)|(*)|(reg_atr_change_rate_ts_band25_75==1&reg_atr_change_rate_ts_top30==1&reg_atr_change_rate_ts_top50==1&reg_atr_change_rate_ts_top60==1&reg_atr_change_rate_ts_top70==1&reg_atr_change_rate_ts_top80==0),cf6d8e758193,1,42,24,reg_atr_change_rate_ts_top80,regime,atr_change_rate,volatility,0
(*)|(*)|(reg_atr_change_rate_ts_band25_75==1&reg_atr_change_rate_ts_top30==1&reg_atr_change_rate_ts_top50==1&reg_atr_change_rate_ts_top60==1&reg_atr_change_rate_ts_top70==1&reg_atr_change_rate_ts_top80==0),cf6d8e758193,1,42,30,reg_atr_change_rate_ts_band25_75,regime,atr_change_rate,volatility,1
(*)|(*)|(reg_atr_change_rate_ts_band25_75==1&reg_atr_change_rate_ts_top30==1&reg_atr_change_rate_ts_top50==1&reg_atr_change_rate_ts_top60==1&reg_atr_change_rate_ts_top70==1&reg_atr_change_rate_ts_top80==0),cf6d8e758193,1,42,16,reg_atr_change_rate_ts_top60,regime,atr_change_rate,volatility,1
(*)|(*)|(reg_atr_change_rate_ts_band25_75==1&reg_atr_change_rate_ts_top30==1&reg_atr_change_rate_ts_top50==1&reg_atr_change_rate_ts_top60==1&reg_atr_change_rate_ts_top70==1&reg_atr_change_rate_ts_top80==0),cf6d8e758193,1,42,20,reg_atr_change_rate_ts_top70,regime,atr_change_rate,volatility,1
(*)|(*)|(reg_atr_change_rate_ts_top30==1&reg_atr_change_rate_ts_top50==1&reg_atr_change_rate_ts_top80==1),d9732662c738,1,42,4,reg_atr_change_rate_ts_top30,regime,atr_change_rate,volatility,1
(*)|(*)|(reg_atr_change_rate_ts_top30==1&reg_atr_change_rate_ts_top50==1&reg_atr_change_rate_ts_top80==1),d9732662c738,1,42,12,reg_atr_change_rate_ts_top50,regime,atr_change_rate,volatility,1
(*)|(*)|(reg_atr_change_rate_ts_top30==1&reg_atr_change_rate_ts_top50==1&reg_atr_change_rate_ts_top80==1),d9732662c738,1,42,24,reg_atr_change_rate_ts_top80,regime,atr_change_rate,volatility,1
(*)|(*)|(reg_atr_change_rate_ts_band25_75==1&reg_atr_change_rate_ts_bot20==0&reg_atr_change_rate_ts_top30==0&reg_atr_change_rate_ts_top60==0&reg_atr_change_rate_ts_top80==0),9f938128bae3,1,42,24,reg_atr_change_rate_ts_top80,regime,atr_change_rate,volatility,0
(*)|(*)|(reg_atr_change_rate_ts_band25_75==1&reg_atr_change_rate_ts_bot20==0&reg_atr_change_rate_ts_top30==0&reg_atr_change_rate_ts_top60==0&reg_atr_change_rate_ts_top80==0),9f938128bae3,1,42,16,reg_atr_change_rate_ts_top60,regime,atr_change_rate,volatility,0
(*)|(*)|(reg_atr_change_rate_ts_band25_75==1&reg_atr_change_rate_ts_bot20==0&reg_atr_change_rate_ts_top30==0&reg_atr_change_rate_ts_top60==0&reg_atr_change_rate_ts_top80==0),9f938128bae3,1,42,4,reg_atr_change_rate_ts_top30,regime,atr_change_rate,volatility,0
(*)|(*)|(reg_atr_change_rate_ts_band25_75==1&reg_atr_change_rate_ts_bot20==0&reg_atr_change_rate_ts_top30==0&reg_atr_change_rate_ts_top60==0&reg_atr_change_rate_ts_top80==0),9f938128bae3,1,42,2,reg_atr_change_rate_ts_bot20,regime,atr_change_rate,volatility,0
(*)|(*)|(reg_atr_change_rate_ts_band25_75==1&reg_atr_change_rate_ts_bot20==0&reg_atr_change_rate_ts_top30==0&reg_atr_change_rate_ts_top60==0&reg_atr_change_rate_ts_top80==0),9f938128bae3,1,42,30,reg_atr_change_rate_ts_band25_75,regime,atr_change_rate,volatility,1
(*)|(*)|(reg_atr_change_rate_ts_bot20==1&reg_atr_change_rate_ts_top30==0&reg_atr_change_rate_ts_top60==0&reg_atr_change_rate_ts_top80==0),7aaddcd09205,1,42,24,reg_atr_change_rate_ts_top80,regime,atr_change_rate,volatility,0
(*)|(*)|(reg_atr_change_rate_ts_bot20==1&reg_atr_change_rate_ts_top30==0&reg_atr_change_rate_ts_top60==0&reg_atr_change_rate_ts_top80==0),7aaddcd09205,1,42,16,reg_atr_change_rate_ts_top60,regime,atr_change_rate,volatility,0
(*)|(*)|(reg_atr_change_rate_ts_bot20==1&reg_atr_change_rate_ts_top30==0&reg_atr_change_rate_ts_top60==0&reg_atr_change_rate_ts_top80==0),7aaddcd09205,1,42,4,reg_atr_change_rate_ts_top30,regime,atr_change_rate,volatility,0
(*)|(*)|(reg_atr_change_rate_ts_bot20==1&reg_atr_change_rate_ts_top30==0&reg_atr_change_rate_ts_top60==0&reg_atr_change_rate_ts_top80==0),7aaddcd09205,1,42,2,reg_atr_change_rate_ts_bot20,regime,atr_change_rate,volatility,1
(*)|(loc_dist_ema20_atr_ts_top40==0&loc_dist_ema50_atr_ts_top50==0)|(reg_atr_change_rate_ts_top30==1&reg_atr_change_rate_ts_top60==0&reg_atr_change_rate_ts_top80==0),3913dd290a3a,1,42,24,reg_atr_change_rate_ts_top80,regime,atr_change_rate,volatility,0
(*)|(loc_dist_ema20_atr_ts_top40==0&loc_dist_ema50_atr_ts_top50==0)|(reg_atr_change_rate_ts_top30==1&reg_atr_change_rate_ts_top60==0&reg_atr_change_rate_ts_top80==0),3913dd290a3a,1,42,16,reg_atr_change_rate_ts_top60,regime,atr_change_rate,volatility,0
(*)|(loc_dist_ema20_atr_ts_top40==0&loc_dist_ema50_atr_ts_top50==0)|(reg_atr_change_rate_ts_top30==1&reg_atr_change_rate_ts_top60==0&reg_atr_change_rate_ts_top80==0),3913dd290a3a,1,42,4,reg_atr_change_rate_ts_top30,regime,atr_change_rate,volatility,1
(*)|(loc_dist_ema20_atr_ts_top40==0&loc_dist_ema50_atr_ts_top50==0)|(reg_atr_change_rate_ts_top30==1&reg_atr_change_rate_ts_top60==0&reg_atr_change_rate_ts_top80==0),3913dd290a3a,1,42,49,loc_dist_ema50_atr_ts_top50,location,dist_ema50_atr,context,0
(*)|(loc_dist_ema20_atr_ts_top40==0&loc_dist_ema50_atr_ts_top50==0)|(reg_atr_change_rate_ts_top30==1&reg_atr_change_rate_ts_top60==0&reg_atr_change_rate_ts_top80==0),3913dd290a3a,1,42,9,loc_dist_ema20_atr_ts_top40,location,dist_ema20_atr,context,0
(*)|(loc_dist_ema20_atr_ts_top40==1&loc_dist_ema50_atr_ts_top50==0)|(reg_atr_change_rate_ts_top30==1&reg_atr_change_rate_ts_top60==0&reg_atr_change_rate_ts_top80==0),93bbe66a6d42,1,42,24,reg_atr_change_rate_ts_top80,regime,atr_change_rate,volatility,0
(*)|(loc_dist_ema20_atr_ts_top40==1&loc_dist_ema50_atr_ts_top50==0)|(reg_atr_change_rate_ts_top30==1&reg_atr_change_rate_ts_top60==0&reg_atr_change_rate_ts_top80==0),93bbe66a6d42,1,42,16,reg_atr_change_rate_ts_top60,regime,atr_change_rate,volatility,0
(*)|(loc_dist_ema20_atr_ts_top40==1&loc_dist_ema50_atr_ts_top50==0)|(reg_atr_change_rate_ts_top30==1&reg_atr_change_rate_ts_top60==0&reg_atr_change_rate_ts_top80==0),93bbe66a6d42,1,42,4,reg_atr_change_rate_ts_top30,regime,atr_change_rate,volatility,1
(*)|(loc_dist_ema20_atr_ts_top40==1&loc_dist_ema50_atr_ts_top50==0)|(reg_atr_change_rate_ts_top30==1&reg_atr_change_rate_ts_top60==0&reg_atr_change_rate_ts_top80==0),93bbe66a6d42,1,42,49,loc_dist_ema50_atr_ts_top50,location,dist_ema50_atr,context,0
(*)|(loc_dist_ema20_atr_ts_top40==1&loc_dist_ema50_atr_ts_top50==0)|(reg_atr_change_rate_ts_top30==1&reg_atr_change_rate_ts_top60==0&reg_atr_change_rate_ts_top80==0),93bbe66a6d42,1,42,9,loc_dist_ema20_atr_ts_top40,location,dist_ema20_atr,context,1
(*)|(loc_dist_ema50_atr_ts_top50==1)|(reg_atr_change_rate_ts_top30==1&reg_atr_change_rate_ts_top60==0&reg_atr_change_rate_ts_top80==0),bde31ab897cc,1,42,24,reg_atr_change_rate_ts_top80,regime,atr_change_rate,volatility,0
(*)|(loc_dist_ema50_atr_ts_top50==1)|(reg_atr_change_rate_ts_top30==1&reg_atr_change_rate_ts_top60==0&reg_atr_change_rate_ts_top80==0),bde31ab897cc,1,42,16,reg_atr_change_rate_ts_top60,regime,atr_change_rate,volatility,0
(*)|(loc_dist_ema50_atr_ts_top50==1)|(reg_atr_change_rate_ts_top30==1&reg_atr_change_rate_ts_top60==0&reg_atr_change_rate_ts_top80==0),bde31ab897cc,1,42,4,reg_atr_change_rate_ts_top30,regime,atr_change_rate,volatility,1
(*)|(loc_dist_ema50_atr_ts_top50==1)|(reg_atr_change_rate_ts_top30==1&reg_atr_change_rate_ts_top60==0&reg_atr_change_rate_ts_top80==0),bde31ab897cc,1,42,49,loc_dist_ema50_atr_ts_top50,location,dist_ema50_atr,context,1
(*)|(*)|(reg_atr_change_rate_ts_band25_75==0&reg_atr_change_rate_ts_top60==1&reg_atr_change_rate_ts_top80==0),73c8dd1f961b,1,42,24,reg_atr_change_rate_ts_top80,regime,atr_change_rate,volatility,0
(*)|(*)|(reg_atr_change_rate_ts_band25_75==0&reg_atr_change_rate_ts_top60==1&reg_atr_change_rate_ts_top80==0),73c8dd1f961b,1,42,16,reg_atr_change_rate_ts_top60,regime,atr_change_rate,volatility,1
(*)|(*)|(reg_atr_change_rate_ts_band25_75==0&reg_atr_change_rate_ts_top60==1&reg_atr_change_rate_ts_top80==0),73c8dd1f961b,1,42,30,reg_atr_change_rate_ts_band25_75,regime,atr_change_rate,volatility,0
(*)|(*)|(reg_atr_change_rate_ts_band25_75==1&reg_atr_change_rate_ts_top60==1&reg_atr_change_rate_ts_top80==0),f37ebecf7d84,1,42,24,reg_atr_change_rate_ts_top80,regime,atr_change_rate,volatility,0
(*)|(*)|(reg_atr_change_rate_ts_band25_75==1&reg_atr_change_rate_ts_top60==1&reg_atr_change_rate_ts_top80==0),f37ebecf7d84,1,42,16,reg_atr_change_rate_ts_top60,regime,atr_change_rate,volatility,1
(*)|(*)|(reg_atr_change_rate_ts_band25_75==1&reg_atr_change_rate_ts_top60==1&reg_atr_change_rate_ts_top80==0),f37ebecf7d84,1,42,30,reg_atr_change_rate_ts_band25_75,regime,atr_change_rate,volatility,1
(*)|(*)|(reg_atr_change_rate_ts_top80==1),50e481a0268d,1,42,24,reg_atr_change_rate_ts_top80,regime,atr_change_rate,volatility,1
(*)|(loc_dist_ema20_atr_ts_band20_80==0)|(reg_atr_change_rate_ts_band25_75==0&reg_atr_change_rate_ts_top20==1),570bd28738cc,1,42,30,reg_atr_change_rate_ts_band25_75,regime,atr_change_rate,volatility,0
(*)|(loc_dist_ema20_atr_ts_band20_80==0)|(reg_atr_change_rate_ts_band25_75==0&reg_atr_change_rate_ts_top20==1),570bd28738cc,1,42,0,reg_atr_change_rate_ts_top20,regime,atr_change_rate,volatility,1
(*)|(loc_dist_ema20_atr_ts_band20_80==0)|(reg_atr_change_rate_ts_band25_75==0&reg_atr_change_rate_ts_top20==1),570bd28738cc,1,42,29,loc_dist_ema20_atr_ts_band20_80,location,dist_ema20_atr,context,0
(*)|(loc_dist_ema20_atr_ts_band20_80==1)|(reg_atr_change_rate_ts_band25_75==0&reg_atr_change_rate_ts_top30==0),8400593e6de5,1,42,30,reg_atr_change_rate_ts_band25_75,regime,atr_change_rate,volatility,0
(*)|(loc_dist_ema20_atr_ts_band20_80==1)|(reg_atr_change_rate_ts_band25_75==0&reg_atr_change_rate_ts_top30==0),8400593e6de5,1,42,4,reg_atr_change_rate_ts_top30,regime,atr_change_rate,volatility,0
(*)|(loc_dist_ema20_atr_ts_band20_80==1)|(reg_atr_change_rate_ts_band25_75==0&reg_atr_change_rate_ts_top30==0),8400593e6de5,1,42,29,loc_dist_ema20_atr_ts_band20_80,location,dist_ema20_atr,context,1
(*)|(loc_dist_ema20_atr_ts_band20_80==1)|(reg_atr_change_rate_ts_band25_75==0&reg_atr_change_rate_ts_top30==1),40b6ff2b13b5,1,42,30,reg_atr_change_rate_ts_band25_75,regime,atr_change_rate,volatility,0
(*)|(loc_dist_ema20_atr_ts_band20_80==1)|(reg_atr_change_rate_ts_band25_75==0&reg_atr_change_rate_ts_top30==1),40b6ff2b13b5,1,42,4,reg_atr_change_rate_ts_top30,regime,atr_change_rate,volatility,1
(*)|(loc_dist_ema20_atr_ts_band20_80==1)|(reg_atr_change_rate_ts_band25_75==0&reg_atr_change_rate_ts_top30==1),40b6ff2b13b5,1,42,29,loc_dist_ema20_atr_ts_band20_80,location,dist_ema20_atr,context,1
(*)|(*)|(reg_atr_change_rate_ts_band25_75==1&reg_atr_change_rate_ts_top30==0&reg_atr_change_rate_ts_top60==0),8624a544d1c1,1,42,30,reg_atr_change_rate_ts_band25_75,regime,atr_change_rate,volatility,1
(*)|(*)|(reg_atr_change_rate_ts_band25_75==1&reg_atr_change_rate_ts_top30==0&reg_atr_change_rate_ts_top60==0),8624a544d1c1,1,42,16,reg_atr_change_rate_ts_top60,regime,atr_change_rate,volatility,0
(*)|(*)|(reg_atr_change_rate_ts_band25_75==1&reg_atr_change_rate_ts_top30==0&reg_atr_change_rate_ts_top60==0),8624a544d1c1,1,42,4,reg_atr_change_rate_ts_top30,regime,atr_change_rate,volatility,0
(*)|(*)|(reg_atr_change_rate_ts_band25_75==1&reg_atr_change_rate_ts_top30==1&reg_atr_change_rate_ts_top40==0&reg_atr_change_rate_ts_top60==0),ce3f54050aba,1,42,30,reg_atr_change_rate_ts_band25_75,regime,atr_change_rate,volatility,1
(*)|(*)|(reg_atr_change_rate_ts_band25_75==1&reg_atr_change_rate_ts_top30==1&reg_atr_change_rate_ts_top40==0&reg_atr_change_rate_ts_top60==0),ce3f54050aba,1,42,16,reg_atr_change_rate_ts_top60,regime,atr_change_rate,volatility,0
(*)|(*)|(reg_atr_change_rate_ts_band25_75==1&reg_atr_change_rate_ts_top30==1&reg_atr_change_rate_ts_top40==0&reg_atr_change_rate_ts_top60==0),ce3f54050aba,1,42,4,reg_atr_change_rate_ts_top30,regime,atr_change_rate,volatility,1
(*)|(*)|(reg_atr_change_rate_ts_band25_75==1&reg_atr_change_rate_ts_top30==1&reg_atr_change_rate_ts_top40==0&reg_atr_change_rate_ts_top60==0),ce3f54050aba,1,42,8,reg_atr_change_rate_ts_top40,regime,atr_change_rate,volatility,0
(*)|(*)|(reg_atr_change_rate_ts_band25_75==1&reg_atr_change_rate_ts_top30==1&reg_atr_change_rate_ts_top40==1&reg_atr_change_rate_ts_top60==0),730abb5d869a,1,42,30,reg_atr_change_rate_ts_band25_75,regime,atr_change_rate,volatility,1
(*)|(*)|(reg_atr_change_rate_ts_band25_75==1&reg_atr_change_rate_ts_top30==1&reg_atr_change_rate_ts_top40==1&reg_atr_change_rate_ts_top60==0),730abb5d869a,1,42,16,reg_atr_change_rate_ts_top60,regime,atr_change_rate,volatility,0
(*)|(*)|(reg_atr_change_rate_ts_band25_75==1&reg_atr_change_rate_ts_top30==1&reg_atr_change_rate_ts_top40==1&reg_atr_change_rate_ts_top60==0),730abb5d869a,1,42,4,reg_atr_change_rate_ts_top30,regime,atr_change_rate,volatility,1
(*)|(*)|(reg_atr_change_rate_ts_band25_75==1&reg_atr_change_rate_ts_top30==1&reg_atr_change_rate_ts_top40==1&reg_atr_change_rate_ts_top60==0),730abb5d869a,1,42,8,reg_atr_change_rate_ts_top40,regime,atr_change_rate,volatility,1
(*)|(*)|(reg_atr_change_rate_ts_band25_75==1&reg_atr_change_rate_ts_top60==1&reg_atr_change_rate_ts_top70==0),5d83e8bd4fc3,1,42,30,reg_atr_change_rate_ts_band25_75,regime,atr_change_rate,volatility,1
(*)|(*)|(reg_atr_change_rate_ts_band25_75==1&reg_atr_change_rate_ts_top60==1&reg_atr_change_rate_ts_top70==0),5d83e8bd4fc3,1,42,16,reg_atr_change_rate_ts_top60,regime,atr_change_rate,volatility,1
(*)|(*)|(reg_atr_change_rate_ts_band25_75==1&reg_atr_change_rate_ts_top60==1&reg_atr_change_rate_ts_top70==0),5d83e8bd4fc3,1,42,20,reg_atr_change_rate_ts_top70,regime,atr_change_rate,volatility,0
(*)|(*)|(reg_atr_change_rate_ts_band25_75==1&reg_atr_change_rate_ts_top60==1&reg_atr_change_rate_ts_top70==1),43e23c5f9802,1,42,30,reg_atr_change_rate_ts_band25_75,regime,atr_change_rate,volatility,1
(*)|(*)|(reg_atr_change_rate_ts_band25_75==1&reg_atr_change_rate_ts_top60==1&reg_atr_change_rate_ts_top70==1),43e23c5f9802,1,42,16,reg_atr_change_rate_ts_top60,regime,atr_change_rate,volatility,1
(*)|(*)|(reg_atr_change_rate_ts_band25_75==1&reg_atr_change_rate_ts_top60==1&reg_atr_change_rate_ts_top70==1),43e23c5f9802,1,42,20,reg_atr_change_rate_ts_top70,regime,atr_change_rate,volatility,1
(*)|(loc_dist_ema20_atr_ts_top20==1)|(reg_atr_change_rate_ts_top60==0&reg_atr_change_rate_ts_top80==0&reg_atr_compression_ratio_ts_band25_75==0),f95ad8143780,1,42,24,reg_atr_change_rate_ts_top80,regime,atr_change_rate,volatility,0
(*)|(loc_dist_ema20_atr_ts_top20==1)|(reg_atr_change_rate_ts_top60==0&reg_atr_change_rate_ts_top80==0&reg_atr_compression_ratio_ts_band25_75==0),f95ad8143780,1,42,16,reg_atr_change_rate_ts_top60,regime,atr_change_rate,volatility,0
(*)|(loc_dist_ema20_atr_ts_top20==1)|(reg_atr_change_rate_ts_top60==0&reg_atr_change_rate_ts_top80==0&reg_atr_compression_ratio_ts_band25_75==0),f95ad8143780,1,42,66,reg_atr_compression_ratio_ts_band25_75,regime,atr_compression_ratio,volatility_term_structure,0
(*)|(loc_dist_ema20_atr_ts_top20==1)|(reg_atr_change_rate_ts_top60==0&reg_atr_change_rate_ts_top80==0&reg_atr_compression_ratio_ts_band25_75==0),f95ad8143780,1,42,1,loc_dist_ema20_atr_ts_top20,location,dist_ema20_atr,context,1
(*)|(loc_dist_ema20_atr_ts_top50==0)|(reg_atr_change_rate_ts_top30==0&reg_atr_change_rate_ts_top60==0&reg_atr_change_rate_ts_top80==0&reg_atr_compression_ratio_ts_band25_75==1),07fc6dda6abf,1,42,24,reg_atr_change_rate_ts_top80,regime,atr_change_rate,volatility,0
(*)|(loc_dist_ema20_atr_ts_top50==0)|(reg_atr_change_rate_ts_top30==0&reg_atr_change_rate_ts_top60==0&reg_atr_change_rate_ts_top80==0&reg_atr_compression_ratio_ts_band25_75==1),07fc6dda6abf,1,42,16,reg_atr_change_rate_ts_top60,regime,atr_change_rate,volatility,0
(*)|(loc_dist_ema20_atr_ts_top50==0)|(reg_atr_change_rate_ts_top30==0&reg_atr_change_rate_ts_top60==0&reg_atr_change_rate_ts_top80==0&reg_atr_compression_ratio_ts_band25_75==1),07fc6dda6abf,1,42,66,reg_atr_compression_ratio_ts_band25_75,regime,atr_compression_ratio,volatility_term_structure,1
(*)|(loc_dist_ema20_atr_ts_top50==0)|(reg_atr_change_rate_ts_top30==0&reg_atr_change_rate_ts_top60==0&reg_atr_change_rate_ts_top80==0&reg_atr_compression_ratio_ts_band25_75==1),07fc6dda6abf,1,42,4,reg_atr_change_rate_ts_top30,regime,atr_change_rate,volatility,0
(*)|(loc_dist_ema20_atr_ts_top50==0)|(reg_atr_change_rate_ts_top30==0&reg_atr_change_rate_ts_top60==0&reg_atr_change_rate_ts_top80==0&reg_atr_compression_ratio_ts_band25_75==1),07fc6dda6abf,1,42,13,loc_dist_ema20_atr_ts_top50,location,dist_ema20_atr,context,0
(*)|(loc_dist_ema20_atr_ts_top50==0)|(reg_atr_change_rate_ts_top30==1&reg_atr_change_rate_ts_top40==0&reg_atr_change_rate_ts_top60==0&reg_atr_change_rate_ts_top80==0&reg_atr_compression_ratio_ts_band25_75==1),8ffe27bd6b88,1,42,24,reg_atr_change_rate_ts_top80,regime,atr_change_rate,volatility,0
(*)|(loc_dist_ema20_atr_ts_top50==0)|(reg_atr_change_rate_ts_top30==1&reg_atr_change_rate_ts_top40==0&reg_atr_change_rate_ts_top60==0&reg_atr_change_rate_ts_top80==0&reg_atr_compression_ratio_ts_band25_75==1),8ffe27bd6b88,1,42,16,reg_atr_change_rate_ts_top60,regime,atr_change_rate,volatility,0
(*)|(loc_dist_ema20_atr_ts_top50==0)|(reg_atr_change_rate_ts_top30==1&reg_atr_change_rate_ts_top40==0&reg_atr_change_rate_ts_top60==0&reg_atr_change_rate_ts_top80==0&reg_atr_compression_ratio_ts_band25_75==1),8ffe27bd6b88,1,42,66,reg_atr_compression_ratio_ts_band25_75,regime,atr_compression_ratio,volatility_term_structure,1
(*)|(loc_dist_ema20_atr_ts_top50==0)|(reg_atr_change_rate_ts_top30==1&reg_atr_change_rate_ts_top40==0&reg_atr_change_rate_ts_top60==0&reg_atr_change_rate_ts_top80==0&reg_atr_compression_ratio_ts_band25_75==1),8ffe27bd6b88,1,42,4,reg_atr_change_rate_ts_top30,regime,atr_change_rate,volatility,1
(*)|(loc_dist_ema20_atr_ts_top50==0)|(reg_atr_change_rate_ts_top30==1&reg_atr_change_rate_ts_top40==0&reg_atr_change_rate_ts_top60==0&reg_atr_change_rate_ts_top80==0&reg_atr_compression_ratio_ts_band25_75==1),8ffe27bd6b88,1,42,8,reg_atr_change_rate_ts_top40,regime,atr_change_rate,volatility,0
(*)|(loc_dist_ema20_atr_ts_top50==0)|(reg_atr_change_rate_ts_top30==1&reg_atr_change_rate_ts_top40==0&reg_atr_change_rate_ts_top60==0&reg_atr_change_rate_ts_top80==0&reg_atr_compression_ratio_ts_band25_75==1),8ffe27bd6b88,1,42,13,loc_dist_ema20_atr_ts_top50,location,dist_ema20_atr,context,0
(*)|(loc_dist_ema20_atr_ts_top50==0)|(reg_atr_change_rate_ts_top30==1&reg_atr_change_rate_ts_top40==1&reg_atr_change_rate_ts_top60==0&reg_atr_change_rate_ts_top80==0&reg_atr_compression_ratio_ts_band25_75==1),dc7bfcf40bea,1,42,24,reg_atr_change_rate_ts_top80,regime,atr_change_rate,volatility,0
(*)|(loc_dist_ema20_atr_ts_top50==0)|(reg_atr_change_rate_ts_top30==1&reg_atr_change_rate_ts_top40==1&reg_atr_change_rate_ts_top60==0&reg_atr_change_rate_ts_top80==0&reg_atr_compression_ratio_ts_band25_75==1),dc7bfcf40bea,1,42,16,reg_atr_change_rate_ts_top60,regime,atr_change_rate,volatility,0
(*)|(loc_dist_ema20_atr_ts_top50==0)|(reg_atr_change_rate_ts_top30==1&reg_atr_change_rate_ts_top40==1&reg_atr_change_rate_ts_top60==0&reg_atr_change_rate_ts_top80==0&reg_atr_compression_ratio_ts_band25_75==1),dc7bfcf40bea,1,42,66,reg_atr_compression_ratio_ts_band25_75,regime,atr_compression_ratio,volatility_term_structure,1
(*)|(loc_dist_ema20_atr_ts_top50==0)|(reg_atr_change_rate_ts_top30==1&reg_atr_change_rate_ts_top40==1&reg_atr_change_rate_ts_top60==0&reg_atr_change_rate_ts_top80==0&reg_atr_compression_ratio_ts_band25_75==1),dc7bfcf40bea,1,42,4,reg_atr_change_rate_ts_top30,regime,atr_change_rate,volatility,1
(*)|(loc_dist_ema20_atr_ts_top50==0)|(reg_atr_change_rate_ts_top30==1&reg_atr_change_rate_ts_top40==1&reg_atr_change_rate_ts_top60==0&reg_atr_change_rate_ts_top80==0&reg_atr_compression_ratio_ts_band25_75==1),dc7bfcf40bea,1,42,8,reg_atr_change_rate_ts_top40,regime,atr_change_rate,volatility,1
(*)|(loc_dist_ema20_atr_ts_top50==0)|(reg_atr_change_rate_ts_top30==1&reg_atr_change_rate_ts_top40==1&reg_atr_change_rate_ts_top60==0&reg_atr_change_rate_ts_top80==0&reg_atr_compression_ratio_ts_band25_75==1),dc7bfcf40bea,1,42,13,loc_dist_ema20_atr_ts_top50,location,dist_ema20_atr,context,0
(*)|(loc_dist_ema20_atr_ts_top50==1)|(reg_atr_change_rate_ts_top60==0&reg_atr_change_rate_ts_top80==0&reg_atr_compression_ratio_ts_band25_75==1),746fe6324e1e,1,42,24,reg_atr_change_rate_ts_top80,regime,atr_change_rate,volatility,0
(*)|(loc_dist_ema20_atr_ts_top50==1)|(reg_atr_change_rate_ts_top60==0&reg_atr_change_rate_ts_top80==0&reg_atr_compression_ratio_ts_band25_75==1),746fe6324e1e,1,42,16,reg_atr_change_rate_ts_top60,regime,atr_change_rate,volatility,0
(*)|(loc_dist_ema20_atr_ts_top50==1)|(reg_atr_change_rate_ts_top60==0&reg_atr_change_rate_ts_top80==0&reg_atr_compression_ratio_ts_band25_75==1),746fe6324e1e,1,42,66,reg_atr_compression_ratio_ts_band25_75,regime,atr_compression_ratio,volatility_term_structure,1
(*)|(loc_dist_ema20_atr_ts_top50==1)|(reg_atr_change_rate_ts_top60==0&reg_atr_change_rate_ts_top80==0&reg_atr_compression_ratio_ts_band25_75==1),746fe6324e1e,1,42,13,loc_dist_ema20_atr_ts_top50,location,dist_ema20_atr,context,1
(*)|(*)|(reg_atr_change_rate_ts_top60==1&reg_atr_change_rate_ts_top80==0&reg_atr_compression_ratio_ts_band25_75==0),bc105c64ce13,1,42,24,reg_atr_change_rate_ts_top80,regime,atr_change_rate,volatility,0
(*)|(*)|(reg_atr_change_rate_ts_top60==1&reg_atr_change_rate_ts_top80==0&reg_atr_compression_ratio_ts_band25_75==0),bc105c64ce13,1,42,16,reg_atr_change_rate_ts_top60,regime,atr_change_rate,volatility,1
(*)|(*)|(reg_atr_change_rate_ts_top60==1&reg_atr_change_rate_ts_top80==0&reg_atr_compression_ratio_ts_band25_75==0),bc105c64ce13,1,42,66,reg_atr_compression_ratio_ts_band25_75,regime,atr_compression_ratio,volatility_term_structure,0
(*)|(*)|(reg_atr_change_rate_ts_top60==1&reg_atr_change_rate_ts_top80==0&reg_atr_compression_ratio_ts_band25_75==1),3e7ea1d79083,1,42,24,reg_atr_change_rate_ts_top80,regime,atr_change_rate,volatility,0
(*)|(*)|(reg_atr_change_rate_ts_top60==1&reg_atr_change_rate_ts_top80==0&reg_atr_compression_ratio_ts_band25_75==1),3e7ea1d79083,1,42,16,reg_atr_change_rate_ts_top60,regime,atr_change_rate,volatility,1
(*)|(*)|(reg_atr_change_rate_ts_top60==1&reg_atr_change_rate_ts_top80==0&reg_atr_compression_ratio_ts_band25_75==1),3e7ea1d79083,1,42,66,reg_atr_compression_ratio_ts_band25_75,regime,atr_compression_ratio,volatility_term_structure,1
(*)|(*)|(reg_atr_change_rate_ts_top80==1),56eeaef83978,1,42,24,reg_atr_change_rate_ts_top80,regime,atr_change_rate,volatility,1
(*)|(*)|(reg_atr_change_rate_ts_band25_75==0&reg_atr_change_rate_ts_top20==1&reg_atr_change_rate_ts_top30==0&reg_atr_change_rate_ts_top80==0),037b7982ca94,2,42,24,reg_atr_change_rate_ts_top80,regime,atr_change_rate,volatility,0
(*)|(*)|(reg_atr_change_rate_ts_band25_75==0&reg_atr_change_rate_ts_top20==1&reg_atr_change_rate_ts_top30==0&reg_atr_change_rate_ts_top80==0),037b7982ca94,2,42,30,reg_atr_change_rate_ts_band25_75,regime,atr_change_rate,volatility,0
(*)|(*)|(reg_atr_change_rate_ts_band25_75==0&reg_atr_change_rate_ts_top20==1&reg_atr_change_rate_ts_top30==0&reg_atr_change_rate_ts_top80==0),037b7982ca94,2,42,0,reg_atr_change_rate_ts_top20,regime,atr_change_rate,volatility,1
(*)|(*)|(reg_atr_change_rate_ts_band25_75==0&reg_atr_change_rate_ts_top20==1&reg_atr_change_rate_ts_top30==0&reg_atr_change_rate_ts_top80==0),037b7982ca94,2,42,4,reg_atr_change_rate_ts_top30,regime,atr_change_rate,volatility,0
(*)|(*)|(reg_atr_change_rate_ts_band25_75==0&reg_atr_change_rate_ts_top20==1&reg_atr_change_rate_ts_top30==1&reg_atr_change_rate_ts_top80==0),8d00fabf71b6,2,42,24,reg_atr_change_rate_ts_top80,regime,atr_change_rate,volatility,0
(*)|(*)|(reg_atr_change_rate_ts_band25_75==0&reg_atr_change_rate_ts_top20==1&reg_atr_change_rate_ts_top30==1&reg_atr_change_rate_ts_top80==0),8d00fabf71b6,2,42,30,reg_atr_change_rate_ts_band25_75,regime,atr_change_rate,volatility,0
(*)|(*)|(reg_atr_change_rate_ts_band25_75==0&reg_atr_change_rate_ts_top20==1&reg_atr_change_rate_ts_top30==1&reg_atr_change_rate_ts_top80==0),8d00fabf71b6,2,42,0,reg_atr_change_rate_ts_top20,regime,atr_change_rate,volatility,1
(*)|(*)|(reg_atr_change_rate_ts_band25_75==0&reg_atr_change_rate_ts_top20==1&reg_atr_change_rate_ts_top30==1&reg_atr_change_rate_ts_top80==0),8d00fabf71b6,2,42,4,reg_atr_change_rate_ts_top30,regime,atr_change_rate,volatility,1
(*)|(loc_dist_ema20_atr_ts_top40==0)|(reg_atr_change_rate_ts_band25_75==1&reg_atr_change_rate_ts_top30==0&reg_atr_change_rate_ts_top50==0&reg_atr_change_rate_ts_top80==0),7d53a45178a7,2,42,24,reg_atr_change_rate_ts_top80,regime,atr_change_rate,volatility,0
(*)|(loc_dist_ema20_atr_ts_top40==0)|(reg_atr_change_rate_ts_band25_75==1&reg_atr_change_rate_ts_top30==0&reg_atr_change_rate_ts_top50==0&reg_atr_change_rate_ts_top80==0),7d53a45178a7,2,42,30,reg_atr_change_rate_ts_band25_75,regime,atr_change_rate,volatility,1
(*)|(loc_dist_ema20_atr_ts_top40==0)|(reg_atr_change_rate_ts_band25_75==1&reg_atr_change_rate_ts_top30==0&reg_atr_change_rate_ts_top50==0&reg_atr_change_rate_ts_top80==0),7d53a45178a7,2,42,12,reg_atr_change_rate_ts_top50,regime,atr_change_rate,volatility,0
(*)|(loc_dist_ema20_atr_ts_top40==0)|(reg_atr_change_rate_ts_band25_75==1&reg_atr_change_rate_ts_top30==0&reg_atr_change_rate_ts_top50==0&reg_atr_change_rate_ts_top80==0),7d53a45178a7,2,42,4,reg_atr_change_rate_ts_top30,regime,atr_change_rate,volatility,0
(*)|(loc_dist_ema20_atr_ts_top40==0)|(reg_atr_change_rate_ts_band25_75==1&reg_atr_change_rate_ts_top30==0&reg_atr_change_rate_ts_top50==0&reg_atr_change_rate_ts_top80==0),7d53a45178a7,2,42,9,loc_dist_ema20_atr_ts_top40,location,dist_ema20_atr,context,0
(*)|(loc_dist_ema20_atr_ts_top40==0)|(reg_atr_change_rate_ts_band25_75==1&reg_atr_change_rate_ts_top30==1&reg_atr_change_rate_ts_top50==0&reg_atr_change_rate_ts_top80==0),0fe9966f78bd,2,42,24,reg_atr_change_rate_ts_top80,regime,atr_change_rate,volatility,0
(*)|(loc_dist_ema20_atr_ts_top40==0)|(reg_atr_change_rate_ts_band25_75==1&reg_atr_change_rate_ts_top30==1&reg_atr_change_rate_ts_top50==0&reg_atr_change_rate_ts_top80==0),0fe9966f78bd,2,42,30,reg_atr_change_rate_ts_band25_75,regime,atr_change_rate,volatility,1
(*)|(loc_dist_ema20_atr_ts_top40==0)|(reg_atr_change_rate_ts_band25_75==1&reg_atr_change_rate_ts_top30==1&reg_atr_change_rate_ts_top50==0&reg_atr_change_rate_ts_top80==0),0fe9966f78bd,2,42,12,reg_atr_change_rate_ts_top50,regime,atr_change_rate,volatility,0
(*)|(loc_dist_ema20_atr_ts_top40==0)|(reg_atr_change_rate_ts_band25_75==1&reg_atr_change_rate_ts_top30==1&reg_atr_change_rate_ts_top50==0&reg_atr_change_rate_ts_top80==0),0fe9966f78bd,2,42,4,reg_atr_change_rate_ts_top30,regime,atr_change_rate,volatility,1
(*)|(loc_dist_ema20_atr_ts_top40==0)|(reg_atr_change_rate_ts_band25_75==1&reg_atr_change_rate_ts_top30==1&reg_atr_change_rate_ts_top50==0&reg_atr_change_rate_ts_top80==0),0fe9966f78bd,2,42,9,loc_dist_ema20_atr_ts_top40,location,dist_ema20_atr,context,0
(*)|(loc_dist_ema20_atr_ts_top40==1)|(reg_atr_change_rate_ts_band25_75==1&reg_atr_change_rate_ts_top50==0&reg_atr_change_rate_ts_top80==0),1b5e9ec5781f,2,42,24,reg_atr_change_rate_ts_top80,regime,atr_change_rate,volatility,0
(*)|(loc_dist_ema20_atr_ts_top40==1)|(reg_atr_change_rate_ts_band25_75==1&reg_atr_change_rate_ts_top50==0&reg_atr_change_rate_ts_top80==0),1b5e9ec5781f,2,42,30,reg_atr_change_rate_ts_band25_75,regime,atr_change_rate,volatility,1
(*)|(loc_dist_ema20_atr_ts_top40==1)|(reg_atr_change_rate_ts_band25_75==1&reg_atr_change_rate_ts_top50==0&reg_atr_change_rate_ts_top80==0),1b5e9ec5781f,2,42,12,reg_atr_change_rate_ts_top50,regime,atr_change_rate,volatility,0
(*)|(loc_dist_ema20_atr_ts_top40==1)|(reg_atr_change_rate_ts_band25_75==1&reg_atr_change_rate_ts_top50==0&reg_atr_change_rate_ts_top80==0),1b5e9ec5781f,2,42,9,loc_dist_ema20_atr_ts_top40,location,dist_ema20_atr,context,1
(*)|(*)|(reg_atr_change_rate_ts_band25_75==1&reg_atr_change_rate_ts_top50==1&reg_atr_change_rate_ts_top60==0&reg_atr_change_rate_ts_top70==0&reg_atr_change_rate_ts_top80==0),69de3bf5edb6,2,42,24,reg_atr_change_rate_ts_top80,regime,atr_change_rate,volatility,0
(*)|(*)|(reg_atr_change_rate_ts_band25_75==1&reg_atr_change_rate_ts_top50==1&reg_atr_change_rate_ts_top60==0&reg_atr_change_rate_ts_top70==0&reg_atr_change_rate_ts_top80==0),69de3bf5edb6,2,42,30,reg_atr_change_rate_ts_band25_75,regime,atr_change_rate,volatility,1
(*)|(*)|(reg_atr_change_rate_ts_band25_75==1&reg_atr_change_rate_ts_top50==1&reg_atr_change_rate_ts_top60==0&reg_atr_change_rate_ts_top70==0&reg_atr_change_rate_ts_top80==0),69de3bf5edb6,2,42,12,reg_atr_change_rate_ts_top50,regime,atr_change_rate,volatility,1
(*)|(*)|(reg_atr_change_rate_ts_band25_75==1&reg_atr_change_rate_ts_top50==1&reg_atr_change_rate_ts_top60==0&reg_atr_change_rate_ts_top70==0&reg_atr_change_rate_ts_top80==0),69de3bf5edb6,2,42,20,reg_atr_change_rate_ts_top70,regime,atr_change_rate,volatility,0
(*)|(*)|(reg_atr_change_rate_ts_band25_75==1&reg_atr_change_rate_ts_top50==1&reg_atr_change_rate_ts_top60==0&reg_atr_change_rate_ts_top70==0&reg_atr_change_rate_ts_top80==0),69de3bf5edb6,2,42,16,reg_atr_change_rate_ts_top60,regime,atr_change_rate,volatility,0
(*)|(*)|(reg_atr_change_rate_ts_band25_75==1&reg_atr_change_rate_ts_top50==1&reg_atr_change_rate_ts_top60==1&reg_atr_change_rate_ts_top70==0&reg_atr_change_rate_ts_top80==0),88fd730aa9a6,2,42,24,reg_atr_change_rate_ts_top80,regime,atr_change_rate,volatility,0
(*)|(*)|(reg_atr_change_rate_ts_band25_75==1&reg_atr_change_rate_ts_top50==1&reg_atr_change_rate_ts_top60==1&reg_atr_change_rate_ts_top70==0&reg_atr_change_rate_ts_top80==0),88fd730aa9a6,2,42,30,reg_atr_change_rate_ts_band25_75,regime,atr_change_rate,volatility,1
(*)|(*)|(reg_atr_change_rate_ts_band25_75==1&reg_atr_change_rate_ts_top50==1&reg_atr_change_rate_ts_top60==1&reg_atr_change_rate_ts_top70==0&reg_atr_change_rate_ts_top80==0),88fd730aa9a6,2,42,12,reg_atr_change_rate_ts_top50,regime,atr_change_rate,volatility,1
(*)|(*)|(reg_atr_change_rate_ts_band25_75==1&reg_atr_change_rate_ts_top50==1&reg_atr_change_rate_ts_top60==1&reg_atr_change_rate_ts_top70==0&reg_atr_change_rate_ts_top80==0),88fd730aa9a6,2,42,20,reg_atr_change_rate_ts_top70,regime,atr_change_rate,volatility,0
(*)|(*)|(reg_atr_change_rate_ts_band25_75==1&reg_atr_change_rate_ts_top50==1&reg_atr_change_rate_ts_top60==1&reg_atr_change_rate_ts_top70==0&reg_atr_change_rate_ts_top80==0),88fd730aa9a6,2,42,16,reg_atr_change_rate_ts_top60,regime,atr_change_rate,volatility,1
(*)|(*)|(reg_atr_change_rate_ts_band25_75==1&reg_atr_change_rate_ts_top50==1&reg_atr_change_rate_ts_top70==1&reg_atr_change_rate_ts_top80==0),fd97a7785f83,2,42,24,reg_atr_change_rate_ts_top80,regime,atr_change_rate,volatility,0
(*)|(*)|(reg_atr_change_rate_ts_band25_75==1&reg_atr_change_rate_ts_top50==1&reg_atr_change_rate_ts_top70==1&reg_atr_change_rate_ts_top80==0),fd97a7785f83,2,42,30,reg_atr_change_rate_ts_band25_75,regime,atr_change_rate,volatility,1
(*)|(*)|(reg_atr_change_rate_ts_band25_75==1&reg_atr_change_rate_ts_top50==1&reg_atr_change_rate_ts_top70==1&reg_atr_change_rate_ts_top80==0),fd97a7785f83,2,42,12,reg_atr_change_rate_ts_top50,regime,atr_change_rate,volatility,1
(*)|(*)|(reg_atr_change_rate_ts_band25_75==1&reg_atr_change_rate_ts_top50==1&reg_atr_change_rate_ts_top70==1&reg_atr_change_rate_ts_top80==0),fd97a7785f83,2,42,20,reg_atr_change_rate_ts_top70,regime,atr_change_rate,volatility,1
(*)|(*)|(reg_atr_change_rate_ts_top80==1),a8cc9069051a,2,42,24,reg_atr_change_rate_ts_top80,regime,atr_change_rate,volatility,1
(*)|(loc_dist_ema20_atr_ts_top20==1)|(reg_atr_change_rate_ts_band25_75==0&reg_atr_change_rate_ts_band40_60==0&reg_atr_change_rate_ts_top70==0&reg_atr_change_rate_ts_top80==0),1fa591e0bd03,2,42,24,reg_atr_change_rate_ts_top80,regime,atr_change_rate,volatility,0
(*)|(loc_dist_ema20_atr_ts_top20==1)|(reg_atr_change_rate_ts_band25_75==0&reg_atr_change_rate_ts_band40_60==0&reg_atr_change_rate_ts_top70==0&reg_atr_change_rate_ts_top80==0),1fa591e0bd03,2,42,20,reg_atr_change_rate_ts_top70,regime,atr_change_rate,volatility,0
(*)|(loc_dist_ema20_atr_ts_top20==1)|(reg_atr_change_rate_ts_band25_75==0&reg_atr_change_rate_ts_band40_60==0&reg_atr_change_rate_ts_top70==0&reg_atr_change_rate_ts_top80==0),1fa591e0bd03,2,42,34,reg_atr_change_rate_ts_band40_60,regime,atr_change_rate,volatility,0
(*)|(loc_dist_ema20_atr_ts_top20==1)|(reg_atr_change_rate_ts_band25_75==0&reg_atr_change_rate_ts_band40_60==0&reg_atr_change_rate_ts_top70==0&reg_atr_change_rate_ts_top80==0),1fa591e0bd03,2,42,30,reg_atr_change_rate_ts_band25_75,regime,atr_change_rate,volatility,0
(*)|(loc_dist_ema20_atr_ts_top20==1)|(reg_atr_change_rate_ts_band25_75==0&reg_atr_change_rate_ts_band40_60==0&reg_atr_change_rate_ts_top70==0&reg_atr_change_rate_ts_top80==0),1fa591e0bd03,2,42,1,loc_dist_ema20_atr_ts_top20,location,dist_ema20_atr,context,1
(*)|(loc_dist_ema20_atr_ts_top30==0)|(reg_atr_change_rate_ts_band25_75==1&reg_atr_change_rate_ts_band40_60==0&reg_atr_change_rate_ts_top70==0&reg_atr_change_rate_ts_top80==0),7829a5014161,2,42,24,reg_atr_change_rate_ts_top80,regime,atr_change_rate,volatility,0
(*)|(loc_dist_ema20_atr_ts_top30==0)|(reg_atr_change_rate_ts_band25_75==1&reg_atr_change_rate_ts_band40_60==0&reg_atr_change_rate_ts_top70==0&reg_atr_change_rate_ts_top80==0),7829a5014161,2,42,20,reg_atr_change_rate_ts_top70,regime,atr_change_rate,volatility,0
(*)|(loc_dist_ema20_atr_ts_top30==0)|(reg_atr_change_rate_ts_band25_75==1&reg_atr_change_rate_ts_band40_60==0&reg_atr_change_rate_ts_top70==0&reg_atr_change_rate_ts_top80==0),7829a5014161,2,42,34,reg_atr_change_rate_ts_band40_60,regime,atr_change_rate,volatility,0
(*)|(loc_dist_ema20_atr_ts_top30==0)|(reg_atr_change_rate_ts_band25_75==1&reg_atr_change_rate_ts_band40_60==0&reg_atr_change_rate_ts_top70==0&reg_atr_change_rate_ts_top80==0),7829a5014161,2,42,30,reg_atr_change_rate_ts_band25_75,regime,atr_change_rate,volatility,1
(*)|(loc_dist_ema20_atr_ts_top30==0)|(reg_atr_change_rate_ts_band25_75==1&reg_atr_change_rate_ts_band40_60==0&reg_atr_change_rate_ts_top70==0&reg_atr_change_rate_ts_top80==0),7829a5014161,2,42,5,loc_dist_ema20_atr_ts_top30,location,dist_ema20_atr,context,0
(*)|(loc_dist_ema20_atr_ts_top30==1)|(reg_atr_change_rate_ts_band25_75==1&reg_atr_change_rate_ts_band40_60==0&reg_atr_change_rate_ts_top40==0&reg_atr_change_rate_ts_top70==0&reg_atr_change_rate_ts_top80==0),2e5be1eebed9,2,42,24,reg_atr_change_rate_ts_top80,regime,atr_change_rate,volatility,0
(*)|(loc_dist_ema20_atr_ts_top30==1)|(reg_atr_change_rate_ts_band25_75==1&reg_atr_change_rate_ts_band40_60==0&reg_atr_change_rate_ts_top40==0&reg_atr_change_rate_ts_top70==0&reg_atr_change_rate_ts_top80==0),2e5be1eebed9,2,42,20,reg_atr_change_rate_ts_top70,regime,atr_change_rate,volatility,0
(*)|(loc_dist_ema20_atr_ts_top30==1)|(reg_atr_change_rate_ts_band25_75==1&reg_atr_change_rate_ts_band40_60==0&reg_atr_change_rate_ts_top40==0&reg_atr_change_rate_ts_top70==0&reg_atr_change_rate_ts_top80==0),2e5be1eebed9,2,42,34,reg_atr_change_rate_ts_band40_60,regime,atr_change_rate,volatility,0
(*)|(loc_dist_ema20_atr_ts_top30==1)|(reg_atr_change_rate_ts_band25_75==1&reg_atr_change_rate_ts_band40_60==0&reg_atr_change_rate_ts_top40==0&reg_atr_change_rate_ts_top70==0&reg_atr_change_rate_ts_top80==0),2e5be1eebed9,2,42,30,reg_atr_change_rate_ts_band25_75,regime,atr_change_rate,volatility,1
(*)|(loc_dist_ema20_atr_ts_top30==1)|(reg_atr_change_rate_ts_band25_75==1&reg_atr_change_rate_ts_band40_60==0&reg_atr_change_rate_ts_top40==0&reg_atr_change_rate_ts_top70==0&reg_atr_change_rate_ts_top80==0),2e5be1eebed9,2,42,8,reg_atr_change_rate_ts_top40,regime,atr_change_rate,volatility,0
(*)|(loc_dist_ema20_atr_ts_top30==1)|(reg_atr_change_rate_ts_band25_75==1&reg_atr_change_rate_ts_band40_60==0&reg_atr_change_rate_ts_top40==0&reg_atr_change_rate_ts_top70==0&reg_atr_change_rate_ts_top80==0),2e5be1eebed9,2,42,5,loc_dist_ema20_atr_ts_top30,location,dist_ema20_atr,context,1
(*)|(loc_dist_ema20_atr_ts_top30==1)|(reg_atr_change_rate_ts_band25_75==1&reg_atr_change_rate_ts_band40_60==0&reg_atr_change_rate_ts_top40==1&reg_atr_change_rate_ts_top70==0&reg_atr_change_rate_ts_top80==0),2310ead836d8,2,42,24,reg_atr_change_rate_ts_top80,regime,atr_change_rate,volatility,0
(*)|(loc_dist_ema20_atr_ts_top30==1)|(reg_atr_change_rate_ts_band25_75==1&reg_atr_change_rate_ts_band40_60==0&reg_atr_change_rate_ts_top40==1&reg_atr_change_rate_ts_top70==0&reg_atr_change_rate_ts_top80==0),2310ead836d8,2,42,20,reg_atr_change_rate_ts_top70,regime,atr_change_rate,volatility,0
(*)|(loc_dist_ema20_atr_ts_top30==1)|(reg_atr_change_rate_ts_band25_75==1&reg_atr_change_rate_ts_band40_60==0&reg_atr_change_rate_ts_top40==1&reg_atr_change_rate_ts_top70==0&reg_atr_change_rate_ts_top80==0),2310ead836d8,2,42,34,reg_atr_change_rate_ts_band40_60,regime,atr_change_rate,volatility,0
(*)|(loc_dist_ema20_atr_ts_top30==1)|(reg_atr_change_rate_ts_band25_75==1&reg_atr_change_rate_ts_band40_60==0&reg_atr_change_rate_ts_top40==1&reg_atr_change_rate_ts_top70==0&reg_atr_change_rate_ts_top80==0),2310ead836d8,2,42,30,reg_atr_change_rate_ts_band25_75,regime,atr_change_rate,volatility,1
(*)|(loc_dist_ema20_atr_ts_top30==1)|(reg_atr_change_rate_ts_band25_75==1&reg_atr_change_rate_ts_band40_60==0&reg_atr_change_rate_ts_top40==1&reg_atr_change_rate_ts_top70==0&reg_atr_change_rate_ts_top80==0),2310ead836d8,2,42,8,reg_atr_change_rate_ts_top40,regime,atr_change_rate,volatility,1
(*)|(loc_dist_ema20_atr_ts_top30==1)|(reg_atr_change_rate_ts_band25_75==1&reg_atr_change_rate_ts_band40_60==0&reg_atr_change_rate_ts_top40==1&reg_atr_change_rate_ts_top70==0&reg_atr_change_rate_ts_top80==0),2310ead836d8,2,42,5,loc_dist_ema20_atr_ts_top30,location,dist_ema20_atr,context,1
(*)|(*)|(reg_atr_change_rate_ts_band40_60==1&reg_atr_change_rate_ts_top50==0&reg_atr_change_rate_ts_top70==0&reg_atr_change_rate_ts_top80==0),18cbfaebda70,2,42,24,reg_atr_change_rate_ts_top80,regime,atr_change_rate,volatility,0
(*)|(*)|(reg_atr_change_rate_ts_band40_60==1&reg_atr_change_rate_ts_top50==0&reg_atr_change_rate_ts_top70==0&reg_atr_change_rate_ts_top80==0),18cbfaebda70,2,42,20,reg_atr_change_rate_ts_top70,regime,atr_change_rate,volatility,0
(*)|(*)|(reg_atr_change_rate_ts_band40_60==1&reg_atr_change_rate_ts_top50==0&reg_atr_change_rate_ts_top70==0&reg_atr_change_rate_ts_top80==0),18cbfaebda70,2,42,34,reg_atr_change_rate_ts_band40_60,regime,atr_change_rate,volatility,1
(*)|(*)|(reg_atr_change_rate_ts_band40_60==1&reg_atr_change_rate_ts_top50==0&reg_atr_change_rate_ts_top70==0&reg_atr_change_rate_ts_top80==0),18cbfaebda70,2,42,12,reg_atr_change_rate_ts_top50,regime,atr_change_rate,volatility,0
(*)|(*)|(reg_atr_change_rate_ts_band40_60==1&reg_atr_change_rate_ts_top50==1&reg_atr_change_rate_ts_top70==0&reg_atr_change_rate_ts_top80==0),22545d52eff6,2,42,24,reg_atr_change_rate_ts_top80,regime,atr_change_rate,volatility,0
(*)|(*)|(reg_atr_change_rate_ts_band40_60==1&reg_atr_change_rate_ts_top50==1&reg_atr_change_rate_ts_top70==0&reg_atr_change_rate_ts_top80==0),22545d52eff6,2,42,20,reg_atr_change_rate_ts_top70,regime,atr_change_rate,volatility,0
(*)|(*)|(reg_atr_change_rate_ts_band40_60==1&reg_atr_change_rate_ts_top50==1&reg_atr_change_rate_ts_top70==0&reg_atr_change_rate_ts_top80==0),22545d52eff6,2,42,34,reg_atr_change_rate_ts_band40_60,regime,atr_change_rate,volatility,1
(*)|(*)|(reg_atr_change_rate_ts_band40_60==1&reg_atr_change_rate_ts_top50==1&reg_atr_change_rate_ts_top70==0&reg_atr_change_rate_ts_top80==0),22545d52eff6,2,42,12,reg_atr_change_rate_ts_top50,regime,atr_change_rate,volatility,1
(*)|(*)|(reg_atr_change_rate_ts_band25_75==0&reg_atr_change_rate_ts_top70==1&reg_atr_change_rate_ts_top80==0),f81f905655dc,2,42,24,reg_atr_change_rate_ts_top80,regime,atr_change_rate,volatility,0
(*)|(*)|(reg_atr_change_rate_ts_band25_75==0&reg_atr_change_rate_ts_top70==1&reg_atr_change_rate_ts_top80==0),f81f905655dc,2,42,20,reg_atr_change_rate_ts_top70,regime,atr_change_rate,volatility,1
(*)|(*)|(reg_atr_change_rate_ts_band25_75==0&reg_atr_change_rate_ts_top70==1&reg_atr_change_rate_ts_top80==0),f81f905655dc,2,42,30,reg_atr_change_rate_ts_band25_75,regime,atr_change_rate,volatility,0
(*)|(*)|(reg_atr_change_rate_ts_band25_75==1&reg_atr_change_rate_ts_top70==1&reg_atr_change_rate_ts_top80==0),be1c671c632a,2,42,24,reg_atr_change_rate_ts_top80,regime,atr_change_rate,volatility,0
(*)|(*)|(reg_atr_change_rate_ts_band25_75==1&reg_atr_change_rate_ts_top70==1&reg_atr_change_rate_ts_top80==0),be1c671c632a,2,42,20,reg_atr_change_rate_ts_top70,regime,atr_change_rate,volatility,1
(*)|(*)|(reg_atr_change_rate_ts_band25_75==1&reg_atr_change_rate_ts_top70==1&reg_atr_change_rate_ts_top80==0),be1c671c632a,2,42,30,reg_atr_change_rate_ts_band25_75,regime,atr_change_rate,volatility,1
(*)|(*)|(reg_atr_change_rate_ts_top80==1),ea87dacad3ed,2,42,24,reg_atr_change_rate_ts_top80,regime,atr_change_rate,volatility,1
(*)|(loc_dist_ema20_atr_ts_top40==0)|(reg_atr_change_rate_ts_band25_75==0&reg_atr_change_rate_ts_top20==1&reg_atr_change_rate_ts_top60==0&reg_atr_change_rate_ts_top80==0),f892086ac80c,2,42,24,reg_atr_change_rate_ts_top80,regime,atr_change_rate,volatility,0
(*)|(loc_dist_ema20_atr_ts_top40==0)|(reg_atr_change_rate_ts_band25_75==0&reg_atr_change_rate_ts_top20==1&reg_atr_change_rate_ts_top60==0&reg_atr_change_rate_ts_top80==0),f892086ac80c,2,42,16,reg_atr_change_rate_ts_top60,regime,atr_change_rate,volatility,0
(*)|(loc_dist_ema20_atr_ts_top40==0)|(reg_atr_change_rate_ts_band25_75==0&reg_atr_change_rate_ts_top20==1&reg_atr_change_rate_ts_top60==0&reg_atr_change_rate_ts_top80==0),f892086ac80c,2,42,30,reg_atr_change_rate_ts_band25_75,regime,atr_change_rate,volatility,0
(*)|(loc_dist_ema20_atr_ts_top40==0)|(reg_atr_change_rate_ts_band25_75==0&reg_atr_change_rate_ts_top20==1&reg_atr_change_rate_ts_top60==0&reg_atr_change_rate_ts_top80==0),f892086ac80c,2,42,0,reg_atr_change_rate_ts_top20,regime,atr_change_rate,volatility,1
(*)|(loc_dist_ema20_atr_ts_top40==0)|(reg_atr_change_rate_ts_band25_75==0&reg_atr_change_rate_ts_top20==1&reg_atr_change_rate_ts_top60==0&reg_atr_change_rate_ts_top80==0),f892086ac80c,2,42,9,loc_dist_ema20_atr_ts_top40,location,dist_ema20_atr,context,0
(*)|(loc_dist_ema20_atr_ts_top40==0)|(reg_atr_change_rate_ts_band25_75==1&reg_atr_change_rate_ts_top30==0&reg_atr_change_rate_ts_top60==0&reg_atr_change_rate_ts_top80==0),b67947023453,2,42,24,reg_atr_change_rate_ts_top80,regime,atr_change_rate,volatility,0
(*)|(loc_dist_ema20_atr_ts_top40==0)|(reg_atr_change_rate_ts_band25_75==1&reg_atr_change_rate_ts_top30==0&reg_atr_change_rate_ts_top60==0&reg_atr_change_rate_ts_top80==0),b67947023453,2,42,16,reg_atr_change_rate_ts_top60,regime,atr_change_rate,volatility,0
(*)|(loc_dist_ema20_atr_ts_top40==0)|(reg_atr_change_rate_ts_band25_75==1&reg_atr_change_rate_ts_top30==0&reg_atr_change_rate_ts_top60==0&reg_atr_change_rate_ts_top80==0),b67947023453,2,42,30,reg_atr_change_rate_ts_band25_75,regime,atr_change_rate,volatility,1
(*)|(loc_dist_ema20_atr_ts_top40==0)|(reg_atr_change_rate_ts_band25_75==1&reg_atr_change_rate_ts_top30==0&reg_atr_change_rate_ts_top60==0&reg_atr_change_rate_ts_top80==0),b67947023453,2,42,4,reg_atr_change_rate_ts_top30,regime,atr_change_rate,volatility,0
(*)|(loc_dist_ema20_atr_ts_top40==0)|(reg_atr_change_rate_ts_band25_75==1&reg_atr_change_rate_ts_top30==0&reg_atr_change_rate_ts_top60==0&reg_atr_change_rate_ts_top80==0),b67947023453,2,42,9,loc_dist_ema20_atr_ts_top40,location,dist_ema20_atr,context,0
(*)|(loc_dist_ema20_atr_ts_top40==0)|(reg_atr_change_rate_ts_band25_75==1&reg_atr_change_rate_ts_top30==1&reg_atr_change_rate_ts_top60==0&reg_atr_change_rate_ts_top80==0),24371697a0e8,2,42,24,reg_atr_change_rate_ts_top80,regime,atr_change_rate,volatility,0
(*)|(loc_dist_ema20_atr_ts_top40==0)|(reg_atr_change_rate_ts_band25_75==1&reg_atr_change_rate_ts_top30==1&reg_atr_change_rate_ts_top60==0&reg_atr_change_rate_ts_top80==0),24371697a0e8,2,42,16,reg_atr_change_rate_ts_top60,regime,atr_change_rate,volatility,0
(*)|(loc_dist_ema20_atr_ts_top40==0)|(reg_atr_change_rate_ts_band25_75==1&reg_atr_change_rate_ts_top30==1&reg_atr_change_rate_ts_top60==0&reg_atr_change_rate_ts_top80==0),24371697a0e8,2,42,30,reg_atr_change_rate_ts_band25_75,regime,atr_change_rate,volatility,1
(*)|(loc_dist_ema20_atr_ts_top40==0)|(reg_atr_change_rate_ts_band25_75==1&reg_atr_change_rate_ts_top30==1&reg_atr_change_rate_ts_top60==0&reg_atr_change_rate_ts_top80==0),24371697a0e8,2,42,4,reg_atr_change_rate_ts_top30,regime,atr_change_rate,volatility,1
(*)|(loc_dist_ema20_atr_ts_top40==0)|(reg_atr_change_rate_ts_band25_75==1&reg_atr_change_rate_ts_top30==1&reg_atr_change_rate_ts_top60==0&reg_atr_change_rate_ts_top80==0),24371697a0e8,2,42,9,loc_dist_ema20_atr_ts_top40,location,dist_ema20_atr,context,0
(*)|(loc_dist_ema20_atr_ts_top40==1)|(reg_atr_change_rate_ts_top50==0&reg_atr_change_rate_ts_top60==0&reg_atr_change_rate_ts_top80==0),a66289e75799,2,42,24,reg_atr_change_rate_ts_top80,regime,atr_change_rate,volatility,0
(*)|(loc_dist_ema20_atr_ts_top40==1)|(reg_atr_change_rate_ts_top50==0&reg_atr_change_rate_ts_top60==0&reg_atr_change_rate_ts_top80==0),a66289e75799,2,42,16,reg_atr_change_rate_ts_top60,regime,atr_change_rate,volatility,0
(*)|(loc_dist_ema20_atr_ts_top40==1)|(reg_atr_change_rate_ts_top50==0&reg_atr_change_rate_ts_top60==0&reg_atr_change_rate_ts_top80==0),a66289e75799,2,42,12,reg_atr_change_rate_ts_top50,regime,atr_change_rate,volatility,0
(*)|(loc_dist_ema20_atr_ts_top40==1)|(reg_atr_change_rate_ts_top50==0&reg_atr_change_rate_ts_top60==0&reg_atr_change_rate_ts_top80==0),a66289e75799,2,42,9,loc_dist_ema20_atr_ts_top40,location,dist_ema20_atr,context,1
(*)|(loc_dist_ema20_atr_ts_top40==1)|(reg_atr_change_rate_ts_top50==1&reg_atr_change_rate_ts_top60==0&reg_atr_change_rate_ts_top80==0),d332e9f06b19,2,42,24,reg_atr_change_rate_ts_top80,regime,atr_change_rate,volatility,0
(*)|(loc_dist_ema20_atr_ts_top40==1)|(reg_atr_change_rate_ts_top50==1&reg_atr_change_rate_ts_top60==0&reg_atr_change_rate_ts_top80==0),d332e9f06b19,2,42,16,reg_atr_change_rate_ts_top60,regime,atr_change_rate,volatility,0
(*)|(loc_dist_ema20_atr_ts_top40==1)|(reg_atr_change_rate_ts_top50==1&reg_atr_change_rate_ts_top60==0&reg_atr_change_rate_ts_top80==0),d332e9f06b19,2,42,12,reg_atr_change_rate_ts_top50,regime,atr_change_rate,volatility,1
(*)|(loc_dist_ema20_atr_ts_top40==1)|(reg_atr_change_rate_ts_top50==1&reg_atr_change_rate_ts_top60==0&reg_atr_change_rate_ts_top80==0),d332e9f06b19,2,42,9,loc_dist_ema20_atr_ts_top40,location,dist_ema20_atr,context,1
(*)|(*)|(reg_atr_change_rate_ts_top60==1&reg_atr_change_rate_ts_top70==0&reg_atr_change_rate_ts_top80==0),8be35ac25a47,2,42,24,reg_atr_change_rate_ts_top80,regime,atr_change_rate,volatility,0
(*)|(*)|(reg_atr_change_rate_ts_top60==1&reg_atr_change_rate_ts_top70==0&reg_atr_change_rate_ts_top80==0),8be35ac25a47,2,42,16,reg_atr_change_rate_ts_top60,regime,atr_change_rate,volatility,1
(*)|(*)|(reg_atr_change_rate_ts_top60==1&reg_atr_change_rate_ts_top70==0&reg_atr_change_rate_ts_top80==0),8be35ac25a47,2,42,20,reg_atr_change_rate_ts_top70,regime,atr_change_rate,volatility,0
(*)|(*)|(reg_atr_change_rate_ts_band25_75==0&reg_atr_change_rate_ts_top60==1&reg_atr_change_rate_ts_top70==1&reg_atr_change_rate_ts_top80==0),577cae69ecd4,2,42,24,reg_atr_change_rate_ts_top80,regime,atr_change_rate,volatility,0
(*)|(*)|(reg_atr_change_rate_ts_band25_75==0&reg_atr_change_rate_ts_top60==1&reg_atr_change_rate_ts_top70==1&reg_atr_change_rate_ts_top80==0),577cae69ecd4,2,42,16,reg_atr_change_rate_ts_top60,regime,atr_change_rate,volatility,1
(*)|(*)|(reg_atr_change_rate_ts_band25_75==0&reg_atr_change_rate_ts_top60==1&reg_atr_change_rate_ts_top70==1&reg_atr_change_rate_ts_top80==0),577cae69ecd4,2,42,20,reg_atr_change_rate_ts_top70,regime,atr_change_rate,volatility,1
(*)|(*)|(reg_atr_change_rate_ts_band25_75==0&reg_atr_change_rate_ts_top60==1&reg_atr_change_rate_ts_top70==1&reg_atr_change_rate_ts_top80==0),577cae69ecd4,2,42,30,reg_atr_change_rate_ts_band25_75,regime,atr_change_rate,volatility,0
(*)|(*)|(reg_atr_change_rate_ts_band25_75==1&reg_atr_change_rate_ts_top60==1&reg_atr_change_rate_ts_top70==1&reg_atr_change_rate_ts_top80==0),212f8841eb42,2,42,24,reg_atr_change_rate_ts_top80,regime,atr_change_rate,volatility,0
(*)|(*)|(reg_atr_change_rate_ts_band25_75==1&reg_atr_change_rate_ts_top60==1&reg_atr_change_rate_ts_top70==1&reg_atr_change_rate_ts_top80==0),212f8841eb42,2,42,16,reg_atr_change_rate_ts_top60,regime,atr_change_rate,volatility,1
(*)|(*)|(reg_atr_change_rate_ts_band25_75==1&reg_atr_change_rate_ts_top60==1&reg_atr_change_rate_ts_top70==1&reg_atr_change_rate_ts_top80==0),212f8841eb42,2,42,20,reg_atr_change_rate_ts_top70,regime,atr_change_rate,volatility,1
(*)|(*)|(reg_atr_change_rate_ts_band25_75==1&reg_atr_change_rate_ts_top60==1&reg_atr_change_rate_ts_top70==1&reg_atr_change_rate_ts_top80==0),212f8841eb42,2,42,30,reg_atr_change_rate_ts_band25_75,regime,atr_change_rate,volatility,1
(*)|(*)|(reg_atr_change_rate_ts_top80==1),fc8f9fd29d08,2,42,24,reg_atr_change_rate_ts_top80,regime,atr_change_rate,volatility,1
(*)|(*)|(reg_atr_change_rate_ts_band25_75==0&reg_atr_change_rate_ts_bot20==1&reg_atr_change_rate_ts_top70==0&reg_atr_change_rate_ts_top80==0),bc30489cb782,2,42,24,reg_atr_change_rate_ts_top80,regime,atr_change_rate,volatility,0
(*)|(*)|(reg_atr_change_rate_ts_band25_75==0&reg_atr_change_rate_ts_bot20==1&reg_atr_change_rate_ts_top70==0&reg_atr_change_rate_ts_top80==0),bc30489cb782,2,42,20,reg_atr_change_rate_ts_top70,regime,atr_change_rate,volatility,0
(*)|(*)|(reg_atr_change_rate_ts_band25_75==0&reg_atr_change_rate_ts_bot20==1&reg_atr_change_rate_ts_top70==0&reg_atr_change_rate_ts_top80==0),bc30489cb782,2,42,30,reg_atr_change_rate_ts_band25_75,regime,atr_change_rate,volatility,0
(*)|(*)|(reg_atr_change_rate_ts_band25_75==0&reg_atr_change_rate_ts_bot20==1&reg_atr_change_rate_ts_top70==0&reg_atr_change_rate_ts_top80==0),bc30489cb782,2,42,2,reg_atr_change_rate_ts_bot20,regime,atr_change_rate,volatility,1
(*)|(loc_dist_ema20_atr_ts_top40==0&loc_dist_ema50_atr_ts_top50==0)|(reg_atr_change_rate_ts_band25_75==1&reg_atr_change_rate_ts_top60==0&reg_atr_change_rate_ts_top70==0&reg_atr_change_rate_ts_top80==0),c831d1338d73,2,42,24,reg_atr_change_rate_ts_top80,regime,atr_change_rate,volatility,0
(*)|(loc_dist_ema20_atr_ts_top40==0&loc_dist_ema50_atr_ts_top50==0)|(reg_atr_change_rate_ts_band25_75==1&reg_atr_change_rate_ts_top60==0&reg_atr_change_rate_ts_top70==0&reg_atr_change_rate_ts_top80==0),c831d1338d73,2,42,20,reg_atr_change_rate_ts_top70,regime,atr_change_rate,volatility,0
(*)|(loc_dist_ema20_atr_ts_top40==0&loc_dist_ema50_atr_ts_top50==0)|(reg_atr_change_rate_ts_band25_75==1&reg_atr_change_rate_ts_top60==0&reg_atr_change_rate_ts_top70==0&reg_atr_change_rate_ts_top80==0),c831d1338d73,2,42,30,reg_atr_change_rate_ts_band25_75,regime,atr_change_rate,volatility,1
(*)|(loc_dist_ema20_atr_ts_top40==0&loc_dist_ema50_atr_ts_top50==0)|(reg_atr_change_rate_ts_band25_75==1&reg_atr_change_rate_ts_top60==0&reg_atr_change_rate_ts_top70==0&reg_atr_change_rate_ts_top80==0),c831d1338d73,2,42,16,reg_atr_change_rate_ts_top60,regime,atr_change_rate,volatility,0
(*)|(loc_dist_ema20_atr_ts_top40==0&loc_dist_ema50_atr_ts_top50==0)|(reg_atr_change_rate_ts_band25_75==1&reg_atr_change_rate_ts_top60==0&reg_atr_change_rate_ts_top70==0&reg_atr_change_rate_ts_top80==0),c831d1338d73,2,42,49,loc_dist_ema50_atr_ts_top50,location,dist_ema50_atr,context,0
(*)|(loc_dist_ema20_atr_ts_top40==0&loc_dist_ema50_atr_ts_top50==0)|(reg_atr_change_rate_ts_band25_75==1&reg_atr_change_rate_ts_top60==0&reg_atr_change_rate_ts_top70==0&reg_atr_change_rate_ts_top80==0),c831d1338d73,2,42,9,loc_dist_ema20_atr_ts_top40,location,dist_ema20_atr,context,0
(*)|(loc_dist_ema20_atr_ts_top40==1&loc_dist_ema50_atr_ts_top50==0)|(reg_atr_change_rate_ts_band25_75==1&reg_atr_change_rate_ts_top60==0&reg_atr_change_rate_ts_top70==0&reg_atr_change_rate_ts_top80==0),6599f7276896,2,42,24,reg_atr_change_rate_ts_top80,regime,atr_change_rate,volatility,0
(*)|(loc_dist_ema20_atr_ts_top40==1&loc_dist_ema50_atr_ts_top50==0)|(reg_atr_change_rate_ts_band25_75==1&reg_atr_change_rate_ts_top60==0&reg_atr_change_rate_ts_top70==0&reg_atr_change_rate_ts_top80==0),6599f7276896,2,42,20,reg_atr_change_rate_ts_top70,regime,atr_change_rate,volatility,0
(*)|(loc_dist_ema20_atr_ts_top40==1&loc_dist_ema50_atr_ts_top50==0)|(reg_atr_change_rate_ts_band25_75==1&reg_atr_change_rate_ts_top60==0&reg_atr_change_rate_ts_top70==0&reg_atr_change_rate_ts_top80==0),6599f7276896,2,42,30,reg_atr_change_rate_ts_band25_75,regime,atr_change_rate,volatility,1
(*)|(loc_dist_ema20_atr_ts_top40==1&loc_dist_ema50_atr_ts_top50==0)|(reg_atr_change_rate_ts_band25_75==1&reg_atr_change_rate_ts_top60==0&reg_atr_change_rate_ts_top70==0&reg_atr_change_rate_ts_top80==0),6599f7276896,2,42,16,reg_atr_change_rate_ts_top60,regime,atr_change_rate,volatility,0
(*)|(loc_dist_ema20_atr_ts_top40==1&loc_dist_ema50_atr_ts_top50==0)|(reg_atr_change_rate_ts_band25_75==1&reg_atr_change_rate_ts_top60==0&reg_atr_change_rate_ts_top70==0&reg_atr_change_rate_ts_top80==0),6599f7276896,2,42,49,loc_dist_ema50_atr_ts_top50,location,dist_ema50_atr,context,0
(*)|(loc_dist_ema20_atr_ts_top40==1&loc_dist_ema50_atr_ts_top50==0)|(reg_atr_change_rate_ts_band25_75==1&reg_atr_change_rate_ts_top60==0&reg_atr_change_rate_ts_top70==0&reg_atr_change_rate_ts_top80==0),6599f7276896,2,42,9,loc_dist_ema20_atr_ts_top40,location,dist_ema20_atr,context,1
(*)|(loc_dist_ema50_atr_ts_top50==1)|(reg_atr_change_rate_ts_band25_75==1&reg_atr_change_rate_ts_top60==0&reg_atr_change_rate_ts_top70==0&reg_atr_change_rate_ts_top80==0),921393f678d5,2,42,24,reg_atr_change_rate_ts_top80,regime,atr_change_rate,volatility,0
(*)|(loc_dist_ema50_atr_ts_top50==1)|(reg_atr_change_rate_ts_band25_75==1&reg_atr_change_rate_ts_top60==0&reg_atr_change_rate_ts_top70==0&reg_atr_change_rate_ts_top80==0),921393f678d5,2,42,20,reg_atr_change_rate_ts_top70,regime,atr_change_rate,volatility,0
(*)|(loc_dist_ema50_atr_ts_top50==1)|(reg_atr_change_rate_ts_band25_75==1&reg_atr_change_rate_ts_top60==0&reg_atr_change_rate_ts_top70==0&reg_atr_change_rate_ts_top80==0),921393f678d5,2,42,30,reg_atr_change_rate_ts_band25_75,regime,atr_change_rate,volatility,1
(*)|(loc_dist_ema50_atr_ts_top50==1)|(reg_atr_change_rate_ts_band25_75==1&reg_atr_change_rate_ts_top60==0&reg_atr_change_rate_ts_top70==0&reg_atr_change_rate_ts_top80==0),921393f678d5,2,42,16,reg_atr_change_rate_ts_top60,regime,atr_change_rate,volatility,0
(*)|(loc_dist_ema50_atr_ts_top50==1)|(reg_atr_change_rate_ts_band25_75==1&reg_atr_change_rate_ts_top60==0&reg_atr_change_rate_ts_top70==0&reg_atr_change_rate_ts_top80==0),921393f678d5,2,42,49,loc_dist_ema50_atr_ts_top50,location,dist_ema50_atr,context,1
(*)|(*)|(reg_atr_change_rate_ts_band25_75==1&reg_atr_change_rate_ts_top60==1&reg_atr_change_rate_ts_top70==0&reg_atr_change_rate_ts_top80==0),1a7506a0a1e3,2,42,24,reg_atr_change_rate_ts_top80,regime,atr_change_rate,volatility,0
(*)|(*)|(reg_atr_change_rate_ts_band25_75==1&reg_atr_change_rate_ts_top60==1&reg_atr_change_rate_ts_top70==0&reg_atr_change_rate_ts_top80==0),1a7506a0a1e3,2,42,20,reg_atr_change_rate_ts_top70,regime,atr_change_rate,volatility,0
(*)|(*)|(reg_atr_change_rate_ts_band25_75==1&reg_atr_change_rate_ts_top60==1&reg_atr_change_rate_ts_top70==0&reg_atr_change_rate_ts_top80==0),1a7506a0a1e3,2,42,30,reg_atr_change_rate_ts_band25_75,regime,atr_change_rate,volatility,1
(*)|(*)|(reg_atr_change_rate_ts_band25_75==1&reg_atr_change_rate_ts_top60==1&reg_atr_change_rate_ts_top70==0&reg_atr_change_rate_ts_top80==0),1a7506a0a1e3,2,42,16,reg_atr_change_rate_ts_top60,regime,atr_change_rate,volatility,1
(*)|(*)|(reg_atr_change_rate_ts_band25_75==0&reg_atr_change_rate_ts_top70==1&reg_atr_change_rate_ts_top80==0),588176e9f45b,2,42,24,reg_atr_change_rate_ts_top80,regime,atr_change_rate,volatility,0
(*)|(*)|(reg_atr_change_rate_ts_band25_75==0&reg_atr_change_rate_ts_top70==1&reg_atr_change_rate_ts_top80==0),588176e9f45b,2,42,20,reg_atr_change_rate_ts_top70,regime,atr_change_rate,volatility,1
(*)|(*)|(reg_atr_change_rate_ts_band25_75==0&reg_atr_change_rate_ts_top70==1&reg_atr_change_rate_ts_top80==0),588176e9f45b,2,42,30,reg_atr_change_rate_ts_band25_75,regime,atr_change_rate,volatility,0
(*)|(*)|(reg_atr_change_rate_ts_band25_75==1&reg_atr_change_rate_ts_top70==1&reg_atr_change_rate_ts_top80==0),2ed834a9d51f,2,42,24,reg_atr_change_rate_ts_top80,regime,atr_change_rate,volatility,0
(*)|(*)|(reg_atr_change_rate_ts_band25_75==1&reg_atr_change_rate_ts_top70==1&reg_atr_change_rate_ts_top80==0),2ed834a9d51f,2,42,20,reg_atr_change_rate_ts_top70,regime,atr_change_rate,volatility,1
(*)|(*)|(reg_atr_change_rate_ts_band25_75==1&reg_atr_change_rate_ts_top70==1&reg_atr_change_rate_ts_top80==0),2ed834a9d51f,2,42,30,reg_atr_change_rate_ts_band25_75,regime,atr_change_rate,volatility,1
(*)|(*)|(reg_atr_change_rate_ts_top80==1),1a0665017dce,2,42,24,reg_atr_change_rate_ts_top80,regime,atr_change_rate,volatility,1
(*)|(*)|(reg_atr_change_rate_ts_band25_75==0&reg_atr_change_rate_ts_bot80==1&reg_atr_change_rate_ts_top20==0&reg_atr_change_rate_ts_top40==0&reg_atr_change_rate_ts_top70==0),e01845d325c0,2,42,26,reg_atr_change_rate_ts_bot80,regime,atr_change_rate,volatility,1
(*)|(*)|(reg_atr_change_rate_ts_band25_75==0&reg_atr_change_rate_ts_bot80==1&reg_atr_change_rate_ts_top20==0&reg_atr_change_rate_ts_top40==0&reg_atr_change_rate_ts_top70==0),e01845d325c0,2,42,20,reg_atr_change_rate_ts_top70,regime,atr_change_rate,volatility,0
(*)|(*)|(reg_atr_change_rate_ts_band25_75==0&reg_atr_change_rate_ts_bot80==1&reg_atr_change_rate_ts_top20==0&reg_atr_change_rate_ts_top40==0&reg_atr_change_rate_ts_top70==0),e01845d325c0,2,42,8,reg_atr_change_rate_ts_top40,regime,atr_change_rate,volatility,0
(*)|(*)|(reg_atr_change_rate_ts_band25_75==0&reg_atr_change_rate_ts_bot80==1&reg_atr_change_rate_ts_top20==0&reg_atr_change_rate_ts_top40==0&reg_atr_change_rate_ts_top70==0),e01845d325c0,2,42,30,reg_atr_change_rate_ts_band25_75,regime,atr_change_rate,volatility,0
(*)|(*)|(reg_atr_change_rate_ts_band25_75==0&reg_atr_change_rate_ts_bot80==1&reg_atr_change_rate_ts_top20==0&reg_atr_change_rate_ts_top40==0&reg_atr_change_rate_ts_top70==0),e01845d325c0,2,42,0,reg_atr_change_rate_ts_top20,regime,atr_change_rate,volatility,0
(*)|(*)|(reg_atr_change_rate_ts_band25_75==0&reg_atr_change_rate_ts_bot80==1&reg_atr_change_rate_ts_top20==1&reg_atr_change_rate_ts_top40==0&reg_atr_change_rate_ts_top70==0),0eaf47495d0e,2,42,26,reg_atr_change_rate_ts_bot80,regime,atr_change_rate,volatility,1
(*)|(*)|(reg_atr_change_rate_ts_band25_75==0&reg_atr_change_rate_ts_bot80==1&reg_atr_change_rate_ts_top20==1&reg_atr_change_rate_ts_top40==0&reg_atr_change_rate_ts_top70==0),0eaf47495d0e,2,42,20,reg_atr_change_rate_ts_top70,regime,atr_change_rate,volatility,0
(*)|(*)|(reg_atr_change_rate_ts_band25_75==0&reg_atr_change_rate_ts_bot80==1&reg_atr_change_rate_ts_top20==1&reg_atr_change_rate_ts_top40==0&reg_atr_change_rate_ts_top70==0),0eaf47495d0e,2,42,8,reg_atr_change_rate_ts_top40,regime,atr_change_rate,volatility,0
(*)|(*)|(reg_atr_change_rate_ts_band25_75==0&reg_atr_change_rate_ts_bot80==1&reg_atr_change_rate_ts_top20==1&reg_atr_change_rate_ts_top40==0&reg_atr_change_rate_ts_top70==0),0eaf47495d0e,2,42,30,reg_atr_change_rate_ts_band25_75,regime,atr_change_rate,volatility,0
(*)|(*)|(reg_atr_change_rate_ts_band25_75==0&reg_atr_change_rate_ts_bot80==1&reg_atr_change_rate_ts_top20==1&reg_atr_change_rate_ts_top40==0&reg_atr_change_rate_ts_top70==0),0eaf47495d0e,2,42,0,reg_atr_change_rate_ts_top20,regime,atr_change_rate,volatility,1
(*)|(*)|(reg_atr_change_rate_ts_band25_75==1&reg_atr_change_rate_ts_bot80==1&reg_atr_change_rate_ts_top30==0&reg_atr_change_rate_ts_top40==0&reg_atr_change_rate_ts_top70==0),237729a20839,2,42,26,reg_atr_change_rate_ts_bot80,regime,atr_change_rate,volatility,1
(*)|(*)|(reg_atr_change_rate_ts_band25_75==1&reg_atr_change_rate_ts_bot80==1&reg_atr_change_rate_ts_top30==0&reg_atr_change_rate_ts_top40==0&reg_atr_change_rate_ts_top70==0),237729a20839,2,42,20,reg_atr_change_rate_ts_top70,regime,atr_change_rate,volatility,0
(*)|(*)|(reg_atr_change_rate_ts_band25_75==1&reg_atr_change_rate_ts_bot80==1&reg_atr_change_rate_ts_top30==0&reg_atr_change_rate_ts_top40==0&reg_atr_change_rate_ts_top70==0),237729a20839,2,42,8,reg_atr_change_rate_ts_top40,regime,atr_change_rate,volatility,0
(*)|(*)|(reg_atr_change_rate_ts_band25_75==1&reg_atr_change_rate_ts_bot80==1&reg_atr_change_rate_ts_top30==0&reg_atr_change_rate_ts_top40==0&reg_atr_change_rate_ts_top70==0),237729a20839,2,42,30,reg_atr_change_rate_ts_band25_75,regime,atr_change_rate,volatility,1
(*)|(*)|(reg_atr_change_rate_ts_band25_75==1&reg_atr_change_rate_ts_bot80==1&reg_atr_change_rate_ts_top30==0&reg_atr_change_rate_ts_top40==0&reg_atr_change_rate_ts_top70==0),237729a20839,2,42,4,reg_atr_change_rate_ts_top30,regime,atr_change_rate,volatility,0
(*)|(*)|(reg_atr_change_rate_ts_band25_75==1&reg_atr_change_rate_ts_bot80==1&reg_atr_change_rate_ts_top30==1&reg_atr_change_rate_ts_top40==0&reg_atr_change_rate_ts_top70==0),14cebcaed43a,2,42,26,reg_atr_change_rate_ts_bot80,regime,atr_change_rate,volatility,1
(*)|(*)|(reg_atr_change_rate_ts_band25_75==1&reg_atr_change_rate_ts_bot80==1&reg_atr_change_rate_ts_top30==1&reg_atr_change_rate_ts_top40==0&reg_atr_change_rate_ts_top70==0),14cebcaed43a,2,42,20,reg_atr_change_rate_ts_top70,regime,atr_change_rate,volatility,0
(*)|(*)|(reg_atr_change_rate_ts_band25_75==1&reg_atr_change_rate_ts_bot80==1&reg_atr_change_rate_ts_top30==1&reg_atr_change_rate_ts_top40==0&reg_atr_change_rate_ts_top70==0),14cebcaed43a,2,42,8,reg_atr_change_rate_ts_top40,regime,atr_change_rate,volatility,0
(*)|(*)|(reg_atr_change_rate_ts_band25_75==1&reg_atr_change_rate_ts_bot80==1&reg_atr_change_rate_ts_top30==1&reg_atr_change_rate_ts_top40==0&reg_atr_change_rate_ts_top70==0),14cebcaed43a,2,42,30,reg_atr_change_rate_ts_band25_75,regime,atr_change_rate,volatility,1
(*)|(*)|(reg_atr_change_rate_ts_band25_75==1&reg_atr_change_rate_ts_bot80==1&reg_atr_change_rate_ts_top30==1&reg_atr_change_rate_ts_top40==0&reg_atr_change_rate_ts_top70==0),14cebcaed43a,2,42,4,reg_atr_change_rate_ts_top30,regime,atr_change_rate,volatility,1
(*)|(*)|(reg_atr_change_rate_ts_bot80==1&reg_atr_change_rate_ts_top40==1&reg_atr_change_rate_ts_top50==0&reg_atr_change_rate_ts_top70==0),20490da706d0,2,42,26,reg_atr_change_rate_ts_bot80,regime,atr_change_rate,volatility,1
(*)|(*)|(reg_atr_change_rate_ts_bot80==1&reg_atr_change_rate_ts_top40==1&reg_atr_change_rate_ts_top50==0&reg_atr_change_rate_ts_top70==0),20490da706d0,2,42,20,reg_atr_change_rate_ts_top70,regime,atr_change_rate,volatility,0
(*)|(*)|(reg_atr_change_rate_ts_bot80==1&reg_atr_change_rate_ts_top40==1&reg_atr_change_rate_ts_top50==0&reg_atr_change_rate_ts_top70==0),20490da706d0,2,42,8,reg_atr_change_rate_ts_top40,regime,atr_change_rate,volatility,1
(*)|(*)|(reg_atr_change_rate_ts_bot80==1&reg_atr_change_rate_ts_top40==1&reg_atr_change_rate_ts_top50==0&reg_atr_change_rate_ts_top70==0),20490da706d0,2,42,12,reg_atr_change_rate_ts_top50,regime,atr_change_rate,volatility,0
(*)|(*)|(reg_atr_change_rate_ts_bot80==1&reg_atr_change_rate_ts_top40==1&reg_atr_change_rate_ts_top50==1&reg_atr_change_rate_ts_top60==0&reg_atr_change_rate_ts_top70==0),f463dc0f6101,2,42,26,reg_atr_change_rate_ts_bot80,regime,atr_change_rate,volatility,1
(*)|(*)|(reg_atr_change_rate_ts_bot80==1&reg_atr_change_rate_ts_top40==1&reg_atr_change_rate_ts_top50==1&reg_atr_change_rate_ts_top60==0&reg_atr_change_rate_ts_top70==0),f463dc0f6101,2,42,20,reg_atr_change_rate_ts_top70,regime,atr_change_rate,volatility,0
(*)|(*)|(reg_atr_change_rate_ts_bot80==1&reg_atr_change_rate_ts_top40==1&reg_atr_change_rate_ts_top50==1&reg_atr_change_rate_ts_top60==0&reg_atr_change_rate_ts_top70==0),f463dc0f6101,2,42,8,reg_atr_change_rate_ts_top40,regime,atr_change_rate,volatility,1
(*)|(*)|(reg_atr_change_rate_ts_bot80==1&reg_atr_change_rate_ts_top40==1&reg_atr_change_rate_ts_top50==1&reg_atr_change_rate_ts_top60==0&reg_atr_change_rate_ts_top70==0),f463dc0f6101,2,42,12,reg_atr_change_rate_ts_top50,regime,atr_change_rate,volatility,1
(*)|(*)|(reg_atr_change_rate_ts_bot80==1&reg_atr_change_rate_ts_top40==1&reg_atr_change_rate_ts_top50==1&reg_atr_change_rate_ts_top60==0&reg_atr_change_rate_ts_top70==0),f463dc0f6101,2,42,16,reg_atr_change_rate_ts_top60,regime,atr_change_rate,volatility,0
(*)|(*)|(reg_atr_change_rate_ts_bot80==1&reg_atr_change_rate_ts_top40==1&reg_atr_change_rate_ts_top50==1&reg_atr_change_rate_ts_top60==1&reg_atr_change_rate_ts_top70==0),51e1d15732d5,2,42,26,reg_atr_change_rate_ts_bot80,regime,atr_change_rate,volatility,1
(*)|(*)|(reg_atr_change_rate_ts_bot80==1&reg_atr_change_rate_ts_top40==1&reg_atr_change_rate_ts_top50==1&reg_atr_change_rate_ts_top60==1&reg_atr_change_rate_ts_top70==0),51e1d15732d5,2,42,20,reg_atr_change_rate_ts_top70,regime,atr_change_rate,volatility,0
(*)|(*)|(reg_atr_change_rate_ts_bot80==1&reg_atr_change_rate_ts_top40==1&reg_atr_change_rate_ts_top50==1&reg_atr_change_rate_ts_top60==1&reg_atr_change_rate_ts_top70==0),51e1d15732d5,2,42,8,reg_atr_change_rate_ts_top40,regime,atr_change_rate,volatility,1
(*)|(*)|(reg_atr_change_rate_ts_bot80==1&reg_atr_change_rate_ts_top40==1&reg_atr_change_rate_ts_top50==1&reg_atr_change_rate_ts_top60==1&reg_atr_change_rate_ts_top70==0),51e1d15732d5,2,42,12,reg_atr_change_rate_ts_top50,regime,atr_change_rate,volatility,1
(*)|(*)|(reg_atr_change_rate_ts_bot80==1&reg_atr_change_rate_ts_top40==1&reg_atr_change_rate_ts_top50==1&reg_atr_change_rate_ts_top60==1&reg_atr_change_rate_ts_top70==0),51e1d15732d5,2,42,16,reg_atr_change_rate_ts_top60,regime,atr_change_rate,volatility,1
(*)|(*)|(reg_atr_change_rate_ts_band25_75==0&reg_atr_change_rate_ts_bot80==1&reg_atr_change_rate_ts_top70==1),a9cf918f236f,2,42,26,reg_atr_change_rate_ts_bot80,regime,atr_change_rate,volatility,1
(*)|(*)|(reg_atr_change_rate_ts_band25_75==0&reg_atr_change_rate_ts_bot80==1&reg_atr_change_rate_ts_top70==1),a9cf918f236f,2,42,20,reg_atr_change_rate_ts_top70,regime,atr_change_rate,volatility,1
(*)|(*)|(reg_atr_change_rate_ts_band25_75==0&reg_atr_change_rate_ts_bot80==1&reg_atr_change_rate_ts_top70==1),a9cf918f236f,2,42,30,reg_atr_change_rate_ts_band25_75,regime,atr_change_rate,volatility,0
(*)|(*)|(reg_atr_change_rate_ts_band25_75==1&reg_atr_change_rate_ts_bot80==1&reg_atr_change_rate_ts_top70==1),7b8e4fc3eb44,2,42,26,reg_atr_change_rate_ts_bot80,regime,atr_change_rate,volatility,1
(*)|(*)|(reg_atr_change_rate_ts_band25_75==1&reg_atr_change_rate_ts_bot80==1&reg_atr_change_rate_ts_top70==1),7b8e4fc3eb44,2,42,20,reg_atr_change_rate_ts_top70,regime,atr_change_rate,volatility,1
(*)|(*)|(reg_atr_change_rate_ts_band25_75==1&reg_atr_change_rate_ts_bot80==1&reg_atr_change_rate_ts_top70==1),7b8e4fc3eb44,2,42,30,reg_atr_change_rate_ts_band25_75,regime,atr_change_rate,volatility,1
(*)|(loc_dist_ema20_atr_ts_top20==1)|(reg_atr_change_rate_ts_band20_80==0),0e34405ec6fd,2,42,28,reg_atr_change_rate_ts_band20_80,regime,atr_change_rate,volatility,0
(*)|(loc_dist_ema20_atr_ts_top20==1)|(reg_atr_change_rate_ts_band20_80==0),0e34405ec6fd,2,42,1,loc_dist_ema20_atr_ts_top20,location,dist_ema20_atr,context,1
(*)|(*)|(reg_atr_change_rate_ts_band20_80==1&reg_atr_change_rate_ts_top30==0&reg_atr_compression_ratio_ts_band25_75==0),14e42ef7a436,2,42,28,reg_atr_change_rate_ts_band20_80,regime,atr_change_rate,volatility,1
(*)|(*)|(reg_atr_change_rate_ts_band20_80==1&reg_atr_change_rate_ts_top30==0&reg_atr_compression_ratio_ts_band25_75==0),14e42ef7a436,2,42,66,reg_atr_compression_ratio_ts_band25_75,regime,atr_compression_ratio,volatility_term_structure,0
(*)|(*)|(reg_atr_change_rate_ts_band20_80==1&reg_atr_change_rate_ts_top30==0&reg_atr_compression_ratio_ts_band25_75==0),14e42ef7a436,2,42,4,reg_atr_change_rate_ts_top30,regime,atr_change_rate,volatility,0
(*)|(*)|(reg_atr_change_rate_ts_band20_80==1&reg_atr_change_rate_ts_top30==1&reg_atr_compression_ratio_ts_band25_75==0),b2f4f8213893,2,42,28,reg_atr_change_rate_ts_band20_80,regime,atr_change_rate,volatility,1
(*)|(*)|(reg_atr_change_rate_ts_band20_80==1&reg_atr_change_rate_ts_top30==1&reg_atr_compression_ratio_ts_band25_75==0),b2f4f8213893,2,42,66,reg_atr_compression_ratio_ts_band25_75,regime,atr_compression_ratio,volatility_term_structure,0
(*)|(*)|(reg_atr_change_rate_ts_band20_80==1&reg_atr_change_rate_ts_top30==1&reg_atr_compression_ratio_ts_band25_75==0),b2f4f8213893,2,42,4,reg_atr_change_rate_ts_top30,regime,atr_change_rate,volatility,1
(*)|(loc_dist_ema20_atr_ts_top70==0)|(reg_atr_change_rate_ts_band20_80==1&reg_atr_change_rate_ts_band40_60==0&reg_atr_change_rate_ts_top30==0&reg_atr_compression_ratio_ts_band25_75==1),2658311660c1,2,42,28,reg_atr_change_rate_ts_band20_80,regime,atr_change_rate,volatility,1
(*)|(loc_dist_ema20_atr_ts_top70==0)|(reg_atr_change_rate_ts_band20_80==1&reg_atr_change_rate_ts_band40_60==0&reg_atr_change_rate_ts_top30==0&reg_atr_compression_ratio_ts_band25_75==1),2658311660c1,2,42,66,reg_atr_compression_ratio_ts_band25_75,regime,atr_compression_ratio,volatility_term_structure,1
(*)|(loc_dist_ema20_atr_ts_top70==0)|(reg_atr_change_rate_ts_band20_80==1&reg_atr_change_rate_ts_band40_60==0&reg_atr_change_rate_ts_top30==0&reg_atr_compression_ratio_ts_band25_75==1),2658311660c1,2,42,34,reg_atr_change_rate_ts_band40_60,regime,atr_change_rate,volatility,0
(*)|(loc_dist_ema20_atr_ts_top70==0)|(reg_atr_change_rate_ts_band20_80==1&reg_atr_change_rate_ts_band40_60==0&reg_atr_change_rate_ts_top30==0&reg_atr_compression_ratio_ts_band25_75==1),2658311660c1,2,42,4,reg_atr_change_rate_ts_top30,regime,atr_change_rate,volatility,0
(*)|(loc_dist_ema20_atr_ts_top70==0)|(reg_atr_change_rate_ts_band20_80==1&reg_atr_change_rate_ts_band40_60==0&reg_atr_change_rate_ts_top30==0&reg_atr_compression_ratio_ts_band25_75==1),2658311660c1,2,42,21,loc_dist_ema20_atr_ts_top70,location,dist_ema20_atr,context,0
(*)|(loc_dist_ema20_atr_ts_top70==0)|(reg_atr_change_rate_ts_band20_80==1&reg_atr_change_rate_ts_band40_60==0&reg_atr_change_rate_ts_top30==1&reg_atr_change_rate_ts_top40==0&reg_atr_compression_ratio_ts_band25_75==1),a064275a083d,2,42,28,reg_atr_change_rate_ts_band20_80,regime,atr_change_rate,volatility,1
(*)|(loc_dist_ema20_atr_ts_top70==0)|(reg_atr_change_rate_ts_band20_80==1&reg_atr_change_rate_ts_band40_60==0&reg_atr_change_rate_ts_top30==1&reg_atr_change_rate_ts_top40==0&reg_atr_compression_ratio_ts_band25_75==1),a064275a083d,2,42,66,reg_atr_compression_ratio_ts_band25_75,regime,atr_compression_ratio,volatility_term_structure,1
(*)|(loc_dist_ema20_atr_ts_top70==0)|(reg_atr_change_rate_ts_band20_80==1&reg_atr_change_rate_ts_band40_60==0&reg_atr_change_rate_ts_top30==1&reg_atr_change_rate_ts_top40==0&reg_atr_compression_ratio_ts_band25_75==1),a064275a083d,2,42,34,reg_atr_change_rate_ts_band40_60,regime,atr_change_rate,volatility,0
(*)|(loc_dist_ema20_atr_ts_top70==0)|(reg_atr_change_rate_ts_band20_80==1&reg_atr_change_rate_ts_band40_60==0&reg_atr_change_rate_ts_top30==1&reg_atr_change_rate_ts_top40==0&reg_atr_compression_ratio_ts_band25_75==1),a064275a083d,2,42,4,reg_atr_change_rate_ts_top30,regime,atr_change_rate,volatility,1
(*)|(loc_dist_ema20_atr_ts_top70==0)|(reg_atr_change_rate_ts_band20_80==1&reg_atr_change_rate_ts_band40_60==0&reg_atr_change_rate_ts_top30==1&reg_atr_change_rate_ts_top40==0&reg_atr_compression_ratio_ts_band25_75==1),a064275a083d,2,42,8,reg_atr_change_rate_ts_top40,regime,atr_change_rate,volatility,0
(*)|(loc_dist_ema20_atr_ts_top70==0)|(reg_atr_change_rate_ts_band20_80==1&reg_atr_change_rate_ts_band40_60==0&reg_atr_change_rate_ts_top30==1&reg_atr_change_rate_ts_top40==0&reg_atr_compression_ratio_ts_band25_75==1),a064275a083d,2,42,21,loc_dist_ema20_atr_ts_top70,location,dist_ema20_atr,context,0
(*)|(loc_dist_ema20_atr_ts_top70==0)|(reg_atr_change_rate_ts_band20_80==1&reg_atr_change_rate_ts_band40_60==0&reg_atr_change_rate_ts_top30==1&reg_atr_change_rate_ts_top40==1&reg_atr_compression_ratio_ts_band25_75==1),352a3a9118ab,2,42,28,reg_atr_change_rate_ts_band20_80,regime,atr_change_rate,volatility,1
(*)|(loc_dist_ema20_atr_ts_top70==0)|(reg_atr_change_rate_ts_band20_80==1&reg_atr_change_rate_ts_band40_60==0&reg_atr_change_rate_ts_top30==1&reg_atr_change_rate_ts_top40==1&reg_atr_compression_ratio_ts_band25_75==1),352a3a9118ab,2,42,66,reg_atr_compression_ratio_ts_band25_75,regime,atr_compression_ratio,volatility_term_structure,1
(*)|(loc_dist_ema20_atr_ts_top70==0)|(reg_atr_change_rate_ts_band20_80==1&reg_atr_change_rate_ts_band40_60==0&reg_atr_change_rate_ts_top30==1&reg_atr_change_rate_ts_top40==1&reg_atr_compression_ratio_ts_band25_75==1),352a3a9118ab,2,42,34,reg_atr_change_rate_ts_band40_60,regime,atr_change_rate,volatility,0
(*)|(loc_dist_ema20_atr_ts_top70==0)|(reg_atr_change_rate_ts_band20_80==1&reg_atr_change_rate_ts_band40_60==0&reg_atr_change_rate_ts_top30==1&reg_atr_change_rate_ts_top40==1&reg_atr_compression_ratio_ts_band25_75==1),352a3a9118ab,2,42,4,reg_atr_change_rate_ts_top30,regime,atr_change_rate,volatility,1
(*)|(loc_dist_ema20_atr_ts_top70==0)|(reg_atr_change_rate_ts_band20_80==1&reg_atr_change_rate_ts_band40_60==0&reg_atr_change_rate_ts_top30==1&reg_atr_change_rate_ts_top40==1&reg_atr_compression_ratio_ts_band25_75==1),352a3a9118ab,2,42,8,reg_atr_change_rate_ts_top40,regime,atr_change_rate,volatility,1
(*)|(loc_dist_ema20_atr_ts_top70==0)|(reg_atr_change_rate_ts_band20_80==1&reg_atr_change_rate_ts_band40_60==0&reg_atr_change_rate_ts_top30==1&reg_atr_change_rate_ts_top40==1&reg_atr_compression_ratio_ts_band25_75==1),352a3a9118ab,2,42,21,loc_dist_ema20_atr_ts_top70,location,dist_ema20_atr,context,0
(*)|(loc_dist_ema20_atr_ts_top50==0&loc_dist_ema20_atr_ts_top70==0)|(reg_atr_change_rate_ts_band20_80==1&reg_atr_change_rate_ts_band40_60==1&reg_atr_compression_ratio_ts_band25_75==1),d511aee41d27,2,42,28,reg_atr_change_rate_ts_band20_80,regime,atr_change_rate,volatility,1
(*)|(loc_dist_ema20_atr_ts_top50==0&loc_dist_ema20_atr_ts_top70==0)|(reg_atr_change_rate_ts_band20_80==1&reg_atr_change_rate_ts_band40_60==1&reg_atr_compression_ratio_ts_band25_75==1),d511aee41d27,2,42,66,reg_atr_compression_ratio_ts_band25_75,regime,atr_compression_ratio,volatility_term_structure,1
(*)|(loc_dist_ema20_atr_ts_top50==0&loc_dist_ema20_atr_ts_top70==0)|(reg_atr_change_rate_ts_band20_80==1&reg_atr_change_rate_ts_band40_60==1&reg_atr_compression_ratio_ts_band25_75==1),d511aee41d27,2,42,34,reg_atr_change_rate_ts_band40_60,regime,atr_change_rate,volatility,1
(*)|(loc_dist_ema20_atr_ts_top50==0&loc_dist_ema20_atr_ts_top70==0)|(reg_atr_change_rate_ts_band20_80==1&reg_atr_change_rate_ts_band40_60==1&reg_atr_compression_ratio_ts_band25_75==1),d511aee41d27,2,42,21,loc_dist_ema20_atr_ts_top70,location,dist_ema20_atr,context,0
(*)|(loc_dist_ema20_atr_ts_top50==0&loc_dist_ema20_atr_ts_top70==0)|(reg_atr_change_rate_ts_band20_80==1&reg_atr_change_rate_ts_band40_60==1&reg_atr_compression_ratio_ts_band25_75==1),d511aee41d27,2,42,13,loc_dist_ema20_atr_ts_top50,location,dist_ema20_atr,context,0
(*)|(loc_dist_ema20_atr_ts_top50==1&loc_dist_ema20_atr_ts_top70==0)|(reg_atr_change_rate_ts_band20_80==1&reg_atr_change_rate_ts_band40_60==1&reg_atr_compression_ratio_ts_band25_75==1),4dc3450e69b5,2,42,28,reg_atr_change_rate_ts_band20_80,regime,atr_change_rate,volatility,1
(*)|(loc_dist_ema20_atr_ts_top50==1&loc_dist_ema20_atr_ts_top70==0)|(reg_atr_change_rate_ts_band20_80==1&reg_atr_change_rate_ts_band40_60==1&reg_atr_compression_ratio_ts_band25_75==1),4dc3450e69b5,2,42,66,reg_atr_compression_ratio_ts_band25_75,regime,atr_compression_ratio,volatility_term_structure,1
(*)|(loc_dist_ema20_atr_ts_top50==1&loc_dist_ema20_atr_ts_top70==0)|(reg_atr_change_rate_ts_band20_80==1&reg_atr_change_rate_ts_band40_60==1&reg_atr_compression_ratio_ts_band25_75==1),4dc3450e69b5,2,42,34,reg_atr_change_rate_ts_band40_60,regime,atr_change_rate,volatility,1
(*)|(loc_dist_ema20_atr_ts_top50==1&loc_dist_ema20_atr_ts_top70==0)|(reg_atr_change_rate_ts_band20_80==1&reg_atr_change_rate_ts_band40_60==1&reg_atr_compression_ratio_ts_band25_75==1),4dc3450e69b5,2,42,21,loc_dist_ema20_atr_ts_top70,location,dist_ema20_atr,context,0
(*)|(loc_dist_ema20_atr_ts_top50==1&loc_dist_ema20_atr_ts_top70==0)|(reg_atr_change_rate_ts_band20_80==1&reg_atr_change_rate_ts_band40_60==1&reg_atr_compression_ratio_ts_band25_75==1),4dc3450e69b5,2,42,13,loc_dist_ema20_atr_ts_top50,location,dist_ema20_atr,context,1
(*)|(loc_dist_ema20_atr_ts_top70==1)|(reg_atr_change_rate_ts_band20_80==1&reg_atr_compression_ratio_ts_band25_75==1),aa1ca24ca37b,2,42,28,reg_atr_change_rate_ts_band20_80,regime,atr_change_rate,volatility,1
(*)|(loc_dist_ema20_atr_ts_top70==1)|(reg_atr_change_rate_ts_band20_80==1&reg_atr_compression_ratio_ts_band25_75==1),aa1ca24ca37b,2,42,66,reg_atr_compression_ratio_ts_band25_75,regime,atr_compression_ratio,volatility_term_structure,1
(*)|(loc_dist_ema20_atr_ts_top70==1)|(reg_atr_change_rate_ts_band20_80==1&reg_atr_compression_ratio_ts_band25_75==1),aa1ca24ca37b,2,42,21,loc_dist_ema20_atr_ts_top70,location,dist_ema20_atr,context,1
(*)|(loc_dist_ema20_atr_ts_band25_75==0&loc_dist_ema20_atr_ts_top20==1&loc_dist_ema20_atr_ts_top30==0)|(reg_atr_change_rate_ts_band30_70==0&reg_atr_change_rate_ts_top80==0),9ef0713d8149,2,42,24,reg_atr_change_rate_ts_top80,regime,atr_change_rate,volatility,0
(*)|(loc_dist_ema20_atr_ts_band25_75==0&loc_dist_ema20_atr_ts_top20==1&loc_dist_ema20_atr_ts_top30==0)|(reg_atr_change_rate_ts_band30_70==0&reg_atr_change_rate_ts_top80==0),9ef0713d8149,2,42,32,reg_atr_change_rate_ts_band30_70,regime,atr_change_rate,volatility,0
(*)|(loc_dist_ema20_atr_ts_band25_75==0&loc_dist_ema20_atr_ts_top20==1&loc_dist_ema20_atr_ts_top30==0)|(reg_atr_change_rate_ts_band30_70==0&reg_atr_change_rate_ts_top80==0),9ef0713d8149,2,42,1,loc_dist_ema20_atr_ts_top20,location,dist_ema20_atr,context,1
(*)|(loc_dist_ema20_atr_ts_band25_75==0&loc_dist_ema20_atr_ts_top20==1&loc_dist_ema20_atr_ts_top30==0)|(reg_atr_change_rate_ts_band30_70==0&reg_atr_change_rate_ts_top80==0),9ef0713d8149,2,42,31,loc_dist_ema20_atr_ts_band25_75,location,dist_ema20_atr,context,0
(*)|(loc_dist_ema20_atr_ts_band25_75==0&loc_dist_ema20_atr_ts_top20==1&loc_dist_ema20_atr_ts_top30==0)|(reg_atr_change_rate_ts_band30_70==0&reg_atr_change_rate_ts_top80==0),9ef0713d8149,2,42,5,loc_dist_ema20_atr_ts_top30,location,dist_ema20_atr,context,0
(*)|(loc_dist_ema20_atr_ts_band25_75==0&loc_dist_ema20_atr_ts_top20==1&loc_dist_ema20_atr_ts_top30==1)|(reg_atr_change_rate_ts_band30_70==0&reg_atr_change_rate_ts_top80==0),13e3f313ec3a,2,42,24,reg_atr_change_rate_ts_top80,regime,atr_change_rate,volatility,0
(*)|(loc_dist_ema20_atr_ts_band25_75==0&loc_dist_ema20_atr_ts_top20==1&loc_dist_ema20_atr_ts_top30==1)|(reg_atr_change_rate_ts_band30_70==0&reg_atr_change_rate_ts_top80==0),13e3f313ec3a,2,42,32,reg_atr_change_rate_ts_band30_70,regime,atr_change_rate,volatility,0
(*)|(loc_dist_ema20_atr_ts_band25_75==0&loc_dist_ema20_atr_ts_top20==1&loc_dist_ema20_atr_ts_top30==1)|(reg_atr_change_rate_ts_band30_70==0&reg_atr_change_rate_ts_top80==0),13e3f313ec3a,2,42,1,loc_dist_ema20_atr_ts_top20,location,dist_ema20_atr,context,1
(*)|(loc_dist_ema20_atr_ts_band25_75==0&loc_dist_ema20_atr_ts_top20==1&loc_dist_ema20_atr_ts_top30==1)|(reg_atr_change_rate_ts_band30_70==0&reg_atr_change_rate_ts_top80==0),13e3f313ec3a,2,42,31,loc_dist_ema20_atr_ts_band25_75,location,dist_ema20_atr,context,0
(*)|(loc_dist_ema20_atr_ts_band25_75==0&loc_dist_ema20_atr_ts_top20==1&loc_dist_ema20_atr_ts_top30==1)|(reg_atr_change_rate_ts_band30_70==0&reg_atr_change_rate_ts_top80==0),13e3f313ec3a,2,42,5,loc_dist_ema20_atr_ts_top30,location,dist_ema20_atr,context,1
(*)|(loc_dist_ema20_atr_ts_band25_75==1&loc_dist_ema20_atr_ts_top20==1&loc_dist_ema20_atr_ts_top30==0)|(reg_atr_change_rate_ts_band30_70==0&reg_atr_change_rate_ts_top80==0),40e08e7c7006,2,42,24,reg_atr_change_rate_ts_top80,regime,atr_change_rate,volatility,0
(*)|(loc_dist_ema20_atr_ts_band25_75==1&loc_dist_ema20_atr_ts_top20==1&loc_dist_ema20_atr_ts_top30==0)|(reg_atr_change_rate_ts_band30_70==0&reg_atr_change_rate_ts_top80==0),40e08e7c7006,2,42,32,reg_atr_change_rate_ts_band30_70,regime,atr_change_rate,volatility,0
(*)|(loc_dist_ema20_atr_ts_band25_75==1&loc_dist_ema20_atr_ts_top20==1&loc_dist_ema20_atr_ts_top30==0)|(reg_atr_change_rate_ts_band30_70==0&reg_atr_change_rate_ts_top80==0),40e08e7c7006,2,42,1,loc_dist_ema20_atr_ts_top20,location,dist_ema20_atr,context,1
(*)|(loc_dist_ema20_atr_ts_band25_75==1&loc_dist_ema20_atr_ts_top20==1&loc_dist_ema20_atr_ts_top30==0)|(reg_atr_change_rate_ts_band30_70==0&reg_atr_change_rate_ts_top80==0),40e08e7c7006,2,42,31,loc_dist_ema20_atr_ts_band25_75,location,dist_ema20_atr,context,1
(*)|(loc_dist_ema20_atr_ts_band25_75==1&loc_dist_ema20_atr_ts_top20==1&loc_dist_ema20_atr_ts_top30==0)|(reg_atr_change_rate_ts_band30_70==0&reg_atr_change_rate_ts_top80==0),40e08e7c7006,2,42,5,loc_dist_ema20_atr_ts_top30,location,dist_ema20_atr,context,0
(*)|(loc_dist_ema20_atr_ts_band25_75==1&loc_dist_ema20_atr_ts_top20==1&loc_dist_ema20_atr_ts_top30==1)|(reg_atr_change_rate_ts_band30_70==0&reg_atr_change_rate_ts_top80==0),7fe0d4b923cb,2,42,24,reg_atr_change_rate_ts_top80,regime,atr_change_rate,volatility,0
(*)|(loc_dist_ema20_atr_ts_band25_75==1&loc_dist_ema20_atr_ts_top20==1&loc_dist_ema20_atr_ts_top30==1)|(reg_atr_change_rate_ts_band30_70==0&reg_atr_change_rate_ts_top80==0),7fe0d4b923cb,2,42,32,reg_atr_change_rate_ts_band30_70,regime,atr_change_rate,volatility,0
(*)|(loc_dist_ema20_atr_ts_band25_75==1&loc_dist_ema20_atr_ts_top20==1&loc_dist_ema20_atr_ts_top30==1)|(reg_atr_change_rate_ts_band30_70==0&reg_atr_change_rate_ts_top80==0),7fe0d4b923cb,2,42,1,loc_dist_ema20_atr_ts_top20,location,dist_ema20_atr,context,1
(*)|(loc_dist_ema20_atr_ts_band25_75==1&loc_dist_ema20_atr_ts_top20==1&loc_dist_ema20_atr_ts_top30==1)|(reg_atr_change_rate_ts_band30_70==0&reg_atr_change_rate_ts_top80==0),7fe0d4b923cb,2,42,31,loc_dist_ema20_atr_ts_band25_75,location,dist_ema20_atr,context,1
(*)|(loc_dist_ema20_atr_ts_band25_75==1&loc_dist_ema20_atr_ts_top20==1&loc_dist_ema20_atr_ts_top30==1)|(reg_atr_change_rate_ts_band30_70==0&reg_atr_change_rate_ts_top80==0),7fe0d4b923cb,2,42,5,loc_dist_ema20_atr_ts_top30,location,dist_ema20_atr,context,1
(*)|(loc_dist_ema20_atr_ts_band40_60==0)|(reg_atr_change_rate_ts_band30_70==1&reg_atr_change_rate_ts_top40==0&reg_atr_change_rate_ts_top80==0),e7528ff3ba3a,2,42,24,reg_atr_change_rate_ts_top80,regime,atr_change_rate,volatility,0
(*)|(loc_dist_ema20_atr_ts_band40_60==0)|(reg_atr_change_rate_ts_band30_70==1&reg_atr_change_rate_ts_top40==0&reg_atr_change_rate_ts_top80==0),e7528ff3ba3a,2,42,32,reg_atr_change_rate_ts_band30_70,regime,atr_change_rate,volatility,1
(*)|(loc_dist_ema20_atr_ts_band40_60==0)|(reg_atr_change_rate_ts_band30_70==1&reg_atr_change_rate_ts_top40==0&reg_atr_change_rate_ts_top80==0),e7528ff3ba3a,2,42,8,reg_atr_change_rate_ts_top40,regime,atr_change_rate,volatility,0
(*)|(loc_dist_ema20_atr_ts_band40_60==0)|(reg_atr_change_rate_ts_band30_70==1&reg_atr_change_rate_ts_top40==0&reg_atr_change_rate_ts_top80==0),e7528ff3ba3a,2,42,35,loc_dist_ema20_atr_ts_band40_60,location,dist_ema20_atr,context,0
(*)|(loc_dist_ema20_atr_ts_band40_60==0)|(reg_atr_change_rate_ts_band30_70==1&reg_atr_change_rate_ts_top40==1&reg_atr_change_rate_ts_top80==0),669936143f41,2,42,24,reg_atr_change_rate_ts_top80,regime,atr_change_rate,volatility,0
(*)|(loc_dist_ema20_atr_ts_band40_60==0)|(reg_atr_change_rate_ts_band30_70==1&reg_atr_change_rate_ts_top40==1&reg_atr_change_rate_ts_top80==0),669936143f41,2,42,32,reg_atr_change_rate_ts_band30_70,regime,atr_change_rate,volatility,1
(*)|(loc_dist_ema20_atr_ts_band40_60==0)|(reg_atr_change_rate_ts_band30_70==1&reg_atr_change_rate_ts_top40==1&reg_atr_change_rate_ts_top80==0),669936143f41,2,42,8,reg_atr_change_rate_ts_top40,regime,atr_change_rate,volatility,1
(*)|(loc_dist_ema20_atr_ts_band40_60==0)|(reg_atr_change_rate_ts_band30_70==1&reg_atr_change_rate_ts_top40==1&reg_atr_change_rate_ts_top80==0),669936143f41,2,42,35,loc_dist_ema20_atr_ts_band40_60,location,dist_ema20_atr,context,0
(*)|(loc_dist_ema20_atr_ts_band40_60==1)|(reg_atr_change_rate_ts_band30_70==1&reg_atr_change_rate_ts_top50==0&reg_atr_change_rate_ts_top80==0),8fc7ae86ade6,2,42,24,reg_atr_change_rate_ts_top80,regime,atr_change_rate,volatility,0
(*)|(loc_dist_ema20_atr_ts_band40_60==1)|(reg_atr_change_rate_ts_band30_70==1&reg_atr_change_rate_ts_top50==0&reg_atr_change_rate_ts_top80==0),8fc7ae86ade6,2,42,32,reg_atr_change_rate_ts_band30_70,regime,atr_change_rate,volatility,1
(*)|(loc_dist_ema20_atr_ts_band40_60==1)|(reg_atr_change_rate_ts_band30_70==1&reg_atr_change_rate_ts_top50==0&reg_atr_change_rate_ts_top80==0),8fc7ae86ade6,2,42,12,reg_atr_change_rate_ts_top50,regime,atr_change_rate,volatility,0
(*)|(loc_dist_ema20_atr_ts_band40_60==1)|(reg_atr_change_rate_ts_band30_70==1&reg_atr_change_rate_ts_top50==0&reg_atr_change_rate_ts_top80==0),8fc7ae86ade6,2,42,35,loc_dist_ema20_atr_ts_band40_60,location,dist_ema20_atr,context,1
(*)|(loc_dist_ema20_atr_ts_band40_60==1)|(reg_atr_change_rate_ts_band30_70==1&reg_atr_change_rate_ts_top50==1&reg_atr_change_rate_ts_top80==0),ca5725252e80,2,42,24,reg_atr_change_rate_ts_top80,regime,atr_change_rate,volatility,0
(*)|(loc_dist_ema20_atr_ts_band40_60==1)|(reg_atr_change_rate_ts_band30_70==1&reg_atr_change_rate_ts_top50==1&reg_atr_change_rate_ts_top80==0),ca5725252e80,2,42,32,reg_atr_change_rate_ts_band30_70,regime,atr_change_rate,volatility,1
(*)|(loc_dist_ema20_atr_ts_band40_60==1)|(reg_atr_change_rate_ts_band30_70==1&reg_atr_change_rate_ts_top50==1&reg_atr_change_rate_ts_top80==0),ca5725252e80,2,42,12,reg_atr_change_rate_ts_top50,regime,atr_change_rate,volatility,1
(*)|(loc_dist_ema20_atr_ts_band40_60==1)|(reg_atr_change_rate_ts_band30_70==1&reg_atr_change_rate_ts_top50==1&reg_atr_change_rate_ts_top80==0),ca5725252e80,2,42,35,loc_dist_ema20_atr_ts_band40_60,location,dist_ema20_atr,context,1
(*)|(*)|(reg_atr_change_rate_ts_top80==1),10b2c93c451b,2,42,24,reg_atr_change_rate_ts_top80,regime,atr_change_rate,volatility,1
(*)|(loc_dist_ema20_atr_ts_bot60==0)|(reg_atr_change_rate_ts_band25_75==0&reg_atr_change_rate_ts_top70==1&reg_atr_change_rate_ts_top80==0),6a3c52e1ef86,2,42,24,reg_atr_change_rate_ts_top80,regime,atr_change_rate,volatility,0
(*)|(loc_dist_ema20_atr_ts_bot60==0)|(reg_atr_change_rate_ts_band25_75==0&reg_atr_change_rate_ts_top70==1&reg_atr_change_rate_ts_top80==0),6a3c52e1ef86,2,42,20,reg_atr_change_rate_ts_top70,regime,atr_change_rate,volatility,1
(*)|(loc_dist_ema20_atr_ts_bot60==0)|(reg_atr_change_rate_ts_band25_75==0&reg_atr_change_rate_ts_top70==1&reg_atr_change_rate_ts_top80==0),6a3c52e1ef86,2,42,30,reg_atr_change_rate_ts_band25_75,regime,atr_change_rate,volatility,0
(*)|(loc_dist_ema20_atr_ts_bot60==0)|(reg_atr_change_rate_ts_band25_75==0&reg_atr_change_rate_ts_top70==1&reg_atr_change_rate_ts_top80==0),6a3c52e1ef86,2,42,19,loc_dist_ema20_atr_ts_bot60,location,dist_ema20_atr,context,0
(*)|(loc_dist_ema20_atr_ts_bot60==0)|(reg_atr_change_rate_ts_band25_75==1&reg_atr_change_rate_ts_top70==1&reg_atr_change_rate_ts_top80==0),f3d5244810fe,2,42,24,reg_atr_change_rate_ts_top80,regime,atr_change_rate,volatility,0
(*)|(loc_dist_ema20_atr_ts_bot60==0)|(reg_atr_change_rate_ts_band25_75==1&reg_atr_change_rate_ts_top70==1&reg_atr_change_rate_ts_top80==0),f3d5244810fe,2,42,20,reg_atr_change_rate_ts_top70,regime,atr_change_rate,volatility,1
(*)|(loc_dist_ema20_atr_ts_bot60==0)|(reg_atr_change_rate_ts_band25_75==1&reg_atr_change_rate_ts_top70==1&reg_atr_change_rate_ts_top80==0),f3d5244810fe,2,42,30,reg_atr_change_rate_ts_band25_75,regime,atr_change_rate,volatility,1
(*)|(loc_dist_ema20_atr_ts_bot60==0)|(reg_atr_change_rate_ts_band25_75==1&reg_atr_change_rate_ts_top70==1&reg_atr_change_rate_ts_top80==0),f3d5244810fe,2,42,19,loc_dist_ema20_atr_ts_bot60,location,dist_ema20_atr,context,0
(*)|(loc_dist_ema20_atr_ts_bot60==1)|(reg_atr_change_rate_ts_band25_75==0&reg_atr_change_rate_ts_top20==0&reg_atr_change_rate_ts_top80==0),a3f94f298277,2,42,24,reg_atr_change_rate_ts_top80,regime,atr_change_rate,volatility,0
(*)|(loc_dist_ema20_atr_ts_bot60==1)|(reg_atr_change_rate_ts_band25_75==0&reg_atr_change_rate_ts_top20==0&reg_atr_change_rate_ts_top80==0),a3f94f298277,2,42,30,reg_atr_change_rate_ts_band25_75,regime,atr_change_rate,volatility,0
(*)|(loc_dist_ema20_atr_ts_bot60==1)|(reg_atr_change_rate_ts_band25_75==0&reg_atr_change_rate_ts_top20==0&reg_atr_change_rate_ts_top80==0),a3f94f298277,2,42,0,reg_atr_change_rate_ts_top20,regime,atr_change_rate,volatility,0
(*)|(loc_dist_ema20_atr_ts_bot60==1)|(reg_atr_change_rate_ts_band25_75==0&reg_atr_change_rate_ts_top20==0&reg_atr_change_rate_ts_top80==0),a3f94f298277,2,42,19,loc_dist_ema20_atr_ts_bot60,location,dist_ema20_atr,context,1
(*)|(loc_dist_ema20_atr_ts_bot60==1)|(reg_atr_change_rate_ts_band25_75==0&reg_atr_change_rate_ts_top20==1&reg_atr_change_rate_ts_top80==0),021e7aeb14ed,2,42,24,reg_atr_change_rate_ts_top80,regime,atr_change_rate,volatility,0
(*)|(loc_dist_ema20_atr_ts_bot60==1)|(reg_atr_change_rate_ts_band25_75==0&reg_atr_change_rate_ts_top20==1&reg_atr_change_rate_ts_top80==0),021e7aeb14ed,2,42,30,reg_atr_change_rate_ts_band25_75,regime,atr_change_rate,volatility,0
(*)|(loc_dist_ema20_atr_ts_bot60==1)|(reg_atr_change_rate_ts_band25_75==0&reg_atr_change_rate_ts_top20==1&reg_atr_change_rate_ts_top80==0),021e7aeb14ed,2,42,0,reg_atr_change_rate_ts_top20,regime,atr_change_rate,volatility,1
(*)|(loc_dist_ema20_atr_ts_bot60==1)|(reg_atr_change_rate_ts_band25_75==0&reg_atr_change_rate_ts_top20==1&reg_atr_change_rate_ts_top80==0),021e7aeb14ed,2,42,19,loc_dist_ema20_atr_ts_bot60,location,dist_ema20_atr,context,1
(*)|(loc_dist_ema20_atr_ts_bot40==0&loc_dist_ema20_atr_ts_bot60==1)|(reg_atr_change_rate_ts_band25_75==1&reg_atr_change_rate_ts_top50==0&reg_atr_change_rate_ts_top80==0),060af3d0d9ee,2,42,24,reg_atr_change_rate_ts_top80,regime,atr_change_rate,volatility,0
(*)|(loc_dist_ema20_atr_ts_bot40==0&loc_dist_ema20_atr_ts_bot60==1)|(reg_atr_change_rate_ts_band25_75==1&reg_atr_change_rate_ts_top50==0&reg_atr_change_rate_ts_top80==0),060af3d0d9ee,2,42,30,reg_atr_change_rate_ts_band25_75,regime,atr_change_rate,volatility,1
(*)|(loc_dist_ema20_atr_ts_bot40==0&loc_dist_ema20_atr_ts_bot60==1)|(reg_atr_change_rate_ts_band25_75==1&reg_atr_change_rate_ts_top50==0&reg_atr_change_rate_ts_top80==0),060af3d0d9ee,2,42,12,reg_atr_change_rate_ts_top50,regime,atr_change_rate,volatility,0
(*)|(loc_dist_ema20_atr_ts_bot40==0&loc_dist_ema20_atr_ts_bot60==1)|(reg_atr_change_rate_ts_band25_75==1&reg_atr_change_rate_ts_top50==0&reg_atr_change_rate_ts_top80==0),060af3d0d9ee,2,42,19,loc_dist_ema20_atr_ts_bot60,location,dist_ema20_atr,context,1
(*)|(loc_dist_ema20_atr_ts_bot40==0&loc_dist_ema20_atr_ts_bot60==1)|(reg_atr_change_rate_ts_band25_75==1&reg_atr_change_rate_ts_top50==0&reg_atr_change_rate_ts_top80==0),060af3d0d9ee,2,42,11,loc_dist_ema20_atr_ts_bot40,location,dist_ema20_atr,context,0
(*)|(loc_dist_ema20_atr_ts_bot40==0&loc_dist_ema20_atr_ts_bot60==1)|(reg_atr_change_rate_ts_band25_75==1&reg_atr_change_rate_ts_top50==1&reg_atr_change_rate_ts_top80==0),8dbd18b8cd89,2,42,24,reg_atr_change_rate_ts_top80,regime,atr_change_rate,volatility,0
(*)|(loc_dist_ema20_atr_ts_bot40==0&loc_dist_ema20_atr_ts_bot60==1)|(reg_atr_change_rate_ts_band25_75==1&reg_atr_change_rate_ts_top50==1&reg_atr_change_rate_ts_top80==0),8dbd18b8cd89,2,42,30,reg_atr_change_rate_ts_band25_75,regime,atr_change_rate,volatility,1
(*)|(loc_dist_ema20_atr_ts_bot40==0&loc_dist_ema20_atr_ts_bot60==1)|(reg_atr_change_rate_ts_band25_75==1&reg_atr_change_rate_ts_top50==1&reg_atr_change_rate_ts_top80==0),8dbd18b8cd89,2,42,12,reg_atr_change_rate_ts_top50,regime,atr_change_rate,volatility,1
(*)|(loc_dist_ema20_atr_ts_bot40==0&loc_dist_ema20_atr_ts_bot60==1)|(reg_atr_change_rate_ts_band25_75==1&reg_atr_change_rate_ts_top50==1&reg_atr_change_rate_ts_top80==0),8dbd18b8cd89,2,42,19,loc_dist_ema20_atr_ts_bot60,location,dist_ema20_atr,context,1
(*)|(loc_dist_ema20_atr_ts_bot40==0&loc_dist_ema20_atr_ts_bot60==1)|(reg_atr_change_rate_ts_band25_75==1&reg_atr_change_rate_ts_top50==1&reg_atr_change_rate_ts_top80==0),8dbd18b8cd89,2,42,11,loc_dist_ema20_atr_ts_bot40,location,dist_ema20_atr,context,0
(*)|(loc_dist_ema20_atr_ts_bot40==1&loc_dist_ema20_atr_ts_bot60==1&loc_dist_ema20_atr_ts_top30==0)|(reg_atr_change_rate_ts_band25_75==1&reg_atr_change_rate_ts_top80==0),804de8e526a0,2,42,24,reg_atr_change_rate_ts_top80,regime,atr_change_rate,volatility,0
(*)|(loc_dist_ema20_atr_ts_bot40==1&loc_dist_ema20_atr_ts_bot60==1&loc_dist_ema20_atr_ts_top30==0)|(reg_atr_change_rate_ts_band25_75==1&reg_atr_change_rate_ts_top80==0),804de8e526a0,2,42,30,reg_atr_change_rate_ts_band25_75,regime,atr_change_rate,volatility,1
(*)|(loc_dist_ema20_atr_ts_bot40==1&loc_dist_ema20_atr_ts_bot60==1&loc_dist_ema20_atr_ts_top30==0)|(reg_atr_change_rate_ts_band25_75==1&reg_atr_change_rate_ts_top80==0),804de8e526a0,2,42,19,loc_dist_ema20_atr_ts_bot60,location,dist_ema20_atr,context,1
(*)|(loc_dist_ema20_atr_ts_bot40==1&loc_dist_ema20_atr_ts_bot60==1&loc_dist_ema20_atr_ts_top30==0)|(reg_atr_change_rate_ts_band25_75==1&reg_atr_change_rate_ts_top80==0),804de8e526a0,2,42,11,loc_dist_ema20_atr_ts_bot40,location,dist_ema20_atr,context,1
(*)|(loc_dist_ema20_atr_ts_bot40==1&loc_dist_ema20_atr_ts_bot60==1&loc_dist_ema20_atr_ts_top30==0)|(reg_atr_change_rate_ts_band25_75==1&reg_atr_change_rate_ts_top80==0),804de8e526a0,2,42,5,loc_dist_ema20_atr_ts_top30,location,dist_ema20_atr,context,0
(*)|(loc_dist_ema20_atr_ts_bot40==1&loc_dist_ema20_atr_ts_bot60==1&loc_dist_ema20_atr_ts_top30==1)|(reg_atr_change_rate_ts_band25_75==1&reg_atr_change_rate_ts_top80==0),764a8baa5961,2,42,24,reg_atr_change_rate_ts_top80,regime,atr_change_rate,volatility,0
(*)|(loc_dist_ema20_atr_ts_bot40==1&loc_dist_ema20_atr_ts_bot60==1&loc_dist_ema20_atr_ts_top30==1)|(reg_atr_change_rate_ts_band25_75==1&reg_atr_change_rate_ts_top80==0),764a8baa5961,2,42,30,reg_atr_change_rate_ts_band25_75,regime,atr_change_rate,volatility,1
(*)|(loc_dist_ema20_atr_ts_bot40==1&loc_dist_ema20_atr_ts_bot60==1&loc_dist_ema20_atr_ts_top30==1)|(reg_atr_change_rate_ts_band25_75==1&reg_atr_change_rate_ts_top80==0),764a8baa5961,2,42,19,loc_dist_ema20_atr_ts_bot60,location,dist_ema20_atr,context,1
(*)|(loc_dist_ema20_atr_ts_bot40==1&loc_dist_ema20_atr_ts_bot60==1&loc_dist_ema20_atr_ts_top30==1)|(reg_atr_change_rate_ts_band25_75==1&reg_atr_change_rate_ts_top80==0),764a8baa5961,2,42,11,loc_dist_ema20_atr_ts_bot40,location,dist_ema20_atr,context,1
(*)|(loc_dist_ema20_atr_ts_bot40==1&loc_dist_ema20_atr_ts_bot60==1&loc_dist_ema20_atr_ts_top30==1)|(reg_atr_change_rate_ts_band25_75==1&reg_atr_change_rate_ts_top80==0),764a8baa5961,2,42,5,loc_dist_ema20_atr_ts_top30,location,dist_ema20_atr,context,1
(*)|(*)|(reg_atr_change_rate_ts_top80==1),143e70331146,2,42,24,reg_atr_change_rate_ts_top80,regime,atr_change_rate,volatility,1
(*)|(loc_dist_ema20_atr_ts_band25_75==0&loc_dist_ema20_atr_ts_band40_60==0)|(reg_atr_change_rate_ts_bot20==1&reg_atr_change_rate_ts_top40==0&reg_atr_change_rate_ts_top70==0&reg_atr_change_rate_ts_top80==0),ac9830b0c459,2,42,24,reg_atr_change_rate_ts_top80,regime,atr_change_rate,volatility,0
(*)|(loc_dist_ema20_atr_ts_band25_75==0&loc_dist_ema20_atr_ts_band40_60==0)|(reg_atr_change_rate_ts_bot20==1&reg_atr_change_rate_ts_top40==0&reg_atr_change_rate_ts_top70==0&reg_atr_change_rate_ts_top80==0),ac9830b0c459,2,42,20,reg_atr_change_rate_ts_top70,regime,atr_change_rate,volatility,0
(*)|(loc_dist_ema20_atr_ts_band25_75==0&loc_dist_ema20_atr_ts_band40_60==0)|(reg_atr_change_rate_ts_bot20==1&reg_atr_change_rate_ts_top40==0&reg_atr_change_rate_ts_top70==0&reg_atr_change_rate_ts_top80==0),ac9830b0c459,2,42,8,reg_atr_change_rate_ts_top40,regime,atr_change_rate,volatility,0
(*)|(loc_dist_ema20_atr_ts_band25_75==0&loc_dist_ema20_atr_ts_band40_60==0)|(reg_atr_change_rate_ts_bot20==1&reg_atr_change_rate_ts_top40==0&reg_atr_change_rate_ts_top70==0&reg_atr_change_rate_ts_top80==0),ac9830b0c459,2,42,2,reg_atr_change_rate_ts_bot20,regime,atr_change_rate,volatility,1
(*)|(loc_dist_ema20_atr_ts_band25_75==0&loc_dist_ema20_atr_ts_band40_60==0)|(reg_atr_change_rate_ts_bot20==1&reg_atr_change_rate_ts_top40==0&reg_atr_change_rate_ts_top70==0&reg_atr_change_rate_ts_top80==0),ac9830b0c459,2,42,35,loc_dist_ema20_atr_ts_band40_60,location,dist_ema20_atr,context,0
(*)|(loc_dist_ema20_atr_ts_band25_75==0&loc_dist_ema20_atr_ts_band40_60==0)|(reg_atr_change_rate_ts_bot20==1&reg_atr_change_rate_ts_top40==0&reg_atr_change_rate_ts_top70==0&reg_atr_change_rate_ts_top80==0),ac9830b0c459,2,42,31,loc_dist_ema20_atr_ts_band25_75,location,dist_ema20_atr,context,0
(*)|(loc_dist_ema20_atr_ts_band25_75==1&loc_dist_ema20_atr_ts_band40_60==0)|(reg_atr_change_rate_ts_band30_70==0&reg_atr_change_rate_ts_top40==0&reg_atr_change_rate_ts_top70==0&reg_atr_change_rate_ts_top80==0),c04df008376f,2,42,24,reg_atr_change_rate_ts_top80,regime,atr_change_rate,volatility,0
(*)|(loc_dist_ema20_atr_ts_band25_75==1&loc_dist_ema20_atr_ts_band40_60==0)|(reg_atr_change_rate_ts_band30_70==0&reg_atr_change_rate_ts_top40==0&reg_atr_change_rate_ts_top70==0&reg_atr_change_rate_ts_top80==0),c04df008376f,2,42,20,reg_atr_change_rate_ts_top70,regime,atr_change_rate,volatility,0
(*)|(loc_dist_ema20_atr_ts_band25_75==1&loc_dist_ema20_atr_ts_band40_60==0)|(reg_atr_change_rate_ts_band30_70==0&reg_atr_change_rate_ts_top40==0&reg_atr_change_rate_ts_top70==0&reg_atr_change_rate_ts_top80==0),c04df008376f,2,42,8,reg_atr_change_rate_ts_top40,regime,atr_change_rate,volatility,0
(*)|(loc_dist_ema20_atr_ts_band25_75==1&loc_dist_ema20_atr_ts_band40_60==0)|(reg_atr_change_rate_ts_band30_70==0&reg_atr_change_rate_ts_top40==0&reg_atr_change_rate_ts_top70==0&reg_atr_change_rate_ts_top80==0),c04df008376f,2,42,32,reg_atr_change_rate_ts_band30_70,regime,atr_change_rate,volatility,0
(*)|(loc_dist_ema20_atr_ts_band25_75==1&loc_dist_ema20_atr_ts_band40_60==0)|(reg_atr_change_rate_ts_band30_70==0&reg_atr_change_rate_ts_top40==0&reg_atr_change_rate_ts_top70==0&reg_atr_change_rate_ts_top80==0),c04df008376f,2,42,35,loc_dist_ema20_atr_ts_band40_60,location,dist_ema20_atr,context,0
(*)|(loc_dist_ema20_atr_ts_band25_75==1&loc_dist_ema20_atr_ts_band40_60==0)|(reg_atr_change_rate_ts_band30_70==0&reg_atr_change_rate_ts_top40==0&reg_atr_change_rate_ts_top70==0&reg_atr_change_rate_ts_top80==0),c04df008376f,2,42,31,loc_dist_ema20_atr_ts_band25_75,location,dist_ema20_atr,context,1
(*)|(loc_dist_ema20_atr_ts_band25_75==1&loc_dist_ema20_atr_ts_band40_60==0)|(reg_atr_change_rate_ts_band30_70==1&reg_atr_change_rate_ts_top40==0&reg_atr_change_rate_ts_top70==0&reg_atr_change_rate_ts_top80==0),f65cc5838573,2,42,24,reg_atr_change_rate_ts_top80,regime,atr_change_rate,volatility,0
(*)|(loc_dist_ema20_atr_ts_band25_75==1&loc_dist_ema20_atr_ts_band40_60==0)|(reg_atr_change_rate_ts_band30_70==1&reg_atr_change_rate_ts_top40==0&reg_atr_change_rate_ts_top70==0&reg_atr_change_rate_ts_top80==0),f65cc5838573,2,42,20,reg_atr_change_rate_ts_top70,regime,atr_change_rate,volatility,0
(*)|(loc_dist_ema20_atr_ts_band25_75==1&loc_dist_ema20_atr_ts_band40_60==0)|(reg_atr_change_rate_ts_band30_70==1&reg_atr_change_rate_ts_top40==0&reg_atr_change_rate_ts_top70==0&reg_atr_change_rate_ts_top80==0),f65cc5838573,2,42,8,reg_atr_change_rate_ts_top40,regime,atr_change_rate,volatility,0
(*)|(loc_dist_ema20_atr_ts_band25_75==1&loc_dist_ema20_atr_ts_band40_60==0)|(reg_atr_change_rate_ts_band30_70==1&reg_atr_change_rate_ts_top40==0&reg_atr_change_rate_ts_top70==0&reg_atr_change_rate_ts_top80==0),f65cc5838573,2,42,32,reg_atr_change_rate_ts_band30_70,regime,atr_change_rate,volatility,1
(*)|(loc_dist_ema20_atr_ts_band25_75==1&loc_dist_ema20_atr_ts_band40_60==0)|(reg_atr_change_rate_ts_band30_70==1&reg_atr_change_rate_ts_top40==0&reg_atr_change_rate_ts_top70==0&reg_atr_change_rate_ts_top80==0),f65cc5838573,2,42,35,loc_dist_ema20_atr_ts_band40_60,location,dist_ema20_atr,context,0
(*)|(loc_dist_ema20_atr_ts_band25_75==1&loc_dist_ema20_atr_ts_band40_60==0)|(reg_atr_change_rate_ts_band30_70==1&reg_atr_change_rate_ts_top40==0&reg_atr_change_rate_ts_top70==0&reg_atr_change_rate_ts_top80==0),f65cc5838573,2,42,31,loc_dist_ema20_atr_ts_band25_75,location,dist_ema20_atr,context,1
(*)|(loc_dist_ema20_atr_ts_band40_60==0)|(reg_atr_change_rate_ts_top40==1&reg_atr_change_rate_ts_top70==0&reg_atr_change_rate_ts_top80==0),5cca18c09dcc,2,42,24,reg_atr_change_rate_ts_top80,regime,atr_change_rate,volatility,0
(*)|(loc_dist_ema20_atr_ts_band40_60==0)|(reg_atr_change_rate_ts_top40==1&reg_atr_change_rate_ts_top70==0&reg_atr_change_rate_ts_top80==0),5cca18c09dcc,2,42,20,reg_atr_change_rate_ts_top70,regime,atr_change_rate,volatility,0
(*)|(loc_dist_ema20_atr_ts_band40_60==0)|(reg_atr_change_rate_ts_top40==1&reg_atr_change_rate_ts_top70==0&reg_atr_change_rate_ts_top80==0),5cca18c09dcc,2,42,8,reg_atr_change_rate_ts_top40,regime,atr_change_rate,volatility,1
(*)|(loc_dist_ema20_atr_ts_band40_60==0)|(reg_atr_change_rate_ts_top40==1&reg_atr_change_rate_ts_top70==0&reg_atr_change_rate_ts_top80==0),5cca18c09dcc,2,42,35,loc_dist_ema20_atr_ts_band40_60,location,dist_ema20_atr,context,0
(*)|(loc_dist_ema20_atr_ts_band40_60==1)|(reg_atr_change_rate_ts_top50==0&reg_atr_change_rate_ts_top70==0&reg_atr_change_rate_ts_top80==0),6576b1e7a1ab,2,42,24,reg_atr_change_rate_ts_top80,regime,atr_change_rate,volatility,0
(*)|(loc_dist_ema20_atr_ts_band40_60==1)|(reg_atr_change_rate_ts_top50==0&reg_atr_change_rate_ts_top70==0&reg_atr_change_rate_ts_top80==0),6576b1e7a1ab,2,42,20,reg_atr_change_rate_ts_top70,regime,atr_change_rate,volatility,0
(*)|(loc_dist_ema20_atr_ts_band40_60==1)|(reg_atr_change_rate_ts_top50==0&reg_atr_change_rate_ts_top70==0&reg_atr_change_rate_ts_top80==0),6576b1e7a1ab,2,42,12,reg_atr_change_rate_ts_top50,regime,atr_change_rate,volatility,0
(*)|(loc_dist_ema20_atr_ts_band40_60==1)|(reg_atr_change_rate_ts_top50==0&reg_atr_change_rate_ts_top70==0&reg_atr_change_rate_ts_top80==0),6576b1e7a1ab,2,42,35,loc_dist_ema20_atr_ts_band40_60,location,dist_ema20_atr,context,1
(*)|(loc_dist_ema20_atr_ts_band40_60==1)|(reg_atr_change_rate_ts_top50==1&reg_atr_change_rate_ts_top70==0&reg_atr_change_rate_ts_top80==0),8cf410c948b3,2,42,24,reg_atr_change_rate_ts_top80,regime,atr_change_rate,volatility,0
(*)|(loc_dist_ema20_atr_ts_band40_60==1)|(reg_atr_change_rate_ts_top50==1&reg_atr_change_rate_ts_top70==0&reg_atr_change_rate_ts_top80==0),8cf410c948b3,2,42,20,reg_atr_change_rate_ts_top70,regime,atr_change_rate,volatility,0
(*)|(loc_dist_ema20_atr_ts_band40_60==1)|(reg_atr_change_rate_ts_top50==1&reg_atr_change_rate_ts_top70==0&reg_atr_change_rate_ts_top80==0),8cf410c948b3,2,42,12,reg_atr_change_rate_ts_top50,regime,atr_change_rate,volatility,1
(*)|(loc_dist_ema20_atr_ts_band40_60==1)|(reg_atr_change_rate_ts_top50==1&reg_atr_change_rate_ts_top70==0&reg_atr_change_rate_ts_top80==0),8cf410c948b3,2,42,35,loc_dist_ema20_atr_ts_band40_60,location,dist_ema20_atr,context,1
(*)|(loc_dist_ema20_atr_ts_band25_75==0)|(reg_atr_change_rate_ts_top70==1&reg_atr_change_rate_ts_top80==0),f85cb6443ea4,2,42,24,reg_atr_change_rate_ts_top80,regime,atr_change_rate,volatility,0
(*)|(loc_dist_ema20_atr_ts_band25_75==0)|(reg_atr_change_rate_ts_top70==1&reg_atr_change_rate_ts_top80==0),f85cb6443ea4,2,42,20,reg_atr_change_rate_ts_top70,regime,atr_change_rate,volatility,1
(*)|(loc_dist_ema20_atr_ts_band25_75==0)|(reg_atr_change_rate_ts_top70==1&reg_atr_change_rate_ts_top80==0),f85cb6443ea4,2,42,31,loc_dist_ema20_atr_ts_band25_75,location,dist_ema20_atr,context,0
(*)|(loc_dist_ema20_atr_ts_band25_75==1)|(reg_atr_change_rate_ts_top70==1&reg_atr_change_rate_ts_top80==0),911815ee6613,2,42,24,reg_atr_change_rate_ts_top80,regime,atr_change_rate,volatility,0
(*)|(loc_dist_ema20_atr_ts_band25_75==1)|(reg_atr_change_rate_ts_top70==1&reg_atr_change_rate_ts_top80==0),911815ee6613,2,42,20,reg_atr_change_rate_ts_top70,regime,atr_change_rate,volatility,1
(*)|(loc_dist_ema20_atr_ts_band25_75==1)|(reg_atr_change_rate_ts_top70==1&reg_atr_change_rate_ts_top80==0),911815ee6613,2,42,31,loc_dist_ema20_atr_ts_band25_75,location,dist_ema20_atr,context,1
(*)|(*)|(reg_atr_change_rate_ts_top80==1),fea4314ec9d3,2,42,24,reg_atr_change_rate_ts_top80,regime,atr_change_rate,volatility,1
(*)|(*)|(reg_atr_change_rate_ts_band20_80==0&reg_atr_change_rate_ts_top20==1),60f7ee77b1f1,2,42,28,reg_atr_change_rate_ts_band20_80,regime,atr_change_rate,volatility,0
(*)|(*)|(reg_atr_change_rate_ts_band20_80==0&reg_atr_change_rate_ts_top20==1),60f7ee77b1f1,2,42,0,reg_atr_change_rate_ts_top20,regime,atr_change_rate,volatility,1
(*)|(*)|(reg_atr_change_rate_ts_band20_80==1&reg_atr_change_rate_ts_band25_75==0&reg_atr_change_rate_ts_top60==0),8ecba6bb6836,2,42,28,reg_atr_change_rate_ts_band20_80,regime,atr_change_rate,volatility,1
(*)|(*)|(reg_atr_change_rate_ts_band20_80==1&reg_atr_change_rate_ts_band25_75==0&reg_atr_change_rate_ts_top60==0),8ecba6bb6836,2,42,16,reg_atr_change_rate_ts_top60,regime,atr_change_rate,volatility,0
(*)|(*)|(reg_atr_change_rate_ts_band20_80==1&reg_atr_change_rate_ts_band25_75==0&reg_atr_change_rate_ts_top60==0),8ecba6bb6836,2,42,30,reg_atr_change_rate_ts_band25_75,regime,atr_change_rate,volatility,0
(*)|(loc_dist_ema20_atr_ts_top40==0)|(reg_atr_change_rate_ts_band20_80==1&reg_atr_change_rate_ts_band25_75==1&reg_atr_change_rate_ts_top30==0&reg_atr_change_rate_ts_top50==0&reg_atr_change_rate_ts_top60==0),169cb7637122,2,42,28,reg_atr_change_rate_ts_band20_80,regime,atr_change_rate,volatility,1
(*)|(loc_dist_ema20_atr_ts_top40==0)|(reg_atr_change_rate_ts_band20_80==1&reg_atr_change_rate_ts_band25_75==1&reg_atr_change_rate_ts_top30==0&reg_atr_change_rate_ts_top50==0&reg_atr_change_rate_ts_top60==0),169cb7637122,2,42,16,reg_atr_change_rate_ts_top60,regime,atr_change_rate,volatility,0
(*)|(loc_dist_ema20_atr_ts_top40==0)|(reg_atr_change_rate_ts_band20_80==1&reg_atr_change_rate_ts_band25_75==1&reg_atr_change_rate_ts_top30==0&reg_atr_change_rate_ts_top50==0&reg_atr_change_rate_ts_top60==0),169cb7637122,2,42,30,reg_atr_change_rate_ts_band25_75,regime,atr_change_rate,volatility,1
(*)|(loc_dist_ema20_atr_ts_top40==0)|(reg_atr_change_rate_ts_band20_80==1&reg_atr_change_rate_ts_band25_75==1&reg_atr_change_rate_ts_top30==0&reg_atr_change_rate_ts_top50==0&reg_atr_change_rate_ts_top60==0),169cb7637122,2,42,12,reg_atr_change_rate_ts_top50,regime,atr_change_rate,volatility,0
(*)|(loc_dist_ema20_atr_ts_top40==0)|(reg_atr_change_rate_ts_band20_80==1&reg_atr_change_rate_ts_band25_75==1&reg_atr_change_rate_ts_top30==0&reg_atr_change_rate_ts_top50==0&reg_atr_change_rate_ts_top60==0),169cb7637122,2,42,4,reg_atr_change_rate_ts_top30,regime,atr_change_rate,volatility,0
(*)|(loc_dist_ema20_atr_ts_top40==0)|(reg_atr_change_rate_ts_band20_80==1&reg_atr_change_rate_ts_band25_75==1&reg_atr_change_rate_ts_top30==0&reg_atr_change_rate_ts_top50==0&reg_atr_change_rate_ts_top60==0),169cb7637122,2,42,9,loc_dist_ema20_atr_ts_top40,location,dist_ema20_atr,context,0
(*)|(loc_dist_ema20_atr_ts_top40==0)|(reg_atr_change_rate_ts_band20_80==1&reg_atr_change_rate_ts_band25_75==1&reg_atr_change_rate_ts_top30==1&reg_atr_change_rate_ts_top50==0&reg_atr_change_rate_ts_top60==0),7bfcd041d3b4,2,42,28,reg_atr_change_rate_ts_band20_80,regime,atr_change_rate,volatility,1
(*)|(loc_dist_ema20_atr_ts_top40==0)|(reg_atr_change_rate_ts_band20_80==1&reg_atr_change_rate_ts_band25_75==1&reg_atr_change_rate_ts_top30==1&reg_atr_change_rate_ts_top50==0&reg_atr_change_rate_ts_top60==0),7bfcd041d3b4,2,42,16,reg_atr_change_rate_ts_top60,regime,atr_change_rate,volatility,0
(*)|(loc_dist_ema20_atr_ts_top40==0)|(reg_atr_change_rate_ts_band20_80==1&reg_atr_change_rate_ts_band25_75==1&reg_atr_change_rate_ts_top30==1&reg_atr_change_rate_ts_top50==0&reg_atr_change_rate_ts_top60==0),7bfcd041d3b4,2,42,30,reg_atr_change_rate_ts_band25_75,regime,atr_change_rate,volatility,1
(*)|(loc_dist_ema20_atr_ts_top40==0)|(reg_atr_change_rate_ts_band20_80==1&reg_atr_change_rate_ts_band25_75==1&reg_atr_change_rate_ts_top30==1&reg_atr_change_rate_ts_top50==0&reg_atr_change_rate_ts_top60==0),7bfcd041d3b4,2,42,12,reg_atr_change_rate_ts_top50,regime,atr_change_rate,volatility,0
(*)|(loc_dist_ema20_atr_ts_top40==0)|(reg_atr_change_rate_ts_band20_80==1&reg_atr_change_rate_ts_band25_75==1&reg_atr_change_rate_ts_top30==1&reg_atr_change_rate_ts_top50==0&reg_atr_change_rate_ts_top60==0),7bfcd041d3b4,2,42,4,reg_atr_change_rate_ts_top30,regime,atr_change_rate,volatility,1
(*)|(loc_dist_ema20_atr_ts_top40==0)|(reg_atr_change_rate_ts_band20_80==1&reg_atr_change_rate_ts_band25_75==1&reg_atr_change_rate_ts_top30==1&reg_atr_change_rate_ts_top50==0&reg_atr_change_rate_ts_top60==0),7bfcd041d3b4,2,42,9,loc_dist_ema20_atr_ts_top40,location,dist_ema20_atr,context,0
(*)|(loc_dist_ema20_atr_ts_top40==1)|(reg_atr_change_rate_ts_band20_80==1&reg_atr_change_rate_ts_band25_75==1&reg_atr_change_rate_ts_top50==0&reg_atr_change_rate_ts_top60==0),bbaa2e7e02f9,2,42,28,reg_atr_change_rate_ts_band20_80,regime,atr_change_rate,volatility,1
(*)|(loc_dist_ema20_atr_ts_top40==1)|(reg_atr_change_rate_ts_band20_80==1&reg_atr_change_rate_ts_band25_75==1&reg_atr_change_rate_ts_top50==0&reg_atr_change_rate_ts_top60==0),bbaa2e7e02f9,2,42,16,reg_atr_change_rate_ts_top60,regime,atr_change_rate,volatility,0
(*)|(loc_dist_ema20_atr_ts_top40==1)|(reg_atr_change_rate_ts_band20_80==1&reg_atr_change_rate_ts_band25_75==1&reg_atr_change_rate_ts_top50==0&reg_atr_change_rate_ts_top60==0),bbaa2e7e02f9,2,42,30,reg_atr_change_rate_ts_band25_75,regime,atr_change_rate,volatility,1
(*)|(loc_dist_ema20_atr_ts_top40==1)|(reg_atr_change_rate_ts_band20_80==1&reg_atr_change_rate_ts_band25_75==1&reg_atr_change_rate_ts_top50==0&reg_atr_change_rate_ts_top60==0),bbaa2e7e02f9,2,42,12,reg_atr_change_rate_ts_top50,regime,atr_change_rate,volatility,0
(*)|(loc_dist_ema20_atr_ts_top40==1)|(reg_atr_change_rate_ts_band20_80==1&reg_atr_change_rate_ts_band25_75==1&reg_atr_change_rate_ts_top50==0&reg_atr_change_rate_ts_top60==0),bbaa2e7e02f9,2,42,9,loc_dist_ema20_atr_ts_top40,location,dist_ema20_atr,context,1
(*)|(*)|(reg_atr_change_rate_ts_band20_80==1&reg_atr_change_rate_ts_band25_75==1&reg_atr_change_rate_ts_top50==1&reg_atr_change_rate_ts_top60==0),9ab93dc56fb3,2,42,28,reg_atr_change_rate_ts_band20_80,regime,atr_change_rate,volatility,1
(*)|(*)|(reg_atr_change_rate_ts_band20_80==1&reg_atr_change_rate_ts_band25_75==1&reg_atr_change_rate_ts_top50==1&reg_atr_change_rate_ts_top60==0),9ab93dc56fb3,2,42,16,reg_atr_change_rate_ts_top60,regime,atr_change_rate,volatility,0
(*)|(*)|(reg_atr_change_rate_ts_band20_80==1&reg_atr_change_rate_ts_band25_75==1&reg_atr_change_rate_ts_top50==1&reg_atr_change_rate_ts_top60==0),9ab93dc56fb3,2,42,30,reg_atr_change_rate_ts_band25_75,regime,atr_change_rate,volatility,1
(*)|(*)|(reg_atr_change_rate_ts_band20_80==1&reg_atr_change_rate_ts_band25_75==1&reg_atr_change_rate_ts_top50==1&reg_atr_change_rate_ts_top60==0),9ab93dc56fb3,2,42,12,reg_atr_change_rate_ts_top50,regime,atr_change_rate,volatility,1
(*)|(*)|(reg_atr_change_rate_ts_band20_80==1&reg_atr_change_rate_ts_top60==1&reg_atr_change_rate_ts_top70==0),19c5e9b68dbb,2,42,28,reg_atr_change_rate_ts_band20_80,regime,atr_change_rate,volatility,1
(*)|(*)|(reg_atr_change_rate_ts_band20_80==1&reg_atr_change_rate_ts_top60==1&reg_atr_change_rate_ts_top70==0),19c5e9b68dbb,2,42,16,reg_atr_change_rate_ts_top60,regime,atr_change_rate,volatility,1
(*)|(*)|(reg_atr_change_rate_ts_band20_80==1&reg_atr_change_rate_ts_top60==1&reg_atr_change_rate_ts_top70==0),19c5e9b68dbb,2,42,20,reg_atr_change_rate_ts_top70,regime,atr_change_rate,volatility,0
(*)|(*)|(reg_atr_change_rate_ts_band20_80==1&reg_atr_change_rate_ts_band25_75==0&reg_atr_change_rate_ts_top60==1&reg_atr_change_rate_ts_top70==1),3c9661650d76,2,42,28,reg_atr_change_rate_ts_band20_80,regime,atr_change_rate,volatility,1
(*)|(*)|(reg_atr_change_rate_ts_band20_80==1&reg_atr_change_rate_ts_band25_75==0&reg_atr_change_rate_ts_top60==1&reg_atr_change_rate_ts_top70==1),3c9661650d76,2,42,16,reg_atr_change_rate_ts_top60,regime,atr_change_rate,volatility,1
(*)|(*)|(reg_atr_change_rate_ts_band20_80==1&reg_atr_change_rate_ts_band25_75==0&reg_atr_change_rate_ts_top60==1&reg_atr_change_rate_ts_top70==1),3c9661650d76,2,42,20,reg_atr_change_rate_ts_top70,regime,atr_change_rate,volatility,1
(*)|(*)|(reg_atr_change_rate_ts_band20_80==1&reg_atr_change_rate_ts_band25_75==0&reg_atr_change_rate_ts_top60==1&reg_atr_change_rate_ts_top70==1),3c9661650d76,2,42,30,reg_atr_change_rate_ts_band25_75,regime,atr_change_rate,volatility,0
(*)|(*)|(reg_atr_change_rate_ts_band20_80==1&reg_atr_change_rate_ts_band25_75==1&reg_atr_change_rate_ts_top60==1&reg_atr_change_rate_ts_top70==1),d2ae185c3647,2,42,28,reg_atr_change_rate_ts_band20_80,regime,atr_change_rate,volatility,1
(*)|(*)|(reg_atr_change_rate_ts_band20_80==1&reg_atr_change_rate_ts_band25_75==1&reg_atr_change_rate_ts_top60==1&reg_atr_change_rate_ts_top70==1),d2ae185c3647,2,42,16,reg_atr_change_rate_ts_top60,regime,atr_change_rate,volatility,1
(*)|(*)|(reg_atr_change_rate_ts_band20_80==1&reg_atr_change_rate_ts_band25_75==1&reg_atr_change_rate_ts_top60==1&reg_atr_change_rate_ts_top70==1),d2ae185c3647,2,42,20,reg_atr_change_rate_ts_top70,regime,atr_change_rate,volatility,1
(*)|(*)|(reg_atr_change_rate_ts_band20_80==1&reg_atr_change_rate_ts_band25_75==1&reg_atr_change_rate_ts_top60==1&reg_atr_change_rate_ts_top70==1),d2ae185c3647,2,42,30,reg_atr_change_rate_ts_band25_75,regime,atr_change_rate,volatility,1
(*)|(loc_dist_ema20_atr_ts_band25_75==0&loc_dist_ema50_atr_ts_band30_70==0)|(reg_atr_change_rate_ts_top20==1&reg_atr_change_rate_ts_top30==0&reg_atr_change_rate_ts_top80==0),7b68bd353ecf,2,42,24,reg_atr_change_rate_ts_top80,regime,atr_change_rate,volatility,0
(*)|(loc_dist_ema20_atr_ts_band25_75==0&loc_dist_ema50_atr_ts_band30_70==0)|(reg_atr_change_rate_ts_top20==1&reg_atr_change_rate_ts_top30==0&reg_atr_change_rate_ts_top80==0),7b68bd353ecf,2,42,0,reg_atr_change_rate_ts_top20,regime,atr_change_rate,volatility,1
(*)|(loc_dist_ema20_atr_ts_band25_75==0&loc_dist_ema50_atr_ts_band30_70==0)|(reg_atr_change_rate_ts_top20==1&reg_atr_change_rate_ts_top30==0&reg_atr_change_rate_ts_top80==0),7b68bd353ecf,2,42,4,reg_atr_change_rate_ts_top30,regime,atr_change_rate,volatility,0
(*)|(loc_dist_ema20_atr_ts_band25_75==0&loc_dist_ema50_atr_ts_band30_70==0)|(reg_atr_change_rate_ts_top20==1&reg_atr_change_rate_ts_top30==0&reg_atr_change_rate_ts_top80==0),7b68bd353ecf,2,42,69,loc_dist_ema50_atr_ts_band30_70,location,dist_ema50_atr,context,0
(*)|(loc_dist_ema20_atr_ts_band25_75==0&loc_dist_ema50_atr_ts_band30_70==0)|(reg_atr_change_rate_ts_top20==1&reg_atr_change_rate_ts_top30==0&reg_atr_change_rate_ts_top80==0),7b68bd353ecf,2,42,31,loc_dist_ema20_atr_ts_band25_75,location,dist_ema20_atr,context,0
(*)|(loc_dist_ema20_atr_ts_band25_75==0&loc_dist_ema50_atr_ts_band30_70==0)|(reg_atr_change_rate_ts_top20==1&reg_atr_change_rate_ts_top30==1&reg_atr_change_rate_ts_top80==0),794e0a2f47a1,2,42,24,reg_atr_change_rate_ts_top80,regime,atr_change_rate,volatility,0
(*)|(loc_dist_ema20_atr_ts_band25_75==0&loc_dist_ema50_atr_ts_band30_70==0)|(reg_atr_change_rate_ts_top20==1&reg_atr_change_rate_ts_top30==1&reg_atr_change_rate_ts_top80==0),794e0a2f47a1,2,42,0,reg_atr_change_rate_ts_top20,regime,atr_change_rate,volatility,1
(*)|(loc_dist_ema20_atr_ts_band25_75==0&loc_dist_ema50_atr_ts_band30_70==0)|(reg_atr_change_rate_ts_top20==1&reg_atr_change_rate_ts_top30==1&reg_atr_change_rate_ts_top80==0),794e0a2f47a1,2,42,4,reg_atr_change_rate_ts_top30,regime,atr_change_rate,volatility,1
(*)|(loc_dist_ema20_atr_ts_band25_75==0&loc_dist_ema50_atr_ts_band30_70==0)|(reg_atr_change_rate_ts_top20==1&reg_atr_change_rate_ts_top30==1&reg_atr_change_rate_ts_top80==0),794e0a2f47a1,2,42,69,loc_dist_ema50_atr_ts_band30_70,location,dist_ema50_atr,context,0
(*)|(loc_dist_ema20_atr_ts_band25_75==0&loc_dist_ema50_atr_ts_band30_70==0)|(reg_atr_change_rate_ts_top20==1&reg_atr_change_rate_ts_top30==1&reg_atr_change_rate_ts_top80==0),794e0a2f47a1,2,42,31,loc_dist_ema20_atr_ts_band25_75,location,dist_ema20_atr,context,0
(*)|(loc_dist_ema20_atr_ts_band25_75==1&loc_dist_ema50_atr_ts_band30_70==0)|(reg_atr_change_rate_ts_top20==1&reg_atr_change_rate_ts_top30==0&reg_atr_change_rate_ts_top80==0),f75ca44e34f0,2,42,24,reg_atr_change_rate_ts_top80,regime,atr_change_rate,volatility,0
(*)|(loc_dist_ema20_atr_ts_band25_75==1&loc_dist_ema50_atr_ts_band30_70==0)|(reg_atr_change_rate_ts_top20==1&reg_atr_change_rate_ts_top30==0&reg_atr_change_rate_ts_top80==0),f75ca44e34f0,2,42,0,reg_atr_change_rate_ts_top20,regime,atr_change_rate,volatility,1
(*)|(loc_dist_ema20_atr_ts_band25_75==1&loc_dist_ema50_atr_ts_band30_70==0)|(reg_atr_change_rate_ts_top20==1&reg_atr_change_rate_ts_top30==0&reg_atr_change_rate_ts_top80==0),f75ca44e34f0,2,42,4,reg_atr_change_rate_ts_top30,regime,atr_change_rate,volatility,0
(*)|(loc_dist_ema20_atr_ts_band25_75==1&loc_dist_ema50_atr_ts_band30_70==0)|(reg_atr_change_rate_ts_top20==1&reg_atr_change_rate_ts_top30==0&reg_atr_change_rate_ts_top80==0),f75ca44e34f0,2,42,69,loc_dist_ema50_atr_ts_band30_70,location,dist_ema50_atr,context,0
(*)|(loc_dist_ema20_atr_ts_band25_75==1&loc_dist_ema50_atr_ts_band30_70==0)|(reg_atr_change_rate_ts_top20==1&reg_atr_change_rate_ts_top30==0&reg_atr_change_rate_ts_top80==0),f75ca44e34f0,2,42,31,loc_dist_ema20_atr_ts_band25_75,location,dist_ema20_atr,context,1
(*)|(loc_dist_ema20_atr_ts_band25_75==1&loc_dist_ema50_atr_ts_band30_70==0)|(reg_atr_change_rate_ts_top20==1&reg_atr_change_rate_ts_top30==1&reg_atr_change_rate_ts_top80==0),53a8fa184989,2,42,24,reg_atr_change_rate_ts_top80,regime,atr_change_rate,volatility,0
(*)|(loc_dist_ema20_atr_ts_band25_75==1&loc_dist_ema50_atr_ts_band30_70==0)|(reg_atr_change_rate_ts_top20==1&reg_atr_change_rate_ts_top30==1&reg_atr_change_rate_ts_top80==0),53a8fa184989,2,42,0,reg_atr_change_rate_ts_top20,regime,atr_change_rate,volatility,1
(*)|(loc_dist_ema20_atr_ts_band25_75==1&loc_dist_ema50_atr_ts_band30_70==0)|(reg_atr_change_rate_ts_top20==1&reg_atr_change_rate_ts_top30==1&reg_atr_change_rate_ts_top80==0),53a8fa184989,2,42,4,reg_atr_change_rate_ts_top30,regime,atr_change_rate,volatility,1
(*)|(loc_dist_ema20_atr_ts_band25_75==1&loc_dist_ema50_atr_ts_band30_70==0)|(reg_atr_change_rate_ts_top20==1&reg_atr_change_rate_ts_top30==1&reg_atr_change_rate_ts_top80==0),53a8fa184989,2,42,69,loc_dist_ema50_atr_ts_band30_70,location,dist_ema50_atr,context,0
(*)|(loc_dist_ema20_atr_ts_band25_75==1&loc_dist_ema50_atr_ts_band30_70==0)|(reg_atr_change_rate_ts_top20==1&reg_atr_change_rate_ts_top30==1&reg_atr_change_rate_ts_top80==0),53a8fa184989,2,42,31,loc_dist_ema20_atr_ts_band25_75,location,dist_ema20_atr,context,1
(*)|(loc_dist_ema20_atr_ts_top60==0&loc_dist_ema50_atr_ts_band30_70==1)|(reg_atr_change_rate_ts_top40==0&reg_atr_change_rate_ts_top80==0),e625acdb90e7,2,42,24,reg_atr_change_rate_ts_top80,regime,atr_change_rate,volatility,0
(*)|(loc_dist_ema20_atr_ts_top60==0&loc_dist_ema50_atr_ts_band30_70==1)|(reg_atr_change_rate_ts_top40==0&reg_atr_change_rate_ts_top80==0),e625acdb90e7,2,42,8,reg_atr_change_rate_ts_top40,regime,atr_change_rate,volatility,0
(*)|(loc_dist_ema20_atr_ts_top60==0&loc_dist_ema50_atr_ts_band30_70==1)|(reg_atr_change_rate_ts_top40==0&reg_atr_change_rate_ts_top80==0),e625acdb90e7,2,42,69,loc_dist_ema50_atr_ts_band30_70,location,dist_ema50_atr,context,1
(*)|(loc_dist_ema20_atr_ts_top60==0&loc_dist_ema50_atr_ts_band30_70==1)|(reg_atr_change_rate_ts_top40==0&reg_atr_change_rate_ts_top80==0),e625acdb90e7,2,42,17,loc_dist_ema20_atr_ts_top60,location,dist_ema20_atr,context,0
(*)|(loc_dist_ema20_atr_ts_top60==0&loc_dist_ema50_atr_ts_band30_70==1)|(reg_atr_change_rate_ts_top40==1&reg_atr_change_rate_ts_top50==0&reg_atr_change_rate_ts_top80==0),6021f850e814,2,42,24,reg_atr_change_rate_ts_top80,regime,atr_change_rate,volatility,0
(*)|(loc_dist_ema20_atr_ts_top60==0&loc_dist_ema50_atr_ts_band30_70==1)|(reg_atr_change_rate_ts_top40==1&reg_atr_change_rate_ts_top50==0&reg_atr_change_rate_ts_top80==0),6021f850e814,2,42,8,reg_atr_change_rate_ts_top40,regime,atr_change_rate,volatility,1
(*)|(loc_dist_ema20_atr_ts_top60==0&loc_dist_ema50_atr_ts_band30_70==1)|(reg_atr_change_rate_ts_top40==1&reg_atr_change_rate_ts_top50==0&reg_atr_change_rate_ts_top80==0),6021f850e814,2,42,12,reg_atr_change_rate_ts_top50,regime,atr_change_rate,volatility,0
(*)|(loc_dist_ema20_atr_ts_top60==0&loc_dist_ema50_atr_ts_band30_70==1)|(reg_atr_change_rate_ts_top40==1&reg_atr_change_rate_ts_top50==0&reg_atr_change_rate_ts_top80==0),6021f850e814,2,42,69,loc_dist_ema50_atr_ts_band30_70,location,dist_ema50_atr,context,1
(*)|(loc_dist_ema20_atr_ts_top60==0&loc_dist_ema50_atr_ts_band30_70==1)|(reg_atr_change_rate_ts_top40==1&reg_atr_change_rate_ts_top50==0&reg_atr_change_rate_ts_top80==0),6021f850e814,2,42,17,loc_dist_ema20_atr_ts_top60,location,dist_ema20_atr,context,0
(*)|(loc_dist_ema20_atr_ts_top60==0&loc_dist_ema50_atr_ts_band30_70==1)|(reg_atr_change_rate_ts_top40==1&reg_atr_change_rate_ts_top50==1&reg_atr_change_rate_ts_top80==0),9e975688ac21,2,42,24,reg_atr_change_rate_ts_top80,regime,atr_change_rate,volatility,0
(*)|(loc_dist_ema20_atr_ts_top60==0&loc_dist_ema50_atr_ts_band30_70==1)|(reg_atr_change_rate_ts_top40==1&reg_atr_change_rate_ts_top50==1&reg_atr_change_rate_ts_top80==0),9e975688ac21,2,42,8,reg_atr_change_rate_ts_top40,regime,atr_change_rate,volatility,1
(*)|(loc_dist_ema20_atr_ts_top60==0&loc_dist_ema50_atr_ts_band30_70==1)|(reg_atr_change_rate_ts_top40==1&reg_atr_change_rate_ts_top50==1&reg_atr_change_rate_ts_top80==0),9e975688ac21,2,42,12,reg_atr_change_rate_ts_top50,regime,atr_change_rate,volatility,1
(*)|(loc_dist_ema20_atr_ts_top60==0&loc_dist_ema50_atr_ts_band30_70==1)|(reg_atr_change_rate_ts_top40==1&reg_atr_change_rate_ts_top50==1&reg_atr_change_rate_ts_top80==0),9e975688ac21,2,42,69,loc_dist_ema50_atr_ts_band30_70,location,dist_ema50_atr,context,1
(*)|(loc_dist_ema20_atr_ts_top60==0&loc_dist_ema50_atr_ts_band30_70==1)|(reg_atr_change_rate_ts_top40==1&reg_atr_change_rate_ts_top50==1&reg_atr_change_rate_ts_top80==0),9e975688ac21,2,42,17,loc_dist_ema20_atr_ts_top60,location,dist_ema20_atr,context,0
(*)|(loc_dist_ema20_atr_ts_top60==1&loc_dist_ema50_atr_ts_band30_70==1)|(reg_atr_change_rate_ts_top80==0),ac2faf272649,2,42,24,reg_atr_change_rate_ts_top80,regime,atr_change_rate,volatility,0
(*)|(loc_dist_ema20_atr_ts_top60==1&loc_dist_ema50_atr_ts_band30_70==1)|(reg_atr_change_rate_ts_top80==0),ac2faf272649,2,42,69,loc_dist_ema50_atr_ts_band30_70,location,dist_ema50_atr,context,1
(*)|(loc_dist_ema20_atr_ts_top60==1&loc_dist_ema50_atr_ts_band30_70==1)|(reg_atr_change_rate_ts_top80==0),ac2faf272649,2,42,17,loc_dist_ema20_atr_ts_top60,location,dist_ema20_atr,context,1
(*)|(*)|(reg_atr_change_rate_ts_top80==1),f9013bd683e0,2,42,24,reg_atr_change_rate_ts_top80,regime,atr_change_rate,volatility,1
(*)|(*)|(reg_atr_change_rate_ts_band25_75==0&reg_atr_change_rate_ts_band30_70==0&reg_atr_change_rate_ts_top20==1&reg_atr_change_rate_ts_top30==0&reg_atr_change_rate_ts_top80==0),6db03357aa6f,2,42,24,reg_atr_change_rate_ts_top80,regime,atr_change_rate,volatility,0
(*)|(*)|(reg_atr_change_rate_ts_band25_75==0&reg_atr_change_rate_ts_band30_70==0&reg_atr_change_rate_ts_top20==1&reg_atr_change_rate_ts_top30==0&reg_atr_change_rate_ts_top80==0),6db03357aa6f,2,42,32,reg_atr_change_rate_ts_band30_70,regime,atr_change_rate,volatility,0
(*)|(*)|(reg_atr_change_rate_ts_band25_75==0&reg_atr_change_rate_ts_band30_70==0&reg_atr_change_rate_ts_top20==1&reg_atr_change_rate_ts_top30==0&reg_atr_change_rate_ts_top80==0),6db03357aa6f,2,42,4,reg_atr_change_rate_ts_top30,regime,atr_change_rate,volatility,0
(*)|(*)|(reg_atr_change_rate_ts_band25_75==0&reg_atr_change_rate_ts_band30_70==0&reg_atr_change_rate_ts_top20==1&reg_atr_change_rate_ts_top30==0&reg_atr_change_rate_ts_top80==0),6db03357aa6f,2,42,30,reg_atr_change_rate_ts_band25_75,regime,atr_change_rate,volatility,0
(*)|(*)|(reg_atr_change_rate_ts_band25_75==0&reg_atr_change_rate_ts_band30_70==0&reg_atr_change_rate_ts_top20==1&reg_atr_change_rate_ts_top30==0&reg_atr_change_rate_ts_top80==0),6db03357aa6f,2,42,0,reg_atr_change_rate_ts_top20,regime,atr_change_rate,volatility,1
(*)|(*)|(reg_atr_change_rate_ts_band25_75==1&reg_atr_change_rate_ts_band30_70==0&reg_atr_change_rate_ts_top30==0&reg_atr_change_rate_ts_top80==0),4bc5ea9038e7,2,42,24,reg_atr_change_rate_ts_top80,regime,atr_change_rate,volatility,0
(*)|(*)|(reg_atr_change_rate_ts_band25_75==1&reg_atr_change_rate_ts_band30_70==0&reg_atr_change_rate_ts_top30==0&reg_atr_change_rate_ts_top80==0),4bc5ea9038e7,2,42,32,reg_atr_change_rate_ts_band30_70,regime,atr_change_rate,volatility,0
(*)|(*)|(reg_atr_change_rate_ts_band25_75==1&reg_atr_change_rate_ts_band30_70==0&reg_atr_change_rate_ts_top30==0&reg_atr_change_rate_ts_top80==0),4bc5ea9038e7,2,42,4,reg_atr_change_rate_ts_top30,regime,atr_change_rate,volatility,0
(*)|(*)|(reg_atr_change_rate_ts_band25_75==1&reg_atr_change_rate_ts_band30_70==0&reg_atr_change_rate_ts_top30==0&reg_atr_change_rate_ts_top80==0),4bc5ea9038e7,2,42,30,reg_atr_change_rate_ts_band25_75,regime,atr_change_rate,volatility,1
(*)|(*)|(reg_atr_change_rate_ts_band25_75==0&reg_atr_change_rate_ts_band30_70==0&reg_atr_change_rate_ts_top30==1&reg_atr_change_rate_ts_top80==0),562512634a16,2,42,24,reg_atr_change_rate_ts_top80,regime,atr_change_rate,volatility,0
(*)|(*)|(reg_atr_change_rate_ts_band25_75==0&reg_atr_change_rate_ts_band30_70==0&reg_atr_change_rate_ts_top30==1&reg_atr_change_rate_ts_top80==0),562512634a16,2,42,32,reg_atr_change_rate_ts_band30_70,regime,atr_change_rate,volatility,0
(*)|(*)|(reg_atr_change_rate_ts_band25_75==0&reg_atr_change_rate_ts_band30_70==0&reg_atr_change_rate_ts_top30==1&reg_atr_change_rate_ts_top80==0),562512634a16,2,42,4,reg_atr_change_rate_ts_top30,regime,atr_change_rate,volatility,1
(*)|(*)|(reg_atr_change_rate_ts_band25_75==0&reg_atr_change_rate_ts_band30_70==0&reg_atr_change_rate_ts_top30==1&reg_atr_change_rate_ts_top80==0),562512634a16,2,42,30,reg_atr_change_rate_ts_band25_75,regime,atr_change_rate,volatility,0
(*)|(*)|(reg_atr_change_rate_ts_band25_75==1&reg_atr_change_rate_ts_band30_70==0&reg_atr_change_rate_ts_top30==1&reg_atr_change_rate_ts_top80==0),10982c5ad904,2,42,24,reg_atr_change_rate_ts_top80,regime,atr_change_rate,volatility,0
(*)|(*)|(reg_atr_change_rate_ts_band25_75==1&reg_atr_change_rate_ts_band30_70==0&reg_atr_change_rate_ts_top30==1&reg_atr_change_rate_ts_top80==0),10982c5ad904,2,42,32,reg_atr_change_rate_ts_band30_70,regime,atr_change_rate,volatility,0
(*)|(*)|(reg_atr_change_rate_ts_band25_75==1&reg_atr_change_rate_ts_band30_70==0&reg_atr_change_rate_ts_top30==1&reg_atr_change_rate_ts_top80==0),10982c5ad904,2,42,4,reg_atr_change_rate_ts_top30,regime,atr_change_rate,volatility,1
(*)|(*)|(reg_atr_change_rate_ts_band25_75==1&reg_atr_change_rate_ts_band30_70==0&reg_atr_change_rate_ts_top30==1&reg_atr_change_rate_ts_top80==0),10982c5ad904,2,42,30,reg_atr_change_rate_ts_band25_75,regime,atr_change_rate,volatility,1
(*)|(*)|(reg_atr_change_rate_ts_band30_70==1&reg_atr_change_rate_ts_top40==0&reg_atr_change_rate_ts_top80==0&reg_atr_compression_ratio_ts_band40_60==0),6fd6266519c5,2,42,24,reg_atr_change_rate_ts_top80,regime,atr_change_rate,volatility,0
(*)|(*)|(reg_atr_change_rate_ts_band30_70==1&reg_atr_change_rate_ts_top40==0&reg_atr_change_rate_ts_top80==0&reg_atr_compression_ratio_ts_band40_60==0),6fd6266519c5,2,42,32,reg_atr_change_rate_ts_band30_70,regime,atr_change_rate,volatility,1
(*)|(*)|(reg_atr_change_rate_ts_band30_70==1&reg_atr_change_rate_ts_top40==0&reg_atr_change_rate_ts_top80==0&reg_atr_compression_ratio_ts_band40_60==0),6fd6266519c5,2,42,70,reg_atr_compression_ratio_ts_band40_60,regime,atr_compression_ratio,volatility_term_structure,0
(*)|(*)|(reg_atr_change_rate_ts_band30_70==1&reg_atr_change_rate_ts_top40==0&reg_atr_change_rate_ts_top80==0&reg_atr_compression_ratio_ts_band40_60==0),6fd6266519c5,2,42,8,reg_atr_change_rate_ts_top40,regime,atr_change_rate,volatility,0
(*)|(*)|(reg_atr_change_rate_ts_band30_70==1&reg_atr_change_rate_ts_top40==1&reg_atr_change_rate_ts_top80==0&reg_atr_compression_ratio_ts_band40_60==0),10a078da8e4c,2,42,24,reg_atr_change_rate_ts_top80,regime,atr_change_rate,volatility,0
(*)|(*)|(reg_atr_change_rate_ts_band30_70==1&reg_atr_change_rate_ts_top40==1&reg_atr_change_rate_ts_top80==0&reg_atr_compression_ratio_ts_band40_60==0),10a078da8e4c,2,42,32,reg_atr_change_rate_ts_band30_70,regime,atr_change_rate,volatility,1
(*)|(*)|(reg_atr_change_rate_ts_band30_70==1&reg_atr_change_rate_ts_top40==1&reg_atr_change_rate_ts_top80==0&reg_atr_compression_ratio_ts_band40_60==0),10a078da8e4c,2,42,70,reg_atr_compression_ratio_ts_band40_60,regime,atr_compression_ratio,volatility_term_structure,0
(*)|(*)|(reg_atr_change_rate_ts_band30_70==1&reg_atr_change_rate_ts_top40==1&reg_atr_change_rate_ts_top80==0&reg_atr_compression_ratio_ts_band40_60==0),10a078da8e4c,2,42,8,reg_atr_change_rate_ts_top40,regime,atr_change_rate,volatility,1
(*)|(loc_dist_ema20_atr_ts_top50==0)|(reg_atr_change_rate_ts_band30_70==1&reg_atr_change_rate_ts_top80==0&reg_atr_compression_ratio_ts_band40_60==1),dfcfb6f82ea4,2,42,24,reg_atr_change_rate_ts_top80,regime,atr_change_rate,volatility,0
(*)|(loc_dist_ema20_atr_ts_top50==0)|(reg_atr_change_rate_ts_band30_70==1&reg_atr_change_rate_ts_top80==0&reg_atr_compression_ratio_ts_band40_60==1),dfcfb6f82ea4,2,42,32,reg_atr_change_rate_ts_band30_70,regime,atr_change_rate,volatility,1
(*)|(loc_dist_ema20_atr_ts_top50==0)|(reg_atr_change_rate_ts_band30_70==1&reg_atr_change_rate_ts_top80==0&reg_atr_compression_ratio_ts_band40_60==1),dfcfb6f82ea4,2,42,70,reg_atr_compression_ratio_ts_band40_60,regime,atr_compression_ratio,volatility_term_structure,1
(*)|(loc_dist_ema20_atr_ts_top50==0)|(reg_atr_change_rate_ts_band30_70==1&reg_atr_change_rate_ts_top80==0&reg_atr_compression_ratio_ts_band40_60==1),dfcfb6f82ea4,2,42,13,loc_dist_ema20_atr_ts_top50,location,dist_ema20_atr,context,0
(*)|(loc_dist_ema20_atr_ts_top50==1)|(reg_atr_change_rate_ts_band30_70==1&reg_atr_change_rate_ts_top80==0&reg_atr_compression_ratio_ts_band40_60==1),e4f8471cc741,2,42,24,reg_atr_change_rate_ts_top80,regime,atr_change_rate,volatility,0
(*)|(loc_dist_ema20_atr_ts_top50==1)|(reg_atr_change_rate_ts_band30_70==1&reg_atr_change_rate_ts_top80==0&reg_atr_compression_ratio_ts_band40_60==1),e4f8471cc741,2,42,32,reg_atr_change_rate_ts_band30_70,regime,atr_change_rate,volatility,1
(*)|(loc_dist_ema20_atr_ts_top50==1)|(reg_atr_change_rate_ts_band30_70==1&reg_atr_change_rate_ts_top80==0&reg_atr_compression_ratio_ts_band40_60==1),e4f8471cc741,2,42,70,reg_atr_compression_ratio_ts_band40_60,regime,atr_compression_ratio,volatility_term_structure,1
(*)|(loc_dist_ema20_atr_ts_top50==1)|(reg_atr_change_rate_ts_band30_70==1&reg_atr_change_rate_ts_top80==0&reg_atr_compression_ratio_ts_band40_60==1),e4f8471cc741,2,42,13,loc_dist_ema20_atr_ts_top50,location,dist_ema20_atr,context,1
(*)|(*)|(reg_atr_change_rate_ts_top80==1),c59949c6fb2a,2,42,24,reg_atr_change_rate_ts_top80,regime,atr_change_rate,volatility,1
(*)|(loc_dist_ema20_atr_ts_band25_75==0&loc_dist_ema20_atr_ts_top30==0&loc_dist_ema20_atr_ts_top80==0)|(reg_atr_change_rate_ts_band30_70==0&reg_atr_change_rate_ts_top20==1),9e3fa043b1cb,2,42,25,loc_dist_ema20_atr_ts_top80,location,dist_ema20_atr,context,0
(*)|(loc_dist_ema20_atr_ts_band25_75==0&loc_dist_ema20_atr_ts_top30==0&loc_dist_ema20_atr_ts_top80==0)|(reg_atr_change_rate_ts_band30_70==0&reg_atr_change_rate_ts_top20==1),9e3fa043b1cb,2,42,5,loc_dist_ema20_atr_ts_top30,location,dist_ema20_atr,context,0
(*)|(loc_dist_ema20_atr_ts_band25_75==0&loc_dist_ema20_atr_ts_top30==0&loc_dist_ema20_atr_ts_top80==0)|(reg_atr_change_rate_ts_band30_70==0&reg_atr_change_rate_ts_top20==1),9e3fa043b1cb,2,42,31,loc_dist_ema20_atr_ts_band25_75,location,dist_ema20_atr,context,0
(*)|(loc_dist_ema20_atr_ts_band25_75==0&loc_dist_ema20_atr_ts_top30==0&loc_dist_ema20_atr_ts_top80==0)|(reg_atr_change_rate_ts_band30_70==0&reg_atr_change_rate_ts_top20==1),9e3fa043b1cb,2,42,32,reg_atr_change_rate_ts_band30_70,regime,atr_change_rate,volatility,0
(*)|(loc_dist_ema20_atr_ts_band25_75==0&loc_dist_ema20_atr_ts_top30==0&loc_dist_ema20_atr_ts_top80==0)|(reg_atr_change_rate_ts_band30_70==0&reg_atr_change_rate_ts_top20==1),9e3fa043b1cb,2,42,0,reg_atr_change_rate_ts_top20,regime,atr_change_rate,volatility,1
(*)|(loc_dist_ema20_atr_ts_band25_75==1&loc_dist_ema20_atr_ts_top30==0&loc_dist_ema20_atr_ts_top80==0)|(reg_atr_change_rate_ts_band30_70==0),02d0ca51f3d2,2,42,25,loc_dist_ema20_atr_ts_top80,location,dist_ema20_atr,context,0
(*)|(loc_dist_ema20_atr_ts_band25_75==1&loc_dist_ema20_atr_ts_top30==0&loc_dist_ema20_atr_ts_top80==0)|(reg_atr_change_rate_ts_band30_70==0),02d0ca51f3d2,2,42,5,loc_dist_ema20_atr_ts_top30,location,dist_ema20_atr,context,0
(*)|(loc_dist_ema20_atr_ts_band25_75==1&loc_dist_ema20_atr_ts_top30==0&loc_dist_ema20_atr_ts_top80==0)|(reg_atr_change_rate_ts_band30_70==0),02d0ca51f3d2,2,42,31,loc_dist_ema20_atr_ts_band25_75,location,dist_ema20_atr,context,1
(*)|(loc_dist_ema20_atr_ts_band25_75==1&loc_dist_ema20_atr_ts_top30==0&loc_dist_ema20_atr_ts_top80==0)|(reg_atr_change_rate_ts_band30_70==0),02d0ca51f3d2,2,42,32,reg_atr_change_rate_ts_band30_70,regime,atr_change_rate,volatility,0
(*)|(loc_dist_ema20_atr_ts_band25_75==0&loc_dist_ema20_atr_ts_top30==1&loc_dist_ema20_atr_ts_top80==0)|(reg_atr_change_rate_ts_band30_70==0),958ccebf467a,2,42,25,loc_dist_ema20_atr_ts_top80,location,dist_ema20_atr,context,0
(*)|(loc_dist_ema20_atr_ts_band25_75==0&loc_dist_ema20_atr_ts_top30==1&loc_dist_ema20_atr_ts_top80==0)|(reg_atr_change_rate_ts_band30_70==0),958ccebf467a,2,42,5,loc_dist_ema20_atr_ts_top30,location,dist_ema20_atr,context,1
(*)|(loc_dist_ema20_atr_ts_band25_75==0&loc_dist_ema20_atr_ts_top30==1&loc_dist_ema20_atr_ts_top80==0)|(reg_atr_change_rate_ts_band30_70==0),958ccebf467a,2,42,31,loc_dist_ema20_atr_ts_band25_75,location,dist_ema20_atr,context,0
(*)|(loc_dist_ema20_atr_ts_band25_75==0&loc_dist_ema20_atr_ts_top30==1&loc_dist_ema20_atr_ts_top80==0)|(reg_atr_change_rate_ts_band30_70==0),958ccebf467a,2,42,32,reg_atr_change_rate_ts_band30_70,regime,atr_change_rate,volatility,0
(*)|(loc_dist_ema20_atr_ts_band25_75==1&loc_dist_ema20_atr_ts_top30==1&loc_dist_ema20_atr_ts_top80==0)|(reg_atr_change_rate_ts_band30_70==0),2cc87dca997d,2,42,25,loc_dist_ema20_atr_ts_top80,location,dist_ema20_atr,context,0
(*)|(loc_dist_ema20_atr_ts_band25_75==1&loc_dist_ema20_atr_ts_top30==1&loc_dist_ema20_atr_ts_top80==0)|(reg_atr_change_rate_ts_band30_70==0),2cc87dca997d,2,42,5,loc_dist_ema20_atr_ts_top30,location,dist_ema20_atr,context,1
(*)|(loc_dist_ema20_atr_ts_band25_75==1&loc_dist_ema20_atr_ts_top30==1&loc_dist_ema20_atr_ts_top80==0)|(reg_atr_change_rate_ts_band30_70==0),2cc87dca997d,2,42,31,loc_dist_ema20_atr_ts_band25_75,location,dist_ema20_atr,context,1
(*)|(loc_dist_ema20_atr_ts_band25_75==1&loc_dist_ema20_atr_ts_top30==1&loc_dist_ema20_atr_ts_top80==0)|(reg_atr_change_rate_ts_band30_70==0),2cc87dca997d,2,42,32,reg_atr_change_rate_ts_band30_70,regime,atr_change_rate,volatility,0
(*)|(loc_dist_ema20_atr_ts_top80==0)|(reg_atr_change_rate_ts_band30_70==1&reg_atr_change_rate_ts_top40==0&reg_atr_change_rate_ts_top50==0),13ea0accd554,2,42,25,loc_dist_ema20_atr_ts_top80,location,dist_ema20_atr,context,0
(*)|(loc_dist_ema20_atr_ts_top80==0)|(reg_atr_change_rate_ts_band30_70==1&reg_atr_change_rate_ts_top40==0&reg_atr_change_rate_ts_top50==0),13ea0accd554,2,42,32,reg_atr_change_rate_ts_band30_70,regime,atr_change_rate,volatility,1
(*)|(loc_dist_ema20_atr_ts_top80==0)|(reg_atr_change_rate_ts_band30_70==1&reg_atr_change_rate_ts_top40==0&reg_atr_change_rate_ts_top50==0),13ea0accd554,2,42,12,reg_atr_change_rate_ts_top50,regime,atr_change_rate,volatility,0
(*)|(loc_dist_ema20_atr_ts_top80==0)|(reg_atr_change_rate_ts_band30_70==1&reg_atr_change_rate_ts_top40==0&reg_atr_change_rate_ts_top50==0),13ea0accd554,2,42,8,reg_atr_change_rate_ts_top40,regime,atr_change_rate,volatility,0
(*)|(loc_dist_ema20_atr_ts_top80==0)|(reg_atr_change_rate_ts_band30_70==1&reg_atr_change_rate_ts_top40==1&reg_atr_change_rate_ts_top50==0),f2f9e2ce463e,2,42,25,loc_dist_ema20_atr_ts_top80,location,dist_ema20_atr,context,0
(*)|(loc_dist_ema20_atr_ts_top80==0)|(reg_atr_change_rate_ts_band30_70==1&reg_atr_change_rate_ts_top40==1&reg_atr_change_rate_ts_top50==0),f2f9e2ce463e,2,42,32,reg_atr_change_rate_ts_band30_70,regime,atr_change_rate,volatility,1
(*)|(loc_dist_ema20_atr_ts_top80==0)|(reg_atr_change_rate_ts_band30_70==1&reg_atr_change_rate_ts_top40==1&reg_atr_change_rate_ts_top50==0),f2f9e2ce463e,2,42,12,reg_atr_change_rate_ts_top50,regime,atr_change_rate,volatility,0
(*)|(loc_dist_ema20_atr_ts_top80==0)|(reg_atr_change_rate_ts_band30_70==1&reg_atr_change_rate_ts_top40==1&reg_atr_change_rate_ts_top50==0),f2f9e2ce463e,2,42,8,reg_atr_change_rate_ts_top40,regime,atr_change_rate,volatility,1
(*)|(loc_dist_ema20_atr_ts_top80==0)|(reg_atr_change_rate_ts_band30_70==1&reg_atr_change_rate_ts_top50==1&reg_atr_change_rate_ts_top60==0),b5f930d4cba9,2,42,25,loc_dist_ema20_atr_ts_top80,location,dist_ema20_atr,context,0
(*)|(loc_dist_ema20_atr_ts_top80==0)|(reg_atr_change_rate_ts_band30_70==1&reg_atr_change_rate_ts_top50==1&reg_atr_change_rate_ts_top60==0),b5f930d4cba9,2,42,32,reg_atr_change_rate_ts_band30_70,regime,atr_change_rate,volatility,1
(*)|(loc_dist_ema20_atr_ts_top80==0)|(reg_atr_change_rate_ts_band30_70==1&reg_atr_change_rate_ts_top50==1&reg_atr_change_rate_ts_top60==0),b5f930d4cba9,2,42,12,reg_atr_change_rate_ts_top50,regime,atr_change_rate,volatility,1
(*)|(loc_dist_ema20_atr_ts_top80==0)|(reg_atr_change_rate_ts_band30_70==1&reg_atr_change_rate_ts_top50==1&reg_atr_change_rate_ts_top60==0),b5f930d4cba9,2,42,16,reg_atr_change_rate_ts_top60,regime,atr_change_rate,volatility,0
(*)|(loc_dist_ema20_atr_ts_top80==0)|(reg_atr_change_rate_ts_band30_70==1&reg_atr_change_rate_ts_top50==1&reg_atr_change_rate_ts_top60==1),e8396b320a04,2,42,25,loc_dist_ema20_atr_ts_top80,location,dist_ema20_atr,context,0
(*)|(loc_dist_ema20_atr_ts_top80==0)|(reg_atr_change_rate_ts_band30_70==1&reg_atr_change_rate_ts_top50==1&reg_atr_change_rate_ts_top60==1),e8396b320a04,2,42,32,reg_atr_change_rate_ts_band30_70,regime,atr_change_rate,volatility,1
(*)|(loc_dist_ema20_atr_ts_top80==0)|(reg_atr_change_rate_ts_band30_70==1&reg_atr_change_rate_ts_top50==1&reg_atr_change_rate_ts_top60==1),e8396b320a04,2,42,12,reg_atr_change_rate_ts_top50,regime,atr_change_rate,volatility,1
(*)|(loc_dist_ema20_atr_ts_top80==0)|(reg_atr_change_rate_ts_band30_70==1&reg_atr_change_rate_ts_top50==1&reg_atr_change_rate_ts_top60==1),e8396b320a04,2,42,16,reg_atr_change_rate_ts_top60,regime,atr_change_rate,volatility,1
(*)|(loc_dist_ema20_atr_ts_top80==1)|(*),ed051085f6a6,2,42,25,loc_dist_ema20_atr_ts_top80,location,dist_ema20_atr,context,1
(*)|(loc_dist_ema20_atr_ts_band25_75==0&loc_dist_ema20_atr_ts_top80==0)|(reg_atr_change_rate_ts_top20==1&reg_atr_change_rate_ts_top70==0),65d1f65f7458,2,42,25,loc_dist_ema20_atr_ts_top80,location,dist_ema20_atr,context,0
(*)|(loc_dist_ema20_atr_ts_band25_75==0&loc_dist_ema20_atr_ts_top80==0)|(reg_atr_change_rate_ts_top20==1&reg_atr_change_rate_ts_top70==0),65d1f65f7458,2,42,31,loc_dist_ema20_atr_ts_band25_75,location,dist_ema20_atr,context,0
(*)|(loc_dist_ema20_atr_ts_band25_75==0&loc_dist_ema20_atr_ts_top80==0)|(reg_atr_change_rate_ts_top20==1&reg_atr_change_rate_ts_top70==0),65d1f65f7458,2,42,20,reg_atr_change_rate_ts_top70,regime,atr_change_rate,volatility,0
(*)|(loc_dist_ema20_atr_ts_band25_75==0&loc_dist_ema20_atr_ts_top80==0)|(reg_atr_change_rate_ts_top20==1&reg_atr_change_rate_ts_top70==0),65d1f65f7458,2,42,0,reg_atr_change_rate_ts_top20,regime,atr_change_rate,volatility,1
(*)|(loc_dist_ema20_atr_ts_band25_75==1&loc_dist_ema20_atr_ts_top80==0)|(reg_atr_change_rate_ts_bot50==0&reg_atr_change_rate_ts_top60==0&reg_atr_change_rate_ts_top70==0),b21bd16bdb99,2,42,25,loc_dist_ema20_atr_ts_top80,location,dist_ema20_atr,context,0
(*)|(loc_dist_ema20_atr_ts_band25_75==1&loc_dist_ema20_atr_ts_top80==0)|(reg_atr_change_rate_ts_bot50==0&reg_atr_change_rate_ts_top60==0&reg_atr_change_rate_ts_top70==0),b21bd16bdb99,2,42,31,loc_dist_ema20_atr_ts_band25_75,location,dist_ema20_atr,context,1
(*)|(loc_dist_ema20_atr_ts_band25_75==1&loc_dist_ema20_atr_ts_top80==0)|(reg_atr_change_rate_ts_bot50==0&reg_atr_change_rate_ts_top60==0&reg_atr_change_rate_ts_top70==0),b21bd16bdb99,2,42,20,reg_atr_change_rate_ts_top70,regime,atr_change_rate,volatility,0
(*)|(loc_dist_ema20_atr_ts_band25_75==1&loc_dist_ema20_atr_ts_top80==0)|(reg_atr_change_rate_ts_bot50==0&reg_atr_change_rate_ts_top60==0&reg_atr_change_rate_ts_top70==0),b21bd16bdb99,2,42,16,reg_atr_change_rate_ts_top60,regime,atr_change_rate,volatility,0
(*)|(loc_dist_ema20_atr_ts_band25_75==1&loc_dist_ema20_atr_ts_top80==0)|(reg_atr_change_rate_ts_bot50==0&reg_atr_change_rate_ts_top60==0&reg_atr_change_rate_ts_top70==0),b21bd16bdb99,2,42,14,reg_atr_change_rate_ts_bot50,regime,atr_change_rate,volatility,0
(*)|(loc_dist_ema20_atr_ts_band25_75==1&loc_dist_ema20_atr_ts_top40==0&loc_dist_ema20_atr_ts_top80==0)|(reg_atr_change_rate_ts_bot50==1&reg_atr_change_rate_ts_top60==0&reg_atr_change_rate_ts_top70==0),981360234d31,2,42,25,loc_dist_ema20_atr_ts_top80,location,dist_ema20_atr,context,0
(*)|(loc_dist_ema20_atr_ts_band25_75==1&loc_dist_ema20_atr_ts_top40==0&loc_dist_ema20_atr_ts_top80==0)|(reg_atr_change_rate_ts_bot50==1&reg_atr_change_rate_ts_top60==0&reg_atr_change_rate_ts_top70==0),981360234d31,2,42,31,loc_dist_ema20_atr_ts_band25_75,location,dist_ema20_atr,context,1
(*)|(loc_dist_ema20_atr_ts_band25_75==1&loc_dist_ema20_atr_ts_top40==0&loc_dist_ema20_atr_ts_top80==0)|(reg_atr_change_rate_ts_bot50==1&reg_atr_change_rate_ts_top60==0&reg_atr_change_rate_ts_top70==0),981360234d31,2,42,9,loc_dist_ema20_atr_ts_top40,location,dist_ema20_atr,context,0
(*)|(loc_dist_ema20_atr_ts_band25_75==1&loc_dist_ema20_atr_ts_top40==0&loc_dist_ema20_atr_ts_top80==0)|(reg_atr_change_rate_ts_bot50==1&reg_atr_change_rate_ts_top60==0&reg_atr_change_rate_ts_top70==0),981360234d31,2,42,20,reg_atr_change_rate_ts_top70,regime,atr_change_rate,volatility,0
(*)|(loc_dist_ema20_atr_ts_band25_75==1&loc_dist_ema20_atr_ts_top40==0&loc_dist_ema20_atr_ts_top80==0)|(reg_atr_change_rate_ts_bot50==1&reg_atr_change_rate_ts_top60==0&reg_atr_change_rate_ts_top70==0),981360234d31,2,42,16,reg_atr_change_rate_ts_top60,regime,atr_change_rate,volatility,0
(*)|(loc_dist_ema20_atr_ts_band25_75==1&loc_dist_ema20_atr_ts_top40==0&loc_dist_ema20_atr_ts_top80==0)|(reg_atr_change_rate_ts_bot50==1&reg_atr_change_rate_ts_top60==0&reg_atr_change_rate_ts_top70==0),981360234d31,2,42,14,reg_atr_change_rate_ts_bot50,regime,atr_change_rate,volatility,1
(*)|(loc_dist_ema20_atr_ts_band25_75==1&loc_dist_ema20_atr_ts_top40==1&loc_dist_ema20_atr_ts_top80==0)|(reg_atr_change_rate_ts_bot50==1&reg_atr_change_rate_ts_top60==0&reg_atr_change_rate_ts_top70==0),59103e0eb299,2,42,25,loc_dist_ema20_atr_ts_top80,location,dist_ema20_atr,context,0
(*)|(loc_dist_ema20_atr_ts_band25_75==1&loc_dist_ema20_atr_ts_top40==1&loc_dist_ema20_atr_ts_top80==0)|(reg_atr_change_rate_ts_bot50==1&reg_atr_change_rate_ts_top60==0&reg_atr_change_rate_ts_top70==0),59103e0eb299,2,42,31,loc_dist_ema20_atr_ts_band25_75,location,dist_ema20_atr,context,1
(*)|(loc_dist_ema20_atr_ts_band25_75==1&loc_dist_ema20_atr_ts_top40==1&loc_dist_ema20_atr_ts_top80==0)|(reg_atr_change_rate_ts_bot50==1&reg_atr_change_rate_ts_top60==0&reg_atr_change_rate_ts_top70==0),59103e0eb299,2,42,9,loc_dist_ema20_atr_ts_top40,location,dist_ema20_atr,context,1
(*)|(loc_dist_ema20_atr_ts_band25_75==1&loc_dist_ema20_atr_ts_top40==1&loc_dist_ema20_atr_ts_top80==0)|(reg_atr_change_rate_ts_bot50==1&reg_atr_change_rate_ts_top60==0&reg_atr_change_rate_ts_top70==0),59103e0eb299,2,42,20,reg_atr_change_rate_ts_top70,regime,atr_change_rate,volatility,0
(*)|(loc_dist_ema20_atr_ts_band25_75==1&loc_dist_ema20_atr_ts_top40==1&loc_dist_ema20_atr_ts_top80==0)|(reg_atr_change_rate_ts_bot50==1&reg_atr_change_rate_ts_top60==0&reg_atr_change_rate_ts_top70==0),59103e0eb299,2,42,16,reg_atr_change_rate_ts_top60,regime,atr_change_rate,volatility,0
(*)|(loc_dist_ema20_atr_ts_band25_75==1&loc_dist_ema20_atr_ts_top40==1&loc_dist_ema20_atr_ts_top80==0)|(reg_atr_change_rate_ts_bot50==1&reg_atr_change_rate_ts_top60==0&reg_atr_change_rate_ts_top70==0),59103e0eb299,2,42,14,reg_atr_change_rate_ts_bot50,regime,atr_change_rate,volatility,1
(*)|(loc_dist_ema20_atr_ts_band25_75==1&loc_dist_ema20_atr_ts_top80==0)|(reg_atr_change_rate_ts_top60==1&reg_atr_change_rate_ts_top70==0),82ef068ed12a,2,42,25,loc_dist_ema20_atr_ts_top80,location,dist_ema20_atr,context,0
(*)|(loc_dist_ema20_atr_ts_band25_75==1&loc_dist_ema20_atr_ts_top80==0)|(reg_atr_change_rate_ts_top60==1&reg_atr_change_rate_ts_top70==0),82ef068ed12a,2,42,31,loc_dist_ema20_atr_ts_band25_75,location,dist_ema20_atr,context,1
(*)|(loc_dist_ema20_atr_ts_band25_75==1&loc_dist_ema20_atr_ts_top80==0)|(reg_atr_change_rate_ts_top60==1&reg_atr_change_rate_ts_top70==0),82ef068ed12a,2,42,20,reg_atr_change_rate_ts_top70,regime,atr_change_rate,volatility,0
(*)|(loc_dist_ema20_atr_ts_band25_75==1&loc_dist_ema20_atr_ts_top80==0)|(reg_atr_change_rate_ts_top60==1&reg_atr_change_rate_ts_top70==0),82ef068ed12a,2,42,16,reg_atr_change_rate_ts_top60,regime,atr_change_rate,volatility,1
(*)|(loc_dist_ema20_atr_ts_band25_75==0&loc_dist_ema20_atr_ts_top80==0)|(reg_atr_change_rate_ts_top70==1),b1c28ebb3dc0,2,42,25,loc_dist_ema20_atr_ts_top80,location,dist_ema20_atr,context,0
(*)|(loc_dist_ema20_atr_ts_band25_75==0&loc_dist_ema20_atr_ts_top80==0)|(reg_atr_change_rate_ts_top70==1),b1c28ebb3dc0,2,42,31,loc_dist_ema20_atr_ts_band25_75,location,dist_ema20_atr,context,0
(*)|(loc_dist_ema20_atr_ts_band25_75==0&loc_dist_ema20_atr_ts_top80==0)|(reg_atr_change_rate_ts_top70==1),b1c28ebb3dc0,2,42,20,reg_atr_change_rate_ts_top70,regime,atr_change_rate,volatility,1
(*)|(loc_dist_ema20_atr_ts_band25_75==1&loc_dist_ema20_atr_ts_top80==0)|(reg_atr_change_rate_ts_top70==1),ca5711f31b2a,2,42,25,loc_dist_ema20_atr_ts_top80,location,dist_ema20_atr,context,0
(*)|(loc_dist_ema20_atr_ts_band25_75==1&loc_dist_ema20_atr_ts_top80==0)|(reg_atr_change_rate_ts_top70==1),ca5711f31b2a,2,42,31,loc_dist_ema20_atr_ts_band25_75,location,dist_ema20_atr,context,1
(*)|(loc_dist_ema20_atr_ts_band25_75==1&loc_dist_ema20_atr_ts_top80==0)|(reg_atr_change_rate_ts_top70==1),ca5711f31b2a,2,42,20,reg_atr_change_rate_ts_top70,regime,atr_change_rate,volatility,1
(*)|(loc_dist_ema20_atr_ts_top80==1)|(*),dcec6f2525d0,2,42,25,loc_dist_ema20_atr_ts_top80,location,dist_ema20_atr,context,1
(*)|(loc_dist_ema20_atr_ts_top20==1)|(reg_atr_change_rate_ts_band25_75==0&reg_atr_change_rate_ts_top70==0&reg_atr_change_rate_ts_top80==0),74fcbe346cf0,2,42,24,reg_atr_change_rate_ts_top80,regime,atr_change_rate,volatility,0
(*)|(loc_dist_ema20_atr_ts_top20==1)|(reg_atr_change_rate_ts_band25_75==0&reg_atr_change_rate_ts_top70==0&reg_atr_change_rate_ts_top80==0),74fcbe346cf0,2,42,20,reg_atr_change_rate_ts_top70,regime,atr_change_rate,volatility,0
(*)|(loc_dist_ema20_atr_ts_top20==1)|(reg_atr_change_rate_ts_band25_75==0&reg_atr_change_rate_ts_top70==0&reg_atr_change_rate_ts_top80==0),74fcbe346cf0,2,42,30,reg_atr_change_rate_ts_band25_75,regime,atr_change_rate,volatility,0
(*)|(loc_dist_ema20_atr_ts_top20==1)|(reg_atr_change_rate_ts_band25_75==0&reg_atr_change_rate_ts_top70==0&reg_atr_change_rate_ts_top80==0),74fcbe346cf0,2,42,1,loc_dist_ema20_atr_ts_top20,location,dist_ema20_atr,context,1
(*)|(loc_dist_ema20_atr_ts_top40==0)|(reg_atr_change_rate_ts_band25_75==1&reg_atr_change_rate_ts_top30==0&reg_atr_change_rate_ts_top70==0&reg_atr_change_rate_ts_top80==0&reg_atr_compression_ratio_ts_band40_60==0),f5a4f003088b,2,42,24,reg_atr_change_rate_ts_top80,regime,atr_change_rate,volatility,0
(*)|(loc_dist_ema20_atr_ts_top40==0)|(reg_atr_change_rate_ts_band25_75==1&reg_atr_change_rate_ts_top30==0&reg_atr_change_rate_ts_top70==0&reg_atr_change_rate_ts_top80==0&reg_atr_compression_ratio_ts_band40_60==0),f5a4f003088b,2,42,20,reg_atr_change_rate_ts_top70,regime,atr_change_rate,volatility,0
(*)|(loc_dist_ema20_atr_ts_top40==0)|(reg_atr_change_rate_ts_band25_75==1&reg_atr_change_rate_ts_top30==0&reg_atr_change_rate_ts_top70==0&reg_atr_change_rate_ts_top80==0&reg_atr_compression_ratio_ts_band40_60==0),f5a4f003088b,2,42,30,reg_atr_change_rate_ts_band25_75,regime,atr_change_rate,volatility,1
(*)|(loc_dist_ema20_atr_ts_top40==0)|(reg_atr_change_rate_ts_band25_75==1&reg_atr_change_rate_ts_top30==0&reg_atr_change_rate_ts_top70==0&reg_atr_change_rate_ts_top80==0&reg_atr_compression_ratio_ts_band40_60==0),f5a4f003088b,2,42,70,reg_atr_compression_ratio_ts_band40_60,regime,atr_compression_ratio,volatility_term_structure,0
(*)|(loc_dist_ema20_atr_ts_top40==0)|(reg_atr_change_rate_ts_band25_75==1&reg_atr_change_rate_ts_top30==0&reg_atr_change_rate_ts_top70==0&reg_atr_change_rate_ts_top80==0&reg_atr_compression_ratio_ts_band40_60==0),f5a4f003088b,2,42,4,reg_atr_change_rate_ts_top30,regime,atr_change_rate,volatility,0
(*)|(loc_dist_ema20_atr_ts_top40==0)|(reg_atr_change_rate_ts_band25_75==1&reg_atr_change_rate_ts_top30==0&reg_atr_change_rate_ts_top70==0&reg_atr_change_rate_ts_top80==0&reg_atr_compression_ratio_ts_band40_60==0),f5a4f003088b,2,42,9,loc_dist_ema20_atr_ts_top40,location,dist_ema20_atr,context,0
(*)|(loc_dist_ema20_atr_ts_top40==0)|(reg_atr_change_rate_ts_band25_75==1&reg_atr_change_rate_ts_top30==1&reg_atr_change_rate_ts_top70==0&reg_atr_change_rate_ts_top80==0&reg_atr_compression_ratio_ts_band40_60==0),aeae647fb1d8,2,42,24,reg_atr_change_rate_ts_top80,regime,atr_change_rate,volatility,0
(*)|(loc_dist_ema20_atr_ts_top40==0)|(reg_atr_change_rate_ts_band25_75==1&reg_atr_change_rate_ts_top30==1&reg_atr_change_rate_ts_top70==0&reg_atr_change_rate_ts_top80==0&reg_atr_compression_ratio_ts_band40_60==0),aeae647fb1d8,2,42,20,reg_atr_change_rate_ts_top70,regime,atr_change_rate,volatility,0
(*)|(loc_dist_ema20_atr_ts_top40==0)|(reg_atr_change_rate_ts_band25_75==1&reg_atr_change_rate_ts_top30==1&reg_atr_change_rate_ts_top70==0&reg_atr_change_rate_ts_top80==0&reg_atr_compression_ratio_ts_band40_60==0),aeae647fb1d8,2,42,30,reg_atr_change_rate_ts_band25_75,regime,atr_change_rate,volatility,1
(*)|(loc_dist_ema20_atr_ts_top40==0)|(reg_atr_change_rate_ts_band25_75==1&reg_atr_change_rate_ts_top30==1&reg_atr_change_rate_ts_top70==0&reg_atr_change_rate_ts_top80==0&reg_atr_compression_ratio_ts_band40_60==0),aeae647fb1d8,2,42,70,reg_atr_compression_ratio_ts_band40_60,regime,atr_compression_ratio,volatility_term_structure,0
(*)|(loc_dist_ema20_atr_ts_top40==0)|(reg_atr_change_rate_ts_band25_75==1&reg_atr_change_rate_ts_top30==1&reg_atr_change_rate_ts_top70==0&reg_atr_change_rate_ts_top80==0&reg_atr_compression_ratio_ts_band40_60==0),aeae647fb1d8,2,42,4,reg_atr_change_rate_ts_top30,regime,atr_change_rate,volatility,1
(*)|(loc_dist_ema20_atr_ts_top40==0)|(reg_atr_change_rate_ts_band25_75==1&reg_atr_change_rate_ts_top30==1&reg_atr_change_rate_ts_top70==0&reg_atr_change_rate_ts_top80==0&reg_atr_compression_ratio_ts_band40_60==0),aeae647fb1d8,2,42,9,loc_dist_ema20_atr_ts_top40,location,dist_ema20_atr,context,0
(*)|(loc_dist_ema20_atr_ts_top40==1)|(reg_atr_change_rate_ts_band25_75==1&reg_atr_change_rate_ts_top70==0&reg_atr_change_rate_ts_top80==0&reg_atr_compression_ratio_ts_band40_60==0),c631e1dcf27c,2,42,24,reg_atr_change_rate_ts_top80,regime,atr_change_rate,volatility,0
(*)|(loc_dist_ema20_atr_ts_top40==1)|(reg_atr_change_rate_ts_band25_75==1&reg_atr_change_rate_ts_top70==0&reg_atr_change_rate_ts_top80==0&reg_atr_compression_ratio_ts_band40_60==0),c631e1dcf27c,2,42,20,reg_atr_change_rate_ts_top70,regime,atr_change_rate,volatility,0
(*)|(loc_dist_ema20_atr_ts_top40==1)|(reg_atr_change_rate_ts_band25_75==1&reg_atr_change_rate_ts_top70==0&reg_atr_change_rate_ts_top80==0&reg_atr_compression_ratio_ts_band40_60==0),c631e1dcf27c,2,42,30,reg_atr_change_rate_ts_band25_75,regime,atr_change_rate,volatility,1
(*)|(loc_dist_ema20_atr_ts_top40==1)|(reg_atr_change_rate_ts_band25_75==1&reg_atr_change_rate_ts_top70==0&reg_atr_change_rate_ts_top80==0&reg_atr_compression_ratio_ts_band40_60==0),c631e1dcf27c,2,42,70,reg_atr_compression_ratio_ts_band40_60,regime,atr_compression_ratio,volatility_term_structure,0
(*)|(loc_dist_ema20_atr_ts_top40==1)|(reg_atr_change_rate_ts_band25_75==1&reg_atr_change_rate_ts_top70==0&reg_atr_change_rate_ts_top80==0&reg_atr_compression_ratio_ts_band40_60==0),c631e1dcf27c,2,42,9,loc_dist_ema20_atr_ts_top40,location,dist_ema20_atr,context,1
(*)|(*)|(reg_atr_change_rate_ts_band25_75==1&reg_atr_change_rate_ts_top50==0&reg_atr_change_rate_ts_top70==0&reg_atr_change_rate_ts_top80==0&reg_atr_compression_ratio_ts_band40_60==1),aa5d4bce3055,2,42,24,reg_atr_change_rate_ts_top80,regime,atr_change_rate,volatility,0
(*)|(*)|(reg_atr_change_rate_ts_band25_75==1&reg_atr_change_rate_ts_top50==0&reg_atr_change_rate_ts_top70==0&reg_atr_change_rate_ts_top80==0&reg_atr_compression_ratio_ts_band40_60==1),aa5d4bce3055,2,42,20,reg_atr_change_rate_ts_top70,regime,atr_change_rate,volatility,0
(*)|(*)|(reg_atr_change_rate_ts_band25_75==1&reg_atr_change_rate_ts_top50==0&reg_atr_change_rate_ts_top70==0&reg_atr_change_rate_ts_top80==0&reg_atr_compression_ratio_ts_band40_60==1),aa5d4bce3055,2,42,30,reg_atr_change_rate_ts_band25_75,regime,atr_change_rate,volatility,1
(*)|(*)|(reg_atr_change_rate_ts_band25_75==1&reg_atr_change_rate_ts_top50==0&reg_atr_change_rate_ts_top70==0&reg_atr_change_rate_ts_top80==0&reg_atr_compression_ratio_ts_band40_60==1),aa5d4bce3055,2,42,70,reg_atr_compression_ratio_ts_band40_60,regime,atr_compression_ratio,volatility_term_structure,1
(*)|(*)|(reg_atr_change_rate_ts_band25_75==1&reg_atr_change_rate_ts_top50==0&reg_atr_change_rate_ts_top70==0&reg_atr_change_rate_ts_top80==0&reg_atr_compression_ratio_ts_band40_60==1),aa5d4bce3055,2,42,12,reg_atr_change_rate_ts_top50,regime,atr_change_rate,volatility,0
(*)|(*)|(reg_atr_change_rate_ts_band25_75==1&reg_atr_change_rate_ts_top50==1&reg_atr_change_rate_ts_top70==0&reg_atr_change_rate_ts_top80==0&reg_atr_compression_ratio_ts_band40_60==1),73d9a8ac48d2,2,42,24,reg_atr_change_rate_ts_top80,regime,atr_change_rate,volatility,0
(*)|(*)|(reg_atr_change_rate_ts_band25_75==1&reg_atr_change_rate_ts_top50==1&reg_atr_change_rate_ts_top70==0&reg_atr_change_rate_ts_top80==0&reg_atr_compression_ratio_ts_band40_60==1),73d9a8ac48d2,2,42,20,reg_atr_change_rate_ts_top70,regime,atr_change_rate,volatility,0
(*)|(*)|(reg_atr_change_rate_ts_band25_75==1&reg_atr_change_rate_ts_top50==1&reg_atr_change_rate_ts_top70==0&reg_atr_change_rate_ts_top80==0&reg_atr_compression_ratio_ts_band40_60==1),73d9a8ac48d2,2,42,30,reg_atr_change_rate_ts_band25_75,regime,atr_change_rate,volatility,1
(*)|(*)|(reg_atr_change_rate_ts_band25_75==1&reg_atr_change_rate_ts_top50==1&reg_atr_change_rate_ts_top70==0&reg_atr_change_rate_ts_top80==0&reg_atr_compression_ratio_ts_band40_60==1),73d9a8ac48d2,2,42,70,reg_atr_compression_ratio_ts_band40_60,regime,atr_compression_ratio,volatility_term_structure,1
(*)|(*)|(reg_atr_change_rate_ts_band25_75==1&reg_atr_change_rate_ts_top50==1&reg_atr_change_rate_ts_top70==0&reg_atr_change_rate_ts_top80==0&reg_atr_compression_ratio_ts_band40_60==1),73d9a8ac48d2,2,42,12,reg_atr_change_rate_ts_top50,regime,atr_change_rate,volatility,1
(*)|(*)|(reg_atr_change_rate_ts_band25_75==0&reg_atr_change_rate_ts_top70==1&reg_atr_change_rate_ts_top80==0),cfea624cd72a,2,42,24,reg_atr_change_rate_ts_top80,regime,atr_change_rate,volatility,0
(*)|(*)|(reg_atr_change_rate_ts_band25_75==0&reg_atr_change_rate_ts_top70==1&reg_atr_change_rate_ts_top80==0),cfea624cd72a,2,42,20,reg_atr_change_rate_ts_top70,regime,atr_change_rate,volatility,1
(*)|(*)|(reg_atr_change_rate_ts_band25_75==0&reg_atr_change_rate_ts_top70==1&reg_atr_change_rate_ts_top80==0),cfea624cd72a,2,42,30,reg_atr_change_rate_ts_band25_75,regime,atr_change_rate,volatility,0
(*)|(*)|(reg_atr_change_rate_ts_band25_75==1&reg_atr_change_rate_ts_top70==1&reg_atr_change_rate_ts_top80==0),98a6bd97027c,2,42,24,reg_atr_change_rate_ts_top80,regime,atr_change_rate,volatility,0
(*)|(*)|(reg_atr_change_rate_ts_band25_75==1&reg_atr_change_rate_ts_top70==1&reg_atr_change_rate_ts_top80==0),98a6bd97027c,2,42,20,reg_atr_change_rate_ts_top70,regime,atr_change_rate,volatility,1
(*)|(*)|(reg_atr_change_rate_ts_band25_75==1&reg_atr_change_rate_ts_top70==1&reg_atr_change_rate_ts_top80==0),98a6bd97027c,2,42,30,reg_atr_change_rate_ts_band25_75,regime,atr_change_rate,volatility,1
(*)|(*)|(reg_atr_change_rate_ts_top80==1),9de5fc37fff4,2,42,24,reg_atr_change_rate_ts_top80,regime,atr_change_rate,volatility,1
(*)|(*)|(reg_atr_change_rate_ts_band25_75==0&reg_atr_change_rate_ts_band40_60==0&reg_atr_change_rate_ts_top20==1&reg_atr_change_rate_ts_top70==0&reg_atr_change_rate_ts_top80==0),267da2230198,2,42,24,reg_atr_change_rate_ts_top80,regime,atr_change_rate,volatility,0
(*)|(*)|(reg_atr_change_rate_ts_band25_75==0&reg_atr_change_rate_ts_band40_60==0&reg_atr_change_rate_ts_top20==1&reg_atr_change_rate_ts_top70==0&reg_atr_change_rate_ts_top80==0),267da2230198,2,42,34,reg_atr_change_rate_ts_band40_60,regime,atr_change_rate,volatility,0
(*)|(*)|(reg_atr_change_rate_ts_band25_75==0&reg_atr_change_rate_ts_band40_60==0&reg_atr_change_rate_ts_top20==1&reg_atr_change_rate_ts_top70==0&reg_atr_change_rate_ts_top80==0),267da2230198,2,42,20,reg_atr_change_rate_ts_top70,regime,atr_change_rate,volatility,0
(*)|(*)|(reg_atr_change_rate_ts_band25_75==0&reg_atr_change_rate_ts_band40_60==0&reg_atr_change_rate_ts_top20==1&reg_atr_change_rate_ts_top70==0&reg_atr_change_rate_ts_top80==0),267da2230198,2,42,30,reg_atr_change_rate_ts_band25_75,regime,atr_change_rate,volatility,0
(*)|(*)|(reg_atr_change_rate_ts_band25_75==0&reg_atr_change_rate_ts_band40_60==0&reg_atr_change_rate_ts_top20==1&reg_atr_change_rate_ts_top70==0&reg_atr_change_rate_ts_top80==0),267da2230198,2,42,0,reg_atr_change_rate_ts_top20,regime,atr_change_rate,volatility,1
(*)|(*)|(reg_atr_change_rate_ts_band25_75==1&reg_atr_change_rate_ts_band40_60==0&reg_atr_change_rate_ts_top30==0&reg_atr_change_rate_ts_top70==0&reg_atr_change_rate_ts_top80==0),ff470f7f80ae,2,42,24,reg_atr_change_rate_ts_top80,regime,atr_change_rate,volatility,0
(*)|(*)|(reg_atr_change_rate_ts_band25_75==1&reg_atr_change_rate_ts_band40_60==0&reg_atr_change_rate_ts_top30==0&reg_atr_change_rate_ts_top70==0&reg_atr_change_rate_ts_top80==0),ff470f7f80ae,2,42,34,reg_atr_change_rate_ts_band40_60,regime,atr_change_rate,volatility,0
(*)|(*)|(reg_atr_change_rate_ts_band25_75==1&reg_atr_change_rate_ts_band40_60==0&reg_atr_change_rate_ts_top30==0&reg_atr_change_rate_ts_top70==0&reg_atr_change_rate_ts_top80==0),ff470f7f80ae,2,42,20,reg_atr_change_rate_ts_top70,regime,atr_change_rate,volatility,0
(*)|(*)|(reg_atr_change_rate_ts_band25_75==1&reg_atr_change_rate_ts_band40_60==0&reg_atr_change_rate_ts_top30==0&reg_atr_change_rate_ts_top70==0&reg_atr_change_rate_ts_top80==0),ff470f7f80ae,2,42,30,reg_atr_change_rate_ts_band25_75,regime,atr_change_rate,volatility,1
(*)|(*)|(reg_atr_change_rate_ts_band25_75==1&reg_atr_change_rate_ts_band40_60==0&reg_atr_change_rate_ts_top30==0&reg_atr_change_rate_ts_top70==0&reg_atr_change_rate_ts_top80==0),ff470f7f80ae,2,42,4,reg_atr_change_rate_ts_top30,regime,atr_change_rate,volatility,0
(*)|(*)|(reg_atr_change_rate_ts_band25_75==1&reg_atr_change_rate_ts_band40_60==0&reg_atr_change_rate_ts_bot40==0&reg_atr_change_rate_ts_top30==1&reg_atr_change_rate_ts_top70==0&reg_atr_change_rate_ts_top80==0),91b2ce3c5f9e,2,42,24,reg_atr_change_rate_ts_top80,regime,atr_change_rate,volatility,0
(*)|(*)|(reg_atr_change_rate_ts_band25_75==1&reg_atr_change_rate_ts_band40_60==0&reg_atr_change_rate_ts_bot40==0&reg_atr_change_rate_ts_top30==1&reg_atr_change_rate_ts_top70==0&reg_atr_change_rate_ts_top80==0),91b2ce3c5f9e,2,42,34,reg_atr_change_rate_ts_band40_60,regime,atr_change_rate,volatility,0
(*)|(*)|(reg_atr_change_rate_ts_band25_75==1&reg_atr_change_rate_ts_band40_60==0&reg_atr_change_rate_ts_bot40==0&reg_atr_change_rate_ts_top30==1&reg_atr_change_rate_ts_top70==0&reg_atr_change_rate_ts_top80==0),91b2ce3c5f9e,2,42,20,reg_atr_change_rate_ts_top70,regime,atr_change_rate,volatility,0
(*)|(*)|(reg_atr_change_rate_ts_band25_75==1&reg_atr_change_rate_ts_band40_60==0&reg_atr_change_rate_ts_bot40==0&reg_atr_change_rate_ts_top30==1&reg_atr_change_rate_ts_top70==0&reg_atr_change_rate_ts_top80==0),91b2ce3c5f9e,2,42,30,reg_atr_change_rate_ts_band25_75,regime,atr_change_rate,volatility,1
(*)|(*)|(reg_atr_change_rate_ts_band25_75==1&reg_atr_change_rate_ts_band40_60==0&reg_atr_change_rate_ts_bot40==0&reg_atr_change_rate_ts_top30==1&reg_atr_change_rate_ts_top70==0&reg_atr_change_rate_ts_top80==0),91b2ce3c5f9e,2,42,4,reg_atr_change_rate_ts_top30,regime,atr_change_rate,volatility,1
(*)|(*)|(reg_atr_change_rate_ts_band25_75==1&reg_atr_change_rate_ts_band40_60==0&reg_atr_change_rate_ts_bot40==0&reg_atr_change_rate_ts_top30==1&reg_atr_change_rate_ts_top70==0&reg_atr_change_rate_ts_top80==0),91b2ce3c5f9e,2,42,10,reg_atr_change_rate_ts_bot40,regime,atr_change_rate,volatility,0
(*)|(*)|(reg_atr_change_rate_ts_band25_75==1&reg_atr_change_rate_ts_band40_60==0&reg_atr_change_rate_ts_bot40==1&reg_atr_change_rate_ts_top30==1&reg_atr_change_rate_ts_top70==0&reg_atr_change_rate_ts_top80==0),a1c4cb24a41b,2,42,24,reg_atr_change_rate_ts_top80,regime,atr_change_rate,volatility,0
(*)|(*)|(reg_atr_change_rate_ts_band25_75==1&reg_atr_change_rate_ts_band40_60==0&reg_atr_change_rate_ts_bot40==1&reg_atr_change_rate_ts_top30==1&reg_atr_change_rate_ts_top70==0&reg_atr_change_rate_ts_top80==0),a1c4cb24a41b,2,42,34,reg_atr_change_rate_ts_band40_60,regime,atr_change_rate,volatility,0
(*)|(*)|(reg_atr_change_rate_ts_band25_75==1&reg_atr_change_rate_ts_band40_60==0&reg_atr_change_rate_ts_bot40==1&reg_atr_change_rate_ts_top30==1&reg_atr_change_rate_ts_top70==0&reg_atr_change_rate_ts_top80==0),a1c4cb24a41b,2,42,20,reg_atr_change_rate_ts_top70,regime,atr_change_rate,volatility,0
(*)|(*)|(reg_atr_change_rate_ts_band25_75==1&reg_atr_change_rate_ts_band40_60==0&reg_atr_change_rate_ts_bot40==1&reg_atr_change_rate_ts_top30==1&reg_atr_change_rate_ts_top70==0&reg_atr_change_rate_ts_top80==0),a1c4cb24a41b,2,42,30,reg_atr_change_rate_ts_band25_75,regime,atr_change_rate,volatility,1
(*)|(*)|(reg_atr_change_rate_ts_band25_75==1&reg_atr_change_rate_ts_band40_60==0&reg_atr_change_rate_ts_bot40==1&reg_atr_change_rate_ts_top30==1&reg_atr_change_rate_ts_top70==0&reg_atr_change_rate_ts_top80==0),a1c4cb24a41b,2,42,4,reg_atr_change_rate_ts_top30,regime,atr_change_rate,volatility,1
(*)|(*)|(reg_atr_change_rate_ts_band25_75==1&reg_atr_change_rate_ts_band40_60==0&reg_atr_change_rate_ts_bot40==1&reg_atr_change_rate_ts_top30==1&reg_atr_change_rate_ts_top70==0&reg_atr_change_rate_ts_top80==0),a1c4cb24a41b,2,42,10,reg_atr_change_rate_ts_bot40,regime,atr_change_rate,volatility,1
(*)|(*)|(reg_atr_change_rate_ts_band40_60==0&reg_atr_change_rate_ts_top70==1&reg_atr_change_rate_ts_top80==0),481df355ca26,2,42,24,reg_atr_change_rate_ts_top80,regime,atr_change_rate,volatility,0
(*)|(*)|(reg_atr_change_rate_ts_band40_60==0&reg_atr_change_rate_ts_top70==1&reg_atr_change_rate_ts_top80==0),481df355ca26,2,42,34,reg_atr_change_rate_ts_band40_60,regime,atr_change_rate,volatility,0
(*)|(*)|(reg_atr_change_rate_ts_band40_60==0&reg_atr_change_rate_ts_top70==1&reg_atr_change_rate_ts_top80==0),481df355ca26,2,42,20,reg_atr_change_rate_ts_top70,regime,atr_change_rate,volatility,1
(*)|(*)|(reg_atr_change_rate_ts_band40_60==1&reg_atr_change_rate_ts_top50==0&reg_atr_change_rate_ts_top80==0),a2e7515d90ae,2,42,24,reg_atr_change_rate_ts_top80,regime,atr_change_rate,volatility,0
(*)|(*)|(reg_atr_change_rate_ts_band40_60==1&reg_atr_change_rate_ts_top50==0&reg_atr_change_rate_ts_top80==0),a2e7515d90ae,2,42,34,reg_atr_change_rate_ts_band40_60,regime,atr_change_rate,volatility,1
(*)|(*)|(reg_atr_change_rate_ts_band40_60==1&reg_atr_change_rate_ts_top50==0&reg_atr_change_rate_ts_top80==0),a2e7515d90ae,2,42,12,reg_atr_change_rate_ts_top50,regime,atr_change_rate,volatility,0
(*)|(*)|(reg_atr_change_rate_ts_band40_60==1&reg_atr_change_rate_ts_top50==1&reg_atr_change_rate_ts_top80==0),88ee93e55ed1,2,42,24,reg_atr_change_rate_ts_top80,regime,atr_change_rate,volatility,0
(*)|(*)|(reg_atr_change_rate_ts_band40_60==1&reg_atr_change_rate_ts_top50==1&reg_atr_change_rate_ts_top80==0),88ee93e55ed1,2,42,34,reg_atr_change_rate_ts_band40_60,regime,atr_change_rate,volatility,1
(*)|(*)|(reg_atr_change_rate_ts_band40_60==1&reg_atr_change_rate_ts_top50==1&reg_atr_change_rate_ts_top80==0),88ee93e55ed1,2,42,12,reg_atr_change_rate_ts_top50,regime,atr_change_rate,volatility,1
(*)|(*)|(reg_atr_change_rate_ts_top80==1),afe116b347d4,2,42,24,reg_atr_change_rate_ts_top80,regime,atr_change_rate,volatility,1
(*)|(*)|(reg_atr_change_rate_ts_band40_60==0&reg_atr_change_rate_ts_bot80==1&reg_atr_change_rate_ts_top20==0&reg_atr_change_rate_ts_top70==0),584477af78c5,2,42,26,reg_atr_change_rate_ts_bot80,regime,atr_change_rate,volatility,1
(*)|(*)|(reg_atr_change_rate_ts_band40_60==0&reg_atr_change_rate_ts_bot80==1&reg_atr_change_rate_ts_top20==0&reg_atr_change_rate_ts_top70==0),584477af78c5,2,42,34,reg_atr_change_rate_ts_band40_60,regime,atr_change_rate,volatility,0
(*)|(*)|(reg_atr_change_rate_ts_band40_60==0&reg_atr_change_rate_ts_bot80==1&reg_atr_change_rate_ts_top20==0&reg_atr_change_rate_ts_top70==0),584477af78c5,2,42,20,reg_atr_change_rate_ts_top70,regime,atr_change_rate,volatility,0
(*)|(*)|(reg_atr_change_rate_ts_band40_60==0&reg_atr_change_rate_ts_bot80==1&reg_atr_change_rate_ts_top20==0&reg_atr_change_rate_ts_top70==0),584477af78c5,2,42,0,reg_atr_change_rate_ts_top20,regime,atr_change_rate,volatility,0
(*)|(loc_dist_ema20_atr_ts_band25_75==0)|(reg_atr_change_rate_ts_band40_60==0&reg_atr_change_rate_ts_bot80==1&reg_atr_change_rate_ts_top20==1&reg_atr_change_rate_ts_top70==0),2b3d80c7c5f3,2,42,26,reg_atr_change_rate_ts_bot80,regime,atr_change_rate,volatility,1
(*)|(loc_dist_ema20_atr_ts_band25_75==0)|(reg_atr_change_rate_ts_band40_60==0&reg_atr_change_rate_ts_bot80==1&reg_atr_change_rate_ts_top20==1&reg_atr_change_rate_ts_top70==0),2b3d80c7c5f3,2,42,34,reg_atr_change_rate_ts_band40_60,regime,atr_change_rate,volatility,0
(*)|(loc_dist_ema20_atr_ts_band25_75==0)|(reg_atr_change_rate_ts_band40_60==0&reg_atr_change_rate_ts_bot80==1&reg_atr_change_rate_ts_top20==1&reg_atr_change_rate_ts_top70==0),2b3d80c7c5f3,2,42,20,reg_atr_change_rate_ts_top70,regime,atr_change_rate,volatility,0
(*)|(loc_dist_ema20_atr_ts_band25_75==0)|(reg_atr_change_rate_ts_band40_60==0&reg_atr_change_rate_ts_bot80==1&reg_atr_change_rate_ts_top20==1&reg_atr_change_rate_ts_top70==0),2b3d80c7c5f3,2,42,0,reg_atr_change_rate_ts_top20,regime,atr_change_rate,volatility,1
(*)|(loc_dist_ema20_atr_ts_band25_75==0)|(reg_atr_change_rate_ts_band40_60==0&reg_atr_change_rate_ts_bot80==1&reg_atr_change_rate_ts_top20==1&reg_atr_change_rate_ts_top70==0),2b3d80c7c5f3,2,42,31,loc_dist_ema20_atr_ts_band25_75,location,dist_ema20_atr,context,0
(*)|(loc_dist_ema20_atr_ts_band25_75==1)|(reg_atr_change_rate_ts_band40_60==0&reg_atr_change_rate_ts_bot80==1&reg_atr_change_rate_ts_top20==1&reg_atr_change_rate_ts_top40==0&reg_atr_change_rate_ts_top70==0),a7e4da73b675,2,42,26,reg_atr_change_rate_ts_bot80,regime,atr_change_rate,volatility,1
(*)|(loc_dist_ema20_atr_ts_band25_75==1)|(reg_atr_change_rate_ts_band40_60==0&reg_atr_change_rate_ts_bot80==1&reg_atr_change_rate_ts_top20==1&reg_atr_change_rate_ts_top40==0&reg_atr_change_rate_ts_top70==0),a7e4da73b675,2,42,34,reg_atr_change_rate_ts_band40_60,regime,atr_change_rate,volatility,0
(*)|(loc_dist_ema20_atr_ts_band25_75==1)|(reg_atr_change_rate_ts_band40_60==0&reg_atr_change_rate_ts_bot80==1&reg_atr_change_rate_ts_top20==1&reg_atr_change_rate_ts_top40==0&reg_atr_change_rate_ts_top70==0),a7e4da73b675,2,42,20,reg_atr_change_rate_ts_top70,regime,atr_change_rate,volatility,0
(*)|(loc_dist_ema20_atr_ts_band25_75==1)|(reg_atr_change_rate_ts_band40_60==0&reg_atr_change_rate_ts_bot80==1&reg_atr_change_rate_ts_top20==1&reg_atr_change_rate_ts_top40==0&reg_atr_change_rate_ts_top70==0),a7e4da73b675,2,42,0,reg_atr_change_rate_ts_top20,regime,atr_change_rate,volatility,1
(*)|(loc_dist_ema20_atr_ts_band25_75==1)|(reg_atr_change_rate_ts_band40_60==0&reg_atr_change_rate_ts_bot80==1&reg_atr_change_rate_ts_top20==1&reg_atr_change_rate_ts_top40==0&reg_atr_change_rate_ts_top70==0),a7e4da73b675,2,42,8,reg_atr_change_rate_ts_top40,regime,atr_change_rate,volatility,0
(*)|(loc_dist_ema20_atr_ts_band25_75==1)|(reg_atr_change_rate_ts_band40_60==0&reg_atr_change_rate_ts_bot80==1&reg_atr_change_rate_ts_top20==1&reg_atr_change_rate_ts_top40==0&reg_atr_change_rate_ts_top70==0),a7e4da73b675,2,42,31,loc_dist_ema20_atr_ts_band25_75,location,dist_ema20_atr,context,1
(*)|(loc_dist_ema20_atr_ts_band25_75==1)|(reg_atr_change_rate_ts_band40_60==0&reg_atr_change_rate_ts_bot80==1&reg_atr_change_rate_ts_top20==1&reg_atr_change_rate_ts_top40==1&reg_atr_change_rate_ts_top70==0),098f9785d798,2,42,26,reg_atr_change_rate_ts_bot80,regime,atr_change_rate,volatility,1
(*)|(loc_dist_ema20_atr_ts_band25_75==1)|(reg_atr_change_rate_ts_band40_60==0&reg_atr_change_rate_ts_bot80==1&reg_atr_change_rate_ts_top20==1&reg_atr_change_rate_ts_top40==1&reg_atr_change_rate_ts_top70==0),098f9785d798,2,42,34,reg_atr_change_rate_ts_band40_60,regime,atr_change_rate,volatility,0
(*)|(loc_dist_ema20_atr_ts_band25_75==1)|(reg_atr_change_rate_ts_band40_60==0&reg_atr_change_rate_ts_bot80==1&reg_atr_change_rate_ts_top20==1&reg_atr_change_rate_ts_top40==1&reg_atr_change_rate_ts_top70==0),098f9785d798,2,42,20,reg_atr_change_rate_ts_top70,regime,atr_change_rate,volatility,0
(*)|(loc_dist_ema20_atr_ts_band25_75==1)|(reg_atr_change_rate_ts_band40_60==0&reg_atr_change_rate_ts_bot80==1&reg_atr_change_rate_ts_top20==1&reg_atr_change_rate_ts_top40==1&reg_atr_change_rate_ts_top70==0),098f9785d798,2,42,0,reg_atr_change_rate_ts_top20,regime,atr_change_rate,volatility,1
(*)|(loc_dist_ema20_atr_ts_band25_75==1)|(reg_atr_change_rate_ts_band40_60==0&reg_atr_change_rate_ts_bot80==1&reg_atr_change_rate_ts_top20==1&reg_atr_change_rate_ts_top40==1&reg_atr_change_rate_ts_top70==0),098f9785d798,2,42,8,reg_atr_change_rate_ts_top40,regime,atr_change_rate,volatility,1
(*)|(loc_dist_ema20_atr_ts_band25_75==1)|(reg_atr_change_rate_ts_band40_60==0&reg_atr_change_rate_ts_bot80==1&reg_atr_change_rate_ts_top20==1&reg_atr_change_rate_ts_top40==1&reg_atr_change_rate_ts_top70==0),098f9785d798,2,42,31,loc_dist_ema20_atr_ts_band25_75,location,dist_ema20_atr,context,1
(*)|(loc_dist_ema20_atr_ts_band25_75==0)|(reg_atr_change_rate_ts_band40_60==0&reg_atr_change_rate_ts_bot80==1&reg_atr_change_rate_ts_top70==1),01421f56eab5,2,42,26,reg_atr_change_rate_ts_bot80,regime,atr_change_rate,volatility,1
(*)|(loc_dist_ema20_atr_ts_band25_75==0)|(reg_atr_change_rate_ts_band40_60==0&reg_atr_change_rate_ts_bot80==1&reg_atr_change_rate_ts_top70==1),01421f56eab5,2,42,34,reg_atr_change_rate_ts_band40_60,regime,atr_change_rate,volatility,0
(*)|(loc_dist_ema20_atr_ts_band25_75==0)|(reg_atr_change_rate_ts_band40_60==0&reg_atr_change_rate_ts_bot80==1&reg_atr_change_rate_ts_top70==1),01421f56eab5,2,42,20,reg_atr_change_rate_ts_top70,regime,atr_change_rate,volatility,1
(*)|(loc_dist_ema20_atr_ts_band25_75==0)|(reg_atr_change_rate_ts_band40_60==0&reg_atr_change_rate_ts_bot80==1&reg_atr_change_rate_ts_top70==1),01421f56eab5,2,42,31,loc_dist_ema20_atr_ts_band25_75,location,dist_ema20_atr,context,0
(*)|(loc_dist_ema20_atr_ts_band25_75==1)|(reg_atr_change_rate_ts_band40_60==0&reg_atr_change_rate_ts_bot80==1&reg_atr_change_rate_ts_top70==1),a8495ed6cb5c,2,42,26,reg_atr_change_rate_ts_bot80,regime,atr_change_rate,volatility,1
(*)|(loc_dist_ema20_atr_ts_band25_75==1)|(reg_atr_change_rate_ts_band40_60==0&reg_atr_change_rate_ts_bot80==1&reg_atr_change_rate_ts_top70==1),a8495ed6cb5c,2,42,34,reg_atr_change_rate_ts_band40_60,regime,atr_change_rate,volatility,0
(*)|(loc_dist_ema20_atr_ts_band25_75==1)|(reg_atr_change_rate_ts_band40_60==0&reg_atr_change_rate_ts_bot80==1&reg_atr_change_rate_ts_top70==1),a8495ed6cb5c,2,42,20,reg_atr_change_rate_ts_top70,regime,atr_change_rate,volatility,1
(*)|(loc_dist_ema20_atr_ts_band25_75==1)|(reg_atr_change_rate_ts_band40_60==0&reg_atr_change_rate_ts_bot80==1&reg_atr_change_rate_ts_top70==1),a8495ed6cb5c,2,42,31,loc_dist_ema20_atr_ts_band25_75,location,dist_ema20_atr,context,1
(*)|(*)|(reg_atr_change_rate_ts_band40_60==1&reg_atr_change_rate_ts_bot80==1&reg_atr_change_rate_ts_top50==0),98df24837b45,2,42,26,reg_atr_change_rate_ts_bot80,regime,atr_change_rate,volatility,1
(*)|(*)|(reg_atr_change_rate_ts_band40_60==1&reg_atr_change_rate_ts_bot80==1&reg_atr_change_rate_ts_top50==0),98df24837b45,2,42,34,reg_atr_change_rate_ts_band40_60,regime,atr_change_rate,volatility,1
(*)|(*)|(reg_atr_change_rate_ts_band40_60==1&reg_atr_change_rate_ts_bot80==1&reg_atr_change_rate_ts_top50==0),98df24837b45,2,42,12,reg_atr_change_rate_ts_top50,regime,atr_change_rate,volatility,0
(*)|(*)|(reg_atr_change_rate_ts_band40_60==1&reg_atr_change_rate_ts_bot80==1&reg_atr_change_rate_ts_top50==1),4ca4eb66f6e3,2,42,26,reg_atr_change_rate_ts_bot80,regime,atr_change_rate,volatility,1
(*)|(*)|(reg_atr_change_rate_ts_band40_60==1&reg_atr_change_rate_ts_bot80==1&reg_atr_change_rate_ts_top50==1),4ca4eb66f6e3,2,42,34,reg_atr_change_rate_ts_band40_60,regime,atr_change_rate,volatility,1
(*)|(*)|(reg_atr_change_rate_ts_band40_60==1&reg_atr_change_rate_ts_bot80==1&reg_atr_change_rate_ts_top50==1),4ca4eb66f6e3,2,42,12,reg_atr_change_rate_ts_top50,regime,atr_change_rate,volatility,1
(*)|(loc_dist_ema20_atr_ts_top80==0)|(reg_atr_change_rate_ts_band25_75==0&reg_atr_change_rate_ts_band30_70==0&reg_atr_change_rate_ts_top20==1),8486f27e019f,2,42,25,loc_dist_ema20_atr_ts_top80,location,dist_ema20_atr,context,0
(*)|(loc_dist_ema20_atr_ts_top80==0)|(reg_atr_change_rate_ts_band25_75==0&reg_atr_change_rate_ts_band30_70==0&reg_atr_change_rate_ts_top20==1),8486f27e019f,2,42,32,reg_atr_change_rate_ts_band30_70,regime,atr_change_rate,volatility,0
(*)|(loc_dist_ema20_atr_ts_top80==0)|(reg_atr_change_rate_ts_band25_75==0&reg_atr_change_rate_ts_band30_70==0&reg_atr_change_rate_ts_top20==1),8486f27e019f,2,42,0,reg_atr_change_rate_ts_top20,regime,atr_change_rate,volatility,1
(*)|(loc_dist_ema20_atr_ts_top80==0)|(reg_atr_change_rate_ts_band25_75==0&reg_atr_change_rate_ts_band30_70==0&reg_atr_change_rate_ts_top20==1),8486f27e019f,2,42,30,reg_atr_change_rate_ts_band25_75,regime,atr_change_rate,volatility,0
(*)|(loc_dist_ema20_atr_ts_top80==0)|(reg_atr_change_rate_ts_band25_75==1&reg_atr_change_rate_ts_band30_70==0&reg_atr_change_rate_ts_top20==1),dd81dd601f8d,2,42,25,loc_dist_ema20_atr_ts_top80,location,dist_ema20_atr,context,0
(*)|(loc_dist_ema20_atr_ts_top80==0)|(reg_atr_change_rate_ts_band25_75==1&reg_atr_change_rate_ts_band30_70==0&reg_atr_change_rate_ts_top20==1),dd81dd601f8d,2,42,32,reg_atr_change_rate_ts_band30_70,regime,atr_change_rate,volatility,0
(*)|(loc_dist_ema20_atr_ts_top80==0)|(reg_atr_change_rate_ts_band25_75==1&reg_atr_change_rate_ts_band30_70==0&reg_atr_change_rate_ts_top20==1),dd81dd601f8d,2,42,0,reg_atr_change_rate_ts_top20,regime,atr_change_rate,volatility,1
(*)|(loc_dist_ema20_atr_ts_top80==0)|(reg_atr_change_rate_ts_band25_75==1&reg_atr_change_rate_ts_band30_70==0&reg_atr_change_rate_ts_top20==1),dd81dd601f8d,2,42,30,reg_atr_change_rate_ts_band25_75,regime,atr_change_rate,volatility,1
(*)|(loc_dist_ema20_atr_ts_top80==0)|(reg_atr_change_rate_ts_band30_70==1&reg_atr_change_rate_ts_band40_60==0&reg_atr_change_rate_ts_top40==0),69f7dd173ce0,2,42,25,loc_dist_ema20_atr_ts_top80,location,dist_ema20_atr,context,0
(*)|(loc_dist_ema20_atr_ts_top80==0)|(reg_atr_change_rate_ts_band30_70==1&reg_atr_change_rate_ts_band40_60==0&reg_atr_change_rate_ts_top40==0),69f7dd173ce0,2,42,32,reg_atr_change_rate_ts_band30_70,regime,atr_change_rate,volatility,1
(*)|(loc_dist_ema20_atr_ts_top80==0)|(reg_atr_change_rate_ts_band30_70==1&reg_atr_change_rate_ts_band40_60==0&reg_atr_change_rate_ts_top40==0),69f7dd173ce0,2,42,34,reg_atr_change_rate_ts_band40_60,regime,atr_change_rate,volatility,0
(*)|(loc_dist_ema20_atr_ts_top80==0)|(reg_atr_change_rate_ts_band30_70==1&reg_atr_change_rate_ts_band40_60==0&reg_atr_change_rate_ts_top40==0),69f7dd173ce0,2,42,8,reg_atr_change_rate_ts_top40,regime,atr_change_rate,volatility,0
(*)|(loc_dist_ema20_atr_ts_top80==0)|(reg_atr_change_rate_ts_band30_70==1&reg_atr_change_rate_ts_band40_60==0&reg_atr_change_rate_ts_top40==1),f6c22aecfb82,2,42,25,loc_dist_ema20_atr_ts_top80,location,dist_ema20_atr,context,0
(*)|(loc_dist_ema20_atr_ts_top80==0)|(reg_atr_change_rate_ts_band30_70==1&reg_atr_change_rate_ts_band40_60==0&reg_atr_change_rate_ts_top40==1),f6c22aecfb82,2,42,32,reg_atr_change_rate_ts_band30_70,regime,atr_change_rate,volatility,1
(*)|(loc_dist_ema20_atr_ts_top80==0)|(reg_atr_change_rate_ts_band30_70==1&reg_atr_change_rate_ts_band40_60==0&reg_atr_change_rate_ts_top40==1),f6c22aecfb82,2,42,34,reg_atr_change_rate_ts_band40_60,regime,atr_change_rate,volatility,0
(*)|(loc_dist_ema20_atr_ts_top80==0)|(reg_atr_change_rate_ts_band30_70==1&reg_atr_change_rate_ts_band40_60==0&reg_atr_change_rate_ts_top40==1),f6c22aecfb82,2,42,8,reg_atr_change_rate_ts_top40,regime,atr_change_rate,volatility,1
(*)|(loc_dist_ema20_atr_ts_top80==0)|(reg_atr_change_rate_ts_band30_70==1&reg_atr_change_rate_ts_band40_60==1&reg_atr_change_rate_ts_top50==0),32c175131e44,2,42,25,loc_dist_ema20_atr_ts_top80,location,dist_ema20_atr,context,0
(*)|(loc_dist_ema20_atr_ts_top80==0)|(reg_atr_change_rate_ts_band30_70==1&reg_atr_change_rate_ts_band40_60==1&reg_atr_change_rate_ts_top50==0),32c175131e44,2,42,32,reg_atr_change_rate_ts_band30_70,regime,atr_change_rate,volatility,1
(*)|(loc_dist_ema20_atr_ts_top80==0)|(reg_atr_change_rate_ts_band30_70==1&reg_atr_change_rate_ts_band40_60==1&reg_atr_change_rate_ts_top50==0),32c175131e44,2,42,34,reg_atr_change_rate_ts_band40_60,regime,atr_change_rate,volatility,1
(*)|(loc_dist_ema20_atr_ts_top80==0)|(reg_atr_change_rate_ts_band30_70==1&reg_atr_change_rate_ts_band40_60==1&reg_atr_change_rate_ts_top50==0),32c175131e44,2,42,12,reg_atr_change_rate_ts_top50,regime,atr_change_rate,volatility,0
(*)|(loc_dist_ema20_atr_ts_top80==0)|(reg_atr_change_rate_ts_band30_70==1&reg_atr_change_rate_ts_band40_60==1&reg_atr_change_rate_ts_top50==1),4d6afd1c92fc,2,42,25,loc_dist_ema20_atr_ts_top80,location,dist_ema20_atr,context,0
(*)|(loc_dist_ema20_atr_ts_top80==0)|(reg_atr_change_rate_ts_band30_70==1&reg_atr_change_rate_ts_band40_60==1&reg_atr_change_rate_ts_top50==1),4d6afd1c92fc,2,42,32,reg_atr_change_rate_ts_band30_70,regime,atr_change_rate,volatility,1
(*)|(loc_dist_ema20_atr_ts_top80==0)|(reg_atr_change_rate_ts_band30_70==1&reg_atr_change_rate_ts_band40_60==1&reg_atr_change_rate_ts_top50==1),4d6afd1c92fc,2,42,34,reg_atr_change_rate_ts_band40_60,regime,atr_change_rate,volatility,1
(*)|(loc_dist_ema20_atr_ts_top80==0)|(reg_atr_change_rate_ts_band30_70==1&reg_atr_change_rate_ts_band40_60==1&reg_atr_change_rate_ts_top50==1),4d6afd1c92fc,2,42,12,reg_atr_change_rate_ts_top50,regime,atr_change_rate,volatility,1
(*)|(loc_dist_ema20_atr_ts_top80==1)|(*),97b92a6c5063,2,42,25,loc_dist_ema20_atr_ts_top80,location,dist_ema20_atr,context,1
(*)|(*)|(reg_atr_change_rate_ts_band25_75==0&reg_atr_change_rate_ts_band40_60==0&reg_atr_change_rate_ts_top20==1&reg_atr_change_rate_ts_top70==0&reg_atr_change_rate_ts_top80==0),cd3bab7c7f71,2,42,24,reg_atr_change_rate_ts_top80,regime,atr_change_rate,volatility,0
(*)|(*)|(reg_atr_change_rate_ts_band25_75==0&reg_atr_change_rate_ts_band40_60==0&reg_atr_change_rate_ts_top20==1&reg_atr_change_rate_ts_top70==0&reg_atr_change_rate_ts_top80==0),cd3bab7c7f71,2,42,34,reg_atr_change_rate_ts_band40_60,regime,atr_change_rate,volatility,0
(*)|(*)|(reg_atr_change_rate_ts_band25_75==0&reg_atr_change_rate_ts_band40_60==0&reg_atr_change_rate_ts_top20==1&reg_atr_change_rate_ts_top70==0&reg_atr_change_rate_ts_top80==0),cd3bab7c7f71,2,42,20,reg_atr_change_rate_ts_top70,regime,atr_change_rate,volatility,0
(*)|(*)|(reg_atr_change_rate_ts_band25_75==0&reg_atr_change_rate_ts_band40_60==0&reg_atr_change_rate_ts_top20==1&reg_atr_change_rate_ts_top70==0&reg_atr_change_rate_ts_top80==0),cd3bab7c7f71,2,42,30,reg_atr_change_rate_ts_band25_75,regime,atr_change_rate,volatility,0
(*)|(*)|(reg_atr_change_rate_ts_band25_75==0&reg_atr_change_rate_ts_band40_60==0&reg_atr_change_rate_ts_top20==1&reg_atr_change_rate_ts_top70==0&reg_atr_change_rate_ts_top80==0),cd3bab7c7f71,2,42,0,reg_atr_change_rate_ts_top20,regime,atr_change_rate,volatility,1
(*)|(loc_dist_ema20_atr_ts_top30==0)|(reg_atr_change_rate_ts_band25_75==1&reg_atr_change_rate_ts_band40_60==0&reg_atr_change_rate_ts_top40==0&reg_atr_change_rate_ts_top70==0&reg_atr_change_rate_ts_top80==0),f3c2f2768e38,2,42,24,reg_atr_change_rate_ts_top80,regime,atr_change_rate,volatility,0
(*)|(loc_dist_ema20_atr_ts_top30==0)|(reg_atr_change_rate_ts_band25_75==1&reg_atr_change_rate_ts_band40_60==0&reg_atr_change_rate_ts_top40==0&reg_atr_change_rate_ts_top70==0&reg_atr_change_rate_ts_top80==0),f3c2f2768e38,2,42,34,reg_atr_change_rate_ts_band40_60,regime,atr_change_rate,volatility,0
(*)|(loc_dist_ema20_atr_ts_top30==0)|(reg_atr_change_rate_ts_band25_75==1&reg_atr_change_rate_ts_band40_60==0&reg_atr_change_rate_ts_top40==0&reg_atr_change_rate_ts_top70==0&reg_atr_change_rate_ts_top80==0),f3c2f2768e38,2,42,20,reg_atr_change_rate_ts_top70,regime,atr_change_rate,volatility,0
(*)|(loc_dist_ema20_atr_ts_top30==0)|(reg_atr_change_rate_ts_band25_75==1&reg_atr_change_rate_ts_band40_60==0&reg_atr_change_rate_ts_top40==0&reg_atr_change_rate_ts_top70==0&reg_atr_change_rate_ts_top80==0),f3c2f2768e38,2,42,30,reg_atr_change_rate_ts_band25_75,regime,atr_change_rate,volatility,1
(*)|(loc_dist_ema20_atr_ts_top30==0)|(reg_atr_change_rate_ts_band25_75==1&reg_atr_change_rate_ts_band40_60==0&reg_atr_change_rate_ts_top40==0&reg_atr_change_rate_ts_top70==0&reg_atr_change_rate_ts_top80==0),f3c2f2768e38,2,42,8,reg_atr_change_rate_ts_top40,regime,atr_change_rate,volatility,0
(*)|(loc_dist_ema20_atr_ts_top30==0)|(reg_atr_change_rate_ts_band25_75==1&reg_atr_change_rate_ts_band40_60==0&reg_atr_change_rate_ts_top40==0&reg_atr_change_rate_ts_top70==0&reg_atr_change_rate_ts_top80==0),f3c2f2768e38,2,42,5,loc_dist_ema20_atr_ts_top30,location,dist_ema20_atr,context,0
(*)|(loc_dist_ema20_atr_ts_top30==1)|(reg_atr_change_rate_ts_band25_75==1&reg_atr_change_rate_ts_band40_60==0&reg_atr_change_rate_ts_top40==0&reg_atr_change_rate_ts_top70==0&reg_atr_change_rate_ts_top80==0),4f0d5a1eb855,2,42,24,reg_atr_change_rate_ts_top80,regime,atr_change_rate,volatility,0
(*)|(loc_dist_ema20_atr_ts_top30==1)|(reg_atr_change_rate_ts_band25_75==1&reg_atr_change_rate_ts_band40_60==0&reg_atr_change_rate_ts_top40==0&reg_atr_change_rate_ts_top70==0&reg_atr_change_rate_ts_top80==0),4f0d5a1eb855,2,42,34,reg_atr_change_rate_ts_band40_60,regime,atr_change_rate,volatility,0
(*)|(loc_dist_ema20_atr_ts_top30==1)|(reg_atr_change_rate_ts_band25_75==1&reg_atr_change_rate_ts_band40_60==0&reg_atr_change_rate_ts_top40==0&reg_atr_change_rate_ts_top70==0&reg_atr_change_rate_ts_top80==0),4f0d5a1eb855,2,42,20,reg_atr_change_rate_ts_top70,regime,atr_change_rate,volatility,0
(*)|(loc_dist_ema20_atr_ts_top30==1)|(reg_atr_change_rate_ts_band25_75==1&reg_atr_change_rate_ts_band40_60==0&reg_atr_change_rate_ts_top40==0&reg_atr_change_rate_ts_top70==0&reg_atr_change_rate_ts_top80==0),4f0d5a1eb855,2,42,30,reg_atr_change_rate_ts_band25_75,regime,atr_change_rate,volatility,1
(*)|(loc_dist_ema20_atr_ts_top30==1)|(reg_atr_change_rate_ts_band25_75==1&reg_atr_change_rate_ts_band40_60==0&reg_atr_change_rate_ts_top40==0&reg_atr_change_rate_ts_top70==0&reg_atr_change_rate_ts_top80==0),4f0d5a1eb855,2,42,8,reg_atr_change_rate_ts_top40,regime,atr_change_rate,volatility,0
(*)|(loc_dist_ema20_atr_ts_top30==1)|(reg_atr_change_rate_ts_band25_75==1&reg_atr_change_rate_ts_band40_60==0&reg_atr_change_rate_ts_top40==0&reg_atr_change_rate_ts_top70==0&reg_atr_change_rate_ts_top80==0),4f0d5a1eb855,2,42,5,loc_dist_ema20_atr_ts_top30,location,dist_ema20_atr,context,1
(*)|(*)|(reg_atr_change_rate_ts_band25_75==1&reg_atr_change_rate_ts_band40_60==0&reg_atr_change_rate_ts_top40==1&reg_atr_change_rate_ts_top70==0&reg_atr_change_rate_ts_top80==0),e675a1244a67,2,42,24,reg_atr_change_rate_ts_top80,regime,atr_change_rate,volatility,0
(*)|(*)|(reg_atr_change_rate_ts_band25_75==1&reg_atr_change_rate_ts_band40_60==0&reg_atr_change_rate_ts_top40==1&reg_atr_change_rate_ts_top70==0&reg_atr_change_rate_ts_top80==0),e675a1244a67,2,42,34,reg_atr_change_rate_ts_band40_60,regime,atr_change_rate,volatility,0
(*)|(*)|(reg_atr_change_rate_ts_band25_75==1&reg_atr_change_rate_ts_band40_60==0&reg_atr_change_rate_ts_top40==1&reg_atr_change_rate_ts_top70==0&reg_atr_change_rate_ts_top80==0),e675a1244a67,2,42,20,reg_atr_change_rate_ts_top70,regime,atr_change_rate,volatility,0
(*)|(*)|(reg_atr_change_rate_ts_band25_75==1&reg_atr_change_rate_ts_band40_60==0&reg_atr_change_rate_ts_top40==1&reg_atr_change_rate_ts_top70==0&reg_atr_change_rate_ts_top80==0),e675a1244a67,2,42,30,reg_atr_change_rate_ts_band25_75,regime,atr_change_rate,volatility,1
(*)|(*)|(reg_atr_change_rate_ts_band25_75==1&reg_atr_change_rate_ts_band40_60==0&reg_atr_change_rate_ts_top40==1&reg_atr_change_rate_ts_top70==0&reg_atr_change_rate_ts_top80==0),e675a1244a67,2,42,8,reg_atr_change_rate_ts_top40,regime,atr_change_rate,volatility,1
(*)|(*)|(reg_atr_change_rate_ts_band25_75==0&reg_atr_change_rate_ts_band40_60==0&reg_atr_change_rate_ts_top70==1&reg_atr_change_rate_ts_top80==0),8ae76100a4e2,2,42,24,reg_atr_change_rate_ts_top80,regime,atr_change_rate,volatility,0
(*)|(*)|(reg_atr_change_rate_ts_band25_75==0&reg_atr_change_rate_ts_band40_60==0&reg_atr_change_rate_ts_top70==1&reg_atr_change_rate_ts_top80==0),8ae76100a4e2,2,42,34,reg_atr_change_rate_ts_band40_60,regime,atr_change_rate,volatility,0
(*)|(*)|(reg_atr_change_rate_ts_band25_75==0&reg_atr_change_rate_ts_band40_60==0&reg_atr_change_rate_ts_top70==1&reg_atr_change_rate_ts_top80==0),8ae76100a4e2,2,42,20,reg_atr_change_rate_ts_top70,regime,atr_change_rate,volatility,1
(*)|(*)|(reg_atr_change_rate_ts_band25_75==0&reg_atr_change_rate_ts_band40_60==0&reg_atr_change_rate_ts_top70==1&reg_atr_change_rate_ts_top80==0),8ae76100a4e2,2,42,30,reg_atr_change_rate_ts_band25_75,regime,atr_change_rate,volatility,0
(*)|(*)|(reg_atr_change_rate_ts_band25_75==1&reg_atr_change_rate_ts_band40_60==0&reg_atr_change_rate_ts_top70==1&reg_atr_change_rate_ts_top80==0),a6fef4a1ddca,2,42,24,reg_atr_change_rate_ts_top80,regime,atr_change_rate,volatility,0
(*)|(*)|(reg_atr_change_rate_ts_band25_75==1&reg_atr_change_rate_ts_band40_60==0&reg_atr_change_rate_ts_top70==1&reg_atr_change_rate_ts_top80==0),a6fef4a1ddca,2,42,34,reg_atr_change_rate_ts_band40_60,regime,atr_change_rate,volatility,0
(*)|(*)|(reg_atr_change_rate_ts_band25_75==1&reg_atr_change_rate_ts_band40_60==0&reg_atr_change_rate_ts_top70==1&reg_atr_change_rate_ts_top80==0),a6fef4a1ddca,2,42,20,reg_atr_change_rate_ts_top70,regime,atr_change_rate,volatility,1
(*)|(*)|(reg_atr_change_rate_ts_band25_75==1&reg_atr_change_rate_ts_band40_60==0&reg_atr_change_rate_ts_top70==1&reg_atr_change_rate_ts_top80==0),a6fef4a1ddca,2,42,30,reg_atr_change_rate_ts_band25_75,regime,atr_change_rate,volatility,1
(*)|(*)|(reg_atr_change_rate_ts_band40_60==1&reg_atr_change_rate_ts_bot50==0&reg_atr_change_rate_ts_top80==0),f39ebde112dd,2,42,24,reg_atr_change_rate_ts_top80,regime,atr_change_rate,volatility,0
(*)|(*)|(reg_atr_change_rate_ts_band40_60==1&reg_atr_change_rate_ts_bot50==0&reg_atr_change_rate_ts_top80==0),f39ebde112dd,2,42,34,reg_atr_change_rate_ts_band40_60,regime,atr_change_rate,volatility,1
(*)|(*)|(reg_atr_change_rate_ts_band40_60==1&reg_atr_change_rate_ts_bot50==0&reg_atr_change_rate_ts_top80==0),f39ebde112dd,2,42,14,reg_atr_change_rate_ts_bot50,regime,atr_change_rate,volatility,0
(*)|(*)|(reg_atr_change_rate_ts_band40_60==1&reg_atr_change_rate_ts_bot50==1&reg_atr_change_rate_ts_top80==0),886438b67d00,2,42,24,reg_atr_change_rate_ts_top80,regime,atr_change_rate,volatility,0
(*)|(*)|(reg_atr_change_rate_ts_band40_60==1&reg_atr_change_rate_ts_bot50==1&reg_atr_change_rate_ts_top80==0),886438b67d00,2,42,34,reg_atr_change_rate_ts_band40_60,regime,atr_change_rate,volatility,1
(*)|(*)|(reg_atr_change_rate_ts_band40_60==1&reg_atr_change_rate_ts_bot50==1&reg_atr_change_rate_ts_top80==0),886438b67d00,2,42,14,reg_atr_change_rate_ts_bot50,regime,atr_change_rate,volatility,1
(*)|(*)|(reg_atr_change_rate_ts_top80==1),ec18ca97f6b1,2,42,24,reg_atr_change_rate_ts_top80,regime,atr_change_rate,volatility,1
(*)|(loc_dist_ema20_atr_ts_top20==1&loc_dist_ema20_atr_ts_top80==0)|(reg_atr_change_rate_ts_band25_75==0&reg_atr_change_rate_ts_band30_70==0&reg_atr_change_rate_ts_band40_60==0&reg_atr_change_rate_ts_top30==0),1e20b80c8fe9,2,42,25,loc_dist_ema20_atr_ts_top80,location,dist_ema20_atr,context,0
(*)|(loc_dist_ema20_atr_ts_top20==1&loc_dist_ema20_atr_ts_top80==0)|(reg_atr_change_rate_ts_band25_75==0&reg_atr_change_rate_ts_band30_70==0&reg_atr_change_rate_ts_band40_60==0&reg_atr_change_rate_ts_top30==0),1e20b80c8fe9,2,42,1,loc_dist_ema20_atr_ts_top20,location,dist_ema20_atr,context,1
(*)|(loc_dist_ema20_atr_ts_top20==1&loc_dist_ema20_atr_ts_top80==0)|(reg_atr_change_rate_ts_band25_75==0&reg_atr_change_rate_ts_band30_70==0&reg_atr_change_rate_ts_band40_60==0&reg_atr_change_rate_ts_top30==0),1e20b80c8fe9,2,42,34,reg_atr_change_rate_ts_band40_60,regime,atr_change_rate,volatility,0
(*)|(loc_dist_ema20_atr_ts_top20==1&loc_dist_ema20_atr_ts_top80==0)|(reg_atr_change_rate_ts_band25_75==0&reg_atr_change_rate_ts_band30_70==0&reg_atr_change_rate_ts_band40_60==0&reg_atr_change_rate_ts_top30==0),1e20b80c8fe9,2,42,32,reg_atr_change_rate_ts_band30_70,regime,atr_change_rate,volatility,0
(*)|(loc_dist_ema20_atr_ts_top20==1&loc_dist_ema20_atr_ts_top80==0)|(reg_atr_change_rate_ts_band25_75==0&reg_atr_change_rate_ts_band30_70==0&reg_atr_change_rate_ts_band40_60==0&reg_atr_change_rate_ts_top30==0),1e20b80c8fe9,2,42,30,reg_atr_change_rate_ts_band25_75,regime,atr_change_rate,volatility,0
(*)|(loc_dist_ema20_atr_ts_top20==1&loc_dist_ema20_atr_ts_top80==0)|(reg_atr_change_rate_ts_band25_75==0&reg_atr_change_rate_ts_band30_70==0&reg_atr_change_rate_ts_band40_60==0&reg_atr_change_rate_ts_top30==0),1e20b80c8fe9,2,42,4,reg_atr_change_rate_ts_top30,regime,atr_change_rate,volatility,0
(*)|(loc_dist_ema20_atr_ts_top20==1&loc_dist_ema20_atr_ts_top80==0)|(reg_atr_change_rate_ts_band25_75==0&reg_atr_change_rate_ts_band30_70==0&reg_atr_change_rate_ts_band40_60==0&reg_atr_change_rate_ts_top30==1),8e893660f642,2,42,25,loc_dist_ema20_atr_ts_top80,location,dist_ema20_atr,context,0
(*)|(loc_dist_ema20_atr_ts_top20==1&loc_dist_ema20_atr_ts_top80==0)|(reg_atr_change_rate_ts_band25_75==0&reg_atr_change_rate_ts_band30_70==0&reg_atr_change_rate_ts_band40_60==0&reg_atr_change_rate_ts_top30==1),8e893660f642,2,42,1,loc_dist_ema20_atr_ts_top20,location,dist_ema20_atr,context,1
(*)|(loc_dist_ema20_atr_ts_top20==1&loc_dist_ema20_atr_ts_top80==0)|(reg_atr_change_rate_ts_band25_75==0&reg_atr_change_rate_ts_band30_70==0&reg_atr_change_rate_ts_band40_60==0&reg_atr_change_rate_ts_top30==1),8e893660f642,2,42,34,reg_atr_change_rate_ts_band40_60,regime,atr_change_rate,volatility,0
(*)|(loc_dist_ema20_atr_ts_top20==1&loc_dist_ema20_atr_ts_top80==0)|(reg_atr_change_rate_ts_band25_75==0&reg_atr_change_rate_ts_band30_70==0&reg_atr_change_rate_ts_band40_60==0&reg_atr_change_rate_ts_top30==1),8e893660f642,2,42,32,reg_atr_change_rate_ts_band30_70,regime,atr_change_rate,volatility,0
(*)|(loc_dist_ema20_atr_ts_top20==1&loc_dist_ema20_atr_ts_top80==0)|(reg_atr_change_rate_ts_band25_75==0&reg_atr_change_rate_ts_band30_70==0&reg_atr_change_rate_ts_band40_60==0&reg_atr_change_rate_ts_top30==1),8e893660f642,2,42,30,reg_atr_change_rate_ts_band25_75,regime,atr_change_rate,volatility,0
(*)|(loc_dist_ema20_atr_ts_top20==1&loc_dist_ema20_atr_ts_top80==0)|(reg_atr_change_rate_ts_band25_75==0&reg_atr_change_rate_ts_band30_70==0&reg_atr_change_rate_ts_band40_60==0&reg_atr_change_rate_ts_top30==1),8e893660f642,2,42,4,reg_atr_change_rate_ts_top30,regime,atr_change_rate,volatility,1
(*)|(loc_dist_ema20_atr_ts_top20==1&loc_dist_ema20_atr_ts_top80==0)|(reg_atr_change_rate_ts_band25_75==1&reg_atr_change_rate_ts_band30_70==0&reg_atr_change_rate_ts_band40_60==0&reg_atr_change_rate_ts_top30==0),a8c81b843b13,2,42,25,loc_dist_ema20_atr_ts_top80,location,dist_ema20_atr,context,0
(*)|(loc_dist_ema20_atr_ts_top20==1&loc_dist_ema20_atr_ts_top80==0)|(reg_atr_change_rate_ts_band25_75==1&reg_atr_change_rate_ts_band30_70==0&reg_atr_change_rate_ts_band40_60==0&reg_atr_change_rate_ts_top30==0),a8c81b843b13,2,42,1,loc_dist_ema20_atr_ts_top20,location,dist_ema20_atr,context,1
(*)|(loc_dist_ema20_atr_ts_top20==1&loc_dist_ema20_atr_ts_top80==0)|(reg_atr_change_rate_ts_band25_75==1&reg_atr_change_rate_ts_band30_70==0&reg_atr_change_rate_ts_band40_60==0&reg_atr_change_rate_ts_top30==0),a8c81b843b13,2,42,34,reg_atr_change_rate_ts_band40_60,regime,atr_change_rate,volatility,0
(*)|(loc_dist_ema20_atr_ts_top20==1&loc_dist_ema20_atr_ts_top80==0)|(reg_atr_change_rate_ts_band25_75==1&reg_atr_change_rate_ts_band30_70==0&reg_atr_change_rate_ts_band40_60==0&reg_atr_change_rate_ts_top30==0),a8c81b843b13,2,42,32,reg_atr_change_rate_ts_band30_70,regime,atr_change_rate,volatility,0
(*)|(loc_dist_ema20_atr_ts_top20==1&loc_dist_ema20_atr_ts_top80==0)|(reg_atr_change_rate_ts_band25_75==1&reg_atr_change_rate_ts_band30_70==0&reg_atr_change_rate_ts_band40_60==0&reg_atr_change_rate_ts_top30==0),a8c81b843b13,2,42,30,reg_atr_change_rate_ts_band25_75,regime,atr_change_rate,volatility,1
(*)|(loc_dist_ema20_atr_ts_top20==1&loc_dist_ema20_atr_ts_top80==0)|(reg_atr_change_rate_ts_band25_75==1&reg_atr_change_rate_ts_band30_70==0&reg_atr_change_rate_ts_band40_60==0&reg_atr_change_rate_ts_top30==0),a8c81b843b13,2,42,4,reg_atr_change_rate_ts_top30,regime,atr_change_rate,volatility,0
(*)|(loc_dist_ema20_atr_ts_top20==1&loc_dist_ema20_atr_ts_top80==0)|(reg_atr_change_rate_ts_band25_75==1&reg_atr_change_rate_ts_band30_70==0&reg_atr_change_rate_ts_band40_60==0&reg_atr_change_rate_ts_top30==1),41622ff820e0,2,42,25,loc_dist_ema20_atr_ts_top80,location,dist_ema20_atr,context,0
(*)|(loc_dist_ema20_atr_ts_top20==1&loc_dist_ema20_atr_ts_top80==0)|(reg_atr_change_rate_ts_band25_75==1&reg_atr_change_rate_ts_band30_70==0&reg_atr_change_rate_ts_band40_60==0&reg_atr_change_rate_ts_top30==1),41622ff820e0,2,42,1,loc_dist_ema20_atr_ts_top20,location,dist_ema20_atr,context,1
(*)|(loc_dist_ema20_atr_ts_top20==1&loc_dist_ema20_atr_ts_top80==0)|(reg_atr_change_rate_ts_band25_75==1&reg_atr_change_rate_ts_band30_70==0&reg_atr_change_rate_ts_band40_60==0&reg_atr_change_rate_ts_top30==1),41622ff820e0,2,42,34,reg_atr_change_rate_ts_band40_60,regime,atr_change_rate,volatility,0
(*)|(loc_dist_ema20_atr_ts_top20==1&loc_dist_ema20_atr_ts_top80==0)|(reg_atr_change_rate_ts_band25_75==1&reg_atr_change_rate_ts_band30_70==0&reg_atr_change_rate_ts_band40_60==0&reg_atr_change_rate_ts_top30==1),41622ff820e0,2,42,32,reg_atr_change_rate_ts_band30_70,regime,atr_change_rate,volatility,0
(*)|(loc_dist_ema20_atr_ts_top20==1&loc_dist_ema20_atr_ts_top80==0)|(reg_atr_change_rate_ts_band25_75==1&reg_atr_change_rate_ts_band30_70==0&reg_atr_change_rate_ts_band40_60==0&reg_atr_change_rate_ts_top30==1),41622ff820e0,2,42,30,reg_atr_change_rate_ts_band25_75,regime,atr_change_rate,volatility,1
(*)|(loc_dist_ema20_atr_ts_top20==1&loc_dist_ema20_atr_ts_top80==0)|(reg_atr_change_rate_ts_band25_75==1&reg_atr_change_rate_ts_band30_70==0&reg_atr_change_rate_ts_band40_60==0&reg_atr_change_rate_ts_top30==1),41622ff820e0,2,42,4,reg_atr_change_rate_ts_top30,regime,atr_change_rate,volatility,1
(*)|(loc_dist_ema20_atr_ts_top80==0)|(reg_atr_change_rate_ts_band30_70==1&reg_atr_change_rate_ts_band40_60==0&reg_atr_change_rate_ts_top40==0),81755fa27720,2,42,25,loc_dist_ema20_atr_ts_top80,location,dist_ema20_atr,context,0
(*)|(loc_dist_ema20_atr_ts_top80==0)|(reg_atr_change_rate_ts_band30_70==1&reg_atr_change_rate_ts_band40_60==0&reg_atr_change_rate_ts_top40==0),81755fa27720,2,42,34,reg_atr_change_rate_ts_band40_60,regime,atr_change_rate,volatility,0
(*)|(loc_dist_ema20_atr_ts_top80==0)|(reg_atr_change_rate_ts_band30_70==1&reg_atr_change_rate_ts_band40_60==0&reg_atr_change_rate_ts_top40==0),81755fa27720,2,42,32,reg_atr_change_rate_ts_band30_70,regime,atr_change_rate,volatility,1
(*)|(loc_dist_ema20_atr_ts_top80==0)|(reg_atr_change_rate_ts_band30_70==1&reg_atr_change_rate_ts_band40_60==0&reg_atr_change_rate_ts_top40==0),81755fa27720,2,42,8,reg_atr_change_rate_ts_top40,regime,atr_change_rate,volatility,0
(*)|(loc_dist_ema20_atr_ts_top80==0)|(reg_atr_change_rate_ts_band30_70==1&reg_atr_change_rate_ts_band40_60==0&reg_atr_change_rate_ts_top40==1),cfc44a24b85d,2,42,25,loc_dist_ema20_atr_ts_top80,location,dist_ema20_atr,context,0
(*)|(loc_dist_ema20_atr_ts_top80==0)|(reg_atr_change_rate_ts_band30_70==1&reg_atr_change_rate_ts_band40_60==0&reg_atr_change_rate_ts_top40==1),cfc44a24b85d,2,42,34,reg_atr_change_rate_ts_band40_60,regime,atr_change_rate,volatility,0
(*)|(loc_dist_ema20_atr_ts_top80==0)|(reg_atr_change_rate_ts_band30_70==1&reg_atr_change_rate_ts_band40_60==0&reg_atr_change_rate_ts_top40==1),cfc44a24b85d,2,42,32,reg_atr_change_rate_ts_band30_70,regime,atr_change_rate,volatility,1
(*)|(loc_dist_ema20_atr_ts_top80==0)|(reg_atr_change_rate_ts_band30_70==1&reg_atr_change_rate_ts_band40_60==0&reg_atr_change_rate_ts_top40==1),cfc44a24b85d,2,42,8,reg_atr_change_rate_ts_top40,regime,atr_change_rate,volatility,1
(*)|(loc_dist_ema20_atr_ts_top80==0)|(reg_atr_change_rate_ts_band40_60==1&reg_atr_change_rate_ts_top50==0),fdf97da50d87,2,42,25,loc_dist_ema20_atr_ts_top80,location,dist_ema20_atr,context,0
(*)|(loc_dist_ema20_atr_ts_top80==0)|(reg_atr_change_rate_ts_band40_60==1&reg_atr_change_rate_ts_top50==0),fdf97da50d87,2,42,34,reg_atr_change_rate_ts_band40_60,regime,atr_change_rate,volatility,1
(*)|(loc_dist_ema20_atr_ts_top80==0)|(reg_atr_change_rate_ts_band40_60==1&reg_atr_change_rate_ts_top50==0),fdf97da50d87,2,42,12,reg_atr_change_rate_ts_top50,regime,atr_change_rate,volatility,0
(*)|(loc_dist_ema20_atr_ts_top80==0)|(reg_atr_change_rate_ts_band40_60==1&reg_atr_change_rate_ts_top50==1),babcf2d1e926,2,42,25,loc_dist_ema20_atr_ts_top80,location,dist_ema20_atr,context,0
(*)|(loc_dist_ema20_atr_ts_top80==0)|(reg_atr_change_rate_ts_band40_60==1&reg_atr_change_rate_ts_top50==1),babcf2d1e926,2,42,34,reg_atr_change_rate_ts_band40_60,regime,atr_change_rate,volatility,1
(*)|(loc_dist_ema20_atr_ts_top80==0)|(reg_atr_change_rate_ts_band40_60==1&reg_atr_change_rate_ts_top50==1),babcf2d1e926,2,42,12,reg_atr_change_rate_ts_top50,regime,atr_change_rate,volatility,1
(*)|(loc_dist_ema20_atr_ts_top80==1)|(*),1ae198073041,2,42,25,loc_dist_ema20_atr_ts_top80,location,dist_ema20_atr,context,1
(*)|(loc_dist_ema20_atr_ts_band25_75==0&loc_dist_ema20_atr_ts_band40_60==0)|(reg_atr_change_rate_ts_top20==1&reg_atr_change_rate_ts_top70==0&reg_atr_change_rate_ts_top80==0),9b22897e379f,2,42,24,reg_atr_change_rate_ts_top80,regime,atr_change_rate,volatility,0
(*)|(loc_dist_ema20_atr_ts_band25_75==0&loc_dist_ema20_atr_ts_band40_60==0)|(reg_atr_change_rate_ts_top20==1&reg_atr_change_rate_ts_top70==0&reg_atr_change_rate_ts_top80==0),9b22897e379f,2,42,20,reg_atr_change_rate_ts_top70,regime,atr_change_rate,volatility,0
(*)|(loc_dist_ema20_atr_ts_band25_75==0&loc_dist_ema20_atr_ts_band40_60==0)|(reg_atr_change_rate_ts_top20==1&reg_atr_change_rate_ts_top70==0&reg_atr_change_rate_ts_top80==0),9b22897e379f,2,42,0,reg_atr_change_rate_ts_top20,regime,atr_change_rate,volatility,1
(*)|(loc_dist_ema20_atr_ts_band25_75==0&loc_dist_ema20_atr_ts_band40_60==0)|(reg_atr_change_rate_ts_top20==1&reg_atr_change_rate_ts_top70==0&reg_atr_change_rate_ts_top80==0),9b22897e379f,2,42,35,loc_dist_ema20_atr_ts_band40_60,location,dist_ema20_atr,context,0
(*)|(loc_dist_ema20_atr_ts_band25_75==0&loc_dist_ema20_atr_ts_band40_60==0)|(reg_atr_change_rate_ts_top20==1&reg_atr_change_rate_ts_top70==0&reg_atr_change_rate_ts_top80==0),9b22897e379f,2,42,31,loc_dist_ema20_atr_ts_band25_75,location,dist_ema20_atr,context,0
(*)|(loc_dist_ema20_atr_ts_band25_75==1&loc_dist_ema20_atr_ts_band40_60==0)|(reg_atr_change_rate_ts_top30==0&reg_atr_change_rate_ts_top40==0&reg_atr_change_rate_ts_top70==0&reg_atr_change_rate_ts_top80==0),05bece0192bb,2,42,24,reg_atr_change_rate_ts_top80,regime,atr_change_rate,volatility,0
(*)|(loc_dist_ema20_atr_ts_band25_75==1&loc_dist_ema20_atr_ts_band40_60==0)|(reg_atr_change_rate_ts_top30==0&reg_atr_change_rate_ts_top40==0&reg_atr_change_rate_ts_top70==0&reg_atr_change_rate_ts_top80==0),05bece0192bb,2,42,20,reg_atr_change_rate_ts_top70,regime,atr_change_rate,volatility,0
(*)|(loc_dist_ema20_atr_ts_band25_75==1&loc_dist_ema20_atr_ts_band40_60==0)|(reg_atr_change_rate_ts_top30==0&reg_atr_change_rate_ts_top40==0&reg_atr_change_rate_ts_top70==0&reg_atr_change_rate_ts_top80==0),05bece0192bb,2,42,8,reg_atr_change_rate_ts_top40,regime,atr_change_rate,volatility,0
(*)|(loc_dist_ema20_atr_ts_band25_75==1&loc_dist_ema20_atr_ts_band40_60==0)|(reg_atr_change_rate_ts_top30==0&reg_atr_change_rate_ts_top40==0&reg_atr_change_rate_ts_top70==0&reg_atr_change_rate_ts_top80==0),05bece0192bb,2,42,4,reg_atr_change_rate_ts_top30,regime,atr_change_rate,volatility,0
(*)|(loc_dist_ema20_atr_ts_band25_75==1&loc_dist_ema20_atr_ts_band40_60==0)|(reg_atr_change_rate_ts_top30==0&reg_atr_change_rate_ts_top40==0&reg_atr_change_rate_ts_top70==0&reg_atr_change_rate_ts_top80==0),05bece0192bb,2,42,35,loc_dist_ema20_atr_ts_band40_60,location,dist_ema20_atr,context,0
(*)|(loc_dist_ema20_atr_ts_band25_75==1&loc_dist_ema20_atr_ts_band40_60==0)|(reg_atr_change_rate_ts_top30==0&reg_atr_change_rate_ts_top40==0&reg_atr_change_rate_ts_top70==0&reg_atr_change_rate_ts_top80==0),05bece0192bb,2,42,31,loc_dist_ema20_atr_ts_band25_75,location,dist_ema20_atr,context,1
(*)|(loc_dist_ema20_atr_ts_band25_75==1&loc_dist_ema20_atr_ts_band40_60==0)|(reg_atr_change_rate_ts_top30==1&reg_atr_change_rate_ts_top40==0&reg_atr_change_rate_ts_top70==0&reg_atr_change_rate_ts_top80==0),6bb9c468d1f9,2,42,24,reg_atr_change_rate_ts_top80,regime,atr_change_rate,volatility,0
(*)|(loc_dist_ema20_atr_ts_band25_75==1&loc_dist_ema20_atr_ts_band40_60==0)|(reg_atr_change_rate_ts_top30==1&reg_atr_change_rate_ts_top40==0&reg_atr_change_rate_ts_top70==0&reg_atr_change_rate_ts_top80==0),6bb9c468d1f9,2,42,20,reg_atr_change_rate_ts_top70,regime,atr_change_rate,volatility,0
(*)|(loc_dist_ema20_atr_ts_band25_75==1&loc_dist_ema20_atr_ts_band40_60==0)|(reg_atr_change_rate_ts_top30==1&reg_atr_change_rate_ts_top40==0&reg_atr_change_rate_ts_top70==0&reg_atr_change_rate_ts_top80==0),6bb9c468d1f9,2,42,8,reg_atr_change_rate_ts_top40,regime,atr_change_rate,volatility,0
(*)|(loc_dist_ema20_atr_ts_band25_75==1&loc_dist_ema20_atr_ts_band40_60==0)|(reg_atr_change_rate_ts_top30==1&reg_atr_change_rate_ts_top40==0&reg_atr_change_rate_ts_top70==0&reg_atr_change_rate_ts_top80==0),6bb9c468d1f9,2,42,4,reg_atr_change_rate_ts_top30,regime,atr_change_rate,volatility,1
(*)|(loc_dist_ema20_atr_ts_band25_75==1&loc_dist_ema20_atr_ts_band40_60==0)|(reg_atr_change_rate_ts_top30==1&reg_atr_change_rate_ts_top40==0&reg_atr_change_rate_ts_top70==0&reg_atr_change_rate_ts_top80==0),6bb9c468d1f9,2,42,35,loc_dist_ema20_atr_ts_band40_60,location,dist_ema20_atr,context,0
(*)|(loc_dist_ema20_atr_ts_band25_75==1&loc_dist_ema20_atr_ts_band40_60==0)|(reg_atr_change_rate_ts_top30==1&reg_atr_change_rate_ts_top40==0&reg_atr_change_rate_ts_top70==0&reg_atr_change_rate_ts_top80==0),6bb9c468d1f9,2,42,31,loc_dist_ema20_atr_ts_band25_75,location,dist_ema20_atr,context,1
(*)|(loc_dist_ema20_atr_ts_band25_75==1&loc_dist_ema20_atr_ts_band40_60==0)|(reg_atr_change_rate_ts_top40==1&reg_atr_change_rate_ts_top70==0&reg_atr_change_rate_ts_top80==0),74d98df032ab,2,42,24,reg_atr_change_rate_ts_top80,regime,atr_change_rate,volatility,0
(*)|(loc_dist_ema20_atr_ts_band25_75==1&loc_dist_ema20_atr_ts_band40_60==0)|(reg_atr_change_rate_ts_top40==1&reg_atr_change_rate_ts_top70==0&reg_atr_change_rate_ts_top80==0),74d98df032ab,2,42,20,reg_atr_change_rate_ts_top70,regime,atr_change_rate,volatility,0
(*)|(loc_dist_ema20_atr_ts_band25_75==1&loc_dist_ema20_atr_ts_band40_60==0)|(reg_atr_change_rate_ts_top40==1&reg_atr_change_rate_ts_top70==0&reg_atr_change_rate_ts_top80==0),74d98df032ab,2,42,8,reg_atr_change_rate_ts_top40,regime,atr_change_rate,volatility,1
(*)|(loc_dist_ema20_atr_ts_band25_75==1&loc_dist_ema20_atr_ts_band40_60==0)|(reg_atr_change_rate_ts_top40==1&reg_atr_change_rate_ts_top70==0&reg_atr_change_rate_ts_top80==0),74d98df032ab,2,42,35,loc_dist_ema20_atr_ts_band40_60,location,dist_ema20_atr,context,0
(*)|(loc_dist_ema20_atr_ts_band25_75==1&loc_dist_ema20_atr_ts_band40_60==0)|(reg_atr_change_rate_ts_top40==1&reg_atr_change_rate_ts_top70==0&reg_atr_change_rate_ts_top80==0),74d98df032ab,2,42,31,loc_dist_ema20_atr_ts_band25_75,location,dist_ema20_atr,context,1
(*)|(loc_dist_ema20_atr_ts_band25_75==0&loc_dist_ema20_atr_ts_band40_60==0)|(reg_atr_change_rate_ts_top70==1&reg_atr_change_rate_ts_top80==0),eff1ed154ece,2,42,24,reg_atr_change_rate_ts_top80,regime,atr_change_rate,volatility,0
(*)|(loc_dist_ema20_atr_ts_band25_75==0&loc_dist_ema20_atr_ts_band40_60==0)|(reg_atr_change_rate_ts_top70==1&reg_atr_change_rate_ts_top80==0),eff1ed154ece,2,42,20,reg_atr_change_rate_ts_top70,regime,atr_change_rate,volatility,1
(*)|(loc_dist_ema20_atr_ts_band25_75==0&loc_dist_ema20_atr_ts_band40_60==0)|(reg_atr_change_rate_ts_top70==1&reg_atr_change_rate_ts_top80==0),eff1ed154ece,2,42,35,loc_dist_ema20_atr_ts_band40_60,location,dist_ema20_atr,context,0
(*)|(loc_dist_ema20_atr_ts_band25_75==0&loc_dist_ema20_atr_ts_band40_60==0)|(reg_atr_change_rate_ts_top70==1&reg_atr_change_rate_ts_top80==0),eff1ed154ece,2,42,31,loc_dist_ema20_atr_ts_band25_75,location,dist_ema20_atr,context,0
(*)|(loc_dist_ema20_atr_ts_band25_75==1&loc_dist_ema20_atr_ts_band40_60==0)|(reg_atr_change_rate_ts_top70==1&reg_atr_change_rate_ts_top80==0),50d7ecb99def,2,42,24,reg_atr_change_rate_ts_top80,regime,atr_change_rate,volatility,0
(*)|(loc_dist_ema20_atr_ts_band25_75==1&loc_dist_ema20_atr_ts_band40_60==0)|(reg_atr_change_rate_ts_top70==1&reg_atr_change_rate_ts_top80==0),50d7ecb99def,2,42,20,reg_atr_change_rate_ts_top70,regime,atr_change_rate,volatility,1
(*)|(loc_dist_ema20_atr_ts_band25_75==1&loc_dist_ema20_atr_ts_band40_60==0)|(reg_atr_change_rate_ts_top70==1&reg_atr_change_rate_ts_top80==0),50d7ecb99def,2,42,35,loc_dist_ema20_atr_ts_band40_60,location,dist_ema20_atr,context,0
(*)|(loc_dist_ema20_atr_ts_band25_75==1&loc_dist_ema20_atr_ts_band40_60==0)|(reg_atr_change_rate_ts_top70==1&reg_atr_change_rate_ts_top80==0),50d7ecb99def,2,42,31,loc_dist_ema20_atr_ts_band25_75,location,dist_ema20_atr,context,1
(*)|(loc_dist_ema20_atr_ts_band40_60==1)|(reg_atr_change_rate_ts_top50==0&reg_atr_change_rate_ts_top80==0),80bf0afbbc5e,2,42,24,reg_atr_change_rate_ts_top80,regime,atr_change_rate,volatility,0
(*)|(loc_dist_ema20_atr_ts_band40_60==1)|(reg_atr_change_rate_ts_top50==0&reg_atr_change_rate_ts_top80==0),80bf0afbbc5e,2,42,12,reg_atr_change_rate_ts_top50,regime,atr_change_rate,volatility,0
(*)|(loc_dist_ema20_atr_ts_band40_60==1)|(reg_atr_change_rate_ts_top50==0&reg_atr_change_rate_ts_top80==0),80bf0afbbc5e,2,42,35,loc_dist_ema20_atr_ts_band40_60,location,dist_ema20_atr,context,1
(*)|(loc_dist_ema20_atr_ts_band40_60==1)|(reg_atr_change_rate_ts_top50==1&reg_atr_change_rate_ts_top80==0),cd2f7bbd3b98,2,42,24,reg_atr_change_rate_ts_top80,regime,atr_change_rate,volatility,0
(*)|(loc_dist_ema20_atr_ts_band40_60==1)|(reg_atr_change_rate_ts_top50==1&reg_atr_change_rate_ts_top80==0),cd2f7bbd3b98,2,42,12,reg_atr_change_rate_ts_top50,regime,atr_change_rate,volatility,1
(*)|(loc_dist_ema20_atr_ts_band40_60==1)|(reg_atr_change_rate_ts_top50==1&reg_atr_change_rate_ts_top80==0),cd2f7bbd3b98,2,42,35,loc_dist_ema20_atr_ts_band40_60,location,dist_ema20_atr,context,1
(*)|(*)|(reg_atr_change_rate_ts_top80==1),5e06cdcdc150,2,42,24,reg_atr_change_rate_ts_top80,regime,atr_change_rate,volatility,1
(*)|(loc_dist_ema20_atr_ts_top20==1)|(reg_atr_change_rate_ts_top70==0&reg_atr_change_rate_ts_top80==0&reg_atr_compression_ratio_ts_band25_75==0),1560e448c454,2,42,24,reg_atr_change_rate_ts_top80,regime,atr_change_rate,volatility,0
(*)|(loc_dist_ema20_atr_ts_top20==1)|(reg_atr_change_rate_ts_top70==0&reg_atr_change_rate_ts_top80==0&reg_atr_compression_ratio_ts_band25_75==0),1560e448c454,2,42,20,reg_atr_change_rate_ts_top70,regime,atr_change_rate,volatility,0
(*)|(loc_dist_ema20_atr_ts_top20==1)|(reg_atr_change_rate_ts_top70==0&reg_atr_change_rate_ts_top80==0&reg_atr_compression_ratio_ts_band25_75==0),1560e448c454,2,42,66,reg_atr_compression_ratio_ts_band25_75,regime,atr_compression_ratio,volatility_term_structure,0
(*)|(loc_dist_ema20_atr_ts_top20==1)|(reg_atr_change_rate_ts_top70==0&reg_atr_change_rate_ts_top80==0&reg_atr_compression_ratio_ts_band25_75==0),1560e448c454,2,42,1,loc_dist_ema20_atr_ts_top20,location,dist_ema20_atr,context,1
(*)|(*)|(reg_atr_change_rate_ts_bot60==0&reg_atr_change_rate_ts_top70==0&reg_atr_change_rate_ts_top80==0&reg_atr_compression_ratio_ts_band25_75==1),9d21bc989ad0,2,42,24,reg_atr_change_rate_ts_top80,regime,atr_change_rate,volatility,0
(*)|(*)|(reg_atr_change_rate_ts_bot60==0&reg_atr_change_rate_ts_top70==0&reg_atr_change_rate_ts_top80==0&reg_atr_compression_ratio_ts_band25_75==1),9d21bc989ad0,2,42,20,reg_atr_change_rate_ts_top70,regime,atr_change_rate,volatility,0
(*)|(*)|(reg_atr_change_rate_ts_bot60==0&reg_atr_change_rate_ts_top70==0&reg_atr_change_rate_ts_top80==0&reg_atr_compression_ratio_ts_band25_75==1),9d21bc989ad0,2,42,66,reg_atr_compression_ratio_ts_band25_75,regime,atr_compression_ratio,volatility_term_structure,1
(*)|(*)|(reg_atr_change_rate_ts_bot60==0&reg_atr_change_rate_ts_top70==0&reg_atr_change_rate_ts_top80==0&reg_atr_compression_ratio_ts_band25_75==1),9d21bc989ad0,2,42,18,reg_atr_change_rate_ts_bot60,regime,atr_change_rate,volatility,0
(*)|(*)|(reg_atr_change_rate_ts_bot60==1&reg_atr_change_rate_ts_top30==0&reg_atr_change_rate_ts_top40==0&reg_atr_change_rate_ts_top70==0&reg_atr_change_rate_ts_top80==0&reg_atr_compression_ratio_ts_band25_75==1),db70f3508537,2,42,24,reg_atr_change_rate_ts_top80,regime,atr_change_rate,volatility,0
(*)|(*)|(reg_atr_change_rate_ts_bot60==1&reg_atr_change_rate_ts_top30==0&reg_atr_change_rate_ts_top40==0&reg_atr_change_rate_ts_top70==0&reg_atr_change_rate_ts_top80==0&reg_atr_compression_ratio_ts_band25_75==1),db70f3508537,2,42,20,reg_atr_change_rate_ts_top70,regime,atr_change_rate,volatility,0
(*)|(*)|(reg_atr_change_rate_ts_bot60==1&reg_atr_change_rate_ts_top30==0&reg_atr_change_rate_ts_top40==0&reg_atr_change_rate_ts_top70==0&reg_atr_change_rate_ts_top80==0&reg_atr_compression_ratio_ts_band25_75==1),db70f3508537,2,42,66,reg_atr_compression_ratio_ts_band25_75,regime,atr_compression_ratio,volatility_term_structure,1
(*)|(*)|(reg_atr_change_rate_ts_bot60==1&reg_atr_change_rate_ts_top30==0&reg_atr_change_rate_ts_top40==0&reg_atr_change_rate_ts_top70==0&reg_atr_change_rate_ts_top80==0&reg_atr_compression_ratio_ts_band25_75==1),db70f3508537,2,42,18,reg_atr_change_rate_ts_bot60,regime,atr_change_rate,volatility,1
(*)|(*)|(reg_atr_change_rate_ts_bot60==1&reg_atr_change_rate_ts_top30==0&reg_atr_change_rate_ts_top40==0&reg_atr_change_rate_ts_top70==0&reg_atr_change_rate_ts_top80==0&reg_atr_compression_ratio_ts_band25_75==1),db70f3508537,2,42,8,reg_atr_change_rate_ts_top40,regime,atr_change_rate,volatility,0
(*)|(*)|(reg_atr_change_rate_ts_bot60==1&reg_atr_change_rate_ts_top30==0&reg_atr_change_rate_ts_top40==0&reg_atr_change_rate_ts_top70==0&reg_atr_change_rate_ts_top80==0&reg_atr_compression_ratio_ts_band25_75==1),db70f3508537,2,42,4,reg_atr_change_rate_ts_top30,regime,atr_change_rate,volatility,0
(*)|(*)|(reg_atr_change_rate_ts_bot60==1&reg_atr_change_rate_ts_top30==1&reg_atr_change_rate_ts_top40==0&reg_atr_change_rate_ts_top70==0&reg_atr_change_rate_ts_top80==0&reg_atr_compression_ratio_ts_band25_75==1),c21a0c39a939,2,42,24,reg_atr_change_rate_ts_top80,regime,atr_change_rate,volatility,0
(*)|(*)|(reg_atr_change_rate_ts_bot60==1&reg_atr_change_rate_ts_top30==1&reg_atr_change_rate_ts_top40==0&reg_atr_change_rate_ts_top70==0&reg_atr_change_rate_ts_top80==0&reg_atr_compression_ratio_ts_band25_75==1),c21a0c39a939,2,42,20,reg_atr_change_rate_ts_top70,regime,atr_change_rate,volatility,0
(*)|(*)|(reg_atr_change_rate_ts_bot60==1&reg_atr_change_rate_ts_top30==1&reg_atr_change_rate_ts_top40==0&reg_atr_change_rate_ts_top70==0&reg_atr_change_rate_ts_top80==0&reg_atr_compression_ratio_ts_band25_75==1),c21a0c39a939,2,42,66,reg_atr_compression_ratio_ts_band25_75,regime,atr_compression_ratio,volatility_term_structure,1
(*)|(*)|(reg_atr_change_rate_ts_bot60==1&reg_atr_change_rate_ts_top30==1&reg_atr_change_rate_ts_top40==0&reg_atr_change_rate_ts_top70==0&reg_atr_change_rate_ts_top80==0&reg_atr_compression_ratio_ts_band25_75==1),c21a0c39a939,2,42,18,reg_atr_change_rate_ts_bot60,regime,atr_change_rate,volatility,1
(*)|(*)|(reg_atr_change_rate_ts_bot60==1&reg_atr_change_rate_ts_top30==1&reg_atr_change_rate_ts_top40==0&reg_atr_change_rate_ts_top70==0&reg_atr_change_rate_ts_top80==0&reg_atr_compression_ratio_ts_band25_75==1),c21a0c39a939,2,42,8,reg_atr_change_rate_ts_top40,regime,atr_change_rate,volatility,0
(*)|(*)|(reg_atr_change_rate_ts_bot60==1&reg_atr_change_rate_ts_top30==1&reg_atr_change_rate_ts_top40==0&reg_atr_change_rate_ts_top70==0&reg_atr_change_rate_ts_top80==0&reg_atr_compression_ratio_ts_band25_75==1),c21a0c39a939,2,42,4,reg_atr_change_rate_ts_top30,regime,atr_change_rate,volatility,1
(*)|(*)|(reg_atr_change_rate_ts_bot60==1&reg_atr_change_rate_ts_top40==1&reg_atr_change_rate_ts_top50==0&reg_atr_change_rate_ts_top70==0&reg_atr_change_rate_ts_top80==0&reg_atr_compression_ratio_ts_band25_75==1),e8ce65e6c9e1,2,42,24,reg_atr_change_rate_ts_top80,regime,atr_change_rate,volatility,0
(*)|(*)|(reg_atr_change_rate_ts_bot60==1&reg_atr_change_rate_ts_top40==1&reg_atr_change_rate_ts_top50==0&reg_atr_change_rate_ts_top70==0&reg_atr_change_rate_ts_top80==0&reg_atr_compression_ratio_ts_band25_75==1),e8ce65e6c9e1,2,42,20,reg_atr_change_rate_ts_top70,regime,atr_change_rate,volatility,0
(*)|(*)|(reg_atr_change_rate_ts_bot60==1&reg_atr_change_rate_ts_top40==1&reg_atr_change_rate_ts_top50==0&reg_atr_change_rate_ts_top70==0&reg_atr_change_rate_ts_top80==0&reg_atr_compression_ratio_ts_band25_75==1),e8ce65e6c9e1,2,42,66,reg_atr_compression_ratio_ts_band25_75,regime,atr_compression_ratio,volatility_term_structure,1
(*)|(*)|(reg_atr_change_rate_ts_bot60==1&reg_atr_change_rate_ts_top40==1&reg_atr_change_rate_ts_top50==0&reg_atr_change_rate_ts_top70==0&reg_atr_change_rate_ts_top80==0&reg_atr_compression_ratio_ts_band25_75==1),e8ce65e6c9e1,2,42,18,reg_atr_change_rate_ts_bot60,regime,atr_change_rate,volatility,1
(*)|(*)|(reg_atr_change_rate_ts_bot60==1&reg_atr_change_rate_ts_top40==1&reg_atr_change_rate_ts_top50==0&reg_atr_change_rate_ts_top70==0&reg_atr_change_rate_ts_top80==0&reg_atr_compression_ratio_ts_band25_75==1),e8ce65e6c9e1,2,42,8,reg_atr_change_rate_ts_top40,regime,atr_change_rate,volatility,1
(*)|(*)|(reg_atr_change_rate_ts_bot60==1&reg_atr_change_rate_ts_top40==1&reg_atr_change_rate_ts_top50==0&reg_atr_change_rate_ts_top70==0&reg_atr_change_rate_ts_top80==0&reg_atr_compression_ratio_ts_band25_75==1),e8ce65e6c9e1,2,42,12,reg_atr_change_rate_ts_top50,regime,atr_change_rate,volatility,0
(*)|(*)|(reg_atr_change_rate_ts_bot60==1&reg_atr_change_rate_ts_top40==1&reg_atr_change_rate_ts_top50==1&reg_atr_change_rate_ts_top70==0&reg_atr_change_rate_ts_top80==0&reg_atr_compression_ratio_ts_band25_75==1),7f7ff6784847,2,42,24,reg_atr_change_rate_ts_top80,regime,atr_change_rate,volatility,0
(*)|(*)|(reg_atr_change_rate_ts_bot60==1&reg_atr_change_rate_ts_top40==1&reg_atr_change_rate_ts_top50==1&reg_atr_change_rate_ts_top70==0&reg_atr_change_rate_ts_top80==0&reg_atr_compression_ratio_ts_band25_75==1),7f7ff6784847,2,42,20,reg_atr_change_rate_ts_top70,regime,atr_change_rate,volatility,0
(*)|(*)|(reg_atr_change_rate_ts_bot60==1&reg_atr_change_rate_ts_top40==1&reg_atr_change_rate_ts_top50==1&reg_atr_change_rate_ts_top70==0&reg_atr_change_rate_ts_top80==0&reg_atr_compression_ratio_ts_band25_75==1),7f7ff6784847,2,42,66,reg_atr_compression_ratio_ts_band25_75,regime,atr_compression_ratio,volatility_term_structure,1
(*)|(*)|(reg_atr_change_rate_ts_bot60==1&reg_atr_change_rate_ts_top40==1&reg_atr_change_rate_ts_top50==1&reg_atr_change_rate_ts_top70==0&reg_atr_change_rate_ts_top80==0&reg_atr_compression_ratio_ts_band25_75==1),7f7ff6784847,2,42,18,reg_atr_change_rate_ts_bot60,regime,atr_change_rate,volatility,1
(*)|(*)|(reg_atr_change_rate_ts_bot60==1&reg_atr_change_rate_ts_top40==1&reg_atr_change_rate_ts_top50==1&reg_atr_change_rate_ts_top70==0&reg_atr_change_rate_ts_top80==0&reg_atr_compression_ratio_ts_band25_75==1),7f7ff6784847,2,42,8,reg_atr_change_rate_ts_top40,regime,atr_change_rate,volatility,1
(*)|(*)|(reg_atr_change_rate_ts_bot60==1&reg_atr_change_rate_ts_top40==1&reg_atr_change_rate_ts_top50==1&reg_atr_change_rate_ts_top70==0&reg_atr_change_rate_ts_top80==0&reg_atr_compression_ratio_ts_band25_75==1),7f7ff6784847,2,42,12,reg_atr_change_rate_ts_top50,regime,atr_change_rate,volatility,1
(*)|(*)|(reg_atr_change_rate_ts_top70==1&reg_atr_change_rate_ts_top80==0&reg_atr_compression_ratio_ts_band25_75==0),50a4a0d749b7,2,42,24,reg_atr_change_rate_ts_top80,regime,atr_change_rate,volatility,0
(*)|(*)|(reg_atr_change_rate_ts_top70==1&reg_atr_change_rate_ts_top80==0&reg_atr_compression_ratio_ts_band25_75==0),50a4a0d749b7,2,42,20,reg_atr_change_rate_ts_top70,regime,atr_change_rate,volatility,1
(*)|(*)|(reg_atr_change_rate_ts_top70==1&reg_atr_change_rate_ts_top80==0&reg_atr_compression_ratio_ts_band25_75==0),50a4a0d749b7,2,42,66,reg_atr_compression_ratio_ts_band25_75,regime,atr_compression_ratio,volatility_term_structure,0
(*)|(*)|(reg_atr_change_rate_ts_top70==1&reg_atr_change_rate_ts_top80==0&reg_atr_compression_ratio_ts_band25_75==1),21c5f51a9ac0,2,42,24,reg_atr_change_rate_ts_top80,regime,atr_change_rate,volatility,0
(*)|(*)|(reg_atr_change_rate_ts_top70==1&reg_atr_change_rate_ts_top80==0&reg_atr_compression_ratio_ts_band25_75==1),21c5f51a9ac0,2,42,20,reg_atr_change_rate_ts_top70,regime,atr_change_rate,volatility,1
(*)|(*)|(reg_atr_change_rate_ts_top70==1&reg_atr_change_rate_ts_top80==0&reg_atr_compression_ratio_ts_band25_75==1),21c5f51a9ac0,2,42,66,reg_atr_compression_ratio_ts_band25_75,regime,atr_compression_ratio,volatility_term_structure,1
(*)|(*)|(reg_atr_change_rate_ts_top80==1),666f2825f5ba,2,42,24,reg_atr_change_rate_ts_top80,regime,atr_change_rate,volatility,1
(*)|(*)|(reg_atr_change_rate_ts_band25_75==0&reg_atr_change_rate_ts_band30_70==0&reg_atr_change_rate_ts_bot30==0&reg_atr_change_rate_ts_top20==1&reg_atr_change_rate_ts_top80==0),39e34c0c08b9,2,42,24,reg_atr_change_rate_ts_top80,regime,atr_change_rate,volatility,0
(*)|(*)|(reg_atr_change_rate_ts_band25_75==0&reg_atr_change_rate_ts_band30_70==0&reg_atr_change_rate_ts_bot30==0&reg_atr_change_rate_ts_top20==1&reg_atr_change_rate_ts_top80==0),39e34c0c08b9,2,42,32,reg_atr_change_rate_ts_band30_70,regime,atr_change_rate,volatility,0
(*)|(*)|(reg_atr_change_rate_ts_band25_75==0&reg_atr_change_rate_ts_band30_70==0&reg_atr_change_rate_ts_bot30==0&reg_atr_change_rate_ts_top20==1&reg_atr_change_rate_ts_top80==0),39e34c0c08b9,2,42,0,reg_atr_change_rate_ts_top20,regime,atr_change_rate,volatility,1
(*)|(*)|(reg_atr_change_rate_ts_band25_75==0&reg_atr_change_rate_ts_band30_70==0&reg_atr_change_rate_ts_bot30==0&reg_atr_change_rate_ts_top20==1&reg_atr_change_rate_ts_top80==0),39e34c0c08b9,2,42,30,reg_atr_change_rate_ts_band25_75,regime,atr_change_rate,volatility,0
(*)|(*)|(reg_atr_change_rate_ts_band25_75==0&reg_atr_change_rate_ts_band30_70==0&reg_atr_change_rate_ts_bot30==0&reg_atr_change_rate_ts_top20==1&reg_atr_change_rate_ts_top80==0),39e34c0c08b9,2,42,6,reg_atr_change_rate_ts_bot30,regime,atr_change_rate,volatility,0
(*)|(*)|(reg_atr_change_rate_ts_band25_75==0&reg_atr_change_rate_ts_band30_70==0&reg_atr_change_rate_ts_bot30==1&reg_atr_change_rate_ts_top20==1&reg_atr_change_rate_ts_top80==0),d75b43c4038a,2,42,24,reg_atr_change_rate_ts_top80,regime,atr_change_rate,volatility,0
(*)|(*)|(reg_atr_change_rate_ts_band25_75==0&reg_atr_change_rate_ts_band30_70==0&reg_atr_change_rate_ts_bot30==1&reg_atr_change_rate_ts_top20==1&reg_atr_change_rate_ts_top80==0),d75b43c4038a,2,42,32,reg_atr_change_rate_ts_band30_70,regime,atr_change_rate,volatility,0
(*)|(*)|(reg_atr_change_rate_ts_band25_75==0&reg_atr_change_rate_ts_band30_70==0&reg_atr_change_rate_ts_bot30==1&reg_atr_change_rate_ts_top20==1&reg_atr_change_rate_ts_top80==0),d75b43c4038a,2,42,0,reg_atr_change_rate_ts_top20,regime,atr_change_rate,volatility,1
(*)|(*)|(reg_atr_change_rate_ts_band25_75==0&reg_atr_change_rate_ts_band30_70==0&reg_atr_change_rate_ts_bot30==1&reg_atr_change_rate_ts_top20==1&reg_atr_change_rate_ts_top80==0),d75b43c4038a,2,42,30,reg_atr_change_rate_ts_band25_75,regime,atr_change_rate,volatility,0
(*)|(*)|(reg_atr_change_rate_ts_band25_75==0&reg_atr_change_rate_ts_band30_70==0&reg_atr_change_rate_ts_bot30==1&reg_atr_change_rate_ts_top20==1&reg_atr_change_rate_ts_top80==0),d75b43c4038a,2,42,6,reg_atr_change_rate_ts_bot30,regime,atr_change_rate,volatility,1
(*)|(*)|(reg_atr_change_rate_ts_band25_75==1&reg_atr_change_rate_ts_band30_70==0&reg_atr_change_rate_ts_bot30==0&reg_atr_change_rate_ts_top20==1&reg_atr_change_rate_ts_top80==0),3a566b398284,2,42,24,reg_atr_change_rate_ts_top80,regime,atr_change_rate,volatility,0
(*)|(*)|(reg_atr_change_rate_ts_band25_75==1&reg_atr_change_rate_ts_band30_70==0&reg_atr_change_rate_ts_bot30==0&reg_atr_change_rate_ts_top20==1&reg_atr_change_rate_ts_top80==0),3a566b398284,2,42,32,reg_atr_change_rate_ts_band30_70,regime,atr_change_rate,volatility,0
(*)|(*)|(reg_atr_change_rate_ts_band25_75==1&reg_atr_change_rate_ts_band30_70==0&reg_atr_change_rate_ts_bot30==0&reg_atr_change_rate_ts_top20==1&reg_atr_change_rate_ts_top80==0),3a566b398284,2,42,0,reg_atr_change_rate_ts_top20,regime,atr_change_rate,volatility,1
(*)|(*)|(reg_atr_change_rate_ts_band25_75==1&reg_atr_change_rate_ts_band30_70==0&reg_atr_change_rate_ts_bot30==0&reg_atr_change_rate_ts_top20==1&reg_atr_change_rate_ts_top80==0),3a566b398284,2,42,30,reg_atr_change_rate_ts_band25_75,regime,atr_change_rate,volatility,1
(*)|(*)|(reg_atr_change_rate_ts_band25_75==1&reg_atr_change_rate_ts_band30_70==0&reg_atr_change_rate_ts_bot30==0&reg_atr_change_rate_ts_top20==1&reg_atr_change_rate_ts_top80==0),3a566b398284,2,42,6,reg_atr_change_rate_ts_bot30,regime,atr_change_rate,volatility,0
(*)|(*)|(reg_atr_change_rate_ts_band25_75==1&reg_atr_change_rate_ts_band30_70==0&reg_atr_change_rate_ts_bot30==1&reg_atr_change_rate_ts_top20==1&reg_atr_change_rate_ts_top80==0),9e5064f40374,2,42,24,reg_atr_change_rate_ts_top80,regime,atr_change_rate,volatility,0
(*)|(*)|(reg_atr_change_rate_ts_band25_75==1&reg_atr_change_rate_ts_band30_70==0&reg_atr_change_rate_ts_bot30==1&reg_atr_change_rate_ts_top20==1&reg_atr_change_rate_ts_top80==0),9e5064f40374,2,42,32,reg_atr_change_rate_ts_band30_70,regime,atr_change_rate,volatility,0
(*)|(*)|(reg_atr_change_rate_ts_band25_75==1&reg_atr_change_rate_ts_band30_70==0&reg_atr_change_rate_ts_bot30==1&reg_atr_change_rate_ts_top20==1&reg_atr_change_rate_ts_top80==0),9e5064f40374,2,42,0,reg_atr_change_rate_ts_top20,regime,atr_change_rate,volatility,1
(*)|(*)|(reg_atr_change_rate_ts_band25_75==1&reg_atr_change_rate_ts_band30_70==0&reg_atr_change_rate_ts_bot30==1&reg_atr_change_rate_ts_top20==1&reg_atr_change_rate_ts_top80==0),9e5064f40374,2,42,30,reg_atr_change_rate_ts_band25_75,regime,atr_change_rate,volatility,1
(*)|(*)|(reg_atr_change_rate_ts_band25_75==1&reg_atr_change_rate_ts_band30_70==0&reg_atr_change_rate_ts_bot30==1&reg_atr_change_rate_ts_top20==1&reg_atr_change_rate_ts_top80==0),9e5064f40374,2,42,6,reg_atr_change_rate_ts_bot30,regime,atr_change_rate,volatility,1
(*)|(loc_dist_ema20_atr_ts_top40==0)|(reg_atr_change_rate_ts_band30_70==1&reg_atr_change_rate_ts_top50==0&reg_atr_change_rate_ts_top80==0),d8a66e105d30,2,42,24,reg_atr_change_rate_ts_top80,regime,atr_change_rate,volatility,0
(*)|(loc_dist_ema20_atr_ts_top40==0)|(reg_atr_change_rate_ts_band30_70==1&reg_atr_change_rate_ts_top50==0&reg_atr_change_rate_ts_top80==0),d8a66e105d30,2,42,32,reg_atr_change_rate_ts_band30_70,regime,atr_change_rate,volatility,1
(*)|(loc_dist_ema20_atr_ts_top40==0)|(reg_atr_change_rate_ts_band30_70==1&reg_atr_change_rate_ts_top50==0&reg_atr_change_rate_ts_top80==0),d8a66e105d30,2,42,12,reg_atr_change_rate_ts_top50,regime,atr_change_rate,volatility,0
(*)|(loc_dist_ema20_atr_ts_top40==0)|(reg_atr_change_rate_ts_band30_70==1&reg_atr_change_rate_ts_top50==0&reg_atr_change_rate_ts_top80==0),d8a66e105d30,2,42,9,loc_dist_ema20_atr_ts_top40,location,dist_ema20_atr,context,0
(*)|(loc_dist_ema20_atr_ts_top40==1)|(reg_atr_change_rate_ts_band30_70==1&reg_atr_change_rate_ts_top50==0&reg_atr_change_rate_ts_top80==0),d4010245c4f3,2,42,24,reg_atr_change_rate_ts_top80,regime,atr_change_rate,volatility,0
(*)|(loc_dist_ema20_atr_ts_top40==1)|(reg_atr_change_rate_ts_band30_70==1&reg_atr_change_rate_ts_top50==0&reg_atr_change_rate_ts_top80==0),d4010245c4f3,2,42,32,reg_atr_change_rate_ts_band30_70,regime,atr_change_rate,volatility,1
(*)|(loc_dist_ema20_atr_ts_top40==1)|(reg_atr_change_rate_ts_band30_70==1&reg_atr_change_rate_ts_top50==0&reg_atr_change_rate_ts_top80==0),d4010245c4f3,2,42,12,reg_atr_change_rate_ts_top50,regime,atr_change_rate,volatility,0
(*)|(loc_dist_ema20_atr_ts_top40==1)|(reg_atr_change_rate_ts_band30_70==1&reg_atr_change_rate_ts_top50==0&reg_atr_change_rate_ts_top80==0),d4010245c4f3,2,42,9,loc_dist_ema20_atr_ts_top40,location,dist_ema20_atr,context,1
(*)|(*)|(reg_atr_change_rate_ts_band30_70==1&reg_atr_change_rate_ts_top50==1&reg_atr_change_rate_ts_top60==0&reg_atr_change_rate_ts_top80==0),b12c522333cf,2,42,24,reg_atr_change_rate_ts_top80,regime,atr_change_rate,volatility,0
(*)|(*)|(reg_atr_change_rate_ts_band30_70==1&reg_atr_change_rate_ts_top50==1&reg_atr_change_rate_ts_top60==0&reg_atr_change_rate_ts_top80==0),b12c522333cf,2,42,32,reg_atr_change_rate_ts_band30_70,regime,atr_change_rate,volatility,1
(*)|(*)|(reg_atr_change_rate_ts_band30_70==1&reg_atr_change_rate_ts_top50==1&reg_atr_change_rate_ts_top60==0&reg_atr_change_rate_ts_top80==0),b12c522333cf,2,42,12,reg_atr_change_rate_ts_top50,regime,atr_change_rate,volatility,1
(*)|(*)|(reg_atr_change_rate_ts_band30_70==1&reg_atr_change_rate_ts_top50==1&reg_atr_change_rate_ts_top60==0&reg_atr_change_rate_ts_top80==0),b12c522333cf,2,42,16,reg_atr_change_rate_ts_top60,regime,atr_change_rate,volatility,0
(*)|(*)|(reg_atr_change_rate_ts_band30_70==1&reg_atr_change_rate_ts_top50==1&reg_atr_change_rate_ts_top60==1&reg_atr_change_rate_ts_top80==0),a5d3729d8de4,2,42,24,reg_atr_change_rate_ts_top80,regime,atr_change_rate,volatility,0
(*)|(*)|(reg_atr_change_rate_ts_band30_70==1&reg_atr_change_rate_ts_top50==1&reg_atr_change_rate_ts_top60==1&reg_atr_change_rate_ts_top80==0),a5d3729d8de4,2,42,32,reg_atr_change_rate_ts_band30_70,regime,atr_change_rate,volatility,1
(*)|(*)|(reg_atr_change_rate_ts_band30_70==1&reg_atr_change_rate_ts_top50==1&reg_atr_change_rate_ts_top60==1&reg_atr_change_rate_ts_top80==0),a5d3729d8de4,2,42,12,reg_atr_change_rate_ts_top50,regime,atr_change_rate,volatility,1
(*)|(*)|(reg_atr_change_rate_ts_band30_70==1&reg_atr_change_rate_ts_top50==1&reg_atr_change_rate_ts_top60==1&reg_atr_change_rate_ts_top80==0),a5d3729d8de4,2,42,16,reg_atr_change_rate_ts_top60,regime,atr_change_rate,volatility,1
(*)|(*)|(reg_atr_change_rate_ts_top80==1),415c2621fbc6,2,42,24,reg_atr_change_rate_ts_top80,regime,atr_change_rate,volatility,1
(*)|(loc_dist_ema50_atr_ts_band40_60==0)|(reg_atr_change_rate_ts_band25_75==0&reg_atr_change_rate_ts_top20==1&reg_atr_change_rate_ts_top70==0&reg_atr_change_rate_ts_top80==0),aa2ec420ca26,2,42,24,reg_atr_change_rate_ts_top80,regime,atr_change_rate,volatility,0
(*)|(loc_dist_ema50_atr_ts_band40_60==0)|(reg_atr_change_rate_ts_band25_75==0&reg_atr_change_rate_ts_top20==1&reg_atr_change_rate_ts_top70==0&reg_atr_change_rate_ts_top80==0),aa2ec420ca26,2,42,20,reg_atr_change_rate_ts_top70,regime,atr_change_rate,volatility,0
(*)|(loc_dist_ema50_atr_ts_band40_60==0)|(reg_atr_change_rate_ts_band25_75==0&reg_atr_change_rate_ts_top20==1&reg_atr_change_rate_ts_top70==0&reg_atr_change_rate_ts_top80==0),aa2ec420ca26,2,42,0,reg_atr_change_rate_ts_top20,regime,atr_change_rate,volatility,1
(*)|(loc_dist_ema50_atr_ts_band40_60==0)|(reg_atr_change_rate_ts_band25_75==0&reg_atr_change_rate_ts_top20==1&reg_atr_change_rate_ts_top70==0&reg_atr_change_rate_ts_top80==0),aa2ec420ca26,2,42,30,reg_atr_change_rate_ts_band25_75,regime,atr_change_rate,volatility,0
(*)|(loc_dist_ema50_atr_ts_band40_60==0)|(reg_atr_change_rate_ts_band25_75==0&reg_atr_change_rate_ts_top20==1&reg_atr_change_rate_ts_top70==0&reg_atr_change_rate_ts_top80==0),aa2ec420ca26,2,42,71,loc_dist_ema50_atr_ts_band40_60,location,dist_ema50_atr,context,0
(*)|(loc_dist_ema50_atr_ts_band40_60==0)|(reg_atr_change_rate_ts_band25_75==1&reg_atr_change_rate_ts_top20==1&reg_atr_change_rate_ts_top40==0&reg_atr_change_rate_ts_top70==0&reg_atr_change_rate_ts_top80==0),1f861584e1e8,2,42,24,reg_atr_change_rate_ts_top80,regime,atr_change_rate,volatility,0
(*)|(loc_dist_ema50_atr_ts_band40_60==0)|(reg_atr_change_rate_ts_band25_75==1&reg_atr_change_rate_ts_top20==1&reg_atr_change_rate_ts_top40==0&reg_atr_change_rate_ts_top70==0&reg_atr_change_rate_ts_top80==0),1f861584e1e8,2,42,20,reg_atr_change_rate_ts_top70,regime,atr_change_rate,volatility,0
(*)|(loc_dist_ema50_atr_ts_band40_60==0)|(reg_atr_change_rate_ts_band25_75==1&reg_atr_change_rate_ts_top20==1&reg_atr_change_rate_ts_top40==0&reg_atr_change_rate_ts_top70==0&reg_atr_change_rate_ts_top80==0),1f861584e1e8,2,42,0,reg_atr_change_rate_ts_top20,regime,atr_change_rate,volatility,1
(*)|(loc_dist_ema50_atr_ts_band40_60==0)|(reg_atr_change_rate_ts_band25_75==1&reg_atr_change_rate_ts_top20==1&reg_atr_change_rate_ts_top40==0&reg_atr_change_rate_ts_top70==0&reg_atr_change_rate_ts_top80==0),1f861584e1e8,2,42,30,reg_atr_change_rate_ts_band25_75,regime,atr_change_rate,volatility,1
(*)|(loc_dist_ema50_atr_ts_band40_60==0)|(reg_atr_change_rate_ts_band25_75==1&reg_atr_change_rate_ts_top20==1&reg_atr_change_rate_ts_top40==0&reg_atr_change_rate_ts_top70==0&reg_atr_change_rate_ts_top80==0),1f861584e1e8,2,42,8,reg_atr_change_rate_ts_top40,regime,atr_change_rate,volatility,0
(*)|(loc_dist_ema50_atr_ts_band40_60==0)|(reg_atr_change_rate_ts_band25_75==1&reg_atr_change_rate_ts_top20==1&reg_atr_change_rate_ts_top40==0&reg_atr_change_rate_ts_top70==0&reg_atr_change_rate_ts_top80==0),1f861584e1e8,2,42,71,loc_dist_ema50_atr_ts_band40_60,location,dist_ema50_atr,context,0
(*)|(loc_dist_ema50_atr_ts_band40_60==0)|(reg_atr_change_rate_ts_band25_75==1&reg_atr_change_rate_ts_top20==1&reg_atr_change_rate_ts_top40==1&reg_atr_change_rate_ts_top70==0&reg_atr_change_rate_ts_top80==0),824910c9e142,2,42,24,reg_atr_change_rate_ts_top80,regime,atr_change_rate,volatility,0
(*)|(loc_dist_ema50_atr_ts_band40_60==0)|(reg_atr_change_rate_ts_band25_75==1&reg_atr_change_rate_ts_top20==1&reg_atr_change_rate_ts_top40==1&reg_atr_change_rate_ts_top70==0&reg_atr_change_rate_ts_top80==0),824910c9e142,2,42,20,reg_atr_change_rate_ts_top70,regime,atr_change_rate,volatility,0
(*)|(loc_dist_ema50_atr_ts_band40_60==0)|(reg_atr_change_rate_ts_band25_75==1&reg_atr_change_rate_ts_top20==1&reg_atr_change_rate_ts_top40==1&reg_atr_change_rate_ts_top70==0&reg_atr_change_rate_ts_top80==0),824910c9e142,2,42,0,reg_atr_change_rate_ts_top20,regime,atr_change_rate,volatility,1
(*)|(loc_dist_ema50_atr_ts_band40_60==0)|(reg_atr_change_rate_ts_band25_75==1&reg_atr_change_rate_ts_top20==1&reg_atr_change_rate_ts_top40==1&reg_atr_change_rate_ts_top70==0&reg_atr_change_rate_ts_top80==0),824910c9e142,2,42,30,reg_atr_change_rate_ts_band25_75,regime,atr_change_rate,volatility,1
(*)|(loc_dist_ema50_atr_ts_band40_60==0)|(reg_atr_change_rate_ts_band25_75==1&reg_atr_change_rate_ts_top20==1&reg_atr_change_rate_ts_top40==1&reg_atr_change_rate_ts_top70==0&reg_atr_change_rate_ts_top80==0),824910c9e142,2,42,8,reg_atr_change_rate_ts_top40,regime,atr_change_rate,volatility,1
(*)|(loc_dist_ema50_atr_ts_band40_60==0)|(reg_atr_change_rate_ts_band25_75==1&reg_atr_change_rate_ts_top20==1&reg_atr_change_rate_ts_top40==1&reg_atr_change_rate_ts_top70==0&reg_atr_change_rate_ts_top80==0),824910c9e142,2,42,71,loc_dist_ema50_atr_ts_band40_60,location,dist_ema50_atr,context,0
(*)|(loc_dist_ema50_atr_ts_band40_60==0)|(reg_atr_change_rate_ts_band25_75==0&reg_atr_change_rate_ts_top70==1&reg_atr_change_rate_ts_top80==0),e9fcadc2b9c8,2,42,24,reg_atr_change_rate_ts_top80,regime,atr_change_rate,volatility,0
(*)|(loc_dist_ema50_atr_ts_band40_60==0)|(reg_atr_change_rate_ts_band25_75==0&reg_atr_change_rate_ts_top70==1&reg_atr_change_rate_ts_top80==0),e9fcadc2b9c8,2,42,20,reg_atr_change_rate_ts_top70,regime,atr_change_rate,volatility,1
(*)|(loc_dist_ema50_atr_ts_band40_60==0)|(reg_atr_change_rate_ts_band25_75==0&reg_atr_change_rate_ts_top70==1&reg_atr_change_rate_ts_top80==0),e9fcadc2b9c8,2,42,30,reg_atr_change_rate_ts_band25_75,regime,atr_change_rate,volatility,0
(*)|(loc_dist_ema50_atr_ts_band40_60==0)|(reg_atr_change_rate_ts_band25_75==0&reg_atr_change_rate_ts_top70==1&reg_atr_change_rate_ts_top80==0),e9fcadc2b9c8,2,42,71,loc_dist_ema50_atr_ts_band40_60,location,dist_ema50_atr,context,0
(*)|(loc_dist_ema50_atr_ts_band40_60==0)|(reg_atr_change_rate_ts_band25_75==1&reg_atr_change_rate_ts_top70==1&reg_atr_change_rate_ts_top80==0),ec2cb8ced9f1,2,42,24,reg_atr_change_rate_ts_top80,regime,atr_change_rate,volatility,0
(*)|(loc_dist_ema50_atr_ts_band40_60==0)|(reg_atr_change_rate_ts_band25_75==1&reg_atr_change_rate_ts_top70==1&reg_atr_change_rate_ts_top80==0),ec2cb8ced9f1,2,42,20,reg_atr_change_rate_ts_top70,regime,atr_change_rate,volatility,1
(*)|(loc_dist_ema50_atr_ts_band40_60==0)|(reg_atr_change_rate_ts_band25_75==1&reg_atr_change_rate_ts_top70==1&reg_atr_change_rate_ts_top80==0),ec2cb8ced9f1,2,42,30,reg_atr_change_rate_ts_band25_75,regime,atr_change_rate,volatility,1
(*)|(loc_dist_ema50_atr_ts_band40_60==0)|(reg_atr_change_rate_ts_band25_75==1&reg_atr_change_rate_ts_top70==1&reg_atr_change_rate_ts_top80==0),ec2cb8ced9f1,2,42,71,loc_dist_ema50_atr_ts_band40_60,location,dist_ema50_atr,context,0
(*)|(loc_dist_ema50_atr_ts_band40_60==1)|(reg_atr_change_rate_ts_top50==0&reg_atr_change_rate_ts_top80==0),7e84c200203a,2,42,24,reg_atr_change_rate_ts_top80,regime,atr_change_rate,volatility,0
(*)|(loc_dist_ema50_atr_ts_band40_60==1)|(reg_atr_change_rate_ts_top50==0&reg_atr_change_rate_ts_top80==0),7e84c200203a,2,42,12,reg_atr_change_rate_ts_top50,regime,atr_change_rate,volatility,0
(*)|(loc_dist_ema50_atr_ts_band40_60==1)|(reg_atr_change_rate_ts_top50==0&reg_atr_change_rate_ts_top80==0),7e84c200203a,2,42,71,loc_dist_ema50_atr_ts_band40_60,location,dist_ema50_atr,context,1
(*)|(loc_dist_ema50_atr_ts_band40_60==1)|(reg_atr_change_rate_ts_top50==1&reg_atr_change_rate_ts_top80==0),eb89a5033366,2,42,24,reg_atr_change_rate_ts_top80,regime,atr_change_rate,volatility,0
(*)|(loc_dist_ema50_atr_ts_band40_60==1)|(reg_atr_change_rate_ts_top50==1&reg_atr_change_rate_ts_top80==0),eb89a5033366,2,42,12,reg_atr_change_rate_ts_top50,regime,atr_change_rate,volatility,1
(*)|(loc_dist_ema50_atr_ts_band40_60==1)|(reg_atr_change_rate_ts_top50==1&reg_atr_change_rate_ts_top80==0),eb89a5033366,2,42,71,loc_dist_ema50_atr_ts_band40_60,location,dist_ema50_atr,context,1
(*)|(*)|(reg_atr_change_rate_ts_top80==1),48ebe0a15e56,2,42,24,reg_atr_change_rate_ts_top80,regime,atr_change_rate,volatility,1
(*)|(loc_dist_ema20_atr_ts_band30_70==0&loc_dist_ema20_atr_ts_top30==0)|(reg_atr_change_rate_ts_band25_75==0&reg_atr_change_rate_ts_top20==1&reg_atr_change_rate_ts_top80==0),bc07c0587a12,2,42,24,reg_atr_change_rate_ts_top80,regime,atr_change_rate,volatility,0
(*)|(loc_dist_ema20_atr_ts_band30_70==0&loc_dist_ema20_atr_ts_top30==0)|(reg_atr_change_rate_ts_band25_75==0&reg_atr_change_rate_ts_top20==1&reg_atr_change_rate_ts_top80==0),bc07c0587a12,2,42,0,reg_atr_change_rate_ts_top20,regime,atr_change_rate,volatility,1
(*)|(loc_dist_ema20_atr_ts_band30_70==0&loc_dist_ema20_atr_ts_top30==0)|(reg_atr_change_rate_ts_band25_75==0&reg_atr_change_rate_ts_top20==1&reg_atr_change_rate_ts_top80==0),bc07c0587a12,2,42,30,reg_atr_change_rate_ts_band25_75,regime,atr_change_rate,volatility,0
(*)|(loc_dist_ema20_atr_ts_band30_70==0&loc_dist_ema20_atr_ts_top30==0)|(reg_atr_change_rate_ts_band25_75==0&reg_atr_change_rate_ts_top20==1&reg_atr_change_rate_ts_top80==0),bc07c0587a12,2,42,33,loc_dist_ema20_atr_ts_band30_70,location,dist_ema20_atr,context,0
(*)|(loc_dist_ema20_atr_ts_band30_70==0&loc_dist_ema20_atr_ts_top30==0)|(reg_atr_change_rate_ts_band25_75==0&reg_atr_change_rate_ts_top20==1&reg_atr_change_rate_ts_top80==0),bc07c0587a12,2,42,5,loc_dist_ema20_atr_ts_top30,location,dist_ema20_atr,context,0
(*)|(loc_dist_ema20_atr_ts_band30_70==0&loc_dist_ema20_atr_ts_top30==1)|(reg_atr_change_rate_ts_band25_75==0&reg_atr_change_rate_ts_top20==1&reg_atr_change_rate_ts_top80==0),c03640ad3ffe,2,42,24,reg_atr_change_rate_ts_top80,regime,atr_change_rate,volatility,0
(*)|(loc_dist_ema20_atr_ts_band30_70==0&loc_dist_ema20_atr_ts_top30==1)|(reg_atr_change_rate_ts_band25_75==0&reg_atr_change_rate_ts_top20==1&reg_atr_change_rate_ts_top80==0),c03640ad3ffe,2,42,0,reg_atr_change_rate_ts_top20,regime,atr_change_rate,volatility,1
(*)|(loc_dist_ema20_atr_ts_band30_70==0&loc_dist_ema20_atr_ts_top30==1)|(reg_atr_change_rate_ts_band25_75==0&reg_atr_change_rate_ts_top20==1&reg_atr_change_rate_ts_top80==0),c03640ad3ffe,2,42,30,reg_atr_change_rate_ts_band25_75,regime,atr_change_rate,volatility,0
(*)|(loc_dist_ema20_atr_ts_band30_70==0&loc_dist_ema20_atr_ts_top30==1)|(reg_atr_change_rate_ts_band25_75==0&reg_atr_change_rate_ts_top20==1&reg_atr_change_rate_ts_top80==0),c03640ad3ffe,2,42,33,loc_dist_ema20_atr_ts_band30_70,location,dist_ema20_atr,context,0
(*)|(loc_dist_ema20_atr_ts_band30_70==0&loc_dist_ema20_atr_ts_top30==1)|(reg_atr_change_rate_ts_band25_75==0&reg_atr_change_rate_ts_top20==1&reg_atr_change_rate_ts_top80==0),c03640ad3ffe,2,42,5,loc_dist_ema20_atr_ts_top30,location,dist_ema20_atr,context,1
(*)|(loc_dist_ema20_atr_ts_band30_70==0&loc_dist_ema20_atr_ts_top30==0)|(reg_atr_change_rate_ts_band25_75==1&reg_atr_change_rate_ts_top20==1&reg_atr_change_rate_ts_top80==0),44ff9fb58975,2,42,24,reg_atr_change_rate_ts_top80,regime,atr_change_rate,volatility,0
(*)|(loc_dist_ema20_atr_ts_band30_70==0&loc_dist_ema20_atr_ts_top30==0)|(reg_atr_change_rate_ts_band25_75==1&reg_atr_change_rate_ts_top20==1&reg_atr_change_rate_ts_top80==0),44ff9fb58975,2,42,0,reg_atr_change_rate_ts_top20,regime,atr_change_rate,volatility,1
(*)|(loc_dist_ema20_atr_ts_band30_70==0&loc_dist_ema20_atr_ts_top30==0)|(reg_atr_change_rate_ts_band25_75==1&reg_atr_change_rate_ts_top20==1&reg_atr_change_rate_ts_top80==0),44ff9fb58975,2,42,30,reg_atr_change_rate_ts_band25_75,regime,atr_change_rate,volatility,1
(*)|(loc_dist_ema20_atr_ts_band30_70==0&loc_dist_ema20_atr_ts_top30==0)|(reg_atr_change_rate_ts_band25_75==1&reg_atr_change_rate_ts_top20==1&reg_atr_change_rate_ts_top80==0),44ff9fb58975,2,42,33,loc_dist_ema20_atr_ts_band30_70,location,dist_ema20_atr,context,0
(*)|(loc_dist_ema20_atr_ts_band30_70==0&loc_dist_ema20_atr_ts_top30==0)|(reg_atr_change_rate_ts_band25_75==1&reg_atr_change_rate_ts_top20==1&reg_atr_change_rate_ts_top80==0),44ff9fb58975,2,42,5,loc_dist_ema20_atr_ts_top30,location,dist_ema20_atr,context,0
(*)|(loc_dist_ema20_atr_ts_band30_70==0&loc_dist_ema20_atr_ts_top30==1)|(reg_atr_change_rate_ts_band25_75==1&reg_atr_change_rate_ts_top20==1&reg_atr_change_rate_ts_top80==0),d49f0cdd2712,2,42,24,reg_atr_change_rate_ts_top80,regime,atr_change_rate,volatility,0
(*)|(loc_dist_ema20_atr_ts_band30_70==0&loc_dist_ema20_atr_ts_top30==1)|(reg_atr_change_rate_ts_band25_75==1&reg_atr_change_rate_ts_top20==1&reg_atr_change_rate_ts_top80==0),d49f0cdd2712,2,42,0,reg_atr_change_rate_ts_top20,regime,atr_change_rate,volatility,1
(*)|(loc_dist_ema20_atr_ts_band30_70==0&loc_dist_ema20_atr_ts_top30==1)|(reg_atr_change_rate_ts_band25_75==1&reg_atr_change_rate_ts_top20==1&reg_atr_change_rate_ts_top80==0),d49f0cdd2712,2,42,30,reg_atr_change_rate_ts_band25_75,regime,atr_change_rate,volatility,1
(*)|(loc_dist_ema20_atr_ts_band30_70==0&loc_dist_ema20_atr_ts_top30==1)|(reg_atr_change_rate_ts_band25_75==1&reg_atr_change_rate_ts_top20==1&reg_atr_change_rate_ts_top80==0),d49f0cdd2712,2,42,33,loc_dist_ema20_atr_ts_band30_70,location,dist_ema20_atr,context,0
(*)|(loc_dist_ema20_atr_ts_band30_70==0&loc_dist_ema20_atr_ts_top30==1)|(reg_atr_change_rate_ts_band25_75==1&reg_atr_change_rate_ts_top20==1&reg_atr_change_rate_ts_top80==0),d49f0cdd2712,2,42,5,loc_dist_ema20_atr_ts_top30,location,dist_ema20_atr,context,1
(*)|(loc_dist_ema20_atr_ts_band30_70==1&loc_dist_ema20_atr_ts_top60==0)|(reg_atr_change_rate_ts_top40==0&reg_atr_change_rate_ts_top80==0),43267f84970e,2,42,24,reg_atr_change_rate_ts_top80,regime,atr_change_rate,volatility,0
(*)|(loc_dist_ema20_atr_ts_band30_70==1&loc_dist_ema20_atr_ts_top60==0)|(reg_atr_change_rate_ts_top40==0&reg_atr_change_rate_ts_top80==0),43267f84970e,2,42,8,reg_atr_change_rate_ts_top40,regime,atr_change_rate,volatility,0
(*)|(loc_dist_ema20_atr_ts_band30_70==1&loc_dist_ema20_atr_ts_top60==0)|(reg_atr_change_rate_ts_top40==0&reg_atr_change_rate_ts_top80==0),43267f84970e,2,42,33,loc_dist_ema20_atr_ts_band30_70,location,dist_ema20_atr,context,1
(*)|(loc_dist_ema20_atr_ts_band30_70==1&loc_dist_ema20_atr_ts_top60==0)|(reg_atr_change_rate_ts_top40==0&reg_atr_change_rate_ts_top80==0),43267f84970e,2,42,17,loc_dist_ema20_atr_ts_top60,location,dist_ema20_atr,context,0
(*)|(loc_dist_ema20_atr_ts_band30_70==1&loc_dist_ema20_atr_ts_top50==0&loc_dist_ema20_atr_ts_top60==0)|(reg_atr_change_rate_ts_top40==1&reg_atr_change_rate_ts_top80==0),57b8116c61f7,2,42,24,reg_atr_change_rate_ts_top80,regime,atr_change_rate,volatility,0
(*)|(loc_dist_ema20_atr_ts_band30_70==1&loc_dist_ema20_atr_ts_top50==0&loc_dist_ema20_atr_ts_top60==0)|(reg_atr_change_rate_ts_top40==1&reg_atr_change_rate_ts_top80==0),57b8116c61f7,2,42,8,reg_atr_change_rate_ts_top40,regime,atr_change_rate,volatility,1
(*)|(loc_dist_ema20_atr_ts_band30_70==1&loc_dist_ema20_atr_ts_top50==0&loc_dist_ema20_atr_ts_top60==0)|(reg_atr_change_rate_ts_top40==1&reg_atr_change_rate_ts_top80==0),57b8116c61f7,2,42,33,loc_dist_ema20_atr_ts_band30_70,location,dist_ema20_atr,context,1
(*)|(loc_dist_ema20_atr_ts_band30_70==1&loc_dist_ema20_atr_ts_top50==0&loc_dist_ema20_atr_ts_top60==0)|(reg_atr_change_rate_ts_top40==1&reg_atr_change_rate_ts_top80==0),57b8116c61f7,2,42,17,loc_dist_ema20_atr_ts_top60,location,dist_ema20_atr,context,0
(*)|(loc_dist_ema20_atr_ts_band30_70==1&loc_dist_ema20_atr_ts_top50==0&loc_dist_ema20_atr_ts_top60==0)|(reg_atr_change_rate_ts_top40==1&reg_atr_change_rate_ts_top80==0),57b8116c61f7,2,42,13,loc_dist_ema20_atr_ts_top50,location,dist_ema20_atr,context,0
(*)|(loc_dist_ema20_atr_ts_band30_70==1&loc_dist_ema20_atr_ts_top50==1&loc_dist_ema20_atr_ts_top60==0)|(reg_atr_change_rate_ts_top40==1&reg_atr_change_rate_ts_top80==0),e19aea23ccc9,2,42,24,reg_atr_change_rate_ts_top80,regime,atr_change_rate,volatility,0
(*)|(loc_dist_ema20_atr_ts_band30_70==1&loc_dist_ema20_atr_ts_top50==1&loc_dist_ema20_atr_ts_top60==0)|(reg_atr_change_rate_ts_top40==1&reg_atr_change_rate_ts_top80==0),e19aea23ccc9,2,42,8,reg_atr_change_rate_ts_top40,regime,atr_change_rate,volatility,1
(*)|(loc_dist_ema20_atr_ts_band30_70==1&loc_dist_ema20_atr_ts_top50==1&loc_dist_ema20_atr_ts_top60==0)|(reg_atr_change_rate_ts_top40==1&reg_atr_change_rate_ts_top80==0),e19aea23ccc9,2,42,33,loc_dist_ema20_atr_ts_band30_70,location,dist_ema20_atr,context,1
(*)|(loc_dist_ema20_atr_ts_band30_70==1&loc_dist_ema20_atr_ts_top50==1&loc_dist_ema20_atr_ts_top60==0)|(reg_atr_change_rate_ts_top40==1&reg_atr_change_rate_ts_top80==0),e19aea23ccc9,2,42,17,loc_dist_ema20_atr_ts_top60,location,dist_ema20_atr,context,0
(*)|(loc_dist_ema20_atr_ts_band30_70==1&loc_dist_ema20_atr_ts_top50==1&loc_dist_ema20_atr_ts_top60==0)|(reg_atr_change_rate_ts_top40==1&reg_atr_change_rate_ts_top80==0),e19aea23ccc9,2,42,13,loc_dist_ema20_atr_ts_top50,location,dist_ema20_atr,context,1
(*)|(loc_dist_ema20_atr_ts_band30_70==1&loc_dist_ema20_atr_ts_top60==1)|(reg_atr_change_rate_ts_top80==0),4f7f2b8be6bf,2,42,24,reg_atr_change_rate_ts_top80,regime,atr_change_rate,volatility,0
(*)|(loc_dist_ema20_atr_ts_band30_70==1&loc_dist_ema20_atr_ts_top60==1)|(reg_atr_change_rate_ts_top80==0),4f7f2b8be6bf,2,42,33,loc_dist_ema20_atr_ts_band30_70,location,dist_ema20_atr,context,1
(*)|(loc_dist_ema20_atr_ts_band30_70==1&loc_dist_ema20_atr_ts_top60==1)|(reg_atr_change_rate_ts_top80==0),4f7f2b8be6bf,2,42,17,loc_dist_ema20_atr_ts_top60,location,dist_ema20_atr,context,1
(*)|(*)|(reg_atr_change_rate_ts_top80==1),3abca3d26561,2,42,24,reg_atr_change_rate_ts_top80,regime,atr_change_rate,volatility,1
(*)|(loc_dist_ema20_atr_ts_band25_75==0&loc_dist_ema20_atr_ts_top20==1&loc_dist_ema20_atr_ts_top60==0&loc_dist_ema20_atr_ts_top80==0)|(*),a5e5235585a7,2,42,25,loc_dist_ema20_atr_ts_top80,location,dist_ema20_atr,context,0
(*)|(loc_dist_ema20_atr_ts_band25_75==0&loc_dist_ema20_atr_ts_top20==1&loc_dist_ema20_atr_ts_top60==0&loc_dist_ema20_atr_ts_top80==0)|(*),a5e5235585a7,2,42,17,loc_dist_ema20_atr_ts_top60,location,dist_ema20_atr,context,0
(*)|(loc_dist_ema20_atr_ts_band25_75==0&loc_dist_ema20_atr_ts_top20==1&loc_dist_ema20_atr_ts_top60==0&loc_dist_ema20_atr_ts_top80==0)|(*),a5e5235585a7,2,42,31,loc_dist_ema20_atr_ts_band25_75,location,dist_ema20_atr,context,0
(*)|(loc_dist_ema20_atr_ts_band25_75==0&loc_dist_ema20_atr_ts_top20==1&loc_dist_ema20_atr_ts_top60==0&loc_dist_ema20_atr_ts_top80==0)|(*),a5e5235585a7,2,42,1,loc_dist_ema20_atr_ts_top20,location,dist_ema20_atr,context,1
(*)|(loc_dist_ema20_atr_ts_band25_75==1&loc_dist_ema20_atr_ts_top60==0&loc_dist_ema20_atr_ts_top80==0)|(reg_atr_change_rate_ts_top30==0),340cac298bde,2,42,25,loc_dist_ema20_atr_ts_top80,location,dist_ema20_atr,context,0
(*)|(loc_dist_ema20_atr_ts_band25_75==1&loc_dist_ema20_atr_ts_top60==0&loc_dist_ema20_atr_ts_top80==0)|(reg_atr_change_rate_ts_top30==0),340cac298bde,2,42,17,loc_dist_ema20_atr_ts_top60,location,dist_ema20_atr,context,0
(*)|(loc_dist_ema20_atr_ts_band25_75==1&loc_dist_ema20_atr_ts_top60==0&loc_dist_ema20_atr_ts_top80==0)|(reg_atr_change_rate_ts_top30==0),340cac298bde,2,42,31,loc_dist_ema20_atr_ts_band25_75,location,dist_ema20_atr,context,1
(*)|(loc_dist_ema20_atr_ts_band25_75==1&loc_dist_ema20_atr_ts_top60==0&loc_dist_ema20_atr_ts_top80==0)|(reg_atr_change_rate_ts_top30==0),340cac298bde,2,42,4,reg_atr_change_rate_ts_top30,regime,atr_change_rate,volatility,0
(*)|(loc_dist_ema20_atr_ts_band25_75==1&loc_dist_ema20_atr_ts_top60==0&loc_dist_ema20_atr_ts_top80==0)|(reg_atr_change_rate_ts_top30==1&reg_atr_change_rate_ts_top40==0),89841e33c31b,2,42,25,loc_dist_ema20_atr_ts_top80,location,dist_ema20_atr,context,0
(*)|(loc_dist_ema20_atr_ts_band25_75==1&loc_dist_ema20_atr_ts_top60==0&loc_dist_ema20_atr_ts_top80==0)|(reg_atr_change_rate_ts_top30==1&reg_atr_change_rate_ts_top40==0),89841e33c31b,2,42,17,loc_dist_ema20_atr_ts_top60,location,dist_ema20_atr,context,0
(*)|(loc_dist_ema20_atr_ts_band25_75==1&loc_dist_ema20_atr_ts_top60==0&loc_dist_ema20_atr_ts_top80==0)|(reg_atr_change_rate_ts_top30==1&reg_atr_change_rate_ts_top40==0),89841e33c31b,2,42,31,loc_dist_ema20_atr_ts_band25_75,location,dist_ema20_atr,context,1
(*)|(loc_dist_ema20_atr_ts_band25_75==1&loc_dist_ema20_atr_ts_top60==0&loc_dist_ema20_atr_ts_top80==0)|(reg_atr_change_rate_ts_top30==1&reg_atr_change_rate_ts_top40==0),89841e33c31b,2,42,4,reg_atr_change_rate_ts_top30,regime,atr_change_rate,volatility,1
(*)|(loc_dist_ema20_atr_ts_band25_75==1&loc_dist_ema20_atr_ts_top60==0&loc_dist_ema20_atr_ts_top80==0)|(reg_atr_change_rate_ts_top30==1&reg_atr_change_rate_ts_top40==0),89841e33c31b,2,42,8,reg_atr_change_rate_ts_top40,regime,atr_change_rate,volatility,0
(*)|(loc_dist_ema20_atr_ts_band25_75==1&loc_dist_ema20_atr_ts_top60==0&loc_dist_ema20_atr_ts_top80==0)|(reg_atr_change_rate_ts_top30==1&reg_atr_change_rate_ts_top40==1&reg_atr_change_rate_ts_top50==0),cfe89a97a2ee,2,42,25,loc_dist_ema20_atr_ts_top80,location,dist_ema20_atr,context,0
(*)|(loc_dist_ema20_atr_ts_band25_75==1&loc_dist_ema20_atr_ts_top60==0&loc_dist_ema20_atr_ts_top80==0)|(reg_atr_change_rate_ts_top30==1&reg_atr_change_rate_ts_top40==1&reg_atr_change_rate_ts_top50==0),cfe89a97a2ee,2,42,17,loc_dist_ema20_atr_ts_top60,location,dist_ema20_atr,context,0
(*)|(loc_dist_ema20_atr_ts_band25_75==1&loc_dist_ema20_atr_ts_top60==0&loc_dist_ema20_atr_ts_top80==0)|(reg_atr_change_rate_ts_top30==1&reg_atr_change_rate_ts_top40==1&reg_atr_change_rate_ts_top50==0),cfe89a97a2ee,2,42,31,loc_dist_ema20_atr_ts_band25_75,location,dist_ema20_atr,context,1
(*)|(loc_dist_ema20_atr_ts_band25_75==1&loc_dist_ema20_atr_ts_top60==0&loc_dist_ema20_atr_ts_top80==0)|(reg_atr_change_rate_ts_top30==1&reg_atr_change_rate_ts_top40==1&reg_atr_change_rate_ts_top50==0),cfe89a97a2ee,2,42,4,reg_atr_change_rate_ts_top30,regime,atr_change_rate,volatility,1
(*)|(loc_dist_ema20_atr_ts_band25_75==1&loc_dist_ema20_atr_ts_top60==0&loc_dist_ema20_atr_ts_top80==0)|(reg_atr_change_rate_ts_top30==1&reg_atr_change_rate_ts_top40==1&reg_atr_change_rate_ts_top50==0),cfe89a97a2ee,2,42,8,reg_atr_change_rate_ts_top40,regime,atr_change_rate,volatility,1
(*)|(loc_dist_ema20_atr_ts_band25_75==1&loc_dist_ema20_atr_ts_top60==0&loc_dist_ema20_atr_ts_top80==0)|(reg_atr_change_rate_ts_top30==1&reg_atr_change_rate_ts_top40==1&reg_atr_change_rate_ts_top50==0),cfe89a97a2ee,2,42,12,reg_atr_change_rate_ts_top50,regime,atr_change_rate,volatility,0
(*)|(loc_dist_ema20_atr_ts_band25_75==1&loc_dist_ema20_atr_ts_top60==0&loc_dist_ema20_atr_ts_top80==0)|(reg_atr_change_rate_ts_top30==1&reg_atr_change_rate_ts_top40==1&reg_atr_change_rate_ts_top50==1),ffbd0c64f410,2,42,25,loc_dist_ema20_atr_ts_top80,location,dist_ema20_atr,context,0
(*)|(loc_dist_ema20_atr_ts_band25_75==1&loc_dist_ema20_atr_ts_top60==0&loc_dist_ema20_atr_ts_top80==0)|(reg_atr_change_rate_ts_top30==1&reg_atr_change_rate_ts_top40==1&reg_atr_change_rate_ts_top50==1),ffbd0c64f410,2,42,17,loc_dist_ema20_atr_ts_top60,location,dist_ema20_atr,context,0
(*)|(loc_dist_ema20_atr_ts_band25_75==1&loc_dist_ema20_atr_ts_top60==0&loc_dist_ema20_atr_ts_top80==0)|(reg_atr_change_rate_ts_top30==1&reg_atr_change_rate_ts_top40==1&reg_atr_change_rate_ts_top50==1),ffbd0c64f410,2,42,31,loc_dist_ema20_atr_ts_band25_75,location,dist_ema20_atr,context,1
(*)|(loc_dist_ema20_atr_ts_band25_75==1&loc_dist_ema20_atr_ts_top60==0&loc_dist_ema20_atr_ts_top80==0)|(reg_atr_change_rate_ts_top30==1&reg_atr_change_rate_ts_top40==1&reg_atr_change_rate_ts_top50==1),ffbd0c64f410,2,42,4,reg_atr_change_rate_ts_top30,regime,atr_change_rate,volatility,1
(*)|(loc_dist_ema20_atr_ts_band25_75==1&loc_dist_ema20_atr_ts_top60==0&loc_dist_ema20_atr_ts_top80==0)|(reg_atr_change_rate_ts_top30==1&reg_atr_change_rate_ts_top40==1&reg_atr_change_rate_ts_top50==1),ffbd0c64f410,2,42,8,reg_atr_change_rate_ts_top40,regime,atr_change_rate,volatility,1
(*)|(loc_dist_ema20_atr_ts_band25_75==1&loc_dist_ema20_atr_ts_top60==0&loc_dist_ema20_atr_ts_top80==0)|(reg_atr_change_rate_ts_top30==1&reg_atr_change_rate_ts_top40==1&reg_atr_change_rate_ts_top50==1),ffbd0c64f410,2,42,12,reg_atr_change_rate_ts_top50,regime,atr_change_rate,volatility,1
(*)|(loc_dist_ema20_atr_ts_band25_75==0&loc_dist_ema20_atr_ts_top60==1&loc_dist_ema20_atr_ts_top80==0)|(*),83c667826875,2,42,25,loc_dist_ema20_atr_ts_top80,location,dist_ema20_atr,context,0
(*)|(loc_dist_ema20_atr_ts_band25_75==0&loc_dist_ema20_atr_ts_top60==1&loc_dist_ema20_atr_ts_top80==0)|(*),83c667826875,2,42,17,loc_dist_ema20_atr_ts_top60,location,dist_ema20_atr,context,1
(*)|(loc_dist_ema20_atr_ts_band25_75==0&loc_dist_ema20_atr_ts_top60==1&loc_dist_ema20_atr_ts_top80==0)|(*),83c667826875,2,42,31,loc_dist_ema20_atr_ts_band25_75,location,dist_ema20_atr,context,0
(*)|(loc_dist_ema20_atr_ts_band25_75==1&loc_dist_ema20_atr_ts_top60==1&loc_dist_ema20_atr_ts_top80==0)|(reg_atr_change_rate_ts_top70==0),1ae785fd53bb,2,42,25,loc_dist_ema20_atr_ts_top80,location,dist_ema20_atr,context,0
(*)|(loc_dist_ema20_atr_ts_band25_75==1&loc_dist_ema20_atr_ts_top60==1&loc_dist_ema20_atr_ts_top80==0)|(reg_atr_change_rate_ts_top70==0),1ae785fd53bb,2,42,17,loc_dist_ema20_atr_ts_top60,location,dist_ema20_atr,context,1
(*)|(loc_dist_ema20_atr_ts_band25_75==1&loc_dist_ema20_atr_ts_top60==1&loc_dist_ema20_atr_ts_top80==0)|(reg_atr_change_rate_ts_top70==0),1ae785fd53bb,2,42,31,loc_dist_ema20_atr_ts_band25_75,location,dist_ema20_atr,context,1
(*)|(loc_dist_ema20_atr_ts_band25_75==1&loc_dist_ema20_atr_ts_top60==1&loc_dist_ema20_atr_ts_top80==0)|(reg_atr_change_rate_ts_top70==0),1ae785fd53bb,2,42,20,reg_atr_change_rate_ts_top70,regime,atr_change_rate,volatility,0
(*)|(loc_dist_ema20_atr_ts_band25_75==1&loc_dist_ema20_atr_ts_top60==1&loc_dist_ema20_atr_ts_top80==0)|(reg_atr_change_rate_ts_top70==1),29fc6b91c456,2,42,25,loc_dist_ema20_atr_ts_top80,location,dist_ema20_atr,context,0
(*)|(loc_dist_ema20_atr_ts_band25_75==1&loc_dist_ema20_atr_ts_top60==1&loc_dist_ema20_atr_ts_top80==0)|(reg_atr_change_rate_ts_top70==1),29fc6b91c456,2,42,17,loc_dist_ema20_atr_ts_top60,location,dist_ema20_atr,context,1
(*)|(loc_dist_ema20_atr_ts_band25_75==1&loc_dist_ema20_atr_ts_top60==1&loc_dist_ema20_atr_ts_top80==0)|(reg_atr_change_rate_ts_top70==1),29fc6b91c456,2,42,31,loc_dist_ema20_atr_ts_band25_75,location,dist_ema20_atr,context,1
(*)|(loc_dist_ema20_atr_ts_band25_75==1&loc_dist_ema20_atr_ts_top60==1&loc_dist_ema20_atr_ts_top80==0)|(reg_atr_change_rate_ts_top70==1),29fc6b91c456,2,42,20,reg_atr_change_rate_ts_top70,regime,atr_change_rate,volatility,1
(*)|(loc_dist_ema20_atr_ts_top80==1)|(*),2be2eb6362dd,2,42,25,loc_dist_ema20_atr_ts_top80,location,dist_ema20_atr,context,1
(*)|(loc_dist_ema20_atr_ts_bot20==1)|(reg_atr_change_rate_ts_band20_80==0),e6a498f0fe07,2,42,28,reg_atr_change_rate_ts_band20_80,regime,atr_change_rate,volatility,0
(*)|(loc_dist_ema20_atr_ts_bot20==1)|(reg_atr_change_rate_ts_band20_80==0),e6a498f0fe07,2,42,3,loc_dist_ema20_atr_ts_bot20,location,dist_ema20_atr,context,1
(*)|(loc_dist_ema20_atr_ts_top30==0)|(reg_atr_change_rate_ts_band20_80==1&reg_atr_change_rate_ts_band25_75==0),073e4acbf0be,2,42,28,reg_atr_change_rate_ts_band20_80,regime,atr_change_rate,volatility,1
(*)|(loc_dist_ema20_atr_ts_top30==0)|(reg_atr_change_rate_ts_band20_80==1&reg_atr_change_rate_ts_band25_75==0),073e4acbf0be,2,42,30,reg_atr_change_rate_ts_band25_75,regime,atr_change_rate,volatility,0
(*)|(loc_dist_ema20_atr_ts_top30==0)|(reg_atr_change_rate_ts_band20_80==1&reg_atr_change_rate_ts_band25_75==0),073e4acbf0be,2,42,5,loc_dist_ema20_atr_ts_top30,location,dist_ema20_atr,context,0
(*)|(loc_dist_ema20_atr_ts_top30==1)|(reg_atr_change_rate_ts_band20_80==1&reg_atr_change_rate_ts_band25_75==0),22c43652592b,2,42,28,reg_atr_change_rate_ts_band20_80,regime,atr_change_rate,volatility,1
(*)|(loc_dist_ema20_atr_ts_top30==1)|(reg_atr_change_rate_ts_band20_80==1&reg_atr_change_rate_ts_band25_75==0),22c43652592b,2,42,30,reg_atr_change_rate_ts_band25_75,regime,atr_change_rate,volatility,0
(*)|(loc_dist_ema20_atr_ts_top30==1)|(reg_atr_change_rate_ts_band20_80==1&reg_atr_change_rate_ts_band25_75==0),22c43652592b,2,42,5,loc_dist_ema20_atr_ts_top30,location,dist_ema20_atr,context,1
(*)|(loc_dist_ema20_atr_ts_top30==0)|(reg_atr_change_rate_ts_band20_80==1&reg_atr_change_rate_ts_band25_75==1&reg_atr_change_rate_ts_top60==0),2f2454b90660,2,42,28,reg_atr_change_rate_ts_band20_80,regime,atr_change_rate,volatility,1
(*)|(loc_dist_ema20_atr_ts_top30==0)|(reg_atr_change_rate_ts_band20_80==1&reg_atr_change_rate_ts_band25_75==1&reg_atr_change_rate_ts_top60==0),2f2454b90660,2,42,30,reg_atr_change_rate_ts_band25_75,regime,atr_change_rate,volatility,1
(*)|(loc_dist_ema20_atr_ts_top30==0)|(reg_atr_change_rate_ts_band20_80==1&reg_atr_change_rate_ts_band25_75==1&reg_atr_change_rate_ts_top60==0),2f2454b90660,2,42,16,reg_atr_change_rate_ts_top60,regime,atr_change_rate,volatility,0
(*)|(loc_dist_ema20_atr_ts_top30==0)|(reg_atr_change_rate_ts_band20_80==1&reg_atr_change_rate_ts_band25_75==1&reg_atr_change_rate_ts_top60==0),2f2454b90660,2,42,5,loc_dist_ema20_atr_ts_top30,location,dist_ema20_atr,context,0
(*)|(loc_dist_ema20_atr_ts_top30==1)|(reg_atr_change_rate_ts_band20_80==1&reg_atr_change_rate_ts_band25_75==1&reg_atr_change_rate_ts_top40==0&reg_atr_change_rate_ts_top60==0),1450c94d1ef2,2,42,28,reg_atr_change_rate_ts_band20_80,regime,atr_change_rate,volatility,1
(*)|(loc_dist_ema20_atr_ts_top30==1)|(reg_atr_change_rate_ts_band20_80==1&reg_atr_change_rate_ts_band25_75==1&reg_atr_change_rate_ts_top40==0&reg_atr_change_rate_ts_top60==0),1450c94d1ef2,2,42,30,reg_atr_change_rate_ts_band25_75,regime,atr_change_rate,volatility,1
(*)|(loc_dist_ema20_atr_ts_top30==1)|(reg_atr_change_rate_ts_band20_80==1&reg_atr_change_rate_ts_band25_75==1&reg_atr_change_rate_ts_top40==0&reg_atr_change_rate_ts_top60==0),1450c94d1ef2,2,42,16,reg_atr_change_rate_ts_top60,regime,atr_change_rate,volatility,0
(*)|(loc_dist_ema20_atr_ts_top30==1)|(reg_atr_change_rate_ts_band20_80==1&reg_atr_change_rate_ts_band25_75==1&reg_atr_change_rate_ts_top40==0&reg_atr_change_rate_ts_top60==0),1450c94d1ef2,2,42,8,reg_atr_change_rate_ts_top40,regime,atr_change_rate,volatility,0
(*)|(loc_dist_ema20_atr_ts_top30==1)|(reg_atr_change_rate_ts_band20_80==1&reg_atr_change_rate_ts_band25_75==1&reg_atr_change_rate_ts_top40==0&reg_atr_change_rate_ts_top60==0),1450c94d1ef2,2,42,5,loc_dist_ema20_atr_ts_top30,location,dist_ema20_atr,context,1
(*)|(loc_dist_ema20_atr_ts_top30==1&loc_dist_ema20_atr_ts_top50==0)|(reg_atr_change_rate_ts_band20_80==1&reg_atr_change_rate_ts_band25_75==1&reg_atr_change_rate_ts_top40==1&reg_atr_change_rate_ts_top60==0),5d50728d6d32,2,42,28,reg_atr_change_rate_ts_band20_80,regime,atr_change_rate,volatility,1
(*)|(loc_dist_ema20_atr_ts_top30==1&loc_dist_ema20_atr_ts_top50==0)|(reg_atr_change_rate_ts_band20_80==1&reg_atr_change_rate_ts_band25_75==1&reg_atr_change_rate_ts_top40==1&reg_atr_change_rate_ts_top60==0),5d50728d6d32,2,42,30,reg_atr_change_rate_ts_band25_75,regime,atr_change_rate,volatility,1
(*)|(loc_dist_ema20_atr_ts_top30==1&loc_dist_ema20_atr_ts_top50==0)|(reg_atr_change_rate_ts_band20_80==1&reg_atr_change_rate_ts_band25_75==1&reg_atr_change_rate_ts_top40==1&reg_atr_change_rate_ts_top60==0),5d50728d6d32,2,42,16,reg_atr_change_rate_ts_top60,regime,atr_change_rate,volatility,0
(*)|(loc_dist_ema20_atr_ts_top30==1&loc_dist_ema20_atr_ts_top50==0)|(reg_atr_change_rate_ts_band20_80==1&reg_atr_change_rate_ts_band25_75==1&reg_atr_change_rate_ts_top40==1&reg_atr_change_rate_ts_top60==0),5d50728d6d32,2,42,8,reg_atr_change_rate_ts_top40,regime,atr_change_rate,volatility,1
(*)|(loc_dist_ema20_atr_ts_top30==1&loc_dist_ema20_atr_ts_top50==0)|(reg_atr_change_rate_ts_band20_80==1&reg_atr_change_rate_ts_band25_75==1&reg_atr_change_rate_ts_top40==1&reg_atr_change_rate_ts_top60==0),5d50728d6d32,2,42,5,loc_dist_ema20_atr_ts_top30,location,dist_ema20_atr,context,1
(*)|(loc_dist_ema20_atr_ts_top30==1&loc_dist_ema20_atr_ts_top50==0)|(reg_atr_change_rate_ts_band20_80==1&reg_atr_change_rate_ts_band25_75==1&reg_atr_change_rate_ts_top40==1&reg_atr_change_rate_ts_top60==0),5d50728d6d32,2,42,13,loc_dist_ema20_atr_ts_top50,location,dist_ema20_atr,context,0
(*)|(loc_dist_ema20_atr_ts_top30==1&loc_dist_ema20_atr_ts_top50==1)|(reg_atr_change_rate_ts_band20_80==1&reg_atr_change_rate_ts_band25_75==1&reg_atr_change_rate_ts_top40==1&reg_atr_change_rate_ts_top60==0),a27f9f6a0480,2,42,28,reg_atr_change_rate_ts_band20_80,regime,atr_change_rate,volatility,1
(*)|(loc_dist_ema20_atr_ts_top30==1&loc_dist_ema20_atr_ts_top50==1)|(reg_atr_change_rate_ts_band20_80==1&reg_atr_change_rate_ts_band25_75==1&reg_atr_change_rate_ts_top40==1&reg_atr_change_rate_ts_top60==0),a27f9f6a0480,2,42,30,reg_atr_change_rate_ts_band25_75,regime,atr_change_rate,volatility,1
(*)|(loc_dist_ema20_atr_ts_top30==1&loc_dist_ema20_atr_ts_top50==1)|(reg_atr_change_rate_ts_band20_80==1&reg_atr_change_rate_ts_band25_75==1&reg_atr_change_rate_ts_top40==1&reg_atr_change_rate_ts_top60==0),a27f9f6a0480,2,42,16,reg_atr_change_rate_ts_top60,regime,atr_change_rate,volatility,0
(*)|(loc_dist_ema20_atr_ts_top30==1&loc_dist_ema20_atr_ts_top50==1)|(reg_atr_change_rate_ts_band20_80==1&reg_atr_change_rate_ts_band25_75==1&reg_atr_change_rate_ts_top40==1&reg_atr_change_rate_ts_top60==0),a27f9f6a0480,2,42,8,reg_atr_change_rate_ts_top40,regime,atr_change_rate,volatility,1
(*)|(loc_dist_ema20_atr_ts_top30==1&loc_dist_ema20_atr_ts_top50==1)|(reg_atr_change_rate_ts_band20_80==1&reg_atr_change_rate_ts_band25_75==1&reg_atr_change_rate_ts_top40==1&reg_atr_change_rate_ts_top60==0),a27f9f6a0480,2,42,5,loc_dist_ema20_atr_ts_top30,location,dist_ema20_atr,context,1
(*)|(loc_dist_ema20_atr_ts_top30==1&loc_dist_ema20_atr_ts_top50==1)|(reg_atr_change_rate_ts_band20_80==1&reg_atr_change_rate_ts_band25_75==1&reg_atr_change_rate_ts_top40==1&reg_atr_change_rate_ts_top60==0),a27f9f6a0480,2,42,13,loc_dist_ema20_atr_ts_top50,location,dist_ema20_atr,context,1
(*)|(*)|(reg_atr_change_rate_ts_band20_80==1&reg_atr_change_rate_ts_band25_75==1&reg_atr_change_rate_ts_top60==1&reg_atr_change_rate_ts_top70==0),ce734c18397c,2,42,28,reg_atr_change_rate_ts_band20_80,regime,atr_change_rate,volatility,1
(*)|(*)|(reg_atr_change_rate_ts_band20_80==1&reg_atr_change_rate_ts_band25_75==1&reg_atr_change_rate_ts_top60==1&reg_atr_change_rate_ts_top70==0),ce734c18397c,2,42,30,reg_atr_change_rate_ts_band25_75,regime,atr_change_rate,volatility,1
(*)|(*)|(reg_atr_change_rate_ts_band20_80==1&reg_atr_change_rate_ts_band25_75==1&reg_atr_change_rate_ts_top60==1&reg_atr_change_rate_ts_top70==0),ce734c18397c,2,42,16,reg_atr_change_rate_ts_top60,regime,atr_change_rate,volatility,1
(*)|(*)|(reg_atr_change_rate_ts_band20_80==1&reg_atr_change_rate_ts_band25_75==1&reg_atr_change_rate_ts_top60==1&reg_atr_change_rate_ts_top70==0),ce734c18397c,2,42,20,reg_atr_change_rate_ts_top70,regime,atr_change_rate,volatility,0
(*)|(*)|(reg_atr_change_rate_ts_band20_80==1&reg_atr_change_rate_ts_band25_75==1&reg_atr_change_rate_ts_top60==1&reg_atr_change_rate_ts_top70==1),f0b6bd648f4e,2,42,28,reg_atr_change_rate_ts_band20_80,regime,atr_change_rate,volatility,1
(*)|(*)|(reg_atr_change_rate_ts_band20_80==1&reg_atr_change_rate_ts_band25_75==1&reg_atr_change_rate_ts_top60==1&reg_atr_change_rate_ts_top70==1),f0b6bd648f4e,2,42,30,reg_atr_change_rate_ts_band25_75,regime,atr_change_rate,volatility,1
(*)|(*)|(reg_atr_change_rate_ts_band20_80==1&reg_atr_change_rate_ts_band25_75==1&reg_atr_change_rate_ts_top60==1&reg_atr_change_rate_ts_top70==1),f0b6bd648f4e,2,42,16,reg_atr_change_rate_ts_top60,regime,atr_change_rate,volatility,1
(*)|(*)|(reg_atr_change_rate_ts_band20_80==1&reg_atr_change_rate_ts_band25_75==1&reg_atr_change_rate_ts_top60==1&reg_atr_change_rate_ts_top70==1),f0b6bd648f4e,2,42,20,reg_atr_change_rate_ts_top70,regime,atr_change_rate,volatility,1
(*)|(loc_dist_ema50_atr_ts_band25_75==1)|(reg_atr_change_rate_ts_bot70==0&reg_atr_change_rate_ts_top80==0),7a7458450d53,2,42,24,reg_atr_change_rate_ts_top80,regime,atr_change_rate,volatility,0
(*)|(loc_dist_ema50_atr_ts_band25_75==1)|(reg_atr_change_rate_ts_bot70==0&reg_atr_change_rate_ts_top80==0),7a7458450d53,2,42,22,reg_atr_change_rate_ts_bot70,regime,atr_change_rate,volatility,0
(*)|(loc_dist_ema50_atr_ts_band25_75==1)|(reg_atr_change_rate_ts_bot70==0&reg_atr_change_rate_ts_top80==0),7a7458450d53,2,42,67,loc_dist_ema50_atr_ts_band25_75,location,dist_ema50_atr,context,1
(*)|(loc_dist_ema20_atr_ts_top20==0)|(reg_atr_change_rate_ts_band40_60==0&reg_atr_change_rate_ts_bot70==1&reg_atr_change_rate_ts_top80==0),873860b0b2a6,2,42,24,reg_atr_change_rate_ts_top80,regime,atr_change_rate,volatility,0
(*)|(loc_dist_ema20_atr_ts_top20==0)|(reg_atr_change_rate_ts_band40_60==0&reg_atr_change_rate_ts_bot70==1&reg_atr_change_rate_ts_top80==0),873860b0b2a6,2,42,22,reg_atr_change_rate_ts_bot70,regime,atr_change_rate,volatility,1
(*)|(loc_dist_ema20_atr_ts_top20==0)|(reg_atr_change_rate_ts_band40_60==0&reg_atr_change_rate_ts_bot70==1&reg_atr_change_rate_ts_top80==0),873860b0b2a6,2,42,34,reg_atr_change_rate_ts_band40_60,regime,atr_change_rate,volatility,0
(*)|(loc_dist_ema20_atr_ts_top20==0)|(reg_atr_change_rate_ts_band40_60==0&reg_atr_change_rate_ts_bot70==1&reg_atr_change_rate_ts_top80==0),873860b0b2a6,2,42,1,loc_dist_ema20_atr_ts_top20,location,dist_ema20_atr,context,0
(*)|(loc_dist_ema20_atr_ts_top20==1&loc_dist_ema20_atr_ts_top30==0&loc_dist_ema50_atr_ts_band25_75==0)|(reg_atr_change_rate_ts_band40_60==0&reg_atr_change_rate_ts_bot70==1&reg_atr_change_rate_ts_top80==0),674dc3390acd,2,42,24,reg_atr_change_rate_ts_top80,regime,atr_change_rate,volatility,0
(*)|(loc_dist_ema20_atr_ts_top20==1&loc_dist_ema20_atr_ts_top30==0&loc_dist_ema50_atr_ts_band25_75==0)|(reg_atr_change_rate_ts_band40_60==0&reg_atr_change_rate_ts_bot70==1&reg_atr_change_rate_ts_top80==0),674dc3390acd,2,42,22,reg_atr_change_rate_ts_bot70,regime,atr_change_rate,volatility,1
(*)|(loc_dist_ema20_atr_ts_top20==1&loc_dist_ema20_atr_ts_top30==0&loc_dist_ema50_atr_ts_band25_75==0)|(reg_atr_change_rate_ts_band40_60==0&reg_atr_change_rate_ts_bot70==1&reg_atr_change_rate_ts_top80==0),674dc3390acd,2,42,34,reg_atr_change_rate_ts_band40_60,regime,atr_change_rate,volatility,0
(*)|(loc_dist_ema20_atr_ts_top20==1&loc_dist_ema20_atr_ts_top30==0&loc_dist_ema50_atr_ts_band25_75==0)|(reg_atr_change_rate_ts_band40_60==0&reg_atr_change_rate_ts_bot70==1&reg_atr_change_rate_ts_top80==0),674dc3390acd,2,42,1,loc_dist_ema20_atr_ts_top20,location,dist_ema20_atr,context,1
(*)|(loc_dist_ema20_atr_ts_top20==1&loc_dist_ema20_atr_ts_top30==0&loc_dist_ema50_atr_ts_band25_75==0)|(reg_atr_change_rate_ts_band40_60==0&reg_atr_change_rate_ts_bot70==1&reg_atr_change_rate_ts_top80==0),674dc3390acd,2,42,5,loc_dist_ema20_atr_ts_top30,location,dist_ema20_atr,context,0
(*)|(loc_dist_ema20_atr_ts_top20==1&loc_dist_ema20_atr_ts_top30==0&loc_dist_ema50_atr_ts_band25_75==0)|(reg_atr_change_rate_ts_band40_60==0&reg_atr_change_rate_ts_bot70==1&reg_atr_change_rate_ts_top80==0),674dc3390acd,2,42,67,loc_dist_ema50_atr_ts_band25_75,location,dist_ema50_atr,context,0
(*)|(loc_dist_ema20_atr_ts_top20==1&loc_dist_ema20_atr_ts_top30==0&loc_dist_ema50_atr_ts_band25_75==1)|(reg_atr_change_rate_ts_band40_60==0&reg_atr_change_rate_ts_bot70==1&reg_atr_change_rate_ts_top80==0),4de9042a5d26,2,42,24,reg_atr_change_rate_ts_top80,regime,atr_change_rate,volatility,0
(*)|(loc_dist_ema20_atr_ts_top20==1&loc_dist_ema20_atr_ts_top30==0&loc_dist_ema50_atr_ts_band25_75==1)|(reg_atr_change_rate_ts_band40_60==0&reg_atr_change_rate_ts_bot70==1&reg_atr_change_rate_ts_top80==0),4de9042a5d26,2,42,22,reg_atr_change_rate_ts_bot70,regime,atr_change_rate,volatility,1
(*)|(loc_dist_ema20_atr_ts_top20==1&loc_dist_ema20_atr_ts_top30==0&loc_dist_ema50_atr_ts_band25_75==1)|(reg_atr_change_rate_ts_band40_60==0&reg_atr_change_rate_ts_bot70==1&reg_atr_change_rate_ts_top80==0),4de9042a5d26,2,42,34,reg_atr_change_rate_ts_band40_60,regime,atr_change_rate,volatility,0
(*)|(loc_dist_ema20_atr_ts_top20==1&loc_dist_ema20_atr_ts_top30==0&loc_dist_ema50_atr_ts_band25_75==1)|(reg_atr_change_rate_ts_band40_60==0&reg_atr_change_rate_ts_bot70==1&reg_atr_change_rate_ts_top80==0),4de9042a5d26,2,42,1,loc_dist_ema20_atr_ts_top20,location,dist_ema20_atr,context,1
(*)|(loc_dist_ema20_atr_ts_top20==1&loc_dist_ema20_atr_ts_top30==0&loc_dist_ema50_atr_ts_band25_75==1)|(reg_atr_change_rate_ts_band40_60==0&reg_atr_change_rate_ts_bot70==1&reg_atr_change_rate_ts_top80==0),4de9042a5d26,2,42,5,loc_dist_ema20_atr_ts_top30,location,dist_ema20_atr,context,0
(*)|(loc_dist_ema20_atr_ts_top20==1&loc_dist_ema20_atr_ts_top30==0&loc_dist_ema50_atr_ts_band25_75==1)|(reg_atr_change_rate_ts_band40_60==0&reg_atr_change_rate_ts_bot70==1&reg_atr_change_rate_ts_top80==0),4de9042a5d26,2,42,67,loc_dist_ema50_atr_ts_band25_75,location,dist_ema50_atr,context,1
(*)|(loc_dist_ema20_atr_ts_top20==1&loc_dist_ema20_atr_ts_top30==1)|(reg_atr_change_rate_ts_band40_60==0&reg_atr_change_rate_ts_bot40==0&reg_atr_change_rate_ts_bot70==1&reg_atr_change_rate_ts_top80==0),ae77e079bd3a,2,42,24,reg_atr_change_rate_ts_top80,regime,atr_change_rate,volatility,0
(*)|(loc_dist_ema20_atr_ts_top20==1&loc_dist_ema20_atr_ts_top30==1)|(reg_atr_change_rate_ts_band40_60==0&reg_atr_change_rate_ts_bot40==0&reg_atr_change_rate_ts_bot70==1&reg_atr_change_rate_ts_top80==0),ae77e079bd3a,2,42,22,reg_atr_change_rate_ts_bot70,regime,atr_change_rate,volatility,1
(*)|(loc_dist_ema20_atr_ts_top20==1&loc_dist_ema20_atr_ts_top30==1)|(reg_atr_change_rate_ts_band40_60==0&reg_atr_change_rate_ts_bot40==0&reg_atr_change_rate_ts_bot70==1&reg_atr_change_rate_ts_top80==0),ae77e079bd3a,2,42,34,reg_atr_change_rate_ts_band40_60,regime,atr_change_rate,volatility,0
(*)|(loc_dist_ema20_atr_ts_top20==1&loc_dist_ema20_atr_ts_top30==1)|(reg_atr_change_rate_ts_band40_60==0&reg_atr_change_rate_ts_bot40==0&reg_atr_change_rate_ts_bot70==1&reg_atr_change_rate_ts_top80==0),ae77e079bd3a,2,42,10,reg_atr_change_rate_ts_bot40,regime,atr_change_rate,volatility,0
(*)|(loc_dist_ema20_atr_ts_top20==1&loc_dist_ema20_atr_ts_top30==1)|(reg_atr_change_rate_ts_band40_60==0&reg_atr_change_rate_ts_bot40==0&reg_atr_change_rate_ts_bot70==1&reg_atr_change_rate_ts_top80==0),ae77e079bd3a,2,42,1,loc_dist_ema20_atr_ts_top20,location,dist_ema20_atr,context,1
(*)|(loc_dist_ema20_atr_ts_top20==1&loc_dist_ema20_atr_ts_top30==1)|(reg_atr_change_rate_ts_band40_60==0&reg_atr_change_rate_ts_bot40==0&reg_atr_change_rate_ts_bot70==1&reg_atr_change_rate_ts_top80==0),ae77e079bd3a,2,42,5,loc_dist_ema20_atr_ts_top30,location,dist_ema20_atr,context,1
(*)|(loc_dist_ema20_atr_ts_top20==1&loc_dist_ema20_atr_ts_top30==1)|(reg_atr_change_rate_ts_band40_60==0&reg_atr_change_rate_ts_bot40==1&reg_atr_change_rate_ts_bot70==1&reg_atr_change_rate_ts_top80==0),6807f20af162,2,42,24,reg_atr_change_rate_ts_top80,regime,atr_change_rate,volatility,0
(*)|(loc_dist_ema20_atr_ts_top20==1&loc_dist_ema20_atr_ts_top30==1)|(reg_atr_change_rate_ts_band40_60==0&reg_atr_change_rate_ts_bot40==1&reg_atr_change_rate_ts_bot70==1&reg_atr_change_rate_ts_top80==0),6807f20af162,2,42,22,reg_atr_change_rate_ts_bot70,regime,atr_change_rate,volatility,1
(*)|(loc_dist_ema20_atr_ts_top20==1&loc_dist_ema20_atr_ts_top30==1)|(reg_atr_change_rate_ts_band40_60==0&reg_atr_change_rate_ts_bot40==1&reg_atr_change_rate_ts_bot70==1&reg_atr_change_rate_ts_top80==0),6807f20af162,2,42,34,reg_atr_change_rate_ts_band40_60,regime,atr_change_rate,volatility,0
(*)|(loc_dist_ema20_atr_ts_top20==1&loc_dist_ema20_atr_ts_top30==1)|(reg_atr_change_rate_ts_band40_60==0&reg_atr_change_rate_ts_bot40==1&reg_atr_change_rate_ts_bot70==1&reg_atr_change_rate_ts_top80==0),6807f20af162,2,42,10,reg_atr_change_rate_ts_bot40,regime,atr_change_rate,volatility,1
(*)|(loc_dist_ema20_atr_ts_top20==1&loc_dist_ema20_atr_ts_top30==1)|(reg_atr_change_rate_ts_band40_60==0&reg_atr_change_rate_ts_bot40==1&reg_atr_change_rate_ts_bot70==1&reg_atr_change_rate_ts_top80==0),6807f20af162,2,42,1,loc_dist_ema20_atr_ts_top20,location,dist_ema20_atr,context,1
(*)|(loc_dist_ema20_atr_ts_top20==1&loc_dist_ema20_atr_ts_top30==1)|(reg_atr_change_rate_ts_band40_60==0&reg_atr_change_rate_ts_bot40==1&reg_atr_change_rate_ts_bot70==1&reg_atr_change_rate_ts_top80==0),6807f20af162,2,42,5,loc_dist_ema20_atr_ts_top30,location,dist_ema20_atr,context,1
(*)|(*)|(reg_atr_change_rate_ts_band40_60==1&reg_atr_change_rate_ts_bot70==1&reg_atr_change_rate_ts_top50==0&reg_atr_change_rate_ts_top80==0),1b4b32250c48,2,42,24,reg_atr_change_rate_ts_top80,regime,atr_change_rate,volatility,0
(*)|(*)|(reg_atr_change_rate_ts_band40_60==1&reg_atr_change_rate_ts_bot70==1&reg_atr_change_rate_ts_top50==0&reg_atr_change_rate_ts_top80==0),1b4b32250c48,2,42,22,reg_atr_change_rate_ts_bot70,regime,atr_change_rate,volatility,1
(*)|(*)|(reg_atr_change_rate_ts_band40_60==1&reg_atr_change_rate_ts_bot70==1&reg_atr_change_rate_ts_top50==0&reg_atr_change_rate_ts_top80==0),1b4b32250c48,2,42,34,reg_atr_change_rate_ts_band40_60,regime,atr_change_rate,volatility,1
(*)|(*)|(reg_atr_change_rate_ts_band40_60==1&reg_atr_change_rate_ts_bot70==1&reg_atr_change_rate_ts_top50==0&reg_atr_change_rate_ts_top80==0),1b4b32250c48,2,42,12,reg_atr_change_rate_ts_top50,regime,atr_change_rate,volatility,0
(*)|(*)|(reg_atr_change_rate_ts_band40_60==1&reg_atr_change_rate_ts_bot70==1&reg_atr_change_rate_ts_top50==1&reg_atr_change_rate_ts_top80==0),9e941e7c5e6d,2,42,24,reg_atr_change_rate_ts_top80,regime,atr_change_rate,volatility,0
(*)|(*)|(reg_atr_change_rate_ts_band40_60==1&reg_atr_change_rate_ts_bot70==1&reg_atr_change_rate_ts_top50==1&reg_atr_change_rate_ts_top80==0),9e941e7c5e6d,2,42,22,reg_atr_change_rate_ts_bot70,regime,atr_change_rate,volatility,1
(*)|(*)|(reg_atr_change_rate_ts_band40_60==1&reg_atr_change_rate_ts_bot70==1&reg_atr_change_rate_ts_top50==1&reg_atr_change_rate_ts_top80==0),9e941e7c5e6d,2,42,34,reg_atr_change_rate_ts_band40_60,regime,atr_change_rate,volatility,1
(*)|(*)|(reg_atr_change_rate_ts_band40_60==1&reg_atr_change_rate_ts_bot70==1&reg_atr_change_rate_ts_top50==1&reg_atr_change_rate_ts_top80==0),9e941e7c5e6d,2,42,12,reg_atr_change_rate_ts_top50,regime,atr_change_rate,volatility,1
(*)|(*)|(reg_atr_change_rate_ts_top80==1),a7d132adc0e7,2,42,24,reg_atr_change_rate_ts_top80,regime,atr_change_rate,volatility,1
(*)|(*)|(reg_atr_change_rate_ts_band20_80==0&reg_atr_change_rate_ts_top20==1),f62adad6a581,2,42,28,reg_atr_change_rate_ts_band20_80,regime,atr_change_rate,volatility,0
(*)|(*)|(reg_atr_change_rate_ts_band20_80==0&reg_atr_change_rate_ts_top20==1),f62adad6a581,2,42,0,reg_atr_change_rate_ts_top20,regime,atr_change_rate,volatility,1
(*)|(loc_dist_ema20_atr_ts_band30_70==0)|(reg_atr_change_rate_ts_band20_80==1&reg_atr_change_rate_ts_band25_75==0&reg_atr_change_rate_ts_top30==0),9cdb0fbf8542,2,42,28,reg_atr_change_rate_ts_band20_80,regime,atr_change_rate,volatility,1
(*)|(loc_dist_ema20_atr_ts_band30_70==0)|(reg_atr_change_rate_ts_band20_80==1&reg_atr_change_rate_ts_band25_75==0&reg_atr_change_rate_ts_top30==0),9cdb0fbf8542,2,42,30,reg_atr_change_rate_ts_band25_75,regime,atr_change_rate,volatility,0
(*)|(loc_dist_ema20_atr_ts_band30_70==0)|(reg_atr_change_rate_ts_band20_80==1&reg_atr_change_rate_ts_band25_75==0&reg_atr_change_rate_ts_top30==0),9cdb0fbf8542,2,42,4,reg_atr_change_rate_ts_top30,regime,atr_change_rate,volatility,0
(*)|(loc_dist_ema20_atr_ts_band30_70==0)|(reg_atr_change_rate_ts_band20_80==1&reg_atr_change_rate_ts_band25_75==0&reg_atr_change_rate_ts_top30==0),9cdb0fbf8542,2,42,33,loc_dist_ema20_atr_ts_band30_70,location,dist_ema20_atr,context,0
(*)|(loc_dist_ema20_atr_ts_band30_70==0)|(reg_atr_change_rate_ts_band20_80==1&reg_atr_change_rate_ts_band25_75==0&reg_atr_change_rate_ts_top30==1),cd70942c3c1f,2,42,28,reg_atr_change_rate_ts_band20_80,regime,atr_change_rate,volatility,1
(*)|(loc_dist_ema20_atr_ts_band30_70==0)|(reg_atr_change_rate_ts_band20_80==1&reg_atr_change_rate_ts_band25_75==0&reg_atr_change_rate_ts_top30==1),cd70942c3c1f,2,42,30,reg_atr_change_rate_ts_band25_75,regime,atr_change_rate,volatility,0
(*)|(loc_dist_ema20_atr_ts_band30_70==0)|(reg_atr_change_rate_ts_band20_80==1&reg_atr_change_rate_ts_band25_75==0&reg_atr_change_rate_ts_top30==1),cd70942c3c1f,2,42,4,reg_atr_change_rate_ts_top30,regime,atr_change_rate,volatility,1
(*)|(loc_dist_ema20_atr_ts_band30_70==0)|(reg_atr_change_rate_ts_band20_80==1&reg_atr_change_rate_ts_band25_75==0&reg_atr_change_rate_ts_top30==1),cd70942c3c1f,2,42,33,loc_dist_ema20_atr_ts_band30_70,location,dist_ema20_atr,context,0
(*)|(loc_dist_ema20_atr_ts_band30_70==0)|(reg_atr_change_rate_ts_band20_80==1&reg_atr_change_rate_ts_band25_75==1&reg_atr_change_rate_ts_top30==0),bf9743f08b49,2,42,28,reg_atr_change_rate_ts_band20_80,regime,atr_change_rate,volatility,1
(*)|(loc_dist_ema20_atr_ts_band30_70==0)|(reg_atr_change_rate_ts_band20_80==1&reg_atr_change_rate_ts_band25_75==1&reg_atr_change_rate_ts_top30==0),bf9743f08b49,2,42,30,reg_atr_change_rate_ts_band25_75,regime,atr_change_rate,volatility,1
(*)|(loc_dist_ema20_atr_ts_band30_70==0)|(reg_atr_change_rate_ts_band20_80==1&reg_atr_change_rate_ts_band25_75==1&reg_atr_change_rate_ts_top30==0),bf9743f08b49,2,42,4,reg_atr_change_rate_ts_top30,regime,atr_change_rate,volatility,0
(*)|(loc_dist_ema20_atr_ts_band30_70==0)|(reg_atr_change_rate_ts_band20_80==1&reg_atr_change_rate_ts_band25_75==1&reg_atr_change_rate_ts_top30==0),bf9743f08b49,2,42,33,loc_dist_ema20_atr_ts_band30_70,location,dist_ema20_atr,context,0
(*)|(loc_dist_ema20_atr_ts_band30_70==0)|(reg_atr_change_rate_ts_band20_80==1&reg_atr_change_rate_ts_band25_75==1&reg_atr_change_rate_ts_top30==1),951e5504bb05,2,42,28,reg_atr_change_rate_ts_band20_80,regime,atr_change_rate,volatility,1
(*)|(loc_dist_ema20_atr_ts_band30_70==0)|(reg_atr_change_rate_ts_band20_80==1&reg_atr_change_rate_ts_band25_75==1&reg_atr_change_rate_ts_top30==1),951e5504bb05,2,42,30,reg_atr_change_rate_ts_band25_75,regime,atr_change_rate,volatility,1
(*)|(loc_dist_ema20_atr_ts_band30_70==0)|(reg_atr_change_rate_ts_band20_80==1&reg_atr_change_rate_ts_band25_75==1&reg_atr_change_rate_ts_top30==1),951e5504bb05,2,42,4,reg_atr_change_rate_ts_top30,regime,atr_change_rate,volatility,1
(*)|(loc_dist_ema20_atr_ts_band30_70==0)|(reg_atr_change_rate_ts_band20_80==1&reg_atr_change_rate_ts_band25_75==1&reg_atr_change_rate_ts_top30==1),951e5504bb05,2,42,33,loc_dist_ema20_atr_ts_band30_70,location,dist_ema20_atr,context,0
(*)|(loc_dist_ema20_atr_ts_band30_70==1&loc_dist_ema20_atr_ts_bot40==0&loc_dist_ema20_atr_ts_top50==0)|(reg_atr_change_rate_ts_band20_80==1),a982f18f2a0c,2,42,28,reg_atr_change_rate_ts_band20_80,regime,atr_change_rate,volatility,1
(*)|(loc_dist_ema20_atr_ts_band30_70==1&loc_dist_ema20_atr_ts_bot40==0&loc_dist_ema20_atr_ts_top50==0)|(reg_atr_change_rate_ts_band20_80==1),a982f18f2a0c,2,42,33,loc_dist_ema20_atr_ts_band30_70,location,dist_ema20_atr,context,1
(*)|(loc_dist_ema20_atr_ts_band30_70==1&loc_dist_ema20_atr_ts_bot40==0&loc_dist_ema20_atr_ts_top50==0)|(reg_atr_change_rate_ts_band20_80==1),a982f18f2a0c,2,42,13,loc_dist_ema20_atr_ts_top50,location,dist_ema20_atr,context,0
(*)|(loc_dist_ema20_atr_ts_band30_70==1&loc_dist_ema20_atr_ts_bot40==0&loc_dist_ema20_atr_ts_top50==0)|(reg_atr_change_rate_ts_band20_80==1),a982f18f2a0c,2,42,11,loc_dist_ema20_atr_ts_bot40,location,dist_ema20_atr,context,0
(*)|(loc_dist_ema20_atr_ts_band30_70==1&loc_dist_ema20_atr_ts_bot40==1&loc_dist_ema20_atr_ts_top50==0)|(reg_atr_change_rate_ts_band20_80==1),331285c7575a,2,42,28,reg_atr_change_rate_ts_band20_80,regime,atr_change_rate,volatility,1
(*)|(loc_dist_ema20_atr_ts_band30_70==1&loc_dist_ema20_atr_ts_bot40==1&loc_dist_ema20_atr_ts_top50==0)|(reg_atr_change_rate_ts_band20_80==1),331285c7575a,2,42,33,loc_dist_ema20_atr_ts_band30_70,location,dist_ema20_atr,context,1
(*)|(loc_dist_ema20_atr_ts_band30_70==1&loc_dist_ema20_atr_ts_bot40==1&loc_dist_ema20_atr_ts_top50==0)|(reg_atr_change_rate_ts_band20_80==1),331285c7575a,2,42,13,loc_dist_ema20_atr_ts_top50,location,dist_ema20_atr,context,0
(*)|(loc_dist_ema20_atr_ts_band30_70==1&loc_dist_ema20_atr_ts_bot40==1&loc_dist_ema20_atr_ts_top50==0)|(reg_atr_change_rate_ts_band20_80==1),331285c7575a,2,42,11,loc_dist_ema20_atr_ts_bot40,location,dist_ema20_atr,context,1
(*)|(loc_dist_ema20_atr_ts_band30_70==1&loc_dist_ema20_atr_ts_top50==1&loc_dist_ema20_atr_ts_top60==0)|(reg_atr_change_rate_ts_band20_80==1),cbde62301de1,2,42,28,reg_atr_change_rate_ts_band20_80,regime,atr_change_rate,volatility,1
(*)|(loc_dist_ema20_atr_ts_band30_70==1&loc_dist_ema20_atr_ts_top50==1&loc_dist_ema20_atr_ts_top60==0)|(reg_atr_change_rate_ts_band20_80==1),cbde62301de1,2,42,33,loc_dist_ema20_atr_ts_band30_70,location,dist_ema20_atr,context,1
(*)|(loc_dist_ema20_atr_ts_band30_70==1&loc_dist_ema20_atr_ts_top50==1&loc_dist_ema20_atr_ts_top60==0)|(reg_atr_change_rate_ts_band20_80==1),cbde62301de1,2,42,13,loc_dist_ema20_atr_ts_top50,location,dist_ema20_atr,context,1
(*)|(loc_dist_ema20_atr_ts_band30_70==1&loc_dist_ema20_atr_ts_top50==1&loc_dist_ema20_atr_ts_top60==0)|(reg_atr_change_rate_ts_band20_80==1),cbde62301de1,2,42,17,loc_dist_ema20_atr_ts_top60,location,dist_ema20_atr,context,0
(*)|(loc_dist_ema20_atr_ts_band30_70==1&loc_dist_ema20_atr_ts_top50==1&loc_dist_ema20_atr_ts_top60==1)|(reg_atr_change_rate_ts_band20_80==1),ce1497bab67d,2,42,28,reg_atr_change_rate_ts_band20_80,regime,atr_change_rate,volatility,1
(*)|(loc_dist_ema20_atr_ts_band30_70==1&loc_dist_ema20_atr_ts_top50==1&loc_dist_ema20_atr_ts_top60==1)|(reg_atr_change_rate_ts_band20_80==1),ce1497bab67d,2,42,33,loc_dist_ema20_atr_ts_band30_70,location,dist_ema20_atr,context,1
(*)|(loc_dist_ema20_atr_ts_band30_70==1&loc_dist_ema20_atr_ts_top50==1&loc_dist_ema20_atr_ts_top60==1)|(reg_atr_change_rate_ts_band20_80==1),ce1497bab67d,2,42,13,loc_dist_ema20_atr_ts_top50,location,dist_ema20_atr,context,1
(*)|(loc_dist_ema20_atr_ts_band30_70==1&loc_dist_ema20_atr_ts_top50==1&loc_dist_ema20_atr_ts_top60==1)|(reg_atr_change_rate_ts_band20_80==1),ce1497bab67d,2,42,17,loc_dist_ema20_atr_ts_top60,location,dist_ema20_atr,context,1
(*)|(loc_dist_ema20_atr_ts_band25_75==0&loc_dist_ema20_atr_ts_top70==0)|(reg_atr_change_rate_ts_band40_60==0&reg_atr_change_rate_ts_top20==1&reg_atr_change_rate_ts_top80==0),ec91b40dc049,2,42,24,reg_atr_change_rate_ts_top80,regime,atr_change_rate,volatility,0
(*)|(loc_dist_ema20_atr_ts_band25_75==0&loc_dist_ema20_atr_ts_top70==0)|(reg_atr_change_rate_ts_band40_60==0&reg_atr_change_rate_ts_top20==1&reg_atr_change_rate_ts_top80==0),ec91b40dc049,2,42,34,reg_atr_change_rate_ts_band40_60,regime,atr_change_rate,volatility,0
(*)|(loc_dist_ema20_atr_ts_band25_75==0&loc_dist_ema20_atr_ts_top70==0)|(reg_atr_change_rate_ts_band40_60==0&reg_atr_change_rate_ts_top20==1&reg_atr_change_rate_ts_top80==0),ec91b40dc049,2,42,0,reg_atr_change_rate_ts_top20,regime,atr_change_rate,volatility,1
(*)|(loc_dist_ema20_atr_ts_band25_75==0&loc_dist_ema20_atr_ts_top70==0)|(reg_atr_change_rate_ts_band40_60==0&reg_atr_change_rate_ts_top20==1&reg_atr_change_rate_ts_top80==0),ec91b40dc049,2,42,21,loc_dist_ema20_atr_ts_top70,location,dist_ema20_atr,context,0
(*)|(loc_dist_ema20_atr_ts_band25_75==0&loc_dist_ema20_atr_ts_top70==0)|(reg_atr_change_rate_ts_band40_60==0&reg_atr_change_rate_ts_top20==1&reg_atr_change_rate_ts_top80==0),ec91b40dc049,2,42,31,loc_dist_ema20_atr_ts_band25_75,location,dist_ema20_atr,context,0
(*)|(loc_dist_ema20_atr_ts_band25_75==1&loc_dist_ema20_atr_ts_top70==0)|(reg_atr_change_rate_ts_band40_60==0&reg_atr_change_rate_ts_top20==1&reg_atr_change_rate_ts_top40==0&reg_atr_change_rate_ts_top80==0),0f0270846e34,2,42,24,reg_atr_change_rate_ts_top80,regime,atr_change_rate,volatility,0
(*)|(loc_dist_ema20_atr_ts_band25_75==1&loc_dist_ema20_atr_ts_top70==0)|(reg_atr_change_rate_ts_band40_60==0&reg_atr_change_rate_ts_top20==1&reg_atr_change_rate_ts_top40==0&reg_atr_change_rate_ts_top80==0),0f0270846e34,2,42,34,reg_atr_change_rate_ts_band40_60,regime,atr_change_rate,volatility,0
(*)|(loc_dist_ema20_atr_ts_band25_75==1&loc_dist_ema20_atr_ts_top70==0)|(reg_atr_change_rate_ts_band40_60==0&reg_atr_change_rate_ts_top20==1&reg_atr_change_rate_ts_top40==0&reg_atr_change_rate_ts_top80==0),0f0270846e34,2,42,0,reg_atr_change_rate_ts_top20,regime,atr_change_rate,volatility,1
(*)|(loc_dist_ema20_atr_ts_band25_75==1&loc_dist_ema20_atr_ts_top70==0)|(reg_atr_change_rate_ts_band40_60==0&reg_atr_change_rate_ts_top20==1&reg_atr_change_rate_ts_top40==0&reg_atr_change_rate_ts_top80==0),0f0270846e34,2,42,8,reg_atr_change_rate_ts_top40,regime,atr_change_rate,volatility,0
(*)|(loc_dist_ema20_atr_ts_band25_75==1&loc_dist_ema20_atr_ts_top70==0)|(reg_atr_change_rate_ts_band40_60==0&reg_atr_change_rate_ts_top20==1&reg_atr_change_rate_ts_top40==0&reg_atr_change_rate_ts_top80==0),0f0270846e34,2,42,21,loc_dist_ema20_atr_ts_top70,location,dist_ema20_atr,context,0
(*)|(loc_dist_ema20_atr_ts_band25_75==1&loc_dist_ema20_atr_ts_top70==0)|(reg_atr_change_rate_ts_band40_60==0&reg_atr_change_rate_ts_top20==1&reg_atr_change_rate_ts_top40==0&reg_atr_change_rate_ts_top80==0),0f0270846e34,2,42,31,loc_dist_ema20_atr_ts_band25_75,location,dist_ema20_atr,context,1
(*)|(loc_dist_ema20_atr_ts_band25_75==1&loc_dist_ema20_atr_ts_top70==0)|(reg_atr_change_rate_ts_band40_60==0&reg_atr_change_rate_ts_top20==1&reg_atr_change_rate_ts_top40==1&reg_atr_change_rate_ts_top80==0),c0908218929b,2,42,24,reg_atr_change_rate_ts_top80,regime,atr_change_rate,volatility,0
(*)|(loc_dist_ema20_atr_ts_band25_75==1&loc_dist_ema20_atr_ts_top70==0)|(reg_atr_change_rate_ts_band40_60==0&reg_atr_change_rate_ts_top20==1&reg_atr_change_rate_ts_top40==1&reg_atr_change_rate_ts_top80==0),c0908218929b,2,42,34,reg_atr_change_rate_ts_band40_60,regime,atr_change_rate,volatility,0
(*)|(loc_dist_ema20_atr_ts_band25_75==1&loc_dist_ema20_atr_ts_top70==0)|(reg_atr_change_rate_ts_band40_60==0&reg_atr_change_rate_ts_top20==1&reg_atr_change_rate_ts_top40==1&reg_atr_change_rate_ts_top80==0),c0908218929b,2,42,0,reg_atr_change_rate_ts_top20,regime,atr_change_rate,volatility,1
(*)|(loc_dist_ema20_atr_ts_band25_75==1&loc_dist_ema20_atr_ts_top70==0)|(reg_atr_change_rate_ts_band40_60==0&reg_atr_change_rate_ts_top20==1&reg_atr_change_rate_ts_top40==1&reg_atr_change_rate_ts_top80==0),c0908218929b,2,42,8,reg_atr_change_rate_ts_top40,regime,atr_change_rate,volatility,1
(*)|(loc_dist_ema20_atr_ts_band25_75==1&loc_dist_ema20_atr_ts_top70==0)|(reg_atr_change_rate_ts_band40_60==0&reg_atr_change_rate_ts_top20==1&reg_atr_change_rate_ts_top40==1&reg_atr_change_rate_ts_top80==0),c0908218929b,2,42,21,loc_dist_ema20_atr_ts_top70,location,dist_ema20_atr,context,0
(*)|(loc_dist_ema20_atr_ts_band25_75==1&loc_dist_ema20_atr_ts_top70==0)|(reg_atr_change_rate_ts_band40_60==0&reg_atr_change_rate_ts_top20==1&reg_atr_change_rate_ts_top40==1&reg_atr_change_rate_ts_top80==0),c0908218929b,2,42,31,loc_dist_ema20_atr_ts_band25_75,location,dist_ema20_atr,context,1
(*)|(loc_dist_ema20_atr_ts_bot50==0&loc_dist_ema20_atr_ts_top70==0)|(reg_atr_change_rate_ts_band40_60==1&reg_atr_change_rate_ts_top80==0),df49b0ec9ffb,2,42,24,reg_atr_change_rate_ts_top80,regime,atr_change_rate,volatility,0
(*)|(loc_dist_ema20_atr_ts_bot50==0&loc_dist_ema20_atr_ts_top70==0)|(reg_atr_change_rate_ts_band40_60==1&reg_atr_change_rate_ts_top80==0),df49b0ec9ffb,2,42,34,reg_atr_change_rate_ts_band40_60,regime,atr_change_rate,volatility,1
(*)|(loc_dist_ema20_atr_ts_bot50==0&loc_dist_ema20_atr_ts_top70==0)|(reg_atr_change_rate_ts_band40_60==1&reg_atr_change_rate_ts_top80==0),df49b0ec9ffb,2,42,21,loc_dist_ema20_atr_ts_top70,location,dist_ema20_atr,context,0
(*)|(loc_dist_ema20_atr_ts_bot50==0&loc_dist_ema20_atr_ts_top70==0)|(reg_atr_change_rate_ts_band40_60==1&reg_atr_change_rate_ts_top80==0),df49b0ec9ffb,2,42,15,loc_dist_ema20_atr_ts_bot50,location,dist_ema20_atr,context,0
(*)|(loc_dist_ema20_atr_ts_bot50==1&loc_dist_ema20_atr_ts_top70==0)|(reg_atr_change_rate_ts_band40_60==1&reg_atr_change_rate_ts_top80==0),46b7cfb7b23f,2,42,24,reg_atr_change_rate_ts_top80,regime,atr_change_rate,volatility,0
(*)|(loc_dist_ema20_atr_ts_bot50==1&loc_dist_ema20_atr_ts_top70==0)|(reg_atr_change_rate_ts_band40_60==1&reg_atr_change_rate_ts_top80==0),46b7cfb7b23f,2,42,34,reg_atr_change_rate_ts_band40_60,regime,atr_change_rate,volatility,1
(*)|(loc_dist_ema20_atr_ts_bot50==1&loc_dist_ema20_atr_ts_top70==0)|(reg_atr_change_rate_ts_band40_60==1&reg_atr_change_rate_ts_top80==0),46b7cfb7b23f,2,42,21,loc_dist_ema20_atr_ts_top70,location,dist_ema20_atr,context,0
(*)|(loc_dist_ema20_atr_ts_bot50==1&loc_dist_ema20_atr_ts_top70==0)|(reg_atr_change_rate_ts_band40_60==1&reg_atr_change_rate_ts_top80==0),46b7cfb7b23f,2,42,15,loc_dist_ema20_atr_ts_bot50,location,dist_ema20_atr,context,1
(*)|(loc_dist_ema20_atr_ts_band25_75==0&loc_dist_ema20_atr_ts_top70==1)|(reg_atr_change_rate_ts_top80==0),e477702d21bc,2,42,24,reg_atr_change_rate_ts_top80,regime,atr_change_rate,volatility,0
(*)|(loc_dist_ema20_atr_ts_band25_75==0&loc_dist_ema20_atr_ts_top70==1)|(reg_atr_change_rate_ts_top80==0),e477702d21bc,2,42,21,loc_dist_ema20_atr_ts_top70,location,dist_ema20_atr,context,1
(*)|(loc_dist_ema20_atr_ts_band25_75==0&loc_dist_ema20_atr_ts_top70==1)|(reg_atr_change_rate_ts_top80==0),e477702d21bc,2,42,31,loc_dist_ema20_atr_ts_band25_75,location,dist_ema20_atr,context,0
(*)|(loc_dist_ema20_atr_ts_band25_75==1&loc_dist_ema20_atr_ts_top70==1)|(reg_atr_change_rate_ts_top80==0),00b940b4be52,2,42,24,reg_atr_change_rate_ts_top80,regime,atr_change_rate,volatility,0
(*)|(loc_dist_ema20_atr_ts_band25_75==1&loc_dist_ema20_atr_ts_top70==1)|(reg_atr_change_rate_ts_top80==0),00b940b4be52,2,42,21,loc_dist_ema20_atr_ts_top70,location,dist_ema20_atr,context,1
(*)|(loc_dist_ema20_atr_ts_band25_75==1&loc_dist_ema20_atr_ts_top70==1)|(reg_atr_change_rate_ts_top80==0),00b940b4be52,2,42,31,loc_dist_ema20_atr_ts_band25_75,location,dist_ema20_atr,context,1
(*)|(*)|(reg_atr_change_rate_ts_top80==1),5483932c6f91,2,42,24,reg_atr_change_rate_ts_top80,regime,atr_change_rate,volatility,1
(*)|(loc_dist_ema20_atr_ts_top40==0)|(reg_atr_change_rate_ts_band25_75==0&reg_atr_change_rate_ts_top20==1&reg_atr_change_rate_ts_top70==0&reg_atr_change_rate_ts_top80==0),a3623616e112,2,42,24,reg_atr_change_rate_ts_top80,regime,atr_change_rate,volatility,0
(*)|(loc_dist_ema20_atr_ts_top40==0)|(reg_atr_change_rate_ts_band25_75==0&reg_atr_change_rate_ts_top20==1&reg_atr_change_rate_ts_top70==0&reg_atr_change_rate_ts_top80==0),a3623616e112,2,42,20,reg_atr_change_rate_ts_top70,regime,atr_change_rate,volatility,0
(*)|(loc_dist_ema20_atr_ts_top40==0)|(reg_atr_change_rate_ts_band25_75==0&reg_atr_change_rate_ts_top20==1&reg_atr_change_rate_ts_top70==0&reg_atr_change_rate_ts_top80==0),a3623616e112,2,42,0,reg_atr_change_rate_ts_top20,regime,atr_change_rate,volatility,1
(*)|(loc_dist_ema20_atr_ts_top40==0)|(reg_atr_change_rate_ts_band25_75==0&reg_atr_change_rate_ts_top20==1&reg_atr_change_rate_ts_top70==0&reg_atr_change_rate_ts_top80==0),a3623616e112,2,42,30,reg_atr_change_rate_ts_band25_75,regime,atr_change_rate,volatility,0
(*)|(loc_dist_ema20_atr_ts_top40==0)|(reg_atr_change_rate_ts_band25_75==0&reg_atr_change_rate_ts_top20==1&reg_atr_change_rate_ts_top70==0&reg_atr_change_rate_ts_top80==0),a3623616e112,2,42,9,loc_dist_ema20_atr_ts_top40,location,dist_ema20_atr,context,0
(*)|(loc_dist_ema20_atr_ts_top40==0)|(reg_atr_change_rate_ts_band25_75==1&reg_atr_change_rate_ts_top20==1&reg_atr_change_rate_ts_top30==0&reg_atr_change_rate_ts_top70==0&reg_atr_change_rate_ts_top80==0),d3a89caf1c71,2,42,24,reg_atr_change_rate_ts_top80,regime,atr_change_rate,volatility,0
(*)|(loc_dist_ema20_atr_ts_top40==0)|(reg_atr_change_rate_ts_band25_75==1&reg_atr_change_rate_ts_top20==1&reg_atr_change_rate_ts_top30==0&reg_atr_change_rate_ts_top70==0&reg_atr_change_rate_ts_top80==0),d3a89caf1c71,2,42,20,reg_atr_change_rate_ts_top70,regime,atr_change_rate,volatility,0
(*)|(loc_dist_ema20_atr_ts_top40==0)|(reg_atr_change_rate_ts_band25_75==1&reg_atr_change_rate_ts_top20==1&reg_atr_change_rate_ts_top30==0&reg_atr_change_rate_ts_top70==0&reg_atr_change_rate_ts_top80==0),d3a89caf1c71,2,42,0,reg_atr_change_rate_ts_top20,regime,atr_change_rate,volatility,1
(*)|(loc_dist_ema20_atr_ts_top40==0)|(reg_atr_change_rate_ts_band25_75==1&reg_atr_change_rate_ts_top20==1&reg_atr_change_rate_ts_top30==0&reg_atr_change_rate_ts_top70==0&reg_atr_change_rate_ts_top80==0),d3a89caf1c71,2,42,30,reg_atr_change_rate_ts_band25_75,regime,atr_change_rate,volatility,1
(*)|(loc_dist_ema20_atr_ts_top40==0)|(reg_atr_change_rate_ts_band25_75==1&reg_atr_change_rate_ts_top20==1&reg_atr_change_rate_ts_top30==0&reg_atr_change_rate_ts_top70==0&reg_atr_change_rate_ts_top80==0),d3a89caf1c71,2,42,4,reg_atr_change_rate_ts_top30,regime,atr_change_rate,volatility,0
(*)|(loc_dist_ema20_atr_ts_top40==0)|(reg_atr_change_rate_ts_band25_75==1&reg_atr_change_rate_ts_top20==1&reg_atr_change_rate_ts_top30==0&reg_atr_change_rate_ts_top70==0&reg_atr_change_rate_ts_top80==0),d3a89caf1c71,2,42,9,loc_dist_ema20_atr_ts_top40,location,dist_ema20_atr,context,0
(*)|(loc_dist_ema20_atr_ts_top40==0)|(reg_atr_change_rate_ts_band25_75==1&reg_atr_change_rate_ts_top20==1&reg_atr_change_rate_ts_top30==1&reg_atr_change_rate_ts_top70==0&reg_atr_change_rate_ts_top80==0),eeb780c4edf8,2,42,24,reg_atr_change_rate_ts_top80,regime,atr_change_rate,volatility,0
(*)|(loc_dist_ema20_atr_ts_top40==0)|(reg_atr_change_rate_ts_band25_75==1&reg_atr_change_rate_ts_top20==1&reg_atr_change_rate_ts_top30==1&reg_atr_change_rate_ts_top70==0&reg_atr_change_rate_ts_top80==0),eeb780c4edf8,2,42,20,reg_atr_change_rate_ts_top70,regime,atr_change_rate,volatility,0
(*)|(loc_dist_ema20_atr_ts_top40==0)|(reg_atr_change_rate_ts_band25_75==1&reg_atr_change_rate_ts_top20==1&reg_atr_change_rate_ts_top30==1&reg_atr_change_rate_ts_top70==0&reg_atr_change_rate_ts_top80==0),eeb780c4edf8,2,42,0,reg_atr_change_rate_ts_top20,regime,atr_change_rate,volatility,1
(*)|(loc_dist_ema20_atr_ts_top40==0)|(reg_atr_change_rate_ts_band25_75==1&reg_atr_change_rate_ts_top20==1&reg_atr_change_rate_ts_top30==1&reg_atr_change_rate_ts_top70==0&reg_atr_change_rate_ts_top80==0),eeb780c4edf8,2,42,30,reg_atr_change_rate_ts_band25_75,regime,atr_change_rate,volatility,1
(*)|(loc_dist_ema20_atr_ts_top40==0)|(reg_atr_change_rate_ts_band25_75==1&reg_atr_change_rate_ts_top20==1&reg_atr_change_rate_ts_top30==1&reg_atr_change_rate_ts_top70==0&reg_atr_change_rate_ts_top80==0),eeb780c4edf8,2,42,4,reg_atr_change_rate_ts_top30,regime,atr_change_rate,volatility,1
(*)|(loc_dist_ema20_atr_ts_top40==0)|(reg_atr_change_rate_ts_band25_75==1&reg_atr_change_rate_ts_top20==1&reg_atr_change_rate_ts_top30==1&reg_atr_change_rate_ts_top70==0&reg_atr_change_rate_ts_top80==0),eeb780c4edf8,2,42,9,loc_dist_ema20_atr_ts_top40,location,dist_ema20_atr,context,0
(*)|(loc_dist_ema20_atr_ts_top40==1)|(reg_atr_change_rate_ts_top50==0&reg_atr_change_rate_ts_top70==0&reg_atr_change_rate_ts_top80==0),af126c4ee9bb,2,42,24,reg_atr_change_rate_ts_top80,regime,atr_change_rate,volatility,0
(*)|(loc_dist_ema20_atr_ts_top40==1)|(reg_atr_change_rate_ts_top50==0&reg_atr_change_rate_ts_top70==0&reg_atr_change_rate_ts_top80==0),af126c4ee9bb,2,42,20,reg_atr_change_rate_ts_top70,regime,atr_change_rate,volatility,0
(*)|(loc_dist_ema20_atr_ts_top40==1)|(reg_atr_change_rate_ts_top50==0&reg_atr_change_rate_ts_top70==0&reg_atr_change_rate_ts_top80==0),af126c4ee9bb,2,42,12,reg_atr_change_rate_ts_top50,regime,atr_change_rate,volatility,0
(*)|(loc_dist_ema20_atr_ts_top40==1)|(reg_atr_change_rate_ts_top50==0&reg_atr_change_rate_ts_top70==0&reg_atr_change_rate_ts_top80==0),af126c4ee9bb,2,42,9,loc_dist_ema20_atr_ts_top40,location,dist_ema20_atr,context,1
(*)|(loc_dist_ema20_atr_ts_top40==1)|(reg_atr_change_rate_ts_top50==1&reg_atr_change_rate_ts_top60==0&reg_atr_change_rate_ts_top70==0&reg_atr_change_rate_ts_top80==0),c735de579f97,2,42,24,reg_atr_change_rate_ts_top80,regime,atr_change_rate,volatility,0
(*)|(loc_dist_ema20_atr_ts_top40==1)|(reg_atr_change_rate_ts_top50==1&reg_atr_change_rate_ts_top60==0&reg_atr_change_rate_ts_top70==0&reg_atr_change_rate_ts_top80==0),c735de579f97,2,42,20,reg_atr_change_rate_ts_top70,regime,atr_change_rate,volatility,0
(*)|(loc_dist_ema20_atr_ts_top40==1)|(reg_atr_change_rate_ts_top50==1&reg_atr_change_rate_ts_top60==0&reg_atr_change_rate_ts_top70==0&reg_atr_change_rate_ts_top80==0),c735de579f97,2,42,12,reg_atr_change_rate_ts_top50,regime,atr_change_rate,volatility,1
(*)|(loc_dist_ema20_atr_ts_top40==1)|(reg_atr_change_rate_ts_top50==1&reg_atr_change_rate_ts_top60==0&reg_atr_change_rate_ts_top70==0&reg_atr_change_rate_ts_top80==0),c735de579f97,2,42,16,reg_atr_change_rate_ts_top60,regime,atr_change_rate,volatility,0
(*)|(loc_dist_ema20_atr_ts_top40==1)|(reg_atr_change_rate_ts_top50==1&reg_atr_change_rate_ts_top60==0&reg_atr_change_rate_ts_top70==0&reg_atr_change_rate_ts_top80==0),c735de579f97,2,42,9,loc_dist_ema20_atr_ts_top40,location,dist_ema20_atr,context,1
(*)|(loc_dist_ema20_atr_ts_top40==1)|(reg_atr_change_rate_ts_top50==1&reg_atr_change_rate_ts_top60==1&reg_atr_change_rate_ts_top70==0&reg_atr_change_rate_ts_top80==0),76d266ac1d3d,2,42,24,reg_atr_change_rate_ts_top80,regime,atr_change_rate,volatility,0
(*)|(loc_dist_ema20_atr_ts_top40==1)|(reg_atr_change_rate_ts_top50==1&reg_atr_change_rate_ts_top60==1&reg_atr_change_rate_ts_top70==0&reg_atr_change_rate_ts_top80==0),76d266ac1d3d,2,42,20,reg_atr_change_rate_ts_top70,regime,atr_change_rate,volatility,0
(*)|(loc_dist_ema20_atr_ts_top40==1)|(reg_atr_change_rate_ts_top50==1&reg_atr_change_rate_ts_top60==1&reg_atr_change_rate_ts_top70==0&reg_atr_change_rate_ts_top80==0),76d266ac1d3d,2,42,12,reg_atr_change_rate_ts_top50,regime,atr_change_rate,volatility,1
(*)|(loc_dist_ema20_atr_ts_top40==1)|(reg_atr_change_rate_ts_top50==1&reg_atr_change_rate_ts_top60==1&reg_atr_change_rate_ts_top70==0&reg_atr_change_rate_ts_top80==0),76d266ac1d3d,2,42,16,reg_atr_change_rate_ts_top60,regime,atr_change_rate,volatility,1
(*)|(loc_dist_ema20_atr_ts_top40==1)|(reg_atr_change_rate_ts_top50==1&reg_atr_change_rate_ts_top60==1&reg_atr_change_rate_ts_top70==0&reg_atr_change_rate_ts_top80==0),76d266ac1d3d,2,42,9,loc_dist_ema20_atr_ts_top40,location,dist_ema20_atr,context,1
(*)|(*)|(reg_atr_change_rate_ts_band25_75==0&reg_atr_change_rate_ts_top70==1&reg_atr_change_rate_ts_top80==0),6ed29b580690,2,42,24,reg_atr_change_rate_ts_top80,regime,atr_change_rate,volatility,0
(*)|(*)|(reg_atr_change_rate_ts_band25_75==0&reg_atr_change_rate_ts_top70==1&reg_atr_change_rate_ts_top80==0),6ed29b580690,2,42,20,reg_atr_change_rate_ts_top70,regime,atr_change_rate,volatility,1
(*)|(*)|(reg_atr_change_rate_ts_band25_75==0&reg_atr_change_rate_ts_top70==1&reg_atr_change_rate_ts_top80==0),6ed29b580690,2,42,30,reg_atr_change_rate_ts_band25_75,regime,atr_change_rate,volatility,0
(*)|(*)|(reg_atr_change_rate_ts_band25_75==1&reg_atr_change_rate_ts_top70==1&reg_atr_change_rate_ts_top80==0),88caa8e4f878,2,42,24,reg_atr_change_rate_ts_top80,regime,atr_change_rate,volatility,0
(*)|(*)|(reg_atr_change_rate_ts_band25_75==1&reg_atr_change_rate_ts_top70==1&reg_atr_change_rate_ts_top80==0),88caa8e4f878,2,42,20,reg_atr_change_rate_ts_top70,regime,atr_change_rate,volatility,1
(*)|(*)|(reg_atr_change_rate_ts_band25_75==1&reg_atr_change_rate_ts_top70==1&reg_atr_change_rate_ts_top80==0),88caa8e4f878,2,42,30,reg_atr_change_rate_ts_band25_75,regime,atr_change_rate,volatility,1
(*)|(*)|(reg_atr_change_rate_ts_top80==1),b9a0ecfd9cfa,2,42,24,reg_atr_change_rate_ts_top80,regime,atr_change_rate,volatility,1
(*)|(*)|(reg_atr_change_rate_ts_band20_80==0&reg_atr_change_rate_ts_top20==1),b6046406028e,2,42,28,reg_atr_change_rate_ts_band20_80,regime,atr_change_rate,volatility,0
(*)|(*)|(reg_atr_change_rate_ts_band20_80==0&reg_atr_change_rate_ts_top20==1),b6046406028e,2,42,0,reg_atr_change_rate_ts_top20,regime,atr_change_rate,volatility,1
(*)|(loc_dist_ema50_atr_ts_band25_75==0)|(reg_atr_change_rate_ts_band20_80==1&reg_atr_change_rate_ts_top30==0),88caa05c522e,2,42,28,reg_atr_change_rate_ts_band20_80,regime,atr_change_rate,volatility,1
(*)|(loc_dist_ema50_atr_ts_band25_75==0)|(reg_atr_change_rate_ts_band20_80==1&reg_atr_change_rate_ts_top30==0),88caa05c522e,2,42,4,reg_atr_change_rate_ts_top30,regime,atr_change_rate,volatility,0
(*)|(loc_dist_ema50_atr_ts_band25_75==0)|(reg_atr_change_rate_ts_band20_80==1&reg_atr_change_rate_ts_top30==0),88caa05c522e,2,42,67,loc_dist_ema50_atr_ts_band25_75,location,dist_ema50_atr,context,0
(*)|(loc_dist_ema50_atr_ts_band25_75==0)|(reg_atr_change_rate_ts_band20_80==1&reg_atr_change_rate_ts_top30==1),d246e45e105e,2,42,28,reg_atr_change_rate_ts_band20_80,regime,atr_change_rate,volatility,1
(*)|(loc_dist_ema50_atr_ts_band25_75==0)|(reg_atr_change_rate_ts_band20_80==1&reg_atr_change_rate_ts_top30==1),d246e45e105e,2,42,4,reg_atr_change_rate_ts_top30,regime,atr_change_rate,volatility,1
(*)|(loc_dist_ema50_atr_ts_band25_75==0)|(reg_atr_change_rate_ts_band20_80==1&reg_atr_change_rate_ts_top30==1),d246e45e105e,2,42,67,loc_dist_ema50_atr_ts_band25_75,location,dist_ema50_atr,context,0
(*)|(loc_dist_ema20_atr_ts_top50==0&loc_dist_ema50_atr_ts_band25_75==1)|(reg_atr_change_rate_ts_band20_80==1&reg_atr_change_rate_ts_top30==0&reg_atr_change_rate_ts_top40==0&reg_atr_change_rate_ts_top70==0),0306cb010299,2,42,28,reg_atr_change_rate_ts_band20_80,regime,atr_change_rate,volatility,1
(*)|(loc_dist_ema20_atr_ts_top50==0&loc_dist_ema50_atr_ts_band25_75==1)|(reg_atr_change_rate_ts_band20_80==1&reg_atr_change_rate_ts_top30==0&reg_atr_change_rate_ts_top40==0&reg_atr_change_rate_ts_top70==0),0306cb010299,2,42,20,reg_atr_change_rate_ts_top70,regime,atr_change_rate,volatility,0
(*)|(loc_dist_ema20_atr_ts_top50==0&loc_dist_ema50_atr_ts_band25_75==1)|(reg_atr_change_rate_ts_band20_80==1&reg_atr_change_rate_ts_top30==0&reg_atr_change_rate_ts_top40==0&reg_atr_change_rate_ts_top70==0),0306cb010299,2,42,8,reg_atr_change_rate_ts_top40,regime,atr_change_rate,volatility,0
(*)|(loc_dist_ema20_atr_ts_top50==0&loc_dist_ema50_atr_ts_band25_75==1)|(reg_atr_change_rate_ts_band20_80==1&reg_atr_change_rate_ts_top30==0&reg_atr_change_rate_ts_top40==0&reg_atr_change_rate_ts_top70==0),0306cb010299,2,42,4,reg_atr_change_rate_ts_top30,regime,atr_change_rate,volatility,0
(*)|(loc_dist_ema20_atr_ts_top50==0&loc_dist_ema50_atr_ts_band25_75==1)|(reg_atr_change_rate_ts_band20_80==1&reg_atr_change_rate_ts_top30==0&reg_atr_change_rate_ts_top40==0&reg_atr_change_rate_ts_top70==0),0306cb010299,2,42,67,loc_dist_ema50_atr_ts_band25_75,location,dist_ema50_atr,context,1
(*)|(loc_dist_ema20_atr_ts_top50==0&loc_dist_ema50_atr_ts_band25_75==1)|(reg_atr_change_rate_ts_band20_80==1&reg_atr_change_rate_ts_top30==0&reg_atr_change_rate_ts_top40==0&reg_atr_change_rate_ts_top70==0),0306cb010299,2,42,13,loc_dist_ema20_atr_ts_top50,location,dist_ema20_atr,context,0
(*)|(loc_dist_ema20_atr_ts_top50==0&loc_dist_ema50_atr_ts_band25_75==1)|(reg_atr_change_rate_ts_band20_80==1&reg_atr_change_rate_ts_top30==1&reg_atr_change_rate_ts_top40==0&reg_atr_change_rate_ts_top70==0),16683fd82f86,2,42,28,reg_atr_change_rate_ts_band20_80,regime,atr_change_rate,volatility,1
(*)|(loc_dist_ema20_atr_ts_top50==0&loc_dist_ema50_atr_ts_band25_75==1)|(reg_atr_change_rate_ts_band20_80==1&reg_atr_change_rate_ts_top30==1&reg_atr_change_rate_ts_top40==0&reg_atr_change_rate_ts_top70==0),16683fd82f86,2,42,20,reg_atr_change_rate_ts_top70,regime,atr_change_rate,volatility,0
(*)|(loc_dist_ema20_atr_ts_top50==0&loc_dist_ema50_atr_ts_band25_75==1)|(reg_atr_change_rate_ts_band20_80==1&reg_atr_change_rate_ts_top30==1&reg_atr_change_rate_ts_top40==0&reg_atr_change_rate_ts_top70==0),16683fd82f86,2,42,8,reg_atr_change_rate_ts_top40,regime,atr_change_rate,volatility,0
(*)|(loc_dist_ema20_atr_ts_top50==0&loc_dist_ema50_atr_ts_band25_75==1)|(reg_atr_change_rate_ts_band20_80==1&reg_atr_change_rate_ts_top30==1&reg_atr_change_rate_ts_top40==0&reg_atr_change_rate_ts_top70==0),16683fd82f86,2,42,4,reg_atr_change_rate_ts_top30,regime,atr_change_rate,volatility,1
(*)|(loc_dist_ema20_atr_ts_top50==0&loc_dist_ema50_atr_ts_band25_75==1)|(reg_atr_change_rate_ts_band20_80==1&reg_atr_change_rate_ts_top30==1&reg_atr_change_rate_ts_top40==0&reg_atr_change_rate_ts_top70==0),16683fd82f86,2,42,67,loc_dist_ema50_atr_ts_band25_75,location,dist_ema50_atr,context,1
(*)|(loc_dist_ema20_atr_ts_top50==0&loc_dist_ema50_atr_ts_band25_75==1)|(reg_atr_change_rate_ts_band20_80==1&reg_atr_change_rate_ts_top30==1&reg_atr_change_rate_ts_top40==0&reg_atr_change_rate_ts_top70==0),16683fd82f86,2,42,13,loc_dist_ema20_atr_ts_top50,location,dist_ema20_atr,context,0
(*)|(loc_dist_ema20_atr_ts_top50==0&loc_dist_ema50_atr_ts_band25_75==1)|(reg_atr_change_rate_ts_band20_80==1&reg_atr_change_rate_ts_top40==1&reg_atr_change_rate_ts_top70==0),5a2a08380c16,2,42,28,reg_atr_change_rate_ts_band20_80,regime,atr_change_rate,volatility,1
(*)|(loc_dist_ema20_atr_ts_top50==0&loc_dist_ema50_atr_ts_band25_75==1)|(reg_atr_change_rate_ts_band20_80==1&reg_atr_change_rate_ts_top40==1&reg_atr_change_rate_ts_top70==0),5a2a08380c16,2,42,20,reg_atr_change_rate_ts_top70,regime,atr_change_rate,volatility,0
(*)|(loc_dist_ema20_atr_ts_top50==0&loc_dist_ema50_atr_ts_band25_75==1)|(reg_atr_change_rate_ts_band20_80==1&reg_atr_change_rate_ts_top40==1&reg_atr_change_rate_ts_top70==0),5a2a08380c16,2,42,8,reg_atr_change_rate_ts_top40,regime,atr_change_rate,volatility,1
(*)|(loc_dist_ema20_atr_ts_top50==0&loc_dist_ema50_atr_ts_band25_75==1)|(reg_atr_change_rate_ts_band20_80==1&reg_atr_change_rate_ts_top40==1&reg_atr_change_rate_ts_top70==0),5a2a08380c16,2,42,67,loc_dist_ema50_atr_ts_band25_75,location,dist_ema50_atr,context,1
(*)|(loc_dist_ema20_atr_ts_top50==0&loc_dist_ema50_atr_ts_band25_75==1)|(reg_atr_change_rate_ts_band20_80==1&reg_atr_change_rate_ts_top40==1&reg_atr_change_rate_ts_top70==0),5a2a08380c16,2,42,13,loc_dist_ema20_atr_ts_top50,location,dist_ema20_atr,context,0
(*)|(loc_dist_ema20_atr_ts_top50==1&loc_dist_ema50_atr_ts_band25_75==1)|(reg_atr_change_rate_ts_band20_80==1&reg_atr_change_rate_ts_top60==0&reg_atr_change_rate_ts_top70==0),336b89cdf8d9,2,42,28,reg_atr_change_rate_ts_band20_80,regime,atr_change_rate,volatility,1
(*)|(loc_dist_ema20_atr_ts_top50==1&loc_dist_ema50_atr_ts_band25_75==1)|(reg_atr_change_rate_ts_band20_80==1&reg_atr_change_rate_ts_top60==0&reg_atr_change_rate_ts_top70==0),336b89cdf8d9,2,42,20,reg_atr_change_rate_ts_top70,regime,atr_change_rate,volatility,0
(*)|(loc_dist_ema20_atr_ts_top50==1&loc_dist_ema50_atr_ts_band25_75==1)|(reg_atr_change_rate_ts_band20_80==1&reg_atr_change_rate_ts_top60==0&reg_atr_change_rate_ts_top70==0),336b89cdf8d9,2,42,16,reg_atr_change_rate_ts_top60,regime,atr_change_rate,volatility,0
(*)|(loc_dist_ema20_atr_ts_top50==1&loc_dist_ema50_atr_ts_band25_75==1)|(reg_atr_change_rate_ts_band20_80==1&reg_atr_change_rate_ts_top60==0&reg_atr_change_rate_ts_top70==0),336b89cdf8d9,2,42,67,loc_dist_ema50_atr_ts_band25_75,location,dist_ema50_atr,context,1
(*)|(loc_dist_ema20_atr_ts_top50==1&loc_dist_ema50_atr_ts_band25_75==1)|(reg_atr_change_rate_ts_band20_80==1&reg_atr_change_rate_ts_top60==0&reg_atr_change_rate_ts_top70==0),336b89cdf8d9,2,42,13,loc_dist_ema20_atr_ts_top50,location,dist_ema20_atr,context,1
(*)|(loc_dist_ema20_atr_ts_top50==1&loc_dist_ema50_atr_ts_band25_75==1)|(reg_atr_change_rate_ts_band20_80==1&reg_atr_change_rate_ts_top60==1&reg_atr_change_rate_ts_top70==0),dcd20cb6d00b,2,42,28,reg_atr_change_rate_ts_band20_80,regime,atr_change_rate,volatility,1
(*)|(loc_dist_ema20_atr_ts_top50==1&loc_dist_ema50_atr_ts_band25_75==1)|(reg_atr_change_rate_ts_band20_80==1&reg_atr_change_rate_ts_top60==1&reg_atr_change_rate_ts_top70==0),dcd20cb6d00b,2,42,20,reg_atr_change_rate_ts_top70,regime,atr_change_rate,volatility,0
(*)|(loc_dist_ema20_atr_ts_top50==1&loc_dist_ema50_atr_ts_band25_75==1)|(reg_atr_change_rate_ts_band20_80==1&reg_atr_change_rate_ts_top60==1&reg_atr_change_rate_ts_top70==0),dcd20cb6d00b,2,42,16,reg_atr_change_rate_ts_top60,regime,atr_change_rate,volatility,1
(*)|(loc_dist_ema20_atr_ts_top50==1&loc_dist_ema50_atr_ts_band25_75==1)|(reg_atr_change_rate_ts_band20_80==1&reg_atr_change_rate_ts_top60==1&reg_atr_change_rate_ts_top70==0),dcd20cb6d00b,2,42,67,loc_dist_ema50_atr_ts_band25_75,location,dist_ema50_atr,context,1
(*)|(loc_dist_ema20_atr_ts_top50==1&loc_dist_ema50_atr_ts_band25_75==1)|(reg_atr_change_rate_ts_band20_80==1&reg_atr_change_rate_ts_top60==1&reg_atr_change_rate_ts_top70==0),dcd20cb6d00b,2,42,13,loc_dist_ema20_atr_ts_top50,location,dist_ema20_atr,context,1
(*)|(loc_dist_ema50_atr_ts_band25_75==1)|(reg_atr_change_rate_ts_band20_80==1&reg_atr_change_rate_ts_top70==1),2d552b3481d9,2,42,28,reg_atr_change_rate_ts_band20_80,regime,atr_change_rate,volatility,1
(*)|(loc_dist_ema50_atr_ts_band25_75==1)|(reg_atr_change_rate_ts_band20_80==1&reg_atr_change_rate_ts_top70==1),2d552b3481d9,2,42,20,reg_atr_change_rate_ts_top70,regime,atr_change_rate,volatility,1
(*)|(loc_dist_ema50_atr_ts_band25_75==1)|(reg_atr_change_rate_ts_band20_80==1&reg_atr_change_rate_ts_top70==1),2d552b3481d9,2,42,67,loc_dist_ema50_atr_ts_band25_75,location,dist_ema50_atr,context,1
(*)|(loc_dist_ema20_atr_ts_band25_75==0)|(reg_atr_change_rate_ts_band20_80==1&reg_atr_change_rate_ts_band30_70==0&reg_atr_change_rate_ts_top30==0),1690478c0f92,2,42,28,reg_atr_change_rate_ts_band20_80,regime,atr_change_rate,volatility,1
(*)|(loc_dist_ema20_atr_ts_band25_75==0)|(reg_atr_change_rate_ts_band20_80==1&reg_atr_change_rate_ts_band30_70==0&reg_atr_change_rate_ts_top30==0),1690478c0f92,2,42,32,reg_atr_change_rate_ts_band30_70,regime,atr_change_rate,volatility,0
(*)|(loc_dist_ema20_atr_ts_band25_75==0)|(reg_atr_change_rate_ts_band20_80==1&reg_atr_change_rate_ts_band30_70==0&reg_atr_change_rate_ts_top30==0),1690478c0f92,2,42,4,reg_atr_change_rate_ts_top30,regime,atr_change_rate,volatility,0
(*)|(loc_dist_ema20_atr_ts_band25_75==0)|(reg_atr_change_rate_ts_band20_80==1&reg_atr_change_rate_ts_band30_70==0&reg_atr_change_rate_ts_top30==0),1690478c0f92,2,42,31,loc_dist_ema20_atr_ts_band25_75,location,dist_ema20_atr,context,0
(*)|(loc_dist_ema20_atr_ts_band25_75==1)|(reg_atr_change_rate_ts_band20_80==1&reg_atr_change_rate_ts_band30_70==0&reg_atr_change_rate_ts_top30==0),2016673eefdf,2,42,28,reg_atr_change_rate_ts_band20_80,regime,atr_change_rate,volatility,1
(*)|(loc_dist_ema20_atr_ts_band25_75==1)|(reg_atr_change_rate_ts_band20_80==1&reg_atr_change_rate_ts_band30_70==0&reg_atr_change_rate_ts_top30==0),2016673eefdf,2,42,32,reg_atr_change_rate_ts_band30_70,regime,atr_change_rate,volatility,0
(*)|(loc_dist_ema20_atr_ts_band25_75==1)|(reg_atr_change_rate_ts_band20_80==1&reg_atr_change_rate_ts_band30_70==0&reg_atr_change_rate_ts_top30==0),2016673eefdf,2,42,4,reg_atr_change_rate_ts_top30,regime,atr_change_rate,volatility,0
(*)|(loc_dist_ema20_atr_ts_band25_75==1)|(reg_atr_change_rate_ts_band20_80==1&reg_atr_change_rate_ts_band30_70==0&reg_atr_change_rate_ts_top30==0),2016673eefdf,2,42,31,loc_dist_ema20_atr_ts_band25_75,location,dist_ema20_atr,context,1
(*)|(loc_dist_ema20_atr_ts_band25_75==0)|(reg_atr_change_rate_ts_band20_80==1&reg_atr_change_rate_ts_band30_70==0&reg_atr_change_rate_ts_top30==1),bb1297940844,2,42,28,reg_atr_change_rate_ts_band20_80,regime,atr_change_rate,volatility,1
(*)|(loc_dist_ema20_atr_ts_band25_75==0)|(reg_atr_change_rate_ts_band20_80==1&reg_atr_change_rate_ts_band30_70==0&reg_atr_change_rate_ts_top30==1),bb1297940844,2,42,32,reg_atr_change_rate_ts_band30_70,regime,atr_change_rate,volatility,0
(*)|(loc_dist_ema20_atr_ts_band25_75==0)|(reg_atr_change_rate_ts_band20_80==1&reg_atr_change_rate_ts_band30_70==0&reg_atr_change_rate_ts_top30==1),bb1297940844,2,42,4,reg_atr_change_rate_ts_top30,regime,atr_change_rate,volatility,1
(*)|(loc_dist_ema20_atr_ts_band25_75==0)|(reg_atr_change_rate_ts_band20_80==1&reg_atr_change_rate_ts_band30_70==0&reg_atr_change_rate_ts_top30==1),bb1297940844,2,42,31,loc_dist_ema20_atr_ts_band25_75,location,dist_ema20_atr,context,0
(*)|(loc_dist_ema20_atr_ts_band25_75==1)|(reg_atr_change_rate_ts_band20_80==1&reg_atr_change_rate_ts_band30_70==0&reg_atr_change_rate_ts_top30==1),a32d963ee67a,2,42,28,reg_atr_change_rate_ts_band20_80,regime,atr_change_rate,volatility,1
(*)|(loc_dist_ema20_atr_ts_band25_75==1)|(reg_atr_change_rate_ts_band20_80==1&reg_atr_change_rate_ts_band30_70==0&reg_atr_change_rate_ts_top30==1),a32d963ee67a,2,42,32,reg_atr_change_rate_ts_band30_70,regime,atr_change_rate,volatility,0
(*)|(loc_dist_ema20_atr_ts_band25_75==1)|(reg_atr_change_rate_ts_band20_80==1&reg_atr_change_rate_ts_band30_70==0&reg_atr_change_rate_ts_top30==1),a32d963ee67a,2,42,4,reg_atr_change_rate_ts_top30,regime,atr_change_rate,volatility,1
(*)|(loc_dist_ema20_atr_ts_band25_75==1)|(reg_atr_change_rate_ts_band20_80==1&reg_atr_change_rate_ts_band30_70==0&reg_atr_change_rate_ts_top30==1),a32d963ee67a,2,42,31,loc_dist_ema20_atr_ts_band25_75,location,dist_ema20_atr,context,1
(*)|(loc_dist_ema20_atr_ts_bot60==0)|(reg_atr_change_rate_ts_band20_80==1&reg_atr_change_rate_ts_band30_70==1),3ae67a96dee1,2,42,28,reg_atr_change_rate_ts_band20_80,regime,atr_change_rate,volatility,1
(*)|(loc_dist_ema20_atr_ts_bot60==0)|(reg_atr_change_rate_ts_band20_80==1&reg_atr_change_rate_ts_band30_70==1),3ae67a96dee1,2,42,32,reg_atr_change_rate_ts_band30_70,regime,atr_change_rate,volatility,1
(*)|(loc_dist_ema20_atr_ts_bot60==0)|(reg_atr_change_rate_ts_band20_80==1&reg_atr_change_rate_ts_band30_70==1),3ae67a96dee1,2,42,19,loc_dist_ema20_atr_ts_bot60,location,dist_ema20_atr,context,0
(*)|(loc_dist_ema20_atr_ts_bot60==1&loc_dist_ema20_atr_ts_top50==0)|(reg_atr_change_rate_ts_band20_80==1&reg_atr_change_rate_ts_band30_70==1&reg_atr_change_rate_ts_top40==0),79a7de50d491,2,42,28,reg_atr_change_rate_ts_band20_80,regime,atr_change_rate,volatility,1
(*)|(loc_dist_ema20_atr_ts_bot60==1&loc_dist_ema20_atr_ts_top50==0)|(reg_atr_change_rate_ts_band20_80==1&reg_atr_change_rate_ts_band30_70==1&reg_atr_change_rate_ts_top40==0),79a7de50d491,2,42,32,reg_atr_change_rate_ts_band30_70,regime,atr_change_rate,volatility,1
(*)|(loc_dist_ema20_atr_ts_bot60==1&loc_dist_ema20_atr_ts_top50==0)|(reg_atr_change_rate_ts_band20_80==1&reg_atr_change_rate_ts_band30_70==1&reg_atr_change_rate_ts_top40==0),79a7de50d491,2,42,8,reg_atr_change_rate_ts_top40,regime,atr_change_rate,volatility,0
(*)|(loc_dist_ema20_atr_ts_bot60==1&loc_dist_ema20_atr_ts_top50==0)|(reg_atr_change_rate_ts_band20_80==1&reg_atr_change_rate_ts_band30_70==1&reg_atr_change_rate_ts_top40==0),79a7de50d491,2,42,19,loc_dist_ema20_atr_ts_bot60,location,dist_ema20_atr,context,1
(*)|(loc_dist_ema20_atr_ts_bot60==1&loc_dist_ema20_atr_ts_top50==0)|(reg_atr_change_rate_ts_band20_80==1&reg_atr_change_rate_ts_band30_70==1&reg_atr_change_rate_ts_top40==0),79a7de50d491,2,42,13,loc_dist_ema20_atr_ts_top50,location,dist_ema20_atr,context,0
(*)|(loc_dist_ema20_atr_ts_bot60==1&loc_dist_ema20_atr_ts_top50==0)|(reg_atr_change_rate_ts_band20_80==1&reg_atr_change_rate_ts_band30_70==1&reg_atr_change_rate_ts_top40==1),3b7ad3a4bb3e,2,42,28,reg_atr_change_rate_ts_band20_80,regime,atr_change_rate,volatility,1
(*)|(loc_dist_ema20_atr_ts_bot60==1&loc_dist_ema20_atr_ts_top50==0)|(reg_atr_change_rate_ts_band20_80==1&reg_atr_change_rate_ts_band30_70==1&reg_atr_change_rate_ts_top40==1),3b7ad3a4bb3e,2,42,32,reg_atr_change_rate_ts_band30_70,regime,atr_change_rate,volatility,1
(*)|(loc_dist_ema20_atr_ts_bot60==1&loc_dist_ema20_atr_ts_top50==0)|(reg_atr_change_rate_ts_band20_80==1&reg_atr_change_rate_ts_band30_70==1&reg_atr_change_rate_ts_top40==1),3b7ad3a4bb3e,2,42,8,reg_atr_change_rate_ts_top40,regime,atr_change_rate,volatility,1
(*)|(loc_dist_ema20_atr_ts_bot60==1&loc_dist_ema20_atr_ts_top50==0)|(reg_atr_change_rate_ts_band20_80==1&reg_atr_change_rate_ts_band30_70==1&reg_atr_change_rate_ts_top40==1),3b7ad3a4bb3e,2,42,19,loc_dist_ema20_atr_ts_bot60,location,dist_ema20_atr,context,1
(*)|(loc_dist_ema20_atr_ts_bot60==1&loc_dist_ema20_atr_ts_top50==0)|(reg_atr_change_rate_ts_band20_80==1&reg_atr_change_rate_ts_band30_70==1&reg_atr_change_rate_ts_top40==1),3b7ad3a4bb3e,2,42,13,loc_dist_ema20_atr_ts_top50,location,dist_ema20_atr,context,0
(*)|(loc_dist_ema20_atr_ts_bot60==1&loc_dist_ema20_atr_ts_top50==1)|(reg_atr_change_rate_ts_band20_80==1&reg_atr_change_rate_ts_band30_70==1),c1caadc1d720,2,42,28,reg_atr_change_rate_ts_band20_80,regime,atr_change_rate,volatility,1
(*)|(loc_dist_ema20_atr_ts_bot60==1&loc_dist_ema20_atr_ts_top50==1)|(reg_atr_change_rate_ts_band20_80==1&reg_atr_change_rate_ts_band30_70==1),c1caadc1d720,2,42,32,reg_atr_change_rate_ts_band30_70,regime,atr_change_rate,volatility,1
(*)|(loc_dist_ema20_atr_ts_bot60==1&loc_dist_ema20_atr_ts_top50==1)|(reg_atr_change_rate_ts_band20_80==1&reg_atr_change_rate_ts_band30_70==1),c1caadc1d720,2,42,19,loc_dist_ema20_atr_ts_bot60,location,dist_ema20_atr,context,1
(*)|(loc_dist_ema20_atr_ts_bot60==1&loc_dist_ema20_atr_ts_top50==1)|(reg_atr_change_rate_ts_band20_80==1&reg_atr_change_rate_ts_band30_70==1),c1caadc1d720,2,42,13,loc_dist_ema20_atr_ts_top50,location,dist_ema20_atr,context,1
(*)|(loc_dist_ema20_atr_ts_top80==0)|(reg_atr_change_rate_ts_band25_75==0&reg_atr_change_rate_ts_top20==1&reg_atr_change_rate_ts_top60==0),243cd189dae9,2,42,25,loc_dist_ema20_atr_ts_top80,location,dist_ema20_atr,context,0
(*)|(loc_dist_ema20_atr_ts_top80==0)|(reg_atr_change_rate_ts_band25_75==0&reg_atr_change_rate_ts_top20==1&reg_atr_change_rate_ts_top60==0),243cd189dae9,2,42,16,reg_atr_change_rate_ts_top60,regime,atr_change_rate,volatility,0
(*)|(loc_dist_ema20_atr_ts_top80==0)|(reg_atr_change_rate_ts_band25_75==0&reg_atr_change_rate_ts_top20==1&reg_atr_change_rate_ts_top60==0),243cd189dae9,2,42,0,reg_atr_change_rate_ts_top20,regime,atr_change_rate,volatility,1
(*)|(loc_dist_ema20_atr_ts_top80==0)|(reg_atr_change_rate_ts_band25_75==0&reg_atr_change_rate_ts_top20==1&reg_atr_change_rate_ts_top60==0),243cd189dae9,2,42,30,reg_atr_change_rate_ts_band25_75,regime,atr_change_rate,volatility,0
(*)|(loc_dist_ema20_atr_ts_top80==0)|(reg_atr_change_rate_ts_band25_75==1&reg_atr_change_rate_ts_top20==1&reg_atr_change_rate_ts_top30==0&reg_atr_change_rate_ts_top40==0&reg_atr_change_rate_ts_top60==0),b18d240b3cc6,2,42,25,loc_dist_ema20_atr_ts_top80,location,dist_ema20_atr,context,0
(*)|(loc_dist_ema20_atr_ts_top80==0)|(reg_atr_change_rate_ts_band25_75==1&reg_atr_change_rate_ts_top20==1&reg_atr_change_rate_ts_top30==0&reg_atr_change_rate_ts_top40==0&reg_atr_change_rate_ts_top60==0),b18d240b3cc6,2,42,16,reg_atr_change_rate_ts_top60,regime,atr_change_rate,volatility,0
(*)|(loc_dist_ema20_atr_ts_top80==0)|(reg_atr_change_rate_ts_band25_75==1&reg_atr_change_rate_ts_top20==1&reg_atr_change_rate_ts_top30==0&reg_atr_change_rate_ts_top40==0&reg_atr_change_rate_ts_top60==0),b18d240b3cc6,2,42,0,reg_atr_change_rate_ts_top20,regime,atr_change_rate,volatility,1
(*)|(loc_dist_ema20_atr_ts_top80==0)|(reg_atr_change_rate_ts_band25_75==1&reg_atr_change_rate_ts_top20==1&reg_atr_change_rate_ts_top30==0&reg_atr_change_rate_ts_top40==0&reg_atr_change_rate_ts_top60==0),b18d240b3cc6,2,42,30,reg_atr_change_rate_ts_band25_75,regime,atr_change_rate,volatility,1
(*)|(loc_dist_ema20_atr_ts_top80==0)|(reg_atr_change_rate_ts_band25_75==1&reg_atr_change_rate_ts_top20==1&reg_atr_change_rate_ts_top30==0&reg_atr_change_rate_ts_top40==0&reg_atr_change_rate_ts_top60==0),b18d240b3cc6,2,42,8,reg_atr_change_rate_ts_top40,regime,atr_change_rate,volatility,0
(*)|(loc_dist_ema20_atr_ts_top80==0)|(reg_atr_change_rate_ts_band25_75==1&reg_atr_change_rate_ts_top20==1&reg_atr_change_rate_ts_top30==0&reg_atr_change_rate_ts_top40==0&reg_atr_change_rate_ts_top60==0),b18d240b3cc6,2,42,4,reg_atr_change_rate_ts_top30,regime,atr_change_rate,volatility,0
(*)|(loc_dist_ema20_atr_ts_top80==0)|(reg_atr_change_rate_ts_band25_75==1&reg_atr_change_rate_ts_top20==1&reg_atr_change_rate_ts_top30==1&reg_atr_change_rate_ts_top40==0&reg_atr_change_rate_ts_top60==0),429350b5ee11,2,42,25,loc_dist_ema20_atr_ts_top80,location,dist_ema20_atr,context,0
(*)|(loc_dist_ema20_atr_ts_top80==0)|(reg_atr_change_rate_ts_band25_75==1&reg_atr_change_rate_ts_top20==1&reg_atr_change_rate_ts_top30==1&reg_atr_change_rate_ts_top40==0&reg_atr_change_rate_ts_top60==0),429350b5ee11,2,42,16,reg_atr_change_rate_ts_top60,regime,atr_change_rate,volatility,0
(*)|(loc_dist_ema20_atr_ts_top80==0)|(reg_atr_change_rate_ts_band25_75==1&reg_atr_change_rate_ts_top20==1&reg_atr_change_rate_ts_top30==1&reg_atr_change_rate_ts_top40==0&reg_atr_change_rate_ts_top60==0),429350b5ee11,2,42,0,reg_atr_change_rate_ts_top20,regime,atr_change_rate,volatility,1
(*)|(loc_dist_ema20_atr_ts_top80==0)|(reg_atr_change_rate_ts_band25_75==1&reg_atr_change_rate_ts_top20==1&reg_atr_change_rate_ts_top30==1&reg_atr_change_rate_ts_top40==0&reg_atr_change_rate_ts_top60==0),429350b5ee11,2,42,30,reg_atr_change_rate_ts_band25_75,regime,atr_change_rate,volatility,1
(*)|(loc_dist_ema20_atr_ts_top80==0)|(reg_atr_change_rate_ts_band25_75==1&reg_atr_change_rate_ts_top20==1&reg_atr_change_rate_ts_top30==1&reg_atr_change_rate_ts_top40==0&reg_atr_change_rate_ts_top60==0),429350b5ee11,2,42,8,reg_atr_change_rate_ts_top40,regime,atr_change_rate,volatility,0
(*)|(loc_dist_ema20_atr_ts_top80==0)|(reg_atr_change_rate_ts_band25_75==1&reg_atr_change_rate_ts_top20==1&reg_atr_change_rate_ts_top30==1&reg_atr_change_rate_ts_top40==0&reg_atr_change_rate_ts_top60==0),429350b5ee11,2,42,4,reg_atr_change_rate_ts_top30,regime,atr_change_rate,volatility,1
(*)|(loc_dist_ema20_atr_ts_top80==0)|(reg_atr_change_rate_ts_band25_75==1&reg_atr_change_rate_ts_top20==1&reg_atr_change_rate_ts_top40==1&reg_atr_change_rate_ts_top50==0&reg_atr_change_rate_ts_top60==0),79b0a4d223cc,2,42,25,loc_dist_ema20_atr_ts_top80,location,dist_ema20_atr,context,0
(*)|(loc_dist_ema20_atr_ts_top80==0)|(reg_atr_change_rate_ts_band25_75==1&reg_atr_change_rate_ts_top20==1&reg_atr_change_rate_ts_top40==1&reg_atr_change_rate_ts_top50==0&reg_atr_change_rate_ts_top60==0),79b0a4d223cc,2,42,16,reg_atr_change_rate_ts_top60,regime,atr_change_rate,volatility,0
(*)|(loc_dist_ema20_atr_ts_top80==0)|(reg_atr_change_rate_ts_band25_75==1&reg_atr_change_rate_ts_top20==1&reg_atr_change_rate_ts_top40==1&reg_atr_change_rate_ts_top50==0&reg_atr_change_rate_ts_top60==0),79b0a4d223cc,2,42,0,reg_atr_change_rate_ts_top20,regime,atr_change_rate,volatility,1
(*)|(loc_dist_ema20_atr_ts_top80==0)|(reg_atr_change_rate_ts_band25_75==1&reg_atr_change_rate_ts_top20==1&reg_atr_change_rate_ts_top40==1&reg_atr_change_rate_ts_top50==0&reg_atr_change_rate_ts_top60==0),79b0a4d223cc,2,42,30,reg_atr_change_rate_ts_band25_75,regime,atr_change_rate,volatility,1
(*)|(loc_dist_ema20_atr_ts_top80==0)|(reg_atr_change_rate_ts_band25_75==1&reg_atr_change_rate_ts_top20==1&reg_atr_change_rate_ts_top40==1&reg_atr_change_rate_ts_top50==0&reg_atr_change_rate_ts_top60==0),79b0a4d223cc,2,42,8,reg_atr_change_rate_ts_top40,regime,atr_change_rate,volatility,1
(*)|(loc_dist_ema20_atr_ts_top80==0)|(reg_atr_change_rate_ts_band25_75==1&reg_atr_change_rate_ts_top20==1&reg_atr_change_rate_ts_top40==1&reg_atr_change_rate_ts_top50==0&reg_atr_change_rate_ts_top60==0),79b0a4d223cc,2,42,12,reg_atr_change_rate_ts_top50,regime,atr_change_rate,volatility,0
(*)|(loc_dist_ema20_atr_ts_top80==0)|(reg_atr_change_rate_ts_band25_75==1&reg_atr_change_rate_ts_top20==1&reg_atr_change_rate_ts_top40==1&reg_atr_change_rate_ts_top50==1&reg_atr_change_rate_ts_top60==0),80298dca7b86,2,42,25,loc_dist_ema20_atr_ts_top80,location,dist_ema20_atr,context,0
(*)|(loc_dist_ema20_atr_ts_top80==0)|(reg_atr_change_rate_ts_band25_75==1&reg_atr_change_rate_ts_top20==1&reg_atr_change_rate_ts_top40==1&reg_atr_change_rate_ts_top50==1&reg_atr_change_rate_ts_top60==0),80298dca7b86,2,42,16,reg_atr_change_rate_ts_top60,regime,atr_change_rate,volatility,0
(*)|(loc_dist_ema20_atr_ts_top80==0)|(reg_atr_change_rate_ts_band25_75==1&reg_atr_change_rate_ts_top20==1&reg_atr_change_rate_ts_top40==1&reg_atr_change_rate_ts_top50==1&reg_atr_change_rate_ts_top60==0),80298dca7b86,2,42,0,reg_atr_change_rate_ts_top20,regime,atr_change_rate,volatility,1
(*)|(loc_dist_ema20_atr_ts_top80==0)|(reg_atr_change_rate_ts_band25_75==1&reg_atr_change_rate_ts_top20==1&reg_atr_change_rate_ts_top40==1&reg_atr_change_rate_ts_top50==1&reg_atr_change_rate_ts_top60==0),80298dca7b86,2,42,30,reg_atr_change_rate_ts_band25_75,regime,atr_change_rate,volatility,1
(*)|(loc_dist_ema20_atr_ts_top80==0)|(reg_atr_change_rate_ts_band25_75==1&reg_atr_change_rate_ts_top20==1&reg_atr_change_rate_ts_top40==1&reg_atr_change_rate_ts_top50==1&reg_atr_change_rate_ts_top60==0),80298dca7b86,2,42,8,reg_atr_change_rate_ts_top40,regime,atr_change_rate,volatility,1
(*)|(loc_dist_ema20_atr_ts_top80==0)|(reg_atr_change_rate_ts_band25_75==1&reg_atr_change_rate_ts_top20==1&reg_atr_change_rate_ts_top40==1&reg_atr_change_rate_ts_top50==1&reg_atr_change_rate_ts_top60==0),80298dca7b86,2,42,12,reg_atr_change_rate_ts_top50,regime,atr_change_rate,volatility,1
(*)|(loc_dist_ema20_atr_ts_top80==0)|(reg_atr_change_rate_ts_top60==1&reg_atr_change_rate_ts_top70==0),a9e9dd5fa316,2,42,25,loc_dist_ema20_atr_ts_top80,location,dist_ema20_atr,context,0
(*)|(loc_dist_ema20_atr_ts_top80==0)|(reg_atr_change_rate_ts_top60==1&reg_atr_change_rate_ts_top70==0),a9e9dd5fa316,2,42,16,reg_atr_change_rate_ts_top60,regime,atr_change_rate,volatility,1
(*)|(loc_dist_ema20_atr_ts_top80==0)|(reg_atr_change_rate_ts_top60==1&reg_atr_change_rate_ts_top70==0),a9e9dd5fa316,2,42,20,reg_atr_change_rate_ts_top70,regime,atr_change_rate,volatility,0
(*)|(loc_dist_ema20_atr_ts_top80==0)|(reg_atr_change_rate_ts_band25_75==0&reg_atr_change_rate_ts_top60==1&reg_atr_change_rate_ts_top70==1),1ea4b8bb0c2c,2,42,25,loc_dist_ema20_atr_ts_top80,location,dist_ema20_atr,context,0
(*)|(loc_dist_ema20_atr_ts_top80==0)|(reg_atr_change_rate_ts_band25_75==0&reg_atr_change_rate_ts_top60==1&reg_atr_change_rate_ts_top70==1),1ea4b8bb0c2c,2,42,16,reg_atr_change_rate_ts_top60,regime,atr_change_rate,volatility,1
(*)|(loc_dist_ema20_atr_ts_top80==0)|(reg_atr_change_rate_ts_band25_75==0&reg_atr_change_rate_ts_top60==1&reg_atr_change_rate_ts_top70==1),1ea4b8bb0c2c,2,42,20,reg_atr_change_rate_ts_top70,regime,atr_change_rate,volatility,1
(*)|(loc_dist_ema20_atr_ts_top80==0)|(reg_atr_change_rate_ts_band25_75==0&reg_atr_change_rate_ts_top60==1&reg_atr_change_rate_ts_top70==1),1ea4b8bb0c2c,2,42,30,reg_atr_change_rate_ts_band25_75,regime,atr_change_rate,volatility,0
(*)|(loc_dist_ema20_atr_ts_top80==0)|(reg_atr_change_rate_ts_band25_75==1&reg_atr_change_rate_ts_top60==1&reg_atr_change_rate_ts_top70==1),b49d93e0729b,2,42,25,loc_dist_ema20_atr_ts_top80,location,dist_ema20_atr,context,0
(*)|(loc_dist_ema20_atr_ts_top80==0)|(reg_atr_change_rate_ts_band25_75==1&reg_atr_change_rate_ts_top60==1&reg_atr_change_rate_ts_top70==1),b49d93e0729b,2,42,16,reg_atr_change_rate_ts_top60,regime,atr_change_rate,volatility,1
(*)|(loc_dist_ema20_atr_ts_top80==0)|(reg_atr_change_rate_ts_band25_75==1&reg_atr_change_rate_ts_top60==1&reg_atr_change_rate_ts_top70==1),b49d93e0729b,2,42,20,reg_atr_change_rate_ts_top70,regime,atr_change_rate,volatility,1
(*)|(loc_dist_ema20_atr_ts_top80==0)|(reg_atr_change_rate_ts_band25_75==1&reg_atr_change_rate_ts_top60==1&reg_atr_change_rate_ts_top70==1),b49d93e0729b,2,42,30,reg_atr_change_rate_ts_band25_75,regime,atr_change_rate,volatility,1
(*)|(loc_dist_ema20_atr_ts_top80==1)|(*),80a17e7a8bf3,2,42,25,loc_dist_ema20_atr_ts_top80,location,dist_ema20_atr,context,1
(*)|(loc_dist_ema20_atr_ts_band25_75==0)|(reg_atr_change_rate_ts_band30_70==0&reg_atr_change_rate_ts_bot20==0&reg_atr_change_rate_ts_top30==1&reg_atr_change_rate_ts_top80==0),ccac1c43801b,2,42,24,reg_atr_change_rate_ts_top80,regime,atr_change_rate,volatility,0
(*)|(loc_dist_ema20_atr_ts_band25_75==0)|(reg_atr_change_rate_ts_band30_70==0&reg_atr_change_rate_ts_bot20==0&reg_atr_change_rate_ts_top30==1&reg_atr_change_rate_ts_top80==0),ccac1c43801b,2,42,32,reg_atr_change_rate_ts_band30_70,regime,atr_change_rate,volatility,0
(*)|(loc_dist_ema20_atr_ts_band25_75==0)|(reg_atr_change_rate_ts_band30_70==0&reg_atr_change_rate_ts_bot20==0&reg_atr_change_rate_ts_top30==1&reg_atr_change_rate_ts_top80==0),ccac1c43801b,2,42,2,reg_atr_change_rate_ts_bot20,regime,atr_change_rate,volatility,0
(*)|(loc_dist_ema20_atr_ts_band25_75==0)|(reg_atr_change_rate_ts_band30_70==0&reg_atr_change_rate_ts_bot20==0&reg_atr_change_rate_ts_top30==1&reg_atr_change_rate_ts_top80==0),ccac1c43801b,2,42,4,reg_atr_change_rate_ts_top30,regime,atr_change_rate,volatility,1
(*)|(loc_dist_ema20_atr_ts_band25_75==0)|(reg_atr_change_rate_ts_band30_70==0&reg_atr_change_rate_ts_bot20==0&reg_atr_change_rate_ts_top30==1&reg_atr_change_rate_ts_top80==0),ccac1c43801b,2,42,31,loc_dist_ema20_atr_ts_band25_75,location,dist_ema20_atr,context,0
(*)|(loc_dist_ema20_atr_ts_band25_75==1)|(reg_atr_change_rate_ts_band30_70==0&reg_atr_change_rate_ts_bot20==0&reg_atr_change_rate_ts_top30==0&reg_atr_change_rate_ts_top80==0),eab8cf0f221e,2,42,24,reg_atr_change_rate_ts_top80,regime,atr_change_rate,volatility,0
(*)|(loc_dist_ema20_atr_ts_band25_75==1)|(reg_atr_change_rate_ts_band30_70==0&reg_atr_change_rate_ts_bot20==0&reg_atr_change_rate_ts_top30==0&reg_atr_change_rate_ts_top80==0),eab8cf0f221e,2,42,32,reg_atr_change_rate_ts_band30_70,regime,atr_change_rate,volatility,0
(*)|(loc_dist_ema20_atr_ts_band25_75==1)|(reg_atr_change_rate_ts_band30_70==0&reg_atr_change_rate_ts_bot20==0&reg_atr_change_rate_ts_top30==0&reg_atr_change_rate_ts_top80==0),eab8cf0f221e,2,42,2,reg_atr_change_rate_ts_bot20,regime,atr_change_rate,volatility,0
(*)|(loc_dist_ema20_atr_ts_band25_75==1)|(reg_atr_change_rate_ts_band30_70==0&reg_atr_change_rate_ts_bot20==0&reg_atr_change_rate_ts_top30==0&reg_atr_change_rate_ts_top80==0),eab8cf0f221e,2,42,4,reg_atr_change_rate_ts_top30,regime,atr_change_rate,volatility,0
(*)|(loc_dist_ema20_atr_ts_band25_75==1)|(reg_atr_change_rate_ts_band30_70==0&reg_atr_change_rate_ts_bot20==0&reg_atr_change_rate_ts_top30==0&reg_atr_change_rate_ts_top80==0),eab8cf0f221e,2,42,31,loc_dist_ema20_atr_ts_band25_75,location,dist_ema20_atr,context,1
(*)|(loc_dist_ema20_atr_ts_band25_75==1)|(reg_atr_change_rate_ts_band30_70==0&reg_atr_change_rate_ts_bot20==0&reg_atr_change_rate_ts_top30==1&reg_atr_change_rate_ts_top80==0),939618345846,2,42,24,reg_atr_change_rate_ts_top80,regime,atr_change_rate,volatility,0
(*)|(loc_dist_ema20_atr_ts_band25_75==1)|(reg_atr_change_rate_ts_band30_70==0&reg_atr_change_rate_ts_bot20==0&reg_atr_change_rate_ts_top30==1&reg_atr_change_rate_ts_top80==0),939618345846,2,42,32,reg_atr_change_rate_ts_band30_70,regime,atr_change_rate,volatility,0
(*)|(loc_dist_ema20_atr_ts_band25_75==1)|(reg_atr_change_rate_ts_band30_70==0&reg_atr_change_rate_ts_bot20==0&reg_atr_change_rate_ts_top30==1&reg_atr_change_rate_ts_top80==0),939618345846,2,42,2,reg_atr_change_rate_ts_bot20,regime,atr_change_rate,volatility,0
(*)|(loc_dist_ema20_atr_ts_band25_75==1)|(reg_atr_change_rate_ts_band30_70==0&reg_atr_change_rate_ts_bot20==0&reg_atr_change_rate_ts_top30==1&reg_atr_change_rate_ts_top80==0),939618345846,2,42,4,reg_atr_change_rate_ts_top30,regime,atr_change_rate,volatility,1
(*)|(loc_dist_ema20_atr_ts_band25_75==1)|(reg_atr_change_rate_ts_band30_70==0&reg_atr_change_rate_ts_bot20==0&reg_atr_change_rate_ts_top30==1&reg_atr_change_rate_ts_top80==0),939618345846,2,42,31,loc_dist_ema20_atr_ts_band25_75,location,dist_ema20_atr,context,1
(*)|(*)|(reg_atr_change_rate_ts_band30_70==0&reg_atr_change_rate_ts_bot20==1&reg_atr_change_rate_ts_top80==0),6e7efc497c5e,2,42,24,reg_atr_change_rate_ts_top80,regime,atr_change_rate,volatility,0
(*)|(*)|(reg_atr_change_rate_ts_band30_70==0&reg_atr_change_rate_ts_bot20==1&reg_atr_change_rate_ts_top80==0),6e7efc497c5e,2,42,32,reg_atr_change_rate_ts_band30_70,regime,atr_change_rate,volatility,0
(*)|(*)|(reg_atr_change_rate_ts_band30_70==0&reg_atr_change_rate_ts_bot20==1&reg_atr_change_rate_ts_top80==0),6e7efc497c5e,2,42,2,reg_atr_change_rate_ts_bot20,regime,atr_change_rate,volatility,1
(*)|(*)|(reg_atr_change_rate_ts_band30_70==1&reg_atr_change_rate_ts_top40==0&reg_atr_change_rate_ts_top50==0&reg_atr_change_rate_ts_top80==0),b57d86aa9627,2,42,24,reg_atr_change_rate_ts_top80,regime,atr_change_rate,volatility,0
(*)|(*)|(reg_atr_change_rate_ts_band30_70==1&reg_atr_change_rate_ts_top40==0&reg_atr_change_rate_ts_top50==0&reg_atr_change_rate_ts_top80==0),b57d86aa9627,2,42,32,reg_atr_change_rate_ts_band30_70,regime,atr_change_rate,volatility,1
(*)|(*)|(reg_atr_change_rate_ts_band30_70==1&reg_atr_change_rate_ts_top40==0&reg_atr_change_rate_ts_top50==0&reg_atr_change_rate_ts_top80==0),b57d86aa9627,2,42,12,reg_atr_change_rate_ts_top50,regime,atr_change_rate,volatility,0
(*)|(*)|(reg_atr_change_rate_ts_band30_70==1&reg_atr_change_rate_ts_top40==0&reg_atr_change_rate_ts_top50==0&reg_atr_change_rate_ts_top80==0),b57d86aa9627,2,42,8,reg_atr_change_rate_ts_top40,regime,atr_change_rate,volatility,0
(*)|(*)|(reg_atr_change_rate_ts_band30_70==1&reg_atr_change_rate_ts_top40==1&reg_atr_change_rate_ts_top50==0&reg_atr_change_rate_ts_top80==0),bf1d27fd3ae9,2,42,24,reg_atr_change_rate_ts_top80,regime,atr_change_rate,volatility,0
(*)|(*)|(reg_atr_change_rate_ts_band30_70==1&reg_atr_change_rate_ts_top40==1&reg_atr_change_rate_ts_top50==0&reg_atr_change_rate_ts_top80==0),bf1d27fd3ae9,2,42,32,reg_atr_change_rate_ts_band30_70,regime,atr_change_rate,volatility,1
(*)|(*)|(reg_atr_change_rate_ts_band30_70==1&reg_atr_change_rate_ts_top40==1&reg_atr_change_rate_ts_top50==0&reg_atr_change_rate_ts_top80==0),bf1d27fd3ae9,2,42,12,reg_atr_change_rate_ts_top50,regime,atr_change_rate,volatility,0
(*)|(*)|(reg_atr_change_rate_ts_band30_70==1&reg_atr_change_rate_ts_top40==1&reg_atr_change_rate_ts_top50==0&reg_atr_change_rate_ts_top80==0),bf1d27fd3ae9,2,42,8,reg_atr_change_rate_ts_top40,regime,atr_change_rate,volatility,1
(*)|(*)|(reg_atr_change_rate_ts_band30_70==1&reg_atr_change_rate_ts_top50==1&reg_atr_change_rate_ts_top60==0&reg_atr_change_rate_ts_top80==0),a6152f49323a,2,42,24,reg_atr_change_rate_ts_top80,regime,atr_change_rate,volatility,0
(*)|(*)|(reg_atr_change_rate_ts_band30_70==1&reg_atr_change_rate_ts_top50==1&reg_atr_change_rate_ts_top60==0&reg_atr_change_rate_ts_top80==0),a6152f49323a,2,42,32,reg_atr_change_rate_ts_band30_70,regime,atr_change_rate,volatility,1
(*)|(*)|(reg_atr_change_rate_ts_band30_70==1&reg_atr_change_rate_ts_top50==1&reg_atr_change_rate_ts_top60==0&reg_atr_change_rate_ts_top80==0),a6152f49323a,2,42,12,reg_atr_change_rate_ts_top50,regime,atr_change_rate,volatility,1
(*)|(*)|(reg_atr_change_rate_ts_band30_70==1&reg_atr_change_rate_ts_top50==1&reg_atr_change_rate_ts_top60==0&reg_atr_change_rate_ts_top80==0),a6152f49323a,2,42,16,reg_atr_change_rate_ts_top60,regime,atr_change_rate,volatility,0
(*)|(*)|(reg_atr_change_rate_ts_band30_70==1&reg_atr_change_rate_ts_top50==1&reg_atr_change_rate_ts_top60==1&reg_atr_change_rate_ts_top80==0),6a569c1c6636,2,42,24,reg_atr_change_rate_ts_top80,regime,atr_change_rate,volatility,0
(*)|(*)|(reg_atr_change_rate_ts_band30_70==1&reg_atr_change_rate_ts_top50==1&reg_atr_change_rate_ts_top60==1&reg_atr_change_rate_ts_top80==0),6a569c1c6636,2,42,32,reg_atr_change_rate_ts_band30_70,regime,atr_change_rate,volatility,1
(*)|(*)|(reg_atr_change_rate_ts_band30_70==1&reg_atr_change_rate_ts_top50==1&reg_atr_change_rate_ts_top60==1&reg_atr_change_rate_ts_top80==0),6a569c1c6636,2,42,12,reg_atr_change_rate_ts_top50,regime,atr_change_rate,volatility,1
(*)|(*)|(reg_atr_change_rate_ts_band30_70==1&reg_atr_change_rate_ts_top50==1&reg_atr_change_rate_ts_top60==1&reg_atr_change_rate_ts_top80==0),6a569c1c6636,2,42,16,reg_atr_change_rate_ts_top60,regime,atr_change_rate,volatility,1
(*)|(*)|(reg_atr_change_rate_ts_top80==1),5048f6a74f6d,2,42,24,reg_atr_change_rate_ts_top80,regime,atr_change_rate,volatility,1
(*)|(loc_dist_ema20_atr_ts_band25_75==1&loc_dist_ema20_atr_ts_top60==0)|(reg_atr_change_rate_ts_bot20==0&reg_atr_change_rate_ts_top30==0&reg_atr_change_rate_ts_top80==0),18d5b6f87e35,2,42,24,reg_atr_change_rate_ts_top80,regime,atr_change_rate,volatility,0
(*)|(loc_dist_ema20_atr_ts_band25_75==1&loc_dist_ema20_atr_ts_top60==0)|(reg_atr_change_rate_ts_bot20==0&reg_atr_change_rate_ts_top30==0&reg_atr_change_rate_ts_top80==0),18d5b6f87e35,2,42,4,reg_atr_change_rate_ts_top30,regime,atr_change_rate,volatility,0
(*)|(loc_dist_ema20_atr_ts_band25_75==1&loc_dist_ema20_atr_ts_top60==0)|(reg_atr_change_rate_ts_bot20==0&reg_atr_change_rate_ts_top30==0&reg_atr_change_rate_ts_top80==0),18d5b6f87e35,2,42,2,reg_atr_change_rate_ts_bot20,regime,atr_change_rate,volatility,0
(*)|(loc_dist_ema20_atr_ts_band25_75==1&loc_dist_ema20_atr_ts_top60==0)|(reg_atr_change_rate_ts_bot20==0&reg_atr_change_rate_ts_top30==0&reg_atr_change_rate_ts_top80==0),18d5b6f87e35,2,42,17,loc_dist_ema20_atr_ts_top60,location,dist_ema20_atr,context,0
(*)|(loc_dist_ema20_atr_ts_band25_75==1&loc_dist_ema20_atr_ts_top60==0)|(reg_atr_change_rate_ts_bot20==0&reg_atr_change_rate_ts_top30==0&reg_atr_change_rate_ts_top80==0),18d5b6f87e35,2,42,31,loc_dist_ema20_atr_ts_band25_75,location,dist_ema20_atr,context,1
(*)|(loc_dist_ema20_atr_ts_top60==0)|(reg_atr_change_rate_ts_bot20==1&reg_atr_change_rate_ts_top30==0&reg_atr_change_rate_ts_top80==0),0573f8976efd,2,42,24,reg_atr_change_rate_ts_top80,regime,atr_change_rate,volatility,0
(*)|(loc_dist_ema20_atr_ts_top60==0)|(reg_atr_change_rate_ts_bot20==1&reg_atr_change_rate_ts_top30==0&reg_atr_change_rate_ts_top80==0),0573f8976efd,2,42,4,reg_atr_change_rate_ts_top30,regime,atr_change_rate,volatility,0
(*)|(loc_dist_ema20_atr_ts_top60==0)|(reg_atr_change_rate_ts_bot20==1&reg_atr_change_rate_ts_top30==0&reg_atr_change_rate_ts_top80==0),0573f8976efd,2,42,2,reg_atr_change_rate_ts_bot20,regime,atr_change_rate,volatility,1
(*)|(loc_dist_ema20_atr_ts_top60==0)|(reg_atr_change_rate_ts_bot20==1&reg_atr_change_rate_ts_top30==0&reg_atr_change_rate_ts_top80==0),0573f8976efd,2,42,17,loc_dist_ema20_atr_ts_top60,location,dist_ema20_atr,context,0
(*)|(loc_dist_ema20_atr_ts_top60==0)|(reg_atr_change_rate_ts_top30==1&reg_atr_change_rate_ts_top40==0&reg_atr_change_rate_ts_top50==0&reg_atr_change_rate_ts_top80==0),ec63308b9051,2,42,24,reg_atr_change_rate_ts_top80,regime,atr_change_rate,volatility,0
(*)|(loc_dist_ema20_atr_ts_top60==0)|(reg_atr_change_rate_ts_top30==1&reg_atr_change_rate_ts_top40==0&reg_atr_change_rate_ts_top50==0&reg_atr_change_rate_ts_top80==0),ec63308b9051,2,42,4,reg_atr_change_rate_ts_top30,regime,atr_change_rate,volatility,1
(*)|(loc_dist_ema20_atr_ts_top60==0)|(reg_atr_change_rate_ts_top30==1&reg_atr_change_rate_ts_top40==0&reg_atr_change_rate_ts_top50==0&reg_atr_change_rate_ts_top80==0),ec63308b9051,2,42,12,reg_atr_change_rate_ts_top50,regime,atr_change_rate,volatility,0
(*)|(loc_dist_ema20_atr_ts_top60==0)|(reg_atr_change_rate_ts_top30==1&reg_atr_change_rate_ts_top40==0&reg_atr_change_rate_ts_top50==0&reg_atr_change_rate_ts_top80==0),ec63308b9051,2,42,8,reg_atr_change_rate_ts_top40,regime,atr_change_rate,volatility,0
(*)|(loc_dist_ema20_atr_ts_top60==0)|(reg_atr_change_rate_ts_top30==1&reg_atr_change_rate_ts_top40==0&reg_atr_change_rate_ts_top50==0&reg_atr_change_rate_ts_top80==0),ec63308b9051,2,42,17,loc_dist_ema20_atr_ts_top60,location,dist_ema20_atr,context,0
(*)|(loc_dist_ema20_atr_ts_top60==0)|(reg_atr_change_rate_ts_top30==1&reg_atr_change_rate_ts_top40==1&reg_atr_change_rate_ts_top50==0&reg_atr_change_rate_ts_top80==0),802755d0bfc4,2,42,24,reg_atr_change_rate_ts_top80,regime,atr_change_rate,volatility,0
(*)|(loc_dist_ema20_atr_ts_top60==0)|(reg_atr_change_rate_ts_top30==1&reg_atr_change_rate_ts_top40==1&reg_atr_change_rate_ts_top50==0&reg_atr_change_rate_ts_top80==0),802755d0bfc4,2,42,4,reg_atr_change_rate_ts_top30,regime,atr_change_rate,volatility,1
(*)|(loc_dist_ema20_atr_ts_top60==0)|(reg_atr_change_rate_ts_top30==1&reg_atr_change_rate_ts_top40==1&reg_atr_change_rate_ts_top50==0&reg_atr_change_rate_ts_top80==0),802755d0bfc4,2,42,12,reg_atr_change_rate_ts_top50,regime,atr_change_rate,volatility,0
(*)|(loc_dist_ema20_atr_ts_top60==0)|(reg_atr_change_rate_ts_top30==1&reg_atr_change_rate_ts_top40==1&reg_atr_change_rate_ts_top50==0&reg_atr_change_rate_ts_top80==0),802755d0bfc4,2,42,8,reg_atr_change_rate_ts_top40,regime,atr_change_rate,volatility,1
(*)|(loc_dist_ema20_atr_ts_top60==0)|(reg_atr_change_rate_ts_top30==1&reg_atr_change_rate_ts_top40==1&reg_atr_change_rate_ts_top50==0&reg_atr_change_rate_ts_top80==0),802755d0bfc4,2,42,17,loc_dist_ema20_atr_ts_top60,location,dist_ema20_atr,context,0
(*)|(loc_dist_ema20_atr_ts_top60==0)|(reg_atr_change_rate_ts_top30==1&reg_atr_change_rate_ts_top50==1&reg_atr_change_rate_ts_top80==0),1dc96b79d9a0,2,42,24,reg_atr_change_rate_ts_top80,regime,atr_change_rate,volatility,0
(*)|(loc_dist_ema20_atr_ts_top60==0)|(reg_atr_change_rate_ts_top30==1&reg_atr_change_rate_ts_top50==1&reg_atr_change_rate_ts_top80==0),1dc96b79d9a0,2,42,4,reg_atr_change_rate_ts_top30,regime,atr_change_rate,volatility,1
(*)|(loc_dist_ema20_atr_ts_top60==0)|(reg_atr_change_rate_ts_top30==1&reg_atr_change_rate_ts_top50==1&reg_atr_change_rate_ts_top80==0),1dc96b79d9a0,2,42,12,reg_atr_change_rate_ts_top50,regime,atr_change_rate,volatility,1
(*)|(loc_dist_ema20_atr_ts_top60==0)|(reg_atr_change_rate_ts_top30==1&reg_atr_change_rate_ts_top50==1&reg_atr_change_rate_ts_top80==0),1dc96b79d9a0,2,42,17,loc_dist_ema20_atr_ts_top60,location,dist_ema20_atr,context,0
(*)|(loc_dist_ema20_atr_ts_band25_75==0&loc_dist_ema20_atr_ts_top60==1)|(reg_atr_change_rate_ts_top80==0),6ac4daf71cab,2,42,24,reg_atr_change_rate_ts_top80,regime,atr_change_rate,volatility,0
(*)|(loc_dist_ema20_atr_ts_band25_75==0&loc_dist_ema20_atr_ts_top60==1)|(reg_atr_change_rate_ts_top80==0),6ac4daf71cab,2,42,17,loc_dist_ema20_atr_ts_top60,location,dist_ema20_atr,context,1
(*)|(loc_dist_ema20_atr_ts_band25_75==0&loc_dist_ema20_atr_ts_top60==1)|(reg_atr_change_rate_ts_top80==0),6ac4daf71cab,2,42,31,loc_dist_ema20_atr_ts_band25_75,location,dist_ema20_atr,context,0
(*)|(loc_dist_ema20_atr_ts_band25_75==1&loc_dist_ema20_atr_ts_top60==1)|(reg_atr_change_rate_ts_top70==0&reg_atr_change_rate_ts_top80==0),7204d42ac3bf,2,42,24,reg_atr_change_rate_ts_top80,regime,atr_change_rate,volatility,0
(*)|(loc_dist_ema20_atr_ts_band25_75==1&loc_dist_ema20_atr_ts_top60==1)|(reg_atr_change_rate_ts_top70==0&reg_atr_change_rate_ts_top80==0),7204d42ac3bf,2,42,20,reg_atr_change_rate_ts_top70,regime,atr_change_rate,volatility,0
(*)|(loc_dist_ema20_atr_ts_band25_75==1&loc_dist_ema20_atr_ts_top60==1)|(reg_atr_change_rate_ts_top70==0&reg_atr_change_rate_ts_top80==0),7204d42ac3bf,2,42,17,loc_dist_ema20_atr_ts_top60,location,dist_ema20_atr,context,1
(*)|(loc_dist_ema20_atr_ts_band25_75==1&loc_dist_ema20_atr_ts_top60==1)|(reg_atr_change_rate_ts_top70==0&reg_atr_change_rate_ts_top80==0),7204d42ac3bf,2,42,31,loc_dist_ema20_atr_ts_band25_75,location,dist_ema20_atr,context,1
(*)|(loc_dist_ema20_atr_ts_band25_75==1&loc_dist_ema20_atr_ts_top60==1)|(reg_atr_change_rate_ts_top70==1&reg_atr_change_rate_ts_top80==0),3d2b6b208253,2,42,24,reg_atr_change_rate_ts_top80,regime,atr_change_rate,volatility,0
(*)|(loc_dist_ema20_atr_ts_band25_75==1&loc_dist_ema20_atr_ts_top60==1)|(reg_atr_change_rate_ts_top70==1&reg_atr_change_rate_ts_top80==0),3d2b6b208253,2,42,20,reg_atr_change_rate_ts_top70,regime,atr_change_rate,volatility,1
(*)|(loc_dist_ema20_atr_ts_band25_75==1&loc_dist_ema20_atr_ts_top60==1)|(reg_atr_change_rate_ts_top70==1&reg_atr_change_rate_ts_top80==0),3d2b6b208253,2,42,17,loc_dist_ema20_atr_ts_top60,location,dist_ema20_atr,context,1
(*)|(loc_dist_ema20_atr_ts_band25_75==1&loc_dist_ema20_atr_ts_top60==1)|(reg_atr_change_rate_ts_top70==1&reg_atr_change_rate_ts_top80==0),3d2b6b208253,2,42,31,loc_dist_ema20_atr_ts_band25_75,location,dist_ema20_atr,context,1
(*)|(*)|(reg_atr_change_rate_ts_top80==1),5eeb3112e952,2,42,24,reg_atr_change_rate_ts_top80,regime,atr_change_rate,volatility,1
(*)|(*)|(reg_atr_change_rate_ts_band40_60==0&reg_atr_change_rate_ts_top20==1&reg_atr_change_rate_ts_top70==0&reg_atr_change_rate_ts_top80==0&reg_atr_compression_ratio_ts_band25_75==0),229ca82466e0,2,42,24,reg_atr_change_rate_ts_top80,regime,atr_change_rate,volatility,0
(*)|(*)|(reg_atr_change_rate_ts_band40_60==0&reg_atr_change_rate_ts_top20==1&reg_atr_change_rate_ts_top70==0&reg_atr_change_rate_ts_top80==0&reg_atr_compression_ratio_ts_band25_75==0),229ca82466e0,2,42,20,reg_atr_change_rate_ts_top70,regime,atr_change_rate,volatility,0
(*)|(*)|(reg_atr_change_rate_ts_band40_60==0&reg_atr_change_rate_ts_top20==1&reg_atr_change_rate_ts_top70==0&reg_atr_change_rate_ts_top80==0&reg_atr_compression_ratio_ts_band25_75==0),229ca82466e0,2,42,34,reg_atr_change_rate_ts_band40_60,regime,atr_change_rate,volatility,0
(*)|(*)|(reg_atr_change_rate_ts_band40_60==0&reg_atr_change_rate_ts_top20==1&reg_atr_change_rate_ts_top70==0&reg_atr_change_rate_ts_top80==0&reg_atr_compression_ratio_ts_band25_75==0),229ca82466e0,2,42,66,reg_atr_compression_ratio_ts_band25_75,regime,atr_compression_ratio,volatility_term_structure,0
(*)|(*)|(reg_atr_change_rate_ts_band40_60==0&reg_atr_change_rate_ts_top20==1&reg_atr_change_rate_ts_top70==0&reg_atr_change_rate_ts_top80==0&reg_atr_compression_ratio_ts_band25_75==0),229ca82466e0,2,42,0,reg_atr_change_rate_ts_top20,regime,atr_change_rate,volatility,1
(*)|(*)|(reg_atr_change_rate_ts_band40_60==0&reg_atr_change_rate_ts_top30==0&reg_atr_change_rate_ts_top70==0&reg_atr_change_rate_ts_top80==0&reg_atr_compression_ratio_ts_band25_75==1),f1798201daf1,2,42,24,reg_atr_change_rate_ts_top80,regime,atr_change_rate,volatility,0
(*)|(*)|(reg_atr_change_rate_ts_band40_60==0&reg_atr_change_rate_ts_top30==0&reg_atr_change_rate_ts_top70==0&reg_atr_change_rate_ts_top80==0&reg_atr_compression_ratio_ts_band25_75==1),f1798201daf1,2,42,20,reg_atr_change_rate_ts_top70,regime,atr_change_rate,volatility,0
(*)|(*)|(reg_atr_change_rate_ts_band40_60==0&reg_atr_change_rate_ts_top30==0&reg_atr_change_rate_ts_top70==0&reg_atr_change_rate_ts_top80==0&reg_atr_compression_ratio_ts_band25_75==1),f1798201daf1,2,42,34,reg_atr_change_rate_ts_band40_60,regime,atr_change_rate,volatility,0
(*)|(*)|(reg_atr_change_rate_ts_band40_60==0&reg_atr_change_rate_ts_top30==0&reg_atr_change_rate_ts_top70==0&reg_atr_change_rate_ts_top80==0&reg_atr_compression_ratio_ts_band25_75==1),f1798201daf1,2,42,66,reg_atr_compression_ratio_ts_band25_75,regime,atr_compression_ratio,volatility_term_structure,1
(*)|(*)|(reg_atr_change_rate_ts_band40_60==0&reg_atr_change_rate_ts_top30==0&reg_atr_change_rate_ts_top70==0&reg_atr_change_rate_ts_top80==0&reg_atr_compression_ratio_ts_band25_75==1),f1798201daf1,2,42,4,reg_atr_change_rate_ts_top30,regime,atr_change_rate,volatility,0
(*)|(*)|(reg_atr_change_rate_ts_band40_60==0&reg_atr_change_rate_ts_top30==1&reg_atr_change_rate_ts_top40==0&reg_atr_change_rate_ts_top70==0&reg_atr_change_rate_ts_top80==0&reg_atr_compression_ratio_ts_band25_75==1),768f9ea18f94,2,42,24,reg_atr_change_rate_ts_top80,regime,atr_change_rate,volatility,0
(*)|(*)|(reg_atr_change_rate_ts_band40_60==0&reg_atr_change_rate_ts_top30==1&reg_atr_change_rate_ts_top40==0&reg_atr_change_rate_ts_top70==0&reg_atr_change_rate_ts_top80==0&reg_atr_compression_ratio_ts_band25_75==1),768f9ea18f94,2,42,20,reg_atr_change_rate_ts_top70,regime,atr_change_rate,volatility,0
(*)|(*)|(reg_atr_change_rate_ts_band40_60==0&reg_atr_change_rate_ts_top30==1&reg_atr_change_rate_ts_top40==0&reg_atr_change_rate_ts_top70==0&reg_atr_change_rate_ts_top80==0&reg_atr_compression_ratio_ts_band25_75==1),768f9ea18f94,2,42,34,reg_atr_change_rate_ts_band40_60,regime,atr_change_rate,volatility,0
(*)|(*)|(reg_atr_change_rate_ts_band40_60==0&reg_atr_change_rate_ts_top30==1&reg_atr_change_rate_ts_top40==0&reg_atr_change_rate_ts_top70==0&reg_atr_change_rate_ts_top80==0&reg_atr_compression_ratio_ts_band25_75==1),768f9ea18f94,2,42,66,reg_atr_compression_ratio_ts_band25_75,regime,atr_compression_ratio,volatility_term_structure,1
(*)|(*)|(reg_atr_change_rate_ts_band40_60==0&reg_atr_change_rate_ts_top30==1&reg_atr_change_rate_ts_top40==0&reg_atr_change_rate_ts_top70==0&reg_atr_change_rate_ts_top80==0&reg_atr_compression_ratio_ts_band25_75==1),768f9ea18f94,2,42,4,reg_atr_change_rate_ts_top30,regime,atr_change_rate,volatility,1
(*)|(*)|(reg_atr_change_rate_ts_band40_60==0&reg_atr_change_rate_ts_top30==1&reg_atr_change_rate_ts_top40==0&reg_atr_change_rate_ts_top70==0&reg_atr_change_rate_ts_top80==0&reg_atr_compression_ratio_ts_band25_75==1),768f9ea18f94,2,42,8,reg_atr_change_rate_ts_top40,regime,atr_change_rate,volatility,0
(*)|(*)|(reg_atr_change_rate_ts_band40_60==0&reg_atr_change_rate_ts_top30==1&reg_atr_change_rate_ts_top40==1&reg_atr_change_rate_ts_top70==0&reg_atr_change_rate_ts_top80==0&reg_atr_compression_ratio_ts_band25_75==1),7ab0ef12ace6,2,42,24,reg_atr_change_rate_ts_top80,regime,atr_change_rate,volatility,0
(*)|(*)|(reg_atr_change_rate_ts_band40_60==0&reg_atr_change_rate_ts_top30==1&reg_atr_change_rate_ts_top40==1&reg_atr_change_rate_ts_top70==0&reg_atr_change_rate_ts_top80==0&reg_atr_compression_ratio_ts_band25_75==1),7ab0ef12ace6,2,42,20,reg_atr_change_rate_ts_top70,regime,atr_change_rate,volatility,0
(*)|(*)|(reg_atr_change_rate_ts_band40_60==0&reg_atr_change_rate_ts_top30==1&reg_atr_change_rate_ts_top40==1&reg_atr_change_rate_ts_top70==0&reg_atr_change_rate_ts_top80==0&reg_atr_compression_ratio_ts_band25_75==1),7ab0ef12ace6,2,42,34,reg_atr_change_rate_ts_band40_60,regime,atr_change_rate,volatility,0
(*)|(*)|(reg_atr_change_rate_ts_band40_60==0&reg_atr_change_rate_ts_top30==1&reg_atr_change_rate_ts_top40==1&reg_atr_change_rate_ts_top70==0&reg_atr_change_rate_ts_top80==0&reg_atr_compression_ratio_ts_band25_75==1),7ab0ef12ace6,2,42,66,reg_atr_compression_ratio_ts_band25_75,regime,atr_compression_ratio,volatility_term_structure,1
(*)|(*)|(reg_atr_change_rate_ts_band40_60==0&reg_atr_change_rate_ts_top30==1&reg_atr_change_rate_ts_top40==1&reg_atr_change_rate_ts_top70==0&reg_atr_change_rate_ts_top80==0&reg_atr_compression_ratio_ts_band25_75==1),7ab0ef12ace6,2,42,4,reg_atr_change_rate_ts_top30,regime,atr_change_rate,volatility,1
(*)|(*)|(reg_atr_change_rate_ts_band40_60==0&reg_atr_change_rate_ts_top30==1&reg_atr_change_rate_ts_top40==1&reg_atr_change_rate_ts_top70==0&reg_atr_change_rate_ts_top80==0&reg_atr_compression_ratio_ts_band25_75==1),7ab0ef12ace6,2,42,8,reg_atr_change_rate_ts_top40,regime,atr_change_rate,volatility,1
(*)|(loc_dist_ema20_atr_ts_top50==0)|(reg_atr_change_rate_ts_band40_60==1&reg_atr_change_rate_ts_top70==0&reg_atr_change_rate_ts_top80==0),2ad72fa86fa3,2,42,24,reg_atr_change_rate_ts_top80,regime,atr_change_rate,volatility,0
(*)|(loc_dist_ema20_atr_ts_top50==0)|(reg_atr_change_rate_ts_band40_60==1&reg_atr_change_rate_ts_top70==0&reg_atr_change_rate_ts_top80==0),2ad72fa86fa3,2,42,20,reg_atr_change_rate_ts_top70,regime,atr_change_rate,volatility,0
(*)|(loc_dist_ema20_atr_ts_top50==0)|(reg_atr_change_rate_ts_band40_60==1&reg_atr_change_rate_ts_top70==0&reg_atr_change_rate_ts_top80==0),2ad72fa86fa3,2,42,34,reg_atr_change_rate_ts_band40_60,regime,atr_change_rate,volatility,1
(*)|(loc_dist_ema20_atr_ts_top50==0)|(reg_atr_change_rate_ts_band40_60==1&reg_atr_change_rate_ts_top70==0&reg_atr_change_rate_ts_top80==0),2ad72fa86fa3,2,42,13,loc_dist_ema20_atr_ts_top50,location,dist_ema20_atr,context,0
(*)|(loc_dist_ema20_atr_ts_top50==1)|(reg_atr_change_rate_ts_band40_60==1&reg_atr_change_rate_ts_top70==0&reg_atr_change_rate_ts_top80==0),cca8310ffa09,2,42,24,reg_atr_change_rate_ts_top80,regime,atr_change_rate,volatility,0
(*)|(loc_dist_ema20_atr_ts_top50==1)|(reg_atr_change_rate_ts_band40_60==1&reg_atr_change_rate_ts_top70==0&reg_atr_change_rate_ts_top80==0),cca8310ffa09,2,42,20,reg_atr_change_rate_ts_top70,regime,atr_change_rate,volatility,0
(*)|(loc_dist_ema20_atr_ts_top50==1)|(reg_atr_change_rate_ts_band40_60==1&reg_atr_change_rate_ts_top70==0&reg_atr_change_rate_ts_top80==0),cca8310ffa09,2,42,34,reg_atr_change_rate_ts_band40_60,regime,atr_change_rate,volatility,1
(*)|(loc_dist_ema20_atr_ts_top50==1)|(reg_atr_change_rate_ts_band40_60==1&reg_atr_change_rate_ts_top70==0&reg_atr_change_rate_ts_top80==0),cca8310ffa09,2,42,13,loc_dist_ema20_atr_ts_top50,location,dist_ema20_atr,context,1
(*)|(*)|(reg_atr_change_rate_ts_top70==1&reg_atr_change_rate_ts_top80==0&reg_atr_compression_ratio_ts_band25_75==0),7b552a200524,2,42,24,reg_atr_change_rate_ts_top80,regime,atr_change_rate,volatility,0
(*)|(*)|(reg_atr_change_rate_ts_top70==1&reg_atr_change_rate_ts_top80==0&reg_atr_compression_ratio_ts_band25_75==0),7b552a200524,2,42,20,reg_atr_change_rate_ts_top70,regime,atr_change_rate,volatility,1
(*)|(*)|(reg_atr_change_rate_ts_top70==1&reg_atr_change_rate_ts_top80==0&reg_atr_compression_ratio_ts_band25_75==0),7b552a200524,2,42,66,reg_atr_compression_ratio_ts_band25_75,regime,atr_compression_ratio,volatility_term_structure,0
(*)|(*)|(reg_atr_change_rate_ts_top70==1&reg_atr_change_rate_ts_top80==0&reg_atr_compression_ratio_ts_band25_75==1),d8f7a5019c98,2,42,24,reg_atr_change_rate_ts_top80,regime,atr_change_rate,volatility,0
(*)|(*)|(reg_atr_change_rate_ts_top70==1&reg_atr_change_rate_ts_top80==0&reg_atr_compression_ratio_ts_band25_75==1),d8f7a5019c98,2,42,20,reg_atr_change_rate_ts_top70,regime,atr_change_rate,volatility,1
(*)|(*)|(reg_atr_change_rate_ts_top70==1&reg_atr_change_rate_ts_top80==0&reg_atr_compression_ratio_ts_band25_75==1),d8f7a5019c98,2,42,66,reg_atr_compression_ratio_ts_band25_75,regime,atr_compression_ratio,volatility_term_structure,1
(*)|(*)|(reg_atr_change_rate_ts_top80==1),5462ebe03eea,2,42,24,reg_atr_change_rate_ts_top80,regime,atr_change_rate,volatility,1
(*)|(loc_dist_ema20_atr_ts_top20==1)|(reg_atr_change_rate_ts_band25_75==0&reg_atr_change_rate_ts_top80==0&reg_atr_compression_ratio_ts_band30_70==0),a1de25257130,2,42,24,reg_atr_change_rate_ts_top80,regime,atr_change_rate,volatility,0
(*)|(loc_dist_ema20_atr_ts_top20==1)|(reg_atr_change_rate_ts_band25_75==0&reg_atr_change_rate_ts_top80==0&reg_atr_compression_ratio_ts_band30_70==0),a1de25257130,2,42,68,reg_atr_compression_ratio_ts_band30_70,regime,atr_compression_ratio,volatility_term_structure,0
(*)|(loc_dist_ema20_atr_ts_top20==1)|(reg_atr_change_rate_ts_band25_75==0&reg_atr_change_rate_ts_top80==0&reg_atr_compression_ratio_ts_band30_70==0),a1de25257130,2,42,30,reg_atr_change_rate_ts_band25_75,regime,atr_change_rate,volatility,0
(*)|(loc_dist_ema20_atr_ts_top20==1)|(reg_atr_change_rate_ts_band25_75==0&reg_atr_change_rate_ts_top80==0&reg_atr_compression_ratio_ts_band30_70==0),a1de25257130,2,42,1,loc_dist_ema20_atr_ts_top20,location,dist_ema20_atr,context,1
(*)|(loc_dist_ema20_atr_ts_top20==1&loc_dist_ema20_atr_ts_top30==0)|(reg_atr_change_rate_ts_band25_75==1&reg_atr_change_rate_ts_top80==0&reg_atr_compression_ratio_ts_band30_70==0),6077d324bf40,2,42,24,reg_atr_change_rate_ts_top80,regime,atr_change_rate,volatility,0
(*)|(loc_dist_ema20_atr_ts_top20==1&loc_dist_ema20_atr_ts_top30==0)|(reg_atr_change_rate_ts_band25_75==1&reg_atr_change_rate_ts_top80==0&reg_atr_compression_ratio_ts_band30_70==0),6077d324bf40,2,42,68,reg_atr_compression_ratio_ts_band30_70,regime,atr_compression_ratio,volatility_term_structure,0
(*)|(loc_dist_ema20_atr_ts_top20==1&loc_dist_ema20_atr_ts_top30==0)|(reg_atr_change_rate_ts_band25_75==1&reg_atr_change_rate_ts_top80==0&reg_atr_compression_ratio_ts_band30_70==0),6077d324bf40,2,42,30,reg_atr_change_rate_ts_band25_75,regime,atr_change_rate,volatility,1
(*)|(loc_dist_ema20_atr_ts_top20==1&loc_dist_ema20_atr_ts_top30==0)|(reg_atr_change_rate_ts_band25_75==1&reg_atr_change_rate_ts_top80==0&reg_atr_compression_ratio_ts_band30_70==0),6077d324bf40,2,42,1,loc_dist_ema20_atr_ts_top20,location,dist_ema20_atr,context,1
(*)|(loc_dist_ema20_atr_ts_top20==1&loc_dist_ema20_atr_ts_top30==0)|(reg_atr_change_rate_ts_band25_75==1&reg_atr_change_rate_ts_top80==0&reg_atr_compression_ratio_ts_band30_70==0),6077d324bf40,2,42,5,loc_dist_ema20_atr_ts_top30,location,dist_ema20_atr,context,0
(*)|(loc_dist_ema20_atr_ts_top20==1&loc_dist_ema20_atr_ts_top30==1)|(reg_atr_change_rate_ts_band25_75==1&reg_atr_change_rate_ts_top80==0&reg_atr_compression_ratio_ts_band30_70==0),2c722f520a8e,2,42,24,reg_atr_change_rate_ts_top80,regime,atr_change_rate,volatility,0
(*)|(loc_dist_ema20_atr_ts_top20==1&loc_dist_ema20_atr_ts_top30==1)|(reg_atr_change_rate_ts_band25_75==1&reg_atr_change_rate_ts_top80==0&reg_atr_compression_ratio_ts_band30_70==0),2c722f520a8e,2,42,68,reg_atr_compression_ratio_ts_band30_70,regime,atr_compression_ratio,volatility_term_structure,0
(*)|(loc_dist_ema20_atr_ts_top20==1&loc_dist_ema20_atr_ts_top30==1)|(reg_atr_change_rate_ts_band25_75==1&reg_atr_change_rate_ts_top80==0&reg_atr_compression_ratio_ts_band30_70==0),2c722f520a8e,2,42,30,reg_atr_change_rate_ts_band25_75,regime,atr_change_rate,volatility,1
(*)|(loc_dist_ema20_atr_ts_top20==1&loc_dist_ema20_atr_ts_top30==1)|(reg_atr_change_rate_ts_band25_75==1&reg_atr_change_rate_ts_top80==0&reg_atr_compression_ratio_ts_band30_70==0),2c722f520a8e,2,42,1,loc_dist_ema20_atr_ts_top20,location,dist_ema20_atr,context,1
(*)|(loc_dist_ema20_atr_ts_top20==1&loc_dist_ema20_atr_ts_top30==1)|(reg_atr_change_rate_ts_band25_75==1&reg_atr_change_rate_ts_top80==0&reg_atr_compression_ratio_ts_band30_70==0),2c722f520a8e,2,42,5,loc_dist_ema20_atr_ts_top30,location,dist_ema20_atr,context,1
(*)|(*)|(reg_atr_change_rate_ts_top40==0&reg_atr_change_rate_ts_top50==0&reg_atr_change_rate_ts_top80==0&reg_atr_compression_ratio_ts_band30_70==1),9da93c5f77c2,2,42,24,reg_atr_change_rate_ts_top80,regime,atr_change_rate,volatility,0
(*)|(*)|(reg_atr_change_rate_ts_top40==0&reg_atr_change_rate_ts_top50==0&reg_atr_change_rate_ts_top80==0&reg_atr_compression_ratio_ts_band30_70==1),9da93c5f77c2,2,42,68,reg_atr_compression_ratio_ts_band30_70,regime,atr_compression_ratio,volatility_term_structure,1
(*)|(*)|(reg_atr_change_rate_ts_top40==0&reg_atr_change_rate_ts_top50==0&reg_atr_change_rate_ts_top80==0&reg_atr_compression_ratio_ts_band30_70==1),9da93c5f77c2,2,42,12,reg_atr_change_rate_ts_top50,regime,atr_change_rate,volatility,0
(*)|(*)|(reg_atr_change_rate_ts_top40==0&reg_atr_change_rate_ts_top50==0&reg_atr_change_rate_ts_top80==0&reg_atr_compression_ratio_ts_band30_70==1),9da93c5f77c2,2,42,8,reg_atr_change_rate_ts_top40,regime,atr_change_rate,volatility,0
(*)|(*)|(reg_atr_change_rate_ts_top40==1&reg_atr_change_rate_ts_top50==0&reg_atr_change_rate_ts_top80==0&reg_atr_compression_ratio_ts_band30_70==1),ad4640ac4ad1,2,42,24,reg_atr_change_rate_ts_top80,regime,atr_change_rate,volatility,0
(*)|(*)|(reg_atr_change_rate_ts_top40==1&reg_atr_change_rate_ts_top50==0&reg_atr_change_rate_ts_top80==0&reg_atr_compression_ratio_ts_band30_70==1),ad4640ac4ad1,2,42,68,reg_atr_compression_ratio_ts_band30_70,regime,atr_compression_ratio,volatility_term_structure,1
(*)|(*)|(reg_atr_change_rate_ts_top40==1&reg_atr_change_rate_ts_top50==0&reg_atr_change_rate_ts_top80==0&reg_atr_compression_ratio_ts_band30_70==1),ad4640ac4ad1,2,42,12,reg_atr_change_rate_ts_top50,regime,atr_change_rate,volatility,0
(*)|(*)|(reg_atr_change_rate_ts_top40==1&reg_atr_change_rate_ts_top50==0&reg_atr_change_rate_ts_top80==0&reg_atr_compression_ratio_ts_band30_70==1),ad4640ac4ad1,2,42,8,reg_atr_change_rate_ts_top40,regime,atr_change_rate,volatility,1
(*)|(*)|(reg_atr_change_rate_ts_top50==1&reg_atr_change_rate_ts_top60==0&reg_atr_change_rate_ts_top80==0&reg_atr_compression_ratio_ts_band30_70==1),8124b68e2642,2,42,24,reg_atr_change_rate_ts_top80,regime,atr_change_rate,volatility,0
(*)|(*)|(reg_atr_change_rate_ts_top50==1&reg_atr_change_rate_ts_top60==0&reg_atr_change_rate_ts_top80==0&reg_atr_compression_ratio_ts_band30_70==1),8124b68e2642,2,42,68,reg_atr_compression_ratio_ts_band30_70,regime,atr_compression_ratio,volatility_term_structure,1
(*)|(*)|(reg_atr_change_rate_ts_top50==1&reg_atr_change_rate_ts_top60==0&reg_atr_change_rate_ts_top80==0&reg_atr_compression_ratio_ts_band30_70==1),8124b68e2642,2,42,12,reg_atr_change_rate_ts_top50,regime,atr_change_rate,volatility,1
(*)|(*)|(reg_atr_change_rate_ts_top50==1&reg_atr_change_rate_ts_top60==0&reg_atr_change_rate_ts_top80==0&reg_atr_compression_ratio_ts_band30_70==1),8124b68e2642,2,42,16,reg_atr_change_rate_ts_top60,regime,atr_change_rate,volatility,0
(*)|(*)|(reg_atr_change_rate_ts_top50==1&reg_atr_change_rate_ts_top60==1&reg_atr_change_rate_ts_top80==0&reg_atr_compression_ratio_ts_band30_70==1),e65c860589aa,2,42,24,reg_atr_change_rate_ts_top80,regime,atr_change_rate,volatility,0
(*)|(*)|(reg_atr_change_rate_ts_top50==1&reg_atr_change_rate_ts_top60==1&reg_atr_change_rate_ts_top80==0&reg_atr_compression_ratio_ts_band30_70==1),e65c860589aa,2,42,68,reg_atr_compression_ratio_ts_band30_70,regime,atr_compression_ratio,volatility_term_structure,1
(*)|(*)|(reg_atr_change_rate_ts_top50==1&reg_atr_change_rate_ts_top60==1&reg_atr_change_rate_ts_top80==0&reg_atr_compression_ratio_ts_band30_70==1),e65c860589aa,2,42,12,reg_atr_change_rate_ts_top50,regime,atr_change_rate,volatility,1
(*)|(*)|(reg_atr_change_rate_ts_top50==1&reg_atr_change_rate_ts_top60==1&reg_atr_change_rate_ts_top80==0&reg_atr_compression_ratio_ts_band30_70==1),e65c860589aa,2,42,16,reg_atr_change_rate_ts_top60,regime,atr_change_rate,volatility,1
(*)|(*)|(reg_atr_change_rate_ts_top80==1),98f8323774cb,2,42,24,reg_atr_change_rate_ts_top80,regime,atr_change_rate,volatility,1
(*)|(*)|(reg_atr_change_rate_ts_band25_75==0&reg_atr_change_rate_ts_top20==1&reg_atr_change_rate_ts_top30==0&reg_atr_change_rate_ts_top80==0),c63621758180,2,42,24,reg_atr_change_rate_ts_top80,regime,atr_change_rate,volatility,0
(*)|(*)|(reg_atr_change_rate_ts_band25_75==0&reg_atr_change_rate_ts_top20==1&reg_atr_change_rate_ts_top30==0&reg_atr_change_rate_ts_top80==0),c63621758180,2,42,4,reg_atr_change_rate_ts_top30,regime,atr_change_rate,volatility,0
(*)|(*)|(reg_atr_change_rate_ts_band25_75==0&reg_atr_change_rate_ts_top20==1&reg_atr_change_rate_ts_top30==0&reg_atr_change_rate_ts_top80==0),c63621758180,2,42,30,reg_atr_change_rate_ts_band25_75,regime,atr_change_rate,volatility,0
(*)|(*)|(reg_atr_change_rate_ts_band25_75==0&reg_atr_change_rate_ts_top20==1&reg_atr_change_rate_ts_top30==0&reg_atr_change_rate_ts_top80==0),c63621758180,2,42,0,reg_atr_change_rate_ts_top20,regime,atr_change_rate,volatility,1
(*)|(*)|(reg_atr_change_rate_ts_band25_75==1&reg_atr_change_rate_ts_top30==0&reg_atr_change_rate_ts_top80==0),92851e3ee4b2,2,42,24,reg_atr_change_rate_ts_top80,regime,atr_change_rate,volatility,0
(*)|(*)|(reg_atr_change_rate_ts_band25_75==1&reg_atr_change_rate_ts_top30==0&reg_atr_change_rate_ts_top80==0),92851e3ee4b2,2,42,4,reg_atr_change_rate_ts_top30,regime,atr_change_rate,volatility,0
(*)|(*)|(reg_atr_change_rate_ts_band25_75==1&reg_atr_change_rate_ts_top30==0&reg_atr_change_rate_ts_top80==0),92851e3ee4b2,2,42,30,reg_atr_change_rate_ts_band25_75,regime,atr_change_rate,volatility,1
(*)|(*)|(reg_atr_change_rate_ts_band25_75==0&reg_atr_change_rate_ts_top30==1&reg_atr_change_rate_ts_top80==0),45cf6243d7b0,2,42,24,reg_atr_change_rate_ts_top80,regime,atr_change_rate,volatility,0
(*)|(*)|(reg_atr_change_rate_ts_band25_75==0&reg_atr_change_rate_ts_top30==1&reg_atr_change_rate_ts_top80==0),45cf6243d7b0,2,42,4,reg_atr_change_rate_ts_top30,regime,atr_change_rate,volatility,1
(*)|(*)|(reg_atr_change_rate_ts_band25_75==0&reg_atr_change_rate_ts_top30==1&reg_atr_change_rate_ts_top80==0),45cf6243d7b0,2,42,30,reg_atr_change_rate_ts_band25_75,regime,atr_change_rate,volatility,0
(*)|(loc_dist_ema20_atr_ts_top40==0)|(reg_atr_change_rate_ts_band25_75==1&reg_atr_change_rate_ts_top30==1&reg_atr_change_rate_ts_top70==0&reg_atr_change_rate_ts_top80==0),4a7975b9608a,2,42,24,reg_atr_change_rate_ts_top80,regime,atr_change_rate,volatility,0
(*)|(loc_dist_ema20_atr_ts_top40==0)|(reg_atr_change_rate_ts_band25_75==1&reg_atr_change_rate_ts_top30==1&reg_atr_change_rate_ts_top70==0&reg_atr_change_rate_ts_top80==0),4a7975b9608a,2,42,4,reg_atr_change_rate_ts_top30,regime,atr_change_rate,volatility,1
(*)|(loc_dist_ema20_atr_ts_top40==0)|(reg_atr_change_rate_ts_band25_75==1&reg_atr_change_rate_ts_top30==1&reg_atr_change_rate_ts_top70==0&reg_atr_change_rate_ts_top80==0),4a7975b9608a,2,42,30,reg_atr_change_rate_ts_band25_75,regime,atr_change_rate,volatility,1
(*)|(loc_dist_ema20_atr_ts_top40==0)|(reg_atr_change_rate_ts_band25_75==1&reg_atr_change_rate_ts_top30==1&reg_atr_change_rate_ts_top70==0&reg_atr_change_rate_ts_top80==0),4a7975b9608a,2,42,20,reg_atr_change_rate_ts_top70,regime,atr_change_rate,volatility,0
(*)|(loc_dist_ema20_atr_ts_top40==0)|(reg_atr_change_rate_ts_band25_75==1&reg_atr_change_rate_ts_top30==1&reg_atr_change_rate_ts_top70==0&reg_atr_change_rate_ts_top80==0),4a7975b9608a,2,42,9,loc_dist_ema20_atr_ts_top40,location,dist_ema20_atr,context,0
(*)|(loc_dist_ema20_atr_ts_top40==1&loc_dist_ema20_atr_ts_top50==0)|(reg_atr_change_rate_ts_band25_75==1&reg_atr_change_rate_ts_top30==1&reg_atr_change_rate_ts_top70==0&reg_atr_change_rate_ts_top80==0),7e9c9d838b34,2,42,24,reg_atr_change_rate_ts_top80,regime,atr_change_rate,volatility,0
(*)|(loc_dist_ema20_atr_ts_top40==1&loc_dist_ema20_atr_ts_top50==0)|(reg_atr_change_rate_ts_band25_75==1&reg_atr_change_rate_ts_top30==1&reg_atr_change_rate_ts_top70==0&reg_atr_change_rate_ts_top80==0),7e9c9d838b34,2,42,4,reg_atr_change_rate_ts_top30,regime,atr_change_rate,volatility,1
(*)|(loc_dist_ema20_atr_ts_top40==1&loc_dist_ema20_atr_ts_top50==0)|(reg_atr_change_rate_ts_band25_75==1&reg_atr_change_rate_ts_top30==1&reg_atr_change_rate_ts_top70==0&reg_atr_change_rate_ts_top80==0),7e9c9d838b34,2,42,30,reg_atr_change_rate_ts_band25_75,regime,atr_change_rate,volatility,1
(*)|(loc_dist_ema20_atr_ts_top40==1&loc_dist_ema20_atr_ts_top50==0)|(reg_atr_change_rate_ts_band25_75==1&reg_atr_change_rate_ts_top30==1&reg_atr_change_rate_ts_top70==0&reg_atr_change_rate_ts_top80==0),7e9c9d838b34,2,42,20,reg_atr_change_rate_ts_top70,regime,atr_change_rate,volatility,0
(*)|(loc_dist_ema20_atr_ts_top40==1&loc_dist_ema20_atr_ts_top50==0)|(reg_atr_change_rate_ts_band25_75==1&reg_atr_change_rate_ts_top30==1&reg_atr_change_rate_ts_top70==0&reg_atr_change_rate_ts_top80==0),7e9c9d838b34,2,42,9,loc_dist_ema20_atr_ts_top40,location,dist_ema20_atr,context,1
(*)|(loc_dist_ema20_atr_ts_top40==1&loc_dist_ema20_atr_ts_top50==0)|(reg_atr_change_rate_ts_band25_75==1&reg_atr_change_rate_ts_top30==1&reg_atr_change_rate_ts_top70==0&reg_atr_change_rate_ts_top80==0),7e9c9d838b34,2,42,13,loc_dist_ema20_atr_ts_top50,location,dist_ema20_atr,context,0
(*)|(loc_dist_ema20_atr_ts_top40==1&loc_dist_ema20_atr_ts_top50==1)|(reg_atr_change_rate_ts_band25_75==1&reg_atr_change_rate_ts_top30==1&reg_atr_change_rate_ts_top70==0&reg_atr_change_rate_ts_top80==0),bbb58fa6f49e,2,42,24,reg_atr_change_rate_ts_top80,regime,atr_change_rate,volatility,0
(*)|(loc_dist_ema20_atr_ts_top40==1&loc_dist_ema20_atr_ts_top50==1)|(reg_atr_change_rate_ts_band25_75==1&reg_atr_change_rate_ts_top30==1&reg_atr_change_rate_ts_top70==0&reg_atr_change_rate_ts_top80==0),bbb58fa6f49e,2,42,4,reg_atr_change_rate_ts_top30,regime,atr_change_rate,volatility,1
(*)|(loc_dist_ema20_atr_ts_top40==1&loc_dist_ema20_atr_ts_top50==1)|(reg_atr_change_rate_ts_band25_75==1&reg_atr_change_rate_ts_top30==1&reg_atr_change_rate_ts_top70==0&reg_atr_change_rate_ts_top80==0),bbb58fa6f49e,2,42,30,reg_atr_change_rate_ts_band25_75,regime,atr_change_rate,volatility,1
(*)|(loc_dist_ema20_atr_ts_top40==1&loc_dist_ema20_atr_ts_top50==1)|(reg_atr_change_rate_ts_band25_75==1&reg_atr_change_rate_ts_top30==1&reg_atr_change_rate_ts_top70==0&reg_atr_change_rate_ts_top80==0),bbb58fa6f49e,2,42,20,reg_atr_change_rate_ts_top70,regime,atr_change_rate,volatility,0
(*)|(loc_dist_ema20_atr_ts_top40==1&loc_dist_ema20_atr_ts_top50==1)|(reg_atr_change_rate_ts_band25_75==1&reg_atr_change_rate_ts_top30==1&reg_atr_change_rate_ts_top70==0&reg_atr_change_rate_ts_top80==0),bbb58fa6f49e,2,42,9,loc_dist_ema20_atr_ts_top40,location,dist_ema20_atr,context,1
(*)|(loc_dist_ema20_atr_ts_top40==1&loc_dist_ema20_atr_ts_top50==1)|(reg_atr_change_rate_ts_band25_75==1&reg_atr_change_rate_ts_top30==1&reg_atr_change_rate_ts_top70==0&reg_atr_change_rate_ts_top80==0),bbb58fa6f49e,2,42,13,loc_dist_ema20_atr_ts_top50,location,dist_ema20_atr,context,1
(*)|(*)|(reg_atr_change_rate_ts_band25_75==1&reg_atr_change_rate_ts_top30==1&reg_atr_change_rate_ts_top70==1&reg_atr_change_rate_ts_top80==0),728b4fa66146,2,42,24,reg_atr_change_rate_ts_top80,regime,atr_change_rate,volatility,0
(*)|(*)|(reg_atr_change_rate_ts_band25_75==1&reg_atr_change_rate_ts_top30==1&reg_atr_change_rate_ts_top70==1&reg_atr_change_rate_ts_top80==0),728b4fa66146,2,42,4,reg_atr_change_rate_ts_top30,regime,atr_change_rate,volatility,1
(*)|(*)|(reg_atr_change_rate_ts_band25_75==1&reg_atr_change_rate_ts_top30==1&reg_atr_change_rate_ts_top70==1&reg_atr_change_rate_ts_top80==0),728b4fa66146,2,42,30,reg_atr_change_rate_ts_band25_75,regime,atr_change_rate,volatility,1
(*)|(*)|(reg_atr_change_rate_ts_band25_75==1&reg_atr_change_rate_ts_top30==1&reg_atr_change_rate_ts_top70==1&reg_atr_change_rate_ts_top80==0),728b4fa66146,2,42,20,reg_atr_change_rate_ts_top70,regime,atr_change_rate,volatility,1
(*)|(*)|(reg_atr_change_rate_ts_top80==1),9c6926f30909,2,42,24,reg_atr_change_rate_ts_top80,regime,atr_change_rate,volatility,1
(*)|(loc_dist_ema20_atr_ts_top20==1)|(reg_atr_change_rate_ts_band20_80==0),9fc16bac93f1,2,42,28,reg_atr_change_rate_ts_band20_80,regime,atr_change_rate,volatility,0
(*)|(loc_dist_ema20_atr_ts_top20==1)|(reg_atr_change_rate_ts_band20_80==0),9fc16bac93f1,2,42,1,loc_dist_ema20_atr_ts_top20,location,dist_ema20_atr,context,1
(*)|(*)|(reg_atr_change_rate_ts_band20_80==1&reg_atr_change_rate_ts_band25_75==0&reg_atr_change_rate_ts_band30_70==0&reg_atr_change_rate_ts_top30==0),989b6184c6cd,2,42,28,reg_atr_change_rate_ts_band20_80,regime,atr_change_rate,volatility,1
(*)|(*)|(reg_atr_change_rate_ts_band20_80==1&reg_atr_change_rate_ts_band25_75==0&reg_atr_change_rate_ts_band30_70==0&reg_atr_change_rate_ts_top30==0),989b6184c6cd,2,42,32,reg_atr_change_rate_ts_band30_70,regime,atr_change_rate,volatility,0
(*)|(*)|(reg_atr_change_rate_ts_band20_80==1&reg_atr_change_rate_ts_band25_75==0&reg_atr_change_rate_ts_band30_70==0&reg_atr_change_rate_ts_top30==0),989b6184c6cd,2,42,4,reg_atr_change_rate_ts_top30,regime,atr_change_rate,volatility,0
(*)|(*)|(reg_atr_change_rate_ts_band20_80==1&reg_atr_change_rate_ts_band25_75==0&reg_atr_change_rate_ts_band30_70==0&reg_atr_change_rate_ts_top30==0),989b6184c6cd,2,42,30,reg_atr_change_rate_ts_band25_75,regime,atr_change_rate,volatility,0
(*)|(*)|(reg_atr_change_rate_ts_band20_80==1&reg_atr_change_rate_ts_band25_75==1&reg_atr_change_rate_ts_band30_70==0&reg_atr_change_rate_ts_top30==0),ac409a20ae32,2,42,28,reg_atr_change_rate_ts_band20_80,regime,atr_change_rate,volatility,1
(*)|(*)|(reg_atr_change_rate_ts_band20_80==1&reg_atr_change_rate_ts_band25_75==1&reg_atr_change_rate_ts_band30_70==0&reg_atr_change_rate_ts_top30==0),ac409a20ae32,2,42,32,reg_atr_change_rate_ts_band30_70,regime,atr_change_rate,volatility,0
(*)|(*)|(reg_atr_change_rate_ts_band20_80==1&reg_atr_change_rate_ts_band25_75==1&reg_atr_change_rate_ts_band30_70==0&reg_atr_change_rate_ts_top30==0),ac409a20ae32,2,42,4,reg_atr_change_rate_ts_top30,regime,atr_change_rate,volatility,0
(*)|(*)|(reg_atr_change_rate_ts_band20_80==1&reg_atr_change_rate_ts_band25_75==1&reg_atr_change_rate_ts_band30_70==0&reg_atr_change_rate_ts_top30==0),ac409a20ae32,2,42,30,reg_atr_change_rate_ts_band25_75,regime,atr_change_rate,volatility,1
(*)|(*)|(reg_atr_change_rate_ts_band20_80==1&reg_atr_change_rate_ts_band25_75==0&reg_atr_change_rate_ts_band30_70==0&reg_atr_change_rate_ts_top30==1),ef233c0fe1fd,2,42,28,reg_atr_change_rate_ts_band20_80,regime,atr_change_rate,volatility,1
(*)|(*)|(reg_atr_change_rate_ts_band20_80==1&reg_atr_change_rate_ts_band25_75==0&reg_atr_change_rate_ts_band30_70==0&reg_atr_change_rate_ts_top30==1),ef233c0fe1fd,2,42,32,reg_atr_change_rate_ts_band30_70,regime,atr_change_rate,volatility,0
(*)|(*)|(reg_atr_change_rate_ts_band20_80==1&reg_atr_change_rate_ts_band25_75==0&reg_atr_change_rate_ts_band30_70==0&reg_atr_change_rate_ts_top30==1),ef233c0fe1fd,2,42,4,reg_atr_change_rate_ts_top30,regime,atr_change_rate,volatility,1
(*)|(*)|(reg_atr_change_rate_ts_band20_80==1&reg_atr_change_rate_ts_band25_75==0&reg_atr_change_rate_ts_band30_70==0&reg_atr_change_rate_ts_top30==1),ef233c0fe1fd,2,42,30,reg_atr_change_rate_ts_band25_75,regime,atr_change_rate,volatility,0
(*)|(*)|(reg_atr_change_rate_ts_band20_80==1&reg_atr_change_rate_ts_band25_75==1&reg_atr_change_rate_ts_band30_70==0&reg_atr_change_rate_ts_top30==1),225a9dcfb83a,2,42,28,reg_atr_change_rate_ts_band20_80,regime,atr_change_rate,volatility,1
(*)|(*)|(reg_atr_change_rate_ts_band20_80==1&reg_atr_change_rate_ts_band25_75==1&reg_atr_change_rate_ts_band30_70==0&reg_atr_change_rate_ts_top30==1),225a9dcfb83a,2,42,32,reg_atr_change_rate_ts_band30_70,regime,atr_change_rate,volatility,0
(*)|(*)|(reg_atr_change_rate_ts_band20_80==1&reg_atr_change_rate_ts_band25_75==1&reg_atr_change_rate_ts_band30_70==0&reg_atr_change_rate_ts_top30==1),225a9dcfb83a,2,42,4,reg_atr_change_rate_ts_top30,regime,atr_change_rate,volatility,1
(*)|(*)|(reg_atr_change_rate_ts_band20_80==1&reg_atr_change_rate_ts_band25_75==1&reg_atr_change_rate_ts_band30_70==0&reg_atr_change_rate_ts_top30==1),225a9dcfb83a,2,42,30,reg_atr_change_rate_ts_band25_75,regime,atr_change_rate,volatility,1
(*)|(loc_dist_ema20_atr_ts_top40==0)|(reg_atr_change_rate_ts_band20_80==1&reg_atr_change_rate_ts_band30_70==1&reg_atr_change_rate_ts_band40_60==0),d639bda8fb8b,2,42,28,reg_atr_change_rate_ts_band20_80,regime,atr_change_rate,volatility,1
(*)|(loc_dist_ema20_atr_ts_top40==0)|(reg_atr_change_rate_ts_band20_80==1&reg_atr_change_rate_ts_band30_70==1&reg_atr_change_rate_ts_band40_60==0),d639bda8fb8b,2,42,32,reg_atr_change_rate_ts_band30_70,regime,atr_change_rate,volatility,1
(*)|(loc_dist_ema20_atr_ts_top40==0)|(reg_atr_change_rate_ts_band20_80==1&reg_atr_change_rate_ts_band30_70==1&reg_atr_change_rate_ts_band40_60==0),d639bda8fb8b,2,42,34,reg_atr_change_rate_ts_band40_60,regime,atr_change_rate,volatility,0
(*)|(loc_dist_ema20_atr_ts_top40==0)|(reg_atr_change_rate_ts_band20_80==1&reg_atr_change_rate_ts_band30_70==1&reg_atr_change_rate_ts_band40_60==0),d639bda8fb8b,2,42,9,loc_dist_ema20_atr_ts_top40,location,dist_ema20_atr,context,0
(*)|(loc_dist_ema20_atr_ts_top40==1)|(reg_atr_change_rate_ts_band20_80==1&reg_atr_change_rate_ts_band30_70==1&reg_atr_change_rate_ts_band40_60==0),840d2986da8f,2,42,28,reg_atr_change_rate_ts_band20_80,regime,atr_change_rate,volatility,1
(*)|(loc_dist_ema20_atr_ts_top40==1)|(reg_atr_change_rate_ts_band20_80==1&reg_atr_change_rate_ts_band30_70==1&reg_atr_change_rate_ts_band40_60==0),840d2986da8f,2,42,32,reg_atr_change_rate_ts_band30_70,regime,atr_change_rate,volatility,1
(*)|(loc_dist_ema20_atr_ts_top40==1)|(reg_atr_change_rate_ts_band20_80==1&reg_atr_change_rate_ts_band30_70==1&reg_atr_change_rate_ts_band40_60==0),840d2986da8f,2,42,34,reg_atr_change_rate_ts_band40_60,regime,atr_change_rate,volatility,0
(*)|(loc_dist_ema20_atr_ts_top40==1)|(reg_atr_change_rate_ts_band20_80==1&reg_atr_change_rate_ts_band30_70==1&reg_atr_change_rate_ts_band40_60==0),840d2986da8f,2,42,9,loc_dist_ema20_atr_ts_top40,location,dist_ema20_atr,context,1
(*)|(loc_dist_ema20_atr_ts_top50==0)|(reg_atr_change_rate_ts_band20_80==1&reg_atr_change_rate_ts_band30_70==1&reg_atr_change_rate_ts_band40_60==1),428297c8e96c,2,42,28,reg_atr_change_rate_ts_band20_80,regime,atr_change_rate,volatility,1
(*)|(loc_dist_ema20_atr_ts_top50==0)|(reg_atr_change_rate_ts_band20_80==1&reg_atr_change_rate_ts_band30_70==1&reg_atr_change_rate_ts_band40_60==1),428297c8e96c,2,42,32,reg_atr_change_rate_ts_band30_70,regime,atr_change_rate,volatility,1
(*)|(loc_dist_ema20_atr_ts_top50==0)|(reg_atr_change_rate_ts_band20_80==1&reg_atr_change_rate_ts_band30_70==1&reg_atr_change_rate_ts_band40_60==1),428297c8e96c,2,42,34,reg_atr_change_rate_ts_band40_60,regime,atr_change_rate,volatility,1
(*)|(loc_dist_ema20_atr_ts_top50==0)|(reg_atr_change_rate_ts_band20_80==1&reg_atr_change_rate_ts_band30_70==1&reg_atr_change_rate_ts_band40_60==1),428297c8e96c,2,42,13,loc_dist_ema20_atr_ts_top50,location,dist_ema20_atr,context,0
(*)|(loc_dist_ema20_atr_ts_top50==1)|(reg_atr_change_rate_ts_band20_80==1&reg_atr_change_rate_ts_band30_70==1&reg_atr_change_rate_ts_band40_60==1),033d79f59e3e,2,42,28,reg_atr_change_rate_ts_band20_80,regime,atr_change_rate,volatility,1
(*)|(loc_dist_ema20_atr_ts_top50==1)|(reg_atr_change_rate_ts_band20_80==1&reg_atr_change_rate_ts_band30_70==1&reg_atr_change_rate_ts_band40_60==1),033d79f59e3e,2,42,32,reg_atr_change_rate_ts_band30_70,regime,atr_change_rate,volatility,1
(*)|(loc_dist_ema20_atr_ts_top50==1)|(reg_atr_change_rate_ts_band20_80==1&reg_atr_change_rate_ts_band30_70==1&reg_atr_change_rate_ts_band40_60==1),033d79f59e3e,2,42,34,reg_atr_change_rate_ts_band40_60,regime,atr_change_rate,volatility,1
(*)|(loc_dist_ema20_atr_ts_top50==1)|(reg_atr_change_rate_ts_band20_80==1&reg_atr_change_rate_ts_band30_70==1&reg_atr_change_rate_ts_band40_60==1),033d79f59e3e,2,42,13,loc_dist_ema20_atr_ts_top50,location,dist_ema20_atr,context,1
