pair,symbol,live_rows,reference_rows,live_first,live_last,reference_first,reference_last,overlap_rows,first_overlap_ts,last_overlap_ts,open_max_abs_diff,open_mean_abs_diff,open_mismatch_count_gt_1e-9,open_mismatch_count_gt_tol,high_max_abs_diff,high_mean_abs_diff,high_mismatch_count_gt_1e-9,high_mismatch_count_gt_tol,low_max_abs_diff,low_mean_abs_diff,low_mismatch_count_gt_1e-9,low_mismatch_count_gt_tol,close_max_abs_diff,close_mean_abs_diff,close_mismatch_count_gt_1e-9,close_mismatch_count_gt_tol,volume_max_abs_diff,volume_mean_abs_diff,volume_mismatch_count_gt_1e-9,volume_mismatch_count_gt_tol,exact_rows_within_tol,mismatch_rows_gt_tol,price_mismatch_rows_gt_tol,volume_mismatch_rows_gt_tol,_mismatch_examples_ref
hourly_live_vs_execution_1m_aggregate,1INCH/USD:USD,688,53,2026-05-01T00:00:00+00:00,2026-05-30T17:00:00+00:00,2026-05-02T21:00:00+00:00,2026-05-15T09:00:00+00:00,53,2026-05-02T21:00:00+00:00,2026-05-15T09:00:00+00:00,0.000550001859664917,1.2075423069719998e-05,2.0,2.0,0.0010899975895881653,0.00010113207236775811,7.0,7.0,0.0005899965763092041,2.1131955227761898e-05,4.0,4.0,0.0010899975895881653,0.00010999995020200622,9.0,9.0,11272.0,811.5094339622641,11.0,11.0,42.0,11.0,11.0,11.0,hourly_live_vs_execution_1m_aggregate_mismatch_examples.csv
hourly_live_vs_execution_1m_aggregate,2Z/USD:USD,688,34,2026-05-01T00:00:00+00:00,2026-05-30T17:00:00+00:00,2026-05-03T09:00:00+00:00,2026-05-21T03:00:00+00:00,34,2026-05-03T09:00:00+00:00,2026-05-21T03:00:00+00:00,0.0,0.0,0.0,0.0,0.0,0.0,0.0,0.0,0.0,0.0,0.0,0.0,0.0,0.0,0.0,0.0,0.0,0.0,0.0,0.0,34.0,0.0,0.0,0.0,hourly_live_vs_execution_1m_aggregate_mismatch_examples.csv
hourly_live_vs_execution_1m_aggregate,AAPLX/USD:USD,640,0,2026-05-01T00:00:00+00:00,2026-05-28T16:00:00+00:00,,,0,,,,,,,,,,,,,,,,,,,,,,,,,,,hourly_live_vs_execution_1m_aggregate_mismatch_examples.csv
hourly_live_vs_execution_1m_aggregate,AAVE/USD:USD,690,0,2026-05-01T00:00:00+00:00,2026-05-30T17:00:00+00:00,,,0,,,,,,,,,,,,,,,,,,,,,,,,,,,hourly_live_vs_execution_1m_aggregate_mismatch_examples.csv
hourly_live_vs_execution_1m_aggregate,ACE/USD:USD,639,0,2026-05-01T00:00:00+00:00,2026-05-28T16:00:00+00:00,,,0,,,,,,,,,,,,,,,,,,,,,,,,,,,hourly_live_vs_execution_1m_aggregate_mismatch_examples.csv
hourly_live_vs_execution_1m_aggregate,ADA/USD:USD,690,27,2026-05-01T00:00:00+00:00,2026-05-30T17:00:00+00:00,2026-05-01T18:00:00+00:00,2026-05-13T18:00:00+00:00,27,2026-05-01T18:00:00+00:00,2026-05-13T18:00:00+00:00,0.001359984278678894,0.0004959255456924438,27.0,27.0,0.004119992256164551,0.0008574072961454038,26.0,26.0,0.0035700201988220215,0.0009348166209680063,27.0,27.0,0.003569990396499634,0.0006837050120035807,27.0,27.0,1549559.0,401216.85185185185,27.0,27.0,0.0,27.0,27.0,27.0,hourly_live_vs_execution_1m_aggregate_mismatch_examples.csv
hourly_live_vs_execution_1m_aggregate,AEVO/USD:USD,691,65,2026-05-01T00:00:00+00:00,2026-05-30T17:00:00+00:00,2026-05-01T20:00:00+00:00,2026-05-21T23:00:00+00:00,65,2026-05-01T20:00:00+00:00,2026-05-21T23:00:00+00:00,0.002720000222325325,4.261540105709663e-05,2.0,2.0,0.002720000222325325,7.969229840315305e-05,5.0,5.0,0.0002699997276067734,7.384642958641052e-06,5.0,5.0,0.001199999824166298,4.092305898666382e-05,7.0,7.0,42664.0,2020.8615384615384,10.0,10.0,55.0,10.0,10.0,10.0,hourly_live_vs_execution_1m_aggregate_mismatch_examples.csv
hourly_live_vs_execution_1m_aggregate,AGLD/USD:USD,639,0,2026-05-01T00:00:00+00:00,2026-05-28T16:00:00+00:00,,,0,,,,,,,,,,,,,,,,,,,,,,,,,,,hourly_live_vs_execution_1m_aggregate_mismatch_examples.csv
hourly_live_vs_execution_1m_aggregate,AIXBT/USD:USD,691,29,2026-05-01T00:00:00+00:00,2026-05-30T17:00:00+00:00,2026-05-04T08:00:00+00:00,2026-05-21T20:00:00+00:00,29,2026-05-04T08:00:00+00:00,2026-05-21T20:00:00+00:00,0.0001500006765127182,1.8965517138612683e-05,7.0,7.0,0.0021100006997585297,0.0002641380475512866,15.0,15.0,0.0011199992150068283,8.689650687678107e-05,13.0,13.0,0.0012400001287460327,0.00016793101255236002,19.0,19.0,439535.0,62347.48275862069,20.0,20.0,9.0,20.0,20.0,20.0,hourly_live_vs_execution_1m_aggregate_mismatch_examples.csv
hourly_live_vs_execution_1m_aggregate,AKT/USD:USD,688,31,2026-05-01T00:00:00+00:00,2026-05-30T17:00:00+00:00,2026-05-01T13:00:00+00:00,2026-05-21T15:00:00+00:00,31,2026-05-01T13:00:00+00:00,2026-05-21T15:00:00+00:00,0.013799965381622314,0.0014677413048282747,5.0,5.0,0.025700032711029053,0.0038354819820773218,10.0,10.0,0.025099992752075195,0.0023451582078010806,10.0,10.0,0.025099992752075195,0.004177420370040401,14.0,14.0,11561.0,925.1612903225806,14.0,14.0,17.0,14.0,14.0,14.0,hourly_live_vs_execution_1m_aggregate_mismatch_examples.csv
hourly_live_vs_execution_1m_aggregate,ALCH/USD:USD,693,35,2026-05-01T00:00:00+00:00,2026-05-30T17:00:00+00:00,2026-05-01T09:00:00+00:00,2026-05-21T12:00:00+00:00,35,2026-05-01T09:00:00+00:00,2026-05-21T12:00:00+00:00,0.00016999989748001099,4.857139928000314e-06,1.0,1.0,0.004670001566410065,0.0002894288727215358,5.0,5.0,0.002499997615814209,0.00034800001553126746,10.0,10.0,0.004670001566410065,0.0005614289215632848,14.0,14.0,47028.0,3471.057142857143,14.0,14.0,21.0,14.0,14.0,14.0,hourly_live_vs_execution_1m_aggregate_mismatch_examples.csv
hourly_live_vs_execution_1m_aggregate,ALEO/USD:USD,640,0,2026-05-01T00:00:00+00:00,2026-05-29T15:00:00+00:00,,,0,,,,,,,,,,,,,,,,,,,,,,,,,,,hourly_live_vs_execution_1m_aggregate_mismatch_examples.csv
hourly_live_vs_execution_1m_aggregate,ALGO/USD:USD,693,5,2026-05-01T00:00:00+00:00,2026-05-30T17:00:00+00:00,2026-05-06T02:00:00+00:00,2026-05-14T22:00:00+00:00,5,2026-05-06T02:00:00+00:00,2026-05-14T22:00:00+00:00,0.0006299987435340881,0.0001819998025894165,4.0,4.0,0.0011299997568130493,0.0005539983510971069,5.0,5.0,0.0008200034499168396,0.0004980027675628662,5.0,5.0,0.0009399950504302979,0.000595998764038086,5.0,5.0,330997.0,91165.4,5.0,5.0,0.0,5.0,5.0,5.0,hourly_live_vs_execution_1m_aggregate_mismatch_examples.csv
hourly_live_vs_execution_1m_aggregate,ALICE/USD:USD,690,27,2026-05-01T00:00:00+00:00,2026-05-30T17:00:00+00:00,2026-05-06T09:00:00+00:00,2026-05-21T05:00:00+00:00,27,2026-05-06T09:00:00+00:00,2026-05-21T05:00:00+00:00,0.003900006413459778,0.00021111137337154813,2.0,2.0,0.003900006413459778,0.00026296299916726574,2.0,2.0,0.0018000006675720215,0.00016666617658403184,5.0,5.0,0.0031999945640563965,0.0002037032886787697,5.0,5.0,3701.0,482.74074074074076,7.0,7.0,20.0,7.0,7.0,7.0,hourly_live_vs_execution_1m_aggregate_mismatch_examples.csv
hourly_live_vs_execution_1m_aggregate,ALT/USD:USD,693,65,2026-05-01T00:00:00+00:00,2026-05-30T17:00:00+00:00,2026-05-03T01:00:00+00:00,2026-05-21T23:00:00+00:00,65,2026-05-03T01:00:00+00:00,2026-05-21T23:00:00+00:00,2.9999762773513794e-05,7.692294625135568e-07,2.0,2.0,0.0001600002869963646,1.1999998241662979e-05,12.0,12.0,0.0002200002782046795,1.2461525889543387e-05,8.0,8.0,0.0002000001259148121,1.999998751741189e-05,18.0,18.0,455132.0,24905.23076923077,20.0,20.0,45.0,20.0,19.0,20.0,hourly_live_vs_execution_1m_aggregate_mismatch_examples.csv
hourly_live_vs_execution_1m_aggregate,ANIME/USD:USD,688,46,2026-05-01T00:00:00+00:00,2026-05-30T17:00:00+00:00,2026-05-03T10:00:00+00:00,2026-05-11T18:00:00+00:00,46,2026-05-03T10:00:00+00:00,2026-05-11T18:00:00+00:00,4.9999915063381195e-05,1.0869546752908956e-06,1.0,1.0,0.0001300000585615635,6.739131134489308e-06,4.0,4.0,5.9999991208314896e-05,1.3043476349633674e-06,1.0,1.0,0.0001300000585615635,8.043478769452676e-06,5.0,5.0,272093.0,8337.91304347826,5.0,5.0,41.0,5.0,5.0,5.0,hourly_live_vs_execution_1m_aggregate_mismatch_examples.csv
hourly_live_vs_execution_1m_aggregate,ANKR/USD:USD,688,26,2026-05-01T00:00:00+00:00,2026-05-30T17:00:00+00:00,2026-05-04T20:00:00+00:00,2026-05-15T09:00:00+00:00,26,2026-05-04T20:00:00+00:00,2026-05-15T09:00:00+00:00,0.0,0.0,0.0,0.0,4.800036549568176e-05,3.3846232466972792e-06,2.0,2.0,6.499979645013809e-05,2.4999921711591574e-06,1.0,1.0,6.499979645013809e-05,5.8846154178564366e-06,3.0,3.0,61161.0,2412.6923076923076,3.0,3.0,23.0,3.0,3.0,3.0,hourly_live_vs_execution_1m_aggregate_mismatch_examples.csv
hourly_live_vs_execution_1m_aggregate,APE/USD:USD,690,7,2026-05-01T00:00:00+00:00,2026-05-30T17:00:00+00:00,2026-05-01T19:00:00+00:00,2026-05-14T03:00:00+00:00,7,2026-05-01T19:00:00+00:00,2026-05-14T03:00:00+00:00,0.002199992537498474,0.0006571390799113683,6.0,6.0,0.005500003695487976,0.002300000616482326,6.0,6.0,0.003800004720687866,0.0014571419784000941,6.0,6.0,0.0031000077724456787,0.001585715583392552,7.0,7.0,399105.0,192709.14285714287,7.0,7.0,0.0,7.0,7.0,7.0,hourly_live_vs_execution_1m_aggregate_mismatch_examples.csv
hourly_live_vs_execution_1m_aggregate,API3/USD:USD,691,23,2026-05-01T00:00:00+00:00,2026-05-30T17:00:00+00:00,2026-05-01T12:00:00+00:00,2026-05-14T21:00:00+00:00,23,2026-05-01T12:00:00+00:00,2026-05-14T21:00:00+00:00,0.0021999776363372803,0.0002826076486836309,5.0,5.0,0.007899999618530273,0.0008913045344145402,7.0,7.0,0.009199976921081543,0.001217391179955524,8.0,8.0,0.007999986410140991,0.0018565214198568592,12.0,12.0,6370.0,1084.8695652173913,13.0,13.0,10.0,13.0,13.0,13.0,hourly_live_vs_execution_1m_aggregate_mismatch_examples.csv
hourly_live_vs_execution_1m_aggregate,APT/USD:USD,690,19,2026-05-01T00:00:00+00:00,2026-05-30T17:00:00+00:00,2026-05-08T16:00:00+00:00,2026-05-15T18:00:00+00:00,19,2026-05-08T16:00:00+00:00,2026-05-15T18:00:00+00:00,0.0054000020027160645,0.0014947339108115749,18.0,18.0,0.008499979972839355,0.0030263191775271765,18.0,18.0,0.03709995746612549,0.006842105012190969,18.0,18.0,0.03549998998641968,0.006594748873459666,19.0,19.0,32969.19921875,7711.852595881412,19.0,19.0,0.0,19.0,19.0,19.0,hourly_live_vs_execution_1m_aggregate_mismatch_examples.csv
hourly_live_vs_execution_1m_aggregate,AR/USD:USD,693,20,2026-05-01T00:00:00+00:00,2026-05-30T17:00:00+00:00,2026-05-01T09:00:00+00:00,2026-05-21T11:00:00+00:00,20,2026-05-01T09:00:00+00:00,2026-05-21T11:00:00+00:00,0.04399991035461426,0.0029499948024749754,2.0,2.0,0.026000022888183594,0.0022000014781951905,3.0,3.0,0.05800008773803711,0.006099998950958252,4.0,4.0,0.04999995231628418,0.004450005292892456,4.0,4.0,842.4600219726562,107.55300254821778,5.0,5.0,15.0,5.0,5.0,5.0,hourly_live_vs_execution_1m_aggregate_mismatch_examples.csv
hourly_live_vs_execution_1m_aggregate,ARB/USD:USD,690,33,2026-05-01T00:00:00+00:00,2026-05-30T17:00:00+00:00,2026-05-04T06:00:00+00:00,2026-05-21T14:00:00+00:00,33,2026-05-04T06:00:00+00:00,2026-05-21T14:00:00+00:00,0.0015999972820281982,0.000348485554709579,30.0,30.0,0.002499997615814209,0.00069696998054331,31.0,31.0,0.0015999972820281982,0.0005545455849531925,30.0,30.0,0.0023000091314315796,0.0006181812196066885,31.0,31.0,1152866.0,221278.0909090909,33.0,33.0,0.0,33.0,33.0,33.0,hourly_live_vs_execution_1m_aggregate_mismatch_examples.csv
hourly_live_vs_execution_1m_aggregate,ARC/USD:USD,691,34,2026-05-01T00:00:00+00:00,2026-05-30T17:00:00+00:00,2026-05-01T04:00:00+00:00,2026-05-15T15:00:00+00:00,34,2026-05-01T04:00:00+00:00,2026-05-15T15:00:00+00:00,0.0022699981927871704,0.00012794137001037598,4.0,4.0,0.0031500011682510376,0.0003085290903554243,8.0,8.0,0.004079997539520264,0.00039588243645780226,10.0,10.0,0.004069998860359192,0.0006214701296652065,16.0,16.0,118566.0,15495.176470588236,17.0,17.0,17.0,17.0,17.0,17.0,hourly_live_vs_execution_1m_aggregate_mismatch_examples.csv
hourly_live_vs_execution_1m_aggregate,ARKM/USD:USD,688,66,2026-05-01T00:00:00+00:00,2026-05-30T17:00:00+00:00,2026-05-03T01:00:00+00:00,2026-05-21T23:00:00+00:00,66,2026-05-03T01:00:00+00:00,2026-05-21T23:00:00+00:00,0.0009000003337860107,1.5151545856938217e-05,2.0,2.0,0.0009000003337860107,1.5151545856938217e-05,2.0,2.0,0.0025999993085861206,8.33333893255754e-05,5.0,5.0,0.0025999993085861206,5.909100626454209e-05,5.0,5.0,1830.0,88.86363636363636,7.0,7.0,59.0,7.0,6.0,7.0,hourly_live_vs_execution_1m_aggregate_mismatch_examples.csv
hourly_live_vs_execution_1m_aggregate,ASTER/USD:USD,693,52,2026-05-01T00:00:00+00:00,2026-05-30T17:00:00+00:00,2026-05-01T16:00:00+00:00,2026-05-21T23:00:00+00:00,52,2026-05-01T16:00:00+00:00,2026-05-21T23:00:00+00:00,0.008799970149993896,0.0007153818240532508,11.0,11.0,0.1864999532699585,0.004686534404754639,17.0,17.0,0.07540005445480347,0.004244232406983009,26.0,26.0,0.0163000226020813,0.002407692945920504,30.0,30.0,61408.0,4806.115384615385,34.0,34.0,18.0,34.0,34.0,34.0,hourly_live_vs_execution_1m_aggregate_mismatch_examples.csv
hourly_live_vs_execution_1m_aggregate,ASTR/USD:USD,690,20,2026-05-01T00:00:00+00:00,2026-05-30T17:00:00+00:00,2026-05-03T11:00:00+00:00,2026-05-13T20:00:00+00:00,20,2026-05-03T11:00:00+00:00,2026-05-13T20:00:00+00:00,0.00019999966025352478,1.1499971151351929e-05,2.0,2.0,0.000260000117123127,4.399991594254971e-05,6.0,6.0,4.9999915063381195e-05,5.00003807246685e-06,3.0,3.0,0.000260000117123127,3.499994054436684e-05,5.0,5.0,160772.0,24003.75,7.0,7.0,13.0,7.0,7.0,7.0,hourly_live_vs_execution_1m_aggregate_mismatch_examples.csv
hourly_live_vs_execution_1m_aggregate,ATH/USD:USD,693,64,2026-05-01T00:00:00+00:00,2026-05-30T17:00:00+00:00,2026-05-01T02:00:00+00:00,2026-05-21T19:00:00+00:00,64,2026-05-01T02:00:00+00:00,2026-05-21T19:00:00+00:00,0.0002000001259148121,1.1562508007045835e-05,14.0,14.0,0.0001799999736249447,1.546872954349965e-05,22.0,22.0,0.0002000001259148121,1.4375007594935596e-05,15.0,15.0,0.00011999998241662979,1.1562508007045835e-05,17.0,17.0,1289389.0,64368.90625,27.0,27.0,37.0,27.0,26.0,27.0,hourly_live_vs_execution_1m_aggregate_mismatch_examples.csv
hourly_live_vs_execution_1m_aggregate,ATOM/USD:USD,690,25,2026-05-01T00:00:00+00:00,2026-05-30T17:00:00+00:00,2026-05-06T01:00:00+00:00,2026-05-14T21:00:00+00:00,25,2026-05-06T01:00:00+00:00,2026-05-14T21:00:00+00:00,0.01699995994567871,0.0034800148010253906,22.0,22.0,0.037000060081481934,0.007519989013671875,16.0,16.0,0.034999966621398926,0.009400014877319335,23.0,23.0,0.037000060081481934,0.01071998119354248,24.0,24.0,19851.599609375,5436.9319980773325,25.0,25.0,0.0,25.0,25.0,25.0,hourly_live_vs_execution_1m_aggregate_mismatch_examples.csv
hourly_live_vs_execution_1m_aggregate,AUCTION/USD:USD,688,25,2026-05-01T00:00:00+00:00,2026-05-30T17:00:00+00:00,2026-05-03T19:00:00+00:00,2026-05-15T14:00:00+00:00,25,2026-05-03T19:00:00+00:00,2026-05-15T14:00:00+00:00,0.0,0.0,0.0,0.0,0.0,0.0,0.0,0.0,0.0,0.0,0.0,0.0,0.0,0.0,0.0,0.0,0.0,0.0,0.0,0.0,25.0,0.0,0.0,0.0,hourly_live_vs_execution_1m_aggregate_mismatch_examples.csv
hourly_live_vs_execution_1m_aggregate,AUD/USD:USD,639,0,2026-05-01T00:00:00+00:00,2026-05-28T16:00:00+00:00,,,0,,,,,,,,,,,,,,,,,,,,,,,,,,,hourly_live_vs_execution_1m_aggregate_mismatch_examples.csv
hourly_live_vs_execution_1m_aggregate,AVAX/USD:USD,693,6,2026-05-01T00:00:00+00:00,2026-05-30T17:00:00+00:00,2026-05-06T17:00:00+00:00,2026-05-21T15:00:00+00:00,6,2026-05-06T17:00:00+00:00,2026-05-21T15:00:00+00:00,0.040999412536621094,0.01616636912027995,6.0,6.0,0.10000038146972656,0.050999959309895836,6.0,6.0,0.043000221252441406,0.023000240325927734,6.0,6.0,0.07400035858154297,0.04833348592122396,6.0,6.0,8280.7197265625,5030.593234456454,6.0,6.0,0.0,6.0,6.0,6.0,hourly_live_vs_execution_1m_aggregate_mismatch_examples.csv
hourly_live_vs_execution_1m_aggregate,AXS/USD:USD,690,29,2026-05-01T00:00:00+00:00,2026-05-30T17:00:00+00:00,2026-05-01T18:00:00+00:00,2026-05-21T22:00:00+00:00,29,2026-05-01T18:00:00+00:00,2026-05-21T22:00:00+00:00,0.011099934577941895,0.002017230823122222,26.0,26.0,0.012400031089782715,0.003913801291893269,23.0,23.0,0.023399949073791504,0.003772410853155728,24.0,24.0,0.012400031089782715,0.004286207001784752,25.0,25.0,52696.5,3230.620678967443,28.0,28.0,1.0,28.0,28.0,28.0,hourly_live_vs_execution_1m_aggregate_mismatch_examples.csv
hourly_live_vs_execution_1m_aggregate,B3/USD:USD,689,98,2026-05-01T00:00:00+00:00,2026-05-30T17:00:00+00:00,2026-05-01T10:00:00+00:00,2026-05-21T17:00:00+00:00,98,2026-05-01T10:00:00+00:00,2026-05-21T17:00:00+00:00,7.30000901967287e-05,3.551020125421334e-06,18.0,18.0,8.700008038431406e-05,6.2755113633881725e-06,31.0,31.0,7.700000423938036e-05,6.357143153151383e-06,21.0,21.0,7.700000423938036e-05,7.0204084610794574e-06,38.0,38.0,5815646.0,460277.55102040817,43.0,43.0,55.0,43.0,42.0,43.0,hourly_live_vs_execution_1m_aggregate_mismatch_examples.csv
hourly_live_vs_execution_1m_aggregate,BANANA/USD:USD,639,0,2026-05-01T00:00:00+00:00,2026-05-28T16:00:00+00:00,,,0,,,,,,,,,,,,,,,,,,,,,,,,,,,hourly_live_vs_execution_1m_aggregate_mismatch_examples.csv
hourly_live_vs_execution_1m_aggregate,BAND/USD:USD,688,39,2026-05-01T00:00:00+00:00,2026-05-30T17:00:00+00:00,2026-05-07T00:00:00+00:00,2026-05-21T23:00:00+00:00,39,2026-05-07T00:00:00+00:00,2026-05-21T23:00:00+00:00,0.0,0.0,0.0,0.0,0.007800012826919556,0.00024359004619794013,2.0,2.0,0.0,0.0,0.0,0.0,0.007800012826919556,0.00024359004619794013,2.0,2.0,4000.0,129.7948717948718,2.0,2.0,37.0,2.0,2.0,2.0,hourly_live_vs_execution_1m_aggregate_mismatch_examples.csv
hourly_live_vs_execution_1m_aggregate,BAT/USD:USD,688,19,2026-05-01T00:00:00+00:00,2026-05-30T17:00:00+00:00,2026-05-04T05:00:00+00:00,2026-05-14T08:00:00+00:00,19,2026-05-04T05:00:00+00:00,2026-05-14T08:00:00+00:00,0.0007800012826919556,7.315842728865774e-05,4.0,4.0,0.0014899969100952148,0.0001689470128009194,5.0,5.0,0.0016200020909309387,0.00028947427084571436,9.0,9.0,0.0016200020909309387,0.0003368419251943889,9.0,9.0,6520.0,1035.4736842105262,11.0,11.0,8.0,11.0,11.0,11.0,hourly_live_vs_execution_1m_aggregate_mismatch_examples.csv
hourly_live_vs_execution_1m_aggregate,BB/USD:USD,641,0,2026-05-01T00:00:00+00:00,2026-05-28T16:00:00+00:00,,,0,,,,,,,,,,,,,,,,,,,,,,,,,,,hourly_live_vs_execution_1m_aggregate_mismatch_examples.csv
hourly_live_vs_execution_1m_aggregate,BCH/USD:USD,690,11,2026-05-01T00:00:00+00:00,2026-05-30T17:00:00+00:00,2026-05-07T01:00:00+00:00,2026-05-21T23:00:00+00:00,11,2026-05-07T01:00:00+00:00,2026-05-21T23:00:00+00:00,1.16998291015625,0.5709089799360796,11.0,11.0,2.04998779296875,0.9054537686434659,10.0,10.0,2.20001220703125,0.7609086470170454,9.0,9.0,1.589996337890625,0.7818215110085227,10.0,10.0,98.16999816894531,32.13999999653209,11.0,11.0,0.0,11.0,11.0,11.0,hourly_live_vs_execution_1m_aggregate_mismatch_examples.csv
hourly_live_vs_execution_1m_aggregate,BDX/USD:USD,639,0,2026-05-01T00:00:00+00:00,2026-05-28T16:00:00+00:00,,,0,,,,,,,,,,,,,,,,,,,,,,,,,,,hourly_live_vs_execution_1m_aggregate_mismatch_examples.csv
hourly_live_vs_execution_1m_aggregate,BEAM/USD:USD,688,61,2026-05-01T00:00:00+00:00,2026-05-30T17:00:00+00:00,2026-05-02T23:00:00+00:00,2026-05-21T21:00:00+00:00,61,2026-05-02T23:00:00+00:00,2026-05-21T21:00:00+00:00,1.4999997802078724e-05,6.721343570312516e-07,5.0,5.0,2.1999934688210487e-05,1.8852468976964715e-06,8.0,8.0,9.50000248849392e-05,2.5409838703812144e-06,6.0,6.0,1.9000028260052204e-05,2.0819716155529022e-06,10.0,10.0,498123.0,18931.426229508197,11.0,11.0,49.0,12.0,12.0,11.0,hourly_live_vs_execution_1m_aggregate_mismatch_examples.csv
hourly_live_vs_execution_1m_aggregate,BEL/USD:USD,639,0,2026-05-01T00:00:00+00:00,2026-05-28T16:00:00+00:00,,,0,,,,,,,,,,,,,,,,,,,,,,,,,,,hourly_live_vs_execution_1m_aggregate_mismatch_examples.csv
hourly_live_vs_execution_1m_aggregate,BERA/USD:USD,690,62,2026-05-01T00:00:00+00:00,2026-05-30T17:00:00+00:00,2026-05-01T14:00:00+00:00,2026-05-21T15:00:00+00:00,62,2026-05-01T14:00:00+00:00,2026-05-21T15:00:00+00:00,0.0040000081062316895,0.0002096771232543453,6.0,6.0,0.0040000081062316895,0.00030645199360386017,9.0,9.0,0.006999999284744263,0.0007741936752873082,14.0,14.0,0.006999999284744263,0.0008548382789857926,18.0,18.0,20884.599609375,738.48063893472,27.0,27.0,34.0,28.0,22.0,27.0,hourly_live_vs_execution_1m_aggregate_mismatch_examples.csv
hourly_live_vs_execution_1m_aggregate,BICO/USD:USD,690,57,2026-05-01T00:00:00+00:00,2026-05-30T17:00:00+00:00,2026-05-06T21:00:00+00:00,2026-05-21T23:00:00+00:00,57,2026-05-06T21:00:00+00:00,2026-05-21T23:00:00+00:00,0.0005399994552135468,1.0175434382338272e-05,2.0,2.0,0.0005399994552135468,2.210528442734166e-05,5.0,5.0,0.0002500005066394806,4.3859738006926416e-06,1.0,1.0,0.0002500005066394806,1.596492764196898e-05,4.0,4.0,53620.0,2664.0175438596493,6.0,6.0,51.0,6.0,6.0,6.0,hourly_live_vs_execution_1m_aggregate_mismatch_examples.csv
hourly_live_vs_execution_1m_aggregate,BIGTIME/USD:USD,690,21,2026-05-01T00:00:00+00:00,2026-05-30T17:00:00+00:00,2026-05-01T11:00:00+00:00,2026-05-15T18:00:00+00:00,21,2026-05-01T11:00:00+00:00,2026-05-15T18:00:00+00:00,0.00016999989748001099,8.095233213333857e-06,1.0,1.0,0.00016999989748001099,8.095233213333857e-06,1.0,1.0,0.0,0.0,0.0,0.0,9.0000219643116e-05,4.2857247449102854e-06,1.0,1.0,9847.0,468.9047619047619,1.0,1.0,20.0,1.0,1.0,1.0,hourly_live_vs_execution_1m_aggregate_mismatch_examples.csv
hourly_live_vs_execution_1m_aggregate,BIO/USD:USD,691,35,2026-05-01T00:00:00+00:00,2026-05-30T17:00:00+00:00,2026-05-04T21:00:00+00:00,2026-05-12T07:00:00+00:00,35,2026-05-04T21:00:00+00:00,2026-05-12T07:00:00+00:00,0.0010700002312660217,0.00011628589459827968,11.0,11.0,0.003970000892877579,0.0005517144288335528,18.0,18.0,0.001760002225637436,0.00023257157632282802,17.0,17.0,0.0034999996423721313,0.0005591430834361485,27.0,27.0,179443.0,32202.657142857144,27.0,27.0,8.0,27.0,27.0,27.0,hourly_live_vs_execution_1m_aggregate_mismatch_examples.csv
hourly_live_vs_execution_1m_aggregate,BLUR/USD:USD,690,53,2026-05-01T00:00:00+00:00,2026-05-30T17:00:00+00:00,2026-05-05T13:00:00+00:00,2026-05-15T17:00:00+00:00,53,2026-05-05T13:00:00+00:00,2026-05-15T17:00:00+00:00,0.000690000131726265,1.7547171633198576e-05,2.0,2.0,0.000690000131726265,2.9434010667620965e-05,4.0,4.0,0.0007500015199184418,7.32076125887205e-05,10.0,10.0,0.0007500015199184418,8.26415939713424e-05,13.0,13.0,111429.0,7058.905660377359,14.0,14.0,39.0,14.0,14.0,14.0,hourly_live_vs_execution_1m_aggregate_mismatch_examples.csv
hourly_live_vs_execution_1m_aggregate,BNB/USD:USD,693,25,2026-05-01T00:00:00+00:00,2026-05-30T17:00:00+00:00,2026-05-04T17:00:00+00:00,2026-05-15T03:00:00+00:00,25,2026-05-04T17:00:00+00:00,2026-05-15T03:00:00+00:00,2.1700439453125,0.466806640625,24.0,24.0,5.3900146484375,1.2416015625,25.0,25.0,3.98004150390625,1.52080810546875,22.0,22.0,3.0,1.04120361328125,25.0,25.0,155.6999969482422,52.02799979567528,25.0,25.0,0.0,25.0,25.0,25.0,hourly_live_vs_execution_1m_aggregate_mismatch_examples.csv
hourly_live_vs_execution_1m_aggregate,BNT/USD:USD,688,30,2026-05-01T00:00:00+00:00,2026-05-30T17:00:00+00:00,2026-05-10T03:00:00+00:00,2026-05-15T09:00:00+00:00,30,2026-05-10T03:00:00+00:00,2026-05-15T09:00:00+00:00,0.0153999924659729,0.0005133330821990966,1.0,1.0,0.003899991512298584,0.00023666719595591228,2.0,2.0,0.0153999924659729,0.0005133330821990966,1.0,1.0,0.003899991512298584,0.00023666719595591228,2.0,2.0,259.0,14.966666666666667,3.0,3.0,27.0,3.0,3.0,3.0,hourly_live_vs_execution_1m_aggregate_mismatch_examples.csv
hourly_live_vs_execution_1m_aggregate,BOME/USD:USD,644,0,2026-05-01T00:00:00+00:00,2026-05-28T16:00:00+00:00,,,0,,,,,,,,,,,,,,,,,,,,,,,,,,,hourly_live_vs_execution_1m_aggregate_mismatch_examples.csv
hourly_live_vs_execution_1m_aggregate,BONK/USD:USD,690,56,2026-05-01T00:00:00+00:00,2026-05-30T17:00:00+00:00,2026-05-01T14:00:00+00:00,2026-05-15T11:00:00+00:00,56,2026-05-01T14:00:00+00:00,2026-05-15T11:00:00+00:00,6.500022209365852e-08,1.1964305355961966e-08,27.0,0.0,1.5599971447954886e-07,2.873213134080288e-08,34.0,0.0,1.3599992598756216e-07,2.8589275708717262e-08,41.0,0.0,1.0900021152338013e-07,3.6803547638036046e-08,52.0,0.0,8962255872.0,1206941474.2857144,54.0,54.0,2.0,54.0,0.0,54.0,hourly_live_vs_execution_1m_aggregate_mismatch_examples.csv
hourly_live_vs_execution_1m_aggregate,BRETT/USD:USD,640,0,2026-05-01T00:00:00+00:00,2026-05-28T16:00:00+00:00,,,0,,,,,,,,,,,,,,,,,,,,,,,,,,,hourly_live_vs_execution_1m_aggregate_mismatch_examples.csv
hourly_live_vs_execution_1m_aggregate,BSU/USD:USD,641,0,2026-05-01T00:00:00+00:00,2026-05-28T16:00:00+00:00,,,0,,,,,,,,,,,,,,,,,,,,,,,,,,,hourly_live_vs_execution_1m_aggregate_mismatch_examples.csv
hourly_live_vs_execution_1m_aggregate,BTC/USD:USD,688,14,2026-05-01T00:00:00+00:00,2026-05-30T17:00:00+00:00,2026-05-01T08:00:00+00:00,2026-05-14T13:00:00+00:00,14,2026-05-01T08:00:00+00:00,2026-05-14T13:00:00+00:00,214.0,63.07142857142857,14.0,14.0,557.0,236.64285714285714,14.0,14.0,821.0,193.78571428571428,13.0,13.0,622.0,192.42857142857142,14.0,14.0,631.6640223264694,188.97572804242373,14.0,14.0,0.0,14.0,14.0,14.0,hourly_live_vs_execution_1m_aggregate_mismatch_examples.csv
hourly_live_vs_execution_1m_aggregate,C98/USD:USD,688,73,2026-05-01T00:00:00+00:00,2026-05-30T17:00:00+00:00,2026-05-04T09:00:00+00:00,2026-05-21T13:00:00+00:00,73,2026-05-04T09:00:00+00:00,2026-05-21T13:00:00+00:00,0.00032999925315380096,4.5205377144356294e-06,1.0,1.0,0.0007300004363059998,1.684933492582138e-05,4.0,4.0,0.0005499999970197678,1.1917790525580106e-05,3.0,3.0,0.0007300004363059998,2.356167015147536e-05,6.0,6.0,26310.0,970.2876712328767,7.0,7.0,66.0,7.0,7.0,7.0,hourly_live_vs_execution_1m_aggregate_mismatch_examples.csv
hourly_live_vs_execution_1m_aggregate,CAKE/USD:USD,688,46,2026-05-01T00:00:00+00:00,2026-05-30T17:00:00+00:00,2026-05-03T18:00:00+00:00,2026-05-11T00:00:00+00:00,46,2026-05-03T18:00:00+00:00,2026-05-11T00:00:00+00:00,0.024399995803833008,0.0026826081068619437,17.0,17.0,0.053099989891052246,0.003726085890894351,21.0,21.0,0.027699947357177734,0.003456519997638205,17.0,17.0,0.053099989891052246,0.004554339077161706,25.0,25.0,7787.0,664.4782608695652,29.0,29.0,17.0,29.0,29.0,29.0,hourly_live_vs_execution_1m_aggregate_mismatch_examples.csv
hourly_live_vs_execution_1m_aggregate,CAT/USD:USD,688,42,2026-05-01T00:00:00+00:00,2026-05-30T17:00:00+00:00,2026-05-01T00:00:00+00:00,2026-05-21T15:00:00+00:00,42,2026-05-01T00:00:00+00:00,2026-05-21T15:00:00+00:00,0.0,0.0,0.0,0.0,0.0,0.0,0.0,0.0,7.099993126757909e-08,2.452376672105553e-09,2.0,0.0,7.099993126757909e-08,2.452376672105553e-09,2.0,0.0,137688992.0,3645880.761904762,2.0,2.0,40.0,2.0,0.0,2.0,hourly_live_vs_execution_1m_aggregate_mismatch_examples.csv
hourly_live_vs_execution_1m_aggregate,CATI/USD:USD,639,0,2026-05-01T00:00:00+00:00,2026-05-28T16:00:00+00:00,,,0,,,,,,,,,,,,,,,,,,,,,,,,,,,hourly_live_vs_execution_1m_aggregate_mismatch_examples.csv
hourly_live_vs_execution_1m_aggregate,CELO/USD:USD,688,77,2026-05-01T00:00:00+00:00,2026-05-30T17:00:00+00:00,2026-05-02T09:00:00+00:00,2026-05-15T10:00:00+00:00,77,2026-05-02T09:00:00+00:00,2026-05-15T10:00:00+00:00,9.99942421913147e-05,1.298626521965126e-06,1.0,1.0,0.002500005066394806,6.233765320344405e-05,4.0,4.0,0.0025999993085861206,0.0001571429046717557,10.0,10.0,0.0025999993085861206,0.0002116884117002611,14.0,14.0,7612.0,604.025974025974,16.0,16.0,61.0,16.0,14.0,16.0,hourly_live_vs_execution_1m_aggregate_mismatch_examples.csv
hourly_live_vs_execution_1m_aggregate,CELR/USD:USD,688,52,2026-05-01T00:00:00+00:00,2026-05-30T17:00:00+00:00,2026-05-01T19:00:00+00:00,2026-05-21T23:00:00+00:00,52,2026-05-01T19:00:00+00:00,2026-05-21T23:00:00+00:00,0.0,0.0,0.0,0.0,5.8999983593821526e-05,1.5961525675195915e-06,2.0,2.0,4.2999861761927605e-05,2.365384716540575e-06,3.0,3.0,5.8999983593821526e-05,3.88461362140683e-06,5.0,5.0,196354.0,4589.711538461538,5.0,5.0,47.0,5.0,5.0,5.0,hourly_live_vs_execution_1m_aggregate_mismatch_examples.csv
hourly_live_vs_execution_1m_aggregate,CETUS/USD:USD,641,0,2026-05-01T00:00:00+00:00,2026-05-28T16:00:00+00:00,,,0,,,,,,,,,,,,,,,,,,,,,,,,,,,hourly_live_vs_execution_1m_aggregate_mismatch_examples.csv
hourly_live_vs_execution_1m_aggregate,CFG/USD:USD,640,0,2026-05-01T00:00:00+00:00,2026-05-29T15:00:00+00:00,,,0,,,,,,,,,,,,,,,,,,,,,,,,,,,hourly_live_vs_execution_1m_aggregate_mismatch_examples.csv
hourly_live_vs_execution_1m_aggregate,CFX/USD:USD,690,0,2026-05-01T00:00:00+00:00,2026-05-30T17:00:00+00:00,,,0,,,,,,,,,,,,,,,,,,,,,,,,,,,hourly_live_vs_execution_1m_aggregate_mismatch_examples.csv
hourly_live_vs_execution_1m_aggregate,CGPT/USD:USD,639,0,2026-05-01T00:00:00+00:00,2026-05-28T16:00:00+00:00,,,0,,,,,,,,,,,,,,,,,,,,,,,,,,,hourly_live_vs_execution_1m_aggregate_mismatch_examples.csv
hourly_live_vs_execution_1m_aggregate,CHF/USD:USD,639,0,2026-05-01T00:00:00+00:00,2026-05-28T16:00:00+00:00,,,0,,,,,,,,,,,,,,,,,,,,,,,,,,,hourly_live_vs_execution_1m_aggregate_mismatch_examples.csv
hourly_live_vs_execution_1m_aggregate,CHILLGUY/USD:USD,639,0,2026-05-01T00:00:00+00:00,2026-05-28T16:00:00+00:00,,,0,,,,,,,,,,,,,,,,,,,,,,,,,,,hourly_live_vs_execution_1m_aggregate_mismatch_examples.csv
hourly_live_vs_execution_1m_aggregate,CHR/USD:USD,688,68,2026-05-01T00:00:00+00:00,2026-05-30T17:00:00+00:00,2026-05-01T04:00:00+00:00,2026-05-15T18:00:00+00:00,68,2026-05-01T04:00:00+00:00,2026-05-15T18:00:00+00:00,0.0,0.0,0.0,0.0,0.001499999314546585,6.54412159586654e-05,7.0,7.0,0.0011600013822317123,4.823530531104873e-05,5.0,5.0,0.001499999314546585,0.00010647063198335031,12.0,12.0,28901.0,1356.0588235294117,12.0,12.0,56.0,12.0,12.0,12.0,hourly_live_vs_execution_1m_aggregate_mismatch_examples.csv
hourly_live_vs_execution_1m_aggregate,CHZ/USD:USD,690,23,2026-05-01T00:00:00+00:00,2026-05-30T17:00:00+00:00,2026-05-03T08:00:00+00:00,2026-05-21T17:00:00+00:00,23,2026-05-03T08:00:00+00:00,2026-05-21T17:00:00+00:00,0.00032999739050865173,9.869524966115537e-05,13.0,13.0,0.0008300021290779114,0.000235652146132096,19.0,19.0,0.0004600025713443756,0.00017565213467763817,18.0,18.0,0.0008199997246265411,0.00021304368324901748,23.0,23.0,667713.0,271106.0,23.0,23.0,0.0,23.0,23.0,23.0,hourly_live_vs_execution_1m_aggregate_mismatch_examples.csv
hourly_live_vs_execution_1m_aggregate,CKB/USD:USD,639,0,2026-05-01T00:00:00+00:00,2026-05-28T16:00:00+00:00,,,0,,,,,,,,,,,,,,,,,,,,,,,,,,,hourly_live_vs_execution_1m_aggregate_mismatch_examples.csv
hourly_live_vs_execution_1m_aggregate,COMP/USD:USD,690,24,2026-05-01T00:00:00+00:00,2026-05-30T17:00:00+00:00,2026-05-01T01:00:00+00:00,2026-05-21T15:00:00+00:00,24,2026-05-01T01:00:00+00:00,2026-05-21T15:00:00+00:00,0.1569995880126953,0.024124940236409504,11.0,11.0,0.6389999389648438,0.11449996630350749,18.0,18.0,0.305999755859375,0.060708204905192055,15.0,15.0,0.63800048828125,0.10895816485087077,20.0,20.0,814.7000122070312,123.76666641235352,22.0,22.0,2.0,22.0,22.0,22.0,hourly_live_vs_execution_1m_aggregate_mismatch_examples.csv
hourly_live_vs_execution_1m_aggregate,COOKIE/USD:USD,690,34,2026-05-01T00:00:00+00:00,2026-05-30T17:00:00+00:00,2026-05-01T17:00:00+00:00,2026-05-21T21:00:00+00:00,34,2026-05-01T17:00:00+00:00,2026-05-21T21:00:00+00:00,0.0,0.0,0.0,0.0,0.0002699997276067734,1.1764685897266163e-05,2.0,2.0,0.0007700007408857346,3.3823554130161507e-05,2.0,2.0,0.000700000673532486,4.352941451703801e-05,4.0,4.0,74288.0,5722.617647058823,4.0,4.0,30.0,4.0,4.0,4.0,hourly_live_vs_execution_1m_aggregate_mismatch_examples.csv
hourly_live_vs_execution_1m_aggregate,COTI/USD:USD,690,64,2026-05-01T00:00:00+00:00,2026-05-30T17:00:00+00:00,2026-05-02T20:00:00+00:00,2026-05-21T11:00:00+00:00,64,2026-05-02T20:00:00+00:00,2026-05-21T11:00:00+00:00,0.0002100002020597458,5.0000089686363935e-06,3.0,3.0,0.0003100000321865082,1.3593744370155036e-05,7.0,7.0,0.0008000005036592484,2.3906264686957e-05,5.0,5.0,0.0008000005036592484,3.156249294988811e-05,9.0,9.0,81866.0,7083.40625,11.0,11.0,53.0,11.0,11.0,11.0,hourly_live_vs_execution_1m_aggregate_mismatch_examples.csv
hourly_live_vs_execution_1m_aggregate,COW/USD:USD,688,49,2026-05-01T00:00:00+00:00,2026-05-30T17:00:00+00:00,2026-05-01T20:00:00+00:00,2026-05-21T14:00:00+00:00,49,2026-05-01T20:00:00+00:00,2026-05-21T14:00:00+00:00,0.0005999952554702759,1.4285652004942601e-05,2.0,2.0,0.0022999942302703857,0.00016530587965128373,9.0,9.0,0.0010999888181686401,4.897950863351627e-05,6.0,6.0,0.0013000071048736572,0.00015918363113792575,11.0,11.0,4578.0,240.42857142857142,11.0,11.0,38.0,11.0,11.0,11.0,hourly_live_vs_execution_1m_aggregate_mismatch_examples.csv
hourly_live_vs_execution_1m_aggregate,CRCLX/USD:USD,641,0,2026-05-01T00:00:00+00:00,2026-05-28T16:00:00+00:00,,,0,,,,,,,,,,,,,,,,,,,,,,,,,,,hourly_live_vs_execution_1m_aggregate_mismatch_examples.csv
hourly_live_vs_execution_1m_aggregate,CRO/USD:USD,688,54,2026-05-01T00:00:00+00:00,2026-05-30T17:00:00+00:00,2026-05-04T04:00:00+00:00,2026-05-15T13:00:00+00:00,54,2026-05-04T04:00:00+00:00,2026-05-15T13:00:00+00:00,0.0005600005388259888,2.7407512620643332e-05,4.0,4.0,0.0017599985003471375,0.00012814805463508323,10.0,10.0,0.00148000568151474,3.9259454718342534e-05,4.0,4.0,0.0017599985003471375,0.00013648152903274254,9.0,9.0,70650.0,1774.0740740740741,11.0,11.0,43.0,11.0,11.0,11.0,hourly_live_vs_execution_1m_aggregate_mismatch_examples.csv
hourly_live_vs_execution_1m_aggregate,CRV/USD:USD,690,13,2026-05-01T00:00:00+00:00,2026-05-30T17:00:00+00:00,2026-05-06T05:00:00+00:00,2026-05-21T14:00:00+00:00,13,2026-05-06T05:00:00+00:00,2026-05-21T14:00:00+00:00,0.002400010824203491,0.0009846148582605214,13.0,13.0,0.006999999284744263,0.0016923088293809157,12.0,12.0,0.002400010824203491,0.0012538455999814547,13.0,13.0,0.006900012493133545,0.0012692327682788556,13.0,13.0,340531.0,180297.46153846153,13.0,13.0,0.0,13.0,13.0,13.0,hourly_live_vs_execution_1m_aggregate_mismatch_examples.csv
hourly_live_vs_execution_1m_aggregate,CTSI/USD:USD,688,51,2026-05-01T00:00:00+00:00,2026-05-30T17:00:00+00:00,2026-05-02T01:00:00+00:00,2026-05-13T09:00:00+00:00,51,2026-05-02T01:00:00+00:00,2026-05-13T09:00:00+00:00,0.0002700015902519226,5.294148828469071e-06,1.0,1.0,0.000550001859664917,1.529414279788148e-05,2.0,2.0,0.0002200007438659668,5.294148828469071e-06,2.0,2.0,0.00022999942302703857,7.843123931510776e-06,3.0,3.0,90458.0,2303.921568627451,3.0,3.0,48.0,3.0,3.0,3.0,hourly_live_vs_execution_1m_aggregate_mismatch_examples.csv
hourly_live_vs_execution_1m_aggregate,CVX/USD:USD,688,112,2026-05-01T00:00:00+00:00,2026-05-30T17:00:00+00:00,2026-05-02T20:00:00+00:00,2026-05-15T20:00:00+00:00,112,2026-05-02T20:00:00+00:00,2026-05-15T20:00:00+00:00,0.002200007438659668,2.0535928862435477e-05,2.0,2.0,0.22029995918273926,0.004035714481558118,8.0,8.0,0.06009995937347412,0.0011491062385695322,6.0,6.0,0.08809995651245117,0.0020892832960401264,10.0,10.0,961.0,24.142857142857142,10.0,10.0,102.0,10.0,10.0,10.0,hourly_live_vs_execution_1m_aggregate_mismatch_examples.csv
hourly_live_vs_execution_1m_aggregate,CYBER/USD:USD,688,25,2026-05-01T00:00:00+00:00,2026-05-30T17:00:00+00:00,2026-05-03T11:00:00+00:00,2026-05-12T14:00:00+00:00,25,2026-05-03T11:00:00+00:00,2026-05-12T14:00:00+00:00,0.0,0.0,0.0,0.0,0.0026000142097473145,0.00010400056838989257,1.0,1.0,0.009999990463256836,0.00039999961853027344,1.0,1.0,0.009999990463256836,0.000504000186920166,2.0,2.0,1758.0,115.16,2.0,2.0,23.0,2.0,2.0,2.0,hourly_live_vs_execution_1m_aggregate_mismatch_examples.csv
hourly_live_vs_execution_1m_aggregate,DASH/USD:USD,690,10,2026-05-01T00:00:00+00:00,2026-05-30T17:00:00+00:00,2026-05-03T00:00:00+00:00,2026-05-21T22:00:00+00:00,10,2026-05-03T00:00:00+00:00,2026-05-21T22:00:00+00:00,0.6329994201660156,0.19020004272460939,8.0,8.0,1.01300048828125,0.3353004455566406,9.0,9.0,1.180999755859375,0.3913005828857422,10.0,10.0,0.542999267578125,0.2795001983642578,10.0,10.0,6728.60019493103,2204.140014784038,10.0,10.0,0.0,10.0,10.0,10.0,hourly_live_vs_execution_1m_aggregate_mismatch_examples.csv
hourly_live_vs_execution_1m_aggregate,DEEP/USD:USD,688,77,2026-05-01T00:00:00+00:00,2026-05-30T17:00:00+00:00,2026-05-03T02:00:00+00:00,2026-05-15T16:00:00+00:00,77,2026-05-03T02:00:00+00:00,2026-05-15T16:00:00+00:00,0.0007270015776157379,1.064939545346545e-05,2.0,2.0,0.0007270015776157379,2.716883242904366e-05,5.0,5.0,0.0014539994299411774,3.158443837196796e-05,4.0,4.0,0.0014539994299411774,4.9077941999806986e-05,8.0,8.0,32619.0,1429.9610389610389,9.0,9.0,68.0,9.0,9.0,9.0,hourly_live_vs_execution_1m_aggregate_mismatch_examples.csv
hourly_live_vs_execution_1m_aggregate,DEGEN/USD:USD,688,94,2026-05-01T00:00:00+00:00,2026-05-30T17:00:00+00:00,2026-05-01T00:00:00+00:00,2026-05-14T20:00:00+00:00,94,2026-05-01T00:00:00+00:00,2026-05-14T20:00:00+00:00,0.0001509999856352806,3.021276070478749e-06,7.0,7.0,0.0001509999856352806,2.670213902131357e-06,12.0,12.0,0.00039299996569752693,5.255318915550696e-06,10.0,10.0,6.399990525096655e-05,2.2021264699783098e-06,13.0,13.0,3606632.0,76011.1914893617,16.0,16.0,78.0,16.0,16.0,16.0,hourly_live_vs_execution_1m_aggregate_mismatch_examples.csv
hourly_live_vs_execution_1m_aggregate,DENT/USD:USD,688,3,2026-05-01T00:00:00+00:00,2026-05-30T17:00:00+00:00,2026-05-13T13:00:00+00:00,2026-05-21T19:00:00+00:00,3,2026-05-13T13:00:00+00:00,2026-05-21T19:00:00+00:00,2.4000000848900527e-06,8.000000282966843e-07,1.0,1.0,0.0,0.0,0.0,0.0,2.4000000848900527e-06,8.000000282966843e-07,1.0,1.0,0.0,0.0,0.0,0.0,2982000.0,994000.0,1.0,1.0,2.0,1.0,1.0,1.0,hourly_live_vs_execution_1m_aggregate_mismatch_examples.csv
hourly_live_vs_execution_1m_aggregate,DEXE/USD:USD,641,0,2026-05-01T00:00:00+00:00,2026-05-28T16:00:00+00:00,,,0,,,,,,,,,,,,,,,,,,,,,,,,,,,hourly_live_vs_execution_1m_aggregate_mismatch_examples.csv
hourly_live_vs_execution_1m_aggregate,DOG/USD:USD,688,29,2026-05-01T00:00:00+00:00,2026-05-30T17:00:00+00:00,2026-05-05T08:00:00+00:00,2026-05-20T23:00:00+00:00,29,2026-05-05T08:00:00+00:00,2026-05-20T23:00:00+00:00,1.700012944638729e-06,5.862113602202514e-08,1.0,1.0,3.720005042850971e-05,2.4620716556392866e-06,5.0,4.0,3.2299954909831285e-05,1.9137916187274045e-06,3.0,3.0,3.720005042850971e-05,3.5068991690360265e-06,6.0,5.0,2742948.0,124934.8275862069,6.0,6.0,23.0,6.0,5.0,6.0,hourly_live_vs_execution_1m_aggregate_mismatch_examples.csv
hourly_live_vs_execution_1m_aggregate,DOGE/USD:USD,690,13,2026-05-01T00:00:00+00:00,2026-05-30T17:00:00+00:00,2026-05-01T09:00:00+00:00,2026-05-14T23:00:00+00:00,13,2026-05-01T09:00:00+00:00,2026-05-14T23:00:00+00:00,0.0004899948835372925,0.00016746039573962873,13.0,13.0,0.0008359998464584351,0.00041115398590381327,12.0,12.0,0.0017279982566833496,0.0005384614834418664,12.0,12.0,0.001350998878479004,0.0004266139406424302,13.0,13.0,8869974.0,3084711.3076923075,13.0,13.0,0.0,13.0,13.0,13.0,hourly_live_vs_execution_1m_aggregate_mismatch_examples.csv
hourly_live_vs_execution_1m_aggregate,DOGS/USD:USD,688,101,2026-05-01T00:00:00+00:00,2026-05-30T17:00:00+00:00,2026-05-01T16:00:00+00:00,2026-05-21T19:00:00+00:00,101,2026-05-01T16:00:00+00:00,2026-05-21T19:00:00+00:00,1.5699988580308855e-06,1.371287124687898e-07,28.0,4.0,7.800001185387373e-06,2.9287098141589965e-07,33.0,9.0,5.860005330760032e-06,3.0702988687432416e-07,35.0,11.0,4.879999323748052e-06,3.0673247310194636e-07,37.0,12.0,872339008.0,47799306.732673265,39.0,39.0,62.0,39.0,18.0,39.0,hourly_live_vs_execution_1m_aggregate_mismatch_examples.csv
hourly_live_vs_execution_1m_aggregate,DOT/USD:USD,690,14,2026-05-01T00:00:00+00:00,2026-05-30T17:00:00+00:00,2026-05-05T20:00:00+00:00,2026-05-21T12:00:00+00:00,14,2026-05-05T20:00:00+00:00,2026-05-21T12:00:00+00:00,0.007999897003173828,0.003000020980834961,12.0,12.0,0.014999985694885254,0.006285709994179862,14.0,14.0,0.013000011444091797,0.004642861230032784,11.0,11.0,0.012000083923339844,0.005428569657461984,13.0,13.0,47479.198486328125,19782.707054138184,14.0,14.0,0.0,14.0,14.0,14.0,hourly_live_vs_execution_1m_aggregate_mismatch_examples.csv
hourly_live_vs_execution_1m_aggregate,DYDX/USD:USD,690,35,2026-05-01T00:00:00+00:00,2026-05-30T17:00:00+00:00,2026-05-01T21:00:00+00:00,2026-05-21T11:00:00+00:00,35,2026-05-01T21:00:00+00:00,2026-05-21T11:00:00+00:00,0.0015999972820281982,0.0003257138388497489,23.0,23.0,0.0037000030279159546,0.0007399993283408029,30.0,30.0,0.003099992871284485,0.0008085719176701137,30.0,30.0,0.002499997615814209,0.0007742856230054583,32.0,32.0,108217.0,25538.314285714285,34.0,34.0,1.0,34.0,34.0,34.0,hourly_live_vs_execution_1m_aggregate_mismatch_examples.csv
hourly_live_vs_execution_1m_aggregate,DYM/USD:USD,690,60,2026-05-01T00:00:00+00:00,2026-05-30T17:00:00+00:00,2026-05-05T03:00:00+00:00,2026-05-15T13:00:00+00:00,60,2026-05-05T03:00:00+00:00,2026-05-15T13:00:00+00:00,0.0010000001639127731,5.499999970197678e-05,12.0,12.0,0.008300000801682472,0.00033166666204730667,20.0,20.0,0.003399999812245369,0.0001766666149099668,15.0,15.0,0.002199999988079071,0.00022833334902922314,19.0,19.0,2500690.849609375,79978.27060343424,26.0,26.0,34.0,26.0,25.0,26.0,hourly_live_vs_execution_1m_aggregate_mismatch_examples.csv
hourly_live_vs_execution_1m_aggregate,EGLD/USD:USD,690,28,2026-05-01T00:00:00+00:00,2026-05-30T17:00:00+00:00,2026-05-05T20:00:00+00:00,2026-05-21T22:00:00+00:00,28,2026-05-05T20:00:00+00:00,2026-05-21T22:00:00+00:00,0.019999980926513672,0.0032143081937517437,6.0,6.0,0.03000020980834961,0.008571420397077287,14.0,14.0,0.19000005722045898,0.015000002724783761,13.0,13.0,0.17999982833862305,0.016428538731166294,18.0,18.0,2437.840087890625,579.8153550390687,24.0,24.0,4.0,24.0,21.0,24.0,hourly_live_vs_execution_1m_aggregate_mismatch_examples.csv
hourly_live_vs_execution_1m_aggregate,EIGEN/USD:USD,690,68,2026-05-01T00:00:00+00:00,2026-05-30T17:00:00+00:00,2026-05-03T07:00:00+00:00,2026-05-21T12:00:00+00:00,68,2026-05-03T07:00:00+00:00,2026-05-21T12:00:00+00:00,0.005499988794326782,0.00017794068245326772,7.0,7.0,0.009099990129470825,0.0005117646035026101,13.0,13.0,0.011899992823600769,0.0010323520092403188,18.0,18.0,0.011600002646446228,0.0012338229400270125,23.0,23.0,29361.0,2410.294117647059,27.0,27.0,41.0,27.0,27.0,27.0,hourly_live_vs_execution_1m_aggregate_mismatch_examples.csv
hourly_live_vs_execution_1m_aggregate,ENA/USD:USD,690,23,2026-05-01T00:00:00+00:00,2026-05-30T17:00:00+00:00,2026-05-05T20:00:00+00:00,2026-05-21T16:00:00+00:00,23,2026-05-05T20:00:00+00:00,2026-05-21T16:00:00+00:00,0.00318000465631485,0.0005682616130165432,21.0,21.0,0.002590000629425049,0.0009599988875181779,23.0,23.0,0.00299999862909317,0.0008521737611812094,22.0,22.0,0.002169996500015259,0.0006786957383155823,22.0,22.0,2191171.0,327522.4347826087,23.0,23.0,0.0,23.0,23.0,23.0,hourly_live_vs_execution_1m_aggregate_mismatch_examples.csv
hourly_live_vs_execution_1m_aggregate,ENJ/USD:USD,690,9,2026-05-01T00:00:00+00:00,2026-05-30T17:00:00+00:00,2026-05-13T14:00:00+00:00,2026-05-15T15:00:00+00:00,9,2026-05-13T14:00:00+00:00,2026-05-15T15:00:00+00:00,0.0002800002694129944,4.777808984120687e-05,3.0,3.0,0.0016600005328655243,0.00033000070187780593,5.0,5.0,0.003009997308254242,0.0004933327436447144,5.0,5.0,0.0019799992442131042,0.0006011120147175259,8.0,8.0,943981.0,122984.22222222222,8.0,8.0,1.0,8.0,8.0,8.0,hourly_live_vs_execution_1m_aggregate_mismatch_examples.csv
hourly_live_vs_execution_1m_aggregate,ENS/USD:USD,690,70,2026-05-01T00:00:00+00:00,2026-05-30T17:00:00+00:00,2026-05-01T23:00:00+00:00,2026-05-21T16:00:00+00:00,70,2026-05-01T23:00:00+00:00,2026-05-21T16:00:00+00:00,0.07200002670288086,0.009242861611502512,28.0,28.0,0.1569995880126953,0.022114276885986328,37.0,37.0,0.28999996185302734,0.02104285785130092,34.0,34.0,0.2630000114440918,0.02632857050214495,44.0,44.0,6235.2001953125,381.89000214168004,52.0,52.0,18.0,52.0,52.0,52.0,hourly_live_vs_execution_1m_aggregate_mismatch_examples.csv
hourly_live_vs_execution_1m_aggregate,ESP/USD:USD,639,0,2026-05-01T00:00:00+00:00,2026-05-28T16:00:00+00:00,,,0,,,,,,,,,,,,,,,,,,,,,,,,,,,hourly_live_vs_execution_1m_aggregate_mismatch_examples.csv
hourly_live_vs_execution_1m_aggregate,ESPORTS/USD:USD,690,61,2026-05-01T00:00:00+00:00,2026-05-30T17:00:00+00:00,2026-05-01T00:00:00+00:00,2026-05-14T07:00:00+00:00,61,2026-05-01T00:00:00+00:00,2026-05-14T07:00:00+00:00,0.012190043926239014,0.00045147635897652046,3.0,3.0,0.02622997760772705,0.0007203270177372166,4.0,4.0,0.01212000846862793,0.0006042630946049925,5.0,5.0,0.011049985885620117,0.0004098371404116271,4.0,4.0,3498.0,151.9672131147541,5.0,5.0,56.0,5.0,5.0,5.0,hourly_live_vs_execution_1m_aggregate_mismatch_examples.csv
hourly_live_vs_execution_1m_aggregate,ETC/USD:USD,690,8,2026-05-01T00:00:00+00:00,2026-05-30T17:00:00+00:00,2026-05-03T21:00:00+00:00,2026-05-14T02:00:00+00:00,8,2026-05-03T21:00:00+00:00,2026-05-14T02:00:00+00:00,0.048000335693359375,0.01087498664855957,6.0,6.0,0.03899955749511719,0.009750008583068848,5.0,5.0,0.048000335693359375,0.013375163078308105,5.0,5.0,0.03899955749511719,0.010249972343444824,5.0,5.0,1587.9000244140625,242.68750274181366,8.0,8.0,0.0,8.0,8.0,8.0,hourly_live_vs_execution_1m_aggregate_mismatch_examples.csv
hourly_live_vs_execution_1m_aggregate,ETH/USD:USD,688,10,2026-05-01T00:00:00+00:00,2026-05-30T17:00:00+00:00,2026-05-03T16:00:00+00:00,2026-05-15T02:00:00+00:00,10,2026-05-03T16:00:00+00:00,2026-05-15T02:00:00+00:00,10.60009765625,2.7500732421875,9.0,9.0,38.39990234375,12.5000244140625,10.0,10.0,16.0,9.03994140625,10.0,10.0,35.199951171875,12.3699951171875,10.0,10.0,7327.329833984375,2894.2810589581727,10.0,10.0,0.0,10.0,10.0,10.0,hourly_live_vs_execution_1m_aggregate_mismatch_examples.csv
hourly_live_vs_execution_1m_aggregate,ETHFI/USD:USD,690,63,2026-05-01T00:00:00+00:00,2026-05-30T17:00:00+00:00,2026-05-03T11:00:00+00:00,2026-05-21T18:00:00+00:00,63,2026-05-03T11:00:00+00:00,2026-05-21T18:00:00+00:00,0.011600017547607422,0.0006031748794374012,8.0,8.0,0.011600017547607422,0.0007444440372406491,9.0,9.0,0.006400018930435181,0.0006222232939705016,13.0,13.0,0.006899982690811157,0.00086031783194769,17.0,17.0,14024.7998046875,990.6571391650608,19.0,19.0,44.0,19.0,19.0,19.0,hourly_live_vs_execution_1m_aggregate_mismatch_examples.csv
hourly_live_vs_execution_1m_aggregate,ETHW/USD:USD,641,0,2026-05-01T00:00:00+00:00,2026-05-28T16:00:00+00:00,,,0,,,,,,,,,,,,,,,,,,,,,,,,,,,hourly_live_vs_execution_1m_aggregate_mismatch_examples.csv
hourly_live_vs_execution_1m_aggregate,EUR/USD:USD,688,0,2026-05-01T00:00:00+00:00,2026-05-30T17:00:00+00:00,,,0,,,,,,,,,,,,,,,,,,,,,,,,,,,hourly_live_vs_execution_1m_aggregate_mismatch_examples.csv
hourly_live_vs_execution_1m_aggregate,FARTCOIN/USD:USD,690,33,2026-05-01T00:00:00+00:00,2026-05-30T17:00:00+00:00,2026-05-05T17:00:00+00:00,2026-05-21T23:00:00+00:00,33,2026-05-05T17:00:00+00:00,2026-05-21T23:00:00+00:00,0.003899991512298584,0.0008121191552191069,31.0,31.0,0.008399993181228638,0.001730303421165004,31.0,31.0,0.012400001287460327,0.0017636386734066587,31.0,31.0,0.010700002312660217,0.0016121214086359198,32.0,32.0,1730840.0,194332.45454545456,33.0,33.0,0.0,33.0,33.0,33.0,hourly_live_vs_execution_1m_aggregate_mismatch_examples.csv
hourly_live_vs_execution_1m_aggregate,FET/USD:USD,690,11,2026-05-01T00:00:00+00:00,2026-05-30T17:00:00+00:00,2026-05-04T08:00:00+00:00,2026-05-13T22:00:00+00:00,11,2026-05-04T08:00:00+00:00,2026-05-13T22:00:00+00:00,0.001440003514289856,0.0003536357121034102,5.0,5.0,0.0027399957180023193,0.0012600001963702116,9.0,9.0,0.0020900070667266846,0.0008018192919817838,8.0,8.0,0.0021800100803375244,0.001395454460924322,11.0,11.0,130984.0,30877.636363636364,11.0,11.0,0.0,11.0,11.0,11.0,hourly_live_vs_execution_1m_aggregate_mismatch_examples.csv
hourly_live_vs_execution_1m_aggregate,FIL/USD:USD,690,11,2026-05-01T00:00:00+00:00,2026-05-30T17:00:00+00:00,2026-05-01T18:00:00+00:00,2026-05-21T19:00:00+00:00,11,2026-05-01T18:00:00+00:00,2026-05-21T19:00:00+00:00,0.0070999860763549805,0.003099988807331432,11.0,11.0,0.01940000057220459,0.006372738968242298,11.0,11.0,0.01680004596710205,0.005636366930874911,11.0,11.0,0.006399989128112793,0.003009059212424538,11.0,11.0,54961.001556396484,20105.445747028698,11.0,11.0,0.0,11.0,11.0,11.0,hourly_live_vs_execution_1m_aggregate_mismatch_examples.csv
hourly_live_vs_execution_1m_aggregate,FLOKI/USD:USD,690,24,2026-05-01T00:00:00+00:00,2026-05-30T17:00:00+00:00,2026-05-04T16:00:00+00:00,2026-05-15T14:00:00+00:00,24,2026-05-04T16:00:00+00:00,2026-05-15T14:00:00+00:00,1.1999873095192015e-07,5.41664727885897e-09,2.0,0.0,1.0299991117790341e-06,9.083320643791619e-08,8.0,1.0,1.8700011423788965e-06,1.5000008109685345e-07,10.0,1.0,1.8099999579135329e-06,1.937499594835875e-07,15.0,2.0,800883968.0,54168624.0,15.0,15.0,9.0,15.0,2.0,15.0,hourly_live_vs_execution_1m_aggregate_mismatch_examples.csv
hourly_live_vs_execution_1m_aggregate,FLOW/USD:USD,690,45,2026-05-01T00:00:00+00:00,2026-05-30T17:00:00+00:00,2026-05-01T00:00:00+00:00,2026-05-15T18:00:00+00:00,45,2026-05-01T00:00:00+00:00,2026-05-15T18:00:00+00:00,0.00039999932050704956,8.888873789045546e-06,1.0,1.0,0.0011999979615211487,6.666663620207045e-05,6.0,6.0,0.0020000003278255463,9.333334035343594e-05,6.0,6.0,0.0020000003278255463,0.00015111110276646084,11.0,11.0,728648.0,17645.11111111111,14.0,14.0,31.0,14.0,12.0,14.0,hourly_live_vs_execution_1m_aggregate_mismatch_examples.csv
hourly_live_vs_execution_1m_aggregate,FLR/USD:USD,688,56,2026-05-01T00:00:00+00:00,2026-05-30T17:00:00+00:00,2026-05-07T08:00:00+00:00,2026-05-15T20:00:00+00:00,56,2026-05-07T08:00:00+00:00,2026-05-15T20:00:00+00:00,0.00011099968105554581,7.821446550743921e-06,9.0,9.0,0.00016899965703487396,1.0874987180743898e-05,12.0,12.0,0.00021299999207258224,1.4428598141031606e-05,15.0,15.0,0.00021299999207258224,1.9035684610051768e-05,20.0,20.0,137754.0,14487.607142857143,22.0,22.0,34.0,22.0,22.0,22.0,hourly_live_vs_execution_1m_aggregate_mismatch_examples.csv
hourly_live_vs_execution_1m_aggregate,FLUX/USD:USD,688,67,2026-05-01T00:00:00+00:00,2026-05-30T17:00:00+00:00,2026-05-01T20:00:00+00:00,2026-05-12T14:00:00+00:00,67,2026-05-01T20:00:00+00:00,2026-05-12T14:00:00+00:00,0.0,0.0,0.0,0.0,0.0009999945759773254,2.3880556448182062e-05,3.0,3.0,0.005300000309944153,7.910448223797243e-05,1.0,1.0,0.005300000309944153,0.00010298503868615449,4.0,4.0,25600.0,426.14925373134326,4.0,4.0,63.0,4.0,4.0,4.0,hourly_live_vs_execution_1m_aggregate_mismatch_examples.csv
hourly_live_vs_execution_1m_aggregate,GALA/USD:USD,690,3,2026-05-01T00:00:00+00:00,2026-05-30T17:00:00+00:00,2026-05-05T17:00:00+00:00,2026-05-21T21:00:00+00:00,3,2026-05-05T17:00:00+00:00,2026-05-21T21:00:00+00:00,2.2999942302703857e-05,8.999990920225779e-06,3.0,3.0,5.2999937906861305e-05,1.933332532644272e-05,2.0,2.0,2.0999927073717117e-05,1.4666623125473658e-05,3.0,3.0,4.200008697807789e-05,1.733338770767053e-05,3.0,3.0,12704180.0,7133300.0,3.0,3.0,0.0,3.0,3.0,3.0,hourly_live_vs_execution_1m_aggregate_mismatch_examples.csv
hourly_live_vs_execution_1m_aggregate,GAS/USD:USD,690,0,2026-05-01T00:00:00+00:00,2026-05-30T17:00:00+00:00,,,0,,,,,,,,,,,,,,,,,,,,,,,,,,,hourly_live_vs_execution_1m_aggregate_mismatch_examples.csv
hourly_live_vs_execution_1m_aggregate,GBP/USD:USD,688,0,2026-05-01T00:00:00+00:00,2026-05-30T17:00:00+00:00,,,0,,,,,,,,,,,,,,,,,,,,,,,,,,,hourly_live_vs_execution_1m_aggregate_mismatch_examples.csv
hourly_live_vs_execution_1m_aggregate,GIGA/USD:USD,690,38,2026-05-01T00:00:00+00:00,2026-05-30T17:00:00+00:00,2026-05-02T12:00:00+00:00,2026-05-21T14:00:00+00:00,38,2026-05-02T12:00:00+00:00,2026-05-21T14:00:00+00:00,0.0006200000643730164,3.3684197421136654e-05,8.0,8.0,0.0006399997510015965,5.736841060417263e-05,13.0,13.0,0.00043000001460313797,4.342104014205305e-05,13.0,13.0,0.0006399997510015965,5.973683743688621e-05,16.0,16.0,698836.0,88099.8947368421,19.0,19.0,19.0,19.0,19.0,19.0,hourly_live_vs_execution_1m_aggregate_mismatch_examples.csv
hourly_live_vs_execution_1m_aggregate,GLDX/USD:USD,639,0,2026-05-01T00:00:00+00:00,2026-05-28T16:00:00+00:00,,,0,,,,,,,,,,,,,,,,,,,,,,,,,,,hourly_live_vs_execution_1m_aggregate_mismatch_examples.csv
hourly_live_vs_execution_1m_aggregate,GMT/USD:USD,690,32,2026-05-01T00:00:00+00:00,2026-05-30T17:00:00+00:00,2026-05-03T05:00:00+00:00,2026-05-21T23:00:00+00:00,32,2026-05-03T05:00:00+00:00,2026-05-21T23:00:00+00:00,0.0001600002869963646,3.50000336766243e-05,24.0,24.0,0.003580000251531601,0.00018437500693835318,23.0,23.0,0.00017999950796365738,6.843745359219611e-05,25.0,25.0,0.000249999575316906,6.15626631770283e-05,23.0,23.0,2371898.0,342361.1875,30.0,30.0,1.0,31.0,31.0,30.0,hourly_live_vs_execution_1m_aggregate_mismatch_examples.csv
hourly_live_vs_execution_1m_aggregate,GMX/USD:USD,690,17,2026-05-01T00:00:00+00:00,2026-05-30T17:00:00+00:00,2026-05-01T17:00:00+00:00,2026-05-21T23:00:00+00:00,17,2026-05-01T17:00:00+00:00,2026-05-21T23:00:00+00:00,0.0840001106262207,0.008176495047176586,3.0,3.0,0.03500032424926758,0.004058837890625,2.0,2.0,0.0840001106262207,0.006117652444278493,2.0,2.0,0.03399991989135742,0.003588227664723116,2.0,2.0,95.43000030517578,6.725882361916935,2.0,2.0,13.0,4.0,4.0,2.0,hourly_live_vs_execution_1m_aggregate_mismatch_examples.csv
hourly_live_vs_execution_1m_aggregate,GOAT/USD:USD,690,13,2026-05-01T00:00:00+00:00,2026-05-30T17:00:00+00:00,2026-05-04T01:00:00+00:00,2026-05-15T13:00:00+00:00,13,2026-05-04T01:00:00+00:00,2026-05-15T13:00:00+00:00,0.00018999911844730377,2.6153830381540152e-05,3.0,3.0,0.0003800000995397568,8.538451332312364e-05,6.0,6.0,0.0009500011801719666,0.00011000008537219121,4.0,4.0,0.0008000005036592484,0.0001169229642702983,5.0,5.0,1088751.0,144249.15384615384,7.0,7.0,6.0,7.0,7.0,7.0,hourly_live_vs_execution_1m_aggregate_mismatch_examples.csv
hourly_live_vs_execution_1m_aggregate,GOOGLX/USD:USD,641,0,2026-05-01T00:00:00+00:00,2026-05-28T16:00:00+00:00,,,0,,,,,,,,,,,,,,,,,,,,,,,,,,,hourly_live_vs_execution_1m_aggregate_mismatch_examples.csv
hourly_live_vs_execution_1m_aggregate,GPS/USD:USD,639,0,2026-05-01T00:00:00+00:00,2026-05-28T16:00:00+00:00,,,0,,,,,,,,,,,,,,,,,,,,,,,,,,,hourly_live_vs_execution_1m_aggregate_mismatch_examples.csv
hourly_live_vs_execution_1m_aggregate,GRASS/USD:USD,690,15,2026-05-01T00:00:00+00:00,2026-05-30T17:00:00+00:00,2026-05-03T00:00:00+00:00,2026-05-15T17:00:00+00:00,15,2026-05-03T00:00:00+00:00,2026-05-15T17:00:00+00:00,0.00279998779296875,0.0007400015989939371,11.0,11.0,0.018299996852874756,0.0040000001589457195,11.0,11.0,0.004799991846084595,0.0011200010776519775,11.0,11.0,0.011600017547607422,0.003246670961380005,13.0,13.0,32860.0,15489.333333333334,14.0,14.0,1.0,14.0,14.0,14.0,hourly_live_vs_execution_1m_aggregate_mismatch_examples.csv
hourly_live_vs_execution_1m_aggregate,GRIFFAIN/USD:USD,690,52,2026-05-01T00:00:00+00:00,2026-05-30T17:00:00+00:00,2026-05-01T00:00:00+00:00,2026-05-21T05:00:00+00:00,52,2026-05-01T00:00:00+00:00,2026-05-21T05:00:00+00:00,0.0002300003543496132,2.3653856120430508e-05,10.0,10.0,0.0007400000467896461,7.211542330109156e-05,18.0,18.0,0.0010000001639127731,9.03845872156895e-05,17.0,17.0,0.0006400002166628838,9.576920778132402e-05,24.0,24.0,1556475.0,50929.307692307695,28.0,28.0,24.0,28.0,26.0,28.0,hourly_live_vs_execution_1m_aggregate_mismatch_examples.csv
hourly_live_vs_execution_1m_aggregate,GRT/USD:USD,690,82,2026-05-01T00:00:00+00:00,2026-05-30T17:00:00+00:00,2026-05-02T21:00:00+00:00,2026-05-21T13:00:00+00:00,82,2026-05-02T21:00:00+00:00,2026-05-21T13:00:00+00:00,0.000350000336766243,7.390246794718068e-05,57.0,57.0,0.00039999932050704956,8.78048424677151e-05,43.0,43.0,0.0003400016576051712,6.329272760123742e-05,43.0,43.0,0.00039999932050704956,7.512197807067778e-05,41.0,41.0,214491.0,14074.280487804877,69.0,69.0,13.0,69.0,68.0,69.0,hourly_live_vs_execution_1m_aggregate_mismatch_examples.csv
hourly_live_vs_execution_1m_aggregate,GTC/USD:USD,688,11,2026-05-01T00:00:00+00:00,2026-05-30T17:00:00+00:00,2026-05-14T05:00:00+00:00,2026-05-21T23:00:00+00:00,11,2026-05-14T05:00:00+00:00,2026-05-21T23:00:00+00:00,0.0012000054121017456,0.0002818182110786438,4.0,4.0,0.0012000054121017456,0.00034545429728247905,4.0,4.0,0.0012000054121017456,0.00015454603867097333,2.0,2.0,0.0012000054121017456,0.0001727274873039939,2.0,2.0,22485.0,3150.909090909091,5.0,5.0,5.0,6.0,5.0,5.0,hourly_live_vs_execution_1m_aggregate_mismatch_examples.csv
hourly_live_vs_execution_1m_aggregate,HAEDAL/USD:USD,639,0,2026-05-01T00:00:00+00:00,2026-05-28T16:00:00+00:00,,,0,,,,,,,,,,,,,,,,,,,,,,,,,,,hourly_live_vs_execution_1m_aggregate_mismatch_examples.csv
hourly_live_vs_execution_1m_aggregate,HBAR/USD:USD,690,17,2026-05-01T00:00:00+00:00,2026-05-30T17:00:00+00:00,2026-05-06T05:00:00+00:00,2026-05-12T05:00:00+00:00,17,2026-05-06T05:00:00+00:00,2026-05-12T05:00:00+00:00,0.00031000375747680664,0.00010117713142843808,13.0,13.0,0.001230001449584961,0.00038647125749027026,14.0,14.0,0.0007899999618530273,0.00022117574425304637,13.0,13.0,0.001139998435974121,0.0003158827038372264,17.0,17.0,494071.0,175391.35294117648,17.0,17.0,0.0,17.0,17.0,17.0,hourly_live_vs_execution_1m_aggregate_mismatch_examples.csv
hourly_live_vs_execution_1m_aggregate,HFT/USD:USD,690,64,2026-05-01T00:00:00+00:00,2026-05-30T17:00:00+00:00,2026-05-04T09:00:00+00:00,2026-05-15T18:00:00+00:00,64,2026-05-04T09:00:00+00:00,2026-05-15T18:00:00+00:00,0.000260000117123127,7.499969797208905e-06,6.0,6.0,0.00047999992966651917,4.203124262858182e-05,24.0,24.0,0.0006400002166628838,2.1874962840229273e-05,11.0,11.0,0.0006400002166628838,5.374998727347702e-05,28.0,28.0,245876.0,19314.921875,31.0,31.0,33.0,31.0,30.0,31.0,hourly_live_vs_execution_1m_aggregate_mismatch_examples.csv
hourly_live_vs_execution_1m_aggregate,HIGH/USD:USD,641,0,2026-05-01T00:00:00+00:00,2026-05-28T16:00:00+00:00,,,0,,,,,,,,,,,,,,,,,,,,,,,,,,,hourly_live_vs_execution_1m_aggregate_mismatch_examples.csv
hourly_live_vs_execution_1m_aggregate,HMSTR/USD:USD,690,74,2026-05-01T00:00:00+00:00,2026-05-30T17:00:00+00:00,2026-05-02T18:00:00+00:00,2026-05-15T12:00:00+00:00,74,2026-05-02T18:00:00+00:00,2026-05-15T12:00:00+00:00,3.9999998989515007e-05,8.783785774171151e-07,20.0,14.0,3.8999991375021636e-05,1.4594601501861739e-06,27.0,21.0,4.299999272916466e-05,1.4324327207145256e-06,34.0,26.0,3.8999991375021636e-05,1.2702712902446856e-06,38.0,32.0,40405232.0,5560128.243243244,59.0,59.0,15.0,59.0,39.0,59.0,hourly_live_vs_execution_1m_aggregate_mismatch_examples.csv
hourly_live_vs_execution_1m_aggregate,HOODX/USD:USD,641,0,2026-05-01T00:00:00+00:00,2026-05-28T16:00:00+00:00,,,0,,,,,,,,,,,,,,,,,,,,,,,,,,,hourly_live_vs_execution_1m_aggregate_mismatch_examples.csv
hourly_live_vs_execution_1m_aggregate,HYPE/USD:USD,690,0,2026-05-01T00:00:00+00:00,2026-05-30T17:00:00+00:00,,,0,,,,,,,,,,,,,,,,,,,,,,,,,,,hourly_live_vs_execution_1m_aggregate_mismatch_examples.csv
hourly_live_vs_execution_1m_aggregate,ICP/USD:USD,690,23,2026-05-01T00:00:00+00:00,2026-05-30T17:00:00+00:00,2026-05-01T16:00:00+00:00,2026-05-21T10:00:00+00:00,23,2026-05-01T16:00:00+00:00,2026-05-21T10:00:00+00:00,0.04699993133544922,0.01199998026308806,19.0,19.0,0.0709998607635498,0.019130458002505096,21.0,21.0,0.04799985885620117,0.015217397523962933,19.0,19.0,0.05900001525878906,0.01482608007348102,21.0,21.0,15070.200439453125,4300.078290130781,23.0,23.0,0.0,23.0,23.0,23.0,hourly_live_vs_execution_1m_aggregate_mismatch_examples.csv
hourly_live_vs_execution_1m_aggregate,ICX/USD:USD,688,53,2026-05-01T00:00:00+00:00,2026-05-30T17:00:00+00:00,2026-05-04T15:00:00+00:00,2026-05-13T10:00:00+00:00,53,2026-05-04T15:00:00+00:00,2026-05-13T10:00:00+00:00,0.0001100003719329834,2.075478715716668e-06,1.0,1.0,0.00026999786496162415,7.169778054615237e-06,2.0,2.0,0.0,0.0,0.0,0.0,0.00026999786496162415,5.0942993388985686e-06,1.0,1.0,4064.0,77.62264150943396,2.0,2.0,51.0,2.0,2.0,2.0,hourly_live_vs_execution_1m_aggregate_mismatch_examples.csv
hourly_live_vs_execution_1m_aggregate,ID/USD:USD,639,0,2026-05-01T00:00:00+00:00,2026-05-28T16:00:00+00:00,,,0,,,,,,,,,,,,,,,,,,,,,,,,,,,hourly_live_vs_execution_1m_aggregate_mismatch_examples.csv
hourly_live_vs_execution_1m_aggregate,IMX/USD:USD,690,52,2026-05-01T00:00:00+00:00,2026-05-30T17:00:00+00:00,2026-05-01T13:00:00+00:00,2026-05-21T10:00:00+00:00,52,2026-05-01T13:00:00+00:00,2026-05-21T10:00:00+00:00,0.003600001335144043,0.0005749999903715574,28.0,28.0,0.003600001335144043,0.0004999998670357924,20.0,20.0,0.0023000091314315796,0.00042884596265279327,20.0,20.0,0.002800002694129944,0.0003942308517602774,16.0,16.0,250290.0,6287.538461538462,36.0,36.0,16.0,36.0,35.0,36.0,hourly_live_vs_execution_1m_aggregate_mismatch_examples.csv
hourly_live_vs_execution_1m_aggregate,INIT/USD:USD,690,63,2026-05-01T00:00:00+00:00,2026-05-30T17:00:00+00:00,2026-05-01T01:00:00+00:00,2026-05-15T18:00:00+00:00,63,2026-05-01T01:00:00+00:00,2026-05-15T18:00:00+00:00,0.0020000040531158447,3.4920752994597906e-05,2.0,2.0,0.0040000006556510925,0.0001047617859310574,6.0,6.0,0.0020000040531158447,0.0001190477420413305,6.0,6.0,0.002199999988079071,0.00015396825850956023,10.0,10.0,6590.0,331.4920634920635,11.0,11.0,52.0,11.0,11.0,11.0,hourly_live_vs_execution_1m_aggregate_mismatch_examples.csv
hourly_live_vs_execution_1m_aggregate,INJ/USD:USD,690,4,2026-05-01T00:00:00+00:00,2026-05-30T17:00:00+00:00,2026-05-02T20:00:00+00:00,2026-05-08T02:00:00+00:00,4,2026-05-02T20:00:00+00:00,2026-05-08T02:00:00+00:00,0.01699995994567871,0.008249998092651367,3.0,3.0,0.0410001277923584,0.02599996328353882,3.0,3.0,0.0280001163482666,0.018000006675720215,4.0,4.0,0.029999971389770508,0.023499906063079834,4.0,4.0,12384.7998046875,4022.824935913086,4.0,4.0,0.0,4.0,4.0,4.0,hourly_live_vs_execution_1m_aggregate_mismatch_examples.csv
hourly_live_vs_execution_1m_aggregate,IO/USD:USD,641,0,2026-05-01T00:00:00+00:00,2026-05-28T16:00:00+00:00,,,0,,,,,,,,,,,,,,,,,,,,,,,,,,,hourly_live_vs_execution_1m_aggregate_mismatch_examples.csv
hourly_live_vs_execution_1m_aggregate,IOST/USD:USD,639,0,2026-05-01T00:00:00+00:00,2026-05-28T16:00:00+00:00,,,0,,,,,,,,,,,,,,,,,,,,,,,,,,,hourly_live_vs_execution_1m_aggregate_mismatch_examples.csv
hourly_live_vs_execution_1m_aggregate,IOTA/USD:USD,641,0,2026-05-01T00:00:00+00:00,2026-05-28T16:00:00+00:00,,,0,,,,,,,,,,,,,,,,,,,,,,,,,,,hourly_live_vs_execution_1m_aggregate_mismatch_examples.csv
hourly_live_vs_execution_1m_aggregate,IOTX/USD:USD,639,0,2026-05-01T00:00:00+00:00,2026-05-28T16:00:00+00:00,,,0,,,,,,,,,,,,,,,,,,,,,,,,,,,hourly_live_vs_execution_1m_aggregate_mismatch_examples.csv
hourly_live_vs_execution_1m_aggregate,IP/USD:USD,688,82,2026-05-01T00:00:00+00:00,2026-05-30T17:00:00+00:00,2026-05-04T03:00:00+00:00,2026-05-21T17:00:00+00:00,82,2026-05-04T03:00:00+00:00,2026-05-21T17:00:00+00:00,0.022000014781951904,0.0008536609934597481,12.0,12.0,0.022000014781951904,0.0015853657955076637,25.0,25.0,0.01699995994567871,0.0011585369342710914,15.0,15.0,0.013000011444091797,0.001817070492884008,27.0,27.0,2403.699951171875,381.05121838610347,40.0,40.0,42.0,40.0,35.0,40.0,hourly_live_vs_execution_1m_aggregate_mismatch_examples.csv
hourly_live_vs_execution_1m_aggregate,JASMY/USD:USD,690,19,2026-05-01T00:00:00+00:00,2026-05-30T17:00:00+00:00,2026-05-05T21:00:00+00:00,2026-05-11T05:00:00+00:00,19,2026-05-05T21:00:00+00:00,2026-05-11T05:00:00+00:00,3.200024366378784e-05,9.736805958183189e-06,12.0,11.0,0.00013299984857439995,2.8263091256743983e-05,14.0,14.0,6.400002166628838e-05,2.1473651653841923e-05,15.0,14.0,6.100023165345192e-05,2.6789420333347824e-05,18.0,18.0,9432487.0,1843323.0526315789,19.0,19.0,0.0,19.0,19.0,19.0,hourly_live_vs_execution_1m_aggregate_mismatch_examples.csv
hourly_live_vs_execution_1m_aggregate,JPY/USD:USD,639,0,2026-05-01T00:00:00+00:00,2026-05-28T16:00:00+00:00,,,0,,,,,,,,,,,,,,,,,,,,,,,,,,,hourly_live_vs_execution_1m_aggregate_mismatch_examples.csv
hourly_live_vs_execution_1m_aggregate,JTO/USD:USD,690,51,2026-05-01T00:00:00+00:00,2026-05-30T17:00:00+00:00,2026-05-01T02:00:00+00:00,2026-05-15T18:00:00+00:00,51,2026-05-01T02:00:00+00:00,2026-05-15T18:00:00+00:00,0.01449999213218689,0.0013392164426691393,37.0,37.0,0.024199992418289185,0.0032588202579348696,43.0,43.0,0.021000027656555176,0.002429409938700059,42.0,42.0,0.020099997520446777,0.0031117644964479933,51.0,51.0,434520.0,23405.529411764706,51.0,51.0,0.0,51.0,51.0,51.0,hourly_live_vs_execution_1m_aggregate_mismatch_examples.csv
hourly_live_vs_execution_1m_aggregate,JUP/USD:USD,690,17,2026-05-01T00:00:00+00:00,2026-05-30T17:00:00+00:00,2026-05-05T12:00:00+00:00,2026-05-13T19:00:00+00:00,17,2026-05-05T12:00:00+00:00,2026-05-13T19:00:00+00:00,0.0027000010013580322,0.0006999978247810813,13.0,13.0,0.009000003337860107,0.0018294120536131017,16.0,16.0,0.0037999898195266724,0.0013294114786035875,13.0,13.0,0.006700009107589722,0.0017294121139189776,15.0,15.0,556610.0,103128.88235294117,17.0,17.0,0.0,17.0,17.0,17.0,hourly_live_vs_execution_1m_aggregate_mismatch_examples.csv
hourly_live_vs_execution_1m_aggregate,KAIA/USD:USD,639,0,2026-05-01T00:00:00+00:00,2026-05-28T16:00:00+00:00,,,0,,,,,,,,,,,,,,,,,,,,,,,,,,,hourly_live_vs_execution_1m_aggregate_mismatch_examples.csv
hourly_live_vs_execution_1m_aggregate,KAITO/USD:USD,690,61,2026-05-01T00:00:00+00:00,2026-05-30T17:00:00+00:00,2026-05-01T07:00:00+00:00,2026-05-21T22:00:00+00:00,61,2026-05-01T07:00:00+00:00,2026-05-21T22:00:00+00:00,0.009399980306625366,0.0004590168351032695,9.0,9.0,0.009399980306625366,0.0007344274247278932,11.0,11.0,0.013600021600723267,0.0008180336874039447,13.0,13.0,0.010500013828277588,0.0008262303031858851,14.0,14.0,16339.0,780.672131147541,21.0,21.0,39.0,22.0,20.0,21.0,hourly_live_vs_execution_1m_aggregate_mismatch_examples.csv
hourly_live_vs_execution_1m_aggregate,KAS/USD:USD,690,21,2026-05-01T00:00:00+00:00,2026-05-30T17:00:00+00:00,2026-05-03T12:00:00+00:00,2026-05-11T21:00:00+00:00,21,2026-05-03T12:00:00+00:00,2026-05-11T21:00:00+00:00,0.0002700015902519226,3.095255011603946e-05,8.0,8.0,0.0005699992179870605,0.00016619087684722174,16.0,16.0,0.0006000027060508728,0.00012095219322613307,14.0,14.0,0.000550001859664917,0.0001661903446628934,20.0,20.0,372185.0,95806.38095238095,20.0,20.0,1.0,20.0,20.0,20.0,hourly_live_vs_execution_1m_aggregate_mismatch_examples.csv
hourly_live_vs_execution_1m_aggregate,KAT/USD:USD,641,0,2026-05-01T00:00:00+00:00,2026-05-28T16:00:00+00:00,,,0,,,,,,,,,,,,,,,,,,,,,,,,,,,hourly_live_vs_execution_1m_aggregate_mismatch_examples.csv
hourly_live_vs_execution_1m_aggregate,KAVA/USD:USD,688,73,2026-05-01T00:00:00+00:00,2026-05-30T17:00:00+00:00,2026-05-02T10:00:00+00:00,2026-05-21T23:00:00+00:00,73,2026-05-02T10:00:00+00:00,2026-05-21T23:00:00+00:00,0.0009000003337860107,4.520563230122605e-05,7.0,7.0,0.001400001347064972,7.123290880085671e-05,8.0,8.0,0.0010000020265579224,7.671260670439838e-05,13.0,13.0,0.0010000020265579224,8.082211221734138e-05,15.0,15.0,17860.0,489.45205479452056,18.0,18.0,54.0,19.0,18.0,18.0,hourly_live_vs_execution_1m_aggregate_mismatch_examples.csv
hourly_live_vs_execution_1m_aggregate,KOMA/USD:USD,639,0,2026-05-01T00:00:00+00:00,2026-05-28T16:00:00+00:00,,,0,,,,,,,,,,,,,,,,,,,,,,,,,,,hourly_live_vs_execution_1m_aggregate_mismatch_examples.csv
hourly_live_vs_execution_1m_aggregate,KSM/USD:USD,690,26,2026-05-01T00:00:00+00:00,2026-05-30T17:00:00+00:00,2026-05-01T07:00:00+00:00,2026-05-15T12:00:00+00:00,26,2026-05-01T07:00:00+00:00,2026-05-15T12:00:00+00:00,0.12199974060058594,0.005807693188007061,4.0,4.0,0.12199974060058594,0.017576914567213792,13.0,13.0,0.1679997444152832,0.00969232045687162,7.0,7.0,0.14799976348876953,0.019923063424917366,16.0,16.0,2371.580078125,223.79500357921307,17.0,17.0,9.0,17.0,17.0,17.0,hourly_live_vs_execution_1m_aggregate_mismatch_examples.csv
hourly_live_vs_execution_1m_aggregate,LAYER/USD:USD,688,1,2026-05-01T00:00:00+00:00,2026-05-30T17:00:00+00:00,2026-05-21T22:00:00+00:00,2026-05-21T22:00:00+00:00,1,2026-05-21T22:00:00+00:00,2026-05-21T22:00:00+00:00,0.0,0.0,0.0,0.0,0.0,0.0,0.0,0.0,0.0,0.0,0.0,0.0,0.0,0.0,0.0,0.0,0.0,0.0,0.0,0.0,1.0,0.0,0.0,0.0,hourly_live_vs_execution_1m_aggregate_mismatch_examples.csv
hourly_live_vs_execution_1m_aggregate,LCAP/USD:USD,690,24,2026-05-01T00:00:00+00:00,2026-05-30T17:00:00+00:00,2026-05-01T15:00:00+00:00,2026-05-15T12:00:00+00:00,24,2026-05-01T15:00:00+00:00,2026-05-15T12:00:00+00:00,0.0,0.0,0.0,0.0,0.020999908447265625,0.0008749961853027344,1.0,1.0,0.019999980926513672,0.0008333325386047363,1.0,1.0,0.020999908447265625,0.0008749961853027344,1.0,1.0,2.0,0.08333333333333333,1.0,1.0,23.0,1.0,1.0,1.0,hourly_live_vs_execution_1m_aggregate_mismatch_examples.csv
hourly_live_vs_execution_1m_aggregate,LDO/USD:USD,690,19,2026-05-01T00:00:00+00:00,2026-05-30T17:00:00+00:00,2026-05-05T09:00:00+00:00,2026-05-14T22:00:00+00:00,19,2026-05-05T09:00:00+00:00,2026-05-14T22:00:00+00:00,0.003300011157989502,0.000647364478362234,12.0,12.0,0.032499998807907104,0.00423684088807357,19.0,19.0,0.004099994897842407,0.001410523527546933,14.0,14.0,0.031199991703033447,0.0036947382123846757,19.0,19.0,876643.0,65305.63157894737,19.0,19.0,0.0,19.0,19.0,19.0,hourly_live_vs_execution_1m_aggregate_mismatch_examples.csv
hourly_live_vs_execution_1m_aggregate,LINK/USD:USD,690,5,2026-05-01T00:00:00+00:00,2026-05-30T17:00:00+00:00,2026-05-07T09:00:00+00:00,2026-05-21T16:00:00+00:00,5,2026-05-07T09:00:00+00:00,2026-05-21T16:00:00+00:00,0.023000717163085938,0.014000129699707032,5.0,5.0,0.05200004577636719,0.02560005187988281,5.0,5.0,0.06099987030029297,0.039200210571289064,5.0,5.0,0.06000041961669922,0.040200233459472656,5.0,5.0,18437.49960899353,10959.799921607972,5.0,5.0,0.0,5.0,5.0,5.0,hourly_live_vs_execution_1m_aggregate_mismatch_examples.csv
hourly_live_vs_execution_1m_aggregate,LPT/USD:USD,690,34,2026-05-01T00:00:00+00:00,2026-05-30T17:00:00+00:00,2026-05-03T03:00:00+00:00,2026-05-15T06:00:00+00:00,34,2026-05-03T03:00:00+00:00,2026-05-15T06:00:00+00:00,0.01399993896484375,0.001411760554594152,12.0,12.0,0.03699994087219238,0.005294098573572496,17.0,17.0,0.04800009727478027,0.006617644253899069,21.0,21.0,0.03699994087219238,0.008705854415893555,26.0,26.0,43506.29921722412,1626.5823310403264,28.0,28.0,6.0,28.0,28.0,28.0,hourly_live_vs_execution_1m_aggregate_mismatch_examples.csv
hourly_live_vs_execution_1m_aggregate,LQTY/USD:USD,688,11,2026-05-01T00:00:00+00:00,2026-05-30T17:00:00+00:00,2026-05-07T10:00:00+00:00,2026-05-21T12:00:00+00:00,11,2026-05-07T10:00:00+00:00,2026-05-21T12:00:00+00:00,0.0004999935626983643,4.5453960245305843e-05,1.0,1.0,0.004399985074996948,0.00044545260342684657,2.0,2.0,0.006999999284744263,0.0012545477260242808,3.0,3.0,0.006999999284744263,0.0014999969439073043,4.0,4.0,510.0,71.9090909090909,4.0,4.0,7.0,4.0,4.0,4.0,hourly_live_vs_execution_1m_aggregate_mismatch_examples.csv
hourly_live_vs_execution_1m_aggregate,LRC/USD:USD,688,48,2026-05-01T00:00:00+00:00,2026-05-30T17:00:00+00:00,2026-05-04T15:00:00+00:00,2026-05-15T13:00:00+00:00,48,2026-05-04T15:00:00+00:00,2026-05-15T13:00:00+00:00,0.0001100003719329834,3.3333587149779e-06,2.0,2.0,0.00028999894857406616,9.791653913756212e-06,3.0,3.0,0.00019999966025352478,9.583309292793274e-06,4.0,4.0,0.00028999894857406616,1.520826481282711e-05,5.0,5.0,9894.0,656.0208333333334,7.0,7.0,41.0,7.0,7.0,7.0,hourly_live_vs_execution_1m_aggregate_mismatch_examples.csv
hourly_live_vs_execution_1m_aggregate,LSK/USD:USD,688,44,2026-05-01T00:00:00+00:00,2026-05-30T17:00:00+00:00,2026-05-04T02:00:00+00:00,2026-05-11T01:00:00+00:00,44,2026-05-04T02:00:00+00:00,2026-05-11T01:00:00+00:00,0.00010000169277191162,2.2727657448161733e-06,1.0,1.0,0.003899991512298584,9.99999994581396e-05,2.0,2.0,0.001900002360343933,4.5454637570814654e-05,2.0,2.0,0.003899991512298584,0.00014318187128413808,3.0,3.0,15401.0,712.1590909090909,4.0,4.0,40.0,4.0,4.0,4.0,hourly_live_vs_execution_1m_aggregate_mismatch_examples.csv
hourly_live_vs_execution_1m_aggregate,LTC/USD:USD,688,7,2026-05-01T00:00:00+00:00,2026-05-30T17:00:00+00:00,2026-05-07T09:00:00+00:00,2026-05-21T23:00:00+00:00,7,2026-05-07T09:00:00+00:00,2026-05-21T23:00:00+00:00,0.18999862670898438,0.07857077462332589,6.0,6.0,0.4399986267089844,0.13571384974888392,7.0,7.0,0.34999847412109375,0.15285600934709823,7.0,7.0,0.3899993896484375,0.14142826625279017,6.0,6.0,2275.4300537109375,479.69857989464487,7.0,7.0,0.0,7.0,7.0,7.0,hourly_live_vs_execution_1m_aggregate_mismatch_examples.csv
hourly_live_vs_execution_1m_aggregate,LUNA2/USD:USD,641,0,2026-05-01T00:00:00+00:00,2026-05-28T16:00:00+00:00,,,0,,,,,,,,,,,,,,,,,,,,,,,,,,,hourly_live_vs_execution_1m_aggregate_mismatch_examples.csv
hourly_live_vs_execution_1m_aggregate,MANA/USD:USD,690,30,2026-05-01T00:00:00+00:00,2026-05-30T17:00:00+00:00,2026-05-04T06:00:00+00:00,2026-05-21T23:00:00+00:00,30,2026-05-04T06:00:00+00:00,2026-05-21T23:00:00+00:00,0.0006999969482421875,0.00024999876817067467,25.0,25.0,0.023900002241134644,0.0019000001251697541,25.0,25.0,0.0006999969482421875,0.0002666662136713664,24.0,24.0,0.0011999979615211487,0.00030666664242744445,22.0,22.0,1872245.0,146599.03333333333,30.0,30.0,0.0,30.0,30.0,30.0,hourly_live_vs_execution_1m_aggregate_mismatch_examples.csv
hourly_live_vs_execution_1m_aggregate,ME/USD:USD,688,60,2026-05-01T00:00:00+00:00,2026-05-30T17:00:00+00:00,2026-05-06T07:00:00+00:00,2026-05-13T09:00:00+00:00,60,2026-05-06T07:00:00+00:00,2026-05-13T09:00:00+00:00,0.0,0.0,0.0,0.0,0.0,0.0,0.0,0.0,0.0,0.0,0.0,0.0,0.0,0.0,0.0,0.0,0.0,0.0,0.0,0.0,60.0,0.0,0.0,0.0,hourly_live_vs_execution_1m_aggregate_mismatch_examples.csv
hourly_live_vs_execution_1m_aggregate,MELANIA/USD:USD,688,51,2026-05-01T00:00:00+00:00,2026-05-30T17:00:00+00:00,2026-05-01T02:00:00+00:00,2026-05-15T11:00:00+00:00,51,2026-05-01T02:00:00+00:00,2026-05-15T11:00:00+00:00,0.0009000003337860107,1.764706536835315e-05,1.0,1.0,0.0009000003337860107,1.960788287368475e-05,2.0,2.0,0.003600001335144043,0.00011568633364696129,4.0,4.0,0.0009000003337860107,4.705888967888028e-05,4.0,4.0,13399.900390625,364.04314680660474,4.0,4.0,47.0,4.0,4.0,4.0,hourly_live_vs_execution_1m_aggregate_mismatch_examples.csv
hourly_live_vs_execution_1m_aggregate,METIS/USD:USD,688,82,2026-05-01T00:00:00+00:00,2026-05-30T17:00:00+00:00,2026-05-04T02:00:00+00:00,2026-05-13T14:00:00+00:00,82,2026-05-04T02:00:00+00:00,2026-05-13T14:00:00+00:00,0.019999980926513672,0.00024390220642089844,1.0,1.0,0.11600017547607422,0.003000000628029428,4.0,4.0,0.004000186920166016,4.8782767319097755e-05,1.0,1.0,0.09999990463256836,0.0026097559347385314,4.0,4.0,300.0,8.892683000099368,5.0,5.0,77.0,5.0,5.0,5.0,hourly_live_vs_execution_1m_aggregate_mismatch_examples.csv
hourly_live_vs_execution_1m_aggregate,MEW/USD:USD,690,42,2026-05-01T00:00:00+00:00,2026-05-30T17:00:00+00:00,2026-05-04T17:00:00+00:00,2026-05-15T14:00:00+00:00,42,2026-05-04T17:00:00+00:00,2026-05-15T14:00:00+00:00,9.700015652924776e-06,8.666677223075004e-07,19.0,10.0,1.279998105019331e-05,2.6571436873858884e-06,29.0,25.0,1.939997309818864e-05,3.7142848928592035e-06,29.0,26.0,1.92999723367393e-05,4.919047655892514e-06,40.0,38.0,43160160.0,7007484.80952381,41.0,41.0,1.0,41.0,40.0,41.0,hourly_live_vs_execution_1m_aggregate_mismatch_examples.csv
hourly_live_vs_execution_1m_aggregate,MINA/USD:USD,690,58,2026-05-01T00:00:00+00:00,2026-05-30T17:00:00+00:00,2026-05-05T01:00:00+00:00,2026-05-21T14:00:00+00:00,58,2026-05-05T01:00:00+00:00,2026-05-21T14:00:00+00:00,0.0006000027060508728,3.620693138961134e-05,6.0,6.0,0.0006999969482421875,6.724123297066524e-05,12.0,12.0,0.002800002694129944,6.724142565809447e-05,6.0,6.0,0.002600003033876419,9.999995858504854e-05,11.0,11.0,43503.0,1192.448275862069,17.0,17.0,41.0,17.0,16.0,17.0,hourly_live_vs_execution_1m_aggregate_mismatch_examples.csv
hourly_live_vs_execution_1m_aggregate,MIRA/USD:USD,690,3,2026-05-01T00:00:00+00:00,2026-05-30T17:00:00+00:00,2026-05-15T14:00:00+00:00,2026-05-21T20:00:00+00:00,3,2026-05-15T14:00:00+00:00,2026-05-21T20:00:00+00:00,0.0,0.0,0.0,0.0,0.0,0.0,0.0,0.0,0.0053999945521354675,0.0017999981840451558,1.0,1.0,0.0053999945521354675,0.0017999981840451558,1.0,1.0,63.0,21.0,1.0,1.0,2.0,1.0,1.0,1.0,hourly_live_vs_execution_1m_aggregate_mismatch_examples.csv
hourly_live_vs_execution_1m_aggregate,MNT/USD:USD,690,57,2026-05-01T00:00:00+00:00,2026-05-30T17:00:00+00:00,2026-05-04T09:00:00+00:00,2026-05-21T23:00:00+00:00,57,2026-05-04T09:00:00+00:00,2026-05-21T23:00:00+00:00,0.0004000067710876465,7.017662650660465e-06,1.0,1.0,0.004700005054473877,9.999986280474746e-05,2.0,2.0,0.006200015544891357,0.00037544024618048414,6.0,6.0,0.006200015544891357,0.00046842244633457116,7.0,7.0,14305.0,363.94736842105266,8.0,8.0,49.0,8.0,8.0,8.0,hourly_live_vs_execution_1m_aggregate_mismatch_examples.csv
hourly_live_vs_execution_1m_aggregate,MOG/USD:USD,688,66,2026-05-01T00:00:00+00:00,2026-05-30T17:00:00+00:00,2026-05-02T20:00:00+00:00,2026-05-21T23:00:00+00:00,66,2026-05-02T20:00:00+00:00,2026-05-21T23:00:00+00:00,2.0599998151737964e-08,4.1363642477528737e-10,4.0,0.0,1.249999570518412e-08,8.409090259137332e-10,11.0,0.0,2.1199994648668508e-08,5.34848340700564e-10,4.0,0.0,1.9499992731653037e-08,1.1606056721740804e-09,12.0,0.0,7124353024.0,514062693.57575756,18.0,18.0,48.0,18.0,0.0,18.0,hourly_live_vs_execution_1m_aggregate_mismatch_examples.csv
hourly_live_vs_execution_1m_aggregate,MON/USD:USD,690,12,2026-05-01T00:00:00+00:00,2026-05-30T17:00:00+00:00,2026-05-02T15:00:00+00:00,2026-05-21T17:00:00+00:00,12,2026-05-02T15:00:00+00:00,2026-05-21T17:00:00+00:00,0.0004900023341178894,0.00011083312953511874,5.0,5.0,0.0009099990129470825,0.00028083349267641705,7.0,7.0,0.0009500011801719666,0.00015249957020084062,6.0,6.0,0.0009500011801719666,0.00026833297063906986,8.0,8.0,76055.0,19682.583333333332,10.0,10.0,2.0,10.0,10.0,10.0,hourly_live_vs_execution_1m_aggregate_mismatch_examples.csv
hourly_live_vs_execution_1m_aggregate,MOODENG/USD:USD,690,36,2026-05-01T00:00:00+00:00,2026-05-30T17:00:00+00:00,2026-05-01T03:00:00+00:00,2026-05-21T19:00:00+00:00,36,2026-05-01T03:00:00+00:00,2026-05-21T19:00:00+00:00,0.000530000776052475,7.499992433521483e-05,13.0,13.0,0.0016400068998336792,0.0002086109792192777,16.0,16.0,0.0028200000524520874,0.0002713889504472415,12.0,12.0,0.002460002899169922,0.00030222214344475005,18.0,18.0,164385.0,27987.722222222223,22.0,22.0,14.0,22.0,22.0,22.0,hourly_live_vs_execution_1m_aggregate_mismatch_examples.csv
hourly_live_vs_execution_1m_aggregate,MORPHO/USD:USD,690,28,2026-05-01T00:00:00+00:00,2026-05-30T17:00:00+00:00,2026-05-01T07:00:00+00:00,2026-05-21T20:00:00+00:00,28,2026-05-01T07:00:00+00:00,2026-05-21T20:00:00+00:00,0.033699989318847656,0.005860711847032819,12.0,12.0,0.05200004577636719,0.008017867803573608,13.0,13.0,0.0504000186920166,0.005989279065813337,10.0,10.0,0.05200004577636719,0.00842498881476266,15.0,15.0,3839.0,413.07142857142856,17.0,17.0,11.0,17.0,17.0,17.0,hourly_live_vs_execution_1m_aggregate_mismatch_examples.csv
hourly_live_vs_execution_1m_aggregate,MOVE/USD:USD,641,0,2026-05-01T00:00:00+00:00,2026-05-28T16:00:00+00:00,,,0,,,,,,,,,,,,,,,,,,,,,,,,,,,hourly_live_vs_execution_1m_aggregate_mismatch_examples.csv
hourly_live_vs_execution_1m_aggregate,MOVR/USD:USD,690,3,2026-05-01T00:00:00+00:00,2026-05-30T17:00:00+00:00,2026-05-02T16:00:00+00:00,2026-05-21T21:00:00+00:00,3,2026-05-02T16:00:00+00:00,2026-05-21T21:00:00+00:00,0.012000083923339844,0.004000027974446614,1.0,1.0,0.032000064849853516,0.010666688283284506,1.0,1.0,0.0,0.0,0.0,0.0,0.013000011444091797,0.004333337148030599,1.0,1.0,1310.5999507904053,436.86665026346844,1.0,1.0,2.0,1.0,1.0,1.0,hourly_live_vs_execution_1m_aggregate_mismatch_examples.csv
hourly_live_vs_execution_1m_aggregate,MSTRX/USD:USD,641,0,2026-05-01T00:00:00+00:00,2026-05-28T16:00:00+00:00,,,0,,,,,,,,,,,,,,,,,,,,,,,,,,,hourly_live_vs_execution_1m_aggregate_mismatch_examples.csv
hourly_live_vs_execution_1m_aggregate,MTL/USD:USD,639,0,2026-05-01T00:00:00+00:00,2026-05-28T16:00:00+00:00,,,0,,,,,,,,,,,,,,,,,,,,,,,,,,,hourly_live_vs_execution_1m_aggregate_mismatch_examples.csv
hourly_live_vs_execution_1m_aggregate,MUBARAK/USD:USD,688,76,2026-05-01T00:00:00+00:00,2026-05-30T17:00:00+00:00,2026-05-01T07:00:00+00:00,2026-05-21T23:00:00+00:00,76,2026-05-01T07:00:00+00:00,2026-05-21T23:00:00+00:00,0.00559999980032444,7.447367534041405e-05,2.0,2.0,0.00013999827206134796,3.157869765633031e-06,2.0,2.0,0.005779999308288097,0.00011328949691041519,9.0,9.0,0.0044999998062849045,8.315791522986011e-05,8.0,8.0,226874.0,5048.763157894737,9.0,9.0,67.0,9.0,9.0,9.0,hourly_live_vs_execution_1m_aggregate_mismatch_examples.csv
hourly_live_vs_execution_1m_aggregate,NEAR/USD:USD,690,8,2026-05-01T00:00:00+00:00,2026-05-30T17:00:00+00:00,2026-05-06T02:00:00+00:00,2026-05-14T22:00:00+00:00,8,2026-05-06T02:00:00+00:00,2026-05-14T22:00:00+00:00,0.013599991798400879,0.005037486553192139,8.0,8.0,0.014800071716308594,0.008112505078315735,7.0,7.0,0.022699952125549316,0.007937490940093994,7.0,7.0,0.02670001983642578,0.009175017476081848,8.0,8.0,80217.0,27751.375,8.0,8.0,0.0,8.0,8.0,8.0,hourly_live_vs_execution_1m_aggregate_mismatch_examples.csv
hourly_live_vs_execution_1m_aggregate,NEIRO/USD:USD,690,26,2026-05-01T00:00:00+00:00,2026-05-30T17:00:00+00:00,2026-05-01T09:00:00+00:00,2026-05-21T23:00:00+00:00,26,2026-05-01T09:00:00+00:00,2026-05-21T23:00:00+00:00,4.589994205161929e-06,5.765379263231388e-07,12.0,7.0,4.579997039400041e-06,7.130779872218577e-07,12.0,7.0,4.589994205161929e-06,5.696154123422905e-07,9.0,6.0,3.130000550299883e-06,6.734620770797707e-07,11.0,8.0,23144644.0,2922336.576923077,17.0,17.0,9.0,17.0,13.0,17.0,hourly_live_vs_execution_1m_aggregate_mismatch_examples.csv
hourly_live_vs_execution_1m_aggregate,NEO/USD:USD,688,0,2026-05-01T00:00:00+00:00,2026-05-30T17:00:00+00:00,,,0,,,,,,,,,,,,,,,,,,,,,,,,,,,hourly_live_vs_execution_1m_aggregate_mismatch_examples.csv
hourly_live_vs_execution_1m_aggregate,NIGHT/USD:USD,690,55,2026-05-01T00:00:00+00:00,2026-05-30T17:00:00+00:00,2026-05-01T08:00:00+00:00,2026-05-21T17:00:00+00:00,55,2026-05-01T08:00:00+00:00,2026-05-21T17:00:00+00:00,0.009520001709461212,0.00021163641729138116,10.0,10.0,0.0019100010395050049,0.00013563643124970523,12.0,12.0,0.009520001709461212,0.00020290928130800074,11.0,11.0,0.00942000187933445,0.0002998183396729556,14.0,14.0,389339.0,31632.872727272726,19.0,19.0,36.0,19.0,19.0,19.0,hourly_live_vs_execution_1m_aggregate_mismatch_examples.csv
hourly_live_vs_execution_1m_aggregate,NMR/USD:USD,690,23,2026-05-01T00:00:00+00:00,2026-05-30T17:00:00+00:00,2026-05-02T20:00:00+00:00,2026-05-21T14:00:00+00:00,23,2026-05-02T20:00:00+00:00,2026-05-21T14:00:00+00:00,0.048000335693359375,0.005521732827891474,5.0,5.0,0.05699920654296875,0.01169561303180197,11.0,11.0,0.10000038146972656,0.010304409524668818,7.0,7.0,0.10000038146972656,0.014173880867336107,11.0,11.0,132.10000610351562,27.33043528639752,14.0,14.0,9.0,14.0,14.0,14.0,hourly_live_vs_execution_1m_aggregate_mismatch_examples.csv
hourly_live_vs_execution_1m_aggregate,NOT/USD:USD,688,27,2026-05-01T00:00:00+00:00,2026-05-30T17:00:00+00:00,2026-05-02T21:00:00+00:00,2026-05-15T15:00:00+00:00,27,2026-05-02T21:00:00+00:00,2026-05-15T15:00:00+00:00,2.500001573935151e-05,2.5888891994125315e-06,8.0,7.0,2.3100001271814108e-05,3.3037019117424884e-06,13.0,12.0,3.6299985367804766e-05,3.218519311674215e-06,7.0,6.0,3.100000321865082e-05,4.337040957546344e-06,14.0,12.0,13488199.0,1957687.4814814816,15.0,15.0,12.0,15.0,15.0,15.0,hourly_live_vs_execution_1m_aggregate_mismatch_examples.csv
hourly_live_vs_execution_1m_aggregate,NVDAX/USD:USD,641,0,2026-05-01T00:00:00+00:00,2026-05-28T16:00:00+00:00,,,0,,,,,,,,,,,,,,,,,,,,,,,,,,,hourly_live_vs_execution_1m_aggregate_mismatch_examples.csv
hourly_live_vs_execution_1m_aggregate,OGN/USD:USD,688,79,2026-05-01T00:00:00+00:00,2026-05-30T17:00:00+00:00,2026-05-02T02:00:00+00:00,2026-05-15T09:00:00+00:00,79,2026-05-02T02:00:00+00:00,2026-05-15T09:00:00+00:00,0.0002100002020597458,2.658230405819567e-06,1.0,1.0,0.0003100000321865082,6.835459719730329e-06,3.0,3.0,0.0002100002020597458,5.949359340003774e-06,3.0,3.0,0.0003100000321865082,9.620279262337504e-06,5.0,5.0,36825.0,808.6708860759494,7.0,7.0,72.0,7.0,6.0,7.0,hourly_live_vs_execution_1m_aggregate_mismatch_examples.csv
hourly_live_vs_execution_1m_aggregate,OMI/USD:USD,688,69,2026-05-01T00:00:00+00:00,2026-05-30T17:00:00+00:00,2026-05-10T18:00:00+00:00,2026-05-15T16:00:00+00:00,69,2026-05-10T18:00:00+00:00,2026-05-15T16:00:00+00:00,1.1399970389902592e-06,1.6521696217250133e-08,1.0,1.0,6.870002835057676e-06,1.1318838190071392e-07,2.0,1.0,1.3800003216601908e-05,2.404347575013188e-07,3.0,3.0,1.3719996786676347e-05,3.3347822719024145e-07,4.0,3.0,9760000.0,160434.78260869565,4.0,4.0,65.0,4.0,4.0,4.0,hourly_live_vs_execution_1m_aggregate_mismatch_examples.csv
hourly_live_vs_execution_1m_aggregate,ONDO/USD:USD,690,34,2026-05-01T00:00:00+00:00,2026-05-30T17:00:00+00:00,2026-05-01T03:00:00+00:00,2026-05-21T21:00:00+00:00,34,2026-05-01T03:00:00+00:00,2026-05-21T21:00:00+00:00,0.009799987077713013,0.0016058823641608743,28.0,28.0,0.021600008010864258,0.0032794116174473483,31.0,31.0,0.009700000286102295,0.0024470599258647244,28.0,28.0,0.020199984312057495,0.0026735295267666086,32.0,32.0,1170025.0,181092.79411764705,34.0,34.0,0.0,34.0,34.0,34.0,hourly_live_vs_execution_1m_aggregate_mismatch_examples.csv
hourly_live_vs_execution_1m_aggregate,ONE/USD:USD,641,0,2026-05-01T00:00:00+00:00,2026-05-28T16:00:00+00:00,,,0,,,,,,,,,,,,,,,,,,,,,,,,,,,hourly_live_vs_execution_1m_aggregate_mismatch_examples.csv
hourly_live_vs_execution_1m_aggregate,ONG/USD:USD,639,0,2026-05-01T00:00:00+00:00,2026-05-28T16:00:00+00:00,,,0,,,,,,,,,,,,,,,,,,,,,,,,,,,hourly_live_vs_execution_1m_aggregate_mismatch_examples.csv
hourly_live_vs_execution_1m_aggregate,ONT/USD:USD,641,0,2026-05-01T00:00:00+00:00,2026-05-28T16:00:00+00:00,,,0,,,,,,,,,,,,,,,,,,,,,,,,,,,hourly_live_vs_execution_1m_aggregate_mismatch_examples.csv
hourly_live_vs_execution_1m_aggregate,OP/USD:USD,690,20,2026-05-01T00:00:00+00:00,2026-05-30T17:00:00+00:00,2026-05-05T08:00:00+00:00,2026-05-21T07:00:00+00:00,20,2026-05-05T08:00:00+00:00,2026-05-21T07:00:00+00:00,0.0009000003337860107,0.0003399990499019623,17.0,17.0,0.001900002360343933,0.0007450021803379059,18.0,18.0,0.004699990153312683,0.0006999976933002472,16.0,16.0,0.003299996256828308,0.0006749987602233887,20.0,20.0,100922.0,27548.85,20.0,20.0,0.0,20.0,20.0,20.0,hourly_live_vs_execution_1m_aggregate_mismatch_examples.csv
hourly_live_vs_execution_1m_aggregate,OPEN/USD:USD,690,103,2026-05-01T00:00:00+00:00,2026-05-30T17:00:00+00:00,2026-05-01T16:00:00+00:00,2026-05-21T23:00:00+00:00,103,2026-05-01T16:00:00+00:00,2026-05-21T23:00:00+00:00,0.003099992871284485,4.174755614938088e-05,6.0,6.0,0.008599996566772461,0.0002087379254183723,10.0,10.0,0.013999998569488525,0.0006563105050799916,15.0,15.0,0.013999998569488525,0.0006650480830553666,17.0,17.0,7286.0,408.4757281553398,21.0,21.0,82.0,21.0,20.0,21.0,hourly_live_vs_execution_1m_aggregate_mismatch_examples.csv
hourly_live_vs_execution_1m_aggregate,OPN/USD:USD,639,0,2026-05-01T00:00:00+00:00,2026-05-28T16:00:00+00:00,,,0,,,,,,,,,,,,,,,,,,,,,,,,,,,hourly_live_vs_execution_1m_aggregate_mismatch_examples.csv
hourly_live_vs_execution_1m_aggregate,ORCA/USD:USD,688,58,2026-05-01T00:00:00+00:00,2026-05-30T17:00:00+00:00,2026-05-02T01:00:00+00:00,2026-05-14T00:00:00+00:00,58,2026-05-02T01:00:00+00:00,2026-05-14T00:00:00+00:00,0.054000020027160645,0.007565523016041723,37.0,37.0,0.1998000144958496,0.024268962185958337,45.0,45.0,0.0840001106262207,0.01545517609037202,40.0,40.0,0.13440001010894775,0.01864828529029057,53.0,53.0,53802.0,4546.086206896552,53.0,53.0,5.0,53.0,53.0,53.0,hourly_live_vs_execution_1m_aggregate_mismatch_examples.csv
hourly_live_vs_execution_1m_aggregate,ORDER/USD:USD,688,75,2026-05-01T00:00:00+00:00,2026-05-30T17:00:00+00:00,2026-05-04T01:00:00+00:00,2026-05-21T23:00:00+00:00,75,2026-05-04T01:00:00+00:00,2026-05-21T23:00:00+00:00,0.0,0.0,0.0,0.0,9.999796748161316e-05,1.3333062330881756e-06,1.0,1.0,0.0011699981987476349,1.55999759833018e-05,1.0,1.0,0.0011699981987476349,1.6933282216389972e-05,2.0,2.0,9938.0,136.01333333333332,2.0,2.0,73.0,2.0,2.0,2.0,hourly_live_vs_execution_1m_aggregate_mismatch_examples.csv
hourly_live_vs_execution_1m_aggregate,ORDI/USD:USD,641,0,2026-05-01T00:00:00+00:00,2026-05-28T16:00:00+00:00,,,0,,,,,,,,,,,,,,,,,,,,,,,,,,,hourly_live_vs_execution_1m_aggregate_mismatch_examples.csv
hourly_live_vs_execution_1m_aggregate,OXT/USD:USD,688,66,2026-05-01T00:00:00+00:00,2026-05-30T17:00:00+00:00,2026-05-04T06:00:00+00:00,2026-05-15T16:00:00+00:00,66,2026-05-04T06:00:00+00:00,2026-05-15T16:00:00+00:00,0.0011499999091029167,1.7727273657466426e-05,2.0,2.0,0.002770000137388706,4.651515998623588e-05,4.0,4.0,0.0018899999558925629,3.045454451983625e-05,3.0,3.0,0.0018899999558925629,5.4090918803756885e-05,4.0,4.0,119642.0,4415.30303030303,6.0,6.0,60.0,6.0,5.0,6.0,hourly_live_vs_execution_1m_aggregate_mismatch_examples.csv
hourly_live_vs_execution_1m_aggregate,PAXG/USD:USD,690,11,2026-05-01T00:00:00+00:00,2026-05-30T17:00:00+00:00,2026-05-01T16:00:00+00:00,2026-05-21T10:00:00+00:00,11,2026-05-01T16:00:00+00:00,2026-05-21T10:00:00+00:00,14.30029296875,2.6000532670454546,4.0,4.0,32.0,7.454545454545454,8.0,8.0,14.30029296875,5.009099786931818,10.0,10.0,24.0,6.000044389204546,10.0,10.0,11.02299976348877,3.299636334879324,11.0,11.0,0.0,11.0,11.0,11.0,hourly_live_vs_execution_1m_aggregate_mismatch_examples.csv
hourly_live_vs_execution_1m_aggregate,PENDLE/USD:USD,690,3,2026-05-01T00:00:00+00:00,2026-05-30T17:00:00+00:00,2026-05-13T19:00:00+00:00,2026-05-14T17:00:00+00:00,3,2026-05-13T19:00:00+00:00,2026-05-14T17:00:00+00:00,0.010000228881835938,0.0036667982737223306,2.0,2.0,0.051000118255615234,0.023000160853068035,3.0,3.0,0.0279998779296875,0.00966660181681315,2.0,2.0,0.03400015830993652,0.021000067392985027,3.0,3.0,9435.5,4794.433268229167,3.0,3.0,0.0,3.0,3.0,3.0,hourly_live_vs_execution_1m_aggregate_mismatch_examples.csv
hourly_live_vs_execution_1m_aggregate,PENGU/USD:USD,690,45,2026-05-01T00:00:00+00:00,2026-05-30T17:00:00+00:00,2026-05-11T04:00:00+00:00,2026-05-14T07:00:00+00:00,45,2026-05-11T04:00:00+00:00,2026-05-14T07:00:00+00:00,6.499979645013809e-05,1.8866670628388724e-05,33.0,33.0,0.0001809997484087944,4.7622289922502305e-05,39.0,39.0,0.00018900074064731598,4.264447424146864e-05,35.0,35.0,0.00015900004655122757,5.426669700278176e-05,43.0,42.0,4117100.0,1326575.3333333333,44.0,44.0,1.0,44.0,44.0,44.0,hourly_live_vs_execution_1m_aggregate_mismatch_examples.csv
hourly_live_vs_execution_1m_aggregate,PEOPLE/USD:USD,639,0,2026-05-01T00:00:00+00:00,2026-05-28T16:00:00+00:00,,,0,,,,,,,,,,,,,,,,,,,,,,,,,,,hourly_live_vs_execution_1m_aggregate_mismatch_examples.csv
hourly_live_vs_execution_1m_aggregate,PEPE/USD:USD,690,32,2026-05-01T00:00:00+00:00,2026-05-30T17:00:00+00:00,2026-05-02T17:00:00+00:00,2026-05-15T18:00:00+00:00,32,2026-05-02T17:00:00+00:00,2026-05-15T18:00:00+00:00,2.99000930681359e-08,1.089998136194481e-08,30.0,0.0,5.28998498339206e-08,1.6912480305109057e-08,31.0,0.0,1.5120031093829311e-07,2.143752908523311e-08,30.0,0.0,1.3819999367115088e-07,1.9515582039275614e-08,30.0,0.0,147852068736.0,21482355299.5,32.0,32.0,0.0,32.0,0.0,32.0,hourly_live_vs_execution_1m_aggregate_mismatch_examples.csv
hourly_live_vs_execution_1m_aggregate,PIXEL/USD:USD,641,0,2026-05-01T00:00:00+00:00,2026-05-28T16:00:00+00:00,,,0,,,,,,,,,,,,,,,,,,,,,,,,,,,hourly_live_vs_execution_1m_aggregate_mismatch_examples.csv
hourly_live_vs_execution_1m_aggregate,PNUT/USD:USD,690,11,2026-05-01T00:00:00+00:00,2026-05-30T17:00:00+00:00,2026-05-03T23:00:00+00:00,2026-05-14T22:00:00+00:00,11,2026-05-03T23:00:00+00:00,2026-05-14T22:00:00+00:00,0.001059994101524353,0.00013545358722860163,4.0,4.0,0.0018299967050552368,0.0004309083927761425,6.0,6.0,0.0015100017189979553,0.00016454539515755394,2.0,2.0,0.0015100017189979553,0.000445454635403373,6.0,6.0,315704.0,63935.818181818184,7.0,7.0,4.0,7.0,7.0,7.0,hourly_live_vs_execution_1m_aggregate_mismatch_examples.csv
hourly_live_vs_execution_1m_aggregate,POL/USD:USD,690,17,2026-05-01T00:00:00+00:00,2026-05-30T17:00:00+00:00,2026-05-01T17:00:00+00:00,2026-05-15T14:00:00+00:00,17,2026-05-01T17:00:00+00:00,2026-05-15T14:00:00+00:00,0.0005199983716011047,0.00013705912758322323,11.0,11.0,0.0010799989104270935,0.00031823489595861993,12.0,12.0,0.003100000321865082,0.0004347063162747551,14.0,14.0,0.002709999680519104,0.00041882386978934794,14.0,14.0,278484.0,82562.23529411765,16.0,16.0,1.0,16.0,16.0,16.0,hourly_live_vs_execution_1m_aggregate_mismatch_examples.csv
hourly_live_vs_execution_1m_aggregate,POPCAT/USD:USD,690,30,2026-05-01T00:00:00+00:00,2026-05-30T17:00:00+00:00,2026-05-04T16:00:00+00:00,2026-05-15T18:00:00+00:00,30,2026-05-04T16:00:00+00:00,2026-05-15T18:00:00+00:00,0.0004000067710876465,0.0001230001449584961,23.0,23.0,0.0015600025653839111,0.00031133418281873066,24.0,24.0,0.001479998230934143,0.00028833262622356414,27.0,27.0,0.0014199987053871155,0.00033166632056236267,29.0,29.0,705640.0,94565.16666666667,29.0,29.0,1.0,29.0,29.0,29.0,hourly_live_vs_execution_1m_aggregate_mismatch_examples.csv
hourly_live_vs_execution_1m_aggregate,PORTAL/USD:USD,690,39,2026-05-01T00:00:00+00:00,2026-05-30T17:00:00+00:00,2026-05-03T10:00:00+00:00,2026-05-21T19:00:00+00:00,39,2026-05-03T10:00:00+00:00,2026-05-21T19:00:00+00:00,8.999928832054138e-05,3.3333228948788765e-06,2.0,2.0,0.0007199998944997787,3.025637796291938e-05,7.0,7.0,0.0005700001493096352,3.07692262606743e-05,6.0,6.0,0.0007199998944997787,5.61538319557141e-05,11.0,11.0,108207.0,11817.102564102564,12.0,12.0,27.0,12.0,12.0,12.0,hourly_live_vs_execution_1m_aggregate_mismatch_examples.csv
hourly_live_vs_execution_1m_aggregate,POWR/USD:USD,688,29,2026-05-01T00:00:00+00:00,2026-05-30T17:00:00+00:00,2026-05-06T00:00:00+00:00,2026-05-13T18:00:00+00:00,29,2026-05-06T00:00:00+00:00,2026-05-13T18:00:00+00:00,0.0,0.0,0.0,0.0,0.0019700005650520325,6.965522108406856e-05,2.0,2.0,0.0,0.0,0.0,0.0,0.0019700005650520325,6.965522108406856e-05,2.0,2.0,1582.0,95.93103448275862,2.0,2.0,27.0,2.0,2.0,2.0,hourly_live_vs_execution_1m_aggregate_mismatch_examples.csv
hourly_live_vs_execution_1m_aggregate,PROMPT/USD:USD,688,48,2026-05-01T00:00:00+00:00,2026-05-30T17:00:00+00:00,2026-05-01T00:00:00+00:00,2026-05-21T22:00:00+00:00,48,2026-05-01T00:00:00+00:00,2026-05-21T22:00:00+00:00,0.0016600005328655243,7.104175165295601e-05,7.0,7.0,0.0016600005328655243,0.000109166760618488,9.0,9.0,0.0005799978971481323,3.041660723586877e-05,5.0,5.0,0.0010999999940395355,7.687493537863095e-05,9.0,9.0,36477.0,2151.3541666666665,13.0,13.0,35.0,13.0,13.0,13.0,hourly_live_vs_execution_1m_aggregate_mismatch_examples.csv
hourly_live_vs_execution_1m_aggregate,PUMP/USD:USD,690,25,2026-05-01T00:00:00+00:00,2026-05-30T17:00:00+00:00,2026-05-04T05:00:00+00:00,2026-05-21T16:00:00+00:00,25,2026-05-04T05:00:00+00:00,2026-05-21T16:00:00+00:00,3.200001083314419e-05,4.560002125799656e-06,14.0,14.0,3.800005652010441e-05,9.920010343194008e-06,18.0,18.0,3.200001083314419e-05,9.919987060129642e-06,17.0,17.0,3.800005652010441e-05,1.139999832957983e-05,22.0,22.0,56335500.0,4347144.0,24.0,24.0,1.0,24.0,24.0,24.0,hourly_live_vs_execution_1m_aggregate_mismatch_examples.csv
hourly_live_vs_execution_1m_aggregate,PYTH/USD:USD,690,33,2026-05-01T00:00:00+00:00,2026-05-30T17:00:00+00:00,2026-05-02T22:00:00+00:00,2026-05-21T23:00:00+00:00,33,2026-05-02T22:00:00+00:00,2026-05-21T23:00:00+00:00,0.0007899999618530273,0.00017848543145439842,26.0,26.0,0.0007600001990795135,0.00027757612141695887,29.0,29.0,0.0012800022959709167,0.00024545452359950906,30.0,30.0,0.0009500011801719666,0.00025393960602355725,28.0,28.0,283717.0,73715.15151515152,33.0,33.0,0.0,33.0,33.0,33.0,hourly_live_vs_execution_1m_aggregate_mismatch_examples.csv
hourly_live_vs_execution_1m_aggregate,QNT/USD:USD,690,49,2026-05-01T00:00:00+00:00,2026-05-30T17:00:00+00:00,2026-05-05T20:00:00+00:00,2026-05-15T16:00:00+00:00,49,2026-05-05T20:00:00+00:00,2026-05-15T16:00:00+00:00,0.5,0.04367330122967156,9.0,9.0,1.839996337890625,0.24979587477080675,19.0,19.0,0.779998779296875,0.0861223181899713,14.0,14.0,1.0800018310546875,0.20510210309709823,24.0,24.0,142.08999633789062,12.364897906476138,26.0,26.0,23.0,26.0,26.0,26.0,hourly_live_vs_execution_1m_aggregate_mismatch_examples.csv
hourly_live_vs_execution_1m_aggregate,QQQX/USD:USD,641,0,2026-05-01T00:00:00+00:00,2026-05-28T16:00:00+00:00,,,0,,,,,,,,,,,,,,,,,,,,,,,,,,,hourly_live_vs_execution_1m_aggregate_mismatch_examples.csv
hourly_live_vs_execution_1m_aggregate,QTUM/USD:USD,688,112,2026-05-01T00:00:00+00:00,2026-05-30T17:00:00+00:00,2026-05-03T19:00:00+00:00,2026-05-21T22:00:00+00:00,112,2026-05-03T19:00:00+00:00,2026-05-21T22:00:00+00:00,0.007200002670288086,0.00034107108201299397,10.0,10.0,0.03040003776550293,0.0016401777310030802,22.0,22.0,0.030900001525878906,0.001302680798939296,16.0,16.0,0.030900001525878906,0.002495535782405308,31.0,31.0,2484.0,127.4375,35.0,35.0,77.0,35.0,35.0,35.0,hourly_live_vs_execution_1m_aggregate_mismatch_examples.csv
hourly_live_vs_execution_1m_aggregate,RARE/USD:USD,688,53,2026-05-01T00:00:00+00:00,2026-05-30T17:00:00+00:00,2026-05-04T09:00:00+00:00,2026-05-21T23:00:00+00:00,53,2026-05-04T09:00:00+00:00,2026-05-21T23:00:00+00:00,5.999952554702759e-05,1.1320665197552376e-06,1.0,1.0,0.0001600012183189392,5.2830239511885735e-06,2.0,2.0,0.0004000011831521988,8.679258654702385e-06,2.0,2.0,0.0004000011831521988,1.283021608613572e-05,3.0,3.0,6904.0,328.0943396226415,5.0,5.0,48.0,5.0,4.0,5.0,hourly_live_vs_execution_1m_aggregate_mismatch_examples.csv
hourly_live_vs_execution_1m_aggregate,RARI/USD:USD,639,0,2026-05-01T00:00:00+00:00,2026-05-28T16:00:00+00:00,,,0,,,,,,,,,,,,,,,,,,,,,,,,,,,hourly_live_vs_execution_1m_aggregate_mismatch_examples.csv
hourly_live_vs_execution_1m_aggregate,RAVE/USD:USD,642,0,2026-05-01T00:00:00+00:00,2026-05-29T15:00:00+00:00,,,0,,,,,,,,,,,,,,,,,,,,,,,,,,,hourly_live_vs_execution_1m_aggregate_mismatch_examples.csv
hourly_live_vs_execution_1m_aggregate,RAY/USD:USD,690,53,2026-05-01T00:00:00+00:00,2026-05-30T17:00:00+00:00,2026-05-02T19:00:00+00:00,2026-05-21T23:00:00+00:00,53,2026-05-02T19:00:00+00:00,2026-05-21T23:00:00+00:00,0.05769997835159302,0.0018207532054973097,6.0,6.0,0.05769997835159302,0.002681130508206925,10.0,10.0,0.034300029277801514,0.0019056617089037626,8.0,8.0,0.034300029277801514,0.0026792467765088352,12.0,12.0,2190.0,126.11320754716981,14.0,14.0,39.0,14.0,14.0,14.0,hourly_live_vs_execution_1m_aggregate_mismatch_examples.csv
hourly_live_vs_execution_1m_aggregate,RENDER/USD:USD,690,12,2026-05-01T00:00:00+00:00,2026-05-30T17:00:00+00:00,2026-05-03T22:00:00+00:00,2026-05-21T23:00:00+00:00,12,2026-05-03T22:00:00+00:00,2026-05-21T23:00:00+00:00,0.009600043296813965,0.002608358860015869,7.0,7.0,0.041900038719177246,0.008966694275538126,9.0,9.0,0.021700024604797363,0.009449978669484457,8.0,8.0,0.041900038719177246,0.012899994850158691,11.0,11.0,26454.30078125,4178.875091791153,12.0,12.0,0.0,12.0,12.0,12.0,hourly_live_vs_execution_1m_aggregate_mismatch_examples.csv
hourly_live_vs_execution_1m_aggregate,REZ/USD:USD,690,25,2026-05-01T00:00:00+00:00,2026-05-30T17:00:00+00:00,2026-05-02T17:00:00+00:00,2026-05-21T23:00:00+00:00,25,2026-05-02T17:00:00+00:00,2026-05-21T23:00:00+00:00,0.0001050001010298729,1.5679970383644105e-05,11.0,11.0,0.0003120000474154949,3.5519972443580626e-05,14.0,14.0,0.0002000001259148121,2.740001305937767e-05,15.0,15.0,0.0002000001259148121,2.8760023415088654e-05,16.0,16.0,519095.0,67927.96,20.0,20.0,5.0,20.0,20.0,20.0,hourly_live_vs_execution_1m_aggregate_mismatch_examples.csv
hourly_live_vs_execution_1m_aggregate,RIVER/USD:USD,690,0,2026-05-01T00:00:00+00:00,2026-05-30T17:00:00+00:00,,,0,,,,,,,,,,,,,,,,,,,,,,,,,,,hourly_live_vs_execution_1m_aggregate_mismatch_examples.csv
hourly_live_vs_execution_1m_aggregate,RLC/USD:USD,690,59,2026-05-01T00:00:00+00:00,2026-05-30T17:00:00+00:00,2026-05-03T01:00:00+00:00,2026-05-13T09:00:00+00:00,59,2026-05-03T01:00:00+00:00,2026-05-13T09:00:00+00:00,0.008500009775161743,0.0003949141098281085,4.0,4.0,0.011500000953674316,0.0011372869297609492,15.0,15.0,0.0520000159740448,0.0020406781616857496,12.0,12.0,0.011500000953674316,0.0015983061265137236,23.0,23.0,5182.0,492.9830508474576,24.0,24.0,35.0,24.0,24.0,24.0,hourly_live_vs_execution_1m_aggregate_mismatch_examples.csv
hourly_live_vs_execution_1m_aggregate,ROSE/USD:USD,639,0,2026-05-01T00:00:00+00:00,2026-05-28T16:00:00+00:00,,,0,,,,,,,,,,,,,,,,,,,,,,,,,,,hourly_live_vs_execution_1m_aggregate_mismatch_examples.csv
hourly_live_vs_execution_1m_aggregate,RSR/USD:USD,690,52,2026-05-01T00:00:00+00:00,2026-05-30T17:00:00+00:00,2026-05-02T21:00:00+00:00,2026-05-15T14:00:00+00:00,52,2026-05-02T21:00:00+00:00,2026-05-15T14:00:00+00:00,3.3999793231487274e-05,3.0384555709763217e-06,10.0,10.0,0.00011600018478929996,5.461539750775466e-06,17.0,17.0,5.4999953135848045e-05,4.211532471414942e-06,12.0,12.0,0.00011300016194581985,6.0576936588264425e-06,19.0,19.0,2545204.0,256221.23076923078,24.0,24.0,28.0,24.0,23.0,24.0,hourly_live_vs_execution_1m_aggregate_mismatch_examples.csv
hourly_live_vs_execution_1m_aggregate,RUNE/USD:USD,690,29,2026-05-01T00:00:00+00:00,2026-05-30T17:00:00+00:00,2026-05-01T16:00:00+00:00,2026-05-21T14:00:00+00:00,29,2026-05-01T16:00:00+00:00,2026-05-21T14:00:00+00:00,0.004500001668930054,0.0006137942445689235,9.0,9.0,0.009999990463256836,0.0014965575316856648,16.0,16.0,0.0073999762535095215,0.00184483055410714,21.0,21.0,0.009999990463256836,0.0022827623219325625,24.0,24.0,31216.0,5541.793103448276,27.0,27.0,2.0,27.0,27.0,27.0,hourly_live_vs_execution_1m_aggregate_mismatch_examples.csv
hourly_live_vs_execution_1m_aggregate,S/USD:USD,690,54,2026-05-01T00:00:00+00:00,2026-05-30T17:00:00+00:00,2026-05-01T02:00:00+00:00,2026-05-21T21:00:00+00:00,54,2026-05-01T02:00:00+00:00,2026-05-21T21:00:00+00:00,0.0007999986410140991,6.296292499259666e-05,11.0,11.0,0.001799996942281723,0.0002185185612351806,22.0,22.0,0.002299997955560684,0.00012037026937361117,12.0,12.0,0.002299997955560684,0.0002185182852877511,20.0,20.0,35135.0,4076.6111111111113,28.0,28.0,26.0,28.0,27.0,28.0,hourly_live_vs_execution_1m_aggregate_mismatch_examples.csv
hourly_live_vs_execution_1m_aggregate,SAGA/USD:USD,690,44,2026-05-01T00:00:00+00:00,2026-05-30T17:00:00+00:00,2026-05-02T16:00:00+00:00,2026-05-12T10:00:00+00:00,44,2026-05-02T16:00:00+00:00,2026-05-12T10:00:00+00:00,0.00029999762773513794,1.818178729577498e-05,5.0,5.0,0.0024000033736228943,0.00010681821202689952,12.0,12.0,0.0010999999940395355,8.181825449520892e-05,10.0,10.0,0.002100002020597458,0.00012954553081230685,14.0,14.0,1961590.4765625,61655.74717018821,22.0,22.0,22.0,22.0,20.0,22.0,hourly_live_vs_execution_1m_aggregate_mismatch_examples.csv
hourly_live_vs_execution_1m_aggregate,SAND/USD:USD,690,26,2026-05-01T00:00:00+00:00,2026-05-30T17:00:00+00:00,2026-05-05T06:00:00+00:00,2026-05-21T19:00:00+00:00,26,2026-05-05T06:00:00+00:00,2026-05-21T19:00:00+00:00,0.0005000010132789612,0.00017307670070574834,19.0,19.0,0.0005000010132789612,0.0001730772738273327,14.0,14.0,0.0032000020146369934,0.00043076907212917623,18.0,18.0,0.002499997615814209,0.00038846152333112864,16.0,16.0,117914.0,7755.7307692307695,26.0,26.0,0.0,26.0,25.0,26.0,hourly_live_vs_execution_1m_aggregate_mismatch_examples.csv
hourly_live_vs_execution_1m_aggregate,SEI/USD:USD,690,42,2026-05-01T00:00:00+00:00,2026-05-30T17:00:00+00:00,2026-05-04T05:00:00+00:00,2026-05-15T02:00:00+00:00,42,2026-05-04T05:00:00+00:00,2026-05-15T02:00:00+00:00,0.0005299970507621765,9.381034899325598e-05,25.0,25.0,0.0008699968457221985,0.00022999995521136692,32.0,32.0,0.0012400001287460327,0.00021880962664172764,30.0,30.0,0.0012400001287460327,0.00029785700497173126,38.0,38.0,225734.0,45680.02380952381,40.0,40.0,2.0,40.0,40.0,40.0,hourly_live_vs_execution_1m_aggregate_mismatch_examples.csv
hourly_live_vs_execution_1m_aggregate,SHELL/USD:USD,639,0,2026-05-01T00:00:00+00:00,2026-05-28T16:00:00+00:00,,,0,,,,,,,,,,,,,,,,,,,,,,,,,,,hourly_live_vs_execution_1m_aggregate_mismatch_examples.csv
hourly_live_vs_execution_1m_aggregate,SHIB/USD:USD,690,28,2026-05-01T00:00:00+00:00,2026-05-30T17:00:00+00:00,2026-05-01T01:00:00+00:00,2026-05-15T01:00:00+00:00,28,2026-05-01T01:00:00+00:00,2026-05-15T01:00:00+00:00,5.3999883675714955e-08,8.571451611974875e-09,21.0,0.0,7.099970389390364e-08,2.6250030974292064e-08,27.0,0.0,8.100005288724788e-08,1.5178605800818852e-08,22.0,0.0,8.300003173644654e-08,2.446423812736092e-08,27.0,0.0,129145004032.0,6802163771.428572,28.0,28.0,0.0,28.0,0.0,28.0,hourly_live_vs_execution_1m_aggregate_mismatch_examples.csv
hourly_live_vs_execution_1m_aggregate,SKL/USD:USD,641,0,2026-05-01T00:00:00+00:00,2026-05-28T16:00:00+00:00,,,0,,,,,,,,,,,,,,,,,,,,,,,,,,,hourly_live_vs_execution_1m_aggregate_mismatch_examples.csv
hourly_live_vs_execution_1m_aggregate,SNX/USD:USD,690,17,2026-05-01T00:00:00+00:00,2026-05-30T17:00:00+00:00,2026-05-05T15:00:00+00:00,2026-05-15T14:00:00+00:00,17,2026-05-05T15:00:00+00:00,2026-05-15T14:00:00+00:00,0.00210002064704895,0.0006294145303613999,10.0,10.0,0.0042999982833862305,0.0012058843584621653,14.0,14.0,0.013600021600723267,0.002217648660435396,11.0,11.0,0.011500000953674316,0.0024647046537960276,15.0,15.0,157700.0,14497.235294117647,16.0,16.0,1.0,16.0,16.0,16.0,hourly_live_vs_execution_1m_aggregate_mismatch_examples.csv
hourly_live_vs_execution_1m_aggregate,SOL/USD:USD,690,7,2026-05-01T00:00:00+00:00,2026-05-30T17:00:00+00:00,2026-05-04T01:00:00+00:00,2026-05-14T23:00:00+00:00,7,2026-05-04T01:00:00+00:00,2026-05-14T23:00:00+00:00,0.26000213623046875,0.13571384974888392,7.0,7.0,1.2299957275390625,0.4371425083705357,7.0,7.0,0.4199981689453125,0.2299989972795759,7.0,7.0,1.05999755859375,0.37428501674107145,7.0,7.0,40153.660469055176,12690.377326931271,7.0,7.0,0.0,7.0,7.0,7.0,hourly_live_vs_execution_1m_aggregate_mismatch_examples.csv
hourly_live_vs_execution_1m_aggregate,SOLV/USD:USD,688,41,2026-05-01T00:00:00+00:00,2026-05-30T17:00:00+00:00,2026-05-03T14:00:00+00:00,2026-05-21T11:00:00+00:00,41,2026-05-03T14:00:00+00:00,2026-05-21T11:00:00+00:00,1.200009137392044e-05,2.9268515546147415e-07,1.0,1.0,0.00018300022929906845,1.3048783308122217e-05,6.0,6.0,0.0005699996836483479,3.407314056303443e-05,11.0,11.0,0.00031899986788630486,2.607314779264171e-05,12.0,12.0,313535.0,37105.87804878049,12.0,12.0,29.0,12.0,12.0,12.0,hourly_live_vs_execution_1m_aggregate_mismatch_examples.csv
hourly_live_vs_execution_1m_aggregate,SONIC/USD:USD,690,66,2026-05-01T00:00:00+00:00,2026-05-30T17:00:00+00:00,2026-05-02T22:00:00+00:00,2026-05-21T22:00:00+00:00,66,2026-05-02T22:00:00+00:00,2026-05-21T22:00:00+00:00,0.002100002020597458,7.575755995331389e-05,11.0,11.0,0.000700000673532486,7.272731851447712e-05,14.0,14.0,0.002100002020597458,0.00010151517662135038,14.0,14.0,0.001499999314546585,0.00012272726179975453,21.0,21.0,48421.0,5996.378787878788,33.0,33.0,33.0,33.0,28.0,33.0,hourly_live_vs_execution_1m_aggregate_mismatch_examples.csv
hourly_live_vs_execution_1m_aggregate,SOON/USD:USD,690,44,2026-05-01T00:00:00+00:00,2026-05-30T17:00:00+00:00,2026-05-07T10:00:00+00:00,2026-05-21T23:00:00+00:00,44,2026-05-07T10:00:00+00:00,2026-05-21T23:00:00+00:00,0.0034900009632110596,7.931820370934226e-05,1.0,1.0,0.03540000319480896,0.0013175000521269712,7.0,7.0,0.04750999063253403,0.0012365909801288085,3.0,3.0,0.006569996476173401,0.0005443187599832362,8.0,8.0,16720.0,501.1818181818182,9.0,9.0,35.0,9.0,9.0,9.0,hourly_live_vs_execution_1m_aggregate_mismatch_examples.csv
hourly_live_vs_execution_1m_aggregate,SPELL/USD:USD,688,49,2026-05-01T00:00:00+00:00,2026-05-30T17:00:00+00:00,2026-05-05T14:00:00+00:00,2026-05-12T16:00:00+00:00,49,2026-05-05T14:00:00+00:00,2026-05-12T16:00:00+00:00,0.0,0.0,0.0,0.0,1.2999953469261527e-06,2.6530517284207198e-08,1.0,1.0,0.0,0.0,0.0,0.0,1.2999953469261527e-06,2.6530517284207198e-08,1.0,1.0,26007.0,530.7551020408164,1.0,1.0,48.0,1.0,1.0,1.0,hourly_live_vs_execution_1m_aggregate_mismatch_examples.csv
hourly_live_vs_execution_1m_aggregate,SPK/USD:USD,690,38,2026-05-01T00:00:00+00:00,2026-05-30T17:00:00+00:00,2026-05-01T00:00:00+00:00,2026-05-21T21:00:00+00:00,38,2026-05-01T00:00:00+00:00,2026-05-21T21:00:00+00:00,0.0005399994552135468,1.789472605052747e-05,2.0,2.0,0.0004200004041194916,3.289470547123959e-05,7.0,7.0,0.0011600032448768616,9.342126156154431e-05,6.0,6.0,0.0011600032448768616,0.00010736855237107528,11.0,11.0,50704.0,3692.0526315789475,12.0,12.0,26.0,12.0,12.0,12.0,hourly_live_vs_execution_1m_aggregate_mismatch_examples.csv
hourly_live_vs_execution_1m_aggregate,SPX/USD:USD,690,37,2026-05-01T00:00:00+00:00,2026-05-30T17:00:00+00:00,2026-05-04T08:00:00+00:00,2026-05-21T17:00:00+00:00,37,2026-05-04T08:00:00+00:00,2026-05-21T17:00:00+00:00,0.015199989080429077,0.001824323389981244,28.0,28.0,0.020799994468688965,0.0032297324489902806,33.0,33.0,0.018999993801116943,0.003683782912589408,33.0,33.0,0.01569998264312744,0.0032513504092757765,36.0,36.0,295927.0,51267.2972972973,37.0,37.0,0.0,37.0,37.0,37.0,hourly_live_vs_execution_1m_aggregate_mismatch_examples.csv
hourly_live_vs_execution_1m_aggregate,SPYX/USD:USD,641,0,2026-05-01T00:00:00+00:00,2026-05-28T16:00:00+00:00,,,0,,,,,,,,,,,,,,,,,,,,,,,,,,,hourly_live_vs_execution_1m_aggregate_mismatch_examples.csv
hourly_live_vs_execution_1m_aggregate,SSV/USD:USD,688,62,2026-05-01T00:00:00+00:00,2026-05-30T17:00:00+00:00,2026-05-05T14:00:00+00:00,2026-05-14T09:00:00+00:00,62,2026-05-05T14:00:00+00:00,2026-05-14T09:00:00+00:00,0.019999980926513672,0.0005483858046993132,2.0,2.0,0.07500004768371582,0.004467741135627993,7.0,7.0,0.06000018119812012,0.002919358591879568,4.0,4.0,0.07500004768371582,0.0062903242726479805,10.0,10.0,1113.5,33.361290070318404,11.0,11.0,51.0,11.0,11.0,11.0,hourly_live_vs_execution_1m_aggregate_mismatch_examples.csv
hourly_live_vs_execution_1m_aggregate,STBL/USD:USD,688,62,2026-05-01T00:00:00+00:00,2026-05-30T17:00:00+00:00,2026-05-04T01:00:00+00:00,2026-05-21T11:00:00+00:00,62,2026-05-04T01:00:00+00:00,2026-05-21T11:00:00+00:00,5.000084638595581e-05,8.064652642896098e-07,1.0,1.0,0.0005900003015995026,3.3064595153254845e-05,5.0,5.0,0.0025500021874904633,0.00012048393968612917,6.0,6.0,0.0024700015783309937,0.00012661300359233734,9.0,9.0,85000.0,2565.1451612903224,9.0,9.0,53.0,9.0,9.0,9.0,hourly_live_vs_execution_1m_aggregate_mismatch_examples.csv
hourly_live_vs_execution_1m_aggregate,STEEM/USD:USD,639,0,2026-05-01T00:00:00+00:00,2026-05-28T16:00:00+00:00,,,0,,,,,,,,,,,,,,,,,,,,,,,,,,,hourly_live_vs_execution_1m_aggregate_mismatch_examples.csv
hourly_live_vs_execution_1m_aggregate,STG/USD:USD,690,80,2026-05-01T00:00:00+00:00,2026-05-30T17:00:00+00:00,2026-05-01T11:00:00+00:00,2026-05-21T20:00:00+00:00,80,2026-05-01T11:00:00+00:00,2026-05-21T20:00:00+00:00,0.0010100007057189941,2.3750029504299165e-05,3.0,3.0,0.0036199986934661865,0.000163249671459198,9.0,9.0,0.004749998450279236,0.0002701247110962868,10.0,10.0,0.004620000720024109,0.0003983743488788605,16.0,16.0,4705.0,270.6875,18.0,18.0,62.0,18.0,17.0,18.0,hourly_live_vs_execution_1m_aggregate_mismatch_examples.csv
hourly_live_vs_execution_1m_aggregate,STORJ/USD:USD,690,68,2026-05-01T00:00:00+00:00,2026-05-30T17:00:00+00:00,2026-05-02T21:00:00+00:00,2026-05-21T20:00:00+00:00,68,2026-05-02T21:00:00+00:00,2026-05-21T20:00:00+00:00,0.0023999959230422974,6.911739268723656e-05,6.0,6.0,0.00790000706911087,0.00029117635944310357,10.0,10.0,0.0034999996423721313,0.0002514706814990324,11.0,11.0,0.003599993884563446,0.0003602939712650636,16.0,16.0,89368.0,4170.85294117647,20.0,20.0,48.0,20.0,19.0,20.0,hourly_live_vs_execution_1m_aggregate_mismatch_examples.csv
hourly_live_vs_execution_1m_aggregate,STRK/USD:USD,690,16,2026-05-01T00:00:00+00:00,2026-05-30T17:00:00+00:00,2026-05-02T22:00:00+00:00,2026-05-21T21:00:00+00:00,16,2026-05-02T22:00:00+00:00,2026-05-21T21:00:00+00:00,0.0016799978911876678,0.00017437501810491085,10.0,10.0,0.0017599985003471375,0.0002831248566508293,13.0,13.0,0.000700000673532486,0.00021125026978552341,10.0,10.0,0.0006599985063076019,0.0002756242174655199,14.0,14.0,618732.0,170717.625,16.0,16.0,0.0,16.0,16.0,16.0,hourly_live_vs_execution_1m_aggregate_mismatch_examples.csv
hourly_live_vs_execution_1m_aggregate,STX/USD:USD,690,17,2026-05-01T00:00:00+00:00,2026-05-30T17:00:00+00:00,2026-05-02T18:00:00+00:00,2026-05-15T18:00:00+00:00,17,2026-05-02T18:00:00+00:00,2026-05-15T18:00:00+00:00,0.0016999989748001099,0.0003117638475754682,6.0,6.0,0.009499996900558472,0.0011176475707222434,10.0,10.0,0.0023000091314315796,0.0007411776220097262,11.0,11.0,0.006300002336502075,0.0013529421652064605,15.0,15.0,395307.0,28364.117647058825,15.0,15.0,2.0,15.0,15.0,15.0,hourly_live_vs_execution_1m_aggregate_mismatch_examples.csv
hourly_live_vs_execution_1m_aggregate,SUI/USD:USD,690,7,2026-05-01T00:00:00+00:00,2026-05-30T17:00:00+00:00,2026-05-03T15:00:00+00:00,2026-05-21T14:00:00+00:00,7,2026-05-03T15:00:00+00:00,2026-05-21T14:00:00+00:00,0.0012999773025512695,0.0004571505955287388,6.0,6.0,0.01639997959136963,0.006314269133976528,7.0,7.0,0.007899999618530273,0.0035428404808044434,7.0,7.0,0.010699987411499023,0.003914288112095424,7.0,7.0,365635.0,130368.28571428571,7.0,7.0,0.0,7.0,7.0,7.0,hourly_live_vs_execution_1m_aggregate_mismatch_examples.csv
hourly_live_vs_execution_1m_aggregate,SUN/USD:USD,690,22,2026-05-01T00:00:00+00:00,2026-05-30T17:00:00+00:00,2026-05-01T02:00:00+00:00,2026-05-21T07:00:00+00:00,22,2026-05-01T02:00:00+00:00,2026-05-21T07:00:00+00:00,0.0,0.0,0.0,0.0,0.0,0.0,0.0,0.0,0.0,0.0,0.0,0.0,0.0,0.0,0.0,0.0,0.0,0.0,0.0,0.0,22.0,0.0,0.0,0.0,hourly_live_vs_execution_1m_aggregate_mismatch_examples.csv
hourly_live_vs_execution_1m_aggregate,SUPER/USD:USD,688,101,2026-05-01T00:00:00+00:00,2026-05-30T17:00:00+00:00,2026-05-02T21:00:00+00:00,2026-05-21T12:00:00+00:00,101,2026-05-02T21:00:00+00:00,2026-05-21T12:00:00+00:00,0.00020000338554382324,1.980231540037854e-06,1.0,1.0,0.005000002682209015,0.0001297030265968625,8.0,8.0,0.002499997615814209,5.9405765911140064e-05,6.0,6.0,0.005000002682209015,0.0001861385189660705,12.0,12.0,6230.0,401.86138613861385,13.0,13.0,88.0,13.0,13.0,13.0,hourly_live_vs_execution_1m_aggregate_mismatch_examples.csv
hourly_live_vs_execution_1m_aggregate,SUSHI/USD:USD,690,15,2026-05-01T00:00:00+00:00,2026-05-30T17:00:00+00:00,2026-05-02T22:00:00+00:00,2026-05-15T18:00:00+00:00,15,2026-05-02T22:00:00+00:00,2026-05-15T18:00:00+00:00,0.000800013542175293,0.00015999972820281982,4.0,4.0,0.005300015211105347,0.0008000016212463378,12.0,12.0,0.011200010776519775,0.0013000011444091798,13.0,13.0,0.00920000672340393,0.001426665981610616,15.0,15.0,253465.0,25323.733333333334,15.0,15.0,0.0,15.0,15.0,15.0,hourly_live_vs_execution_1m_aggregate_mismatch_examples.csv
hourly_live_vs_execution_1m_aggregate,SWARMS/USD:USD,690,28,2026-05-01T00:00:00+00:00,2026-05-30T17:00:00+00:00,2026-05-09T18:00:00+00:00,2026-05-21T23:00:00+00:00,28,2026-05-09T18:00:00+00:00,2026-05-21T23:00:00+00:00,0.0003200005739927292,3.0357191073043005e-05,7.0,7.0,0.0010000001639127731,0.000130357187507408,14.0,14.0,0.0007999986410140991,4.1428521009428163e-05,6.0,6.0,0.0010000001639127731,0.00012071437335440091,15.0,15.0,353811.0,34283.142857142855,18.0,18.0,10.0,18.0,18.0,18.0,hourly_live_vs_execution_1m_aggregate_mismatch_examples.csv
hourly_live_vs_execution_1m_aggregate,SXT/USD:USD,688,45,2026-05-01T00:00:00+00:00,2026-05-30T17:00:00+00:00,2026-05-03T09:00:00+00:00,2026-05-15T15:00:00+00:00,45,2026-05-03T09:00:00+00:00,2026-05-15T15:00:00+00:00,0.0,0.0,0.0,0.0,0.0001400001347064972,3.1111141045888265e-06,1.0,1.0,0.0010899994522333145,3.6666645771927304e-05,2.0,2.0,0.0010699992999434471,3.866665065288544e-05,3.0,3.0,33692.0,1656.0444444444445,3.0,3.0,42.0,3.0,3.0,3.0,hourly_live_vs_execution_1m_aggregate_mismatch_examples.csv
hourly_live_vs_execution_1m_aggregate,SYN/USD:USD,690,96,2026-05-01T00:00:00+00:00,2026-05-30T17:00:00+00:00,2026-05-01T03:00:00+00:00,2026-05-21T23:00:00+00:00,96,2026-05-01T03:00:00+00:00,2026-05-21T23:00:00+00:00,0.0004999972879886627,1.7708283849060535e-05,7.0,7.0,0.013300001621246338,0.00017395832886298498,7.0,7.0,0.0012999996542930603,5.833331185082594e-05,11.0,11.0,0.0025000013411045074,7.708331880470116e-05,9.0,9.0,22723.0,1048.8333333333333,16.0,16.0,80.0,16.0,15.0,16.0,hourly_live_vs_execution_1m_aggregate_mismatch_examples.csv
hourly_live_vs_execution_1m_aggregate,SYRUP/USD:USD,690,82,2026-05-01T00:00:00+00:00,2026-05-30T17:00:00+00:00,2026-05-01T00:00:00+00:00,2026-05-21T11:00:00+00:00,82,2026-05-01T00:00:00+00:00,2026-05-21T11:00:00+00:00,0.03254999220371246,0.0004558537791414959,6.0,6.0,0.03254999220371246,0.00048097604658545515,10.0,10.0,0.0038800090551376343,0.00021243876800304507,11.0,11.0,0.0037400126457214355,0.00017207370298664745,13.0,13.0,3137.0,117.41463414634147,16.0,16.0,66.0,16.0,16.0,16.0,hourly_live_vs_execution_1m_aggregate_mismatch_examples.csv
hourly_live_vs_execution_1m_aggregate,T/USD:USD,688,37,2026-05-01T00:00:00+00:00,2026-05-30T17:00:00+00:00,2026-05-07T00:00:00+00:00,2026-05-13T18:00:00+00:00,37,2026-05-07T00:00:00+00:00,2026-05-13T18:00:00+00:00,1.9999686628580093e-05,5.405320710427052e-07,1.0,1.0,0.0,0.0,0.0,0.0,1.9999686628580093e-05,5.405320710427052e-07,1.0,1.0,4.999805241823196e-06,1.3512987140062692e-07,1.0,1.0,35340.0,955.1351351351351,1.0,1.0,36.0,1.0,1.0,1.0,hourly_live_vs_execution_1m_aggregate_mismatch_examples.csv
hourly_live_vs_execution_1m_aggregate,TAIKO/USD:USD,639,0,2026-05-01T00:00:00+00:00,2026-05-28T16:00:00+00:00,,,0,,,,,,,,,,,,,,,,,,,,,,,,,,,hourly_live_vs_execution_1m_aggregate_mismatch_examples.csv
hourly_live_vs_execution_1m_aggregate,TAO/USD:USD,690,9,2026-05-01T00:00:00+00:00,2026-05-30T17:00:00+00:00,2026-05-05T10:00:00+00:00,2026-05-21T23:00:00+00:00,9,2026-05-05T10:00:00+00:00,2026-05-21T23:00:00+00:00,4.08001708984375,1.4188808865017362,9.0,9.0,5.32000732421875,1.7177768283420138,9.0,9.0,9.350006103515625,2.4766676161024304,9.0,9.0,8.58001708984375,2.2144571940104165,9.0,9.0,5914.679901123047,1472.317779858907,9.0,9.0,0.0,9.0,9.0,9.0,hourly_live_vs_execution_1m_aggregate_mismatch_examples.csv
hourly_live_vs_execution_1m_aggregate,THETA/USD:USD,641,0,2026-05-01T00:00:00+00:00,2026-05-28T16:00:00+00:00,,,0,,,,,,,,,,,,,,,,,,,,,,,,,,,hourly_live_vs_execution_1m_aggregate_mismatch_examples.csv
hourly_live_vs_execution_1m_aggregate,TIA/USD:USD,690,42,2026-05-01T00:00:00+00:00,2026-05-30T17:00:00+00:00,2026-05-05T20:00:00+00:00,2026-05-21T19:00:00+00:00,42,2026-05-05T20:00:00+00:00,2026-05-21T19:00:00+00:00,0.004999995231628418,0.0011000008810134161,30.0,30.0,0.0098000168800354,0.003159525848570324,39.0,39.0,0.006900012493133545,0.001957144056047712,33.0,33.0,0.0098000168800354,0.003254762717655727,41.0,41.0,117112.6015625,24886.147714524042,42.0,42.0,0.0,42.0,42.0,42.0,hourly_live_vs_execution_1m_aggregate_mismatch_examples.csv
hourly_live_vs_execution_1m_aggregate,TLM/USD:USD,688,17,2026-05-01T00:00:00+00:00,2026-05-30T17:00:00+00:00,2026-05-04T00:00:00+00:00,2026-05-15T13:00:00+00:00,17,2026-05-04T00:00:00+00:00,2026-05-15T13:00:00+00:00,0.0,0.0,0.0,0.0,3.200001083314419e-05,3.235291360932238e-06,2.0,2.0,5.9999991208314896e-05,3.529411247547935e-06,1.0,1.0,5.5999960750341415e-05,6.529406699187616e-06,3.0,3.0,182280.0,17611.764705882353,3.0,3.0,14.0,3.0,3.0,3.0,hourly_live_vs_execution_1m_aggregate_mismatch_examples.csv
hourly_live_vs_execution_1m_aggregate,TNSR/USD:USD,688,36,2026-05-01T00:00:00+00:00,2026-05-30T17:00:00+00:00,2026-05-07T23:00:00+00:00,2026-05-15T11:00:00+00:00,36,2026-05-07T23:00:00+00:00,2026-05-15T11:00:00+00:00,0.00010000169277191162,2.777824799219767e-06,1.0,1.0,0.0,0.0,0.0,0.0,0.0025000013411045074,8.88889448510276e-05,4.0,4.0,0.0025000013411045074,8.611112005180783e-05,3.0,3.0,18000.0,985.8055555555555,4.0,4.0,32.0,4.0,4.0,4.0,hourly_live_vs_execution_1m_aggregate_mismatch_examples.csv
hourly_live_vs_execution_1m_aggregate,TON/USD:USD,690,24,2026-05-01T00:00:00+00:00,2026-05-30T17:00:00+00:00,2026-05-02T15:00:00+00:00,2026-05-14T05:00:00+00:00,24,2026-05-02T15:00:00+00:00,2026-05-14T05:00:00+00:00,0.04500007629394531,0.005500008662541707,20.0,20.0,0.07799983024597168,0.02245829999446869,21.0,21.0,0.03699994087219238,0.008291676640510559,20.0,20.0,0.06199979782104492,0.01695833106835683,23.0,23.0,294406.8125,74765.92544873555,24.0,24.0,0.0,24.0,24.0,24.0,hourly_live_vs_execution_1m_aggregate_mismatch_examples.csv
hourly_live_vs_execution_1m_aggregate,TRB/USD:USD,639,0,2026-05-01T00:00:00+00:00,2026-05-28T16:00:00+00:00,,,0,,,,,,,,,,,,,,,,,,,,,,,,,,,hourly_live_vs_execution_1m_aggregate_mismatch_examples.csv
hourly_live_vs_execution_1m_aggregate,TRU/USD:USD,688,12,2026-05-01T00:00:00+00:00,2026-05-30T17:00:00+00:00,2026-05-03T09:00:00+00:00,2026-05-21T17:00:00+00:00,12,2026-05-03T09:00:00+00:00,2026-05-21T17:00:00+00:00,5.9999991208314896e-05,4.999999267359574e-06,1.0,1.0,5.9999991208314896e-05,4.999999267359574e-06,1.0,1.0,1.00000761449337e-05,8.33339678744475e-07,1.0,1.0,1.00000761449337e-05,8.33339678744475e-07,1.0,1.0,35420.0,3451.6666666666665,2.0,2.0,10.0,2.0,2.0,2.0,hourly_live_vs_execution_1m_aggregate_mismatch_examples.csv
hourly_live_vs_execution_1m_aggregate,TRUMP/USD:USD,690,14,2026-05-01T00:00:00+00:00,2026-05-30T17:00:00+00:00,2026-05-01T14:00:00+00:00,2026-05-21T20:00:00+00:00,14,2026-05-01T14:00:00+00:00,2026-05-21T20:00:00+00:00,0.018000125885009766,0.003285782677786691,11.0,11.0,0.013000011444091797,0.006642835480826241,12.0,12.0,0.02200007438659668,0.009071435247148787,13.0,13.0,0.01900005340576172,0.006857122693743024,12.0,12.0,22362.19921875,6009.714213098799,14.0,14.0,0.0,14.0,14.0,14.0,hourly_live_vs_execution_1m_aggregate_mismatch_examples.csv
hourly_live_vs_execution_1m_aggregate,TRX/USD:USD,690,28,2026-05-01T00:00:00+00:00,2026-05-30T17:00:00+00:00,2026-05-03T16:00:00+00:00,2026-05-21T21:00:00+00:00,28,2026-05-03T16:00:00+00:00,2026-05-21T21:00:00+00:00,0.0020190179347991943,0.0002754660589354379,26.0,26.0,0.0020190179347991943,0.0005016082099505834,26.0,26.0,0.0013969838619232178,0.0004131432090486799,24.0,24.0,0.0013969838619232178,0.0004702817116464887,28.0,28.0,966431.0,80675.0,28.0,28.0,0.0,28.0,28.0,28.0,hourly_live_vs_execution_1m_aggregate_mismatch_examples.csv
hourly_live_vs_execution_1m_aggregate,TSLAX/USD:USD,639,0,2026-05-01T00:00:00+00:00,2026-05-28T16:00:00+00:00,,,0,,,,,,,,,,,,,,,,,,,,,,,,,,,hourly_live_vs_execution_1m_aggregate_mismatch_examples.csv
hourly_live_vs_execution_1m_aggregate,TURBO/USD:USD,690,38,2026-05-01T00:00:00+00:00,2026-05-30T17:00:00+00:00,2026-05-03T12:00:00+00:00,2026-05-21T23:00:00+00:00,38,2026-05-03T12:00:00+00:00,2026-05-21T23:00:00+00:00,2.1000043489038944e-05,2.860529715881536e-06,16.0,14.0,4.439998883754015e-05,6.676314545697287e-06,29.0,26.0,1.5600002370774746e-05,3.3947320556954333e-06,22.0,18.0,3.509991802275181e-05,5.247377741493677e-06,32.0,27.0,8491500.0,2396163.1578947366,33.0,33.0,5.0,33.0,33.0,33.0,hourly_live_vs_execution_1m_aggregate_mismatch_examples.csv
hourly_live_vs_execution_1m_aggregate,UMA/USD:USD,688,63,2026-05-01T00:00:00+00:00,2026-05-30T17:00:00+00:00,2026-05-02T22:00:00+00:00,2026-05-21T17:00:00+00:00,63,2026-05-02T22:00:00+00:00,2026-05-21T17:00:00+00:00,0.0027000010013580322,6.984150598919581e-05,2.0,2.0,0.01759999990463257,0.001012697106315976,10.0,10.0,0.010099977254867554,0.00040793560800098235,5.0,5.0,0.013700008392333984,0.001115870854211232,13.0,13.0,2023.0,84.93015943254743,14.0,14.0,49.0,14.0,14.0,14.0,hourly_live_vs_execution_1m_aggregate_mismatch_examples.csv
hourly_live_vs_execution_1m_aggregate,UNI/USD:USD,690,12,2026-05-01T00:00:00+00:00,2026-05-30T17:00:00+00:00,2026-05-03T17:00:00+00:00,2026-05-14T23:00:00+00:00,12,2026-05-03T17:00:00+00:00,2026-05-14T23:00:00+00:00,0.019999980926513672,0.006083329518636067,10.0,10.0,0.042999982833862305,0.015166660149892172,11.0,11.0,0.02700018882751465,0.010083337624867758,10.0,10.0,0.03600001335144043,0.010499974091847738,12.0,12.0,8233.29999923706,2269.416655858358,12.0,12.0,0.0,12.0,12.0,12.0,hourly_live_vs_execution_1m_aggregate_mismatch_examples.csv
hourly_live_vs_execution_1m_aggregate,UNITAS/USD:USD,639,0,2026-05-01T00:00:00+00:00,2026-05-28T16:00:00+00:00,,,0,,,,,,,,,,,,,,,,,,,,,,,,,,,hourly_live_vs_execution_1m_aggregate_mismatch_examples.csv
hourly_live_vs_execution_1m_aggregate,USDC/USD:USD,688,5,2026-05-01T00:00:00+00:00,2026-05-30T17:00:00+00:00,2026-05-02T15:00:00+00:00,2026-05-14T03:00:00+00:00,5,2026-05-02T15:00:00+00:00,2026-05-14T03:00:00+00:00,0.0,0.0,0.0,0.0,0.0,0.0,0.0,0.0,0.0,0.0,0.0,0.0,0.0,0.0,0.0,0.0,0.0,0.0,0.0,0.0,5.0,0.0,0.0,0.0,hourly_live_vs_execution_1m_aggregate_mismatch_examples.csv
hourly_live_vs_execution_1m_aggregate,USDT/USD:USD,688,2,2026-05-01T00:00:00+00:00,2026-05-30T17:00:00+00:00,2026-05-07T22:00:00+00:00,2026-05-08T00:00:00+00:00,2,2026-05-07T22:00:00+00:00,2026-05-08T00:00:00+00:00,0.00020003318786621094,0.00010001659393310547,1.0,1.0,0.00020003318786621094,0.00010001659393310547,1.0,1.0,0.0,0.0,0.0,0.0,0.0,0.0,0.0,0.0,7.0,3.5,1.0,1.0,1.0,1.0,1.0,1.0,hourly_live_vs_execution_1m_aggregate_mismatch_examples.csv
hourly_live_vs_execution_1m_aggregate,USUAL/USD:USD,690,98,2026-05-01T00:00:00+00:00,2026-05-30T17:00:00+00:00,2026-05-02T20:00:00+00:00,2026-05-21T23:00:00+00:00,98,2026-05-02T20:00:00+00:00,2026-05-21T23:00:00+00:00,0.0005699992179870605,1.4897930074711236e-05,5.0,5.0,0.00047000031918287277,3.714283586156612e-05,17.0,17.0,0.0005699992179870605,2.0918388831980376e-05,12.0,12.0,0.00047000031918287277,4.193882400892219e-05,22.0,22.0,130086.0,6910.632653061224,27.0,27.0,71.0,27.0,26.0,27.0,hourly_live_vs_execution_1m_aggregate_mismatch_examples.csv
hourly_live_vs_execution_1m_aggregate,VELO/USD:USD,688,0,2026-05-01T00:00:00+00:00,2026-05-30T17:00:00+00:00,,,0,,,,,,,,,,,,,,,,,,,,,,,,,,,hourly_live_vs_execution_1m_aggregate_mismatch_examples.csv
hourly_live_vs_execution_1m_aggregate,VET/USD:USD,690,0,2026-05-01T00:00:00+00:00,2026-05-30T17:00:00+00:00,,,0,,,,,,,,,,,,,,,,,,,,,,,,,,,hourly_live_vs_execution_1m_aggregate_mismatch_examples.csv
hourly_live_vs_execution_1m_aggregate,VINE/USD:USD,690,79,2026-05-01T00:00:00+00:00,2026-05-30T17:00:00+00:00,2026-05-01T00:00:00+00:00,2026-05-15T18:00:00+00:00,79,2026-05-01T00:00:00+00:00,2026-05-15T18:00:00+00:00,0.00015999935567378998,2.4050757100310508e-06,2.0,2.0,0.000270000658929348,1.0253154212915444e-05,5.0,5.0,0.000509999692440033,7.34179268909406e-06,4.0,4.0,0.000509999692440033,1.670884652228295e-05,8.0,8.0,38736.0,677.0506329113924,9.0,9.0,70.0,9.0,8.0,9.0,hourly_live_vs_execution_1m_aggregate_mismatch_examples.csv
hourly_live_vs_execution_1m_aggregate,VIRTUAL/USD:USD,690,20,2026-05-01T00:00:00+00:00,2026-05-30T17:00:00+00:00,2026-05-02T15:00:00+00:00,2026-05-21T20:00:00+00:00,20,2026-05-02T15:00:00+00:00,2026-05-21T20:00:00+00:00,0.010599970817565918,0.0021649956703186034,12.0,12.0,0.027000010013580322,0.006279999017715454,17.0,17.0,0.019299983978271484,0.004264995455741882,16.0,16.0,0.022300004959106445,0.006854996085166931,20.0,20.0,43428.0,10141.5,20.0,20.0,0.0,20.0,20.0,20.0,hourly_live_vs_execution_1m_aggregate_mismatch_examples.csv
hourly_live_vs_execution_1m_aggregate,W/USD:USD,688,51,2026-05-01T00:00:00+00:00,2026-05-30T17:00:00+00:00,2026-05-03T22:00:00+00:00,2026-05-21T23:00:00+00:00,51,2026-05-03T22:00:00+00:00,2026-05-21T23:00:00+00:00,0.00010999944061040878,2.1568645595335493e-05,23.0,23.0,0.00023999996483325958,6.78431425316661e-05,40.0,40.0,0.0004200004041194916,7.352950599263696e-05,35.0,35.0,0.0002899998798966408,9.941169079027924e-05,48.0,48.0,384497.0,106538.23529411765,51.0,51.0,0.0,51.0,51.0,51.0,hourly_live_vs_execution_1m_aggregate_mismatch_examples.csv
hourly_live_vs_execution_1m_aggregate,WIF/USD:USD,690,28,2026-05-01T00:00:00+00:00,2026-05-30T17:00:00+00:00,2026-05-01T10:00:00+00:00,2026-05-15T02:00:00+00:00,28,2026-05-01T10:00:00+00:00,2026-05-15T02:00:00+00:00,0.0020999908447265625,0.0005499997309276036,27.0,27.0,0.004500001668930054,0.0013749982629503524,26.0,26.0,0.0034000128507614136,0.0010214282998016902,26.0,26.0,0.0034999996423721313,0.0010071434080600739,27.0,27.0,826613.0,242330.82142857142,28.0,28.0,0.0,28.0,28.0,28.0,hourly_live_vs_execution_1m_aggregate_mismatch_examples.csv
hourly_live_vs_execution_1m_aggregate,WLD/USD:USD,690,13,2026-05-01T00:00:00+00:00,2026-05-30T17:00:00+00:00,2026-05-01T14:00:00+00:00,2026-05-21T22:00:00+00:00,13,2026-05-01T14:00:00+00:00,2026-05-21T22:00:00+00:00,0.0021999776363372803,0.0010384596311129057,12.0,12.0,0.006700009107589722,0.0016307693261366624,11.0,11.0,0.0036999881267547607,0.001938457672412579,13.0,13.0,0.0029999911785125732,0.0013769211677404551,13.0,13.0,188421.0,40622.38461538462,13.0,13.0,0.0,13.0,13.0,13.0,hourly_live_vs_execution_1m_aggregate_mismatch_examples.csv
hourly_live_vs_execution_1m_aggregate,WLFI/USD:USD,690,66,2026-05-01T00:00:00+00:00,2026-05-30T17:00:00+00:00,2026-05-01T01:00:00+00:00,2026-05-21T11:00:00+00:00,66,2026-05-01T01:00:00+00:00,2026-05-21T11:00:00+00:00,0.0007999986410140991,0.00016484804677240777,42.0,42.0,0.011760003864765167,0.000541061106504816,60.0,60.0,0.0018099993467330933,0.00032318123813831443,47.0,47.0,0.0012999996542930603,0.0003336363782485326,64.0,64.0,889207.0,111673.83333333333,65.0,65.0,1.0,65.0,65.0,65.0,hourly_live_vs_execution_1m_aggregate_mismatch_examples.csv
hourly_live_vs_execution_1m_aggregate,WOO/USD:USD,688,73,2026-05-01T00:00:00+00:00,2026-05-30T17:00:00+00:00,2026-05-04T14:00:00+00:00,2026-05-15T01:00:00+00:00,73,2026-05-04T14:00:00+00:00,2026-05-15T01:00:00+00:00,0.00023999996483325958,3.698626405572238e-06,2.0,2.0,0.0005600005388259888,2.7808245934852184e-05,9.0,9.0,0.00033999979496002197,1.8356163820175275e-05,7.0,7.0,0.0004200004041194916,3.863011218913614e-05,14.0,14.0,143557.0,4854.041095890411,15.0,15.0,58.0,15.0,14.0,15.0,hourly_live_vs_execution_1m_aggregate_mismatch_examples.csv
hourly_live_vs_execution_1m_aggregate,XAUT/USD:USD,641,0,2026-05-01T00:00:00+00:00,2026-05-28T16:00:00+00:00,,,0,,,,,,,,,,,,,,,,,,,,,,,,,,,hourly_live_vs_execution_1m_aggregate_mismatch_examples.csv
hourly_live_vs_execution_1m_aggregate,XCN/USD:USD,688,36,2026-05-01T00:00:00+00:00,2026-05-30T17:00:00+00:00,2026-05-01T00:00:00+00:00,2026-05-15T00:00:00+00:00,36,2026-05-01T00:00:00+00:00,2026-05-15T00:00:00+00:00,0.00021500000730156898,6.388885796897941e-06,3.0,3.0,6.600003689527512e-05,2.472221644388305e-06,3.0,3.0,0.00021500000730156898,1.3694451707932683e-05,5.0,5.0,0.00015700003132224083,9.750016033649445e-06,5.0,5.0,241140.0,11418.888888888889,8.0,8.0,28.0,8.0,7.0,8.0,hourly_live_vs_execution_1m_aggregate_mismatch_examples.csv
hourly_live_vs_execution_1m_aggregate,XLM/USD:USD,690,13,2026-05-01T00:00:00+00:00,2026-05-30T17:00:00+00:00,2026-05-05T03:00:00+00:00,2026-05-21T13:00:00+00:00,13,2026-05-05T03:00:00+00:00,2026-05-21T13:00:00+00:00,0.0010799914598464966,0.00034538599161001353,12.0,12.0,0.000639989972114563,0.00023384736134455755,10.0,10.0,0.0015199929475784302,0.000559994807610145,12.0,12.0,0.0011699944734573364,0.00025845949466411886,11.0,11.0,238078.0,53984.846153846156,13.0,13.0,0.0,13.0,13.0,13.0,hourly_live_vs_execution_1m_aggregate_mismatch_examples.csv
hourly_live_vs_execution_1m_aggregate,XMR/USD:USD,690,18,2026-05-01T00:00:00+00:00,2026-05-30T17:00:00+00:00,2026-05-04T00:00:00+00:00,2026-05-21T22:00:00+00:00,18,2026-05-04T00:00:00+00:00,2026-05-21T22:00:00+00:00,1.910003662109375,0.7533382839626737,17.0,17.0,6.660003662109375,2.1727786593967013,18.0,18.0,9.33001708984375,2.5666690402560763,16.0,16.0,9.709991455078125,2.4477776421440973,18.0,18.0,679.8100073337555,126.87000062233872,18.0,18.0,0.0,18.0,18.0,18.0,hourly_live_vs_execution_1m_aggregate_mismatch_examples.csv
hourly_live_vs_execution_1m_aggregate,XPL/USD:USD,690,72,2026-05-01T00:00:00+00:00,2026-05-30T17:00:00+00:00,2026-05-04T16:00:00+00:00,2026-05-21T23:00:00+00:00,72,2026-05-04T16:00:00+00:00,2026-05-21T23:00:00+00:00,0.0034999996423721313,0.00015972244242827097,10.0,10.0,0.003599993884563446,0.0003652777522802353,21.0,21.0,0.007999993860721588,0.000463888980448246,25.0,25.0,0.007999993860721588,0.0005958330714040332,32.0,32.0,91354.0,5081.916666666667,37.0,37.0,35.0,37.0,37.0,37.0,hourly_live_vs_execution_1m_aggregate_mismatch_examples.csv
hourly_live_vs_execution_1m_aggregate,XRP/USD:USD,690,9,2026-05-01T00:00:00+00:00,2026-05-30T17:00:00+00:00,2026-05-01T17:00:00+00:00,2026-05-21T23:00:00+00:00,9,2026-05-01T17:00:00+00:00,2026-05-21T23:00:00+00:00,0.0060999393463134766,0.001818908585442437,9.0,9.0,0.014680027961730957,0.0063622262742784284,9.0,9.0,0.0034799575805664062,0.0020688772201538086,9.0,9.0,0.012460112571716309,0.004608909289042155,9.0,9.0,2434587.0,560124.4444444445,9.0,9.0,0.0,9.0,9.0,9.0,hourly_live_vs_execution_1m_aggregate_mismatch_examples.csv
hourly_live_vs_execution_1m_aggregate,XTZ/USD:USD,690,53,2026-05-01T00:00:00+00:00,2026-05-30T17:00:00+00:00,2026-05-04T07:00:00+00:00,2026-05-21T17:00:00+00:00,53,2026-05-04T07:00:00+00:00,2026-05-21T17:00:00+00:00,0.0026000142097473145,0.00026037726762159817,13.0,13.0,0.0055999755859375,0.0008075462197357754,26.0,26.0,0.010200023651123047,0.001024527369805102,25.0,25.0,0.006700009107589722,0.0013641484503476124,34.0,34.0,76486.0,3314.0377358490564,41.0,41.0,12.0,41.0,40.0,41.0,hourly_live_vs_execution_1m_aggregate_mismatch_examples.csv
hourly_live_vs_execution_1m_aggregate,XVS/USD:USD,639,0,2026-05-01T00:00:00+00:00,2026-05-28T16:00:00+00:00,,,0,,,,,,,,,,,,,,,,,,,,,,,,,,,hourly_live_vs_execution_1m_aggregate_mismatch_examples.csv
hourly_live_vs_execution_1m_aggregate,YFI/USD:USD,688,73,2026-05-01T00:00:00+00:00,2026-05-30T17:00:00+00:00,2026-05-03T04:00:00+00:00,2026-05-13T14:00:00+00:00,73,2026-05-03T04:00:00+00:00,2026-05-13T14:00:00+00:00,24.0,0.3287671232876712,1.0,1.0,28.0,1.4109589041095891,5.0,5.0,52.0,1.2876712328767124,3.0,3.0,52.0,2.3698630136986303,7.0,7.0,0.4000000059604645,0.010165753500051286,8.0,8.0,65.0,8.0,8.0,8.0,hourly_live_vs_execution_1m_aggregate_mismatch_examples.csv
hourly_live_vs_execution_1m_aggregate,YGG/USD:USD,688,93,2026-05-01T00:00:00+00:00,2026-05-30T17:00:00+00:00,2026-05-02T20:00:00+00:00,2026-05-15T15:00:00+00:00,93,2026-05-02T20:00:00+00:00,2026-05-15T15:00:00+00:00,0.000700000673532486,1.5053777925429806e-05,4.0,4.0,0.0008000023663043976,4.301075973818379e-05,9.0,9.0,0.001400001347064972,9.24731614769146e-05,14.0,14.0,0.001400001347064972,0.00011827960930844789,18.0,18.0,19052.0,1118.4516129032259,21.0,21.0,72.0,21.0,20.0,21.0,hourly_live_vs_execution_1m_aggregate_mismatch_examples.csv
hourly_live_vs_execution_1m_aggregate,ZBT/USD:USD,688,82,2026-05-01T00:00:00+00:00,2026-05-30T17:00:00+00:00,2026-05-01T23:00:00+00:00,2026-05-15T05:00:00+00:00,82,2026-05-01T23:00:00+00:00,2026-05-15T05:00:00+00:00,0.006009995937347412,0.0002653656936273342,10.0,10.0,0.009810000658035278,0.0007817067387627392,24.0,24.0,0.015919998288154602,0.0008381699643483976,23.0,23.0,0.009810000658035278,0.0010509745376866039,35.0,35.0,97418.0,3025.012195121951,40.0,40.0,42.0,40.0,40.0,40.0,hourly_live_vs_execution_1m_aggregate_mismatch_examples.csv
hourly_live_vs_execution_1m_aggregate,ZEC/USD:USD,690,5,2026-05-01T00:00:00+00:00,2026-05-30T17:00:00+00:00,2026-05-05T06:00:00+00:00,2026-05-21T23:00:00+00:00,5,2026-05-05T06:00:00+00:00,2026-05-21T23:00:00+00:00,4.08001708984375,3.064007568359375,5.0,5.0,4.78997802734375,3.06400146484375,4.0,4.0,11.70001220703125,5.485992431640625,5.0,5.0,6.30999755859375,3.13800048828125,5.0,5.0,3841.8800888061523,1635.568022441864,5.0,5.0,0.0,5.0,5.0,5.0,hourly_live_vs_execution_1m_aggregate_mismatch_examples.csv
hourly_live_vs_execution_1m_aggregate,ZEN/USD:USD,641,0,2026-05-01T00:00:00+00:00,2026-05-28T16:00:00+00:00,,,0,,,,,,,,,,,,,,,,,,,,,,,,,,,hourly_live_vs_execution_1m_aggregate_mismatch_examples.csv
hourly_live_vs_execution_1m_aggregate,ZEREBRO/USD:USD,641,0,2026-05-01T00:00:00+00:00,2026-05-28T16:00:00+00:00,,,0,,,,,,,,,,,,,,,,,,,,,,,,,,,hourly_live_vs_execution_1m_aggregate_mismatch_examples.csv
hourly_live_vs_execution_1m_aggregate,ZETA/USD:USD,639,0,2026-05-01T00:00:00+00:00,2026-05-28T16:00:00+00:00,,,0,,,,,,,,,,,,,,,,,,,,,,,,,,,hourly_live_vs_execution_1m_aggregate_mismatch_examples.csv
hourly_live_vs_execution_1m_aggregate,ZIG/USD:USD,664,0,2026-05-01T00:00:00+00:00,2026-05-29T15:00:00+00:00,,,0,,,,,,,,,,,,,,,,,,,,,,,,,,,hourly_live_vs_execution_1m_aggregate_mismatch_examples.csv
hourly_live_vs_execution_1m_aggregate,ZIL/USD:USD,639,0,2026-05-01T00:00:00+00:00,2026-05-28T16:00:00+00:00,,,0,,,,,,,,,,,,,,,,,,,,,,,,,,,hourly_live_vs_execution_1m_aggregate_mismatch_examples.csv
hourly_live_vs_execution_1m_aggregate,ZK/USD:USD,692,36,2026-05-01T00:00:00+00:00,2026-05-30T17:00:00+00:00,2026-05-03T01:00:00+00:00,2026-05-21T12:00:00+00:00,36,2026-05-03T01:00:00+00:00,2026-05-21T12:00:00+00:00,0.00022500008344650269,1.8861170651184188e-05,7.0,7.0,0.0004150010645389557,7.994441936413448e-05,17.0,17.0,0.001158999279141426,8.8027807780438e-05,15.0,15.0,0.001158999279141426,0.00013227778900828626,25.0,25.0,409251.0,69902.08333333333,26.0,26.0,10.0,26.0,26.0,26.0,hourly_live_vs_execution_1m_aggregate_mismatch_examples.csv
hourly_live_vs_execution_1m_aggregate,ZRO/USD:USD,699,22,2026-05-01T00:00:00+00:00,2026-05-30T17:00:00+00:00,2026-05-03T10:00:00+00:00,2026-05-08T11:00:00+00:00,22,2026-05-03T10:00:00+00:00,2026-05-08T11:00:00+00:00,0.021700024604797363,0.0034363594922152433,9.0,9.0,0.03659999370574951,0.009709087285128508,15.0,15.0,0.024500012397766113,0.0057500113140452995,10.0,10.0,0.036100029945373535,0.010777283798564564,19.0,19.0,19147.0,4634.136363636364,19.0,19.0,3.0,19.0,19.0,19.0,hourly_live_vs_execution_1m_aggregate_mismatch_examples.csv
hourly_live_vs_execution_1m_aggregate,ZRX/USD:USD,691,66,2026-05-01T00:00:00+00:00,2026-05-30T17:00:00+00:00,2026-05-03T09:00:00+00:00,2026-05-15T10:00:00+00:00,66,2026-05-03T09:00:00+00:00,2026-05-15T10:00:00+00:00,0.0010100007057189941,1.5303040995742336e-05,1.0,1.0,0.004769995808601379,0.0001692425346735752,7.0,7.0,0.0026500001549720764,0.00015469696937185344,7.0,7.0,0.0025699958205223083,0.00021803029107325005,13.0,13.0,20180.0,881.4545454545455,15.0,15.0,51.0,15.0,14.0,15.0,hourly_live_vs_execution_1m_aggregate_mismatch_examples.csv
