2026-01-11 00:54:08,664 - DataQualityFramework - INFO - ℹ️ ✅ Comprehensive duplicate analyzer integrated
2026-01-11 00:54:08,665 - DataQualityFramework - INFO - ℹ️ 🔧 Unified Data Quality Framework initialized (singleton)
[2026-01-11 00:54:08.665] PERFORMANCE: DataQualityFramework initialization took 0.001s
2026-01-11 00:54:08,666 - System.tprint - INFO - ℹ️ DataQualityFramework initialization took 0.001s
2026-01-11 00:54:10,052 - System.AdvancedQualityMetrics - INFO - ℹ️ 📊 AdvancedQualityMetrics initialized with tolerant parameters
[2026-01-11 00:54:10.052] PERFORMANCE: AdvancedQualityMetrics initialization took 0.000s
2026-01-11 00:54:10,052 - System.tprint - INFO - ℹ️ AdvancedQualityMetrics initialization took 0.000s
2026-01-11 00:54:10,055 - DataCleaner - INFO - ℹ️ Using klines-specific gap thresholds: {<GapType.SMALL: 'small'>: 65, <GapType.MEDIUM: 'medium'>: 300, <GapType.LARGE: 'large'>: 1800, <GapType.CRITICAL: 'critical'>: 3600}
[2026-01-11 00:54:10.055] PERFORMANCE: DataCleaner(klines) initialization took 0.000s
2026-01-11 00:54:10,056 - System.tprint - INFO - ℹ️ DataCleaner(klines) initialization took 0.000s
2026-01-11 00:54:10,056 - DataCleaner - INFO - ℹ️ Using klines-specific gap thresholds: {<GapType.SMALL: 'small'>: 65, <GapType.MEDIUM: 'medium'>: 300, <GapType.LARGE: 'large'>: 1800, <GapType.CRITICAL: 'critical'>: 3600}
[2026-01-11 00:54:10.055] PERFORMANCE: DataCleaner(klines) initialization took 0.000s
2026-01-11 00:54:10,056 - System.tprint - INFO - ℹ️ DataCleaner(klines) initialization took 0.000s
2026-01-11 00:54:10,056 - DataCleanerManager - INFO - ℹ️ 🔧 DataCleanerManager initialized (singleton)
[2026-01-11 00:54:10.159] DEBUG: 🔧 [features_common.utils] Initializing common utilities module
[2026-01-11 00:54:10.159] SUCCESS: ✅ [features_common.utils] Math validation utilities loaded
2026-01-11 00:54:10,159 - System.tprint - INFO - ℹ️ ✅ [features_common.utils] Math validation utilities loaded
[2026-01-11 00:54:10.159] DEBUG: 🔧 [features_common.utils] Common utilities module initialized
2026-01-11 00:54:15,040 - src.utils.hardware.m1_gpu_utils.M1GPUManager - INFO - ℹ️ M1 GPU Manager initialized - M1: True, Generation: m1, MPS: True
2026-01-11 00:54:15,058 - src.utils.hardware.m1_cpu_optimizer.M1CPUOptimizer - INFO - ℹ️ 🧠 M1 CPU Optimizer initialized for M1 (4P+4E cores)
[2026-01-11 00:54:15.375] DEBUG: 🔧 [transforms] Module initialized with 14 exports
2026-01-11 00:54:15,376 - src.features_common.backward_compatibility - INFO - ℹ️ Backward compatibility ensured for features_common
[2026-01-11 00:54:15.376] DEBUG: 🔧 [optimization] Module initialized with 6 exports
[2026-01-11 00:54:15.376] DEBUG: 🔧 [registry] Module initialized with BaseFeatureRegistry
[2026-01-11 00:54:15.380] DEBUG: 🚀 [features_common] Enhanced module initialized with 59 exports
[2026-01-11 00:54:15.380] SUCCESS: ✅ [features_common] All optimizations enabled by default
2026-01-11 00:54:15,380 - System.tprint - INFO - ℹ️ ✅ [features_common] All optimizations enabled by default
[2026-01-11 00:54:15.380] INFO: 🔧 [features_common] VectorBT integration available
2026-01-11 00:54:15,380 - System.tprint - INFO - ℹ️ 🔧 [features_common] VectorBT integration available
[2026-01-11 00:54:15.380] PERFORMANCE: 📊 [features_common] Performance monitoring enabled
2026-01-11 00:54:15,380 - System.tprint - INFO - ℹ️ 📊 [features_common] Performance monitoring enabled
[2026-01-11 00:54:15.380] WARNING: 💾 [features_common] Intelligent caching active
2026-01-11 00:54:15,381 - System.tprint - WARNING - ⚠️ 💾 [features_common] Intelligent caching active
2026-01-11 00:54:15,381 - System.DataStreamingManager - INFO - ℹ️ 🚀 DataStreamingManager initialized (singleton): chunk_size=10000, memory_threshold=0.8
[2026-01-11 00:54:15.380] PERFORMANCE: DataStreamingManager initialization took 0.000s
2026-01-11 00:54:15,381 - System.tprint - INFO - ℹ️ DataStreamingManager initialization took 0.000s
[2026-01-11 00:54:15.881] ✅ Custom logger available for MLCommon.ConfidenceMetrics
2026-01-11 00:54:15,881 - System.tprint - INFO - ℹ️ ✅ Custom logger available for MLCommon.ConfidenceMetrics
[2026-01-11 00:54:15.883] ✅ Custom logger available for MLCommon.ModelExplanations
2026-01-11 00:54:15,883 - System.tprint - INFO - ℹ️ ✅ Custom logger available for MLCommon.ModelExplanations
2026-01-11 00:54:17,100 - MLCommon.ModelExplanations - INFO - ℹ️ LIME library available - LIME explanations enabled
[2026-01-11 00:54:17.104] ✅ Custom logger available for MLCommon.ModelRegistry
2026-01-11 00:54:17,105 - System.tprint - INFO - ℹ️ ✅ Custom logger available for MLCommon.ModelRegistry
[2026-01-11 00:54:17.106] ✅ Custom logger available for MLCommon.ModelExplainability
2026-01-11 00:54:17,106 - System.tprint - INFO - ℹ️ ✅ Custom logger available for MLCommon.ModelExplainability
[2026-01-11 00:54:17.284] ✅ Custom logger available for MLCommon.CV
2026-01-11 00:54:17,284 - System.tprint - INFO - ℹ️ ✅ Custom logger available for MLCommon.CV
2026-01-11 00:54:17,288 - src.utils.ml_common.validation.enhanced_validation - INFO - ℹ️ ✅ Enhanced Validation initialized
[2026-01-11 00:54:17.291] ✅ Custom logger available for MLCommon.ValidationUtils
2026-01-11 00:54:17,291 - System.tprint - INFO - ℹ️ ✅ Custom logger available for MLCommon.ValidationUtils
[2026-01-11 00:54:17.312] ✅ Custom logger available for MLCommon.HPOUtils
2026-01-11 00:54:17,312 - System.tprint - INFO - ℹ️ ✅ Custom logger available for MLCommon.HPOUtils
2026-01-11 00:54:17,566 - src.utils.matrix_operations.enhanced_operations.CustomMatrixOperationsRegistry - INFO - ℹ️ 📝 Registered custom matrix operation: gpu_condition_number
2026-01-11 00:54:17,566 - src.utils.matrix_operations.enhanced_operations.CustomMatrixOperationsRegistry - INFO - ℹ️ 📝 Registered custom matrix operation: gpu_matrix_rank
2026-01-11 00:54:17,566 - src.utils.matrix_operations.enhanced_operations.CustomMatrixOperationsRegistry - INFO - ℹ️ 📝 Registered custom matrix operation: matrix_normalize
2026-01-11 00:54:17,566 - src.utils.matrix_operations.enhanced_operations.CustomMatrixOperationsRegistry - INFO - ℹ️ 📝 Registered custom matrix operation: extract_matrix_features
2026-01-11 00:54:17,573 - src.utils.matrix_operations - INFO - ℹ️ ✅ Unified Matrix Operations module initialized
2026-01-11 00:54:17,574 - src.utils.matrix_operations - INFO - ℹ️ 📦 Version: 1.0.0
2026-01-11 00:54:17,574 - src.utils.matrix_operations - INFO - ℹ️ 🔧 Features: VectorBT optimizations, GPU acceleration, memory optimization, vectorized processing, batch operations
2026-01-11 00:54:17,574 - src.utils.matrix_operations - INFO - ℹ️ 🍎 Optimized for: Apple Silicon M1/M2/M3 Macs
2026-01-11 00:54:17,574 - src.utils.matrix_operations - INFO - ℹ️ 🚀 VectorBT optimizations enabled - expect 2-10x performance improvements
2026-01-11 00:54:17,575 - src.utils.matrix_operations - INFO - ℹ️ 🎯 VectorBTRollingOptimizer available - enhanced rolling operations
2026-01-11 00:54:17,575 - src.utils.matrix_operations - INFO - ℹ️ ⚡ UnifiedVectorizationManager available - unified vectorization operations
2026-01-11 00:54:17,579 - System.ComplementaryLookbackOptimizer - INFO - ℹ️ ✅ Detected VectorBT v0.28.1
2026-01-11 00:54:17,597 - src.feature_generation.utils.feature_generation_optimization - INFO - ℹ️ ✅ VectorBT available for feature optimization
2026-01-11 00:54:17,639 - src.feature_generation.core.feature_registry.FeatureRegistry - INFO - ℹ️ FeatureRegistry initialized
[2026-01-11 00:54:17.640] 🔧 Initializing AutoOptimizationConfig...
2026-01-11 00:54:17,640 - System.tprint - INFO - ℹ️ 🔧 Initializing AutoOptimizationConfig...
[2026-01-11 00:54:17.640] 📝 Setting up conservative optimization settings...
2026-01-11 00:54:17,640 - System.tprint - INFO - ℹ️ 📝 Setting up conservative optimization settings...
[2026-01-11 00:54:17.640] ✅ Conservative settings configured
2026-01-11 00:54:17,641 - System.tprint - INFO - ℹ️ ✅ Conservative settings configured
[2026-01-11 00:54:17.641] 📝 Setting up balanced optimization settings...
2026-01-11 00:54:17,641 - System.tprint - INFO - ℹ️ 📝 Setting up balanced optimization settings...
[2026-01-11 00:54:17.641] ✅ Balanced settings configured
2026-01-11 00:54:17,641 - System.tprint - INFO - ℹ️ ✅ Balanced settings configured
[2026-01-11 00:54:17.641] 📝 Setting up aggressive optimization settings...
2026-01-11 00:54:17,641 - System.tprint - INFO - ℹ️ 📝 Setting up aggressive optimization settings...
[2026-01-11 00:54:17.641] ✅ Aggressive settings configured
2026-01-11 00:54:17,642 - System.tprint - INFO - ℹ️ ✅ Aggressive settings configured
[2026-01-11 00:54:17.642] 🎯 AutoOptimizationConfig initialized with balanced strategy
2026-01-11 00:54:17,642 - System.tprint - INFO - ℹ️ 🎯 AutoOptimizationConfig initialized with balanced strategy
[2026-01-11 00:54:17.642] ✅ Auto-optimization enabled for FeatureBank (default)
2026-01-11 00:54:17,642 - System.tprint - INFO - ℹ️ ✅ Auto-optimization enabled for FeatureBank (default)
2026-01-11 00:54:17,642 - src.feature_generation.utils.memory_pool_optimizer.MemoryPoolOptimizer - INFO - ℹ️ Memory pool optimizer initialized
2026-01-11 00:54:17,643 - src.utils.hardware.m1_memory_optimizer.M1MemoryOptimizer - INFO - ℹ️ 🧠 Memory limit set to 8.0 GB (8589934592.0 bytes)
2026-01-11 00:54:17,722 - src.utils.hardware.m1_memory_optimizer.M1MemoryOptimizer - INFO - ℹ️ 🧠 M1 Memory Optimizer initialized for M1
2026-01-11 00:54:17,724 - src.utils.hardware.unified_hardware_manager.UnifiedHardwareManager - INFO - ℹ️ 🔧 Unified Hardware Manager initialized
2026-01-11 00:54:17,725 - src.utils.hardware.unified_hardware_manager.HardwarePerformanceMonitor - INFO - ℹ️ 🔍 Hardware performance monitoring started
2026-01-11 00:54:18,648 - src.utils.hardware.m1_memory_optimizer.M1MemoryOptimizer - INFO - ℹ️ 🧠 M1 memory monitoring started
2026-01-11 00:54:18,649 - src.utils.hardware.unified_hardware_manager.UnifiedHardwareManager - INFO - ℹ️ ✅ Unified Hardware Manager fully initialized
2026-01-11 00:54:18,650 - src.utils.hardware.unified_hardware_manager.UnifiedHardwareManager - INFO - ℹ️ 🎯 Optimizing for feature_engineering workload (balanced)
2026-01-11 00:54:18,653 - src.utils.hardware.m1_memory_optimizer.M1MemoryOptimizer - INFO - ℹ️ 🧹 Moderate cleanup: 14 objects collected
2026-01-11 00:54:18,662 - src.utils.ml_common.hardware_singleton - INFO - ℹ️ 🔍 Detecting hardware capabilities (one-time detection)...
2026-01-11 00:54:18,663 - src.utils.ml_common.hardware_singleton - INFO - ℹ️ ✅ Hardware detection complete: {'cpu_cores': 8, 'gpu_available': True, 'gpu_type': 'mps', 'memory_gb': 16.0, 'mps_available': True, 'gpu_memory_gb': None}
[2026-01-11 00:54:18.663] 🚀 Initializing Unified Vectorization Manager...
2026-01-11 00:54:18,663 - System.tprint - INFO - ℹ️ 🚀 Initializing Unified Vectorization Manager...
[2026-01-11 00:54:18.665] 🔄 Initializing optimization components...
2026-01-11 00:54:18,665 - System.tprint - INFO - ℹ️ 🔄 Initializing optimization components...
[2026-01-11 00:54:18.665] 🔄 Initializing optimization components...
2026-01-11 00:54:18,665 - System.tprint - INFO - ℹ️ 🔄 Initializing optimization components...
[2026-01-11 00:54:18.665] 🔄 Loading VectorBTRollingOptimizer...
2026-01-11 00:54:18,665 - System.tprint - INFO - ℹ️ 🔄 Loading VectorBTRollingOptimizer...
[2026-01-11 00:54:18.665] ✅ VectorBTRollingOptimizer loaded
2026-01-11 00:54:18,665 - System.tprint - INFO - ℹ️ ✅ VectorBTRollingOptimizer loaded
[2026-01-11 00:54:18.665] 🔄 Loading vectorized backtesting...
2026-01-11 00:54:18,666 - System.tprint - INFO - ℹ️ 🔄 Loading vectorized backtesting...
2026-01-11 00:54:18,680 - System.VectorizedBacktestingEngine - INFO - ℹ️ ✅ Vectorized Backtesting Engine initialized successfully
[2026-01-11 00:54:18.680] ✅ Vectorized backtesting loaded
2026-01-11 00:54:18,680 - System.tprint - INFO - ℹ️ ✅ Vectorized backtesting loaded
[2026-01-11 00:54:18.680] 🔄 Loading VectorBT backtesting engine...
2026-01-11 00:54:18,680 - System.tprint - INFO - ℹ️ 🔄 Loading VectorBT backtesting engine...
2026-01-11 00:54:18,683 - System.VectorBTBacktestingEngine - INFO - ℹ️ ✅ VectorBT Backtesting Engine initialized successfully
[2026-01-11 00:54:18.684] ✅ VectorBT backtesting engine loaded
2026-01-11 00:54:18,685 - System.tprint - INFO - ℹ️ ✅ VectorBT backtesting engine loaded
[2026-01-11 00:54:18.684] 🔄 Loading VectorBT financial metrics...
2026-01-11 00:54:18,685 - System.tprint - INFO - ℹ️ 🔄 Loading VectorBT financial metrics...
2026-01-11 00:54:18,688 - src.utils.ml_common.vectorbt_financial_metrics - INFO - ℹ️ ✅ VectorBT Financial Metrics initialized
2026-01-11 00:54:18,689 - src.utils.ml_common.vectorbt_financial_metrics - INFO - ℹ️ 📊 Risk-free rate: 2.00%
2026-01-11 00:54:18,689 - src.utils.ml_common.vectorbt_financial_metrics - INFO - ℹ️ 📊 Annualization factor: 252
2026-01-11 00:54:18,689 - src.utils.ml_common.vectorbt_financial_metrics - INFO - ℹ️ 📊 Regime analysis: True
[2026-01-11 00:54:18.689] ✅ VectorBT financial metrics loaded
2026-01-11 00:54:18,689 - System.tprint - INFO - ℹ️ ✅ VectorBT financial metrics loaded
[2026-01-11 00:54:18.689] 🔄 Loading VectorBT portfolio optimization...
2026-01-11 00:54:18,689 - System.tprint - INFO - ℹ️ 🔄 Loading VectorBT portfolio optimization...
2026-01-11 00:54:18,705 - src.utils.ml_common.vectorbt_memory_manager.VectorBTMemoryManager - INFO - ℹ️ ✅ VectorBT Memory Manager initialized
2026-01-11 00:54:18,706 - src.utils.ml_common.vectorbt_memory_manager.VectorBTMemoryManager - INFO - ℹ️ 📊 Total system memory: 16.00GB
2026-01-11 00:54:18,706 - src.utils.ml_common.vectorbt_memory_manager.VectorBTMemoryManager - INFO - ℹ️ 📊 Available memory: 2.77GB
2026-01-11 00:54:18,706 - src.utils.ml_common.vectorbt_memory_manager.VectorBTMemoryManager - INFO - ℹ️ 📊 Max allocated memory: 8.00GB
2026-01-11 00:54:18,706 - src.utils.ml_common.vectorbt_performance_monitor.VectorBTPerformanceMonitor - INFO - ℹ️ ✅ VectorBT Performance Monitor initialized
2026-01-11 00:54:18,708 - src.utils.ml_common.vectorbt_performance_monitor.VectorBTPerformanceMonitor - INFO - ℹ️ 📊 Monitoring enabled: timing=True, memory=True, gpu=True
2026-01-11 00:54:18,708 - src.utils.ml_common.vectorbt_portfolio_optimization - INFO - ℹ️ ✅ VectorBT Portfolio Optimizer initialized
2026-01-11 00:54:18,709 - src.utils.ml_common.vectorbt_portfolio_optimization - INFO - ℹ️ 📊 Method: mean_variance
2026-01-11 00:54:18,709 - src.utils.ml_common.vectorbt_portfolio_optimization - INFO - ℹ️ 📊 Rebalancing: monthly
2026-01-11 00:54:18,709 - src.utils.ml_common.vectorbt_portfolio_optimization - INFO - ℹ️ 📊 Risk aversion: 1.0
2026-01-11 00:54:18,709 - src.utils.ml_common.vectorbt_portfolio_optimization - INFO - ℹ️ 📊 Memory manager: 2.77GB available
[2026-01-11 00:54:18.709] ✅ VectorBT portfolio optimization loaded
2026-01-11 00:54:18,709 - System.tprint - INFO - ℹ️ ✅ VectorBT portfolio optimization loaded
[2026-01-11 00:54:18.709] 🔄 Loading matrix cross-validation...
2026-01-11 00:54:18,709 - System.tprint - INFO - ℹ️ 🔄 Loading matrix cross-validation...
2026-01-11 00:54:18,712 - src.utils.hardware.m1_memory_optimizer - INFO - ℹ️ 🧠 M1 Memory Optimizer initialized for M1
2026-01-11 00:54:18,750 - src.utils.hardware.m1_memory_optimizer.M1MemoryOptimizer - INFO - ℹ️ 🧠 M1 Memory Optimizer initialized for M1
2026-01-11 00:54:19,328 - src.utils.hardware.unified_hardware_manager.HardwarePerformanceMonitor - WARNING - ⚠️ 🚨 ALERT: cpu_usage (98.9) exceeds threshold (85.0)
2026-01-11 00:54:20,095 - src.feature_generation.core.vectorbt_batch_processor - INFO - ℹ️ VectorBTBatchProcessor initialized: VectorBT=True, GPU=False, Parallel=True
2026-01-11 00:54:20,098 - src.feature_generation.utils.unified_vectorization_manager - INFO - ℹ️ UnifiedVectorizationManager initialized: VectorBT=True, GPU=False, Memory=True
2026-01-11 00:54:20,099 - src.utils.matrix_operations.unified_operations.UnifiedMatrixOperations - INFO - ℹ️ 📊 GPU: False, Memory Opt: False, Parallel: False
2026-01-11 00:54:20,100 - src.utils.ml_common.matrix_cross_validation - INFO - ℹ️ 🚀 VectorBT configured for cross-validation optimization
2026-01-11 00:54:20,100 - src.utils.ml_common.matrix_cross_validation - INFO - ℹ️ ✅ Matrix-based cross-validator initialized
2026-01-11 00:54:20,101 - src.utils.ml_common.matrix_cross_validation - INFO - ℹ️ 📊 Configuration - Splits: 5, GPU: True, VectorBT: True
[2026-01-11 00:54:20.103] ✅ Matrix cross-validation loaded
2026-01-11 00:54:20,104 - System.tprint - INFO - ℹ️ ✅ Matrix cross-validation loaded
[2026-01-11 00:54:20.103] 🔄 Loading feature importance analyzer...
2026-01-11 00:54:20,104 - System.tprint - INFO - ℹ️ 🔄 Loading feature importance analyzer...
2026-01-11 00:54:20,128 - src.utils.ml_common.utils.memory_integration - INFO - ℹ️ 🔗 Integrating memory skimming with all ML utilities
2026-01-11 00:54:20,128 - src.utils.ml_common.utils.memory_integration - INFO - ℹ️ ✅ Successfully imported HPO utilities (direct import)
2026-01-11 00:54:20,128 - src.utils.ml_common.utils.memory_integration - INFO - ℹ️ ✅ Memory skimming integrated with HPO utilities
2026-01-11 00:54:20,128 - src.utils.ml_common.utils.memory_integration - INFO - ℹ️ ✅ Successfully imported Unified CV utilities
2026-01-11 00:54:20,128 - src.utils.ml_common.utils.memory_integration - INFO - ℹ️ ✅ Memory skimming integrated with Unified CV utilities
2026-01-11 00:54:20,130 - src.utils.ml_common.utils.memory_integration - INFO - ℹ️ ✅ Memory skimming integrated with lookahead protection utilities
2026-01-11 00:54:20,130 - src.utils.ml_common.utils.memory_integration - INFO - ℹ️ Skipping model evaluation memory integration (deprecated)
2026-01-11 00:54:20,130 - src.utils.ml_common.utils.memory_integration - INFO - ℹ️ ✅ Successfully imported feature selection utilities
2026-01-11 00:54:20,130 - src.utils.ml_common.utils.memory_integration - INFO - ℹ️ ✅ Memory skimming integrated with feature selection utilities
2026-01-11 00:54:20,136 - src.utils.ml_common.utils.memory_integration - INFO - ℹ️ ✅ Successfully imported data quality utilities
2026-01-11 00:54:20,136 - src.utils.ml_common.utils.memory_integration - INFO - ℹ️ ✅ Memory skimming integrated with data quality utilities
2026-01-11 00:54:20,136 - src.utils.ml_common.utils.memory_integration - INFO - ℹ️ ✅ Memory skimming integration completed: 6/6 successful
[2026-01-11 00:54:20.137] ✅ Custom logger available for MLCommon.ThreadGuard
2026-01-11 00:54:20,137 - System.tprint - INFO - ℹ️ ✅ Custom logger available for MLCommon.ThreadGuard
[2026-01-11 00:54:20.137] ✅ threadpoolctl available for thread management
2026-01-11 00:54:20,137 - System.tprint - INFO - ℹ️ ✅ threadpoolctl available for thread management
[2026-01-11 00:54:20.139] ✅ Custom logger available for MLCommon.BaseSafeguards
2026-01-11 00:54:20,139 - System.tprint - INFO - ℹ️ ✅ Custom logger available for MLCommon.BaseSafeguards
[2026-01-11 00:54:20.142] ✅ Scikit-learn available for thresholding functionality
2026-01-11 00:54:20,142 - System.tprint - INFO - ℹ️ ✅ Scikit-learn available for thresholding functionality
[2026-01-11 00:54:20.142] ✅ Custom logger available for FeatureSelection.BaseFramework
2026-01-11 00:54:20,143 - System.tprint - INFO - ℹ️ ✅ Custom logger available for FeatureSelection.BaseFramework
[2026-01-11 00:54:20.143] ✅ Custom logger available for FeatureSelection.DataValidation
2026-01-11 00:54:20,143 - System.tprint - INFO - ℹ️ ✅ Custom logger available for FeatureSelection.DataValidation
[2026-01-11 00:54:20.144] ✅ Vectorization utilities available for feature selection
2026-01-11 00:54:20,144 - System.tprint - INFO - ℹ️ ✅ Vectorization utilities available for feature selection
[2026-01-11 00:54:20.144] ✅ Custom logger available for FeatureSelection.SelectionMethods
2026-01-11 00:54:20,145 - System.tprint - INFO - ℹ️ ✅ Custom logger available for FeatureSelection.SelectionMethods
[2026-01-11 00:54:20.195] ✅ Custom logger available for FeatureSelection.StabilityAnalysis
2026-01-11 00:54:20,195 - System.tprint - INFO - ℹ️ ✅ Custom logger available for FeatureSelection.StabilityAnalysis
[2026-01-11 00:54:20.197] ✅ Custom logger available for FeatureSelection.PerformanceMonitoring
2026-01-11 00:54:20,197 - System.tprint - INFO - ℹ️ ✅ Custom logger available for FeatureSelection.PerformanceMonitoring
[2026-01-11 00:54:20.197] ✅ Custom logger available for FeatureSelection.QualityMetrics
2026-01-11 00:54:20,198 - System.tprint - INFO - ℹ️ ✅ Custom logger available for FeatureSelection.QualityMetrics
[2026-01-11 00:54:20.198] ✅ Custom logger available for FeatureSelection.TemporalAnalysis
2026-01-11 00:54:20,198 - System.tprint - INFO - ℹ️ ✅ Custom logger available for FeatureSelection.TemporalAnalysis
[2026-01-11 00:54:20.198] ✅ Custom logger available for FeatureSelection.CausalAnalysis
2026-01-11 00:54:20,199 - System.tprint - INFO - ℹ️ ✅ Custom logger available for FeatureSelection.CausalAnalysis
[2026-01-11 00:54:20.202] ✅ Custom logger available for FeatureSelection.MainFramework
2026-01-11 00:54:20,202 - System.tprint - INFO - ℹ️ ✅ Custom logger available for FeatureSelection.MainFramework
[2026-01-11 00:54:20.243] 🔍 FeatureImportanceAnalyzer initialized with methods: ['random_forest', 'lasso', 'mutual_info']
2026-01-11 00:54:20,243 - System.tprint - INFO - ℹ️ 🔍 FeatureImportanceAnalyzer initialized with methods: ['random_forest', 'lasso', 'mutual_info']
[2026-01-11 00:54:20.243] ✅ Feature importance analyzer loaded
2026-01-11 00:54:20,244 - System.tprint - INFO - ℹ️ ✅ Feature importance analyzer loaded
[2026-01-11 00:54:20.243] 🔄 Loading technical indicators...
2026-01-11 00:54:20,244 - System.tprint - INFO - ℹ️ 🔄 Loading technical indicators...
2026-01-11 00:54:20,245 - src.feature_generation.utils.feature_generators - INFO - ℹ️ ✅ TA-Lib available for enhanced technical indicators
2026-01-11 00:54:20,245 - src.feature_generation.utils.feature_generators - INFO - ℹ️ Using fallback implementations for feature selection tools
2026-01-11 00:54:20,275 - src.utils.hardware.m1_memory_optimizer.M1MemoryOptimizer - INFO - ℹ️ 🧠 M1 Memory Optimizer initialized for M1
2026-01-11 00:54:20,275 - src.feature_generation.utils.feature_generators.FeatureGenerators - INFO - ℹ️ ✅ Hardware optimization initialized
2026-01-11 00:54:20,275 - src.feature_generation.utils.feature_generators.FeatureGenerators - INFO - ℹ️ ✅ Matrix operations available for vectorization
[2026-01-11 00:54:20.275] ✅ Technical indicators loaded
2026-01-11 00:54:20,276 - System.tprint - INFO - ℹ️ ✅ Technical indicators loaded
[2026-01-11 00:54:20.275] ℹ️ HMM operations deprecated - using alternative methods
2026-01-11 00:54:20,276 - System.tprint - INFO - ℹ️ HMM operations deprecated - using alternative methods
[2026-01-11 00:54:20.275] ✅ Component initialization completed
2026-01-11 00:54:20,276 - System.tprint - INFO - ℹ️ ✅ Component initialization completed
[2026-01-11 00:54:20.275] 🔄 Setting up performance tracking...
2026-01-11 00:54:20,276 - System.tprint - INFO - ℹ️ 🔄 Setting up performance tracking...
[2026-01-11 00:54:20.275] ✅ Unified Vectorization Manager initialized
2026-01-11 00:54:20,276 - System.tprint - INFO - ℹ️ ✅ Unified Vectorization Manager initialized
2026-01-11 00:54:20,276 - src.utils.ml_common.unified_vectorization_manager - INFO - ℹ️ ✅ Unified Vectorization Manager initialized
2026-01-11 00:54:20,277 - src.feature_generation.utils.feature_generation_optimization.FeatureGenerationOptimizer - INFO - ℹ️ 🚀 Initializing FeatureGenerationOptimizer...
2026-01-11 00:54:20,277 - src.feature_generation.utils.feature_generation_optimization.FeatureGenerationOptimizer - INFO - ℹ️ 📊 Configuration loaded: cross_validation
2026-01-11 00:54:20,277 - src.feature_generation.utils.feature_generation_optimization.FeatureGenerationOptimizer - INFO - ℹ️ ✅ FeatureGenerationOptimizer initialized in 0.000s
2026-01-11 00:54:20,277 - src.feature_generation.utils.feature_generation_optimization.FeatureGenerationOptimizer - INFO - ℹ️ 📊 Min lookback: 5, Max lookback: 252
2026-01-11 00:54:20,277 - src.feature_generation.utils.feature_generation_optimization.FeatureGenerationOptimizer - INFO - ℹ️ 📊 CV folds: 3, Parallel processing: True
2026-01-11 00:54:20,277 - src.utils.parallel_processing_optimizer - INFO - ℹ️ 🍎 Detected Apple Silicon - applying M1-specific limits
2026-01-11 00:54:20,278 - src.utils.parallel_processing_optimizer - INFO - ℹ️ 🔧 Initialized MacM1ParallelOptimizer:
2026-01-11 00:54:20,278 - src.utils.parallel_processing_optimizer - INFO - ℹ️    Max workers: 4
2026-01-11 00:54:20,278 - src.utils.parallel_processing_optimizer - INFO - ℹ️    Chunk size: 1000
2026-01-11 00:54:20,278 - src.utils.parallel_processing_optimizer - INFO - ℹ️    Pool type: Process
2026-01-11 00:54:20,278 - src.utils.parallel_processing_optimizer - INFO - ℹ️    Memory limit per worker: 4096 MB
2026-01-11 00:54:20,278 - src.utils.parallel_processing_optimizer - INFO - ℹ️    M1 Mac detected: True
2026-01-11 00:54:20,278 - src.feature_generation.utils.optimization.lookback_optimizer.LookbackOptimizer - INFO - ℹ️ ✅ Legacy optimization system available
2026-01-11 00:54:20,278 - src.feature_generation.utils.optimization.lookback_optimizer.LookbackOptimizer - INFO - ℹ️ ✅ LookbackOptimizer initialized
2026-01-11 00:54:20,278 - src.feature_generation.core.feature_bank.FeatureBank - INFO - ℹ️ ✅ Regular lookback optimization enabled (Analyst mode)
[2026-01-11 00:54:20.278] ✅ FeatureBank set as global instance
2026-01-11 00:54:20,278 - System.tprint - INFO - ℹ️ ✅ FeatureBank set as global instance
[2026-01-11 00:54:20.278] 🔧 Auto-registering feature generators...
2026-01-11 00:54:20,279 - System.tprint - INFO - ℹ️ 🔧 Auto-registering feature generators...
[2026-01-11 00:54:20.278] 🔧 Configuring lazy loading for feature generators...
2026-01-11 00:54:20,279 - System.tprint - INFO - ℹ️ 🔧 Configuring lazy loading for feature generators...
[2026-01-11 00:54:20.278] ✅ Registered lazy loaders for 16 categories. Generators will be created on demand.
2026-01-11 00:54:20,279 - System.tprint - INFO - ℹ️ ✅ Registered lazy loaders for 16 categories. Generators will be created on demand.
2026-01-11 00:54:20,279 - src.feature_generation.core.feature_bank.FeatureBank - INFO - ℹ️ ✅ FeatureBank initialized
2026-01-11 00:54:20,280 - src.feature_generation.core.feature_bank.FeatureBank - INFO - ℹ️ 📊 Matrix ops: True, GPU: True, Lookback opt: True
2026-01-11 00:54:20,280 - src.feature_generation - INFO - ℹ️ ✅ Unified Feature Generation System initialized
2026-01-11 00:54:20,280 - src.feature_generation - INFO - ℹ️ 📦 Version: 2.0.0
2026-01-11 00:54:20,280 - src.feature_generation - INFO - ℹ️ 🔧 Features: Category-based organization, advanced utilities, optimization
2026-01-11 00:54:20,280 - src.feature_generation - INFO - ℹ️ 🍎 Optimized for: Apple Silicon M1/M2/M3 Macs
2026-01-11 00:54:20,280 - src.feature_generation - INFO - ℹ️ 🚀 Advanced utilities available (optimization, analysis, etc.)
2026-01-11 00:54:20,280 - src.feature_generation - INFO - ℹ️ ⚡ VectorBT optimizations available (advanced volatility, volume, batch processing)
2026-01-11 00:54:20,281 - MLCommon.HPOUtils - INFO - ℹ️ ✅ VectorBT optimization available
2026-01-11 00:54:20,281 - MLCommon.HPOUtils - INFO - ℹ️ 🚀 Initializing Enhanced HyperparameterOptimization...
2026-01-11 00:54:20,281 - MLCommon.HPOUtils.HPOUtils - INFO - ℹ️ ✅ VectorBT Rolling Optimizer initialized
2026-01-11 00:54:20,281 - MLCommon.HPOUtils.HPOUtils - INFO - ℹ️ ✅ Unified Vectorization Manager initialized
2026-01-11 00:54:20,281 - MLCommon.HPOUtils - INFO - ℹ️ ⚙️ Configuration - Parallel processing: True
2026-01-11 00:54:20,281 - MLCommon.HPOUtils - INFO - ℹ️ ⚙️ Configuration - Max workers: 4
2026-01-11 00:54:20,281 - MLCommon.HPOUtils - INFO - ℹ️ ⚙️ Configuration - Monitoring enabled: True
2026-01-11 00:54:20,281 - MLCommon.HPOUtils - INFO - ℹ️ 🚀 Configuration - Non-linear optimization: True
2026-01-11 00:54:20,282 - MLCommon.HPOUtils - INFO - ℹ️ ✅ Enhanced HyperparameterOptimization initialized successfully
2026-01-11 00:54:20,303 - DataCleaner - INFO - ℹ️ Using klines-specific gap thresholds: {<GapType.SMALL: 'small'>: 65, <GapType.MEDIUM: 'medium'>: 300, <GapType.LARGE: 'large'>: 1800, <GapType.CRITICAL: 'critical'>: 3600}
2026-01-11 00:54:20,303 - System.UnifiedDataUtils - INFO - ℹ️ 🚀 Unified Data Utils initialized
2026-01-11 00:54:20,309 - System.EvaluationUtils - INFO - ℹ️ EvaluationUtils delegating core metric computation to unified_evaluator
2026-01-11 00:54:20,313 - src.utils.ml_common.validation.data_leakage_prevention - INFO - ℹ️ 🔒 Data Leakage Prevention initialized with CRITICAL financial thresholds:
2026-01-11 00:54:20,313 - src.utils.ml_common.validation.data_leakage_prevention - INFO - ℹ️    • Critical leakage threshold: 5.0% (was 25%)
2026-01-11 00:54:20,313 - src.utils.ml_common.validation.data_leakage_prevention - INFO - ℹ️    • Warning leakage threshold: 2.0% (was 10%)
2026-01-11 00:54:20,313 - src.utils.ml_common.validation.data_leakage_prevention - INFO - ℹ️    • Small dataset multiplier: 1.0 (was 1.5)
2026-01-11 00:54:20,313 - src.utils.ml_common.validation.data_leakage_prevention - INFO - ℹ️    • These strict thresholds are ESSENTIAL for financial data integrity
2026-01-11 00:54:20,313 - src.utils.ml_common.validation.data_leakage_prevention - INFO - ℹ️    • Even 1-2% leakage can invalidate backtesting results
2026-01-11 00:54:20,313 - src.utils.ml_common.validation.data_leakage_prevention - INFO - ℹ️    • High model scores (>96%) often indicate undetected temporal leakage
2026-01-11 00:54:20,315 - src.utils.ml_common.validation.overfitting_monitoring - INFO - ℹ️ ✅ Overfitting Monitoring initialized
2026-01-11 00:54:20,319 - src.utils.ml_common.validation.hpo_overfitting_prevention - INFO - ℹ️ ✅ HPO with Overfitting Prevention initialized
2026-01-11 00:54:20,322 - src.utils.ml_common.validation.model_complexity_analysis - INFO - ℹ️ ✅ Model Complexity Analyzer initialized
2026-01-11 00:54:20,328 - EnhancedReportingSystem.EnhancedReportingSystem - INFO - ℹ️ 📊 Enhanced Reporting System initialized
2026-01-11 00:54:20,328 - src.utils.ml_common.reporting.validation_reporting_integration - INFO - ℹ️ ✅ Validation Reporting Integrator initialized
2026-01-11 00:54:20,329 - src.utils.ml_common.validation.data_leakage_prevention - INFO - ℹ️ 🔒 Data Leakage Prevention initialized with CRITICAL financial thresholds:
2026-01-11 00:54:20,330 - src.utils.ml_common.validation.data_leakage_prevention - INFO - ℹ️    • Critical leakage threshold: 5.0% (was 25%)
2026-01-11 00:54:20,330 - src.utils.ml_common.validation.data_leakage_prevention - INFO - ℹ️    • Warning leakage threshold: 2.0% (was 10%)
2026-01-11 00:54:20,330 - src.utils.ml_common.validation.data_leakage_prevention - INFO - ℹ️    • Small dataset multiplier: 1.0 (was 1.5)
2026-01-11 00:54:20,330 - src.utils.ml_common.validation.data_leakage_prevention - INFO - ℹ️    • These strict thresholds are ESSENTIAL for financial data integrity
2026-01-11 00:54:20,330 - src.utils.ml_common.validation.data_leakage_prevention - INFO - ℹ️    • Even 1-2% leakage can invalidate backtesting results
2026-01-11 00:54:20,330 - src.utils.ml_common.validation.data_leakage_prevention - INFO - ℹ️    • High model scores (>96%) often indicate undetected temporal leakage
2026-01-11 00:54:20,330 - src.utils.ml_common.validation.overfitting_monitoring - INFO - ℹ️ ✅ Overfitting Monitoring initialized
2026-01-11 00:54:20,330 - src.utils.ml_common.validation.enhanced_validation - INFO - ℹ️ ✅ Enhanced Validation initialized
2026-01-11 00:54:20,331 - src.utils.ml_common.validation.hpo_overfitting_prevention - INFO - ℹ️ ✅ HPO with Overfitting Prevention initialized
2026-01-11 00:54:20,331 - src.utils.ml_common.validation.model_complexity_analysis - INFO - ℹ️ ✅ Model Complexity Analyzer initialized
2026-01-11 00:54:20,331 - src.utils.ml_common.training.universal_validation_integration - INFO - ℹ️ ✅ Universal Validation Integrator initialized with new utilities
2026-01-11 00:54:20,370 - System.sr_clustering - INFO - ℹ️ Initializing SR Clustering module
2026-01-11 00:54:20,372 - System.sr_clustering - INFO - ℹ️ ✅ Successfully imported SRBacktestingEngine components
2026-01-11 00:54:20,373 - System.sr_clustering - INFO - ℹ️ ✅ Successfully imported BacktestingEnhancedClustering components
2026-01-11 00:54:20,375 - System.sr_clustering - INFO - ℹ️ ✅ Successfully imported WeightOptimizationEngine components
2026-01-11 00:54:20,376 - System.sr_clustering - INFO - ℹ️ ✅ Successfully imported PredictiveSREngine components
2026-01-11 00:54:20,378 - System.sr_clustering - INFO - ℹ️ ✅ Successfully imported TradingMLIntegration components
2026-01-11 00:54:20,378 - System.sr_clustering - INFO - ℹ️ 🎉 SR Clustering module initialization completed successfully
2026-01-11 00:54:20,509 - root - INFO - ℹ️ ✅ VectorBT compatibility layer loaded successfully
2026-01-11 00:54:20,519 - sr_error_handlers - INFO - ℹ️ SR Error Handlers module initialized
2026-01-11 00:54:26,556 - src.utils.hardware.m1_memory_optimizer.M1MemoryOptimizer - INFO - ℹ️ 🧹 Moderate cleanup: 20105 objects collected
2026-01-11 00:54:31,855 - src.utils.hardware.m1_memory_optimizer.M1MemoryOptimizer - INFO - ℹ️ 🧹 Moderate cleanup: 16 objects collected
2026-01-11 00:54:32,124 - DataQualityFramework - INFO - ℹ️ ✅ Comprehensive duplicate analyzer integrated
2026-01-11 00:54:32,125 - DataQualityFramework - INFO - ℹ️ 🔧 Unified Data Quality Framework initialized (singleton)
2026-01-11 00:54:32,129 - DataCleaner - INFO - ℹ️ Using klines-specific gap thresholds: {<GapType.SMALL: 'small'>: 65, <GapType.MEDIUM: 'medium'>: 300, <GapType.LARGE: 'large'>: 1800, <GapType.CRITICAL: 'critical'>: 3600}
2026-01-11 00:54:32,130 - DataCleaner - INFO - ℹ️ Using klines-specific gap thresholds: {<GapType.SMALL: 'small'>: 65, <GapType.MEDIUM: 'medium'>: 300, <GapType.LARGE: 'large'>: 1800, <GapType.CRITICAL: 'critical'>: 3600}
2026-01-11 00:54:32,130 - DataCleanerManager - INFO - ℹ️ 🔧 DataCleanerManager initialized (singleton)
2026-01-11 00:54:32,139 - System.AdvancedQualityMetrics - INFO - ℹ️ 📊 AdvancedQualityMetrics initialized with tolerant parameters
2026-01-11 00:54:32,146 - System.DataStreamingManager - INFO - ℹ️ 🚀 DataStreamingManager initialized (singleton): chunk_size=10000, memory_threshold=0.8
2026-01-11 00:54:32,148 - System.CrossStepValidator - INFO - ℹ️ 🔍 CrossStepValidator initialized with comprehensive consistency rules
2026-01-11 00:54:32,149 - DataCleaner - INFO - ℹ️ Using klines-specific gap thresholds: {<GapType.SMALL: 'small'>: 65, <GapType.MEDIUM: 'medium'>: 300, <GapType.LARGE: 'large'>: 1800, <GapType.CRITICAL: 'critical'>: 3600}
2026-01-11 00:54:32,149 - System.UnifiedDataUtils - INFO - ℹ️ 🚀 Unified Data Utils initialized
2026-01-11 00:54:32,193 - utils.hardware.m1_gpu_utils.M1GPUManager - INFO - ℹ️ M1 GPU Manager initialized - M1: True, Generation: m1, MPS: True
2026-01-11 00:54:32,224 - utils.hardware.m1_cpu_optimizer.M1CPUOptimizer - INFO - ℹ️ 🧠 M1 CPU Optimizer initialized for M1 (4P+4E cores)
2026-01-11 00:54:32,262 - utils.matrix_operations.enhanced_operations.CustomMatrixOperationsRegistry - INFO - ℹ️ 📝 Registered custom matrix operation: gpu_condition_number
2026-01-11 00:54:32,263 - utils.matrix_operations.enhanced_operations.CustomMatrixOperationsRegistry - INFO - ℹ️ 📝 Registered custom matrix operation: gpu_matrix_rank
2026-01-11 00:54:32,263 - utils.matrix_operations.enhanced_operations.CustomMatrixOperationsRegistry - INFO - ℹ️ 📝 Registered custom matrix operation: matrix_normalize
2026-01-11 00:54:32,263 - utils.matrix_operations.enhanced_operations.CustomMatrixOperationsRegistry - INFO - ℹ️ 📝 Registered custom matrix operation: extract_matrix_features
2026-01-11 00:54:32,268 - utils.matrix_operations - INFO - ℹ️ ✅ Unified Matrix Operations module initialized
2026-01-11 00:54:32,268 - utils.matrix_operations - INFO - ℹ️ 📦 Version: 1.0.0
2026-01-11 00:54:32,269 - utils.matrix_operations - INFO - ℹ️ 🔧 Features: VectorBT optimizations, GPU acceleration, memory optimization, vectorized processing, batch operations
2026-01-11 00:54:32,269 - utils.matrix_operations - INFO - ℹ️ 🍎 Optimized for: Apple Silicon M1/M2/M3 Macs
2026-01-11 00:54:32,269 - utils.matrix_operations - INFO - ℹ️ 🚀 VectorBT optimizations enabled - expect 2-10x performance improvements
2026-01-11 00:54:32,269 - utils.matrix_operations - INFO - ℹ️ 🎯 VectorBTRollingOptimizer available - enhanced rolling operations
2026-01-11 00:54:32,269 - utils.matrix_operations - INFO - ℹ️ ⚡ UnifiedVectorizationManager available - unified vectorization operations
2026-01-11 00:54:32,297 - src.config.regime_ensemble_training.config_manager.RegimeEnsembleTrainingConfigManager - INFO - ℹ️ RegimeEnsembleTrainingConfigManager initialisé
2026-01-11 00:54:32,298 - src.config.regime_ensemble_training.config_manager.RegimeEnsembleTrainingConfigManager - INFO - ℹ️ Répertoire config: /Users/remyroche/Documents/Ares/src/config/regime_ensemble_training
2026-01-11 00:54:32,298 - src.config.regime_ensemble_training.config_manager.RegimeEnsembleTrainingConfigManager - INFO - ℹ️ Config personnalisée: None
2026-01-11 00:54:32,298 - src.config.regime_ensemble_training.config_manager.RegimeEnsembleTrainingConfigManager - INFO - ℹ️ Fallback hardcodé: True
2026-01-11 00:54:32,298 - ares.registry - INFO - ℹ️ Registered step: regime_ensemble_training
[2026-01-11 00:54:32.298] ✅ Regime ensemble training step registered SUCCESS
2026-01-11 00:54:32,298 - System.tprint - INFO - ℹ️ ✅ Regime ensemble training step registered SUCCESS
2026-01-11 00:54:32,301 - ares.registry - INFO - ℹ️ Registered step: regime_feature_selection
✅ Mac M1 MPS GPU detected and enabled
2026-01-11 00:54:32,398 - src.training.steps.market_analysis.shared_utils.execution_mode_lookback_config - INFO - ℹ️ 🔧 Initializing Execution Mode Lookback Configuration
2026-01-11 00:54:32,398 - src.training.steps.market_analysis.shared_utils.execution_mode_lookback_config - INFO - ℹ️ ✅ Execution Mode Lookback Configuration initialized
2026-01-11 00:54:32,407 - ares.registry - INFO - ℹ️ Registered step: feature_generation_data_validation_step
[2026-01-11 00:54:32.407] ✅ Feature generation data validation step registered SUCCESS
2026-01-11 00:54:32,407 - System.tprint - INFO - ℹ️ ✅ Feature generation data validation step registered SUCCESS
[2026-01-11 00:54:32.407] 🔧 Loading labeling components...
2026-01-11 00:54:32,408 - System.tprint - INFO - ℹ️ 🔧 Loading labeling components...
✅ Using ORF-based Layer 3 implementation
2026-01-11 00:54:33,780 - ares.registry - INFO - ℹ️ Registered step: global_meta_labeling_hpo_sample_weighted
2026-01-11 00:54:33,792 - ares.registry - INFO - ℹ️ Registered step: meta_gated_backtest
[2026-01-11 00:54:33.792] ✅ Meta-gated backtest step registered SUCCESS
2026-01-11 00:54:33,792 - System.tprint - INFO - ℹ️ ✅ Meta-gated backtest step registered SUCCESS
2026-01-11 00:54:33,793 - ares.registry - INFO - ℹ️ Registered step: meta_labeling_hpo_sample_weighted
2026-01-11 00:54:33,793 - ares.registry - INFO - ℹ️ Registered step: meta_labeling_hpo
2026-01-11 00:54:33,793 - ares.registry - INFO - ℹ️ Registered step: meta_labeling_sample_weighted
2026-01-11 00:54:33,793 - ares.registry - INFO - ℹ️ Registered step: meta_labeling_hpo_experiment
2026-01-11 00:54:33,793 - ares.registry - INFO - ℹ️ Registered step: sr_labeling_xgb
2026-01-11 00:54:33,793 - ares.registry - INFO - ℹ️ Registered step: global_meta_labeling_hpo_sample_weighted
2026-01-11 00:54:33,793 - ares.registry - INFO - ℹ️ Registered step: train_specialists_with_gmm
2026-01-11 00:54:33,793 - ares.registry - INFO - ℹ️ Registered step: label_based_layer_2
2026-01-11 00:54:33,919 - ares.registry - INFO - ℹ️ Registered step: sr_parameter_optimization
2026-01-11 00:54:33,919 - ares.registry - INFO - ℹ️ Registered step: regime_clustering
2026-01-11 00:54:33,919 - ares.registry - INFO - ℹ️ Registered step: regime_ensemble_training
2026-01-11 00:54:33,919 - ares.registry - INFO - ℹ️ Registered step: sr_clustering
2026-01-11 00:54:33,919 - ares.registry - INFO - ℹ️ Registered step: sr_detection
2026-01-11 00:54:33,919 - ares.registry - INFO - ℹ️ Registered step: regime_feature_selection
2026-01-11 00:54:33,919 - ares.registry - INFO - ℹ️ Registered step: sticky_finite_hmm_regime_discovery
2026-01-11 00:54:33,919 - ares.registry - INFO - ℹ️ Registered step: enhanced_ml_momentum_persistence_step
2026-01-11 00:54:33,919 - ares.registry - INFO - ℹ️ Registered step: enhanced_ml_smc_regime_step
2026-01-11 00:54:33,919 - ares.registry - INFO - ℹ️ Registered step: enhanced_ml_volatility_burst_step
2026-01-11 00:54:33,920 - ares.registry - INFO - ℹ️ Registered step: enhanced_ml_volume_force_step
2026-01-11 00:54:33,920 - ares.registry - INFO - ℹ️ Registered step: enhanced_ml_reversion_regime_step
2026-01-11 00:54:33,920 - ares.registry - INFO - ℹ️ Registered step: enhanced_xgb_macro_regime_step
2026-01-11 00:54:33,920 - ares.registry - INFO - ℹ️ Registered step: enhanced_ml_liquidity_regime_step
2026-01-11 00:54:33,920 - ares.registry - INFO - ℹ️ Registered step: enhanced_ml_path_regime_step
2026-01-11 00:54:33,920 - ares.registry - INFO - ℹ️ Registered step: enhanced_ml_risk_regime_step
2026-01-11 00:54:33,920 - ares.registry - INFO - ℹ️ Registered step: enhanced_xgb_meso_regime_step
2026-01-11 00:54:33,920 - ares.registry - INFO - ℹ️ Registered step: enhanced_ml_microstructure_step
2026-01-11 00:54:33,920 - ares.registry - INFO - ℹ️ Registered step: enhanced_ml_candlestick_step
2026-01-11 00:54:33,920 - ares.registry - INFO - ℹ️ Registered step: enhanced_ml_spectral_step
2026-01-11 00:54:33,920 - ares.registry - INFO - ℹ️ Registered step: gmm_based_features
2026-01-11 00:54:33,921 - ares.registry - INFO - ℹ️ Registered step: feature_generation_meta_labeling_step
2026-01-11 00:54:33,921 - ares.registry - INFO - ℹ️ Registered step: meta_labeling_hpo_experiment
[2026-01-11 00:54:33.923] ✅ Custom logger available for MLCommon.ModelTraining
2026-01-11 00:54:33,923 - System.tprint - INFO - ℹ️ ✅ Custom logger available for MLCommon.ModelTraining
[2026-01-11 00:54:33.927] ✅ ML Common utilities loaded successfully
2026-01-11 00:54:33,928 - System.tprint - INFO - ℹ️ ✅ ML Common utilities loaded successfully
2026-01-11 00:54:33,928 - System.CrossStepValidator - INFO - ℹ️ 🔍 CrossStepValidator initialized with comprehensive consistency rules
================================================================================
🚀 ENHANCED KLINES PROCESSING PIPELINE - MULTI-ASSET MODE
================================================================================

📊 Configuration:
   - Exchange: binance
   - Assets: LINKUSDT, SOLUSDT
   - Interval: 1m
   - Lookback: 3 years
   - Data Directory: historical_data
   - Gap Filling: ✅ Enabled (API + Binance Vision)
   - Resampling: ✅ Enabled

🔧 Initializing pipeline...
✅ Pipeline initialized

🔗 Connecting to BINANCE...
[2026-01-11 00:54:33.982] WARNING: ⚠️ ExchangeInterface unavailable; using existing/local data only
2026-01-11 00:54:33,982 - System.tprint - WARNING - ⚠️ ExchangeInterface unavailable; using existing/local data only


============================================================
📦 Processing Asset 1/2: LINKUSDT
============================================================
⏰ Start: 2026-01-11 00:54:33
DEBUG MULTI: resampling_config=ResamplingConfig(target_intervals=['5m', '15m', '30m', '1h'], method='ohlc', preserve_volume=True, validate_continuity=True, resample_older_than_days=0, enable_auto_resampling=True)
2026-01-11 00:54:37,792 - src.utils.hardware.m1_memory_optimizer.M1MemoryOptimizer - INFO - ℹ️ 🧹 Moderate cleanup: 84 objects collected
2026-01-11 00:54:38,753 - System.ParquetUtils - INFO - ℹ️ ✅ Read parquet: linkusdt_1m_2023_02.parquet -> (40320, 11)
2026-01-11 00:54:38,784 - System.DataProcessor - INFO - ℹ️ 🔧 Optimizing data types - Initial memory: 11.64 MB
2026-01-11 00:54:38,814 - System.DataProcessor - INFO - ℹ️ 🔧 Data type optimization complete:
2026-01-11 00:54:38,815 - System.DataProcessor - INFO - ℹ️    Initial memory: 11.64 MB
2026-01-11 00:54:38,815 - System.DataProcessor - INFO - ℹ️    Final memory: 1.58 MB
2026-01-11 00:54:38,815 - System.DataProcessor - INFO - ℹ️    Memory reduction: 86.5%
2026-01-11 00:54:38,852 - KlinesParquetManager - INFO - ℹ️ 💾 Saved 40320 records to linkusdt_1m_2023_02.parquet
2026-01-11 00:54:41,762 - System.ParquetUtils - INFO - ℹ️ ✅ Read parquet: linkusdt_1m_2023_03.parquet -> (44560, 11)
2026-01-11 00:54:41,793 - System.DataProcessor - INFO - ℹ️ 🔧 Optimizing data types - Initial memory: 12.87 MB
2026-01-11 00:54:42,006 - System.DataProcessor - INFO - ℹ️ 🔧 Data type optimization complete:
2026-01-11 00:54:42,018 - System.DataProcessor - INFO - ℹ️    Initial memory: 12.87 MB
2026-01-11 00:54:42,018 - System.DataProcessor - INFO - ℹ️    Final memory: 1.74 MB
2026-01-11 00:54:42,018 - System.DataProcessor - INFO - ℹ️    Memory reduction: 86.5%
2026-01-11 00:54:42,164 - KlinesParquetManager - INFO - ℹ️ 💾 Saved 44560 records to linkusdt_1m_2023_03.parquet
2026-01-11 00:54:43,291 - src.utils.hardware.m1_memory_optimizer.M1MemoryOptimizer - INFO - ℹ️ 🧹 Moderate cleanup: 36 objects collected
2026-01-11 00:54:47,385 - System.ParquetUtils - INFO - ℹ️ ✅ Read parquet: linkusdt_1m_2023_03.parquet -> (44560, 11)
2026-01-11 00:54:47,432 - System.DataProcessor - INFO - ℹ️ 🔧 Optimizing data types - Initial memory: 12.87 MB
2026-01-11 00:54:47,473 - System.DataProcessor - INFO - ℹ️ 🔧 Data type optimization complete:
2026-01-11 00:54:47,473 - System.DataProcessor - INFO - ℹ️    Initial memory: 12.87 MB
2026-01-11 00:54:47,473 - System.DataProcessor - INFO - ℹ️    Final memory: 1.74 MB
2026-01-11 00:54:47,474 - System.DataProcessor - INFO - ℹ️    Memory reduction: 86.5%
2026-01-11 00:54:47,525 - KlinesParquetManager - INFO - ℹ️ 💾 Saved 44560 records to linkusdt_1m_2023_03.parquet
2026-01-11 00:54:48,906 - src.utils.hardware.m1_memory_optimizer.M1MemoryOptimizer - INFO - ℹ️ 🧹 Moderate cleanup: 18 objects collected
2026-01-11 00:54:58,303 - System.ParquetUtils - INFO - ℹ️ ✅ Read parquet: linkusdt_1m_2023_04.parquet -> (43200, 11)
2026-01-11 00:54:58,337 - System.DataProcessor - INFO - ℹ️ 🔧 Optimizing data types - Initial memory: 12.36 MB
2026-01-11 00:54:58,366 - System.DataProcessor - INFO - ℹ️ 🔧 Data type optimization complete:
2026-01-11 00:54:58,366 - System.DataProcessor - INFO - ℹ️    Initial memory: 12.36 MB
2026-01-11 00:54:58,366 - System.DataProcessor - INFO - ℹ️    Final memory: 1.69 MB
2026-01-11 00:54:58,366 - System.DataProcessor - INFO - ℹ️    Memory reduction: 86.3%
2026-01-11 00:54:58,398 - KlinesParquetManager - INFO - ℹ️ 💾 Saved 43200 records to linkusdt_1m_2023_04.parquet
2026-01-11 00:55:00,939 - src.utils.hardware.m1_memory_optimizer.M1MemoryOptimizer - INFO - ℹ️ 🧹 Moderate cleanup: 18 objects collected
2026-01-11 00:55:03,339 - System.ParquetUtils - INFO - ℹ️ ✅ Read parquet: linkusdt_1m_2023_04.parquet -> (43200, 11)
2026-01-11 00:55:03,365 - System.DataProcessor - INFO - ℹ️ 🔧 Optimizing data types - Initial memory: 12.46 MB
2026-01-11 00:55:03,387 - System.DataProcessor - INFO - ℹ️ 🔧 Data type optimization complete:
2026-01-11 00:55:03,387 - System.DataProcessor - INFO - ℹ️    Initial memory: 12.46 MB
2026-01-11 00:55:03,388 - System.DataProcessor - INFO - ℹ️    Final memory: 1.69 MB
2026-01-11 00:55:03,388 - System.DataProcessor - INFO - ℹ️    Memory reduction: 86.4%
2026-01-11 00:55:03,417 - KlinesParquetManager - INFO - ℹ️ 💾 Saved 43200 records to linkusdt_1m_2023_04.parquet
2026-01-11 00:55:03,429 - System.ParquetUtils - INFO - ℹ️ ✅ Read parquet: linkusdt_1m_2023_05.parquet -> (44640, 11)
2026-01-11 00:55:03,454 - System.DataProcessor - INFO - ℹ️ 🔧 Optimizing data types - Initial memory: 12.90 MB
2026-01-11 00:55:03,474 - System.DataProcessor - INFO - ℹ️ 🔧 Data type optimization complete:
2026-01-11 00:55:03,475 - System.DataProcessor - INFO - ℹ️    Initial memory: 12.90 MB
2026-01-11 00:55:03,475 - System.DataProcessor - INFO - ℹ️    Final memory: 1.75 MB
2026-01-11 00:55:03,475 - System.DataProcessor - INFO - ℹ️    Memory reduction: 86.5%
2026-01-11 00:55:03,503 - KlinesParquetManager - INFO - ℹ️ 💾 Saved 44640 records to linkusdt_1m_2023_05.parquet
2026-01-11 00:55:28,349 - System.ParquetUtils - INFO - ℹ️ ✅ Read parquet: linkusdt_1m_2023_05.parquet -> (44640, 11)
2026-01-11 00:55:28,388 - System.DataProcessor - INFO - ℹ️ 🔧 Optimizing data types - Initial memory: 12.44 MB
2026-01-11 00:55:28,414 - System.DataProcessor - INFO - ℹ️ 🔧 Data type optimization complete:
2026-01-11 00:55:28,414 - System.DataProcessor - INFO - ℹ️    Initial memory: 12.44 MB
2026-01-11 00:55:28,414 - System.DataProcessor - INFO - ℹ️    Final memory: 1.75 MB
2026-01-11 00:55:28,414 - System.DataProcessor - INFO - ℹ️    Memory reduction: 86.0%
2026-01-11 00:55:28,442 - KlinesParquetManager - INFO - ℹ️ 💾 Saved 44640 records to linkusdt_1m_2023_05.parquet
2026-01-11 00:55:28,457 - System.ParquetUtils - INFO - ℹ️ ✅ Read parquet: linkusdt_1m_2023_06.parquet -> (43200, 11)
2026-01-11 00:55:28,483 - System.DataProcessor - INFO - ℹ️ 🔧 Optimizing data types - Initial memory: 12.48 MB
2026-01-11 00:55:28,506 - System.DataProcessor - INFO - ℹ️ 🔧 Data type optimization complete:
2026-01-11 00:55:28,506 - System.DataProcessor - INFO - ℹ️    Initial memory: 12.48 MB
2026-01-11 00:55:28,506 - System.DataProcessor - INFO - ℹ️    Final memory: 1.69 MB
2026-01-11 00:55:28,506 - System.DataProcessor - INFO - ℹ️    Memory reduction: 86.5%
2026-01-11 00:55:28,536 - KlinesParquetManager - INFO - ℹ️ 💾 Saved 43200 records to linkusdt_1m_2023_06.parquet
2026-01-11 00:55:42,761 - System.ParquetUtils - INFO - ℹ️ ✅ Read parquet: linkusdt_1m_2023_06.parquet -> (43200, 11)
2026-01-11 00:55:42,797 - System.DataProcessor - INFO - ℹ️ 🔧 Optimizing data types - Initial memory: 12.21 MB
2026-01-11 00:55:42,826 - System.DataProcessor - INFO - ℹ️ 🔧 Data type optimization complete:
2026-01-11 00:55:42,826 - System.DataProcessor - INFO - ℹ️    Initial memory: 12.21 MB
2026-01-11 00:55:42,827 - System.DataProcessor - INFO - ℹ️    Final memory: 1.69 MB
2026-01-11 00:55:42,827 - System.DataProcessor - INFO - ℹ️    Memory reduction: 86.2%
2026-01-11 00:55:42,853 - KlinesParquetManager - INFO - ℹ️ 💾 Saved 43200 records to linkusdt_1m_2023_06.parquet
2026-01-11 00:55:49,712 - System.ParquetUtils - INFO - ℹ️ ✅ Read parquet: linkusdt_1m_2023_07.parquet -> (44640, 11)
2026-01-11 00:55:49,740 - System.DataProcessor - INFO - ℹ️ 🔧 Optimizing data types - Initial memory: 12.83 MB
2026-01-11 00:55:49,766 - System.DataProcessor - INFO - ℹ️ 🔧 Data type optimization complete:
2026-01-11 00:55:49,766 - System.DataProcessor - INFO - ℹ️    Initial memory: 12.83 MB
2026-01-11 00:55:49,766 - System.DataProcessor - INFO - ℹ️    Final memory: 1.75 MB
2026-01-11 00:55:49,766 - System.DataProcessor - INFO - ℹ️    Memory reduction: 86.4%
2026-01-11 00:55:49,792 - KlinesParquetManager - INFO - ℹ️ 💾 Saved 44640 records to linkusdt_1m_2023_07.parquet
2026-01-11 00:55:53,118 - System.ParquetUtils - INFO - ℹ️ ✅ Read parquet: linkusdt_1m_2023_08.parquet -> (44640, 11)
2026-01-11 00:55:53,143 - System.DataProcessor - INFO - ℹ️ 🔧 Optimizing data types - Initial memory: 12.89 MB
2026-01-11 00:55:53,168 - System.DataProcessor - INFO - ℹ️ 🔧 Data type optimization complete:
2026-01-11 00:55:53,169 - System.DataProcessor - INFO - ℹ️    Initial memory: 12.89 MB
2026-01-11 00:55:53,169 - System.DataProcessor - INFO - ℹ️    Final memory: 1.75 MB
2026-01-11 00:55:53,169 - System.DataProcessor - INFO - ℹ️    Memory reduction: 86.5%
2026-01-11 00:55:53,212 - KlinesParquetManager - INFO - ℹ️ 💾 Saved 44640 records to linkusdt_1m_2023_08.parquet
2026-01-11 00:56:10,271 - System.ParquetUtils - INFO - ℹ️ ✅ Read parquet: linkusdt_1m_2023_08.parquet -> (44640, 11)
2026-01-11 00:56:10,302 - System.DataProcessor - INFO - ℹ️ 🔧 Optimizing data types - Initial memory: 12.61 MB
2026-01-11 00:56:10,325 - System.DataProcessor - INFO - ℹ️ 🔧 Data type optimization complete:
2026-01-11 00:56:10,325 - System.DataProcessor - INFO - ℹ️    Initial memory: 12.61 MB
2026-01-11 00:56:10,325 - System.DataProcessor - INFO - ℹ️    Final memory: 1.75 MB
2026-01-11 00:56:10,325 - System.DataProcessor - INFO - ℹ️    Memory reduction: 86.2%
2026-01-11 00:56:10,350 - KlinesParquetManager - INFO - ℹ️ 💾 Saved 44640 records to linkusdt_1m_2023_08.parquet
2026-01-11 00:56:10,364 - System.ParquetUtils - INFO - ℹ️ ✅ Read parquet: linkusdt_1m_2023_09.parquet -> (43200, 11)
2026-01-11 00:56:10,390 - System.DataProcessor - INFO - ℹ️ 🔧 Optimizing data types - Initial memory: 12.48 MB
2026-01-11 00:56:10,412 - System.DataProcessor - INFO - ℹ️ 🔧 Data type optimization complete:
2026-01-11 00:56:10,413 - System.DataProcessor - INFO - ℹ️    Initial memory: 12.48 MB
2026-01-11 00:56:10,413 - System.DataProcessor - INFO - ℹ️    Final memory: 1.69 MB
2026-01-11 00:56:10,413 - System.DataProcessor - INFO - ℹ️    Memory reduction: 86.5%
2026-01-11 00:56:10,441 - KlinesParquetManager - INFO - ℹ️ 💾 Saved 43200 records to linkusdt_1m_2023_09.parquet
2026-01-11 00:56:22,610 - System.ParquetUtils - INFO - ℹ️ ✅ Read parquet: linkusdt_1m_2023_09.parquet -> (43200, 11)
2026-01-11 00:56:22,638 - System.DataProcessor - INFO - ℹ️ 🔧 Optimizing data types - Initial memory: 12.23 MB
2026-01-11 00:56:22,662 - System.DataProcessor - INFO - ℹ️ 🔧 Data type optimization complete:
2026-01-11 00:56:22,663 - System.DataProcessor - INFO - ℹ️    Initial memory: 12.23 MB
2026-01-11 00:56:22,663 - System.DataProcessor - INFO - ℹ️    Final memory: 1.69 MB
2026-01-11 00:56:22,663 - System.DataProcessor - INFO - ℹ️    Memory reduction: 86.2%
2026-01-11 00:56:22,693 - KlinesParquetManager - INFO - ℹ️ 💾 Saved 43200 records to linkusdt_1m_2023_09.parquet
2026-01-11 00:56:29,941 - System.ParquetUtils - INFO - ℹ️ ✅ Read parquet: linkusdt_1m_2024_07.parquet -> (44640, 11)
2026-01-11 00:56:29,978 - System.DataProcessor - INFO - ℹ️ 🔧 Optimizing data types - Initial memory: 12.78 MB
2026-01-11 00:56:30,011 - System.DataProcessor - INFO - ℹ️ 🔧 Data type optimization complete:
2026-01-11 00:56:30,012 - System.DataProcessor - INFO - ℹ️    Initial memory: 12.78 MB
2026-01-11 00:56:30,012 - System.DataProcessor - INFO - ℹ️    Final memory: 1.75 MB
2026-01-11 00:56:30,012 - System.DataProcessor - INFO - ℹ️    Memory reduction: 86.3%
2026-01-11 00:56:30,048 - KlinesParquetManager - INFO - ℹ️ 💾 Saved 44640 records to linkusdt_1m_2024_07.parquet
2026-01-11 00:56:30,063 - System.ParquetUtils - INFO - ℹ️ ✅ Read parquet: linkusdt_1m_2024_08.parquet -> (44640, 11)
2026-01-11 00:56:30,092 - System.DataProcessor - INFO - ℹ️ 🔧 Optimizing data types - Initial memory: 12.89 MB
2026-01-11 00:56:30,124 - System.DataProcessor - INFO - ℹ️ 🔧 Data type optimization complete:
2026-01-11 00:56:30,124 - System.DataProcessor - INFO - ℹ️    Initial memory: 12.89 MB
2026-01-11 00:56:30,124 - System.DataProcessor - INFO - ℹ️    Final memory: 1.75 MB
2026-01-11 00:56:30,124 - System.DataProcessor - INFO - ℹ️    Memory reduction: 86.5%
2026-01-11 00:56:30,167 - KlinesParquetManager - INFO - ℹ️ 💾 Saved 44640 records to linkusdt_1m_2024_08.parquet
2026-01-11 00:56:44,681 - System.ParquetUtils - INFO - ℹ️ ✅ Read parquet: linkusdt_1m_2024_08.parquet -> (44640, 11)
2026-01-11 00:56:44,716 - System.DataProcessor - INFO - ℹ️ 🔧 Optimizing data types - Initial memory: 12.60 MB
2026-01-11 00:56:44,745 - System.DataProcessor - INFO - ℹ️ 🔧 Data type optimization complete:
2026-01-11 00:56:44,746 - System.DataProcessor - INFO - ℹ️    Initial memory: 12.60 MB
2026-01-11 00:56:44,746 - System.DataProcessor - INFO - ℹ️    Final memory: 1.75 MB
2026-01-11 00:56:44,746 - System.DataProcessor - INFO - ℹ️    Memory reduction: 86.1%
2026-01-11 00:56:44,778 - KlinesParquetManager - INFO - ℹ️ 💾 Saved 44640 records to linkusdt_1m_2024_08.parquet
2026-01-11 00:56:49,122 - System.ParquetUtils - INFO - ℹ️ ✅ Read parquet: linkusdt_1m_2024_08.parquet -> (44640, 11)
2026-01-11 00:56:49,149 - System.DataProcessor - INFO - ℹ️ 🔧 Optimizing data types - Initial memory: 12.86 MB
2026-01-11 00:56:49,181 - System.DataProcessor - INFO - ℹ️ 🔧 Data type optimization complete:
2026-01-11 00:56:49,182 - System.DataProcessor - INFO - ℹ️    Initial memory: 12.86 MB
2026-01-11 00:56:49,182 - System.DataProcessor - INFO - ℹ️    Final memory: 1.75 MB
2026-01-11 00:56:49,182 - System.DataProcessor - INFO - ℹ️    Memory reduction: 86.4%
2026-01-11 00:56:49,208 - KlinesParquetManager - INFO - ℹ️ 💾 Saved 44640 records to linkusdt_1m_2024_08.parquet
2026-01-11 00:57:03,559 - System.ParquetUtils - INFO - ℹ️ ✅ Read parquet: linkusdt_1m_2024_08.parquet -> (44640, 11)
2026-01-11 00:57:03,585 - System.DataProcessor - INFO - ℹ️ 🔧 Optimizing data types - Initial memory: 12.90 MB
2026-01-11 00:57:03,609 - System.DataProcessor - INFO - ℹ️ 🔧 Data type optimization complete:
2026-01-11 00:57:03,609 - System.DataProcessor - INFO - ℹ️    Initial memory: 12.90 MB
2026-01-11 00:57:03,609 - System.DataProcessor - INFO - ℹ️    Final memory: 1.75 MB
2026-01-11 00:57:03,609 - System.DataProcessor - INFO - ℹ️    Memory reduction: 86.5%
2026-01-11 00:57:03,636 - KlinesParquetManager - INFO - ℹ️ 💾 Saved 44640 records to linkusdt_1m_2024_08.parquet
2026-01-11 00:57:03,650 - System.ParquetUtils - INFO - ℹ️ ✅ Read parquet: linkusdt_1m_2024_09.parquet -> (43200, 11)
2026-01-11 00:57:03,681 - System.DataProcessor - INFO - ℹ️ 🔧 Optimizing data types - Initial memory: 12.16 MB
2026-01-11 00:57:03,706 - System.DataProcessor - INFO - ℹ️ 🔧 Data type optimization complete:
2026-01-11 00:57:03,706 - System.DataProcessor - INFO - ℹ️    Initial memory: 12.16 MB
2026-01-11 00:57:03,707 - System.DataProcessor - INFO - ℹ️    Final memory: 1.69 MB
2026-01-11 00:57:03,707 - System.DataProcessor - INFO - ℹ️    Memory reduction: 86.1%
2026-01-11 00:57:03,734 - KlinesParquetManager - INFO - ℹ️ 💾 Saved 43200 records to linkusdt_1m_2024_09.parquet
2026-01-11 00:57:28,389 - System.ParquetUtils - INFO - ℹ️ ✅ Read parquet: linkusdt_1m_2024_10.parquet -> (44640, 11)
2026-01-11 00:57:28,422 - System.DataProcessor - INFO - ℹ️ 🔧 Optimizing data types - Initial memory: 12.50 MB
2026-01-11 00:57:28,447 - System.DataProcessor - INFO - ℹ️ 🔧 Data type optimization complete:
2026-01-11 00:57:28,447 - System.DataProcessor - INFO - ℹ️    Initial memory: 12.50 MB
2026-01-11 00:57:28,448 - System.DataProcessor - INFO - ℹ️    Final memory: 1.75 MB
2026-01-11 00:57:28,448 - System.DataProcessor - INFO - ℹ️    Memory reduction: 86.0%
2026-01-11 00:57:28,476 - KlinesParquetManager - INFO - ℹ️ 💾 Saved 44640 records to linkusdt_1m_2024_10.parquet
2026-01-11 00:57:28,492 - System.ParquetUtils - INFO - ℹ️ ✅ Read parquet: linkusdt_1m_2024_11.parquet -> (43200, 11)
2026-01-11 00:57:28,517 - System.DataProcessor - INFO - ℹ️ 🔧 Optimizing data types - Initial memory: 12.51 MB
2026-01-11 00:57:28,542 - System.DataProcessor - INFO - ℹ️ 🔧 Data type optimization complete:
2026-01-11 00:57:28,542 - System.DataProcessor - INFO - ℹ️    Initial memory: 12.51 MB
2026-01-11 00:57:28,542 - System.DataProcessor - INFO - ℹ️    Final memory: 1.69 MB
2026-01-11 00:57:28,542 - System.DataProcessor - INFO - ℹ️    Memory reduction: 86.5%
2026-01-11 00:57:28,572 - KlinesParquetManager - INFO - ℹ️ 💾 Saved 43200 records to linkusdt_1m_2024_11.parquet
2026-01-11 00:57:29,586 - System.ParquetUtils - INFO - ℹ️ ✅ Read parquet: linkusdt_1m_2024_11.parquet -> (43200, 11)
2026-01-11 00:57:29,613 - System.DataProcessor - INFO - ℹ️ 🔧 Optimizing data types - Initial memory: 12.50 MB
2026-01-11 00:57:29,636 - System.DataProcessor - INFO - ℹ️ 🔧 Data type optimization complete:
2026-01-11 00:57:29,636 - System.DataProcessor - INFO - ℹ️    Initial memory: 12.50 MB
2026-01-11 00:57:29,636 - System.DataProcessor - INFO - ℹ️    Final memory: 1.69 MB
2026-01-11 00:57:29,636 - System.DataProcessor - INFO - ℹ️    Memory reduction: 86.5%
2026-01-11 00:57:29,662 - KlinesParquetManager - INFO - ℹ️ 💾 Saved 43200 records to linkusdt_1m_2024_11.parquet
2026-01-11 00:57:32,601 - System.ParquetUtils - INFO - ℹ️ ✅ Read parquet: linkusdt_1m_2025_01.parquet -> (44640, 11)
2026-01-11 00:57:32,628 - System.DataProcessor - INFO - ℹ️ 🔧 Optimizing data types - Initial memory: 12.89 MB
2026-01-11 00:57:32,658 - System.DataProcessor - INFO - ℹ️ 🔧 Data type optimization complete:
2026-01-11 00:57:32,658 - System.DataProcessor - INFO - ℹ️    Initial memory: 12.89 MB
2026-01-11 00:57:32,658 - System.DataProcessor - INFO - ℹ️    Final memory: 1.75 MB
2026-01-11 00:57:32,658 - System.DataProcessor - INFO - ℹ️    Memory reduction: 86.5%
2026-01-11 00:57:32,674 - KlinesParquetManager - INFO - ℹ️ 💾 Saved 44640 records to linkusdt_1m_2025_01.parquet
2026-01-11 00:57:35,358 - System.ParquetUtils - INFO - ℹ️ ✅ Read parquet: linkusdt_1m_2025_03.parquet -> (44640, 11)
2026-01-11 00:57:35,385 - System.DataProcessor - INFO - ℹ️ 🔧 Optimizing data types - Initial memory: 12.89 MB
2026-01-11 00:57:35,412 - System.DataProcessor - INFO - ℹ️ 🔧 Data type optimization complete:
2026-01-11 00:57:35,412 - System.DataProcessor - INFO - ℹ️    Initial memory: 12.89 MB
2026-01-11 00:57:35,412 - System.DataProcessor - INFO - ℹ️    Final memory: 1.75 MB
2026-01-11 00:57:35,412 - System.DataProcessor - INFO - ℹ️    Memory reduction: 86.5%
2026-01-11 00:57:35,440 - KlinesParquetManager - INFO - ℹ️ 💾 Saved 44640 records to linkusdt_1m_2025_03.parquet
2026-01-11 00:57:38,037 - System.ParquetUtils - INFO - ℹ️ ✅ Read parquet: linkusdt_1m_2025_03.parquet -> (44640, 11)
2026-01-11 00:57:38,067 - System.DataProcessor - INFO - ℹ️ 🔧 Optimizing data types - Initial memory: 12.90 MB
2026-01-11 00:57:38,099 - System.DataProcessor - INFO - ℹ️ 🔧 Data type optimization complete:
2026-01-11 00:57:38,099 - System.DataProcessor - INFO - ℹ️    Initial memory: 12.90 MB
2026-01-11 00:57:38,099 - System.DataProcessor - INFO - ℹ️    Final memory: 1.75 MB
2026-01-11 00:57:38,099 - System.DataProcessor - INFO - ℹ️    Memory reduction: 86.5%
2026-01-11 00:57:38,128 - KlinesParquetManager - INFO - ℹ️ 💾 Saved 44640 records to linkusdt_1m_2025_03.parquet
2026-01-11 00:57:38,143 - System.ParquetUtils - INFO - ℹ️ ✅ Read parquet: linkusdt_1m_2025_04.parquet -> (43200, 11)
2026-01-11 00:57:38,171 - System.DataProcessor - INFO - ℹ️ 🔧 Optimizing data types - Initial memory: 12.47 MB
2026-01-11 00:57:38,200 - System.DataProcessor - INFO - ℹ️ 🔧 Data type optimization complete:
2026-01-11 00:57:38,200 - System.DataProcessor - INFO - ℹ️    Initial memory: 12.47 MB
2026-01-11 00:57:38,201 - System.DataProcessor - INFO - ℹ️    Final memory: 1.69 MB
2026-01-11 00:57:38,201 - System.DataProcessor - INFO - ℹ️    Memory reduction: 86.5%
2026-01-11 00:57:38,231 - KlinesParquetManager - INFO - ℹ️ 💾 Saved 43200 records to linkusdt_1m_2025_04.parquet
2026-01-11 00:57:41,067 - System.ParquetUtils - INFO - ℹ️ ✅ Read parquet: linkusdt_1m_2025_04.parquet -> (43200, 11)
2026-01-11 00:57:41,092 - System.DataProcessor - INFO - ℹ️ 🔧 Optimizing data types - Initial memory: 12.41 MB
2026-01-11 00:57:41,115 - System.DataProcessor - INFO - ℹ️ 🔧 Data type optimization complete:
2026-01-11 00:57:41,115 - System.DataProcessor - INFO - ℹ️    Initial memory: 12.41 MB
2026-01-11 00:57:41,115 - System.DataProcessor - INFO - ℹ️    Final memory: 1.69 MB
2026-01-11 00:57:41,115 - System.DataProcessor - INFO - ℹ️    Memory reduction: 86.4%
2026-01-11 00:57:41,141 - KlinesParquetManager - INFO - ℹ️ 💾 Saved 43200 records to linkusdt_1m_2025_04.parquet
2026-01-11 00:57:48,251 - src.utils.hardware.m1_memory_optimizer.M1MemoryOptimizer - INFO - ℹ️ 🧹 Moderate cleanup: 52 objects collected
2026-01-11 00:57:48,699 - System.ParquetUtils - INFO - ℹ️ ✅ Read parquet: linkusdt_1m_2025_04.parquet -> (43200, 11)
2026-01-11 00:57:48,741 - System.DataProcessor - INFO - ℹ️ 🔧 Optimizing data types - Initial memory: 12.42 MB
2026-01-11 00:57:48,779 - System.DataProcessor - INFO - ℹ️ 🔧 Data type optimization complete:
2026-01-11 00:57:48,780 - System.DataProcessor - INFO - ℹ️    Initial memory: 12.42 MB
2026-01-11 00:57:48,780 - System.DataProcessor - INFO - ℹ️    Final memory: 1.69 MB
2026-01-11 00:57:48,780 - System.DataProcessor - INFO - ℹ️    Memory reduction: 86.4%
2026-01-11 00:57:48,812 - KlinesParquetManager - INFO - ℹ️ 💾 Saved 43200 records to linkusdt_1m_2025_04.parquet
2026-01-11 00:57:51,787 - System.ParquetUtils - INFO - ℹ️ ✅ Read parquet: linkusdt_1m_2025_04.parquet -> (43200, 11)
2026-01-11 00:57:51,809 - System.DataProcessor - INFO - ℹ️ 🔧 Optimizing data types - Initial memory: 12.48 MB
2026-01-11 00:57:51,829 - System.DataProcessor - INFO - ℹ️ 🔧 Data type optimization complete:
2026-01-11 00:57:51,830 - System.DataProcessor - INFO - ℹ️    Initial memory: 12.48 MB
2026-01-11 00:57:51,830 - System.DataProcessor - INFO - ℹ️    Final memory: 1.69 MB
2026-01-11 00:57:51,830 - System.DataProcessor - INFO - ℹ️    Memory reduction: 86.5%
2026-01-11 00:57:51,851 - KlinesParquetManager - INFO - ℹ️ 💾 Saved 43200 records to linkusdt_1m_2025_04.parquet
2026-01-11 00:57:51,863 - System.ParquetUtils - INFO - ℹ️ ✅ Read parquet: linkusdt_1m_2025_05.parquet -> (44640, 11)
2026-01-11 00:57:51,886 - System.DataProcessor - INFO - ℹ️ 🔧 Optimizing data types - Initial memory: 12.89 MB
2026-01-11 00:57:51,905 - System.DataProcessor - INFO - ℹ️ 🔧 Data type optimization complete:
2026-01-11 00:57:51,905 - System.DataProcessor - INFO - ℹ️    Initial memory: 12.89 MB
2026-01-11 00:57:51,905 - System.DataProcessor - INFO - ℹ️    Final memory: 1.75 MB
2026-01-11 00:57:51,905 - System.DataProcessor - INFO - ℹ️    Memory reduction: 86.5%
2026-01-11 00:57:51,931 - KlinesParquetManager - INFO - ℹ️ 💾 Saved 44640 records to linkusdt_1m_2025_05.parquet
2026-01-11 00:57:55,270 - System.ParquetUtils - INFO - ℹ️ ✅ Read parquet: linkusdt_1m_2025_05.parquet -> (44640, 11)
2026-01-11 00:57:55,293 - System.DataProcessor - INFO - ℹ️ 🔧 Optimizing data types - Initial memory: 12.85 MB
2026-01-11 00:57:55,313 - System.DataProcessor - INFO - ℹ️ 🔧 Data type optimization complete:
2026-01-11 00:57:55,313 - System.DataProcessor - INFO - ℹ️    Initial memory: 12.85 MB
2026-01-11 00:57:55,313 - System.DataProcessor - INFO - ℹ️    Final memory: 1.75 MB
2026-01-11 00:57:55,313 - System.DataProcessor - INFO - ℹ️    Memory reduction: 86.4%
2026-01-11 00:57:55,335 - KlinesParquetManager - INFO - ℹ️ 💾 Saved 44640 records to linkusdt_1m_2025_05.parquet
2026-01-11 00:58:08,814 - src.utils.hardware.m1_memory_optimizer.M1MemoryOptimizer - INFO - ℹ️ 🧹 Moderate cleanup: 38 objects collected
2026-01-11 00:58:08,890 - System.ParquetUtils - INFO - ℹ️ ✅ Read parquet: linkusdt_1m_2025_06.parquet -> (43200, 11)
2026-01-11 00:58:08,918 - System.DataProcessor - INFO - ℹ️ 🔧 Optimizing data types - Initial memory: 12.25 MB
2026-01-11 00:58:08,936 - System.DataProcessor - INFO - ℹ️ 🔧 Data type optimization complete:
2026-01-11 00:58:08,937 - System.DataProcessor - INFO - ℹ️    Initial memory: 12.25 MB
2026-01-11 00:58:08,937 - System.DataProcessor - INFO - ℹ️    Final memory: 1.69 MB
2026-01-11 00:58:08,937 - System.DataProcessor - INFO - ℹ️    Memory reduction: 86.2%
2026-01-11 00:58:08,962 - KlinesParquetManager - INFO - ℹ️ 💾 Saved 43200 records to linkusdt_1m_2025_06.parquet
2026-01-11 00:58:08,975 - System.ParquetUtils - INFO - ℹ️ ✅ Read parquet: linkusdt_1m_2025_07.parquet -> (44640, 11)
2026-01-11 00:58:08,999 - System.DataProcessor - INFO - ℹ️ 🔧 Optimizing data types - Initial memory: 12.90 MB
2026-01-11 00:58:09,018 - System.DataProcessor - INFO - ℹ️ 🔧 Data type optimization complete:
2026-01-11 00:58:09,019 - System.DataProcessor - INFO - ℹ️    Initial memory: 12.90 MB
2026-01-11 00:58:09,019 - System.DataProcessor - INFO - ℹ️    Final memory: 1.75 MB
2026-01-11 00:58:09,019 - System.DataProcessor - INFO - ℹ️    Memory reduction: 86.5%
2026-01-11 00:58:09,045 - KlinesParquetManager - INFO - ℹ️ 💾 Saved 44640 records to linkusdt_1m_2025_07.parquet
2026-01-11 00:58:13,084 - System.ParquetUtils - INFO - ℹ️ ✅ Read parquet: linkusdt_1m_2025_07.parquet -> (44640, 11)
2026-01-11 00:58:13,110 - System.DataProcessor - INFO - ℹ️ 🔧 Optimizing data types - Initial memory: 12.79 MB
2026-01-11 00:58:13,130 - System.DataProcessor - INFO - ℹ️ 🔧 Data type optimization complete:
2026-01-11 00:58:13,131 - System.DataProcessor - INFO - ℹ️    Initial memory: 12.79 MB
2026-01-11 00:58:13,131 - System.DataProcessor - INFO - ℹ️    Final memory: 1.75 MB
2026-01-11 00:58:13,131 - System.DataProcessor - INFO - ℹ️    Memory reduction: 86.4%
2026-01-11 00:58:13,153 - KlinesParquetManager - INFO - ℹ️ 💾 Saved 44640 records to linkusdt_1m_2025_07.parquet
2026-01-11 00:58:14,087 - src.utils.hardware.m1_memory_optimizer.M1MemoryOptimizer - INFO - ℹ️ 🧹 Moderate cleanup: 12 objects collected
2026-01-11 00:58:18,236 - System.ParquetUtils - INFO - ℹ️ ✅ Read parquet: linkusdt_1m_2025_08.parquet -> (44640, 11)
2026-01-11 00:58:18,259 - System.DataProcessor - INFO - ℹ️ 🔧 Optimizing data types - Initial memory: 12.89 MB
2026-01-11 00:58:18,279 - System.DataProcessor - INFO - ℹ️ 🔧 Data type optimization complete:
2026-01-11 00:58:18,279 - System.DataProcessor - INFO - ℹ️    Initial memory: 12.89 MB
2026-01-11 00:58:18,279 - System.DataProcessor - INFO - ℹ️    Final memory: 1.75 MB
2026-01-11 00:58:18,279 - System.DataProcessor - INFO - ℹ️    Memory reduction: 86.5%
2026-01-11 00:58:18,301 - KlinesParquetManager - INFO - ℹ️ 💾 Saved 44640 records to linkusdt_1m_2025_08.parquet
2026-01-11 00:58:19,530 - src.utils.hardware.m1_memory_optimizer.M1MemoryOptimizer - INFO - ℹ️ 🧹 Moderate cleanup: 18 objects collected
2026-01-11 00:58:24,542 - src.utils.hardware.m1_memory_optimizer.M1MemoryOptimizer - INFO - ℹ️ 🧠 M1 Memory pressure at 0.79
2026-01-11 00:58:26,661 - System.ParquetUtils - INFO - ℹ️ ✅ Read parquet: linkusdt_1m_2025_09.parquet -> (43200, 11)
2026-01-11 00:58:26,692 - System.DataProcessor - INFO - ℹ️ 🔧 Optimizing data types - Initial memory: 12.38 MB
2026-01-11 00:58:26,723 - System.DataProcessor - INFO - ℹ️ 🔧 Data type optimization complete:
2026-01-11 00:58:26,723 - System.DataProcessor - INFO - ℹ️    Initial memory: 12.38 MB
2026-01-11 00:58:26,724 - System.DataProcessor - INFO - ℹ️    Final memory: 1.69 MB
2026-01-11 00:58:26,724 - System.DataProcessor - INFO - ℹ️    Memory reduction: 86.4%
2026-01-11 00:58:26,883 - KlinesParquetManager - INFO - ℹ️ 💾 Saved 43200 records to linkusdt_1m_2025_09.parquet
2026-01-11 00:58:30,861 - src.utils.hardware.m1_memory_optimizer.M1MemoryOptimizer - INFO - ℹ️ 🧹 Moderate cleanup: 18 objects collected
2026-01-11 00:58:30,964 - System.ParquetUtils - INFO - ℹ️ ✅ Read parquet: linkusdt_1m_2025_10.parquet -> (44640, 11)
2026-01-11 00:58:30,991 - System.DataProcessor - INFO - ℹ️ 🔧 Optimizing data types - Initial memory: 12.93 MB
2026-01-11 00:58:31,013 - System.DataProcessor - INFO - ℹ️ 🔧 Data type optimization complete:
2026-01-11 00:58:31,014 - System.DataProcessor - INFO - ℹ️    Initial memory: 12.93 MB
2026-01-11 00:58:31,014 - System.DataProcessor - INFO - ℹ️    Final memory: 1.75 MB
2026-01-11 00:58:31,014 - System.DataProcessor - INFO - ℹ️    Memory reduction: 86.5%
2026-01-11 00:58:31,045 - KlinesParquetManager - INFO - ℹ️ 💾 Saved 44640 records to linkusdt_1m_2025_10.parquet
2026-01-11 00:58:34,968 - System.ParquetUtils - INFO - ℹ️ ✅ Read parquet: linkusdt_1m_2025_11.parquet -> (43200, 11)
2026-01-11 00:58:34,990 - System.DataProcessor - INFO - ℹ️ 🔧 Optimizing data types - Initial memory: 12.49 MB
2026-01-11 00:58:35,009 - System.DataProcessor - INFO - ℹ️ 🔧 Data type optimization complete:
2026-01-11 00:58:35,009 - System.DataProcessor - INFO - ℹ️    Initial memory: 12.49 MB
2026-01-11 00:58:35,009 - System.DataProcessor - INFO - ℹ️    Final memory: 1.69 MB
2026-01-11 00:58:35,009 - System.DataProcessor - INFO - ℹ️    Memory reduction: 86.5%
2026-01-11 00:58:35,031 - KlinesParquetManager - INFO - ℹ️ 💾 Saved 43200 records to linkusdt_1m_2025_11.parquet
2026-01-11 00:58:51,953 - src.utils.hardware.m1_memory_optimizer.M1MemoryOptimizer - INFO - ℹ️ 🧹 Moderate cleanup: 32 objects collected
2026-01-11 00:58:57,834 - System.ParquetUtils - INFO - ℹ️ ✅ Read parquet: linkusdt_1m_2025_12.parquet -> (44640, 11)
2026-01-11 00:58:58,001 - System.DataProcessor - INFO - ℹ️ 🔧 Optimizing data types - Initial memory: 12.61 MB
2026-01-11 00:58:58,033 - System.DataProcessor - INFO - ℹ️ 🔧 Data type optimization complete:
2026-01-11 00:58:58,033 - System.DataProcessor - INFO - ℹ️    Initial memory: 12.61 MB
2026-01-11 00:58:58,033 - System.DataProcessor - INFO - ℹ️    Final memory: 1.75 MB
2026-01-11 00:58:58,033 - System.DataProcessor - INFO - ℹ️    Memory reduction: 86.2%
2026-01-11 00:58:58,065 - KlinesParquetManager - INFO - ℹ️ 💾 Saved 44640 records to linkusdt_1m_2025_12.parquet
2026-01-11 00:58:58,072 - System.ParquetUtils - INFO - ℹ️ ✅ Read parquet: linkusdt_1m_2026_01.parquet -> (14378, 11)
2026-01-11 00:58:58,083 - System.DataProcessor - INFO - ℹ️ 🔧 Optimizing data types - Initial memory: 4.15 MB
2026-01-11 00:58:58,094 - System.DataProcessor - INFO - ℹ️ 🔧 Data type optimization complete:
2026-01-11 00:58:58,094 - System.DataProcessor - INFO - ℹ️    Initial memory: 4.15 MB
2026-01-11 00:58:58,094 - System.DataProcessor - INFO - ℹ️    Final memory: 0.56 MB
2026-01-11 00:58:58,094 - System.DataProcessor - INFO - ℹ️    Memory reduction: 86.4%
2026-01-11 00:58:58,102 - KlinesParquetManager - INFO - ℹ️ 💾 Saved 14378 records to linkusdt_1m_2026_01.parquet
2026-01-11 00:59:02,906 - src.utils.hardware.m1_memory_optimizer.M1MemoryOptimizer - INFO - ℹ️ 🧹 Moderate cleanup: 12 objects collected
2026-01-11 00:59:07,291 - System.ParquetUtils - INFO - ℹ️ ✅ Read parquet: linkusdt_1m_2026_01.parquet -> (14378, 11)
2026-01-11 00:59:07,314 - System.DataProcessor - INFO - ℹ️ 🔧 Optimizing data types - Initial memory: 4.01 MB
2026-01-11 00:59:07,342 - System.DataProcessor - INFO - ℹ️ 🔧 Data type optimization complete:
2026-01-11 00:59:07,342 - System.DataProcessor - INFO - ℹ️    Initial memory: 4.01 MB
2026-01-11 00:59:07,342 - System.DataProcessor - INFO - ℹ️    Final memory: 0.56 MB
2026-01-11 00:59:07,342 - System.DataProcessor - INFO - ℹ️    Memory reduction: 86.0%
2026-01-11 00:59:07,362 - KlinesParquetManager - INFO - ℹ️ 💾 Saved 14400 records to linkusdt_1m_2026_01.parquet
2026-01-11 00:59:09,210 - src.utils.hardware.m1_memory_optimizer.M1MemoryOptimizer - INFO - ℹ️ 🧹 Moderate cleanup: 6 objects collected
DEBUG: DataFrame shape before standardization: (1955495, 11)
DEBUG: DataFrame columns: ['open', 'high', 'low', 'close', 'volume', 'symbol', 'interval', 'exchange', 'year', 'month', 'day']
2026-01-11 00:59:12,224 - System.AdvancedQualityMetrics - INFO - ℹ️ 📊 AdvancedQualityMetrics initialized with tolerant parameters
2026-01-11 00:59:12,225 - DataCleaner - INFO - ℹ️ Using klines-specific gap thresholds: {<GapType.SMALL: 'small'>: 65, <GapType.MEDIUM: 'medium'>: 300, <GapType.LARGE: 'large'>: 1800, <GapType.CRITICAL: 'critical'>: 3600}
2026-01-11 00:59:12,225 - System.ComprehensiveQualityScorer.ComprehensiveQualityScorer - INFO - ℹ️ 📊 Comprehensive Quality Scorer initialized
2026-01-11 00:59:12,225 - System.AdvancedQualityMetrics - INFO - ℹ️ 📊 AdvancedQualityMetrics initialized with tolerant parameters
2026-01-11 00:59:12,225 - DataQualityFramework - INFO - ℹ️ 🔍 Starting quality validation for klines_validation
2026-01-11 00:59:12,225 - DataQualityFramework - INFO - ℹ️ 📊 DataFrame shape: (315478, 10)
2026-01-11 00:59:12,225 - DataQualityFramework - INFO - ℹ️ 📋 DataFrame columns (10): ['open', 'high', 'low', 'close', 'volume', 'symbol', 'interval', 'exchange', 'timestamp', 'timestamp_ms']
2026-01-11 00:59:12,226 - DataQualityFramework - INFO - ℹ️ 📐 DataFrame index type: DatetimeIndex
2026-01-11 00:59:12,226 - DataQualityFramework - INFO - ℹ️ 📐 DataFrame index name: timestamp
2026-01-11 00:59:12,304 - DataQualityFramework - INFO - ℹ️ 💾 Memory usage: 75.82 MB
2026-01-11 00:59:12,750 - DataQualityFramework - INFO - ℹ️ 📊 NaN Analysis: Total NaN count = 0, Overall ratio = 0.0000
2026-01-11 00:59:12,750 - DataQualityFramework - INFO - ℹ️ 📊 NaN Analysis (required OHLCV only): Total NaN count = 0, Required ratio = 0.0000
2026-01-11 00:59:12,750 - DataQualityFramework - INFO - ℹ️ 📊 NaN threshold for required columns: 0.0
2026-01-11 00:59:12,750 - DataQualityFramework - INFO - ℹ️ ✅ Required OHLCV columns are complete (NaN ratio: 0.0000)
🔍 [PRICE_ANOMALY_DEBUG] Price tolerance threshold: 0.001
🔍 [PRICE_ANOMALY_DEBUG] open range: min=4.950000, max=30.780001, mean=13.671459
🔍 [PRICE_ANOMALY_DEBUG] high range: min=4.982000, max=30.940001, mean=13.697168
🔍 [PRICE_ANOMALY_DEBUG] low range: min=4.761000, max=30.620001, mean=13.644982
🔍 [PRICE_ANOMALY_DEBUG] close range: min=4.955000, max=30.770000, mean=13.671425
2026-01-11 00:59:15,058 - src.utils.hardware.m1_memory_optimizer.M1MemoryOptimizer - INFO - ℹ️ 🧹 Moderate cleanup: 21 objects collected
🔍 [PRICE_ANOMALY_DEBUG] Anomaly breakdown: negative_prices=0, high_low_inversions=0, close_outside_range=0
🔍 [PRICE_ANOMALY_DEBUG] Total anomalies: 0
2026-01-11 00:59:27,929 - DataQualityFramework - INFO - ℹ️ 🕐 Timestamp validation: Checking for timestamp column or index
2026-01-11 00:59:27,930 - DataQualityFramework - INFO - ℹ️ 🕐 DataFrame has 'timestamp' column: True
2026-01-11 00:59:27,930 - DataQualityFramework - INFO - ℹ️ 🕐 DataFrame index name: timestamp
2026-01-11 00:59:27,930 - DataQualityFramework - INFO - ℹ️ 🕐 DataFrame index type: DatetimeIndex
2026-01-11 00:59:27,930 - DataQualityFramework - INFO - ℹ️ 🕐 Using DatetimeIndex as timestamp source
2026-01-11 00:59:27,955 - DataQualityFramework - INFO - ℹ️ 🔍 Running comprehensive duplicate timestamp analysis...
2026-01-11 00:59:27,955 - DataQualityFramework - INFO - ℹ️ 🔍 Starting comprehensive duplicate analysis on 315478 records
2026-01-11 00:59:27,975 - DataQualityFramework - INFO - ℹ️ ✅ No duplicate timestamps found
2026-01-11 00:59:27,976 - DataQualityFramework - INFO - ℹ️ ✅ Duplicate analysis completed: 0 duplicates in 0 groups
2026-01-11 00:59:28,165 - DataQualityFramework - INFO - ℹ️ Quality validation for klines_validation: FAILED (1 issues, 0 warnings)
2026-01-11 00:59:28,165 - DataQualityFramework - WARNING - ⚠️   - timestamp_issues: Found 1 timestamp issues: 315477 large gaps (max 155.0 min)
2026-01-11 00:59:28,166 - System.AdvancedQualityMetrics - INFO - ℹ️ 🔍 Performing comprehensive quality assessment...
2026-01-11 00:59:29,145 - System.AdvancedQualityMetrics - INFO - ℹ️ ✅ Quality assessment completed: score=80.0, issues=0, warnings=0, critical=0
2026-01-11 00:59:29,145 - System.ComprehensiveQualityScorer.ComprehensiveQualityScorer - INFO - ℹ️ 🔍 Assessing data quality for klines_validation - data_validation
2026-01-11 00:59:29,169 - System.AdvancedQualityMetrics - INFO - ℹ️ 🔍 Performing comprehensive quality assessment...
2026-01-11 00:59:29,753 - System.AdvancedQualityMetrics - INFO - ℹ️ ✅ Quality assessment completed: score=80.0, issues=0, warnings=0, critical=0
2026-01-11 00:59:30,055 - DataQualityFramework - INFO - ℹ️ 🔍 Starting quality validation for 
2026-01-11 00:59:30,055 - DataQualityFramework - INFO - ℹ️ 📊 DataFrame shape: (315478, 10)
2026-01-11 00:59:30,055 - DataQualityFramework - INFO - ℹ️ 📋 DataFrame columns (10): ['open', 'high', 'low', 'close', 'volume', 'symbol', 'interval', 'exchange', 'timestamp', 'timestamp_ms']
2026-01-11 00:59:30,055 - DataQualityFramework - INFO - ℹ️ 📐 DataFrame index type: DatetimeIndex
2026-01-11 00:59:30,055 - DataQualityFramework - INFO - ℹ️ 📐 DataFrame index name: timestamp
2026-01-11 00:59:30,145 - DataQualityFramework - INFO - ℹ️ 💾 Memory usage: 75.82 MB
2026-01-11 00:59:30,255 - DataQualityFramework - INFO - ℹ️ 📊 NaN Analysis: Total NaN count = 0, Overall ratio = 0.0000
2026-01-11 00:59:30,256 - DataQualityFramework - INFO - ℹ️ 📊 NaN Analysis (required OHLCV only): Total NaN count = 0, Required ratio = 0.0000
2026-01-11 00:59:30,256 - DataQualityFramework - INFO - ℹ️ 📊 NaN threshold for required columns: 0.0
2026-01-11 00:59:30,256 - DataQualityFramework - INFO - ℹ️ ✅ Required OHLCV columns are complete (NaN ratio: 0.0000)
🔍 [PRICE_ANOMALY_DEBUG] Price tolerance threshold: 0.001
🔍 [PRICE_ANOMALY_DEBUG] open range: min=4.950000, max=30.780001, mean=13.671459
🔍 [PRICE_ANOMALY_DEBUG] high range: min=4.982000, max=30.940001, mean=13.697168
🔍 [PRICE_ANOMALY_DEBUG] low range: min=4.761000, max=30.620001, mean=13.644982
🔍 [PRICE_ANOMALY_DEBUG] close range: min=4.955000, max=30.770000, mean=13.671425
🔍 [PRICE_ANOMALY_DEBUG] Anomaly breakdown: negative_prices=0, high_low_inversions=0, close_outside_range=0
🔍 [PRICE_ANOMALY_DEBUG] Total anomalies: 0
2026-01-11 00:59:44,188 - DataQualityFramework - INFO - ℹ️ 🕐 Timestamp validation: Checking for timestamp column or index
2026-01-11 00:59:44,189 - DataQualityFramework - INFO - ℹ️ 🕐 DataFrame has 'timestamp' column: True
2026-01-11 00:59:44,189 - DataQualityFramework - INFO - ℹ️ 🕐 DataFrame index name: timestamp
2026-01-11 00:59:44,189 - DataQualityFramework - INFO - ℹ️ 🕐 DataFrame index type: DatetimeIndex
2026-01-11 00:59:44,189 - DataQualityFramework - INFO - ℹ️ 🕐 Using DatetimeIndex as timestamp source
2026-01-11 00:59:44,206 - DataQualityFramework - INFO - ℹ️ 🔍 Running comprehensive duplicate timestamp analysis...
2026-01-11 00:59:44,207 - DataQualityFramework - INFO - ℹ️ 🔍 Starting comprehensive duplicate analysis on 315478 records
2026-01-11 00:59:44,214 - DataQualityFramework - INFO - ℹ️ ✅ No duplicate timestamps found
2026-01-11 00:59:44,215 - DataQualityFramework - INFO - ℹ️ ✅ Duplicate analysis completed: 0 duplicates in 0 groups
2026-01-11 00:59:44,333 - DataQualityFramework - INFO - ℹ️ Quality validation for : FAILED (1 issues, 0 warnings)
2026-01-11 00:59:44,335 - DataQualityFramework - WARNING - ⚠️   - timestamp_issues: Found 1 timestamp issues: 315477 large gaps (max 155.0 min)
2026-01-11 00:59:44,572 - System.ComprehensiveQualityScorer.ComprehensiveQualityScorer - INFO - ℹ️ ✅ Quality assessment completed: 0.92 (excellent)
2026-01-11 00:59:44,704 - src.utils.data.quality.comprehensive_duplicate_analyzer - INFO - ℹ️ 🔍 Starting comprehensive duplicate analysis on 315478 records
2026-01-11 00:59:44,718 - src.utils.data.quality.comprehensive_duplicate_analyzer - INFO - ℹ️ ✅ No duplicate timestamps found
2026-01-11 00:59:44,978 - src.utils.data.quality.comprehensive_duplicate_analyzer - INFO - ℹ️ 🔍 Starting comprehensive duplicate analysis on 1955495 records
2026-01-11 01:00:08,196 - src.utils.hardware.unified_hardware_manager.HardwarePerformanceMonitor - WARNING - ⚠️ 🚨 ALERT: cpu_usage (85.5) exceeds threshold (85.0)
2026-01-11 01:01:06,364 - src.utils.hardware.m1_memory_optimizer.M1MemoryOptimizer - INFO - ℹ️ 🧠 M1 Memory pressure at 0.78
[2026-01-11 01:01:45.097] ERROR: ❌ Duplicate handling failed: boolean value of NA is ambiguous
2026-01-11 01:01:45,099 - System.tprint - ERROR - ❌ Duplicate handling failed: boolean value of NA is ambiguous

Traceback (most recent call last):
  File "/Users/remyroche/Documents/Ares/src/training/steps/data_collection/enhanced_klines_processing_pipeline.py", line 3474, in _handle_duplicates
    analysis_result = self.duplicate_analyzer.analyze_duplicates(df_with_timestamp, timestamp_column=timestamp_column)
  File "/Users/remyroche/Documents/Ares/src/utils/data/quality/comprehensive_duplicate_analyzer.py", line 86, in analyze_duplicates
    classified_groups = self._classify_duplicate_groups(duplicate_groups)
  File "/Users/remyroche/Documents/Ares/src/utils/data/quality/comprehensive_duplicate_analyzer.py", line 253, in _classify_duplicate_groups
    if val1 != val2:
  File "pandas/_libs/missing.pyx", line 392, in pandas._libs.missing.NAType.__bool__
TypeError: boolean value of NA is ambiguous
2026-01-11 01:01:45,104 - System.tprint - ERROR - ❌ 
Traceback (most recent call last):
  File "/Users/remyroche/Documents/Ares/src/training/steps/data_collection/enhanced_klines_processing_pipeline.py", line 3474, in _handle_duplicates
    analysis_result = self.duplicate_analyzer.analyze_duplicates(df_with_timestamp, timestamp_column=timestamp_column)
  File "/Users/remyroche/Documents/Ares/src/utils/data/quality/comprehensive_duplicate_analyzer.py", line 86, in analyze_duplicates
    classified_groups = self._classify_duplicate_groups(duplicate_groups)
  File "/Users/remyroche/Documents/Ares/src/utils/data/quality/comprehensive_duplicate_analyzer.py", line 253, in _classify_duplicate_groups
    if val1 != val2:
  File "pandas/_libs/missing.pyx", line 392, in pandas._libs.missing.NAType.__bool__
TypeError: boolean value of NA is ambiguous
[2026-01-11 01:01:48.292] ERROR: ❌ Pipeline processing failed: Duplicate handling failed: ['Duplicate handling failed: boolean value of NA is ambiguous']
2026-01-11 01:01:48,293 - System.tprint - ERROR - ❌ Pipeline processing failed: Duplicate handling failed: ['Duplicate handling failed: boolean value of NA is ambiguous']

Traceback (most recent call last):
  File "/Users/remyroche/Documents/Ares/src/training/steps/data_collection/enhanced_klines_processing_pipeline.py", line 1093, in process_klines_data
    raise RuntimeError(f"Duplicate handling failed: {duplicate_result.errors}")
RuntimeError: Duplicate handling failed: ['Duplicate handling failed: boolean value of NA is ambiguous']
2026-01-11 01:01:48,293 - System.tprint - ERROR - ❌ 
Traceback (most recent call last):
  File "/Users/remyroche/Documents/Ares/src/training/steps/data_collection/enhanced_klines_processing_pipeline.py", line 1093, in process_klines_data
    raise RuntimeError(f"Duplicate handling failed: {duplicate_result.errors}")
RuntimeError: Duplicate handling failed: ['Duplicate handling failed: boolean value of NA is ambiguous']
✅ LINKUSDT: Success=False, Quality=DataQualityLevel.FAILED

============================================================
📦 Processing Asset 2/2: SOLUSDT
============================================================
⏰ Start: 2026-01-11 01:01:49
DEBUG MULTI: resampling_config=ResamplingConfig(target_intervals=['5m', '15m', '30m', '1h'], method='ohlc', preserve_volume=True, validate_continuity=True, resample_older_than_days=0, enable_auto_resampling=True)
2026-01-11 01:01:54,554 - System.ParquetUtils - INFO - ℹ️ ✅ Read parquet: solusdt_1m_2023_03.parquet -> (44560, 11)
2026-01-11 01:01:54,582 - System.DataProcessor - INFO - ℹ️ 🔧 Optimizing data types - Initial memory: 12.81 MB
2026-01-11 01:01:54,609 - System.DataProcessor - INFO - ℹ️ 🔧 Data type optimization complete:
2026-01-11 01:01:54,609 - System.DataProcessor - INFO - ℹ️    Initial memory: 12.81 MB
2026-01-11 01:01:54,609 - System.DataProcessor - INFO - ℹ️    Final memory: 1.74 MB
2026-01-11 01:01:54,609 - System.DataProcessor - INFO - ℹ️    Memory reduction: 86.4%
2026-01-11 01:01:54,641 - KlinesParquetManager - INFO - ℹ️ 💾 Saved 44560 records to solusdt_1m_2023_03.parquet
2026-01-11 01:01:57,557 - System.ParquetUtils - INFO - ℹ️ ✅ Read parquet: solusdt_1m_2023_04.parquet -> (43200, 11)
2026-01-11 01:01:57,579 - System.DataProcessor - INFO - ℹ️ 🔧 Optimizing data types - Initial memory: 12.43 MB
2026-01-11 01:01:57,598 - System.DataProcessor - INFO - ℹ️ 🔧 Data type optimization complete:
2026-01-11 01:01:57,598 - System.DataProcessor - INFO - ℹ️    Initial memory: 12.43 MB
2026-01-11 01:01:57,598 - System.DataProcessor - INFO - ℹ️    Final memory: 1.69 MB
2026-01-11 01:01:57,598 - System.DataProcessor - INFO - ℹ️    Memory reduction: 86.4%
2026-01-11 01:01:57,621 - KlinesParquetManager - INFO - ℹ️ 💾 Saved 43200 records to solusdt_1m_2023_04.parquet
2026-01-11 01:02:00,543 - System.ParquetUtils - INFO - ℹ️ ✅ Read parquet: solusdt_1m_2023_06.parquet -> (43200, 11)
2026-01-11 01:02:00,565 - System.DataProcessor - INFO - ℹ️ 🔧 Optimizing data types - Initial memory: 12.43 MB
2026-01-11 01:02:00,584 - System.DataProcessor - INFO - ℹ️ 🔧 Data type optimization complete:
2026-01-11 01:02:00,584 - System.DataProcessor - INFO - ℹ️    Initial memory: 12.43 MB
2026-01-11 01:02:00,584 - System.DataProcessor - INFO - ℹ️    Final memory: 1.69 MB
2026-01-11 01:02:00,584 - System.DataProcessor - INFO - ℹ️    Memory reduction: 86.4%
2026-01-11 01:02:00,606 - KlinesParquetManager - INFO - ℹ️ 💾 Saved 43200 records to solusdt_1m_2023_06.parquet
2026-01-11 01:02:03,245 - System.ParquetUtils - INFO - ℹ️ ✅ Read parquet: solusdt_1m_2023_06.parquet -> (43200, 11)
2026-01-11 01:02:03,266 - System.DataProcessor - INFO - ℹ️ 🔧 Optimizing data types - Initial memory: 12.43 MB
2026-01-11 01:02:03,284 - System.DataProcessor - INFO - ℹ️ 🔧 Data type optimization complete:
2026-01-11 01:02:03,284 - System.DataProcessor - INFO - ℹ️    Initial memory: 12.43 MB
2026-01-11 01:02:03,284 - System.DataProcessor - INFO - ℹ️    Final memory: 1.69 MB
2026-01-11 01:02:03,285 - System.DataProcessor - INFO - ℹ️    Memory reduction: 86.4%
2026-01-11 01:02:03,308 - KlinesParquetManager - INFO - ℹ️ 💾 Saved 43200 records to solusdt_1m_2023_06.parquet
2026-01-11 01:02:06,479 - System.ParquetUtils - INFO - ℹ️ ✅ Read parquet: solusdt_1m_2023_07.parquet -> (44640, 11)
2026-01-11 01:02:06,501 - System.DataProcessor - INFO - ℹ️ 🔧 Optimizing data types - Initial memory: 12.85 MB
2026-01-11 01:02:06,521 - System.DataProcessor - INFO - ℹ️ 🔧 Data type optimization complete:
2026-01-11 01:02:06,521 - System.DataProcessor - INFO - ℹ️    Initial memory: 12.85 MB
2026-01-11 01:02:06,521 - System.DataProcessor - INFO - ℹ️    Final memory: 1.75 MB
2026-01-11 01:02:06,521 - System.DataProcessor - INFO - ℹ️    Memory reduction: 86.4%
2026-01-11 01:02:06,545 - KlinesParquetManager - INFO - ℹ️ 💾 Saved 44640 records to solusdt_1m_2023_07.parquet
2026-01-11 01:02:09,651 - System.ParquetUtils - INFO - ℹ️ ✅ Read parquet: solusdt_1m_2023_08.parquet -> (44640, 11)
2026-01-11 01:02:09,675 - System.DataProcessor - INFO - ℹ️ 🔧 Optimizing data types - Initial memory: 12.85 MB
2026-01-11 01:02:09,697 - System.DataProcessor - INFO - ℹ️ 🔧 Data type optimization complete:
2026-01-11 01:02:09,697 - System.DataProcessor - INFO - ℹ️    Initial memory: 12.85 MB
2026-01-11 01:02:09,697 - System.DataProcessor - INFO - ℹ️    Final memory: 1.75 MB
2026-01-11 01:02:09,697 - System.DataProcessor - INFO - ℹ️    Memory reduction: 86.4%
2026-01-11 01:02:09,722 - KlinesParquetManager - INFO - ℹ️ 💾 Saved 44640 records to solusdt_1m_2023_08.parquet
2026-01-11 01:02:17,082 - System.ParquetUtils - INFO - ℹ️ ✅ Read parquet: solusdt_1m_2023_08.parquet -> (44640, 11)
2026-01-11 01:02:17,107 - System.DataProcessor - INFO - ℹ️ 🔧 Optimizing data types - Initial memory: 12.78 MB
2026-01-11 01:02:17,132 - System.DataProcessor - INFO - ℹ️ 🔧 Data type optimization complete:
2026-01-11 01:02:17,133 - System.DataProcessor - INFO - ℹ️    Initial memory: 12.78 MB
2026-01-11 01:02:17,133 - System.DataProcessor - INFO - ℹ️    Final memory: 1.75 MB
2026-01-11 01:02:17,133 - System.DataProcessor - INFO - ℹ️    Memory reduction: 86.3%
2026-01-11 01:02:17,156 - KlinesParquetManager - INFO - ℹ️ 💾 Saved 44640 records to solusdt_1m_2023_08.parquet
2026-01-11 01:02:17,168 - System.ParquetUtils - INFO - ℹ️ ✅ Read parquet: solusdt_1m_2023_09.parquet -> (43200, 11)
2026-01-11 01:02:17,191 - System.DataProcessor - INFO - ℹ️ 🔧 Optimizing data types - Initial memory: 12.44 MB
2026-01-11 01:02:17,210 - System.DataProcessor - INFO - ℹ️ 🔧 Data type optimization complete:
2026-01-11 01:02:17,211 - System.DataProcessor - INFO - ℹ️    Initial memory: 12.44 MB
2026-01-11 01:02:17,211 - System.DataProcessor - INFO - ℹ️    Final memory: 1.69 MB
2026-01-11 01:02:17,211 - System.DataProcessor - INFO - ℹ️    Memory reduction: 86.4%
2026-01-11 01:02:17,235 - KlinesParquetManager - INFO - ℹ️ 💾 Saved 43200 records to solusdt_1m_2023_09.parquet
2026-01-11 01:02:22,642 - System.ParquetUtils - INFO - ℹ️ ✅ Read parquet: solusdt_1m_2023_09.parquet -> (43200, 11)
2026-01-11 01:02:22,671 - System.DataProcessor - INFO - ℹ️ 🔧 Optimizing data types - Initial memory: 12.31 MB
2026-01-11 01:02:22,695 - System.DataProcessor - INFO - ℹ️ 🔧 Data type optimization complete:
2026-01-11 01:02:22,696 - System.DataProcessor - INFO - ℹ️    Initial memory: 12.31 MB
2026-01-11 01:02:22,696 - System.DataProcessor - INFO - ℹ️    Final memory: 1.69 MB
2026-01-11 01:02:22,696 - System.DataProcessor - INFO - ℹ️    Memory reduction: 86.3%
2026-01-11 01:02:22,724 - KlinesParquetManager - INFO - ℹ️ 💾 Saved 43200 records to solusdt_1m_2023_09.parquet
2026-01-11 01:02:34,707 - System.ParquetUtils - INFO - ℹ️ ✅ Read parquet: solusdt_1m_2023_09.parquet -> (43200, 11)
2026-01-11 01:02:34,732 - System.DataProcessor - INFO - ℹ️ 🔧 Optimizing data types - Initial memory: 12.23 MB
2026-01-11 01:02:34,753 - System.DataProcessor - INFO - ℹ️ 🔧 Data type optimization complete:
2026-01-11 01:02:34,753 - System.DataProcessor - INFO - ℹ️    Initial memory: 12.23 MB
2026-01-11 01:02:34,753 - System.DataProcessor - INFO - ℹ️    Final memory: 1.69 MB
2026-01-11 01:02:34,753 - System.DataProcessor - INFO - ℹ️    Memory reduction: 86.2%
2026-01-11 01:02:34,775 - KlinesParquetManager - INFO - ℹ️ 💾 Saved 43200 records to solusdt_1m_2023_09.parquet
2026-01-11 01:02:37,896 - System.ParquetUtils - INFO - ℹ️ ✅ Read parquet: solusdt_1m_2026_01.parquet -> (14383, 11)
2026-01-11 01:02:37,904 - System.DataProcessor - INFO - ℹ️ 🔧 Optimizing data types - Initial memory: 4.15 MB
2026-01-11 01:02:37,911 - System.DataProcessor - INFO - ℹ️ 🔧 Data type optimization complete:
2026-01-11 01:02:37,911 - System.DataProcessor - INFO - ℹ️    Initial memory: 4.15 MB
2026-01-11 01:02:37,911 - System.DataProcessor - INFO - ℹ️    Final memory: 0.56 MB
2026-01-11 01:02:37,911 - System.DataProcessor - INFO - ℹ️    Memory reduction: 86.4%
2026-01-11 01:02:37,917 - KlinesParquetManager - INFO - ℹ️ 💾 Saved 14403 records to solusdt_1m_2026_01.parquet
DEBUG: DataFrame shape before standardization: (1625086, 11)
DEBUG: DataFrame columns: ['open', 'high', 'low', 'close', 'volume', 'symbol', 'interval', 'exchange', 'year', 'month', 'day']
2026-01-11 01:02:39,635 - System.AdvancedQualityMetrics - INFO - ℹ️ 📊 AdvancedQualityMetrics initialized with tolerant parameters
2026-01-11 01:02:39,635 - DataCleaner - INFO - ℹ️ Using klines-specific gap thresholds: {<GapType.SMALL: 'small'>: 65, <GapType.MEDIUM: 'medium'>: 300, <GapType.LARGE: 'large'>: 1800, <GapType.CRITICAL: 'critical'>: 3600}
2026-01-11 01:02:39,635 - System.ComprehensiveQualityScorer.ComprehensiveQualityScorer - INFO - ℹ️ 📊 Comprehensive Quality Scorer initialized
2026-01-11 01:02:39,635 - System.AdvancedQualityMetrics - INFO - ℹ️ 📊 AdvancedQualityMetrics initialized with tolerant parameters
2026-01-11 01:02:39,635 - DataQualityFramework - INFO - ℹ️ 🔍 Starting quality validation for klines_validation
2026-01-11 01:02:39,635 - DataQualityFramework - INFO - ℹ️ 📊 DataFrame shape: (315450, 10)
2026-01-11 01:02:39,635 - DataQualityFramework - INFO - ℹ️ 📋 DataFrame columns (10): ['open', 'high', 'low', 'close', 'volume', 'symbol', 'interval', 'exchange', 'timestamp', 'timestamp_ms']
2026-01-11 01:02:39,635 - DataQualityFramework - INFO - ℹ️ 📐 DataFrame index type: DatetimeIndex
2026-01-11 01:02:39,636 - DataQualityFramework - INFO - ℹ️ 📐 DataFrame index name: timestamp
2026-01-11 01:02:39,708 - DataQualityFramework - INFO - ℹ️ 💾 Memory usage: 75.51 MB
2026-01-11 01:02:39,803 - DataQualityFramework - INFO - ℹ️ 📊 NaN Analysis: Total NaN count = 0, Overall ratio = 0.0000
2026-01-11 01:02:39,803 - DataQualityFramework - INFO - ℹ️ 📊 NaN Analysis (required OHLCV only): Total NaN count = 0, Required ratio = 0.0000
2026-01-11 01:02:39,803 - DataQualityFramework - INFO - ℹ️ 📊 NaN threshold for required columns: 0.0
2026-01-11 01:02:39,803 - DataQualityFramework - INFO - ℹ️ ✅ Required OHLCV columns are complete (NaN ratio: 0.0000)
🔍 [PRICE_ANOMALY_DEBUG] Price tolerance threshold: 0.001
🔍 [PRICE_ANOMALY_DEBUG] open range: min=13.680000, max=294.690002, mean=119.431555
🔍 [PRICE_ANOMALY_DEBUG] high range: min=13.730000, max=295.829987, mean=119.646949
🔍 [PRICE_ANOMALY_DEBUG] low range: min=12.800000, max=292.739990, mean=119.210784
🔍 [PRICE_ANOMALY_DEBUG] close range: min=13.690000, max=294.690002, mean=119.431992
🔍 [PRICE_ANOMALY_DEBUG] Anomaly breakdown: negative_prices=0, high_low_inversions=0, close_outside_range=0
🔍 [PRICE_ANOMALY_DEBUG] Total anomalies: 0
2026-01-11 01:02:49,430 - DataQualityFramework - INFO - ℹ️ 🕐 Timestamp validation: Checking for timestamp column or index
2026-01-11 01:02:49,430 - DataQualityFramework - INFO - ℹ️ 🕐 DataFrame has 'timestamp' column: True
2026-01-11 01:02:49,430 - DataQualityFramework - INFO - ℹ️ 🕐 DataFrame index name: timestamp
2026-01-11 01:02:49,430 - DataQualityFramework - INFO - ℹ️ 🕐 DataFrame index type: DatetimeIndex
2026-01-11 01:02:49,430 - DataQualityFramework - INFO - ℹ️ 🕐 Using DatetimeIndex as timestamp source
2026-01-11 01:02:49,446 - DataQualityFramework - INFO - ℹ️ 🔍 Running comprehensive duplicate timestamp analysis...
2026-01-11 01:02:49,446 - DataQualityFramework - INFO - ℹ️ 🔍 Starting comprehensive duplicate analysis on 315450 records
2026-01-11 01:02:49,455 - DataQualityFramework - INFO - ℹ️ ✅ No duplicate timestamps found
2026-01-11 01:02:49,455 - DataQualityFramework - INFO - ℹ️ ✅ Duplicate analysis completed: 0 duplicates in 0 groups
2026-01-11 01:02:49,576 - DataQualityFramework - INFO - ℹ️ Quality validation for klines_validation: FAILED (1 issues, 0 warnings)
2026-01-11 01:02:49,577 - DataQualityFramework - WARNING - ⚠️   - timestamp_issues: Found 1 timestamp issues: 315449 large gaps (max 155.0 min)
2026-01-11 01:02:49,577 - System.AdvancedQualityMetrics - INFO - ℹ️ 🔍 Performing comprehensive quality assessment...
2026-01-11 01:02:49,881 - System.AdvancedQualityMetrics - INFO - ℹ️ ✅ Quality assessment completed: score=80.0, issues=0, warnings=0, critical=0
2026-01-11 01:02:49,881 - System.ComprehensiveQualityScorer.ComprehensiveQualityScorer - INFO - ℹ️ 🔍 Assessing data quality for klines_validation - data_validation
2026-01-11 01:02:49,905 - System.AdvancedQualityMetrics - INFO - ℹ️ 🔍 Performing comprehensive quality assessment...
2026-01-11 01:02:50,171 - System.AdvancedQualityMetrics - INFO - ℹ️ ✅ Quality assessment completed: score=80.0, issues=0, warnings=0, critical=0
2026-01-11 01:02:50,305 - DataQualityFramework - INFO - ℹ️ 🔍 Starting quality validation for 
2026-01-11 01:02:50,306 - DataQualityFramework - INFO - ℹ️ 📊 DataFrame shape: (315450, 10)
2026-01-11 01:02:50,306 - DataQualityFramework - INFO - ℹ️ 📋 DataFrame columns (10): ['open', 'high', 'low', 'close', 'volume', 'symbol', 'interval', 'exchange', 'timestamp', 'timestamp_ms']
2026-01-11 01:02:50,306 - DataQualityFramework - INFO - ℹ️ 📐 DataFrame index type: DatetimeIndex
2026-01-11 01:02:50,306 - DataQualityFramework - INFO - ℹ️ 📐 DataFrame index name: timestamp
2026-01-11 01:02:50,391 - DataQualityFramework - INFO - ℹ️ 💾 Memory usage: 75.51 MB
2026-01-11 01:02:50,504 - DataQualityFramework - INFO - ℹ️ 📊 NaN Analysis: Total NaN count = 0, Overall ratio = 0.0000
2026-01-11 01:02:50,504 - DataQualityFramework - INFO - ℹ️ 📊 NaN Analysis (required OHLCV only): Total NaN count = 0, Required ratio = 0.0000
2026-01-11 01:02:50,504 - DataQualityFramework - INFO - ℹ️ 📊 NaN threshold for required columns: 0.0
2026-01-11 01:02:50,504 - DataQualityFramework - INFO - ℹ️ ✅ Required OHLCV columns are complete (NaN ratio: 0.0000)
🔍 [PRICE_ANOMALY_DEBUG] Price tolerance threshold: 0.001
🔍 [PRICE_ANOMALY_DEBUG] open range: min=13.680000, max=294.690002, mean=119.431555
🔍 [PRICE_ANOMALY_DEBUG] high range: min=13.730000, max=295.829987, mean=119.646949
🔍 [PRICE_ANOMALY_DEBUG] low range: min=12.800000, max=292.739990, mean=119.210784
🔍 [PRICE_ANOMALY_DEBUG] close range: min=13.690000, max=294.690002, mean=119.431992
🔍 [PRICE_ANOMALY_DEBUG] Anomaly breakdown: negative_prices=0, high_low_inversions=0, close_outside_range=0
🔍 [PRICE_ANOMALY_DEBUG] Total anomalies: 0
2026-01-11 01:03:00,494 - DataQualityFramework - INFO - ℹ️ 🕐 Timestamp validation: Checking for timestamp column or index
2026-01-11 01:03:00,495 - DataQualityFramework - INFO - ℹ️ 🕐 DataFrame has 'timestamp' column: True
2026-01-11 01:03:00,495 - DataQualityFramework - INFO - ℹ️ 🕐 DataFrame index name: timestamp
2026-01-11 01:03:00,495 - DataQualityFramework - INFO - ℹ️ 🕐 DataFrame index type: DatetimeIndex
2026-01-11 01:03:00,495 - DataQualityFramework - INFO - ℹ️ 🕐 Using DatetimeIndex as timestamp source
2026-01-11 01:03:00,509 - DataQualityFramework - INFO - ℹ️ 🔍 Running comprehensive duplicate timestamp analysis...
2026-01-11 01:03:00,510 - DataQualityFramework - INFO - ℹ️ 🔍 Starting comprehensive duplicate analysis on 315450 records
2026-01-11 01:03:00,518 - DataQualityFramework - INFO - ℹ️ ✅ No duplicate timestamps found
2026-01-11 01:03:00,519 - DataQualityFramework - INFO - ℹ️ ✅ Duplicate analysis completed: 0 duplicates in 0 groups
2026-01-11 01:03:00,634 - DataQualityFramework - INFO - ℹ️ Quality validation for : FAILED (1 issues, 0 warnings)
2026-01-11 01:03:00,635 - DataQualityFramework - WARNING - ⚠️   - timestamp_issues: Found 1 timestamp issues: 315449 large gaps (max 155.0 min)
2026-01-11 01:03:00,744 - System.ComprehensiveQualityScorer.ComprehensiveQualityScorer - INFO - ℹ️ ✅ Quality assessment completed: 0.92 (excellent)
2026-01-11 01:03:00,865 - src.utils.data.quality.comprehensive_duplicate_analyzer - INFO - ℹ️ 🔍 Starting comprehensive duplicate analysis on 315450 records
2026-01-11 01:03:00,873 - src.utils.data.quality.comprehensive_duplicate_analyzer - INFO - ℹ️ ✅ No duplicate timestamps found
2026-01-11 01:03:00,940 - src.utils.data.quality.comprehensive_duplicate_analyzer - INFO - ℹ️ 🔍 Starting comprehensive duplicate analysis on 1625086 records
[2026-01-11 01:03:12.864] ERROR: ❌ Duplicate handling failed: boolean value of NA is ambiguous
2026-01-11 01:03:12,865 - System.tprint - ERROR - ❌ Duplicate handling failed: boolean value of NA is ambiguous

Traceback (most recent call last):
  File "/Users/remyroche/Documents/Ares/src/training/steps/data_collection/enhanced_klines_processing_pipeline.py", line 3474, in _handle_duplicates
    analysis_result = self.duplicate_analyzer.analyze_duplicates(df_with_timestamp, timestamp_column=timestamp_column)
  File "/Users/remyroche/Documents/Ares/src/utils/data/quality/comprehensive_duplicate_analyzer.py", line 86, in analyze_duplicates
    classified_groups = self._classify_duplicate_groups(duplicate_groups)
  File "/Users/remyroche/Documents/Ares/src/utils/data/quality/comprehensive_duplicate_analyzer.py", line 253, in _classify_duplicate_groups
    # Non-numeric comparison or mixed types
  File "pandas/_libs/missing.pyx", line 392, in pandas._libs.missing.NAType.__bool__
TypeError: boolean value of NA is ambiguous
2026-01-11 01:03:12,866 - System.tprint - ERROR - ❌ 
Traceback (most recent call last):
  File "/Users/remyroche/Documents/Ares/src/training/steps/data_collection/enhanced_klines_processing_pipeline.py", line 3474, in _handle_duplicates
    analysis_result = self.duplicate_analyzer.analyze_duplicates(df_with_timestamp, timestamp_column=timestamp_column)
  File "/Users/remyroche/Documents/Ares/src/utils/data/quality/comprehensive_duplicate_analyzer.py", line 86, in analyze_duplicates
    classified_groups = self._classify_duplicate_groups(duplicate_groups)
  File "/Users/remyroche/Documents/Ares/src/utils/data/quality/comprehensive_duplicate_analyzer.py", line 253, in _classify_duplicate_groups
    # Non-numeric comparison or mixed types
  File "pandas/_libs/missing.pyx", line 392, in pandas._libs.missing.NAType.__bool__
TypeError: boolean value of NA is ambiguous
[2026-01-11 01:03:13.066] ERROR: ❌ Pipeline processing failed: Duplicate handling failed: ['Duplicate handling failed: boolean value of NA is ambiguous']
2026-01-11 01:03:13,066 - System.tprint - ERROR - ❌ Pipeline processing failed: Duplicate handling failed: ['Duplicate handling failed: boolean value of NA is ambiguous']

Traceback (most recent call last):
  File "/Users/remyroche/Documents/Ares/src/training/steps/data_collection/enhanced_klines_processing_pipeline.py", line 1093, in process_klines_data
    raise RuntimeError(f"Duplicate handling failed: {duplicate_result.errors}")
RuntimeError: Duplicate handling failed: ['Duplicate handling failed: boolean value of NA is ambiguous']
2026-01-11 01:03:13,066 - System.tprint - ERROR - ❌ 
Traceback (most recent call last):
  File "/Users/remyroche/Documents/Ares/src/training/steps/data_collection/enhanced_klines_processing_pipeline.py", line 1093, in process_klines_data
    raise RuntimeError(f"Duplicate handling failed: {duplicate_result.errors}")
RuntimeError: Duplicate handling failed: ['Duplicate handling failed: boolean value of NA is ambiguous']
✅ SOLUSDT: Success=False, Quality=DataQualityLevel.FAILED

================================================================================
📊 MULTI-ASSET PROCESSING SUMMARY
================================================================================
   - Total Assets: 2
   - Successful: 0
   - Failed: 2

   ❌ LINKUSDT: DataQualityLevel.FAILED
   ❌ SOLUSDT: DataQualityLevel.FAILED

⏰ End time: 2026-01-11 01:03:13
2026-01-11 01:03:13,374 - ares.registry - INFO - ℹ️ Registered step: data_download
