2025-12-29 23:58:41,726 - numexpr.utils - INFO - ℹ️ NumExpr defaulting to 8 threads.
2025-12-29 23:58:41,897 - DataQualityFramework - INFO - ℹ️ ✅ Comprehensive duplicate analyzer integrated
2025-12-29 23:58:41,897 - DataQualityFramework - INFO - ℹ️ 🔧 Unified Data Quality Framework initialized (singleton)
[2025-12-29 23:58:41.897] PERFORMANCE: DataQualityFramework initialization took 0.000s
2025-12-29 23:58:41,897 - System.tprint - INFO - ℹ️ DataQualityFramework initialization took 0.000s
2025-12-29 23:58:42,405 - System.AdvancedQualityMetrics - INFO - ℹ️ 📊 AdvancedQualityMetrics initialized with tolerant parameters
[2025-12-29 23:58:42.406] PERFORMANCE: AdvancedQualityMetrics initialization took 0.000s
2025-12-29 23:58:42,406 - System.tprint - INFO - ℹ️ AdvancedQualityMetrics initialization took 0.000s
2025-12-29 23:58:42,407 - DataCleaner - INFO - ℹ️ Using klines-specific gap thresholds: {<GapType.SMALL: 'small'>: 65, <GapType.MEDIUM: 'medium'>: 300, <GapType.LARGE: 'large'>: 1800, <GapType.CRITICAL: 'critical'>: 3600}
[2025-12-29 23:58:42.408] PERFORMANCE: DataCleaner(klines) initialization took 0.000s
2025-12-29 23:58:42,408 - System.tprint - INFO - ℹ️ DataCleaner(klines) initialization took 0.000s
2025-12-29 23:58:42,408 - DataCleaner - INFO - ℹ️ Using klines-specific gap thresholds: {<GapType.SMALL: 'small'>: 65, <GapType.MEDIUM: 'medium'>: 300, <GapType.LARGE: 'large'>: 1800, <GapType.CRITICAL: 'critical'>: 3600}
[2025-12-29 23:58:42.408] PERFORMANCE: DataCleaner(klines) initialization took 0.000s
2025-12-29 23:58:42,408 - System.tprint - INFO - ℹ️ DataCleaner(klines) initialization took 0.000s
2025-12-29 23:58:42,408 - DataCleanerManager - INFO - ℹ️ 🔧 DataCleanerManager initialized (singleton)
[2025-12-29 23:58:42.481] DEBUG: 🔧 [features_common.utils] Initializing common utilities module
[2025-12-29 23:58:42.481] SUCCESS: ✅ [features_common.utils] Math validation utilities loaded
2025-12-29 23:58:42,482 - System.tprint - INFO - ℹ️ ✅ [features_common.utils] Math validation utilities loaded
[2025-12-29 23:58:42.481] DEBUG: 🔧 [features_common.utils] Common utilities module initialized
2025-12-29 23:58:44,783 - src.utils.hardware.m1_gpu_utils.M1GPUManager - INFO - ℹ️ M1 GPU Manager initialized - M1: True, Generation: m1, MPS: True
2025-12-29 23:58:44,798 - src.utils.hardware.m1_cpu_optimizer.M1CPUOptimizer - INFO - ℹ️ 🧠 M1 CPU Optimizer initialized for M1 (4P+4E cores)
[2025-12-29 23:58:45.118] DEBUG: 🔧 [transforms] Module initialized with 14 exports
2025-12-29 23:58:45,118 - src.features_common.backward_compatibility - INFO - ℹ️ Backward compatibility ensured for features_common
[2025-12-29 23:58:45.118] DEBUG: 🔧 [optimization] Module initialized with 6 exports
[2025-12-29 23:58:45.118] DEBUG: 🔧 [registry] Module initialized with BaseFeatureRegistry
[2025-12-29 23:58:45.120] DEBUG: 🚀 [features_common] Enhanced module initialized with 59 exports
[2025-12-29 23:58:45.120] SUCCESS: ✅ [features_common] All optimizations enabled by default
2025-12-29 23:58:45,120 - System.tprint - INFO - ℹ️ ✅ [features_common] All optimizations enabled by default
[2025-12-29 23:58:45.120] INFO: 🔧 [features_common] VectorBT integration available
2025-12-29 23:58:45,120 - System.tprint - INFO - ℹ️ 🔧 [features_common] VectorBT integration available
[2025-12-29 23:58:45.120] PERFORMANCE: 📊 [features_common] Performance monitoring enabled
2025-12-29 23:58:45,120 - System.tprint - INFO - ℹ️ 📊 [features_common] Performance monitoring enabled
[2025-12-29 23:58:45.120] WARNING: 💾 [features_common] Intelligent caching active
2025-12-29 23:58:45,120 - System.tprint - WARNING - ⚠️ 💾 [features_common] Intelligent caching active
2025-12-29 23:58:45,120 - System.DataStreamingManager - INFO - ℹ️ 🚀 DataStreamingManager initialized (singleton): chunk_size=10000, memory_threshold=0.8
[2025-12-29 23:58:45.120] PERFORMANCE: DataStreamingManager initialization took 0.000s
2025-12-29 23:58:45,120 - System.tprint - INFO - ℹ️ DataStreamingManager initialization took 0.000s
2025-12-29 23:58:45,133 - System.EvaluationUtils - INFO - ℹ️ EvaluationUtils delegating core metric computation to unified_evaluator
[2025-12-29 23:58:45.139] ✅ Custom logger available for MLCommon.ConfidenceMetrics
2025-12-29 23:58:45,140 - System.tprint - INFO - ℹ️ ✅ Custom logger available for MLCommon.ConfidenceMetrics
[2025-12-29 23:58:45.139] ✅ Custom logger available for MLCommon.ModelExplanations
2025-12-29 23:58:45,140 - System.tprint - INFO - ℹ️ ✅ Custom logger available for MLCommon.ModelExplanations
2025-12-29 23:58:45,641 - MLCommon.ModelExplanations - INFO - ℹ️ LIME library available - LIME explanations enabled
[2025-12-29 23:58:45.642] ✅ Custom logger available for MLCommon.ModelRegistry
2025-12-29 23:58:45,642 - System.tprint - INFO - ℹ️ ✅ Custom logger available for MLCommon.ModelRegistry
[2025-12-29 23:58:45.642] ✅ Custom logger available for MLCommon.ModelExplainability
2025-12-29 23:58:45,642 - System.tprint - INFO - ℹ️ ✅ Custom logger available for MLCommon.ModelExplainability
[2025-12-29 23:58:45.685] ✅ Custom logger available for MLCommon.CV
2025-12-29 23:58:45,685 - System.tprint - INFO - ℹ️ ✅ Custom logger available for MLCommon.CV
2025-12-29 23:58:45,686 - src.utils.ml_common.validation.enhanced_validation - INFO - ℹ️ ✅ Enhanced Validation initialized
[2025-12-29 23:58:45.687] ✅ Custom logger available for MLCommon.ValidationUtils
2025-12-29 23:58:45,687 - System.tprint - INFO - ℹ️ ✅ Custom logger available for MLCommon.ValidationUtils
[2025-12-29 23:58:45.690] ✅ Custom logger available for MLCommon.HPOUtils
2025-12-29 23:58:45,690 - System.tprint - INFO - ℹ️ ✅ Custom logger available for MLCommon.HPOUtils
2025-12-29 23:58:45,741 - src.utils.matrix_operations.enhanced_operations.CustomMatrixOperationsRegistry - INFO - ℹ️ 📝 Registered custom matrix operation: gpu_condition_number
2025-12-29 23:58:45,742 - src.utils.matrix_operations.enhanced_operations.CustomMatrixOperationsRegistry - INFO - ℹ️ 📝 Registered custom matrix operation: gpu_matrix_rank
2025-12-29 23:58:45,742 - src.utils.matrix_operations.enhanced_operations.CustomMatrixOperationsRegistry - INFO - ℹ️ 📝 Registered custom matrix operation: matrix_normalize
2025-12-29 23:58:45,742 - src.utils.matrix_operations.enhanced_operations.CustomMatrixOperationsRegistry - INFO - ℹ️ 📝 Registered custom matrix operation: extract_matrix_features
2025-12-29 23:58:45,744 - src.utils.matrix_operations - INFO - ℹ️ ✅ Unified Matrix Operations module initialized
2025-12-29 23:58:45,744 - src.utils.matrix_operations - INFO - ℹ️ 📦 Version: 1.0.0
2025-12-29 23:58:45,744 - src.utils.matrix_operations - INFO - ℹ️ 🔧 Features: VectorBT optimizations, GPU acceleration, memory optimization, vectorized processing, batch operations
2025-12-29 23:58:45,744 - src.utils.matrix_operations - INFO - ℹ️ 🍎 Optimized for: Apple Silicon M1/M2/M3 Macs
2025-12-29 23:58:45,744 - src.utils.matrix_operations - INFO - ℹ️ 🚀 VectorBT optimizations enabled - expect 2-10x performance improvements
2025-12-29 23:58:45,744 - src.utils.matrix_operations - INFO - ℹ️ 🎯 VectorBTRollingOptimizer available - enhanced rolling operations
2025-12-29 23:58:45,744 - src.utils.matrix_operations - INFO - ℹ️ ⚡ UnifiedVectorizationManager available - unified vectorization operations
2025-12-29 23:58:45,746 - System.ComplementaryLookbackOptimizer - INFO - ℹ️ ✅ Detected VectorBT v0.28.1
2025-12-29 23:58:45,750 - src.feature_generation.utils.feature_generation_optimization - INFO - ℹ️ ✅ VectorBT available for feature optimization
2025-12-29 23:58:45,771 - root - INFO - ℹ️ ✅ VectorBT compatibility layer loaded successfully
2025-12-29 23:58:46,141 - root - INFO - ℹ️ ✅ Enhanced VectorBT volatility generators loaded successfully
2025-12-29 23:58:46,248 - src.feature_generation.core.feature_registry.FeatureRegistry - INFO - ℹ️ FeatureRegistry initialized
[2025-12-29 23:58:46.248] 🔧 Initializing AutoOptimizationConfig...
2025-12-29 23:58:46,248 - System.tprint - INFO - ℹ️ 🔧 Initializing AutoOptimizationConfig...
[2025-12-29 23:58:46.248] 📝 Setting up conservative optimization settings...
2025-12-29 23:58:46,249 - System.tprint - INFO - ℹ️ 📝 Setting up conservative optimization settings...
[2025-12-29 23:58:46.248] ✅ Conservative settings configured
2025-12-29 23:58:46,249 - System.tprint - INFO - ℹ️ ✅ Conservative settings configured
[2025-12-29 23:58:46.248] 📝 Setting up balanced optimization settings...
2025-12-29 23:58:46,249 - System.tprint - INFO - ℹ️ 📝 Setting up balanced optimization settings...
[2025-12-29 23:58:46.248] ✅ Balanced settings configured
2025-12-29 23:58:46,249 - System.tprint - INFO - ℹ️ ✅ Balanced settings configured
[2025-12-29 23:58:46.248] 📝 Setting up aggressive optimization settings...
2025-12-29 23:58:46,249 - System.tprint - INFO - ℹ️ 📝 Setting up aggressive optimization settings...
[2025-12-29 23:58:46.248] ✅ Aggressive settings configured
2025-12-29 23:58:46,249 - System.tprint - INFO - ℹ️ ✅ Aggressive settings configured
[2025-12-29 23:58:46.248] 🎯 AutoOptimizationConfig initialized with balanced strategy
2025-12-29 23:58:46,249 - System.tprint - INFO - ℹ️ 🎯 AutoOptimizationConfig initialized with balanced strategy
[2025-12-29 23:58:46.249] ✅ Auto-optimization enabled for FeatureBank (default)
2025-12-29 23:58:46,249 - System.tprint - INFO - ℹ️ ✅ Auto-optimization enabled for FeatureBank (default)
2025-12-29 23:58:46,250 - src.feature_generation.utils.memory_pool_optimizer.MemoryPoolOptimizer - INFO - ℹ️ Memory pool optimizer initialized
2025-12-29 23:58:46,250 - src.utils.hardware.m1_memory_optimizer.M1MemoryOptimizer - INFO - ℹ️ 🧠 Memory limit set to 8.0 GB (8589934592.0 bytes)
2025-12-29 23:58:46,271 - src.utils.hardware.m1_memory_optimizer.M1MemoryOptimizer - INFO - ℹ️ 🧠 M1 Memory Optimizer initialized for M1
2025-12-29 23:58:46,271 - src.utils.hardware.unified_hardware_manager.UnifiedHardwareManager - INFO - ℹ️ 🔧 Unified Hardware Manager initialized
2025-12-29 23:58:46,271 - src.utils.hardware.unified_hardware_manager.HardwarePerformanceMonitor - INFO - ℹ️ 🔍 Hardware performance monitoring started
2025-12-29 23:58:46,272 - src.utils.hardware.m1_memory_optimizer.M1MemoryOptimizer - INFO - ℹ️ 🧠 M1 memory monitoring started
2025-12-29 23:58:46,272 - src.utils.hardware.unified_hardware_manager.UnifiedHardwareManager - INFO - ℹ️ ✅ Unified Hardware Manager fully initialized
2025-12-29 23:58:46,272 - src.utils.hardware.unified_hardware_manager.UnifiedHardwareManager - INFO - ℹ️ 🎯 Optimizing for feature_engineering workload (balanced)
2025-12-29 23:58:46,276 - src.utils.ml_common.hardware_singleton - INFO - ℹ️ 🔍 Detecting hardware capabilities (one-time detection)...
2025-12-29 23:58:46,276 - src.utils.ml_common.hardware_singleton - INFO - ℹ️ ✅ Hardware detection complete: {'cpu_cores': 8, 'gpu_available': True, 'gpu_type': 'mps', 'memory_gb': 16.0, 'mps_available': True, 'gpu_memory_gb': None}
[2025-12-29 23:58:46.276] 🚀 Initializing Unified Vectorization Manager...
2025-12-29 23:58:46,276 - System.tprint - INFO - ℹ️ 🚀 Initializing Unified Vectorization Manager...
[2025-12-29 23:58:46.276] 🔄 Initializing optimization components...
2025-12-29 23:58:46,276 - System.tprint - INFO - ℹ️ 🔄 Initializing optimization components...
[2025-12-29 23:58:46.276] 🔄 Initializing optimization components...
2025-12-29 23:58:46,276 - System.tprint - INFO - ℹ️ 🔄 Initializing optimization components...
[2025-12-29 23:58:46.276] 🔄 Loading VectorBTRollingOptimizer...
2025-12-29 23:58:46,276 - System.tprint - INFO - ℹ️ 🔄 Loading VectorBTRollingOptimizer...
[2025-12-29 23:58:46.276] ✅ VectorBTRollingOptimizer loaded
2025-12-29 23:58:46,277 - System.tprint - INFO - ℹ️ ✅ VectorBTRollingOptimizer loaded
[2025-12-29 23:58:46.276] 🔄 Loading vectorized backtesting...
2025-12-29 23:58:46,277 - System.tprint - INFO - ℹ️ 🔄 Loading vectorized backtesting...
2025-12-29 23:58:46,278 - System.VectorizedBacktestingEngine - INFO - ℹ️ ✅ Vectorized Backtesting Engine initialized successfully
[2025-12-29 23:58:46.278] ✅ Vectorized backtesting loaded
2025-12-29 23:58:46,278 - System.tprint - INFO - ℹ️ ✅ Vectorized backtesting loaded
[2025-12-29 23:58:46.278] 🔄 Loading VectorBT backtesting engine...
2025-12-29 23:58:46,278 - System.tprint - INFO - ℹ️ 🔄 Loading VectorBT backtesting engine...
2025-12-29 23:58:46,279 - System.VectorBTBacktestingEngine - INFO - ℹ️ ✅ VectorBT Backtesting Engine initialized successfully
[2025-12-29 23:58:46.279] ✅ VectorBT backtesting engine loaded
2025-12-29 23:58:46,279 - System.tprint - INFO - ℹ️ ✅ VectorBT backtesting engine loaded
[2025-12-29 23:58:46.279] 🔄 Loading VectorBT financial metrics...
2025-12-29 23:58:46,280 - System.tprint - INFO - ℹ️ 🔄 Loading VectorBT financial metrics...
2025-12-29 23:58:46,281 - src.utils.ml_common.vectorbt_financial_metrics - INFO - ℹ️ ✅ VectorBT Financial Metrics initialized
2025-12-29 23:58:46,281 - src.utils.ml_common.vectorbt_financial_metrics - INFO - ℹ️ 📊 Risk-free rate: 2.00%
2025-12-29 23:58:46,281 - src.utils.ml_common.vectorbt_financial_metrics - INFO - ℹ️ 📊 Annualization factor: 252
2025-12-29 23:58:46,281 - src.utils.ml_common.vectorbt_financial_metrics - INFO - ℹ️ 📊 Regime analysis: True
[2025-12-29 23:58:46.281] ✅ VectorBT financial metrics loaded
2025-12-29 23:58:46,281 - System.tprint - INFO - ℹ️ ✅ VectorBT financial metrics loaded
[2025-12-29 23:58:46.281] 🔄 Loading VectorBT portfolio optimization...
2025-12-29 23:58:46,281 - System.tprint - INFO - ℹ️ 🔄 Loading VectorBT portfolio optimization...
2025-12-29 23:58:46,284 - src.utils.ml_common.vectorbt_memory_manager.VectorBTMemoryManager - INFO - ℹ️ ✅ VectorBT Memory Manager initialized
2025-12-29 23:58:46,284 - src.utils.ml_common.vectorbt_memory_manager.VectorBTMemoryManager - INFO - ℹ️ 📊 Total system memory: 16.00GB
2025-12-29 23:58:46,284 - src.utils.ml_common.vectorbt_memory_manager.VectorBTMemoryManager - INFO - ℹ️ 📊 Available memory: 7.20GB
2025-12-29 23:58:46,284 - src.utils.ml_common.vectorbt_memory_manager.VectorBTMemoryManager - INFO - ℹ️ 📊 Max allocated memory: 8.00GB
2025-12-29 23:58:46,285 - src.utils.ml_common.vectorbt_performance_monitor.VectorBTPerformanceMonitor - INFO - ℹ️ ✅ VectorBT Performance Monitor initialized
2025-12-29 23:58:46,285 - src.utils.ml_common.vectorbt_performance_monitor.VectorBTPerformanceMonitor - INFO - ℹ️ 📊 Monitoring enabled: timing=True, memory=True, gpu=True
2025-12-29 23:58:46,285 - src.utils.ml_common.vectorbt_portfolio_optimization - INFO - ℹ️ ✅ VectorBT Portfolio Optimizer initialized
2025-12-29 23:58:46,285 - src.utils.ml_common.vectorbt_portfolio_optimization - INFO - ℹ️ 📊 Method: mean_variance
2025-12-29 23:58:46,285 - src.utils.ml_common.vectorbt_portfolio_optimization - INFO - ℹ️ 📊 Rebalancing: monthly
2025-12-29 23:58:46,285 - src.utils.ml_common.vectorbt_portfolio_optimization - INFO - ℹ️ 📊 Risk aversion: 1.0
2025-12-29 23:58:46,285 - src.utils.ml_common.vectorbt_portfolio_optimization - INFO - ℹ️ 📊 Memory manager: 7.20GB available
[2025-12-29 23:58:46.285] ✅ VectorBT portfolio optimization loaded
2025-12-29 23:58:46,285 - System.tprint - INFO - ℹ️ ✅ VectorBT portfolio optimization loaded
[2025-12-29 23:58:46.285] 🔄 Loading matrix cross-validation...
2025-12-29 23:58:46,285 - System.tprint - INFO - ℹ️ 🔄 Loading matrix cross-validation...
2025-12-29 23:58:46,286 - src.utils.hardware.m1_memory_optimizer - INFO - ℹ️ 🧠 M1 Memory Optimizer initialized for M1
2025-12-29 23:58:46,305 - src.utils.hardware.m1_memory_optimizer.M1MemoryOptimizer - INFO - ℹ️ 🧠 M1 Memory Optimizer initialized for M1
2025-12-29 23:58:46,583 - src.feature_generation.core.vectorbt_batch_processor - INFO - ℹ️ VectorBTBatchProcessor initialized: VectorBT=True, GPU=False, Parallel=True
2025-12-29 23:58:46,583 - src.feature_generation.utils.unified_vectorization_manager - INFO - ℹ️ UnifiedVectorizationManager initialized: VectorBT=True, GPU=False, Memory=True
2025-12-29 23:58:46,583 - src.utils.matrix_operations.unified_operations.UnifiedMatrixOperations - INFO - ℹ️ 📊 GPU: False, Memory Opt: False, Parallel: False
2025-12-29 23:58:46,583 - src.utils.ml_common.matrix_cross_validation - INFO - ℹ️ 🚀 VectorBT configured for cross-validation optimization
2025-12-29 23:58:46,583 - src.utils.ml_common.matrix_cross_validation - INFO - ℹ️ ✅ Matrix-based cross-validator initialized
2025-12-29 23:58:46,583 - src.utils.ml_common.matrix_cross_validation - INFO - ℹ️ 📊 Configuration - Splits: 5, GPU: True, VectorBT: True
[2025-12-29 23:58:46.583] ✅ Matrix cross-validation loaded
2025-12-29 23:58:46,584 - System.tprint - INFO - ℹ️ ✅ Matrix cross-validation loaded
[2025-12-29 23:58:46.583] 🔄 Loading feature importance analyzer...
2025-12-29 23:58:46,584 - System.tprint - INFO - ℹ️ 🔄 Loading feature importance analyzer...
2025-12-29 23:58:46,591 - src.utils.ml_common.utils.memory_integration - INFO - ℹ️ 🔗 Integrating memory skimming with all ML utilities
2025-12-29 23:58:46,592 - src.utils.ml_common.utils.memory_integration - INFO - ℹ️ ✅ Successfully imported HPO utilities (direct import)
2025-12-29 23:58:46,592 - src.utils.ml_common.utils.memory_integration - INFO - ℹ️ ✅ Memory skimming integrated with HPO utilities
2025-12-29 23:58:46,592 - src.utils.ml_common.utils.memory_integration - INFO - ℹ️ ✅ Successfully imported Unified CV utilities
2025-12-29 23:58:46,592 - src.utils.ml_common.utils.memory_integration - INFO - ℹ️ ✅ Memory skimming integrated with Unified CV utilities
2025-12-29 23:58:46,592 - src.utils.ml_common.utils.memory_integration - INFO - ℹ️ ✅ Memory skimming integrated with lookahead protection utilities
2025-12-29 23:58:46,592 - src.utils.ml_common.utils.memory_integration - INFO - ℹ️ Skipping model evaluation memory integration (deprecated)
2025-12-29 23:58:46,592 - src.utils.ml_common.utils.memory_integration - INFO - ℹ️ ✅ Successfully imported feature selection utilities
2025-12-29 23:58:46,592 - src.utils.ml_common.utils.memory_integration - INFO - ℹ️ ✅ Memory skimming integrated with feature selection utilities
2025-12-29 23:58:46,593 - src.utils.ml_common.utils.memory_integration - INFO - ℹ️ ✅ Successfully imported data quality utilities
2025-12-29 23:58:46,593 - src.utils.ml_common.utils.memory_integration - INFO - ℹ️ ✅ Memory skimming integrated with data quality utilities
2025-12-29 23:58:46,593 - src.utils.ml_common.utils.memory_integration - INFO - ℹ️ ✅ Memory skimming integration completed: 6/6 successful
[2025-12-29 23:58:46.593] ✅ Custom logger available for MLCommon.ThreadGuard
2025-12-29 23:58:46,593 - System.tprint - INFO - ℹ️ ✅ Custom logger available for MLCommon.ThreadGuard
[2025-12-29 23:58:46.593] ✅ threadpoolctl available for thread management
2025-12-29 23:58:46,593 - System.tprint - INFO - ℹ️ ✅ threadpoolctl available for thread management
[2025-12-29 23:58:46.593] ✅ Custom logger available for MLCommon.BaseSafeguards
2025-12-29 23:58:46,593 - System.tprint - INFO - ℹ️ ✅ Custom logger available for MLCommon.BaseSafeguards
[2025-12-29 23:58:46.595] ✅ Scikit-learn available for thresholding functionality
2025-12-29 23:58:46,595 - System.tprint - INFO - ℹ️ ✅ Scikit-learn available for thresholding functionality
[2025-12-29 23:58:46.595] ✅ Custom logger available for FeatureSelection.BaseFramework
2025-12-29 23:58:46,595 - System.tprint - INFO - ℹ️ ✅ Custom logger available for FeatureSelection.BaseFramework
[2025-12-29 23:58:46.595] ✅ Custom logger available for FeatureSelection.DataValidation
2025-12-29 23:58:46,595 - System.tprint - INFO - ℹ️ ✅ Custom logger available for FeatureSelection.DataValidation
[2025-12-29 23:58:46.595] ✅ Vectorization utilities available for feature selection
2025-12-29 23:58:46,596 - System.tprint - INFO - ℹ️ ✅ Vectorization utilities available for feature selection
[2025-12-29 23:58:46.596] ✅ Custom logger available for FeatureSelection.SelectionMethods
2025-12-29 23:58:46,596 - System.tprint - INFO - ℹ️ ✅ Custom logger available for FeatureSelection.SelectionMethods
[2025-12-29 23:58:46.619] ✅ Custom logger available for FeatureSelection.StabilityAnalysis
2025-12-29 23:58:46,619 - System.tprint - INFO - ℹ️ ✅ Custom logger available for FeatureSelection.StabilityAnalysis
[2025-12-29 23:58:46.619] ✅ Custom logger available for FeatureSelection.PerformanceMonitoring
2025-12-29 23:58:46,619 - System.tprint - INFO - ℹ️ ✅ Custom logger available for FeatureSelection.PerformanceMonitoring
[2025-12-29 23:58:46.619] ✅ Custom logger available for FeatureSelection.QualityMetrics
2025-12-29 23:58:46,620 - System.tprint - INFO - ℹ️ ✅ Custom logger available for FeatureSelection.QualityMetrics
[2025-12-29 23:58:46.620] ✅ Custom logger available for FeatureSelection.TemporalAnalysis
2025-12-29 23:58:46,620 - System.tprint - INFO - ℹ️ ✅ Custom logger available for FeatureSelection.TemporalAnalysis
[2025-12-29 23:58:46.620] ✅ Custom logger available for FeatureSelection.CausalAnalysis
2025-12-29 23:58:46,620 - System.tprint - INFO - ℹ️ ✅ Custom logger available for FeatureSelection.CausalAnalysis
[2025-12-29 23:58:46.622] ✅ Custom logger available for FeatureSelection.MainFramework
2025-12-29 23:58:46,622 - System.tprint - INFO - ℹ️ ✅ Custom logger available for FeatureSelection.MainFramework
[2025-12-29 23:58:46.639] 🔍 FeatureImportanceAnalyzer initialized with methods: ['random_forest', 'lasso', 'mutual_info']
2025-12-29 23:58:46,639 - System.tprint - INFO - ℹ️ 🔍 FeatureImportanceAnalyzer initialized with methods: ['random_forest', 'lasso', 'mutual_info']
[2025-12-29 23:58:46.639] ✅ Feature importance analyzer loaded
2025-12-29 23:58:46,639 - System.tprint - INFO - ℹ️ ✅ Feature importance analyzer loaded
[2025-12-29 23:58:46.639] 🔄 Loading technical indicators...
2025-12-29 23:58:46,639 - System.tprint - INFO - ℹ️ 🔄 Loading technical indicators...
2025-12-29 23:58:46,640 - src.feature_generation.utils.feature_generators - INFO - ℹ️ ✅ TA-Lib available for enhanced technical indicators
2025-12-29 23:58:46,640 - src.feature_generation.utils.feature_generators - INFO - ℹ️ Using fallback implementations for feature selection tools
2025-12-29 23:58:46,658 - src.utils.hardware.m1_memory_optimizer.M1MemoryOptimizer - INFO - ℹ️ 🧠 M1 Memory Optimizer initialized for M1
2025-12-29 23:58:46,658 - src.feature_generation.utils.feature_generators.FeatureGenerators - INFO - ℹ️ ✅ Hardware optimization initialized
2025-12-29 23:58:46,658 - src.feature_generation.utils.feature_generators.FeatureGenerators - INFO - ℹ️ ✅ Matrix operations available for vectorization
[2025-12-29 23:58:46.659] ✅ Technical indicators loaded
2025-12-29 23:58:46,659 - System.tprint - INFO - ℹ️ ✅ Technical indicators loaded
[2025-12-29 23:58:46.659] ℹ️ HMM operations deprecated - using alternative methods
2025-12-29 23:58:46,659 - System.tprint - INFO - ℹ️ HMM operations deprecated - using alternative methods
[2025-12-29 23:58:46.659] ✅ Component initialization completed
2025-12-29 23:58:46,659 - System.tprint - INFO - ℹ️ ✅ Component initialization completed
[2025-12-29 23:58:46.659] 🔄 Setting up performance tracking...
2025-12-29 23:58:46,659 - System.tprint - INFO - ℹ️ 🔄 Setting up performance tracking...
[2025-12-29 23:58:46.659] ✅ Unified Vectorization Manager initialized
2025-12-29 23:58:46,659 - System.tprint - INFO - ℹ️ ✅ Unified Vectorization Manager initialized
2025-12-29 23:58:46,659 - src.utils.ml_common.unified_vectorization_manager - INFO - ℹ️ ✅ Unified Vectorization Manager initialized
2025-12-29 23:58:46,659 - src.feature_generation.utils.feature_generation_optimization.FeatureGenerationOptimizer - INFO - ℹ️ 🚀 Initializing FeatureGenerationOptimizer...
2025-12-29 23:58:46,660 - src.feature_generation.utils.feature_generation_optimization.FeatureGenerationOptimizer - INFO - ℹ️ 📊 Configuration loaded: cross_validation
2025-12-29 23:58:46,660 - src.feature_generation.utils.feature_generation_optimization.FeatureGenerationOptimizer - INFO - ℹ️ ✅ FeatureGenerationOptimizer initialized in 0.000s
2025-12-29 23:58:46,660 - src.feature_generation.utils.feature_generation_optimization.FeatureGenerationOptimizer - INFO - ℹ️ 📊 Min lookback: 5, Max lookback: 252
2025-12-29 23:58:46,660 - src.feature_generation.utils.feature_generation_optimization.FeatureGenerationOptimizer - INFO - ℹ️ 📊 CV folds: 3, Parallel processing: True
2025-12-29 23:58:46,660 - src.utils.parallel_processing_optimizer - INFO - ℹ️ 🍎 Detected Apple Silicon - applying M1-specific limits
2025-12-29 23:58:46,660 - src.utils.parallel_processing_optimizer - INFO - ℹ️ 🔧 Initialized MacM1ParallelOptimizer:
2025-12-29 23:58:46,660 - src.utils.parallel_processing_optimizer - INFO - ℹ️    Max workers: 4
2025-12-29 23:58:46,660 - src.utils.parallel_processing_optimizer - INFO - ℹ️    Chunk size: 1000
2025-12-29 23:58:46,660 - src.utils.parallel_processing_optimizer - INFO - ℹ️    Pool type: Process
2025-12-29 23:58:46,660 - src.utils.parallel_processing_optimizer - INFO - ℹ️    Memory limit per worker: 4096 MB
2025-12-29 23:58:46,660 - src.utils.parallel_processing_optimizer - INFO - ℹ️    M1 Mac detected: True
2025-12-29 23:58:46,660 - src.feature_generation.utils.optimization.lookback_optimizer.LookbackOptimizer - INFO - ℹ️ ✅ Legacy optimization system available
2025-12-29 23:58:46,661 - src.feature_generation.utils.optimization.lookback_optimizer.LookbackOptimizer - INFO - ℹ️ ✅ LookbackOptimizer initialized
2025-12-29 23:58:46,661 - src.feature_generation.core.feature_bank.FeatureBank - INFO - ℹ️ ✅ Regular lookback optimization enabled (Analyst mode)
[2025-12-29 23:58:46.661] ✅ FeatureBank set as global instance
2025-12-29 23:58:46,661 - System.tprint - INFO - ℹ️ ✅ FeatureBank set as global instance
[2025-12-29 23:58:46.661] 🔧 Auto-registering feature generators...
2025-12-29 23:58:46,661 - System.tprint - INFO - ℹ️ 🔧 Auto-registering feature generators...
[2025-12-29 23:58:46.661] 🔧 Starting auto-registration of feature generators...
2025-12-29 23:58:46,661 - System.tprint - INFO - ℹ️ 🔧 Starting auto-registration of feature generators...
[2025-12-29 23:58:46.661] 🚀 Initializing 16 feature categories...
2025-12-29 23:58:46,661 - System.tprint - INFO - ℹ️ 🚀 Initializing 16 feature categories...
2025-12-29 23:58:46,661 - src.feature_generation.core.vectorbt_feature_generator - WARNING - ⚠️ GPU acceleration not available in this VectorBT version
2025-12-29 23:58:46,663 - src.feature_generation.core.feature_generator.CustomAutoOptimizedFeatureGenerator - INFO - ℹ️ ✅ VectorBT advanced caching enabled: 1000MB, TTL: 3600s
[2025-12-29 23:58:46.663] 🔍 Getting settings for balanced optimization level...
2025-12-29 23:58:46,663 - System.tprint - INFO - ℹ️ 🔍 Getting settings for balanced optimization level...
2025-12-29 23:58:46,663 - src.feature_generation.utils.vectorbt_optimization_integration - INFO - ℹ️ VectorBTOptimizationManager initialized: GPU=False, Memory=True, Parallel=True
2025-12-29 23:58:46,663 - CustomAutoOptimizedFeatureGenerator - INFO - ℹ️ VectorBT optimization components initialized
2025-12-29 23:58:46,734 - src.feature_generation.utils.consolidated_rolling_optimizer - INFO - ℹ️ GPU memory test successful
2025-12-29 23:58:46,815 - src.feature_generation.categories.candlestick_pattern - INFO - ℹ️ ✅ VectorBTRollingOptimizer initialized for candlestick patterns
2025-12-29 23:58:46,815 - src.feature_generation.categories.candlestick_pattern - INFO - ℹ️ ✅ UnifiedVectorizationManager initialized for candlestick patterns
[2025-12-29 23:58:46.837] ℹ️ VectorBT not available, using core microstructure generators only (numpy-optimized)
2025-12-29 23:58:46,837 - System.tprint - INFO - ℹ️ VectorBT not available, using core microstructure generators only (numpy-optimized)
✅ Created 45 VectorBT-optimized acceleration generators
✅ Created 46 total acceleration generators with VectorBT optimization
2025-12-29 23:58:46,864 - src.feature_generation.utils.vectorization_optimizer.VectorizationOptimizer - INFO - ℹ️ ✅ Matrix operations initialized
2025-12-29 23:58:46,865 - src.feature_generation.utils.vectorization_optimizer.VectorizationOptimizer - INFO - ℹ️ ✅ Hardware manager initialized
2025-12-29 23:58:46,865 - src.feature_generation.utils.vectorization_optimizer.VectorizationOptimizer - INFO - ℹ️ ✅ Vectorized core initialized
2025-12-29 23:58:46,865 - src.feature_generation.utils.vectorization_optimizer.VectorizationOptimizer - INFO - ℹ️ ✅ Vectorization Optimizer initialized
[2025-12-29 23:58:46.879] ℹ️ VectorBT not available, using core microstructure generators only (numpy-optimized)
2025-12-29 23:58:46,879 - System.tprint - INFO - ℹ️ VectorBT not available, using core microstructure generators only (numpy-optimized)
[2025-12-29 23:58:46.886] ✅ Auto-registration completed. Registered 527 generators
2025-12-29 23:58:46,886 - System.tprint - INFO - ℹ️ ✅ Auto-registration completed. Registered 527 generators
2025-12-29 23:58:46,886 - src.feature_generation.core.feature_bank.FeatureBank - INFO - ℹ️ ✅ Auto-registered 527 generators from 16 categories
[2025-12-29 23:58:46.886] 🔍 Looking up generators for category: returns
2025-12-29 23:58:46,887 - System.tprint - INFO - ℹ️ 🔍 Looking up generators for category: returns
[2025-12-29 23:58:46.886] ✅ Found 57 generators for category: returns
2025-12-29 23:58:46,887 - System.tprint - INFO - ℹ️ ✅ Found 57 generators for category: returns
[2025-12-29 23:58:46.886] 🔍 Looking up generators for category: momentum
2025-12-29 23:58:46,887 - System.tprint - INFO - ℹ️ 🔍 Looking up generators for category: momentum
[2025-12-29 23:58:46.886] ✅ Found 32 generators for category: momentum
2025-12-29 23:58:46,887 - System.tprint - INFO - ℹ️ ✅ Found 32 generators for category: momentum
[2025-12-29 23:58:46.886] 🔍 Looking up generators for category: volume
2025-12-29 23:58:46,887 - System.tprint - INFO - ℹ️ 🔍 Looking up generators for category: volume
[2025-12-29 23:58:46.886] ✅ Found 60 generators for category: volume
2025-12-29 23:58:46,887 - System.tprint - INFO - ℹ️ ✅ Found 60 generators for category: volume
[2025-12-29 23:58:46.887] 🔍 Looking up generators for category: volatility
2025-12-29 23:58:46,887 - System.tprint - INFO - ℹ️ 🔍 Looking up generators for category: volatility
[2025-12-29 23:58:46.887] ✅ Found 54 generators for category: volatility
2025-12-29 23:58:46,888 - System.tprint - INFO - ℹ️ ✅ Found 54 generators for category: volatility
[2025-12-29 23:58:46.887] 🔍 Looking up generators for category: normalization
2025-12-29 23:58:46,888 - System.tprint - INFO - ℹ️ 🔍 Looking up generators for category: normalization
[2025-12-29 23:58:46.887] ✅ Found 0 generators for category: normalization
2025-12-29 23:58:46,888 - System.tprint - INFO - ℹ️ ✅ Found 0 generators for category: normalization
[2025-12-29 23:58:46.887] 🔍 Looking up generators for category: trend
2025-12-29 23:58:46,888 - System.tprint - INFO - ℹ️ 🔍 Looking up generators for category: trend
[2025-12-29 23:58:46.887] ✅ Found 60 generators for category: trend
2025-12-29 23:58:46,888 - System.tprint - INFO - ℹ️ ✅ Found 60 generators for category: trend
[2025-12-29 23:58:46.887] 🔍 Looking up generators for category: oscillator
2025-12-29 23:58:46,888 - System.tprint - INFO - ℹ️ 🔍 Looking up generators for category: oscillator
[2025-12-29 23:58:46.887] ✅ Found 11 generators for category: oscillator
2025-12-29 23:58:46,888 - System.tprint - INFO - ℹ️ ✅ Found 11 generators for category: oscillator
[2025-12-29 23:58:46.887] 🔍 Looking up generators for category: support_resistance
2025-12-29 23:58:46,888 - System.tprint - INFO - ℹ️ 🔍 Looking up generators for category: support_resistance
[2025-12-29 23:58:46.888] ✅ Found 50 generators for category: support_resistance
2025-12-29 23:58:46,889 - System.tprint - INFO - ℹ️ ✅ Found 50 generators for category: support_resistance
[2025-12-29 23:58:46.888] 🔍 Looking up generators for category: custom_support_resistance
2025-12-29 23:58:46,889 - System.tprint - INFO - ℹ️ 🔍 Looking up generators for category: custom_support_resistance
[2025-12-29 23:58:46.888] ✅ Found 0 generators for category: custom_support_resistance
2025-12-29 23:58:46,889 - System.tprint - INFO - ℹ️ ✅ Found 0 generators for category: custom_support_resistance
[2025-12-29 23:58:46.888] 🔍 Looking up generators for category: candlestick_pattern
2025-12-29 23:58:46,889 - System.tprint - INFO - ℹ️ 🔍 Looking up generators for category: candlestick_pattern
[2025-12-29 23:58:46.888] ✅ Found 16 generators for category: candlestick_pattern
2025-12-29 23:58:46,889 - System.tprint - INFO - ℹ️ ✅ Found 16 generators for category: candlestick_pattern
[2025-12-29 23:58:46.888] 🔍 Looking up generators for category: cross_timeframe
2025-12-29 23:58:46,889 - System.tprint - INFO - ℹ️ 🔍 Looking up generators for category: cross_timeframe
[2025-12-29 23:58:46.888] ✅ Found 22 generators for category: cross_timeframe
2025-12-29 23:58:46,889 - System.tprint - INFO - ℹ️ ✅ Found 22 generators for category: cross_timeframe
[2025-12-29 23:58:46.888] 🔍 Looking up generators for category: microstructure
2025-12-29 23:58:46,889 - System.tprint - INFO - ℹ️ 🔍 Looking up generators for category: microstructure
[2025-12-29 23:58:46.888] ✅ Found 15 generators for category: microstructure
2025-12-29 23:58:46,889 - System.tprint - INFO - ℹ️ ✅ Found 15 generators for category: microstructure
[2025-12-29 23:58:46.889] 🔍 Looking up generators for category: entropy
2025-12-29 23:58:46,890 - System.tprint - INFO - ℹ️ 🔍 Looking up generators for category: entropy
[2025-12-29 23:58:46.889] ✅ Found 35 generators for category: entropy
2025-12-29 23:58:46,890 - System.tprint - INFO - ℹ️ ✅ Found 35 generators for category: entropy
[2025-12-29 23:58:46.889] 🔍 Looking up generators for category: autoencoder
2025-12-29 23:58:46,890 - System.tprint - INFO - ℹ️ 🔍 Looking up generators for category: autoencoder
[2025-12-29 23:58:46.889] ✅ Found 0 generators for category: autoencoder
2025-12-29 23:58:46,890 - System.tprint - INFO - ℹ️ ✅ Found 0 generators for category: autoencoder
[2025-12-29 23:58:46.889] 🔍 Looking up generators for category: representation_learning
2025-12-29 23:58:46,890 - System.tprint - INFO - ℹ️ 🔍 Looking up generators for category: representation_learning
[2025-12-29 23:58:46.889] ✅ Found 0 generators for category: representation_learning
2025-12-29 23:58:46,890 - System.tprint - INFO - ℹ️ ✅ Found 0 generators for category: representation_learning
[2025-12-29 23:58:46.889] 🔍 Looking up generators for category: order_flow
2025-12-29 23:58:46,890 - System.tprint - INFO - ℹ️ 🔍 Looking up generators for category: order_flow
[2025-12-29 23:58:46.889] ✅ Found 0 generators for category: order_flow
2025-12-29 23:58:46,890 - System.tprint - INFO - ℹ️ ✅ Found 0 generators for category: order_flow
[2025-12-29 23:58:46.891] 🔍 Looking up generators for category: regime
2025-12-29 23:58:46,891 - System.tprint - INFO - ℹ️ 🔍 Looking up generators for category: regime
[2025-12-29 23:58:46.891] ✅ Found 0 generators for category: regime
2025-12-29 23:58:46,891 - System.tprint - INFO - ℹ️ ✅ Found 0 generators for category: regime
[2025-12-29 23:58:46.891] 🔍 Looking up generators for category: legacy
2025-12-29 23:58:46,891 - System.tprint - INFO - ℹ️ 🔍 Looking up generators for category: legacy
[2025-12-29 23:58:46.891] ✅ Found 0 generators for category: legacy
2025-12-29 23:58:46,891 - System.tprint - INFO - ℹ️ ✅ Found 0 generators for category: legacy
[2025-12-29 23:58:46.891] 🔍 Looking up generators for category: time
2025-12-29 23:58:46,891 - System.tprint - INFO - ℹ️ 🔍 Looking up generators for category: time
[2025-12-29 23:58:46.891] ✅ Found 0 generators for category: time
2025-12-29 23:58:46,891 - System.tprint - INFO - ℹ️ ✅ Found 0 generators for category: time
[2025-12-29 23:58:46.891] 🔍 Looking up generators for category: custom
2025-12-29 23:58:46,891 - System.tprint - INFO - ℹ️ 🔍 Looking up generators for category: custom
[2025-12-29 23:58:46.891] ✅ Found 0 generators for category: custom
2025-12-29 23:58:46,891 - System.tprint - INFO - ℹ️ ✅ Found 0 generators for category: custom
[2025-12-29 23:58:46.891] 🔍 Looking up generators for category: acceleration
2025-12-29 23:58:46,891 - System.tprint - INFO - ℹ️ 🔍 Looking up generators for category: acceleration
[2025-12-29 23:58:46.891] ✅ Found 46 generators for category: acceleration
2025-12-29 23:58:46,892 - System.tprint - INFO - ℹ️ ✅ Found 46 generators for category: acceleration
[2025-12-29 23:58:46.892] 🔍 Looking up generators for category: interaction
2025-12-29 23:58:46,892 - System.tprint - INFO - ℹ️ 🔍 Looking up generators for category: interaction
[2025-12-29 23:58:46.892] ✅ Found 8 generators for category: interaction
2025-12-29 23:58:46,892 - System.tprint - INFO - ℹ️ ✅ Found 8 generators for category: interaction
[2025-12-29 23:58:46.892] 🔍 Looking up generators for category: advanced_statistical
2025-12-29 23:58:46,892 - System.tprint - INFO - ℹ️ 🔍 Looking up generators for category: advanced_statistical
[2025-12-29 23:58:46.892] ✅ Found 6 generators for category: advanced_statistical
2025-12-29 23:58:46,892 - System.tprint - INFO - ℹ️ ✅ Found 6 generators for category: advanced_statistical
[2025-12-29 23:58:46.892] 🔍 Looking up generators for category: spectral_wavelet
2025-12-29 23:58:46,892 - System.tprint - INFO - ℹ️ 🔍 Looking up generators for category: spectral_wavelet
[2025-12-29 23:58:46.892] ✅ Found 6 generators for category: spectral_wavelet
2025-12-29 23:58:46,892 - System.tprint - INFO - ℹ️ ✅ Found 6 generators for category: spectral_wavelet
2025-12-29 23:58:46,892 - src.feature_generation.core.generator_factory - INFO - ℹ️ Populated generator factory with 478 generators
[2025-12-29 23:58:46.892] ✅ Generator factory populated with registered generators
2025-12-29 23:58:46,892 - System.tprint - INFO - ℹ️ ✅ Generator factory populated with registered generators
2025-12-29 23:58:46,893 - src.feature_generation.core.feature_bank.FeatureBank - INFO - ℹ️ ✅ FeatureBank initialized
2025-12-29 23:58:46,893 - src.feature_generation.core.feature_bank.FeatureBank - INFO - ℹ️ 📊 Matrix ops: True, GPU: True, Lookback opt: True
2025-12-29 23:58:46,893 - src.feature_generation - INFO - ℹ️ ✅ Unified Feature Generation System initialized
2025-12-29 23:58:46,893 - src.feature_generation - INFO - ℹ️ 📦 Version: 2.0.0
2025-12-29 23:58:46,893 - src.feature_generation - INFO - ℹ️ 🔧 Features: Category-based organization, advanced utilities, optimization
2025-12-29 23:58:46,893 - src.feature_generation - INFO - ℹ️ 🍎 Optimized for: Apple Silicon M1/M2/M3 Macs
2025-12-29 23:58:46,893 - src.feature_generation - INFO - ℹ️ 🚀 Advanced utilities available (optimization, analysis, etc.)
2025-12-29 23:58:46,893 - src.feature_generation - INFO - ℹ️ ⚡ VectorBT optimizations available (advanced volatility, volume, batch processing)
2025-12-29 23:58:46,893 - MLCommon.HPOUtils - INFO - ℹ️ ✅ VectorBT optimization available
2025-12-29 23:58:46,893 - MLCommon.HPOUtils - INFO - ℹ️ 🚀 Initializing Enhanced HyperparameterOptimization...
2025-12-29 23:58:46,893 - MLCommon.HPOUtils.HPOUtils - INFO - ℹ️ ✅ VectorBT Rolling Optimizer initialized
2025-12-29 23:58:46,893 - MLCommon.HPOUtils.HPOUtils - INFO - ℹ️ ✅ Unified Vectorization Manager initialized
2025-12-29 23:58:46,893 - MLCommon.HPOUtils - INFO - ℹ️ ⚙️ Configuration - Parallel processing: True
2025-12-29 23:58:46,894 - MLCommon.HPOUtils - INFO - ℹ️ ⚙️ Configuration - Max workers: 4
2025-12-29 23:58:46,894 - MLCommon.HPOUtils - INFO - ℹ️ ⚙️ Configuration - Monitoring enabled: True
2025-12-29 23:58:46,894 - MLCommon.HPOUtils - INFO - ℹ️ 🚀 Configuration - Non-linear optimization: True
2025-12-29 23:58:46,894 - MLCommon.HPOUtils - INFO - ℹ️ ✅ Enhanced HyperparameterOptimization initialized successfully
2025-12-29 23:58:46,903 - DataCleaner - INFO - ℹ️ Using klines-specific gap thresholds: {<GapType.SMALL: 'small'>: 65, <GapType.MEDIUM: 'medium'>: 300, <GapType.LARGE: 'large'>: 1800, <GapType.CRITICAL: 'critical'>: 3600}
2025-12-29 23:58:46,903 - System.UnifiedDataUtils - INFO - ℹ️ 🚀 Unified Data Utils initialized
2025-12-29 23:58:46,906 - src.utils.ml_common.validation.data_leakage_prevention - INFO - ℹ️ 🔒 Data Leakage Prevention initialized with CRITICAL financial thresholds:
2025-12-29 23:58:46,906 - src.utils.ml_common.validation.data_leakage_prevention - INFO - ℹ️    • Critical leakage threshold: 5.0% (was 25%)
2025-12-29 23:58:46,906 - src.utils.ml_common.validation.data_leakage_prevention - INFO - ℹ️    • Warning leakage threshold: 2.0% (was 10%)
2025-12-29 23:58:46,906 - src.utils.ml_common.validation.data_leakage_prevention - INFO - ℹ️    • Small dataset multiplier: 1.0 (was 1.5)
2025-12-29 23:58:46,906 - src.utils.ml_common.validation.data_leakage_prevention - INFO - ℹ️    • These strict thresholds are ESSENTIAL for financial data integrity
2025-12-29 23:58:46,906 - src.utils.ml_common.validation.data_leakage_prevention - INFO - ℹ️    • Even 1-2% leakage can invalidate backtesting results
2025-12-29 23:58:46,906 - src.utils.ml_common.validation.data_leakage_prevention - INFO - ℹ️    • High model scores (>96%) often indicate undetected temporal leakage
2025-12-29 23:58:46,908 - src.utils.ml_common.validation.overfitting_monitoring - INFO - ℹ️ ✅ Overfitting Monitoring initialized
2025-12-29 23:58:46,910 - src.utils.ml_common.validation.hpo_overfitting_prevention - INFO - ℹ️ ✅ HPO with Overfitting Prevention initialized
2025-12-29 23:58:46,911 - src.utils.ml_common.validation.model_complexity_analysis - INFO - ℹ️ ✅ Model Complexity Analyzer initialized
2025-12-29 23:58:46,913 - EnhancedReportingSystem.EnhancedReportingSystem - INFO - ℹ️ 📊 Enhanced Reporting System initialized
2025-12-29 23:58:46,913 - src.utils.ml_common.reporting.validation_reporting_integration - INFO - ℹ️ ✅ Validation Reporting Integrator initialized
2025-12-29 23:58:46,914 - src.utils.ml_common.validation.data_leakage_prevention - INFO - ℹ️ 🔒 Data Leakage Prevention initialized with CRITICAL financial thresholds:
2025-12-29 23:58:46,914 - src.utils.ml_common.validation.data_leakage_prevention - INFO - ℹ️    • Critical leakage threshold: 5.0% (was 25%)
2025-12-29 23:58:46,914 - src.utils.ml_common.validation.data_leakage_prevention - INFO - ℹ️    • Warning leakage threshold: 2.0% (was 10%)
2025-12-29 23:58:46,914 - src.utils.ml_common.validation.data_leakage_prevention - INFO - ℹ️    • Small dataset multiplier: 1.0 (was 1.5)
2025-12-29 23:58:46,914 - src.utils.ml_common.validation.data_leakage_prevention - INFO - ℹ️    • These strict thresholds are ESSENTIAL for financial data integrity
2025-12-29 23:58:46,914 - src.utils.ml_common.validation.data_leakage_prevention - INFO - ℹ️    • Even 1-2% leakage can invalidate backtesting results
2025-12-29 23:58:46,914 - src.utils.ml_common.validation.data_leakage_prevention - INFO - ℹ️    • High model scores (>96%) often indicate undetected temporal leakage
2025-12-29 23:58:46,914 - src.utils.ml_common.validation.overfitting_monitoring - INFO - ℹ️ ✅ Overfitting Monitoring initialized
2025-12-29 23:58:46,914 - src.utils.ml_common.validation.enhanced_validation - INFO - ℹ️ ✅ Enhanced Validation initialized
2025-12-29 23:58:46,914 - src.utils.ml_common.validation.hpo_overfitting_prevention - INFO - ℹ️ ✅ HPO with Overfitting Prevention initialized
2025-12-29 23:58:46,914 - src.utils.ml_common.validation.model_complexity_analysis - INFO - ℹ️ ✅ Model Complexity Analyzer initialized
2025-12-29 23:58:46,914 - src.utils.ml_common.training.universal_validation_integration - INFO - ℹ️ ✅ Universal Validation Integrator initialized with new utilities
[2025-12-29 23:58:47.110] ✅ Custom logger available for MLCommon.ModelTraining
2025-12-29 23:58:47,111 - System.tprint - INFO - ℹ️ ✅ Custom logger available for MLCommon.ModelTraining
[2025-12-29 23:58:47.114] ✅ ML Common utilities loaded successfully
2025-12-29 23:58:47,114 - System.tprint - INFO - ℹ️ ✅ ML Common utilities loaded successfully
2025-12-29 23:58:47,115 - System.CrossStepValidator - INFO - ℹ️ 🔍 CrossStepValidator initialized with comprehensive consistency rules
2025-12-29 23:58:47,131 - System.sr_clustering - INFO - ℹ️ Initializing SR Clustering module
2025-12-29 23:58:47,133 - System.sr_clustering - INFO - ℹ️ ✅ Successfully imported SRBacktestingEngine components
2025-12-29 23:58:47,134 - System.sr_clustering - INFO - ℹ️ ✅ Successfully imported BacktestingEnhancedClustering components
2025-12-29 23:58:47,135 - System.sr_clustering - INFO - ℹ️ ✅ Successfully imported WeightOptimizationEngine components
2025-12-29 23:58:47,135 - System.sr_clustering - INFO - ℹ️ ✅ Successfully imported PredictiveSREngine components
2025-12-29 23:58:47,136 - System.sr_clustering - INFO - ℹ️ ✅ Successfully imported TradingMLIntegration components
2025-12-29 23:58:47,136 - System.sr_clustering - INFO - ℹ️ 🎉 SR Clustering module initialization completed successfully
2025-12-29 23:58:47,150 - ares.registry - INFO - ℹ️ Registered step: feature_generation_gate_feature_step
[2025-12-29 23:58:47.150] ✅ Feature generation gate feature step registered SUCCESS
2025-12-29 23:58:47,150 - System.tprint - INFO - ℹ️ ✅ Feature generation gate feature step registered SUCCESS
2025-12-29 23:58:47,154 - ares.registry - INFO - ℹ️ Registered step: feature_generation_data_validation_step
[2025-12-29 23:58:47.155] ✅ Feature generation data validation step registered SUCCESS
2025-12-29 23:58:47,155 - System.tprint - INFO - ℹ️ ✅ Feature generation data validation step registered SUCCESS
[2025-12-29 23:58:47.155] 🔧 Loading labeling components...
2025-12-29 23:58:47,155 - System.tprint - INFO - ℹ️ 🔧 Loading labeling components...
2025-12-29 23:58:47,237 - ares.registry - INFO - ℹ️ Registered step: meta_labeling_hpo_sample_weighted
2025-12-29 23:58:47,238 - ares.registry - INFO - ℹ️ Registered step: meta_labeling_hpo_experiment
2025-12-29 23:58:47,238 - ares.registry - INFO - ℹ️ Registered step: sr_labeling_xgb
2025-12-29 23:58:47,238 - ares.registry - INFO - ℹ️ Registered step: sr_labeling_xgb_weighted
2025-12-29 23:58:47,251 - ares.registry - INFO - ℹ️ Registered step: meta_gated_backtest
[2025-12-29 23:58:47.251] ✅ Meta-gated backtest step registered SUCCESS
2025-12-29 23:58:47,251 - System.tprint - INFO - ℹ️ ✅ Meta-gated backtest step registered SUCCESS
[2025-12-29 23:58:47.339] ✅ CMI complementarity components loaded successfully
2025-12-29 23:58:47,339 - System.tprint - INFO - ℹ️ ✅ CMI complementarity components loaded successfully
2025-12-29 23:58:47,339 - ares.registry - INFO - ℹ️ Registered step: feature_generation_final_feature_selection_step
[2025-12-29 23:58:47.339] ✅ Feature generation final feature selection step registered SUCCESS
2025-12-29 23:58:47,340 - ares.registry - INFO - ℹ️ Registered step: feature_generation_final_validation_step
[2025-12-29 23:58:47.339] ✅ Feature generation final validation step registered SUCCESS
2025-12-29 23:58:47,341 - ares.registry - INFO - ℹ️ Registered step: feature_generation_labeling_integration_step
[2025-12-29 23:58:47.342] ✅ Feature generation labeling integration step registered SUCCESS
[2025-12-29 23:58:47.343] ⚠️ FeatureSelector not available: No module named 'fastcluster'
2025-12-29 23:58:47,343 - ares.registry - INFO - ℹ️ Registered step: feature_generation_feature_generation_step
[2025-12-29 23:58:47.343] ✅ Feature generation step registered SUCCESS
2025-12-29 23:58:47,345 - ares.registry - INFO - ℹ️ Registered step: feature_generation_period_lookback_optimization_step
[2025-12-29 23:58:47.345] ✅ Feature generation period lookback optimization step registered SUCCESS
2025-12-29 23:58:47,345 - ares.registry - INFO - ℹ️ Registered step: feature_generation_feature_selection_step
[2025-12-29 23:58:47.345] ✅ Feature generation feature selection step registered SUCCESS
[2025-12-29 23:58:47.346] INFO: ✅ CMI complementarity components loaded successfully
[2025-12-29 23:58:47.350] INFO: ✅ FeatureSelectionPipeline loaded for 4-stage feature evaluation
[2025-12-29 23:58:47.350] WARNING: ⚠️ FeatureSelector not available: No module named 'fastcluster'
2025-12-29 23:58:47,351 - ares.registry - INFO - ℹ️ Registered step: feature_generation_interaction_generation_step
[2025-12-29 23:58:47.350] ✅ Unified feature generation interaction generation step registered SUCCESS
2025-12-29 23:58:47,351 - ares.registry - INFO - ℹ️ Registered step: feature_generation_data_validation_step
2025-12-29 23:58:47,351 - ares.registry - INFO - ℹ️ Registered step: feature_generation_labeling_integration_step
2025-12-29 23:58:47,351 - ares.registry - INFO - ℹ️ Registered step: feature_generation_feature_generation_step
2025-12-29 23:58:47,351 - ares.registry - INFO - ℹ️ Registered step: feature_generation_period_lookback_optimization_step
2025-12-29 23:58:47,351 - ares.registry - INFO - ℹ️ Registered step: feature_generation_feature_selection_step
2025-12-29 23:58:47,351 - ares.registry - INFO - ℹ️ Registered step: feature_generation_interaction_generation_step
2025-12-29 23:58:47,351 - ares.registry - INFO - ℹ️ Registered step: regime_aware_feature_interaction_generation_step
2025-12-29 23:58:47,351 - ares.registry - INFO - ℹ️ Registered step: feature_generation_gate_feature_step
2025-12-29 23:58:47,351 - ares.registry - INFO - ℹ️ Registered step: feature_generation_final_feature_selection_step
2025-12-29 23:58:47,351 - ares.registry - INFO - ℹ️ Registered step: feature_generation_final_validation_step
Pre-training components registry available
2025-12-29 23:58:47,481 - src.config.analyst_ensemble_training.config_manager.AnalystEnsembleTrainingConfigManager - INFO - ℹ️ AnalystEnsembleTrainingConfigManager initialisé
2025-12-29 23:58:47,481 - src.config.analyst_ensemble_training.config_manager.AnalystEnsembleTrainingConfigManager - INFO - ℹ️ Répertoire config: /Users/remyroche/Documents/Ares/src/config/analyst_ensemble_training
2025-12-29 23:58:47,481 - src.config.analyst_ensemble_training.config_manager.AnalystEnsembleTrainingConfigManager - INFO - ℹ️ Config personnalisée: None
2025-12-29 23:58:47,482 - src.config.analyst_ensemble_training.config_manager.AnalystEnsembleTrainingConfigManager - INFO - ℹ️ Fallback hardcodé: True
DEBUG: UnifiedTrainingPipeline imported from: /Users/remyroche/Documents/Ares/src/training/steps/models_training/unified_training_pipeline.py
2025-12-29 23:58:47,498 - ares.registry - INFO - ℹ️ Registered step: unified_models_training
[2025-12-29 23:58:47.498] ✅ Unified models training step registered SUCCESS
2025-12-29 23:58:47,498 - ares.registry - INFO - ℹ️ Registered step: analyst_base_training
[2025-12-29 23:58:47.498] ✅ Analyst base training step registered SUCCESS
2025-12-29 23:58:47,498 - ares.registry - INFO - ℹ️ Registered step: analyst_ensemble_training
[2025-12-29 23:58:47.498] ✅ Analyst ensemble training step registered SUCCESS
[2025-12-29 23:58:47.502] ✅ [TACTICIAN_BASE] Configuration centralisée importée SUCCESS
2025-12-29 23:58:47,503 - ares.registry - INFO - ℹ️ Registered step: tactician_base_training
[2025-12-29 23:58:47.502] ✅ Tactician base training step registered SUCCESS
2025-12-29 23:58:47,503 - ares.registry - INFO - ℹ️ Registered step: tactician_ensemble_training
[2025-12-29 23:58:47.502] ✅ Tactician ensemble training step registered SUCCESS
2025-12-29 23:58:47,503 - ares.registry - INFO - ℹ️ Registered step: gate_training_step
[2025-12-29 23:58:47.502] ✅ Gate training step registered SUCCESS
2025-12-29 23:58:47,503 - ares.registry - INFO - ℹ️ Registered step: unified_models_training
2025-12-29 23:58:47,503 - ares.registry - INFO - ℹ️ Registered step: analyst_base_training
2025-12-29 23:58:47,503 - ares.registry - INFO - ℹ️ Registered step: analyst_ensemble_training
2025-12-29 23:58:47,504 - ares.registry - INFO - ℹ️ Registered step: tactician_base_training
2025-12-29 23:58:47,504 - ares.registry - INFO - ℹ️ Registered step: tactician_ensemble_training
2025-12-29 23:58:47,504 - ares.registry - INFO - ℹ️ Registered step: gate_training_step
2025-12-29 23:58:47,504 - ares.registry - INFO - ℹ️ Registered step: analyst_base_backtest
[2025-12-29 23:58:47.504] ✅ Analyst base backtest step registered SUCCESS
2025-12-29 23:58:47,504 - ares.registry - INFO - ℹ️ Registered step: basic_backtesting_pre
[2025-12-29 23:58:47.504] ✅ Basic backtesting pre step registered SUCCESS
2025-12-29 23:58:47,505 - ares.registry - INFO - ℹ️ Registered step: basic_backtesting_post
[2025-12-29 23:58:47.504] ✅ Basic backtesting post step registered SUCCESS
2025-12-29 23:58:47,513 - ares.registry - INFO - ℹ️ Registered step: monte_carlo_simulation
[2025-12-29 23:58:47.513] ✅ Monte Carlo simulation step registered SUCCESS
2025-12-29 23:58:47,513 - ares.registry - INFO - ℹ️ Registered step: ab_testing
[2025-12-29 23:58:47.513] ✅ AB testing step registered SUCCESS
2025-12-29 23:58:47,513 - ares.registry - INFO - ℹ️ Registered step: reporting
[2025-12-29 23:58:47.513] ✅ Reporting step registered SUCCESS
[2025-12-29 23:58:47.515] ⚠️  M1 hardware optimization not available warning
[2025-12-29 23:58:47.515] ✅ VectorBT optimization utilities available success
2025-12-29 23:58:47,517 - ares.registry - INFO - ℹ️ Registered step: analyst_base_backtest
[2025-12-29 23:58:47.517] ✅ Analyst base backtest step registered SUCCESS
2025-12-29 23:58:47,517 - ares.registry - INFO - ℹ️ Registered step: basic_backtesting_pre
2025-12-29 23:58:47,517 - ares.registry - INFO - ℹ️ Registered step: basic_backtesting_post
2025-12-29 23:58:47,517 - ares.registry - INFO - ℹ️ Registered step: monte_carlo_simulation
2025-12-29 23:58:47,517 - ares.registry - INFO - ℹ️ Registered step: ab_testing
2025-12-29 23:58:47,517 - ares.registry - INFO - ℹ️ Registered step: reporting
2025-12-29 23:58:47,517 - ares.registry - INFO - ℹ️ Registered step: final_parameters_optimization
2025-12-29 23:58:47,517 - ares.registry - INFO - ℹ️ Registered step: real_parameters_optimization
2025-12-29 23:58:47,517 - ares.registry - INFO - ℹ️ Registered step: analyst_base_backtest
2025-12-29 23:58:47,517 - ares.registry - INFO - ℹ️ Registered step: meta_gated_backtest
2025-12-29 23:58:47,520 - sr_error_handlers - INFO - ℹ️ SR Error Handlers module initialized
2025-12-29 23:58:52,491 - DataQualityFramework - INFO - ℹ️ ✅ Comprehensive duplicate analyzer integrated
2025-12-29 23:58:52,491 - DataQualityFramework - INFO - ℹ️ 🔧 Unified Data Quality Framework initialized (singleton)
[2025-12-29 23:58:52.491] PERFORMANCE: DataQualityFramework initialization took 0.000s
2025-12-29 23:58:52,492 - DataCleaner - INFO - ℹ️ Using klines-specific gap thresholds: {<GapType.SMALL: 'small'>: 65, <GapType.MEDIUM: 'medium'>: 300, <GapType.LARGE: 'large'>: 1800, <GapType.CRITICAL: 'critical'>: 3600}
[2025-12-29 23:58:52.492] PERFORMANCE: DataCleaner(klines) initialization took 0.000s
2025-12-29 23:58:52,492 - DataCleaner - INFO - ℹ️ Using klines-specific gap thresholds: {<GapType.SMALL: 'small'>: 65, <GapType.MEDIUM: 'medium'>: 300, <GapType.LARGE: 'large'>: 1800, <GapType.CRITICAL: 'critical'>: 3600}
[2025-12-29 23:58:52.492] PERFORMANCE: DataCleaner(klines) initialization took 0.000s
2025-12-29 23:58:52,492 - DataCleanerManager - INFO - ℹ️ 🔧 DataCleanerManager initialized (singleton)
2025-12-29 23:58:52,494 - System.AdvancedQualityMetrics - INFO - ℹ️ 📊 AdvancedQualityMetrics initialized with tolerant parameters
[2025-12-29 23:58:52.494] PERFORMANCE: AdvancedQualityMetrics initialization took 0.000s
2025-12-29 23:58:52,496 - System.DataStreamingManager - INFO - ℹ️ 🚀 DataStreamingManager initialized (singleton): chunk_size=10000, memory_threshold=0.8
[2025-12-29 23:58:52.496] PERFORMANCE: DataStreamingManager initialization took 0.000s
2025-12-29 23:58:52,497 - System.CrossStepValidator - INFO - ℹ️ 🔍 CrossStepValidator initialized with comprehensive consistency rules
2025-12-29 23:58:52,497 - DataCleaner - INFO - ℹ️ Using klines-specific gap thresholds: {<GapType.SMALL: 'small'>: 65, <GapType.MEDIUM: 'medium'>: 300, <GapType.LARGE: 'large'>: 1800, <GapType.CRITICAL: 'critical'>: 3600}
[2025-12-29 23:58:52.497] PERFORMANCE: DataCleaner(klines) initialization took 0.000s
2025-12-29 23:58:52,497 - System.UnifiedDataUtils - INFO - ℹ️ 🚀 Unified Data Utils initialized
2025-12-29 23:58:52,523 - utils.hardware.m1_gpu_utils.M1GPUManager - INFO - ℹ️ M1 GPU Manager initialized - M1: True, Generation: m1, MPS: True
2025-12-29 23:58:52,544 - utils.hardware.m1_cpu_optimizer.M1CPUOptimizer - INFO - ℹ️ 🧠 M1 CPU Optimizer initialized for M1 (4P+4E cores)
2025-12-29 23:58:52,559 - utils.matrix_operations.enhanced_operations.CustomMatrixOperationsRegistry - INFO - ℹ️ 📝 Registered custom matrix operation: gpu_condition_number
2025-12-29 23:58:52,559 - utils.matrix_operations.enhanced_operations.CustomMatrixOperationsRegistry - INFO - ℹ️ 📝 Registered custom matrix operation: gpu_matrix_rank
2025-12-29 23:58:52,559 - utils.matrix_operations.enhanced_operations.CustomMatrixOperationsRegistry - INFO - ℹ️ 📝 Registered custom matrix operation: matrix_normalize
2025-12-29 23:58:52,559 - utils.matrix_operations.enhanced_operations.CustomMatrixOperationsRegistry - INFO - ℹ️ 📝 Registered custom matrix operation: extract_matrix_features
2025-12-29 23:58:52,561 - utils.matrix_operations - INFO - ℹ️ ✅ Unified Matrix Operations module initialized
2025-12-29 23:58:52,562 - utils.matrix_operations - INFO - ℹ️ 📦 Version: 1.0.0
2025-12-29 23:58:52,562 - utils.matrix_operations - INFO - ℹ️ 🔧 Features: VectorBT optimizations, GPU acceleration, memory optimization, vectorized processing, batch operations
2025-12-29 23:58:52,562 - utils.matrix_operations - INFO - ℹ️ 🍎 Optimized for: Apple Silicon M1/M2/M3 Macs
2025-12-29 23:58:52,562 - utils.matrix_operations - INFO - ℹ️ 🚀 VectorBT optimizations enabled - expect 2-10x performance improvements
2025-12-29 23:58:52,562 - utils.matrix_operations - INFO - ℹ️ 🎯 VectorBTRollingOptimizer available - enhanced rolling operations
2025-12-29 23:58:52,562 - utils.matrix_operations - INFO - ℹ️ ⚡ UnifiedVectorizationManager available - unified vectorization operations
2025-12-29 23:58:52,573 - src.config.regime_ensemble_training.config_manager.RegimeEnsembleTrainingConfigManager - INFO - ℹ️ RegimeEnsembleTrainingConfigManager initialisé
2025-12-29 23:58:52,574 - src.config.regime_ensemble_training.config_manager.RegimeEnsembleTrainingConfigManager - INFO - ℹ️ Répertoire config: /Users/remyroche/Documents/Ares/src/config/regime_ensemble_training
2025-12-29 23:58:52,574 - src.config.regime_ensemble_training.config_manager.RegimeEnsembleTrainingConfigManager - INFO - ℹ️ Config personnalisée: None
2025-12-29 23:58:52,574 - src.config.regime_ensemble_training.config_manager.RegimeEnsembleTrainingConfigManager - INFO - ℹ️ Fallback hardcodé: True
[2025-12-29 23:58:52.574] SUCCESS: ✅ [REGIME_ENSEMBLE] ML libraries imported successfully
[2025-12-29 23:58:52.574] SUCCESS: ✅ [REGIME_ENSEMBLE] Feature generation system imported successfully
2025-12-29 23:58:52,574 - ares.registry - INFO - ℹ️ Registered step: regime_ensemble_training
[2025-12-29 23:58:52.574] ✅ Regime ensemble training step registered SUCCESS
2025-12-29 23:58:52,576 - ares.registry - INFO - ℹ️ Registered step: regime_feature_selection
✅ Mac M1 MPS GPU detected and enabled
2025-12-29 23:58:52,620 - src.training.steps.market_analysis.shared_utils.execution_mode_lookback_config - INFO - ℹ️ 🔧 Initializing Execution Mode Lookback Configuration
2025-12-29 23:58:52,620 - src.training.steps.market_analysis.shared_utils.execution_mode_lookback_config - INFO - ℹ️ ✅ Execution Mode Lookback Configuration initialized
2025-12-29 23:58:52,624 - ares.registry - INFO - ℹ️ Registered step: rolling_hmm_regime_discovery
2025-12-29 23:58:52,655 - ares.registry - INFO - ℹ️ Registered step: sr_parameter_optimization
2025-12-29 23:58:52,655 - ares.registry - INFO - ℹ️ Registered step: regime_clustering
2025-12-29 23:58:52,655 - ares.registry - INFO - ℹ️ Registered step: regime_ensemble_training
2025-12-29 23:58:52,655 - ares.registry - INFO - ℹ️ Registered step: sr_clustering
2025-12-29 23:58:52,655 - ares.registry - INFO - ℹ️ Registered step: sr_detection
2025-12-29 23:58:52,656 - ares.registry - INFO - ℹ️ Registered step: regime_feature_selection
2025-12-29 23:58:52,656 - ares.registry - INFO - ℹ️ Registered step: sticky_finite_hmm_regime_discovery
2025-12-29 23:58:52,656 - ares.registry - INFO - ℹ️ Registered step: xgb_meso_regime
2025-12-29 23:58:52,656 - ares.registry - INFO - ℹ️ Registered step: xgb_mr_trend_step
2025-12-29 23:58:52,656 - ares.registry - INFO - ℹ️ Registered step: hmm_ml_alpha_step
2025-12-29 23:58:52,656 - ares.registry - INFO - ℹ️ Registered step: xgb_macro_regime
2025-12-29 23:58:52,656 - ares.registry - INFO - ℹ️ Registered step: ml_risk_regime_step
2025-12-29 23:58:52,656 - ares.registry - INFO - ℹ️ Registered step: ml_smc_regime_step
2025-12-29 23:58:52,656 - ares.registry - INFO - ℹ️ Registered step: ml_path_regime_step
2025-12-29 23:58:52,656 - ares.registry - INFO - ℹ️ Registered step: ml_mean_reversion_step
2025-12-29 23:58:52,656 - ares.registry - INFO - ℹ️ Registered step: ml_breakout_bounce_regime_step
2025-12-29 23:58:52,656 - ares.registry - INFO - ℹ️ Registered step: ml_map_regime_step
2025-12-29 23:58:52,656 - ares.registry - INFO - ℹ️ Registered step: ml_liquidity_regime_step
2025-12-29 23:58:52,656 - ares.registry - INFO - ℹ️ Registered step: ml_volume_force_step
2025-12-29 23:58:52,656 - ares.registry - INFO - ℹ️ Registered step: feature_generation_meta_labeling_step
2025-12-29 23:58:52,656 - ares.registry - INFO - ℹ️ Registered step: sr_labeling_xgb
2025-12-29 23:58:52,656 - ares.registry - INFO - ℹ️ Registered step: meta_labeling_hpo_experiment
2025-12-29 23:58:52,657 - ares.launcher - INFO - ℹ️ Starting Simplified Ares Launcher...
2025-12-29 23:58:52,658 - ares.launcher - INFO - ℹ️ 🧹 Starting cleanup of duplicate files...
2025-12-29 23:58:52,658 - ares.launcher - INFO - ℹ️ Cleaning directory: logs (keeping 100 youngest files per group)
2025-12-29 23:58:52,659 - ares.launcher - INFO - ℹ️   Group 'unified.log': 102 files, keeping 100, deleting 2
2025-12-29 23:58:52,661 - ares.launcher - INFO - ℹ️ Cleaning directory: artifacts (keeping 3 youngest files per group)
2025-12-29 23:58:52,661 - ares.launcher - INFO - ℹ️ Cleaning directory: outcomes (keeping 3 youngest files per group)
2025-12-29 23:58:52,662 - ares.launcher - INFO - ℹ️   Group 'layer0_summary_ETHUSDT_15m.csv': 4 files, keeping 3, deleting 1
2025-12-29 23:58:52,662 - ares.launcher - INFO - ℹ️   Group 'layer0_report_ETHUSDT_15m.md': 4 files, keeping 3, deleting 1
2025-12-29 23:58:52,662 - ares.launcher - INFO - ℹ️ ✅ Cleanup complete: 4 files deleted, 0 files skipped
[2025-12-29 23:58:52.662] 🔧 CONFIG: Centralized lookback_days=360 for mode=blank INFO
[2025-12-29 23:58:52.662] 🔒 LEAKAGE GUARD: Use non-zero embargo (gap) and OOF predictions for stacking; avoid joining future-derived columns. INFO
2025-12-29 23:58:52,662 - src.utils.ml_common.optimization.execution_mode_adapter - INFO - ℹ️ 🔧 Execution mode set to: BLANK
2025-12-29 23:58:52,662 - ares.launcher - INFO - ℹ️ 🔧 Execution mode set to: BLANK
2025-12-29 23:58:52,662 - ares.launcher - INFO - ℹ️ Running single step: meta_labeling_hpo_sample_weighted
2025-12-29 23:58:52,662 - ares.launcher - INFO - ℹ️ Starting execution of step: meta_labeling_hpo_sample_weighted
[2025-12-29 23:58:52.662] 🛠️ Initialized BaseStep for 'meta_labeling_hpo_sample_weighted'
[2025-12-29 23:58:52.662] 🚀 Starting execution of step 'meta_labeling_hpo_sample_weighted'
2025-12-29 23:58:52,662 - ares.step.meta_labeling_hpo_sample_weighted - INFO - ℹ️ Starting execution of meta_labeling_hpo_sample_weighted
2025-12-29 23:58:52,662 - ares.step.meta_labeling_hpo_sample_weighted - INFO - ℹ️ Execution mode resolved for meta_labeling_hpo_sample_weighted: requested_cli=blank → persona=analyst
[2025-12-29 23:58:52.662] 🎯 Execution mode for 'meta_labeling_hpo_sample_weighted': requested_cli=blank → persona=analyst
[2025-12-29 23:58:52.662] 🔧 Running 'meta_labeling_hpo_sample_weighted' in analyst mode
2025-12-29 23:58:52,663 - System.VersionManager - INFO - ℹ️ ✅ Loaded version config from config/version_config.json
2025-12-29 23:58:52,663 - System.ArtifactManager - INFO - ℹ️ 📁 Context set: step=meta_labeling_hpo_sample_weighted, symbol=None, exchange=None, timeframe=None, datetime=2025-12-29 23:58:52.662758, information=None, direction=long, model=Analyst
2025-12-29 23:58:52,663 - System.ArtifactManager - INFO - ℹ️ 📁 Context set: step=klines_downloading_processing, symbol=ETHUSDT, exchange=binance, timeframe=15m, datetime=2025-12-29 22:58:52.663831, information=None, direction=long, model=Analyst
[2025-12-29 23:58:52.663] 📂 Retrieving artifact 'klines_data' (type: data) | UNKNOWN/binance [15m] long/analyst
2025-12-29 23:58:52,664 - System.KlinesParquetManager - INFO - ℹ️ ✅ KlinesParquetManager initialized with base_dir: historical_data
[2025-12-29 23:58:52.663] PERFORMANCE: ┌──────────────────────────────────────────────────────────────────────────────┐
[2025-12-29 23:58:52.663] PERFORMANCE: │  📥 ARTIFACT ROUTER: LOAD OPERATION                                         │
[2025-12-29 23:58:52.663] PERFORMANCE: └──────────────────────────────────────────────────────────────────────────────┘
[2025-12-29 23:58:52.663] PERFORMANCE: 🏷️  [ROUTER] Artifact: 'klines_data'
[2025-12-29 23:58:52.663] PERFORMANCE: 🔖 [ROUTER] Type hint: data
[2025-12-29 23:58:52.663] PERFORMANCE: 📂 [ROUTER] Category: historical
[2025-12-29 23:58:52.663] PERFORMANCE: 🌍 [ROUTER] Context:
[2025-12-29 23:58:52.663] PERFORMANCE:    ├─ symbol: UNKNOWN
[2025-12-29 23:58:52.663] PERFORMANCE:    ├─ exchange: binance
[2025-12-29 23:58:52.663] PERFORMANCE:    ├─ timeframe: 15m
[2025-12-29 23:58:52.663] PERFORMANCE:    ├─ direction: long
[2025-12-29 23:58:52.663] PERFORMANCE:    ├─ model: analyst
[2025-12-29 23:58:52.663] PERFORMANCE:    ├─ step_name: meta_labeling_hpo_sample_weighted
[2025-12-29 23:58:52.663] PERFORMANCE: 🔍 [ROUTER] Searching for artifact...
[2025-12-29 23:58:52.663] PERFORMANCE:   ┌─ 📊 PARQUET LOAD
[2025-12-29 23:58:52.663] PERFORMANCE:   │  Symbol: UNKNOWN, Exchange: binance, Interval: 15m
[2025-12-29 23:58:52.663] PERFORMANCE:   │  Using KlinesParquetManager...
[2025-12-29 23:58:52.663] 🐛 DEBUG [load_klines]: last_n_days=None, start_time=None, end_time=None INFO
[2025-12-29 23:58:52.663] WARNING: ⚠️ No klines files found for UNKNOWN binance 15m
2025-12-29 23:58:52,665 - src.utils.kline_parquet - INFO - ℹ️ load_klines executed in 1.07ms
[2025-12-29 23:58:52.665] WARNING:   │  ⚠️  Loaded empty DataFrame
[2025-12-29 23:58:52.665] WARNING:   └─ Trying next storage method
[2025-12-29 23:58:52.665] PERFORMANCE:   ┌─ 🗄️  HDF5 VERSIONED LOAD
[2025-12-29 23:58:52.665] PERFORMANCE:   │  Getting versioned store...
[2025-12-29 23:58:52.665] 🐛 DEBUG: _get_versioned_store() with store_key: UNKNOWN_binance_15m_long_analyst INFO
[2025-12-29 23:58:52.665] 🐛 DEBUG: Creating new VersionedArtifactStore at versioned_artifacts/UNKNOWN_binance_15m_long_analyst INFO
[2025-12-29 23:58:52.665] 🐛 DEBUG: _load_metadata() checking versioned_artifacts/UNKNOWN_binance_15m_long_analyst/metadata.json INFO
[2025-12-29 23:58:52.665] 🐛 DEBUG: Metadata file exists, size: 15351 bytes INFO
[2025-12-29 23:58:52.665] 🐛 DEBUG: Successfully loaded metadata with 5 versions INFO
[2025-12-29 23:58:52.665] 🐛 DEBUG: get_statistics() called INFO
[2025-12-29 23:58:52.665] 🐛 DEBUG: Reloading metadata for statistics INFO
[2025-12-29 23:58:52.665] 🐛 DEBUG: _load_metadata() checking versioned_artifacts/UNKNOWN_binance_15m_long_analyst/metadata.json INFO
[2025-12-29 23:58:52.665] 🐛 DEBUG: Metadata file exists, size: 15351 bytes INFO
[2025-12-29 23:58:52.665] 🐛 DEBUG: Successfully loaded metadata with 5 versions INFO
[2025-12-29 23:58:52.665] 🐛 DEBUG: Statistics - num_versions: 5 INFO
[2025-12-29 23:58:52.665] 🐛 DEBUG: Statistics - current_version: final_validation_metrics_20251116_161159_946 INFO
[2025-12-29 23:58:52.665] 🐛 DEBUG: Statistics - h5_file_size_mb: 280.5141086578369 INFO
[2025-12-29 23:58:52.667] 🐛 DEBUG: New store statistics: {'store_path': 'versioned_artifacts/UNKNOWN_binance_15m_long_analyst', 'num_versions': 5, 'current_version': 'final_validation_metrics_20251116_161159_946', 'created_at': '2025-11-07T18:22:44.911801', 'h5_file_size_mb': 280.5141086578369, 'chunking': {'chunk_rows': 'auto', 'chunk_cols': 'auto'}, 'changelog': {'total_changes': 305, 'changes_by_type': {'add_data': 305}, 'top_versions': {'analyst_interaction_features_20251108_161950_019': 1, 'analyst_interaction_features_20251108_164300_578': 1, 'analyst_interaction_features_20251108_171945_952': 1, 'analyst_interaction_features_20251108_175314_530': 1, 'analyst_interaction_features_20251108_180922_905': 1, 'analyst_interaction_features_20251108_184752_938': 1, 'analyst_interaction_features_20251108_191026_801': 1, 'analyst_interaction_features_20251111_185727_726': 1, 'final_dataset_40_20251108_172617_791': 1, 'final_dataset_40_20251108_172829_013': 1}, 'time_range': {'earliest': '2025-11-07T18:27:00.789522', 'latest': '2025-11-24T21:16:51.681722'}}, 'row_versioning': {'total_rows_tracked': 0, 'total_versions': 0, 'average_versions_per_row': 0, 'most_versioned_rows': []}} INFO
[2025-12-29 23:58:52.667] 🐛 DEBUG: list_versions() called INFO
[2025-12-29 23:58:52.667] 🐛 DEBUG: Metadata file exists: True INFO
[2025-12-29 23:58:52.667] 🐛 DEBUG: HDF5 file exists: True INFO
[2025-12-29 23:58:52.667] 🐛 DEBUG: Reloading metadata to get latest versions INFO
[2025-12-29 23:58:52.667] 🐛 DEBUG: _load_metadata() checking versioned_artifacts/UNKNOWN_binance_15m_long_analyst/metadata.json INFO
[2025-12-29 23:58:52.667] 🐛 DEBUG: Metadata file exists, size: 15351 bytes INFO
[2025-12-29 23:58:52.667] 🐛 DEBUG: Successfully loaded metadata with 5 versions INFO
[2025-12-29 23:58:52.667] 🐛 DEBUG: Found 5 versions in metadata: ['final_dataset_60_20251116_161159_683', 'final_dataset_50_20251116_161159_720', 'final_dataset_40_20251116_161159_752', 'labeled_dataframe_20251116_161159_781', 'final_validation_metrics_20251116_161159_946'] INFO
[2025-12-29 23:58:52.669] 🐛 DEBUG: Found 5 versions in HDF5: ['final_dataset_40_20251116_161159_752', 'final_dataset_50_20251116_161159_720', 'final_dataset_60_20251116_161159_683', 'final_validation_metrics_20251116_161159_946', 'labeled_dataframe_20251116_161159_781'] INFO
[2025-12-29 23:58:52.669] PERFORMANCE:   │  Found 5 versions in store
[2025-12-29 23:58:52.669] WARNING:   │  No matching versions in primary store
[2025-12-29 23:58:52.669] PERFORMANCE:   │  Checking alternate stores...
[2025-12-29 23:58:52.669] 🐛 DEBUG: list_versions() called INFO
[2025-12-29 23:58:52.669] 🐛 DEBUG: Metadata file exists: True INFO
[2025-12-29 23:58:52.669] 🐛 DEBUG: HDF5 file exists: True INFO
[2025-12-29 23:58:52.669] 🐛 DEBUG: Reloading metadata to get latest versions INFO
[2025-12-29 23:58:52.669] 🐛 DEBUG: _load_metadata() checking versioned_artifacts/UNKNOWN_binance_15m_long_analyst/metadata.json INFO
[2025-12-29 23:58:52.669] 🐛 DEBUG: Metadata file exists, size: 15351 bytes INFO
[2025-12-29 23:58:52.669] 🐛 DEBUG: Successfully loaded metadata with 5 versions INFO
[2025-12-29 23:58:52.669] 🐛 DEBUG: Found 5 versions in metadata: ['final_dataset_60_20251116_161159_683', 'final_dataset_50_20251116_161159_720', 'final_dataset_40_20251116_161159_752', 'labeled_dataframe_20251116_161159_781', 'final_validation_metrics_20251116_161159_946'] INFO
[2025-12-29 23:58:52.669] 🐛 DEBUG: Found 5 versions in HDF5: ['final_dataset_40_20251116_161159_752', 'final_dataset_50_20251116_161159_720', 'final_dataset_60_20251116_161159_683', 'final_validation_metrics_20251116_161159_946', 'labeled_dataframe_20251116_161159_781'] INFO
[2025-12-29 23:58:52.669] WARNING:   │  ⚠️  Not found in any versioned store
[2025-12-29 23:58:52.669] WARNING:   └─ Trying next storage method
[2025-12-29 23:58:52.669] ERROR: ┌──────────────────────────────────────────────────────────────────────────────┐
[2025-12-29 23:58:52.669] ERROR: │  ❌ ARTIFACT ROUTER: LOAD FAILED - NOT FOUND                                │
[2025-12-29 23:58:52.669] ERROR: │  Artifact 'klines_data' not found in any storage                        │ 
[2025-12-29 23:58:52.669] ERROR: └──────────────────────────────────────────────────────────────────────────────┘
2025-12-29 23:58:52,670 - ares.step.meta_labeling_hpo_sample_weighted - WARNING - ⚠️ Artifact 'klines_data' not found via router, trying traditional manager
[2025-12-29 23:58:52.669] ⚠️ Trying fallback to traditional artifact manager | UNKNOWN/binance [15m] long/analyst
2025-12-29 23:58:52,670 - System.ArtifactManager - INFO - ℹ️ 📁 Context set: step=meta_labeling_hpo_sample_weighted, symbol=None, exchange=None, timeframe=15m, datetime=2025-12-29 23:58:52.662758, information=None, direction=long, model=Analyst
[2025-12-29 23:58:52.671] 🐛 DEBUG: _load_metadata() checking versioned_artifacts/UNKNOWN_binance_1h_long_analyst/metadata.json INFO
[2025-12-29 23:58:52.671] 🐛 DEBUG: Metadata file exists, size: 200 bytes INFO
[2025-12-29 23:58:52.671] 🐛 DEBUG: Successfully loaded metadata with 0 versions INFO
[2025-12-29 23:58:52.671] 🐛 DEBUG: list_versions() called INFO
[2025-12-29 23:58:52.671] 🐛 DEBUG: Metadata file exists: True INFO
[2025-12-29 23:58:52.671] 🐛 DEBUG: HDF5 file exists: True INFO
[2025-12-29 23:58:52.671] 🐛 DEBUG: Reloading metadata to get latest versions INFO
[2025-12-29 23:58:52.671] 🐛 DEBUG: _load_metadata() checking versioned_artifacts/UNKNOWN_binance_1h_long_analyst/metadata.json INFO
[2025-12-29 23:58:52.671] 🐛 DEBUG: Metadata file exists, size: 200 bytes INFO
[2025-12-29 23:58:52.671] 🐛 DEBUG: Successfully loaded metadata with 0 versions INFO
[2025-12-29 23:58:52.671] 🐛 DEBUG: Found 0 versions in metadata: [] INFO
[2025-12-29 23:58:52.671] 🐛 DEBUG: Found 0 versions in HDF5: [] INFO
[2025-12-29 23:58:52.671] 🐛 DEBUG: _load_metadata() checking versioned_artifacts/UNKNOWN_binance_15m_long_analyst/metadata.json INFO
[2025-12-29 23:58:52.671] 🐛 DEBUG: Metadata file exists, size: 15351 bytes INFO
[2025-12-29 23:58:52.671] 🐛 DEBUG: Successfully loaded metadata with 5 versions INFO
[2025-12-29 23:58:52.671] 🐛 DEBUG: list_versions() called INFO
[2025-12-29 23:58:52.671] 🐛 DEBUG: Metadata file exists: True INFO
[2025-12-29 23:58:52.672] 🐛 DEBUG: HDF5 file exists: True INFO
[2025-12-29 23:58:52.672] 🐛 DEBUG: Reloading metadata to get latest versions INFO
[2025-12-29 23:58:52.672] 🐛 DEBUG: _load_metadata() checking versioned_artifacts/UNKNOWN_binance_15m_long_analyst/metadata.json INFO
[2025-12-29 23:58:52.672] 🐛 DEBUG: Metadata file exists, size: 15351 bytes INFO
[2025-12-29 23:58:52.672] 🐛 DEBUG: Successfully loaded metadata with 5 versions INFO
[2025-12-29 23:58:52.672] 🐛 DEBUG: Found 5 versions in metadata: ['final_dataset_60_20251116_161159_683', 'final_dataset_50_20251116_161159_720', 'final_dataset_40_20251116_161159_752', 'labeled_dataframe_20251116_161159_781', 'final_validation_metrics_20251116_161159_946'] INFO
[2025-12-29 23:58:52.672] 🐛 DEBUG: Found 5 versions in HDF5: ['final_dataset_40_20251116_161159_752', 'final_dataset_50_20251116_161159_720', 'final_dataset_60_20251116_161159_683', 'final_validation_metrics_20251116_161159_946', 'labeled_dataframe_20251116_161159_781'] INFO
[2025-12-29 23:58:52.672] 🐛 DEBUG: _load_metadata() checking versioned_artifacts/ETHUSDT_binance_15m_long_sr_labeling_xgb/metadata.json INFO
[2025-12-29 23:58:52.672] 🐛 DEBUG: Metadata file exists, size: 139 bytes INFO
[2025-12-29 23:58:52.672] 🐛 DEBUG: Successfully loaded metadata with 0 versions INFO
[2025-12-29 23:58:52.672] 🐛 DEBUG: list_versions() called INFO
[2025-12-29 23:58:52.672] 🐛 DEBUG: Metadata file exists: True INFO
[2025-12-29 23:58:52.672] 🐛 DEBUG: HDF5 file exists: True INFO
[2025-12-29 23:58:52.672] 🐛 DEBUG: Reloading metadata to get latest versions INFO
[2025-12-29 23:58:52.672] 🐛 DEBUG: _load_metadata() checking versioned_artifacts/ETHUSDT_binance_15m_long_sr_labeling_xgb/metadata.json INFO
[2025-12-29 23:58:52.672] 🐛 DEBUG: Metadata file exists, size: 139 bytes INFO
[2025-12-29 23:58:52.672] 🐛 DEBUG: Successfully loaded metadata with 0 versions INFO
[2025-12-29 23:58:52.672] 🐛 DEBUG: Found 0 versions in metadata: [] INFO
[2025-12-29 23:58:52.673] 🐛 DEBUG: Found 0 versions in HDF5: [] INFO
[2025-12-29 23:58:52.673] 🐛 DEBUG: _load_metadata() checking versioned_artifacts/ETHUSDT_binance_1h_long_breakout_bounce/metadata.json INFO
[2025-12-29 23:58:52.673] 🐛 DEBUG: Metadata file exists, size: 11462 bytes INFO
[2025-12-29 23:58:52.673] 🐛 DEBUG: Successfully loaded metadata with 5 versions INFO
[2025-12-29 23:58:52.673] 🐛 DEBUG: list_versions() called INFO
[2025-12-29 23:58:52.673] 🐛 DEBUG: Metadata file exists: True INFO
[2025-12-29 23:58:52.673] 🐛 DEBUG: HDF5 file exists: True INFO
[2025-12-29 23:58:52.673] 🐛 DEBUG: Reloading metadata to get latest versions INFO
[2025-12-29 23:58:52.673] 🐛 DEBUG: _load_metadata() checking versioned_artifacts/ETHUSDT_binance_1h_long_breakout_bounce/metadata.json INFO
[2025-12-29 23:58:52.673] 🐛 DEBUG: Metadata file exists, size: 11462 bytes INFO
[2025-12-29 23:58:52.674] 🐛 DEBUG: Successfully loaded metadata with 5 versions INFO
[2025-12-29 23:58:52.674] 🐛 DEBUG: Found 5 versions in metadata: ['ml_breakout_bounce_training_data_1h_20251123_144326_526', 'ml_breakout_bounce_training_data_1h_20251123_153924_083', 'ml_breakout_bounce_training_data_1h_20251123_160312_391', 'ml_breakout_bounce_training_data_1h_20251123_160800_355', 'ml_breakout_bounce_training_data_1h_20251123_162859_853'] INFO
[2025-12-29 23:58:52.674] 🐛 DEBUG: Found 5 versions in HDF5: ['ml_breakout_bounce_training_data_1h_20251123_144326_526', 'ml_breakout_bounce_training_data_1h_20251123_153924_083', 'ml_breakout_bounce_training_data_1h_20251123_160312_391', 'ml_breakout_bounce_training_data_1h_20251123_160800_355', 'ml_breakout_bounce_training_data_1h_20251123_162859_853'] INFO
[2025-12-29 23:58:52.674] 🐛 DEBUG: _load_metadata() checking versioned_artifacts/ETHUSDT_binance_15m_long_liquidity_regime/metadata.json INFO
[2025-12-29 23:58:52.674] 🐛 DEBUG: Metadata file exists, size: 5930 bytes INFO
[2025-12-29 23:58:52.675] 🐛 DEBUG: Successfully loaded metadata with 2 versions INFO
[2025-12-29 23:58:52.675] 🐛 DEBUG: list_versions() called INFO
[2025-12-29 23:58:52.675] 🐛 DEBUG: Metadata file exists: True INFO
[2025-12-29 23:58:52.675] 🐛 DEBUG: HDF5 file exists: True INFO
[2025-12-29 23:58:52.675] 🐛 DEBUG: Reloading metadata to get latest versions INFO
[2025-12-29 23:58:52.675] 🐛 DEBUG: _load_metadata() checking versioned_artifacts/ETHUSDT_binance_15m_long_liquidity_regime/metadata.json INFO
[2025-12-29 23:58:52.675] 🐛 DEBUG: Metadata file exists, size: 5930 bytes INFO
[2025-12-29 23:58:52.675] 🐛 DEBUG: Successfully loaded metadata with 2 versions INFO
[2025-12-29 23:58:52.675] 🐛 DEBUG: Found 2 versions in metadata: ['ml_liquidity_regime_probs_15m_20251213_170827_692', 'ml_liquidity_training_data_15m_20251213_221548_209'] INFO
[2025-12-29 23:58:52.675] 🐛 DEBUG: Found 2 versions in HDF5: ['ml_liquidity_regime_probs_15m_20251213_170827_692', 'ml_liquidity_training_data_15m_20251213_221548_209'] INFO
[2025-12-29 23:58:52.676] 🐛 DEBUG: _load_metadata() checking versioned_artifacts/ETHUSDT_binance_15m_long_regime_risk/metadata.json INFO
[2025-12-29 23:58:52.676] 🐛 DEBUG: Metadata file exists, size: 200 bytes INFO
[2025-12-29 23:58:52.676] 🐛 DEBUG: Successfully loaded metadata with 0 versions INFO
[2025-12-29 23:58:52.676] 🐛 DEBUG: list_versions() called INFO
[2025-12-29 23:58:52.676] 🐛 DEBUG: Metadata file exists: True INFO
[2025-12-29 23:58:52.676] 🐛 DEBUG: HDF5 file exists: True INFO
[2025-12-29 23:58:52.676] 🐛 DEBUG: Reloading metadata to get latest versions INFO
[2025-12-29 23:58:52.676] 🐛 DEBUG: _load_metadata() checking versioned_artifacts/ETHUSDT_binance_15m_long_regime_risk/metadata.json INFO
[2025-12-29 23:58:52.676] 🐛 DEBUG: Metadata file exists, size: 200 bytes INFO
[2025-12-29 23:58:52.676] 🐛 DEBUG: Successfully loaded metadata with 0 versions INFO
[2025-12-29 23:58:52.676] 🐛 DEBUG: Found 0 versions in metadata: [] INFO
[2025-12-29 23:58:52.676] 🐛 DEBUG: Found 0 versions in HDF5: [] INFO
[2025-12-29 23:58:52.676] 🐛 DEBUG: _load_metadata() checking versioned_artifacts/ETHUSDT_binance_15m_long_volume_force/metadata.json INFO
[2025-12-29 23:58:52.676] 🐛 DEBUG: Metadata file exists, size: 5760 bytes INFO
[2025-12-29 23:58:52.676] 🐛 DEBUG: Successfully loaded metadata with 3 versions INFO
[2025-12-29 23:58:52.676] 🐛 DEBUG: list_versions() called INFO
[2025-12-29 23:58:52.676] 🐛 DEBUG: Metadata file exists: True INFO
[2025-12-29 23:58:52.677] 🐛 DEBUG: HDF5 file exists: True INFO
[2025-12-29 23:58:52.677] 🐛 DEBUG: Reloading metadata to get latest versions INFO
[2025-12-29 23:58:52.677] 🐛 DEBUG: _load_metadata() checking versioned_artifacts/ETHUSDT_binance_15m_long_volume_force/metadata.json INFO
[2025-12-29 23:58:52.677] 🐛 DEBUG: Metadata file exists, size: 5760 bytes INFO
[2025-12-29 23:58:52.677] 🐛 DEBUG: Successfully loaded metadata with 3 versions INFO
[2025-12-29 23:58:52.677] 🐛 DEBUG: Found 3 versions in metadata: ['ml_volume_force_features_20251213_163705_361', 'ml_volume_force_features_20251213_170535_123', 'ml_volume_force_predictions_20251213_170543_299'] INFO
[2025-12-29 23:58:52.677] 🐛 DEBUG: Found 3 versions in HDF5: ['ml_volume_force_features_20251213_163705_361', 'ml_volume_force_features_20251213_170535_123', 'ml_volume_force_predictions_20251213_170543_299'] INFO
[2025-12-29 23:58:52.677] 🐛 DEBUG: _load_metadata() checking versioned_artifacts/ETHUSDT_binance_15m_long_smc_regime/metadata.json INFO
[2025-12-29 23:58:52.677] 🐛 DEBUG: Metadata file exists, size: 3383 bytes INFO
[2025-12-29 23:58:52.677] 🐛 DEBUG: Successfully loaded metadata with 2 versions INFO
[2025-12-29 23:58:52.677] 🐛 DEBUG: list_versions() called INFO
[2025-12-29 23:58:52.677] 🐛 DEBUG: Metadata file exists: True INFO
[2025-12-29 23:58:52.677] 🐛 DEBUG: HDF5 file exists: True INFO
[2025-12-29 23:58:52.678] 🐛 DEBUG: Reloading metadata to get latest versions INFO
[2025-12-29 23:58:52.678] 🐛 DEBUG: _load_metadata() checking versioned_artifacts/ETHUSDT_binance_15m_long_smc_regime/metadata.json INFO
[2025-12-29 23:58:52.678] 🐛 DEBUG: Metadata file exists, size: 3383 bytes INFO
[2025-12-29 23:58:52.678] 🐛 DEBUG: Successfully loaded metadata with 2 versions INFO
[2025-12-29 23:58:52.678] 🐛 DEBUG: Found 2 versions in metadata: ['smc_predictions_with_confidence_20251213_170746_093', 'ml_smc_features_15m_20251213_170746_137'] INFO
[2025-12-29 23:58:52.678] 🐛 DEBUG: Found 2 versions in HDF5: ['ml_smc_features_15m_20251213_170746_137', 'smc_predictions_with_confidence_20251213_170746_093'] INFO
[2025-12-29 23:58:52.678] 🐛 DEBUG: _load_metadata() checking versioned_artifacts/ETHUSDT_binance_15m_long_breakout_bounce/metadata.json INFO
[2025-12-29 23:58:52.678] 🐛 DEBUG: Metadata file exists, size: 200 bytes INFO
[2025-12-29 23:58:52.678] 🐛 DEBUG: Successfully loaded metadata with 0 versions INFO
[2025-12-29 23:58:52.678] 🐛 DEBUG: list_versions() called INFO
[2025-12-29 23:58:52.678] 🐛 DEBUG: Metadata file exists: True INFO
[2025-12-29 23:58:52.678] 🐛 DEBUG: HDF5 file exists: True INFO
[2025-12-29 23:58:52.678] 🐛 DEBUG: Reloading metadata to get latest versions INFO
[2025-12-29 23:58:52.678] 🐛 DEBUG: _load_metadata() checking versioned_artifacts/ETHUSDT_binance_15m_long_breakout_bounce/metadata.json INFO
[2025-12-29 23:58:52.678] 🐛 DEBUG: Metadata file exists, size: 200 bytes INFO
[2025-12-29 23:58:52.679] 🐛 DEBUG: Successfully loaded metadata with 0 versions INFO
[2025-12-29 23:58:52.679] 🐛 DEBUG: Found 0 versions in metadata: [] INFO
[2025-12-29 23:58:52.679] 🐛 DEBUG: Found 0 versions in HDF5: [] INFO
[2025-12-29 23:58:52.679] 🐛 DEBUG: _load_metadata() checking versioned_artifacts/ETHUSDT_binance_1h_long_liquidity_regime/metadata.json INFO
[2025-12-29 23:58:52.679] 🐛 DEBUG: Metadata file exists, size: 200 bytes INFO
[2025-12-29 23:58:52.679] 🐛 DEBUG: Successfully loaded metadata with 0 versions INFO
[2025-12-29 23:58:52.679] 🐛 DEBUG: list_versions() called INFO
[2025-12-29 23:58:52.679] 🐛 DEBUG: Metadata file exists: True INFO
[2025-12-29 23:58:52.679] 🐛 DEBUG: HDF5 file exists: True INFO
[2025-12-29 23:58:52.679] 🐛 DEBUG: Reloading metadata to get latest versions INFO
[2025-12-29 23:58:52.679] 🐛 DEBUG: _load_metadata() checking versioned_artifacts/ETHUSDT_binance_1h_long_liquidity_regime/metadata.json INFO
[2025-12-29 23:58:52.679] 🐛 DEBUG: Metadata file exists, size: 200 bytes INFO
[2025-12-29 23:58:52.679] 🐛 DEBUG: Successfully loaded metadata with 0 versions INFO
[2025-12-29 23:58:52.679] 🐛 DEBUG: Found 0 versions in metadata: [] INFO
[2025-12-29 23:58:52.679] 🐛 DEBUG: Found 0 versions in HDF5: [] INFO
[2025-12-29 23:58:52.680] 🐛 DEBUG: _load_metadata() checking versioned_artifacts/ETHUSDT_binance_1h_long_regime_alpha/metadata.json INFO
[2025-12-29 23:58:52.680] 🐛 DEBUG: Metadata file exists, size: 6902 bytes INFO
[2025-12-29 23:58:52.680] 🐛 DEBUG: Successfully loaded metadata with 5 versions INFO
[2025-12-29 23:58:52.680] 🐛 DEBUG: list_versions() called INFO
[2025-12-29 23:58:52.680] 🐛 DEBUG: Metadata file exists: True INFO
[2025-12-29 23:58:52.680] 🐛 DEBUG: HDF5 file exists: True INFO
[2025-12-29 23:58:52.680] 🐛 DEBUG: Reloading metadata to get latest versions INFO
[2025-12-29 23:58:52.680] 🐛 DEBUG: _load_metadata() checking versioned_artifacts/ETHUSDT_binance_1h_long_regime_alpha/metadata.json INFO
[2025-12-29 23:58:52.680] 🐛 DEBUG: Metadata file exists, size: 6902 bytes INFO
[2025-12-29 23:58:52.680] 🐛 DEBUG: Successfully loaded metadata with 5 versions INFO
[2025-12-29 23:58:52.680] 🐛 DEBUG: Found 5 versions in metadata: ['hmm_alpha_regime_stats_1h_20251122_151841_186', 'hmm_alpha_training_data_1h_20251122_164502_922', 'hmm_alpha_regime_stats_1h_20251122_164502_963', 'hmm_alpha_training_data_1h_20251122_171931_773', 'hmm_alpha_regime_stats_1h_20251122_171931_857'] INFO
[2025-12-29 23:58:52.680] 🐛 DEBUG: Found 5 versions in HDF5: ['hmm_alpha_regime_stats_1h_20251122_151841_186', 'hmm_alpha_regime_stats_1h_20251122_164502_963', 'hmm_alpha_regime_stats_1h_20251122_171931_857', 'hmm_alpha_training_data_1h_20251122_164502_922', 'hmm_alpha_training_data_1h_20251122_171931_773'] INFO
[2025-12-29 23:58:52.682] 🐛 DEBUG: _load_metadata() checking versioned_artifacts/ETHUSDT_binance_1h_long_analyst/metadata.json INFO
[2025-12-29 23:58:52.682] 🐛 DEBUG: Metadata file exists, size: 139 bytes INFO
[2025-12-29 23:58:52.682] 🐛 DEBUG: Successfully loaded metadata with 0 versions INFO
[2025-12-29 23:58:52.682] 🐛 DEBUG: list_versions() called INFO
[2025-12-29 23:58:52.682] 🐛 DEBUG: Metadata file exists: True INFO
[2025-12-29 23:58:52.682] 🐛 DEBUG: HDF5 file exists: True INFO
[2025-12-29 23:58:52.682] 🐛 DEBUG: Reloading metadata to get latest versions INFO
[2025-12-29 23:58:52.682] 🐛 DEBUG: _load_metadata() checking versioned_artifacts/ETHUSDT_binance_1h_long_analyst/metadata.json INFO
[2025-12-29 23:58:52.682] 🐛 DEBUG: Metadata file exists, size: 139 bytes INFO
[2025-12-29 23:58:52.682] 🐛 DEBUG: Successfully loaded metadata with 0 versions INFO
[2025-12-29 23:58:52.682] 🐛 DEBUG: Found 0 versions in metadata: [] INFO
[2025-12-29 23:58:52.682] 🐛 DEBUG: Found 0 versions in HDF5: [] INFO
[2025-12-29 23:58:52.682] 🐛 DEBUG: _load_metadata() checking versioned_artifacts/ETHUSDT_binance_1h_long_regime_path/metadata.json INFO
[2025-12-29 23:58:52.682] 🐛 DEBUG: Metadata file exists, size: 200 bytes INFO
[2025-12-29 23:58:52.682] 🐛 DEBUG: Successfully loaded metadata with 0 versions INFO
[2025-12-29 23:58:52.682] 🐛 DEBUG: list_versions() called INFO
[2025-12-29 23:58:52.682] 🐛 DEBUG: Metadata file exists: True INFO
[2025-12-29 23:58:52.682] 🐛 DEBUG: HDF5 file exists: True INFO
[2025-12-29 23:58:52.682] 🐛 DEBUG: Reloading metadata to get latest versions INFO
[2025-12-29 23:58:52.683] 🐛 DEBUG: _load_metadata() checking versioned_artifacts/ETHUSDT_binance_1h_long_regime_path/metadata.json INFO
[2025-12-29 23:58:52.683] 🐛 DEBUG: Metadata file exists, size: 200 bytes INFO
[2025-12-29 23:58:52.683] 🐛 DEBUG: Successfully loaded metadata with 0 versions INFO
[2025-12-29 23:58:52.683] 🐛 DEBUG: Found 0 versions in metadata: [] INFO
[2025-12-29 23:58:52.683] 🐛 DEBUG: Found 0 versions in HDF5: [] INFO
[2025-12-29 23:58:52.683] 🐛 DEBUG: _load_metadata() checking versioned_artifacts/None_None_None_long_regime/metadata.json INFO
[2025-12-29 23:58:52.683] 🐛 DEBUG: Metadata file exists, size: 139 bytes INFO
[2025-12-29 23:58:52.683] 🐛 DEBUG: Successfully loaded metadata with 0 versions INFO
[2025-12-29 23:58:52.683] 🐛 DEBUG: list_versions() called INFO
[2025-12-29 23:58:52.683] 🐛 DEBUG: Metadata file exists: True INFO
[2025-12-29 23:58:52.683] 🐛 DEBUG: HDF5 file exists: True INFO
[2025-12-29 23:58:52.683] 🐛 DEBUG: Reloading metadata to get latest versions INFO
[2025-12-29 23:58:52.683] 🐛 DEBUG: _load_metadata() checking versioned_artifacts/None_None_None_long_regime/metadata.json INFO
[2025-12-29 23:58:52.683] 🐛 DEBUG: Metadata file exists, size: 139 bytes INFO
[2025-12-29 23:58:52.683] 🐛 DEBUG: Successfully loaded metadata with 0 versions INFO
[2025-12-29 23:58:52.683] 🐛 DEBUG: Found 0 versions in metadata: [] INFO
[2025-12-29 23:58:52.683] 🐛 DEBUG: Found 0 versions in HDF5: [] INFO
[2025-12-29 23:58:52.684] 🐛 DEBUG: _load_metadata() checking versioned_artifacts/ETHUSDT_binance_1h_long_mean_reversion/metadata.json INFO
[2025-12-29 23:58:52.684] 🐛 DEBUG: Metadata file exists, size: 3914 bytes INFO
[2025-12-29 23:58:52.684] 🐛 DEBUG: Successfully loaded metadata with 5 versions INFO
[2025-12-29 23:58:52.684] 🐛 DEBUG: list_versions() called INFO
[2025-12-29 23:58:52.684] 🐛 DEBUG: Metadata file exists: True INFO
[2025-12-29 23:58:52.684] 🐛 DEBUG: HDF5 file exists: True INFO
[2025-12-29 23:58:52.684] 🐛 DEBUG: Reloading metadata to get latest versions INFO
[2025-12-29 23:58:52.684] 🐛 DEBUG: _load_metadata() checking versioned_artifacts/ETHUSDT_binance_1h_long_mean_reversion/metadata.json INFO
[2025-12-29 23:58:52.684] 🐛 DEBUG: Metadata file exists, size: 3914 bytes INFO
[2025-12-29 23:58:52.684] 🐛 DEBUG: Successfully loaded metadata with 5 versions INFO
[2025-12-29 23:58:52.684] 🐛 DEBUG: Found 5 versions in metadata: ['ml_mean_reversion_training_data_1h_20251124_231116_323', 'ml_mean_reversion_training_data_1h_20251125_001022_753', 'ml_mean_reversion_training_data_1h_20251125_002337_863', 'ml_mean_reversion_training_data_1h_20251125_003116_776', 'ml_mean_reversion_training_data_1h_20251126_003120_916'] INFO
[2025-12-29 23:58:52.684] 🐛 DEBUG: Found 5 versions in HDF5: ['ml_mean_reversion_training_data_1h_20251124_231116_323', 'ml_mean_reversion_training_data_1h_20251125_001022_753', 'ml_mean_reversion_training_data_1h_20251125_002337_863', 'ml_mean_reversion_training_data_1h_20251125_003116_776', 'ml_mean_reversion_training_data_1h_20251126_003120_916'] INFO
[2025-12-29 23:58:52.684] 🐛 DEBUG: _load_metadata() checking versioned_artifacts/ETHUSDT_binance_15m_long_mean_reversion/metadata.json INFO
[2025-12-29 23:58:52.685] 🐛 DEBUG: Metadata file exists, size: 1472 bytes INFO
[2025-12-29 23:58:52.685] 🐛 DEBUG: Successfully loaded metadata with 1 versions INFO
[2025-12-29 23:58:52.685] 🐛 DEBUG: list_versions() called INFO
[2025-12-29 23:58:52.685] 🐛 DEBUG: Metadata file exists: True INFO
[2025-12-29 23:58:52.685] 🐛 DEBUG: HDF5 file exists: True INFO
[2025-12-29 23:58:52.685] 🐛 DEBUG: Reloading metadata to get latest versions INFO
[2025-12-29 23:58:52.685] 🐛 DEBUG: _load_metadata() checking versioned_artifacts/ETHUSDT_binance_15m_long_mean_reversion/metadata.json INFO
[2025-12-29 23:58:52.685] 🐛 DEBUG: Metadata file exists, size: 1472 bytes INFO
[2025-12-29 23:58:52.685] 🐛 DEBUG: Successfully loaded metadata with 1 versions INFO
[2025-12-29 23:58:52.685] 🐛 DEBUG: Found 1 versions in metadata: ['ml_mean_reversion_training_data_15m_20251213_170600_968'] INFO
[2025-12-29 23:58:52.685] 🐛 DEBUG: Found 1 versions in HDF5: ['ml_mean_reversion_training_data_15m_20251213_170600_968'] INFO
[2025-12-29 23:58:52.686] 🐛 DEBUG: _load_metadata() checking versioned_artifacts/ETHUSDT_binance_15m_long_full/metadata.json INFO
[2025-12-29 23:58:52.686] 🐛 DEBUG: Metadata file exists, size: 139 bytes INFO
[2025-12-29 23:58:52.686] 🐛 DEBUG: Successfully loaded metadata with 0 versions INFO
[2025-12-29 23:58:52.686] 🐛 DEBUG: list_versions() called INFO
[2025-12-29 23:58:52.686] 🐛 DEBUG: Metadata file exists: True INFO
[2025-12-29 23:58:52.686] 🐛 DEBUG: HDF5 file exists: True INFO
[2025-12-29 23:58:52.686] 🐛 DEBUG: Reloading metadata to get latest versions INFO
[2025-12-29 23:58:52.686] 🐛 DEBUG: _load_metadata() checking versioned_artifacts/ETHUSDT_binance_15m_long_full/metadata.json INFO
[2025-12-29 23:58:52.686] 🐛 DEBUG: Metadata file exists, size: 139 bytes INFO
[2025-12-29 23:58:52.686] 🐛 DEBUG: Successfully loaded metadata with 0 versions INFO
[2025-12-29 23:58:52.686] 🐛 DEBUG: Found 0 versions in metadata: [] INFO
[2025-12-29 23:58:52.686] 🐛 DEBUG: Found 0 versions in HDF5: [] INFO
[2025-12-29 23:58:52.686] 🐛 DEBUG: _load_metadata() checking versioned_artifacts/ETHUSDT_binance_15m_long_regime_meso_trend/metadata.json INFO
[2025-12-29 23:58:52.686] 🐛 DEBUG: Metadata file exists, size: 139 bytes INFO
[2025-12-29 23:58:52.686] 🐛 DEBUG: Successfully loaded metadata with 0 versions INFO
[2025-12-29 23:58:52.686] 🐛 DEBUG: list_versions() called INFO
[2025-12-29 23:58:52.686] 🐛 DEBUG: Metadata file exists: True INFO
[2025-12-29 23:58:52.686] 🐛 DEBUG: HDF5 file exists: True INFO
[2025-12-29 23:58:52.686] 🐛 DEBUG: Reloading metadata to get latest versions INFO
[2025-12-29 23:58:52.686] 🐛 DEBUG: _load_metadata() checking versioned_artifacts/ETHUSDT_binance_15m_long_regime_meso_trend/metadata.json INFO
[2025-12-29 23:58:52.687] 🐛 DEBUG: Metadata file exists, size: 139 bytes INFO
[2025-12-29 23:58:52.687] 🐛 DEBUG: Successfully loaded metadata with 0 versions INFO
[2025-12-29 23:58:52.687] 🐛 DEBUG: Found 0 versions in metadata: [] INFO
[2025-12-29 23:58:52.687] 🐛 DEBUG: Found 0 versions in HDF5: [] INFO
[2025-12-29 23:58:52.687] 🐛 DEBUG: _load_metadata() checking versioned_artifacts/ETHUSDT_binance_15m_long_regime/metadata.json INFO
[2025-12-29 23:58:52.687] 🐛 DEBUG: Metadata file exists, size: 200 bytes INFO
[2025-12-29 23:58:52.687] 🐛 DEBUG: Successfully loaded metadata with 0 versions INFO
[2025-12-29 23:58:52.687] 🐛 DEBUG: list_versions() called INFO
[2025-12-29 23:58:52.687] 🐛 DEBUG: Metadata file exists: True INFO
[2025-12-29 23:58:52.687] 🐛 DEBUG: HDF5 file exists: True INFO
[2025-12-29 23:58:52.687] 🐛 DEBUG: Reloading metadata to get latest versions INFO
[2025-12-29 23:58:52.687] 🐛 DEBUG: _load_metadata() checking versioned_artifacts/ETHUSDT_binance_15m_long_regime/metadata.json INFO
[2025-12-29 23:58:52.687] 🐛 DEBUG: Metadata file exists, size: 200 bytes INFO
[2025-12-29 23:58:52.687] 🐛 DEBUG: Successfully loaded metadata with 0 versions INFO
[2025-12-29 23:58:52.687] 🐛 DEBUG: Found 0 versions in metadata: [] INFO
[2025-12-29 23:58:52.687] 🐛 DEBUG: Found 0 versions in HDF5: [] INFO
[2025-12-29 23:58:52.688] 🐛 DEBUG: _load_metadata() checking versioned_artifacts/ETHUSDT_binance_1h_long_smc_regime/metadata.json INFO
[2025-12-29 23:58:52.688] 🐛 DEBUG: Metadata file exists, size: 3536 bytes INFO
[2025-12-29 23:58:52.688] 🐛 DEBUG: Successfully loaded metadata with 5 versions INFO
[2025-12-29 23:58:52.688] 🐛 DEBUG: list_versions() called INFO
[2025-12-29 23:58:52.688] 🐛 DEBUG: Metadata file exists: True INFO
[2025-12-29 23:58:52.688] 🐛 DEBUG: HDF5 file exists: True INFO
[2025-12-29 23:58:52.688] 🐛 DEBUG: Reloading metadata to get latest versions INFO
[2025-12-29 23:58:52.688] 🐛 DEBUG: _load_metadata() checking versioned_artifacts/ETHUSDT_binance_1h_long_smc_regime/metadata.json INFO
[2025-12-29 23:58:52.688] 🐛 DEBUG: Metadata file exists, size: 3536 bytes INFO
[2025-12-29 23:58:52.688] 🐛 DEBUG: Successfully loaded metadata with 5 versions INFO
[2025-12-29 23:58:52.688] 🐛 DEBUG: Found 5 versions in metadata: ['smc_predictions_with_confidence_20251124_233038_087', 'smc_predictions_with_confidence_20251125_001011_321', 'smc_predictions_with_confidence_20251125_001842_252', 'smc_predictions_with_confidence_20251126_003009_061', 'smc_predictions_with_confidence_20251126_003415_856'] INFO
[2025-12-29 23:58:52.688] 🐛 DEBUG: Found 5 versions in HDF5: ['smc_predictions_with_confidence_20251124_233038_087', 'smc_predictions_with_confidence_20251125_001011_321', 'smc_predictions_with_confidence_20251125_001842_252', 'smc_predictions_with_confidence_20251126_003009_061', 'smc_predictions_with_confidence_20251126_003415_856'] INFO
[2025-12-29 23:58:52.688] 🐛 DEBUG: _load_metadata() checking versioned_artifacts/ETHUSDT_binance_15m_long_regime_path/metadata.json INFO
[2025-12-29 23:58:52.688] 🐛 DEBUG: Metadata file exists, size: 200 bytes INFO
[2025-12-29 23:58:52.689] 🐛 DEBUG: Successfully loaded metadata with 0 versions INFO
[2025-12-29 23:58:52.689] 🐛 DEBUG: list_versions() called INFO
[2025-12-29 23:58:52.689] 🐛 DEBUG: Metadata file exists: True INFO
[2025-12-29 23:58:52.689] 🐛 DEBUG: HDF5 file exists: True INFO
[2025-12-29 23:58:52.689] 🐛 DEBUG: Reloading metadata to get latest versions INFO
[2025-12-29 23:58:52.689] 🐛 DEBUG: _load_metadata() checking versioned_artifacts/ETHUSDT_binance_15m_long_regime_path/metadata.json INFO
[2025-12-29 23:58:52.689] 🐛 DEBUG: Metadata file exists, size: 200 bytes INFO
[2025-12-29 23:58:52.689] 🐛 DEBUG: Successfully loaded metadata with 0 versions INFO
[2025-12-29 23:58:52.689] 🐛 DEBUG: Found 0 versions in metadata: [] INFO
[2025-12-29 23:58:52.689] 🐛 DEBUG: Found 0 versions in HDF5: [] INFO
[2025-12-29 23:58:52.689] 🐛 DEBUG: _load_metadata() checking versioned_artifacts/ETHUSDT_binance_1h_long_light/metadata.json INFO
[2025-12-29 23:58:52.689] 🐛 DEBUG: Metadata file exists, size: 139 bytes INFO
[2025-12-29 23:58:52.689] 🐛 DEBUG: Successfully loaded metadata with 0 versions INFO
[2025-12-29 23:58:52.689] 🐛 DEBUG: list_versions() called INFO
[2025-12-29 23:58:52.689] 🐛 DEBUG: Metadata file exists: True INFO
[2025-12-29 23:58:52.689] 🐛 DEBUG: HDF5 file exists: True INFO
[2025-12-29 23:58:52.689] 🐛 DEBUG: Reloading metadata to get latest versions INFO
[2025-12-29 23:58:52.689] 🐛 DEBUG: _load_metadata() checking versioned_artifacts/ETHUSDT_binance_1h_long_light/metadata.json INFO
[2025-12-29 23:58:52.689] 🐛 DEBUG: Metadata file exists, size: 139 bytes INFO
[2025-12-29 23:58:52.689] 🐛 DEBUG: Successfully loaded metadata with 0 versions INFO
[2025-12-29 23:58:52.690] 🐛 DEBUG: Found 0 versions in metadata: [] INFO
[2025-12-29 23:58:52.690] 🐛 DEBUG: Found 0 versions in HDF5: [] INFO
[2025-12-29 23:58:52.690] 🐛 DEBUG: _load_metadata() checking versioned_artifacts/ETHUSDT_binance_15m_long_light/metadata.json INFO
[2025-12-29 23:58:52.690] 🐛 DEBUG: Metadata file exists, size: 1538 bytes INFO
[2025-12-29 23:58:52.690] 🐛 DEBUG: Successfully loaded metadata with 3 versions INFO
[2025-12-29 23:58:52.690] 🐛 DEBUG: list_versions() called INFO
[2025-12-29 23:58:52.690] 🐛 DEBUG: Metadata file exists: True INFO
[2025-12-29 23:58:52.690] 🐛 DEBUG: HDF5 file exists: True INFO
[2025-12-29 23:58:52.690] 🐛 DEBUG: Reloading metadata to get latest versions INFO
[2025-12-29 23:58:52.690] 🐛 DEBUG: _load_metadata() checking versioned_artifacts/ETHUSDT_binance_15m_long_light/metadata.json INFO
[2025-12-29 23:58:52.690] 🐛 DEBUG: Metadata file exists, size: 1538 bytes INFO
[2025-12-29 23:58:52.690] 🐛 DEBUG: Successfully loaded metadata with 3 versions INFO
[2025-12-29 23:58:52.690] 🐛 DEBUG: Found 3 versions in metadata: ['selected_features_60_20251109_191448_625', 'selected_features_50_20251109_191448_653', 'selected_features_40_20251109_191448_677'] INFO
[2025-12-29 23:58:52.691] 🐛 DEBUG: Found 3 versions in HDF5: ['selected_features_40_20251109_191448_677', 'selected_features_50_20251109_191448_653', 'selected_features_60_20251109_191448_625'] INFO
[2025-12-29 23:58:52.691] 🐛 DEBUG: _load_metadata() checking versioned_artifacts/ETHUSDT_binance_15m_long_regime_macro_trend/metadata.json INFO
[2025-12-29 23:58:52.691] 🐛 DEBUG: Metadata file exists, size: 5567 bytes INFO
[2025-12-29 23:58:52.691] 🐛 DEBUG: Successfully loaded metadata with 2 versions INFO
[2025-12-29 23:58:52.691] 🐛 DEBUG: list_versions() called INFO
[2025-12-29 23:58:52.691] 🐛 DEBUG: Metadata file exists: True INFO
[2025-12-29 23:58:52.691] 🐛 DEBUG: HDF5 file exists: True INFO
[2025-12-29 23:58:52.691] 🐛 DEBUG: Reloading metadata to get latest versions INFO
[2025-12-29 23:58:52.691] 🐛 DEBUG: _load_metadata() checking versioned_artifacts/ETHUSDT_binance_15m_long_regime_macro_trend/metadata.json INFO
[2025-12-29 23:58:52.691] 🐛 DEBUG: Metadata file exists, size: 5567 bytes INFO
[2025-12-29 23:58:52.691] 🐛 DEBUG: Successfully loaded metadata with 2 versions INFO
[2025-12-29 23:58:52.691] 🐛 DEBUG: Found 2 versions in metadata: ['hmm_macro_trend_training_data_15m_20251213_170722_611', 'hmm_macro_trend_regime_stats_15m_20251213_170725_853'] INFO
[2025-12-29 23:58:52.693] 🐛 DEBUG: Found 2 versions in HDF5: ['hmm_macro_trend_regime_stats_15m_20251213_170725_853', 'hmm_macro_trend_training_data_15m_20251213_170722_611'] INFO
[2025-12-29 23:58:52.693] 🐛 DEBUG: _load_metadata() checking versioned_artifacts/ETHUSDT_binance_1h_long_full/metadata.json INFO
[2025-12-29 23:58:52.693] 🐛 DEBUG: Metadata file exists, size: 139 bytes INFO
[2025-12-29 23:58:52.693] 🐛 DEBUG: Successfully loaded metadata with 0 versions INFO
[2025-12-29 23:58:52.693] 🐛 DEBUG: list_versions() called INFO
[2025-12-29 23:58:52.693] 🐛 DEBUG: Metadata file exists: True INFO
[2025-12-29 23:58:52.693] 🐛 DEBUG: HDF5 file exists: True INFO
[2025-12-29 23:58:52.693] 🐛 DEBUG: Reloading metadata to get latest versions INFO
[2025-12-29 23:58:52.693] 🐛 DEBUG: _load_metadata() checking versioned_artifacts/ETHUSDT_binance_1h_long_full/metadata.json INFO
[2025-12-29 23:58:52.693] 🐛 DEBUG: Metadata file exists, size: 139 bytes INFO
[2025-12-29 23:58:52.693] 🐛 DEBUG: Successfully loaded metadata with 0 versions INFO
[2025-12-29 23:58:52.693] 🐛 DEBUG: Found 0 versions in metadata: [] INFO
[2025-12-29 23:58:52.693] 🐛 DEBUG: Found 0 versions in HDF5: [] INFO
[2025-12-29 23:58:52.694] 🐛 DEBUG: _load_metadata() checking versioned_artifacts/ETHUSDT_binance_15m_short_mean_reversion/metadata.json INFO
[2025-12-29 23:58:52.694] 🐛 DEBUG: Metadata file exists, size: 139 bytes INFO
[2025-12-29 23:58:52.694] 🐛 DEBUG: Successfully loaded metadata with 0 versions INFO
[2025-12-29 23:58:52.694] 🐛 DEBUG: list_versions() called INFO
[2025-12-29 23:58:52.694] 🐛 DEBUG: Metadata file exists: True INFO
[2025-12-29 23:58:52.694] 🐛 DEBUG: HDF5 file exists: True INFO
[2025-12-29 23:58:52.694] 🐛 DEBUG: Reloading metadata to get latest versions INFO
[2025-12-29 23:58:52.694] 🐛 DEBUG: _load_metadata() checking versioned_artifacts/ETHUSDT_binance_15m_short_mean_reversion/metadata.json INFO
[2025-12-29 23:58:52.694] 🐛 DEBUG: Metadata file exists, size: 139 bytes INFO
[2025-12-29 23:58:52.694] 🐛 DEBUG: Successfully loaded metadata with 0 versions INFO
[2025-12-29 23:58:52.694] 🐛 DEBUG: Found 0 versions in metadata: [] INFO
[2025-12-29 23:58:52.694] 🐛 DEBUG: Found 0 versions in HDF5: [] INFO
[2025-12-29 23:58:52.694] 🐛 DEBUG: _load_metadata() checking versioned_artifacts/ETHUSDT_binance_1h_long_regime_risk_hmm/metadata.json INFO
[2025-12-29 23:58:52.694] 🐛 DEBUG: Metadata file exists, size: 139 bytes INFO
[2025-12-29 23:58:52.694] 🐛 DEBUG: Successfully loaded metadata with 0 versions INFO
[2025-12-29 23:58:52.694] 🐛 DEBUG: list_versions() called INFO
[2025-12-29 23:58:52.694] 🐛 DEBUG: Metadata file exists: True INFO
[2025-12-29 23:58:52.694] 🐛 DEBUG: HDF5 file exists: True INFO
[2025-12-29 23:58:52.694] 🐛 DEBUG: Reloading metadata to get latest versions INFO
[2025-12-29 23:58:52.694] 🐛 DEBUG: _load_metadata() checking versioned_artifacts/ETHUSDT_binance_1h_long_regime_risk_hmm/metadata.json INFO
[2025-12-29 23:58:52.694] 🐛 DEBUG: Metadata file exists, size: 139 bytes INFO
[2025-12-29 23:58:52.695] 🐛 DEBUG: Successfully loaded metadata with 0 versions INFO
[2025-12-29 23:58:52.695] 🐛 DEBUG: Found 0 versions in metadata: [] INFO
[2025-12-29 23:58:52.695] 🐛 DEBUG: Found 0 versions in HDF5: [] INFO
[2025-12-29 23:58:52.695] 🐛 DEBUG: _load_metadata() checking versioned_artifacts/ETHUSDT_binance_1h_long_regime_risk/metadata.json INFO
[2025-12-29 23:58:52.695] 🐛 DEBUG: Metadata file exists, size: 139 bytes INFO
[2025-12-29 23:58:52.695] 🐛 DEBUG: Successfully loaded metadata with 0 versions INFO
[2025-12-29 23:58:52.695] 🐛 DEBUG: list_versions() called INFO
[2025-12-29 23:58:52.695] 🐛 DEBUG: Metadata file exists: True INFO
[2025-12-29 23:58:52.695] 🐛 DEBUG: HDF5 file exists: True INFO
[2025-12-29 23:58:52.695] 🐛 DEBUG: Reloading metadata to get latest versions INFO
[2025-12-29 23:58:52.695] 🐛 DEBUG: _load_metadata() checking versioned_artifacts/ETHUSDT_binance_1h_long_regime_risk/metadata.json INFO
[2025-12-29 23:58:52.695] 🐛 DEBUG: Metadata file exists, size: 139 bytes INFO
[2025-12-29 23:58:52.695] 🐛 DEBUG: Successfully loaded metadata with 0 versions INFO
[2025-12-29 23:58:52.695] 🐛 DEBUG: Found 0 versions in metadata: [] INFO
[2025-12-29 23:58:52.695] 🐛 DEBUG: Found 0 versions in HDF5: [] INFO
[2025-12-29 23:58:52.696] 🐛 DEBUG: _load_metadata() checking versioned_artifacts/ETHUSDT_binance_1h_long_blank/metadata.json INFO
[2025-12-29 23:58:52.696] 🐛 DEBUG: Metadata file exists, size: 139 bytes INFO
[2025-12-29 23:58:52.696] 🐛 DEBUG: Successfully loaded metadata with 0 versions INFO
[2025-12-29 23:58:52.696] 🐛 DEBUG: list_versions() called INFO
[2025-12-29 23:58:52.696] 🐛 DEBUG: Metadata file exists: True INFO
[2025-12-29 23:58:52.696] 🐛 DEBUG: HDF5 file exists: True INFO
[2025-12-29 23:58:52.696] 🐛 DEBUG: Reloading metadata to get latest versions INFO
[2025-12-29 23:58:52.696] 🐛 DEBUG: _load_metadata() checking versioned_artifacts/ETHUSDT_binance_1h_long_blank/metadata.json INFO
[2025-12-29 23:58:52.696] 🐛 DEBUG: Metadata file exists, size: 139 bytes INFO
[2025-12-29 23:58:52.696] 🐛 DEBUG: Successfully loaded metadata with 0 versions INFO
[2025-12-29 23:58:52.696] 🐛 DEBUG: Found 0 versions in metadata: [] INFO
[2025-12-29 23:58:52.696] 🐛 DEBUG: Found 0 versions in HDF5: [] INFO
[2025-12-29 23:58:52.696] 🐛 DEBUG: _load_metadata() checking versioned_artifacts/ETHUSDT_binance_15m_long_regime_mr_trend/metadata.json INFO
[2025-12-29 23:58:52.696] 🐛 DEBUG: Metadata file exists, size: 139 bytes INFO
[2025-12-29 23:58:52.696] 🐛 DEBUG: Successfully loaded metadata with 0 versions INFO
[2025-12-29 23:58:52.696] 🐛 DEBUG: list_versions() called INFO
[2025-12-29 23:58:52.696] 🐛 DEBUG: Metadata file exists: True INFO
[2025-12-29 23:58:52.696] 🐛 DEBUG: HDF5 file exists: True INFO
[2025-12-29 23:58:52.696] 🐛 DEBUG: Reloading metadata to get latest versions INFO
[2025-12-29 23:58:52.696] 🐛 DEBUG: _load_metadata() checking versioned_artifacts/ETHUSDT_binance_15m_long_regime_mr_trend/metadata.json INFO
[2025-12-29 23:58:52.696] 🐛 DEBUG: Metadata file exists, size: 139 bytes INFO
[2025-12-29 23:58:52.696] 🐛 DEBUG: Successfully loaded metadata with 0 versions INFO
[2025-12-29 23:58:52.696] 🐛 DEBUG: Found 0 versions in metadata: [] INFO
[2025-12-29 23:58:52.697] 🐛 DEBUG: Found 0 versions in HDF5: [] INFO
[2025-12-29 23:58:52.697] 🐛 DEBUG: _load_metadata() checking versioned_artifacts/ETHUSDT_binance_15m_long_regime_risk_hmm/metadata.json INFO
[2025-12-29 23:58:52.697] 🐛 DEBUG: Metadata file exists, size: 1035 bytes INFO
[2025-12-29 23:58:52.697] 🐛 DEBUG: Successfully loaded metadata with 1 versions INFO
[2025-12-29 23:58:52.697] 🐛 DEBUG: list_versions() called INFO
[2025-12-29 23:58:52.697] 🐛 DEBUG: Metadata file exists: True INFO
[2025-12-29 23:58:52.697] 🐛 DEBUG: HDF5 file exists: True INFO
[2025-12-29 23:58:52.697] 🐛 DEBUG: Reloading metadata to get latest versions INFO
[2025-12-29 23:58:52.697] 🐛 DEBUG: _load_metadata() checking versioned_artifacts/ETHUSDT_binance_15m_long_regime_risk_hmm/metadata.json INFO
[2025-12-29 23:58:52.697] 🐛 DEBUG: Metadata file exists, size: 1035 bytes INFO
[2025-12-29 23:58:52.697] 🐛 DEBUG: Successfully loaded metadata with 1 versions INFO
[2025-12-29 23:58:52.697] 🐛 DEBUG: Found 1 versions in metadata: ['ml_risk_hmm_training_data_15m_20251205_191725_560'] INFO
[2025-12-29 23:58:52.697] 🐛 DEBUG: Found 1 versions in HDF5: ['ml_risk_hmm_training_data_15m_20251205_191725_560'] INFO
[2025-12-29 23:58:52.697] 🐛 DEBUG: _load_metadata() checking versioned_artifacts/ETHUSDT_binance_15m_long_analyst/metadata.json INFO
[2025-12-29 23:58:52.698] 🐛 DEBUG: Metadata file exists, size: 24005 bytes INFO
[2025-12-29 23:58:52.698] 🐛 DEBUG: Successfully loaded metadata with 8 versions INFO
[2025-12-29 23:58:52.698] 🐛 DEBUG: list_versions() called INFO
[2025-12-29 23:58:52.698] 🐛 DEBUG: Metadata file exists: True INFO
[2025-12-29 23:58:52.698] 🐛 DEBUG: HDF5 file exists: True INFO
[2025-12-29 23:58:52.698] 🐛 DEBUG: Reloading metadata to get latest versions INFO
[2025-12-29 23:58:52.698] 🐛 DEBUG: _load_metadata() checking versioned_artifacts/ETHUSDT_binance_15m_long_analyst/metadata.json INFO
[2025-12-29 23:58:52.698] 🐛 DEBUG: Metadata file exists, size: 24005 bytes INFO
[2025-12-29 23:58:52.698] 🐛 DEBUG: Successfully loaded metadata with 8 versions INFO
[2025-12-29 23:58:52.698] 🐛 DEBUG: Found 8 versions in metadata: ['weighted_meta_model_training_matrix_ETHUSDT_binance_15m_long_20251214_184321_623', 'labeled_data_ETHUSDT_binance_15m_long_20251214_220950_753', 'labeled_data_ETHUSDT_binance_15m_long_20251214_224631_542', 'labeled_data_ETHUSDT_binance_15m_long_20251214_233640_586', 'labeled_data_ETHUSDT_binance_15m_long_20251214_235041_562', 'labeled_data_ETHUSDT_15m_20251219_235959_715', 'labeled_data_ETHUSDT_15m_20251220_000301_152', 'labeled_data_ETHUSDT_15m_20251220_000738_204'] INFO
[2025-12-29 23:58:52.698] 🐛 DEBUG: Found 8 versions in HDF5: ['labeled_data_ETHUSDT_15m_20251219_235959_715', 'labeled_data_ETHUSDT_15m_20251220_000301_152', 'labeled_data_ETHUSDT_15m_20251220_000738_204', 'labeled_data_ETHUSDT_binance_15m_long_20251214_220950_753', 'labeled_data_ETHUSDT_binance_15m_long_20251214_224631_542', 'labeled_data_ETHUSDT_binance_15m_long_20251214_233640_586', 'labeled_data_ETHUSDT_binance_15m_long_20251214_235041_562', 'weighted_meta_model_training_matrix_ETHUSDT_binance_15m_long_20251214_184321_623'] INFO
[2025-12-29 23:58:52.699] 🐛 DEBUG: _load_metadata() checking versioned_artifacts/ETHUSDT_binance_1h_long_regime_macro_trend/metadata.json INFO
[2025-12-29 23:58:52.699] 🐛 DEBUG: Metadata file exists, size: 17432 bytes INFO
[2025-12-29 23:58:52.699] 🐛 DEBUG: Successfully loaded metadata with 5 versions INFO
[2025-12-29 23:58:52.699] 🐛 DEBUG: list_versions() called INFO
[2025-12-29 23:58:52.699] 🐛 DEBUG: Metadata file exists: True INFO
[2025-12-29 23:58:52.699] 🐛 DEBUG: HDF5 file exists: True INFO
[2025-12-29 23:58:52.699] 🐛 DEBUG: Reloading metadata to get latest versions INFO
[2025-12-29 23:58:52.699] 🐛 DEBUG: _load_metadata() checking versioned_artifacts/ETHUSDT_binance_1h_long_regime_macro_trend/metadata.json INFO
[2025-12-29 23:58:52.699] 🐛 DEBUG: Metadata file exists, size: 17432 bytes INFO
[2025-12-29 23:58:52.699] 🐛 DEBUG: Successfully loaded metadata with 5 versions INFO
[2025-12-29 23:58:52.699] 🐛 DEBUG: Found 5 versions in metadata: ['hmm_macro_trend_regime_quality_1h_20251204_224507_427', 'hmm_macro_trend_regime_quality_1h_20251204_225044_960', 'hmm_macro_trend_regime_quality_1h_20251205_183537_791', 'hmm_macro_trend_regime_quality_1h_20251205_191709_242', 'hmm_macro_trend_regime_quality_1h_20251213_170722_488'] INFO
[2025-12-29 23:58:52.700] 🐛 DEBUG: Found 5 versions in HDF5: ['hmm_macro_trend_regime_quality_1h_20251204_224507_427', 'hmm_macro_trend_regime_quality_1h_20251204_225044_960', 'hmm_macro_trend_regime_quality_1h_20251205_183537_791', 'hmm_macro_trend_regime_quality_1h_20251205_191709_242', 'hmm_macro_trend_regime_quality_1h_20251213_170722_488'] INFO
[2025-12-29 23:58:52.700] 🐛 DEBUG: _load_metadata() checking versioned_artifacts/ETHUSDT_binance_1h_long_regime/metadata.json INFO
[2025-12-29 23:58:52.700] 🐛 DEBUG: Metadata file exists, size: 3249 bytes INFO
[2025-12-29 23:58:52.700] 🐛 DEBUG: Successfully loaded metadata with 5 versions INFO
[2025-12-29 23:58:52.700] 🐛 DEBUG: list_versions() called INFO
[2025-12-29 23:58:52.700] 🐛 DEBUG: Metadata file exists: True INFO
[2025-12-29 23:58:52.700] 🐛 DEBUG: HDF5 file exists: True INFO
[2025-12-29 23:58:52.700] 🐛 DEBUG: Reloading metadata to get latest versions INFO
[2025-12-29 23:58:52.700] 🐛 DEBUG: _load_metadata() checking versioned_artifacts/ETHUSDT_binance_1h_long_regime/metadata.json INFO
[2025-12-29 23:58:52.700] 🐛 DEBUG: Metadata file exists, size: 3249 bytes INFO
[2025-12-29 23:58:52.700] 🐛 DEBUG: Successfully loaded metadata with 5 versions INFO
[2025-12-29 23:58:52.700] 🐛 DEBUG: Found 5 versions in metadata: ['rolling_hmm_regime_confidence_features_20251122_003448_094', 'rolling_hmm_economic_features_20251122_003448_124', 'rolling_hmm_regime_labels_20251122_003448_165', 'rolling_hmm_regime_probabilities_20251122_003448_178', 'rolling_hmm_transition_matrix_20251122_003448_193'] INFO
[2025-12-29 23:58:52.702] 🐛 DEBUG: Found 5 versions in HDF5: ['rolling_hmm_economic_features_20251122_003448_124', 'rolling_hmm_regime_confidence_features_20251122_003448_094', 'rolling_hmm_regime_labels_20251122_003448_165', 'rolling_hmm_regime_probabilities_20251122_003448_178', 'rolling_hmm_transition_matrix_20251122_003448_193'] INFO
[2025-12-29 23:58:52.702] 🐛 DEBUG: _load_metadata() checking versioned_artifacts/ETHUSDT_binance_15m_long_blank/metadata.json INFO
[2025-12-29 23:58:52.702] 🐛 DEBUG: Metadata file exists, size: 139 bytes INFO
[2025-12-29 23:58:52.702] 🐛 DEBUG: Successfully loaded metadata with 0 versions INFO
[2025-12-29 23:58:52.702] 🐛 DEBUG: list_versions() called INFO
[2025-12-29 23:58:52.702] 🐛 DEBUG: Metadata file exists: True INFO
[2025-12-29 23:58:52.702] 🐛 DEBUG: HDF5 file exists: True INFO
[2025-12-29 23:58:52.702] 🐛 DEBUG: Reloading metadata to get latest versions INFO
[2025-12-29 23:58:52.702] 🐛 DEBUG: _load_metadata() checking versioned_artifacts/ETHUSDT_binance_15m_long_blank/metadata.json INFO
[2025-12-29 23:58:52.702] 🐛 DEBUG: Metadata file exists, size: 139 bytes INFO
[2025-12-29 23:58:52.702] 🐛 DEBUG: Successfully loaded metadata with 0 versions INFO
[2025-12-29 23:58:52.702] 🐛 DEBUG: Found 0 versions in metadata: [] INFO
[2025-12-29 23:58:52.702] 🐛 DEBUG: Found 0 versions in HDF5: [] INFO
[2025-12-29 23:58:52.702] 🐛 DEBUG: _load_metadata() checking versioned_artifacts/ETHUSDT_binance_15m_long_regime_alpha/metadata.json INFO
[2025-12-29 23:58:52.703] 🐛 DEBUG: Metadata file exists, size: 139 bytes INFO
[2025-12-29 23:58:52.703] 🐛 DEBUG: Successfully loaded metadata with 0 versions INFO
[2025-12-29 23:58:52.703] 🐛 DEBUG: list_versions() called INFO
[2025-12-29 23:58:52.703] 🐛 DEBUG: Metadata file exists: True INFO
[2025-12-29 23:58:52.703] 🐛 DEBUG: HDF5 file exists: True INFO
[2025-12-29 23:58:52.703] 🐛 DEBUG: Reloading metadata to get latest versions INFO
[2025-12-29 23:58:52.703] 🐛 DEBUG: _load_metadata() checking versioned_artifacts/ETHUSDT_binance_15m_long_regime_alpha/metadata.json INFO
[2025-12-29 23:58:52.703] 🐛 DEBUG: Metadata file exists, size: 139 bytes INFO
[2025-12-29 23:58:52.703] 🐛 DEBUG: Successfully loaded metadata with 0 versions INFO
[2025-12-29 23:58:52.703] 🐛 DEBUG: Found 0 versions in metadata: [] INFO
[2025-12-29 23:58:52.703] 🐛 DEBUG: Found 0 versions in HDF5: [] INFO
2025-12-29 23:58:52,703 - System.ArtifactManager - WARNING - ⚠️ Artifact not found: klines_data
2025-12-29 23:58:52,703 - System.ArtifactManager - INFO - ℹ️ 📁 Context set: step=meta_labeling_hpo_sample_weighted, symbol=None, exchange=None, timeframe=None, datetime=2025-12-29 23:58:52.662758, information=None, direction=long, model=Analyst
[2025-12-29 23:58:52.703] ⚠️ Artifact 'klines_data' not found in any storage | UNKNOWN/binance [15m] long/analyst
2025-12-29 23:58:52,704 - System.ArtifactManager - INFO - ℹ️ 📁 Context set: step=data_collection, symbol=ETHUSDT, exchange=binance, timeframe=15m, datetime=2025-12-29 22:58:52.704087, information=None, direction=long, model=Analyst
[2025-12-29 23:58:52.704] 📂 Retrieving artifact 'market_data' (type: data) | UNKNOWN/binance [15m] long/analyst
[2025-12-29 23:58:52.704] PERFORMANCE: ┌──────────────────────────────────────────────────────────────────────────────┐
[2025-12-29 23:58:52.704] PERFORMANCE: │  📥 ARTIFACT ROUTER: LOAD OPERATION                                         │
[2025-12-29 23:58:52.704] PERFORMANCE: └──────────────────────────────────────────────────────────────────────────────┘
[2025-12-29 23:58:52.704] PERFORMANCE: 🏷️  [ROUTER] Artifact: 'market_data'
[2025-12-29 23:58:52.704] PERFORMANCE: 🔖 [ROUTER] Type hint: data
[2025-12-29 23:58:52.704] PERFORMANCE: 🌍 [ROUTER] Context:
[2025-12-29 23:58:52.704] PERFORMANCE:    ├─ symbol: UNKNOWN
[2025-12-29 23:58:52.704] PERFORMANCE:    ├─ exchange: binance
[2025-12-29 23:58:52.704] PERFORMANCE:    ├─ timeframe: 15m
[2025-12-29 23:58:52.704] PERFORMANCE:    ├─ direction: long
[2025-12-29 23:58:52.704] PERFORMANCE:    ├─ model: analyst
[2025-12-29 23:58:52.704] PERFORMANCE:    ├─ step_name: meta_labeling_hpo_sample_weighted
[2025-12-29 23:58:52.704] PERFORMANCE: 🔍 [ROUTER] Searching for artifact...
[2025-12-29 23:58:52.704] PERFORMANCE:   ┌─ 🗄️  HDF5 VERSIONED LOAD
[2025-12-29 23:58:52.704] PERFORMANCE:   │  Getting versioned store...
[2025-12-29 23:58:52.704] 🐛 DEBUG: _get_versioned_store() with store_key: UNKNOWN_binance_15m_long_analyst INFO
[2025-12-29 23:58:52.704] 🐛 DEBUG: Using existing cached store for UNKNOWN_binance_15m_long_analyst INFO
[2025-12-29 23:58:52.704] 🐛 DEBUG: get_statistics() called INFO
[2025-12-29 23:58:52.704] 🐛 DEBUG: Reloading metadata for statistics INFO
[2025-12-29 23:58:52.704] 🐛 DEBUG: _load_metadata() checking versioned_artifacts/UNKNOWN_binance_15m_long_analyst/metadata.json INFO
[2025-12-29 23:58:52.704] 🐛 DEBUG: Metadata file exists, size: 15351 bytes INFO
[2025-12-29 23:58:52.704] 🐛 DEBUG: Successfully loaded metadata with 5 versions INFO
[2025-12-29 23:58:52.704] 🐛 DEBUG: Statistics - num_versions: 5 INFO
[2025-12-29 23:58:52.704] 🐛 DEBUG: Statistics - current_version: final_validation_metrics_20251116_161159_946 INFO
[2025-12-29 23:58:52.704] 🐛 DEBUG: Statistics - h5_file_size_mb: 280.5141086578369 INFO
[2025-12-29 23:58:52.705] 🐛 DEBUG: Existing store statistics: {'store_path': 'versioned_artifacts/UNKNOWN_binance_15m_long_analyst', 'num_versions': 5, 'current_version': 'final_validation_metrics_20251116_161159_946', 'created_at': '2025-11-07T18:22:44.911801', 'h5_file_size_mb': 280.5141086578369, 'chunking': {'chunk_rows': 'auto', 'chunk_cols': 'auto'}, 'changelog': {'total_changes': 305, 'changes_by_type': {'add_data': 305}, 'top_versions': {'analyst_interaction_features_20251108_161950_019': 1, 'analyst_interaction_features_20251108_164300_578': 1, 'analyst_interaction_features_20251108_171945_952': 1, 'analyst_interaction_features_20251108_175314_530': 1, 'analyst_interaction_features_20251108_180922_905': 1, 'analyst_interaction_features_20251108_184752_938': 1, 'analyst_interaction_features_20251108_191026_801': 1, 'analyst_interaction_features_20251111_185727_726': 1, 'final_dataset_40_20251108_172617_791': 1, 'final_dataset_40_20251108_172829_013': 1}, 'time_range': {'earliest': '2025-11-07T18:27:00.789522', 'latest': '2025-11-24T21:16:51.681722'}}, 'row_versioning': {'total_rows_tracked': 0, 'total_versions': 0, 'average_versions_per_row': 0, 'most_versioned_rows': []}} INFO
[2025-12-29 23:58:52.705] 🐛 DEBUG: list_versions() called INFO
[2025-12-29 23:58:52.705] 🐛 DEBUG: Metadata file exists: True INFO
[2025-12-29 23:58:52.705] 🐛 DEBUG: HDF5 file exists: True INFO
[2025-12-29 23:58:52.705] 🐛 DEBUG: Reloading metadata to get latest versions INFO
[2025-12-29 23:58:52.705] 🐛 DEBUG: _load_metadata() checking versioned_artifacts/UNKNOWN_binance_15m_long_analyst/metadata.json INFO
[2025-12-29 23:58:52.705] 🐛 DEBUG: Metadata file exists, size: 15351 bytes INFO
[2025-12-29 23:58:52.705] 🐛 DEBUG: Successfully loaded metadata with 5 versions INFO
[2025-12-29 23:58:52.705] 🐛 DEBUG: Found 5 versions in metadata: ['final_dataset_60_20251116_161159_683', 'final_dataset_50_20251116_161159_720', 'final_dataset_40_20251116_161159_752', 'labeled_dataframe_20251116_161159_781', 'final_validation_metrics_20251116_161159_946'] INFO
[2025-12-29 23:58:52.705] 🐛 DEBUG: Found 5 versions in HDF5: ['final_dataset_40_20251116_161159_752', 'final_dataset_50_20251116_161159_720', 'final_dataset_60_20251116_161159_683', 'final_validation_metrics_20251116_161159_946', 'labeled_dataframe_20251116_161159_781'] INFO
[2025-12-29 23:58:52.705] PERFORMANCE:   │  Found 5 versions in store
[2025-12-29 23:58:52.705] WARNING:   │  No matching versions in primary store
[2025-12-29 23:58:52.705] PERFORMANCE:   │  Checking alternate stores...
[2025-12-29 23:58:52.705] 🐛 DEBUG: list_versions() called INFO
[2025-12-29 23:58:52.705] 🐛 DEBUG: Metadata file exists: True INFO
[2025-12-29 23:58:52.705] 🐛 DEBUG: HDF5 file exists: True INFO
[2025-12-29 23:58:52.705] 🐛 DEBUG: Reloading metadata to get latest versions INFO
[2025-12-29 23:58:52.705] 🐛 DEBUG: _load_metadata() checking versioned_artifacts/UNKNOWN_binance_15m_long_analyst/metadata.json INFO
[2025-12-29 23:58:52.705] 🐛 DEBUG: Metadata file exists, size: 15351 bytes INFO
[2025-12-29 23:58:52.705] 🐛 DEBUG: Successfully loaded metadata with 5 versions INFO
[2025-12-29 23:58:52.705] 🐛 DEBUG: Found 5 versions in metadata: ['final_dataset_60_20251116_161159_683', 'final_dataset_50_20251116_161159_720', 'final_dataset_40_20251116_161159_752', 'labeled_dataframe_20251116_161159_781', 'final_validation_metrics_20251116_161159_946'] INFO
[2025-12-29 23:58:52.706] 🐛 DEBUG: Found 5 versions in HDF5: ['final_dataset_40_20251116_161159_752', 'final_dataset_50_20251116_161159_720', 'final_dataset_60_20251116_161159_683', 'final_validation_metrics_20251116_161159_946', 'labeled_dataframe_20251116_161159_781'] INFO
[2025-12-29 23:58:52.706] WARNING:   │  ⚠️  Not found in any versioned store
[2025-12-29 23:58:52.706] WARNING:   └─ Trying next storage method
[2025-12-29 23:58:52.706] ERROR: ┌──────────────────────────────────────────────────────────────────────────────┐
[2025-12-29 23:58:52.706] ERROR: │  ❌ ARTIFACT ROUTER: LOAD FAILED - NOT FOUND                                │
[2025-12-29 23:58:52.706] ERROR: │  Artifact 'market_data' not found in any storage                        │ 
[2025-12-29 23:58:52.706] ERROR: └──────────────────────────────────────────────────────────────────────────────┘
2025-12-29 23:58:52,706 - ares.step.meta_labeling_hpo_sample_weighted - WARNING - ⚠️ Artifact 'market_data' not found via router, trying traditional manager
[2025-12-29 23:58:52.706] ⚠️ Trying fallback to traditional artifact manager | UNKNOWN/binance [15m] long/analyst
2025-12-29 23:58:52,706 - System.ArtifactManager - INFO - ℹ️ 📁 Context set: step=meta_labeling_hpo_sample_weighted, symbol=None, exchange=None, timeframe=15m, datetime=2025-12-29 23:58:52.662758, information=None, direction=long, model=Analyst
[2025-12-29 23:58:52.707] 🐛 DEBUG: _load_metadata() checking versioned_artifacts/UNKNOWN_binance_1h_long_analyst/metadata.json INFO
[2025-12-29 23:58:52.707] 🐛 DEBUG: Metadata file exists, size: 200 bytes INFO
[2025-12-29 23:58:52.707] 🐛 DEBUG: Successfully loaded metadata with 0 versions INFO
[2025-12-29 23:58:52.707] 🐛 DEBUG: list_versions() called INFO
[2025-12-29 23:58:52.707] 🐛 DEBUG: Metadata file exists: True INFO
[2025-12-29 23:58:52.707] 🐛 DEBUG: HDF5 file exists: True INFO
[2025-12-29 23:58:52.707] 🐛 DEBUG: Reloading metadata to get latest versions INFO
[2025-12-29 23:58:52.707] 🐛 DEBUG: _load_metadata() checking versioned_artifacts/UNKNOWN_binance_1h_long_analyst/metadata.json INFO
[2025-12-29 23:58:52.707] 🐛 DEBUG: Metadata file exists, size: 200 bytes INFO
[2025-12-29 23:58:52.707] 🐛 DEBUG: Successfully loaded metadata with 0 versions INFO
[2025-12-29 23:58:52.707] 🐛 DEBUG: Found 0 versions in metadata: [] INFO
[2025-12-29 23:58:52.707] 🐛 DEBUG: Found 0 versions in HDF5: [] INFO
[2025-12-29 23:58:52.707] 🐛 DEBUG: _load_metadata() checking versioned_artifacts/UNKNOWN_binance_15m_long_analyst/metadata.json INFO
[2025-12-29 23:58:52.707] 🐛 DEBUG: Metadata file exists, size: 15351 bytes INFO
[2025-12-29 23:58:52.707] 🐛 DEBUG: Successfully loaded metadata with 5 versions INFO
[2025-12-29 23:58:52.707] 🐛 DEBUG: list_versions() called INFO
[2025-12-29 23:58:52.707] 🐛 DEBUG: Metadata file exists: True INFO
[2025-12-29 23:58:52.708] 🐛 DEBUG: HDF5 file exists: True INFO
[2025-12-29 23:58:52.708] 🐛 DEBUG: Reloading metadata to get latest versions INFO
[2025-12-29 23:58:52.708] 🐛 DEBUG: _load_metadata() checking versioned_artifacts/UNKNOWN_binance_15m_long_analyst/metadata.json INFO
[2025-12-29 23:58:52.708] 🐛 DEBUG: Metadata file exists, size: 15351 bytes INFO
[2025-12-29 23:58:52.708] 🐛 DEBUG: Successfully loaded metadata with 5 versions INFO
[2025-12-29 23:58:52.708] 🐛 DEBUG: Found 5 versions in metadata: ['final_dataset_60_20251116_161159_683', 'final_dataset_50_20251116_161159_720', 'final_dataset_40_20251116_161159_752', 'labeled_dataframe_20251116_161159_781', 'final_validation_metrics_20251116_161159_946'] INFO
[2025-12-29 23:58:52.708] 🐛 DEBUG: Found 5 versions in HDF5: ['final_dataset_40_20251116_161159_752', 'final_dataset_50_20251116_161159_720', 'final_dataset_60_20251116_161159_683', 'final_validation_metrics_20251116_161159_946', 'labeled_dataframe_20251116_161159_781'] INFO
[2025-12-29 23:58:52.708] 🐛 DEBUG: _load_metadata() checking versioned_artifacts/ETHUSDT_binance_15m_long_sr_labeling_xgb/metadata.json INFO
[2025-12-29 23:58:52.708] 🐛 DEBUG: Metadata file exists, size: 139 bytes INFO
[2025-12-29 23:58:52.708] 🐛 DEBUG: Successfully loaded metadata with 0 versions INFO
[2025-12-29 23:58:52.708] 🐛 DEBUG: list_versions() called INFO
[2025-12-29 23:58:52.708] 🐛 DEBUG: Metadata file exists: True INFO
[2025-12-29 23:58:52.708] 🐛 DEBUG: HDF5 file exists: True INFO
[2025-12-29 23:58:52.708] 🐛 DEBUG: Reloading metadata to get latest versions INFO
[2025-12-29 23:58:52.708] 🐛 DEBUG: _load_metadata() checking versioned_artifacts/ETHUSDT_binance_15m_long_sr_labeling_xgb/metadata.json INFO
[2025-12-29 23:58:52.708] 🐛 DEBUG: Metadata file exists, size: 139 bytes INFO
[2025-12-29 23:58:52.708] 🐛 DEBUG: Successfully loaded metadata with 0 versions INFO
[2025-12-29 23:58:52.708] 🐛 DEBUG: Found 0 versions in metadata: [] INFO
[2025-12-29 23:58:52.709] 🐛 DEBUG: Found 0 versions in HDF5: [] INFO
[2025-12-29 23:58:52.709] 🐛 DEBUG: _load_metadata() checking versioned_artifacts/ETHUSDT_binance_1h_long_breakout_bounce/metadata.json INFO
[2025-12-29 23:58:52.709] 🐛 DEBUG: Metadata file exists, size: 11462 bytes INFO
[2025-12-29 23:58:52.709] 🐛 DEBUG: Successfully loaded metadata with 5 versions INFO
[2025-12-29 23:58:52.709] 🐛 DEBUG: list_versions() called INFO
[2025-12-29 23:58:52.709] 🐛 DEBUG: Metadata file exists: True INFO
[2025-12-29 23:58:52.709] 🐛 DEBUG: HDF5 file exists: True INFO
[2025-12-29 23:58:52.709] 🐛 DEBUG: Reloading metadata to get latest versions INFO
[2025-12-29 23:58:52.709] 🐛 DEBUG: _load_metadata() checking versioned_artifacts/ETHUSDT_binance_1h_long_breakout_bounce/metadata.json INFO
[2025-12-29 23:58:52.709] 🐛 DEBUG: Metadata file exists, size: 11462 bytes INFO
[2025-12-29 23:58:52.709] 🐛 DEBUG: Successfully loaded metadata with 5 versions INFO
[2025-12-29 23:58:52.709] 🐛 DEBUG: Found 5 versions in metadata: ['ml_breakout_bounce_training_data_1h_20251123_144326_526', 'ml_breakout_bounce_training_data_1h_20251123_153924_083', 'ml_breakout_bounce_training_data_1h_20251123_160312_391', 'ml_breakout_bounce_training_data_1h_20251123_160800_355', 'ml_breakout_bounce_training_data_1h_20251123_162859_853'] INFO
[2025-12-29 23:58:52.709] 🐛 DEBUG: Found 5 versions in HDF5: ['ml_breakout_bounce_training_data_1h_20251123_144326_526', 'ml_breakout_bounce_training_data_1h_20251123_153924_083', 'ml_breakout_bounce_training_data_1h_20251123_160312_391', 'ml_breakout_bounce_training_data_1h_20251123_160800_355', 'ml_breakout_bounce_training_data_1h_20251123_162859_853'] INFO
[2025-12-29 23:58:52.709] 🐛 DEBUG: _load_metadata() checking versioned_artifacts/ETHUSDT_binance_15m_long_liquidity_regime/metadata.json INFO
[2025-12-29 23:58:52.710] 🐛 DEBUG: Metadata file exists, size: 5930 bytes INFO
[2025-12-29 23:58:52.710] 🐛 DEBUG: Successfully loaded metadata with 2 versions INFO
[2025-12-29 23:58:52.710] 🐛 DEBUG: list_versions() called INFO
[2025-12-29 23:58:52.710] 🐛 DEBUG: Metadata file exists: True INFO
[2025-12-29 23:58:52.710] 🐛 DEBUG: HDF5 file exists: True INFO
[2025-12-29 23:58:52.710] 🐛 DEBUG: Reloading metadata to get latest versions INFO
[2025-12-29 23:58:52.710] 🐛 DEBUG: _load_metadata() checking versioned_artifacts/ETHUSDT_binance_15m_long_liquidity_regime/metadata.json INFO
[2025-12-29 23:58:52.710] 🐛 DEBUG: Metadata file exists, size: 5930 bytes INFO
[2025-12-29 23:58:52.710] 🐛 DEBUG: Successfully loaded metadata with 2 versions INFO
[2025-12-29 23:58:52.710] 🐛 DEBUG: Found 2 versions in metadata: ['ml_liquidity_regime_probs_15m_20251213_170827_692', 'ml_liquidity_training_data_15m_20251213_221548_209'] INFO
[2025-12-29 23:58:52.710] 🐛 DEBUG: Found 2 versions in HDF5: ['ml_liquidity_regime_probs_15m_20251213_170827_692', 'ml_liquidity_training_data_15m_20251213_221548_209'] INFO
[2025-12-29 23:58:52.710] 🐛 DEBUG: _load_metadata() checking versioned_artifacts/ETHUSDT_binance_15m_long_regime_risk/metadata.json INFO
[2025-12-29 23:58:52.710] 🐛 DEBUG: Metadata file exists, size: 200 bytes INFO
[2025-12-29 23:58:52.710] 🐛 DEBUG: Successfully loaded metadata with 0 versions INFO
[2025-12-29 23:58:52.710] 🐛 DEBUG: list_versions() called INFO
[2025-12-29 23:58:52.710] 🐛 DEBUG: Metadata file exists: True INFO
[2025-12-29 23:58:52.710] 🐛 DEBUG: HDF5 file exists: True INFO
[2025-12-29 23:58:52.710] 🐛 DEBUG: Reloading metadata to get latest versions INFO
[2025-12-29 23:58:52.710] 🐛 DEBUG: _load_metadata() checking versioned_artifacts/ETHUSDT_binance_15m_long_regime_risk/metadata.json INFO
[2025-12-29 23:58:52.710] 🐛 DEBUG: Metadata file exists, size: 200 bytes INFO
[2025-12-29 23:58:52.710] 🐛 DEBUG: Successfully loaded metadata with 0 versions INFO
[2025-12-29 23:58:52.710] 🐛 DEBUG: Found 0 versions in metadata: [] INFO
[2025-12-29 23:58:52.711] 🐛 DEBUG: Found 0 versions in HDF5: [] INFO
[2025-12-29 23:58:52.711] 🐛 DEBUG: _load_metadata() checking versioned_artifacts/ETHUSDT_binance_15m_long_volume_force/metadata.json INFO
[2025-12-29 23:58:52.711] 🐛 DEBUG: Metadata file exists, size: 5760 bytes INFO
[2025-12-29 23:58:52.711] 🐛 DEBUG: Successfully loaded metadata with 3 versions INFO
[2025-12-29 23:58:52.711] 🐛 DEBUG: list_versions() called INFO
[2025-12-29 23:58:52.711] 🐛 DEBUG: Metadata file exists: True INFO
[2025-12-29 23:58:52.711] 🐛 DEBUG: HDF5 file exists: True INFO
[2025-12-29 23:58:52.711] 🐛 DEBUG: Reloading metadata to get latest versions INFO
[2025-12-29 23:58:52.711] 🐛 DEBUG: _load_metadata() checking versioned_artifacts/ETHUSDT_binance_15m_long_volume_force/metadata.json INFO
[2025-12-29 23:58:52.711] 🐛 DEBUG: Metadata file exists, size: 5760 bytes INFO
[2025-12-29 23:58:52.711] 🐛 DEBUG: Successfully loaded metadata with 3 versions INFO
[2025-12-29 23:58:52.711] 🐛 DEBUG: Found 3 versions in metadata: ['ml_volume_force_features_20251213_163705_361', 'ml_volume_force_features_20251213_170535_123', 'ml_volume_force_predictions_20251213_170543_299'] INFO
[2025-12-29 23:58:52.711] 🐛 DEBUG: Found 3 versions in HDF5: ['ml_volume_force_features_20251213_163705_361', 'ml_volume_force_features_20251213_170535_123', 'ml_volume_force_predictions_20251213_170543_299'] INFO
[2025-12-29 23:58:52.711] 🐛 DEBUG: _load_metadata() checking versioned_artifacts/ETHUSDT_binance_15m_long_smc_regime/metadata.json INFO
[2025-12-29 23:58:52.711] 🐛 DEBUG: Metadata file exists, size: 3383 bytes INFO
[2025-12-29 23:58:52.712] 🐛 DEBUG: Successfully loaded metadata with 2 versions INFO
[2025-12-29 23:58:52.712] 🐛 DEBUG: list_versions() called INFO
[2025-12-29 23:58:52.712] 🐛 DEBUG: Metadata file exists: True INFO
[2025-12-29 23:58:52.712] 🐛 DEBUG: HDF5 file exists: True INFO
[2025-12-29 23:58:52.712] 🐛 DEBUG: Reloading metadata to get latest versions INFO
[2025-12-29 23:58:52.712] 🐛 DEBUG: _load_metadata() checking versioned_artifacts/ETHUSDT_binance_15m_long_smc_regime/metadata.json INFO
[2025-12-29 23:58:52.712] 🐛 DEBUG: Metadata file exists, size: 3383 bytes INFO
[2025-12-29 23:58:52.712] 🐛 DEBUG: Successfully loaded metadata with 2 versions INFO
[2025-12-29 23:58:52.712] 🐛 DEBUG: Found 2 versions in metadata: ['smc_predictions_with_confidence_20251213_170746_093', 'ml_smc_features_15m_20251213_170746_137'] INFO
[2025-12-29 23:58:52.712] 🐛 DEBUG: Found 2 versions in HDF5: ['ml_smc_features_15m_20251213_170746_137', 'smc_predictions_with_confidence_20251213_170746_093'] INFO
[2025-12-29 23:58:52.712] 🐛 DEBUG: _load_metadata() checking versioned_artifacts/ETHUSDT_binance_15m_long_breakout_bounce/metadata.json INFO
[2025-12-29 23:58:52.712] 🐛 DEBUG: Metadata file exists, size: 200 bytes INFO
[2025-12-29 23:58:52.712] 🐛 DEBUG: Successfully loaded metadata with 0 versions INFO
[2025-12-29 23:58:52.712] 🐛 DEBUG: list_versions() called INFO
[2025-12-29 23:58:52.712] 🐛 DEBUG: Metadata file exists: True INFO
[2025-12-29 23:58:52.712] 🐛 DEBUG: HDF5 file exists: True INFO
[2025-12-29 23:58:52.712] 🐛 DEBUG: Reloading metadata to get latest versions INFO
[2025-12-29 23:58:52.712] 🐛 DEBUG: _load_metadata() checking versioned_artifacts/ETHUSDT_binance_15m_long_breakout_bounce/metadata.json INFO
[2025-12-29 23:58:52.712] 🐛 DEBUG: Metadata file exists, size: 200 bytes INFO
[2025-12-29 23:58:52.712] 🐛 DEBUG: Successfully loaded metadata with 0 versions INFO
[2025-12-29 23:58:52.712] 🐛 DEBUG: Found 0 versions in metadata: [] INFO
[2025-12-29 23:58:52.713] 🐛 DEBUG: Found 0 versions in HDF5: [] INFO
[2025-12-29 23:58:52.713] 🐛 DEBUG: _load_metadata() checking versioned_artifacts/ETHUSDT_binance_1h_long_liquidity_regime/metadata.json INFO
[2025-12-29 23:58:52.713] 🐛 DEBUG: Metadata file exists, size: 200 bytes INFO
[2025-12-29 23:58:52.713] 🐛 DEBUG: Successfully loaded metadata with 0 versions INFO
[2025-12-29 23:58:52.713] 🐛 DEBUG: list_versions() called INFO
[2025-12-29 23:58:52.713] 🐛 DEBUG: Metadata file exists: True INFO
[2025-12-29 23:58:52.713] 🐛 DEBUG: HDF5 file exists: True INFO
[2025-12-29 23:58:52.713] 🐛 DEBUG: Reloading metadata to get latest versions INFO
[2025-12-29 23:58:52.713] 🐛 DEBUG: _load_metadata() checking versioned_artifacts/ETHUSDT_binance_1h_long_liquidity_regime/metadata.json INFO
[2025-12-29 23:58:52.713] 🐛 DEBUG: Metadata file exists, size: 200 bytes INFO
[2025-12-29 23:58:52.713] 🐛 DEBUG: Successfully loaded metadata with 0 versions INFO
[2025-12-29 23:58:52.713] 🐛 DEBUG: Found 0 versions in metadata: [] INFO
[2025-12-29 23:58:52.713] 🐛 DEBUG: Found 0 versions in HDF5: [] INFO
[2025-12-29 23:58:52.713] 🐛 DEBUG: _load_metadata() checking versioned_artifacts/ETHUSDT_binance_1h_long_regime_alpha/metadata.json INFO
[2025-12-29 23:58:52.713] 🐛 DEBUG: Metadata file exists, size: 6902 bytes INFO
[2025-12-29 23:58:52.713] 🐛 DEBUG: Successfully loaded metadata with 5 versions INFO
[2025-12-29 23:58:52.713] 🐛 DEBUG: list_versions() called INFO
[2025-12-29 23:58:52.713] 🐛 DEBUG: Metadata file exists: True INFO
[2025-12-29 23:58:52.714] 🐛 DEBUG: HDF5 file exists: True INFO
[2025-12-29 23:58:52.714] 🐛 DEBUG: Reloading metadata to get latest versions INFO
[2025-12-29 23:58:52.714] 🐛 DEBUG: _load_metadata() checking versioned_artifacts/ETHUSDT_binance_1h_long_regime_alpha/metadata.json INFO
[2025-12-29 23:58:52.714] 🐛 DEBUG: Metadata file exists, size: 6902 bytes INFO
[2025-12-29 23:58:52.714] 🐛 DEBUG: Successfully loaded metadata with 5 versions INFO
[2025-12-29 23:58:52.714] 🐛 DEBUG: Found 5 versions in metadata: ['hmm_alpha_regime_stats_1h_20251122_151841_186', 'hmm_alpha_training_data_1h_20251122_164502_922', 'hmm_alpha_regime_stats_1h_20251122_164502_963', 'hmm_alpha_training_data_1h_20251122_171931_773', 'hmm_alpha_regime_stats_1h_20251122_171931_857'] INFO
[2025-12-29 23:58:52.714] 🐛 DEBUG: Found 5 versions in HDF5: ['hmm_alpha_regime_stats_1h_20251122_151841_186', 'hmm_alpha_regime_stats_1h_20251122_164502_963', 'hmm_alpha_regime_stats_1h_20251122_171931_857', 'hmm_alpha_training_data_1h_20251122_164502_922', 'hmm_alpha_training_data_1h_20251122_171931_773'] INFO
[2025-12-29 23:58:52.714] 🐛 DEBUG: _load_metadata() checking versioned_artifacts/ETHUSDT_binance_1h_long_analyst/metadata.json INFO
[2025-12-29 23:58:52.714] 🐛 DEBUG: Metadata file exists, size: 139 bytes INFO
[2025-12-29 23:58:52.714] 🐛 DEBUG: Successfully loaded metadata with 0 versions INFO
[2025-12-29 23:58:52.714] 🐛 DEBUG: list_versions() called INFO
[2025-12-29 23:58:52.714] 🐛 DEBUG: Metadata file exists: True INFO
[2025-12-29 23:58:52.714] 🐛 DEBUG: HDF5 file exists: True INFO
[2025-12-29 23:58:52.714] 🐛 DEBUG: Reloading metadata to get latest versions INFO
[2025-12-29 23:58:52.714] 🐛 DEBUG: _load_metadata() checking versioned_artifacts/ETHUSDT_binance_1h_long_analyst/metadata.json INFO
[2025-12-29 23:58:52.714] 🐛 DEBUG: Metadata file exists, size: 139 bytes INFO
[2025-12-29 23:58:52.714] 🐛 DEBUG: Successfully loaded metadata with 0 versions INFO
[2025-12-29 23:58:52.714] 🐛 DEBUG: Found 0 versions in metadata: [] INFO
[2025-12-29 23:58:52.714] 🐛 DEBUG: Found 0 versions in HDF5: [] INFO
[2025-12-29 23:58:52.715] 🐛 DEBUG: _load_metadata() checking versioned_artifacts/ETHUSDT_binance_1h_long_regime_path/metadata.json INFO
[2025-12-29 23:58:52.715] 🐛 DEBUG: Metadata file exists, size: 200 bytes INFO
[2025-12-29 23:58:52.715] 🐛 DEBUG: Successfully loaded metadata with 0 versions INFO
[2025-12-29 23:58:52.715] 🐛 DEBUG: list_versions() called INFO
[2025-12-29 23:58:52.715] 🐛 DEBUG: Metadata file exists: True INFO
[2025-12-29 23:58:52.715] 🐛 DEBUG: HDF5 file exists: True INFO
[2025-12-29 23:58:52.715] 🐛 DEBUG: Reloading metadata to get latest versions INFO
[2025-12-29 23:58:52.715] 🐛 DEBUG: _load_metadata() checking versioned_artifacts/ETHUSDT_binance_1h_long_regime_path/metadata.json INFO
[2025-12-29 23:58:52.715] 🐛 DEBUG: Metadata file exists, size: 200 bytes INFO
[2025-12-29 23:58:52.715] 🐛 DEBUG: Successfully loaded metadata with 0 versions INFO
[2025-12-29 23:58:52.715] 🐛 DEBUG: Found 0 versions in metadata: [] INFO
[2025-12-29 23:58:52.715] 🐛 DEBUG: Found 0 versions in HDF5: [] INFO
[2025-12-29 23:58:52.715] 🐛 DEBUG: _load_metadata() checking versioned_artifacts/None_None_None_long_regime/metadata.json INFO
[2025-12-29 23:58:52.715] 🐛 DEBUG: Metadata file exists, size: 139 bytes INFO
[2025-12-29 23:58:52.715] 🐛 DEBUG: Successfully loaded metadata with 0 versions INFO
[2025-12-29 23:58:52.715] 🐛 DEBUG: list_versions() called INFO
[2025-12-29 23:58:52.715] 🐛 DEBUG: Metadata file exists: True INFO
[2025-12-29 23:58:52.715] 🐛 DEBUG: HDF5 file exists: True INFO
[2025-12-29 23:58:52.715] 🐛 DEBUG: Reloading metadata to get latest versions INFO
[2025-12-29 23:58:52.715] 🐛 DEBUG: _load_metadata() checking versioned_artifacts/None_None_None_long_regime/metadata.json INFO
[2025-12-29 23:58:52.715] 🐛 DEBUG: Metadata file exists, size: 139 bytes INFO
[2025-12-29 23:58:52.715] 🐛 DEBUG: Successfully loaded metadata with 0 versions INFO
[2025-12-29 23:58:52.715] 🐛 DEBUG: Found 0 versions in metadata: [] INFO
[2025-12-29 23:58:52.716] 🐛 DEBUG: Found 0 versions in HDF5: [] INFO
[2025-12-29 23:58:52.716] 🐛 DEBUG: _load_metadata() checking versioned_artifacts/ETHUSDT_binance_1h_long_mean_reversion/metadata.json INFO
[2025-12-29 23:58:52.716] 🐛 DEBUG: Metadata file exists, size: 3914 bytes INFO
[2025-12-29 23:58:52.716] 🐛 DEBUG: Successfully loaded metadata with 5 versions INFO
[2025-12-29 23:58:52.716] 🐛 DEBUG: list_versions() called INFO
[2025-12-29 23:58:52.716] 🐛 DEBUG: Metadata file exists: True INFO
[2025-12-29 23:58:52.716] 🐛 DEBUG: HDF5 file exists: True INFO
[2025-12-29 23:58:52.716] 🐛 DEBUG: Reloading metadata to get latest versions INFO
[2025-12-29 23:58:52.716] 🐛 DEBUG: _load_metadata() checking versioned_artifacts/ETHUSDT_binance_1h_long_mean_reversion/metadata.json INFO
[2025-12-29 23:58:52.716] 🐛 DEBUG: Metadata file exists, size: 3914 bytes INFO
[2025-12-29 23:58:52.716] 🐛 DEBUG: Successfully loaded metadata with 5 versions INFO
[2025-12-29 23:58:52.716] 🐛 DEBUG: Found 5 versions in metadata: ['ml_mean_reversion_training_data_1h_20251124_231116_323', 'ml_mean_reversion_training_data_1h_20251125_001022_753', 'ml_mean_reversion_training_data_1h_20251125_002337_863', 'ml_mean_reversion_training_data_1h_20251125_003116_776', 'ml_mean_reversion_training_data_1h_20251126_003120_916'] INFO
[2025-12-29 23:58:52.716] 🐛 DEBUG: Found 5 versions in HDF5: ['ml_mean_reversion_training_data_1h_20251124_231116_323', 'ml_mean_reversion_training_data_1h_20251125_001022_753', 'ml_mean_reversion_training_data_1h_20251125_002337_863', 'ml_mean_reversion_training_data_1h_20251125_003116_776', 'ml_mean_reversion_training_data_1h_20251126_003120_916'] INFO
[2025-12-29 23:58:52.716] 🐛 DEBUG: _load_metadata() checking versioned_artifacts/ETHUSDT_binance_15m_long_mean_reversion/metadata.json INFO
[2025-12-29 23:58:52.716] 🐛 DEBUG: Metadata file exists, size: 1472 bytes INFO
[2025-12-29 23:58:52.716] 🐛 DEBUG: Successfully loaded metadata with 1 versions INFO
[2025-12-29 23:58:52.717] 🐛 DEBUG: list_versions() called INFO
[2025-12-29 23:58:52.717] 🐛 DEBUG: Metadata file exists: True INFO
[2025-12-29 23:58:52.717] 🐛 DEBUG: HDF5 file exists: True INFO
[2025-12-29 23:58:52.717] 🐛 DEBUG: Reloading metadata to get latest versions INFO
[2025-12-29 23:58:52.717] 🐛 DEBUG: _load_metadata() checking versioned_artifacts/ETHUSDT_binance_15m_long_mean_reversion/metadata.json INFO
[2025-12-29 23:58:52.717] 🐛 DEBUG: Metadata file exists, size: 1472 bytes INFO
[2025-12-29 23:58:52.717] 🐛 DEBUG: Successfully loaded metadata with 1 versions INFO
[2025-12-29 23:58:52.717] 🐛 DEBUG: Found 1 versions in metadata: ['ml_mean_reversion_training_data_15m_20251213_170600_968'] INFO
[2025-12-29 23:58:52.717] 🐛 DEBUG: Found 1 versions in HDF5: ['ml_mean_reversion_training_data_15m_20251213_170600_968'] INFO
[2025-12-29 23:58:52.717] 🐛 DEBUG: _load_metadata() checking versioned_artifacts/ETHUSDT_binance_15m_long_full/metadata.json INFO
[2025-12-29 23:58:52.717] 🐛 DEBUG: Metadata file exists, size: 139 bytes INFO
[2025-12-29 23:58:52.717] 🐛 DEBUG: Successfully loaded metadata with 0 versions INFO
[2025-12-29 23:58:52.717] 🐛 DEBUG: list_versions() called INFO
[2025-12-29 23:58:52.717] 🐛 DEBUG: Metadata file exists: True INFO
[2025-12-29 23:58:52.717] 🐛 DEBUG: HDF5 file exists: True INFO
[2025-12-29 23:58:52.717] 🐛 DEBUG: Reloading metadata to get latest versions INFO
[2025-12-29 23:58:52.717] 🐛 DEBUG: _load_metadata() checking versioned_artifacts/ETHUSDT_binance_15m_long_full/metadata.json INFO
[2025-12-29 23:58:52.717] 🐛 DEBUG: Metadata file exists, size: 139 bytes INFO
[2025-12-29 23:58:52.717] 🐛 DEBUG: Successfully loaded metadata with 0 versions INFO
[2025-12-29 23:58:52.717] 🐛 DEBUG: Found 0 versions in metadata: [] INFO
[2025-12-29 23:58:52.717] 🐛 DEBUG: Found 0 versions in HDF5: [] INFO
[2025-12-29 23:58:52.718] 🐛 DEBUG: _load_metadata() checking versioned_artifacts/ETHUSDT_binance_15m_long_regime_meso_trend/metadata.json INFO
[2025-12-29 23:58:52.718] 🐛 DEBUG: Metadata file exists, size: 139 bytes INFO
[2025-12-29 23:58:52.718] 🐛 DEBUG: Successfully loaded metadata with 0 versions INFO
[2025-12-29 23:58:52.718] 🐛 DEBUG: list_versions() called INFO
[2025-12-29 23:58:52.718] 🐛 DEBUG: Metadata file exists: True INFO
[2025-12-29 23:58:52.718] 🐛 DEBUG: HDF5 file exists: True INFO
[2025-12-29 23:58:52.718] 🐛 DEBUG: Reloading metadata to get latest versions INFO
[2025-12-29 23:58:52.718] 🐛 DEBUG: _load_metadata() checking versioned_artifacts/ETHUSDT_binance_15m_long_regime_meso_trend/metadata.json INFO
[2025-12-29 23:58:52.718] 🐛 DEBUG: Metadata file exists, size: 139 bytes INFO
[2025-12-29 23:58:52.718] 🐛 DEBUG: Successfully loaded metadata with 0 versions INFO
[2025-12-29 23:58:52.718] 🐛 DEBUG: Found 0 versions in metadata: [] INFO
[2025-12-29 23:58:52.718] 🐛 DEBUG: Found 0 versions in HDF5: [] INFO
[2025-12-29 23:58:52.718] 🐛 DEBUG: _load_metadata() checking versioned_artifacts/ETHUSDT_binance_15m_long_regime/metadata.json INFO
[2025-12-29 23:58:52.718] 🐛 DEBUG: Metadata file exists, size: 200 bytes INFO
[2025-12-29 23:58:52.718] 🐛 DEBUG: Successfully loaded metadata with 0 versions INFO
[2025-12-29 23:58:52.718] 🐛 DEBUG: list_versions() called INFO
[2025-12-29 23:58:52.718] 🐛 DEBUG: Metadata file exists: True INFO
[2025-12-29 23:58:52.718] 🐛 DEBUG: HDF5 file exists: True INFO
[2025-12-29 23:58:52.718] 🐛 DEBUG: Reloading metadata to get latest versions INFO
[2025-12-29 23:58:52.718] 🐛 DEBUG: _load_metadata() checking versioned_artifacts/ETHUSDT_binance_15m_long_regime/metadata.json INFO
[2025-12-29 23:58:52.718] 🐛 DEBUG: Metadata file exists, size: 200 bytes INFO
[2025-12-29 23:58:52.718] 🐛 DEBUG: Successfully loaded metadata with 0 versions INFO
[2025-12-29 23:58:52.718] 🐛 DEBUG: Found 0 versions in metadata: [] INFO
[2025-12-29 23:58:52.719] 🐛 DEBUG: Found 0 versions in HDF5: [] INFO
[2025-12-29 23:58:52.719] 🐛 DEBUG: _load_metadata() checking versioned_artifacts/ETHUSDT_binance_1h_long_smc_regime/metadata.json INFO
[2025-12-29 23:58:52.719] 🐛 DEBUG: Metadata file exists, size: 3536 bytes INFO
[2025-12-29 23:58:52.719] 🐛 DEBUG: Successfully loaded metadata with 5 versions INFO
[2025-12-29 23:58:52.719] 🐛 DEBUG: list_versions() called INFO
[2025-12-29 23:58:52.719] 🐛 DEBUG: Metadata file exists: True INFO
[2025-12-29 23:58:52.719] 🐛 DEBUG: HDF5 file exists: True INFO
[2025-12-29 23:58:52.719] 🐛 DEBUG: Reloading metadata to get latest versions INFO
[2025-12-29 23:58:52.719] 🐛 DEBUG: _load_metadata() checking versioned_artifacts/ETHUSDT_binance_1h_long_smc_regime/metadata.json INFO
[2025-12-29 23:58:52.719] 🐛 DEBUG: Metadata file exists, size: 3536 bytes INFO
[2025-12-29 23:58:52.719] 🐛 DEBUG: Successfully loaded metadata with 5 versions INFO
[2025-12-29 23:58:52.719] 🐛 DEBUG: Found 5 versions in metadata: ['smc_predictions_with_confidence_20251124_233038_087', 'smc_predictions_with_confidence_20251125_001011_321', 'smc_predictions_with_confidence_20251125_001842_252', 'smc_predictions_with_confidence_20251126_003009_061', 'smc_predictions_with_confidence_20251126_003415_856'] INFO
[2025-12-29 23:58:52.719] 🐛 DEBUG: Found 5 versions in HDF5: ['smc_predictions_with_confidence_20251124_233038_087', 'smc_predictions_with_confidence_20251125_001011_321', 'smc_predictions_with_confidence_20251125_001842_252', 'smc_predictions_with_confidence_20251126_003009_061', 'smc_predictions_with_confidence_20251126_003415_856'] INFO
[2025-12-29 23:58:52.719] 🐛 DEBUG: _load_metadata() checking versioned_artifacts/ETHUSDT_binance_15m_long_regime_path/metadata.json INFO
[2025-12-29 23:58:52.719] 🐛 DEBUG: Metadata file exists, size: 200 bytes INFO
[2025-12-29 23:58:52.719] 🐛 DEBUG: Successfully loaded metadata with 0 versions INFO
[2025-12-29 23:58:52.719] 🐛 DEBUG: list_versions() called INFO
[2025-12-29 23:58:52.720] 🐛 DEBUG: Metadata file exists: True INFO
[2025-12-29 23:58:52.720] 🐛 DEBUG: HDF5 file exists: True INFO
[2025-12-29 23:58:52.720] 🐛 DEBUG: Reloading metadata to get latest versions INFO
[2025-12-29 23:58:52.720] 🐛 DEBUG: _load_metadata() checking versioned_artifacts/ETHUSDT_binance_15m_long_regime_path/metadata.json INFO
[2025-12-29 23:58:52.720] 🐛 DEBUG: Metadata file exists, size: 200 bytes INFO
[2025-12-29 23:58:52.720] 🐛 DEBUG: Successfully loaded metadata with 0 versions INFO
[2025-12-29 23:58:52.720] 🐛 DEBUG: Found 0 versions in metadata: [] INFO
[2025-12-29 23:58:52.720] 🐛 DEBUG: Found 0 versions in HDF5: [] INFO
[2025-12-29 23:58:52.720] 🐛 DEBUG: _load_metadata() checking versioned_artifacts/ETHUSDT_binance_1h_long_light/metadata.json INFO
[2025-12-29 23:58:52.720] 🐛 DEBUG: Metadata file exists, size: 139 bytes INFO
[2025-12-29 23:58:52.720] 🐛 DEBUG: Successfully loaded metadata with 0 versions INFO
[2025-12-29 23:58:52.720] 🐛 DEBUG: list_versions() called INFO
[2025-12-29 23:58:52.720] 🐛 DEBUG: Metadata file exists: True INFO
[2025-12-29 23:58:52.720] 🐛 DEBUG: HDF5 file exists: True INFO
[2025-12-29 23:58:52.720] 🐛 DEBUG: Reloading metadata to get latest versions INFO
[2025-12-29 23:58:52.720] 🐛 DEBUG: _load_metadata() checking versioned_artifacts/ETHUSDT_binance_1h_long_light/metadata.json INFO
[2025-12-29 23:58:52.720] 🐛 DEBUG: Metadata file exists, size: 139 bytes INFO
[2025-12-29 23:58:52.720] 🐛 DEBUG: Successfully loaded metadata with 0 versions INFO
[2025-12-29 23:58:52.720] 🐛 DEBUG: Found 0 versions in metadata: [] INFO
[2025-12-29 23:58:52.720] 🐛 DEBUG: Found 0 versions in HDF5: [] INFO
[2025-12-29 23:58:52.722] 🐛 DEBUG: _load_metadata() checking versioned_artifacts/ETHUSDT_binance_15m_long_light/metadata.json INFO
[2025-12-29 23:58:52.722] 🐛 DEBUG: Metadata file exists, size: 1538 bytes INFO
[2025-12-29 23:58:52.722] 🐛 DEBUG: Successfully loaded metadata with 3 versions INFO
[2025-12-29 23:58:52.722] 🐛 DEBUG: list_versions() called INFO
[2025-12-29 23:58:52.722] 🐛 DEBUG: Metadata file exists: True INFO
[2025-12-29 23:58:52.722] 🐛 DEBUG: HDF5 file exists: True INFO
[2025-12-29 23:58:52.722] 🐛 DEBUG: Reloading metadata to get latest versions INFO
[2025-12-29 23:58:52.722] 🐛 DEBUG: _load_metadata() checking versioned_artifacts/ETHUSDT_binance_15m_long_light/metadata.json INFO
[2025-12-29 23:58:52.722] 🐛 DEBUG: Metadata file exists, size: 1538 bytes INFO
[2025-12-29 23:58:52.722] 🐛 DEBUG: Successfully loaded metadata with 3 versions INFO
[2025-12-29 23:58:52.722] 🐛 DEBUG: Found 3 versions in metadata: ['selected_features_60_20251109_191448_625', 'selected_features_50_20251109_191448_653', 'selected_features_40_20251109_191448_677'] INFO
[2025-12-29 23:58:52.722] 🐛 DEBUG: Found 3 versions in HDF5: ['selected_features_40_20251109_191448_677', 'selected_features_50_20251109_191448_653', 'selected_features_60_20251109_191448_625'] INFO
[2025-12-29 23:58:52.722] 🐛 DEBUG: _load_metadata() checking versioned_artifacts/ETHUSDT_binance_15m_long_regime_macro_trend/metadata.json INFO
[2025-12-29 23:58:52.722] 🐛 DEBUG: Metadata file exists, size: 5567 bytes INFO
[2025-12-29 23:58:52.722] 🐛 DEBUG: Successfully loaded metadata with 2 versions INFO
[2025-12-29 23:58:52.722] 🐛 DEBUG: list_versions() called INFO
[2025-12-29 23:58:52.723] 🐛 DEBUG: Metadata file exists: True INFO
[2025-12-29 23:58:52.723] 🐛 DEBUG: HDF5 file exists: True INFO
[2025-12-29 23:58:52.723] 🐛 DEBUG: Reloading metadata to get latest versions INFO
[2025-12-29 23:58:52.723] 🐛 DEBUG: _load_metadata() checking versioned_artifacts/ETHUSDT_binance_15m_long_regime_macro_trend/metadata.json INFO
[2025-12-29 23:58:52.723] 🐛 DEBUG: Metadata file exists, size: 5567 bytes INFO
[2025-12-29 23:58:52.723] 🐛 DEBUG: Successfully loaded metadata with 2 versions INFO
[2025-12-29 23:58:52.723] 🐛 DEBUG: Found 2 versions in metadata: ['hmm_macro_trend_training_data_15m_20251213_170722_611', 'hmm_macro_trend_regime_stats_15m_20251213_170725_853'] INFO
[2025-12-29 23:58:52.723] 🐛 DEBUG: Found 2 versions in HDF5: ['hmm_macro_trend_regime_stats_15m_20251213_170725_853', 'hmm_macro_trend_training_data_15m_20251213_170722_611'] INFO
[2025-12-29 23:58:52.723] 🐛 DEBUG: _load_metadata() checking versioned_artifacts/ETHUSDT_binance_1h_long_full/metadata.json INFO
[2025-12-29 23:58:52.723] 🐛 DEBUG: Metadata file exists, size: 139 bytes INFO
[2025-12-29 23:58:52.723] 🐛 DEBUG: Successfully loaded metadata with 0 versions INFO
[2025-12-29 23:58:52.723] 🐛 DEBUG: list_versions() called INFO
[2025-12-29 23:58:52.723] 🐛 DEBUG: Metadata file exists: True INFO
[2025-12-29 23:58:52.723] 🐛 DEBUG: HDF5 file exists: True INFO
[2025-12-29 23:58:52.723] 🐛 DEBUG: Reloading metadata to get latest versions INFO
[2025-12-29 23:58:52.723] 🐛 DEBUG: _load_metadata() checking versioned_artifacts/ETHUSDT_binance_1h_long_full/metadata.json INFO
[2025-12-29 23:58:52.723] 🐛 DEBUG: Metadata file exists, size: 139 bytes INFO
[2025-12-29 23:58:52.723] 🐛 DEBUG: Successfully loaded metadata with 0 versions INFO
[2025-12-29 23:58:52.723] 🐛 DEBUG: Found 0 versions in metadata: [] INFO
[2025-12-29 23:58:52.724] 🐛 DEBUG: Found 0 versions in HDF5: [] INFO
[2025-12-29 23:58:52.724] 🐛 DEBUG: _load_metadata() checking versioned_artifacts/ETHUSDT_binance_15m_short_mean_reversion/metadata.json INFO
[2025-12-29 23:58:52.724] 🐛 DEBUG: Metadata file exists, size: 139 bytes INFO
[2025-12-29 23:58:52.724] 🐛 DEBUG: Successfully loaded metadata with 0 versions INFO
[2025-12-29 23:58:52.724] 🐛 DEBUG: list_versions() called INFO
[2025-12-29 23:58:52.724] 🐛 DEBUG: Metadata file exists: True INFO
[2025-12-29 23:58:52.724] 🐛 DEBUG: HDF5 file exists: True INFO
[2025-12-29 23:58:52.724] 🐛 DEBUG: Reloading metadata to get latest versions INFO
[2025-12-29 23:58:52.724] 🐛 DEBUG: _load_metadata() checking versioned_artifacts/ETHUSDT_binance_15m_short_mean_reversion/metadata.json INFO
[2025-12-29 23:58:52.724] 🐛 DEBUG: Metadata file exists, size: 139 bytes INFO
[2025-12-29 23:58:52.724] 🐛 DEBUG: Successfully loaded metadata with 0 versions INFO
[2025-12-29 23:58:52.724] 🐛 DEBUG: Found 0 versions in metadata: [] INFO
[2025-12-29 23:58:52.724] 🐛 DEBUG: Found 0 versions in HDF5: [] INFO
[2025-12-29 23:58:52.724] 🐛 DEBUG: _load_metadata() checking versioned_artifacts/ETHUSDT_binance_1h_long_regime_risk_hmm/metadata.json INFO
[2025-12-29 23:58:52.724] 🐛 DEBUG: Metadata file exists, size: 139 bytes INFO
[2025-12-29 23:58:52.724] 🐛 DEBUG: Successfully loaded metadata with 0 versions INFO
[2025-12-29 23:58:52.725] 🐛 DEBUG: list_versions() called INFO
[2025-12-29 23:58:52.725] 🐛 DEBUG: Metadata file exists: True INFO
[2025-12-29 23:58:52.725] 🐛 DEBUG: HDF5 file exists: True INFO
[2025-12-29 23:58:52.725] 🐛 DEBUG: Reloading metadata to get latest versions INFO
[2025-12-29 23:58:52.725] 🐛 DEBUG: _load_metadata() checking versioned_artifacts/ETHUSDT_binance_1h_long_regime_risk_hmm/metadata.json INFO
[2025-12-29 23:58:52.725] 🐛 DEBUG: Metadata file exists, size: 139 bytes INFO
[2025-12-29 23:58:52.725] 🐛 DEBUG: Successfully loaded metadata with 0 versions INFO
[2025-12-29 23:58:52.725] 🐛 DEBUG: Found 0 versions in metadata: [] INFO
[2025-12-29 23:58:52.725] 🐛 DEBUG: Found 0 versions in HDF5: [] INFO
[2025-12-29 23:58:52.725] 🐛 DEBUG: _load_metadata() checking versioned_artifacts/ETHUSDT_binance_1h_long_regime_risk/metadata.json INFO
[2025-12-29 23:58:52.725] 🐛 DEBUG: Metadata file exists, size: 139 bytes INFO
[2025-12-29 23:58:52.725] 🐛 DEBUG: Successfully loaded metadata with 0 versions INFO
[2025-12-29 23:58:52.725] 🐛 DEBUG: list_versions() called INFO
[2025-12-29 23:58:52.725] 🐛 DEBUG: Metadata file exists: True INFO
[2025-12-29 23:58:52.725] 🐛 DEBUG: HDF5 file exists: True INFO
[2025-12-29 23:58:52.725] 🐛 DEBUG: Reloading metadata to get latest versions INFO
[2025-12-29 23:58:52.725] 🐛 DEBUG: _load_metadata() checking versioned_artifacts/ETHUSDT_binance_1h_long_regime_risk/metadata.json INFO
[2025-12-29 23:58:52.725] 🐛 DEBUG: Metadata file exists, size: 139 bytes INFO
[2025-12-29 23:58:52.725] 🐛 DEBUG: Successfully loaded metadata with 0 versions INFO
[2025-12-29 23:58:52.725] 🐛 DEBUG: Found 0 versions in metadata: [] INFO
[2025-12-29 23:58:52.725] 🐛 DEBUG: Found 0 versions in HDF5: [] INFO
[2025-12-29 23:58:52.726] 🐛 DEBUG: _load_metadata() checking versioned_artifacts/ETHUSDT_binance_1h_long_blank/metadata.json INFO
[2025-12-29 23:58:52.726] 🐛 DEBUG: Metadata file exists, size: 139 bytes INFO
[2025-12-29 23:58:52.726] 🐛 DEBUG: Successfully loaded metadata with 0 versions INFO
[2025-12-29 23:58:52.726] 🐛 DEBUG: list_versions() called INFO
[2025-12-29 23:58:52.726] 🐛 DEBUG: Metadata file exists: True INFO
[2025-12-29 23:58:52.726] 🐛 DEBUG: HDF5 file exists: True INFO
[2025-12-29 23:58:52.726] 🐛 DEBUG: Reloading metadata to get latest versions INFO
[2025-12-29 23:58:52.726] 🐛 DEBUG: _load_metadata() checking versioned_artifacts/ETHUSDT_binance_1h_long_blank/metadata.json INFO
[2025-12-29 23:58:52.726] 🐛 DEBUG: Metadata file exists, size: 139 bytes INFO
[2025-12-29 23:58:52.726] 🐛 DEBUG: Successfully loaded metadata with 0 versions INFO
[2025-12-29 23:58:52.726] 🐛 DEBUG: Found 0 versions in metadata: [] INFO
[2025-12-29 23:58:52.726] 🐛 DEBUG: Found 0 versions in HDF5: [] INFO
[2025-12-29 23:58:52.726] 🐛 DEBUG: _load_metadata() checking versioned_artifacts/ETHUSDT_binance_15m_long_regime_mr_trend/metadata.json INFO
[2025-12-29 23:58:52.726] 🐛 DEBUG: Metadata file exists, size: 139 bytes INFO
[2025-12-29 23:58:52.726] 🐛 DEBUG: Successfully loaded metadata with 0 versions INFO
[2025-12-29 23:58:52.726] 🐛 DEBUG: list_versions() called INFO
[2025-12-29 23:58:52.726] 🐛 DEBUG: Metadata file exists: True INFO
[2025-12-29 23:58:52.726] 🐛 DEBUG: HDF5 file exists: True INFO
[2025-12-29 23:58:52.726] 🐛 DEBUG: Reloading metadata to get latest versions INFO
[2025-12-29 23:58:52.726] 🐛 DEBUG: _load_metadata() checking versioned_artifacts/ETHUSDT_binance_15m_long_regime_mr_trend/metadata.json INFO
[2025-12-29 23:58:52.726] 🐛 DEBUG: Metadata file exists, size: 139 bytes INFO
[2025-12-29 23:58:52.726] 🐛 DEBUG: Successfully loaded metadata with 0 versions INFO
[2025-12-29 23:58:52.726] 🐛 DEBUG: Found 0 versions in metadata: [] INFO
[2025-12-29 23:58:52.727] 🐛 DEBUG: Found 0 versions in HDF5: [] INFO
[2025-12-29 23:58:52.727] 🐛 DEBUG: _load_metadata() checking versioned_artifacts/ETHUSDT_binance_15m_long_regime_risk_hmm/metadata.json INFO
[2025-12-29 23:58:52.727] 🐛 DEBUG: Metadata file exists, size: 1035 bytes INFO
[2025-12-29 23:58:52.727] 🐛 DEBUG: Successfully loaded metadata with 1 versions INFO
[2025-12-29 23:58:52.727] 🐛 DEBUG: list_versions() called INFO
[2025-12-29 23:58:52.727] 🐛 DEBUG: Metadata file exists: True INFO
[2025-12-29 23:58:52.727] 🐛 DEBUG: HDF5 file exists: True INFO
[2025-12-29 23:58:52.727] 🐛 DEBUG: Reloading metadata to get latest versions INFO
[2025-12-29 23:58:52.727] 🐛 DEBUG: _load_metadata() checking versioned_artifacts/ETHUSDT_binance_15m_long_regime_risk_hmm/metadata.json INFO
[2025-12-29 23:58:52.727] 🐛 DEBUG: Metadata file exists, size: 1035 bytes INFO
[2025-12-29 23:58:52.727] 🐛 DEBUG: Successfully loaded metadata with 1 versions INFO
[2025-12-29 23:58:52.727] 🐛 DEBUG: Found 1 versions in metadata: ['ml_risk_hmm_training_data_15m_20251205_191725_560'] INFO
[2025-12-29 23:58:52.727] 🐛 DEBUG: Found 1 versions in HDF5: ['ml_risk_hmm_training_data_15m_20251205_191725_560'] INFO
[2025-12-29 23:58:52.727] 🐛 DEBUG: _load_metadata() checking versioned_artifacts/ETHUSDT_binance_15m_long_analyst/metadata.json INFO
[2025-12-29 23:58:52.727] 🐛 DEBUG: Metadata file exists, size: 24005 bytes INFO
[2025-12-29 23:58:52.728] 🐛 DEBUG: Successfully loaded metadata with 8 versions INFO
[2025-12-29 23:58:52.728] 🐛 DEBUG: list_versions() called INFO
[2025-12-29 23:58:52.728] 🐛 DEBUG: Metadata file exists: True INFO
[2025-12-29 23:58:52.728] 🐛 DEBUG: HDF5 file exists: True INFO
[2025-12-29 23:58:52.728] 🐛 DEBUG: Reloading metadata to get latest versions INFO
[2025-12-29 23:58:52.728] 🐛 DEBUG: _load_metadata() checking versioned_artifacts/ETHUSDT_binance_15m_long_analyst/metadata.json INFO
[2025-12-29 23:58:52.728] 🐛 DEBUG: Metadata file exists, size: 24005 bytes INFO
[2025-12-29 23:58:52.728] 🐛 DEBUG: Successfully loaded metadata with 8 versions INFO
[2025-12-29 23:58:52.728] 🐛 DEBUG: Found 8 versions in metadata: ['weighted_meta_model_training_matrix_ETHUSDT_binance_15m_long_20251214_184321_623', 'labeled_data_ETHUSDT_binance_15m_long_20251214_220950_753', 'labeled_data_ETHUSDT_binance_15m_long_20251214_224631_542', 'labeled_data_ETHUSDT_binance_15m_long_20251214_233640_586', 'labeled_data_ETHUSDT_binance_15m_long_20251214_235041_562', 'labeled_data_ETHUSDT_15m_20251219_235959_715', 'labeled_data_ETHUSDT_15m_20251220_000301_152', 'labeled_data_ETHUSDT_15m_20251220_000738_204'] INFO
[2025-12-29 23:58:52.728] 🐛 DEBUG: Found 8 versions in HDF5: ['labeled_data_ETHUSDT_15m_20251219_235959_715', 'labeled_data_ETHUSDT_15m_20251220_000301_152', 'labeled_data_ETHUSDT_15m_20251220_000738_204', 'labeled_data_ETHUSDT_binance_15m_long_20251214_220950_753', 'labeled_data_ETHUSDT_binance_15m_long_20251214_224631_542', 'labeled_data_ETHUSDT_binance_15m_long_20251214_233640_586', 'labeled_data_ETHUSDT_binance_15m_long_20251214_235041_562', 'weighted_meta_model_training_matrix_ETHUSDT_binance_15m_long_20251214_184321_623'] INFO
[2025-12-29 23:58:52.728] 🐛 DEBUG: _load_metadata() checking versioned_artifacts/ETHUSDT_binance_1h_long_regime_macro_trend/metadata.json INFO
[2025-12-29 23:58:52.728] 🐛 DEBUG: Metadata file exists, size: 17432 bytes INFO
[2025-12-29 23:58:52.728] 🐛 DEBUG: Successfully loaded metadata with 5 versions INFO
[2025-12-29 23:58:52.728] 🐛 DEBUG: list_versions() called INFO
[2025-12-29 23:58:52.728] 🐛 DEBUG: Metadata file exists: True INFO
[2025-12-29 23:58:52.728] 🐛 DEBUG: HDF5 file exists: True INFO
[2025-12-29 23:58:52.728] 🐛 DEBUG: Reloading metadata to get latest versions INFO
[2025-12-29 23:58:52.728] 🐛 DEBUG: _load_metadata() checking versioned_artifacts/ETHUSDT_binance_1h_long_regime_macro_trend/metadata.json INFO
[2025-12-29 23:58:52.728] 🐛 DEBUG: Metadata file exists, size: 17432 bytes INFO
[2025-12-29 23:58:52.729] 🐛 DEBUG: Successfully loaded metadata with 5 versions INFO
[2025-12-29 23:58:52.729] 🐛 DEBUG: Found 5 versions in metadata: ['hmm_macro_trend_regime_quality_1h_20251204_224507_427', 'hmm_macro_trend_regime_quality_1h_20251204_225044_960', 'hmm_macro_trend_regime_quality_1h_20251205_183537_791', 'hmm_macro_trend_regime_quality_1h_20251205_191709_242', 'hmm_macro_trend_regime_quality_1h_20251213_170722_488'] INFO
[2025-12-29 23:58:52.729] 🐛 DEBUG: Found 5 versions in HDF5: ['hmm_macro_trend_regime_quality_1h_20251204_224507_427', 'hmm_macro_trend_regime_quality_1h_20251204_225044_960', 'hmm_macro_trend_regime_quality_1h_20251205_183537_791', 'hmm_macro_trend_regime_quality_1h_20251205_191709_242', 'hmm_macro_trend_regime_quality_1h_20251213_170722_488'] INFO
[2025-12-29 23:58:52.729] 🐛 DEBUG: _load_metadata() checking versioned_artifacts/ETHUSDT_binance_1h_long_regime/metadata.json INFO
[2025-12-29 23:58:52.729] 🐛 DEBUG: Metadata file exists, size: 3249 bytes INFO
[2025-12-29 23:58:52.729] 🐛 DEBUG: Successfully loaded metadata with 5 versions INFO
[2025-12-29 23:58:52.729] 🐛 DEBUG: list_versions() called INFO
[2025-12-29 23:58:52.729] 🐛 DEBUG: Metadata file exists: True INFO
[2025-12-29 23:58:52.729] 🐛 DEBUG: HDF5 file exists: True INFO
[2025-12-29 23:58:52.729] 🐛 DEBUG: Reloading metadata to get latest versions INFO
[2025-12-29 23:58:52.729] 🐛 DEBUG: _load_metadata() checking versioned_artifacts/ETHUSDT_binance_1h_long_regime/metadata.json INFO
[2025-12-29 23:58:52.729] 🐛 DEBUG: Metadata file exists, size: 3249 bytes INFO
[2025-12-29 23:58:52.729] 🐛 DEBUG: Successfully loaded metadata with 5 versions INFO
[2025-12-29 23:58:52.729] 🐛 DEBUG: Found 5 versions in metadata: ['rolling_hmm_regime_confidence_features_20251122_003448_094', 'rolling_hmm_economic_features_20251122_003448_124', 'rolling_hmm_regime_labels_20251122_003448_165', 'rolling_hmm_regime_probabilities_20251122_003448_178', 'rolling_hmm_transition_matrix_20251122_003448_193'] INFO
[2025-12-29 23:58:52.729] 🐛 DEBUG: Found 5 versions in HDF5: ['rolling_hmm_economic_features_20251122_003448_124', 'rolling_hmm_regime_confidence_features_20251122_003448_094', 'rolling_hmm_regime_labels_20251122_003448_165', 'rolling_hmm_regime_probabilities_20251122_003448_178', 'rolling_hmm_transition_matrix_20251122_003448_193'] INFO
[2025-12-29 23:58:52.730] 🐛 DEBUG: _load_metadata() checking versioned_artifacts/ETHUSDT_binance_15m_long_blank/metadata.json INFO
[2025-12-29 23:58:52.730] 🐛 DEBUG: Metadata file exists, size: 139 bytes INFO
[2025-12-29 23:58:52.730] 🐛 DEBUG: Successfully loaded metadata with 0 versions INFO
[2025-12-29 23:58:52.730] 🐛 DEBUG: list_versions() called INFO
[2025-12-29 23:58:52.730] 🐛 DEBUG: Metadata file exists: True INFO
[2025-12-29 23:58:52.730] 🐛 DEBUG: HDF5 file exists: True INFO
[2025-12-29 23:58:52.730] 🐛 DEBUG: Reloading metadata to get latest versions INFO
[2025-12-29 23:58:52.730] 🐛 DEBUG: _load_metadata() checking versioned_artifacts/ETHUSDT_binance_15m_long_blank/metadata.json INFO
[2025-12-29 23:58:52.730] 🐛 DEBUG: Metadata file exists, size: 139 bytes INFO
[2025-12-29 23:58:52.730] 🐛 DEBUG: Successfully loaded metadata with 0 versions INFO
[2025-12-29 23:58:52.730] 🐛 DEBUG: Found 0 versions in metadata: [] INFO
[2025-12-29 23:58:52.730] 🐛 DEBUG: Found 0 versions in HDF5: [] INFO
[2025-12-29 23:58:52.730] 🐛 DEBUG: _load_metadata() checking versioned_artifacts/ETHUSDT_binance_15m_long_regime_alpha/metadata.json INFO
[2025-12-29 23:58:52.730] 🐛 DEBUG: Metadata file exists, size: 139 bytes INFO
[2025-12-29 23:58:52.730] 🐛 DEBUG: Successfully loaded metadata with 0 versions INFO
[2025-12-29 23:58:52.730] 🐛 DEBUG: list_versions() called INFO
[2025-12-29 23:58:52.730] 🐛 DEBUG: Metadata file exists: True INFO
[2025-12-29 23:58:52.730] 🐛 DEBUG: HDF5 file exists: True INFO
[2025-12-29 23:58:52.730] 🐛 DEBUG: Reloading metadata to get latest versions INFO
[2025-12-29 23:58:52.730] 🐛 DEBUG: _load_metadata() checking versioned_artifacts/ETHUSDT_binance_15m_long_regime_alpha/metadata.json INFO
[2025-12-29 23:58:52.730] 🐛 DEBUG: Metadata file exists, size: 139 bytes INFO
[2025-12-29 23:58:52.730] 🐛 DEBUG: Successfully loaded metadata with 0 versions INFO
[2025-12-29 23:58:52.730] 🐛 DEBUG: Found 0 versions in metadata: [] INFO
[2025-12-29 23:58:52.731] 🐛 DEBUG: Found 0 versions in HDF5: [] INFO
2025-12-29 23:58:52,732 - System.ArtifactManager - WARNING - ⚠️ Artifact not found: market_data
2025-12-29 23:58:52,732 - System.ArtifactManager - INFO - ℹ️ 📁 Context set: step=meta_labeling_hpo_sample_weighted, symbol=None, exchange=None, timeframe=None, datetime=2025-12-29 23:58:52.662758, information=None, direction=long, model=Analyst
[2025-12-29 23:58:52.731] ⚠️ Artifact 'market_data' not found in any storage | UNKNOWN/binance [15m] long/analyst
2025-12-29 23:58:52,732 - System.ArtifactManager - INFO - ℹ️ 📁 Context set: step=data_reading, symbol=ETHUSDT, exchange=binance, timeframe=15m, datetime=2025-12-29 22:58:52.732254, information=None, direction=long, model=Analyst
[2025-12-29 23:58:52.731] 📂 Retrieving artifact 'ohlcv_data' (type: data) | UNKNOWN/binance [15m] long/analyst
[2025-12-29 23:58:52.731] PERFORMANCE: ┌──────────────────────────────────────────────────────────────────────────────┐
[2025-12-29 23:58:52.731] PERFORMANCE: │  📥 ARTIFACT ROUTER: LOAD OPERATION                                         │
[2025-12-29 23:58:52.731] PERFORMANCE: └──────────────────────────────────────────────────────────────────────────────┘
[2025-12-29 23:58:52.731] PERFORMANCE: 🏷️  [ROUTER] Artifact: 'ohlcv_data'
[2025-12-29 23:58:52.731] PERFORMANCE: 🔖 [ROUTER] Type hint: data
[2025-12-29 23:58:52.731] PERFORMANCE: 📂 [ROUTER] Category: historical
[2025-12-29 23:58:52.731] PERFORMANCE: 🌍 [ROUTER] Context:
[2025-12-29 23:58:52.731] PERFORMANCE:    ├─ symbol: UNKNOWN
[2025-12-29 23:58:52.731] PERFORMANCE:    ├─ exchange: binance
[2025-12-29 23:58:52.731] PERFORMANCE:    ├─ timeframe: 15m
[2025-12-29 23:58:52.731] PERFORMANCE:    ├─ direction: long
[2025-12-29 23:58:52.731] PERFORMANCE:    ├─ model: analyst
[2025-12-29 23:58:52.731] PERFORMANCE:    ├─ step_name: meta_labeling_hpo_sample_weighted
[2025-12-29 23:58:52.731] PERFORMANCE: 🔍 [ROUTER] Searching for artifact...
[2025-12-29 23:58:52.732] PERFORMANCE:   ┌─ 📊 PARQUET LOAD
[2025-12-29 23:58:52.732] PERFORMANCE:   │  Symbol: UNKNOWN, Exchange: binance, Interval: 15m
[2025-12-29 23:58:52.732] PERFORMANCE:   │  Using KlinesParquetManager...
[2025-12-29 23:58:52.732] 🐛 DEBUG [load_klines]: last_n_days=None, start_time=None, end_time=None INFO
[2025-12-29 23:58:52.732] WARNING: ⚠️ No klines files found for UNKNOWN binance 15m
2025-12-29 23:58:52,733 - src.utils.kline_parquet - INFO - ℹ️ load_klines executed in 0.24ms
[2025-12-29 23:58:52.732] WARNING:   │  ⚠️  Loaded empty DataFrame
[2025-12-29 23:58:52.732] WARNING:   └─ Trying next storage method
[2025-12-29 23:58:52.732] PERFORMANCE:   ┌─ 🗄️  HDF5 VERSIONED LOAD
[2025-12-29 23:58:52.732] PERFORMANCE:   │  Getting versioned store...
[2025-12-29 23:58:52.732] 🐛 DEBUG: _get_versioned_store() with store_key: UNKNOWN_binance_15m_long_analyst INFO
[2025-12-29 23:58:52.732] 🐛 DEBUG: Using existing cached store for UNKNOWN_binance_15m_long_analyst INFO
[2025-12-29 23:58:52.732] 🐛 DEBUG: get_statistics() called INFO
[2025-12-29 23:58:52.732] 🐛 DEBUG: Reloading metadata for statistics INFO
[2025-12-29 23:58:52.732] 🐛 DEBUG: _load_metadata() checking versioned_artifacts/UNKNOWN_binance_15m_long_analyst/metadata.json INFO
[2025-12-29 23:58:52.732] 🐛 DEBUG: Metadata file exists, size: 15351 bytes INFO
[2025-12-29 23:58:52.732] 🐛 DEBUG: Successfully loaded metadata with 5 versions INFO
[2025-12-29 23:58:52.732] 🐛 DEBUG: Statistics - num_versions: 5 INFO
[2025-12-29 23:58:52.732] 🐛 DEBUG: Statistics - current_version: final_validation_metrics_20251116_161159_946 INFO
[2025-12-29 23:58:52.732] 🐛 DEBUG: Statistics - h5_file_size_mb: 280.5141086578369 INFO
[2025-12-29 23:58:52.733] 🐛 DEBUG: Existing store statistics: {'store_path': 'versioned_artifacts/UNKNOWN_binance_15m_long_analyst', 'num_versions': 5, 'current_version': 'final_validation_metrics_20251116_161159_946', 'created_at': '2025-11-07T18:22:44.911801', 'h5_file_size_mb': 280.5141086578369, 'chunking': {'chunk_rows': 'auto', 'chunk_cols': 'auto'}, 'changelog': {'total_changes': 305, 'changes_by_type': {'add_data': 305}, 'top_versions': {'analyst_interaction_features_20251108_161950_019': 1, 'analyst_interaction_features_20251108_164300_578': 1, 'analyst_interaction_features_20251108_171945_952': 1, 'analyst_interaction_features_20251108_175314_530': 1, 'analyst_interaction_features_20251108_180922_905': 1, 'analyst_interaction_features_20251108_184752_938': 1, 'analyst_interaction_features_20251108_191026_801': 1, 'analyst_interaction_features_20251111_185727_726': 1, 'final_dataset_40_20251108_172617_791': 1, 'final_dataset_40_20251108_172829_013': 1}, 'time_range': {'earliest': '2025-11-07T18:27:00.789522', 'latest': '2025-11-24T21:16:51.681722'}}, 'row_versioning': {'total_rows_tracked': 0, 'total_versions': 0, 'average_versions_per_row': 0, 'most_versioned_rows': []}} INFO
[2025-12-29 23:58:52.733] 🐛 DEBUG: list_versions() called INFO
[2025-12-29 23:58:52.733] 🐛 DEBUG: Metadata file exists: True INFO
[2025-12-29 23:58:52.733] 🐛 DEBUG: HDF5 file exists: True INFO
[2025-12-29 23:58:52.733] 🐛 DEBUG: Reloading metadata to get latest versions INFO
[2025-12-29 23:58:52.733] 🐛 DEBUG: _load_metadata() checking versioned_artifacts/UNKNOWN_binance_15m_long_analyst/metadata.json INFO
[2025-12-29 23:58:52.733] 🐛 DEBUG: Metadata file exists, size: 15351 bytes INFO
[2025-12-29 23:58:52.733] 🐛 DEBUG: Successfully loaded metadata with 5 versions INFO
[2025-12-29 23:58:52.733] 🐛 DEBUG: Found 5 versions in metadata: ['final_dataset_60_20251116_161159_683', 'final_dataset_50_20251116_161159_720', 'final_dataset_40_20251116_161159_752', 'labeled_dataframe_20251116_161159_781', 'final_validation_metrics_20251116_161159_946'] INFO
[2025-12-29 23:58:52.733] 🐛 DEBUG: Found 5 versions in HDF5: ['final_dataset_40_20251116_161159_752', 'final_dataset_50_20251116_161159_720', 'final_dataset_60_20251116_161159_683', 'final_validation_metrics_20251116_161159_946', 'labeled_dataframe_20251116_161159_781'] INFO
[2025-12-29 23:58:52.733] PERFORMANCE:   │  Found 5 versions in store
[2025-12-29 23:58:52.733] WARNING:   │  No matching versions in primary store
[2025-12-29 23:58:52.733] PERFORMANCE:   │  Checking alternate stores...
[2025-12-29 23:58:52.733] 🐛 DEBUG: list_versions() called INFO
[2025-12-29 23:58:52.733] 🐛 DEBUG: Metadata file exists: True INFO
[2025-12-29 23:58:52.733] 🐛 DEBUG: HDF5 file exists: True INFO
[2025-12-29 23:58:52.733] 🐛 DEBUG: Reloading metadata to get latest versions INFO
[2025-12-29 23:58:52.733] 🐛 DEBUG: _load_metadata() checking versioned_artifacts/UNKNOWN_binance_15m_long_analyst/metadata.json INFO
[2025-12-29 23:58:52.733] 🐛 DEBUG: Metadata file exists, size: 15351 bytes INFO
[2025-12-29 23:58:52.733] 🐛 DEBUG: Successfully loaded metadata with 5 versions INFO
[2025-12-29 23:58:52.733] 🐛 DEBUG: Found 5 versions in metadata: ['final_dataset_60_20251116_161159_683', 'final_dataset_50_20251116_161159_720', 'final_dataset_40_20251116_161159_752', 'labeled_dataframe_20251116_161159_781', 'final_validation_metrics_20251116_161159_946'] INFO
[2025-12-29 23:58:52.733] 🐛 DEBUG: Found 5 versions in HDF5: ['final_dataset_40_20251116_161159_752', 'final_dataset_50_20251116_161159_720', 'final_dataset_60_20251116_161159_683', 'final_validation_metrics_20251116_161159_946', 'labeled_dataframe_20251116_161159_781'] INFO
[2025-12-29 23:58:52.734] WARNING:   │  ⚠️  Not found in any versioned store
[2025-12-29 23:58:52.734] WARNING:   └─ Trying next storage method
[2025-12-29 23:58:52.734] ERROR: ┌──────────────────────────────────────────────────────────────────────────────┐
[2025-12-29 23:58:52.734] ERROR: │  ❌ ARTIFACT ROUTER: LOAD FAILED - NOT FOUND                                │
[2025-12-29 23:58:52.734] ERROR: │  Artifact 'ohlcv_data' not found in any storage                        │ 
[2025-12-29 23:58:52.734] ERROR: └──────────────────────────────────────────────────────────────────────────────┘
2025-12-29 23:58:52,735 - ares.step.meta_labeling_hpo_sample_weighted - WARNING - ⚠️ Artifact 'ohlcv_data' not found via router, trying traditional manager
[2025-12-29 23:58:52.734] ⚠️ Trying fallback to traditional artifact manager | UNKNOWN/binance [15m] long/analyst
2025-12-29 23:58:52,735 - System.ArtifactManager - INFO - ℹ️ 📁 Context set: step=meta_labeling_hpo_sample_weighted, symbol=None, exchange=None, timeframe=15m, datetime=2025-12-29 23:58:52.662758, information=None, direction=long, model=Analyst
[2025-12-29 23:58:52.734] 🐛 DEBUG: _load_metadata() checking versioned_artifacts/UNKNOWN_binance_1h_long_analyst/metadata.json INFO
[2025-12-29 23:58:52.734] 🐛 DEBUG: Metadata file exists, size: 200 bytes INFO
[2025-12-29 23:58:52.734] 🐛 DEBUG: Successfully loaded metadata with 0 versions INFO
[2025-12-29 23:58:52.734] 🐛 DEBUG: list_versions() called INFO
[2025-12-29 23:58:52.734] 🐛 DEBUG: Metadata file exists: True INFO
[2025-12-29 23:58:52.735] 🐛 DEBUG: HDF5 file exists: True INFO
[2025-12-29 23:58:52.735] 🐛 DEBUG: Reloading metadata to get latest versions INFO
[2025-12-29 23:58:52.735] 🐛 DEBUG: _load_metadata() checking versioned_artifacts/UNKNOWN_binance_1h_long_analyst/metadata.json INFO
[2025-12-29 23:58:52.735] 🐛 DEBUG: Metadata file exists, size: 200 bytes INFO
[2025-12-29 23:58:52.735] 🐛 DEBUG: Successfully loaded metadata with 0 versions INFO
[2025-12-29 23:58:52.735] 🐛 DEBUG: Found 0 versions in metadata: [] INFO
[2025-12-29 23:58:52.735] 🐛 DEBUG: Found 0 versions in HDF5: [] INFO
[2025-12-29 23:58:52.735] 🐛 DEBUG: _load_metadata() checking versioned_artifacts/UNKNOWN_binance_15m_long_analyst/metadata.json INFO
[2025-12-29 23:58:52.735] 🐛 DEBUG: Metadata file exists, size: 15351 bytes INFO
[2025-12-29 23:58:52.735] 🐛 DEBUG: Successfully loaded metadata with 5 versions INFO
[2025-12-29 23:58:52.735] 🐛 DEBUG: list_versions() called INFO
[2025-12-29 23:58:52.735] 🐛 DEBUG: Metadata file exists: True INFO
[2025-12-29 23:58:52.735] 🐛 DEBUG: HDF5 file exists: True INFO
[2025-12-29 23:58:52.735] 🐛 DEBUG: Reloading metadata to get latest versions INFO
[2025-12-29 23:58:52.735] 🐛 DEBUG: _load_metadata() checking versioned_artifacts/UNKNOWN_binance_15m_long_analyst/metadata.json INFO
[2025-12-29 23:58:52.735] 🐛 DEBUG: Metadata file exists, size: 15351 bytes INFO
[2025-12-29 23:58:52.735] 🐛 DEBUG: Successfully loaded metadata with 5 versions INFO
[2025-12-29 23:58:52.735] 🐛 DEBUG: Found 5 versions in metadata: ['final_dataset_60_20251116_161159_683', 'final_dataset_50_20251116_161159_720', 'final_dataset_40_20251116_161159_752', 'labeled_dataframe_20251116_161159_781', 'final_validation_metrics_20251116_161159_946'] INFO
[2025-12-29 23:58:52.736] 🐛 DEBUG: Found 5 versions in HDF5: ['final_dataset_40_20251116_161159_752', 'final_dataset_50_20251116_161159_720', 'final_dataset_60_20251116_161159_683', 'final_validation_metrics_20251116_161159_946', 'labeled_dataframe_20251116_161159_781'] INFO
[2025-12-29 23:58:52.736] 🐛 DEBUG: _load_metadata() checking versioned_artifacts/ETHUSDT_binance_15m_long_sr_labeling_xgb/metadata.json INFO
[2025-12-29 23:58:52.736] 🐛 DEBUG: Metadata file exists, size: 139 bytes INFO
[2025-12-29 23:58:52.736] 🐛 DEBUG: Successfully loaded metadata with 0 versions INFO
[2025-12-29 23:58:52.736] 🐛 DEBUG: list_versions() called INFO
[2025-12-29 23:58:52.736] 🐛 DEBUG: Metadata file exists: True INFO
[2025-12-29 23:58:52.736] 🐛 DEBUG: HDF5 file exists: True INFO
[2025-12-29 23:58:52.736] 🐛 DEBUG: Reloading metadata to get latest versions INFO
[2025-12-29 23:58:52.736] 🐛 DEBUG: _load_metadata() checking versioned_artifacts/ETHUSDT_binance_15m_long_sr_labeling_xgb/metadata.json INFO
[2025-12-29 23:58:52.736] 🐛 DEBUG: Metadata file exists, size: 139 bytes INFO
[2025-12-29 23:58:52.736] 🐛 DEBUG: Successfully loaded metadata with 0 versions INFO
[2025-12-29 23:58:52.736] 🐛 DEBUG: Found 0 versions in metadata: [] INFO
[2025-12-29 23:58:52.736] 🐛 DEBUG: Found 0 versions in HDF5: [] INFO
[2025-12-29 23:58:52.736] 🐛 DEBUG: _load_metadata() checking versioned_artifacts/ETHUSDT_binance_1h_long_breakout_bounce/metadata.json INFO
[2025-12-29 23:58:52.736] 🐛 DEBUG: Metadata file exists, size: 11462 bytes INFO
[2025-12-29 23:58:52.737] 🐛 DEBUG: Successfully loaded metadata with 5 versions INFO
[2025-12-29 23:58:52.737] 🐛 DEBUG: list_versions() called INFO
[2025-12-29 23:58:52.737] 🐛 DEBUG: Metadata file exists: True INFO
[2025-12-29 23:58:52.737] 🐛 DEBUG: HDF5 file exists: True INFO
[2025-12-29 23:58:52.737] 🐛 DEBUG: Reloading metadata to get latest versions INFO
[2025-12-29 23:58:52.737] 🐛 DEBUG: _load_metadata() checking versioned_artifacts/ETHUSDT_binance_1h_long_breakout_bounce/metadata.json INFO
[2025-12-29 23:58:52.737] 🐛 DEBUG: Metadata file exists, size: 11462 bytes INFO
[2025-12-29 23:58:52.737] 🐛 DEBUG: Successfully loaded metadata with 5 versions INFO
[2025-12-29 23:58:52.737] 🐛 DEBUG: Found 5 versions in metadata: ['ml_breakout_bounce_training_data_1h_20251123_144326_526', 'ml_breakout_bounce_training_data_1h_20251123_153924_083', 'ml_breakout_bounce_training_data_1h_20251123_160312_391', 'ml_breakout_bounce_training_data_1h_20251123_160800_355', 'ml_breakout_bounce_training_data_1h_20251123_162859_853'] INFO
[2025-12-29 23:58:52.737] 🐛 DEBUG: Found 5 versions in HDF5: ['ml_breakout_bounce_training_data_1h_20251123_144326_526', 'ml_breakout_bounce_training_data_1h_20251123_153924_083', 'ml_breakout_bounce_training_data_1h_20251123_160312_391', 'ml_breakout_bounce_training_data_1h_20251123_160800_355', 'ml_breakout_bounce_training_data_1h_20251123_162859_853'] INFO
[2025-12-29 23:58:52.737] 🐛 DEBUG: _load_metadata() checking versioned_artifacts/ETHUSDT_binance_15m_long_liquidity_regime/metadata.json INFO
[2025-12-29 23:58:52.737] 🐛 DEBUG: Metadata file exists, size: 5930 bytes INFO
[2025-12-29 23:58:52.737] 🐛 DEBUG: Successfully loaded metadata with 2 versions INFO
[2025-12-29 23:58:52.737] 🐛 DEBUG: list_versions() called INFO
[2025-12-29 23:58:52.737] 🐛 DEBUG: Metadata file exists: True INFO
[2025-12-29 23:58:52.737] 🐛 DEBUG: HDF5 file exists: True INFO
[2025-12-29 23:58:52.737] 🐛 DEBUG: Reloading metadata to get latest versions INFO
[2025-12-29 23:58:52.737] 🐛 DEBUG: _load_metadata() checking versioned_artifacts/ETHUSDT_binance_15m_long_liquidity_regime/metadata.json INFO
[2025-12-29 23:58:52.737] 🐛 DEBUG: Metadata file exists, size: 5930 bytes INFO
[2025-12-29 23:58:52.737] 🐛 DEBUG: Successfully loaded metadata with 2 versions INFO
[2025-12-29 23:58:52.737] 🐛 DEBUG: Found 2 versions in metadata: ['ml_liquidity_regime_probs_15m_20251213_170827_692', 'ml_liquidity_training_data_15m_20251213_221548_209'] INFO
[2025-12-29 23:58:52.739] 🐛 DEBUG: Found 2 versions in HDF5: ['ml_liquidity_regime_probs_15m_20251213_170827_692', 'ml_liquidity_training_data_15m_20251213_221548_209'] INFO
[2025-12-29 23:58:52.739] 🐛 DEBUG: _load_metadata() checking versioned_artifacts/ETHUSDT_binance_15m_long_regime_risk/metadata.json INFO
[2025-12-29 23:58:52.739] 🐛 DEBUG: Metadata file exists, size: 200 bytes INFO
[2025-12-29 23:58:52.739] 🐛 DEBUG: Successfully loaded metadata with 0 versions INFO
[2025-12-29 23:58:52.739] 🐛 DEBUG: list_versions() called INFO
[2025-12-29 23:58:52.739] 🐛 DEBUG: Metadata file exists: True INFO
[2025-12-29 23:58:52.739] 🐛 DEBUG: HDF5 file exists: True INFO
[2025-12-29 23:58:52.739] 🐛 DEBUG: Reloading metadata to get latest versions INFO
[2025-12-29 23:58:52.739] 🐛 DEBUG: _load_metadata() checking versioned_artifacts/ETHUSDT_binance_15m_long_regime_risk/metadata.json INFO
[2025-12-29 23:58:52.739] 🐛 DEBUG: Metadata file exists, size: 200 bytes INFO
[2025-12-29 23:58:52.739] 🐛 DEBUG: Successfully loaded metadata with 0 versions INFO
[2025-12-29 23:58:52.739] 🐛 DEBUG: Found 0 versions in metadata: [] INFO
[2025-12-29 23:58:52.739] 🐛 DEBUG: Found 0 versions in HDF5: [] INFO
[2025-12-29 23:58:52.739] 🐛 DEBUG: _load_metadata() checking versioned_artifacts/ETHUSDT_binance_15m_long_volume_force/metadata.json INFO
[2025-12-29 23:58:52.739] 🐛 DEBUG: Metadata file exists, size: 5760 bytes INFO
[2025-12-29 23:58:52.739] 🐛 DEBUG: Successfully loaded metadata with 3 versions INFO
[2025-12-29 23:58:52.739] 🐛 DEBUG: list_versions() called INFO
[2025-12-29 23:58:52.739] 🐛 DEBUG: Metadata file exists: True INFO
[2025-12-29 23:58:52.740] 🐛 DEBUG: HDF5 file exists: True INFO
[2025-12-29 23:58:52.740] 🐛 DEBUG: Reloading metadata to get latest versions INFO
[2025-12-29 23:58:52.740] 🐛 DEBUG: _load_metadata() checking versioned_artifacts/ETHUSDT_binance_15m_long_volume_force/metadata.json INFO
[2025-12-29 23:58:52.740] 🐛 DEBUG: Metadata file exists, size: 5760 bytes INFO
[2025-12-29 23:58:52.740] 🐛 DEBUG: Successfully loaded metadata with 3 versions INFO
[2025-12-29 23:58:52.740] 🐛 DEBUG: Found 3 versions in metadata: ['ml_volume_force_features_20251213_163705_361', 'ml_volume_force_features_20251213_170535_123', 'ml_volume_force_predictions_20251213_170543_299'] INFO
[2025-12-29 23:58:52.740] 🐛 DEBUG: Found 3 versions in HDF5: ['ml_volume_force_features_20251213_163705_361', 'ml_volume_force_features_20251213_170535_123', 'ml_volume_force_predictions_20251213_170543_299'] INFO
[2025-12-29 23:58:52.740] 🐛 DEBUG: _load_metadata() checking versioned_artifacts/ETHUSDT_binance_15m_long_smc_regime/metadata.json INFO
[2025-12-29 23:58:52.740] 🐛 DEBUG: Metadata file exists, size: 3383 bytes INFO
[2025-12-29 23:58:52.740] 🐛 DEBUG: Successfully loaded metadata with 2 versions INFO
[2025-12-29 23:58:52.740] 🐛 DEBUG: list_versions() called INFO
[2025-12-29 23:58:52.740] 🐛 DEBUG: Metadata file exists: True INFO
[2025-12-29 23:58:52.740] 🐛 DEBUG: HDF5 file exists: True INFO
[2025-12-29 23:58:52.740] 🐛 DEBUG: Reloading metadata to get latest versions INFO
[2025-12-29 23:58:52.740] 🐛 DEBUG: _load_metadata() checking versioned_artifacts/ETHUSDT_binance_15m_long_smc_regime/metadata.json INFO
[2025-12-29 23:58:52.740] 🐛 DEBUG: Metadata file exists, size: 3383 bytes INFO
[2025-12-29 23:58:52.740] 🐛 DEBUG: Successfully loaded metadata with 2 versions INFO
[2025-12-29 23:58:52.740] 🐛 DEBUG: Found 2 versions in metadata: ['smc_predictions_with_confidence_20251213_170746_093', 'ml_smc_features_15m_20251213_170746_137'] INFO
[2025-12-29 23:58:52.741] 🐛 DEBUG: Found 2 versions in HDF5: ['ml_smc_features_15m_20251213_170746_137', 'smc_predictions_with_confidence_20251213_170746_093'] INFO
[2025-12-29 23:58:52.741] 🐛 DEBUG: _load_metadata() checking versioned_artifacts/ETHUSDT_binance_15m_long_breakout_bounce/metadata.json INFO
[2025-12-29 23:58:52.741] 🐛 DEBUG: Metadata file exists, size: 200 bytes INFO
[2025-12-29 23:58:52.741] 🐛 DEBUG: Successfully loaded metadata with 0 versions INFO
[2025-12-29 23:58:52.741] 🐛 DEBUG: list_versions() called INFO
[2025-12-29 23:58:52.741] 🐛 DEBUG: Metadata file exists: True INFO
[2025-12-29 23:58:52.741] 🐛 DEBUG: HDF5 file exists: True INFO
[2025-12-29 23:58:52.741] 🐛 DEBUG: Reloading metadata to get latest versions INFO
[2025-12-29 23:58:52.741] 🐛 DEBUG: _load_metadata() checking versioned_artifacts/ETHUSDT_binance_15m_long_breakout_bounce/metadata.json INFO
[2025-12-29 23:58:52.741] 🐛 DEBUG: Metadata file exists, size: 200 bytes INFO
[2025-12-29 23:58:52.741] 🐛 DEBUG: Successfully loaded metadata with 0 versions INFO
[2025-12-29 23:58:52.741] 🐛 DEBUG: Found 0 versions in metadata: [] INFO
[2025-12-29 23:58:52.741] 🐛 DEBUG: Found 0 versions in HDF5: [] INFO
[2025-12-29 23:58:52.741] 🐛 DEBUG: _load_metadata() checking versioned_artifacts/ETHUSDT_binance_1h_long_liquidity_regime/metadata.json INFO
[2025-12-29 23:58:52.741] 🐛 DEBUG: Metadata file exists, size: 200 bytes INFO
[2025-12-29 23:58:52.741] 🐛 DEBUG: Successfully loaded metadata with 0 versions INFO
[2025-12-29 23:58:52.742] 🐛 DEBUG: list_versions() called INFO
[2025-12-29 23:58:52.742] 🐛 DEBUG: Metadata file exists: True INFO
[2025-12-29 23:58:52.742] 🐛 DEBUG: HDF5 file exists: True INFO
[2025-12-29 23:58:52.742] 🐛 DEBUG: Reloading metadata to get latest versions INFO
[2025-12-29 23:58:52.742] 🐛 DEBUG: _load_metadata() checking versioned_artifacts/ETHUSDT_binance_1h_long_liquidity_regime/metadata.json INFO
[2025-12-29 23:58:52.742] 🐛 DEBUG: Metadata file exists, size: 200 bytes INFO
[2025-12-29 23:58:52.742] 🐛 DEBUG: Successfully loaded metadata with 0 versions INFO
[2025-12-29 23:58:52.742] 🐛 DEBUG: Found 0 versions in metadata: [] INFO
[2025-12-29 23:58:52.742] 🐛 DEBUG: Found 0 versions in HDF5: [] INFO
[2025-12-29 23:58:52.742] 🐛 DEBUG: _load_metadata() checking versioned_artifacts/ETHUSDT_binance_1h_long_regime_alpha/metadata.json INFO
[2025-12-29 23:58:52.742] 🐛 DEBUG: Metadata file exists, size: 6902 bytes INFO
[2025-12-29 23:58:52.742] 🐛 DEBUG: Successfully loaded metadata with 5 versions INFO
[2025-12-29 23:58:52.742] 🐛 DEBUG: list_versions() called INFO
[2025-12-29 23:58:52.742] 🐛 DEBUG: Metadata file exists: True INFO
[2025-12-29 23:58:52.742] 🐛 DEBUG: HDF5 file exists: True INFO
[2025-12-29 23:58:52.742] 🐛 DEBUG: Reloading metadata to get latest versions INFO
[2025-12-29 23:58:52.742] 🐛 DEBUG: _load_metadata() checking versioned_artifacts/ETHUSDT_binance_1h_long_regime_alpha/metadata.json INFO
[2025-12-29 23:58:52.742] 🐛 DEBUG: Metadata file exists, size: 6902 bytes INFO
[2025-12-29 23:58:52.742] 🐛 DEBUG: Successfully loaded metadata with 5 versions INFO
[2025-12-29 23:58:52.742] 🐛 DEBUG: Found 5 versions in metadata: ['hmm_alpha_regime_stats_1h_20251122_151841_186', 'hmm_alpha_training_data_1h_20251122_164502_922', 'hmm_alpha_regime_stats_1h_20251122_164502_963', 'hmm_alpha_training_data_1h_20251122_171931_773', 'hmm_alpha_regime_stats_1h_20251122_171931_857'] INFO
[2025-12-29 23:58:52.743] 🐛 DEBUG: Found 5 versions in HDF5: ['hmm_alpha_regime_stats_1h_20251122_151841_186', 'hmm_alpha_regime_stats_1h_20251122_164502_963', 'hmm_alpha_regime_stats_1h_20251122_171931_857', 'hmm_alpha_training_data_1h_20251122_164502_922', 'hmm_alpha_training_data_1h_20251122_171931_773'] INFO
[2025-12-29 23:58:52.743] 🐛 DEBUG: _load_metadata() checking versioned_artifacts/ETHUSDT_binance_1h_long_analyst/metadata.json INFO
[2025-12-29 23:58:52.743] 🐛 DEBUG: Metadata file exists, size: 139 bytes INFO
[2025-12-29 23:58:52.743] 🐛 DEBUG: Successfully loaded metadata with 0 versions INFO
[2025-12-29 23:58:52.743] 🐛 DEBUG: list_versions() called INFO
[2025-12-29 23:58:52.743] 🐛 DEBUG: Metadata file exists: True INFO
[2025-12-29 23:58:52.743] 🐛 DEBUG: HDF5 file exists: True INFO
[2025-12-29 23:58:52.743] 🐛 DEBUG: Reloading metadata to get latest versions INFO
[2025-12-29 23:58:52.743] 🐛 DEBUG: _load_metadata() checking versioned_artifacts/ETHUSDT_binance_1h_long_analyst/metadata.json INFO
[2025-12-29 23:58:52.743] 🐛 DEBUG: Metadata file exists, size: 139 bytes INFO
[2025-12-29 23:58:52.743] 🐛 DEBUG: Successfully loaded metadata with 0 versions INFO
[2025-12-29 23:58:52.743] 🐛 DEBUG: Found 0 versions in metadata: [] INFO
[2025-12-29 23:58:52.743] 🐛 DEBUG: Found 0 versions in HDF5: [] INFO
[2025-12-29 23:58:52.743] 🐛 DEBUG: _load_metadata() checking versioned_artifacts/ETHUSDT_binance_1h_long_regime_path/metadata.json INFO
[2025-12-29 23:58:52.743] 🐛 DEBUG: Metadata file exists, size: 200 bytes INFO
[2025-12-29 23:58:52.743] 🐛 DEBUG: Successfully loaded metadata with 0 versions INFO
[2025-12-29 23:58:52.743] 🐛 DEBUG: list_versions() called INFO
[2025-12-29 23:58:52.743] 🐛 DEBUG: Metadata file exists: True INFO
[2025-12-29 23:58:52.744] 🐛 DEBUG: HDF5 file exists: True INFO
[2025-12-29 23:58:52.744] 🐛 DEBUG: Reloading metadata to get latest versions INFO
[2025-12-29 23:58:52.744] 🐛 DEBUG: _load_metadata() checking versioned_artifacts/ETHUSDT_binance_1h_long_regime_path/metadata.json INFO
[2025-12-29 23:58:52.744] 🐛 DEBUG: Metadata file exists, size: 200 bytes INFO
[2025-12-29 23:58:52.744] 🐛 DEBUG: Successfully loaded metadata with 0 versions INFO
[2025-12-29 23:58:52.744] 🐛 DEBUG: Found 0 versions in metadata: [] INFO
[2025-12-29 23:58:52.744] 🐛 DEBUG: Found 0 versions in HDF5: [] INFO
[2025-12-29 23:58:52.744] 🐛 DEBUG: _load_metadata() checking versioned_artifacts/None_None_None_long_regime/metadata.json INFO
[2025-12-29 23:58:52.744] 🐛 DEBUG: Metadata file exists, size: 139 bytes INFO
[2025-12-29 23:58:52.744] 🐛 DEBUG: Successfully loaded metadata with 0 versions INFO
[2025-12-29 23:58:52.744] 🐛 DEBUG: list_versions() called INFO
[2025-12-29 23:58:52.744] 🐛 DEBUG: Metadata file exists: True INFO
[2025-12-29 23:58:52.744] 🐛 DEBUG: HDF5 file exists: True INFO
[2025-12-29 23:58:52.744] 🐛 DEBUG: Reloading metadata to get latest versions INFO
[2025-12-29 23:58:52.744] 🐛 DEBUG: _load_metadata() checking versioned_artifacts/None_None_None_long_regime/metadata.json INFO
[2025-12-29 23:58:52.744] 🐛 DEBUG: Metadata file exists, size: 139 bytes INFO
[2025-12-29 23:58:52.744] 🐛 DEBUG: Successfully loaded metadata with 0 versions INFO
[2025-12-29 23:58:52.744] 🐛 DEBUG: Found 0 versions in metadata: [] INFO
[2025-12-29 23:58:52.744] 🐛 DEBUG: Found 0 versions in HDF5: [] INFO
[2025-12-29 23:58:52.745] 🐛 DEBUG: _load_metadata() checking versioned_artifacts/ETHUSDT_binance_1h_long_mean_reversion/metadata.json INFO
[2025-12-29 23:58:52.745] 🐛 DEBUG: Metadata file exists, size: 3914 bytes INFO
[2025-12-29 23:58:52.745] 🐛 DEBUG: Successfully loaded metadata with 5 versions INFO
[2025-12-29 23:58:52.745] 🐛 DEBUG: list_versions() called INFO
[2025-12-29 23:58:52.745] 🐛 DEBUG: Metadata file exists: True INFO
[2025-12-29 23:58:52.745] 🐛 DEBUG: HDF5 file exists: True INFO
[2025-12-29 23:58:52.745] 🐛 DEBUG: Reloading metadata to get latest versions INFO
[2025-12-29 23:58:52.745] 🐛 DEBUG: _load_metadata() checking versioned_artifacts/ETHUSDT_binance_1h_long_mean_reversion/metadata.json INFO
[2025-12-29 23:58:52.745] 🐛 DEBUG: Metadata file exists, size: 3914 bytes INFO
[2025-12-29 23:58:52.745] 🐛 DEBUG: Successfully loaded metadata with 5 versions INFO
[2025-12-29 23:58:52.745] 🐛 DEBUG: Found 5 versions in metadata: ['ml_mean_reversion_training_data_1h_20251124_231116_323', 'ml_mean_reversion_training_data_1h_20251125_001022_753', 'ml_mean_reversion_training_data_1h_20251125_002337_863', 'ml_mean_reversion_training_data_1h_20251125_003116_776', 'ml_mean_reversion_training_data_1h_20251126_003120_916'] INFO
[2025-12-29 23:58:52.745] 🐛 DEBUG: Found 5 versions in HDF5: ['ml_mean_reversion_training_data_1h_20251124_231116_323', 'ml_mean_reversion_training_data_1h_20251125_001022_753', 'ml_mean_reversion_training_data_1h_20251125_002337_863', 'ml_mean_reversion_training_data_1h_20251125_003116_776', 'ml_mean_reversion_training_data_1h_20251126_003120_916'] INFO
[2025-12-29 23:58:52.745] 🐛 DEBUG: _load_metadata() checking versioned_artifacts/ETHUSDT_binance_15m_long_mean_reversion/metadata.json INFO
[2025-12-29 23:58:52.745] 🐛 DEBUG: Metadata file exists, size: 1472 bytes INFO
[2025-12-29 23:58:52.745] 🐛 DEBUG: Successfully loaded metadata with 1 versions INFO
[2025-12-29 23:58:52.745] 🐛 DEBUG: list_versions() called INFO
[2025-12-29 23:58:52.745] 🐛 DEBUG: Metadata file exists: True INFO
[2025-12-29 23:58:52.745] 🐛 DEBUG: HDF5 file exists: True INFO
[2025-12-29 23:58:52.745] 🐛 DEBUG: Reloading metadata to get latest versions INFO
[2025-12-29 23:58:52.745] 🐛 DEBUG: _load_metadata() checking versioned_artifacts/ETHUSDT_binance_15m_long_mean_reversion/metadata.json INFO
[2025-12-29 23:58:52.745] 🐛 DEBUG: Metadata file exists, size: 1472 bytes INFO
[2025-12-29 23:58:52.745] 🐛 DEBUG: Successfully loaded metadata with 1 versions INFO
[2025-12-29 23:58:52.746] 🐛 DEBUG: Found 1 versions in metadata: ['ml_mean_reversion_training_data_15m_20251213_170600_968'] INFO
[2025-12-29 23:58:52.746] 🐛 DEBUG: Found 1 versions in HDF5: ['ml_mean_reversion_training_data_15m_20251213_170600_968'] INFO
[2025-12-29 23:58:52.746] 🐛 DEBUG: _load_metadata() checking versioned_artifacts/ETHUSDT_binance_15m_long_full/metadata.json INFO
[2025-12-29 23:58:52.746] 🐛 DEBUG: Metadata file exists, size: 139 bytes INFO
[2025-12-29 23:58:52.746] 🐛 DEBUG: Successfully loaded metadata with 0 versions INFO
[2025-12-29 23:58:52.746] 🐛 DEBUG: list_versions() called INFO
[2025-12-29 23:58:52.746] 🐛 DEBUG: Metadata file exists: True INFO
[2025-12-29 23:58:52.746] 🐛 DEBUG: HDF5 file exists: True INFO
[2025-12-29 23:58:52.746] 🐛 DEBUG: Reloading metadata to get latest versions INFO
[2025-12-29 23:58:52.746] 🐛 DEBUG: _load_metadata() checking versioned_artifacts/ETHUSDT_binance_15m_long_full/metadata.json INFO
[2025-12-29 23:58:52.746] 🐛 DEBUG: Metadata file exists, size: 139 bytes INFO
[2025-12-29 23:58:52.746] 🐛 DEBUG: Successfully loaded metadata with 0 versions INFO
[2025-12-29 23:58:52.746] 🐛 DEBUG: Found 0 versions in metadata: [] INFO
[2025-12-29 23:58:52.746] 🐛 DEBUG: Found 0 versions in HDF5: [] INFO
[2025-12-29 23:58:52.746] 🐛 DEBUG: _load_metadata() checking versioned_artifacts/ETHUSDT_binance_15m_long_regime_meso_trend/metadata.json INFO
[2025-12-29 23:58:52.747] 🐛 DEBUG: Metadata file exists, size: 139 bytes INFO
[2025-12-29 23:58:52.747] 🐛 DEBUG: Successfully loaded metadata with 0 versions INFO
[2025-12-29 23:58:52.747] 🐛 DEBUG: list_versions() called INFO
[2025-12-29 23:58:52.747] 🐛 DEBUG: Metadata file exists: True INFO
[2025-12-29 23:58:52.747] 🐛 DEBUG: HDF5 file exists: True INFO
[2025-12-29 23:58:52.747] 🐛 DEBUG: Reloading metadata to get latest versions INFO
[2025-12-29 23:58:52.747] 🐛 DEBUG: _load_metadata() checking versioned_artifacts/ETHUSDT_binance_15m_long_regime_meso_trend/metadata.json INFO
[2025-12-29 23:58:52.747] 🐛 DEBUG: Metadata file exists, size: 139 bytes INFO
[2025-12-29 23:58:52.747] 🐛 DEBUG: Successfully loaded metadata with 0 versions INFO
[2025-12-29 23:58:52.747] 🐛 DEBUG: Found 0 versions in metadata: [] INFO
[2025-12-29 23:58:52.747] 🐛 DEBUG: Found 0 versions in HDF5: [] INFO
[2025-12-29 23:58:52.747] 🐛 DEBUG: _load_metadata() checking versioned_artifacts/ETHUSDT_binance_15m_long_regime/metadata.json INFO
[2025-12-29 23:58:52.747] 🐛 DEBUG: Metadata file exists, size: 200 bytes INFO
[2025-12-29 23:58:52.747] 🐛 DEBUG: Successfully loaded metadata with 0 versions INFO
[2025-12-29 23:58:52.747] 🐛 DEBUG: list_versions() called INFO
[2025-12-29 23:58:52.747] 🐛 DEBUG: Metadata file exists: True INFO
[2025-12-29 23:58:52.747] 🐛 DEBUG: HDF5 file exists: True INFO
[2025-12-29 23:58:52.747] 🐛 DEBUG: Reloading metadata to get latest versions INFO
[2025-12-29 23:58:52.747] 🐛 DEBUG: _load_metadata() checking versioned_artifacts/ETHUSDT_binance_15m_long_regime/metadata.json INFO
[2025-12-29 23:58:52.747] 🐛 DEBUG: Metadata file exists, size: 200 bytes INFO
[2025-12-29 23:58:52.747] 🐛 DEBUG: Successfully loaded metadata with 0 versions INFO
[2025-12-29 23:58:52.747] 🐛 DEBUG: Found 0 versions in metadata: [] INFO
[2025-12-29 23:58:52.748] 🐛 DEBUG: Found 0 versions in HDF5: [] INFO
[2025-12-29 23:58:52.748] 🐛 DEBUG: _load_metadata() checking versioned_artifacts/ETHUSDT_binance_1h_long_smc_regime/metadata.json INFO
[2025-12-29 23:58:52.748] 🐛 DEBUG: Metadata file exists, size: 3536 bytes INFO
[2025-12-29 23:58:52.748] 🐛 DEBUG: Successfully loaded metadata with 5 versions INFO
[2025-12-29 23:58:52.748] 🐛 DEBUG: list_versions() called INFO
[2025-12-29 23:58:52.748] 🐛 DEBUG: Metadata file exists: True INFO
[2025-12-29 23:58:52.748] 🐛 DEBUG: HDF5 file exists: True INFO
[2025-12-29 23:58:52.748] 🐛 DEBUG: Reloading metadata to get latest versions INFO
[2025-12-29 23:58:52.748] 🐛 DEBUG: _load_metadata() checking versioned_artifacts/ETHUSDT_binance_1h_long_smc_regime/metadata.json INFO
[2025-12-29 23:58:52.748] 🐛 DEBUG: Metadata file exists, size: 3536 bytes INFO
[2025-12-29 23:58:52.748] 🐛 DEBUG: Successfully loaded metadata with 5 versions INFO
[2025-12-29 23:58:52.748] 🐛 DEBUG: Found 5 versions in metadata: ['smc_predictions_with_confidence_20251124_233038_087', 'smc_predictions_with_confidence_20251125_001011_321', 'smc_predictions_with_confidence_20251125_001842_252', 'smc_predictions_with_confidence_20251126_003009_061', 'smc_predictions_with_confidence_20251126_003415_856'] INFO
[2025-12-29 23:58:52.748] 🐛 DEBUG: Found 5 versions in HDF5: ['smc_predictions_with_confidence_20251124_233038_087', 'smc_predictions_with_confidence_20251125_001011_321', 'smc_predictions_with_confidence_20251125_001842_252', 'smc_predictions_with_confidence_20251126_003009_061', 'smc_predictions_with_confidence_20251126_003415_856'] INFO
[2025-12-29 23:58:52.748] 🐛 DEBUG: _load_metadata() checking versioned_artifacts/ETHUSDT_binance_15m_long_regime_path/metadata.json INFO
[2025-12-29 23:58:52.748] 🐛 DEBUG: Metadata file exists, size: 200 bytes INFO
[2025-12-29 23:58:52.748] 🐛 DEBUG: Successfully loaded metadata with 0 versions INFO
[2025-12-29 23:58:52.748] 🐛 DEBUG: list_versions() called INFO
[2025-12-29 23:58:52.749] 🐛 DEBUG: Metadata file exists: True INFO
[2025-12-29 23:58:52.749] 🐛 DEBUG: HDF5 file exists: True INFO
[2025-12-29 23:58:52.749] 🐛 DEBUG: Reloading metadata to get latest versions INFO
[2025-12-29 23:58:52.749] 🐛 DEBUG: _load_metadata() checking versioned_artifacts/ETHUSDT_binance_15m_long_regime_path/metadata.json INFO
[2025-12-29 23:58:52.749] 🐛 DEBUG: Metadata file exists, size: 200 bytes INFO
[2025-12-29 23:58:52.749] 🐛 DEBUG: Successfully loaded metadata with 0 versions INFO
[2025-12-29 23:58:52.749] 🐛 DEBUG: Found 0 versions in metadata: [] INFO
[2025-12-29 23:58:52.749] 🐛 DEBUG: Found 0 versions in HDF5: [] INFO
[2025-12-29 23:58:52.749] 🐛 DEBUG: _load_metadata() checking versioned_artifacts/ETHUSDT_binance_1h_long_light/metadata.json INFO
[2025-12-29 23:58:52.749] 🐛 DEBUG: Metadata file exists, size: 139 bytes INFO
[2025-12-29 23:58:52.749] 🐛 DEBUG: Successfully loaded metadata with 0 versions INFO
[2025-12-29 23:58:52.749] 🐛 DEBUG: list_versions() called INFO
[2025-12-29 23:58:52.749] 🐛 DEBUG: Metadata file exists: True INFO
[2025-12-29 23:58:52.749] 🐛 DEBUG: HDF5 file exists: True INFO
[2025-12-29 23:58:52.749] 🐛 DEBUG: Reloading metadata to get latest versions INFO
[2025-12-29 23:58:52.749] 🐛 DEBUG: _load_metadata() checking versioned_artifacts/ETHUSDT_binance_1h_long_light/metadata.json INFO
[2025-12-29 23:58:52.749] 🐛 DEBUG: Metadata file exists, size: 139 bytes INFO
[2025-12-29 23:58:52.749] 🐛 DEBUG: Successfully loaded metadata with 0 versions INFO
[2025-12-29 23:58:52.749] 🐛 DEBUG: Found 0 versions in metadata: [] INFO
[2025-12-29 23:58:52.749] 🐛 DEBUG: Found 0 versions in HDF5: [] INFO
[2025-12-29 23:58:52.750] 🐛 DEBUG: _load_metadata() checking versioned_artifacts/ETHUSDT_binance_15m_long_light/metadata.json INFO
[2025-12-29 23:58:52.750] 🐛 DEBUG: Metadata file exists, size: 1538 bytes INFO
[2025-12-29 23:58:52.750] 🐛 DEBUG: Successfully loaded metadata with 3 versions INFO
[2025-12-29 23:58:52.750] 🐛 DEBUG: list_versions() called INFO
[2025-12-29 23:58:52.750] 🐛 DEBUG: Metadata file exists: True INFO
[2025-12-29 23:58:52.750] 🐛 DEBUG: HDF5 file exists: True INFO
[2025-12-29 23:58:52.750] 🐛 DEBUG: Reloading metadata to get latest versions INFO
[2025-12-29 23:58:52.750] 🐛 DEBUG: _load_metadata() checking versioned_artifacts/ETHUSDT_binance_15m_long_light/metadata.json INFO
[2025-12-29 23:58:52.750] 🐛 DEBUG: Metadata file exists, size: 1538 bytes INFO
[2025-12-29 23:58:52.750] 🐛 DEBUG: Successfully loaded metadata with 3 versions INFO
[2025-12-29 23:58:52.750] 🐛 DEBUG: Found 3 versions in metadata: ['selected_features_60_20251109_191448_625', 'selected_features_50_20251109_191448_653', 'selected_features_40_20251109_191448_677'] INFO
[2025-12-29 23:58:52.750] 🐛 DEBUG: Found 3 versions in HDF5: ['selected_features_40_20251109_191448_677', 'selected_features_50_20251109_191448_653', 'selected_features_60_20251109_191448_625'] INFO
[2025-12-29 23:58:52.750] 🐛 DEBUG: _load_metadata() checking versioned_artifacts/ETHUSDT_binance_15m_long_regime_macro_trend/metadata.json INFO
[2025-12-29 23:58:52.750] 🐛 DEBUG: Metadata file exists, size: 5567 bytes INFO
[2025-12-29 23:58:52.750] 🐛 DEBUG: Successfully loaded metadata with 2 versions INFO
[2025-12-29 23:58:52.750] 🐛 DEBUG: list_versions() called INFO
[2025-12-29 23:58:52.750] 🐛 DEBUG: Metadata file exists: True INFO
[2025-12-29 23:58:52.750] 🐛 DEBUG: HDF5 file exists: True INFO
[2025-12-29 23:58:52.750] 🐛 DEBUG: Reloading metadata to get latest versions INFO
[2025-12-29 23:58:52.750] 🐛 DEBUG: _load_metadata() checking versioned_artifacts/ETHUSDT_binance_15m_long_regime_macro_trend/metadata.json INFO
[2025-12-29 23:58:52.750] 🐛 DEBUG: Metadata file exists, size: 5567 bytes INFO
[2025-12-29 23:58:52.750] 🐛 DEBUG: Successfully loaded metadata with 2 versions INFO
[2025-12-29 23:58:52.750] 🐛 DEBUG: Found 2 versions in metadata: ['hmm_macro_trend_training_data_15m_20251213_170722_611', 'hmm_macro_trend_regime_stats_15m_20251213_170725_853'] INFO
[2025-12-29 23:58:52.751] 🐛 DEBUG: Found 2 versions in HDF5: ['hmm_macro_trend_regime_stats_15m_20251213_170725_853', 'hmm_macro_trend_training_data_15m_20251213_170722_611'] INFO
[2025-12-29 23:58:52.751] 🐛 DEBUG: _load_metadata() checking versioned_artifacts/ETHUSDT_binance_1h_long_full/metadata.json INFO
[2025-12-29 23:58:52.751] 🐛 DEBUG: Metadata file exists, size: 139 bytes INFO
[2025-12-29 23:58:52.751] 🐛 DEBUG: Successfully loaded metadata with 0 versions INFO
[2025-12-29 23:58:52.751] 🐛 DEBUG: list_versions() called INFO
[2025-12-29 23:58:52.751] 🐛 DEBUG: Metadata file exists: True INFO
[2025-12-29 23:58:52.751] 🐛 DEBUG: HDF5 file exists: True INFO
[2025-12-29 23:58:52.751] 🐛 DEBUG: Reloading metadata to get latest versions INFO
[2025-12-29 23:58:52.751] 🐛 DEBUG: _load_metadata() checking versioned_artifacts/ETHUSDT_binance_1h_long_full/metadata.json INFO
[2025-12-29 23:58:52.751] 🐛 DEBUG: Metadata file exists, size: 139 bytes INFO
[2025-12-29 23:58:52.751] 🐛 DEBUG: Successfully loaded metadata with 0 versions INFO
[2025-12-29 23:58:52.751] 🐛 DEBUG: Found 0 versions in metadata: [] INFO
[2025-12-29 23:58:52.751] 🐛 DEBUG: Found 0 versions in HDF5: [] INFO
[2025-12-29 23:58:52.751] 🐛 DEBUG: _load_metadata() checking versioned_artifacts/ETHUSDT_binance_15m_short_mean_reversion/metadata.json INFO
[2025-12-29 23:58:52.751] 🐛 DEBUG: Metadata file exists, size: 139 bytes INFO
[2025-12-29 23:58:52.751] 🐛 DEBUG: Successfully loaded metadata with 0 versions INFO
[2025-12-29 23:58:52.751] 🐛 DEBUG: list_versions() called INFO
[2025-12-29 23:58:52.751] 🐛 DEBUG: Metadata file exists: True INFO
[2025-12-29 23:58:52.752] 🐛 DEBUG: HDF5 file exists: True INFO
[2025-12-29 23:58:52.752] 🐛 DEBUG: Reloading metadata to get latest versions INFO
[2025-12-29 23:58:52.752] 🐛 DEBUG: _load_metadata() checking versioned_artifacts/ETHUSDT_binance_15m_short_mean_reversion/metadata.json INFO
[2025-12-29 23:58:52.752] 🐛 DEBUG: Metadata file exists, size: 139 bytes INFO
[2025-12-29 23:58:52.752] 🐛 DEBUG: Successfully loaded metadata with 0 versions INFO
[2025-12-29 23:58:52.752] 🐛 DEBUG: Found 0 versions in metadata: [] INFO
[2025-12-29 23:58:52.752] 🐛 DEBUG: Found 0 versions in HDF5: [] INFO
[2025-12-29 23:58:52.752] 🐛 DEBUG: _load_metadata() checking versioned_artifacts/ETHUSDT_binance_1h_long_regime_risk_hmm/metadata.json INFO
[2025-12-29 23:58:52.752] 🐛 DEBUG: Metadata file exists, size: 139 bytes INFO
[2025-12-29 23:58:52.752] 🐛 DEBUG: Successfully loaded metadata with 0 versions INFO
[2025-12-29 23:58:52.752] 🐛 DEBUG: list_versions() called INFO
[2025-12-29 23:58:52.752] 🐛 DEBUG: Metadata file exists: True INFO
[2025-12-29 23:58:52.752] 🐛 DEBUG: HDF5 file exists: True INFO
[2025-12-29 23:58:52.752] 🐛 DEBUG: Reloading metadata to get latest versions INFO
[2025-12-29 23:58:52.752] 🐛 DEBUG: _load_metadata() checking versioned_artifacts/ETHUSDT_binance_1h_long_regime_risk_hmm/metadata.json INFO
[2025-12-29 23:58:52.752] 🐛 DEBUG: Metadata file exists, size: 139 bytes INFO
[2025-12-29 23:58:52.752] 🐛 DEBUG: Successfully loaded metadata with 0 versions INFO
[2025-12-29 23:58:52.752] 🐛 DEBUG: Found 0 versions in metadata: [] INFO
[2025-12-29 23:58:52.752] 🐛 DEBUG: Found 0 versions in HDF5: [] INFO
[2025-12-29 23:58:52.753] 🐛 DEBUG: _load_metadata() checking versioned_artifacts/ETHUSDT_binance_1h_long_regime_risk/metadata.json INFO
[2025-12-29 23:58:52.753] 🐛 DEBUG: Metadata file exists, size: 139 bytes INFO
[2025-12-29 23:58:52.753] 🐛 DEBUG: Successfully loaded metadata with 0 versions INFO
[2025-12-29 23:58:52.753] 🐛 DEBUG: list_versions() called INFO
[2025-12-29 23:58:52.753] 🐛 DEBUG: Metadata file exists: True INFO
[2025-12-29 23:58:52.753] 🐛 DEBUG: HDF5 file exists: True INFO
[2025-12-29 23:58:52.753] 🐛 DEBUG: Reloading metadata to get latest versions INFO
[2025-12-29 23:58:52.753] 🐛 DEBUG: _load_metadata() checking versioned_artifacts/ETHUSDT_binance_1h_long_regime_risk/metadata.json INFO
[2025-12-29 23:58:52.753] 🐛 DEBUG: Metadata file exists, size: 139 bytes INFO
[2025-12-29 23:58:52.753] 🐛 DEBUG: Successfully loaded metadata with 0 versions INFO
[2025-12-29 23:58:52.753] 🐛 DEBUG: Found 0 versions in metadata: [] INFO
[2025-12-29 23:58:52.753] 🐛 DEBUG: Found 0 versions in HDF5: [] INFO
[2025-12-29 23:58:52.753] 🐛 DEBUG: _load_metadata() checking versioned_artifacts/ETHUSDT_binance_1h_long_blank/metadata.json INFO
[2025-12-29 23:58:52.753] 🐛 DEBUG: Metadata file exists, size: 139 bytes INFO
[2025-12-29 23:58:52.753] 🐛 DEBUG: Successfully loaded metadata with 0 versions INFO
[2025-12-29 23:58:52.753] 🐛 DEBUG: list_versions() called INFO
[2025-12-29 23:58:52.753] 🐛 DEBUG: Metadata file exists: True INFO
[2025-12-29 23:58:52.753] 🐛 DEBUG: HDF5 file exists: True INFO
[2025-12-29 23:58:52.753] 🐛 DEBUG: Reloading metadata to get latest versions INFO
[2025-12-29 23:58:52.753] 🐛 DEBUG: _load_metadata() checking versioned_artifacts/ETHUSDT_binance_1h_long_blank/metadata.json INFO
[2025-12-29 23:58:52.753] 🐛 DEBUG: Metadata file exists, size: 139 bytes INFO
[2025-12-29 23:58:52.753] 🐛 DEBUG: Successfully loaded metadata with 0 versions INFO
[2025-12-29 23:58:52.753] 🐛 DEBUG: Found 0 versions in metadata: [] INFO
[2025-12-29 23:58:52.754] 🐛 DEBUG: Found 0 versions in HDF5: [] INFO
[2025-12-29 23:58:52.754] 🐛 DEBUG: _load_metadata() checking versioned_artifacts/ETHUSDT_binance_15m_long_regime_mr_trend/metadata.json INFO
[2025-12-29 23:58:52.754] 🐛 DEBUG: Metadata file exists, size: 139 bytes INFO
[2025-12-29 23:58:52.754] 🐛 DEBUG: Successfully loaded metadata with 0 versions INFO
[2025-12-29 23:58:52.754] 🐛 DEBUG: list_versions() called INFO
[2025-12-29 23:58:52.754] 🐛 DEBUG: Metadata file exists: True INFO
[2025-12-29 23:58:52.754] 🐛 DEBUG: HDF5 file exists: True INFO
[2025-12-29 23:58:52.754] 🐛 DEBUG: Reloading metadata to get latest versions INFO
[2025-12-29 23:58:52.754] 🐛 DEBUG: _load_metadata() checking versioned_artifacts/ETHUSDT_binance_15m_long_regime_mr_trend/metadata.json INFO
[2025-12-29 23:58:52.754] 🐛 DEBUG: Metadata file exists, size: 139 bytes INFO
[2025-12-29 23:58:52.754] 🐛 DEBUG: Successfully loaded metadata with 0 versions INFO
[2025-12-29 23:58:52.754] 🐛 DEBUG: Found 0 versions in metadata: [] INFO
[2025-12-29 23:58:52.754] 🐛 DEBUG: Found 0 versions in HDF5: [] INFO
[2025-12-29 23:58:52.754] 🐛 DEBUG: _load_metadata() checking versioned_artifacts/ETHUSDT_binance_15m_long_regime_risk_hmm/metadata.json INFO
[2025-12-29 23:58:52.754] 🐛 DEBUG: Metadata file exists, size: 1035 bytes INFO
[2025-12-29 23:58:52.754] 🐛 DEBUG: Successfully loaded metadata with 1 versions INFO
[2025-12-29 23:58:52.754] 🐛 DEBUG: list_versions() called INFO
[2025-12-29 23:58:52.754] 🐛 DEBUG: Metadata file exists: True INFO
[2025-12-29 23:58:52.754] 🐛 DEBUG: HDF5 file exists: True INFO
[2025-12-29 23:58:52.755] 🐛 DEBUG: Reloading metadata to get latest versions INFO
[2025-12-29 23:58:52.755] 🐛 DEBUG: _load_metadata() checking versioned_artifacts/ETHUSDT_binance_15m_long_regime_risk_hmm/metadata.json INFO
[2025-12-29 23:58:52.755] 🐛 DEBUG: Metadata file exists, size: 1035 bytes INFO
[2025-12-29 23:58:52.755] 🐛 DEBUG: Successfully loaded metadata with 1 versions INFO
[2025-12-29 23:58:52.755] 🐛 DEBUG: Found 1 versions in metadata: ['ml_risk_hmm_training_data_15m_20251205_191725_560'] INFO
[2025-12-29 23:58:52.755] 🐛 DEBUG: Found 1 versions in HDF5: ['ml_risk_hmm_training_data_15m_20251205_191725_560'] INFO
[2025-12-29 23:58:52.755] 🐛 DEBUG: _load_metadata() checking versioned_artifacts/ETHUSDT_binance_15m_long_analyst/metadata.json INFO
[2025-12-29 23:58:52.755] 🐛 DEBUG: Metadata file exists, size: 24005 bytes INFO
[2025-12-29 23:58:52.755] 🐛 DEBUG: Successfully loaded metadata with 8 versions INFO
[2025-12-29 23:58:52.755] 🐛 DEBUG: list_versions() called INFO
[2025-12-29 23:58:52.755] 🐛 DEBUG: Metadata file exists: True INFO
[2025-12-29 23:58:52.755] 🐛 DEBUG: HDF5 file exists: True INFO
[2025-12-29 23:58:52.755] 🐛 DEBUG: Reloading metadata to get latest versions INFO
[2025-12-29 23:58:52.755] 🐛 DEBUG: _load_metadata() checking versioned_artifacts/ETHUSDT_binance_15m_long_analyst/metadata.json INFO
[2025-12-29 23:58:52.755] 🐛 DEBUG: Metadata file exists, size: 24005 bytes INFO
[2025-12-29 23:58:52.755] 🐛 DEBUG: Successfully loaded metadata with 8 versions INFO
[2025-12-29 23:58:52.755] 🐛 DEBUG: Found 8 versions in metadata: ['weighted_meta_model_training_matrix_ETHUSDT_binance_15m_long_20251214_184321_623', 'labeled_data_ETHUSDT_binance_15m_long_20251214_220950_753', 'labeled_data_ETHUSDT_binance_15m_long_20251214_224631_542', 'labeled_data_ETHUSDT_binance_15m_long_20251214_233640_586', 'labeled_data_ETHUSDT_binance_15m_long_20251214_235041_562', 'labeled_data_ETHUSDT_15m_20251219_235959_715', 'labeled_data_ETHUSDT_15m_20251220_000301_152', 'labeled_data_ETHUSDT_15m_20251220_000738_204'] INFO
[2025-12-29 23:58:52.756] 🐛 DEBUG: Found 8 versions in HDF5: ['labeled_data_ETHUSDT_15m_20251219_235959_715', 'labeled_data_ETHUSDT_15m_20251220_000301_152', 'labeled_data_ETHUSDT_15m_20251220_000738_204', 'labeled_data_ETHUSDT_binance_15m_long_20251214_220950_753', 'labeled_data_ETHUSDT_binance_15m_long_20251214_224631_542', 'labeled_data_ETHUSDT_binance_15m_long_20251214_233640_586', 'labeled_data_ETHUSDT_binance_15m_long_20251214_235041_562', 'weighted_meta_model_training_matrix_ETHUSDT_binance_15m_long_20251214_184321_623'] INFO
[2025-12-29 23:58:52.756] 🐛 DEBUG: _load_metadata() checking versioned_artifacts/ETHUSDT_binance_1h_long_regime_macro_trend/metadata.json INFO
[2025-12-29 23:58:52.756] 🐛 DEBUG: Metadata file exists, size: 17432 bytes INFO
[2025-12-29 23:58:52.756] 🐛 DEBUG: Successfully loaded metadata with 5 versions INFO
[2025-12-29 23:58:52.756] 🐛 DEBUG: list_versions() called INFO
[2025-12-29 23:58:52.756] 🐛 DEBUG: Metadata file exists: True INFO
[2025-12-29 23:58:52.756] 🐛 DEBUG: HDF5 file exists: True INFO
[2025-12-29 23:58:52.756] 🐛 DEBUG: Reloading metadata to get latest versions INFO
[2025-12-29 23:58:52.756] 🐛 DEBUG: _load_metadata() checking versioned_artifacts/ETHUSDT_binance_1h_long_regime_macro_trend/metadata.json INFO
[2025-12-29 23:58:52.756] 🐛 DEBUG: Metadata file exists, size: 17432 bytes INFO
[2025-12-29 23:58:52.756] 🐛 DEBUG: Successfully loaded metadata with 5 versions INFO
[2025-12-29 23:58:52.756] 🐛 DEBUG: Found 5 versions in metadata: ['hmm_macro_trend_regime_quality_1h_20251204_224507_427', 'hmm_macro_trend_regime_quality_1h_20251204_225044_960', 'hmm_macro_trend_regime_quality_1h_20251205_183537_791', 'hmm_macro_trend_regime_quality_1h_20251205_191709_242', 'hmm_macro_trend_regime_quality_1h_20251213_170722_488'] INFO
[2025-12-29 23:58:52.756] 🐛 DEBUG: Found 5 versions in HDF5: ['hmm_macro_trend_regime_quality_1h_20251204_224507_427', 'hmm_macro_trend_regime_quality_1h_20251204_225044_960', 'hmm_macro_trend_regime_quality_1h_20251205_183537_791', 'hmm_macro_trend_regime_quality_1h_20251205_191709_242', 'hmm_macro_trend_regime_quality_1h_20251213_170722_488'] INFO
[2025-12-29 23:58:52.757] 🐛 DEBUG: _load_metadata() checking versioned_artifacts/ETHUSDT_binance_1h_long_regime/metadata.json INFO
[2025-12-29 23:58:52.757] 🐛 DEBUG: Metadata file exists, size: 3249 bytes INFO
[2025-12-29 23:58:52.757] 🐛 DEBUG: Successfully loaded metadata with 5 versions INFO
[2025-12-29 23:58:52.757] 🐛 DEBUG: list_versions() called INFO
[2025-12-29 23:58:52.757] 🐛 DEBUG: Metadata file exists: True INFO
[2025-12-29 23:58:52.757] 🐛 DEBUG: HDF5 file exists: True INFO
[2025-12-29 23:58:52.757] 🐛 DEBUG: Reloading metadata to get latest versions INFO
[2025-12-29 23:58:52.757] 🐛 DEBUG: _load_metadata() checking versioned_artifacts/ETHUSDT_binance_1h_long_regime/metadata.json INFO
[2025-12-29 23:58:52.757] 🐛 DEBUG: Metadata file exists, size: 3249 bytes INFO
[2025-12-29 23:58:52.757] 🐛 DEBUG: Successfully loaded metadata with 5 versions INFO
[2025-12-29 23:58:52.757] 🐛 DEBUG: Found 5 versions in metadata: ['rolling_hmm_regime_confidence_features_20251122_003448_094', 'rolling_hmm_economic_features_20251122_003448_124', 'rolling_hmm_regime_labels_20251122_003448_165', 'rolling_hmm_regime_probabilities_20251122_003448_178', 'rolling_hmm_transition_matrix_20251122_003448_193'] INFO
[2025-12-29 23:58:52.757] 🐛 DEBUG: Found 5 versions in HDF5: ['rolling_hmm_economic_features_20251122_003448_124', 'rolling_hmm_regime_confidence_features_20251122_003448_094', 'rolling_hmm_regime_labels_20251122_003448_165', 'rolling_hmm_regime_probabilities_20251122_003448_178', 'rolling_hmm_transition_matrix_20251122_003448_193'] INFO
[2025-12-29 23:58:52.757] 🐛 DEBUG: _load_metadata() checking versioned_artifacts/ETHUSDT_binance_15m_long_blank/metadata.json INFO
[2025-12-29 23:58:52.757] 🐛 DEBUG: Metadata file exists, size: 139 bytes INFO
[2025-12-29 23:58:52.757] 🐛 DEBUG: Successfully loaded metadata with 0 versions INFO
[2025-12-29 23:58:52.757] 🐛 DEBUG: list_versions() called INFO
[2025-12-29 23:58:52.757] 🐛 DEBUG: Metadata file exists: True INFO
[2025-12-29 23:58:52.757] 🐛 DEBUG: HDF5 file exists: True INFO
[2025-12-29 23:58:52.757] 🐛 DEBUG: Reloading metadata to get latest versions INFO
[2025-12-29 23:58:52.757] 🐛 DEBUG: _load_metadata() checking versioned_artifacts/ETHUSDT_binance_15m_long_blank/metadata.json INFO
[2025-12-29 23:58:52.757] 🐛 DEBUG: Metadata file exists, size: 139 bytes INFO
[2025-12-29 23:58:52.758] 🐛 DEBUG: Successfully loaded metadata with 0 versions INFO
[2025-12-29 23:58:52.758] 🐛 DEBUG: Found 0 versions in metadata: [] INFO
[2025-12-29 23:58:52.758] 🐛 DEBUG: Found 0 versions in HDF5: [] INFO
[2025-12-29 23:58:52.758] 🐛 DEBUG: _load_metadata() checking versioned_artifacts/ETHUSDT_binance_15m_long_regime_alpha/metadata.json INFO
[2025-12-29 23:58:52.758] 🐛 DEBUG: Metadata file exists, size: 139 bytes INFO
[2025-12-29 23:58:52.758] 🐛 DEBUG: Successfully loaded metadata with 0 versions INFO
[2025-12-29 23:58:52.758] 🐛 DEBUG: list_versions() called INFO
[2025-12-29 23:58:52.758] 🐛 DEBUG: Metadata file exists: True INFO
[2025-12-29 23:58:52.758] 🐛 DEBUG: HDF5 file exists: True INFO
[2025-12-29 23:58:52.758] 🐛 DEBUG: Reloading metadata to get latest versions INFO
[2025-12-29 23:58:52.758] 🐛 DEBUG: _load_metadata() checking versioned_artifacts/ETHUSDT_binance_15m_long_regime_alpha/metadata.json INFO
[2025-12-29 23:58:52.758] 🐛 DEBUG: Metadata file exists, size: 139 bytes INFO
[2025-12-29 23:58:52.758] 🐛 DEBUG: Successfully loaded metadata with 0 versions INFO
[2025-12-29 23:58:52.758] 🐛 DEBUG: Found 0 versions in metadata: [] INFO
[2025-12-29 23:58:52.758] 🐛 DEBUG: Found 0 versions in HDF5: [] INFO
2025-12-29 23:58:52,760 - System.ArtifactManager - WARNING - ⚠️ Artifact not found: ohlcv_data
2025-12-29 23:58:52,760 - System.ArtifactManager - INFO - ℹ️ 📁 Context set: step=meta_labeling_hpo_sample_weighted, symbol=None, exchange=None, timeframe=None, datetime=2025-12-29 23:58:52.662758, information=None, direction=long, model=Analyst
[2025-12-29 23:58:52.760] ⚠️ Artifact 'ohlcv_data' not found in any storage | UNKNOWN/binance [15m] long/analyst
2025-12-29 23:58:52,760 - System.ArtifactManager - INFO - ℹ️ 📁 Context set: step=meta_labeling_hpo_sample_weighted, symbol=None, exchange=None, timeframe=None, datetime=2025-12-29 23:58:52.662758, information=None, direction=long, model=Analyst
[2025-12-29 23:58:52.760] 📥 BASESTEP historical load: symbol=ETHUSDT, exchange=binance, timeframe=15m, execution_mode=blank, start_date=None, end_date=None INFO
2025-12-29 23:58:52,760 - System.KlinesParquetManager - INFO - ℹ️ ✅ KlinesParquetManager initialized with base_dir: historical_data
[2025-12-29 23:58:52.762] INFO: 📁 Loading from processed directory: 51 files found
[2025-12-29 23:58:52.762] 📁 BASESTEP probe: 51 files for ETHUSDT 15m (sample: historical_data/binance/ethusdt/processed/ethusdt_15m/year=2021/month=10/3b08e855a9c24b019d7c633963954045-0.parquet ... historical_data/binance/ethusdt/processed/ethusdt_15m/year=2025/month=9/3b08e855a9c24b019d7c633963954045-0.parquet) INFO
[2025-12-29 23:58:52.762] 📊 load_market_data_or_fail post-historical: type=None, rows=NA INFO
2025-12-29 23:58:52,762 - System.KlinesParquetManager - INFO - ℹ️ ✅ KlinesParquetManager initialized with base_dir: historical_data
[2025-12-29 23:58:52.762] 🐛 DEBUG [load_klines]: last_n_days=360, start_time=None, end_time=None INFO
[2025-12-29 23:58:52.762] INFO: 📅 Loading last 360 days from latest available data
[2025-12-29 23:58:52.764] INFO: 📁 Loading from processed directory: 51 files found
[2025-12-29 23:58:52.764] 🐛 DEBUG [KlinesParquetManager]: Loading 51 parquet files INFO
2025-12-29 23:58:52,903 - System.ParquetUtils - INFO - ℹ️ ✅ Read parquet: 3b08e855a9c24b019d7c633963954045-0.parquet -> (104, 9)
[2025-12-29 23:58:52.903] 🐛 DEBUG [KlinesParquetManager]: File 1/51: historical_data/binance/ethusdt/processed/ethusdt_15m/year=2021/month=10/3b08e855a9c24b019d7c633963954045-0.parquet - 104 rows, span=(2021-10-30 22:00:00, 2021-10-31 23:45:00) INFO
2025-12-29 23:58:52,905 - System.ParquetUtils - INFO - ℹ️ ✅ Read parquet: 3b08e855a9c24b019d7c633963954045-0.parquet -> (2880, 9)
[2025-12-29 23:58:52.906] 🐛 DEBUG [KlinesParquetManager]: File 2/51: historical_data/binance/ethusdt/processed/ethusdt_15m/year=2021/month=11/3b08e855a9c24b019d7c633963954045-0.parquet - 2880 rows, span=(2021-11-01 00:00:00, 2021-11-30 23:45:00) INFO
2025-12-29 23:58:52,908 - System.ParquetUtils - INFO - ℹ️ ✅ Read parquet: 3b08e855a9c24b019d7c633963954045-0.parquet -> (2976, 9)
[2025-12-29 23:58:52.908] 🐛 DEBUG [KlinesParquetManager]: File 3/51: historical_data/binance/ethusdt/processed/ethusdt_15m/year=2021/month=12/3b08e855a9c24b019d7c633963954045-0.parquet - 2976 rows, span=(2021-12-01 00:00:00, 2021-12-31 23:45:00) INFO
2025-12-29 23:58:52,911 - System.ParquetUtils - INFO - ℹ️ ✅ Read parquet: 3b08e855a9c24b019d7c633963954045-0.parquet -> (2976, 9)
2025-12-29 23:58:52,913 - System.ParquetUtils - INFO - ℹ️ ✅ Read parquet: 3b08e855a9c24b019d7c633963954045-0.parquet -> (2976, 9)
2025-12-29 23:58:52,915 - System.ParquetUtils - INFO - ℹ️ ✅ Read parquet: 3b08e855a9c24b019d7c633963954045-0.parquet -> (2877, 9)
2025-12-29 23:58:52,917 - System.ParquetUtils - INFO - ℹ️ ✅ Read parquet: 3b08e855a9c24b019d7c633963954045-0.parquet -> (2047, 9)
2025-12-29 23:58:52,919 - System.ParquetUtils - INFO - ℹ️ ✅ Read parquet: 3b08e855a9c24b019d7c633963954045-0.parquet -> (2688, 9)
2025-12-29 23:58:52,921 - System.ParquetUtils - INFO - ℹ️ ✅ Read parquet: 3b08e855a9c24b019d7c633963954045-0.parquet -> (2976, 9)
2025-12-29 23:58:52,923 - System.ParquetUtils - INFO - ℹ️ ✅ Read parquet: 3b08e855a9c24b019d7c633963954045-0.parquet -> (2880, 9)
2025-12-29 23:58:52,926 - System.ParquetUtils - INFO - ℹ️ ✅ Read parquet: 3b08e855a9c24b019d7c633963954045-0.parquet -> (2976, 9)
2025-12-29 23:58:52,929 - System.ParquetUtils - INFO - ℹ️ ✅ Read parquet: 3b08e855a9c24b019d7c633963954045-0.parquet -> (2880, 9)
2025-12-29 23:58:52,931 - System.ParquetUtils - INFO - ℹ️ ✅ Read parquet: 3b08e855a9c24b019d7c633963954045-0.parquet -> (2976, 9)
2025-12-29 23:58:52,932 - System.ParquetUtils - INFO - ℹ️ ✅ Read parquet: 3b08e855a9c24b019d7c633963954045-0.parquet -> (2976, 9)
2025-12-29 23:58:52,934 - System.ParquetUtils - INFO - ℹ️ ✅ Read parquet: 3b08e855a9c24b019d7c633963954045-0.parquet -> (2880, 9)
2025-12-29 23:58:52,936 - System.ParquetUtils - INFO - ℹ️ ✅ Read parquet: 3b08e855a9c24b019d7c633963954045-0.parquet -> (2976, 9)
2025-12-29 23:58:52,938 - System.ParquetUtils - INFO - ℹ️ ✅ Read parquet: 3b08e855a9c24b019d7c633963954045-0.parquet -> (2976, 9)
2025-12-29 23:58:52,939 - System.ParquetUtils - INFO - ℹ️ ✅ Read parquet: 3b08e855a9c24b019d7c633963954045-0.parquet -> (2880, 9)
2025-12-29 23:58:52,941 - System.ParquetUtils - INFO - ℹ️ ✅ Read parquet: 3b08e855a9c24b019d7c633963954045-0.parquet -> (2976, 9)
2025-12-29 23:58:52,943 - System.ParquetUtils - INFO - ℹ️ ✅ Read parquet: 3b08e855a9c24b019d7c633963954045-0.parquet -> (2688, 9)
2025-12-29 23:58:52,945 - System.ParquetUtils - INFO - ℹ️ ✅ Read parquet: 3b08e855a9c24b019d7c633963954045-0.parquet -> (2363, 9)
2025-12-29 23:58:52,947 - System.ParquetUtils - INFO - ℹ️ ✅ Read parquet: 3b08e855a9c24b019d7c633963954045-0.parquet -> (2880, 9)
2025-12-29 23:58:52,948 - System.ParquetUtils - INFO - ℹ️ ✅ Read parquet: 3b08e855a9c24b019d7c633963954045-0.parquet -> (2976, 9)
2025-12-29 23:58:52,950 - System.ParquetUtils - INFO - ℹ️ ✅ Read parquet: 3b08e855a9c24b019d7c633963954045-0.parquet -> (2880, 9)
2025-12-29 23:58:52,952 - System.ParquetUtils - INFO - ℹ️ ✅ Read parquet: 3b08e855a9c24b019d7c633963954045-0.parquet -> (2976, 9)
2025-12-29 23:58:52,953 - System.ParquetUtils - INFO - ℹ️ ✅ Read parquet: 3b08e855a9c24b019d7c633963954045-0.parquet -> (2976, 9)
2025-12-29 23:58:52,955 - System.ParquetUtils - INFO - ℹ️ ✅ Read parquet: 3b08e855a9c24b019d7c633963954045-0.parquet -> (2880, 9)
2025-12-29 23:58:52,957 - System.ParquetUtils - INFO - ℹ️ ✅ Read parquet: 3b08e855a9c24b019d7c633963954045-0.parquet -> (2976, 9)
2025-12-29 23:58:52,960 - System.ParquetUtils - INFO - ℹ️ ✅ Read parquet: 3b08e855a9c24b019d7c633963954045-0.parquet -> (2976, 9)
2025-12-29 23:58:52,961 - System.ParquetUtils - INFO - ℹ️ ✅ Read parquet: 3b08e855a9c24b019d7c633963954045-0.parquet -> (2880, 9)
2025-12-29 23:58:52,963 - System.ParquetUtils - INFO - ℹ️ ✅ Read parquet: 3b08e855a9c24b019d7c633963954045-0.parquet -> (2976, 9)
2025-12-29 23:58:52,965 - System.ParquetUtils - INFO - ℹ️ ✅ Read parquet: 3b08e855a9c24b019d7c633963954045-0.parquet -> (2784, 9)
2025-12-29 23:58:52,966 - System.ParquetUtils - INFO - ℹ️ ✅ Read parquet: 3b08e855a9c24b019d7c633963954045-0.parquet -> (2976, 9)
2025-12-29 23:58:52,968 - System.ParquetUtils - INFO - ℹ️ ✅ Read parquet: 3b08e855a9c24b019d7c633963954045-0.parquet -> (2880, 9)
2025-12-29 23:58:52,970 - System.ParquetUtils - INFO - ℹ️ ✅ Read parquet: 3b08e855a9c24b019d7c633963954045-0.parquet -> (2976, 9)
2025-12-29 23:58:52,971 - System.ParquetUtils - INFO - ℹ️ ✅ Read parquet: 3b08e855a9c24b019d7c633963954045-0.parquet -> (2880, 9)
2025-12-29 23:58:52,973 - System.ParquetUtils - INFO - ℹ️ ✅ Read parquet: 3b08e855a9c24b019d7c633963954045-0.parquet -> (2976, 9)
2025-12-29 23:58:52,975 - System.ParquetUtils - INFO - ℹ️ ✅ Read parquet: 3b08e855a9c24b019d7c633963954045-0.parquet -> (2976, 9)
2025-12-29 23:58:52,977 - System.ParquetUtils - INFO - ℹ️ ✅ Read parquet: 3b08e855a9c24b019d7c633963954045-0.parquet -> (2880, 9)
2025-12-29 23:58:52,979 - System.ParquetUtils - INFO - ℹ️ ✅ Read parquet: 3b08e855a9c24b019d7c633963954045-0.parquet -> (2976, 9)
2025-12-29 23:58:52,980 - System.ParquetUtils - INFO - ℹ️ ✅ Read parquet: 3b08e855a9c24b019d7c633963954045-0.parquet -> (2976, 9)
2025-12-29 23:58:52,982 - System.ParquetUtils - INFO - ℹ️ ✅ Read parquet: 3b08e855a9c24b019d7c633963954045-0.parquet -> (2880, 9)
2025-12-29 23:58:52,983 - System.ParquetUtils - INFO - ℹ️ ✅ Read parquet: 3b08e855a9c24b019d7c633963954045-0.parquet -> (924, 9)
2025-12-29 23:58:52,985 - System.ParquetUtils - INFO - ℹ️ ✅ Read parquet: 3b08e855a9c24b019d7c633963954045-0.parquet -> (2688, 9)
2025-12-29 23:58:52,987 - System.ParquetUtils - INFO - ℹ️ ✅ Read parquet: 3b08e855a9c24b019d7c633963954045-0.parquet -> (2976, 9)
2025-12-29 23:58:52,988 - System.ParquetUtils - INFO - ℹ️ ✅ Read parquet: 3b08e855a9c24b019d7c633963954045-0.parquet -> (2880, 9)
2025-12-29 23:58:52,990 - System.ParquetUtils - INFO - ℹ️ ✅ Read parquet: 3b08e855a9c24b019d7c633963954045-0.parquet -> (2976, 9)
2025-12-29 23:58:52,992 - System.ParquetUtils - INFO - ℹ️ ✅ Read parquet: 3b08e855a9c24b019d7c633963954045-0.parquet -> (2880, 9)
2025-12-29 23:58:52,994 - System.ParquetUtils - INFO - ℹ️ ✅ Read parquet: 3b08e855a9c24b019d7c633963954045-0.parquet -> (2976, 9)
[2025-12-29 23:58:52.994] 🐛 DEBUG [KlinesParquetManager]: File 49/51: historical_data/binance/ethusdt/processed/ethusdt_15m/year=2025/month=7/3b08e855a9c24b019d7c633963954045-0.parquet - 2976 rows, span=(2025-07-01 00:00:00, 2025-07-31 23:45:00) INFO
2025-12-29 23:58:52,996 - System.ParquetUtils - INFO - ℹ️ ✅ Read parquet: 3b08e855a9c24b019d7c633963954045-0.parquet -> (2976, 9)
[2025-12-29 23:58:52.996] 🐛 DEBUG [KlinesParquetManager]: File 50/51: historical_data/binance/ethusdt/processed/ethusdt_15m/year=2025/month=8/3b08e855a9c24b019d7c633963954045-0.parquet - 2976 rows, span=(2025-08-01 00:00:00, 2025-08-31 23:45:00) INFO
2025-12-29 23:58:52,998 - System.ParquetUtils - INFO - ℹ️ ✅ Read parquet: 3b08e855a9c24b019d7c633963954045-0.parquet -> (2880, 9)
[2025-12-29 23:58:52.998] 🐛 DEBUG [KlinesParquetManager]: File 51/51: historical_data/binance/ethusdt/processed/ethusdt_15m/year=2025/month=9/3b08e855a9c24b019d7c633963954045-0.parquet - 2880 rows, span=(2025-09-01 00:00:00, 2025-09-30 23:45:00) INFO
[2025-12-29 23:58:52.998] 🐛 DEBUG [KlinesParquetManager]: Successfully loaded 51 dataframes, combining... INFO
[2025-12-29 23:58:53.001] 🐛 DEBUG [KlinesParquetManager]: Combined shape before filtering: (142619, 9) INFO
[2025-12-29 23:58:53.001] 🔧 TIMEZONE: Index timezone: None INFO
[2025-12-29 23:58:53.011] 🐛 DEBUG [KlinesParquetManager]: Before duplicate removal: 142619 rows INFO
[2025-12-29 23:58:53.012] 🐛 DEBUG [KlinesParquetManager]: Duplicated timestamps: 0 INFO
[2025-12-29 23:58:53.012] 🐛 DEBUG [KlinesParquetManager]: Unique timestamps: 142619 INFO
[2025-12-29 23:58:53.016] 🐛 DEBUG [KlinesParquetManager]: After duplicate removal: 142619 rows INFO
[2025-12-29 23:58:53.016] 🐛 DEBUG [KlinesParquetManager]: start_time=None, end_time=None INFO
[2025-12-29 23:58:53.016] 🐛 DEBUG [KlinesParquetManager]: Final combined_df shape: (142619, 9) INFO
[2025-12-29 23:58:53.016] 🐛 DEBUG [KlinesParquetManager]: Date range: 2021-10-30 22:00:00 to 2025-12-10 14:45:00 INFO
[2025-12-29 23:58:53.018] INFO: 📊 Combined dataset before time filter: shape=(142619, 9); index_type=DatetimeIndex
[2025-12-29 23:58:53.018] INFO: 📊 Latest available data (index): 2025-12-10 14:45:00
[2025-12-29 23:58:53.018] INFO: 📊 Filtering to last 360 days: 2024-12-15 14:45:00 to 2025-12-10 14:45:00
[2025-12-29 23:58:53.022] SUCCESS: ✅ Loaded 34561 klines records for ETHUSDT 15m (last 360 days)
2025-12-29 23:58:53,023 - src.utils.kline_parquet - INFO - ℹ️ load_klines executed in 260.29ms
[2025-12-29 23:58:53.022] 📊 Fallback load: type=DataFrame, rows=34561, days=360 INFO
[2025-12-29 23:58:53.068] INFO: >>> OOS Test Enabled - Creating temporal split...
[2025-12-29 23:58:53.073] INFO: OOS Split: train=2024-12-15 14:45:00 to 2025-11-10 14:30:00 (31680 bars)
[2025-12-29 23:58:53.073] INFO: OOS Split: test=2025-11-10 14:45:00 to 2025-12-10 14:45:00 (2881 bars)
[2025-12-29 23:58:53.073] SUCCESS: OOS split created: train=31680 bars, test=2881 bars
[2025-12-29 23:58:55.705] INFO: >>> Executing Layer 2: Geometry Optimization (OOF & Full)...
[2025-12-29 23:58:55.705] INFO: Starting Layer 2 Pipeline...
[2025-12-29 23:58:55.705] INFO: >>> Layer 2: Step 1 - Prepare Data and Events...
[2025-12-29 23:58:55.767] 📊 Dual CUSUM Generator: 14092 composite signals (Trend: 29199, Rev: 28400) INFO
2025-12-29 23:58:55,767 - src.training.steps.labeling.label_based_layer_2 - INFO - ℹ️ Generated 7421 events from 31680 bars using CUSUM filter.
2025-12-29 23:59:02,728 - src.training.steps.labeling.mtf_feature_generation - INFO - ℹ️ [MTF] create_meta_features produced 412 columns prior to Layer2 filtering.
[2025-12-29 23:59:03.343] INFO: >>> Layer 2: Step 2 - Optimize Production Geometries...
2025-12-29 23:59:10,318 - src.training.steps.labeling.mtf_feature_generation - INFO - ℹ️ [MTF] create_meta_features produced 412 columns prior to Layer2 filtering.
[2025-12-29 23:59:10.473] INFO: Optimizing geometries: 7421 total events (no family split)
2025-12-29 23:59:10,601 - src.training.steps.labeling.label_geometry_selection - INFO - ℹ️ Vectorizing 7421 events for horizons [12, 24, 48]...
2025-12-29 23:59:10,855 - src.training.steps.labeling.label_geometry_selection - INFO - ℹ️ Event dedup: 7421 → 1753 events (min_gap=6 bars)
2025-12-29 23:59:10,856 - src.training.steps.labeling.label_geometry_selection - INFO - ℹ️ Events after dedup: 7421 → 1753
2025-12-29 23:59:10,861 - src.training.steps.labeling.label_geometry_selection - INFO - ℹ️ Dropped 9 near-constant feature columns after dedup (411 remaining).
2025-12-29 23:59:10,870 - src.training.steps.labeling.label_geometry_selection - INFO - ℹ️ Generated 704 raw candidates
2025-12-29 23:59:10,870 - src.training.steps.labeling.label_geometry_selection - INFO - ℹ️ After hard constraints: 466 candidates
2025-12-29 23:59:10,871 - src.training.steps.labeling.label_geometry_selection - INFO - ℹ️ Distance-based deduplication: 466 -> 14 candidates
2025-12-29 23:59:10,871 - src.training.steps.labeling.label_geometry_selection - INFO - ℹ️ Training LGBM on 14 pre-filtered candidates...
[LightGBM] [Info] Using self-defined objective function
[LightGBM] [Warning] No further splits with positive gain, best gain: -inf
[LightGBM] [Warning] No further splits with positive gain, best gain: -inf
[LightGBM] [Warning] No further splits with positive gain, best gain: -inf
[LightGBM] [Warning] No further splits with positive gain, best gain: -inf
[LightGBM] [Warning] No further splits with positive gain, best gain: -inf
[LightGBM] [Warning] No further splits with positive gain, best gain: -inf
[LightGBM] [Warning] No further splits with positive gain, best gain: -inf
[LightGBM] [Warning] No further splits with positive gain, best gain: -inf
[LightGBM] [Warning] No further splits with positive gain, best gain: -inf
[LightGBM] [Warning] No further splits with positive gain, best gain: -inf
[LightGBM] [Warning] No further splits with positive gain, best gain: -inf
[LightGBM] [Warning] No further splits with positive gain, best gain: -inf
[LightGBM] [Info] Using self-defined objective function
[LightGBM] [Warning] No further splits with positive gain, best gain: -inf
[LightGBM] [Warning] No further splits with positive gain, best gain: -inf
[LightGBM] [Warning] No further splits with positive gain, best gain: -inf
[LightGBM] [Warning] No further splits with positive gain, best gain: -inf
[LightGBM] [Warning] No further splits with positive gain, best gain: -inf
[LightGBM] [Warning] No further splits with positive gain, best gain: -inf
[LightGBM] [Info] Using self-defined objective function
[LightGBM] [Warning] No further splits with positive gain, best gain: -inf
[LightGBM] [Warning] No further splits with positive gain, best gain: -inf
[LightGBM] [Warning] No further splits with positive gain, best gain: -inf
[LightGBM] [Warning] No further splits with positive gain, best gain: -inf
[LightGBM] [Warning] No further splits with positive gain, best gain: -inf
[LightGBM] [Warning] No further splits with positive gain, best gain: -inf
[LightGBM] [Warning] No further splits with positive gain, best gain: -inf
[LightGBM] [Warning] No further splits with positive gain, best gain: -inf
[LightGBM] [Warning] No further splits with positive gain, best gain: -inf
[LightGBM] [Info] Using self-defined objective function
[LightGBM] [Warning] No further splits with positive gain, best gain: -inf
[LightGBM] [Warning] No further splits with positive gain, best gain: -inf
[LightGBM] [Warning] No further splits with positive gain, best gain: -inf
[LightGBM] [Warning] No further splits with positive gain, best gain: -inf
[LightGBM] [Warning] No further splits with positive gain, best gain: -inf
[LightGBM] [Warning] No further splits with positive gain, best gain: -inf
[LightGBM] [Warning] No further splits with positive gain, best gain: -inf
[LightGBM] [Warning] No further splits with positive gain, best gain: -inf
[LightGBM] [Warning] No further splits with positive gain, best gain: -inf
[LightGBM] [Warning] No further splits with positive gain, best gain: -inf
[LightGBM] [Warning] No further splits with positive gain, best gain: -inf
[LightGBM] [Warning] No further splits with positive gain, best gain: -inf
[LightGBM] [Warning] No further splits with positive gain, best gain: -inf
[LightGBM] [Warning] No further splits with positive gain, best gain: -inf
[LightGBM] [Warning] No further splits with positive gain, best gain: -inf
[LightGBM] [Info] Using self-defined objective function
[LightGBM] [Warning] No further splits with positive gain, best gain: -inf
[LightGBM] [Warning] No further splits with positive gain, best gain: -inf
[LightGBM] [Warning] No further splits with positive gain, best gain: -inf
[LightGBM] [Warning] No further splits with positive gain, best gain: -inf
[LightGBM] [Warning] No further splits with positive gain, best gain: -inf
[LightGBM] [Warning] No further splits with positive gain, best gain: -inf
[LightGBM] [Warning] No further splits with positive gain, best gain: -inf
[LightGBM] [Warning] No further splits with positive gain, best gain: -inf
[LightGBM] [Warning] No further splits with positive gain, best gain: -inf
[LightGBM] [Warning] No further splits with positive gain, best gain: -inf
[LightGBM] [Warning] No further splits with positive gain, best gain: -inf
[LightGBM] [Warning] No further splits with positive gain, best gain: -inf
[LightGBM] [Info] Using self-defined objective function
[LightGBM] [Warning] No further splits with positive gain, best gain: -inf
[LightGBM] [Warning] No further splits with positive gain, best gain: -inf
[LightGBM] [Warning] No further splits with positive gain, best gain: -inf
[LightGBM] [Warning] No further splits with positive gain, best gain: -inf
[LightGBM] [Warning] No further splits with positive gain, best gain: -inf
[LightGBM] [Warning] No further splits with positive gain, best gain: -inf
[LightGBM] [Warning] No further splits with positive gain, best gain: -inf
[LightGBM] [Warning] No further splits with positive gain, best gain: -inf
[LightGBM] [Warning] No further splits with positive gain, best gain: -inf
[LightGBM] [Warning] No further splits with positive gain, best gain: -inf
[LightGBM] [Warning] No further splits with positive gain, best gain: -inf
[LightGBM] [Warning] No further splits with positive gain, best gain: -inf
[LightGBM] [Warning] No further splits with positive gain, best gain: -inf
[LightGBM] [Warning] No further splits with positive gain, best gain: -inf
[LightGBM] [Warning] No further splits with positive gain, best gain: -inf
[LightGBM] [Warning] No further splits with positive gain, best gain: -inf
[LightGBM] [Info] Using self-defined objective function
[LightGBM] [Warning] No further splits with positive gain, best gain: -inf
[LightGBM] [Warning] No further splits with positive gain, best gain: -inf
[LightGBM] [Warning] No further splits with positive gain, best gain: -inf
[LightGBM] [Warning] No further splits with positive gain, best gain: -inf
[LightGBM] [Warning] No further splits with positive gain, best gain: -inf
[LightGBM] [Warning] No further splits with positive gain, best gain: -inf
[LightGBM] [Warning] No further splits with positive gain, best gain: -inf
[LightGBM] [Warning] No further splits with positive gain, best gain: -inf
[LightGBM] [Warning] No further splits with positive gain, best gain: -inf
[LightGBM] [Warning] No further splits with positive gain, best gain: -inf
[LightGBM] [Warning] No further splits with positive gain, best gain: -inf
[LightGBM] [Warning] No further splits with positive gain, best gain: -inf
[LightGBM] [Warning] No further splits with positive gain, best gain: -inf
[LightGBM] [Warning] No further splits with positive gain, best gain: -inf
[LightGBM] [Info] Using self-defined objective function
[LightGBM] [Warning] No further splits with positive gain, best gain: -inf
[LightGBM] [Warning] No further splits with positive gain, best gain: -inf
[LightGBM] [Warning] No further splits with positive gain, best gain: -inf
[LightGBM] [Warning] No further splits with positive gain, best gain: -inf
[LightGBM] [Warning] No further splits with positive gain, best gain: -inf
[LightGBM] [Warning] No further splits with positive gain, best gain: -inf
[LightGBM] [Warning] No further splits with positive gain, best gain: -inf
[LightGBM] [Warning] No further splits with positive gain, best gain: -inf
[LightGBM] [Info] Using self-defined objective function
[LightGBM] [Warning] No further splits with positive gain, best gain: -inf
[LightGBM] [Warning] No further splits with positive gain, best gain: -inf
[LightGBM] [Warning] No further splits with positive gain, best gain: -inf
[LightGBM] [Warning] No further splits with positive gain, best gain: -inf
[LightGBM] [Warning] No further splits with positive gain, best gain: -inf
[LightGBM] [Warning] No further splits with positive gain, best gain: -inf
[LightGBM] [Warning] No further splits with positive gain, best gain: -inf
[LightGBM] [Warning] No further splits with positive gain, best gain: -inf
[LightGBM] [Warning] No further splits with positive gain, best gain: -inf
[LightGBM] [Warning] No further splits with positive gain, best gain: -inf
[LightGBM] [Info] Using self-defined objective function
[LightGBM] [Warning] No further splits with positive gain, best gain: -inf
[LightGBM] [Warning] No further splits with positive gain, best gain: -inf
[LightGBM] [Warning] No further splits with positive gain, best gain: -inf
[LightGBM] [Warning] No further splits with positive gain, best gain: -inf
[LightGBM] [Warning] No further splits with positive gain, best gain: -inf
[LightGBM] [Warning] No further splits with positive gain, best gain: -inf
[LightGBM] [Info] Using self-defined objective function
[LightGBM] [Warning] No further splits with positive gain, best gain: -inf
[LightGBM] [Warning] No further splits with positive gain, best gain: -inf
[LightGBM] [Warning] No further splits with positive gain, best gain: -inf
[LightGBM] [Warning] No further splits with positive gain, best gain: -inf
[LightGBM] [Warning] No further splits with positive gain, best gain: -inf
[LightGBM] [Warning] No further splits with positive gain, best gain: -inf
[LightGBM] [Warning] No further splits with positive gain, best gain: -inf
[LightGBM] [Warning] No further splits with positive gain, best gain: -inf
[LightGBM] [Warning] No further splits with positive gain, best gain: -inf
[LightGBM] [Warning] No further splits with positive gain, best gain: -inf
[LightGBM] [Info] Using self-defined objective function
[LightGBM] [Warning] No further splits with positive gain, best gain: -inf
[LightGBM] [Warning] No further splits with positive gain, best gain: -inf
[LightGBM] [Warning] No further splits with positive gain, best gain: -inf
[LightGBM] [Warning] No further splits with positive gain, best gain: -inf
[LightGBM] [Warning] No further splits with positive gain, best gain: -inf
[LightGBM] [Warning] No further splits with positive gain, best gain: -inf
[LightGBM] [Warning] No further splits with positive gain, best gain: -inf
[LightGBM] [Warning] No further splits with positive gain, best gain: -inf
[LightGBM] [Warning] No further splits with positive gain, best gain: -inf
[LightGBM] [Warning] No further splits with positive gain, best gain: -inf
[LightGBM] [Warning] No further splits with positive gain, best gain: -inf
[LightGBM] [Warning] No further splits with positive gain, best gain: -inf
[LightGBM] [Warning] No further splits with positive gain, best gain: -inf
[LightGBM] [Warning] No further splits with positive gain, best gain: -inf
[LightGBM] [Info] Using self-defined objective function
[LightGBM] [Warning] No further splits with positive gain, best gain: -inf
[LightGBM] [Warning] No further splits with positive gain, best gain: -inf
[LightGBM] [Warning] No further splits with positive gain, best gain: -inf
[LightGBM] [Warning] No further splits with positive gain, best gain: -inf
[LightGBM] [Warning] No further splits with positive gain, best gain: -inf
[LightGBM] [Warning] No further splits with positive gain, best gain: -inf
[LightGBM] [Warning] No further splits with positive gain, best gain: -inf
[LightGBM] [Warning] No further splits with positive gain, best gain: -inf
[LightGBM] [Warning] No further splits with positive gain, best gain: -inf
[LightGBM] [Info] Using self-defined objective function
[LightGBM] [Warning] No further splits with positive gain, best gain: -inf
[LightGBM] [Warning] No further splits with positive gain, best gain: -inf
[LightGBM] [Warning] No further splits with positive gain, best gain: -inf
[LightGBM] [Warning] No further splits with positive gain, best gain: -inf
[LightGBM] [Warning] No further splits with positive gain, best gain: -inf
[LightGBM] [Warning] No further splits with positive gain, best gain: -inf
[LightGBM] [Warning] No further splits with positive gain, best gain: -inf
[LightGBM] [Warning] No further splits with positive gain, best gain: -inf
[LightGBM] [Warning] No further splits with positive gain, best gain: -inf
[LightGBM] [Warning] No further splits with positive gain, best gain: -inf
[LightGBM] [Warning] No further splits with positive gain, best gain: -inf
[LightGBM] [Warning] No further splits with positive gain, best gain: -inf
[LightGBM] [Warning] No further splits with positive gain, best gain: -inf
[LightGBM] [Warning] No further splits with positive gain, best gain: -inf
[LightGBM] [Warning] No further splits with positive gain, best gain: -inf
[LightGBM] [Warning] No further splits with positive gain, best gain: -inf
[LightGBM] [Warning] No further splits with positive gain, best gain: -inf
[LightGBM] [Warning] No further splits with positive gain, best gain: -inf
2025-12-29 23:59:16,497 - src.training.steps.labeling.label_geometry_selection - INFO - ℹ️ Pruning 14 accepted geometries based on prediction correlation...
2025-12-29 23:59:16,497 - src.training.steps.labeling.label_geometry_selection - INFO - ℹ️   Candidate 1: Sniper (Selective, High Reward) (H=12) | Score=0.749, AUC_early=0.499, AUC_late=0.526, Stability=0.027, FeatImp=4641.7
2025-12-29 23:59:16,497 - src.training.steps.labeling.label_geometry_selection - INFO - ℹ️   Candidate 2: Pain Averse (High Penalty for Drawdown) (H=24) | Score=0.659, AUC_early=0.582, AUC_late=0.510, Stability=0.072, FeatImp=200.5
2025-12-29 23:59:16,497 - src.training.steps.labeling.label_geometry_selection - INFO - ℹ️   Candidate 3: Balanced (H=12) | Score=0.639, AUC_early=0.500, AUC_late=0.498, Stability=0.001, FeatImp=3278.3
2025-12-29 23:59:16,497 - src.training.steps.labeling.label_geometry_selection - INFO - ℹ️   Candidate 4: Momentum Surfer (Tolerates Volatility) (H=24) | Score=0.625, AUC_early=0.474, AUC_late=0.499, Stability=0.025, FeatImp=4530.4
2025-12-29 23:59:16,497 - src.training.steps.labeling.label_geometry_selection - INFO - ℹ️   Candidate 5: Balanced (H=24) | Score=0.625, AUC_early=0.474, AUC_late=0.495, Stability=0.022, FeatImp=3358.1
2025-12-29 23:59:16,497 - src.training.steps.labeling.label_geometry_selection - INFO - ℹ️   Candidate 6: Sniper (Selective, High Reward) (H=24) | Score=0.624, AUC_early=0.474, AUC_late=0.489, Stability=0.015, FeatImp=3358.1
2025-12-29 23:59:16,497 - src.training.steps.labeling.label_geometry_selection - INFO - ℹ️   Candidate 7: Pain Averse (High Penalty for Drawdown) (H=24) | Score=0.609, AUC_early=0.433, AUC_late=0.537, Stability=0.105, FeatImp=3274.8
2025-12-29 23:59:16,498 - src.training.steps.labeling.label_geometry_selection - INFO - ℹ️   Candidate 8: Pain Averse (High Penalty for Drawdown) (H=12) | Score=0.524, AUC_early=0.497, AUC_late=0.528, Stability=0.030, FeatImp=128.8
2025-12-29 23:59:16,498 - src.training.steps.labeling.label_geometry_selection - INFO - ℹ️   Candidate 9: Balanced (H=24) | Score=0.518, AUC_early=0.513, AUC_late=0.499, Stability=0.014, FeatImp=208.9
2025-12-29 23:59:16,498 - src.training.steps.labeling.label_geometry_selection - INFO - ℹ️   Candidate 10: Pain Averse (High Penalty for Drawdown) (H=24) | Score=0.484, AUC_early=0.474, AUC_late=0.554, Stability=0.080, FeatImp=177.4
2025-12-29 23:59:16,498 - src.training.steps.labeling.label_geometry_selection - INFO - ℹ️ Final Selection: 8 geometries (Best Learnability Score: 0.749)
[2025-12-29 23:59:16.500] INFO: Geometry selection complete: 8 geometries selected
[2025-12-29 23:59:16.504] INFO: Layer2 Full Optimization: extracted_trials_per_family={'Unified': 8}
2025-12-29 23:59:23,785 - src.training.steps.labeling.mtf_feature_generation - INFO - ℹ️ [MTF] create_meta_features produced 412 columns prior to Layer2 filtering.
2025-12-29 23:59:37,589 - src.training.steps.labeling.label_based_layer_2 - INFO - ℹ️ Selected candidate (Score=12.182)
2025-12-29 23:59:39,947 - src.training.steps.labeling.label_based_layer_2 - INFO - ℹ️ Selected candidate (Score=8.409)
2025-12-29 23:59:42,363 - src.training.steps.labeling.label_based_layer_2 - INFO - ℹ️ Selected candidate (Score=8.624)
2025-12-29 23:59:42,988 - src.training.steps.labeling.label_based_layer_2 - INFO - ℹ️ Dropped candidate (Score=6.845): Correlation 0.962 >= 0.95
2025-12-29 23:59:43,579 - src.training.steps.labeling.label_based_layer_2 - INFO - ℹ️ Dropped candidate (Score=8.476): Correlation 0.951 >= 0.95
2025-12-29 23:59:45,960 - src.training.steps.labeling.label_based_layer_2 - INFO - ℹ️ Selected candidate (Score=4.730)
2025-12-29 23:59:46,574 - src.training.steps.labeling.label_based_layer_2 - INFO - ℹ️ Dropped candidate (Score=4.730): Correlation 0.996 >= 0.95
[2025-12-29 23:59:46.577] INFO: >>> Layer 2: Tier 2 Screening - Running Model Race on 5 proposals...
[2025-12-29 23:59:46.577] INFO:     Race probing geometry Geo_Sel7 (1/5)...
2025-12-29 23:59:54,368 - src.training.steps.labeling.mtf_feature_generation - INFO - ℹ️ [MTF] create_meta_features produced 412 columns prior to Layer2 filtering.
[2025-12-29 23:59:54.493] INFO: Running quick model race for Geo_Sel7 (Unified)...
[2025-12-29 23:59:54.493] INFO:     Running Model Race with Custom Focal Loss (LGBM/XGB)...
[LightGBM] [Info] Using self-defined objective function
[LightGBM] [Warning] No further splits with positive gain, best gain: -inf
[LightGBM] [Warning] No further splits with positive gain, best gain: -inf
[LightGBM] [Warning] No further splits with positive gain, best gain: -inf
[LightGBM] [Warning] No further splits with positive gain, best gain: -inf
[LightGBM] [Warning] No further splits with positive gain, best gain: -inf
[LightGBM] [Warning] No further splits with positive gain, best gain: -inf
[LightGBM] [Warning] No further splits with positive gain, best gain: -inf
[LightGBM] [Warning] No further splits with positive gain, best gain: -inf
[LightGBM] [Warning] No further splits with positive gain, best gain: -inf
[LightGBM] [Warning] No further splits with positive gain, best gain: -inf
[LightGBM] [Warning] No further splits with positive gain, best gain: -inf
[LightGBM] [Warning] No further splits with positive gain, best gain: -inf
[LightGBM] [Warning] No further splits with positive gain, best gain: -inf
[LightGBM] [Warning] No further splits with positive gain, best gain: -inf
[LightGBM] [Warning] No further splits with positive gain, best gain: -inf
[LightGBM] [Warning] No further splits with positive gain, best gain: -inf
[LightGBM] [Warning] No further splits with positive gain, best gain: -inf
[LightGBM] [Warning] No further splits with positive gain, best gain: -inf
[LightGBM] [Warning] No further splits with positive gain, best gain: -inf
[LightGBM] [Warning] No further splits with positive gain, best gain: -inf
[LightGBM] [Warning] No further splits with positive gain, best gain: -inf
[LightGBM] [Warning] No further splits with positive gain, best gain: -inf
[LightGBM] [Warning] No further splits with positive gain, best gain: -inf
[LightGBM] [Warning] No further splits with positive gain, best gain: -inf
[LightGBM] [Warning] No further splits with positive gain, best gain: -inf
[LightGBM] [Warning] No further splits with positive gain, best gain: -inf
[LightGBM] [Warning] No further splits with positive gain, best gain: -inf
[LightGBM] [Warning] No further splits with positive gain, best gain: -inf
[LightGBM] [Warning] No further splits with positive gain, best gain: -inf
[LightGBM] [Warning] No further splits with positive gain, best gain: -inf
[LightGBM] [Warning] No further splits with positive gain, best gain: -inf
[LightGBM] [Warning] No further splits with positive gain, best gain: -inf
[LightGBM] [Warning] No further splits with positive gain, best gain: -inf
[LightGBM] [Warning] No further splits with positive gain, best gain: -inf
[LightGBM] [Warning] No further splits with positive gain, best gain: -inf
[LightGBM] [Warning] No further splits with positive gain, best gain: -inf
[LightGBM] [Warning] No further splits with positive gain, best gain: -inf
[LightGBM] [Warning] No further splits with positive gain, best gain: -inf
[LightGBM] [Warning] No further splits with positive gain, best gain: -inf
[LightGBM] [Warning] No further splits with positive gain, best gain: -inf
[LightGBM] [Warning] No further splits with positive gain, best gain: -inf
[LightGBM] [Warning] No further splits with positive gain, best gain: -inf
[LightGBM] [Warning] No further splits with positive gain, best gain: -inf
[LightGBM] [Warning] No further splits with positive gain, best gain: -inf
[LightGBM] [Warning] No further splits with positive gain, best gain: -inf
[LightGBM] [Warning] No further splits with positive gain, best gain: -inf
[LightGBM] [Warning] No further splits with positive gain, best gain: -inf
[LightGBM] [Warning] No further splits with positive gain, best gain: -inf
[LightGBM] [Warning] No further splits with positive gain, best gain: -inf
[LightGBM] [Warning] No further splits with positive gain, best gain: -inf
[LightGBM] [Warning] No further splits with positive gain, best gain: -inf
[LightGBM] [Warning] No further splits with positive gain, best gain: -inf
[LightGBM] [Warning] No further splits with positive gain, best gain: -inf
[LightGBM] [Warning] No further splits with positive gain, best gain: -inf
[LightGBM] [Warning] No further splits with positive gain, best gain: -inf
[LightGBM] [Warning] No further splits with positive gain, best gain: -inf
[LightGBM] [Warning] No further splits with positive gain, best gain: -inf
[LightGBM] [Warning] No further splits with positive gain, best gain: -inf
[LightGBM] [Info] Using self-defined objective function
[LightGBM] [Warning] No further splits with positive gain, best gain: -inf
[LightGBM] [Warning] No further splits with positive gain, best gain: -inf
[LightGBM] [Warning] No further splits with positive gain, best gain: -inf
[LightGBM] [Warning] No further splits with positive gain, best gain: -inf
[LightGBM] [Warning] No further splits with positive gain, best gain: -inf
[LightGBM] [Warning] No further splits with positive gain, best gain: -inf
[LightGBM] [Warning] No further splits with positive gain, best gain: -inf
[LightGBM] [Warning] No further splits with positive gain, best gain: -inf
[LightGBM] [Warning] No further splits with positive gain, best gain: -inf
[LightGBM] [Warning] No further splits with positive gain, best gain: -inf
[LightGBM] [Warning] No further splits with positive gain, best gain: -inf
[LightGBM] [Warning] No further splits with positive gain, best gain: -inf
[LightGBM] [Warning] No further splits with positive gain, best gain: -inf
[LightGBM] [Warning] No further splits with positive gain, best gain: -inf
[LightGBM] [Warning] No further splits with positive gain, best gain: -inf
[LightGBM] [Warning] No further splits with positive gain, best gain: -inf
[LightGBM] [Warning] No further splits with positive gain, best gain: -inf
[LightGBM] [Warning] No further splits with positive gain, best gain: -inf
[LightGBM] [Warning] No further splits with positive gain, best gain: -inf
[LightGBM] [Warning] No further splits with positive gain, best gain: -inf
[LightGBM] [Warning] No further splits with positive gain, best gain: -inf
[LightGBM] [Warning] No further splits with positive gain, best gain: -inf
[LightGBM] [Warning] No further splits with positive gain, best gain: -inf
[LightGBM] [Warning] No further splits with positive gain, best gain: -inf
[LightGBM] [Warning] No further splits with positive gain, best gain: -inf
[LightGBM] [Warning] No further splits with positive gain, best gain: -inf
[LightGBM] [Warning] No further splits with positive gain, best gain: -inf
[LightGBM] [Warning] No further splits with positive gain, best gain: -inf
[LightGBM] [Warning] No further splits with positive gain, best gain: -inf
[LightGBM] [Warning] No further splits with positive gain, best gain: -inf
[LightGBM] [Warning] No further splits with positive gain, best gain: -inf
[LightGBM] [Warning] No further splits with positive gain, best gain: -inf
2025-12-29 23:59:55,372 - src.training.steps.labeling.label_based_layer_2 - INFO - ℹ️    Model race scores: LGBM=0.5110, LGBM_Linear=0.5083, XGB=0.5079, XGB_Linear=0.4470, CatBoost=0.4840
2025-12-29 23:59:55,372 - src.training.steps.labeling.label_based_layer_2 - INFO - ℹ️    Winner: LGBM
[2025-12-29 23:59:55.373] INFO: Model Race for Geo_Sel7 (Unified): Winner=LGBM
[2025-12-29 23:59:55.373] INFO:   - lgbm: 0.5110
[2025-12-29 23:59:55.373] INFO:   - lgbm_linear: 0.5083
[2025-12-29 23:59:55.373] INFO:   - xgb: 0.5079
[2025-12-29 23:59:55.373] INFO:   - xgb_linear: 0.4470
[2025-12-29 23:59:55.373] INFO:   - catboost: 0.4840
[2025-12-29 23:59:55.373] WARNING: Geometry Unified pruned: Score 0.5110 < 0.52. Skipping HPO/RFE.
[2025-12-29 23:59:55.373] INFO:     Race probing geometry Geo_Sel3 (2/5)...
2025-12-30 00:00:02,964 - src.training.steps.labeling.mtf_feature_generation - INFO - ℹ️ [MTF] create_meta_features produced 412 columns prior to Layer2 filtering.
[2025-12-30 00:00:03.326] INFO: Running quick model race for Geo_Sel3 (Unified)...
[2025-12-30 00:00:03.326] INFO:     Running Model Race with Custom Focal Loss (LGBM/XGB)...
[LightGBM] [Info] Using self-defined objective function
[LightGBM] [Warning] No further splits with positive gain, best gain: -inf
[LightGBM] [Warning] No further splits with positive gain, best gain: -inf
[LightGBM] [Warning] No further splits with positive gain, best gain: -inf
[LightGBM] [Warning] No further splits with positive gain, best gain: -inf
[LightGBM] [Warning] No further splits with positive gain, best gain: -inf
[LightGBM] [Warning] No further splits with positive gain, best gain: -inf
[LightGBM] [Warning] No further splits with positive gain, best gain: -inf
[LightGBM] [Warning] No further splits with positive gain, best gain: -inf
[LightGBM] [Warning] No further splits with positive gain, best gain: -inf
[LightGBM] [Warning] No further splits with positive gain, best gain: -inf
[LightGBM] [Warning] No further splits with positive gain, best gain: -inf
[LightGBM] [Warning] No further splits with positive gain, best gain: -inf
[LightGBM] [Warning] No further splits with positive gain, best gain: -inf
[LightGBM] [Warning] No further splits with positive gain, best gain: -inf
[LightGBM] [Warning] No further splits with positive gain, best gain: -inf
[LightGBM] [Warning] No further splits with positive gain, best gain: -inf
[LightGBM] [Warning] No further splits with positive gain, best gain: -inf
[LightGBM] [Warning] No further splits with positive gain, best gain: -inf
[LightGBM] [Warning] No further splits with positive gain, best gain: -inf
[LightGBM] [Warning] No further splits with positive gain, best gain: -inf
[LightGBM] [Warning] No further splits with positive gain, best gain: -inf
[LightGBM] [Warning] No further splits with positive gain, best gain: -inf
[LightGBM] [Warning] No further splits with positive gain, best gain: -inf
[LightGBM] [Warning] No further splits with positive gain, best gain: -inf
[LightGBM] [Warning] No further splits with positive gain, best gain: -inf
[LightGBM] [Warning] No further splits with positive gain, best gain: -inf
[LightGBM] [Warning] No further splits with positive gain, best gain: -inf
[LightGBM] [Warning] No further splits with positive gain, best gain: -inf
[LightGBM] [Warning] No further splits with positive gain, best gain: -inf
[LightGBM] [Warning] No further splits with positive gain, best gain: -inf
[LightGBM] [Warning] No further splits with positive gain, best gain: -inf
[LightGBM] [Warning] No further splits with positive gain, best gain: -inf
[LightGBM] [Warning] No further splits with positive gain, best gain: -inf
[LightGBM] [Warning] No further splits with positive gain, best gain: -inf
[LightGBM] [Warning] No further splits with positive gain, best gain: -inf
[LightGBM] [Warning] No further splits with positive gain, best gain: -inf
[LightGBM] [Warning] No further splits with positive gain, best gain: -inf
[LightGBM] [Warning] No further splits with positive gain, best gain: -inf
[LightGBM] [Warning] No further splits with positive gain, best gain: -inf
[LightGBM] [Warning] No further splits with positive gain, best gain: -inf
[LightGBM] [Warning] No further splits with positive gain, best gain: -inf
[LightGBM] [Warning] No further splits with positive gain, best gain: -inf
[LightGBM] [Warning] No further splits with positive gain, best gain: -inf
[LightGBM] [Warning] No further splits with positive gain, best gain: -inf
[LightGBM] [Warning] No further splits with positive gain, best gain: -inf
[LightGBM] [Info] Using self-defined objective function
[LightGBM] [Warning] No further splits with positive gain, best gain: -inf
[LightGBM] [Warning] No further splits with positive gain, best gain: -inf
[LightGBM] [Warning] No further splits with positive gain, best gain: -inf
[LightGBM] [Warning] No further splits with positive gain, best gain: -inf
[LightGBM] [Warning] No further splits with positive gain, best gain: -inf
[LightGBM] [Warning] No further splits with positive gain, best gain: -inf
[LightGBM] [Warning] No further splits with positive gain, best gain: -inf
[LightGBM] [Warning] No further splits with positive gain, best gain: -inf
[LightGBM] [Warning] No further splits with positive gain, best gain: -inf
[LightGBM] [Warning] No further splits with positive gain, best gain: -inf
[LightGBM] [Warning] No further splits with positive gain, best gain: -inf
[LightGBM] [Warning] No further splits with positive gain, best gain: -inf
[LightGBM] [Warning] No further splits with positive gain, best gain: -inf
[LightGBM] [Warning] No further splits with positive gain, best gain: -inf
[LightGBM] [Warning] No further splits with positive gain, best gain: -inf
[LightGBM] [Warning] No further splits with positive gain, best gain: -inf
[LightGBM] [Warning] No further splits with positive gain, best gain: -inf
[LightGBM] [Warning] No further splits with positive gain, best gain: -inf
[LightGBM] [Warning] No further splits with positive gain, best gain: -inf
[LightGBM] [Warning] No further splits with positive gain, best gain: -inf
[LightGBM] [Warning] No further splits with positive gain, best gain: -inf
[LightGBM] [Warning] No further splits with positive gain, best gain: -inf
[LightGBM] [Warning] No further splits with positive gain, best gain: -inf
[LightGBM] [Warning] No further splits with positive gain, best gain: -inf
[LightGBM] [Warning] No further splits with positive gain, best gain: -inf
[LightGBM] [Warning] No further splits with positive gain, best gain: -inf
[LightGBM] [Warning] No further splits with positive gain, best gain: -inf
[LightGBM] [Warning] No further splits with positive gain, best gain: -inf
[LightGBM] [Warning] No further splits with positive gain, best gain: -inf
2025-12-30 00:00:04,354 - src.training.steps.labeling.label_based_layer_2 - INFO - ℹ️    Model race scores: LGBM=0.4352, LGBM_Linear=0.5527, XGB=0.4755, XGB_Linear=0.5146, CatBoost=0.4887
2025-12-30 00:00:04,354 - src.training.steps.labeling.label_based_layer_2 - INFO - ℹ️    Winner: LGBM_LINEAR
[2025-12-30 00:00:04.354] INFO: Model Race for Geo_Sel3 (Unified): Winner=LGBM_LINEAR
[2025-12-30 00:00:04.354] INFO:   - lgbm: 0.4352
[2025-12-30 00:00:04.354] INFO:   - lgbm_linear: 0.5527
[2025-12-30 00:00:04.354] INFO:   - xgb: 0.4755
[2025-12-30 00:00:04.354] INFO:   - xgb_linear: 0.5146
[2025-12-30 00:00:04.354] INFO:   - catboost: 0.4887
[2025-12-30 00:00:04.354] INFO:     Race probing geometry Geo_Sel4 (3/5)...
2025-12-30 00:00:11,814 - src.training.steps.labeling.mtf_feature_generation - INFO - ℹ️ [MTF] create_meta_features produced 412 columns prior to Layer2 filtering.
[2025-12-30 00:00:11.924] INFO: Running quick model race for Geo_Sel4 (Unified)...
[2025-12-30 00:00:11.924] INFO:     Running Model Race with Custom Focal Loss (LGBM/XGB)...
[LightGBM] [Info] Using self-defined objective function
[LightGBM] [Warning] No further splits with positive gain, best gain: -inf
[LightGBM] [Warning] No further splits with positive gain, best gain: -inf
[LightGBM] [Warning] No further splits with positive gain, best gain: -inf
[LightGBM] [Warning] No further splits with positive gain, best gain: -inf
[LightGBM] [Warning] No further splits with positive gain, best gain: -inf
[LightGBM] [Warning] No further splits with positive gain, best gain: -inf
[LightGBM] [Warning] No further splits with positive gain, best gain: -inf
[LightGBM] [Warning] No further splits with positive gain, best gain: -inf
[LightGBM] [Warning] No further splits with positive gain, best gain: -inf
[LightGBM] [Warning] No further splits with positive gain, best gain: -inf
[LightGBM] [Warning] No further splits with positive gain, best gain: -inf
[LightGBM] [Warning] No further splits with positive gain, best gain: -inf
[LightGBM] [Warning] No further splits with positive gain, best gain: -inf
[LightGBM] [Warning] No further splits with positive gain, best gain: -inf
[LightGBM] [Warning] No further splits with positive gain, best gain: -inf
[LightGBM] [Warning] No further splits with positive gain, best gain: -inf
[LightGBM] [Warning] No further splits with positive gain, best gain: -inf
[LightGBM] [Warning] No further splits with positive gain, best gain: -inf
[LightGBM] [Warning] No further splits with positive gain, best gain: -inf
[LightGBM] [Warning] No further splits with positive gain, best gain: -inf
[LightGBM] [Warning] No further splits with positive gain, best gain: -inf
[LightGBM] [Warning] No further splits with positive gain, best gain: -inf
[LightGBM] [Warning] No further splits with positive gain, best gain: -inf
[LightGBM] [Warning] No further splits with positive gain, best gain: -inf
[LightGBM] [Warning] No further splits with positive gain, best gain: -inf
[LightGBM] [Warning] No further splits with positive gain, best gain: -inf
[LightGBM] [Warning] No further splits with positive gain, best gain: -inf
[LightGBM] [Warning] No further splits with positive gain, best gain: -inf
[LightGBM] [Warning] No further splits with positive gain, best gain: -inf
[LightGBM] [Warning] No further splits with positive gain, best gain: -inf
[LightGBM] [Warning] No further splits with positive gain, best gain: -inf
[LightGBM] [Warning] No further splits with positive gain, best gain: -inf
[LightGBM] [Warning] No further splits with positive gain, best gain: -inf
[LightGBM] [Info] Using self-defined objective function
[LightGBM] [Warning] No further splits with positive gain, best gain: -inf
[LightGBM] [Warning] No further splits with positive gain, best gain: -inf
[LightGBM] [Warning] No further splits with positive gain, best gain: -inf
[LightGBM] [Warning] No further splits with positive gain, best gain: -inf
[LightGBM] [Warning] No further splits with positive gain, best gain: -inf
[LightGBM] [Warning] No further splits with positive gain, best gain: -inf
[LightGBM] [Warning] No further splits with positive gain, best gain: -inf
[LightGBM] [Warning] No further splits with positive gain, best gain: -inf
[LightGBM] [Warning] No further splits with positive gain, best gain: -inf
[LightGBM] [Warning] No further splits with positive gain, best gain: -inf
[LightGBM] [Warning] No further splits with positive gain, best gain: -inf
[LightGBM] [Warning] No further splits with positive gain, best gain: -inf
[LightGBM] [Warning] No further splits with positive gain, best gain: -inf
[LightGBM] [Warning] No further splits with positive gain, best gain: -inf
[LightGBM] [Warning] No further splits with positive gain, best gain: -inf
[LightGBM] [Warning] No further splits with positive gain, best gain: -inf
[LightGBM] [Warning] No further splits with positive gain, best gain: -inf
[LightGBM] [Warning] No further splits with positive gain, best gain: -inf
[LightGBM] [Warning] No further splits with positive gain, best gain: -inf
[LightGBM] [Warning] No further splits with positive gain, best gain: -inf
[LightGBM] [Warning] No further splits with positive gain, best gain: -inf
[LightGBM] [Warning] No further splits with positive gain, best gain: -inf
[LightGBM] [Warning] No further splits with positive gain, best gain: -inf
[LightGBM] [Warning] No further splits with positive gain, best gain: -inf
[LightGBM] [Warning] No further splits with positive gain, best gain: -inf
[LightGBM] [Warning] No further splits with positive gain, best gain: -inf
[LightGBM] [Warning] No further splits with positive gain, best gain: -inf
[LightGBM] [Warning] No further splits with positive gain, best gain: -inf
[LightGBM] [Warning] No further splits with positive gain, best gain: -inf
[LightGBM] [Warning] No further splits with positive gain, best gain: -inf
[LightGBM] [Warning] No further splits with positive gain, best gain: -inf
[LightGBM] [Warning] No further splits with positive gain, best gain: -inf
[LightGBM] [Warning] No further splits with positive gain, best gain: -inf
[LightGBM] [Warning] No further splits with positive gain, best gain: -inf
[LightGBM] [Warning] No further splits with positive gain, best gain: -inf
[LightGBM] [Warning] No further splits with positive gain, best gain: -inf
[LightGBM] [Warning] No further splits with positive gain, best gain: -inf
[LightGBM] [Warning] No further splits with positive gain, best gain: -inf
[LightGBM] [Warning] No further splits with positive gain, best gain: -inf
[LightGBM] [Warning] No further splits with positive gain, best gain: -inf
[LightGBM] [Warning] No further splits with positive gain, best gain: -inf
[LightGBM] [Warning] No further splits with positive gain, best gain: -inf
2025-12-30 00:00:12,517 - src.training.steps.labeling.label_based_layer_2 - INFO - ℹ️    Model race scores: LGBM=0.4839, LGBM_Linear=0.4865, XGB=0.4738, XGB_Linear=0.4889, CatBoost=0.5065
2025-12-30 00:00:12,517 - src.training.steps.labeling.label_based_layer_2 - INFO - ℹ️    Winner: CATBOOST
[2025-12-30 00:00:12.518] INFO: Model Race for Geo_Sel4 (Unified): Winner=CATBOOST
[2025-12-30 00:00:12.518] INFO:   - lgbm: 0.4839
[2025-12-30 00:00:12.518] INFO:   - lgbm_linear: 0.4865
[2025-12-30 00:00:12.518] INFO:   - xgb: 0.4738
[2025-12-30 00:00:12.518] INFO:   - xgb_linear: 0.4889
[2025-12-30 00:00:12.518] INFO:   - catboost: 0.5065
[2025-12-30 00:00:12.518] WARNING: Geometry Unified pruned: Score 0.5065 < 0.52. Skipping HPO/RFE.
[2025-12-30 00:00:12.518] INFO:     Race probing geometry Geo_Sel2 (4/5)...
2025-12-30 00:00:20,248 - src.training.steps.labeling.mtf_feature_generation - INFO - ℹ️ [MTF] create_meta_features produced 412 columns prior to Layer2 filtering.
[2025-12-30 00:00:20.364] INFO: Running quick model race for Geo_Sel2 (Unified)...
[2025-12-30 00:00:20.364] INFO:     Running Model Race with Custom Focal Loss (LGBM/XGB)...
[LightGBM] [Info] Using self-defined objective function
[LightGBM] [Warning] No further splits with positive gain, best gain: -inf
[LightGBM] [Warning] No further splits with positive gain, best gain: -inf
[LightGBM] [Warning] No further splits with positive gain, best gain: -inf
[LightGBM] [Warning] No further splits with positive gain, best gain: -inf
[LightGBM] [Warning] No further splits with positive gain, best gain: -inf
[LightGBM] [Warning] No further splits with positive gain, best gain: -inf
[LightGBM] [Warning] No further splits with positive gain, best gain: -inf
[LightGBM] [Warning] No further splits with positive gain, best gain: -inf
[LightGBM] [Warning] No further splits with positive gain, best gain: -inf
[LightGBM] [Warning] No further splits with positive gain, best gain: -inf
[LightGBM] [Warning] No further splits with positive gain, best gain: -inf
[LightGBM] [Warning] No further splits with positive gain, best gain: -inf
[LightGBM] [Warning] No further splits with positive gain, best gain: -inf
[LightGBM] [Warning] No further splits with positive gain, best gain: -inf
[LightGBM] [Warning] No further splits with positive gain, best gain: -inf
[LightGBM] [Warning] No further splits with positive gain, best gain: -inf
[LightGBM] [Warning] No further splits with positive gain, best gain: -inf
[LightGBM] [Warning] No further splits with positive gain, best gain: -inf
[LightGBM] [Warning] No further splits with positive gain, best gain: -inf
[LightGBM] [Warning] No further splits with positive gain, best gain: -inf
[LightGBM] [Warning] No further splits with positive gain, best gain: -inf
[LightGBM] [Warning] No further splits with positive gain, best gain: -inf
[LightGBM] [Warning] No further splits with positive gain, best gain: -inf
[LightGBM] [Warning] No further splits with positive gain, best gain: -inf
[LightGBM] [Warning] No further splits with positive gain, best gain: -inf
[LightGBM] [Warning] No further splits with positive gain, best gain: -inf
[LightGBM] [Warning] No further splits with positive gain, best gain: -inf
[LightGBM] [Warning] No further splits with positive gain, best gain: -inf
[LightGBM] [Warning] No further splits with positive gain, best gain: -inf
[LightGBM] [Warning] No further splits with positive gain, best gain: -inf
[LightGBM] [Warning] No further splits with positive gain, best gain: -inf
[LightGBM] [Warning] No further splits with positive gain, best gain: -inf
[LightGBM] [Warning] No further splits with positive gain, best gain: -inf
[LightGBM] [Warning] No further splits with positive gain, best gain: -inf
[LightGBM] [Warning] No further splits with positive gain, best gain: -inf
[LightGBM] [Warning] No further splits with positive gain, best gain: -inf
[LightGBM] [Warning] No further splits with positive gain, best gain: -inf
[LightGBM] [Warning] No further splits with positive gain, best gain: -inf
[LightGBM] [Warning] No further splits with positive gain, best gain: -inf
[LightGBM] [Warning] No further splits with positive gain, best gain: -inf
[LightGBM] [Warning] No further splits with positive gain, best gain: -inf
[LightGBM] [Warning] No further splits with positive gain, best gain: -inf
[LightGBM] [Warning] No further splits with positive gain, best gain: -inf
[LightGBM] [Warning] No further splits with positive gain, best gain: -inf
[LightGBM] [Warning] No further splits with positive gain, best gain: -inf
[LightGBM] [Warning] No further splits with positive gain, best gain: -inf
[LightGBM] [Warning] No further splits with positive gain, best gain: -inf
[LightGBM] [Warning] No further splits with positive gain, best gain: -inf
[LightGBM] [Warning] No further splits with positive gain, best gain: -inf
[LightGBM] [Warning] No further splits with positive gain, best gain: -inf
[LightGBM] [Warning] No further splits with positive gain, best gain: -inf
[LightGBM] [Warning] No further splits with positive gain, best gain: -inf
[LightGBM] [Warning] No further splits with positive gain, best gain: -inf
[LightGBM] [Warning] No further splits with positive gain, best gain: -inf
[LightGBM] [Info] Using self-defined objective function
[LightGBM] [Warning] No further splits with positive gain, best gain: -inf
[LightGBM] [Warning] No further splits with positive gain, best gain: -inf
[LightGBM] [Warning] No further splits with positive gain, best gain: -inf
[LightGBM] [Warning] No further splits with positive gain, best gain: -inf
[LightGBM] [Warning] No further splits with positive gain, best gain: -inf
[LightGBM] [Warning] No further splits with positive gain, best gain: -inf
[LightGBM] [Warning] No further splits with positive gain, best gain: -inf
[LightGBM] [Warning] No further splits with positive gain, best gain: -inf
[LightGBM] [Warning] No further splits with positive gain, best gain: -inf
[LightGBM] [Warning] No further splits with positive gain, best gain: -inf
[LightGBM] [Warning] No further splits with positive gain, best gain: -inf
[LightGBM] [Warning] No further splits with positive gain, best gain: -inf
[LightGBM] [Warning] No further splits with positive gain, best gain: -inf
[LightGBM] [Warning] No further splits with positive gain, best gain: -inf
[LightGBM] [Warning] No further splits with positive gain, best gain: -inf
[LightGBM] [Warning] No further splits with positive gain, best gain: -inf
[LightGBM] [Warning] No further splits with positive gain, best gain: -inf
[LightGBM] [Warning] No further splits with positive gain, best gain: -inf
[LightGBM] [Warning] No further splits with positive gain, best gain: -inf
[LightGBM] [Warning] No further splits with positive gain, best gain: -inf
[LightGBM] [Warning] No further splits with positive gain, best gain: -inf
[LightGBM] [Warning] No further splits with positive gain, best gain: -inf
[LightGBM] [Warning] No further splits with positive gain, best gain: -inf
[LightGBM] [Warning] No further splits with positive gain, best gain: -inf
[LightGBM] [Warning] No further splits with positive gain, best gain: -inf
[LightGBM] [Warning] No further splits with positive gain, best gain: -inf
[LightGBM] [Warning] No further splits with positive gain, best gain: -inf
[LightGBM] [Warning] No further splits with positive gain, best gain: -inf
[LightGBM] [Warning] No further splits with positive gain, best gain: -inf
[LightGBM] [Warning] No further splits with positive gain, best gain: -inf
[LightGBM] [Warning] No further splits with positive gain, best gain: -inf
[LightGBM] [Warning] No further splits with positive gain, best gain: -inf
[LightGBM] [Warning] No further splits with positive gain, best gain: -inf
[LightGBM] [Warning] No further splits with positive gain, best gain: -inf
[LightGBM] [Warning] No further splits with positive gain, best gain: -inf
[LightGBM] [Warning] No further splits with positive gain, best gain: -inf
[LightGBM] [Warning] No further splits with positive gain, best gain: -inf
[LightGBM] [Warning] No further splits with positive gain, best gain: -inf
[LightGBM] [Warning] No further splits with positive gain, best gain: -inf
[LightGBM] [Warning] No further splits with positive gain, best gain: -inf
[LightGBM] [Warning] No further splits with positive gain, best gain: -inf
[LightGBM] [Warning] No further splits with positive gain, best gain: -inf
[LightGBM] [Warning] No further splits with positive gain, best gain: -inf
[LightGBM] [Warning] No further splits with positive gain, best gain: -inf
[LightGBM] [Warning] No further splits with positive gain, best gain: -inf
[LightGBM] [Warning] No further splits with positive gain, best gain: -inf
[LightGBM] [Warning] No further splits with positive gain, best gain: -inf
[LightGBM] [Warning] No further splits with positive gain, best gain: -inf
[LightGBM] [Warning] No further splits with positive gain, best gain: -inf
[LightGBM] [Warning] No further splits with positive gain, best gain: -inf
[LightGBM] [Warning] No further splits with positive gain, best gain: -inf
[LightGBM] [Warning] No further splits with positive gain, best gain: -inf
[LightGBM] [Warning] No further splits with positive gain, best gain: -inf
[LightGBM] [Warning] No further splits with positive gain, best gain: -inf
[LightGBM] [Warning] No further splits with positive gain, best gain: -inf
[LightGBM] [Warning] No further splits with positive gain, best gain: -inf
[LightGBM] [Warning] No further splits with positive gain, best gain: -inf
[LightGBM] [Warning] No further splits with positive gain, best gain: -inf
[LightGBM] [Warning] No further splits with positive gain, best gain: -inf
[LightGBM] [Warning] No further splits with positive gain, best gain: -inf
[LightGBM] [Warning] No further splits with positive gain, best gain: -inf
[LightGBM] [Warning] No further splits with positive gain, best gain: -inf
[LightGBM] [Warning] No further splits with positive gain, best gain: -inf
2025-12-30 00:00:21,608 - src.training.steps.labeling.label_based_layer_2 - INFO - ℹ️    Model race scores: LGBM=0.5524, LGBM_Linear=0.5147, XGB=0.4917, XGB_Linear=0.5302, CatBoost=0.5607
2025-12-30 00:00:21,608 - src.training.steps.labeling.label_based_layer_2 - INFO - ℹ️    Winner: CATBOOST
[2025-12-30 00:00:21.609] INFO: Model Race for Geo_Sel2 (Unified): Winner=CATBOOST
[2025-12-30 00:00:21.609] INFO:   - lgbm: 0.5524
[2025-12-30 00:00:21.609] INFO:   - lgbm_linear: 0.5147
[2025-12-30 00:00:21.609] INFO:   - xgb: 0.4917
[2025-12-30 00:00:21.609] INFO:   - xgb_linear: 0.5302
[2025-12-30 00:00:21.609] INFO:   - catboost: 0.5607
[2025-12-30 00:00:21.611] INFO:     Race probing geometry Geo_Sel0 (5/5)...
2025-12-30 00:00:29,200 - src.training.steps.labeling.mtf_feature_generation - INFO - ℹ️ [MTF] create_meta_features produced 412 columns prior to Layer2 filtering.
[2025-12-30 00:00:29.338] INFO: Running quick model race for Geo_Sel0 (Unified)...
[2025-12-30 00:00:29.338] INFO:     Running Model Race with Custom Focal Loss (LGBM/XGB)...
[LightGBM] [Info] Using self-defined objective function
[LightGBM] [Warning] No further splits with positive gain, best gain: -inf
[LightGBM] [Warning] No further splits with positive gain, best gain: -inf
[LightGBM] [Warning] No further splits with positive gain, best gain: -inf
[LightGBM] [Warning] No further splits with positive gain, best gain: -inf
[LightGBM] [Warning] No further splits with positive gain, best gain: -inf
[LightGBM] [Warning] No further splits with positive gain, best gain: -inf
[LightGBM] [Warning] No further splits with positive gain, best gain: -inf
[LightGBM] [Warning] No further splits with positive gain, best gain: -inf
[LightGBM] [Warning] No further splits with positive gain, best gain: -inf
[LightGBM] [Warning] No further splits with positive gain, best gain: -inf
[LightGBM] [Warning] No further splits with positive gain, best gain: -inf
[LightGBM] [Warning] No further splits with positive gain, best gain: -inf
[LightGBM] [Warning] No further splits with positive gain, best gain: -inf
[LightGBM] [Warning] No further splits with positive gain, best gain: -inf
[LightGBM] [Warning] No further splits with positive gain, best gain: -inf
[LightGBM] [Warning] No further splits with positive gain, best gain: -inf
[LightGBM] [Warning] No further splits with positive gain, best gain: -inf
[LightGBM] [Warning] No further splits with positive gain, best gain: -inf
[LightGBM] [Warning] No further splits with positive gain, best gain: -inf
[LightGBM] [Warning] No further splits with positive gain, best gain: -inf
[LightGBM] [Warning] No further splits with positive gain, best gain: -inf
[LightGBM] [Warning] No further splits with positive gain, best gain: -inf
[LightGBM] [Warning] No further splits with positive gain, best gain: -inf
[LightGBM] [Warning] No further splits with positive gain, best gain: -inf
[LightGBM] [Warning] No further splits with positive gain, best gain: -inf
[LightGBM] [Warning] No further splits with positive gain, best gain: -inf
[LightGBM] [Warning] No further splits with positive gain, best gain: -inf
[LightGBM] [Warning] No further splits with positive gain, best gain: -inf
[LightGBM] [Warning] No further splits with positive gain, best gain: -inf
[LightGBM] [Warning] No further splits with positive gain, best gain: -inf
[LightGBM] [Warning] No further splits with positive gain, best gain: -inf
[LightGBM] [Warning] No further splits with positive gain, best gain: -inf
[LightGBM] [Warning] No further splits with positive gain, best gain: -inf
[LightGBM] [Warning] No further splits with positive gain, best gain: -inf
[LightGBM] [Warning] No further splits with positive gain, best gain: -inf
[LightGBM] [Warning] No further splits with positive gain, best gain: -inf
[LightGBM] [Warning] No further splits with positive gain, best gain: -inf
[LightGBM] [Warning] No further splits with positive gain, best gain: -inf
[LightGBM] [Warning] No further splits with positive gain, best gain: -inf
[LightGBM] [Warning] No further splits with positive gain, best gain: -inf
[LightGBM] [Warning] No further splits with positive gain, best gain: -inf
[LightGBM] [Warning] No further splits with positive gain, best gain: -inf
[LightGBM] [Warning] No further splits with positive gain, best gain: -inf
[LightGBM] [Warning] No further splits with positive gain, best gain: -inf
[LightGBM] [Warning] No further splits with positive gain, best gain: -inf
[LightGBM] [Warning] No further splits with positive gain, best gain: -inf
[LightGBM] [Warning] No further splits with positive gain, best gain: -inf
[LightGBM] [Warning] No further splits with positive gain, best gain: -inf
[LightGBM] [Warning] No further splits with positive gain, best gain: -inf
[LightGBM] [Warning] No further splits with positive gain, best gain: -inf
[LightGBM] [Warning] No further splits with positive gain, best gain: -inf
[LightGBM] [Warning] No further splits with positive gain, best gain: -inf
[LightGBM] [Warning] No further splits with positive gain, best gain: -inf
[LightGBM] [Warning] No further splits with positive gain, best gain: -inf
[LightGBM] [Warning] No further splits with positive gain, best gain: -inf
[LightGBM] [Warning] No further splits with positive gain, best gain: -inf
[LightGBM] [Warning] No further splits with positive gain, best gain: -inf
[LightGBM] [Warning] No further splits with positive gain, best gain: -inf
[LightGBM] [Warning] No further splits with positive gain, best gain: -inf
[LightGBM] [Warning] No further splits with positive gain, best gain: -inf
[LightGBM] [Warning] No further splits with positive gain, best gain: -inf
[LightGBM] [Warning] No further splits with positive gain, best gain: -inf
[LightGBM] [Warning] No further splits with positive gain, best gain: -inf
[LightGBM] [Warning] No further splits with positive gain, best gain: -inf
[LightGBM] [Warning] No further splits with positive gain, best gain: -inf
[LightGBM] [Warning] No further splits with positive gain, best gain: -inf
[LightGBM] [Warning] No further splits with positive gain, best gain: -inf
[LightGBM] [Warning] No further splits with positive gain, best gain: -inf
[LightGBM] [Warning] No further splits with positive gain, best gain: -inf
[LightGBM] [Warning] No further splits with positive gain, best gain: -inf
[LightGBM] [Warning] No further splits with positive gain, best gain: -inf
[LightGBM] [Warning] No further splits with positive gain, best gain: -inf
[LightGBM] [Warning] No further splits with positive gain, best gain: -inf
[LightGBM] [Warning] No further splits with positive gain, best gain: -inf
[LightGBM] [Warning] No further splits with positive gain, best gain: -inf
[LightGBM] [Warning] No further splits with positive gain, best gain: -inf
[LightGBM] [Warning] No further splits with positive gain, best gain: -inf
[LightGBM] [Warning] No further splits with positive gain, best gain: -inf
[LightGBM] [Warning] No further splits with positive gain, best gain: -inf
[LightGBM] [Warning] No further splits with positive gain, best gain: -inf
[LightGBM] [Warning] No further splits with positive gain, best gain: -inf
[LightGBM] [Warning] No further splits with positive gain, best gain: -inf
[LightGBM] [Warning] No further splits with positive gain, best gain: -inf
[LightGBM] [Warning] No further splits with positive gain, best gain: -inf
[LightGBM] [Info] Using self-defined objective function
[LightGBM] [Warning] No further splits with positive gain, best gain: -inf
[LightGBM] [Warning] No further splits with positive gain, best gain: -inf
[LightGBM] [Warning] No further splits with positive gain, best gain: -inf
[LightGBM] [Warning] No further splits with positive gain, best gain: -inf
[LightGBM] [Warning] No further splits with positive gain, best gain: -inf
[LightGBM] [Warning] No further splits with positive gain, best gain: -inf
[LightGBM] [Warning] No further splits with positive gain, best gain: -inf
[LightGBM] [Warning] No further splits with positive gain, best gain: -inf
[LightGBM] [Warning] No further splits with positive gain, best gain: -inf
[LightGBM] [Warning] No further splits with positive gain, best gain: -inf
[LightGBM] [Warning] No further splits with positive gain, best gain: -inf
[LightGBM] [Warning] No further splits with positive gain, best gain: -inf
[LightGBM] [Warning] No further splits with positive gain, best gain: -inf
[LightGBM] [Warning] No further splits with positive gain, best gain: -inf
[LightGBM] [Warning] No further splits with positive gain, best gain: -inf
[LightGBM] [Warning] No further splits with positive gain, best gain: -inf
[LightGBM] [Warning] No further splits with positive gain, best gain: -inf
[LightGBM] [Warning] No further splits with positive gain, best gain: -inf
[LightGBM] [Warning] No further splits with positive gain, best gain: -inf
[LightGBM] [Warning] No further splits with positive gain, best gain: -inf
[LightGBM] [Warning] No further splits with positive gain, best gain: -inf
[LightGBM] [Warning] No further splits with positive gain, best gain: -inf
[LightGBM] [Warning] No further splits with positive gain, best gain: -inf
[LightGBM] [Warning] No further splits with positive gain, best gain: -inf
[LightGBM] [Warning] No further splits with positive gain, best gain: -inf
[LightGBM] [Warning] No further splits with positive gain, best gain: -inf
[LightGBM] [Warning] No further splits with positive gain, best gain: -inf
[LightGBM] [Warning] No further splits with positive gain, best gain: -inf
[LightGBM] [Warning] No further splits with positive gain, best gain: -inf
[LightGBM] [Warning] No further splits with positive gain, best gain: -inf
[LightGBM] [Warning] No further splits with positive gain, best gain: -inf
[LightGBM] [Warning] No further splits with positive gain, best gain: -inf
[LightGBM] [Warning] No further splits with positive gain, best gain: -inf
[LightGBM] [Warning] No further splits with positive gain, best gain: -inf
[LightGBM] [Warning] No further splits with positive gain, best gain: -inf
[LightGBM] [Warning] No further splits with positive gain, best gain: -inf
[LightGBM] [Warning] No further splits with positive gain, best gain: -inf
[LightGBM] [Warning] No further splits with positive gain, best gain: -inf
[LightGBM] [Warning] No further splits with positive gain, best gain: -inf
[LightGBM] [Warning] No further splits with positive gain, best gain: -inf
2025-12-30 00:00:30,182 - src.training.steps.labeling.label_based_layer_2 - INFO - ℹ️    Model race scores: LGBM=0.5263, LGBM_Linear=0.5164, XGB=0.5243, XGB_Linear=0.5163, CatBoost=0.4850
2025-12-30 00:00:30,182 - src.training.steps.labeling.label_based_layer_2 - INFO - ℹ️    Winner: LGBM
[2025-12-30 00:00:30.182] INFO: Model Race for Geo_Sel0 (Unified): Winner=LGBM
[2025-12-30 00:00:30.182] INFO:   - lgbm: 0.5263
[2025-12-30 00:00:30.182] INFO:   - lgbm_linear: 0.5164
[2025-12-30 00:00:30.182] INFO:   - xgb: 0.5243
[2025-12-30 00:00:30.182] INFO:   - xgb_linear: 0.5163
[2025-12-30 00:00:30.182] INFO:   - catboost: 0.4850
[2025-12-30 00:00:30.182] WARNING:     Geometry Geo_Sel7 (H=24) rejected: Race Score 0.5110 < 0.52
[2025-12-30 00:00:30.182] INFO: Tier 2 Screening Complete: 3 geometries proceeding to Tier 3 Execution.
[2025-12-30 00:00:30.182] INFO: >>> Layer 2: Tier 3 Execution - Full HPO & Feature Selection for Survivors...
2025-12-30 00:00:37,392 - src.training.steps.labeling.mtf_feature_generation - INFO - ℹ️ [MTF] create_meta_features produced 412 columns prior to Layer2 filtering.
[2025-12-30 00:00:37.558] INFO:     Tier 3 Processing Geo_Sel2 (1/3)...
2025-12-30 00:00:45,472 - src.training.steps.labeling.mtf_feature_generation - INFO - ℹ️ [MTF] create_meta_features produced 412 columns prior to Layer2 filtering.
[2025-12-30 00:00:45.587] INFO: Running quick model race for Geo_Sel2 (Unified)...
[2025-12-30 00:00:45.587] INFO:     Running Model Race with Custom Focal Loss (LGBM/XGB)...
[LightGBM] [Info] Using self-defined objective function
[LightGBM] [Warning] No further splits with positive gain, best gain: -inf
[LightGBM] [Warning] No further splits with positive gain, best gain: -inf
[LightGBM] [Warning] No further splits with positive gain, best gain: -inf
[LightGBM] [Warning] No further splits with positive gain, best gain: -inf
[LightGBM] [Warning] No further splits with positive gain, best gain: -inf
[LightGBM] [Warning] No further splits with positive gain, best gain: -inf
[LightGBM] [Warning] No further splits with positive gain, best gain: -inf
[LightGBM] [Warning] No further splits with positive gain, best gain: -inf
[LightGBM] [Warning] No further splits with positive gain, best gain: -inf
[LightGBM] [Warning] No further splits with positive gain, best gain: -inf
[LightGBM] [Warning] No further splits with positive gain, best gain: -inf
[LightGBM] [Warning] No further splits with positive gain, best gain: -inf
[LightGBM] [Warning] No further splits with positive gain, best gain: -inf
[LightGBM] [Warning] No further splits with positive gain, best gain: -inf
[LightGBM] [Warning] No further splits with positive gain, best gain: -inf
[LightGBM] [Warning] No further splits with positive gain, best gain: -inf
[LightGBM] [Warning] No further splits with positive gain, best gain: -inf
[LightGBM] [Warning] No further splits with positive gain, best gain: -inf
[LightGBM] [Warning] No further splits with positive gain, best gain: -inf
[LightGBM] [Warning] No further splits with positive gain, best gain: -inf
[LightGBM] [Warning] No further splits with positive gain, best gain: -inf
[LightGBM] [Warning] No further splits with positive gain, best gain: -inf
[LightGBM] [Warning] No further splits with positive gain, best gain: -inf
[LightGBM] [Warning] No further splits with positive gain, best gain: -inf
[LightGBM] [Warning] No further splits with positive gain, best gain: -inf
[LightGBM] [Warning] No further splits with positive gain, best gain: -inf
[LightGBM] [Warning] No further splits with positive gain, best gain: -inf
[LightGBM] [Warning] No further splits with positive gain, best gain: -inf
[LightGBM] [Warning] No further splits with positive gain, best gain: -inf
[LightGBM] [Warning] No further splits with positive gain, best gain: -inf
[LightGBM] [Warning] No further splits with positive gain, best gain: -inf
[LightGBM] [Warning] No further splits with positive gain, best gain: -inf
[LightGBM] [Warning] No further splits with positive gain, best gain: -inf
[LightGBM] [Warning] No further splits with positive gain, best gain: -inf
[LightGBM] [Warning] No further splits with positive gain, best gain: -inf
[LightGBM] [Warning] No further splits with positive gain, best gain: -inf
[LightGBM] [Warning] No further splits with positive gain, best gain: -inf
[LightGBM] [Warning] No further splits with positive gain, best gain: -inf
[LightGBM] [Warning] No further splits with positive gain, best gain: -inf
[LightGBM] [Warning] No further splits with positive gain, best gain: -inf
[LightGBM] [Warning] No further splits with positive gain, best gain: -inf
[LightGBM] [Warning] No further splits with positive gain, best gain: -inf
[LightGBM] [Warning] No further splits with positive gain, best gain: -inf
[LightGBM] [Warning] No further splits with positive gain, best gain: -inf
[LightGBM] [Warning] No further splits with positive gain, best gain: -inf
[LightGBM] [Warning] No further splits with positive gain, best gain: -inf
[LightGBM] [Warning] No further splits with positive gain, best gain: -inf
[LightGBM] [Warning] No further splits with positive gain, best gain: -inf
[LightGBM] [Warning] No further splits with positive gain, best gain: -inf
[LightGBM] [Warning] No further splits with positive gain, best gain: -inf
[LightGBM] [Warning] No further splits with positive gain, best gain: -inf
[LightGBM] [Warning] No further splits with positive gain, best gain: -inf
[LightGBM] [Warning] No further splits with positive gain, best gain: -inf
[LightGBM] [Warning] No further splits with positive gain, best gain: -inf
[LightGBM] [Info] Using self-defined objective function
[LightGBM] [Warning] No further splits with positive gain, best gain: -inf
[LightGBM] [Warning] No further splits with positive gain, best gain: -inf
[LightGBM] [Warning] No further splits with positive gain, best gain: -inf
[LightGBM] [Warning] No further splits with positive gain, best gain: -inf
[LightGBM] [Warning] No further splits with positive gain, best gain: -inf
[LightGBM] [Warning] No further splits with positive gain, best gain: -inf
[LightGBM] [Warning] No further splits with positive gain, best gain: -inf
[LightGBM] [Warning] No further splits with positive gain, best gain: -inf
[LightGBM] [Warning] No further splits with positive gain, best gain: -inf
[LightGBM] [Warning] No further splits with positive gain, best gain: -inf
[LightGBM] [Warning] No further splits with positive gain, best gain: -inf
[LightGBM] [Warning] No further splits with positive gain, best gain: -inf
[LightGBM] [Warning] No further splits with positive gain, best gain: -inf
[LightGBM] [Warning] No further splits with positive gain, best gain: -inf
[LightGBM] [Warning] No further splits with positive gain, best gain: -inf
[LightGBM] [Warning] No further splits with positive gain, best gain: -inf
[LightGBM] [Warning] No further splits with positive gain, best gain: -inf
[LightGBM] [Warning] No further splits with positive gain, best gain: -inf
[LightGBM] [Warning] No further splits with positive gain, best gain: -inf
[LightGBM] [Warning] No further splits with positive gain, best gain: -inf
[LightGBM] [Warning] No further splits with positive gain, best gain: -inf
[LightGBM] [Warning] No further splits with positive gain, best gain: -inf
[LightGBM] [Warning] No further splits with positive gain, best gain: -inf
[LightGBM] [Warning] No further splits with positive gain, best gain: -inf
[LightGBM] [Warning] No further splits with positive gain, best gain: -inf
[LightGBM] [Warning] No further splits with positive gain, best gain: -inf
[LightGBM] [Warning] No further splits with positive gain, best gain: -inf
[LightGBM] [Warning] No further splits with positive gain, best gain: -inf
[LightGBM] [Warning] No further splits with positive gain, best gain: -inf
[LightGBM] [Warning] No further splits with positive gain, best gain: -inf
[LightGBM] [Warning] No further splits with positive gain, best gain: -inf
[LightGBM] [Warning] No further splits with positive gain, best gain: -inf
[LightGBM] [Warning] No further splits with positive gain, best gain: -inf
[LightGBM] [Warning] No further splits with positive gain, best gain: -inf
[LightGBM] [Warning] No further splits with positive gain, best gain: -inf
[LightGBM] [Warning] No further splits with positive gain, best gain: -inf
[LightGBM] [Warning] No further splits with positive gain, best gain: -inf
[LightGBM] [Warning] No further splits with positive gain, best gain: -inf
[LightGBM] [Warning] No further splits with positive gain, best gain: -inf
[LightGBM] [Warning] No further splits with positive gain, best gain: -inf
[LightGBM] [Warning] No further splits with positive gain, best gain: -inf
[LightGBM] [Warning] No further splits with positive gain, best gain: -inf
[LightGBM] [Warning] No further splits with positive gain, best gain: -inf
[LightGBM] [Warning] No further splits with positive gain, best gain: -inf
[LightGBM] [Warning] No further splits with positive gain, best gain: -inf
[LightGBM] [Warning] No further splits with positive gain, best gain: -inf
[LightGBM] [Warning] No further splits with positive gain, best gain: -inf
[LightGBM] [Warning] No further splits with positive gain, best gain: -inf
[LightGBM] [Warning] No further splits with positive gain, best gain: -inf
[LightGBM] [Warning] No further splits with positive gain, best gain: -inf
[LightGBM] [Warning] No further splits with positive gain, best gain: -inf
[LightGBM] [Warning] No further splits with positive gain, best gain: -inf
[LightGBM] [Warning] No further splits with positive gain, best gain: -inf
[LightGBM] [Warning] No further splits with positive gain, best gain: -inf
[LightGBM] [Warning] No further splits with positive gain, best gain: -inf
[LightGBM] [Warning] No further splits with positive gain, best gain: -inf
[LightGBM] [Warning] No further splits with positive gain, best gain: -inf
[LightGBM] [Warning] No further splits with positive gain, best gain: -inf
[LightGBM] [Warning] No further splits with positive gain, best gain: -inf
[LightGBM] [Warning] No further splits with positive gain, best gain: -inf
[LightGBM] [Warning] No further splits with positive gain, best gain: -inf
[LightGBM] [Warning] No further splits with positive gain, best gain: -inf
[LightGBM] [Warning] No further splits with positive gain, best gain: -inf
2025-12-30 00:00:46,821 - src.training.steps.labeling.label_based_layer_2 - INFO - ℹ️    Model race scores: LGBM=0.5524, LGBM_Linear=0.5147, XGB=0.4917, XGB_Linear=0.5302, CatBoost=0.5607
2025-12-30 00:00:46,821 - src.training.steps.labeling.label_based_layer_2 - INFO - ℹ️    Winner: CATBOOST
[2025-12-30 00:00:46.821] INFO: Model Race for Geo_Sel2 (Unified): Winner=CATBOOST
[2025-12-30 00:00:46.821] INFO:   - lgbm: 0.5524
[2025-12-30 00:00:46.821] INFO:   - lgbm_linear: 0.5147
[2025-12-30 00:00:46.821] INFO:   - xgb: 0.4917
[2025-12-30 00:00:46.821] INFO:   - xgb_linear: 0.5302
[2025-12-30 00:00:46.821] INFO:   - catboost: 0.5607
[2025-12-30 00:00:46.821] INFO: Running HPO for CATBOOST on Unified geometry...
[2025-12-30 00:01:14.621] INFO:     Found production params for Geo_Sel2: {'iterations': 557, 'learning_rate': 0.05943446235627245, 'depth': 6, 'class_weight_ratio': 1.9221371891793824, 'model_type': 'catboost', 'race_scores': {'lgbm': 0.5523564086613939, 'lgbm_linear': 0.5147071891939927, 'xgb': 0.4916614828638288, 'xgb_linear': 0.5301697325157736, 'catboost': 0.5607097366628158}}
[2025-12-30 00:01:14.621] INFO:     Selecting features for Geo_Sel2...
[2025-12-30 00:01:15.247] INFO:     Starting Titan RFE with 420 features...
[LightGBM] [Info] Using self-defined objective function
[LightGBM] [Info] Using self-defined objective function
[2025-12-30 00:01:18.345] SUCCESS:     Selected 70 features for Geo_Sel2
[2025-12-30 00:01:18.347] INFO:     Extracting regime leaves for Geo_Sel2 (H=12.0)...
[2025-12-30 00:01:18.347] WARNING:     No important regime leaves found for Geo_Sel2
[2025-12-30 00:01:18.347] INFO:     Tier 3 Processing Geo_Sel0 (2/3)...
2025-12-30 00:01:26,090 - src.training.steps.labeling.mtf_feature_generation - INFO - ℹ️ [MTF] create_meta_features produced 412 columns prior to Layer2 filtering.
[2025-12-30 00:01:26.235] INFO: Running quick model race for Geo_Sel0 (Unified)...
[2025-12-30 00:01:26.235] INFO:     Running Model Race with Custom Focal Loss (LGBM/XGB)...
[LightGBM] [Info] Using self-defined objective function
[LightGBM] [Warning] No further splits with positive gain, best gain: -inf
[LightGBM] [Warning] No further splits with positive gain, best gain: -inf
[LightGBM] [Warning] No further splits with positive gain, best gain: -inf
[LightGBM] [Warning] No further splits with positive gain, best gain: -inf
[LightGBM] [Warning] No further splits with positive gain, best gain: -inf
[LightGBM] [Warning] No further splits with positive gain, best gain: -inf
[LightGBM] [Warning] No further splits with positive gain, best gain: -inf
[LightGBM] [Warning] No further splits with positive gain, best gain: -inf
[LightGBM] [Warning] No further splits with positive gain, best gain: -inf
[LightGBM] [Warning] No further splits with positive gain, best gain: -inf
[LightGBM] [Warning] No further splits with positive gain, best gain: -inf
[LightGBM] [Warning] No further splits with positive gain, best gain: -inf
[LightGBM] [Warning] No further splits with positive gain, best gain: -inf
[LightGBM] [Warning] No further splits with positive gain, best gain: -inf
[LightGBM] [Warning] No further splits with positive gain, best gain: -inf
[LightGBM] [Warning] No further splits with positive gain, best gain: -inf
[LightGBM] [Warning] No further splits with positive gain, best gain: -inf
[LightGBM] [Warning] No further splits with positive gain, best gain: -inf
[LightGBM] [Warning] No further splits with positive gain, best gain: -inf
[LightGBM] [Warning] No further splits with positive gain, best gain: -inf
[LightGBM] [Warning] No further splits with positive gain, best gain: -inf
[LightGBM] [Warning] No further splits with positive gain, best gain: -inf
[LightGBM] [Warning] No further splits with positive gain, best gain: -inf
[LightGBM] [Warning] No further splits with positive gain, best gain: -inf
[LightGBM] [Warning] No further splits with positive gain, best gain: -inf
[LightGBM] [Warning] No further splits with positive gain, best gain: -inf
[LightGBM] [Warning] No further splits with positive gain, best gain: -inf
[LightGBM] [Warning] No further splits with positive gain, best gain: -inf
[LightGBM] [Warning] No further splits with positive gain, best gain: -inf
[LightGBM] [Warning] No further splits with positive gain, best gain: -inf
[LightGBM] [Warning] No further splits with positive gain, best gain: -inf
[LightGBM] [Warning] No further splits with positive gain, best gain: -inf
[LightGBM] [Warning] No further splits with positive gain, best gain: -inf
[LightGBM] [Warning] No further splits with positive gain, best gain: -inf
[LightGBM] [Warning] No further splits with positive gain, best gain: -inf
[LightGBM] [Warning] No further splits with positive gain, best gain: -inf
[LightGBM] [Warning] No further splits with positive gain, best gain: -inf
[LightGBM] [Warning] No further splits with positive gain, best gain: -inf
[LightGBM] [Warning] No further splits with positive gain, best gain: -inf
[LightGBM] [Warning] No further splits with positive gain, best gain: -inf
[LightGBM] [Warning] No further splits with positive gain, best gain: -inf
[LightGBM] [Warning] No further splits with positive gain, best gain: -inf
[LightGBM] [Warning] No further splits with positive gain, best gain: -inf
[LightGBM] [Warning] No further splits with positive gain, best gain: -inf
[LightGBM] [Warning] No further splits with positive gain, best gain: -inf
[LightGBM] [Warning] No further splits with positive gain, best gain: -inf
[LightGBM] [Warning] No further splits with positive gain, best gain: -inf
[LightGBM] [Warning] No further splits with positive gain, best gain: -inf
[LightGBM] [Warning] No further splits with positive gain, best gain: -inf
[LightGBM] [Warning] No further splits with positive gain, best gain: -inf
[LightGBM] [Warning] No further splits with positive gain, best gain: -inf
[LightGBM] [Warning] No further splits with positive gain, best gain: -inf
[LightGBM] [Warning] No further splits with positive gain, best gain: -inf
[LightGBM] [Warning] No further splits with positive gain, best gain: -inf
[LightGBM] [Warning] No further splits with positive gain, best gain: -inf
[LightGBM] [Warning] No further splits with positive gain, best gain: -inf
[LightGBM] [Warning] No further splits with positive gain, best gain: -inf
[LightGBM] [Warning] No further splits with positive gain, best gain: -inf
[LightGBM] [Warning] No further splits with positive gain, best gain: -inf
[LightGBM] [Warning] No further splits with positive gain, best gain: -inf
[LightGBM] [Warning] No further splits with positive gain, best gain: -inf
[LightGBM] [Warning] No further splits with positive gain, best gain: -inf
[LightGBM] [Warning] No further splits with positive gain, best gain: -inf
[LightGBM] [Warning] No further splits with positive gain, best gain: -inf
[LightGBM] [Warning] No further splits with positive gain, best gain: -inf
[LightGBM] [Warning] No further splits with positive gain, best gain: -inf
[LightGBM] [Warning] No further splits with positive gain, best gain: -inf
[LightGBM] [Warning] No further splits with positive gain, best gain: -inf
[LightGBM] [Warning] No further splits with positive gain, best gain: -inf
[LightGBM] [Warning] No further splits with positive gain, best gain: -inf
[LightGBM] [Warning] No further splits with positive gain, best gain: -inf
[LightGBM] [Warning] No further splits with positive gain, best gain: -inf
[LightGBM] [Warning] No further splits with positive gain, best gain: -inf
[LightGBM] [Warning] No further splits with positive gain, best gain: -inf
[LightGBM] [Warning] No further splits with positive gain, best gain: -inf
[LightGBM] [Warning] No further splits with positive gain, best gain: -inf
[LightGBM] [Warning] No further splits with positive gain, best gain: -inf
[LightGBM] [Warning] No further splits with positive gain, best gain: -inf
[LightGBM] [Warning] No further splits with positive gain, best gain: -inf
[LightGBM] [Warning] No further splits with positive gain, best gain: -inf
[LightGBM] [Warning] No further splits with positive gain, best gain: -inf
[LightGBM] [Warning] No further splits with positive gain, best gain: -inf
[LightGBM] [Warning] No further splits with positive gain, best gain: -inf
[LightGBM] [Warning] No further splits with positive gain, best gain: -inf
[LightGBM] [Info] Using self-defined objective function
[LightGBM] [Warning] No further splits with positive gain, best gain: -inf
[LightGBM] [Warning] No further splits with positive gain, best gain: -inf
[LightGBM] [Warning] No further splits with positive gain, best gain: -inf
[LightGBM] [Warning] No further splits with positive gain, best gain: -inf
[LightGBM] [Warning] No further splits with positive gain, best gain: -inf
[LightGBM] [Warning] No further splits with positive gain, best gain: -inf
[LightGBM] [Warning] No further splits with positive gain, best gain: -inf
[LightGBM] [Warning] No further splits with positive gain, best gain: -inf
[LightGBM] [Warning] No further splits with positive gain, best gain: -inf
[LightGBM] [Warning] No further splits with positive gain, best gain: -inf
[LightGBM] [Warning] No further splits with positive gain, best gain: -inf
[LightGBM] [Warning] No further splits with positive gain, best gain: -inf
[LightGBM] [Warning] No further splits with positive gain, best gain: -inf
[LightGBM] [Warning] No further splits with positive gain, best gain: -inf
[LightGBM] [Warning] No further splits with positive gain, best gain: -inf
[LightGBM] [Warning] No further splits with positive gain, best gain: -inf
[LightGBM] [Warning] No further splits with positive gain, best gain: -inf
[LightGBM] [Warning] No further splits with positive gain, best gain: -inf
[LightGBM] [Warning] No further splits with positive gain, best gain: -inf
[LightGBM] [Warning] No further splits with positive gain, best gain: -inf
[LightGBM] [Warning] No further splits with positive gain, best gain: -inf
[LightGBM] [Warning] No further splits with positive gain, best gain: -inf
[LightGBM] [Warning] No further splits with positive gain, best gain: -inf
[LightGBM] [Warning] No further splits with positive gain, best gain: -inf
[LightGBM] [Warning] No further splits with positive gain, best gain: -inf
[LightGBM] [Warning] No further splits with positive gain, best gain: -inf
[LightGBM] [Warning] No further splits with positive gain, best gain: -inf
[LightGBM] [Warning] No further splits with positive gain, best gain: -inf
[LightGBM] [Warning] No further splits with positive gain, best gain: -inf
[LightGBM] [Warning] No further splits with positive gain, best gain: -inf
[LightGBM] [Warning] No further splits with positive gain, best gain: -inf
[LightGBM] [Warning] No further splits with positive gain, best gain: -inf
[LightGBM] [Warning] No further splits with positive gain, best gain: -inf
[LightGBM] [Warning] No further splits with positive gain, best gain: -inf
[LightGBM] [Warning] No further splits with positive gain, best gain: -inf
[LightGBM] [Warning] No further splits with positive gain, best gain: -inf
[LightGBM] [Warning] No further splits with positive gain, best gain: -inf
[LightGBM] [Warning] No further splits with positive gain, best gain: -inf
[LightGBM] [Warning] No further splits with positive gain, best gain: -inf
[LightGBM] [Warning] No further splits with positive gain, best gain: -inf
2025-12-30 00:01:27,088 - src.training.steps.labeling.label_based_layer_2 - INFO - ℹ️    Model race scores: LGBM=0.5263, LGBM_Linear=0.5164, XGB=0.5243, XGB_Linear=0.5163, CatBoost=0.4850
2025-12-30 00:01:27,088 - src.training.steps.labeling.label_based_layer_2 - INFO - ℹ️    Winner: LGBM
[2025-12-30 00:01:27.089] INFO: Model Race for Geo_Sel0 (Unified): Winner=LGBM
[2025-12-30 00:01:27.089] INFO:   - lgbm: 0.5263
[2025-12-30 00:01:27.089] INFO:   - lgbm_linear: 0.5164
[2025-12-30 00:01:27.089] INFO:   - xgb: 0.5243
[2025-12-30 00:01:27.089] INFO:   - xgb_linear: 0.5163
[2025-12-30 00:01:27.089] INFO:   - catboost: 0.4850
[2025-12-30 00:01:27.089] INFO: Running HPO for LGBM on Unified geometry...
[W 2025-12-30 00:01:27,095] Trial 0 failed with parameters: {'focal_alpha': 0.39963209507789, 'gamma_pos': 4.75357153204958, 'gamma_neg': 3.6599697090570253, 'num_leaves': 357, 'n_estimators': 1156} because of the following error: TypeError("train() got an unexpected keyword argument 'fobj'").
Traceback (most recent call last):
  File "/Library/Frameworks/Python.framework/Versions/3.11/lib/python3.11/site-packages/optuna/study/_optimize.py", line 196, in _run_trial
    value_or_values = func(trial)
                      ^^^^^^^^^^^
  File "/Users/remyroche/Documents/Ares/src/training/steps/labeling/label_based_layer_2.py", line 4859, in objective
    model = lgb.train(
            ^^^^^^^^^^
TypeError: train() got an unexpected keyword argument 'fobj'
[W 2025-12-30 00:01:27,097] Trial 0 failed with value None.
2025-12-30 00:01:27,097 - src.training.steps.labeling.label_based_layer_2 - WARNING - ⚠️ Geometry model HPO failed for Geo_Sel0: train() got an unexpected keyword argument 'fobj'
[2025-12-30 00:01:27.097] WARNING:     Geometry Geo_Sel0 failed HPO phase. Skipping.
[2025-12-30 00:01:27.097] INFO:     Tier 3 Processing Geo_Sel3 (3/3)...
2025-12-30 00:01:35,027 - src.training.steps.labeling.mtf_feature_generation - INFO - ℹ️ [MTF] create_meta_features produced 412 columns prior to Layer2 filtering.
[2025-12-30 00:01:35.147] INFO: Running quick model race for Geo_Sel3 (Unified)...
[2025-12-30 00:01:35.147] INFO:     Running Model Race with Custom Focal Loss (LGBM/XGB)...
[LightGBM] [Info] Using self-defined objective function
[LightGBM] [Warning] No further splits with positive gain, best gain: -inf
[LightGBM] [Warning] No further splits with positive gain, best gain: -inf
[LightGBM] [Warning] No further splits with positive gain, best gain: -inf
[LightGBM] [Warning] No further splits with positive gain, best gain: -inf
[LightGBM] [Warning] No further splits with positive gain, best gain: -inf
[LightGBM] [Warning] No further splits with positive gain, best gain: -inf
[LightGBM] [Warning] No further splits with positive gain, best gain: -inf
[LightGBM] [Warning] No further splits with positive gain, best gain: -inf
[LightGBM] [Warning] No further splits with positive gain, best gain: -inf
[LightGBM] [Warning] No further splits with positive gain, best gain: -inf
[LightGBM] [Warning] No further splits with positive gain, best gain: -inf
[LightGBM] [Warning] No further splits with positive gain, best gain: -inf
[LightGBM] [Warning] No further splits with positive gain, best gain: -inf
[LightGBM] [Warning] No further splits with positive gain, best gain: -inf
[LightGBM] [Warning] No further splits with positive gain, best gain: -inf
[LightGBM] [Warning] No further splits with positive gain, best gain: -inf
[LightGBM] [Warning] No further splits with positive gain, best gain: -inf
[LightGBM] [Warning] No further splits with positive gain, best gain: -inf
[LightGBM] [Warning] No further splits with positive gain, best gain: -inf
[LightGBM] [Warning] No further splits with positive gain, best gain: -inf
[LightGBM] [Warning] No further splits with positive gain, best gain: -inf
[LightGBM] [Warning] No further splits with positive gain, best gain: -inf
[LightGBM] [Warning] No further splits with positive gain, best gain: -inf
[LightGBM] [Warning] No further splits with positive gain, best gain: -inf
[LightGBM] [Warning] No further splits with positive gain, best gain: -inf
[LightGBM] [Warning] No further splits with positive gain, best gain: -inf
[LightGBM] [Warning] No further splits with positive gain, best gain: -inf
[LightGBM] [Warning] No further splits with positive gain, best gain: -inf
[LightGBM] [Warning] No further splits with positive gain, best gain: -inf
[LightGBM] [Warning] No further splits with positive gain, best gain: -inf
[LightGBM] [Warning] No further splits with positive gain, best gain: -inf
[LightGBM] [Warning] No further splits with positive gain, best gain: -inf
[LightGBM] [Warning] No further splits with positive gain, best gain: -inf
[LightGBM] [Warning] No further splits with positive gain, best gain: -inf
[LightGBM] [Warning] No further splits with positive gain, best gain: -inf
[LightGBM] [Warning] No further splits with positive gain, best gain: -inf
[LightGBM] [Warning] No further splits with positive gain, best gain: -inf
[LightGBM] [Warning] No further splits with positive gain, best gain: -inf
[LightGBM] [Warning] No further splits with positive gain, best gain: -inf
[LightGBM] [Warning] No further splits with positive gain, best gain: -inf
[LightGBM] [Warning] No further splits with positive gain, best gain: -inf
[LightGBM] [Warning] No further splits with positive gain, best gain: -inf
[LightGBM] [Warning] No further splits with positive gain, best gain: -inf
[LightGBM] [Warning] No further splits with positive gain, best gain: -inf
[LightGBM] [Warning] No further splits with positive gain, best gain: -inf
[LightGBM] [Info] Using self-defined objective function
[LightGBM] [Warning] No further splits with positive gain, best gain: -inf
[LightGBM] [Warning] No further splits with positive gain, best gain: -inf
[LightGBM] [Warning] No further splits with positive gain, best gain: -inf
[LightGBM] [Warning] No further splits with positive gain, best gain: -inf
[LightGBM] [Warning] No further splits with positive gain, best gain: -inf
[LightGBM] [Warning] No further splits with positive gain, best gain: -inf
[LightGBM] [Warning] No further splits with positive gain, best gain: -inf
[LightGBM] [Warning] No further splits with positive gain, best gain: -inf
[LightGBM] [Warning] No further splits with positive gain, best gain: -inf
[LightGBM] [Warning] No further splits with positive gain, best gain: -inf
[LightGBM] [Warning] No further splits with positive gain, best gain: -inf
[LightGBM] [Warning] No further splits with positive gain, best gain: -inf
[LightGBM] [Warning] No further splits with positive gain, best gain: -inf
[LightGBM] [Warning] No further splits with positive gain, best gain: -inf
[LightGBM] [Warning] No further splits with positive gain, best gain: -inf
[LightGBM] [Warning] No further splits with positive gain, best gain: -inf
[LightGBM] [Warning] No further splits with positive gain, best gain: -inf
[LightGBM] [Warning] No further splits with positive gain, best gain: -inf
[LightGBM] [Warning] No further splits with positive gain, best gain: -inf
[LightGBM] [Warning] No further splits with positive gain, best gain: -inf
[LightGBM] [Warning] No further splits with positive gain, best gain: -inf
[LightGBM] [Warning] No further splits with positive gain, best gain: -inf
[LightGBM] [Warning] No further splits with positive gain, best gain: -inf
[LightGBM] [Warning] No further splits with positive gain, best gain: -inf
[LightGBM] [Warning] No further splits with positive gain, best gain: -inf
[LightGBM] [Warning] No further splits with positive gain, best gain: -inf
[LightGBM] [Warning] No further splits with positive gain, best gain: -inf
[LightGBM] [Warning] No further splits with positive gain, best gain: -inf
[LightGBM] [Warning] No further splits with positive gain, best gain: -inf
2025-12-30 00:01:36,189 - src.training.steps.labeling.label_based_layer_2 - INFO - ℹ️    Model race scores: LGBM=0.4352, LGBM_Linear=0.5527, XGB=0.4755, XGB_Linear=0.5146, CatBoost=0.4887
2025-12-30 00:01:36,189 - src.training.steps.labeling.label_based_layer_2 - INFO - ℹ️    Winner: LGBM_LINEAR
[2025-12-30 00:01:36.189] INFO: Model Race for Geo_Sel3 (Unified): Winner=LGBM_LINEAR
[2025-12-30 00:01:36.189] INFO:   - lgbm: 0.4352
[2025-12-30 00:01:36.189] INFO:   - lgbm_linear: 0.5527
[2025-12-30 00:01:36.189] INFO:   - xgb: 0.4755
[2025-12-30 00:01:36.189] INFO:   - xgb_linear: 0.5146
[2025-12-30 00:01:36.189] INFO:   - catboost: 0.4887
[2025-12-30 00:01:36.189] INFO: Running HPO for LGBM_LINEAR on Unified geometry...
2025-12-30 00:01:36,189 - src.training.steps.labeling.label_based_layer_2 - WARNING - ⚠️ Unknown model type lgbm_linear, using LGBM
[LightGBM] [Info] Using self-defined objective function
[LightGBM] [Warning] No further splits with positive gain, best gain: -inf
[LightGBM] [Warning] No further splits with positive gain, best gain: -inf
[LightGBM] [Warning] No further splits with positive gain, best gain: -inf
[LightGBM] [Warning] No further splits with positive gain, best gain: -inf
[LightGBM] [Warning] No further splits with positive gain, best gain: -inf
[LightGBM] [Warning] No further splits with positive gain, best gain: -inf
[LightGBM] [Warning] No further splits with positive gain, best gain: -inf
[LightGBM] [Warning] No further splits with positive gain, best gain: -inf
[LightGBM] [Warning] No further splits with positive gain, best gain: -inf
[LightGBM] [Warning] No further splits with positive gain, best gain: -inf
[LightGBM] [Warning] No further splits with positive gain, best gain: -inf
[LightGBM] [Warning] No further splits with positive gain, best gain: -inf
[LightGBM] [Warning] No further splits with positive gain, best gain: -inf
[LightGBM] [Warning] No further splits with positive gain, best gain: -inf
[LightGBM] [Warning] No further splits with positive gain, best gain: -inf
[LightGBM] [Warning] No further splits with positive gain, best gain: -inf
[LightGBM] [Warning] No further splits with positive gain, best gain: -inf
[LightGBM] [Warning] No further splits with positive gain, best gain: -inf
[LightGBM] [Warning] No further splits with positive gain, best gain: -inf
[LightGBM] [Warning] No further splits with positive gain, best gain: -inf
[LightGBM] [Warning] No further splits with positive gain, best gain: -inf
[LightGBM] [Warning] No further splits with positive gain, best gain: -inf
[LightGBM] [Warning] No further splits with positive gain, best gain: -inf
[LightGBM] [Warning] No further splits with positive gain, best gain: -inf
[LightGBM] [Warning] No further splits with positive gain, best gain: -inf
[LightGBM] [Warning] No further splits with positive gain, best gain: -inf
[LightGBM] [Warning] No further splits with positive gain, best gain: -inf
[LightGBM] [Warning] No further splits with positive gain, best gain: -inf
[LightGBM] [Warning] No further splits with positive gain, best gain: -inf
[LightGBM] [Warning] No further splits with positive gain, best gain: -inf
[LightGBM] [Warning] No further splits with positive gain, best gain: -inf
[LightGBM] [Warning] No further splits with positive gain, best gain: -inf
[LightGBM] [Warning] No further splits with positive gain, best gain: -inf
[LightGBM] [Warning] No further splits with positive gain, best gain: -inf
[LightGBM] [Warning] No further splits with positive gain, best gain: -inf
[LightGBM] [Warning] No further splits with positive gain, best gain: -inf
[LightGBM] [Warning] No further splits with positive gain, best gain: -inf
[LightGBM] [Warning] No further splits with positive gain, best gain: -inf
[LightGBM] [Warning] No further splits with positive gain, best gain: -inf
[LightGBM] [Warning] No further splits with positive gain, best gain: -inf
[LightGBM] [Warning] No further splits with positive gain, best gain: -inf
[LightGBM] [Warning] No further splits with positive gain, best gain: -inf
[LightGBM] [Warning] No further splits with positive gain, best gain: -inf
[LightGBM] [Warning] No further splits with positive gain, best gain: -inf
[LightGBM] [Warning] No further splits with positive gain, best gain: -inf
[LightGBM] [Warning] No further splits with positive gain, best gain: -inf
[LightGBM] [Warning] No further splits with positive gain, best gain: -inf
[LightGBM] [Warning] No further splits with positive gain, best gain: -inf
[LightGBM] [Warning] No further splits with positive gain, best gain: -inf
[LightGBM] [Warning] No further splits with positive gain, best gain: -inf
[LightGBM] [Warning] No further splits with positive gain, best gain: -inf
[LightGBM] [Warning] No further splits with positive gain, best gain: -inf
[LightGBM] [Warning] No further splits with positive gain, best gain: -inf
[LightGBM] [Warning] No further splits with positive gain, best gain: -inf
[LightGBM] [Warning] No further splits with positive gain, best gain: -inf
[LightGBM] [Info] Using self-defined objective function
[LightGBM] [Info] Using self-defined objective function
[LightGBM] [Info] Using self-defined objective function
[LightGBM] [Info] Using self-defined objective function
[LightGBM] [Warning] No further splits with positive gain, best gain: -inf
[LightGBM] [Warning] No further splits with positive gain, best gain: -inf
[LightGBM] [Warning] No further splits with positive gain, best gain: -inf
[LightGBM] [Warning] No further splits with positive gain, best gain: -inf
[LightGBM] [Warning] No further splits with positive gain, best gain: -inf
[LightGBM] [Warning] No further splits with positive gain, best gain: -inf
[LightGBM] [Warning] No further splits with positive gain, best gain: -inf
[LightGBM] [Warning] No further splits with positive gain, best gain: -inf
[LightGBM] [Warning] No further splits with positive gain, best gain: -inf
[LightGBM] [Warning] No further splits with positive gain, best gain: -inf
[LightGBM] [Info] Using self-defined objective function
[LightGBM] [Info] Using self-defined objective function
[LightGBM] [Info] Using self-defined objective function
[LightGBM] [Warning] No further splits with positive gain, best gain: -inf
[LightGBM] [Warning] No further splits with positive gain, best gain: -inf
[LightGBM] [Warning] No further splits with positive gain, best gain: -inf
[LightGBM] [Warning] No further splits with positive gain, best gain: -inf
[LightGBM] [Warning] No further splits with positive gain, best gain: -inf
[LightGBM] [Warning] No further splits with positive gain, best gain: -inf
[LightGBM] [Warning] No further splits with positive gain, best gain: -inf
[LightGBM] [Warning] No further splits with positive gain, best gain: -inf
[LightGBM] [Warning] No further splits with positive gain, best gain: -inf
[LightGBM] [Warning] No further splits with positive gain, best gain: -inf
[LightGBM] [Warning] No further splits with positive gain, best gain: -inf
[LightGBM] [Warning] No further splits with positive gain, best gain: -inf
[LightGBM] [Warning] No further splits with positive gain, best gain: -inf
[LightGBM] [Warning] No further splits with positive gain, best gain: -inf
[LightGBM] [Warning] No further splits with positive gain, best gain: -inf
[LightGBM] [Warning] No further splits with positive gain, best gain: -inf
[LightGBM] [Warning] No further splits with positive gain, best gain: -inf
[LightGBM] [Warning] No further splits with positive gain, best gain: -inf
[LightGBM] [Warning] No further splits with positive gain, best gain: -inf
[LightGBM] [Warning] No further splits with positive gain, best gain: -inf
[LightGBM] [Warning] No further splits with positive gain, best gain: -inf
[LightGBM] [Warning] No further splits with positive gain, best gain: -inf
[LightGBM] [Warning] No further splits with positive gain, best gain: -inf
[LightGBM] [Warning] No further splits with positive gain, best gain: -inf
[LightGBM] [Warning] No further splits with positive gain, best gain: -inf
[LightGBM] [Warning] No further splits with positive gain, best gain: -inf
[LightGBM] [Warning] No further splits with positive gain, best gain: -inf
[LightGBM] [Warning] No further splits with positive gain, best gain: -inf
[LightGBM] [Warning] No further splits with positive gain, best gain: -inf
[LightGBM] [Warning] No further splits with positive gain, best gain: -inf
[LightGBM] [Warning] No further splits with positive gain, best gain: -inf
[LightGBM] [Info] Using self-defined objective function
[LightGBM] [Warning] No further splits with positive gain, best gain: -inf
[LightGBM] [Warning] No further splits with positive gain, best gain: -inf
[LightGBM] [Warning] No further splits with positive gain, best gain: -inf
[LightGBM] [Warning] No further splits with positive gain, best gain: -inf
[LightGBM] [Warning] No further splits with positive gain, best gain: -inf
[LightGBM] [Warning] No further splits with positive gain, best gain: -inf
[LightGBM] [Warning] No further splits with positive gain, best gain: -inf
[LightGBM] [Warning] No further splits with positive gain, best gain: -inf
[LightGBM] [Warning] No further splits with positive gain, best gain: -inf
[LightGBM] [Warning] No further splits with positive gain, best gain: -inf
[LightGBM] [Warning] No further splits with positive gain, best gain: -inf
[LightGBM] [Warning] No further splits with positive gain, best gain: -inf
[LightGBM] [Warning] No further splits with positive gain, best gain: -inf
[LightGBM] [Warning] No further splits with positive gain, best gain: -inf
[LightGBM] [Warning] No further splits with positive gain, best gain: -inf
[LightGBM] [Warning] No further splits with positive gain, best gain: -inf
[LightGBM] [Warning] No further splits with positive gain, best gain: -inf
[LightGBM] [Warning] No further splits with positive gain, best gain: -inf
[LightGBM] [Warning] No further splits with positive gain, best gain: -inf
[LightGBM] [Warning] No further splits with positive gain, best gain: -inf
[LightGBM] [Warning] No further splits with positive gain, best gain: -inf
[LightGBM] [Warning] No further splits with positive gain, best gain: -inf
[LightGBM] [Warning] No further splits with positive gain, best gain: -inf
[LightGBM] [Warning] No further splits with positive gain, best gain: -inf
[LightGBM] [Warning] No further splits with positive gain, best gain: -inf
[LightGBM] [Warning] No further splits with positive gain, best gain: -inf
[LightGBM] [Warning] No further splits with positive gain, best gain: -inf
[LightGBM] [Warning] No further splits with positive gain, best gain: -inf
[LightGBM] [Warning] No further splits with positive gain, best gain: -inf
[LightGBM] [Warning] No further splits with positive gain, best gain: -inf
[LightGBM] [Warning] No further splits with positive gain, best gain: -inf
[LightGBM] [Warning] No further splits with positive gain, best gain: -inf
[LightGBM] [Warning] No further splits with positive gain, best gain: -inf
[LightGBM] [Warning] No further splits with positive gain, best gain: -inf
[LightGBM] [Warning] No further splits with positive gain, best gain: -inf
[LightGBM] [Warning] No further splits with positive gain, best gain: -inf
[LightGBM] [Warning] No further splits with positive gain, best gain: -inf
[LightGBM] [Info] Using self-defined objective function
[LightGBM] [Warning] No further splits with positive gain, best gain: -inf
[LightGBM] [Warning] No further splits with positive gain, best gain: -inf
[LightGBM] [Warning] No further splits with positive gain, best gain: -inf
[LightGBM] [Warning] No further splits with positive gain, best gain: -inf
[LightGBM] [Warning] No further splits with positive gain, best gain: -inf
[LightGBM] [Warning] No further splits with positive gain, best gain: -inf
[LightGBM] [Warning] No further splits with positive gain, best gain: -inf
[LightGBM] [Warning] No further splits with positive gain, best gain: -inf
[LightGBM] [Warning] No further splits with positive gain, best gain: -inf
[LightGBM] [Warning] No further splits with positive gain, best gain: -inf
[LightGBM] [Warning] No further splits with positive gain, best gain: -inf
[LightGBM] [Warning] No further splits with positive gain, best gain: -inf
[LightGBM] [Warning] No further splits with positive gain, best gain: -inf
[LightGBM] [Warning] No further splits with positive gain, best gain: -inf
[LightGBM] [Warning] No further splits with positive gain, best gain: -inf
[LightGBM] [Warning] No further splits with positive gain, best gain: -inf
[LightGBM] [Warning] No further splits with positive gain, best gain: -inf
[LightGBM] [Warning] No further splits with positive gain, best gain: -inf
[LightGBM] [Warning] No further splits with positive gain, best gain: -inf
[LightGBM] [Warning] No further splits with positive gain, best gain: -inf
[LightGBM] [Warning] No further splits with positive gain, best gain: -inf
[LightGBM] [Warning] No further splits with positive gain, best gain: -inf
[LightGBM] [Warning] No further splits with positive gain, best gain: -inf
[LightGBM] [Warning] No further splits with positive gain, best gain: -inf
[LightGBM] [Warning] No further splits with positive gain, best gain: -inf
[LightGBM] [Warning] No further splits with positive gain, best gain: -inf
[LightGBM] [Warning] No further splits with positive gain, best gain: -inf
[LightGBM] [Warning] No further splits with positive gain, best gain: -inf
[LightGBM] [Warning] No further splits with positive gain, best gain: -inf
[LightGBM] [Warning] No further splits with positive gain, best gain: -inf
[LightGBM] [Warning] No further splits with positive gain, best gain: -inf
[LightGBM] [Warning] No further splits with positive gain, best gain: -inf
[LightGBM] [Warning] No further splits with positive gain, best gain: -inf
[LightGBM] [Warning] No further splits with positive gain, best gain: -inf
[LightGBM] [Warning] No further splits with positive gain, best gain: -inf
[LightGBM] [Warning] No further splits with positive gain, best gain: -inf
[LightGBM] [Warning] No further splits with positive gain, best gain: -inf
[LightGBM] [Warning] No further splits with positive gain, best gain: -inf
[LightGBM] [Warning] No further splits with positive gain, best gain: -inf
[LightGBM] [Warning] No further splits with positive gain, best gain: -inf
[LightGBM] [Info] Using self-defined objective function
[LightGBM] [Info] Using self-defined objective function
[LightGBM] [Info] Using self-defined objective function
[LightGBM] [Info] Using self-defined objective function
[LightGBM] [Info] Using self-defined objective function
[LightGBM] [Info] Using self-defined objective function
[LightGBM] [Warning] No further splits with positive gain, best gain: -inf
[LightGBM] [Warning] No further splits with positive gain, best gain: -inf
[LightGBM] [Warning] No further splits with positive gain, best gain: -inf
[LightGBM] [Warning] No further splits with positive gain, best gain: -inf
[LightGBM] [Warning] No further splits with positive gain, best gain: -inf
[LightGBM] [Warning] No further splits with positive gain, best gain: -inf
[LightGBM] [Warning] No further splits with positive gain, best gain: -inf
[LightGBM] [Warning] No further splits with positive gain, best gain: -inf
[LightGBM] [Warning] No further splits with positive gain, best gain: -inf
[LightGBM] [Warning] No further splits with positive gain, best gain: -inf
[LightGBM] [Warning] No further splits with positive gain, best gain: -inf
[LightGBM] [Warning] No further splits with positive gain, best gain: -inf
[LightGBM] [Warning] No further splits with positive gain, best gain: -inf
[LightGBM] [Warning] No further splits with positive gain, best gain: -inf
[LightGBM] [Warning] No further splits with positive gain, best gain: -inf
[LightGBM] [Warning] No further splits with positive gain, best gain: -inf
[LightGBM] [Warning] No further splits with positive gain, best gain: -inf
[LightGBM] [Warning] No further splits with positive gain, best gain: -inf
[LightGBM] [Warning] No further splits with positive gain, best gain: -inf
[LightGBM] [Warning] No further splits with positive gain, best gain: -inf
[LightGBM] [Warning] No further splits with positive gain, best gain: -inf
[LightGBM] [Warning] No further splits with positive gain, best gain: -inf
[LightGBM] [Warning] No further splits with positive gain, best gain: -inf
[LightGBM] [Warning] No further splits with positive gain, best gain: -inf
[LightGBM] [Warning] No further splits with positive gain, best gain: -inf
[LightGBM] [Warning] No further splits with positive gain, best gain: -inf
[LightGBM] [Warning] No further splits with positive gain, best gain: -inf
[LightGBM] [Warning] No further splits with positive gain, best gain: -inf
[LightGBM] [Warning] No further splits with positive gain, best gain: -inf
[LightGBM] [Warning] No further splits with positive gain, best gain: -inf
[LightGBM] [Warning] No further splits with positive gain, best gain: -inf
[LightGBM] [Warning] No further splits with positive gain, best gain: -inf
[LightGBM] [Warning] No further splits with positive gain, best gain: -inf
[LightGBM] [Warning] No further splits with positive gain, best gain: -inf
[LightGBM] [Warning] No further splits with positive gain, best gain: -inf
[LightGBM] [Warning] No further splits with positive gain, best gain: -inf
[LightGBM] [Warning] No further splits with positive gain, best gain: -inf
[LightGBM] [Warning] No further splits with positive gain, best gain: -inf
[LightGBM] [Warning] No further splits with positive gain, best gain: -inf
[LightGBM] [Warning] No further splits with positive gain, best gain: -inf
[LightGBM] [Info] Using self-defined objective function
[LightGBM] [Info] Using self-defined objective function
[LightGBM] [Info] Using self-defined objective function
[LightGBM] [Info] Using self-defined objective function
[LightGBM] [Warning] No further splits with positive gain, best gain: -inf
[LightGBM] [Warning] No further splits with positive gain, best gain: -inf
[LightGBM] [Warning] No further splits with positive gain, best gain: -inf
[LightGBM] [Warning] No further splits with positive gain, best gain: -inf
[LightGBM] [Warning] No further splits with positive gain, best gain: -inf
[LightGBM] [Warning] No further splits with positive gain, best gain: -inf
[LightGBM] [Warning] No further splits with positive gain, best gain: -inf
[LightGBM] [Warning] No further splits with positive gain, best gain: -inf
[LightGBM] [Warning] No further splits with positive gain, best gain: -inf
[LightGBM] [Warning] No further splits with positive gain, best gain: -inf
[LightGBM] [Warning] No further splits with positive gain, best gain: -inf
[LightGBM] [Warning] No further splits with positive gain, best gain: -inf
[LightGBM] [Warning] No further splits with positive gain, best gain: -inf
[LightGBM] [Warning] No further splits with positive gain, best gain: -inf
[LightGBM] [Warning] No further splits with positive gain, best gain: -inf
[LightGBM] [Warning] No further splits with positive gain, best gain: -inf
[LightGBM] [Warning] No further splits with positive gain, best gain: -inf
[LightGBM] [Warning] No further splits with positive gain, best gain: -inf
[LightGBM] [Warning] No further splits with positive gain, best gain: -inf
[LightGBM] [Warning] No further splits with positive gain, best gain: -inf
[LightGBM] [Warning] No further splits with positive gain, best gain: -inf
[LightGBM] [Warning] No further splits with positive gain, best gain: -inf
[LightGBM] [Warning] No further splits with positive gain, best gain: -inf
[LightGBM] [Warning] No further splits with positive gain, best gain: -inf
[LightGBM] [Warning] No further splits with positive gain, best gain: -inf
[LightGBM] [Warning] No further splits with positive gain, best gain: -inf
[LightGBM] [Warning] No further splits with positive gain, best gain: -inf
[LightGBM] [Warning] No further splits with positive gain, best gain: -inf
[LightGBM] [Warning] No further splits with positive gain, best gain: -inf
[LightGBM] [Warning] No further splits with positive gain, best gain: -inf
[LightGBM] [Warning] No further splits with positive gain, best gain: -inf
[LightGBM] [Info] Using self-defined objective function
[LightGBM] [Info] Using self-defined objective function
[LightGBM] [Info] Using self-defined objective function
[LightGBM] [Info] Using self-defined objective function
[LightGBM] [Info] Using self-defined objective function
[LightGBM] [Info] Using self-defined objective function
[LightGBM] [Info] Using self-defined objective function
[LightGBM] [Info] Using self-defined objective function
[LightGBM] [Info] Using self-defined objective function
[LightGBM] [Info] Using self-defined objective function
[LightGBM] [Warning] No further splits with positive gain, best gain: -inf
[LightGBM] [Warning] No further splits with positive gain, best gain: -inf
[LightGBM] [Warning] No further splits with positive gain, best gain: -inf
[LightGBM] [Warning] No further splits with positive gain, best gain: -inf
[LightGBM] [Warning] No further splits with positive gain, best gain: -inf
[LightGBM] [Warning] No further splits with positive gain, best gain: -inf
[LightGBM] [Warning] No further splits with positive gain, best gain: -inf
[LightGBM] [Warning] No further splits with positive gain, best gain: -inf
[LightGBM] [Warning] No further splits with positive gain, best gain: -inf
[LightGBM] [Warning] No further splits with positive gain, best gain: -inf
[LightGBM] [Warning] No further splits with positive gain, best gain: -inf
[LightGBM] [Warning] No further splits with positive gain, best gain: -inf
[LightGBM] [Warning] No further splits with positive gain, best gain: -inf
[LightGBM] [Warning] No further splits with positive gain, best gain: -inf
[LightGBM] [Warning] No further splits with positive gain, best gain: -inf
[LightGBM] [Warning] No further splits with positive gain, best gain: -inf
[LightGBM] [Warning] No further splits with positive gain, best gain: -inf
[LightGBM] [Warning] No further splits with positive gain, best gain: -inf
[LightGBM] [Warning] No further splits with positive gain, best gain: -inf
[LightGBM] [Warning] No further splits with positive gain, best gain: -inf
[LightGBM] [Warning] No further splits with positive gain, best gain: -inf
[LightGBM] [Warning] No further splits with positive gain, best gain: -inf
[LightGBM] [Warning] No further splits with positive gain, best gain: -inf
[LightGBM] [Warning] No further splits with positive gain, best gain: -inf
[LightGBM] [Warning] No further splits with positive gain, best gain: -inf
[LightGBM] [Warning] No further splits with positive gain, best gain: -inf
[LightGBM] [Warning] No further splits with positive gain, best gain: -inf
[LightGBM] [Warning] No further splits with positive gain, best gain: -inf
[LightGBM] [Warning] No further splits with positive gain, best gain: -inf
[LightGBM] [Warning] No further splits with positive gain, best gain: -inf
[LightGBM] [Warning] No further splits with positive gain, best gain: -inf
[LightGBM] [Info] Using self-defined objective function
[LightGBM] [Warning] No further splits with positive gain, best gain: -inf
[LightGBM] [Warning] No further splits with positive gain, best gain: -inf
[LightGBM] [Warning] No further splits with positive gain, best gain: -inf
[LightGBM] [Warning] No further splits with positive gain, best gain: -inf
[LightGBM] [Warning] No further splits with positive gain, best gain: -inf
[LightGBM] [Warning] No further splits with positive gain, best gain: -inf
[LightGBM] [Warning] No further splits with positive gain, best gain: -inf
[LightGBM] [Warning] No further splits with positive gain, best gain: -inf
[LightGBM] [Warning] No further splits with positive gain, best gain: -inf
[LightGBM] [Warning] No further splits with positive gain, best gain: -inf
[LightGBM] [Warning] No further splits with positive gain, best gain: -inf
[LightGBM] [Warning] No further splits with positive gain, best gain: -inf
[LightGBM] [Warning] No further splits with positive gain, best gain: -inf
[LightGBM] [Warning] No further splits with positive gain, best gain: -inf
[LightGBM] [Warning] No further splits with positive gain, best gain: -inf
[LightGBM] [Warning] No further splits with positive gain, best gain: -inf
[LightGBM] [Warning] No further splits with positive gain, best gain: -inf
[LightGBM] [Warning] No further splits with positive gain, best gain: -inf
[LightGBM] [Warning] No further splits with positive gain, best gain: -inf
[LightGBM] [Warning] No further splits with positive gain, best gain: -inf
[LightGBM] [Warning] No further splits with positive gain, best gain: -inf
[LightGBM] [Warning] No further splits with positive gain, best gain: -inf
[LightGBM] [Warning] No further splits with positive gain, best gain: -inf
[LightGBM] [Warning] No further splits with positive gain, best gain: -inf
[LightGBM] [Warning] No further splits with positive gain, best gain: -inf
[LightGBM] [Warning] No further splits with positive gain, best gain: -inf
[LightGBM] [Warning] No further splits with positive gain, best gain: -inf
[LightGBM] [Warning] No further splits with positive gain, best gain: -inf
[LightGBM] [Warning] No further splits with positive gain, best gain: -inf
[LightGBM] [Warning] No further splits with positive gain, best gain: -inf
[LightGBM] [Warning] No further splits with positive gain, best gain: -inf
[LightGBM] [Warning] No further splits with positive gain, best gain: -inf
[LightGBM] [Warning] No further splits with positive gain, best gain: -inf
[LightGBM] [Warning] No further splits with positive gain, best gain: -inf
[LightGBM] [Warning] No further splits with positive gain, best gain: -inf
[LightGBM] [Warning] No further splits with positive gain, best gain: -inf
[LightGBM] [Warning] No further splits with positive gain, best gain: -inf
[LightGBM] [Warning] No further splits with positive gain, best gain: -inf
[LightGBM] [Warning] No further splits with positive gain, best gain: -inf
[LightGBM] [Warning] No further splits with positive gain, best gain: -inf
[LightGBM] [Warning] No further splits with positive gain, best gain: -inf
[LightGBM] [Warning] No further splits with positive gain, best gain: -inf
[LightGBM] [Warning] No further splits with positive gain, best gain: -inf
[LightGBM] [Warning] No further splits with positive gain, best gain: -inf
[LightGBM] [Info] Using self-defined objective function
[LightGBM] [Info] Using self-defined objective function
[LightGBM] [Info] Using self-defined objective function
[LightGBM] [Info] Using self-defined objective function
[LightGBM] [Warning] No further splits with positive gain, best gain: -inf
[LightGBM] [Warning] No further splits with positive gain, best gain: -inf
[LightGBM] [Warning] No further splits with positive gain, best gain: -inf
[LightGBM] [Warning] No further splits with positive gain, best gain: -inf
[LightGBM] [Warning] No further splits with positive gain, best gain: -inf
[LightGBM] [Warning] No further splits with positive gain, best gain: -inf
[LightGBM] [Warning] No further splits with positive gain, best gain: -inf
[LightGBM] [Warning] No further splits with positive gain, best gain: -inf
[LightGBM] [Warning] No further splits with positive gain, best gain: -inf
[LightGBM] [Warning] No further splits with positive gain, best gain: -inf
[LightGBM] [Warning] No further splits with positive gain, best gain: -inf
[LightGBM] [Warning] No further splits with positive gain, best gain: -inf
[LightGBM] [Warning] No further splits with positive gain, best gain: -inf
[LightGBM] [Warning] No further splits with positive gain, best gain: -inf
[LightGBM] [Warning] No further splits with positive gain, best gain: -inf
[LightGBM] [Warning] No further splits with positive gain, best gain: -inf
[LightGBM] [Warning] No further splits with positive gain, best gain: -inf
[LightGBM] [Warning] No further splits with positive gain, best gain: -inf
[LightGBM] [Warning] No further splits with positive gain, best gain: -inf
[LightGBM] [Info] Using self-defined objective function
[LightGBM] [Info] Using self-defined objective function
[LightGBM] [Info] Using self-defined objective function
[LightGBM] [Info] Using self-defined objective function
[LightGBM] [Info] Using self-defined objective function
[2025-12-30 00:01:58.060] INFO:     Found production params for Geo_Sel3: {'focal_alpha': 0.5253480358134486, 'gamma_ratio': 1.1885841015041847, 'num_leaves': 75, 'n_estimators': 918, 'model_type': 'lgbm', 'race_scores': {'lgbm': 0.43524702939337084, 'lgbm_linear': 0.55270794246404, 'xgb': 0.47552220137585993, 'xgb_linear': 0.5145716072545341, 'catboost': 0.48873045653533465}}
[2025-12-30 00:01:58.060] INFO:     Selecting features for Geo_Sel3...
[2025-12-30 00:01:58.786] INFO:     Starting Titan RFE with 420 features...
[LightGBM] [Info] Using self-defined objective function
[LightGBM] [Info] Using self-defined objective function
[2025-12-30 00:02:01.906] SUCCESS:     Selected 70 features for Geo_Sel3
[2025-12-30 00:02:01.906] INFO:     Extracting regime leaves for Geo_Sel3 (H=24.0)...
[2025-12-30 00:02:01.906] WARNING:     No important regime leaves found for Geo_Sel3
2025-12-30 00:02:09,266 - src.training.steps.labeling.mtf_feature_generation - INFO - ℹ️ [MTF] create_meta_features produced 412 columns prior to Layer2 filtering.
[2025-12-30 00:02:09.518] INFO: >>> Layer 2: Step 3 - Running OOF Optimization (Analytics)...
[2025-12-30 00:02:09.519] INFO:    > Processing Fold 1/3...
[2025-12-30 00:02:09.519] INFO: Layer2 OOF Fold 1: purged k-fold val_start=0, val_stop=10560, purge_bars=100, test_start_time=2024-12-15 14:45:00, test_end_time=2025-04-04 14:30:00, n_train=21020
2025-12-30 00:02:09,522 - src.training.steps.labeling.label_based_layer_2 - INFO - ℹ️ Layer2 OOF Fold 1: n_train_bars=21020, n_train_events=5204, n_test_events=2191
2025-12-30 00:02:14,631 - src.training.steps.labeling.mtf_feature_generation - INFO - ℹ️ [MTF] create_meta_features produced 412 columns prior to Layer2 filtering.
[2025-12-30 00:02:14.759] INFO: Optimizing geometries: 5204 total events (no family split)
2025-12-30 00:02:14,847 - src.training.steps.labeling.label_geometry_selection - INFO - ℹ️ Vectorizing 5204 events for horizons [12, 24, 48]...
2025-12-30 00:02:15,025 - src.training.steps.labeling.label_geometry_selection - INFO - ℹ️ Event dedup: 5204 → 1213 events (min_gap=6 bars)
2025-12-30 00:02:15,026 - src.training.steps.labeling.label_geometry_selection - INFO - ℹ️ Events after dedup: 5204 → 1213
2025-12-30 00:02:15,029 - src.training.steps.labeling.label_geometry_selection - INFO - ℹ️ Dropped 9 near-constant feature columns after dedup (411 remaining).
2025-12-30 00:02:15,036 - src.training.steps.labeling.label_geometry_selection - INFO - ℹ️ Generated 704 raw candidates
2025-12-30 00:02:15,036 - src.training.steps.labeling.label_geometry_selection - INFO - ℹ️ After hard constraints: 470 candidates
2025-12-30 00:02:15,037 - src.training.steps.labeling.label_geometry_selection - INFO - ℹ️ Distance-based deduplication: 470 -> 12 candidates
2025-12-30 00:02:15,037 - src.training.steps.labeling.label_geometry_selection - INFO - ℹ️ Training LGBM on 12 pre-filtered candidates...
[LightGBM] [Info] Using self-defined objective function
[LightGBM] [Warning] No further splits with positive gain, best gain: -inf
[LightGBM] [Warning] No further splits with positive gain, best gain: -inf
[LightGBM] [Warning] No further splits with positive gain, best gain: -inf
[LightGBM] [Warning] No further splits with positive gain, best gain: -inf
[LightGBM] [Warning] No further splits with positive gain, best gain: -inf
[LightGBM] [Warning] No further splits with positive gain, best gain: -inf
[LightGBM] [Warning] No further splits with positive gain, best gain: -inf
[LightGBM] [Warning] No further splits with positive gain, best gain: -inf
[LightGBM] [Warning] No further splits with positive gain, best gain: -inf
[LightGBM] [Warning] No further splits with positive gain, best gain: -inf
[LightGBM] [Info] Using self-defined objective function
[LightGBM] [Warning] No further splits with positive gain, best gain: -inf
[LightGBM] [Warning] No further splits with positive gain, best gain: -inf
[LightGBM] [Warning] No further splits with positive gain, best gain: -inf
[LightGBM] [Warning] No further splits with positive gain, best gain: -inf
[LightGBM] [Warning] No further splits with positive gain, best gain: -inf
[LightGBM] [Warning] No further splits with positive gain, best gain: -inf
[LightGBM] [Warning] No further splits with positive gain, best gain: -inf
[LightGBM] [Warning] No further splits with positive gain, best gain: -inf
[LightGBM] [Warning] No further splits with positive gain, best gain: -inf
[LightGBM] [Warning] No further splits with positive gain, best gain: -inf
[LightGBM] [Info] Using self-defined objective function
[LightGBM] [Warning] No further splits with positive gain, best gain: -inf
[LightGBM] [Warning] No further splits with positive gain, best gain: -inf
[LightGBM] [Warning] No further splits with positive gain, best gain: -inf
[LightGBM] [Warning] No further splits with positive gain, best gain: -inf
[LightGBM] [Warning] No further splits with positive gain, best gain: -inf
[LightGBM] [Warning] No further splits with positive gain, best gain: -inf
[LightGBM] [Warning] No further splits with positive gain, best gain: -inf
[LightGBM] [Warning] No further splits with positive gain, best gain: -inf
[LightGBM] [Warning] No further splits with positive gain, best gain: -inf
[LightGBM] [Info] Using self-defined objective function
[LightGBM] [Warning] No further splits with positive gain, best gain: -inf
[LightGBM] [Warning] No further splits with positive gain, best gain: -inf
[LightGBM] [Info] Using self-defined objective function
[LightGBM] [Warning] No further splits with positive gain, best gain: -inf
[LightGBM] [Warning] No further splits with positive gain, best gain: -inf
[LightGBM] [Warning] No further splits with positive gain, best gain: -inf
[LightGBM] [Warning] No further splits with positive gain, best gain: -inf
[LightGBM] [Warning] No further splits with positive gain, best gain: -inf
[LightGBM] [Info] Using self-defined objective function
[LightGBM] [Warning] No further splits with positive gain, best gain: -inf
[LightGBM] [Info] Using self-defined objective function
[LightGBM] [Warning] No further splits with positive gain, best gain: -inf
[LightGBM] [Warning] No further splits with positive gain, best gain: -inf
[LightGBM] [Warning] No further splits with positive gain, best gain: -inf
[LightGBM] [Warning] No further splits with positive gain, best gain: -inf
[LightGBM] [Warning] No further splits with positive gain, best gain: -inf
[LightGBM] [Warning] No further splits with positive gain, best gain: -inf
[LightGBM] [Warning] No further splits with positive gain, best gain: -inf
[LightGBM] [Info] Using self-defined objective function
[LightGBM] [Warning] No further splits with positive gain, best gain: -inf
[LightGBM] [Warning] No further splits with positive gain, best gain: -inf
[LightGBM] [Warning] No further splits with positive gain, best gain: -inf
[LightGBM] [Warning] No further splits with positive gain, best gain: -inf
[LightGBM] [Warning] No further splits with positive gain, best gain: -inf
[LightGBM] [Warning] No further splits with positive gain, best gain: -inf
[LightGBM] [Warning] No further splits with positive gain, best gain: -inf
[LightGBM] [Warning] No further splits with positive gain, best gain: -inf
[LightGBM] [Warning] No further splits with positive gain, best gain: -inf
[LightGBM] [Warning] No further splits with positive gain, best gain: -inf
[LightGBM] [Warning] No further splits with positive gain, best gain: -inf
[LightGBM] [Warning] No further splits with positive gain, best gain: -inf
[LightGBM] [Warning] No further splits with positive gain, best gain: -inf
[LightGBM] [Warning] No further splits with positive gain, best gain: -inf
[LightGBM] [Info] Using self-defined objective function
[LightGBM] [Warning] No further splits with positive gain, best gain: -inf
[LightGBM] [Warning] No further splits with positive gain, best gain: -inf
[LightGBM] [Warning] No further splits with positive gain, best gain: -inf
[LightGBM] [Warning] No further splits with positive gain, best gain: -inf
[LightGBM] [Warning] No further splits with positive gain, best gain: -inf
[LightGBM] [Warning] No further splits with positive gain, best gain: -inf
[LightGBM] [Warning] No further splits with positive gain, best gain: -inf
[LightGBM] [Info] Using self-defined objective function
[LightGBM] [Warning] No further splits with positive gain, best gain: -inf
[LightGBM] [Warning] No further splits with positive gain, best gain: -inf
[LightGBM] [Warning] No further splits with positive gain, best gain: -inf
[LightGBM] [Warning] No further splits with positive gain, best gain: -inf
[LightGBM] [Warning] No further splits with positive gain, best gain: -inf
[LightGBM] [Warning] No further splits with positive gain, best gain: -inf
[LightGBM] [Warning] No further splits with positive gain, best gain: -inf
[LightGBM] [Warning] No further splits with positive gain, best gain: -inf
[LightGBM] [Warning] No further splits with positive gain, best gain: -inf
[LightGBM] [Warning] No further splits with positive gain, best gain: -inf
[LightGBM] [Warning] No further splits with positive gain, best gain: -inf
[LightGBM] [Warning] No further splits with positive gain, best gain: -inf
[LightGBM] [Warning] No further splits with positive gain, best gain: -inf
[LightGBM] [Warning] No further splits with positive gain, best gain: -inf
[LightGBM] [Warning] No further splits with positive gain, best gain: -inf
[LightGBM] [Warning] No further splits with positive gain, best gain: -inf
[LightGBM] [Info] Using self-defined objective function
[LightGBM] [Warning] No further splits with positive gain, best gain: -inf
[LightGBM] [Warning] No further splits with positive gain, best gain: -inf
[LightGBM] [Warning] No further splits with positive gain, best gain: -inf
[LightGBM] [Warning] No further splits with positive gain, best gain: -inf
[LightGBM] [Warning] No further splits with positive gain, best gain: -inf
[LightGBM] [Warning] No further splits with positive gain, best gain: -inf
[LightGBM] [Warning] No further splits with positive gain, best gain: -inf
[LightGBM] [Warning] No further splits with positive gain, best gain: -inf
[LightGBM] [Warning] No further splits with positive gain, best gain: -inf
[LightGBM] [Warning] No further splits with positive gain, best gain: -inf
[LightGBM] [Info] Using self-defined objective function
[LightGBM] [Warning] No further splits with positive gain, best gain: -inf
[LightGBM] [Warning] No further splits with positive gain, best gain: -inf
[LightGBM] [Warning] No further splits with positive gain, best gain: -inf
[LightGBM] [Warning] No further splits with positive gain, best gain: -inf
[LightGBM] [Warning] No further splits with positive gain, best gain: -inf
[LightGBM] [Warning] No further splits with positive gain, best gain: -inf
[LightGBM] [Warning] No further splits with positive gain, best gain: -inf
[LightGBM] [Warning] No further splits with positive gain, best gain: -inf
[LightGBM] [Warning] No further splits with positive gain, best gain: -inf
[LightGBM] [Warning] No further splits with positive gain, best gain: -inf
[LightGBM] [Warning] No further splits with positive gain, best gain: -inf
[LightGBM] [Warning] No further splits with positive gain, best gain: -inf
[LightGBM] [Warning] No further splits with positive gain, best gain: -inf
[LightGBM] [Warning] No further splits with positive gain, best gain: -inf
[LightGBM] [Warning] No further splits with positive gain, best gain: -inf
2025-12-30 00:02:18,652 - src.training.steps.labeling.label_geometry_selection - INFO - ℹ️ Pruning 12 accepted geometries based on prediction correlation...
2025-12-30 00:02:18,653 - src.training.steps.labeling.label_geometry_selection - INFO - ℹ️   Candidate 1: Pain Averse (High Penalty for Drawdown) (H=12) | Score=1.209, AUC_early=0.535, AUC_late=0.531, Stability=0.004, FeatImp=4460.7
2025-12-30 00:02:18,653 - src.training.steps.labeling.label_geometry_selection - INFO - ℹ️   Candidate 2: Sniper (Selective, High Reward) (H=24) | Score=0.869, AUC_early=0.576, AUC_late=0.534, Stability=0.042, FeatImp=379.4
2025-12-30 00:02:18,653 - src.training.steps.labeling.label_geometry_selection - INFO - ℹ️   Candidate 3: Pain Averse (High Penalty for Drawdown) (H=24) | Score=0.843, AUC_early=0.534, AUC_late=0.519, Stability=0.015, FeatImp=547.8
2025-12-30 00:02:18,653 - src.training.steps.labeling.label_geometry_selection - INFO - ℹ️   Candidate 4: Balanced (H=24) | Score=0.822, AUC_early=0.568, AUC_late=0.527, Stability=0.041, FeatImp=379.4
2025-12-30 00:02:18,653 - src.training.steps.labeling.label_geometry_selection - INFO - ℹ️   Candidate 5: Balanced (H=12) | Score=0.758, AUC_early=0.526, AUC_late=0.518, Stability=0.008, FeatImp=149.8
2025-12-30 00:02:18,653 - src.training.steps.labeling.label_geometry_selection - INFO - ℹ️   Candidate 6: Sniper (Selective, High Reward) (H=12) | Score=0.746, AUC_early=0.614, AUC_late=0.471, Stability=0.143, FeatImp=1070.1
2025-12-30 00:02:18,653 - src.training.steps.labeling.label_geometry_selection - INFO - ℹ️   Candidate 7: Deep Value (Loose Tolerance, Low Target) (H=24) | Score=0.698, AUC_early=0.555, AUC_late=0.476, Stability=0.079, FeatImp=1198.2
2025-12-30 00:02:18,653 - src.training.steps.labeling.label_geometry_selection - INFO - ℹ️   Candidate 8: Pain Averse (High Penalty for Drawdown) (H=24) | Score=0.686, AUC_early=0.541, AUC_late=0.484, Stability=0.057, FeatImp=932.5
2025-12-30 00:02:18,653 - src.training.steps.labeling.label_geometry_selection - INFO - ℹ️   Candidate 9: Pain Averse (High Penalty for Drawdown) (H=12) | Score=0.660, AUC_early=0.512, AUC_late=0.537, Stability=0.026, FeatImp=177.0
2025-12-30 00:02:18,653 - src.training.steps.labeling.label_geometry_selection - INFO - ℹ️   Candidate 10: Momentum Surfer (Tolerates Volatility) (H=24) | Score=0.647, AUC_early=0.542, AUC_late=0.491, Stability=0.051, FeatImp=656.3
2025-12-30 00:02:18,653 - src.training.steps.labeling.label_geometry_selection - INFO - ℹ️ Dropped Balanced (H=24, Score=0.822): corr 0.95 with Sniper (Selective, High Reward) (H=24)
2025-12-30 00:02:18,654 - src.training.steps.labeling.label_geometry_selection - INFO - ℹ️ Final Selection: 8 geometries (Best Learnability Score: 1.209)
[2025-12-30 00:02:18.654] INFO: Geometry selection complete: 8 geometries selected
2025-12-30 00:02:18,661 - src.training.steps.labeling.label_based_layer_2 - INFO - ℹ️ Layer2 OOF Fold 1: extracted_trials_per_family={'Unified': 8}
2025-12-30 00:02:22,181 - src.training.steps.labeling.label_based_layer_2 - INFO - ℹ️ Selected candidate (Score=8.186)
2025-12-30 00:02:24,042 - src.training.steps.labeling.label_based_layer_2 - INFO - ℹ️ Selected candidate (Score=8.743)
2025-12-30 00:02:25,810 - src.training.steps.labeling.label_based_layer_2 - INFO - ℹ️ Selected candidate (Score=4.631)
2025-12-30 00:02:27,490 - src.training.steps.labeling.label_based_layer_2 - INFO - ℹ️ Selected candidate (Score=4.650)
2025-12-30 00:02:29,215 - src.training.steps.labeling.label_based_layer_2 - INFO - ℹ️ Selected candidate (Score=10.127)
2025-12-30 00:02:30,994 - src.training.steps.labeling.label_based_layer_2 - INFO - ℹ️ Selected candidate (Score=8.455)
2025-12-30 00:02:32,899 - src.training.steps.labeling.label_based_layer_2 - INFO - ℹ️ Selected candidate (Score=8.647)
2025-12-30 00:02:32,900 - src.training.steps.labeling.label_based_layer_2 - INFO - ℹ️ Layer2 OOF Fold 1: selected_geometries=8, by_family={'Unified': 8}
/Library/Frameworks/Python.framework/Versions/3.11/lib/python3.11/multiprocessing/resource_tracker.py:224: UserWarning: resource_tracker: There appear to be 1 leaked semaphore objects to clean up at shutdown
  warnings.warn('resource_tracker: There appear to be %d '
