group,strategy_id,rank_col,selection_type,band_lo,band_hi,row_count,rank_min,rank_max,net_hit_rate,gross_hit_rate,mean_net_return,median_net_return,p10_net_return,p90_net_return,mean_gross_return,median_gross_return,mean_entry_adverse_bps
global,__global__,auction_rank_score,cumulative_at_or_above,0.0,1.0,48913,0.8,1.0,0.597652975691534,0.6023960910187476,0.03337201159102064,0.01618648363666939,-0.008597054543642683,0.09551250392839411,0.03540741910363184,0.018204688714766992,
global,__global__,auction_rank_score,cumulative_at_or_above,0.05,1.0,48913,0.8,1.0,0.597652975691534,0.6023960910187476,0.03337201159102064,0.01618648363666939,-0.008597054543642683,0.09551250392839411,0.03540741910363184,0.018204688714766992,
global,__global__,auction_rank_score,cumulative_at_or_above,0.1,1.0,48913,0.8,1.0,0.597652975691534,0.6023960910187476,0.03337201159102064,0.01618648363666939,-0.008597054543642683,0.09551250392839411,0.03540741910363184,0.018204688714766992,
global,__global__,auction_rank_score,cumulative_at_or_above,0.15,1.0,48913,0.8,1.0,0.597652975691534,0.6023960910187476,0.03337201159102064,0.01618648363666939,-0.008597054543642683,0.09551250392839411,0.03540741910363184,0.018204688714766992,
global,__global__,auction_rank_score,cumulative_at_or_above,0.2,1.0,48913,0.8,1.0,0.597652975691534,0.6023960910187476,0.03337201159102064,0.01618648363666939,-0.008597054543642683,0.09551250392839411,0.03540741910363184,0.018204688714766992,
global,__global__,auction_rank_score,cumulative_at_or_above,0.25,1.0,48913,0.8,1.0,0.597652975691534,0.6023960910187476,0.03337201159102064,0.01618648363666939,-0.008597054543642683,0.09551250392839411,0.03540741910363184,0.018204688714766992,
global,__global__,auction_rank_score,cumulative_at_or_above,0.3,1.0,48913,0.8,1.0,0.597652975691534,0.6023960910187476,0.03337201159102064,0.01618648363666939,-0.008597054543642683,0.09551250392839411,0.03540741910363184,0.018204688714766992,
global,__global__,auction_rank_score,cumulative_at_or_above,0.35,1.0,48913,0.8,1.0,0.597652975691534,0.6023960910187476,0.03337201159102064,0.01618648363666939,-0.008597054543642683,0.09551250392839411,0.03540741910363184,0.018204688714766992,
global,__global__,auction_rank_score,cumulative_at_or_above,0.4,1.0,48913,0.8,1.0,0.597652975691534,0.6023960910187476,0.03337201159102064,0.01618648363666939,-0.008597054543642683,0.09551250392839411,0.03540741910363184,0.018204688714766992,
global,__global__,auction_rank_score,cumulative_at_or_above,0.45,1.0,48913,0.8,1.0,0.597652975691534,0.6023960910187476,0.03337201159102064,0.01618648363666939,-0.008597054543642683,0.09551250392839411,0.03540741910363184,0.018204688714766992,
global,__global__,auction_rank_score,cumulative_at_or_above,0.5,1.0,48913,0.8,1.0,0.597652975691534,0.6023960910187476,0.03337201159102064,0.01618648363666939,-0.008597054543642683,0.09551250392839411,0.03540741910363184,0.018204688714766992,
global,__global__,auction_rank_score,cumulative_at_or_above,0.55,1.0,48913,0.8,1.0,0.597652975691534,0.6023960910187476,0.03337201159102064,0.01618648363666939,-0.008597054543642683,0.09551250392839411,0.03540741910363184,0.018204688714766992,
global,__global__,auction_rank_score,cumulative_at_or_above,0.6,1.0,48913,0.8,1.0,0.597652975691534,0.6023960910187476,0.03337201159102064,0.01618648363666939,-0.008597054543642683,0.09551250392839411,0.03540741910363184,0.018204688714766992,
global,__global__,auction_rank_score,cumulative_at_or_above,0.65,1.0,48913,0.8,1.0,0.597652975691534,0.6023960910187476,0.03337201159102064,0.01618648363666939,-0.008597054543642683,0.09551250392839411,0.03540741910363184,0.018204688714766992,
global,__global__,auction_rank_score,cumulative_at_or_above,0.7,1.0,48913,0.8,1.0,0.597652975691534,0.6023960910187476,0.03337201159102064,0.01618648363666939,-0.008597054543642683,0.09551250392839411,0.03540741910363184,0.018204688714766992,
global,__global__,auction_rank_score,cumulative_at_or_above,0.75,1.0,48913,0.8,1.0,0.597652975691534,0.6023960910187476,0.03337201159102064,0.01618648363666939,-0.008597054543642683,0.09551250392839411,0.03540741910363184,0.018204688714766992,
global,__global__,auction_rank_score,local_band,0.8,0.8500000000000001,12229,0.8,0.85,0.5751901218415243,0.5805871289557609,0.02883692619085759,0.012295931296880435,-0.008715036702750567,0.08624566821020001,0.030867794104625087,0.014310241501958317,
global,__global__,auction_rank_score,cumulative_at_or_above,0.8,1.0,48913,0.8,1.0,0.597652975691534,0.6023960910187476,0.03337201159102064,0.01618648363666939,-0.008597054543642683,0.09551250392839411,0.03540741910363184,0.018204688714766992,
global,__global__,auction_rank_score,local_band,0.85,0.9,12228,0.85,0.8999959110238797,0.5938828917239123,0.5989532221131828,0.03181975421713556,0.014886199227519948,-0.00848634280824999,0.09450476770930892,0.03385360792146484,0.016903102752592353,
global,__global__,auction_rank_score,cumulative_at_or_above,0.85,1.0,36685,0.85,1.0,0.6051247103720867,0.6096497205942484,0.034882703450827446,0.01705560378790832,-0.00858053710946005,0.09976128400826667,0.0369196231587758,0.019074678489980026,
global,__global__,auction_rank_score,local_band,0.9,0.9500000000000001,12229,0.9,0.95,0.6121514432905388,0.6170578133943904,0.03541473573943017,0.01787732372218367,-0.008429435205158053,0.10517665871594215,0.037452188011022125,0.019897221947542173,
global,__global__,auction_rank_score,cumulative_at_or_above,0.9,1.0,24457,0.9,1.0,0.6107453898679315,0.6149977511550885,0.036414115448602485,0.01944252519606524,-0.008604319026856275,0.10352643206342124,0.03845256809567887,0.021463989724904858,
global,__global__,auction_rank_score,local_band,0.95,1.0,12229,0.95,1.0,0.6092893940632922,0.6128873988061166,0.0374099020533058,0.020050123726423803,-0.008756932886596219,0.1008156385762533,0.039449351479203844,0.022072196204274714,
global,__global__,auction_rank_score,cumulative_at_or_above,0.95,1.0,12229,0.95,1.0,0.6092893940632922,0.6128873988061166,0.0374099020533058,0.020050123726423803,-0.008756932886596219,0.1008156385762533,0.039449351479203844,0.022072196204274714,
strategy,long_asset_vol_level_pct_0_20587213_compression_score_-0_99787366,auction_rank_score,cumulative_at_or_above,0.0,1.0,7422,0.8000490677134445,0.9935598626104023,0.6409323632444085,0.6534626785233091,0.03249078190831161,0.01705560422526122,-0.007406987876981717,0.08958241625604738,0.03452530730356095,0.019074678926921454,
strategy,long_asset_vol_level_pct_0_20587213_compression_score_-0_99787366,auction_rank_score,cumulative_at_or_above,0.05,1.0,7422,0.8000490677134445,0.9935598626104023,0.6409323632444085,0.6534626785233091,0.03249078190831161,0.01705560422526122,-0.007406987876981717,0.08958241625604738,0.03452530730356095,0.019074678926921454,
strategy,long_asset_vol_level_pct_0_20587213_compression_score_-0_99787366,auction_rank_score,cumulative_at_or_above,0.1,1.0,7422,0.8000490677134445,0.9935598626104023,0.6409323632444085,0.6534626785233091,0.03249078190831161,0.01705560422526122,-0.007406987876981717,0.08958241625604738,0.03452530730356095,0.019074678926921454,
strategy,long_asset_vol_level_pct_0_20587213_compression_score_-0_99787366,auction_rank_score,cumulative_at_or_above,0.15,1.0,7422,0.8000490677134445,0.9935598626104023,0.6409323632444085,0.6534626785233091,0.03249078190831161,0.01705560422526122,-0.007406987876981717,0.08958241625604738,0.03452530730356095,0.019074678926921454,
strategy,long_asset_vol_level_pct_0_20587213_compression_score_-0_99787366,auction_rank_score,cumulative_at_or_above,0.2,1.0,7422,0.8000490677134445,0.9935598626104023,0.6409323632444085,0.6534626785233091,0.03249078190831161,0.01705560422526122,-0.007406987876981717,0.08958241625604738,0.03452530730356095,0.019074678926921454,
strategy,long_asset_vol_level_pct_0_20587213_compression_score_-0_99787366,auction_rank_score,cumulative_at_or_above,0.25,1.0,7422,0.8000490677134445,0.9935598626104023,0.6409323632444085,0.6534626785233091,0.03249078190831161,0.01705560422526122,-0.007406987876981717,0.08958241625604738,0.03452530730356095,0.019074678926921454,
strategy,long_asset_vol_level_pct_0_20587213_compression_score_-0_99787366,auction_rank_score,cumulative_at_or_above,0.3,1.0,7422,0.8000490677134445,0.9935598626104023,0.6409323632444085,0.6534626785233091,0.03249078190831161,0.01705560422526122,-0.007406987876981717,0.08958241625604738,0.03452530730356095,0.019074678926921454,
strategy,long_asset_vol_level_pct_0_20587213_compression_score_-0_99787366,auction_rank_score,cumulative_at_or_above,0.35,1.0,7422,0.8000490677134445,0.9935598626104023,0.6409323632444085,0.6534626785233091,0.03249078190831161,0.01705560422526122,-0.007406987876981717,0.08958241625604738,0.03452530730356095,0.019074678926921454,
strategy,long_asset_vol_level_pct_0_20587213_compression_score_-0_99787366,auction_rank_score,cumulative_at_or_above,0.4,1.0,7422,0.8000490677134445,0.9935598626104023,0.6409323632444085,0.6534626785233091,0.03249078190831161,0.01705560422526122,-0.007406987876981717,0.08958241625604738,0.03452530730356095,0.019074678926921454,
strategy,long_asset_vol_level_pct_0_20587213_compression_score_-0_99787366,auction_rank_score,cumulative_at_or_above,0.45,1.0,7422,0.8000490677134445,0.9935598626104023,0.6409323632444085,0.6534626785233091,0.03249078190831161,0.01705560422526122,-0.007406987876981717,0.08958241625604738,0.03452530730356095,0.019074678926921454,
strategy,long_asset_vol_level_pct_0_20587213_compression_score_-0_99787366,auction_rank_score,cumulative_at_or_above,0.5,1.0,7422,0.8000490677134445,0.9935598626104023,0.6409323632444085,0.6534626785233091,0.03249078190831161,0.01705560422526122,-0.007406987876981717,0.08958241625604738,0.03452530730356095,0.019074678926921454,
strategy,long_asset_vol_level_pct_0_20587213_compression_score_-0_99787366,auction_rank_score,cumulative_at_or_above,0.55,1.0,7422,0.8000490677134445,0.9935598626104023,0.6409323632444085,0.6534626785233091,0.03249078190831161,0.01705560422526122,-0.007406987876981717,0.08958241625604738,0.03452530730356095,0.019074678926921454,
strategy,long_asset_vol_level_pct_0_20587213_compression_score_-0_99787366,auction_rank_score,cumulative_at_or_above,0.6,1.0,7422,0.8000490677134445,0.9935598626104023,0.6409323632444085,0.6534626785233091,0.03249078190831161,0.01705560422526122,-0.007406987876981717,0.08958241625604738,0.03452530730356095,0.019074678926921454,
strategy,long_asset_vol_level_pct_0_20587213_compression_score_-0_99787366,auction_rank_score,cumulative_at_or_above,0.65,1.0,7422,0.8000490677134445,0.9935598626104023,0.6409323632444085,0.6534626785233091,0.03249078190831161,0.01705560422526122,-0.007406987876981717,0.08958241625604738,0.03452530730356095,0.019074678926921454,
strategy,long_asset_vol_level_pct_0_20587213_compression_score_-0_99787366,auction_rank_score,cumulative_at_or_above,0.7,1.0,7422,0.8000490677134445,0.9935598626104023,0.6409323632444085,0.6534626785233091,0.03249078190831161,0.01705560422526122,-0.007406987876981717,0.08958241625604738,0.03452530730356095,0.019074678926921454,
strategy,long_asset_vol_level_pct_0_20587213_compression_score_-0_99787366,auction_rank_score,cumulative_at_or_above,0.75,1.0,7422,0.8000490677134445,0.9935598626104023,0.6409323632444085,0.6534626785233091,0.03249078190831161,0.01705560422526122,-0.007406987876981717,0.08958241625604738,0.03452530730356095,0.019074678926921454,
strategy,long_asset_vol_level_pct_0_20587213_compression_score_-0_99787366,auction_rank_score,local_band,0.8,0.8500000000000001,2158,0.8000490677134445,0.85,0.6014828544949027,0.6121408711770158,0.02755218554812445,0.012502551745206415,-0.00764040451097172,0.08003996612173195,0.029581767417108776,0.01451706883384473,
strategy,long_asset_vol_level_pct_0_20587213_compression_score_-0_99787366,auction_rank_score,cumulative_at_or_above,0.8,1.0,7422,0.8000490677134445,0.9935598626104023,0.6409323632444085,0.6534626785233091,0.03249078190831161,0.01705560422526122,-0.007406987876981717,0.08958241625604738,0.03452530730356095,0.019074678926921454,
strategy,long_asset_vol_level_pct_0_20587213_compression_score_-0_99787366,auction_rank_score,local_band,0.85,0.9,2243,0.85,0.8999795551193981,0.6366473473027195,0.6460098082924655,0.0315241913007058,0.016821710476825034,-0.0074033311531153875,0.08639365758904441,0.03355774914224524,0.01884055170946948,
strategy,long_asset_vol_level_pct_0_20587213_compression_score_-0_99787366,auction_rank_score,cumulative_at_or_above,0.85,1.0,5265,0.85,0.9935598626104023,0.656980056980057,0.6702754036087369,0.03450759932395924,0.02006775028473485,-0.007341666697751646,0.0955125042207335,0.03654414354987934,0.0220898394894197,
strategy,long_asset_vol_level_pct_0_20587213_compression_score_-0_99787366,auction_rank_score,local_band,0.9,0.9500000000000001,1895,0.9000081779522408,0.9499959110238796,0.6781002638522428,0.6886543535620053,0.035723145688602416,0.021291876481394245,-0.007281942822153145,0.08869193082885929,0.03776090667003514,0.02331519175862785,
strategy,long_asset_vol_level_pct_0_20587213_compression_score_-0_99787366,auction_rank_score,cumulative_at_or_above,0.9,1.0,3022,0.9000081779522408,0.9935598626104023,0.672071475843812,0.6882859033752482,0.03672195544446138,0.021819088203659905,-0.007295983448656587,0.10390798778818548,0.03876071623562497,0.02384293067378674,
strategy,long_asset_vol_level_pct_0_20587213_compression_score_-0_99787366,auction_rank_score,local_band,0.95,1.0,1127,0.9500040889761204,0.9935598626104023,0.6619343389529725,0.6876663708961845,0.038401409293044086,0.024011299023546866,-0.007357041082782823,0.12267242692282472,0.04044185121946945,0.026037335789345046,
strategy,long_asset_vol_level_pct_0_20587213_compression_score_-0_99787366,auction_rank_score,cumulative_at_or_above,0.95,1.0,1127,0.9500040889761204,0.9935598626104023,0.6619343389529725,0.6876663708961845,0.038401409293044086,0.024011299023546866,-0.007357041082782823,0.12267242692282472,0.04044185121946945,0.026037335789345046,
strategy,long_bars_in_high_vol_state_log_norm_-0_38407263_pullback_depth_1_8353814_pullback_depth_-0_90359813_asset_funding_rate_abs_mean_7d_0_000011711979_variance_ratio_10_48_-0_27143899,auction_rank_score,cumulative_at_or_above,0.0,1.0,6688,0.8000163559044815,0.9911800785083416,0.5992822966507177,0.6018241626794258,0.034578541302025416,0.020150847351916964,-0.00906168458506943,0.10517666615852356,0.036615156560821746,0.02217302073322608,
strategy,long_bars_in_high_vol_state_log_norm_-0_38407263_pullback_depth_1_8353814_pullback_depth_-0_90359813_asset_funding_rate_abs_mean_7d_0_000011711979_variance_ratio_10_48_-0_27143899,auction_rank_score,cumulative_at_or_above,0.05,1.0,6688,0.8000163559044815,0.9911800785083416,0.5992822966507177,0.6018241626794258,0.034578541302025416,0.020150847351916964,-0.00906168458506943,0.10517666615852356,0.036615156560821746,0.02217302073322608,
strategy,long_bars_in_high_vol_state_log_norm_-0_38407263_pullback_depth_1_8353814_pullback_depth_-0_90359813_asset_funding_rate_abs_mean_7d_0_000011711979_variance_ratio_10_48_-0_27143899,auction_rank_score,cumulative_at_or_above,0.1,1.0,6688,0.8000163559044815,0.9911800785083416,0.5992822966507177,0.6018241626794258,0.034578541302025416,0.020150847351916964,-0.00906168458506943,0.10517666615852356,0.036615156560821746,0.02217302073322608,
strategy,long_bars_in_high_vol_state_log_norm_-0_38407263_pullback_depth_1_8353814_pullback_depth_-0_90359813_asset_funding_rate_abs_mean_7d_0_000011711979_variance_ratio_10_48_-0_27143899,auction_rank_score,cumulative_at_or_above,0.15,1.0,6688,0.8000163559044815,0.9911800785083416,0.5992822966507177,0.6018241626794258,0.034578541302025416,0.020150847351916964,-0.00906168458506943,0.10517666615852356,0.036615156560821746,0.02217302073322608,
strategy,long_bars_in_high_vol_state_log_norm_-0_38407263_pullback_depth_1_8353814_pullback_depth_-0_90359813_asset_funding_rate_abs_mean_7d_0_000011711979_variance_ratio_10_48_-0_27143899,auction_rank_score,cumulative_at_or_above,0.2,1.0,6688,0.8000163559044815,0.9911800785083416,0.5992822966507177,0.6018241626794258,0.034578541302025416,0.020150847351916964,-0.00906168458506943,0.10517666615852356,0.036615156560821746,0.02217302073322608,
strategy,long_bars_in_high_vol_state_log_norm_-0_38407263_pullback_depth_1_8353814_pullback_depth_-0_90359813_asset_funding_rate_abs_mean_7d_0_000011711979_variance_ratio_10_48_-0_27143899,auction_rank_score,cumulative_at_or_above,0.25,1.0,6688,0.8000163559044815,0.9911800785083416,0.5992822966507177,0.6018241626794258,0.034578541302025416,0.020150847351916964,-0.00906168458506943,0.10517666615852356,0.036615156560821746,0.02217302073322608,
strategy,long_bars_in_high_vol_state_log_norm_-0_38407263_pullback_depth_1_8353814_pullback_depth_-0_90359813_asset_funding_rate_abs_mean_7d_0_000011711979_variance_ratio_10_48_-0_27143899,auction_rank_score,cumulative_at_or_above,0.3,1.0,6688,0.8000163559044815,0.9911800785083416,0.5992822966507177,0.6018241626794258,0.034578541302025416,0.020150847351916964,-0.00906168458506943,0.10517666615852356,0.036615156560821746,0.02217302073322608,
strategy,long_bars_in_high_vol_state_log_norm_-0_38407263_pullback_depth_1_8353814_pullback_depth_-0_90359813_asset_funding_rate_abs_mean_7d_0_000011711979_variance_ratio_10_48_-0_27143899,auction_rank_score,cumulative_at_or_above,0.35,1.0,6688,0.8000163559044815,0.9911800785083416,0.5992822966507177,0.6018241626794258,0.034578541302025416,0.020150847351916964,-0.00906168458506943,0.10517666615852356,0.036615156560821746,0.02217302073322608,
strategy,long_bars_in_high_vol_state_log_norm_-0_38407263_pullback_depth_1_8353814_pullback_depth_-0_90359813_asset_funding_rate_abs_mean_7d_0_000011711979_variance_ratio_10_48_-0_27143899,auction_rank_score,cumulative_at_or_above,0.4,1.0,6688,0.8000163559044815,0.9911800785083416,0.5992822966507177,0.6018241626794258,0.034578541302025416,0.020150847351916964,-0.00906168458506943,0.10517666615852356,0.036615156560821746,0.02217302073322608,
strategy,long_bars_in_high_vol_state_log_norm_-0_38407263_pullback_depth_1_8353814_pullback_depth_-0_90359813_asset_funding_rate_abs_mean_7d_0_000011711979_variance_ratio_10_48_-0_27143899,auction_rank_score,cumulative_at_or_above,0.45,1.0,6688,0.8000163559044815,0.9911800785083416,0.5992822966507177,0.6018241626794258,0.034578541302025416,0.020150847351916964,-0.00906168458506943,0.10517666615852356,0.036615156560821746,0.02217302073322608,
strategy,long_bars_in_high_vol_state_log_norm_-0_38407263_pullback_depth_1_8353814_pullback_depth_-0_90359813_asset_funding_rate_abs_mean_7d_0_000011711979_variance_ratio_10_48_-0_27143899,auction_rank_score,cumulative_at_or_above,0.5,1.0,6688,0.8000163559044815,0.9911800785083416,0.5992822966507177,0.6018241626794258,0.034578541302025416,0.020150847351916964,-0.00906168458506943,0.10517666615852356,0.036615156560821746,0.02217302073322608,
strategy,long_bars_in_high_vol_state_log_norm_-0_38407263_pullback_depth_1_8353814_pullback_depth_-0_90359813_asset_funding_rate_abs_mean_7d_0_000011711979_variance_ratio_10_48_-0_27143899,auction_rank_score,cumulative_at_or_above,0.55,1.0,6688,0.8000163559044815,0.9911800785083416,0.5992822966507177,0.6018241626794258,0.034578541302025416,0.020150847351916964,-0.00906168458506943,0.10517666615852356,0.036615156560821746,0.02217302073322608,
strategy,long_bars_in_high_vol_state_log_norm_-0_38407263_pullback_depth_1_8353814_pullback_depth_-0_90359813_asset_funding_rate_abs_mean_7d_0_000011711979_variance_ratio_10_48_-0_27143899,auction_rank_score,cumulative_at_or_above,0.6,1.0,6688,0.8000163559044815,0.9911800785083416,0.5992822966507177,0.6018241626794258,0.034578541302025416,0.020150847351916964,-0.00906168458506943,0.10517666615852356,0.036615156560821746,0.02217302073322608,
strategy,long_bars_in_high_vol_state_log_norm_-0_38407263_pullback_depth_1_8353814_pullback_depth_-0_90359813_asset_funding_rate_abs_mean_7d_0_000011711979_variance_ratio_10_48_-0_27143899,auction_rank_score,cumulative_at_or_above,0.65,1.0,6688,0.8000163559044815,0.9911800785083416,0.5992822966507177,0.6018241626794258,0.034578541302025416,0.020150847351916964,-0.00906168458506943,0.10517666615852356,0.036615156560821746,0.02217302073322608,
strategy,long_bars_in_high_vol_state_log_norm_-0_38407263_pullback_depth_1_8353814_pullback_depth_-0_90359813_asset_funding_rate_abs_mean_7d_0_000011711979_variance_ratio_10_48_-0_27143899,auction_rank_score,cumulative_at_or_above,0.7,1.0,6688,0.8000163559044815,0.9911800785083416,0.5992822966507177,0.6018241626794258,0.034578541302025416,0.020150847351916964,-0.00906168458506943,0.10517666615852356,0.036615156560821746,0.02217302073322608,
strategy,long_bars_in_high_vol_state_log_norm_-0_38407263_pullback_depth_1_8353814_pullback_depth_-0_90359813_asset_funding_rate_abs_mean_7d_0_000011711979_variance_ratio_10_48_-0_27143899,auction_rank_score,cumulative_at_or_above,0.75,1.0,6688,0.8000163559044815,0.9911800785083416,0.5992822966507177,0.6018241626794258,0.034578541302025416,0.020150847351916964,-0.00906168458506943,0.10517666615852356,0.036615156560821746,0.02217302073322608,
strategy,long_bars_in_high_vol_state_log_norm_-0_38407263_pullback_depth_1_8353814_pullback_depth_-0_90359813_asset_funding_rate_abs_mean_7d_0_000011711979_variance_ratio_10_48_-0_27143899,auction_rank_score,local_band,0.8,0.8500000000000001,2166,0.8000163559044815,0.8499795551193982,0.556786703601108,0.5581717451523546,0.026995870676438716,0.01418326954834926,-0.009186371937208561,0.08123258901983152,0.029024895705263055,0.016199469434005243,
strategy,long_bars_in_high_vol_state_log_norm_-0_38407263_pullback_depth_1_8353814_pullback_depth_-0_90359813_asset_funding_rate_abs_mean_7d_0_000011711979_variance_ratio_10_48_-0_27143899,auction_rank_score,cumulative_at_or_above,0.8,1.0,6688,0.8000163559044815,0.9911800785083416,0.5992822966507177,0.6018241626794258,0.034578541302025416,0.020150847351916964,-0.00906168458506943,0.10517666615852356,0.036615156560821746,0.02217302073322608,
strategy,long_bars_in_high_vol_state_log_norm_-0_38407263_pullback_depth_1_8353814_pullback_depth_-0_90359813_asset_funding_rate_abs_mean_7d_0_000011711979_variance_ratio_10_48_-0_27143899,auction_rank_score,local_band,0.85,0.9,1998,0.8500081779522407,0.8999631992149166,0.5735735735735735,0.5775775775775776,0.03127213384438155,0.016023093079916024,-0.009115316970402514,0.0982284701743737,0.033305439363165,0.018041133756772278,
strategy,long_bars_in_high_vol_state_log_norm_-0_38407263_pullback_depth_1_8353814_pullback_depth_-0_90359813_asset_funding_rate_abs_mean_7d_0_000011711979_variance_ratio_10_48_-0_27143899,auction_rank_score,cumulative_at_or_above,0.85,1.0,4522,0.8500081779522407,0.9911800785083416,0.6196373286156568,0.622733303847855,0.03821057681176022,0.02409489798367464,-0.008918776861260061,0.1105539439767347,0.04025082772692969,0.02612101942393303,
strategy,long_bars_in_high_vol_state_log_norm_-0_38407263_pullback_depth_1_8353814_pullback_depth_-0_90359813_asset_funding_rate_abs_mean_7d_0_000011711979_variance_ratio_10_48_-0_27143899,auction_rank_score,local_band,0.9,0.9500000000000001,1691,0.9000040889761204,0.9499304874059535,0.641632170313424,0.644589000591366,0.04227282320257229,0.026638184784248103,-0.00882820854632033,0.12074745803206513,0.044317140413954084,0.028666852483696492,
strategy,long_bars_in_high_vol_state_log_norm_-0_38407263_pullback_depth_1_8353814_pullback_depth_-0_90359813_asset_funding_rate_abs_mean_7d_0_000011711979_variance_ratio_10_48_-0_27143899,auction_rank_score,cumulative_at_or_above,0.9,1.0,2524,0.9000040889761204,0.9911800785083416,0.6561014263074485,0.6584786053882726,0.043703052663116235,0.029896967209563828,-0.008673731301963403,0.12074746037500324,0.045748801558467674,0.03192889619448291,
strategy,long_bars_in_high_vol_state_log_norm_-0_38407263_pullback_depth_1_8353814_pullback_depth_-0_90359813_asset_funding_rate_abs_mean_7d_0_000011711979_variance_ratio_10_48_-0_27143899,auction_rank_score,local_band,0.95,1.0,833,0.9500736015701668,0.9911800785083416,0.6854741896758704,0.6866746698679472,0.04660643563764178,0.03376846849330173,-0.008456337931844292,0.12074746379770394,0.04865509086863872,0.03580427218599803,
strategy,long_bars_in_high_vol_state_log_norm_-0_38407263_pullback_depth_1_8353814_pullback_depth_-0_90359813_asset_funding_rate_abs_mean_7d_0_000011711979_variance_ratio_10_48_-0_27143899,auction_rank_score,cumulative_at_or_above,0.95,1.0,833,0.9500736015701668,0.9911800785083416,0.6854741896758704,0.6866746698679472,0.04660643563764178,0.03376846849330173,-0.008456337931844292,0.12074746379770394,0.04865509086863872,0.03580427218599803,
strategy,long_bars_in_high_vol_state_log_norm_-0_49417102_loc_range_pos_48_0_22034115_loc_swing_range_pos_24_1_0002919_atr_percentile_-1_477338_range_24h_pct_0_13988039_variance_ratio_10_48_0_92117828,auction_rank_score,cumulative_at_or_above,0.0,1.0,12079,0.8000081779522408,1.0,0.599718519745012,0.602533322294892,0.03308785363840861,0.01555292509482797,-0.00893163804777388,0.0895378737736362,0.035122976674738716,0.01757049573138066,
strategy,long_bars_in_high_vol_state_log_norm_-0_49417102_loc_range_pos_48_0_22034115_loc_swing_range_pos_24_1_0002919_atr_percentile_-1_477338_range_24h_pct_0_13988039_variance_ratio_10_48_0_92117828,auction_rank_score,cumulative_at_or_above,0.05,1.0,12079,0.8000081779522408,1.0,0.599718519745012,0.602533322294892,0.03308785363840861,0.01555292509482797,-0.00893163804777388,0.0895378737736362,0.035122976674738716,0.01757049573138066,
strategy,long_bars_in_high_vol_state_log_norm_-0_49417102_loc_range_pos_48_0_22034115_loc_swing_range_pos_24_1_0002919_atr_percentile_-1_477338_range_24h_pct_0_13988039_variance_ratio_10_48_0_92117828,auction_rank_score,cumulative_at_or_above,0.1,1.0,12079,0.8000081779522408,1.0,0.599718519745012,0.602533322294892,0.03308785363840861,0.01555292509482797,-0.00893163804777388,0.0895378737736362,0.035122976674738716,0.01757049573138066,
strategy,long_bars_in_high_vol_state_log_norm_-0_49417102_loc_range_pos_48_0_22034115_loc_swing_range_pos_24_1_0002919_atr_percentile_-1_477338_range_24h_pct_0_13988039_variance_ratio_10_48_0_92117828,auction_rank_score,cumulative_at_or_above,0.15,1.0,12079,0.8000081779522408,1.0,0.599718519745012,0.602533322294892,0.03308785363840861,0.01555292509482797,-0.00893163804777388,0.0895378737736362,0.035122976674738716,0.01757049573138066,
strategy,long_bars_in_high_vol_state_log_norm_-0_49417102_loc_range_pos_48_0_22034115_loc_swing_range_pos_24_1_0002919_atr_percentile_-1_477338_range_24h_pct_0_13988039_variance_ratio_10_48_0_92117828,auction_rank_score,cumulative_at_or_above,0.2,1.0,12079,0.8000081779522408,1.0,0.599718519745012,0.602533322294892,0.03308785363840861,0.01555292509482797,-0.00893163804777388,0.0895378737736362,0.035122976674738716,0.01757049573138066,
strategy,long_bars_in_high_vol_state_log_norm_-0_49417102_loc_range_pos_48_0_22034115_loc_swing_range_pos_24_1_0002919_atr_percentile_-1_477338_range_24h_pct_0_13988039_variance_ratio_10_48_0_92117828,auction_rank_score,cumulative_at_or_above,0.25,1.0,12079,0.8000081779522408,1.0,0.599718519745012,0.602533322294892,0.03308785363840861,0.01555292509482797,-0.00893163804777388,0.0895378737736362,0.035122976674738716,0.01757049573138066,
strategy,long_bars_in_high_vol_state_log_norm_-0_49417102_loc_range_pos_48_0_22034115_loc_swing_range_pos_24_1_0002919_atr_percentile_-1_477338_range_24h_pct_0_13988039_variance_ratio_10_48_0_92117828,auction_rank_score,cumulative_at_or_above,0.3,1.0,12079,0.8000081779522408,1.0,0.599718519745012,0.602533322294892,0.03308785363840861,0.01555292509482797,-0.00893163804777388,0.0895378737736362,0.035122976674738716,0.01757049573138066,
strategy,long_bars_in_high_vol_state_log_norm_-0_49417102_loc_range_pos_48_0_22034115_loc_swing_range_pos_24_1_0002919_atr_percentile_-1_477338_range_24h_pct_0_13988039_variance_ratio_10_48_0_92117828,auction_rank_score,cumulative_at_or_above,0.35,1.0,12079,0.8000081779522408,1.0,0.599718519745012,0.602533322294892,0.03308785363840861,0.01555292509482797,-0.00893163804777388,0.0895378737736362,0.035122976674738716,0.01757049573138066,
strategy,long_bars_in_high_vol_state_log_norm_-0_49417102_loc_range_pos_48_0_22034115_loc_swing_range_pos_24_1_0002919_atr_percentile_-1_477338_range_24h_pct_0_13988039_variance_ratio_10_48_0_92117828,auction_rank_score,cumulative_at_or_above,0.4,1.0,12079,0.8000081779522408,1.0,0.599718519745012,0.602533322294892,0.03308785363840861,0.01555292509482797,-0.00893163804777388,0.0895378737736362,0.035122976674738716,0.01757049573138066,
strategy,long_bars_in_high_vol_state_log_norm_-0_49417102_loc_range_pos_48_0_22034115_loc_swing_range_pos_24_1_0002919_atr_percentile_-1_477338_range_24h_pct_0_13988039_variance_ratio_10_48_0_92117828,auction_rank_score,cumulative_at_or_above,0.45,1.0,12079,0.8000081779522408,1.0,0.599718519745012,0.602533322294892,0.03308785363840861,0.01555292509482797,-0.00893163804777388,0.0895378737736362,0.035122976674738716,0.01757049573138066,
strategy,long_bars_in_high_vol_state_log_norm_-0_49417102_loc_range_pos_48_0_22034115_loc_swing_range_pos_24_1_0002919_atr_percentile_-1_477338_range_24h_pct_0_13988039_variance_ratio_10_48_0_92117828,auction_rank_score,cumulative_at_or_above,0.5,1.0,12079,0.8000081779522408,1.0,0.599718519745012,0.602533322294892,0.03308785363840861,0.01555292509482797,-0.00893163804777388,0.0895378737736362,0.035122976674738716,0.01757049573138066,
strategy,long_bars_in_high_vol_state_log_norm_-0_49417102_loc_range_pos_48_0_22034115_loc_swing_range_pos_24_1_0002919_atr_percentile_-1_477338_range_24h_pct_0_13988039_variance_ratio_10_48_0_92117828,auction_rank_score,cumulative_at_or_above,0.55,1.0,12079,0.8000081779522408,1.0,0.599718519745012,0.602533322294892,0.03308785363840861,0.01555292509482797,-0.00893163804777388,0.0895378737736362,0.035122976674738716,0.01757049573138066,
strategy,long_bars_in_high_vol_state_log_norm_-0_49417102_loc_range_pos_48_0_22034115_loc_swing_range_pos_24_1_0002919_atr_percentile_-1_477338_range_24h_pct_0_13988039_variance_ratio_10_48_0_92117828,auction_rank_score,cumulative_at_or_above,0.6,1.0,12079,0.8000081779522408,1.0,0.599718519745012,0.602533322294892,0.03308785363840861,0.01555292509482797,-0.00893163804777388,0.0895378737736362,0.035122976674738716,0.01757049573138066,
strategy,long_bars_in_high_vol_state_log_norm_-0_49417102_loc_range_pos_48_0_22034115_loc_swing_range_pos_24_1_0002919_atr_percentile_-1_477338_range_24h_pct_0_13988039_variance_ratio_10_48_0_92117828,auction_rank_score,cumulative_at_or_above,0.65,1.0,12079,0.8000081779522408,1.0,0.599718519745012,0.602533322294892,0.03308785363840861,0.01555292509482797,-0.00893163804777388,0.0895378737736362,0.035122976674738716,0.01757049573138066,
strategy,long_bars_in_high_vol_state_log_norm_-0_49417102_loc_range_pos_48_0_22034115_loc_swing_range_pos_24_1_0002919_atr_percentile_-1_477338_range_24h_pct_0_13988039_variance_ratio_10_48_0_92117828,auction_rank_score,cumulative_at_or_above,0.7,1.0,12079,0.8000081779522408,1.0,0.599718519745012,0.602533322294892,0.03308785363840861,0.01555292509482797,-0.00893163804777388,0.0895378737736362,0.035122976674738716,0.01757049573138066,
strategy,long_bars_in_high_vol_state_log_norm_-0_49417102_loc_range_pos_48_0_22034115_loc_swing_range_pos_24_1_0002919_atr_percentile_-1_477338_range_24h_pct_0_13988039_variance_ratio_10_48_0_92117828,auction_rank_score,cumulative_at_or_above,0.75,1.0,12079,0.8000081779522408,1.0,0.599718519745012,0.602533322294892,0.03308785363840861,0.01555292509482797,-0.00893163804777388,0.0895378737736362,0.035122976674738716,0.01757049573138066,
strategy,long_bars_in_high_vol_state_log_norm_-0_49417102_loc_range_pos_48_0_22034115_loc_swing_range_pos_24_1_0002919_atr_percentile_-1_477338_range_24h_pct_0_13988039_variance_ratio_10_48_0_92117828,auction_rank_score,local_band,0.8,0.8500000000000001,1596,0.8000081779522408,0.8499509322865555,0.5319548872180451,0.5357142857142857,0.024723689888333508,0.007128909765148351,-0.009167436583188984,0.07667169731546558,0.026750440420898615,0.009138047911419499,
strategy,long_bars_in_high_vol_state_log_norm_-0_49417102_loc_range_pos_48_0_22034115_loc_swing_range_pos_24_1_0002919_atr_percentile_-1_477338_range_24h_pct_0_13988039_variance_ratio_10_48_0_92117828,auction_rank_score,cumulative_at_or_above,0.8,1.0,12079,0.8000081779522408,1.0,0.599718519745012,0.602533322294892,0.03308785363840861,0.01555292509482797,-0.00893163804777388,0.0895378737736362,0.035122976674738716,0.01757049573138066,
strategy,long_bars_in_high_vol_state_log_norm_-0_49417102_loc_range_pos_48_0_22034115_loc_swing_range_pos_24_1_0002919_atr_percentile_-1_477338_range_24h_pct_0_13988039_variance_ratio_10_48_0_92117828,auction_rank_score,local_band,0.85,0.9,1887,0.8500163559044815,0.8998977755969905,0.5696873343932167,0.5771065182829889,0.02605656273335841,0.011073351922223633,-0.00905719491444112,0.07828564919657745,0.028084647463517038,0.013086438594647285,
strategy,long_bars_in_high_vol_state_log_norm_-0_49417102_loc_range_pos_48_0_22034115_loc_swing_range_pos_24_1_0002919_atr_percentile_-1_477338_range_24h_pct_0_13988039_variance_ratio_10_48_0_92117828,auction_rank_score,cumulative_at_or_above,0.85,1.0,10483,0.8500163559044815,1.0,0.6100352952399123,0.612706286368406,0.03436126824731063,0.016693780926231624,-0.008880250504870629,0.09014940385735162,0.03639766596798767,0.018712493719865917,
strategy,long_bars_in_high_vol_state_log_norm_-0_49417102_loc_range_pos_48_0_22034115_loc_swing_range_pos_24_1_0002919_atr_percentile_-1_477338_range_24h_pct_0_13988039_variance_ratio_10_48_0_92117828,auction_rank_score,local_band,0.9,0.9500000000000001,2363,0.9000163559044815,0.9499918220477592,0.6153195090986034,0.6182818451121456,0.030557719320067855,0.016455033016524522,-0.008889063402455037,0.08982018558978078,0.03259030970743483,0.018473505918510442,
strategy,long_bars_in_high_vol_state_log_norm_-0_49417102_loc_range_pos_48_0_22034115_loc_swing_range_pos_24_1_0002919_atr_percentile_-1_477338_range_24h_pct_0_13988039_variance_ratio_10_48_0_92117828,auction_rank_score,cumulative_at_or_above,0.9,1.0,8596,0.9000163559044815,1.0,0.6188925081433225,0.6205211726384365,0.03618432307569917,0.017684637708894016,-0.008841308829457925,0.09175974068509626,0.038222545669934625,0.019704341784143584,
strategy,long_bars_in_high_vol_state_log_norm_-0_49417102_loc_range_pos_48_0_22034115_loc_swing_range_pos_24_1_0002919_atr_percentile_-1_477338_range_24h_pct_0_13988039_variance_ratio_10_48_0_92117828,auction_rank_score,local_band,0.95,1.0,6233,0.9500204448806019,1.0,0.6202470720359378,0.6213701267447457,0.03831743147848383,0.01877133472006202,-0.008809988055423938,0.09284559415113036,0.04035778930532482,0.02079212699660387,
strategy,long_bars_in_high_vol_state_log_norm_-0_49417102_loc_range_pos_48_0_22034115_loc_swing_range_pos_24_1_0002919_atr_percentile_-1_477338_range_24h_pct_0_13988039_variance_ratio_10_48_0_92117828,auction_rank_score,cumulative_at_or_above,0.95,1.0,6233,0.9500204448806019,1.0,0.6202470720359378,0.6213701267447457,0.03831743147848383,0.01877133472006202,-0.008809988055423938,0.09284559415113036,0.04035778930532482,0.02079212699660387,
strategy,long_dist_ema20_atr_-0_92271453_loc_bb_channel_pos_48_0_60767579_leverage_build_score_0_45107844_return_autocorr_48_1_18643_rolling_range_20_-0_25967735,auction_rank_score,cumulative_at_or_above,0.0,1.0,9908,0.8000204448806019,0.9913763493621197,0.5278562777553493,0.5325999192571659,0.029831909158564346,0.006886740001020552,-0.007940987471483214,0.09381380325214872,0.03186377301607481,0.008895635778269686,
strategy,long_dist_ema20_atr_-0_92271453_loc_bb_channel_pos_48_0_60767579_leverage_build_score_0_45107844_return_autocorr_48_1_18643_rolling_range_20_-0_25967735,auction_rank_score,cumulative_at_or_above,0.05,1.0,9908,0.8000204448806019,0.9913763493621197,0.5278562777553493,0.5325999192571659,0.029831909158564346,0.006886740001020552,-0.007940987471483214,0.09381380325214872,0.03186377301607481,0.008895635778269686,
strategy,long_dist_ema20_atr_-0_92271453_loc_bb_channel_pos_48_0_60767579_leverage_build_score_0_45107844_return_autocorr_48_1_18643_rolling_range_20_-0_25967735,auction_rank_score,cumulative_at_or_above,0.1,1.0,9908,0.8000204448806019,0.9913763493621197,0.5278562777553493,0.5325999192571659,0.029831909158564346,0.006886740001020552,-0.007940987471483214,0.09381380325214872,0.03186377301607481,0.008895635778269686,
strategy,long_dist_ema20_atr_-0_92271453_loc_bb_channel_pos_48_0_60767579_leverage_build_score_0_45107844_return_autocorr_48_1_18643_rolling_range_20_-0_25967735,auction_rank_score,cumulative_at_or_above,0.15,1.0,9908,0.8000204448806019,0.9913763493621197,0.5278562777553493,0.5325999192571659,0.029831909158564346,0.006886740001020552,-0.007940987471483214,0.09381380325214872,0.03186377301607481,0.008895635778269686,
strategy,long_dist_ema20_atr_-0_92271453_loc_bb_channel_pos_48_0_60767579_leverage_build_score_0_45107844_return_autocorr_48_1_18643_rolling_range_20_-0_25967735,auction_rank_score,cumulative_at_or_above,0.2,1.0,9908,0.8000204448806019,0.9913763493621197,0.5278562777553493,0.5325999192571659,0.029831909158564346,0.006886740001020552,-0.007940987471483214,0.09381380325214872,0.03186377301607481,0.008895635778269686,
strategy,long_dist_ema20_atr_-0_92271453_loc_bb_channel_pos_48_0_60767579_leverage_build_score_0_45107844_return_autocorr_48_1_18643_rolling_range_20_-0_25967735,auction_rank_score,cumulative_at_or_above,0.25,1.0,9908,0.8000204448806019,0.9913763493621197,0.5278562777553493,0.5325999192571659,0.029831909158564346,0.006886740001020552,-0.007940987471483214,0.09381380325214872,0.03186377301607481,0.008895635778269686,
strategy,long_dist_ema20_atr_-0_92271453_loc_bb_channel_pos_48_0_60767579_leverage_build_score_0_45107844_return_autocorr_48_1_18643_rolling_range_20_-0_25967735,auction_rank_score,cumulative_at_or_above,0.3,1.0,9908,0.8000204448806019,0.9913763493621197,0.5278562777553493,0.5325999192571659,0.029831909158564346,0.006886740001020552,-0.007940987471483214,0.09381380325214872,0.03186377301607481,0.008895635778269686,
strategy,long_dist_ema20_atr_-0_92271453_loc_bb_channel_pos_48_0_60767579_leverage_build_score_0_45107844_return_autocorr_48_1_18643_rolling_range_20_-0_25967735,auction_rank_score,cumulative_at_or_above,0.35,1.0,9908,0.8000204448806019,0.9913763493621197,0.5278562777553493,0.5325999192571659,0.029831909158564346,0.006886740001020552,-0.007940987471483214,0.09381380325214872,0.03186377301607481,0.008895635778269686,
strategy,long_dist_ema20_atr_-0_92271453_loc_bb_channel_pos_48_0_60767579_leverage_build_score_0_45107844_return_autocorr_48_1_18643_rolling_range_20_-0_25967735,auction_rank_score,cumulative_at_or_above,0.4,1.0,9908,0.8000204448806019,0.9913763493621197,0.5278562777553493,0.5325999192571659,0.029831909158564346,0.006886740001020552,-0.007940987471483214,0.09381380325214872,0.03186377301607481,0.008895635778269686,
strategy,long_dist_ema20_atr_-0_92271453_loc_bb_channel_pos_48_0_60767579_leverage_build_score_0_45107844_return_autocorr_48_1_18643_rolling_range_20_-0_25967735,auction_rank_score,cumulative_at_or_above,0.45,1.0,9908,0.8000204448806019,0.9913763493621197,0.5278562777553493,0.5325999192571659,0.029831909158564346,0.006886740001020552,-0.007940987471483214,0.09381380325214872,0.03186377301607481,0.008895635778269686,
strategy,long_dist_ema20_atr_-0_92271453_loc_bb_channel_pos_48_0_60767579_leverage_build_score_0_45107844_return_autocorr_48_1_18643_rolling_range_20_-0_25967735,auction_rank_score,cumulative_at_or_above,0.5,1.0,9908,0.8000204448806019,0.9913763493621197,0.5278562777553493,0.5325999192571659,0.029831909158564346,0.006886740001020552,-0.007940987471483214,0.09381380325214872,0.03186377301607481,0.008895635778269686,
strategy,long_dist_ema20_atr_-0_92271453_loc_bb_channel_pos_48_0_60767579_leverage_build_score_0_45107844_return_autocorr_48_1_18643_rolling_range_20_-0_25967735,auction_rank_score,cumulative_at_or_above,0.55,1.0,9908,0.8000204448806019,0.9913763493621197,0.5278562777553493,0.5325999192571659,0.029831909158564346,0.006886740001020552,-0.007940987471483214,0.09381380325214872,0.03186377301607481,0.008895635778269686,
strategy,long_dist_ema20_atr_-0_92271453_loc_bb_channel_pos_48_0_60767579_leverage_build_score_0_45107844_return_autocorr_48_1_18643_rolling_range_20_-0_25967735,auction_rank_score,cumulative_at_or_above,0.6,1.0,9908,0.8000204448806019,0.9913763493621197,0.5278562777553493,0.5325999192571659,0.029831909158564346,0.006886740001020552,-0.007940987471483214,0.09381380325214872,0.03186377301607481,0.008895635778269686,
strategy,long_dist_ema20_atr_-0_92271453_loc_bb_channel_pos_48_0_60767579_leverage_build_score_0_45107844_return_autocorr_48_1_18643_rolling_range_20_-0_25967735,auction_rank_score,cumulative_at_or_above,0.65,1.0,9908,0.8000204448806019,0.9913763493621197,0.5278562777553493,0.5325999192571659,0.029831909158564346,0.006886740001020552,-0.007940987471483214,0.09381380325214872,0.03186377301607481,0.008895635778269686,
strategy,long_dist_ema20_atr_-0_92271453_loc_bb_channel_pos_48_0_60767579_leverage_build_score_0_45107844_return_autocorr_48_1_18643_rolling_range_20_-0_25967735,auction_rank_score,cumulative_at_or_above,0.7,1.0,9908,0.8000204448806019,0.9913763493621197,0.5278562777553493,0.5325999192571659,0.029831909158564346,0.006886740001020552,-0.007940987471483214,0.09381380325214872,0.03186377301607481,0.008895635778269686,
strategy,long_dist_ema20_atr_-0_92271453_loc_bb_channel_pos_48_0_60767579_leverage_build_score_0_45107844_return_autocorr_48_1_18643_rolling_range_20_-0_25967735,auction_rank_score,cumulative_at_or_above,0.75,1.0,9908,0.8000204448806019,0.9913763493621197,0.5278562777553493,0.5325999192571659,0.029831909158564346,0.006886740001020552,-0.007940987471483214,0.09381380325214872,0.03186377301607481,0.008895635778269686,
strategy,long_dist_ema20_atr_-0_92271453_loc_bb_channel_pos_48_0_60767579_leverage_build_score_0_45107844_return_autocorr_48_1_18643_rolling_range_20_-0_25967735,auction_rank_score,local_band,0.8,0.8500000000000001,2179,0.8000204448806019,0.8499877330716389,0.523175768701239,0.5305185865075723,0.02463364062893241,0.004831959512813432,-0.0076794062274987505,0.077790474566691,0.02666030099312073,0.006838798369825046,
strategy,long_dist_ema20_atr_-0_92271453_loc_bb_channel_pos_48_0_60767579_leverage_build_score_0_45107844_return_autocorr_48_1_18643_rolling_range_20_-0_25967735,auction_rank_score,cumulative_at_or_above,0.8,1.0,9908,0.8000204448806019,0.9913763493621197,0.5278562777553493,0.5325999192571659,0.029831909158564346,0.006886740001020552,-0.007940987471483214,0.09381380325214872,0.03186377301607481,0.008895635778269686,
strategy,long_dist_ema20_atr_-0_92271453_loc_bb_channel_pos_48_0_60767579_leverage_build_score_0_45107844_return_autocorr_48_1_18643_rolling_range_20_-0_25967735,auction_rank_score,local_band,0.85,0.9,2356,0.8500122669283612,0.8999754661432777,0.5488115449915111,0.5534804753820034,0.03037250905753009,0.010416987144281296,-0.007551383857012544,0.09923538239871049,0.03240491401461482,0.012429416206200434,
strategy,long_dist_ema20_atr_-0_92271453_loc_bb_channel_pos_48_0_60767579_leverage_build_score_0_45107844_return_autocorr_48_1_18643_rolling_range_20_-0_25967735,auction_rank_score,cumulative_at_or_above,0.85,1.0,7729,0.8500122669283612,0.9913763493621197,0.5291758312847716,0.5331866994436538,0.031297432140330164,0.007297957720647951,-0.008221444450372092,0.10003149851579371,0.033330762993823156,0.00930726506672891,
strategy,long_dist_ema20_atr_-0_92271453_loc_bb_channel_pos_48_0_60767579_leverage_build_score_0_45107844_return_autocorr_48_1_18643_rolling_range_20_-0_25967735,auction_rank_score,local_band,0.9,0.9500000000000001,2979,0.9,0.95,0.5411211816045652,0.5464921114467942,0.03364416079475752,0.01052506090352445,-0.007926041586812335,0.10554405821633019,0.03567984074261285,0.012537598594663803,
strategy,long_dist_ema20_atr_-0_92271453_loc_bb_channel_pos_48_0_60767579_leverage_build_score_0_45107844_return_autocorr_48_1_18643_rolling_range_20_-0_25967735,auction_rank_score,cumulative_at_or_above,0.9,1.0,5373,0.9,0.9913763493621197,0.5205657919225758,0.52428810720268,0.03170300049750065,0.0068782840799692805,-0.008541165363830075,0.10077140556560495,0.03373673734614305,0.008887171677785629,
strategy,long_dist_ema20_atr_-0_92271453_loc_bb_channel_pos_48_0_60767579_leverage_build_score_0_45107844_return_autocorr_48_1_18643_rolling_range_20_-0_25967735,auction_rank_score,local_band,0.95,1.0,2395,0.95,0.9913763493621197,0.49478079331941544,0.4964509394572025,0.029272125555902057,-0.002300050272897717,-0.009047810440530827,0.08878463186978992,0.031303429101686125,-0.0003003505975337209,
strategy,long_dist_ema20_atr_-0_92271453_loc_bb_channel_pos_48_0_60767579_leverage_build_score_0_45107844_return_autocorr_48_1_18643_rolling_range_20_-0_25967735,auction_rank_score,cumulative_at_or_above,0.95,1.0,2395,0.95,0.9913763493621197,0.49478079331941544,0.4964509394572025,0.029272125555902057,-0.002300050272897717,-0.009047810440530827,0.08878463186978992,0.031303429101686125,-0.0003003505975337209,
strategy,long_loc_bb_channel_pos_48_0_63256526_zscore_price_200_-0_64289832_xasset_asset_minus_basket_fund_z_0_1707595,auction_rank_score,cumulative_at_or_above,0.0,1.0,7934,0.8000040889761204,0.9884772652927707,0.586085202924124,0.5893622384673557,0.03458335324749872,0.014735609739416474,-0.008816662767795035,0.09707794751757721,0.03661997334636538,0.016752362430114544,
strategy,long_loc_bb_channel_pos_48_0_63256526_zscore_price_200_-0_64289832_xasset_asset_minus_basket_fund_z_0_1707595,auction_rank_score,cumulative_at_or_above,0.05,1.0,7934,0.8000040889761204,0.9884772652927707,0.586085202924124,0.5893622384673557,0.03458335324749872,0.014735609739416474,-0.008816662767795035,0.09707794751757721,0.03661997334636538,0.016752362430114544,
strategy,long_loc_bb_channel_pos_48_0_63256526_zscore_price_200_-0_64289832_xasset_asset_minus_basket_fund_z_0_1707595,auction_rank_score,cumulative_at_or_above,0.1,1.0,7934,0.8000040889761204,0.9884772652927707,0.586085202924124,0.5893622384673557,0.03458335324749872,0.014735609739416474,-0.008816662767795035,0.09707794751757721,0.03661997334636538,0.016752362430114544,
strategy,long_loc_bb_channel_pos_48_0_63256526_zscore_price_200_-0_64289832_xasset_asset_minus_basket_fund_z_0_1707595,auction_rank_score,cumulative_at_or_above,0.15,1.0,7934,0.8000040889761204,0.9884772652927707,0.586085202924124,0.5893622384673557,0.03458335324749872,0.014735609739416474,-0.008816662767795035,0.09707794751757721,0.03661997334636538,0.016752362430114544,
strategy,long_loc_bb_channel_pos_48_0_63256526_zscore_price_200_-0_64289832_xasset_asset_minus_basket_fund_z_0_1707595,auction_rank_score,cumulative_at_or_above,0.2,1.0,7934,0.8000040889761204,0.9884772652927707,0.586085202924124,0.5893622384673557,0.03458335324749872,0.014735609739416474,-0.008816662767795035,0.09707794751757721,0.03661997334636538,0.016752362430114544,
strategy,long_loc_bb_channel_pos_48_0_63256526_zscore_price_200_-0_64289832_xasset_asset_minus_basket_fund_z_0_1707595,auction_rank_score,cumulative_at_or_above,0.25,1.0,7934,0.8000040889761204,0.9884772652927707,0.586085202924124,0.5893622384673557,0.03458335324749872,0.014735609739416474,-0.008816662767795035,0.09707794751757721,0.03661997334636538,0.016752362430114544,
strategy,long_loc_bb_channel_pos_48_0_63256526_zscore_price_200_-0_64289832_xasset_asset_minus_basket_fund_z_0_1707595,auction_rank_score,cumulative_at_or_above,0.3,1.0,7934,0.8000040889761204,0.9884772652927707,0.586085202924124,0.5893622384673557,0.03458335324749872,0.014735609739416474,-0.008816662767795035,0.09707794751757721,0.03661997334636538,0.016752362430114544,
strategy,long_loc_bb_channel_pos_48_0_63256526_zscore_price_200_-0_64289832_xasset_asset_minus_basket_fund_z_0_1707595,auction_rank_score,cumulative_at_or_above,0.35,1.0,7934,0.8000040889761204,0.9884772652927707,0.586085202924124,0.5893622384673557,0.03458335324749872,0.014735609739416474,-0.008816662767795035,0.09707794751757721,0.03661997334636538,0.016752362430114544,
strategy,long_loc_bb_channel_pos_48_0_63256526_zscore_price_200_-0_64289832_xasset_asset_minus_basket_fund_z_0_1707595,auction_rank_score,cumulative_at_or_above,0.4,1.0,7934,0.8000040889761204,0.9884772652927707,0.586085202924124,0.5893622384673557,0.03458335324749872,0.014735609739416474,-0.008816662767795035,0.09707794751757721,0.03661997334636538,0.016752362430114544,
strategy,long_loc_bb_channel_pos_48_0_63256526_zscore_price_200_-0_64289832_xasset_asset_minus_basket_fund_z_0_1707595,auction_rank_score,cumulative_at_or_above,0.45,1.0,7934,0.8000040889761204,0.9884772652927707,0.586085202924124,0.5893622384673557,0.03458335324749872,0.014735609739416474,-0.008816662767795035,0.09707794751757721,0.03661997334636538,0.016752362430114544,
strategy,long_loc_bb_channel_pos_48_0_63256526_zscore_price_200_-0_64289832_xasset_asset_minus_basket_fund_z_0_1707595,auction_rank_score,cumulative_at_or_above,0.5,1.0,7934,0.8000040889761204,0.9884772652927707,0.586085202924124,0.5893622384673557,0.03458335324749872,0.014735609739416474,-0.008816662767795035,0.09707794751757721,0.03661997334636538,0.016752362430114544,
strategy,long_loc_bb_channel_pos_48_0_63256526_zscore_price_200_-0_64289832_xasset_asset_minus_basket_fund_z_0_1707595,auction_rank_score,cumulative_at_or_above,0.55,1.0,7934,0.8000040889761204,0.9884772652927707,0.586085202924124,0.5893622384673557,0.03458335324749872,0.014735609739416474,-0.008816662767795035,0.09707794751757721,0.03661997334636538,0.016752362430114544,
strategy,long_loc_bb_channel_pos_48_0_63256526_zscore_price_200_-0_64289832_xasset_asset_minus_basket_fund_z_0_1707595,auction_rank_score,cumulative_at_or_above,0.6,1.0,7934,0.8000040889761204,0.9884772652927707,0.586085202924124,0.5893622384673557,0.03458335324749872,0.014735609739416474,-0.008816662767795035,0.09707794751757721,0.03661997334636538,0.016752362430114544,
strategy,long_loc_bb_channel_pos_48_0_63256526_zscore_price_200_-0_64289832_xasset_asset_minus_basket_fund_z_0_1707595,auction_rank_score,cumulative_at_or_above,0.65,1.0,7934,0.8000040889761204,0.9884772652927707,0.586085202924124,0.5893622384673557,0.03458335324749872,0.014735609739416474,-0.008816662767795035,0.09707794751757721,0.03661997334636538,0.016752362430114544,
strategy,long_loc_bb_channel_pos_48_0_63256526_zscore_price_200_-0_64289832_xasset_asset_minus_basket_fund_z_0_1707595,auction_rank_score,cumulative_at_or_above,0.7,1.0,7934,0.8000040889761204,0.9884772652927707,0.586085202924124,0.5893622384673557,0.03458335324749872,0.014735609739416474,-0.008816662767795035,0.09707794751757721,0.03661997334636538,0.016752362430114544,
strategy,long_loc_bb_channel_pos_48_0_63256526_zscore_price_200_-0_64289832_xasset_asset_minus_basket_fund_z_0_1707595,auction_rank_score,cumulative_at_or_above,0.75,1.0,7934,0.8000040889761204,0.9884772652927707,0.586085202924124,0.5893622384673557,0.03458335324749872,0.014735609739416474,-0.008816662767795035,0.09707794751757721,0.03661997334636538,0.016752362430114544,
strategy,long_loc_bb_channel_pos_48_0_63256526_zscore_price_200_-0_64289832_xasset_asset_minus_basket_fund_z_0_1707595,auction_rank_score,local_band,0.8,0.8500000000000001,2254,0.8000040889761204,0.8499959110238796,0.5483584738243124,0.5554569653948536,0.032151263772160425,0.007821358603763746,-0.009563405510344519,0.0963636412518889,0.03418544937294387,0.009831190096465771,
strategy,long_loc_bb_channel_pos_48_0_63256526_zscore_price_200_-0_64289832_xasset_asset_minus_basket_fund_z_0_1707595,auction_rank_score,cumulative_at_or_above,0.8,1.0,7934,0.8000040889761204,0.9884772652927707,0.586085202924124,0.5893622384673557,0.03458335324749872,0.014735609739416474,-0.008816662767795035,0.09707794751757721,0.03661997334636538,0.016752362430114544,
strategy,long_loc_bb_channel_pos_48_0_63256526_zscore_price_200_-0_64289832_xasset_asset_minus_basket_fund_z_0_1707595,auction_rank_score,local_band,0.85,0.9,2233,0.8500040889761203,0.8999918220477593,0.5741155396327811,0.5759068517689208,0.032936958282064735,0.012274612560985882,-0.008918717063296788,0.09707794844232578,0.034971930358907465,0.014288901577220707,
strategy,long_loc_bb_channel_pos_48_0_63256526_zscore_price_200_-0_64289832_xasset_asset_minus_basket_fund_z_0_1707595,auction_rank_score,cumulative_at_or_above,0.85,1.0,5680,0.8500040889761203,0.9884772652927707,0.601056338028169,0.6028169014084507,0.0355484817118319,0.01661806677293804,-0.008621694969344907,0.09711861852892907,0.037586067894973145,0.018636703756337344,
strategy,long_loc_bb_channel_pos_48_0_63256526_zscore_price_200_-0_64289832_xasset_asset_minus_basket_fund_z_0_1707595,auction_rank_score,local_band,0.9,0.9500000000000001,2153,0.900032711808963,0.9499795551193981,0.5963771481653507,0.5982350209010683,0.03544226397195195,0.01661806744048542,-0.008580501180452981,0.09707794713079367,0.03747974379393389,0.018636704172175018,
strategy,long_loc_bb_channel_pos_48_0_63256526_zscore_price_200_-0_64289832_xasset_asset_minus_basket_fund_z_0_1707595,auction_rank_score,cumulative_at_or_above,0.9,1.0,3447,0.900032711808963,0.9884772652927707,0.6185088482738613,0.6202494923121555,0.03724025189421371,0.019689876235172477,-0.00838258578345564,0.09774699564986462,0.03927953152074473,0.02171158820042034,
strategy,long_loc_bb_channel_pos_48_0_63256526_zscore_price_200_-0_64289832_xasset_asset_minus_basket_fund_z_0_1707595,auction_rank_score,local_band,0.95,1.0,1294,0.9500163559044815,0.9884772652927707,0.6553323029366306,0.6568778979907264,0.040231803669043366,0.029714998219685533,-0.007958493759758347,0.10334146991187046,0.042274077869913024,0.031746745218996605,
strategy,long_loc_bb_channel_pos_48_0_63256526_zscore_price_200_-0_64289832_xasset_asset_minus_basket_fund_z_0_1707595,auction_rank_score,cumulative_at_or_above,0.95,1.0,1294,0.9500163559044815,0.9884772652927707,0.6553323029366306,0.6568778979907264,0.040231803669043366,0.029714998219685533,-0.007958493759758347,0.10334146991187046,0.042274077869913024,0.031746745218996605,
strategy,short_asset_minus_mkt_oi_1d_peer_resid_0_34164831_oi_expansion_compression_balance_24h_0_42287597,auction_rank_score,cumulative_at_or_above,0.0,1.0,4135,0.8,0.9890987896630684,0.6776299879081016,0.6776299879081016,0.041563193117377766,0.027291157555249537,-0.007581275892355079,0.11488101827045367,0.0436068000651434,0.029320478390124874,
strategy,short_asset_minus_mkt_oi_1d_peer_resid_0_34164831_oi_expansion_compression_balance_24h_0_42287597,auction_rank_score,cumulative_at_or_above,0.05,1.0,4135,0.8,0.9890987896630684,0.6776299879081016,0.6776299879081016,0.041563193117377766,0.027291157555249537,-0.007581275892355079,0.11488101827045367,0.0436068000651434,0.029320478390124874,
strategy,short_asset_minus_mkt_oi_1d_peer_resid_0_34164831_oi_expansion_compression_balance_24h_0_42287597,auction_rank_score,cumulative_at_or_above,0.1,1.0,4135,0.8,0.9890987896630684,0.6776299879081016,0.6776299879081016,0.041563193117377766,0.027291157555249537,-0.007581275892355079,0.11488101827045367,0.0436068000651434,0.029320478390124874,
strategy,short_asset_minus_mkt_oi_1d_peer_resid_0_34164831_oi_expansion_compression_balance_24h_0_42287597,auction_rank_score,cumulative_at_or_above,0.15,1.0,4135,0.8,0.9890987896630684,0.6776299879081016,0.6776299879081016,0.041563193117377766,0.027291157555249537,-0.007581275892355079,0.11488101827045367,0.0436068000651434,0.029320478390124874,
strategy,short_asset_minus_mkt_oi_1d_peer_resid_0_34164831_oi_expansion_compression_balance_24h_0_42287597,auction_rank_score,cumulative_at_or_above,0.2,1.0,4135,0.8,0.9890987896630684,0.6776299879081016,0.6776299879081016,0.041563193117377766,0.027291157555249537,-0.007581275892355079,0.11488101827045367,0.0436068000651434,0.029320478390124874,
strategy,short_asset_minus_mkt_oi_1d_peer_resid_0_34164831_oi_expansion_compression_balance_24h_0_42287597,auction_rank_score,cumulative_at_or_above,0.25,1.0,4135,0.8,0.9890987896630684,0.6776299879081016,0.6776299879081016,0.041563193117377766,0.027291157555249537,-0.007581275892355079,0.11488101827045367,0.0436068000651434,0.029320478390124874,
strategy,short_asset_minus_mkt_oi_1d_peer_resid_0_34164831_oi_expansion_compression_balance_24h_0_42287597,auction_rank_score,cumulative_at_or_above,0.3,1.0,4135,0.8,0.9890987896630684,0.6776299879081016,0.6776299879081016,0.041563193117377766,0.027291157555249537,-0.007581275892355079,0.11488101827045367,0.0436068000651434,0.029320478390124874,
strategy,short_asset_minus_mkt_oi_1d_peer_resid_0_34164831_oi_expansion_compression_balance_24h_0_42287597,auction_rank_score,cumulative_at_or_above,0.35,1.0,4135,0.8,0.9890987896630684,0.6776299879081016,0.6776299879081016,0.041563193117377766,0.027291157555249537,-0.007581275892355079,0.11488101827045367,0.0436068000651434,0.029320478390124874,
strategy,short_asset_minus_mkt_oi_1d_peer_resid_0_34164831_oi_expansion_compression_balance_24h_0_42287597,auction_rank_score,cumulative_at_or_above,0.4,1.0,4135,0.8,0.9890987896630684,0.6776299879081016,0.6776299879081016,0.041563193117377766,0.027291157555249537,-0.007581275892355079,0.11488101827045367,0.0436068000651434,0.029320478390124874,
strategy,short_asset_minus_mkt_oi_1d_peer_resid_0_34164831_oi_expansion_compression_balance_24h_0_42287597,auction_rank_score,cumulative_at_or_above,0.45,1.0,4135,0.8,0.9890987896630684,0.6776299879081016,0.6776299879081016,0.041563193117377766,0.027291157555249537,-0.007581275892355079,0.11488101827045367,0.0436068000651434,0.029320478390124874,
strategy,short_asset_minus_mkt_oi_1d_peer_resid_0_34164831_oi_expansion_compression_balance_24h_0_42287597,auction_rank_score,cumulative_at_or_above,0.5,1.0,4135,0.8,0.9890987896630684,0.6776299879081016,0.6776299879081016,0.041563193117377766,0.027291157555249537,-0.007581275892355079,0.11488101827045367,0.0436068000651434,0.029320478390124874,
strategy,short_asset_minus_mkt_oi_1d_peer_resid_0_34164831_oi_expansion_compression_balance_24h_0_42287597,auction_rank_score,cumulative_at_or_above,0.55,1.0,4135,0.8,0.9890987896630684,0.6776299879081016,0.6776299879081016,0.041563193117377766,0.027291157555249537,-0.007581275892355079,0.11488101827045367,0.0436068000651434,0.029320478390124874,
strategy,short_asset_minus_mkt_oi_1d_peer_resid_0_34164831_oi_expansion_compression_balance_24h_0_42287597,auction_rank_score,cumulative_at_or_above,0.6,1.0,4135,0.8,0.9890987896630684,0.6776299879081016,0.6776299879081016,0.041563193117377766,0.027291157555249537,-0.007581275892355079,0.11488101827045367,0.0436068000651434,0.029320478390124874,
strategy,short_asset_minus_mkt_oi_1d_peer_resid_0_34164831_oi_expansion_compression_balance_24h_0_42287597,auction_rank_score,cumulative_at_or_above,0.65,1.0,4135,0.8,0.9890987896630684,0.6776299879081016,0.6776299879081016,0.041563193117377766,0.027291157555249537,-0.007581275892355079,0.11488101827045367,0.0436068000651434,0.029320478390124874,
strategy,short_asset_minus_mkt_oi_1d_peer_resid_0_34164831_oi_expansion_compression_balance_24h_0_42287597,auction_rank_score,cumulative_at_or_above,0.7,1.0,4135,0.8,0.9890987896630684,0.6776299879081016,0.6776299879081016,0.041563193117377766,0.027291157555249537,-0.007581275892355079,0.11488101827045367,0.0436068000651434,0.029320478390124874,
strategy,short_asset_minus_mkt_oi_1d_peer_resid_0_34164831_oi_expansion_compression_balance_24h_0_42287597,auction_rank_score,cumulative_at_or_above,0.75,1.0,4135,0.8,0.9890987896630684,0.6776299879081016,0.6776299879081016,0.041563193117377766,0.027291157555249537,-0.007581275892355079,0.11488101827045367,0.0436068000651434,0.029320478390124874,
strategy,short_asset_minus_mkt_oi_1d_peer_resid_0_34164831_oi_expansion_compression_balance_24h_0_42287597,auction_rank_score,local_band,0.8,0.8500000000000001,1565,0.8,0.8499918220477592,0.6888178913738019,0.6888178913738019,0.03893258202396435,0.025393516409646624,-0.0075812759844575235,0.10763740972173812,0.040973555757626574,0.0274209376369182,
strategy,short_asset_minus_mkt_oi_1d_peer_resid_0_34164831_oi_expansion_compression_balance_24h_0_42287597,auction_rank_score,cumulative_at_or_above,0.8,1.0,4135,0.8,0.9890987896630684,0.6776299879081016,0.6776299879081016,0.041563193117377766,0.027291157555249537,-0.007581275892355079,0.11488101827045367,0.0436068000651434,0.029320478390124874,
strategy,short_asset_minus_mkt_oi_1d_peer_resid_0_34164831_oi_expansion_compression_balance_24h_0_42287597,auction_rank_score,local_band,0.85,0.9,1309,0.8500204448806019,0.8999836440955185,0.6829640947288006,0.6829640947288006,0.04291258553376228,0.027291158267144882,-0.007453444750018561,0.11628371884140237,0.04495754324918172,0.02932047925006819,
strategy,short_asset_minus_mkt_oi_1d_peer_resid_0_34164831_oi_expansion_compression_balance_24h_0_42287597,auction_rank_score,cumulative_at_or_above,0.85,1.0,2570,0.8500204448806019,0.9890987896630684,0.670817120622568,0.670817120622568,0.04316510220733574,0.02858781073162804,-0.007561149444937566,0.11628371858166459,0.045210312649292754,0.030618428858119315,
strategy,short_asset_minus_mkt_oi_1d_peer_resid_0_34164831_oi_expansion_compression_balance_24h_0_42287597,auction_rank_score,local_band,0.9,0.9500000000000001,964,0.9000122669283611,0.9499631992149166,0.6587136929460581,0.6587136929460581,0.04299846539733569,0.030099538551772356,-0.007823743455668587,0.11692788009443437,0.04504350898417869,0.03213167081702716,
strategy,short_asset_minus_mkt_oi_1d_peer_resid_0_34164831_oi_expansion_compression_balance_24h_0_42287597,auction_rank_score,cumulative_at_or_above,0.9,1.0,1261,0.9000122669283611,0.9890987896630684,0.6582077716098335,0.6582077716098335,0.04342723093509756,0.030172662265864868,-0.007823743287941415,0.11628371628371628,0.045472703723634815,0.03220486557445789,
strategy,short_asset_minus_mkt_oi_1d_peer_resid_0_34164831_oi_expansion_compression_balance_24h_0_42287597,auction_rank_score,local_band,0.95,1.0,297,0.9500286228328426,0.9890987896630684,0.6565656565656566,0.6565656565656566,0.04481891436406202,0.03826846609275308,-0.007556147843567812,0.10134780288533053,0.04686578025170115,0.040308775070475485,
strategy,short_asset_minus_mkt_oi_1d_peer_resid_0_34164831_oi_expansion_compression_balance_24h_0_42287597,auction_rank_score,cumulative_at_or_above,0.95,1.0,297,0.9500286228328426,0.9890987896630684,0.6565656565656566,0.6565656565656566,0.04481891436406202,0.03826846609275308,-0.007556147843567812,0.10134780288533053,0.04686578025170115,0.040308775070475485,
strategy,short_bollinger_band_width_-0_0062114433_oi_value_z_90d_0_082444385_price_rv_15d_robust_z_0_060036644,auction_rank_score,cumulative_at_or_above,0.0,1.0,747,0.8001962708537782,0.9802052666012431,0.7255689424364123,0.7456492637215528,0.02466729203849135,0.018349161173722327,-0.02078931771280321,0.06807093930723872,0.026693986122182035,0.020369530227912623,
strategy,short_bollinger_band_width_-0_0062114433_oi_value_z_90d_0_082444385_price_rv_15d_robust_z_0_060036644,auction_rank_score,cumulative_at_or_above,0.05,1.0,747,0.8001962708537782,0.9802052666012431,0.7255689424364123,0.7456492637215528,0.02466729203849135,0.018349161173722327,-0.02078931771280321,0.06807093930723872,0.026693986122182035,0.020369530227912623,
strategy,short_bollinger_band_width_-0_0062114433_oi_value_z_90d_0_082444385_price_rv_15d_robust_z_0_060036644,auction_rank_score,cumulative_at_or_above,0.1,1.0,747,0.8001962708537782,0.9802052666012431,0.7255689424364123,0.7456492637215528,0.02466729203849135,0.018349161173722327,-0.02078931771280321,0.06807093930723872,0.026693986122182035,0.020369530227912623,
strategy,short_bollinger_band_width_-0_0062114433_oi_value_z_90d_0_082444385_price_rv_15d_robust_z_0_060036644,auction_rank_score,cumulative_at_or_above,0.15,1.0,747,0.8001962708537782,0.9802052666012431,0.7255689424364123,0.7456492637215528,0.02466729203849135,0.018349161173722327,-0.02078931771280321,0.06807093930723872,0.026693986122182035,0.020369530227912623,
strategy,short_bollinger_band_width_-0_0062114433_oi_value_z_90d_0_082444385_price_rv_15d_robust_z_0_060036644,auction_rank_score,cumulative_at_or_above,0.2,1.0,747,0.8001962708537782,0.9802052666012431,0.7255689424364123,0.7456492637215528,0.02466729203849135,0.018349161173722327,-0.02078931771280321,0.06807093930723872,0.026693986122182035,0.020369530227912623,
strategy,short_bollinger_band_width_-0_0062114433_oi_value_z_90d_0_082444385_price_rv_15d_robust_z_0_060036644,auction_rank_score,cumulative_at_or_above,0.25,1.0,747,0.8001962708537782,0.9802052666012431,0.7255689424364123,0.7456492637215528,0.02466729203849135,0.018349161173722327,-0.02078931771280321,0.06807093930723872,0.026693986122182035,0.020369530227912623,
strategy,short_bollinger_band_width_-0_0062114433_oi_value_z_90d_0_082444385_price_rv_15d_robust_z_0_060036644,auction_rank_score,cumulative_at_or_above,0.3,1.0,747,0.8001962708537782,0.9802052666012431,0.7255689424364123,0.7456492637215528,0.02466729203849135,0.018349161173722327,-0.02078931771280321,0.06807093930723872,0.026693986122182035,0.020369530227912623,
strategy,short_bollinger_band_width_-0_0062114433_oi_value_z_90d_0_082444385_price_rv_15d_robust_z_0_060036644,auction_rank_score,cumulative_at_or_above,0.35,1.0,747,0.8001962708537782,0.9802052666012431,0.7255689424364123,0.7456492637215528,0.02466729203849135,0.018349161173722327,-0.02078931771280321,0.06807093930723872,0.026693986122182035,0.020369530227912623,
strategy,short_bollinger_band_width_-0_0062114433_oi_value_z_90d_0_082444385_price_rv_15d_robust_z_0_060036644,auction_rank_score,cumulative_at_or_above,0.4,1.0,747,0.8001962708537782,0.9802052666012431,0.7255689424364123,0.7456492637215528,0.02466729203849135,0.018349161173722327,-0.02078931771280321,0.06807093930723872,0.026693986122182035,0.020369530227912623,
strategy,short_bollinger_band_width_-0_0062114433_oi_value_z_90d_0_082444385_price_rv_15d_robust_z_0_060036644,auction_rank_score,cumulative_at_or_above,0.45,1.0,747,0.8001962708537782,0.9802052666012431,0.7255689424364123,0.7456492637215528,0.02466729203849135,0.018349161173722327,-0.02078931771280321,0.06807093930723872,0.026693986122182035,0.020369530227912623,
strategy,short_bollinger_band_width_-0_0062114433_oi_value_z_90d_0_082444385_price_rv_15d_robust_z_0_060036644,auction_rank_score,cumulative_at_or_above,0.5,1.0,747,0.8001962708537782,0.9802052666012431,0.7255689424364123,0.7456492637215528,0.02466729203849135,0.018349161173722327,-0.02078931771280321,0.06807093930723872,0.026693986122182035,0.020369530227912623,
strategy,short_bollinger_band_width_-0_0062114433_oi_value_z_90d_0_082444385_price_rv_15d_robust_z_0_060036644,auction_rank_score,cumulative_at_or_above,0.55,1.0,747,0.8001962708537782,0.9802052666012431,0.7255689424364123,0.7456492637215528,0.02466729203849135,0.018349161173722327,-0.02078931771280321,0.06807093930723872,0.026693986122182035,0.020369530227912623,
strategy,short_bollinger_band_width_-0_0062114433_oi_value_z_90d_0_082444385_price_rv_15d_robust_z_0_060036644,auction_rank_score,cumulative_at_or_above,0.6,1.0,747,0.8001962708537782,0.9802052666012431,0.7255689424364123,0.7456492637215528,0.02466729203849135,0.018349161173722327,-0.02078931771280321,0.06807093930723872,0.026693986122182035,0.020369530227912623,
strategy,short_bollinger_band_width_-0_0062114433_oi_value_z_90d_0_082444385_price_rv_15d_robust_z_0_060036644,auction_rank_score,cumulative_at_or_above,0.65,1.0,747,0.8001962708537782,0.9802052666012431,0.7255689424364123,0.7456492637215528,0.02466729203849135,0.018349161173722327,-0.02078931771280321,0.06807093930723872,0.026693986122182035,0.020369530227912623,
strategy,short_bollinger_band_width_-0_0062114433_oi_value_z_90d_0_082444385_price_rv_15d_robust_z_0_060036644,auction_rank_score,cumulative_at_or_above,0.7,1.0,747,0.8001962708537782,0.9802052666012431,0.7255689424364123,0.7456492637215528,0.02466729203849135,0.018349161173722327,-0.02078931771280321,0.06807093930723872,0.026693986122182035,0.020369530227912623,
strategy,short_bollinger_band_width_-0_0062114433_oi_value_z_90d_0_082444385_price_rv_15d_robust_z_0_060036644,auction_rank_score,cumulative_at_or_above,0.75,1.0,747,0.8001962708537782,0.9802052666012431,0.7255689424364123,0.7456492637215528,0.02466729203849135,0.018349161173722327,-0.02078931771280321,0.06807093930723872,0.026693986122182035,0.020369530227912623,
strategy,short_bollinger_band_width_-0_0062114433_oi_value_z_90d_0_082444385_price_rv_15d_robust_z_0_060036644,auction_rank_score,local_band,0.8,0.8500000000000001,311,0.8001962708537782,0.8499263984298332,0.729903536977492,0.7363344051446945,0.026308510250163297,0.019721553741284127,-0.021330225147455646,0.07082810763533148,0.028336847262618606,0.02174329683816832,
strategy,short_bollinger_band_width_-0_0062114433_oi_value_z_90d_0_082444385_price_rv_15d_robust_z_0_060036644,auction_rank_score,cumulative_at_or_above,0.8,1.0,747,0.8001962708537782,0.9802052666012431,0.7255689424364123,0.7456492637215528,0.02466729203849135,0.018349161173722327,-0.02078931771280321,0.06807093930723872,0.026693986122182035,0.020369530227912623,
strategy,short_bollinger_band_width_-0_0062114433_oi_value_z_90d_0_082444385_price_rv_15d_robust_z_0_060036644,auction_rank_score,local_band,0.85,0.9,202,0.8501063133791299,0.8999959110238797,0.7128712871287128,0.7326732673267327,0.027001497691299784,0.017087103141574994,-0.020743230996629922,0.06949918481435345,0.029030528234177844,0.019106209483926793,
strategy,short_bollinger_band_width_-0_0062114433_oi_value_z_90d_0_082444385_price_rv_15d_robust_z_0_060036644,auction_rank_score,cumulative_at_or_above,0.85,1.0,436,0.8501063133791299,0.9802052666012431,0.7224770642201835,0.7522935779816514,0.023496606570991403,0.017087103141574994,-0.020647720779223132,0.06347692027094877,0.025522128749072462,0.019106209379802848,
strategy,short_bollinger_band_width_-0_0062114433_oi_value_z_90d_0_082444385_price_rv_15d_robust_z_0_060036644,auction_rank_score,local_band,0.9,0.9500000000000001,184,0.9000776905462872,0.9498855086686294,0.7119565217391305,0.7554347826086957,0.02019857340485371,0.017914570699243865,-0.02058619750148523,0.06120354486405617,0.022220794277590213,0.01993450498309177,
strategy,short_bollinger_band_width_-0_0062114433_oi_value_z_90d_0_082444385_price_rv_15d_robust_z_0_060036644,auction_rank_score,cumulative_at_or_above,0.9,1.0,234,0.9000776905462872,0.9802052666012431,0.7307692307692307,0.7692307692307693,0.020471016800468787,0.017008146940333924,-0.02058619750148523,0.06120354394621132,0.02249351039013535,0.019027173902797703,
strategy,short_bollinger_band_width_-0_0062114433_oi_value_z_90d_0_082444385_price_rv_15d_robust_z_0_060036644,auction_rank_score,local_band,0.95,1.0,50,0.9500081779522408,0.9802052666012431,0.8,0.82,0.021473608496332303,0.016917398864341054,-0.02016583490455901,0.059442785652771536,0.02349710568430143,0.01893633564735753,
strategy,short_bollinger_band_width_-0_0062114433_oi_value_z_90d_0_082444385_price_rv_15d_robust_z_0_060036644,auction_rank_score,cumulative_at_or_above,0.95,1.0,50,0.9500081779522408,0.9802052666012431,0.8,0.82,0.021473608496332303,0.016917398864341054,-0.02016583490455901,0.059442785652771536,0.02349710568430143,0.01893633564735753,
global,__global__,normalized_rank_score,cumulative_at_or_above,0.0,1.0,48913,0.8,1.0,0.597652975691534,0.6023960910187476,0.03337201159102064,0.01618648363666939,-0.008597054543642683,0.09551250392839411,0.03540741910363184,0.018204688714766992,
global,__global__,normalized_rank_score,cumulative_at_or_above,0.05,1.0,48913,0.8,1.0,0.597652975691534,0.6023960910187476,0.03337201159102064,0.01618648363666939,-0.008597054543642683,0.09551250392839411,0.03540741910363184,0.018204688714766992,
global,__global__,normalized_rank_score,cumulative_at_or_above,0.1,1.0,48913,0.8,1.0,0.597652975691534,0.6023960910187476,0.03337201159102064,0.01618648363666939,-0.008597054543642683,0.09551250392839411,0.03540741910363184,0.018204688714766992,
global,__global__,normalized_rank_score,cumulative_at_or_above,0.15,1.0,48913,0.8,1.0,0.597652975691534,0.6023960910187476,0.03337201159102064,0.01618648363666939,-0.008597054543642683,0.09551250392839411,0.03540741910363184,0.018204688714766992,
global,__global__,normalized_rank_score,cumulative_at_or_above,0.2,1.0,48913,0.8,1.0,0.597652975691534,0.6023960910187476,0.03337201159102064,0.01618648363666939,-0.008597054543642683,0.09551250392839411,0.03540741910363184,0.018204688714766992,
global,__global__,normalized_rank_score,cumulative_at_or_above,0.25,1.0,48913,0.8,1.0,0.597652975691534,0.6023960910187476,0.03337201159102064,0.01618648363666939,-0.008597054543642683,0.09551250392839411,0.03540741910363184,0.018204688714766992,
global,__global__,normalized_rank_score,cumulative_at_or_above,0.3,1.0,48913,0.8,1.0,0.597652975691534,0.6023960910187476,0.03337201159102064,0.01618648363666939,-0.008597054543642683,0.09551250392839411,0.03540741910363184,0.018204688714766992,
global,__global__,normalized_rank_score,cumulative_at_or_above,0.35,1.0,48913,0.8,1.0,0.597652975691534,0.6023960910187476,0.03337201159102064,0.01618648363666939,-0.008597054543642683,0.09551250392839411,0.03540741910363184,0.018204688714766992,
global,__global__,normalized_rank_score,cumulative_at_or_above,0.4,1.0,48913,0.8,1.0,0.597652975691534,0.6023960910187476,0.03337201159102064,0.01618648363666939,-0.008597054543642683,0.09551250392839411,0.03540741910363184,0.018204688714766992,
global,__global__,normalized_rank_score,cumulative_at_or_above,0.45,1.0,48913,0.8,1.0,0.597652975691534,0.6023960910187476,0.03337201159102064,0.01618648363666939,-0.008597054543642683,0.09551250392839411,0.03540741910363184,0.018204688714766992,
global,__global__,normalized_rank_score,cumulative_at_or_above,0.5,1.0,48913,0.8,1.0,0.597652975691534,0.6023960910187476,0.03337201159102064,0.01618648363666939,-0.008597054543642683,0.09551250392839411,0.03540741910363184,0.018204688714766992,
global,__global__,normalized_rank_score,cumulative_at_or_above,0.55,1.0,48913,0.8,1.0,0.597652975691534,0.6023960910187476,0.03337201159102064,0.01618648363666939,-0.008597054543642683,0.09551250392839411,0.03540741910363184,0.018204688714766992,
global,__global__,normalized_rank_score,cumulative_at_or_above,0.6,1.0,48913,0.8,1.0,0.597652975691534,0.6023960910187476,0.03337201159102064,0.01618648363666939,-0.008597054543642683,0.09551250392839411,0.03540741910363184,0.018204688714766992,
global,__global__,normalized_rank_score,cumulative_at_or_above,0.65,1.0,48913,0.8,1.0,0.597652975691534,0.6023960910187476,0.03337201159102064,0.01618648363666939,-0.008597054543642683,0.09551250392839411,0.03540741910363184,0.018204688714766992,
global,__global__,normalized_rank_score,cumulative_at_or_above,0.7,1.0,48913,0.8,1.0,0.597652975691534,0.6023960910187476,0.03337201159102064,0.01618648363666939,-0.008597054543642683,0.09551250392839411,0.03540741910363184,0.018204688714766992,
global,__global__,normalized_rank_score,cumulative_at_or_above,0.75,1.0,48913,0.8,1.0,0.597652975691534,0.6023960910187476,0.03337201159102064,0.01618648363666939,-0.008597054543642683,0.09551250392839411,0.03540741910363184,0.018204688714766992,
global,__global__,normalized_rank_score,local_band,0.8,0.8500000000000001,12229,0.8,0.85,0.5751901218415243,0.5805871289557609,0.02883692619085759,0.012295931296880435,-0.008715036702750567,0.08624566821020001,0.030867794104625087,0.014310241501958317,
global,__global__,normalized_rank_score,cumulative_at_or_above,0.8,1.0,48913,0.8,1.0,0.597652975691534,0.6023960910187476,0.03337201159102064,0.01618648363666939,-0.008597054543642683,0.09551250392839411,0.03540741910363184,0.018204688714766992,
global,__global__,normalized_rank_score,local_band,0.85,0.9,12228,0.85,0.8999959110238797,0.5938828917239123,0.5989532221131828,0.03181975421713556,0.014886199227519948,-0.00848634280824999,0.09450476770930892,0.03385360792146484,0.016903102752592353,
global,__global__,normalized_rank_score,cumulative_at_or_above,0.85,1.0,36685,0.85,1.0,0.6051247103720867,0.6096497205942484,0.034882703450827446,0.01705560378790832,-0.00858053710946005,0.09976128400826667,0.0369196231587758,0.019074678489980026,
global,__global__,normalized_rank_score,local_band,0.9,0.9500000000000001,12229,0.9,0.95,0.6121514432905388,0.6170578133943904,0.03541473573943017,0.01787732372218367,-0.008429435205158053,0.10517665871594215,0.037452188011022125,0.019897221947542173,
global,__global__,normalized_rank_score,cumulative_at_or_above,0.9,1.0,24457,0.9,1.0,0.6107453898679315,0.6149977511550885,0.036414115448602485,0.01944252519606524,-0.008604319026856275,0.10352643206342124,0.03845256809567887,0.021463989724904858,
global,__global__,normalized_rank_score,local_band,0.95,1.0,12229,0.95,1.0,0.6092893940632922,0.6128873988061166,0.0374099020533058,0.020050123726423803,-0.008756932886596219,0.1008156385762533,0.039449351479203844,0.022072196204274714,
global,__global__,normalized_rank_score,cumulative_at_or_above,0.95,1.0,12229,0.95,1.0,0.6092893940632922,0.6128873988061166,0.0374099020533058,0.020050123726423803,-0.008756932886596219,0.1008156385762533,0.039449351479203844,0.022072196204274714,
strategy,long_asset_vol_level_pct_0_20587213_compression_score_-0_99787366,normalized_rank_score,cumulative_at_or_above,0.0,1.0,7422,0.8000490677134445,0.9935598626104023,0.6409323632444085,0.6534626785233091,0.03249078190831161,0.01705560422526122,-0.007406987876981717,0.08958241625604738,0.03452530730356095,0.019074678926921454,
strategy,long_asset_vol_level_pct_0_20587213_compression_score_-0_99787366,normalized_rank_score,cumulative_at_or_above,0.05,1.0,7422,0.8000490677134445,0.9935598626104023,0.6409323632444085,0.6534626785233091,0.03249078190831161,0.01705560422526122,-0.007406987876981717,0.08958241625604738,0.03452530730356095,0.019074678926921454,
strategy,long_asset_vol_level_pct_0_20587213_compression_score_-0_99787366,normalized_rank_score,cumulative_at_or_above,0.1,1.0,7422,0.8000490677134445,0.9935598626104023,0.6409323632444085,0.6534626785233091,0.03249078190831161,0.01705560422526122,-0.007406987876981717,0.08958241625604738,0.03452530730356095,0.019074678926921454,
strategy,long_asset_vol_level_pct_0_20587213_compression_score_-0_99787366,normalized_rank_score,cumulative_at_or_above,0.15,1.0,7422,0.8000490677134445,0.9935598626104023,0.6409323632444085,0.6534626785233091,0.03249078190831161,0.01705560422526122,-0.007406987876981717,0.08958241625604738,0.03452530730356095,0.019074678926921454,
strategy,long_asset_vol_level_pct_0_20587213_compression_score_-0_99787366,normalized_rank_score,cumulative_at_or_above,0.2,1.0,7422,0.8000490677134445,0.9935598626104023,0.6409323632444085,0.6534626785233091,0.03249078190831161,0.01705560422526122,-0.007406987876981717,0.08958241625604738,0.03452530730356095,0.019074678926921454,
strategy,long_asset_vol_level_pct_0_20587213_compression_score_-0_99787366,normalized_rank_score,cumulative_at_or_above,0.25,1.0,7422,0.8000490677134445,0.9935598626104023,0.6409323632444085,0.6534626785233091,0.03249078190831161,0.01705560422526122,-0.007406987876981717,0.08958241625604738,0.03452530730356095,0.019074678926921454,
strategy,long_asset_vol_level_pct_0_20587213_compression_score_-0_99787366,normalized_rank_score,cumulative_at_or_above,0.3,1.0,7422,0.8000490677134445,0.9935598626104023,0.6409323632444085,0.6534626785233091,0.03249078190831161,0.01705560422526122,-0.007406987876981717,0.08958241625604738,0.03452530730356095,0.019074678926921454,
strategy,long_asset_vol_level_pct_0_20587213_compression_score_-0_99787366,normalized_rank_score,cumulative_at_or_above,0.35,1.0,7422,0.8000490677134445,0.9935598626104023,0.6409323632444085,0.6534626785233091,0.03249078190831161,0.01705560422526122,-0.007406987876981717,0.08958241625604738,0.03452530730356095,0.019074678926921454,
strategy,long_asset_vol_level_pct_0_20587213_compression_score_-0_99787366,normalized_rank_score,cumulative_at_or_above,0.4,1.0,7422,0.8000490677134445,0.9935598626104023,0.6409323632444085,0.6534626785233091,0.03249078190831161,0.01705560422526122,-0.007406987876981717,0.08958241625604738,0.03452530730356095,0.019074678926921454,
strategy,long_asset_vol_level_pct_0_20587213_compression_score_-0_99787366,normalized_rank_score,cumulative_at_or_above,0.45,1.0,7422,0.8000490677134445,0.9935598626104023,0.6409323632444085,0.6534626785233091,0.03249078190831161,0.01705560422526122,-0.007406987876981717,0.08958241625604738,0.03452530730356095,0.019074678926921454,
strategy,long_asset_vol_level_pct_0_20587213_compression_score_-0_99787366,normalized_rank_score,cumulative_at_or_above,0.5,1.0,7422,0.8000490677134445,0.9935598626104023,0.6409323632444085,0.6534626785233091,0.03249078190831161,0.01705560422526122,-0.007406987876981717,0.08958241625604738,0.03452530730356095,0.019074678926921454,
strategy,long_asset_vol_level_pct_0_20587213_compression_score_-0_99787366,normalized_rank_score,cumulative_at_or_above,0.55,1.0,7422,0.8000490677134445,0.9935598626104023,0.6409323632444085,0.6534626785233091,0.03249078190831161,0.01705560422526122,-0.007406987876981717,0.08958241625604738,0.03452530730356095,0.019074678926921454,
strategy,long_asset_vol_level_pct_0_20587213_compression_score_-0_99787366,normalized_rank_score,cumulative_at_or_above,0.6,1.0,7422,0.8000490677134445,0.9935598626104023,0.6409323632444085,0.6534626785233091,0.03249078190831161,0.01705560422526122,-0.007406987876981717,0.08958241625604738,0.03452530730356095,0.019074678926921454,
strategy,long_asset_vol_level_pct_0_20587213_compression_score_-0_99787366,normalized_rank_score,cumulative_at_or_above,0.65,1.0,7422,0.8000490677134445,0.9935598626104023,0.6409323632444085,0.6534626785233091,0.03249078190831161,0.01705560422526122,-0.007406987876981717,0.08958241625604738,0.03452530730356095,0.019074678926921454,
strategy,long_asset_vol_level_pct_0_20587213_compression_score_-0_99787366,normalized_rank_score,cumulative_at_or_above,0.7,1.0,7422,0.8000490677134445,0.9935598626104023,0.6409323632444085,0.6534626785233091,0.03249078190831161,0.01705560422526122,-0.007406987876981717,0.08958241625604738,0.03452530730356095,0.019074678926921454,
strategy,long_asset_vol_level_pct_0_20587213_compression_score_-0_99787366,normalized_rank_score,cumulative_at_or_above,0.75,1.0,7422,0.8000490677134445,0.9935598626104023,0.6409323632444085,0.6534626785233091,0.03249078190831161,0.01705560422526122,-0.007406987876981717,0.08958241625604738,0.03452530730356095,0.019074678926921454,
strategy,long_asset_vol_level_pct_0_20587213_compression_score_-0_99787366,normalized_rank_score,local_band,0.8,0.8500000000000001,2158,0.8000490677134445,0.85,0.6014828544949027,0.6121408711770158,0.02755218554812445,0.012502551745206415,-0.00764040451097172,0.08003996612173195,0.029581767417108776,0.01451706883384473,
strategy,long_asset_vol_level_pct_0_20587213_compression_score_-0_99787366,normalized_rank_score,cumulative_at_or_above,0.8,1.0,7422,0.8000490677134445,0.9935598626104023,0.6409323632444085,0.6534626785233091,0.03249078190831161,0.01705560422526122,-0.007406987876981717,0.08958241625604738,0.03452530730356095,0.019074678926921454,
strategy,long_asset_vol_level_pct_0_20587213_compression_score_-0_99787366,normalized_rank_score,local_band,0.85,0.9,2243,0.85,0.8999795551193981,0.6366473473027195,0.6460098082924655,0.0315241913007058,0.016821710476825034,-0.0074033311531153875,0.08639365758904441,0.03355774914224524,0.01884055170946948,
strategy,long_asset_vol_level_pct_0_20587213_compression_score_-0_99787366,normalized_rank_score,cumulative_at_or_above,0.85,1.0,5265,0.85,0.9935598626104023,0.656980056980057,0.6702754036087369,0.03450759932395924,0.02006775028473485,-0.007341666697751646,0.0955125042207335,0.03654414354987934,0.0220898394894197,
strategy,long_asset_vol_level_pct_0_20587213_compression_score_-0_99787366,normalized_rank_score,local_band,0.9,0.9500000000000001,1895,0.9000081779522408,0.9499959110238796,0.6781002638522428,0.6886543535620053,0.035723145688602416,0.021291876481394245,-0.007281942822153145,0.08869193082885929,0.03776090667003514,0.02331519175862785,
strategy,long_asset_vol_level_pct_0_20587213_compression_score_-0_99787366,normalized_rank_score,cumulative_at_or_above,0.9,1.0,3022,0.9000081779522408,0.9935598626104023,0.672071475843812,0.6882859033752482,0.03672195544446138,0.021819088203659905,-0.007295983448656587,0.10390798778818548,0.03876071623562497,0.02384293067378674,
strategy,long_asset_vol_level_pct_0_20587213_compression_score_-0_99787366,normalized_rank_score,local_band,0.95,1.0,1127,0.9500040889761204,0.9935598626104023,0.6619343389529725,0.6876663708961845,0.038401409293044086,0.024011299023546866,-0.007357041082782823,0.12267242692282472,0.04044185121946945,0.026037335789345046,
strategy,long_asset_vol_level_pct_0_20587213_compression_score_-0_99787366,normalized_rank_score,cumulative_at_or_above,0.95,1.0,1127,0.9500040889761204,0.9935598626104023,0.6619343389529725,0.6876663708961845,0.038401409293044086,0.024011299023546866,-0.007357041082782823,0.12267242692282472,0.04044185121946945,0.026037335789345046,
strategy,long_bars_in_high_vol_state_log_norm_-0_38407263_pullback_depth_1_8353814_pullback_depth_-0_90359813_asset_funding_rate_abs_mean_7d_0_000011711979_variance_ratio_10_48_-0_27143899,normalized_rank_score,cumulative_at_or_above,0.0,1.0,6688,0.8000163559044815,0.9911800785083416,0.5992822966507177,0.6018241626794258,0.034578541302025416,0.020150847351916964,-0.00906168458506943,0.10517666615852356,0.036615156560821746,0.02217302073322608,
strategy,long_bars_in_high_vol_state_log_norm_-0_38407263_pullback_depth_1_8353814_pullback_depth_-0_90359813_asset_funding_rate_abs_mean_7d_0_000011711979_variance_ratio_10_48_-0_27143899,normalized_rank_score,cumulative_at_or_above,0.05,1.0,6688,0.8000163559044815,0.9911800785083416,0.5992822966507177,0.6018241626794258,0.034578541302025416,0.020150847351916964,-0.00906168458506943,0.10517666615852356,0.036615156560821746,0.02217302073322608,
strategy,long_bars_in_high_vol_state_log_norm_-0_38407263_pullback_depth_1_8353814_pullback_depth_-0_90359813_asset_funding_rate_abs_mean_7d_0_000011711979_variance_ratio_10_48_-0_27143899,normalized_rank_score,cumulative_at_or_above,0.1,1.0,6688,0.8000163559044815,0.9911800785083416,0.5992822966507177,0.6018241626794258,0.034578541302025416,0.020150847351916964,-0.00906168458506943,0.10517666615852356,0.036615156560821746,0.02217302073322608,
strategy,long_bars_in_high_vol_state_log_norm_-0_38407263_pullback_depth_1_8353814_pullback_depth_-0_90359813_asset_funding_rate_abs_mean_7d_0_000011711979_variance_ratio_10_48_-0_27143899,normalized_rank_score,cumulative_at_or_above,0.15,1.0,6688,0.8000163559044815,0.9911800785083416,0.5992822966507177,0.6018241626794258,0.034578541302025416,0.020150847351916964,-0.00906168458506943,0.10517666615852356,0.036615156560821746,0.02217302073322608,
strategy,long_bars_in_high_vol_state_log_norm_-0_38407263_pullback_depth_1_8353814_pullback_depth_-0_90359813_asset_funding_rate_abs_mean_7d_0_000011711979_variance_ratio_10_48_-0_27143899,normalized_rank_score,cumulative_at_or_above,0.2,1.0,6688,0.8000163559044815,0.9911800785083416,0.5992822966507177,0.6018241626794258,0.034578541302025416,0.020150847351916964,-0.00906168458506943,0.10517666615852356,0.036615156560821746,0.02217302073322608,
strategy,long_bars_in_high_vol_state_log_norm_-0_38407263_pullback_depth_1_8353814_pullback_depth_-0_90359813_asset_funding_rate_abs_mean_7d_0_000011711979_variance_ratio_10_48_-0_27143899,normalized_rank_score,cumulative_at_or_above,0.25,1.0,6688,0.8000163559044815,0.9911800785083416,0.5992822966507177,0.6018241626794258,0.034578541302025416,0.020150847351916964,-0.00906168458506943,0.10517666615852356,0.036615156560821746,0.02217302073322608,
strategy,long_bars_in_high_vol_state_log_norm_-0_38407263_pullback_depth_1_8353814_pullback_depth_-0_90359813_asset_funding_rate_abs_mean_7d_0_000011711979_variance_ratio_10_48_-0_27143899,normalized_rank_score,cumulative_at_or_above,0.3,1.0,6688,0.8000163559044815,0.9911800785083416,0.5992822966507177,0.6018241626794258,0.034578541302025416,0.020150847351916964,-0.00906168458506943,0.10517666615852356,0.036615156560821746,0.02217302073322608,
strategy,long_bars_in_high_vol_state_log_norm_-0_38407263_pullback_depth_1_8353814_pullback_depth_-0_90359813_asset_funding_rate_abs_mean_7d_0_000011711979_variance_ratio_10_48_-0_27143899,normalized_rank_score,cumulative_at_or_above,0.35,1.0,6688,0.8000163559044815,0.9911800785083416,0.5992822966507177,0.6018241626794258,0.034578541302025416,0.020150847351916964,-0.00906168458506943,0.10517666615852356,0.036615156560821746,0.02217302073322608,
strategy,long_bars_in_high_vol_state_log_norm_-0_38407263_pullback_depth_1_8353814_pullback_depth_-0_90359813_asset_funding_rate_abs_mean_7d_0_000011711979_variance_ratio_10_48_-0_27143899,normalized_rank_score,cumulative_at_or_above,0.4,1.0,6688,0.8000163559044815,0.9911800785083416,0.5992822966507177,0.6018241626794258,0.034578541302025416,0.020150847351916964,-0.00906168458506943,0.10517666615852356,0.036615156560821746,0.02217302073322608,
strategy,long_bars_in_high_vol_state_log_norm_-0_38407263_pullback_depth_1_8353814_pullback_depth_-0_90359813_asset_funding_rate_abs_mean_7d_0_000011711979_variance_ratio_10_48_-0_27143899,normalized_rank_score,cumulative_at_or_above,0.45,1.0,6688,0.8000163559044815,0.9911800785083416,0.5992822966507177,0.6018241626794258,0.034578541302025416,0.020150847351916964,-0.00906168458506943,0.10517666615852356,0.036615156560821746,0.02217302073322608,
strategy,long_bars_in_high_vol_state_log_norm_-0_38407263_pullback_depth_1_8353814_pullback_depth_-0_90359813_asset_funding_rate_abs_mean_7d_0_000011711979_variance_ratio_10_48_-0_27143899,normalized_rank_score,cumulative_at_or_above,0.5,1.0,6688,0.8000163559044815,0.9911800785083416,0.5992822966507177,0.6018241626794258,0.034578541302025416,0.020150847351916964,-0.00906168458506943,0.10517666615852356,0.036615156560821746,0.02217302073322608,
strategy,long_bars_in_high_vol_state_log_norm_-0_38407263_pullback_depth_1_8353814_pullback_depth_-0_90359813_asset_funding_rate_abs_mean_7d_0_000011711979_variance_ratio_10_48_-0_27143899,normalized_rank_score,cumulative_at_or_above,0.55,1.0,6688,0.8000163559044815,0.9911800785083416,0.5992822966507177,0.6018241626794258,0.034578541302025416,0.020150847351916964,-0.00906168458506943,0.10517666615852356,0.036615156560821746,0.02217302073322608,
strategy,long_bars_in_high_vol_state_log_norm_-0_38407263_pullback_depth_1_8353814_pullback_depth_-0_90359813_asset_funding_rate_abs_mean_7d_0_000011711979_variance_ratio_10_48_-0_27143899,normalized_rank_score,cumulative_at_or_above,0.6,1.0,6688,0.8000163559044815,0.9911800785083416,0.5992822966507177,0.6018241626794258,0.034578541302025416,0.020150847351916964,-0.00906168458506943,0.10517666615852356,0.036615156560821746,0.02217302073322608,
strategy,long_bars_in_high_vol_state_log_norm_-0_38407263_pullback_depth_1_8353814_pullback_depth_-0_90359813_asset_funding_rate_abs_mean_7d_0_000011711979_variance_ratio_10_48_-0_27143899,normalized_rank_score,cumulative_at_or_above,0.65,1.0,6688,0.8000163559044815,0.9911800785083416,0.5992822966507177,0.6018241626794258,0.034578541302025416,0.020150847351916964,-0.00906168458506943,0.10517666615852356,0.036615156560821746,0.02217302073322608,
strategy,long_bars_in_high_vol_state_log_norm_-0_38407263_pullback_depth_1_8353814_pullback_depth_-0_90359813_asset_funding_rate_abs_mean_7d_0_000011711979_variance_ratio_10_48_-0_27143899,normalized_rank_score,cumulative_at_or_above,0.7,1.0,6688,0.8000163559044815,0.9911800785083416,0.5992822966507177,0.6018241626794258,0.034578541302025416,0.020150847351916964,-0.00906168458506943,0.10517666615852356,0.036615156560821746,0.02217302073322608,
strategy,long_bars_in_high_vol_state_log_norm_-0_38407263_pullback_depth_1_8353814_pullback_depth_-0_90359813_asset_funding_rate_abs_mean_7d_0_000011711979_variance_ratio_10_48_-0_27143899,normalized_rank_score,cumulative_at_or_above,0.75,1.0,6688,0.8000163559044815,0.9911800785083416,0.5992822966507177,0.6018241626794258,0.034578541302025416,0.020150847351916964,-0.00906168458506943,0.10517666615852356,0.036615156560821746,0.02217302073322608,
strategy,long_bars_in_high_vol_state_log_norm_-0_38407263_pullback_depth_1_8353814_pullback_depth_-0_90359813_asset_funding_rate_abs_mean_7d_0_000011711979_variance_ratio_10_48_-0_27143899,normalized_rank_score,local_band,0.8,0.8500000000000001,2166,0.8000163559044815,0.8499795551193982,0.556786703601108,0.5581717451523546,0.026995870676438716,0.01418326954834926,-0.009186371937208561,0.08123258901983152,0.029024895705263055,0.016199469434005243,
strategy,long_bars_in_high_vol_state_log_norm_-0_38407263_pullback_depth_1_8353814_pullback_depth_-0_90359813_asset_funding_rate_abs_mean_7d_0_000011711979_variance_ratio_10_48_-0_27143899,normalized_rank_score,cumulative_at_or_above,0.8,1.0,6688,0.8000163559044815,0.9911800785083416,0.5992822966507177,0.6018241626794258,0.034578541302025416,0.020150847351916964,-0.00906168458506943,0.10517666615852356,0.036615156560821746,0.02217302073322608,
strategy,long_bars_in_high_vol_state_log_norm_-0_38407263_pullback_depth_1_8353814_pullback_depth_-0_90359813_asset_funding_rate_abs_mean_7d_0_000011711979_variance_ratio_10_48_-0_27143899,normalized_rank_score,local_band,0.85,0.9,1998,0.8500081779522407,0.8999631992149166,0.5735735735735735,0.5775775775775776,0.03127213384438155,0.016023093079916024,-0.009115316970402514,0.0982284701743737,0.033305439363165,0.018041133756772278,
strategy,long_bars_in_high_vol_state_log_norm_-0_38407263_pullback_depth_1_8353814_pullback_depth_-0_90359813_asset_funding_rate_abs_mean_7d_0_000011711979_variance_ratio_10_48_-0_27143899,normalized_rank_score,cumulative_at_or_above,0.85,1.0,4522,0.8500081779522407,0.9911800785083416,0.6196373286156568,0.622733303847855,0.03821057681176022,0.02409489798367464,-0.008918776861260061,0.1105539439767347,0.04025082772692969,0.02612101942393303,
strategy,long_bars_in_high_vol_state_log_norm_-0_38407263_pullback_depth_1_8353814_pullback_depth_-0_90359813_asset_funding_rate_abs_mean_7d_0_000011711979_variance_ratio_10_48_-0_27143899,normalized_rank_score,local_band,0.9,0.9500000000000001,1691,0.9000040889761204,0.9499304874059535,0.641632170313424,0.644589000591366,0.04227282320257229,0.026638184784248103,-0.00882820854632033,0.12074745803206513,0.044317140413954084,0.028666852483696492,
strategy,long_bars_in_high_vol_state_log_norm_-0_38407263_pullback_depth_1_8353814_pullback_depth_-0_90359813_asset_funding_rate_abs_mean_7d_0_000011711979_variance_ratio_10_48_-0_27143899,normalized_rank_score,cumulative_at_or_above,0.9,1.0,2524,0.9000040889761204,0.9911800785083416,0.6561014263074485,0.6584786053882726,0.043703052663116235,0.029896967209563828,-0.008673731301963403,0.12074746037500324,0.045748801558467674,0.03192889619448291,
strategy,long_bars_in_high_vol_state_log_norm_-0_38407263_pullback_depth_1_8353814_pullback_depth_-0_90359813_asset_funding_rate_abs_mean_7d_0_000011711979_variance_ratio_10_48_-0_27143899,normalized_rank_score,local_band,0.95,1.0,833,0.9500736015701668,0.9911800785083416,0.6854741896758704,0.6866746698679472,0.04660643563764178,0.03376846849330173,-0.008456337931844292,0.12074746379770394,0.04865509086863872,0.03580427218599803,
strategy,long_bars_in_high_vol_state_log_norm_-0_38407263_pullback_depth_1_8353814_pullback_depth_-0_90359813_asset_funding_rate_abs_mean_7d_0_000011711979_variance_ratio_10_48_-0_27143899,normalized_rank_score,cumulative_at_or_above,0.95,1.0,833,0.9500736015701668,0.9911800785083416,0.6854741896758704,0.6866746698679472,0.04660643563764178,0.03376846849330173,-0.008456337931844292,0.12074746379770394,0.04865509086863872,0.03580427218599803,
strategy,long_bars_in_high_vol_state_log_norm_-0_49417102_loc_range_pos_48_0_22034115_loc_swing_range_pos_24_1_0002919_atr_percentile_-1_477338_range_24h_pct_0_13988039_variance_ratio_10_48_0_92117828,normalized_rank_score,cumulative_at_or_above,0.0,1.0,12079,0.8000081779522408,1.0,0.599718519745012,0.602533322294892,0.03308785363840861,0.01555292509482797,-0.00893163804777388,0.0895378737736362,0.035122976674738716,0.01757049573138066,
strategy,long_bars_in_high_vol_state_log_norm_-0_49417102_loc_range_pos_48_0_22034115_loc_swing_range_pos_24_1_0002919_atr_percentile_-1_477338_range_24h_pct_0_13988039_variance_ratio_10_48_0_92117828,normalized_rank_score,cumulative_at_or_above,0.05,1.0,12079,0.8000081779522408,1.0,0.599718519745012,0.602533322294892,0.03308785363840861,0.01555292509482797,-0.00893163804777388,0.0895378737736362,0.035122976674738716,0.01757049573138066,
strategy,long_bars_in_high_vol_state_log_norm_-0_49417102_loc_range_pos_48_0_22034115_loc_swing_range_pos_24_1_0002919_atr_percentile_-1_477338_range_24h_pct_0_13988039_variance_ratio_10_48_0_92117828,normalized_rank_score,cumulative_at_or_above,0.1,1.0,12079,0.8000081779522408,1.0,0.599718519745012,0.602533322294892,0.03308785363840861,0.01555292509482797,-0.00893163804777388,0.0895378737736362,0.035122976674738716,0.01757049573138066,
strategy,long_bars_in_high_vol_state_log_norm_-0_49417102_loc_range_pos_48_0_22034115_loc_swing_range_pos_24_1_0002919_atr_percentile_-1_477338_range_24h_pct_0_13988039_variance_ratio_10_48_0_92117828,normalized_rank_score,cumulative_at_or_above,0.15,1.0,12079,0.8000081779522408,1.0,0.599718519745012,0.602533322294892,0.03308785363840861,0.01555292509482797,-0.00893163804777388,0.0895378737736362,0.035122976674738716,0.01757049573138066,
strategy,long_bars_in_high_vol_state_log_norm_-0_49417102_loc_range_pos_48_0_22034115_loc_swing_range_pos_24_1_0002919_atr_percentile_-1_477338_range_24h_pct_0_13988039_variance_ratio_10_48_0_92117828,normalized_rank_score,cumulative_at_or_above,0.2,1.0,12079,0.8000081779522408,1.0,0.599718519745012,0.602533322294892,0.03308785363840861,0.01555292509482797,-0.00893163804777388,0.0895378737736362,0.035122976674738716,0.01757049573138066,
strategy,long_bars_in_high_vol_state_log_norm_-0_49417102_loc_range_pos_48_0_22034115_loc_swing_range_pos_24_1_0002919_atr_percentile_-1_477338_range_24h_pct_0_13988039_variance_ratio_10_48_0_92117828,normalized_rank_score,cumulative_at_or_above,0.25,1.0,12079,0.8000081779522408,1.0,0.599718519745012,0.602533322294892,0.03308785363840861,0.01555292509482797,-0.00893163804777388,0.0895378737736362,0.035122976674738716,0.01757049573138066,
strategy,long_bars_in_high_vol_state_log_norm_-0_49417102_loc_range_pos_48_0_22034115_loc_swing_range_pos_24_1_0002919_atr_percentile_-1_477338_range_24h_pct_0_13988039_variance_ratio_10_48_0_92117828,normalized_rank_score,cumulative_at_or_above,0.3,1.0,12079,0.8000081779522408,1.0,0.599718519745012,0.602533322294892,0.03308785363840861,0.01555292509482797,-0.00893163804777388,0.0895378737736362,0.035122976674738716,0.01757049573138066,
strategy,long_bars_in_high_vol_state_log_norm_-0_49417102_loc_range_pos_48_0_22034115_loc_swing_range_pos_24_1_0002919_atr_percentile_-1_477338_range_24h_pct_0_13988039_variance_ratio_10_48_0_92117828,normalized_rank_score,cumulative_at_or_above,0.35,1.0,12079,0.8000081779522408,1.0,0.599718519745012,0.602533322294892,0.03308785363840861,0.01555292509482797,-0.00893163804777388,0.0895378737736362,0.035122976674738716,0.01757049573138066,
strategy,long_bars_in_high_vol_state_log_norm_-0_49417102_loc_range_pos_48_0_22034115_loc_swing_range_pos_24_1_0002919_atr_percentile_-1_477338_range_24h_pct_0_13988039_variance_ratio_10_48_0_92117828,normalized_rank_score,cumulative_at_or_above,0.4,1.0,12079,0.8000081779522408,1.0,0.599718519745012,0.602533322294892,0.03308785363840861,0.01555292509482797,-0.00893163804777388,0.0895378737736362,0.035122976674738716,0.01757049573138066,
strategy,long_bars_in_high_vol_state_log_norm_-0_49417102_loc_range_pos_48_0_22034115_loc_swing_range_pos_24_1_0002919_atr_percentile_-1_477338_range_24h_pct_0_13988039_variance_ratio_10_48_0_92117828,normalized_rank_score,cumulative_at_or_above,0.45,1.0,12079,0.8000081779522408,1.0,0.599718519745012,0.602533322294892,0.03308785363840861,0.01555292509482797,-0.00893163804777388,0.0895378737736362,0.035122976674738716,0.01757049573138066,
strategy,long_bars_in_high_vol_state_log_norm_-0_49417102_loc_range_pos_48_0_22034115_loc_swing_range_pos_24_1_0002919_atr_percentile_-1_477338_range_24h_pct_0_13988039_variance_ratio_10_48_0_92117828,normalized_rank_score,cumulative_at_or_above,0.5,1.0,12079,0.8000081779522408,1.0,0.599718519745012,0.602533322294892,0.03308785363840861,0.01555292509482797,-0.00893163804777388,0.0895378737736362,0.035122976674738716,0.01757049573138066,
strategy,long_bars_in_high_vol_state_log_norm_-0_49417102_loc_range_pos_48_0_22034115_loc_swing_range_pos_24_1_0002919_atr_percentile_-1_477338_range_24h_pct_0_13988039_variance_ratio_10_48_0_92117828,normalized_rank_score,cumulative_at_or_above,0.55,1.0,12079,0.8000081779522408,1.0,0.599718519745012,0.602533322294892,0.03308785363840861,0.01555292509482797,-0.00893163804777388,0.0895378737736362,0.035122976674738716,0.01757049573138066,
strategy,long_bars_in_high_vol_state_log_norm_-0_49417102_loc_range_pos_48_0_22034115_loc_swing_range_pos_24_1_0002919_atr_percentile_-1_477338_range_24h_pct_0_13988039_variance_ratio_10_48_0_92117828,normalized_rank_score,cumulative_at_or_above,0.6,1.0,12079,0.8000081779522408,1.0,0.599718519745012,0.602533322294892,0.03308785363840861,0.01555292509482797,-0.00893163804777388,0.0895378737736362,0.035122976674738716,0.01757049573138066,
strategy,long_bars_in_high_vol_state_log_norm_-0_49417102_loc_range_pos_48_0_22034115_loc_swing_range_pos_24_1_0002919_atr_percentile_-1_477338_range_24h_pct_0_13988039_variance_ratio_10_48_0_92117828,normalized_rank_score,cumulative_at_or_above,0.65,1.0,12079,0.8000081779522408,1.0,0.599718519745012,0.602533322294892,0.03308785363840861,0.01555292509482797,-0.00893163804777388,0.0895378737736362,0.035122976674738716,0.01757049573138066,
strategy,long_bars_in_high_vol_state_log_norm_-0_49417102_loc_range_pos_48_0_22034115_loc_swing_range_pos_24_1_0002919_atr_percentile_-1_477338_range_24h_pct_0_13988039_variance_ratio_10_48_0_92117828,normalized_rank_score,cumulative_at_or_above,0.7,1.0,12079,0.8000081779522408,1.0,0.599718519745012,0.602533322294892,0.03308785363840861,0.01555292509482797,-0.00893163804777388,0.0895378737736362,0.035122976674738716,0.01757049573138066,
strategy,long_bars_in_high_vol_state_log_norm_-0_49417102_loc_range_pos_48_0_22034115_loc_swing_range_pos_24_1_0002919_atr_percentile_-1_477338_range_24h_pct_0_13988039_variance_ratio_10_48_0_92117828,normalized_rank_score,cumulative_at_or_above,0.75,1.0,12079,0.8000081779522408,1.0,0.599718519745012,0.602533322294892,0.03308785363840861,0.01555292509482797,-0.00893163804777388,0.0895378737736362,0.035122976674738716,0.01757049573138066,
strategy,long_bars_in_high_vol_state_log_norm_-0_49417102_loc_range_pos_48_0_22034115_loc_swing_range_pos_24_1_0002919_atr_percentile_-1_477338_range_24h_pct_0_13988039_variance_ratio_10_48_0_92117828,normalized_rank_score,local_band,0.8,0.8500000000000001,1596,0.8000081779522408,0.8499509322865555,0.5319548872180451,0.5357142857142857,0.024723689888333508,0.007128909765148351,-0.009167436583188984,0.07667169731546558,0.026750440420898615,0.009138047911419499,
strategy,long_bars_in_high_vol_state_log_norm_-0_49417102_loc_range_pos_48_0_22034115_loc_swing_range_pos_24_1_0002919_atr_percentile_-1_477338_range_24h_pct_0_13988039_variance_ratio_10_48_0_92117828,normalized_rank_score,cumulative_at_or_above,0.8,1.0,12079,0.8000081779522408,1.0,0.599718519745012,0.602533322294892,0.03308785363840861,0.01555292509482797,-0.00893163804777388,0.0895378737736362,0.035122976674738716,0.01757049573138066,
strategy,long_bars_in_high_vol_state_log_norm_-0_49417102_loc_range_pos_48_0_22034115_loc_swing_range_pos_24_1_0002919_atr_percentile_-1_477338_range_24h_pct_0_13988039_variance_ratio_10_48_0_92117828,normalized_rank_score,local_band,0.85,0.9,1887,0.8500163559044815,0.8998977755969905,0.5696873343932167,0.5771065182829889,0.02605656273335841,0.011073351922223633,-0.00905719491444112,0.07828564919657745,0.028084647463517038,0.013086438594647285,
strategy,long_bars_in_high_vol_state_log_norm_-0_49417102_loc_range_pos_48_0_22034115_loc_swing_range_pos_24_1_0002919_atr_percentile_-1_477338_range_24h_pct_0_13988039_variance_ratio_10_48_0_92117828,normalized_rank_score,cumulative_at_or_above,0.85,1.0,10483,0.8500163559044815,1.0,0.6100352952399123,0.612706286368406,0.03436126824731063,0.016693780926231624,-0.008880250504870629,0.09014940385735162,0.03639766596798767,0.018712493719865917,
strategy,long_bars_in_high_vol_state_log_norm_-0_49417102_loc_range_pos_48_0_22034115_loc_swing_range_pos_24_1_0002919_atr_percentile_-1_477338_range_24h_pct_0_13988039_variance_ratio_10_48_0_92117828,normalized_rank_score,local_band,0.9,0.9500000000000001,2363,0.9000163559044815,0.9499918220477592,0.6153195090986034,0.6182818451121456,0.030557719320067855,0.016455033016524522,-0.008889063402455037,0.08982018558978078,0.03259030970743483,0.018473505918510442,
strategy,long_bars_in_high_vol_state_log_norm_-0_49417102_loc_range_pos_48_0_22034115_loc_swing_range_pos_24_1_0002919_atr_percentile_-1_477338_range_24h_pct_0_13988039_variance_ratio_10_48_0_92117828,normalized_rank_score,cumulative_at_or_above,0.9,1.0,8596,0.9000163559044815,1.0,0.6188925081433225,0.6205211726384365,0.03618432307569917,0.017684637708894016,-0.008841308829457925,0.09175974068509626,0.038222545669934625,0.019704341784143584,
strategy,long_bars_in_high_vol_state_log_norm_-0_49417102_loc_range_pos_48_0_22034115_loc_swing_range_pos_24_1_0002919_atr_percentile_-1_477338_range_24h_pct_0_13988039_variance_ratio_10_48_0_92117828,normalized_rank_score,local_band,0.95,1.0,6233,0.9500204448806019,1.0,0.6202470720359378,0.6213701267447457,0.03831743147848383,0.01877133472006202,-0.008809988055423938,0.09284559415113036,0.04035778930532482,0.02079212699660387,
strategy,long_bars_in_high_vol_state_log_norm_-0_49417102_loc_range_pos_48_0_22034115_loc_swing_range_pos_24_1_0002919_atr_percentile_-1_477338_range_24h_pct_0_13988039_variance_ratio_10_48_0_92117828,normalized_rank_score,cumulative_at_or_above,0.95,1.0,6233,0.9500204448806019,1.0,0.6202470720359378,0.6213701267447457,0.03831743147848383,0.01877133472006202,-0.008809988055423938,0.09284559415113036,0.04035778930532482,0.02079212699660387,
strategy,long_dist_ema20_atr_-0_92271453_loc_bb_channel_pos_48_0_60767579_leverage_build_score_0_45107844_return_autocorr_48_1_18643_rolling_range_20_-0_25967735,normalized_rank_score,cumulative_at_or_above,0.0,1.0,9908,0.8000204448806019,0.9913763493621197,0.5278562777553493,0.5325999192571659,0.029831909158564346,0.006886740001020552,-0.007940987471483214,0.09381380325214872,0.03186377301607481,0.008895635778269686,
strategy,long_dist_ema20_atr_-0_92271453_loc_bb_channel_pos_48_0_60767579_leverage_build_score_0_45107844_return_autocorr_48_1_18643_rolling_range_20_-0_25967735,normalized_rank_score,cumulative_at_or_above,0.05,1.0,9908,0.8000204448806019,0.9913763493621197,0.5278562777553493,0.5325999192571659,0.029831909158564346,0.006886740001020552,-0.007940987471483214,0.09381380325214872,0.03186377301607481,0.008895635778269686,
strategy,long_dist_ema20_atr_-0_92271453_loc_bb_channel_pos_48_0_60767579_leverage_build_score_0_45107844_return_autocorr_48_1_18643_rolling_range_20_-0_25967735,normalized_rank_score,cumulative_at_or_above,0.1,1.0,9908,0.8000204448806019,0.9913763493621197,0.5278562777553493,0.5325999192571659,0.029831909158564346,0.006886740001020552,-0.007940987471483214,0.09381380325214872,0.03186377301607481,0.008895635778269686,
strategy,long_dist_ema20_atr_-0_92271453_loc_bb_channel_pos_48_0_60767579_leverage_build_score_0_45107844_return_autocorr_48_1_18643_rolling_range_20_-0_25967735,normalized_rank_score,cumulative_at_or_above,0.15,1.0,9908,0.8000204448806019,0.9913763493621197,0.5278562777553493,0.5325999192571659,0.029831909158564346,0.006886740001020552,-0.007940987471483214,0.09381380325214872,0.03186377301607481,0.008895635778269686,
strategy,long_dist_ema20_atr_-0_92271453_loc_bb_channel_pos_48_0_60767579_leverage_build_score_0_45107844_return_autocorr_48_1_18643_rolling_range_20_-0_25967735,normalized_rank_score,cumulative_at_or_above,0.2,1.0,9908,0.8000204448806019,0.9913763493621197,0.5278562777553493,0.5325999192571659,0.029831909158564346,0.006886740001020552,-0.007940987471483214,0.09381380325214872,0.03186377301607481,0.008895635778269686,
strategy,long_dist_ema20_atr_-0_92271453_loc_bb_channel_pos_48_0_60767579_leverage_build_score_0_45107844_return_autocorr_48_1_18643_rolling_range_20_-0_25967735,normalized_rank_score,cumulative_at_or_above,0.25,1.0,9908,0.8000204448806019,0.9913763493621197,0.5278562777553493,0.5325999192571659,0.029831909158564346,0.006886740001020552,-0.007940987471483214,0.09381380325214872,0.03186377301607481,0.008895635778269686,
strategy,long_dist_ema20_atr_-0_92271453_loc_bb_channel_pos_48_0_60767579_leverage_build_score_0_45107844_return_autocorr_48_1_18643_rolling_range_20_-0_25967735,normalized_rank_score,cumulative_at_or_above,0.3,1.0,9908,0.8000204448806019,0.9913763493621197,0.5278562777553493,0.5325999192571659,0.029831909158564346,0.006886740001020552,-0.007940987471483214,0.09381380325214872,0.03186377301607481,0.008895635778269686,
strategy,long_dist_ema20_atr_-0_92271453_loc_bb_channel_pos_48_0_60767579_leverage_build_score_0_45107844_return_autocorr_48_1_18643_rolling_range_20_-0_25967735,normalized_rank_score,cumulative_at_or_above,0.35,1.0,9908,0.8000204448806019,0.9913763493621197,0.5278562777553493,0.5325999192571659,0.029831909158564346,0.006886740001020552,-0.007940987471483214,0.09381380325214872,0.03186377301607481,0.008895635778269686,
strategy,long_dist_ema20_atr_-0_92271453_loc_bb_channel_pos_48_0_60767579_leverage_build_score_0_45107844_return_autocorr_48_1_18643_rolling_range_20_-0_25967735,normalized_rank_score,cumulative_at_or_above,0.4,1.0,9908,0.8000204448806019,0.9913763493621197,0.5278562777553493,0.5325999192571659,0.029831909158564346,0.006886740001020552,-0.007940987471483214,0.09381380325214872,0.03186377301607481,0.008895635778269686,
strategy,long_dist_ema20_atr_-0_92271453_loc_bb_channel_pos_48_0_60767579_leverage_build_score_0_45107844_return_autocorr_48_1_18643_rolling_range_20_-0_25967735,normalized_rank_score,cumulative_at_or_above,0.45,1.0,9908,0.8000204448806019,0.9913763493621197,0.5278562777553493,0.5325999192571659,0.029831909158564346,0.006886740001020552,-0.007940987471483214,0.09381380325214872,0.03186377301607481,0.008895635778269686,
strategy,long_dist_ema20_atr_-0_92271453_loc_bb_channel_pos_48_0_60767579_leverage_build_score_0_45107844_return_autocorr_48_1_18643_rolling_range_20_-0_25967735,normalized_rank_score,cumulative_at_or_above,0.5,1.0,9908,0.8000204448806019,0.9913763493621197,0.5278562777553493,0.5325999192571659,0.029831909158564346,0.006886740001020552,-0.007940987471483214,0.09381380325214872,0.03186377301607481,0.008895635778269686,
strategy,long_dist_ema20_atr_-0_92271453_loc_bb_channel_pos_48_0_60767579_leverage_build_score_0_45107844_return_autocorr_48_1_18643_rolling_range_20_-0_25967735,normalized_rank_score,cumulative_at_or_above,0.55,1.0,9908,0.8000204448806019,0.9913763493621197,0.5278562777553493,0.5325999192571659,0.029831909158564346,0.006886740001020552,-0.007940987471483214,0.09381380325214872,0.03186377301607481,0.008895635778269686,
strategy,long_dist_ema20_atr_-0_92271453_loc_bb_channel_pos_48_0_60767579_leverage_build_score_0_45107844_return_autocorr_48_1_18643_rolling_range_20_-0_25967735,normalized_rank_score,cumulative_at_or_above,0.6,1.0,9908,0.8000204448806019,0.9913763493621197,0.5278562777553493,0.5325999192571659,0.029831909158564346,0.006886740001020552,-0.007940987471483214,0.09381380325214872,0.03186377301607481,0.008895635778269686,
strategy,long_dist_ema20_atr_-0_92271453_loc_bb_channel_pos_48_0_60767579_leverage_build_score_0_45107844_return_autocorr_48_1_18643_rolling_range_20_-0_25967735,normalized_rank_score,cumulative_at_or_above,0.65,1.0,9908,0.8000204448806019,0.9913763493621197,0.5278562777553493,0.5325999192571659,0.029831909158564346,0.006886740001020552,-0.007940987471483214,0.09381380325214872,0.03186377301607481,0.008895635778269686,
strategy,long_dist_ema20_atr_-0_92271453_loc_bb_channel_pos_48_0_60767579_leverage_build_score_0_45107844_return_autocorr_48_1_18643_rolling_range_20_-0_25967735,normalized_rank_score,cumulative_at_or_above,0.7,1.0,9908,0.8000204448806019,0.9913763493621197,0.5278562777553493,0.5325999192571659,0.029831909158564346,0.006886740001020552,-0.007940987471483214,0.09381380325214872,0.03186377301607481,0.008895635778269686,
strategy,long_dist_ema20_atr_-0_92271453_loc_bb_channel_pos_48_0_60767579_leverage_build_score_0_45107844_return_autocorr_48_1_18643_rolling_range_20_-0_25967735,normalized_rank_score,cumulative_at_or_above,0.75,1.0,9908,0.8000204448806019,0.9913763493621197,0.5278562777553493,0.5325999192571659,0.029831909158564346,0.006886740001020552,-0.007940987471483214,0.09381380325214872,0.03186377301607481,0.008895635778269686,
strategy,long_dist_ema20_atr_-0_92271453_loc_bb_channel_pos_48_0_60767579_leverage_build_score_0_45107844_return_autocorr_48_1_18643_rolling_range_20_-0_25967735,normalized_rank_score,local_band,0.8,0.8500000000000001,2179,0.8000204448806019,0.8499877330716389,0.523175768701239,0.5305185865075723,0.02463364062893241,0.004831959512813432,-0.0076794062274987505,0.077790474566691,0.02666030099312073,0.006838798369825046,
strategy,long_dist_ema20_atr_-0_92271453_loc_bb_channel_pos_48_0_60767579_leverage_build_score_0_45107844_return_autocorr_48_1_18643_rolling_range_20_-0_25967735,normalized_rank_score,cumulative_at_or_above,0.8,1.0,9908,0.8000204448806019,0.9913763493621197,0.5278562777553493,0.5325999192571659,0.029831909158564346,0.006886740001020552,-0.007940987471483214,0.09381380325214872,0.03186377301607481,0.008895635778269686,
strategy,long_dist_ema20_atr_-0_92271453_loc_bb_channel_pos_48_0_60767579_leverage_build_score_0_45107844_return_autocorr_48_1_18643_rolling_range_20_-0_25967735,normalized_rank_score,local_band,0.85,0.9,2356,0.8500122669283612,0.8999754661432777,0.5488115449915111,0.5534804753820034,0.03037250905753009,0.010416987144281296,-0.007551383857012544,0.09923538239871049,0.03240491401461482,0.012429416206200434,
strategy,long_dist_ema20_atr_-0_92271453_loc_bb_channel_pos_48_0_60767579_leverage_build_score_0_45107844_return_autocorr_48_1_18643_rolling_range_20_-0_25967735,normalized_rank_score,cumulative_at_or_above,0.85,1.0,7729,0.8500122669283612,0.9913763493621197,0.5291758312847716,0.5331866994436538,0.031297432140330164,0.007297957720647951,-0.008221444450372092,0.10003149851579371,0.033330762993823156,0.00930726506672891,
strategy,long_dist_ema20_atr_-0_92271453_loc_bb_channel_pos_48_0_60767579_leverage_build_score_0_45107844_return_autocorr_48_1_18643_rolling_range_20_-0_25967735,normalized_rank_score,local_band,0.9,0.9500000000000001,2979,0.9,0.95,0.5411211816045652,0.5464921114467942,0.03364416079475752,0.01052506090352445,-0.007926041586812335,0.10554405821633019,0.03567984074261285,0.012537598594663803,
strategy,long_dist_ema20_atr_-0_92271453_loc_bb_channel_pos_48_0_60767579_leverage_build_score_0_45107844_return_autocorr_48_1_18643_rolling_range_20_-0_25967735,normalized_rank_score,cumulative_at_or_above,0.9,1.0,5373,0.9,0.9913763493621197,0.5205657919225758,0.52428810720268,0.03170300049750065,0.0068782840799692805,-0.008541165363830075,0.10077140556560495,0.03373673734614305,0.008887171677785629,
strategy,long_dist_ema20_atr_-0_92271453_loc_bb_channel_pos_48_0_60767579_leverage_build_score_0_45107844_return_autocorr_48_1_18643_rolling_range_20_-0_25967735,normalized_rank_score,local_band,0.95,1.0,2395,0.95,0.9913763493621197,0.49478079331941544,0.4964509394572025,0.029272125555902057,-0.002300050272897717,-0.009047810440530827,0.08878463186978992,0.031303429101686125,-0.0003003505975337209,
strategy,long_dist_ema20_atr_-0_92271453_loc_bb_channel_pos_48_0_60767579_leverage_build_score_0_45107844_return_autocorr_48_1_18643_rolling_range_20_-0_25967735,normalized_rank_score,cumulative_at_or_above,0.95,1.0,2395,0.95,0.9913763493621197,0.49478079331941544,0.4964509394572025,0.029272125555902057,-0.002300050272897717,-0.009047810440530827,0.08878463186978992,0.031303429101686125,-0.0003003505975337209,
strategy,long_loc_bb_channel_pos_48_0_63256526_zscore_price_200_-0_64289832_xasset_asset_minus_basket_fund_z_0_1707595,normalized_rank_score,cumulative_at_or_above,0.0,1.0,7934,0.8000040889761204,0.9884772652927707,0.586085202924124,0.5893622384673557,0.03458335324749872,0.014735609739416474,-0.008816662767795035,0.09707794751757721,0.03661997334636538,0.016752362430114544,
strategy,long_loc_bb_channel_pos_48_0_63256526_zscore_price_200_-0_64289832_xasset_asset_minus_basket_fund_z_0_1707595,normalized_rank_score,cumulative_at_or_above,0.05,1.0,7934,0.8000040889761204,0.9884772652927707,0.586085202924124,0.5893622384673557,0.03458335324749872,0.014735609739416474,-0.008816662767795035,0.09707794751757721,0.03661997334636538,0.016752362430114544,
strategy,long_loc_bb_channel_pos_48_0_63256526_zscore_price_200_-0_64289832_xasset_asset_minus_basket_fund_z_0_1707595,normalized_rank_score,cumulative_at_or_above,0.1,1.0,7934,0.8000040889761204,0.9884772652927707,0.586085202924124,0.5893622384673557,0.03458335324749872,0.014735609739416474,-0.008816662767795035,0.09707794751757721,0.03661997334636538,0.016752362430114544,
strategy,long_loc_bb_channel_pos_48_0_63256526_zscore_price_200_-0_64289832_xasset_asset_minus_basket_fund_z_0_1707595,normalized_rank_score,cumulative_at_or_above,0.15,1.0,7934,0.8000040889761204,0.9884772652927707,0.586085202924124,0.5893622384673557,0.03458335324749872,0.014735609739416474,-0.008816662767795035,0.09707794751757721,0.03661997334636538,0.016752362430114544,
strategy,long_loc_bb_channel_pos_48_0_63256526_zscore_price_200_-0_64289832_xasset_asset_minus_basket_fund_z_0_1707595,normalized_rank_score,cumulative_at_or_above,0.2,1.0,7934,0.8000040889761204,0.9884772652927707,0.586085202924124,0.5893622384673557,0.03458335324749872,0.014735609739416474,-0.008816662767795035,0.09707794751757721,0.03661997334636538,0.016752362430114544,
strategy,long_loc_bb_channel_pos_48_0_63256526_zscore_price_200_-0_64289832_xasset_asset_minus_basket_fund_z_0_1707595,normalized_rank_score,cumulative_at_or_above,0.25,1.0,7934,0.8000040889761204,0.9884772652927707,0.586085202924124,0.5893622384673557,0.03458335324749872,0.014735609739416474,-0.008816662767795035,0.09707794751757721,0.03661997334636538,0.016752362430114544,
strategy,long_loc_bb_channel_pos_48_0_63256526_zscore_price_200_-0_64289832_xasset_asset_minus_basket_fund_z_0_1707595,normalized_rank_score,cumulative_at_or_above,0.3,1.0,7934,0.8000040889761204,0.9884772652927707,0.586085202924124,0.5893622384673557,0.03458335324749872,0.014735609739416474,-0.008816662767795035,0.09707794751757721,0.03661997334636538,0.016752362430114544,
strategy,long_loc_bb_channel_pos_48_0_63256526_zscore_price_200_-0_64289832_xasset_asset_minus_basket_fund_z_0_1707595,normalized_rank_score,cumulative_at_or_above,0.35,1.0,7934,0.8000040889761204,0.9884772652927707,0.586085202924124,0.5893622384673557,0.03458335324749872,0.014735609739416474,-0.008816662767795035,0.09707794751757721,0.03661997334636538,0.016752362430114544,
strategy,long_loc_bb_channel_pos_48_0_63256526_zscore_price_200_-0_64289832_xasset_asset_minus_basket_fund_z_0_1707595,normalized_rank_score,cumulative_at_or_above,0.4,1.0,7934,0.8000040889761204,0.9884772652927707,0.586085202924124,0.5893622384673557,0.03458335324749872,0.014735609739416474,-0.008816662767795035,0.09707794751757721,0.03661997334636538,0.016752362430114544,
strategy,long_loc_bb_channel_pos_48_0_63256526_zscore_price_200_-0_64289832_xasset_asset_minus_basket_fund_z_0_1707595,normalized_rank_score,cumulative_at_or_above,0.45,1.0,7934,0.8000040889761204,0.9884772652927707,0.586085202924124,0.5893622384673557,0.03458335324749872,0.014735609739416474,-0.008816662767795035,0.09707794751757721,0.03661997334636538,0.016752362430114544,
strategy,long_loc_bb_channel_pos_48_0_63256526_zscore_price_200_-0_64289832_xasset_asset_minus_basket_fund_z_0_1707595,normalized_rank_score,cumulative_at_or_above,0.5,1.0,7934,0.8000040889761204,0.9884772652927707,0.586085202924124,0.5893622384673557,0.03458335324749872,0.014735609739416474,-0.008816662767795035,0.09707794751757721,0.03661997334636538,0.016752362430114544,
strategy,long_loc_bb_channel_pos_48_0_63256526_zscore_price_200_-0_64289832_xasset_asset_minus_basket_fund_z_0_1707595,normalized_rank_score,cumulative_at_or_above,0.55,1.0,7934,0.8000040889761204,0.9884772652927707,0.586085202924124,0.5893622384673557,0.03458335324749872,0.014735609739416474,-0.008816662767795035,0.09707794751757721,0.03661997334636538,0.016752362430114544,
strategy,long_loc_bb_channel_pos_48_0_63256526_zscore_price_200_-0_64289832_xasset_asset_minus_basket_fund_z_0_1707595,normalized_rank_score,cumulative_at_or_above,0.6,1.0,7934,0.8000040889761204,0.9884772652927707,0.586085202924124,0.5893622384673557,0.03458335324749872,0.014735609739416474,-0.008816662767795035,0.09707794751757721,0.03661997334636538,0.016752362430114544,
strategy,long_loc_bb_channel_pos_48_0_63256526_zscore_price_200_-0_64289832_xasset_asset_minus_basket_fund_z_0_1707595,normalized_rank_score,cumulative_at_or_above,0.65,1.0,7934,0.8000040889761204,0.9884772652927707,0.586085202924124,0.5893622384673557,0.03458335324749872,0.014735609739416474,-0.008816662767795035,0.09707794751757721,0.03661997334636538,0.016752362430114544,
strategy,long_loc_bb_channel_pos_48_0_63256526_zscore_price_200_-0_64289832_xasset_asset_minus_basket_fund_z_0_1707595,normalized_rank_score,cumulative_at_or_above,0.7,1.0,7934,0.8000040889761204,0.9884772652927707,0.586085202924124,0.5893622384673557,0.03458335324749872,0.014735609739416474,-0.008816662767795035,0.09707794751757721,0.03661997334636538,0.016752362430114544,
strategy,long_loc_bb_channel_pos_48_0_63256526_zscore_price_200_-0_64289832_xasset_asset_minus_basket_fund_z_0_1707595,normalized_rank_score,cumulative_at_or_above,0.75,1.0,7934,0.8000040889761204,0.9884772652927707,0.586085202924124,0.5893622384673557,0.03458335324749872,0.014735609739416474,-0.008816662767795035,0.09707794751757721,0.03661997334636538,0.016752362430114544,
strategy,long_loc_bb_channel_pos_48_0_63256526_zscore_price_200_-0_64289832_xasset_asset_minus_basket_fund_z_0_1707595,normalized_rank_score,local_band,0.8,0.8500000000000001,2254,0.8000040889761204,0.8499959110238796,0.5483584738243124,0.5554569653948536,0.032151263772160425,0.007821358603763746,-0.009563405510344519,0.0963636412518889,0.03418544937294387,0.009831190096465771,
strategy,long_loc_bb_channel_pos_48_0_63256526_zscore_price_200_-0_64289832_xasset_asset_minus_basket_fund_z_0_1707595,normalized_rank_score,cumulative_at_or_above,0.8,1.0,7934,0.8000040889761204,0.9884772652927707,0.586085202924124,0.5893622384673557,0.03458335324749872,0.014735609739416474,-0.008816662767795035,0.09707794751757721,0.03661997334636538,0.016752362430114544,
strategy,long_loc_bb_channel_pos_48_0_63256526_zscore_price_200_-0_64289832_xasset_asset_minus_basket_fund_z_0_1707595,normalized_rank_score,local_band,0.85,0.9,2233,0.8500040889761203,0.8999918220477593,0.5741155396327811,0.5759068517689208,0.032936958282064735,0.012274612560985882,-0.008918717063296788,0.09707794844232578,0.034971930358907465,0.014288901577220707,
strategy,long_loc_bb_channel_pos_48_0_63256526_zscore_price_200_-0_64289832_xasset_asset_minus_basket_fund_z_0_1707595,normalized_rank_score,cumulative_at_or_above,0.85,1.0,5680,0.8500040889761203,0.9884772652927707,0.601056338028169,0.6028169014084507,0.0355484817118319,0.01661806677293804,-0.008621694969344907,0.09711861852892907,0.037586067894973145,0.018636703756337344,
strategy,long_loc_bb_channel_pos_48_0_63256526_zscore_price_200_-0_64289832_xasset_asset_minus_basket_fund_z_0_1707595,normalized_rank_score,local_band,0.9,0.9500000000000001,2153,0.900032711808963,0.9499795551193981,0.5963771481653507,0.5982350209010683,0.03544226397195195,0.01661806744048542,-0.008580501180452981,0.09707794713079367,0.03747974379393389,0.018636704172175018,
strategy,long_loc_bb_channel_pos_48_0_63256526_zscore_price_200_-0_64289832_xasset_asset_minus_basket_fund_z_0_1707595,normalized_rank_score,cumulative_at_or_above,0.9,1.0,3447,0.900032711808963,0.9884772652927707,0.6185088482738613,0.6202494923121555,0.03724025189421371,0.019689876235172477,-0.00838258578345564,0.09774699564986462,0.03927953152074473,0.02171158820042034,
strategy,long_loc_bb_channel_pos_48_0_63256526_zscore_price_200_-0_64289832_xasset_asset_minus_basket_fund_z_0_1707595,normalized_rank_score,local_band,0.95,1.0,1294,0.9500163559044815,0.9884772652927707,0.6553323029366306,0.6568778979907264,0.040231803669043366,0.029714998219685533,-0.007958493759758347,0.10334146991187046,0.042274077869913024,0.031746745218996605,
strategy,long_loc_bb_channel_pos_48_0_63256526_zscore_price_200_-0_64289832_xasset_asset_minus_basket_fund_z_0_1707595,normalized_rank_score,cumulative_at_or_above,0.95,1.0,1294,0.9500163559044815,0.9884772652927707,0.6553323029366306,0.6568778979907264,0.040231803669043366,0.029714998219685533,-0.007958493759758347,0.10334146991187046,0.042274077869913024,0.031746745218996605,
strategy,short_asset_minus_mkt_oi_1d_peer_resid_0_34164831_oi_expansion_compression_balance_24h_0_42287597,normalized_rank_score,cumulative_at_or_above,0.0,1.0,4135,0.8,0.9890987896630684,0.6776299879081016,0.6776299879081016,0.041563193117377766,0.027291157555249537,-0.007581275892355079,0.11488101827045367,0.0436068000651434,0.029320478390124874,
strategy,short_asset_minus_mkt_oi_1d_peer_resid_0_34164831_oi_expansion_compression_balance_24h_0_42287597,normalized_rank_score,cumulative_at_or_above,0.05,1.0,4135,0.8,0.9890987896630684,0.6776299879081016,0.6776299879081016,0.041563193117377766,0.027291157555249537,-0.007581275892355079,0.11488101827045367,0.0436068000651434,0.029320478390124874,
strategy,short_asset_minus_mkt_oi_1d_peer_resid_0_34164831_oi_expansion_compression_balance_24h_0_42287597,normalized_rank_score,cumulative_at_or_above,0.1,1.0,4135,0.8,0.9890987896630684,0.6776299879081016,0.6776299879081016,0.041563193117377766,0.027291157555249537,-0.007581275892355079,0.11488101827045367,0.0436068000651434,0.029320478390124874,
strategy,short_asset_minus_mkt_oi_1d_peer_resid_0_34164831_oi_expansion_compression_balance_24h_0_42287597,normalized_rank_score,cumulative_at_or_above,0.15,1.0,4135,0.8,0.9890987896630684,0.6776299879081016,0.6776299879081016,0.041563193117377766,0.027291157555249537,-0.007581275892355079,0.11488101827045367,0.0436068000651434,0.029320478390124874,
strategy,short_asset_minus_mkt_oi_1d_peer_resid_0_34164831_oi_expansion_compression_balance_24h_0_42287597,normalized_rank_score,cumulative_at_or_above,0.2,1.0,4135,0.8,0.9890987896630684,0.6776299879081016,0.6776299879081016,0.041563193117377766,0.027291157555249537,-0.007581275892355079,0.11488101827045367,0.0436068000651434,0.029320478390124874,
strategy,short_asset_minus_mkt_oi_1d_peer_resid_0_34164831_oi_expansion_compression_balance_24h_0_42287597,normalized_rank_score,cumulative_at_or_above,0.25,1.0,4135,0.8,0.9890987896630684,0.6776299879081016,0.6776299879081016,0.041563193117377766,0.027291157555249537,-0.007581275892355079,0.11488101827045367,0.0436068000651434,0.029320478390124874,
strategy,short_asset_minus_mkt_oi_1d_peer_resid_0_34164831_oi_expansion_compression_balance_24h_0_42287597,normalized_rank_score,cumulative_at_or_above,0.3,1.0,4135,0.8,0.9890987896630684,0.6776299879081016,0.6776299879081016,0.041563193117377766,0.027291157555249537,-0.007581275892355079,0.11488101827045367,0.0436068000651434,0.029320478390124874,
strategy,short_asset_minus_mkt_oi_1d_peer_resid_0_34164831_oi_expansion_compression_balance_24h_0_42287597,normalized_rank_score,cumulative_at_or_above,0.35,1.0,4135,0.8,0.9890987896630684,0.6776299879081016,0.6776299879081016,0.041563193117377766,0.027291157555249537,-0.007581275892355079,0.11488101827045367,0.0436068000651434,0.029320478390124874,
strategy,short_asset_minus_mkt_oi_1d_peer_resid_0_34164831_oi_expansion_compression_balance_24h_0_42287597,normalized_rank_score,cumulative_at_or_above,0.4,1.0,4135,0.8,0.9890987896630684,0.6776299879081016,0.6776299879081016,0.041563193117377766,0.027291157555249537,-0.007581275892355079,0.11488101827045367,0.0436068000651434,0.029320478390124874,
strategy,short_asset_minus_mkt_oi_1d_peer_resid_0_34164831_oi_expansion_compression_balance_24h_0_42287597,normalized_rank_score,cumulative_at_or_above,0.45,1.0,4135,0.8,0.9890987896630684,0.6776299879081016,0.6776299879081016,0.041563193117377766,0.027291157555249537,-0.007581275892355079,0.11488101827045367,0.0436068000651434,0.029320478390124874,
strategy,short_asset_minus_mkt_oi_1d_peer_resid_0_34164831_oi_expansion_compression_balance_24h_0_42287597,normalized_rank_score,cumulative_at_or_above,0.5,1.0,4135,0.8,0.9890987896630684,0.6776299879081016,0.6776299879081016,0.041563193117377766,0.027291157555249537,-0.007581275892355079,0.11488101827045367,0.0436068000651434,0.029320478390124874,
strategy,short_asset_minus_mkt_oi_1d_peer_resid_0_34164831_oi_expansion_compression_balance_24h_0_42287597,normalized_rank_score,cumulative_at_or_above,0.55,1.0,4135,0.8,0.9890987896630684,0.6776299879081016,0.6776299879081016,0.041563193117377766,0.027291157555249537,-0.007581275892355079,0.11488101827045367,0.0436068000651434,0.029320478390124874,
strategy,short_asset_minus_mkt_oi_1d_peer_resid_0_34164831_oi_expansion_compression_balance_24h_0_42287597,normalized_rank_score,cumulative_at_or_above,0.6,1.0,4135,0.8,0.9890987896630684,0.6776299879081016,0.6776299879081016,0.041563193117377766,0.027291157555249537,-0.007581275892355079,0.11488101827045367,0.0436068000651434,0.029320478390124874,
strategy,short_asset_minus_mkt_oi_1d_peer_resid_0_34164831_oi_expansion_compression_balance_24h_0_42287597,normalized_rank_score,cumulative_at_or_above,0.65,1.0,4135,0.8,0.9890987896630684,0.6776299879081016,0.6776299879081016,0.041563193117377766,0.027291157555249537,-0.007581275892355079,0.11488101827045367,0.0436068000651434,0.029320478390124874,
strategy,short_asset_minus_mkt_oi_1d_peer_resid_0_34164831_oi_expansion_compression_balance_24h_0_42287597,normalized_rank_score,cumulative_at_or_above,0.7,1.0,4135,0.8,0.9890987896630684,0.6776299879081016,0.6776299879081016,0.041563193117377766,0.027291157555249537,-0.007581275892355079,0.11488101827045367,0.0436068000651434,0.029320478390124874,
strategy,short_asset_minus_mkt_oi_1d_peer_resid_0_34164831_oi_expansion_compression_balance_24h_0_42287597,normalized_rank_score,cumulative_at_or_above,0.75,1.0,4135,0.8,0.9890987896630684,0.6776299879081016,0.6776299879081016,0.041563193117377766,0.027291157555249537,-0.007581275892355079,0.11488101827045367,0.0436068000651434,0.029320478390124874,
strategy,short_asset_minus_mkt_oi_1d_peer_resid_0_34164831_oi_expansion_compression_balance_24h_0_42287597,normalized_rank_score,local_band,0.8,0.8500000000000001,1565,0.8,0.8499918220477592,0.6888178913738019,0.6888178913738019,0.03893258202396435,0.025393516409646624,-0.0075812759844575235,0.10763740972173812,0.040973555757626574,0.0274209376369182,
strategy,short_asset_minus_mkt_oi_1d_peer_resid_0_34164831_oi_expansion_compression_balance_24h_0_42287597,normalized_rank_score,cumulative_at_or_above,0.8,1.0,4135,0.8,0.9890987896630684,0.6776299879081016,0.6776299879081016,0.041563193117377766,0.027291157555249537,-0.007581275892355079,0.11488101827045367,0.0436068000651434,0.029320478390124874,
strategy,short_asset_minus_mkt_oi_1d_peer_resid_0_34164831_oi_expansion_compression_balance_24h_0_42287597,normalized_rank_score,local_band,0.85,0.9,1309,0.8500204448806019,0.8999836440955185,0.6829640947288006,0.6829640947288006,0.04291258553376228,0.027291158267144882,-0.007453444750018561,0.11628371884140237,0.04495754324918172,0.02932047925006819,
strategy,short_asset_minus_mkt_oi_1d_peer_resid_0_34164831_oi_expansion_compression_balance_24h_0_42287597,normalized_rank_score,cumulative_at_or_above,0.85,1.0,2570,0.8500204448806019,0.9890987896630684,0.670817120622568,0.670817120622568,0.04316510220733574,0.02858781073162804,-0.007561149444937566,0.11628371858166459,0.045210312649292754,0.030618428858119315,
strategy,short_asset_minus_mkt_oi_1d_peer_resid_0_34164831_oi_expansion_compression_balance_24h_0_42287597,normalized_rank_score,local_band,0.9,0.9500000000000001,964,0.9000122669283611,0.9499631992149166,0.6587136929460581,0.6587136929460581,0.04299846539733569,0.030099538551772356,-0.007823743455668587,0.11692788009443437,0.04504350898417869,0.03213167081702716,
strategy,short_asset_minus_mkt_oi_1d_peer_resid_0_34164831_oi_expansion_compression_balance_24h_0_42287597,normalized_rank_score,cumulative_at_or_above,0.9,1.0,1261,0.9000122669283611,0.9890987896630684,0.6582077716098335,0.6582077716098335,0.04342723093509756,0.030172662265864868,-0.007823743287941415,0.11628371628371628,0.045472703723634815,0.03220486557445789,
strategy,short_asset_minus_mkt_oi_1d_peer_resid_0_34164831_oi_expansion_compression_balance_24h_0_42287597,normalized_rank_score,local_band,0.95,1.0,297,0.9500286228328426,0.9890987896630684,0.6565656565656566,0.6565656565656566,0.04481891436406202,0.03826846609275308,-0.007556147843567812,0.10134780288533053,0.04686578025170115,0.040308775070475485,
strategy,short_asset_minus_mkt_oi_1d_peer_resid_0_34164831_oi_expansion_compression_balance_24h_0_42287597,normalized_rank_score,cumulative_at_or_above,0.95,1.0,297,0.9500286228328426,0.9890987896630684,0.6565656565656566,0.6565656565656566,0.04481891436406202,0.03826846609275308,-0.007556147843567812,0.10134780288533053,0.04686578025170115,0.040308775070475485,
strategy,short_bollinger_band_width_-0_0062114433_oi_value_z_90d_0_082444385_price_rv_15d_robust_z_0_060036644,normalized_rank_score,cumulative_at_or_above,0.0,1.0,747,0.8001962708537782,0.9802052666012431,0.7255689424364123,0.7456492637215528,0.02466729203849135,0.018349161173722327,-0.02078931771280321,0.06807093930723872,0.026693986122182035,0.020369530227912623,
strategy,short_bollinger_band_width_-0_0062114433_oi_value_z_90d_0_082444385_price_rv_15d_robust_z_0_060036644,normalized_rank_score,cumulative_at_or_above,0.05,1.0,747,0.8001962708537782,0.9802052666012431,0.7255689424364123,0.7456492637215528,0.02466729203849135,0.018349161173722327,-0.02078931771280321,0.06807093930723872,0.026693986122182035,0.020369530227912623,
strategy,short_bollinger_band_width_-0_0062114433_oi_value_z_90d_0_082444385_price_rv_15d_robust_z_0_060036644,normalized_rank_score,cumulative_at_or_above,0.1,1.0,747,0.8001962708537782,0.9802052666012431,0.7255689424364123,0.7456492637215528,0.02466729203849135,0.018349161173722327,-0.02078931771280321,0.06807093930723872,0.026693986122182035,0.020369530227912623,
strategy,short_bollinger_band_width_-0_0062114433_oi_value_z_90d_0_082444385_price_rv_15d_robust_z_0_060036644,normalized_rank_score,cumulative_at_or_above,0.15,1.0,747,0.8001962708537782,0.9802052666012431,0.7255689424364123,0.7456492637215528,0.02466729203849135,0.018349161173722327,-0.02078931771280321,0.06807093930723872,0.026693986122182035,0.020369530227912623,
strategy,short_bollinger_band_width_-0_0062114433_oi_value_z_90d_0_082444385_price_rv_15d_robust_z_0_060036644,normalized_rank_score,cumulative_at_or_above,0.2,1.0,747,0.8001962708537782,0.9802052666012431,0.7255689424364123,0.7456492637215528,0.02466729203849135,0.018349161173722327,-0.02078931771280321,0.06807093930723872,0.026693986122182035,0.020369530227912623,
strategy,short_bollinger_band_width_-0_0062114433_oi_value_z_90d_0_082444385_price_rv_15d_robust_z_0_060036644,normalized_rank_score,cumulative_at_or_above,0.25,1.0,747,0.8001962708537782,0.9802052666012431,0.7255689424364123,0.7456492637215528,0.02466729203849135,0.018349161173722327,-0.02078931771280321,0.06807093930723872,0.026693986122182035,0.020369530227912623,
strategy,short_bollinger_band_width_-0_0062114433_oi_value_z_90d_0_082444385_price_rv_15d_robust_z_0_060036644,normalized_rank_score,cumulative_at_or_above,0.3,1.0,747,0.8001962708537782,0.9802052666012431,0.7255689424364123,0.7456492637215528,0.02466729203849135,0.018349161173722327,-0.02078931771280321,0.06807093930723872,0.026693986122182035,0.020369530227912623,
strategy,short_bollinger_band_width_-0_0062114433_oi_value_z_90d_0_082444385_price_rv_15d_robust_z_0_060036644,normalized_rank_score,cumulative_at_or_above,0.35,1.0,747,0.8001962708537782,0.9802052666012431,0.7255689424364123,0.7456492637215528,0.02466729203849135,0.018349161173722327,-0.02078931771280321,0.06807093930723872,0.026693986122182035,0.020369530227912623,
strategy,short_bollinger_band_width_-0_0062114433_oi_value_z_90d_0_082444385_price_rv_15d_robust_z_0_060036644,normalized_rank_score,cumulative_at_or_above,0.4,1.0,747,0.8001962708537782,0.9802052666012431,0.7255689424364123,0.7456492637215528,0.02466729203849135,0.018349161173722327,-0.02078931771280321,0.06807093930723872,0.026693986122182035,0.020369530227912623,
strategy,short_bollinger_band_width_-0_0062114433_oi_value_z_90d_0_082444385_price_rv_15d_robust_z_0_060036644,normalized_rank_score,cumulative_at_or_above,0.45,1.0,747,0.8001962708537782,0.9802052666012431,0.7255689424364123,0.7456492637215528,0.02466729203849135,0.018349161173722327,-0.02078931771280321,0.06807093930723872,0.026693986122182035,0.020369530227912623,
strategy,short_bollinger_band_width_-0_0062114433_oi_value_z_90d_0_082444385_price_rv_15d_robust_z_0_060036644,normalized_rank_score,cumulative_at_or_above,0.5,1.0,747,0.8001962708537782,0.9802052666012431,0.7255689424364123,0.7456492637215528,0.02466729203849135,0.018349161173722327,-0.02078931771280321,0.06807093930723872,0.026693986122182035,0.020369530227912623,
strategy,short_bollinger_band_width_-0_0062114433_oi_value_z_90d_0_082444385_price_rv_15d_robust_z_0_060036644,normalized_rank_score,cumulative_at_or_above,0.55,1.0,747,0.8001962708537782,0.9802052666012431,0.7255689424364123,0.7456492637215528,0.02466729203849135,0.018349161173722327,-0.02078931771280321,0.06807093930723872,0.026693986122182035,0.020369530227912623,
strategy,short_bollinger_band_width_-0_0062114433_oi_value_z_90d_0_082444385_price_rv_15d_robust_z_0_060036644,normalized_rank_score,cumulative_at_or_above,0.6,1.0,747,0.8001962708537782,0.9802052666012431,0.7255689424364123,0.7456492637215528,0.02466729203849135,0.018349161173722327,-0.02078931771280321,0.06807093930723872,0.026693986122182035,0.020369530227912623,
strategy,short_bollinger_band_width_-0_0062114433_oi_value_z_90d_0_082444385_price_rv_15d_robust_z_0_060036644,normalized_rank_score,cumulative_at_or_above,0.65,1.0,747,0.8001962708537782,0.9802052666012431,0.7255689424364123,0.7456492637215528,0.02466729203849135,0.018349161173722327,-0.02078931771280321,0.06807093930723872,0.026693986122182035,0.020369530227912623,
strategy,short_bollinger_band_width_-0_0062114433_oi_value_z_90d_0_082444385_price_rv_15d_robust_z_0_060036644,normalized_rank_score,cumulative_at_or_above,0.7,1.0,747,0.8001962708537782,0.9802052666012431,0.7255689424364123,0.7456492637215528,0.02466729203849135,0.018349161173722327,-0.02078931771280321,0.06807093930723872,0.026693986122182035,0.020369530227912623,
strategy,short_bollinger_band_width_-0_0062114433_oi_value_z_90d_0_082444385_price_rv_15d_robust_z_0_060036644,normalized_rank_score,cumulative_at_or_above,0.75,1.0,747,0.8001962708537782,0.9802052666012431,0.7255689424364123,0.7456492637215528,0.02466729203849135,0.018349161173722327,-0.02078931771280321,0.06807093930723872,0.026693986122182035,0.020369530227912623,
strategy,short_bollinger_band_width_-0_0062114433_oi_value_z_90d_0_082444385_price_rv_15d_robust_z_0_060036644,normalized_rank_score,local_band,0.8,0.8500000000000001,311,0.8001962708537782,0.8499263984298332,0.729903536977492,0.7363344051446945,0.026308510250163297,0.019721553741284127,-0.021330225147455646,0.07082810763533148,0.028336847262618606,0.02174329683816832,
strategy,short_bollinger_band_width_-0_0062114433_oi_value_z_90d_0_082444385_price_rv_15d_robust_z_0_060036644,normalized_rank_score,cumulative_at_or_above,0.8,1.0,747,0.8001962708537782,0.9802052666012431,0.7255689424364123,0.7456492637215528,0.02466729203849135,0.018349161173722327,-0.02078931771280321,0.06807093930723872,0.026693986122182035,0.020369530227912623,
strategy,short_bollinger_band_width_-0_0062114433_oi_value_z_90d_0_082444385_price_rv_15d_robust_z_0_060036644,normalized_rank_score,local_band,0.85,0.9,202,0.8501063133791299,0.8999959110238797,0.7128712871287128,0.7326732673267327,0.027001497691299784,0.017087103141574994,-0.020743230996629922,0.06949918481435345,0.029030528234177844,0.019106209483926793,
strategy,short_bollinger_band_width_-0_0062114433_oi_value_z_90d_0_082444385_price_rv_15d_robust_z_0_060036644,normalized_rank_score,cumulative_at_or_above,0.85,1.0,436,0.8501063133791299,0.9802052666012431,0.7224770642201835,0.7522935779816514,0.023496606570991403,0.017087103141574994,-0.020647720779223132,0.06347692027094877,0.025522128749072462,0.019106209379802848,
strategy,short_bollinger_band_width_-0_0062114433_oi_value_z_90d_0_082444385_price_rv_15d_robust_z_0_060036644,normalized_rank_score,local_band,0.9,0.9500000000000001,184,0.9000776905462872,0.9498855086686294,0.7119565217391305,0.7554347826086957,0.02019857340485371,0.017914570699243865,-0.02058619750148523,0.06120354486405617,0.022220794277590213,0.01993450498309177,
strategy,short_bollinger_band_width_-0_0062114433_oi_value_z_90d_0_082444385_price_rv_15d_robust_z_0_060036644,normalized_rank_score,cumulative_at_or_above,0.9,1.0,234,0.9000776905462872,0.9802052666012431,0.7307692307692307,0.7692307692307693,0.020471016800468787,0.017008146940333924,-0.02058619750148523,0.06120354394621132,0.02249351039013535,0.019027173902797703,
strategy,short_bollinger_band_width_-0_0062114433_oi_value_z_90d_0_082444385_price_rv_15d_robust_z_0_060036644,normalized_rank_score,local_band,0.95,1.0,50,0.9500081779522408,0.9802052666012431,0.8,0.82,0.021473608496332303,0.016917398864341054,-0.02016583490455901,0.059442785652771536,0.02349710568430143,0.01893633564735753,
strategy,short_bollinger_band_width_-0_0062114433_oi_value_z_90d_0_082444385_price_rv_15d_robust_z_0_060036644,normalized_rank_score,cumulative_at_or_above,0.95,1.0,50,0.9500081779522408,0.9802052666012431,0.8,0.82,0.021473608496332303,0.016917398864341054,-0.02016583490455901,0.059442785652771536,0.02349710568430143,0.01893633564735753,
global,__global__,strategy_rank_pct,cumulative_at_or_above,0.0,1.0,48913,0.6298952013237727,1.0,0.597652975691534,0.6023960910187476,0.03337201159102064,0.01618648363666939,-0.008597054543642683,0.09551250392839411,0.03540741910363184,0.018204688714766992,
global,__global__,strategy_rank_pct,cumulative_at_or_above,0.05,1.0,48913,0.6298952013237727,1.0,0.597652975691534,0.6023960910187476,0.03337201159102064,0.01618648363666939,-0.008597054543642683,0.09551250392839411,0.03540741910363184,0.018204688714766992,
global,__global__,strategy_rank_pct,cumulative_at_or_above,0.1,1.0,48913,0.6298952013237727,1.0,0.597652975691534,0.6023960910187476,0.03337201159102064,0.01618648363666939,-0.008597054543642683,0.09551250392839411,0.03540741910363184,0.018204688714766992,
global,__global__,strategy_rank_pct,cumulative_at_or_above,0.15,1.0,48913,0.6298952013237727,1.0,0.597652975691534,0.6023960910187476,0.03337201159102064,0.01618648363666939,-0.008597054543642683,0.09551250392839411,0.03540741910363184,0.018204688714766992,
global,__global__,strategy_rank_pct,cumulative_at_or_above,0.2,1.0,48913,0.6298952013237727,1.0,0.597652975691534,0.6023960910187476,0.03337201159102064,0.01618648363666939,-0.008597054543642683,0.09551250392839411,0.03540741910363184,0.018204688714766992,
global,__global__,strategy_rank_pct,cumulative_at_or_above,0.25,1.0,48913,0.6298952013237727,1.0,0.597652975691534,0.6023960910187476,0.03337201159102064,0.01618648363666939,-0.008597054543642683,0.09551250392839411,0.03540741910363184,0.018204688714766992,
global,__global__,strategy_rank_pct,cumulative_at_or_above,0.3,1.0,48913,0.6298952013237727,1.0,0.597652975691534,0.6023960910187476,0.03337201159102064,0.01618648363666939,-0.008597054543642683,0.09551250392839411,0.03540741910363184,0.018204688714766992,
global,__global__,strategy_rank_pct,cumulative_at_or_above,0.35,1.0,48913,0.6298952013237727,1.0,0.597652975691534,0.6023960910187476,0.03337201159102064,0.01618648363666939,-0.008597054543642683,0.09551250392839411,0.03540741910363184,0.018204688714766992,
global,__global__,strategy_rank_pct,cumulative_at_or_above,0.4,1.0,48913,0.6298952013237727,1.0,0.597652975691534,0.6023960910187476,0.03337201159102064,0.01618648363666939,-0.008597054543642683,0.09551250392839411,0.03540741910363184,0.018204688714766992,
global,__global__,strategy_rank_pct,cumulative_at_or_above,0.45,1.0,48913,0.6298952013237727,1.0,0.597652975691534,0.6023960910187476,0.03337201159102064,0.01618648363666939,-0.008597054543642683,0.09551250392839411,0.03540741910363184,0.018204688714766992,
global,__global__,strategy_rank_pct,cumulative_at_or_above,0.5,1.0,48913,0.6298952013237727,1.0,0.597652975691534,0.6023960910187476,0.03337201159102064,0.01618648363666939,-0.008597054543642683,0.09551250392839411,0.03540741910363184,0.018204688714766992,
global,__global__,strategy_rank_pct,cumulative_at_or_above,0.55,1.0,48913,0.6298952013237727,1.0,0.597652975691534,0.6023960910187476,0.03337201159102064,0.01618648363666939,-0.008597054543642683,0.09551250392839411,0.03540741910363184,0.018204688714766992,
global,__global__,strategy_rank_pct,local_band,0.6,0.65,657,0.6298952013237727,0.6499969357112214,0.528158295281583,0.532724505327245,0.02268867879089601,0.0061373057332527094,-0.009226469535819588,0.06941790188073668,0.024713392287096857,0.00814545150368657,
global,__global__,strategy_rank_pct,cumulative_at_or_above,0.6,1.0,48913,0.6298952013237727,1.0,0.597652975691534,0.6023960910187476,0.03337201159102064,0.01618648363666939,-0.008597054543642683,0.09551250392839411,0.03540741910363184,0.018204688714766992,
global,__global__,strategy_rank_pct,local_band,0.65,0.7000000000000001,1631,0.6500275785990072,0.6999754856897714,0.5481299816063765,0.5511955855303495,0.02541472958066329,0.008860181422283411,-0.00916743669913693,0.07803794212234344,0.027442171841550324,0.010871052759115611,
global,__global__,strategy_rank_pct,cumulative_at_or_above,0.65,1.0,48256,0.6500275785990072,1.0,0.5985991379310345,0.6033446618037135,0.03351746396273986,0.016414779271508154,-0.008587527283436924,0.09551250768725503,0.03555301707317891,0.018433212815954142,
global,__global__,strategy_rank_pct,local_band,0.7,0.75,1632,0.7000061285775572,0.7499846785561072,0.5882352941176471,0.5955882352941176,0.02842562464994644,0.012866729015099446,-0.008854527307391714,0.08630744261200474,0.03045608083017077,0.014881610727824327,
global,__global__,strategy_rank_pct,cumulative_at_or_above,0.7,1.0,46625,0.7000061285775572,1.0,0.6003646112600536,0.6051689008042895,0.033800907604073185,0.01661806689299699,-0.008575380132875867,0.09665810304118991,0.03583674444203224,0.01863670374853234,
global,__global__,strategy_rank_pct,local_band,0.75,0.8,4607,0.7500153214438928,0.7999938714224428,0.5682656826568265,0.5756457564575646,0.026546199419689397,0.010366194551725107,-0.00834168960285567,0.08003996591514131,0.02857477426368736,0.012378573278294686,
global,__global__,strategy_rank_pct,cumulative_at_or_above,0.75,1.0,44993,0.7500153214438928,1.0,0.6008045695997155,0.6055164136643478,0.033995881528486656,0.016645339695029,-0.008575260862921449,0.09741282298534781,0.03603191353532582,0.018664003241251514,
global,__global__,strategy_rank_pct,local_band,0.8,0.8500000000000001,7237,0.8000049589645682,0.8499952288558796,0.5873980931325135,0.5926488876606328,0.032457105503194875,0.013635218524139552,-0.008405033966837632,0.09450476126942546,0.03449159717489577,0.01565086922229173,
global,__global__,strategy_rank_pct,cumulative_at_or_above,0.8,1.0,40386,0.8000049589645682,1.0,0.604516416580003,0.6089238845144357,0.03484569793702498,0.0170871026057016,-0.008575559256336886,0.09976127983616698,0.03688258061363112,0.019106208915772072,
global,__global__,strategy_rank_pct,local_band,0.85,0.9,10395,0.8500113113641505,0.899996819237253,0.604040404040404,0.6075036075036075,0.03443472907781605,0.016693782608538404,-0.008573927570997932,0.09636364223987655,0.03647120040027673,0.018712494993959716,
global,__global__,strategy_rank_pct,cumulative_at_or_above,0.85,1.0,33149,0.8500113113641505,1.0,0.6082536426438203,0.6124769977978219,0.035367168975174806,0.018246385619839302,-0.008586753292644574,0.10077140422334334,0.03740457364950333,0.02026665214975289,
global,__global__,strategy_rank_pct,local_band,0.9,0.9500000000000001,11002,0.9000024794822841,0.9499984096186266,0.6027085984366479,0.6066169787311398,0.034203951085332966,0.016815993764452194,-0.008541558875856102,0.09737933635135759,0.03624019137435248,0.01883482880654853,
global,__global__,strategy_rank_pct,cumulative_at_or_above,0.9,1.0,22754,0.9000024794822841,1.0,0.6101784301661246,0.6147490551111893,0.035793147384819,0.019689876292194597,-0.008597971668839176,0.1021459314898381,0.03783097845418429,0.021711587942078434,
global,__global__,strategy_rank_pct,local_band,0.95,1.0,11752,0.9500030849597927,1.0,0.6171715452688904,0.622362151123213,0.037280922885750356,0.02109192458356032,-0.00872388539838524,0.10550226328168734,0.03932024321357074,0.02311503952897149,
global,__global__,strategy_rank_pct,cumulative_at_or_above,0.95,1.0,11752,0.9500030849597927,1.0,0.6171715452688904,0.622362151123213,0.037280922885750356,0.02109192458356032,-0.00872388539838524,0.10550226328168734,0.03932024321357074,0.02311503952897149,
strategy,long_asset_vol_level_pct_0_20587213_compression_score_-0_99787366,strategy_rank_pct,cumulative_at_or_above,0.0,1.0,7422,0.7639555965520531,1.0,0.6409323632444085,0.6534626785233091,0.03249078190831161,0.01705560422526122,-0.007406987876981717,0.08958241625604738,0.03452530730356095,0.019074678926921454,
strategy,long_asset_vol_level_pct_0_20587213_compression_score_-0_99787366,strategy_rank_pct,cumulative_at_or_above,0.05,1.0,7422,0.7639555965520531,1.0,0.6409323632444085,0.6534626785233091,0.03249078190831161,0.01705560422526122,-0.007406987876981717,0.08958241625604738,0.03452530730356095,0.019074678926921454,
strategy,long_asset_vol_level_pct_0_20587213_compression_score_-0_99787366,strategy_rank_pct,cumulative_at_or_above,0.1,1.0,7422,0.7639555965520531,1.0,0.6409323632444085,0.6534626785233091,0.03249078190831161,0.01705560422526122,-0.007406987876981717,0.08958241625604738,0.03452530730356095,0.019074678926921454,
strategy,long_asset_vol_level_pct_0_20587213_compression_score_-0_99787366,strategy_rank_pct,cumulative_at_or_above,0.15,1.0,7422,0.7639555965520531,1.0,0.6409323632444085,0.6534626785233091,0.03249078190831161,0.01705560422526122,-0.007406987876981717,0.08958241625604738,0.03452530730356095,0.019074678926921454,
strategy,long_asset_vol_level_pct_0_20587213_compression_score_-0_99787366,strategy_rank_pct,cumulative_at_or_above,0.2,1.0,7422,0.7639555965520531,1.0,0.6409323632444085,0.6534626785233091,0.03249078190831161,0.01705560422526122,-0.007406987876981717,0.08958241625604738,0.03452530730356095,0.019074678926921454,
strategy,long_asset_vol_level_pct_0_20587213_compression_score_-0_99787366,strategy_rank_pct,cumulative_at_or_above,0.25,1.0,7422,0.7639555965520531,1.0,0.6409323632444085,0.6534626785233091,0.03249078190831161,0.01705560422526122,-0.007406987876981717,0.08958241625604738,0.03452530730356095,0.019074678926921454,
strategy,long_asset_vol_level_pct_0_20587213_compression_score_-0_99787366,strategy_rank_pct,cumulative_at_or_above,0.3,1.0,7422,0.7639555965520531,1.0,0.6409323632444085,0.6534626785233091,0.03249078190831161,0.01705560422526122,-0.007406987876981717,0.08958241625604738,0.03452530730356095,0.019074678926921454,
strategy,long_asset_vol_level_pct_0_20587213_compression_score_-0_99787366,strategy_rank_pct,cumulative_at_or_above,0.35,1.0,7422,0.7639555965520531,1.0,0.6409323632444085,0.6534626785233091,0.03249078190831161,0.01705560422526122,-0.007406987876981717,0.08958241625604738,0.03452530730356095,0.019074678926921454,
strategy,long_asset_vol_level_pct_0_20587213_compression_score_-0_99787366,strategy_rank_pct,cumulative_at_or_above,0.4,1.0,7422,0.7639555965520531,1.0,0.6409323632444085,0.6534626785233091,0.03249078190831161,0.01705560422526122,-0.007406987876981717,0.08958241625604738,0.03452530730356095,0.019074678926921454,
strategy,long_asset_vol_level_pct_0_20587213_compression_score_-0_99787366,strategy_rank_pct,cumulative_at_or_above,0.45,1.0,7422,0.7639555965520531,1.0,0.6409323632444085,0.6534626785233091,0.03249078190831161,0.01705560422526122,-0.007406987876981717,0.08958241625604738,0.03452530730356095,0.019074678926921454,
strategy,long_asset_vol_level_pct_0_20587213_compression_score_-0_99787366,strategy_rank_pct,cumulative_at_or_above,0.5,1.0,7422,0.7639555965520531,1.0,0.6409323632444085,0.6534626785233091,0.03249078190831161,0.01705560422526122,-0.007406987876981717,0.08958241625604738,0.03452530730356095,0.019074678926921454,
strategy,long_asset_vol_level_pct_0_20587213_compression_score_-0_99787366,strategy_rank_pct,cumulative_at_or_above,0.55,1.0,7422,0.7639555965520531,1.0,0.6409323632444085,0.6534626785233091,0.03249078190831161,0.01705560422526122,-0.007406987876981717,0.08958241625604738,0.03452530730356095,0.019074678926921454,
strategy,long_asset_vol_level_pct_0_20587213_compression_score_-0_99787366,strategy_rank_pct,cumulative_at_or_above,0.6,1.0,7422,0.7639555965520531,1.0,0.6409323632444085,0.6534626785233091,0.03249078190831161,0.01705560422526122,-0.007406987876981717,0.08958241625604738,0.03452530730356095,0.019074678926921454,
strategy,long_asset_vol_level_pct_0_20587213_compression_score_-0_99787366,strategy_rank_pct,cumulative_at_or_above,0.65,1.0,7422,0.7639555965520531,1.0,0.6409323632444085,0.6534626785233091,0.03249078190831161,0.01705560422526122,-0.007406987876981717,0.08958241625604738,0.03452530730356095,0.019074678926921454,
strategy,long_asset_vol_level_pct_0_20587213_compression_score_-0_99787366,strategy_rank_pct,cumulative_at_or_above,0.7,1.0,7422,0.7639555965520531,1.0,0.6409323632444085,0.6534626785233091,0.03249078190831161,0.01705560422526122,-0.007406987876981717,0.08958241625604738,0.03452530730356095,0.019074678926921454,
strategy,long_asset_vol_level_pct_0_20587213_compression_score_-0_99787366,strategy_rank_pct,local_band,0.75,0.8,1134,0.7639555965520531,0.7999936384745062,0.6128747795414462,0.6234567901234568,0.028163666527472604,0.011988023003069243,-0.007600985700509974,0.08003996408139678,0.030193860497190087,0.014002024949656754,
strategy,long_asset_vol_level_pct_0_20587213_compression_score_-0_99787366,strategy_rank_pct,cumulative_at_or_above,0.75,1.0,7422,0.7639555965520531,1.0,0.6409323632444085,0.6534626785233091,0.03249078190831161,0.01705560422526122,-0.007406987876981717,0.08958241625604738,0.03452530730356095,0.019074678926921454,
strategy,long_asset_vol_level_pct_0_20587213_compression_score_-0_99787366,strategy_rank_pct,local_band,0.8,0.8500000000000001,1572,0.8000254461019752,0.8499952288558796,0.5992366412213741,0.6081424936386769,0.027367415437017012,0.01358835565381086,-0.007679406598369176,0.0800399655233889,0.029396812334039728,0.015603959423575342,
strategy,long_asset_vol_level_pct_0_20587213_compression_score_-0_99787366,strategy_rank_pct,cumulative_at_or_above,0.8,1.0,6288,0.8000254461019752,1.0,0.6459923664122137,0.6588740458015268,0.03327114909054307,0.01878258896362927,-0.007406987647047286,0.09139127330326001,0.03530645563028242,0.02080339180210681,
strategy,long_asset_vol_level_pct_0_20587213_compression_score_-0_99787366,strategy_rank_pct,local_band,0.85,0.9,1572,0.8500270364833487,0.899996819237253,0.648854961832061,0.6590330788804071,0.03296230541839371,0.01796872667730025,-0.0073855035599362275,0.08876168164925578,0.03499730279189672,0.019988715671293816,
strategy,long_asset_vol_level_pct_0_20587213_compression_score_-0_99787366,strategy_rank_pct,cumulative_at_or_above,0.85,1.0,4716,0.8500270364833487,1.0,0.6615776081424937,0.6757845631891434,0.03523906030838509,0.020324269354537294,-0.007323743197320077,0.09806662747196279,0.03727633672902999,0.022346615808665468,
strategy,long_asset_vol_level_pct_0_20587213_compression_score_-0_99787366,strategy_rank_pct,local_band,0.9,0.9500000000000001,1572,0.9000286268647222,0.9499984096186266,0.6755725190839694,0.6863867684478372,0.03560018911212261,0.021136820212231424,-0.007153921424036279,0.09099010494695015,0.03763782705174972,0.02315998049159261,
strategy,long_asset_vol_level_pct_0_20587213_compression_score_-0_99787366,strategy_rank_pct,cumulative_at_or_above,0.9,1.0,3144,0.9000286268647222,1.0,0.6679389312977099,0.6841603053435115,0.03637743775338077,0.021136820405019265,-0.007281942875622275,0.10365600695896048,0.03841585369759661,0.023159980890236805,
strategy,long_asset_vol_level_pct_0_20587213_compression_score_-0_99787366,strategy_rank_pct,local_band,0.95,1.0,1572,0.9500302172460956,1.0,0.6603053435114504,0.6819338422391857,0.037154686394638946,0.021278478536892277,-0.007406987431555993,0.11946616672666625,0.0391938803434435,0.023301780533178523,
strategy,long_asset_vol_level_pct_0_20587213_compression_score_-0_99787366,strategy_rank_pct,cumulative_at_or_above,0.95,1.0,1572,0.9500302172460956,1.0,0.6603053435114504,0.6819338422391857,0.037154686394638946,0.021278478536892277,-0.007406987431555993,0.11946616672666625,0.0391938803434435,0.023301780533178523,
strategy,long_bars_in_high_vol_state_log_norm_-0_38407263_pullback_depth_1_8353814_pullback_depth_-0_90359813_asset_funding_rate_abs_mean_7d_0_000011711979_variance_ratio_10_48_-0_27143899,strategy_rank_pct,cumulative_at_or_above,0.0,1.0,6688,0.8624724924418485,1.0,0.5992822966507177,0.6018241626794258,0.034578541302025416,0.020150847351916964,-0.00906168458506943,0.10517666615852356,0.036615156560821746,0.02217302073322608,
strategy,long_bars_in_high_vol_state_log_norm_-0_38407263_pullback_depth_1_8353814_pullback_depth_-0_90359813_asset_funding_rate_abs_mean_7d_0_000011711979_variance_ratio_10_48_-0_27143899,strategy_rank_pct,cumulative_at_or_above,0.05,1.0,6688,0.8624724924418485,1.0,0.5992822966507177,0.6018241626794258,0.034578541302025416,0.020150847351916964,-0.00906168458506943,0.10517666615852356,0.036615156560821746,0.02217302073322608,
strategy,long_bars_in_high_vol_state_log_norm_-0_38407263_pullback_depth_1_8353814_pullback_depth_-0_90359813_asset_funding_rate_abs_mean_7d_0_000011711979_variance_ratio_10_48_-0_27143899,strategy_rank_pct,cumulative_at_or_above,0.1,1.0,6688,0.8624724924418485,1.0,0.5992822966507177,0.6018241626794258,0.034578541302025416,0.020150847351916964,-0.00906168458506943,0.10517666615852356,0.036615156560821746,0.02217302073322608,
strategy,long_bars_in_high_vol_state_log_norm_-0_38407263_pullback_depth_1_8353814_pullback_depth_-0_90359813_asset_funding_rate_abs_mean_7d_0_000011711979_variance_ratio_10_48_-0_27143899,strategy_rank_pct,cumulative_at_or_above,0.15,1.0,6688,0.8624724924418485,1.0,0.5992822966507177,0.6018241626794258,0.034578541302025416,0.020150847351916964,-0.00906168458506943,0.10517666615852356,0.036615156560821746,0.02217302073322608,
strategy,long_bars_in_high_vol_state_log_norm_-0_38407263_pullback_depth_1_8353814_pullback_depth_-0_90359813_asset_funding_rate_abs_mean_7d_0_000011711979_variance_ratio_10_48_-0_27143899,strategy_rank_pct,cumulative_at_or_above,0.2,1.0,6688,0.8624724924418485,1.0,0.5992822966507177,0.6018241626794258,0.034578541302025416,0.020150847351916964,-0.00906168458506943,0.10517666615852356,0.036615156560821746,0.02217302073322608,
strategy,long_bars_in_high_vol_state_log_norm_-0_38407263_pullback_depth_1_8353814_pullback_depth_-0_90359813_asset_funding_rate_abs_mean_7d_0_000011711979_variance_ratio_10_48_-0_27143899,strategy_rank_pct,cumulative_at_or_above,0.25,1.0,6688,0.8624724924418485,1.0,0.5992822966507177,0.6018241626794258,0.034578541302025416,0.020150847351916964,-0.00906168458506943,0.10517666615852356,0.036615156560821746,0.02217302073322608,
strategy,long_bars_in_high_vol_state_log_norm_-0_38407263_pullback_depth_1_8353814_pullback_depth_-0_90359813_asset_funding_rate_abs_mean_7d_0_000011711979_variance_ratio_10_48_-0_27143899,strategy_rank_pct,cumulative_at_or_above,0.3,1.0,6688,0.8624724924418485,1.0,0.5992822966507177,0.6018241626794258,0.034578541302025416,0.020150847351916964,-0.00906168458506943,0.10517666615852356,0.036615156560821746,0.02217302073322608,
strategy,long_bars_in_high_vol_state_log_norm_-0_38407263_pullback_depth_1_8353814_pullback_depth_-0_90359813_asset_funding_rate_abs_mean_7d_0_000011711979_variance_ratio_10_48_-0_27143899,strategy_rank_pct,cumulative_at_or_above,0.35,1.0,6688,0.8624724924418485,1.0,0.5992822966507177,0.6018241626794258,0.034578541302025416,0.020150847351916964,-0.00906168458506943,0.10517666615852356,0.036615156560821746,0.02217302073322608,
strategy,long_bars_in_high_vol_state_log_norm_-0_38407263_pullback_depth_1_8353814_pullback_depth_-0_90359813_asset_funding_rate_abs_mean_7d_0_000011711979_variance_ratio_10_48_-0_27143899,strategy_rank_pct,cumulative_at_or_above,0.4,1.0,6688,0.8624724924418485,1.0,0.5992822966507177,0.6018241626794258,0.034578541302025416,0.020150847351916964,-0.00906168458506943,0.10517666615852356,0.036615156560821746,0.02217302073322608,
strategy,long_bars_in_high_vol_state_log_norm_-0_38407263_pullback_depth_1_8353814_pullback_depth_-0_90359813_asset_funding_rate_abs_mean_7d_0_000011711979_variance_ratio_10_48_-0_27143899,strategy_rank_pct,cumulative_at_or_above,0.45,1.0,6688,0.8624724924418485,1.0,0.5992822966507177,0.6018241626794258,0.034578541302025416,0.020150847351916964,-0.00906168458506943,0.10517666615852356,0.036615156560821746,0.02217302073322608,
strategy,long_bars_in_high_vol_state_log_norm_-0_38407263_pullback_depth_1_8353814_pullback_depth_-0_90359813_asset_funding_rate_abs_mean_7d_0_000011711979_variance_ratio_10_48_-0_27143899,strategy_rank_pct,cumulative_at_or_above,0.5,1.0,6688,0.8624724924418485,1.0,0.5992822966507177,0.6018241626794258,0.034578541302025416,0.020150847351916964,-0.00906168458506943,0.10517666615852356,0.036615156560821746,0.02217302073322608,
strategy,long_bars_in_high_vol_state_log_norm_-0_38407263_pullback_depth_1_8353814_pullback_depth_-0_90359813_asset_funding_rate_abs_mean_7d_0_000011711979_variance_ratio_10_48_-0_27143899,strategy_rank_pct,cumulative_at_or_above,0.55,1.0,6688,0.8624724924418485,1.0,0.5992822966507177,0.6018241626794258,0.034578541302025416,0.020150847351916964,-0.00906168458506943,0.10517666615852356,0.036615156560821746,0.02217302073322608,
strategy,long_bars_in_high_vol_state_log_norm_-0_38407263_pullback_depth_1_8353814_pullback_depth_-0_90359813_asset_funding_rate_abs_mean_7d_0_000011711979_variance_ratio_10_48_-0_27143899,strategy_rank_pct,cumulative_at_or_above,0.6,1.0,6688,0.8624724924418485,1.0,0.5992822966507177,0.6018241626794258,0.034578541302025416,0.020150847351916964,-0.00906168458506943,0.10517666615852356,0.036615156560821746,0.02217302073322608,
strategy,long_bars_in_high_vol_state_log_norm_-0_38407263_pullback_depth_1_8353814_pullback_depth_-0_90359813_asset_funding_rate_abs_mean_7d_0_000011711979_variance_ratio_10_48_-0_27143899,strategy_rank_pct,cumulative_at_or_above,0.65,1.0,6688,0.8624724924418485,1.0,0.5992822966507177,0.6018241626794258,0.034578541302025416,0.020150847351916964,-0.00906168458506943,0.10517666615852356,0.036615156560821746,0.02217302073322608,
strategy,long_bars_in_high_vol_state_log_norm_-0_38407263_pullback_depth_1_8353814_pullback_depth_-0_90359813_asset_funding_rate_abs_mean_7d_0_000011711979_variance_ratio_10_48_-0_27143899,strategy_rank_pct,cumulative_at_or_above,0.7,1.0,6688,0.8624724924418485,1.0,0.5992822966507177,0.6018241626794258,0.034578541302025416,0.020150847351916964,-0.00906168458506943,0.10517666615852356,0.036615156560821746,0.02217302073322608,
strategy,long_bars_in_high_vol_state_log_norm_-0_38407263_pullback_depth_1_8353814_pullback_depth_-0_90359813_asset_funding_rate_abs_mean_7d_0_000011711979_variance_ratio_10_48_-0_27143899,strategy_rank_pct,cumulative_at_or_above,0.75,1.0,6688,0.8624724924418485,1.0,0.5992822966507177,0.6018241626794258,0.034578541302025416,0.020150847351916964,-0.00906168458506943,0.10517666615852356,0.036615156560821746,0.02217302073322608,
strategy,long_bars_in_high_vol_state_log_norm_-0_38407263_pullback_depth_1_8353814_pullback_depth_-0_90359813_asset_funding_rate_abs_mean_7d_0_000011711979_variance_ratio_10_48_-0_27143899,strategy_rank_pct,cumulative_at_or_above,0.8,1.0,6688,0.8624724924418485,1.0,0.5992822966507177,0.6018241626794258,0.034578541302025416,0.020150847351916964,-0.00906168458506943,0.10517666615852356,0.036615156560821746,0.02217302073322608,
strategy,long_bars_in_high_vol_state_log_norm_-0_38407263_pullback_depth_1_8353814_pullback_depth_-0_90359813_asset_funding_rate_abs_mean_7d_0_000011711979_variance_ratio_10_48_-0_27143899,strategy_rank_pct,local_band,0.85,0.9,1825,0.8624724924418485,0.8999856035209675,0.5610958904109589,0.5616438356164384,0.02735426349472673,0.014438597705796469,-0.009129923704129957,0.08124253695846663,0.02938364728234423,0.016455053536590828,
strategy,long_bars_in_high_vol_state_log_norm_-0_38407263_pullback_depth_1_8353814_pullback_depth_-0_90359813_asset_funding_rate_abs_mean_7d_0_000011711979_variance_ratio_10_48_-0_27143899,strategy_rank_pct,cumulative_at_or_above,0.85,1.0,6688,0.8624724924418485,1.0,0.5992822966507177,0.6018241626794258,0.034578541302025416,0.020150847351916964,-0.00906168458506943,0.10517666615852356,0.036615156560821746,0.02217302073322608,
strategy,long_bars_in_high_vol_state_log_norm_-0_38407263_pullback_depth_1_8353814_pullback_depth_-0_90359813_asset_funding_rate_abs_mean_7d_0_000011711979_variance_ratio_10_48_-0_27143899,strategy_rank_pct,local_band,0.9,0.9500000000000001,2431,0.9000061699195854,0.9499825185611748,0.5713698066639243,0.5758946935417524,0.031085085820931408,0.01589935775791992,-0.009153145872873638,0.09322775934279953,0.033118204133835205,0.017917275884333315,
strategy,long_bars_in_high_vol_state_log_norm_-0_38407263_pullback_depth_1_8353814_pullback_depth_-0_90359813_asset_funding_rate_abs_mean_7d_0_000011711979_variance_ratio_10_48_-0_27143899,strategy_rank_pct,cumulative_at_or_above,0.9,1.0,4863,0.9000061699195854,1.0,0.6136129960929467,0.6169031462060457,0.03728968812462877,0.022195412610622207,-0.008998721537814692,0.11055393923431237,0.03932901722979593,0.02421963230067872,
strategy,long_bars_in_high_vol_state_log_norm_-0_38407263_pullback_depth_1_8353814_pullback_depth_-0_90359813_asset_funding_rate_abs_mean_7d_0_000011711979_variance_ratio_10_48_-0_27143899,strategy_rank_pct,local_band,0.95,1.0,2432,0.9500030849597927,1.0,0.6558388157894737,0.6578947368421053,0.04349173919382625,0.029896968704829413,-0.008668746546950136,0.12074746415148328,0.04553727653747707,0.03192889678512617,
strategy,long_bars_in_high_vol_state_log_norm_-0_38407263_pullback_depth_1_8353814_pullback_depth_-0_90359813_asset_funding_rate_abs_mean_7d_0_000011711979_variance_ratio_10_48_-0_27143899,strategy_rank_pct,cumulative_at_or_above,0.95,1.0,2432,0.9500030849597927,1.0,0.6558388157894737,0.6578947368421053,0.04349173919382625,0.029896968704829413,-0.008668746546950136,0.12074746415148328,0.04553727653747707,0.03192889678512617,
strategy,long_bars_in_high_vol_state_log_norm_-0_49417102_loc_range_pos_48_0_22034115_loc_swing_range_pos_24_1_0002919_atr_percentile_-1_477338_range_24h_pct_0_13988039_variance_ratio_10_48_0_92117828,strategy_rank_pct,cumulative_at_or_above,0.0,1.0,12079,0.6298952013237727,1.0,0.599718519745012,0.602533322294892,0.03308785363840861,0.01555292509482797,-0.00893163804777388,0.0895378737736362,0.035122976674738716,0.01757049573138066,
strategy,long_bars_in_high_vol_state_log_norm_-0_49417102_loc_range_pos_48_0_22034115_loc_swing_range_pos_24_1_0002919_atr_percentile_-1_477338_range_24h_pct_0_13988039_variance_ratio_10_48_0_92117828,strategy_rank_pct,cumulative_at_or_above,0.05,1.0,12079,0.6298952013237727,1.0,0.599718519745012,0.602533322294892,0.03308785363840861,0.01555292509482797,-0.00893163804777388,0.0895378737736362,0.035122976674738716,0.01757049573138066,
strategy,long_bars_in_high_vol_state_log_norm_-0_49417102_loc_range_pos_48_0_22034115_loc_swing_range_pos_24_1_0002919_atr_percentile_-1_477338_range_24h_pct_0_13988039_variance_ratio_10_48_0_92117828,strategy_rank_pct,cumulative_at_or_above,0.1,1.0,12079,0.6298952013237727,1.0,0.599718519745012,0.602533322294892,0.03308785363840861,0.01555292509482797,-0.00893163804777388,0.0895378737736362,0.035122976674738716,0.01757049573138066,
strategy,long_bars_in_high_vol_state_log_norm_-0_49417102_loc_range_pos_48_0_22034115_loc_swing_range_pos_24_1_0002919_atr_percentile_-1_477338_range_24h_pct_0_13988039_variance_ratio_10_48_0_92117828,strategy_rank_pct,cumulative_at_or_above,0.15,1.0,12079,0.6298952013237727,1.0,0.599718519745012,0.602533322294892,0.03308785363840861,0.01555292509482797,-0.00893163804777388,0.0895378737736362,0.035122976674738716,0.01757049573138066,
strategy,long_bars_in_high_vol_state_log_norm_-0_49417102_loc_range_pos_48_0_22034115_loc_swing_range_pos_24_1_0002919_atr_percentile_-1_477338_range_24h_pct_0_13988039_variance_ratio_10_48_0_92117828,strategy_rank_pct,cumulative_at_or_above,0.2,1.0,12079,0.6298952013237727,1.0,0.599718519745012,0.602533322294892,0.03308785363840861,0.01555292509482797,-0.00893163804777388,0.0895378737736362,0.035122976674738716,0.01757049573138066,
strategy,long_bars_in_high_vol_state_log_norm_-0_49417102_loc_range_pos_48_0_22034115_loc_swing_range_pos_24_1_0002919_atr_percentile_-1_477338_range_24h_pct_0_13988039_variance_ratio_10_48_0_92117828,strategy_rank_pct,cumulative_at_or_above,0.25,1.0,12079,0.6298952013237727,1.0,0.599718519745012,0.602533322294892,0.03308785363840861,0.01555292509482797,-0.00893163804777388,0.0895378737736362,0.035122976674738716,0.01757049573138066,
strategy,long_bars_in_high_vol_state_log_norm_-0_49417102_loc_range_pos_48_0_22034115_loc_swing_range_pos_24_1_0002919_atr_percentile_-1_477338_range_24h_pct_0_13988039_variance_ratio_10_48_0_92117828,strategy_rank_pct,cumulative_at_or_above,0.3,1.0,12079,0.6298952013237727,1.0,0.599718519745012,0.602533322294892,0.03308785363840861,0.01555292509482797,-0.00893163804777388,0.0895378737736362,0.035122976674738716,0.01757049573138066,
strategy,long_bars_in_high_vol_state_log_norm_-0_49417102_loc_range_pos_48_0_22034115_loc_swing_range_pos_24_1_0002919_atr_percentile_-1_477338_range_24h_pct_0_13988039_variance_ratio_10_48_0_92117828,strategy_rank_pct,cumulative_at_or_above,0.35,1.0,12079,0.6298952013237727,1.0,0.599718519745012,0.602533322294892,0.03308785363840861,0.01555292509482797,-0.00893163804777388,0.0895378737736362,0.035122976674738716,0.01757049573138066,
strategy,long_bars_in_high_vol_state_log_norm_-0_49417102_loc_range_pos_48_0_22034115_loc_swing_range_pos_24_1_0002919_atr_percentile_-1_477338_range_24h_pct_0_13988039_variance_ratio_10_48_0_92117828,strategy_rank_pct,cumulative_at_or_above,0.4,1.0,12079,0.6298952013237727,1.0,0.599718519745012,0.602533322294892,0.03308785363840861,0.01555292509482797,-0.00893163804777388,0.0895378737736362,0.035122976674738716,0.01757049573138066,
strategy,long_bars_in_high_vol_state_log_norm_-0_49417102_loc_range_pos_48_0_22034115_loc_swing_range_pos_24_1_0002919_atr_percentile_-1_477338_range_24h_pct_0_13988039_variance_ratio_10_48_0_92117828,strategy_rank_pct,cumulative_at_or_above,0.45,1.0,12079,0.6298952013237727,1.0,0.599718519745012,0.602533322294892,0.03308785363840861,0.01555292509482797,-0.00893163804777388,0.0895378737736362,0.035122976674738716,0.01757049573138066,
strategy,long_bars_in_high_vol_state_log_norm_-0_49417102_loc_range_pos_48_0_22034115_loc_swing_range_pos_24_1_0002919_atr_percentile_-1_477338_range_24h_pct_0_13988039_variance_ratio_10_48_0_92117828,strategy_rank_pct,cumulative_at_or_above,0.5,1.0,12079,0.6298952013237727,1.0,0.599718519745012,0.602533322294892,0.03308785363840861,0.01555292509482797,-0.00893163804777388,0.0895378737736362,0.035122976674738716,0.01757049573138066,
strategy,long_bars_in_high_vol_state_log_norm_-0_49417102_loc_range_pos_48_0_22034115_loc_swing_range_pos_24_1_0002919_atr_percentile_-1_477338_range_24h_pct_0_13988039_variance_ratio_10_48_0_92117828,strategy_rank_pct,cumulative_at_or_above,0.55,1.0,12079,0.6298952013237727,1.0,0.599718519745012,0.602533322294892,0.03308785363840861,0.01555292509482797,-0.00893163804777388,0.0895378737736362,0.035122976674738716,0.01757049573138066,
strategy,long_bars_in_high_vol_state_log_norm_-0_49417102_loc_range_pos_48_0_22034115_loc_swing_range_pos_24_1_0002919_atr_percentile_-1_477338_range_24h_pct_0_13988039_variance_ratio_10_48_0_92117828,strategy_rank_pct,local_band,0.6,0.65,657,0.6298952013237727,0.6499969357112214,0.528158295281583,0.532724505327245,0.02268867879089601,0.0061373057332527094,-0.009226469535819588,0.06941790188073668,0.024713392287096857,0.00814545150368657,
strategy,long_bars_in_high_vol_state_log_norm_-0_49417102_loc_range_pos_48_0_22034115_loc_swing_range_pos_24_1_0002919_atr_percentile_-1_477338_range_24h_pct_0_13988039_variance_ratio_10_48_0_92117828,strategy_rank_pct,cumulative_at_or_above,0.6,1.0,12079,0.6298952013237727,1.0,0.599718519745012,0.602533322294892,0.03308785363840861,0.01555292509482797,-0.00893163804777388,0.0895378737736362,0.035122976674738716,0.01757049573138066,
strategy,long_bars_in_high_vol_state_log_norm_-0_49417102_loc_range_pos_48_0_22034115_loc_swing_range_pos_24_1_0002919_atr_percentile_-1_477338_range_24h_pct_0_13988039_variance_ratio_10_48_0_92117828,strategy_rank_pct,local_band,0.65,0.7000000000000001,1631,0.6500275785990072,0.6999754856897714,0.5481299816063765,0.5511955855303495,0.02541472958066329,0.008860181422283411,-0.00916743669913693,0.07803794212234344,0.027442171841550324,0.010871052759115611,
strategy,long_bars_in_high_vol_state_log_norm_-0_49417102_loc_range_pos_48_0_22034115_loc_swing_range_pos_24_1_0002919_atr_percentile_-1_477338_range_24h_pct_0_13988039_variance_ratio_10_48_0_92117828,strategy_rank_pct,cumulative_at_or_above,0.65,1.0,11422,0.6500275785990072,1.0,0.6038347049553493,0.6065487655401856,0.033686020148198124,0.016186485463967216,-0.008880251221845747,0.08982018669378612,0.03572174194725498,0.018204689726025576,
strategy,long_bars_in_high_vol_state_log_norm_-0_49417102_loc_range_pos_48_0_22034115_loc_swing_range_pos_24_1_0002919_atr_percentile_-1_477338_range_24h_pct_0_13988039_variance_ratio_10_48_0_92117828,strategy_rank_pct,local_band,0.7,0.75,1632,0.7000061285775572,0.7499846785561072,0.5882352941176471,0.5955882352941176,0.02842562464994644,0.012866729015099446,-0.008854527307391714,0.08630744261200474,0.03045608083017077,0.014881610727824327,
strategy,long_bars_in_high_vol_state_log_norm_-0_49417102_loc_range_pos_48_0_22034115_loc_swing_range_pos_24_1_0002919_atr_percentile_-1_477338_range_24h_pct_0_13988039_variance_ratio_10_48_0_92117828,strategy_rank_pct,cumulative_at_or_above,0.7,1.0,9791,0.7000061285775572,1.0,0.6131140843631907,0.6157695843121234,0.03506386458856676,0.016810873047611113,-0.008842797241437194,0.09075783308668531,0.03710096560596239,0.018829702820537836,
strategy,long_bars_in_high_vol_state_log_norm_-0_49417102_loc_range_pos_48_0_22034115_loc_swing_range_pos_24_1_0002919_atr_percentile_-1_477338_range_24h_pct_0_13988039_variance_ratio_10_48_0_92117828,strategy_rank_pct,local_band,0.75,0.8,1632,0.7500153214438928,0.7999938714224428,0.6004901960784313,0.6041666666666666,0.028544852141973755,0.015081208838595286,-0.009039950370830089,0.08618126360739362,0.030575427616343822,0.01709830720946572,
strategy,long_bars_in_high_vol_state_log_norm_-0_49417102_loc_range_pos_48_0_22034115_loc_swing_range_pos_24_1_0002919_atr_percentile_-1_477338_range_24h_pct_0_13988039_variance_ratio_10_48_0_92117828,strategy_rank_pct,cumulative_at_or_above,0.75,1.0,8159,0.7500153214438928,1.0,0.6180904522613065,0.619806348817257,0.03639167529819151,0.01775061327023445,-0.008841904076719032,0.09075783778674415,0.03843010544590502,0.019770383641063045,
strategy,long_bars_in_high_vol_state_log_norm_-0_49417102_loc_range_pos_48_0_22034115_loc_swing_range_pos_24_1_0002919_atr_percentile_-1_477338_range_24h_pct_0_13988039_variance_ratio_10_48_0_92117828,strategy_rank_pct,local_band,0.8,0.8500000000000001,1631,0.8000245143102286,0.8499724214009928,0.6597179644389944,0.6609442060085837,0.042042318411914706,0.02020661900204145,-0.008773308341611495,0.1059224034704653,0.044086404855894094,0.02222884859829914,
strategy,long_bars_in_high_vol_state_log_norm_-0_49417102_loc_range_pos_48_0_22034115_loc_swing_range_pos_24_1_0002919_atr_percentile_-1_477338_range_24h_pct_0_13988039_variance_ratio_10_48_0_92117828,strategy_rank_pct,cumulative_at_or_above,0.8,1.0,6527,0.8000245143102286,1.0,0.622491190439712,0.6237168683928298,0.03835368163968797,0.01877133583422326,-0.008809987486087814,0.09284559881472584,0.040394075756590465,0.020792127413234832,
strategy,long_bars_in_high_vol_state_log_norm_-0_49417102_loc_range_pos_48_0_22034115_loc_swing_range_pos_24_1_0002919_atr_percentile_-1_477338_range_24h_pct_0_13988039_variance_ratio_10_48_0_92117828,strategy_rank_pct,local_band,0.85,0.9,1632,0.8500337071765643,0.8999816142673286,0.647671568627451,0.6488970588235294,0.03961123913384652,0.021285683135292763,-0.00871942019469112,0.09381380299477397,0.04165289208647189,0.023308992398259662,
strategy,long_bars_in_high_vol_state_log_norm_-0_49417102_loc_range_pos_48_0_22034115_loc_swing_range_pos_24_1_0002919_atr_percentile_-1_477338_range_24h_pct_0_13988039_variance_ratio_10_48_0_92117828,strategy_rank_pct,cumulative_at_or_above,0.85,1.0,4896,0.8500337071765643,1.0,0.6100898692810458,0.6113153594771242,0.03712488944697927,0.01775061379661695,-0.008809987955027403,0.08878462920890343,0.03916405354234123,0.01977038407135543,
strategy,long_bars_in_high_vol_state_log_norm_-0_49417102_loc_range_pos_48_0_22034115_loc_swing_range_pos_24_1_0002919_atr_percentile_-1_477338_range_24h_pct_0_13988039_variance_ratio_10_48_0_92117828,strategy_rank_pct,local_band,0.9,0.9500000000000001,1632,0.9000122571551143,0.9499908071336642,0.6280637254901961,0.6299019607843137,0.0357707543433019,0.018799380028149144,-0.008769020445188486,0.0830623568393231,0.037808562858958436,0.020820200524891808,
strategy,long_bars_in_high_vol_state_log_norm_-0_49417102_loc_range_pos_48_0_22034115_loc_swing_range_pos_24_1_0002919_atr_percentile_-1_477338_range_24h_pct_0_13988039_variance_ratio_10_48_0_92117828,strategy_rank_pct,cumulative_at_or_above,0.9,1.0,3264,0.9000122571551143,1.0,0.5912990196078431,0.5925245098039216,0.035881714603545646,0.016636882598464346,-0.008880250586396563,0.08306235649747902,0.03791963427027591,0.018655538352163506,
strategy,long_bars_in_high_vol_state_log_norm_-0_49417102_loc_range_pos_48_0_22034115_loc_swing_range_pos_24_1_0002919_atr_percentile_-1_477338_range_24h_pct_0_13988039_variance_ratio_10_48_0_92117828,strategy_rank_pct,local_band,0.95,1.0,1632,0.95002145002145,1.0,0.5545343137254902,0.5551470588235294,0.03599267486378938,0.013384771363295451,-0.009124195160278266,0.08306235049195619,0.03803070568159337,0.01540017173895191,
strategy,long_bars_in_high_vol_state_log_norm_-0_49417102_loc_range_pos_48_0_22034115_loc_swing_range_pos_24_1_0002919_atr_percentile_-1_477338_range_24h_pct_0_13988039_variance_ratio_10_48_0_92117828,strategy_rank_pct,cumulative_at_or_above,0.95,1.0,1632,0.95002145002145,1.0,0.5545343137254902,0.5551470588235294,0.03599267486378938,0.013384771363295451,-0.009124195160278266,0.08306235049195619,0.03803070568159337,0.01540017173895191,
strategy,long_dist_ema20_atr_-0_92271453_loc_bb_channel_pos_48_0_60767579_leverage_build_score_0_45107844_return_autocorr_48_1_18643_rolling_range_20_-0_25967735,strategy_rank_pct,cumulative_at_or_above,0.0,1.0,9908,0.7543576901143041,1.0,0.5278562777553493,0.5325999192571659,0.029831909158564346,0.006886740001020552,-0.007940987471483214,0.09381380325214872,0.03186377301607481,0.008895635778269686,
strategy,long_dist_ema20_atr_-0_92271453_loc_bb_channel_pos_48_0_60767579_leverage_build_score_0_45107844_return_autocorr_48_1_18643_rolling_range_20_-0_25967735,strategy_rank_pct,cumulative_at_or_above,0.05,1.0,9908,0.7543576901143041,1.0,0.5278562777553493,0.5325999192571659,0.029831909158564346,0.006886740001020552,-0.007940987471483214,0.09381380325214872,0.03186377301607481,0.008895635778269686,
strategy,long_dist_ema20_atr_-0_92271453_loc_bb_channel_pos_48_0_60767579_leverage_build_score_0_45107844_return_autocorr_48_1_18643_rolling_range_20_-0_25967735,strategy_rank_pct,cumulative_at_or_above,0.1,1.0,9908,0.7543576901143041,1.0,0.5278562777553493,0.5325999192571659,0.029831909158564346,0.006886740001020552,-0.007940987471483214,0.09381380325214872,0.03186377301607481,0.008895635778269686,
strategy,long_dist_ema20_atr_-0_92271453_loc_bb_channel_pos_48_0_60767579_leverage_build_score_0_45107844_return_autocorr_48_1_18643_rolling_range_20_-0_25967735,strategy_rank_pct,cumulative_at_or_above,0.15,1.0,9908,0.7543576901143041,1.0,0.5278562777553493,0.5325999192571659,0.029831909158564346,0.006886740001020552,-0.007940987471483214,0.09381380325214872,0.03186377301607481,0.008895635778269686,
strategy,long_dist_ema20_atr_-0_92271453_loc_bb_channel_pos_48_0_60767579_leverage_build_score_0_45107844_return_autocorr_48_1_18643_rolling_range_20_-0_25967735,strategy_rank_pct,cumulative_at_or_above,0.2,1.0,9908,0.7543576901143041,1.0,0.5278562777553493,0.5325999192571659,0.029831909158564346,0.006886740001020552,-0.007940987471483214,0.09381380325214872,0.03186377301607481,0.008895635778269686,
strategy,long_dist_ema20_atr_-0_92271453_loc_bb_channel_pos_48_0_60767579_leverage_build_score_0_45107844_return_autocorr_48_1_18643_rolling_range_20_-0_25967735,strategy_rank_pct,cumulative_at_or_above,0.25,1.0,9908,0.7543576901143041,1.0,0.5278562777553493,0.5325999192571659,0.029831909158564346,0.006886740001020552,-0.007940987471483214,0.09381380325214872,0.03186377301607481,0.008895635778269686,
strategy,long_dist_ema20_atr_-0_92271453_loc_bb_channel_pos_48_0_60767579_leverage_build_score_0_45107844_return_autocorr_48_1_18643_rolling_range_20_-0_25967735,strategy_rank_pct,cumulative_at_or_above,0.3,1.0,9908,0.7543576901143041,1.0,0.5278562777553493,0.5325999192571659,0.029831909158564346,0.006886740001020552,-0.007940987471483214,0.09381380325214872,0.03186377301607481,0.008895635778269686,
strategy,long_dist_ema20_atr_-0_92271453_loc_bb_channel_pos_48_0_60767579_leverage_build_score_0_45107844_return_autocorr_48_1_18643_rolling_range_20_-0_25967735,strategy_rank_pct,cumulative_at_or_above,0.35,1.0,9908,0.7543576901143041,1.0,0.5278562777553493,0.5325999192571659,0.029831909158564346,0.006886740001020552,-0.007940987471483214,0.09381380325214872,0.03186377301607481,0.008895635778269686,
strategy,long_dist_ema20_atr_-0_92271453_loc_bb_channel_pos_48_0_60767579_leverage_build_score_0_45107844_return_autocorr_48_1_18643_rolling_range_20_-0_25967735,strategy_rank_pct,cumulative_at_or_above,0.4,1.0,9908,0.7543576901143041,1.0,0.5278562777553493,0.5325999192571659,0.029831909158564346,0.006886740001020552,-0.007940987471483214,0.09381380325214872,0.03186377301607481,0.008895635778269686,
strategy,long_dist_ema20_atr_-0_92271453_loc_bb_channel_pos_48_0_60767579_leverage_build_score_0_45107844_return_autocorr_48_1_18643_rolling_range_20_-0_25967735,strategy_rank_pct,cumulative_at_or_above,0.45,1.0,9908,0.7543576901143041,1.0,0.5278562777553493,0.5325999192571659,0.029831909158564346,0.006886740001020552,-0.007940987471483214,0.09381380325214872,0.03186377301607481,0.008895635778269686,
strategy,long_dist_ema20_atr_-0_92271453_loc_bb_channel_pos_48_0_60767579_leverage_build_score_0_45107844_return_autocorr_48_1_18643_rolling_range_20_-0_25967735,strategy_rank_pct,cumulative_at_or_above,0.5,1.0,9908,0.7543576901143041,1.0,0.5278562777553493,0.5325999192571659,0.029831909158564346,0.006886740001020552,-0.007940987471483214,0.09381380325214872,0.03186377301607481,0.008895635778269686,
strategy,long_dist_ema20_atr_-0_92271453_loc_bb_channel_pos_48_0_60767579_leverage_build_score_0_45107844_return_autocorr_48_1_18643_rolling_range_20_-0_25967735,strategy_rank_pct,cumulative_at_or_above,0.55,1.0,9908,0.7543576901143041,1.0,0.5278562777553493,0.5325999192571659,0.029831909158564346,0.006886740001020552,-0.007940987471483214,0.09381380325214872,0.03186377301607481,0.008895635778269686,
strategy,long_dist_ema20_atr_-0_92271453_loc_bb_channel_pos_48_0_60767579_leverage_build_score_0_45107844_return_autocorr_48_1_18643_rolling_range_20_-0_25967735,strategy_rank_pct,cumulative_at_or_above,0.6,1.0,9908,0.7543576901143041,1.0,0.5278562777553493,0.5325999192571659,0.029831909158564346,0.006886740001020552,-0.007940987471483214,0.09381380325214872,0.03186377301607481,0.008895635778269686,
strategy,long_dist_ema20_atr_-0_92271453_loc_bb_channel_pos_48_0_60767579_leverage_build_score_0_45107844_return_autocorr_48_1_18643_rolling_range_20_-0_25967735,strategy_rank_pct,cumulative_at_or_above,0.65,1.0,9908,0.7543576901143041,1.0,0.5278562777553493,0.5325999192571659,0.029831909158564346,0.006886740001020552,-0.007940987471483214,0.09381380325214872,0.03186377301607481,0.008895635778269686,
strategy,long_dist_ema20_atr_-0_92271453_loc_bb_channel_pos_48_0_60767579_leverage_build_score_0_45107844_return_autocorr_48_1_18643_rolling_range_20_-0_25967735,strategy_rank_pct,cumulative_at_or_above,0.7,1.0,9908,0.7543576901143041,1.0,0.5278562777553493,0.5325999192571659,0.029831909158564346,0.006886740001020552,-0.007940987471483214,0.09381380325214872,0.03186377301607481,0.008895635778269686,
strategy,long_dist_ema20_atr_-0_92271453_loc_bb_channel_pos_48_0_60767579_leverage_build_score_0_45107844_return_autocorr_48_1_18643_rolling_range_20_-0_25967735,strategy_rank_pct,local_band,0.75,0.8,1841,0.7543576901143041,0.7999801641417272,0.512221618685497,0.5209125475285171,0.02377813372550459,0.0033403563967645622,-0.007803439105734764,0.07772735542573223,0.025803937729017384,0.005345702183401379,
strategy,long_dist_ema20_atr_-0_92271453_loc_bb_channel_pos_48_0_60767579_leverage_build_score_0_45107844_return_autocorr_48_1_18643_rolling_range_20_-0_25967735,strategy_rank_pct,cumulative_at_or_above,0.75,1.0,9908,0.7543576901143041,1.0,0.5278562777553493,0.5325999192571659,0.029831909158564346,0.006886740001020552,-0.007940987471483214,0.09381380325214872,0.03186377301607481,0.008895635778269686,
strategy,long_dist_ema20_atr_-0_92271453_loc_bb_channel_pos_48_0_60767579_leverage_build_score_0_45107844_return_autocorr_48_1_18643_rolling_range_20_-0_25967735,strategy_rank_pct,local_band,0.8,0.8500000000000001,2017,0.8000049589645682,0.8499913218120057,0.5528011898859693,0.5567674764501735,0.029803194967569214,0.010862323383570993,-0.0074586488451320355,0.09450476115684593,0.03183503003811906,0.01287519899763501,
strategy,long_dist_ema20_atr_-0_92271453_loc_bb_channel_pos_48_0_60767579_leverage_build_score_0_45107844_return_autocorr_48_1_18643_rolling_range_20_-0_25967735,strategy_rank_pct,cumulative_at_or_above,0.8,1.0,8067,0.8000049589645682,1.0,0.5314243213090368,0.5352671377215817,0.031213463710722898,0.007599136536347992,-0.008077583611102036,0.10003149504192412,0.03324671050999729,0.009608745281495036,
strategy,long_dist_ema20_atr_-0_92271453_loc_bb_channel_pos_48_0_60767579_leverage_build_score_0_45107844_return_autocorr_48_1_18643_rolling_range_20_-0_25967735,strategy_rank_pct,local_band,0.85,0.9,2016,0.8500161166348467,0.8999776846594431,0.5476190476190477,0.5535714285714286,0.034691550919734075,0.010862324048890086,-0.0077928984825284785,0.10697504259983465,0.03672827928973638,0.012875199273585276,
strategy,long_dist_ema20_atr_-0_92271453_loc_bb_channel_pos_48_0_60767579_leverage_build_score_0_45107844_return_autocorr_48_1_18643_rolling_range_20_-0_25967735,strategy_rank_pct,cumulative_at_or_above,0.85,1.0,6050,0.8500161166348467,1.0,0.524297520661157,0.528099173553719,0.031683630992531325,0.007144450638708316,-0.008353271226026486,0.1007714096311043,0.03371734844582843,0.009153604317230855,
strategy,long_dist_ema20_atr_-0_92271453_loc_bb_channel_pos_48_0_60767579_leverage_build_score_0_45107844_return_autocorr_48_1_18643_rolling_range_20_-0_25967735,strategy_rank_pct,local_band,0.9,0.9500000000000001,2017,0.9000024794822841,0.9499888423297216,0.5235498264749628,0.5270203272186416,0.030681728214757193,0.006886740284880608,-0.008279262753995247,0.09954513258131266,0.03271444275971334,0.008895635948515414,
strategy,long_dist_ema20_atr_-0_92271453_loc_bb_channel_pos_48_0_60767579_leverage_build_score_0_45107844_return_autocorr_48_1_18643_rolling_range_20_-0_25967735,strategy_rank_pct,cumulative_at_or_above,0.9,1.0,4034,0.9000024794822841,1.0,0.5126425384234011,0.5153693604362916,0.030180416670954544,0.005956165481881642,-0.008594077761870973,0.09311311115045057,0.03221262941228395,0.007964129861112154,
strategy,long_dist_ema20_atr_-0_92271453_loc_bb_channel_pos_48_0_60767579_leverage_build_score_0_45107844_return_autocorr_48_1_18643_rolling_range_20_-0_25967735,strategy_rank_pct,local_band,0.95,1.0,2017,0.9500136371525626,1.0,0.5017352503718394,0.5037183936539414,0.029679105127151894,0.002468497786614233,-0.009047810525086788,0.0887846317929108,0.03171081606485457,0.004472970923549358,
strategy,long_dist_ema20_atr_-0_92271453_loc_bb_channel_pos_48_0_60767579_leverage_build_score_0_45107844_return_autocorr_48_1_18643_rolling_range_20_-0_25967735,strategy_rank_pct,cumulative_at_or_above,0.95,1.0,2017,0.9500136371525626,1.0,0.5017352503718394,0.5037183936539414,0.029679105127151894,0.002468497786614233,-0.009047810525086788,0.0887846317929108,0.03171081606485457,0.004472970923549358,
strategy,long_loc_bb_channel_pos_48_0_63256526_zscore_price_200_-0_64289832_xasset_asset_minus_basket_fund_z_0_1707595,strategy_rank_pct,cumulative_at_or_above,0.0,1.0,7934,0.8040460428811382,1.0,0.586085202924124,0.5893622384673557,0.03458335324749872,0.014735609739416474,-0.008816662767795035,0.09707794751757721,0.03661997334636538,0.016752362430114544,
strategy,long_loc_bb_channel_pos_48_0_63256526_zscore_price_200_-0_64289832_xasset_asset_minus_basket_fund_z_0_1707595,strategy_rank_pct,cumulative_at_or_above,0.05,1.0,7934,0.8040460428811382,1.0,0.586085202924124,0.5893622384673557,0.03458335324749872,0.014735609739416474,-0.008816662767795035,0.09707794751757721,0.03661997334636538,0.016752362430114544,
strategy,long_loc_bb_channel_pos_48_0_63256526_zscore_price_200_-0_64289832_xasset_asset_minus_basket_fund_z_0_1707595,strategy_rank_pct,cumulative_at_or_above,0.1,1.0,7934,0.8040460428811382,1.0,0.586085202924124,0.5893622384673557,0.03458335324749872,0.014735609739416474,-0.008816662767795035,0.09707794751757721,0.03661997334636538,0.016752362430114544,
strategy,long_loc_bb_channel_pos_48_0_63256526_zscore_price_200_-0_64289832_xasset_asset_minus_basket_fund_z_0_1707595,strategy_rank_pct,cumulative_at_or_above,0.15,1.0,7934,0.8040460428811382,1.0,0.586085202924124,0.5893622384673557,0.03458335324749872,0.014735609739416474,-0.008816662767795035,0.09707794751757721,0.03661997334636538,0.016752362430114544,
strategy,long_loc_bb_channel_pos_48_0_63256526_zscore_price_200_-0_64289832_xasset_asset_minus_basket_fund_z_0_1707595,strategy_rank_pct,cumulative_at_or_above,0.2,1.0,7934,0.8040460428811382,1.0,0.586085202924124,0.5893622384673557,0.03458335324749872,0.014735609739416474,-0.008816662767795035,0.09707794751757721,0.03661997334636538,0.016752362430114544,
strategy,long_loc_bb_channel_pos_48_0_63256526_zscore_price_200_-0_64289832_xasset_asset_minus_basket_fund_z_0_1707595,strategy_rank_pct,cumulative_at_or_above,0.25,1.0,7934,0.8040460428811382,1.0,0.586085202924124,0.5893622384673557,0.03458335324749872,0.014735609739416474,-0.008816662767795035,0.09707794751757721,0.03661997334636538,0.016752362430114544,
strategy,long_loc_bb_channel_pos_48_0_63256526_zscore_price_200_-0_64289832_xasset_asset_minus_basket_fund_z_0_1707595,strategy_rank_pct,cumulative_at_or_above,0.3,1.0,7934,0.8040460428811382,1.0,0.586085202924124,0.5893622384673557,0.03458335324749872,0.014735609739416474,-0.008816662767795035,0.09707794751757721,0.03661997334636538,0.016752362430114544,
strategy,long_loc_bb_channel_pos_48_0_63256526_zscore_price_200_-0_64289832_xasset_asset_minus_basket_fund_z_0_1707595,strategy_rank_pct,cumulative_at_or_above,0.35,1.0,7934,0.8040460428811382,1.0,0.586085202924124,0.5893622384673557,0.03458335324749872,0.014735609739416474,-0.008816662767795035,0.09707794751757721,0.03661997334636538,0.016752362430114544,
strategy,long_loc_bb_channel_pos_48_0_63256526_zscore_price_200_-0_64289832_xasset_asset_minus_basket_fund_z_0_1707595,strategy_rank_pct,cumulative_at_or_above,0.4,1.0,7934,0.8040460428811382,1.0,0.586085202924124,0.5893622384673557,0.03458335324749872,0.014735609739416474,-0.008816662767795035,0.09707794751757721,0.03661997334636538,0.016752362430114544,
strategy,long_loc_bb_channel_pos_48_0_63256526_zscore_price_200_-0_64289832_xasset_asset_minus_basket_fund_z_0_1707595,strategy_rank_pct,cumulative_at_or_above,0.45,1.0,7934,0.8040460428811382,1.0,0.586085202924124,0.5893622384673557,0.03458335324749872,0.014735609739416474,-0.008816662767795035,0.09707794751757721,0.03661997334636538,0.016752362430114544,
strategy,long_loc_bb_channel_pos_48_0_63256526_zscore_price_200_-0_64289832_xasset_asset_minus_basket_fund_z_0_1707595,strategy_rank_pct,cumulative_at_or_above,0.5,1.0,7934,0.8040460428811382,1.0,0.586085202924124,0.5893622384673557,0.03458335324749872,0.014735609739416474,-0.008816662767795035,0.09707794751757721,0.03661997334636538,0.016752362430114544,
strategy,long_loc_bb_channel_pos_48_0_63256526_zscore_price_200_-0_64289832_xasset_asset_minus_basket_fund_z_0_1707595,strategy_rank_pct,cumulative_at_or_above,0.55,1.0,7934,0.8040460428811382,1.0,0.586085202924124,0.5893622384673557,0.03458335324749872,0.014735609739416474,-0.008816662767795035,0.09707794751757721,0.03661997334636538,0.016752362430114544,
strategy,long_loc_bb_channel_pos_48_0_63256526_zscore_price_200_-0_64289832_xasset_asset_minus_basket_fund_z_0_1707595,strategy_rank_pct,cumulative_at_or_above,0.6,1.0,7934,0.8040460428811382,1.0,0.586085202924124,0.5893622384673557,0.03458335324749872,0.014735609739416474,-0.008816662767795035,0.09707794751757721,0.03661997334636538,0.016752362430114544,
strategy,long_loc_bb_channel_pos_48_0_63256526_zscore_price_200_-0_64289832_xasset_asset_minus_basket_fund_z_0_1707595,strategy_rank_pct,cumulative_at_or_above,0.65,1.0,7934,0.8040460428811382,1.0,0.586085202924124,0.5893622384673557,0.03458335324749872,0.014735609739416474,-0.008816662767795035,0.09707794751757721,0.03661997334636538,0.016752362430114544,
strategy,long_loc_bb_channel_pos_48_0_63256526_zscore_price_200_-0_64289832_xasset_asset_minus_basket_fund_z_0_1707595,strategy_rank_pct,cumulative_at_or_above,0.7,1.0,7934,0.8040460428811382,1.0,0.586085202924124,0.5893622384673557,0.03458335324749872,0.014735609739416474,-0.008816662767795035,0.09707794751757721,0.03661997334636538,0.016752362430114544,
strategy,long_loc_bb_channel_pos_48_0_63256526_zscore_price_200_-0_64289832_xasset_asset_minus_basket_fund_z_0_1707595,strategy_rank_pct,cumulative_at_or_above,0.75,1.0,7934,0.8040460428811382,1.0,0.586085202924124,0.5893622384673557,0.03458335324749872,0.014735609739416474,-0.008816662767795035,0.09707794751757721,0.03661997334636538,0.016752362430114544,
strategy,long_loc_bb_channel_pos_48_0_63256526_zscore_price_200_-0_64289832_xasset_asset_minus_basket_fund_z_0_1707595,strategy_rank_pct,local_band,0.8,0.8500000000000001,1861,0.8040460428811382,0.8499901195534039,0.5411069317571199,0.5486297689414293,0.030637194045617173,0.007162195265923318,-0.009709713885177907,0.09612891273654692,0.032669864042016473,0.009171366831598454,
strategy,long_loc_bb_channel_pos_48_0_63256526_zscore_price_200_-0_64289832_xasset_asset_minus_basket_fund_z_0_1707595,strategy_rank_pct,cumulative_at_or_above,0.8,1.0,7934,0.8040460428811382,1.0,0.586085202924124,0.5893622384673557,0.03458335324749872,0.014735609739416474,-0.008816662767795035,0.09707794751757721,0.03661997334636538,0.016752362430114544,
strategy,long_loc_bb_channel_pos_48_0_63256526_zscore_price_200_-0_64289832_xasset_asset_minus_basket_fund_z_0_1707595,strategy_rank_pct,local_band,0.85,0.9,2024,0.8500148206698943,0.8999851793301057,0.5731225296442688,0.575592885375494,0.03448261595252687,0.012090976142486217,-0.008916590822919067,0.09616192512001297,0.036519135275292824,0.01410508144113766,
strategy,long_loc_bb_channel_pos_48_0_63256526_zscore_price_200_-0_64289832_xasset_asset_minus_basket_fund_z_0_1707595,strategy_rank_pct,cumulative_at_or_above,0.85,1.0,6073,0.8500148206698943,1.0,0.5998682693890993,0.6018442285526099,0.03579260769747428,0.016601275409542267,-0.008600734286650284,0.09748463622897868,0.03783043825915862,0.018619894903235307,
strategy,long_loc_bb_channel_pos_48_0_63256526_zscore_price_200_-0_64289832_xasset_asset_minus_basket_fund_z_0_1707595,strategy_rank_pct,local_band,0.9,0.9500000000000001,2024,0.9000098804465961,0.9499802391068076,0.5874505928853755,0.5899209486166008,0.033346536588145695,0.01479384510804952,-0.008582126421125932,0.09707794751757721,0.035381918631893994,0.016810655947103223,
strategy,long_loc_bb_channel_pos_48_0_63256526_zscore_price_200_-0_64289832_xasset_asset_minus_basket_fund_z_0_1707595,strategy_rank_pct,cumulative_at_or_above,0.9,1.0,4049,0.9000098804465961,1.0,0.6132378365028403,0.6149666584341813,0.03644744180262951,0.017684637059935164,-0.008436580450942574,0.0992752735066134,0.038485927821851715,0.01970434171196175,
strategy,long_loc_bb_channel_pos_48_0_63256526_zscore_price_200_-0_64289832_xasset_asset_minus_basket_fund_z_0_1707595,strategy_rank_pct,local_band,0.95,1.0,2025,0.9500049402232981,1.0,0.6390123456790123,0.64,0.03954681570589629,0.026215893495093033,-0.008127708671941037,0.10508414381987466,0.04158840416776502,0.028244138176794806,
strategy,long_loc_bb_channel_pos_48_0_63256526_zscore_price_200_-0_64289832_xasset_asset_minus_basket_fund_z_0_1707595,strategy_rank_pct,cumulative_at_or_above,0.95,1.0,2025,0.9500049402232981,1.0,0.6390123456790123,0.64,0.03954681570589629,0.026215893495093033,-0.008127708671941037,0.10508414381987466,0.04158840416776502,0.028244138176794806,
strategy,short_asset_minus_mkt_oi_1d_peer_resid_0_34164831_oi_expansion_compression_balance_24h_0_42287597,strategy_rank_pct,cumulative_at_or_above,0.0,1.0,4135,0.8441294020058819,1.0,0.6776299879081016,0.6776299879081016,0.041563193117377766,0.027291157555249537,-0.007581275892355079,0.11488101827045367,0.0436068000651434,0.029320478390124874,
strategy,short_asset_minus_mkt_oi_1d_peer_resid_0_34164831_oi_expansion_compression_balance_24h_0_42287597,strategy_rank_pct,cumulative_at_or_above,0.05,1.0,4135,0.8441294020058819,1.0,0.6776299879081016,0.6776299879081016,0.041563193117377766,0.027291157555249537,-0.007581275892355079,0.11488101827045367,0.0436068000651434,0.029320478390124874,
strategy,short_asset_minus_mkt_oi_1d_peer_resid_0_34164831_oi_expansion_compression_balance_24h_0_42287597,strategy_rank_pct,cumulative_at_or_above,0.1,1.0,4135,0.8441294020058819,1.0,0.6776299879081016,0.6776299879081016,0.041563193117377766,0.027291157555249537,-0.007581275892355079,0.11488101827045367,0.0436068000651434,0.029320478390124874,
strategy,short_asset_minus_mkt_oi_1d_peer_resid_0_34164831_oi_expansion_compression_balance_24h_0_42287597,strategy_rank_pct,cumulative_at_or_above,0.15,1.0,4135,0.8441294020058819,1.0,0.6776299879081016,0.6776299879081016,0.041563193117377766,0.027291157555249537,-0.007581275892355079,0.11488101827045367,0.0436068000651434,0.029320478390124874,
strategy,short_asset_minus_mkt_oi_1d_peer_resid_0_34164831_oi_expansion_compression_balance_24h_0_42287597,strategy_rank_pct,cumulative_at_or_above,0.2,1.0,4135,0.8441294020058819,1.0,0.6776299879081016,0.6776299879081016,0.041563193117377766,0.027291157555249537,-0.007581275892355079,0.11488101827045367,0.0436068000651434,0.029320478390124874,
strategy,short_asset_minus_mkt_oi_1d_peer_resid_0_34164831_oi_expansion_compression_balance_24h_0_42287597,strategy_rank_pct,cumulative_at_or_above,0.25,1.0,4135,0.8441294020058819,1.0,0.6776299879081016,0.6776299879081016,0.041563193117377766,0.027291157555249537,-0.007581275892355079,0.11488101827045367,0.0436068000651434,0.029320478390124874,
strategy,short_asset_minus_mkt_oi_1d_peer_resid_0_34164831_oi_expansion_compression_balance_24h_0_42287597,strategy_rank_pct,cumulative_at_or_above,0.3,1.0,4135,0.8441294020058819,1.0,0.6776299879081016,0.6776299879081016,0.041563193117377766,0.027291157555249537,-0.007581275892355079,0.11488101827045367,0.0436068000651434,0.029320478390124874,
strategy,short_asset_minus_mkt_oi_1d_peer_resid_0_34164831_oi_expansion_compression_balance_24h_0_42287597,strategy_rank_pct,cumulative_at_or_above,0.35,1.0,4135,0.8441294020058819,1.0,0.6776299879081016,0.6776299879081016,0.041563193117377766,0.027291157555249537,-0.007581275892355079,0.11488101827045367,0.0436068000651434,0.029320478390124874,
strategy,short_asset_minus_mkt_oi_1d_peer_resid_0_34164831_oi_expansion_compression_balance_24h_0_42287597,strategy_rank_pct,cumulative_at_or_above,0.4,1.0,4135,0.8441294020058819,1.0,0.6776299879081016,0.6776299879081016,0.041563193117377766,0.027291157555249537,-0.007581275892355079,0.11488101827045367,0.0436068000651434,0.029320478390124874,
strategy,short_asset_minus_mkt_oi_1d_peer_resid_0_34164831_oi_expansion_compression_balance_24h_0_42287597,strategy_rank_pct,cumulative_at_or_above,0.45,1.0,4135,0.8441294020058819,1.0,0.6776299879081016,0.6776299879081016,0.041563193117377766,0.027291157555249537,-0.007581275892355079,0.11488101827045367,0.0436068000651434,0.029320478390124874,
strategy,short_asset_minus_mkt_oi_1d_peer_resid_0_34164831_oi_expansion_compression_balance_24h_0_42287597,strategy_rank_pct,cumulative_at_or_above,0.5,1.0,4135,0.8441294020058819,1.0,0.6776299879081016,0.6776299879081016,0.041563193117377766,0.027291157555249537,-0.007581275892355079,0.11488101827045367,0.0436068000651434,0.029320478390124874,
strategy,short_asset_minus_mkt_oi_1d_peer_resid_0_34164831_oi_expansion_compression_balance_24h_0_42287597,strategy_rank_pct,cumulative_at_or_above,0.55,1.0,4135,0.8441294020058819,1.0,0.6776299879081016,0.6776299879081016,0.041563193117377766,0.027291157555249537,-0.007581275892355079,0.11488101827045367,0.0436068000651434,0.029320478390124874,
strategy,short_asset_minus_mkt_oi_1d_peer_resid_0_34164831_oi_expansion_compression_balance_24h_0_42287597,strategy_rank_pct,cumulative_at_or_above,0.6,1.0,4135,0.8441294020058819,1.0,0.6776299879081016,0.6776299879081016,0.041563193117377766,0.027291157555249537,-0.007581275892355079,0.11488101827045367,0.0436068000651434,0.029320478390124874,
strategy,short_asset_minus_mkt_oi_1d_peer_resid_0_34164831_oi_expansion_compression_balance_24h_0_42287597,strategy_rank_pct,cumulative_at_or_above,0.65,1.0,4135,0.8441294020058819,1.0,0.6776299879081016,0.6776299879081016,0.041563193117377766,0.027291157555249537,-0.007581275892355079,0.11488101827045367,0.0436068000651434,0.029320478390124874,
strategy,short_asset_minus_mkt_oi_1d_peer_resid_0_34164831_oi_expansion_compression_balance_24h_0_42287597,strategy_rank_pct,cumulative_at_or_above,0.7,1.0,4135,0.8441294020058819,1.0,0.6776299879081016,0.6776299879081016,0.041563193117377766,0.027291157555249537,-0.007581275892355079,0.11488101827045367,0.0436068000651434,0.029320478390124874,
strategy,short_asset_minus_mkt_oi_1d_peer_resid_0_34164831_oi_expansion_compression_balance_24h_0_42287597,strategy_rank_pct,cumulative_at_or_above,0.75,1.0,4135,0.8441294020058819,1.0,0.6776299879081016,0.6776299879081016,0.041563193117377766,0.027291157555249537,-0.007581275892355079,0.11488101827045367,0.0436068000651434,0.029320478390124874,
strategy,short_asset_minus_mkt_oi_1d_peer_resid_0_34164831_oi_expansion_compression_balance_24h_0_42287597,strategy_rank_pct,local_band,0.8,0.8500000000000001,156,0.8441294020058819,0.8499736068169821,0.7115384615384616,0.7115384615384616,0.039555203598186026,0.026832093385241302,-0.007643441061870981,0.09249116136662779,0.041596800490821734,0.02886095488359158,
strategy,short_asset_minus_mkt_oi_1d_peer_resid_0_34164831_oi_expansion_compression_balance_24h_0_42287597,strategy_rank_pct,cumulative_at_or_above,0.8,1.0,4135,0.8441294020058819,1.0,0.6776299879081016,0.6776299879081016,0.041563193117377766,0.027291157555249537,-0.007581275892355079,0.11488101827045367,0.0436068000651434,0.029320478390124874,
strategy,short_asset_minus_mkt_oi_1d_peer_resid_0_34164831_oi_expansion_compression_balance_24h_0_42287597,strategy_rank_pct,local_band,0.85,0.9,1326,0.8500113113641505,0.8999698363622652,0.6892911010558069,0.6892911010558069,0.03909065622908818,0.02483811054794666,-0.007581275774254709,0.10889188912176068,0.04113178819857725,0.02686497546519978,
strategy,short_asset_minus_mkt_oi_1d_peer_resid_0_34164831_oi_expansion_compression_balance_24h_0_42287597,strategy_rank_pct,cumulative_at_or_above,0.85,1.0,3979,0.8500113113641505,1.0,0.6763005780346821,0.6763005780346821,0.04164191801433527,0.02729115809500282,-0.007581275772883828,0.11521916459816282,0.04368560376798185,0.029320478523478244,
strategy,short_asset_minus_mkt_oi_1d_peer_resid_0_34164831_oi_expansion_compression_balance_24h_0_42287597,strategy_rank_pct,local_band,0.9,0.9500000000000001,1326,0.9000075409094337,0.9499660659075484,0.6862745098039216,0.6862745098039216,0.04300469228812325,0.0273813701385729,-0.0074627811564583315,0.11628371606868845,0.045049742219311156,0.02941078048751723,
strategy,short_asset_minus_mkt_oi_1d_peer_resid_0_34164831_oi_expansion_compression_balance_24h_0_42287597,strategy_rank_pct,cumulative_at_or_above,0.9,1.0,2653,0.9000075409094337,1.0,0.6698077647945722,0.6698077647945722,0.04291706808114177,0.028587810510547998,-0.007568390484577399,0.11628371578354496,0.0449620302455659,0.03061842873464293,
strategy,short_asset_minus_mkt_oi_1d_peer_resid_0_34164831_oi_expansion_compression_balance_24h_0_42287597,strategy_rank_pct,local_band,0.95,1.0,1327,0.9500037704547168,1.0,0.653353428786737,0.653353428786737,0.042829509905966595,0.030099540323842582,-0.007823743299546973,0.11544209867063691,0.0448743843697662,0.032131672222597066,
strategy,short_asset_minus_mkt_oi_1d_peer_resid_0_34164831_oi_expansion_compression_balance_24h_0_42287597,strategy_rank_pct,cumulative_at_or_above,0.95,1.0,1327,0.9500037704547168,1.0,0.653353428786737,0.653353428786737,0.042829509905966595,0.030099540323842582,-0.007823743299546973,0.11544209867063691,0.0448743843697662,0.032131672222597066,
strategy,short_bollinger_band_width_-0_0062114433_oi_value_z_90d_0_082444385_price_rv_15d_robust_z_0_060036644,strategy_rank_pct,cumulative_at_or_above,0.0,1.0,747,0.9695845394870959,1.0,0.7255689424364123,0.7456492637215528,0.02466729203849135,0.018349161173722327,-0.02078931771280321,0.06807093930723872,0.026693986122182035,0.020369530227912623,
strategy,short_bollinger_band_width_-0_0062114433_oi_value_z_90d_0_082444385_price_rv_15d_robust_z_0_060036644,strategy_rank_pct,cumulative_at_or_above,0.05,1.0,747,0.9695845394870959,1.0,0.7255689424364123,0.7456492637215528,0.02466729203849135,0.018349161173722327,-0.02078931771280321,0.06807093930723872,0.026693986122182035,0.020369530227912623,
strategy,short_bollinger_band_width_-0_0062114433_oi_value_z_90d_0_082444385_price_rv_15d_robust_z_0_060036644,strategy_rank_pct,cumulative_at_or_above,0.1,1.0,747,0.9695845394870959,1.0,0.7255689424364123,0.7456492637215528,0.02466729203849135,0.018349161173722327,-0.02078931771280321,0.06807093930723872,0.026693986122182035,0.020369530227912623,
strategy,short_bollinger_band_width_-0_0062114433_oi_value_z_90d_0_082444385_price_rv_15d_robust_z_0_060036644,strategy_rank_pct,cumulative_at_or_above,0.15,1.0,747,0.9695845394870959,1.0,0.7255689424364123,0.7456492637215528,0.02466729203849135,0.018349161173722327,-0.02078931771280321,0.06807093930723872,0.026693986122182035,0.020369530227912623,
strategy,short_bollinger_band_width_-0_0062114433_oi_value_z_90d_0_082444385_price_rv_15d_robust_z_0_060036644,strategy_rank_pct,cumulative_at_or_above,0.2,1.0,747,0.9695845394870959,1.0,0.7255689424364123,0.7456492637215528,0.02466729203849135,0.018349161173722327,-0.02078931771280321,0.06807093930723872,0.026693986122182035,0.020369530227912623,
strategy,short_bollinger_band_width_-0_0062114433_oi_value_z_90d_0_082444385_price_rv_15d_robust_z_0_060036644,strategy_rank_pct,cumulative_at_or_above,0.25,1.0,747,0.9695845394870959,1.0,0.7255689424364123,0.7456492637215528,0.02466729203849135,0.018349161173722327,-0.02078931771280321,0.06807093930723872,0.026693986122182035,0.020369530227912623,
strategy,short_bollinger_band_width_-0_0062114433_oi_value_z_90d_0_082444385_price_rv_15d_robust_z_0_060036644,strategy_rank_pct,cumulative_at_or_above,0.3,1.0,747,0.9695845394870959,1.0,0.7255689424364123,0.7456492637215528,0.02466729203849135,0.018349161173722327,-0.02078931771280321,0.06807093930723872,0.026693986122182035,0.020369530227912623,
strategy,short_bollinger_band_width_-0_0062114433_oi_value_z_90d_0_082444385_price_rv_15d_robust_z_0_060036644,strategy_rank_pct,cumulative_at_or_above,0.35,1.0,747,0.9695845394870959,1.0,0.7255689424364123,0.7456492637215528,0.02466729203849135,0.018349161173722327,-0.02078931771280321,0.06807093930723872,0.026693986122182035,0.020369530227912623,
strategy,short_bollinger_band_width_-0_0062114433_oi_value_z_90d_0_082444385_price_rv_15d_robust_z_0_060036644,strategy_rank_pct,cumulative_at_or_above,0.4,1.0,747,0.9695845394870959,1.0,0.7255689424364123,0.7456492637215528,0.02466729203849135,0.018349161173722327,-0.02078931771280321,0.06807093930723872,0.026693986122182035,0.020369530227912623,
strategy,short_bollinger_band_width_-0_0062114433_oi_value_z_90d_0_082444385_price_rv_15d_robust_z_0_060036644,strategy_rank_pct,cumulative_at_or_above,0.45,1.0,747,0.9695845394870959,1.0,0.7255689424364123,0.7456492637215528,0.02466729203849135,0.018349161173722327,-0.02078931771280321,0.06807093930723872,0.026693986122182035,0.020369530227912623,
strategy,short_bollinger_band_width_-0_0062114433_oi_value_z_90d_0_082444385_price_rv_15d_robust_z_0_060036644,strategy_rank_pct,cumulative_at_or_above,0.5,1.0,747,0.9695845394870959,1.0,0.7255689424364123,0.7456492637215528,0.02466729203849135,0.018349161173722327,-0.02078931771280321,0.06807093930723872,0.026693986122182035,0.020369530227912623,
strategy,short_bollinger_band_width_-0_0062114433_oi_value_z_90d_0_082444385_price_rv_15d_robust_z_0_060036644,strategy_rank_pct,cumulative_at_or_above,0.55,1.0,747,0.9695845394870959,1.0,0.7255689424364123,0.7456492637215528,0.02466729203849135,0.018349161173722327,-0.02078931771280321,0.06807093930723872,0.026693986122182035,0.020369530227912623,
strategy,short_bollinger_band_width_-0_0062114433_oi_value_z_90d_0_082444385_price_rv_15d_robust_z_0_060036644,strategy_rank_pct,cumulative_at_or_above,0.6,1.0,747,0.9695845394870959,1.0,0.7255689424364123,0.7456492637215528,0.02466729203849135,0.018349161173722327,-0.02078931771280321,0.06807093930723872,0.026693986122182035,0.020369530227912623,
strategy,short_bollinger_band_width_-0_0062114433_oi_value_z_90d_0_082444385_price_rv_15d_robust_z_0_060036644,strategy_rank_pct,cumulative_at_or_above,0.65,1.0,747,0.9695845394870959,1.0,0.7255689424364123,0.7456492637215528,0.02466729203849135,0.018349161173722327,-0.02078931771280321,0.06807093930723872,0.026693986122182035,0.020369530227912623,
strategy,short_bollinger_band_width_-0_0062114433_oi_value_z_90d_0_082444385_price_rv_15d_robust_z_0_060036644,strategy_rank_pct,cumulative_at_or_above,0.7,1.0,747,0.9695845394870959,1.0,0.7255689424364123,0.7456492637215528,0.02466729203849135,0.018349161173722327,-0.02078931771280321,0.06807093930723872,0.026693986122182035,0.020369530227912623,
strategy,short_bollinger_band_width_-0_0062114433_oi_value_z_90d_0_082444385_price_rv_15d_robust_z_0_060036644,strategy_rank_pct,cumulative_at_or_above,0.75,1.0,747,0.9695845394870959,1.0,0.7255689424364123,0.7456492637215528,0.02466729203849135,0.018349161173722327,-0.02078931771280321,0.06807093930723872,0.026693986122182035,0.020369530227912623,
strategy,short_bollinger_band_width_-0_0062114433_oi_value_z_90d_0_082444385_price_rv_15d_robust_z_0_060036644,strategy_rank_pct,cumulative_at_or_above,0.8,1.0,747,0.9695845394870959,1.0,0.7255689424364123,0.7456492637215528,0.02466729203849135,0.018349161173722327,-0.02078931771280321,0.06807093930723872,0.026693986122182035,0.020369530227912623,
strategy,short_bollinger_band_width_-0_0062114433_oi_value_z_90d_0_082444385_price_rv_15d_robust_z_0_060036644,strategy_rank_pct,cumulative_at_or_above,0.85,1.0,747,0.9695845394870959,1.0,0.7255689424364123,0.7456492637215528,0.02466729203849135,0.018349161173722327,-0.02078931771280321,0.06807093930723872,0.026693986122182035,0.020369530227912623,
strategy,short_bollinger_band_width_-0_0062114433_oi_value_z_90d_0_082444385_price_rv_15d_robust_z_0_060036644,strategy_rank_pct,cumulative_at_or_above,0.9,1.0,747,0.9695845394870959,1.0,0.7255689424364123,0.7456492637215528,0.02466729203849135,0.018349161173722327,-0.02078931771280321,0.06807093930723872,0.026693986122182035,0.020369530227912623,
strategy,short_bollinger_band_width_-0_0062114433_oi_value_z_90d_0_082444385_price_rv_15d_robust_z_0_060036644,strategy_rank_pct,local_band,0.95,1.0,747,0.9695845394870959,1.0,0.7255689424364123,0.7456492637215528,0.02466729203849135,0.018349161173722327,-0.02078931771280321,0.06807093930723872,0.026693986122182035,0.020369530227912623,
strategy,short_bollinger_band_width_-0_0062114433_oi_value_z_90d_0_082444385_price_rv_15d_robust_z_0_060036644,strategy_rank_pct,cumulative_at_or_above,0.95,1.0,747,0.9695845394870959,1.0,0.7255689424364123,0.7456492637215528,0.02466729203849135,0.018349161173722327,-0.02078931771280321,0.06807093930723872,0.026693986122182035,0.020369530227912623,
