{"asctime": "2025-08-19 18:10:19,260", "levelname": "INFO", "name": "AresGlobal", "message": "================================================================================", "correlation_id": "-", "session_id": "-", "timestamp": "2025-08-19T16:10:19.260508+00:00"}
{"asctime": "2025-08-19 18:10:19,260", "levelname": "INFO", "name": "AresGlobal", "message": "📊 SESSION SUMMARY", "correlation_id": "-", "session_id": "-", "timestamp": "2025-08-19T16:10:19.260636+00:00"}
{"asctime": "2025-08-19 18:10:19,260", "levelname": "INFO", "name": "AresGlobal", "message": "Session started: 2025-08-19 18:10:19", "correlation_id": "-", "session_id": "-", "timestamp": "2025-08-19T16:10:19.260735+00:00"}
{"asctime": "2025-08-19 18:10:19,260", "levelname": "INFO", "name": "AresGlobal", "message": "This file contains ALL logs for this session", "correlation_id": "-", "session_id": "-", "timestamp": "2025-08-19T16:10:19.260817+00:00"}
{"asctime": "2025-08-19 18:10:19,260", "levelname": "INFO", "name": "AresGlobal", "message": "================================================================================", "correlation_id": "-", "session_id": "-", "timestamp": "2025-08-19T16:10:19.260897+00:00"}
{"asctime": "2025-08-19 18:10:19,261", "levelname": "INFO", "name": "AresGlobal", "message": "[SYSTEM] ================================================================================", "correlation_id": "-", "session_id": "-", "timestamp": "2025-08-19T16:10:19.261122+00:00"}
{"asctime": "2025-08-19 18:10:19,261", "levelname": "INFO", "name": "AresGlobal", "message": "[SYSTEM] 🚀 ARES LAUNCHER STARTED - Mode: INITIALIZATION", "correlation_id": "-", "session_id": "-", "timestamp": "2025-08-19T16:10:19.261301+00:00"}
{"asctime": "2025-08-19 18:10:19,261", "levelname": "INFO", "name": "AresGlobal", "message": "[SYSTEM] Start time: 2025-08-19 18:10:19", "correlation_id": "-", "session_id": "-", "timestamp": "2025-08-19T16:10:19.261466+00:00"}
{"asctime": "2025-08-19 18:10:19,261", "levelname": "INFO", "name": "AresGlobal", "message": "[SYSTEM] Log directory: log", "correlation_id": "-", "session_id": "-", "timestamp": "2025-08-19T16:10:19.261623+00:00"}
{"asctime": "2025-08-19 18:10:19,261", "levelname": "INFO", "name": "AresGlobal", "message": "[SYSTEM] ================================================================================", "correlation_id": "-", "session_id": "-", "timestamp": "2025-08-19T16:10:19.261775+00:00"}
{"asctime": "2025-08-19 18:10:19,261", "levelname": "INFO", "name": "AresGlobal.AresLauncher", "message": "================================================================================", "correlation_id": "-", "session_id": "-", "timestamp": "2025-08-19T16:10:19.261853+00:00"}
{"asctime": "2025-08-19 18:10:19,261", "levelname": "INFO", "name": "AresGlobal.AresLauncher", "message": "🚀 ARES COMPREHENSIVE LAUNCHER", "correlation_id": "-", "session_id": "-", "timestamp": "2025-08-19T16:10:19.261932+00:00"}
{"asctime": "2025-08-19 18:10:19,262", "levelname": "INFO", "name": "AresGlobal.AresLauncher", "message": "================================================================================", "correlation_id": "-", "session_id": "-", "timestamp": "2025-08-19T16:10:19.262015+00:00"}
{"asctime": "2025-08-19 18:10:19,262", "levelname": "INFO", "name": "AresGlobal.AresLauncher", "message": "Start time: 2025-08-19 18:10:19", "correlation_id": "-", "session_id": "-", "timestamp": "2025-08-19T16:10:19.262094+00:00"}
{"asctime": "2025-08-19 18:10:19,262", "levelname": "INFO", "name": "AresGlobal.AresLauncher", "message": "Log directory: log", "correlation_id": "-", "session_id": "-", "timestamp": "2025-08-19T16:10:19.262167+00:00"}
{"asctime": "2025-08-19 18:10:19,262", "levelname": "INFO", "name": "AresGlobal.AresLauncher", "message": "Log level: INFO", "correlation_id": "-", "session_id": "-", "timestamp": "2025-08-19T16:10:19.262244+00:00"}
{"asctime": "2025-08-19 18:10:19,262", "levelname": "INFO", "name": "AresGlobal.AresLauncher", "message": "Global log file: ares_global_20250819_181019.log", "correlation_id": "-", "session_id": "-", "timestamp": "2025-08-19T16:10:19.262323+00:00"}
{"asctime": "2025-08-19 18:10:19,262", "levelname": "INFO", "name": "AresGlobal.AresLauncher", "message": "Full run log: log/ares_full_20250819_181019.log", "correlation_id": "-", "session_id": "-", "timestamp": "2025-08-19T16:10:19.262404+00:00"}
{"asctime": "2025-08-19 18:10:19,262", "levelname": "INFO", "name": "AresGlobal.AresLauncher", "message": "Trades log: log/ares_trades_20250819_181019.log", "correlation_id": "-", "session_id": "-", "timestamp": "2025-08-19T16:10:19.262477+00:00"}
{"asctime": "2025-08-19 18:10:19,262", "levelname": "INFO", "name": "AresGlobal.AresLauncher", "message": "Backtest log: log/ares_backtest_20250819_181019.log", "correlation_id": "-", "session_id": "-", "timestamp": "2025-08-19T16:10:19.262550+00:00"}
{"asctime": "2025-08-19 18:10:19,262", "levelname": "INFO", "name": "AresGlobal.AresLauncher", "message": "================================================================================", "correlation_id": "-", "session_id": "-", "timestamp": "2025-08-19T16:10:19.262622+00:00"}
{"asctime": "2025-08-19 18:10:19,262", "levelname": "INFO", "name": "AresGlobal", "message": "[SYSTEM] ================================================================================", "correlation_id": "-", "session_id": "-", "timestamp": "2025-08-19T16:10:19.262855+00:00"}
{"asctime": "2025-08-19 18:10:19,263", "levelname": "INFO", "name": "AresGlobal", "message": "[SYSTEM] 🚀 ARES LAUNCHER STARTED - Mode: blank - Symbol: ETHUSDT - Exchange: BINANCE", "correlation_id": "-", "session_id": "-", "timestamp": "2025-08-19T16:10:19.263134+00:00"}
{"asctime": "2025-08-19 18:10:19,263", "levelname": "INFO", "name": "AresGlobal", "message": "[SYSTEM] Start time: 2025-08-19 18:10:19", "correlation_id": "-", "session_id": "-", "timestamp": "2025-08-19T16:10:19.263319+00:00"}
{"asctime": "2025-08-19 18:10:19,263", "levelname": "INFO", "name": "AresGlobal", "message": "[SYSTEM] Log directory: log", "correlation_id": "-", "session_id": "-", "timestamp": "2025-08-19T16:10:19.263974+00:00"}
{"asctime": "2025-08-19 18:10:19,264", "levelname": "INFO", "name": "AresGlobal", "message": "[SYSTEM] ================================================================================", "correlation_id": "-", "session_id": "-", "timestamp": "2025-08-19T16:10:19.264635+00:00"}
{"asctime": "2025-08-19 18:10:19,265", "levelname": "INFO", "name": "AresGlobal.AresLauncher", "message": "🚀 Running enhanced 16-step training pipeline for ETHUSDT on BINANCE", "correlation_id": "-", "session_id": "-", "timestamp": "2025-08-19T16:10:19.265064+00:00"}
{"asctime": "2025-08-19 18:10:19,265", "levelname": "INFO", "name": "AresGlobal.AresLauncher", "message": "Starting from step: step2_feature_engineering", "correlation_id": "-", "session_id": "-", "timestamp": "2025-08-19T16:10:19.265193+00:00"}
{"asctime": "2025-08-19 18:10:19,266", "levelname": "INFO", "name": "AresGlobal.AresLauncher", "message": "🧪 BLANK TRAINING MODE: Set BLANK_TRAINING_MODE=1 for step-based training", "correlation_id": "-", "session_id": "-", "timestamp": "2025-08-19T16:10:19.266426+00:00"}
{"asctime": "2025-08-19 18:10:19,266", "levelname": "INFO", "name": "AresGlobal.ProgressManager", "message": "Initialized ProgressManager for ETHUSDT on BINANCE", "correlation_id": "-", "session_id": "-", "timestamp": "2025-08-19T16:10:19.266602+00:00"}
{"asctime": "2025-08-19 18:10:19,266", "levelname": "INFO", "name": "AresGlobal.ProgressManager", "message": "Progress directory: data/training/progress/BINANCE_ETHUSDT", "correlation_id": "-", "session_id": "-", "timestamp": "2025-08-19T16:10:19.266688+00:00"}
{"asctime": "2025-08-19 18:10:19,266", "levelname": "INFO", "name": "AresGlobal.StepOrchestrator", "message": "Initialized StepOrchestrator for ETHUSDT on BINANCE", "correlation_id": "-", "session_id": "-", "timestamp": "2025-08-19T16:10:19.266769+00:00"}
{"asctime": "2025-08-19 18:10:19,266", "levelname": "INFO", "name": "AresGlobal.ProgressManager", "message": "🗑️  Cleared progress for step2_feature_engineering", "correlation_id": "-", "session_id": "-", "timestamp": "2025-08-19T16:10:19.266881+00:00"}
{"asctime": "2025-08-19 18:10:19,266", "levelname": "INFO", "name": "AresGlobal.AresLauncher", "message": "🧹 Cleared progress for 'step2_feature_engineering' (force)", "correlation_id": "-", "session_id": "-", "timestamp": "2025-08-19T16:10:19.266975+00:00"}
{"asctime": "2025-08-19 18:10:19,267", "levelname": "INFO", "name": "AresGlobal.ProgressManager", "message": "🗑️  Cleared progress for step2_5_enhanced_matrix_operations", "correlation_id": "-", "session_id": "-", "timestamp": "2025-08-19T16:10:19.267121+00:00"}
{"asctime": "2025-08-19 18:10:19,267", "levelname": "INFO", "name": "AresGlobal.AresLauncher", "message": "🧹 Cleared progress for 'step2_5_enhanced_matrix_operations' (force)", "correlation_id": "-", "session_id": "-", "timestamp": "2025-08-19T16:10:19.267238+00:00"}
{"asctime": "2025-08-19 18:10:19,267", "levelname": "INFO", "name": "AresGlobal.ProgressManager", "message": "🗑️  Cleared progress for step3_hmm_regime_discovery", "correlation_id": "-", "session_id": "-", "timestamp": "2025-08-19T16:10:19.267359+00:00"}
{"asctime": "2025-08-19 18:10:19,267", "levelname": "INFO", "name": "AresGlobal.AresLauncher", "message": "🧹 Cleared progress for 'step3_hmm_regime_discovery' (force)", "correlation_id": "-", "session_id": "-", "timestamp": "2025-08-19T16:10:19.267446+00:00"}
{"asctime": "2025-08-19 18:10:19,267", "levelname": "INFO", "name": "AresGlobal.ProgressManager", "message": "🗑️  Cleared progress for step4_processing_labeling", "correlation_id": "-", "session_id": "-", "timestamp": "2025-08-19T16:10:19.267544+00:00"}
{"asctime": "2025-08-19 18:10:19,267", "levelname": "INFO", "name": "AresGlobal.AresLauncher", "message": "🧹 Cleared progress for 'step4_processing_labeling' (force)", "correlation_id": "-", "session_id": "-", "timestamp": "2025-08-19T16:10:19.267630+00:00"}
{"asctime": "2025-08-19 18:10:19,267", "levelname": "INFO", "name": "AresGlobal.ProgressManager", "message": "🗑️  Cleared progress for step5_regime_data_splitting", "correlation_id": "-", "session_id": "-", "timestamp": "2025-08-19T16:10:19.267726+00:00"}
{"asctime": "2025-08-19 18:10:19,267", "levelname": "INFO", "name": "AresGlobal.AresLauncher", "message": "🧹 Cleared progress for 'step5_regime_data_splitting' (force)", "correlation_id": "-", "session_id": "-", "timestamp": "2025-08-19T16:10:19.267803+00:00"}
{"asctime": "2025-08-19 18:10:19,267", "levelname": "INFO", "name": "AresGlobal.ProgressManager", "message": "🗑️  Cleared progress for step6_hmm_based_training", "correlation_id": "-", "session_id": "-", "timestamp": "2025-08-19T16:10:19.267896+00:00"}
{"asctime": "2025-08-19 18:10:19,267", "levelname": "INFO", "name": "AresGlobal.AresLauncher", "message": "🧹 Cleared progress for 'step6_hmm_based_training' (force)", "correlation_id": "-", "session_id": "-", "timestamp": "2025-08-19T16:10:19.267975+00:00"}
{"asctime": "2025-08-19 18:10:19,268", "levelname": "INFO", "name": "AresGlobal.ProgressManager", "message": "🗑️  Cleared progress for step6_5_unified_regime_intelligence", "correlation_id": "-", "session_id": "-", "timestamp": "2025-08-19T16:10:19.268071+00:00"}
{"asctime": "2025-08-19 18:10:19,268", "levelname": "INFO", "name": "AresGlobal.AresLauncher", "message": "🧹 Cleared progress for 'step6_5_unified_regime_intelligence' (force)", "correlation_id": "-", "session_id": "-", "timestamp": "2025-08-19T16:10:19.268150+00:00"}
{"asctime": "2025-08-19 18:10:19,268", "levelname": "INFO", "name": "AresGlobal.ProgressManager", "message": "🗑️  Cleared progress for step7_analyst_enhancement", "correlation_id": "-", "session_id": "-", "timestamp": "2025-08-19T16:10:19.268244+00:00"}
{"asctime": "2025-08-19 18:10:19,268", "levelname": "INFO", "name": "AresGlobal.AresLauncher", "message": "🧹 Cleared progress for 'step7_analyst_enhancement' (force)", "correlation_id": "-", "session_id": "-", "timestamp": "2025-08-19T16:10:19.268321+00:00"}
{"asctime": "2025-08-19 18:10:19,268", "levelname": "INFO", "name": "AresGlobal.ProgressManager", "message": "🗑️  Cleared progress for step8_tactician_labeling", "correlation_id": "-", "session_id": "-", "timestamp": "2025-08-19T16:10:19.268603+00:00"}
{"asctime": "2025-08-19 18:10:19,268", "levelname": "INFO", "name": "AresGlobal.AresLauncher", "message": "🧹 Cleared progress for 'step8_tactician_labeling' (force)", "correlation_id": "-", "session_id": "-", "timestamp": "2025-08-19T16:10:19.268740+00:00"}
{"asctime": "2025-08-19 18:10:19,268", "levelname": "INFO", "name": "AresGlobal.ProgressManager", "message": "🗑️  Cleared progress for step9_tactician_specialist_training", "correlation_id": "-", "session_id": "-", "timestamp": "2025-08-19T16:10:19.268930+00:00"}
{"asctime": "2025-08-19 18:10:19,269", "levelname": "INFO", "name": "AresGlobal.AresLauncher", "message": "🧹 Cleared progress for 'step9_tactician_specialist_training' (force)", "correlation_id": "-", "session_id": "-", "timestamp": "2025-08-19T16:10:19.269031+00:00"}
{"asctime": "2025-08-19 18:10:19,269", "levelname": "INFO", "name": "AresGlobal.ProgressManager", "message": "🗑️  Cleared progress for step10_confidence_calibration", "correlation_id": "-", "session_id": "-", "timestamp": "2025-08-19T16:10:19.269165+00:00"}
{"asctime": "2025-08-19 18:10:19,269", "levelname": "INFO", "name": "AresGlobal.AresLauncher", "message": "🧹 Cleared progress for 'step10_confidence_calibration' (force)", "correlation_id": "-", "session_id": "-", "timestamp": "2025-08-19T16:10:19.269255+00:00"}
{"asctime": "2025-08-19 18:10:19,269", "levelname": "INFO", "name": "AresGlobal.ProgressManager", "message": "🗑️  Cleared progress for step11_final_parameters_optimization", "correlation_id": "-", "session_id": "-", "timestamp": "2025-08-19T16:10:19.269377+00:00"}
{"asctime": "2025-08-19 18:10:19,269", "levelname": "INFO", "name": "AresGlobal.AresLauncher", "message": "🧹 Cleared progress for 'step11_final_parameters_optimization' (force)", "correlation_id": "-", "session_id": "-", "timestamp": "2025-08-19T16:10:19.269460+00:00"}
{"asctime": "2025-08-19 18:10:19,269", "levelname": "INFO", "name": "AresGlobal.ProgressManager", "message": "🗑️  Cleared progress for step12_walk_forward_validation", "correlation_id": "-", "session_id": "-", "timestamp": "2025-08-19T16:10:19.269559+00:00"}
{"asctime": "2025-08-19 18:10:19,269", "levelname": "INFO", "name": "AresGlobal.AresLauncher", "message": "🧹 Cleared progress for 'step12_walk_forward_validation' (force)", "correlation_id": "-", "session_id": "-", "timestamp": "2025-08-19T16:10:19.269640+00:00"}
{"asctime": "2025-08-19 18:10:19,269", "levelname": "INFO", "name": "AresGlobal.ProgressManager", "message": "🗑️  Cleared progress for step13_monte_carlo_validation", "correlation_id": "-", "session_id": "-", "timestamp": "2025-08-19T16:10:19.269739+00:00"}
{"asctime": "2025-08-19 18:10:19,269", "levelname": "INFO", "name": "AresGlobal.AresLauncher", "message": "🧹 Cleared progress for 'step13_monte_carlo_validation' (force)", "correlation_id": "-", "session_id": "-", "timestamp": "2025-08-19T16:10:19.269818+00:00"}
{"asctime": "2025-08-19 18:10:19,269", "levelname": "INFO", "name": "AresGlobal.ProgressManager", "message": "🗑️  Cleared progress for step14_ab_testing", "correlation_id": "-", "session_id": "-", "timestamp": "2025-08-19T16:10:19.269915+00:00"}
{"asctime": "2025-08-19 18:10:19,270", "levelname": "INFO", "name": "AresGlobal.AresLauncher", "message": "🧹 Cleared progress for 'step14_ab_testing' (force)", "correlation_id": "-", "session_id": "-", "timestamp": "2025-08-19T16:10:19.270000+00:00"}
{"asctime": "2025-08-19 18:10:19,270", "levelname": "INFO", "name": "AresGlobal.ProgressManager", "message": "🗑️  Cleared progress for step15_saving", "correlation_id": "-", "session_id": "-", "timestamp": "2025-08-19T16:10:19.270097+00:00"}
{"asctime": "2025-08-19 18:10:19,270", "levelname": "INFO", "name": "AresGlobal.AresLauncher", "message": "🧹 Cleared progress for 'step15_saving' (force)", "correlation_id": "-", "session_id": "-", "timestamp": "2025-08-19T16:10:19.270180+00:00"}
{"asctime": "2025-08-19 18:10:19,270", "levelname": "INFO", "name": "AresGlobal.AresLauncher", "message": "✅ Cleared progress for 16 steps: ['step2_feature_engineering', 'step2_5_enhanced_matrix_operations', 'step3_hmm_regime_discovery', 'step4_processing_labeling', 'step5_regime_data_splitting', 'step6_hmm_based_training', 'step6_5_unified_regime_intelligence', 'step7_analyst_enhancement', 'step8_tactician_labeling', 'step9_tactician_specialist_training', 'step10_confidence_calibration', 'step11_final_parameters_optimization', 'step12_walk_forward_validation', 'step13_monte_carlo_validation', 'step14_ab_testing', 'step15_saving']", "correlation_id": "-", "session_id": "-", "timestamp": "2025-08-19T16:10:19.270278+00:00"}
{"asctime": "2025-08-19 18:10:19,270", "levelname": "INFO", "name": "AresGlobal.StepOrchestrator", "message": "🚀 Starting execution from step: step2_feature_engineering", "correlation_id": "-", "session_id": "-", "timestamp": "2025-08-19T16:10:19.270787+00:00"}
{"asctime": "2025-08-19 18:10:24,715", "levelname": "INFO", "name": "AresGlobal.M1GPUAcceleration", "message": "✅ MPS (Metal Performance Shaders) available and enabled", "correlation_id": "-", "session_id": "-", "timestamp": "2025-08-19T16:10:24.715390+00:00"}
{"asctime": "2025-08-19 18:10:24,718", "levelname": "INFO", "name": "AresGlobal.ComputationalOptimizationManager", "message": "Computational Optimization Manager initialized", "correlation_id": "-", "session_id": "-", "timestamp": "2025-08-19T16:10:24.718373+00:00"}
{"asctime": "2025-08-19 18:10:24,720", "levelname": "INFO", "name": "AresGlobal.StepOrchestrator", "message": "✅ Enhanced training manager setup successfully", "correlation_id": "-", "session_id": "-", "timestamp": "2025-08-19T16:10:24.720994+00:00"}
{"asctime": "2025-08-19 18:10:24,739", "levelname": "INFO", "name": "AresGlobal.Step2.FeatureEngineering", "message": "🔍 Checking for required multi-timeframe data...", "correlation_id": "-", "session_id": "-", "timestamp": "2025-08-19T16:10:24.739106+00:00"}
{"asctime": "2025-08-19 18:10:24,739", "levelname": "INFO", "name": "AresGlobal.Step2.FeatureEngineering", "message": "✅ Found 5m data: data_cache/klines_BINANCE_ETHUSDT_5m_consolidated.parquet", "correlation_id": "-", "session_id": "-", "timestamp": "2025-08-19T16:10:24.739219+00:00"}
{"asctime": "2025-08-19 18:10:24,739", "levelname": "INFO", "name": "AresGlobal.Step2.FeatureEngineering", "message": "✅ Found 15m data: data_cache/klines_BINANCE_ETHUSDT_15m_consolidated.parquet", "correlation_id": "-", "session_id": "-", "timestamp": "2025-08-19T16:10:24.739313+00:00"}
{"asctime": "2025-08-19 18:10:24,739", "levelname": "INFO", "name": "AresGlobal.Step2.FeatureEngineering", "message": "✅ Found 30m data: data_cache/klines_BINANCE_ETHUSDT_30m_consolidated.parquet", "correlation_id": "-", "session_id": "-", "timestamp": "2025-08-19T16:10:24.739402+00:00"}
{"asctime": "2025-08-19 18:10:24,739", "levelname": "INFO", "name": "AresGlobal.Step2.FeatureEngineering", "message": "✅ All required timeframes are available", "correlation_id": "-", "session_id": "-", "timestamp": "2025-08-19T16:10:24.739482+00:00"}
{"asctime": "2025-08-19 18:10:24,739", "levelname": "INFO", "name": "AresGlobal.Step2.FeatureEngineering", "message": "🔧 No existing artifacts found - generating features", "correlation_id": "-", "session_id": "-", "timestamp": "2025-08-19T16:10:24.739611+00:00"}
{"asctime": "2025-08-19 18:10:24,746", "levelname": "INFO", "name": "AresGlobal.Step2.FeatureEngineering", "message": "📦 Loaded labeled train: 169864 rows", "correlation_id": "-", "session_id": "-", "timestamp": "2025-08-19T16:10:24.746810+00:00"}
{"asctime": "2025-08-19 18:10:24,749", "levelname": "INFO", "name": "AresGlobal.Step2.FeatureEngineering", "message": "📦 Loaded labeled validation: 36400 rows", "correlation_id": "-", "session_id": "-", "timestamp": "2025-08-19T16:10:24.749496+00:00"}
{"asctime": "2025-08-19 18:10:24,751", "levelname": "INFO", "name": "AresGlobal.Step2.FeatureEngineering", "message": "📦 Loaded labeled test: 36400 rows", "correlation_id": "-", "session_id": "-", "timestamp": "2025-08-19T16:10:24.751845+00:00"}
{"asctime": "2025-08-19 18:10:24,785", "levelname": "INFO", "name": "AresGlobal.Step2.FeatureEngineering", "message": "🎯 Starting parallel feature engineering", "correlation_id": "f2084f8710c5462bbecdef1e5f11da25", "session_id": "-", "timestamp": "2025-08-19T16:10:24.785091+00:00"}
{"asctime": "2025-08-19 18:10:24,791", "levelname": "INFO", "name": "AresGlobal.Step2.FeatureEngineering", "message": "🔧 Engineering features for train", "correlation_id": "f2084f8710c5462bbecdef1e5f11da25", "session_id": "-", "timestamp": "2025-08-19T16:10:24.791453+00:00"}
{"asctime": "2025-08-19 18:10:24,795", "levelname": "INFO", "name": "AresGlobal.RawDataQualityChecker", "message": "🔧 Enhanced preprocessing for BINANCE ETHUSDT", "correlation_id": "f2084f8710c5462bbecdef1e5f11da25", "session_id": "-", "timestamp": "2025-08-19T16:10:24.795119+00:00"}
{"asctime": "2025-08-19 18:10:24,795", "levelname": "INFO", "name": "AresGlobal.RawDataQualityChecker", "message": "   Expected interval: 60s", "correlation_id": "f2084f8710c5462bbecdef1e5f11da25", "session_id": "-", "timestamp": "2025-08-19T16:10:24.795216+00:00"}
{"asctime": "2025-08-19 18:10:24,795", "levelname": "INFO", "name": "AresGlobal.RawDataQualityChecker", "message": "   Max forward-fill: 10s", "correlation_id": "f2084f8710c5462bbecdef1e5f11da25", "session_id": "-", "timestamp": "2025-08-19T16:10:24.795297+00:00"}
{"asctime": "2025-08-19 18:10:24,795", "levelname": "INFO", "name": "AresGlobal.RawDataQualityChecker", "message": "   Download missing: True", "correlation_id": "f2084f8710c5462bbecdef1e5f11da25", "session_id": "-", "timestamp": "2025-08-19T16:10:24.795377+00:00"}
{"asctime": "2025-08-19 18:10:24,795", "levelname": "INFO", "name": "AresGlobal.RawDataQualityChecker", "message": "🔧 Step 1: Resampling to 60S intervals", "correlation_id": "f2084f8710c5462bbecdef1e5f11da25", "session_id": "-", "timestamp": "2025-08-19T16:10:24.795516+00:00"}
{"asctime": "2025-08-19 18:10:24,803", "levelname": "INFO", "name": "AresGlobal.RawDataQualityChecker", "message": "🔧 Step 2: Re-adding original data to preserve accuracy", "correlation_id": "f2084f8710c5462bbecdef1e5f11da25", "session_id": "-", "timestamp": "2025-08-19T16:10:24.803322+00:00"}
{"asctime": "2025-08-19 18:10:34,501", "levelname": "INFO", "name": "AresGlobal.RawDataQualityChecker", "message": "🔧 Step 3: Analyzing gaps and applying intelligent handling", "correlation_id": "f2084f8710c5462bbecdef1e5f11da25", "session_id": "-", "timestamp": "2025-08-19T16:10:34.501177+00:00"}
{"asctime": "2025-08-19 18:10:34,505", "levelname": "INFO", "name": "AresGlobal.RawDataQualityChecker", "message": "🔧 Step 5: Final forward-fill for 12865 remaining nulls", "correlation_id": "f2084f8710c5462bbecdef1e5f11da25", "session_id": "-", "timestamp": "2025-08-19T16:10:34.505007+00:00"}
{"asctime": "2025-08-19 18:10:34,510", "levelname": "INFO", "name": "AresGlobal.RawDataQualityChecker", "message": "✅ Enhanced preprocessing completed:", "correlation_id": "f2084f8710c5462bbecdef1e5f11da25", "session_id": "-", "timestamp": "2025-08-19T16:10:34.510475+00:00"}
{"asctime": "2025-08-19 18:10:34,510", "levelname": "INFO", "name": "AresGlobal.RawDataQualityChecker", "message": "   Original shape: (169864, 5)", "correlation_id": "f2084f8710c5462bbecdef1e5f11da25", "session_id": "-", "timestamp": "2025-08-19T16:10:34.510761+00:00"}
{"asctime": "2025-08-19 18:10:34,510", "levelname": "INFO", "name": "AresGlobal.RawDataQualityChecker", "message": "   Final shape: (172437, 5)", "correlation_id": "f2084f8710c5462bbecdef1e5f11da25", "session_id": "-", "timestamp": "2025-08-19T16:10:34.510858+00:00"}
{"asctime": "2025-08-19 18:10:34,510", "levelname": "INFO", "name": "AresGlobal.RawDataQualityChecker", "message": "   Remaining large gaps: 0", "correlation_id": "f2084f8710c5462bbecdef1e5f11da25", "session_id": "-", "timestamp": "2025-08-19T16:10:34.510944+00:00"}
{"asctime": "2025-08-19 18:10:34,515", "levelname": "INFO", "name": "AresGlobal.RawDataQualityChecker", "message": "   Data completeness: 1.000", "correlation_id": "f2084f8710c5462bbecdef1e5f11da25", "session_id": "-", "timestamp": "2025-08-19T16:10:34.515067+00:00"}
{"asctime": "2025-08-19 18:10:34,516", "levelname": "INFO", "name": "AresGlobal.RawDataQualityChecker", "message": "🔧 Enhanced preprocessing for BINANCE ETHUSDT", "correlation_id": "f2084f8710c5462bbecdef1e5f11da25", "session_id": "-", "timestamp": "2025-08-19T16:10:34.516035+00:00"}
{"asctime": "2025-08-19 18:10:34,516", "levelname": "INFO", "name": "AresGlobal.RawDataQualityChecker", "message": "   Expected interval: 60s", "correlation_id": "f2084f8710c5462bbecdef1e5f11da25", "session_id": "-", "timestamp": "2025-08-19T16:10:34.516129+00:00"}
{"asctime": "2025-08-19 18:10:34,516", "levelname": "INFO", "name": "AresGlobal.RawDataQualityChecker", "message": "   Max forward-fill: 10s", "correlation_id": "f2084f8710c5462bbecdef1e5f11da25", "session_id": "-", "timestamp": "2025-08-19T16:10:34.516207+00:00"}
{"asctime": "2025-08-19 18:10:34,516", "levelname": "INFO", "name": "AresGlobal.RawDataQualityChecker", "message": "   Download missing: True", "correlation_id": "f2084f8710c5462bbecdef1e5f11da25", "session_id": "-", "timestamp": "2025-08-19T16:10:34.516289+00:00"}
{"asctime": "2025-08-19 18:10:34,516", "levelname": "INFO", "name": "AresGlobal.RawDataQualityChecker", "message": "🔧 Step 1: Resampling to 60S intervals", "correlation_id": "f2084f8710c5462bbecdef1e5f11da25", "session_id": "-", "timestamp": "2025-08-19T16:10:34.516416+00:00"}
{"asctime": "2025-08-19 18:10:34,519", "levelname": "INFO", "name": "AresGlobal.RawDataQualityChecker", "message": "🔧 Step 2: Re-adding original data to preserve accuracy", "correlation_id": "f2084f8710c5462bbecdef1e5f11da25", "session_id": "-", "timestamp": "2025-08-19T16:10:34.519680+00:00"}
{"asctime": "2025-08-19 18:10:44,582", "levelname": "INFO", "name": "AresGlobal.RawDataQualityChecker", "message": "🔧 Step 3: Analyzing gaps and applying intelligent handling", "correlation_id": "f2084f8710c5462bbecdef1e5f11da25", "session_id": "-", "timestamp": "2025-08-19T16:10:44.582877+00:00"}
{"asctime": "2025-08-19 18:10:44,586", "levelname": "INFO", "name": "AresGlobal.RawDataQualityChecker", "message": "🔧 Step 5: Final forward-fill for 2573 remaining nulls", "correlation_id": "f2084f8710c5462bbecdef1e5f11da25", "session_id": "-", "timestamp": "2025-08-19T16:10:44.586532+00:00"}
{"asctime": "2025-08-19 18:10:44,590", "levelname": "INFO", "name": "AresGlobal.RawDataQualityChecker", "message": "✅ Enhanced preprocessing completed:", "correlation_id": "f2084f8710c5462bbecdef1e5f11da25", "session_id": "-", "timestamp": "2025-08-19T16:10:44.590654+00:00"}
{"asctime": "2025-08-19 18:10:44,590", "levelname": "INFO", "name": "AresGlobal.RawDataQualityChecker", "message": "   Original shape: (169864, 1)", "correlation_id": "f2084f8710c5462bbecdef1e5f11da25", "session_id": "-", "timestamp": "2025-08-19T16:10:44.590928+00:00"}
{"asctime": "2025-08-19 18:10:44,591", "levelname": "INFO", "name": "AresGlobal.RawDataQualityChecker", "message": "   Final shape: (172437, 1)", "correlation_id": "f2084f8710c5462bbecdef1e5f11da25", "session_id": "-", "timestamp": "2025-08-19T16:10:44.591033+00:00"}
{"asctime": "2025-08-19 18:10:44,591", "levelname": "INFO", "name": "AresGlobal.RawDataQualityChecker", "message": "   Remaining large gaps: 0", "correlation_id": "f2084f8710c5462bbecdef1e5f11da25", "session_id": "-", "timestamp": "2025-08-19T16:10:44.591198+00:00"}
{"asctime": "2025-08-19 18:10:44,592", "levelname": "INFO", "name": "AresGlobal.RawDataQualityChecker", "message": "   Data completeness: 1.000", "correlation_id": "f2084f8710c5462bbecdef1e5f11da25", "session_id": "-", "timestamp": "2025-08-19T16:10:44.592013+00:00"}
{"asctime": "2025-08-19 18:10:44,809", "levelname": "INFO", "name": "AresGlobal.DataQualityDecorator", "message": "🔍 [DATA QUALITY] Starting validation for analyze_correlations_vectorized", "correlation_id": "f2084f8710c5462bbecdef1e5f11da25", "session_id": "-", "timestamp": "2025-08-19T16:10:44.809694+00:00"}
{"asctime": "2025-08-19 18:10:44,809", "levelname": "INFO", "name": "AresGlobal.DataQualityDecorator", "message": "📊 [DATA QUALITY] Data type validation result for analyze_correlations_vectorized: klines_ohlcv", "correlation_id": "f2084f8710c5462bbecdef1e5f11da25", "session_id": "-", "timestamp": "2025-08-19T16:10:44.809982+00:00"}
{"asctime": "2025-08-19 18:10:44,810", "levelname": "INFO", "name": "AresGlobal.DataQualityDecorator", "message": "📊 [DATA QUALITY] Data type detected: klines_ohlcv for analyze_correlations_vectorized", "correlation_id": "f2084f8710c5462bbecdef1e5f11da25", "session_id": "-", "timestamp": "2025-08-19T16:10:44.810080+00:00"}
{"asctime": "2025-08-19 18:10:44,810", "levelname": "INFO", "name": "AresGlobal.DataQualityDecorator", "message": "🔍 [DATA QUALITY] Checking cache for analyze_correlations_vectorized", "correlation_id": "f2084f8710c5462bbecdef1e5f11da25", "session_id": "-", "timestamp": "2025-08-19T16:10:44.810172+00:00"}
{"asctime": "2025-08-19 18:10:44,810", "levelname": "INFO", "name": "AresGlobal.DataQualityDecorator", "message": "🔄 [DATA QUALITY] No valid cached result found for analyze_correlations_vectorized, proceeding with validation", "correlation_id": "f2084f8710c5462bbecdef1e5f11da25", "session_id": "-", "timestamp": "2025-08-19T16:10:44.810800+00:00"}
{"asctime": "2025-08-19 18:10:44,810", "levelname": "INFO", "name": "AresGlobal.DataQualityDecorator", "message": "🔍 [DATA QUALITY] Extracting symbol and exchange for analyze_correlations_vectorized", "correlation_id": "f2084f8710c5462bbecdef1e5f11da25", "session_id": "-", "timestamp": "2025-08-19T16:10:44.810887+00:00"}
{"asctime": "2025-08-19 18:10:44,810", "levelname": "INFO", "name": "AresGlobal.DataQualityDecorator", "message": "📊 [DATA QUALITY] Symbol: ETHUSDT, Exchange: BINANCE", "correlation_id": "f2084f8710c5462bbecdef1e5f11da25", "session_id": "-", "timestamp": "2025-08-19T16:10:44.810982+00:00"}
{"asctime": "2025-08-19 18:10:44,811", "levelname": "INFO", "name": "AresGlobal.DataQualityDecorator", "message": "🔍 [DATA QUALITY] Getting validation configuration for analyze_correlations_vectorized", "correlation_id": "f2084f8710c5462bbecdef1e5f11da25", "session_id": "-", "timestamp": "2025-08-19T16:10:44.811068+00:00"}
{"asctime": "2025-08-19 18:10:44,811", "levelname": "INFO", "name": "AresGlobal.DataQualityDecorator", "message": "📊 [DATA QUALITY] Validation config loaded for analyze_correlations_vectorized", "correlation_id": "f2084f8710c5462bbecdef1e5f11da25", "session_id": "-", "timestamp": "2025-08-19T16:10:44.811166+00:00"}
{"asctime": "2025-08-19 18:10:44,811", "levelname": "INFO", "name": "AresGlobal.DataQualityDecorator", "message": "🔍 [DATA QUALITY] Starting data quality validation for analyze_correlations_vectorized (ETHUSDT on BINANCE)", "correlation_id": "f2084f8710c5462bbecdef1e5f11da25", "session_id": "-", "timestamp": "2025-08-19T16:10:44.811252+00:00"}
{"asctime": "2025-08-19 18:10:44,811", "levelname": "INFO", "name": "AresGlobal.RawDataQualityChecker", "message": "🚀 validate_raw_data: Starting validation...", "correlation_id": "f2084f8710c5462bbecdef1e5f11da25", "session_id": "-", "timestamp": "2025-08-19T16:10:44.811357+00:00"}
{"asctime": "2025-08-19 18:10:44,814", "levelname": "INFO", "name": "AresGlobal.RawDataQualityChecker", "message": "🔍 Starting raw data quality validation for BINANCE ETHUSDT", "correlation_id": "f2084f8710c5462bbecdef1e5f11da25", "session_id": "-", "timestamp": "2025-08-19T16:10:44.814906+00:00"}
{"asctime": "2025-08-19 18:10:44,815", "levelname": "INFO", "name": "AresGlobal.RawDataQualityChecker", "message": "Validating data structure...", "correlation_id": "f2084f8710c5462bbecdef1e5f11da25", "session_id": "-", "timestamp": "2025-08-19T16:10:44.815097+00:00"}
{"asctime": "2025-08-19 18:10:44,815", "levelname": "INFO", "name": "AresGlobal.RawDataQualityChecker", "message": "Validating data completeness...", "correlation_id": "f2084f8710c5462bbecdef1e5f11da25", "session_id": "-", "timestamp": "2025-08-19T16:10:44.815336+00:00"}
{"asctime": "2025-08-19 18:10:44,821", "levelname": "INFO", "name": "AresGlobal.RawDataQualityChecker", "message": "Validating data integrity...", "correlation_id": "f2084f8710c5462bbecdef1e5f11da25", "session_id": "-", "timestamp": "2025-08-19T16:10:44.821056+00:00"}
{"asctime": "2025-08-19 18:10:44,826", "levelname": "INFO", "name": "AresGlobal.RawDataQualityChecker", "message": "Validating market-specific issues...", "correlation_id": "f2084f8710c5462bbecdef1e5f11da25", "session_id": "-", "timestamp": "2025-08-19T16:10:44.826459+00:00"}
{"asctime": "2025-08-19 18:10:44,830", "levelname": "INFO", "name": "AresGlobal.RawDataQualityChecker", "message": "Validating feature engineering requirements...", "correlation_id": "f2084f8710c5462bbecdef1e5f11da25", "session_id": "-", "timestamp": "2025-08-19T16:10:44.830357+00:00"}
{"asctime": "2025-08-19 18:10:44,861", "levelname": "INFO", "name": "AresGlobal.RawDataQualityChecker", "message": "✅ No irregular intervals detected (ratio: 0.000)", "correlation_id": "f2084f8710c5462bbecdef1e5f11da25", "session_id": "-", "timestamp": "2025-08-19T16:10:44.861737+00:00"}
{"asctime": "2025-08-19 18:10:44,865", "levelname": "INFO", "name": "AresGlobal.RawDataQualityChecker", "message": "✅ No large gaps found - data is continuous", "correlation_id": "f2084f8710c5462bbecdef1e5f11da25", "session_id": "-", "timestamp": "2025-08-19T16:10:44.865187+00:00"}
{"asctime": "2025-08-19 18:10:44,865", "levelname": "INFO", "name": "AresGlobal.RawDataQualityChecker", "message": "✅ Raw data validation passed for ETHUSDT (Score: 1.00)", "correlation_id": "f2084f8710c5462bbecdef1e5f11da25", "session_id": "-", "timestamp": "2025-08-19T16:10:44.865331+00:00"}
{"asctime": "2025-08-19 18:10:44,865", "levelname": "INFO", "name": "AresGlobal.RawDataQualityChecker", "message": "✅ PASSED validate_raw_data: Completed in 0.05s", "correlation_id": "f2084f8710c5462bbecdef1e5f11da25", "session_id": "-", "timestamp": "2025-08-19T16:10:44.865434+00:00"}
{"asctime": "2025-08-19 18:10:44,865", "levelname": "INFO", "name": "AresGlobal.DataQualityCache", "message": "💾 [CACHE] Cached validation result for analyze_correlations_vectorized", "correlation_id": "f2084f8710c5462bbecdef1e5f11da25", "session_id": "-", "timestamp": "2025-08-19T16:10:44.865562+00:00"}
{"asctime": "2025-08-19 18:10:44,865", "levelname": "INFO", "name": "AresGlobal.DataQualityDecorator", "message": "📊 [DATA QUALITY] Processing validation results for analyze_correlations_vectorized", "correlation_id": "f2084f8710c5462bbecdef1e5f11da25", "session_id": "-", "timestamp": "2025-08-19T16:10:44.865661+00:00"}
{"asctime": "2025-08-19 18:10:44,865", "levelname": "INFO", "name": "AresGlobal.DataQualityDecorator", "message": "   📊 Validation level: warning", "correlation_id": "f2084f8710c5462bbecdef1e5f11da25", "session_id": "-", "timestamp": "2025-08-19T16:10:44.865750+00:00"}
{"asctime": "2025-08-19 18:10:44,865", "levelname": "INFO", "name": "AresGlobal.DataQualityDecorator", "message": "   📊 Validation passed: True", "correlation_id": "f2084f8710c5462bbecdef1e5f11da25", "session_id": "-", "timestamp": "2025-08-19T16:10:44.865838+00:00"}
{"asctime": "2025-08-19 18:10:44,865", "levelname": "INFO", "name": "AresGlobal.DataQualityDecorator", "message": "   📊 Quality score: 1.00", "correlation_id": "f2084f8710c5462bbecdef1e5f11da25", "session_id": "-", "timestamp": "2025-08-19T16:10:44.865922+00:00"}
{"asctime": "2025-08-19 18:10:44,866", "levelname": "INFO", "name": "AresGlobal.DataQualityDecorator", "message": "   📊 Critical issues: 0", "correlation_id": "f2084f8710c5462bbecdef1e5f11da25", "session_id": "-", "timestamp": "2025-08-19T16:10:44.866008+00:00"}
{"asctime": "2025-08-19 18:10:44,866", "levelname": "INFO", "name": "AresGlobal.DataQualityDecorator", "message": "   📊 Warnings: 0", "correlation_id": "f2084f8710c5462bbecdef1e5f11da25", "session_id": "-", "timestamp": "2025-08-19T16:10:44.866092+00:00"}
{"asctime": "2025-08-19 18:10:44,866", "levelname": "INFO", "name": "AresGlobal.DataQualityDecorator", "message": "✅ [DATA QUALITY] WARNING validation passed for analyze_correlations_vectorized", "correlation_id": "f2084f8710c5462bbecdef1e5f11da25", "session_id": "-", "timestamp": "2025-08-19T16:10:44.866176+00:00"}
{"asctime": "2025-08-19 18:10:44,866", "levelname": "INFO", "name": "AresGlobal.DataQualityDecorator", "message": "🚀 [DATA QUALITY] Executing original function analyze_correlations_vectorized", "correlation_id": "f2084f8710c5462bbecdef1e5f11da25", "session_id": "-", "timestamp": "2025-08-19T16:10:44.866275+00:00"}
{"asctime": "2025-08-19 18:10:45,021", "levelname": "INFO", "name": "AresGlobal.DataQualityDecorator", "message": "✅ [DATA QUALITY] Completed validation for analyze_correlations_vectorized", "correlation_id": "f2084f8710c5462bbecdef1e5f11da25", "session_id": "-", "timestamp": "2025-08-19T16:10:45.021424+00:00"}
{"asctime": "2025-08-19 18:10:45,022", "levelname": "INFO", "name": "AresGlobal.DataQualityDecorator", "message": "🔍 [DATA QUALITY] Starting validation for analyze_momentum_vectorized", "correlation_id": "f2084f8710c5462bbecdef1e5f11da25", "session_id": "-", "timestamp": "2025-08-19T16:10:45.022197+00:00"}
{"asctime": "2025-08-19 18:10:45,022", "levelname": "INFO", "name": "AresGlobal.DataQualityDecorator", "message": "📊 [DATA QUALITY] Data type validation result for analyze_momentum_vectorized: klines_ohlcv", "correlation_id": "f2084f8710c5462bbecdef1e5f11da25", "session_id": "-", "timestamp": "2025-08-19T16:10:45.022379+00:00"}
{"asctime": "2025-08-19 18:10:45,022", "levelname": "INFO", "name": "AresGlobal.DataQualityDecorator", "message": "📊 [DATA QUALITY] Data type detected: klines_ohlcv for analyze_momentum_vectorized", "correlation_id": "f2084f8710c5462bbecdef1e5f11da25", "session_id": "-", "timestamp": "2025-08-19T16:10:45.022475+00:00"}
{"asctime": "2025-08-19 18:10:45,022", "levelname": "INFO", "name": "AresGlobal.DataQualityDecorator", "message": "🔍 [DATA QUALITY] Checking cache for analyze_momentum_vectorized", "correlation_id": "f2084f8710c5462bbecdef1e5f11da25", "session_id": "-", "timestamp": "2025-08-19T16:10:45.022561+00:00"}
{"asctime": "2025-08-19 18:10:45,022", "levelname": "INFO", "name": "AresGlobal.DataQualityDecorator", "message": "🔄 [DATA QUALITY] No valid cached result found for analyze_momentum_vectorized, proceeding with validation", "correlation_id": "f2084f8710c5462bbecdef1e5f11da25", "session_id": "-", "timestamp": "2025-08-19T16:10:45.022678+00:00"}
{"asctime": "2025-08-19 18:10:45,022", "levelname": "INFO", "name": "AresGlobal.DataQualityDecorator", "message": "🔍 [DATA QUALITY] Extracting symbol and exchange for analyze_momentum_vectorized", "correlation_id": "f2084f8710c5462bbecdef1e5f11da25", "session_id": "-", "timestamp": "2025-08-19T16:10:45.022839+00:00"}
{"asctime": "2025-08-19 18:10:45,022", "levelname": "INFO", "name": "AresGlobal.DataQualityDecorator", "message": "📊 [DATA QUALITY] Symbol: ETHUSDT, Exchange: BINANCE", "correlation_id": "f2084f8710c5462bbecdef1e5f11da25", "session_id": "-", "timestamp": "2025-08-19T16:10:45.022986+00:00"}
{"asctime": "2025-08-19 18:10:45,023", "levelname": "INFO", "name": "AresGlobal.DataQualityDecorator", "message": "🔍 [DATA QUALITY] Getting validation configuration for analyze_momentum_vectorized", "correlation_id": "f2084f8710c5462bbecdef1e5f11da25", "session_id": "-", "timestamp": "2025-08-19T16:10:45.023148+00:00"}
{"asctime": "2025-08-19 18:10:45,023", "levelname": "INFO", "name": "AresGlobal.DataQualityDecorator", "message": "📊 [DATA QUALITY] Validation config loaded for analyze_momentum_vectorized", "correlation_id": "f2084f8710c5462bbecdef1e5f11da25", "session_id": "-", "timestamp": "2025-08-19T16:10:45.023468+00:00"}
{"asctime": "2025-08-19 18:10:45,023", "levelname": "INFO", "name": "AresGlobal.DataQualityDecorator", "message": "🔍 [DATA QUALITY] Starting data quality validation for analyze_momentum_vectorized (ETHUSDT on BINANCE)", "correlation_id": "f2084f8710c5462bbecdef1e5f11da25", "session_id": "-", "timestamp": "2025-08-19T16:10:45.023705+00:00"}
{"asctime": "2025-08-19 18:10:45,023", "levelname": "INFO", "name": "AresGlobal.RawDataQualityChecker", "message": "🚀 validate_raw_data: Starting validation...", "correlation_id": "f2084f8710c5462bbecdef1e5f11da25", "session_id": "-", "timestamp": "2025-08-19T16:10:45.023863+00:00"}
{"asctime": "2025-08-19 18:10:45,027", "levelname": "INFO", "name": "AresGlobal.RawDataQualityChecker", "message": "🔍 Starting raw data quality validation for BINANCE ETHUSDT", "correlation_id": "f2084f8710c5462bbecdef1e5f11da25", "session_id": "-", "timestamp": "2025-08-19T16:10:45.027802+00:00"}
{"asctime": "2025-08-19 18:10:45,028", "levelname": "INFO", "name": "AresGlobal.RawDataQualityChecker", "message": "Validating data structure...", "correlation_id": "f2084f8710c5462bbecdef1e5f11da25", "session_id": "-", "timestamp": "2025-08-19T16:10:45.028087+00:00"}
{"asctime": "2025-08-19 18:10:45,028", "levelname": "INFO", "name": "AresGlobal.RawDataQualityChecker", "message": "Validating data completeness...", "correlation_id": "f2084f8710c5462bbecdef1e5f11da25", "session_id": "-", "timestamp": "2025-08-19T16:10:45.028324+00:00"}
{"asctime": "2025-08-19 18:10:45,032", "levelname": "INFO", "name": "AresGlobal.RawDataQualityChecker", "message": "Validating data integrity...", "correlation_id": "f2084f8710c5462bbecdef1e5f11da25", "session_id": "-", "timestamp": "2025-08-19T16:10:45.032224+00:00"}
{"asctime": "2025-08-19 18:10:45,036", "levelname": "INFO", "name": "AresGlobal.RawDataQualityChecker", "message": "Validating market-specific issues...", "correlation_id": "f2084f8710c5462bbecdef1e5f11da25", "session_id": "-", "timestamp": "2025-08-19T16:10:45.036899+00:00"}
{"asctime": "2025-08-19 18:10:45,041", "levelname": "INFO", "name": "AresGlobal.RawDataQualityChecker", "message": "Validating feature engineering requirements...", "correlation_id": "f2084f8710c5462bbecdef1e5f11da25", "session_id": "-", "timestamp": "2025-08-19T16:10:45.041887+00:00"}
{"asctime": "2025-08-19 18:10:45,071", "levelname": "INFO", "name": "AresGlobal.RawDataQualityChecker", "message": "✅ No irregular intervals detected (ratio: 0.000)", "correlation_id": "f2084f8710c5462bbecdef1e5f11da25", "session_id": "-", "timestamp": "2025-08-19T16:10:45.071657+00:00"}
{"asctime": "2025-08-19 18:10:45,076", "levelname": "INFO", "name": "AresGlobal.RawDataQualityChecker", "message": "✅ No large gaps found - data is continuous", "correlation_id": "f2084f8710c5462bbecdef1e5f11da25", "session_id": "-", "timestamp": "2025-08-19T16:10:45.076915+00:00"}
{"asctime": "2025-08-19 18:10:45,077", "levelname": "INFO", "name": "AresGlobal.RawDataQualityChecker", "message": "✅ Raw data validation passed for ETHUSDT (Score: 1.00)", "correlation_id": "f2084f8710c5462bbecdef1e5f11da25", "session_id": "-", "timestamp": "2025-08-19T16:10:45.077135+00:00"}
{"asctime": "2025-08-19 18:10:45,077", "levelname": "INFO", "name": "AresGlobal.RawDataQualityChecker", "message": "✅ PASSED validate_raw_data: Completed in 0.05s", "correlation_id": "f2084f8710c5462bbecdef1e5f11da25", "session_id": "-", "timestamp": "2025-08-19T16:10:45.077237+00:00"}
{"asctime": "2025-08-19 18:10:45,077", "levelname": "INFO", "name": "AresGlobal.DataQualityCache", "message": "💾 [CACHE] Cached validation result for analyze_momentum_vectorized", "correlation_id": "f2084f8710c5462bbecdef1e5f11da25", "session_id": "-", "timestamp": "2025-08-19T16:10:45.077426+00:00"}
{"asctime": "2025-08-19 18:10:45,077", "levelname": "INFO", "name": "AresGlobal.DataQualityDecorator", "message": "📊 [DATA QUALITY] Processing validation results for analyze_momentum_vectorized", "correlation_id": "f2084f8710c5462bbecdef1e5f11da25", "session_id": "-", "timestamp": "2025-08-19T16:10:45.077539+00:00"}
{"asctime": "2025-08-19 18:10:45,077", "levelname": "INFO", "name": "AresGlobal.DataQualityDecorator", "message": "   📊 Validation level: warning", "correlation_id": "f2084f8710c5462bbecdef1e5f11da25", "session_id": "-", "timestamp": "2025-08-19T16:10:45.077632+00:00"}
{"asctime": "2025-08-19 18:10:45,077", "levelname": "INFO", "name": "AresGlobal.DataQualityDecorator", "message": "   📊 Validation passed: True", "correlation_id": "f2084f8710c5462bbecdef1e5f11da25", "session_id": "-", "timestamp": "2025-08-19T16:10:45.077720+00:00"}
{"asctime": "2025-08-19 18:10:45,077", "levelname": "INFO", "name": "AresGlobal.DataQualityDecorator", "message": "   📊 Quality score: 1.00", "correlation_id": "f2084f8710c5462bbecdef1e5f11da25", "session_id": "-", "timestamp": "2025-08-19T16:10:45.077825+00:00"}
{"asctime": "2025-08-19 18:10:45,077", "levelname": "INFO", "name": "AresGlobal.DataQualityDecorator", "message": "   📊 Critical issues: 0", "correlation_id": "f2084f8710c5462bbecdef1e5f11da25", "session_id": "-", "timestamp": "2025-08-19T16:10:45.077911+00:00"}
{"asctime": "2025-08-19 18:10:45,077", "levelname": "INFO", "name": "AresGlobal.DataQualityDecorator", "message": "   📊 Warnings: 0", "correlation_id": "f2084f8710c5462bbecdef1e5f11da25", "session_id": "-", "timestamp": "2025-08-19T16:10:45.077997+00:00"}
{"asctime": "2025-08-19 18:10:45,078", "levelname": "INFO", "name": "AresGlobal.DataQualityDecorator", "message": "✅ [DATA QUALITY] WARNING validation passed for analyze_momentum_vectorized", "correlation_id": "f2084f8710c5462bbecdef1e5f11da25", "session_id": "-", "timestamp": "2025-08-19T16:10:45.078080+00:00"}
{"asctime": "2025-08-19 18:10:45,078", "levelname": "INFO", "name": "AresGlobal.DataQualityDecorator", "message": "🚀 [DATA QUALITY] Executing original function analyze_momentum_vectorized", "correlation_id": "f2084f8710c5462bbecdef1e5f11da25", "session_id": "-", "timestamp": "2025-08-19T16:10:45.078163+00:00"}
{"asctime": "2025-08-19 18:10:45,118", "levelname": "INFO", "name": "AresGlobal.DataQualityDecorator", "message": "✅ [DATA QUALITY] Completed validation for analyze_momentum_vectorized", "correlation_id": "f2084f8710c5462bbecdef1e5f11da25", "session_id": "-", "timestamp": "2025-08-19T16:10:45.118724+00:00"}
{"asctime": "2025-08-19 18:10:45,153", "levelname": "INFO", "name": "AresGlobal.DataQualityDecorator", "message": "🔍 [DATA QUALITY] Starting validation for analyze_patterns", "correlation_id": "f2084f8710c5462bbecdef1e5f11da25", "session_id": "-", "timestamp": "2025-08-19T16:10:45.153978+00:00"}
{"asctime": "2025-08-19 18:10:45,154", "levelname": "INFO", "name": "AresGlobal.DataQualityDecorator", "message": "📊 [DATA QUALITY] Data type validation result for analyze_patterns: klines_ohlcv", "correlation_id": "f2084f8710c5462bbecdef1e5f11da25", "session_id": "-", "timestamp": "2025-08-19T16:10:45.154184+00:00"}
{"asctime": "2025-08-19 18:10:45,154", "levelname": "INFO", "name": "AresGlobal.DataQualityDecorator", "message": "📊 [DATA QUALITY] Data type detected: klines_ohlcv for analyze_patterns", "correlation_id": "f2084f8710c5462bbecdef1e5f11da25", "session_id": "-", "timestamp": "2025-08-19T16:10:45.154419+00:00"}
{"asctime": "2025-08-19 18:10:45,154", "levelname": "INFO", "name": "AresGlobal.DataQualityDecorator", "message": "🔍 [DATA QUALITY] Checking cache for analyze_patterns", "correlation_id": "f2084f8710c5462bbecdef1e5f11da25", "session_id": "-", "timestamp": "2025-08-19T16:10:45.154600+00:00"}
{"asctime": "2025-08-19 18:10:45,154", "levelname": "INFO", "name": "AresGlobal.DataQualityDecorator", "message": "🔄 [DATA QUALITY] No valid cached result found for analyze_patterns, proceeding with validation", "correlation_id": "f2084f8710c5462bbecdef1e5f11da25", "session_id": "-", "timestamp": "2025-08-19T16:10:45.154773+00:00"}
{"asctime": "2025-08-19 18:10:45,154", "levelname": "INFO", "name": "AresGlobal.DataQualityDecorator", "message": "🔍 [DATA QUALITY] Extracting symbol and exchange for analyze_patterns", "correlation_id": "f2084f8710c5462bbecdef1e5f11da25", "session_id": "-", "timestamp": "2025-08-19T16:10:45.154873+00:00"}
{"asctime": "2025-08-19 18:10:45,155", "levelname": "INFO", "name": "AresGlobal.DataQualityDecorator", "message": "📊 [DATA QUALITY] Symbol: ETHUSDT, Exchange: BINANCE", "correlation_id": "f2084f8710c5462bbecdef1e5f11da25", "session_id": "-", "timestamp": "2025-08-19T16:10:45.155035+00:00"}
{"asctime": "2025-08-19 18:10:45,155", "levelname": "INFO", "name": "AresGlobal.DataQualityDecorator", "message": "🔍 [DATA QUALITY] Getting validation configuration for analyze_patterns", "correlation_id": "f2084f8710c5462bbecdef1e5f11da25", "session_id": "-", "timestamp": "2025-08-19T16:10:45.155184+00:00"}
{"asctime": "2025-08-19 18:10:45,155", "levelname": "INFO", "name": "AresGlobal.DataQualityDecorator", "message": "📊 [DATA QUALITY] Validation config loaded for analyze_patterns", "correlation_id": "f2084f8710c5462bbecdef1e5f11da25", "session_id": "-", "timestamp": "2025-08-19T16:10:45.155335+00:00"}
{"asctime": "2025-08-19 18:10:45,155", "levelname": "INFO", "name": "AresGlobal.DataQualityDecorator", "message": "🔍 [DATA QUALITY] Starting data quality validation for analyze_patterns (ETHUSDT on BINANCE)", "correlation_id": "f2084f8710c5462bbecdef1e5f11da25", "session_id": "-", "timestamp": "2025-08-19T16:10:45.155546+00:00"}
{"asctime": "2025-08-19 18:10:45,155", "levelname": "INFO", "name": "AresGlobal.RawDataQualityChecker", "message": "🚀 validate_raw_data: Starting validation...", "correlation_id": "f2084f8710c5462bbecdef1e5f11da25", "session_id": "-", "timestamp": "2025-08-19T16:10:45.155801+00:00"}
{"asctime": "2025-08-19 18:10:45,158", "levelname": "INFO", "name": "AresGlobal.RawDataQualityChecker", "message": "🔍 Starting raw data quality validation for BINANCE ETHUSDT", "correlation_id": "f2084f8710c5462bbecdef1e5f11da25", "session_id": "-", "timestamp": "2025-08-19T16:10:45.158394+00:00"}
{"asctime": "2025-08-19 18:10:45,158", "levelname": "INFO", "name": "AresGlobal.RawDataQualityChecker", "message": "Validating data structure...", "correlation_id": "f2084f8710c5462bbecdef1e5f11da25", "session_id": "-", "timestamp": "2025-08-19T16:10:45.158682+00:00"}
{"asctime": "2025-08-19 18:10:45,158", "levelname": "INFO", "name": "AresGlobal.RawDataQualityChecker", "message": "Validating data completeness...", "correlation_id": "f2084f8710c5462bbecdef1e5f11da25", "session_id": "-", "timestamp": "2025-08-19T16:10:45.158949+00:00"}
{"asctime": "2025-08-19 18:10:45,163", "levelname": "INFO", "name": "AresGlobal.RawDataQualityChecker", "message": "Validating data integrity...", "correlation_id": "f2084f8710c5462bbecdef1e5f11da25", "session_id": "-", "timestamp": "2025-08-19T16:10:45.163636+00:00"}
{"asctime": "2025-08-19 18:10:45,167", "levelname": "INFO", "name": "AresGlobal.RawDataQualityChecker", "message": "Validating market-specific issues...", "correlation_id": "f2084f8710c5462bbecdef1e5f11da25", "session_id": "-", "timestamp": "2025-08-19T16:10:45.167082+00:00"}
{"asctime": "2025-08-19 18:10:45,171", "levelname": "INFO", "name": "AresGlobal.RawDataQualityChecker", "message": "Validating feature engineering requirements...", "correlation_id": "f2084f8710c5462bbecdef1e5f11da25", "session_id": "-", "timestamp": "2025-08-19T16:10:45.171294+00:00"}
{"asctime": "2025-08-19 18:10:45,198", "levelname": "INFO", "name": "AresGlobal.RawDataQualityChecker", "message": "✅ No irregular intervals detected (ratio: 0.000)", "correlation_id": "f2084f8710c5462bbecdef1e5f11da25", "session_id": "-", "timestamp": "2025-08-19T16:10:45.198832+00:00"}
{"asctime": "2025-08-19 18:10:45,202", "levelname": "INFO", "name": "AresGlobal.RawDataQualityChecker", "message": "✅ No large gaps found - data is continuous", "correlation_id": "f2084f8710c5462bbecdef1e5f11da25", "session_id": "-", "timestamp": "2025-08-19T16:10:45.202281+00:00"}
{"asctime": "2025-08-19 18:10:45,202", "levelname": "INFO", "name": "AresGlobal.RawDataQualityChecker", "message": "✅ Raw data validation passed for ETHUSDT (Score: 1.00)", "correlation_id": "f2084f8710c5462bbecdef1e5f11da25", "session_id": "-", "timestamp": "2025-08-19T16:10:45.202439+00:00"}
{"asctime": "2025-08-19 18:10:45,202", "levelname": "INFO", "name": "AresGlobal.RawDataQualityChecker", "message": "✅ PASSED validate_raw_data: Completed in 0.05s", "correlation_id": "f2084f8710c5462bbecdef1e5f11da25", "session_id": "-", "timestamp": "2025-08-19T16:10:45.202539+00:00"}
{"asctime": "2025-08-19 18:10:45,202", "levelname": "INFO", "name": "AresGlobal.DataQualityCache", "message": "💾 [CACHE] Cached validation result for analyze_patterns", "correlation_id": "f2084f8710c5462bbecdef1e5f11da25", "session_id": "-", "timestamp": "2025-08-19T16:10:45.202663+00:00"}
{"asctime": "2025-08-19 18:10:45,202", "levelname": "INFO", "name": "AresGlobal.DataQualityDecorator", "message": "📊 [DATA QUALITY] Processing validation results for analyze_patterns", "correlation_id": "f2084f8710c5462bbecdef1e5f11da25", "session_id": "-", "timestamp": "2025-08-19T16:10:45.202771+00:00"}
{"asctime": "2025-08-19 18:10:45,202", "levelname": "INFO", "name": "AresGlobal.DataQualityDecorator", "message": "   📊 Validation level: warning", "correlation_id": "f2084f8710c5462bbecdef1e5f11da25", "session_id": "-", "timestamp": "2025-08-19T16:10:45.202883+00:00"}
{"asctime": "2025-08-19 18:10:45,203", "levelname": "INFO", "name": "AresGlobal.DataQualityDecorator", "message": "   📊 Validation passed: True", "correlation_id": "f2084f8710c5462bbecdef1e5f11da25", "session_id": "-", "timestamp": "2025-08-19T16:10:45.203048+00:00"}
{"asctime": "2025-08-19 18:10:45,203", "levelname": "INFO", "name": "AresGlobal.DataQualityDecorator", "message": "   📊 Quality score: 1.00", "correlation_id": "f2084f8710c5462bbecdef1e5f11da25", "session_id": "-", "timestamp": "2025-08-19T16:10:45.203148+00:00"}
{"asctime": "2025-08-19 18:10:45,203", "levelname": "INFO", "name": "AresGlobal.DataQualityDecorator", "message": "   📊 Critical issues: 0", "correlation_id": "f2084f8710c5462bbecdef1e5f11da25", "session_id": "-", "timestamp": "2025-08-19T16:10:45.203253+00:00"}
{"asctime": "2025-08-19 18:10:45,203", "levelname": "INFO", "name": "AresGlobal.DataQualityDecorator", "message": "   📊 Warnings: 0", "correlation_id": "f2084f8710c5462bbecdef1e5f11da25", "session_id": "-", "timestamp": "2025-08-19T16:10:45.203340+00:00"}
{"asctime": "2025-08-19 18:10:45,203", "levelname": "INFO", "name": "AresGlobal.DataQualityDecorator", "message": "✅ [DATA QUALITY] WARNING validation passed for analyze_patterns", "correlation_id": "f2084f8710c5462bbecdef1e5f11da25", "session_id": "-", "timestamp": "2025-08-19T16:10:45.203426+00:00"}
{"asctime": "2025-08-19 18:10:45,203", "levelname": "INFO", "name": "AresGlobal.DataQualityDecorator", "message": "🚀 [DATA QUALITY] Executing original function analyze_patterns", "correlation_id": "f2084f8710c5462bbecdef1e5f11da25", "session_id": "-", "timestamp": "2025-08-19T16:10:45.203511+00:00"}
{"asctime": "2025-08-19 18:10:45,209", "levelname": "INFO", "name": "AresGlobal.DataQualityDecorator", "message": "✅ [DATA QUALITY] Completed validation for analyze_patterns", "correlation_id": "f2084f8710c5462bbecdef1e5f11da25", "session_id": "-", "timestamp": "2025-08-19T16:10:45.209200+00:00"}
{"asctime": "2025-08-19 18:13:25,180", "levelname": "INFO", "name": "AresGlobal.SRBreakoutPredictor", "message": "🚀 Initializing enhanced SR breakout predictor...", "correlation_id": "f2084f8710c5462bbecdef1e5f11da25", "session_id": "-", "timestamp": "2025-08-19T16:13:25.180148+00:00"}
{"asctime": "2025-08-19 18:13:25,180", "levelname": "INFO", "name": "AresGlobal.UnifiedRegimeClassifier", "message": "", "correlation_id": "f2084f8710c5462bbecdef1e5f11da25", "session_id": "-", "msg": "UnifiedRegimeClassifier configuration loaded", "exchange": "UNKNOWN", "symbol": "UNKNOWN", "n_states_configured": 3, "n_states_enforced_min": 3, "target_timeframe": "1h", "volatility_period": 10, "min_data_points_default": 1000, "timestamp": "2025-08-19T16:13:25.180412+00:00"}
{"asctime": "2025-08-19 18:13:25,180", "levelname": "INFO", "name": "AresGlobal.UnifiedRegimeClassifier", "message": "", "correlation_id": "f2084f8710c5462bbecdef1e5f11da25", "session_id": "-", "msg": "Regime classification thresholds", "thresholds": {"adx_sideways_threshold": 18, "volatility_threshold": 0.025, "atr_normalized_threshold": 0.035, "volatility_percentile_threshold": 0.8, "bb_width_volatility_threshold": 0.045}, "timestamp": "2025-08-19T16:13:25.180560+00:00"}
{"asctime": "2025-08-19 18:13:25,180", "levelname": "INFO", "name": "AresGlobal.UnifiedRegimeClassifier", "message": "🔧 BLANK MODE DETECTED: Using reduced minimum data points (50)", "correlation_id": "f2084f8710c5462bbecdef1e5f11da25", "session_id": "-", "timestamp": "2025-08-19T16:13:25.180674+00:00"}
{"asctime": "2025-08-19 18:13:25,180", "levelname": "INFO", "name": "AresGlobal.UnifiedRegimeClassifier", "message": "", "correlation_id": "f2084f8710c5462bbecdef1e5f11da25", "session_id": "-", "msg": "Model paths configured", "model_dir": "/Users/remyroche/Documents/Ares/checkpoints/analyst_models", "hmm_model_path": "/Users/remyroche/Documents/Ares/checkpoints/analyst_models/unified_hmm_model_UNKNOWN_UNKNOWN_1h.joblib", "ensemble_model_path": "/Users/remyroche/Documents/Ares/checkpoints/analyst_models/unified_ensemble_model_UNKNOWN_UNKNOWN_1h.joblib", "location_model_path": "/Users/remyroche/Documents/Ares/checkpoints/analyst_models/unified_location_model_UNKNOWN_UNKNOWN_1h.joblib", "timestamp": "2025-08-19T16:13:25.180859+00:00"}
{"asctime": "2025-08-19 18:13:25,180", "levelname": "INFO", "name": "AresGlobal.UnifiedRegimeClassifier", "message": "✅ UnifiedRegimeClassifier initialized successfully", "correlation_id": "f2084f8710c5462bbecdef1e5f11da25", "session_id": "-", "timestamp": "2025-08-19T16:13:25.180965+00:00"}
{"asctime": "2025-08-19 18:13:25,181", "levelname": "INFO", "name": "AresGlobal.SRBreakoutPredictor", "message": "✅ Enhanced SR breakout predictor initialized successfully", "correlation_id": "f2084f8710c5462bbecdef1e5f11da25", "session_id": "-", "timestamp": "2025-08-19T16:13:25.181124+00:00"}
{"asctime": "2025-08-19 18:13:25,993", "levelname": "INFO", "name": "AresGlobal.SRBreakoutPredictor", "message": "✅ Generated 14 comprehensive SR features", "correlation_id": "f2084f8710c5462bbecdef1e5f11da25", "session_id": "-", "timestamp": "2025-08-19T16:13:25.993947+00:00"}
{"asctime": "2025-08-19 18:13:25,994", "levelname": "INFO", "name": "AresGlobal.Step2.FeatureEngineering", "message": "✅ Generated 14 comprehensive SR features", "correlation_id": "f2084f8710c5462bbecdef1e5f11da25", "session_id": "-", "timestamp": "2025-08-19T16:13:25.994217+00:00"}
{"asctime": "2025-08-19 18:13:25,994", "levelname": "INFO", "name": "AresGlobal.Step2.FeatureEngineering", "message": "🔍 Comprehensive SR features: ['distance_to_support', 'distance_to_resistance', 'normalized_distance_to_support', 'normalized_distance_to_resistance', 'sr_proximity_score', 'strength_score', 'support_strength', 'resistance_strength', 'support_clarity_factor', 'resistance_clarity_factor', 'directional_pressure', 'sr_score', 'delta_sr_score', 'isolation_score']", "correlation_id": "f2084f8710c5462bbecdef1e5f11da25", "session_id": "-", "timestamp": "2025-08-19T16:13:25.994329+00:00"}
{"asctime": "2025-08-19 18:13:25,994", "levelname": "INFO", "name": "AresGlobal.Step2.FeatureEngineering", "message": "✅ Completed feature engineering for train: 512 features", "correlation_id": "f2084f8710c5462bbecdef1e5f11da25", "session_id": "-", "timestamp": "2025-08-19T16:13:25.994495+00:00"}
{"asctime": "2025-08-19 18:13:26,087", "levelname": "INFO", "name": "AresGlobal.Step2.FeatureEngineering", "message": "🔧 Engineering features for validation", "correlation_id": "f2084f8710c5462bbecdef1e5f11da25", "session_id": "-", "timestamp": "2025-08-19T16:13:26.087785+00:00"}
{"asctime": "2025-08-19 18:13:26,089", "levelname": "INFO", "name": "AresGlobal.RawDataQualityChecker", "message": "🔧 Enhanced preprocessing for BINANCE ETHUSDT", "correlation_id": "f2084f8710c5462bbecdef1e5f11da25", "session_id": "-", "timestamp": "2025-08-19T16:13:26.089775+00:00"}
{"asctime": "2025-08-19 18:13:26,089", "levelname": "INFO", "name": "AresGlobal.RawDataQualityChecker", "message": "   Expected interval: 60s", "correlation_id": "f2084f8710c5462bbecdef1e5f11da25", "session_id": "-", "timestamp": "2025-08-19T16:13:26.089866+00:00"}
{"asctime": "2025-08-19 18:13:26,089", "levelname": "INFO", "name": "AresGlobal.RawDataQualityChecker", "message": "   Max forward-fill: 10s", "correlation_id": "f2084f8710c5462bbecdef1e5f11da25", "session_id": "-", "timestamp": "2025-08-19T16:13:26.089950+00:00"}
{"asctime": "2025-08-19 18:13:26,090", "levelname": "INFO", "name": "AresGlobal.RawDataQualityChecker", "message": "   Download missing: True", "correlation_id": "f2084f8710c5462bbecdef1e5f11da25", "session_id": "-", "timestamp": "2025-08-19T16:13:26.090044+00:00"}
{"asctime": "2025-08-19 18:13:26,090", "levelname": "INFO", "name": "AresGlobal.RawDataQualityChecker", "message": "🔧 Step 1: Resampling to 60S intervals", "correlation_id": "f2084f8710c5462bbecdef1e5f11da25", "session_id": "-", "timestamp": "2025-08-19T16:13:26.090136+00:00"}
{"asctime": "2025-08-19 18:13:26,091", "levelname": "INFO", "name": "AresGlobal.RawDataQualityChecker", "message": "🔧 Step 2: Re-adding original data to preserve accuracy", "correlation_id": "f2084f8710c5462bbecdef1e5f11da25", "session_id": "-", "timestamp": "2025-08-19T16:13:26.091699+00:00"}
{"asctime": "2025-08-19 18:13:28,198", "levelname": "INFO", "name": "AresGlobal.RawDataQualityChecker", "message": "🔧 Step 3: Analyzing gaps and applying intelligent handling", "correlation_id": "f2084f8710c5462bbecdef1e5f11da25", "session_id": "-", "timestamp": "2025-08-19T16:13:28.198907+00:00"}
{"asctime": "2025-08-19 18:13:28,200", "levelname": "INFO", "name": "AresGlobal.RawDataQualityChecker", "message": "🔧 Step 5: Final forward-fill for 10110 remaining nulls", "correlation_id": "f2084f8710c5462bbecdef1e5f11da25", "session_id": "-", "timestamp": "2025-08-19T16:13:28.200114+00:00"}
{"asctime": "2025-08-19 18:13:28,201", "levelname": "INFO", "name": "AresGlobal.RawDataQualityChecker", "message": "✅ Enhanced preprocessing completed:", "correlation_id": "f2084f8710c5462bbecdef1e5f11da25", "session_id": "-", "timestamp": "2025-08-19T16:13:28.201309+00:00"}
{"asctime": "2025-08-19 18:13:28,201", "levelname": "INFO", "name": "AresGlobal.RawDataQualityChecker", "message": "   Original shape: (36400, 5)", "correlation_id": "f2084f8710c5462bbecdef1e5f11da25", "session_id": "-", "timestamp": "2025-08-19T16:13:28.201438+00:00"}
{"asctime": "2025-08-19 18:13:28,201", "levelname": "INFO", "name": "AresGlobal.RawDataQualityChecker", "message": "   Final shape: (38422, 5)", "correlation_id": "f2084f8710c5462bbecdef1e5f11da25", "session_id": "-", "timestamp": "2025-08-19T16:13:28.201532+00:00"}
{"asctime": "2025-08-19 18:13:28,201", "levelname": "INFO", "name": "AresGlobal.RawDataQualityChecker", "message": "   Remaining large gaps: 0", "correlation_id": "f2084f8710c5462bbecdef1e5f11da25", "session_id": "-", "timestamp": "2025-08-19T16:13:28.201619+00:00"}
{"asctime": "2025-08-19 18:13:28,202", "levelname": "INFO", "name": "AresGlobal.RawDataQualityChecker", "message": "   Data completeness: 1.000", "correlation_id": "f2084f8710c5462bbecdef1e5f11da25", "session_id": "-", "timestamp": "2025-08-19T16:13:28.202270+00:00"}
{"asctime": "2025-08-19 18:13:28,203", "levelname": "INFO", "name": "AresGlobal.RawDataQualityChecker", "message": "🔧 Enhanced preprocessing for BINANCE ETHUSDT", "correlation_id": "f2084f8710c5462bbecdef1e5f11da25", "session_id": "-", "timestamp": "2025-08-19T16:13:28.203012+00:00"}
{"asctime": "2025-08-19 18:13:28,203", "levelname": "INFO", "name": "AresGlobal.RawDataQualityChecker", "message": "   Expected interval: 60s", "correlation_id": "f2084f8710c5462bbecdef1e5f11da25", "session_id": "-", "timestamp": "2025-08-19T16:13:28.203107+00:00"}
{"asctime": "2025-08-19 18:13:28,203", "levelname": "INFO", "name": "AresGlobal.RawDataQualityChecker", "message": "   Max forward-fill: 10s", "correlation_id": "f2084f8710c5462bbecdef1e5f11da25", "session_id": "-", "timestamp": "2025-08-19T16:13:28.203192+00:00"}
{"asctime": "2025-08-19 18:13:28,203", "levelname": "INFO", "name": "AresGlobal.RawDataQualityChecker", "message": "   Download missing: True", "correlation_id": "f2084f8710c5462bbecdef1e5f11da25", "session_id": "-", "timestamp": "2025-08-19T16:13:28.203278+00:00"}
{"asctime": "2025-08-19 18:13:28,203", "levelname": "INFO", "name": "AresGlobal.RawDataQualityChecker", "message": "🔧 Step 1: Resampling to 60S intervals", "correlation_id": "f2084f8710c5462bbecdef1e5f11da25", "session_id": "-", "timestamp": "2025-08-19T16:13:28.203371+00:00"}
{"asctime": "2025-08-19 18:13:28,204", "levelname": "INFO", "name": "AresGlobal.RawDataQualityChecker", "message": "🔧 Step 2: Re-adding original data to preserve accuracy", "correlation_id": "f2084f8710c5462bbecdef1e5f11da25", "session_id": "-", "timestamp": "2025-08-19T16:13:28.204354+00:00"}
{"asctime": "2025-08-19 18:13:30,463", "levelname": "INFO", "name": "AresGlobal.RawDataQualityChecker", "message": "🔧 Step 3: Analyzing gaps and applying intelligent handling", "correlation_id": "f2084f8710c5462bbecdef1e5f11da25", "session_id": "-", "timestamp": "2025-08-19T16:13:30.463916+00:00"}
{"asctime": "2025-08-19 18:13:30,465", "levelname": "INFO", "name": "AresGlobal.RawDataQualityChecker", "message": "🔧 Step 5: Final forward-fill for 2022 remaining nulls", "correlation_id": "f2084f8710c5462bbecdef1e5f11da25", "session_id": "-", "timestamp": "2025-08-19T16:13:30.465079+00:00"}
{"asctime": "2025-08-19 18:13:30,466", "levelname": "INFO", "name": "AresGlobal.RawDataQualityChecker", "message": "✅ Enhanced preprocessing completed:", "correlation_id": "f2084f8710c5462bbecdef1e5f11da25", "session_id": "-", "timestamp": "2025-08-19T16:13:30.466044+00:00"}
{"asctime": "2025-08-19 18:13:30,466", "levelname": "INFO", "name": "AresGlobal.RawDataQualityChecker", "message": "   Original shape: (36400, 1)", "correlation_id": "f2084f8710c5462bbecdef1e5f11da25", "session_id": "-", "timestamp": "2025-08-19T16:13:30.466162+00:00"}
{"asctime": "2025-08-19 18:13:30,466", "levelname": "INFO", "name": "AresGlobal.RawDataQualityChecker", "message": "   Final shape: (38422, 1)", "correlation_id": "f2084f8710c5462bbecdef1e5f11da25", "session_id": "-", "timestamp": "2025-08-19T16:13:30.466257+00:00"}
{"asctime": "2025-08-19 18:13:30,466", "levelname": "INFO", "name": "AresGlobal.RawDataQualityChecker", "message": "   Remaining large gaps: 0", "correlation_id": "f2084f8710c5462bbecdef1e5f11da25", "session_id": "-", "timestamp": "2025-08-19T16:13:30.466342+00:00"}
{"asctime": "2025-08-19 18:13:30,466", "levelname": "INFO", "name": "AresGlobal.RawDataQualityChecker", "message": "   Data completeness: 1.000", "correlation_id": "f2084f8710c5462bbecdef1e5f11da25", "session_id": "-", "timestamp": "2025-08-19T16:13:30.466566+00:00"}
{"asctime": "2025-08-19 18:13:30,529", "levelname": "INFO", "name": "AresGlobal.DataQualityDecorator", "message": "🔍 [DATA QUALITY] Starting validation for analyze_correlations_vectorized", "correlation_id": "f2084f8710c5462bbecdef1e5f11da25", "session_id": "-", "timestamp": "2025-08-19T16:13:30.529879+00:00"}
{"asctime": "2025-08-19 18:13:30,530", "levelname": "INFO", "name": "AresGlobal.DataQualityDecorator", "message": "📊 [DATA QUALITY] Data type validation result for analyze_correlations_vectorized: klines_ohlcv", "correlation_id": "f2084f8710c5462bbecdef1e5f11da25", "session_id": "-", "timestamp": "2025-08-19T16:13:30.530086+00:00"}
{"asctime": "2025-08-19 18:13:30,530", "levelname": "INFO", "name": "AresGlobal.DataQualityDecorator", "message": "📊 [DATA QUALITY] Data type detected: klines_ohlcv for analyze_correlations_vectorized", "correlation_id": "f2084f8710c5462bbecdef1e5f11da25", "session_id": "-", "timestamp": "2025-08-19T16:13:30.530185+00:00"}
{"asctime": "2025-08-19 18:13:30,530", "levelname": "INFO", "name": "AresGlobal.DataQualityDecorator", "message": "🔍 [DATA QUALITY] Checking cache for analyze_correlations_vectorized", "correlation_id": "f2084f8710c5462bbecdef1e5f11da25", "session_id": "-", "timestamp": "2025-08-19T16:13:30.530273+00:00"}
{"asctime": "2025-08-19 18:13:30,530", "levelname": "INFO", "name": "AresGlobal.DataQualityDecorator", "message": "🔄 [DATA QUALITY] No valid cached result found for analyze_correlations_vectorized, proceeding with validation", "correlation_id": "f2084f8710c5462bbecdef1e5f11da25", "session_id": "-", "timestamp": "2025-08-19T16:13:30.530396+00:00"}
{"asctime": "2025-08-19 18:13:30,530", "levelname": "INFO", "name": "AresGlobal.DataQualityDecorator", "message": "🔍 [DATA QUALITY] Extracting symbol and exchange for analyze_correlations_vectorized", "correlation_id": "f2084f8710c5462bbecdef1e5f11da25", "session_id": "-", "timestamp": "2025-08-19T16:13:30.530484+00:00"}
{"asctime": "2025-08-19 18:13:30,530", "levelname": "INFO", "name": "AresGlobal.DataQualityDecorator", "message": "📊 [DATA QUALITY] Symbol: ETHUSDT, Exchange: BINANCE", "correlation_id": "f2084f8710c5462bbecdef1e5f11da25", "session_id": "-", "timestamp": "2025-08-19T16:13:30.530582+00:00"}
{"asctime": "2025-08-19 18:13:30,530", "levelname": "INFO", "name": "AresGlobal.DataQualityDecorator", "message": "🔍 [DATA QUALITY] Getting validation configuration for analyze_correlations_vectorized", "correlation_id": "f2084f8710c5462bbecdef1e5f11da25", "session_id": "-", "timestamp": "2025-08-19T16:13:30.530667+00:00"}
{"asctime": "2025-08-19 18:13:30,530", "levelname": "INFO", "name": "AresGlobal.DataQualityDecorator", "message": "📊 [DATA QUALITY] Validation config loaded for analyze_correlations_vectorized", "correlation_id": "f2084f8710c5462bbecdef1e5f11da25", "session_id": "-", "timestamp": "2025-08-19T16:13:30.530757+00:00"}
{"asctime": "2025-08-19 18:13:30,530", "levelname": "INFO", "name": "AresGlobal.DataQualityDecorator", "message": "🔍 [DATA QUALITY] Starting data quality validation for analyze_correlations_vectorized (ETHUSDT on BINANCE)", "correlation_id": "f2084f8710c5462bbecdef1e5f11da25", "session_id": "-", "timestamp": "2025-08-19T16:13:30.530842+00:00"}
{"asctime": "2025-08-19 18:13:30,530", "levelname": "INFO", "name": "AresGlobal.RawDataQualityChecker", "message": "🚀 validate_raw_data: Starting validation...", "correlation_id": "f2084f8710c5462bbecdef1e5f11da25", "session_id": "-", "timestamp": "2025-08-19T16:13:30.530950+00:00"}
{"asctime": "2025-08-19 18:13:30,532", "levelname": "INFO", "name": "AresGlobal.RawDataQualityChecker", "message": "🔍 Starting raw data quality validation for BINANCE ETHUSDT", "correlation_id": "f2084f8710c5462bbecdef1e5f11da25", "session_id": "-", "timestamp": "2025-08-19T16:13:30.532139+00:00"}
{"asctime": "2025-08-19 18:13:30,532", "levelname": "INFO", "name": "AresGlobal.RawDataQualityChecker", "message": "Validating data structure...", "correlation_id": "f2084f8710c5462bbecdef1e5f11da25", "session_id": "-", "timestamp": "2025-08-19T16:13:30.532273+00:00"}
{"asctime": "2025-08-19 18:13:30,532", "levelname": "INFO", "name": "AresGlobal.RawDataQualityChecker", "message": "Validating data completeness...", "correlation_id": "f2084f8710c5462bbecdef1e5f11da25", "session_id": "-", "timestamp": "2025-08-19T16:13:30.532415+00:00"}
{"asctime": "2025-08-19 18:13:30,533", "levelname": "INFO", "name": "AresGlobal.RawDataQualityChecker", "message": "Validating data integrity...", "correlation_id": "f2084f8710c5462bbecdef1e5f11da25", "session_id": "-", "timestamp": "2025-08-19T16:13:30.533741+00:00"}
{"asctime": "2025-08-19 18:13:30,535", "levelname": "INFO", "name": "AresGlobal.RawDataQualityChecker", "message": "Validating market-specific issues...", "correlation_id": "f2084f8710c5462bbecdef1e5f11da25", "session_id": "-", "timestamp": "2025-08-19T16:13:30.535245+00:00"}
{"asctime": "2025-08-19 18:13:30,536", "levelname": "INFO", "name": "AresGlobal.RawDataQualityChecker", "message": "Validating feature engineering requirements...", "correlation_id": "f2084f8710c5462bbecdef1e5f11da25", "session_id": "-", "timestamp": "2025-08-19T16:13:30.536460+00:00"}
{"asctime": "2025-08-19 18:13:30,544", "levelname": "INFO", "name": "AresGlobal.RawDataQualityChecker", "message": "✅ No irregular intervals detected (ratio: 0.000)", "correlation_id": "f2084f8710c5462bbecdef1e5f11da25", "session_id": "-", "timestamp": "2025-08-19T16:13:30.544647+00:00"}
{"asctime": "2025-08-19 18:13:30,546", "levelname": "INFO", "name": "AresGlobal.RawDataQualityChecker", "message": "✅ No large gaps found - data is continuous", "correlation_id": "f2084f8710c5462bbecdef1e5f11da25", "session_id": "-", "timestamp": "2025-08-19T16:13:30.546074+00:00"}
{"asctime": "2025-08-19 18:13:30,546", "levelname": "INFO", "name": "AresGlobal.RawDataQualityChecker", "message": "✅ Raw data validation passed for ETHUSDT (Score: 1.00)", "correlation_id": "f2084f8710c5462bbecdef1e5f11da25", "session_id": "-", "timestamp": "2025-08-19T16:13:30.546256+00:00"}
{"asctime": "2025-08-19 18:13:30,546", "levelname": "INFO", "name": "AresGlobal.RawDataQualityChecker", "message": "✅ PASSED validate_raw_data: Completed in 0.02s", "correlation_id": "f2084f8710c5462bbecdef1e5f11da25", "session_id": "-", "timestamp": "2025-08-19T16:13:30.546369+00:00"}
{"asctime": "2025-08-19 18:13:30,546", "levelname": "INFO", "name": "AresGlobal.DataQualityCache", "message": "💾 [CACHE] Cached validation result for analyze_correlations_vectorized", "correlation_id": "f2084f8710c5462bbecdef1e5f11da25", "session_id": "-", "timestamp": "2025-08-19T16:13:30.546507+00:00"}
{"asctime": "2025-08-19 18:13:30,546", "levelname": "INFO", "name": "AresGlobal.DataQualityDecorator", "message": "📊 [DATA QUALITY] Processing validation results for analyze_correlations_vectorized", "correlation_id": "f2084f8710c5462bbecdef1e5f11da25", "session_id": "-", "timestamp": "2025-08-19T16:13:30.546605+00:00"}
{"asctime": "2025-08-19 18:13:30,546", "levelname": "INFO", "name": "AresGlobal.DataQualityDecorator", "message": "   📊 Validation level: warning", "correlation_id": "f2084f8710c5462bbecdef1e5f11da25", "session_id": "-", "timestamp": "2025-08-19T16:13:30.546694+00:00"}
{"asctime": "2025-08-19 18:13:30,546", "levelname": "INFO", "name": "AresGlobal.DataQualityDecorator", "message": "   📊 Validation passed: True", "correlation_id": "f2084f8710c5462bbecdef1e5f11da25", "session_id": "-", "timestamp": "2025-08-19T16:13:30.546784+00:00"}
{"asctime": "2025-08-19 18:13:30,546", "levelname": "INFO", "name": "AresGlobal.DataQualityDecorator", "message": "   📊 Quality score: 1.00", "correlation_id": "f2084f8710c5462bbecdef1e5f11da25", "session_id": "-", "timestamp": "2025-08-19T16:13:30.546872+00:00"}
{"asctime": "2025-08-19 18:13:30,546", "levelname": "INFO", "name": "AresGlobal.DataQualityDecorator", "message": "   📊 Critical issues: 0", "correlation_id": "f2084f8710c5462bbecdef1e5f11da25", "session_id": "-", "timestamp": "2025-08-19T16:13:30.546956+00:00"}
{"asctime": "2025-08-19 18:13:30,547", "levelname": "INFO", "name": "AresGlobal.DataQualityDecorator", "message": "   📊 Warnings: 0", "correlation_id": "f2084f8710c5462bbecdef1e5f11da25", "session_id": "-", "timestamp": "2025-08-19T16:13:30.547044+00:00"}
{"asctime": "2025-08-19 18:13:30,547", "levelname": "INFO", "name": "AresGlobal.DataQualityDecorator", "message": "✅ [DATA QUALITY] WARNING validation passed for analyze_correlations_vectorized", "correlation_id": "f2084f8710c5462bbecdef1e5f11da25", "session_id": "-", "timestamp": "2025-08-19T16:13:30.547129+00:00"}
{"asctime": "2025-08-19 18:13:30,547", "levelname": "INFO", "name": "AresGlobal.DataQualityDecorator", "message": "🚀 [DATA QUALITY] Executing original function analyze_correlations_vectorized", "correlation_id": "f2084f8710c5462bbecdef1e5f11da25", "session_id": "-", "timestamp": "2025-08-19T16:13:30.547216+00:00"}
{"asctime": "2025-08-19 18:13:30,584", "levelname": "INFO", "name": "AresGlobal.DataQualityDecorator", "message": "✅ [DATA QUALITY] Completed validation for analyze_correlations_vectorized", "correlation_id": "f2084f8710c5462bbecdef1e5f11da25", "session_id": "-", "timestamp": "2025-08-19T16:13:30.584015+00:00"}
{"asctime": "2025-08-19 18:13:30,584", "levelname": "INFO", "name": "AresGlobal.DataQualityDecorator", "message": "🔍 [DATA QUALITY] Starting validation for analyze_momentum_vectorized", "correlation_id": "f2084f8710c5462bbecdef1e5f11da25", "session_id": "-", "timestamp": "2025-08-19T16:13:30.584565+00:00"}
{"asctime": "2025-08-19 18:13:30,584", "levelname": "INFO", "name": "AresGlobal.DataQualityDecorator", "message": "📊 [DATA QUALITY] Data type validation result for analyze_momentum_vectorized: klines_ohlcv", "correlation_id": "f2084f8710c5462bbecdef1e5f11da25", "session_id": "-", "timestamp": "2025-08-19T16:13:30.584728+00:00"}
{"asctime": "2025-08-19 18:13:30,584", "levelname": "INFO", "name": "AresGlobal.DataQualityDecorator", "message": "📊 [DATA QUALITY] Data type detected: klines_ohlcv for analyze_momentum_vectorized", "correlation_id": "f2084f8710c5462bbecdef1e5f11da25", "session_id": "-", "timestamp": "2025-08-19T16:13:30.584819+00:00"}
{"asctime": "2025-08-19 18:13:30,584", "levelname": "INFO", "name": "AresGlobal.DataQualityDecorator", "message": "🔍 [DATA QUALITY] Checking cache for analyze_momentum_vectorized", "correlation_id": "f2084f8710c5462bbecdef1e5f11da25", "session_id": "-", "timestamp": "2025-08-19T16:13:30.584904+00:00"}
{"asctime": "2025-08-19 18:13:30,585", "levelname": "INFO", "name": "AresGlobal.DataQualityDecorator", "message": "🔄 [DATA QUALITY] No valid cached result found for analyze_momentum_vectorized, proceeding with validation", "correlation_id": "f2084f8710c5462bbecdef1e5f11da25", "session_id": "-", "timestamp": "2025-08-19T16:13:30.585014+00:00"}
{"asctime": "2025-08-19 18:13:30,585", "levelname": "INFO", "name": "AresGlobal.DataQualityDecorator", "message": "🔍 [DATA QUALITY] Extracting symbol and exchange for analyze_momentum_vectorized", "correlation_id": "f2084f8710c5462bbecdef1e5f11da25", "session_id": "-", "timestamp": "2025-08-19T16:13:30.585098+00:00"}
{"asctime": "2025-08-19 18:13:30,585", "levelname": "INFO", "name": "AresGlobal.DataQualityDecorator", "message": "📊 [DATA QUALITY] Symbol: ETHUSDT, Exchange: BINANCE", "correlation_id": "f2084f8710c5462bbecdef1e5f11da25", "session_id": "-", "timestamp": "2025-08-19T16:13:30.585186+00:00"}
{"asctime": "2025-08-19 18:13:30,585", "levelname": "INFO", "name": "AresGlobal.DataQualityDecorator", "message": "🔍 [DATA QUALITY] Getting validation configuration for analyze_momentum_vectorized", "correlation_id": "f2084f8710c5462bbecdef1e5f11da25", "session_id": "-", "timestamp": "2025-08-19T16:13:30.585271+00:00"}
{"asctime": "2025-08-19 18:13:30,585", "levelname": "INFO", "name": "AresGlobal.DataQualityDecorator", "message": "📊 [DATA QUALITY] Validation config loaded for analyze_momentum_vectorized", "correlation_id": "f2084f8710c5462bbecdef1e5f11da25", "session_id": "-", "timestamp": "2025-08-19T16:13:30.585359+00:00"}
{"asctime": "2025-08-19 18:13:30,585", "levelname": "INFO", "name": "AresGlobal.DataQualityDecorator", "message": "🔍 [DATA QUALITY] Starting data quality validation for analyze_momentum_vectorized (ETHUSDT on BINANCE)", "correlation_id": "f2084f8710c5462bbecdef1e5f11da25", "session_id": "-", "timestamp": "2025-08-19T16:13:30.585442+00:00"}
{"asctime": "2025-08-19 18:13:30,585", "levelname": "INFO", "name": "AresGlobal.RawDataQualityChecker", "message": "🚀 validate_raw_data: Starting validation...", "correlation_id": "f2084f8710c5462bbecdef1e5f11da25", "session_id": "-", "timestamp": "2025-08-19T16:13:30.585542+00:00"}
{"asctime": "2025-08-19 18:13:30,586", "levelname": "INFO", "name": "AresGlobal.RawDataQualityChecker", "message": "🔍 Starting raw data quality validation for BINANCE ETHUSDT", "correlation_id": "f2084f8710c5462bbecdef1e5f11da25", "session_id": "-", "timestamp": "2025-08-19T16:13:30.586648+00:00"}
{"asctime": "2025-08-19 18:13:30,586", "levelname": "INFO", "name": "AresGlobal.RawDataQualityChecker", "message": "Validating data structure...", "correlation_id": "f2084f8710c5462bbecdef1e5f11da25", "session_id": "-", "timestamp": "2025-08-19T16:13:30.586770+00:00"}
{"asctime": "2025-08-19 18:13:30,586", "levelname": "INFO", "name": "AresGlobal.RawDataQualityChecker", "message": "Validating data completeness...", "correlation_id": "f2084f8710c5462bbecdef1e5f11da25", "session_id": "-", "timestamp": "2025-08-19T16:13:30.586904+00:00"}
{"asctime": "2025-08-19 18:13:30,588", "levelname": "INFO", "name": "AresGlobal.RawDataQualityChecker", "message": "Validating data integrity...", "correlation_id": "f2084f8710c5462bbecdef1e5f11da25", "session_id": "-", "timestamp": "2025-08-19T16:13:30.588202+00:00"}
{"asctime": "2025-08-19 18:13:30,589", "levelname": "INFO", "name": "AresGlobal.RawDataQualityChecker", "message": "Validating market-specific issues...", "correlation_id": "f2084f8710c5462bbecdef1e5f11da25", "session_id": "-", "timestamp": "2025-08-19T16:13:30.589530+00:00"}
{"asctime": "2025-08-19 18:13:30,590", "levelname": "INFO", "name": "AresGlobal.RawDataQualityChecker", "message": "Validating feature engineering requirements...", "correlation_id": "f2084f8710c5462bbecdef1e5f11da25", "session_id": "-", "timestamp": "2025-08-19T16:13:30.590658+00:00"}
{"asctime": "2025-08-19 18:13:30,598", "levelname": "INFO", "name": "AresGlobal.RawDataQualityChecker", "message": "✅ No irregular intervals detected (ratio: 0.000)", "correlation_id": "f2084f8710c5462bbecdef1e5f11da25", "session_id": "-", "timestamp": "2025-08-19T16:13:30.598860+00:00"}
{"asctime": "2025-08-19 18:13:30,600", "levelname": "INFO", "name": "AresGlobal.RawDataQualityChecker", "message": "✅ No large gaps found - data is continuous", "correlation_id": "f2084f8710c5462bbecdef1e5f11da25", "session_id": "-", "timestamp": "2025-08-19T16:13:30.600025+00:00"}
{"asctime": "2025-08-19 18:13:30,600", "levelname": "INFO", "name": "AresGlobal.RawDataQualityChecker", "message": "✅ Raw data validation passed for ETHUSDT (Score: 1.00)", "correlation_id": "f2084f8710c5462bbecdef1e5f11da25", "session_id": "-", "timestamp": "2025-08-19T16:13:30.600147+00:00"}
{"asctime": "2025-08-19 18:13:30,600", "levelname": "INFO", "name": "AresGlobal.RawDataQualityChecker", "message": "✅ PASSED validate_raw_data: Completed in 0.01s", "correlation_id": "f2084f8710c5462bbecdef1e5f11da25", "session_id": "-", "timestamp": "2025-08-19T16:13:30.600254+00:00"}
{"asctime": "2025-08-19 18:13:30,600", "levelname": "INFO", "name": "AresGlobal.DataQualityCache", "message": "💾 [CACHE] Cached validation result for analyze_momentum_vectorized", "correlation_id": "f2084f8710c5462bbecdef1e5f11da25", "session_id": "-", "timestamp": "2025-08-19T16:13:30.600371+00:00"}
{"asctime": "2025-08-19 18:13:30,600", "levelname": "INFO", "name": "AresGlobal.DataQualityDecorator", "message": "📊 [DATA QUALITY] Processing validation results for analyze_momentum_vectorized", "correlation_id": "f2084f8710c5462bbecdef1e5f11da25", "session_id": "-", "timestamp": "2025-08-19T16:13:30.600468+00:00"}
{"asctime": "2025-08-19 18:13:30,600", "levelname": "INFO", "name": "AresGlobal.DataQualityDecorator", "message": "   📊 Validation level: warning", "correlation_id": "f2084f8710c5462bbecdef1e5f11da25", "session_id": "-", "timestamp": "2025-08-19T16:13:30.600558+00:00"}
{"asctime": "2025-08-19 18:13:30,600", "levelname": "INFO", "name": "AresGlobal.DataQualityDecorator", "message": "   📊 Validation passed: True", "correlation_id": "f2084f8710c5462bbecdef1e5f11da25", "session_id": "-", "timestamp": "2025-08-19T16:13:30.600648+00:00"}
{"asctime": "2025-08-19 18:13:30,600", "levelname": "INFO", "name": "AresGlobal.DataQualityDecorator", "message": "   📊 Quality score: 1.00", "correlation_id": "f2084f8710c5462bbecdef1e5f11da25", "session_id": "-", "timestamp": "2025-08-19T16:13:30.600734+00:00"}
{"asctime": "2025-08-19 18:13:30,600", "levelname": "INFO", "name": "AresGlobal.DataQualityDecorator", "message": "   📊 Critical issues: 0", "correlation_id": "f2084f8710c5462bbecdef1e5f11da25", "session_id": "-", "timestamp": "2025-08-19T16:13:30.600818+00:00"}
{"asctime": "2025-08-19 18:13:30,600", "levelname": "INFO", "name": "AresGlobal.DataQualityDecorator", "message": "   📊 Warnings: 0", "correlation_id": "f2084f8710c5462bbecdef1e5f11da25", "session_id": "-", "timestamp": "2025-08-19T16:13:30.600906+00:00"}
{"asctime": "2025-08-19 18:13:30,600", "levelname": "INFO", "name": "AresGlobal.DataQualityDecorator", "message": "✅ [DATA QUALITY] WARNING validation passed for analyze_momentum_vectorized", "correlation_id": "f2084f8710c5462bbecdef1e5f11da25", "session_id": "-", "timestamp": "2025-08-19T16:13:30.600991+00:00"}
{"asctime": "2025-08-19 18:13:30,601", "levelname": "INFO", "name": "AresGlobal.DataQualityDecorator", "message": "🚀 [DATA QUALITY] Executing original function analyze_momentum_vectorized", "correlation_id": "f2084f8710c5462bbecdef1e5f11da25", "session_id": "-", "timestamp": "2025-08-19T16:13:30.601082+00:00"}
{"asctime": "2025-08-19 18:13:30,611", "levelname": "INFO", "name": "AresGlobal.DataQualityDecorator", "message": "✅ [DATA QUALITY] Completed validation for analyze_momentum_vectorized", "correlation_id": "f2084f8710c5462bbecdef1e5f11da25", "session_id": "-", "timestamp": "2025-08-19T16:13:30.611506+00:00"}
{"asctime": "2025-08-19 18:13:30,621", "levelname": "INFO", "name": "AresGlobal.DataQualityDecorator", "message": "🔍 [DATA QUALITY] Starting validation for analyze_patterns", "correlation_id": "f2084f8710c5462bbecdef1e5f11da25", "session_id": "-", "timestamp": "2025-08-19T16:13:30.621009+00:00"}
{"asctime": "2025-08-19 18:13:30,621", "levelname": "INFO", "name": "AresGlobal.DataQualityDecorator", "message": "📊 [DATA QUALITY] Data type validation result for analyze_patterns: klines_ohlcv", "correlation_id": "f2084f8710c5462bbecdef1e5f11da25", "session_id": "-", "timestamp": "2025-08-19T16:13:30.621172+00:00"}
{"asctime": "2025-08-19 18:13:30,621", "levelname": "INFO", "name": "AresGlobal.DataQualityDecorator", "message": "📊 [DATA QUALITY] Data type detected: klines_ohlcv for analyze_patterns", "correlation_id": "f2084f8710c5462bbecdef1e5f11da25", "session_id": "-", "timestamp": "2025-08-19T16:13:30.621265+00:00"}
{"asctime": "2025-08-19 18:13:30,621", "levelname": "INFO", "name": "AresGlobal.DataQualityDecorator", "message": "🔍 [DATA QUALITY] Checking cache for analyze_patterns", "correlation_id": "f2084f8710c5462bbecdef1e5f11da25", "session_id": "-", "timestamp": "2025-08-19T16:13:30.621351+00:00"}
{"asctime": "2025-08-19 18:13:30,621", "levelname": "INFO", "name": "AresGlobal.DataQualityDecorator", "message": "🔄 [DATA QUALITY] No valid cached result found for analyze_patterns, proceeding with validation", "correlation_id": "f2084f8710c5462bbecdef1e5f11da25", "session_id": "-", "timestamp": "2025-08-19T16:13:30.621463+00:00"}
{"asctime": "2025-08-19 18:13:30,621", "levelname": "INFO", "name": "AresGlobal.DataQualityDecorator", "message": "🔍 [DATA QUALITY] Extracting symbol and exchange for analyze_patterns", "correlation_id": "f2084f8710c5462bbecdef1e5f11da25", "session_id": "-", "timestamp": "2025-08-19T16:13:30.621547+00:00"}
{"asctime": "2025-08-19 18:13:30,621", "levelname": "INFO", "name": "AresGlobal.DataQualityDecorator", "message": "📊 [DATA QUALITY] Symbol: ETHUSDT, Exchange: BINANCE", "correlation_id": "f2084f8710c5462bbecdef1e5f11da25", "session_id": "-", "timestamp": "2025-08-19T16:13:30.621633+00:00"}
{"asctime": "2025-08-19 18:13:30,621", "levelname": "INFO", "name": "AresGlobal.DataQualityDecorator", "message": "🔍 [DATA QUALITY] Getting validation configuration for analyze_patterns", "correlation_id": "f2084f8710c5462bbecdef1e5f11da25", "session_id": "-", "timestamp": "2025-08-19T16:13:30.621718+00:00"}
{"asctime": "2025-08-19 18:13:30,621", "levelname": "INFO", "name": "AresGlobal.DataQualityDecorator", "message": "📊 [DATA QUALITY] Validation config loaded for analyze_patterns", "correlation_id": "f2084f8710c5462bbecdef1e5f11da25", "session_id": "-", "timestamp": "2025-08-19T16:13:30.621807+00:00"}
{"asctime": "2025-08-19 18:13:30,621", "levelname": "INFO", "name": "AresGlobal.DataQualityDecorator", "message": "🔍 [DATA QUALITY] Starting data quality validation for analyze_patterns (ETHUSDT on BINANCE)", "correlation_id": "f2084f8710c5462bbecdef1e5f11da25", "session_id": "-", "timestamp": "2025-08-19T16:13:30.621893+00:00"}
{"asctime": "2025-08-19 18:13:30,621", "levelname": "INFO", "name": "AresGlobal.RawDataQualityChecker", "message": "🚀 validate_raw_data: Starting validation...", "correlation_id": "f2084f8710c5462bbecdef1e5f11da25", "session_id": "-", "timestamp": "2025-08-19T16:13:30.621991+00:00"}
{"asctime": "2025-08-19 18:13:30,622", "levelname": "INFO", "name": "AresGlobal.RawDataQualityChecker", "message": "🔍 Starting raw data quality validation for BINANCE ETHUSDT", "correlation_id": "f2084f8710c5462bbecdef1e5f11da25", "session_id": "-", "timestamp": "2025-08-19T16:13:30.622908+00:00"}
{"asctime": "2025-08-19 18:13:30,623", "levelname": "INFO", "name": "AresGlobal.RawDataQualityChecker", "message": "Validating data structure...", "correlation_id": "f2084f8710c5462bbecdef1e5f11da25", "session_id": "-", "timestamp": "2025-08-19T16:13:30.623025+00:00"}
{"asctime": "2025-08-19 18:13:30,623", "levelname": "INFO", "name": "AresGlobal.RawDataQualityChecker", "message": "Validating data completeness...", "correlation_id": "f2084f8710c5462bbecdef1e5f11da25", "session_id": "-", "timestamp": "2025-08-19T16:13:30.623158+00:00"}
{"asctime": "2025-08-19 18:13:30,624", "levelname": "INFO", "name": "AresGlobal.RawDataQualityChecker", "message": "Validating data integrity...", "correlation_id": "f2084f8710c5462bbecdef1e5f11da25", "session_id": "-", "timestamp": "2025-08-19T16:13:30.624454+00:00"}
{"asctime": "2025-08-19 18:13:30,626", "levelname": "INFO", "name": "AresGlobal.RawDataQualityChecker", "message": "Validating market-specific issues...", "correlation_id": "f2084f8710c5462bbecdef1e5f11da25", "session_id": "-", "timestamp": "2025-08-19T16:13:30.626202+00:00"}
{"asctime": "2025-08-19 18:13:30,627", "levelname": "INFO", "name": "AresGlobal.RawDataQualityChecker", "message": "Validating feature engineering requirements...", "correlation_id": "f2084f8710c5462bbecdef1e5f11da25", "session_id": "-", "timestamp": "2025-08-19T16:13:30.627843+00:00"}
{"asctime": "2025-08-19 18:13:30,635", "levelname": "INFO", "name": "AresGlobal.RawDataQualityChecker", "message": "✅ No irregular intervals detected (ratio: 0.000)", "correlation_id": "f2084f8710c5462bbecdef1e5f11da25", "session_id": "-", "timestamp": "2025-08-19T16:13:30.635681+00:00"}
{"asctime": "2025-08-19 18:13:30,636", "levelname": "INFO", "name": "AresGlobal.RawDataQualityChecker", "message": "✅ No large gaps found - data is continuous", "correlation_id": "f2084f8710c5462bbecdef1e5f11da25", "session_id": "-", "timestamp": "2025-08-19T16:13:30.636852+00:00"}
{"asctime": "2025-08-19 18:13:30,636", "levelname": "INFO", "name": "AresGlobal.RawDataQualityChecker", "message": "✅ Raw data validation passed for ETHUSDT (Score: 1.00)", "correlation_id": "f2084f8710c5462bbecdef1e5f11da25", "session_id": "-", "timestamp": "2025-08-19T16:13:30.636971+00:00"}
{"asctime": "2025-08-19 18:13:30,637", "levelname": "INFO", "name": "AresGlobal.RawDataQualityChecker", "message": "✅ PASSED validate_raw_data: Completed in 0.02s", "correlation_id": "f2084f8710c5462bbecdef1e5f11da25", "session_id": "-", "timestamp": "2025-08-19T16:13:30.637071+00:00"}
{"asctime": "2025-08-19 18:13:30,637", "levelname": "INFO", "name": "AresGlobal.DataQualityCache", "message": "💾 [CACHE] Cached validation result for analyze_patterns", "correlation_id": "f2084f8710c5462bbecdef1e5f11da25", "session_id": "-", "timestamp": "2025-08-19T16:13:30.637191+00:00"}
{"asctime": "2025-08-19 18:13:30,637", "levelname": "INFO", "name": "AresGlobal.DataQualityDecorator", "message": "📊 [DATA QUALITY] Processing validation results for analyze_patterns", "correlation_id": "f2084f8710c5462bbecdef1e5f11da25", "session_id": "-", "timestamp": "2025-08-19T16:13:30.637290+00:00"}
{"asctime": "2025-08-19 18:13:30,637", "levelname": "INFO", "name": "AresGlobal.DataQualityDecorator", "message": "   📊 Validation level: warning", "correlation_id": "f2084f8710c5462bbecdef1e5f11da25", "session_id": "-", "timestamp": "2025-08-19T16:13:30.637380+00:00"}
{"asctime": "2025-08-19 18:13:30,637", "levelname": "INFO", "name": "AresGlobal.DataQualityDecorator", "message": "   📊 Validation passed: True", "correlation_id": "f2084f8710c5462bbecdef1e5f11da25", "session_id": "-", "timestamp": "2025-08-19T16:13:30.637473+00:00"}
{"asctime": "2025-08-19 18:13:30,637", "levelname": "INFO", "name": "AresGlobal.DataQualityDecorator", "message": "   📊 Quality score: 1.00", "correlation_id": "f2084f8710c5462bbecdef1e5f11da25", "session_id": "-", "timestamp": "2025-08-19T16:13:30.637577+00:00"}
{"asctime": "2025-08-19 18:13:30,637", "levelname": "INFO", "name": "AresGlobal.DataQualityDecorator", "message": "   📊 Critical issues: 0", "correlation_id": "f2084f8710c5462bbecdef1e5f11da25", "session_id": "-", "timestamp": "2025-08-19T16:13:30.637707+00:00"}
{"asctime": "2025-08-19 18:13:30,637", "levelname": "INFO", "name": "AresGlobal.DataQualityDecorator", "message": "   📊 Warnings: 0", "correlation_id": "f2084f8710c5462bbecdef1e5f11da25", "session_id": "-", "timestamp": "2025-08-19T16:13:30.637803+00:00"}
{"asctime": "2025-08-19 18:13:30,637", "levelname": "INFO", "name": "AresGlobal.DataQualityDecorator", "message": "✅ [DATA QUALITY] WARNING validation passed for analyze_patterns", "correlation_id": "f2084f8710c5462bbecdef1e5f11da25", "session_id": "-", "timestamp": "2025-08-19T16:13:30.637895+00:00"}
{"asctime": "2025-08-19 18:13:30,637", "levelname": "INFO", "name": "AresGlobal.DataQualityDecorator", "message": "🚀 [DATA QUALITY] Executing original function analyze_patterns", "correlation_id": "f2084f8710c5462bbecdef1e5f11da25", "session_id": "-", "timestamp": "2025-08-19T16:13:30.637987+00:00"}
{"asctime": "2025-08-19 18:13:30,639", "levelname": "INFO", "name": "AresGlobal.DataQualityDecorator", "message": "✅ [DATA QUALITY] Completed validation for analyze_patterns", "correlation_id": "f2084f8710c5462bbecdef1e5f11da25", "session_id": "-", "timestamp": "2025-08-19T16:13:30.639664+00:00"}
{"asctime": "2025-08-19 18:14:04,823", "levelname": "INFO", "name": "AresGlobal.SRBreakoutPredictor", "message": "🚀 Initializing enhanced SR breakout predictor...", "correlation_id": "f2084f8710c5462bbecdef1e5f11da25", "session_id": "-", "timestamp": "2025-08-19T16:14:04.823160+00:00"}
{"asctime": "2025-08-19 18:14:04,823", "levelname": "INFO", "name": "AresGlobal.UnifiedRegimeClassifier", "message": "", "correlation_id": "f2084f8710c5462bbecdef1e5f11da25", "session_id": "-", "msg": "UnifiedRegimeClassifier configuration loaded", "exchange": "UNKNOWN", "symbol": "UNKNOWN", "n_states_configured": 3, "n_states_enforced_min": 3, "target_timeframe": "1h", "volatility_period": 10, "min_data_points_default": 1000, "timestamp": "2025-08-19T16:14:04.823344+00:00"}
{"asctime": "2025-08-19 18:14:04,823", "levelname": "INFO", "name": "AresGlobal.UnifiedRegimeClassifier", "message": "", "correlation_id": "f2084f8710c5462bbecdef1e5f11da25", "session_id": "-", "msg": "Regime classification thresholds", "thresholds": {"adx_sideways_threshold": 18, "volatility_threshold": 0.025, "atr_normalized_threshold": 0.035, "volatility_percentile_threshold": 0.8, "bb_width_volatility_threshold": 0.045}, "timestamp": "2025-08-19T16:14:04.823464+00:00"}
{"asctime": "2025-08-19 18:14:04,823", "levelname": "INFO", "name": "AresGlobal.UnifiedRegimeClassifier", "message": "🔧 BLANK MODE DETECTED: Using reduced minimum data points (50)", "correlation_id": "f2084f8710c5462bbecdef1e5f11da25", "session_id": "-", "timestamp": "2025-08-19T16:14:04.823645+00:00"}
{"asctime": "2025-08-19 18:14:04,823", "levelname": "INFO", "name": "AresGlobal.UnifiedRegimeClassifier", "message": "", "correlation_id": "f2084f8710c5462bbecdef1e5f11da25", "session_id": "-", "msg": "Model paths configured", "model_dir": "/Users/remyroche/Documents/Ares/checkpoints/analyst_models", "hmm_model_path": "/Users/remyroche/Documents/Ares/checkpoints/analyst_models/unified_hmm_model_UNKNOWN_UNKNOWN_1h.joblib", "ensemble_model_path": "/Users/remyroche/Documents/Ares/checkpoints/analyst_models/unified_ensemble_model_UNKNOWN_UNKNOWN_1h.joblib", "location_model_path": "/Users/remyroche/Documents/Ares/checkpoints/analyst_models/unified_location_model_UNKNOWN_UNKNOWN_1h.joblib", "timestamp": "2025-08-19T16:14:04.823835+00:00"}
{"asctime": "2025-08-19 18:14:04,823", "levelname": "INFO", "name": "AresGlobal.UnifiedRegimeClassifier", "message": "✅ UnifiedRegimeClassifier initialized successfully", "correlation_id": "f2084f8710c5462bbecdef1e5f11da25", "session_id": "-", "timestamp": "2025-08-19T16:14:04.823939+00:00"}
{"asctime": "2025-08-19 18:14:04,824", "levelname": "INFO", "name": "AresGlobal.SRBreakoutPredictor", "message": "✅ Enhanced SR breakout predictor initialized successfully", "correlation_id": "f2084f8710c5462bbecdef1e5f11da25", "session_id": "-", "timestamp": "2025-08-19T16:14:04.824034+00:00"}
{"asctime": "2025-08-19 18:14:05,004", "levelname": "INFO", "name": "AresGlobal.SRBreakoutPredictor", "message": "✅ Generated 14 comprehensive SR features", "correlation_id": "f2084f8710c5462bbecdef1e5f11da25", "session_id": "-", "timestamp": "2025-08-19T16:14:05.004055+00:00"}
{"asctime": "2025-08-19 18:14:05,004", "levelname": "INFO", "name": "AresGlobal.Step2.FeatureEngineering", "message": "✅ Generated 14 comprehensive SR features", "correlation_id": "f2084f8710c5462bbecdef1e5f11da25", "session_id": "-", "timestamp": "2025-08-19T16:14:05.004303+00:00"}
{"asctime": "2025-08-19 18:14:05,004", "levelname": "INFO", "name": "AresGlobal.Step2.FeatureEngineering", "message": "🔍 Comprehensive SR features: ['distance_to_support', 'distance_to_resistance', 'normalized_distance_to_support', 'normalized_distance_to_resistance', 'sr_proximity_score', 'strength_score', 'support_strength', 'resistance_strength', 'support_clarity_factor', 'resistance_clarity_factor', 'directional_pressure', 'sr_score', 'delta_sr_score', 'isolation_score']", "correlation_id": "f2084f8710c5462bbecdef1e5f11da25", "session_id": "-", "timestamp": "2025-08-19T16:14:05.004411+00:00"}
{"asctime": "2025-08-19 18:14:05,004", "levelname": "INFO", "name": "AresGlobal.Step2.FeatureEngineering", "message": "✅ Completed feature engineering for validation: 511 features", "correlation_id": "f2084f8710c5462bbecdef1e5f11da25", "session_id": "-", "timestamp": "2025-08-19T16:14:05.004568+00:00"}
{"asctime": "2025-08-19 18:14:05,106", "levelname": "INFO", "name": "AresGlobal.Step2.FeatureEngineering", "message": "🔧 Engineering features for test", "correlation_id": "f2084f8710c5462bbecdef1e5f11da25", "session_id": "-", "timestamp": "2025-08-19T16:14:05.106028+00:00"}
{"asctime": "2025-08-19 18:14:05,108", "levelname": "INFO", "name": "AresGlobal.RawDataQualityChecker", "message": "🔧 Enhanced preprocessing for BINANCE ETHUSDT", "correlation_id": "f2084f8710c5462bbecdef1e5f11da25", "session_id": "-", "timestamp": "2025-08-19T16:14:05.108515+00:00"}
{"asctime": "2025-08-19 18:14:05,108", "levelname": "INFO", "name": "AresGlobal.RawDataQualityChecker", "message": "   Expected interval: 60s", "correlation_id": "f2084f8710c5462bbecdef1e5f11da25", "session_id": "-", "timestamp": "2025-08-19T16:14:05.108612+00:00"}
{"asctime": "2025-08-19 18:14:05,108", "levelname": "INFO", "name": "AresGlobal.RawDataQualityChecker", "message": "   Max forward-fill: 10s", "correlation_id": "f2084f8710c5462bbecdef1e5f11da25", "session_id": "-", "timestamp": "2025-08-19T16:14:05.108693+00:00"}
{"asctime": "2025-08-19 18:14:05,108", "levelname": "INFO", "name": "AresGlobal.RawDataQualityChecker", "message": "   Download missing: True", "correlation_id": "f2084f8710c5462bbecdef1e5f11da25", "session_id": "-", "timestamp": "2025-08-19T16:14:05.108774+00:00"}
{"asctime": "2025-08-19 18:14:05,108", "levelname": "INFO", "name": "AresGlobal.RawDataQualityChecker", "message": "🔧 Step 1: Resampling to 60S intervals", "correlation_id": "f2084f8710c5462bbecdef1e5f11da25", "session_id": "-", "timestamp": "2025-08-19T16:14:05.108869+00:00"}
{"asctime": "2025-08-19 18:14:05,110", "levelname": "INFO", "name": "AresGlobal.RawDataQualityChecker", "message": "🔧 Step 2: Re-adding original data to preserve accuracy", "correlation_id": "f2084f8710c5462bbecdef1e5f11da25", "session_id": "-", "timestamp": "2025-08-19T16:14:05.110749+00:00"}
{"asctime": "2025-08-19 18:14:07,228", "levelname": "INFO", "name": "AresGlobal.RawDataQualityChecker", "message": "🔧 Step 3: Analyzing gaps and applying intelligent handling", "correlation_id": "f2084f8710c5462bbecdef1e5f11da25", "session_id": "-", "timestamp": "2025-08-19T16:14:07.228991+00:00"}
{"asctime": "2025-08-19 18:14:07,230", "levelname": "INFO", "name": "AresGlobal.RawDataQualityChecker", "message": "🔧 Step 5: Final forward-fill for 1130 remaining nulls", "correlation_id": "f2084f8710c5462bbecdef1e5f11da25", "session_id": "-", "timestamp": "2025-08-19T16:14:07.230195+00:00"}
{"asctime": "2025-08-19 18:14:07,231", "levelname": "INFO", "name": "AresGlobal.RawDataQualityChecker", "message": "✅ Enhanced preprocessing completed:", "correlation_id": "f2084f8710c5462bbecdef1e5f11da25", "session_id": "-", "timestamp": "2025-08-19T16:14:07.231296+00:00"}
{"asctime": "2025-08-19 18:14:07,231", "levelname": "INFO", "name": "AresGlobal.RawDataQualityChecker", "message": "   Original shape: (36400, 5)", "correlation_id": "f2084f8710c5462bbecdef1e5f11da25", "session_id": "-", "timestamp": "2025-08-19T16:14:07.231421+00:00"}
{"asctime": "2025-08-19 18:14:07,231", "levelname": "INFO", "name": "AresGlobal.RawDataQualityChecker", "message": "   Final shape: (36626, 5)", "correlation_id": "f2084f8710c5462bbecdef1e5f11da25", "session_id": "-", "timestamp": "2025-08-19T16:14:07.231515+00:00"}
{"asctime": "2025-08-19 18:14:07,231", "levelname": "INFO", "name": "AresGlobal.RawDataQualityChecker", "message": "   Remaining large gaps: 0", "correlation_id": "f2084f8710c5462bbecdef1e5f11da25", "session_id": "-", "timestamp": "2025-08-19T16:14:07.231600+00:00"}
{"asctime": "2025-08-19 18:14:07,232", "levelname": "INFO", "name": "AresGlobal.RawDataQualityChecker", "message": "   Data completeness: 1.000", "correlation_id": "f2084f8710c5462bbecdef1e5f11da25", "session_id": "-", "timestamp": "2025-08-19T16:14:07.232578+00:00"}
{"asctime": "2025-08-19 18:14:07,233", "levelname": "INFO", "name": "AresGlobal.RawDataQualityChecker", "message": "🔧 Enhanced preprocessing for BINANCE ETHUSDT", "correlation_id": "f2084f8710c5462bbecdef1e5f11da25", "session_id": "-", "timestamp": "2025-08-19T16:14:07.233047+00:00"}
{"asctime": "2025-08-19 18:14:07,233", "levelname": "INFO", "name": "AresGlobal.RawDataQualityChecker", "message": "   Expected interval: 60s", "correlation_id": "f2084f8710c5462bbecdef1e5f11da25", "session_id": "-", "timestamp": "2025-08-19T16:14:07.233132+00:00"}
{"asctime": "2025-08-19 18:14:07,233", "levelname": "INFO", "name": "AresGlobal.RawDataQualityChecker", "message": "   Max forward-fill: 10s", "correlation_id": "f2084f8710c5462bbecdef1e5f11da25", "session_id": "-", "timestamp": "2025-08-19T16:14:07.233217+00:00"}
{"asctime": "2025-08-19 18:14:07,233", "levelname": "INFO", "name": "AresGlobal.RawDataQualityChecker", "message": "   Download missing: True", "correlation_id": "f2084f8710c5462bbecdef1e5f11da25", "session_id": "-", "timestamp": "2025-08-19T16:14:07.233296+00:00"}
{"asctime": "2025-08-19 18:14:07,233", "levelname": "INFO", "name": "AresGlobal.RawDataQualityChecker", "message": "🔧 Step 1: Resampling to 60S intervals", "correlation_id": "f2084f8710c5462bbecdef1e5f11da25", "session_id": "-", "timestamp": "2025-08-19T16:14:07.233382+00:00"}
{"asctime": "2025-08-19 18:14:07,234", "levelname": "INFO", "name": "AresGlobal.RawDataQualityChecker", "message": "🔧 Step 2: Re-adding original data to preserve accuracy", "correlation_id": "f2084f8710c5462bbecdef1e5f11da25", "session_id": "-", "timestamp": "2025-08-19T16:14:07.234393+00:00"}
{"asctime": "2025-08-19 18:14:09,411", "levelname": "INFO", "name": "AresGlobal.RawDataQualityChecker", "message": "🔧 Step 3: Analyzing gaps and applying intelligent handling", "correlation_id": "f2084f8710c5462bbecdef1e5f11da25", "session_id": "-", "timestamp": "2025-08-19T16:14:09.411720+00:00"}
{"asctime": "2025-08-19 18:14:09,412", "levelname": "INFO", "name": "AresGlobal.RawDataQualityChecker", "message": "🔧 Step 5: Final forward-fill for 226 remaining nulls", "correlation_id": "f2084f8710c5462bbecdef1e5f11da25", "session_id": "-", "timestamp": "2025-08-19T16:14:09.412875+00:00"}
{"asctime": "2025-08-19 18:14:09,413", "levelname": "INFO", "name": "AresGlobal.RawDataQualityChecker", "message": "✅ Enhanced preprocessing completed:", "correlation_id": "f2084f8710c5462bbecdef1e5f11da25", "session_id": "-", "timestamp": "2025-08-19T16:14:09.413713+00:00"}
{"asctime": "2025-08-19 18:14:09,413", "levelname": "INFO", "name": "AresGlobal.RawDataQualityChecker", "message": "   Original shape: (36400, 1)", "correlation_id": "f2084f8710c5462bbecdef1e5f11da25", "session_id": "-", "timestamp": "2025-08-19T16:14:09.413829+00:00"}
{"asctime": "2025-08-19 18:14:09,413", "levelname": "INFO", "name": "AresGlobal.RawDataQualityChecker", "message": "   Final shape: (36626, 1)", "correlation_id": "f2084f8710c5462bbecdef1e5f11da25", "session_id": "-", "timestamp": "2025-08-19T16:14:09.413921+00:00"}
{"asctime": "2025-08-19 18:14:09,414", "levelname": "INFO", "name": "AresGlobal.RawDataQualityChecker", "message": "   Remaining large gaps: 0", "correlation_id": "f2084f8710c5462bbecdef1e5f11da25", "session_id": "-", "timestamp": "2025-08-19T16:14:09.414006+00:00"}
{"asctime": "2025-08-19 18:14:09,414", "levelname": "INFO", "name": "AresGlobal.RawDataQualityChecker", "message": "   Data completeness: 1.000", "correlation_id": "f2084f8710c5462bbecdef1e5f11da25", "session_id": "-", "timestamp": "2025-08-19T16:14:09.414234+00:00"}
{"asctime": "2025-08-19 18:14:09,471", "levelname": "INFO", "name": "AresGlobal.DataQualityDecorator", "message": "🔍 [DATA QUALITY] Starting validation for analyze_correlations_vectorized", "correlation_id": "f2084f8710c5462bbecdef1e5f11da25", "session_id": "-", "timestamp": "2025-08-19T16:14:09.471454+00:00"}
{"asctime": "2025-08-19 18:14:09,471", "levelname": "INFO", "name": "AresGlobal.DataQualityDecorator", "message": "📊 [DATA QUALITY] Data type validation result for analyze_correlations_vectorized: klines_ohlcv", "correlation_id": "f2084f8710c5462bbecdef1e5f11da25", "session_id": "-", "timestamp": "2025-08-19T16:14:09.471620+00:00"}
{"asctime": "2025-08-19 18:14:09,471", "levelname": "INFO", "name": "AresGlobal.DataQualityDecorator", "message": "📊 [DATA QUALITY] Data type detected: klines_ohlcv for analyze_correlations_vectorized", "correlation_id": "f2084f8710c5462bbecdef1e5f11da25", "session_id": "-", "timestamp": "2025-08-19T16:14:09.471717+00:00"}
{"asctime": "2025-08-19 18:14:09,471", "levelname": "INFO", "name": "AresGlobal.DataQualityDecorator", "message": "🔍 [DATA QUALITY] Checking cache for analyze_correlations_vectorized", "correlation_id": "f2084f8710c5462bbecdef1e5f11da25", "session_id": "-", "timestamp": "2025-08-19T16:14:09.471806+00:00"}
{"asctime": "2025-08-19 18:14:09,471", "levelname": "INFO", "name": "AresGlobal.DataQualityDecorator", "message": "🔄 [DATA QUALITY] No valid cached result found for analyze_correlations_vectorized, proceeding with validation", "correlation_id": "f2084f8710c5462bbecdef1e5f11da25", "session_id": "-", "timestamp": "2025-08-19T16:14:09.471924+00:00"}
{"asctime": "2025-08-19 18:14:09,472", "levelname": "INFO", "name": "AresGlobal.DataQualityDecorator", "message": "🔍 [DATA QUALITY] Extracting symbol and exchange for analyze_correlations_vectorized", "correlation_id": "f2084f8710c5462bbecdef1e5f11da25", "session_id": "-", "timestamp": "2025-08-19T16:14:09.472010+00:00"}
{"asctime": "2025-08-19 18:14:09,472", "levelname": "INFO", "name": "AresGlobal.DataQualityDecorator", "message": "📊 [DATA QUALITY] Symbol: ETHUSDT, Exchange: BINANCE", "correlation_id": "f2084f8710c5462bbecdef1e5f11da25", "session_id": "-", "timestamp": "2025-08-19T16:14:09.472097+00:00"}
{"asctime": "2025-08-19 18:14:09,472", "levelname": "INFO", "name": "AresGlobal.DataQualityDecorator", "message": "🔍 [DATA QUALITY] Getting validation configuration for analyze_correlations_vectorized", "correlation_id": "f2084f8710c5462bbecdef1e5f11da25", "session_id": "-", "timestamp": "2025-08-19T16:14:09.472181+00:00"}
{"asctime": "2025-08-19 18:14:09,472", "levelname": "INFO", "name": "AresGlobal.DataQualityDecorator", "message": "📊 [DATA QUALITY] Validation config loaded for analyze_correlations_vectorized", "correlation_id": "f2084f8710c5462bbecdef1e5f11da25", "session_id": "-", "timestamp": "2025-08-19T16:14:09.472344+00:00"}
{"asctime": "2025-08-19 18:14:09,472", "levelname": "INFO", "name": "AresGlobal.DataQualityDecorator", "message": "🔍 [DATA QUALITY] Starting data quality validation for analyze_correlations_vectorized (ETHUSDT on BINANCE)", "correlation_id": "f2084f8710c5462bbecdef1e5f11da25", "session_id": "-", "timestamp": "2025-08-19T16:14:09.472498+00:00"}
{"asctime": "2025-08-19 18:14:09,472", "levelname": "INFO", "name": "AresGlobal.RawDataQualityChecker", "message": "🚀 validate_raw_data: Starting validation...", "correlation_id": "f2084f8710c5462bbecdef1e5f11da25", "session_id": "-", "timestamp": "2025-08-19T16:14:09.472843+00:00"}
{"asctime": "2025-08-19 18:14:09,474", "levelname": "INFO", "name": "AresGlobal.RawDataQualityChecker", "message": "🔍 Starting raw data quality validation for BINANCE ETHUSDT", "correlation_id": "f2084f8710c5462bbecdef1e5f11da25", "session_id": "-", "timestamp": "2025-08-19T16:14:09.474642+00:00"}
{"asctime": "2025-08-19 18:14:09,474", "levelname": "INFO", "name": "AresGlobal.RawDataQualityChecker", "message": "Validating data structure...", "correlation_id": "f2084f8710c5462bbecdef1e5f11da25", "session_id": "-", "timestamp": "2025-08-19T16:14:09.474896+00:00"}
{"asctime": "2025-08-19 18:14:09,475", "levelname": "INFO", "name": "AresGlobal.RawDataQualityChecker", "message": "Validating data completeness...", "correlation_id": "f2084f8710c5462bbecdef1e5f11da25", "session_id": "-", "timestamp": "2025-08-19T16:14:09.475107+00:00"}
{"asctime": "2025-08-19 18:14:09,477", "levelname": "INFO", "name": "AresGlobal.RawDataQualityChecker", "message": "Validating data integrity...", "correlation_id": "f2084f8710c5462bbecdef1e5f11da25", "session_id": "-", "timestamp": "2025-08-19T16:14:09.477251+00:00"}
{"asctime": "2025-08-19 18:14:09,478", "levelname": "INFO", "name": "AresGlobal.RawDataQualityChecker", "message": "Validating market-specific issues...", "correlation_id": "f2084f8710c5462bbecdef1e5f11da25", "session_id": "-", "timestamp": "2025-08-19T16:14:09.478714+00:00"}
{"asctime": "2025-08-19 18:14:09,479", "levelname": "INFO", "name": "AresGlobal.RawDataQualityChecker", "message": "Validating feature engineering requirements...", "correlation_id": "f2084f8710c5462bbecdef1e5f11da25", "session_id": "-", "timestamp": "2025-08-19T16:14:09.479758+00:00"}
{"asctime": "2025-08-19 18:14:09,487", "levelname": "INFO", "name": "AresGlobal.RawDataQualityChecker", "message": "✅ No irregular intervals detected (ratio: 0.000)", "correlation_id": "f2084f8710c5462bbecdef1e5f11da25", "session_id": "-", "timestamp": "2025-08-19T16:14:09.487322+00:00"}
{"asctime": "2025-08-19 18:14:09,488", "levelname": "INFO", "name": "AresGlobal.RawDataQualityChecker", "message": "✅ No large gaps found - data is continuous", "correlation_id": "f2084f8710c5462bbecdef1e5f11da25", "session_id": "-", "timestamp": "2025-08-19T16:14:09.488497+00:00"}
{"asctime": "2025-08-19 18:14:09,488", "levelname": "INFO", "name": "AresGlobal.RawDataQualityChecker", "message": "✅ Raw data validation passed for ETHUSDT (Score: 1.00)", "correlation_id": "f2084f8710c5462bbecdef1e5f11da25", "session_id": "-", "timestamp": "2025-08-19T16:14:09.488619+00:00"}
{"asctime": "2025-08-19 18:14:09,488", "levelname": "INFO", "name": "AresGlobal.RawDataQualityChecker", "message": "✅ PASSED validate_raw_data: Completed in 0.02s", "correlation_id": "f2084f8710c5462bbecdef1e5f11da25", "session_id": "-", "timestamp": "2025-08-19T16:14:09.488721+00:00"}
{"asctime": "2025-08-19 18:14:09,488", "levelname": "INFO", "name": "AresGlobal.DataQualityCache", "message": "💾 [CACHE] Cached validation result for analyze_correlations_vectorized", "correlation_id": "f2084f8710c5462bbecdef1e5f11da25", "session_id": "-", "timestamp": "2025-08-19T16:14:09.488891+00:00"}
{"asctime": "2025-08-19 18:14:09,489", "levelname": "INFO", "name": "AresGlobal.DataQualityDecorator", "message": "📊 [DATA QUALITY] Processing validation results for analyze_correlations_vectorized", "correlation_id": "f2084f8710c5462bbecdef1e5f11da25", "session_id": "-", "timestamp": "2025-08-19T16:14:09.489072+00:00"}
{"asctime": "2025-08-19 18:14:09,489", "levelname": "INFO", "name": "AresGlobal.DataQualityDecorator", "message": "   📊 Validation level: warning", "correlation_id": "f2084f8710c5462bbecdef1e5f11da25", "session_id": "-", "timestamp": "2025-08-19T16:14:09.489291+00:00"}
{"asctime": "2025-08-19 18:14:09,489", "levelname": "INFO", "name": "AresGlobal.DataQualityDecorator", "message": "   📊 Validation passed: True", "correlation_id": "f2084f8710c5462bbecdef1e5f11da25", "session_id": "-", "timestamp": "2025-08-19T16:14:09.489668+00:00"}
{"asctime": "2025-08-19 18:14:09,489", "levelname": "INFO", "name": "AresGlobal.DataQualityDecorator", "message": "   📊 Quality score: 1.00", "correlation_id": "f2084f8710c5462bbecdef1e5f11da25", "session_id": "-", "timestamp": "2025-08-19T16:14:09.489789+00:00"}
{"asctime": "2025-08-19 18:14:09,489", "levelname": "INFO", "name": "AresGlobal.DataQualityDecorator", "message": "   📊 Critical issues: 0", "correlation_id": "f2084f8710c5462bbecdef1e5f11da25", "session_id": "-", "timestamp": "2025-08-19T16:14:09.489941+00:00"}
{"asctime": "2025-08-19 18:14:09,490", "levelname": "INFO", "name": "AresGlobal.DataQualityDecorator", "message": "   📊 Warnings: 0", "correlation_id": "f2084f8710c5462bbecdef1e5f11da25", "session_id": "-", "timestamp": "2025-08-19T16:14:09.490107+00:00"}
{"asctime": "2025-08-19 18:14:09,490", "levelname": "INFO", "name": "AresGlobal.DataQualityDecorator", "message": "✅ [DATA QUALITY] WARNING validation passed for analyze_correlations_vectorized", "correlation_id": "f2084f8710c5462bbecdef1e5f11da25", "session_id": "-", "timestamp": "2025-08-19T16:14:09.490244+00:00"}
{"asctime": "2025-08-19 18:14:09,490", "levelname": "INFO", "name": "AresGlobal.DataQualityDecorator", "message": "🚀 [DATA QUALITY] Executing original function analyze_correlations_vectorized", "correlation_id": "f2084f8710c5462bbecdef1e5f11da25", "session_id": "-", "timestamp": "2025-08-19T16:14:09.490365+00:00"}
{"asctime": "2025-08-19 18:14:09,524", "levelname": "INFO", "name": "AresGlobal.DataQualityDecorator", "message": "✅ [DATA QUALITY] Completed validation for analyze_correlations_vectorized", "correlation_id": "f2084f8710c5462bbecdef1e5f11da25", "session_id": "-", "timestamp": "2025-08-19T16:14:09.524462+00:00"}
{"asctime": "2025-08-19 18:14:09,525", "levelname": "INFO", "name": "AresGlobal.DataQualityDecorator", "message": "🔍 [DATA QUALITY] Starting validation for analyze_momentum_vectorized", "correlation_id": "f2084f8710c5462bbecdef1e5f11da25", "session_id": "-", "timestamp": "2025-08-19T16:14:09.525520+00:00"}
{"asctime": "2025-08-19 18:14:09,525", "levelname": "INFO", "name": "AresGlobal.DataQualityDecorator", "message": "📊 [DATA QUALITY] Data type validation result for analyze_momentum_vectorized: klines_ohlcv", "correlation_id": "f2084f8710c5462bbecdef1e5f11da25", "session_id": "-", "timestamp": "2025-08-19T16:14:09.525765+00:00"}
{"asctime": "2025-08-19 18:14:09,525", "levelname": "INFO", "name": "AresGlobal.DataQualityDecorator", "message": "📊 [DATA QUALITY] Data type detected: klines_ohlcv for analyze_momentum_vectorized", "correlation_id": "f2084f8710c5462bbecdef1e5f11da25", "session_id": "-", "timestamp": "2025-08-19T16:14:09.525866+00:00"}
{"asctime": "2025-08-19 18:14:09,525", "levelname": "INFO", "name": "AresGlobal.DataQualityDecorator", "message": "🔍 [DATA QUALITY] Checking cache for analyze_momentum_vectorized", "correlation_id": "f2084f8710c5462bbecdef1e5f11da25", "session_id": "-", "timestamp": "2025-08-19T16:14:09.525958+00:00"}
{"asctime": "2025-08-19 18:14:09,526", "levelname": "INFO", "name": "AresGlobal.DataQualityDecorator", "message": "🔄 [DATA QUALITY] No valid cached result found for analyze_momentum_vectorized, proceeding with validation", "correlation_id": "f2084f8710c5462bbecdef1e5f11da25", "session_id": "-", "timestamp": "2025-08-19T16:14:09.526090+00:00"}
{"asctime": "2025-08-19 18:14:09,526", "levelname": "INFO", "name": "AresGlobal.DataQualityDecorator", "message": "🔍 [DATA QUALITY] Extracting symbol and exchange for analyze_momentum_vectorized", "correlation_id": "f2084f8710c5462bbecdef1e5f11da25", "session_id": "-", "timestamp": "2025-08-19T16:14:09.526188+00:00"}
{"asctime": "2025-08-19 18:14:09,526", "levelname": "INFO", "name": "AresGlobal.DataQualityDecorator", "message": "📊 [DATA QUALITY] Symbol: ETHUSDT, Exchange: BINANCE", "correlation_id": "f2084f8710c5462bbecdef1e5f11da25", "session_id": "-", "timestamp": "2025-08-19T16:14:09.526281+00:00"}
{"asctime": "2025-08-19 18:14:09,526", "levelname": "INFO", "name": "AresGlobal.DataQualityDecorator", "message": "🔍 [DATA QUALITY] Getting validation configuration for analyze_momentum_vectorized", "correlation_id": "f2084f8710c5462bbecdef1e5f11da25", "session_id": "-", "timestamp": "2025-08-19T16:14:09.526368+00:00"}
{"asctime": "2025-08-19 18:14:09,526", "levelname": "INFO", "name": "AresGlobal.DataQualityDecorator", "message": "📊 [DATA QUALITY] Validation config loaded for analyze_momentum_vectorized", "correlation_id": "f2084f8710c5462bbecdef1e5f11da25", "session_id": "-", "timestamp": "2025-08-19T16:14:09.526463+00:00"}
{"asctime": "2025-08-19 18:14:09,526", "levelname": "INFO", "name": "AresGlobal.DataQualityDecorator", "message": "🔍 [DATA QUALITY] Starting data quality validation for analyze_momentum_vectorized (ETHUSDT on BINANCE)", "correlation_id": "f2084f8710c5462bbecdef1e5f11da25", "session_id": "-", "timestamp": "2025-08-19T16:14:09.526549+00:00"}
{"asctime": "2025-08-19 18:14:09,526", "levelname": "INFO", "name": "AresGlobal.RawDataQualityChecker", "message": "🚀 validate_raw_data: Starting validation...", "correlation_id": "f2084f8710c5462bbecdef1e5f11da25", "session_id": "-", "timestamp": "2025-08-19T16:14:09.526656+00:00"}
{"asctime": "2025-08-19 18:14:09,528", "levelname": "INFO", "name": "AresGlobal.RawDataQualityChecker", "message": "🔍 Starting raw data quality validation for BINANCE ETHUSDT", "correlation_id": "f2084f8710c5462bbecdef1e5f11da25", "session_id": "-", "timestamp": "2025-08-19T16:14:09.528143+00:00"}
{"asctime": "2025-08-19 18:14:09,528", "levelname": "INFO", "name": "AresGlobal.RawDataQualityChecker", "message": "Validating data structure...", "correlation_id": "f2084f8710c5462bbecdef1e5f11da25", "session_id": "-", "timestamp": "2025-08-19T16:14:09.528344+00:00"}
{"asctime": "2025-08-19 18:14:09,528", "levelname": "INFO", "name": "AresGlobal.RawDataQualityChecker", "message": "Validating data completeness...", "correlation_id": "f2084f8710c5462bbecdef1e5f11da25", "session_id": "-", "timestamp": "2025-08-19T16:14:09.528708+00:00"}
{"asctime": "2025-08-19 18:14:09,530", "levelname": "INFO", "name": "AresGlobal.RawDataQualityChecker", "message": "Validating data integrity...", "correlation_id": "f2084f8710c5462bbecdef1e5f11da25", "session_id": "-", "timestamp": "2025-08-19T16:14:09.530063+00:00"}
{"asctime": "2025-08-19 18:14:09,531", "levelname": "INFO", "name": "AresGlobal.RawDataQualityChecker", "message": "Validating market-specific issues...", "correlation_id": "f2084f8710c5462bbecdef1e5f11da25", "session_id": "-", "timestamp": "2025-08-19T16:14:09.531871+00:00"}
{"asctime": "2025-08-19 18:14:09,533", "levelname": "INFO", "name": "AresGlobal.RawDataQualityChecker", "message": "Validating feature engineering requirements...", "correlation_id": "f2084f8710c5462bbecdef1e5f11da25", "session_id": "-", "timestamp": "2025-08-19T16:14:09.533021+00:00"}
{"asctime": "2025-08-19 18:14:09,540", "levelname": "INFO", "name": "AresGlobal.RawDataQualityChecker", "message": "✅ No irregular intervals detected (ratio: 0.000)", "correlation_id": "f2084f8710c5462bbecdef1e5f11da25", "session_id": "-", "timestamp": "2025-08-19T16:14:09.540766+00:00"}
{"asctime": "2025-08-19 18:14:09,542", "levelname": "INFO", "name": "AresGlobal.RawDataQualityChecker", "message": "✅ No large gaps found - data is continuous", "correlation_id": "f2084f8710c5462bbecdef1e5f11da25", "session_id": "-", "timestamp": "2025-08-19T16:14:09.542650+00:00"}
{"asctime": "2025-08-19 18:14:09,543", "levelname": "INFO", "name": "AresGlobal.RawDataQualityChecker", "message": "✅ Raw data validation passed for ETHUSDT (Score: 1.00)", "correlation_id": "f2084f8710c5462bbecdef1e5f11da25", "session_id": "-", "timestamp": "2025-08-19T16:14:09.543012+00:00"}
{"asctime": "2025-08-19 18:14:09,543", "levelname": "INFO", "name": "AresGlobal.RawDataQualityChecker", "message": "✅ PASSED validate_raw_data: Completed in 0.02s", "correlation_id": "f2084f8710c5462bbecdef1e5f11da25", "session_id": "-", "timestamp": "2025-08-19T16:14:09.543145+00:00"}
{"asctime": "2025-08-19 18:14:09,543", "levelname": "INFO", "name": "AresGlobal.DataQualityCache", "message": "💾 [CACHE] Cached validation result for analyze_momentum_vectorized", "correlation_id": "f2084f8710c5462bbecdef1e5f11da25", "session_id": "-", "timestamp": "2025-08-19T16:14:09.543319+00:00"}
{"asctime": "2025-08-19 18:14:09,543", "levelname": "INFO", "name": "AresGlobal.DataQualityDecorator", "message": "📊 [DATA QUALITY] Processing validation results for analyze_momentum_vectorized", "correlation_id": "f2084f8710c5462bbecdef1e5f11da25", "session_id": "-", "timestamp": "2025-08-19T16:14:09.543471+00:00"}
{"asctime": "2025-08-19 18:14:09,543", "levelname": "INFO", "name": "AresGlobal.DataQualityDecorator", "message": "   📊 Validation level: warning", "correlation_id": "f2084f8710c5462bbecdef1e5f11da25", "session_id": "-", "timestamp": "2025-08-19T16:14:09.543571+00:00"}
{"asctime": "2025-08-19 18:14:09,543", "levelname": "INFO", "name": "AresGlobal.DataQualityDecorator", "message": "   📊 Validation passed: True", "correlation_id": "f2084f8710c5462bbecdef1e5f11da25", "session_id": "-", "timestamp": "2025-08-19T16:14:09.543693+00:00"}
{"asctime": "2025-08-19 18:14:09,543", "levelname": "INFO", "name": "AresGlobal.DataQualityDecorator", "message": "   📊 Quality score: 1.00", "correlation_id": "f2084f8710c5462bbecdef1e5f11da25", "session_id": "-", "timestamp": "2025-08-19T16:14:09.543829+00:00"}
{"asctime": "2025-08-19 18:14:09,543", "levelname": "INFO", "name": "AresGlobal.DataQualityDecorator", "message": "   📊 Critical issues: 0", "correlation_id": "f2084f8710c5462bbecdef1e5f11da25", "session_id": "-", "timestamp": "2025-08-19T16:14:09.543967+00:00"}
{"asctime": "2025-08-19 18:14:09,544", "levelname": "INFO", "name": "AresGlobal.DataQualityDecorator", "message": "   📊 Warnings: 0", "correlation_id": "f2084f8710c5462bbecdef1e5f11da25", "session_id": "-", "timestamp": "2025-08-19T16:14:09.544100+00:00"}
{"asctime": "2025-08-19 18:14:09,544", "levelname": "INFO", "name": "AresGlobal.DataQualityDecorator", "message": "✅ [DATA QUALITY] WARNING validation passed for analyze_momentum_vectorized", "correlation_id": "f2084f8710c5462bbecdef1e5f11da25", "session_id": "-", "timestamp": "2025-08-19T16:14:09.544261+00:00"}
{"asctime": "2025-08-19 18:14:09,544", "levelname": "INFO", "name": "AresGlobal.DataQualityDecorator", "message": "🚀 [DATA QUALITY] Executing original function analyze_momentum_vectorized", "correlation_id": "f2084f8710c5462bbecdef1e5f11da25", "session_id": "-", "timestamp": "2025-08-19T16:14:09.544516+00:00"}
{"asctime": "2025-08-19 18:14:09,558", "levelname": "INFO", "name": "AresGlobal.DataQualityDecorator", "message": "✅ [DATA QUALITY] Completed validation for analyze_momentum_vectorized", "correlation_id": "f2084f8710c5462bbecdef1e5f11da25", "session_id": "-", "timestamp": "2025-08-19T16:14:09.558880+00:00"}
{"asctime": "2025-08-19 18:14:09,568", "levelname": "INFO", "name": "AresGlobal.DataQualityDecorator", "message": "🔍 [DATA QUALITY] Starting validation for analyze_patterns", "correlation_id": "f2084f8710c5462bbecdef1e5f11da25", "session_id": "-", "timestamp": "2025-08-19T16:14:09.568781+00:00"}
{"asctime": "2025-08-19 18:14:09,568", "levelname": "INFO", "name": "AresGlobal.DataQualityDecorator", "message": "📊 [DATA QUALITY] Data type validation result for analyze_patterns: klines_ohlcv", "correlation_id": "f2084f8710c5462bbecdef1e5f11da25", "session_id": "-", "timestamp": "2025-08-19T16:14:09.568998+00:00"}
{"asctime": "2025-08-19 18:14:09,569", "levelname": "INFO", "name": "AresGlobal.DataQualityDecorator", "message": "📊 [DATA QUALITY] Data type detected: klines_ohlcv for analyze_patterns", "correlation_id": "f2084f8710c5462bbecdef1e5f11da25", "session_id": "-", "timestamp": "2025-08-19T16:14:09.569097+00:00"}
{"asctime": "2025-08-19 18:14:09,569", "levelname": "INFO", "name": "AresGlobal.DataQualityDecorator", "message": "🔍 [DATA QUALITY] Checking cache for analyze_patterns", "correlation_id": "f2084f8710c5462bbecdef1e5f11da25", "session_id": "-", "timestamp": "2025-08-19T16:14:09.569187+00:00"}
{"asctime": "2025-08-19 18:14:09,569", "levelname": "INFO", "name": "AresGlobal.DataQualityDecorator", "message": "🔄 [DATA QUALITY] No valid cached result found for analyze_patterns, proceeding with validation", "correlation_id": "f2084f8710c5462bbecdef1e5f11da25", "session_id": "-", "timestamp": "2025-08-19T16:14:09.569303+00:00"}
{"asctime": "2025-08-19 18:14:09,569", "levelname": "INFO", "name": "AresGlobal.DataQualityDecorator", "message": "🔍 [DATA QUALITY] Extracting symbol and exchange for analyze_patterns", "correlation_id": "f2084f8710c5462bbecdef1e5f11da25", "session_id": "-", "timestamp": "2025-08-19T16:14:09.569390+00:00"}
{"asctime": "2025-08-19 18:14:09,569", "levelname": "INFO", "name": "AresGlobal.DataQualityDecorator", "message": "📊 [DATA QUALITY] Symbol: ETHUSDT, Exchange: BINANCE", "correlation_id": "f2084f8710c5462bbecdef1e5f11da25", "session_id": "-", "timestamp": "2025-08-19T16:14:09.569478+00:00"}
{"asctime": "2025-08-19 18:14:09,569", "levelname": "INFO", "name": "AresGlobal.DataQualityDecorator", "message": "🔍 [DATA QUALITY] Getting validation configuration for analyze_patterns", "correlation_id": "f2084f8710c5462bbecdef1e5f11da25", "session_id": "-", "timestamp": "2025-08-19T16:14:09.569565+00:00"}
{"asctime": "2025-08-19 18:14:09,569", "levelname": "INFO", "name": "AresGlobal.DataQualityDecorator", "message": "📊 [DATA QUALITY] Validation config loaded for analyze_patterns", "correlation_id": "f2084f8710c5462bbecdef1e5f11da25", "session_id": "-", "timestamp": "2025-08-19T16:14:09.569742+00:00"}
{"asctime": "2025-08-19 18:14:09,569", "levelname": "INFO", "name": "AresGlobal.DataQualityDecorator", "message": "🔍 [DATA QUALITY] Starting data quality validation for analyze_patterns (ETHUSDT on BINANCE)", "correlation_id": "f2084f8710c5462bbecdef1e5f11da25", "session_id": "-", "timestamp": "2025-08-19T16:14:09.569851+00:00"}
{"asctime": "2025-08-19 18:14:09,569", "levelname": "INFO", "name": "AresGlobal.RawDataQualityChecker", "message": "🚀 validate_raw_data: Starting validation...", "correlation_id": "f2084f8710c5462bbecdef1e5f11da25", "session_id": "-", "timestamp": "2025-08-19T16:14:09.569966+00:00"}
{"asctime": "2025-08-19 18:14:09,571", "levelname": "INFO", "name": "AresGlobal.RawDataQualityChecker", "message": "🔍 Starting raw data quality validation for BINANCE ETHUSDT", "correlation_id": "f2084f8710c5462bbecdef1e5f11da25", "session_id": "-", "timestamp": "2025-08-19T16:14:09.571084+00:00"}
{"asctime": "2025-08-19 18:14:09,571", "levelname": "INFO", "name": "AresGlobal.RawDataQualityChecker", "message": "Validating data structure...", "correlation_id": "f2084f8710c5462bbecdef1e5f11da25", "session_id": "-", "timestamp": "2025-08-19T16:14:09.571244+00:00"}
{"asctime": "2025-08-19 18:14:09,571", "levelname": "INFO", "name": "AresGlobal.RawDataQualityChecker", "message": "Validating data completeness...", "correlation_id": "f2084f8710c5462bbecdef1e5f11da25", "session_id": "-", "timestamp": "2025-08-19T16:14:09.571394+00:00"}
{"asctime": "2025-08-19 18:14:09,572", "levelname": "INFO", "name": "AresGlobal.RawDataQualityChecker", "message": "Validating data integrity...", "correlation_id": "f2084f8710c5462bbecdef1e5f11da25", "session_id": "-", "timestamp": "2025-08-19T16:14:09.572758+00:00"}
{"asctime": "2025-08-19 18:14:09,575", "levelname": "INFO", "name": "AresGlobal.RawDataQualityChecker", "message": "Validating market-specific issues...", "correlation_id": "f2084f8710c5462bbecdef1e5f11da25", "session_id": "-", "timestamp": "2025-08-19T16:14:09.575689+00:00"}
{"asctime": "2025-08-19 18:14:09,577", "levelname": "INFO", "name": "AresGlobal.RawDataQualityChecker", "message": "Validating feature engineering requirements...", "correlation_id": "f2084f8710c5462bbecdef1e5f11da25", "session_id": "-", "timestamp": "2025-08-19T16:14:09.577367+00:00"}
{"asctime": "2025-08-19 18:14:09,585", "levelname": "INFO", "name": "AresGlobal.RawDataQualityChecker", "message": "✅ No irregular intervals detected (ratio: 0.000)", "correlation_id": "f2084f8710c5462bbecdef1e5f11da25", "session_id": "-", "timestamp": "2025-08-19T16:14:09.585242+00:00"}
{"asctime": "2025-08-19 18:14:09,586", "levelname": "INFO", "name": "AresGlobal.RawDataQualityChecker", "message": "✅ No large gaps found - data is continuous", "correlation_id": "f2084f8710c5462bbecdef1e5f11da25", "session_id": "-", "timestamp": "2025-08-19T16:14:09.586526+00:00"}
{"asctime": "2025-08-19 18:14:09,586", "levelname": "INFO", "name": "AresGlobal.RawDataQualityChecker", "message": "✅ Raw data validation passed for ETHUSDT (Score: 1.00)", "correlation_id": "f2084f8710c5462bbecdef1e5f11da25", "session_id": "-", "timestamp": "2025-08-19T16:14:09.586657+00:00"}
{"asctime": "2025-08-19 18:14:09,586", "levelname": "INFO", "name": "AresGlobal.RawDataQualityChecker", "message": "✅ PASSED validate_raw_data: Completed in 0.02s", "correlation_id": "f2084f8710c5462bbecdef1e5f11da25", "session_id": "-", "timestamp": "2025-08-19T16:14:09.586759+00:00"}
{"asctime": "2025-08-19 18:14:09,586", "levelname": "INFO", "name": "AresGlobal.DataQualityCache", "message": "💾 [CACHE] Cached validation result for analyze_patterns", "correlation_id": "f2084f8710c5462bbecdef1e5f11da25", "session_id": "-", "timestamp": "2025-08-19T16:14:09.586880+00:00"}
{"asctime": "2025-08-19 18:14:09,586", "levelname": "INFO", "name": "AresGlobal.DataQualityDecorator", "message": "📊 [DATA QUALITY] Processing validation results for analyze_patterns", "correlation_id": "f2084f8710c5462bbecdef1e5f11da25", "session_id": "-", "timestamp": "2025-08-19T16:14:09.586974+00:00"}
{"asctime": "2025-08-19 18:14:09,587", "levelname": "INFO", "name": "AresGlobal.DataQualityDecorator", "message": "   📊 Validation level: warning", "correlation_id": "f2084f8710c5462bbecdef1e5f11da25", "session_id": "-", "timestamp": "2025-08-19T16:14:09.587066+00:00"}
{"asctime": "2025-08-19 18:14:09,587", "levelname": "INFO", "name": "AresGlobal.DataQualityDecorator", "message": "   📊 Validation passed: True", "correlation_id": "f2084f8710c5462bbecdef1e5f11da25", "session_id": "-", "timestamp": "2025-08-19T16:14:09.587152+00:00"}
{"asctime": "2025-08-19 18:14:09,587", "levelname": "INFO", "name": "AresGlobal.DataQualityDecorator", "message": "   📊 Quality score: 1.00", "correlation_id": "f2084f8710c5462bbecdef1e5f11da25", "session_id": "-", "timestamp": "2025-08-19T16:14:09.587238+00:00"}
{"asctime": "2025-08-19 18:14:09,587", "levelname": "INFO", "name": "AresGlobal.DataQualityDecorator", "message": "   📊 Critical issues: 0", "correlation_id": "f2084f8710c5462bbecdef1e5f11da25", "session_id": "-", "timestamp": "2025-08-19T16:14:09.587321+00:00"}
{"asctime": "2025-08-19 18:14:09,587", "levelname": "INFO", "name": "AresGlobal.DataQualityDecorator", "message": "   📊 Warnings: 0", "correlation_id": "f2084f8710c5462bbecdef1e5f11da25", "session_id": "-", "timestamp": "2025-08-19T16:14:09.587406+00:00"}
{"asctime": "2025-08-19 18:14:09,587", "levelname": "INFO", "name": "AresGlobal.DataQualityDecorator", "message": "✅ [DATA QUALITY] WARNING validation passed for analyze_patterns", "correlation_id": "f2084f8710c5462bbecdef1e5f11da25", "session_id": "-", "timestamp": "2025-08-19T16:14:09.587490+00:00"}
{"asctime": "2025-08-19 18:14:09,587", "levelname": "INFO", "name": "AresGlobal.DataQualityDecorator", "message": "🚀 [DATA QUALITY] Executing original function analyze_patterns", "correlation_id": "f2084f8710c5462bbecdef1e5f11da25", "session_id": "-", "timestamp": "2025-08-19T16:14:09.587575+00:00"}
{"asctime": "2025-08-19 18:14:09,589", "levelname": "INFO", "name": "AresGlobal.DataQualityDecorator", "message": "✅ [DATA QUALITY] Completed validation for analyze_patterns", "correlation_id": "f2084f8710c5462bbecdef1e5f11da25", "session_id": "-", "timestamp": "2025-08-19T16:14:09.589172+00:00"}
{"asctime": "2025-08-19 18:14:36,502", "levelname": "INFO", "name": "AresGlobal.AresLauncher", "message": "🧹 Cleaning up processes...", "correlation_id": "-", "session_id": "-", "timestamp": "2025-08-19T16:14:36.502871+00:00"}
{"asctime": "2025-08-19 18:14:36,503", "levelname": "INFO", "name": "AresGlobal.AresLauncher", "message": "✅ Cleanup completed", "correlation_id": "-", "session_id": "-", "timestamp": "2025-08-19T16:14:36.503139+00:00"}
