{"asctime": "2025-08-17 21:42:02,939", "levelname": "INFO", "name": "AresGlobal", "message": "================================================================================", "correlation_id": "-", "session_id": "-", "timestamp": "2025-08-17T19:42:02.939102+00:00"}
{"asctime": "2025-08-17 21:42:02,939", "levelname": "INFO", "name": "AresGlobal", "message": "📊 SESSION SUMMARY", "correlation_id": "-", "session_id": "-", "timestamp": "2025-08-17T19:42:02.939222+00:00"}
{"asctime": "2025-08-17 21:42:02,939", "levelname": "INFO", "name": "AresGlobal", "message": "Session started: 2025-08-17 21:42:02", "correlation_id": "-", "session_id": "-", "timestamp": "2025-08-17T19:42:02.939325+00:00"}
{"asctime": "2025-08-17 21:42:02,939", "levelname": "INFO", "name": "AresGlobal", "message": "This file contains ALL logs for this session", "correlation_id": "-", "session_id": "-", "timestamp": "2025-08-17T19:42:02.939408+00:00"}
{"asctime": "2025-08-17 21:42:02,939", "levelname": "INFO", "name": "AresGlobal", "message": "================================================================================", "correlation_id": "-", "session_id": "-", "timestamp": "2025-08-17T19:42:02.939490+00:00"}
{"asctime": "2025-08-17 21:42:02,939", "levelname": "INFO", "name": "AresSystem", "message": "================================================================================", "correlation_id": "-", "session_id": "-", "timestamp": "2025-08-17T19:42:02.939599+00:00"}
{"asctime": "2025-08-17 21:42:02,939", "levelname": "INFO", "name": "AresGlobal", "message": "[SYSTEM] ================================================================================", "correlation_id": "-", "session_id": "-", "timestamp": "2025-08-17T19:42:02.939684+00:00"}
{"asctime": "2025-08-17 21:42:02,939", "levelname": "INFO", "name": "AresSystem", "message": "🚀 ARES LAUNCHER STARTED - Mode: INITIALIZATION", "correlation_id": "-", "session_id": "-", "timestamp": "2025-08-17T19:42:02.939775+00:00"}
{"asctime": "2025-08-17 21:42:02,939", "levelname": "INFO", "name": "AresGlobal", "message": "[SYSTEM] 🚀 ARES LAUNCHER STARTED - Mode: INITIALIZATION", "correlation_id": "-", "session_id": "-", "timestamp": "2025-08-17T19:42:02.939860+00:00"}
{"asctime": "2025-08-17 21:42:02,939", "levelname": "INFO", "name": "AresSystem", "message": "Start time: 2025-08-17 21:42:02", "correlation_id": "-", "session_id": "-", "timestamp": "2025-08-17T19:42:02.939949+00:00"}
{"asctime": "2025-08-17 21:42:02,940", "levelname": "INFO", "name": "AresGlobal", "message": "[SYSTEM] Start time: 2025-08-17 21:42:02", "correlation_id": "-", "session_id": "-", "timestamp": "2025-08-17T19:42:02.940028+00:00"}
{"asctime": "2025-08-17 21:42:02,940", "levelname": "INFO", "name": "AresSystem", "message": "Log directory: log", "correlation_id": "-", "session_id": "-", "timestamp": "2025-08-17T19:42:02.940107+00:00"}
{"asctime": "2025-08-17 21:42:02,940", "levelname": "INFO", "name": "AresGlobal", "message": "[SYSTEM] Log directory: log", "correlation_id": "-", "session_id": "-", "timestamp": "2025-08-17T19:42:02.940185+00:00"}
{"asctime": "2025-08-17 21:42:02,940", "levelname": "INFO", "name": "AresSystem", "message": "================================================================================", "correlation_id": "-", "session_id": "-", "timestamp": "2025-08-17T19:42:02.940263+00:00"}
{"asctime": "2025-08-17 21:42:02,940", "levelname": "INFO", "name": "AresGlobal", "message": "[SYSTEM] ================================================================================", "correlation_id": "-", "session_id": "-", "timestamp": "2025-08-17T19:42:02.940341+00:00"}
{"asctime": "2025-08-17 21:42:02,940", "levelname": "INFO", "name": "AresGlobal.AresLauncher", "message": "================================================================================", "correlation_id": "-", "session_id": "-", "timestamp": "2025-08-17T19:42:02.940421+00:00"}
{"asctime": "2025-08-17 21:42:02,940", "levelname": "INFO", "name": "AresGlobal.AresLauncher", "message": "🚀 ARES COMPREHENSIVE LAUNCHER", "correlation_id": "-", "session_id": "-", "timestamp": "2025-08-17T19:42:02.940500+00:00"}
{"asctime": "2025-08-17 21:42:02,940", "levelname": "INFO", "name": "AresGlobal.AresLauncher", "message": "================================================================================", "correlation_id": "-", "session_id": "-", "timestamp": "2025-08-17T19:42:02.940588+00:00"}
{"asctime": "2025-08-17 21:42:02,940", "levelname": "INFO", "name": "AresGlobal.AresLauncher", "message": "Start time: 2025-08-17 21:42:02", "correlation_id": "-", "session_id": "-", "timestamp": "2025-08-17T19:42:02.940671+00:00"}
{"asctime": "2025-08-17 21:42:02,940", "levelname": "INFO", "name": "AresGlobal.AresLauncher", "message": "Log directory: log", "correlation_id": "-", "session_id": "-", "timestamp": "2025-08-17T19:42:02.940748+00:00"}
{"asctime": "2025-08-17 21:42:02,940", "levelname": "INFO", "name": "AresGlobal.AresLauncher", "message": "Log level: INFO", "correlation_id": "-", "session_id": "-", "timestamp": "2025-08-17T19:42:02.940830+00:00"}
{"asctime": "2025-08-17 21:42:02,940", "levelname": "INFO", "name": "AresGlobal.AresLauncher", "message": "Global log file: ares_global_20250817_214202.log", "correlation_id": "-", "session_id": "-", "timestamp": "2025-08-17T19:42:02.940912+00:00"}
{"asctime": "2025-08-17 21:42:02,940", "levelname": "INFO", "name": "AresGlobal.AresLauncher", "message": "Full run log: log/ares_full_20250817_214202.log", "correlation_id": "-", "session_id": "-", "timestamp": "2025-08-17T19:42:02.940999+00:00"}
{"asctime": "2025-08-17 21:42:02,941", "levelname": "INFO", "name": "AresGlobal.AresLauncher", "message": "Trades log: log/ares_trades_20250817_214202.log", "correlation_id": "-", "session_id": "-", "timestamp": "2025-08-17T19:42:02.941077+00:00"}
{"asctime": "2025-08-17 21:42:02,941", "levelname": "INFO", "name": "AresGlobal.AresLauncher", "message": "Backtest log: log/ares_backtest_20250817_214202.log", "correlation_id": "-", "session_id": "-", "timestamp": "2025-08-17T19:42:02.941152+00:00"}
{"asctime": "2025-08-17 21:42:02,941", "levelname": "INFO", "name": "AresGlobal.AresLauncher", "message": "================================================================================", "correlation_id": "-", "session_id": "-", "timestamp": "2025-08-17T19:42:02.941228+00:00"}
{"asctime": "2025-08-17 21:42:02,941", "levelname": "INFO", "name": "AresTradingSystem.System.SignalHandler", "message": "Shutdown callback registered", "correlation_id": "-", "session_id": "-", "timestamp": "2025-08-17T19:42:02.941306+00:00"}
{"asctime": "2025-08-17 21:42:02,941", "levelname": "INFO", "name": "AresSystem", "message": "================================================================================", "correlation_id": "-", "session_id": "-", "timestamp": "2025-08-17T19:42:02.941387+00:00"}
{"asctime": "2025-08-17 21:42:02,941", "levelname": "INFO", "name": "AresGlobal", "message": "[SYSTEM] ================================================================================", "correlation_id": "-", "session_id": "-", "timestamp": "2025-08-17T19:42:02.941465+00:00"}
{"asctime": "2025-08-17 21:42:02,941", "levelname": "INFO", "name": "AresSystem", "message": "🚀 ARES LAUNCHER STARTED - Mode: blank - Symbol: ETHUSDT - Exchange: BINANCE", "correlation_id": "-", "session_id": "-", "timestamp": "2025-08-17T19:42:02.941542+00:00"}
{"asctime": "2025-08-17 21:42:02,941", "levelname": "INFO", "name": "AresGlobal", "message": "[SYSTEM] 🚀 ARES LAUNCHER STARTED - Mode: blank - Symbol: ETHUSDT - Exchange: BINANCE", "correlation_id": "-", "session_id": "-", "timestamp": "2025-08-17T19:42:02.941626+00:00"}
{"asctime": "2025-08-17 21:42:02,941", "levelname": "INFO", "name": "AresSystem", "message": "Start time: 2025-08-17 21:42:02", "correlation_id": "-", "session_id": "-", "timestamp": "2025-08-17T19:42:02.941711+00:00"}
{"asctime": "2025-08-17 21:42:02,941", "levelname": "INFO", "name": "AresGlobal", "message": "[SYSTEM] Start time: 2025-08-17 21:42:02", "correlation_id": "-", "session_id": "-", "timestamp": "2025-08-17T19:42:02.941789+00:00"}
{"asctime": "2025-08-17 21:42:02,941", "levelname": "INFO", "name": "AresSystem", "message": "Log directory: log", "correlation_id": "-", "session_id": "-", "timestamp": "2025-08-17T19:42:02.941866+00:00"}
{"asctime": "2025-08-17 21:42:02,941", "levelname": "INFO", "name": "AresGlobal", "message": "[SYSTEM] Log directory: log", "correlation_id": "-", "session_id": "-", "timestamp": "2025-08-17T19:42:02.941947+00:00"}
{"asctime": "2025-08-17 21:42:02,942", "levelname": "INFO", "name": "AresSystem", "message": "================================================================================", "correlation_id": "-", "session_id": "-", "timestamp": "2025-08-17T19:42:02.942023+00:00"}
{"asctime": "2025-08-17 21:42:02,942", "levelname": "INFO", "name": "AresGlobal", "message": "[SYSTEM] ================================================================================", "correlation_id": "-", "session_id": "-", "timestamp": "2025-08-17T19:42:02.942101+00:00"}
{"asctime": "2025-08-17 21:42:02,942", "levelname": "INFO", "name": "AresGlobal.AresLauncher", "message": "🚀 Running enhanced 16-step training pipeline for ETHUSDT on BINANCE", "correlation_id": "-", "session_id": "-", "timestamp": "2025-08-17T19:42:02.942203+00:00"}
{"asctime": "2025-08-17 21:42:02,942", "levelname": "INFO", "name": "AresGlobal.AresLauncher", "message": "Starting from step: step2_feature_engineering", "correlation_id": "-", "session_id": "-", "timestamp": "2025-08-17T19:42:02.942287+00:00"}
{"asctime": "2025-08-17 21:42:02,942", "levelname": "INFO", "name": "AresGlobal.AresLauncher", "message": "🧪 BLANK TRAINING MODE: Set BLANK_TRAINING_MODE=1 for step-based training", "correlation_id": "-", "session_id": "-", "timestamp": "2025-08-17T19:42:02.942867+00:00"}
{"asctime": "2025-08-17 21:42:02,943", "levelname": "INFO", "name": "AresGlobal.ProgressManager", "message": "Initialized ProgressManager for ETHUSDT on BINANCE", "correlation_id": "-", "session_id": "-", "timestamp": "2025-08-17T19:42:02.943001+00:00"}
{"asctime": "2025-08-17 21:42:02,943", "levelname": "INFO", "name": "AresGlobal.ProgressManager", "message": "Progress directory: data/training/progress/BINANCE_ETHUSDT", "correlation_id": "-", "session_id": "-", "timestamp": "2025-08-17T19:42:02.943092+00:00"}
{"asctime": "2025-08-17 21:42:02,943", "levelname": "INFO", "name": "AresGlobal.StepOrchestrator", "message": "Initialized StepOrchestrator for ETHUSDT on BINANCE", "correlation_id": "-", "session_id": "-", "timestamp": "2025-08-17T19:42:02.943174+00:00"}
{"asctime": "2025-08-17 21:42:02,943", "levelname": "INFO", "name": "AresGlobal.ProgressManager", "message": "🗑️  Cleared progress for step2_feature_engineering", "correlation_id": "-", "session_id": "-", "timestamp": "2025-08-17T19:42:02.943366+00:00"}
{"asctime": "2025-08-17 21:42:02,943", "levelname": "INFO", "name": "AresGlobal.AresLauncher", "message": "🧹 Cleared progress for 'step2_feature_engineering' only (force)", "correlation_id": "-", "session_id": "-", "timestamp": "2025-08-17T19:42:02.943490+00:00"}
{"asctime": "2025-08-17 21:42:02,943", "levelname": "DEBUG", "name": "asyncio", "message": "Using selector: KqueueSelector", "correlation_id": "-", "session_id": "-", "timestamp": "2025-08-17T19:42:02.943644+00:00"}
{"asctime": "2025-08-17 21:42:02,943", "levelname": "INFO", "name": "AresGlobal.StepOrchestrator", "message": "🚀 Starting execution from step: step2_feature_engineering", "correlation_id": "-", "session_id": "-", "timestamp": "2025-08-17T19:42:02.943814+00:00"}
{"asctime": "2025-08-17 21:42:03,000", "levelname": "INFO", "name": "src.utils.prometheus_metrics", "message": "Prometheus metrics server started on port 9000", "correlation_id": "-", "session_id": "-", "timestamp": "2025-08-17T19:42:03.000245+00:00"}
{"asctime": "2025-08-17 21:42:05,204", "levelname": "DEBUG", "name": "matplotlib", "message": "matplotlib data path: /opt/homebrew/Caskroom/miniforge/base/lib/python3.12/site-packages/matplotlib/mpl-data", "correlation_id": "-", "session_id": "-", "timestamp": "2025-08-17T19:42:05.204630+00:00"}
{"asctime": "2025-08-17 21:42:05,207", "levelname": "DEBUG", "name": "matplotlib", "message": "CONFIGDIR=/Users/remyroche/.matplotlib", "correlation_id": "-", "session_id": "-", "timestamp": "2025-08-17T19:42:05.207606+00:00"}
{"asctime": "2025-08-17 21:42:05,208", "levelname": "DEBUG", "name": "matplotlib", "message": "interactive is False", "correlation_id": "-", "session_id": "-", "timestamp": "2025-08-17T19:42:05.208257+00:00"}
{"asctime": "2025-08-17 21:42:05,208", "levelname": "DEBUG", "name": "matplotlib", "message": "platform is darwin", "correlation_id": "-", "session_id": "-", "timestamp": "2025-08-17T19:42:05.208351+00:00"}
{"asctime": "2025-08-17 21:42:05,218", "levelname": "DEBUG", "name": "graphviz._tools", "message": "deprecate positional args: graphviz.backend.piping.pipe(['renderer', 'formatter', 'neato_no_op', 'quiet'])", "correlation_id": "-", "session_id": "-", "timestamp": "2025-08-17T19:42:05.218033+00:00"}
{"asctime": "2025-08-17 21:42:05,218", "levelname": "DEBUG", "name": "graphviz._tools", "message": "deprecate positional args: graphviz.backend.rendering.render(['renderer', 'formatter', 'neato_no_op', 'quiet'])", "correlation_id": "-", "session_id": "-", "timestamp": "2025-08-17T19:42:05.218322+00:00"}
{"asctime": "2025-08-17 21:42:05,218", "levelname": "DEBUG", "name": "graphviz._tools", "message": "deprecate positional args: graphviz.backend.unflattening.unflatten(['stagger', 'fanout', 'chain', 'encoding'])", "correlation_id": "-", "session_id": "-", "timestamp": "2025-08-17T19:42:05.218567+00:00"}
{"asctime": "2025-08-17 21:42:05,218", "levelname": "DEBUG", "name": "graphviz._tools", "message": "deprecate positional args: graphviz.backend.viewing.view(['quiet'])", "correlation_id": "-", "session_id": "-", "timestamp": "2025-08-17T19:42:05.218787+00:00"}
{"asctime": "2025-08-17 21:42:05,219", "levelname": "DEBUG", "name": "graphviz._tools", "message": "deprecate positional args: graphviz.quoting.quote(['is_html_string', 'is_valid_id', 'dot_keywords', 'endswith_odd_number_of_backslashes', 'escape_unescaped_quotes'])", "correlation_id": "-", "session_id": "-", "timestamp": "2025-08-17T19:42:05.219854+00:00"}
{"asctime": "2025-08-17 21:42:05,219", "levelname": "DEBUG", "name": "graphviz._tools", "message": "deprecate positional args: graphviz.quoting.a_list(['kwargs', 'attributes'])", "correlation_id": "-", "session_id": "-", "timestamp": "2025-08-17T19:42:05.219931+00:00"}
{"asctime": "2025-08-17 21:42:05,219", "levelname": "DEBUG", "name": "graphviz._tools", "message": "deprecate positional args: graphviz.quoting.attr_list(['kwargs', 'attributes'])", "correlation_id": "-", "session_id": "-", "timestamp": "2025-08-17T19:42:05.219989+00:00"}
{"asctime": "2025-08-17 21:42:05,220", "levelname": "DEBUG", "name": "graphviz._tools", "message": "deprecate positional args: graphviz.dot.Dot.clear(['self', 'keep_attrs'])", "correlation_id": "-", "session_id": "-", "timestamp": "2025-08-17T19:42:05.220109+00:00"}
{"asctime": "2025-08-17 21:42:05,220", "levelname": "DEBUG", "name": "graphviz._tools", "message": "deprecate positional args: graphviz.dot.Dot.__iter__(['self', 'subgraph'])", "correlation_id": "-", "session_id": "-", "timestamp": "2025-08-17T19:42:05.220162+00:00"}
{"asctime": "2025-08-17 21:42:05,220", "levelname": "DEBUG", "name": "graphviz._tools", "message": "deprecate positional args: graphviz.dot.Dot.node(['label', '_attributes'])", "correlation_id": "-", "session_id": "-", "timestamp": "2025-08-17T19:42:05.220216+00:00"}
{"asctime": "2025-08-17 21:42:05,220", "levelname": "DEBUG", "name": "graphviz._tools", "message": "deprecate positional args: graphviz.dot.Dot.edge(['label', '_attributes'])", "correlation_id": "-", "session_id": "-", "timestamp": "2025-08-17T19:42:05.220267+00:00"}
{"asctime": "2025-08-17 21:42:05,220", "levelname": "DEBUG", "name": "graphviz._tools", "message": "deprecate positional args: graphviz.dot.Dot.attr(['kw', '_attributes'])", "correlation_id": "-", "session_id": "-", "timestamp": "2025-08-17T19:42:05.220314+00:00"}
{"asctime": "2025-08-17 21:42:05,220", "levelname": "DEBUG", "name": "graphviz._tools", "message": "deprecate positional args: graphviz.dot.Dot.subgraph(['graph', 'name', 'comment', 'graph_attr', 'node_attr', 'edge_attr', 'body'])", "correlation_id": "-", "session_id": "-", "timestamp": "2025-08-17T19:42:05.220364+00:00"}
{"asctime": "2025-08-17 21:42:05,220", "levelname": "DEBUG", "name": "graphviz._tools", "message": "deprecate positional args: graphviz.piping.Pipe._pipe_legacy(['format', 'renderer', 'formatter', 'neato_no_op', 'quiet'])", "correlation_id": "-", "session_id": "-", "timestamp": "2025-08-17T19:42:05.220685+00:00"}
{"asctime": "2025-08-17 21:42:05,221", "levelname": "DEBUG", "name": "graphviz._tools", "message": "deprecate positional args: graphviz.saving.Save.save(['filename', 'directory'])", "correlation_id": "-", "session_id": "-", "timestamp": "2025-08-17T19:42:05.221105+00:00"}
{"asctime": "2025-08-17 21:42:05,221", "levelname": "DEBUG", "name": "graphviz._tools", "message": "deprecate positional args: graphviz.rendering.Render.render(['filename', 'directory', 'view', 'cleanup', 'format', 'renderer', 'formatter', 'neato_no_op', 'quiet', 'quiet_view'])", "correlation_id": "-", "session_id": "-", "timestamp": "2025-08-17T19:42:05.221216+00:00"}
{"asctime": "2025-08-17 21:42:05,221", "levelname": "DEBUG", "name": "graphviz._tools", "message": "deprecate positional args: graphviz.rendering.Render.view(['filename', 'directory', 'cleanup', 'quiet', 'quiet_view'])", "correlation_id": "-", "session_id": "-", "timestamp": "2025-08-17T19:42:05.221276+00:00"}
{"asctime": "2025-08-17 21:42:05,221", "levelname": "DEBUG", "name": "graphviz._tools", "message": "deprecate positional args: graphviz.unflattening.Unflatten.unflatten(['self', 'stagger', 'fanout', 'chain'])", "correlation_id": "-", "session_id": "-", "timestamp": "2025-08-17T19:42:05.221447+00:00"}
{"asctime": "2025-08-17 21:42:05,221", "levelname": "DEBUG", "name": "graphviz._tools", "message": "deprecate positional args: graphviz.graphs.BaseGraph.__init__(['name', 'comment', 'filename', 'directory', 'format', 'engine', 'encoding', 'graph_attr', 'node_attr', 'edge_attr', 'body', 'strict'])", "correlation_id": "-", "session_id": "-", "timestamp": "2025-08-17T19:42:05.221536+00:00"}
{"asctime": "2025-08-17 21:42:05,221", "levelname": "DEBUG", "name": "graphviz._tools", "message": "deprecate positional args: graphviz.sources.Source.from_file(['filename', 'directory', 'format', 'engine', 'encoding', 'renderer', 'formatter'])", "correlation_id": "-", "session_id": "-", "timestamp": "2025-08-17T19:42:05.221823+00:00"}
{"asctime": "2025-08-17 21:42:05,221", "levelname": "DEBUG", "name": "graphviz._tools", "message": "deprecate positional args: graphviz.sources.Source.__init__(['source', 'filename', 'directory', 'format', 'engine', 'encoding'])", "correlation_id": "-", "session_id": "-", "timestamp": "2025-08-17T19:42:05.221901+00:00"}
{"asctime": "2025-08-17 21:42:05,221", "levelname": "DEBUG", "name": "graphviz._tools", "message": "deprecate positional args: graphviz.sources.Source.save(['filename', 'directory'])", "correlation_id": "-", "session_id": "-", "timestamp": "2025-08-17T19:42:05.221960+00:00"}
{"asctime": "2025-08-17 21:42:05,355", "levelname": "DEBUG", "name": "matplotlib", "message": "CACHEDIR=/Users/remyroche/.matplotlib", "correlation_id": "-", "session_id": "-", "timestamp": "2025-08-17T19:42:05.355135+00:00"}
{"asctime": "2025-08-17 21:42:05,356", "levelname": "DEBUG", "name": "matplotlib.font_manager", "message": "Using fontManager instance from /Users/remyroche/.matplotlib/fontlist-v390.json", "correlation_id": "-", "session_id": "-", "timestamp": "2025-08-17T19:42:05.356693+00:00"}
{"asctime": "2025-08-17 21:42:08,637", "levelname": "DEBUG", "name": "h5py._conv", "message": "Creating converter from 7 to 5", "correlation_id": "-", "session_id": "-", "timestamp": "2025-08-17T19:42:08.637720+00:00"}
{"asctime": "2025-08-17 21:42:08,638", "levelname": "DEBUG", "name": "h5py._conv", "message": "Creating converter from 5 to 7", "correlation_id": "-", "session_id": "-", "timestamp": "2025-08-17T19:42:08.638003+00:00"}
{"asctime": "2025-08-17 21:42:08,638", "levelname": "DEBUG", "name": "h5py._conv", "message": "Creating converter from 7 to 5", "correlation_id": "-", "session_id": "-", "timestamp": "2025-08-17T19:42:08.638058+00:00"}
{"asctime": "2025-08-17 21:42:08,638", "levelname": "DEBUG", "name": "h5py._conv", "message": "Creating converter from 5 to 7", "correlation_id": "-", "session_id": "-", "timestamp": "2025-08-17T19:42:08.638115+00:00"}
{"asctime": "2025-08-17 21:42:09,478", "levelname": "DEBUG", "name": "asyncio", "message": "Using selector: KqueueSelector", "correlation_id": "-", "session_id": "-", "timestamp": "2025-08-17T19:42:09.478819+00:00"}
{"asctime": "2025-08-17 21:42:10,639", "levelname": "INFO", "name": "AresGlobal.EnhancedTrainingManager", "message": "Loaded optimization configuration", "correlation_id": "-", "session_id": "-", "timestamp": "2025-08-17T19:42:10.639264+00:00"}
{"asctime": "2025-08-17 21:42:10,639", "levelname": "INFO", "name": "AresGlobal.EnhancedTrainingManagerOptimized", "message": "Loaded optimization configuration", "correlation_id": "-", "session_id": "-", "timestamp": "2025-08-17T19:42:10.639575+00:00"}
{"asctime": "2025-08-17 21:42:10,639", "levelname": "INFO", "name": "AresGlobal.EnhancedTrainingManager", "message": "Loaded optimization configuration", "correlation_id": "-", "session_id": "-", "timestamp": "2025-08-17T19:42:10.639730+00:00"}
{"asctime": "2025-08-17 21:42:10,639", "levelname": "INFO", "name": "AresGlobal.EnhancedTrainingManager", "message": "🚀 Initializing Enhanced Training Manager...", "correlation_id": "-", "session_id": "-", "timestamp": "2025-08-17T19:42:10.639933+00:00"}
{"asctime": "2025-08-17 21:42:10,640", "levelname": "INFO", "name": "AresGlobal.EnhancedTrainingManager", "message": "📊 Blank training mode: True", "correlation_id": "-", "session_id": "-", "timestamp": "2025-08-17T19:42:10.640049+00:00"}
{"asctime": "2025-08-17 21:42:10,640", "levelname": "INFO", "name": "AresGlobal.EnhancedTrainingManager", "message": "🔧 Max trials: 200", "correlation_id": "-", "session_id": "-", "timestamp": "2025-08-17T19:42:10.640149+00:00"}
{"asctime": "2025-08-17 21:42:10,640", "levelname": "INFO", "name": "AresGlobal.EnhancedTrainingManager", "message": "🔧 N trials: 100", "correlation_id": "-", "session_id": "-", "timestamp": "2025-08-17T19:42:10.640245+00:00"}
{"asctime": "2025-08-17 21:42:10,640", "levelname": "INFO", "name": "AresGlobal.EnhancedTrainingManager", "message": "📈 Lookback days: 180", "correlation_id": "-", "session_id": "-", "timestamp": "2025-08-17T19:42:10.640382+00:00"}
{"asctime": "2025-08-17 21:42:10,640", "levelname": "INFO", "name": "AresGlobal.EnhancedTrainingManager", "message": "🚀 Computational optimization: True", "correlation_id": "-", "session_id": "-", "timestamp": "2025-08-17T19:42:10.640480+00:00"}
{"asctime": "2025-08-17 21:42:10,641", "levelname": "INFO", "name": "AresGlobal.EnhancedTrainingManager", "message": "📊 Resource Analysis:", "correlation_id": "-", "session_id": "-", "timestamp": "2025-08-17T19:42:10.641166+00:00"}
{"asctime": "2025-08-17 21:42:10,641", "levelname": "INFO", "name": "AresGlobal.EnhancedTrainingManager", "message": "   💾 System Memory: 16.0 GB", "correlation_id": "-", "session_id": "-", "timestamp": "2025-08-17T19:42:10.641345+00:00"}
{"asctime": "2025-08-17 21:42:10,641", "levelname": "INFO", "name": "AresGlobal.EnhancedTrainingManager", "message": "   🖥️ CPU Cores: 8", "correlation_id": "-", "session_id": "-", "timestamp": "2025-08-17T19:42:10.641649+00:00"}
{"asctime": "2025-08-17 21:42:10,641", "levelname": "INFO", "name": "AresGlobal.EnhancedTrainingManager", "message": "   📈 Estimated Memory Usage: 4.0 GB", "correlation_id": "-", "session_id": "-", "timestamp": "2025-08-17T19:42:10.641763+00:00"}
{"asctime": "2025-08-17 21:42:10,641", "levelname": "INFO", "name": "AresGlobal.EnhancedTrainingManager", "message": "   ⏱️ Estimated Time: 90 minutes (1.5 hours)", "correlation_id": "-", "session_id": "-", "timestamp": "2025-08-17T19:42:10.641883+00:00"}
{"asctime": "2025-08-17 21:42:10,641", "levelname": "INFO", "name": "AresGlobal.EnhancedTrainingManager", "message": "   🤖 Models to Train: 4", "correlation_id": "-", "session_id": "-", "timestamp": "2025-08-17T19:42:10.641980+00:00"}
{"asctime": "2025-08-17 21:42:10,642", "levelname": "INFO", "name": "AresGlobal.EnhancedTrainingManager", "message": "   🔧 Optimization Trials: 50", "correlation_id": "-", "session_id": "-", "timestamp": "2025-08-17T19:42:10.642112+00:00"}
{"asctime": "2025-08-17 21:42:10,642", "levelname": "INFO", "name": "AresGlobal.EnhancedTrainingManager", "message": "📋 Step-by-Step Time Estimates:", "correlation_id": "-", "session_id": "-", "timestamp": "2025-08-17T19:42:10.642258+00:00"}
{"asctime": "2025-08-17 21:42:10,642", "levelname": "INFO", "name": "AresGlobal.EnhancedTrainingManager", "message": "   step1_data_collection: 5 min (4.3%)", "correlation_id": "-", "session_id": "-", "timestamp": "2025-08-17T19:42:10.642451+00:00"}
{"asctime": "2025-08-17 21:42:10,642", "levelname": "INFO", "name": "AresGlobal.EnhancedTrainingManager", "message": "   step2_feature_engineering: 15 min (13.0%)", "correlation_id": "-", "session_id": "-", "timestamp": "2025-08-17T19:42:10.642972+00:00"}
{"asctime": "2025-08-17 21:42:10,643", "levelname": "INFO", "name": "AresGlobal.EnhancedTrainingManager", "message": "   step3_hmm_regime_discovery: 3 min (2.6%)", "correlation_id": "-", "session_id": "-", "timestamp": "2025-08-17T19:42:10.643119+00:00"}
{"asctime": "2025-08-17 21:42:10,643", "levelname": "INFO", "name": "AresGlobal.EnhancedTrainingManager", "message": "   step4_processing_labeling: 8 min (7.0%)", "correlation_id": "-", "session_id": "-", "timestamp": "2025-08-17T19:42:10.643208+00:00"}
{"asctime": "2025-08-17 21:42:10,643", "levelname": "INFO", "name": "AresGlobal.EnhancedTrainingManager", "message": "   step5_regime_data_splitting: 2 min (1.7%)", "correlation_id": "-", "session_id": "-", "timestamp": "2025-08-17T19:42:10.643479+00:00"}
{"asctime": "2025-08-17 21:42:10,643", "levelname": "INFO", "name": "AresGlobal.EnhancedTrainingManager", "message": "   step6_hmm_based_training: 10 min (8.7%)", "correlation_id": "-", "session_id": "-", "timestamp": "2025-08-17T19:42:10.643609+00:00"}
{"asctime": "2025-08-17 21:42:10,643", "levelname": "INFO", "name": "AresGlobal.EnhancedTrainingManager", "message": "   step6_5_unified_regime_intelligence: 8 min (7.0%)", "correlation_id": "-", "session_id": "-", "timestamp": "2025-08-17T19:42:10.643700+00:00"}
{"asctime": "2025-08-17 21:42:10,643", "levelname": "INFO", "name": "AresGlobal.EnhancedTrainingManager", "message": "   step7_analyst_enhancement: 8 min (7.0%)", "correlation_id": "-", "session_id": "-", "timestamp": "2025-08-17T19:42:10.643806+00:00"}
{"asctime": "2025-08-17 21:42:10,643", "levelname": "INFO", "name": "AresGlobal.EnhancedTrainingManager", "message": "   step8_tactician_labeling: 5 min (4.3%)", "correlation_id": "-", "session_id": "-", "timestamp": "2025-08-17T19:42:10.643979+00:00"}
{"asctime": "2025-08-17 21:42:10,644", "levelname": "INFO", "name": "AresGlobal.EnhancedTrainingManager", "message": "   step9_tactician_specialist_training: 10 min (8.7%)", "correlation_id": "-", "session_id": "-", "timestamp": "2025-08-17T19:42:10.644195+00:00"}
{"asctime": "2025-08-17 21:42:10,644", "levelname": "INFO", "name": "AresGlobal.EnhancedTrainingManager", "message": "   step10_confidence_calibration: 3 min (2.6%)", "correlation_id": "-", "session_id": "-", "timestamp": "2025-08-17T19:42:10.644528+00:00"}
{"asctime": "2025-08-17 21:42:10,644", "levelname": "INFO", "name": "AresGlobal.EnhancedTrainingManager", "message": "   step11_final_parameters_optimization: 15 min (13.0%)", "correlation_id": "-", "session_id": "-", "timestamp": "2025-08-17T19:42:10.644632+00:00"}
{"asctime": "2025-08-17 21:42:10,644", "levelname": "INFO", "name": "AresGlobal.EnhancedTrainingManager", "message": "   step12_walk_forward_validation: 8 min (7.0%)", "correlation_id": "-", "session_id": "-", "timestamp": "2025-08-17T19:42:10.644730+00:00"}
{"asctime": "2025-08-17 21:42:10,644", "levelname": "INFO", "name": "AresGlobal.EnhancedTrainingManager", "message": "   step13_monte_carlo_validation: 8 min (7.0%)", "correlation_id": "-", "session_id": "-", "timestamp": "2025-08-17T19:42:10.644984+00:00"}
{"asctime": "2025-08-17 21:42:10,645", "levelname": "INFO", "name": "AresGlobal.EnhancedTrainingManager", "message": "   step14_ab_testing: 5 min (4.3%)", "correlation_id": "-", "session_id": "-", "timestamp": "2025-08-17T19:42:10.645184+00:00"}
{"asctime": "2025-08-17 21:42:10,645", "levelname": "INFO", "name": "AresGlobal.EnhancedTrainingManager", "message": "   step15_saving: 2 min (1.7%)", "correlation_id": "-", "session_id": "-", "timestamp": "2025-08-17T19:42:10.645304+00:00"}
{"asctime": "2025-08-17 21:42:10,645", "levelname": "INFO", "name": "AresGlobal.EnhancedTrainingManager", "message": "💡 Recommendations:", "correlation_id": "-", "session_id": "-", "timestamp": "2025-08-17T19:42:10.645733+00:00"}
{"asctime": "2025-08-17 21:42:10,646", "levelname": "INFO", "name": "AresGlobal.EnhancedTrainingManager", "message": "   ✅ Blank training mode is suitable for your system", "correlation_id": "-", "session_id": "-", "timestamp": "2025-08-17T19:42:10.646142+00:00"}
{"asctime": "2025-08-17 21:42:10,646", "levelname": "INFO", "name": "AresGlobal.EnhancedTrainingManager", "message": "🚀 Initializing computational optimization components...", "correlation_id": "-", "session_id": "-", "timestamp": "2025-08-17T19:42:10.646612+00:00"}
{"asctime": "2025-08-17 21:42:10,647", "levelname": "INFO", "name": "AresGlobal.EnhancedTrainingManager", "message": "✅ Computational optimization components initialized successfully", "correlation_id": "-", "session_id": "-", "timestamp": "2025-08-17T19:42:10.647642+00:00"}
{"asctime": "2025-08-17 21:42:10,648", "levelname": "INFO", "name": "AresGlobal.EnhancedTrainingManager", "message": "✅ Enhanced Training Manager initialized successfully", "correlation_id": "-", "session_id": "-", "timestamp": "2025-08-17T19:42:10.648134+00:00"}
{"asctime": "2025-08-17 21:42:10,648", "levelname": "INFO", "name": "AresGlobal.StepOrchestrator", "message": "✅ Enhanced training manager setup successfully", "correlation_id": "-", "session_id": "-", "timestamp": "2025-08-17T19:42:10.648535+00:00"}
{"asctime": "2025-08-17 21:42:10,648", "levelname": "INFO", "name": "AresGlobal.EnhancedTrainingManager", "message": "================================================================================", "correlation_id": "-", "session_id": "-", "timestamp": "2025-08-17T19:42:10.648707+00:00"}
{"asctime": "2025-08-17 21:42:10,648", "levelname": "INFO", "name": "AresGlobal.EnhancedTrainingManager", "message": "🚀 COMPREHENSIVE 15-STEP ENHANCED TRAINING PIPELINE START", "correlation_id": "-", "session_id": "-", "timestamp": "2025-08-17T19:42:10.648848+00:00"}
{"asctime": "2025-08-17 21:42:10,649", "levelname": "INFO", "name": "AresGlobal.EnhancedTrainingManager", "message": "================================================================================", "correlation_id": "-", "session_id": "-", "timestamp": "2025-08-17T19:42:10.649124+00:00"}
{"asctime": "2025-08-17 21:42:10,649", "levelname": "INFO", "name": "AresGlobal.EnhancedTrainingManager", "message": "📅 Started at: 2025-08-17 21:42:10", "correlation_id": "-", "session_id": "-", "timestamp": "2025-08-17T19:42:10.649396+00:00"}
{"asctime": "2025-08-17 21:42:10,649", "levelname": "INFO", "name": "AresGlobal.EnhancedTrainingManager", "message": "🎯 Symbol: ETHUSDT", "correlation_id": "-", "session_id": "-", "timestamp": "2025-08-17T19:42:10.649536+00:00"}
{"asctime": "2025-08-17 21:42:10,649", "levelname": "INFO", "name": "AresGlobal.EnhancedTrainingManager", "message": "🏢 Exchange: BINANCE", "correlation_id": "-", "session_id": "-", "timestamp": "2025-08-17T19:42:10.649643+00:00"}
{"asctime": "2025-08-17 21:42:10,649", "levelname": "INFO", "name": "AresGlobal.EnhancedTrainingManager", "message": "📊 Training Mode: N/A", "correlation_id": "-", "session_id": "-", "timestamp": "2025-08-17T19:42:10.649752+00:00"}
{"asctime": "2025-08-17 21:42:10,649", "levelname": "INFO", "name": "AresGlobal.EnhancedTrainingManager", "message": "📈 Lookback Days: 180", "correlation_id": "-", "session_id": "-", "timestamp": "2025-08-17T19:42:10.649852+00:00"}
{"asctime": "2025-08-17 21:42:10,650", "levelname": "INFO", "name": "AresGlobal.EnhancedTrainingManager", "message": "🔧 Blank Training Mode: True", "correlation_id": "-", "session_id": "-", "timestamp": "2025-08-17T19:42:10.650158+00:00"}
{"asctime": "2025-08-17 21:42:10,650", "levelname": "INFO", "name": "AresGlobal.EnhancedTrainingManager", "message": "🔧 Max Trials: 200", "correlation_id": "-", "session_id": "-", "timestamp": "2025-08-17T19:42:10.650575+00:00"}
{"asctime": "2025-08-17 21:42:10,650", "levelname": "INFO", "name": "AresGlobal.EnhancedTrainingManager", "message": "🔧 N Trials: 100", "correlation_id": "-", "session_id": "-", "timestamp": "2025-08-17T19:42:10.650949+00:00"}
{"asctime": "2025-08-17 21:42:10,651", "levelname": "INFO", "name": "AresGlobal.EnhancedTrainingManager", "message": "🚀 Initializing optimized tools...", "correlation_id": "-", "session_id": "-", "timestamp": "2025-08-17T19:42:10.651216+00:00"}
{"asctime": "2025-08-17 21:42:10,651", "levelname": "INFO", "name": "AresGlobal.EnhancedTrainingManagerOptimized", "message": "🚀 Initializing Enhanced Training Manager with Optimizations...", "correlation_id": "-", "session_id": "-", "timestamp": "2025-08-17T19:42:10.651359+00:00"}
{"asctime": "2025-08-17 21:42:10,661", "levelname": "INFO", "name": "AresGlobal.EnhancedTrainingManagerOptimized", "message": "✅ Parallel backtester initialized with 8 workers", "correlation_id": "-", "session_id": "-", "timestamp": "2025-08-17T19:42:10.662028+00:00"}
{"asctime": "2025-08-17 21:42:10,663", "levelname": "INFO", "name": "AresGlobal.EnhancedTrainingManagerOptimized", "message": "✅ All optimization components initialized successfully", "correlation_id": "-", "session_id": "-", "timestamp": "2025-08-17T19:42:10.663640+00:00"}
{"asctime": "2025-08-17 21:42:10,664", "levelname": "INFO", "name": "AresGlobal.EnhancedTrainingManager", "message": "   ✅ Optimized training manager initialized", "correlation_id": "-", "session_id": "-", "timestamp": "2025-08-17T19:42:10.664734+00:00"}
{"asctime": "2025-08-17 21:42:10,665", "levelname": "INFO", "name": "AresGlobal.EnhancedTrainingManager", "message": "   ✅ Streaming processor initialized", "correlation_id": "-", "session_id": "-", "timestamp": "2025-08-17T19:42:10.665086+00:00"}
{"asctime": "2025-08-17 21:42:10,666", "levelname": "INFO", "name": "AresGlobal.EnhancedTrainingManager", "message": "   ✅ Parallel backtester initialized with 8 workers", "correlation_id": "-", "session_id": "-", "timestamp": "2025-08-17T19:42:10.666275+00:00"}
{"asctime": "2025-08-17 21:42:10,666", "levelname": "INFO", "name": "AresGlobal.EnhancedTrainingManager", "message": "   ✅ Adaptive sampler initialized", "correlation_id": "-", "session_id": "-", "timestamp": "2025-08-17T19:42:10.666787+00:00"}
{"asctime": "2025-08-17 21:42:10,667", "levelname": "INFO", "name": "AresGlobal.EnhancedTrainingManager", "message": "   ✅ Incremental trainer initialized", "correlation_id": "-", "session_id": "-", "timestamp": "2025-08-17T19:42:10.667074+00:00"}
{"asctime": "2025-08-17 21:42:10,667", "levelname": "INFO", "name": "AresGlobal.EnhancedTrainingManager", "message": "✅ All optimized tools initialized successfully", "correlation_id": "-", "session_id": "-", "timestamp": "2025-08-17T19:42:10.668074+00:00"}
{"asctime": "2025-08-17 21:42:10,670", "levelname": "INFO", "name": "AresGlobal.EnhancedTrainingManager", "message": "🚀 Starting fresh training...", "correlation_id": "-", "session_id": "-", "timestamp": "2025-08-17T19:42:10.670413+00:00"}
{"asctime": "2025-08-17 21:42:10,670", "levelname": "INFO", "name": "AresGlobal.EnhancedTrainingManager", "message": "====================================================================================================", "correlation_id": "-", "session_id": "-", "timestamp": "2025-08-17T19:42:10.670690+00:00"}
{"asctime": "2025-08-17 21:42:10,670", "levelname": "INFO", "name": "AresGlobal.EnhancedTrainingManager", "message": "🚀 COMPREHENSIVE 15-STEP TRAINING PIPELINE START", "correlation_id": "-", "session_id": "-", "timestamp": "2025-08-17T19:42:10.670921+00:00"}
{"asctime": "2025-08-17 21:42:10,671", "levelname": "INFO", "name": "AresGlobal.EnhancedTrainingManager", "message": "====================================================================================================", "correlation_id": "-", "session_id": "-", "timestamp": "2025-08-17T19:42:10.671101+00:00"}
{"asctime": "2025-08-17 21:42:10,671", "levelname": "INFO", "name": "AresGlobal.EnhancedTrainingManager", "message": "📅 Started at: 2025-08-17 21:42:10", "correlation_id": "-", "session_id": "-", "timestamp": "2025-08-17T19:42:10.671345+00:00"}
{"asctime": "2025-08-17 21:42:10,671", "levelname": "INFO", "name": "AresGlobal.EnhancedTrainingManager", "message": "🎯 Symbol: ETHUSDT", "correlation_id": "-", "session_id": "-", "timestamp": "2025-08-17T19:42:10.671450+00:00"}
{"asctime": "2025-08-17 21:42:10,671", "levelname": "INFO", "name": "AresGlobal.EnhancedTrainingManager", "message": "🏢 Exchange: BINANCE", "correlation_id": "-", "session_id": "-", "timestamp": "2025-08-17T19:42:10.671543+00:00"}
{"asctime": "2025-08-17 21:42:10,671", "levelname": "INFO", "name": "AresGlobal.EnhancedTrainingManager", "message": "📊 Timeframe: 1m", "correlation_id": "-", "session_id": "-", "timestamp": "2025-08-17T19:42:10.671669+00:00"}
{"asctime": "2025-08-17 21:42:10,671", "levelname": "INFO", "name": "AresGlobal.EnhancedTrainingManager", "message": "🧠 Training Mode: Blank", "correlation_id": "-", "session_id": "-", "timestamp": "2025-08-17T19:42:10.671767+00:00"}
{"asctime": "2025-08-17 21:42:10,671", "levelname": "INFO", "name": "AresGlobal.EnhancedTrainingManager", "message": "🔧 Max Trials: 200", "correlation_id": "-", "session_id": "-", "timestamp": "2025-08-17T19:42:10.671863+00:00"}
{"asctime": "2025-08-17 21:42:10,671", "levelname": "INFO", "name": "AresGlobal.EnhancedTrainingManager", "message": "📈 Lookback Days: 180", "correlation_id": "-", "session_id": "-", "timestamp": "2025-08-17T19:42:10.671970+00:00"}
{"asctime": "2025-08-17 21:42:10,672", "levelname": "INFO", "name": "AresGlobal.EnhancedTrainingManager", "message": "💾 Memory Optimization: Enabled", "correlation_id": "-", "session_id": "-", "timestamp": "2025-08-17T19:42:10.672059+00:00"}
{"asctime": "2025-08-17 21:42:10,672", "levelname": "INFO", "name": "AresGlobal.EnhancedTrainingManager", "message": "🚀 Starting from step: step2_feature_engineering", "correlation_id": "-", "session_id": "-", "timestamp": "2025-08-17T19:42:10.672145+00:00"}
{"asctime": "2025-08-17 21:42:10,672", "levelname": "INFO", "name": "AresGlobal.EnhancedTrainingManager", "message": "====================================================================================================", "correlation_id": "-", "session_id": "-", "timestamp": "2025-08-17T19:42:10.672232+00:00"}
{"asctime": "2025-08-17 21:42:10,672", "levelname": "INFO", "name": "AresGlobal.EnhancedTrainingManager", "message": "⏭️  Skipping Step 1: Data Collection (using pre-consolidated data)", "correlation_id": "-", "session_id": "-", "timestamp": "2025-08-17T19:42:10.672317+00:00"}
{"asctime": "2025-08-17 21:42:10,672", "levelname": "INFO", "name": "AresGlobal.EnhancedTrainingManager", "message": "💓 Step 2: Feature Engineering", "correlation_id": "-", "session_id": "-", "timestamp": "2025-08-17T19:42:10.672407+00:00"}
{"asctime": "2025-08-17 21:42:10,672", "levelname": "INFO", "name": "AresGlobal.EnhancedTrainingManager", "message": "🔍 Validating dependencies for step2_feature_engineering", "correlation_id": "-", "session_id": "-", "timestamp": "2025-08-17T19:42:10.672507+00:00"}
{"asctime": "2025-08-17 21:42:10,672", "levelname": "INFO", "name": "AresGlobal.StepDependencyValidator", "message": "🔍 Validating prerequisites for step2_feature_engineering", "correlation_id": "-", "session_id": "-", "timestamp": "2025-08-17T19:42:10.672685+00:00"}
{"asctime": "2025-08-17 21:42:10,672", "levelname": "INFO", "name": "AresGlobal.StepDependencyValidator", "message": "📋 step2_feature_engineering requires: []", "correlation_id": "-", "session_id": "-", "timestamp": "2025-08-17T19:42:10.672779+00:00"}
{"asctime": "2025-08-17 21:42:10,672", "levelname": "INFO", "name": "AresGlobal.StepDependencyValidator", "message": "✅ Force rerun enabled for step2_feature_engineering, skipping dependency validation", "correlation_id": "-", "session_id": "-", "timestamp": "2025-08-17T19:42:10.672883+00:00"}
{"asctime": "2025-08-17 21:42:10,673", "levelname": "INFO", "name": "AresGlobal.EnhancedTrainingManager", "message": "✅ Dependencies validated for step2_feature_engineering: Force rerun enabled", "correlation_id": "-", "session_id": "-", "timestamp": "2025-08-17T19:42:10.673019+00:00"}
{"asctime": "2025-08-17 21:42:11,049", "levelname": "INFO", "name": "AresGlobal.Step2.FeatureEngineering", "message": "🔄 Force rerun enabled - regenerating features", "correlation_id": "-", "session_id": "-", "timestamp": "2025-08-17T19:42:11.049342+00:00"}
{"asctime": "2025-08-17 21:42:11,069", "levelname": "INFO", "name": "AresGlobal.Step2.FeatureEngineering", "message": "📦 Loaded labeled train: 169864 rows", "correlation_id": "-", "session_id": "-", "timestamp": "2025-08-17T19:42:11.069737+00:00"}
{"asctime": "2025-08-17 21:42:11,070", "levelname": "INFO", "name": "AresGlobal.Step2.FeatureEngineering", "message": "📦 Loaded labeled validation: 36400 rows", "correlation_id": "-", "session_id": "-", "timestamp": "2025-08-17T19:42:11.070242+00:00"}
{"asctime": "2025-08-17 21:42:11,070", "levelname": "INFO", "name": "AresGlobal.Step2.FeatureEngineering", "message": "📦 Loaded labeled test: 36400 rows", "correlation_id": "-", "session_id": "-", "timestamp": "2025-08-17T19:42:11.070761+00:00"}
{"asctime": "2025-08-17 21:42:11,115", "levelname": "INFO", "name": "src.training.steps.step2_feature_engineering", "message": "➡️ Step3._extract_inputs start", "correlation_id": "fc8cfa6491a3466a80f39278c5d9de51", "session_id": "-", "timestamp": "2025-08-17T19:42:11.115666+00:00"}
{"asctime": "2025-08-17 21:42:11,126", "levelname": "INFO", "name": "src.training.steps.step2_feature_engineering", "message": "✅ Step3._extract_inputs done", "correlation_id": "fc8cfa6491a3466a80f39278c5d9de51", "session_id": "-", "result_len": 2, "timestamp": "2025-08-17T19:42:11.127010+00:00"}
{"asctime": "2025-08-17 21:42:11,127", "levelname": "INFO", "name": "src.training.steps.step2_feature_engineering", "message": "➡️ Step3._extract_inputs start", "correlation_id": "fc8cfa6491a3466a80f39278c5d9de51", "session_id": "-", "timestamp": "2025-08-17T19:42:11.127207+00:00"}
{"asctime": "2025-08-17 21:42:11,130", "levelname": "INFO", "name": "src.training.steps.step2_feature_engineering", "message": "✅ Step3._extract_inputs done", "correlation_id": "fc8cfa6491a3466a80f39278c5d9de51", "session_id": "-", "result_len": 2, "timestamp": "2025-08-17T19:42:11.130369+00:00"}
{"asctime": "2025-08-17 21:42:11,130", "levelname": "INFO", "name": "src.training.steps.step2_feature_engineering", "message": "➡️ Step3._extract_inputs start", "correlation_id": "fc8cfa6491a3466a80f39278c5d9de51", "session_id": "-", "timestamp": "2025-08-17T19:42:11.130518+00:00"}
{"asctime": "2025-08-17 21:42:11,131", "levelname": "INFO", "name": "src.training.steps.step2_feature_engineering", "message": "✅ Step3._extract_inputs done", "correlation_id": "fc8cfa6491a3466a80f39278c5d9de51", "session_id": "-", "result_len": 2, "timestamp": "2025-08-17T19:42:11.131723+00:00"}
{"asctime": "2025-08-17 21:42:11,132", "levelname": "INFO", "name": "AresGlobal.VectorizedAdvancedFeatureEngineering", "message": "✅ Configured joblib memory cache: data/joblib_cache", "correlation_id": "fc8cfa6491a3466a80f39278c5d9de51", "session_id": "-", "timestamp": "2025-08-17T19:42:11.132240+00:00"}
{"asctime": "2025-08-17 21:42:11,132", "levelname": "INFO", "name": "AresGlobal.VectorizedAdvancedFeatureEngineering", "message": "🚀 Initializing vectorized advanced feature engineering...", "correlation_id": "fc8cfa6491a3466a80f39278c5d9de51", "session_id": "-", "timestamp": "2025-08-17T19:42:11.132433+00:00"}
{"asctime": "2025-08-17 21:42:11,132", "levelname": "INFO", "name": "AresGlobal.WaveletFeatureCache", "message": "✅ Cache directory initialized: data/wavelet_cache", "correlation_id": "fc8cfa6491a3466a80f39278c5d9de51", "session_id": "-", "timestamp": "2025-08-17T19:42:11.132675+00:00"}
{"asctime": "2025-08-17 21:42:11,132", "levelname": "INFO", "name": "AresGlobal.VectorizedVolatilityRegimeModel", "message": "🚀 Initializing VectorizedVolatilityRegimeModel...", "correlation_id": "fc8cfa6491a3466a80f39278c5d9de51", "session_id": "-", "timestamp": "2025-08-17T19:42:11.132794+00:00"}
{"asctime": "2025-08-17 21:42:11,132", "levelname": "INFO", "name": "AresGlobal.VectorizedVolatilityRegimeModel", "message": "✅ VectorizedVolatilityRegimeModel initialized successfully", "correlation_id": "fc8cfa6491a3466a80f39278c5d9de51", "session_id": "-", "timestamp": "2025-08-17T19:42:11.132892+00:00"}
{"asctime": "2025-08-17 21:42:11,132", "levelname": "INFO", "name": "AresGlobal.VectorizedCorrelationAnalyzer", "message": "🚀 Initializing VectorizedCorrelationAnalyzer...", "correlation_id": "fc8cfa6491a3466a80f39278c5d9de51", "session_id": "-", "timestamp": "2025-08-17T19:42:11.132993+00:00"}
{"asctime": "2025-08-17 21:42:11,133", "levelname": "INFO", "name": "AresGlobal.VectorizedCorrelationAnalyzer", "message": "✅ VectorizedCorrelationAnalyzer initialized successfully", "correlation_id": "fc8cfa6491a3466a80f39278c5d9de51", "session_id": "-", "timestamp": "2025-08-17T19:42:11.133089+00:00"}
{"asctime": "2025-08-17 21:42:11,133", "levelname": "INFO", "name": "AresGlobal.VectorizedMomentumAnalyzer", "message": "🚀 Initializing VectorizedMomentumAnalyzer...", "correlation_id": "fc8cfa6491a3466a80f39278c5d9de51", "session_id": "-", "timestamp": "2025-08-17T19:42:11.133181+00:00"}
{"asctime": "2025-08-17 21:42:11,133", "levelname": "INFO", "name": "AresGlobal.VectorizedMomentumAnalyzer", "message": "✅ VectorizedMomentumAnalyzer initialized successfully", "correlation_id": "fc8cfa6491a3466a80f39278c5d9de51", "session_id": "-", "timestamp": "2025-08-17T19:42:11.133282+00:00"}
{"asctime": "2025-08-17 21:42:11,133", "levelname": "INFO", "name": "AresGlobal.VectorizedAdvancedFeatureEngineering", "message": "🔍 Creating VectorizedLiquidityAnalyzer...", "correlation_id": "fc8cfa6491a3466a80f39278c5d9de51", "session_id": "-", "timestamp": "2025-08-17T19:42:11.133369+00:00"}
{"asctime": "2025-08-17 21:42:11,133", "levelname": "INFO", "name": "AresGlobal.VectorizedAdvancedFeatureEngineering", "message": "🔍 VectorizedLiquidityAnalyzer created, initializing...", "correlation_id": "fc8cfa6491a3466a80f39278c5d9de51", "session_id": "-", "timestamp": "2025-08-17T19:42:11.133461+00:00"}
{"asctime": "2025-08-17 21:42:11,133", "levelname": "INFO", "name": "AresGlobal.VectorizedLiquidityAnalyzer", "message": "🚀 Initializing VectorizedLiquidityAnalyzer...", "correlation_id": "fc8cfa6491a3466a80f39278c5d9de51", "session_id": "-", "timestamp": "2025-08-17T19:42:11.133553+00:00"}
{"asctime": "2025-08-17 21:42:11,133", "levelname": "INFO", "name": "AresGlobal.VectorizedLiquidityAnalyzer", "message": "✅ VectorizedLiquidityAnalyzer initialized successfully", "correlation_id": "fc8cfa6491a3466a80f39278c5d9de51", "session_id": "-", "timestamp": "2025-08-17T19:42:11.133637+00:00"}
{"asctime": "2025-08-17 21:42:11,133", "levelname": "INFO", "name": "AresGlobal.VectorizedAdvancedFeatureEngineering", "message": "✅ Liquidity analyzer initialized successfully", "correlation_id": "fc8cfa6491a3466a80f39278c5d9de51", "session_id": "-", "timestamp": "2025-08-17T19:42:11.133724+00:00"}
{"asctime": "2025-08-17 21:42:11,133", "levelname": "INFO", "name": "AresGlobal.VectorizedAdvancedFeatureEngineering", "message": "🔍 Creating VectorizedCandlestickPatternAnalyzer...", "correlation_id": "fc8cfa6491a3466a80f39278c5d9de51", "session_id": "-", "timestamp": "2025-08-17T19:42:11.133810+00:00"}
{"asctime": "2025-08-17 21:42:11,133", "levelname": "INFO", "name": "AresGlobal.VectorizedAdvancedFeatureEngineering", "message": "🔍 VectorizedCandlestickPatternAnalyzer created, initializing...", "correlation_id": "fc8cfa6491a3466a80f39278c5d9de51", "session_id": "-", "timestamp": "2025-08-17T19:42:11.133901+00:00"}
{"asctime": "2025-08-17 21:42:11,133", "levelname": "INFO", "name": "AresGlobal.VectorizedCandlestickPatternAnalyzer", "message": "🚀 Initializing VectorizedCandlestickPatternAnalyzer...", "correlation_id": "fc8cfa6491a3466a80f39278c5d9de51", "session_id": "-", "timestamp": "2025-08-17T19:42:11.133999+00:00"}
{"asctime": "2025-08-17 21:42:11,134", "levelname": "INFO", "name": "AresGlobal.VectorizedCandlestickPatternAnalyzer", "message": "🔍 Config keys: ['vectorized_advanced_features', 'symbol', 'exchange']", "correlation_id": "fc8cfa6491a3466a80f39278c5d9de51", "session_id": "-", "timestamp": "2025-08-17T19:42:11.134094+00:00"}
{"asctime": "2025-08-17 21:42:11,134", "levelname": "INFO", "name": "AresGlobal.VectorizedCandlestickPatternAnalyzer", "message": "✅ VectorizedCandlestickPatternAnalyzer initialized successfully", "correlation_id": "fc8cfa6491a3466a80f39278c5d9de51", "session_id": "-", "timestamp": "2025-08-17T19:42:11.134179+00:00"}
{"asctime": "2025-08-17 21:42:11,134", "levelname": "INFO", "name": "AresGlobal.VectorizedAdvancedFeatureEngineering", "message": "✅ Candlestick analyzer initialized successfully", "correlation_id": "fc8cfa6491a3466a80f39278c5d9de51", "session_id": "-", "timestamp": "2025-08-17T19:42:11.134265+00:00"}
{"asctime": "2025-08-17 21:42:11,134", "levelname": "INFO", "name": "AresGlobal.VectorizedAdvancedFeatureEngineering", "message": "🔍 Creating VectorizedSRDistanceCalculator...", "correlation_id": "fc8cfa6491a3466a80f39278c5d9de51", "session_id": "-", "timestamp": "2025-08-17T19:42:11.134348+00:00"}
{"asctime": "2025-08-17 21:42:11,134", "levelname": "INFO", "name": "AresGlobal.VectorizedAdvancedFeatureEngineering", "message": "🔍 VectorizedSRDistanceCalculator created, initializing...", "correlation_id": "fc8cfa6491a3466a80f39278c5d9de51", "session_id": "-", "timestamp": "2025-08-17T19:42:11.134447+00:00"}
{"asctime": "2025-08-17 21:42:11,134", "levelname": "INFO", "name": "AresGlobal.VectorizedSRDistanceCalculator", "message": "🚀 Initializing VectorizedSRDistanceCalculator...", "correlation_id": "fc8cfa6491a3466a80f39278c5d9de51", "session_id": "-", "timestamp": "2025-08-17T19:42:11.134536+00:00"}
{"asctime": "2025-08-17 21:42:11,134", "levelname": "INFO", "name": "AresGlobal.VectorizedSRDistanceCalculator", "message": "✅ VectorizedSRDistanceCalculator initialized successfully", "correlation_id": "fc8cfa6491a3466a80f39278c5d9de51", "session_id": "-", "timestamp": "2025-08-17T19:42:11.134626+00:00"}
{"asctime": "2025-08-17 21:42:11,134", "levelname": "INFO", "name": "AresGlobal.VectorizedAdvancedFeatureEngineering", "message": "✅ S/R distance calculator initialized successfully", "correlation_id": "fc8cfa6491a3466a80f39278c5d9de51", "session_id": "-", "timestamp": "2025-08-17T19:42:11.134716+00:00"}
{"asctime": "2025-08-17 21:42:11,134", "levelname": "INFO", "name": "AresGlobal.VectorizedAdvancedFeatureEngineering", "message": "🔍 Creating VectorizedWaveletTransformAnalyzer...", "correlation_id": "fc8cfa6491a3466a80f39278c5d9de51", "session_id": "-", "timestamp": "2025-08-17T19:42:11.134801+00:00"}
{"asctime": "2025-08-17 21:42:11,134", "levelname": "INFO", "name": "AresGlobal.VectorizedAdvancedFeatureEngineering", "message": "🔍 VectorizedWaveletTransformAnalyzer created, initializing...", "correlation_id": "fc8cfa6491a3466a80f39278c5d9de51", "session_id": "-", "timestamp": "2025-08-17T19:42:11.134892+00:00"}
{"asctime": "2025-08-17 21:42:11,134", "levelname": "INFO", "name": "AresGlobal.VectorizedWaveletTransformAnalyzer", "message": "🚀 Initializing VectorizedWaveletTransformAnalyzer...", "correlation_id": "fc8cfa6491a3466a80f39278c5d9de51", "session_id": "-", "timestamp": "2025-08-17T19:42:11.134984+00:00"}
{"asctime": "2025-08-17 21:42:11,135", "levelname": "INFO", "name": "AresGlobal.VectorizedWaveletTransformAnalyzer", "message": "✅ VectorizedWaveletTransformAnalyzer initialized successfully", "correlation_id": "fc8cfa6491a3466a80f39278c5d9de51", "session_id": "-", "timestamp": "2025-08-17T19:42:11.135072+00:00"}
{"asctime": "2025-08-17 21:42:11,135", "levelname": "INFO", "name": "AresGlobal.VectorizedAdvancedFeatureEngineering", "message": "✅ Wavelet analyzer initialized successfully", "correlation_id": "fc8cfa6491a3466a80f39278c5d9de51", "session_id": "-", "timestamp": "2025-08-17T19:42:11.135249+00:00"}
{"asctime": "2025-08-17 21:42:11,135", "levelname": "INFO", "name": "AresGlobal.VectorizedAdvancedFeatureEngineering", "message": "ℹ️ Meta-labeling system removed - using only HMM market regimes for labeling", "correlation_id": "fc8cfa6491a3466a80f39278c5d9de51", "session_id": "-", "timestamp": "2025-08-17T19:42:11.135474+00:00"}
{"asctime": "2025-08-17 21:42:11,135", "levelname": "INFO", "name": "AresGlobal.VectorizedAdvancedFeatureEngineering", "message": "✅ Vectorized advanced feature engineering initialized successfully", "correlation_id": "fc8cfa6491a3466a80f39278c5d9de51", "session_id": "-", "timestamp": "2025-08-17T19:42:11.135588+00:00"}
{"asctime": "2025-08-17 21:42:11,135", "levelname": "INFO", "name": "src.training.steps.step2_feature_engineering", "message": "➡️ Step3._load_or_build_sr_levels start", "correlation_id": "fc8cfa6491a3466a80f39278c5d9de51", "session_id": "-", "timestamp": "2025-08-17T19:42:11.135702+00:00"}
{"asctime": "2025-08-17 21:42:11,142", "levelname": "INFO", "name": "src.training.steps.step2_feature_engineering", "message": "✅ Step3._load_or_build_sr_levels done", "correlation_id": "fc8cfa6491a3466a80f39278c5d9de51", "session_id": "-", "result_len": 2, "timestamp": "2025-08-17T19:42:11.142774+00:00"}
{"asctime": "2025-08-17 21:42:11,142", "levelname": "INFO", "name": "src.training.steps.step2_feature_engineering", "message": "➡️ Step3._load_or_build_sr_levels start", "correlation_id": "fc8cfa6491a3466a80f39278c5d9de51", "session_id": "-", "timestamp": "2025-08-17T19:42:11.142907+00:00"}
{"asctime": "2025-08-17 21:42:11,144", "levelname": "INFO", "name": "src.training.steps.step2_feature_engineering", "message": "✅ Step3._load_or_build_sr_levels done", "correlation_id": "fc8cfa6491a3466a80f39278c5d9de51", "session_id": "-", "result_len": 2, "timestamp": "2025-08-17T19:42:11.144822+00:00"}
{"asctime": "2025-08-17 21:42:11,144", "levelname": "INFO", "name": "src.training.steps.step2_feature_engineering", "message": "➡️ Step3._load_or_build_sr_levels start", "correlation_id": "fc8cfa6491a3466a80f39278c5d9de51", "session_id": "-", "timestamp": "2025-08-17T19:42:11.144907+00:00"}
{"asctime": "2025-08-17 21:42:11,146", "levelname": "INFO", "name": "src.training.steps.step2_feature_engineering", "message": "✅ Step3._load_or_build_sr_levels done", "correlation_id": "fc8cfa6491a3466a80f39278c5d9de51", "session_id": "-", "result_len": 2, "timestamp": "2025-08-17T19:42:11.146692+00:00"}
{"asctime": "2025-08-17 21:42:11,146", "levelname": "INFO", "name": "AresGlobal.VectorizedAdvancedFeatureEngineering", "message": "🔍 Data quality validation will be performed automatically by decorators", "correlation_id": "fc8cfa6491a3466a80f39278c5d9de51", "session_id": "-", "timestamp": "2025-08-17T19:42:11.146810+00:00"}
{"asctime": "2025-08-17 21:42:11,147", "levelname": "INFO", "name": "AresGlobal.VectorizedAdvancedFeatureEngineering", "message": "🔍 Input price_data shape: (169864, 5)", "correlation_id": "fc8cfa6491a3466a80f39278c5d9de51", "session_id": "-", "timestamp": "2025-08-17T19:42:11.147078+00:00"}
{"asctime": "2025-08-17 21:42:11,147", "levelname": "INFO", "name": "AresGlobal.VectorizedAdvancedFeatureEngineering", "message": "🔍 Input price_data columns: ['open', 'high', 'low', 'close', 'volume']", "correlation_id": "fc8cfa6491a3466a80f39278c5d9de51", "session_id": "-", "timestamp": "2025-08-17T19:42:11.147194+00:00"}
{"asctime": "2025-08-17 21:42:11,147", "levelname": "INFO", "name": "AresGlobal.VectorizedAdvancedFeatureEngineering", "message": "🔍 Input volume_data shape: (169864, 1)", "correlation_id": "fc8cfa6491a3466a80f39278c5d9de51", "session_id": "-", "timestamp": "2025-08-17T19:42:11.147358+00:00"}
{"asctime": "2025-08-17 21:42:11,147", "levelname": "INFO", "name": "AresGlobal.VectorizedAdvancedFeatureEngineering", "message": "🔍 Input volume_data columns: ['volume']", "correlation_id": "fc8cfa6491a3466a80f39278c5d9de51", "session_id": "-", "timestamp": "2025-08-17T19:42:11.147459+00:00"}
{"asctime": "2025-08-17 21:42:11,149", "levelname": "INFO", "name": "AresGlobal.VectorizedAdvancedFeatureEngineering", "message": "🔍 Price data range: 54.727000 to 325265.823000", "correlation_id": "fc8cfa6491a3466a80f39278c5d9de51", "session_id": "-", "timestamp": "2025-08-17T19:42:11.149760+00:00"}
{"asctime": "2025-08-17 21:42:11,151", "levelname": "INFO", "name": "AresGlobal.VectorizedAdvancedFeatureEngineering", "message": "🔍 Price data NaN count: 0", "correlation_id": "fc8cfa6491a3466a80f39278c5d9de51", "session_id": "-", "timestamp": "2025-08-17T19:42:11.151362+00:00"}
{"asctime": "2025-08-17 21:42:11,152", "levelname": "INFO", "name": "AresGlobal.VectorizedAdvancedFeatureEngineering", "message": "🔍 Volume data range: 54.727000 to 325265.823000", "correlation_id": "fc8cfa6491a3466a80f39278c5d9de51", "session_id": "-", "timestamp": "2025-08-17T19:42:11.152234+00:00"}
{"asctime": "2025-08-17 21:42:11,152", "levelname": "INFO", "name": "AresGlobal.VectorizedAdvancedFeatureEngineering", "message": "🔍 Volume data NaN count: 0", "correlation_id": "fc8cfa6491a3466a80f39278c5d9de51", "session_id": "-", "timestamp": "2025-08-17T19:42:11.152767+00:00"}
{"asctime": "2025-08-17 21:42:11,152", "levelname": "INFO", "name": "AresGlobal.VectorizedAdvancedFeatureEngineering", "message": "🔍 No order flow data provided", "correlation_id": "fc8cfa6491a3466a80f39278c5d9de51", "session_id": "-", "timestamp": "2025-08-17T19:42:11.152898+00:00"}
{"asctime": "2025-08-17 21:42:11,153", "levelname": "INFO", "name": "AresGlobal.VectorizedAdvancedFeatureEngineering", "message": "🔍 Input price_data columns: ['open', 'high', 'low', 'close', 'volume']", "correlation_id": "fc8cfa6491a3466a80f39278c5d9de51", "session_id": "-", "timestamp": "2025-08-17T19:42:11.153015+00:00"}
{"asctime": "2025-08-17 21:42:11,153", "levelname": "INFO", "name": "AresGlobal.VectorizedAdvancedFeatureEngineering", "message": "🔍 Input price_data shape: (169864, 5)", "correlation_id": "fc8cfa6491a3466a80f39278c5d9de51", "session_id": "-", "timestamp": "2025-08-17T19:42:11.153161+00:00"}
{"asctime": "2025-08-17 21:42:11,153", "levelname": "INFO", "name": "AresGlobal.VectorizedAdvancedFeatureEngineering", "message": "🔍 Input volume_data columns: ['volume']", "correlation_id": "fc8cfa6491a3466a80f39278c5d9de51", "session_id": "-", "timestamp": "2025-08-17T19:42:11.153270+00:00"}
{"asctime": "2025-08-17 21:42:11,153", "levelname": "INFO", "name": "AresGlobal.VectorizedAdvancedFeatureEngineering", "message": "🔍 Input volume_data shape: (169864, 1)", "correlation_id": "fc8cfa6491a3466a80f39278c5d9de51", "session_id": "-", "timestamp": "2025-08-17T19:42:11.153386+00:00"}
{"asctime": "2025-08-17 21:42:11,156", "levelname": "INFO", "name": "AresGlobal.VectorizedAdvancedFeatureEngineering", "message": "🔍 Output price_data columns: ['open', 'high', 'low', 'close', 'volume']", "correlation_id": "fc8cfa6491a3466a80f39278c5d9de51", "session_id": "-", "timestamp": "2025-08-17T19:42:11.156886+00:00"}
{"asctime": "2025-08-17 21:42:11,157", "levelname": "INFO", "name": "AresGlobal.VectorizedAdvancedFeatureEngineering", "message": "🔍 Output price_data shape: (169864, 5)", "correlation_id": "fc8cfa6491a3466a80f39278c5d9de51", "session_id": "-", "timestamp": "2025-08-17T19:42:11.157114+00:00"}
{"asctime": "2025-08-17 21:42:11,157", "levelname": "INFO", "name": "AresGlobal.VectorizedAdvancedFeatureEngineering", "message": "🔍 Output volume_data columns: ['volume']", "correlation_id": "fc8cfa6491a3466a80f39278c5d9de51", "session_id": "-", "timestamp": "2025-08-17T19:42:11.157232+00:00"}
{"asctime": "2025-08-17 21:42:11,157", "levelname": "INFO", "name": "AresGlobal.VectorizedAdvancedFeatureEngineering", "message": "🔍 Output volume_data shape: (169864, 1)", "correlation_id": "fc8cfa6491a3466a80f39278c5d9de51", "session_id": "-", "timestamp": "2025-08-17T19:42:11.157530+00:00"}
{"asctime": "2025-08-17 21:42:11,159", "levelname": "INFO", "name": "AresGlobal.VectorizedAdvancedFeatureEngineering", "message": "🔍 Starting feature generation pipeline...", "correlation_id": "fc8cfa6491a3466a80f39278c5d9de51", "session_id": "-", "timestamp": "2025-08-17T19:42:11.159128+00:00"}
{"asctime": "2025-08-17 21:42:11,159", "levelname": "INFO", "name": "AresGlobal.VectorizedAdvancedFeatureEngineering", "message": "🔍 Generating microstructure features...", "correlation_id": "fc8cfa6491a3466a80f39278c5d9de51", "session_id": "-", "timestamp": "2025-08-17T19:42:11.159297+00:00"}
{"asctime": "2025-08-17 21:42:11,159", "levelname": "INFO", "name": "AresGlobal.VectorizedAdvancedFeatureEngineering", "message": "🔍 Starting microstructure feature engineering...", "correlation_id": "fc8cfa6491a3466a80f39278c5d9de51", "session_id": "-", "timestamp": "2025-08-17T19:42:11.159395+00:00"}
{"asctime": "2025-08-17 21:42:11,170", "levelname": "INFO", "name": "AresGlobal.VectorizedAdvancedFeatureEngineering", "message": "🔍 Added price_impact feature, total features: 1", "correlation_id": "fc8cfa6491a3466a80f39278c5d9de51", "session_id": "-", "timestamp": "2025-08-17T19:42:11.170177+00:00"}
{"asctime": "2025-08-17 21:42:11,176", "levelname": "INFO", "name": "AresGlobal.VectorizedAdvancedFeatureEngineering", "message": "🔍 Added volume_price_impact feature, total features: 2", "correlation_id": "fc8cfa6491a3466a80f39278c5d9de51", "session_id": "-", "timestamp": "2025-08-17T19:42:11.176567+00:00"}
{"asctime": "2025-08-17 21:42:11,184", "levelname": "INFO", "name": "AresGlobal.VectorizedAdvancedFeatureEngineering", "message": "📊 Using volatility-based spread proxy (aggtrades data not available)", "correlation_id": "fc8cfa6491a3466a80f39278c5d9de51", "session_id": "-", "timestamp": "2025-08-17T19:42:11.184786+00:00"}
{"asctime": "2025-08-17 21:42:11,222", "levelname": "INFO", "name": "AresGlobal.VectorizedAdvancedFeatureEngineering", "message": "🔍 Generated 11 microstructure features", "correlation_id": "fc8cfa6491a3466a80f39278c5d9de51", "session_id": "-", "timestamp": "2025-08-17T19:42:11.222136+00:00"}
{"asctime": "2025-08-17 21:42:11,222", "levelname": "INFO", "name": "AresGlobal.VectorizedAdvancedFeatureEngineering", "message": "🔍 Microstructure feature names: ['price_impact', 'volume_price_impact', 'order_flow_imbalance', 'bid_ask_spread_returns', 'bid_ask_spread_level', 'market_depth_change', 'market_depth_returns', 'market_depth_imbalance', 'bb_zscore_20', 'ema20_slope', 'sma50_slope']", "correlation_id": "fc8cfa6491a3466a80f39278c5d9de51", "session_id": "-", "timestamp": "2025-08-17T19:42:11.222393+00:00"}
{"asctime": "2025-08-17 21:42:11,222", "levelname": "INFO", "name": "AresGlobal.VectorizedAdvancedFeatureEngineering", "message": "🔍 Total features after microstructure: 11", "correlation_id": "fc8cfa6491a3466a80f39278c5d9de51", "session_id": "-", "timestamp": "2025-08-17T19:42:11.222673+00:00"}
{"asctime": "2025-08-17 21:42:11,222", "levelname": "INFO", "name": "AresGlobal.VectorizedAdvancedFeatureEngineering", "message": "🔍 Generating context dynamics features...", "correlation_id": "fc8cfa6491a3466a80f39278c5d9de51", "session_id": "-", "timestamp": "2025-08-17T19:42:11.222797+00:00"}
{"asctime": "2025-08-17 21:42:11,222", "levelname": "INFO", "name": "AresGlobal.VectorizedAdvancedFeatureEngineering", "message": "🔍 Generated 0 context dynamics features", "correlation_id": "fc8cfa6491a3466a80f39278c5d9de51", "session_id": "-", "timestamp": "2025-08-17T19:42:11.222914+00:00"}
{"asctime": "2025-08-17 21:42:11,223", "levelname": "INFO", "name": "AresGlobal.VectorizedAdvancedFeatureEngineering", "message": "🔍 Total features after context dynamics: 11", "correlation_id": "fc8cfa6491a3466a80f39278c5d9de51", "session_id": "-", "timestamp": "2025-08-17T19:42:11.223076+00:00"}
{"asctime": "2025-08-17 21:42:11,223", "levelname": "INFO", "name": "AresGlobal.VectorizedAdvancedFeatureEngineering", "message": "🔍 Generating volatility regime features...", "correlation_id": "fc8cfa6491a3466a80f39278c5d9de51", "session_id": "-", "timestamp": "2025-08-17T19:42:11.223246+00:00"}
{"asctime": "2025-08-17 21:42:11,223", "levelname": "INFO", "name": "AresGlobal.VectorizedVolatilityRegimeModel", "message": "🔍 Volatility model input - price_data columns: ['open', 'high', 'low', 'close', 'volume']", "correlation_id": "fc8cfa6491a3466a80f39278c5d9de51", "session_id": "-", "timestamp": "2025-08-17T19:42:11.223359+00:00"}
{"asctime": "2025-08-17 21:42:11,223", "levelname": "INFO", "name": "AresGlobal.VectorizedVolatilityRegimeModel", "message": "🔍 Volatility model input - price_data shape: (169864, 5)", "correlation_id": "fc8cfa6491a3466a80f39278c5d9de51", "session_id": "-", "timestamp": "2025-08-17T19:42:11.223590+00:00"}
{"asctime": "2025-08-17 21:42:11,224", "levelname": "INFO", "name": "AresGlobal.VectorizedVolatilityRegimeModel", "message": "🔍 Close price range: 1387.79 to 2876.37", "correlation_id": "fc8cfa6491a3466a80f39278c5d9de51", "session_id": "-", "timestamp": "2025-08-17T19:42:11.224159+00:00"}
{"asctime": "2025-08-17 21:42:11,225", "levelname": "INFO", "name": "AresGlobal.VectorizedVolatilityRegimeModel", "message": "🔍 Returns range: -0.0273 to 0.0428", "correlation_id": "fc8cfa6491a3466a80f39278c5d9de51", "session_id": "-", "timestamp": "2025-08-17T19:42:11.225354+00:00"}
{"asctime": "2025-08-17 21:42:11,336", "levelname": "ERROR", "name": "AresGlobal.VectorizedVolatilityRegimeModel", "message": "❌ Error in volatility modeling: name 'vol_10' is not defined", "correlation_id": "fc8cfa6491a3466a80f39278c5d9de51", "session_id": "-", "timestamp": "2025-08-17T19:42:11.336740+00:00"}
{"asctime": "2025-08-17 21:42:11,337", "levelname": "INFO", "name": "AresGlobal.VectorizedAdvancedFeatureEngineering", "message": "🔍 Generated 0 volatility features", "correlation_id": "fc8cfa6491a3466a80f39278c5d9de51", "session_id": "-", "timestamp": "2025-08-17T19:42:11.337497+00:00"}
{"asctime": "2025-08-17 21:42:11,337", "levelname": "INFO", "name": "AresGlobal.VectorizedAdvancedFeatureEngineering", "message": "🔍 Total features after volatility: 11", "correlation_id": "fc8cfa6491a3466a80f39278c5d9de51", "session_id": "-", "timestamp": "2025-08-17T19:42:11.337798+00:00"}
{"asctime": "2025-08-17 21:42:11,337", "levelname": "INFO", "name": "AresGlobal.VectorizedAdvancedFeatureEngineering", "message": "🔍 Generating correlation analysis features...", "correlation_id": "fc8cfa6491a3466a80f39278c5d9de51", "session_id": "-", "timestamp": "2025-08-17T19:42:11.337945+00:00"}
{"asctime": "2025-08-17 21:42:11,338", "levelname": "INFO", "name": "AresGlobal.DataQualityDecorator", "message": "🔍 [DATA QUALITY] Starting validation for analyze_correlations_vectorized", "correlation_id": "fc8cfa6491a3466a80f39278c5d9de51", "session_id": "-", "timestamp": "2025-08-17T19:42:11.338114+00:00"}
{"asctime": "2025-08-17 21:42:11,338", "levelname": "INFO", "name": "AresGlobal.DataQualityDecorator", "message": "📊 [DATA QUALITY] Data type validation result for analyze_correlations_vectorized: klines_ohlcv", "correlation_id": "fc8cfa6491a3466a80f39278c5d9de51", "session_id": "-", "timestamp": "2025-08-17T19:42:11.338296+00:00"}
{"asctime": "2025-08-17 21:42:11,338", "levelname": "INFO", "name": "AresGlobal.DataQualityDecorator", "message": "📊 [DATA QUALITY] Data type detected: klines_ohlcv for analyze_correlations_vectorized", "correlation_id": "fc8cfa6491a3466a80f39278c5d9de51", "session_id": "-", "timestamp": "2025-08-17T19:42:11.338460+00:00"}
{"asctime": "2025-08-17 21:42:11,338", "levelname": "INFO", "name": "AresGlobal.DataQualityDecorator", "message": "🔍 [DATA QUALITY] Checking cache for analyze_correlations_vectorized", "correlation_id": "fc8cfa6491a3466a80f39278c5d9de51", "session_id": "-", "timestamp": "2025-08-17T19:42:11.338644+00:00"}
{"asctime": "2025-08-17 21:42:11,338", "levelname": "INFO", "name": "AresGlobal.DataQualityDecorator", "message": "🔄 [DATA QUALITY] No valid cached result found for analyze_correlations_vectorized, proceeding with validation", "correlation_id": "fc8cfa6491a3466a80f39278c5d9de51", "session_id": "-", "timestamp": "2025-08-17T19:42:11.338801+00:00"}
{"asctime": "2025-08-17 21:42:11,338", "levelname": "INFO", "name": "AresGlobal.DataQualityDecorator", "message": "🔍 [DATA QUALITY] Extracting symbol and exchange for analyze_correlations_vectorized", "correlation_id": "fc8cfa6491a3466a80f39278c5d9de51", "session_id": "-", "timestamp": "2025-08-17T19:42:11.338921+00:00"}
{"asctime": "2025-08-17 21:42:11,339", "levelname": "INFO", "name": "AresGlobal.DataQualityDecorator", "message": "📊 [DATA QUALITY] Symbol: ETHUSDT, Exchange: BINANCE", "correlation_id": "fc8cfa6491a3466a80f39278c5d9de51", "session_id": "-", "timestamp": "2025-08-17T19:42:11.339022+00:00"}
{"asctime": "2025-08-17 21:42:11,339", "levelname": "INFO", "name": "AresGlobal.DataQualityDecorator", "message": "🔍 [DATA QUALITY] Getting validation configuration for analyze_correlations_vectorized", "correlation_id": "fc8cfa6491a3466a80f39278c5d9de51", "session_id": "-", "timestamp": "2025-08-17T19:42:11.339114+00:00"}
{"asctime": "2025-08-17 21:42:11,339", "levelname": "INFO", "name": "AresGlobal.DataQualityDecorator", "message": "📊 [DATA QUALITY] Validation config loaded for analyze_correlations_vectorized", "correlation_id": "fc8cfa6491a3466a80f39278c5d9de51", "session_id": "-", "timestamp": "2025-08-17T19:42:11.339270+00:00"}
{"asctime": "2025-08-17 21:42:11,339", "levelname": "INFO", "name": "AresGlobal.DataQualityDecorator", "message": "🔍 [DATA QUALITY] Starting data quality validation for analyze_correlations_vectorized (ETHUSDT on BINANCE)", "correlation_id": "fc8cfa6491a3466a80f39278c5d9de51", "session_id": "-", "timestamp": "2025-08-17T19:42:11.339391+00:00"}
{"asctime": "2025-08-17 21:42:11,339", "levelname": "INFO", "name": "AresGlobal.RawDataQualityChecker", "message": "🔍 Starting raw data quality validation for BINANCE ETHUSDT", "correlation_id": "fc8cfa6491a3466a80f39278c5d9de51", "session_id": "-", "timestamp": "2025-08-17T19:42:11.339503+00:00"}
{"asctime": "2025-08-17 21:42:11,339", "levelname": "INFO", "name": "AresGlobal.RawDataQualityChecker", "message": "Validating data structure...", "correlation_id": "fc8cfa6491a3466a80f39278c5d9de51", "session_id": "-", "timestamp": "2025-08-17T19:42:11.339604+00:00"}
{"asctime": "2025-08-17 21:42:11,342", "levelname": "INFO", "name": "AresGlobal.RawDataQualityChecker", "message": "Validating data completeness...", "correlation_id": "fc8cfa6491a3466a80f39278c5d9de51", "session_id": "-", "timestamp": "2025-08-17T19:42:11.342025+00:00"}
{"asctime": "2025-08-17 21:42:11,350", "levelname": "INFO", "name": "AresGlobal.RawDataQualityChecker", "message": "Validating data integrity...", "correlation_id": "fc8cfa6491a3466a80f39278c5d9de51", "session_id": "-", "timestamp": "2025-08-17T19:42:11.350923+00:00"}
{"asctime": "2025-08-17 21:42:11,356", "levelname": "INFO", "name": "AresGlobal.RawDataQualityChecker", "message": "Validating market-specific issues...", "correlation_id": "fc8cfa6491a3466a80f39278c5d9de51", "session_id": "-", "timestamp": "2025-08-17T19:42:11.356029+00:00"}
{"asctime": "2025-08-17 21:42:11,362", "levelname": "INFO", "name": "AresGlobal.RawDataQualityChecker", "message": "Validating feature engineering requirements...", "correlation_id": "fc8cfa6491a3466a80f39278c5d9de51", "session_id": "-", "timestamp": "2025-08-17T19:42:11.362915+00:00"}
{"asctime": "2025-08-17 21:42:11,391", "levelname": "INFO", "name": "AresGlobal.RawDataQualityChecker", "message": "✅ Raw data validation passed for ETHUSDT (Score: 0.90)", "correlation_id": "fc8cfa6491a3466a80f39278c5d9de51", "session_id": "-", "timestamp": "2025-08-17T19:42:11.391720+00:00"}
{"asctime": "2025-08-17 21:42:11,392", "levelname": "INFO", "name": "AresGlobal.DataQualityCache", "message": "💾 [CACHE] Cached validation result for analyze_correlations_vectorized", "correlation_id": "fc8cfa6491a3466a80f39278c5d9de51", "session_id": "-", "timestamp": "2025-08-17T19:42:11.392178+00:00"}
{"asctime": "2025-08-17 21:42:11,392", "levelname": "INFO", "name": "AresGlobal.DataQualityDecorator", "message": "📊 [DATA QUALITY] Processing validation results for analyze_correlations_vectorized", "correlation_id": "fc8cfa6491a3466a80f39278c5d9de51", "session_id": "-", "timestamp": "2025-08-17T19:42:11.392421+00:00"}
{"asctime": "2025-08-17 21:42:11,392", "levelname": "INFO", "name": "AresGlobal.DataQualityDecorator", "message": "   📊 Validation level: warning", "correlation_id": "fc8cfa6491a3466a80f39278c5d9de51", "session_id": "-", "timestamp": "2025-08-17T19:42:11.392598+00:00"}
{"asctime": "2025-08-17 21:42:11,392", "levelname": "INFO", "name": "AresGlobal.DataQualityDecorator", "message": "   📊 Validation passed: True", "correlation_id": "fc8cfa6491a3466a80f39278c5d9de51", "session_id": "-", "timestamp": "2025-08-17T19:42:11.392841+00:00"}
{"asctime": "2025-08-17 21:42:11,393", "levelname": "INFO", "name": "AresGlobal.DataQualityDecorator", "message": "   📊 Quality score: 0.90", "correlation_id": "fc8cfa6491a3466a80f39278c5d9de51", "session_id": "-", "timestamp": "2025-08-17T19:42:11.393025+00:00"}
{"asctime": "2025-08-17 21:42:11,393", "levelname": "INFO", "name": "AresGlobal.DataQualityDecorator", "message": "   📊 Critical issues: 0", "correlation_id": "fc8cfa6491a3466a80f39278c5d9de51", "session_id": "-", "timestamp": "2025-08-17T19:42:11.393210+00:00"}
{"asctime": "2025-08-17 21:42:11,393", "levelname": "INFO", "name": "AresGlobal.DataQualityDecorator", "message": "   📊 Warnings: 2", "correlation_id": "fc8cfa6491a3466a80f39278c5d9de51", "session_id": "-", "timestamp": "2025-08-17T19:42:11.393536+00:00"}
{"asctime": "2025-08-17 21:42:11,393", "levelname": "WARNING", "name": "AresGlobal.DataQualityDecorator", "message": "⚠️ [DATA QUALITY] 2 warnings for analyze_correlations_vectorized", "correlation_id": "fc8cfa6491a3466a80f39278c5d9de51", "session_id": "-", "timestamp": "2025-08-17T19:42:11.393751+00:00"}
{"asctime": "2025-08-17 21:42:11,394", "levelname": "WARNING", "name": "AresGlobal.DataQualityDecorator", "message": "   \u001b[93m\u001b[1m⚠️\u001b[0m \u001b[93m\u001b[1mModerate time interval variability (CV: 0.276, irregular: 0.6%) may affect multi-timeframe feature generation\u001b[0m", "correlation_id": "fc8cfa6491a3466a80f39278c5d9de51", "session_id": "-", "timestamp": "2025-08-17T19:42:11.394027+00:00"}
{"asctime": "2025-08-17 21:42:11,394", "levelname": "WARNING", "name": "AresGlobal.DataQualityDecorator", "message": "   \u001b[93m\u001b[1m⚠️\u001b[0m \u001b[93m\u001b[1mScattered irregular timestamp intervals: 0.6% (threshold: 0.1%) - may affect multi-timeframe feature generation\u001b[0m", "correlation_id": "fc8cfa6491a3466a80f39278c5d9de51", "session_id": "-", "timestamp": "2025-08-17T19:42:11.394244+00:00"}
{"asctime": "2025-08-17 21:42:11,394", "levelname": "INFO", "name": "AresGlobal.DataQualityDecorator", "message": "🚀 [DATA QUALITY] Executing original function analyze_correlations_vectorized", "correlation_id": "fc8cfa6491a3466a80f39278c5d9de51", "session_id": "-", "timestamp": "2025-08-17T19:42:11.394383+00:00"}
{"asctime": "2025-08-17 21:42:11,553", "levelname": "INFO", "name": "AresGlobal.DataQualityDecorator", "message": "✅ [DATA QUALITY] Completed validation for analyze_correlations_vectorized", "correlation_id": "fc8cfa6491a3466a80f39278c5d9de51", "session_id": "-", "timestamp": "2025-08-17T19:42:11.553738+00:00"}
{"asctime": "2025-08-17 21:42:11,554", "levelname": "INFO", "name": "AresGlobal.VectorizedAdvancedFeatureEngineering", "message": "🔍 Generated 5 correlation features", "correlation_id": "fc8cfa6491a3466a80f39278c5d9de51", "session_id": "-", "timestamp": "2025-08-17T19:42:11.554012+00:00"}
{"asctime": "2025-08-17 21:42:11,554", "levelname": "INFO", "name": "AresGlobal.VectorizedAdvancedFeatureEngineering", "message": "🔍 Correlation feature names: ['price_volume_correlation_10', 'price_volume_correlation_20', 'price_volume_correlation_50', 'high_volume_price_impact', 'low_volume_price_impact']", "correlation_id": "fc8cfa6491a3466a80f39278c5d9de51", "session_id": "-", "timestamp": "2025-08-17T19:42:11.554138+00:00"}
{"asctime": "2025-08-17 21:42:11,554", "levelname": "INFO", "name": "AresGlobal.VectorizedAdvancedFeatureEngineering", "message": "🔍 Total features after correlation: 16", "correlation_id": "fc8cfa6491a3466a80f39278c5d9de51", "session_id": "-", "timestamp": "2025-08-17T19:42:11.554262+00:00"}
{"asctime": "2025-08-17 21:42:11,554", "levelname": "INFO", "name": "AresGlobal.VectorizedAdvancedFeatureEngineering", "message": "🔍 Generating momentum analysis features...", "correlation_id": "fc8cfa6491a3466a80f39278c5d9de51", "session_id": "-", "timestamp": "2025-08-17T19:42:11.554356+00:00"}
{"asctime": "2025-08-17 21:42:11,554", "levelname": "INFO", "name": "AresGlobal.DataQualityDecorator", "message": "🔍 [DATA QUALITY] Starting validation for analyze_momentum_vectorized", "correlation_id": "fc8cfa6491a3466a80f39278c5d9de51", "session_id": "-", "timestamp": "2025-08-17T19:42:11.554454+00:00"}
{"asctime": "2025-08-17 21:42:11,554", "levelname": "INFO", "name": "AresGlobal.DataQualityDecorator", "message": "📊 [DATA QUALITY] Data type validation result for analyze_momentum_vectorized: klines_ohlcv", "correlation_id": "fc8cfa6491a3466a80f39278c5d9de51", "session_id": "-", "timestamp": "2025-08-17T19:42:11.554574+00:00"}
{"asctime": "2025-08-17 21:42:11,554", "levelname": "INFO", "name": "AresGlobal.DataQualityDecorator", "message": "📊 [DATA QUALITY] Data type detected: klines_ohlcv for analyze_momentum_vectorized", "correlation_id": "fc8cfa6491a3466a80f39278c5d9de51", "session_id": "-", "timestamp": "2025-08-17T19:42:11.554663+00:00"}
{"asctime": "2025-08-17 21:42:11,554", "levelname": "INFO", "name": "AresGlobal.DataQualityDecorator", "message": "🔍 [DATA QUALITY] Checking cache for analyze_momentum_vectorized", "correlation_id": "fc8cfa6491a3466a80f39278c5d9de51", "session_id": "-", "timestamp": "2025-08-17T19:42:11.554748+00:00"}
{"asctime": "2025-08-17 21:42:11,554", "levelname": "INFO", "name": "AresGlobal.DataQualityDecorator", "message": "🔄 [DATA QUALITY] No valid cached result found for analyze_momentum_vectorized, proceeding with validation", "correlation_id": "fc8cfa6491a3466a80f39278c5d9de51", "session_id": "-", "timestamp": "2025-08-17T19:42:11.554877+00:00"}
{"asctime": "2025-08-17 21:42:11,554", "levelname": "INFO", "name": "AresGlobal.DataQualityDecorator", "message": "🔍 [DATA QUALITY] Extracting symbol and exchange for analyze_momentum_vectorized", "correlation_id": "fc8cfa6491a3466a80f39278c5d9de51", "session_id": "-", "timestamp": "2025-08-17T19:42:11.554961+00:00"}
{"asctime": "2025-08-17 21:42:11,555", "levelname": "INFO", "name": "AresGlobal.DataQualityDecorator", "message": "📊 [DATA QUALITY] Symbol: ETHUSDT, Exchange: BINANCE", "correlation_id": "fc8cfa6491a3466a80f39278c5d9de51", "session_id": "-", "timestamp": "2025-08-17T19:42:11.555055+00:00"}
{"asctime": "2025-08-17 21:42:11,555", "levelname": "INFO", "name": "AresGlobal.DataQualityDecorator", "message": "🔍 [DATA QUALITY] Getting validation configuration for analyze_momentum_vectorized", "correlation_id": "fc8cfa6491a3466a80f39278c5d9de51", "session_id": "-", "timestamp": "2025-08-17T19:42:11.555210+00:00"}
{"asctime": "2025-08-17 21:42:11,555", "levelname": "INFO", "name": "AresGlobal.DataQualityDecorator", "message": "📊 [DATA QUALITY] Validation config loaded for analyze_momentum_vectorized", "correlation_id": "fc8cfa6491a3466a80f39278c5d9de51", "session_id": "-", "timestamp": "2025-08-17T19:42:11.555302+00:00"}
{"asctime": "2025-08-17 21:42:11,555", "levelname": "INFO", "name": "AresGlobal.DataQualityDecorator", "message": "🔍 [DATA QUALITY] Starting data quality validation for analyze_momentum_vectorized (ETHUSDT on BINANCE)", "correlation_id": "fc8cfa6491a3466a80f39278c5d9de51", "session_id": "-", "timestamp": "2025-08-17T19:42:11.555396+00:00"}
{"asctime": "2025-08-17 21:42:11,555", "levelname": "INFO", "name": "AresGlobal.RawDataQualityChecker", "message": "🔍 Starting raw data quality validation for BINANCE ETHUSDT", "correlation_id": "fc8cfa6491a3466a80f39278c5d9de51", "session_id": "-", "timestamp": "2025-08-17T19:42:11.555484+00:00"}
{"asctime": "2025-08-17 21:42:11,555", "levelname": "INFO", "name": "AresGlobal.RawDataQualityChecker", "message": "Validating data structure...", "correlation_id": "fc8cfa6491a3466a80f39278c5d9de51", "session_id": "-", "timestamp": "2025-08-17T19:42:11.555578+00:00"}
{"asctime": "2025-08-17 21:42:11,555", "levelname": "INFO", "name": "AresGlobal.RawDataQualityChecker", "message": "Validating data completeness...", "correlation_id": "fc8cfa6491a3466a80f39278c5d9de51", "session_id": "-", "timestamp": "2025-08-17T19:42:11.555808+00:00"}
{"asctime": "2025-08-17 21:42:11,559", "levelname": "INFO", "name": "AresGlobal.RawDataQualityChecker", "message": "Validating data integrity...", "correlation_id": "fc8cfa6491a3466a80f39278c5d9de51", "session_id": "-", "timestamp": "2025-08-17T19:42:11.559738+00:00"}
{"asctime": "2025-08-17 21:42:11,564", "levelname": "INFO", "name": "AresGlobal.RawDataQualityChecker", "message": "Validating market-specific issues...", "correlation_id": "fc8cfa6491a3466a80f39278c5d9de51", "session_id": "-", "timestamp": "2025-08-17T19:42:11.564638+00:00"}
{"asctime": "2025-08-17 21:42:11,569", "levelname": "INFO", "name": "AresGlobal.RawDataQualityChecker", "message": "Validating feature engineering requirements...", "correlation_id": "fc8cfa6491a3466a80f39278c5d9de51", "session_id": "-", "timestamp": "2025-08-17T19:42:11.569414+00:00"}
{"asctime": "2025-08-17 21:42:11,590", "levelname": "INFO", "name": "AresGlobal.RawDataQualityChecker", "message": "✅ Raw data validation passed for ETHUSDT (Score: 0.90)", "correlation_id": "fc8cfa6491a3466a80f39278c5d9de51", "session_id": "-", "timestamp": "2025-08-17T19:42:11.590331+00:00"}
{"asctime": "2025-08-17 21:42:11,590", "levelname": "INFO", "name": "AresGlobal.DataQualityCache", "message": "💾 [CACHE] Cached validation result for analyze_momentum_vectorized", "correlation_id": "fc8cfa6491a3466a80f39278c5d9de51", "session_id": "-", "timestamp": "2025-08-17T19:42:11.590740+00:00"}
{"asctime": "2025-08-17 21:42:11,590", "levelname": "INFO", "name": "AresGlobal.DataQualityDecorator", "message": "📊 [DATA QUALITY] Processing validation results for analyze_momentum_vectorized", "correlation_id": "fc8cfa6491a3466a80f39278c5d9de51", "session_id": "-", "timestamp": "2025-08-17T19:42:11.590860+00:00"}
{"asctime": "2025-08-17 21:42:11,590", "levelname": "INFO", "name": "AresGlobal.DataQualityDecorator", "message": "   📊 Validation level: warning", "correlation_id": "fc8cfa6491a3466a80f39278c5d9de51", "session_id": "-", "timestamp": "2025-08-17T19:42:11.590969+00:00"}
{"asctime": "2025-08-17 21:42:11,591", "levelname": "INFO", "name": "AresGlobal.DataQualityDecorator", "message": "   📊 Validation passed: True", "correlation_id": "fc8cfa6491a3466a80f39278c5d9de51", "session_id": "-", "timestamp": "2025-08-17T19:42:11.591060+00:00"}
{"asctime": "2025-08-17 21:42:11,591", "levelname": "INFO", "name": "AresGlobal.DataQualityDecorator", "message": "   📊 Quality score: 0.90", "correlation_id": "fc8cfa6491a3466a80f39278c5d9de51", "session_id": "-", "timestamp": "2025-08-17T19:42:11.591151+00:00"}
{"asctime": "2025-08-17 21:42:11,591", "levelname": "INFO", "name": "AresGlobal.DataQualityDecorator", "message": "   📊 Critical issues: 0", "correlation_id": "fc8cfa6491a3466a80f39278c5d9de51", "session_id": "-", "timestamp": "2025-08-17T19:42:11.591238+00:00"}
{"asctime": "2025-08-17 21:42:11,591", "levelname": "INFO", "name": "AresGlobal.DataQualityDecorator", "message": "   📊 Warnings: 2", "correlation_id": "fc8cfa6491a3466a80f39278c5d9de51", "session_id": "-", "timestamp": "2025-08-17T19:42:11.591340+00:00"}
{"asctime": "2025-08-17 21:42:11,591", "levelname": "WARNING", "name": "AresGlobal.DataQualityDecorator", "message": "⚠️ [DATA QUALITY] 2 warnings for analyze_momentum_vectorized", "correlation_id": "fc8cfa6491a3466a80f39278c5d9de51", "session_id": "-", "timestamp": "2025-08-17T19:42:11.591429+00:00"}
{"asctime": "2025-08-17 21:42:11,591", "levelname": "WARNING", "name": "AresGlobal.DataQualityDecorator", "message": "   \u001b[93m\u001b[1m⚠️\u001b[0m \u001b[93m\u001b[1mModerate time interval variability (CV: 0.276, irregular: 0.6%) may affect multi-timeframe feature generation\u001b[0m", "correlation_id": "fc8cfa6491a3466a80f39278c5d9de51", "session_id": "-", "timestamp": "2025-08-17T19:42:11.591534+00:00"}
{"asctime": "2025-08-17 21:42:11,591", "levelname": "WARNING", "name": "AresGlobal.DataQualityDecorator", "message": "   \u001b[93m\u001b[1m⚠️\u001b[0m \u001b[93m\u001b[1mScattered irregular timestamp intervals: 0.6% (threshold: 0.1%) - may affect multi-timeframe feature generation\u001b[0m", "correlation_id": "fc8cfa6491a3466a80f39278c5d9de51", "session_id": "-", "timestamp": "2025-08-17T19:42:11.591629+00:00"}
{"asctime": "2025-08-17 21:42:11,591", "levelname": "INFO", "name": "AresGlobal.DataQualityDecorator", "message": "🚀 [DATA QUALITY] Executing original function analyze_momentum_vectorized", "correlation_id": "fc8cfa6491a3466a80f39278c5d9de51", "session_id": "-", "timestamp": "2025-08-17T19:42:11.591717+00:00"}
{"asctime": "2025-08-17 21:42:11,636", "levelname": "INFO", "name": "AresGlobal.DataQualityDecorator", "message": "✅ [DATA QUALITY] Completed validation for analyze_momentum_vectorized", "correlation_id": "fc8cfa6491a3466a80f39278c5d9de51", "session_id": "-", "timestamp": "2025-08-17T19:42:11.636290+00:00"}
{"asctime": "2025-08-17 21:42:11,636", "levelname": "INFO", "name": "AresGlobal.VectorizedAdvancedFeatureEngineering", "message": "🔍 Generated 21 momentum features", "correlation_id": "fc8cfa6491a3466a80f39278c5d9de51", "session_id": "-", "timestamp": "2025-08-17T19:42:11.636644+00:00"}
{"asctime": "2025-08-17 21:42:11,636", "levelname": "INFO", "name": "AresGlobal.VectorizedAdvancedFeatureEngineering", "message": "🔍 Momentum feature names: ['price_momentum_5', 'volume_weighted_momentum_5', 'price_momentum_10', 'volume_weighted_momentum_10', 'price_momentum_20', 'volume_weighted_momentum_20', 'price_momentum_50', 'volume_weighted_momentum_50', 'rsi_14', 'rsi_20', 'momentum_divergence', 'roc_5', 'roc_10', 'roc_20', 'price_acceleration_5', 'price_acceleration_10', 'volume_acceleration_5', 'volume_acceleration_10', 'momentum_strength_5', 'momentum_strength_10', 'momentum_strength_20']", "correlation_id": "fc8cfa6491a3466a80f39278c5d9de51", "session_id": "-", "timestamp": "2025-08-17T19:42:11.636761+00:00"}
{"asctime": "2025-08-17 21:42:11,636", "levelname": "INFO", "name": "AresGlobal.VectorizedAdvancedFeatureEngineering", "message": "🔍 Total features after momentum: 37", "correlation_id": "fc8cfa6491a3466a80f39278c5d9de51", "session_id": "-", "timestamp": "2025-08-17T19:42:11.636934+00:00"}
{"asctime": "2025-08-17 21:42:11,637", "levelname": "INFO", "name": "AresGlobal.VectorizedAdvancedFeatureEngineering", "message": "🔍 Generating liquidity analysis features...", "correlation_id": "fc8cfa6491a3466a80f39278c5d9de51", "session_id": "-", "timestamp": "2025-08-17T19:42:11.637032+00:00"}
{"asctime": "2025-08-17 21:42:11,671", "levelname": "INFO", "name": "AresGlobal.VectorizedAdvancedFeatureEngineering", "message": "🔍 Generated 7 liquidity features", "correlation_id": "fc8cfa6491a3466a80f39278c5d9de51", "session_id": "-", "timestamp": "2025-08-17T19:42:11.671770+00:00"}
{"asctime": "2025-08-17 21:42:11,672", "levelname": "INFO", "name": "AresGlobal.VectorizedAdvancedFeatureEngineering", "message": "🔍 Liquidity feature names: ['amihud_illiquidity', 'roll_spread_proxy', 'vwap_deviation', 'liquidity_ratio', 'volume_zscore', 'spread_approximation', 'liquidity_pressure']", "correlation_id": "fc8cfa6491a3466a80f39278c5d9de51", "session_id": "-", "timestamp": "2025-08-17T19:42:11.672013+00:00"}
{"asctime": "2025-08-17 21:42:11,672", "levelname": "INFO", "name": "AresGlobal.VectorizedAdvancedFeatureEngineering", "message": "🔍 Total features after liquidity: 44", "correlation_id": "fc8cfa6491a3466a80f39278c5d9de51", "session_id": "-", "timestamp": "2025-08-17T19:42:11.672147+00:00"}
{"asctime": "2025-08-17 21:42:11,672", "levelname": "INFO", "name": "AresGlobal.VectorizedAdvancedFeatureEngineering", "message": "🔍 Generating candlestick pattern features...", "correlation_id": "fc8cfa6491a3466a80f39278c5d9de51", "session_id": "-", "timestamp": "2025-08-17T19:42:11.672242+00:00"}
{"asctime": "2025-08-17 21:42:11,672", "levelname": "INFO", "name": "AresGlobal.DataQualityDecorator", "message": "🔍 [DATA QUALITY] Starting validation for analyze_patterns", "correlation_id": "fc8cfa6491a3466a80f39278c5d9de51", "session_id": "-", "timestamp": "2025-08-17T19:42:11.672343+00:00"}
{"asctime": "2025-08-17 21:42:11,672", "levelname": "INFO", "name": "AresGlobal.DataQualityDecorator", "message": "📊 [DATA QUALITY] Data type validation result for analyze_patterns: klines_ohlcv", "correlation_id": "fc8cfa6491a3466a80f39278c5d9de51", "session_id": "-", "timestamp": "2025-08-17T19:42:11.672462+00:00"}
{"asctime": "2025-08-17 21:42:11,672", "levelname": "INFO", "name": "AresGlobal.DataQualityDecorator", "message": "📊 [DATA QUALITY] Data type detected: klines_ohlcv for analyze_patterns", "correlation_id": "fc8cfa6491a3466a80f39278c5d9de51", "session_id": "-", "timestamp": "2025-08-17T19:42:11.672549+00:00"}
{"asctime": "2025-08-17 21:42:11,672", "levelname": "INFO", "name": "AresGlobal.DataQualityDecorator", "message": "🔍 [DATA QUALITY] Checking cache for analyze_patterns", "correlation_id": "fc8cfa6491a3466a80f39278c5d9de51", "session_id": "-", "timestamp": "2025-08-17T19:42:11.672635+00:00"}
{"asctime": "2025-08-17 21:42:11,672", "levelname": "INFO", "name": "AresGlobal.DataQualityDecorator", "message": "🔄 [DATA QUALITY] No valid cached result found for analyze_patterns, proceeding with validation", "correlation_id": "fc8cfa6491a3466a80f39278c5d9de51", "session_id": "-", "timestamp": "2025-08-17T19:42:11.672748+00:00"}
{"asctime": "2025-08-17 21:42:11,672", "levelname": "INFO", "name": "AresGlobal.DataQualityDecorator", "message": "🔍 [DATA QUALITY] Extracting symbol and exchange for analyze_patterns", "correlation_id": "fc8cfa6491a3466a80f39278c5d9de51", "session_id": "-", "timestamp": "2025-08-17T19:42:11.672836+00:00"}
{"asctime": "2025-08-17 21:42:11,672", "levelname": "INFO", "name": "AresGlobal.DataQualityDecorator", "message": "📊 [DATA QUALITY] Symbol: ETHUSDT, Exchange: BINANCE", "correlation_id": "fc8cfa6491a3466a80f39278c5d9de51", "session_id": "-", "timestamp": "2025-08-17T19:42:11.672942+00:00"}
{"asctime": "2025-08-17 21:42:11,673", "levelname": "INFO", "name": "AresGlobal.DataQualityDecorator", "message": "🔍 [DATA QUALITY] Getting validation configuration for analyze_patterns", "correlation_id": "fc8cfa6491a3466a80f39278c5d9de51", "session_id": "-", "timestamp": "2025-08-17T19:42:11.673097+00:00"}
{"asctime": "2025-08-17 21:42:11,673", "levelname": "INFO", "name": "AresGlobal.DataQualityDecorator", "message": "📊 [DATA QUALITY] Validation config loaded for analyze_patterns", "correlation_id": "fc8cfa6491a3466a80f39278c5d9de51", "session_id": "-", "timestamp": "2025-08-17T19:42:11.673219+00:00"}
{"asctime": "2025-08-17 21:42:11,673", "levelname": "INFO", "name": "AresGlobal.DataQualityDecorator", "message": "🔍 [DATA QUALITY] Starting data quality validation for analyze_patterns (ETHUSDT on BINANCE)", "correlation_id": "fc8cfa6491a3466a80f39278c5d9de51", "session_id": "-", "timestamp": "2025-08-17T19:42:11.673312+00:00"}
{"asctime": "2025-08-17 21:42:11,673", "levelname": "INFO", "name": "AresGlobal.RawDataQualityChecker", "message": "🔍 Starting raw data quality validation for BINANCE ETHUSDT", "correlation_id": "fc8cfa6491a3466a80f39278c5d9de51", "session_id": "-", "timestamp": "2025-08-17T19:42:11.673409+00:00"}
{"asctime": "2025-08-17 21:42:11,673", "levelname": "INFO", "name": "AresGlobal.RawDataQualityChecker", "message": "Validating data structure...", "correlation_id": "fc8cfa6491a3466a80f39278c5d9de51", "session_id": "-", "timestamp": "2025-08-17T19:42:11.673505+00:00"}
{"asctime": "2025-08-17 21:42:11,673", "levelname": "INFO", "name": "AresGlobal.RawDataQualityChecker", "message": "Validating data completeness...", "correlation_id": "fc8cfa6491a3466a80f39278c5d9de51", "session_id": "-", "timestamp": "2025-08-17T19:42:11.673701+00:00"}
{"asctime": "2025-08-17 21:42:11,677", "levelname": "INFO", "name": "AresGlobal.RawDataQualityChecker", "message": "Validating data integrity...", "correlation_id": "fc8cfa6491a3466a80f39278c5d9de51", "session_id": "-", "timestamp": "2025-08-17T19:42:11.677914+00:00"}
{"asctime": "2025-08-17 21:42:11,682", "levelname": "INFO", "name": "AresGlobal.RawDataQualityChecker", "message": "Validating market-specific issues...", "correlation_id": "fc8cfa6491a3466a80f39278c5d9de51", "session_id": "-", "timestamp": "2025-08-17T19:42:11.682361+00:00"}
{"asctime": "2025-08-17 21:42:11,687", "levelname": "INFO", "name": "AresGlobal.RawDataQualityChecker", "message": "Validating feature engineering requirements...", "correlation_id": "fc8cfa6491a3466a80f39278c5d9de51", "session_id": "-", "timestamp": "2025-08-17T19:42:11.687518+00:00"}
{"asctime": "2025-08-17 21:42:11,708", "levelname": "INFO", "name": "AresGlobal.RawDataQualityChecker", "message": "✅ Raw data validation passed for ETHUSDT (Score: 0.90)", "correlation_id": "fc8cfa6491a3466a80f39278c5d9de51", "session_id": "-", "timestamp": "2025-08-17T19:42:11.708823+00:00"}
{"asctime": "2025-08-17 21:42:11,709", "levelname": "INFO", "name": "AresGlobal.DataQualityCache", "message": "💾 [CACHE] Cached validation result for analyze_patterns", "correlation_id": "fc8cfa6491a3466a80f39278c5d9de51", "session_id": "-", "timestamp": "2025-08-17T19:42:11.709088+00:00"}
{"asctime": "2025-08-17 21:42:11,709", "levelname": "INFO", "name": "AresGlobal.DataQualityDecorator", "message": "📊 [DATA QUALITY] Processing validation results for analyze_patterns", "correlation_id": "fc8cfa6491a3466a80f39278c5d9de51", "session_id": "-", "timestamp": "2025-08-17T19:42:11.709189+00:00"}
{"asctime": "2025-08-17 21:42:11,709", "levelname": "INFO", "name": "AresGlobal.DataQualityDecorator", "message": "   📊 Validation level: warning", "correlation_id": "fc8cfa6491a3466a80f39278c5d9de51", "session_id": "-", "timestamp": "2025-08-17T19:42:11.709282+00:00"}
{"asctime": "2025-08-17 21:42:11,709", "levelname": "INFO", "name": "AresGlobal.DataQualityDecorator", "message": "   📊 Validation passed: True", "correlation_id": "fc8cfa6491a3466a80f39278c5d9de51", "session_id": "-", "timestamp": "2025-08-17T19:42:11.709371+00:00"}
{"asctime": "2025-08-17 21:42:11,709", "levelname": "INFO", "name": "AresGlobal.DataQualityDecorator", "message": "   📊 Quality score: 0.90", "correlation_id": "fc8cfa6491a3466a80f39278c5d9de51", "session_id": "-", "timestamp": "2025-08-17T19:42:11.709464+00:00"}
{"asctime": "2025-08-17 21:42:11,709", "levelname": "INFO", "name": "AresGlobal.DataQualityDecorator", "message": "   📊 Critical issues: 0", "correlation_id": "fc8cfa6491a3466a80f39278c5d9de51", "session_id": "-", "timestamp": "2025-08-17T19:42:11.709549+00:00"}
{"asctime": "2025-08-17 21:42:11,709", "levelname": "INFO", "name": "AresGlobal.DataQualityDecorator", "message": "   📊 Warnings: 2", "correlation_id": "fc8cfa6491a3466a80f39278c5d9de51", "session_id": "-", "timestamp": "2025-08-17T19:42:11.709636+00:00"}
{"asctime": "2025-08-17 21:42:11,709", "levelname": "WARNING", "name": "AresGlobal.DataQualityDecorator", "message": "⚠️ [DATA QUALITY] 2 warnings for analyze_patterns", "correlation_id": "fc8cfa6491a3466a80f39278c5d9de51", "session_id": "-", "timestamp": "2025-08-17T19:42:11.709725+00:00"}
{"asctime": "2025-08-17 21:42:11,709", "levelname": "WARNING", "name": "AresGlobal.DataQualityDecorator", "message": "   \u001b[93m\u001b[1m⚠️\u001b[0m \u001b[93m\u001b[1mModerate time interval variability (CV: 0.276, irregular: 0.6%) may affect multi-timeframe feature generation\u001b[0m", "correlation_id": "fc8cfa6491a3466a80f39278c5d9de51", "session_id": "-", "timestamp": "2025-08-17T19:42:11.709831+00:00"}
{"asctime": "2025-08-17 21:42:11,709", "levelname": "WARNING", "name": "AresGlobal.DataQualityDecorator", "message": "   \u001b[93m\u001b[1m⚠️\u001b[0m \u001b[93m\u001b[1mScattered irregular timestamp intervals: 0.6% (threshold: 0.1%) - may affect multi-timeframe feature generation\u001b[0m", "correlation_id": "fc8cfa6491a3466a80f39278c5d9de51", "session_id": "-", "timestamp": "2025-08-17T19:42:11.709926+00:00"}
{"asctime": "2025-08-17 21:42:11,710", "levelname": "INFO", "name": "AresGlobal.DataQualityDecorator", "message": "🚀 [DATA QUALITY] Executing original function analyze_patterns", "correlation_id": "fc8cfa6491a3466a80f39278c5d9de51", "session_id": "-", "timestamp": "2025-08-17T19:42:11.710017+00:00"}
{"asctime": "2025-08-17 21:42:11,715", "levelname": "INFO", "name": "AresGlobal.DataQualityDecorator", "message": "✅ [DATA QUALITY] Completed validation for analyze_patterns", "correlation_id": "fc8cfa6491a3466a80f39278c5d9de51", "session_id": "-", "timestamp": "2025-08-17T19:42:11.715793+00:00"}
{"asctime": "2025-08-17 21:42:11,716", "levelname": "INFO", "name": "AresGlobal.VectorizedAdvancedFeatureEngineering", "message": "🔍 Generated 6 candlestick features", "correlation_id": "fc8cfa6491a3466a80f39278c5d9de51", "session_id": "-", "timestamp": "2025-08-17T19:42:11.716401+00:00"}
{"asctime": "2025-08-17 21:42:11,716", "levelname": "INFO", "name": "AresGlobal.VectorizedAdvancedFeatureEngineering", "message": "🔍 Candlestick feature names: ['doji_pattern', 'hammer_pattern', 'shooting_star_pattern', 'bullish_engulfing', 'bearish_engulfing', 'body_range_ratio']", "correlation_id": "fc8cfa6491a3466a80f39278c5d9de51", "session_id": "-", "timestamp": "2025-08-17T19:42:11.716535+00:00"}
{"asctime": "2025-08-17 21:42:11,716", "levelname": "INFO", "name": "AresGlobal.VectorizedAdvancedFeatureEngineering", "message": "🔍 Total features after candlestick: 50", "correlation_id": "fc8cfa6491a3466a80f39278c5d9de51", "session_id": "-", "timestamp": "2025-08-17T19:42:11.716694+00:00"}
{"asctime": "2025-08-17 21:42:11,716", "levelname": "INFO", "name": "AresGlobal.VectorizedAdvancedFeatureEngineering", "message": "🔍 Generating OHLCV price features...", "correlation_id": "fc8cfa6491a3466a80f39278c5d9de51", "session_id": "-", "timestamp": "2025-08-17T19:42:11.716806+00:00"}
{"asctime": "2025-08-17 21:42:23,555", "levelname": "WARNING", "name": "joblib", "message": "[Memory(location=None)]: Flushing completely the cache", "correlation_id": "fc8cfa6491a3466a80f39278c5d9de51", "session_id": "-", "timestamp": "2025-08-17T19:42:23.555683+00:00"}
{"asctime": "2025-08-17 21:42:23,556", "levelname": "INFO", "name": "AresGlobal.AresLauncher", "message": "🧹 Cleaning up processes...", "correlation_id": "-", "session_id": "-", "timestamp": "2025-08-17T19:42:23.556148+00:00"}
{"asctime": "2025-08-17 21:42:23,556", "levelname": "INFO", "name": "AresGlobal.AresLauncher", "message": "✅ Cleanup completed", "correlation_id": "-", "session_id": "-", "timestamp": "2025-08-17T19:42:23.556319+00:00"}
{"asctime": "2025-08-17 21:42:23,986", "levelname": "WARNING", "name": "joblib", "message": "[Memory(location=None)]: Flushing completely the cache", "correlation_id": "-", "session_id": "-", "timestamp": "2025-08-17T19:42:23.986459+00:00"}
