{"asctime": "2025-08-19 19:35:44,934", "levelname": "INFO", "name": "AresTradingSystem", "message": "✅ Enhanced Logger initialization completed successfully", "correlation_id": "-", "session_id": "-", "timestamp": "2025-08-19T17:35:44.934797+00:00"}
{"asctime": "2025-08-19 19:35:45,035", "levelname": "INFO", "name": "AresTradingSystem.System.VectorizedAdvancedFeatureEngineering", "message": "✅ Subsampling disabled for blank/short-blank horizon (<=180d)", "correlation_id": "-", "session_id": "-", "timestamp": "2025-08-19T17:35:45.035045+00:00"}
{"asctime": "2025-08-19 19:35:45,035", "levelname": "INFO", "name": "AresTradingSystem.System.VectorizedAdvancedFeatureEngineering", "message": "✅ Configured joblib memory cache: data/joblib_cache", "correlation_id": "-", "session_id": "-", "timestamp": "2025-08-19T17:35:45.035188+00:00"}
{"asctime": "2025-08-19 19:35:45,052", "levelname": "INFO", "name": "AresTradingSystem.System.EnhancedTrainingManager", "message": "✅ Enhanced matrix operations and GPU acceleration initialized", "correlation_id": "-", "session_id": "-", "timestamp": "2025-08-19T17:35:45.052128+00:00"}
{"asctime": "2025-08-19 19:35:45,052", "levelname": "INFO", "name": "AresTradingSystem.System.EnhancedTrainingManager", "message": "🚀 Initializing Enhanced Training Manager...", "correlation_id": "-", "session_id": "-", "timestamp": "2025-08-19T17:35:45.052234+00:00"}
{"asctime": "2025-08-19 19:35:45,052", "levelname": "INFO", "name": "AresTradingSystem.System.EnhancedTrainingManager", "message": "📊 Blank training mode: True", "correlation_id": "-", "session_id": "-", "timestamp": "2025-08-19T17:35:45.052309+00:00"}
{"asctime": "2025-08-19 19:35:45,052", "levelname": "INFO", "name": "AresTradingSystem.System.EnhancedTrainingManager", "message": "🔧 Max trials: 200", "correlation_id": "-", "session_id": "-", "timestamp": "2025-08-19T17:35:45.052370+00:00"}
{"asctime": "2025-08-19 19:35:45,052", "levelname": "INFO", "name": "AresTradingSystem.System.EnhancedTrainingManager", "message": "🔧 N trials: 100", "correlation_id": "-", "session_id": "-", "timestamp": "2025-08-19T17:35:45.052430+00:00"}
{"asctime": "2025-08-19 19:35:45,052", "levelname": "INFO", "name": "AresTradingSystem.System.EnhancedTrainingManager", "message": "📈 Lookback days: 180", "correlation_id": "-", "session_id": "-", "timestamp": "2025-08-19T17:35:45.052489+00:00"}
{"asctime": "2025-08-19 19:35:45,052", "levelname": "INFO", "name": "AresTradingSystem.System.EnhancedTrainingManager", "message": "🚀 Computational optimization: True", "correlation_id": "-", "session_id": "-", "timestamp": "2025-08-19T17:35:45.052544+00:00"}
{"asctime": "2025-08-19 19:35:45,052", "levelname": "INFO", "name": "AresTradingSystem.System.EnhancedTrainingManager", "message": "📊 Resource Analysis:", "correlation_id": "-", "session_id": "-", "timestamp": "2025-08-19T17:35:45.052630+00:00"}
{"asctime": "2025-08-19 19:35:45,052", "levelname": "INFO", "name": "AresTradingSystem.System.EnhancedTrainingManager", "message": "   💾 System Memory: 16.0 GB", "correlation_id": "-", "session_id": "-", "timestamp": "2025-08-19T17:35:45.052687+00:00"}
{"asctime": "2025-08-19 19:35:45,052", "levelname": "INFO", "name": "AresTradingSystem.System.EnhancedTrainingManager", "message": "   🖥️ CPU Cores: 8", "correlation_id": "-", "session_id": "-", "timestamp": "2025-08-19T17:35:45.052742+00:00"}
{"asctime": "2025-08-19 19:35:45,052", "levelname": "INFO", "name": "AresTradingSystem.System.EnhancedTrainingManager", "message": "   📈 Estimated Memory Usage: 4.0 GB", "correlation_id": "-", "session_id": "-", "timestamp": "2025-08-19T17:35:45.052799+00:00"}
{"asctime": "2025-08-19 19:35:45,052", "levelname": "INFO", "name": "AresTradingSystem.System.EnhancedTrainingManager", "message": "   ⏱️ Estimated Time: 90 minutes (1.5 hours)", "correlation_id": "-", "session_id": "-", "timestamp": "2025-08-19T17:35:45.052858+00:00"}
{"asctime": "2025-08-19 19:35:45,052", "levelname": "INFO", "name": "AresTradingSystem.System.EnhancedTrainingManager", "message": "   🤖 Models to Train: 4", "correlation_id": "-", "session_id": "-", "timestamp": "2025-08-19T17:35:45.052913+00:00"}
{"asctime": "2025-08-19 19:35:45,052", "levelname": "INFO", "name": "AresTradingSystem.System.EnhancedTrainingManager", "message": "   🔧 Optimization Trials: 50", "correlation_id": "-", "session_id": "-", "timestamp": "2025-08-19T17:35:45.052980+00:00"}
{"asctime": "2025-08-19 19:35:45,053", "levelname": "INFO", "name": "AresTradingSystem.System.EnhancedTrainingManager", "message": "📋 Step-by-Step Time Estimates:", "correlation_id": "-", "session_id": "-", "timestamp": "2025-08-19T17:35:45.053033+00:00"}
{"asctime": "2025-08-19 19:35:45,053", "levelname": "INFO", "name": "AresTradingSystem.System.EnhancedTrainingManager", "message": "   step1_data_collection: 5 min (4.3%)", "correlation_id": "-", "session_id": "-", "timestamp": "2025-08-19T17:35:45.053090+00:00"}
{"asctime": "2025-08-19 19:35:45,053", "levelname": "INFO", "name": "AresTradingSystem.System.EnhancedTrainingManager", "message": "   step2_feature_engineering: 15 min (13.0%)", "correlation_id": "-", "session_id": "-", "timestamp": "2025-08-19T17:35:45.053146+00:00"}
{"asctime": "2025-08-19 19:35:45,053", "levelname": "INFO", "name": "AresTradingSystem.System.EnhancedTrainingManager", "message": "   step3_hmm_regime_discovery: 3 min (2.6%)", "correlation_id": "-", "session_id": "-", "timestamp": "2025-08-19T17:35:45.053200+00:00"}
{"asctime": "2025-08-19 19:35:45,053", "levelname": "INFO", "name": "AresTradingSystem.System.EnhancedTrainingManager", "message": "   step4_processing_labeling: 8 min (7.0%)", "correlation_id": "-", "session_id": "-", "timestamp": "2025-08-19T17:35:45.053252+00:00"}
{"asctime": "2025-08-19 19:35:45,053", "levelname": "INFO", "name": "AresTradingSystem.System.EnhancedTrainingManager", "message": "   step5_regime_data_splitting: 2 min (1.7%)", "correlation_id": "-", "session_id": "-", "timestamp": "2025-08-19T17:35:45.053303+00:00"}
{"asctime": "2025-08-19 19:35:45,053", "levelname": "INFO", "name": "AresTradingSystem.System.EnhancedTrainingManager", "message": "   step6_hmm_based_training: 10 min (8.7%)", "correlation_id": "-", "session_id": "-", "timestamp": "2025-08-19T17:35:45.053353+00:00"}
{"asctime": "2025-08-19 19:35:45,053", "levelname": "INFO", "name": "AresTradingSystem.System.EnhancedTrainingManager", "message": "   step6_5_unified_regime_intelligence: 8 min (7.0%)", "correlation_id": "-", "session_id": "-", "timestamp": "2025-08-19T17:35:45.053404+00:00"}
{"asctime": "2025-08-19 19:35:45,053", "levelname": "INFO", "name": "AresTradingSystem.System.EnhancedTrainingManager", "message": "   step7_analyst_enhancement: 8 min (7.0%)", "correlation_id": "-", "session_id": "-", "timestamp": "2025-08-19T17:35:45.053455+00:00"}
{"asctime": "2025-08-19 19:35:45,053", "levelname": "INFO", "name": "AresTradingSystem.System.EnhancedTrainingManager", "message": "   step8_tactician_labeling: 5 min (4.3%)", "correlation_id": "-", "session_id": "-", "timestamp": "2025-08-19T17:35:45.053508+00:00"}
{"asctime": "2025-08-19 19:35:45,053", "levelname": "INFO", "name": "AresTradingSystem.System.EnhancedTrainingManager", "message": "   step9_tactician_specialist_training: 10 min (8.7%)", "correlation_id": "-", "session_id": "-", "timestamp": "2025-08-19T17:35:45.053560+00:00"}
{"asctime": "2025-08-19 19:35:45,053", "levelname": "INFO", "name": "AresTradingSystem.System.EnhancedTrainingManager", "message": "   step10_confidence_calibration: 3 min (2.6%)", "correlation_id": "-", "session_id": "-", "timestamp": "2025-08-19T17:35:45.053615+00:00"}
{"asctime": "2025-08-19 19:35:45,053", "levelname": "INFO", "name": "AresTradingSystem.System.EnhancedTrainingManager", "message": "   step11_final_parameters_optimization: 15 min (13.0%)", "correlation_id": "-", "session_id": "-", "timestamp": "2025-08-19T17:35:45.053671+00:00"}
{"asctime": "2025-08-19 19:35:45,053", "levelname": "INFO", "name": "AresTradingSystem.System.EnhancedTrainingManager", "message": "   step12_walk_forward_validation: 8 min (7.0%)", "correlation_id": "-", "session_id": "-", "timestamp": "2025-08-19T17:35:45.053726+00:00"}
{"asctime": "2025-08-19 19:35:45,053", "levelname": "INFO", "name": "AresTradingSystem.System.EnhancedTrainingManager", "message": "   step13_monte_carlo_validation: 8 min (7.0%)", "correlation_id": "-", "session_id": "-", "timestamp": "2025-08-19T17:35:45.053785+00:00"}
{"asctime": "2025-08-19 19:35:45,053", "levelname": "INFO", "name": "AresTradingSystem.System.EnhancedTrainingManager", "message": "   step14_ab_testing: 5 min (4.3%)", "correlation_id": "-", "session_id": "-", "timestamp": "2025-08-19T17:35:45.053839+00:00"}
{"asctime": "2025-08-19 19:35:45,053", "levelname": "INFO", "name": "AresTradingSystem.System.EnhancedTrainingManager", "message": "   step15_saving: 2 min (1.7%)", "correlation_id": "-", "session_id": "-", "timestamp": "2025-08-19T17:35:45.053889+00:00"}
{"asctime": "2025-08-19 19:35:45,053", "levelname": "INFO", "name": "AresTradingSystem.System.EnhancedTrainingManager", "message": "💡 Recommendations:", "correlation_id": "-", "session_id": "-", "timestamp": "2025-08-19T17:35:45.053941+00:00"}
{"asctime": "2025-08-19 19:35:45,053", "levelname": "INFO", "name": "AresTradingSystem.System.EnhancedTrainingManager", "message": "   ✅ Blank training mode is suitable for your system", "correlation_id": "-", "session_id": "-", "timestamp": "2025-08-19T17:35:45.053994+00:00"}
{"asctime": "2025-08-19 19:35:45,054", "levelname": "INFO", "name": "AresTradingSystem.System.EnhancedTrainingManager", "message": "🚀 Initializing computational optimization components...", "correlation_id": "-", "session_id": "-", "timestamp": "2025-08-19T17:35:45.054053+00:00"}
{"asctime": "2025-08-19 19:35:45,054", "levelname": "INFO", "name": "AresTradingSystem.System.EnhancedTrainingManager", "message": "✅ Computational optimization components initialized successfully", "correlation_id": "-", "session_id": "-", "timestamp": "2025-08-19T17:35:45.054604+00:00"}
{"asctime": "2025-08-19 19:35:45,054", "levelname": "INFO", "name": "AresTradingSystem.System.VectorizedTrainingPipeline", "message": "🚀 Initializing Vectorized Training Pipeline...", "correlation_id": "-", "session_id": "-", "timestamp": "2025-08-19T17:35:45.054708+00:00"}
{"asctime": "2025-08-19 19:35:45,054", "levelname": "INFO", "name": "AresTradingSystem.System.VectorizedTrainingPipeline", "message": "📊 Initializing matrix enhancement components...", "correlation_id": "-", "session_id": "-", "timestamp": "2025-08-19T17:35:45.054854+00:00"}
{"asctime": "2025-08-19 19:35:45,054", "levelname": "INFO", "name": "AresTradingSystem.System.VectorizedAdvancedFeatureEngineering", "message": "🚀 Initializing vectorized advanced feature engineering...", "correlation_id": "-", "session_id": "-", "timestamp": "2025-08-19T17:35:45.054944+00:00"}
{"asctime": "2025-08-19 19:35:45,055", "levelname": "INFO", "name": "AresTradingSystem.System.WaveletFeatureCache", "message": "✅ Cache directory initialized: data/wavelet_cache", "correlation_id": "-", "session_id": "-", "timestamp": "2025-08-19T17:35:45.055159+00:00"}
{"asctime": "2025-08-19 19:35:45,055", "levelname": "INFO", "name": "AresTradingSystem.System.VectorizedVolatilityRegimeModel", "message": "🚀 Initializing VectorizedVolatilityRegimeModel...", "correlation_id": "-", "session_id": "-", "timestamp": "2025-08-19T17:35:45.055247+00:00"}
{"asctime": "2025-08-19 19:35:45,055", "levelname": "INFO", "name": "AresTradingSystem.System.VectorizedVolatilityRegimeModel", "message": "✅ VectorizedVolatilityRegimeModel initialized successfully", "correlation_id": "-", "session_id": "-", "timestamp": "2025-08-19T17:35:45.055312+00:00"}
{"asctime": "2025-08-19 19:35:45,055", "levelname": "INFO", "name": "AresTradingSystem.System.VectorizedCorrelationAnalyzer", "message": "🚀 Initializing VectorizedCorrelationAnalyzer...", "correlation_id": "-", "session_id": "-", "timestamp": "2025-08-19T17:35:45.055380+00:00"}
{"asctime": "2025-08-19 19:35:45,055", "levelname": "INFO", "name": "AresTradingSystem.System.VectorizedCorrelationAnalyzer", "message": "✅ VectorizedCorrelationAnalyzer initialized successfully", "correlation_id": "-", "session_id": "-", "timestamp": "2025-08-19T17:35:45.055453+00:00"}
{"asctime": "2025-08-19 19:35:45,055", "levelname": "INFO", "name": "AresTradingSystem.System.VectorizedMomentumAnalyzer", "message": "🚀 Initializing VectorizedMomentumAnalyzer...", "correlation_id": "-", "session_id": "-", "timestamp": "2025-08-19T17:35:45.055528+00:00"}
{"asctime": "2025-08-19 19:35:45,055", "levelname": "INFO", "name": "AresTradingSystem.System.VectorizedMomentumAnalyzer", "message": "✅ VectorizedMomentumAnalyzer initialized successfully", "correlation_id": "-", "session_id": "-", "timestamp": "2025-08-19T17:35:45.055585+00:00"}
{"asctime": "2025-08-19 19:35:45,055", "levelname": "INFO", "name": "AresTradingSystem.System.VectorizedAdvancedFeatureEngineering", "message": "🔍 Creating VectorizedLiquidityAnalyzer...", "correlation_id": "-", "session_id": "-", "timestamp": "2025-08-19T17:35:45.055642+00:00"}
{"asctime": "2025-08-19 19:35:45,055", "levelname": "INFO", "name": "AresTradingSystem.System.VectorizedAdvancedFeatureEngineering", "message": "🔍 VectorizedLiquidityAnalyzer created, initializing...", "correlation_id": "-", "session_id": "-", "timestamp": "2025-08-19T17:35:45.055702+00:00"}
{"asctime": "2025-08-19 19:35:45,055", "levelname": "INFO", "name": "AresTradingSystem.System.VectorizedLiquidityAnalyzer", "message": "🚀 Initializing VectorizedLiquidityAnalyzer...", "correlation_id": "-", "session_id": "-", "timestamp": "2025-08-19T17:35:45.055758+00:00"}
{"asctime": "2025-08-19 19:35:45,055", "levelname": "INFO", "name": "AresTradingSystem.System.VectorizedLiquidityAnalyzer", "message": "✅ VectorizedLiquidityAnalyzer initialized successfully", "correlation_id": "-", "session_id": "-", "timestamp": "2025-08-19T17:35:45.055810+00:00"}
{"asctime": "2025-08-19 19:35:45,055", "levelname": "INFO", "name": "AresTradingSystem.System.VectorizedAdvancedFeatureEngineering", "message": "✅ Liquidity analyzer initialized successfully", "correlation_id": "-", "session_id": "-", "timestamp": "2025-08-19T17:35:45.055864+00:00"}
{"asctime": "2025-08-19 19:35:45,055", "levelname": "INFO", "name": "AresTradingSystem.System.VectorizedAdvancedFeatureEngineering", "message": "🔍 Creating VectorizedCandlestickPatternAnalyzer...", "correlation_id": "-", "session_id": "-", "timestamp": "2025-08-19T17:35:45.055923+00:00"}
{"asctime": "2025-08-19 19:35:45,055", "levelname": "INFO", "name": "AresTradingSystem.System.VectorizedAdvancedFeatureEngineering", "message": "🔍 VectorizedCandlestickPatternAnalyzer created, initializing...", "correlation_id": "-", "session_id": "-", "timestamp": "2025-08-19T17:35:45.055981+00:00"}
{"asctime": "2025-08-19 19:35:45,056", "levelname": "INFO", "name": "AresTradingSystem.System.VectorizedCandlestickPatternAnalyzer", "message": "🚀 Initializing VectorizedCandlestickPatternAnalyzer...", "correlation_id": "-", "session_id": "-", "timestamp": "2025-08-19T17:35:45.056043+00:00"}
{"asctime": "2025-08-19 19:35:45,056", "levelname": "INFO", "name": "AresTradingSystem.System.VectorizedCandlestickPatternAnalyzer", "message": "🔍 Config keys: ['environment', 'system', 'trading', 'training', 'trading_symbol', 'exchange_name', 'trading_interval', 'initial_equity', 'taker_fee', 'maker_fee', 'state_file', 'lookback_years', 'exchanges', 'risk_management', 'position_management', 'pipeline', 'analyst', 'logging', 'database', 'data', 'checkpointing', 'reporting', 'mlflow', 'version', 'training_pipeline', 'MODEL_TRAINING', 'DATA_CONFIG', 'ENHANCED_TRAINING', 'HMM_LM', 'vectorized_labelling_orchestrator', 'method_a_mixture_of_experts', 'feature_reduction', 'MULTI_TIMEFRAME_TRAINING', 'TIMEFRAMES', 'TIMEFRAME_SETS', 'DEFAULT_TIMEFRAME_SET', 'TWO_TIER_DECISION', 'ENHANCED_ENSEMBLE', 'meta_labeling', 'multi_timeframe_regime_integration', 'regime_specific_tpsl_optimizer', 'TRANSITION_MODELING', 'CHECKPOINT_DIR']", "correlation_id": "-", "session_id": "-", "timestamp": "2025-08-19T17:35:45.056111+00:00"}
{"asctime": "2025-08-19 19:35:45,056", "levelname": "INFO", "name": "AresTradingSystem.System.VectorizedCandlestickPatternAnalyzer", "message": "✅ VectorizedCandlestickPatternAnalyzer initialized successfully", "correlation_id": "-", "session_id": "-", "timestamp": "2025-08-19T17:35:45.056208+00:00"}
{"asctime": "2025-08-19 19:35:45,056", "levelname": "INFO", "name": "AresTradingSystem.System.VectorizedAdvancedFeatureEngineering", "message": "✅ Candlestick analyzer initialized successfully", "correlation_id": "-", "session_id": "-", "timestamp": "2025-08-19T17:35:45.056280+00:00"}
{"asctime": "2025-08-19 19:35:45,056", "levelname": "INFO", "name": "AresTradingSystem.System.VectorizedAdvancedFeatureEngineering", "message": "🔍 Creating VectorizedSRDistanceCalculator...", "correlation_id": "-", "session_id": "-", "timestamp": "2025-08-19T17:35:45.056337+00:00"}
{"asctime": "2025-08-19 19:35:45,056", "levelname": "INFO", "name": "AresTradingSystem.System.VectorizedAdvancedFeatureEngineering", "message": "🔍 VectorizedSRDistanceCalculator created, initializing...", "correlation_id": "-", "session_id": "-", "timestamp": "2025-08-19T17:35:45.056399+00:00"}
{"asctime": "2025-08-19 19:35:45,056", "levelname": "INFO", "name": "AresTradingSystem.System.VectorizedSRDistanceCalculator", "message": "🚀 Initializing VectorizedSRDistanceCalculator...", "correlation_id": "-", "session_id": "-", "timestamp": "2025-08-19T17:35:45.056452+00:00"}
{"asctime": "2025-08-19 19:35:45,056", "levelname": "INFO", "name": "AresTradingSystem.System.VectorizedSRDistanceCalculator", "message": "✅ VectorizedSRDistanceCalculator initialized successfully", "correlation_id": "-", "session_id": "-", "timestamp": "2025-08-19T17:35:45.056662+00:00"}
{"asctime": "2025-08-19 19:35:45,056", "levelname": "INFO", "name": "AresTradingSystem.System.VectorizedAdvancedFeatureEngineering", "message": "✅ S/R distance calculator initialized successfully", "correlation_id": "-", "session_id": "-", "timestamp": "2025-08-19T17:35:45.056723+00:00"}
{"asctime": "2025-08-19 19:35:45,056", "levelname": "INFO", "name": "AresTradingSystem.System.VectorizedAdvancedFeatureEngineering", "message": "🔍 Creating VectorizedWaveletTransformAnalyzer...", "correlation_id": "-", "session_id": "-", "timestamp": "2025-08-19T17:35:45.056778+00:00"}
{"asctime": "2025-08-19 19:35:45,056", "levelname": "INFO", "name": "AresTradingSystem.System.VectorizedAdvancedFeatureEngineering", "message": "🔍 VectorizedWaveletTransformAnalyzer created, initializing...", "correlation_id": "-", "session_id": "-", "timestamp": "2025-08-19T17:35:45.056841+00:00"}
{"asctime": "2025-08-19 19:35:45,056", "levelname": "INFO", "name": "AresTradingSystem.System.VectorizedWaveletTransformAnalyzer", "message": "🚀 Initializing VectorizedWaveletTransformAnalyzer...", "correlation_id": "-", "session_id": "-", "timestamp": "2025-08-19T17:35:45.056917+00:00"}
{"asctime": "2025-08-19 19:35:45,056", "levelname": "INFO", "name": "AresTradingSystem.System.VectorizedWaveletTransformAnalyzer", "message": "✅ VectorizedWaveletTransformAnalyzer initialized successfully", "correlation_id": "-", "session_id": "-", "timestamp": "2025-08-19T17:35:45.056970+00:00"}
{"asctime": "2025-08-19 19:35:45,057", "levelname": "INFO", "name": "AresTradingSystem.System.VectorizedAdvancedFeatureEngineering", "message": "✅ Wavelet analyzer initialized successfully", "correlation_id": "-", "session_id": "-", "timestamp": "2025-08-19T17:35:45.057023+00:00"}
{"asctime": "2025-08-19 19:35:45,057", "levelname": "INFO", "name": "AresTradingSystem.System.VectorizedAdvancedFeatureEngineering", "message": "ℹ️ Meta-labeling system removed - using only HMM market regimes for labeling", "correlation_id": "-", "session_id": "-", "timestamp": "2025-08-19T17:35:45.057076+00:00"}
{"asctime": "2025-08-19 19:35:45,057", "levelname": "INFO", "name": "AresTradingSystem.System.VectorizedAdvancedFeatureEngineering", "message": "✅ Vectorized advanced feature engineering initialized successfully", "correlation_id": "-", "session_id": "-", "timestamp": "2025-08-19T17:35:45.057129+00:00"}
{"asctime": "2025-08-19 19:35:45,057", "levelname": "INFO", "name": "AresTradingSystem.System.VectorizedTrainingPipeline", "message": "🔧 Initialized vectorized feature engineering", "correlation_id": "-", "session_id": "-", "timestamp": "2025-08-19T17:35:45.057182+00:00"}
{"asctime": "2025-08-19 19:35:45,057", "levelname": "INFO", "name": "AresTradingSystem.System.VectorizedTrainingPipeline", "message": "✅ Vectorized Training Pipeline initialized successfully", "correlation_id": "-", "session_id": "-", "timestamp": "2025-08-19T17:35:45.057240+00:00"}
{"asctime": "2025-08-19 19:35:45,057", "levelname": "INFO", "name": "AresTradingSystem.System.EnhancedTrainingManager", "message": "✅ Vectorized Training Pipeline initialized", "correlation_id": "-", "session_id": "-", "timestamp": "2025-08-19T17:35:45.057295+00:00"}
{"asctime": "2025-08-19 19:35:45,057", "levelname": "INFO", "name": "AresTradingSystem.System.EnhancedTrainingManager", "message": "✅ Enhanced Training Manager initialized successfully", "correlation_id": "-", "session_id": "-", "timestamp": "2025-08-19T17:35:45.057349+00:00"}
{"asctime": "2025-08-19 19:35:45,057", "levelname": "INFO", "name": "AresTradingSystem.System.EnhancedTrainingManager", "message": "================================================================================", "correlation_id": "-", "session_id": "-", "timestamp": "2025-08-19T17:35:45.057667+00:00"}
{"asctime": "2025-08-19 19:35:45,057", "levelname": "INFO", "name": "AresTradingSystem.System.EnhancedTrainingManager", "message": "🚀 COMPREHENSIVE 15-STEP ENHANCED TRAINING PIPELINE START", "correlation_id": "-", "session_id": "-", "timestamp": "2025-08-19T17:35:45.057719+00:00"}
{"asctime": "2025-08-19 19:35:45,057", "levelname": "INFO", "name": "AresTradingSystem.System.EnhancedTrainingManager", "message": "================================================================================", "correlation_id": "-", "session_id": "-", "timestamp": "2025-08-19T17:35:45.057774+00:00"}
{"asctime": "2025-08-19 19:35:45,057", "levelname": "INFO", "name": "AresTradingSystem.System.EnhancedTrainingManager", "message": "📅 Started at: 2025-08-19 19:35:45", "correlation_id": "-", "session_id": "-", "timestamp": "2025-08-19T17:35:45.057837+00:00"}
{"asctime": "2025-08-19 19:35:45,057", "levelname": "INFO", "name": "AresTradingSystem.System.EnhancedTrainingManager", "message": "🎯 Symbol: ETHUSDT", "correlation_id": "-", "session_id": "-", "timestamp": "2025-08-19T17:35:45.057894+00:00"}
{"asctime": "2025-08-19 19:35:45,057", "levelname": "INFO", "name": "AresTradingSystem.System.EnhancedTrainingManager", "message": "🏢 Exchange: BINANCE", "correlation_id": "-", "session_id": "-", "timestamp": "2025-08-19T17:35:45.057951+00:00"}
{"asctime": "2025-08-19 19:35:45,058", "levelname": "INFO", "name": "AresTradingSystem.System.EnhancedTrainingManager", "message": "📊 Training Mode: N/A", "correlation_id": "-", "session_id": "-", "timestamp": "2025-08-19T17:35:45.058005+00:00"}
{"asctime": "2025-08-19 19:35:45,058", "levelname": "INFO", "name": "AresTradingSystem.System.EnhancedTrainingManager", "message": "📈 Lookback Days: 180", "correlation_id": "-", "session_id": "-", "timestamp": "2025-08-19T17:35:45.058062+00:00"}
{"asctime": "2025-08-19 19:35:45,058", "levelname": "INFO", "name": "AresTradingSystem.System.EnhancedTrainingManager", "message": "🔧 Blank Training Mode: True", "correlation_id": "-", "session_id": "-", "timestamp": "2025-08-19T17:35:45.058133+00:00"}
{"asctime": "2025-08-19 19:35:45,058", "levelname": "INFO", "name": "AresTradingSystem.System.EnhancedTrainingManager", "message": "🔧 Max Trials: 200", "correlation_id": "-", "session_id": "-", "timestamp": "2025-08-19T17:35:45.058182+00:00"}
{"asctime": "2025-08-19 19:35:45,058", "levelname": "INFO", "name": "AresTradingSystem.System.EnhancedTrainingManager", "message": "🔧 N Trials: 100", "correlation_id": "-", "session_id": "-", "timestamp": "2025-08-19T17:35:45.058233+00:00"}
{"asctime": "2025-08-19 19:35:45,058", "levelname": "INFO", "name": "AresTradingSystem.System.EnhancedTrainingManager", "message": "🚀 Initializing optimized tools...", "correlation_id": "-", "session_id": "-", "timestamp": "2025-08-19T17:35:45.058297+00:00"}
{"asctime": "2025-08-19 19:35:45,058", "levelname": "ERROR", "name": "AresTradingSystem.System.EnhancedTrainingManager", "message": "❌ Failed to initialize optimized tools: 'EnhancedTrainingManager' object has no attribute 'optimized_manager'", "correlation_id": "-", "session_id": "-", "exc_info": "Traceback (most recent call last):\n  File \"/Users/remyroche/Documents/Ares/src/training/enhanced_training_manager.py\", line 3668, in _initialize_optimized_tools\n    await self.optimized_manager.initialize()\n          ^^^^^^^^^^^^^^^^^^^^^^\nAttributeError: 'EnhancedTrainingManager' object has no attribute 'optimized_manager'. Did you mean: 'get_optimized_manager'?", "timestamp": "2025-08-19T17:35:45.058362+00:00"}
{"asctime": "2025-08-19 19:35:45,064", "levelname": "INFO", "name": "AresTradingSystem.System.EnhancedTrainingManager", "message": "🚀 Starting fresh training...", "correlation_id": "-", "session_id": "-", "timestamp": "2025-08-19T17:35:45.064971+00:00"}
{"asctime": "2025-08-19 19:35:45,065", "levelname": "INFO", "name": "AresTradingSystem.System.EnhancedTrainingManager", "message": "🧹 Force rerun enabled - clearing artifacts from step2_feature_engineering and subsequent steps", "correlation_id": "-", "session_id": "-", "timestamp": "2025-08-19T17:35:45.065072+00:00"}
{"asctime": "2025-08-19 19:35:45,065", "levelname": "INFO", "name": "AresTradingSystem.System.EnhancedTrainingManager", "message": "🧹 Clearing artifacts from step2_feature_engineering onward", "correlation_id": "-", "session_id": "-", "timestamp": "2025-08-19T17:35:45.065134+00:00"}
{"asctime": "2025-08-19 19:35:45,193", "levelname": "INFO", "name": "AresTradingSystem.System.EnhancedTrainingManager", "message": "✅ Cleared artifacts for 17 steps: ['step2_feature_engineering', 'step2_5_enhanced_matrix_operations', 'step3_hmm_regime_discovery', 'step4_processing_labeling', 'step5_regime_data_splitting', 'step5_5_enhanced_model_training_operations', 'step6_hmm_based_training', 'step6_5_unified_regime_intelligence', 'step7_analyst_enhancement', 'step8_tactician_labeling', 'step9_tactician_specialist_training', 'step10_confidence_calibration', 'step11_final_parameters_optimization', 'step12_walk_forward_validation', 'step13_monte_carlo_validation', 'step14_ab_testing', 'step15_saving']", "correlation_id": "-", "session_id": "-", "timestamp": "2025-08-19T17:35:45.193491+00:00"}
{"asctime": "2025-08-19 19:35:45,193", "levelname": "INFO", "name": "AresTradingSystem.System.EnhancedTrainingManager", "message": "✅ Cleared artifacts and checkpoints from step2_feature_engineering onward", "correlation_id": "-", "session_id": "-", "timestamp": "2025-08-19T17:35:45.193959+00:00"}
{"asctime": "2025-08-19 19:35:45,194", "levelname": "INFO", "name": "AresTradingSystem.System.EnhancedTrainingManager", "message": "====================================================================================================", "correlation_id": "-", "session_id": "-", "timestamp": "2025-08-19T17:35:45.194138+00:00"}
{"asctime": "2025-08-19 19:35:45,194", "levelname": "INFO", "name": "AresTradingSystem.System.EnhancedTrainingManager", "message": "🚀 COMPREHENSIVE 15-STEP TRAINING PIPELINE START", "correlation_id": "-", "session_id": "-", "timestamp": "2025-08-19T17:35:45.194221+00:00"}
{"asctime": "2025-08-19 19:35:45,194", "levelname": "INFO", "name": "AresTradingSystem.System.EnhancedTrainingManager", "message": "====================================================================================================", "correlation_id": "-", "session_id": "-", "timestamp": "2025-08-19T17:35:45.194292+00:00"}
{"asctime": "2025-08-19 19:35:45,194", "levelname": "INFO", "name": "AresTradingSystem.System.EnhancedTrainingManager", "message": "📅 Started at: 2025-08-19 19:35:45", "correlation_id": "-", "session_id": "-", "timestamp": "2025-08-19T17:35:45.194369+00:00"}
{"asctime": "2025-08-19 19:35:45,194", "levelname": "INFO", "name": "AresTradingSystem.System.EnhancedTrainingManager", "message": "🎯 Symbol: ETHUSDT", "correlation_id": "-", "session_id": "-", "timestamp": "2025-08-19T17:35:45.194481+00:00"}
{"asctime": "2025-08-19 19:35:45,194", "levelname": "INFO", "name": "AresTradingSystem.System.EnhancedTrainingManager", "message": "🏢 Exchange: BINANCE", "correlation_id": "-", "session_id": "-", "timestamp": "2025-08-19T17:35:45.194614+00:00"}
{"asctime": "2025-08-19 19:35:45,194", "levelname": "INFO", "name": "AresTradingSystem.System.EnhancedTrainingManager", "message": "📊 Timeframe: 1m", "correlation_id": "-", "session_id": "-", "timestamp": "2025-08-19T17:35:45.194676+00:00"}
{"asctime": "2025-08-19 19:35:45,194", "levelname": "INFO", "name": "AresTradingSystem.System.EnhancedTrainingManager", "message": "🧠 Training Mode: Blank", "correlation_id": "-", "session_id": "-", "timestamp": "2025-08-19T17:35:45.194788+00:00"}
{"asctime": "2025-08-19 19:35:45,194", "levelname": "INFO", "name": "AresTradingSystem.System.EnhancedTrainingManager", "message": "🔧 Max Trials: 200", "correlation_id": "-", "session_id": "-", "timestamp": "2025-08-19T17:35:45.194902+00:00"}
{"asctime": "2025-08-19 19:35:45,195", "levelname": "INFO", "name": "AresTradingSystem.System.EnhancedTrainingManager", "message": "📈 Lookback Days: 180", "correlation_id": "-", "session_id": "-", "timestamp": "2025-08-19T17:35:45.195009+00:00"}
{"asctime": "2025-08-19 19:35:45,195", "levelname": "INFO", "name": "AresTradingSystem.System.EnhancedTrainingManager", "message": "💾 Memory Optimization: Enabled", "correlation_id": "-", "session_id": "-", "timestamp": "2025-08-19T17:35:45.195073+00:00"}
{"asctime": "2025-08-19 19:35:45,195", "levelname": "INFO", "name": "AresTradingSystem.System.EnhancedTrainingManager", "message": "🚀 Starting from step: step2_feature_engineering", "correlation_id": "-", "session_id": "-", "timestamp": "2025-08-19T17:35:45.195151+00:00"}
{"asctime": "2025-08-19 19:35:45,195", "levelname": "INFO", "name": "AresTradingSystem.System.EnhancedTrainingManager", "message": "====================================================================================================", "correlation_id": "-", "session_id": "-", "timestamp": "2025-08-19T17:35:45.195223+00:00"}
{"asctime": "2025-08-19 19:35:45,195", "levelname": "INFO", "name": "AresTradingSystem.System.EnhancedTrainingManager", "message": "⏭️  Skipping Step 1: Data Collection (using pre-consolidated data)", "correlation_id": "-", "session_id": "-", "timestamp": "2025-08-19T17:35:45.195279+00:00"}
{"asctime": "2025-08-19 19:35:45,195", "levelname": "INFO", "name": "AresTradingSystem.System.EnhancedTrainingManager", "message": "💓 Step 2: Feature Engineering", "correlation_id": "-", "session_id": "-", "timestamp": "2025-08-19T17:35:45.195344+00:00"}
{"asctime": "2025-08-19 19:35:45,195", "levelname": "INFO", "name": "AresTradingSystem.System.EnhancedTrainingManager", "message": "🔍 Validating dependencies for step2_feature_engineering", "correlation_id": "-", "session_id": "-", "timestamp": "2025-08-19T17:35:45.195415+00:00"}
{"asctime": "2025-08-19 19:35:45,195", "levelname": "INFO", "name": "AresTradingSystem.System.EnhancedTrainingManager", "message": "✅ Force rerun enabled for step2_feature_engineering, skipping dependency validation", "correlation_id": "-", "session_id": "-", "timestamp": "2025-08-19T17:35:45.195469+00:00"}
{"asctime": "2025-08-19 19:35:45,540", "levelname": "INFO", "name": "AresTradingSystem.System.VectorizedAdvancedFeatureEngineering", "message": "✅ Subsampling disabled for blank/short-blank horizon (<=180d)", "correlation_id": "a42279446c884c8093c71e74fcfe0298", "session_id": "-", "timestamp": "2025-08-19T17:35:45.540464+00:00"}
{"asctime": "2025-08-19 19:35:45,540", "levelname": "INFO", "name": "AresTradingSystem.System.VectorizedAdvancedFeatureEngineering", "message": "✅ Configured joblib memory cache: data/joblib_cache", "correlation_id": "a42279446c884c8093c71e74fcfe0298", "session_id": "-", "timestamp": "2025-08-19T17:35:45.540650+00:00"}
{"asctime": "2025-08-19 19:35:45,540", "levelname": "INFO", "name": "AresTradingSystem.System.VectorizedAdvancedFeatureEngineering", "message": "🚀 Initializing vectorized advanced feature engineering...", "correlation_id": "a42279446c884c8093c71e74fcfe0298", "session_id": "-", "timestamp": "2025-08-19T17:35:45.540757+00:00"}
{"asctime": "2025-08-19 19:35:45,540", "levelname": "INFO", "name": "AresTradingSystem.System.WaveletFeatureCache", "message": "✅ Cache directory initialized: data/wavelet_cache", "correlation_id": "a42279446c884c8093c71e74fcfe0298", "session_id": "-", "timestamp": "2025-08-19T17:35:45.540938+00:00"}
{"asctime": "2025-08-19 19:35:45,541", "levelname": "INFO", "name": "AresTradingSystem.System.VectorizedVolatilityRegimeModel", "message": "🚀 Initializing VectorizedVolatilityRegimeModel...", "correlation_id": "a42279446c884c8093c71e74fcfe0298", "session_id": "-", "timestamp": "2025-08-19T17:35:45.541017+00:00"}
{"asctime": "2025-08-19 19:35:45,541", "levelname": "INFO", "name": "AresTradingSystem.System.VectorizedVolatilityRegimeModel", "message": "✅ VectorizedVolatilityRegimeModel initialized successfully", "correlation_id": "a42279446c884c8093c71e74fcfe0298", "session_id": "-", "timestamp": "2025-08-19T17:35:45.541078+00:00"}
{"asctime": "2025-08-19 19:35:45,541", "levelname": "INFO", "name": "AresTradingSystem.System.VectorizedCorrelationAnalyzer", "message": "🚀 Initializing VectorizedCorrelationAnalyzer...", "correlation_id": "a42279446c884c8093c71e74fcfe0298", "session_id": "-", "timestamp": "2025-08-19T17:35:45.541142+00:00"}
{"asctime": "2025-08-19 19:35:45,541", "levelname": "INFO", "name": "AresTradingSystem.System.VectorizedCorrelationAnalyzer", "message": "✅ VectorizedCorrelationAnalyzer initialized successfully", "correlation_id": "a42279446c884c8093c71e74fcfe0298", "session_id": "-", "timestamp": "2025-08-19T17:35:45.541201+00:00"}
{"asctime": "2025-08-19 19:35:45,541", "levelname": "INFO", "name": "AresTradingSystem.System.VectorizedMomentumAnalyzer", "message": "🚀 Initializing VectorizedMomentumAnalyzer...", "correlation_id": "a42279446c884c8093c71e74fcfe0298", "session_id": "-", "timestamp": "2025-08-19T17:35:45.541261+00:00"}
{"asctime": "2025-08-19 19:35:45,541", "levelname": "INFO", "name": "AresTradingSystem.System.VectorizedMomentumAnalyzer", "message": "✅ VectorizedMomentumAnalyzer initialized successfully", "correlation_id": "a42279446c884c8093c71e74fcfe0298", "session_id": "-", "timestamp": "2025-08-19T17:35:45.541318+00:00"}
{"asctime": "2025-08-19 19:35:45,541", "levelname": "INFO", "name": "AresTradingSystem.System.VectorizedAdvancedFeatureEngineering", "message": "🔍 Creating VectorizedLiquidityAnalyzer...", "correlation_id": "a42279446c884c8093c71e74fcfe0298", "session_id": "-", "timestamp": "2025-08-19T17:35:45.541372+00:00"}
{"asctime": "2025-08-19 19:35:45,541", "levelname": "INFO", "name": "AresTradingSystem.System.VectorizedAdvancedFeatureEngineering", "message": "🔍 VectorizedLiquidityAnalyzer created, initializing...", "correlation_id": "a42279446c884c8093c71e74fcfe0298", "session_id": "-", "timestamp": "2025-08-19T17:35:45.541431+00:00"}
{"asctime": "2025-08-19 19:35:45,541", "levelname": "INFO", "name": "AresTradingSystem.System.VectorizedLiquidityAnalyzer", "message": "🚀 Initializing VectorizedLiquidityAnalyzer...", "correlation_id": "a42279446c884c8093c71e74fcfe0298", "session_id": "-", "timestamp": "2025-08-19T17:35:45.541485+00:00"}
{"asctime": "2025-08-19 19:35:45,541", "levelname": "INFO", "name": "AresTradingSystem.System.VectorizedLiquidityAnalyzer", "message": "✅ VectorizedLiquidityAnalyzer initialized successfully", "correlation_id": "a42279446c884c8093c71e74fcfe0298", "session_id": "-", "timestamp": "2025-08-19T17:35:45.541539+00:00"}
{"asctime": "2025-08-19 19:35:45,541", "levelname": "INFO", "name": "AresTradingSystem.System.VectorizedAdvancedFeatureEngineering", "message": "✅ Liquidity analyzer initialized successfully", "correlation_id": "a42279446c884c8093c71e74fcfe0298", "session_id": "-", "timestamp": "2025-08-19T17:35:45.541597+00:00"}
{"asctime": "2025-08-19 19:35:45,541", "levelname": "INFO", "name": "AresTradingSystem.System.VectorizedAdvancedFeatureEngineering", "message": "🔍 Creating VectorizedCandlestickPatternAnalyzer...", "correlation_id": "a42279446c884c8093c71e74fcfe0298", "session_id": "-", "timestamp": "2025-08-19T17:35:45.541658+00:00"}
{"asctime": "2025-08-19 19:35:45,541", "levelname": "INFO", "name": "AresTradingSystem.System.VectorizedAdvancedFeatureEngineering", "message": "🔍 VectorizedCandlestickPatternAnalyzer created, initializing...", "correlation_id": "a42279446c884c8093c71e74fcfe0298", "session_id": "-", "timestamp": "2025-08-19T17:35:45.541714+00:00"}
{"asctime": "2025-08-19 19:35:45,541", "levelname": "INFO", "name": "AresTradingSystem.System.VectorizedCandlestickPatternAnalyzer", "message": "🚀 Initializing VectorizedCandlestickPatternAnalyzer...", "correlation_id": "a42279446c884c8093c71e74fcfe0298", "session_id": "-", "timestamp": "2025-08-19T17:35:45.541774+00:00"}
{"asctime": "2025-08-19 19:35:45,541", "levelname": "INFO", "name": "AresTradingSystem.System.VectorizedCandlestickPatternAnalyzer", "message": "🔍 Config keys: ['vectorized_advanced_features', 'symbol', 'exchange']", "correlation_id": "a42279446c884c8093c71e74fcfe0298", "session_id": "-", "timestamp": "2025-08-19T17:35:45.541928+00:00"}
{"asctime": "2025-08-19 19:35:45,541", "levelname": "INFO", "name": "AresTradingSystem.System.VectorizedCandlestickPatternAnalyzer", "message": "✅ VectorizedCandlestickPatternAnalyzer initialized successfully", "correlation_id": "a42279446c884c8093c71e74fcfe0298", "session_id": "-", "timestamp": "2025-08-19T17:35:45.541988+00:00"}
{"asctime": "2025-08-19 19:35:45,542", "levelname": "INFO", "name": "AresTradingSystem.System.VectorizedAdvancedFeatureEngineering", "message": "✅ Candlestick analyzer initialized successfully", "correlation_id": "a42279446c884c8093c71e74fcfe0298", "session_id": "-", "timestamp": "2025-08-19T17:35:45.542045+00:00"}
{"asctime": "2025-08-19 19:35:45,542", "levelname": "INFO", "name": "AresTradingSystem.System.VectorizedAdvancedFeatureEngineering", "message": "🔍 Creating VectorizedSRDistanceCalculator...", "correlation_id": "a42279446c884c8093c71e74fcfe0298", "session_id": "-", "timestamp": "2025-08-19T17:35:45.542100+00:00"}
{"asctime": "2025-08-19 19:35:45,542", "levelname": "INFO", "name": "AresTradingSystem.System.VectorizedAdvancedFeatureEngineering", "message": "🔍 VectorizedSRDistanceCalculator created, initializing...", "correlation_id": "a42279446c884c8093c71e74fcfe0298", "session_id": "-", "timestamp": "2025-08-19T17:35:45.542158+00:00"}
{"asctime": "2025-08-19 19:35:45,542", "levelname": "INFO", "name": "AresTradingSystem.System.VectorizedSRDistanceCalculator", "message": "🚀 Initializing VectorizedSRDistanceCalculator...", "correlation_id": "a42279446c884c8093c71e74fcfe0298", "session_id": "-", "timestamp": "2025-08-19T17:35:45.542212+00:00"}
{"asctime": "2025-08-19 19:35:45,542", "levelname": "INFO", "name": "AresTradingSystem.System.VectorizedSRDistanceCalculator", "message": "✅ VectorizedSRDistanceCalculator initialized successfully", "correlation_id": "a42279446c884c8093c71e74fcfe0298", "session_id": "-", "timestamp": "2025-08-19T17:35:45.542265+00:00"}
{"asctime": "2025-08-19 19:35:45,542", "levelname": "INFO", "name": "AresTradingSystem.System.VectorizedAdvancedFeatureEngineering", "message": "✅ S/R distance calculator initialized successfully", "correlation_id": "a42279446c884c8093c71e74fcfe0298", "session_id": "-", "timestamp": "2025-08-19T17:35:45.542320+00:00"}
{"asctime": "2025-08-19 19:35:45,542", "levelname": "INFO", "name": "AresTradingSystem.System.VectorizedAdvancedFeatureEngineering", "message": "🔍 Creating VectorizedWaveletTransformAnalyzer...", "correlation_id": "a42279446c884c8093c71e74fcfe0298", "session_id": "-", "timestamp": "2025-08-19T17:35:45.542373+00:00"}
{"asctime": "2025-08-19 19:35:45,542", "levelname": "INFO", "name": "AresTradingSystem.System.VectorizedAdvancedFeatureEngineering", "message": "🔍 VectorizedWaveletTransformAnalyzer created, initializing...", "correlation_id": "a42279446c884c8093c71e74fcfe0298", "session_id": "-", "timestamp": "2025-08-19T17:35:45.542431+00:00"}
{"asctime": "2025-08-19 19:35:45,542", "levelname": "INFO", "name": "AresTradingSystem.System.VectorizedWaveletTransformAnalyzer", "message": "🚀 Initializing VectorizedWaveletTransformAnalyzer...", "correlation_id": "a42279446c884c8093c71e74fcfe0298", "session_id": "-", "timestamp": "2025-08-19T17:35:45.542500+00:00"}
{"asctime": "2025-08-19 19:35:45,542", "levelname": "INFO", "name": "AresTradingSystem.System.VectorizedWaveletTransformAnalyzer", "message": "✅ VectorizedWaveletTransformAnalyzer initialized successfully", "correlation_id": "a42279446c884c8093c71e74fcfe0298", "session_id": "-", "timestamp": "2025-08-19T17:35:45.542554+00:00"}
{"asctime": "2025-08-19 19:35:45,542", "levelname": "INFO", "name": "AresTradingSystem.System.VectorizedAdvancedFeatureEngineering", "message": "✅ Wavelet analyzer initialized successfully", "correlation_id": "a42279446c884c8093c71e74fcfe0298", "session_id": "-", "timestamp": "2025-08-19T17:35:45.542611+00:00"}
{"asctime": "2025-08-19 19:35:45,542", "levelname": "INFO", "name": "AresTradingSystem.System.VectorizedAdvancedFeatureEngineering", "message": "ℹ️ Meta-labeling system removed - using only HMM market regimes for labeling", "correlation_id": "a42279446c884c8093c71e74fcfe0298", "session_id": "-", "timestamp": "2025-08-19T17:35:45.542664+00:00"}
{"asctime": "2025-08-19 19:35:45,542", "levelname": "INFO", "name": "AresTradingSystem.System.VectorizedAdvancedFeatureEngineering", "message": "✅ Vectorized advanced feature engineering initialized successfully", "correlation_id": "a42279446c884c8093c71e74fcfe0298", "session_id": "-", "timestamp": "2025-08-19T17:35:45.542720+00:00"}
{"asctime": "2025-08-19 19:35:45,552", "levelname": "INFO", "name": "AresTradingSystem.System.VectorizedAdvancedFeatureEngineering", "message": "🔍 Data quality validation will be performed automatically by decorators", "correlation_id": "a42279446c884c8093c71e74fcfe0298", "session_id": "-", "timestamp": "2025-08-19T17:35:45.552874+00:00"}
{"asctime": "2025-08-19 19:35:45,552", "levelname": "INFO", "name": "AresTradingSystem.System.VectorizedAdvancedFeatureEngineering", "message": "🔍 Input price_data shape: (169864, 5)", "correlation_id": "a42279446c884c8093c71e74fcfe0298", "session_id": "-", "timestamp": "2025-08-19T17:35:45.552970+00:00"}
{"asctime": "2025-08-19 19:35:45,553", "levelname": "INFO", "name": "AresTradingSystem.System.VectorizedAdvancedFeatureEngineering", "message": "🔍 Input price_data columns: ['open', 'high', 'low', 'close', 'volume']", "correlation_id": "a42279446c884c8093c71e74fcfe0298", "session_id": "-", "timestamp": "2025-08-19T17:35:45.553043+00:00"}
{"asctime": "2025-08-19 19:35:45,553", "levelname": "INFO", "name": "AresTradingSystem.System.VectorizedAdvancedFeatureEngineering", "message": "🔍 Input volume_data shape: (169864, 1)", "correlation_id": "a42279446c884c8093c71e74fcfe0298", "session_id": "-", "timestamp": "2025-08-19T17:35:45.553102+00:00"}
{"asctime": "2025-08-19 19:35:45,553", "levelname": "INFO", "name": "AresTradingSystem.System.VectorizedAdvancedFeatureEngineering", "message": "🔍 Input volume_data columns: ['volume']", "correlation_id": "a42279446c884c8093c71e74fcfe0298", "session_id": "-", "timestamp": "2025-08-19T17:35:45.553241+00:00"}
{"asctime": "2025-08-19 19:35:45,559", "levelname": "INFO", "name": "AresTradingSystem.System.VectorizedAdvancedFeatureEngineering", "message": "🔍 Price data range: 54.727000 to 325265.823000", "correlation_id": "a42279446c884c8093c71e74fcfe0298", "session_id": "-", "timestamp": "2025-08-19T17:35:45.559293+00:00"}
{"asctime": "2025-08-19 19:35:45,561", "levelname": "INFO", "name": "AresTradingSystem.System.VectorizedAdvancedFeatureEngineering", "message": "🔍 Price data NaN count: 0", "correlation_id": "a42279446c884c8093c71e74fcfe0298", "session_id": "-", "timestamp": "2025-08-19T17:35:45.561746+00:00"}
{"asctime": "2025-08-19 19:35:45,565", "levelname": "INFO", "name": "AresTradingSystem.System.VectorizedAdvancedFeatureEngineering", "message": "🔍 Volume data range: 54.727000 to 325265.823000", "correlation_id": "a42279446c884c8093c71e74fcfe0298", "session_id": "-", "timestamp": "2025-08-19T17:35:45.565228+00:00"}
{"asctime": "2025-08-19 19:35:45,566", "levelname": "INFO", "name": "AresTradingSystem.System.VectorizedAdvancedFeatureEngineering", "message": "🔍 Volume data NaN count: 0", "correlation_id": "a42279446c884c8093c71e74fcfe0298", "session_id": "-", "timestamp": "2025-08-19T17:35:45.566495+00:00"}
{"asctime": "2025-08-19 19:35:45,566", "levelname": "INFO", "name": "AresTradingSystem.System.VectorizedAdvancedFeatureEngineering", "message": "🔍 No order flow data provided", "correlation_id": "a42279446c884c8093c71e74fcfe0298", "session_id": "-", "timestamp": "2025-08-19T17:35:45.566683+00:00"}
{"asctime": "2025-08-19 19:35:45,566", "levelname": "INFO", "name": "AresTradingSystem.System.VectorizedAdvancedFeatureEngineering", "message": "🔧 Preprocessing price data for irregular intervals...", "correlation_id": "a42279446c884c8093c71e74fcfe0298", "session_id": "-", "timestamp": "2025-08-19T17:35:45.566783+00:00"}
{"asctime": "2025-08-19 19:35:55,497", "levelname": "INFO", "name": "AresTradingSystem.System.VectorizedAdvancedFeatureEngineering", "message": "✅ Price data preprocessing completed:", "correlation_id": "a42279446c884c8093c71e74fcfe0298", "session_id": "-", "timestamp": "2025-08-19T17:35:55.497962+00:00"}
{"asctime": "2025-08-19 19:35:55,498", "levelname": "INFO", "name": "AresTradingSystem.System.VectorizedAdvancedFeatureEngineering", "message": "   Method: enhanced", "correlation_id": "a42279446c884c8093c71e74fcfe0298", "session_id": "-", "timestamp": "2025-08-19T17:35:55.498057+00:00"}
{"asctime": "2025-08-19 19:35:55,498", "levelname": "INFO", "name": "AresTradingSystem.System.VectorizedAdvancedFeatureEngineering", "message": "   Original shape: (169864, 5)", "correlation_id": "a42279446c884c8093c71e74fcfe0298", "session_id": "-", "timestamp": "2025-08-19T17:35:55.498123+00:00"}
{"asctime": "2025-08-19 19:35:55,498", "levelname": "INFO", "name": "AresTradingSystem.System.VectorizedAdvancedFeatureEngineering", "message": "   Preprocessed shape: (172437, 5)", "correlation_id": "a42279446c884c8093c71e74fcfe0298", "session_id": "-", "timestamp": "2025-08-19T17:35:55.498184+00:00"}
{"asctime": "2025-08-19 19:35:55,498", "levelname": "INFO", "name": "AresTradingSystem.System.VectorizedAdvancedFeatureEngineering", "message": "   Quality improvement: 0.000", "correlation_id": "a42279446c884c8093c71e74fcfe0298", "session_id": "-", "timestamp": "2025-08-19T17:35:55.498240+00:00"}
{"asctime": "2025-08-19 19:35:55,498", "levelname": "INFO", "name": "AresTradingSystem.System.VectorizedAdvancedFeatureEngineering", "message": "🔧 Enhanced preprocessing for volume data...", "correlation_id": "a42279446c884c8093c71e74fcfe0298", "session_id": "-", "timestamp": "2025-08-19T17:35:55.498296+00:00"}
{"asctime": "2025-08-19 19:36:05,730", "levelname": "INFO", "name": "AresTradingSystem.System.VectorizedAdvancedFeatureEngineering", "message": "✅ Volume data enhanced preprocessing completed", "correlation_id": "a42279446c884c8093c71e74fcfe0298", "session_id": "-", "timestamp": "2025-08-19T17:36:05.730106+00:00"}
{"asctime": "2025-08-19 19:36:05,730", "levelname": "INFO", "name": "AresTradingSystem.System.VectorizedAdvancedFeatureEngineering", "message": "🔍 Input price_data columns: ['open', 'high', 'low', 'close', 'volume']", "correlation_id": "a42279446c884c8093c71e74fcfe0298", "session_id": "-", "timestamp": "2025-08-19T17:36:05.730185+00:00"}
{"asctime": "2025-08-19 19:36:05,730", "levelname": "INFO", "name": "AresTradingSystem.System.VectorizedAdvancedFeatureEngineering", "message": "🔍 Input price_data shape: (172437, 5)", "correlation_id": "a42279446c884c8093c71e74fcfe0298", "session_id": "-", "timestamp": "2025-08-19T17:36:05.730249+00:00"}
{"asctime": "2025-08-19 19:36:05,730", "levelname": "INFO", "name": "AresTradingSystem.System.VectorizedAdvancedFeatureEngineering", "message": "🔍 Input volume_data columns: ['volume']", "correlation_id": "a42279446c884c8093c71e74fcfe0298", "session_id": "-", "timestamp": "2025-08-19T17:36:05.730309+00:00"}
{"asctime": "2025-08-19 19:36:05,730", "levelname": "INFO", "name": "AresTradingSystem.System.VectorizedAdvancedFeatureEngineering", "message": "🔍 Input volume_data shape: (172437, 1)", "correlation_id": "a42279446c884c8093c71e74fcfe0298", "session_id": "-", "timestamp": "2025-08-19T17:36:05.730387+00:00"}
{"asctime": "2025-08-19 19:36:05,733", "levelname": "INFO", "name": "AresTradingSystem.System.VectorizedAdvancedFeatureEngineering", "message": "🔍 Output price_data columns: ['open', 'high', 'low', 'close', 'volume']", "correlation_id": "a42279446c884c8093c71e74fcfe0298", "session_id": "-", "timestamp": "2025-08-19T17:36:05.733966+00:00"}
{"asctime": "2025-08-19 19:36:05,734", "levelname": "INFO", "name": "AresTradingSystem.System.VectorizedAdvancedFeatureEngineering", "message": "🔍 Output price_data shape: (172437, 5)", "correlation_id": "a42279446c884c8093c71e74fcfe0298", "session_id": "-", "timestamp": "2025-08-19T17:36:05.734123+00:00"}
{"asctime": "2025-08-19 19:36:05,734", "levelname": "INFO", "name": "AresTradingSystem.System.VectorizedAdvancedFeatureEngineering", "message": "🔍 Output volume_data columns: ['volume']", "correlation_id": "a42279446c884c8093c71e74fcfe0298", "session_id": "-", "timestamp": "2025-08-19T17:36:05.734185+00:00"}
{"asctime": "2025-08-19 19:36:05,734", "levelname": "INFO", "name": "AresTradingSystem.System.VectorizedAdvancedFeatureEngineering", "message": "🔍 Output volume_data shape: (172437, 1)", "correlation_id": "a42279446c884c8093c71e74fcfe0298", "session_id": "-", "timestamp": "2025-08-19T17:36:05.734238+00:00"}
{"asctime": "2025-08-19 19:36:05,736", "levelname": "INFO", "name": "AresTradingSystem.System.VectorizedAdvancedFeatureEngineering", "message": "🔍 Input data validation before feature generation:", "correlation_id": "a42279446c884c8093c71e74fcfe0298", "session_id": "-", "timestamp": "2025-08-19T17:36:05.736953+00:00"}
{"asctime": "2025-08-19 19:36:05,737", "levelname": "INFO", "name": "AresTradingSystem.System.VectorizedAdvancedFeatureEngineering", "message": "   Price data shape: (172437, 5)", "correlation_id": "a42279446c884c8093c71e74fcfe0298", "session_id": "-", "timestamp": "2025-08-19T17:36:05.737095+00:00"}
{"asctime": "2025-08-19 19:36:05,737", "levelname": "INFO", "name": "AresTradingSystem.System.VectorizedAdvancedFeatureEngineering", "message": "   Volume data shape: (172437, 1)", "correlation_id": "a42279446c884c8093c71e74fcfe0298", "session_id": "-", "timestamp": "2025-08-19T17:36:05.737164+00:00"}
{"asctime": "2025-08-19 19:36:05,737", "levelname": "INFO", "name": "AresTradingSystem.System.VectorizedAdvancedFeatureEngineering", "message": "   Order flow data shape: None", "correlation_id": "a42279446c884c8093c71e74fcfe0298", "session_id": "-", "timestamp": "2025-08-19T17:36:05.737220+00:00"}
{"asctime": "2025-08-19 19:36:05,737", "levelname": "INFO", "name": "AresTradingSystem.System.VectorizedAdvancedFeatureEngineering", "message": "   Price data index: 2025-02-18 21:03:00 to 2025-06-18 14:59:00", "correlation_id": "a42279446c884c8093c71e74fcfe0298", "session_id": "-", "timestamp": "2025-08-19T17:36:05.737507+00:00"}
{"asctime": "2025-08-19 19:36:05,737", "levelname": "INFO", "name": "AresTradingSystem.System.VectorizedAdvancedFeatureEngineering", "message": "   Price data columns: ['open', 'high', 'low', 'close', 'volume']", "correlation_id": "a42279446c884c8093c71e74fcfe0298", "session_id": "-", "timestamp": "2025-08-19T17:36:05.737573+00:00"}
{"asctime": "2025-08-19 19:36:05,737", "levelname": "INFO", "name": "AresTradingSystem.System.VectorizedAdvancedFeatureEngineering", "message": "   Volume data index: 2025-02-18 21:03:00 to 2025-06-18 14:59:00", "correlation_id": "a42279446c884c8093c71e74fcfe0298", "session_id": "-", "timestamp": "2025-08-19T17:36:05.737824+00:00"}
{"asctime": "2025-08-19 19:36:05,737", "levelname": "INFO", "name": "AresTradingSystem.System.VectorizedAdvancedFeatureEngineering", "message": "   Volume data columns: ['volume']", "correlation_id": "a42279446c884c8093c71e74fcfe0298", "session_id": "-", "timestamp": "2025-08-19T17:36:05.737881+00:00"}
{"asctime": "2025-08-19 19:36:05,737", "levelname": "INFO", "name": "AresTradingSystem.System.VectorizedAdvancedFeatureEngineering", "message": "✅ Input data validation passed", "correlation_id": "a42279446c884c8093c71e74fcfe0298", "session_id": "-", "timestamp": "2025-08-19T17:36:05.737957+00:00"}
{"asctime": "2025-08-19 19:36:05,738", "levelname": "INFO", "name": "AresTradingSystem.System.VectorizedAdvancedFeatureEngineering", "message": "🔍 Starting feature generation pipeline...", "correlation_id": "a42279446c884c8093c71e74fcfe0298", "session_id": "-", "timestamp": "2025-08-19T17:36:05.738017+00:00"}
{"asctime": "2025-08-19 19:36:05,738", "levelname": "INFO", "name": "AresTradingSystem.System.VectorizedAdvancedFeatureEngineering", "message": "🔍 Generating microstructure features...", "correlation_id": "a42279446c884c8093c71e74fcfe0298", "session_id": "-", "timestamp": "2025-08-19T17:36:05.738078+00:00"}
{"asctime": "2025-08-19 19:36:05,738", "levelname": "INFO", "name": "AresTradingSystem.System.VectorizedAdvancedFeatureEngineering", "message": "🔍 Starting microstructure feature engineering...", "correlation_id": "a42279446c884c8093c71e74fcfe0298", "session_id": "-", "timestamp": "2025-08-19T17:36:05.738136+00:00"}
{"asctime": "2025-08-19 19:36:05,747", "levelname": "INFO", "name": "AresTradingSystem.System.VectorizedAdvancedFeatureEngineering", "message": "🔍 Added price_impact feature, total features: 1", "correlation_id": "a42279446c884c8093c71e74fcfe0298", "session_id": "-", "timestamp": "2025-08-19T17:36:05.747490+00:00"}
{"asctime": "2025-08-19 19:36:05,753", "levelname": "INFO", "name": "AresTradingSystem.System.VectorizedAdvancedFeatureEngineering", "message": "🔍 Added volume_price_impact feature, total features: 2", "correlation_id": "a42279446c884c8093c71e74fcfe0298", "session_id": "-", "timestamp": "2025-08-19T17:36:05.753247+00:00"}
{"asctime": "2025-08-19 19:36:05,790", "levelname": "INFO", "name": "AresTradingSystem.System.VectorizedAdvancedFeatureEngineering", "message": "🔍 Added 5 volume imbalance variants, total features: 8", "correlation_id": "a42279446c884c8093c71e74fcfe0298", "session_id": "-", "timestamp": "2025-08-19T17:36:05.790304+00:00"}
{"asctime": "2025-08-19 19:36:05,791", "levelname": "INFO", "name": "AresTradingSystem.System.VectorizedAdvancedFeatureEngineering", "message": "📊 Using volatility-based spread proxy (aggtrades data not available)", "correlation_id": "a42279446c884c8093c71e74fcfe0298", "session_id": "-", "timestamp": "2025-08-19T17:36:05.791160+00:00"}
{"asctime": "2025-08-19 19:36:05,817", "levelname": "INFO", "name": "AresTradingSystem.System.VectorizedAdvancedFeatureEngineering", "message": "🔍 Generated 16 microstructure features", "correlation_id": "a42279446c884c8093c71e74fcfe0298", "session_id": "-", "timestamp": "2025-08-19T17:36:05.817223+00:00"}
{"asctime": "2025-08-19 19:36:05,817", "levelname": "INFO", "name": "AresTradingSystem.System.VectorizedAdvancedFeatureEngineering", "message": "🔍 Microstructure feature names: ['price_impact', 'volume_price_impact', 'order_flow_imbalance', 'volume_imbalance_s10_l30', 'volume_imbalance_s20_l60', 'dir_weighted_volume_imbalance_w10', 'dir_weighted_volume_imbalance_w20', 'dir_weighted_volume_imbalance_w50', 'bid_ask_spread_returns', 'bid_ask_spread_level', 'market_depth_change', 'market_depth_returns', 'market_depth_imbalance', 'bb_zscore_20', 'ema20_slope', 'sma50_slope']", "correlation_id": "a42279446c884c8093c71e74fcfe0298", "session_id": "-", "timestamp": "2025-08-19T17:36:05.817492+00:00"}
{"asctime": "2025-08-19 19:36:05,817", "levelname": "INFO", "name": "AresTradingSystem.System.VectorizedAdvancedFeatureEngineering", "message": "🔍 Total features after microstructure: 16", "correlation_id": "a42279446c884c8093c71e74fcfe0298", "session_id": "-", "timestamp": "2025-08-19T17:36:05.817638+00:00"}
{"asctime": "2025-08-19 19:36:05,817", "levelname": "INFO", "name": "AresTradingSystem.System.VectorizedAdvancedFeatureEngineering", "message": "🔍 Generating context dynamics features...", "correlation_id": "a42279446c884c8093c71e74fcfe0298", "session_id": "-", "timestamp": "2025-08-19T17:36:05.817722+00:00"}
{"asctime": "2025-08-19 19:36:05,817", "levelname": "INFO", "name": "AresTradingSystem.System.VectorizedAdvancedFeatureEngineering", "message": "🔍 Available columns in price_data: ['open', 'high', 'low', 'close', 'volume']", "correlation_id": "a42279446c884c8093c71e74fcfe0298", "session_id": "-", "timestamp": "2025-08-19T17:36:05.817800+00:00"}
{"asctime": "2025-08-19 19:36:05,817", "levelname": "INFO", "name": "AresTradingSystem.System.VectorizedAdvancedFeatureEngineering", "message": "🔍 Checking for consolidated data availability...", "correlation_id": "a42279446c884c8093c71e74fcfe0298", "session_id": "-", "timestamp": "2025-08-19T17:36:05.817867+00:00"}
{"asctime": "2025-08-19 19:36:05,817", "levelname": "INFO", "name": "AresTradingSystem.System.VectorizedAdvancedFeatureEngineering", "message": "🔄 Missing consolidations: ['futures']", "correlation_id": "a42279446c884c8093c71e74fcfe0298", "session_id": "-", "timestamp": "2025-08-19T17:36:05.817976+00:00"}
{"asctime": "2025-08-19 19:36:05,818", "levelname": "INFO", "name": "AresTradingSystem.System.VectorizedAdvancedFeatureEngineering", "message": "🔄 Attempting to create missing consolidations using step1_5...", "correlation_id": "a42279446c884c8093c71e74fcfe0298", "session_id": "-", "timestamp": "2025-08-19T17:36:05.818031+00:00"}
{"asctime": "2025-08-19 19:36:05,819", "levelname": "WARNING", "name": "AresTradingSystem.System.VectorizedAdvancedFeatureEngineering", "message": "⚠️ Error creating consolidations with step1_5: unsupported operand type(s) for |: 'method_descriptor' and 'NoneType'", "correlation_id": "a42279446c884c8093c71e74fcfe0298", "session_id": "-", "timestamp": "2025-08-19T17:36:05.819214+00:00"}
{"asctime": "2025-08-19 19:36:05,821", "levelname": "INFO", "name": "AresTradingSystem.System.VectorizedAdvancedFeatureEngineering", "message": "🔄 No consolidated futures found, falling back to individual files...", "correlation_id": "a42279446c884c8093c71e74fcfe0298", "session_id": "-", "timestamp": "2025-08-19T17:36:05.821471+00:00"}
{"asctime": "2025-08-19 19:36:05,821", "levelname": "INFO", "name": "AresTradingSystem.System.VectorizedAdvancedFeatureEngineering", "message": "🔄 Triggering futures consolidation creation for BINANCE_ETHUSDT", "correlation_id": "a42279446c884c8093c71e74fcfe0298", "session_id": "-", "timestamp": "2025-08-19T17:36:05.821559+00:00"}
{"asctime": "2025-08-19 19:36:05,822", "levelname": "WARNING", "name": "AresTradingSystem.System.VectorizedAdvancedFeatureEngineering", "message": "⚠️ Error triggering futures consolidation: unsupported operand type(s) for |: 'method_descriptor' and 'NoneType'", "correlation_id": "a42279446c884c8093c71e74fcfe0298", "session_id": "-", "timestamp": "2025-08-19T17:36:05.822222+00:00"}
{"asctime": "2025-08-19 19:36:05,824", "levelname": "INFO", "name": "AresTradingSystem.System.VectorizedAdvancedFeatureEngineering", "message": "🔍 Loading funding rate data from: data_cache/futures_BINANCE_ETHUSDT_2025-08.parquet", "correlation_id": "a42279446c884c8093c71e74fcfe0298", "session_id": "-", "timestamp": "2025-08-19T17:36:05.824620+00:00"}
{"asctime": "2025-08-19 19:36:05,827", "levelname": "INFO", "name": "AresTradingSystem.System.VectorizedAdvancedFeatureEngineering", "message": "✅ Successfully loaded funding rate data from futures file", "correlation_id": "a42279446c884c8093c71e74fcfe0298", "session_id": "-", "timestamp": "2025-08-19T17:36:05.827799+00:00"}
{"asctime": "2025-08-19 19:36:05,835", "levelname": "INFO", "name": "AresTradingSystem.System.VectorizedAdvancedFeatureEngineering", "message": "🔍 Generated 3 funding_rate context features from external data", "correlation_id": "a42279446c884c8093c71e74fcfe0298", "session_id": "-", "timestamp": "2025-08-19T17:36:05.835060+00:00"}
{"asctime": "2025-08-19 19:36:05,842", "levelname": "INFO", "name": "AresTradingSystem.System.VectorizedAdvancedFeatureEngineering", "message": "🔍 Generated 2 volume_ratio context features from volume data", "correlation_id": "a42279446c884c8093c71e74fcfe0298", "session_id": "-", "timestamp": "2025-08-19T17:36:05.842824+00:00"}
{"asctime": "2025-08-19 19:36:05,845", "levelname": "INFO", "name": "AresTradingSystem.System.VectorizedAdvancedFeatureEngineering", "message": "🔍 Loading consolidated aggtrades data from: data_cache/aggtrades_BINANCE_ETHUSDT_consolidated.parquet", "correlation_id": "a42279446c884c8093c71e74fcfe0298", "session_id": "-", "timestamp": "2025-08-19T17:36:05.845885+00:00"}
{"asctime": "2025-08-19 19:36:05,877", "levelname": "WARNING", "name": "AresTradingSystem.System.VectorizedAdvancedFeatureEngineering", "message": "⚠️ No consolidated aggtrades data in required date range", "correlation_id": "a42279446c884c8093c71e74fcfe0298", "session_id": "-", "timestamp": "2025-08-19T17:36:05.877080+00:00"}
{"asctime": "2025-08-19 19:36:05,877", "levelname": "INFO", "name": "AresTradingSystem.System.VectorizedAdvancedFeatureEngineering", "message": "🔄 No consolidated aggtrades found, falling back to individual files...", "correlation_id": "a42279446c884c8093c71e74fcfe0298", "session_id": "-", "timestamp": "2025-08-19T17:36:05.877464+00:00"}
{"asctime": "2025-08-19 19:36:05,877", "levelname": "INFO", "name": "AresTradingSystem.System.VectorizedAdvancedFeatureEngineering", "message": "🔄 Triggering aggtrades consolidation creation for BINANCE_ETHUSDT", "correlation_id": "a42279446c884c8093c71e74fcfe0298", "session_id": "-", "timestamp": "2025-08-19T17:36:05.877588+00:00"}
{"asctime": "2025-08-19 19:36:05,878", "levelname": "WARNING", "name": "AresTradingSystem.System.VectorizedAdvancedFeatureEngineering", "message": "⚠️ Error triggering aggtrades consolidation: unsupported operand type(s) for |: 'method_descriptor' and 'NoneType'", "correlation_id": "a42279446c884c8093c71e74fcfe0298", "session_id": "-", "timestamp": "2025-08-19T17:36:05.878500+00:00"}
{"asctime": "2025-08-19 19:36:05,884", "levelname": "INFO", "name": "AresTradingSystem.System.VectorizedAdvancedFeatureEngineering", "message": "🔍 Consolidating aggtrades data from 1250 files", "correlation_id": "a42279446c884c8093c71e74fcfe0298", "session_id": "-", "timestamp": "2025-08-19T17:36:05.884251+00:00"}
{"asctime": "2025-08-19 19:36:05,884", "levelname": "INFO", "name": "AresTradingSystem.System.VectorizedAdvancedFeatureEngineering", "message": "🔍 Date range needed: 2025-02-18 21:03:00 to 2025-06-18 14:59:00", "correlation_id": "a42279446c884c8093c71e74fcfe0298", "session_id": "-", "timestamp": "2025-08-19T17:36:05.884419+00:00"}
{"asctime": "2025-08-19 19:36:39,261", "levelname": "ERROR", "name": "AresTradingSystem.System.VectorizedAdvancedFeatureEngineering", "message": "🚨 Error converting string timestamps: single positional indexer is out-of-bounds", "correlation_id": "a42279446c884c8093c71e74fcfe0298", "session_id": "-", "timestamp": "2025-08-19T17:36:39.261813+00:00"}
{"asctime": "2025-08-19 19:36:39,265", "levelname": "ERROR", "name": "AresTradingSystem.System.VectorizedAdvancedFeatureEngineering", "message": "🚨 Error converting string timestamps: single positional indexer is out-of-bounds", "correlation_id": "a42279446c884c8093c71e74fcfe0298", "session_id": "-", "timestamp": "2025-08-19T17:36:39.265819+00:00"}
{"asctime": "2025-08-19 19:36:42,568", "levelname": "ERROR", "name": "AresTradingSystem.System.VectorizedAdvancedFeatureEngineering", "message": "🚨 Error converting string timestamps: single positional indexer is out-of-bounds", "correlation_id": "a42279446c884c8093c71e74fcfe0298", "session_id": "-", "timestamp": "2025-08-19T17:36:42.568436+00:00"}
{"asctime": "2025-08-19 19:36:42,571", "levelname": "ERROR", "name": "AresTradingSystem.System.VectorizedAdvancedFeatureEngineering", "message": "🚨 Error converting string timestamps: single positional indexer is out-of-bounds", "correlation_id": "a42279446c884c8093c71e74fcfe0298", "session_id": "-", "timestamp": "2025-08-19T17:36:42.571969+00:00"}
{"asctime": "2025-08-19 19:36:42,575", "levelname": "ERROR", "name": "AresTradingSystem.System.VectorizedAdvancedFeatureEngineering", "message": "🚨 Error converting string timestamps: single positional indexer is out-of-bounds", "correlation_id": "a42279446c884c8093c71e74fcfe0298", "session_id": "-", "timestamp": "2025-08-19T17:36:42.575703+00:00"}
{"asctime": "2025-08-19 19:36:42,578", "levelname": "ERROR", "name": "AresTradingSystem.System.VectorizedAdvancedFeatureEngineering", "message": "🚨 Error converting string timestamps: single positional indexer is out-of-bounds", "correlation_id": "a42279446c884c8093c71e74fcfe0298", "session_id": "-", "timestamp": "2025-08-19T17:36:42.578785+00:00"}
{"asctime": "2025-08-19 19:36:42,581", "levelname": "ERROR", "name": "AresTradingSystem.System.VectorizedAdvancedFeatureEngineering", "message": "🚨 Error converting string timestamps: single positional indexer is out-of-bounds", "correlation_id": "a42279446c884c8093c71e74fcfe0298", "session_id": "-", "timestamp": "2025-08-19T17:36:42.581274+00:00"}
{"asctime": "2025-08-19 19:36:42,583", "levelname": "ERROR", "name": "AresTradingSystem.System.VectorizedAdvancedFeatureEngineering", "message": "🚨 Error converting string timestamps: single positional indexer is out-of-bounds", "correlation_id": "a42279446c884c8093c71e74fcfe0298", "session_id": "-", "timestamp": "2025-08-19T17:36:42.583958+00:00"}
{"asctime": "2025-08-19 19:36:42,586", "levelname": "ERROR", "name": "AresTradingSystem.System.VectorizedAdvancedFeatureEngineering", "message": "🚨 Error converting string timestamps: single positional indexer is out-of-bounds", "correlation_id": "a42279446c884c8093c71e74fcfe0298", "session_id": "-", "timestamp": "2025-08-19T17:36:42.586439+00:00"}
{"asctime": "2025-08-19 19:36:42,588", "levelname": "ERROR", "name": "AresTradingSystem.System.VectorizedAdvancedFeatureEngineering", "message": "🚨 Error converting string timestamps: single positional indexer is out-of-bounds", "correlation_id": "a42279446c884c8093c71e74fcfe0298", "session_id": "-", "timestamp": "2025-08-19T17:36:42.588776+00:00"}
{"asctime": "2025-08-19 19:36:42,592", "levelname": "ERROR", "name": "AresTradingSystem.System.VectorizedAdvancedFeatureEngineering", "message": "🚨 Error converting string timestamps: single positional indexer is out-of-bounds", "correlation_id": "a42279446c884c8093c71e74fcfe0298", "session_id": "-", "timestamp": "2025-08-19T17:36:42.592294+00:00"}
{"asctime": "2025-08-19 19:36:42,596", "levelname": "ERROR", "name": "AresTradingSystem.System.VectorizedAdvancedFeatureEngineering", "message": "🚨 Error converting string timestamps: single positional indexer is out-of-bounds", "correlation_id": "a42279446c884c8093c71e74fcfe0298", "session_id": "-", "timestamp": "2025-08-19T17:36:42.596352+00:00"}
{"asctime": "2025-08-19 19:36:42,599", "levelname": "ERROR", "name": "AresTradingSystem.System.VectorizedAdvancedFeatureEngineering", "message": "🚨 Error converting string timestamps: single positional indexer is out-of-bounds", "correlation_id": "a42279446c884c8093c71e74fcfe0298", "session_id": "-", "timestamp": "2025-08-19T17:36:42.599407+00:00"}
{"asctime": "2025-08-19 19:36:42,602", "levelname": "ERROR", "name": "AresTradingSystem.System.VectorizedAdvancedFeatureEngineering", "message": "🚨 Error converting string timestamps: single positional indexer is out-of-bounds", "correlation_id": "a42279446c884c8093c71e74fcfe0298", "session_id": "-", "timestamp": "2025-08-19T17:36:42.602116+00:00"}
{"asctime": "2025-08-19 19:36:42,604", "levelname": "ERROR", "name": "AresTradingSystem.System.VectorizedAdvancedFeatureEngineering", "message": "🚨 Error converting string timestamps: single positional indexer is out-of-bounds", "correlation_id": "a42279446c884c8093c71e74fcfe0298", "session_id": "-", "timestamp": "2025-08-19T17:36:42.604612+00:00"}
{"asctime": "2025-08-19 19:36:42,607", "levelname": "ERROR", "name": "AresTradingSystem.System.VectorizedAdvancedFeatureEngineering", "message": "🚨 Error converting string timestamps: single positional indexer is out-of-bounds", "correlation_id": "a42279446c884c8093c71e74fcfe0298", "session_id": "-", "timestamp": "2025-08-19T17:36:42.607552+00:00"}
{"asctime": "2025-08-19 19:36:42,612", "levelname": "ERROR", "name": "AresTradingSystem.System.VectorizedAdvancedFeatureEngineering", "message": "🚨 Error converting string timestamps: single positional indexer is out-of-bounds", "correlation_id": "a42279446c884c8093c71e74fcfe0298", "session_id": "-", "timestamp": "2025-08-19T17:36:42.612780+00:00"}
{"asctime": "2025-08-19 19:36:42,615", "levelname": "ERROR", "name": "AresTradingSystem.System.VectorizedAdvancedFeatureEngineering", "message": "🚨 Error converting string timestamps: single positional indexer is out-of-bounds", "correlation_id": "a42279446c884c8093c71e74fcfe0298", "session_id": "-", "timestamp": "2025-08-19T17:36:42.615840+00:00"}
{"asctime": "2025-08-19 19:36:42,618", "levelname": "ERROR", "name": "AresTradingSystem.System.VectorizedAdvancedFeatureEngineering", "message": "🚨 Error converting string timestamps: single positional indexer is out-of-bounds", "correlation_id": "a42279446c884c8093c71e74fcfe0298", "session_id": "-", "timestamp": "2025-08-19T17:36:42.618499+00:00"}
{"asctime": "2025-08-19 19:36:42,620", "levelname": "ERROR", "name": "AresTradingSystem.System.VectorizedAdvancedFeatureEngineering", "message": "🚨 Error converting string timestamps: single positional indexer is out-of-bounds", "correlation_id": "a42279446c884c8093c71e74fcfe0298", "session_id": "-", "timestamp": "2025-08-19T17:36:42.620968+00:00"}
{"asctime": "2025-08-19 19:36:42,860", "levelname": "ERROR", "name": "AresTradingSystem.System.VectorizedAdvancedFeatureEngineering", "message": "🚨 Error converting string timestamps: single positional indexer is out-of-bounds", "correlation_id": "a42279446c884c8093c71e74fcfe0298", "session_id": "-", "timestamp": "2025-08-19T17:36:42.860909+00:00"}
{"asctime": "2025-08-19 19:36:43,138", "levelname": "ERROR", "name": "AresTradingSystem.System.VectorizedAdvancedFeatureEngineering", "message": "🚨 Error converting string timestamps: single positional indexer is out-of-bounds", "correlation_id": "a42279446c884c8093c71e74fcfe0298", "session_id": "-", "timestamp": "2025-08-19T17:36:43.138087+00:00"}
{"asctime": "2025-08-19 19:36:43,141", "levelname": "ERROR", "name": "AresTradingSystem.System.VectorizedAdvancedFeatureEngineering", "message": "🚨 Error converting string timestamps: single positional indexer is out-of-bounds", "correlation_id": "a42279446c884c8093c71e74fcfe0298", "session_id": "-", "timestamp": "2025-08-19T17:36:43.141102+00:00"}
{"asctime": "2025-08-19 19:36:43,143", "levelname": "ERROR", "name": "AresTradingSystem.System.VectorizedAdvancedFeatureEngineering", "message": "🚨 Error converting string timestamps: single positional indexer is out-of-bounds", "correlation_id": "a42279446c884c8093c71e74fcfe0298", "session_id": "-", "timestamp": "2025-08-19T17:36:43.143929+00:00"}
{"asctime": "2025-08-19 19:36:43,146", "levelname": "ERROR", "name": "AresTradingSystem.System.VectorizedAdvancedFeatureEngineering", "message": "🚨 Error converting string timestamps: single positional indexer is out-of-bounds", "correlation_id": "a42279446c884c8093c71e74fcfe0298", "session_id": "-", "timestamp": "2025-08-19T17:36:43.146414+00:00"}
{"asctime": "2025-08-19 19:36:43,149", "levelname": "ERROR", "name": "AresTradingSystem.System.VectorizedAdvancedFeatureEngineering", "message": "🚨 Error converting string timestamps: single positional indexer is out-of-bounds", "correlation_id": "a42279446c884c8093c71e74fcfe0298", "session_id": "-", "timestamp": "2025-08-19T17:36:43.149573+00:00"}
{"asctime": "2025-08-19 19:36:43,152", "levelname": "ERROR", "name": "AresTradingSystem.System.VectorizedAdvancedFeatureEngineering", "message": "🚨 Error converting string timestamps: single positional indexer is out-of-bounds", "correlation_id": "a42279446c884c8093c71e74fcfe0298", "session_id": "-", "timestamp": "2025-08-19T17:36:43.152267+00:00"}
{"asctime": "2025-08-19 19:36:43,154", "levelname": "ERROR", "name": "AresTradingSystem.System.VectorizedAdvancedFeatureEngineering", "message": "🚨 Error converting string timestamps: single positional indexer is out-of-bounds", "correlation_id": "a42279446c884c8093c71e74fcfe0298", "session_id": "-", "timestamp": "2025-08-19T17:36:43.154583+00:00"}
{"asctime": "2025-08-19 19:36:43,980", "levelname": "ERROR", "name": "AresTradingSystem.System.VectorizedAdvancedFeatureEngineering", "message": "🚨 Error converting string timestamps: single positional indexer is out-of-bounds", "correlation_id": "a42279446c884c8093c71e74fcfe0298", "session_id": "-", "timestamp": "2025-08-19T17:36:43.980139+00:00"}
{"asctime": "2025-08-19 19:36:43,982", "levelname": "ERROR", "name": "AresTradingSystem.System.VectorizedAdvancedFeatureEngineering", "message": "🚨 Error converting string timestamps: single positional indexer is out-of-bounds", "correlation_id": "a42279446c884c8093c71e74fcfe0298", "session_id": "-", "timestamp": "2025-08-19T17:36:43.982877+00:00"}
{"asctime": "2025-08-19 19:36:43,985", "levelname": "ERROR", "name": "AresTradingSystem.System.VectorizedAdvancedFeatureEngineering", "message": "🚨 Error converting string timestamps: single positional indexer is out-of-bounds", "correlation_id": "a42279446c884c8093c71e74fcfe0298", "session_id": "-", "timestamp": "2025-08-19T17:36:43.985164+00:00"}
{"asctime": "2025-08-19 19:36:43,988", "levelname": "ERROR", "name": "AresTradingSystem.System.VectorizedAdvancedFeatureEngineering", "message": "🚨 Error converting string timestamps: single positional indexer is out-of-bounds", "correlation_id": "a42279446c884c8093c71e74fcfe0298", "session_id": "-", "timestamp": "2025-08-19T17:36:43.988123+00:00"}
{"asctime": "2025-08-19 19:36:43,990", "levelname": "ERROR", "name": "AresTradingSystem.System.VectorizedAdvancedFeatureEngineering", "message": "🚨 Error converting string timestamps: single positional indexer is out-of-bounds", "correlation_id": "a42279446c884c8093c71e74fcfe0298", "session_id": "-", "timestamp": "2025-08-19T17:36:43.990512+00:00"}
{"asctime": "2025-08-19 19:36:43,993", "levelname": "ERROR", "name": "AresTradingSystem.System.VectorizedAdvancedFeatureEngineering", "message": "🚨 Error converting string timestamps: single positional indexer is out-of-bounds", "correlation_id": "a42279446c884c8093c71e74fcfe0298", "session_id": "-", "timestamp": "2025-08-19T17:36:43.993995+00:00"}
{"asctime": "2025-08-19 19:36:43,997", "levelname": "ERROR", "name": "AresTradingSystem.System.VectorizedAdvancedFeatureEngineering", "message": "🚨 Error converting string timestamps: single positional indexer is out-of-bounds", "correlation_id": "a42279446c884c8093c71e74fcfe0298", "session_id": "-", "timestamp": "2025-08-19T17:36:43.997876+00:00"}
{"asctime": "2025-08-19 19:36:44,000", "levelname": "ERROR", "name": "AresTradingSystem.System.VectorizedAdvancedFeatureEngineering", "message": "🚨 Error converting string timestamps: single positional indexer is out-of-bounds", "correlation_id": "a42279446c884c8093c71e74fcfe0298", "session_id": "-", "timestamp": "2025-08-19T17:36:44.000724+00:00"}
{"asctime": "2025-08-19 19:36:44,003", "levelname": "ERROR", "name": "AresTradingSystem.System.VectorizedAdvancedFeatureEngineering", "message": "🚨 Error converting string timestamps: single positional indexer is out-of-bounds", "correlation_id": "a42279446c884c8093c71e74fcfe0298", "session_id": "-", "timestamp": "2025-08-19T17:36:44.003232+00:00"}
{"asctime": "2025-08-19 19:36:44,005", "levelname": "ERROR", "name": "AresTradingSystem.System.VectorizedAdvancedFeatureEngineering", "message": "🚨 Error converting string timestamps: single positional indexer is out-of-bounds", "correlation_id": "a42279446c884c8093c71e74fcfe0298", "session_id": "-", "timestamp": "2025-08-19T17:36:44.005777+00:00"}
{"asctime": "2025-08-19 19:36:44,009", "levelname": "ERROR", "name": "AresTradingSystem.System.VectorizedAdvancedFeatureEngineering", "message": "🚨 Error converting string timestamps: single positional indexer is out-of-bounds", "correlation_id": "a42279446c884c8093c71e74fcfe0298", "session_id": "-", "timestamp": "2025-08-19T17:36:44.009444+00:00"}
{"asctime": "2025-08-19 19:36:44,013", "levelname": "ERROR", "name": "AresTradingSystem.System.VectorizedAdvancedFeatureEngineering", "message": "🚨 Error converting string timestamps: single positional indexer is out-of-bounds", "correlation_id": "a42279446c884c8093c71e74fcfe0298", "session_id": "-", "timestamp": "2025-08-19T17:36:44.013553+00:00"}
{"asctime": "2025-08-19 19:36:44,016", "levelname": "ERROR", "name": "AresTradingSystem.System.VectorizedAdvancedFeatureEngineering", "message": "🚨 Error converting string timestamps: single positional indexer is out-of-bounds", "correlation_id": "a42279446c884c8093c71e74fcfe0298", "session_id": "-", "timestamp": "2025-08-19T17:36:44.016426+00:00"}
{"asctime": "2025-08-19 19:36:44,018", "levelname": "ERROR", "name": "AresTradingSystem.System.VectorizedAdvancedFeatureEngineering", "message": "🚨 Error converting string timestamps: single positional indexer is out-of-bounds", "correlation_id": "a42279446c884c8093c71e74fcfe0298", "session_id": "-", "timestamp": "2025-08-19T17:36:44.018942+00:00"}
{"asctime": "2025-08-19 19:36:44,021", "levelname": "ERROR", "name": "AresTradingSystem.System.VectorizedAdvancedFeatureEngineering", "message": "🚨 Error converting string timestamps: single positional indexer is out-of-bounds", "correlation_id": "a42279446c884c8093c71e74fcfe0298", "session_id": "-", "timestamp": "2025-08-19T17:36:44.021158+00:00"}
{"asctime": "2025-08-19 19:36:44,023", "levelname": "ERROR", "name": "AresTradingSystem.System.VectorizedAdvancedFeatureEngineering", "message": "🚨 Error converting string timestamps: single positional indexer is out-of-bounds", "correlation_id": "a42279446c884c8093c71e74fcfe0298", "session_id": "-", "timestamp": "2025-08-19T17:36:44.023672+00:00"}
{"asctime": "2025-08-19 19:36:44,025", "levelname": "ERROR", "name": "AresTradingSystem.System.VectorizedAdvancedFeatureEngineering", "message": "🚨 Error converting string timestamps: single positional indexer is out-of-bounds", "correlation_id": "a42279446c884c8093c71e74fcfe0298", "session_id": "-", "timestamp": "2025-08-19T17:36:44.025898+00:00"}
{"asctime": "2025-08-19 19:36:44,436", "levelname": "ERROR", "name": "AresTradingSystem.System.VectorizedAdvancedFeatureEngineering", "message": "🚨 Error converting string timestamps: single positional indexer is out-of-bounds", "correlation_id": "a42279446c884c8093c71e74fcfe0298", "session_id": "-", "timestamp": "2025-08-19T17:36:44.436434+00:00"}
{"asctime": "2025-08-19 19:36:44,439", "levelname": "ERROR", "name": "AresTradingSystem.System.VectorizedAdvancedFeatureEngineering", "message": "🚨 Error converting string timestamps: single positional indexer is out-of-bounds", "correlation_id": "a42279446c884c8093c71e74fcfe0298", "session_id": "-", "timestamp": "2025-08-19T17:36:44.439555+00:00"}
{"asctime": "2025-08-19 19:36:44,442", "levelname": "ERROR", "name": "AresTradingSystem.System.VectorizedAdvancedFeatureEngineering", "message": "🚨 Error converting string timestamps: single positional indexer is out-of-bounds", "correlation_id": "a42279446c884c8093c71e74fcfe0298", "session_id": "-", "timestamp": "2025-08-19T17:36:44.442251+00:00"}
{"asctime": "2025-08-19 19:36:44,444", "levelname": "ERROR", "name": "AresTradingSystem.System.VectorizedAdvancedFeatureEngineering", "message": "🚨 Error converting string timestamps: single positional indexer is out-of-bounds", "correlation_id": "a42279446c884c8093c71e74fcfe0298", "session_id": "-", "timestamp": "2025-08-19T17:36:44.444672+00:00"}
{"asctime": "2025-08-19 19:36:44,446", "levelname": "ERROR", "name": "AresTradingSystem.System.VectorizedAdvancedFeatureEngineering", "message": "🚨 Error converting string timestamps: single positional indexer is out-of-bounds", "correlation_id": "a42279446c884c8093c71e74fcfe0298", "session_id": "-", "timestamp": "2025-08-19T17:36:44.446845+00:00"}
{"asctime": "2025-08-19 19:36:44,450", "levelname": "ERROR", "name": "AresTradingSystem.System.VectorizedAdvancedFeatureEngineering", "message": "🚨 Error converting string timestamps: single positional indexer is out-of-bounds", "correlation_id": "a42279446c884c8093c71e74fcfe0298", "session_id": "-", "timestamp": "2025-08-19T17:36:44.450249+00:00"}
{"asctime": "2025-08-19 19:36:44,452", "levelname": "ERROR", "name": "AresTradingSystem.System.VectorizedAdvancedFeatureEngineering", "message": "🚨 Error converting string timestamps: single positional indexer is out-of-bounds", "correlation_id": "a42279446c884c8093c71e74fcfe0298", "session_id": "-", "timestamp": "2025-08-19T17:36:44.452795+00:00"}
{"asctime": "2025-08-19 19:36:44,455", "levelname": "ERROR", "name": "AresTradingSystem.System.VectorizedAdvancedFeatureEngineering", "message": "🚨 Error converting string timestamps: single positional indexer is out-of-bounds", "correlation_id": "a42279446c884c8093c71e74fcfe0298", "session_id": "-", "timestamp": "2025-08-19T17:36:44.455084+00:00"}
{"asctime": "2025-08-19 19:36:44,457", "levelname": "ERROR", "name": "AresTradingSystem.System.VectorizedAdvancedFeatureEngineering", "message": "🚨 Error converting string timestamps: single positional indexer is out-of-bounds", "correlation_id": "a42279446c884c8093c71e74fcfe0298", "session_id": "-", "timestamp": "2025-08-19T17:36:44.457489+00:00"}
{"asctime": "2025-08-19 19:36:44,460", "levelname": "ERROR", "name": "AresTradingSystem.System.VectorizedAdvancedFeatureEngineering", "message": "🚨 Error converting string timestamps: single positional indexer is out-of-bounds", "correlation_id": "a42279446c884c8093c71e74fcfe0298", "session_id": "-", "timestamp": "2025-08-19T17:36:44.460684+00:00"}
{"asctime": "2025-08-19 19:36:44,463", "levelname": "ERROR", "name": "AresTradingSystem.System.VectorizedAdvancedFeatureEngineering", "message": "🚨 Error converting string timestamps: single positional indexer is out-of-bounds", "correlation_id": "a42279446c884c8093c71e74fcfe0298", "session_id": "-", "timestamp": "2025-08-19T17:36:44.463541+00:00"}
{"asctime": "2025-08-19 19:36:44,664", "levelname": "ERROR", "name": "AresTradingSystem.System.VectorizedAdvancedFeatureEngineering", "message": "🚨 Error converting string timestamps: single positional indexer is out-of-bounds", "correlation_id": "a42279446c884c8093c71e74fcfe0298", "session_id": "-", "timestamp": "2025-08-19T17:36:44.664605+00:00"}
{"asctime": "2025-08-19 19:36:44,667", "levelname": "ERROR", "name": "AresTradingSystem.System.VectorizedAdvancedFeatureEngineering", "message": "🚨 Error converting string timestamps: single positional indexer is out-of-bounds", "correlation_id": "a42279446c884c8093c71e74fcfe0298", "session_id": "-", "timestamp": "2025-08-19T17:36:44.667118+00:00"}
{"asctime": "2025-08-19 19:36:44,669", "levelname": "ERROR", "name": "AresTradingSystem.System.VectorizedAdvancedFeatureEngineering", "message": "🚨 Error converting string timestamps: single positional indexer is out-of-bounds", "correlation_id": "a42279446c884c8093c71e74fcfe0298", "session_id": "-", "timestamp": "2025-08-19T17:36:44.669422+00:00"}
{"asctime": "2025-08-19 19:36:44,671", "levelname": "ERROR", "name": "AresTradingSystem.System.VectorizedAdvancedFeatureEngineering", "message": "🚨 Error converting string timestamps: single positional indexer is out-of-bounds", "correlation_id": "a42279446c884c8093c71e74fcfe0298", "session_id": "-", "timestamp": "2025-08-19T17:36:44.671690+00:00"}
{"asctime": "2025-08-19 19:36:44,674", "levelname": "ERROR", "name": "AresTradingSystem.System.VectorizedAdvancedFeatureEngineering", "message": "🚨 Error converting string timestamps: single positional indexer is out-of-bounds", "correlation_id": "a42279446c884c8093c71e74fcfe0298", "session_id": "-", "timestamp": "2025-08-19T17:36:44.674092+00:00"}
{"asctime": "2025-08-19 19:36:44,677", "levelname": "ERROR", "name": "AresTradingSystem.System.VectorizedAdvancedFeatureEngineering", "message": "🚨 Error converting string timestamps: single positional indexer is out-of-bounds", "correlation_id": "a42279446c884c8093c71e74fcfe0298", "session_id": "-", "timestamp": "2025-08-19T17:36:44.677218+00:00"}
{"asctime": "2025-08-19 19:36:44,680", "levelname": "ERROR", "name": "AresTradingSystem.System.VectorizedAdvancedFeatureEngineering", "message": "🚨 Error converting string timestamps: single positional indexer is out-of-bounds", "correlation_id": "a42279446c884c8093c71e74fcfe0298", "session_id": "-", "timestamp": "2025-08-19T17:36:44.680476+00:00"}
{"asctime": "2025-08-19 19:36:44,682", "levelname": "ERROR", "name": "AresTradingSystem.System.VectorizedAdvancedFeatureEngineering", "message": "🚨 Error converting string timestamps: single positional indexer is out-of-bounds", "correlation_id": "a42279446c884c8093c71e74fcfe0298", "session_id": "-", "timestamp": "2025-08-19T17:36:44.682793+00:00"}
{"asctime": "2025-08-19 19:36:44,685", "levelname": "ERROR", "name": "AresTradingSystem.System.VectorizedAdvancedFeatureEngineering", "message": "🚨 Error converting string timestamps: single positional indexer is out-of-bounds", "correlation_id": "a42279446c884c8093c71e74fcfe0298", "session_id": "-", "timestamp": "2025-08-19T17:36:44.685090+00:00"}
{"asctime": "2025-08-19 19:36:44,687", "levelname": "ERROR", "name": "AresTradingSystem.System.VectorizedAdvancedFeatureEngineering", "message": "🚨 Error converting string timestamps: single positional indexer is out-of-bounds", "correlation_id": "a42279446c884c8093c71e74fcfe0298", "session_id": "-", "timestamp": "2025-08-19T17:36:44.687503+00:00"}
{"asctime": "2025-08-19 19:36:44,689", "levelname": "ERROR", "name": "AresTradingSystem.System.VectorizedAdvancedFeatureEngineering", "message": "🚨 Error converting string timestamps: single positional indexer is out-of-bounds", "correlation_id": "a42279446c884c8093c71e74fcfe0298", "session_id": "-", "timestamp": "2025-08-19T17:36:44.689700+00:00"}
{"asctime": "2025-08-19 19:36:44,693", "levelname": "ERROR", "name": "AresTradingSystem.System.VectorizedAdvancedFeatureEngineering", "message": "🚨 Error converting string timestamps: single positional indexer is out-of-bounds", "correlation_id": "a42279446c884c8093c71e74fcfe0298", "session_id": "-", "timestamp": "2025-08-19T17:36:44.693025+00:00"}
{"asctime": "2025-08-19 19:36:44,696", "levelname": "ERROR", "name": "AresTradingSystem.System.VectorizedAdvancedFeatureEngineering", "message": "🚨 Error converting string timestamps: single positional indexer is out-of-bounds", "correlation_id": "a42279446c884c8093c71e74fcfe0298", "session_id": "-", "timestamp": "2025-08-19T17:36:44.696296+00:00"}
{"asctime": "2025-08-19 19:36:44,698", "levelname": "ERROR", "name": "AresTradingSystem.System.VectorizedAdvancedFeatureEngineering", "message": "🚨 Error converting string timestamps: single positional indexer is out-of-bounds", "correlation_id": "a42279446c884c8093c71e74fcfe0298", "session_id": "-", "timestamp": "2025-08-19T17:36:44.698557+00:00"}
{"asctime": "2025-08-19 19:36:44,700", "levelname": "ERROR", "name": "AresTradingSystem.System.VectorizedAdvancedFeatureEngineering", "message": "🚨 Error converting string timestamps: single positional indexer is out-of-bounds", "correlation_id": "a42279446c884c8093c71e74fcfe0298", "session_id": "-", "timestamp": "2025-08-19T17:36:44.700967+00:00"}
{"asctime": "2025-08-19 19:36:44,703", "levelname": "ERROR", "name": "AresTradingSystem.System.VectorizedAdvancedFeatureEngineering", "message": "🚨 Error converting string timestamps: single positional indexer is out-of-bounds", "correlation_id": "a42279446c884c8093c71e74fcfe0298", "session_id": "-", "timestamp": "2025-08-19T17:36:44.703559+00:00"}
{"asctime": "2025-08-19 19:36:44,706", "levelname": "ERROR", "name": "AresTradingSystem.System.VectorizedAdvancedFeatureEngineering", "message": "🚨 Error converting string timestamps: single positional indexer is out-of-bounds", "correlation_id": "a42279446c884c8093c71e74fcfe0298", "session_id": "-", "timestamp": "2025-08-19T17:36:44.706113+00:00"}
{"asctime": "2025-08-19 19:36:44,708", "levelname": "ERROR", "name": "AresTradingSystem.System.VectorizedAdvancedFeatureEngineering", "message": "🚨 Error converting string timestamps: single positional indexer is out-of-bounds", "correlation_id": "a42279446c884c8093c71e74fcfe0298", "session_id": "-", "timestamp": "2025-08-19T17:36:44.708793+00:00"}
{"asctime": "2025-08-19 19:36:44,712", "levelname": "ERROR", "name": "AresTradingSystem.System.VectorizedAdvancedFeatureEngineering", "message": "🚨 Error converting string timestamps: single positional indexer is out-of-bounds", "correlation_id": "a42279446c884c8093c71e74fcfe0298", "session_id": "-", "timestamp": "2025-08-19T17:36:44.712108+00:00"}
{"asctime": "2025-08-19 19:36:44,714", "levelname": "ERROR", "name": "AresTradingSystem.System.VectorizedAdvancedFeatureEngineering", "message": "🚨 Error converting string timestamps: single positional indexer is out-of-bounds", "correlation_id": "a42279446c884c8093c71e74fcfe0298", "session_id": "-", "timestamp": "2025-08-19T17:36:44.714930+00:00"}
{"asctime": "2025-08-19 19:36:44,717", "levelname": "ERROR", "name": "AresTradingSystem.System.VectorizedAdvancedFeatureEngineering", "message": "🚨 Error converting string timestamps: single positional indexer is out-of-bounds", "correlation_id": "a42279446c884c8093c71e74fcfe0298", "session_id": "-", "timestamp": "2025-08-19T17:36:44.717280+00:00"}
{"asctime": "2025-08-19 19:36:44,719", "levelname": "ERROR", "name": "AresTradingSystem.System.VectorizedAdvancedFeatureEngineering", "message": "🚨 Error converting string timestamps: single positional indexer is out-of-bounds", "correlation_id": "a42279446c884c8093c71e74fcfe0298", "session_id": "-", "timestamp": "2025-08-19T17:36:44.719670+00:00"}
{"asctime": "2025-08-19 19:36:44,722", "levelname": "ERROR", "name": "AresTradingSystem.System.VectorizedAdvancedFeatureEngineering", "message": "🚨 Error converting string timestamps: single positional indexer is out-of-bounds", "correlation_id": "a42279446c884c8093c71e74fcfe0298", "session_id": "-", "timestamp": "2025-08-19T17:36:44.722457+00:00"}
{"asctime": "2025-08-19 19:36:44,724", "levelname": "ERROR", "name": "AresTradingSystem.System.VectorizedAdvancedFeatureEngineering", "message": "🚨 Error converting string timestamps: single positional indexer is out-of-bounds", "correlation_id": "a42279446c884c8093c71e74fcfe0298", "session_id": "-", "timestamp": "2025-08-19T17:36:44.724996+00:00"}
{"asctime": "2025-08-19 19:36:44,728", "levelname": "ERROR", "name": "AresTradingSystem.System.VectorizedAdvancedFeatureEngineering", "message": "🚨 Error converting string timestamps: single positional indexer is out-of-bounds", "correlation_id": "a42279446c884c8093c71e74fcfe0298", "session_id": "-", "timestamp": "2025-08-19T17:36:44.728469+00:00"}
{"asctime": "2025-08-19 19:36:44,731", "levelname": "ERROR", "name": "AresTradingSystem.System.VectorizedAdvancedFeatureEngineering", "message": "🚨 Error converting string timestamps: single positional indexer is out-of-bounds", "correlation_id": "a42279446c884c8093c71e74fcfe0298", "session_id": "-", "timestamp": "2025-08-19T17:36:44.731416+00:00"}
{"asctime": "2025-08-19 19:36:44,733", "levelname": "ERROR", "name": "AresTradingSystem.System.VectorizedAdvancedFeatureEngineering", "message": "🚨 Error converting string timestamps: single positional indexer is out-of-bounds", "correlation_id": "a42279446c884c8093c71e74fcfe0298", "session_id": "-", "timestamp": "2025-08-19T17:36:44.733581+00:00"}
{"asctime": "2025-08-19 19:36:44,736", "levelname": "ERROR", "name": "AresTradingSystem.System.VectorizedAdvancedFeatureEngineering", "message": "🚨 Error converting string timestamps: single positional indexer is out-of-bounds", "correlation_id": "a42279446c884c8093c71e74fcfe0298", "session_id": "-", "timestamp": "2025-08-19T17:36:44.736002+00:00"}
{"asctime": "2025-08-19 19:36:44,738", "levelname": "ERROR", "name": "AresTradingSystem.System.VectorizedAdvancedFeatureEngineering", "message": "🚨 Error converting string timestamps: single positional indexer is out-of-bounds", "correlation_id": "a42279446c884c8093c71e74fcfe0298", "session_id": "-", "timestamp": "2025-08-19T17:36:44.738177+00:00"}
{"asctime": "2025-08-19 19:36:44,740", "levelname": "ERROR", "name": "AresTradingSystem.System.VectorizedAdvancedFeatureEngineering", "message": "🚨 Error converting string timestamps: single positional indexer is out-of-bounds", "correlation_id": "a42279446c884c8093c71e74fcfe0298", "session_id": "-", "timestamp": "2025-08-19T17:36:44.740374+00:00"}
{"asctime": "2025-08-19 19:36:44,744", "levelname": "ERROR", "name": "AresTradingSystem.System.VectorizedAdvancedFeatureEngineering", "message": "🚨 Error converting string timestamps: single positional indexer is out-of-bounds", "correlation_id": "a42279446c884c8093c71e74fcfe0298", "session_id": "-", "timestamp": "2025-08-19T17:36:44.744598+00:00"}
{"asctime": "2025-08-19 19:36:44,748", "levelname": "ERROR", "name": "AresTradingSystem.System.VectorizedAdvancedFeatureEngineering", "message": "🚨 Error converting string timestamps: single positional indexer is out-of-bounds", "correlation_id": "a42279446c884c8093c71e74fcfe0298", "session_id": "-", "timestamp": "2025-08-19T17:36:44.748354+00:00"}
{"asctime": "2025-08-19 19:36:44,750", "levelname": "ERROR", "name": "AresTradingSystem.System.VectorizedAdvancedFeatureEngineering", "message": "🚨 Error converting string timestamps: single positional indexer is out-of-bounds", "correlation_id": "a42279446c884c8093c71e74fcfe0298", "session_id": "-", "timestamp": "2025-08-19T17:36:44.750602+00:00"}
{"asctime": "2025-08-19 19:36:44,752", "levelname": "ERROR", "name": "AresTradingSystem.System.VectorizedAdvancedFeatureEngineering", "message": "🚨 Error converting string timestamps: single positional indexer is out-of-bounds", "correlation_id": "a42279446c884c8093c71e74fcfe0298", "session_id": "-", "timestamp": "2025-08-19T17:36:44.752950+00:00"}
{"asctime": "2025-08-19 19:36:44,755", "levelname": "ERROR", "name": "AresTradingSystem.System.VectorizedAdvancedFeatureEngineering", "message": "🚨 Error converting string timestamps: single positional indexer is out-of-bounds", "correlation_id": "a42279446c884c8093c71e74fcfe0298", "session_id": "-", "timestamp": "2025-08-19T17:36:44.755191+00:00"}
{"asctime": "2025-08-19 19:36:44,757", "levelname": "ERROR", "name": "AresTradingSystem.System.VectorizedAdvancedFeatureEngineering", "message": "🚨 Error converting string timestamps: single positional indexer is out-of-bounds", "correlation_id": "a42279446c884c8093c71e74fcfe0298", "session_id": "-", "timestamp": "2025-08-19T17:36:44.757451+00:00"}
{"asctime": "2025-08-19 19:36:44,760", "levelname": "ERROR", "name": "AresTradingSystem.System.VectorizedAdvancedFeatureEngineering", "message": "🚨 Error converting string timestamps: single positional indexer is out-of-bounds", "correlation_id": "a42279446c884c8093c71e74fcfe0298", "session_id": "-", "timestamp": "2025-08-19T17:36:44.760831+00:00"}
{"asctime": "2025-08-19 19:36:44,763", "levelname": "ERROR", "name": "AresTradingSystem.System.VectorizedAdvancedFeatureEngineering", "message": "🚨 Error converting string timestamps: single positional indexer is out-of-bounds", "correlation_id": "a42279446c884c8093c71e74fcfe0298", "session_id": "-", "timestamp": "2025-08-19T17:36:44.763654+00:00"}
{"asctime": "2025-08-19 19:36:44,765", "levelname": "ERROR", "name": "AresTradingSystem.System.VectorizedAdvancedFeatureEngineering", "message": "🚨 Error converting string timestamps: single positional indexer is out-of-bounds", "correlation_id": "a42279446c884c8093c71e74fcfe0298", "session_id": "-", "timestamp": "2025-08-19T17:36:44.765894+00:00"}
{"asctime": "2025-08-19 19:36:44,768", "levelname": "ERROR", "name": "AresTradingSystem.System.VectorizedAdvancedFeatureEngineering", "message": "🚨 Error converting string timestamps: single positional indexer is out-of-bounds", "correlation_id": "a42279446c884c8093c71e74fcfe0298", "session_id": "-", "timestamp": "2025-08-19T17:36:44.768382+00:00"}
{"asctime": "2025-08-19 19:36:44,770", "levelname": "ERROR", "name": "AresTradingSystem.System.VectorizedAdvancedFeatureEngineering", "message": "🚨 Error converting string timestamps: single positional indexer is out-of-bounds", "correlation_id": "a42279446c884c8093c71e74fcfe0298", "session_id": "-", "timestamp": "2025-08-19T17:36:44.770500+00:00"}
{"asctime": "2025-08-19 19:36:44,772", "levelname": "ERROR", "name": "AresTradingSystem.System.VectorizedAdvancedFeatureEngineering", "message": "🚨 Error converting string timestamps: single positional indexer is out-of-bounds", "correlation_id": "a42279446c884c8093c71e74fcfe0298", "session_id": "-", "timestamp": "2025-08-19T17:36:44.772648+00:00"}
{"asctime": "2025-08-19 19:36:44,775", "levelname": "ERROR", "name": "AresTradingSystem.System.VectorizedAdvancedFeatureEngineering", "message": "🚨 Error converting string timestamps: single positional indexer is out-of-bounds", "correlation_id": "a42279446c884c8093c71e74fcfe0298", "session_id": "-", "timestamp": "2025-08-19T17:36:44.775281+00:00"}
{"asctime": "2025-08-19 19:36:44,778", "levelname": "ERROR", "name": "AresTradingSystem.System.VectorizedAdvancedFeatureEngineering", "message": "🚨 Error converting string timestamps: single positional indexer is out-of-bounds", "correlation_id": "a42279446c884c8093c71e74fcfe0298", "session_id": "-", "timestamp": "2025-08-19T17:36:44.778675+00:00"}
{"asctime": "2025-08-19 19:36:44,781", "levelname": "ERROR", "name": "AresTradingSystem.System.VectorizedAdvancedFeatureEngineering", "message": "🚨 Error converting string timestamps: single positional indexer is out-of-bounds", "correlation_id": "a42279446c884c8093c71e74fcfe0298", "session_id": "-", "timestamp": "2025-08-19T17:36:44.781306+00:00"}
{"asctime": "2025-08-19 19:36:44,783", "levelname": "ERROR", "name": "AresTradingSystem.System.VectorizedAdvancedFeatureEngineering", "message": "🚨 Error converting string timestamps: single positional indexer is out-of-bounds", "correlation_id": "a42279446c884c8093c71e74fcfe0298", "session_id": "-", "timestamp": "2025-08-19T17:36:44.783580+00:00"}
{"asctime": "2025-08-19 19:36:44,785", "levelname": "ERROR", "name": "AresTradingSystem.System.VectorizedAdvancedFeatureEngineering", "message": "🚨 Error converting string timestamps: single positional indexer is out-of-bounds", "correlation_id": "a42279446c884c8093c71e74fcfe0298", "session_id": "-", "timestamp": "2025-08-19T17:36:44.785754+00:00"}
{"asctime": "2025-08-19 19:36:44,788", "levelname": "ERROR", "name": "AresTradingSystem.System.VectorizedAdvancedFeatureEngineering", "message": "🚨 Error converting string timestamps: single positional indexer is out-of-bounds", "correlation_id": "a42279446c884c8093c71e74fcfe0298", "session_id": "-", "timestamp": "2025-08-19T17:36:44.788146+00:00"}
{"asctime": "2025-08-19 19:36:44,790", "levelname": "ERROR", "name": "AresTradingSystem.System.VectorizedAdvancedFeatureEngineering", "message": "🚨 Error converting string timestamps: single positional indexer is out-of-bounds", "correlation_id": "a42279446c884c8093c71e74fcfe0298", "session_id": "-", "timestamp": "2025-08-19T17:36:44.790481+00:00"}
{"asctime": "2025-08-19 19:36:44,794", "levelname": "ERROR", "name": "AresTradingSystem.System.VectorizedAdvancedFeatureEngineering", "message": "🚨 Error converting string timestamps: single positional indexer is out-of-bounds", "correlation_id": "a42279446c884c8093c71e74fcfe0298", "session_id": "-", "timestamp": "2025-08-19T17:36:44.794044+00:00"}
{"asctime": "2025-08-19 19:36:44,797", "levelname": "ERROR", "name": "AresTradingSystem.System.VectorizedAdvancedFeatureEngineering", "message": "🚨 Error converting string timestamps: single positional indexer is out-of-bounds", "correlation_id": "a42279446c884c8093c71e74fcfe0298", "session_id": "-", "timestamp": "2025-08-19T17:36:44.797146+00:00"}
{"asctime": "2025-08-19 19:36:44,799", "levelname": "ERROR", "name": "AresTradingSystem.System.VectorizedAdvancedFeatureEngineering", "message": "🚨 Error converting string timestamps: single positional indexer is out-of-bounds", "correlation_id": "a42279446c884c8093c71e74fcfe0298", "session_id": "-", "timestamp": "2025-08-19T17:36:44.799358+00:00"}
{"asctime": "2025-08-19 19:36:44,801", "levelname": "ERROR", "name": "AresTradingSystem.System.VectorizedAdvancedFeatureEngineering", "message": "🚨 Error converting string timestamps: single positional indexer is out-of-bounds", "correlation_id": "a42279446c884c8093c71e74fcfe0298", "session_id": "-", "timestamp": "2025-08-19T17:36:44.801886+00:00"}
{"asctime": "2025-08-19 19:36:44,804", "levelname": "ERROR", "name": "AresTradingSystem.System.VectorizedAdvancedFeatureEngineering", "message": "🚨 Error converting string timestamps: single positional indexer is out-of-bounds", "correlation_id": "a42279446c884c8093c71e74fcfe0298", "session_id": "-", "timestamp": "2025-08-19T17:36:44.804067+00:00"}
{"asctime": "2025-08-19 19:36:44,806", "levelname": "ERROR", "name": "AresTradingSystem.System.VectorizedAdvancedFeatureEngineering", "message": "🚨 Error converting string timestamps: single positional indexer is out-of-bounds", "correlation_id": "a42279446c884c8093c71e74fcfe0298", "session_id": "-", "timestamp": "2025-08-19T17:36:44.806268+00:00"}
{"asctime": "2025-08-19 19:36:44,808", "levelname": "ERROR", "name": "AresTradingSystem.System.VectorizedAdvancedFeatureEngineering", "message": "🚨 Error converting string timestamps: single positional indexer is out-of-bounds", "correlation_id": "a42279446c884c8093c71e74fcfe0298", "session_id": "-", "timestamp": "2025-08-19T17:36:44.808916+00:00"}
{"asctime": "2025-08-19 19:36:44,812", "levelname": "ERROR", "name": "AresTradingSystem.System.VectorizedAdvancedFeatureEngineering", "message": "🚨 Error converting string timestamps: single positional indexer is out-of-bounds", "correlation_id": "a42279446c884c8093c71e74fcfe0298", "session_id": "-", "timestamp": "2025-08-19T17:36:44.812541+00:00"}
{"asctime": "2025-08-19 19:36:44,814", "levelname": "ERROR", "name": "AresTradingSystem.System.VectorizedAdvancedFeatureEngineering", "message": "🚨 Error converting string timestamps: single positional indexer is out-of-bounds", "correlation_id": "a42279446c884c8093c71e74fcfe0298", "session_id": "-", "timestamp": "2025-08-19T17:36:44.814974+00:00"}
{"asctime": "2025-08-19 19:36:44,817", "levelname": "ERROR", "name": "AresTradingSystem.System.VectorizedAdvancedFeatureEngineering", "message": "🚨 Error converting string timestamps: single positional indexer is out-of-bounds", "correlation_id": "a42279446c884c8093c71e74fcfe0298", "session_id": "-", "timestamp": "2025-08-19T17:36:44.817283+00:00"}
{"asctime": "2025-08-19 19:36:44,819", "levelname": "ERROR", "name": "AresTradingSystem.System.VectorizedAdvancedFeatureEngineering", "message": "🚨 Error converting string timestamps: single positional indexer is out-of-bounds", "correlation_id": "a42279446c884c8093c71e74fcfe0298", "session_id": "-", "timestamp": "2025-08-19T17:36:44.819590+00:00"}
{"asctime": "2025-08-19 19:36:44,822", "levelname": "ERROR", "name": "AresTradingSystem.System.VectorizedAdvancedFeatureEngineering", "message": "🚨 Error converting string timestamps: single positional indexer is out-of-bounds", "correlation_id": "a42279446c884c8093c71e74fcfe0298", "session_id": "-", "timestamp": "2025-08-19T17:36:44.822085+00:00"}
{"asctime": "2025-08-19 19:36:44,824", "levelname": "ERROR", "name": "AresTradingSystem.System.VectorizedAdvancedFeatureEngineering", "message": "🚨 Error converting string timestamps: single positional indexer is out-of-bounds", "correlation_id": "a42279446c884c8093c71e74fcfe0298", "session_id": "-", "timestamp": "2025-08-19T17:36:44.824630+00:00"}
{"asctime": "2025-08-19 19:36:44,828", "levelname": "ERROR", "name": "AresTradingSystem.System.VectorizedAdvancedFeatureEngineering", "message": "🚨 Error converting string timestamps: single positional indexer is out-of-bounds", "correlation_id": "a42279446c884c8093c71e74fcfe0298", "session_id": "-", "timestamp": "2025-08-19T17:36:44.828252+00:00"}
{"asctime": "2025-08-19 19:36:44,830", "levelname": "ERROR", "name": "AresTradingSystem.System.VectorizedAdvancedFeatureEngineering", "message": "🚨 Error converting string timestamps: single positional indexer is out-of-bounds", "correlation_id": "a42279446c884c8093c71e74fcfe0298", "session_id": "-", "timestamp": "2025-08-19T17:36:44.830801+00:00"}
{"asctime": "2025-08-19 19:36:44,833", "levelname": "ERROR", "name": "AresTradingSystem.System.VectorizedAdvancedFeatureEngineering", "message": "🚨 Error converting string timestamps: single positional indexer is out-of-bounds", "correlation_id": "a42279446c884c8093c71e74fcfe0298", "session_id": "-", "timestamp": "2025-08-19T17:36:44.833016+00:00"}
{"asctime": "2025-08-19 19:36:44,835", "levelname": "ERROR", "name": "AresTradingSystem.System.VectorizedAdvancedFeatureEngineering", "message": "🚨 Error converting string timestamps: single positional indexer is out-of-bounds", "correlation_id": "a42279446c884c8093c71e74fcfe0298", "session_id": "-", "timestamp": "2025-08-19T17:36:44.835541+00:00"}
{"asctime": "2025-08-19 19:36:44,838", "levelname": "ERROR", "name": "AresTradingSystem.System.VectorizedAdvancedFeatureEngineering", "message": "🚨 Error converting string timestamps: single positional indexer is out-of-bounds", "correlation_id": "a42279446c884c8093c71e74fcfe0298", "session_id": "-", "timestamp": "2025-08-19T17:36:44.838091+00:00"}
{"asctime": "2025-08-19 19:36:44,840", "levelname": "ERROR", "name": "AresTradingSystem.System.VectorizedAdvancedFeatureEngineering", "message": "🚨 Error converting string timestamps: single positional indexer is out-of-bounds", "correlation_id": "a42279446c884c8093c71e74fcfe0298", "session_id": "-", "timestamp": "2025-08-19T17:36:44.840363+00:00"}
{"asctime": "2025-08-19 19:36:44,844", "levelname": "ERROR", "name": "AresTradingSystem.System.VectorizedAdvancedFeatureEngineering", "message": "🚨 Error converting string timestamps: single positional indexer is out-of-bounds", "correlation_id": "a42279446c884c8093c71e74fcfe0298", "session_id": "-", "timestamp": "2025-08-19T17:36:44.844629+00:00"}
{"asctime": "2025-08-19 19:36:44,847", "levelname": "ERROR", "name": "AresTradingSystem.System.VectorizedAdvancedFeatureEngineering", "message": "🚨 Error converting string timestamps: single positional indexer is out-of-bounds", "correlation_id": "a42279446c884c8093c71e74fcfe0298", "session_id": "-", "timestamp": "2025-08-19T17:36:44.847702+00:00"}
{"asctime": "2025-08-19 19:36:44,849", "levelname": "ERROR", "name": "AresTradingSystem.System.VectorizedAdvancedFeatureEngineering", "message": "🚨 Error converting string timestamps: single positional indexer is out-of-bounds", "correlation_id": "a42279446c884c8093c71e74fcfe0298", "session_id": "-", "timestamp": "2025-08-19T17:36:44.849944+00:00"}
{"asctime": "2025-08-19 19:36:44,852", "levelname": "ERROR", "name": "AresTradingSystem.System.VectorizedAdvancedFeatureEngineering", "message": "🚨 Error converting string timestamps: single positional indexer is out-of-bounds", "correlation_id": "a42279446c884c8093c71e74fcfe0298", "session_id": "-", "timestamp": "2025-08-19T17:36:44.852460+00:00"}
{"asctime": "2025-08-19 19:36:44,855", "levelname": "ERROR", "name": "AresTradingSystem.System.VectorizedAdvancedFeatureEngineering", "message": "🚨 Error converting string timestamps: single positional indexer is out-of-bounds", "correlation_id": "a42279446c884c8093c71e74fcfe0298", "session_id": "-", "timestamp": "2025-08-19T17:36:44.855246+00:00"}
{"asctime": "2025-08-19 19:36:44,857", "levelname": "ERROR", "name": "AresTradingSystem.System.VectorizedAdvancedFeatureEngineering", "message": "🚨 Error converting string timestamps: single positional indexer is out-of-bounds", "correlation_id": "a42279446c884c8093c71e74fcfe0298", "session_id": "-", "timestamp": "2025-08-19T17:36:44.857600+00:00"}
{"asctime": "2025-08-19 19:36:44,861", "levelname": "ERROR", "name": "AresTradingSystem.System.VectorizedAdvancedFeatureEngineering", "message": "🚨 Error converting string timestamps: single positional indexer is out-of-bounds", "correlation_id": "a42279446c884c8093c71e74fcfe0298", "session_id": "-", "timestamp": "2025-08-19T17:36:44.861289+00:00"}
{"asctime": "2025-08-19 19:36:44,864", "levelname": "ERROR", "name": "AresTradingSystem.System.VectorizedAdvancedFeatureEngineering", "message": "🚨 Error converting string timestamps: single positional indexer is out-of-bounds", "correlation_id": "a42279446c884c8093c71e74fcfe0298", "session_id": "-", "timestamp": "2025-08-19T17:36:44.864119+00:00"}
{"asctime": "2025-08-19 19:36:44,866", "levelname": "ERROR", "name": "AresTradingSystem.System.VectorizedAdvancedFeatureEngineering", "message": "🚨 Error converting string timestamps: single positional indexer is out-of-bounds", "correlation_id": "a42279446c884c8093c71e74fcfe0298", "session_id": "-", "timestamp": "2025-08-19T17:36:44.866451+00:00"}
{"asctime": "2025-08-19 19:36:44,868", "levelname": "ERROR", "name": "AresTradingSystem.System.VectorizedAdvancedFeatureEngineering", "message": "🚨 Error converting string timestamps: single positional indexer is out-of-bounds", "correlation_id": "a42279446c884c8093c71e74fcfe0298", "session_id": "-", "timestamp": "2025-08-19T17:36:44.868998+00:00"}
{"asctime": "2025-08-19 19:36:44,871", "levelname": "ERROR", "name": "AresTradingSystem.System.VectorizedAdvancedFeatureEngineering", "message": "🚨 Error converting string timestamps: single positional indexer is out-of-bounds", "correlation_id": "a42279446c884c8093c71e74fcfe0298", "session_id": "-", "timestamp": "2025-08-19T17:36:44.871155+00:00"}
{"asctime": "2025-08-19 19:36:51,362", "levelname": "INFO", "name": "AresTradingSystem.System", "message": "Received signal 2, cleaning up...", "correlation_id": "a42279446c884c8093c71e74fcfe0298", "session_id": "-", "timestamp": "2025-08-19T17:36:51.362642+00:00"}
