canonical_key,trigger,location,regime,mean_net_ret,directional_mean_ret,std_net_ret,mean_within_fold_std,mean_support_pct,std_support_pct,presence_freq,presence_freq_units,sign_consistency,min_support_actual,mean_uplift,mean_baseline_ret,mean_oos_ic,p25_oos_ic,p50_oos_ic,p75_oos_ic,mean_delta_ic,positive_ic_fraction,mean_ic,ic_tstat,ic_sign_consistency,decile_spread_sharpe,mask_ic_uplift,regression_beta,regression_slope_fit,learnability_step_c_score,trade_path_quality_score,quality_stability_score,full_quality_score,composite_score,required_hurdle,hurdle_excess,n_folds,discovery_count,n_instances,display_arity,structural_depth,pipeline_stage,parent_context_key,side,rule_type,accepted,rejection_reason,preset,within_mask_ic,delta_within_mask_ic,entropy_reduction,support_objective_score,source_target,source_horizon,rule_type_class,production_classification,classification_diagnostics
(*)|(*)|(reg_atr_change_rate_ts_band25_75==1&reg_atr_change_rate_ts_top40==1&reg_atr_change_rate_ts_top60==1&reg_atr_change_rate_ts_top70==0),*,*,reg_atr_change_rate_ts_band25_75==1&reg_atr_change_rate_ts_top40==1&reg_atr_change_rate_ts_top60==1&reg_atr_change_rate_ts_top70==0,0.3339689075946808,0.3339689075946808,0.019081616973280015,0.2462642639875412,0.10562962962962963,0.007798795822305285,1.0,1.0,0.5035294117647059,1307,,,0.0005775239840887254,-0.009174193657429996,-0.004125180051656245,0.007977889607734963,,0.3333333333333333,,,,0.04805124909730754,,,,0.2724573580967569,1.7475964738658095e-05,7.498723677034643,0.011444037529668695,0.011444037529668695,9.001426172839507e-05,0.3338788933329524,3,1,1,4,4,stage_a_context,,long,4-way,True,,production,,,0.03507426646499049,1.0,primary_target,0,rejected,research,"{""checks"": {""n_folds"": {""value"": 3, ""threshold"": 3, ""passed"": true}, ""presence_freq"": {""value"": 1.0, ""threshold"": 0.75, ""passed"": true}, ""directional_mean_ret"": {""value"": 0.3339689075946808, ""threshold"": 0.0, ""passed"": true}, ""hurdle_excess"": {""value"": 0.3338788933329524, ""threshold"": 0.0, ""passed"": true}, ""min_support_actual"": {""value"": 1307, ""threshold"": 50, ""passed"": true}, ""is_structurally_sound"": {""value"": false, ""passed"": false}, ""trade_path_quality_score"": {""value"": 1.7475964738658095e-05, ""threshold"": 0.0, ""passed"": true}}, ""failures"": [""structural_soundness_fail: ""], ""warnings"": [], ""classification"": ""research""}"
(*)|(*)|(reg_atr_change_rate_ts_band40_60==0&reg_atr_change_rate_ts_top30==1&reg_atr_change_rate_ts_top40==1&reg_atr_change_rate_ts_top70==0),*,*,reg_atr_change_rate_ts_band40_60==0&reg_atr_change_rate_ts_top30==1&reg_atr_change_rate_ts_top40==1&reg_atr_change_rate_ts_top70==0,0.3339689075946808,0.3339689075946808,0.019081616973280015,0.2462642639875412,0.10562962962962963,0.007798795822305285,1.0,1.0,0.5035294117647059,1307,,,0.0005775239840887254,-0.009174193657429996,-0.004125180051656245,0.007977889607734963,,0.3333333333333333,,,,0.04805124909730754,,,,0.2724573580967569,1.7475964738658095e-05,7.498723677034643,0.011444037529668695,0.011444037529668695,9.001426172839507e-05,0.3338788933329524,3,1,1,4,4,stage_a_context,,long,4-way,True,,production,,,0.03507426646499049,1.0,primary_target,0,rejected,research,"{""checks"": {""n_folds"": {""value"": 3, ""threshold"": 3, ""passed"": true}, ""presence_freq"": {""value"": 1.0, ""threshold"": 0.75, ""passed"": true}, ""directional_mean_ret"": {""value"": 0.3339689075946808, ""threshold"": 0.0, ""passed"": true}, ""hurdle_excess"": {""value"": 0.3338788933329524, ""threshold"": 0.0, ""passed"": true}, ""min_support_actual"": {""value"": 1307, ""threshold"": 50, ""passed"": true}, ""is_structurally_sound"": {""value"": false, ""passed"": false}, ""trade_path_quality_score"": {""value"": 1.7475964738658095e-05, ""threshold"": 0.0, ""passed"": true}}, ""failures"": [""structural_soundness_fail: ""], ""warnings"": [], ""classification"": ""research""}"
(*)|(*)|(reg_atr_change_rate_ts_top20==1&reg_atr_change_rate_ts_top60==1&reg_atr_change_rate_ts_top70==0),*,*,reg_atr_change_rate_ts_top20==1&reg_atr_change_rate_ts_top60==1&reg_atr_change_rate_ts_top70==0,0.3339689075946808,0.3339689075946808,0.019081616973280015,0.2462642639875412,0.10562962962962963,0.007798795822305285,1.0,1.0,0.5035294117647059,1307,,,0.0005775239840887254,-0.009174193657429996,-0.004125180051656245,0.007977889607734963,,0.3333333333333333,,,,0.04805124909730754,,,,0.2724573580967569,1.7475964738658095e-05,7.498723677034643,0.011444037529668695,0.011444037529668695,7.001109245541838e-05,0.3338988965022254,3,1,1,3,3,stage_a_context,,long,3-way,True,,production,,,0.03507426646499049,1.0,primary_target,0,rejected,research,"{""checks"": {""n_folds"": {""value"": 3, ""threshold"": 3, ""passed"": true}, ""presence_freq"": {""value"": 1.0, ""threshold"": 0.75, ""passed"": true}, ""directional_mean_ret"": {""value"": 0.3339689075946808, ""threshold"": 0.0, ""passed"": true}, ""hurdle_excess"": {""value"": 0.3338988965022254, ""threshold"": 0.0, ""passed"": true}, ""min_support_actual"": {""value"": 1307, ""threshold"": 50, ""passed"": true}, ""is_structurally_sound"": {""value"": false, ""passed"": false}, ""trade_path_quality_score"": {""value"": 1.7475964738658095e-05, ""threshold"": 0.0, ""passed"": true}}, ""failures"": [""structural_soundness_fail: ""], ""warnings"": [], ""classification"": ""research""}"
(*)|(*)|(reg_atr_change_rate_ts_top30==1&reg_atr_change_rate_ts_top40==1&reg_atr_change_rate_ts_top50==1&reg_atr_change_rate_ts_top60==1&reg_atr_change_rate_ts_top70==0),*,*,reg_atr_change_rate_ts_top30==1&reg_atr_change_rate_ts_top40==1&reg_atr_change_rate_ts_top50==1&reg_atr_change_rate_ts_top60==1&reg_atr_change_rate_ts_top70==0,0.3339689075946808,0.3339689075946808,0.019081616973280015,0.2462642639875412,0.10562962962962963,0.007798795822305285,1.0,1.0,0.5035294117647059,1307,,,0.0005775239840887254,-0.009174193657429996,-0.004125180051656245,0.007977889607734963,,0.3333333333333333,,,,0.04805124909730754,,,,0.2724573580967569,1.7475964738658095e-05,7.498723677034643,0.011444037529668695,0.011444037529668695,9.001426172839507e-05,0.3338788933329524,3,1,1,5,5,stage_a_context,,long,5-way,True,,production,,,0.03507426646499049,1.0,primary_target,0,rejected,research,"{""checks"": {""n_folds"": {""value"": 3, ""threshold"": 3, ""passed"": true}, ""presence_freq"": {""value"": 1.0, ""threshold"": 0.75, ""passed"": true}, ""directional_mean_ret"": {""value"": 0.3339689075946808, ""threshold"": 0.0, ""passed"": true}, ""hurdle_excess"": {""value"": 0.3338788933329524, ""threshold"": 0.0, ""passed"": true}, ""min_support_actual"": {""value"": 1307, ""threshold"": 50, ""passed"": true}, ""is_structurally_sound"": {""value"": false, ""passed"": false}, ""trade_path_quality_score"": {""value"": 1.7475964738658095e-05, ""threshold"": 0.0, ""passed"": true}}, ""failures"": [""structural_soundness_fail: ""], ""warnings"": [], ""classification"": ""research""}"
(*)|(*)|(reg_atr_change_rate_ts_top30==1&reg_atr_change_rate_ts_top60==1&reg_atr_change_rate_ts_top70==0&reg_atr_change_rate_ts_top80==0),*,*,reg_atr_change_rate_ts_top30==1&reg_atr_change_rate_ts_top60==1&reg_atr_change_rate_ts_top70==0&reg_atr_change_rate_ts_top80==0,0.3339689075946808,0.3339689075946808,0.019081616973280015,0.2462642639875412,0.10562962962962963,0.007798795822305285,1.0,1.0,0.5035294117647059,1307,,,0.0005775239840887254,-0.009174193657429996,-0.004125180051656245,0.007977889607734963,,0.3333333333333333,,,,0.04805124909730754,,,,0.2724573580967569,1.7475964738658095e-05,7.498723677034643,0.011444037529668695,0.011444037529668695,9.001426172839507e-05,0.3338788933329524,3,1,1,4,4,stage_a_context,,long,4-way,True,,production,,,0.03507426646499049,1.0,primary_target,0,rejected,research,"{""checks"": {""n_folds"": {""value"": 3, ""threshold"": 3, ""passed"": true}, ""presence_freq"": {""value"": 1.0, ""threshold"": 0.75, ""passed"": true}, ""directional_mean_ret"": {""value"": 0.3339689075946808, ""threshold"": 0.0, ""passed"": true}, ""hurdle_excess"": {""value"": 0.3338788933329524, ""threshold"": 0.0, ""passed"": true}, ""min_support_actual"": {""value"": 1307, ""threshold"": 50, ""passed"": true}, ""is_structurally_sound"": {""value"": false, ""passed"": false}, ""trade_path_quality_score"": {""value"": 1.7475964738658095e-05, ""threshold"": 0.0, ""passed"": true}}, ""failures"": [""structural_soundness_fail: ""], ""warnings"": [], ""classification"": ""research""}"
(*)|(*)|(reg_atr_change_rate_ts_top30==1&reg_atr_change_rate_ts_top60==1&reg_atr_change_rate_ts_top70==0&reg_atr_compression_ratio_ts_band25_75==1),*,*,reg_atr_change_rate_ts_top30==1&reg_atr_change_rate_ts_top60==1&reg_atr_change_rate_ts_top70==0&reg_atr_compression_ratio_ts_band25_75==1,0.3339689075946808,0.3339689075946808,0.019081616973280015,0.2462642639875412,0.10562962962962963,0.007798795822305285,1.0,1.0,0.5035294117647059,1307,,,0.0005775239840887254,-0.009174193657429996,-0.004125180051656245,0.007977889607734963,,0.3333333333333333,,,,0.04805124909730754,,,,0.2724573580967569,1.7475964738658095e-05,7.498723677034643,0.011444037529668695,0.011444037529668695,9.001426172839507e-05,0.3338788933329524,3,2,2,4,4,stage_a_context,,long,4-way,True,,production,,,0.03507426646499049,1.0,primary_target,0,rejected,research,"{""checks"": {""n_folds"": {""value"": 3, ""threshold"": 3, ""passed"": true}, ""presence_freq"": {""value"": 1.0, ""threshold"": 0.75, ""passed"": true}, ""directional_mean_ret"": {""value"": 0.3339689075946808, ""threshold"": 0.0, ""passed"": true}, ""hurdle_excess"": {""value"": 0.3338788933329524, ""threshold"": 0.0, ""passed"": true}, ""min_support_actual"": {""value"": 1307, ""threshold"": 50, ""passed"": true}, ""is_structurally_sound"": {""value"": false, ""passed"": false}, ""trade_path_quality_score"": {""value"": 1.7475964738658095e-05, ""threshold"": 0.0, ""passed"": true}}, ""failures"": [""structural_soundness_fail: ""], ""warnings"": [], ""classification"": ""research""}"
(*)|(*)|(reg_atr_change_rate_ts_top30==1&reg_atr_change_rate_ts_top60==1&reg_atr_change_rate_ts_top70==0),*,*,reg_atr_change_rate_ts_top30==1&reg_atr_change_rate_ts_top60==1&reg_atr_change_rate_ts_top70==0,0.3339689075946808,0.3339689075946808,0.019081616973280015,0.2462642639875412,0.10562962962962963,0.007798795822305285,1.0,1.0,0.5035294117647059,1307,,,0.0005775239840887254,-0.009174193657429996,-0.004125180051656245,0.007977889607734963,,0.3333333333333333,,,,0.04805124909730754,,,,0.2724573580967569,1.7475964738658095e-05,7.498723677034643,0.011444037529668695,0.011444037529668695,7.001109245541838e-05,0.3338988965022254,3,3,3,3,3,stage_a_context,,long,3-way,True,,production,,,0.03507426646499049,1.0,primary_target,0,rejected,research,"{""checks"": {""n_folds"": {""value"": 3, ""threshold"": 3, ""passed"": true}, ""presence_freq"": {""value"": 1.0, ""threshold"": 0.75, ""passed"": true}, ""directional_mean_ret"": {""value"": 0.3339689075946808, ""threshold"": 0.0, ""passed"": true}, ""hurdle_excess"": {""value"": 0.3338988965022254, ""threshold"": 0.0, ""passed"": true}, ""min_support_actual"": {""value"": 1307, ""threshold"": 50, ""passed"": true}, ""is_structurally_sound"": {""value"": false, ""passed"": false}, ""trade_path_quality_score"": {""value"": 1.7475964738658095e-05, ""threshold"": 0.0, ""passed"": true}}, ""failures"": [""structural_soundness_fail: ""], ""warnings"": [], ""classification"": ""research""}"
(*)|(*)|(reg_atr_change_rate_ts_top40==1&reg_atr_change_rate_ts_top60==1&reg_atr_change_rate_ts_top70==0),*,*,reg_atr_change_rate_ts_top40==1&reg_atr_change_rate_ts_top60==1&reg_atr_change_rate_ts_top70==0,0.3339689075946808,0.3339689075946808,0.019081616973280015,0.2462642639875412,0.10562962962962963,0.007798795822305285,1.0,1.0,0.5035294117647059,1307,,,0.0005775239840887254,-0.009174193657429996,-0.004125180051656245,0.007977889607734963,,0.3333333333333333,,,,0.04805124909730754,,,,0.2724573580967569,1.7475964738658095e-05,7.498723677034643,0.011444037529668695,0.011444037529668695,7.001109245541838e-05,0.3338988965022254,3,3,3,3,3,stage_a_context,,long,3-way,True,,production,,,0.03507426646499049,1.0,primary_target,0,rejected,research,"{""checks"": {""n_folds"": {""value"": 3, ""threshold"": 3, ""passed"": true}, ""presence_freq"": {""value"": 1.0, ""threshold"": 0.75, ""passed"": true}, ""directional_mean_ret"": {""value"": 0.3339689075946808, ""threshold"": 0.0, ""passed"": true}, ""hurdle_excess"": {""value"": 0.3338988965022254, ""threshold"": 0.0, ""passed"": true}, ""min_support_actual"": {""value"": 1307, ""threshold"": 50, ""passed"": true}, ""is_structurally_sound"": {""value"": false, ""passed"": false}, ""trade_path_quality_score"": {""value"": 1.7475964738658095e-05, ""threshold"": 0.0, ""passed"": true}}, ""failures"": [""structural_soundness_fail: ""], ""warnings"": [], ""classification"": ""research""}"
(*)|(*)|(reg_atr_change_rate_ts_top60==1&reg_atr_change_rate_ts_top70==0&reg_atr_change_rate_ts_top80==0),*,*,reg_atr_change_rate_ts_top60==1&reg_atr_change_rate_ts_top70==0&reg_atr_change_rate_ts_top80==0,0.3339689075946808,0.3339689075946808,0.019081616973280015,0.2462642639875412,0.10562962962962963,0.007798795822305285,1.0,1.0,0.5035294117647059,1307,,,0.0005775239840887254,-0.009174193657429996,-0.004125180051656245,0.007977889607734963,,0.3333333333333333,,,,0.04805124909730754,,,,0.2724573580967569,1.7475964738658095e-05,7.498723677034643,0.011444037529668695,0.011444037529668695,7.001109245541838e-05,0.3338988965022254,3,2,2,3,3,stage_a_context,,long,3-way,True,,production,,,0.03507426646499049,1.0,primary_target,0,rejected,research,"{""checks"": {""n_folds"": {""value"": 3, ""threshold"": 3, ""passed"": true}, ""presence_freq"": {""value"": 1.0, ""threshold"": 0.75, ""passed"": true}, ""directional_mean_ret"": {""value"": 0.3339689075946808, ""threshold"": 0.0, ""passed"": true}, ""hurdle_excess"": {""value"": 0.3338988965022254, ""threshold"": 0.0, ""passed"": true}, ""min_support_actual"": {""value"": 1307, ""threshold"": 50, ""passed"": true}, ""is_structurally_sound"": {""value"": false, ""passed"": false}, ""trade_path_quality_score"": {""value"": 1.7475964738658095e-05, ""threshold"": 0.0, ""passed"": true}}, ""failures"": [""structural_soundness_fail: ""], ""warnings"": [], ""classification"": ""research""}"
(*)|(*)|(reg_atr_change_rate_ts_top60==1&reg_atr_change_rate_ts_top70==0),*,*,reg_atr_change_rate_ts_top60==1&reg_atr_change_rate_ts_top70==0,0.3339689075946808,0.3339689075946808,0.019081616973280015,0.2462642639875412,0.10562962962962963,0.007798795822305285,1.0,1.0,0.5035294117647059,1307,,,0.0005775239840887254,-0.009174193657429996,-0.004125180051656245,0.007977889607734963,,0.3333333333333333,,,,0.04805124909730754,,,,0.2724573580967569,1.7475964738658095e-05,7.498723677034643,0.011444037529668695,0.011444037529668695,8.501346941015091e-05,0.33388389412527064,3,2,2,2,2,stage_a_context,,long,2-way,True,,production,,,0.03507426646499049,1.0,primary_target,0,rejected,research,"{""checks"": {""n_folds"": {""value"": 3, ""threshold"": 3, ""passed"": true}, ""presence_freq"": {""value"": 1.0, ""threshold"": 0.75, ""passed"": true}, ""directional_mean_ret"": {""value"": 0.3339689075946808, ""threshold"": 0.0, ""passed"": true}, ""hurdle_excess"": {""value"": 0.33388389412527064, ""threshold"": 0.0, ""passed"": true}, ""min_support_actual"": {""value"": 1307, ""threshold"": 50, ""passed"": true}, ""is_structurally_sound"": {""value"": false, ""passed"": false}, ""trade_path_quality_score"": {""value"": 1.7475964738658095e-05, ""threshold"": 0.0, ""passed"": true}}, ""failures"": [""structural_soundness_fail: ""], ""warnings"": [], ""classification"": ""research""}"
(*)|(loc_dist_ema20_atr_ts_band25_75==1)|(reg_atr_change_rate_ts_top60==1&reg_atr_change_rate_ts_top70==0),*,loc_dist_ema20_atr_ts_band25_75==1,reg_atr_change_rate_ts_top60==1&reg_atr_change_rate_ts_top70==0,0.3339689075946808,0.3339689075946808,0.019081616973280015,0.2462642639875412,0.10562962962962963,0.007798795822305285,1.0,1.0,0.5035294117647059,1307,,,0.0005775239840887254,-0.009174193657429996,-0.004125180051656245,0.007977889607734963,,0.3333333333333333,,,,0.04805124909730754,,,,0.2724573580967569,1.7475964738658095e-05,7.498723677034643,0.011444037529668695,0.011444037529668695,7.001109245541838e-05,0.3338988965022254,3,1,1,3,3,stage_a_context,,long,3-way,True,,production,,,0.03507426646499049,1.0,primary_target,0,rejected,research,"{""checks"": {""n_folds"": {""value"": 3, ""threshold"": 3, ""passed"": true}, ""presence_freq"": {""value"": 1.0, ""threshold"": 0.75, ""passed"": true}, ""directional_mean_ret"": {""value"": 0.3339689075946808, ""threshold"": 0.0, ""passed"": true}, ""hurdle_excess"": {""value"": 0.3338988965022254, ""threshold"": 0.0, ""passed"": true}, ""min_support_actual"": {""value"": 1307, ""threshold"": 50, ""passed"": true}, ""is_structurally_sound"": {""value"": false, ""passed"": false}, ""trade_path_quality_score"": {""value"": 1.7475964738658095e-05, ""threshold"": 0.0, ""passed"": true}}, ""failures"": [""structural_soundness_fail: ""], ""warnings"": [], ""classification"": ""research""}"
(*)|(loc_dist_ema20_atr_ts_top40==1&loc_dist_ema20_atr_ts_top70==0)|(reg_atr_change_rate_ts_top60==1),*,loc_dist_ema20_atr_ts_top40==1&loc_dist_ema20_atr_ts_top70==0,reg_atr_change_rate_ts_top60==1,0.3339689075946808,0.3339689075946808,0.019081616973280015,0.2462642639875412,0.10562962962962963,0.007798795822305285,1.0,1.0,0.5035294117647059,1307,,,0.0005775239840887254,-0.009174193657429996,-0.004125180051656245,0.007977889607734963,,0.3333333333333333,,,,0.04805124909730754,,,,0.2724573580967569,1.7475964738658095e-05,7.498723677034643,0.011444037529668695,0.011444037529668695,7.001109245541838e-05,0.3338988965022254,3,2,2,3,3,stage_a_context,,long,3-way,True,,production,,,0.03507426646499049,1.0,primary_target,0,rejected,research,"{""checks"": {""n_folds"": {""value"": 3, ""threshold"": 3, ""passed"": true}, ""presence_freq"": {""value"": 1.0, ""threshold"": 0.75, ""passed"": true}, ""directional_mean_ret"": {""value"": 0.3339689075946808, ""threshold"": 0.0, ""passed"": true}, ""hurdle_excess"": {""value"": 0.3338988965022254, ""threshold"": 0.0, ""passed"": true}, ""min_support_actual"": {""value"": 1307, ""threshold"": 50, ""passed"": true}, ""is_structurally_sound"": {""value"": false, ""passed"": false}, ""trade_path_quality_score"": {""value"": 1.7475964738658095e-05, ""threshold"": 0.0, ""passed"": true}}, ""failures"": [""structural_soundness_fail: ""], ""warnings"": [], ""classification"": ""research""}"
(*)|(loc_dist_ema20_atr_ts_top60==1&loc_dist_ema20_atr_ts_top70==0)|(reg_atr_change_rate_ts_top30==1&reg_atr_change_rate_ts_top50==1),*,loc_dist_ema20_atr_ts_top60==1&loc_dist_ema20_atr_ts_top70==0,reg_atr_change_rate_ts_top30==1&reg_atr_change_rate_ts_top50==1,0.3339689075946808,0.3339689075946808,0.019081616973280015,0.2462642639875412,0.10562962962962963,0.007798795822305285,1.0,1.0,0.5035294117647059,1307,,,0.0005775239840887254,-0.009174193657429996,-0.004125180051656245,0.007977889607734963,,0.3333333333333333,,,,0.04805124909730754,,,,0.2724573580967569,1.7475964738658095e-05,7.498723677034643,0.011444037529668695,0.011444037529668695,9.001426172839507e-05,0.3338788933329524,3,1,1,4,4,stage_a_context,,long,4-way,True,,production,,,0.03507426646499049,1.0,primary_target,0,rejected,research,"{""checks"": {""n_folds"": {""value"": 3, ""threshold"": 3, ""passed"": true}, ""presence_freq"": {""value"": 1.0, ""threshold"": 0.75, ""passed"": true}, ""directional_mean_ret"": {""value"": 0.3339689075946808, ""threshold"": 0.0, ""passed"": true}, ""hurdle_excess"": {""value"": 0.3338788933329524, ""threshold"": 0.0, ""passed"": true}, ""min_support_actual"": {""value"": 1307, ""threshold"": 50, ""passed"": true}, ""is_structurally_sound"": {""value"": false, ""passed"": false}, ""trade_path_quality_score"": {""value"": 1.7475964738658095e-05, ""threshold"": 0.0, ""passed"": true}}, ""failures"": [""structural_soundness_fail: ""], ""warnings"": [], ""classification"": ""research""}"
(*)|(loc_dist_ema20_atr_ts_top60==1&loc_dist_ema20_atr_ts_top70==0)|(reg_atr_change_rate_ts_top40==1),*,loc_dist_ema20_atr_ts_top60==1&loc_dist_ema20_atr_ts_top70==0,reg_atr_change_rate_ts_top40==1,0.3339689075946808,0.3339689075946808,0.019081616973280015,0.2462642639875412,0.10562962962962963,0.007798795822305285,1.0,1.0,0.5035294117647059,1307,,,0.0005775239840887254,-0.009174193657429996,-0.004125180051656245,0.007977889607734963,,0.3333333333333333,,,,0.04805124909730754,,,,0.2724573580967569,1.7475964738658095e-05,7.498723677034643,0.011444037529668695,0.011444037529668695,7.001109245541838e-05,0.3338988965022254,3,1,1,3,3,stage_a_context,,long,3-way,True,,production,,,0.03507426646499049,1.0,primary_target,0,rejected,research,"{""checks"": {""n_folds"": {""value"": 3, ""threshold"": 3, ""passed"": true}, ""presence_freq"": {""value"": 1.0, ""threshold"": 0.75, ""passed"": true}, ""directional_mean_ret"": {""value"": 0.3339689075946808, ""threshold"": 0.0, ""passed"": true}, ""hurdle_excess"": {""value"": 0.3338988965022254, ""threshold"": 0.0, ""passed"": true}, ""min_support_actual"": {""value"": 1307, ""threshold"": 50, ""passed"": true}, ""is_structurally_sound"": {""value"": false, ""passed"": false}, ""trade_path_quality_score"": {""value"": 1.7475964738658095e-05, ""threshold"": 0.0, ""passed"": true}}, ""failures"": [""structural_soundness_fail: ""], ""warnings"": [], ""classification"": ""research""}"
(*)|(loc_dist_ema20_atr_ts_top60==1)|(reg_atr_change_rate_ts_band25_75==1&reg_atr_change_rate_ts_top70==0),*,loc_dist_ema20_atr_ts_top60==1,reg_atr_change_rate_ts_band25_75==1&reg_atr_change_rate_ts_top70==0,0.3339689075946808,0.3339689075946808,0.019081616973280015,0.2462642639875412,0.10562962962962963,0.007798795822305285,1.0,1.0,0.5035294117647059,1307,,,0.0005775239840887254,-0.009174193657429996,-0.004125180051656245,0.007977889607734963,,0.3333333333333333,,,,0.04805124909730754,,,,0.2724573580967569,1.7475964738658095e-05,7.498723677034643,0.011444037529668695,0.011444037529668695,7.001109245541838e-05,0.3338988965022254,3,1,1,3,3,stage_a_context,,long,3-way,True,,production,,,0.03507426646499049,1.0,primary_target,0,rejected,research,"{""checks"": {""n_folds"": {""value"": 3, ""threshold"": 3, ""passed"": true}, ""presence_freq"": {""value"": 1.0, ""threshold"": 0.75, ""passed"": true}, ""directional_mean_ret"": {""value"": 0.3339689075946808, ""threshold"": 0.0, ""passed"": true}, ""hurdle_excess"": {""value"": 0.3338988965022254, ""threshold"": 0.0, ""passed"": true}, ""min_support_actual"": {""value"": 1307, ""threshold"": 50, ""passed"": true}, ""is_structurally_sound"": {""value"": false, ""passed"": false}, ""trade_path_quality_score"": {""value"": 1.7475964738658095e-05, ""threshold"": 0.0, ""passed"": true}}, ""failures"": [""structural_soundness_fail: ""], ""warnings"": [], ""classification"": ""research""}"
(*)|(loc_dist_ema20_atr_ts_top60==1)|(reg_atr_change_rate_ts_top20==1&reg_atr_change_rate_ts_top70==0&reg_atr_change_rate_ts_top80==0),*,loc_dist_ema20_atr_ts_top60==1,reg_atr_change_rate_ts_top20==1&reg_atr_change_rate_ts_top70==0&reg_atr_change_rate_ts_top80==0,0.3339689075946808,0.3339689075946808,0.019081616973280015,0.2462642639875412,0.10562962962962963,0.007798795822305285,1.0,1.0,0.5035294117647059,1307,,,0.0005775239840887254,-0.009174193657429996,-0.004125180051656245,0.007977889607734963,,0.3333333333333333,,,,0.04805124909730754,,,,0.2724573580967569,1.7475964738658095e-05,7.498723677034643,0.011444037529668695,0.011444037529668695,9.001426172839507e-05,0.3338788933329524,3,1,1,4,4,stage_a_context,,long,4-way,True,,production,,,0.03507426646499049,1.0,primary_target,0,rejected,research,"{""checks"": {""n_folds"": {""value"": 3, ""threshold"": 3, ""passed"": true}, ""presence_freq"": {""value"": 1.0, ""threshold"": 0.75, ""passed"": true}, ""directional_mean_ret"": {""value"": 0.3339689075946808, ""threshold"": 0.0, ""passed"": true}, ""hurdle_excess"": {""value"": 0.3338788933329524, ""threshold"": 0.0, ""passed"": true}, ""min_support_actual"": {""value"": 1307, ""threshold"": 50, ""passed"": true}, ""is_structurally_sound"": {""value"": false, ""passed"": false}, ""trade_path_quality_score"": {""value"": 1.7475964738658095e-05, ""threshold"": 0.0, ""passed"": true}}, ""failures"": [""structural_soundness_fail: ""], ""warnings"": [], ""classification"": ""research""}"
(*)|(loc_dist_ema20_atr_ts_top60==1)|(reg_atr_change_rate_ts_top40==1&reg_atr_change_rate_ts_top70==0),*,loc_dist_ema20_atr_ts_top60==1,reg_atr_change_rate_ts_top40==1&reg_atr_change_rate_ts_top70==0,0.3339689075946808,0.3339689075946808,0.019081616973280015,0.2462642639875412,0.10562962962962963,0.007798795822305285,1.0,1.0,0.5035294117647059,1307,,,0.0005775239840887254,-0.009174193657429996,-0.004125180051656245,0.007977889607734963,,0.3333333333333333,,,,0.04805124909730754,,,,0.2724573580967569,1.7475964738658095e-05,7.498723677034643,0.011444037529668695,0.011444037529668695,7.001109245541838e-05,0.3338988965022254,3,1,1,3,3,stage_a_context,,long,3-way,True,,production,,,0.03507426646499049,1.0,primary_target,0,rejected,research,"{""checks"": {""n_folds"": {""value"": 3, ""threshold"": 3, ""passed"": true}, ""presence_freq"": {""value"": 1.0, ""threshold"": 0.75, ""passed"": true}, ""directional_mean_ret"": {""value"": 0.3339689075946808, ""threshold"": 0.0, ""passed"": true}, ""hurdle_excess"": {""value"": 0.3338988965022254, ""threshold"": 0.0, ""passed"": true}, ""min_support_actual"": {""value"": 1307, ""threshold"": 50, ""passed"": true}, ""is_structurally_sound"": {""value"": false, ""passed"": false}, ""trade_path_quality_score"": {""value"": 1.7475964738658095e-05, ""threshold"": 0.0, ""passed"": true}}, ""failures"": [""structural_soundness_fail: ""], ""warnings"": [], ""classification"": ""research""}"
(*)|(loc_dist_ema20_atr_ts_top70==0&loc_dist_ema20_atr_ts_top80==0)|(reg_atr_change_rate_ts_top60==1),*,loc_dist_ema20_atr_ts_top70==0&loc_dist_ema20_atr_ts_top80==0,reg_atr_change_rate_ts_top60==1,0.3339689075946808,0.3339689075946808,0.019081616973280015,0.2462642639875412,0.10562962962962963,0.007798795822305285,1.0,1.0,0.5035294117647059,1307,,,0.0005775239840887254,-0.009174193657429996,-0.004125180051656245,0.007977889607734963,,0.3333333333333333,,,,0.04805124909730754,,,,0.2724573580967569,1.7475964738658095e-05,7.498723677034643,0.011444037529668695,0.011444037529668695,7.001109245541838e-05,0.3338988965022254,3,1,1,3,3,stage_a_context,,long,3-way,True,,production,,,0.03507426646499049,1.0,primary_target,0,rejected,research,"{""checks"": {""n_folds"": {""value"": 3, ""threshold"": 3, ""passed"": true}, ""presence_freq"": {""value"": 1.0, ""threshold"": 0.75, ""passed"": true}, ""directional_mean_ret"": {""value"": 0.3339689075946808, ""threshold"": 0.0, ""passed"": true}, ""hurdle_excess"": {""value"": 0.3338988965022254, ""threshold"": 0.0, ""passed"": true}, ""min_support_actual"": {""value"": 1307, ""threshold"": 50, ""passed"": true}, ""is_structurally_sound"": {""value"": false, ""passed"": false}, ""trade_path_quality_score"": {""value"": 1.7475964738658095e-05, ""threshold"": 0.0, ""passed"": true}}, ""failures"": [""structural_soundness_fail: ""], ""warnings"": [], ""classification"": ""research""}"
(*)|(loc_dist_ema20_atr_ts_top70==0)|(reg_atr_change_rate_ts_band25_75==1&reg_atr_change_rate_ts_top20==1&reg_atr_change_rate_ts_top60==1),*,loc_dist_ema20_atr_ts_top70==0,reg_atr_change_rate_ts_band25_75==1&reg_atr_change_rate_ts_top20==1&reg_atr_change_rate_ts_top60==1,0.3339689075946808,0.3339689075946808,0.019081616973280015,0.2462642639875412,0.10562962962962963,0.007798795822305285,1.0,1.0,0.5035294117647059,1307,,,0.0005775239840887254,-0.009174193657429996,-0.004125180051656245,0.007977889607734963,,0.3333333333333333,,,,0.04805124909730754,,,,0.2724573580967569,1.7475964738658095e-05,7.498723677034643,0.011444037529668695,0.011444037529668695,9.001426172839507e-05,0.3338788933329524,3,1,1,4,4,stage_a_context,,long,4-way,True,,production,,,0.03507426646499049,1.0,primary_target,0,rejected,research,"{""checks"": {""n_folds"": {""value"": 3, ""threshold"": 3, ""passed"": true}, ""presence_freq"": {""value"": 1.0, ""threshold"": 0.75, ""passed"": true}, ""directional_mean_ret"": {""value"": 0.3339689075946808, ""threshold"": 0.0, ""passed"": true}, ""hurdle_excess"": {""value"": 0.3338788933329524, ""threshold"": 0.0, ""passed"": true}, ""min_support_actual"": {""value"": 1307, ""threshold"": 50, ""passed"": true}, ""is_structurally_sound"": {""value"": false, ""passed"": false}, ""trade_path_quality_score"": {""value"": 1.7475964738658095e-05, ""threshold"": 0.0, ""passed"": true}}, ""failures"": [""structural_soundness_fail: ""], ""warnings"": [], ""classification"": ""research""}"
(*)|(loc_dist_ema20_atr_ts_top70==0)|(reg_atr_change_rate_ts_band25_75==1&reg_atr_change_rate_ts_top40==1&reg_atr_change_rate_ts_top60==1),*,loc_dist_ema20_atr_ts_top70==0,reg_atr_change_rate_ts_band25_75==1&reg_atr_change_rate_ts_top40==1&reg_atr_change_rate_ts_top60==1,0.3339689075946808,0.3339689075946808,0.019081616973280015,0.2462642639875412,0.10562962962962963,0.007798795822305285,1.0,1.0,0.5035294117647059,1307,,,0.0005775239840887254,-0.009174193657429996,-0.004125180051656245,0.007977889607734963,,0.3333333333333333,,,,0.04805124909730754,,,,0.2724573580967569,1.7475964738658095e-05,7.498723677034643,0.011444037529668695,0.011444037529668695,9.001426172839507e-05,0.3338788933329524,3,1,1,4,4,stage_a_context,,long,4-way,True,,production,,,0.03507426646499049,1.0,primary_target,0,rejected,research,"{""checks"": {""n_folds"": {""value"": 3, ""threshold"": 3, ""passed"": true}, ""presence_freq"": {""value"": 1.0, ""threshold"": 0.75, ""passed"": true}, ""directional_mean_ret"": {""value"": 0.3339689075946808, ""threshold"": 0.0, ""passed"": true}, ""hurdle_excess"": {""value"": 0.3338788933329524, ""threshold"": 0.0, ""passed"": true}, ""min_support_actual"": {""value"": 1307, ""threshold"": 50, ""passed"": true}, ""is_structurally_sound"": {""value"": false, ""passed"": false}, ""trade_path_quality_score"": {""value"": 1.7475964738658095e-05, ""threshold"": 0.0, ""passed"": true}}, ""failures"": [""structural_soundness_fail: ""], ""warnings"": [], ""classification"": ""research""}"
(*)|(loc_dist_ema20_atr_ts_top70==0)|(reg_atr_change_rate_ts_top30==1&reg_atr_change_rate_ts_top60==1),*,loc_dist_ema20_atr_ts_top70==0,reg_atr_change_rate_ts_top30==1&reg_atr_change_rate_ts_top60==1,0.3339689075946808,0.3339689075946808,0.019081616973280015,0.2462642639875412,0.10562962962962963,0.007798795822305285,1.0,1.0,0.5035294117647059,1307,,,0.0005775239840887254,-0.009174193657429996,-0.004125180051656245,0.007977889607734963,,0.3333333333333333,,,,0.04805124909730754,,,,0.2724573580967569,1.7475964738658095e-05,7.498723677034643,0.011444037529668695,0.011444037529668695,7.001109245541838e-05,0.3338988965022254,3,2,2,3,3,stage_a_context,,long,3-way,True,,production,,,0.03507426646499049,1.0,primary_target,0,rejected,research,"{""checks"": {""n_folds"": {""value"": 3, ""threshold"": 3, ""passed"": true}, ""presence_freq"": {""value"": 1.0, ""threshold"": 0.75, ""passed"": true}, ""directional_mean_ret"": {""value"": 0.3339689075946808, ""threshold"": 0.0, ""passed"": true}, ""hurdle_excess"": {""value"": 0.3338988965022254, ""threshold"": 0.0, ""passed"": true}, ""min_support_actual"": {""value"": 1307, ""threshold"": 50, ""passed"": true}, ""is_structurally_sound"": {""value"": false, ""passed"": false}, ""trade_path_quality_score"": {""value"": 1.7475964738658095e-05, ""threshold"": 0.0, ""passed"": true}}, ""failures"": [""structural_soundness_fail: ""], ""warnings"": [], ""classification"": ""research""}"
(*)|(loc_dist_ema20_atr_ts_top70==0)|(reg_atr_change_rate_ts_top40==1&reg_atr_change_rate_ts_top50==1&reg_atr_change_rate_ts_top60==1),*,loc_dist_ema20_atr_ts_top70==0,reg_atr_change_rate_ts_top40==1&reg_atr_change_rate_ts_top50==1&reg_atr_change_rate_ts_top60==1,0.3339689075946808,0.3339689075946808,0.019081616973280015,0.2462642639875412,0.10562962962962963,0.007798795822305285,1.0,1.0,0.5035294117647059,1307,,,0.0005775239840887254,-0.009174193657429996,-0.004125180051656245,0.007977889607734963,,0.3333333333333333,,,,0.04805124909730754,,,,0.2724573580967569,1.7475964738658095e-05,7.498723677034643,0.011444037529668695,0.011444037529668695,9.001426172839507e-05,0.3338788933329524,3,1,1,4,4,stage_a_context,,long,4-way,True,,production,,,0.03507426646499049,1.0,primary_target,0,rejected,research,"{""checks"": {""n_folds"": {""value"": 3, ""threshold"": 3, ""passed"": true}, ""presence_freq"": {""value"": 1.0, ""threshold"": 0.75, ""passed"": true}, ""directional_mean_ret"": {""value"": 0.3339689075946808, ""threshold"": 0.0, ""passed"": true}, ""hurdle_excess"": {""value"": 0.3338788933329524, ""threshold"": 0.0, ""passed"": true}, ""min_support_actual"": {""value"": 1307, ""threshold"": 50, ""passed"": true}, ""is_structurally_sound"": {""value"": false, ""passed"": false}, ""trade_path_quality_score"": {""value"": 1.7475964738658095e-05, ""threshold"": 0.0, ""passed"": true}}, ""failures"": [""structural_soundness_fail: ""], ""warnings"": [], ""classification"": ""research""}"
(*)|(loc_dist_ema20_atr_ts_top70==0)|(reg_atr_change_rate_ts_top40==1&reg_atr_change_rate_ts_top60==1),*,loc_dist_ema20_atr_ts_top70==0,reg_atr_change_rate_ts_top40==1&reg_atr_change_rate_ts_top60==1,0.3339689075946808,0.3339689075946808,0.019081616973280015,0.2462642639875412,0.10562962962962963,0.007798795822305285,1.0,1.0,0.5035294117647059,1307,,,0.0005775239840887254,-0.009174193657429996,-0.004125180051656245,0.007977889607734963,,0.3333333333333333,,,,0.04805124909730754,,,,0.2724573580967569,1.7475964738658095e-05,7.498723677034643,0.011444037529668695,0.011444037529668695,7.001109245541838e-05,0.3338988965022254,3,3,3,3,3,stage_a_context,,long,3-way,True,,production,,,0.03507426646499049,1.0,primary_target,0,rejected,research,"{""checks"": {""n_folds"": {""value"": 3, ""threshold"": 3, ""passed"": true}, ""presence_freq"": {""value"": 1.0, ""threshold"": 0.75, ""passed"": true}, ""directional_mean_ret"": {""value"": 0.3339689075946808, ""threshold"": 0.0, ""passed"": true}, ""hurdle_excess"": {""value"": 0.3338988965022254, ""threshold"": 0.0, ""passed"": true}, ""min_support_actual"": {""value"": 1307, ""threshold"": 50, ""passed"": true}, ""is_structurally_sound"": {""value"": false, ""passed"": false}, ""trade_path_quality_score"": {""value"": 1.7475964738658095e-05, ""threshold"": 0.0, ""passed"": true}}, ""failures"": [""structural_soundness_fail: ""], ""warnings"": [], ""classification"": ""research""}"
(*)|(loc_dist_ema20_atr_ts_top70==0)|(reg_atr_change_rate_ts_top60==1),*,loc_dist_ema20_atr_ts_top70==0,reg_atr_change_rate_ts_top60==1,0.3339689075946808,0.3339689075946808,0.019081616973280015,0.2462642639875412,0.10562962962962963,0.007798795822305285,1.0,1.0,0.5035294117647059,1307,,,0.0005775239840887254,-0.009174193657429996,-0.004125180051656245,0.007977889607734963,,0.3333333333333333,,,,0.04805124909730754,,,,0.2724573580967569,1.7475964738658095e-05,7.498723677034643,0.011444037529668695,0.011444037529668695,8.501346941015091e-05,0.33388389412527064,3,1,1,2,2,stage_a_context,,long,2-way,True,,production,,,0.03507426646499049,1.0,primary_target,0,rejected,research,"{""checks"": {""n_folds"": {""value"": 3, ""threshold"": 3, ""passed"": true}, ""presence_freq"": {""value"": 1.0, ""threshold"": 0.75, ""passed"": true}, ""directional_mean_ret"": {""value"": 0.3339689075946808, ""threshold"": 0.0, ""passed"": true}, ""hurdle_excess"": {""value"": 0.33388389412527064, ""threshold"": 0.0, ""passed"": true}, ""min_support_actual"": {""value"": 1307, ""threshold"": 50, ""passed"": true}, ""is_structurally_sound"": {""value"": false, ""passed"": false}, ""trade_path_quality_score"": {""value"": 1.7475964738658095e-05, ""threshold"": 0.0, ""passed"": true}}, ""failures"": [""structural_soundness_fail: ""], ""warnings"": [], ""classification"": ""research""}"
(*)|(*)|(reg_atr_change_rate_ts_band25_75==1&reg_atr_change_rate_ts_top20==1&reg_atr_change_rate_ts_top60==1&reg_atr_change_rate_ts_top80==0),*,*,reg_atr_change_rate_ts_band25_75==1&reg_atr_change_rate_ts_top20==1&reg_atr_change_rate_ts_top60==1&reg_atr_change_rate_ts_top80==0,0.33251306414604187,0.33251306414604187,0.015560913713625888,0.24833257496356964,0.15760493827160493,0.01741369293752185,1.0,1.0,0.5086505190311419,1871,,,-0.003688390611907406,-0.009219033738789253,0.003132670961688713,0.005252783301772502,,0.6666666666666666,0.028511269905486195,0.8567116240693369,0.6666666666666666,0.0401966162615535,0.01899688054638568,7.663952065732818,0.0018176017521649409,0.16482058877713304,1.87715316939225e-05,7.499652483517776,0.009030247257641823,0.009030247257641823,9.149324801097395e-05,0.33242157089803087,3,1,1,4,4,stage_a_context,,long,4-way,True,,production,0.028511269905486195,0.01899688054638568,0.02763224209581668,0.6991604938271605,primary_target,0,rejected,research,"{""checks"": {""n_folds"": {""value"": 3, ""threshold"": 3, ""passed"": true}, ""presence_freq"": {""value"": 1.0, ""threshold"": 0.75, ""passed"": true}, ""directional_mean_ret"": {""value"": 0.33251306414604187, ""threshold"": 0.0, ""passed"": true}, ""hurdle_excess"": {""value"": 0.33242157089803087, ""threshold"": 0.0, ""passed"": true}, ""min_support_actual"": {""value"": 1871, ""threshold"": 50, ""passed"": true}, ""is_structurally_sound"": {""value"": false, ""passed"": false}, ""trade_path_quality_score"": {""value"": 1.87715316939225e-05, ""threshold"": 0.0, ""passed"": true}}, ""failures"": [""structural_soundness_fail: ""], ""warnings"": [], ""classification"": ""research""}"
(*)|(*)|(reg_atr_change_rate_ts_band25_75==1&reg_atr_change_rate_ts_top20==1&reg_atr_change_rate_ts_top60==1),*,*,reg_atr_change_rate_ts_band25_75==1&reg_atr_change_rate_ts_top20==1&reg_atr_change_rate_ts_top60==1,0.33251306414604187,0.33251306414604187,0.015560913713625888,0.24833257496356964,0.15760493827160493,0.01741369293752185,1.0,1.0,0.5086505190311419,1871,,,-0.003688390611907406,-0.009219033738789253,0.003132670961688713,0.005252783301772502,,0.6666666666666666,0.028511269905486195,0.8567116240693369,0.6666666666666666,0.0401966162615535,0.01899688054638568,7.663952065732818,0.0018176017521649409,0.16482058877713304,1.87715316939225e-05,7.499652483517776,0.009030247257641823,0.009030247257641823,7.11614151196464e-05,0.3324419027309222,3,1,1,3,3,stage_a_context,,long,3-way,True,,production,0.028511269905486195,0.01899688054638568,0.02763224209581668,0.6991604938271605,primary_target,0,rejected,research,"{""checks"": {""n_folds"": {""value"": 3, ""threshold"": 3, ""passed"": true}, ""presence_freq"": {""value"": 1.0, ""threshold"": 0.75, ""passed"": true}, ""directional_mean_ret"": {""value"": 0.33251306414604187, ""threshold"": 0.0, ""passed"": true}, ""hurdle_excess"": {""value"": 0.3324419027309222, ""threshold"": 0.0, ""passed"": true}, ""min_support_actual"": {""value"": 1871, ""threshold"": 50, ""passed"": true}, ""is_structurally_sound"": {""value"": false, ""passed"": false}, ""trade_path_quality_score"": {""value"": 1.87715316939225e-05, ""threshold"": 0.0, ""passed"": true}}, ""failures"": [""structural_soundness_fail: ""], ""warnings"": [], ""classification"": ""research""}"
(*)|(*)|(reg_atr_change_rate_ts_band25_75==1&reg_atr_change_rate_ts_top30==1&reg_atr_change_rate_ts_top60==1&reg_atr_change_rate_ts_top80==0),*,*,reg_atr_change_rate_ts_band25_75==1&reg_atr_change_rate_ts_top30==1&reg_atr_change_rate_ts_top60==1&reg_atr_change_rate_ts_top80==0,0.33251306414604187,0.33251306414604187,0.015560913713625888,0.24833257496356964,0.15760493827160493,0.01741369293752185,1.0,1.0,0.5086505190311419,1871,,,-0.003688390611907406,-0.009219033738789253,0.003132670961688713,0.005252783301772502,,0.6666666666666666,0.028511269905486195,0.8567116240693369,0.6666666666666666,0.0401966162615535,0.01899688054638568,7.663952065732818,0.0018176017521649409,0.16482058877713304,1.87715316939225e-05,7.499652483517776,0.009030247257641823,0.009030247257641823,9.149324801097395e-05,0.33242157089803087,3,1,1,4,4,stage_a_context,,long,4-way,True,,production,0.028511269905486195,0.01899688054638568,0.02763224209581668,0.6991604938271605,primary_target,0,rejected,research,"{""checks"": {""n_folds"": {""value"": 3, ""threshold"": 3, ""passed"": true}, ""presence_freq"": {""value"": 1.0, ""threshold"": 0.75, ""passed"": true}, ""directional_mean_ret"": {""value"": 0.33251306414604187, ""threshold"": 0.0, ""passed"": true}, ""hurdle_excess"": {""value"": 0.33242157089803087, ""threshold"": 0.0, ""passed"": true}, ""min_support_actual"": {""value"": 1871, ""threshold"": 50, ""passed"": true}, ""is_structurally_sound"": {""value"": false, ""passed"": false}, ""trade_path_quality_score"": {""value"": 1.87715316939225e-05, ""threshold"": 0.0, ""passed"": true}}, ""failures"": [""structural_soundness_fail: ""], ""warnings"": [], ""classification"": ""research""}"
(*)|(*)|(reg_atr_change_rate_ts_band25_75==1&reg_atr_change_rate_ts_top30==1&reg_atr_change_rate_ts_top60==1),*,*,reg_atr_change_rate_ts_band25_75==1&reg_atr_change_rate_ts_top30==1&reg_atr_change_rate_ts_top60==1,0.33251306414604187,0.33251306414604187,0.015560913713625888,0.24833257496356964,0.15760493827160493,0.01741369293752185,1.0,1.0,0.5086505190311419,1871,,,-0.003688390611907406,-0.009219033738789253,0.003132670961688713,0.005252783301772502,,0.6666666666666666,0.028511269905486195,0.8567116240693369,0.6666666666666666,0.0401966162615535,0.01899688054638568,7.663952065732818,0.0018176017521649409,0.16482058877713304,1.87715316939225e-05,7.499652483517776,0.009030247257641823,0.009030247257641823,7.11614151196464e-05,0.3324419027309222,3,5,5,3,3,stage_a_context,,long,3-way,True,,production,0.028511269905486195,0.01899688054638568,0.02763224209581668,0.6991604938271605,primary_target,0,rejected,research,"{""checks"": {""n_folds"": {""value"": 3, ""threshold"": 3, ""passed"": true}, ""presence_freq"": {""value"": 1.0, ""threshold"": 0.75, ""passed"": true}, ""directional_mean_ret"": {""value"": 0.33251306414604187, ""threshold"": 0.0, ""passed"": true}, ""hurdle_excess"": {""value"": 0.3324419027309222, ""threshold"": 0.0, ""passed"": true}, ""min_support_actual"": {""value"": 1871, ""threshold"": 50, ""passed"": true}, ""is_structurally_sound"": {""value"": false, ""passed"": false}, ""trade_path_quality_score"": {""value"": 1.87715316939225e-05, ""threshold"": 0.0, ""passed"": true}}, ""failures"": [""structural_soundness_fail: ""], ""warnings"": [], ""classification"": ""research""}"
(*)|(*)|(reg_atr_change_rate_ts_band25_75==1&reg_atr_change_rate_ts_top40==1&reg_atr_change_rate_ts_top60==1&reg_atr_change_rate_ts_top80==0),*,*,reg_atr_change_rate_ts_band25_75==1&reg_atr_change_rate_ts_top40==1&reg_atr_change_rate_ts_top60==1&reg_atr_change_rate_ts_top80==0,0.33251306414604187,0.33251306414604187,0.015560913713625888,0.24833257496356964,0.15760493827160493,0.01741369293752185,1.0,1.0,0.5086505190311419,1871,,,-0.003688390611907406,-0.009219033738789253,0.003132670961688713,0.005252783301772502,,0.6666666666666666,0.028511269905486195,0.8567116240693369,0.6666666666666666,0.0401966162615535,0.01899688054638568,7.663952065732818,0.0018176017521649409,0.16482058877713304,1.87715316939225e-05,7.499652483517776,0.009030247257641823,0.009030247257641823,9.149324801097395e-05,0.33242157089803087,3,2,2,4,4,stage_a_context,,long,4-way,True,,production,0.028511269905486195,0.01899688054638568,0.02763224209581668,0.6991604938271605,primary_target,0,rejected,research,"{""checks"": {""n_folds"": {""value"": 3, ""threshold"": 3, ""passed"": true}, ""presence_freq"": {""value"": 1.0, ""threshold"": 0.75, ""passed"": true}, ""directional_mean_ret"": {""value"": 0.33251306414604187, ""threshold"": 0.0, ""passed"": true}, ""hurdle_excess"": {""value"": 0.33242157089803087, ""threshold"": 0.0, ""passed"": true}, ""min_support_actual"": {""value"": 1871, ""threshold"": 50, ""passed"": true}, ""is_structurally_sound"": {""value"": false, ""passed"": false}, ""trade_path_quality_score"": {""value"": 1.87715316939225e-05, ""threshold"": 0.0, ""passed"": true}}, ""failures"": [""structural_soundness_fail: ""], ""warnings"": [], ""classification"": ""research""}"
(*)|(*)|(reg_atr_change_rate_ts_band25_75==1&reg_atr_change_rate_ts_top60==1),*,*,reg_atr_change_rate_ts_band25_75==1&reg_atr_change_rate_ts_top60==1,0.33251306414604187,0.33251306414604187,0.015560913713625888,0.24833257496356964,0.15760493827160493,0.01741369293752185,1.0,1.0,0.5086505190311419,1871,,,-0.003688390611907406,-0.009219033738789253,0.003132670961688713,0.005252783301772502,,0.6666666666666666,0.028511269905486195,0.8567116240693369,0.6666666666666666,0.0401966162615535,0.01899688054638568,7.663952065732818,0.0018176017521649409,0.16482058877713304,1.87715316939225e-05,7.499652483517776,0.009030247257641823,0.009030247257641823,8.641028978814207e-05,0.33242665385625375,3,1,1,2,2,stage_a_context,,long,2-way,True,,production,0.028511269905486195,0.01899688054638568,0.02763224209581668,0.6991604938271605,primary_target,0,rejected,research,"{""checks"": {""n_folds"": {""value"": 3, ""threshold"": 3, ""passed"": true}, ""presence_freq"": {""value"": 1.0, ""threshold"": 0.75, ""passed"": true}, ""directional_mean_ret"": {""value"": 0.33251306414604187, ""threshold"": 0.0, ""passed"": true}, ""hurdle_excess"": {""value"": 0.33242665385625375, ""threshold"": 0.0, ""passed"": true}, ""min_support_actual"": {""value"": 1871, ""threshold"": 50, ""passed"": true}, ""is_structurally_sound"": {""value"": false, ""passed"": false}, ""trade_path_quality_score"": {""value"": 1.87715316939225e-05, ""threshold"": 0.0, ""passed"": true}}, ""failures"": [""structural_soundness_fail: ""], ""warnings"": [], ""classification"": ""research""}"
(*)|(loc_dist_ema20_atr_ts_band25_75==1)|(reg_atr_change_rate_ts_top30==1&reg_atr_change_rate_ts_top60==1),*,loc_dist_ema20_atr_ts_band25_75==1,reg_atr_change_rate_ts_top30==1&reg_atr_change_rate_ts_top60==1,0.33251306414604187,0.33251306414604187,0.015560913713625888,0.24833257496356964,0.15760493827160493,0.01741369293752185,1.0,1.0,0.5086505190311419,1871,,,-0.003688390611907406,-0.009219033738789253,0.003132670961688713,0.005252783301772502,,0.6666666666666666,0.028511269905486195,0.8567116240693369,0.6666666666666666,0.0401966162615535,0.01899688054638568,7.663952065732818,0.0018176017521649409,0.16482058877713304,1.87715316939225e-05,7.499652483517776,0.009030247257641823,0.009030247257641823,7.11614151196464e-05,0.3324419027309222,3,1,1,3,3,stage_a_context,,long,3-way,True,,production,0.028511269905486195,0.01899688054638568,0.02763224209581668,0.6991604938271605,primary_target,0,rejected,research,"{""checks"": {""n_folds"": {""value"": 3, ""threshold"": 3, ""passed"": true}, ""presence_freq"": {""value"": 1.0, ""threshold"": 0.75, ""passed"": true}, ""directional_mean_ret"": {""value"": 0.33251306414604187, ""threshold"": 0.0, ""passed"": true}, ""hurdle_excess"": {""value"": 0.3324419027309222, ""threshold"": 0.0, ""passed"": true}, ""min_support_actual"": {""value"": 1871, ""threshold"": 50, ""passed"": true}, ""is_structurally_sound"": {""value"": false, ""passed"": false}, ""trade_path_quality_score"": {""value"": 1.87715316939225e-05, ""threshold"": 0.0, ""passed"": true}}, ""failures"": [""structural_soundness_fail: ""], ""warnings"": [], ""classification"": ""research""}"
(*)|(loc_dist_ema20_atr_ts_top40==1)|(reg_atr_change_rate_ts_band25_75==1&reg_atr_change_rate_ts_top60==1),*,loc_dist_ema20_atr_ts_top40==1,reg_atr_change_rate_ts_band25_75==1&reg_atr_change_rate_ts_top60==1,0.33251306414604187,0.33251306414604187,0.015560913713625888,0.24833257496356964,0.15760493827160493,0.01741369293752185,1.0,1.0,0.5086505190311419,1871,,,-0.003688390611907406,-0.009219033738789253,0.003132670961688713,0.005252783301772502,,0.6666666666666666,0.028511269905486195,0.8567116240693369,0.6666666666666666,0.0401966162615535,0.01899688054638568,7.663952065732818,0.0018176017521649409,0.16482058877713304,1.87715316939225e-05,7.499652483517776,0.009030247257641823,0.009030247257641823,7.11614151196464e-05,0.3324419027309222,3,1,1,3,3,stage_a_context,,long,3-way,True,,production,0.028511269905486195,0.01899688054638568,0.02763224209581668,0.6991604938271605,primary_target,0,rejected,research,"{""checks"": {""n_folds"": {""value"": 3, ""threshold"": 3, ""passed"": true}, ""presence_freq"": {""value"": 1.0, ""threshold"": 0.75, ""passed"": true}, ""directional_mean_ret"": {""value"": 0.33251306414604187, ""threshold"": 0.0, ""passed"": true}, ""hurdle_excess"": {""value"": 0.3324419027309222, ""threshold"": 0.0, ""passed"": true}, ""min_support_actual"": {""value"": 1871, ""threshold"": 50, ""passed"": true}, ""is_structurally_sound"": {""value"": false, ""passed"": false}, ""trade_path_quality_score"": {""value"": 1.87715316939225e-05, ""threshold"": 0.0, ""passed"": true}}, ""failures"": [""structural_soundness_fail: ""], ""warnings"": [], ""classification"": ""research""}"
(*)|(loc_dist_ema20_atr_ts_top50==1)|(reg_atr_change_rate_ts_band25_75==1&reg_atr_change_rate_ts_top40==1&reg_atr_change_rate_ts_top60==1),*,loc_dist_ema20_atr_ts_top50==1,reg_atr_change_rate_ts_band25_75==1&reg_atr_change_rate_ts_top40==1&reg_atr_change_rate_ts_top60==1,0.33251306414604187,0.33251306414604187,0.015560913713625888,0.24833257496356964,0.15760493827160493,0.01741369293752185,1.0,1.0,0.5086505190311419,1871,,,-0.003688390611907406,-0.009219033738789253,0.003132670961688713,0.005252783301772502,,0.6666666666666666,0.028511269905486195,0.8567116240693369,0.6666666666666666,0.0401966162615535,0.01899688054638568,7.663952065732818,0.0018176017521649409,0.16482058877713304,1.87715316939225e-05,7.499652483517776,0.009030247257641823,0.009030247257641823,9.149324801097395e-05,0.33242157089803087,3,1,1,4,4,stage_a_context,,long,4-way,True,,production,0.028511269905486195,0.01899688054638568,0.02763224209581668,0.6991604938271605,primary_target,0,rejected,research,"{""checks"": {""n_folds"": {""value"": 3, ""threshold"": 3, ""passed"": true}, ""presence_freq"": {""value"": 1.0, ""threshold"": 0.75, ""passed"": true}, ""directional_mean_ret"": {""value"": 0.33251306414604187, ""threshold"": 0.0, ""passed"": true}, ""hurdle_excess"": {""value"": 0.33242157089803087, ""threshold"": 0.0, ""passed"": true}, ""min_support_actual"": {""value"": 1871, ""threshold"": 50, ""passed"": true}, ""is_structurally_sound"": {""value"": false, ""passed"": false}, ""trade_path_quality_score"": {""value"": 1.87715316939225e-05, ""threshold"": 0.0, ""passed"": true}}, ""failures"": [""structural_soundness_fail: ""], ""warnings"": [], ""classification"": ""research""}"
(*)|(loc_dist_ema20_atr_ts_top50==1)|(reg_atr_change_rate_ts_band25_75==1&reg_atr_change_rate_ts_top60==1&reg_atr_change_rate_ts_top80==0),*,loc_dist_ema20_atr_ts_top50==1,reg_atr_change_rate_ts_band25_75==1&reg_atr_change_rate_ts_top60==1&reg_atr_change_rate_ts_top80==0,0.33251306414604187,0.33251306414604187,0.015560913713625888,0.24833257496356964,0.15760493827160493,0.01741369293752185,1.0,1.0,0.5086505190311419,1871,,,-0.003688390611907406,-0.009219033738789253,0.003132670961688713,0.005252783301772502,,0.6666666666666666,0.028511269905486195,0.8567116240693369,0.6666666666666666,0.0401966162615535,0.01899688054638568,7.663952065732818,0.0018176017521649409,0.16482058877713304,1.87715316939225e-05,7.499652483517776,0.009030247257641823,0.009030247257641823,9.149324801097395e-05,0.33242157089803087,3,1,1,4,4,stage_a_context,,long,4-way,True,,production,0.028511269905486195,0.01899688054638568,0.02763224209581668,0.6991604938271605,primary_target,0,rejected,research,"{""checks"": {""n_folds"": {""value"": 3, ""threshold"": 3, ""passed"": true}, ""presence_freq"": {""value"": 1.0, ""threshold"": 0.75, ""passed"": true}, ""directional_mean_ret"": {""value"": 0.33251306414604187, ""threshold"": 0.0, ""passed"": true}, ""hurdle_excess"": {""value"": 0.33242157089803087, ""threshold"": 0.0, ""passed"": true}, ""min_support_actual"": {""value"": 1871, ""threshold"": 50, ""passed"": true}, ""is_structurally_sound"": {""value"": false, ""passed"": false}, ""trade_path_quality_score"": {""value"": 1.87715316939225e-05, ""threshold"": 0.0, ""passed"": true}}, ""failures"": [""structural_soundness_fail: ""], ""warnings"": [], ""classification"": ""research""}"
(*)|(loc_dist_ema20_atr_ts_top60==1)|(reg_atr_change_rate_ts_band25_75==1&reg_atr_change_rate_ts_top30==1&reg_atr_change_rate_ts_top50==1),*,loc_dist_ema20_atr_ts_top60==1,reg_atr_change_rate_ts_band25_75==1&reg_atr_change_rate_ts_top30==1&reg_atr_change_rate_ts_top50==1,0.33251306414604187,0.33251306414604187,0.015560913713625888,0.24833257496356964,0.15760493827160493,0.01741369293752185,1.0,1.0,0.5086505190311419,1871,,,-0.003688390611907406,-0.009219033738789253,0.003132670961688713,0.005252783301772502,,0.6666666666666666,0.028511269905486195,0.8567116240693369,0.6666666666666666,0.0401966162615535,0.01899688054638568,7.663952065732818,0.0018176017521649409,0.16482058877713304,1.87715316939225e-05,7.499652483517776,0.009030247257641823,0.009030247257641823,9.149324801097395e-05,0.33242157089803087,3,1,1,4,4,stage_a_context,,long,4-way,True,,production,0.028511269905486195,0.01899688054638568,0.02763224209581668,0.6991604938271605,primary_target,0,rejected,research,"{""checks"": {""n_folds"": {""value"": 3, ""threshold"": 3, ""passed"": true}, ""presence_freq"": {""value"": 1.0, ""threshold"": 0.75, ""passed"": true}, ""directional_mean_ret"": {""value"": 0.33251306414604187, ""threshold"": 0.0, ""passed"": true}, ""hurdle_excess"": {""value"": 0.33242157089803087, ""threshold"": 0.0, ""passed"": true}, ""min_support_actual"": {""value"": 1871, ""threshold"": 50, ""passed"": true}, ""is_structurally_sound"": {""value"": false, ""passed"": false}, ""trade_path_quality_score"": {""value"": 1.87715316939225e-05, ""threshold"": 0.0, ""passed"": true}}, ""failures"": [""structural_soundness_fail: ""], ""warnings"": [], ""classification"": ""research""}"
(*)|(loc_dist_ema20_atr_ts_top60==1)|(reg_atr_change_rate_ts_band25_75==1&reg_atr_change_rate_ts_top40==1),*,loc_dist_ema20_atr_ts_top60==1,reg_atr_change_rate_ts_band25_75==1&reg_atr_change_rate_ts_top40==1,0.33251306414604187,0.33251306414604187,0.015560913713625888,0.24833257496356964,0.15760493827160493,0.01741369293752185,1.0,1.0,0.5086505190311419,1871,,,-0.003688390611907406,-0.009219033738789253,0.003132670961688713,0.005252783301772502,,0.6666666666666666,0.028511269905486195,0.8567116240693369,0.6666666666666666,0.0401966162615535,0.01899688054638568,7.663952065732818,0.0018176017521649409,0.16482058877713304,1.87715316939225e-05,7.499652483517776,0.009030247257641823,0.009030247257641823,7.11614151196464e-05,0.3324419027309222,3,1,1,3,3,stage_a_context,,long,3-way,True,,production,0.028511269905486195,0.01899688054638568,0.02763224209581668,0.6991604938271605,primary_target,0,rejected,research,"{""checks"": {""n_folds"": {""value"": 3, ""threshold"": 3, ""passed"": true}, ""presence_freq"": {""value"": 1.0, ""threshold"": 0.75, ""passed"": true}, ""directional_mean_ret"": {""value"": 0.33251306414604187, ""threshold"": 0.0, ""passed"": true}, ""hurdle_excess"": {""value"": 0.3324419027309222, ""threshold"": 0.0, ""passed"": true}, ""min_support_actual"": {""value"": 1871, ""threshold"": 50, ""passed"": true}, ""is_structurally_sound"": {""value"": false, ""passed"": false}, ""trade_path_quality_score"": {""value"": 1.87715316939225e-05, ""threshold"": 0.0, ""passed"": true}}, ""failures"": [""structural_soundness_fail: ""], ""warnings"": [], ""classification"": ""research""}"
(*)|(loc_dist_ema20_atr_ts_top60==1)|(reg_atr_change_rate_ts_top30==1&reg_atr_compression_ratio_ts_band25_75==1),*,loc_dist_ema20_atr_ts_top60==1,reg_atr_change_rate_ts_top30==1&reg_atr_compression_ratio_ts_band25_75==1,0.33251306414604187,0.33251306414604187,0.015560913713625888,0.24833257496356964,0.15760493827160493,0.01741369293752185,1.0,1.0,0.5086505190311419,1871,,,-0.003688390611907406,-0.009219033738789253,0.003132670961688713,0.005252783301772502,,0.6666666666666666,0.028511269905486195,0.8567116240693369,0.6666666666666666,0.0401966162615535,0.01899688054638568,7.663952065732818,0.0018176017521649409,0.16482058877713304,1.87715316939225e-05,7.499652483517776,0.009030247257641823,0.009030247257641823,7.11614151196464e-05,0.3324419027309222,3,1,1,3,3,stage_a_context,,long,3-way,True,,production,0.028511269905486195,0.01899688054638568,0.02763224209581668,0.6991604938271605,primary_target,0,rejected,research,"{""checks"": {""n_folds"": {""value"": 3, ""threshold"": 3, ""passed"": true}, ""presence_freq"": {""value"": 1.0, ""threshold"": 0.75, ""passed"": true}, ""directional_mean_ret"": {""value"": 0.33251306414604187, ""threshold"": 0.0, ""passed"": true}, ""hurdle_excess"": {""value"": 0.3324419027309222, ""threshold"": 0.0, ""passed"": true}, ""min_support_actual"": {""value"": 1871, ""threshold"": 50, ""passed"": true}, ""is_structurally_sound"": {""value"": false, ""passed"": false}, ""trade_path_quality_score"": {""value"": 1.87715316939225e-05, ""threshold"": 0.0, ""passed"": true}}, ""failures"": [""structural_soundness_fail: ""], ""warnings"": [], ""classification"": ""research""}"
(*)|(*)|(reg_atr_change_rate_ts_band40_60==0&reg_atr_change_rate_ts_top30==1&reg_atr_change_rate_ts_top60==1&reg_atr_change_rate_ts_top80==0),*,*,reg_atr_change_rate_ts_band40_60==0&reg_atr_change_rate_ts_top30==1&reg_atr_change_rate_ts_top60==1&reg_atr_change_rate_ts_top80==0,0.3301231960455577,0.3301231960455577,0.014681202825635647,0.24981532990932465,0.20958024691358024,0.02795124982925134,1.0,1.0,0.5185185185185185,2407,,,-0.011515149592058604,-0.01789288715308493,-0.001855399347853852,-0.00030753690892989984,,0.3333333333333333,0.011039375193256004,0.6945677169813307,0.6666666666666666,0.005761659685634454,0.0015249858341554849,-2.826759928217457,0.2467231158219326,0.13475975802376108,1.882189724824977e-05,7.544929973359981,0.007557560509984211,0.007557560509984211,9.540352373113854e-05,0.3300277925218265,3,1,1,4,4,stage_a_context,,long,4-way,True,,production,0.011039375193256004,0.0015249858341554849,0.02816507066147252,0.2833580246913581,primary_target,0,rejected,research,"{""checks"": {""n_folds"": {""value"": 3, ""threshold"": 3, ""passed"": true}, ""presence_freq"": {""value"": 1.0, ""threshold"": 0.75, ""passed"": true}, ""directional_mean_ret"": {""value"": 0.3301231960455577, ""threshold"": 0.0, ""passed"": true}, ""hurdle_excess"": {""value"": 0.3300277925218265, ""threshold"": 0.0, ""passed"": true}, ""min_support_actual"": {""value"": 2407, ""threshold"": 50, ""passed"": true}, ""is_structurally_sound"": {""value"": false, ""passed"": false}, ""trade_path_quality_score"": {""value"": 1.882189724824977e-05, ""threshold"": 0.0, ""passed"": true}}, ""failures"": [""structural_soundness_fail: ""], ""warnings"": [], ""classification"": ""research""}"
(*)|(*)|(reg_atr_change_rate_ts_bot80==1&reg_atr_change_rate_ts_top60==1),*,*,reg_atr_change_rate_ts_bot80==1&reg_atr_change_rate_ts_top60==1,0.3301231960455577,0.3301231960455577,0.014681202825635647,0.24981532990932465,0.20958024691358024,0.02795124982925134,1.0,1.0,0.5185185185185185,2407,,,-0.011515149592058604,-0.01789288715308493,-0.001855399347853852,-0.00030753690892989984,,0.3333333333333333,0.011039375193256004,0.6945677169813307,0.6666666666666666,0.005761659685634454,0.0015249858341554849,-2.826759928217457,0.2467231158219326,0.13475975802376108,1.882189724824977e-05,7.544929973359981,0.007557560509984211,0.007557560509984211,9.010332796829751e-05,0.3300330927175894,3,1,1,2,2,stage_a_context,,long,2-way,True,,production,0.011039375193256004,0.0015249858341554849,0.02816507066147252,0.2833580246913581,primary_target,0,rejected,research,"{""checks"": {""n_folds"": {""value"": 3, ""threshold"": 3, ""passed"": true}, ""presence_freq"": {""value"": 1.0, ""threshold"": 0.75, ""passed"": true}, ""directional_mean_ret"": {""value"": 0.3301231960455577, ""threshold"": 0.0, ""passed"": true}, ""hurdle_excess"": {""value"": 0.3300330927175894, ""threshold"": 0.0, ""passed"": true}, ""min_support_actual"": {""value"": 2407, ""threshold"": 50, ""passed"": true}, ""is_structurally_sound"": {""value"": false, ""passed"": false}, ""trade_path_quality_score"": {""value"": 1.882189724824977e-05, ""threshold"": 0.0, ""passed"": true}}, ""failures"": [""structural_soundness_fail: ""], ""warnings"": [], ""classification"": ""research""}"
(*)|(*)|(reg_atr_change_rate_ts_top20==1&reg_atr_change_rate_ts_top60==1&reg_atr_change_rate_ts_top80==0),*,*,reg_atr_change_rate_ts_top20==1&reg_atr_change_rate_ts_top60==1&reg_atr_change_rate_ts_top80==0,0.3301231960455577,0.3301231960455577,0.014681202825635647,0.24981532990932465,0.20958024691358024,0.02795124982925134,1.0,1.0,0.5185185185185185,2407,,,-0.011515149592058604,-0.01789288715308493,-0.001855399347853852,-0.00030753690892989984,,0.3333333333333333,0.011039375193256004,0.6945677169813307,0.6666666666666666,0.005761659685634454,0.0015249858341554849,-2.826759928217457,0.2467231158219326,0.13475975802376108,1.882189724824977e-05,7.544929973359981,0.007557560509984211,0.007557560509984211,7.420274067977441e-05,0.3300489933048779,3,2,2,3,3,stage_a_context,,long,3-way,True,,production,0.011039375193256004,0.0015249858341554849,0.02816507066147252,0.2833580246913581,primary_target,0,rejected,research,"{""checks"": {""n_folds"": {""value"": 3, ""threshold"": 3, ""passed"": true}, ""presence_freq"": {""value"": 1.0, ""threshold"": 0.75, ""passed"": true}, ""directional_mean_ret"": {""value"": 0.3301231960455577, ""threshold"": 0.0, ""passed"": true}, ""hurdle_excess"": {""value"": 0.3300489933048779, ""threshold"": 0.0, ""passed"": true}, ""min_support_actual"": {""value"": 2407, ""threshold"": 50, ""passed"": true}, ""is_structurally_sound"": {""value"": false, ""passed"": false}, ""trade_path_quality_score"": {""value"": 1.882189724824977e-05, ""threshold"": 0.0, ""passed"": true}}, ""failures"": [""structural_soundness_fail: ""], ""warnings"": [], ""classification"": ""research""}"
(*)|(*)|(reg_atr_change_rate_ts_top30==1&reg_atr_change_rate_ts_top60==1&reg_atr_change_rate_ts_top80==0),*,*,reg_atr_change_rate_ts_top30==1&reg_atr_change_rate_ts_top60==1&reg_atr_change_rate_ts_top80==0,0.3301231960455577,0.3301231960455577,0.014681202825635647,0.24981532990932465,0.20958024691358024,0.02795124982925134,1.0,1.0,0.5185185185185185,2407,,,-0.011515149592058604,-0.01789288715308493,-0.001855399347853852,-0.00030753690892989984,,0.3333333333333333,0.011039375193256004,0.6945677169813307,0.6666666666666666,0.005761659685634454,0.0015249858341554849,-2.826759928217457,0.2467231158219326,0.13475975802376108,1.882189724824977e-05,7.544929973359981,0.007557560509984211,0.007557560509984211,7.420274067977441e-05,0.3300489933048779,3,2,2,3,3,stage_a_context,,long,3-way,True,,production,0.011039375193256004,0.0015249858341554849,0.02816507066147252,0.2833580246913581,primary_target,0,rejected,research,"{""checks"": {""n_folds"": {""value"": 3, ""threshold"": 3, ""passed"": true}, ""presence_freq"": {""value"": 1.0, ""threshold"": 0.75, ""passed"": true}, ""directional_mean_ret"": {""value"": 0.3301231960455577, ""threshold"": 0.0, ""passed"": true}, ""hurdle_excess"": {""value"": 0.3300489933048779, ""threshold"": 0.0, ""passed"": true}, ""min_support_actual"": {""value"": 2407, ""threshold"": 50, ""passed"": true}, ""is_structurally_sound"": {""value"": false, ""passed"": false}, ""trade_path_quality_score"": {""value"": 1.882189724824977e-05, ""threshold"": 0.0, ""passed"": true}}, ""failures"": [""structural_soundness_fail: ""], ""warnings"": [], ""classification"": ""research""}"
(*)|(*)|(reg_atr_change_rate_ts_top40==1&reg_atr_change_rate_ts_top60==1&reg_atr_change_rate_ts_top80==0),*,*,reg_atr_change_rate_ts_top40==1&reg_atr_change_rate_ts_top60==1&reg_atr_change_rate_ts_top80==0,0.3301231960455577,0.3301231960455577,0.014681202825635647,0.24981532990932465,0.20958024691358024,0.02795124982925134,1.0,1.0,0.5185185185185185,2407,,,-0.011515149592058604,-0.01789288715308493,-0.001855399347853852,-0.00030753690892989984,,0.3333333333333333,0.011039375193256004,0.6945677169813307,0.6666666666666666,0.005761659685634454,0.0015249858341554849,-2.826759928217457,0.2467231158219326,0.13475975802376108,1.882189724824977e-05,7.544929973359981,0.007557560509984211,0.007557560509984211,7.420274067977441e-05,0.3300489933048779,3,1,1,3,3,stage_a_context,,long,3-way,True,,production,0.011039375193256004,0.0015249858341554849,0.02816507066147252,0.2833580246913581,primary_target,0,rejected,research,"{""checks"": {""n_folds"": {""value"": 3, ""threshold"": 3, ""passed"": true}, ""presence_freq"": {""value"": 1.0, ""threshold"": 0.75, ""passed"": true}, ""directional_mean_ret"": {""value"": 0.3301231960455577, ""threshold"": 0.0, ""passed"": true}, ""hurdle_excess"": {""value"": 0.3300489933048779, ""threshold"": 0.0, ""passed"": true}, ""min_support_actual"": {""value"": 2407, ""threshold"": 50, ""passed"": true}, ""is_structurally_sound"": {""value"": false, ""passed"": false}, ""trade_path_quality_score"": {""value"": 1.882189724824977e-05, ""threshold"": 0.0, ""passed"": true}}, ""failures"": [""structural_soundness_fail: ""], ""warnings"": [], ""classification"": ""research""}"
(*)|(*)|(reg_atr_change_rate_ts_top50==1&reg_atr_change_rate_ts_top60==1&reg_atr_change_rate_ts_top80==0),*,*,reg_atr_change_rate_ts_top50==1&reg_atr_change_rate_ts_top60==1&reg_atr_change_rate_ts_top80==0,0.3301231960455577,0.3301231960455577,0.014681202825635647,0.24981532990932465,0.20958024691358024,0.02795124982925134,1.0,1.0,0.5185185185185185,2407,,,-0.011515149592058604,-0.01789288715308493,-0.001855399347853852,-0.00030753690892989984,,0.3333333333333333,0.011039375193256004,0.6945677169813307,0.6666666666666666,0.005761659685634454,0.0015249858341554849,-2.826759928217457,0.2467231158219326,0.13475975802376108,1.882189724824977e-05,7.544929973359981,0.007557560509984211,0.007557560509984211,7.420274067977441e-05,0.3300489933048779,3,1,1,3,3,stage_a_context,,long,3-way,True,,production,0.011039375193256004,0.0015249858341554849,0.02816507066147252,0.2833580246913581,primary_target,0,rejected,research,"{""checks"": {""n_folds"": {""value"": 3, ""threshold"": 3, ""passed"": true}, ""presence_freq"": {""value"": 1.0, ""threshold"": 0.75, ""passed"": true}, ""directional_mean_ret"": {""value"": 0.3301231960455577, ""threshold"": 0.0, ""passed"": true}, ""hurdle_excess"": {""value"": 0.3300489933048779, ""threshold"": 0.0, ""passed"": true}, ""min_support_actual"": {""value"": 2407, ""threshold"": 50, ""passed"": true}, ""is_structurally_sound"": {""value"": false, ""passed"": false}, ""trade_path_quality_score"": {""value"": 1.882189724824977e-05, ""threshold"": 0.0, ""passed"": true}}, ""failures"": [""structural_soundness_fail: ""], ""warnings"": [], ""classification"": ""research""}"
(*)|(*)|(reg_atr_change_rate_ts_top60==1&reg_atr_change_rate_ts_top80==0),*,*,reg_atr_change_rate_ts_top60==1&reg_atr_change_rate_ts_top80==0,0.3301231960455577,0.3301231960455577,0.014681202825635647,0.24981532990932465,0.20958024691358024,0.02795124982925134,1.0,1.0,0.5185185185185185,2407,,,-0.011515149592058604,-0.01789288715308493,-0.001855399347853852,-0.00030753690892989984,,0.3333333333333333,0.011039375193256004,0.6945677169813307,0.6666666666666666,0.005761659685634454,0.0015249858341554849,-2.826759928217457,0.2467231158219326,0.13475975802376108,1.882189724824977e-05,7.544929973359981,0.007557560509984211,0.007557560509984211,9.010332796829751e-05,0.3300330927175894,3,2,2,2,2,stage_a_context,,long,2-way,True,,production,0.011039375193256004,0.0015249858341554849,0.02816507066147252,0.2833580246913581,primary_target,0,rejected,research,"{""checks"": {""n_folds"": {""value"": 3, ""threshold"": 3, ""passed"": true}, ""presence_freq"": {""value"": 1.0, ""threshold"": 0.75, ""passed"": true}, ""directional_mean_ret"": {""value"": 0.3301231960455577, ""threshold"": 0.0, ""passed"": true}, ""hurdle_excess"": {""value"": 0.3300330927175894, ""threshold"": 0.0, ""passed"": true}, ""min_support_actual"": {""value"": 2407, ""threshold"": 50, ""passed"": true}, ""is_structurally_sound"": {""value"": false, ""passed"": false}, ""trade_path_quality_score"": {""value"": 1.882189724824977e-05, ""threshold"": 0.0, ""passed"": true}}, ""failures"": [""structural_soundness_fail: ""], ""warnings"": [], ""classification"": ""research""}"
(*)|(loc_dist_ema20_atr_ts_bot60==0)|(reg_atr_change_rate_ts_top40==1&reg_atr_change_rate_ts_top80==0),*,loc_dist_ema20_atr_ts_bot60==0,reg_atr_change_rate_ts_top40==1&reg_atr_change_rate_ts_top80==0,0.3301231960455577,0.3301231960455577,0.014681202825635647,0.24981532990932465,0.20958024691358024,0.02795124982925134,1.0,1.0,0.5185185185185185,2407,,,-0.011515149592058604,-0.01789288715308493,-0.001855399347853852,-0.00030753690892989984,,0.3333333333333333,0.011039375193256004,0.6945677169813307,0.6666666666666666,0.005761659685634454,0.0015249858341554849,-2.826759928217457,0.2467231158219326,0.13475975802376108,1.882189724824977e-05,7.544929973359981,0.007557560509984211,0.007557560509984211,7.420274067977441e-05,0.3300489933048779,3,2,2,3,3,stage_a_context,,long,3-way,True,,production,0.011039375193256004,0.0015249858341554849,0.02816507066147252,0.2833580246913581,primary_target,0,rejected,research,"{""checks"": {""n_folds"": {""value"": 3, ""threshold"": 3, ""passed"": true}, ""presence_freq"": {""value"": 1.0, ""threshold"": 0.75, ""passed"": true}, ""directional_mean_ret"": {""value"": 0.3301231960455577, ""threshold"": 0.0, ""passed"": true}, ""hurdle_excess"": {""value"": 0.3300489933048779, ""threshold"": 0.0, ""passed"": true}, ""min_support_actual"": {""value"": 2407, ""threshold"": 50, ""passed"": true}, ""is_structurally_sound"": {""value"": false, ""passed"": false}, ""trade_path_quality_score"": {""value"": 1.882189724824977e-05, ""threshold"": 0.0, ""passed"": true}}, ""failures"": [""structural_soundness_fail: ""], ""warnings"": [], ""classification"": ""research""}"
(*)|(loc_dist_ema20_atr_ts_top20==1)|(reg_atr_change_rate_ts_band20_80==1&reg_atr_change_rate_ts_top60==1),*,loc_dist_ema20_atr_ts_top20==1,reg_atr_change_rate_ts_band20_80==1&reg_atr_change_rate_ts_top60==1,0.3301231960455577,0.3301231960455577,0.014681202825635647,0.24981532990932465,0.20958024691358024,0.02795124982925134,1.0,1.0,0.5185185185185185,2407,,,-0.011515149592058604,-0.01789288715308493,-0.001855399347853852,-0.00030753690892989984,,0.3333333333333333,0.011039375193256004,0.6945677169813307,0.6666666666666666,0.005761659685634454,0.0015249858341554849,-2.826759928217457,0.2467231158219326,0.13475975802376108,1.882189724824977e-05,7.544929973359981,0.007557560509984211,0.007557560509984211,7.420274067977441e-05,0.3300489933048779,3,1,1,3,3,stage_a_context,,long,3-way,True,,production,0.011039375193256004,0.0015249858341554849,0.02816507066147252,0.2833580246913581,primary_target,0,rejected,research,"{""checks"": {""n_folds"": {""value"": 3, ""threshold"": 3, ""passed"": true}, ""presence_freq"": {""value"": 1.0, ""threshold"": 0.75, ""passed"": true}, ""directional_mean_ret"": {""value"": 0.3301231960455577, ""threshold"": 0.0, ""passed"": true}, ""hurdle_excess"": {""value"": 0.3300489933048779, ""threshold"": 0.0, ""passed"": true}, ""min_support_actual"": {""value"": 2407, ""threshold"": 50, ""passed"": true}, ""is_structurally_sound"": {""value"": false, ""passed"": false}, ""trade_path_quality_score"": {""value"": 1.882189724824977e-05, ""threshold"": 0.0, ""passed"": true}}, ""failures"": [""structural_soundness_fail: ""], ""warnings"": [], ""classification"": ""research""}"
(*)|(loc_dist_ema20_atr_ts_top60==1&loc_dist_ema20_atr_ts_top80==0)|(reg_atr_change_rate_ts_top30==1),*,loc_dist_ema20_atr_ts_top60==1&loc_dist_ema20_atr_ts_top80==0,reg_atr_change_rate_ts_top30==1,0.3301231960455577,0.3301231960455577,0.014681202825635647,0.24981532990932465,0.20958024691358024,0.02795124982925134,1.0,1.0,0.5185185185185185,2407,,,-0.011515149592058604,-0.01789288715308493,-0.001855399347853852,-0.00030753690892989984,,0.3333333333333333,0.011039375193256004,0.6945677169813307,0.6666666666666666,0.005761659685634454,0.0015249858341554849,-2.826759928217457,0.2467231158219326,0.13475975802376108,1.882189724824977e-05,7.544929973359981,0.007557560509984211,0.007557560509984211,7.420274067977441e-05,0.3300489933048779,3,3,3,3,3,stage_a_context,,long,3-way,True,,production,0.011039375193256004,0.0015249858341554849,0.02816507066147252,0.2833580246913581,primary_target,0,rejected,research,"{""checks"": {""n_folds"": {""value"": 3, ""threshold"": 3, ""passed"": true}, ""presence_freq"": {""value"": 1.0, ""threshold"": 0.75, ""passed"": true}, ""directional_mean_ret"": {""value"": 0.3301231960455577, ""threshold"": 0.0, ""passed"": true}, ""hurdle_excess"": {""value"": 0.3300489933048779, ""threshold"": 0.0, ""passed"": true}, ""min_support_actual"": {""value"": 2407, ""threshold"": 50, ""passed"": true}, ""is_structurally_sound"": {""value"": false, ""passed"": false}, ""trade_path_quality_score"": {""value"": 1.882189724824977e-05, ""threshold"": 0.0, ""passed"": true}}, ""failures"": [""structural_soundness_fail: ""], ""warnings"": [], ""classification"": ""research""}"
(*)|(loc_dist_ema20_atr_ts_top60==1&loc_dist_ema20_atr_ts_top80==0)|(reg_atr_change_rate_ts_top40==1),*,loc_dist_ema20_atr_ts_top60==1&loc_dist_ema20_atr_ts_top80==0,reg_atr_change_rate_ts_top40==1,0.3301231960455577,0.3301231960455577,0.014681202825635647,0.24981532990932465,0.20958024691358024,0.02795124982925134,1.0,1.0,0.5185185185185185,2407,,,-0.011515149592058604,-0.01789288715308493,-0.001855399347853852,-0.00030753690892989984,,0.3333333333333333,0.011039375193256004,0.6945677169813307,0.6666666666666666,0.005761659685634454,0.0015249858341554849,-2.826759928217457,0.2467231158219326,0.13475975802376108,1.882189724824977e-05,7.544929973359981,0.007557560509984211,0.007557560509984211,7.420274067977441e-05,0.3300489933048779,3,1,1,3,3,stage_a_context,,long,3-way,True,,production,0.011039375193256004,0.0015249858341554849,0.02816507066147252,0.2833580246913581,primary_target,0,rejected,research,"{""checks"": {""n_folds"": {""value"": 3, ""threshold"": 3, ""passed"": true}, ""presence_freq"": {""value"": 1.0, ""threshold"": 0.75, ""passed"": true}, ""directional_mean_ret"": {""value"": 0.3301231960455577, ""threshold"": 0.0, ""passed"": true}, ""hurdle_excess"": {""value"": 0.3300489933048779, ""threshold"": 0.0, ""passed"": true}, ""min_support_actual"": {""value"": 2407, ""threshold"": 50, ""passed"": true}, ""is_structurally_sound"": {""value"": false, ""passed"": false}, ""trade_path_quality_score"": {""value"": 1.882189724824977e-05, ""threshold"": 0.0, ""passed"": true}}, ""failures"": [""structural_soundness_fail: ""], ""warnings"": [], ""classification"": ""research""}"
(*)|(loc_dist_ema20_atr_ts_top80==0)|(reg_atr_change_rate_ts_top30==1&reg_atr_change_rate_ts_top40==1&reg_atr_change_rate_ts_top60==1),*,loc_dist_ema20_atr_ts_top80==0,reg_atr_change_rate_ts_top30==1&reg_atr_change_rate_ts_top40==1&reg_atr_change_rate_ts_top60==1,0.3301231960455577,0.3301231960455577,0.014681202825635647,0.24981532990932465,0.20958024691358024,0.02795124982925134,1.0,1.0,0.5185185185185185,2407,,,-0.011515149592058604,-0.01789288715308493,-0.001855399347853852,-0.00030753690892989984,,0.3333333333333333,0.011039375193256004,0.6945677169813307,0.6666666666666666,0.005761659685634454,0.0015249858341554849,-2.826759928217457,0.2467231158219326,0.13475975802376108,1.882189724824977e-05,7.544929973359981,0.007557560509984211,0.007557560509984211,9.540352373113854e-05,0.3300277925218265,3,1,1,4,4,stage_a_context,,long,4-way,True,,production,0.011039375193256004,0.0015249858341554849,0.02816507066147252,0.2833580246913581,primary_target,0,rejected,research,"{""checks"": {""n_folds"": {""value"": 3, ""threshold"": 3, ""passed"": true}, ""presence_freq"": {""value"": 1.0, ""threshold"": 0.75, ""passed"": true}, ""directional_mean_ret"": {""value"": 0.3301231960455577, ""threshold"": 0.0, ""passed"": true}, ""hurdle_excess"": {""value"": 0.3300277925218265, ""threshold"": 0.0, ""passed"": true}, ""min_support_actual"": {""value"": 2407, ""threshold"": 50, ""passed"": true}, ""is_structurally_sound"": {""value"": false, ""passed"": false}, ""trade_path_quality_score"": {""value"": 1.882189724824977e-05, ""threshold"": 0.0, ""passed"": true}}, ""failures"": [""structural_soundness_fail: ""], ""warnings"": [], ""classification"": ""research""}"
(*)|(loc_dist_ema20_atr_ts_top80==0)|(reg_atr_change_rate_ts_top30==1&reg_atr_change_rate_ts_top60==1),*,loc_dist_ema20_atr_ts_top80==0,reg_atr_change_rate_ts_top30==1&reg_atr_change_rate_ts_top60==1,0.3301231960455577,0.3301231960455577,0.014681202825635647,0.24981532990932465,0.20958024691358024,0.02795124982925134,1.0,1.0,0.5185185185185185,2407,,,-0.011515149592058604,-0.01789288715308493,-0.001855399347853852,-0.00030753690892989984,,0.3333333333333333,0.011039375193256004,0.6945677169813307,0.6666666666666666,0.005761659685634454,0.0015249858341554849,-2.826759928217457,0.2467231158219326,0.13475975802376108,1.882189724824977e-05,7.544929973359981,0.007557560509984211,0.007557560509984211,7.420274067977441e-05,0.3300489933048779,3,1,1,3,3,stage_a_context,,long,3-way,True,,production,0.011039375193256004,0.0015249858341554849,0.02816507066147252,0.2833580246913581,primary_target,0,rejected,research,"{""checks"": {""n_folds"": {""value"": 3, ""threshold"": 3, ""passed"": true}, ""presence_freq"": {""value"": 1.0, ""threshold"": 0.75, ""passed"": true}, ""directional_mean_ret"": {""value"": 0.3301231960455577, ""threshold"": 0.0, ""passed"": true}, ""hurdle_excess"": {""value"": 0.3300489933048779, ""threshold"": 0.0, ""passed"": true}, ""min_support_actual"": {""value"": 2407, ""threshold"": 50, ""passed"": true}, ""is_structurally_sound"": {""value"": false, ""passed"": false}, ""trade_path_quality_score"": {""value"": 1.882189724824977e-05, ""threshold"": 0.0, ""passed"": true}}, ""failures"": [""structural_soundness_fail: ""], ""warnings"": [], ""classification"": ""research""}"
(*)|(loc_dist_ema20_atr_ts_top80==0)|(reg_atr_change_rate_ts_top40==1&reg_atr_change_rate_ts_top60==1),*,loc_dist_ema20_atr_ts_top80==0,reg_atr_change_rate_ts_top40==1&reg_atr_change_rate_ts_top60==1,0.3301231960455577,0.3301231960455577,0.014681202825635647,0.24981532990932465,0.20958024691358024,0.02795124982925134,1.0,1.0,0.5185185185185185,2407,,,-0.011515149592058604,-0.01789288715308493,-0.001855399347853852,-0.00030753690892989984,,0.3333333333333333,0.011039375193256004,0.6945677169813307,0.6666666666666666,0.005761659685634454,0.0015249858341554849,-2.826759928217457,0.2467231158219326,0.13475975802376108,1.882189724824977e-05,7.544929973359981,0.007557560509984211,0.007557560509984211,7.420274067977441e-05,0.3300489933048779,3,1,1,3,3,stage_a_context,,long,3-way,True,,production,0.011039375193256004,0.0015249858341554849,0.02816507066147252,0.2833580246913581,primary_target,0,rejected,research,"{""checks"": {""n_folds"": {""value"": 3, ""threshold"": 3, ""passed"": true}, ""presence_freq"": {""value"": 1.0, ""threshold"": 0.75, ""passed"": true}, ""directional_mean_ret"": {""value"": 0.3301231960455577, ""threshold"": 0.0, ""passed"": true}, ""hurdle_excess"": {""value"": 0.3300489933048779, ""threshold"": 0.0, ""passed"": true}, ""min_support_actual"": {""value"": 2407, ""threshold"": 50, ""passed"": true}, ""is_structurally_sound"": {""value"": false, ""passed"": false}, ""trade_path_quality_score"": {""value"": 1.882189724824977e-05, ""threshold"": 0.0, ""passed"": true}}, ""failures"": [""structural_soundness_fail: ""], ""warnings"": [], ""classification"": ""research""}"
(*)|(*)|(reg_atr_change_rate_ts_band25_75==0&reg_atr_change_rate_ts_top20==1&reg_atr_change_rate_ts_top60==1&reg_atr_change_rate_ts_top80==0),*,*,reg_atr_change_rate_ts_band25_75==0&reg_atr_change_rate_ts_top20==1&reg_atr_change_rate_ts_top60==1&reg_atr_change_rate_ts_top80==0,0.32230372230211896,0.32230372230211896,0.012904199517365418,0.2535871167977651,0.051975308641975304,0.010559879267529295,1.0,1.0,0.5261904761904762,536,,,-0.015078946265298468,-0.021182810645544514,-0.016586981821830795,-0.009729099663318586,,0.0,,,,0.0005354503575255622,,,,0.11092728112187189,1.901599654325923e-05,7.673201158160917,0.006879628390082864,0.006879628390082864,9.207573388203018e-05,0.3222116465682369,3,1,1,4,4,stage_a_context,,long,4-way,True,,production,,,0.05374444851875874,0.2526748971193414,primary_target,0,rejected,research,"{""checks"": {""n_folds"": {""value"": 3, ""threshold"": 3, ""passed"": true}, ""presence_freq"": {""value"": 1.0, ""threshold"": 0.75, ""passed"": true}, ""directional_mean_ret"": {""value"": 0.32230372230211896, ""threshold"": 0.0, ""passed"": true}, ""hurdle_excess"": {""value"": 0.3222116465682369, ""threshold"": 0.0, ""passed"": true}, ""min_support_actual"": {""value"": 536, ""threshold"": 50, ""passed"": true}, ""is_structurally_sound"": {""value"": false, ""passed"": false}, ""trade_path_quality_score"": {""value"": 1.901599654325923e-05, ""threshold"": 0.0, ""passed"": true}}, ""failures"": [""structural_soundness_fail: ""], ""warnings"": [], ""classification"": ""research""}"
(*)|(*)|(reg_atr_change_rate_ts_band25_75==0&reg_atr_change_rate_ts_top30==1&reg_atr_change_rate_ts_top60==1&reg_atr_change_rate_ts_top80==0),*,*,reg_atr_change_rate_ts_band25_75==0&reg_atr_change_rate_ts_top30==1&reg_atr_change_rate_ts_top60==1&reg_atr_change_rate_ts_top80==0,0.32230372230211896,0.32230372230211896,0.012904199517365418,0.2535871167977651,0.051975308641975304,0.010559879267529295,1.0,1.0,0.5261904761904762,536,,,-0.015078946265298468,-0.021182810645544514,-0.016586981821830795,-0.009729099663318586,,0.0,,,,0.0005354503575255622,,,,0.11092728112187189,1.901599654325923e-05,7.673201158160917,0.006879628390082864,0.006879628390082864,9.207573388203018e-05,0.3222116465682369,3,2,2,4,4,stage_a_context,,long,4-way,True,,production,,,0.05374444851875874,0.2526748971193414,primary_target,0,rejected,research,"{""checks"": {""n_folds"": {""value"": 3, ""threshold"": 3, ""passed"": true}, ""presence_freq"": {""value"": 1.0, ""threshold"": 0.75, ""passed"": true}, ""directional_mean_ret"": {""value"": 0.32230372230211896, ""threshold"": 0.0, ""passed"": true}, ""hurdle_excess"": {""value"": 0.3222116465682369, ""threshold"": 0.0, ""passed"": true}, ""min_support_actual"": {""value"": 536, ""threshold"": 50, ""passed"": true}, ""is_structurally_sound"": {""value"": false, ""passed"": false}, ""trade_path_quality_score"": {""value"": 1.901599654325923e-05, ""threshold"": 0.0, ""passed"": true}}, ""failures"": [""structural_soundness_fail: ""], ""warnings"": [], ""classification"": ""research""}"
(*)|(*)|(reg_atr_change_rate_ts_band25_75==0&reg_atr_change_rate_ts_top30==1&reg_atr_change_rate_ts_top70==1&reg_atr_change_rate_ts_top80==0),*,*,reg_atr_change_rate_ts_band25_75==0&reg_atr_change_rate_ts_top30==1&reg_atr_change_rate_ts_top70==1&reg_atr_change_rate_ts_top80==0,0.32230372230211896,0.32230372230211896,0.012904199517365418,0.2535871167977651,0.051975308641975304,0.010559879267529295,1.0,1.0,0.5261904761904762,536,,,-0.015078946265298468,-0.021182810645544514,-0.016586981821830795,-0.009729099663318586,,0.0,,,,0.0005354503575255622,,,,0.11092728112187189,1.901599654325923e-05,7.673201158160917,0.006879628390082864,0.006879628390082864,9.207573388203018e-05,0.3222116465682369,3,1,1,4,4,stage_a_context,,long,4-way,True,,production,,,0.05374444851875874,0.2526748971193414,primary_target,0,rejected,research,"{""checks"": {""n_folds"": {""value"": 3, ""threshold"": 3, ""passed"": true}, ""presence_freq"": {""value"": 1.0, ""threshold"": 0.75, ""passed"": true}, ""directional_mean_ret"": {""value"": 0.32230372230211896, ""threshold"": 0.0, ""passed"": true}, ""hurdle_excess"": {""value"": 0.3222116465682369, ""threshold"": 0.0, ""passed"": true}, ""min_support_actual"": {""value"": 536, ""threshold"": 50, ""passed"": true}, ""is_structurally_sound"": {""value"": false, ""passed"": false}, ""trade_path_quality_score"": {""value"": 1.901599654325923e-05, ""threshold"": 0.0, ""passed"": true}}, ""failures"": [""structural_soundness_fail: ""], ""warnings"": [], ""classification"": ""research""}"
(*)|(*)|(reg_atr_change_rate_ts_band25_75==0&reg_atr_change_rate_ts_top30==1&reg_atr_change_rate_ts_top80==0),*,*,reg_atr_change_rate_ts_band25_75==0&reg_atr_change_rate_ts_top30==1&reg_atr_change_rate_ts_top80==0,0.32230372230211896,0.32230372230211896,0.012904199517365418,0.2535871167977651,0.051975308641975304,0.010559879267529295,1.0,1.0,0.5261904761904762,536,,,-0.015078946265298468,-0.021182810645544514,-0.016586981821830795,-0.009729099663318586,,0.0,,,,0.0005354503575255622,,,,0.11092728112187189,1.901599654325923e-05,7.673201158160917,0.006879628390082864,0.006879628390082864,7.161445968602345e-05,0.32223210784243295,3,1,1,3,3,stage_a_context,,long,3-way,True,,production,,,0.05374444851875874,0.2526748971193414,primary_target,0,rejected,research,"{""checks"": {""n_folds"": {""value"": 3, ""threshold"": 3, ""passed"": true}, ""presence_freq"": {""value"": 1.0, ""threshold"": 0.75, ""passed"": true}, ""directional_mean_ret"": {""value"": 0.32230372230211896, ""threshold"": 0.0, ""passed"": true}, ""hurdle_excess"": {""value"": 0.32223210784243295, ""threshold"": 0.0, ""passed"": true}, ""min_support_actual"": {""value"": 536, ""threshold"": 50, ""passed"": true}, ""is_structurally_sound"": {""value"": false, ""passed"": false}, ""trade_path_quality_score"": {""value"": 1.901599654325923e-05, ""threshold"": 0.0, ""passed"": true}}, ""failures"": [""structural_soundness_fail: ""], ""warnings"": [], ""classification"": ""research""}"
(*)|(*)|(reg_atr_change_rate_ts_band25_75==0&reg_atr_change_rate_ts_top40==1&reg_atr_change_rate_ts_top60==1&reg_atr_change_rate_ts_top80==0),*,*,reg_atr_change_rate_ts_band25_75==0&reg_atr_change_rate_ts_top40==1&reg_atr_change_rate_ts_top60==1&reg_atr_change_rate_ts_top80==0,0.32230372230211896,0.32230372230211896,0.012904199517365418,0.2535871167977651,0.051975308641975304,0.010559879267529295,1.0,1.0,0.5261904761904762,536,,,-0.015078946265298468,-0.021182810645544514,-0.016586981821830795,-0.009729099663318586,,0.0,,,,0.0005354503575255622,,,,0.11092728112187189,1.901599654325923e-05,7.673201158160917,0.006879628390082864,0.006879628390082864,9.207573388203018e-05,0.3222116465682369,3,2,2,4,4,stage_a_context,,long,4-way,True,,production,,,0.05374444851875874,0.2526748971193414,primary_target,0,rejected,research,"{""checks"": {""n_folds"": {""value"": 3, ""threshold"": 3, ""passed"": true}, ""presence_freq"": {""value"": 1.0, ""threshold"": 0.75, ""passed"": true}, ""directional_mean_ret"": {""value"": 0.32230372230211896, ""threshold"": 0.0, ""passed"": true}, ""hurdle_excess"": {""value"": 0.3222116465682369, ""threshold"": 0.0, ""passed"": true}, ""min_support_actual"": {""value"": 536, ""threshold"": 50, ""passed"": true}, ""is_structurally_sound"": {""value"": false, ""passed"": false}, ""trade_path_quality_score"": {""value"": 1.901599654325923e-05, ""threshold"": 0.0, ""passed"": true}}, ""failures"": [""structural_soundness_fail: ""], ""warnings"": [], ""classification"": ""research""}"
(*)|(*)|(reg_atr_change_rate_ts_band25_75==0&reg_atr_change_rate_ts_top40==1&reg_atr_change_rate_ts_top80==0),*,*,reg_atr_change_rate_ts_band25_75==0&reg_atr_change_rate_ts_top40==1&reg_atr_change_rate_ts_top80==0,0.32230372230211896,0.32230372230211896,0.012904199517365418,0.2535871167977651,0.051975308641975304,0.010559879267529295,1.0,1.0,0.5261904761904762,536,,,-0.015078946265298468,-0.021182810645544514,-0.016586981821830795,-0.009729099663318586,,0.0,,,,0.0005354503575255622,,,,0.11092728112187189,1.901599654325923e-05,7.673201158160917,0.006879628390082864,0.006879628390082864,7.161445968602345e-05,0.32223210784243295,3,3,3,3,3,stage_a_context,,long,3-way,True,,production,,,0.05374444851875874,0.2526748971193414,primary_target,0,rejected,research,"{""checks"": {""n_folds"": {""value"": 3, ""threshold"": 3, ""passed"": true}, ""presence_freq"": {""value"": 1.0, ""threshold"": 0.75, ""passed"": true}, ""directional_mean_ret"": {""value"": 0.32230372230211896, ""threshold"": 0.0, ""passed"": true}, ""hurdle_excess"": {""value"": 0.32223210784243295, ""threshold"": 0.0, ""passed"": true}, ""min_support_actual"": {""value"": 536, ""threshold"": 50, ""passed"": true}, ""is_structurally_sound"": {""value"": false, ""passed"": false}, ""trade_path_quality_score"": {""value"": 1.901599654325923e-05, ""threshold"": 0.0, ""passed"": true}}, ""failures"": [""structural_soundness_fail: ""], ""warnings"": [], ""classification"": ""research""}"
(*)|(*)|(reg_atr_change_rate_ts_top30==1&reg_atr_change_rate_ts_top60==1&reg_atr_change_rate_ts_top80==0&reg_atr_compression_ratio_ts_band25_75==0),*,*,reg_atr_change_rate_ts_top30==1&reg_atr_change_rate_ts_top60==1&reg_atr_change_rate_ts_top80==0&reg_atr_compression_ratio_ts_band25_75==0,0.32230372230211896,0.32230372230211896,0.012904199517365418,0.2535871167977651,0.051975308641975304,0.010559879267529295,1.0,1.0,0.5261904761904762,536,,,-0.015078946265298468,-0.021182810645544514,-0.016586981821830795,-0.009729099663318586,,0.0,,,,0.0005354503575255622,,,,0.11092728112187189,1.901599654325923e-05,7.673201158160917,0.006879628390082864,0.006879628390082864,9.207573388203018e-05,0.3222116465682369,3,1,1,4,4,stage_a_context,,long,4-way,True,,production,,,0.05374444851875874,0.2526748971193414,primary_target,0,rejected,research,"{""checks"": {""n_folds"": {""value"": 3, ""threshold"": 3, ""passed"": true}, ""presence_freq"": {""value"": 1.0, ""threshold"": 0.75, ""passed"": true}, ""directional_mean_ret"": {""value"": 0.32230372230211896, ""threshold"": 0.0, ""passed"": true}, ""hurdle_excess"": {""value"": 0.3222116465682369, ""threshold"": 0.0, ""passed"": true}, ""min_support_actual"": {""value"": 536, ""threshold"": 50, ""passed"": true}, ""is_structurally_sound"": {""value"": false, ""passed"": false}, ""trade_path_quality_score"": {""value"": 1.901599654325923e-05, ""threshold"": 0.0, ""passed"": true}}, ""failures"": [""structural_soundness_fail: ""], ""warnings"": [], ""classification"": ""research""}"
(*)|(loc_dist_ema20_atr_ts_band25_75==0)|(reg_atr_change_rate_ts_top60==1&reg_atr_change_rate_ts_top80==0),*,loc_dist_ema20_atr_ts_band25_75==0,reg_atr_change_rate_ts_top60==1&reg_atr_change_rate_ts_top80==0,0.32230372230211896,0.32230372230211896,0.012904199517365418,0.2535871167977651,0.051975308641975304,0.010559879267529295,1.0,1.0,0.5261904761904762,536,,,-0.015078946265298468,-0.021182810645544514,-0.016586981821830795,-0.009729099663318586,,0.0,,,,0.0005354503575255622,,,,0.11092728112187189,1.901599654325923e-05,7.673201158160917,0.006879628390082864,0.006879628390082864,7.161445968602345e-05,0.32223210784243295,3,1,1,3,3,stage_a_context,,long,3-way,True,,production,,,0.05374444851875874,0.2526748971193414,primary_target,0,rejected,research,"{""checks"": {""n_folds"": {""value"": 3, ""threshold"": 3, ""passed"": true}, ""presence_freq"": {""value"": 1.0, ""threshold"": 0.75, ""passed"": true}, ""directional_mean_ret"": {""value"": 0.32230372230211896, ""threshold"": 0.0, ""passed"": true}, ""hurdle_excess"": {""value"": 0.32223210784243295, ""threshold"": 0.0, ""passed"": true}, ""min_support_actual"": {""value"": 536, ""threshold"": 50, ""passed"": true}, ""is_structurally_sound"": {""value"": false, ""passed"": false}, ""trade_path_quality_score"": {""value"": 1.901599654325923e-05, ""threshold"": 0.0, ""passed"": true}}, ""failures"": [""structural_soundness_fail: ""], ""warnings"": [], ""classification"": ""research""}"
(*)|(loc_dist_ema20_atr_ts_top40==1)|(reg_atr_change_rate_ts_band25_75==0&reg_atr_change_rate_ts_bot80==1&reg_atr_change_rate_ts_top60==1),*,loc_dist_ema20_atr_ts_top40==1,reg_atr_change_rate_ts_band25_75==0&reg_atr_change_rate_ts_bot80==1&reg_atr_change_rate_ts_top60==1,0.32230372230211896,0.32230372230211896,0.012904199517365418,0.2535871167977651,0.051975308641975304,0.010559879267529295,1.0,1.0,0.5261904761904762,536,,,-0.015078946265298468,-0.021182810645544514,-0.016586981821830795,-0.009729099663318586,,0.0,,,,0.0005354503575255622,,,,0.11092728112187189,1.901599654325923e-05,7.673201158160917,0.006879628390082864,0.006879628390082864,9.207573388203018e-05,0.3222116465682369,3,1,1,4,4,stage_a_context,,long,4-way,True,,production,,,0.05374444851875874,0.2526748971193414,primary_target,0,rejected,research,"{""checks"": {""n_folds"": {""value"": 3, ""threshold"": 3, ""passed"": true}, ""presence_freq"": {""value"": 1.0, ""threshold"": 0.75, ""passed"": true}, ""directional_mean_ret"": {""value"": 0.32230372230211896, ""threshold"": 0.0, ""passed"": true}, ""hurdle_excess"": {""value"": 0.3222116465682369, ""threshold"": 0.0, ""passed"": true}, ""min_support_actual"": {""value"": 536, ""threshold"": 50, ""passed"": true}, ""is_structurally_sound"": {""value"": false, ""passed"": false}, ""trade_path_quality_score"": {""value"": 1.901599654325923e-05, ""threshold"": 0.0, ""passed"": true}}, ""failures"": [""structural_soundness_fail: ""], ""warnings"": [], ""classification"": ""research""}"
(*)|(loc_dist_ema20_atr_ts_top50==1)|(reg_atr_change_rate_ts_band25_75==0&reg_atr_change_rate_ts_top60==1&reg_atr_change_rate_ts_top80==0),*,loc_dist_ema20_atr_ts_top50==1,reg_atr_change_rate_ts_band25_75==0&reg_atr_change_rate_ts_top60==1&reg_atr_change_rate_ts_top80==0,0.32230372230211896,0.32230372230211896,0.012904199517365418,0.2535871167977651,0.051975308641975304,0.010559879267529295,1.0,1.0,0.5261904761904762,536,,,-0.015078946265298468,-0.021182810645544514,-0.016586981821830795,-0.009729099663318586,,0.0,,,,0.0005354503575255622,,,,0.11092728112187189,1.901599654325923e-05,7.673201158160917,0.006879628390082864,0.006879628390082864,9.207573388203018e-05,0.3222116465682369,3,1,1,4,4,stage_a_context,,long,4-way,True,,production,,,0.05374444851875874,0.2526748971193414,primary_target,0,rejected,research,"{""checks"": {""n_folds"": {""value"": 3, ""threshold"": 3, ""passed"": true}, ""presence_freq"": {""value"": 1.0, ""threshold"": 0.75, ""passed"": true}, ""directional_mean_ret"": {""value"": 0.32230372230211896, ""threshold"": 0.0, ""passed"": true}, ""hurdle_excess"": {""value"": 0.3222116465682369, ""threshold"": 0.0, ""passed"": true}, ""min_support_actual"": {""value"": 536, ""threshold"": 50, ""passed"": true}, ""is_structurally_sound"": {""value"": false, ""passed"": false}, ""trade_path_quality_score"": {""value"": 1.901599654325923e-05, ""threshold"": 0.0, ""passed"": true}}, ""failures"": [""structural_soundness_fail: ""], ""warnings"": [], ""classification"": ""research""}"
(*)|(loc_dist_ema20_atr_ts_top60==1)|(reg_atr_change_rate_ts_band25_75==0&reg_atr_change_rate_ts_top40==1&reg_atr_change_rate_ts_top80==0),*,loc_dist_ema20_atr_ts_top60==1,reg_atr_change_rate_ts_band25_75==0&reg_atr_change_rate_ts_top40==1&reg_atr_change_rate_ts_top80==0,0.32230372230211896,0.32230372230211896,0.012904199517365418,0.2535871167977651,0.051975308641975304,0.010559879267529295,1.0,1.0,0.5261904761904762,536,,,-0.015078946265298468,-0.021182810645544514,-0.016586981821830795,-0.009729099663318586,,0.0,,,,0.0005354503575255622,,,,0.11092728112187189,1.901599654325923e-05,7.673201158160917,0.006879628390082864,0.006879628390082864,9.207573388203018e-05,0.3222116465682369,3,1,1,4,4,stage_a_context,,long,4-way,True,,production,,,0.05374444851875874,0.2526748971193414,primary_target,0,rejected,research,"{""checks"": {""n_folds"": {""value"": 3, ""threshold"": 3, ""passed"": true}, ""presence_freq"": {""value"": 1.0, ""threshold"": 0.75, ""passed"": true}, ""directional_mean_ret"": {""value"": 0.32230372230211896, ""threshold"": 0.0, ""passed"": true}, ""hurdle_excess"": {""value"": 0.3222116465682369, ""threshold"": 0.0, ""passed"": true}, ""min_support_actual"": {""value"": 536, ""threshold"": 50, ""passed"": true}, ""is_structurally_sound"": {""value"": false, ""passed"": false}, ""trade_path_quality_score"": {""value"": 1.901599654325923e-05, ""threshold"": 0.0, ""passed"": true}}, ""failures"": [""structural_soundness_fail: ""], ""warnings"": [], ""classification"": ""research""}"
(*)|(loc_dist_ema20_atr_ts_top60==1)|(reg_atr_change_rate_ts_band25_75==0&reg_atr_change_rate_ts_top80==0),*,loc_dist_ema20_atr_ts_top60==1,reg_atr_change_rate_ts_band25_75==0&reg_atr_change_rate_ts_top80==0,0.32230372230211896,0.32230372230211896,0.012904199517365418,0.2535871167977651,0.051975308641975304,0.010559879267529295,1.0,1.0,0.5261904761904762,536,,,-0.015078946265298468,-0.021182810645544514,-0.016586981821830795,-0.009729099663318586,,0.0,,,,0.0005354503575255622,,,,0.11092728112187189,1.901599654325923e-05,7.673201158160917,0.006879628390082864,0.006879628390082864,7.161445968602345e-05,0.32223210784243295,3,1,1,3,3,stage_a_context,,long,3-way,True,,production,,,0.05374444851875874,0.2526748971193414,primary_target,0,rejected,research,"{""checks"": {""n_folds"": {""value"": 3, ""threshold"": 3, ""passed"": true}, ""presence_freq"": {""value"": 1.0, ""threshold"": 0.75, ""passed"": true}, ""directional_mean_ret"": {""value"": 0.32230372230211896, ""threshold"": 0.0, ""passed"": true}, ""hurdle_excess"": {""value"": 0.32223210784243295, ""threshold"": 0.0, ""passed"": true}, ""min_support_actual"": {""value"": 536, ""threshold"": 50, ""passed"": true}, ""is_structurally_sound"": {""value"": false, ""passed"": false}, ""trade_path_quality_score"": {""value"": 1.901599654325923e-05, ""threshold"": 0.0, ""passed"": true}}, ""failures"": [""structural_soundness_fail: ""], ""warnings"": [], ""classification"": ""research""}"
(*)|(loc_dist_ema20_atr_ts_top70==1&loc_dist_ema20_atr_ts_top80==0)|(reg_atr_change_rate_ts_band25_75==0&reg_atr_change_rate_ts_top40==1),*,loc_dist_ema20_atr_ts_top70==1&loc_dist_ema20_atr_ts_top80==0,reg_atr_change_rate_ts_band25_75==0&reg_atr_change_rate_ts_top40==1,0.32230372230211896,0.32230372230211896,0.012904199517365418,0.2535871167977651,0.051975308641975304,0.010559879267529295,1.0,1.0,0.5261904761904762,536,,,-0.015078946265298468,-0.021182810645544514,-0.016586981821830795,-0.009729099663318586,,0.0,,,,0.0005354503575255622,,,,0.11092728112187189,1.901599654325923e-05,7.673201158160917,0.006879628390082864,0.006879628390082864,9.207573388203018e-05,0.3222116465682369,3,1,1,4,4,stage_a_context,,long,4-way,True,,production,,,0.05374444851875874,0.2526748971193414,primary_target,0,rejected,research,"{""checks"": {""n_folds"": {""value"": 3, ""threshold"": 3, ""passed"": true}, ""presence_freq"": {""value"": 1.0, ""threshold"": 0.75, ""passed"": true}, ""directional_mean_ret"": {""value"": 0.32230372230211896, ""threshold"": 0.0, ""passed"": true}, ""hurdle_excess"": {""value"": 0.3222116465682369, ""threshold"": 0.0, ""passed"": true}, ""min_support_actual"": {""value"": 536, ""threshold"": 50, ""passed"": true}, ""is_structurally_sound"": {""value"": false, ""passed"": false}, ""trade_path_quality_score"": {""value"": 1.901599654325923e-05, ""threshold"": 0.0, ""passed"": true}}, ""failures"": [""structural_soundness_fail: ""], ""warnings"": [], ""classification"": ""research""}"
(*)|(loc_dist_ema20_atr_ts_top80==0)|(reg_atr_change_rate_ts_band25_75==0&reg_atr_change_rate_ts_top20==1&reg_atr_change_rate_ts_top60==1),*,loc_dist_ema20_atr_ts_top80==0,reg_atr_change_rate_ts_band25_75==0&reg_atr_change_rate_ts_top20==1&reg_atr_change_rate_ts_top60==1,0.32230372230211896,0.32230372230211896,0.012904199517365418,0.2535871167977651,0.051975308641975304,0.010559879267529295,1.0,1.0,0.5261904761904762,536,,,-0.015078946265298468,-0.021182810645544514,-0.016586981821830795,-0.009729099663318586,,0.0,,,,0.0005354503575255622,,,,0.11092728112187189,1.901599654325923e-05,7.673201158160917,0.006879628390082864,0.006879628390082864,9.207573388203018e-05,0.3222116465682369,3,1,1,4,4,stage_a_context,,long,4-way,True,,production,,,0.05374444851875874,0.2526748971193414,primary_target,0,rejected,research,"{""checks"": {""n_folds"": {""value"": 3, ""threshold"": 3, ""passed"": true}, ""presence_freq"": {""value"": 1.0, ""threshold"": 0.75, ""passed"": true}, ""directional_mean_ret"": {""value"": 0.32230372230211896, ""threshold"": 0.0, ""passed"": true}, ""hurdle_excess"": {""value"": 0.3222116465682369, ""threshold"": 0.0, ""passed"": true}, ""min_support_actual"": {""value"": 536, ""threshold"": 50, ""passed"": true}, ""is_structurally_sound"": {""value"": false, ""passed"": false}, ""trade_path_quality_score"": {""value"": 1.901599654325923e-05, ""threshold"": 0.0, ""passed"": true}}, ""failures"": [""structural_soundness_fail: ""], ""warnings"": [], ""classification"": ""research""}"
(*)|(*)|(reg_atr_change_rate_ts_top20==1&reg_atr_change_rate_ts_top70==1&reg_atr_change_rate_ts_top80==0),*,*,reg_atr_change_rate_ts_top20==1&reg_atr_change_rate_ts_top70==1&reg_atr_change_rate_ts_top80==0,0.32560667395591736,0.32560667395591736,0.013353333575565897,0.2530501385529836,0.10395061728395061,0.020153352027073433,1.0,1.0,0.5057736720554272,1100,,,-0.016147587816144032,-0.027167506446441805,-0.02429863801151966,-0.009203194283534073,,0.3333333333333333,0.004173172378056439,0.22063668238383977,0.6666666666666666,0.004345206419944683,-0.005341216981044079,-17.9285561040797,0.0027771979076422764,0.05446986667804574,1.9365125472491197e-05,7.644707197115254,0.005743862992549248,0.005743862992549248,7.000546258192348e-05,0.32553666849333546,3,1,1,3,3,stage_a_context,,long,3-way,True,,production,0.004173172378056439,-0.005341216981044079,0.03400863525724936,1.0,primary_target,0,rejected,research,"{""checks"": {""n_folds"": {""value"": 3, ""threshold"": 3, ""passed"": true}, ""presence_freq"": {""value"": 1.0, ""threshold"": 0.75, ""passed"": true}, ""directional_mean_ret"": {""value"": 0.32560667395591736, ""threshold"": 0.0, ""passed"": true}, ""hurdle_excess"": {""value"": 0.32553666849333546, ""threshold"": 0.0, ""passed"": true}, ""min_support_actual"": {""value"": 1100, ""threshold"": 50, ""passed"": true}, ""is_structurally_sound"": {""value"": false, ""passed"": false}, ""trade_path_quality_score"": {""value"": 1.9365125472491197e-05, ""threshold"": 0.0, ""passed"": true}}, ""failures"": [""structural_soundness_fail: ""], ""warnings"": [], ""classification"": ""research""}"
(*)|(*)|(reg_atr_change_rate_ts_top30==1&reg_atr_change_rate_ts_top60==1&reg_atr_change_rate_ts_top70==1&reg_atr_change_rate_ts_top80==0),*,*,reg_atr_change_rate_ts_top30==1&reg_atr_change_rate_ts_top60==1&reg_atr_change_rate_ts_top70==1&reg_atr_change_rate_ts_top80==0,0.32560667395591736,0.32560667395591736,0.013353333575565897,0.2530501385529836,0.10395061728395061,0.020153352027073433,1.0,1.0,0.5057736720554272,1100,,,-0.016147587816144032,-0.027167506446441805,-0.02429863801151966,-0.009203194283534073,,0.3333333333333333,0.004173172378056439,0.22063668238383977,0.6666666666666666,0.004345206419944683,-0.005341216981044079,-17.9285561040797,0.0027771979076422764,0.05446986667804574,1.9365125472491197e-05,7.644707197115254,0.005743862992549248,0.005743862992549248,9.000702331961591e-05,0.32551666693259773,3,1,1,4,4,stage_a_context,,long,4-way,True,,production,0.004173172378056439,-0.005341216981044079,0.03400863525724936,1.0,primary_target,0,rejected,research,"{""checks"": {""n_folds"": {""value"": 3, ""threshold"": 3, ""passed"": true}, ""presence_freq"": {""value"": 1.0, ""threshold"": 0.75, ""passed"": true}, ""directional_mean_ret"": {""value"": 0.32560667395591736, ""threshold"": 0.0, ""passed"": true}, ""hurdle_excess"": {""value"": 0.32551666693259773, ""threshold"": 0.0, ""passed"": true}, ""min_support_actual"": {""value"": 1100, ""threshold"": 50, ""passed"": true}, ""is_structurally_sound"": {""value"": false, ""passed"": false}, ""trade_path_quality_score"": {""value"": 1.9365125472491197e-05, ""threshold"": 0.0, ""passed"": true}}, ""failures"": [""structural_soundness_fail: ""], ""warnings"": [], ""classification"": ""research""}"
(*)|(*)|(reg_atr_change_rate_ts_top30==1&reg_atr_change_rate_ts_top70==1&reg_atr_change_rate_ts_top80==0),*,*,reg_atr_change_rate_ts_top30==1&reg_atr_change_rate_ts_top70==1&reg_atr_change_rate_ts_top80==0,0.32560667395591736,0.32560667395591736,0.013353333575565897,0.2530501385529836,0.10395061728395061,0.020153352027073433,1.0,1.0,0.5057736720554272,1100,,,-0.016147587816144032,-0.027167506446441805,-0.02429863801151966,-0.009203194283534073,,0.3333333333333333,0.004173172378056439,0.22063668238383977,0.6666666666666666,0.004345206419944683,-0.005341216981044079,-17.9285561040797,0.0027771979076422764,0.05446986667804574,1.9365125472491197e-05,7.644707197115254,0.005743862992549248,0.005743862992549248,7.000546258192348e-05,0.32553666849333546,3,3,3,3,3,stage_a_context,,long,3-way,True,,production,0.004173172378056439,-0.005341216981044079,0.03400863525724936,1.0,primary_target,0,rejected,research,"{""checks"": {""n_folds"": {""value"": 3, ""threshold"": 3, ""passed"": true}, ""presence_freq"": {""value"": 1.0, ""threshold"": 0.75, ""passed"": true}, ""directional_mean_ret"": {""value"": 0.32560667395591736, ""threshold"": 0.0, ""passed"": true}, ""hurdle_excess"": {""value"": 0.32553666849333546, ""threshold"": 0.0, ""passed"": true}, ""min_support_actual"": {""value"": 1100, ""threshold"": 50, ""passed"": true}, ""is_structurally_sound"": {""value"": false, ""passed"": false}, ""trade_path_quality_score"": {""value"": 1.9365125472491197e-05, ""threshold"": 0.0, ""passed"": true}}, ""failures"": [""structural_soundness_fail: ""], ""warnings"": [], ""classification"": ""research""}"
(*)|(*)|(reg_atr_change_rate_ts_top40==1&reg_atr_change_rate_ts_top70==1&reg_atr_change_rate_ts_top80==0),*,*,reg_atr_change_rate_ts_top40==1&reg_atr_change_rate_ts_top70==1&reg_atr_change_rate_ts_top80==0,0.32560667395591736,0.32560667395591736,0.013353333575565897,0.2530501385529836,0.10395061728395061,0.020153352027073433,1.0,1.0,0.5057736720554272,1100,,,-0.016147587816144032,-0.027167506446441805,-0.02429863801151966,-0.009203194283534073,,0.3333333333333333,0.004173172378056439,0.22063668238383977,0.6666666666666666,0.004345206419944683,-0.005341216981044079,-17.9285561040797,0.0027771979076422764,0.05446986667804574,1.9365125472491197e-05,7.644707197115254,0.005743862992549248,0.005743862992549248,7.000546258192348e-05,0.32553666849333546,3,1,1,3,3,stage_a_context,,long,3-way,True,,production,0.004173172378056439,-0.005341216981044079,0.03400863525724936,1.0,primary_target,0,rejected,research,"{""checks"": {""n_folds"": {""value"": 3, ""threshold"": 3, ""passed"": true}, ""presence_freq"": {""value"": 1.0, ""threshold"": 0.75, ""passed"": true}, ""directional_mean_ret"": {""value"": 0.32560667395591736, ""threshold"": 0.0, ""passed"": true}, ""hurdle_excess"": {""value"": 0.32553666849333546, ""threshold"": 0.0, ""passed"": true}, ""min_support_actual"": {""value"": 1100, ""threshold"": 50, ""passed"": true}, ""is_structurally_sound"": {""value"": false, ""passed"": false}, ""trade_path_quality_score"": {""value"": 1.9365125472491197e-05, ""threshold"": 0.0, ""passed"": true}}, ""failures"": [""structural_soundness_fail: ""], ""warnings"": [], ""classification"": ""research""}"
(*)|(*)|(reg_atr_change_rate_ts_top50==1&reg_atr_change_rate_ts_top70==1&reg_atr_change_rate_ts_top80==0),*,*,reg_atr_change_rate_ts_top50==1&reg_atr_change_rate_ts_top70==1&reg_atr_change_rate_ts_top80==0,0.32560667395591736,0.32560667395591736,0.013353333575565897,0.2530501385529836,0.10395061728395061,0.020153352027073433,1.0,1.0,0.5057736720554272,1100,,,-0.016147587816144032,-0.027167506446441805,-0.02429863801151966,-0.009203194283534073,,0.3333333333333333,0.004173172378056439,0.22063668238383977,0.6666666666666666,0.004345206419944683,-0.005341216981044079,-17.9285561040797,0.0027771979076422764,0.05446986667804574,1.9365125472491197e-05,7.644707197115254,0.005743862992549248,0.005743862992549248,7.000546258192348e-05,0.32553666849333546,3,1,1,3,3,stage_a_context,,long,3-way,True,,production,0.004173172378056439,-0.005341216981044079,0.03400863525724936,1.0,primary_target,0,rejected,research,"{""checks"": {""n_folds"": {""value"": 3, ""threshold"": 3, ""passed"": true}, ""presence_freq"": {""value"": 1.0, ""threshold"": 0.75, ""passed"": true}, ""directional_mean_ret"": {""value"": 0.32560667395591736, ""threshold"": 0.0, ""passed"": true}, ""hurdle_excess"": {""value"": 0.32553666849333546, ""threshold"": 0.0, ""passed"": true}, ""min_support_actual"": {""value"": 1100, ""threshold"": 50, ""passed"": true}, ""is_structurally_sound"": {""value"": false, ""passed"": false}, ""trade_path_quality_score"": {""value"": 1.9365125472491197e-05, ""threshold"": 0.0, ""passed"": true}}, ""failures"": [""structural_soundness_fail: ""], ""warnings"": [], ""classification"": ""research""}"
(*)|(*)|(reg_atr_change_rate_ts_top60==1&reg_atr_change_rate_ts_top70==1&reg_atr_change_rate_ts_top80==0),*,*,reg_atr_change_rate_ts_top60==1&reg_atr_change_rate_ts_top70==1&reg_atr_change_rate_ts_top80==0,0.32560667395591736,0.32560667395591736,0.013353333575565897,0.2530501385529836,0.10395061728395061,0.020153352027073433,1.0,1.0,0.5057736720554272,1100,,,-0.016147587816144032,-0.027167506446441805,-0.02429863801151966,-0.009203194283534073,,0.3333333333333333,0.004173172378056439,0.22063668238383977,0.6666666666666666,0.004345206419944683,-0.005341216981044079,-17.9285561040797,0.0027771979076422764,0.05446986667804574,1.9365125472491197e-05,7.644707197115254,0.005743862992549248,0.005743862992549248,7.000546258192348e-05,0.32553666849333546,3,3,3,3,3,stage_a_context,,long,3-way,True,,production,0.004173172378056439,-0.005341216981044079,0.03400863525724936,1.0,primary_target,0,rejected,research,"{""checks"": {""n_folds"": {""value"": 3, ""threshold"": 3, ""passed"": true}, ""presence_freq"": {""value"": 1.0, ""threshold"": 0.75, ""passed"": true}, ""directional_mean_ret"": {""value"": 0.32560667395591736, ""threshold"": 0.0, ""passed"": true}, ""hurdle_excess"": {""value"": 0.32553666849333546, ""threshold"": 0.0, ""passed"": true}, ""min_support_actual"": {""value"": 1100, ""threshold"": 50, ""passed"": true}, ""is_structurally_sound"": {""value"": false, ""passed"": false}, ""trade_path_quality_score"": {""value"": 1.9365125472491197e-05, ""threshold"": 0.0, ""passed"": true}}, ""failures"": [""structural_soundness_fail: ""], ""warnings"": [], ""classification"": ""research""}"
(*)|(loc_dist_ema20_atr_ts_top40==1&loc_dist_ema20_atr_ts_top70==1&loc_dist_ema20_atr_ts_top80==0)|(*),*,loc_dist_ema20_atr_ts_top40==1&loc_dist_ema20_atr_ts_top70==1&loc_dist_ema20_atr_ts_top80==0,*,0.32560667395591736,0.32560667395591736,0.013353333575565897,0.2530501385529836,0.10395061728395061,0.020153352027073433,1.0,1.0,0.5057736720554272,1100,,,-0.016147587816144032,-0.027167506446441805,-0.02429863801151966,-0.009203194283534073,,0.3333333333333333,0.004173172378056439,0.22063668238383977,0.6666666666666666,0.004345206419944683,-0.005341216981044079,-17.9285561040797,0.0027771979076422764,0.05446986667804574,1.9365125472491197e-05,7.644707197115254,0.005743862992549248,0.005743862992549248,7.000546258192348e-05,0.32553666849333546,3,1,1,3,3,stage_a_context,,long,3-way,True,,production,0.004173172378056439,-0.005341216981044079,0.03400863525724936,1.0,primary_target,0,rejected,research,"{""checks"": {""n_folds"": {""value"": 3, ""threshold"": 3, ""passed"": true}, ""presence_freq"": {""value"": 1.0, ""threshold"": 0.75, ""passed"": true}, ""directional_mean_ret"": {""value"": 0.32560667395591736, ""threshold"": 0.0, ""passed"": true}, ""hurdle_excess"": {""value"": 0.32553666849333546, ""threshold"": 0.0, ""passed"": true}, ""min_support_actual"": {""value"": 1100, ""threshold"": 50, ""passed"": true}, ""is_structurally_sound"": {""value"": false, ""passed"": false}, ""trade_path_quality_score"": {""value"": 1.9365125472491197e-05, ""threshold"": 0.0, ""passed"": true}}, ""failures"": [""structural_soundness_fail: ""], ""warnings"": [], ""classification"": ""research""}"
(*)|(loc_dist_ema20_atr_ts_top60==1)|(reg_atr_change_rate_ts_top20==1&reg_atr_change_rate_ts_top70==1&reg_atr_change_rate_ts_top80==0),*,loc_dist_ema20_atr_ts_top60==1,reg_atr_change_rate_ts_top20==1&reg_atr_change_rate_ts_top70==1&reg_atr_change_rate_ts_top80==0,0.32560667395591736,0.32560667395591736,0.013353333575565897,0.2530501385529836,0.10395061728395061,0.020153352027073433,1.0,1.0,0.5057736720554272,1100,,,-0.016147587816144032,-0.027167506446441805,-0.02429863801151966,-0.009203194283534073,,0.3333333333333333,0.004173172378056439,0.22063668238383977,0.6666666666666666,0.004345206419944683,-0.005341216981044079,-17.9285561040797,0.0027771979076422764,0.05446986667804574,1.9365125472491197e-05,7.644707197115254,0.005743862992549248,0.005743862992549248,9.000702331961591e-05,0.32551666693259773,3,1,1,4,4,stage_a_context,,long,4-way,True,,production,0.004173172378056439,-0.005341216981044079,0.03400863525724936,1.0,primary_target,0,rejected,research,"{""checks"": {""n_folds"": {""value"": 3, ""threshold"": 3, ""passed"": true}, ""presence_freq"": {""value"": 1.0, ""threshold"": 0.75, ""passed"": true}, ""directional_mean_ret"": {""value"": 0.32560667395591736, ""threshold"": 0.0, ""passed"": true}, ""hurdle_excess"": {""value"": 0.32551666693259773, ""threshold"": 0.0, ""passed"": true}, ""min_support_actual"": {""value"": 1100, ""threshold"": 50, ""passed"": true}, ""is_structurally_sound"": {""value"": false, ""passed"": false}, ""trade_path_quality_score"": {""value"": 1.9365125472491197e-05, ""threshold"": 0.0, ""passed"": true}}, ""failures"": [""structural_soundness_fail: ""], ""warnings"": [], ""classification"": ""research""}"
(*)|(loc_dist_ema20_atr_ts_top60==1)|(reg_atr_change_rate_ts_top40==1&reg_atr_change_rate_ts_top70==1&reg_atr_change_rate_ts_top80==0),*,loc_dist_ema20_atr_ts_top60==1,reg_atr_change_rate_ts_top40==1&reg_atr_change_rate_ts_top70==1&reg_atr_change_rate_ts_top80==0,0.32560667395591736,0.32560667395591736,0.013353333575565897,0.2530501385529836,0.10395061728395061,0.020153352027073433,1.0,1.0,0.5057736720554272,1100,,,-0.016147587816144032,-0.027167506446441805,-0.02429863801151966,-0.009203194283534073,,0.3333333333333333,0.004173172378056439,0.22063668238383977,0.6666666666666666,0.004345206419944683,-0.005341216981044079,-17.9285561040797,0.0027771979076422764,0.05446986667804574,1.9365125472491197e-05,7.644707197115254,0.005743862992549248,0.005743862992549248,9.000702331961591e-05,0.32551666693259773,3,1,1,4,4,stage_a_context,,long,4-way,True,,production,0.004173172378056439,-0.005341216981044079,0.03400863525724936,1.0,primary_target,0,rejected,research,"{""checks"": {""n_folds"": {""value"": 3, ""threshold"": 3, ""passed"": true}, ""presence_freq"": {""value"": 1.0, ""threshold"": 0.75, ""passed"": true}, ""directional_mean_ret"": {""value"": 0.32560667395591736, ""threshold"": 0.0, ""passed"": true}, ""hurdle_excess"": {""value"": 0.32551666693259773, ""threshold"": 0.0, ""passed"": true}, ""min_support_actual"": {""value"": 1100, ""threshold"": 50, ""passed"": true}, ""is_structurally_sound"": {""value"": false, ""passed"": false}, ""trade_path_quality_score"": {""value"": 1.9365125472491197e-05, ""threshold"": 0.0, ""passed"": true}}, ""failures"": [""structural_soundness_fail: ""], ""warnings"": [], ""classification"": ""research""}"
(*)|(loc_dist_ema20_atr_ts_top70==1&loc_dist_ema20_atr_ts_top80==0)|(reg_atr_change_rate_ts_top30==1&reg_atr_change_rate_ts_top60==1),*,loc_dist_ema20_atr_ts_top70==1&loc_dist_ema20_atr_ts_top80==0,reg_atr_change_rate_ts_top30==1&reg_atr_change_rate_ts_top60==1,0.32560667395591736,0.32560667395591736,0.013353333575565897,0.2530501385529836,0.10395061728395061,0.020153352027073433,1.0,1.0,0.5057736720554272,1100,,,-0.016147587816144032,-0.027167506446441805,-0.02429863801151966,-0.009203194283534073,,0.3333333333333333,0.004173172378056439,0.22063668238383977,0.6666666666666666,0.004345206419944683,-0.005341216981044079,-17.9285561040797,0.0027771979076422764,0.05446986667804574,1.9365125472491197e-05,7.644707197115254,0.005743862992549248,0.005743862992549248,9.000702331961591e-05,0.32551666693259773,3,1,1,4,4,stage_a_context,,long,4-way,True,,production,0.004173172378056439,-0.005341216981044079,0.03400863525724936,1.0,primary_target,0,rejected,research,"{""checks"": {""n_folds"": {""value"": 3, ""threshold"": 3, ""passed"": true}, ""presence_freq"": {""value"": 1.0, ""threshold"": 0.75, ""passed"": true}, ""directional_mean_ret"": {""value"": 0.32560667395591736, ""threshold"": 0.0, ""passed"": true}, ""hurdle_excess"": {""value"": 0.32551666693259773, ""threshold"": 0.0, ""passed"": true}, ""min_support_actual"": {""value"": 1100, ""threshold"": 50, ""passed"": true}, ""is_structurally_sound"": {""value"": false, ""passed"": false}, ""trade_path_quality_score"": {""value"": 1.9365125472491197e-05, ""threshold"": 0.0, ""passed"": true}}, ""failures"": [""structural_soundness_fail: ""], ""warnings"": [], ""classification"": ""research""}"
(*)|(loc_dist_ema20_atr_ts_top70==1&loc_dist_ema20_atr_ts_top80==0)|(reg_atr_change_rate_ts_top60==1),*,loc_dist_ema20_atr_ts_top70==1&loc_dist_ema20_atr_ts_top80==0,reg_atr_change_rate_ts_top60==1,0.32560667395591736,0.32560667395591736,0.013353333575565897,0.2530501385529836,0.10395061728395061,0.020153352027073433,1.0,1.0,0.5057736720554272,1100,,,-0.016147587816144032,-0.027167506446441805,-0.02429863801151966,-0.009203194283534073,,0.3333333333333333,0.004173172378056439,0.22063668238383977,0.6666666666666666,0.004345206419944683,-0.005341216981044079,-17.9285561040797,0.0027771979076422764,0.05446986667804574,1.9365125472491197e-05,7.644707197115254,0.005743862992549248,0.005743862992549248,7.000546258192348e-05,0.32553666849333546,3,1,1,3,3,stage_a_context,,long,3-way,True,,production,0.004173172378056439,-0.005341216981044079,0.03400863525724936,1.0,primary_target,0,rejected,research,"{""checks"": {""n_folds"": {""value"": 3, ""threshold"": 3, ""passed"": true}, ""presence_freq"": {""value"": 1.0, ""threshold"": 0.75, ""passed"": true}, ""directional_mean_ret"": {""value"": 0.32560667395591736, ""threshold"": 0.0, ""passed"": true}, ""hurdle_excess"": {""value"": 0.32553666849333546, ""threshold"": 0.0, ""passed"": true}, ""min_support_actual"": {""value"": 1100, ""threshold"": 50, ""passed"": true}, ""is_structurally_sound"": {""value"": false, ""passed"": false}, ""trade_path_quality_score"": {""value"": 1.9365125472491197e-05, ""threshold"": 0.0, ""passed"": true}}, ""failures"": [""structural_soundness_fail: ""], ""warnings"": [], ""classification"": ""research""}"
(*)|(loc_dist_ema20_atr_ts_top70==1)|(reg_atr_change_rate_ts_bot80==1&reg_atr_change_rate_ts_top30==1),*,loc_dist_ema20_atr_ts_top70==1,reg_atr_change_rate_ts_bot80==1&reg_atr_change_rate_ts_top30==1,0.32560667395591736,0.32560667395591736,0.013353333575565897,0.2530501385529836,0.10395061728395061,0.020153352027073433,1.0,1.0,0.5057736720554272,1100,,,-0.016147587816144032,-0.027167506446441805,-0.02429863801151966,-0.009203194283534073,,0.3333333333333333,0.004173172378056439,0.22063668238383977,0.6666666666666666,0.004345206419944683,-0.005341216981044079,-17.9285561040797,0.0027771979076422764,0.05446986667804574,1.9365125472491197e-05,7.644707197115254,0.005743862992549248,0.005743862992549248,7.000546258192348e-05,0.32553666849333546,3,1,1,3,3,stage_a_context,,long,3-way,True,,production,0.004173172378056439,-0.005341216981044079,0.03400863525724936,1.0,primary_target,0,rejected,research,"{""checks"": {""n_folds"": {""value"": 3, ""threshold"": 3, ""passed"": true}, ""presence_freq"": {""value"": 1.0, ""threshold"": 0.75, ""passed"": true}, ""directional_mean_ret"": {""value"": 0.32560667395591736, ""threshold"": 0.0, ""passed"": true}, ""hurdle_excess"": {""value"": 0.32553666849333546, ""threshold"": 0.0, ""passed"": true}, ""min_support_actual"": {""value"": 1100, ""threshold"": 50, ""passed"": true}, ""is_structurally_sound"": {""value"": false, ""passed"": false}, ""trade_path_quality_score"": {""value"": 1.9365125472491197e-05, ""threshold"": 0.0, ""passed"": true}}, ""failures"": [""structural_soundness_fail: ""], ""warnings"": [], ""classification"": ""research""}"
(*)|(loc_dist_ema20_atr_ts_top70==1)|(reg_atr_change_rate_ts_top30==1&reg_atr_change_rate_ts_top80==0),*,loc_dist_ema20_atr_ts_top70==1,reg_atr_change_rate_ts_top30==1&reg_atr_change_rate_ts_top80==0,0.32560667395591736,0.32560667395591736,0.013353333575565897,0.2530501385529836,0.10395061728395061,0.020153352027073433,1.0,1.0,0.5057736720554272,1100,,,-0.016147587816144032,-0.027167506446441805,-0.02429863801151966,-0.009203194283534073,,0.3333333333333333,0.004173172378056439,0.22063668238383977,0.6666666666666666,0.004345206419944683,-0.005341216981044079,-17.9285561040797,0.0027771979076422764,0.05446986667804574,1.9365125472491197e-05,7.644707197115254,0.005743862992549248,0.005743862992549248,7.000546258192348e-05,0.32553666849333546,3,1,1,3,3,stage_a_context,,long,3-way,True,,production,0.004173172378056439,-0.005341216981044079,0.03400863525724936,1.0,primary_target,0,rejected,research,"{""checks"": {""n_folds"": {""value"": 3, ""threshold"": 3, ""passed"": true}, ""presence_freq"": {""value"": 1.0, ""threshold"": 0.75, ""passed"": true}, ""directional_mean_ret"": {""value"": 0.32560667395591736, ""threshold"": 0.0, ""passed"": true}, ""hurdle_excess"": {""value"": 0.32553666849333546, ""threshold"": 0.0, ""passed"": true}, ""min_support_actual"": {""value"": 1100, ""threshold"": 50, ""passed"": true}, ""is_structurally_sound"": {""value"": false, ""passed"": false}, ""trade_path_quality_score"": {""value"": 1.9365125472491197e-05, ""threshold"": 0.0, ""passed"": true}}, ""failures"": [""structural_soundness_fail: ""], ""warnings"": [], ""classification"": ""research""}"
(*)|(loc_dist_ema20_atr_ts_top70==1)|(reg_atr_change_rate_ts_top60==1&reg_atr_change_rate_ts_top80==0),*,loc_dist_ema20_atr_ts_top70==1,reg_atr_change_rate_ts_top60==1&reg_atr_change_rate_ts_top80==0,0.32560667395591736,0.32560667395591736,0.013353333575565897,0.2530501385529836,0.10395061728395061,0.020153352027073433,1.0,1.0,0.5057736720554272,1100,,,-0.016147587816144032,-0.027167506446441805,-0.02429863801151966,-0.009203194283534073,,0.3333333333333333,0.004173172378056439,0.22063668238383977,0.6666666666666666,0.004345206419944683,-0.005341216981044079,-17.9285561040797,0.0027771979076422764,0.05446986667804574,1.9365125472491197e-05,7.644707197115254,0.005743862992549248,0.005743862992549248,7.000546258192348e-05,0.32553666849333546,3,1,1,3,3,stage_a_context,,long,3-way,True,,production,0.004173172378056439,-0.005341216981044079,0.03400863525724936,1.0,primary_target,0,rejected,research,"{""checks"": {""n_folds"": {""value"": 3, ""threshold"": 3, ""passed"": true}, ""presence_freq"": {""value"": 1.0, ""threshold"": 0.75, ""passed"": true}, ""directional_mean_ret"": {""value"": 0.32560667395591736, ""threshold"": 0.0, ""passed"": true}, ""hurdle_excess"": {""value"": 0.32553666849333546, ""threshold"": 0.0, ""passed"": true}, ""min_support_actual"": {""value"": 1100, ""threshold"": 50, ""passed"": true}, ""is_structurally_sound"": {""value"": false, ""passed"": false}, ""trade_path_quality_score"": {""value"": 1.9365125472491197e-05, ""threshold"": 0.0, ""passed"": true}}, ""failures"": [""structural_soundness_fail: ""], ""warnings"": [], ""classification"": ""research""}"
(*)|(*)|(reg_atr_change_rate_ts_band25_75==1&reg_atr_change_rate_ts_top20==1&reg_atr_change_rate_ts_top50==1&reg_atr_change_rate_ts_top70==1),*,*,reg_atr_change_rate_ts_band25_75==1&reg_atr_change_rate_ts_top20==1&reg_atr_change_rate_ts_top50==1&reg_atr_change_rate_ts_top70==1,0.32896074652671814,0.32896074652671814,0.014158638624284845,0.2523113985856374,0.051975308641975304,0.00962855327951003,1.0,1.0,0.5216881594372802,564,,,-0.007040419386946211,-0.016118449937471364,-0.015271641360926378,-0.002077999823411142,,0.3333333333333333,,,,-0.018286859065800062,,,,0.03623904116624627,1.9715389352225303e-05,7.542293423611081,0.0042045978781226415,0.0042045978781226415,9.207573388203018e-05,0.3288686707928361,3,1,1,4,4,stage_a_context,,long,4-way,True,,production,,,0.03525359942650116,0.2526748971193414,primary_target,0,rejected,research,"{""checks"": {""n_folds"": {""value"": 3, ""threshold"": 3, ""passed"": true}, ""presence_freq"": {""value"": 1.0, ""threshold"": 0.75, ""passed"": true}, ""directional_mean_ret"": {""value"": 0.32896074652671814, ""threshold"": 0.0, ""passed"": true}, ""hurdle_excess"": {""value"": 0.3288686707928361, ""threshold"": 0.0, ""passed"": true}, ""min_support_actual"": {""value"": 564, ""threshold"": 50, ""passed"": true}, ""is_structurally_sound"": {""value"": false, ""passed"": false}, ""trade_path_quality_score"": {""value"": 1.9715389352225303e-05, ""threshold"": 0.0, ""passed"": true}}, ""failures"": [""structural_soundness_fail: ""], ""warnings"": [], ""classification"": ""research""}"
(*)|(*)|(reg_atr_change_rate_ts_band25_75==1&reg_atr_change_rate_ts_top30==1&reg_atr_change_rate_ts_top70==1&reg_atr_change_rate_ts_top80==0),*,*,reg_atr_change_rate_ts_band25_75==1&reg_atr_change_rate_ts_top30==1&reg_atr_change_rate_ts_top70==1&reg_atr_change_rate_ts_top80==0,0.32896074652671814,0.32896074652671814,0.014158638624284845,0.2523113985856374,0.051975308641975304,0.00962855327951003,1.0,1.0,0.5216881594372802,564,,,-0.007040419386946211,-0.016118449937471364,-0.015271641360926378,-0.002077999823411142,,0.3333333333333333,,,,-0.018286859065800062,,,,0.03623904116624627,1.9715389352225303e-05,7.542293423611081,0.0042045978781226415,0.0042045978781226415,9.207573388203018e-05,0.3288686707928361,3,1,1,4,4,stage_a_context,,long,4-way,True,,production,,,0.03525359942650116,0.2526748971193414,primary_target,0,rejected,research,"{""checks"": {""n_folds"": {""value"": 3, ""threshold"": 3, ""passed"": true}, ""presence_freq"": {""value"": 1.0, ""threshold"": 0.75, ""passed"": true}, ""directional_mean_ret"": {""value"": 0.32896074652671814, ""threshold"": 0.0, ""passed"": true}, ""hurdle_excess"": {""value"": 0.3288686707928361, ""threshold"": 0.0, ""passed"": true}, ""min_support_actual"": {""value"": 564, ""threshold"": 50, ""passed"": true}, ""is_structurally_sound"": {""value"": false, ""passed"": false}, ""trade_path_quality_score"": {""value"": 1.9715389352225303e-05, ""threshold"": 0.0, ""passed"": true}}, ""failures"": [""structural_soundness_fail: ""], ""warnings"": [], ""classification"": ""research""}"
(*)|(*)|(reg_atr_change_rate_ts_band25_75==1&reg_atr_change_rate_ts_top40==1&reg_atr_change_rate_ts_top60==1&reg_atr_change_rate_ts_top70==1),*,*,reg_atr_change_rate_ts_band25_75==1&reg_atr_change_rate_ts_top40==1&reg_atr_change_rate_ts_top60==1&reg_atr_change_rate_ts_top70==1,0.32896074652671814,0.32896074652671814,0.014158638624284845,0.2523113985856374,0.051975308641975304,0.00962855327951003,1.0,1.0,0.5216881594372802,564,,,-0.007040419386946211,-0.016118449937471364,-0.015271641360926378,-0.002077999823411142,,0.3333333333333333,,,,-0.018286859065800062,,,,0.03623904116624627,1.9715389352225303e-05,7.542293423611081,0.0042045978781226415,0.0042045978781226415,9.207573388203018e-05,0.3288686707928361,3,1,1,4,4,stage_a_context,,long,4-way,True,,production,,,0.03525359942650116,0.2526748971193414,primary_target,0,rejected,research,"{""checks"": {""n_folds"": {""value"": 3, ""threshold"": 3, ""passed"": true}, ""presence_freq"": {""value"": 1.0, ""threshold"": 0.75, ""passed"": true}, ""directional_mean_ret"": {""value"": 0.32896074652671814, ""threshold"": 0.0, ""passed"": true}, ""hurdle_excess"": {""value"": 0.3288686707928361, ""threshold"": 0.0, ""passed"": true}, ""min_support_actual"": {""value"": 564, ""threshold"": 50, ""passed"": true}, ""is_structurally_sound"": {""value"": false, ""passed"": false}, ""trade_path_quality_score"": {""value"": 1.9715389352225303e-05, ""threshold"": 0.0, ""passed"": true}}, ""failures"": [""structural_soundness_fail: ""], ""warnings"": [], ""classification"": ""research""}"
(*)|(*)|(reg_atr_change_rate_ts_band25_75==1&reg_atr_change_rate_ts_top40==1&reg_atr_change_rate_ts_top70==1&reg_atr_change_rate_ts_top80==0),*,*,reg_atr_change_rate_ts_band25_75==1&reg_atr_change_rate_ts_top40==1&reg_atr_change_rate_ts_top70==1&reg_atr_change_rate_ts_top80==0,0.32896074652671814,0.32896074652671814,0.014158638624284845,0.2523113985856374,0.051975308641975304,0.00962855327951003,1.0,1.0,0.5216881594372802,564,,,-0.007040419386946211,-0.016118449937471364,-0.015271641360926378,-0.002077999823411142,,0.3333333333333333,,,,-0.018286859065800062,,,,0.03623904116624627,1.9715389352225303e-05,7.542293423611081,0.0042045978781226415,0.0042045978781226415,9.207573388203018e-05,0.3288686707928361,3,1,1,4,4,stage_a_context,,long,4-way,True,,production,,,0.03525359942650116,0.2526748971193414,primary_target,0,rejected,research,"{""checks"": {""n_folds"": {""value"": 3, ""threshold"": 3, ""passed"": true}, ""presence_freq"": {""value"": 1.0, ""threshold"": 0.75, ""passed"": true}, ""directional_mean_ret"": {""value"": 0.32896074652671814, ""threshold"": 0.0, ""passed"": true}, ""hurdle_excess"": {""value"": 0.3288686707928361, ""threshold"": 0.0, ""passed"": true}, ""min_support_actual"": {""value"": 564, ""threshold"": 50, ""passed"": true}, ""is_structurally_sound"": {""value"": false, ""passed"": false}, ""trade_path_quality_score"": {""value"": 1.9715389352225303e-05, ""threshold"": 0.0, ""passed"": true}}, ""failures"": [""structural_soundness_fail: ""], ""warnings"": [], ""classification"": ""research""}"
(*)|(*)|(reg_atr_change_rate_ts_band25_75==1&reg_atr_change_rate_ts_top40==1&reg_atr_change_rate_ts_top70==1),*,*,reg_atr_change_rate_ts_band25_75==1&reg_atr_change_rate_ts_top40==1&reg_atr_change_rate_ts_top70==1,0.32896074652671814,0.32896074652671814,0.014158638624284845,0.2523113985856374,0.051975308641975304,0.00962855327951003,1.0,1.0,0.5216881594372802,564,,,-0.007040419386946211,-0.016118449937471364,-0.015271641360926378,-0.002077999823411142,,0.3333333333333333,,,,-0.018286859065800062,,,,0.03623904116624627,1.9715389352225303e-05,7.542293423611081,0.0042045978781226415,0.0042045978781226415,7.161445968602345e-05,0.32888913206703213,3,2,2,3,3,stage_a_context,,long,3-way,True,,production,,,0.03525359942650116,0.2526748971193414,primary_target,0,rejected,research,"{""checks"": {""n_folds"": {""value"": 3, ""threshold"": 3, ""passed"": true}, ""presence_freq"": {""value"": 1.0, ""threshold"": 0.75, ""passed"": true}, ""directional_mean_ret"": {""value"": 0.32896074652671814, ""threshold"": 0.0, ""passed"": true}, ""hurdle_excess"": {""value"": 0.32888913206703213, ""threshold"": 0.0, ""passed"": true}, ""min_support_actual"": {""value"": 564, ""threshold"": 50, ""passed"": true}, ""is_structurally_sound"": {""value"": false, ""passed"": false}, ""trade_path_quality_score"": {""value"": 1.9715389352225303e-05, ""threshold"": 0.0, ""passed"": true}}, ""failures"": [""structural_soundness_fail: ""], ""warnings"": [], ""classification"": ""research""}"
(*)|(*)|(reg_atr_change_rate_ts_top30==1&reg_atr_change_rate_ts_top60==1&reg_atr_change_rate_ts_top70==1&reg_atr_compression_ratio_ts_band25_75==1),*,*,reg_atr_change_rate_ts_top30==1&reg_atr_change_rate_ts_top60==1&reg_atr_change_rate_ts_top70==1&reg_atr_compression_ratio_ts_band25_75==1,0.32896074652671814,0.32896074652671814,0.014158638624284845,0.2523113985856374,0.051975308641975304,0.00962855327951003,1.0,1.0,0.5216881594372802,564,,,-0.007040419386946211,-0.016118449937471364,-0.015271641360926378,-0.002077999823411142,,0.3333333333333333,,,,-0.018286859065800062,,,,0.03623904116624627,1.9715389352225303e-05,7.542293423611081,0.0042045978781226415,0.0042045978781226415,9.207573388203018e-05,0.3288686707928361,3,2,2,4,4,stage_a_context,,long,4-way,True,,production,,,0.03525359942650116,0.2526748971193414,primary_target,0,rejected,research,"{""checks"": {""n_folds"": {""value"": 3, ""threshold"": 3, ""passed"": true}, ""presence_freq"": {""value"": 1.0, ""threshold"": 0.75, ""passed"": true}, ""directional_mean_ret"": {""value"": 0.32896074652671814, ""threshold"": 0.0, ""passed"": true}, ""hurdle_excess"": {""value"": 0.3288686707928361, ""threshold"": 0.0, ""passed"": true}, ""min_support_actual"": {""value"": 564, ""threshold"": 50, ""passed"": true}, ""is_structurally_sound"": {""value"": false, ""passed"": false}, ""trade_path_quality_score"": {""value"": 1.9715389352225303e-05, ""threshold"": 0.0, ""passed"": true}}, ""failures"": [""structural_soundness_fail: ""], ""warnings"": [], ""classification"": ""research""}"
(*)|(loc_dist_ema20_atr_ts_band25_75==1)|(reg_atr_change_rate_ts_top60==1&reg_atr_change_rate_ts_top70==1),*,loc_dist_ema20_atr_ts_band25_75==1,reg_atr_change_rate_ts_top60==1&reg_atr_change_rate_ts_top70==1,0.32896074652671814,0.32896074652671814,0.014158638624284845,0.2523113985856374,0.051975308641975304,0.00962855327951003,1.0,1.0,0.5216881594372802,564,,,-0.007040419386946211,-0.016118449937471364,-0.015271641360926378,-0.002077999823411142,,0.3333333333333333,,,,-0.018286859065800062,,,,0.03623904116624627,1.9715389352225303e-05,7.542293423611081,0.0042045978781226415,0.0042045978781226415,7.161445968602345e-05,0.32888913206703213,3,1,1,3,3,stage_a_context,,long,3-way,True,,production,,,0.03525359942650116,0.2526748971193414,primary_target,0,rejected,research,"{""checks"": {""n_folds"": {""value"": 3, ""threshold"": 3, ""passed"": true}, ""presence_freq"": {""value"": 1.0, ""threshold"": 0.75, ""passed"": true}, ""directional_mean_ret"": {""value"": 0.32896074652671814, ""threshold"": 0.0, ""passed"": true}, ""hurdle_excess"": {""value"": 0.32888913206703213, ""threshold"": 0.0, ""passed"": true}, ""min_support_actual"": {""value"": 564, ""threshold"": 50, ""passed"": true}, ""is_structurally_sound"": {""value"": false, ""passed"": false}, ""trade_path_quality_score"": {""value"": 1.9715389352225303e-05, ""threshold"": 0.0, ""passed"": true}}, ""failures"": [""structural_soundness_fail: ""], ""warnings"": [], ""classification"": ""research""}"
(*)|(loc_dist_ema20_atr_ts_top20==1&loc_dist_ema20_atr_ts_top70==1)|(reg_atr_change_rate_ts_band25_75==1),*,loc_dist_ema20_atr_ts_top20==1&loc_dist_ema20_atr_ts_top70==1,reg_atr_change_rate_ts_band25_75==1,0.32896074652671814,0.32896074652671814,0.014158638624284845,0.2523113985856374,0.051975308641975304,0.00962855327951003,1.0,1.0,0.5216881594372802,564,,,-0.007040419386946211,-0.016118449937471364,-0.015271641360926378,-0.002077999823411142,,0.3333333333333333,,,,-0.018286859065800062,,,,0.03623904116624627,1.9715389352225303e-05,7.542293423611081,0.0042045978781226415,0.0042045978781226415,7.161445968602345e-05,0.32888913206703213,3,1,1,3,3,stage_a_context,,long,3-way,True,,production,,,0.03525359942650116,0.2526748971193414,primary_target,0,rejected,research,"{""checks"": {""n_folds"": {""value"": 3, ""threshold"": 3, ""passed"": true}, ""presence_freq"": {""value"": 1.0, ""threshold"": 0.75, ""passed"": true}, ""directional_mean_ret"": {""value"": 0.32896074652671814, ""threshold"": 0.0, ""passed"": true}, ""hurdle_excess"": {""value"": 0.32888913206703213, ""threshold"": 0.0, ""passed"": true}, ""min_support_actual"": {""value"": 564, ""threshold"": 50, ""passed"": true}, ""is_structurally_sound"": {""value"": false, ""passed"": false}, ""trade_path_quality_score"": {""value"": 1.9715389352225303e-05, ""threshold"": 0.0, ""passed"": true}}, ""failures"": [""structural_soundness_fail: ""], ""warnings"": [], ""classification"": ""research""}"
(*)|(loc_dist_ema20_atr_ts_top40==1&loc_dist_ema20_atr_ts_top70==1)|(reg_atr_change_rate_ts_band25_75==1),*,loc_dist_ema20_atr_ts_top40==1&loc_dist_ema20_atr_ts_top70==1,reg_atr_change_rate_ts_band25_75==1,0.32896074652671814,0.32896074652671814,0.014158638624284845,0.2523113985856374,0.051975308641975304,0.00962855327951003,1.0,1.0,0.5216881594372802,564,,,-0.007040419386946211,-0.016118449937471364,-0.015271641360926378,-0.002077999823411142,,0.3333333333333333,,,,-0.018286859065800062,,,,0.03623904116624627,1.9715389352225303e-05,7.542293423611081,0.0042045978781226415,0.0042045978781226415,7.161445968602345e-05,0.32888913206703213,3,1,1,3,3,stage_a_context,,long,3-way,True,,production,,,0.03525359942650116,0.2526748971193414,primary_target,0,rejected,research,"{""checks"": {""n_folds"": {""value"": 3, ""threshold"": 3, ""passed"": true}, ""presence_freq"": {""value"": 1.0, ""threshold"": 0.75, ""passed"": true}, ""directional_mean_ret"": {""value"": 0.32896074652671814, ""threshold"": 0.0, ""passed"": true}, ""hurdle_excess"": {""value"": 0.32888913206703213, ""threshold"": 0.0, ""passed"": true}, ""min_support_actual"": {""value"": 564, ""threshold"": 50, ""passed"": true}, ""is_structurally_sound"": {""value"": false, ""passed"": false}, ""trade_path_quality_score"": {""value"": 1.9715389352225303e-05, ""threshold"": 0.0, ""passed"": true}}, ""failures"": [""structural_soundness_fail: ""], ""warnings"": [], ""classification"": ""research""}"
(*)|(loc_dist_ema20_atr_ts_top60==1)|(reg_atr_change_rate_ts_band25_75==1&reg_atr_change_rate_ts_top70==1),*,loc_dist_ema20_atr_ts_top60==1,reg_atr_change_rate_ts_band25_75==1&reg_atr_change_rate_ts_top70==1,0.32896074652671814,0.32896074652671814,0.014158638624284845,0.2523113985856374,0.051975308641975304,0.00962855327951003,1.0,1.0,0.5216881594372802,564,,,-0.007040419386946211,-0.016118449937471364,-0.015271641360926378,-0.002077999823411142,,0.3333333333333333,,,,-0.018286859065800062,,,,0.03623904116624627,1.9715389352225303e-05,7.542293423611081,0.0042045978781226415,0.0042045978781226415,7.161445968602345e-05,0.32888913206703213,3,1,1,3,3,stage_a_context,,long,3-way,True,,production,,,0.03525359942650116,0.2526748971193414,primary_target,0,rejected,research,"{""checks"": {""n_folds"": {""value"": 3, ""threshold"": 3, ""passed"": true}, ""presence_freq"": {""value"": 1.0, ""threshold"": 0.75, ""passed"": true}, ""directional_mean_ret"": {""value"": 0.32896074652671814, ""threshold"": 0.0, ""passed"": true}, ""hurdle_excess"": {""value"": 0.32888913206703213, ""threshold"": 0.0, ""passed"": true}, ""min_support_actual"": {""value"": 564, ""threshold"": 50, ""passed"": true}, ""is_structurally_sound"": {""value"": false, ""passed"": false}, ""trade_path_quality_score"": {""value"": 1.9715389352225303e-05, ""threshold"": 0.0, ""passed"": true}}, ""failures"": [""structural_soundness_fail: ""], ""warnings"": [], ""classification"": ""research""}"
(*)|(loc_dist_ema20_atr_ts_top70==1&loc_dist_ema20_atr_ts_top80==0)|(reg_atr_change_rate_ts_band25_75==1&reg_atr_change_rate_ts_top40==1),*,loc_dist_ema20_atr_ts_top70==1&loc_dist_ema20_atr_ts_top80==0,reg_atr_change_rate_ts_band25_75==1&reg_atr_change_rate_ts_top40==1,0.32896074652671814,0.32896074652671814,0.014158638624284845,0.2523113985856374,0.051975308641975304,0.00962855327951003,1.0,1.0,0.5216881594372802,564,,,-0.007040419386946211,-0.016118449937471364,-0.015271641360926378,-0.002077999823411142,,0.3333333333333333,,,,-0.018286859065800062,,,,0.03623904116624627,1.9715389352225303e-05,7.542293423611081,0.0042045978781226415,0.0042045978781226415,9.207573388203018e-05,0.3288686707928361,3,1,1,4,4,stage_a_context,,long,4-way,True,,production,,,0.03525359942650116,0.2526748971193414,primary_target,0,rejected,research,"{""checks"": {""n_folds"": {""value"": 3, ""threshold"": 3, ""passed"": true}, ""presence_freq"": {""value"": 1.0, ""threshold"": 0.75, ""passed"": true}, ""directional_mean_ret"": {""value"": 0.32896074652671814, ""threshold"": 0.0, ""passed"": true}, ""hurdle_excess"": {""value"": 0.3288686707928361, ""threshold"": 0.0, ""passed"": true}, ""min_support_actual"": {""value"": 564, ""threshold"": 50, ""passed"": true}, ""is_structurally_sound"": {""value"": false, ""passed"": false}, ""trade_path_quality_score"": {""value"": 1.9715389352225303e-05, ""threshold"": 0.0, ""passed"": true}}, ""failures"": [""structural_soundness_fail: ""], ""warnings"": [], ""classification"": ""research""}"
(*)|(loc_dist_ema20_atr_ts_top70==1)|(reg_atr_change_rate_ts_band25_75==1&reg_atr_change_rate_ts_top20==1&reg_atr_change_rate_ts_top60==1),*,loc_dist_ema20_atr_ts_top70==1,reg_atr_change_rate_ts_band25_75==1&reg_atr_change_rate_ts_top20==1&reg_atr_change_rate_ts_top60==1,0.32896074652671814,0.32896074652671814,0.014158638624284845,0.2523113985856374,0.051975308641975304,0.00962855327951003,1.0,1.0,0.5216881594372802,564,,,-0.007040419386946211,-0.016118449937471364,-0.015271641360926378,-0.002077999823411142,,0.3333333333333333,,,,-0.018286859065800062,,,,0.03623904116624627,1.9715389352225303e-05,7.542293423611081,0.0042045978781226415,0.0042045978781226415,9.207573388203018e-05,0.3288686707928361,3,1,1,4,4,stage_a_context,,long,4-way,True,,production,,,0.03525359942650116,0.2526748971193414,primary_target,0,rejected,research,"{""checks"": {""n_folds"": {""value"": 3, ""threshold"": 3, ""passed"": true}, ""presence_freq"": {""value"": 1.0, ""threshold"": 0.75, ""passed"": true}, ""directional_mean_ret"": {""value"": 0.32896074652671814, ""threshold"": 0.0, ""passed"": true}, ""hurdle_excess"": {""value"": 0.3288686707928361, ""threshold"": 0.0, ""passed"": true}, ""min_support_actual"": {""value"": 564, ""threshold"": 50, ""passed"": true}, ""is_structurally_sound"": {""value"": false, ""passed"": false}, ""trade_path_quality_score"": {""value"": 1.9715389352225303e-05, ""threshold"": 0.0, ""passed"": true}}, ""failures"": [""structural_soundness_fail: ""], ""warnings"": [], ""classification"": ""research""}"
(*)|(loc_dist_ema20_atr_ts_top70==1)|(reg_atr_change_rate_ts_band25_75==1&reg_atr_change_rate_ts_top40==1&reg_atr_change_rate_ts_top60==1),*,loc_dist_ema20_atr_ts_top70==1,reg_atr_change_rate_ts_band25_75==1&reg_atr_change_rate_ts_top40==1&reg_atr_change_rate_ts_top60==1,0.32896074652671814,0.32896074652671814,0.014158638624284845,0.2523113985856374,0.051975308641975304,0.00962855327951003,1.0,1.0,0.5216881594372802,564,,,-0.007040419386946211,-0.016118449937471364,-0.015271641360926378,-0.002077999823411142,,0.3333333333333333,,,,-0.018286859065800062,,,,0.03623904116624627,1.9715389352225303e-05,7.542293423611081,0.0042045978781226415,0.0042045978781226415,9.207573388203018e-05,0.3288686707928361,3,1,1,4,4,stage_a_context,,long,4-way,True,,production,,,0.03525359942650116,0.2526748971193414,primary_target,0,rejected,research,"{""checks"": {""n_folds"": {""value"": 3, ""threshold"": 3, ""passed"": true}, ""presence_freq"": {""value"": 1.0, ""threshold"": 0.75, ""passed"": true}, ""directional_mean_ret"": {""value"": 0.32896074652671814, ""threshold"": 0.0, ""passed"": true}, ""hurdle_excess"": {""value"": 0.3288686707928361, ""threshold"": 0.0, ""passed"": true}, ""min_support_actual"": {""value"": 564, ""threshold"": 50, ""passed"": true}, ""is_structurally_sound"": {""value"": false, ""passed"": false}, ""trade_path_quality_score"": {""value"": 1.9715389352225303e-05, ""threshold"": 0.0, ""passed"": true}}, ""failures"": [""structural_soundness_fail: ""], ""warnings"": [], ""classification"": ""research""}"
(*)|(loc_dist_ema20_atr_ts_top70==1)|(reg_atr_change_rate_ts_band25_75==1&reg_atr_change_rate_ts_top40==1),*,loc_dist_ema20_atr_ts_top70==1,reg_atr_change_rate_ts_band25_75==1&reg_atr_change_rate_ts_top40==1,0.32896074652671814,0.32896074652671814,0.014158638624284845,0.2523113985856374,0.051975308641975304,0.00962855327951003,1.0,1.0,0.5216881594372802,564,,,-0.007040419386946211,-0.016118449937471364,-0.015271641360926378,-0.002077999823411142,,0.3333333333333333,,,,-0.018286859065800062,,,,0.03623904116624627,1.9715389352225303e-05,7.542293423611081,0.0042045978781226415,0.0042045978781226415,7.161445968602345e-05,0.32888913206703213,3,2,2,3,3,stage_a_context,,long,3-way,True,,production,,,0.03525359942650116,0.2526748971193414,primary_target,0,rejected,research,"{""checks"": {""n_folds"": {""value"": 3, ""threshold"": 3, ""passed"": true}, ""presence_freq"": {""value"": 1.0, ""threshold"": 0.75, ""passed"": true}, ""directional_mean_ret"": {""value"": 0.32896074652671814, ""threshold"": 0.0, ""passed"": true}, ""hurdle_excess"": {""value"": 0.32888913206703213, ""threshold"": 0.0, ""passed"": true}, ""min_support_actual"": {""value"": 564, ""threshold"": 50, ""passed"": true}, ""is_structurally_sound"": {""value"": false, ""passed"": false}, ""trade_path_quality_score"": {""value"": 1.9715389352225303e-05, ""threshold"": 0.0, ""passed"": true}}, ""failures"": [""structural_soundness_fail: ""], ""warnings"": [], ""classification"": ""research""}"
(*)|(*)|(reg_atr_change_rate_ts_band25_75==1&reg_atr_change_rate_ts_top30==1&reg_atr_change_rate_ts_top50==0&reg_atr_change_rate_ts_top60==0),*,*,reg_atr_change_rate_ts_band25_75==1&reg_atr_change_rate_ts_top30==1&reg_atr_change_rate_ts_top50==0&reg_atr_change_rate_ts_top60==0,0.3354797065258026,0.3354797065258026,0.007487266527009258,0.256300687789917,0.2028395061728395,0.016090772839853044,1.0,1.0,0.5158536585365854,2463,,,0.0014703017798412775,-0.012102890059085094,-0.00904097396940244,0.009787855744145792,,0.3333333333333333,0.0078757434948113,0.7451720489261571,0.6666666666666666,0.03908619840155294,-0.0016386458642892177,0.33653313670760915,0.05267184562922098,0.15702057858185203,0.0,7.837570691770529,0.002896744417728706,0.002896744417728706,9.475918381344307e-05,0.33538494734198915,3,2,2,4,4,stage_a_context,,long,4-way,True,,production,0.0078757434948113,-0.0016386458642892177,0.004401736255028599,0.33728395061728406,primary_target,0,rejected,research,"{""checks"": {""n_folds"": {""value"": 3, ""threshold"": 3, ""passed"": true}, ""presence_freq"": {""value"": 1.0, ""threshold"": 0.75, ""passed"": true}, ""directional_mean_ret"": {""value"": 0.3354797065258026, ""threshold"": 0.0, ""passed"": true}, ""hurdle_excess"": {""value"": 0.33538494734198915, ""threshold"": 0.0, ""passed"": true}, ""min_support_actual"": {""value"": 2463, ""threshold"": 50, ""passed"": true}, ""is_structurally_sound"": {""value"": false, ""passed"": false}, ""trade_path_quality_score"": {""value"": 0.0, ""threshold"": 0.0, ""passed"": true}}, ""failures"": [""structural_soundness_fail: ""], ""warnings"": [], ""classification"": ""research""}"
(*)|(*)|(reg_atr_change_rate_ts_top30==1&reg_atr_change_rate_ts_top50==0&reg_atr_change_rate_ts_top60==0&reg_atr_change_rate_ts_top80==0),*,*,reg_atr_change_rate_ts_top30==1&reg_atr_change_rate_ts_top50==0&reg_atr_change_rate_ts_top60==0&reg_atr_change_rate_ts_top80==0,0.3354797065258026,0.3354797065258026,0.007487266527009258,0.256300687789917,0.2028395061728395,0.016090772839853044,1.0,1.0,0.5158536585365854,2463,,,0.0014703017798412775,-0.012102890059085094,-0.00904097396940244,0.009787855744145792,,0.3333333333333333,0.0078757434948113,0.7451720489261571,0.6666666666666666,0.03908619840155294,-0.0016386458642892177,0.33653313670760915,0.05267184562922098,0.15702057858185203,0.0,7.837570691770529,0.002896744417728706,0.002896744417728706,9.475918381344307e-05,0.33538494734198915,3,1,1,4,4,stage_a_context,,long,4-way,True,,production,0.0078757434948113,-0.0016386458642892177,0.004401736255028599,0.33728395061728406,primary_target,0,rejected,research,"{""checks"": {""n_folds"": {""value"": 3, ""threshold"": 3, ""passed"": true}, ""presence_freq"": {""value"": 1.0, ""threshold"": 0.75, ""passed"": true}, ""directional_mean_ret"": {""value"": 0.3354797065258026, ""threshold"": 0.0, ""passed"": true}, ""hurdle_excess"": {""value"": 0.33538494734198915, ""threshold"": 0.0, ""passed"": true}, ""min_support_actual"": {""value"": 2463, ""threshold"": 50, ""passed"": true}, ""is_structurally_sound"": {""value"": false, ""passed"": false}, ""trade_path_quality_score"": {""value"": 0.0, ""threshold"": 0.0, ""passed"": true}}, ""failures"": [""structural_soundness_fail: ""], ""warnings"": [], ""classification"": ""research""}"
(*)|(loc_dist_ema20_atr_ts_band25_75==1)|(reg_atr_change_rate_ts_top20==1&reg_atr_change_rate_ts_top30==1&reg_atr_change_rate_ts_top50==0&reg_atr_change_rate_ts_top60==0),*,loc_dist_ema20_atr_ts_band25_75==1,reg_atr_change_rate_ts_top20==1&reg_atr_change_rate_ts_top30==1&reg_atr_change_rate_ts_top50==0&reg_atr_change_rate_ts_top60==0,0.3354797065258026,0.3354797065258026,0.007487266527009258,0.256300687789917,0.2028395061728395,0.016090772839853044,1.0,1.0,0.5158536585365854,2463,,,0.0014703017798412775,-0.012102890059085094,-0.00904097396940244,0.009787855744145792,,0.3333333333333333,0.0078757434948113,0.7451720489261571,0.6666666666666666,0.03908619840155294,-0.0016386458642892177,0.33653313670760915,0.05267184562922098,0.15702057858185203,0.0,7.837570691770529,0.002896744417728706,0.002896744417728706,9.475918381344307e-05,0.33538494734198915,3,1,1,5,5,stage_a_context,,long,5-way,True,,production,0.0078757434948113,-0.0016386458642892177,0.004401736255028599,0.33728395061728406,primary_target,0,rejected,research,"{""checks"": {""n_folds"": {""value"": 3, ""threshold"": 3, ""passed"": true}, ""presence_freq"": {""value"": 1.0, ""threshold"": 0.75, ""passed"": true}, ""directional_mean_ret"": {""value"": 0.3354797065258026, ""threshold"": 0.0, ""passed"": true}, ""hurdle_excess"": {""value"": 0.33538494734198915, ""threshold"": 0.0, ""passed"": true}, ""min_support_actual"": {""value"": 2463, ""threshold"": 50, ""passed"": true}, ""is_structurally_sound"": {""value"": false, ""passed"": false}, ""trade_path_quality_score"": {""value"": 0.0, ""threshold"": 0.0, ""passed"": true}}, ""failures"": [""structural_soundness_fail: ""], ""warnings"": [], ""classification"": ""research""}"
(*)|(loc_dist_ema20_atr_ts_top20==1&loc_dist_ema20_atr_ts_top30==1)|(reg_atr_change_rate_ts_top50==0&reg_atr_change_rate_ts_top60==0),*,loc_dist_ema20_atr_ts_top20==1&loc_dist_ema20_atr_ts_top30==1,reg_atr_change_rate_ts_top50==0&reg_atr_change_rate_ts_top60==0,0.3354797065258026,0.3354797065258026,0.007487266527009258,0.256300687789917,0.2028395061728395,0.016090772839853044,1.0,1.0,0.5158536585365854,2463,,,0.0014703017798412775,-0.012102890059085094,-0.00904097396940244,0.009787855744145792,,0.3333333333333333,0.0078757434948113,0.7451720489261571,0.6666666666666666,0.03908619840155294,-0.0016386458642892177,0.33653313670760915,0.05267184562922098,0.15702057858185203,0.0,7.837570691770529,0.002896744417728706,0.002896744417728706,9.475918381344307e-05,0.33538494734198915,3,1,1,4,4,stage_a_context,,long,4-way,True,,production,0.0078757434948113,-0.0016386458642892177,0.004401736255028599,0.33728395061728406,primary_target,0,rejected,research,"{""checks"": {""n_folds"": {""value"": 3, ""threshold"": 3, ""passed"": true}, ""presence_freq"": {""value"": 1.0, ""threshold"": 0.75, ""passed"": true}, ""directional_mean_ret"": {""value"": 0.3354797065258026, ""threshold"": 0.0, ""passed"": true}, ""hurdle_excess"": {""value"": 0.33538494734198915, ""threshold"": 0.0, ""passed"": true}, ""min_support_actual"": {""value"": 2463, ""threshold"": 50, ""passed"": true}, ""is_structurally_sound"": {""value"": false, ""passed"": false}, ""trade_path_quality_score"": {""value"": 0.0, ""threshold"": 0.0, ""passed"": true}}, ""failures"": [""structural_soundness_fail: ""], ""warnings"": [], ""classification"": ""research""}"
(*)|(loc_dist_ema20_atr_ts_top30==1&loc_dist_ema20_atr_ts_top50==0)|(reg_atr_change_rate_ts_band25_75==1),*,loc_dist_ema20_atr_ts_top30==1&loc_dist_ema20_atr_ts_top50==0,reg_atr_change_rate_ts_band25_75==1,0.3354797065258026,0.3354797065258026,0.007487266527009258,0.256300687789917,0.2028395061728395,0.016090772839853044,1.0,1.0,0.5158536585365854,2463,,,0.0014703017798412775,-0.012102890059085094,-0.00904097396940244,0.009787855744145792,,0.3333333333333333,0.0078757434948113,0.7451720489261571,0.6666666666666666,0.03908619840155294,-0.0016386458642892177,0.33653313670760915,0.05267184562922098,0.15702057858185203,0.0,7.837570691770529,0.002896744417728706,0.002896744417728706,7.370158741045572e-05,0.3354060049383922,3,1,1,3,3,stage_a_context,,long,3-way,True,,production,0.0078757434948113,-0.0016386458642892177,0.004401736255028599,0.33728395061728406,primary_target,0,rejected,research,"{""checks"": {""n_folds"": {""value"": 3, ""threshold"": 3, ""passed"": true}, ""presence_freq"": {""value"": 1.0, ""threshold"": 0.75, ""passed"": true}, ""directional_mean_ret"": {""value"": 0.3354797065258026, ""threshold"": 0.0, ""passed"": true}, ""hurdle_excess"": {""value"": 0.3354060049383922, ""threshold"": 0.0, ""passed"": true}, ""min_support_actual"": {""value"": 2463, ""threshold"": 50, ""passed"": true}, ""is_structurally_sound"": {""value"": false, ""passed"": false}, ""trade_path_quality_score"": {""value"": 0.0, ""threshold"": 0.0, ""passed"": true}}, ""failures"": [""structural_soundness_fail: ""], ""warnings"": [], ""classification"": ""research""}"
(*)|(loc_dist_ema20_atr_ts_top30==1&loc_dist_ema20_atr_ts_top80==0)|(reg_atr_change_rate_ts_top50==0),*,loc_dist_ema20_atr_ts_top30==1&loc_dist_ema20_atr_ts_top80==0,reg_atr_change_rate_ts_top50==0,0.3354797065258026,0.3354797065258026,0.007487266527009258,0.256300687789917,0.2028395061728395,0.016090772839853044,1.0,1.0,0.5158536585365854,2463,,,0.0014703017798412775,-0.012102890059085094,-0.00904097396940244,0.009787855744145792,,0.3333333333333333,0.0078757434948113,0.7451720489261571,0.6666666666666666,0.03908619840155294,-0.0016386458642892177,0.33653313670760915,0.05267184562922098,0.15702057858185203,0.0,7.837570691770529,0.002896744417728706,0.002896744417728706,7.370158741045572e-05,0.3354060049383922,3,1,1,3,3,stage_a_context,,long,3-way,True,,production,0.0078757434948113,-0.0016386458642892177,0.004401736255028599,0.33728395061728406,primary_target,0,rejected,research,"{""checks"": {""n_folds"": {""value"": 3, ""threshold"": 3, ""passed"": true}, ""presence_freq"": {""value"": 1.0, ""threshold"": 0.75, ""passed"": true}, ""directional_mean_ret"": {""value"": 0.3354797065258026, ""threshold"": 0.0, ""passed"": true}, ""hurdle_excess"": {""value"": 0.3354060049383922, ""threshold"": 0.0, ""passed"": true}, ""min_support_actual"": {""value"": 2463, ""threshold"": 50, ""passed"": true}, ""is_structurally_sound"": {""value"": false, ""passed"": false}, ""trade_path_quality_score"": {""value"": 0.0, ""threshold"": 0.0, ""passed"": true}}, ""failures"": [""structural_soundness_fail: ""], ""warnings"": [], ""classification"": ""research""}"
(*)|(loc_dist_ema20_atr_ts_top50==0&loc_dist_ema20_atr_ts_top80==0)|(reg_atr_change_rate_ts_top30==1&reg_atr_change_rate_ts_top60==0),*,loc_dist_ema20_atr_ts_top50==0&loc_dist_ema20_atr_ts_top80==0,reg_atr_change_rate_ts_top30==1&reg_atr_change_rate_ts_top60==0,0.3354797065258026,0.3354797065258026,0.007487266527009258,0.256300687789917,0.2028395061728395,0.016090772839853044,1.0,1.0,0.5158536585365854,2463,,,0.0014703017798412775,-0.012102890059085094,-0.00904097396940244,0.009787855744145792,,0.3333333333333333,0.0078757434948113,0.7451720489261571,0.6666666666666666,0.03908619840155294,-0.0016386458642892177,0.33653313670760915,0.05267184562922098,0.15702057858185203,0.0,7.837570691770529,0.002896744417728706,0.002896744417728706,9.475918381344307e-05,0.33538494734198915,3,1,1,4,4,stage_a_context,,long,4-way,True,,production,0.0078757434948113,-0.0016386458642892177,0.004401736255028599,0.33728395061728406,primary_target,0,rejected,research,"{""checks"": {""n_folds"": {""value"": 3, ""threshold"": 3, ""passed"": true}, ""presence_freq"": {""value"": 1.0, ""threshold"": 0.75, ""passed"": true}, ""directional_mean_ret"": {""value"": 0.3354797065258026, ""threshold"": 0.0, ""passed"": true}, ""hurdle_excess"": {""value"": 0.33538494734198915, ""threshold"": 0.0, ""passed"": true}, ""min_support_actual"": {""value"": 2463, ""threshold"": 50, ""passed"": true}, ""is_structurally_sound"": {""value"": false, ""passed"": false}, ""trade_path_quality_score"": {""value"": 0.0, ""threshold"": 0.0, ""passed"": true}}, ""failures"": [""structural_soundness_fail: ""], ""warnings"": [], ""classification"": ""research""}"
(*)|(loc_dist_ema20_atr_ts_top60==0)|(reg_atr_change_rate_ts_band25_75==1&reg_atr_change_rate_ts_top20==1&reg_atr_change_rate_ts_top30==1&reg_atr_change_rate_ts_top50==0),*,loc_dist_ema20_atr_ts_top60==0,reg_atr_change_rate_ts_band25_75==1&reg_atr_change_rate_ts_top20==1&reg_atr_change_rate_ts_top30==1&reg_atr_change_rate_ts_top50==0,0.3354797065258026,0.3354797065258026,0.007487266527009258,0.256300687789917,0.2028395061728395,0.016090772839853044,1.0,1.0,0.5158536585365854,2463,,,0.0014703017798412775,-0.012102890059085094,-0.00904097396940244,0.009787855744145792,,0.3333333333333333,0.0078757434948113,0.7451720489261571,0.6666666666666666,0.03908619840155294,-0.0016386458642892177,0.33653313670760915,0.05267184562922098,0.15702057858185203,0.0,7.837570691770529,0.002896744417728706,0.002896744417728706,9.475918381344307e-05,0.33538494734198915,3,1,1,5,5,stage_a_context,,long,5-way,True,,production,0.0078757434948113,-0.0016386458642892177,0.004401736255028599,0.33728395061728406,primary_target,0,rejected,research,"{""checks"": {""n_folds"": {""value"": 3, ""threshold"": 3, ""passed"": true}, ""presence_freq"": {""value"": 1.0, ""threshold"": 0.75, ""passed"": true}, ""directional_mean_ret"": {""value"": 0.3354797065258026, ""threshold"": 0.0, ""passed"": true}, ""hurdle_excess"": {""value"": 0.33538494734198915, ""threshold"": 0.0, ""passed"": true}, ""min_support_actual"": {""value"": 2463, ""threshold"": 50, ""passed"": true}, ""is_structurally_sound"": {""value"": false, ""passed"": false}, ""trade_path_quality_score"": {""value"": 0.0, ""threshold"": 0.0, ""passed"": true}}, ""failures"": [""structural_soundness_fail: ""], ""warnings"": [], ""classification"": ""research""}"
(*)|(loc_dist_ema20_atr_ts_top60==0)|(reg_atr_change_rate_ts_top30==1&reg_atr_change_rate_ts_top50==0),*,loc_dist_ema20_atr_ts_top60==0,reg_atr_change_rate_ts_top30==1&reg_atr_change_rate_ts_top50==0,0.3354797065258026,0.3354797065258026,0.007487266527009258,0.256300687789917,0.2028395061728395,0.016090772839853044,1.0,1.0,0.5158536585365854,2463,,,0.0014703017798412775,-0.012102890059085094,-0.00904097396940244,0.009787855744145792,,0.3333333333333333,0.0078757434948113,0.7451720489261571,0.6666666666666666,0.03908619840155294,-0.0016386458642892177,0.33653313670760915,0.05267184562922098,0.15702057858185203,0.0,7.837570691770529,0.002896744417728706,0.002896744417728706,7.370158741045572e-05,0.3354060049383922,3,3,3,3,3,stage_a_context,,long,3-way,True,,production,0.0078757434948113,-0.0016386458642892177,0.004401736255028599,0.33728395061728406,primary_target,0,rejected,research,"{""checks"": {""n_folds"": {""value"": 3, ""threshold"": 3, ""passed"": true}, ""presence_freq"": {""value"": 1.0, ""threshold"": 0.75, ""passed"": true}, ""directional_mean_ret"": {""value"": 0.3354797065258026, ""threshold"": 0.0, ""passed"": true}, ""hurdle_excess"": {""value"": 0.3354060049383922, ""threshold"": 0.0, ""passed"": true}, ""min_support_actual"": {""value"": 2463, ""threshold"": 50, ""passed"": true}, ""is_structurally_sound"": {""value"": false, ""passed"": false}, ""trade_path_quality_score"": {""value"": 0.0, ""threshold"": 0.0, ""passed"": true}}, ""failures"": [""structural_soundness_fail: ""], ""warnings"": [], ""classification"": ""research""}"
(*)|(loc_dist_ema20_atr_ts_top70==0)|(reg_atr_change_rate_ts_top30==1&reg_atr_change_rate_ts_top50==0),*,loc_dist_ema20_atr_ts_top70==0,reg_atr_change_rate_ts_top30==1&reg_atr_change_rate_ts_top50==0,0.3354797065258026,0.3354797065258026,0.007487266527009258,0.256300687789917,0.2028395061728395,0.016090772839853044,1.0,1.0,0.5158536585365854,2463,,,0.0014703017798412775,-0.012102890059085094,-0.00904097396940244,0.009787855744145792,,0.3333333333333333,0.0078757434948113,0.7451720489261571,0.6666666666666666,0.03908619840155294,-0.0016386458642892177,0.33653313670760915,0.05267184562922098,0.15702057858185203,0.0,7.837570691770529,0.002896744417728706,0.002896744417728706,7.370158741045572e-05,0.3354060049383922,3,1,1,3,3,stage_a_context,,long,3-way,True,,production,0.0078757434948113,-0.0016386458642892177,0.004401736255028599,0.33728395061728406,primary_target,0,rejected,research,"{""checks"": {""n_folds"": {""value"": 3, ""threshold"": 3, ""passed"": true}, ""presence_freq"": {""value"": 1.0, ""threshold"": 0.75, ""passed"": true}, ""directional_mean_ret"": {""value"": 0.3354797065258026, ""threshold"": 0.0, ""passed"": true}, ""hurdle_excess"": {""value"": 0.3354060049383922, ""threshold"": 0.0, ""passed"": true}, ""min_support_actual"": {""value"": 2463, ""threshold"": 50, ""passed"": true}, ""is_structurally_sound"": {""value"": false, ""passed"": false}, ""trade_path_quality_score"": {""value"": 0.0, ""threshold"": 0.0, ""passed"": true}}, ""failures"": [""structural_soundness_fail: ""], ""warnings"": [], ""classification"": ""research""}"
(*)|(*)|(reg_atr_change_rate_ts_band25_75==1&reg_atr_change_rate_ts_top40==1&reg_atr_change_rate_ts_top50==0&reg_price_lt_ema200_raw==1),*,*,reg_atr_change_rate_ts_band25_75==1&reg_atr_change_rate_ts_top40==1&reg_atr_change_rate_ts_top50==0&reg_price_lt_ema200_raw==1,0.33363673090934753,0.33363673090934753,0.005965058616893403,0.2532109518845876,0.09353086419753087,0.0071142825575380075,1.0,1.0,0.526431718061674,1167,,,-0.000398177226518975,-0.005053796152786151,-0.004910735837874671,0.0020011623940703535,,0.3333333333333333,,,,-0.09255133578649659,,,,0.03623904116624627,0.0,7.776127055864001,0.0016730578140531475,0.0016730578140531475,9.003766474622771e-05,0.3335466932446013,3,1,1,4,4,stage_a_context,,long,4-way,True,,production,,,0.012971609474352164,1.0,primary_target,0,rejected,research,"{""checks"": {""n_folds"": {""value"": 3, ""threshold"": 3, ""passed"": true}, ""presence_freq"": {""value"": 1.0, ""threshold"": 0.75, ""passed"": true}, ""directional_mean_ret"": {""value"": 0.33363673090934753, ""threshold"": 0.0, ""passed"": true}, ""hurdle_excess"": {""value"": 0.3335466932446013, ""threshold"": 0.0, ""passed"": true}, ""min_support_actual"": {""value"": 1167, ""threshold"": 50, ""passed"": true}, ""is_structurally_sound"": {""value"": false, ""passed"": false}, ""trade_path_quality_score"": {""value"": 0.0, ""threshold"": 0.0, ""passed"": true}}, ""failures"": [""structural_soundness_fail: ""], ""warnings"": [], ""classification"": ""research""}"
(*)|(*)|(reg_atr_change_rate_ts_top30==1&reg_atr_change_rate_ts_top40==1&reg_atr_change_rate_ts_top50==0&reg_atr_change_rate_ts_top60==0&reg_ema20_gt_ema50_raw==1),*,*,reg_atr_change_rate_ts_top30==1&reg_atr_change_rate_ts_top40==1&reg_atr_change_rate_ts_top50==0&reg_atr_change_rate_ts_top60==0&reg_ema20_gt_ema50_raw==1,0.33363673090934753,0.33363673090934753,0.005965058616893403,0.2532109518845876,0.09353086419753087,0.0071142825575380075,1.0,1.0,0.526431718061674,1167,,,-0.000398177226518975,-0.005053796152786151,-0.004910735837874671,0.0020011623940703535,,0.3333333333333333,,,,-0.09255133578649659,,,,0.03623904116624627,0.0,7.776127055864001,0.0016730578140531475,0.0016730578140531475,9.003766474622771e-05,0.3335466932446013,3,1,1,5,5,stage_a_context,,long,5-way,True,,production,,,0.012971609474352164,1.0,primary_target,0,rejected,research,"{""checks"": {""n_folds"": {""value"": 3, ""threshold"": 3, ""passed"": true}, ""presence_freq"": {""value"": 1.0, ""threshold"": 0.75, ""passed"": true}, ""directional_mean_ret"": {""value"": 0.33363673090934753, ""threshold"": 0.0, ""passed"": true}, ""hurdle_excess"": {""value"": 0.3335466932446013, ""threshold"": 0.0, ""passed"": true}, ""min_support_actual"": {""value"": 1167, ""threshold"": 50, ""passed"": true}, ""is_structurally_sound"": {""value"": false, ""passed"": false}, ""trade_path_quality_score"": {""value"": 0.0, ""threshold"": 0.0, ""passed"": true}}, ""failures"": [""structural_soundness_fail: ""], ""warnings"": [], ""classification"": ""research""}"
(*)|(*)|(reg_atr_change_rate_ts_top30==1&reg_atr_change_rate_ts_top40==1&reg_atr_change_rate_ts_top50==1&reg_atr_change_rate_ts_top60==0&reg_ema20_gt_ema50_raw==1),*,*,reg_atr_change_rate_ts_top30==1&reg_atr_change_rate_ts_top40==1&reg_atr_change_rate_ts_top50==1&reg_atr_change_rate_ts_top60==0&reg_ema20_gt_ema50_raw==1,0.332303653160731,0.332303653160731,0.019622501574397294,0.2554135173559189,0.09271604938271605,0.00554726404577406,1.0,1.0,0.5108459869848156,1147,,,-0.003081686130104983,-0.011575789794011193,-0.008475281287468304,0.0027156199551195675,,0.3333333333333333,,,,-0.0721465796733758,,,,0.03623904116624627,0.0,7.699978040644207,0.0016657894017860894,0.0016657894017860894,9.004775034293554e-05,0.3322136054103881,3,1,1,5,5,stage_a_context,,long,5-way,True,,production,,,0.04312041962465581,1.0,primary_target,0,rejected,research,"{""checks"": {""n_folds"": {""value"": 3, ""threshold"": 3, ""passed"": true}, ""presence_freq"": {""value"": 1.0, ""threshold"": 0.75, ""passed"": true}, ""directional_mean_ret"": {""value"": 0.332303653160731, ""threshold"": 0.0, ""passed"": true}, ""hurdle_excess"": {""value"": 0.3322136054103881, ""threshold"": 0.0, ""passed"": true}, ""min_support_actual"": {""value"": 1147, ""threshold"": 50, ""passed"": true}, ""is_structurally_sound"": {""value"": false, ""passed"": false}, ""trade_path_quality_score"": {""value"": 0.0, ""threshold"": 0.0, ""passed"": true}}, ""failures"": [""structural_soundness_fail: ""], ""warnings"": [], ""classification"": ""research""}"
(*)|(*)|(reg_atr_change_rate_ts_band25_75==1&reg_atr_change_rate_ts_top20==1&reg_atr_change_rate_ts_top30==1&reg_atr_change_rate_ts_top40==1&reg_atr_change_rate_ts_top50==0),*,*,reg_atr_change_rate_ts_band25_75==1&reg_atr_change_rate_ts_top20==1&reg_atr_change_rate_ts_top30==1&reg_atr_change_rate_ts_top40==1&reg_atr_change_rate_ts_top50==0,0.33363673090934753,0.33363673090934753,0.005965058616893403,0.25321096181869507,0.10241975308641975,0.004754737567946272,1.0,1.0,0.5036144578313253,1299,,,-0.000398177226518975,-0.005053796152786151,-0.004910735837874671,0.0020011623940703535,,0.3333333333333333,,,,-0.09255133578649659,,,,0.03623904116624627,0.0,7.776127055864001,0.0016656608056467874,0.0016656608056467874,9.000263484224966e-05,0.33354672827450527,3,1,1,5,5,stage_a_context,,long,5-way,True,,production,,,0.012971609474352164,1.0,primary_target,0,rejected,research,"{""checks"": {""n_folds"": {""value"": 3, ""threshold"": 3, ""passed"": true}, ""presence_freq"": {""value"": 1.0, ""threshold"": 0.75, ""passed"": true}, ""directional_mean_ret"": {""value"": 0.33363673090934753, ""threshold"": 0.0, ""passed"": true}, ""hurdle_excess"": {""value"": 0.33354672827450527, ""threshold"": 0.0, ""passed"": true}, ""min_support_actual"": {""value"": 1299, ""threshold"": 50, ""passed"": true}, ""is_structurally_sound"": {""value"": false, ""passed"": false}, ""trade_path_quality_score"": {""value"": 0.0, ""threshold"": 0.0, ""passed"": true}}, ""failures"": [""structural_soundness_fail: ""], ""warnings"": [], ""classification"": ""research""}"
(*)|(*)|(reg_atr_change_rate_ts_band25_75==1&reg_atr_change_rate_ts_top40==1&reg_atr_change_rate_ts_top50==0&reg_atr_change_rate_ts_top60==0),*,*,reg_atr_change_rate_ts_band25_75==1&reg_atr_change_rate_ts_top40==1&reg_atr_change_rate_ts_top50==0&reg_atr_change_rate_ts_top60==0,0.33363673090934753,0.33363673090934753,0.005965058616893403,0.25321096181869507,0.10241975308641975,0.004754737567946272,1.0,1.0,0.5036144578313253,1299,,,-0.000398177226518975,-0.005053796152786151,-0.004910735837874671,0.0020011623940703535,,0.3333333333333333,,,,-0.09255133578649659,,,,0.03623904116624627,0.0,7.776127055864001,0.0016656608056467874,0.0016656608056467874,9.000263484224966e-05,0.33354672827450527,3,1,1,4,4,stage_a_context,,long,4-way,True,,production,,,0.012971609474352164,1.0,primary_target,0,rejected,research,"{""checks"": {""n_folds"": {""value"": 3, ""threshold"": 3, ""passed"": true}, ""presence_freq"": {""value"": 1.0, ""threshold"": 0.75, ""passed"": true}, ""directional_mean_ret"": {""value"": 0.33363673090934753, ""threshold"": 0.0, ""passed"": true}, ""hurdle_excess"": {""value"": 0.33354672827450527, ""threshold"": 0.0, ""passed"": true}, ""min_support_actual"": {""value"": 1299, ""threshold"": 50, ""passed"": true}, ""is_structurally_sound"": {""value"": false, ""passed"": false}, ""trade_path_quality_score"": {""value"": 0.0, ""threshold"": 0.0, ""passed"": true}}, ""failures"": [""structural_soundness_fail: ""], ""warnings"": [], ""classification"": ""research""}"
(*)|(*)|(reg_atr_change_rate_ts_bot50==1&reg_atr_change_rate_ts_top30==1&reg_atr_change_rate_ts_top40==1&reg_atr_change_rate_ts_top60==0),*,*,reg_atr_change_rate_ts_bot50==1&reg_atr_change_rate_ts_top30==1&reg_atr_change_rate_ts_top40==1&reg_atr_change_rate_ts_top60==0,0.33363673090934753,0.33363673090934753,0.005965058616893403,0.25321096181869507,0.10241975308641975,0.004754737567946272,1.0,1.0,0.5036144578313253,1299,,,-0.000398177226518975,-0.005053796152786151,-0.004910735837874671,0.0020011623940703535,,0.3333333333333333,,,,-0.09255133578649659,,,,0.03623904116624627,0.0,7.776127055864001,0.0016656608056467874,0.0016656608056467874,9.000263484224966e-05,0.33354672827450527,3,1,1,4,4,stage_a_context,,long,4-way,True,,production,,,0.012971609474352164,1.0,primary_target,0,rejected,research,"{""checks"": {""n_folds"": {""value"": 3, ""threshold"": 3, ""passed"": true}, ""presence_freq"": {""value"": 1.0, ""threshold"": 0.75, ""passed"": true}, ""directional_mean_ret"": {""value"": 0.33363673090934753, ""threshold"": 0.0, ""passed"": true}, ""hurdle_excess"": {""value"": 0.33354672827450527, ""threshold"": 0.0, ""passed"": true}, ""min_support_actual"": {""value"": 1299, ""threshold"": 50, ""passed"": true}, ""is_structurally_sound"": {""value"": false, ""passed"": false}, ""trade_path_quality_score"": {""value"": 0.0, ""threshold"": 0.0, ""passed"": true}}, ""failures"": [""structural_soundness_fail: ""], ""warnings"": [], ""classification"": ""research""}"
(*)|(*)|(reg_atr_change_rate_ts_top20==1&reg_atr_change_rate_ts_top40==1&reg_atr_change_rate_ts_top50==0),*,*,reg_atr_change_rate_ts_top20==1&reg_atr_change_rate_ts_top40==1&reg_atr_change_rate_ts_top50==0,0.33363673090934753,0.33363673090934753,0.005965058616893403,0.25321096181869507,0.10241975308641975,0.004754737567946272,1.0,1.0,0.5036144578313253,1299,,,-0.000398177226518975,-0.005053796152786151,-0.004910735837874671,0.0020011623940703535,,0.3333333333333333,,,,-0.09255133578649659,,,,0.03623904116624627,0.0,7.776127055864001,0.0016656608056467874,0.0016656608056467874,7.000204932174973e-05,0.3335667288600258,3,1,1,3,3,stage_a_context,,long,3-way,True,,production,,,0.012971609474352164,1.0,primary_target,0,rejected,research,"{""checks"": {""n_folds"": {""value"": 3, ""threshold"": 3, ""passed"": true}, ""presence_freq"": {""value"": 1.0, ""threshold"": 0.75, ""passed"": true}, ""directional_mean_ret"": {""value"": 0.33363673090934753, ""threshold"": 0.0, ""passed"": true}, ""hurdle_excess"": {""value"": 0.3335667288600258, ""threshold"": 0.0, ""passed"": true}, ""min_support_actual"": {""value"": 1299, ""threshold"": 50, ""passed"": true}, ""is_structurally_sound"": {""value"": false, ""passed"": false}, ""trade_path_quality_score"": {""value"": 0.0, ""threshold"": 0.0, ""passed"": true}}, ""failures"": [""structural_soundness_fail: ""], ""warnings"": [], ""classification"": ""research""}"
(*)|(*)|(reg_atr_change_rate_ts_top30==1&reg_atr_change_rate_ts_top40==1&reg_atr_change_rate_ts_top50==0&reg_atr_change_rate_ts_top60==0),*,*,reg_atr_change_rate_ts_top30==1&reg_atr_change_rate_ts_top40==1&reg_atr_change_rate_ts_top50==0&reg_atr_change_rate_ts_top60==0,0.33363673090934753,0.33363673090934753,0.005965058616893403,0.25321096181869507,0.10241975308641975,0.004754737567946272,1.0,1.0,0.5036144578313253,1299,,,-0.000398177226518975,-0.005053796152786151,-0.004910735837874671,0.0020011623940703535,,0.3333333333333333,,,,-0.09255133578649659,,,,0.03623904116624627,0.0,7.776127055864001,0.0016656608056467874,0.0016656608056467874,9.000263484224966e-05,0.33354672827450527,3,3,3,4,4,stage_a_context,,long,4-way,True,,production,,,0.012971609474352164,1.0,primary_target,0,rejected,research,"{""checks"": {""n_folds"": {""value"": 3, ""threshold"": 3, ""passed"": true}, ""presence_freq"": {""value"": 1.0, ""threshold"": 0.75, ""passed"": true}, ""directional_mean_ret"": {""value"": 0.33363673090934753, ""threshold"": 0.0, ""passed"": true}, ""hurdle_excess"": {""value"": 0.33354672827450527, ""threshold"": 0.0, ""passed"": true}, ""min_support_actual"": {""value"": 1299, ""threshold"": 50, ""passed"": true}, ""is_structurally_sound"": {""value"": false, ""passed"": false}, ""trade_path_quality_score"": {""value"": 0.0, ""threshold"": 0.0, ""passed"": true}}, ""failures"": [""structural_soundness_fail: ""], ""warnings"": [], ""classification"": ""research""}"
(*)|(*)|(reg_atr_change_rate_ts_top30==1&reg_atr_change_rate_ts_top40==1&reg_atr_change_rate_ts_top50==0&reg_atr_change_rate_ts_top70==0),*,*,reg_atr_change_rate_ts_top30==1&reg_atr_change_rate_ts_top40==1&reg_atr_change_rate_ts_top50==0&reg_atr_change_rate_ts_top70==0,0.33363673090934753,0.33363673090934753,0.005965058616893403,0.25321096181869507,0.10241975308641975,0.004754737567946272,1.0,1.0,0.5036144578313253,1299,,,-0.000398177226518975,-0.005053796152786151,-0.004910735837874671,0.0020011623940703535,,0.3333333333333333,,,,-0.09255133578649659,,,,0.03623904116624627,0.0,7.776127055864001,0.0016656608056467874,0.0016656608056467874,9.000263484224966e-05,0.33354672827450527,3,1,1,4,4,stage_a_context,,long,4-way,True,,production,,,0.012971609474352164,1.0,primary_target,0,rejected,research,"{""checks"": {""n_folds"": {""value"": 3, ""threshold"": 3, ""passed"": true}, ""presence_freq"": {""value"": 1.0, ""threshold"": 0.75, ""passed"": true}, ""directional_mean_ret"": {""value"": 0.33363673090934753, ""threshold"": 0.0, ""passed"": true}, ""hurdle_excess"": {""value"": 0.33354672827450527, ""threshold"": 0.0, ""passed"": true}, ""min_support_actual"": {""value"": 1299, ""threshold"": 50, ""passed"": true}, ""is_structurally_sound"": {""value"": false, ""passed"": false}, ""trade_path_quality_score"": {""value"": 0.0, ""threshold"": 0.0, ""passed"": true}}, ""failures"": [""structural_soundness_fail: ""], ""warnings"": [], ""classification"": ""research""}"
(*)|(*)|(reg_atr_change_rate_ts_top30==1&reg_atr_change_rate_ts_top40==1&reg_atr_change_rate_ts_top50==0),*,*,reg_atr_change_rate_ts_top30==1&reg_atr_change_rate_ts_top40==1&reg_atr_change_rate_ts_top50==0,0.33363673090934753,0.33363673090934753,0.005965058616893403,0.25321096181869507,0.10241975308641975,0.004754737567946272,1.0,1.0,0.5036144578313253,1299,,,-0.000398177226518975,-0.005053796152786151,-0.004910735837874671,0.0020011623940703535,,0.3333333333333333,,,,-0.09255133578649659,,,,0.03623904116624627,0.0,7.776127055864001,0.0016656608056467874,0.0016656608056467874,7.000204932174973e-05,0.3335667288600258,3,1,1,3,3,stage_a_context,,long,3-way,True,,production,,,0.012971609474352164,1.0,primary_target,0,rejected,research,"{""checks"": {""n_folds"": {""value"": 3, ""threshold"": 3, ""passed"": true}, ""presence_freq"": {""value"": 1.0, ""threshold"": 0.75, ""passed"": true}, ""directional_mean_ret"": {""value"": 0.33363673090934753, ""threshold"": 0.0, ""passed"": true}, ""hurdle_excess"": {""value"": 0.3335667288600258, ""threshold"": 0.0, ""passed"": true}, ""min_support_actual"": {""value"": 1299, ""threshold"": 50, ""passed"": true}, ""is_structurally_sound"": {""value"": false, ""passed"": false}, ""trade_path_quality_score"": {""value"": 0.0, ""threshold"": 0.0, ""passed"": true}}, ""failures"": [""structural_soundness_fail: ""], ""warnings"": [], ""classification"": ""research""}"
(*)|(*)|(reg_atr_change_rate_ts_top40==1&reg_atr_change_rate_ts_top50==0&reg_atr_change_rate_ts_top60==0&reg_atr_change_rate_ts_top70==0),*,*,reg_atr_change_rate_ts_top40==1&reg_atr_change_rate_ts_top50==0&reg_atr_change_rate_ts_top60==0&reg_atr_change_rate_ts_top70==0,0.33363673090934753,0.33363673090934753,0.005965058616893403,0.25321096181869507,0.10241975308641975,0.004754737567946272,1.0,1.0,0.5036144578313253,1299,,,-0.000398177226518975,-0.005053796152786151,-0.004910735837874671,0.0020011623940703535,,0.3333333333333333,,,,-0.09255133578649659,,,,0.03623904116624627,0.0,7.776127055864001,0.0016656608056467874,0.0016656608056467874,9.000263484224966e-05,0.33354672827450527,3,1,1,4,4,stage_a_context,,long,4-way,True,,production,,,0.012971609474352164,1.0,primary_target,0,rejected,research,"{""checks"": {""n_folds"": {""value"": 3, ""threshold"": 3, ""passed"": true}, ""presence_freq"": {""value"": 1.0, ""threshold"": 0.75, ""passed"": true}, ""directional_mean_ret"": {""value"": 0.33363673090934753, ""threshold"": 0.0, ""passed"": true}, ""hurdle_excess"": {""value"": 0.33354672827450527, ""threshold"": 0.0, ""passed"": true}, ""min_support_actual"": {""value"": 1299, ""threshold"": 50, ""passed"": true}, ""is_structurally_sound"": {""value"": false, ""passed"": false}, ""trade_path_quality_score"": {""value"": 0.0, ""threshold"": 0.0, ""passed"": true}}, ""failures"": [""structural_soundness_fail: ""], ""warnings"": [], ""classification"": ""research""}"
(*)|(*)|(reg_atr_change_rate_ts_top40==1&reg_atr_change_rate_ts_top50==0&reg_atr_change_rate_ts_top60==0),*,*,reg_atr_change_rate_ts_top40==1&reg_atr_change_rate_ts_top50==0&reg_atr_change_rate_ts_top60==0,0.33363673090934753,0.33363673090934753,0.005965058616893403,0.25321096181869507,0.10241975308641975,0.004754737567946272,1.0,1.0,0.5036144578313253,1299,,,-0.000398177226518975,-0.005053796152786151,-0.004910735837874671,0.0020011623940703535,,0.3333333333333333,,,,-0.09255133578649659,,,,0.03623904116624627,0.0,7.776127055864001,0.0016656608056467874,0.0016656608056467874,7.000204932174973e-05,0.3335667288600258,3,7,7,3,3,stage_a_context,,long,3-way,True,,production,,,0.012971609474352164,1.0,primary_target,0,rejected,research,"{""checks"": {""n_folds"": {""value"": 3, ""threshold"": 3, ""passed"": true}, ""presence_freq"": {""value"": 1.0, ""threshold"": 0.75, ""passed"": true}, ""directional_mean_ret"": {""value"": 0.33363673090934753, ""threshold"": 0.0, ""passed"": true}, ""hurdle_excess"": {""value"": 0.3335667288600258, ""threshold"": 0.0, ""passed"": true}, ""min_support_actual"": {""value"": 1299, ""threshold"": 50, ""passed"": true}, ""is_structurally_sound"": {""value"": false, ""passed"": false}, ""trade_path_quality_score"": {""value"": 0.0, ""threshold"": 0.0, ""passed"": true}}, ""failures"": [""structural_soundness_fail: ""], ""warnings"": [], ""classification"": ""research""}"
(*)|(*)|(reg_atr_change_rate_ts_top40==1&reg_atr_change_rate_ts_top50==0),*,*,reg_atr_change_rate_ts_top40==1&reg_atr_change_rate_ts_top50==0,0.33363673090934753,0.33363673090934753,0.005965058616893403,0.25321096181869507,0.10241975308641975,0.004754737567946272,1.0,1.0,0.5036144578313253,1299,,,-0.000398177226518975,-0.005053796152786151,-0.004910735837874671,0.0020011623940703535,,0.3333333333333333,,,,-0.09255133578649659,,,,0.03623904116624627,0.0,7.776127055864001,0.0016656608056467874,0.0016656608056467874,8.500248846212468e-05,0.33355172842088543,3,2,2,2,2,stage_a_context,,long,2-way,True,,production,,,0.012971609474352164,1.0,primary_target,0,rejected,research,"{""checks"": {""n_folds"": {""value"": 3, ""threshold"": 3, ""passed"": true}, ""presence_freq"": {""value"": 1.0, ""threshold"": 0.75, ""passed"": true}, ""directional_mean_ret"": {""value"": 0.33363673090934753, ""threshold"": 0.0, ""passed"": true}, ""hurdle_excess"": {""value"": 0.33355172842088543, ""threshold"": 0.0, ""passed"": true}, ""min_support_actual"": {""value"": 1299, ""threshold"": 50, ""passed"": true}, ""is_structurally_sound"": {""value"": false, ""passed"": false}, ""trade_path_quality_score"": {""value"": 0.0, ""threshold"": 0.0, ""passed"": true}}, ""failures"": [""structural_soundness_fail: ""], ""warnings"": [], ""classification"": ""research""}"
(*)|(loc_dist_ema20_atr_ts_bot60==1&loc_dist_ema20_atr_ts_top50==0)|(reg_atr_change_rate_ts_top40==1),*,loc_dist_ema20_atr_ts_bot60==1&loc_dist_ema20_atr_ts_top50==0,reg_atr_change_rate_ts_top40==1,0.33363673090934753,0.33363673090934753,0.005965058616893403,0.25321096181869507,0.10241975308641975,0.004754737567946272,1.0,1.0,0.5036144578313253,1299,,,-0.000398177226518975,-0.005053796152786151,-0.004910735837874671,0.0020011623940703535,,0.3333333333333333,,,,-0.09255133578649659,,,,0.03623904116624627,0.0,7.776127055864001,0.0016656608056467874,0.0016656608056467874,7.000204932174973e-05,0.3335667288600258,3,1,1,3,3,stage_a_context,,long,3-way,True,,production,,,0.012971609474352164,1.0,primary_target,0,rejected,research,"{""checks"": {""n_folds"": {""value"": 3, ""threshold"": 3, ""passed"": true}, ""presence_freq"": {""value"": 1.0, ""threshold"": 0.75, ""passed"": true}, ""directional_mean_ret"": {""value"": 0.33363673090934753, ""threshold"": 0.0, ""passed"": true}, ""hurdle_excess"": {""value"": 0.3335667288600258, ""threshold"": 0.0, ""passed"": true}, ""min_support_actual"": {""value"": 1299, ""threshold"": 50, ""passed"": true}, ""is_structurally_sound"": {""value"": false, ""passed"": false}, ""trade_path_quality_score"": {""value"": 0.0, ""threshold"": 0.0, ""passed"": true}}, ""failures"": [""structural_soundness_fail: ""], ""warnings"": [], ""classification"": ""research""}"
(*)|(loc_dist_ema20_atr_ts_top30==1&loc_dist_ema20_atr_ts_top50==0)|(reg_atr_change_rate_ts_top40==1&reg_atr_change_rate_ts_top60==0),*,loc_dist_ema20_atr_ts_top30==1&loc_dist_ema20_atr_ts_top50==0,reg_atr_change_rate_ts_top40==1&reg_atr_change_rate_ts_top60==0,0.33363673090934753,0.33363673090934753,0.005965058616893403,0.25321096181869507,0.10241975308641975,0.004754737567946272,1.0,1.0,0.5036144578313253,1299,,,-0.000398177226518975,-0.005053796152786151,-0.004910735837874671,0.0020011623940703535,,0.3333333333333333,,,,-0.09255133578649659,,,,0.03623904116624627,0.0,7.776127055864001,0.0016656608056467874,0.0016656608056467874,9.000263484224966e-05,0.33354672827450527,3,1,1,4,4,stage_a_context,,long,4-way,True,,production,,,0.012971609474352164,1.0,primary_target,0,rejected,research,"{""checks"": {""n_folds"": {""value"": 3, ""threshold"": 3, ""passed"": true}, ""presence_freq"": {""value"": 1.0, ""threshold"": 0.75, ""passed"": true}, ""directional_mean_ret"": {""value"": 0.33363673090934753, ""threshold"": 0.0, ""passed"": true}, ""hurdle_excess"": {""value"": 0.33354672827450527, ""threshold"": 0.0, ""passed"": true}, ""min_support_actual"": {""value"": 1299, ""threshold"": 50, ""passed"": true}, ""is_structurally_sound"": {""value"": false, ""passed"": false}, ""trade_path_quality_score"": {""value"": 0.0, ""threshold"": 0.0, ""passed"": true}}, ""failures"": [""structural_soundness_fail: ""], ""warnings"": [], ""classification"": ""research""}"
(*)|(loc_dist_ema20_atr_ts_top40==1&loc_dist_ema20_atr_ts_top70==0)|(reg_atr_change_rate_ts_top30==1&reg_atr_change_rate_ts_top50==0&reg_atr_change_rate_ts_top60==0),*,loc_dist_ema20_atr_ts_top40==1&loc_dist_ema20_atr_ts_top70==0,reg_atr_change_rate_ts_top30==1&reg_atr_change_rate_ts_top50==0&reg_atr_change_rate_ts_top60==0,0.33363673090934753,0.33363673090934753,0.005965058616893403,0.25321096181869507,0.10241975308641975,0.004754737567946272,1.0,1.0,0.5036144578313253,1299,,,-0.000398177226518975,-0.005053796152786151,-0.004910735837874671,0.0020011623940703535,,0.3333333333333333,,,,-0.09255133578649659,,,,0.03623904116624627,0.0,7.776127055864001,0.0016656608056467874,0.0016656608056467874,9.000263484224966e-05,0.33354672827450527,3,1,1,5,5,stage_a_context,,long,5-way,True,,production,,,0.012971609474352164,1.0,primary_target,0,rejected,research,"{""checks"": {""n_folds"": {""value"": 3, ""threshold"": 3, ""passed"": true}, ""presence_freq"": {""value"": 1.0, ""threshold"": 0.75, ""passed"": true}, ""directional_mean_ret"": {""value"": 0.33363673090934753, ""threshold"": 0.0, ""passed"": true}, ""hurdle_excess"": {""value"": 0.33354672827450527, ""threshold"": 0.0, ""passed"": true}, ""min_support_actual"": {""value"": 1299, ""threshold"": 50, ""passed"": true}, ""is_structurally_sound"": {""value"": false, ""passed"": false}, ""trade_path_quality_score"": {""value"": 0.0, ""threshold"": 0.0, ""passed"": true}}, ""failures"": [""structural_soundness_fail: ""], ""warnings"": [], ""classification"": ""research""}"
(*)|(loc_dist_ema20_atr_ts_top40==1)|(reg_atr_change_rate_ts_top30==1&reg_atr_change_rate_ts_top60==0&reg_atr_compression_ratio_ts_top50==0),*,loc_dist_ema20_atr_ts_top40==1,reg_atr_change_rate_ts_top30==1&reg_atr_change_rate_ts_top60==0&reg_atr_compression_ratio_ts_top50==0,0.33363673090934753,0.33363673090934753,0.005965058616893403,0.25321096181869507,0.10241975308641975,0.004754737567946272,1.0,1.0,0.5036144578313253,1299,,,-0.000398177226518975,-0.005053796152786151,-0.004910735837874671,0.0020011623940703535,,0.3333333333333333,,,,-0.09255133578649659,,,,0.03623904116624627,0.0,7.776127055864001,0.0016656608056467874,0.0016656608056467874,9.000263484224966e-05,0.33354672827450527,3,1,1,4,4,stage_a_context,,long,4-way,True,,production,,,0.012971609474352164,1.0,primary_target,0,rejected,research,"{""checks"": {""n_folds"": {""value"": 3, ""threshold"": 3, ""passed"": true}, ""presence_freq"": {""value"": 1.0, ""threshold"": 0.75, ""passed"": true}, ""directional_mean_ret"": {""value"": 0.33363673090934753, ""threshold"": 0.0, ""passed"": true}, ""hurdle_excess"": {""value"": 0.33354672827450527, ""threshold"": 0.0, ""passed"": true}, ""min_support_actual"": {""value"": 1299, ""threshold"": 50, ""passed"": true}, ""is_structurally_sound"": {""value"": false, ""passed"": false}, ""trade_path_quality_score"": {""value"": 0.0, ""threshold"": 0.0, ""passed"": true}}, ""failures"": [""structural_soundness_fail: ""], ""warnings"": [], ""classification"": ""research""}"
(*)|(loc_dist_ema20_atr_ts_top40==1)|(reg_atr_change_rate_ts_top50==0&reg_atr_change_rate_ts_top60==0),*,loc_dist_ema20_atr_ts_top40==1,reg_atr_change_rate_ts_top50==0&reg_atr_change_rate_ts_top60==0,0.33363673090934753,0.33363673090934753,0.005965058616893403,0.25321096181869507,0.10241975308641975,0.004754737567946272,1.0,1.0,0.5036144578313253,1299,,,-0.000398177226518975,-0.005053796152786151,-0.004910735837874671,0.0020011623940703535,,0.3333333333333333,,,,-0.09255133578649659,,,,0.03623904116624627,0.0,7.776127055864001,0.0016656608056467874,0.0016656608056467874,7.000204932174973e-05,0.3335667288600258,3,1,1,3,3,stage_a_context,,long,3-way,True,,production,,,0.012971609474352164,1.0,primary_target,0,rejected,research,"{""checks"": {""n_folds"": {""value"": 3, ""threshold"": 3, ""passed"": true}, ""presence_freq"": {""value"": 1.0, ""threshold"": 0.75, ""passed"": true}, ""directional_mean_ret"": {""value"": 0.33363673090934753, ""threshold"": 0.0, ""passed"": true}, ""hurdle_excess"": {""value"": 0.3335667288600258, ""threshold"": 0.0, ""passed"": true}, ""min_support_actual"": {""value"": 1299, ""threshold"": 50, ""passed"": true}, ""is_structurally_sound"": {""value"": false, ""passed"": false}, ""trade_path_quality_score"": {""value"": 0.0, ""threshold"": 0.0, ""passed"": true}}, ""failures"": [""structural_soundness_fail: ""], ""warnings"": [], ""classification"": ""research""}"
(*)|(loc_dist_ema20_atr_ts_top50==0)|(reg_atr_change_rate_ts_top30==1&reg_atr_change_rate_ts_top40==1),*,loc_dist_ema20_atr_ts_top50==0,reg_atr_change_rate_ts_top30==1&reg_atr_change_rate_ts_top40==1,0.33363673090934753,0.33363673090934753,0.005965058616893403,0.25321096181869507,0.10241975308641975,0.004754737567946272,1.0,1.0,0.5036144578313253,1299,,,-0.000398177226518975,-0.005053796152786151,-0.004910735837874671,0.0020011623940703535,,0.3333333333333333,,,,-0.09255133578649659,,,,0.03623904116624627,0.0,7.776127055864001,0.0016656608056467874,0.0016656608056467874,7.000204932174973e-05,0.3335667288600258,3,1,1,3,3,stage_a_context,,long,3-way,True,,production,,,0.012971609474352164,1.0,primary_target,0,rejected,research,"{""checks"": {""n_folds"": {""value"": 3, ""threshold"": 3, ""passed"": true}, ""presence_freq"": {""value"": 1.0, ""threshold"": 0.75, ""passed"": true}, ""directional_mean_ret"": {""value"": 0.33363673090934753, ""threshold"": 0.0, ""passed"": true}, ""hurdle_excess"": {""value"": 0.3335667288600258, ""threshold"": 0.0, ""passed"": true}, ""min_support_actual"": {""value"": 1299, ""threshold"": 50, ""passed"": true}, ""is_structurally_sound"": {""value"": false, ""passed"": false}, ""trade_path_quality_score"": {""value"": 0.0, ""threshold"": 0.0, ""passed"": true}}, ""failures"": [""structural_soundness_fail: ""], ""warnings"": [], ""classification"": ""research""}"
(*)|(loc_dist_ema20_atr_ts_top50==0)|(reg_atr_change_rate_ts_top40==1&reg_atr_change_rate_ts_top60==0),*,loc_dist_ema20_atr_ts_top50==0,reg_atr_change_rate_ts_top40==1&reg_atr_change_rate_ts_top60==0,0.33363673090934753,0.33363673090934753,0.005965058616893403,0.25321096181869507,0.10241975308641975,0.004754737567946272,1.0,1.0,0.5036144578313253,1299,,,-0.000398177226518975,-0.005053796152786151,-0.004910735837874671,0.0020011623940703535,,0.3333333333333333,,,,-0.09255133578649659,,,,0.03623904116624627,0.0,7.776127055864001,0.0016656608056467874,0.0016656608056467874,7.000204932174973e-05,0.3335667288600258,3,1,1,3,3,stage_a_context,,long,3-way,True,,production,,,0.012971609474352164,1.0,primary_target,0,rejected,research,"{""checks"": {""n_folds"": {""value"": 3, ""threshold"": 3, ""passed"": true}, ""presence_freq"": {""value"": 1.0, ""threshold"": 0.75, ""passed"": true}, ""directional_mean_ret"": {""value"": 0.33363673090934753, ""threshold"": 0.0, ""passed"": true}, ""hurdle_excess"": {""value"": 0.3335667288600258, ""threshold"": 0.0, ""passed"": true}, ""min_support_actual"": {""value"": 1299, ""threshold"": 50, ""passed"": true}, ""is_structurally_sound"": {""value"": false, ""passed"": false}, ""trade_path_quality_score"": {""value"": 0.0, ""threshold"": 0.0, ""passed"": true}}, ""failures"": [""structural_soundness_fail: ""], ""warnings"": [], ""classification"": ""research""}"
(*)|(loc_dist_ema20_atr_ts_top50==0)|(reg_atr_change_rate_ts_top40==1),*,loc_dist_ema20_atr_ts_top50==0,reg_atr_change_rate_ts_top40==1,0.33363673090934753,0.33363673090934753,0.005965058616893403,0.25321096181869507,0.10241975308641975,0.004754737567946272,1.0,1.0,0.5036144578313253,1299,,,-0.000398177226518975,-0.005053796152786151,-0.004910735837874671,0.0020011623940703535,,0.3333333333333333,,,,-0.09255133578649659,,,,0.03623904116624627,0.0,7.776127055864001,0.0016656608056467874,0.0016656608056467874,8.500248846212468e-05,0.33355172842088543,3,1,1,2,2,stage_a_context,,long,2-way,True,,production,,,0.012971609474352164,1.0,primary_target,0,rejected,research,"{""checks"": {""n_folds"": {""value"": 3, ""threshold"": 3, ""passed"": true}, ""presence_freq"": {""value"": 1.0, ""threshold"": 0.75, ""passed"": true}, ""directional_mean_ret"": {""value"": 0.33363673090934753, ""threshold"": 0.0, ""passed"": true}, ""hurdle_excess"": {""value"": 0.33355172842088543, ""threshold"": 0.0, ""passed"": true}, ""min_support_actual"": {""value"": 1299, ""threshold"": 50, ""passed"": true}, ""is_structurally_sound"": {""value"": false, ""passed"": false}, ""trade_path_quality_score"": {""value"": 0.0, ""threshold"": 0.0, ""passed"": true}}, ""failures"": [""structural_soundness_fail: ""], ""warnings"": [], ""classification"": ""research""}"
(*)|(loc_dist_ema20_atr_ts_top60==0)|(reg_atr_change_rate_ts_top30==1&reg_atr_change_rate_ts_top40==1&reg_atr_change_rate_ts_top50==0),*,loc_dist_ema20_atr_ts_top60==0,reg_atr_change_rate_ts_top30==1&reg_atr_change_rate_ts_top40==1&reg_atr_change_rate_ts_top50==0,0.33363673090934753,0.33363673090934753,0.005965058616893403,0.25321096181869507,0.10241975308641975,0.004754737567946272,1.0,1.0,0.5036144578313253,1299,,,-0.000398177226518975,-0.005053796152786151,-0.004910735837874671,0.0020011623940703535,,0.3333333333333333,,,,-0.09255133578649659,,,,0.03623904116624627,0.0,7.776127055864001,0.0016656608056467874,0.0016656608056467874,9.000263484224966e-05,0.33354672827450527,3,1,1,4,4,stage_a_context,,long,4-way,True,,production,,,0.012971609474352164,1.0,primary_target,0,rejected,research,"{""checks"": {""n_folds"": {""value"": 3, ""threshold"": 3, ""passed"": true}, ""presence_freq"": {""value"": 1.0, ""threshold"": 0.75, ""passed"": true}, ""directional_mean_ret"": {""value"": 0.33363673090934753, ""threshold"": 0.0, ""passed"": true}, ""hurdle_excess"": {""value"": 0.33354672827450527, ""threshold"": 0.0, ""passed"": true}, ""min_support_actual"": {""value"": 1299, ""threshold"": 50, ""passed"": true}, ""is_structurally_sound"": {""value"": false, ""passed"": false}, ""trade_path_quality_score"": {""value"": 0.0, ""threshold"": 0.0, ""passed"": true}}, ""failures"": [""structural_soundness_fail: ""], ""warnings"": [], ""classification"": ""research""}"
(*)|(loc_dist_ema20_atr_ts_top60==0)|(reg_atr_change_rate_ts_top40==1&reg_atr_change_rate_ts_top50==0),*,loc_dist_ema20_atr_ts_top60==0,reg_atr_change_rate_ts_top40==1&reg_atr_change_rate_ts_top50==0,0.33363673090934753,0.33363673090934753,0.005965058616893403,0.25321096181869507,0.10241975308641975,0.004754737567946272,1.0,1.0,0.5036144578313253,1299,,,-0.000398177226518975,-0.005053796152786151,-0.004910735837874671,0.0020011623940703535,,0.3333333333333333,,,,-0.09255133578649659,,,,0.03623904116624627,0.0,7.776127055864001,0.0016656608056467874,0.0016656608056467874,7.000204932174973e-05,0.3335667288600258,3,1,1,3,3,stage_a_context,,long,3-way,True,,production,,,0.012971609474352164,1.0,primary_target,0,rejected,research,"{""checks"": {""n_folds"": {""value"": 3, ""threshold"": 3, ""passed"": true}, ""presence_freq"": {""value"": 1.0, ""threshold"": 0.75, ""passed"": true}, ""directional_mean_ret"": {""value"": 0.33363673090934753, ""threshold"": 0.0, ""passed"": true}, ""hurdle_excess"": {""value"": 0.3335667288600258, ""threshold"": 0.0, ""passed"": true}, ""min_support_actual"": {""value"": 1299, ""threshold"": 50, ""passed"": true}, ""is_structurally_sound"": {""value"": false, ""passed"": false}, ""trade_path_quality_score"": {""value"": 0.0, ""threshold"": 0.0, ""passed"": true}}, ""failures"": [""structural_soundness_fail: ""], ""warnings"": [], ""classification"": ""research""}"
(*)|(loc_dist_ema20_atr_ts_top70==0)|(reg_atr_change_rate_ts_top40==1&reg_atr_change_rate_ts_top50==0),*,loc_dist_ema20_atr_ts_top70==0,reg_atr_change_rate_ts_top40==1&reg_atr_change_rate_ts_top50==0,0.33363673090934753,0.33363673090934753,0.005965058616893403,0.25321096181869507,0.10241975308641975,0.004754737567946272,1.0,1.0,0.5036144578313253,1299,,,-0.000398177226518975,-0.005053796152786151,-0.004910735837874671,0.0020011623940703535,,0.3333333333333333,,,,-0.09255133578649659,,,,0.03623904116624627,0.0,7.776127055864001,0.0016656608056467874,0.0016656608056467874,7.000204932174973e-05,0.3335667288600258,3,1,1,3,3,stage_a_context,,long,3-way,True,,production,,,0.012971609474352164,1.0,primary_target,0,rejected,research,"{""checks"": {""n_folds"": {""value"": 3, ""threshold"": 3, ""passed"": true}, ""presence_freq"": {""value"": 1.0, ""threshold"": 0.75, ""passed"": true}, ""directional_mean_ret"": {""value"": 0.33363673090934753, ""threshold"": 0.0, ""passed"": true}, ""hurdle_excess"": {""value"": 0.3335667288600258, ""threshold"": 0.0, ""passed"": true}, ""min_support_actual"": {""value"": 1299, ""threshold"": 50, ""passed"": true}, ""is_structurally_sound"": {""value"": false, ""passed"": false}, ""trade_path_quality_score"": {""value"": 0.0, ""threshold"": 0.0, ""passed"": true}}, ""failures"": [""structural_soundness_fail: ""], ""warnings"": [], ""classification"": ""research""}"
(*)|(loc_dist_ema20_atr_ts_top80==0)|(reg_atr_change_rate_ts_top30==1&reg_atr_change_rate_ts_top40==1&reg_atr_change_rate_ts_top50==0&reg_atr_change_rate_ts_top60==0),*,loc_dist_ema20_atr_ts_top80==0,reg_atr_change_rate_ts_top30==1&reg_atr_change_rate_ts_top40==1&reg_atr_change_rate_ts_top50==0&reg_atr_change_rate_ts_top60==0,0.33363673090934753,0.33363673090934753,0.005965058616893403,0.25321096181869507,0.10241975308641975,0.004754737567946272,1.0,1.0,0.5036144578313253,1299,,,-0.000398177226518975,-0.005053796152786151,-0.004910735837874671,0.0020011623940703535,,0.3333333333333333,,,,-0.09255133578649659,,,,0.03623904116624627,0.0,7.776127055864001,0.0016656608056467874,0.0016656608056467874,9.000263484224966e-05,0.33354672827450527,3,1,1,5,5,stage_a_context,,long,5-way,True,,production,,,0.012971609474352164,1.0,primary_target,0,rejected,research,"{""checks"": {""n_folds"": {""value"": 3, ""threshold"": 3, ""passed"": true}, ""presence_freq"": {""value"": 1.0, ""threshold"": 0.75, ""passed"": true}, ""directional_mean_ret"": {""value"": 0.33363673090934753, ""threshold"": 0.0, ""passed"": true}, ""hurdle_excess"": {""value"": 0.33354672827450527, ""threshold"": 0.0, ""passed"": true}, ""min_support_actual"": {""value"": 1299, ""threshold"": 50, ""passed"": true}, ""is_structurally_sound"": {""value"": false, ""passed"": false}, ""trade_path_quality_score"": {""value"": 0.0, ""threshold"": 0.0, ""passed"": true}}, ""failures"": [""structural_soundness_fail: ""], ""warnings"": [], ""classification"": ""research""}"
(*)|(*)|(reg_atr_change_rate_ts_band25_75==1&reg_atr_change_rate_ts_top20==1&reg_atr_change_rate_ts_top30==1&reg_atr_change_rate_ts_top40==0&reg_atr_change_rate_ts_top50==0),*,*,reg_atr_change_rate_ts_band25_75==1&reg_atr_change_rate_ts_top20==1&reg_atr_change_rate_ts_top30==1&reg_atr_change_rate_ts_top40==0&reg_atr_change_rate_ts_top50==0,0.3375803530216217,0.3375803530216217,0.011248285683147303,0.2592583894729614,0.10041975308641975,0.011348627352376689,1.0,1.0,0.5054021608643458,1164,,,0.002605790718035484,-0.01106768291420435,-0.006827550930460184,0.011562593526027485,,0.3333333333333333,,,,-0.025253489966084775,,,,0.03623904116624627,0.0,7.914438466161617,0.0016653785512125419,0.0016653785512125419,9.000007928669412e-05,0.33749035294233504,3,1,1,5,5,stage_a_context,,long,5-way,True,,production,,,0.007300602884305303,1.0,primary_target,0,rejected,research,"{""checks"": {""n_folds"": {""value"": 3, ""threshold"": 3, ""passed"": true}, ""presence_freq"": {""value"": 1.0, ""threshold"": 0.75, ""passed"": true}, ""directional_mean_ret"": {""value"": 0.3375803530216217, ""threshold"": 0.0, ""passed"": true}, ""hurdle_excess"": {""value"": 0.33749035294233504, ""threshold"": 0.0, ""passed"": true}, ""min_support_actual"": {""value"": 1164, ""threshold"": 50, ""passed"": true}, ""is_structurally_sound"": {""value"": false, ""passed"": false}, ""trade_path_quality_score"": {""value"": 0.0, ""threshold"": 0.0, ""passed"": true}}, ""failures"": [""structural_soundness_fail: ""], ""warnings"": [], ""classification"": ""research""}"
(*)|(*)|(reg_atr_change_rate_ts_band25_75==1&reg_atr_change_rate_ts_top30==1&reg_atr_change_rate_ts_top40==0),*,*,reg_atr_change_rate_ts_band25_75==1&reg_atr_change_rate_ts_top30==1&reg_atr_change_rate_ts_top40==0,0.3375803530216217,0.3375803530216217,0.011248285683147303,0.2592583894729614,0.10041975308641975,0.011348627352376689,1.0,1.0,0.5054021608643458,1164,,,0.002605790718035484,-0.01106768291420435,-0.006827550930460184,0.011562593526027485,,0.3333333333333333,,,,-0.025253489966084775,,,,0.03623904116624627,0.0,7.914438466161617,0.0016653785512125419,0.0016653785512125419,7.000006166742875e-05,0.3375103529599543,3,1,1,3,3,stage_a_context,,long,3-way,True,,production,,,0.007300602884305303,1.0,primary_target,0,rejected,research,"{""checks"": {""n_folds"": {""value"": 3, ""threshold"": 3, ""passed"": true}, ""presence_freq"": {""value"": 1.0, ""threshold"": 0.75, ""passed"": true}, ""directional_mean_ret"": {""value"": 0.3375803530216217, ""threshold"": 0.0, ""passed"": true}, ""hurdle_excess"": {""value"": 0.3375103529599543, ""threshold"": 0.0, ""passed"": true}, ""min_support_actual"": {""value"": 1164, ""threshold"": 50, ""passed"": true}, ""is_structurally_sound"": {""value"": false, ""passed"": false}, ""trade_path_quality_score"": {""value"": 0.0, ""threshold"": 0.0, ""passed"": true}}, ""failures"": [""structural_soundness_fail: ""], ""warnings"": [], ""classification"": ""research""}"
(*)|(*)|(reg_atr_change_rate_ts_band40_60==0&reg_atr_change_rate_ts_top30==1&reg_atr_change_rate_ts_top40==0&reg_atr_change_rate_ts_top70==0),*,*,reg_atr_change_rate_ts_band40_60==0&reg_atr_change_rate_ts_top30==1&reg_atr_change_rate_ts_top40==0&reg_atr_change_rate_ts_top70==0,0.3375803530216217,0.3375803530216217,0.011248285683147303,0.2592583894729614,0.10041975308641975,0.011348627352376689,1.0,1.0,0.5054021608643458,1164,,,0.002605790718035484,-0.01106768291420435,-0.006827550930460184,0.011562593526027485,,0.3333333333333333,,,,-0.025253489966084775,,,,0.03623904116624627,0.0,7.914438466161617,0.0016653785512125419,0.0016653785512125419,9.000007928669412e-05,0.33749035294233504,3,1,1,4,4,stage_a_context,,long,4-way,True,,production,,,0.007300602884305303,1.0,primary_target,0,rejected,research,"{""checks"": {""n_folds"": {""value"": 3, ""threshold"": 3, ""passed"": true}, ""presence_freq"": {""value"": 1.0, ""threshold"": 0.75, ""passed"": true}, ""directional_mean_ret"": {""value"": 0.3375803530216217, ""threshold"": 0.0, ""passed"": true}, ""hurdle_excess"": {""value"": 0.33749035294233504, ""threshold"": 0.0, ""passed"": true}, ""min_support_actual"": {""value"": 1164, ""threshold"": 50, ""passed"": true}, ""is_structurally_sound"": {""value"": false, ""passed"": false}, ""trade_path_quality_score"": {""value"": 0.0, ""threshold"": 0.0, ""passed"": true}}, ""failures"": [""structural_soundness_fail: ""], ""warnings"": [], ""classification"": ""research""}"
(*)|(*)|(reg_atr_change_rate_ts_band40_60==0&reg_atr_change_rate_ts_top30==1&reg_atr_change_rate_ts_top60==0&reg_atr_change_rate_ts_top80==0),*,*,reg_atr_change_rate_ts_band40_60==0&reg_atr_change_rate_ts_top30==1&reg_atr_change_rate_ts_top60==0&reg_atr_change_rate_ts_top80==0,0.3375803530216217,0.3375803530216217,0.011248285683147303,0.2592583894729614,0.10041975308641975,0.011348627352376689,1.0,1.0,0.5054021608643458,1164,,,0.002605790718035484,-0.01106768291420435,-0.006827550930460184,0.011562593526027485,,0.3333333333333333,,,,-0.025253489966084775,,,,0.03623904116624627,0.0,7.914438466161617,0.0016653785512125419,0.0016653785512125419,9.000007928669412e-05,0.33749035294233504,3,1,1,4,4,stage_a_context,,long,4-way,True,,production,,,0.007300602884305303,1.0,primary_target,0,rejected,research,"{""checks"": {""n_folds"": {""value"": 3, ""threshold"": 3, ""passed"": true}, ""presence_freq"": {""value"": 1.0, ""threshold"": 0.75, ""passed"": true}, ""directional_mean_ret"": {""value"": 0.3375803530216217, ""threshold"": 0.0, ""passed"": true}, ""hurdle_excess"": {""value"": 0.33749035294233504, ""threshold"": 0.0, ""passed"": true}, ""min_support_actual"": {""value"": 1164, ""threshold"": 50, ""passed"": true}, ""is_structurally_sound"": {""value"": false, ""passed"": false}, ""trade_path_quality_score"": {""value"": 0.0, ""threshold"": 0.0, ""passed"": true}}, ""failures"": [""structural_soundness_fail: ""], ""warnings"": [], ""classification"": ""research""}"
(*)|(*)|(reg_atr_change_rate_ts_bot30==0&reg_atr_change_rate_ts_top20==1&reg_atr_change_rate_ts_top40==0),*,*,reg_atr_change_rate_ts_bot30==0&reg_atr_change_rate_ts_top20==1&reg_atr_change_rate_ts_top40==0,0.3375803530216217,0.3375803530216217,0.011248285683147303,0.2592583894729614,0.10041975308641975,0.011348627352376689,1.0,1.0,0.5054021608643458,1164,,,0.002605790718035484,-0.01106768291420435,-0.006827550930460184,0.011562593526027485,,0.3333333333333333,,,,-0.025253489966084775,,,,0.03623904116624627,0.0,7.914438466161617,0.0016653785512125419,0.0016653785512125419,7.000006166742875e-05,0.3375103529599543,3,1,1,3,3,stage_a_context,,long,3-way,True,,production,,,0.007300602884305303,1.0,primary_target,0,rejected,research,"{""checks"": {""n_folds"": {""value"": 3, ""threshold"": 3, ""passed"": true}, ""presence_freq"": {""value"": 1.0, ""threshold"": 0.75, ""passed"": true}, ""directional_mean_ret"": {""value"": 0.3375803530216217, ""threshold"": 0.0, ""passed"": true}, ""hurdle_excess"": {""value"": 0.3375103529599543, ""threshold"": 0.0, ""passed"": true}, ""min_support_actual"": {""value"": 1164, ""threshold"": 50, ""passed"": true}, ""is_structurally_sound"": {""value"": false, ""passed"": false}, ""trade_path_quality_score"": {""value"": 0.0, ""threshold"": 0.0, ""passed"": true}}, ""failures"": [""structural_soundness_fail: ""], ""warnings"": [], ""classification"": ""research""}"
(*)|(*)|(reg_atr_change_rate_ts_top20==1&reg_atr_change_rate_ts_top30==1&reg_atr_change_rate_ts_top40==0),*,*,reg_atr_change_rate_ts_top20==1&reg_atr_change_rate_ts_top30==1&reg_atr_change_rate_ts_top40==0,0.3375803530216217,0.3375803530216217,0.011248285683147303,0.2592583894729614,0.10041975308641975,0.011348627352376689,1.0,1.0,0.5054021608643458,1164,,,0.002605790718035484,-0.01106768291420435,-0.006827550930460184,0.011562593526027485,,0.3333333333333333,,,,-0.025253489966084775,,,,0.03623904116624627,0.0,7.914438466161617,0.0016653785512125419,0.0016653785512125419,7.000006166742875e-05,0.3375103529599543,3,1,1,3,3,stage_a_context,,long,3-way,True,,production,,,0.007300602884305303,1.0,primary_target,0,rejected,research,"{""checks"": {""n_folds"": {""value"": 3, ""threshold"": 3, ""passed"": true}, ""presence_freq"": {""value"": 1.0, ""threshold"": 0.75, ""passed"": true}, ""directional_mean_ret"": {""value"": 0.3375803530216217, ""threshold"": 0.0, ""passed"": true}, ""hurdle_excess"": {""value"": 0.3375103529599543, ""threshold"": 0.0, ""passed"": true}, ""min_support_actual"": {""value"": 1164, ""threshold"": 50, ""passed"": true}, ""is_structurally_sound"": {""value"": false, ""passed"": false}, ""trade_path_quality_score"": {""value"": 0.0, ""threshold"": 0.0, ""passed"": true}}, ""failures"": [""structural_soundness_fail: ""], ""warnings"": [], ""classification"": ""research""}"
(*)|(*)|(reg_atr_change_rate_ts_top30==1&reg_atr_change_rate_ts_top40==0&reg_atr_change_rate_ts_top50==0&reg_atr_change_rate_ts_top60==0),*,*,reg_atr_change_rate_ts_top30==1&reg_atr_change_rate_ts_top40==0&reg_atr_change_rate_ts_top50==0&reg_atr_change_rate_ts_top60==0,0.3375803530216217,0.3375803530216217,0.011248285683147303,0.2592583894729614,0.10041975308641975,0.011348627352376689,1.0,1.0,0.5054021608643458,1164,,,0.002605790718035484,-0.01106768291420435,-0.006827550930460184,0.011562593526027485,,0.3333333333333333,,,,-0.025253489966084775,,,,0.03623904116624627,0.0,7.914438466161617,0.0016653785512125419,0.0016653785512125419,9.000007928669412e-05,0.33749035294233504,3,1,1,4,4,stage_a_context,,long,4-way,True,,production,,,0.007300602884305303,1.0,primary_target,0,rejected,research,"{""checks"": {""n_folds"": {""value"": 3, ""threshold"": 3, ""passed"": true}, ""presence_freq"": {""value"": 1.0, ""threshold"": 0.75, ""passed"": true}, ""directional_mean_ret"": {""value"": 0.3375803530216217, ""threshold"": 0.0, ""passed"": true}, ""hurdle_excess"": {""value"": 0.33749035294233504, ""threshold"": 0.0, ""passed"": true}, ""min_support_actual"": {""value"": 1164, ""threshold"": 50, ""passed"": true}, ""is_structurally_sound"": {""value"": false, ""passed"": false}, ""trade_path_quality_score"": {""value"": 0.0, ""threshold"": 0.0, ""passed"": true}}, ""failures"": [""structural_soundness_fail: ""], ""warnings"": [], ""classification"": ""research""}"
(*)|(*)|(reg_atr_change_rate_ts_top30==1&reg_atr_change_rate_ts_top40==0&reg_atr_change_rate_ts_top50==0),*,*,reg_atr_change_rate_ts_top30==1&reg_atr_change_rate_ts_top40==0&reg_atr_change_rate_ts_top50==0,0.3375803530216217,0.3375803530216217,0.011248285683147303,0.2592583894729614,0.10041975308641975,0.011348627352376689,1.0,1.0,0.5054021608643458,1164,,,0.002605790718035484,-0.01106768291420435,-0.006827550930460184,0.011562593526027485,,0.3333333333333333,,,,-0.025253489966084775,,,,0.03623904116624627,0.0,7.914438466161617,0.0016653785512125419,0.0016653785512125419,7.000006166742875e-05,0.3375103529599543,3,1,1,3,3,stage_a_context,,long,3-way,True,,production,,,0.007300602884305303,1.0,primary_target,0,rejected,research,"{""checks"": {""n_folds"": {""value"": 3, ""threshold"": 3, ""passed"": true}, ""presence_freq"": {""value"": 1.0, ""threshold"": 0.75, ""passed"": true}, ""directional_mean_ret"": {""value"": 0.3375803530216217, ""threshold"": 0.0, ""passed"": true}, ""hurdle_excess"": {""value"": 0.3375103529599543, ""threshold"": 0.0, ""passed"": true}, ""min_support_actual"": {""value"": 1164, ""threshold"": 50, ""passed"": true}, ""is_structurally_sound"": {""value"": false, ""passed"": false}, ""trade_path_quality_score"": {""value"": 0.0, ""threshold"": 0.0, ""passed"": true}}, ""failures"": [""structural_soundness_fail: ""], ""warnings"": [], ""classification"": ""research""}"
(*)|(*)|(reg_atr_change_rate_ts_top30==1&reg_atr_change_rate_ts_top40==0&reg_atr_change_rate_ts_top60==0&reg_atr_change_rate_ts_top70==0),*,*,reg_atr_change_rate_ts_top30==1&reg_atr_change_rate_ts_top40==0&reg_atr_change_rate_ts_top60==0&reg_atr_change_rate_ts_top70==0,0.3375803530216217,0.3375803530216217,0.011248285683147303,0.2592583894729614,0.10041975308641975,0.011348627352376689,1.0,1.0,0.5054021608643458,1164,,,0.002605790718035484,-0.01106768291420435,-0.006827550930460184,0.011562593526027485,,0.3333333333333333,,,,-0.025253489966084775,,,,0.03623904116624627,0.0,7.914438466161617,0.0016653785512125419,0.0016653785512125419,9.000007928669412e-05,0.33749035294233504,3,1,1,4,4,stage_a_context,,long,4-way,True,,production,,,0.007300602884305303,1.0,primary_target,0,rejected,research,"{""checks"": {""n_folds"": {""value"": 3, ""threshold"": 3, ""passed"": true}, ""presence_freq"": {""value"": 1.0, ""threshold"": 0.75, ""passed"": true}, ""directional_mean_ret"": {""value"": 0.3375803530216217, ""threshold"": 0.0, ""passed"": true}, ""hurdle_excess"": {""value"": 0.33749035294233504, ""threshold"": 0.0, ""passed"": true}, ""min_support_actual"": {""value"": 1164, ""threshold"": 50, ""passed"": true}, ""is_structurally_sound"": {""value"": false, ""passed"": false}, ""trade_path_quality_score"": {""value"": 0.0, ""threshold"": 0.0, ""passed"": true}}, ""failures"": [""structural_soundness_fail: ""], ""warnings"": [], ""classification"": ""research""}"
(*)|(*)|(reg_atr_change_rate_ts_top30==1&reg_atr_change_rate_ts_top40==0&reg_atr_change_rate_ts_top60==0),*,*,reg_atr_change_rate_ts_top30==1&reg_atr_change_rate_ts_top40==0&reg_atr_change_rate_ts_top60==0,0.3375803530216217,0.3375803530216217,0.011248285683147303,0.2592583894729614,0.10041975308641975,0.011348627352376689,1.0,1.0,0.5054021608643458,1164,,,0.002605790718035484,-0.01106768291420435,-0.006827550930460184,0.011562593526027485,,0.3333333333333333,,,,-0.025253489966084775,,,,0.03623904116624627,0.0,7.914438466161617,0.0016653785512125419,0.0016653785512125419,7.000006166742875e-05,0.3375103529599543,3,9,9,3,3,stage_a_context,,long,3-way,True,,production,,,0.007300602884305303,1.0,primary_target,0,rejected,research,"{""checks"": {""n_folds"": {""value"": 3, ""threshold"": 3, ""passed"": true}, ""presence_freq"": {""value"": 1.0, ""threshold"": 0.75, ""passed"": true}, ""directional_mean_ret"": {""value"": 0.3375803530216217, ""threshold"": 0.0, ""passed"": true}, ""hurdle_excess"": {""value"": 0.3375103529599543, ""threshold"": 0.0, ""passed"": true}, ""min_support_actual"": {""value"": 1164, ""threshold"": 50, ""passed"": true}, ""is_structurally_sound"": {""value"": false, ""passed"": false}, ""trade_path_quality_score"": {""value"": 0.0, ""threshold"": 0.0, ""passed"": true}}, ""failures"": [""structural_soundness_fail: ""], ""warnings"": [], ""classification"": ""research""}"
(*)|(*)|(reg_atr_change_rate_ts_top30==1&reg_atr_change_rate_ts_top40==0&reg_atr_change_rate_ts_top70==0),*,*,reg_atr_change_rate_ts_top30==1&reg_atr_change_rate_ts_top40==0&reg_atr_change_rate_ts_top70==0,0.3375803530216217,0.3375803530216217,0.011248285683147303,0.2592583894729614,0.10041975308641975,0.011348627352376689,1.0,1.0,0.5054021608643458,1164,,,0.002605790718035484,-0.01106768291420435,-0.006827550930460184,0.011562593526027485,,0.3333333333333333,,,,-0.025253489966084775,,,,0.03623904116624627,0.0,7.914438466161617,0.0016653785512125419,0.0016653785512125419,7.000006166742875e-05,0.3375103529599543,3,1,1,3,3,stage_a_context,,long,3-way,True,,production,,,0.007300602884305303,1.0,primary_target,0,rejected,research,"{""checks"": {""n_folds"": {""value"": 3, ""threshold"": 3, ""passed"": true}, ""presence_freq"": {""value"": 1.0, ""threshold"": 0.75, ""passed"": true}, ""directional_mean_ret"": {""value"": 0.3375803530216217, ""threshold"": 0.0, ""passed"": true}, ""hurdle_excess"": {""value"": 0.3375103529599543, ""threshold"": 0.0, ""passed"": true}, ""min_support_actual"": {""value"": 1164, ""threshold"": 50, ""passed"": true}, ""is_structurally_sound"": {""value"": false, ""passed"": false}, ""trade_path_quality_score"": {""value"": 0.0, ""threshold"": 0.0, ""passed"": true}}, ""failures"": [""structural_soundness_fail: ""], ""warnings"": [], ""classification"": ""research""}"
(*)|(*)|(reg_atr_change_rate_ts_top30==1&reg_atr_change_rate_ts_top40==0),*,*,reg_atr_change_rate_ts_top30==1&reg_atr_change_rate_ts_top40==0,0.3375803530216217,0.3375803530216217,0.011248285683147303,0.2592583894729614,0.10041975308641975,0.011348627352376689,1.0,1.0,0.5054021608643458,1164,,,0.002605790718035484,-0.01106768291420435,-0.006827550930460184,0.011562593526027485,,0.3333333333333333,,,,-0.025253489966084775,,,,0.03623904116624627,0.0,7.914438466161617,0.0016653785512125419,0.0016653785512125419,8.500007488187778e-05,0.3374953529467398,3,1,1,2,2,stage_a_context,,long,2-way,True,,production,,,0.007300602884305303,1.0,primary_target,0,rejected,research,"{""checks"": {""n_folds"": {""value"": 3, ""threshold"": 3, ""passed"": true}, ""presence_freq"": {""value"": 1.0, ""threshold"": 0.75, ""passed"": true}, ""directional_mean_ret"": {""value"": 0.3375803530216217, ""threshold"": 0.0, ""passed"": true}, ""hurdle_excess"": {""value"": 0.3374953529467398, ""threshold"": 0.0, ""passed"": true}, ""min_support_actual"": {""value"": 1164, ""threshold"": 50, ""passed"": true}, ""is_structurally_sound"": {""value"": false, ""passed"": false}, ""trade_path_quality_score"": {""value"": 0.0, ""threshold"": 0.0, ""passed"": true}}, ""failures"": [""structural_soundness_fail: ""], ""warnings"": [], ""classification"": ""research""}"
(*)|(loc_dist_ema20_atr_ts_top30==1&loc_dist_ema20_atr_ts_top50==0)|(reg_atr_change_rate_ts_top40==0&reg_atr_change_rate_ts_top60==0),*,loc_dist_ema20_atr_ts_top30==1&loc_dist_ema20_atr_ts_top50==0,reg_atr_change_rate_ts_top40==0&reg_atr_change_rate_ts_top60==0,0.3375803530216217,0.3375803530216217,0.011248285683147303,0.2592583894729614,0.10041975308641975,0.011348627352376689,1.0,1.0,0.5054021608643458,1164,,,0.002605790718035484,-0.01106768291420435,-0.006827550930460184,0.011562593526027485,,0.3333333333333333,,,,-0.025253489966084775,,,,0.03623904116624627,0.0,7.914438466161617,0.0016653785512125419,0.0016653785512125419,9.000007928669412e-05,0.33749035294233504,3,1,1,4,4,stage_a_context,,long,4-way,True,,production,,,0.007300602884305303,1.0,primary_target,0,rejected,research,"{""checks"": {""n_folds"": {""value"": 3, ""threshold"": 3, ""passed"": true}, ""presence_freq"": {""value"": 1.0, ""threshold"": 0.75, ""passed"": true}, ""directional_mean_ret"": {""value"": 0.3375803530216217, ""threshold"": 0.0, ""passed"": true}, ""hurdle_excess"": {""value"": 0.33749035294233504, ""threshold"": 0.0, ""passed"": true}, ""min_support_actual"": {""value"": 1164, ""threshold"": 50, ""passed"": true}, ""is_structurally_sound"": {""value"": false, ""passed"": false}, ""trade_path_quality_score"": {""value"": 0.0, ""threshold"": 0.0, ""passed"": true}}, ""failures"": [""structural_soundness_fail: ""], ""warnings"": [], ""classification"": ""research""}"
(*)|(loc_dist_ema20_atr_ts_top30==1&loc_dist_ema20_atr_ts_top60==0)|(reg_atr_change_rate_ts_band25_75==1&reg_atr_change_rate_ts_top40==0),*,loc_dist_ema20_atr_ts_top30==1&loc_dist_ema20_atr_ts_top60==0,reg_atr_change_rate_ts_band25_75==1&reg_atr_change_rate_ts_top40==0,0.3375803530216217,0.3375803530216217,0.011248285683147303,0.2592583894729614,0.10041975308641975,0.011348627352376689,1.0,1.0,0.5054021608643458,1164,,,0.002605790718035484,-0.01106768291420435,-0.006827550930460184,0.011562593526027485,,0.3333333333333333,,,,-0.025253489966084775,,,,0.03623904116624627,0.0,7.914438466161617,0.0016653785512125419,0.0016653785512125419,9.000007928669412e-05,0.33749035294233504,3,1,1,4,4,stage_a_context,,long,4-way,True,,production,,,0.007300602884305303,1.0,primary_target,0,rejected,research,"{""checks"": {""n_folds"": {""value"": 3, ""threshold"": 3, ""passed"": true}, ""presence_freq"": {""value"": 1.0, ""threshold"": 0.75, ""passed"": true}, ""directional_mean_ret"": {""value"": 0.3375803530216217, ""threshold"": 0.0, ""passed"": true}, ""hurdle_excess"": {""value"": 0.33749035294233504, ""threshold"": 0.0, ""passed"": true}, ""min_support_actual"": {""value"": 1164, ""threshold"": 50, ""passed"": true}, ""is_structurally_sound"": {""value"": false, ""passed"": false}, ""trade_path_quality_score"": {""value"": 0.0, ""threshold"": 0.0, ""passed"": true}}, ""failures"": [""structural_soundness_fail: ""], ""warnings"": [], ""classification"": ""research""}"
(*)|(loc_dist_ema20_atr_ts_top30==1)|(reg_atr_change_rate_ts_band25_75==1&reg_atr_change_rate_ts_top40==0),*,loc_dist_ema20_atr_ts_top30==1,reg_atr_change_rate_ts_band25_75==1&reg_atr_change_rate_ts_top40==0,0.3375803530216217,0.3375803530216217,0.011248285683147303,0.2592583894729614,0.10041975308641975,0.011348627352376689,1.0,1.0,0.5054021608643458,1164,,,0.002605790718035484,-0.01106768291420435,-0.006827550930460184,0.011562593526027485,,0.3333333333333333,,,,-0.025253489966084775,,,,0.03623904116624627,0.0,7.914438466161617,0.0016653785512125419,0.0016653785512125419,7.000006166742875e-05,0.3375103529599543,3,1,1,3,3,stage_a_context,,long,3-way,True,,production,,,0.007300602884305303,1.0,primary_target,0,rejected,research,"{""checks"": {""n_folds"": {""value"": 3, ""threshold"": 3, ""passed"": true}, ""presence_freq"": {""value"": 1.0, ""threshold"": 0.75, ""passed"": true}, ""directional_mean_ret"": {""value"": 0.3375803530216217, ""threshold"": 0.0, ""passed"": true}, ""hurdle_excess"": {""value"": 0.3375103529599543, ""threshold"": 0.0, ""passed"": true}, ""min_support_actual"": {""value"": 1164, ""threshold"": 50, ""passed"": true}, ""is_structurally_sound"": {""value"": false, ""passed"": false}, ""trade_path_quality_score"": {""value"": 0.0, ""threshold"": 0.0, ""passed"": true}}, ""failures"": [""structural_soundness_fail: ""], ""warnings"": [], ""classification"": ""research""}"
(*)|(loc_dist_ema20_atr_ts_top30==1)|(reg_atr_change_rate_ts_top20==1&reg_atr_change_rate_ts_top40==0),*,loc_dist_ema20_atr_ts_top30==1,reg_atr_change_rate_ts_top20==1&reg_atr_change_rate_ts_top40==0,0.3375803530216217,0.3375803530216217,0.011248285683147303,0.2592583894729614,0.10041975308641975,0.011348627352376689,1.0,1.0,0.5054021608643458,1164,,,0.002605790718035484,-0.01106768291420435,-0.006827550930460184,0.011562593526027485,,0.3333333333333333,,,,-0.025253489966084775,,,,0.03623904116624627,0.0,7.914438466161617,0.0016653785512125419,0.0016653785512125419,7.000006166742875e-05,0.3375103529599543,3,3,3,3,3,stage_a_context,,long,3-way,True,,production,,,0.007300602884305303,1.0,primary_target,0,rejected,research,"{""checks"": {""n_folds"": {""value"": 3, ""threshold"": 3, ""passed"": true}, ""presence_freq"": {""value"": 1.0, ""threshold"": 0.75, ""passed"": true}, ""directional_mean_ret"": {""value"": 0.3375803530216217, ""threshold"": 0.0, ""passed"": true}, ""hurdle_excess"": {""value"": 0.3375103529599543, ""threshold"": 0.0, ""passed"": true}, ""min_support_actual"": {""value"": 1164, ""threshold"": 50, ""passed"": true}, ""is_structurally_sound"": {""value"": false, ""passed"": false}, ""trade_path_quality_score"": {""value"": 0.0, ""threshold"": 0.0, ""passed"": true}}, ""failures"": [""structural_soundness_fail: ""], ""warnings"": [], ""classification"": ""research""}"
(*)|(loc_dist_ema20_atr_ts_top30==1)|(reg_atr_change_rate_ts_top40==0&reg_atr_change_rate_ts_top60==0),*,loc_dist_ema20_atr_ts_top30==1,reg_atr_change_rate_ts_top40==0&reg_atr_change_rate_ts_top60==0,0.3375803530216217,0.3375803530216217,0.011248285683147303,0.2592583894729614,0.10041975308641975,0.011348627352376689,1.0,1.0,0.5054021608643458,1164,,,0.002605790718035484,-0.01106768291420435,-0.006827550930460184,0.011562593526027485,,0.3333333333333333,,,,-0.025253489966084775,,,,0.03623904116624627,0.0,7.914438466161617,0.0016653785512125419,0.0016653785512125419,7.000006166742875e-05,0.3375103529599543,3,1,1,3,3,stage_a_context,,long,3-way,True,,production,,,0.007300602884305303,1.0,primary_target,0,rejected,research,"{""checks"": {""n_folds"": {""value"": 3, ""threshold"": 3, ""passed"": true}, ""presence_freq"": {""value"": 1.0, ""threshold"": 0.75, ""passed"": true}, ""directional_mean_ret"": {""value"": 0.3375803530216217, ""threshold"": 0.0, ""passed"": true}, ""hurdle_excess"": {""value"": 0.3375103529599543, ""threshold"": 0.0, ""passed"": true}, ""min_support_actual"": {""value"": 1164, ""threshold"": 50, ""passed"": true}, ""is_structurally_sound"": {""value"": false, ""passed"": false}, ""trade_path_quality_score"": {""value"": 0.0, ""threshold"": 0.0, ""passed"": true}}, ""failures"": [""structural_soundness_fail: ""], ""warnings"": [], ""classification"": ""research""}"
(*)|(loc_dist_ema20_atr_ts_top30==1)|(reg_atr_change_rate_ts_top40==0),*,loc_dist_ema20_atr_ts_top30==1,reg_atr_change_rate_ts_top40==0,0.3375803530216217,0.3375803530216217,0.011248285683147303,0.2592583894729614,0.10041975308641975,0.011348627352376689,1.0,1.0,0.5054021608643458,1164,,,0.002605790718035484,-0.01106768291420435,-0.006827550930460184,0.011562593526027485,,0.3333333333333333,,,,-0.025253489966084775,,,,0.03623904116624627,0.0,7.914438466161617,0.0016653785512125419,0.0016653785512125419,8.500007488187778e-05,0.3374953529467398,3,1,1,2,2,stage_a_context,,long,2-way,True,,production,,,0.007300602884305303,1.0,primary_target,0,rejected,research,"{""checks"": {""n_folds"": {""value"": 3, ""threshold"": 3, ""passed"": true}, ""presence_freq"": {""value"": 1.0, ""threshold"": 0.75, ""passed"": true}, ""directional_mean_ret"": {""value"": 0.3375803530216217, ""threshold"": 0.0, ""passed"": true}, ""hurdle_excess"": {""value"": 0.3374953529467398, ""threshold"": 0.0, ""passed"": true}, ""min_support_actual"": {""value"": 1164, ""threshold"": 50, ""passed"": true}, ""is_structurally_sound"": {""value"": false, ""passed"": false}, ""trade_path_quality_score"": {""value"": 0.0, ""threshold"": 0.0, ""passed"": true}}, ""failures"": [""structural_soundness_fail: ""], ""warnings"": [], ""classification"": ""research""}"
(*)|(loc_dist_ema20_atr_ts_top40==0&loc_dist_ema20_atr_ts_top70==0)|(reg_atr_change_rate_ts_top30==1&reg_atr_change_rate_ts_top50==0&reg_atr_change_rate_ts_top60==0),*,loc_dist_ema20_atr_ts_top40==0&loc_dist_ema20_atr_ts_top70==0,reg_atr_change_rate_ts_top30==1&reg_atr_change_rate_ts_top50==0&reg_atr_change_rate_ts_top60==0,0.3375803530216217,0.3375803530216217,0.011248285683147303,0.2592583894729614,0.10041975308641975,0.011348627352376689,1.0,1.0,0.5054021608643458,1164,,,0.002605790718035484,-0.01106768291420435,-0.006827550930460184,0.011562593526027485,,0.3333333333333333,,,,-0.025253489966084775,,,,0.03623904116624627,0.0,7.914438466161617,0.0016653785512125419,0.0016653785512125419,9.000007928669412e-05,0.33749035294233504,3,1,1,5,5,stage_a_context,,long,5-way,True,,production,,,0.007300602884305303,1.0,primary_target,0,rejected,research,"{""checks"": {""n_folds"": {""value"": 3, ""threshold"": 3, ""passed"": true}, ""presence_freq"": {""value"": 1.0, ""threshold"": 0.75, ""passed"": true}, ""directional_mean_ret"": {""value"": 0.3375803530216217, ""threshold"": 0.0, ""passed"": true}, ""hurdle_excess"": {""value"": 0.33749035294233504, ""threshold"": 0.0, ""passed"": true}, ""min_support_actual"": {""value"": 1164, ""threshold"": 50, ""passed"": true}, ""is_structurally_sound"": {""value"": false, ""passed"": false}, ""trade_path_quality_score"": {""value"": 0.0, ""threshold"": 0.0, ""passed"": true}}, ""failures"": [""structural_soundness_fail: ""], ""warnings"": [], ""classification"": ""research""}"
(*)|(loc_dist_ema20_atr_ts_top40==0)|(reg_atr_change_rate_ts_band25_75==1&reg_atr_change_rate_ts_top30==1),*,loc_dist_ema20_atr_ts_top40==0,reg_atr_change_rate_ts_band25_75==1&reg_atr_change_rate_ts_top30==1,0.3375803530216217,0.3375803530216217,0.011248285683147303,0.2592583894729614,0.10041975308641975,0.011348627352376689,1.0,1.0,0.5054021608643458,1164,,,0.002605790718035484,-0.01106768291420435,-0.006827550930460184,0.011562593526027485,,0.3333333333333333,,,,-0.025253489966084775,,,,0.03623904116624627,0.0,7.914438466161617,0.0016653785512125419,0.0016653785512125419,7.000006166742875e-05,0.3375103529599543,3,2,2,3,3,stage_a_context,,long,3-way,True,,production,,,0.007300602884305303,1.0,primary_target,0,rejected,research,"{""checks"": {""n_folds"": {""value"": 3, ""threshold"": 3, ""passed"": true}, ""presence_freq"": {""value"": 1.0, ""threshold"": 0.75, ""passed"": true}, ""directional_mean_ret"": {""value"": 0.3375803530216217, ""threshold"": 0.0, ""passed"": true}, ""hurdle_excess"": {""value"": 0.3375103529599543, ""threshold"": 0.0, ""passed"": true}, ""min_support_actual"": {""value"": 1164, ""threshold"": 50, ""passed"": true}, ""is_structurally_sound"": {""value"": false, ""passed"": false}, ""trade_path_quality_score"": {""value"": 0.0, ""threshold"": 0.0, ""passed"": true}}, ""failures"": [""structural_soundness_fail: ""], ""warnings"": [], ""classification"": ""research""}"
(*)|(loc_dist_ema20_atr_ts_top40==0)|(reg_atr_change_rate_ts_top20==1&reg_atr_change_rate_ts_top30==1&reg_atr_change_rate_ts_top60==0),*,loc_dist_ema20_atr_ts_top40==0,reg_atr_change_rate_ts_top20==1&reg_atr_change_rate_ts_top30==1&reg_atr_change_rate_ts_top60==0,0.3375803530216217,0.3375803530216217,0.011248285683147303,0.2592583894729614,0.10041975308641975,0.011348627352376689,1.0,1.0,0.5054021608643458,1164,,,0.002605790718035484,-0.01106768291420435,-0.006827550930460184,0.011562593526027485,,0.3333333333333333,,,,-0.025253489966084775,,,,0.03623904116624627,0.0,7.914438466161617,0.0016653785512125419,0.0016653785512125419,9.000007928669412e-05,0.33749035294233504,3,1,1,4,4,stage_a_context,,long,4-way,True,,production,,,0.007300602884305303,1.0,primary_target,0,rejected,research,"{""checks"": {""n_folds"": {""value"": 3, ""threshold"": 3, ""passed"": true}, ""presence_freq"": {""value"": 1.0, ""threshold"": 0.75, ""passed"": true}, ""directional_mean_ret"": {""value"": 0.3375803530216217, ""threshold"": 0.0, ""passed"": true}, ""hurdle_excess"": {""value"": 0.33749035294233504, ""threshold"": 0.0, ""passed"": true}, ""min_support_actual"": {""value"": 1164, ""threshold"": 50, ""passed"": true}, ""is_structurally_sound"": {""value"": false, ""passed"": false}, ""trade_path_quality_score"": {""value"": 0.0, ""threshold"": 0.0, ""passed"": true}}, ""failures"": [""structural_soundness_fail: ""], ""warnings"": [], ""classification"": ""research""}"
(*)|(loc_dist_ema20_atr_ts_top40==0)|(reg_atr_change_rate_ts_top30==1&reg_atr_change_rate_ts_top60==0&reg_atr_compression_ratio_ts_top50==0),*,loc_dist_ema20_atr_ts_top40==0,reg_atr_change_rate_ts_top30==1&reg_atr_change_rate_ts_top60==0&reg_atr_compression_ratio_ts_top50==0,0.3375803530216217,0.3375803530216217,0.011248285683147303,0.2592583894729614,0.10041975308641975,0.011348627352376689,1.0,1.0,0.5054021608643458,1164,,,0.002605790718035484,-0.01106768291420435,-0.006827550930460184,0.011562593526027485,,0.3333333333333333,,,,-0.025253489966084775,,,,0.03623904116624627,0.0,7.914438466161617,0.0016653785512125419,0.0016653785512125419,9.000007928669412e-05,0.33749035294233504,3,1,1,4,4,stage_a_context,,long,4-way,True,,production,,,0.007300602884305303,1.0,primary_target,0,rejected,research,"{""checks"": {""n_folds"": {""value"": 3, ""threshold"": 3, ""passed"": true}, ""presence_freq"": {""value"": 1.0, ""threshold"": 0.75, ""passed"": true}, ""directional_mean_ret"": {""value"": 0.3375803530216217, ""threshold"": 0.0, ""passed"": true}, ""hurdle_excess"": {""value"": 0.33749035294233504, ""threshold"": 0.0, ""passed"": true}, ""min_support_actual"": {""value"": 1164, ""threshold"": 50, ""passed"": true}, ""is_structurally_sound"": {""value"": false, ""passed"": false}, ""trade_path_quality_score"": {""value"": 0.0, ""threshold"": 0.0, ""passed"": true}}, ""failures"": [""structural_soundness_fail: ""], ""warnings"": [], ""classification"": ""research""}"
(*)|(loc_dist_ema20_atr_ts_top40==0)|(reg_atr_change_rate_ts_top30==1),*,loc_dist_ema20_atr_ts_top40==0,reg_atr_change_rate_ts_top30==1,0.3375803530216217,0.3375803530216217,0.011248285683147303,0.2592583894729614,0.10041975308641975,0.011348627352376689,1.0,1.0,0.5054021608643458,1164,,,0.002605790718035484,-0.01106768291420435,-0.006827550930460184,0.011562593526027485,,0.3333333333333333,,,,-0.025253489966084775,,,,0.03623904116624627,0.0,7.914438466161617,0.0016653785512125419,0.0016653785512125419,8.500007488187778e-05,0.3374953529467398,3,1,1,2,2,stage_a_context,,long,2-way,True,,production,,,0.007300602884305303,1.0,primary_target,0,rejected,research,"{""checks"": {""n_folds"": {""value"": 3, ""threshold"": 3, ""passed"": true}, ""presence_freq"": {""value"": 1.0, ""threshold"": 0.75, ""passed"": true}, ""directional_mean_ret"": {""value"": 0.3375803530216217, ""threshold"": 0.0, ""passed"": true}, ""hurdle_excess"": {""value"": 0.3374953529467398, ""threshold"": 0.0, ""passed"": true}, ""min_support_actual"": {""value"": 1164, ""threshold"": 50, ""passed"": true}, ""is_structurally_sound"": {""value"": false, ""passed"": false}, ""trade_path_quality_score"": {""value"": 0.0, ""threshold"": 0.0, ""passed"": true}}, ""failures"": [""structural_soundness_fail: ""], ""warnings"": [], ""classification"": ""research""}"
(*)|(loc_dist_ema20_atr_ts_top50==0)|(reg_atr_change_rate_ts_top30==1&reg_atr_change_rate_ts_top40==0),*,loc_dist_ema20_atr_ts_top50==0,reg_atr_change_rate_ts_top30==1&reg_atr_change_rate_ts_top40==0,0.3375803530216217,0.3375803530216217,0.011248285683147303,0.2592583894729614,0.10041975308641975,0.011348627352376689,1.0,1.0,0.5054021608643458,1164,,,0.002605790718035484,-0.01106768291420435,-0.006827550930460184,0.011562593526027485,,0.3333333333333333,,,,-0.025253489966084775,,,,0.03623904116624627,0.0,7.914438466161617,0.0016653785512125419,0.0016653785512125419,7.000006166742875e-05,0.3375103529599543,3,1,1,3,3,stage_a_context,,long,3-way,True,,production,,,0.007300602884305303,1.0,primary_target,0,rejected,research,"{""checks"": {""n_folds"": {""value"": 3, ""threshold"": 3, ""passed"": true}, ""presence_freq"": {""value"": 1.0, ""threshold"": 0.75, ""passed"": true}, ""directional_mean_ret"": {""value"": 0.3375803530216217, ""threshold"": 0.0, ""passed"": true}, ""hurdle_excess"": {""value"": 0.3375103529599543, ""threshold"": 0.0, ""passed"": true}, ""min_support_actual"": {""value"": 1164, ""threshold"": 50, ""passed"": true}, ""is_structurally_sound"": {""value"": false, ""passed"": false}, ""trade_path_quality_score"": {""value"": 0.0, ""threshold"": 0.0, ""passed"": true}}, ""failures"": [""structural_soundness_fail: ""], ""warnings"": [], ""classification"": ""research""}"
(*)|(loc_dist_ema20_atr_ts_top60==0)|(reg_atr_change_rate_ts_top30==1&reg_atr_change_rate_ts_top40==0&reg_atr_change_rate_ts_top50==0),*,loc_dist_ema20_atr_ts_top60==0,reg_atr_change_rate_ts_top30==1&reg_atr_change_rate_ts_top40==0&reg_atr_change_rate_ts_top50==0,0.3375803530216217,0.3375803530216217,0.011248285683147303,0.2592583894729614,0.10041975308641975,0.011348627352376689,1.0,1.0,0.5054021608643458,1164,,,0.002605790718035484,-0.01106768291420435,-0.006827550930460184,0.011562593526027485,,0.3333333333333333,,,,-0.025253489966084775,,,,0.03623904116624627,0.0,7.914438466161617,0.0016653785512125419,0.0016653785512125419,9.000007928669412e-05,0.33749035294233504,3,1,1,4,4,stage_a_context,,long,4-way,True,,production,,,0.007300602884305303,1.0,primary_target,0,rejected,research,"{""checks"": {""n_folds"": {""value"": 3, ""threshold"": 3, ""passed"": true}, ""presence_freq"": {""value"": 1.0, ""threshold"": 0.75, ""passed"": true}, ""directional_mean_ret"": {""value"": 0.3375803530216217, ""threshold"": 0.0, ""passed"": true}, ""hurdle_excess"": {""value"": 0.33749035294233504, ""threshold"": 0.0, ""passed"": true}, ""min_support_actual"": {""value"": 1164, ""threshold"": 50, ""passed"": true}, ""is_structurally_sound"": {""value"": false, ""passed"": false}, ""trade_path_quality_score"": {""value"": 0.0, ""threshold"": 0.0, ""passed"": true}}, ""failures"": [""structural_soundness_fail: ""], ""warnings"": [], ""classification"": ""research""}"
(*)|(loc_dist_ema20_atr_ts_top80==0)|(reg_atr_change_rate_ts_top30==1&reg_atr_change_rate_ts_top40==0),*,loc_dist_ema20_atr_ts_top80==0,reg_atr_change_rate_ts_top30==1&reg_atr_change_rate_ts_top40==0,0.3375803530216217,0.3375803530216217,0.011248285683147303,0.2592583894729614,0.10041975308641975,0.011348627352376689,1.0,1.0,0.5054021608643458,1164,,,0.002605790718035484,-0.01106768291420435,-0.006827550930460184,0.011562593526027485,,0.3333333333333333,,,,-0.025253489966084775,,,,0.03623904116624627,0.0,7.914438466161617,0.0016653785512125419,0.0016653785512125419,7.000006166742875e-05,0.3375103529599543,3,1,1,3,3,stage_a_context,,long,3-way,True,,production,,,0.007300602884305303,1.0,primary_target,0,rejected,research,"{""checks"": {""n_folds"": {""value"": 3, ""threshold"": 3, ""passed"": true}, ""presence_freq"": {""value"": 1.0, ""threshold"": 0.75, ""passed"": true}, ""directional_mean_ret"": {""value"": 0.3375803530216217, ""threshold"": 0.0, ""passed"": true}, ""hurdle_excess"": {""value"": 0.3375103529599543, ""threshold"": 0.0, ""passed"": true}, ""min_support_actual"": {""value"": 1164, ""threshold"": 50, ""passed"": true}, ""is_structurally_sound"": {""value"": false, ""passed"": false}, ""trade_path_quality_score"": {""value"": 0.0, ""threshold"": 0.0, ""passed"": true}}, ""failures"": [""structural_soundness_fail: ""], ""warnings"": [], ""classification"": ""research""}"
(*)|(*)|(reg_atr_change_rate_ts_band25_75==1&reg_atr_change_rate_ts_top30==1&reg_atr_change_rate_ts_top40==0&reg_ema50_gt_ema200_raw==1),*,*,reg_atr_change_rate_ts_band25_75==1&reg_atr_change_rate_ts_top30==1&reg_atr_change_rate_ts_top40==0&reg_ema50_gt_ema200_raw==1,0.3375803530216217,0.3375803530216217,0.011248285683147303,0.2592583894729614,0.09153086419753087,0.008264563061110276,1.0,1.0,0.5032894736842105,1092,,,0.002605790718035484,-0.01106768291420435,-0.006827550930460184,0.011562593526027485,,0.3333333333333333,,,,-0.025253489966084775,,,,0.03623904116624627,0.0,7.914438466161617,0.0016646810763726852,0.0016646810763726852,9.00645536351166e-05,0.33749028846798657,3,1,1,4,4,stage_a_context,,long,4-way,True,,production,,,0.007300602884305303,1.0,primary_target,0,rejected,research,"{""checks"": {""n_folds"": {""value"": 3, ""threshold"": 3, ""passed"": true}, ""presence_freq"": {""value"": 1.0, ""threshold"": 0.75, ""passed"": true}, ""directional_mean_ret"": {""value"": 0.3375803530216217, ""threshold"": 0.0, ""passed"": true}, ""hurdle_excess"": {""value"": 0.33749028846798657, ""threshold"": 0.0, ""passed"": true}, ""min_support_actual"": {""value"": 1092, ""threshold"": 50, ""passed"": true}, ""is_structurally_sound"": {""value"": false, ""passed"": false}, ""trade_path_quality_score"": {""value"": 0.0, ""threshold"": 0.0, ""passed"": true}}, ""failures"": [""structural_soundness_fail: ""], ""warnings"": [], ""classification"": ""research""}"
(*)|(*)|(reg_atr_change_rate_ts_top30==1&reg_atr_change_rate_ts_top40==0&reg_atr_change_rate_ts_top60==0&reg_ema20_gt_ema50_raw==1),*,*,reg_atr_change_rate_ts_top30==1&reg_atr_change_rate_ts_top40==0&reg_atr_change_rate_ts_top60==0&reg_ema20_gt_ema50_raw==1,0.3375803530216217,0.3375803530216217,0.011248285683147303,0.2592583894729614,0.09153086419753087,0.008264563061110276,1.0,1.0,0.5032894736842105,1092,,,0.002605790718035484,-0.01106768291420435,-0.006827550930460184,0.011562593526027485,,0.3333333333333333,,,,-0.025253489966084775,,,,0.03623904116624627,0.0,7.914438466161617,0.0016646810763726852,0.0016646810763726852,9.00645536351166e-05,0.33749028846798657,3,1,1,4,4,stage_a_context,,long,4-way,True,,production,,,0.007300602884305303,1.0,primary_target,0,rejected,research,"{""checks"": {""n_folds"": {""value"": 3, ""threshold"": 3, ""passed"": true}, ""presence_freq"": {""value"": 1.0, ""threshold"": 0.75, ""passed"": true}, ""directional_mean_ret"": {""value"": 0.3375803530216217, ""threshold"": 0.0, ""passed"": true}, ""hurdle_excess"": {""value"": 0.33749028846798657, ""threshold"": 0.0, ""passed"": true}, ""min_support_actual"": {""value"": 1092, ""threshold"": 50, ""passed"": true}, ""is_structurally_sound"": {""value"": false, ""passed"": false}, ""trade_path_quality_score"": {""value"": 0.0, ""threshold"": 0.0, ""passed"": true}}, ""failures"": [""structural_soundness_fail: ""], ""warnings"": [], ""classification"": ""research""}"
(*)|(*)|(reg_atr_change_rate_ts_top30==1&reg_atr_change_rate_ts_top40==0&reg_ema20_gt_ema50_raw==1),*,*,reg_atr_change_rate_ts_top30==1&reg_atr_change_rate_ts_top40==0&reg_ema20_gt_ema50_raw==1,0.3375803530216217,0.3375803530216217,0.011248285683147303,0.2592583894729614,0.09153086419753087,0.008264563061110276,1.0,1.0,0.5032894736842105,1092,,,0.002605790718035484,-0.01106768291420435,-0.006827550930460184,0.011562593526027485,,0.3333333333333333,,,,-0.025253489966084775,,,,0.03623904116624627,0.0,7.914438466161617,0.0016646810763726852,0.0016646810763726852,7.005020838286845e-05,0.33751030281323885,3,3,3,3,3,stage_a_context,,long,3-way,True,,production,,,0.007300602884305303,1.0,primary_target,0,rejected,research,"{""checks"": {""n_folds"": {""value"": 3, ""threshold"": 3, ""passed"": true}, ""presence_freq"": {""value"": 1.0, ""threshold"": 0.75, ""passed"": true}, ""directional_mean_ret"": {""value"": 0.3375803530216217, ""threshold"": 0.0, ""passed"": true}, ""hurdle_excess"": {""value"": 0.33751030281323885, ""threshold"": 0.0, ""passed"": true}, ""min_support_actual"": {""value"": 1092, ""threshold"": 50, ""passed"": true}, ""is_structurally_sound"": {""value"": false, ""passed"": false}, ""trade_path_quality_score"": {""value"": 0.0, ""threshold"": 0.0, ""passed"": true}}, ""failures"": [""structural_soundness_fail: ""], ""warnings"": [], ""classification"": ""research""}"
(*)|(loc_dist_ema20_atr_ts_band25_75==1&loc_dist_ema20_atr_ts_top30==1)|(reg_atr_change_rate_ts_top40==0&reg_ema20_gt_ema50_raw==1),*,loc_dist_ema20_atr_ts_band25_75==1&loc_dist_ema20_atr_ts_top30==1,reg_atr_change_rate_ts_top40==0&reg_ema20_gt_ema50_raw==1,0.3375803530216217,0.3375803530216217,0.011248285683147303,0.2592583894729614,0.09153086419753087,0.008264563061110276,1.0,1.0,0.5032894736842105,1092,,,0.002605790718035484,-0.01106768291420435,-0.006827550930460184,0.011562593526027485,,0.3333333333333333,,,,-0.025253489966084775,,,,0.03623904116624627,0.0,7.914438466161617,0.0016646810763726852,0.0016646810763726852,9.00645536351166e-05,0.33749028846798657,3,1,1,4,4,stage_a_context,,long,4-way,True,,production,,,0.007300602884305303,1.0,primary_target,0,rejected,research,"{""checks"": {""n_folds"": {""value"": 3, ""threshold"": 3, ""passed"": true}, ""presence_freq"": {""value"": 1.0, ""threshold"": 0.75, ""passed"": true}, ""directional_mean_ret"": {""value"": 0.3375803530216217, ""threshold"": 0.0, ""passed"": true}, ""hurdle_excess"": {""value"": 0.33749028846798657, ""threshold"": 0.0, ""passed"": true}, ""min_support_actual"": {""value"": 1092, ""threshold"": 50, ""passed"": true}, ""is_structurally_sound"": {""value"": false, ""passed"": false}, ""trade_path_quality_score"": {""value"": 0.0, ""threshold"": 0.0, ""passed"": true}}, ""failures"": [""structural_soundness_fail: ""], ""warnings"": [], ""classification"": ""research""}"
(*)|(loc_dist_ema20_atr_ts_top30==1)|(reg_atr_change_rate_ts_band25_75==1&reg_atr_change_rate_ts_top40==0&reg_ema20_gt_ema50_raw==1),*,loc_dist_ema20_atr_ts_top30==1,reg_atr_change_rate_ts_band25_75==1&reg_atr_change_rate_ts_top40==0&reg_ema20_gt_ema50_raw==1,0.3375803530216217,0.3375803530216217,0.011248285683147303,0.2592583894729614,0.09153086419753087,0.008264563061110276,1.0,1.0,0.5032894736842105,1092,,,0.002605790718035484,-0.01106768291420435,-0.006827550930460184,0.011562593526027485,,0.3333333333333333,,,,-0.025253489966084775,,,,0.03623904116624627,0.0,7.914438466161617,0.0016646810763726852,0.0016646810763726852,9.00645536351166e-05,0.33749028846798657,3,1,1,4,4,stage_a_context,,long,4-way,True,,production,,,0.007300602884305303,1.0,primary_target,0,rejected,research,"{""checks"": {""n_folds"": {""value"": 3, ""threshold"": 3, ""passed"": true}, ""presence_freq"": {""value"": 1.0, ""threshold"": 0.75, ""passed"": true}, ""directional_mean_ret"": {""value"": 0.3375803530216217, ""threshold"": 0.0, ""passed"": true}, ""hurdle_excess"": {""value"": 0.33749028846798657, ""threshold"": 0.0, ""passed"": true}, ""min_support_actual"": {""value"": 1092, ""threshold"": 50, ""passed"": true}, ""is_structurally_sound"": {""value"": false, ""passed"": false}, ""trade_path_quality_score"": {""value"": 0.0, ""threshold"": 0.0, ""passed"": true}}, ""failures"": [""structural_soundness_fail: ""], ""warnings"": [], ""classification"": ""research""}"
(*)|(*)|(reg_atr_change_rate_ts_band25_75==0&reg_atr_change_rate_ts_top20==0&reg_atr_change_rate_ts_top30==0&reg_ema20_gt_ema50_raw==1),*,*,reg_atr_change_rate_ts_band25_75==0&reg_atr_change_rate_ts_top20==0&reg_atr_change_rate_ts_top30==0&reg_ema20_gt_ema50_raw==1,0.3378269672393799,0.3378269672393799,0.012788886059773165,0.2637646595637004,0.17390123456790121,0.04700182733251593,1.0,1.0,0.5396825396825397,1458,,,0.008410177186080545,0.001068314650315057,0.00753681529580169,0.015315358776706605,,0.6666666666666666,,,,-0.13189037838059256,,,,0.03623904116624627,0.0,7.5297448359032035,0.001584135088366421,0.001584135088366421,9.245762661179698e-05,0.3377345096127681,3,1,1,4,4,stage_a_context,,long,4-way,True,,production,,,0.03501323361119176,0.5687901234567903,primary_target,0,rejected,research,"{""checks"": {""n_folds"": {""value"": 3, ""threshold"": 3, ""passed"": true}, ""presence_freq"": {""value"": 1.0, ""threshold"": 0.75, ""passed"": true}, ""directional_mean_ret"": {""value"": 0.3378269672393799, ""threshold"": 0.0, ""passed"": true}, ""hurdle_excess"": {""value"": 0.3377345096127681, ""threshold"": 0.0, ""passed"": true}, ""min_support_actual"": {""value"": 1458, ""threshold"": 50, ""passed"": true}, ""is_structurally_sound"": {""value"": false, ""passed"": false}, ""trade_path_quality_score"": {""value"": 0.0, ""threshold"": 0.0, ""passed"": true}}, ""failures"": [""structural_soundness_fail: ""], ""warnings"": [], ""classification"": ""research""}"
(*)|(*)|(reg_atr_change_rate_ts_band25_75==0&reg_atr_change_rate_ts_top20==0&reg_atr_change_rate_ts_top30==0&reg_ema50_gt_ema200_raw==1),*,*,reg_atr_change_rate_ts_band25_75==0&reg_atr_change_rate_ts_top20==0&reg_atr_change_rate_ts_top30==0&reg_ema50_gt_ema200_raw==1,0.3378269672393799,0.3378269672393799,0.012788886059773165,0.2637646595637004,0.17390123456790121,0.04700182733251593,1.0,1.0,0.5396825396825397,1458,,,0.008410177186080545,0.001068314650315057,0.00753681529580169,0.015315358776706605,,0.6666666666666666,,,,-0.13189037838059256,,,,0.03623904116624627,0.0,7.5297448359032035,0.001584135088366421,0.001584135088366421,9.245762661179698e-05,0.3377345096127681,3,1,1,4,4,stage_a_context,,long,4-way,True,,production,,,0.03501323361119176,0.5687901234567903,primary_target,0,rejected,research,"{""checks"": {""n_folds"": {""value"": 3, ""threshold"": 3, ""passed"": true}, ""presence_freq"": {""value"": 1.0, ""threshold"": 0.75, ""passed"": true}, ""directional_mean_ret"": {""value"": 0.3378269672393799, ""threshold"": 0.0, ""passed"": true}, ""hurdle_excess"": {""value"": 0.3377345096127681, ""threshold"": 0.0, ""passed"": true}, ""min_support_actual"": {""value"": 1458, ""threshold"": 50, ""passed"": true}, ""is_structurally_sound"": {""value"": false, ""passed"": false}, ""trade_path_quality_score"": {""value"": 0.0, ""threshold"": 0.0, ""passed"": true}}, ""failures"": [""structural_soundness_fail: ""], ""warnings"": [], ""classification"": ""research""}"
(*)|(*)|(reg_atr_change_rate_ts_band25_75==0&reg_atr_change_rate_ts_top20==0&reg_atr_change_rate_ts_top40==0&reg_ema20_gt_ema50_raw==1),*,*,reg_atr_change_rate_ts_band25_75==0&reg_atr_change_rate_ts_top20==0&reg_atr_change_rate_ts_top40==0&reg_ema20_gt_ema50_raw==1,0.3378269672393799,0.3378269672393799,0.012788886059773165,0.2637646595637004,0.17390123456790121,0.04700182733251593,1.0,1.0,0.5396825396825397,1458,,,0.008410177186080545,0.001068314650315057,0.00753681529580169,0.015315358776706605,,0.6666666666666666,,,,-0.13189037838059256,,,,0.03623904116624627,0.0,7.5297448359032035,0.001584135088366421,0.001584135088366421,9.245762661179698e-05,0.3377345096127681,3,2,2,4,4,stage_a_context,,long,4-way,True,,production,,,0.03501323361119176,0.5687901234567903,primary_target,0,rejected,research,"{""checks"": {""n_folds"": {""value"": 3, ""threshold"": 3, ""passed"": true}, ""presence_freq"": {""value"": 1.0, ""threshold"": 0.75, ""passed"": true}, ""directional_mean_ret"": {""value"": 0.3378269672393799, ""threshold"": 0.0, ""passed"": true}, ""hurdle_excess"": {""value"": 0.3377345096127681, ""threshold"": 0.0, ""passed"": true}, ""min_support_actual"": {""value"": 1458, ""threshold"": 50, ""passed"": true}, ""is_structurally_sound"": {""value"": false, ""passed"": false}, ""trade_path_quality_score"": {""value"": 0.0, ""threshold"": 0.0, ""passed"": true}}, ""failures"": [""structural_soundness_fail: ""], ""warnings"": [], ""classification"": ""research""}"
(*)|(*)|(reg_atr_change_rate_ts_band25_75==0&reg_atr_change_rate_ts_top20==0&reg_atr_change_rate_ts_top40==0&reg_ema50_gt_ema200_raw==1),*,*,reg_atr_change_rate_ts_band25_75==0&reg_atr_change_rate_ts_top20==0&reg_atr_change_rate_ts_top40==0&reg_ema50_gt_ema200_raw==1,0.3378269672393799,0.3378269672393799,0.012788886059773165,0.2637646595637004,0.17390123456790121,0.04700182733251593,1.0,1.0,0.5396825396825397,1458,,,0.008410177186080545,0.001068314650315057,0.00753681529580169,0.015315358776706605,,0.6666666666666666,,,,-0.13189037838059256,,,,0.03623904116624627,0.0,7.5297448359032035,0.001584135088366421,0.001584135088366421,9.245762661179698e-05,0.3377345096127681,3,1,1,4,4,stage_a_context,,long,4-way,True,,production,,,0.03501323361119176,0.5687901234567903,primary_target,0,rejected,research,"{""checks"": {""n_folds"": {""value"": 3, ""threshold"": 3, ""passed"": true}, ""presence_freq"": {""value"": 1.0, ""threshold"": 0.75, ""passed"": true}, ""directional_mean_ret"": {""value"": 0.3378269672393799, ""threshold"": 0.0, ""passed"": true}, ""hurdle_excess"": {""value"": 0.3377345096127681, ""threshold"": 0.0, ""passed"": true}, ""min_support_actual"": {""value"": 1458, ""threshold"": 50, ""passed"": true}, ""is_structurally_sound"": {""value"": false, ""passed"": false}, ""trade_path_quality_score"": {""value"": 0.0, ""threshold"": 0.0, ""passed"": true}}, ""failures"": [""structural_soundness_fail: ""], ""warnings"": [], ""classification"": ""research""}"
(*)|(*)|(reg_atr_change_rate_ts_band25_75==0&reg_atr_change_rate_ts_top20==0&reg_atr_change_rate_ts_top60==0&reg_price_lt_ema200_raw==1),*,*,reg_atr_change_rate_ts_band25_75==0&reg_atr_change_rate_ts_top20==0&reg_atr_change_rate_ts_top60==0&reg_price_lt_ema200_raw==1,0.3378269672393799,0.3378269672393799,0.012788886059773165,0.2637646595637004,0.17390123456790121,0.04700182733251593,1.0,1.0,0.5396825396825397,1458,,,0.008410177186080545,0.001068314650315057,0.00753681529580169,0.015315358776706605,,0.6666666666666666,,,,-0.13189037838059256,,,,0.03623904116624627,0.0,7.5297448359032035,0.001584135088366421,0.001584135088366421,9.245762661179698e-05,0.3377345096127681,3,1,1,4,4,stage_a_context,,long,4-way,True,,production,,,0.03501323361119176,0.5687901234567903,primary_target,0,rejected,research,"{""checks"": {""n_folds"": {""value"": 3, ""threshold"": 3, ""passed"": true}, ""presence_freq"": {""value"": 1.0, ""threshold"": 0.75, ""passed"": true}, ""directional_mean_ret"": {""value"": 0.3378269672393799, ""threshold"": 0.0, ""passed"": true}, ""hurdle_excess"": {""value"": 0.3377345096127681, ""threshold"": 0.0, ""passed"": true}, ""min_support_actual"": {""value"": 1458, ""threshold"": 50, ""passed"": true}, ""is_structurally_sound"": {""value"": false, ""passed"": false}, ""trade_path_quality_score"": {""value"": 0.0, ""threshold"": 0.0, ""passed"": true}}, ""failures"": [""structural_soundness_fail: ""], ""warnings"": [], ""classification"": ""research""}"
(*)|(*)|(reg_atr_change_rate_ts_bot20==1&reg_atr_change_rate_ts_top30==0&reg_ema20_gt_ema50_raw==1),*,*,reg_atr_change_rate_ts_bot20==1&reg_atr_change_rate_ts_top30==0&reg_ema20_gt_ema50_raw==1,0.3378269672393799,0.3378269672393799,0.012788886059773165,0.2637646595637004,0.17390123456790121,0.04700182733251593,1.0,1.0,0.5396825396825397,1458,,,0.008410177186080545,0.001068314650315057,0.00753681529580169,0.015315358776706605,,0.6666666666666666,,,,-0.13189037838059256,,,,0.03623904116624627,0.0,7.5297448359032035,0.001584135088366421,0.001584135088366421,7.191148736473098e-05,0.33775505575201514,3,1,1,3,3,stage_a_context,,long,3-way,True,,production,,,0.03501323361119176,0.5687901234567903,primary_target,0,rejected,research,"{""checks"": {""n_folds"": {""value"": 3, ""threshold"": 3, ""passed"": true}, ""presence_freq"": {""value"": 1.0, ""threshold"": 0.75, ""passed"": true}, ""directional_mean_ret"": {""value"": 0.3378269672393799, ""threshold"": 0.0, ""passed"": true}, ""hurdle_excess"": {""value"": 0.33775505575201514, ""threshold"": 0.0, ""passed"": true}, ""min_support_actual"": {""value"": 1458, ""threshold"": 50, ""passed"": true}, ""is_structurally_sound"": {""value"": false, ""passed"": false}, ""trade_path_quality_score"": {""value"": 0.0, ""threshold"": 0.0, ""passed"": true}}, ""failures"": [""structural_soundness_fail: ""], ""warnings"": [], ""classification"": ""research""}"
(*)|(*)|(reg_atr_change_rate_ts_top20==0&reg_atr_change_rate_ts_top30==0&reg_atr_change_rate_ts_top40==0&reg_ema20_gt_ema50_raw==1),*,*,reg_atr_change_rate_ts_top20==0&reg_atr_change_rate_ts_top30==0&reg_atr_change_rate_ts_top40==0&reg_ema20_gt_ema50_raw==1,0.3378269672393799,0.3378269672393799,0.012788886059773165,0.2637646595637004,0.17390123456790121,0.04700182733251593,1.0,1.0,0.5396825396825397,1458,,,0.008410177186080545,0.001068314650315057,0.00753681529580169,0.015315358776706605,,0.6666666666666666,,,,-0.13189037838059256,,,,0.03623904116624627,0.0,7.5297448359032035,0.001584135088366421,0.001584135088366421,9.245762661179698e-05,0.3377345096127681,3,2,2,4,4,stage_a_context,,long,4-way,True,,production,,,0.03501323361119176,0.5687901234567903,primary_target,0,rejected,research,"{""checks"": {""n_folds"": {""value"": 3, ""threshold"": 3, ""passed"": true}, ""presence_freq"": {""value"": 1.0, ""threshold"": 0.75, ""passed"": true}, ""directional_mean_ret"": {""value"": 0.3378269672393799, ""threshold"": 0.0, ""passed"": true}, ""hurdle_excess"": {""value"": 0.3377345096127681, ""threshold"": 0.0, ""passed"": true}, ""min_support_actual"": {""value"": 1458, ""threshold"": 50, ""passed"": true}, ""is_structurally_sound"": {""value"": false, ""passed"": false}, ""trade_path_quality_score"": {""value"": 0.0, ""threshold"": 0.0, ""passed"": true}}, ""failures"": [""structural_soundness_fail: ""], ""warnings"": [], ""classification"": ""research""}"
(*)|(*)|(reg_atr_change_rate_ts_top20==0&reg_atr_change_rate_ts_top30==0&reg_atr_change_rate_ts_top60==0&reg_ema20_gt_ema50_raw==1),*,*,reg_atr_change_rate_ts_top20==0&reg_atr_change_rate_ts_top30==0&reg_atr_change_rate_ts_top60==0&reg_ema20_gt_ema50_raw==1,0.3378269672393799,0.3378269672393799,0.012788886059773165,0.2637646595637004,0.17390123456790121,0.04700182733251593,1.0,1.0,0.5396825396825397,1458,,,0.008410177186080545,0.001068314650315057,0.00753681529580169,0.015315358776706605,,0.6666666666666666,,,,-0.13189037838059256,,,,0.03623904116624627,0.0,7.5297448359032035,0.001584135088366421,0.001584135088366421,9.245762661179698e-05,0.3377345096127681,3,2,2,4,4,stage_a_context,,long,4-way,True,,production,,,0.03501323361119176,0.5687901234567903,primary_target,0,rejected,research,"{""checks"": {""n_folds"": {""value"": 3, ""threshold"": 3, ""passed"": true}, ""presence_freq"": {""value"": 1.0, ""threshold"": 0.75, ""passed"": true}, ""directional_mean_ret"": {""value"": 0.3378269672393799, ""threshold"": 0.0, ""passed"": true}, ""hurdle_excess"": {""value"": 0.3377345096127681, ""threshold"": 0.0, ""passed"": true}, ""min_support_actual"": {""value"": 1458, ""threshold"": 50, ""passed"": true}, ""is_structurally_sound"": {""value"": false, ""passed"": false}, ""trade_path_quality_score"": {""value"": 0.0, ""threshold"": 0.0, ""passed"": true}}, ""failures"": [""structural_soundness_fail: ""], ""warnings"": [], ""classification"": ""research""}"
(*)|(*)|(reg_atr_change_rate_ts_top20==0&reg_atr_change_rate_ts_top30==0&reg_ema20_gt_ema50_raw==1),*,*,reg_atr_change_rate_ts_top20==0&reg_atr_change_rate_ts_top30==0&reg_ema20_gt_ema50_raw==1,0.3378269672393799,0.3378269672393799,0.012788886059773165,0.2637646595637004,0.17390123456790121,0.04700182733251593,1.0,1.0,0.5396825396825397,1458,,,0.008410177186080545,0.001068314650315057,0.00753681529580169,0.015315358776706605,,0.6666666666666666,,,,-0.13189037838059256,,,,0.03623904116624627,0.0,7.5297448359032035,0.001584135088366421,0.001584135088366421,7.191148736473098e-05,0.33775505575201514,3,8,8,3,3,stage_a_context,,long,3-way,True,,production,,,0.03501323361119176,0.5687901234567903,primary_target,0,rejected,research,"{""checks"": {""n_folds"": {""value"": 3, ""threshold"": 3, ""passed"": true}, ""presence_freq"": {""value"": 1.0, ""threshold"": 0.75, ""passed"": true}, ""directional_mean_ret"": {""value"": 0.3378269672393799, ""threshold"": 0.0, ""passed"": true}, ""hurdle_excess"": {""value"": 0.33775505575201514, ""threshold"": 0.0, ""passed"": true}, ""min_support_actual"": {""value"": 1458, ""threshold"": 50, ""passed"": true}, ""is_structurally_sound"": {""value"": false, ""passed"": false}, ""trade_path_quality_score"": {""value"": 0.0, ""threshold"": 0.0, ""passed"": true}}, ""failures"": [""structural_soundness_fail: ""], ""warnings"": [], ""classification"": ""research""}"
(*)|(*)|(reg_atr_change_rate_ts_top20==0&reg_atr_change_rate_ts_top30==0&reg_ema50_gt_ema200_raw==1),*,*,reg_atr_change_rate_ts_top20==0&reg_atr_change_rate_ts_top30==0&reg_ema50_gt_ema200_raw==1,0.3378269672393799,0.3378269672393799,0.012788886059773165,0.2637646595637004,0.17390123456790121,0.04700182733251593,1.0,1.0,0.5396825396825397,1458,,,0.008410177186080545,0.001068314650315057,0.00753681529580169,0.015315358776706605,,0.6666666666666666,,,,-0.13189037838059256,,,,0.03623904116624627,0.0,7.5297448359032035,0.001584135088366421,0.001584135088366421,7.191148736473098e-05,0.33775505575201514,3,2,2,3,3,stage_a_context,,long,3-way,True,,production,,,0.03501323361119176,0.5687901234567903,primary_target,0,rejected,research,"{""checks"": {""n_folds"": {""value"": 3, ""threshold"": 3, ""passed"": true}, ""presence_freq"": {""value"": 1.0, ""threshold"": 0.75, ""passed"": true}, ""directional_mean_ret"": {""value"": 0.3378269672393799, ""threshold"": 0.0, ""passed"": true}, ""hurdle_excess"": {""value"": 0.33775505575201514, ""threshold"": 0.0, ""passed"": true}, ""min_support_actual"": {""value"": 1458, ""threshold"": 50, ""passed"": true}, ""is_structurally_sound"": {""value"": false, ""passed"": false}, ""trade_path_quality_score"": {""value"": 0.0, ""threshold"": 0.0, ""passed"": true}}, ""failures"": [""structural_soundness_fail: ""], ""warnings"": [], ""classification"": ""research""}"
(*)|(*)|(reg_atr_change_rate_ts_top20==0&reg_atr_change_rate_ts_top40==0&reg_ema20_gt_ema50_raw==1),*,*,reg_atr_change_rate_ts_top20==0&reg_atr_change_rate_ts_top40==0&reg_ema20_gt_ema50_raw==1,0.3378269672393799,0.3378269672393799,0.012788886059773165,0.2637646595637004,0.17390123456790121,0.04700182733251593,1.0,1.0,0.5396825396825397,1458,,,0.008410177186080545,0.001068314650315057,0.00753681529580169,0.015315358776706605,,0.6666666666666666,,,,-0.13189037838059256,,,,0.03623904116624627,0.0,7.5297448359032035,0.001584135088366421,0.001584135088366421,7.191148736473098e-05,0.33775505575201514,3,1,1,3,3,stage_a_context,,long,3-way,True,,production,,,0.03501323361119176,0.5687901234567903,primary_target,0,rejected,research,"{""checks"": {""n_folds"": {""value"": 3, ""threshold"": 3, ""passed"": true}, ""presence_freq"": {""value"": 1.0, ""threshold"": 0.75, ""passed"": true}, ""directional_mean_ret"": {""value"": 0.3378269672393799, ""threshold"": 0.0, ""passed"": true}, ""hurdle_excess"": {""value"": 0.33775505575201514, ""threshold"": 0.0, ""passed"": true}, ""min_support_actual"": {""value"": 1458, ""threshold"": 50, ""passed"": true}, ""is_structurally_sound"": {""value"": false, ""passed"": false}, ""trade_path_quality_score"": {""value"": 0.0, ""threshold"": 0.0, ""passed"": true}}, ""failures"": [""structural_soundness_fail: ""], ""warnings"": [], ""classification"": ""research""}"
(*)|(*)|(reg_atr_change_rate_ts_top20==0&reg_ema20_gt_ema50_raw==1),*,*,reg_atr_change_rate_ts_top20==0&reg_ema20_gt_ema50_raw==1,0.3378269672393799,0.3378269672393799,0.012788886059773165,0.2637646595637004,0.17390123456790121,0.04700182733251593,1.0,1.0,0.5396825396825397,1458,,,0.008410177186080545,0.001068314650315057,0.00753681529580169,0.015315358776706605,,0.6666666666666666,,,,-0.13189037838059256,,,,0.03623904116624627,0.0,7.5297448359032035,0.001584135088366421,0.001584135088366421,8.732109180003048e-05,0.33773964614757984,3,7,7,2,2,stage_a_context,,long,2-way,True,,production,,,0.03501323361119176,0.5687901234567903,primary_target,0,rejected,research,"{""checks"": {""n_folds"": {""value"": 3, ""threshold"": 3, ""passed"": true}, ""presence_freq"": {""value"": 1.0, ""threshold"": 0.75, ""passed"": true}, ""directional_mean_ret"": {""value"": 0.3378269672393799, ""threshold"": 0.0, ""passed"": true}, ""hurdle_excess"": {""value"": 0.33773964614757984, ""threshold"": 0.0, ""passed"": true}, ""min_support_actual"": {""value"": 1458, ""threshold"": 50, ""passed"": true}, ""is_structurally_sound"": {""value"": false, ""passed"": false}, ""trade_path_quality_score"": {""value"": 0.0, ""threshold"": 0.0, ""passed"": true}}, ""failures"": [""structural_soundness_fail: ""], ""warnings"": [], ""classification"": ""research""}"
(*)|(*)|(reg_atr_change_rate_ts_top20==0&reg_price_lt_ema200_raw==1),*,*,reg_atr_change_rate_ts_top20==0&reg_price_lt_ema200_raw==1,0.3378269672393799,0.3378269672393799,0.012788886059773165,0.2637646595637004,0.17390123456790121,0.04700182733251593,1.0,1.0,0.5396825396825397,1458,,,0.008410177186080545,0.001068314650315057,0.00753681529580169,0.015315358776706605,,0.6666666666666666,,,,-0.13189037838059256,,,,0.03623904116624627,0.0,7.5297448359032035,0.001584135088366421,0.001584135088366421,8.732109180003048e-05,0.33773964614757984,3,1,1,2,2,stage_a_context,,long,2-way,True,,production,,,0.03501323361119176,0.5687901234567903,primary_target,0,rejected,research,"{""checks"": {""n_folds"": {""value"": 3, ""threshold"": 3, ""passed"": true}, ""presence_freq"": {""value"": 1.0, ""threshold"": 0.75, ""passed"": true}, ""directional_mean_ret"": {""value"": 0.3378269672393799, ""threshold"": 0.0, ""passed"": true}, ""hurdle_excess"": {""value"": 0.33773964614757984, ""threshold"": 0.0, ""passed"": true}, ""min_support_actual"": {""value"": 1458, ""threshold"": 50, ""passed"": true}, ""is_structurally_sound"": {""value"": false, ""passed"": false}, ""trade_path_quality_score"": {""value"": 0.0, ""threshold"": 0.0, ""passed"": true}}, ""failures"": [""structural_soundness_fail: ""], ""warnings"": [], ""classification"": ""research""}"
(*)|(loc_dist_ema20_atr_ts_top20==0)|(reg_atr_change_rate_ts_band25_75==0&reg_atr_change_rate_ts_top30==0&reg_ema20_gt_ema50_raw==1),*,loc_dist_ema20_atr_ts_top20==0,reg_atr_change_rate_ts_band25_75==0&reg_atr_change_rate_ts_top30==0&reg_ema20_gt_ema50_raw==1,0.3378269672393799,0.3378269672393799,0.012788886059773165,0.2637646595637004,0.17390123456790121,0.04700182733251593,1.0,1.0,0.5396825396825397,1458,,,0.008410177186080545,0.001068314650315057,0.00753681529580169,0.015315358776706605,,0.6666666666666666,,,,-0.13189037838059256,,,,0.03623904116624627,0.0,7.5297448359032035,0.001584135088366421,0.001584135088366421,9.245762661179698e-05,0.3377345096127681,3,1,1,4,4,stage_a_context,,long,4-way,True,,production,,,0.03501323361119176,0.5687901234567903,primary_target,0,rejected,research,"{""checks"": {""n_folds"": {""value"": 3, ""threshold"": 3, ""passed"": true}, ""presence_freq"": {""value"": 1.0, ""threshold"": 0.75, ""passed"": true}, ""directional_mean_ret"": {""value"": 0.3378269672393799, ""threshold"": 0.0, ""passed"": true}, ""hurdle_excess"": {""value"": 0.3377345096127681, ""threshold"": 0.0, ""passed"": true}, ""min_support_actual"": {""value"": 1458, ""threshold"": 50, ""passed"": true}, ""is_structurally_sound"": {""value"": false, ""passed"": false}, ""trade_path_quality_score"": {""value"": 0.0, ""threshold"": 0.0, ""passed"": true}}, ""failures"": [""structural_soundness_fail: ""], ""warnings"": [], ""classification"": ""research""}"
(*)|(loc_dist_ema20_atr_ts_top20==0)|(reg_atr_change_rate_ts_band25_75==0&reg_atr_change_rate_ts_top40==0&reg_ema20_gt_ema50_raw==1),*,loc_dist_ema20_atr_ts_top20==0,reg_atr_change_rate_ts_band25_75==0&reg_atr_change_rate_ts_top40==0&reg_ema20_gt_ema50_raw==1,0.3378269672393799,0.3378269672393799,0.012788886059773165,0.2637646595637004,0.17390123456790121,0.04700182733251593,1.0,1.0,0.5396825396825397,1458,,,0.008410177186080545,0.001068314650315057,0.00753681529580169,0.015315358776706605,,0.6666666666666666,,,,-0.13189037838059256,,,,0.03623904116624627,0.0,7.5297448359032035,0.001584135088366421,0.001584135088366421,9.245762661179698e-05,0.3377345096127681,3,1,1,4,4,stage_a_context,,long,4-way,True,,production,,,0.03501323361119176,0.5687901234567903,primary_target,0,rejected,research,"{""checks"": {""n_folds"": {""value"": 3, ""threshold"": 3, ""passed"": true}, ""presence_freq"": {""value"": 1.0, ""threshold"": 0.75, ""passed"": true}, ""directional_mean_ret"": {""value"": 0.3378269672393799, ""threshold"": 0.0, ""passed"": true}, ""hurdle_excess"": {""value"": 0.3377345096127681, ""threshold"": 0.0, ""passed"": true}, ""min_support_actual"": {""value"": 1458, ""threshold"": 50, ""passed"": true}, ""is_structurally_sound"": {""value"": false, ""passed"": false}, ""trade_path_quality_score"": {""value"": 0.0, ""threshold"": 0.0, ""passed"": true}}, ""failures"": [""structural_soundness_fail: ""], ""warnings"": [], ""classification"": ""research""}"
(*)|(loc_dist_ema20_atr_ts_top20==0)|(reg_atr_change_rate_ts_top30==0&reg_atr_change_rate_ts_top60==0&reg_ema20_gt_ema50_raw==1),*,loc_dist_ema20_atr_ts_top20==0,reg_atr_change_rate_ts_top30==0&reg_atr_change_rate_ts_top60==0&reg_ema20_gt_ema50_raw==1,0.3378269672393799,0.3378269672393799,0.012788886059773165,0.2637646595637004,0.17390123456790121,0.04700182733251593,1.0,1.0,0.5396825396825397,1458,,,0.008410177186080545,0.001068314650315057,0.00753681529580169,0.015315358776706605,,0.6666666666666666,,,,-0.13189037838059256,,,,0.03623904116624627,0.0,7.5297448359032035,0.001584135088366421,0.001584135088366421,9.245762661179698e-05,0.3377345096127681,3,1,1,4,4,stage_a_context,,long,4-way,True,,production,,,0.03501323361119176,0.5687901234567903,primary_target,0,rejected,research,"{""checks"": {""n_folds"": {""value"": 3, ""threshold"": 3, ""passed"": true}, ""presence_freq"": {""value"": 1.0, ""threshold"": 0.75, ""passed"": true}, ""directional_mean_ret"": {""value"": 0.3378269672393799, ""threshold"": 0.0, ""passed"": true}, ""hurdle_excess"": {""value"": 0.3377345096127681, ""threshold"": 0.0, ""passed"": true}, ""min_support_actual"": {""value"": 1458, ""threshold"": 50, ""passed"": true}, ""is_structurally_sound"": {""value"": false, ""passed"": false}, ""trade_path_quality_score"": {""value"": 0.0, ""threshold"": 0.0, ""passed"": true}}, ""failures"": [""structural_soundness_fail: ""], ""warnings"": [], ""classification"": ""research""}"
(*)|(loc_dist_ema20_atr_ts_top20==0)|(reg_atr_change_rate_ts_top30==0&reg_ema20_gt_ema50_raw==1),*,loc_dist_ema20_atr_ts_top20==0,reg_atr_change_rate_ts_top30==0&reg_ema20_gt_ema50_raw==1,0.3378269672393799,0.3378269672393799,0.012788886059773165,0.2637646595637004,0.17390123456790121,0.04700182733251593,1.0,1.0,0.5396825396825397,1458,,,0.008410177186080545,0.001068314650315057,0.00753681529580169,0.015315358776706605,,0.6666666666666666,,,,-0.13189037838059256,,,,0.03623904116624627,0.0,7.5297448359032035,0.001584135088366421,0.001584135088366421,7.191148736473098e-05,0.33775505575201514,3,1,1,3,3,stage_a_context,,long,3-way,True,,production,,,0.03501323361119176,0.5687901234567903,primary_target,0,rejected,research,"{""checks"": {""n_folds"": {""value"": 3, ""threshold"": 3, ""passed"": true}, ""presence_freq"": {""value"": 1.0, ""threshold"": 0.75, ""passed"": true}, ""directional_mean_ret"": {""value"": 0.3378269672393799, ""threshold"": 0.0, ""passed"": true}, ""hurdle_excess"": {""value"": 0.33775505575201514, ""threshold"": 0.0, ""passed"": true}, ""min_support_actual"": {""value"": 1458, ""threshold"": 50, ""passed"": true}, ""is_structurally_sound"": {""value"": false, ""passed"": false}, ""trade_path_quality_score"": {""value"": 0.0, ""threshold"": 0.0, ""passed"": true}}, ""failures"": [""structural_soundness_fail: ""], ""warnings"": [], ""classification"": ""research""}"
(*)|(loc_dist_ema20_atr_ts_top20==0)|(reg_atr_change_rate_ts_top60==0&reg_ema20_gt_ema50_raw==1),*,loc_dist_ema20_atr_ts_top20==0,reg_atr_change_rate_ts_top60==0&reg_ema20_gt_ema50_raw==1,0.3378269672393799,0.3378269672393799,0.012788886059773165,0.2637646595637004,0.17390123456790121,0.04700182733251593,1.0,1.0,0.5396825396825397,1458,,,0.008410177186080545,0.001068314650315057,0.00753681529580169,0.015315358776706605,,0.6666666666666666,,,,-0.13189037838059256,,,,0.03623904116624627,0.0,7.5297448359032035,0.001584135088366421,0.001584135088366421,7.191148736473098e-05,0.33775505575201514,3,1,1,3,3,stage_a_context,,long,3-way,True,,production,,,0.03501323361119176,0.5687901234567903,primary_target,0,rejected,research,"{""checks"": {""n_folds"": {""value"": 3, ""threshold"": 3, ""passed"": true}, ""presence_freq"": {""value"": 1.0, ""threshold"": 0.75, ""passed"": true}, ""directional_mean_ret"": {""value"": 0.3378269672393799, ""threshold"": 0.0, ""passed"": true}, ""hurdle_excess"": {""value"": 0.33775505575201514, ""threshold"": 0.0, ""passed"": true}, ""min_support_actual"": {""value"": 1458, ""threshold"": 50, ""passed"": true}, ""is_structurally_sound"": {""value"": false, ""passed"": false}, ""trade_path_quality_score"": {""value"": 0.0, ""threshold"": 0.0, ""passed"": true}}, ""failures"": [""structural_soundness_fail: ""], ""warnings"": [], ""classification"": ""research""}"
(*)|(loc_dist_ema20_atr_ts_top20==0)|(reg_ema20_gt_ema50_raw==1),*,loc_dist_ema20_atr_ts_top20==0,reg_ema20_gt_ema50_raw==1,0.3378269672393799,0.3378269672393799,0.012788886059773165,0.2637646595637004,0.17390123456790121,0.04700182733251593,1.0,1.0,0.5396825396825397,1458,,,0.008410177186080545,0.001068314650315057,0.00753681529580169,0.015315358776706605,,0.6666666666666666,,,,-0.13189037838059256,,,,0.03623904116624627,0.0,7.5297448359032035,0.001584135088366421,0.001584135088366421,8.732109180003048e-05,0.33773964614757984,3,1,1,2,2,stage_a_context,,long,2-way,True,,production,,,0.03501323361119176,0.5687901234567903,primary_target,0,rejected,research,"{""checks"": {""n_folds"": {""value"": 3, ""threshold"": 3, ""passed"": true}, ""presence_freq"": {""value"": 1.0, ""threshold"": 0.75, ""passed"": true}, ""directional_mean_ret"": {""value"": 0.3378269672393799, ""threshold"": 0.0, ""passed"": true}, ""hurdle_excess"": {""value"": 0.33773964614757984, ""threshold"": 0.0, ""passed"": true}, ""min_support_actual"": {""value"": 1458, ""threshold"": 50, ""passed"": true}, ""is_structurally_sound"": {""value"": false, ""passed"": false}, ""trade_path_quality_score"": {""value"": 0.0, ""threshold"": 0.0, ""passed"": true}}, ""failures"": [""structural_soundness_fail: ""], ""warnings"": [], ""classification"": ""research""}"
(*)|(loc_dist_ema20_atr_ts_top30==0)|(reg_atr_change_rate_ts_top20==0&reg_atr_change_rate_ts_top60==0&reg_ema20_gt_ema50_raw==1),*,loc_dist_ema20_atr_ts_top30==0,reg_atr_change_rate_ts_top20==0&reg_atr_change_rate_ts_top60==0&reg_ema20_gt_ema50_raw==1,0.3378269672393799,0.3378269672393799,0.012788886059773165,0.2637646595637004,0.17390123456790121,0.04700182733251593,1.0,1.0,0.5396825396825397,1458,,,0.008410177186080545,0.001068314650315057,0.00753681529580169,0.015315358776706605,,0.6666666666666666,,,,-0.13189037838059256,,,,0.03623904116624627,0.0,7.5297448359032035,0.001584135088366421,0.001584135088366421,9.245762661179698e-05,0.3377345096127681,3,2,2,4,4,stage_a_context,,long,4-way,True,,production,,,0.03501323361119176,0.5687901234567903,primary_target,0,rejected,research,"{""checks"": {""n_folds"": {""value"": 3, ""threshold"": 3, ""passed"": true}, ""presence_freq"": {""value"": 1.0, ""threshold"": 0.75, ""passed"": true}, ""directional_mean_ret"": {""value"": 0.3378269672393799, ""threshold"": 0.0, ""passed"": true}, ""hurdle_excess"": {""value"": 0.3377345096127681, ""threshold"": 0.0, ""passed"": true}, ""min_support_actual"": {""value"": 1458, ""threshold"": 50, ""passed"": true}, ""is_structurally_sound"": {""value"": false, ""passed"": false}, ""trade_path_quality_score"": {""value"": 0.0, ""threshold"": 0.0, ""passed"": true}}, ""failures"": [""structural_soundness_fail: ""], ""warnings"": [], ""classification"": ""research""}"
(*)|(loc_dist_ema20_atr_ts_top40==0)|(reg_atr_change_rate_ts_bot20==1&reg_atr_change_rate_ts_top30==0&reg_ema20_gt_ema50_raw==1),*,loc_dist_ema20_atr_ts_top40==0,reg_atr_change_rate_ts_bot20==1&reg_atr_change_rate_ts_top30==0&reg_ema20_gt_ema50_raw==1,0.3378269672393799,0.3378269672393799,0.012788886059773165,0.2637646595637004,0.17390123456790121,0.04700182733251593,1.0,1.0,0.5396825396825397,1458,,,0.008410177186080545,0.001068314650315057,0.00753681529580169,0.015315358776706605,,0.6666666666666666,,,,-0.13189037838059256,,,,0.03623904116624627,0.0,7.5297448359032035,0.001584135088366421,0.001584135088366421,9.245762661179698e-05,0.3377345096127681,3,1,1,4,4,stage_a_context,,long,4-way,True,,production,,,0.03501323361119176,0.5687901234567903,primary_target,0,rejected,research,"{""checks"": {""n_folds"": {""value"": 3, ""threshold"": 3, ""passed"": true}, ""presence_freq"": {""value"": 1.0, ""threshold"": 0.75, ""passed"": true}, ""directional_mean_ret"": {""value"": 0.3378269672393799, ""threshold"": 0.0, ""passed"": true}, ""hurdle_excess"": {""value"": 0.3377345096127681, ""threshold"": 0.0, ""passed"": true}, ""min_support_actual"": {""value"": 1458, ""threshold"": 50, ""passed"": true}, ""is_structurally_sound"": {""value"": false, ""passed"": false}, ""trade_path_quality_score"": {""value"": 0.0, ""threshold"": 0.0, ""passed"": true}}, ""failures"": [""structural_soundness_fail: ""], ""warnings"": [], ""classification"": ""research""}"
(*)|(*)|(reg_atr_change_rate_ts_band25_75==0&reg_atr_change_rate_ts_top30==1&reg_atr_change_rate_ts_top60==1&reg_atr_change_rate_ts_top80==1),*,*,reg_atr_change_rate_ts_band25_75==0&reg_atr_change_rate_ts_top30==1&reg_atr_change_rate_ts_top60==1&reg_atr_change_rate_ts_top80==1,0.33468449115753174,0.33468449115753174,0.007035375755527418,0.2448098063468933,0.19587654320987655,0.0562553565672529,1.0,1.0,0.5465393794749404,1894,,,-0.004379434522331759,-0.01644148550202704,0.0026020059561575465,0.011173336696608175,,0.6666666666666666,,,,-0.023743281354948482,,,,0.03623904116624627,0.0,7.518482661243926,0.0015294337218864343,0.0015294337218864343,9.41365401920439e-05,0.3345903546173397,3,1,1,4,4,stage_a_context,,long,4-way,True,,production,,,-0.04209417624716849,0.39298765432098764,primary_target,0,rejected,research,"{""checks"": {""n_folds"": {""value"": 3, ""threshold"": 3, ""passed"": true}, ""presence_freq"": {""value"": 1.0, ""threshold"": 0.75, ""passed"": true}, ""directional_mean_ret"": {""value"": 0.33468449115753174, ""threshold"": 0.0, ""passed"": true}, ""hurdle_excess"": {""value"": 0.3345903546173397, ""threshold"": 0.0, ""passed"": true}, ""min_support_actual"": {""value"": 1894, ""threshold"": 50, ""passed"": true}, ""is_structurally_sound"": {""value"": false, ""passed"": false}, ""trade_path_quality_score"": {""value"": 0.0, ""threshold"": 0.0, ""passed"": true}}, ""failures"": [""structural_soundness_fail: ""], ""warnings"": [], ""classification"": ""research""}"
(*)|(*)|(reg_atr_change_rate_ts_band25_75==0&reg_atr_change_rate_ts_top30==1&reg_atr_change_rate_ts_top80==1),*,*,reg_atr_change_rate_ts_band25_75==0&reg_atr_change_rate_ts_top30==1&reg_atr_change_rate_ts_top80==1,0.33468449115753174,0.33468449115753174,0.007035375755527418,0.2448098063468933,0.19587654320987655,0.0562553565672529,1.0,1.0,0.5465393794749404,1894,,,-0.004379434522331759,-0.01644148550202704,0.0026020059561575465,0.011173336696608175,,0.6666666666666666,,,,-0.023743281354948482,,,,0.03623904116624627,0.0,7.518482661243926,0.0015294337218864343,0.0015294337218864343,7.321730903825636e-05,0.3346112738484935,3,1,1,3,3,stage_a_context,,long,3-way,True,,production,,,-0.04209417624716849,0.39298765432098764,primary_target,0,rejected,research,"{""checks"": {""n_folds"": {""value"": 3, ""threshold"": 3, ""passed"": true}, ""presence_freq"": {""value"": 1.0, ""threshold"": 0.75, ""passed"": true}, ""directional_mean_ret"": {""value"": 0.33468449115753174, ""threshold"": 0.0, ""passed"": true}, ""hurdle_excess"": {""value"": 0.3346112738484935, ""threshold"": 0.0, ""passed"": true}, ""min_support_actual"": {""value"": 1894, ""threshold"": 50, ""passed"": true}, ""is_structurally_sound"": {""value"": false, ""passed"": false}, ""trade_path_quality_score"": {""value"": 0.0, ""threshold"": 0.0, ""passed"": true}}, ""failures"": [""structural_soundness_fail: ""], ""warnings"": [], ""classification"": ""research""}"
(*)|(*)|(reg_atr_change_rate_ts_band25_75==0&reg_atr_change_rate_ts_top40==1&reg_atr_change_rate_ts_top80==1),*,*,reg_atr_change_rate_ts_band25_75==0&reg_atr_change_rate_ts_top40==1&reg_atr_change_rate_ts_top80==1,0.33468449115753174,0.33468449115753174,0.007035375755527418,0.2448098063468933,0.19587654320987655,0.0562553565672529,1.0,1.0,0.5465393794749404,1894,,,-0.004379434522331759,-0.01644148550202704,0.0026020059561575465,0.011173336696608175,,0.6666666666666666,,,,-0.023743281354948482,,,,0.03623904116624627,0.0,7.518482661243926,0.0015294337218864343,0.0015294337218864343,7.321730903825636e-05,0.3346112738484935,3,1,1,3,3,stage_a_context,,long,3-way,True,,production,,,-0.04209417624716849,0.39298765432098764,primary_target,0,rejected,research,"{""checks"": {""n_folds"": {""value"": 3, ""threshold"": 3, ""passed"": true}, ""presence_freq"": {""value"": 1.0, ""threshold"": 0.75, ""passed"": true}, ""directional_mean_ret"": {""value"": 0.33468449115753174, ""threshold"": 0.0, ""passed"": true}, ""hurdle_excess"": {""value"": 0.3346112738484935, ""threshold"": 0.0, ""passed"": true}, ""min_support_actual"": {""value"": 1894, ""threshold"": 50, ""passed"": true}, ""is_structurally_sound"": {""value"": false, ""passed"": false}, ""trade_path_quality_score"": {""value"": 0.0, ""threshold"": 0.0, ""passed"": true}}, ""failures"": [""structural_soundness_fail: ""], ""warnings"": [], ""classification"": ""research""}"
(*)|(*)|(reg_atr_change_rate_ts_bot80==0&reg_atr_change_rate_ts_top60==1),*,*,reg_atr_change_rate_ts_bot80==0&reg_atr_change_rate_ts_top60==1,0.33468449115753174,0.33468449115753174,0.007035375755527418,0.2448098063468933,0.19587654320987655,0.0562553565672529,1.0,1.0,0.5465393794749404,1894,,,-0.004379434522331759,-0.01644148550202704,0.0026020059561575465,0.011173336696608175,,0.6666666666666666,,,,-0.023743281354948482,,,,0.03623904116624627,0.0,7.518482661243926,0.0015294337218864343,0.0015294337218864343,8.890673240359702e-05,0.33459558442512816,3,1,1,2,2,stage_a_context,,long,2-way,True,,production,,,-0.04209417624716849,0.39298765432098764,primary_target,0,rejected,research,"{""checks"": {""n_folds"": {""value"": 3, ""threshold"": 3, ""passed"": true}, ""presence_freq"": {""value"": 1.0, ""threshold"": 0.75, ""passed"": true}, ""directional_mean_ret"": {""value"": 0.33468449115753174, ""threshold"": 0.0, ""passed"": true}, ""hurdle_excess"": {""value"": 0.33459558442512816, ""threshold"": 0.0, ""passed"": true}, ""min_support_actual"": {""value"": 1894, ""threshold"": 50, ""passed"": true}, ""is_structurally_sound"": {""value"": false, ""passed"": false}, ""trade_path_quality_score"": {""value"": 0.0, ""threshold"": 0.0, ""passed"": true}}, ""failures"": [""structural_soundness_fail: ""], ""warnings"": [], ""classification"": ""research""}"
(*)|(*)|(reg_atr_change_rate_ts_top20==1&reg_atr_change_rate_ts_top40==1&reg_atr_change_rate_ts_top80==1),*,*,reg_atr_change_rate_ts_top20==1&reg_atr_change_rate_ts_top40==1&reg_atr_change_rate_ts_top80==1,0.33468449115753174,0.33468449115753174,0.007035375755527418,0.2448098063468933,0.19587654320987655,0.0562553565672529,1.0,1.0,0.5465393794749404,1894,,,-0.004379434522331759,-0.01644148550202704,0.0026020059561575465,0.011173336696608175,,0.6666666666666666,,,,-0.023743281354948482,,,,0.03623904116624627,0.0,7.518482661243926,0.0015294337218864343,0.0015294337218864343,7.321730903825636e-05,0.3346112738484935,3,1,1,3,3,stage_a_context,,long,3-way,True,,production,,,-0.04209417624716849,0.39298765432098764,primary_target,0,rejected,research,"{""checks"": {""n_folds"": {""value"": 3, ""threshold"": 3, ""passed"": true}, ""presence_freq"": {""value"": 1.0, ""threshold"": 0.75, ""passed"": true}, ""directional_mean_ret"": {""value"": 0.33468449115753174, ""threshold"": 0.0, ""passed"": true}, ""hurdle_excess"": {""value"": 0.3346112738484935, ""threshold"": 0.0, ""passed"": true}, ""min_support_actual"": {""value"": 1894, ""threshold"": 50, ""passed"": true}, ""is_structurally_sound"": {""value"": false, ""passed"": false}, ""trade_path_quality_score"": {""value"": 0.0, ""threshold"": 0.0, ""passed"": true}}, ""failures"": [""structural_soundness_fail: ""], ""warnings"": [], ""classification"": ""research""}"
(*)|(*)|(reg_atr_change_rate_ts_top20==1&reg_atr_change_rate_ts_top60==1&reg_atr_change_rate_ts_top80==1),*,*,reg_atr_change_rate_ts_top20==1&reg_atr_change_rate_ts_top60==1&reg_atr_change_rate_ts_top80==1,0.33468449115753174,0.33468449115753174,0.007035375755527418,0.2448098063468933,0.19587654320987655,0.0562553565672529,1.0,1.0,0.5465393794749404,1894,,,-0.004379434522331759,-0.01644148550202704,0.0026020059561575465,0.011173336696608175,,0.6666666666666666,,,,-0.023743281354948482,,,,0.03623904116624627,0.0,7.518482661243926,0.0015294337218864343,0.0015294337218864343,7.321730903825636e-05,0.3346112738484935,3,3,3,3,3,stage_a_context,,long,3-way,True,,production,,,-0.04209417624716849,0.39298765432098764,primary_target,0,rejected,research,"{""checks"": {""n_folds"": {""value"": 3, ""threshold"": 3, ""passed"": true}, ""presence_freq"": {""value"": 1.0, ""threshold"": 0.75, ""passed"": true}, ""directional_mean_ret"": {""value"": 0.33468449115753174, ""threshold"": 0.0, ""passed"": true}, ""hurdle_excess"": {""value"": 0.3346112738484935, ""threshold"": 0.0, ""passed"": true}, ""min_support_actual"": {""value"": 1894, ""threshold"": 50, ""passed"": true}, ""is_structurally_sound"": {""value"": false, ""passed"": false}, ""trade_path_quality_score"": {""value"": 0.0, ""threshold"": 0.0, ""passed"": true}}, ""failures"": [""structural_soundness_fail: ""], ""warnings"": [], ""classification"": ""research""}"
(*)|(*)|(reg_atr_change_rate_ts_top20==1&reg_atr_change_rate_ts_top80==1),*,*,reg_atr_change_rate_ts_top20==1&reg_atr_change_rate_ts_top80==1,0.33468449115753174,0.33468449115753174,0.007035375755527418,0.2448098063468933,0.19587654320987655,0.0562553565672529,1.0,1.0,0.5465393794749404,1894,,,-0.004379434522331759,-0.01644148550202704,0.0026020059561575465,0.011173336696608175,,0.6666666666666666,,,,-0.023743281354948482,,,,0.03623904116624627,0.0,7.518482661243926,0.0015294337218864343,0.0015294337218864343,8.890673240359702e-05,0.33459558442512816,3,1,1,2,2,stage_a_context,,long,2-way,True,,production,,,-0.04209417624716849,0.39298765432098764,primary_target,0,rejected,research,"{""checks"": {""n_folds"": {""value"": 3, ""threshold"": 3, ""passed"": true}, ""presence_freq"": {""value"": 1.0, ""threshold"": 0.75, ""passed"": true}, ""directional_mean_ret"": {""value"": 0.33468449115753174, ""threshold"": 0.0, ""passed"": true}, ""hurdle_excess"": {""value"": 0.33459558442512816, ""threshold"": 0.0, ""passed"": true}, ""min_support_actual"": {""value"": 1894, ""threshold"": 50, ""passed"": true}, ""is_structurally_sound"": {""value"": false, ""passed"": false}, ""trade_path_quality_score"": {""value"": 0.0, ""threshold"": 0.0, ""passed"": true}}, ""failures"": [""structural_soundness_fail: ""], ""warnings"": [], ""classification"": ""research""}"
(*)|(*)|(reg_atr_change_rate_ts_top30==1&reg_atr_change_rate_ts_top60==1&reg_atr_change_rate_ts_top80==1&reg_atr_compression_ratio_ts_band25_75==0),*,*,reg_atr_change_rate_ts_top30==1&reg_atr_change_rate_ts_top60==1&reg_atr_change_rate_ts_top80==1&reg_atr_compression_ratio_ts_band25_75==0,0.33468449115753174,0.33468449115753174,0.007035375755527418,0.2448098063468933,0.19587654320987655,0.0562553565672529,1.0,1.0,0.5465393794749404,1894,,,-0.004379434522331759,-0.01644148550202704,0.0026020059561575465,0.011173336696608175,,0.6666666666666666,,,,-0.023743281354948482,,,,0.03623904116624627,0.0,7.518482661243926,0.0015294337218864343,0.0015294337218864343,9.41365401920439e-05,0.3345903546173397,3,1,1,4,4,stage_a_context,,long,4-way,True,,production,,,-0.04209417624716849,0.39298765432098764,primary_target,0,rejected,research,"{""checks"": {""n_folds"": {""value"": 3, ""threshold"": 3, ""passed"": true}, ""presence_freq"": {""value"": 1.0, ""threshold"": 0.75, ""passed"": true}, ""directional_mean_ret"": {""value"": 0.33468449115753174, ""threshold"": 0.0, ""passed"": true}, ""hurdle_excess"": {""value"": 0.3345903546173397, ""threshold"": 0.0, ""passed"": true}, ""min_support_actual"": {""value"": 1894, ""threshold"": 50, ""passed"": true}, ""is_structurally_sound"": {""value"": false, ""passed"": false}, ""trade_path_quality_score"": {""value"": 0.0, ""threshold"": 0.0, ""passed"": true}}, ""failures"": [""structural_soundness_fail: ""], ""warnings"": [], ""classification"": ""research""}"
(*)|(*)|(reg_atr_change_rate_ts_top30==1&reg_atr_change_rate_ts_top60==1&reg_atr_change_rate_ts_top80==1),*,*,reg_atr_change_rate_ts_top30==1&reg_atr_change_rate_ts_top60==1&reg_atr_change_rate_ts_top80==1,0.33468449115753174,0.33468449115753174,0.007035375755527418,0.2448098063468933,0.19587654320987655,0.0562553565672529,1.0,1.0,0.5465393794749404,1894,,,-0.004379434522331759,-0.01644148550202704,0.0026020059561575465,0.011173336696608175,,0.6666666666666666,,,,-0.023743281354948482,,,,0.03623904116624627,0.0,7.518482661243926,0.0015294337218864343,0.0015294337218864343,7.321730903825636e-05,0.3346112738484935,3,2,2,3,3,stage_a_context,,long,3-way,True,,production,,,-0.04209417624716849,0.39298765432098764,primary_target,0,rejected,research,"{""checks"": {""n_folds"": {""value"": 3, ""threshold"": 3, ""passed"": true}, ""presence_freq"": {""value"": 1.0, ""threshold"": 0.75, ""passed"": true}, ""directional_mean_ret"": {""value"": 0.33468449115753174, ""threshold"": 0.0, ""passed"": true}, ""hurdle_excess"": {""value"": 0.3346112738484935, ""threshold"": 0.0, ""passed"": true}, ""min_support_actual"": {""value"": 1894, ""threshold"": 50, ""passed"": true}, ""is_structurally_sound"": {""value"": false, ""passed"": false}, ""trade_path_quality_score"": {""value"": 0.0, ""threshold"": 0.0, ""passed"": true}}, ""failures"": [""structural_soundness_fail: ""], ""warnings"": [], ""classification"": ""research""}"
(*)|(*)|(reg_atr_change_rate_ts_top30==1&reg_atr_change_rate_ts_top70==1&reg_atr_change_rate_ts_top80==1),*,*,reg_atr_change_rate_ts_top30==1&reg_atr_change_rate_ts_top70==1&reg_atr_change_rate_ts_top80==1,0.33468449115753174,0.33468449115753174,0.007035375755527418,0.2448098063468933,0.19587654320987655,0.0562553565672529,1.0,1.0,0.5465393794749404,1894,,,-0.004379434522331759,-0.01644148550202704,0.0026020059561575465,0.011173336696608175,,0.6666666666666666,,,,-0.023743281354948482,,,,0.03623904116624627,0.0,7.518482661243926,0.0015294337218864343,0.0015294337218864343,7.321730903825636e-05,0.3346112738484935,3,4,4,3,3,stage_a_context,,long,3-way,True,,production,,,-0.04209417624716849,0.39298765432098764,primary_target,0,rejected,research,"{""checks"": {""n_folds"": {""value"": 3, ""threshold"": 3, ""passed"": true}, ""presence_freq"": {""value"": 1.0, ""threshold"": 0.75, ""passed"": true}, ""directional_mean_ret"": {""value"": 0.33468449115753174, ""threshold"": 0.0, ""passed"": true}, ""hurdle_excess"": {""value"": 0.3346112738484935, ""threshold"": 0.0, ""passed"": true}, ""min_support_actual"": {""value"": 1894, ""threshold"": 50, ""passed"": true}, ""is_structurally_sound"": {""value"": false, ""passed"": false}, ""trade_path_quality_score"": {""value"": 0.0, ""threshold"": 0.0, ""passed"": true}}, ""failures"": [""structural_soundness_fail: ""], ""warnings"": [], ""classification"": ""research""}"
(*)|(*)|(reg_atr_change_rate_ts_top30==1&reg_atr_change_rate_ts_top80==1),*,*,reg_atr_change_rate_ts_top30==1&reg_atr_change_rate_ts_top80==1,0.33468449115753174,0.33468449115753174,0.007035375755527418,0.2448098063468933,0.19587654320987655,0.0562553565672529,1.0,1.0,0.5465393794749404,1894,,,-0.004379434522331759,-0.01644148550202704,0.0026020059561575465,0.011173336696608175,,0.6666666666666666,,,,-0.023743281354948482,,,,0.03623904116624627,0.0,7.518482661243926,0.0015294337218864343,0.0015294337218864343,8.890673240359702e-05,0.33459558442512816,3,3,3,2,2,stage_a_context,,long,2-way,True,,production,,,-0.04209417624716849,0.39298765432098764,primary_target,0,rejected,research,"{""checks"": {""n_folds"": {""value"": 3, ""threshold"": 3, ""passed"": true}, ""presence_freq"": {""value"": 1.0, ""threshold"": 0.75, ""passed"": true}, ""directional_mean_ret"": {""value"": 0.33468449115753174, ""threshold"": 0.0, ""passed"": true}, ""hurdle_excess"": {""value"": 0.33459558442512816, ""threshold"": 0.0, ""passed"": true}, ""min_support_actual"": {""value"": 1894, ""threshold"": 50, ""passed"": true}, ""is_structurally_sound"": {""value"": false, ""passed"": false}, ""trade_path_quality_score"": {""value"": 0.0, ""threshold"": 0.0, ""passed"": true}}, ""failures"": [""structural_soundness_fail: ""], ""warnings"": [], ""classification"": ""research""}"
(*)|(*)|(reg_atr_change_rate_ts_top40==1&reg_atr_change_rate_ts_top60==1&reg_atr_change_rate_ts_top80==1),*,*,reg_atr_change_rate_ts_top40==1&reg_atr_change_rate_ts_top60==1&reg_atr_change_rate_ts_top80==1,0.33468449115753174,0.33468449115753174,0.007035375755527418,0.2448098063468933,0.19587654320987655,0.0562553565672529,1.0,1.0,0.5465393794749404,1894,,,-0.004379434522331759,-0.01644148550202704,0.0026020059561575465,0.011173336696608175,,0.6666666666666666,,,,-0.023743281354948482,,,,0.03623904116624627,0.0,7.518482661243926,0.0015294337218864343,0.0015294337218864343,7.321730903825636e-05,0.3346112738484935,3,3,3,3,3,stage_a_context,,long,3-way,True,,production,,,-0.04209417624716849,0.39298765432098764,primary_target,0,rejected,research,"{""checks"": {""n_folds"": {""value"": 3, ""threshold"": 3, ""passed"": true}, ""presence_freq"": {""value"": 1.0, ""threshold"": 0.75, ""passed"": true}, ""directional_mean_ret"": {""value"": 0.33468449115753174, ""threshold"": 0.0, ""passed"": true}, ""hurdle_excess"": {""value"": 0.3346112738484935, ""threshold"": 0.0, ""passed"": true}, ""min_support_actual"": {""value"": 1894, ""threshold"": 50, ""passed"": true}, ""is_structurally_sound"": {""value"": false, ""passed"": false}, ""trade_path_quality_score"": {""value"": 0.0, ""threshold"": 0.0, ""passed"": true}}, ""failures"": [""structural_soundness_fail: ""], ""warnings"": [], ""classification"": ""research""}"
(*)|(*)|(reg_atr_change_rate_ts_top40==1&reg_atr_change_rate_ts_top70==1&reg_atr_change_rate_ts_top80==1),*,*,reg_atr_change_rate_ts_top40==1&reg_atr_change_rate_ts_top70==1&reg_atr_change_rate_ts_top80==1,0.33468449115753174,0.33468449115753174,0.007035375755527418,0.2448098063468933,0.19587654320987655,0.0562553565672529,1.0,1.0,0.5465393794749404,1894,,,-0.004379434522331759,-0.01644148550202704,0.0026020059561575465,0.011173336696608175,,0.6666666666666666,,,,-0.023743281354948482,,,,0.03623904116624627,0.0,7.518482661243926,0.0015294337218864343,0.0015294337218864343,7.321730903825636e-05,0.3346112738484935,3,1,1,3,3,stage_a_context,,long,3-way,True,,production,,,-0.04209417624716849,0.39298765432098764,primary_target,0,rejected,research,"{""checks"": {""n_folds"": {""value"": 3, ""threshold"": 3, ""passed"": true}, ""presence_freq"": {""value"": 1.0, ""threshold"": 0.75, ""passed"": true}, ""directional_mean_ret"": {""value"": 0.33468449115753174, ""threshold"": 0.0, ""passed"": true}, ""hurdle_excess"": {""value"": 0.3346112738484935, ""threshold"": 0.0, ""passed"": true}, ""min_support_actual"": {""value"": 1894, ""threshold"": 50, ""passed"": true}, ""is_structurally_sound"": {""value"": false, ""passed"": false}, ""trade_path_quality_score"": {""value"": 0.0, ""threshold"": 0.0, ""passed"": true}}, ""failures"": [""structural_soundness_fail: ""], ""warnings"": [], ""classification"": ""research""}"
(*)|(*)|(reg_atr_change_rate_ts_top40==1&reg_atr_change_rate_ts_top80==1),*,*,reg_atr_change_rate_ts_top40==1&reg_atr_change_rate_ts_top80==1,0.33468449115753174,0.33468449115753174,0.007035375755527418,0.2448098063468933,0.19587654320987655,0.0562553565672529,1.0,1.0,0.5465393794749404,1894,,,-0.004379434522331759,-0.01644148550202704,0.0026020059561575465,0.011173336696608175,,0.6666666666666666,,,,-0.023743281354948482,,,,0.03623904116624627,0.0,7.518482661243926,0.0015294337218864343,0.0015294337218864343,8.890673240359702e-05,0.33459558442512816,3,2,2,2,2,stage_a_context,,long,2-way,True,,production,,,-0.04209417624716849,0.39298765432098764,primary_target,0,rejected,research,"{""checks"": {""n_folds"": {""value"": 3, ""threshold"": 3, ""passed"": true}, ""presence_freq"": {""value"": 1.0, ""threshold"": 0.75, ""passed"": true}, ""directional_mean_ret"": {""value"": 0.33468449115753174, ""threshold"": 0.0, ""passed"": true}, ""hurdle_excess"": {""value"": 0.33459558442512816, ""threshold"": 0.0, ""passed"": true}, ""min_support_actual"": {""value"": 1894, ""threshold"": 50, ""passed"": true}, ""is_structurally_sound"": {""value"": false, ""passed"": false}, ""trade_path_quality_score"": {""value"": 0.0, ""threshold"": 0.0, ""passed"": true}}, ""failures"": [""structural_soundness_fail: ""], ""warnings"": [], ""classification"": ""research""}"
(*)|(*)|(reg_atr_change_rate_ts_top50==1&reg_atr_change_rate_ts_top60==1&reg_atr_change_rate_ts_top80==1),*,*,reg_atr_change_rate_ts_top50==1&reg_atr_change_rate_ts_top60==1&reg_atr_change_rate_ts_top80==1,0.33468449115753174,0.33468449115753174,0.007035375755527418,0.2448098063468933,0.19587654320987655,0.0562553565672529,1.0,1.0,0.5465393794749404,1894,,,-0.004379434522331759,-0.01644148550202704,0.0026020059561575465,0.011173336696608175,,0.6666666666666666,,,,-0.023743281354948482,,,,0.03623904116624627,0.0,7.518482661243926,0.0015294337218864343,0.0015294337218864343,7.321730903825636e-05,0.3346112738484935,3,1,1,3,3,stage_a_context,,long,3-way,True,,production,,,-0.04209417624716849,0.39298765432098764,primary_target,0,rejected,research,"{""checks"": {""n_folds"": {""value"": 3, ""threshold"": 3, ""passed"": true}, ""presence_freq"": {""value"": 1.0, ""threshold"": 0.75, ""passed"": true}, ""directional_mean_ret"": {""value"": 0.33468449115753174, ""threshold"": 0.0, ""passed"": true}, ""hurdle_excess"": {""value"": 0.3346112738484935, ""threshold"": 0.0, ""passed"": true}, ""min_support_actual"": {""value"": 1894, ""threshold"": 50, ""passed"": true}, ""is_structurally_sound"": {""value"": false, ""passed"": false}, ""trade_path_quality_score"": {""value"": 0.0, ""threshold"": 0.0, ""passed"": true}}, ""failures"": [""structural_soundness_fail: ""], ""warnings"": [], ""classification"": ""research""}"
(*)|(*)|(reg_atr_change_rate_ts_top50==1&reg_atr_change_rate_ts_top80==1),*,*,reg_atr_change_rate_ts_top50==1&reg_atr_change_rate_ts_top80==1,0.33468449115753174,0.33468449115753174,0.007035375755527418,0.2448098063468933,0.19587654320987655,0.0562553565672529,1.0,1.0,0.5465393794749404,1894,,,-0.004379434522331759,-0.01644148550202704,0.0026020059561575465,0.011173336696608175,,0.6666666666666666,,,,-0.023743281354948482,,,,0.03623904116624627,0.0,7.518482661243926,0.0015294337218864343,0.0015294337218864343,8.890673240359702e-05,0.33459558442512816,3,1,1,2,2,stage_a_context,,long,2-way,True,,production,,,-0.04209417624716849,0.39298765432098764,primary_target,0,rejected,research,"{""checks"": {""n_folds"": {""value"": 3, ""threshold"": 3, ""passed"": true}, ""presence_freq"": {""value"": 1.0, ""threshold"": 0.75, ""passed"": true}, ""directional_mean_ret"": {""value"": 0.33468449115753174, ""threshold"": 0.0, ""passed"": true}, ""hurdle_excess"": {""value"": 0.33459558442512816, ""threshold"": 0.0, ""passed"": true}, ""min_support_actual"": {""value"": 1894, ""threshold"": 50, ""passed"": true}, ""is_structurally_sound"": {""value"": false, ""passed"": false}, ""trade_path_quality_score"": {""value"": 0.0, ""threshold"": 0.0, ""passed"": true}}, ""failures"": [""structural_soundness_fail: ""], ""warnings"": [], ""classification"": ""research""}"
(*)|(*)|(reg_atr_change_rate_ts_top60==1&reg_atr_change_rate_ts_top70==1&reg_atr_change_rate_ts_top80==1),*,*,reg_atr_change_rate_ts_top60==1&reg_atr_change_rate_ts_top70==1&reg_atr_change_rate_ts_top80==1,0.33468449115753174,0.33468449115753174,0.007035375755527418,0.2448098063468933,0.19587654320987655,0.0562553565672529,1.0,1.0,0.5465393794749404,1894,,,-0.004379434522331759,-0.01644148550202704,0.0026020059561575465,0.011173336696608175,,0.6666666666666666,,,,-0.023743281354948482,,,,0.03623904116624627,0.0,7.518482661243926,0.0015294337218864343,0.0015294337218864343,7.321730903825636e-05,0.3346112738484935,3,1,1,3,3,stage_a_context,,long,3-way,True,,production,,,-0.04209417624716849,0.39298765432098764,primary_target,0,rejected,research,"{""checks"": {""n_folds"": {""value"": 3, ""threshold"": 3, ""passed"": true}, ""presence_freq"": {""value"": 1.0, ""threshold"": 0.75, ""passed"": true}, ""directional_mean_ret"": {""value"": 0.33468449115753174, ""threshold"": 0.0, ""passed"": true}, ""hurdle_excess"": {""value"": 0.3346112738484935, ""threshold"": 0.0, ""passed"": true}, ""min_support_actual"": {""value"": 1894, ""threshold"": 50, ""passed"": true}, ""is_structurally_sound"": {""value"": false, ""passed"": false}, ""trade_path_quality_score"": {""value"": 0.0, ""threshold"": 0.0, ""passed"": true}}, ""failures"": [""structural_soundness_fail: ""], ""warnings"": [], ""classification"": ""research""}"
(*)|(*)|(reg_atr_change_rate_ts_top60==1&reg_atr_change_rate_ts_top80==1),*,*,reg_atr_change_rate_ts_top60==1&reg_atr_change_rate_ts_top80==1,0.33468449115753174,0.33468449115753174,0.007035375755527418,0.2448098063468933,0.19587654320987655,0.0562553565672529,1.0,1.0,0.5465393794749404,1894,,,-0.004379434522331759,-0.01644148550202704,0.0026020059561575465,0.011173336696608175,,0.6666666666666666,,,,-0.023743281354948482,,,,0.03623904116624627,0.0,7.518482661243926,0.0015294337218864343,0.0015294337218864343,8.890673240359702e-05,0.33459558442512816,3,4,4,2,2,stage_a_context,,long,2-way,True,,production,,,-0.04209417624716849,0.39298765432098764,primary_target,0,rejected,research,"{""checks"": {""n_folds"": {""value"": 3, ""threshold"": 3, ""passed"": true}, ""presence_freq"": {""value"": 1.0, ""threshold"": 0.75, ""passed"": true}, ""directional_mean_ret"": {""value"": 0.33468449115753174, ""threshold"": 0.0, ""passed"": true}, ""hurdle_excess"": {""value"": 0.33459558442512816, ""threshold"": 0.0, ""passed"": true}, ""min_support_actual"": {""value"": 1894, ""threshold"": 50, ""passed"": true}, ""is_structurally_sound"": {""value"": false, ""passed"": false}, ""trade_path_quality_score"": {""value"": 0.0, ""threshold"": 0.0, ""passed"": true}}, ""failures"": [""structural_soundness_fail: ""], ""warnings"": [], ""classification"": ""research""}"
(*)|(loc_dist_ema20_atr_ts_band25_75==0)|(reg_atr_change_rate_ts_top60==1&reg_atr_change_rate_ts_top80==1),*,loc_dist_ema20_atr_ts_band25_75==0,reg_atr_change_rate_ts_top60==1&reg_atr_change_rate_ts_top80==1,0.33468449115753174,0.33468449115753174,0.007035375755527418,0.2448098063468933,0.19587654320987655,0.0562553565672529,1.0,1.0,0.5465393794749404,1894,,,-0.004379434522331759,-0.01644148550202704,0.0026020059561575465,0.011173336696608175,,0.6666666666666666,,,,-0.023743281354948482,,,,0.03623904116624627,0.0,7.518482661243926,0.0015294337218864343,0.0015294337218864343,7.321730903825636e-05,0.3346112738484935,3,1,1,3,3,stage_a_context,,long,3-way,True,,production,,,-0.04209417624716849,0.39298765432098764,primary_target,0,rejected,research,"{""checks"": {""n_folds"": {""value"": 3, ""threshold"": 3, ""passed"": true}, ""presence_freq"": {""value"": 1.0, ""threshold"": 0.75, ""passed"": true}, ""directional_mean_ret"": {""value"": 0.33468449115753174, ""threshold"": 0.0, ""passed"": true}, ""hurdle_excess"": {""value"": 0.3346112738484935, ""threshold"": 0.0, ""passed"": true}, ""min_support_actual"": {""value"": 1894, ""threshold"": 50, ""passed"": true}, ""is_structurally_sound"": {""value"": false, ""passed"": false}, ""trade_path_quality_score"": {""value"": 0.0, ""threshold"": 0.0, ""passed"": true}}, ""failures"": [""structural_soundness_fail: ""], ""warnings"": [], ""classification"": ""research""}"
(*)|(loc_dist_ema20_atr_ts_bot60==0)|(reg_atr_change_rate_ts_top40==1&reg_atr_change_rate_ts_top80==1),*,loc_dist_ema20_atr_ts_bot60==0,reg_atr_change_rate_ts_top40==1&reg_atr_change_rate_ts_top80==1,0.33468449115753174,0.33468449115753174,0.007035375755527418,0.2448098063468933,0.19587654320987655,0.0562553565672529,1.0,1.0,0.5465393794749404,1894,,,-0.004379434522331759,-0.01644148550202704,0.0026020059561575465,0.011173336696608175,,0.6666666666666666,,,,-0.023743281354948482,,,,0.03623904116624627,0.0,7.518482661243926,0.0015294337218864343,0.0015294337218864343,7.321730903825636e-05,0.3346112738484935,3,2,2,3,3,stage_a_context,,long,3-way,True,,production,,,-0.04209417624716849,0.39298765432098764,primary_target,0,rejected,research,"{""checks"": {""n_folds"": {""value"": 3, ""threshold"": 3, ""passed"": true}, ""presence_freq"": {""value"": 1.0, ""threshold"": 0.75, ""passed"": true}, ""directional_mean_ret"": {""value"": 0.33468449115753174, ""threshold"": 0.0, ""passed"": true}, ""hurdle_excess"": {""value"": 0.3346112738484935, ""threshold"": 0.0, ""passed"": true}, ""min_support_actual"": {""value"": 1894, ""threshold"": 50, ""passed"": true}, ""is_structurally_sound"": {""value"": false, ""passed"": false}, ""trade_path_quality_score"": {""value"": 0.0, ""threshold"": 0.0, ""passed"": true}}, ""failures"": [""structural_soundness_fail: ""], ""warnings"": [], ""classification"": ""research""}"
(*)|(loc_dist_ema20_atr_ts_top20==1)|(reg_atr_change_rate_ts_band20_80==0&reg_atr_change_rate_ts_top60==1),*,loc_dist_ema20_atr_ts_top20==1,reg_atr_change_rate_ts_band20_80==0&reg_atr_change_rate_ts_top60==1,0.33468449115753174,0.33468449115753174,0.007035375755527418,0.2448098063468933,0.19587654320987655,0.0562553565672529,1.0,1.0,0.5465393794749404,1894,,,-0.004379434522331759,-0.01644148550202704,0.0026020059561575465,0.011173336696608175,,0.6666666666666666,,,,-0.023743281354948482,,,,0.03623904116624627,0.0,7.518482661243926,0.0015294337218864343,0.0015294337218864343,7.321730903825636e-05,0.3346112738484935,3,1,1,3,3,stage_a_context,,long,3-way,True,,production,,,-0.04209417624716849,0.39298765432098764,primary_target,0,rejected,research,"{""checks"": {""n_folds"": {""value"": 3, ""threshold"": 3, ""passed"": true}, ""presence_freq"": {""value"": 1.0, ""threshold"": 0.75, ""passed"": true}, ""directional_mean_ret"": {""value"": 0.33468449115753174, ""threshold"": 0.0, ""passed"": true}, ""hurdle_excess"": {""value"": 0.3346112738484935, ""threshold"": 0.0, ""passed"": true}, ""min_support_actual"": {""value"": 1894, ""threshold"": 50, ""passed"": true}, ""is_structurally_sound"": {""value"": false, ""passed"": false}, ""trade_path_quality_score"": {""value"": 0.0, ""threshold"": 0.0, ""passed"": true}}, ""failures"": [""structural_soundness_fail: ""], ""warnings"": [], ""classification"": ""research""}"
(*)|(loc_dist_ema20_atr_ts_top30==1&loc_dist_ema20_atr_ts_top80==1)|(*),*,loc_dist_ema20_atr_ts_top30==1&loc_dist_ema20_atr_ts_top80==1,*,0.33468449115753174,0.33468449115753174,0.007035375755527418,0.2448098063468933,0.19587654320987655,0.0562553565672529,1.0,1.0,0.5465393794749404,1894,,,-0.004379434522331759,-0.01644148550202704,0.0026020059561575465,0.011173336696608175,,0.6666666666666666,,,,-0.023743281354948482,,,,0.03623904116624627,0.0,7.518482661243926,0.0015294337218864343,0.0015294337218864343,8.890673240359702e-05,0.33459558442512816,3,1,1,2,2,stage_a_context,,long,2-way,True,,production,,,-0.04209417624716849,0.39298765432098764,primary_target,0,rejected,research,"{""checks"": {""n_folds"": {""value"": 3, ""threshold"": 3, ""passed"": true}, ""presence_freq"": {""value"": 1.0, ""threshold"": 0.75, ""passed"": true}, ""directional_mean_ret"": {""value"": 0.33468449115753174, ""threshold"": 0.0, ""passed"": true}, ""hurdle_excess"": {""value"": 0.33459558442512816, ""threshold"": 0.0, ""passed"": true}, ""min_support_actual"": {""value"": 1894, ""threshold"": 50, ""passed"": true}, ""is_structurally_sound"": {""value"": false, ""passed"": false}, ""trade_path_quality_score"": {""value"": 0.0, ""threshold"": 0.0, ""passed"": true}}, ""failures"": [""structural_soundness_fail: ""], ""warnings"": [], ""classification"": ""research""}"
(*)|(loc_dist_ema20_atr_ts_top40==1&loc_dist_ema20_atr_ts_top70==1&loc_dist_ema20_atr_ts_top80==1)|(*),*,loc_dist_ema20_atr_ts_top40==1&loc_dist_ema20_atr_ts_top70==1&loc_dist_ema20_atr_ts_top80==1,*,0.33468449115753174,0.33468449115753174,0.007035375755527418,0.2448098063468933,0.19587654320987655,0.0562553565672529,1.0,1.0,0.5465393794749404,1894,,,-0.004379434522331759,-0.01644148550202704,0.0026020059561575465,0.011173336696608175,,0.6666666666666666,,,,-0.023743281354948482,,,,0.03623904116624627,0.0,7.518482661243926,0.0015294337218864343,0.0015294337218864343,7.321730903825636e-05,0.3346112738484935,3,1,1,3,3,stage_a_context,,long,3-way,True,,production,,,-0.04209417624716849,0.39298765432098764,primary_target,0,rejected,research,"{""checks"": {""n_folds"": {""value"": 3, ""threshold"": 3, ""passed"": true}, ""presence_freq"": {""value"": 1.0, ""threshold"": 0.75, ""passed"": true}, ""directional_mean_ret"": {""value"": 0.33468449115753174, ""threshold"": 0.0, ""passed"": true}, ""hurdle_excess"": {""value"": 0.3346112738484935, ""threshold"": 0.0, ""passed"": true}, ""min_support_actual"": {""value"": 1894, ""threshold"": 50, ""passed"": true}, ""is_structurally_sound"": {""value"": false, ""passed"": false}, ""trade_path_quality_score"": {""value"": 0.0, ""threshold"": 0.0, ""passed"": true}}, ""failures"": [""structural_soundness_fail: ""], ""warnings"": [], ""classification"": ""research""}"
(*)|(loc_dist_ema20_atr_ts_top40==1)|(reg_atr_change_rate_ts_band25_75==0&reg_atr_change_rate_ts_bot80==0&reg_atr_change_rate_ts_top60==1),*,loc_dist_ema20_atr_ts_top40==1,reg_atr_change_rate_ts_band25_75==0&reg_atr_change_rate_ts_bot80==0&reg_atr_change_rate_ts_top60==1,0.33468449115753174,0.33468449115753174,0.007035375755527418,0.2448098063468933,0.19587654320987655,0.0562553565672529,1.0,1.0,0.5465393794749404,1894,,,-0.004379434522331759,-0.01644148550202704,0.0026020059561575465,0.011173336696608175,,0.6666666666666666,,,,-0.023743281354948482,,,,0.03623904116624627,0.0,7.518482661243926,0.0015294337218864343,0.0015294337218864343,9.41365401920439e-05,0.3345903546173397,3,1,1,4,4,stage_a_context,,long,4-way,True,,production,,,-0.04209417624716849,0.39298765432098764,primary_target,0,rejected,research,"{""checks"": {""n_folds"": {""value"": 3, ""threshold"": 3, ""passed"": true}, ""presence_freq"": {""value"": 1.0, ""threshold"": 0.75, ""passed"": true}, ""directional_mean_ret"": {""value"": 0.33468449115753174, ""threshold"": 0.0, ""passed"": true}, ""hurdle_excess"": {""value"": 0.3345903546173397, ""threshold"": 0.0, ""passed"": true}, ""min_support_actual"": {""value"": 1894, ""threshold"": 50, ""passed"": true}, ""is_structurally_sound"": {""value"": false, ""passed"": false}, ""trade_path_quality_score"": {""value"": 0.0, ""threshold"": 0.0, ""passed"": true}}, ""failures"": [""structural_soundness_fail: ""], ""warnings"": [], ""classification"": ""research""}"
(*)|(loc_dist_ema20_atr_ts_top50==1)|(reg_atr_change_rate_ts_top30==1&reg_atr_change_rate_ts_top80==1),*,loc_dist_ema20_atr_ts_top50==1,reg_atr_change_rate_ts_top30==1&reg_atr_change_rate_ts_top80==1,0.33468449115753174,0.33468449115753174,0.007035375755527418,0.2448098063468933,0.19587654320987655,0.0562553565672529,1.0,1.0,0.5465393794749404,1894,,,-0.004379434522331759,-0.01644148550202704,0.0026020059561575465,0.011173336696608175,,0.6666666666666666,,,,-0.023743281354948482,,,,0.03623904116624627,0.0,7.518482661243926,0.0015294337218864343,0.0015294337218864343,7.321730903825636e-05,0.3346112738484935,3,1,1,3,3,stage_a_context,,long,3-way,True,,production,,,-0.04209417624716849,0.39298765432098764,primary_target,0,rejected,research,"{""checks"": {""n_folds"": {""value"": 3, ""threshold"": 3, ""passed"": true}, ""presence_freq"": {""value"": 1.0, ""threshold"": 0.75, ""passed"": true}, ""directional_mean_ret"": {""value"": 0.33468449115753174, ""threshold"": 0.0, ""passed"": true}, ""hurdle_excess"": {""value"": 0.3346112738484935, ""threshold"": 0.0, ""passed"": true}, ""min_support_actual"": {""value"": 1894, ""threshold"": 50, ""passed"": true}, ""is_structurally_sound"": {""value"": false, ""passed"": false}, ""trade_path_quality_score"": {""value"": 0.0, ""threshold"": 0.0, ""passed"": true}}, ""failures"": [""structural_soundness_fail: ""], ""warnings"": [], ""classification"": ""research""}"
(*)|(loc_dist_ema20_atr_ts_top50==1)|(reg_atr_change_rate_ts_top80==1),*,loc_dist_ema20_atr_ts_top50==1,reg_atr_change_rate_ts_top80==1,0.33468449115753174,0.33468449115753174,0.007035375755527418,0.2448098063468933,0.19587654320987655,0.0562553565672529,1.0,1.0,0.5465393794749404,1894,,,-0.004379434522331759,-0.01644148550202704,0.0026020059561575465,0.011173336696608175,,0.6666666666666666,,,,-0.023743281354948482,,,,0.03623904116624627,0.0,7.518482661243926,0.0015294337218864343,0.0015294337218864343,8.890673240359702e-05,0.33459558442512816,3,1,1,2,2,stage_a_context,,long,2-way,True,,production,,,-0.04209417624716849,0.39298765432098764,primary_target,0,rejected,research,"{""checks"": {""n_folds"": {""value"": 3, ""threshold"": 3, ""passed"": true}, ""presence_freq"": {""value"": 1.0, ""threshold"": 0.75, ""passed"": true}, ""directional_mean_ret"": {""value"": 0.33468449115753174, ""threshold"": 0.0, ""passed"": true}, ""hurdle_excess"": {""value"": 0.33459558442512816, ""threshold"": 0.0, ""passed"": true}, ""min_support_actual"": {""value"": 1894, ""threshold"": 50, ""passed"": true}, ""is_structurally_sound"": {""value"": false, ""passed"": false}, ""trade_path_quality_score"": {""value"": 0.0, ""threshold"": 0.0, ""passed"": true}}, ""failures"": [""structural_soundness_fail: ""], ""warnings"": [], ""classification"": ""research""}"
(*)|(loc_dist_ema20_atr_ts_top60==1&loc_dist_ema20_atr_ts_top80==1)|(reg_atr_change_rate_ts_top30==1),*,loc_dist_ema20_atr_ts_top60==1&loc_dist_ema20_atr_ts_top80==1,reg_atr_change_rate_ts_top30==1,0.33468449115753174,0.33468449115753174,0.007035375755527418,0.2448098063468933,0.19587654320987655,0.0562553565672529,1.0,1.0,0.5465393794749404,1894,,,-0.004379434522331759,-0.01644148550202704,0.0026020059561575465,0.011173336696608175,,0.6666666666666666,,,,-0.023743281354948482,,,,0.03623904116624627,0.0,7.518482661243926,0.0015294337218864343,0.0015294337218864343,7.321730903825636e-05,0.3346112738484935,3,3,3,3,3,stage_a_context,,long,3-way,True,,production,,,-0.04209417624716849,0.39298765432098764,primary_target,0,rejected,research,"{""checks"": {""n_folds"": {""value"": 3, ""threshold"": 3, ""passed"": true}, ""presence_freq"": {""value"": 1.0, ""threshold"": 0.75, ""passed"": true}, ""directional_mean_ret"": {""value"": 0.33468449115753174, ""threshold"": 0.0, ""passed"": true}, ""hurdle_excess"": {""value"": 0.3346112738484935, ""threshold"": 0.0, ""passed"": true}, ""min_support_actual"": {""value"": 1894, ""threshold"": 50, ""passed"": true}, ""is_structurally_sound"": {""value"": false, ""passed"": false}, ""trade_path_quality_score"": {""value"": 0.0, ""threshold"": 0.0, ""passed"": true}}, ""failures"": [""structural_soundness_fail: ""], ""warnings"": [], ""classification"": ""research""}"
(*)|(loc_dist_ema20_atr_ts_top60==1&loc_dist_ema20_atr_ts_top80==1)|(reg_atr_change_rate_ts_top40==1),*,loc_dist_ema20_atr_ts_top60==1&loc_dist_ema20_atr_ts_top80==1,reg_atr_change_rate_ts_top40==1,0.33468449115753174,0.33468449115753174,0.007035375755527418,0.2448098063468933,0.19587654320987655,0.0562553565672529,1.0,1.0,0.5465393794749404,1894,,,-0.004379434522331759,-0.01644148550202704,0.0026020059561575465,0.011173336696608175,,0.6666666666666666,,,,-0.023743281354948482,,,,0.03623904116624627,0.0,7.518482661243926,0.0015294337218864343,0.0015294337218864343,7.321730903825636e-05,0.3346112738484935,3,1,1,3,3,stage_a_context,,long,3-way,True,,production,,,-0.04209417624716849,0.39298765432098764,primary_target,0,rejected,research,"{""checks"": {""n_folds"": {""value"": 3, ""threshold"": 3, ""passed"": true}, ""presence_freq"": {""value"": 1.0, ""threshold"": 0.75, ""passed"": true}, ""directional_mean_ret"": {""value"": 0.33468449115753174, ""threshold"": 0.0, ""passed"": true}, ""hurdle_excess"": {""value"": 0.3346112738484935, ""threshold"": 0.0, ""passed"": true}, ""min_support_actual"": {""value"": 1894, ""threshold"": 50, ""passed"": true}, ""is_structurally_sound"": {""value"": false, ""passed"": false}, ""trade_path_quality_score"": {""value"": 0.0, ""threshold"": 0.0, ""passed"": true}}, ""failures"": [""structural_soundness_fail: ""], ""warnings"": [], ""classification"": ""research""}"
(*)|(loc_dist_ema20_atr_ts_top60==1)|(reg_atr_change_rate_ts_band25_75==0&reg_atr_change_rate_ts_top40==1&reg_atr_change_rate_ts_top80==1),*,loc_dist_ema20_atr_ts_top60==1,reg_atr_change_rate_ts_band25_75==0&reg_atr_change_rate_ts_top40==1&reg_atr_change_rate_ts_top80==1,0.33468449115753174,0.33468449115753174,0.007035375755527418,0.2448098063468933,0.19587654320987655,0.0562553565672529,1.0,1.0,0.5465393794749404,1894,,,-0.004379434522331759,-0.01644148550202704,0.0026020059561575465,0.011173336696608175,,0.6666666666666666,,,,-0.023743281354948482,,,,0.03623904116624627,0.0,7.518482661243926,0.0015294337218864343,0.0015294337218864343,9.41365401920439e-05,0.3345903546173397,3,1,1,4,4,stage_a_context,,long,4-way,True,,production,,,-0.04209417624716849,0.39298765432098764,primary_target,0,rejected,research,"{""checks"": {""n_folds"": {""value"": 3, ""threshold"": 3, ""passed"": true}, ""presence_freq"": {""value"": 1.0, ""threshold"": 0.75, ""passed"": true}, ""directional_mean_ret"": {""value"": 0.33468449115753174, ""threshold"": 0.0, ""passed"": true}, ""hurdle_excess"": {""value"": 0.3345903546173397, ""threshold"": 0.0, ""passed"": true}, ""min_support_actual"": {""value"": 1894, ""threshold"": 50, ""passed"": true}, ""is_structurally_sound"": {""value"": false, ""passed"": false}, ""trade_path_quality_score"": {""value"": 0.0, ""threshold"": 0.0, ""passed"": true}}, ""failures"": [""structural_soundness_fail: ""], ""warnings"": [], ""classification"": ""research""}"
(*)|(loc_dist_ema20_atr_ts_top60==1)|(reg_atr_change_rate_ts_band25_75==0&reg_atr_change_rate_ts_top80==1),*,loc_dist_ema20_atr_ts_top60==1,reg_atr_change_rate_ts_band25_75==0&reg_atr_change_rate_ts_top80==1,0.33468449115753174,0.33468449115753174,0.007035375755527418,0.2448098063468933,0.19587654320987655,0.0562553565672529,1.0,1.0,0.5465393794749404,1894,,,-0.004379434522331759,-0.01644148550202704,0.0026020059561575465,0.011173336696608175,,0.6666666666666666,,,,-0.023743281354948482,,,,0.03623904116624627,0.0,7.518482661243926,0.0015294337218864343,0.0015294337218864343,7.321730903825636e-05,0.3346112738484935,3,1,1,3,3,stage_a_context,,long,3-way,True,,production,,,-0.04209417624716849,0.39298765432098764,primary_target,0,rejected,research,"{""checks"": {""n_folds"": {""value"": 3, ""threshold"": 3, ""passed"": true}, ""presence_freq"": {""value"": 1.0, ""threshold"": 0.75, ""passed"": true}, ""directional_mean_ret"": {""value"": 0.33468449115753174, ""threshold"": 0.0, ""passed"": true}, ""hurdle_excess"": {""value"": 0.3346112738484935, ""threshold"": 0.0, ""passed"": true}, ""min_support_actual"": {""value"": 1894, ""threshold"": 50, ""passed"": true}, ""is_structurally_sound"": {""value"": false, ""passed"": false}, ""trade_path_quality_score"": {""value"": 0.0, ""threshold"": 0.0, ""passed"": true}}, ""failures"": [""structural_soundness_fail: ""], ""warnings"": [], ""classification"": ""research""}"
(*)|(loc_dist_ema20_atr_ts_top60==1)|(reg_atr_change_rate_ts_top20==1&reg_atr_change_rate_ts_top80==1),*,loc_dist_ema20_atr_ts_top60==1,reg_atr_change_rate_ts_top20==1&reg_atr_change_rate_ts_top80==1,0.33468449115753174,0.33468449115753174,0.007035375755527418,0.2448098063468933,0.19587654320987655,0.0562553565672529,1.0,1.0,0.5465393794749404,1894,,,-0.004379434522331759,-0.01644148550202704,0.0026020059561575465,0.011173336696608175,,0.6666666666666666,,,,-0.023743281354948482,,,,0.03623904116624627,0.0,7.518482661243926,0.0015294337218864343,0.0015294337218864343,7.321730903825636e-05,0.3346112738484935,3,1,1,3,3,stage_a_context,,long,3-way,True,,production,,,-0.04209417624716849,0.39298765432098764,primary_target,0,rejected,research,"{""checks"": {""n_folds"": {""value"": 3, ""threshold"": 3, ""passed"": true}, ""presence_freq"": {""value"": 1.0, ""threshold"": 0.75, ""passed"": true}, ""directional_mean_ret"": {""value"": 0.33468449115753174, ""threshold"": 0.0, ""passed"": true}, ""hurdle_excess"": {""value"": 0.3346112738484935, ""threshold"": 0.0, ""passed"": true}, ""min_support_actual"": {""value"": 1894, ""threshold"": 50, ""passed"": true}, ""is_structurally_sound"": {""value"": false, ""passed"": false}, ""trade_path_quality_score"": {""value"": 0.0, ""threshold"": 0.0, ""passed"": true}}, ""failures"": [""structural_soundness_fail: ""], ""warnings"": [], ""classification"": ""research""}"
(*)|(loc_dist_ema20_atr_ts_top60==1)|(reg_atr_change_rate_ts_top40==1&reg_atr_change_rate_ts_top70==1&reg_atr_change_rate_ts_top80==1),*,loc_dist_ema20_atr_ts_top60==1,reg_atr_change_rate_ts_top40==1&reg_atr_change_rate_ts_top70==1&reg_atr_change_rate_ts_top80==1,0.33468449115753174,0.33468449115753174,0.007035375755527418,0.2448098063468933,0.19587654320987655,0.0562553565672529,1.0,1.0,0.5465393794749404,1894,,,-0.004379434522331759,-0.01644148550202704,0.0026020059561575465,0.011173336696608175,,0.6666666666666666,,,,-0.023743281354948482,,,,0.03623904116624627,0.0,7.518482661243926,0.0015294337218864343,0.0015294337218864343,9.41365401920439e-05,0.3345903546173397,3,1,1,4,4,stage_a_context,,long,4-way,True,,production,,,-0.04209417624716849,0.39298765432098764,primary_target,0,rejected,research,"{""checks"": {""n_folds"": {""value"": 3, ""threshold"": 3, ""passed"": true}, ""presence_freq"": {""value"": 1.0, ""threshold"": 0.75, ""passed"": true}, ""directional_mean_ret"": {""value"": 0.33468449115753174, ""threshold"": 0.0, ""passed"": true}, ""hurdle_excess"": {""value"": 0.3345903546173397, ""threshold"": 0.0, ""passed"": true}, ""min_support_actual"": {""value"": 1894, ""threshold"": 50, ""passed"": true}, ""is_structurally_sound"": {""value"": false, ""passed"": false}, ""trade_path_quality_score"": {""value"": 0.0, ""threshold"": 0.0, ""passed"": true}}, ""failures"": [""structural_soundness_fail: ""], ""warnings"": [], ""classification"": ""research""}"
(*)|(loc_dist_ema20_atr_ts_top70==1&loc_dist_ema20_atr_ts_top80==1)|(reg_atr_change_rate_ts_top30==1&reg_atr_change_rate_ts_top60==1),*,loc_dist_ema20_atr_ts_top70==1&loc_dist_ema20_atr_ts_top80==1,reg_atr_change_rate_ts_top30==1&reg_atr_change_rate_ts_top60==1,0.33468449115753174,0.33468449115753174,0.007035375755527418,0.2448098063468933,0.19587654320987655,0.0562553565672529,1.0,1.0,0.5465393794749404,1894,,,-0.004379434522331759,-0.01644148550202704,0.0026020059561575465,0.011173336696608175,,0.6666666666666666,,,,-0.023743281354948482,,,,0.03623904116624627,0.0,7.518482661243926,0.0015294337218864343,0.0015294337218864343,9.41365401920439e-05,0.3345903546173397,3,1,1,4,4,stage_a_context,,long,4-way,True,,production,,,-0.04209417624716849,0.39298765432098764,primary_target,0,rejected,research,"{""checks"": {""n_folds"": {""value"": 3, ""threshold"": 3, ""passed"": true}, ""presence_freq"": {""value"": 1.0, ""threshold"": 0.75, ""passed"": true}, ""directional_mean_ret"": {""value"": 0.33468449115753174, ""threshold"": 0.0, ""passed"": true}, ""hurdle_excess"": {""value"": 0.3345903546173397, ""threshold"": 0.0, ""passed"": true}, ""min_support_actual"": {""value"": 1894, ""threshold"": 50, ""passed"": true}, ""is_structurally_sound"": {""value"": false, ""passed"": false}, ""trade_path_quality_score"": {""value"": 0.0, ""threshold"": 0.0, ""passed"": true}}, ""failures"": [""structural_soundness_fail: ""], ""warnings"": [], ""classification"": ""research""}"
(*)|(loc_dist_ema20_atr_ts_top70==1&loc_dist_ema20_atr_ts_top80==1)|(reg_atr_change_rate_ts_top40==1),*,loc_dist_ema20_atr_ts_top70==1&loc_dist_ema20_atr_ts_top80==1,reg_atr_change_rate_ts_top40==1,0.33468449115753174,0.33468449115753174,0.007035375755527418,0.2448098063468933,0.19587654320987655,0.0562553565672529,1.0,1.0,0.5465393794749404,1894,,,-0.004379434522331759,-0.01644148550202704,0.0026020059561575465,0.011173336696608175,,0.6666666666666666,,,,-0.023743281354948482,,,,0.03623904116624627,0.0,7.518482661243926,0.0015294337218864343,0.0015294337218864343,7.321730903825636e-05,0.3346112738484935,3,1,1,3,3,stage_a_context,,long,3-way,True,,production,,,-0.04209417624716849,0.39298765432098764,primary_target,0,rejected,research,"{""checks"": {""n_folds"": {""value"": 3, ""threshold"": 3, ""passed"": true}, ""presence_freq"": {""value"": 1.0, ""threshold"": 0.75, ""passed"": true}, ""directional_mean_ret"": {""value"": 0.33468449115753174, ""threshold"": 0.0, ""passed"": true}, ""hurdle_excess"": {""value"": 0.3346112738484935, ""threshold"": 0.0, ""passed"": true}, ""min_support_actual"": {""value"": 1894, ""threshold"": 50, ""passed"": true}, ""is_structurally_sound"": {""value"": false, ""passed"": false}, ""trade_path_quality_score"": {""value"": 0.0, ""threshold"": 0.0, ""passed"": true}}, ""failures"": [""structural_soundness_fail: ""], ""warnings"": [], ""classification"": ""research""}"
(*)|(loc_dist_ema20_atr_ts_top70==1)|(reg_atr_change_rate_ts_bot80==0&reg_atr_change_rate_ts_top30==1),*,loc_dist_ema20_atr_ts_top70==1,reg_atr_change_rate_ts_bot80==0&reg_atr_change_rate_ts_top30==1,0.33468449115753174,0.33468449115753174,0.007035375755527418,0.2448098063468933,0.19587654320987655,0.0562553565672529,1.0,1.0,0.5465393794749404,1894,,,-0.004379434522331759,-0.01644148550202704,0.0026020059561575465,0.011173336696608175,,0.6666666666666666,,,,-0.023743281354948482,,,,0.03623904116624627,0.0,7.518482661243926,0.0015294337218864343,0.0015294337218864343,7.321730903825636e-05,0.3346112738484935,3,1,1,3,3,stage_a_context,,long,3-way,True,,production,,,-0.04209417624716849,0.39298765432098764,primary_target,0,rejected,research,"{""checks"": {""n_folds"": {""value"": 3, ""threshold"": 3, ""passed"": true}, ""presence_freq"": {""value"": 1.0, ""threshold"": 0.75, ""passed"": true}, ""directional_mean_ret"": {""value"": 0.33468449115753174, ""threshold"": 0.0, ""passed"": true}, ""hurdle_excess"": {""value"": 0.3346112738484935, ""threshold"": 0.0, ""passed"": true}, ""min_support_actual"": {""value"": 1894, ""threshold"": 50, ""passed"": true}, ""is_structurally_sound"": {""value"": false, ""passed"": false}, ""trade_path_quality_score"": {""value"": 0.0, ""threshold"": 0.0, ""passed"": true}}, ""failures"": [""structural_soundness_fail: ""], ""warnings"": [], ""classification"": ""research""}"
(*)|(loc_dist_ema20_atr_ts_top70==1)|(reg_atr_change_rate_ts_top30==1&reg_atr_change_rate_ts_top80==1),*,loc_dist_ema20_atr_ts_top70==1,reg_atr_change_rate_ts_top30==1&reg_atr_change_rate_ts_top80==1,0.33468449115753174,0.33468449115753174,0.007035375755527418,0.2448098063468933,0.19587654320987655,0.0562553565672529,1.0,1.0,0.5465393794749404,1894,,,-0.004379434522331759,-0.01644148550202704,0.0026020059561575465,0.011173336696608175,,0.6666666666666666,,,,-0.023743281354948482,,,,0.03623904116624627,0.0,7.518482661243926,0.0015294337218864343,0.0015294337218864343,7.321730903825636e-05,0.3346112738484935,3,1,1,3,3,stage_a_context,,long,3-way,True,,production,,,-0.04209417624716849,0.39298765432098764,primary_target,0,rejected,research,"{""checks"": {""n_folds"": {""value"": 3, ""threshold"": 3, ""passed"": true}, ""presence_freq"": {""value"": 1.0, ""threshold"": 0.75, ""passed"": true}, ""directional_mean_ret"": {""value"": 0.33468449115753174, ""threshold"": 0.0, ""passed"": true}, ""hurdle_excess"": {""value"": 0.3346112738484935, ""threshold"": 0.0, ""passed"": true}, ""min_support_actual"": {""value"": 1894, ""threshold"": 50, ""passed"": true}, ""is_structurally_sound"": {""value"": false, ""passed"": false}, ""trade_path_quality_score"": {""value"": 0.0, ""threshold"": 0.0, ""passed"": true}}, ""failures"": [""structural_soundness_fail: ""], ""warnings"": [], ""classification"": ""research""}"
(*)|(loc_dist_ema20_atr_ts_top70==1)|(reg_atr_change_rate_ts_top60==1&reg_atr_change_rate_ts_top80==1),*,loc_dist_ema20_atr_ts_top70==1,reg_atr_change_rate_ts_top60==1&reg_atr_change_rate_ts_top80==1,0.33468449115753174,0.33468449115753174,0.007035375755527418,0.2448098063468933,0.19587654320987655,0.0562553565672529,1.0,1.0,0.5465393794749404,1894,,,-0.004379434522331759,-0.01644148550202704,0.0026020059561575465,0.011173336696608175,,0.6666666666666666,,,,-0.023743281354948482,,,,0.03623904116624627,0.0,7.518482661243926,0.0015294337218864343,0.0015294337218864343,7.321730903825636e-05,0.3346112738484935,3,1,1,3,3,stage_a_context,,long,3-way,True,,production,,,-0.04209417624716849,0.39298765432098764,primary_target,0,rejected,research,"{""checks"": {""n_folds"": {""value"": 3, ""threshold"": 3, ""passed"": true}, ""presence_freq"": {""value"": 1.0, ""threshold"": 0.75, ""passed"": true}, ""directional_mean_ret"": {""value"": 0.33468449115753174, ""threshold"": 0.0, ""passed"": true}, ""hurdle_excess"": {""value"": 0.3346112738484935, ""threshold"": 0.0, ""passed"": true}, ""min_support_actual"": {""value"": 1894, ""threshold"": 50, ""passed"": true}, ""is_structurally_sound"": {""value"": false, ""passed"": false}, ""trade_path_quality_score"": {""value"": 0.0, ""threshold"": 0.0, ""passed"": true}}, ""failures"": [""structural_soundness_fail: ""], ""warnings"": [], ""classification"": ""research""}"
(*)|(loc_dist_ema20_atr_ts_top80==1)|(reg_atr_change_rate_ts_band25_75==0&reg_atr_change_rate_ts_top20==1&reg_atr_change_rate_ts_top60==1),*,loc_dist_ema20_atr_ts_top80==1,reg_atr_change_rate_ts_band25_75==0&reg_atr_change_rate_ts_top20==1&reg_atr_change_rate_ts_top60==1,0.33468449115753174,0.33468449115753174,0.007035375755527418,0.2448098063468933,0.19587654320987655,0.0562553565672529,1.0,1.0,0.5465393794749404,1894,,,-0.004379434522331759,-0.01644148550202704,0.0026020059561575465,0.011173336696608175,,0.6666666666666666,,,,-0.023743281354948482,,,,0.03623904116624627,0.0,7.518482661243926,0.0015294337218864343,0.0015294337218864343,9.41365401920439e-05,0.3345903546173397,3,1,1,4,4,stage_a_context,,long,4-way,True,,production,,,-0.04209417624716849,0.39298765432098764,primary_target,0,rejected,research,"{""checks"": {""n_folds"": {""value"": 3, ""threshold"": 3, ""passed"": true}, ""presence_freq"": {""value"": 1.0, ""threshold"": 0.75, ""passed"": true}, ""directional_mean_ret"": {""value"": 0.33468449115753174, ""threshold"": 0.0, ""passed"": true}, ""hurdle_excess"": {""value"": 0.3345903546173397, ""threshold"": 0.0, ""passed"": true}, ""min_support_actual"": {""value"": 1894, ""threshold"": 50, ""passed"": true}, ""is_structurally_sound"": {""value"": false, ""passed"": false}, ""trade_path_quality_score"": {""value"": 0.0, ""threshold"": 0.0, ""passed"": true}}, ""failures"": [""structural_soundness_fail: ""], ""warnings"": [], ""classification"": ""research""}"
(*)|(loc_dist_ema20_atr_ts_top80==1)|(reg_atr_change_rate_ts_top30==1),*,loc_dist_ema20_atr_ts_top80==1,reg_atr_change_rate_ts_top30==1,0.33468449115753174,0.33468449115753174,0.007035375755527418,0.2448098063468933,0.19587654320987655,0.0562553565672529,1.0,1.0,0.5465393794749404,1894,,,-0.004379434522331759,-0.01644148550202704,0.0026020059561575465,0.011173336696608175,,0.6666666666666666,,,,-0.023743281354948482,,,,0.03623904116624627,0.0,7.518482661243926,0.0015294337218864343,0.0015294337218864343,8.890673240359702e-05,0.33459558442512816,3,2,2,2,2,stage_a_context,,long,2-way,True,,production,,,-0.04209417624716849,0.39298765432098764,primary_target,0,rejected,research,"{""checks"": {""n_folds"": {""value"": 3, ""threshold"": 3, ""passed"": true}, ""presence_freq"": {""value"": 1.0, ""threshold"": 0.75, ""passed"": true}, ""directional_mean_ret"": {""value"": 0.33468449115753174, ""threshold"": 0.0, ""passed"": true}, ""hurdle_excess"": {""value"": 0.33459558442512816, ""threshold"": 0.0, ""passed"": true}, ""min_support_actual"": {""value"": 1894, ""threshold"": 50, ""passed"": true}, ""is_structurally_sound"": {""value"": false, ""passed"": false}, ""trade_path_quality_score"": {""value"": 0.0, ""threshold"": 0.0, ""passed"": true}}, ""failures"": [""structural_soundness_fail: ""], ""warnings"": [], ""classification"": ""research""}"
(*)|(loc_dist_ema20_atr_ts_top80==1)|(reg_atr_change_rate_ts_top40==1&reg_atr_change_rate_ts_top60==1),*,loc_dist_ema20_atr_ts_top80==1,reg_atr_change_rate_ts_top40==1&reg_atr_change_rate_ts_top60==1,0.33468449115753174,0.33468449115753174,0.007035375755527418,0.2448098063468933,0.19587654320987655,0.0562553565672529,1.0,1.0,0.5465393794749404,1894,,,-0.004379434522331759,-0.01644148550202704,0.0026020059561575465,0.011173336696608175,,0.6666666666666666,,,,-0.023743281354948482,,,,0.03623904116624627,0.0,7.518482661243926,0.0015294337218864343,0.0015294337218864343,7.321730903825636e-05,0.3346112738484935,3,1,1,3,3,stage_a_context,,long,3-way,True,,production,,,-0.04209417624716849,0.39298765432098764,primary_target,0,rejected,research,"{""checks"": {""n_folds"": {""value"": 3, ""threshold"": 3, ""passed"": true}, ""presence_freq"": {""value"": 1.0, ""threshold"": 0.75, ""passed"": true}, ""directional_mean_ret"": {""value"": 0.33468449115753174, ""threshold"": 0.0, ""passed"": true}, ""hurdle_excess"": {""value"": 0.3346112738484935, ""threshold"": 0.0, ""passed"": true}, ""min_support_actual"": {""value"": 1894, ""threshold"": 50, ""passed"": true}, ""is_structurally_sound"": {""value"": false, ""passed"": false}, ""trade_path_quality_score"": {""value"": 0.0, ""threshold"": 0.0, ""passed"": true}}, ""failures"": [""structural_soundness_fail: ""], ""warnings"": [], ""classification"": ""research""}"
(*)|(loc_dist_ema20_atr_ts_top80==1)|(reg_atr_change_rate_ts_top60==1),*,loc_dist_ema20_atr_ts_top80==1,reg_atr_change_rate_ts_top60==1,0.33468449115753174,0.33468449115753174,0.007035375755527418,0.2448098063468933,0.19587654320987655,0.0562553565672529,1.0,1.0,0.5465393794749404,1894,,,-0.004379434522331759,-0.01644148550202704,0.0026020059561575465,0.011173336696608175,,0.6666666666666666,,,,-0.023743281354948482,,,,0.03623904116624627,0.0,7.518482661243926,0.0015294337218864343,0.0015294337218864343,8.890673240359702e-05,0.33459558442512816,3,1,1,2,2,stage_a_context,,long,2-way,True,,production,,,-0.04209417624716849,0.39298765432098764,primary_target,0,rejected,research,"{""checks"": {""n_folds"": {""value"": 3, ""threshold"": 3, ""passed"": true}, ""presence_freq"": {""value"": 1.0, ""threshold"": 0.75, ""passed"": true}, ""directional_mean_ret"": {""value"": 0.33468449115753174, ""threshold"": 0.0, ""passed"": true}, ""hurdle_excess"": {""value"": 0.33459558442512816, ""threshold"": 0.0, ""passed"": true}, ""min_support_actual"": {""value"": 1894, ""threshold"": 50, ""passed"": true}, ""is_structurally_sound"": {""value"": false, ""passed"": false}, ""trade_path_quality_score"": {""value"": 0.0, ""threshold"": 0.0, ""passed"": true}}, ""failures"": [""structural_soundness_fail: ""], ""warnings"": [], ""classification"": ""research""}"
(*)|(*)|(reg_atr_change_rate_ts_band25_75==0&reg_atr_change_rate_ts_top30==0&reg_atr_change_rate_ts_top40==0&reg_ema20_gt_ema50_raw==1),*,*,reg_atr_change_rate_ts_band25_75==0&reg_atr_change_rate_ts_top30==0&reg_atr_change_rate_ts_top40==0&reg_ema20_gt_ema50_raw==1,0.3371821939945221,0.3371821939945221,0.0135401354367148,0.26383425792058307,0.21720987654320986,0.05361521303170109,1.0,1.0,0.5167930660888408,1913,,,0.007808169875919618,-0.0013389313328743043,0.006706865492123014,0.01640461889281524,,0.6666666666666666,0.012353615408448542,5.31395875203127,1.0,-0.1591772805245439,0.0028392260493480246,8.848813634879074,0.10308969436573445,0.034026092450166655,0.0,7.67361303571901,0.0013956196577432332,0.0013956196577432332,9.618216982167352e-05,0.33708601182470044,3,1,1,4,4,stage_a_context,,long,4-way,True,,production,0.012353615408448542,0.0028392260493480246,0.03706611427754517,0.22232098765432112,primary_target,0,rejected,research,"{""checks"": {""n_folds"": {""value"": 3, ""threshold"": 3, ""passed"": true}, ""presence_freq"": {""value"": 1.0, ""threshold"": 0.75, ""passed"": true}, ""directional_mean_ret"": {""value"": 0.3371821939945221, ""threshold"": 0.0, ""passed"": true}, ""hurdle_excess"": {""value"": 0.33708601182470044, ""threshold"": 0.0, ""passed"": true}, ""min_support_actual"": {""value"": 1913, ""threshold"": 50, ""passed"": true}, ""is_structurally_sound"": {""value"": false, ""passed"": false}, ""trade_path_quality_score"": {""value"": 0.0, ""threshold"": 0.0, ""passed"": true}}, ""failures"": [""structural_soundness_fail: ""], ""warnings"": [], ""classification"": ""research""}"
(*)|(*)|(reg_atr_change_rate_ts_band25_75==0&reg_atr_change_rate_ts_top30==0&reg_ema20_gt_ema50_raw==1),*,*,reg_atr_change_rate_ts_band25_75==0&reg_atr_change_rate_ts_top30==0&reg_ema20_gt_ema50_raw==1,0.3371821939945221,0.3371821939945221,0.0135401354367148,0.26383425792058307,0.21720987654320986,0.05361521303170109,1.0,1.0,0.5167930660888408,1913,,,0.007808169875919618,-0.0013389313328743043,0.006706865492123014,0.01640461889281524,,0.6666666666666666,0.012353615408448542,5.31395875203127,1.0,-0.1591772805245439,0.0028392260493480246,8.848813634879074,0.10308969436573445,0.034026092450166655,0.0,7.67361303571901,0.0013956196577432332,0.0013956196577432332,7.480835430574606e-05,0.33710738564021636,3,2,2,3,3,stage_a_context,,long,3-way,True,,production,0.012353615408448542,0.0028392260493480246,0.03706611427754517,0.22232098765432112,primary_target,0,rejected,research,"{""checks"": {""n_folds"": {""value"": 3, ""threshold"": 3, ""passed"": true}, ""presence_freq"": {""value"": 1.0, ""threshold"": 0.75, ""passed"": true}, ""directional_mean_ret"": {""value"": 0.3371821939945221, ""threshold"": 0.0, ""passed"": true}, ""hurdle_excess"": {""value"": 0.33710738564021636, ""threshold"": 0.0, ""passed"": true}, ""min_support_actual"": {""value"": 1913, ""threshold"": 50, ""passed"": true}, ""is_structurally_sound"": {""value"": false, ""passed"": false}, ""trade_path_quality_score"": {""value"": 0.0, ""threshold"": 0.0, ""passed"": true}}, ""failures"": [""structural_soundness_fail: ""], ""warnings"": [], ""classification"": ""research""}"
(*)|(*)|(reg_atr_change_rate_ts_band25_75==0&reg_atr_change_rate_ts_top30==0&reg_ema50_gt_ema200_raw==1),*,*,reg_atr_change_rate_ts_band25_75==0&reg_atr_change_rate_ts_top30==0&reg_ema50_gt_ema200_raw==1,0.3371821939945221,0.3371821939945221,0.0135401354367148,0.26383425792058307,0.21720987654320986,0.05361521303170109,1.0,1.0,0.5167930660888408,1913,,,0.007808169875919618,-0.0013389313328743043,0.006706865492123014,0.01640461889281524,,0.6666666666666666,0.012353615408448542,5.31395875203127,1.0,-0.1591772805245439,0.0028392260493480246,8.848813634879074,0.10308969436573445,0.034026092450166655,0.0,7.67361303571901,0.0013956196577432332,0.0013956196577432332,7.480835430574606e-05,0.33710738564021636,3,2,2,3,3,stage_a_context,,long,3-way,True,,production,0.012353615408448542,0.0028392260493480246,0.03706611427754517,0.22232098765432112,primary_target,0,rejected,research,"{""checks"": {""n_folds"": {""value"": 3, ""threshold"": 3, ""passed"": true}, ""presence_freq"": {""value"": 1.0, ""threshold"": 0.75, ""passed"": true}, ""directional_mean_ret"": {""value"": 0.3371821939945221, ""threshold"": 0.0, ""passed"": true}, ""hurdle_excess"": {""value"": 0.33710738564021636, ""threshold"": 0.0, ""passed"": true}, ""min_support_actual"": {""value"": 1913, ""threshold"": 50, ""passed"": true}, ""is_structurally_sound"": {""value"": false, ""passed"": false}, ""trade_path_quality_score"": {""value"": 0.0, ""threshold"": 0.0, ""passed"": true}}, ""failures"": [""structural_soundness_fail: ""], ""warnings"": [], ""classification"": ""research""}"
(*)|(*)|(reg_atr_change_rate_ts_band25_75==0&reg_atr_change_rate_ts_top40==0&reg_ema20_gt_ema50_raw==1),*,*,reg_atr_change_rate_ts_band25_75==0&reg_atr_change_rate_ts_top40==0&reg_ema20_gt_ema50_raw==1,0.3371821939945221,0.3371821939945221,0.0135401354367148,0.26383425792058307,0.21720987654320986,0.05361521303170109,1.0,1.0,0.5167930660888408,1913,,,0.007808169875919618,-0.0013389313328743043,0.006706865492123014,0.01640461889281524,,0.6666666666666666,0.012353615408448542,5.31395875203127,1.0,-0.1591772805245439,0.0028392260493480246,8.848813634879074,0.10308969436573445,0.034026092450166655,0.0,7.67361303571901,0.0013956196577432332,0.0013956196577432332,7.480835430574606e-05,0.33710738564021636,3,4,4,3,3,stage_a_context,,long,3-way,True,,production,0.012353615408448542,0.0028392260493480246,0.03706611427754517,0.22232098765432112,primary_target,0,rejected,research,"{""checks"": {""n_folds"": {""value"": 3, ""threshold"": 3, ""passed"": true}, ""presence_freq"": {""value"": 1.0, ""threshold"": 0.75, ""passed"": true}, ""directional_mean_ret"": {""value"": 0.3371821939945221, ""threshold"": 0.0, ""passed"": true}, ""hurdle_excess"": {""value"": 0.33710738564021636, ""threshold"": 0.0, ""passed"": true}, ""min_support_actual"": {""value"": 1913, ""threshold"": 50, ""passed"": true}, ""is_structurally_sound"": {""value"": false, ""passed"": false}, ""trade_path_quality_score"": {""value"": 0.0, ""threshold"": 0.0, ""passed"": true}}, ""failures"": [""structural_soundness_fail: ""], ""warnings"": [], ""classification"": ""research""}"
(*)|(*)|(reg_atr_change_rate_ts_band25_75==0&reg_atr_change_rate_ts_top40==0&reg_ema50_gt_ema200_raw==1),*,*,reg_atr_change_rate_ts_band25_75==0&reg_atr_change_rate_ts_top40==0&reg_ema50_gt_ema200_raw==1,0.3371821939945221,0.3371821939945221,0.0135401354367148,0.26383425792058307,0.21720987654320986,0.05361521303170109,1.0,1.0,0.5167930660888408,1913,,,0.007808169875919618,-0.0013389313328743043,0.006706865492123014,0.01640461889281524,,0.6666666666666666,0.012353615408448542,5.31395875203127,1.0,-0.1591772805245439,0.0028392260493480246,8.848813634879074,0.10308969436573445,0.034026092450166655,0.0,7.67361303571901,0.0013956196577432332,0.0013956196577432332,7.480835430574606e-05,0.33710738564021636,3,1,1,3,3,stage_a_context,,long,3-way,True,,production,0.012353615408448542,0.0028392260493480246,0.03706611427754517,0.22232098765432112,primary_target,0,rejected,research,"{""checks"": {""n_folds"": {""value"": 3, ""threshold"": 3, ""passed"": true}, ""presence_freq"": {""value"": 1.0, ""threshold"": 0.75, ""passed"": true}, ""directional_mean_ret"": {""value"": 0.3371821939945221, ""threshold"": 0.0, ""passed"": true}, ""hurdle_excess"": {""value"": 0.33710738564021636, ""threshold"": 0.0, ""passed"": true}, ""min_support_actual"": {""value"": 1913, ""threshold"": 50, ""passed"": true}, ""is_structurally_sound"": {""value"": false, ""passed"": false}, ""trade_path_quality_score"": {""value"": 0.0, ""threshold"": 0.0, ""passed"": true}}, ""failures"": [""structural_soundness_fail: ""], ""warnings"": [], ""classification"": ""research""}"
(*)|(*)|(reg_atr_change_rate_ts_band25_75==0&reg_atr_change_rate_ts_top50==0&reg_price_lt_ema200_raw==1),*,*,reg_atr_change_rate_ts_band25_75==0&reg_atr_change_rate_ts_top50==0&reg_price_lt_ema200_raw==1,0.3371821939945221,0.3371821939945221,0.0135401354367148,0.26383425792058307,0.21720987654320986,0.05361521303170109,1.0,1.0,0.5167930660888408,1913,,,0.007808169875919618,-0.0013389313328743043,0.006706865492123014,0.01640461889281524,,0.6666666666666666,0.012353615408448542,5.31395875203127,1.0,-0.1591772805245439,0.0028392260493480246,8.848813634879074,0.10308969436573445,0.034026092450166655,0.0,7.67361303571901,0.0013956196577432332,0.0013956196577432332,7.480835430574606e-05,0.33710738564021636,3,1,1,3,3,stage_a_context,,long,3-way,True,,production,0.012353615408448542,0.0028392260493480246,0.03706611427754517,0.22232098765432112,primary_target,0,rejected,research,"{""checks"": {""n_folds"": {""value"": 3, ""threshold"": 3, ""passed"": true}, ""presence_freq"": {""value"": 1.0, ""threshold"": 0.75, ""passed"": true}, ""directional_mean_ret"": {""value"": 0.3371821939945221, ""threshold"": 0.0, ""passed"": true}, ""hurdle_excess"": {""value"": 0.33710738564021636, ""threshold"": 0.0, ""passed"": true}, ""min_support_actual"": {""value"": 1913, ""threshold"": 50, ""passed"": true}, ""is_structurally_sound"": {""value"": false, ""passed"": false}, ""trade_path_quality_score"": {""value"": 0.0, ""threshold"": 0.0, ""passed"": true}}, ""failures"": [""structural_soundness_fail: ""], ""warnings"": [], ""classification"": ""research""}"
(*)|(loc_dist_ema20_atr_ts_band25_75==0)|(reg_atr_change_rate_ts_top30==0&reg_ema20_gt_ema50_raw==1),*,loc_dist_ema20_atr_ts_band25_75==0,reg_atr_change_rate_ts_top30==0&reg_ema20_gt_ema50_raw==1,0.3371821939945221,0.3371821939945221,0.0135401354367148,0.26383425792058307,0.21720987654320986,0.05361521303170109,1.0,1.0,0.5167930660888408,1913,,,0.007808169875919618,-0.0013389313328743043,0.006706865492123014,0.01640461889281524,,0.6666666666666666,0.012353615408448542,5.31395875203127,1.0,-0.1591772805245439,0.0028392260493480246,8.848813634879074,0.10308969436573445,0.034026092450166655,0.0,7.67361303571901,0.0013956196577432332,0.0013956196577432332,7.480835430574606e-05,0.33710738564021636,3,2,2,3,3,stage_a_context,,long,3-way,True,,production,0.012353615408448542,0.0028392260493480246,0.03706611427754517,0.22232098765432112,primary_target,0,rejected,research,"{""checks"": {""n_folds"": {""value"": 3, ""threshold"": 3, ""passed"": true}, ""presence_freq"": {""value"": 1.0, ""threshold"": 0.75, ""passed"": true}, ""directional_mean_ret"": {""value"": 0.3371821939945221, ""threshold"": 0.0, ""passed"": true}, ""hurdle_excess"": {""value"": 0.33710738564021636, ""threshold"": 0.0, ""passed"": true}, ""min_support_actual"": {""value"": 1913, ""threshold"": 50, ""passed"": true}, ""is_structurally_sound"": {""value"": false, ""passed"": false}, ""trade_path_quality_score"": {""value"": 0.0, ""threshold"": 0.0, ""passed"": true}}, ""failures"": [""structural_soundness_fail: ""], ""warnings"": [], ""classification"": ""research""}"
(*)|(loc_dist_ema20_atr_ts_band25_75==0)|(reg_atr_change_rate_ts_top40==0&reg_ema20_gt_ema50_raw==1),*,loc_dist_ema20_atr_ts_band25_75==0,reg_atr_change_rate_ts_top40==0&reg_ema20_gt_ema50_raw==1,0.3371821939945221,0.3371821939945221,0.0135401354367148,0.26383425792058307,0.21720987654320986,0.05361521303170109,1.0,1.0,0.5167930660888408,1913,,,0.007808169875919618,-0.0013389313328743043,0.006706865492123014,0.01640461889281524,,0.6666666666666666,0.012353615408448542,5.31395875203127,1.0,-0.1591772805245439,0.0028392260493480246,8.848813634879074,0.10308969436573445,0.034026092450166655,0.0,7.67361303571901,0.0013956196577432332,0.0013956196577432332,7.480835430574606e-05,0.33710738564021636,3,1,1,3,3,stage_a_context,,long,3-way,True,,production,0.012353615408448542,0.0028392260493480246,0.03706611427754517,0.22232098765432112,primary_target,0,rejected,research,"{""checks"": {""n_folds"": {""value"": 3, ""threshold"": 3, ""passed"": true}, ""presence_freq"": {""value"": 1.0, ""threshold"": 0.75, ""passed"": true}, ""directional_mean_ret"": {""value"": 0.3371821939945221, ""threshold"": 0.0, ""passed"": true}, ""hurdle_excess"": {""value"": 0.33710738564021636, ""threshold"": 0.0, ""passed"": true}, ""min_support_actual"": {""value"": 1913, ""threshold"": 50, ""passed"": true}, ""is_structurally_sound"": {""value"": false, ""passed"": false}, ""trade_path_quality_score"": {""value"": 0.0, ""threshold"": 0.0, ""passed"": true}}, ""failures"": [""structural_soundness_fail: ""], ""warnings"": [], ""classification"": ""research""}"
(*)|(loc_dist_ema20_atr_ts_top30==0)|(reg_atr_change_rate_ts_band25_75==0&reg_ema50_gt_ema200_raw==1),*,loc_dist_ema20_atr_ts_top30==0,reg_atr_change_rate_ts_band25_75==0&reg_ema50_gt_ema200_raw==1,0.3371821939945221,0.3371821939945221,0.0135401354367148,0.26383425792058307,0.21720987654320986,0.05361521303170109,1.0,1.0,0.5167930660888408,1913,,,0.007808169875919618,-0.0013389313328743043,0.006706865492123014,0.01640461889281524,,0.6666666666666666,0.012353615408448542,5.31395875203127,1.0,-0.1591772805245439,0.0028392260493480246,8.848813634879074,0.10308969436573445,0.034026092450166655,0.0,7.67361303571901,0.0013956196577432332,0.0013956196577432332,7.480835430574606e-05,0.33710738564021636,3,1,1,3,3,stage_a_context,,long,3-way,True,,production,0.012353615408448542,0.0028392260493480246,0.03706611427754517,0.22232098765432112,primary_target,0,rejected,research,"{""checks"": {""n_folds"": {""value"": 3, ""threshold"": 3, ""passed"": true}, ""presence_freq"": {""value"": 1.0, ""threshold"": 0.75, ""passed"": true}, ""directional_mean_ret"": {""value"": 0.3371821939945221, ""threshold"": 0.0, ""passed"": true}, ""hurdle_excess"": {""value"": 0.33710738564021636, ""threshold"": 0.0, ""passed"": true}, ""min_support_actual"": {""value"": 1913, ""threshold"": 50, ""passed"": true}, ""is_structurally_sound"": {""value"": false, ""passed"": false}, ""trade_path_quality_score"": {""value"": 0.0, ""threshold"": 0.0, ""passed"": true}}, ""failures"": [""structural_soundness_fail: ""], ""warnings"": [], ""classification"": ""research""}"
(*)|(*)|(reg_atr_change_rate_ts_band25_75==0&reg_atr_change_rate_ts_bot20==1&reg_atr_change_rate_ts_top60==0),*,*,reg_atr_change_rate_ts_band25_75==0&reg_atr_change_rate_ts_bot20==1&reg_atr_change_rate_ts_top60==0,0.3406163255373637,0.3406163255373637,0.013494444434511945,0.2645229697227478,0.19387654320987655,0.05944545849935678,1.0,1.0,0.5502392344497608,1507,,,0.0137635242173088,0.00513788295189012,0.01317563622331072,0.02209522148572844,,0.6666666666666666,0.028052948273010872,0.41678174111288585,0.5,-0.1733512353586845,0.0016948059387638797,3.377272239358627,0.001271611854358478,0.015733596529797396,0.0,7.677698594612917,0.0010549436181509178,0.0010549436181509178,7.308448187776253e-05,0.34054324105548595,3,1,1,3,3,stage_a_context,,long,3-way,True,,production,0.028052948273010872,0.0016948059387638797,0.02333479178382462,0.40898765432098766,primary_target,0,rejected,research,"{""checks"": {""n_folds"": {""value"": 3, ""threshold"": 3, ""passed"": true}, ""presence_freq"": {""value"": 1.0, ""threshold"": 0.75, ""passed"": true}, ""directional_mean_ret"": {""value"": 0.3406163255373637, ""threshold"": 0.0, ""passed"": true}, ""hurdle_excess"": {""value"": 0.34054324105548595, ""threshold"": 0.0, ""passed"": true}, ""min_support_actual"": {""value"": 1507, ""threshold"": 50, ""passed"": true}, ""is_structurally_sound"": {""value"": false, ""passed"": false}, ""trade_path_quality_score"": {""value"": 0.0, ""threshold"": 0.0, ""passed"": true}}, ""failures"": [""structural_soundness_fail: ""], ""warnings"": [], ""classification"": ""research""}"
(*)|(*)|(reg_atr_change_rate_ts_band25_75==1&reg_atr_change_rate_ts_top30==1&reg_atr_change_rate_ts_top50==1&reg_atr_change_rate_ts_top60==0),*,*,reg_atr_change_rate_ts_band25_75==1&reg_atr_change_rate_ts_top30==1&reg_atr_change_rate_ts_top50==1&reg_atr_change_rate_ts_top60==0,0.33254799246788025,0.33254799246788025,0.01859450592874808,0.2559663752714793,0.10427160493827159,0.007470921121188775,1.0,1.0,0.5054945054945055,1276,,,-0.0027945515828056706,-0.010584275638499084,-0.008475281287468304,0.0021548076205564256,,0.3333333333333333,0.024105530281699674,,1.0,-0.05156557788173071,-0.003646890874544284,7.8759230039184045,2.938124756842034e-09,0.009016501540294522,0.0,7.602728262474157,0.0008899394178153968,0.0008899394178153968,9.00082109739369e-05,0.3324579842569063,3,2,2,4,4,stage_a_context,,long,4-way,True,,production,0.024105530281699674,-0.003646890874544284,0.04201921792202423,1.0,primary_target,0,rejected,research,"{""checks"": {""n_folds"": {""value"": 3, ""threshold"": 3, ""passed"": true}, ""presence_freq"": {""value"": 1.0, ""threshold"": 0.75, ""passed"": true}, ""directional_mean_ret"": {""value"": 0.33254799246788025, ""threshold"": 0.0, ""passed"": true}, ""hurdle_excess"": {""value"": 0.3324579842569063, ""threshold"": 0.0, ""passed"": true}, ""min_support_actual"": {""value"": 1276, ""threshold"": 50, ""passed"": true}, ""is_structurally_sound"": {""value"": false, ""passed"": false}, ""trade_path_quality_score"": {""value"": 0.0, ""threshold"": 0.0, ""passed"": true}}, ""failures"": [""structural_soundness_fail: ""], ""warnings"": [], ""classification"": ""research""}"
(*)|(*)|(reg_atr_change_rate_ts_band25_75==1&reg_atr_change_rate_ts_top40==1&reg_atr_change_rate_ts_top50==1&reg_atr_change_rate_ts_top60==0),*,*,reg_atr_change_rate_ts_band25_75==1&reg_atr_change_rate_ts_top40==1&reg_atr_change_rate_ts_top50==1&reg_atr_change_rate_ts_top60==0,0.33254799246788025,0.33254799246788025,0.01859450592874808,0.2559663752714793,0.10427160493827159,0.007470921121188775,1.0,1.0,0.5054945054945055,1276,,,-0.0027945515828056706,-0.010584275638499084,-0.008475281287468304,0.0021548076205564256,,0.3333333333333333,0.024105530281699674,,1.0,-0.05156557788173071,-0.003646890874544284,7.8759230039184045,2.938124756842034e-09,0.009016501540294522,0.0,7.602728262474157,0.0008899394178153968,0.0008899394178153968,9.00082109739369e-05,0.3324579842569063,3,1,1,4,4,stage_a_context,,long,4-way,True,,production,0.024105530281699674,-0.003646890874544284,0.04201921792202423,1.0,primary_target,0,rejected,research,"{""checks"": {""n_folds"": {""value"": 3, ""threshold"": 3, ""passed"": true}, ""presence_freq"": {""value"": 1.0, ""threshold"": 0.75, ""passed"": true}, ""directional_mean_ret"": {""value"": 0.33254799246788025, ""threshold"": 0.0, ""passed"": true}, ""hurdle_excess"": {""value"": 0.3324579842569063, ""threshold"": 0.0, ""passed"": true}, ""min_support_actual"": {""value"": 1276, ""threshold"": 50, ""passed"": true}, ""is_structurally_sound"": {""value"": false, ""passed"": false}, ""trade_path_quality_score"": {""value"": 0.0, ""threshold"": 0.0, ""passed"": true}}, ""failures"": [""structural_soundness_fail: ""], ""warnings"": [], ""classification"": ""research""}"
(*)|(*)|(reg_atr_change_rate_ts_bot50==0&reg_atr_change_rate_ts_top30==1&reg_atr_change_rate_ts_top40==1&reg_atr_change_rate_ts_top60==0),*,*,reg_atr_change_rate_ts_bot50==0&reg_atr_change_rate_ts_top30==1&reg_atr_change_rate_ts_top40==1&reg_atr_change_rate_ts_top60==0,0.33254799246788025,0.33254799246788025,0.01859450592874808,0.2559663752714793,0.10427160493827159,0.007470921121188775,1.0,1.0,0.5054945054945055,1276,,,-0.0027945515828056706,-0.010584275638499084,-0.008475281287468304,0.0021548076205564256,,0.3333333333333333,0.024105530281699674,,1.0,-0.05156557788173071,-0.003646890874544284,7.8759230039184045,2.938124756842034e-09,0.009016501540294522,0.0,7.602728262474157,0.0008899394178153968,0.0008899394178153968,9.00082109739369e-05,0.3324579842569063,3,1,1,4,4,stage_a_context,,long,4-way,True,,production,0.024105530281699674,-0.003646890874544284,0.04201921792202423,1.0,primary_target,0,rejected,research,"{""checks"": {""n_folds"": {""value"": 3, ""threshold"": 3, ""passed"": true}, ""presence_freq"": {""value"": 1.0, ""threshold"": 0.75, ""passed"": true}, ""directional_mean_ret"": {""value"": 0.33254799246788025, ""threshold"": 0.0, ""passed"": true}, ""hurdle_excess"": {""value"": 0.3324579842569063, ""threshold"": 0.0, ""passed"": true}, ""min_support_actual"": {""value"": 1276, ""threshold"": 50, ""passed"": true}, ""is_structurally_sound"": {""value"": false, ""passed"": false}, ""trade_path_quality_score"": {""value"": 0.0, ""threshold"": 0.0, ""passed"": true}}, ""failures"": [""structural_soundness_fail: ""], ""warnings"": [], ""classification"": ""research""}"
(*)|(*)|(reg_atr_change_rate_ts_top20==1&reg_atr_change_rate_ts_top50==1&reg_atr_change_rate_ts_top60==0),*,*,reg_atr_change_rate_ts_top20==1&reg_atr_change_rate_ts_top50==1&reg_atr_change_rate_ts_top60==0,0.33254799246788025,0.33254799246788025,0.01859450592874808,0.2559663752714793,0.10427160493827159,0.007470921121188775,1.0,1.0,0.5054945054945055,1276,,,-0.0027945515828056706,-0.010584275638499084,-0.008475281287468304,0.0021548076205564256,,0.3333333333333333,0.024105530281699674,,1.0,-0.05156557788173071,-0.003646890874544284,7.8759230039184045,2.938124756842034e-09,0.009016501540294522,0.0,7.602728262474157,0.0008899394178153968,0.0008899394178153968,7.000638631306202e-05,0.3324779860815672,3,3,3,3,3,stage_a_context,,long,3-way,True,,production,0.024105530281699674,-0.003646890874544284,0.04201921792202423,1.0,primary_target,0,rejected,research,"{""checks"": {""n_folds"": {""value"": 3, ""threshold"": 3, ""passed"": true}, ""presence_freq"": {""value"": 1.0, ""threshold"": 0.75, ""passed"": true}, ""directional_mean_ret"": {""value"": 0.33254799246788025, ""threshold"": 0.0, ""passed"": true}, ""hurdle_excess"": {""value"": 0.3324779860815672, ""threshold"": 0.0, ""passed"": true}, ""min_support_actual"": {""value"": 1276, ""threshold"": 50, ""passed"": true}, ""is_structurally_sound"": {""value"": false, ""passed"": false}, ""trade_path_quality_score"": {""value"": 0.0, ""threshold"": 0.0, ""passed"": true}}, ""failures"": [""structural_soundness_fail: ""], ""warnings"": [], ""classification"": ""research""}"
(*)|(*)|(reg_atr_change_rate_ts_top30==1&reg_atr_change_rate_ts_top40==1&reg_atr_change_rate_ts_top50==1&reg_atr_change_rate_ts_top60==0&reg_atr_change_rate_ts_top70==0),*,*,reg_atr_change_rate_ts_top30==1&reg_atr_change_rate_ts_top40==1&reg_atr_change_rate_ts_top50==1&reg_atr_change_rate_ts_top60==0&reg_atr_change_rate_ts_top70==0,0.33254799246788025,0.33254799246788025,0.01859450592874808,0.2559663752714793,0.10427160493827159,0.007470921121188775,1.0,1.0,0.5054945054945055,1276,,,-0.0027945515828056706,-0.010584275638499084,-0.008475281287468304,0.0021548076205564256,,0.3333333333333333,0.024105530281699674,,1.0,-0.05156557788173071,-0.003646890874544284,7.8759230039184045,2.938124756842034e-09,0.009016501540294522,0.0,7.602728262474157,0.0008899394178153968,0.0008899394178153968,9.00082109739369e-05,0.3324579842569063,3,1,1,5,5,stage_a_context,,long,5-way,True,,production,0.024105530281699674,-0.003646890874544284,0.04201921792202423,1.0,primary_target,0,rejected,research,"{""checks"": {""n_folds"": {""value"": 3, ""threshold"": 3, ""passed"": true}, ""presence_freq"": {""value"": 1.0, ""threshold"": 0.75, ""passed"": true}, ""directional_mean_ret"": {""value"": 0.33254799246788025, ""threshold"": 0.0, ""passed"": true}, ""hurdle_excess"": {""value"": 0.3324579842569063, ""threshold"": 0.0, ""passed"": true}, ""min_support_actual"": {""value"": 1276, ""threshold"": 50, ""passed"": true}, ""is_structurally_sound"": {""value"": false, ""passed"": false}, ""trade_path_quality_score"": {""value"": 0.0, ""threshold"": 0.0, ""passed"": true}}, ""failures"": [""structural_soundness_fail: ""], ""warnings"": [], ""classification"": ""research""}"
(*)|(*)|(reg_atr_change_rate_ts_top30==1&reg_atr_change_rate_ts_top40==1&reg_atr_change_rate_ts_top50==1&reg_atr_change_rate_ts_top60==0),*,*,reg_atr_change_rate_ts_top30==1&reg_atr_change_rate_ts_top40==1&reg_atr_change_rate_ts_top50==1&reg_atr_change_rate_ts_top60==0,0.33254799246788025,0.33254799246788025,0.01859450592874808,0.2559663752714793,0.10427160493827159,0.007470921121188775,1.0,1.0,0.5054945054945055,1276,,,-0.0027945515828056706,-0.010584275638499084,-0.008475281287468304,0.0021548076205564256,,0.3333333333333333,0.024105530281699674,,1.0,-0.05156557788173071,-0.003646890874544284,7.8759230039184045,2.938124756842034e-09,0.009016501540294522,0.0,7.602728262474157,0.0008899394178153968,0.0008899394178153968,9.00082109739369e-05,0.3324579842569063,3,2,2,4,4,stage_a_context,,long,4-way,True,,production,0.024105530281699674,-0.003646890874544284,0.04201921792202423,1.0,primary_target,0,rejected,research,"{""checks"": {""n_folds"": {""value"": 3, ""threshold"": 3, ""passed"": true}, ""presence_freq"": {""value"": 1.0, ""threshold"": 0.75, ""passed"": true}, ""directional_mean_ret"": {""value"": 0.33254799246788025, ""threshold"": 0.0, ""passed"": true}, ""hurdle_excess"": {""value"": 0.3324579842569063, ""threshold"": 0.0, ""passed"": true}, ""min_support_actual"": {""value"": 1276, ""threshold"": 50, ""passed"": true}, ""is_structurally_sound"": {""value"": false, ""passed"": false}, ""trade_path_quality_score"": {""value"": 0.0, ""threshold"": 0.0, ""passed"": true}}, ""failures"": [""structural_soundness_fail: ""], ""warnings"": [], ""classification"": ""research""}"
(*)|(*)|(reg_atr_change_rate_ts_top30==1&reg_atr_change_rate_ts_top50==1&reg_atr_change_rate_ts_top60==0&reg_atr_change_rate_ts_top80==0),*,*,reg_atr_change_rate_ts_top30==1&reg_atr_change_rate_ts_top50==1&reg_atr_change_rate_ts_top60==0&reg_atr_change_rate_ts_top80==0,0.33254799246788025,0.33254799246788025,0.01859450592874808,0.2559663752714793,0.10427160493827159,0.007470921121188775,1.0,1.0,0.5054945054945055,1276,,,-0.0027945515828056706,-0.010584275638499084,-0.008475281287468304,0.0021548076205564256,,0.3333333333333333,0.024105530281699674,,1.0,-0.05156557788173071,-0.003646890874544284,7.8759230039184045,2.938124756842034e-09,0.009016501540294522,0.0,7.602728262474157,0.0008899394178153968,0.0008899394178153968,9.00082109739369e-05,0.3324579842569063,3,1,1,4,4,stage_a_context,,long,4-way,True,,production,0.024105530281699674,-0.003646890874544284,0.04201921792202423,1.0,primary_target,0,rejected,research,"{""checks"": {""n_folds"": {""value"": 3, ""threshold"": 3, ""passed"": true}, ""presence_freq"": {""value"": 1.0, ""threshold"": 0.75, ""passed"": true}, ""directional_mean_ret"": {""value"": 0.33254799246788025, ""threshold"": 0.0, ""passed"": true}, ""hurdle_excess"": {""value"": 0.3324579842569063, ""threshold"": 0.0, ""passed"": true}, ""min_support_actual"": {""value"": 1276, ""threshold"": 50, ""passed"": true}, ""is_structurally_sound"": {""value"": false, ""passed"": false}, ""trade_path_quality_score"": {""value"": 0.0, ""threshold"": 0.0, ""passed"": true}}, ""failures"": [""structural_soundness_fail: ""], ""warnings"": [], ""classification"": ""research""}"
(*)|(*)|(reg_atr_change_rate_ts_top30==1&reg_atr_change_rate_ts_top50==1&reg_atr_change_rate_ts_top60==0),*,*,reg_atr_change_rate_ts_top30==1&reg_atr_change_rate_ts_top50==1&reg_atr_change_rate_ts_top60==0,0.33254799246788025,0.33254799246788025,0.01859450592874808,0.2559663752714793,0.10427160493827159,0.007470921121188775,1.0,1.0,0.5054945054945055,1276,,,-0.0027945515828056706,-0.010584275638499084,-0.008475281287468304,0.0021548076205564256,,0.3333333333333333,0.024105530281699674,,1.0,-0.05156557788173071,-0.003646890874544284,7.8759230039184045,2.938124756842034e-09,0.009016501540294522,0.0,7.602728262474157,0.0008899394178153968,0.0008899394178153968,7.000638631306202e-05,0.3324779860815672,3,1,1,3,3,stage_a_context,,long,3-way,True,,production,0.024105530281699674,-0.003646890874544284,0.04201921792202423,1.0,primary_target,0,rejected,research,"{""checks"": {""n_folds"": {""value"": 3, ""threshold"": 3, ""passed"": true}, ""presence_freq"": {""value"": 1.0, ""threshold"": 0.75, ""passed"": true}, ""directional_mean_ret"": {""value"": 0.33254799246788025, ""threshold"": 0.0, ""passed"": true}, ""hurdle_excess"": {""value"": 0.3324779860815672, ""threshold"": 0.0, ""passed"": true}, ""min_support_actual"": {""value"": 1276, ""threshold"": 50, ""passed"": true}, ""is_structurally_sound"": {""value"": false, ""passed"": false}, ""trade_path_quality_score"": {""value"": 0.0, ""threshold"": 0.0, ""passed"": true}}, ""failures"": [""structural_soundness_fail: ""], ""warnings"": [], ""classification"": ""research""}"
(*)|(*)|(reg_atr_change_rate_ts_top30==1&reg_atr_change_rate_ts_top60==0&reg_atr_compression_ratio_ts_top50==1),*,*,reg_atr_change_rate_ts_top30==1&reg_atr_change_rate_ts_top60==0&reg_atr_compression_ratio_ts_top50==1,0.33254799246788025,0.33254799246788025,0.01859450592874808,0.2559663752714793,0.10427160493827159,0.007470921121188775,1.0,1.0,0.5054945054945055,1276,,,-0.0027945515828056706,-0.010584275638499084,-0.008475281287468304,0.0021548076205564256,,0.3333333333333333,0.024105530281699674,,1.0,-0.05156557788173071,-0.003646890874544284,7.8759230039184045,2.938124756842034e-09,0.009016501540294522,0.0,7.602728262474157,0.0008899394178153968,0.0008899394178153968,7.000638631306202e-05,0.3324779860815672,3,1,1,3,3,stage_a_context,,long,3-way,True,,production,0.024105530281699674,-0.003646890874544284,0.04201921792202423,1.0,primary_target,0,rejected,research,"{""checks"": {""n_folds"": {""value"": 3, ""threshold"": 3, ""passed"": true}, ""presence_freq"": {""value"": 1.0, ""threshold"": 0.75, ""passed"": true}, ""directional_mean_ret"": {""value"": 0.33254799246788025, ""threshold"": 0.0, ""passed"": true}, ""hurdle_excess"": {""value"": 0.3324779860815672, ""threshold"": 0.0, ""passed"": true}, ""min_support_actual"": {""value"": 1276, ""threshold"": 50, ""passed"": true}, ""is_structurally_sound"": {""value"": false, ""passed"": false}, ""trade_path_quality_score"": {""value"": 0.0, ""threshold"": 0.0, ""passed"": true}}, ""failures"": [""structural_soundness_fail: ""], ""warnings"": [], ""classification"": ""research""}"
(*)|(*)|(reg_atr_change_rate_ts_top40==1&reg_atr_change_rate_ts_top50==1&reg_atr_change_rate_ts_top60==0&reg_atr_change_rate_ts_top70==0),*,*,reg_atr_change_rate_ts_top40==1&reg_atr_change_rate_ts_top50==1&reg_atr_change_rate_ts_top60==0&reg_atr_change_rate_ts_top70==0,0.33254799246788025,0.33254799246788025,0.01859450592874808,0.2559663752714793,0.10427160493827159,0.007470921121188775,1.0,1.0,0.5054945054945055,1276,,,-0.0027945515828056706,-0.010584275638499084,-0.008475281287468304,0.0021548076205564256,,0.3333333333333333,0.024105530281699674,,1.0,-0.05156557788173071,-0.003646890874544284,7.8759230039184045,2.938124756842034e-09,0.009016501540294522,0.0,7.602728262474157,0.0008899394178153968,0.0008899394178153968,9.00082109739369e-05,0.3324579842569063,3,1,1,4,4,stage_a_context,,long,4-way,True,,production,0.024105530281699674,-0.003646890874544284,0.04201921792202423,1.0,primary_target,0,rejected,research,"{""checks"": {""n_folds"": {""value"": 3, ""threshold"": 3, ""passed"": true}, ""presence_freq"": {""value"": 1.0, ""threshold"": 0.75, ""passed"": true}, ""directional_mean_ret"": {""value"": 0.33254799246788025, ""threshold"": 0.0, ""passed"": true}, ""hurdle_excess"": {""value"": 0.3324579842569063, ""threshold"": 0.0, ""passed"": true}, ""min_support_actual"": {""value"": 1276, ""threshold"": 50, ""passed"": true}, ""is_structurally_sound"": {""value"": false, ""passed"": false}, ""trade_path_quality_score"": {""value"": 0.0, ""threshold"": 0.0, ""passed"": true}}, ""failures"": [""structural_soundness_fail: ""], ""warnings"": [], ""classification"": ""research""}"
(*)|(*)|(reg_atr_change_rate_ts_top40==1&reg_atr_change_rate_ts_top50==1&reg_atr_change_rate_ts_top60==0),*,*,reg_atr_change_rate_ts_top40==1&reg_atr_change_rate_ts_top50==1&reg_atr_change_rate_ts_top60==0,0.33254799246788025,0.33254799246788025,0.01859450592874808,0.2559663752714793,0.10427160493827159,0.007470921121188775,1.0,1.0,0.5054945054945055,1276,,,-0.0027945515828056706,-0.010584275638499084,-0.008475281287468304,0.0021548076205564256,,0.3333333333333333,0.024105530281699674,,1.0,-0.05156557788173071,-0.003646890874544284,7.8759230039184045,2.938124756842034e-09,0.009016501540294522,0.0,7.602728262474157,0.0008899394178153968,0.0008899394178153968,7.000638631306202e-05,0.3324779860815672,3,7,7,3,3,stage_a_context,,long,3-way,True,,production,0.024105530281699674,-0.003646890874544284,0.04201921792202423,1.0,primary_target,0,rejected,research,"{""checks"": {""n_folds"": {""value"": 3, ""threshold"": 3, ""passed"": true}, ""presence_freq"": {""value"": 1.0, ""threshold"": 0.75, ""passed"": true}, ""directional_mean_ret"": {""value"": 0.33254799246788025, ""threshold"": 0.0, ""passed"": true}, ""hurdle_excess"": {""value"": 0.3324779860815672, ""threshold"": 0.0, ""passed"": true}, ""min_support_actual"": {""value"": 1276, ""threshold"": 50, ""passed"": true}, ""is_structurally_sound"": {""value"": false, ""passed"": false}, ""trade_path_quality_score"": {""value"": 0.0, ""threshold"": 0.0, ""passed"": true}}, ""failures"": [""structural_soundness_fail: ""], ""warnings"": [], ""classification"": ""research""}"
(*)|(*)|(reg_atr_change_rate_ts_top50==1&reg_atr_change_rate_ts_top60==0),*,*,reg_atr_change_rate_ts_top50==1&reg_atr_change_rate_ts_top60==0,0.33254799246788025,0.33254799246788025,0.01859450592874808,0.2559663752714793,0.10427160493827159,0.007470921121188775,1.0,1.0,0.5054945054945055,1276,,,-0.0027945515828056706,-0.010584275638499084,-0.008475281287468304,0.0021548076205564256,,0.3333333333333333,0.024105530281699674,,1.0,-0.05156557788173071,-0.003646890874544284,7.8759230039184045,2.938124756842034e-09,0.009016501540294522,0.0,7.602728262474157,0.0008899394178153968,0.0008899394178153968,8.500775480871818e-05,0.3324629847130715,3,1,1,2,2,stage_a_context,,long,2-way,True,,production,0.024105530281699674,-0.003646890874544284,0.04201921792202423,1.0,primary_target,0,rejected,research,"{""checks"": {""n_folds"": {""value"": 3, ""threshold"": 3, ""passed"": true}, ""presence_freq"": {""value"": 1.0, ""threshold"": 0.75, ""passed"": true}, ""directional_mean_ret"": {""value"": 0.33254799246788025, ""threshold"": 0.0, ""passed"": true}, ""hurdle_excess"": {""value"": 0.3324629847130715, ""threshold"": 0.0, ""passed"": true}, ""min_support_actual"": {""value"": 1276, ""threshold"": 50, ""passed"": true}, ""is_structurally_sound"": {""value"": false, ""passed"": false}, ""trade_path_quality_score"": {""value"": 0.0, ""threshold"": 0.0, ""passed"": true}}, ""failures"": [""structural_soundness_fail: ""], ""warnings"": [], ""classification"": ""research""}"
(*)|(loc_dist_ema20_atr_ts_band25_75==1)|(reg_atr_change_rate_ts_top20==1&reg_atr_change_rate_ts_top50==1&reg_atr_change_rate_ts_top60==0),*,loc_dist_ema20_atr_ts_band25_75==1,reg_atr_change_rate_ts_top20==1&reg_atr_change_rate_ts_top50==1&reg_atr_change_rate_ts_top60==0,0.33254799246788025,0.33254799246788025,0.01859450592874808,0.2559663752714793,0.10427160493827159,0.007470921121188775,1.0,1.0,0.5054945054945055,1276,,,-0.0027945515828056706,-0.010584275638499084,-0.008475281287468304,0.0021548076205564256,,0.3333333333333333,0.024105530281699674,,1.0,-0.05156557788173071,-0.003646890874544284,7.8759230039184045,2.938124756842034e-09,0.009016501540294522,0.0,7.602728262474157,0.0008899394178153968,0.0008899394178153968,9.00082109739369e-05,0.3324579842569063,3,1,1,4,4,stage_a_context,,long,4-way,True,,production,0.024105530281699674,-0.003646890874544284,0.04201921792202423,1.0,primary_target,0,rejected,research,"{""checks"": {""n_folds"": {""value"": 3, ""threshold"": 3, ""passed"": true}, ""presence_freq"": {""value"": 1.0, ""threshold"": 0.75, ""passed"": true}, ""directional_mean_ret"": {""value"": 0.33254799246788025, ""threshold"": 0.0, ""passed"": true}, ""hurdle_excess"": {""value"": 0.3324579842569063, ""threshold"": 0.0, ""passed"": true}, ""min_support_actual"": {""value"": 1276, ""threshold"": 50, ""passed"": true}, ""is_structurally_sound"": {""value"": false, ""passed"": false}, ""trade_path_quality_score"": {""value"": 0.0, ""threshold"": 0.0, ""passed"": true}}, ""failures"": [""structural_soundness_fail: ""], ""warnings"": [], ""classification"": ""research""}"
(*)|(loc_dist_ema20_atr_ts_bot60==1&loc_dist_ema20_atr_ts_top50==1)|(reg_atr_change_rate_ts_top40==1),*,loc_dist_ema20_atr_ts_bot60==1&loc_dist_ema20_atr_ts_top50==1,reg_atr_change_rate_ts_top40==1,0.33254799246788025,0.33254799246788025,0.01859450592874808,0.2559663752714793,0.10427160493827159,0.007470921121188775,1.0,1.0,0.5054945054945055,1276,,,-0.0027945515828056706,-0.010584275638499084,-0.008475281287468304,0.0021548076205564256,,0.3333333333333333,0.024105530281699674,,1.0,-0.05156557788173071,-0.003646890874544284,7.8759230039184045,2.938124756842034e-09,0.009016501540294522,0.0,7.602728262474157,0.0008899394178153968,0.0008899394178153968,7.000638631306202e-05,0.3324779860815672,3,1,1,3,3,stage_a_context,,long,3-way,True,,production,0.024105530281699674,-0.003646890874544284,0.04201921792202423,1.0,primary_target,0,rejected,research,"{""checks"": {""n_folds"": {""value"": 3, ""threshold"": 3, ""passed"": true}, ""presence_freq"": {""value"": 1.0, ""threshold"": 0.75, ""passed"": true}, ""directional_mean_ret"": {""value"": 0.33254799246788025, ""threshold"": 0.0, ""passed"": true}, ""hurdle_excess"": {""value"": 0.3324779860815672, ""threshold"": 0.0, ""passed"": true}, ""min_support_actual"": {""value"": 1276, ""threshold"": 50, ""passed"": true}, ""is_structurally_sound"": {""value"": false, ""passed"": false}, ""trade_path_quality_score"": {""value"": 0.0, ""threshold"": 0.0, ""passed"": true}}, ""failures"": [""structural_soundness_fail: ""], ""warnings"": [], ""classification"": ""research""}"
(*)|(loc_dist_ema20_atr_ts_top20==1&loc_dist_ema20_atr_ts_top30==1)|(reg_atr_change_rate_ts_top50==1&reg_atr_change_rate_ts_top60==0),*,loc_dist_ema20_atr_ts_top20==1&loc_dist_ema20_atr_ts_top30==1,reg_atr_change_rate_ts_top50==1&reg_atr_change_rate_ts_top60==0,0.33254799246788025,0.33254799246788025,0.01859450592874808,0.2559663752714793,0.10427160493827159,0.007470921121188775,1.0,1.0,0.5054945054945055,1276,,,-0.0027945515828056706,-0.010584275638499084,-0.008475281287468304,0.0021548076205564256,,0.3333333333333333,0.024105530281699674,,1.0,-0.05156557788173071,-0.003646890874544284,7.8759230039184045,2.938124756842034e-09,0.009016501540294522,0.0,7.602728262474157,0.0008899394178153968,0.0008899394178153968,9.00082109739369e-05,0.3324579842569063,3,1,1,4,4,stage_a_context,,long,4-way,True,,production,0.024105530281699674,-0.003646890874544284,0.04201921792202423,1.0,primary_target,0,rejected,research,"{""checks"": {""n_folds"": {""value"": 3, ""threshold"": 3, ""passed"": true}, ""presence_freq"": {""value"": 1.0, ""threshold"": 0.75, ""passed"": true}, ""directional_mean_ret"": {""value"": 0.33254799246788025, ""threshold"": 0.0, ""passed"": true}, ""hurdle_excess"": {""value"": 0.3324579842569063, ""threshold"": 0.0, ""passed"": true}, ""min_support_actual"": {""value"": 1276, ""threshold"": 50, ""passed"": true}, ""is_structurally_sound"": {""value"": false, ""passed"": false}, ""trade_path_quality_score"": {""value"": 0.0, ""threshold"": 0.0, ""passed"": true}}, ""failures"": [""structural_soundness_fail: ""], ""warnings"": [], ""classification"": ""research""}"
(*)|(loc_dist_ema20_atr_ts_top20==1)|(reg_atr_change_rate_ts_bot50==0&reg_atr_change_rate_ts_top60==0),*,loc_dist_ema20_atr_ts_top20==1,reg_atr_change_rate_ts_bot50==0&reg_atr_change_rate_ts_top60==0,0.33254799246788025,0.33254799246788025,0.01859450592874808,0.2559663752714793,0.10427160493827159,0.007470921121188775,1.0,1.0,0.5054945054945055,1276,,,-0.0027945515828056706,-0.010584275638499084,-0.008475281287468304,0.0021548076205564256,,0.3333333333333333,0.024105530281699674,,1.0,-0.05156557788173071,-0.003646890874544284,7.8759230039184045,2.938124756842034e-09,0.009016501540294522,0.0,7.602728262474157,0.0008899394178153968,0.0008899394178153968,7.000638631306202e-05,0.3324779860815672,3,1,1,3,3,stage_a_context,,long,3-way,True,,production,0.024105530281699674,-0.003646890874544284,0.04201921792202423,1.0,primary_target,0,rejected,research,"{""checks"": {""n_folds"": {""value"": 3, ""threshold"": 3, ""passed"": true}, ""presence_freq"": {""value"": 1.0, ""threshold"": 0.75, ""passed"": true}, ""directional_mean_ret"": {""value"": 0.33254799246788025, ""threshold"": 0.0, ""passed"": true}, ""hurdle_excess"": {""value"": 0.3324779860815672, ""threshold"": 0.0, ""passed"": true}, ""min_support_actual"": {""value"": 1276, ""threshold"": 50, ""passed"": true}, ""is_structurally_sound"": {""value"": false, ""passed"": false}, ""trade_path_quality_score"": {""value"": 0.0, ""threshold"": 0.0, ""passed"": true}}, ""failures"": [""structural_soundness_fail: ""], ""warnings"": [], ""classification"": ""research""}"
(*)|(loc_dist_ema20_atr_ts_top30==1&loc_dist_ema20_atr_ts_top50==1)|(reg_atr_change_rate_ts_top60==0),*,loc_dist_ema20_atr_ts_top30==1&loc_dist_ema20_atr_ts_top50==1,reg_atr_change_rate_ts_top60==0,0.33254799246788025,0.33254799246788025,0.01859450592874808,0.2559663752714793,0.10427160493827159,0.007470921121188775,1.0,1.0,0.5054945054945055,1276,,,-0.0027945515828056706,-0.010584275638499084,-0.008475281287468304,0.0021548076205564256,,0.3333333333333333,0.024105530281699674,,1.0,-0.05156557788173071,-0.003646890874544284,7.8759230039184045,2.938124756842034e-09,0.009016501540294522,0.0,7.602728262474157,0.0008899394178153968,0.0008899394178153968,7.000638631306202e-05,0.3324779860815672,3,1,1,3,3,stage_a_context,,long,3-way,True,,production,0.024105530281699674,-0.003646890874544284,0.04201921792202423,1.0,primary_target,0,rejected,research,"{""checks"": {""n_folds"": {""value"": 3, ""threshold"": 3, ""passed"": true}, ""presence_freq"": {""value"": 1.0, ""threshold"": 0.75, ""passed"": true}, ""directional_mean_ret"": {""value"": 0.33254799246788025, ""threshold"": 0.0, ""passed"": true}, ""hurdle_excess"": {""value"": 0.3324779860815672, ""threshold"": 0.0, ""passed"": true}, ""min_support_actual"": {""value"": 1276, ""threshold"": 50, ""passed"": true}, ""is_structurally_sound"": {""value"": false, ""passed"": false}, ""trade_path_quality_score"": {""value"": 0.0, ""threshold"": 0.0, ""passed"": true}}, ""failures"": [""structural_soundness_fail: ""], ""warnings"": [], ""classification"": ""research""}"
(*)|(loc_dist_ema20_atr_ts_top40==1)|(reg_atr_change_rate_ts_top50==1&reg_atr_change_rate_ts_top60==0),*,loc_dist_ema20_atr_ts_top40==1,reg_atr_change_rate_ts_top50==1&reg_atr_change_rate_ts_top60==0,0.33254799246788025,0.33254799246788025,0.01859450592874808,0.2559663752714793,0.10427160493827159,0.007470921121188775,1.0,1.0,0.5054945054945055,1276,,,-0.0027945515828056706,-0.010584275638499084,-0.008475281287468304,0.0021548076205564256,,0.3333333333333333,0.024105530281699674,,1.0,-0.05156557788173071,-0.003646890874544284,7.8759230039184045,2.938124756842034e-09,0.009016501540294522,0.0,7.602728262474157,0.0008899394178153968,0.0008899394178153968,7.000638631306202e-05,0.3324779860815672,3,1,1,3,3,stage_a_context,,long,3-way,True,,production,0.024105530281699674,-0.003646890874544284,0.04201921792202423,1.0,primary_target,0,rejected,research,"{""checks"": {""n_folds"": {""value"": 3, ""threshold"": 3, ""passed"": true}, ""presence_freq"": {""value"": 1.0, ""threshold"": 0.75, ""passed"": true}, ""directional_mean_ret"": {""value"": 0.33254799246788025, ""threshold"": 0.0, ""passed"": true}, ""hurdle_excess"": {""value"": 0.3324779860815672, ""threshold"": 0.0, ""passed"": true}, ""min_support_actual"": {""value"": 1276, ""threshold"": 50, ""passed"": true}, ""is_structurally_sound"": {""value"": false, ""passed"": false}, ""trade_path_quality_score"": {""value"": 0.0, ""threshold"": 0.0, ""passed"": true}}, ""failures"": [""structural_soundness_fail: ""], ""warnings"": [], ""classification"": ""research""}"
(*)|(loc_dist_ema20_atr_ts_top50==1&loc_dist_ema20_atr_ts_top80==0)|(reg_atr_change_rate_ts_top30==1&reg_atr_change_rate_ts_top60==0),*,loc_dist_ema20_atr_ts_top50==1&loc_dist_ema20_atr_ts_top80==0,reg_atr_change_rate_ts_top30==1&reg_atr_change_rate_ts_top60==0,0.33254799246788025,0.33254799246788025,0.01859450592874808,0.2559663752714793,0.10427160493827159,0.007470921121188775,1.0,1.0,0.5054945054945055,1276,,,-0.0027945515828056706,-0.010584275638499084,-0.008475281287468304,0.0021548076205564256,,0.3333333333333333,0.024105530281699674,,1.0,-0.05156557788173071,-0.003646890874544284,7.8759230039184045,2.938124756842034e-09,0.009016501540294522,0.0,7.602728262474157,0.0008899394178153968,0.0008899394178153968,9.00082109739369e-05,0.3324579842569063,3,1,1,4,4,stage_a_context,,long,4-way,True,,production,0.024105530281699674,-0.003646890874544284,0.04201921792202423,1.0,primary_target,0,rejected,research,"{""checks"": {""n_folds"": {""value"": 3, ""threshold"": 3, ""passed"": true}, ""presence_freq"": {""value"": 1.0, ""threshold"": 0.75, ""passed"": true}, ""directional_mean_ret"": {""value"": 0.33254799246788025, ""threshold"": 0.0, ""passed"": true}, ""hurdle_excess"": {""value"": 0.3324579842569063, ""threshold"": 0.0, ""passed"": true}, ""min_support_actual"": {""value"": 1276, ""threshold"": 50, ""passed"": true}, ""is_structurally_sound"": {""value"": false, ""passed"": false}, ""trade_path_quality_score"": {""value"": 0.0, ""threshold"": 0.0, ""passed"": true}}, ""failures"": [""structural_soundness_fail: ""], ""warnings"": [], ""classification"": ""research""}"
(*)|(loc_dist_ema20_atr_ts_top50==1)|(reg_atr_change_rate_ts_band25_75==1&reg_atr_change_rate_ts_top40==1&reg_atr_change_rate_ts_top60==0),*,loc_dist_ema20_atr_ts_top50==1,reg_atr_change_rate_ts_band25_75==1&reg_atr_change_rate_ts_top40==1&reg_atr_change_rate_ts_top60==0,0.33254799246788025,0.33254799246788025,0.01859450592874808,0.2559663752714793,0.10427160493827159,0.007470921121188775,1.0,1.0,0.5054945054945055,1276,,,-0.0027945515828056706,-0.010584275638499084,-0.008475281287468304,0.0021548076205564256,,0.3333333333333333,0.024105530281699674,,1.0,-0.05156557788173071,-0.003646890874544284,7.8759230039184045,2.938124756842034e-09,0.009016501540294522,0.0,7.602728262474157,0.0008899394178153968,0.0008899394178153968,9.00082109739369e-05,0.3324579842569063,3,1,1,4,4,stage_a_context,,long,4-way,True,,production,0.024105530281699674,-0.003646890874544284,0.04201921792202423,1.0,primary_target,0,rejected,research,"{""checks"": {""n_folds"": {""value"": 3, ""threshold"": 3, ""passed"": true}, ""presence_freq"": {""value"": 1.0, ""threshold"": 0.75, ""passed"": true}, ""directional_mean_ret"": {""value"": 0.33254799246788025, ""threshold"": 0.0, ""passed"": true}, ""hurdle_excess"": {""value"": 0.3324579842569063, ""threshold"": 0.0, ""passed"": true}, ""min_support_actual"": {""value"": 1276, ""threshold"": 50, ""passed"": true}, ""is_structurally_sound"": {""value"": false, ""passed"": false}, ""trade_path_quality_score"": {""value"": 0.0, ""threshold"": 0.0, ""passed"": true}}, ""failures"": [""structural_soundness_fail: ""], ""warnings"": [], ""classification"": ""research""}"
(*)|(loc_dist_ema20_atr_ts_top50==1)|(reg_atr_change_rate_ts_top40==1&reg_atr_change_rate_ts_top60==0),*,loc_dist_ema20_atr_ts_top50==1,reg_atr_change_rate_ts_top40==1&reg_atr_change_rate_ts_top60==0,0.33254799246788025,0.33254799246788025,0.01859450592874808,0.2559663752714793,0.10427160493827159,0.007470921121188775,1.0,1.0,0.5054945054945055,1276,,,-0.0027945515828056706,-0.010584275638499084,-0.008475281287468304,0.0021548076205564256,,0.3333333333333333,0.024105530281699674,,1.0,-0.05156557788173071,-0.003646890874544284,7.8759230039184045,2.938124756842034e-09,0.009016501540294522,0.0,7.602728262474157,0.0008899394178153968,0.0008899394178153968,7.000638631306202e-05,0.3324779860815672,3,1,1,3,3,stage_a_context,,long,3-way,True,,production,0.024105530281699674,-0.003646890874544284,0.04201921792202423,1.0,primary_target,0,rejected,research,"{""checks"": {""n_folds"": {""value"": 3, ""threshold"": 3, ""passed"": true}, ""presence_freq"": {""value"": 1.0, ""threshold"": 0.75, ""passed"": true}, ""directional_mean_ret"": {""value"": 0.33254799246788025, ""threshold"": 0.0, ""passed"": true}, ""hurdle_excess"": {""value"": 0.3324779860815672, ""threshold"": 0.0, ""passed"": true}, ""min_support_actual"": {""value"": 1276, ""threshold"": 50, ""passed"": true}, ""is_structurally_sound"": {""value"": false, ""passed"": false}, ""trade_path_quality_score"": {""value"": 0.0, ""threshold"": 0.0, ""passed"": true}}, ""failures"": [""structural_soundness_fail: ""], ""warnings"": [], ""classification"": ""research""}"
(*)|(loc_dist_ema20_atr_ts_top50==1)|(reg_atr_change_rate_ts_top60==0&reg_atr_change_rate_ts_top80==0),*,loc_dist_ema20_atr_ts_top50==1,reg_atr_change_rate_ts_top60==0&reg_atr_change_rate_ts_top80==0,0.33254799246788025,0.33254799246788025,0.01859450592874808,0.2559663752714793,0.10427160493827159,0.007470921121188775,1.0,1.0,0.5054945054945055,1276,,,-0.0027945515828056706,-0.010584275638499084,-0.008475281287468304,0.0021548076205564256,,0.3333333333333333,0.024105530281699674,,1.0,-0.05156557788173071,-0.003646890874544284,7.8759230039184045,2.938124756842034e-09,0.009016501540294522,0.0,7.602728262474157,0.0008899394178153968,0.0008899394178153968,7.000638631306202e-05,0.3324779860815672,3,1,1,3,3,stage_a_context,,long,3-way,True,,production,0.024105530281699674,-0.003646890874544284,0.04201921792202423,1.0,primary_target,0,rejected,research,"{""checks"": {""n_folds"": {""value"": 3, ""threshold"": 3, ""passed"": true}, ""presence_freq"": {""value"": 1.0, ""threshold"": 0.75, ""passed"": true}, ""directional_mean_ret"": {""value"": 0.33254799246788025, ""threshold"": 0.0, ""passed"": true}, ""hurdle_excess"": {""value"": 0.3324779860815672, ""threshold"": 0.0, ""passed"": true}, ""min_support_actual"": {""value"": 1276, ""threshold"": 50, ""passed"": true}, ""is_structurally_sound"": {""value"": false, ""passed"": false}, ""trade_path_quality_score"": {""value"": 0.0, ""threshold"": 0.0, ""passed"": true}}, ""failures"": [""structural_soundness_fail: ""], ""warnings"": [], ""classification"": ""research""}"
(*)|(loc_dist_ema20_atr_ts_top60==0&loc_dist_ema20_atr_ts_top70==0)|(reg_atr_change_rate_ts_top30==1&reg_atr_change_rate_ts_top50==1),*,loc_dist_ema20_atr_ts_top60==0&loc_dist_ema20_atr_ts_top70==0,reg_atr_change_rate_ts_top30==1&reg_atr_change_rate_ts_top50==1,0.33254799246788025,0.33254799246788025,0.01859450592874808,0.2559663752714793,0.10427160493827159,0.007470921121188775,1.0,1.0,0.5054945054945055,1276,,,-0.0027945515828056706,-0.010584275638499084,-0.008475281287468304,0.0021548076205564256,,0.3333333333333333,0.024105530281699674,,1.0,-0.05156557788173071,-0.003646890874544284,7.8759230039184045,2.938124756842034e-09,0.009016501540294522,0.0,7.602728262474157,0.0008899394178153968,0.0008899394178153968,9.00082109739369e-05,0.3324579842569063,3,1,1,4,4,stage_a_context,,long,4-way,True,,production,0.024105530281699674,-0.003646890874544284,0.04201921792202423,1.0,primary_target,0,rejected,research,"{""checks"": {""n_folds"": {""value"": 3, ""threshold"": 3, ""passed"": true}, ""presence_freq"": {""value"": 1.0, ""threshold"": 0.75, ""passed"": true}, ""directional_mean_ret"": {""value"": 0.33254799246788025, ""threshold"": 0.0, ""passed"": true}, ""hurdle_excess"": {""value"": 0.3324579842569063, ""threshold"": 0.0, ""passed"": true}, ""min_support_actual"": {""value"": 1276, ""threshold"": 50, ""passed"": true}, ""is_structurally_sound"": {""value"": false, ""passed"": false}, ""trade_path_quality_score"": {""value"": 0.0, ""threshold"": 0.0, ""passed"": true}}, ""failures"": [""structural_soundness_fail: ""], ""warnings"": [], ""classification"": ""research""}"
(*)|(loc_dist_ema20_atr_ts_top60==0)|(reg_atr_change_rate_ts_band25_75==1&reg_atr_change_rate_ts_top20==1&reg_atr_change_rate_ts_top50==1),*,loc_dist_ema20_atr_ts_top60==0,reg_atr_change_rate_ts_band25_75==1&reg_atr_change_rate_ts_top20==1&reg_atr_change_rate_ts_top50==1,0.33254799246788025,0.33254799246788025,0.01859450592874808,0.2559663752714793,0.10427160493827159,0.007470921121188775,1.0,1.0,0.5054945054945055,1276,,,-0.0027945515828056706,-0.010584275638499084,-0.008475281287468304,0.0021548076205564256,,0.3333333333333333,0.024105530281699674,,1.0,-0.05156557788173071,-0.003646890874544284,7.8759230039184045,2.938124756842034e-09,0.009016501540294522,0.0,7.602728262474157,0.0008899394178153968,0.0008899394178153968,9.00082109739369e-05,0.3324579842569063,3,1,1,4,4,stage_a_context,,long,4-way,True,,production,0.024105530281699674,-0.003646890874544284,0.04201921792202423,1.0,primary_target,0,rejected,research,"{""checks"": {""n_folds"": {""value"": 3, ""threshold"": 3, ""passed"": true}, ""presence_freq"": {""value"": 1.0, ""threshold"": 0.75, ""passed"": true}, ""directional_mean_ret"": {""value"": 0.33254799246788025, ""threshold"": 0.0, ""passed"": true}, ""hurdle_excess"": {""value"": 0.3324579842569063, ""threshold"": 0.0, ""passed"": true}, ""min_support_actual"": {""value"": 1276, ""threshold"": 50, ""passed"": true}, ""is_structurally_sound"": {""value"": false, ""passed"": false}, ""trade_path_quality_score"": {""value"": 0.0, ""threshold"": 0.0, ""passed"": true}}, ""failures"": [""structural_soundness_fail: ""], ""warnings"": [], ""classification"": ""research""}"
(*)|(loc_dist_ema20_atr_ts_top60==0)|(reg_atr_change_rate_ts_band25_75==1&reg_atr_change_rate_ts_top30==1&reg_atr_change_rate_ts_top50==1),*,loc_dist_ema20_atr_ts_top60==0,reg_atr_change_rate_ts_band25_75==1&reg_atr_change_rate_ts_top30==1&reg_atr_change_rate_ts_top50==1,0.33254799246788025,0.33254799246788025,0.01859450592874808,0.2559663752714793,0.10427160493827159,0.007470921121188775,1.0,1.0,0.5054945054945055,1276,,,-0.0027945515828056706,-0.010584275638499084,-0.008475281287468304,0.0021548076205564256,,0.3333333333333333,0.024105530281699674,,1.0,-0.05156557788173071,-0.003646890874544284,7.8759230039184045,2.938124756842034e-09,0.009016501540294522,0.0,7.602728262474157,0.0008899394178153968,0.0008899394178153968,9.00082109739369e-05,0.3324579842569063,3,1,1,4,4,stage_a_context,,long,4-way,True,,production,0.024105530281699674,-0.003646890874544284,0.04201921792202423,1.0,primary_target,0,rejected,research,"{""checks"": {""n_folds"": {""value"": 3, ""threshold"": 3, ""passed"": true}, ""presence_freq"": {""value"": 1.0, ""threshold"": 0.75, ""passed"": true}, ""directional_mean_ret"": {""value"": 0.33254799246788025, ""threshold"": 0.0, ""passed"": true}, ""hurdle_excess"": {""value"": 0.3324579842569063, ""threshold"": 0.0, ""passed"": true}, ""min_support_actual"": {""value"": 1276, ""threshold"": 50, ""passed"": true}, ""is_structurally_sound"": {""value"": false, ""passed"": false}, ""trade_path_quality_score"": {""value"": 0.0, ""threshold"": 0.0, ""passed"": true}}, ""failures"": [""structural_soundness_fail: ""], ""warnings"": [], ""classification"": ""research""}"
(*)|(loc_dist_ema20_atr_ts_top60==0)|(reg_atr_change_rate_ts_top30==1&reg_atr_change_rate_ts_top50==1),*,loc_dist_ema20_atr_ts_top60==0,reg_atr_change_rate_ts_top30==1&reg_atr_change_rate_ts_top50==1,0.33254799246788025,0.33254799246788025,0.01859450592874808,0.2559663752714793,0.10427160493827159,0.007470921121188775,1.0,1.0,0.5054945054945055,1276,,,-0.0027945515828056706,-0.010584275638499084,-0.008475281287468304,0.0021548076205564256,,0.3333333333333333,0.024105530281699674,,1.0,-0.05156557788173071,-0.003646890874544284,7.8759230039184045,2.938124756842034e-09,0.009016501540294522,0.0,7.602728262474157,0.0008899394178153968,0.0008899394178153968,7.000638631306202e-05,0.3324779860815672,3,4,4,3,3,stage_a_context,,long,3-way,True,,production,0.024105530281699674,-0.003646890874544284,0.04201921792202423,1.0,primary_target,0,rejected,research,"{""checks"": {""n_folds"": {""value"": 3, ""threshold"": 3, ""passed"": true}, ""presence_freq"": {""value"": 1.0, ""threshold"": 0.75, ""passed"": true}, ""directional_mean_ret"": {""value"": 0.33254799246788025, ""threshold"": 0.0, ""passed"": true}, ""hurdle_excess"": {""value"": 0.3324779860815672, ""threshold"": 0.0, ""passed"": true}, ""min_support_actual"": {""value"": 1276, ""threshold"": 50, ""passed"": true}, ""is_structurally_sound"": {""value"": false, ""passed"": false}, ""trade_path_quality_score"": {""value"": 0.0, ""threshold"": 0.0, ""passed"": true}}, ""failures"": [""structural_soundness_fail: ""], ""warnings"": [], ""classification"": ""research""}"
(*)|(loc_dist_ema20_atr_ts_top60==0)|(reg_atr_change_rate_ts_top40==1&reg_atr_change_rate_ts_top50==1),*,loc_dist_ema20_atr_ts_top60==0,reg_atr_change_rate_ts_top40==1&reg_atr_change_rate_ts_top50==1,0.33254799246788025,0.33254799246788025,0.01859450592874808,0.2559663752714793,0.10427160493827159,0.007470921121188775,1.0,1.0,0.5054945054945055,1276,,,-0.0027945515828056706,-0.010584275638499084,-0.008475281287468304,0.0021548076205564256,,0.3333333333333333,0.024105530281699674,,1.0,-0.05156557788173071,-0.003646890874544284,7.8759230039184045,2.938124756842034e-09,0.009016501540294522,0.0,7.602728262474157,0.0008899394178153968,0.0008899394178153968,7.000638631306202e-05,0.3324779860815672,3,1,1,3,3,stage_a_context,,long,3-way,True,,production,0.024105530281699674,-0.003646890874544284,0.04201921792202423,1.0,primary_target,0,rejected,research,"{""checks"": {""n_folds"": {""value"": 3, ""threshold"": 3, ""passed"": true}, ""presence_freq"": {""value"": 1.0, ""threshold"": 0.75, ""passed"": true}, ""directional_mean_ret"": {""value"": 0.33254799246788025, ""threshold"": 0.0, ""passed"": true}, ""hurdle_excess"": {""value"": 0.3324779860815672, ""threshold"": 0.0, ""passed"": true}, ""min_support_actual"": {""value"": 1276, ""threshold"": 50, ""passed"": true}, ""is_structurally_sound"": {""value"": false, ""passed"": false}, ""trade_path_quality_score"": {""value"": 0.0, ""threshold"": 0.0, ""passed"": true}}, ""failures"": [""structural_soundness_fail: ""], ""warnings"": [], ""classification"": ""research""}"
(*)|(loc_dist_ema20_atr_ts_top70==0)|(reg_atr_change_rate_ts_top30==1&reg_atr_change_rate_ts_top50==1&reg_atr_change_rate_ts_top60==0),*,loc_dist_ema20_atr_ts_top70==0,reg_atr_change_rate_ts_top30==1&reg_atr_change_rate_ts_top50==1&reg_atr_change_rate_ts_top60==0,0.33254799246788025,0.33254799246788025,0.01859450592874808,0.2559663752714793,0.10427160493827159,0.007470921121188775,1.0,1.0,0.5054945054945055,1276,,,-0.0027945515828056706,-0.010584275638499084,-0.008475281287468304,0.0021548076205564256,,0.3333333333333333,0.024105530281699674,,1.0,-0.05156557788173071,-0.003646890874544284,7.8759230039184045,2.938124756842034e-09,0.009016501540294522,0.0,7.602728262474157,0.0008899394178153968,0.0008899394178153968,9.00082109739369e-05,0.3324579842569063,3,1,1,4,4,stage_a_context,,long,4-way,True,,production,0.024105530281699674,-0.003646890874544284,0.04201921792202423,1.0,primary_target,0,rejected,research,"{""checks"": {""n_folds"": {""value"": 3, ""threshold"": 3, ""passed"": true}, ""presence_freq"": {""value"": 1.0, ""threshold"": 0.75, ""passed"": true}, ""directional_mean_ret"": {""value"": 0.33254799246788025, ""threshold"": 0.0, ""passed"": true}, ""hurdle_excess"": {""value"": 0.3324579842569063, ""threshold"": 0.0, ""passed"": true}, ""min_support_actual"": {""value"": 1276, ""threshold"": 50, ""passed"": true}, ""is_structurally_sound"": {""value"": false, ""passed"": false}, ""trade_path_quality_score"": {""value"": 0.0, ""threshold"": 0.0, ""passed"": true}}, ""failures"": [""structural_soundness_fail: ""], ""warnings"": [], ""classification"": ""research""}"
(*)|(loc_dist_ema20_atr_ts_top70==0)|(reg_atr_change_rate_ts_top40==1&reg_atr_change_rate_ts_top50==1&reg_atr_change_rate_ts_top60==0),*,loc_dist_ema20_atr_ts_top70==0,reg_atr_change_rate_ts_top40==1&reg_atr_change_rate_ts_top50==1&reg_atr_change_rate_ts_top60==0,0.33254799246788025,0.33254799246788025,0.01859450592874808,0.2559663752714793,0.10427160493827159,0.007470921121188775,1.0,1.0,0.5054945054945055,1276,,,-0.0027945515828056706,-0.010584275638499084,-0.008475281287468304,0.0021548076205564256,,0.3333333333333333,0.024105530281699674,,1.0,-0.05156557788173071,-0.003646890874544284,7.8759230039184045,2.938124756842034e-09,0.009016501540294522,0.0,7.602728262474157,0.0008899394178153968,0.0008899394178153968,9.00082109739369e-05,0.3324579842569063,3,1,1,4,4,stage_a_context,,long,4-way,True,,production,0.024105530281699674,-0.003646890874544284,0.04201921792202423,1.0,primary_target,0,rejected,research,"{""checks"": {""n_folds"": {""value"": 3, ""threshold"": 3, ""passed"": true}, ""presence_freq"": {""value"": 1.0, ""threshold"": 0.75, ""passed"": true}, ""directional_mean_ret"": {""value"": 0.33254799246788025, ""threshold"": 0.0, ""passed"": true}, ""hurdle_excess"": {""value"": 0.3324579842569063, ""threshold"": 0.0, ""passed"": true}, ""min_support_actual"": {""value"": 1276, ""threshold"": 50, ""passed"": true}, ""is_structurally_sound"": {""value"": false, ""passed"": false}, ""trade_path_quality_score"": {""value"": 0.0, ""threshold"": 0.0, ""passed"": true}}, ""failures"": [""structural_soundness_fail: ""], ""warnings"": [], ""classification"": ""research""}"
(*)|(loc_dist_ema20_atr_ts_top80==0)|(reg_atr_change_rate_ts_top30==1&reg_atr_change_rate_ts_top40==1&reg_atr_change_rate_ts_top50==1&reg_atr_change_rate_ts_top60==0),*,loc_dist_ema20_atr_ts_top80==0,reg_atr_change_rate_ts_top30==1&reg_atr_change_rate_ts_top40==1&reg_atr_change_rate_ts_top50==1&reg_atr_change_rate_ts_top60==0,0.33254799246788025,0.33254799246788025,0.01859450592874808,0.2559663752714793,0.10427160493827159,0.007470921121188775,1.0,1.0,0.5054945054945055,1276,,,-0.0027945515828056706,-0.010584275638499084,-0.008475281287468304,0.0021548076205564256,,0.3333333333333333,0.024105530281699674,,1.0,-0.05156557788173071,-0.003646890874544284,7.8759230039184045,2.938124756842034e-09,0.009016501540294522,0.0,7.602728262474157,0.0008899394178153968,0.0008899394178153968,9.00082109739369e-05,0.3324579842569063,3,1,1,5,5,stage_a_context,,long,5-way,True,,production,0.024105530281699674,-0.003646890874544284,0.04201921792202423,1.0,primary_target,0,rejected,research,"{""checks"": {""n_folds"": {""value"": 3, ""threshold"": 3, ""passed"": true}, ""presence_freq"": {""value"": 1.0, ""threshold"": 0.75, ""passed"": true}, ""directional_mean_ret"": {""value"": 0.33254799246788025, ""threshold"": 0.0, ""passed"": true}, ""hurdle_excess"": {""value"": 0.3324579842569063, ""threshold"": 0.0, ""passed"": true}, ""min_support_actual"": {""value"": 1276, ""threshold"": 50, ""passed"": true}, ""is_structurally_sound"": {""value"": false, ""passed"": false}, ""trade_path_quality_score"": {""value"": 0.0, ""threshold"": 0.0, ""passed"": true}}, ""failures"": [""structural_soundness_fail: ""], ""warnings"": [], ""classification"": ""research""}"
(*)|(*)|(reg_atr_change_rate_ts_band40_60==0&reg_atr_change_rate_ts_top30==1&reg_atr_change_rate_ts_top70==0),*,*,reg_atr_change_rate_ts_band40_60==0&reg_atr_change_rate_ts_top30==1&reg_atr_change_rate_ts_top70==0,0.3351503113905589,0.3351503113905589,0.011540433975549876,0.2529110312461853,0.20604938271604936,0.0036340780668312252,1.0,1.0,0.5030084235860409,2727,,,0.0018446950778757618,-0.0023073565131036793,0.010047797755660724,0.010098298007747683,,0.6666666666666666,-0.008130990782283833,-0.2661782480806925,0.6666666666666666,-0.08296303299990863,-0.01764538014138435,-1.105812474626681,0.000352516604842092,0.00014937956427434738,5.693856999474625e-06,7.685046644188369,0.0002441977069277525,0.0002441977069277525,7.393626505105927e-05,0.33507637512550786,3,1,1,3,3,stage_a_context,,long,3-way,True,,production,-0.008130990782283833,-0.01764538014138435,0.01625663370551737,0.3116049382716051,primary_target,0,rejected,research,"{""checks"": {""n_folds"": {""value"": 3, ""threshold"": 3, ""passed"": true}, ""presence_freq"": {""value"": 1.0, ""threshold"": 0.75, ""passed"": true}, ""directional_mean_ret"": {""value"": 0.3351503113905589, ""threshold"": 0.0, ""passed"": true}, ""hurdle_excess"": {""value"": 0.33507637512550786, ""threshold"": 0.0, ""passed"": true}, ""min_support_actual"": {""value"": 2727, ""threshold"": 50, ""passed"": true}, ""is_structurally_sound"": {""value"": false, ""passed"": false}, ""trade_path_quality_score"": {""value"": 5.693856999474625e-06, ""threshold"": 0.0, ""passed"": true}}, ""failures"": [""structural_soundness_fail: ""], ""warnings"": [], ""classification"": ""research""}"
(*)|(*)|(reg_atr_change_rate_ts_top20==1&reg_atr_change_rate_ts_top50==1&reg_atr_change_rate_ts_top70==0),*,*,reg_atr_change_rate_ts_top20==1&reg_atr_change_rate_ts_top50==1&reg_atr_change_rate_ts_top70==0,0.33328573902448017,0.33328573902448017,0.018844834807376455,0.251109038790067,0.20990123456790122,0.015150557728406781,1.0,1.0,0.51357733175915,2583,,,-0.0016734639423169652,-0.014898702778856781,-0.009472712601791052,0.007652150564485809,,0.3333333333333333,-0.011429189341899909,-2.698633904316535,1.0,-0.07665295736724378,-0.020943578701000425,-3.7559335711746384,0.008616101334452621,0.00020470180245094782,0.0,7.577887451225834,0.0001432337450098222,0.0001432337450098222,7.422739847584209e-05,0.3332115116260043,3,1,1,3,3,stage_a_context,,long,3-way,True,,production,-0.011429189341899909,-0.020943578701000425,0.03310378724896449,0.2807901234567903,primary_target,0,rejected,research,"{""checks"": {""n_folds"": {""value"": 3, ""threshold"": 3, ""passed"": true}, ""presence_freq"": {""value"": 1.0, ""threshold"": 0.75, ""passed"": true}, ""directional_mean_ret"": {""value"": 0.33328573902448017, ""threshold"": 0.0, ""passed"": true}, ""hurdle_excess"": {""value"": 0.3332115116260043, ""threshold"": 0.0, ""passed"": true}, ""min_support_actual"": {""value"": 2583, ""threshold"": 50, ""passed"": true}, ""is_structurally_sound"": {""value"": false, ""passed"": false}, ""trade_path_quality_score"": {""value"": 0.0, ""threshold"": 0.0, ""passed"": true}}, ""failures"": [""structural_soundness_fail: ""], ""warnings"": [], ""classification"": ""research""}"
(*)|(*)|(reg_atr_change_rate_ts_top50==1&reg_atr_change_rate_ts_top70==0&reg_atr_change_rate_ts_top80==0),*,*,reg_atr_change_rate_ts_top50==1&reg_atr_change_rate_ts_top70==0&reg_atr_change_rate_ts_top80==0,0.33328573902448017,0.33328573902448017,0.018844834807376455,0.251109038790067,0.20990123456790122,0.015150557728406781,1.0,1.0,0.51357733175915,2583,,,-0.0016734639423169652,-0.014898702778856781,-0.009472712601791052,0.007652150564485809,,0.3333333333333333,-0.011429189341899909,-2.698633904316535,1.0,-0.07665295736724378,-0.020943578701000425,-3.7559335711746384,0.008616101334452621,0.00020470180245094782,0.0,7.577887451225834,0.0001432337450098222,0.0001432337450098222,7.422739847584209e-05,0.3332115116260043,3,1,1,3,3,stage_a_context,,long,3-way,True,,production,-0.011429189341899909,-0.020943578701000425,0.03310378724896449,0.2807901234567903,primary_target,0,rejected,research,"{""checks"": {""n_folds"": {""value"": 3, ""threshold"": 3, ""passed"": true}, ""presence_freq"": {""value"": 1.0, ""threshold"": 0.75, ""passed"": true}, ""directional_mean_ret"": {""value"": 0.33328573902448017, ""threshold"": 0.0, ""passed"": true}, ""hurdle_excess"": {""value"": 0.3332115116260043, ""threshold"": 0.0, ""passed"": true}, ""min_support_actual"": {""value"": 2583, ""threshold"": 50, ""passed"": true}, ""is_structurally_sound"": {""value"": false, ""passed"": false}, ""trade_path_quality_score"": {""value"": 0.0, ""threshold"": 0.0, ""passed"": true}}, ""failures"": [""structural_soundness_fail: ""], ""warnings"": [], ""classification"": ""research""}"
(*)|(*)|(reg_atr_change_rate_ts_bot30==1&reg_atr_change_rate_ts_top20==1&reg_atr_change_rate_ts_top40==0),*,*,reg_atr_change_rate_ts_bot30==1&reg_atr_change_rate_ts_top20==1&reg_atr_change_rate_ts_top40==0,0.33842921257019043,0.33842921257019043,0.009166315854305376,0.2621986170609792,0.09355555555555556,0.016757120796655076,1.0,1.0,0.5292740046838408,1001,,,0.004570183069792482,0.003099721317969566,0.006316213278684079,0.0069136599260611956,,0.6666666666666666,-0.019428386213599894,-0.5466634628516256,0.6666666666666666,-0.13048845037140794,-0.02894277557270041,-5.914606001192378,0.048317856344027306,0.0001331709937520382,0.0,7.7438815643201195,0.00013471572553896245,0.00013471572553896245,7.002907160493826e-05,0.3383591834985855,3,1,1,3,3,stage_a_context,,long,3-way,True,,production,-0.019428386213599894,-0.02894277557270041,0.030882189569250745,1.0,primary_target,0,rejected,research,"{""checks"": {""n_folds"": {""value"": 3, ""threshold"": 3, ""passed"": true}, ""presence_freq"": {""value"": 1.0, ""threshold"": 0.75, ""passed"": true}, ""directional_mean_ret"": {""value"": 0.33842921257019043, ""threshold"": 0.0, ""passed"": true}, ""hurdle_excess"": {""value"": 0.3383591834985855, ""threshold"": 0.0, ""passed"": true}, ""min_support_actual"": {""value"": 1001, ""threshold"": 50, ""passed"": true}, ""is_structurally_sound"": {""value"": false, ""passed"": false}, ""trade_path_quality_score"": {""value"": 0.0, ""threshold"": 0.0, ""passed"": true}}, ""failures"": [""structural_soundness_fail: ""], ""warnings"": [], ""classification"": ""research""}"
(*)|(*)|(reg_atr_change_rate_ts_top20==1&reg_atr_change_rate_ts_top30==0&reg_atr_change_rate_ts_top40==0),*,*,reg_atr_change_rate_ts_top20==1&reg_atr_change_rate_ts_top30==0&reg_atr_change_rate_ts_top40==0,0.33842921257019043,0.33842921257019043,0.009166315854305376,0.2621986170609792,0.09355555555555556,0.016757120796655076,1.0,1.0,0.5292740046838408,1001,,,0.004570183069792482,0.003099721317969566,0.006316213278684079,0.0069136599260611956,,0.6666666666666666,-0.019428386213599894,-0.5466634628516256,0.6666666666666666,-0.13048845037140794,-0.02894277557270041,-5.914606001192378,0.048317856344027306,0.0001331709937520382,0.0,7.7438815643201195,0.00013471572553896245,0.00013471572553896245,7.002907160493826e-05,0.3383591834985855,3,1,1,3,3,stage_a_context,,long,3-way,True,,production,-0.019428386213599894,-0.02894277557270041,0.030882189569250745,1.0,primary_target,0,rejected,research,"{""checks"": {""n_folds"": {""value"": 3, ""threshold"": 3, ""passed"": true}, ""presence_freq"": {""value"": 1.0, ""threshold"": 0.75, ""passed"": true}, ""directional_mean_ret"": {""value"": 0.33842921257019043, ""threshold"": 0.0, ""passed"": true}, ""hurdle_excess"": {""value"": 0.3383591834985855, ""threshold"": 0.0, ""passed"": true}, ""min_support_actual"": {""value"": 1001, ""threshold"": 50, ""passed"": true}, ""is_structurally_sound"": {""value"": false, ""passed"": false}, ""trade_path_quality_score"": {""value"": 0.0, ""threshold"": 0.0, ""passed"": true}}, ""failures"": [""structural_soundness_fail: ""], ""warnings"": [], ""classification"": ""research""}"
(*)|(*)|(reg_atr_change_rate_ts_top20==1&reg_atr_change_rate_ts_top30==0&reg_atr_change_rate_ts_top60==0),*,*,reg_atr_change_rate_ts_top20==1&reg_atr_change_rate_ts_top30==0&reg_atr_change_rate_ts_top60==0,0.33842921257019043,0.33842921257019043,0.009166315854305376,0.2621986170609792,0.09355555555555556,0.016757120796655076,1.0,1.0,0.5292740046838408,1001,,,0.004570183069792482,0.003099721317969566,0.006316213278684079,0.0069136599260611956,,0.6666666666666666,-0.019428386213599894,-0.5466634628516256,0.6666666666666666,-0.13048845037140794,-0.02894277557270041,-5.914606001192378,0.048317856344027306,0.0001331709937520382,0.0,7.7438815643201195,0.00013471572553896245,0.00013471572553896245,7.002907160493826e-05,0.3383591834985855,3,1,1,3,3,stage_a_context,,long,3-way,True,,production,-0.019428386213599894,-0.02894277557270041,0.030882189569250745,1.0,primary_target,0,rejected,research,"{""checks"": {""n_folds"": {""value"": 3, ""threshold"": 3, ""passed"": true}, ""presence_freq"": {""value"": 1.0, ""threshold"": 0.75, ""passed"": true}, ""directional_mean_ret"": {""value"": 0.33842921257019043, ""threshold"": 0.0, ""passed"": true}, ""hurdle_excess"": {""value"": 0.3383591834985855, ""threshold"": 0.0, ""passed"": true}, ""min_support_actual"": {""value"": 1001, ""threshold"": 50, ""passed"": true}, ""is_structurally_sound"": {""value"": false, ""passed"": false}, ""trade_path_quality_score"": {""value"": 0.0, ""threshold"": 0.0, ""passed"": true}}, ""failures"": [""structural_soundness_fail: ""], ""warnings"": [], ""classification"": ""research""}"
(*)|(*)|(reg_atr_change_rate_ts_top20==1&reg_atr_change_rate_ts_top30==0),*,*,reg_atr_change_rate_ts_top20==1&reg_atr_change_rate_ts_top30==0,0.33842921257019043,0.33842921257019043,0.009166315854305376,0.2621986170609792,0.09355555555555556,0.016757120796655076,1.0,1.0,0.5292740046838408,1001,,,0.004570183069792482,0.003099721317969566,0.006316213278684079,0.0069136599260611956,,0.6666666666666666,-0.019428386213599894,-0.5466634628516256,0.6666666666666666,-0.13048845037140794,-0.02894277557270041,-5.914606001192378,0.048317856344027306,0.0001331709937520382,0.0,7.7438815643201195,0.00013471572553896245,0.00013471572553896245,8.503530123456792e-05,0.3383441772689559,3,5,5,2,2,stage_a_context,,long,2-way,True,,production,-0.019428386213599894,-0.02894277557270041,0.030882189569250745,1.0,primary_target,0,rejected,research,"{""checks"": {""n_folds"": {""value"": 3, ""threshold"": 3, ""passed"": true}, ""presence_freq"": {""value"": 1.0, ""threshold"": 0.75, ""passed"": true}, ""directional_mean_ret"": {""value"": 0.33842921257019043, ""threshold"": 0.0, ""passed"": true}, ""hurdle_excess"": {""value"": 0.3383441772689559, ""threshold"": 0.0, ""passed"": true}, ""min_support_actual"": {""value"": 1001, ""threshold"": 50, ""passed"": true}, ""is_structurally_sound"": {""value"": false, ""passed"": false}, ""trade_path_quality_score"": {""value"": 0.0, ""threshold"": 0.0, ""passed"": true}}, ""failures"": [""structural_soundness_fail: ""], ""warnings"": [], ""classification"": ""research""}"
(*)|(loc_dist_ema20_atr_ts_top20==1&loc_dist_ema20_atr_ts_top30==0)|(reg_atr_change_rate_ts_top60==0),*,loc_dist_ema20_atr_ts_top20==1&loc_dist_ema20_atr_ts_top30==0,reg_atr_change_rate_ts_top60==0,0.33842921257019043,0.33842921257019043,0.009166315854305376,0.2621986170609792,0.09355555555555556,0.016757120796655076,1.0,1.0,0.5292740046838408,1001,,,0.004570183069792482,0.003099721317969566,0.006316213278684079,0.0069136599260611956,,0.6666666666666666,-0.019428386213599894,-0.5466634628516256,0.6666666666666666,-0.13048845037140794,-0.02894277557270041,-5.914606001192378,0.048317856344027306,0.0001331709937520382,0.0,7.7438815643201195,0.00013471572553896245,0.00013471572553896245,7.002907160493826e-05,0.3383591834985855,3,1,1,3,3,stage_a_context,,long,3-way,True,,production,-0.019428386213599894,-0.02894277557270041,0.030882189569250745,1.0,primary_target,0,rejected,research,"{""checks"": {""n_folds"": {""value"": 3, ""threshold"": 3, ""passed"": true}, ""presence_freq"": {""value"": 1.0, ""threshold"": 0.75, ""passed"": true}, ""directional_mean_ret"": {""value"": 0.33842921257019043, ""threshold"": 0.0, ""passed"": true}, ""hurdle_excess"": {""value"": 0.3383591834985855, ""threshold"": 0.0, ""passed"": true}, ""min_support_actual"": {""value"": 1001, ""threshold"": 50, ""passed"": true}, ""is_structurally_sound"": {""value"": false, ""passed"": false}, ""trade_path_quality_score"": {""value"": 0.0, ""threshold"": 0.0, ""passed"": true}}, ""failures"": [""structural_soundness_fail: ""], ""warnings"": [], ""classification"": ""research""}"
(*)|(loc_dist_ema20_atr_ts_top20==1)|(reg_atr_change_rate_ts_top30==0),*,loc_dist_ema20_atr_ts_top20==1,reg_atr_change_rate_ts_top30==0,0.33842921257019043,0.33842921257019043,0.009166315854305376,0.2621986170609792,0.09355555555555556,0.016757120796655076,1.0,1.0,0.5292740046838408,1001,,,0.004570183069792482,0.003099721317969566,0.006316213278684079,0.0069136599260611956,,0.6666666666666666,-0.019428386213599894,-0.5466634628516256,0.6666666666666666,-0.13048845037140794,-0.02894277557270041,-5.914606001192378,0.048317856344027306,0.0001331709937520382,0.0,7.7438815643201195,0.00013471572553896245,0.00013471572553896245,8.503530123456792e-05,0.3383441772689559,3,1,1,2,2,stage_a_context,,long,2-way,True,,production,-0.019428386213599894,-0.02894277557270041,0.030882189569250745,1.0,primary_target,0,rejected,research,"{""checks"": {""n_folds"": {""value"": 3, ""threshold"": 3, ""passed"": true}, ""presence_freq"": {""value"": 1.0, ""threshold"": 0.75, ""passed"": true}, ""directional_mean_ret"": {""value"": 0.33842921257019043, ""threshold"": 0.0, ""passed"": true}, ""hurdle_excess"": {""value"": 0.3383441772689559, ""threshold"": 0.0, ""passed"": true}, ""min_support_actual"": {""value"": 1001, ""threshold"": 50, ""passed"": true}, ""is_structurally_sound"": {""value"": false, ""passed"": false}, ""trade_path_quality_score"": {""value"": 0.0, ""threshold"": 0.0, ""passed"": true}}, ""failures"": [""structural_soundness_fail: ""], ""warnings"": [], ""classification"": ""research""}"
(*)|(loc_dist_ema20_atr_ts_top30==0)|(reg_atr_change_rate_ts_top20==1&reg_atr_change_rate_ts_top40==0),*,loc_dist_ema20_atr_ts_top30==0,reg_atr_change_rate_ts_top20==1&reg_atr_change_rate_ts_top40==0,0.33842921257019043,0.33842921257019043,0.009166315854305376,0.2621986170609792,0.09355555555555556,0.016757120796655076,1.0,1.0,0.5292740046838408,1001,,,0.004570183069792482,0.003099721317969566,0.006316213278684079,0.0069136599260611956,,0.6666666666666666,-0.019428386213599894,-0.5466634628516256,0.6666666666666666,-0.13048845037140794,-0.02894277557270041,-5.914606001192378,0.048317856344027306,0.0001331709937520382,0.0,7.7438815643201195,0.00013471572553896245,0.00013471572553896245,7.002907160493826e-05,0.3383591834985855,3,2,2,3,3,stage_a_context,,long,3-way,True,,production,-0.019428386213599894,-0.02894277557270041,0.030882189569250745,1.0,primary_target,0,rejected,research,"{""checks"": {""n_folds"": {""value"": 3, ""threshold"": 3, ""passed"": true}, ""presence_freq"": {""value"": 1.0, ""threshold"": 0.75, ""passed"": true}, ""directional_mean_ret"": {""value"": 0.33842921257019043, ""threshold"": 0.0, ""passed"": true}, ""hurdle_excess"": {""value"": 0.3383591834985855, ""threshold"": 0.0, ""passed"": true}, ""min_support_actual"": {""value"": 1001, ""threshold"": 50, ""passed"": true}, ""is_structurally_sound"": {""value"": false, ""passed"": false}, ""trade_path_quality_score"": {""value"": 0.0, ""threshold"": 0.0, ""passed"": true}}, ""failures"": [""structural_soundness_fail: ""], ""warnings"": [], ""classification"": ""research""}"
(*)|(loc_dist_ema20_atr_ts_top40==0)|(reg_atr_change_rate_ts_top20==1&reg_atr_change_rate_ts_top30==0&reg_atr_change_rate_ts_top60==0),*,loc_dist_ema20_atr_ts_top40==0,reg_atr_change_rate_ts_top20==1&reg_atr_change_rate_ts_top30==0&reg_atr_change_rate_ts_top60==0,0.33842921257019043,0.33842921257019043,0.009166315854305376,0.2621986170609792,0.09355555555555556,0.016757120796655076,1.0,1.0,0.5292740046838408,1001,,,0.004570183069792482,0.003099721317969566,0.006316213278684079,0.0069136599260611956,,0.6666666666666666,-0.019428386213599894,-0.5466634628516256,0.6666666666666666,-0.13048845037140794,-0.02894277557270041,-5.914606001192378,0.048317856344027306,0.0001331709937520382,0.0,7.7438815643201195,0.00013471572553896245,0.00013471572553896245,9.003737777777779e-05,0.33833917519241263,3,1,1,4,4,stage_a_context,,long,4-way,True,,production,-0.019428386213599894,-0.02894277557270041,0.030882189569250745,1.0,primary_target,0,rejected,research,"{""checks"": {""n_folds"": {""value"": 3, ""threshold"": 3, ""passed"": true}, ""presence_freq"": {""value"": 1.0, ""threshold"": 0.75, ""passed"": true}, ""directional_mean_ret"": {""value"": 0.33842921257019043, ""threshold"": 0.0, ""passed"": true}, ""hurdle_excess"": {""value"": 0.33833917519241263, ""threshold"": 0.0, ""passed"": true}, ""min_support_actual"": {""value"": 1001, ""threshold"": 50, ""passed"": true}, ""is_structurally_sound"": {""value"": false, ""passed"": false}, ""trade_path_quality_score"": {""value"": 0.0, ""threshold"": 0.0, ""passed"": true}}, ""failures"": [""structural_soundness_fail: ""], ""warnings"": [], ""classification"": ""research""}"
(*)|(*)|(reg_atr_change_rate_ts_top20==1&reg_atr_change_rate_ts_top30==0&reg_atr_change_rate_ts_top40==0&reg_ema20_gt_ema50_raw==1),*,*,reg_atr_change_rate_ts_top20==1&reg_atr_change_rate_ts_top30==0&reg_atr_change_rate_ts_top40==0&reg_ema20_gt_ema50_raw==1,0.3384028573830922,0.3384028573830922,0.009142306599921714,0.26238635182380676,0.0862469135802469,0.010814025564526243,1.0,1.0,0.5164473684210527,961,,,0.004443626149592642,0.0029098859376698078,0.0060373500480874415,0.0067742283107628766,,0.6666666666666666,-0.02003005465190983,-0.5631958627958508,0.6666666666666666,-0.12728503218155485,-0.02954444401101035,-6.466856591640066,0.049104408647812105,2.2014019245189426e-05,0.0,7.7438815643201195,6.078607564254558e-05,6.078607564254558e-05,9.017023264746227e-05,0.33831268715044477,3,2,2,4,4,stage_a_context,,long,4-way,True,,production,-0.02003005465190983,-0.02954444401101035,0.03095801364533705,1.0,primary_target,0,rejected,research,"{""checks"": {""n_folds"": {""value"": 3, ""threshold"": 3, ""passed"": true}, ""presence_freq"": {""value"": 1.0, ""threshold"": 0.75, ""passed"": true}, ""directional_mean_ret"": {""value"": 0.3384028573830922, ""threshold"": 0.0, ""passed"": true}, ""hurdle_excess"": {""value"": 0.33831268715044477, ""threshold"": 0.0, ""passed"": true}, ""min_support_actual"": {""value"": 961, ""threshold"": 50, ""passed"": true}, ""is_structurally_sound"": {""value"": false, ""passed"": false}, ""trade_path_quality_score"": {""value"": 0.0, ""threshold"": 0.0, ""passed"": true}}, ""failures"": [""structural_soundness_fail: ""], ""warnings"": [], ""classification"": ""research""}"
(*)|(*)|(reg_atr_change_rate_ts_top20==1&reg_atr_change_rate_ts_top30==0&reg_atr_change_rate_ts_top60==0&reg_ema20_gt_ema50_raw==1),*,*,reg_atr_change_rate_ts_top20==1&reg_atr_change_rate_ts_top30==0&reg_atr_change_rate_ts_top60==0&reg_ema20_gt_ema50_raw==1,0.3384028573830922,0.3384028573830922,0.009142306599921714,0.26238635182380676,0.0862469135802469,0.010814025564526243,1.0,1.0,0.5164473684210527,961,,,0.004443626149592642,0.0029098859376698078,0.0060373500480874415,0.0067742283107628766,,0.6666666666666666,-0.02003005465190983,-0.5631958627958508,0.6666666666666666,-0.12728503218155485,-0.02954444401101035,-6.466856591640066,0.049104408647812105,2.2014019245189426e-05,0.0,7.7438815643201195,6.078607564254558e-05,6.078607564254558e-05,9.017023264746227e-05,0.33831268715044477,3,2,2,4,4,stage_a_context,,long,4-way,True,,production,-0.02003005465190983,-0.02954444401101035,0.03095801364533705,1.0,primary_target,0,rejected,research,"{""checks"": {""n_folds"": {""value"": 3, ""threshold"": 3, ""passed"": true}, ""presence_freq"": {""value"": 1.0, ""threshold"": 0.75, ""passed"": true}, ""directional_mean_ret"": {""value"": 0.3384028573830922, ""threshold"": 0.0, ""passed"": true}, ""hurdle_excess"": {""value"": 0.33831268715044477, ""threshold"": 0.0, ""passed"": true}, ""min_support_actual"": {""value"": 961, ""threshold"": 50, ""passed"": true}, ""is_structurally_sound"": {""value"": false, ""passed"": false}, ""trade_path_quality_score"": {""value"": 0.0, ""threshold"": 0.0, ""passed"": true}}, ""failures"": [""structural_soundness_fail: ""], ""warnings"": [], ""classification"": ""research""}"
(*)|(*)|(reg_atr_change_rate_ts_top20==1&reg_atr_change_rate_ts_top30==0&reg_ema20_gt_ema50_raw==1),*,*,reg_atr_change_rate_ts_top20==1&reg_atr_change_rate_ts_top30==0&reg_ema20_gt_ema50_raw==1,0.3384028573830922,0.3384028573830922,0.009142306599921714,0.26238635182380676,0.0862469135802469,0.010814025564526243,1.0,1.0,0.5164473684210527,961,,,0.004443626149592642,0.0029098859376698078,0.0060373500480874415,0.0067742283107628766,,0.6666666666666666,-0.02003005465190983,-0.5631958627958508,0.6666666666666666,-0.12728503218155485,-0.02954444401101035,-6.466856591640066,0.049104408647812105,2.2014019245189426e-05,0.0,7.7438815643201195,6.078607564254558e-05,6.078607564254558e-05,7.013240317024842e-05,0.33833272497992195,3,5,5,3,3,stage_a_context,,long,3-way,True,,production,-0.02003005465190983,-0.02954444401101035,0.03095801364533705,1.0,primary_target,0,rejected,research,"{""checks"": {""n_folds"": {""value"": 3, ""threshold"": 3, ""passed"": true}, ""presence_freq"": {""value"": 1.0, ""threshold"": 0.75, ""passed"": true}, ""directional_mean_ret"": {""value"": 0.3384028573830922, ""threshold"": 0.0, ""passed"": true}, ""hurdle_excess"": {""value"": 0.33833272497992195, ""threshold"": 0.0, ""passed"": true}, ""min_support_actual"": {""value"": 961, ""threshold"": 50, ""passed"": true}, ""is_structurally_sound"": {""value"": false, ""passed"": false}, ""trade_path_quality_score"": {""value"": 0.0, ""threshold"": 0.0, ""passed"": true}}, ""failures"": [""structural_soundness_fail: ""], ""warnings"": [], ""classification"": ""research""}"
(*)|(*)|(reg_atr_change_rate_ts_top20==1&reg_atr_change_rate_ts_top30==0&reg_ema50_gt_ema200_raw==1),*,*,reg_atr_change_rate_ts_top20==1&reg_atr_change_rate_ts_top30==0&reg_ema50_gt_ema200_raw==1,0.3384028573830922,0.3384028573830922,0.009142306599921714,0.26238635182380676,0.0862469135802469,0.010814025564526243,1.0,1.0,0.5164473684210527,961,,,0.004443626149592642,0.0029098859376698078,0.0060373500480874415,0.0067742283107628766,,0.6666666666666666,-0.02003005465190983,-0.5631958627958508,0.6666666666666666,-0.12728503218155485,-0.02954444401101035,-6.466856591640066,0.049104408647812105,2.2014019245189426e-05,0.0,7.7438815643201195,6.078607564254558e-05,6.078607564254558e-05,7.013240317024842e-05,0.33833272497992195,3,1,1,3,3,stage_a_context,,long,3-way,True,,production,-0.02003005465190983,-0.02954444401101035,0.03095801364533705,1.0,primary_target,0,rejected,research,"{""checks"": {""n_folds"": {""value"": 3, ""threshold"": 3, ""passed"": true}, ""presence_freq"": {""value"": 1.0, ""threshold"": 0.75, ""passed"": true}, ""directional_mean_ret"": {""value"": 0.3384028573830922, ""threshold"": 0.0, ""passed"": true}, ""hurdle_excess"": {""value"": 0.33833272497992195, ""threshold"": 0.0, ""passed"": true}, ""min_support_actual"": {""value"": 961, ""threshold"": 50, ""passed"": true}, ""is_structurally_sound"": {""value"": false, ""passed"": false}, ""trade_path_quality_score"": {""value"": 0.0, ""threshold"": 0.0, ""passed"": true}}, ""failures"": [""structural_soundness_fail: ""], ""warnings"": [], ""classification"": ""research""}"
(*)|(loc_dist_ema20_atr_ts_top20==1)|(reg_atr_change_rate_ts_top30==0&reg_atr_change_rate_ts_top60==0&reg_ema20_gt_ema50_raw==1),*,loc_dist_ema20_atr_ts_top20==1,reg_atr_change_rate_ts_top30==0&reg_atr_change_rate_ts_top60==0&reg_ema20_gt_ema50_raw==1,0.3384028573830922,0.3384028573830922,0.009142306599921714,0.26238635182380676,0.0862469135802469,0.010814025564526243,1.0,1.0,0.5164473684210527,961,,,0.004443626149592642,0.0029098859376698078,0.0060373500480874415,0.0067742283107628766,,0.6666666666666666,-0.02003005465190983,-0.5631958627958508,0.6666666666666666,-0.12728503218155485,-0.02954444401101035,-6.466856591640066,0.049104408647812105,2.2014019245189426e-05,0.0,7.7438815643201195,6.078607564254558e-05,6.078607564254558e-05,9.017023264746227e-05,0.33831268715044477,3,1,1,4,4,stage_a_context,,long,4-way,True,,production,-0.02003005465190983,-0.02954444401101035,0.03095801364533705,1.0,primary_target,0,rejected,research,"{""checks"": {""n_folds"": {""value"": 3, ""threshold"": 3, ""passed"": true}, ""presence_freq"": {""value"": 1.0, ""threshold"": 0.75, ""passed"": true}, ""directional_mean_ret"": {""value"": 0.3384028573830922, ""threshold"": 0.0, ""passed"": true}, ""hurdle_excess"": {""value"": 0.33831268715044477, ""threshold"": 0.0, ""passed"": true}, ""min_support_actual"": {""value"": 961, ""threshold"": 50, ""passed"": true}, ""is_structurally_sound"": {""value"": false, ""passed"": false}, ""trade_path_quality_score"": {""value"": 0.0, ""threshold"": 0.0, ""passed"": true}}, ""failures"": [""structural_soundness_fail: ""], ""warnings"": [], ""classification"": ""research""}"
(*)|(loc_dist_ema20_atr_ts_top20==1)|(reg_atr_change_rate_ts_top30==0&reg_ema20_gt_ema50_raw==1),*,loc_dist_ema20_atr_ts_top20==1,reg_atr_change_rate_ts_top30==0&reg_ema20_gt_ema50_raw==1,0.3384028573830922,0.3384028573830922,0.009142306599921714,0.26238635182380676,0.0862469135802469,0.010814025564526243,1.0,1.0,0.5164473684210527,961,,,0.004443626149592642,0.0029098859376698078,0.0060373500480874415,0.0067742283107628766,,0.6666666666666666,-0.02003005465190983,-0.5631958627958508,0.6666666666666666,-0.12728503218155485,-0.02954444401101035,-6.466856591640066,0.049104408647812105,2.2014019245189426e-05,0.0,7.7438815643201195,6.078607564254558e-05,6.078607564254558e-05,7.013240317024842e-05,0.33833272497992195,3,1,1,3,3,stage_a_context,,long,3-way,True,,production,-0.02003005465190983,-0.02954444401101035,0.03095801364533705,1.0,primary_target,0,rejected,research,"{""checks"": {""n_folds"": {""value"": 3, ""threshold"": 3, ""passed"": true}, ""presence_freq"": {""value"": 1.0, ""threshold"": 0.75, ""passed"": true}, ""directional_mean_ret"": {""value"": 0.3384028573830922, ""threshold"": 0.0, ""passed"": true}, ""hurdle_excess"": {""value"": 0.33833272497992195, ""threshold"": 0.0, ""passed"": true}, ""min_support_actual"": {""value"": 961, ""threshold"": 50, ""passed"": true}, ""is_structurally_sound"": {""value"": false, ""passed"": false}, ""trade_path_quality_score"": {""value"": 0.0, ""threshold"": 0.0, ""passed"": true}}, ""failures"": [""structural_soundness_fail: ""], ""warnings"": [], ""classification"": ""research""}"
(*)|(loc_dist_ema20_atr_ts_top30==0)|(reg_atr_change_rate_ts_top20==1&reg_atr_change_rate_ts_top60==0&reg_ema20_gt_ema50_raw==1),*,loc_dist_ema20_atr_ts_top30==0,reg_atr_change_rate_ts_top20==1&reg_atr_change_rate_ts_top60==0&reg_ema20_gt_ema50_raw==1,0.3384028573830922,0.3384028573830922,0.009142306599921714,0.26238635182380676,0.0862469135802469,0.010814025564526243,1.0,1.0,0.5164473684210527,961,,,0.004443626149592642,0.0029098859376698078,0.0060373500480874415,0.0067742283107628766,,0.6666666666666666,-0.02003005465190983,-0.5631958627958508,0.6666666666666666,-0.12728503218155485,-0.02954444401101035,-6.466856591640066,0.049104408647812105,2.2014019245189426e-05,0.0,7.7438815643201195,6.078607564254558e-05,6.078607564254558e-05,9.017023264746227e-05,0.33831268715044477,3,2,2,4,4,stage_a_context,,long,4-way,True,,production,-0.02003005465190983,-0.02954444401101035,0.03095801364533705,1.0,primary_target,0,rejected,research,"{""checks"": {""n_folds"": {""value"": 3, ""threshold"": 3, ""passed"": true}, ""presence_freq"": {""value"": 1.0, ""threshold"": 0.75, ""passed"": true}, ""directional_mean_ret"": {""value"": 0.3384028573830922, ""threshold"": 0.0, ""passed"": true}, ""hurdle_excess"": {""value"": 0.33831268715044477, ""threshold"": 0.0, ""passed"": true}, ""min_support_actual"": {""value"": 961, ""threshold"": 50, ""passed"": true}, ""is_structurally_sound"": {""value"": false, ""passed"": false}, ""trade_path_quality_score"": {""value"": 0.0, ""threshold"": 0.0, ""passed"": true}}, ""failures"": [""structural_soundness_fail: ""], ""warnings"": [], ""classification"": ""research""}"
(*)|(loc_dist_ema20_atr_ts_top40==0)|(reg_atr_change_rate_ts_bot20==0&reg_atr_change_rate_ts_top30==0&reg_ema20_gt_ema50_raw==1),*,loc_dist_ema20_atr_ts_top40==0,reg_atr_change_rate_ts_bot20==0&reg_atr_change_rate_ts_top30==0&reg_ema20_gt_ema50_raw==1,0.3384028573830922,0.3384028573830922,0.009142306599921714,0.26238635182380676,0.0862469135802469,0.010814025564526243,1.0,1.0,0.5164473684210527,961,,,0.004443626149592642,0.0029098859376698078,0.0060373500480874415,0.0067742283107628766,,0.6666666666666666,-0.02003005465190983,-0.5631958627958508,0.6666666666666666,-0.12728503218155485,-0.02954444401101035,-6.466856591640066,0.049104408647812105,2.2014019245189426e-05,0.0,7.7438815643201195,6.078607564254558e-05,6.078607564254558e-05,9.017023264746227e-05,0.33831268715044477,3,1,1,4,4,stage_a_context,,long,4-way,True,,production,-0.02003005465190983,-0.02954444401101035,0.03095801364533705,1.0,primary_target,0,rejected,research,"{""checks"": {""n_folds"": {""value"": 3, ""threshold"": 3, ""passed"": true}, ""presence_freq"": {""value"": 1.0, ""threshold"": 0.75, ""passed"": true}, ""directional_mean_ret"": {""value"": 0.3384028573830922, ""threshold"": 0.0, ""passed"": true}, ""hurdle_excess"": {""value"": 0.33831268715044477, ""threshold"": 0.0, ""passed"": true}, ""min_support_actual"": {""value"": 961, ""threshold"": 50, ""passed"": true}, ""is_structurally_sound"": {""value"": false, ""passed"": false}, ""trade_path_quality_score"": {""value"": 0.0, ""threshold"": 0.0, ""passed"": true}}, ""failures"": [""structural_soundness_fail: ""], ""warnings"": [], ""classification"": ""research""}"
(*)|(*)|(reg_atr_change_rate_ts_top20==1&reg_atr_change_rate_ts_top40==0&reg_atr_change_rate_ts_top50==0),*,*,reg_atr_change_rate_ts_top20==1&reg_atr_change_rate_ts_top40==0&reg_atr_change_rate_ts_top50==0,0.3380388716856639,0.3380388716856639,0.006673121596280169,0.2609145740667979,0.19397530864197532,0.02805196910350061,1.0,1.0,0.5140845070422535,2165,,,0.005279314445083712,-0.005753041385564971,-0.005197790229130812,0.011073117938625133,,0.3333333333333333,-0.03254028612898243,-1.4524992686107685,0.6666666666666666,-0.03378530630944209,-0.04205467548808295,-5.772260566801838,0.278244254215032,2.6183589610792796e-05,0.0,7.839504779233128,5.988801179747436e-05,5.988801179747436e-05,7.309097552202407e-05,0.3379657807101418,3,1,1,3,3,stage_a_context,,long,3-way,True,,production,-0.03254028612898243,-0.04205467548808295,0.011781205108519691,0.40819753086419747,primary_target,0,rejected,research,"{""checks"": {""n_folds"": {""value"": 3, ""threshold"": 3, ""passed"": true}, ""presence_freq"": {""value"": 1.0, ""threshold"": 0.75, ""passed"": true}, ""directional_mean_ret"": {""value"": 0.3380388716856639, ""threshold"": 0.0, ""passed"": true}, ""hurdle_excess"": {""value"": 0.3379657807101418, ""threshold"": 0.0, ""passed"": true}, ""min_support_actual"": {""value"": 2165, ""threshold"": 50, ""passed"": true}, ""is_structurally_sound"": {""value"": false, ""passed"": false}, ""trade_path_quality_score"": {""value"": 0.0, ""threshold"": 0.0, ""passed"": true}}, ""failures"": [""structural_soundness_fail: ""], ""warnings"": [], ""classification"": ""research""}"
(*)|(*)|(reg_atr_change_rate_ts_top20==1&reg_atr_change_rate_ts_top40==0&reg_atr_change_rate_ts_top60==0),*,*,reg_atr_change_rate_ts_top20==1&reg_atr_change_rate_ts_top40==0&reg_atr_change_rate_ts_top60==0,0.3380388716856639,0.3380388716856639,0.006673121596280169,0.2609145740667979,0.19397530864197532,0.02805196910350061,1.0,1.0,0.5140845070422535,2165,,,0.005279314445083712,-0.005753041385564971,-0.005197790229130812,0.011073117938625133,,0.3333333333333333,-0.03254028612898243,-1.4524992686107685,0.6666666666666666,-0.03378530630944209,-0.04205467548808295,-5.772260566801838,0.278244254215032,2.6183589610792796e-05,0.0,7.839504779233128,5.988801179747436e-05,5.988801179747436e-05,7.309097552202407e-05,0.3379657807101418,3,1,1,3,3,stage_a_context,,long,3-way,True,,production,-0.03254028612898243,-0.04205467548808295,0.011781205108519691,0.40819753086419747,primary_target,0,rejected,research,"{""checks"": {""n_folds"": {""value"": 3, ""threshold"": 3, ""passed"": true}, ""presence_freq"": {""value"": 1.0, ""threshold"": 0.75, ""passed"": true}, ""directional_mean_ret"": {""value"": 0.3380388716856639, ""threshold"": 0.0, ""passed"": true}, ""hurdle_excess"": {""value"": 0.3379657807101418, ""threshold"": 0.0, ""passed"": true}, ""min_support_actual"": {""value"": 2165, ""threshold"": 50, ""passed"": true}, ""is_structurally_sound"": {""value"": false, ""passed"": false}, ""trade_path_quality_score"": {""value"": 0.0, ""threshold"": 0.0, ""passed"": true}}, ""failures"": [""structural_soundness_fail: ""], ""warnings"": [], ""classification"": ""research""}"
(*)|(*)|(reg_atr_change_rate_ts_top20==1&reg_atr_change_rate_ts_top40==0),*,*,reg_atr_change_rate_ts_top20==1&reg_atr_change_rate_ts_top40==0,0.3380388716856639,0.3380388716856639,0.006673121596280169,0.2609145740667979,0.19397530864197532,0.02805196910350061,1.0,1.0,0.5140845070422535,2165,,,0.005279314445083712,-0.005753041385564971,-0.005197790229130812,0.011073117938625133,,0.3333333333333333,-0.03254028612898243,-1.4524992686107685,0.6666666666666666,-0.03378530630944209,-0.04205467548808295,-5.772260566801838,0.278244254215032,2.6183589610792796e-05,0.0,7.839504779233128,5.988801179747436e-05,5.988801179747436e-05,8.875332741960068e-05,0.3379501183582443,3,2,2,2,2,stage_a_context,,long,2-way,True,,production,-0.03254028612898243,-0.04205467548808295,0.011781205108519691,0.40819753086419747,primary_target,0,rejected,research,"{""checks"": {""n_folds"": {""value"": 3, ""threshold"": 3, ""passed"": true}, ""presence_freq"": {""value"": 1.0, ""threshold"": 0.75, ""passed"": true}, ""directional_mean_ret"": {""value"": 0.3380388716856639, ""threshold"": 0.0, ""passed"": true}, ""hurdle_excess"": {""value"": 0.3379501183582443, ""threshold"": 0.0, ""passed"": true}, ""min_support_actual"": {""value"": 2165, ""threshold"": 50, ""passed"": true}, ""is_structurally_sound"": {""value"": false, ""passed"": false}, ""trade_path_quality_score"": {""value"": 0.0, ""threshold"": 0.0, ""passed"": true}}, ""failures"": [""structural_soundness_fail: ""], ""warnings"": [], ""classification"": ""research""}"
(*)|(*)|(reg_atr_change_rate_ts_band25_75==1&reg_atr_change_rate_ts_top40==0&reg_atr_change_rate_ts_top50==0&reg_price_lt_ema200_raw==1),*,*,reg_atr_change_rate_ts_band25_75==1&reg_atr_change_rate_ts_top40==0&reg_atr_change_rate_ts_top50==0&reg_price_lt_ema200_raw==1,0.33876017729441327,0.33876017729441327,0.004301668114511249,0.25971899429957074,0.13446913580246914,0.011718592394662379,1.0,1.0,0.5125136017410229,1598,,,0.005601880330887356,-0.0066774700782111646,-0.0016555221248221665,0.014252529512131112,,0.3333333333333333,-0.04353230705662475,-2.4212639470413264,1.0,-0.04050694596742751,-0.05304669641572527,-35.39384440276276,1.3041984666214455e-05,1.0345295841819924e-05,0.0,7.839315442262855,4.3662513401404495e-05,4.3662513401404495e-05,9.053465459533608e-05,0.3386696426398179,3,1,1,4,4,stage_a_context,,long,4-way,True,,production,-0.04353230705662475,-0.05304669641572527,0.0030960904336980732,0.8842469135802469,primary_target,0,rejected,research,"{""checks"": {""n_folds"": {""value"": 3, ""threshold"": 3, ""passed"": true}, ""presence_freq"": {""value"": 1.0, ""threshold"": 0.75, ""passed"": true}, ""directional_mean_ret"": {""value"": 0.33876017729441327, ""threshold"": 0.0, ""passed"": true}, ""hurdle_excess"": {""value"": 0.3386696426398179, ""threshold"": 0.0, ""passed"": true}, ""min_support_actual"": {""value"": 1598, ""threshold"": 50, ""passed"": true}, ""is_structurally_sound"": {""value"": false, ""passed"": false}, ""trade_path_quality_score"": {""value"": 0.0, ""threshold"": 0.0, ""passed"": true}}, ""failures"": [""structural_soundness_fail: ""], ""warnings"": [], ""classification"": ""research""}"
(*)|(*)|(reg_atr_change_rate_ts_band25_75==1&reg_atr_change_rate_ts_top40==0&reg_ema20_gt_ema50_raw==1),*,*,reg_atr_change_rate_ts_band25_75==1&reg_atr_change_rate_ts_top40==0&reg_ema20_gt_ema50_raw==1,0.33876017729441327,0.33876017729441327,0.004301668114511249,0.25971899429957074,0.13446913580246914,0.011718592394662379,1.0,1.0,0.5125136017410229,1598,,,0.005601880330887356,-0.0066774700782111646,-0.0016555221248221665,0.014252529512131112,,0.3333333333333333,-0.04353230705662475,-2.4212639470413264,1.0,-0.04050694596742751,-0.05304669641572527,-35.39384440276276,1.3041984666214455e-05,1.0345295841819924e-05,0.0,7.839315442262855,4.3662513401404495e-05,4.3662513401404495e-05,7.041584246303916e-05,0.33868976145195023,3,2,2,3,3,stage_a_context,,long,3-way,True,,production,-0.04353230705662475,-0.05304669641572527,0.0030960904336980732,0.8842469135802469,primary_target,0,rejected,research,"{""checks"": {""n_folds"": {""value"": 3, ""threshold"": 3, ""passed"": true}, ""presence_freq"": {""value"": 1.0, ""threshold"": 0.75, ""passed"": true}, ""directional_mean_ret"": {""value"": 0.33876017729441327, ""threshold"": 0.0, ""passed"": true}, ""hurdle_excess"": {""value"": 0.33868976145195023, ""threshold"": 0.0, ""passed"": true}, ""min_support_actual"": {""value"": 1598, ""threshold"": 50, ""passed"": true}, ""is_structurally_sound"": {""value"": false, ""passed"": false}, ""trade_path_quality_score"": {""value"": 0.0, ""threshold"": 0.0, ""passed"": true}}, ""failures"": [""structural_soundness_fail: ""], ""warnings"": [], ""classification"": ""research""}"
(*)|(*)|(reg_atr_change_rate_ts_band25_75==1&reg_atr_change_rate_ts_top20==1&reg_atr_change_rate_ts_top40==0),*,*,reg_atr_change_rate_ts_band25_75==1&reg_atr_change_rate_ts_top20==1&reg_atr_change_rate_ts_top40==0,0.3387601673603058,0.3387601673603058,0.004301661623246864,0.25971900423367816,0.14780246913580244,0.018313465561737977,1.0,1.0,0.5178997613365155,1706,,,0.005601880330887356,-0.0066774700782111646,-0.0016555221248221665,0.014252529512131112,,0.3333333333333333,-0.04353230705662475,-2.4212639470413264,1.0,-0.04050694596742751,-0.05304669641572527,-35.39384440276276,1.3041984666214455e-05,1.0345295841819924e-05,0.0,7.839315442262855,4.3149914179388144e-05,4.3149914179388144e-05,7.079977661941777e-05,0.3386893675836864,3,1,1,3,3,stage_a_context,,long,3-way,True,,production,-0.04353230705662475,-0.05304669641572527,0.0030960904336980732,0.7775802469135804,primary_target,0,rejected,research,"{""checks"": {""n_folds"": {""value"": 3, ""threshold"": 3, ""passed"": true}, ""presence_freq"": {""value"": 1.0, ""threshold"": 0.75, ""passed"": true}, ""directional_mean_ret"": {""value"": 0.3387601673603058, ""threshold"": 0.0, ""passed"": true}, ""hurdle_excess"": {""value"": 0.3386893675836864, ""threshold"": 0.0, ""passed"": true}, ""min_support_actual"": {""value"": 1706, ""threshold"": 50, ""passed"": true}, ""is_structurally_sound"": {""value"": false, ""passed"": false}, ""trade_path_quality_score"": {""value"": 0.0, ""threshold"": 0.0, ""passed"": true}}, ""failures"": [""structural_soundness_fail: ""], ""warnings"": [], ""classification"": ""research""}"
(*)|(*)|(reg_atr_change_rate_ts_band25_75==1&reg_atr_change_rate_ts_top40==0),*,*,reg_atr_change_rate_ts_band25_75==1&reg_atr_change_rate_ts_top40==0,0.3387601673603058,0.3387601673603058,0.004301661623246864,0.25971900423367816,0.14780246913580244,0.018313465561737977,1.0,1.0,0.5178997613365155,1706,,,0.005601880330887356,-0.0066774700782111646,-0.0016555221248221665,0.014252529512131112,,0.3333333333333333,-0.04353230705662475,-2.4212639470413264,1.0,-0.04050694596742751,-0.05304669641572527,-35.39384440276276,1.3041984666214455e-05,1.0345295841819924e-05,0.0,7.839315442262855,4.3149914179388144e-05,4.3149914179388144e-05,8.597115732357873e-05,0.3386741962029822,3,5,5,2,2,stage_a_context,,long,2-way,True,,production,-0.04353230705662475,-0.05304669641572527,0.0030960904336980732,0.7775802469135804,primary_target,0,rejected,research,"{""checks"": {""n_folds"": {""value"": 3, ""threshold"": 3, ""passed"": true}, ""presence_freq"": {""value"": 1.0, ""threshold"": 0.75, ""passed"": true}, ""directional_mean_ret"": {""value"": 0.3387601673603058, ""threshold"": 0.0, ""passed"": true}, ""hurdle_excess"": {""value"": 0.3386741962029822, ""threshold"": 0.0, ""passed"": true}, ""min_support_actual"": {""value"": 1706, ""threshold"": 50, ""passed"": true}, ""is_structurally_sound"": {""value"": false, ""passed"": false}, ""trade_path_quality_score"": {""value"": 0.0, ""threshold"": 0.0, ""passed"": true}}, ""failures"": [""structural_soundness_fail: ""], ""warnings"": [], ""classification"": ""research""}"
(*)|(loc_dist_ema20_atr_ts_band25_75==1)|(reg_atr_change_rate_ts_top40==0),*,loc_dist_ema20_atr_ts_band25_75==1,reg_atr_change_rate_ts_top40==0,0.3387601673603058,0.3387601673603058,0.004301661623246864,0.25971900423367816,0.14780246913580244,0.018313465561737977,1.0,1.0,0.5178997613365155,1706,,,0.005601880330887356,-0.0066774700782111646,-0.0016555221248221665,0.014252529512131112,,0.3333333333333333,-0.04353230705662475,-2.4212639470413264,1.0,-0.04050694596742751,-0.05304669641572527,-35.39384440276276,1.3041984666214455e-05,1.0345295841819924e-05,0.0,7.839315442262855,4.3149914179388144e-05,4.3149914179388144e-05,8.597115732357873e-05,0.3386741962029822,3,2,2,2,2,stage_a_context,,long,2-way,True,,production,-0.04353230705662475,-0.05304669641572527,0.0030960904336980732,0.7775802469135804,primary_target,0,rejected,research,"{""checks"": {""n_folds"": {""value"": 3, ""threshold"": 3, ""passed"": true}, ""presence_freq"": {""value"": 1.0, ""threshold"": 0.75, ""passed"": true}, ""directional_mean_ret"": {""value"": 0.3387601673603058, ""threshold"": 0.0, ""passed"": true}, ""hurdle_excess"": {""value"": 0.3386741962029822, ""threshold"": 0.0, ""passed"": true}, ""min_support_actual"": {""value"": 1706, ""threshold"": 50, ""passed"": true}, ""is_structurally_sound"": {""value"": false, ""passed"": false}, ""trade_path_quality_score"": {""value"": 0.0, ""threshold"": 0.0, ""passed"": true}}, ""failures"": [""structural_soundness_fail: ""], ""warnings"": [], ""classification"": ""research""}"
(*)|(loc_dist_ema20_atr_ts_top20==1&loc_dist_ema20_atr_ts_top70==0)|(reg_atr_change_rate_ts_band25_75==1&reg_atr_change_rate_ts_top40==0),*,loc_dist_ema20_atr_ts_top20==1&loc_dist_ema20_atr_ts_top70==0,reg_atr_change_rate_ts_band25_75==1&reg_atr_change_rate_ts_top40==0,0.3387601673603058,0.3387601673603058,0.004301661623246864,0.25971900423367816,0.14780246913580244,0.018313465561737977,1.0,1.0,0.5178997613365155,1706,,,0.005601880330887356,-0.0066774700782111646,-0.0016555221248221665,0.014252529512131112,,0.3333333333333333,-0.04353230705662475,-2.4212639470413264,1.0,-0.04050694596742751,-0.05304669641572527,-35.39384440276276,1.3041984666214455e-05,1.0345295841819924e-05,0.0,7.839315442262855,4.3149914179388144e-05,4.3149914179388144e-05,9.10282842249657e-05,0.3386691390760808,3,1,1,4,4,stage_a_context,,long,4-way,True,,production,-0.04353230705662475,-0.05304669641572527,0.0030960904336980732,0.7775802469135804,primary_target,0,rejected,research,"{""checks"": {""n_folds"": {""value"": 3, ""threshold"": 3, ""passed"": true}, ""presence_freq"": {""value"": 1.0, ""threshold"": 0.75, ""passed"": true}, ""directional_mean_ret"": {""value"": 0.3387601673603058, ""threshold"": 0.0, ""passed"": true}, ""hurdle_excess"": {""value"": 0.3386691390760808, ""threshold"": 0.0, ""passed"": true}, ""min_support_actual"": {""value"": 1706, ""threshold"": 50, ""passed"": true}, ""is_structurally_sound"": {""value"": false, ""passed"": false}, ""trade_path_quality_score"": {""value"": 0.0, ""threshold"": 0.0, ""passed"": true}}, ""failures"": [""structural_soundness_fail: ""], ""warnings"": [], ""classification"": ""research""}"
(*)|(loc_dist_ema20_atr_ts_top40==0)|(reg_atr_change_rate_ts_band25_75==1&reg_atr_change_rate_ts_top60==0),*,loc_dist_ema20_atr_ts_top40==0,reg_atr_change_rate_ts_band25_75==1&reg_atr_change_rate_ts_top60==0,0.3387601673603058,0.3387601673603058,0.004301661623246864,0.25971900423367816,0.14780246913580244,0.018313465561737977,1.0,1.0,0.5178997613365155,1706,,,0.005601880330887356,-0.0066774700782111646,-0.0016555221248221665,0.014252529512131112,,0.3333333333333333,-0.04353230705662475,-2.4212639470413264,1.0,-0.04050694596742751,-0.05304669641572527,-35.39384440276276,1.3041984666214455e-05,1.0345295841819924e-05,0.0,7.839315442262855,4.3149914179388144e-05,4.3149914179388144e-05,7.079977661941777e-05,0.3386893675836864,3,1,1,3,3,stage_a_context,,long,3-way,True,,production,-0.04353230705662475,-0.05304669641572527,0.0030960904336980732,0.7775802469135804,primary_target,0,rejected,research,"{""checks"": {""n_folds"": {""value"": 3, ""threshold"": 3, ""passed"": true}, ""presence_freq"": {""value"": 1.0, ""threshold"": 0.75, ""passed"": true}, ""directional_mean_ret"": {""value"": 0.3387601673603058, ""threshold"": 0.0, ""passed"": true}, ""hurdle_excess"": {""value"": 0.3386893675836864, ""threshold"": 0.0, ""passed"": true}, ""min_support_actual"": {""value"": 1706, ""threshold"": 50, ""passed"": true}, ""is_structurally_sound"": {""value"": false, ""passed"": false}, ""trade_path_quality_score"": {""value"": 0.0, ""threshold"": 0.0, ""passed"": true}}, ""failures"": [""structural_soundness_fail: ""], ""warnings"": [], ""classification"": ""research""}"
(*)|(*)|(reg_atr_change_rate_ts_band40_60==1&reg_atr_change_rate_ts_top30==1&reg_atr_change_rate_ts_top70==0),*,*,reg_atr_change_rate_ts_band40_60==1&reg_atr_change_rate_ts_top30==1&reg_atr_change_rate_ts_top70==0,0.3329247335592906,0.3329247335592906,0.012026216958061935,0.2545965413252513,0.20669135802469138,0.003107777951881617,1.0,1.0,0.5100830367734283,2731,,,-0.002518845316294715,-0.0066075883475685635,-0.00317139944831283,0.0012436206489700764,,0.3333333333333333,-0.0251089436927824,-2.187266421686289,1.0,-0.02207789944937763,-0.03462333305188292,-8.935838338728681,2.2560953684636887e-06,8.938605632237863e-06,0.0,7.6612380324199005,3.695560105145948e-05,3.695560105145948e-05,7.398406605700351e-05,0.33285074949323357,3,1,1,3,3,stage_a_context,,long,3-way,True,,production,-0.0251089436927824,-0.03462333305188292,0.02280543530960033,0.306469135802469,primary_target,0,rejected,research,"{""checks"": {""n_folds"": {""value"": 3, ""threshold"": 3, ""passed"": true}, ""presence_freq"": {""value"": 1.0, ""threshold"": 0.75, ""passed"": true}, ""directional_mean_ret"": {""value"": 0.3329247335592906, ""threshold"": 0.0, ""passed"": true}, ""hurdle_excess"": {""value"": 0.33285074949323357, ""threshold"": 0.0, ""passed"": true}, ""min_support_actual"": {""value"": 2731, ""threshold"": 50, ""passed"": true}, ""is_structurally_sound"": {""value"": false, ""passed"": false}, ""trade_path_quality_score"": {""value"": 0.0, ""threshold"": 0.0, ""passed"": true}}, ""failures"": [""structural_soundness_fail: ""], ""warnings"": [], ""classification"": ""research""}"
(*)|(*)|(reg_atr_change_rate_ts_band40_60==1&reg_atr_change_rate_ts_top30==1&reg_atr_change_rate_ts_top80==0),*,*,reg_atr_change_rate_ts_band40_60==1&reg_atr_change_rate_ts_top30==1&reg_atr_change_rate_ts_top80==0,0.3329247335592906,0.3329247335592906,0.012026216958061935,0.2545965413252513,0.20669135802469138,0.003107777951881617,1.0,1.0,0.5100830367734283,2731,,,-0.002518845316294715,-0.0066075883475685635,-0.00317139944831283,0.0012436206489700764,,0.3333333333333333,-0.0251089436927824,-2.187266421686289,1.0,-0.02207789944937763,-0.03462333305188292,-8.935838338728681,2.2560953684636887e-06,8.938605632237863e-06,0.0,7.6612380324199005,3.695560105145948e-05,3.695560105145948e-05,7.398406605700351e-05,0.33285074949323357,3,1,1,3,3,stage_a_context,,long,3-way,True,,production,-0.0251089436927824,-0.03462333305188292,0.02280543530960033,0.306469135802469,primary_target,0,rejected,research,"{""checks"": {""n_folds"": {""value"": 3, ""threshold"": 3, ""passed"": true}, ""presence_freq"": {""value"": 1.0, ""threshold"": 0.75, ""passed"": true}, ""directional_mean_ret"": {""value"": 0.3329247335592906, ""threshold"": 0.0, ""passed"": true}, ""hurdle_excess"": {""value"": 0.33285074949323357, ""threshold"": 0.0, ""passed"": true}, ""min_support_actual"": {""value"": 2731, ""threshold"": 50, ""passed"": true}, ""is_structurally_sound"": {""value"": false, ""passed"": false}, ""trade_path_quality_score"": {""value"": 0.0, ""threshold"": 0.0, ""passed"": true}}, ""failures"": [""structural_soundness_fail: ""], ""warnings"": [], ""classification"": ""research""}"
(*)|(*)|(reg_atr_change_rate_ts_band40_60==1&reg_atr_change_rate_ts_top30==1),*,*,reg_atr_change_rate_ts_band40_60==1&reg_atr_change_rate_ts_top30==1,0.3329247335592906,0.3329247335592906,0.012026216958061935,0.2545965413252513,0.20669135802469138,0.003107777951881617,1.0,1.0,0.5100830367734283,2731,,,-0.002518845316294715,-0.0066075883475685635,-0.00317139944831283,0.0012436206489700764,,0.3333333333333333,-0.0251089436927824,-2.187266421686289,1.0,-0.02207789944937763,-0.03462333305188292,-8.935838338728681,2.2560953684636887e-06,8.938605632237863e-06,0.0,7.6612380324199005,3.695560105145948e-05,3.695560105145948e-05,8.983779449778999e-05,0.3328348957647928,3,1,1,2,2,stage_a_context,,long,2-way,True,,production,-0.0251089436927824,-0.03462333305188292,0.02280543530960033,0.306469135802469,primary_target,0,rejected,research,"{""checks"": {""n_folds"": {""value"": 3, ""threshold"": 3, ""passed"": true}, ""presence_freq"": {""value"": 1.0, ""threshold"": 0.75, ""passed"": true}, ""directional_mean_ret"": {""value"": 0.3329247335592906, ""threshold"": 0.0, ""passed"": true}, ""hurdle_excess"": {""value"": 0.3328348957647928, ""threshold"": 0.0, ""passed"": true}, ""min_support_actual"": {""value"": 2731, ""threshold"": 50, ""passed"": true}, ""is_structurally_sound"": {""value"": false, ""passed"": false}, ""trade_path_quality_score"": {""value"": 0.0, ""threshold"": 0.0, ""passed"": true}}, ""failures"": [""structural_soundness_fail: ""], ""warnings"": [], ""classification"": ""research""}"
(*)|(*)|(reg_atr_change_rate_ts_top20==1&reg_atr_change_rate_ts_top40==1&reg_atr_change_rate_ts_top60==0),*,*,reg_atr_change_rate_ts_top20==1&reg_atr_change_rate_ts_top40==1&reg_atr_change_rate_ts_top60==0,0.3329247335592906,0.3329247335592906,0.012026216958061935,0.2545965413252513,0.20669135802469138,0.003107777951881617,1.0,1.0,0.5100830367734283,2731,,,-0.002518845316294715,-0.0066075883475685635,-0.00317139944831283,0.0012436206489700764,,0.3333333333333333,-0.0251089436927824,-2.187266421686289,1.0,-0.02207789944937763,-0.03462333305188292,-8.935838338728681,2.2560953684636887e-06,8.938605632237863e-06,0.0,7.6612380324199005,3.695560105145948e-05,3.695560105145948e-05,7.398406605700351e-05,0.33285074949323357,3,1,1,3,3,stage_a_context,,long,3-way,True,,production,-0.0251089436927824,-0.03462333305188292,0.02280543530960033,0.306469135802469,primary_target,0,rejected,research,"{""checks"": {""n_folds"": {""value"": 3, ""threshold"": 3, ""passed"": true}, ""presence_freq"": {""value"": 1.0, ""threshold"": 0.75, ""passed"": true}, ""directional_mean_ret"": {""value"": 0.3329247335592906, ""threshold"": 0.0, ""passed"": true}, ""hurdle_excess"": {""value"": 0.33285074949323357, ""threshold"": 0.0, ""passed"": true}, ""min_support_actual"": {""value"": 2731, ""threshold"": 50, ""passed"": true}, ""is_structurally_sound"": {""value"": false, ""passed"": false}, ""trade_path_quality_score"": {""value"": 0.0, ""threshold"": 0.0, ""passed"": true}}, ""failures"": [""structural_soundness_fail: ""], ""warnings"": [], ""classification"": ""research""}"
(*)|(*)|(reg_atr_change_rate_ts_top30==1&reg_atr_change_rate_ts_top40==1&reg_atr_change_rate_ts_top60==0&reg_atr_change_rate_ts_top70==0),*,*,reg_atr_change_rate_ts_top30==1&reg_atr_change_rate_ts_top40==1&reg_atr_change_rate_ts_top60==0&reg_atr_change_rate_ts_top70==0,0.3329247335592906,0.3329247335592906,0.012026216958061935,0.2545965413252513,0.20669135802469138,0.003107777951881617,1.0,1.0,0.5100830367734283,2731,,,-0.002518845316294715,-0.0066075883475685635,-0.00317139944831283,0.0012436206489700764,,0.3333333333333333,-0.0251089436927824,-2.187266421686289,1.0,-0.02207789944937763,-0.03462333305188292,-8.935838338728681,2.2560953684636887e-06,8.938605632237863e-06,0.0,7.6612380324199005,3.695560105145948e-05,3.695560105145948e-05,9.51223706447188e-05,0.33282961118864585,3,1,1,4,4,stage_a_context,,long,4-way,True,,production,-0.0251089436927824,-0.03462333305188292,0.02280543530960033,0.306469135802469,primary_target,0,rejected,research,"{""checks"": {""n_folds"": {""value"": 3, ""threshold"": 3, ""passed"": true}, ""presence_freq"": {""value"": 1.0, ""threshold"": 0.75, ""passed"": true}, ""directional_mean_ret"": {""value"": 0.3329247335592906, ""threshold"": 0.0, ""passed"": true}, ""hurdle_excess"": {""value"": 0.33282961118864585, ""threshold"": 0.0, ""passed"": true}, ""min_support_actual"": {""value"": 2731, ""threshold"": 50, ""passed"": true}, ""is_structurally_sound"": {""value"": false, ""passed"": false}, ""trade_path_quality_score"": {""value"": 0.0, ""threshold"": 0.0, ""passed"": true}}, ""failures"": [""structural_soundness_fail: ""], ""warnings"": [], ""classification"": ""research""}"
(*)|(*)|(reg_atr_change_rate_ts_top30==1&reg_atr_change_rate_ts_top40==1&reg_atr_change_rate_ts_top60==0),*,*,reg_atr_change_rate_ts_top30==1&reg_atr_change_rate_ts_top40==1&reg_atr_change_rate_ts_top60==0,0.3329247335592906,0.3329247335592906,0.012026216958061935,0.2545965413252513,0.20669135802469138,0.003107777951881617,1.0,1.0,0.5100830367734283,2731,,,-0.002518845316294715,-0.0066075883475685635,-0.00317139944831283,0.0012436206489700764,,0.3333333333333333,-0.0251089436927824,-2.187266421686289,1.0,-0.02207789944937763,-0.03462333305188292,-8.935838338728681,2.2560953684636887e-06,8.938605632237863e-06,0.0,7.6612380324199005,3.695560105145948e-05,3.695560105145948e-05,7.398406605700351e-05,0.33285074949323357,3,6,6,3,3,stage_a_context,,long,3-way,True,,production,-0.0251089436927824,-0.03462333305188292,0.02280543530960033,0.306469135802469,primary_target,0,rejected,research,"{""checks"": {""n_folds"": {""value"": 3, ""threshold"": 3, ""passed"": true}, ""presence_freq"": {""value"": 1.0, ""threshold"": 0.75, ""passed"": true}, ""directional_mean_ret"": {""value"": 0.3329247335592906, ""threshold"": 0.0, ""passed"": true}, ""hurdle_excess"": {""value"": 0.33285074949323357, ""threshold"": 0.0, ""passed"": true}, ""min_support_actual"": {""value"": 2731, ""threshold"": 50, ""passed"": true}, ""is_structurally_sound"": {""value"": false, ""passed"": false}, ""trade_path_quality_score"": {""value"": 0.0, ""threshold"": 0.0, ""passed"": true}}, ""failures"": [""structural_soundness_fail: ""], ""warnings"": [], ""classification"": ""research""}"
(*)|(*)|(reg_atr_change_rate_ts_top40==1&reg_atr_change_rate_ts_top60==0&reg_atr_change_rate_ts_top70==0),*,*,reg_atr_change_rate_ts_top40==1&reg_atr_change_rate_ts_top60==0&reg_atr_change_rate_ts_top70==0,0.3329247335592906,0.3329247335592906,0.012026216958061935,0.2545965413252513,0.20669135802469138,0.003107777951881617,1.0,1.0,0.5100830367734283,2731,,,-0.002518845316294715,-0.0066075883475685635,-0.00317139944831283,0.0012436206489700764,,0.3333333333333333,-0.0251089436927824,-2.187266421686289,1.0,-0.02207789944937763,-0.03462333305188292,-8.935838338728681,2.2560953684636887e-06,8.938605632237863e-06,0.0,7.6612380324199005,3.695560105145948e-05,3.695560105145948e-05,7.398406605700351e-05,0.33285074949323357,3,1,1,3,3,stage_a_context,,long,3-way,True,,production,-0.0251089436927824,-0.03462333305188292,0.02280543530960033,0.306469135802469,primary_target,0,rejected,research,"{""checks"": {""n_folds"": {""value"": 3, ""threshold"": 3, ""passed"": true}, ""presence_freq"": {""value"": 1.0, ""threshold"": 0.75, ""passed"": true}, ""directional_mean_ret"": {""value"": 0.3329247335592906, ""threshold"": 0.0, ""passed"": true}, ""hurdle_excess"": {""value"": 0.33285074949323357, ""threshold"": 0.0, ""passed"": true}, ""min_support_actual"": {""value"": 2731, ""threshold"": 50, ""passed"": true}, ""is_structurally_sound"": {""value"": false, ""passed"": false}, ""trade_path_quality_score"": {""value"": 0.0, ""threshold"": 0.0, ""passed"": true}}, ""failures"": [""structural_soundness_fail: ""], ""warnings"": [], ""classification"": ""research""}"
(*)|(*)|(reg_atr_change_rate_ts_top40==1&reg_atr_change_rate_ts_top60==0),*,*,reg_atr_change_rate_ts_top40==1&reg_atr_change_rate_ts_top60==0,0.3329247335592906,0.3329247335592906,0.012026216958061935,0.2545965413252513,0.20669135802469138,0.003107777951881617,1.0,1.0,0.5100830367734283,2731,,,-0.002518845316294715,-0.0066075883475685635,-0.00317139944831283,0.0012436206489700764,,0.3333333333333333,-0.0251089436927824,-2.187266421686289,1.0,-0.02207789944937763,-0.03462333305188292,-8.935838338728681,2.2560953684636887e-06,8.938605632237863e-06,0.0,7.6612380324199005,3.695560105145948e-05,3.695560105145948e-05,8.983779449778999e-05,0.3328348957647928,3,2,2,2,2,stage_a_context,,long,2-way,True,,production,-0.0251089436927824,-0.03462333305188292,0.02280543530960033,0.306469135802469,primary_target,0,rejected,research,"{""checks"": {""n_folds"": {""value"": 3, ""threshold"": 3, ""passed"": true}, ""presence_freq"": {""value"": 1.0, ""threshold"": 0.75, ""passed"": true}, ""directional_mean_ret"": {""value"": 0.3329247335592906, ""threshold"": 0.0, ""passed"": true}, ""hurdle_excess"": {""value"": 0.3328348957647928, ""threshold"": 0.0, ""passed"": true}, ""min_support_actual"": {""value"": 2731, ""threshold"": 50, ""passed"": true}, ""is_structurally_sound"": {""value"": false, ""passed"": false}, ""trade_path_quality_score"": {""value"": 0.0, ""threshold"": 0.0, ""passed"": true}}, ""failures"": [""structural_soundness_fail: ""], ""warnings"": [], ""classification"": ""research""}"
(*)|(loc_dist_ema20_atr_ts_bot60==1)|(reg_atr_change_rate_ts_top40==1),*,loc_dist_ema20_atr_ts_bot60==1,reg_atr_change_rate_ts_top40==1,0.3329247335592906,0.3329247335592906,0.012026216958061935,0.2545965413252513,0.20669135802469138,0.003107777951881617,1.0,1.0,0.5100830367734283,2731,,,-0.002518845316294715,-0.0066075883475685635,-0.00317139944831283,0.0012436206489700764,,0.3333333333333333,-0.0251089436927824,-2.187266421686289,1.0,-0.02207789944937763,-0.03462333305188292,-8.935838338728681,2.2560953684636887e-06,8.938605632237863e-06,0.0,7.6612380324199005,3.695560105145948e-05,3.695560105145948e-05,8.983779449778999e-05,0.3328348957647928,3,1,1,2,2,stage_a_context,,long,2-way,True,,production,-0.0251089436927824,-0.03462333305188292,0.02280543530960033,0.306469135802469,primary_target,0,rejected,research,"{""checks"": {""n_folds"": {""value"": 3, ""threshold"": 3, ""passed"": true}, ""presence_freq"": {""value"": 1.0, ""threshold"": 0.75, ""passed"": true}, ""directional_mean_ret"": {""value"": 0.3329247335592906, ""threshold"": 0.0, ""passed"": true}, ""hurdle_excess"": {""value"": 0.3328348957647928, ""threshold"": 0.0, ""passed"": true}, ""min_support_actual"": {""value"": 2731, ""threshold"": 50, ""passed"": true}, ""is_structurally_sound"": {""value"": false, ""passed"": false}, ""trade_path_quality_score"": {""value"": 0.0, ""threshold"": 0.0, ""passed"": true}}, ""failures"": [""structural_soundness_fail: ""], ""warnings"": [], ""classification"": ""research""}"
(*)|(loc_dist_ema20_atr_ts_top30==1)|(reg_atr_change_rate_ts_top40==1&reg_atr_change_rate_ts_top60==0),*,loc_dist_ema20_atr_ts_top30==1,reg_atr_change_rate_ts_top40==1&reg_atr_change_rate_ts_top60==0,0.3329247335592906,0.3329247335592906,0.012026216958061935,0.2545965413252513,0.20669135802469138,0.003107777951881617,1.0,1.0,0.5100830367734283,2731,,,-0.002518845316294715,-0.0066075883475685635,-0.00317139944831283,0.0012436206489700764,,0.3333333333333333,-0.0251089436927824,-2.187266421686289,1.0,-0.02207789944937763,-0.03462333305188292,-8.935838338728681,2.2560953684636887e-06,8.938605632237863e-06,0.0,7.6612380324199005,3.695560105145948e-05,3.695560105145948e-05,7.398406605700351e-05,0.33285074949323357,3,1,1,3,3,stage_a_context,,long,3-way,True,,production,-0.0251089436927824,-0.03462333305188292,0.02280543530960033,0.306469135802469,primary_target,0,rejected,research,"{""checks"": {""n_folds"": {""value"": 3, ""threshold"": 3, ""passed"": true}, ""presence_freq"": {""value"": 1.0, ""threshold"": 0.75, ""passed"": true}, ""directional_mean_ret"": {""value"": 0.3329247335592906, ""threshold"": 0.0, ""passed"": true}, ""hurdle_excess"": {""value"": 0.33285074949323357, ""threshold"": 0.0, ""passed"": true}, ""min_support_actual"": {""value"": 2731, ""threshold"": 50, ""passed"": true}, ""is_structurally_sound"": {""value"": false, ""passed"": false}, ""trade_path_quality_score"": {""value"": 0.0, ""threshold"": 0.0, ""passed"": true}}, ""failures"": [""structural_soundness_fail: ""], ""warnings"": [], ""classification"": ""research""}"
(*)|(loc_dist_ema20_atr_ts_top40==1&loc_dist_ema20_atr_ts_top70==0)|(reg_atr_change_rate_ts_top60==0),*,loc_dist_ema20_atr_ts_top40==1&loc_dist_ema20_atr_ts_top70==0,reg_atr_change_rate_ts_top60==0,0.3329247335592906,0.3329247335592906,0.012026216958061935,0.2545965413252513,0.20669135802469138,0.003107777951881617,1.0,1.0,0.5100830367734283,2731,,,-0.002518845316294715,-0.0066075883475685635,-0.00317139944831283,0.0012436206489700764,,0.3333333333333333,-0.0251089436927824,-2.187266421686289,1.0,-0.02207789944937763,-0.03462333305188292,-8.935838338728681,2.2560953684636887e-06,8.938605632237863e-06,0.0,7.6612380324199005,3.695560105145948e-05,3.695560105145948e-05,7.398406605700351e-05,0.33285074949323357,3,2,2,3,3,stage_a_context,,long,3-way,True,,production,-0.0251089436927824,-0.03462333305188292,0.02280543530960033,0.306469135802469,primary_target,0,rejected,research,"{""checks"": {""n_folds"": {""value"": 3, ""threshold"": 3, ""passed"": true}, ""presence_freq"": {""value"": 1.0, ""threshold"": 0.75, ""passed"": true}, ""directional_mean_ret"": {""value"": 0.3329247335592906, ""threshold"": 0.0, ""passed"": true}, ""hurdle_excess"": {""value"": 0.33285074949323357, ""threshold"": 0.0, ""passed"": true}, ""min_support_actual"": {""value"": 2731, ""threshold"": 50, ""passed"": true}, ""is_structurally_sound"": {""value"": false, ""passed"": false}, ""trade_path_quality_score"": {""value"": 0.0, ""threshold"": 0.0, ""passed"": true}}, ""failures"": [""structural_soundness_fail: ""], ""warnings"": [], ""classification"": ""research""}"
(*)|(loc_dist_ema20_atr_ts_top40==1)|(reg_atr_change_rate_ts_band25_75==1&reg_atr_change_rate_ts_top60==0),*,loc_dist_ema20_atr_ts_top40==1,reg_atr_change_rate_ts_band25_75==1&reg_atr_change_rate_ts_top60==0,0.3329247335592906,0.3329247335592906,0.012026216958061935,0.2545965413252513,0.20669135802469138,0.003107777951881617,1.0,1.0,0.5100830367734283,2731,,,-0.002518845316294715,-0.0066075883475685635,-0.00317139944831283,0.0012436206489700764,,0.3333333333333333,-0.0251089436927824,-2.187266421686289,1.0,-0.02207789944937763,-0.03462333305188292,-8.935838338728681,2.2560953684636887e-06,8.938605632237863e-06,0.0,7.6612380324199005,3.695560105145948e-05,3.695560105145948e-05,7.398406605700351e-05,0.33285074949323357,3,1,1,3,3,stage_a_context,,long,3-way,True,,production,-0.0251089436927824,-0.03462333305188292,0.02280543530960033,0.306469135802469,primary_target,0,rejected,research,"{""checks"": {""n_folds"": {""value"": 3, ""threshold"": 3, ""passed"": true}, ""presence_freq"": {""value"": 1.0, ""threshold"": 0.75, ""passed"": true}, ""directional_mean_ret"": {""value"": 0.3329247335592906, ""threshold"": 0.0, ""passed"": true}, ""hurdle_excess"": {""value"": 0.33285074949323357, ""threshold"": 0.0, ""passed"": true}, ""min_support_actual"": {""value"": 2731, ""threshold"": 50, ""passed"": true}, ""is_structurally_sound"": {""value"": false, ""passed"": false}, ""trade_path_quality_score"": {""value"": 0.0, ""threshold"": 0.0, ""passed"": true}}, ""failures"": [""structural_soundness_fail: ""], ""warnings"": [], ""classification"": ""research""}"
(*)|(loc_dist_ema20_atr_ts_top40==1)|(reg_atr_change_rate_ts_top20==1&reg_atr_change_rate_ts_top60==0),*,loc_dist_ema20_atr_ts_top40==1,reg_atr_change_rate_ts_top20==1&reg_atr_change_rate_ts_top60==0,0.3329247335592906,0.3329247335592906,0.012026216958061935,0.2545965413252513,0.20669135802469138,0.003107777951881617,1.0,1.0,0.5100830367734283,2731,,,-0.002518845316294715,-0.0066075883475685635,-0.00317139944831283,0.0012436206489700764,,0.3333333333333333,-0.0251089436927824,-2.187266421686289,1.0,-0.02207789944937763,-0.03462333305188292,-8.935838338728681,2.2560953684636887e-06,8.938605632237863e-06,0.0,7.6612380324199005,3.695560105145948e-05,3.695560105145948e-05,7.398406605700351e-05,0.33285074949323357,3,1,1,3,3,stage_a_context,,long,3-way,True,,production,-0.0251089436927824,-0.03462333305188292,0.02280543530960033,0.306469135802469,primary_target,0,rejected,research,"{""checks"": {""n_folds"": {""value"": 3, ""threshold"": 3, ""passed"": true}, ""presence_freq"": {""value"": 1.0, ""threshold"": 0.75, ""passed"": true}, ""directional_mean_ret"": {""value"": 0.3329247335592906, ""threshold"": 0.0, ""passed"": true}, ""hurdle_excess"": {""value"": 0.33285074949323357, ""threshold"": 0.0, ""passed"": true}, ""min_support_actual"": {""value"": 2731, ""threshold"": 50, ""passed"": true}, ""is_structurally_sound"": {""value"": false, ""passed"": false}, ""trade_path_quality_score"": {""value"": 0.0, ""threshold"": 0.0, ""passed"": true}}, ""failures"": [""structural_soundness_fail: ""], ""warnings"": [], ""classification"": ""research""}"
(*)|(loc_dist_ema20_atr_ts_top60==0&loc_dist_ema20_atr_ts_top70==0)|(reg_atr_change_rate_ts_top40==1),*,loc_dist_ema20_atr_ts_top60==0&loc_dist_ema20_atr_ts_top70==0,reg_atr_change_rate_ts_top40==1,0.3329247335592906,0.3329247335592906,0.012026216958061935,0.2545965413252513,0.20669135802469138,0.003107777951881617,1.0,1.0,0.5100830367734283,2731,,,-0.002518845316294715,-0.0066075883475685635,-0.00317139944831283,0.0012436206489700764,,0.3333333333333333,-0.0251089436927824,-2.187266421686289,1.0,-0.02207789944937763,-0.03462333305188292,-8.935838338728681,2.2560953684636887e-06,8.938605632237863e-06,0.0,7.6612380324199005,3.695560105145948e-05,3.695560105145948e-05,7.398406605700351e-05,0.33285074949323357,3,1,1,3,3,stage_a_context,,long,3-way,True,,production,-0.0251089436927824,-0.03462333305188292,0.02280543530960033,0.306469135802469,primary_target,0,rejected,research,"{""checks"": {""n_folds"": {""value"": 3, ""threshold"": 3, ""passed"": true}, ""presence_freq"": {""value"": 1.0, ""threshold"": 0.75, ""passed"": true}, ""directional_mean_ret"": {""value"": 0.3329247335592906, ""threshold"": 0.0, ""passed"": true}, ""hurdle_excess"": {""value"": 0.33285074949323357, ""threshold"": 0.0, ""passed"": true}, ""min_support_actual"": {""value"": 2731, ""threshold"": 50, ""passed"": true}, ""is_structurally_sound"": {""value"": false, ""passed"": false}, ""trade_path_quality_score"": {""value"": 0.0, ""threshold"": 0.0, ""passed"": true}}, ""failures"": [""structural_soundness_fail: ""], ""warnings"": [], ""classification"": ""research""}"
(*)|(loc_dist_ema20_atr_ts_top60==0)|(reg_atr_change_rate_ts_band25_75==1&reg_atr_change_rate_ts_top40==1),*,loc_dist_ema20_atr_ts_top60==0,reg_atr_change_rate_ts_band25_75==1&reg_atr_change_rate_ts_top40==1,0.3329247335592906,0.3329247335592906,0.012026216958061935,0.2545965413252513,0.20669135802469138,0.003107777951881617,1.0,1.0,0.5100830367734283,2731,,,-0.002518845316294715,-0.0066075883475685635,-0.00317139944831283,0.0012436206489700764,,0.3333333333333333,-0.0251089436927824,-2.187266421686289,1.0,-0.02207789944937763,-0.03462333305188292,-8.935838338728681,2.2560953684636887e-06,8.938605632237863e-06,0.0,7.6612380324199005,3.695560105145948e-05,3.695560105145948e-05,7.398406605700351e-05,0.33285074949323357,3,1,1,3,3,stage_a_context,,long,3-way,True,,production,-0.0251089436927824,-0.03462333305188292,0.02280543530960033,0.306469135802469,primary_target,0,rejected,research,"{""checks"": {""n_folds"": {""value"": 3, ""threshold"": 3, ""passed"": true}, ""presence_freq"": {""value"": 1.0, ""threshold"": 0.75, ""passed"": true}, ""directional_mean_ret"": {""value"": 0.3329247335592906, ""threshold"": 0.0, ""passed"": true}, ""hurdle_excess"": {""value"": 0.33285074949323357, ""threshold"": 0.0, ""passed"": true}, ""min_support_actual"": {""value"": 2731, ""threshold"": 50, ""passed"": true}, ""is_structurally_sound"": {""value"": false, ""passed"": false}, ""trade_path_quality_score"": {""value"": 0.0, ""threshold"": 0.0, ""passed"": true}}, ""failures"": [""structural_soundness_fail: ""], ""warnings"": [], ""classification"": ""research""}"
(*)|(loc_dist_ema20_atr_ts_top60==0)|(reg_atr_change_rate_ts_top40==1),*,loc_dist_ema20_atr_ts_top60==0,reg_atr_change_rate_ts_top40==1,0.3329247335592906,0.3329247335592906,0.012026216958061935,0.2545965413252513,0.20669135802469138,0.003107777951881617,1.0,1.0,0.5100830367734283,2731,,,-0.002518845316294715,-0.0066075883475685635,-0.00317139944831283,0.0012436206489700764,,0.3333333333333333,-0.0251089436927824,-2.187266421686289,1.0,-0.02207789944937763,-0.03462333305188292,-8.935838338728681,2.2560953684636887e-06,8.938605632237863e-06,0.0,7.6612380324199005,3.695560105145948e-05,3.695560105145948e-05,8.983779449778999e-05,0.3328348957647928,3,2,2,2,2,stage_a_context,,long,2-way,True,,production,-0.0251089436927824,-0.03462333305188292,0.02280543530960033,0.306469135802469,primary_target,0,rejected,research,"{""checks"": {""n_folds"": {""value"": 3, ""threshold"": 3, ""passed"": true}, ""presence_freq"": {""value"": 1.0, ""threshold"": 0.75, ""passed"": true}, ""directional_mean_ret"": {""value"": 0.3329247335592906, ""threshold"": 0.0, ""passed"": true}, ""hurdle_excess"": {""value"": 0.3328348957647928, ""threshold"": 0.0, ""passed"": true}, ""min_support_actual"": {""value"": 2731, ""threshold"": 50, ""passed"": true}, ""is_structurally_sound"": {""value"": false, ""passed"": false}, ""trade_path_quality_score"": {""value"": 0.0, ""threshold"": 0.0, ""passed"": true}}, ""failures"": [""structural_soundness_fail: ""], ""warnings"": [], ""classification"": ""research""}"
(*)|(loc_dist_ema20_atr_ts_top70==0)|(reg_atr_change_rate_ts_top40==1&reg_atr_change_rate_ts_top60==0),*,loc_dist_ema20_atr_ts_top70==0,reg_atr_change_rate_ts_top40==1&reg_atr_change_rate_ts_top60==0,0.3329247335592906,0.3329247335592906,0.012026216958061935,0.2545965413252513,0.20669135802469138,0.003107777951881617,1.0,1.0,0.5100830367734283,2731,,,-0.002518845316294715,-0.0066075883475685635,-0.00317139944831283,0.0012436206489700764,,0.3333333333333333,-0.0251089436927824,-2.187266421686289,1.0,-0.02207789944937763,-0.03462333305188292,-8.935838338728681,2.2560953684636887e-06,8.938605632237863e-06,0.0,7.6612380324199005,3.695560105145948e-05,3.695560105145948e-05,7.398406605700351e-05,0.33285074949323357,3,1,1,3,3,stage_a_context,,long,3-way,True,,production,-0.0251089436927824,-0.03462333305188292,0.02280543530960033,0.306469135802469,primary_target,0,rejected,research,"{""checks"": {""n_folds"": {""value"": 3, ""threshold"": 3, ""passed"": true}, ""presence_freq"": {""value"": 1.0, ""threshold"": 0.75, ""passed"": true}, ""directional_mean_ret"": {""value"": 0.3329247335592906, ""threshold"": 0.0, ""passed"": true}, ""hurdle_excess"": {""value"": 0.33285074949323357, ""threshold"": 0.0, ""passed"": true}, ""min_support_actual"": {""value"": 2731, ""threshold"": 50, ""passed"": true}, ""is_structurally_sound"": {""value"": false, ""passed"": false}, ""trade_path_quality_score"": {""value"": 0.0, ""threshold"": 0.0, ""passed"": true}}, ""failures"": [""structural_soundness_fail: ""], ""warnings"": [], ""classification"": ""research""}"
(*)|(*)|(reg_atr_change_rate_ts_band25_75==0&reg_atr_change_rate_ts_bot20==0&reg_atr_change_rate_ts_top30==0&reg_ema20_gt_ema50_raw==1),*,*,reg_atr_change_rate_ts_band25_75==0&reg_atr_change_rate_ts_bot20==0&reg_atr_change_rate_ts_top30==0&reg_ema20_gt_ema50_raw==1,0.33471519748369855,0.33471519748369855,0.01658358750405005,0.26481064160664874,0.04330864197530864,0.006903961562856002,1.0,1.0,0.5253863134657837,455,,,-2.383173692070842e-05,-0.004577801809184013,-2.1644752146872994e-05,0.0045312318277295136,,0.3333333333333333,,,,-0.06042724021444814,,,,0.03623904116624627,0.0,7.863935245298162,-inf,-inf,9.289251906721538e-05,0.33462230496463136,3,1,1,4,4,stage_a_context,,long,4-way,True,,production,,,0.06945378184888362,-inf,primary_target,0,rejected,research,"{""checks"": {""n_folds"": {""value"": 3, ""threshold"": 3, ""passed"": true}, ""presence_freq"": {""value"": 1.0, ""threshold"": 0.75, ""passed"": true}, ""directional_mean_ret"": {""value"": 0.33471519748369855, ""threshold"": 0.0, ""passed"": true}, ""hurdle_excess"": {""value"": 0.33462230496463136, ""threshold"": 0.0, ""passed"": true}, ""min_support_actual"": {""value"": 455, ""threshold"": 50, ""passed"": true}, ""is_structurally_sound"": {""value"": false, ""passed"": false}, ""trade_path_quality_score"": {""value"": 0.0, ""threshold"": 0.0, ""passed"": true}}, ""failures"": [""structural_soundness_fail: ""], ""warnings"": [], ""classification"": ""research""}"
(*)|(*)|(reg_atr_change_rate_ts_band25_75==0&reg_atr_change_rate_ts_top20==1&reg_atr_change_rate_ts_top30==0&reg_ema20_gt_ema50_raw==1),*,*,reg_atr_change_rate_ts_band25_75==0&reg_atr_change_rate_ts_top20==1&reg_atr_change_rate_ts_top30==0&reg_ema20_gt_ema50_raw==1,0.33471519748369855,0.33471519748369855,0.01658358750405005,0.26481064160664874,0.04330864197530864,0.006903961562856002,1.0,1.0,0.5253863134657837,455,,,-2.383173692070842e-05,-0.004577801809184013,-2.1644752146872994e-05,0.0045312318277295136,,0.3333333333333333,,,,-0.06042724021444814,,,,0.03623904116624627,0.0,7.863935245298162,-inf,-inf,9.289251906721538e-05,0.33462230496463136,3,2,2,4,4,stage_a_context,,long,4-way,True,,production,,,0.06945378184888362,-inf,primary_target,0,rejected,research,"{""checks"": {""n_folds"": {""value"": 3, ""threshold"": 3, ""passed"": true}, ""presence_freq"": {""value"": 1.0, ""threshold"": 0.75, ""passed"": true}, ""directional_mean_ret"": {""value"": 0.33471519748369855, ""threshold"": 0.0, ""passed"": true}, ""hurdle_excess"": {""value"": 0.33462230496463136, ""threshold"": 0.0, ""passed"": true}, ""min_support_actual"": {""value"": 455, ""threshold"": 50, ""passed"": true}, ""is_structurally_sound"": {""value"": false, ""passed"": false}, ""trade_path_quality_score"": {""value"": 0.0, ""threshold"": 0.0, ""passed"": true}}, ""failures"": [""structural_soundness_fail: ""], ""warnings"": [], ""classification"": ""research""}"
(*)|(*)|(reg_atr_change_rate_ts_band25_75==0&reg_atr_change_rate_ts_top20==1&reg_atr_change_rate_ts_top30==0&reg_ema50_gt_ema200_raw==1),*,*,reg_atr_change_rate_ts_band25_75==0&reg_atr_change_rate_ts_top20==1&reg_atr_change_rate_ts_top30==0&reg_ema50_gt_ema200_raw==1,0.33471519748369855,0.33471519748369855,0.01658358750405005,0.26481064160664874,0.04330864197530864,0.006903961562856002,1.0,1.0,0.5253863134657837,455,,,-2.383173692070842e-05,-0.004577801809184013,-2.1644752146872994e-05,0.0045312318277295136,,0.3333333333333333,,,,-0.06042724021444814,,,,0.03623904116624627,0.0,7.863935245298162,-inf,-inf,9.289251906721538e-05,0.33462230496463136,3,1,1,4,4,stage_a_context,,long,4-way,True,,production,,,0.06945378184888362,-inf,primary_target,0,rejected,research,"{""checks"": {""n_folds"": {""value"": 3, ""threshold"": 3, ""passed"": true}, ""presence_freq"": {""value"": 1.0, ""threshold"": 0.75, ""passed"": true}, ""directional_mean_ret"": {""value"": 0.33471519748369855, ""threshold"": 0.0, ""passed"": true}, ""hurdle_excess"": {""value"": 0.33462230496463136, ""threshold"": 0.0, ""passed"": true}, ""min_support_actual"": {""value"": 455, ""threshold"": 50, ""passed"": true}, ""is_structurally_sound"": {""value"": false, ""passed"": false}, ""trade_path_quality_score"": {""value"": 0.0, ""threshold"": 0.0, ""passed"": true}}, ""failures"": [""structural_soundness_fail: ""], ""warnings"": [], ""classification"": ""research""}"
(*)|(*)|(reg_atr_change_rate_ts_band25_75==0&reg_atr_change_rate_ts_top20==1&reg_atr_change_rate_ts_top30==0),*,*,reg_atr_change_rate_ts_band25_75==0&reg_atr_change_rate_ts_top20==1&reg_atr_change_rate_ts_top30==0,0.3347538709640503,0.3347538709640503,0.01661501513666027,0.2644202212492625,0.04617283950617285,0.00977222688177718,1.0,1.0,0.5034965034965035,459,,,0.00014978376231071058,-0.004372137013533726,0.00038968483915370123,0.004791655076576642,,0.6666666666666666,0.01733677228370011,0.7163567966503593,0.5,-0.07771765945755027,-0.009021370050546882,2.4051186132152105,0.0021552328874803604,0.010394842833760383,0.0,7.863935245298162,-inf,-inf,7.202815424477976e-05,0.3346818428098055,3,3,3,3,3,stage_a_context,,long,3-way,True,,production,0.01733677228370011,-0.009021370050546882,0.06892088256683149,-inf,primary_target,0,rejected,research,"{""checks"": {""n_folds"": {""value"": 3, ""threshold"": 3, ""passed"": true}, ""presence_freq"": {""value"": 1.0, ""threshold"": 0.75, ""passed"": true}, ""directional_mean_ret"": {""value"": 0.3347538709640503, ""threshold"": 0.0, ""passed"": true}, ""hurdle_excess"": {""value"": 0.3346818428098055, ""threshold"": 0.0, ""passed"": true}, ""min_support_actual"": {""value"": 459, ""threshold"": 50, ""passed"": true}, ""is_structurally_sound"": {""value"": false, ""passed"": false}, ""trade_path_quality_score"": {""value"": 0.0, ""threshold"": 0.0, ""passed"": true}}, ""failures"": [""structural_soundness_fail: ""], ""warnings"": [], ""classification"": ""research""}"
(*)|(*)|(reg_atr_change_rate_ts_band25_75==0&reg_atr_change_rate_ts_top20==1&reg_atr_change_rate_ts_top40==0&reg_ema20_gt_ema50_raw==1),*,*,reg_atr_change_rate_ts_band25_75==0&reg_atr_change_rate_ts_top20==1&reg_atr_change_rate_ts_top40==0&reg_ema20_gt_ema50_raw==1,0.33471519748369855,0.33471519748369855,0.01658358750405005,0.26481064160664874,0.04330864197530864,0.006903961562856002,1.0,1.0,0.5253863134657837,455,,,-2.383173692070842e-05,-0.004577801809184013,-2.1644752146872994e-05,0.0045312318277295136,,0.3333333333333333,,,,-0.06042724021444814,,,,0.03623904116624627,0.0,7.863935245298162,-inf,-inf,9.289251906721538e-05,0.33462230496463136,3,2,2,4,4,stage_a_context,,long,4-way,True,,production,,,0.06945378184888362,-inf,primary_target,0,rejected,research,"{""checks"": {""n_folds"": {""value"": 3, ""threshold"": 3, ""passed"": true}, ""presence_freq"": {""value"": 1.0, ""threshold"": 0.75, ""passed"": true}, ""directional_mean_ret"": {""value"": 0.33471519748369855, ""threshold"": 0.0, ""passed"": true}, ""hurdle_excess"": {""value"": 0.33462230496463136, ""threshold"": 0.0, ""passed"": true}, ""min_support_actual"": {""value"": 455, ""threshold"": 50, ""passed"": true}, ""is_structurally_sound"": {""value"": false, ""passed"": false}, ""trade_path_quality_score"": {""value"": 0.0, ""threshold"": 0.0, ""passed"": true}}, ""failures"": [""structural_soundness_fail: ""], ""warnings"": [], ""classification"": ""research""}"
(*)|(*)|(reg_atr_change_rate_ts_band25_75==0&reg_atr_change_rate_ts_top20==1&reg_atr_change_rate_ts_top40==0&reg_ema50_gt_ema200_raw==1),*,*,reg_atr_change_rate_ts_band25_75==0&reg_atr_change_rate_ts_top20==1&reg_atr_change_rate_ts_top40==0&reg_ema50_gt_ema200_raw==1,0.33471519748369855,0.33471519748369855,0.01658358750405005,0.26481064160664874,0.04330864197530864,0.006903961562856002,1.0,1.0,0.5253863134657837,455,,,-2.383173692070842e-05,-0.004577801809184013,-2.1644752146872994e-05,0.0045312318277295136,,0.3333333333333333,,,,-0.06042724021444814,,,,0.03623904116624627,0.0,7.863935245298162,-inf,-inf,9.289251906721538e-05,0.33462230496463136,3,1,1,4,4,stage_a_context,,long,4-way,True,,production,,,0.06945378184888362,-inf,primary_target,0,rejected,research,"{""checks"": {""n_folds"": {""value"": 3, ""threshold"": 3, ""passed"": true}, ""presence_freq"": {""value"": 1.0, ""threshold"": 0.75, ""passed"": true}, ""directional_mean_ret"": {""value"": 0.33471519748369855, ""threshold"": 0.0, ""passed"": true}, ""hurdle_excess"": {""value"": 0.33462230496463136, ""threshold"": 0.0, ""passed"": true}, ""min_support_actual"": {""value"": 455, ""threshold"": 50, ""passed"": true}, ""is_structurally_sound"": {""value"": false, ""passed"": false}, ""trade_path_quality_score"": {""value"": 0.0, ""threshold"": 0.0, ""passed"": true}}, ""failures"": [""structural_soundness_fail: ""], ""warnings"": [], ""classification"": ""research""}"
(*)|(*)|(reg_atr_change_rate_ts_band25_75==0&reg_atr_change_rate_ts_top20==1&reg_atr_change_rate_ts_top40==0),*,*,reg_atr_change_rate_ts_band25_75==0&reg_atr_change_rate_ts_top20==1&reg_atr_change_rate_ts_top40==0,0.3347538709640503,0.3347538709640503,0.01661501513666027,0.2644202212492625,0.04617283950617285,0.00977222688177718,1.0,1.0,0.5034965034965035,459,,,0.00014978376231071058,-0.004372137013533726,0.00038968483915370123,0.004791655076576642,,0.6666666666666666,0.01733677228370011,0.7163567966503593,0.5,-0.07771765945755027,-0.009021370050546882,2.4051186132152105,0.0021552328874803604,0.010394842833760383,0.0,7.863935245298162,-inf,-inf,7.202815424477976e-05,0.3346818428098055,3,2,2,3,3,stage_a_context,,long,3-way,True,,production,0.01733677228370011,-0.009021370050546882,0.06892088256683149,-inf,primary_target,0,rejected,research,"{""checks"": {""n_folds"": {""value"": 3, ""threshold"": 3, ""passed"": true}, ""presence_freq"": {""value"": 1.0, ""threshold"": 0.75, ""passed"": true}, ""directional_mean_ret"": {""value"": 0.3347538709640503, ""threshold"": 0.0, ""passed"": true}, ""hurdle_excess"": {""value"": 0.3346818428098055, ""threshold"": 0.0, ""passed"": true}, ""min_support_actual"": {""value"": 459, ""threshold"": 50, ""passed"": true}, ""is_structurally_sound"": {""value"": false, ""passed"": false}, ""trade_path_quality_score"": {""value"": 0.0, ""threshold"": 0.0, ""passed"": true}}, ""failures"": [""structural_soundness_fail: ""], ""warnings"": [], ""classification"": ""research""}"
(*)|(*)|(reg_atr_change_rate_ts_band25_75==0&reg_atr_change_rate_ts_top20==1&reg_atr_change_rate_ts_top50==0&reg_atr_change_rate_ts_top60==0),*,*,reg_atr_change_rate_ts_band25_75==0&reg_atr_change_rate_ts_top20==1&reg_atr_change_rate_ts_top50==0&reg_atr_change_rate_ts_top60==0,0.3347538709640503,0.3347538709640503,0.01661501513666027,0.2644202212492625,0.04617283950617285,0.00977222688177718,1.0,1.0,0.5034965034965035,459,,,0.00014978376231071058,-0.004372137013533726,0.00038968483915370123,0.004791655076576642,,0.6666666666666666,0.01733677228370011,0.7163567966503593,0.5,-0.07771765945755027,-0.009021370050546882,2.4051186132152105,0.0021552328874803604,0.010394842833760383,0.0,7.863935245298162,-inf,-inf,9.260762688614541e-05,0.33466126333716417,3,1,1,4,4,stage_a_context,,long,4-way,True,,production,0.01733677228370011,-0.009021370050546882,0.06892088256683149,-inf,primary_target,0,rejected,research,"{""checks"": {""n_folds"": {""value"": 3, ""threshold"": 3, ""passed"": true}, ""presence_freq"": {""value"": 1.0, ""threshold"": 0.75, ""passed"": true}, ""directional_mean_ret"": {""value"": 0.3347538709640503, ""threshold"": 0.0, ""passed"": true}, ""hurdle_excess"": {""value"": 0.33466126333716417, ""threshold"": 0.0, ""passed"": true}, ""min_support_actual"": {""value"": 459, ""threshold"": 50, ""passed"": true}, ""is_structurally_sound"": {""value"": false, ""passed"": false}, ""trade_path_quality_score"": {""value"": 0.0, ""threshold"": 0.0, ""passed"": true}}, ""failures"": [""structural_soundness_fail: ""], ""warnings"": [], ""classification"": ""research""}"
(*)|(*)|(reg_atr_change_rate_ts_band25_75==0&reg_atr_change_rate_ts_top20==1&reg_atr_change_rate_ts_top50==0),*,*,reg_atr_change_rate_ts_band25_75==0&reg_atr_change_rate_ts_top20==1&reg_atr_change_rate_ts_top50==0,0.3347538709640503,0.3347538709640503,0.01661501513666027,0.2644202212492625,0.04617283950617285,0.00977222688177718,1.0,1.0,0.5034965034965035,459,,,0.00014978376231071058,-0.004372137013533726,0.00038968483915370123,0.004791655076576642,,0.6666666666666666,0.01733677228370011,0.7163567966503593,0.5,-0.07771765945755027,-0.009021370050546882,2.4051186132152105,0.0021552328874803604,0.010394842833760383,0.0,7.863935245298162,-inf,-inf,7.202815424477976e-05,0.3346818428098055,3,1,1,3,3,stage_a_context,,long,3-way,True,,production,0.01733677228370011,-0.009021370050546882,0.06892088256683149,-inf,primary_target,0,rejected,research,"{""checks"": {""n_folds"": {""value"": 3, ""threshold"": 3, ""passed"": true}, ""presence_freq"": {""value"": 1.0, ""threshold"": 0.75, ""passed"": true}, ""directional_mean_ret"": {""value"": 0.3347538709640503, ""threshold"": 0.0, ""passed"": true}, ""hurdle_excess"": {""value"": 0.3346818428098055, ""threshold"": 0.0, ""passed"": true}, ""min_support_actual"": {""value"": 459, ""threshold"": 50, ""passed"": true}, ""is_structurally_sound"": {""value"": false, ""passed"": false}, ""trade_path_quality_score"": {""value"": 0.0, ""threshold"": 0.0, ""passed"": true}}, ""failures"": [""structural_soundness_fail: ""], ""warnings"": [], ""classification"": ""research""}"
(*)|(*)|(reg_atr_change_rate_ts_band25_75==0&reg_atr_change_rate_ts_top20==1&reg_atr_change_rate_ts_top50==1&reg_atr_change_rate_ts_top70==1),*,*,reg_atr_change_rate_ts_band25_75==0&reg_atr_change_rate_ts_top20==1&reg_atr_change_rate_ts_top50==1&reg_atr_change_rate_ts_top70==1,0.33220455050468445,0.33220455050468445,0.007075488747402603,0.24681716163953146,0.24785185185185185,0.06665341432067502,1.0,1.0,0.514018691588785,2430,,,-0.011704549592500802,-0.025737616419331914,-0.01081904187090478,0.0027712710951283206,,0.3333333333333333,0.017142142398033317,2.56133040565663,1.0,0.1129633647964146,0.007627753038932799,14.979181131617928,1.8937028291587682e-05,0.13494351163706303,0.0,7.538918511061188,-inf,-inf,9.983707654320987e-05,0.33210471342814124,3,1,1,4,4,stage_a_context,,long,4-way,True,,production,0.017142142398033317,0.007627753038932799,-0.028545132773479736,-inf,primary_target,0,rejected,research,"{""checks"": {""n_folds"": {""value"": 3, ""threshold"": 3, ""passed"": true}, ""presence_freq"": {""value"": 1.0, ""threshold"": 0.75, ""passed"": true}, ""directional_mean_ret"": {""value"": 0.33220455050468445, ""threshold"": 0.0, ""passed"": true}, ""hurdle_excess"": {""value"": 0.33210471342814124, ""threshold"": 0.0, ""passed"": true}, ""min_support_actual"": {""value"": 2430, ""threshold"": 50, ""passed"": true}, ""is_structurally_sound"": {""value"": false, ""passed"": false}, ""trade_path_quality_score"": {""value"": 0.0, ""threshold"": 0.0, ""passed"": true}}, ""failures"": [""structural_soundness_fail: ""], ""warnings"": [], ""classification"": ""research""}"
(*)|(*)|(reg_atr_change_rate_ts_band25_75==0&reg_atr_change_rate_ts_top20==1&reg_atr_change_rate_ts_top60==0&reg_price_lt_ema200_raw==1),*,*,reg_atr_change_rate_ts_band25_75==0&reg_atr_change_rate_ts_top20==1&reg_atr_change_rate_ts_top60==0&reg_price_lt_ema200_raw==1,0.33471519748369855,0.33471519748369855,0.01658358750405005,0.26481064160664874,0.04330864197530864,0.006903961562856002,1.0,1.0,0.5253863134657837,455,,,-2.383173692070842e-05,-0.004577801809184013,-2.1644752146872994e-05,0.0045312318277295136,,0.3333333333333333,,,,-0.06042724021444814,,,,0.03623904116624627,0.0,7.863935245298162,-inf,-inf,9.289251906721538e-05,0.33462230496463136,3,1,1,4,4,stage_a_context,,long,4-way,True,,production,,,0.06945378184888362,-inf,primary_target,0,rejected,research,"{""checks"": {""n_folds"": {""value"": 3, ""threshold"": 3, ""passed"": true}, ""presence_freq"": {""value"": 1.0, ""threshold"": 0.75, ""passed"": true}, ""directional_mean_ret"": {""value"": 0.33471519748369855, ""threshold"": 0.0, ""passed"": true}, ""hurdle_excess"": {""value"": 0.33462230496463136, ""threshold"": 0.0, ""passed"": true}, ""min_support_actual"": {""value"": 455, ""threshold"": 50, ""passed"": true}, ""is_structurally_sound"": {""value"": false, ""passed"": false}, ""trade_path_quality_score"": {""value"": 0.0, ""threshold"": 0.0, ""passed"": true}}, ""failures"": [""structural_soundness_fail: ""], ""warnings"": [], ""classification"": ""research""}"
(*)|(*)|(reg_atr_change_rate_ts_band25_75==0&reg_atr_change_rate_ts_top20==1&reg_atr_change_rate_ts_top60==1),*,*,reg_atr_change_rate_ts_band25_75==0&reg_atr_change_rate_ts_top20==1&reg_atr_change_rate_ts_top60==1,0.33220455050468445,0.33220455050468445,0.007075488747402603,0.24681716163953146,0.24785185185185185,0.06665341432067502,1.0,1.0,0.514018691588785,2430,,,-0.011704549592500802,-0.025737616419331914,-0.01081904187090478,0.0027712710951283206,,0.3333333333333333,0.017142142398033317,2.56133040565663,1.0,0.1129633647964146,0.007627753038932799,14.979181131617928,1.8937028291587682e-05,0.13494351163706303,0.0,7.538918511061188,-inf,-inf,7.765105953360766e-05,0.33212689944515084,3,1,1,3,3,stage_a_context,,long,3-way,True,,production,0.017142142398033317,0.007627753038932799,-0.028545132773479736,-inf,primary_target,0,rejected,research,"{""checks"": {""n_folds"": {""value"": 3, ""threshold"": 3, ""passed"": true}, ""presence_freq"": {""value"": 1.0, ""threshold"": 0.75, ""passed"": true}, ""directional_mean_ret"": {""value"": 0.33220455050468445, ""threshold"": 0.0, ""passed"": true}, ""hurdle_excess"": {""value"": 0.33212689944515084, ""threshold"": 0.0, ""passed"": true}, ""min_support_actual"": {""value"": 2430, ""threshold"": 50, ""passed"": true}, ""is_structurally_sound"": {""value"": false, ""passed"": false}, ""trade_path_quality_score"": {""value"": 0.0, ""threshold"": 0.0, ""passed"": true}}, ""failures"": [""structural_soundness_fail: ""], ""warnings"": [], ""classification"": ""research""}"
(*)|(*)|(reg_atr_change_rate_ts_band25_75==0&reg_atr_change_rate_ts_top30==1&reg_atr_change_rate_ts_top50==1),*,*,reg_atr_change_rate_ts_band25_75==0&reg_atr_change_rate_ts_top30==1&reg_atr_change_rate_ts_top50==1,0.33220455050468445,0.33220455050468445,0.007075488747402603,0.24681716163953146,0.24785185185185185,0.06665341432067502,1.0,1.0,0.514018691588785,2430,,,-0.011704549592500802,-0.025737616419331914,-0.01081904187090478,0.0027712710951283206,,0.3333333333333333,0.017142142398033317,2.56133040565663,1.0,0.1129633647964146,0.007627753038932799,14.979181131617928,1.8937028291587682e-05,0.13494351163706303,0.0,7.538918511061188,-inf,-inf,7.765105953360766e-05,0.33212689944515084,3,1,1,3,3,stage_a_context,,long,3-way,True,,production,0.017142142398033317,0.007627753038932799,-0.028545132773479736,-inf,primary_target,0,rejected,research,"{""checks"": {""n_folds"": {""value"": 3, ""threshold"": 3, ""passed"": true}, ""presence_freq"": {""value"": 1.0, ""threshold"": 0.75, ""passed"": true}, ""directional_mean_ret"": {""value"": 0.33220455050468445, ""threshold"": 0.0, ""passed"": true}, ""hurdle_excess"": {""value"": 0.33212689944515084, ""threshold"": 0.0, ""passed"": true}, ""min_support_actual"": {""value"": 2430, ""threshold"": 50, ""passed"": true}, ""is_structurally_sound"": {""value"": false, ""passed"": false}, ""trade_path_quality_score"": {""value"": 0.0, ""threshold"": 0.0, ""passed"": true}}, ""failures"": [""structural_soundness_fail: ""], ""warnings"": [], ""classification"": ""research""}"
(*)|(*)|(reg_atr_change_rate_ts_band25_75==0&reg_atr_change_rate_ts_top30==1&reg_atr_change_rate_ts_top60==1),*,*,reg_atr_change_rate_ts_band25_75==0&reg_atr_change_rate_ts_top30==1&reg_atr_change_rate_ts_top60==1,0.33220455050468445,0.33220455050468445,0.007075488747402603,0.24681716163953146,0.24785185185185185,0.06665341432067502,1.0,1.0,0.514018691588785,2430,,,-0.011704549592500802,-0.025737616419331914,-0.01081904187090478,0.0027712710951283206,,0.3333333333333333,0.017142142398033317,2.56133040565663,1.0,0.1129633647964146,0.007627753038932799,14.979181131617928,1.8937028291587682e-05,0.13494351163706303,0.0,7.538918511061188,-inf,-inf,7.765105953360766e-05,0.33212689944515084,3,1,1,3,3,stage_a_context,,long,3-way,True,,production,0.017142142398033317,0.007627753038932799,-0.028545132773479736,-inf,primary_target,0,rejected,research,"{""checks"": {""n_folds"": {""value"": 3, ""threshold"": 3, ""passed"": true}, ""presence_freq"": {""value"": 1.0, ""threshold"": 0.75, ""passed"": true}, ""directional_mean_ret"": {""value"": 0.33220455050468445, ""threshold"": 0.0, ""passed"": true}, ""hurdle_excess"": {""value"": 0.33212689944515084, ""threshold"": 0.0, ""passed"": true}, ""min_support_actual"": {""value"": 2430, ""threshold"": 50, ""passed"": true}, ""is_structurally_sound"": {""value"": false, ""passed"": false}, ""trade_path_quality_score"": {""value"": 0.0, ""threshold"": 0.0, ""passed"": true}}, ""failures"": [""structural_soundness_fail: ""], ""warnings"": [], ""classification"": ""research""}"
(*)|(*)|(reg_atr_change_rate_ts_band25_75==0&reg_atr_change_rate_ts_top30==1),*,*,reg_atr_change_rate_ts_band25_75==0&reg_atr_change_rate_ts_top30==1,0.33220455050468445,0.33220455050468445,0.007075488747402603,0.24681716163953146,0.24785185185185185,0.06665341432067502,1.0,1.0,0.514018691588785,2430,,,-0.011704549592500802,-0.025737616419331914,-0.01081904187090478,0.0027712710951283206,,0.3333333333333333,0.017142142398033317,2.56133040565663,1.0,0.1129633647964146,0.007627753038932799,14.979181131617928,1.8937028291587682e-05,0.13494351163706303,0.0,7.538918511061188,-inf,-inf,9.429057229080933e-05,0.3321102599323936,3,2,2,2,2,stage_a_context,,long,2-way,True,,production,0.017142142398033317,0.007627753038932799,-0.028545132773479736,-inf,primary_target,0,rejected,research,"{""checks"": {""n_folds"": {""value"": 3, ""threshold"": 3, ""passed"": true}, ""presence_freq"": {""value"": 1.0, ""threshold"": 0.75, ""passed"": true}, ""directional_mean_ret"": {""value"": 0.33220455050468445, ""threshold"": 0.0, ""passed"": true}, ""hurdle_excess"": {""value"": 0.3321102599323936, ""threshold"": 0.0, ""passed"": true}, ""min_support_actual"": {""value"": 2430, ""threshold"": 50, ""passed"": true}, ""is_structurally_sound"": {""value"": false, ""passed"": false}, ""trade_path_quality_score"": {""value"": 0.0, ""threshold"": 0.0, ""passed"": true}}, ""failures"": [""structural_soundness_fail: ""], ""warnings"": [], ""classification"": ""research""}"
(*)|(*)|(reg_atr_change_rate_ts_band25_75==0&reg_atr_change_rate_ts_top40==1&reg_atr_change_rate_ts_top60==1),*,*,reg_atr_change_rate_ts_band25_75==0&reg_atr_change_rate_ts_top40==1&reg_atr_change_rate_ts_top60==1,0.33220455050468445,0.33220455050468445,0.007075488747402603,0.24681716163953146,0.24785185185185185,0.06665341432067502,1.0,1.0,0.514018691588785,2430,,,-0.011704549592500802,-0.025737616419331914,-0.01081904187090478,0.0027712710951283206,,0.3333333333333333,0.017142142398033317,2.56133040565663,1.0,0.1129633647964146,0.007627753038932799,14.979181131617928,1.8937028291587682e-05,0.13494351163706303,0.0,7.538918511061188,-inf,-inf,7.765105953360766e-05,0.33212689944515084,3,1,1,3,3,stage_a_context,,long,3-way,True,,production,0.017142142398033317,0.007627753038932799,-0.028545132773479736,-inf,primary_target,0,rejected,research,"{""checks"": {""n_folds"": {""value"": 3, ""threshold"": 3, ""passed"": true}, ""presence_freq"": {""value"": 1.0, ""threshold"": 0.75, ""passed"": true}, ""directional_mean_ret"": {""value"": 0.33220455050468445, ""threshold"": 0.0, ""passed"": true}, ""hurdle_excess"": {""value"": 0.33212689944515084, ""threshold"": 0.0, ""passed"": true}, ""min_support_actual"": {""value"": 2430, ""threshold"": 50, ""passed"": true}, ""is_structurally_sound"": {""value"": false, ""passed"": false}, ""trade_path_quality_score"": {""value"": 0.0, ""threshold"": 0.0, ""passed"": true}}, ""failures"": [""structural_soundness_fail: ""], ""warnings"": [], ""classification"": ""research""}"
(*)|(*)|(reg_atr_change_rate_ts_band25_75==0&reg_atr_change_rate_ts_top40==1&reg_atr_change_rate_ts_top70==1),*,*,reg_atr_change_rate_ts_band25_75==0&reg_atr_change_rate_ts_top40==1&reg_atr_change_rate_ts_top70==1,0.33220455050468445,0.33220455050468445,0.007075488747402603,0.24681716163953146,0.24785185185185185,0.06665341432067502,1.0,1.0,0.514018691588785,2430,,,-0.011704549592500802,-0.025737616419331914,-0.01081904187090478,0.0027712710951283206,,0.3333333333333333,0.017142142398033317,2.56133040565663,1.0,0.1129633647964146,0.007627753038932799,14.979181131617928,1.8937028291587682e-05,0.13494351163706303,0.0,7.538918511061188,-inf,-inf,7.765105953360766e-05,0.33212689944515084,3,2,2,3,3,stage_a_context,,long,3-way,True,,production,0.017142142398033317,0.007627753038932799,-0.028545132773479736,-inf,primary_target,0,rejected,research,"{""checks"": {""n_folds"": {""value"": 3, ""threshold"": 3, ""passed"": true}, ""presence_freq"": {""value"": 1.0, ""threshold"": 0.75, ""passed"": true}, ""directional_mean_ret"": {""value"": 0.33220455050468445, ""threshold"": 0.0, ""passed"": true}, ""hurdle_excess"": {""value"": 0.33212689944515084, ""threshold"": 0.0, ""passed"": true}, ""min_support_actual"": {""value"": 2430, ""threshold"": 50, ""passed"": true}, ""is_structurally_sound"": {""value"": false, ""passed"": false}, ""trade_path_quality_score"": {""value"": 0.0, ""threshold"": 0.0, ""passed"": true}}, ""failures"": [""structural_soundness_fail: ""], ""warnings"": [], ""classification"": ""research""}"
(*)|(*)|(reg_atr_change_rate_ts_band25_75==0&reg_atr_change_rate_ts_top60==1),*,*,reg_atr_change_rate_ts_band25_75==0&reg_atr_change_rate_ts_top60==1,0.33220455050468445,0.33220455050468445,0.007075488747402603,0.24681716163953146,0.24785185185185185,0.06665341432067502,1.0,1.0,0.514018691588785,2430,,,-0.011704549592500802,-0.025737616419331914,-0.01081904187090478,0.0027712710951283206,,0.3333333333333333,0.017142142398033317,2.56133040565663,1.0,0.1129633647964146,0.007627753038932799,14.979181131617928,1.8937028291587682e-05,0.13494351163706303,0.0,7.538918511061188,-inf,-inf,9.429057229080933e-05,0.3321102599323936,3,1,1,2,2,stage_a_context,,long,2-way,True,,production,0.017142142398033317,0.007627753038932799,-0.028545132773479736,-inf,primary_target,0,rejected,research,"{""checks"": {""n_folds"": {""value"": 3, ""threshold"": 3, ""passed"": true}, ""presence_freq"": {""value"": 1.0, ""threshold"": 0.75, ""passed"": true}, ""directional_mean_ret"": {""value"": 0.33220455050468445, ""threshold"": 0.0, ""passed"": true}, ""hurdle_excess"": {""value"": 0.3321102599323936, ""threshold"": 0.0, ""passed"": true}, ""min_support_actual"": {""value"": 2430, ""threshold"": 50, ""passed"": true}, ""is_structurally_sound"": {""value"": false, ""passed"": false}, ""trade_path_quality_score"": {""value"": 0.0, ""threshold"": 0.0, ""passed"": true}}, ""failures"": [""structural_soundness_fail: ""], ""warnings"": [], ""classification"": ""research""}"
(*)|(*)|(reg_atr_change_rate_ts_band25_75==1&reg_atr_change_rate_ts_bot20==0&reg_atr_change_rate_ts_top30==0&reg_ema20_gt_ema50_raw==1),*,*,reg_atr_change_rate_ts_band25_75==1&reg_atr_change_rate_ts_bot20==0&reg_atr_change_rate_ts_top30==0&reg_ema20_gt_ema50_raw==1,0.3417562047640483,0.3417562047640483,0.011760857286735715,0.25970562795797986,0.042938271604938266,0.003910443888716181,1.0,1.0,0.5032679738562091,506,,,0.005968594972891653,-0.0007893594779556142,0.008188749003023615,0.013836626438804902,,0.6666666666666666,,,,-0.22924165405407018,,,,0.03623904116624627,0.0,7.680714685325308,-inf,-inf,9.293043676268862e-05,0.3416632743272856,3,1,1,4,4,stage_a_context,,long,4-way,True,,production,,,0.017403756910875885,-inf,primary_target,0,rejected,research,"{""checks"": {""n_folds"": {""value"": 3, ""threshold"": 3, ""passed"": true}, ""presence_freq"": {""value"": 1.0, ""threshold"": 0.75, ""passed"": true}, ""directional_mean_ret"": {""value"": 0.3417562047640483, ""threshold"": 0.0, ""passed"": true}, ""hurdle_excess"": {""value"": 0.3416632743272856, ""threshold"": 0.0, ""passed"": true}, ""min_support_actual"": {""value"": 506, ""threshold"": 50, ""passed"": true}, ""is_structurally_sound"": {""value"": false, ""passed"": false}, ""trade_path_quality_score"": {""value"": 0.0, ""threshold"": 0.0, ""passed"": true}}, ""failures"": [""structural_soundness_fail: ""], ""warnings"": [], ""classification"": ""research""}"
(*)|(*)|(reg_atr_change_rate_ts_band25_75==1&reg_atr_change_rate_ts_top20==1&reg_atr_change_rate_ts_top30==0&reg_atr_change_rate_ts_top50==0),*,*,reg_atr_change_rate_ts_band25_75==1&reg_atr_change_rate_ts_top20==1&reg_atr_change_rate_ts_top30==0&reg_atr_change_rate_ts_top50==0,0.3417562047640483,0.3417562047640483,0.011760857286735715,0.25970562795797986,0.04738271604938272,0.007146090238749478,1.0,1.0,0.516245487364621,542,,,0.005968594972891653,-0.0007893594779556142,0.008188749003023615,0.013836626438804902,,0.6666666666666666,,,,-0.22924165405407018,,,,0.03623904116624627,0.0,7.680714685325308,-inf,-inf,9.249172071330591e-05,0.341663713043335,3,1,1,4,4,stage_a_context,,long,4-way,True,,production,,,0.017403756910875885,-inf,primary_target,0,rejected,research,"{""checks"": {""n_folds"": {""value"": 3, ""threshold"": 3, ""passed"": true}, ""presence_freq"": {""value"": 1.0, ""threshold"": 0.75, ""passed"": true}, ""directional_mean_ret"": {""value"": 0.3417562047640483, ""threshold"": 0.0, ""passed"": true}, ""hurdle_excess"": {""value"": 0.341663713043335, ""threshold"": 0.0, ""passed"": true}, ""min_support_actual"": {""value"": 542, ""threshold"": 50, ""passed"": true}, ""is_structurally_sound"": {""value"": false, ""passed"": false}, ""trade_path_quality_score"": {""value"": 0.0, ""threshold"": 0.0, ""passed"": true}}, ""failures"": [""structural_soundness_fail: ""], ""warnings"": [], ""classification"": ""research""}"
(*)|(*)|(reg_atr_change_rate_ts_band25_75==1&reg_atr_change_rate_ts_top20==1&reg_atr_change_rate_ts_top30==0&reg_ema20_gt_ema50_raw==1),*,*,reg_atr_change_rate_ts_band25_75==1&reg_atr_change_rate_ts_top20==1&reg_atr_change_rate_ts_top30==0&reg_ema20_gt_ema50_raw==1,0.3417562047640483,0.3417562047640483,0.011760857286735715,0.25970562795797986,0.042938271604938266,0.003910443888716181,1.0,1.0,0.5032679738562091,506,,,0.005968594972891653,-0.0007893594779556142,0.008188749003023615,0.013836626438804902,,0.6666666666666666,,,,-0.22924165405407018,,,,0.03623904116624627,0.0,7.680714685325308,-inf,-inf,9.293043676268862e-05,0.3416632743272856,3,1,1,4,4,stage_a_context,,long,4-way,True,,production,,,0.017403756910875885,-inf,primary_target,0,rejected,research,"{""checks"": {""n_folds"": {""value"": 3, ""threshold"": 3, ""passed"": true}, ""presence_freq"": {""value"": 1.0, ""threshold"": 0.75, ""passed"": true}, ""directional_mean_ret"": {""value"": 0.3417562047640483, ""threshold"": 0.0, ""passed"": true}, ""hurdle_excess"": {""value"": 0.3416632743272856, ""threshold"": 0.0, ""passed"": true}, ""min_support_actual"": {""value"": 506, ""threshold"": 50, ""passed"": true}, ""is_structurally_sound"": {""value"": false, ""passed"": false}, ""trade_path_quality_score"": {""value"": 0.0, ""threshold"": 0.0, ""passed"": true}}, ""failures"": [""structural_soundness_fail: ""], ""warnings"": [], ""classification"": ""research""}"
(*)|(*)|(reg_atr_change_rate_ts_band25_75==1&reg_atr_change_rate_ts_top20==1&reg_atr_change_rate_ts_top30==0),*,*,reg_atr_change_rate_ts_band25_75==1&reg_atr_change_rate_ts_top20==1&reg_atr_change_rate_ts_top30==0,0.3417562047640483,0.3417562047640483,0.011760857286735715,0.25970562795797986,0.04738271604938272,0.007146090238749478,1.0,1.0,0.516245487364621,542,,,0.005968594972891653,-0.0007893594779556142,0.008188749003023615,0.013836626438804902,,0.6666666666666666,,,,-0.22924165405407018,,,,0.03623904116624627,0.0,7.680714685325308,-inf,-inf,7.193800499923792e-05,0.34168426675904906,3,3,3,3,3,stage_a_context,,long,3-way,True,,production,,,0.017403756910875885,-inf,primary_target,0,rejected,research,"{""checks"": {""n_folds"": {""value"": 3, ""threshold"": 3, ""passed"": true}, ""presence_freq"": {""value"": 1.0, ""threshold"": 0.75, ""passed"": true}, ""directional_mean_ret"": {""value"": 0.3417562047640483, ""threshold"": 0.0, ""passed"": true}, ""hurdle_excess"": {""value"": 0.34168426675904906, ""threshold"": 0.0, ""passed"": true}, ""min_support_actual"": {""value"": 542, ""threshold"": 50, ""passed"": true}, ""is_structurally_sound"": {""value"": false, ""passed"": false}, ""trade_path_quality_score"": {""value"": 0.0, ""threshold"": 0.0, ""passed"": true}}, ""failures"": [""structural_soundness_fail: ""], ""warnings"": [], ""classification"": ""research""}"
(*)|(*)|(reg_atr_change_rate_ts_band25_75==1&reg_atr_change_rate_ts_top20==1&reg_atr_change_rate_ts_top50==0&reg_atr_change_rate_ts_top60==0),*,*,reg_atr_change_rate_ts_band25_75==1&reg_atr_change_rate_ts_top20==1&reg_atr_change_rate_ts_top50==0&reg_atr_change_rate_ts_top60==0,0.336565097173055,0.336565097173055,0.004565394359287893,0.25720082720120746,0.25022222222222223,0.022994562089506242,1.0,1.0,0.527027027027027,3005,,,0.004109831749357338,-0.00906902330907634,-0.004838763646028498,0.0128143891100981,,0.3333333333333333,-0.0037685088759593244,-2.0792438171437397,1.0,-0.028965944201778848,-0.013282898235059841,-5.379523540961188,0.009059006949552343,0.00023375740022366496,0.0,7.789884490207811,-inf,-inf,0.00010015502222222222,0.3364649421508328,3,1,1,4,4,stage_a_context,,long,4-way,True,,production,-0.0037685088759593244,-0.013282898235059841,0.002078633590307207,-inf,primary_target,0,rejected,research,"{""checks"": {""n_folds"": {""value"": 3, ""threshold"": 3, ""passed"": true}, ""presence_freq"": {""value"": 1.0, ""threshold"": 0.75, ""passed"": true}, ""directional_mean_ret"": {""value"": 0.336565097173055, ""threshold"": 0.0, ""passed"": true}, ""hurdle_excess"": {""value"": 0.3364649421508328, ""threshold"": 0.0, ""passed"": true}, ""min_support_actual"": {""value"": 3005, ""threshold"": 50, ""passed"": true}, ""is_structurally_sound"": {""value"": false, ""passed"": false}, ""trade_path_quality_score"": {""value"": 0.0, ""threshold"": 0.0, ""passed"": true}}, ""failures"": [""structural_soundness_fail: ""], ""warnings"": [], ""classification"": ""research""}"
(*)|(*)|(reg_atr_change_rate_ts_band25_75==1&reg_atr_change_rate_ts_top30==0&reg_atr_change_rate_ts_top40==0&reg_ema20_gt_ema50_raw==1),*,*,reg_atr_change_rate_ts_band25_75==1&reg_atr_change_rate_ts_top30==0&reg_atr_change_rate_ts_top40==0&reg_ema20_gt_ema50_raw==1,0.3417562047640483,0.3417562047640483,0.011760857286735715,0.25970562795797986,0.042938271604938266,0.003910443888716181,1.0,1.0,0.5032679738562091,506,,,0.005968594972891653,-0.0007893594779556142,0.008188749003023615,0.013836626438804902,,0.6666666666666666,,,,-0.22924165405407018,,,,0.03623904116624627,0.0,7.680714685325308,-inf,-inf,9.293043676268862e-05,0.3416632743272856,3,1,1,4,4,stage_a_context,,long,4-way,True,,production,,,0.017403756910875885,-inf,primary_target,0,rejected,research,"{""checks"": {""n_folds"": {""value"": 3, ""threshold"": 3, ""passed"": true}, ""presence_freq"": {""value"": 1.0, ""threshold"": 0.75, ""passed"": true}, ""directional_mean_ret"": {""value"": 0.3417562047640483, ""threshold"": 0.0, ""passed"": true}, ""hurdle_excess"": {""value"": 0.3416632743272856, ""threshold"": 0.0, ""passed"": true}, ""min_support_actual"": {""value"": 506, ""threshold"": 50, ""passed"": true}, ""is_structurally_sound"": {""value"": false, ""passed"": false}, ""trade_path_quality_score"": {""value"": 0.0, ""threshold"": 0.0, ""passed"": true}}, ""failures"": [""structural_soundness_fail: ""], ""warnings"": [], ""classification"": ""research""}"
(*)|(*)|(reg_atr_change_rate_ts_band25_75==1&reg_atr_change_rate_ts_top30==0&reg_atr_change_rate_ts_top40==0&reg_ema50_gt_ema200_raw==1),*,*,reg_atr_change_rate_ts_band25_75==1&reg_atr_change_rate_ts_top30==0&reg_atr_change_rate_ts_top40==0&reg_ema50_gt_ema200_raw==1,0.3417562047640483,0.3417562047640483,0.011760857286735715,0.25970562795797986,0.042938271604938266,0.003910443888716181,1.0,1.0,0.5032679738562091,506,,,0.005968594972891653,-0.0007893594779556142,0.008188749003023615,0.013836626438804902,,0.6666666666666666,,,,-0.22924165405407018,,,,0.03623904116624627,0.0,7.680714685325308,-inf,-inf,9.293043676268862e-05,0.3416632743272856,3,1,1,4,4,stage_a_context,,long,4-way,True,,production,,,0.017403756910875885,-inf,primary_target,0,rejected,research,"{""checks"": {""n_folds"": {""value"": 3, ""threshold"": 3, ""passed"": true}, ""presence_freq"": {""value"": 1.0, ""threshold"": 0.75, ""passed"": true}, ""directional_mean_ret"": {""value"": 0.3417562047640483, ""threshold"": 0.0, ""passed"": true}, ""hurdle_excess"": {""value"": 0.3416632743272856, ""threshold"": 0.0, ""passed"": true}, ""min_support_actual"": {""value"": 506, ""threshold"": 50, ""passed"": true}, ""is_structurally_sound"": {""value"": false, ""passed"": false}, ""trade_path_quality_score"": {""value"": 0.0, ""threshold"": 0.0, ""passed"": true}}, ""failures"": [""structural_soundness_fail: ""], ""warnings"": [], ""classification"": ""research""}"
(*)|(*)|(reg_atr_change_rate_ts_band25_75==1&reg_atr_change_rate_ts_top30==0&reg_atr_change_rate_ts_top40==0),*,*,reg_atr_change_rate_ts_band25_75==1&reg_atr_change_rate_ts_top30==0&reg_atr_change_rate_ts_top40==0,0.3417562047640483,0.3417562047640483,0.011760857286735715,0.25970562795797986,0.04738271604938272,0.007146090238749478,1.0,1.0,0.516245487364621,542,,,0.005968594972891653,-0.0007893594779556142,0.008188749003023615,0.013836626438804902,,0.6666666666666666,,,,-0.22924165405407018,,,,0.03623904116624627,0.0,7.680714685325308,-inf,-inf,7.193800499923792e-05,0.34168426675904906,3,1,1,3,3,stage_a_context,,long,3-way,True,,production,,,0.017403756910875885,-inf,primary_target,0,rejected,research,"{""checks"": {""n_folds"": {""value"": 3, ""threshold"": 3, ""passed"": true}, ""presence_freq"": {""value"": 1.0, ""threshold"": 0.75, ""passed"": true}, ""directional_mean_ret"": {""value"": 0.3417562047640483, ""threshold"": 0.0, ""passed"": true}, ""hurdle_excess"": {""value"": 0.34168426675904906, ""threshold"": 0.0, ""passed"": true}, ""min_support_actual"": {""value"": 542, ""threshold"": 50, ""passed"": true}, ""is_structurally_sound"": {""value"": false, ""passed"": false}, ""trade_path_quality_score"": {""value"": 0.0, ""threshold"": 0.0, ""passed"": true}}, ""failures"": [""structural_soundness_fail: ""], ""warnings"": [], ""classification"": ""research""}"
(*)|(*)|(reg_atr_change_rate_ts_band25_75==1&reg_atr_change_rate_ts_top30==0&reg_atr_change_rate_ts_top60==0),*,*,reg_atr_change_rate_ts_band25_75==1&reg_atr_change_rate_ts_top30==0&reg_atr_change_rate_ts_top60==0,0.3417562047640483,0.3417562047640483,0.011760857286735715,0.25970562795797986,0.04738271604938272,0.007146090238749478,1.0,1.0,0.516245487364621,542,,,0.005968594972891653,-0.0007893594779556142,0.008188749003023615,0.013836626438804902,,0.6666666666666666,,,,-0.22924165405407018,,,,0.03623904116624627,0.0,7.680714685325308,-inf,-inf,7.193800499923792e-05,0.34168426675904906,3,2,2,3,3,stage_a_context,,long,3-way,True,,production,,,0.017403756910875885,-inf,primary_target,0,rejected,research,"{""checks"": {""n_folds"": {""value"": 3, ""threshold"": 3, ""passed"": true}, ""presence_freq"": {""value"": 1.0, ""threshold"": 0.75, ""passed"": true}, ""directional_mean_ret"": {""value"": 0.3417562047640483, ""threshold"": 0.0, ""passed"": true}, ""hurdle_excess"": {""value"": 0.34168426675904906, ""threshold"": 0.0, ""passed"": true}, ""min_support_actual"": {""value"": 542, ""threshold"": 50, ""passed"": true}, ""is_structurally_sound"": {""value"": false, ""passed"": false}, ""trade_path_quality_score"": {""value"": 0.0, ""threshold"": 0.0, ""passed"": true}}, ""failures"": [""structural_soundness_fail: ""], ""warnings"": [], ""classification"": ""research""}"
(*)|(*)|(reg_atr_change_rate_ts_band25_75==1&reg_atr_change_rate_ts_top30==0&reg_ema20_gt_ema50_raw==1),*,*,reg_atr_change_rate_ts_band25_75==1&reg_atr_change_rate_ts_top30==0&reg_ema20_gt_ema50_raw==1,0.3417562047640483,0.3417562047640483,0.011760857286735715,0.25970562795797986,0.042938271604938266,0.003910443888716181,1.0,1.0,0.5032679738562091,506,,,0.005968594972891653,-0.0007893594779556142,0.008188749003023615,0.013836626438804902,,0.6666666666666666,,,,-0.22924165405407018,,,,0.03623904116624627,0.0,7.680714685325308,-inf,-inf,7.227922859320225e-05,0.34168392553545507,3,3,3,3,3,stage_a_context,,long,3-way,True,,production,,,0.017403756910875885,-inf,primary_target,0,rejected,research,"{""checks"": {""n_folds"": {""value"": 3, ""threshold"": 3, ""passed"": true}, ""presence_freq"": {""value"": 1.0, ""threshold"": 0.75, ""passed"": true}, ""directional_mean_ret"": {""value"": 0.3417562047640483, ""threshold"": 0.0, ""passed"": true}, ""hurdle_excess"": {""value"": 0.34168392553545507, ""threshold"": 0.0, ""passed"": true}, ""min_support_actual"": {""value"": 506, ""threshold"": 50, ""passed"": true}, ""is_structurally_sound"": {""value"": false, ""passed"": false}, ""trade_path_quality_score"": {""value"": 0.0, ""threshold"": 0.0, ""passed"": true}}, ""failures"": [""structural_soundness_fail: ""], ""warnings"": [], ""classification"": ""research""}"
(*)|(*)|(reg_atr_change_rate_ts_band25_75==1&reg_atr_change_rate_ts_top30==0&reg_ema50_gt_ema200_raw==1),*,*,reg_atr_change_rate_ts_band25_75==1&reg_atr_change_rate_ts_top30==0&reg_ema50_gt_ema200_raw==1,0.3417562047640483,0.3417562047640483,0.011760857286735715,0.25970562795797986,0.042938271604938266,0.003910443888716181,1.0,1.0,0.5032679738562091,506,,,0.005968594972891653,-0.0007893594779556142,0.008188749003023615,0.013836626438804902,,0.6666666666666666,,,,-0.22924165405407018,,,,0.03623904116624627,0.0,7.680714685325308,-inf,-inf,7.227922859320225e-05,0.34168392553545507,3,2,2,3,3,stage_a_context,,long,3-way,True,,production,,,0.017403756910875885,-inf,primary_target,0,rejected,research,"{""checks"": {""n_folds"": {""value"": 3, ""threshold"": 3, ""passed"": true}, ""presence_freq"": {""value"": 1.0, ""threshold"": 0.75, ""passed"": true}, ""directional_mean_ret"": {""value"": 0.3417562047640483, ""threshold"": 0.0, ""passed"": true}, ""hurdle_excess"": {""value"": 0.34168392553545507, ""threshold"": 0.0, ""passed"": true}, ""min_support_actual"": {""value"": 506, ""threshold"": 50, ""passed"": true}, ""is_structurally_sound"": {""value"": false, ""passed"": false}, ""trade_path_quality_score"": {""value"": 0.0, ""threshold"": 0.0, ""passed"": true}}, ""failures"": [""structural_soundness_fail: ""], ""warnings"": [], ""classification"": ""research""}"
(*)|(*)|(reg_atr_change_rate_ts_band25_75==1&reg_atr_change_rate_ts_top30==0),*,*,reg_atr_change_rate_ts_band25_75==1&reg_atr_change_rate_ts_top30==0,0.3417562047640483,0.3417562047640483,0.011760857286735715,0.25970562795797986,0.04738271604938272,0.007146090238749478,1.0,1.0,0.516245487364621,542,,,0.005968594972891653,-0.0007893594779556142,0.008188749003023615,0.013836626438804902,,0.6666666666666666,,,,-0.22924165405407018,,,,0.03623904116624627,0.0,7.680714685325308,-inf,-inf,8.735329178478892e-05,0.3416688514722635,3,2,2,2,2,stage_a_context,,long,2-way,True,,production,,,0.017403756910875885,-inf,primary_target,0,rejected,research,"{""checks"": {""n_folds"": {""value"": 3, ""threshold"": 3, ""passed"": true}, ""presence_freq"": {""value"": 1.0, ""threshold"": 0.75, ""passed"": true}, ""directional_mean_ret"": {""value"": 0.3417562047640483, ""threshold"": 0.0, ""passed"": true}, ""hurdle_excess"": {""value"": 0.3416688514722635, ""threshold"": 0.0, ""passed"": true}, ""min_support_actual"": {""value"": 542, ""threshold"": 50, ""passed"": true}, ""is_structurally_sound"": {""value"": false, ""passed"": false}, ""trade_path_quality_score"": {""value"": 0.0, ""threshold"": 0.0, ""passed"": true}}, ""failures"": [""structural_soundness_fail: ""], ""warnings"": [], ""classification"": ""research""}"
(*)|(*)|(reg_atr_change_rate_ts_band25_75==1&reg_atr_change_rate_ts_top30==1&reg_atr_change_rate_ts_top60==0),*,*,reg_atr_change_rate_ts_band25_75==1&reg_atr_change_rate_ts_top30==1&reg_atr_change_rate_ts_top60==0,0.3341397245724996,0.3341397245724996,0.009182678253714478,0.25620730717976886,0.3071111111111111,0.008874886089932773,1.0,1.0,0.5042839657282742,3984,,,-0.0009152390777048812,-0.00928248332141717,0.00032910879111916616,0.008074179100419434,,0.6666666666666666,-0.022814183574945843,-2.7106451280738457,1.0,-0.09039125617767747,-0.03232857293404636,-2.539417617646552,0.00014071526458812902,1.3035921253378186e-05,0.0,7.687275748055951,-inf,-inf,8.501325432098764e-05,0.3340547113181786,3,2,2,3,3,stage_a_context,,long,3-way,True,,production,-0.022814183574945843,-0.03232857293404636,0.014711401087307951,-inf,primary_target,0,rejected,research,"{""checks"": {""n_folds"": {""value"": 3, ""threshold"": 3, ""passed"": true}, ""presence_freq"": {""value"": 1.0, ""threshold"": 0.75, ""passed"": true}, ""directional_mean_ret"": {""value"": 0.3341397245724996, ""threshold"": 0.0, ""passed"": true}, ""hurdle_excess"": {""value"": 0.3340547113181786, ""threshold"": 0.0, ""passed"": true}, ""min_support_actual"": {""value"": 3984, ""threshold"": 50, ""passed"": true}, ""is_structurally_sound"": {""value"": false, ""passed"": false}, ""trade_path_quality_score"": {""value"": 0.0, ""threshold"": 0.0, ""passed"": true}}, ""failures"": [""structural_soundness_fail: ""], ""warnings"": [], ""classification"": ""research""}"
(*)|(*)|(reg_atr_change_rate_ts_band25_75==1&reg_atr_change_rate_ts_top40==1&reg_atr_change_rate_ts_top70==0&reg_atr_change_rate_ts_top80==0),*,*,reg_atr_change_rate_ts_band25_75==1&reg_atr_change_rate_ts_top40==1&reg_atr_change_rate_ts_top70==0&reg_atr_change_rate_ts_top80==0,0.33330851793289185,0.33330851793289185,0.014500859233596852,0.25182561079661053,0.312320987654321,0.010450892560527558,1.0,1.0,0.5355850422195416,4038,,,-0.0018292722066041163,-0.011930702832716668,-0.011529944444012648,0.003421822300804171,,0.3333333333333333,-0.022158735489055763,-2.5175988601455526,1.0,-0.057554045471664116,-0.031673124848156285,-2.8321721348588405,0.0012917334180983307,1.626113902053484e-05,0.0,7.628033131670072,-inf,-inf,0.00011028609080932785,0.3331982318420825,3,1,1,4,4,stage_a_context,,long,4-way,True,,production,-0.022158735489055763,-0.031673124848156285,0.022847376298640903,-inf,primary_target,0,rejected,research,"{""checks"": {""n_folds"": {""value"": 3, ""threshold"": 3, ""passed"": true}, ""presence_freq"": {""value"": 1.0, ""threshold"": 0.75, ""passed"": true}, ""directional_mean_ret"": {""value"": 0.33330851793289185, ""threshold"": 0.0, ""passed"": true}, ""hurdle_excess"": {""value"": 0.3331982318420825, ""threshold"": 0.0, ""passed"": true}, ""min_support_actual"": {""value"": 4038, ""threshold"": 50, ""passed"": true}, ""is_structurally_sound"": {""value"": false, ""passed"": false}, ""trade_path_quality_score"": {""value"": 0.0, ""threshold"": 0.0, ""passed"": true}}, ""failures"": [""structural_soundness_fail: ""], ""warnings"": [], ""classification"": ""research""}"
(*)|(*)|(reg_atr_change_rate_ts_band25_75==1&reg_atr_change_rate_ts_top40==1&reg_atr_change_rate_ts_top80==0),*,*,reg_atr_change_rate_ts_band25_75==1&reg_atr_change_rate_ts_top40==1&reg_atr_change_rate_ts_top80==0,0.33265553911526996,0.33265553911526996,0.013470870337086558,0.2519626518090566,0.36429629629629634,0.019911188271455417,1.0,1.0,0.5118764845605701,4602,,,-0.0051384842362905865,-0.012840608755153426,-0.00622308079591821,0.00202134200275844,,0.3333333333333333,-0.007436653677239766,-0.6064229075073505,0.6666666666666666,-0.025035009053134726,-0.016951043036340284,-2.6378587536436893,0.05203149264869383,0.0002488947948703346,0.0,7.625746512895804,-inf,-inf,9.444838628257888e-05,0.3325610907289874,3,1,1,3,3,stage_a_context,,long,3-way,True,,production,-0.007436653677239766,-0.016951043036340284,0.021674976502448946,-inf,primary_target,0,rejected,research,"{""checks"": {""n_folds"": {""value"": 3, ""threshold"": 3, ""passed"": true}, ""presence_freq"": {""value"": 1.0, ""threshold"": 0.75, ""passed"": true}, ""directional_mean_ret"": {""value"": 0.33265553911526996, ""threshold"": 0.0, ""passed"": true}, ""hurdle_excess"": {""value"": 0.3325610907289874, ""threshold"": 0.0, ""passed"": true}, ""min_support_actual"": {""value"": 4602, ""threshold"": 50, ""passed"": true}, ""is_structurally_sound"": {""value"": false, ""passed"": false}, ""trade_path_quality_score"": {""value"": 0.0, ""threshold"": 0.0, ""passed"": true}}, ""failures"": [""structural_soundness_fail: ""], ""warnings"": [], ""classification"": ""research""}"
(*)|(*)|(reg_atr_change_rate_ts_band40_60==0&reg_atr_change_rate_ts_top30==1&reg_atr_change_rate_ts_top70==1),*,*,reg_atr_change_rate_ts_band40_60==0&reg_atr_change_rate_ts_top30==1&reg_atr_change_rate_ts_top70==1,0.33172595500946045,0.33172595500946045,0.008070918795320087,0.24791315694650015,0.2998271604938271,0.07627424668398414,1.0,1.0,0.5035046728971962,2994,,,-0.014444076697832953,-0.03198714858864545,-0.018004927060343675,0.0013185700117241822,,0.3333333333333333,0.004021732086536389,0.4507091305625063,0.6666666666666666,0.005918683567836025,-0.005492657272564128,-5.399404615988018,1.907701772602228e-05,0.039050625011188236,0.0,7.538918511061188,-inf,-inf,8.3975812924859e-05,0.3316419791965356,3,1,1,3,3,stage_a_context,,long,3-way,True,,production,0.004021732086536389,-0.005492657272564128,-0.023289166361996,-inf,primary_target,0,rejected,research,"{""checks"": {""n_folds"": {""value"": 3, ""threshold"": 3, ""passed"": true}, ""presence_freq"": {""value"": 1.0, ""threshold"": 0.75, ""passed"": true}, ""directional_mean_ret"": {""value"": 0.33172595500946045, ""threshold"": 0.0, ""passed"": true}, ""hurdle_excess"": {""value"": 0.3316419791965356, ""threshold"": 0.0, ""passed"": true}, ""min_support_actual"": {""value"": 2994, ""threshold"": 50, ""passed"": true}, ""is_structurally_sound"": {""value"": false, ""passed"": false}, ""trade_path_quality_score"": {""value"": 0.0, ""threshold"": 0.0, ""passed"": true}}, ""failures"": [""structural_soundness_fail: ""], ""warnings"": [], ""classification"": ""research""}"
(*)|(*)|(reg_atr_change_rate_ts_top20==1&reg_atr_change_rate_ts_top30==0&reg_atr_compression_ratio_ts_band25_75==0),*,*,reg_atr_change_rate_ts_top20==1&reg_atr_change_rate_ts_top30==0&reg_atr_compression_ratio_ts_band25_75==0,0.3347538709640503,0.3347538709640503,0.01661501513666027,0.2644202212492625,0.04617283950617285,0.00977222688177718,1.0,1.0,0.5034965034965035,459,,,0.00014978376231071058,-0.004372137013533726,0.00038968483915370123,0.004791655076576642,,0.6666666666666666,0.01733677228370011,0.7163567966503593,0.5,-0.07771765945755027,-0.009021370050546882,2.4051186132152105,0.0021552328874803604,0.010394842833760383,0.0,7.863935245298162,-inf,-inf,7.202815424477976e-05,0.3346818428098055,3,1,1,3,3,stage_a_context,,long,3-way,True,,production,0.01733677228370011,-0.009021370050546882,0.06892088256683149,-inf,primary_target,0,rejected,research,"{""checks"": {""n_folds"": {""value"": 3, ""threshold"": 3, ""passed"": true}, ""presence_freq"": {""value"": 1.0, ""threshold"": 0.75, ""passed"": true}, ""directional_mean_ret"": {""value"": 0.3347538709640503, ""threshold"": 0.0, ""passed"": true}, ""hurdle_excess"": {""value"": 0.3346818428098055, ""threshold"": 0.0, ""passed"": true}, ""min_support_actual"": {""value"": 459, ""threshold"": 50, ""passed"": true}, ""is_structurally_sound"": {""value"": false, ""passed"": false}, ""trade_path_quality_score"": {""value"": 0.0, ""threshold"": 0.0, ""passed"": true}}, ""failures"": [""structural_soundness_fail: ""], ""warnings"": [], ""classification"": ""research""}"
(*)|(*)|(reg_atr_change_rate_ts_top20==1&reg_atr_change_rate_ts_top30==1&reg_atr_change_rate_ts_top60==0),*,*,reg_atr_change_rate_ts_top20==1&reg_atr_change_rate_ts_top30==1&reg_atr_change_rate_ts_top60==0,0.3341397245724996,0.3341397245724996,0.009182678253714478,0.25620730717976886,0.3071111111111111,0.008874886089932773,1.0,1.0,0.5042839657282742,3984,,,-0.0009152390777048812,-0.00928248332141717,0.00032910879111916616,0.008074179100419434,,0.6666666666666666,-0.022814183574945843,-2.7106451280738457,1.0,-0.09039125617767747,-0.03232857293404636,-2.539417617646552,0.00014071526458812902,1.3035921253378186e-05,0.0,7.687275748055951,-inf,-inf,8.501325432098764e-05,0.3340547113181786,3,1,1,3,3,stage_a_context,,long,3-way,True,,production,-0.022814183574945843,-0.03232857293404636,0.014711401087307951,-inf,primary_target,0,rejected,research,"{""checks"": {""n_folds"": {""value"": 3, ""threshold"": 3, ""passed"": true}, ""presence_freq"": {""value"": 1.0, ""threshold"": 0.75, ""passed"": true}, ""directional_mean_ret"": {""value"": 0.3341397245724996, ""threshold"": 0.0, ""passed"": true}, ""hurdle_excess"": {""value"": 0.3340547113181786, ""threshold"": 0.0, ""passed"": true}, ""min_support_actual"": {""value"": 3984, ""threshold"": 50, ""passed"": true}, ""is_structurally_sound"": {""value"": false, ""passed"": false}, ""trade_path_quality_score"": {""value"": 0.0, ""threshold"": 0.0, ""passed"": true}}, ""failures"": [""structural_soundness_fail: ""], ""warnings"": [], ""classification"": ""research""}"
(*)|(*)|(reg_atr_change_rate_ts_top20==1&reg_atr_change_rate_ts_top40==1&reg_atr_change_rate_ts_top80==0),*,*,reg_atr_change_rate_ts_top20==1&reg_atr_change_rate_ts_top40==1&reg_atr_change_rate_ts_top80==0,0.33138641715049744,0.33138641715049744,0.013182657864518927,0.2523224701484044,0.4162716049382716,0.030470076220555302,1.0,1.0,0.5237529691211401,5138,,,-0.011942376479935788,-0.01945483778815853,-0.007336185738515406,-0.0021268198010028516,,0.3333333333333333,-0.0035430571084033337,-0.2499520469606348,0.6666666666666666,-0.028303342944967946,-0.01305744646750385,-2.370948080310973,0.10842255258887974,0.0002827153349893395,0.0,7.6294933763582335,-inf,-inf,0.00010500970483158052,0.33128140744566587,3,1,1,3,3,stage_a_context,,long,3-way,True,,production,-0.0035430571084033337,-0.01305744646750385,0.02258513408551262,-inf,primary_target,0,rejected,research,"{""checks"": {""n_folds"": {""value"": 3, ""threshold"": 3, ""passed"": true}, ""presence_freq"": {""value"": 1.0, ""threshold"": 0.75, ""passed"": true}, ""directional_mean_ret"": {""value"": 0.33138641715049744, ""threshold"": 0.0, ""passed"": true}, ""hurdle_excess"": {""value"": 0.33128140744566587, ""threshold"": 0.0, ""passed"": true}, ""min_support_actual"": {""value"": 5138, ""threshold"": 50, ""passed"": true}, ""is_structurally_sound"": {""value"": false, ""passed"": false}, ""trade_path_quality_score"": {""value"": 0.0, ""threshold"": 0.0, ""passed"": true}}, ""failures"": [""structural_soundness_fail: ""], ""warnings"": [], ""classification"": ""research""}"
(*)|(*)|(reg_atr_change_rate_ts_top20==1&reg_atr_change_rate_ts_top50==0&reg_atr_change_rate_ts_top60==0),*,*,reg_atr_change_rate_ts_top20==1&reg_atr_change_rate_ts_top50==0&reg_atr_change_rate_ts_top60==0,0.3364945451418559,0.3364945451418559,0.006425441771046971,0.25840772191683453,0.2963950617283951,0.032753493596609076,1.0,1.0,0.525564803804994,3464,,,0.004140393718908195,-0.008346268418051792,-0.007929163997157056,0.010592276997835555,,0.3333333333333333,-0.007028667164736181,-1.013020089898354,0.6666666666666666,-0.007933167125528912,-0.016543056523836697,-3.0603232402091245,0.11179774209594427,0.0002704007438215315,0.0,7.791948630017499,-inf,-inf,8.349985709495504e-05,0.33641104528476096,3,1,1,3,3,stage_a_context,,long,3-way,True,,production,-0.007028667164736181,-0.016543056523836697,0.007648873630289099,-inf,primary_target,0,rejected,research,"{""checks"": {""n_folds"": {""value"": 3, ""threshold"": 3, ""passed"": true}, ""presence_freq"": {""value"": 1.0, ""threshold"": 0.75, ""passed"": true}, ""directional_mean_ret"": {""value"": 0.3364945451418559, ""threshold"": 0.0, ""passed"": true}, ""hurdle_excess"": {""value"": 0.33641104528476096, ""threshold"": 0.0, ""passed"": true}, ""min_support_actual"": {""value"": 3464, ""threshold"": 50, ""passed"": true}, ""is_structurally_sound"": {""value"": false, ""passed"": false}, ""trade_path_quality_score"": {""value"": 0.0, ""threshold"": 0.0, ""passed"": true}}, ""failures"": [""structural_soundness_fail: ""], ""warnings"": [], ""classification"": ""research""}"
(*)|(*)|(reg_atr_change_rate_ts_top20==1&reg_atr_change_rate_ts_top50==1&reg_atr_change_rate_ts_top60==1),*,*,reg_atr_change_rate_ts_top20==1&reg_atr_change_rate_ts_top50==1&reg_atr_change_rate_ts_top60==1,0.33282722036043805,0.33282722036043805,0.0080271921149701,0.24771454433600107,0.40545679012345676,0.08402460791672045,1.0,1.0,0.5340253748558247,4301,,,-0.012845431592576645,-0.027408303772885362,-0.02649280609245993,-0.00510624666220957,,0.3333333333333333,0.019955634077751288,0.898447309832984,0.6666666666666666,0.02858765156523106,0.010441244718650771,-1.1285571316580671,0.009747804991622052,0.16445432233194024,0.0,7.524281775258673,-inf,-inf,0.00010265634772138391,0.33272456401271666,3,1,1,3,3,stage_a_context,,long,3-way,True,,production,0.019955634077751288,0.010441244718650771,-0.014185449924946228,-inf,primary_target,0,rejected,research,"{""checks"": {""n_folds"": {""value"": 3, ""threshold"": 3, ""passed"": true}, ""presence_freq"": {""value"": 1.0, ""threshold"": 0.75, ""passed"": true}, ""directional_mean_ret"": {""value"": 0.33282722036043805, ""threshold"": 0.0, ""passed"": true}, ""hurdle_excess"": {""value"": 0.33272456401271666, ""threshold"": 0.0, ""passed"": true}, ""min_support_actual"": {""value"": 4301, ""threshold"": 50, ""passed"": true}, ""is_structurally_sound"": {""value"": false, ""passed"": false}, ""trade_path_quality_score"": {""value"": 0.0, ""threshold"": 0.0, ""passed"": true}}, ""failures"": [""structural_soundness_fail: ""], ""warnings"": [], ""classification"": ""research""}"
(*)|(*)|(reg_atr_change_rate_ts_top20==1&reg_atr_change_rate_ts_top60==1&reg_atr_change_rate_ts_top70==1),*,*,reg_atr_change_rate_ts_top20==1&reg_atr_change_rate_ts_top60==1&reg_atr_change_rate_ts_top70==1,0.33172595500946045,0.33172595500946045,0.008070918795320087,0.24791315694650015,0.2998271604938271,0.07627424668398414,1.0,1.0,0.5035046728971962,2994,,,-0.014444076697832953,-0.03198714858864545,-0.018004927060343675,0.0013185700117241822,,0.3333333333333333,0.004021732086536389,0.4507091305625063,0.6666666666666666,0.005918683567836025,-0.005492657272564128,-5.399404615988018,1.907701772602228e-05,0.039050625011188236,0.0,7.538918511061188,-inf,-inf,8.3975812924859e-05,0.3316419791965356,3,1,1,3,3,stage_a_context,,long,3-way,True,,production,0.004021732086536389,-0.005492657272564128,-0.023289166361996,-inf,primary_target,0,rejected,research,"{""checks"": {""n_folds"": {""value"": 3, ""threshold"": 3, ""passed"": true}, ""presence_freq"": {""value"": 1.0, ""threshold"": 0.75, ""passed"": true}, ""directional_mean_ret"": {""value"": 0.33172595500946045, ""threshold"": 0.0, ""passed"": true}, ""hurdle_excess"": {""value"": 0.3316419791965356, ""threshold"": 0.0, ""passed"": true}, ""min_support_actual"": {""value"": 2994, ""threshold"": 50, ""passed"": true}, ""is_structurally_sound"": {""value"": false, ""passed"": false}, ""trade_path_quality_score"": {""value"": 0.0, ""threshold"": 0.0, ""passed"": true}}, ""failures"": [""structural_soundness_fail: ""], ""warnings"": [], ""classification"": ""research""}"
(*)|(*)|(reg_atr_change_rate_ts_top20==1&reg_atr_change_rate_ts_top70==0&reg_atr_change_rate_ts_top80==0),*,*,reg_atr_change_rate_ts_top20==1&reg_atr_change_rate_ts_top70==0&reg_atr_change_rate_ts_top80==0,0.33480454484621686,0.33480454484621686,0.010977463010909945,0.25552722811698914,0.5062962962962962,0.017605024846981208,1.0,1.0,0.5077844311377245,6548,,,0.0019432922403932653,-0.0033844032863785175,0.008938103971862949,0.01076839363289989,,0.6666666666666666,-0.018140946558480166,-2.1821113218626214,1.0,-0.028517847697004033,-0.02765533591758068,-1.6083843195245127,0.027353225907236916,0.00016925618410516585,0.0,7.678263581201992,-inf,-inf,0.0001277768381344307,0.33467676800808244,3,1,1,3,3,stage_a_context,,long,3-way,True,,production,-0.018140946558480166,-0.02765533591758068,0.01694099756999427,-inf,primary_target,0,rejected,research,"{""checks"": {""n_folds"": {""value"": 3, ""threshold"": 3, ""passed"": true}, ""presence_freq"": {""value"": 1.0, ""threshold"": 0.75, ""passed"": true}, ""directional_mean_ret"": {""value"": 0.33480454484621686, ""threshold"": 0.0, ""passed"": true}, ""hurdle_excess"": {""value"": 0.33467676800808244, ""threshold"": 0.0, ""passed"": true}, ""min_support_actual"": {""value"": 6548, ""threshold"": 50, ""passed"": true}, ""is_structurally_sound"": {""value"": false, ""passed"": false}, ""trade_path_quality_score"": {""value"": 0.0, ""threshold"": 0.0, ""passed"": true}}, ""failures"": [""structural_soundness_fail: ""], ""warnings"": [], ""classification"": ""research""}"
(*)|(*)|(reg_atr_change_rate_ts_top30==0&reg_atr_change_rate_ts_top40==0&reg_ema20_gt_ema50_raw==1),*,*,reg_atr_change_rate_ts_top30==0&reg_atr_change_rate_ts_top40==0&reg_ema20_gt_ema50_raw==1,0.337784339984258,0.337784339984258,0.01122912840351727,0.26291703184445697,0.2601481481481482,0.05740802867047347,1.0,1.0,0.5186766275346851,2419,,,0.010127682718838743,0.005020495902651291,0.010208246280999204,0.015275151316106426,,0.6666666666666666,0.003273088683527102,0.18322917980611989,0.6666666666666666,-0.08534549793715819,-0.006241300675573415,-2.616339154883302,0.1632151312924542,0.016278401688082835,0.0,7.674287848296199,-inf,-inf,7.897660027434841e-05,0.33770536338398366,3,1,1,3,3,stage_a_context,,long,3-way,True,,production,0.003273088683527102,-0.006241300675573415,0.029494971812862758,-inf,primary_target,0,rejected,research,"{""checks"": {""n_folds"": {""value"": 3, ""threshold"": 3, ""passed"": true}, ""presence_freq"": {""value"": 1.0, ""threshold"": 0.75, ""passed"": true}, ""directional_mean_ret"": {""value"": 0.337784339984258, ""threshold"": 0.0, ""passed"": true}, ""hurdle_excess"": {""value"": 0.33770536338398366, ""threshold"": 0.0, ""passed"": true}, ""min_support_actual"": {""value"": 2419, ""threshold"": 50, ""passed"": true}, ""is_structurally_sound"": {""value"": false, ""passed"": false}, ""trade_path_quality_score"": {""value"": 0.0, ""threshold"": 0.0, ""passed"": true}}, ""failures"": [""structural_soundness_fail: ""], ""warnings"": [], ""classification"": ""research""}"
(*)|(*)|(reg_atr_change_rate_ts_top30==0&reg_atr_change_rate_ts_top60==0&reg_ema20_gt_ema50_raw==1),*,*,reg_atr_change_rate_ts_top30==0&reg_atr_change_rate_ts_top60==0&reg_ema20_gt_ema50_raw==1,0.337784339984258,0.337784339984258,0.01122912840351727,0.26291703184445697,0.2601481481481482,0.05740802867047347,1.0,1.0,0.5186766275346851,2419,,,0.010127682718838743,0.005020495902651291,0.010208246280999204,0.015275151316106426,,0.6666666666666666,0.003273088683527102,0.18322917980611989,0.6666666666666666,-0.08534549793715819,-0.006241300675573415,-2.616339154883302,0.1632151312924542,0.016278401688082835,0.0,7.674287848296199,-inf,-inf,7.897660027434841e-05,0.33770536338398366,3,1,1,3,3,stage_a_context,,long,3-way,True,,production,0.003273088683527102,-0.006241300675573415,0.029494971812862758,-inf,primary_target,0,rejected,research,"{""checks"": {""n_folds"": {""value"": 3, ""threshold"": 3, ""passed"": true}, ""presence_freq"": {""value"": 1.0, ""threshold"": 0.75, ""passed"": true}, ""directional_mean_ret"": {""value"": 0.337784339984258, ""threshold"": 0.0, ""passed"": true}, ""hurdle_excess"": {""value"": 0.33770536338398366, ""threshold"": 0.0, ""passed"": true}, ""min_support_actual"": {""value"": 2419, ""threshold"": 50, ""passed"": true}, ""is_structurally_sound"": {""value"": false, ""passed"": false}, ""trade_path_quality_score"": {""value"": 0.0, ""threshold"": 0.0, ""passed"": true}}, ""failures"": [""structural_soundness_fail: ""], ""warnings"": [], ""classification"": ""research""}"
(*)|(*)|(reg_atr_change_rate_ts_top30==0&reg_atr_compression_ratio_ts_band25_75==1),*,*,reg_atr_change_rate_ts_top30==0&reg_atr_compression_ratio_ts_band25_75==1,0.3417562047640483,0.3417562047640483,0.011760857286735715,0.25970562795797986,0.04738271604938272,0.007146090238749478,1.0,1.0,0.516245487364621,542,,,0.005968594972891653,-0.0007893594779556142,0.008188749003023615,0.013836626438804902,,0.6666666666666666,,,,-0.22924165405407018,,,,0.03623904116624627,0.0,7.680714685325308,-inf,-inf,8.735329178478892e-05,0.3416688514722635,3,1,1,2,2,stage_a_context,,long,2-way,True,,production,,,0.017403756910875885,-inf,primary_target,0,rejected,research,"{""checks"": {""n_folds"": {""value"": 3, ""threshold"": 3, ""passed"": true}, ""presence_freq"": {""value"": 1.0, ""threshold"": 0.75, ""passed"": true}, ""directional_mean_ret"": {""value"": 0.3417562047640483, ""threshold"": 0.0, ""passed"": true}, ""hurdle_excess"": {""value"": 0.3416688514722635, ""threshold"": 0.0, ""passed"": true}, ""min_support_actual"": {""value"": 542, ""threshold"": 50, ""passed"": true}, ""is_structurally_sound"": {""value"": false, ""passed"": false}, ""trade_path_quality_score"": {""value"": 0.0, ""threshold"": 0.0, ""passed"": true}}, ""failures"": [""structural_soundness_fail: ""], ""warnings"": [], ""classification"": ""research""}"
(*)|(*)|(reg_atr_change_rate_ts_top30==0&reg_ema20_gt_ema50_raw==1),*,*,reg_atr_change_rate_ts_top30==0&reg_ema20_gt_ema50_raw==1,0.337784339984258,0.337784339984258,0.01122912840351727,0.26291703184445697,0.2601481481481482,0.05740802867047347,1.0,1.0,0.5186766275346851,2419,,,0.010127682718838743,0.005020495902651291,0.010208246280999204,0.015275151316106426,,0.6666666666666666,0.003273088683527102,0.18322917980611989,0.6666666666666666,-0.08534549793715819,-0.006241300675573415,-2.616339154883302,0.1632151312924542,0.016278401688082835,0.0,7.674287848296199,-inf,-inf,9.590015747599452e-05,0.337688439826782,3,2,2,2,2,stage_a_context,,long,2-way,True,,production,0.003273088683527102,-0.006241300675573415,0.029494971812862758,-inf,primary_target,0,rejected,research,"{""checks"": {""n_folds"": {""value"": 3, ""threshold"": 3, ""passed"": true}, ""presence_freq"": {""value"": 1.0, ""threshold"": 0.75, ""passed"": true}, ""directional_mean_ret"": {""value"": 0.337784339984258, ""threshold"": 0.0, ""passed"": true}, ""hurdle_excess"": {""value"": 0.337688439826782, ""threshold"": 0.0, ""passed"": true}, ""min_support_actual"": {""value"": 2419, ""threshold"": 50, ""passed"": true}, ""is_structurally_sound"": {""value"": false, ""passed"": false}, ""trade_path_quality_score"": {""value"": 0.0, ""threshold"": 0.0, ""passed"": true}}, ""failures"": [""structural_soundness_fail: ""], ""warnings"": [], ""classification"": ""research""}"
(*)|(*)|(reg_atr_change_rate_ts_top30==0&reg_price_lt_ema200_raw==1),*,*,reg_atr_change_rate_ts_top30==0&reg_price_lt_ema200_raw==1,0.337784339984258,0.337784339984258,0.01122912840351727,0.26291703184445697,0.2601481481481482,0.05740802867047347,1.0,1.0,0.5186766275346851,2419,,,0.010127682718838743,0.005020495902651291,0.010208246280999204,0.015275151316106426,,0.6666666666666666,0.003273088683527102,0.18322917980611989,0.6666666666666666,-0.08534549793715819,-0.006241300675573415,-2.616339154883302,0.1632151312924542,0.016278401688082835,0.0,7.674287848296199,-inf,-inf,9.590015747599452e-05,0.337688439826782,3,1,1,2,2,stage_a_context,,long,2-way,True,,production,0.003273088683527102,-0.006241300675573415,0.029494971812862758,-inf,primary_target,0,rejected,research,"{""checks"": {""n_folds"": {""value"": 3, ""threshold"": 3, ""passed"": true}, ""presence_freq"": {""value"": 1.0, ""threshold"": 0.75, ""passed"": true}, ""directional_mean_ret"": {""value"": 0.337784339984258, ""threshold"": 0.0, ""passed"": true}, ""hurdle_excess"": {""value"": 0.337688439826782, ""threshold"": 0.0, ""passed"": true}, ""min_support_actual"": {""value"": 2419, ""threshold"": 50, ""passed"": true}, ""is_structurally_sound"": {""value"": false, ""passed"": false}, ""trade_path_quality_score"": {""value"": 0.0, ""threshold"": 0.0, ""passed"": true}}, ""failures"": [""structural_soundness_fail: ""], ""warnings"": [], ""classification"": ""research""}"
(*)|(*)|(reg_atr_change_rate_ts_top30==1&reg_atr_change_rate_ts_top60==0&reg_atr_change_rate_ts_top70==0),*,*,reg_atr_change_rate_ts_top30==1&reg_atr_change_rate_ts_top60==0&reg_atr_change_rate_ts_top70==0,0.3341397245724996,0.3341397245724996,0.009182678253714478,0.25620730717976886,0.3071111111111111,0.008874886089932773,1.0,1.0,0.5042839657282742,3984,,,-0.0009152390777048812,-0.00928248332141717,0.00032910879111916616,0.008074179100419434,,0.6666666666666666,-0.022814183574945843,-2.7106451280738457,1.0,-0.09039125617767747,-0.03232857293404636,-2.539417617646552,0.00014071526458812902,1.3035921253378186e-05,0.0,7.687275748055951,-inf,-inf,8.501325432098764e-05,0.3340547113181786,3,1,1,3,3,stage_a_context,,long,3-way,True,,production,-0.022814183574945843,-0.03232857293404636,0.014711401087307951,-inf,primary_target,0,rejected,research,"{""checks"": {""n_folds"": {""value"": 3, ""threshold"": 3, ""passed"": true}, ""presence_freq"": {""value"": 1.0, ""threshold"": 0.75, ""passed"": true}, ""directional_mean_ret"": {""value"": 0.3341397245724996, ""threshold"": 0.0, ""passed"": true}, ""hurdle_excess"": {""value"": 0.3340547113181786, ""threshold"": 0.0, ""passed"": true}, ""min_support_actual"": {""value"": 3984, ""threshold"": 50, ""passed"": true}, ""is_structurally_sound"": {""value"": false, ""passed"": false}, ""trade_path_quality_score"": {""value"": 0.0, ""threshold"": 0.0, ""passed"": true}}, ""failures"": [""structural_soundness_fail: ""], ""warnings"": [], ""classification"": ""research""}"
(*)|(*)|(reg_atr_change_rate_ts_top30==1&reg_atr_change_rate_ts_top60==0&reg_atr_change_rate_ts_top80==0),*,*,reg_atr_change_rate_ts_top30==1&reg_atr_change_rate_ts_top60==0&reg_atr_change_rate_ts_top80==0,0.3341397245724996,0.3341397245724996,0.009182678253714478,0.25620730717976886,0.3071111111111111,0.008874886089932773,1.0,1.0,0.5042839657282742,3984,,,-0.0009152390777048812,-0.00928248332141717,0.00032910879111916616,0.008074179100419434,,0.6666666666666666,-0.022814183574945843,-2.7106451280738457,1.0,-0.09039125617767747,-0.03232857293404636,-2.539417617646552,0.00014071526458812902,1.3035921253378186e-05,0.0,7.687275748055951,-inf,-inf,8.501325432098764e-05,0.3340547113181786,3,1,1,3,3,stage_a_context,,long,3-way,True,,production,-0.022814183574945843,-0.03232857293404636,0.014711401087307951,-inf,primary_target,0,rejected,research,"{""checks"": {""n_folds"": {""value"": 3, ""threshold"": 3, ""passed"": true}, ""presence_freq"": {""value"": 1.0, ""threshold"": 0.75, ""passed"": true}, ""directional_mean_ret"": {""value"": 0.3341397245724996, ""threshold"": 0.0, ""passed"": true}, ""hurdle_excess"": {""value"": 0.3340547113181786, ""threshold"": 0.0, ""passed"": true}, ""min_support_actual"": {""value"": 3984, ""threshold"": 50, ""passed"": true}, ""is_structurally_sound"": {""value"": false, ""passed"": false}, ""trade_path_quality_score"": {""value"": 0.0, ""threshold"": 0.0, ""passed"": true}}, ""failures"": [""structural_soundness_fail: ""], ""warnings"": [], ""classification"": ""research""}"
(*)|(*)|(reg_atr_change_rate_ts_top30==1&reg_atr_change_rate_ts_top60==0),*,*,reg_atr_change_rate_ts_top30==1&reg_atr_change_rate_ts_top60==0,0.3341397245724996,0.3341397245724996,0.009182678253714478,0.25620730717976886,0.3071111111111111,0.008874886089932773,1.0,1.0,0.5042839657282742,3984,,,-0.0009152390777048812,-0.00928248332141717,0.00032910879111916616,0.008074179100419434,,0.6666666666666666,-0.022814183574945843,-2.7106451280738457,1.0,-0.09039125617767747,-0.03232857293404636,-2.539417617646552,0.00014071526458812902,1.3035921253378186e-05,0.0,7.687275748055951,-inf,-inf,0.00010323038024691359,0.3340364941922527,3,2,2,2,2,stage_a_context,,long,2-way,True,,production,-0.022814183574945843,-0.03232857293404636,0.014711401087307951,-inf,primary_target,0,rejected,research,"{""checks"": {""n_folds"": {""value"": 3, ""threshold"": 3, ""passed"": true}, ""presence_freq"": {""value"": 1.0, ""threshold"": 0.75, ""passed"": true}, ""directional_mean_ret"": {""value"": 0.3341397245724996, ""threshold"": 0.0, ""passed"": true}, ""hurdle_excess"": {""value"": 0.3340364941922527, ""threshold"": 0.0, ""passed"": true}, ""min_support_actual"": {""value"": 3984, ""threshold"": 50, ""passed"": true}, ""is_structurally_sound"": {""value"": false, ""passed"": false}, ""trade_path_quality_score"": {""value"": 0.0, ""threshold"": 0.0, ""passed"": true}}, ""failures"": [""structural_soundness_fail: ""], ""warnings"": [], ""classification"": ""research""}"
(*)|(*)|(reg_atr_change_rate_ts_top30==1&reg_atr_change_rate_ts_top60==1&reg_atr_change_rate_ts_top70==1),*,*,reg_atr_change_rate_ts_top30==1&reg_atr_change_rate_ts_top60==1&reg_atr_change_rate_ts_top70==1,0.33172595500946045,0.33172595500946045,0.008070918795320087,0.24791315694650015,0.2998271604938271,0.07627424668398414,1.0,1.0,0.5035046728971962,2994,,,-0.014444076697832953,-0.03198714858864545,-0.018004927060343675,0.0013185700117241822,,0.3333333333333333,0.004021732086536389,0.4507091305625063,0.6666666666666666,0.005918683567836025,-0.005492657272564128,-5.399404615988018,1.907701772602228e-05,0.039050625011188236,0.0,7.538918511061188,-inf,-inf,8.3975812924859e-05,0.3316419791965356,3,1,1,3,3,stage_a_context,,long,3-way,True,,production,0.004021732086536389,-0.005492657272564128,-0.023289166361996,-inf,primary_target,0,rejected,research,"{""checks"": {""n_folds"": {""value"": 3, ""threshold"": 3, ""passed"": true}, ""presence_freq"": {""value"": 1.0, ""threshold"": 0.75, ""passed"": true}, ""directional_mean_ret"": {""value"": 0.33172595500946045, ""threshold"": 0.0, ""passed"": true}, ""hurdle_excess"": {""value"": 0.3316419791965356, ""threshold"": 0.0, ""passed"": true}, ""min_support_actual"": {""value"": 2994, ""threshold"": 50, ""passed"": true}, ""is_structurally_sound"": {""value"": false, ""passed"": false}, ""trade_path_quality_score"": {""value"": 0.0, ""threshold"": 0.0, ""passed"": true}}, ""failures"": [""structural_soundness_fail: ""], ""warnings"": [], ""classification"": ""research""}"
(*)|(*)|(reg_atr_change_rate_ts_top30==1&reg_atr_change_rate_ts_top60==1&reg_atr_compression_ratio_ts_band25_75==0),*,*,reg_atr_change_rate_ts_top30==1&reg_atr_change_rate_ts_top60==1&reg_atr_compression_ratio_ts_band25_75==0,0.33220455050468445,0.33220455050468445,0.007075488747402603,0.24681716163953146,0.24785185185185185,0.06665341432067502,1.0,1.0,0.514018691588785,2430,,,-0.011704549592500802,-0.025737616419331914,-0.01081904187090478,0.0027712710951283206,,0.3333333333333333,0.017142142398033317,2.56133040565663,1.0,0.1129633647964146,0.007627753038932799,14.979181131617928,1.8937028291587682e-05,0.13494351163706303,0.0,7.538918511061188,-inf,-inf,7.765105953360766e-05,0.33212689944515084,3,1,1,3,3,stage_a_context,,long,3-way,True,,production,0.017142142398033317,0.007627753038932799,-0.028545132773479736,-inf,primary_target,0,rejected,research,"{""checks"": {""n_folds"": {""value"": 3, ""threshold"": 3, ""passed"": true}, ""presence_freq"": {""value"": 1.0, ""threshold"": 0.75, ""passed"": true}, ""directional_mean_ret"": {""value"": 0.33220455050468445, ""threshold"": 0.0, ""passed"": true}, ""hurdle_excess"": {""value"": 0.33212689944515084, ""threshold"": 0.0, ""passed"": true}, ""min_support_actual"": {""value"": 2430, ""threshold"": 50, ""passed"": true}, ""is_structurally_sound"": {""value"": false, ""passed"": false}, ""trade_path_quality_score"": {""value"": 0.0, ""threshold"": 0.0, ""passed"": true}}, ""failures"": [""structural_soundness_fail: ""], ""warnings"": [], ""classification"": ""research""}"
(*)|(*)|(reg_atr_change_rate_ts_top40==0&reg_atr_change_rate_ts_top60==0&reg_ema20_gt_ema50_raw==1),*,*,reg_atr_change_rate_ts_top40==0&reg_atr_change_rate_ts_top60==0&reg_ema20_gt_ema50_raw==1,0.33814000089963275,0.33814000089963275,0.00960754059954362,0.2620827654997508,0.351679012345679,0.06522830597696759,1.0,1.0,0.5165562913907285,3511,,,0.011096052355870323,0.0027359317799006324,0.015113131810536301,0.021464712659173005,,0.6666666666666666,-0.005656943145146976,-0.3317546354170357,0.6666666666666666,-0.03244248887791109,-0.015171332504247494,-2.401844437036684,0.28654387680249443,0.00030312016840524,0.0,7.693959517074325,-inf,-inf,9.216981383935376e-05,0.3380478310857934,3,1,1,3,3,stage_a_context,,long,3-way,True,,production,-0.005656943145146976,-0.015171332504247494,0.01933729226711615,-inf,primary_target,0,rejected,research,"{""checks"": {""n_folds"": {""value"": 3, ""threshold"": 3, ""passed"": true}, ""presence_freq"": {""value"": 1.0, ""threshold"": 0.75, ""passed"": true}, ""directional_mean_ret"": {""value"": 0.33814000089963275, ""threshold"": 0.0, ""passed"": true}, ""hurdle_excess"": {""value"": 0.3380478310857934, ""threshold"": 0.0, ""passed"": true}, ""min_support_actual"": {""value"": 3511, ""threshold"": 50, ""passed"": true}, ""is_structurally_sound"": {""value"": false, ""passed"": false}, ""trade_path_quality_score"": {""value"": 0.0, ""threshold"": 0.0, ""passed"": true}}, ""failures"": [""structural_soundness_fail: ""], ""warnings"": [], ""classification"": ""research""}"
(*)|(*)|(reg_atr_change_rate_ts_top40==1&reg_atr_change_rate_ts_top50==1),*,*,reg_atr_change_rate_ts_top40==1&reg_atr_change_rate_ts_top50==1,0.3328988353411357,0.3328988353411357,0.00959546678553224,0.24976139763991037,0.5097283950617284,0.09106360968571656,1.0,1.0,0.5071258907363421,5577,,,-0.014754449350566329,-0.027399918707739977,-0.019536318846176223,-0.00449991474119763,,0.3333333333333333,0.017389655588879106,0.6307844683242392,0.6666666666666666,0.016139259381194777,0.007875266229778593,-2.5720068545339974,0.0030820751399840314,0.11937077598636764,0.0,7.541303431823302,-inf,-inf,0.00015634787703094042,0.33274248746410473,3,1,1,2,2,stage_a_context,,long,2-way,True,,production,0.017389655588879106,0.007875266229778593,-0.007268622695043803,-inf,primary_target,0,rejected,research,"{""checks"": {""n_folds"": {""value"": 3, ""threshold"": 3, ""passed"": true}, ""presence_freq"": {""value"": 1.0, ""threshold"": 0.75, ""passed"": true}, ""directional_mean_ret"": {""value"": 0.3328988353411357, ""threshold"": 0.0, ""passed"": true}, ""hurdle_excess"": {""value"": 0.33274248746410473, ""threshold"": 0.0, ""passed"": true}, ""min_support_actual"": {""value"": 5577, ""threshold"": 50, ""passed"": true}, ""is_structurally_sound"": {""value"": false, ""passed"": false}, ""trade_path_quality_score"": {""value"": 0.0, ""threshold"": 0.0, ""passed"": true}}, ""failures"": [""structural_soundness_fail: ""], ""warnings"": [], ""classification"": ""research""}"
(*)|(*)|(reg_atr_change_rate_ts_top40==1&reg_atr_change_rate_ts_top60==1&reg_atr_change_rate_ts_top70==1),*,*,reg_atr_change_rate_ts_top40==1&reg_atr_change_rate_ts_top60==1&reg_atr_change_rate_ts_top70==1,0.33172595500946045,0.33172595500946045,0.008070918795320087,0.24791315694650015,0.2998271604938271,0.07627424668398414,1.0,1.0,0.5035046728971962,2994,,,-0.014444076697832953,-0.03198714858864545,-0.018004927060343675,0.0013185700117241822,,0.3333333333333333,0.004021732086536389,0.4507091305625063,0.6666666666666666,0.005918683567836025,-0.005492657272564128,-5.399404615988018,1.907701772602228e-05,0.039050625011188236,0.0,7.538918511061188,-inf,-inf,8.3975812924859e-05,0.3316419791965356,3,1,1,3,3,stage_a_context,,long,3-way,True,,production,0.004021732086536389,-0.005492657272564128,-0.023289166361996,-inf,primary_target,0,rejected,research,"{""checks"": {""n_folds"": {""value"": 3, ""threshold"": 3, ""passed"": true}, ""presence_freq"": {""value"": 1.0, ""threshold"": 0.75, ""passed"": true}, ""directional_mean_ret"": {""value"": 0.33172595500946045, ""threshold"": 0.0, ""passed"": true}, ""hurdle_excess"": {""value"": 0.3316419791965356, ""threshold"": 0.0, ""passed"": true}, ""min_support_actual"": {""value"": 2994, ""threshold"": 50, ""passed"": true}, ""is_structurally_sound"": {""value"": false, ""passed"": false}, ""trade_path_quality_score"": {""value"": 0.0, ""threshold"": 0.0, ""passed"": true}}, ""failures"": [""structural_soundness_fail: ""], ""warnings"": [], ""classification"": ""research""}"
(*)|(*)|(reg_atr_change_rate_ts_top40==1&reg_atr_change_rate_ts_top60==1),*,*,reg_atr_change_rate_ts_top40==1&reg_atr_change_rate_ts_top60==1,0.33282722036043805,0.33282722036043805,0.0080271921149701,0.24771454433600107,0.40545679012345676,0.08402460791672045,1.0,1.0,0.5340253748558247,4301,,,-0.012845431592576645,-0.027408303772885362,-0.02649280609245993,-0.00510624666220957,,0.3333333333333333,0.019955634077751288,0.898447309832984,0.6666666666666666,0.02858765156523106,0.010441244718650771,-1.1285571316580671,0.009747804991622052,0.16445432233194024,0.0,7.524281775258673,-inf,-inf,0.00012465413651882335,0.33270256622391925,3,1,1,2,2,stage_a_context,,long,2-way,True,,production,0.019955634077751288,0.010441244718650771,-0.014185449924946228,-inf,primary_target,0,rejected,research,"{""checks"": {""n_folds"": {""value"": 3, ""threshold"": 3, ""passed"": true}, ""presence_freq"": {""value"": 1.0, ""threshold"": 0.75, ""passed"": true}, ""directional_mean_ret"": {""value"": 0.33282722036043805, ""threshold"": 0.0, ""passed"": true}, ""hurdle_excess"": {""value"": 0.33270256622391925, ""threshold"": 0.0, ""passed"": true}, ""min_support_actual"": {""value"": 4301, ""threshold"": 50, ""passed"": true}, ""is_structurally_sound"": {""value"": false, ""passed"": false}, ""trade_path_quality_score"": {""value"": 0.0, ""threshold"": 0.0, ""passed"": true}}, ""failures"": [""structural_soundness_fail: ""], ""warnings"": [], ""classification"": ""research""}"
(*)|(*)|(reg_atr_change_rate_ts_top40==1&reg_atr_change_rate_ts_top70==0),*,*,reg_atr_change_rate_ts_top40==1&reg_atr_change_rate_ts_top70==0,0.33330851793289185,0.33330851793289185,0.014500859233596852,0.25182561079661053,0.312320987654321,0.010450892560527558,1.0,1.0,0.5355850422195416,4038,,,-0.0018292722066041163,-0.011930702832716668,-0.011529944444012648,0.003421822300804171,,0.3333333333333333,-0.022158735489055763,-2.5175988601455526,1.0,-0.057554045471664116,-0.031673124848156285,-2.8321721348588405,0.0012917334180983307,1.626113902053484e-05,0.0,7.628033131670072,-inf,-inf,0.00010415908576436519,0.33320435884712746,3,1,1,2,2,stage_a_context,,long,2-way,True,,production,-0.022158735489055763,-0.031673124848156285,0.022847376298640903,-inf,primary_target,0,rejected,research,"{""checks"": {""n_folds"": {""value"": 3, ""threshold"": 3, ""passed"": true}, ""presence_freq"": {""value"": 1.0, ""threshold"": 0.75, ""passed"": true}, ""directional_mean_ret"": {""value"": 0.33330851793289185, ""threshold"": 0.0, ""passed"": true}, ""hurdle_excess"": {""value"": 0.33320435884712746, ""threshold"": 0.0, ""passed"": true}, ""min_support_actual"": {""value"": 4038, ""threshold"": 50, ""passed"": true}, ""is_structurally_sound"": {""value"": false, ""passed"": false}, ""trade_path_quality_score"": {""value"": 0.0, ""threshold"": 0.0, ""passed"": true}}, ""failures"": [""structural_soundness_fail: ""], ""warnings"": [], ""classification"": ""research""}"
(*)|(*)|(reg_atr_change_rate_ts_top60==1&reg_atr_change_rate_ts_top70==1),*,*,reg_atr_change_rate_ts_top60==1&reg_atr_change_rate_ts_top70==1,0.33172595500946045,0.33172595500946045,0.008070918795320087,0.24791315694650015,0.2998271604938271,0.07627424668398414,1.0,1.0,0.5035046728971962,2994,,,-0.014444076697832953,-0.03198714858864545,-0.018004927060343675,0.0013185700117241822,,0.3333333333333333,0.004021732086536389,0.4507091305625063,0.6666666666666666,0.005918683567836025,-0.005492657272564128,-5.399404615988018,1.907701772602228e-05,0.039050625011188236,0.0,7.538918511061188,-inf,-inf,0.00010197062998018594,0.33162398437948026,3,1,1,2,2,stage_a_context,,long,2-way,True,,production,0.004021732086536389,-0.005492657272564128,-0.023289166361996,-inf,primary_target,0,rejected,research,"{""checks"": {""n_folds"": {""value"": 3, ""threshold"": 3, ""passed"": true}, ""presence_freq"": {""value"": 1.0, ""threshold"": 0.75, ""passed"": true}, ""directional_mean_ret"": {""value"": 0.33172595500946045, ""threshold"": 0.0, ""passed"": true}, ""hurdle_excess"": {""value"": 0.33162398437948026, ""threshold"": 0.0, ""passed"": true}, ""min_support_actual"": {""value"": 2994, ""threshold"": 50, ""passed"": true}, ""is_structurally_sound"": {""value"": false, ""passed"": false}, ""trade_path_quality_score"": {""value"": 0.0, ""threshold"": 0.0, ""passed"": true}}, ""failures"": [""structural_soundness_fail: ""], ""warnings"": [], ""classification"": ""research""}"
(*)|(loc_dist_ema20_atr_ts_band25_75==0)|(reg_atr_change_rate_ts_top20==1&reg_atr_change_rate_ts_top60==0),*,loc_dist_ema20_atr_ts_band25_75==0,reg_atr_change_rate_ts_top20==1&reg_atr_change_rate_ts_top60==0,0.3347538709640503,0.3347538709640503,0.01661501513666027,0.2644202212492625,0.04617283950617285,0.00977222688177718,1.0,1.0,0.5034965034965035,459,,,0.00014978376231071058,-0.004372137013533726,0.00038968483915370123,0.004791655076576642,,0.6666666666666666,0.01733677228370011,0.7163567966503593,0.5,-0.07771765945755027,-0.009021370050546882,2.4051186132152105,0.0021552328874803604,0.010394842833760383,0.0,7.863935245298162,-inf,-inf,7.202815424477976e-05,0.3346818428098055,3,1,1,3,3,stage_a_context,,long,3-way,True,,production,0.01733677228370011,-0.009021370050546882,0.06892088256683149,-inf,primary_target,0,rejected,research,"{""checks"": {""n_folds"": {""value"": 3, ""threshold"": 3, ""passed"": true}, ""presence_freq"": {""value"": 1.0, ""threshold"": 0.75, ""passed"": true}, ""directional_mean_ret"": {""value"": 0.3347538709640503, ""threshold"": 0.0, ""passed"": true}, ""hurdle_excess"": {""value"": 0.3346818428098055, ""threshold"": 0.0, ""passed"": true}, ""min_support_actual"": {""value"": 459, ""threshold"": 50, ""passed"": true}, ""is_structurally_sound"": {""value"": false, ""passed"": false}, ""trade_path_quality_score"": {""value"": 0.0, ""threshold"": 0.0, ""passed"": true}}, ""failures"": [""structural_soundness_fail: ""], ""warnings"": [], ""classification"": ""research""}"
(*)|(loc_dist_ema20_atr_ts_band25_75==0)|(reg_atr_change_rate_ts_top30==1&reg_atr_change_rate_ts_top60==1),*,loc_dist_ema20_atr_ts_band25_75==0,reg_atr_change_rate_ts_top30==1&reg_atr_change_rate_ts_top60==1,0.33220455050468445,0.33220455050468445,0.007075488747402603,0.24681716163953146,0.24785185185185185,0.06665341432067502,1.0,1.0,0.514018691588785,2430,,,-0.011704549592500802,-0.025737616419331914,-0.01081904187090478,0.0027712710951283206,,0.3333333333333333,0.017142142398033317,2.56133040565663,1.0,0.1129633647964146,0.007627753038932799,14.979181131617928,1.8937028291587682e-05,0.13494351163706303,0.0,7.538918511061188,-inf,-inf,7.765105953360766e-05,0.33212689944515084,3,1,1,3,3,stage_a_context,,long,3-way,True,,production,0.017142142398033317,0.007627753038932799,-0.028545132773479736,-inf,primary_target,0,rejected,research,"{""checks"": {""n_folds"": {""value"": 3, ""threshold"": 3, ""passed"": true}, ""presence_freq"": {""value"": 1.0, ""threshold"": 0.75, ""passed"": true}, ""directional_mean_ret"": {""value"": 0.33220455050468445, ""threshold"": 0.0, ""passed"": true}, ""hurdle_excess"": {""value"": 0.33212689944515084, ""threshold"": 0.0, ""passed"": true}, ""min_support_actual"": {""value"": 2430, ""threshold"": 50, ""passed"": true}, ""is_structurally_sound"": {""value"": false, ""passed"": false}, ""trade_path_quality_score"": {""value"": 0.0, ""threshold"": 0.0, ""passed"": true}}, ""failures"": [""structural_soundness_fail: ""], ""warnings"": [], ""classification"": ""research""}"
(*)|(loc_dist_ema20_atr_ts_band25_75==0)|(reg_atr_change_rate_ts_top40==1&reg_atr_change_rate_ts_top50==1),*,loc_dist_ema20_atr_ts_band25_75==0,reg_atr_change_rate_ts_top40==1&reg_atr_change_rate_ts_top50==1,0.33220455050468445,0.33220455050468445,0.007075488747402603,0.24681716163953146,0.24785185185185185,0.06665341432067502,1.0,1.0,0.514018691588785,2430,,,-0.011704549592500802,-0.025737616419331914,-0.01081904187090478,0.0027712710951283206,,0.3333333333333333,0.017142142398033317,2.56133040565663,1.0,0.1129633647964146,0.007627753038932799,14.979181131617928,1.8937028291587682e-05,0.13494351163706303,0.0,7.538918511061188,-inf,-inf,7.765105953360766e-05,0.33212689944515084,3,1,1,3,3,stage_a_context,,long,3-way,True,,production,0.017142142398033317,0.007627753038932799,-0.028545132773479736,-inf,primary_target,0,rejected,research,"{""checks"": {""n_folds"": {""value"": 3, ""threshold"": 3, ""passed"": true}, ""presence_freq"": {""value"": 1.0, ""threshold"": 0.75, ""passed"": true}, ""directional_mean_ret"": {""value"": 0.33220455050468445, ""threshold"": 0.0, ""passed"": true}, ""hurdle_excess"": {""value"": 0.33212689944515084, ""threshold"": 0.0, ""passed"": true}, ""min_support_actual"": {""value"": 2430, ""threshold"": 50, ""passed"": true}, ""is_structurally_sound"": {""value"": false, ""passed"": false}, ""trade_path_quality_score"": {""value"": 0.0, ""threshold"": 0.0, ""passed"": true}}, ""failures"": [""structural_soundness_fail: ""], ""warnings"": [], ""classification"": ""research""}"
(*)|(loc_dist_ema20_atr_ts_band25_75==1&loc_dist_ema20_atr_ts_top30==0)|(reg_atr_change_rate_ts_top40==0&reg_ema20_gt_ema50_raw==1),*,loc_dist_ema20_atr_ts_band25_75==1&loc_dist_ema20_atr_ts_top30==0,reg_atr_change_rate_ts_top40==0&reg_ema20_gt_ema50_raw==1,0.3417562047640483,0.3417562047640483,0.011760857286735715,0.25970562795797986,0.042938271604938266,0.003910443888716181,1.0,1.0,0.5032679738562091,506,,,0.005968594972891653,-0.0007893594779556142,0.008188749003023615,0.013836626438804902,,0.6666666666666666,,,,-0.22924165405407018,,,,0.03623904116624627,0.0,7.680714685325308,-inf,-inf,9.293043676268862e-05,0.3416632743272856,3,1,1,4,4,stage_a_context,,long,4-way,True,,production,,,0.017403756910875885,-inf,primary_target,0,rejected,research,"{""checks"": {""n_folds"": {""value"": 3, ""threshold"": 3, ""passed"": true}, ""presence_freq"": {""value"": 1.0, ""threshold"": 0.75, ""passed"": true}, ""directional_mean_ret"": {""value"": 0.3417562047640483, ""threshold"": 0.0, ""passed"": true}, ""hurdle_excess"": {""value"": 0.3416632743272856, ""threshold"": 0.0, ""passed"": true}, ""min_support_actual"": {""value"": 506, ""threshold"": 50, ""passed"": true}, ""is_structurally_sound"": {""value"": false, ""passed"": false}, ""trade_path_quality_score"": {""value"": 0.0, ""threshold"": 0.0, ""passed"": true}}, ""failures"": [""structural_soundness_fail: ""], ""warnings"": [], ""classification"": ""research""}"
(*)|(loc_dist_ema20_atr_ts_band25_75==1)|(reg_atr_change_rate_ts_top20==1&reg_atr_change_rate_ts_top30==0&reg_atr_change_rate_ts_top50==0&reg_atr_change_rate_ts_top60==0),*,loc_dist_ema20_atr_ts_band25_75==1,reg_atr_change_rate_ts_top20==1&reg_atr_change_rate_ts_top30==0&reg_atr_change_rate_ts_top50==0&reg_atr_change_rate_ts_top60==0,0.3417562047640483,0.3417562047640483,0.011760857286735715,0.25970562795797986,0.04738271604938272,0.007146090238749478,1.0,1.0,0.516245487364621,542,,,0.005968594972891653,-0.0007893594779556142,0.008188749003023615,0.013836626438804902,,0.6666666666666666,,,,-0.22924165405407018,,,,0.03623904116624627,0.0,7.680714685325308,-inf,-inf,9.249172071330591e-05,0.341663713043335,3,1,1,5,5,stage_a_context,,long,5-way,True,,production,,,0.017403756910875885,-inf,primary_target,0,rejected,research,"{""checks"": {""n_folds"": {""value"": 3, ""threshold"": 3, ""passed"": true}, ""presence_freq"": {""value"": 1.0, ""threshold"": 0.75, ""passed"": true}, ""directional_mean_ret"": {""value"": 0.3417562047640483, ""threshold"": 0.0, ""passed"": true}, ""hurdle_excess"": {""value"": 0.341663713043335, ""threshold"": 0.0, ""passed"": true}, ""min_support_actual"": {""value"": 542, ""threshold"": 50, ""passed"": true}, ""is_structurally_sound"": {""value"": false, ""passed"": false}, ""trade_path_quality_score"": {""value"": 0.0, ""threshold"": 0.0, ""passed"": true}}, ""failures"": [""structural_soundness_fail: ""], ""warnings"": [], ""classification"": ""research""}"
(*)|(loc_dist_ema20_atr_ts_band25_75==1)|(reg_atr_change_rate_ts_top30==0&reg_ema20_gt_ema50_raw==1),*,loc_dist_ema20_atr_ts_band25_75==1,reg_atr_change_rate_ts_top30==0&reg_ema20_gt_ema50_raw==1,0.3417562047640483,0.3417562047640483,0.011760857286735715,0.25970562795797986,0.042938271604938266,0.003910443888716181,1.0,1.0,0.5032679738562091,506,,,0.005968594972891653,-0.0007893594779556142,0.008188749003023615,0.013836626438804902,,0.6666666666666666,,,,-0.22924165405407018,,,,0.03623904116624627,0.0,7.680714685325308,-inf,-inf,7.227922859320225e-05,0.34168392553545507,3,1,1,3,3,stage_a_context,,long,3-way,True,,production,,,0.017403756910875885,-inf,primary_target,0,rejected,research,"{""checks"": {""n_folds"": {""value"": 3, ""threshold"": 3, ""passed"": true}, ""presence_freq"": {""value"": 1.0, ""threshold"": 0.75, ""passed"": true}, ""directional_mean_ret"": {""value"": 0.3417562047640483, ""threshold"": 0.0, ""passed"": true}, ""hurdle_excess"": {""value"": 0.34168392553545507, ""threshold"": 0.0, ""passed"": true}, ""min_support_actual"": {""value"": 506, ""threshold"": 50, ""passed"": true}, ""is_structurally_sound"": {""value"": false, ""passed"": false}, ""trade_path_quality_score"": {""value"": 0.0, ""threshold"": 0.0, ""passed"": true}}, ""failures"": [""structural_soundness_fail: ""], ""warnings"": [], ""classification"": ""research""}"
(*)|(loc_dist_ema20_atr_ts_band25_75==1)|(reg_atr_change_rate_ts_top30==0),*,loc_dist_ema20_atr_ts_band25_75==1,reg_atr_change_rate_ts_top30==0,0.3417562047640483,0.3417562047640483,0.011760857286735715,0.25970562795797986,0.04738271604938272,0.007146090238749478,1.0,1.0,0.516245487364621,542,,,0.005968594972891653,-0.0007893594779556142,0.008188749003023615,0.013836626438804902,,0.6666666666666666,,,,-0.22924165405407018,,,,0.03623904116624627,0.0,7.680714685325308,-inf,-inf,8.735329178478892e-05,0.3416688514722635,3,1,1,2,2,stage_a_context,,long,2-way,True,,production,,,0.017403756910875885,-inf,primary_target,0,rejected,research,"{""checks"": {""n_folds"": {""value"": 3, ""threshold"": 3, ""passed"": true}, ""presence_freq"": {""value"": 1.0, ""threshold"": 0.75, ""passed"": true}, ""directional_mean_ret"": {""value"": 0.3417562047640483, ""threshold"": 0.0, ""passed"": true}, ""hurdle_excess"": {""value"": 0.3416688514722635, ""threshold"": 0.0, ""passed"": true}, ""min_support_actual"": {""value"": 542, ""threshold"": 50, ""passed"": true}, ""is_structurally_sound"": {""value"": false, ""passed"": false}, ""trade_path_quality_score"": {""value"": 0.0, ""threshold"": 0.0, ""passed"": true}}, ""failures"": [""structural_soundness_fail: ""], ""warnings"": [], ""classification"": ""research""}"
(*)|(loc_dist_ema20_atr_ts_band25_75==1)|(reg_atr_change_rate_ts_top40==1&reg_atr_change_rate_ts_top50==1),*,loc_dist_ema20_atr_ts_band25_75==1,reg_atr_change_rate_ts_top40==1&reg_atr_change_rate_ts_top50==1,0.33250150084495544,0.33250150084495544,0.016674654931348523,0.2514763722817103,0.2618765432098766,0.024659164197224016,1.0,1.0,0.5087514585764294,3147,,,-0.005138757386062902,-0.015141516190339276,-0.0033625949813583344,0.005752082620565757,,0.3333333333333333,0.006389307056623536,0.2791575457735458,0.6666666666666666,0.030563299233277715,-0.003125082302476981,-3.6417412755395433,0.10653493464715291,0.1320077700661062,6.183501072561933e-06,7.576329772312581,-inf,-inf,7.917140533455266e-05,0.3324223294396209,3,1,1,3,3,stage_a_context,,long,3-way,True,,production,0.006389307056623536,-0.003125082302476981,0.02898815545023122,-inf,primary_target,0,rejected,research,"{""checks"": {""n_folds"": {""value"": 3, ""threshold"": 3, ""passed"": true}, ""presence_freq"": {""value"": 1.0, ""threshold"": 0.75, ""passed"": true}, ""directional_mean_ret"": {""value"": 0.33250150084495544, ""threshold"": 0.0, ""passed"": true}, ""hurdle_excess"": {""value"": 0.3324223294396209, ""threshold"": 0.0, ""passed"": true}, ""min_support_actual"": {""value"": 3147, ""threshold"": 50, ""passed"": true}, ""is_structurally_sound"": {""value"": false, ""passed"": false}, ""trade_path_quality_score"": {""value"": 6.183501072561933e-06, ""threshold"": 0.0, ""passed"": true}}, ""failures"": [""structural_soundness_fail: ""], ""warnings"": [], ""classification"": ""research""}"
(*)|(loc_dist_ema20_atr_ts_top20==1&loc_dist_ema20_atr_ts_top70==0)|(reg_atr_change_rate_ts_band25_75==0&reg_atr_change_rate_ts_top40==0),*,loc_dist_ema20_atr_ts_top20==1&loc_dist_ema20_atr_ts_top70==0,reg_atr_change_rate_ts_band25_75==0&reg_atr_change_rate_ts_top40==0,0.3347538709640503,0.3347538709640503,0.01661501513666027,0.2644202212492625,0.04617283950617285,0.00977222688177718,1.0,1.0,0.5034965034965035,459,,,0.00014978376231071058,-0.004372137013533726,0.00038968483915370123,0.004791655076576642,,0.6666666666666666,0.01733677228370011,0.7163567966503593,0.5,-0.07771765945755027,-0.009021370050546882,2.4051186132152105,0.0021552328874803604,0.010394842833760383,0.0,7.863935245298162,-inf,-inf,9.260762688614541e-05,0.33466126333716417,3,1,1,4,4,stage_a_context,,long,4-way,True,,production,0.01733677228370011,-0.009021370050546882,0.06892088256683149,-inf,primary_target,0,rejected,research,"{""checks"": {""n_folds"": {""value"": 3, ""threshold"": 3, ""passed"": true}, ""presence_freq"": {""value"": 1.0, ""threshold"": 0.75, ""passed"": true}, ""directional_mean_ret"": {""value"": 0.3347538709640503, ""threshold"": 0.0, ""passed"": true}, ""hurdle_excess"": {""value"": 0.33466126333716417, ""threshold"": 0.0, ""passed"": true}, ""min_support_actual"": {""value"": 459, ""threshold"": 50, ""passed"": true}, ""is_structurally_sound"": {""value"": false, ""passed"": false}, ""trade_path_quality_score"": {""value"": 0.0, ""threshold"": 0.0, ""passed"": true}}, ""failures"": [""structural_soundness_fail: ""], ""warnings"": [], ""classification"": ""research""}"
(*)|(loc_dist_ema20_atr_ts_top20==1&loc_dist_ema20_atr_ts_top70==0)|(reg_atr_change_rate_ts_top40==1),*,loc_dist_ema20_atr_ts_top20==1&loc_dist_ema20_atr_ts_top70==0,reg_atr_change_rate_ts_top40==1,0.33330851793289185,0.33330851793289185,0.014500859233596852,0.25182561079661053,0.312320987654321,0.010450892560527558,1.0,1.0,0.5355850422195416,4038,,,-0.0018292722066041163,-0.011930702832716668,-0.011529944444012648,0.003421822300804171,,0.3333333333333333,-0.022158735489055763,-2.5175988601455526,1.0,-0.057554045471664116,-0.031673124848156285,-2.8321721348588405,0.0012917334180983307,1.626113902053484e-05,0.0,7.628033131670072,-inf,-inf,8.57780706294772e-05,0.33322273986226236,3,1,1,3,3,stage_a_context,,long,3-way,True,,production,-0.022158735489055763,-0.031673124848156285,0.022847376298640903,-inf,primary_target,0,rejected,research,"{""checks"": {""n_folds"": {""value"": 3, ""threshold"": 3, ""passed"": true}, ""presence_freq"": {""value"": 1.0, ""threshold"": 0.75, ""passed"": true}, ""directional_mean_ret"": {""value"": 0.33330851793289185, ""threshold"": 0.0, ""passed"": true}, ""hurdle_excess"": {""value"": 0.33322273986226236, ""threshold"": 0.0, ""passed"": true}, ""min_support_actual"": {""value"": 4038, ""threshold"": 50, ""passed"": true}, ""is_structurally_sound"": {""value"": false, ""passed"": false}, ""trade_path_quality_score"": {""value"": 0.0, ""threshold"": 0.0, ""passed"": true}}, ""failures"": [""structural_soundness_fail: ""], ""warnings"": [], ""classification"": ""research""}"
(*)|(loc_dist_ema20_atr_ts_top20==1&loc_dist_ema20_atr_ts_top70==1)|(reg_atr_change_rate_ts_band25_75==0),*,loc_dist_ema20_atr_ts_top20==1&loc_dist_ema20_atr_ts_top70==1,reg_atr_change_rate_ts_band25_75==0,0.33220455050468445,0.33220455050468445,0.007075488747402603,0.24681716163953146,0.24785185185185185,0.06665341432067502,1.0,1.0,0.514018691588785,2430,,,-0.011704549592500802,-0.025737616419331914,-0.01081904187090478,0.0027712710951283206,,0.3333333333333333,0.017142142398033317,2.56133040565663,1.0,0.1129633647964146,0.007627753038932799,14.979181131617928,1.8937028291587682e-05,0.13494351163706303,0.0,7.538918511061188,-inf,-inf,7.765105953360766e-05,0.33212689944515084,3,1,1,3,3,stage_a_context,,long,3-way,True,,production,0.017142142398033317,0.007627753038932799,-0.028545132773479736,-inf,primary_target,0,rejected,research,"{""checks"": {""n_folds"": {""value"": 3, ""threshold"": 3, ""passed"": true}, ""presence_freq"": {""value"": 1.0, ""threshold"": 0.75, ""passed"": true}, ""directional_mean_ret"": {""value"": 0.33220455050468445, ""threshold"": 0.0, ""passed"": true}, ""hurdle_excess"": {""value"": 0.33212689944515084, ""threshold"": 0.0, ""passed"": true}, ""min_support_actual"": {""value"": 2430, ""threshold"": 50, ""passed"": true}, ""is_structurally_sound"": {""value"": false, ""passed"": false}, ""trade_path_quality_score"": {""value"": 0.0, ""threshold"": 0.0, ""passed"": true}}, ""failures"": [""structural_soundness_fail: ""], ""warnings"": [], ""classification"": ""research""}"
(*)|(loc_dist_ema20_atr_ts_top20==1)|(reg_atr_change_rate_ts_band25_75==0&reg_atr_change_rate_ts_top30==0&reg_ema20_gt_ema50_raw==1),*,loc_dist_ema20_atr_ts_top20==1,reg_atr_change_rate_ts_band25_75==0&reg_atr_change_rate_ts_top30==0&reg_ema20_gt_ema50_raw==1,0.33471519748369855,0.33471519748369855,0.01658358750405005,0.26481064160664874,0.04330864197530864,0.006903961562856002,1.0,1.0,0.5253863134657837,455,,,-2.383173692070842e-05,-0.004577801809184013,-2.1644752146872994e-05,0.0045312318277295136,,0.3333333333333333,,,,-0.06042724021444814,,,,0.03623904116624627,0.0,7.863935245298162,-inf,-inf,9.289251906721538e-05,0.33462230496463136,3,1,1,4,4,stage_a_context,,long,4-way,True,,production,,,0.06945378184888362,-inf,primary_target,0,rejected,research,"{""checks"": {""n_folds"": {""value"": 3, ""threshold"": 3, ""passed"": true}, ""presence_freq"": {""value"": 1.0, ""threshold"": 0.75, ""passed"": true}, ""directional_mean_ret"": {""value"": 0.33471519748369855, ""threshold"": 0.0, ""passed"": true}, ""hurdle_excess"": {""value"": 0.33462230496463136, ""threshold"": 0.0, ""passed"": true}, ""min_support_actual"": {""value"": 455, ""threshold"": 50, ""passed"": true}, ""is_structurally_sound"": {""value"": false, ""passed"": false}, ""trade_path_quality_score"": {""value"": 0.0, ""threshold"": 0.0, ""passed"": true}}, ""failures"": [""structural_soundness_fail: ""], ""warnings"": [], ""classification"": ""research""}"
(*)|(loc_dist_ema20_atr_ts_top20==1)|(reg_atr_change_rate_ts_band25_75==0&reg_atr_change_rate_ts_top30==0),*,loc_dist_ema20_atr_ts_top20==1,reg_atr_change_rate_ts_band25_75==0&reg_atr_change_rate_ts_top30==0,0.3347538709640503,0.3347538709640503,0.01661501513666027,0.2644202212492625,0.04617283950617285,0.00977222688177718,1.0,1.0,0.5034965034965035,459,,,0.00014978376231071058,-0.004372137013533726,0.00038968483915370123,0.004791655076576642,,0.6666666666666666,0.01733677228370011,0.7163567966503593,0.5,-0.07771765945755027,-0.009021370050546882,2.4051186132152105,0.0021552328874803604,0.010394842833760383,0.0,7.863935245298162,-inf,-inf,7.202815424477976e-05,0.3346818428098055,3,1,1,3,3,stage_a_context,,long,3-way,True,,production,0.01733677228370011,-0.009021370050546882,0.06892088256683149,-inf,primary_target,0,rejected,research,"{""checks"": {""n_folds"": {""value"": 3, ""threshold"": 3, ""passed"": true}, ""presence_freq"": {""value"": 1.0, ""threshold"": 0.75, ""passed"": true}, ""directional_mean_ret"": {""value"": 0.3347538709640503, ""threshold"": 0.0, ""passed"": true}, ""hurdle_excess"": {""value"": 0.3346818428098055, ""threshold"": 0.0, ""passed"": true}, ""min_support_actual"": {""value"": 459, ""threshold"": 50, ""passed"": true}, ""is_structurally_sound"": {""value"": false, ""passed"": false}, ""trade_path_quality_score"": {""value"": 0.0, ""threshold"": 0.0, ""passed"": true}}, ""failures"": [""structural_soundness_fail: ""], ""warnings"": [], ""classification"": ""research""}"
(*)|(loc_dist_ema20_atr_ts_top20==1)|(reg_atr_change_rate_ts_band25_75==0&reg_atr_change_rate_ts_top40==0&reg_ema20_gt_ema50_raw==1),*,loc_dist_ema20_atr_ts_top20==1,reg_atr_change_rate_ts_band25_75==0&reg_atr_change_rate_ts_top40==0&reg_ema20_gt_ema50_raw==1,0.33471519748369855,0.33471519748369855,0.01658358750405005,0.26481064160664874,0.04330864197530864,0.006903961562856002,1.0,1.0,0.5253863134657837,455,,,-2.383173692070842e-05,-0.004577801809184013,-2.1644752146872994e-05,0.0045312318277295136,,0.3333333333333333,,,,-0.06042724021444814,,,,0.03623904116624627,0.0,7.863935245298162,-inf,-inf,9.289251906721538e-05,0.33462230496463136,3,1,1,4,4,stage_a_context,,long,4-way,True,,production,,,0.06945378184888362,-inf,primary_target,0,rejected,research,"{""checks"": {""n_folds"": {""value"": 3, ""threshold"": 3, ""passed"": true}, ""presence_freq"": {""value"": 1.0, ""threshold"": 0.75, ""passed"": true}, ""directional_mean_ret"": {""value"": 0.33471519748369855, ""threshold"": 0.0, ""passed"": true}, ""hurdle_excess"": {""value"": 0.33462230496463136, ""threshold"": 0.0, ""passed"": true}, ""min_support_actual"": {""value"": 455, ""threshold"": 50, ""passed"": true}, ""is_structurally_sound"": {""value"": false, ""passed"": false}, ""trade_path_quality_score"": {""value"": 0.0, ""threshold"": 0.0, ""passed"": true}}, ""failures"": [""structural_soundness_fail: ""], ""warnings"": [], ""classification"": ""research""}"
(*)|(loc_dist_ema20_atr_ts_top20==1)|(reg_atr_change_rate_ts_band25_75==0&reg_atr_change_rate_ts_top50==0),*,loc_dist_ema20_atr_ts_top20==1,reg_atr_change_rate_ts_band25_75==0&reg_atr_change_rate_ts_top50==0,0.3347538709640503,0.3347538709640503,0.01661501513666027,0.2644202212492625,0.04617283950617285,0.00977222688177718,1.0,1.0,0.5034965034965035,459,,,0.00014978376231071058,-0.004372137013533726,0.00038968483915370123,0.004791655076576642,,0.6666666666666666,0.01733677228370011,0.7163567966503593,0.5,-0.07771765945755027,-0.009021370050546882,2.4051186132152105,0.0021552328874803604,0.010394842833760383,0.0,7.863935245298162,-inf,-inf,7.202815424477976e-05,0.3346818428098055,3,1,1,3,3,stage_a_context,,long,3-way,True,,production,0.01733677228370011,-0.009021370050546882,0.06892088256683149,-inf,primary_target,0,rejected,research,"{""checks"": {""n_folds"": {""value"": 3, ""threshold"": 3, ""passed"": true}, ""presence_freq"": {""value"": 1.0, ""threshold"": 0.75, ""passed"": true}, ""directional_mean_ret"": {""value"": 0.3347538709640503, ""threshold"": 0.0, ""passed"": true}, ""hurdle_excess"": {""value"": 0.3346818428098055, ""threshold"": 0.0, ""passed"": true}, ""min_support_actual"": {""value"": 459, ""threshold"": 50, ""passed"": true}, ""is_structurally_sound"": {""value"": false, ""passed"": false}, ""trade_path_quality_score"": {""value"": 0.0, ""threshold"": 0.0, ""passed"": true}}, ""failures"": [""structural_soundness_fail: ""], ""warnings"": [], ""classification"": ""research""}"
(*)|(loc_dist_ema20_atr_ts_top20==1)|(reg_atr_change_rate_ts_band25_75==1&reg_atr_change_rate_ts_top30==0),*,loc_dist_ema20_atr_ts_top20==1,reg_atr_change_rate_ts_band25_75==1&reg_atr_change_rate_ts_top30==0,0.3417562047640483,0.3417562047640483,0.011760857286735715,0.25970562795797986,0.04738271604938272,0.007146090238749478,1.0,1.0,0.516245487364621,542,,,0.005968594972891653,-0.0007893594779556142,0.008188749003023615,0.013836626438804902,,0.6666666666666666,,,,-0.22924165405407018,,,,0.03623904116624627,0.0,7.680714685325308,-inf,-inf,7.193800499923792e-05,0.34168426675904906,3,1,1,3,3,stage_a_context,,long,3-way,True,,production,,,0.017403756910875885,-inf,primary_target,0,rejected,research,"{""checks"": {""n_folds"": {""value"": 3, ""threshold"": 3, ""passed"": true}, ""presence_freq"": {""value"": 1.0, ""threshold"": 0.75, ""passed"": true}, ""directional_mean_ret"": {""value"": 0.3417562047640483, ""threshold"": 0.0, ""passed"": true}, ""hurdle_excess"": {""value"": 0.34168426675904906, ""threshold"": 0.0, ""passed"": true}, ""min_support_actual"": {""value"": 542, ""threshold"": 50, ""passed"": true}, ""is_structurally_sound"": {""value"": false, ""passed"": false}, ""trade_path_quality_score"": {""value"": 0.0, ""threshold"": 0.0, ""passed"": true}}, ""failures"": [""structural_soundness_fail: ""], ""warnings"": [], ""classification"": ""research""}"
(*)|(loc_dist_ema20_atr_ts_top20==1)|(reg_atr_change_rate_ts_band25_75==1&reg_atr_change_rate_ts_top50==0),*,loc_dist_ema20_atr_ts_top20==1,reg_atr_change_rate_ts_band25_75==1&reg_atr_change_rate_ts_top50==0,0.336565097173055,0.336565097173055,0.004565394359287893,0.25720082720120746,0.25022222222222223,0.022994562089506242,1.0,1.0,0.527027027027027,3005,,,0.004109831749357338,-0.00906902330907634,-0.004838763646028498,0.0128143891100981,,0.3333333333333333,-0.0037685088759593244,-2.0792438171437397,1.0,-0.028965944201778848,-0.013282898235059841,-5.379523540961188,0.009059006949552343,0.00023375740022366496,0.0,7.789884490207811,-inf,-inf,7.789835061728395e-05,0.3364871988224377,3,1,1,3,3,stage_a_context,,long,3-way,True,,production,-0.0037685088759593244,-0.013282898235059841,0.002078633590307207,-inf,primary_target,0,rejected,research,"{""checks"": {""n_folds"": {""value"": 3, ""threshold"": 3, ""passed"": true}, ""presence_freq"": {""value"": 1.0, ""threshold"": 0.75, ""passed"": true}, ""directional_mean_ret"": {""value"": 0.336565097173055, ""threshold"": 0.0, ""passed"": true}, ""hurdle_excess"": {""value"": 0.3364871988224377, ""threshold"": 0.0, ""passed"": true}, ""min_support_actual"": {""value"": 3005, ""threshold"": 50, ""passed"": true}, ""is_structurally_sound"": {""value"": false, ""passed"": false}, ""trade_path_quality_score"": {""value"": 0.0, ""threshold"": 0.0, ""passed"": true}}, ""failures"": [""structural_soundness_fail: ""], ""warnings"": [], ""classification"": ""research""}"
(*)|(loc_dist_ema20_atr_ts_top20==1)|(reg_atr_change_rate_ts_bot50==1&reg_atr_change_rate_ts_top60==0),*,loc_dist_ema20_atr_ts_top20==1,reg_atr_change_rate_ts_bot50==1&reg_atr_change_rate_ts_top60==0,0.3364945451418559,0.3364945451418559,0.006425441771046971,0.25840772191683453,0.2963950617283951,0.032753493596609076,1.0,1.0,0.525564803804994,3464,,,0.004140393718908195,-0.008346268418051792,-0.007929163997157056,0.010592276997835555,,0.3333333333333333,-0.007028667164736181,-1.013020089898354,0.6666666666666666,-0.007933167125528912,-0.016543056523836697,-3.0603232402091245,0.11179774209594427,0.0002704007438215315,0.0,7.791948630017499,-inf,-inf,8.349985709495504e-05,0.33641104528476096,3,1,1,3,3,stage_a_context,,long,3-way,True,,production,-0.007028667164736181,-0.016543056523836697,0.007648873630289099,-inf,primary_target,0,rejected,research,"{""checks"": {""n_folds"": {""value"": 3, ""threshold"": 3, ""passed"": true}, ""presence_freq"": {""value"": 1.0, ""threshold"": 0.75, ""passed"": true}, ""directional_mean_ret"": {""value"": 0.3364945451418559, ""threshold"": 0.0, ""passed"": true}, ""hurdle_excess"": {""value"": 0.33641104528476096, ""threshold"": 0.0, ""passed"": true}, ""min_support_actual"": {""value"": 3464, ""threshold"": 50, ""passed"": true}, ""is_structurally_sound"": {""value"": false, ""passed"": false}, ""trade_path_quality_score"": {""value"": 0.0, ""threshold"": 0.0, ""passed"": true}}, ""failures"": [""structural_soundness_fail: ""], ""warnings"": [], ""classification"": ""research""}"
(*)|(loc_dist_ema20_atr_ts_top30==0&loc_dist_ema20_atr_ts_top50==0)|(reg_atr_change_rate_ts_band25_75==1),*,loc_dist_ema20_atr_ts_top30==0&loc_dist_ema20_atr_ts_top50==0,reg_atr_change_rate_ts_band25_75==1,0.3417562047640483,0.3417562047640483,0.011760857286735715,0.25970562795797986,0.04738271604938272,0.007146090238749478,1.0,1.0,0.516245487364621,542,,,0.005968594972891653,-0.0007893594779556142,0.008188749003023615,0.013836626438804902,,0.6666666666666666,,,,-0.22924165405407018,,,,0.03623904116624627,0.0,7.680714685325308,-inf,-inf,7.193800499923792e-05,0.34168426675904906,3,1,1,3,3,stage_a_context,,long,3-way,True,,production,,,0.017403756910875885,-inf,primary_target,0,rejected,research,"{""checks"": {""n_folds"": {""value"": 3, ""threshold"": 3, ""passed"": true}, ""presence_freq"": {""value"": 1.0, ""threshold"": 0.75, ""passed"": true}, ""directional_mean_ret"": {""value"": 0.3417562047640483, ""threshold"": 0.0, ""passed"": true}, ""hurdle_excess"": {""value"": 0.34168426675904906, ""threshold"": 0.0, ""passed"": true}, ""min_support_actual"": {""value"": 542, ""threshold"": 50, ""passed"": true}, ""is_structurally_sound"": {""value"": false, ""passed"": false}, ""trade_path_quality_score"": {""value"": 0.0, ""threshold"": 0.0, ""passed"": true}}, ""failures"": [""structural_soundness_fail: ""], ""warnings"": [], ""classification"": ""research""}"
(*)|(loc_dist_ema20_atr_ts_top30==0&loc_dist_ema20_atr_ts_top60==0)|(reg_atr_change_rate_ts_band25_75==1&reg_atr_change_rate_ts_top40==0),*,loc_dist_ema20_atr_ts_top30==0&loc_dist_ema20_atr_ts_top60==0,reg_atr_change_rate_ts_band25_75==1&reg_atr_change_rate_ts_top40==0,0.3417562047640483,0.3417562047640483,0.011760857286735715,0.25970562795797986,0.04738271604938272,0.007146090238749478,1.0,1.0,0.516245487364621,542,,,0.005968594972891653,-0.0007893594779556142,0.008188749003023615,0.013836626438804902,,0.6666666666666666,,,,-0.22924165405407018,,,,0.03623904116624627,0.0,7.680714685325308,-inf,-inf,9.249172071330591e-05,0.341663713043335,3,1,1,4,4,stage_a_context,,long,4-way,True,,production,,,0.017403756910875885,-inf,primary_target,0,rejected,research,"{""checks"": {""n_folds"": {""value"": 3, ""threshold"": 3, ""passed"": true}, ""presence_freq"": {""value"": 1.0, ""threshold"": 0.75, ""passed"": true}, ""directional_mean_ret"": {""value"": 0.3417562047640483, ""threshold"": 0.0, ""passed"": true}, ""hurdle_excess"": {""value"": 0.341663713043335, ""threshold"": 0.0, ""passed"": true}, ""min_support_actual"": {""value"": 542, ""threshold"": 50, ""passed"": true}, ""is_structurally_sound"": {""value"": false, ""passed"": false}, ""trade_path_quality_score"": {""value"": 0.0, ""threshold"": 0.0, ""passed"": true}}, ""failures"": [""structural_soundness_fail: ""], ""warnings"": [], ""classification"": ""research""}"
(*)|(loc_dist_ema20_atr_ts_top30==0)|(reg_atr_change_rate_ts_band25_75==0&reg_atr_change_rate_ts_top20==1&reg_atr_change_rate_ts_top40==0),*,loc_dist_ema20_atr_ts_top30==0,reg_atr_change_rate_ts_band25_75==0&reg_atr_change_rate_ts_top20==1&reg_atr_change_rate_ts_top40==0,0.3347538709640503,0.3347538709640503,0.01661501513666027,0.2644202212492625,0.04617283950617285,0.00977222688177718,1.0,1.0,0.5034965034965035,459,,,0.00014978376231071058,-0.004372137013533726,0.00038968483915370123,0.004791655076576642,,0.6666666666666666,0.01733677228370011,0.7163567966503593,0.5,-0.07771765945755027,-0.009021370050546882,2.4051186132152105,0.0021552328874803604,0.010394842833760383,0.0,7.863935245298162,-inf,-inf,9.260762688614541e-05,0.33466126333716417,3,1,1,4,4,stage_a_context,,long,4-way,True,,production,0.01733677228370011,-0.009021370050546882,0.06892088256683149,-inf,primary_target,0,rejected,research,"{""checks"": {""n_folds"": {""value"": 3, ""threshold"": 3, ""passed"": true}, ""presence_freq"": {""value"": 1.0, ""threshold"": 0.75, ""passed"": true}, ""directional_mean_ret"": {""value"": 0.3347538709640503, ""threshold"": 0.0, ""passed"": true}, ""hurdle_excess"": {""value"": 0.33466126333716417, ""threshold"": 0.0, ""passed"": true}, ""min_support_actual"": {""value"": 459, ""threshold"": 50, ""passed"": true}, ""is_structurally_sound"": {""value"": false, ""passed"": false}, ""trade_path_quality_score"": {""value"": 0.0, ""threshold"": 0.0, ""passed"": true}}, ""failures"": [""structural_soundness_fail: ""], ""warnings"": [], ""classification"": ""research""}"
(*)|(loc_dist_ema20_atr_ts_top30==0)|(reg_atr_change_rate_ts_band25_75==1&reg_atr_change_rate_ts_top20==1&reg_atr_change_rate_ts_top40==0),*,loc_dist_ema20_atr_ts_top30==0,reg_atr_change_rate_ts_band25_75==1&reg_atr_change_rate_ts_top20==1&reg_atr_change_rate_ts_top40==0,0.3417562047640483,0.3417562047640483,0.011760857286735715,0.25970562795797986,0.04738271604938272,0.007146090238749478,1.0,1.0,0.516245487364621,542,,,0.005968594972891653,-0.0007893594779556142,0.008188749003023615,0.013836626438804902,,0.6666666666666666,,,,-0.22924165405407018,,,,0.03623904116624627,0.0,7.680714685325308,-inf,-inf,9.249172071330591e-05,0.341663713043335,3,1,1,4,4,stage_a_context,,long,4-way,True,,production,,,0.017403756910875885,-inf,primary_target,0,rejected,research,"{""checks"": {""n_folds"": {""value"": 3, ""threshold"": 3, ""passed"": true}, ""presence_freq"": {""value"": 1.0, ""threshold"": 0.75, ""passed"": true}, ""directional_mean_ret"": {""value"": 0.3417562047640483, ""threshold"": 0.0, ""passed"": true}, ""hurdle_excess"": {""value"": 0.341663713043335, ""threshold"": 0.0, ""passed"": true}, ""min_support_actual"": {""value"": 542, ""threshold"": 50, ""passed"": true}, ""is_structurally_sound"": {""value"": false, ""passed"": false}, ""trade_path_quality_score"": {""value"": 0.0, ""threshold"": 0.0, ""passed"": true}}, ""failures"": [""structural_soundness_fail: ""], ""warnings"": [], ""classification"": ""research""}"
(*)|(loc_dist_ema20_atr_ts_top30==0)|(reg_atr_change_rate_ts_band25_75==1&reg_atr_change_rate_ts_top40==0&reg_ema20_gt_ema50_raw==1),*,loc_dist_ema20_atr_ts_top30==0,reg_atr_change_rate_ts_band25_75==1&reg_atr_change_rate_ts_top40==0&reg_ema20_gt_ema50_raw==1,0.3417562047640483,0.3417562047640483,0.011760857286735715,0.25970562795797986,0.042938271604938266,0.003910443888716181,1.0,1.0,0.5032679738562091,506,,,0.005968594972891653,-0.0007893594779556142,0.008188749003023615,0.013836626438804902,,0.6666666666666666,,,,-0.22924165405407018,,,,0.03623904116624627,0.0,7.680714685325308,-inf,-inf,9.293043676268862e-05,0.3416632743272856,3,1,1,4,4,stage_a_context,,long,4-way,True,,production,,,0.017403756910875885,-inf,primary_target,0,rejected,research,"{""checks"": {""n_folds"": {""value"": 3, ""threshold"": 3, ""passed"": true}, ""presence_freq"": {""value"": 1.0, ""threshold"": 0.75, ""passed"": true}, ""directional_mean_ret"": {""value"": 0.3417562047640483, ""threshold"": 0.0, ""passed"": true}, ""hurdle_excess"": {""value"": 0.3416632743272856, ""threshold"": 0.0, ""passed"": true}, ""min_support_actual"": {""value"": 506, ""threshold"": 50, ""passed"": true}, ""is_structurally_sound"": {""value"": false, ""passed"": false}, ""trade_path_quality_score"": {""value"": 0.0, ""threshold"": 0.0, ""passed"": true}}, ""failures"": [""structural_soundness_fail: ""], ""warnings"": [], ""classification"": ""research""}"
(*)|(loc_dist_ema20_atr_ts_top30==0)|(reg_atr_change_rate_ts_band25_75==1&reg_atr_change_rate_ts_top40==0),*,loc_dist_ema20_atr_ts_top30==0,reg_atr_change_rate_ts_band25_75==1&reg_atr_change_rate_ts_top40==0,0.3417562047640483,0.3417562047640483,0.011760857286735715,0.25970562795797986,0.04738271604938272,0.007146090238749478,1.0,1.0,0.516245487364621,542,,,0.005968594972891653,-0.0007893594779556142,0.008188749003023615,0.013836626438804902,,0.6666666666666666,,,,-0.22924165405407018,,,,0.03623904116624627,0.0,7.680714685325308,-inf,-inf,7.193800499923792e-05,0.34168426675904906,3,1,1,3,3,stage_a_context,,long,3-way,True,,production,,,0.017403756910875885,-inf,primary_target,0,rejected,research,"{""checks"": {""n_folds"": {""value"": 3, ""threshold"": 3, ""passed"": true}, ""presence_freq"": {""value"": 1.0, ""threshold"": 0.75, ""passed"": true}, ""directional_mean_ret"": {""value"": 0.3417562047640483, ""threshold"": 0.0, ""passed"": true}, ""hurdle_excess"": {""value"": 0.34168426675904906, ""threshold"": 0.0, ""passed"": true}, ""min_support_actual"": {""value"": 542, ""threshold"": 50, ""passed"": true}, ""is_structurally_sound"": {""value"": false, ""passed"": false}, ""trade_path_quality_score"": {""value"": 0.0, ""threshold"": 0.0, ""passed"": true}}, ""failures"": [""structural_soundness_fail: ""], ""warnings"": [], ""classification"": ""research""}"
(*)|(loc_dist_ema20_atr_ts_top30==0)|(reg_atr_change_rate_ts_band25_75==1),*,loc_dist_ema20_atr_ts_top30==0,reg_atr_change_rate_ts_band25_75==1,0.3417562047640483,0.3417562047640483,0.011760857286735715,0.25970562795797986,0.04738271604938272,0.007146090238749478,1.0,1.0,0.516245487364621,542,,,0.005968594972891653,-0.0007893594779556142,0.008188749003023615,0.013836626438804902,,0.6666666666666666,,,,-0.22924165405407018,,,,0.03623904116624627,0.0,7.680714685325308,-inf,-inf,8.735329178478892e-05,0.3416688514722635,3,1,1,2,2,stage_a_context,,long,2-way,True,,production,,,0.017403756910875885,-inf,primary_target,0,rejected,research,"{""checks"": {""n_folds"": {""value"": 3, ""threshold"": 3, ""passed"": true}, ""presence_freq"": {""value"": 1.0, ""threshold"": 0.75, ""passed"": true}, ""directional_mean_ret"": {""value"": 0.3417562047640483, ""threshold"": 0.0, ""passed"": true}, ""hurdle_excess"": {""value"": 0.3416688514722635, ""threshold"": 0.0, ""passed"": true}, ""min_support_actual"": {""value"": 542, ""threshold"": 50, ""passed"": true}, ""is_structurally_sound"": {""value"": false, ""passed"": false}, ""trade_path_quality_score"": {""value"": 0.0, ""threshold"": 0.0, ""passed"": true}}, ""failures"": [""structural_soundness_fail: ""], ""warnings"": [], ""classification"": ""research""}"
(*)|(loc_dist_ema20_atr_ts_top30==0)|(reg_atr_change_rate_ts_top40==0&reg_ema20_gt_ema50_raw==1),*,loc_dist_ema20_atr_ts_top30==0,reg_atr_change_rate_ts_top40==0&reg_ema20_gt_ema50_raw==1,0.337784339984258,0.337784339984258,0.01122912840351727,0.26291703184445697,0.2601481481481482,0.05740802867047347,1.0,1.0,0.5186766275346851,2419,,,0.010127682718838743,0.005020495902651291,0.010208246280999204,0.015275151316106426,,0.6666666666666666,0.003273088683527102,0.18322917980611989,0.6666666666666666,-0.08534549793715819,-0.006241300675573415,-2.616339154883302,0.1632151312924542,0.016278401688082835,0.0,7.674287848296199,-inf,-inf,7.897660027434841e-05,0.33770536338398366,3,1,1,3,3,stage_a_context,,long,3-way,True,,production,0.003273088683527102,-0.006241300675573415,0.029494971812862758,-inf,primary_target,0,rejected,research,"{""checks"": {""n_folds"": {""value"": 3, ""threshold"": 3, ""passed"": true}, ""presence_freq"": {""value"": 1.0, ""threshold"": 0.75, ""passed"": true}, ""directional_mean_ret"": {""value"": 0.337784339984258, ""threshold"": 0.0, ""passed"": true}, ""hurdle_excess"": {""value"": 0.33770536338398366, ""threshold"": 0.0, ""passed"": true}, ""min_support_actual"": {""value"": 2419, ""threshold"": 50, ""passed"": true}, ""is_structurally_sound"": {""value"": false, ""passed"": false}, ""trade_path_quality_score"": {""value"": 0.0, ""threshold"": 0.0, ""passed"": true}}, ""failures"": [""structural_soundness_fail: ""], ""warnings"": [], ""classification"": ""research""}"
(*)|(loc_dist_ema20_atr_ts_top30==1&loc_dist_ema20_atr_ts_top80==0)|(reg_atr_change_rate_ts_top50==1),*,loc_dist_ema20_atr_ts_top30==1&loc_dist_ema20_atr_ts_top80==0,reg_atr_change_rate_ts_top50==1,0.33090871572494507,0.33090871572494507,0.015815117333835095,0.25202181935310364,0.3138518518518519,0.035218931185579665,1.0,1.0,0.5312131919905771,3683,,,-0.012151703727042523,-0.021575483090093633,-0.004534276063788102,0.0010807894676357968,,0.3333333333333333,0.006209262394249304,0.33156382961945285,0.6666666666666666,0.008857315915151697,-0.0033051269648512126,-3.0601633858818205,0.08946374847741755,0.10320164799903558,6.333899875861108e-06,7.589846310494597,-inf,-inf,8.600641508916323e-05,0.3308227093098559,3,1,1,3,3,stage_a_context,,long,3-way,True,,production,0.006209262394249304,-0.0033051269648512126,0.02901395068594474,-inf,primary_target,0,rejected,research,"{""checks"": {""n_folds"": {""value"": 3, ""threshold"": 3, ""passed"": true}, ""presence_freq"": {""value"": 1.0, ""threshold"": 0.75, ""passed"": true}, ""directional_mean_ret"": {""value"": 0.33090871572494507, ""threshold"": 0.0, ""passed"": true}, ""hurdle_excess"": {""value"": 0.3308227093098559, ""threshold"": 0.0, ""passed"": true}, ""min_support_actual"": {""value"": 3683, ""threshold"": 50, ""passed"": true}, ""is_structurally_sound"": {""value"": false, ""passed"": false}, ""trade_path_quality_score"": {""value"": 6.333899875861108e-06, ""threshold"": 0.0, ""passed"": true}}, ""failures"": [""structural_soundness_fail: ""], ""warnings"": [], ""classification"": ""research""}"
(*)|(loc_dist_ema20_atr_ts_top40==0)|(reg_atr_change_rate_ts_band25_75==0&reg_atr_change_rate_ts_top20==1),*,loc_dist_ema20_atr_ts_top40==0,reg_atr_change_rate_ts_band25_75==0&reg_atr_change_rate_ts_top20==1,0.3347538709640503,0.3347538709640503,0.01661501513666027,0.2644202212492625,0.04617283950617285,0.00977222688177718,1.0,1.0,0.5034965034965035,459,,,0.00014978376231071058,-0.004372137013533726,0.00038968483915370123,0.004791655076576642,,0.6666666666666666,0.01733677228370011,0.7163567966503593,0.5,-0.07771765945755027,-0.009021370050546882,2.4051186132152105,0.0021552328874803604,0.010394842833760383,0.0,7.863935245298162,-inf,-inf,7.202815424477976e-05,0.3346818428098055,3,2,2,3,3,stage_a_context,,long,3-way,True,,production,0.01733677228370011,-0.009021370050546882,0.06892088256683149,-inf,primary_target,0,rejected,research,"{""checks"": {""n_folds"": {""value"": 3, ""threshold"": 3, ""passed"": true}, ""presence_freq"": {""value"": 1.0, ""threshold"": 0.75, ""passed"": true}, ""directional_mean_ret"": {""value"": 0.3347538709640503, ""threshold"": 0.0, ""passed"": true}, ""hurdle_excess"": {""value"": 0.3346818428098055, ""threshold"": 0.0, ""passed"": true}, ""min_support_actual"": {""value"": 459, ""threshold"": 50, ""passed"": true}, ""is_structurally_sound"": {""value"": false, ""passed"": false}, ""trade_path_quality_score"": {""value"": 0.0, ""threshold"": 0.0, ""passed"": true}}, ""failures"": [""structural_soundness_fail: ""], ""warnings"": [], ""classification"": ""research""}"
(*)|(loc_dist_ema20_atr_ts_top40==0)|(reg_atr_change_rate_ts_band25_75==1&reg_atr_change_rate_ts_top30==0),*,loc_dist_ema20_atr_ts_top40==0,reg_atr_change_rate_ts_band25_75==1&reg_atr_change_rate_ts_top30==0,0.3417562047640483,0.3417562047640483,0.011760857286735715,0.25970562795797986,0.04738271604938272,0.007146090238749478,1.0,1.0,0.516245487364621,542,,,0.005968594972891653,-0.0007893594779556142,0.008188749003023615,0.013836626438804902,,0.6666666666666666,,,,-0.22924165405407018,,,,0.03623904116624627,0.0,7.680714685325308,-inf,-inf,7.193800499923792e-05,0.34168426675904906,3,2,2,3,3,stage_a_context,,long,3-way,True,,production,,,0.017403756910875885,-inf,primary_target,0,rejected,research,"{""checks"": {""n_folds"": {""value"": 3, ""threshold"": 3, ""passed"": true}, ""presence_freq"": {""value"": 1.0, ""threshold"": 0.75, ""passed"": true}, ""directional_mean_ret"": {""value"": 0.3417562047640483, ""threshold"": 0.0, ""passed"": true}, ""hurdle_excess"": {""value"": 0.34168426675904906, ""threshold"": 0.0, ""passed"": true}, ""min_support_actual"": {""value"": 542, ""threshold"": 50, ""passed"": true}, ""is_structurally_sound"": {""value"": false, ""passed"": false}, ""trade_path_quality_score"": {""value"": 0.0, ""threshold"": 0.0, ""passed"": true}}, ""failures"": [""structural_soundness_fail: ""], ""warnings"": [], ""classification"": ""research""}"
(*)|(loc_dist_ema20_atr_ts_top40==1&loc_dist_ema20_atr_ts_top70==1)|(reg_atr_change_rate_ts_band25_75==0),*,loc_dist_ema20_atr_ts_top40==1&loc_dist_ema20_atr_ts_top70==1,reg_atr_change_rate_ts_band25_75==0,0.33220455050468445,0.33220455050468445,0.007075488747402603,0.24681716163953146,0.24785185185185185,0.06665341432067502,1.0,1.0,0.514018691588785,2430,,,-0.011704549592500802,-0.025737616419331914,-0.01081904187090478,0.0027712710951283206,,0.3333333333333333,0.017142142398033317,2.56133040565663,1.0,0.1129633647964146,0.007627753038932799,14.979181131617928,1.8937028291587682e-05,0.13494351163706303,0.0,7.538918511061188,-inf,-inf,7.765105953360766e-05,0.33212689944515084,3,1,1,3,3,stage_a_context,,long,3-way,True,,production,0.017142142398033317,0.007627753038932799,-0.028545132773479736,-inf,primary_target,0,rejected,research,"{""checks"": {""n_folds"": {""value"": 3, ""threshold"": 3, ""passed"": true}, ""presence_freq"": {""value"": 1.0, ""threshold"": 0.75, ""passed"": true}, ""directional_mean_ret"": {""value"": 0.33220455050468445, ""threshold"": 0.0, ""passed"": true}, ""hurdle_excess"": {""value"": 0.33212689944515084, ""threshold"": 0.0, ""passed"": true}, ""min_support_actual"": {""value"": 2430, ""threshold"": 50, ""passed"": true}, ""is_structurally_sound"": {""value"": false, ""passed"": false}, ""trade_path_quality_score"": {""value"": 0.0, ""threshold"": 0.0, ""passed"": true}}, ""failures"": [""structural_soundness_fail: ""], ""warnings"": [], ""classification"": ""research""}"
(*)|(loc_dist_ema20_atr_ts_top50==1)|(reg_atr_change_rate_ts_band25_75==0&reg_atr_change_rate_ts_top40==1),*,loc_dist_ema20_atr_ts_top50==1,reg_atr_change_rate_ts_band25_75==0&reg_atr_change_rate_ts_top40==1,0.33220455050468445,0.33220455050468445,0.007075488747402603,0.24681716163953146,0.24785185185185185,0.06665341432067502,1.0,1.0,0.514018691588785,2430,,,-0.011704549592500802,-0.025737616419331914,-0.01081904187090478,0.0027712710951283206,,0.3333333333333333,0.017142142398033317,2.56133040565663,1.0,0.1129633647964146,0.007627753038932799,14.979181131617928,1.8937028291587682e-05,0.13494351163706303,0.0,7.538918511061188,-inf,-inf,7.765105953360766e-05,0.33212689944515084,3,1,1,3,3,stage_a_context,,long,3-way,True,,production,0.017142142398033317,0.007627753038932799,-0.028545132773479736,-inf,primary_target,0,rejected,research,"{""checks"": {""n_folds"": {""value"": 3, ""threshold"": 3, ""passed"": true}, ""presence_freq"": {""value"": 1.0, ""threshold"": 0.75, ""passed"": true}, ""directional_mean_ret"": {""value"": 0.33220455050468445, ""threshold"": 0.0, ""passed"": true}, ""hurdle_excess"": {""value"": 0.33212689944515084, ""threshold"": 0.0, ""passed"": true}, ""min_support_actual"": {""value"": 2430, ""threshold"": 50, ""passed"": true}, ""is_structurally_sound"": {""value"": false, ""passed"": false}, ""trade_path_quality_score"": {""value"": 0.0, ""threshold"": 0.0, ""passed"": true}}, ""failures"": [""structural_soundness_fail: ""], ""warnings"": [], ""classification"": ""research""}"
(*)|(loc_dist_ema20_atr_ts_top50==1)|(reg_atr_change_rate_ts_top30==1&reg_atr_change_rate_ts_top80==0),*,loc_dist_ema20_atr_ts_top50==1,reg_atr_change_rate_ts_top30==1&reg_atr_change_rate_ts_top80==0,0.33090871572494507,0.33090871572494507,0.015815117333835095,0.25202181935310364,0.3138518518518519,0.035218931185579665,1.0,1.0,0.5312131919905771,3683,,,-0.012151703727042523,-0.021575483090093633,-0.004534276063788102,0.0010807894676357968,,0.3333333333333333,0.006209262394249304,0.33156382961945285,0.6666666666666666,0.008857315915151697,-0.0033051269648512126,-3.0601633858818205,0.08946374847741755,0.10320164799903558,6.333899875861108e-06,7.589846310494597,-inf,-inf,8.600641508916323e-05,0.3308227093098559,3,1,1,3,3,stage_a_context,,long,3-way,True,,production,0.006209262394249304,-0.0033051269648512126,0.02901395068594474,-inf,primary_target,0,rejected,research,"{""checks"": {""n_folds"": {""value"": 3, ""threshold"": 3, ""passed"": true}, ""presence_freq"": {""value"": 1.0, ""threshold"": 0.75, ""passed"": true}, ""directional_mean_ret"": {""value"": 0.33090871572494507, ""threshold"": 0.0, ""passed"": true}, ""hurdle_excess"": {""value"": 0.3308227093098559, ""threshold"": 0.0, ""passed"": true}, ""min_support_actual"": {""value"": 3683, ""threshold"": 50, ""passed"": true}, ""is_structurally_sound"": {""value"": false, ""passed"": false}, ""trade_path_quality_score"": {""value"": 6.333899875861108e-06, ""threshold"": 0.0, ""passed"": true}}, ""failures"": [""structural_soundness_fail: ""], ""warnings"": [], ""classification"": ""research""}"
(*)|(loc_dist_ema20_atr_ts_top60==0)|(reg_atr_change_rate_ts_band25_75==0&reg_atr_change_rate_ts_top20==1),*,loc_dist_ema20_atr_ts_top60==0,reg_atr_change_rate_ts_band25_75==0&reg_atr_change_rate_ts_top20==1,0.3347538709640503,0.3347538709640503,0.01661501513666027,0.2644202212492625,0.04617283950617285,0.00977222688177718,1.0,1.0,0.5034965034965035,459,,,0.00014978376231071058,-0.004372137013533726,0.00038968483915370123,0.004791655076576642,,0.6666666666666666,0.01733677228370011,0.7163567966503593,0.5,-0.07771765945755027,-0.009021370050546882,2.4051186132152105,0.0021552328874803604,0.010394842833760383,0.0,7.863935245298162,-inf,-inf,7.202815424477976e-05,0.3346818428098055,3,1,1,3,3,stage_a_context,,long,3-way,True,,production,0.01733677228370011,-0.009021370050546882,0.06892088256683149,-inf,primary_target,0,rejected,research,"{""checks"": {""n_folds"": {""value"": 3, ""threshold"": 3, ""passed"": true}, ""presence_freq"": {""value"": 1.0, ""threshold"": 0.75, ""passed"": true}, ""directional_mean_ret"": {""value"": 0.3347538709640503, ""threshold"": 0.0, ""passed"": true}, ""hurdle_excess"": {""value"": 0.3346818428098055, ""threshold"": 0.0, ""passed"": true}, ""min_support_actual"": {""value"": 459, ""threshold"": 50, ""passed"": true}, ""is_structurally_sound"": {""value"": false, ""passed"": false}, ""trade_path_quality_score"": {""value"": 0.0, ""threshold"": 0.0, ""passed"": true}}, ""failures"": [""structural_soundness_fail: ""], ""warnings"": [], ""classification"": ""research""}"
(*)|(loc_dist_ema20_atr_ts_top60==0)|(reg_atr_change_rate_ts_band25_75==1&reg_atr_change_rate_ts_top20==1&reg_atr_change_rate_ts_top30==0&reg_atr_change_rate_ts_top50==0),*,loc_dist_ema20_atr_ts_top60==0,reg_atr_change_rate_ts_band25_75==1&reg_atr_change_rate_ts_top20==1&reg_atr_change_rate_ts_top30==0&reg_atr_change_rate_ts_top50==0,0.3417562047640483,0.3417562047640483,0.011760857286735715,0.25970562795797986,0.04738271604938272,0.007146090238749478,1.0,1.0,0.516245487364621,542,,,0.005968594972891653,-0.0007893594779556142,0.008188749003023615,0.013836626438804902,,0.6666666666666666,,,,-0.22924165405407018,,,,0.03623904116624627,0.0,7.680714685325308,-inf,-inf,9.249172071330591e-05,0.341663713043335,3,1,1,5,5,stage_a_context,,long,5-way,True,,production,,,0.017403756910875885,-inf,primary_target,0,rejected,research,"{""checks"": {""n_folds"": {""value"": 3, ""threshold"": 3, ""passed"": true}, ""presence_freq"": {""value"": 1.0, ""threshold"": 0.75, ""passed"": true}, ""directional_mean_ret"": {""value"": 0.3417562047640483, ""threshold"": 0.0, ""passed"": true}, ""hurdle_excess"": {""value"": 0.341663713043335, ""threshold"": 0.0, ""passed"": true}, ""min_support_actual"": {""value"": 542, ""threshold"": 50, ""passed"": true}, ""is_structurally_sound"": {""value"": false, ""passed"": false}, ""trade_path_quality_score"": {""value"": 0.0, ""threshold"": 0.0, ""passed"": true}}, ""failures"": [""structural_soundness_fail: ""], ""warnings"": [], ""classification"": ""research""}"
(*)|(loc_dist_ema20_atr_ts_top60==0)|(reg_atr_change_rate_ts_top30==1),*,loc_dist_ema20_atr_ts_top60==0,reg_atr_change_rate_ts_top30==1,0.3341397245724996,0.3341397245724996,0.009182678253714478,0.25620730717976886,0.3071111111111111,0.008874886089932773,1.0,1.0,0.5042839657282742,3984,,,-0.0009152390777048812,-0.00928248332141717,0.00032910879111916616,0.008074179100419434,,0.6666666666666666,-0.022814183574945843,-2.7106451280738457,1.0,-0.09039125617767747,-0.03232857293404636,-2.539417617646552,0.00014071526458812902,1.3035921253378186e-05,0.0,7.687275748055951,-inf,-inf,0.00010323038024691359,0.3340364941922527,3,2,2,2,2,stage_a_context,,long,2-way,True,,production,-0.022814183574945843,-0.03232857293404636,0.014711401087307951,-inf,primary_target,0,rejected,research,"{""checks"": {""n_folds"": {""value"": 3, ""threshold"": 3, ""passed"": true}, ""presence_freq"": {""value"": 1.0, ""threshold"": 0.75, ""passed"": true}, ""directional_mean_ret"": {""value"": 0.3341397245724996, ""threshold"": 0.0, ""passed"": true}, ""hurdle_excess"": {""value"": 0.3340364941922527, ""threshold"": 0.0, ""passed"": true}, ""min_support_actual"": {""value"": 3984, ""threshold"": 50, ""passed"": true}, ""is_structurally_sound"": {""value"": false, ""passed"": false}, ""trade_path_quality_score"": {""value"": 0.0, ""threshold"": 0.0, ""passed"": true}}, ""failures"": [""structural_soundness_fail: ""], ""warnings"": [], ""classification"": ""research""}"
(*)|(loc_dist_ema20_atr_ts_top60==1)|(reg_atr_change_rate_ts_top30==1&reg_atr_compression_ratio_ts_band25_75==0),*,loc_dist_ema20_atr_ts_top60==1,reg_atr_change_rate_ts_top30==1&reg_atr_compression_ratio_ts_band25_75==0,0.33220455050468445,0.33220455050468445,0.007075488747402603,0.24681716163953146,0.24785185185185185,0.06665341432067502,1.0,1.0,0.514018691588785,2430,,,-0.011704549592500802,-0.025737616419331914,-0.01081904187090478,0.0027712710951283206,,0.3333333333333333,0.017142142398033317,2.56133040565663,1.0,0.1129633647964146,0.007627753038932799,14.979181131617928,1.8937028291587682e-05,0.13494351163706303,0.0,7.538918511061188,-inf,-inf,7.765105953360766e-05,0.33212689944515084,3,1,1,3,3,stage_a_context,,long,3-way,True,,production,0.017142142398033317,0.007627753038932799,-0.028545132773479736,-inf,primary_target,0,rejected,research,"{""checks"": {""n_folds"": {""value"": 3, ""threshold"": 3, ""passed"": true}, ""presence_freq"": {""value"": 1.0, ""threshold"": 0.75, ""passed"": true}, ""directional_mean_ret"": {""value"": 0.33220455050468445, ""threshold"": 0.0, ""passed"": true}, ""hurdle_excess"": {""value"": 0.33212689944515084, ""threshold"": 0.0, ""passed"": true}, ""min_support_actual"": {""value"": 2430, ""threshold"": 50, ""passed"": true}, ""is_structurally_sound"": {""value"": false, ""passed"": false}, ""trade_path_quality_score"": {""value"": 0.0, ""threshold"": 0.0, ""passed"": true}}, ""failures"": [""structural_soundness_fail: ""], ""warnings"": [], ""classification"": ""research""}"
(*)|(loc_dist_ema20_atr_ts_top60==1)|(reg_atr_change_rate_ts_top30==1),*,loc_dist_ema20_atr_ts_top60==1,reg_atr_change_rate_ts_top30==1,0.33282722036043805,0.33282722036043805,0.0080271921149701,0.24771454433600107,0.40545679012345676,0.08402460791672045,1.0,1.0,0.5340253748558247,4301,,,-0.012845431592576645,-0.027408303772885362,-0.02649280609245993,-0.00510624666220957,,0.3333333333333333,0.019955634077751288,0.898447309832984,0.6666666666666666,0.02858765156523106,0.010441244718650771,-1.1285571316580671,0.009747804991622052,0.16445432233194024,0.0,7.524281775258673,-inf,-inf,0.00012465413651882335,0.33270256622391925,3,2,2,2,2,stage_a_context,,long,2-way,True,,production,0.019955634077751288,0.010441244718650771,-0.014185449924946228,-inf,primary_target,0,rejected,research,"{""checks"": {""n_folds"": {""value"": 3, ""threshold"": 3, ""passed"": true}, ""presence_freq"": {""value"": 1.0, ""threshold"": 0.75, ""passed"": true}, ""directional_mean_ret"": {""value"": 0.33282722036043805, ""threshold"": 0.0, ""passed"": true}, ""hurdle_excess"": {""value"": 0.33270256622391925, ""threshold"": 0.0, ""passed"": true}, ""min_support_actual"": {""value"": 4301, ""threshold"": 50, ""passed"": true}, ""is_structurally_sound"": {""value"": false, ""passed"": false}, ""trade_path_quality_score"": {""value"": 0.0, ""threshold"": 0.0, ""passed"": true}}, ""failures"": [""structural_soundness_fail: ""], ""warnings"": [], ""classification"": ""research""}"
(*)|(loc_dist_ema20_atr_ts_top70==1)|(reg_atr_change_rate_ts_band25_75==0&reg_atr_change_rate_ts_top40==1),*,loc_dist_ema20_atr_ts_top70==1,reg_atr_change_rate_ts_band25_75==0&reg_atr_change_rate_ts_top40==1,0.33220455050468445,0.33220455050468445,0.007075488747402603,0.24681716163953146,0.24785185185185185,0.06665341432067502,1.0,1.0,0.514018691588785,2430,,,-0.011704549592500802,-0.025737616419331914,-0.01081904187090478,0.0027712710951283206,,0.3333333333333333,0.017142142398033317,2.56133040565663,1.0,0.1129633647964146,0.007627753038932799,14.979181131617928,1.8937028291587682e-05,0.13494351163706303,0.0,7.538918511061188,-inf,-inf,7.765105953360766e-05,0.33212689944515084,3,2,2,3,3,stage_a_context,,long,3-way,True,,production,0.017142142398033317,0.007627753038932799,-0.028545132773479736,-inf,primary_target,0,rejected,research,"{""checks"": {""n_folds"": {""value"": 3, ""threshold"": 3, ""passed"": true}, ""presence_freq"": {""value"": 1.0, ""threshold"": 0.75, ""passed"": true}, ""directional_mean_ret"": {""value"": 0.33220455050468445, ""threshold"": 0.0, ""passed"": true}, ""hurdle_excess"": {""value"": 0.33212689944515084, ""threshold"": 0.0, ""passed"": true}, ""min_support_actual"": {""value"": 2430, ""threshold"": 50, ""passed"": true}, ""is_structurally_sound"": {""value"": false, ""passed"": false}, ""trade_path_quality_score"": {""value"": 0.0, ""threshold"": 0.0, ""passed"": true}}, ""failures"": [""structural_soundness_fail: ""], ""warnings"": [], ""classification"": ""research""}"
(*)|(loc_dist_ema20_atr_ts_top70==1)|(reg_atr_change_rate_ts_top40==1&reg_atr_change_rate_ts_top60==1),*,loc_dist_ema20_atr_ts_top70==1,reg_atr_change_rate_ts_top40==1&reg_atr_change_rate_ts_top60==1,0.33172595500946045,0.33172595500946045,0.008070918795320087,0.24791315694650015,0.2998271604938271,0.07627424668398414,1.0,1.0,0.5035046728971962,2994,,,-0.014444076697832953,-0.03198714858864545,-0.018004927060343675,0.0013185700117241822,,0.3333333333333333,0.004021732086536389,0.4507091305625063,0.6666666666666666,0.005918683567836025,-0.005492657272564128,-5.399404615988018,1.907701772602228e-05,0.039050625011188236,0.0,7.538918511061188,-inf,-inf,8.3975812924859e-05,0.3316419791965356,3,2,2,3,3,stage_a_context,,long,3-way,True,,production,0.004021732086536389,-0.005492657272564128,-0.023289166361996,-inf,primary_target,0,rejected,research,"{""checks"": {""n_folds"": {""value"": 3, ""threshold"": 3, ""passed"": true}, ""presence_freq"": {""value"": 1.0, ""threshold"": 0.75, ""passed"": true}, ""directional_mean_ret"": {""value"": 0.33172595500946045, ""threshold"": 0.0, ""passed"": true}, ""hurdle_excess"": {""value"": 0.3316419791965356, ""threshold"": 0.0, ""passed"": true}, ""min_support_actual"": {""value"": 2994, ""threshold"": 50, ""passed"": true}, ""is_structurally_sound"": {""value"": false, ""passed"": false}, ""trade_path_quality_score"": {""value"": 0.0, ""threshold"": 0.0, ""passed"": true}}, ""failures"": [""structural_soundness_fail: ""], ""warnings"": [], ""classification"": ""research""}"
