canonical_key,trigger,location,regime,mean_net_ret,directional_mean_ret,std_net_ret,mean_within_fold_std,mean_support_pct,std_support_pct,presence_freq,presence_freq_units,sign_consistency,min_support_actual,mean_uplift,mean_baseline_ret,mean_oos_ic,p25_oos_ic,p50_oos_ic,p75_oos_ic,mean_delta_ic,positive_ic_fraction,mean_ic,ic_tstat,ic_sign_consistency,decile_spread_sharpe,mask_ic_uplift,regression_beta,regression_slope_fit,learnability_step_c_score,trade_path_quality_score,quality_stability_score,full_quality_score,composite_score,required_hurdle,hurdle_excess,n_folds,discovery_count,n_instances,display_arity,structural_depth,pipeline_stage,parent_context_key,side,rule_type,accepted,rejection_reason,preset,within_mask_ic,delta_within_mask_ic,entropy_reduction,support_objective_score,source_target,source_horizon,rule_type_class,production_classification,classification_diagnostics
(*)|(*)|(reg_atr_change_rate_ts_band20_80==1&reg_atr_change_rate_ts_band25_75==1&reg_atr_change_rate_ts_band40_60==0&reg_atr_change_rate_ts_top30==1&reg_atr_change_rate_ts_top40==0),*,*,reg_atr_change_rate_ts_band20_80==1&reg_atr_change_rate_ts_band25_75==1&reg_atr_change_rate_ts_band40_60==0&reg_atr_change_rate_ts_top30==1&reg_atr_change_rate_ts_top40==0,0.2659820119539897,0.2659820119539897,0.016056272798785687,0.1637292057275772,0.09548148148148149,0.004654697564750673,1.0,1.0,0.525891829689298,1220,,,-0.007847692071276335,-0.015365416295610232,-0.003086398566275921,0.002050678905557767,,0.3333333333333333,,,,0.1849790086528086,,0.08097460720434091,0.1100171689319709,0.30647729443473953,-0.0011939178088620653,7.396541762348992,0.004335296458132863,0.004335296458132863,9.078420864197532e-05,0.2658912277453477,3,1,1,5,5,stage_a_context,,long,5-way,True,,production,,,0.021231994044152103,0.9277037037037037,primary_target,0,ranking,rejected,"{""checks"": {""n_folds"": {""value"": 3, ""threshold"": 3, ""passed"": true}, ""presence_freq"": {""value"": 1.0, ""threshold"": 0.75, ""passed"": true}, ""directional_mean_ret"": {""value"": 0.2659820119539897, ""threshold"": 0.0, ""passed"": true}, ""hurdle_excess"": {""value"": 0.2658912277453477, ""threshold"": 0.0, ""passed"": true}, ""min_support_actual"": {""value"": 1220, ""threshold"": 50, ""passed"": true}, ""is_structurally_sound"": {""value"": false, ""passed"": false}, ""trade_path_quality_score"": {""value"": -0.0011939178088620653, ""threshold"": 0.0, ""passed"": false}}, ""failures"": [""structural_soundness_fail: "", ""trade_path_quality_score=-0.001194 < 0.000000""], ""warnings"": [], ""classification"": ""rejected""}"
(*)|(*)|(reg_atr_change_rate_ts_band20_80==1&reg_atr_change_rate_ts_band25_75==1&reg_atr_change_rate_ts_top30==1&reg_atr_change_rate_ts_top40==0&reg_ema20_gt_ema50_raw==0),*,*,reg_atr_change_rate_ts_band20_80==1&reg_atr_change_rate_ts_band25_75==1&reg_atr_change_rate_ts_top30==1&reg_atr_change_rate_ts_top40==0&reg_ema20_gt_ema50_raw==0,0.2659820119539897,0.2659820119539897,0.016056272798785687,0.1637292057275772,0.09548148148148149,0.004654697564750673,1.0,1.0,0.525891829689298,1220,,,-0.007847692071276335,-0.015365416295610232,-0.003086398566275921,0.002050678905557767,,0.3333333333333333,,,,0.1849790086528086,,0.08097460720434091,0.1100171689319709,0.30647729443473953,-0.0011939178088620653,7.396541762348992,0.004335296458132863,0.004335296458132863,9.078420864197532e-05,0.2658912277453477,3,2,2,5,5,stage_a_context,,long,5-way,True,,production,,,0.021231994044152103,0.9277037037037037,primary_target,0,ranking,rejected,"{""checks"": {""n_folds"": {""value"": 3, ""threshold"": 3, ""passed"": true}, ""presence_freq"": {""value"": 1.0, ""threshold"": 0.75, ""passed"": true}, ""directional_mean_ret"": {""value"": 0.2659820119539897, ""threshold"": 0.0, ""passed"": true}, ""hurdle_excess"": {""value"": 0.2658912277453477, ""threshold"": 0.0, ""passed"": true}, ""min_support_actual"": {""value"": 1220, ""threshold"": 50, ""passed"": true}, ""is_structurally_sound"": {""value"": false, ""passed"": false}, ""trade_path_quality_score"": {""value"": -0.0011939178088620653, ""threshold"": 0.0, ""passed"": false}}, ""failures"": [""structural_soundness_fail: "", ""trade_path_quality_score=-0.001194 < 0.000000""], ""warnings"": [], ""classification"": ""rejected""}"
(*)|(*)|(reg_atr_change_rate_ts_band20_80==1&reg_atr_change_rate_ts_band25_75==1&reg_atr_change_rate_ts_top30==1&reg_atr_change_rate_ts_top40==0&reg_ema50_gt_ema200_raw==0),*,*,reg_atr_change_rate_ts_band20_80==1&reg_atr_change_rate_ts_band25_75==1&reg_atr_change_rate_ts_top30==1&reg_atr_change_rate_ts_top40==0&reg_ema50_gt_ema200_raw==0,0.2659820119539897,0.2659820119539897,0.016056272798785687,0.1637292057275772,0.09548148148148149,0.004654697564750673,1.0,1.0,0.525891829689298,1220,,,-0.007847692071276335,-0.015365416295610232,-0.003086398566275921,0.002050678905557767,,0.3333333333333333,,,,0.1849790086528086,,0.08097460720434091,0.1100171689319709,0.30647729443473953,-0.0011939178088620653,7.396541762348992,0.004335296458132863,0.004335296458132863,9.078420864197532e-05,0.2658912277453477,3,1,1,5,5,stage_a_context,,long,5-way,True,,production,,,0.021231994044152103,0.9277037037037037,primary_target,0,ranking,rejected,"{""checks"": {""n_folds"": {""value"": 3, ""threshold"": 3, ""passed"": true}, ""presence_freq"": {""value"": 1.0, ""threshold"": 0.75, ""passed"": true}, ""directional_mean_ret"": {""value"": 0.2659820119539897, ""threshold"": 0.0, ""passed"": true}, ""hurdle_excess"": {""value"": 0.2658912277453477, ""threshold"": 0.0, ""passed"": true}, ""min_support_actual"": {""value"": 1220, ""threshold"": 50, ""passed"": true}, ""is_structurally_sound"": {""value"": false, ""passed"": false}, ""trade_path_quality_score"": {""value"": -0.0011939178088620653, ""threshold"": 0.0, ""passed"": false}}, ""failures"": [""structural_soundness_fail: "", ""trade_path_quality_score=-0.001194 < 0.000000""], ""warnings"": [], ""classification"": ""rejected""}"
(*)|(*)|(reg_atr_change_rate_ts_band20_80==1&reg_atr_change_rate_ts_band30_70==1&reg_atr_change_rate_ts_top40==0),*,*,reg_atr_change_rate_ts_band20_80==1&reg_atr_change_rate_ts_band30_70==1&reg_atr_change_rate_ts_top40==0,0.2659820119539897,0.2659820119539897,0.016056272798785687,0.1637292057275772,0.09548148148148149,0.004654697564750673,1.0,1.0,0.525891829689298,1220,,,-0.007847692071276335,-0.015365416295610232,-0.003086398566275921,0.002050678905557767,,0.3333333333333333,,,,0.1849790086528086,,0.08097460720434091,0.1100171689319709,0.30647729443473953,-0.0011939178088620653,7.396541762348992,0.004335296458132863,0.004335296458132863,7.060994005486968e-05,0.2659114020139348,3,1,1,3,3,stage_a_context,,long,3-way,True,,production,,,0.021231994044152103,0.9277037037037037,primary_target,0,ranking,rejected,"{""checks"": {""n_folds"": {""value"": 3, ""threshold"": 3, ""passed"": true}, ""presence_freq"": {""value"": 1.0, ""threshold"": 0.75, ""passed"": true}, ""directional_mean_ret"": {""value"": 0.2659820119539897, ""threshold"": 0.0, ""passed"": true}, ""hurdle_excess"": {""value"": 0.2659114020139348, ""threshold"": 0.0, ""passed"": true}, ""min_support_actual"": {""value"": 1220, ""threshold"": 50, ""passed"": true}, ""is_structurally_sound"": {""value"": false, ""passed"": false}, ""trade_path_quality_score"": {""value"": -0.0011939178088620653, ""threshold"": 0.0, ""passed"": false}}, ""failures"": [""structural_soundness_fail: "", ""trade_path_quality_score=-0.001194 < 0.000000""], ""warnings"": [], ""classification"": ""rejected""}"
(*)|(*)|(reg_atr_change_rate_ts_band20_80==1&reg_atr_change_rate_ts_band40_60==0&reg_atr_change_rate_ts_bot70==1&reg_atr_change_rate_ts_top30==1&reg_atr_change_rate_ts_top40==0&reg_ema50_gt_ema200_raw==0),*,*,reg_atr_change_rate_ts_band20_80==1&reg_atr_change_rate_ts_band40_60==0&reg_atr_change_rate_ts_bot70==1&reg_atr_change_rate_ts_top30==1&reg_atr_change_rate_ts_top40==0&reg_ema50_gt_ema200_raw==0,0.2659820119539897,0.2659820119539897,0.016056272798785687,0.1637292057275772,0.09548148148148149,0.004654697564750673,1.0,1.0,0.525891829689298,1220,,,-0.007847692071276335,-0.015365416295610232,-0.003086398566275921,0.002050678905557767,,0.3333333333333333,,,,0.1849790086528086,,0.08097460720434091,0.1100171689319709,0.30647729443473953,-0.0011939178088620653,7.396541762348992,0.004335296458132863,0.004335296458132863,9.078420864197532e-05,0.2658912277453477,3,1,1,6,6,stage_a_context,,long,6-way,True,,production,,,0.021231994044152103,0.9277037037037037,primary_target,0,ranking,rejected,"{""checks"": {""n_folds"": {""value"": 3, ""threshold"": 3, ""passed"": true}, ""presence_freq"": {""value"": 1.0, ""threshold"": 0.75, ""passed"": true}, ""directional_mean_ret"": {""value"": 0.2659820119539897, ""threshold"": 0.0, ""passed"": true}, ""hurdle_excess"": {""value"": 0.2658912277453477, ""threshold"": 0.0, ""passed"": true}, ""min_support_actual"": {""value"": 1220, ""threshold"": 50, ""passed"": true}, ""is_structurally_sound"": {""value"": false, ""passed"": false}, ""trade_path_quality_score"": {""value"": -0.0011939178088620653, ""threshold"": 0.0, ""passed"": false}}, ""failures"": [""structural_soundness_fail: "", ""trade_path_quality_score=-0.001194 < 0.000000""], ""warnings"": [], ""classification"": ""rejected""}"
(*)|(*)|(reg_atr_change_rate_ts_band20_80==1&reg_atr_change_rate_ts_band40_60==0&reg_atr_change_rate_ts_top30==1&reg_atr_change_rate_ts_top40==0&reg_atr_change_rate_ts_top70==0&reg_ema20_gt_ema50_raw==0),*,*,reg_atr_change_rate_ts_band20_80==1&reg_atr_change_rate_ts_band40_60==0&reg_atr_change_rate_ts_top30==1&reg_atr_change_rate_ts_top40==0&reg_atr_change_rate_ts_top70==0&reg_ema20_gt_ema50_raw==0,0.2659820119539897,0.2659820119539897,0.016056272798785687,0.1637292057275772,0.09548148148148149,0.004654697564750673,1.0,1.0,0.525891829689298,1220,,,-0.007847692071276335,-0.015365416295610232,-0.003086398566275921,0.002050678905557767,,0.3333333333333333,,,,0.1849790086528086,,0.08097460720434091,0.1100171689319709,0.30647729443473953,-0.0011939178088620653,7.396541762348992,0.004335296458132863,0.004335296458132863,9.078420864197532e-05,0.2658912277453477,3,1,1,6,6,stage_a_context,,long,6-way,True,,production,,,0.021231994044152103,0.9277037037037037,primary_target,0,ranking,rejected,"{""checks"": {""n_folds"": {""value"": 3, ""threshold"": 3, ""passed"": true}, ""presence_freq"": {""value"": 1.0, ""threshold"": 0.75, ""passed"": true}, ""directional_mean_ret"": {""value"": 0.2659820119539897, ""threshold"": 0.0, ""passed"": true}, ""hurdle_excess"": {""value"": 0.2658912277453477, ""threshold"": 0.0, ""passed"": true}, ""min_support_actual"": {""value"": 1220, ""threshold"": 50, ""passed"": true}, ""is_structurally_sound"": {""value"": false, ""passed"": false}, ""trade_path_quality_score"": {""value"": -0.0011939178088620653, ""threshold"": 0.0, ""passed"": false}}, ""failures"": [""structural_soundness_fail: "", ""trade_path_quality_score=-0.001194 < 0.000000""], ""warnings"": [], ""classification"": ""rejected""}"
(*)|(*)|(reg_atr_change_rate_ts_band20_80==1&reg_atr_change_rate_ts_band40_60==0&reg_atr_change_rate_ts_top30==1&reg_atr_change_rate_ts_top40==0&reg_atr_change_rate_ts_top70==0&reg_ema50_gt_ema200_raw==0),*,*,reg_atr_change_rate_ts_band20_80==1&reg_atr_change_rate_ts_band40_60==0&reg_atr_change_rate_ts_top30==1&reg_atr_change_rate_ts_top40==0&reg_atr_change_rate_ts_top70==0&reg_ema50_gt_ema200_raw==0,0.2659820119539897,0.2659820119539897,0.016056272798785687,0.1637292057275772,0.09548148148148149,0.004654697564750673,1.0,1.0,0.525891829689298,1220,,,-0.007847692071276335,-0.015365416295610232,-0.003086398566275921,0.002050678905557767,,0.3333333333333333,,,,0.1849790086528086,,0.08097460720434091,0.1100171689319709,0.30647729443473953,-0.0011939178088620653,7.396541762348992,0.004335296458132863,0.004335296458132863,9.078420864197532e-05,0.2658912277453477,3,1,1,6,6,stage_a_context,,long,6-way,True,,production,,,0.021231994044152103,0.9277037037037037,primary_target,0,ranking,rejected,"{""checks"": {""n_folds"": {""value"": 3, ""threshold"": 3, ""passed"": true}, ""presence_freq"": {""value"": 1.0, ""threshold"": 0.75, ""passed"": true}, ""directional_mean_ret"": {""value"": 0.2659820119539897, ""threshold"": 0.0, ""passed"": true}, ""hurdle_excess"": {""value"": 0.2658912277453477, ""threshold"": 0.0, ""passed"": true}, ""min_support_actual"": {""value"": 1220, ""threshold"": 50, ""passed"": true}, ""is_structurally_sound"": {""value"": false, ""passed"": false}, ""trade_path_quality_score"": {""value"": -0.0011939178088620653, ""threshold"": 0.0, ""passed"": false}}, ""failures"": [""structural_soundness_fail: "", ""trade_path_quality_score=-0.001194 < 0.000000""], ""warnings"": [], ""classification"": ""rejected""}"
(*)|(*)|(reg_atr_change_rate_ts_band20_80==1&reg_atr_change_rate_ts_top30==1&reg_atr_change_rate_ts_top40==0&reg_atr_change_rate_ts_top50==0&reg_atr_change_rate_ts_top70==0&reg_ema20_gt_ema50_raw==0),*,*,reg_atr_change_rate_ts_band20_80==1&reg_atr_change_rate_ts_top30==1&reg_atr_change_rate_ts_top40==0&reg_atr_change_rate_ts_top50==0&reg_atr_change_rate_ts_top70==0&reg_ema20_gt_ema50_raw==0,0.2659820119539897,0.2659820119539897,0.016056272798785687,0.1637292057275772,0.09548148148148149,0.004654697564750673,1.0,1.0,0.525891829689298,1220,,,-0.007847692071276335,-0.015365416295610232,-0.003086398566275921,0.002050678905557767,,0.3333333333333333,,,,0.1849790086528086,,0.08097460720434091,0.1100171689319709,0.30647729443473953,-0.0011939178088620653,7.396541762348992,0.004335296458132863,0.004335296458132863,9.078420864197532e-05,0.2658912277453477,3,1,1,6,6,stage_a_context,,long,6-way,True,,production,,,0.021231994044152103,0.9277037037037037,primary_target,0,ranking,rejected,"{""checks"": {""n_folds"": {""value"": 3, ""threshold"": 3, ""passed"": true}, ""presence_freq"": {""value"": 1.0, ""threshold"": 0.75, ""passed"": true}, ""directional_mean_ret"": {""value"": 0.2659820119539897, ""threshold"": 0.0, ""passed"": true}, ""hurdle_excess"": {""value"": 0.2658912277453477, ""threshold"": 0.0, ""passed"": true}, ""min_support_actual"": {""value"": 1220, ""threshold"": 50, ""passed"": true}, ""is_structurally_sound"": {""value"": false, ""passed"": false}, ""trade_path_quality_score"": {""value"": -0.0011939178088620653, ""threshold"": 0.0, ""passed"": false}}, ""failures"": [""structural_soundness_fail: "", ""trade_path_quality_score=-0.001194 < 0.000000""], ""warnings"": [], ""classification"": ""rejected""}"
(*)|(*)|(reg_atr_change_rate_ts_band25_75==1&reg_atr_change_rate_ts_band40_60==0&reg_atr_change_rate_ts_top30==1&reg_atr_change_rate_ts_top40==0&reg_ema20_gt_ema50_raw==0),*,*,reg_atr_change_rate_ts_band25_75==1&reg_atr_change_rate_ts_band40_60==0&reg_atr_change_rate_ts_top30==1&reg_atr_change_rate_ts_top40==0&reg_ema20_gt_ema50_raw==0,0.2659820119539897,0.2659820119539897,0.016056272798785687,0.1637292057275772,0.09548148148148149,0.004654697564750673,1.0,1.0,0.525891829689298,1220,,,-0.007847692071276335,-0.015365416295610232,-0.003086398566275921,0.002050678905557767,,0.3333333333333333,,,,0.1849790086528086,,0.08097460720434091,0.1100171689319709,0.30647729443473953,-0.0011939178088620653,7.396541762348992,0.004335296458132863,0.004335296458132863,9.078420864197532e-05,0.2658912277453477,3,1,1,5,5,stage_a_context,,long,5-way,True,,production,,,0.021231994044152103,0.9277037037037037,primary_target,0,ranking,rejected,"{""checks"": {""n_folds"": {""value"": 3, ""threshold"": 3, ""passed"": true}, ""presence_freq"": {""value"": 1.0, ""threshold"": 0.75, ""passed"": true}, ""directional_mean_ret"": {""value"": 0.2659820119539897, ""threshold"": 0.0, ""passed"": true}, ""hurdle_excess"": {""value"": 0.2658912277453477, ""threshold"": 0.0, ""passed"": true}, ""min_support_actual"": {""value"": 1220, ""threshold"": 50, ""passed"": true}, ""is_structurally_sound"": {""value"": false, ""passed"": false}, ""trade_path_quality_score"": {""value"": -0.0011939178088620653, ""threshold"": 0.0, ""passed"": false}}, ""failures"": [""structural_soundness_fail: "", ""trade_path_quality_score=-0.001194 < 0.000000""], ""warnings"": [], ""classification"": ""rejected""}"
(*)|(*)|(reg_atr_change_rate_ts_band25_75==1&reg_atr_change_rate_ts_top30==1&reg_atr_change_rate_ts_top40==0&reg_atr_change_rate_ts_top80==0&reg_ema50_gt_ema200_raw==0),*,*,reg_atr_change_rate_ts_band25_75==1&reg_atr_change_rate_ts_top30==1&reg_atr_change_rate_ts_top40==0&reg_atr_change_rate_ts_top80==0&reg_ema50_gt_ema200_raw==0,0.2659820119539897,0.2659820119539897,0.016056272798785687,0.1637292057275772,0.09548148148148149,0.004654697564750673,1.0,1.0,0.525891829689298,1220,,,-0.007847692071276335,-0.015365416295610232,-0.003086398566275921,0.002050678905557767,,0.3333333333333333,,,,0.1849790086528086,,0.08097460720434091,0.1100171689319709,0.30647729443473953,-0.0011939178088620653,7.396541762348992,0.004335296458132863,0.004335296458132863,9.078420864197532e-05,0.2658912277453477,3,1,1,5,5,stage_a_context,,long,5-way,True,,production,,,0.021231994044152103,0.9277037037037037,primary_target,0,ranking,rejected,"{""checks"": {""n_folds"": {""value"": 3, ""threshold"": 3, ""passed"": true}, ""presence_freq"": {""value"": 1.0, ""threshold"": 0.75, ""passed"": true}, ""directional_mean_ret"": {""value"": 0.2659820119539897, ""threshold"": 0.0, ""passed"": true}, ""hurdle_excess"": {""value"": 0.2658912277453477, ""threshold"": 0.0, ""passed"": true}, ""min_support_actual"": {""value"": 1220, ""threshold"": 50, ""passed"": true}, ""is_structurally_sound"": {""value"": false, ""passed"": false}, ""trade_path_quality_score"": {""value"": -0.0011939178088620653, ""threshold"": 0.0, ""passed"": false}}, ""failures"": [""structural_soundness_fail: "", ""trade_path_quality_score=-0.001194 < 0.000000""], ""warnings"": [], ""classification"": ""rejected""}"
(*)|(*)|(reg_atr_change_rate_ts_band25_75==1&reg_atr_change_rate_ts_top30==1&reg_atr_change_rate_ts_top40==0&reg_ema20_gt_ema50_raw==0),*,*,reg_atr_change_rate_ts_band25_75==1&reg_atr_change_rate_ts_top30==1&reg_atr_change_rate_ts_top40==0&reg_ema20_gt_ema50_raw==0,0.2659820119539897,0.2659820119539897,0.016056272798785687,0.1637292057275772,0.09548148148148149,0.004654697564750673,1.0,1.0,0.525891829689298,1220,,,-0.007847692071276335,-0.015365416295610232,-0.003086398566275921,0.002050678905557767,,0.3333333333333333,,,,0.1849790086528086,,0.08097460720434091,0.1100171689319709,0.30647729443473953,-0.0011939178088620653,7.396541762348992,0.004335296458132863,0.004335296458132863,9.078420864197532e-05,0.2658912277453477,3,2,2,4,4,stage_a_context,,long,4-way,True,,production,,,0.021231994044152103,0.9277037037037037,primary_target,0,ranking,rejected,"{""checks"": {""n_folds"": {""value"": 3, ""threshold"": 3, ""passed"": true}, ""presence_freq"": {""value"": 1.0, ""threshold"": 0.75, ""passed"": true}, ""directional_mean_ret"": {""value"": 0.2659820119539897, ""threshold"": 0.0, ""passed"": true}, ""hurdle_excess"": {""value"": 0.2658912277453477, ""threshold"": 0.0, ""passed"": true}, ""min_support_actual"": {""value"": 1220, ""threshold"": 50, ""passed"": true}, ""is_structurally_sound"": {""value"": false, ""passed"": false}, ""trade_path_quality_score"": {""value"": -0.0011939178088620653, ""threshold"": 0.0, ""passed"": false}}, ""failures"": [""structural_soundness_fail: "", ""trade_path_quality_score=-0.001194 < 0.000000""], ""warnings"": [], ""classification"": ""rejected""}"
(*)|(*)|(reg_atr_change_rate_ts_band30_70==1&reg_atr_change_rate_ts_top40==0),*,*,reg_atr_change_rate_ts_band30_70==1&reg_atr_change_rate_ts_top40==0,0.2659820119539897,0.2659820119539897,0.016056272798785687,0.1637292057275772,0.09548148148148149,0.004654697564750673,1.0,1.0,0.525891829689298,1220,,,-0.007847692071276335,-0.015365416295610232,-0.003086398566275921,0.002050678905557767,,0.3333333333333333,,,,0.1849790086528086,,0.08097460720434091,0.1100171689319709,0.30647729443473953,-0.0011939178088620653,7.396541762348992,0.004335296458132863,0.004335296458132863,8.574064149519892e-05,0.2658962713124945,3,1,1,2,2,stage_a_context,,long,2-way,True,,production,,,0.021231994044152103,0.9277037037037037,primary_target,0,ranking,rejected,"{""checks"": {""n_folds"": {""value"": 3, ""threshold"": 3, ""passed"": true}, ""presence_freq"": {""value"": 1.0, ""threshold"": 0.75, ""passed"": true}, ""directional_mean_ret"": {""value"": 0.2659820119539897, ""threshold"": 0.0, ""passed"": true}, ""hurdle_excess"": {""value"": 0.2658962713124945, ""threshold"": 0.0, ""passed"": true}, ""min_support_actual"": {""value"": 1220, ""threshold"": 50, ""passed"": true}, ""is_structurally_sound"": {""value"": false, ""passed"": false}, ""trade_path_quality_score"": {""value"": -0.0011939178088620653, ""threshold"": 0.0, ""passed"": false}}, ""failures"": [""structural_soundness_fail: "", ""trade_path_quality_score=-0.001194 < 0.000000""], ""warnings"": [], ""classification"": ""rejected""}"
(*)|(loc_dist_ema20_atr_ts_band20_80==1&loc_dist_ema20_atr_ts_band25_75==1)|(reg_atr_change_rate_ts_top30==1&reg_atr_change_rate_ts_top40==0&reg_ema20_gt_ema50_raw==0),*,loc_dist_ema20_atr_ts_band20_80==1&loc_dist_ema20_atr_ts_band25_75==1,reg_atr_change_rate_ts_top30==1&reg_atr_change_rate_ts_top40==0&reg_ema20_gt_ema50_raw==0,0.2659820119539897,0.2659820119539897,0.016056272798785687,0.1637292057275772,0.09548148148148149,0.004654697564750673,1.0,1.0,0.525891829689298,1220,,,-0.007847692071276335,-0.015365416295610232,-0.003086398566275921,0.002050678905557767,,0.3333333333333333,,,,0.1849790086528086,,0.08097460720434091,0.1100171689319709,0.30647729443473953,-0.0011939178088620653,7.396541762348992,0.004335296458132863,0.004335296458132863,9.078420864197532e-05,0.2658912277453477,3,1,1,5,5,stage_a_context,,long,5-way,True,,production,,,0.021231994044152103,0.9277037037037037,primary_target,0,ranking,rejected,"{""checks"": {""n_folds"": {""value"": 3, ""threshold"": 3, ""passed"": true}, ""presence_freq"": {""value"": 1.0, ""threshold"": 0.75, ""passed"": true}, ""directional_mean_ret"": {""value"": 0.2659820119539897, ""threshold"": 0.0, ""passed"": true}, ""hurdle_excess"": {""value"": 0.2658912277453477, ""threshold"": 0.0, ""passed"": true}, ""min_support_actual"": {""value"": 1220, ""threshold"": 50, ""passed"": true}, ""is_structurally_sound"": {""value"": false, ""passed"": false}, ""trade_path_quality_score"": {""value"": -0.0011939178088620653, ""threshold"": 0.0, ""passed"": false}}, ""failures"": [""structural_soundness_fail: "", ""trade_path_quality_score=-0.001194 < 0.000000""], ""warnings"": [], ""classification"": ""rejected""}"
(*)|(loc_dist_ema20_atr_ts_band20_80==1&loc_dist_ema20_atr_ts_top40==0)|(reg_atr_change_rate_ts_top30==1&reg_atr_change_rate_ts_top50==0&reg_atr_change_rate_ts_top70==0&reg_ema50_gt_ema200_raw==0),*,loc_dist_ema20_atr_ts_band20_80==1&loc_dist_ema20_atr_ts_top40==0,reg_atr_change_rate_ts_top30==1&reg_atr_change_rate_ts_top50==0&reg_atr_change_rate_ts_top70==0&reg_ema50_gt_ema200_raw==0,0.2659820119539897,0.2659820119539897,0.016056272798785687,0.1637292057275772,0.09548148148148149,0.004654697564750673,1.0,1.0,0.525891829689298,1220,,,-0.007847692071276335,-0.015365416295610232,-0.003086398566275921,0.002050678905557767,,0.3333333333333333,,,,0.1849790086528086,,0.08097460720434091,0.1100171689319709,0.30647729443473953,-0.0011939178088620653,7.396541762348992,0.004335296458132863,0.004335296458132863,9.078420864197532e-05,0.2658912277453477,3,1,1,6,6,stage_a_context,,long,6-way,True,,production,,,0.021231994044152103,0.9277037037037037,primary_target,0,ranking,rejected,"{""checks"": {""n_folds"": {""value"": 3, ""threshold"": 3, ""passed"": true}, ""presence_freq"": {""value"": 1.0, ""threshold"": 0.75, ""passed"": true}, ""directional_mean_ret"": {""value"": 0.2659820119539897, ""threshold"": 0.0, ""passed"": true}, ""hurdle_excess"": {""value"": 0.2658912277453477, ""threshold"": 0.0, ""passed"": true}, ""min_support_actual"": {""value"": 1220, ""threshold"": 50, ""passed"": true}, ""is_structurally_sound"": {""value"": false, ""passed"": false}, ""trade_path_quality_score"": {""value"": -0.0011939178088620653, ""threshold"": 0.0, ""passed"": false}}, ""failures"": [""structural_soundness_fail: "", ""trade_path_quality_score=-0.001194 < 0.000000""], ""warnings"": [], ""classification"": ""rejected""}"
(*)|(loc_dist_ema20_atr_ts_band20_80==1&loc_dist_ema20_atr_ts_top50==0)|(reg_atr_change_rate_ts_top30==1&reg_atr_change_rate_ts_top40==0&reg_atr_compression_ratio_ts_top70==0&reg_ema20_gt_ema50_raw==0),*,loc_dist_ema20_atr_ts_band20_80==1&loc_dist_ema20_atr_ts_top50==0,reg_atr_change_rate_ts_top30==1&reg_atr_change_rate_ts_top40==0&reg_atr_compression_ratio_ts_top70==0&reg_ema20_gt_ema50_raw==0,0.2659820119539897,0.2659820119539897,0.016056272798785687,0.1637292057275772,0.09548148148148149,0.004654697564750673,1.0,1.0,0.525891829689298,1220,,,-0.007847692071276335,-0.015365416295610232,-0.003086398566275921,0.002050678905557767,,0.3333333333333333,,,,0.1849790086528086,,0.08097460720434091,0.1100171689319709,0.30647729443473953,-0.0011939178088620653,7.396541762348992,0.004335296458132863,0.004335296458132863,9.078420864197532e-05,0.2658912277453477,3,1,1,6,6,stage_a_context,,long,6-way,True,,production,,,0.021231994044152103,0.9277037037037037,primary_target,0,ranking,rejected,"{""checks"": {""n_folds"": {""value"": 3, ""threshold"": 3, ""passed"": true}, ""presence_freq"": {""value"": 1.0, ""threshold"": 0.75, ""passed"": true}, ""directional_mean_ret"": {""value"": 0.2659820119539897, ""threshold"": 0.0, ""passed"": true}, ""hurdle_excess"": {""value"": 0.2658912277453477, ""threshold"": 0.0, ""passed"": true}, ""min_support_actual"": {""value"": 1220, ""threshold"": 50, ""passed"": true}, ""is_structurally_sound"": {""value"": false, ""passed"": false}, ""trade_path_quality_score"": {""value"": -0.0011939178088620653, ""threshold"": 0.0, ""passed"": false}}, ""failures"": [""structural_soundness_fail: "", ""trade_path_quality_score=-0.001194 < 0.000000""], ""warnings"": [], ""classification"": ""rejected""}"
(*)|(loc_dist_ema20_atr_ts_band20_80==1&loc_dist_ema20_atr_ts_top70==0)|(reg_atr_change_rate_ts_band25_75==1&reg_atr_change_rate_ts_top30==1&reg_atr_change_rate_ts_top40==0&reg_ema50_gt_ema200_raw==0),*,loc_dist_ema20_atr_ts_band20_80==1&loc_dist_ema20_atr_ts_top70==0,reg_atr_change_rate_ts_band25_75==1&reg_atr_change_rate_ts_top30==1&reg_atr_change_rate_ts_top40==0&reg_ema50_gt_ema200_raw==0,0.2659820119539897,0.2659820119539897,0.016056272798785687,0.1637292057275772,0.09548148148148149,0.004654697564750673,1.0,1.0,0.525891829689298,1220,,,-0.007847692071276335,-0.015365416295610232,-0.003086398566275921,0.002050678905557767,,0.3333333333333333,,,,0.1849790086528086,,0.08097460720434091,0.1100171689319709,0.30647729443473953,-0.0011939178088620653,7.396541762348992,0.004335296458132863,0.004335296458132863,9.078420864197532e-05,0.2658912277453477,3,1,1,6,6,stage_a_context,,long,6-way,True,,production,,,0.021231994044152103,0.9277037037037037,primary_target,0,ranking,rejected,"{""checks"": {""n_folds"": {""value"": 3, ""threshold"": 3, ""passed"": true}, ""presence_freq"": {""value"": 1.0, ""threshold"": 0.75, ""passed"": true}, ""directional_mean_ret"": {""value"": 0.2659820119539897, ""threshold"": 0.0, ""passed"": true}, ""hurdle_excess"": {""value"": 0.2658912277453477, ""threshold"": 0.0, ""passed"": true}, ""min_support_actual"": {""value"": 1220, ""threshold"": 50, ""passed"": true}, ""is_structurally_sound"": {""value"": false, ""passed"": false}, ""trade_path_quality_score"": {""value"": -0.0011939178088620653, ""threshold"": 0.0, ""passed"": false}}, ""failures"": [""structural_soundness_fail: "", ""trade_path_quality_score=-0.001194 < 0.000000""], ""warnings"": [], ""classification"": ""rejected""}"
(*)|(loc_dist_ema20_atr_ts_band20_80==1)|(reg_atr_change_rate_ts_band25_75==1&reg_atr_change_rate_ts_bot30==0&reg_atr_change_rate_ts_top40==0),*,loc_dist_ema20_atr_ts_band20_80==1,reg_atr_change_rate_ts_band25_75==1&reg_atr_change_rate_ts_bot30==0&reg_atr_change_rate_ts_top40==0,0.2659820119539897,0.2659820119539897,0.016056272798785687,0.1637292057275772,0.09548148148148149,0.004654697564750673,1.0,1.0,0.525891829689298,1220,,,-0.007847692071276335,-0.015365416295610232,-0.003086398566275921,0.002050678905557767,,0.3333333333333333,,,,0.1849790086528086,,0.08097460720434091,0.1100171689319709,0.30647729443473953,-0.0011939178088620653,7.396541762348992,0.004335296458132863,0.004335296458132863,9.078420864197532e-05,0.2658912277453477,3,1,1,4,4,stage_a_context,,long,4-way,True,,production,,,0.021231994044152103,0.9277037037037037,primary_target,0,ranking,rejected,"{""checks"": {""n_folds"": {""value"": 3, ""threshold"": 3, ""passed"": true}, ""presence_freq"": {""value"": 1.0, ""threshold"": 0.75, ""passed"": true}, ""directional_mean_ret"": {""value"": 0.2659820119539897, ""threshold"": 0.0, ""passed"": true}, ""hurdle_excess"": {""value"": 0.2658912277453477, ""threshold"": 0.0, ""passed"": true}, ""min_support_actual"": {""value"": 1220, ""threshold"": 50, ""passed"": true}, ""is_structurally_sound"": {""value"": false, ""passed"": false}, ""trade_path_quality_score"": {""value"": -0.0011939178088620653, ""threshold"": 0.0, ""passed"": false}}, ""failures"": [""structural_soundness_fail: "", ""trade_path_quality_score=-0.001194 < 0.000000""], ""warnings"": [], ""classification"": ""rejected""}"
(*)|(loc_dist_ema20_atr_ts_band20_80==1)|(reg_atr_change_rate_ts_band25_75==1&reg_atr_change_rate_ts_top30==1&reg_atr_change_rate_ts_top40==0&reg_ema50_gt_ema200_raw==0),*,loc_dist_ema20_atr_ts_band20_80==1,reg_atr_change_rate_ts_band25_75==1&reg_atr_change_rate_ts_top30==1&reg_atr_change_rate_ts_top40==0&reg_ema50_gt_ema200_raw==0,0.2659820119539897,0.2659820119539897,0.016056272798785687,0.1637292057275772,0.09548148148148149,0.004654697564750673,1.0,1.0,0.525891829689298,1220,,,-0.007847692071276335,-0.015365416295610232,-0.003086398566275921,0.002050678905557767,,0.3333333333333333,,,,0.1849790086528086,,0.08097460720434091,0.1100171689319709,0.30647729443473953,-0.0011939178088620653,7.396541762348992,0.004335296458132863,0.004335296458132863,9.078420864197532e-05,0.2658912277453477,3,1,1,5,5,stage_a_context,,long,5-way,True,,production,,,0.021231994044152103,0.9277037037037037,primary_target,0,ranking,rejected,"{""checks"": {""n_folds"": {""value"": 3, ""threshold"": 3, ""passed"": true}, ""presence_freq"": {""value"": 1.0, ""threshold"": 0.75, ""passed"": true}, ""directional_mean_ret"": {""value"": 0.2659820119539897, ""threshold"": 0.0, ""passed"": true}, ""hurdle_excess"": {""value"": 0.2658912277453477, ""threshold"": 0.0, ""passed"": true}, ""min_support_actual"": {""value"": 1220, ""threshold"": 50, ""passed"": true}, ""is_structurally_sound"": {""value"": false, ""passed"": false}, ""trade_path_quality_score"": {""value"": -0.0011939178088620653, ""threshold"": 0.0, ""passed"": false}}, ""failures"": [""structural_soundness_fail: "", ""trade_path_quality_score=-0.001194 < 0.000000""], ""warnings"": [], ""classification"": ""rejected""}"
(*)|(loc_dist_ema20_atr_ts_band20_80==1)|(reg_atr_change_rate_ts_bot30==0&reg_atr_change_rate_ts_bot70==1&reg_atr_change_rate_ts_top40==0&reg_atr_change_rate_ts_top50==0&reg_ema20_gt_ema50_raw==0),*,loc_dist_ema20_atr_ts_band20_80==1,reg_atr_change_rate_ts_bot30==0&reg_atr_change_rate_ts_bot70==1&reg_atr_change_rate_ts_top40==0&reg_atr_change_rate_ts_top50==0&reg_ema20_gt_ema50_raw==0,0.2659820119539897,0.2659820119539897,0.016056272798785687,0.1637292057275772,0.09548148148148149,0.004654697564750673,1.0,1.0,0.525891829689298,1220,,,-0.007847692071276335,-0.015365416295610232,-0.003086398566275921,0.002050678905557767,,0.3333333333333333,,,,0.1849790086528086,,0.08097460720434091,0.1100171689319709,0.30647729443473953,-0.0011939178088620653,7.396541762348992,0.004335296458132863,0.004335296458132863,9.078420864197532e-05,0.2658912277453477,3,1,1,6,6,stage_a_context,,long,6-way,True,,production,,,0.021231994044152103,0.9277037037037037,primary_target,0,ranking,rejected,"{""checks"": {""n_folds"": {""value"": 3, ""threshold"": 3, ""passed"": true}, ""presence_freq"": {""value"": 1.0, ""threshold"": 0.75, ""passed"": true}, ""directional_mean_ret"": {""value"": 0.2659820119539897, ""threshold"": 0.0, ""passed"": true}, ""hurdle_excess"": {""value"": 0.2658912277453477, ""threshold"": 0.0, ""passed"": true}, ""min_support_actual"": {""value"": 1220, ""threshold"": 50, ""passed"": true}, ""is_structurally_sound"": {""value"": false, ""passed"": false}, ""trade_path_quality_score"": {""value"": -0.0011939178088620653, ""threshold"": 0.0, ""passed"": false}}, ""failures"": [""structural_soundness_fail: "", ""trade_path_quality_score=-0.001194 < 0.000000""], ""warnings"": [], ""classification"": ""rejected""}"
(*)|(loc_dist_ema20_atr_ts_band25_75==1&loc_dist_ema20_atr_ts_bot40==1&loc_dist_ema20_atr_ts_top70==0&loc_dist_ema20_atr_ts_top80==0)|(reg_atr_change_rate_ts_top30==1&reg_ema50_gt_ema200_raw==0),*,loc_dist_ema20_atr_ts_band25_75==1&loc_dist_ema20_atr_ts_bot40==1&loc_dist_ema20_atr_ts_top70==0&loc_dist_ema20_atr_ts_top80==0,reg_atr_change_rate_ts_top30==1&reg_ema50_gt_ema200_raw==0,0.2659820119539897,0.2659820119539897,0.016056272798785687,0.1637292057275772,0.09548148148148149,0.004654697564750673,1.0,1.0,0.525891829689298,1220,,,-0.007847692071276335,-0.015365416295610232,-0.003086398566275921,0.002050678905557767,,0.3333333333333333,,,,0.1849790086528086,,0.08097460720434091,0.1100171689319709,0.30647729443473953,-0.0011939178088620653,7.396541762348992,0.004335296458132863,0.004335296458132863,9.078420864197532e-05,0.2658912277453477,3,1,1,6,6,stage_a_context,,long,6-way,True,,production,,,0.021231994044152103,0.9277037037037037,primary_target,0,ranking,rejected,"{""checks"": {""n_folds"": {""value"": 3, ""threshold"": 3, ""passed"": true}, ""presence_freq"": {""value"": 1.0, ""threshold"": 0.75, ""passed"": true}, ""directional_mean_ret"": {""value"": 0.2659820119539897, ""threshold"": 0.0, ""passed"": true}, ""hurdle_excess"": {""value"": 0.2658912277453477, ""threshold"": 0.0, ""passed"": true}, ""min_support_actual"": {""value"": 1220, ""threshold"": 50, ""passed"": true}, ""is_structurally_sound"": {""value"": false, ""passed"": false}, ""trade_path_quality_score"": {""value"": -0.0011939178088620653, ""threshold"": 0.0, ""passed"": false}}, ""failures"": [""structural_soundness_fail: "", ""trade_path_quality_score=-0.001194 < 0.000000""], ""warnings"": [], ""classification"": ""rejected""}"
(*)|(loc_dist_ema20_atr_ts_band25_75==1&loc_dist_ema20_atr_ts_bot80==1)|(reg_atr_change_rate_ts_top30==1&reg_atr_change_rate_ts_top40==0),*,loc_dist_ema20_atr_ts_band25_75==1&loc_dist_ema20_atr_ts_bot80==1,reg_atr_change_rate_ts_top30==1&reg_atr_change_rate_ts_top40==0,0.2659820119539897,0.2659820119539897,0.016056272798785687,0.1637292057275772,0.09548148148148149,0.004654697564750673,1.0,1.0,0.525891829689298,1220,,,-0.007847692071276335,-0.015365416295610232,-0.003086398566275921,0.002050678905557767,,0.3333333333333333,,,,0.1849790086528086,,0.08097460720434091,0.1100171689319709,0.30647729443473953,-0.0011939178088620653,7.396541762348992,0.004335296458132863,0.004335296458132863,9.078420864197532e-05,0.2658912277453477,3,1,1,4,4,stage_a_context,,long,4-way,True,,production,,,0.021231994044152103,0.9277037037037037,primary_target,0,ranking,rejected,"{""checks"": {""n_folds"": {""value"": 3, ""threshold"": 3, ""passed"": true}, ""presence_freq"": {""value"": 1.0, ""threshold"": 0.75, ""passed"": true}, ""directional_mean_ret"": {""value"": 0.2659820119539897, ""threshold"": 0.0, ""passed"": true}, ""hurdle_excess"": {""value"": 0.2658912277453477, ""threshold"": 0.0, ""passed"": true}, ""min_support_actual"": {""value"": 1220, ""threshold"": 50, ""passed"": true}, ""is_structurally_sound"": {""value"": false, ""passed"": false}, ""trade_path_quality_score"": {""value"": -0.0011939178088620653, ""threshold"": 0.0, ""passed"": false}}, ""failures"": [""structural_soundness_fail: "", ""trade_path_quality_score=-0.001194 < 0.000000""], ""warnings"": [], ""classification"": ""rejected""}"
(*)|(loc_dist_ema20_atr_ts_band25_75==1&loc_dist_ema20_atr_ts_top70==0)|(reg_atr_change_rate_ts_bot30==0&reg_atr_change_rate_ts_top40==0&reg_ema20_gt_ema50_raw==0),*,loc_dist_ema20_atr_ts_band25_75==1&loc_dist_ema20_atr_ts_top70==0,reg_atr_change_rate_ts_bot30==0&reg_atr_change_rate_ts_top40==0&reg_ema20_gt_ema50_raw==0,0.2659820119539897,0.2659820119539897,0.016056272798785687,0.1637292057275772,0.09548148148148149,0.004654697564750673,1.0,1.0,0.525891829689298,1220,,,-0.007847692071276335,-0.015365416295610232,-0.003086398566275921,0.002050678905557767,,0.3333333333333333,,,,0.1849790086528086,,0.08097460720434091,0.1100171689319709,0.30647729443473953,-0.0011939178088620653,7.396541762348992,0.004335296458132863,0.004335296458132863,9.078420864197532e-05,0.2658912277453477,3,1,1,5,5,stage_a_context,,long,5-way,True,,production,,,0.021231994044152103,0.9277037037037037,primary_target,0,ranking,rejected,"{""checks"": {""n_folds"": {""value"": 3, ""threshold"": 3, ""passed"": true}, ""presence_freq"": {""value"": 1.0, ""threshold"": 0.75, ""passed"": true}, ""directional_mean_ret"": {""value"": 0.2659820119539897, ""threshold"": 0.0, ""passed"": true}, ""hurdle_excess"": {""value"": 0.2658912277453477, ""threshold"": 0.0, ""passed"": true}, ""min_support_actual"": {""value"": 1220, ""threshold"": 50, ""passed"": true}, ""is_structurally_sound"": {""value"": false, ""passed"": false}, ""trade_path_quality_score"": {""value"": -0.0011939178088620653, ""threshold"": 0.0, ""passed"": false}}, ""failures"": [""structural_soundness_fail: "", ""trade_path_quality_score=-0.001194 < 0.000000""], ""warnings"": [], ""classification"": ""rejected""}"
(*)|(loc_dist_ema20_atr_ts_band25_75==1)|(reg_atr_change_rate_ts_band20_80==1&reg_atr_change_rate_ts_bot40==1&reg_atr_change_rate_ts_top30==1&reg_ema20_gt_ema50_raw==0),*,loc_dist_ema20_atr_ts_band25_75==1,reg_atr_change_rate_ts_band20_80==1&reg_atr_change_rate_ts_bot40==1&reg_atr_change_rate_ts_top30==1&reg_ema20_gt_ema50_raw==0,0.2659820119539897,0.2659820119539897,0.016056272798785687,0.1637292057275772,0.09548148148148149,0.004654697564750673,1.0,1.0,0.525891829689298,1220,,,-0.007847692071276335,-0.015365416295610232,-0.003086398566275921,0.002050678905557767,,0.3333333333333333,,,,0.1849790086528086,,0.08097460720434091,0.1100171689319709,0.30647729443473953,-0.0011939178088620653,7.396541762348992,0.004335296458132863,0.004335296458132863,9.078420864197532e-05,0.2658912277453477,3,1,1,5,5,stage_a_context,,long,5-way,True,,production,,,0.021231994044152103,0.9277037037037037,primary_target,0,ranking,rejected,"{""checks"": {""n_folds"": {""value"": 3, ""threshold"": 3, ""passed"": true}, ""presence_freq"": {""value"": 1.0, ""threshold"": 0.75, ""passed"": true}, ""directional_mean_ret"": {""value"": 0.2659820119539897, ""threshold"": 0.0, ""passed"": true}, ""hurdle_excess"": {""value"": 0.2658912277453477, ""threshold"": 0.0, ""passed"": true}, ""min_support_actual"": {""value"": 1220, ""threshold"": 50, ""passed"": true}, ""is_structurally_sound"": {""value"": false, ""passed"": false}, ""trade_path_quality_score"": {""value"": -0.0011939178088620653, ""threshold"": 0.0, ""passed"": false}}, ""failures"": [""structural_soundness_fail: "", ""trade_path_quality_score=-0.001194 < 0.000000""], ""warnings"": [], ""classification"": ""rejected""}"
(*)|(loc_dist_ema20_atr_ts_band25_75==1)|(reg_atr_change_rate_ts_top30==1&reg_atr_change_rate_ts_top40==0&reg_atr_change_rate_ts_top70==0&reg_ema50_gt_ema200_raw==0),*,loc_dist_ema20_atr_ts_band25_75==1,reg_atr_change_rate_ts_top30==1&reg_atr_change_rate_ts_top40==0&reg_atr_change_rate_ts_top70==0&reg_ema50_gt_ema200_raw==0,0.2659820119539897,0.2659820119539897,0.016056272798785687,0.1637292057275772,0.09548148148148149,0.004654697564750673,1.0,1.0,0.525891829689298,1220,,,-0.007847692071276335,-0.015365416295610232,-0.003086398566275921,0.002050678905557767,,0.3333333333333333,,,,0.1849790086528086,,0.08097460720434091,0.1100171689319709,0.30647729443473953,-0.0011939178088620653,7.396541762348992,0.004335296458132863,0.004335296458132863,9.078420864197532e-05,0.2658912277453477,3,1,1,5,5,stage_a_context,,long,5-way,True,,production,,,0.021231994044152103,0.9277037037037037,primary_target,0,ranking,rejected,"{""checks"": {""n_folds"": {""value"": 3, ""threshold"": 3, ""passed"": true}, ""presence_freq"": {""value"": 1.0, ""threshold"": 0.75, ""passed"": true}, ""directional_mean_ret"": {""value"": 0.2659820119539897, ""threshold"": 0.0, ""passed"": true}, ""hurdle_excess"": {""value"": 0.2658912277453477, ""threshold"": 0.0, ""passed"": true}, ""min_support_actual"": {""value"": 1220, ""threshold"": 50, ""passed"": true}, ""is_structurally_sound"": {""value"": false, ""passed"": false}, ""trade_path_quality_score"": {""value"": -0.0011939178088620653, ""threshold"": 0.0, ""passed"": false}}, ""failures"": [""structural_soundness_fail: "", ""trade_path_quality_score=-0.001194 < 0.000000""], ""warnings"": [], ""classification"": ""rejected""}"
(*)|(loc_dist_ema20_atr_ts_band30_70==1)|(reg_atr_change_rate_ts_band20_80==1&reg_atr_change_rate_ts_band40_60==0&reg_atr_change_rate_ts_top40==0&reg_ema20_gt_ema50_raw==0),*,loc_dist_ema20_atr_ts_band30_70==1,reg_atr_change_rate_ts_band20_80==1&reg_atr_change_rate_ts_band40_60==0&reg_atr_change_rate_ts_top40==0&reg_ema20_gt_ema50_raw==0,0.2659820119539897,0.2659820119539897,0.016056272798785687,0.1637292057275772,0.09548148148148149,0.004654697564750673,1.0,1.0,0.525891829689298,1220,,,-0.007847692071276335,-0.015365416295610232,-0.003086398566275921,0.002050678905557767,,0.3333333333333333,,,,0.1849790086528086,,0.08097460720434091,0.1100171689319709,0.30647729443473953,-0.0011939178088620653,7.396541762348992,0.004335296458132863,0.004335296458132863,9.078420864197532e-05,0.2658912277453477,3,1,1,5,5,stage_a_context,,long,5-way,True,,production,,,0.021231994044152103,0.9277037037037037,primary_target,0,ranking,rejected,"{""checks"": {""n_folds"": {""value"": 3, ""threshold"": 3, ""passed"": true}, ""presence_freq"": {""value"": 1.0, ""threshold"": 0.75, ""passed"": true}, ""directional_mean_ret"": {""value"": 0.2659820119539897, ""threshold"": 0.0, ""passed"": true}, ""hurdle_excess"": {""value"": 0.2658912277453477, ""threshold"": 0.0, ""passed"": true}, ""min_support_actual"": {""value"": 1220, ""threshold"": 50, ""passed"": true}, ""is_structurally_sound"": {""value"": false, ""passed"": false}, ""trade_path_quality_score"": {""value"": -0.0011939178088620653, ""threshold"": 0.0, ""passed"": false}}, ""failures"": [""structural_soundness_fail: "", ""trade_path_quality_score=-0.001194 < 0.000000""], ""warnings"": [], ""classification"": ""rejected""}"
(*)|(loc_dist_ema20_atr_ts_bot70==1&loc_dist_ema20_atr_ts_top30==1)|(reg_atr_change_rate_ts_band20_80==1&reg_atr_change_rate_ts_band25_75==1&reg_atr_change_rate_ts_band40_60==0&reg_atr_change_rate_ts_top40==0),*,loc_dist_ema20_atr_ts_bot70==1&loc_dist_ema20_atr_ts_top30==1,reg_atr_change_rate_ts_band20_80==1&reg_atr_change_rate_ts_band25_75==1&reg_atr_change_rate_ts_band40_60==0&reg_atr_change_rate_ts_top40==0,0.2659820119539897,0.2659820119539897,0.016056272798785687,0.1637292057275772,0.09548148148148149,0.004654697564750673,1.0,1.0,0.525891829689298,1220,,,-0.007847692071276335,-0.015365416295610232,-0.003086398566275921,0.002050678905557767,,0.3333333333333333,,,,0.1849790086528086,,0.08097460720434091,0.1100171689319709,0.30647729443473953,-0.0011939178088620653,7.396541762348992,0.004335296458132863,0.004335296458132863,9.078420864197532e-05,0.2658912277453477,3,1,1,6,6,stage_a_context,,long,6-way,True,,production,,,0.021231994044152103,0.9277037037037037,primary_target,0,ranking,rejected,"{""checks"": {""n_folds"": {""value"": 3, ""threshold"": 3, ""passed"": true}, ""presence_freq"": {""value"": 1.0, ""threshold"": 0.75, ""passed"": true}, ""directional_mean_ret"": {""value"": 0.2659820119539897, ""threshold"": 0.0, ""passed"": true}, ""hurdle_excess"": {""value"": 0.2658912277453477, ""threshold"": 0.0, ""passed"": true}, ""min_support_actual"": {""value"": 1220, ""threshold"": 50, ""passed"": true}, ""is_structurally_sound"": {""value"": false, ""passed"": false}, ""trade_path_quality_score"": {""value"": -0.0011939178088620653, ""threshold"": 0.0, ""passed"": false}}, ""failures"": [""structural_soundness_fail: "", ""trade_path_quality_score=-0.001194 < 0.000000""], ""warnings"": [], ""classification"": ""rejected""}"
(*)|(loc_dist_ema20_atr_ts_top30==1&loc_dist_ema20_atr_ts_top40==0)|(reg_atr_change_rate_ts_band20_80==1&reg_ema50_gt_ema200_raw==0),*,loc_dist_ema20_atr_ts_top30==1&loc_dist_ema20_atr_ts_top40==0,reg_atr_change_rate_ts_band20_80==1&reg_ema50_gt_ema200_raw==0,0.2659820119539897,0.2659820119539897,0.016056272798785687,0.1637292057275772,0.09548148148148149,0.004654697564750673,1.0,1.0,0.525891829689298,1220,,,-0.007847692071276335,-0.015365416295610232,-0.003086398566275921,0.002050678905557767,,0.3333333333333333,,,,0.1849790086528086,,0.08097460720434091,0.1100171689319709,0.30647729443473953,-0.0011939178088620653,7.396541762348992,0.004335296458132863,0.004335296458132863,9.078420864197532e-05,0.2658912277453477,3,1,1,4,4,stage_a_context,,long,4-way,True,,production,,,0.021231994044152103,0.9277037037037037,primary_target,0,ranking,rejected,"{""checks"": {""n_folds"": {""value"": 3, ""threshold"": 3, ""passed"": true}, ""presence_freq"": {""value"": 1.0, ""threshold"": 0.75, ""passed"": true}, ""directional_mean_ret"": {""value"": 0.2659820119539897, ""threshold"": 0.0, ""passed"": true}, ""hurdle_excess"": {""value"": 0.2658912277453477, ""threshold"": 0.0, ""passed"": true}, ""min_support_actual"": {""value"": 1220, ""threshold"": 50, ""passed"": true}, ""is_structurally_sound"": {""value"": false, ""passed"": false}, ""trade_path_quality_score"": {""value"": -0.0011939178088620653, ""threshold"": 0.0, ""passed"": false}}, ""failures"": [""structural_soundness_fail: "", ""trade_path_quality_score=-0.001194 < 0.000000""], ""warnings"": [], ""classification"": ""rejected""}"
(*)|(loc_dist_ema20_atr_ts_top30==1&loc_dist_ema20_atr_ts_top50==0)|(reg_atr_change_rate_ts_band20_80==1&reg_atr_change_rate_ts_band25_75==1&reg_atr_change_rate_ts_top40==0&reg_atr_change_rate_ts_top60==0),*,loc_dist_ema20_atr_ts_top30==1&loc_dist_ema20_atr_ts_top50==0,reg_atr_change_rate_ts_band20_80==1&reg_atr_change_rate_ts_band25_75==1&reg_atr_change_rate_ts_top40==0&reg_atr_change_rate_ts_top60==0,0.2659820119539897,0.2659820119539897,0.016056272798785687,0.1637292057275772,0.09548148148148149,0.004654697564750673,1.0,1.0,0.525891829689298,1220,,,-0.007847692071276335,-0.015365416295610232,-0.003086398566275921,0.002050678905557767,,0.3333333333333333,,,,0.1849790086528086,,0.08097460720434091,0.1100171689319709,0.30647729443473953,-0.0011939178088620653,7.396541762348992,0.004335296458132863,0.004335296458132863,9.078420864197532e-05,0.2658912277453477,3,1,1,6,6,stage_a_context,,long,6-way,True,,production,,,0.021231994044152103,0.9277037037037037,primary_target,0,ranking,rejected,"{""checks"": {""n_folds"": {""value"": 3, ""threshold"": 3, ""passed"": true}, ""presence_freq"": {""value"": 1.0, ""threshold"": 0.75, ""passed"": true}, ""directional_mean_ret"": {""value"": 0.2659820119539897, ""threshold"": 0.0, ""passed"": true}, ""hurdle_excess"": {""value"": 0.2658912277453477, ""threshold"": 0.0, ""passed"": true}, ""min_support_actual"": {""value"": 1220, ""threshold"": 50, ""passed"": true}, ""is_structurally_sound"": {""value"": false, ""passed"": false}, ""trade_path_quality_score"": {""value"": -0.0011939178088620653, ""threshold"": 0.0, ""passed"": false}}, ""failures"": [""structural_soundness_fail: "", ""trade_path_quality_score=-0.001194 < 0.000000""], ""warnings"": [], ""classification"": ""rejected""}"
(*)|(loc_dist_ema20_atr_ts_top30==1&loc_dist_ema20_atr_ts_top50==0)|(reg_atr_change_rate_ts_band25_75==1&reg_atr_change_rate_ts_top40==0&reg_atr_change_rate_ts_top70==0&reg_ema50_gt_ema200_raw==0),*,loc_dist_ema20_atr_ts_top30==1&loc_dist_ema20_atr_ts_top50==0,reg_atr_change_rate_ts_band25_75==1&reg_atr_change_rate_ts_top40==0&reg_atr_change_rate_ts_top70==0&reg_ema50_gt_ema200_raw==0,0.2659820119539897,0.2659820119539897,0.016056272798785687,0.1637292057275772,0.09548148148148149,0.004654697564750673,1.0,1.0,0.525891829689298,1220,,,-0.007847692071276335,-0.015365416295610232,-0.003086398566275921,0.002050678905557767,,0.3333333333333333,,,,0.1849790086528086,,0.08097460720434091,0.1100171689319709,0.30647729443473953,-0.0011939178088620653,7.396541762348992,0.004335296458132863,0.004335296458132863,9.078420864197532e-05,0.2658912277453477,3,1,1,6,6,stage_a_context,,long,6-way,True,,production,,,0.021231994044152103,0.9277037037037037,primary_target,0,ranking,rejected,"{""checks"": {""n_folds"": {""value"": 3, ""threshold"": 3, ""passed"": true}, ""presence_freq"": {""value"": 1.0, ""threshold"": 0.75, ""passed"": true}, ""directional_mean_ret"": {""value"": 0.2659820119539897, ""threshold"": 0.0, ""passed"": true}, ""hurdle_excess"": {""value"": 0.2658912277453477, ""threshold"": 0.0, ""passed"": true}, ""min_support_actual"": {""value"": 1220, ""threshold"": 50, ""passed"": true}, ""is_structurally_sound"": {""value"": false, ""passed"": false}, ""trade_path_quality_score"": {""value"": -0.0011939178088620653, ""threshold"": 0.0, ""passed"": false}}, ""failures"": [""structural_soundness_fail: "", ""trade_path_quality_score=-0.001194 < 0.000000""], ""warnings"": [], ""classification"": ""rejected""}"
(*)|(loc_dist_ema20_atr_ts_top30==1)|(reg_atr_change_rate_ts_band20_80==1&reg_atr_change_rate_ts_band40_60==0&reg_atr_change_rate_ts_top40==0&reg_atr_change_rate_ts_top70==0&reg_ema20_gt_ema50_raw==0),*,loc_dist_ema20_atr_ts_top30==1,reg_atr_change_rate_ts_band20_80==1&reg_atr_change_rate_ts_band40_60==0&reg_atr_change_rate_ts_top40==0&reg_atr_change_rate_ts_top70==0&reg_ema20_gt_ema50_raw==0,0.2659820119539897,0.2659820119539897,0.016056272798785687,0.1637292057275772,0.09548148148148149,0.004654697564750673,1.0,1.0,0.525891829689298,1220,,,-0.007847692071276335,-0.015365416295610232,-0.003086398566275921,0.002050678905557767,,0.3333333333333333,,,,0.1849790086528086,,0.08097460720434091,0.1100171689319709,0.30647729443473953,-0.0011939178088620653,7.396541762348992,0.004335296458132863,0.004335296458132863,9.078420864197532e-05,0.2658912277453477,3,1,1,6,6,stage_a_context,,long,6-way,True,,production,,,0.021231994044152103,0.9277037037037037,primary_target,0,ranking,rejected,"{""checks"": {""n_folds"": {""value"": 3, ""threshold"": 3, ""passed"": true}, ""presence_freq"": {""value"": 1.0, ""threshold"": 0.75, ""passed"": true}, ""directional_mean_ret"": {""value"": 0.2659820119539897, ""threshold"": 0.0, ""passed"": true}, ""hurdle_excess"": {""value"": 0.2658912277453477, ""threshold"": 0.0, ""passed"": true}, ""min_support_actual"": {""value"": 1220, ""threshold"": 50, ""passed"": true}, ""is_structurally_sound"": {""value"": false, ""passed"": false}, ""trade_path_quality_score"": {""value"": -0.0011939178088620653, ""threshold"": 0.0, ""passed"": false}}, ""failures"": [""structural_soundness_fail: "", ""trade_path_quality_score=-0.001194 < 0.000000""], ""warnings"": [], ""classification"": ""rejected""}"
(*)|(loc_dist_ema20_atr_ts_top30==1)|(reg_atr_change_rate_ts_band20_80==1&reg_atr_change_rate_ts_band40_60==0&reg_atr_change_rate_ts_top40==0),*,loc_dist_ema20_atr_ts_top30==1,reg_atr_change_rate_ts_band20_80==1&reg_atr_change_rate_ts_band40_60==0&reg_atr_change_rate_ts_top40==0,0.2659820119539897,0.2659820119539897,0.016056272798785687,0.1637292057275772,0.09548148148148149,0.004654697564750673,1.0,1.0,0.525891829689298,1220,,,-0.007847692071276335,-0.015365416295610232,-0.003086398566275921,0.002050678905557767,,0.3333333333333333,,,,0.1849790086528086,,0.08097460720434091,0.1100171689319709,0.30647729443473953,-0.0011939178088620653,7.396541762348992,0.004335296458132863,0.004335296458132863,9.078420864197532e-05,0.2658912277453477,3,2,2,4,4,stage_a_context,,long,4-way,True,,production,,,0.021231994044152103,0.9277037037037037,primary_target,0,ranking,rejected,"{""checks"": {""n_folds"": {""value"": 3, ""threshold"": 3, ""passed"": true}, ""presence_freq"": {""value"": 1.0, ""threshold"": 0.75, ""passed"": true}, ""directional_mean_ret"": {""value"": 0.2659820119539897, ""threshold"": 0.0, ""passed"": true}, ""hurdle_excess"": {""value"": 0.2658912277453477, ""threshold"": 0.0, ""passed"": true}, ""min_support_actual"": {""value"": 1220, ""threshold"": 50, ""passed"": true}, ""is_structurally_sound"": {""value"": false, ""passed"": false}, ""trade_path_quality_score"": {""value"": -0.0011939178088620653, ""threshold"": 0.0, ""passed"": false}}, ""failures"": [""structural_soundness_fail: "", ""trade_path_quality_score=-0.001194 < 0.000000""], ""warnings"": [], ""classification"": ""rejected""}"
(*)|(loc_dist_ema20_atr_ts_top40==0&loc_dist_ema20_atr_ts_top50==0)|(reg_atr_change_rate_ts_band20_80==1&reg_atr_change_rate_ts_top30==1&reg_ema20_gt_ema50_raw==0),*,loc_dist_ema20_atr_ts_top40==0&loc_dist_ema20_atr_ts_top50==0,reg_atr_change_rate_ts_band20_80==1&reg_atr_change_rate_ts_top30==1&reg_ema20_gt_ema50_raw==0,0.2659820119539897,0.2659820119539897,0.016056272798785687,0.1637292057275772,0.09548148148148149,0.004654697564750673,1.0,1.0,0.525891829689298,1220,,,-0.007847692071276335,-0.015365416295610232,-0.003086398566275921,0.002050678905557767,,0.3333333333333333,,,,0.1849790086528086,,0.08097460720434091,0.1100171689319709,0.30647729443473953,-0.0011939178088620653,7.396541762348992,0.004335296458132863,0.004335296458132863,9.078420864197532e-05,0.2658912277453477,3,1,1,5,5,stage_a_context,,long,5-way,True,,production,,,0.021231994044152103,0.9277037037037037,primary_target,0,ranking,rejected,"{""checks"": {""n_folds"": {""value"": 3, ""threshold"": 3, ""passed"": true}, ""presence_freq"": {""value"": 1.0, ""threshold"": 0.75, ""passed"": true}, ""directional_mean_ret"": {""value"": 0.2659820119539897, ""threshold"": 0.0, ""passed"": true}, ""hurdle_excess"": {""value"": 0.2658912277453477, ""threshold"": 0.0, ""passed"": true}, ""min_support_actual"": {""value"": 1220, ""threshold"": 50, ""passed"": true}, ""is_structurally_sound"": {""value"": false, ""passed"": false}, ""trade_path_quality_score"": {""value"": -0.0011939178088620653, ""threshold"": 0.0, ""passed"": false}}, ""failures"": [""structural_soundness_fail: "", ""trade_path_quality_score=-0.001194 < 0.000000""], ""warnings"": [], ""classification"": ""rejected""}"
(*)|(loc_dist_ema20_atr_ts_top40==0&loc_dist_ema20_atr_ts_top80==0)|(reg_atr_change_rate_ts_top20==1&reg_atr_change_rate_ts_top30==1),*,loc_dist_ema20_atr_ts_top40==0&loc_dist_ema20_atr_ts_top80==0,reg_atr_change_rate_ts_top20==1&reg_atr_change_rate_ts_top30==1,0.2659820119539897,0.2659820119539897,0.016056272798785687,0.1637292057275772,0.09548148148148149,0.004654697564750673,1.0,1.0,0.525891829689298,1220,,,-0.007847692071276335,-0.015365416295610232,-0.003086398566275921,0.002050678905557767,,0.3333333333333333,,,,0.1849790086528086,,0.08097460720434091,0.1100171689319709,0.30647729443473953,-0.0011939178088620653,7.396541762348992,0.004335296458132863,0.004335296458132863,9.078420864197532e-05,0.2658912277453477,3,1,1,4,4,stage_a_context,,long,4-way,True,,production,,,0.021231994044152103,0.9277037037037037,primary_target,0,ranking,rejected,"{""checks"": {""n_folds"": {""value"": 3, ""threshold"": 3, ""passed"": true}, ""presence_freq"": {""value"": 1.0, ""threshold"": 0.75, ""passed"": true}, ""directional_mean_ret"": {""value"": 0.2659820119539897, ""threshold"": 0.0, ""passed"": true}, ""hurdle_excess"": {""value"": 0.2658912277453477, ""threshold"": 0.0, ""passed"": true}, ""min_support_actual"": {""value"": 1220, ""threshold"": 50, ""passed"": true}, ""is_structurally_sound"": {""value"": false, ""passed"": false}, ""trade_path_quality_score"": {""value"": -0.0011939178088620653, ""threshold"": 0.0, ""passed"": false}}, ""failures"": [""structural_soundness_fail: "", ""trade_path_quality_score=-0.001194 < 0.000000""], ""warnings"": [], ""classification"": ""rejected""}"
(*)|(loc_dist_ema20_atr_ts_top40==0)|(reg_atr_change_rate_ts_band25_75==1&reg_atr_change_rate_ts_bot80==1&reg_atr_change_rate_ts_top30==1&reg_ema20_gt_ema50_raw==0),*,loc_dist_ema20_atr_ts_top40==0,reg_atr_change_rate_ts_band25_75==1&reg_atr_change_rate_ts_bot80==1&reg_atr_change_rate_ts_top30==1&reg_ema20_gt_ema50_raw==0,0.2659820119539897,0.2659820119539897,0.016056272798785687,0.1637292057275772,0.09548148148148149,0.004654697564750673,1.0,1.0,0.525891829689298,1220,,,-0.007847692071276335,-0.015365416295610232,-0.003086398566275921,0.002050678905557767,,0.3333333333333333,,,,0.1849790086528086,,0.08097460720434091,0.1100171689319709,0.30647729443473953,-0.0011939178088620653,7.396541762348992,0.004335296458132863,0.004335296458132863,9.078420864197532e-05,0.2658912277453477,3,1,1,5,5,stage_a_context,,long,5-way,True,,production,,,0.021231994044152103,0.9277037037037037,primary_target,0,ranking,rejected,"{""checks"": {""n_folds"": {""value"": 3, ""threshold"": 3, ""passed"": true}, ""presence_freq"": {""value"": 1.0, ""threshold"": 0.75, ""passed"": true}, ""directional_mean_ret"": {""value"": 0.2659820119539897, ""threshold"": 0.0, ""passed"": true}, ""hurdle_excess"": {""value"": 0.2658912277453477, ""threshold"": 0.0, ""passed"": true}, ""min_support_actual"": {""value"": 1220, ""threshold"": 50, ""passed"": true}, ""is_structurally_sound"": {""value"": false, ""passed"": false}, ""trade_path_quality_score"": {""value"": -0.0011939178088620653, ""threshold"": 0.0, ""passed"": false}}, ""failures"": [""structural_soundness_fail: "", ""trade_path_quality_score=-0.001194 < 0.000000""], ""warnings"": [], ""classification"": ""rejected""}"
(*)|(loc_dist_ema20_atr_ts_top40==0)|(reg_atr_change_rate_ts_band25_75==1&reg_atr_change_rate_ts_top30==1&reg_atr_change_rate_ts_top70==0&reg_ema20_gt_ema50_raw==0),*,loc_dist_ema20_atr_ts_top40==0,reg_atr_change_rate_ts_band25_75==1&reg_atr_change_rate_ts_top30==1&reg_atr_change_rate_ts_top70==0&reg_ema20_gt_ema50_raw==0,0.2659820119539897,0.2659820119539897,0.016056272798785687,0.1637292057275772,0.09548148148148149,0.004654697564750673,1.0,1.0,0.525891829689298,1220,,,-0.007847692071276335,-0.015365416295610232,-0.003086398566275921,0.002050678905557767,,0.3333333333333333,,,,0.1849790086528086,,0.08097460720434091,0.1100171689319709,0.30647729443473953,-0.0011939178088620653,7.396541762348992,0.004335296458132863,0.004335296458132863,9.078420864197532e-05,0.2658912277453477,3,1,1,5,5,stage_a_context,,long,5-way,True,,production,,,0.021231994044152103,0.9277037037037037,primary_target,0,ranking,rejected,"{""checks"": {""n_folds"": {""value"": 3, ""threshold"": 3, ""passed"": true}, ""presence_freq"": {""value"": 1.0, ""threshold"": 0.75, ""passed"": true}, ""directional_mean_ret"": {""value"": 0.2659820119539897, ""threshold"": 0.0, ""passed"": true}, ""hurdle_excess"": {""value"": 0.2658912277453477, ""threshold"": 0.0, ""passed"": true}, ""min_support_actual"": {""value"": 1220, ""threshold"": 50, ""passed"": true}, ""is_structurally_sound"": {""value"": false, ""passed"": false}, ""trade_path_quality_score"": {""value"": -0.0011939178088620653, ""threshold"": 0.0, ""passed"": false}}, ""failures"": [""structural_soundness_fail: "", ""trade_path_quality_score=-0.001194 < 0.000000""], ""warnings"": [], ""classification"": ""rejected""}"
(*)|(loc_dist_ema20_atr_ts_top40==0)|(reg_atr_change_rate_ts_band25_75==1&reg_atr_change_rate_ts_top30==1&reg_ema50_gt_ema200_raw==0),*,loc_dist_ema20_atr_ts_top40==0,reg_atr_change_rate_ts_band25_75==1&reg_atr_change_rate_ts_top30==1&reg_ema50_gt_ema200_raw==0,0.2659820119539897,0.2659820119539897,0.016056272798785687,0.1637292057275772,0.09548148148148149,0.004654697564750673,1.0,1.0,0.525891829689298,1220,,,-0.007847692071276335,-0.015365416295610232,-0.003086398566275921,0.002050678905557767,,0.3333333333333333,,,,0.1849790086528086,,0.08097460720434091,0.1100171689319709,0.30647729443473953,-0.0011939178088620653,7.396541762348992,0.004335296458132863,0.004335296458132863,9.078420864197532e-05,0.2658912277453477,3,1,1,4,4,stage_a_context,,long,4-way,True,,production,,,0.021231994044152103,0.9277037037037037,primary_target,0,ranking,rejected,"{""checks"": {""n_folds"": {""value"": 3, ""threshold"": 3, ""passed"": true}, ""presence_freq"": {""value"": 1.0, ""threshold"": 0.75, ""passed"": true}, ""directional_mean_ret"": {""value"": 0.2659820119539897, ""threshold"": 0.0, ""passed"": true}, ""hurdle_excess"": {""value"": 0.2658912277453477, ""threshold"": 0.0, ""passed"": true}, ""min_support_actual"": {""value"": 1220, ""threshold"": 50, ""passed"": true}, ""is_structurally_sound"": {""value"": false, ""passed"": false}, ""trade_path_quality_score"": {""value"": -0.0011939178088620653, ""threshold"": 0.0, ""passed"": false}}, ""failures"": [""structural_soundness_fail: "", ""trade_path_quality_score=-0.001194 < 0.000000""], ""warnings"": [], ""classification"": ""rejected""}"
(*)|(loc_dist_ema20_atr_ts_top50==0)|(reg_atr_change_rate_ts_band20_80==1&reg_atr_change_rate_ts_top30==1&reg_atr_change_rate_ts_top40==0&reg_atr_change_rate_ts_top70==0&reg_ema50_gt_ema200_raw==0),*,loc_dist_ema20_atr_ts_top50==0,reg_atr_change_rate_ts_band20_80==1&reg_atr_change_rate_ts_top30==1&reg_atr_change_rate_ts_top40==0&reg_atr_change_rate_ts_top70==0&reg_ema50_gt_ema200_raw==0,0.2659820119539897,0.2659820119539897,0.016056272798785687,0.1637292057275772,0.09548148148148149,0.004654697564750673,1.0,1.0,0.525891829689298,1220,,,-0.007847692071276335,-0.015365416295610232,-0.003086398566275921,0.002050678905557767,,0.3333333333333333,,,,0.1849790086528086,,0.08097460720434091,0.1100171689319709,0.30647729443473953,-0.0011939178088620653,7.396541762348992,0.004335296458132863,0.004335296458132863,9.078420864197532e-05,0.2658912277453477,3,1,1,6,6,stage_a_context,,long,6-way,True,,production,,,0.021231994044152103,0.9277037037037037,primary_target,0,ranking,rejected,"{""checks"": {""n_folds"": {""value"": 3, ""threshold"": 3, ""passed"": true}, ""presence_freq"": {""value"": 1.0, ""threshold"": 0.75, ""passed"": true}, ""directional_mean_ret"": {""value"": 0.2659820119539897, ""threshold"": 0.0, ""passed"": true}, ""hurdle_excess"": {""value"": 0.2658912277453477, ""threshold"": 0.0, ""passed"": true}, ""min_support_actual"": {""value"": 1220, ""threshold"": 50, ""passed"": true}, ""is_structurally_sound"": {""value"": false, ""passed"": false}, ""trade_path_quality_score"": {""value"": -0.0011939178088620653, ""threshold"": 0.0, ""passed"": false}}, ""failures"": [""structural_soundness_fail: "", ""trade_path_quality_score=-0.001194 < 0.000000""], ""warnings"": [], ""classification"": ""rejected""}"
(*)|(loc_dist_ema20_atr_ts_top50==0)|(reg_atr_change_rate_ts_band30_70==1&reg_atr_change_rate_ts_bot40==1&reg_atr_change_rate_ts_top80==0&reg_ema20_gt_ema50_raw==0),*,loc_dist_ema20_atr_ts_top50==0,reg_atr_change_rate_ts_band30_70==1&reg_atr_change_rate_ts_bot40==1&reg_atr_change_rate_ts_top80==0&reg_ema20_gt_ema50_raw==0,0.2659820119539897,0.2659820119539897,0.016056272798785687,0.1637292057275772,0.09548148148148149,0.004654697564750673,1.0,1.0,0.525891829689298,1220,,,-0.007847692071276335,-0.015365416295610232,-0.003086398566275921,0.002050678905557767,,0.3333333333333333,,,,0.1849790086528086,,0.08097460720434091,0.1100171689319709,0.30647729443473953,-0.0011939178088620653,7.396541762348992,0.004335296458132863,0.004335296458132863,9.078420864197532e-05,0.2658912277453477,3,1,1,5,5,stage_a_context,,long,5-way,True,,production,,,0.021231994044152103,0.9277037037037037,primary_target,0,ranking,rejected,"{""checks"": {""n_folds"": {""value"": 3, ""threshold"": 3, ""passed"": true}, ""presence_freq"": {""value"": 1.0, ""threshold"": 0.75, ""passed"": true}, ""directional_mean_ret"": {""value"": 0.2659820119539897, ""threshold"": 0.0, ""passed"": true}, ""hurdle_excess"": {""value"": 0.2658912277453477, ""threshold"": 0.0, ""passed"": true}, ""min_support_actual"": {""value"": 1220, ""threshold"": 50, ""passed"": true}, ""is_structurally_sound"": {""value"": false, ""passed"": false}, ""trade_path_quality_score"": {""value"": -0.0011939178088620653, ""threshold"": 0.0, ""passed"": false}}, ""failures"": [""structural_soundness_fail: "", ""trade_path_quality_score=-0.001194 < 0.000000""], ""warnings"": [], ""classification"": ""rejected""}"
(*)|(loc_dist_ema20_atr_ts_top70==0&loc_dist_ema50_atr_ts_band20_80==1)|(reg_atr_change_rate_ts_bot30==0&reg_atr_change_rate_ts_top40==0&reg_atr_change_rate_ts_top50==0&reg_ema20_gt_ema50_raw==0),*,loc_dist_ema20_atr_ts_top70==0&loc_dist_ema50_atr_ts_band20_80==1,reg_atr_change_rate_ts_bot30==0&reg_atr_change_rate_ts_top40==0&reg_atr_change_rate_ts_top50==0&reg_ema20_gt_ema50_raw==0,0.2659820119539897,0.2659820119539897,0.016056272798785687,0.1637292057275772,0.09548148148148149,0.004654697564750673,1.0,1.0,0.525891829689298,1220,,,-0.007847692071276335,-0.015365416295610232,-0.003086398566275921,0.002050678905557767,,0.3333333333333333,,,,0.1849790086528086,,0.08097460720434091,0.1100171689319709,0.30647729443473953,-0.0011939178088620653,7.396541762348992,0.004335296458132863,0.004335296458132863,9.078420864197532e-05,0.2658912277453477,3,1,1,6,6,stage_a_context,,long,6-way,True,,production,,,0.021231994044152103,0.9277037037037037,primary_target,0,ranking,rejected,"{""checks"": {""n_folds"": {""value"": 3, ""threshold"": 3, ""passed"": true}, ""presence_freq"": {""value"": 1.0, ""threshold"": 0.75, ""passed"": true}, ""directional_mean_ret"": {""value"": 0.2659820119539897, ""threshold"": 0.0, ""passed"": true}, ""hurdle_excess"": {""value"": 0.2658912277453477, ""threshold"": 0.0, ""passed"": true}, ""min_support_actual"": {""value"": 1220, ""threshold"": 50, ""passed"": true}, ""is_structurally_sound"": {""value"": false, ""passed"": false}, ""trade_path_quality_score"": {""value"": -0.0011939178088620653, ""threshold"": 0.0, ""passed"": false}}, ""failures"": [""structural_soundness_fail: "", ""trade_path_quality_score=-0.001194 < 0.000000""], ""warnings"": [], ""classification"": ""rejected""}"
(*)|(loc_dist_ema20_atr_ts_top70==0)|(reg_atr_change_rate_ts_band20_80==1&reg_atr_change_rate_ts_bot40==1&reg_atr_change_rate_ts_top30==1&reg_atr_compression_ratio_ts_band40_60==0&reg_ema20_gt_ema50_raw==0),*,loc_dist_ema20_atr_ts_top70==0,reg_atr_change_rate_ts_band20_80==1&reg_atr_change_rate_ts_bot40==1&reg_atr_change_rate_ts_top30==1&reg_atr_compression_ratio_ts_band40_60==0&reg_ema20_gt_ema50_raw==0,0.2659820119539897,0.2659820119539897,0.016056272798785687,0.1637292057275772,0.09548148148148149,0.004654697564750673,1.0,1.0,0.525891829689298,1220,,,-0.007847692071276335,-0.015365416295610232,-0.003086398566275921,0.002050678905557767,,0.3333333333333333,,,,0.1849790086528086,,0.08097460720434091,0.1100171689319709,0.30647729443473953,-0.0011939178088620653,7.396541762348992,0.004335296458132863,0.004335296458132863,9.078420864197532e-05,0.2658912277453477,3,1,1,6,6,stage_a_context,,long,6-way,True,,production,,,0.021231994044152103,0.9277037037037037,primary_target,0,ranking,rejected,"{""checks"": {""n_folds"": {""value"": 3, ""threshold"": 3, ""passed"": true}, ""presence_freq"": {""value"": 1.0, ""threshold"": 0.75, ""passed"": true}, ""directional_mean_ret"": {""value"": 0.2659820119539897, ""threshold"": 0.0, ""passed"": true}, ""hurdle_excess"": {""value"": 0.2658912277453477, ""threshold"": 0.0, ""passed"": true}, ""min_support_actual"": {""value"": 1220, ""threshold"": 50, ""passed"": true}, ""is_structurally_sound"": {""value"": false, ""passed"": false}, ""trade_path_quality_score"": {""value"": -0.0011939178088620653, ""threshold"": 0.0, ""passed"": false}}, ""failures"": [""structural_soundness_fail: "", ""trade_path_quality_score=-0.001194 < 0.000000""], ""warnings"": [], ""classification"": ""rejected""}"
(*)|(loc_dist_ema20_atr_ts_top70==0)|(reg_atr_change_rate_ts_band20_80==1&reg_atr_change_rate_ts_top30==1&reg_atr_change_rate_ts_top40==0&reg_atr_change_rate_ts_top50==0&reg_ema20_gt_ema50_raw==0),*,loc_dist_ema20_atr_ts_top70==0,reg_atr_change_rate_ts_band20_80==1&reg_atr_change_rate_ts_top30==1&reg_atr_change_rate_ts_top40==0&reg_atr_change_rate_ts_top50==0&reg_ema20_gt_ema50_raw==0,0.2659820119539897,0.2659820119539897,0.016056272798785687,0.1637292057275772,0.09548148148148149,0.004654697564750673,1.0,1.0,0.525891829689298,1220,,,-0.007847692071276335,-0.015365416295610232,-0.003086398566275921,0.002050678905557767,,0.3333333333333333,,,,0.1849790086528086,,0.08097460720434091,0.1100171689319709,0.30647729443473953,-0.0011939178088620653,7.396541762348992,0.004335296458132863,0.004335296458132863,9.078420864197532e-05,0.2658912277453477,3,1,1,6,6,stage_a_context,,long,6-way,True,,production,,,0.021231994044152103,0.9277037037037037,primary_target,0,ranking,rejected,"{""checks"": {""n_folds"": {""value"": 3, ""threshold"": 3, ""passed"": true}, ""presence_freq"": {""value"": 1.0, ""threshold"": 0.75, ""passed"": true}, ""directional_mean_ret"": {""value"": 0.2659820119539897, ""threshold"": 0.0, ""passed"": true}, ""hurdle_excess"": {""value"": 0.2658912277453477, ""threshold"": 0.0, ""passed"": true}, ""min_support_actual"": {""value"": 1220, ""threshold"": 50, ""passed"": true}, ""is_structurally_sound"": {""value"": false, ""passed"": false}, ""trade_path_quality_score"": {""value"": -0.0011939178088620653, ""threshold"": 0.0, ""passed"": false}}, ""failures"": [""structural_soundness_fail: "", ""trade_path_quality_score=-0.001194 < 0.000000""], ""warnings"": [], ""classification"": ""rejected""}"
(*)|(loc_dist_ema20_atr_ts_top70==0)|(reg_atr_change_rate_ts_band25_75==1&reg_atr_change_rate_ts_top30==1&reg_atr_change_rate_ts_top40==0&reg_ema20_gt_ema50_raw==0),*,loc_dist_ema20_atr_ts_top70==0,reg_atr_change_rate_ts_band25_75==1&reg_atr_change_rate_ts_top30==1&reg_atr_change_rate_ts_top40==0&reg_ema20_gt_ema50_raw==0,0.2659820119539897,0.2659820119539897,0.016056272798785687,0.1637292057275772,0.09548148148148149,0.004654697564750673,1.0,1.0,0.525891829689298,1220,,,-0.007847692071276335,-0.015365416295610232,-0.003086398566275921,0.002050678905557767,,0.3333333333333333,,,,0.1849790086528086,,0.08097460720434091,0.1100171689319709,0.30647729443473953,-0.0011939178088620653,7.396541762348992,0.004335296458132863,0.004335296458132863,9.078420864197532e-05,0.2658912277453477,3,1,1,5,5,stage_a_context,,long,5-way,True,,production,,,0.021231994044152103,0.9277037037037037,primary_target,0,ranking,rejected,"{""checks"": {""n_folds"": {""value"": 3, ""threshold"": 3, ""passed"": true}, ""presence_freq"": {""value"": 1.0, ""threshold"": 0.75, ""passed"": true}, ""directional_mean_ret"": {""value"": 0.2659820119539897, ""threshold"": 0.0, ""passed"": true}, ""hurdle_excess"": {""value"": 0.2658912277453477, ""threshold"": 0.0, ""passed"": true}, ""min_support_actual"": {""value"": 1220, ""threshold"": 50, ""passed"": true}, ""is_structurally_sound"": {""value"": false, ""passed"": false}, ""trade_path_quality_score"": {""value"": -0.0011939178088620653, ""threshold"": 0.0, ""passed"": false}}, ""failures"": [""structural_soundness_fail: "", ""trade_path_quality_score=-0.001194 < 0.000000""], ""warnings"": [], ""classification"": ""rejected""}"
(*)|(loc_dist_ema20_atr_ts_bot70==0&loc_dist_ema20_atr_ts_top30==1)|(reg_atr_change_rate_ts_band20_80==1&reg_atr_change_rate_ts_band25_75==1&reg_atr_change_rate_ts_band40_60==0),*,loc_dist_ema20_atr_ts_bot70==0&loc_dist_ema20_atr_ts_top30==1,reg_atr_change_rate_ts_band20_80==1&reg_atr_change_rate_ts_band25_75==1&reg_atr_change_rate_ts_band40_60==0,0.25827404856681824,0.25827404856681824,0.012334176407940841,0.15679576992988586,0.05177777777777778,0.002087259674608202,1.0,1.0,0.5256257449344458,665,,,-0.013925521404980155,-0.01804271843811316,-0.010984317877481534,-0.008337722608097842,,0.0,0.1439125861560522,3.3270064257905334,1.0,0.040675830184786606,0.08638588377024516,1.5056281295502119,0.20877159964539804,0.3796523636622073,-0.001066814968428404,7.277906978006183,0.00415085793988957,0.00415085793988957,9.482534444444444e-05,0.2581792232223738,3,1,1,5,5,stage_a_context,,long,5-way,True,,production,0.1439125861560522,0.08638588377024516,0.06318578631276872,0.2284444444444444,primary_target,0,ranking,rejected,"{""checks"": {""n_folds"": {""value"": 3, ""threshold"": 3, ""passed"": true}, ""presence_freq"": {""value"": 1.0, ""threshold"": 0.75, ""passed"": true}, ""directional_mean_ret"": {""value"": 0.25827404856681824, ""threshold"": 0.0, ""passed"": true}, ""hurdle_excess"": {""value"": 0.2581792232223738, ""threshold"": 0.0, ""passed"": true}, ""min_support_actual"": {""value"": 665, ""threshold"": 50, ""passed"": true}, ""is_structurally_sound"": {""value"": false, ""passed"": false}, ""trade_path_quality_score"": {""value"": -0.001066814968428404, ""threshold"": 0.0, ""passed"": false}}, ""failures"": [""structural_soundness_fail: "", ""trade_path_quality_score=-0.001067 < 0.000000""], ""warnings"": [], ""classification"": ""rejected""}"
(*)|(loc_dist_ema20_atr_ts_bot70==0)|(reg_atr_change_rate_ts_band20_80==1&reg_atr_change_rate_ts_band25_75==1&reg_atr_change_rate_ts_band40_60==0&reg_atr_change_rate_ts_top40==1),*,loc_dist_ema20_atr_ts_bot70==0,reg_atr_change_rate_ts_band20_80==1&reg_atr_change_rate_ts_band25_75==1&reg_atr_change_rate_ts_band40_60==0&reg_atr_change_rate_ts_top40==1,0.25827404856681824,0.25827404856681824,0.012334176407940841,0.15679576992988586,0.05177777777777778,0.002087259674608202,1.0,1.0,0.5256257449344458,665,,,-0.013925521404980155,-0.01804271843811316,-0.010984317877481534,-0.008337722608097842,,0.0,0.1439125861560522,3.3270064257905334,1.0,0.040675830184786606,0.08638588377024516,1.5056281295502119,0.20877159964539804,0.3796523636622073,-0.001066814968428404,7.277906978006183,0.00415085793988957,0.00415085793988957,9.482534444444444e-05,0.2581792232223738,3,1,1,5,5,stage_a_context,,long,5-way,True,,production,0.1439125861560522,0.08638588377024516,0.06318578631276872,0.2284444444444444,primary_target,0,ranking,rejected,"{""checks"": {""n_folds"": {""value"": 3, ""threshold"": 3, ""passed"": true}, ""presence_freq"": {""value"": 1.0, ""threshold"": 0.75, ""passed"": true}, ""directional_mean_ret"": {""value"": 0.25827404856681824, ""threshold"": 0.0, ""passed"": true}, ""hurdle_excess"": {""value"": 0.2581792232223738, ""threshold"": 0.0, ""passed"": true}, ""min_support_actual"": {""value"": 665, ""threshold"": 50, ""passed"": true}, ""is_structurally_sound"": {""value"": false, ""passed"": false}, ""trade_path_quality_score"": {""value"": -0.001066814968428404, ""threshold"": 0.0, ""passed"": false}}, ""failures"": [""structural_soundness_fail: "", ""trade_path_quality_score=-0.001067 < 0.000000""], ""warnings"": [], ""classification"": ""rejected""}"
(*)|(loc_dist_ema20_atr_ts_bot70==0)|(reg_atr_change_rate_ts_band20_80==1&reg_atr_change_rate_ts_band25_75==1&reg_atr_change_rate_ts_top60==1),*,loc_dist_ema20_atr_ts_bot70==0,reg_atr_change_rate_ts_band20_80==1&reg_atr_change_rate_ts_band25_75==1&reg_atr_change_rate_ts_top60==1,0.25827404856681824,0.25827404856681824,0.012334176407940841,0.15679576992988586,0.05177777777777778,0.002087259674608202,1.0,1.0,0.5256257449344458,665,,,-0.013925521404980155,-0.01804271843811316,-0.010984317877481534,-0.008337722608097842,,0.0,0.1439125861560522,3.3270064257905334,1.0,0.040675830184786606,0.08638588377024516,1.5056281295502119,0.20877159964539804,0.3796523636622073,-0.001066814968428404,7.277906978006183,0.00415085793988957,0.00415085793988957,9.482534444444444e-05,0.2581792232223738,3,1,1,4,4,stage_a_context,,long,4-way,True,,production,0.1439125861560522,0.08638588377024516,0.06318578631276872,0.2284444444444444,primary_target,0,ranking,rejected,"{""checks"": {""n_folds"": {""value"": 3, ""threshold"": 3, ""passed"": true}, ""presence_freq"": {""value"": 1.0, ""threshold"": 0.75, ""passed"": true}, ""directional_mean_ret"": {""value"": 0.25827404856681824, ""threshold"": 0.0, ""passed"": true}, ""hurdle_excess"": {""value"": 0.2581792232223738, ""threshold"": 0.0, ""passed"": true}, ""min_support_actual"": {""value"": 665, ""threshold"": 50, ""passed"": true}, ""is_structurally_sound"": {""value"": false, ""passed"": false}, ""trade_path_quality_score"": {""value"": -0.001066814968428404, ""threshold"": 0.0, ""passed"": false}}, ""failures"": [""structural_soundness_fail: "", ""trade_path_quality_score=-0.001067 < 0.000000""], ""warnings"": [], ""classification"": ""rejected""}"
(*)|(loc_dist_ema20_atr_ts_bot70==1&loc_dist_ema20_atr_ts_top30==1)|(reg_atr_change_rate_ts_band20_80==1&reg_atr_change_rate_ts_band25_75==1&reg_atr_change_rate_ts_band40_60==0&reg_atr_change_rate_ts_top40==1),*,loc_dist_ema20_atr_ts_bot70==1&loc_dist_ema20_atr_ts_top30==1,reg_atr_change_rate_ts_band20_80==1&reg_atr_change_rate_ts_band25_75==1&reg_atr_change_rate_ts_band40_60==0&reg_atr_change_rate_ts_top40==1,0.261012464761734,0.261012464761734,0.011763826953442703,0.16241844991842905,0.10286419753086419,0.0032493301808203903,1.0,1.0,0.5074441687344913,1346,,,-0.017943224959095925,-0.028084768150418923,-0.026595612321671357,-0.01212787544906065,,0.3333333333333333,0.06602356318120123,1.6940974913571796,0.6666666666666666,0.04981191256958681,0.00849686079539417,7.0545883551181845,0.05314830474498692,0.25984331888031126,-0.0005423664197426244,7.385603240781286,0.004042518290250147,0.004042518290250147,9.044099437585735e-05,0.2609220237673581,3,1,1,6,6,stage_a_context,,long,6-way,True,,production,0.06602356318120123,0.00849686079539417,0.030261203466123227,1.0,primary_target,0,ranking,rejected,"{""checks"": {""n_folds"": {""value"": 3, ""threshold"": 3, ""passed"": true}, ""presence_freq"": {""value"": 1.0, ""threshold"": 0.75, ""passed"": true}, ""directional_mean_ret"": {""value"": 0.261012464761734, ""threshold"": 0.0, ""passed"": true}, ""hurdle_excess"": {""value"": 0.2609220237673581, ""threshold"": 0.0, ""passed"": true}, ""min_support_actual"": {""value"": 1346, ""threshold"": 50, ""passed"": true}, ""is_structurally_sound"": {""value"": false, ""passed"": false}, ""trade_path_quality_score"": {""value"": -0.0005423664197426244, ""threshold"": 0.0, ""passed"": false}}, ""failures"": [""structural_soundness_fail: "", ""trade_path_quality_score=-0.000542 < 0.000000""], ""warnings"": [], ""classification"": ""rejected""}"
(*)|(loc_dist_ema20_atr_ts_bot70==1)|(reg_atr_change_rate_ts_band20_80==1&reg_atr_change_rate_ts_band25_75==1&reg_atr_change_rate_ts_band40_60==0&reg_atr_change_rate_ts_top40==1),*,loc_dist_ema20_atr_ts_bot70==1,reg_atr_change_rate_ts_band20_80==1&reg_atr_change_rate_ts_band25_75==1&reg_atr_change_rate_ts_band40_60==0&reg_atr_change_rate_ts_top40==1,0.261012464761734,0.261012464761734,0.011763826953442703,0.16241844991842905,0.10286419753086419,0.0032493301808203903,1.0,1.0,0.5074441687344913,1346,,,-0.017943224959095925,-0.028084768150418923,-0.026595612321671357,-0.01212787544906065,,0.3333333333333333,0.06602356318120123,1.6940974913571796,0.6666666666666666,0.04981191256958681,0.00849686079539417,7.0545883551181845,0.05314830474498692,0.25984331888031126,-0.0005423664197426244,7.385603240781286,0.004042518290250147,0.004042518290250147,9.044099437585735e-05,0.2609220237673581,3,1,1,5,5,stage_a_context,,long,5-way,True,,production,0.06602356318120123,0.00849686079539417,0.030261203466123227,1.0,primary_target,0,ranking,rejected,"{""checks"": {""n_folds"": {""value"": 3, ""threshold"": 3, ""passed"": true}, ""presence_freq"": {""value"": 1.0, ""threshold"": 0.75, ""passed"": true}, ""directional_mean_ret"": {""value"": 0.261012464761734, ""threshold"": 0.0, ""passed"": true}, ""hurdle_excess"": {""value"": 0.2609220237673581, ""threshold"": 0.0, ""passed"": true}, ""min_support_actual"": {""value"": 1346, ""threshold"": 50, ""passed"": true}, ""is_structurally_sound"": {""value"": false, ""passed"": false}, ""trade_path_quality_score"": {""value"": -0.0005423664197426244, ""threshold"": 0.0, ""passed"": false}}, ""failures"": [""structural_soundness_fail: "", ""trade_path_quality_score=-0.000542 < 0.000000""], ""warnings"": [], ""classification"": ""rejected""}"
(*)|(loc_dist_ema20_atr_ts_bot70==1)|(reg_atr_change_rate_ts_band20_80==1&reg_atr_change_rate_ts_band25_75==1&reg_atr_change_rate_ts_top60==1),*,loc_dist_ema20_atr_ts_bot70==1,reg_atr_change_rate_ts_band20_80==1&reg_atr_change_rate_ts_band25_75==1&reg_atr_change_rate_ts_top60==1,0.261012464761734,0.261012464761734,0.011763826953442703,0.16241844991842905,0.10286419753086419,0.0032493301808203903,1.0,1.0,0.5074441687344913,1346,,,-0.017943224959095925,-0.028084768150418923,-0.026595612321671357,-0.01212787544906065,,0.3333333333333333,0.06602356318120123,1.6940974913571796,0.6666666666666666,0.04981191256958681,0.00849686079539417,7.0545883551181845,0.05314830474498692,0.25984331888031126,-0.0005423664197426244,7.385603240781286,0.004042518290250147,0.004042518290250147,9.044099437585735e-05,0.2609220237673581,3,1,1,4,4,stage_a_context,,long,4-way,True,,production,0.06602356318120123,0.00849686079539417,0.030261203466123227,1.0,primary_target,0,ranking,rejected,"{""checks"": {""n_folds"": {""value"": 3, ""threshold"": 3, ""passed"": true}, ""presence_freq"": {""value"": 1.0, ""threshold"": 0.75, ""passed"": true}, ""directional_mean_ret"": {""value"": 0.261012464761734, ""threshold"": 0.0, ""passed"": true}, ""hurdle_excess"": {""value"": 0.2609220237673581, ""threshold"": 0.0, ""passed"": true}, ""min_support_actual"": {""value"": 1346, ""threshold"": 50, ""passed"": true}, ""is_structurally_sound"": {""value"": false, ""passed"": false}, ""trade_path_quality_score"": {""value"": -0.0005423664197426244, ""threshold"": 0.0, ""passed"": false}}, ""failures"": [""structural_soundness_fail: "", ""trade_path_quality_score=-0.000542 < 0.000000""], ""warnings"": [], ""classification"": ""rejected""}"
(*)|(loc_dist_ema20_atr_ts_top30==1)|(reg_atr_change_rate_ts_band20_80==1&reg_atr_change_rate_ts_band25_75==1&reg_atr_change_rate_ts_band40_60==0&reg_atr_change_rate_ts_top40==1&reg_ema20_gt_ema50_raw==0),*,loc_dist_ema20_atr_ts_top30==1,reg_atr_change_rate_ts_band20_80==1&reg_atr_change_rate_ts_band25_75==1&reg_atr_change_rate_ts_band40_60==0&reg_atr_change_rate_ts_top40==1&reg_ema20_gt_ema50_raw==0,0.24786429107189178,0.24786429107189178,0.008112855646993003,0.1567852795124054,0.0931604938271605,0.009022115455455636,1.0,1.0,0.5283783783783784,1094,,,-0.03993276133553877,-0.043361992690222055,-0.04209793906173251,-0.037586118843952354,,0.0,0.09280117126345677,4.740471235380279,1.0,0.004172297810986666,0.03527446887764971,1.4481030433157498,0.3225831160816523,0.2565937113637584,-0.000538308632400381,7.248206041162623,0.003990909589135778,0.003990909589135778,9.091237873799726e-05,0.2477733786931538,3,1,1,6,6,stage_a_context,,long,6-way,True,,production,0.09280117126345677,0.03527446887764971,0.06435325615838512,0.890567901234568,primary_target,0,ranking,rejected,"{""checks"": {""n_folds"": {""value"": 3, ""threshold"": 3, ""passed"": true}, ""presence_freq"": {""value"": 1.0, ""threshold"": 0.75, ""passed"": true}, ""directional_mean_ret"": {""value"": 0.24786429107189178, ""threshold"": 0.0, ""passed"": true}, ""hurdle_excess"": {""value"": 0.2477733786931538, ""threshold"": 0.0, ""passed"": true}, ""min_support_actual"": {""value"": 1094, ""threshold"": 50, ""passed"": true}, ""is_structurally_sound"": {""value"": false, ""passed"": false}, ""trade_path_quality_score"": {""value"": -0.000538308632400381, ""threshold"": 0.0, ""passed"": false}}, ""failures"": [""structural_soundness_fail: "", ""trade_path_quality_score=-0.000538 < 0.000000""], ""warnings"": [], ""classification"": ""rejected""}"
(*)|(*)|(reg_atr_change_rate_ts_band20_80==1&reg_atr_change_rate_ts_band25_75==1&reg_atr_change_rate_ts_band40_60==1&reg_atr_change_rate_ts_top50==0&reg_atr_change_rate_ts_top70==0&reg_ema50_gt_ema200_raw==0),*,*,reg_atr_change_rate_ts_band20_80==1&reg_atr_change_rate_ts_band25_75==1&reg_atr_change_rate_ts_band40_60==1&reg_atr_change_rate_ts_top50==0&reg_atr_change_rate_ts_top70==0&reg_ema50_gt_ema200_raw==0,0.26117534438769024,0.26117534438769024,0.010415228428415862,0.16161524256070456,0.09437037037037037,0.004265963590906421,1.0,1.0,0.5093240093240093,1209,,,-0.016687388858229898,-0.018445804543865265,-0.01637684420522216,-0.014773700846090664,,0.0,,,,0.048361415212052256,,0.19739696312364424,0.10094781953290968,0.23247175950393412,-0.0011698707716603358,7.228386401839704,0.0038108126333148977,0.0038108126333148977,9.084435679012346e-05,0.2610845000309001,3,1,1,6,6,stage_a_context,,long,6-way,True,,production,,,0.03399156055105205,0.9099259259259258,primary_target,0,ranking,rejected,"{""checks"": {""n_folds"": {""value"": 3, ""threshold"": 3, ""passed"": true}, ""presence_freq"": {""value"": 1.0, ""threshold"": 0.75, ""passed"": true}, ""directional_mean_ret"": {""value"": 0.26117534438769024, ""threshold"": 0.0, ""passed"": true}, ""hurdle_excess"": {""value"": 0.2610845000309001, ""threshold"": 0.0, ""passed"": true}, ""min_support_actual"": {""value"": 1209, ""threshold"": 50, ""passed"": true}, ""is_structurally_sound"": {""value"": false, ""passed"": false}, ""trade_path_quality_score"": {""value"": -0.0011698707716603358, ""threshold"": 0.0, ""passed"": false}}, ""failures"": [""structural_soundness_fail: "", ""trade_path_quality_score=-0.001170 < 0.000000""], ""warnings"": [], ""classification"": ""rejected""}"
(*)|(*)|(reg_atr_change_rate_ts_band20_80==1&reg_atr_change_rate_ts_band25_75==1&reg_atr_change_rate_ts_top40==1&reg_atr_change_rate_ts_top50==0&reg_atr_change_rate_ts_top70==0&reg_ema20_gt_ema50_raw==0),*,*,reg_atr_change_rate_ts_band20_80==1&reg_atr_change_rate_ts_band25_75==1&reg_atr_change_rate_ts_top40==1&reg_atr_change_rate_ts_top50==0&reg_atr_change_rate_ts_top70==0&reg_ema20_gt_ema50_raw==0,0.26117534438769024,0.26117534438769024,0.010415228428415862,0.16161524256070456,0.09437037037037037,0.004265963590906421,1.0,1.0,0.5093240093240093,1209,,,-0.016687388858229898,-0.018445804543865265,-0.01637684420522216,-0.014773700846090664,,0.0,,,,0.048361415212052256,,0.19739696312364424,0.10094781953290968,0.23247175950393412,-0.0011698707716603358,7.228386401839704,0.0038108126333148977,0.0038108126333148977,9.084435679012346e-05,0.2610845000309001,3,1,1,6,6,stage_a_context,,long,6-way,True,,production,,,0.03399156055105205,0.9099259259259258,primary_target,0,ranking,rejected,"{""checks"": {""n_folds"": {""value"": 3, ""threshold"": 3, ""passed"": true}, ""presence_freq"": {""value"": 1.0, ""threshold"": 0.75, ""passed"": true}, ""directional_mean_ret"": {""value"": 0.26117534438769024, ""threshold"": 0.0, ""passed"": true}, ""hurdle_excess"": {""value"": 0.2610845000309001, ""threshold"": 0.0, ""passed"": true}, ""min_support_actual"": {""value"": 1209, ""threshold"": 50, ""passed"": true}, ""is_structurally_sound"": {""value"": false, ""passed"": false}, ""trade_path_quality_score"": {""value"": -0.0011698707716603358, ""threshold"": 0.0, ""passed"": false}}, ""failures"": [""structural_soundness_fail: "", ""trade_path_quality_score=-0.001170 < 0.000000""], ""warnings"": [], ""classification"": ""rejected""}"
(*)|(*)|(reg_atr_change_rate_ts_band20_80==1&reg_atr_change_rate_ts_band30_70==1&reg_atr_change_rate_ts_bot50==1&reg_atr_change_rate_ts_top40==1),*,*,reg_atr_change_rate_ts_band20_80==1&reg_atr_change_rate_ts_band30_70==1&reg_atr_change_rate_ts_bot50==1&reg_atr_change_rate_ts_top40==1,0.26117534438769024,0.26117534438769024,0.010415228428415862,0.16161524256070456,0.09437037037037037,0.004265963590906421,1.0,1.0,0.5093240093240093,1209,,,-0.016687388858229898,-0.018445804543865265,-0.01637684420522216,-0.014773700846090664,,0.0,,,,0.048361415212052256,,0.19739696312364424,0.10094781953290968,0.23247175950393412,-0.0011698707716603358,7.228386401839704,0.0038108126333148977,0.0038108126333148977,9.084435679012346e-05,0.2610845000309001,3,1,1,4,4,stage_a_context,,long,4-way,True,,production,,,0.03399156055105205,0.9099259259259258,primary_target,0,ranking,rejected,"{""checks"": {""n_folds"": {""value"": 3, ""threshold"": 3, ""passed"": true}, ""presence_freq"": {""value"": 1.0, ""threshold"": 0.75, ""passed"": true}, ""directional_mean_ret"": {""value"": 0.26117534438769024, ""threshold"": 0.0, ""passed"": true}, ""hurdle_excess"": {""value"": 0.2610845000309001, ""threshold"": 0.0, ""passed"": true}, ""min_support_actual"": {""value"": 1209, ""threshold"": 50, ""passed"": true}, ""is_structurally_sound"": {""value"": false, ""passed"": false}, ""trade_path_quality_score"": {""value"": -0.0011698707716603358, ""threshold"": 0.0, ""passed"": false}}, ""failures"": [""structural_soundness_fail: "", ""trade_path_quality_score=-0.001170 < 0.000000""], ""warnings"": [], ""classification"": ""rejected""}"
(*)|(*)|(reg_atr_change_rate_ts_band20_80==1&reg_atr_change_rate_ts_band40_60==1&reg_atr_change_rate_ts_bot50==1&reg_atr_change_rate_ts_bot70==1&reg_ema50_gt_ema200_raw==0),*,*,reg_atr_change_rate_ts_band20_80==1&reg_atr_change_rate_ts_band40_60==1&reg_atr_change_rate_ts_bot50==1&reg_atr_change_rate_ts_bot70==1&reg_ema50_gt_ema200_raw==0,0.26117534438769024,0.26117534438769024,0.010415228428415862,0.16161524256070456,0.09437037037037037,0.004265963590906421,1.0,1.0,0.5093240093240093,1209,,,-0.016687388858229898,-0.018445804543865265,-0.01637684420522216,-0.014773700846090664,,0.0,,,,0.048361415212052256,,0.19739696312364424,0.10094781953290968,0.23247175950393412,-0.0011698707716603358,7.228386401839704,0.0038108126333148977,0.0038108126333148977,9.084435679012346e-05,0.2610845000309001,3,1,1,5,5,stage_a_context,,long,5-way,True,,production,,,0.03399156055105205,0.9099259259259258,primary_target,0,ranking,rejected,"{""checks"": {""n_folds"": {""value"": 3, ""threshold"": 3, ""passed"": true}, ""presence_freq"": {""value"": 1.0, ""threshold"": 0.75, ""passed"": true}, ""directional_mean_ret"": {""value"": 0.26117534438769024, ""threshold"": 0.0, ""passed"": true}, ""hurdle_excess"": {""value"": 0.2610845000309001, ""threshold"": 0.0, ""passed"": true}, ""min_support_actual"": {""value"": 1209, ""threshold"": 50, ""passed"": true}, ""is_structurally_sound"": {""value"": false, ""passed"": false}, ""trade_path_quality_score"": {""value"": -0.0011698707716603358, ""threshold"": 0.0, ""passed"": false}}, ""failures"": [""structural_soundness_fail: "", ""trade_path_quality_score=-0.001170 < 0.000000""], ""warnings"": [], ""classification"": ""rejected""}"
(*)|(*)|(reg_atr_change_rate_ts_band20_80==1&reg_atr_change_rate_ts_band40_60==1&reg_atr_change_rate_ts_bot50==1),*,*,reg_atr_change_rate_ts_band20_80==1&reg_atr_change_rate_ts_band40_60==1&reg_atr_change_rate_ts_bot50==1,0.26117534438769024,0.26117534438769024,0.010415228428415862,0.16161524256070456,0.09437037037037037,0.004265963590906421,1.0,1.0,0.5093240093240093,1209,,,-0.016687388858229898,-0.018445804543865265,-0.01637684420522216,-0.014773700846090664,,0.0,,,,0.048361415212052256,,0.19739696312364424,0.10094781953290968,0.23247175950393412,-0.0011698707716603358,7.228386401839704,0.0038108126333148977,0.0038108126333148977,7.065672194787379e-05,0.26110468766574235,3,3,3,3,3,stage_a_context,,long,3-way,True,,production,,,0.03399156055105205,0.9099259259259258,primary_target,0,ranking,rejected,"{""checks"": {""n_folds"": {""value"": 3, ""threshold"": 3, ""passed"": true}, ""presence_freq"": {""value"": 1.0, ""threshold"": 0.75, ""passed"": true}, ""directional_mean_ret"": {""value"": 0.26117534438769024, ""threshold"": 0.0, ""passed"": true}, ""hurdle_excess"": {""value"": 0.26110468766574235, ""threshold"": 0.0, ""passed"": true}, ""min_support_actual"": {""value"": 1209, ""threshold"": 50, ""passed"": true}, ""is_structurally_sound"": {""value"": false, ""passed"": false}, ""trade_path_quality_score"": {""value"": -0.0011698707716603358, ""threshold"": 0.0, ""passed"": false}}, ""failures"": [""structural_soundness_fail: "", ""trade_path_quality_score=-0.001170 < 0.000000""], ""warnings"": [], ""classification"": ""rejected""}"
(*)|(*)|(reg_atr_change_rate_ts_band20_80==1&reg_atr_change_rate_ts_band40_60==1&reg_atr_change_rate_ts_top50==0),*,*,reg_atr_change_rate_ts_band20_80==1&reg_atr_change_rate_ts_band40_60==1&reg_atr_change_rate_ts_top50==0,0.26117534438769024,0.26117534438769024,0.010415228428415862,0.16161524256070456,0.09437037037037037,0.004265963590906421,1.0,1.0,0.5093240093240093,1209,,,-0.016687388858229898,-0.018445804543865265,-0.01637684420522216,-0.014773700846090664,,0.0,,,,0.048361415212052256,,0.19739696312364424,0.10094781953290968,0.23247175950393412,-0.0011698707716603358,7.228386401839704,0.0038108126333148977,0.0038108126333148977,7.065672194787379e-05,0.26110468766574235,3,4,4,3,3,stage_a_context,,long,3-way,True,,production,,,0.03399156055105205,0.9099259259259258,primary_target,0,ranking,rejected,"{""checks"": {""n_folds"": {""value"": 3, ""threshold"": 3, ""passed"": true}, ""presence_freq"": {""value"": 1.0, ""threshold"": 0.75, ""passed"": true}, ""directional_mean_ret"": {""value"": 0.26117534438769024, ""threshold"": 0.0, ""passed"": true}, ""hurdle_excess"": {""value"": 0.26110468766574235, ""threshold"": 0.0, ""passed"": true}, ""min_support_actual"": {""value"": 1209, ""threshold"": 50, ""passed"": true}, ""is_structurally_sound"": {""value"": false, ""passed"": false}, ""trade_path_quality_score"": {""value"": -0.0011698707716603358, ""threshold"": 0.0, ""passed"": false}}, ""failures"": [""structural_soundness_fail: "", ""trade_path_quality_score=-0.001170 < 0.000000""], ""warnings"": [], ""classification"": ""rejected""}"
(*)|(*)|(reg_atr_change_rate_ts_band20_80==1&reg_atr_change_rate_ts_band40_60==1&reg_atr_compression_ratio_ts_top50==0),*,*,reg_atr_change_rate_ts_band20_80==1&reg_atr_change_rate_ts_band40_60==1&reg_atr_compression_ratio_ts_top50==0,0.26117534438769024,0.26117534438769024,0.010415228428415862,0.16161524256070456,0.09437037037037037,0.004265963590906421,1.0,1.0,0.5093240093240093,1209,,,-0.016687388858229898,-0.018445804543865265,-0.01637684420522216,-0.014773700846090664,,0.0,,,,0.048361415212052256,,0.19739696312364424,0.10094781953290968,0.23247175950393412,-0.0011698707716603358,7.228386401839704,0.0038108126333148977,0.0038108126333148977,7.065672194787379e-05,0.26110468766574235,3,1,1,3,3,stage_a_context,,long,3-way,True,,production,,,0.03399156055105205,0.9099259259259258,primary_target,0,ranking,rejected,"{""checks"": {""n_folds"": {""value"": 3, ""threshold"": 3, ""passed"": true}, ""presence_freq"": {""value"": 1.0, ""threshold"": 0.75, ""passed"": true}, ""directional_mean_ret"": {""value"": 0.26117534438769024, ""threshold"": 0.0, ""passed"": true}, ""hurdle_excess"": {""value"": 0.26110468766574235, ""threshold"": 0.0, ""passed"": true}, ""min_support_actual"": {""value"": 1209, ""threshold"": 50, ""passed"": true}, ""is_structurally_sound"": {""value"": false, ""passed"": false}, ""trade_path_quality_score"": {""value"": -0.0011698707716603358, ""threshold"": 0.0, ""passed"": false}}, ""failures"": [""structural_soundness_fail: "", ""trade_path_quality_score=-0.001170 < 0.000000""], ""warnings"": [], ""classification"": ""rejected""}"
(*)|(*)|(reg_atr_change_rate_ts_band20_80==1&reg_atr_change_rate_ts_top30==1&reg_atr_change_rate_ts_top40==1&reg_atr_change_rate_ts_top50==0&reg_atr_change_rate_ts_top70==0&reg_ema20_gt_ema50_raw==0),*,*,reg_atr_change_rate_ts_band20_80==1&reg_atr_change_rate_ts_top30==1&reg_atr_change_rate_ts_top40==1&reg_atr_change_rate_ts_top50==0&reg_atr_change_rate_ts_top70==0&reg_ema20_gt_ema50_raw==0,0.26117534438769024,0.26117534438769024,0.010415228428415862,0.16161524256070456,0.09437037037037037,0.004265963590906421,1.0,1.0,0.5093240093240093,1209,,,-0.016687388858229898,-0.018445804543865265,-0.01637684420522216,-0.014773700846090664,,0.0,,,,0.048361415212052256,,0.19739696312364424,0.10094781953290968,0.23247175950393412,-0.0011698707716603358,7.228386401839704,0.0038108126333148977,0.0038108126333148977,9.084435679012346e-05,0.2610845000309001,3,1,1,6,6,stage_a_context,,long,6-way,True,,production,,,0.03399156055105205,0.9099259259259258,primary_target,0,ranking,rejected,"{""checks"": {""n_folds"": {""value"": 3, ""threshold"": 3, ""passed"": true}, ""presence_freq"": {""value"": 1.0, ""threshold"": 0.75, ""passed"": true}, ""directional_mean_ret"": {""value"": 0.26117534438769024, ""threshold"": 0.0, ""passed"": true}, ""hurdle_excess"": {""value"": 0.2610845000309001, ""threshold"": 0.0, ""passed"": true}, ""min_support_actual"": {""value"": 1209, ""threshold"": 50, ""passed"": true}, ""is_structurally_sound"": {""value"": false, ""passed"": false}, ""trade_path_quality_score"": {""value"": -0.0011698707716603358, ""threshold"": 0.0, ""passed"": false}}, ""failures"": [""structural_soundness_fail: "", ""trade_path_quality_score=-0.001170 < 0.000000""], ""warnings"": [], ""classification"": ""rejected""}"
(*)|(*)|(reg_atr_change_rate_ts_band25_75==1&reg_atr_change_rate_ts_band40_60==1&reg_atr_change_rate_ts_top50==0),*,*,reg_atr_change_rate_ts_band25_75==1&reg_atr_change_rate_ts_band40_60==1&reg_atr_change_rate_ts_top50==0,0.26117534438769024,0.26117534438769024,0.010415228428415862,0.16161524256070456,0.09437037037037037,0.004265963590906421,1.0,1.0,0.5093240093240093,1209,,,-0.016687388858229898,-0.018445804543865265,-0.01637684420522216,-0.014773700846090664,,0.0,,,,0.048361415212052256,,0.19739696312364424,0.10094781953290968,0.23247175950393412,-0.0011698707716603358,7.228386401839704,0.0038108126333148977,0.0038108126333148977,7.065672194787379e-05,0.26110468766574235,3,1,1,3,3,stage_a_context,,long,3-way,True,,production,,,0.03399156055105205,0.9099259259259258,primary_target,0,ranking,rejected,"{""checks"": {""n_folds"": {""value"": 3, ""threshold"": 3, ""passed"": true}, ""presence_freq"": {""value"": 1.0, ""threshold"": 0.75, ""passed"": true}, ""directional_mean_ret"": {""value"": 0.26117534438769024, ""threshold"": 0.0, ""passed"": true}, ""hurdle_excess"": {""value"": 0.26110468766574235, ""threshold"": 0.0, ""passed"": true}, ""min_support_actual"": {""value"": 1209, ""threshold"": 50, ""passed"": true}, ""is_structurally_sound"": {""value"": false, ""passed"": false}, ""trade_path_quality_score"": {""value"": -0.0011698707716603358, ""threshold"": 0.0, ""passed"": false}}, ""failures"": [""structural_soundness_fail: "", ""trade_path_quality_score=-0.001170 < 0.000000""], ""warnings"": [], ""classification"": ""rejected""}"
(*)|(*)|(reg_atr_change_rate_ts_band25_75==1&reg_atr_change_rate_ts_top40==1&reg_atr_change_rate_ts_top50==0&reg_atr_change_rate_ts_top80==0&reg_ema50_gt_ema200_raw==0),*,*,reg_atr_change_rate_ts_band25_75==1&reg_atr_change_rate_ts_top40==1&reg_atr_change_rate_ts_top50==0&reg_atr_change_rate_ts_top80==0&reg_ema50_gt_ema200_raw==0,0.26117534438769024,0.26117534438769024,0.010415228428415862,0.16161524256070456,0.09437037037037037,0.004265963590906421,1.0,1.0,0.5093240093240093,1209,,,-0.016687388858229898,-0.018445804543865265,-0.01637684420522216,-0.014773700846090664,,0.0,,,,0.048361415212052256,,0.19739696312364424,0.10094781953290968,0.23247175950393412,-0.0011698707716603358,7.228386401839704,0.0038108126333148977,0.0038108126333148977,9.084435679012346e-05,0.2610845000309001,3,1,1,5,5,stage_a_context,,long,5-way,True,,production,,,0.03399156055105205,0.9099259259259258,primary_target,0,ranking,rejected,"{""checks"": {""n_folds"": {""value"": 3, ""threshold"": 3, ""passed"": true}, ""presence_freq"": {""value"": 1.0, ""threshold"": 0.75, ""passed"": true}, ""directional_mean_ret"": {""value"": 0.26117534438769024, ""threshold"": 0.0, ""passed"": true}, ""hurdle_excess"": {""value"": 0.2610845000309001, ""threshold"": 0.0, ""passed"": true}, ""min_support_actual"": {""value"": 1209, ""threshold"": 50, ""passed"": true}, ""is_structurally_sound"": {""value"": false, ""passed"": false}, ""trade_path_quality_score"": {""value"": -0.0011698707716603358, ""threshold"": 0.0, ""passed"": false}}, ""failures"": [""structural_soundness_fail: "", ""trade_path_quality_score=-0.001170 < 0.000000""], ""warnings"": [], ""classification"": ""rejected""}"
(*)|(loc_dist_ema20_atr_ts_band20_80==1&loc_dist_ema20_atr_ts_band30_70==1&loc_dist_ema20_atr_ts_top50==0)|(reg_atr_change_rate_ts_top40==1&reg_ema20_gt_ema50_raw==0),*,loc_dist_ema20_atr_ts_band20_80==1&loc_dist_ema20_atr_ts_band30_70==1&loc_dist_ema20_atr_ts_top50==0,reg_atr_change_rate_ts_top40==1&reg_ema20_gt_ema50_raw==0,0.26117534438769024,0.26117534438769024,0.010415228428415862,0.16161524256070456,0.09437037037037037,0.004265963590906421,1.0,1.0,0.5093240093240093,1209,,,-0.016687388858229898,-0.018445804543865265,-0.01637684420522216,-0.014773700846090664,,0.0,,,,0.048361415212052256,,0.19739696312364424,0.10094781953290968,0.23247175950393412,-0.0011698707716603358,7.228386401839704,0.0038108126333148977,0.0038108126333148977,9.084435679012346e-05,0.2610845000309001,3,1,1,5,5,stage_a_context,,long,5-way,True,,production,,,0.03399156055105205,0.9099259259259258,primary_target,0,ranking,rejected,"{""checks"": {""n_folds"": {""value"": 3, ""threshold"": 3, ""passed"": true}, ""presence_freq"": {""value"": 1.0, ""threshold"": 0.75, ""passed"": true}, ""directional_mean_ret"": {""value"": 0.26117534438769024, ""threshold"": 0.0, ""passed"": true}, ""hurdle_excess"": {""value"": 0.2610845000309001, ""threshold"": 0.0, ""passed"": true}, ""min_support_actual"": {""value"": 1209, ""threshold"": 50, ""passed"": true}, ""is_structurally_sound"": {""value"": false, ""passed"": false}, ""trade_path_quality_score"": {""value"": -0.0011698707716603358, ""threshold"": 0.0, ""passed"": false}}, ""failures"": [""structural_soundness_fail: "", ""trade_path_quality_score=-0.001170 < 0.000000""], ""warnings"": [], ""classification"": ""rejected""}"
(*)|(loc_dist_ema20_atr_ts_band20_80==1&loc_dist_ema20_atr_ts_top40==1)|(reg_atr_change_rate_ts_top30==1&reg_atr_change_rate_ts_top50==0&reg_atr_change_rate_ts_top70==0&reg_ema50_gt_ema200_raw==0),*,loc_dist_ema20_atr_ts_band20_80==1&loc_dist_ema20_atr_ts_top40==1,reg_atr_change_rate_ts_top30==1&reg_atr_change_rate_ts_top50==0&reg_atr_change_rate_ts_top70==0&reg_ema50_gt_ema200_raw==0,0.26117534438769024,0.26117534438769024,0.010415228428415862,0.16161524256070456,0.09437037037037037,0.004265963590906421,1.0,1.0,0.5093240093240093,1209,,,-0.016687388858229898,-0.018445804543865265,-0.01637684420522216,-0.014773700846090664,,0.0,,,,0.048361415212052256,,0.19739696312364424,0.10094781953290968,0.23247175950393412,-0.0011698707716603358,7.228386401839704,0.0038108126333148977,0.0038108126333148977,9.084435679012346e-05,0.2610845000309001,3,1,1,6,6,stage_a_context,,long,6-way,True,,production,,,0.03399156055105205,0.9099259259259258,primary_target,0,ranking,rejected,"{""checks"": {""n_folds"": {""value"": 3, ""threshold"": 3, ""passed"": true}, ""presence_freq"": {""value"": 1.0, ""threshold"": 0.75, ""passed"": true}, ""directional_mean_ret"": {""value"": 0.26117534438769024, ""threshold"": 0.0, ""passed"": true}, ""hurdle_excess"": {""value"": 0.2610845000309001, ""threshold"": 0.0, ""passed"": true}, ""min_support_actual"": {""value"": 1209, ""threshold"": 50, ""passed"": true}, ""is_structurally_sound"": {""value"": false, ""passed"": false}, ""trade_path_quality_score"": {""value"": -0.0011698707716603358, ""threshold"": 0.0, ""passed"": false}}, ""failures"": [""structural_soundness_fail: "", ""trade_path_quality_score=-0.001170 < 0.000000""], ""warnings"": [], ""classification"": ""rejected""}"
(*)|(loc_dist_ema20_atr_ts_band20_80==1&loc_dist_ema20_atr_ts_top50==0)|(reg_atr_change_rate_ts_band40_60==1),*,loc_dist_ema20_atr_ts_band20_80==1&loc_dist_ema20_atr_ts_top50==0,reg_atr_change_rate_ts_band40_60==1,0.26117534438769024,0.26117534438769024,0.010415228428415862,0.16161524256070456,0.09437037037037037,0.004265963590906421,1.0,1.0,0.5093240093240093,1209,,,-0.016687388858229898,-0.018445804543865265,-0.01637684420522216,-0.014773700846090664,,0.0,,,,0.048361415212052256,,0.19739696312364424,0.10094781953290968,0.23247175950393412,-0.0011698707716603358,7.228386401839704,0.0038108126333148977,0.0038108126333148977,7.065672194787379e-05,0.26110468766574235,3,1,1,3,3,stage_a_context,,long,3-way,True,,production,,,0.03399156055105205,0.9099259259259258,primary_target,0,ranking,rejected,"{""checks"": {""n_folds"": {""value"": 3, ""threshold"": 3, ""passed"": true}, ""presence_freq"": {""value"": 1.0, ""threshold"": 0.75, ""passed"": true}, ""directional_mean_ret"": {""value"": 0.26117534438769024, ""threshold"": 0.0, ""passed"": true}, ""hurdle_excess"": {""value"": 0.26110468766574235, ""threshold"": 0.0, ""passed"": true}, ""min_support_actual"": {""value"": 1209, ""threshold"": 50, ""passed"": true}, ""is_structurally_sound"": {""value"": false, ""passed"": false}, ""trade_path_quality_score"": {""value"": -0.0011698707716603358, ""threshold"": 0.0, ""passed"": false}}, ""failures"": [""structural_soundness_fail: "", ""trade_path_quality_score=-0.001170 < 0.000000""], ""warnings"": [], ""classification"": ""rejected""}"
(*)|(loc_dist_ema20_atr_ts_band20_80==1&loc_dist_ema20_atr_ts_top50==0)|(reg_atr_change_rate_ts_top30==1&reg_atr_change_rate_ts_top40==1&reg_atr_compression_ratio_ts_top70==0&reg_ema20_gt_ema50_raw==0),*,loc_dist_ema20_atr_ts_band20_80==1&loc_dist_ema20_atr_ts_top50==0,reg_atr_change_rate_ts_top30==1&reg_atr_change_rate_ts_top40==1&reg_atr_compression_ratio_ts_top70==0&reg_ema20_gt_ema50_raw==0,0.26117534438769024,0.26117534438769024,0.010415228428415862,0.16161524256070456,0.09437037037037037,0.004265963590906421,1.0,1.0,0.5093240093240093,1209,,,-0.016687388858229898,-0.018445804543865265,-0.01637684420522216,-0.014773700846090664,,0.0,,,,0.048361415212052256,,0.19739696312364424,0.10094781953290968,0.23247175950393412,-0.0011698707716603358,7.228386401839704,0.0038108126333148977,0.0038108126333148977,9.084435679012346e-05,0.2610845000309001,3,1,1,6,6,stage_a_context,,long,6-way,True,,production,,,0.03399156055105205,0.9099259259259258,primary_target,0,ranking,rejected,"{""checks"": {""n_folds"": {""value"": 3, ""threshold"": 3, ""passed"": true}, ""presence_freq"": {""value"": 1.0, ""threshold"": 0.75, ""passed"": true}, ""directional_mean_ret"": {""value"": 0.26117534438769024, ""threshold"": 0.0, ""passed"": true}, ""hurdle_excess"": {""value"": 0.2610845000309001, ""threshold"": 0.0, ""passed"": true}, ""min_support_actual"": {""value"": 1209, ""threshold"": 50, ""passed"": true}, ""is_structurally_sound"": {""value"": false, ""passed"": false}, ""trade_path_quality_score"": {""value"": -0.0011698707716603358, ""threshold"": 0.0, ""passed"": false}}, ""failures"": [""structural_soundness_fail: "", ""trade_path_quality_score=-0.001170 < 0.000000""], ""warnings"": [], ""classification"": ""rejected""}"
(*)|(loc_dist_ema20_atr_ts_band20_80==1&loc_dist_ema20_atr_ts_top70==0)|(reg_atr_change_rate_ts_top40==1&reg_atr_change_rate_ts_top50==0&reg_ema50_gt_ema200_raw==0),*,loc_dist_ema20_atr_ts_band20_80==1&loc_dist_ema20_atr_ts_top70==0,reg_atr_change_rate_ts_top40==1&reg_atr_change_rate_ts_top50==0&reg_ema50_gt_ema200_raw==0,0.26117534438769024,0.26117534438769024,0.010415228428415862,0.16161524256070456,0.09437037037037037,0.004265963590906421,1.0,1.0,0.5093240093240093,1209,,,-0.016687388858229898,-0.018445804543865265,-0.01637684420522216,-0.014773700846090664,,0.0,,,,0.048361415212052256,,0.19739696312364424,0.10094781953290968,0.23247175950393412,-0.0011698707716603358,7.228386401839704,0.0038108126333148977,0.0038108126333148977,9.084435679012346e-05,0.2610845000309001,3,2,2,5,5,stage_a_context,,long,5-way,True,,production,,,0.03399156055105205,0.9099259259259258,primary_target,0,ranking,rejected,"{""checks"": {""n_folds"": {""value"": 3, ""threshold"": 3, ""passed"": true}, ""presence_freq"": {""value"": 1.0, ""threshold"": 0.75, ""passed"": true}, ""directional_mean_ret"": {""value"": 0.26117534438769024, ""threshold"": 0.0, ""passed"": true}, ""hurdle_excess"": {""value"": 0.2610845000309001, ""threshold"": 0.0, ""passed"": true}, ""min_support_actual"": {""value"": 1209, ""threshold"": 50, ""passed"": true}, ""is_structurally_sound"": {""value"": false, ""passed"": false}, ""trade_path_quality_score"": {""value"": -0.0011698707716603358, ""threshold"": 0.0, ""passed"": false}}, ""failures"": [""structural_soundness_fail: "", ""trade_path_quality_score=-0.001170 < 0.000000""], ""warnings"": [], ""classification"": ""rejected""}"
(*)|(loc_dist_ema20_atr_ts_band20_80==1)|(reg_atr_change_rate_ts_band40_60==1&reg_atr_change_rate_ts_top50==0),*,loc_dist_ema20_atr_ts_band20_80==1,reg_atr_change_rate_ts_band40_60==1&reg_atr_change_rate_ts_top50==0,0.26117534438769024,0.26117534438769024,0.010415228428415862,0.16161524256070456,0.09437037037037037,0.004265963590906421,1.0,1.0,0.5093240093240093,1209,,,-0.016687388858229898,-0.018445804543865265,-0.01637684420522216,-0.014773700846090664,,0.0,,,,0.048361415212052256,,0.19739696312364424,0.10094781953290968,0.23247175950393412,-0.0011698707716603358,7.228386401839704,0.0038108126333148977,0.0038108126333148977,7.065672194787379e-05,0.26110468766574235,3,1,1,3,3,stage_a_context,,long,3-way,True,,production,,,0.03399156055105205,0.9099259259259258,primary_target,0,ranking,rejected,"{""checks"": {""n_folds"": {""value"": 3, ""threshold"": 3, ""passed"": true}, ""presence_freq"": {""value"": 1.0, ""threshold"": 0.75, ""passed"": true}, ""directional_mean_ret"": {""value"": 0.26117534438769024, ""threshold"": 0.0, ""passed"": true}, ""hurdle_excess"": {""value"": 0.26110468766574235, ""threshold"": 0.0, ""passed"": true}, ""min_support_actual"": {""value"": 1209, ""threshold"": 50, ""passed"": true}, ""is_structurally_sound"": {""value"": false, ""passed"": false}, ""trade_path_quality_score"": {""value"": -0.0011698707716603358, ""threshold"": 0.0, ""passed"": false}}, ""failures"": [""structural_soundness_fail: "", ""trade_path_quality_score=-0.001170 < 0.000000""], ""warnings"": [], ""classification"": ""rejected""}"
(*)|(loc_dist_ema20_atr_ts_band20_80==1)|(reg_atr_change_rate_ts_bot30==0&reg_atr_change_rate_ts_bot70==1&reg_atr_change_rate_ts_top40==1&reg_atr_change_rate_ts_top50==0&reg_ema20_gt_ema50_raw==0),*,loc_dist_ema20_atr_ts_band20_80==1,reg_atr_change_rate_ts_bot30==0&reg_atr_change_rate_ts_bot70==1&reg_atr_change_rate_ts_top40==1&reg_atr_change_rate_ts_top50==0&reg_ema20_gt_ema50_raw==0,0.26117534438769024,0.26117534438769024,0.010415228428415862,0.16161524256070456,0.09437037037037037,0.004265963590906421,1.0,1.0,0.5093240093240093,1209,,,-0.016687388858229898,-0.018445804543865265,-0.01637684420522216,-0.014773700846090664,,0.0,,,,0.048361415212052256,,0.19739696312364424,0.10094781953290968,0.23247175950393412,-0.0011698707716603358,7.228386401839704,0.0038108126333148977,0.0038108126333148977,9.084435679012346e-05,0.2610845000309001,3,1,1,6,6,stage_a_context,,long,6-way,True,,production,,,0.03399156055105205,0.9099259259259258,primary_target,0,ranking,rejected,"{""checks"": {""n_folds"": {""value"": 3, ""threshold"": 3, ""passed"": true}, ""presence_freq"": {""value"": 1.0, ""threshold"": 0.75, ""passed"": true}, ""directional_mean_ret"": {""value"": 0.26117534438769024, ""threshold"": 0.0, ""passed"": true}, ""hurdle_excess"": {""value"": 0.2610845000309001, ""threshold"": 0.0, ""passed"": true}, ""min_support_actual"": {""value"": 1209, ""threshold"": 50, ""passed"": true}, ""is_structurally_sound"": {""value"": false, ""passed"": false}, ""trade_path_quality_score"": {""value"": -0.0011698707716603358, ""threshold"": 0.0, ""passed"": false}}, ""failures"": [""structural_soundness_fail: "", ""trade_path_quality_score=-0.001170 < 0.000000""], ""warnings"": [], ""classification"": ""rejected""}"
(*)|(loc_dist_ema20_atr_ts_band20_80==1)|(reg_atr_change_rate_ts_bot70==1&reg_atr_change_rate_ts_top40==1&reg_atr_change_rate_ts_top50==0&reg_atr_change_rate_ts_top60==0&reg_ema20_gt_ema50_raw==0),*,loc_dist_ema20_atr_ts_band20_80==1,reg_atr_change_rate_ts_bot70==1&reg_atr_change_rate_ts_top40==1&reg_atr_change_rate_ts_top50==0&reg_atr_change_rate_ts_top60==0&reg_ema20_gt_ema50_raw==0,0.26117534438769024,0.26117534438769024,0.010415228428415862,0.16161524256070456,0.09437037037037037,0.004265963590906421,1.0,1.0,0.5093240093240093,1209,,,-0.016687388858229898,-0.018445804543865265,-0.01637684420522216,-0.014773700846090664,,0.0,,,,0.048361415212052256,,0.19739696312364424,0.10094781953290968,0.23247175950393412,-0.0011698707716603358,7.228386401839704,0.0038108126333148977,0.0038108126333148977,9.084435679012346e-05,0.2610845000309001,3,1,1,6,6,stage_a_context,,long,6-way,True,,production,,,0.03399156055105205,0.9099259259259258,primary_target,0,ranking,rejected,"{""checks"": {""n_folds"": {""value"": 3, ""threshold"": 3, ""passed"": true}, ""presence_freq"": {""value"": 1.0, ""threshold"": 0.75, ""passed"": true}, ""directional_mean_ret"": {""value"": 0.26117534438769024, ""threshold"": 0.0, ""passed"": true}, ""hurdle_excess"": {""value"": 0.2610845000309001, ""threshold"": 0.0, ""passed"": true}, ""min_support_actual"": {""value"": 1209, ""threshold"": 50, ""passed"": true}, ""is_structurally_sound"": {""value"": false, ""passed"": false}, ""trade_path_quality_score"": {""value"": -0.0011698707716603358, ""threshold"": 0.0, ""passed"": false}}, ""failures"": [""structural_soundness_fail: "", ""trade_path_quality_score=-0.001170 < 0.000000""], ""warnings"": [], ""classification"": ""rejected""}"
(*)|(loc_dist_ema20_atr_ts_band25_75==1&loc_dist_ema20_atr_ts_bot40==0&loc_dist_ema20_atr_ts_top70==0&loc_dist_ema20_atr_ts_top80==0)|(reg_atr_change_rate_ts_bot50==1&reg_ema50_gt_ema200_raw==0),*,loc_dist_ema20_atr_ts_band25_75==1&loc_dist_ema20_atr_ts_bot40==0&loc_dist_ema20_atr_ts_top70==0&loc_dist_ema20_atr_ts_top80==0,reg_atr_change_rate_ts_bot50==1&reg_ema50_gt_ema200_raw==0,0.26117534438769024,0.26117534438769024,0.010415228428415862,0.16161524256070456,0.09437037037037037,0.004265963590906421,1.0,1.0,0.5093240093240093,1209,,,-0.016687388858229898,-0.018445804543865265,-0.01637684420522216,-0.014773700846090664,,0.0,,,,0.048361415212052256,,0.19739696312364424,0.10094781953290968,0.23247175950393412,-0.0011698707716603358,7.228386401839704,0.0038108126333148977,0.0038108126333148977,9.084435679012346e-05,0.2610845000309001,3,1,1,6,6,stage_a_context,,long,6-way,True,,production,,,0.03399156055105205,0.9099259259259258,primary_target,0,ranking,rejected,"{""checks"": {""n_folds"": {""value"": 3, ""threshold"": 3, ""passed"": true}, ""presence_freq"": {""value"": 1.0, ""threshold"": 0.75, ""passed"": true}, ""directional_mean_ret"": {""value"": 0.26117534438769024, ""threshold"": 0.0, ""passed"": true}, ""hurdle_excess"": {""value"": 0.2610845000309001, ""threshold"": 0.0, ""passed"": true}, ""min_support_actual"": {""value"": 1209, ""threshold"": 50, ""passed"": true}, ""is_structurally_sound"": {""value"": false, ""passed"": false}, ""trade_path_quality_score"": {""value"": -0.0011698707716603358, ""threshold"": 0.0, ""passed"": false}}, ""failures"": [""structural_soundness_fail: "", ""trade_path_quality_score=-0.001170 < 0.000000""], ""warnings"": [], ""classification"": ""rejected""}"
(*)|(loc_dist_ema20_atr_ts_band25_75==1&loc_dist_ema20_atr_ts_bot40==0&loc_dist_ema20_atr_ts_top70==0)|(reg_atr_change_rate_ts_band20_80==1&reg_atr_change_rate_ts_bot50==1&reg_ema50_gt_ema200_raw==0),*,loc_dist_ema20_atr_ts_band25_75==1&loc_dist_ema20_atr_ts_bot40==0&loc_dist_ema20_atr_ts_top70==0,reg_atr_change_rate_ts_band20_80==1&reg_atr_change_rate_ts_bot50==1&reg_ema50_gt_ema200_raw==0,0.26117534438769024,0.26117534438769024,0.010415228428415862,0.16161524256070456,0.09437037037037037,0.004265963590906421,1.0,1.0,0.5093240093240093,1209,,,-0.016687388858229898,-0.018445804543865265,-0.01637684420522216,-0.014773700846090664,,0.0,,,,0.048361415212052256,,0.19739696312364424,0.10094781953290968,0.23247175950393412,-0.0011698707716603358,7.228386401839704,0.0038108126333148977,0.0038108126333148977,9.084435679012346e-05,0.2610845000309001,3,1,1,6,6,stage_a_context,,long,6-way,True,,production,,,0.03399156055105205,0.9099259259259258,primary_target,0,ranking,rejected,"{""checks"": {""n_folds"": {""value"": 3, ""threshold"": 3, ""passed"": true}, ""presence_freq"": {""value"": 1.0, ""threshold"": 0.75, ""passed"": true}, ""directional_mean_ret"": {""value"": 0.26117534438769024, ""threshold"": 0.0, ""passed"": true}, ""hurdle_excess"": {""value"": 0.2610845000309001, ""threshold"": 0.0, ""passed"": true}, ""min_support_actual"": {""value"": 1209, ""threshold"": 50, ""passed"": true}, ""is_structurally_sound"": {""value"": false, ""passed"": false}, ""trade_path_quality_score"": {""value"": -0.0011698707716603358, ""threshold"": 0.0, ""passed"": false}}, ""failures"": [""structural_soundness_fail: "", ""trade_path_quality_score=-0.001170 < 0.000000""], ""warnings"": [], ""classification"": ""rejected""}"
(*)|(loc_dist_ema20_atr_ts_band25_75==1&loc_dist_ema20_atr_ts_bot80==1&loc_dist_ema20_atr_ts_top50==0)|(reg_atr_change_rate_ts_top40==1),*,loc_dist_ema20_atr_ts_band25_75==1&loc_dist_ema20_atr_ts_bot80==1&loc_dist_ema20_atr_ts_top50==0,reg_atr_change_rate_ts_top40==1,0.26117534438769024,0.26117534438769024,0.010415228428415862,0.16161524256070456,0.09437037037037037,0.004265963590906421,1.0,1.0,0.5093240093240093,1209,,,-0.016687388858229898,-0.018445804543865265,-0.01637684420522216,-0.014773700846090664,,0.0,,,,0.048361415212052256,,0.19739696312364424,0.10094781953290968,0.23247175950393412,-0.0011698707716603358,7.228386401839704,0.0038108126333148977,0.0038108126333148977,9.084435679012346e-05,0.2610845000309001,3,1,1,4,4,stage_a_context,,long,4-way,True,,production,,,0.03399156055105205,0.9099259259259258,primary_target,0,ranking,rejected,"{""checks"": {""n_folds"": {""value"": 3, ""threshold"": 3, ""passed"": true}, ""presence_freq"": {""value"": 1.0, ""threshold"": 0.75, ""passed"": true}, ""directional_mean_ret"": {""value"": 0.26117534438769024, ""threshold"": 0.0, ""passed"": true}, ""hurdle_excess"": {""value"": 0.2610845000309001, ""threshold"": 0.0, ""passed"": true}, ""min_support_actual"": {""value"": 1209, ""threshold"": 50, ""passed"": true}, ""is_structurally_sound"": {""value"": false, ""passed"": false}, ""trade_path_quality_score"": {""value"": -0.0011698707716603358, ""threshold"": 0.0, ""passed"": false}}, ""failures"": [""structural_soundness_fail: "", ""trade_path_quality_score=-0.001170 < 0.000000""], ""warnings"": [], ""classification"": ""rejected""}"
(*)|(loc_dist_ema20_atr_ts_band25_75==1&loc_dist_ema20_atr_ts_top50==0)|(reg_atr_change_rate_ts_top40==1&reg_atr_change_rate_ts_top70==0&reg_ema50_gt_ema200_raw==0),*,loc_dist_ema20_atr_ts_band25_75==1&loc_dist_ema20_atr_ts_top50==0,reg_atr_change_rate_ts_top40==1&reg_atr_change_rate_ts_top70==0&reg_ema50_gt_ema200_raw==0,0.26117534438769024,0.26117534438769024,0.010415228428415862,0.16161524256070456,0.09437037037037037,0.004265963590906421,1.0,1.0,0.5093240093240093,1209,,,-0.016687388858229898,-0.018445804543865265,-0.01637684420522216,-0.014773700846090664,,0.0,,,,0.048361415212052256,,0.19739696312364424,0.10094781953290968,0.23247175950393412,-0.0011698707716603358,7.228386401839704,0.0038108126333148977,0.0038108126333148977,9.084435679012346e-05,0.2610845000309001,3,1,1,5,5,stage_a_context,,long,5-way,True,,production,,,0.03399156055105205,0.9099259259259258,primary_target,0,ranking,rejected,"{""checks"": {""n_folds"": {""value"": 3, ""threshold"": 3, ""passed"": true}, ""presence_freq"": {""value"": 1.0, ""threshold"": 0.75, ""passed"": true}, ""directional_mean_ret"": {""value"": 0.26117534438769024, ""threshold"": 0.0, ""passed"": true}, ""hurdle_excess"": {""value"": 0.2610845000309001, ""threshold"": 0.0, ""passed"": true}, ""min_support_actual"": {""value"": 1209, ""threshold"": 50, ""passed"": true}, ""is_structurally_sound"": {""value"": false, ""passed"": false}, ""trade_path_quality_score"": {""value"": -0.0011698707716603358, ""threshold"": 0.0, ""passed"": false}}, ""failures"": [""structural_soundness_fail: "", ""trade_path_quality_score=-0.001170 < 0.000000""], ""warnings"": [], ""classification"": ""rejected""}"
(*)|(loc_dist_ema20_atr_ts_band25_75==1&loc_dist_ema20_atr_ts_top70==0)|(reg_atr_change_rate_ts_top40==1&reg_atr_change_rate_ts_top50==0&reg_ema20_gt_ema50_raw==0),*,loc_dist_ema20_atr_ts_band25_75==1&loc_dist_ema20_atr_ts_top70==0,reg_atr_change_rate_ts_top40==1&reg_atr_change_rate_ts_top50==0&reg_ema20_gt_ema50_raw==0,0.26117534438769024,0.26117534438769024,0.010415228428415862,0.16161524256070456,0.09437037037037037,0.004265963590906421,1.0,1.0,0.5093240093240093,1209,,,-0.016687388858229898,-0.018445804543865265,-0.01637684420522216,-0.014773700846090664,,0.0,,,,0.048361415212052256,,0.19739696312364424,0.10094781953290968,0.23247175950393412,-0.0011698707716603358,7.228386401839704,0.0038108126333148977,0.0038108126333148977,9.084435679012346e-05,0.2610845000309001,3,1,1,5,5,stage_a_context,,long,5-way,True,,production,,,0.03399156055105205,0.9099259259259258,primary_target,0,ranking,rejected,"{""checks"": {""n_folds"": {""value"": 3, ""threshold"": 3, ""passed"": true}, ""presence_freq"": {""value"": 1.0, ""threshold"": 0.75, ""passed"": true}, ""directional_mean_ret"": {""value"": 0.26117534438769024, ""threshold"": 0.0, ""passed"": true}, ""hurdle_excess"": {""value"": 0.2610845000309001, ""threshold"": 0.0, ""passed"": true}, ""min_support_actual"": {""value"": 1209, ""threshold"": 50, ""passed"": true}, ""is_structurally_sound"": {""value"": false, ""passed"": false}, ""trade_path_quality_score"": {""value"": -0.0011698707716603358, ""threshold"": 0.0, ""passed"": false}}, ""failures"": [""structural_soundness_fail: "", ""trade_path_quality_score=-0.001170 < 0.000000""], ""warnings"": [], ""classification"": ""rejected""}"
(*)|(loc_dist_ema20_atr_ts_top30==1&loc_dist_ema20_atr_ts_top50==0)|(reg_atr_change_rate_ts_band20_80==1&reg_atr_change_rate_ts_band25_75==1&reg_atr_change_rate_ts_top40==1&reg_atr_change_rate_ts_top60==0),*,loc_dist_ema20_atr_ts_top30==1&loc_dist_ema20_atr_ts_top50==0,reg_atr_change_rate_ts_band20_80==1&reg_atr_change_rate_ts_band25_75==1&reg_atr_change_rate_ts_top40==1&reg_atr_change_rate_ts_top60==0,0.26117534438769024,0.26117534438769024,0.010415228428415862,0.16161524256070456,0.09437037037037037,0.004265963590906421,1.0,1.0,0.5093240093240093,1209,,,-0.016687388858229898,-0.018445804543865265,-0.01637684420522216,-0.014773700846090664,,0.0,,,,0.048361415212052256,,0.19739696312364424,0.10094781953290968,0.23247175950393412,-0.0011698707716603358,7.228386401839704,0.0038108126333148977,0.0038108126333148977,9.084435679012346e-05,0.2610845000309001,3,1,1,6,6,stage_a_context,,long,6-way,True,,production,,,0.03399156055105205,0.9099259259259258,primary_target,0,ranking,rejected,"{""checks"": {""n_folds"": {""value"": 3, ""threshold"": 3, ""passed"": true}, ""presence_freq"": {""value"": 1.0, ""threshold"": 0.75, ""passed"": true}, ""directional_mean_ret"": {""value"": 0.26117534438769024, ""threshold"": 0.0, ""passed"": true}, ""hurdle_excess"": {""value"": 0.2610845000309001, ""threshold"": 0.0, ""passed"": true}, ""min_support_actual"": {""value"": 1209, ""threshold"": 50, ""passed"": true}, ""is_structurally_sound"": {""value"": false, ""passed"": false}, ""trade_path_quality_score"": {""value"": -0.0011698707716603358, ""threshold"": 0.0, ""passed"": false}}, ""failures"": [""structural_soundness_fail: "", ""trade_path_quality_score=-0.001170 < 0.000000""], ""warnings"": [], ""classification"": ""rejected""}"
(*)|(loc_dist_ema20_atr_ts_top30==1&loc_dist_ema20_atr_ts_top50==0)|(reg_atr_change_rate_ts_band25_75==1&reg_atr_change_rate_ts_top40==1&reg_atr_change_rate_ts_top70==0&reg_ema50_gt_ema200_raw==0),*,loc_dist_ema20_atr_ts_top30==1&loc_dist_ema20_atr_ts_top50==0,reg_atr_change_rate_ts_band25_75==1&reg_atr_change_rate_ts_top40==1&reg_atr_change_rate_ts_top70==0&reg_ema50_gt_ema200_raw==0,0.26117534438769024,0.26117534438769024,0.010415228428415862,0.16161524256070456,0.09437037037037037,0.004265963590906421,1.0,1.0,0.5093240093240093,1209,,,-0.016687388858229898,-0.018445804543865265,-0.01637684420522216,-0.014773700846090664,,0.0,,,,0.048361415212052256,,0.19739696312364424,0.10094781953290968,0.23247175950393412,-0.0011698707716603358,7.228386401839704,0.0038108126333148977,0.0038108126333148977,9.084435679012346e-05,0.2610845000309001,3,1,1,6,6,stage_a_context,,long,6-way,True,,production,,,0.03399156055105205,0.9099259259259258,primary_target,0,ranking,rejected,"{""checks"": {""n_folds"": {""value"": 3, ""threshold"": 3, ""passed"": true}, ""presence_freq"": {""value"": 1.0, ""threshold"": 0.75, ""passed"": true}, ""directional_mean_ret"": {""value"": 0.26117534438769024, ""threshold"": 0.0, ""passed"": true}, ""hurdle_excess"": {""value"": 0.2610845000309001, ""threshold"": 0.0, ""passed"": true}, ""min_support_actual"": {""value"": 1209, ""threshold"": 50, ""passed"": true}, ""is_structurally_sound"": {""value"": false, ""passed"": false}, ""trade_path_quality_score"": {""value"": -0.0011698707716603358, ""threshold"": 0.0, ""passed"": false}}, ""failures"": [""structural_soundness_fail: "", ""trade_path_quality_score=-0.001170 < 0.000000""], ""warnings"": [], ""classification"": ""rejected""}"
(*)|(loc_dist_ema20_atr_ts_top30==1)|(reg_atr_change_rate_ts_band20_80==1&reg_atr_change_rate_ts_band40_60==1&reg_atr_change_rate_ts_top50==0&reg_atr_change_rate_ts_top70==0&reg_ema20_gt_ema50_raw==0),*,loc_dist_ema20_atr_ts_top30==1,reg_atr_change_rate_ts_band20_80==1&reg_atr_change_rate_ts_band40_60==1&reg_atr_change_rate_ts_top50==0&reg_atr_change_rate_ts_top70==0&reg_ema20_gt_ema50_raw==0,0.26117534438769024,0.26117534438769024,0.010415228428415862,0.16161524256070456,0.09437037037037037,0.004265963590906421,1.0,1.0,0.5093240093240093,1209,,,-0.016687388858229898,-0.018445804543865265,-0.01637684420522216,-0.014773700846090664,,0.0,,,,0.048361415212052256,,0.19739696312364424,0.10094781953290968,0.23247175950393412,-0.0011698707716603358,7.228386401839704,0.0038108126333148977,0.0038108126333148977,9.084435679012346e-05,0.2610845000309001,3,1,1,6,6,stage_a_context,,long,6-way,True,,production,,,0.03399156055105205,0.9099259259259258,primary_target,0,ranking,rejected,"{""checks"": {""n_folds"": {""value"": 3, ""threshold"": 3, ""passed"": true}, ""presence_freq"": {""value"": 1.0, ""threshold"": 0.75, ""passed"": true}, ""directional_mean_ret"": {""value"": 0.26117534438769024, ""threshold"": 0.0, ""passed"": true}, ""hurdle_excess"": {""value"": 0.2610845000309001, ""threshold"": 0.0, ""passed"": true}, ""min_support_actual"": {""value"": 1209, ""threshold"": 50, ""passed"": true}, ""is_structurally_sound"": {""value"": false, ""passed"": false}, ""trade_path_quality_score"": {""value"": -0.0011698707716603358, ""threshold"": 0.0, ""passed"": false}}, ""failures"": [""structural_soundness_fail: "", ""trade_path_quality_score=-0.001170 < 0.000000""], ""warnings"": [], ""classification"": ""rejected""}"
(*)|(loc_dist_ema20_atr_ts_top40==1&loc_dist_ema20_atr_ts_top50==0&loc_dist_ema20_atr_ts_top70==0)|(reg_atr_change_rate_ts_band25_75==1&reg_atr_change_rate_ts_bot80==1&reg_ema20_gt_ema50_raw==0),*,loc_dist_ema20_atr_ts_top40==1&loc_dist_ema20_atr_ts_top50==0&loc_dist_ema20_atr_ts_top70==0,reg_atr_change_rate_ts_band25_75==1&reg_atr_change_rate_ts_bot80==1&reg_ema20_gt_ema50_raw==0,0.26117534438769024,0.26117534438769024,0.010415228428415862,0.16161524256070456,0.09437037037037037,0.004265963590906421,1.0,1.0,0.5093240093240093,1209,,,-0.016687388858229898,-0.018445804543865265,-0.01637684420522216,-0.014773700846090664,,0.0,,,,0.048361415212052256,,0.19739696312364424,0.10094781953290968,0.23247175950393412,-0.0011698707716603358,7.228386401839704,0.0038108126333148977,0.0038108126333148977,9.084435679012346e-05,0.2610845000309001,3,1,1,6,6,stage_a_context,,long,6-way,True,,production,,,0.03399156055105205,0.9099259259259258,primary_target,0,ranking,rejected,"{""checks"": {""n_folds"": {""value"": 3, ""threshold"": 3, ""passed"": true}, ""presence_freq"": {""value"": 1.0, ""threshold"": 0.75, ""passed"": true}, ""directional_mean_ret"": {""value"": 0.26117534438769024, ""threshold"": 0.0, ""passed"": true}, ""hurdle_excess"": {""value"": 0.2610845000309001, ""threshold"": 0.0, ""passed"": true}, ""min_support_actual"": {""value"": 1209, ""threshold"": 50, ""passed"": true}, ""is_structurally_sound"": {""value"": false, ""passed"": false}, ""trade_path_quality_score"": {""value"": -0.0011698707716603358, ""threshold"": 0.0, ""passed"": false}}, ""failures"": [""structural_soundness_fail: "", ""trade_path_quality_score=-0.001170 < 0.000000""], ""warnings"": [], ""classification"": ""rejected""}"
(*)|(loc_dist_ema20_atr_ts_top40==1&loc_dist_ema20_atr_ts_top50==0)|(reg_atr_change_rate_ts_band20_80==1&reg_atr_change_rate_ts_top30==1&reg_ema20_gt_ema50_raw==0),*,loc_dist_ema20_atr_ts_top40==1&loc_dist_ema20_atr_ts_top50==0,reg_atr_change_rate_ts_band20_80==1&reg_atr_change_rate_ts_top30==1&reg_ema20_gt_ema50_raw==0,0.26117534438769024,0.26117534438769024,0.010415228428415862,0.16161524256070456,0.09437037037037037,0.004265963590906421,1.0,1.0,0.5093240093240093,1209,,,-0.016687388858229898,-0.018445804543865265,-0.01637684420522216,-0.014773700846090664,,0.0,,,,0.048361415212052256,,0.19739696312364424,0.10094781953290968,0.23247175950393412,-0.0011698707716603358,7.228386401839704,0.0038108126333148977,0.0038108126333148977,9.084435679012346e-05,0.2610845000309001,3,1,1,5,5,stage_a_context,,long,5-way,True,,production,,,0.03399156055105205,0.9099259259259258,primary_target,0,ranking,rejected,"{""checks"": {""n_folds"": {""value"": 3, ""threshold"": 3, ""passed"": true}, ""presence_freq"": {""value"": 1.0, ""threshold"": 0.75, ""passed"": true}, ""directional_mean_ret"": {""value"": 0.26117534438769024, ""threshold"": 0.0, ""passed"": true}, ""hurdle_excess"": {""value"": 0.2610845000309001, ""threshold"": 0.0, ""passed"": true}, ""min_support_actual"": {""value"": 1209, ""threshold"": 50, ""passed"": true}, ""is_structurally_sound"": {""value"": false, ""passed"": false}, ""trade_path_quality_score"": {""value"": -0.0011698707716603358, ""threshold"": 0.0, ""passed"": false}}, ""failures"": [""structural_soundness_fail: "", ""trade_path_quality_score=-0.001170 < 0.000000""], ""warnings"": [], ""classification"": ""rejected""}"
(*)|(loc_dist_ema20_atr_ts_top40==1&loc_dist_ema20_atr_ts_top60==0)|(reg_atr_change_rate_ts_band20_80==1&reg_atr_change_rate_ts_top50==0&reg_ema50_gt_ema200_raw==0),*,loc_dist_ema20_atr_ts_top40==1&loc_dist_ema20_atr_ts_top60==0,reg_atr_change_rate_ts_band20_80==1&reg_atr_change_rate_ts_top50==0&reg_ema50_gt_ema200_raw==0,0.26117534438769024,0.26117534438769024,0.010415228428415862,0.16161524256070456,0.09437037037037037,0.004265963590906421,1.0,1.0,0.5093240093240093,1209,,,-0.016687388858229898,-0.018445804543865265,-0.01637684420522216,-0.014773700846090664,,0.0,,,,0.048361415212052256,,0.19739696312364424,0.10094781953290968,0.23247175950393412,-0.0011698707716603358,7.228386401839704,0.0038108126333148977,0.0038108126333148977,9.084435679012346e-05,0.2610845000309001,3,1,1,5,5,stage_a_context,,long,5-way,True,,production,,,0.03399156055105205,0.9099259259259258,primary_target,0,ranking,rejected,"{""checks"": {""n_folds"": {""value"": 3, ""threshold"": 3, ""passed"": true}, ""presence_freq"": {""value"": 1.0, ""threshold"": 0.75, ""passed"": true}, ""directional_mean_ret"": {""value"": 0.26117534438769024, ""threshold"": 0.0, ""passed"": true}, ""hurdle_excess"": {""value"": 0.2610845000309001, ""threshold"": 0.0, ""passed"": true}, ""min_support_actual"": {""value"": 1209, ""threshold"": 50, ""passed"": true}, ""is_structurally_sound"": {""value"": false, ""passed"": false}, ""trade_path_quality_score"": {""value"": -0.0011698707716603358, ""threshold"": 0.0, ""passed"": false}}, ""failures"": [""structural_soundness_fail: "", ""trade_path_quality_score=-0.001170 < 0.000000""], ""warnings"": [], ""classification"": ""rejected""}"
(*)|(loc_dist_ema20_atr_ts_top40==1)|(reg_atr_change_rate_ts_band25_75==1&reg_atr_change_rate_ts_top50==0&reg_atr_change_rate_ts_top60==0&reg_atr_change_rate_ts_top70==0&reg_ema20_gt_ema50_raw==0),*,loc_dist_ema20_atr_ts_top40==1,reg_atr_change_rate_ts_band25_75==1&reg_atr_change_rate_ts_top50==0&reg_atr_change_rate_ts_top60==0&reg_atr_change_rate_ts_top70==0&reg_ema20_gt_ema50_raw==0,0.26117534438769024,0.26117534438769024,0.010415228428415862,0.16161524256070456,0.09437037037037037,0.004265963590906421,1.0,1.0,0.5093240093240093,1209,,,-0.016687388858229898,-0.018445804543865265,-0.01637684420522216,-0.014773700846090664,,0.0,,,,0.048361415212052256,,0.19739696312364424,0.10094781953290968,0.23247175950393412,-0.0011698707716603358,7.228386401839704,0.0038108126333148977,0.0038108126333148977,9.084435679012346e-05,0.2610845000309001,3,1,1,6,6,stage_a_context,,long,6-way,True,,production,,,0.03399156055105205,0.9099259259259258,primary_target,0,ranking,rejected,"{""checks"": {""n_folds"": {""value"": 3, ""threshold"": 3, ""passed"": true}, ""presence_freq"": {""value"": 1.0, ""threshold"": 0.75, ""passed"": true}, ""directional_mean_ret"": {""value"": 0.26117534438769024, ""threshold"": 0.0, ""passed"": true}, ""hurdle_excess"": {""value"": 0.2610845000309001, ""threshold"": 0.0, ""passed"": true}, ""min_support_actual"": {""value"": 1209, ""threshold"": 50, ""passed"": true}, ""is_structurally_sound"": {""value"": false, ""passed"": false}, ""trade_path_quality_score"": {""value"": -0.0011698707716603358, ""threshold"": 0.0, ""passed"": false}}, ""failures"": [""structural_soundness_fail: "", ""trade_path_quality_score=-0.001170 < 0.000000""], ""warnings"": [], ""classification"": ""rejected""}"
(*)|(loc_dist_ema20_atr_ts_top40==1)|(reg_atr_change_rate_ts_band25_75==1&reg_atr_change_rate_ts_top50==0&reg_atr_change_rate_ts_top70==0&reg_ema50_gt_ema200_raw==0),*,loc_dist_ema20_atr_ts_top40==1,reg_atr_change_rate_ts_band25_75==1&reg_atr_change_rate_ts_top50==0&reg_atr_change_rate_ts_top70==0&reg_ema50_gt_ema200_raw==0,0.26117534438769024,0.26117534438769024,0.010415228428415862,0.16161524256070456,0.09437037037037037,0.004265963590906421,1.0,1.0,0.5093240093240093,1209,,,-0.016687388858229898,-0.018445804543865265,-0.01637684420522216,-0.014773700846090664,,0.0,,,,0.048361415212052256,,0.19739696312364424,0.10094781953290968,0.23247175950393412,-0.0011698707716603358,7.228386401839704,0.0038108126333148977,0.0038108126333148977,9.084435679012346e-05,0.2610845000309001,3,1,1,5,5,stage_a_context,,long,5-way,True,,production,,,0.03399156055105205,0.9099259259259258,primary_target,0,ranking,rejected,"{""checks"": {""n_folds"": {""value"": 3, ""threshold"": 3, ""passed"": true}, ""presence_freq"": {""value"": 1.0, ""threshold"": 0.75, ""passed"": true}, ""directional_mean_ret"": {""value"": 0.26117534438769024, ""threshold"": 0.0, ""passed"": true}, ""hurdle_excess"": {""value"": 0.2610845000309001, ""threshold"": 0.0, ""passed"": true}, ""min_support_actual"": {""value"": 1209, ""threshold"": 50, ""passed"": true}, ""is_structurally_sound"": {""value"": false, ""passed"": false}, ""trade_path_quality_score"": {""value"": -0.0011698707716603358, ""threshold"": 0.0, ""passed"": false}}, ""failures"": [""structural_soundness_fail: "", ""trade_path_quality_score=-0.001170 < 0.000000""], ""warnings"": [], ""classification"": ""rejected""}"
(*)|(loc_dist_ema20_atr_ts_top50==0&loc_dist_ema20_atr_ts_top70==0)|(reg_atr_change_rate_ts_band20_80==1&reg_atr_change_rate_ts_bot40==0&reg_ema20_gt_ema50_raw==0),*,loc_dist_ema20_atr_ts_top50==0&loc_dist_ema20_atr_ts_top70==0,reg_atr_change_rate_ts_band20_80==1&reg_atr_change_rate_ts_bot40==0&reg_ema20_gt_ema50_raw==0,0.26117534438769024,0.26117534438769024,0.010415228428415862,0.16161524256070456,0.09437037037037037,0.004265963590906421,1.0,1.0,0.5093240093240093,1209,,,-0.016687388858229898,-0.018445804543865265,-0.01637684420522216,-0.014773700846090664,,0.0,,,,0.048361415212052256,,0.19739696312364424,0.10094781953290968,0.23247175950393412,-0.0011698707716603358,7.228386401839704,0.0038108126333148977,0.0038108126333148977,9.084435679012346e-05,0.2610845000309001,3,1,1,5,5,stage_a_context,,long,5-way,True,,production,,,0.03399156055105205,0.9099259259259258,primary_target,0,ranking,rejected,"{""checks"": {""n_folds"": {""value"": 3, ""threshold"": 3, ""passed"": true}, ""presence_freq"": {""value"": 1.0, ""threshold"": 0.75, ""passed"": true}, ""directional_mean_ret"": {""value"": 0.26117534438769024, ""threshold"": 0.0, ""passed"": true}, ""hurdle_excess"": {""value"": 0.2610845000309001, ""threshold"": 0.0, ""passed"": true}, ""min_support_actual"": {""value"": 1209, ""threshold"": 50, ""passed"": true}, ""is_structurally_sound"": {""value"": false, ""passed"": false}, ""trade_path_quality_score"": {""value"": -0.0011698707716603358, ""threshold"": 0.0, ""passed"": false}}, ""failures"": [""structural_soundness_fail: "", ""trade_path_quality_score=-0.001170 < 0.000000""], ""warnings"": [], ""classification"": ""rejected""}"
(*)|(loc_dist_ema20_atr_ts_top50==0&loc_dist_ema20_atr_ts_top70==0)|(reg_atr_change_rate_ts_band20_80==1&reg_atr_change_rate_ts_top30==1&reg_atr_compression_ratio_ts_band40_60==1&reg_ema20_gt_ema50_raw==0),*,loc_dist_ema20_atr_ts_top50==0&loc_dist_ema20_atr_ts_top70==0,reg_atr_change_rate_ts_band20_80==1&reg_atr_change_rate_ts_top30==1&reg_atr_compression_ratio_ts_band40_60==1&reg_ema20_gt_ema50_raw==0,0.26117534438769024,0.26117534438769024,0.010415228428415862,0.16161524256070456,0.09437037037037037,0.004265963590906421,1.0,1.0,0.5093240093240093,1209,,,-0.016687388858229898,-0.018445804543865265,-0.01637684420522216,-0.014773700846090664,,0.0,,,,0.048361415212052256,,0.19739696312364424,0.10094781953290968,0.23247175950393412,-0.0011698707716603358,7.228386401839704,0.0038108126333148977,0.0038108126333148977,9.084435679012346e-05,0.2610845000309001,3,1,1,6,6,stage_a_context,,long,6-way,True,,production,,,0.03399156055105205,0.9099259259259258,primary_target,0,ranking,rejected,"{""checks"": {""n_folds"": {""value"": 3, ""threshold"": 3, ""passed"": true}, ""presence_freq"": {""value"": 1.0, ""threshold"": 0.75, ""passed"": true}, ""directional_mean_ret"": {""value"": 0.26117534438769024, ""threshold"": 0.0, ""passed"": true}, ""hurdle_excess"": {""value"": 0.2610845000309001, ""threshold"": 0.0, ""passed"": true}, ""min_support_actual"": {""value"": 1209, ""threshold"": 50, ""passed"": true}, ""is_structurally_sound"": {""value"": false, ""passed"": false}, ""trade_path_quality_score"": {""value"": -0.0011698707716603358, ""threshold"": 0.0, ""passed"": false}}, ""failures"": [""structural_soundness_fail: "", ""trade_path_quality_score=-0.001170 < 0.000000""], ""warnings"": [], ""classification"": ""rejected""}"
(*)|(loc_dist_ema20_atr_ts_top50==0&loc_dist_ema20_atr_ts_top70==0)|(reg_atr_change_rate_ts_band20_80==1&reg_atr_change_rate_ts_top40==1&reg_ema50_gt_ema200_raw==0),*,loc_dist_ema20_atr_ts_top50==0&loc_dist_ema20_atr_ts_top70==0,reg_atr_change_rate_ts_band20_80==1&reg_atr_change_rate_ts_top40==1&reg_ema50_gt_ema200_raw==0,0.26117534438769024,0.26117534438769024,0.010415228428415862,0.16161524256070456,0.09437037037037037,0.004265963590906421,1.0,1.0,0.5093240093240093,1209,,,-0.016687388858229898,-0.018445804543865265,-0.01637684420522216,-0.014773700846090664,,0.0,,,,0.048361415212052256,,0.19739696312364424,0.10094781953290968,0.23247175950393412,-0.0011698707716603358,7.228386401839704,0.0038108126333148977,0.0038108126333148977,9.084435679012346e-05,0.2610845000309001,3,1,1,5,5,stage_a_context,,long,5-way,True,,production,,,0.03399156055105205,0.9099259259259258,primary_target,0,ranking,rejected,"{""checks"": {""n_folds"": {""value"": 3, ""threshold"": 3, ""passed"": true}, ""presence_freq"": {""value"": 1.0, ""threshold"": 0.75, ""passed"": true}, ""directional_mean_ret"": {""value"": 0.26117534438769024, ""threshold"": 0.0, ""passed"": true}, ""hurdle_excess"": {""value"": 0.2610845000309001, ""threshold"": 0.0, ""passed"": true}, ""min_support_actual"": {""value"": 1209, ""threshold"": 50, ""passed"": true}, ""is_structurally_sound"": {""value"": false, ""passed"": false}, ""trade_path_quality_score"": {""value"": -0.0011698707716603358, ""threshold"": 0.0, ""passed"": false}}, ""failures"": [""structural_soundness_fail: "", ""trade_path_quality_score=-0.001170 < 0.000000""], ""warnings"": [], ""classification"": ""rejected""}"
(*)|(loc_dist_ema20_atr_ts_top50==0)|(reg_atr_change_rate_ts_band20_80==1&reg_atr_change_rate_ts_band25_75==1&reg_atr_change_rate_ts_band40_60==1&reg_atr_change_rate_ts_bot70==1&reg_ema20_gt_ema50_raw==0),*,loc_dist_ema20_atr_ts_top50==0,reg_atr_change_rate_ts_band20_80==1&reg_atr_change_rate_ts_band25_75==1&reg_atr_change_rate_ts_band40_60==1&reg_atr_change_rate_ts_bot70==1&reg_ema20_gt_ema50_raw==0,0.26117534438769024,0.26117534438769024,0.010415228428415862,0.16161524256070456,0.09437037037037037,0.004265963590906421,1.0,1.0,0.5093240093240093,1209,,,-0.016687388858229898,-0.018445804543865265,-0.01637684420522216,-0.014773700846090664,,0.0,,,,0.048361415212052256,,0.19739696312364424,0.10094781953290968,0.23247175950393412,-0.0011698707716603358,7.228386401839704,0.0038108126333148977,0.0038108126333148977,9.084435679012346e-05,0.2610845000309001,3,1,1,6,6,stage_a_context,,long,6-way,True,,production,,,0.03399156055105205,0.9099259259259258,primary_target,0,ranking,rejected,"{""checks"": {""n_folds"": {""value"": 3, ""threshold"": 3, ""passed"": true}, ""presence_freq"": {""value"": 1.0, ""threshold"": 0.75, ""passed"": true}, ""directional_mean_ret"": {""value"": 0.26117534438769024, ""threshold"": 0.0, ""passed"": true}, ""hurdle_excess"": {""value"": 0.2610845000309001, ""threshold"": 0.0, ""passed"": true}, ""min_support_actual"": {""value"": 1209, ""threshold"": 50, ""passed"": true}, ""is_structurally_sound"": {""value"": false, ""passed"": false}, ""trade_path_quality_score"": {""value"": -0.0011698707716603358, ""threshold"": 0.0, ""passed"": false}}, ""failures"": [""structural_soundness_fail: "", ""trade_path_quality_score=-0.001170 < 0.000000""], ""warnings"": [], ""classification"": ""rejected""}"
(*)|(loc_dist_ema20_atr_ts_top50==0)|(reg_atr_change_rate_ts_band20_80==1&reg_atr_change_rate_ts_band25_75==1&reg_atr_change_rate_ts_band40_60==1&reg_atr_change_rate_ts_top70==0&reg_ema20_gt_ema50_raw==0),*,loc_dist_ema20_atr_ts_top50==0,reg_atr_change_rate_ts_band20_80==1&reg_atr_change_rate_ts_band25_75==1&reg_atr_change_rate_ts_band40_60==1&reg_atr_change_rate_ts_top70==0&reg_ema20_gt_ema50_raw==0,0.26117534438769024,0.26117534438769024,0.010415228428415862,0.16161524256070456,0.09437037037037037,0.004265963590906421,1.0,1.0,0.5093240093240093,1209,,,-0.016687388858229898,-0.018445804543865265,-0.01637684420522216,-0.014773700846090664,,0.0,,,,0.048361415212052256,,0.19739696312364424,0.10094781953290968,0.23247175950393412,-0.0011698707716603358,7.228386401839704,0.0038108126333148977,0.0038108126333148977,9.084435679012346e-05,0.2610845000309001,3,1,1,6,6,stage_a_context,,long,6-way,True,,production,,,0.03399156055105205,0.9099259259259258,primary_target,0,ranking,rejected,"{""checks"": {""n_folds"": {""value"": 3, ""threshold"": 3, ""passed"": true}, ""presence_freq"": {""value"": 1.0, ""threshold"": 0.75, ""passed"": true}, ""directional_mean_ret"": {""value"": 0.26117534438769024, ""threshold"": 0.0, ""passed"": true}, ""hurdle_excess"": {""value"": 0.2610845000309001, ""threshold"": 0.0, ""passed"": true}, ""min_support_actual"": {""value"": 1209, ""threshold"": 50, ""passed"": true}, ""is_structurally_sound"": {""value"": false, ""passed"": false}, ""trade_path_quality_score"": {""value"": -0.0011698707716603358, ""threshold"": 0.0, ""passed"": false}}, ""failures"": [""structural_soundness_fail: "", ""trade_path_quality_score=-0.001170 < 0.000000""], ""warnings"": [], ""classification"": ""rejected""}"
(*)|(loc_dist_ema20_atr_ts_top50==0)|(reg_atr_change_rate_ts_band20_80==1&reg_atr_change_rate_ts_band25_75==1&reg_atr_change_rate_ts_top40==1&reg_ema20_gt_ema50_raw==0),*,loc_dist_ema20_atr_ts_top50==0,reg_atr_change_rate_ts_band20_80==1&reg_atr_change_rate_ts_band25_75==1&reg_atr_change_rate_ts_top40==1&reg_ema20_gt_ema50_raw==0,0.26117534438769024,0.26117534438769024,0.010415228428415862,0.16161524256070456,0.09437037037037037,0.004265963590906421,1.0,1.0,0.5093240093240093,1209,,,-0.016687388858229898,-0.018445804543865265,-0.01637684420522216,-0.014773700846090664,,0.0,,,,0.048361415212052256,,0.19739696312364424,0.10094781953290968,0.23247175950393412,-0.0011698707716603358,7.228386401839704,0.0038108126333148977,0.0038108126333148977,9.084435679012346e-05,0.2610845000309001,3,1,1,5,5,stage_a_context,,long,5-way,True,,production,,,0.03399156055105205,0.9099259259259258,primary_target,0,ranking,rejected,"{""checks"": {""n_folds"": {""value"": 3, ""threshold"": 3, ""passed"": true}, ""presence_freq"": {""value"": 1.0, ""threshold"": 0.75, ""passed"": true}, ""directional_mean_ret"": {""value"": 0.26117534438769024, ""threshold"": 0.0, ""passed"": true}, ""hurdle_excess"": {""value"": 0.2610845000309001, ""threshold"": 0.0, ""passed"": true}, ""min_support_actual"": {""value"": 1209, ""threshold"": 50, ""passed"": true}, ""is_structurally_sound"": {""value"": false, ""passed"": false}, ""trade_path_quality_score"": {""value"": -0.0011698707716603358, ""threshold"": 0.0, ""passed"": false}}, ""failures"": [""structural_soundness_fail: "", ""trade_path_quality_score=-0.001170 < 0.000000""], ""warnings"": [], ""classification"": ""rejected""}"
(*)|(loc_dist_ema20_atr_ts_top50==0)|(reg_atr_change_rate_ts_band20_80==1&reg_atr_change_rate_ts_band40_60==1),*,loc_dist_ema20_atr_ts_top50==0,reg_atr_change_rate_ts_band20_80==1&reg_atr_change_rate_ts_band40_60==1,0.26117534438769024,0.26117534438769024,0.010415228428415862,0.16161524256070456,0.09437037037037037,0.004265963590906421,1.0,1.0,0.5093240093240093,1209,,,-0.016687388858229898,-0.018445804543865265,-0.01637684420522216,-0.014773700846090664,,0.0,,,,0.048361415212052256,,0.19739696312364424,0.10094781953290968,0.23247175950393412,-0.0011698707716603358,7.228386401839704,0.0038108126333148977,0.0038108126333148977,7.065672194787379e-05,0.26110468766574235,3,6,6,3,3,stage_a_context,,long,3-way,True,,production,,,0.03399156055105205,0.9099259259259258,primary_target,0,ranking,rejected,"{""checks"": {""n_folds"": {""value"": 3, ""threshold"": 3, ""passed"": true}, ""presence_freq"": {""value"": 1.0, ""threshold"": 0.75, ""passed"": true}, ""directional_mean_ret"": {""value"": 0.26117534438769024, ""threshold"": 0.0, ""passed"": true}, ""hurdle_excess"": {""value"": 0.26110468766574235, ""threshold"": 0.0, ""passed"": true}, ""min_support_actual"": {""value"": 1209, ""threshold"": 50, ""passed"": true}, ""is_structurally_sound"": {""value"": false, ""passed"": false}, ""trade_path_quality_score"": {""value"": -0.0011698707716603358, ""threshold"": 0.0, ""passed"": false}}, ""failures"": [""structural_soundness_fail: "", ""trade_path_quality_score=-0.001170 < 0.000000""], ""warnings"": [], ""classification"": ""rejected""}"
(*)|(loc_dist_ema20_atr_ts_top50==0)|(reg_atr_change_rate_ts_band20_80==1&reg_atr_change_rate_ts_top30==1&reg_atr_change_rate_ts_top40==1&reg_atr_change_rate_ts_top70==0&reg_ema50_gt_ema200_raw==0),*,loc_dist_ema20_atr_ts_top50==0,reg_atr_change_rate_ts_band20_80==1&reg_atr_change_rate_ts_top30==1&reg_atr_change_rate_ts_top40==1&reg_atr_change_rate_ts_top70==0&reg_ema50_gt_ema200_raw==0,0.26117534438769024,0.26117534438769024,0.010415228428415862,0.16161524256070456,0.09437037037037037,0.004265963590906421,1.0,1.0,0.5093240093240093,1209,,,-0.016687388858229898,-0.018445804543865265,-0.01637684420522216,-0.014773700846090664,,0.0,,,,0.048361415212052256,,0.19739696312364424,0.10094781953290968,0.23247175950393412,-0.0011698707716603358,7.228386401839704,0.0038108126333148977,0.0038108126333148977,9.084435679012346e-05,0.2610845000309001,3,1,1,6,6,stage_a_context,,long,6-way,True,,production,,,0.03399156055105205,0.9099259259259258,primary_target,0,ranking,rejected,"{""checks"": {""n_folds"": {""value"": 3, ""threshold"": 3, ""passed"": true}, ""presence_freq"": {""value"": 1.0, ""threshold"": 0.75, ""passed"": true}, ""directional_mean_ret"": {""value"": 0.26117534438769024, ""threshold"": 0.0, ""passed"": true}, ""hurdle_excess"": {""value"": 0.2610845000309001, ""threshold"": 0.0, ""passed"": true}, ""min_support_actual"": {""value"": 1209, ""threshold"": 50, ""passed"": true}, ""is_structurally_sound"": {""value"": false, ""passed"": false}, ""trade_path_quality_score"": {""value"": -0.0011698707716603358, ""threshold"": 0.0, ""passed"": false}}, ""failures"": [""structural_soundness_fail: "", ""trade_path_quality_score=-0.001170 < 0.000000""], ""warnings"": [], ""classification"": ""rejected""}"
(*)|(loc_dist_ema20_atr_ts_top50==0)|(reg_atr_change_rate_ts_band25_75==1&reg_atr_change_rate_ts_top40==1&reg_ema20_gt_ema50_raw==0),*,loc_dist_ema20_atr_ts_top50==0,reg_atr_change_rate_ts_band25_75==1&reg_atr_change_rate_ts_top40==1&reg_ema20_gt_ema50_raw==0,0.26117534438769024,0.26117534438769024,0.010415228428415862,0.16161524256070456,0.09437037037037037,0.004265963590906421,1.0,1.0,0.5093240093240093,1209,,,-0.016687388858229898,-0.018445804543865265,-0.01637684420522216,-0.014773700846090664,,0.0,,,,0.048361415212052256,,0.19739696312364424,0.10094781953290968,0.23247175950393412,-0.0011698707716603358,7.228386401839704,0.0038108126333148977,0.0038108126333148977,9.084435679012346e-05,0.2610845000309001,3,1,1,4,4,stage_a_context,,long,4-way,True,,production,,,0.03399156055105205,0.9099259259259258,primary_target,0,ranking,rejected,"{""checks"": {""n_folds"": {""value"": 3, ""threshold"": 3, ""passed"": true}, ""presence_freq"": {""value"": 1.0, ""threshold"": 0.75, ""passed"": true}, ""directional_mean_ret"": {""value"": 0.26117534438769024, ""threshold"": 0.0, ""passed"": true}, ""hurdle_excess"": {""value"": 0.2610845000309001, ""threshold"": 0.0, ""passed"": true}, ""min_support_actual"": {""value"": 1209, ""threshold"": 50, ""passed"": true}, ""is_structurally_sound"": {""value"": false, ""passed"": false}, ""trade_path_quality_score"": {""value"": -0.0011698707716603358, ""threshold"": 0.0, ""passed"": false}}, ""failures"": [""structural_soundness_fail: "", ""trade_path_quality_score=-0.001170 < 0.000000""], ""warnings"": [], ""classification"": ""rejected""}"
(*)|(loc_dist_ema20_atr_ts_top50==0)|(reg_atr_change_rate_ts_band30_70==1&reg_atr_change_rate_ts_bot40==0&reg_atr_change_rate_ts_top80==0&reg_ema20_gt_ema50_raw==0),*,loc_dist_ema20_atr_ts_top50==0,reg_atr_change_rate_ts_band30_70==1&reg_atr_change_rate_ts_bot40==0&reg_atr_change_rate_ts_top80==0&reg_ema20_gt_ema50_raw==0,0.26117534438769024,0.26117534438769024,0.010415228428415862,0.16161524256070456,0.09437037037037037,0.004265963590906421,1.0,1.0,0.5093240093240093,1209,,,-0.016687388858229898,-0.018445804543865265,-0.01637684420522216,-0.014773700846090664,,0.0,,,,0.048361415212052256,,0.19739696312364424,0.10094781953290968,0.23247175950393412,-0.0011698707716603358,7.228386401839704,0.0038108126333148977,0.0038108126333148977,9.084435679012346e-05,0.2610845000309001,3,1,1,5,5,stage_a_context,,long,5-way,True,,production,,,0.03399156055105205,0.9099259259259258,primary_target,0,ranking,rejected,"{""checks"": {""n_folds"": {""value"": 3, ""threshold"": 3, ""passed"": true}, ""presence_freq"": {""value"": 1.0, ""threshold"": 0.75, ""passed"": true}, ""directional_mean_ret"": {""value"": 0.26117534438769024, ""threshold"": 0.0, ""passed"": true}, ""hurdle_excess"": {""value"": 0.2610845000309001, ""threshold"": 0.0, ""passed"": true}, ""min_support_actual"": {""value"": 1209, ""threshold"": 50, ""passed"": true}, ""is_structurally_sound"": {""value"": false, ""passed"": false}, ""trade_path_quality_score"": {""value"": -0.0011698707716603358, ""threshold"": 0.0, ""passed"": false}}, ""failures"": [""structural_soundness_fail: "", ""trade_path_quality_score=-0.001170 < 0.000000""], ""warnings"": [], ""classification"": ""rejected""}"
(*)|(loc_dist_ema20_atr_ts_top50==0)|(reg_atr_change_rate_ts_band30_70==1&reg_atr_change_rate_ts_top40==1),*,loc_dist_ema20_atr_ts_top50==0,reg_atr_change_rate_ts_band30_70==1&reg_atr_change_rate_ts_top40==1,0.26117534438769024,0.26117534438769024,0.010415228428415862,0.16161524256070456,0.09437037037037037,0.004265963590906421,1.0,1.0,0.5093240093240093,1209,,,-0.016687388858229898,-0.018445804543865265,-0.01637684420522216,-0.014773700846090664,,0.0,,,,0.048361415212052256,,0.19739696312364424,0.10094781953290968,0.23247175950393412,-0.0011698707716603358,7.228386401839704,0.0038108126333148977,0.0038108126333148977,7.065672194787379e-05,0.26110468766574235,3,1,1,3,3,stage_a_context,,long,3-way,True,,production,,,0.03399156055105205,0.9099259259259258,primary_target,0,ranking,rejected,"{""checks"": {""n_folds"": {""value"": 3, ""threshold"": 3, ""passed"": true}, ""presence_freq"": {""value"": 1.0, ""threshold"": 0.75, ""passed"": true}, ""directional_mean_ret"": {""value"": 0.26117534438769024, ""threshold"": 0.0, ""passed"": true}, ""hurdle_excess"": {""value"": 0.26110468766574235, ""threshold"": 0.0, ""passed"": true}, ""min_support_actual"": {""value"": 1209, ""threshold"": 50, ""passed"": true}, ""is_structurally_sound"": {""value"": false, ""passed"": false}, ""trade_path_quality_score"": {""value"": -0.0011698707716603358, ""threshold"": 0.0, ""passed"": false}}, ""failures"": [""structural_soundness_fail: "", ""trade_path_quality_score=-0.001170 < 0.000000""], ""warnings"": [], ""classification"": ""rejected""}"
(*)|(loc_dist_ema20_atr_ts_top70==0&loc_dist_ema50_atr_ts_band20_80==1)|(reg_atr_change_rate_ts_bot30==0&reg_atr_change_rate_ts_top40==1&reg_atr_change_rate_ts_top50==0&reg_ema20_gt_ema50_raw==0),*,loc_dist_ema20_atr_ts_top70==0&loc_dist_ema50_atr_ts_band20_80==1,reg_atr_change_rate_ts_bot30==0&reg_atr_change_rate_ts_top40==1&reg_atr_change_rate_ts_top50==0&reg_ema20_gt_ema50_raw==0,0.26117534438769024,0.26117534438769024,0.010415228428415862,0.16161524256070456,0.09437037037037037,0.004265963590906421,1.0,1.0,0.5093240093240093,1209,,,-0.016687388858229898,-0.018445804543865265,-0.01637684420522216,-0.014773700846090664,,0.0,,,,0.048361415212052256,,0.19739696312364424,0.10094781953290968,0.23247175950393412,-0.0011698707716603358,7.228386401839704,0.0038108126333148977,0.0038108126333148977,9.084435679012346e-05,0.2610845000309001,3,1,1,6,6,stage_a_context,,long,6-way,True,,production,,,0.03399156055105205,0.9099259259259258,primary_target,0,ranking,rejected,"{""checks"": {""n_folds"": {""value"": 3, ""threshold"": 3, ""passed"": true}, ""presence_freq"": {""value"": 1.0, ""threshold"": 0.75, ""passed"": true}, ""directional_mean_ret"": {""value"": 0.26117534438769024, ""threshold"": 0.0, ""passed"": true}, ""hurdle_excess"": {""value"": 0.2610845000309001, ""threshold"": 0.0, ""passed"": true}, ""min_support_actual"": {""value"": 1209, ""threshold"": 50, ""passed"": true}, ""is_structurally_sound"": {""value"": false, ""passed"": false}, ""trade_path_quality_score"": {""value"": -0.0011698707716603358, ""threshold"": 0.0, ""passed"": false}}, ""failures"": [""structural_soundness_fail: "", ""trade_path_quality_score=-0.001170 < 0.000000""], ""warnings"": [], ""classification"": ""rejected""}"
(*)|(loc_dist_ema20_atr_ts_top70==0)|(reg_atr_change_rate_ts_band20_80==1&reg_atr_change_rate_ts_band40_60==1&reg_atr_compression_ratio_ts_top50==0&reg_ema20_gt_ema50_raw==0),*,loc_dist_ema20_atr_ts_top70==0,reg_atr_change_rate_ts_band20_80==1&reg_atr_change_rate_ts_band40_60==1&reg_atr_compression_ratio_ts_top50==0&reg_ema20_gt_ema50_raw==0,0.26117534438769024,0.26117534438769024,0.010415228428415862,0.16161524256070456,0.09437037037037037,0.004265963590906421,1.0,1.0,0.5093240093240093,1209,,,-0.016687388858229898,-0.018445804543865265,-0.01637684420522216,-0.014773700846090664,,0.0,,,,0.048361415212052256,,0.19739696312364424,0.10094781953290968,0.23247175950393412,-0.0011698707716603358,7.228386401839704,0.0038108126333148977,0.0038108126333148977,9.084435679012346e-05,0.2610845000309001,3,1,1,5,5,stage_a_context,,long,5-way,True,,production,,,0.03399156055105205,0.9099259259259258,primary_target,0,ranking,rejected,"{""checks"": {""n_folds"": {""value"": 3, ""threshold"": 3, ""passed"": true}, ""presence_freq"": {""value"": 1.0, ""threshold"": 0.75, ""passed"": true}, ""directional_mean_ret"": {""value"": 0.26117534438769024, ""threshold"": 0.0, ""passed"": true}, ""hurdle_excess"": {""value"": 0.2610845000309001, ""threshold"": 0.0, ""passed"": true}, ""min_support_actual"": {""value"": 1209, ""threshold"": 50, ""passed"": true}, ""is_structurally_sound"": {""value"": false, ""passed"": false}, ""trade_path_quality_score"": {""value"": -0.0011698707716603358, ""threshold"": 0.0, ""passed"": false}}, ""failures"": [""structural_soundness_fail: "", ""trade_path_quality_score=-0.001170 < 0.000000""], ""warnings"": [], ""classification"": ""rejected""}"
(*)|(loc_dist_ema20_atr_ts_top70==0)|(reg_atr_change_rate_ts_band20_80==1&reg_atr_change_rate_ts_top30==1&reg_atr_change_rate_ts_top40==1&reg_atr_change_rate_ts_top50==0&reg_ema20_gt_ema50_raw==0),*,loc_dist_ema20_atr_ts_top70==0,reg_atr_change_rate_ts_band20_80==1&reg_atr_change_rate_ts_top30==1&reg_atr_change_rate_ts_top40==1&reg_atr_change_rate_ts_top50==0&reg_ema20_gt_ema50_raw==0,0.26117534438769024,0.26117534438769024,0.010415228428415862,0.16161524256070456,0.09437037037037037,0.004265963590906421,1.0,1.0,0.5093240093240093,1209,,,-0.016687388858229898,-0.018445804543865265,-0.01637684420522216,-0.014773700846090664,,0.0,,,,0.048361415212052256,,0.19739696312364424,0.10094781953290968,0.23247175950393412,-0.0011698707716603358,7.228386401839704,0.0038108126333148977,0.0038108126333148977,9.084435679012346e-05,0.2610845000309001,3,1,1,6,6,stage_a_context,,long,6-way,True,,production,,,0.03399156055105205,0.9099259259259258,primary_target,0,ranking,rejected,"{""checks"": {""n_folds"": {""value"": 3, ""threshold"": 3, ""passed"": true}, ""presence_freq"": {""value"": 1.0, ""threshold"": 0.75, ""passed"": true}, ""directional_mean_ret"": {""value"": 0.26117534438769024, ""threshold"": 0.0, ""passed"": true}, ""hurdle_excess"": {""value"": 0.2610845000309001, ""threshold"": 0.0, ""passed"": true}, ""min_support_actual"": {""value"": 1209, ""threshold"": 50, ""passed"": true}, ""is_structurally_sound"": {""value"": false, ""passed"": false}, ""trade_path_quality_score"": {""value"": -0.0011698707716603358, ""threshold"": 0.0, ""passed"": false}}, ""failures"": [""structural_soundness_fail: "", ""trade_path_quality_score=-0.001170 < 0.000000""], ""warnings"": [], ""classification"": ""rejected""}"
(*)|(loc_dist_ema20_atr_ts_top70==0)|(reg_atr_change_rate_ts_band20_80==1&reg_atr_change_rate_ts_top40==1&reg_atr_change_rate_ts_top50==0&reg_ema20_gt_ema50_raw==0),*,loc_dist_ema20_atr_ts_top70==0,reg_atr_change_rate_ts_band20_80==1&reg_atr_change_rate_ts_top40==1&reg_atr_change_rate_ts_top50==0&reg_ema20_gt_ema50_raw==0,0.26117534438769024,0.26117534438769024,0.010415228428415862,0.16161524256070456,0.09437037037037037,0.004265963590906421,1.0,1.0,0.5093240093240093,1209,,,-0.016687388858229898,-0.018445804543865265,-0.01637684420522216,-0.014773700846090664,,0.0,,,,0.048361415212052256,,0.19739696312364424,0.10094781953290968,0.23247175950393412,-0.0011698707716603358,7.228386401839704,0.0038108126333148977,0.0038108126333148977,9.084435679012346e-05,0.2610845000309001,3,1,1,5,5,stage_a_context,,long,5-way,True,,production,,,0.03399156055105205,0.9099259259259258,primary_target,0,ranking,rejected,"{""checks"": {""n_folds"": {""value"": 3, ""threshold"": 3, ""passed"": true}, ""presence_freq"": {""value"": 1.0, ""threshold"": 0.75, ""passed"": true}, ""directional_mean_ret"": {""value"": 0.26117534438769024, ""threshold"": 0.0, ""passed"": true}, ""hurdle_excess"": {""value"": 0.2610845000309001, ""threshold"": 0.0, ""passed"": true}, ""min_support_actual"": {""value"": 1209, ""threshold"": 50, ""passed"": true}, ""is_structurally_sound"": {""value"": false, ""passed"": false}, ""trade_path_quality_score"": {""value"": -0.0011698707716603358, ""threshold"": 0.0, ""passed"": false}}, ""failures"": [""structural_soundness_fail: "", ""trade_path_quality_score=-0.001170 < 0.000000""], ""warnings"": [], ""classification"": ""rejected""}"
(*)|(loc_dist_ema20_atr_ts_top70==0)|(reg_atr_change_rate_ts_band25_75==1&reg_atr_change_rate_ts_top40==1&reg_atr_change_rate_ts_top50==0&reg_atr_change_rate_ts_top60==0&reg_ema50_gt_ema200_raw==0),*,loc_dist_ema20_atr_ts_top70==0,reg_atr_change_rate_ts_band25_75==1&reg_atr_change_rate_ts_top40==1&reg_atr_change_rate_ts_top50==0&reg_atr_change_rate_ts_top60==0&reg_ema50_gt_ema200_raw==0,0.26117534438769024,0.26117534438769024,0.010415228428415862,0.16161524256070456,0.09437037037037037,0.004265963590906421,1.0,1.0,0.5093240093240093,1209,,,-0.016687388858229898,-0.018445804543865265,-0.01637684420522216,-0.014773700846090664,,0.0,,,,0.048361415212052256,,0.19739696312364424,0.10094781953290968,0.23247175950393412,-0.0011698707716603358,7.228386401839704,0.0038108126333148977,0.0038108126333148977,9.084435679012346e-05,0.2610845000309001,3,1,1,6,6,stage_a_context,,long,6-way,True,,production,,,0.03399156055105205,0.9099259259259258,primary_target,0,ranking,rejected,"{""checks"": {""n_folds"": {""value"": 3, ""threshold"": 3, ""passed"": true}, ""presence_freq"": {""value"": 1.0, ""threshold"": 0.75, ""passed"": true}, ""directional_mean_ret"": {""value"": 0.26117534438769024, ""threshold"": 0.0, ""passed"": true}, ""hurdle_excess"": {""value"": 0.2610845000309001, ""threshold"": 0.0, ""passed"": true}, ""min_support_actual"": {""value"": 1209, ""threshold"": 50, ""passed"": true}, ""is_structurally_sound"": {""value"": false, ""passed"": false}, ""trade_path_quality_score"": {""value"": -0.0011698707716603358, ""threshold"": 0.0, ""passed"": false}}, ""failures"": [""structural_soundness_fail: "", ""trade_path_quality_score=-0.001170 < 0.000000""], ""warnings"": [], ""classification"": ""rejected""}"
(*)|(loc_dist_ema20_atr_ts_top70==0)|(reg_atr_change_rate_ts_band25_75==1&reg_atr_change_rate_ts_top40==1&reg_atr_change_rate_ts_top50==0&reg_ema20_gt_ema50_raw==0),*,loc_dist_ema20_atr_ts_top70==0,reg_atr_change_rate_ts_band25_75==1&reg_atr_change_rate_ts_top40==1&reg_atr_change_rate_ts_top50==0&reg_ema20_gt_ema50_raw==0,0.26117534438769024,0.26117534438769024,0.010415228428415862,0.16161524256070456,0.09437037037037037,0.004265963590906421,1.0,1.0,0.5093240093240093,1209,,,-0.016687388858229898,-0.018445804543865265,-0.01637684420522216,-0.014773700846090664,,0.0,,,,0.048361415212052256,,0.19739696312364424,0.10094781953290968,0.23247175950393412,-0.0011698707716603358,7.228386401839704,0.0038108126333148977,0.0038108126333148977,9.084435679012346e-05,0.2610845000309001,3,2,2,5,5,stage_a_context,,long,5-way,True,,production,,,0.03399156055105205,0.9099259259259258,primary_target,0,ranking,rejected,"{""checks"": {""n_folds"": {""value"": 3, ""threshold"": 3, ""passed"": true}, ""presence_freq"": {""value"": 1.0, ""threshold"": 0.75, ""passed"": true}, ""directional_mean_ret"": {""value"": 0.26117534438769024, ""threshold"": 0.0, ""passed"": true}, ""hurdle_excess"": {""value"": 0.2610845000309001, ""threshold"": 0.0, ""passed"": true}, ""min_support_actual"": {""value"": 1209, ""threshold"": 50, ""passed"": true}, ""is_structurally_sound"": {""value"": false, ""passed"": false}, ""trade_path_quality_score"": {""value"": -0.0011698707716603358, ""threshold"": 0.0, ""passed"": false}}, ""failures"": [""structural_soundness_fail: "", ""trade_path_quality_score=-0.001170 < 0.000000""], ""warnings"": [], ""classification"": ""rejected""}"
(*)|(*)|(reg_atr_change_rate_ts_band20_80==0&reg_atr_change_rate_ts_bot20==1),*,*,reg_atr_change_rate_ts_band20_80==0&reg_atr_change_rate_ts_bot20==1,0.29430894056955975,0.29430894056955975,0.0066945167665585946,0.1841146449247996,0.2008148148148148,0.007144213079217462,1.0,1.0,0.522196261682243,2634,,,0.06180544147305337,0.04676838229100139,0.062222987825406494,0.07705127383128192,,1.0,,,,0.1340069281756542,,-0.08095723014256619,0.04557257225883058,0.26317329649704263,-0.00044942471605334154,6.856826264461387,0.0037398279317768885,0.0037398279317768885,8.744285161179699e-05,0.294221497717948,3,5,5,2,2,stage_a_context,,long,2-way,True,,production,,,-0.09381414320077323,0.4192592592592594,primary_target,0,ranking,rejected,"{""checks"": {""n_folds"": {""value"": 3, ""threshold"": 3, ""passed"": true}, ""presence_freq"": {""value"": 1.0, ""threshold"": 0.75, ""passed"": true}, ""directional_mean_ret"": {""value"": 0.29430894056955975, ""threshold"": 0.0, ""passed"": true}, ""hurdle_excess"": {""value"": 0.294221497717948, ""threshold"": 0.0, ""passed"": true}, ""min_support_actual"": {""value"": 2634, ""threshold"": 50, ""passed"": true}, ""is_structurally_sound"": {""value"": false, ""passed"": false}, ""trade_path_quality_score"": {""value"": -0.00044942471605334154, ""threshold"": 0.0, ""passed"": false}}, ""failures"": [""structural_soundness_fail: "", ""trade_path_quality_score=-0.000449 < 0.000000""], ""warnings"": [], ""classification"": ""rejected""}"
(*)|(*)|(reg_atr_change_rate_ts_band25_75==0&reg_atr_change_rate_ts_bot80==1&reg_atr_change_rate_ts_top20==0&reg_atr_change_rate_ts_top30==0),*,*,reg_atr_change_rate_ts_band25_75==0&reg_atr_change_rate_ts_bot80==1&reg_atr_change_rate_ts_top20==0&reg_atr_change_rate_ts_top30==0,0.29430894056955975,0.29430894056955975,0.0066945167665585946,0.1841146449247996,0.2008148148148148,0.007144213079217462,1.0,1.0,0.522196261682243,2634,,,0.06180544147305337,0.04676838229100139,0.062222987825406494,0.07705127383128192,,1.0,,,,0.1340069281756542,,-0.08095723014256619,0.04557257225883058,0.26317329649704263,-0.00044942471605334154,6.856826264461387,0.0037398279317768885,0.0037398279317768885,9.25865487654321e-05,0.2942163540207943,3,1,1,4,4,stage_a_context,,long,4-way,True,,production,,,-0.09381414320077323,0.4192592592592594,primary_target,0,ranking,rejected,"{""checks"": {""n_folds"": {""value"": 3, ""threshold"": 3, ""passed"": true}, ""presence_freq"": {""value"": 1.0, ""threshold"": 0.75, ""passed"": true}, ""directional_mean_ret"": {""value"": 0.29430894056955975, ""threshold"": 0.0, ""passed"": true}, ""hurdle_excess"": {""value"": 0.2942163540207943, ""threshold"": 0.0, ""passed"": true}, ""min_support_actual"": {""value"": 2634, ""threshold"": 50, ""passed"": true}, ""is_structurally_sound"": {""value"": false, ""passed"": false}, ""trade_path_quality_score"": {""value"": -0.00044942471605334154, ""threshold"": 0.0, ""passed"": false}}, ""failures"": [""structural_soundness_fail: "", ""trade_path_quality_score=-0.000449 < 0.000000""], ""warnings"": [], ""classification"": ""rejected""}"
(*)|(loc_dist_ema20_atr_ts_band25_75==0&loc_dist_ema20_atr_ts_bot80==1)|(reg_atr_change_rate_ts_top20==0&reg_atr_change_rate_ts_top30==0),*,loc_dist_ema20_atr_ts_band25_75==0&loc_dist_ema20_atr_ts_bot80==1,reg_atr_change_rate_ts_top20==0&reg_atr_change_rate_ts_top30==0,0.29430894056955975,0.29430894056955975,0.0066945167665585946,0.1841146449247996,0.2008148148148148,0.007144213079217462,1.0,1.0,0.522196261682243,2634,,,0.06180544147305337,0.04676838229100139,0.062222987825406494,0.07705127383128192,,1.0,,,,0.1340069281756542,,-0.08095723014256619,0.04557257225883058,0.26317329649704263,-0.00044942471605334154,6.856826264461387,0.0037398279317768885,0.0037398279317768885,9.25865487654321e-05,0.2942163540207943,3,1,1,4,4,stage_a_context,,long,4-way,True,,production,,,-0.09381414320077323,0.4192592592592594,primary_target,0,ranking,rejected,"{""checks"": {""n_folds"": {""value"": 3, ""threshold"": 3, ""passed"": true}, ""presence_freq"": {""value"": 1.0, ""threshold"": 0.75, ""passed"": true}, ""directional_mean_ret"": {""value"": 0.29430894056955975, ""threshold"": 0.0, ""passed"": true}, ""hurdle_excess"": {""value"": 0.2942163540207943, ""threshold"": 0.0, ""passed"": true}, ""min_support_actual"": {""value"": 2634, ""threshold"": 50, ""passed"": true}, ""is_structurally_sound"": {""value"": false, ""passed"": false}, ""trade_path_quality_score"": {""value"": -0.00044942471605334154, ""threshold"": 0.0, ""passed"": false}}, ""failures"": [""structural_soundness_fail: "", ""trade_path_quality_score=-0.000449 < 0.000000""], ""warnings"": [], ""classification"": ""rejected""}"
(*)|(loc_dist_ema20_atr_ts_band25_75==0)|(reg_atr_change_rate_ts_band30_70==0&reg_atr_change_rate_ts_bot20==1&reg_atr_change_rate_ts_top30==0&reg_atr_change_rate_ts_top80==0&reg_ema20_gt_ema50_raw==0),*,loc_dist_ema20_atr_ts_band25_75==0,reg_atr_change_rate_ts_band30_70==0&reg_atr_change_rate_ts_bot20==1&reg_atr_change_rate_ts_top30==0&reg_atr_change_rate_ts_top80==0&reg_ema20_gt_ema50_raw==0,0.29430894056955975,0.29430894056955975,0.0066945167665585946,0.1841146449247996,0.2008148148148148,0.007144213079217462,1.0,1.0,0.522196261682243,2634,,,0.06180544147305337,0.04676838229100139,0.062222987825406494,0.07705127383128192,,1.0,,,,0.1340069281756542,,-0.08095723014256619,0.04557257225883058,0.26317329649704263,-0.00044942471605334154,6.856826264461387,0.0037398279317768885,0.0037398279317768885,9.25865487654321e-05,0.2942163540207943,3,1,1,6,6,stage_a_context,,long,6-way,True,,production,,,-0.09381414320077323,0.4192592592592594,primary_target,0,ranking,rejected,"{""checks"": {""n_folds"": {""value"": 3, ""threshold"": 3, ""passed"": true}, ""presence_freq"": {""value"": 1.0, ""threshold"": 0.75, ""passed"": true}, ""directional_mean_ret"": {""value"": 0.29430894056955975, ""threshold"": 0.0, ""passed"": true}, ""hurdle_excess"": {""value"": 0.2942163540207943, ""threshold"": 0.0, ""passed"": true}, ""min_support_actual"": {""value"": 2634, ""threshold"": 50, ""passed"": true}, ""is_structurally_sound"": {""value"": false, ""passed"": false}, ""trade_path_quality_score"": {""value"": -0.00044942471605334154, ""threshold"": 0.0, ""passed"": false}}, ""failures"": [""structural_soundness_fail: "", ""trade_path_quality_score=-0.000449 < 0.000000""], ""warnings"": [], ""classification"": ""rejected""}"
(*)|(loc_dist_ema20_atr_ts_bot20==1)|(reg_atr_change_rate_ts_band20_80==0),*,loc_dist_ema20_atr_ts_bot20==1,reg_atr_change_rate_ts_band20_80==0,0.29430894056955975,0.29430894056955975,0.0066945167665585946,0.1841146449247996,0.2008148148148148,0.007144213079217462,1.0,1.0,0.522196261682243,2634,,,0.06180544147305337,0.04676838229100139,0.062222987825406494,0.07705127383128192,,1.0,,,,0.1340069281756542,,-0.08095723014256619,0.04557257225883058,0.26317329649704263,-0.00044942471605334154,6.856826264461387,0.0037398279317768885,0.0037398279317768885,8.744285161179699e-05,0.294221497717948,3,1,1,2,2,stage_a_context,,long,2-way,True,,production,,,-0.09381414320077323,0.4192592592592594,primary_target,0,ranking,rejected,"{""checks"": {""n_folds"": {""value"": 3, ""threshold"": 3, ""passed"": true}, ""presence_freq"": {""value"": 1.0, ""threshold"": 0.75, ""passed"": true}, ""directional_mean_ret"": {""value"": 0.29430894056955975, ""threshold"": 0.0, ""passed"": true}, ""hurdle_excess"": {""value"": 0.294221497717948, ""threshold"": 0.0, ""passed"": true}, ""min_support_actual"": {""value"": 2634, ""threshold"": 50, ""passed"": true}, ""is_structurally_sound"": {""value"": false, ""passed"": false}, ""trade_path_quality_score"": {""value"": -0.00044942471605334154, ""threshold"": 0.0, ""passed"": false}}, ""failures"": [""structural_soundness_fail: "", ""trade_path_quality_score=-0.000449 < 0.000000""], ""warnings"": [], ""classification"": ""rejected""}"
(*)|(loc_dist_ema20_atr_ts_bot20==1)|(reg_atr_change_rate_ts_band25_75==0&reg_atr_change_rate_ts_top30==0&reg_atr_change_rate_ts_top80==0&reg_ema50_gt_ema200_raw==0),*,loc_dist_ema20_atr_ts_bot20==1,reg_atr_change_rate_ts_band25_75==0&reg_atr_change_rate_ts_top30==0&reg_atr_change_rate_ts_top80==0&reg_ema50_gt_ema200_raw==0,0.29430894056955975,0.29430894056955975,0.0066945167665585946,0.1841146449247996,0.2008148148148148,0.007144213079217462,1.0,1.0,0.522196261682243,2634,,,0.06180544147305337,0.04676838229100139,0.062222987825406494,0.07705127383128192,,1.0,,,,0.1340069281756542,,-0.08095723014256619,0.04557257225883058,0.26317329649704263,-0.00044942471605334154,6.856826264461387,0.0037398279317768885,0.0037398279317768885,9.25865487654321e-05,0.2942163540207943,3,1,1,5,5,stage_a_context,,long,5-way,True,,production,,,-0.09381414320077323,0.4192592592592594,primary_target,0,ranking,rejected,"{""checks"": {""n_folds"": {""value"": 3, ""threshold"": 3, ""passed"": true}, ""presence_freq"": {""value"": 1.0, ""threshold"": 0.75, ""passed"": true}, ""directional_mean_ret"": {""value"": 0.29430894056955975, ""threshold"": 0.0, ""passed"": true}, ""hurdle_excess"": {""value"": 0.2942163540207943, ""threshold"": 0.0, ""passed"": true}, ""min_support_actual"": {""value"": 2634, ""threshold"": 50, ""passed"": true}, ""is_structurally_sound"": {""value"": false, ""passed"": false}, ""trade_path_quality_score"": {""value"": -0.00044942471605334154, ""threshold"": 0.0, ""passed"": false}}, ""failures"": [""structural_soundness_fail: "", ""trade_path_quality_score=-0.000449 < 0.000000""], ""warnings"": [], ""classification"": ""rejected""}"
(*)|(*)|(reg_atr_change_rate_ts_band20_80==1&reg_atr_change_rate_ts_band25_75==0&reg_atr_change_rate_ts_band40_60==0&reg_atr_change_rate_ts_top40==1),*,*,reg_atr_change_rate_ts_band20_80==1&reg_atr_change_rate_ts_band25_75==0&reg_atr_change_rate_ts_band40_60==0&reg_atr_change_rate_ts_top40==1,0.2616564979155858,0.2616564979155858,0.016842968704608885,0.15549410382906595,0.05130864197530865,0.0007893514747232493,1.0,1.0,0.5036585365853659,679,,,-0.006748155972314172,-0.01299839715338066,0.0025284380523897,0.004140382221104251,,0.6666666666666666,0.1477949503808871,3.1187851914414173,1.0,-0.1381992075003947,0.08339547252188467,1.0793632267020368,0.16703069403766127,0.05080475726273919,-0.0009103956749685951,7.246707358410672,0.0016656219230601565,0.0016656219230601565,9.488737462277093e-05,0.26156161054096305,3,1,1,4,4,stage_a_context,,long,4-way,True,,production,0.1477949503808871,0.08339547252188467,0.0714026260852878,0.22093827160493834,primary_target,0,ranking,rejected,"{""checks"": {""n_folds"": {""value"": 3, ""threshold"": 3, ""passed"": true}, ""presence_freq"": {""value"": 1.0, ""threshold"": 0.75, ""passed"": true}, ""directional_mean_ret"": {""value"": 0.2616564979155858, ""threshold"": 0.0, ""passed"": true}, ""hurdle_excess"": {""value"": 0.26156161054096305, ""threshold"": 0.0, ""passed"": true}, ""min_support_actual"": {""value"": 679, ""threshold"": 50, ""passed"": true}, ""is_structurally_sound"": {""value"": false, ""passed"": false}, ""trade_path_quality_score"": {""value"": -0.0009103956749685951, ""threshold"": 0.0, ""passed"": false}}, ""failures"": [""structural_soundness_fail: "", ""trade_path_quality_score=-0.000910 < 0.000000""], ""warnings"": [], ""classification"": ""rejected""}"
(*)|(*)|(reg_atr_change_rate_ts_band20_80==1&reg_atr_change_rate_ts_band25_75==0&reg_atr_change_rate_ts_top60==1),*,*,reg_atr_change_rate_ts_band20_80==1&reg_atr_change_rate_ts_band25_75==0&reg_atr_change_rate_ts_top60==1,0.2616564979155858,0.2616564979155858,0.016842968704608885,0.15549410382906595,0.05130864197530865,0.0007893514747232493,1.0,1.0,0.5036585365853659,679,,,-0.006748155972314172,-0.01299839715338066,0.0025284380523897,0.004140382221104251,,0.6666666666666666,0.1477949503808871,3.1187851914414173,1.0,-0.1381992075003947,0.08339547252188467,1.0793632267020368,0.16703069403766127,0.05080475726273919,-0.0009103956749685951,7.246707358410672,0.0016656219230601565,0.0016656219230601565,7.380129137326627e-05,0.2615826966242126,3,1,1,3,3,stage_a_context,,long,3-way,True,,production,0.1477949503808871,0.08339547252188467,0.0714026260852878,0.22093827160493834,primary_target,0,ranking,rejected,"{""checks"": {""n_folds"": {""value"": 3, ""threshold"": 3, ""passed"": true}, ""presence_freq"": {""value"": 1.0, ""threshold"": 0.75, ""passed"": true}, ""directional_mean_ret"": {""value"": 0.2616564979155858, ""threshold"": 0.0, ""passed"": true}, ""hurdle_excess"": {""value"": 0.2615826966242126, ""threshold"": 0.0, ""passed"": true}, ""min_support_actual"": {""value"": 679, ""threshold"": 50, ""passed"": true}, ""is_structurally_sound"": {""value"": false, ""passed"": false}, ""trade_path_quality_score"": {""value"": -0.0009103956749685951, ""threshold"": 0.0, ""passed"": false}}, ""failures"": [""structural_soundness_fail: "", ""trade_path_quality_score=-0.000910 < 0.000000""], ""warnings"": [], ""classification"": ""rejected""}"
(*)|(loc_dist_ema20_atr_ts_top30==1)|(reg_atr_change_rate_ts_band20_80==1&reg_atr_change_rate_ts_band25_75==0&reg_atr_change_rate_ts_band40_60==0),*,loc_dist_ema20_atr_ts_top30==1,reg_atr_change_rate_ts_band20_80==1&reg_atr_change_rate_ts_band25_75==0&reg_atr_change_rate_ts_band40_60==0,0.2616564979155858,0.2616564979155858,0.016842968704608885,0.15549410382906595,0.05130864197530865,0.0007893514747232493,1.0,1.0,0.5036585365853659,679,,,-0.006748155972314172,-0.01299839715338066,0.0025284380523897,0.004140382221104251,,0.6666666666666666,0.1477949503808871,3.1187851914414173,1.0,-0.1381992075003947,0.08339547252188467,1.0793632267020368,0.16703069403766127,0.05080475726273919,-0.0009103956749685951,7.246707358410672,0.0016656219230601565,0.0016656219230601565,9.488737462277093e-05,0.26156161054096305,3,1,1,4,4,stage_a_context,,long,4-way,True,,production,0.1477949503808871,0.08339547252188467,0.0714026260852878,0.22093827160493834,primary_target,0,ranking,rejected,"{""checks"": {""n_folds"": {""value"": 3, ""threshold"": 3, ""passed"": true}, ""presence_freq"": {""value"": 1.0, ""threshold"": 0.75, ""passed"": true}, ""directional_mean_ret"": {""value"": 0.2616564979155858, ""threshold"": 0.0, ""passed"": true}, ""hurdle_excess"": {""value"": 0.26156161054096305, ""threshold"": 0.0, ""passed"": true}, ""min_support_actual"": {""value"": 679, ""threshold"": 50, ""passed"": true}, ""is_structurally_sound"": {""value"": false, ""passed"": false}, ""trade_path_quality_score"": {""value"": -0.0009103956749685951, ""threshold"": 0.0, ""passed"": false}}, ""failures"": [""structural_soundness_fail: "", ""trade_path_quality_score=-0.000910 < 0.000000""], ""warnings"": [], ""classification"": ""rejected""}"
(*)|(*)|(reg_atr_change_rate_ts_band20_80==1&reg_atr_change_rate_ts_band25_75==1&reg_atr_change_rate_ts_band40_60==0&reg_atr_change_rate_ts_bot70==1&reg_atr_change_rate_ts_top40==1&reg_ema20_gt_ema50_raw==0),*,*,reg_atr_change_rate_ts_band20_80==1&reg_atr_change_rate_ts_band25_75==1&reg_atr_change_rate_ts_band40_60==0&reg_atr_change_rate_ts_bot70==1&reg_atr_change_rate_ts_top40==1&reg_ema20_gt_ema50_raw==0,0.25236289699872333,0.25236289699872333,0.00745248406097627,0.15834415455659231,0.07953086419753086,0.008826392092947628,1.0,1.0,0.5185659411011524,909,,,-0.029489082695923582,-0.031737132384353724,-0.025106117575482884,-0.02504955044727309,,0.0,,,,-0.12912836461122698,,,,0.03623904116624627,-0.0005594523081557504,7.325713082783749,0.0016053207819498275,0.0016053207819498275,9.186069807956105e-05,0.2522710363006438,3,1,1,6,6,stage_a_context,,long,6-way,True,,production,,,0.05473942023099817,0.6724938271604937,primary_target,0,ranking,rejected,"{""checks"": {""n_folds"": {""value"": 3, ""threshold"": 3, ""passed"": true}, ""presence_freq"": {""value"": 1.0, ""threshold"": 0.75, ""passed"": true}, ""directional_mean_ret"": {""value"": 0.25236289699872333, ""threshold"": 0.0, ""passed"": true}, ""hurdle_excess"": {""value"": 0.2522710363006438, ""threshold"": 0.0, ""passed"": true}, ""min_support_actual"": {""value"": 909, ""threshold"": 50, ""passed"": true}, ""is_structurally_sound"": {""value"": false, ""passed"": false}, ""trade_path_quality_score"": {""value"": -0.0005594523081557504, ""threshold"": 0.0, ""passed"": false}}, ""failures"": [""structural_soundness_fail: "", ""trade_path_quality_score=-0.000559 < 0.000000""], ""warnings"": [], ""classification"": ""rejected""}"
(*)|(*)|(reg_atr_change_rate_ts_band20_80==1&reg_atr_change_rate_ts_band25_75==1&reg_atr_change_rate_ts_band40_60==0&reg_atr_change_rate_ts_top40==1&reg_atr_change_rate_ts_top70==0&reg_ema20_gt_ema50_raw==0),*,*,reg_atr_change_rate_ts_band20_80==1&reg_atr_change_rate_ts_band25_75==1&reg_atr_change_rate_ts_band40_60==0&reg_atr_change_rate_ts_top40==1&reg_atr_change_rate_ts_top70==0&reg_ema20_gt_ema50_raw==0,0.25236289699872333,0.25236289699872333,0.00745248406097627,0.15834415455659231,0.07953086419753086,0.008826392092947628,1.0,1.0,0.5185659411011524,909,,,-0.029489082695923582,-0.031737132384353724,-0.025106117575482884,-0.02504955044727309,,0.0,,,,-0.12912836461122698,,,,0.03623904116624627,-0.0005594523081557504,7.325713082783749,0.0016053207819498275,0.0016053207819498275,9.186069807956105e-05,0.2522710363006438,3,2,2,6,6,stage_a_context,,long,6-way,True,,production,,,0.05473942023099817,0.6724938271604937,primary_target,0,ranking,rejected,"{""checks"": {""n_folds"": {""value"": 3, ""threshold"": 3, ""passed"": true}, ""presence_freq"": {""value"": 1.0, ""threshold"": 0.75, ""passed"": true}, ""directional_mean_ret"": {""value"": 0.25236289699872333, ""threshold"": 0.0, ""passed"": true}, ""hurdle_excess"": {""value"": 0.2522710363006438, ""threshold"": 0.0, ""passed"": true}, ""min_support_actual"": {""value"": 909, ""threshold"": 50, ""passed"": true}, ""is_structurally_sound"": {""value"": false, ""passed"": false}, ""trade_path_quality_score"": {""value"": -0.0005594523081557504, ""threshold"": 0.0, ""passed"": false}}, ""failures"": [""structural_soundness_fail: "", ""trade_path_quality_score=-0.000559 < 0.000000""], ""warnings"": [], ""classification"": ""rejected""}"
(*)|(*)|(reg_atr_change_rate_ts_band20_80==1&reg_atr_change_rate_ts_band25_75==1&reg_atr_change_rate_ts_top50==1&reg_atr_change_rate_ts_top60==1&reg_atr_change_rate_ts_top70==0&reg_ema20_gt_ema50_raw==0),*,*,reg_atr_change_rate_ts_band20_80==1&reg_atr_change_rate_ts_band25_75==1&reg_atr_change_rate_ts_top50==1&reg_atr_change_rate_ts_top60==1&reg_atr_change_rate_ts_top70==0&reg_ema20_gt_ema50_raw==0,0.25236289699872333,0.25236289699872333,0.00745248406097627,0.15834415455659231,0.07953086419753086,0.008826392092947628,1.0,1.0,0.5185659411011524,909,,,-0.029489082695923582,-0.031737132384353724,-0.025106117575482884,-0.02504955044727309,,0.0,,,,-0.12912836461122698,,,,0.03623904116624627,-0.0005594523081557504,7.325713082783749,0.0016053207819498275,0.0016053207819498275,9.186069807956105e-05,0.2522710363006438,3,1,1,6,6,stage_a_context,,long,6-way,True,,production,,,0.05473942023099817,0.6724938271604937,primary_target,0,ranking,rejected,"{""checks"": {""n_folds"": {""value"": 3, ""threshold"": 3, ""passed"": true}, ""presence_freq"": {""value"": 1.0, ""threshold"": 0.75, ""passed"": true}, ""directional_mean_ret"": {""value"": 0.25236289699872333, ""threshold"": 0.0, ""passed"": true}, ""hurdle_excess"": {""value"": 0.2522710363006438, ""threshold"": 0.0, ""passed"": true}, ""min_support_actual"": {""value"": 909, ""threshold"": 50, ""passed"": true}, ""is_structurally_sound"": {""value"": false, ""passed"": false}, ""trade_path_quality_score"": {""value"": -0.0005594523081557504, ""threshold"": 0.0, ""passed"": false}}, ""failures"": [""structural_soundness_fail: "", ""trade_path_quality_score=-0.000559 < 0.000000""], ""warnings"": [], ""classification"": ""rejected""}"
(*)|(*)|(reg_atr_change_rate_ts_band20_80==1&reg_atr_change_rate_ts_band30_70==1&reg_atr_change_rate_ts_band40_60==0&reg_atr_change_rate_ts_bot50==0&reg_atr_change_rate_ts_top40==1&reg_ema50_gt_ema200_raw==0),*,*,reg_atr_change_rate_ts_band20_80==1&reg_atr_change_rate_ts_band30_70==1&reg_atr_change_rate_ts_band40_60==0&reg_atr_change_rate_ts_bot50==0&reg_atr_change_rate_ts_top40==1&reg_ema50_gt_ema200_raw==0,0.25236289699872333,0.25236289699872333,0.00745248406097627,0.15834415455659231,0.07953086419753086,0.008826392092947628,1.0,1.0,0.5185659411011524,909,,,-0.029489082695923582,-0.031737132384353724,-0.025106117575482884,-0.02504955044727309,,0.0,,,,-0.12912836461122698,,,,0.03623904116624627,-0.0005594523081557504,7.325713082783749,0.0016053207819498275,0.0016053207819498275,9.186069807956105e-05,0.2522710363006438,3,1,1,6,6,stage_a_context,,long,6-way,True,,production,,,0.05473942023099817,0.6724938271604937,primary_target,0,ranking,rejected,"{""checks"": {""n_folds"": {""value"": 3, ""threshold"": 3, ""passed"": true}, ""presence_freq"": {""value"": 1.0, ""threshold"": 0.75, ""passed"": true}, ""directional_mean_ret"": {""value"": 0.25236289699872333, ""threshold"": 0.0, ""passed"": true}, ""hurdle_excess"": {""value"": 0.2522710363006438, ""threshold"": 0.0, ""passed"": true}, ""min_support_actual"": {""value"": 909, ""threshold"": 50, ""passed"": true}, ""is_structurally_sound"": {""value"": false, ""passed"": false}, ""trade_path_quality_score"": {""value"": -0.0005594523081557504, ""threshold"": 0.0, ""passed"": false}}, ""failures"": [""structural_soundness_fail: "", ""trade_path_quality_score=-0.000559 < 0.000000""], ""warnings"": [], ""classification"": ""rejected""}"
(*)|(*)|(reg_atr_change_rate_ts_band20_80==1&reg_atr_change_rate_ts_band40_60==0&reg_atr_change_rate_ts_bot70==1&reg_atr_change_rate_ts_top30==1&reg_atr_change_rate_ts_top40==1&reg_ema50_gt_ema200_raw==0),*,*,reg_atr_change_rate_ts_band20_80==1&reg_atr_change_rate_ts_band40_60==0&reg_atr_change_rate_ts_bot70==1&reg_atr_change_rate_ts_top30==1&reg_atr_change_rate_ts_top40==1&reg_ema50_gt_ema200_raw==0,0.25236289699872333,0.25236289699872333,0.00745248406097627,0.15834415455659231,0.07953086419753086,0.008826392092947628,1.0,1.0,0.5185659411011524,909,,,-0.029489082695923582,-0.031737132384353724,-0.025106117575482884,-0.02504955044727309,,0.0,,,,-0.12912836461122698,,,,0.03623904116624627,-0.0005594523081557504,7.325713082783749,0.0016053207819498275,0.0016053207819498275,9.186069807956105e-05,0.2522710363006438,3,1,1,6,6,stage_a_context,,long,6-way,True,,production,,,0.05473942023099817,0.6724938271604937,primary_target,0,ranking,rejected,"{""checks"": {""n_folds"": {""value"": 3, ""threshold"": 3, ""passed"": true}, ""presence_freq"": {""value"": 1.0, ""threshold"": 0.75, ""passed"": true}, ""directional_mean_ret"": {""value"": 0.25236289699872333, ""threshold"": 0.0, ""passed"": true}, ""hurdle_excess"": {""value"": 0.2522710363006438, ""threshold"": 0.0, ""passed"": true}, ""min_support_actual"": {""value"": 909, ""threshold"": 50, ""passed"": true}, ""is_structurally_sound"": {""value"": false, ""passed"": false}, ""trade_path_quality_score"": {""value"": -0.0005594523081557504, ""threshold"": 0.0, ""passed"": false}}, ""failures"": [""structural_soundness_fail: "", ""trade_path_quality_score=-0.000559 < 0.000000""], ""warnings"": [], ""classification"": ""rejected""}"
(*)|(*)|(reg_atr_change_rate_ts_band20_80==1&reg_atr_change_rate_ts_band40_60==0&reg_atr_change_rate_ts_bot70==1&reg_atr_change_rate_ts_top40==1&reg_ema50_gt_ema200_raw==0),*,*,reg_atr_change_rate_ts_band20_80==1&reg_atr_change_rate_ts_band40_60==0&reg_atr_change_rate_ts_bot70==1&reg_atr_change_rate_ts_top40==1&reg_ema50_gt_ema200_raw==0,0.25236289699872333,0.25236289699872333,0.00745248406097627,0.15834415455659231,0.07953086419753086,0.008826392092947628,1.0,1.0,0.5185659411011524,909,,,-0.029489082695923582,-0.031737132384353724,-0.025106117575482884,-0.02504955044727309,,0.0,,,,-0.12912836461122698,,,,0.03623904116624627,-0.0005594523081557504,7.325713082783749,0.0016053207819498275,0.0016053207819498275,9.186069807956105e-05,0.2522710363006438,3,1,1,5,5,stage_a_context,,long,5-way,True,,production,,,0.05473942023099817,0.6724938271604937,primary_target,0,ranking,rejected,"{""checks"": {""n_folds"": {""value"": 3, ""threshold"": 3, ""passed"": true}, ""presence_freq"": {""value"": 1.0, ""threshold"": 0.75, ""passed"": true}, ""directional_mean_ret"": {""value"": 0.25236289699872333, ""threshold"": 0.0, ""passed"": true}, ""hurdle_excess"": {""value"": 0.2522710363006438, ""threshold"": 0.0, ""passed"": true}, ""min_support_actual"": {""value"": 909, ""threshold"": 50, ""passed"": true}, ""is_structurally_sound"": {""value"": false, ""passed"": false}, ""trade_path_quality_score"": {""value"": -0.0005594523081557504, ""threshold"": 0.0, ""passed"": false}}, ""failures"": [""structural_soundness_fail: "", ""trade_path_quality_score=-0.000559 < 0.000000""], ""warnings"": [], ""classification"": ""rejected""}"
(*)|(*)|(reg_atr_change_rate_ts_band20_80==1&reg_atr_change_rate_ts_band40_60==0&reg_atr_change_rate_ts_top30==1&reg_atr_change_rate_ts_top40==1&reg_atr_change_rate_ts_top70==0&reg_ema50_gt_ema200_raw==0),*,*,reg_atr_change_rate_ts_band20_80==1&reg_atr_change_rate_ts_band40_60==0&reg_atr_change_rate_ts_top30==1&reg_atr_change_rate_ts_top40==1&reg_atr_change_rate_ts_top70==0&reg_ema50_gt_ema200_raw==0,0.25236289699872333,0.25236289699872333,0.00745248406097627,0.15834415455659231,0.07953086419753086,0.008826392092947628,1.0,1.0,0.5185659411011524,909,,,-0.029489082695923582,-0.031737132384353724,-0.025106117575482884,-0.02504955044727309,,0.0,,,,-0.12912836461122698,,,,0.03623904116624627,-0.0005594523081557504,7.325713082783749,0.0016053207819498275,0.0016053207819498275,9.186069807956105e-05,0.2522710363006438,3,1,1,6,6,stage_a_context,,long,6-way,True,,production,,,0.05473942023099817,0.6724938271604937,primary_target,0,ranking,rejected,"{""checks"": {""n_folds"": {""value"": 3, ""threshold"": 3, ""passed"": true}, ""presence_freq"": {""value"": 1.0, ""threshold"": 0.75, ""passed"": true}, ""directional_mean_ret"": {""value"": 0.25236289699872333, ""threshold"": 0.0, ""passed"": true}, ""hurdle_excess"": {""value"": 0.2522710363006438, ""threshold"": 0.0, ""passed"": true}, ""min_support_actual"": {""value"": 909, ""threshold"": 50, ""passed"": true}, ""is_structurally_sound"": {""value"": false, ""passed"": false}, ""trade_path_quality_score"": {""value"": -0.0005594523081557504, ""threshold"": 0.0, ""passed"": false}}, ""failures"": [""structural_soundness_fail: "", ""trade_path_quality_score=-0.000559 < 0.000000""], ""warnings"": [], ""classification"": ""rejected""}"
(*)|(*)|(reg_atr_change_rate_ts_band20_80==1&reg_atr_change_rate_ts_band40_60==0&reg_atr_change_rate_ts_top40==1&reg_atr_change_rate_ts_top70==0&reg_ema20_gt_ema50_raw==0),*,*,reg_atr_change_rate_ts_band20_80==1&reg_atr_change_rate_ts_band40_60==0&reg_atr_change_rate_ts_top40==1&reg_atr_change_rate_ts_top70==0&reg_ema20_gt_ema50_raw==0,0.25236289699872333,0.25236289699872333,0.00745248406097627,0.15834415455659231,0.07953086419753086,0.008826392092947628,1.0,1.0,0.5185659411011524,909,,,-0.029489082695923582,-0.031737132384353724,-0.025106117575482884,-0.02504955044727309,,0.0,,,,-0.12912836461122698,,,,0.03623904116624627,-0.0005594523081557504,7.325713082783749,0.0016053207819498275,0.0016053207819498275,9.186069807956105e-05,0.2522710363006438,3,1,1,5,5,stage_a_context,,long,5-way,True,,production,,,0.05473942023099817,0.6724938271604937,primary_target,0,ranking,rejected,"{""checks"": {""n_folds"": {""value"": 3, ""threshold"": 3, ""passed"": true}, ""presence_freq"": {""value"": 1.0, ""threshold"": 0.75, ""passed"": true}, ""directional_mean_ret"": {""value"": 0.25236289699872333, ""threshold"": 0.0, ""passed"": true}, ""hurdle_excess"": {""value"": 0.2522710363006438, ""threshold"": 0.0, ""passed"": true}, ""min_support_actual"": {""value"": 909, ""threshold"": 50, ""passed"": true}, ""is_structurally_sound"": {""value"": false, ""passed"": false}, ""trade_path_quality_score"": {""value"": -0.0005594523081557504, ""threshold"": 0.0, ""passed"": false}}, ""failures"": [""structural_soundness_fail: "", ""trade_path_quality_score=-0.000559 < 0.000000""], ""warnings"": [], ""classification"": ""rejected""}"
(*)|(*)|(reg_atr_change_rate_ts_band20_80==1&reg_atr_change_rate_ts_band40_60==0&reg_atr_change_rate_ts_top40==1&reg_atr_change_rate_ts_top70==0&reg_ema50_gt_ema200_raw==0),*,*,reg_atr_change_rate_ts_band20_80==1&reg_atr_change_rate_ts_band40_60==0&reg_atr_change_rate_ts_top40==1&reg_atr_change_rate_ts_top70==0&reg_ema50_gt_ema200_raw==0,0.25236289699872333,0.25236289699872333,0.00745248406097627,0.15834415455659231,0.07953086419753086,0.008826392092947628,1.0,1.0,0.5185659411011524,909,,,-0.029489082695923582,-0.031737132384353724,-0.025106117575482884,-0.02504955044727309,,0.0,,,,-0.12912836461122698,,,,0.03623904116624627,-0.0005594523081557504,7.325713082783749,0.0016053207819498275,0.0016053207819498275,9.186069807956105e-05,0.2522710363006438,3,1,1,5,5,stage_a_context,,long,5-way,True,,production,,,0.05473942023099817,0.6724938271604937,primary_target,0,ranking,rejected,"{""checks"": {""n_folds"": {""value"": 3, ""threshold"": 3, ""passed"": true}, ""presence_freq"": {""value"": 1.0, ""threshold"": 0.75, ""passed"": true}, ""directional_mean_ret"": {""value"": 0.25236289699872333, ""threshold"": 0.0, ""passed"": true}, ""hurdle_excess"": {""value"": 0.2522710363006438, ""threshold"": 0.0, ""passed"": true}, ""min_support_actual"": {""value"": 909, ""threshold"": 50, ""passed"": true}, ""is_structurally_sound"": {""value"": false, ""passed"": false}, ""trade_path_quality_score"": {""value"": -0.0005594523081557504, ""threshold"": 0.0, ""passed"": false}}, ""failures"": [""structural_soundness_fail: "", ""trade_path_quality_score=-0.000559 < 0.000000""], ""warnings"": [], ""classification"": ""rejected""}"
(*)|(*)|(reg_atr_change_rate_ts_band20_80==1&reg_atr_change_rate_ts_top30==1&reg_atr_change_rate_ts_top50==1&reg_atr_change_rate_ts_top60==1&reg_atr_change_rate_ts_top70==0&reg_ema20_gt_ema50_raw==0),*,*,reg_atr_change_rate_ts_band20_80==1&reg_atr_change_rate_ts_top30==1&reg_atr_change_rate_ts_top50==1&reg_atr_change_rate_ts_top60==1&reg_atr_change_rate_ts_top70==0&reg_ema20_gt_ema50_raw==0,0.25236289699872333,0.25236289699872333,0.00745248406097627,0.15834415455659231,0.07953086419753086,0.008826392092947628,1.0,1.0,0.5185659411011524,909,,,-0.029489082695923582,-0.031737132384353724,-0.025106117575482884,-0.02504955044727309,,0.0,,,,-0.12912836461122698,,,,0.03623904116624627,-0.0005594523081557504,7.325713082783749,0.0016053207819498275,0.0016053207819498275,9.186069807956105e-05,0.2522710363006438,3,1,1,6,6,stage_a_context,,long,6-way,True,,production,,,0.05473942023099817,0.6724938271604937,primary_target,0,ranking,rejected,"{""checks"": {""n_folds"": {""value"": 3, ""threshold"": 3, ""passed"": true}, ""presence_freq"": {""value"": 1.0, ""threshold"": 0.75, ""passed"": true}, ""directional_mean_ret"": {""value"": 0.25236289699872333, ""threshold"": 0.0, ""passed"": true}, ""hurdle_excess"": {""value"": 0.2522710363006438, ""threshold"": 0.0, ""passed"": true}, ""min_support_actual"": {""value"": 909, ""threshold"": 50, ""passed"": true}, ""is_structurally_sound"": {""value"": false, ""passed"": false}, ""trade_path_quality_score"": {""value"": -0.0005594523081557504, ""threshold"": 0.0, ""passed"": false}}, ""failures"": [""structural_soundness_fail: "", ""trade_path_quality_score=-0.000559 < 0.000000""], ""warnings"": [], ""classification"": ""rejected""}"
(*)|(*)|(reg_atr_change_rate_ts_band25_75==1&reg_atr_change_rate_ts_band40_60==0&reg_atr_change_rate_ts_top40==1&reg_atr_change_rate_ts_top70==0&reg_ema20_gt_ema50_raw==0),*,*,reg_atr_change_rate_ts_band25_75==1&reg_atr_change_rate_ts_band40_60==0&reg_atr_change_rate_ts_top40==1&reg_atr_change_rate_ts_top70==0&reg_ema20_gt_ema50_raw==0,0.25236289699872333,0.25236289699872333,0.00745248406097627,0.15834415455659231,0.07953086419753086,0.008826392092947628,1.0,1.0,0.5185659411011524,909,,,-0.029489082695923582,-0.031737132384353724,-0.025106117575482884,-0.02504955044727309,,0.0,,,,-0.12912836461122698,,,,0.03623904116624627,-0.0005594523081557504,7.325713082783749,0.0016053207819498275,0.0016053207819498275,9.186069807956105e-05,0.2522710363006438,3,1,1,5,5,stage_a_context,,long,5-way,True,,production,,,0.05473942023099817,0.6724938271604937,primary_target,0,ranking,rejected,"{""checks"": {""n_folds"": {""value"": 3, ""threshold"": 3, ""passed"": true}, ""presence_freq"": {""value"": 1.0, ""threshold"": 0.75, ""passed"": true}, ""directional_mean_ret"": {""value"": 0.25236289699872333, ""threshold"": 0.0, ""passed"": true}, ""hurdle_excess"": {""value"": 0.2522710363006438, ""threshold"": 0.0, ""passed"": true}, ""min_support_actual"": {""value"": 909, ""threshold"": 50, ""passed"": true}, ""is_structurally_sound"": {""value"": false, ""passed"": false}, ""trade_path_quality_score"": {""value"": -0.0005594523081557504, ""threshold"": 0.0, ""passed"": false}}, ""failures"": [""structural_soundness_fail: "", ""trade_path_quality_score=-0.000559 < 0.000000""], ""warnings"": [], ""classification"": ""rejected""}"
(*)|(loc_dist_ema20_atr_ts_band20_80==1&loc_dist_ema20_atr_ts_band30_70==1&loc_dist_ema20_atr_ts_top50==1)|(reg_atr_change_rate_ts_top40==1&reg_atr_change_rate_ts_top60==1&reg_ema20_gt_ema50_raw==0),*,loc_dist_ema20_atr_ts_band20_80==1&loc_dist_ema20_atr_ts_band30_70==1&loc_dist_ema20_atr_ts_top50==1,reg_atr_change_rate_ts_top40==1&reg_atr_change_rate_ts_top60==1&reg_ema20_gt_ema50_raw==0,0.25236289699872333,0.25236289699872333,0.00745248406097627,0.15834415455659231,0.07953086419753086,0.008826392092947628,1.0,1.0,0.5185659411011524,909,,,-0.029489082695923582,-0.031737132384353724,-0.025106117575482884,-0.02504955044727309,,0.0,,,,-0.12912836461122698,,,,0.03623904116624627,-0.0005594523081557504,7.325713082783749,0.0016053207819498275,0.0016053207819498275,9.186069807956105e-05,0.2522710363006438,3,1,1,6,6,stage_a_context,,long,6-way,True,,production,,,0.05473942023099817,0.6724938271604937,primary_target,0,ranking,rejected,"{""checks"": {""n_folds"": {""value"": 3, ""threshold"": 3, ""passed"": true}, ""presence_freq"": {""value"": 1.0, ""threshold"": 0.75, ""passed"": true}, ""directional_mean_ret"": {""value"": 0.25236289699872333, ""threshold"": 0.0, ""passed"": true}, ""hurdle_excess"": {""value"": 0.2522710363006438, ""threshold"": 0.0, ""passed"": true}, ""min_support_actual"": {""value"": 909, ""threshold"": 50, ""passed"": true}, ""is_structurally_sound"": {""value"": false, ""passed"": false}, ""trade_path_quality_score"": {""value"": -0.0005594523081557504, ""threshold"": 0.0, ""passed"": false}}, ""failures"": [""structural_soundness_fail: "", ""trade_path_quality_score=-0.000559 < 0.000000""], ""warnings"": [], ""classification"": ""rejected""}"
(*)|(loc_dist_ema20_atr_ts_band20_80==1&loc_dist_ema20_atr_ts_top40==1)|(reg_atr_change_rate_ts_band25_75==1&reg_atr_change_rate_ts_band40_60==0&reg_atr_change_rate_ts_top70==0&reg_ema50_gt_ema200_raw==0),*,loc_dist_ema20_atr_ts_band20_80==1&loc_dist_ema20_atr_ts_top40==1,reg_atr_change_rate_ts_band25_75==1&reg_atr_change_rate_ts_band40_60==0&reg_atr_change_rate_ts_top70==0&reg_ema50_gt_ema200_raw==0,0.25236289699872333,0.25236289699872333,0.00745248406097627,0.15834415455659231,0.07953086419753086,0.008826392092947628,1.0,1.0,0.5185659411011524,909,,,-0.029489082695923582,-0.031737132384353724,-0.025106117575482884,-0.02504955044727309,,0.0,,,,-0.12912836461122698,,,,0.03623904116624627,-0.0005594523081557504,7.325713082783749,0.0016053207819498275,0.0016053207819498275,9.186069807956105e-05,0.2522710363006438,3,1,1,6,6,stage_a_context,,long,6-way,True,,production,,,0.05473942023099817,0.6724938271604937,primary_target,0,ranking,rejected,"{""checks"": {""n_folds"": {""value"": 3, ""threshold"": 3, ""passed"": true}, ""presence_freq"": {""value"": 1.0, ""threshold"": 0.75, ""passed"": true}, ""directional_mean_ret"": {""value"": 0.25236289699872333, ""threshold"": 0.0, ""passed"": true}, ""hurdle_excess"": {""value"": 0.2522710363006438, ""threshold"": 0.0, ""passed"": true}, ""min_support_actual"": {""value"": 909, ""threshold"": 50, ""passed"": true}, ""is_structurally_sound"": {""value"": false, ""passed"": false}, ""trade_path_quality_score"": {""value"": -0.0005594523081557504, ""threshold"": 0.0, ""passed"": false}}, ""failures"": [""structural_soundness_fail: "", ""trade_path_quality_score=-0.000559 < 0.000000""], ""warnings"": [], ""classification"": ""rejected""}"
(*)|(loc_dist_ema20_atr_ts_band20_80==1&loc_dist_ema20_atr_ts_top50==1)|(reg_atr_change_rate_ts_top30==1&reg_atr_change_rate_ts_top60==1&reg_atr_compression_ratio_ts_top70==0&reg_ema20_gt_ema50_raw==0),*,loc_dist_ema20_atr_ts_band20_80==1&loc_dist_ema20_atr_ts_top50==1,reg_atr_change_rate_ts_top30==1&reg_atr_change_rate_ts_top60==1&reg_atr_compression_ratio_ts_top70==0&reg_ema20_gt_ema50_raw==0,0.25236289699872333,0.25236289699872333,0.00745248406097627,0.15834415455659231,0.07953086419753086,0.008826392092947628,1.0,1.0,0.5185659411011524,909,,,-0.029489082695923582,-0.031737132384353724,-0.025106117575482884,-0.02504955044727309,,0.0,,,,-0.12912836461122698,,,,0.03623904116624627,-0.0005594523081557504,7.325713082783749,0.0016053207819498275,0.0016053207819498275,9.186069807956105e-05,0.2522710363006438,3,1,1,6,6,stage_a_context,,long,6-way,True,,production,,,0.05473942023099817,0.6724938271604937,primary_target,0,ranking,rejected,"{""checks"": {""n_folds"": {""value"": 3, ""threshold"": 3, ""passed"": true}, ""presence_freq"": {""value"": 1.0, ""threshold"": 0.75, ""passed"": true}, ""directional_mean_ret"": {""value"": 0.25236289699872333, ""threshold"": 0.0, ""passed"": true}, ""hurdle_excess"": {""value"": 0.2522710363006438, ""threshold"": 0.0, ""passed"": true}, ""min_support_actual"": {""value"": 909, ""threshold"": 50, ""passed"": true}, ""is_structurally_sound"": {""value"": false, ""passed"": false}, ""trade_path_quality_score"": {""value"": -0.0005594523081557504, ""threshold"": 0.0, ""passed"": false}}, ""failures"": [""structural_soundness_fail: "", ""trade_path_quality_score=-0.000559 < 0.000000""], ""warnings"": [], ""classification"": ""rejected""}"
(*)|(loc_dist_ema20_atr_ts_band20_80==1&loc_dist_ema20_atr_ts_top70==0)|(reg_atr_change_rate_ts_top40==1&reg_atr_change_rate_ts_top50==1&reg_atr_change_rate_ts_top60==1&reg_ema50_gt_ema200_raw==0),*,loc_dist_ema20_atr_ts_band20_80==1&loc_dist_ema20_atr_ts_top70==0,reg_atr_change_rate_ts_top40==1&reg_atr_change_rate_ts_top50==1&reg_atr_change_rate_ts_top60==1&reg_ema50_gt_ema200_raw==0,0.25236289699872333,0.25236289699872333,0.00745248406097627,0.15834415455659231,0.07953086419753086,0.008826392092947628,1.0,1.0,0.5185659411011524,909,,,-0.029489082695923582,-0.031737132384353724,-0.025106117575482884,-0.02504955044727309,,0.0,,,,-0.12912836461122698,,,,0.03623904116624627,-0.0005594523081557504,7.325713082783749,0.0016053207819498275,0.0016053207819498275,9.186069807956105e-05,0.2522710363006438,3,2,2,6,6,stage_a_context,,long,6-way,True,,production,,,0.05473942023099817,0.6724938271604937,primary_target,0,ranking,rejected,"{""checks"": {""n_folds"": {""value"": 3, ""threshold"": 3, ""passed"": true}, ""presence_freq"": {""value"": 1.0, ""threshold"": 0.75, ""passed"": true}, ""directional_mean_ret"": {""value"": 0.25236289699872333, ""threshold"": 0.0, ""passed"": true}, ""hurdle_excess"": {""value"": 0.2522710363006438, ""threshold"": 0.0, ""passed"": true}, ""min_support_actual"": {""value"": 909, ""threshold"": 50, ""passed"": true}, ""is_structurally_sound"": {""value"": false, ""passed"": false}, ""trade_path_quality_score"": {""value"": -0.0005594523081557504, ""threshold"": 0.0, ""passed"": false}}, ""failures"": [""structural_soundness_fail: "", ""trade_path_quality_score=-0.000559 < 0.000000""], ""warnings"": [], ""classification"": ""rejected""}"
(*)|(loc_dist_ema20_atr_ts_band20_80==1)|(reg_atr_change_rate_ts_bot30==0&reg_atr_change_rate_ts_bot70==1&reg_atr_change_rate_ts_top50==1&reg_atr_change_rate_ts_top60==1&reg_ema20_gt_ema50_raw==0),*,loc_dist_ema20_atr_ts_band20_80==1,reg_atr_change_rate_ts_bot30==0&reg_atr_change_rate_ts_bot70==1&reg_atr_change_rate_ts_top50==1&reg_atr_change_rate_ts_top60==1&reg_ema20_gt_ema50_raw==0,0.25236289699872333,0.25236289699872333,0.00745248406097627,0.15834415455659231,0.07953086419753086,0.008826392092947628,1.0,1.0,0.5185659411011524,909,,,-0.029489082695923582,-0.031737132384353724,-0.025106117575482884,-0.02504955044727309,,0.0,,,,-0.12912836461122698,,,,0.03623904116624627,-0.0005594523081557504,7.325713082783749,0.0016053207819498275,0.0016053207819498275,9.186069807956105e-05,0.2522710363006438,3,1,1,6,6,stage_a_context,,long,6-way,True,,production,,,0.05473942023099817,0.6724938271604937,primary_target,0,ranking,rejected,"{""checks"": {""n_folds"": {""value"": 3, ""threshold"": 3, ""passed"": true}, ""presence_freq"": {""value"": 1.0, ""threshold"": 0.75, ""passed"": true}, ""directional_mean_ret"": {""value"": 0.25236289699872333, ""threshold"": 0.0, ""passed"": true}, ""hurdle_excess"": {""value"": 0.2522710363006438, ""threshold"": 0.0, ""passed"": true}, ""min_support_actual"": {""value"": 909, ""threshold"": 50, ""passed"": true}, ""is_structurally_sound"": {""value"": false, ""passed"": false}, ""trade_path_quality_score"": {""value"": -0.0005594523081557504, ""threshold"": 0.0, ""passed"": false}}, ""failures"": [""structural_soundness_fail: "", ""trade_path_quality_score=-0.000559 < 0.000000""], ""warnings"": [], ""classification"": ""rejected""}"
(*)|(loc_dist_ema20_atr_ts_band20_80==1)|(reg_atr_change_rate_ts_bot70==1&reg_atr_change_rate_ts_top40==1&reg_atr_change_rate_ts_top60==1&reg_ema20_gt_ema50_raw==0),*,loc_dist_ema20_atr_ts_band20_80==1,reg_atr_change_rate_ts_bot70==1&reg_atr_change_rate_ts_top40==1&reg_atr_change_rate_ts_top60==1&reg_ema20_gt_ema50_raw==0,0.25236289699872333,0.25236289699872333,0.00745248406097627,0.15834415455659231,0.07953086419753086,0.008826392092947628,1.0,1.0,0.5185659411011524,909,,,-0.029489082695923582,-0.031737132384353724,-0.025106117575482884,-0.02504955044727309,,0.0,,,,-0.12912836461122698,,,,0.03623904116624627,-0.0005594523081557504,7.325713082783749,0.0016053207819498275,0.0016053207819498275,9.186069807956105e-05,0.2522710363006438,3,1,1,5,5,stage_a_context,,long,5-way,True,,production,,,0.05473942023099817,0.6724938271604937,primary_target,0,ranking,rejected,"{""checks"": {""n_folds"": {""value"": 3, ""threshold"": 3, ""passed"": true}, ""presence_freq"": {""value"": 1.0, ""threshold"": 0.75, ""passed"": true}, ""directional_mean_ret"": {""value"": 0.25236289699872333, ""threshold"": 0.0, ""passed"": true}, ""hurdle_excess"": {""value"": 0.2522710363006438, ""threshold"": 0.0, ""passed"": true}, ""min_support_actual"": {""value"": 909, ""threshold"": 50, ""passed"": true}, ""is_structurally_sound"": {""value"": false, ""passed"": false}, ""trade_path_quality_score"": {""value"": -0.0005594523081557504, ""threshold"": 0.0, ""passed"": false}}, ""failures"": [""structural_soundness_fail: "", ""trade_path_quality_score=-0.000559 < 0.000000""], ""warnings"": [], ""classification"": ""rejected""}"
(*)|(loc_dist_ema20_atr_ts_band20_80==1)|(reg_atr_change_rate_ts_top30==1&reg_atr_change_rate_ts_top50==1&reg_atr_change_rate_ts_top60==1&reg_atr_change_rate_ts_top70==0&reg_ema50_gt_ema200_raw==0),*,loc_dist_ema20_atr_ts_band20_80==1,reg_atr_change_rate_ts_top30==1&reg_atr_change_rate_ts_top50==1&reg_atr_change_rate_ts_top60==1&reg_atr_change_rate_ts_top70==0&reg_ema50_gt_ema200_raw==0,0.25236289699872333,0.25236289699872333,0.00745248406097627,0.15834415455659231,0.07953086419753086,0.008826392092947628,1.0,1.0,0.5185659411011524,909,,,-0.029489082695923582,-0.031737132384353724,-0.025106117575482884,-0.02504955044727309,,0.0,,,,-0.12912836461122698,,,,0.03623904116624627,-0.0005594523081557504,7.325713082783749,0.0016053207819498275,0.0016053207819498275,9.186069807956105e-05,0.2522710363006438,3,1,1,6,6,stage_a_context,,long,6-way,True,,production,,,0.05473942023099817,0.6724938271604937,primary_target,0,ranking,rejected,"{""checks"": {""n_folds"": {""value"": 3, ""threshold"": 3, ""passed"": true}, ""presence_freq"": {""value"": 1.0, ""threshold"": 0.75, ""passed"": true}, ""directional_mean_ret"": {""value"": 0.25236289699872333, ""threshold"": 0.0, ""passed"": true}, ""hurdle_excess"": {""value"": 0.2522710363006438, ""threshold"": 0.0, ""passed"": true}, ""min_support_actual"": {""value"": 909, ""threshold"": 50, ""passed"": true}, ""is_structurally_sound"": {""value"": false, ""passed"": false}, ""trade_path_quality_score"": {""value"": -0.0005594523081557504, ""threshold"": 0.0, ""passed"": false}}, ""failures"": [""structural_soundness_fail: "", ""trade_path_quality_score=-0.000559 < 0.000000""], ""warnings"": [], ""classification"": ""rejected""}"
(*)|(loc_dist_ema20_atr_ts_band25_75==1&loc_dist_ema20_atr_ts_bot40==0&loc_dist_ema20_atr_ts_top70==0)|(reg_atr_change_rate_ts_band20_80==1&reg_atr_change_rate_ts_band40_60==0&reg_ema50_gt_ema200_raw==0),*,loc_dist_ema20_atr_ts_band25_75==1&loc_dist_ema20_atr_ts_bot40==0&loc_dist_ema20_atr_ts_top70==0,reg_atr_change_rate_ts_band20_80==1&reg_atr_change_rate_ts_band40_60==0&reg_ema50_gt_ema200_raw==0,0.25236289699872333,0.25236289699872333,0.00745248406097627,0.15834415455659231,0.07953086419753086,0.008826392092947628,1.0,1.0,0.5185659411011524,909,,,-0.029489082695923582,-0.031737132384353724,-0.025106117575482884,-0.02504955044727309,,0.0,,,,-0.12912836461122698,,,,0.03623904116624627,-0.0005594523081557504,7.325713082783749,0.0016053207819498275,0.0016053207819498275,9.186069807956105e-05,0.2522710363006438,3,1,1,6,6,stage_a_context,,long,6-way,True,,production,,,0.05473942023099817,0.6724938271604937,primary_target,0,ranking,rejected,"{""checks"": {""n_folds"": {""value"": 3, ""threshold"": 3, ""passed"": true}, ""presence_freq"": {""value"": 1.0, ""threshold"": 0.75, ""passed"": true}, ""directional_mean_ret"": {""value"": 0.25236289699872333, ""threshold"": 0.0, ""passed"": true}, ""hurdle_excess"": {""value"": 0.2522710363006438, ""threshold"": 0.0, ""passed"": true}, ""min_support_actual"": {""value"": 909, ""threshold"": 50, ""passed"": true}, ""is_structurally_sound"": {""value"": false, ""passed"": false}, ""trade_path_quality_score"": {""value"": -0.0005594523081557504, ""threshold"": 0.0, ""passed"": false}}, ""failures"": [""structural_soundness_fail: "", ""trade_path_quality_score=-0.000559 < 0.000000""], ""warnings"": [], ""classification"": ""rejected""}"
(*)|(loc_dist_ema20_atr_ts_band25_75==1&loc_dist_ema20_atr_ts_top50==1)|(reg_atr_change_rate_ts_top40==1&reg_atr_change_rate_ts_top60==1&reg_atr_change_rate_ts_top70==0&reg_ema50_gt_ema200_raw==0),*,loc_dist_ema20_atr_ts_band25_75==1&loc_dist_ema20_atr_ts_top50==1,reg_atr_change_rate_ts_top40==1&reg_atr_change_rate_ts_top60==1&reg_atr_change_rate_ts_top70==0&reg_ema50_gt_ema200_raw==0,0.25236289699872333,0.25236289699872333,0.00745248406097627,0.15834415455659231,0.07953086419753086,0.008826392092947628,1.0,1.0,0.5185659411011524,909,,,-0.029489082695923582,-0.031737132384353724,-0.025106117575482884,-0.02504955044727309,,0.0,,,,-0.12912836461122698,,,,0.03623904116624627,-0.0005594523081557504,7.325713082783749,0.0016053207819498275,0.0016053207819498275,9.186069807956105e-05,0.2522710363006438,3,1,1,6,6,stage_a_context,,long,6-way,True,,production,,,0.05473942023099817,0.6724938271604937,primary_target,0,ranking,rejected,"{""checks"": {""n_folds"": {""value"": 3, ""threshold"": 3, ""passed"": true}, ""presence_freq"": {""value"": 1.0, ""threshold"": 0.75, ""passed"": true}, ""directional_mean_ret"": {""value"": 0.25236289699872333, ""threshold"": 0.0, ""passed"": true}, ""hurdle_excess"": {""value"": 0.2522710363006438, ""threshold"": 0.0, ""passed"": true}, ""min_support_actual"": {""value"": 909, ""threshold"": 50, ""passed"": true}, ""is_structurally_sound"": {""value"": false, ""passed"": false}, ""trade_path_quality_score"": {""value"": -0.0005594523081557504, ""threshold"": 0.0, ""passed"": false}}, ""failures"": [""structural_soundness_fail: "", ""trade_path_quality_score=-0.000559 < 0.000000""], ""warnings"": [], ""classification"": ""rejected""}"
(*)|(loc_dist_ema20_atr_ts_band25_75==1&loc_dist_ema20_atr_ts_top70==0)|(reg_atr_change_rate_ts_band20_80==1&reg_atr_change_rate_ts_bot50==0&reg_atr_change_rate_ts_top60==1&reg_ema50_gt_ema200_raw==0),*,loc_dist_ema20_atr_ts_band25_75==1&loc_dist_ema20_atr_ts_top70==0,reg_atr_change_rate_ts_band20_80==1&reg_atr_change_rate_ts_bot50==0&reg_atr_change_rate_ts_top60==1&reg_ema50_gt_ema200_raw==0,0.25236289699872333,0.25236289699872333,0.00745248406097627,0.15834415455659231,0.07953086419753086,0.008826392092947628,1.0,1.0,0.5185659411011524,909,,,-0.029489082695923582,-0.031737132384353724,-0.025106117575482884,-0.02504955044727309,,0.0,,,,-0.12912836461122698,,,,0.03623904116624627,-0.0005594523081557504,7.325713082783749,0.0016053207819498275,0.0016053207819498275,9.186069807956105e-05,0.2522710363006438,3,1,1,6,6,stage_a_context,,long,6-way,True,,production,,,0.05473942023099817,0.6724938271604937,primary_target,0,ranking,rejected,"{""checks"": {""n_folds"": {""value"": 3, ""threshold"": 3, ""passed"": true}, ""presence_freq"": {""value"": 1.0, ""threshold"": 0.75, ""passed"": true}, ""directional_mean_ret"": {""value"": 0.25236289699872333, ""threshold"": 0.0, ""passed"": true}, ""hurdle_excess"": {""value"": 0.2522710363006438, ""threshold"": 0.0, ""passed"": true}, ""min_support_actual"": {""value"": 909, ""threshold"": 50, ""passed"": true}, ""is_structurally_sound"": {""value"": false, ""passed"": false}, ""trade_path_quality_score"": {""value"": -0.0005594523081557504, ""threshold"": 0.0, ""passed"": false}}, ""failures"": [""structural_soundness_fail: "", ""trade_path_quality_score=-0.000559 < 0.000000""], ""warnings"": [], ""classification"": ""rejected""}"
(*)|(loc_dist_ema20_atr_ts_band25_75==1&loc_dist_ema20_atr_ts_top70==0)|(reg_atr_change_rate_ts_top40==1&reg_atr_change_rate_ts_top50==1&reg_atr_change_rate_ts_top60==1&reg_ema20_gt_ema50_raw==0),*,loc_dist_ema20_atr_ts_band25_75==1&loc_dist_ema20_atr_ts_top70==0,reg_atr_change_rate_ts_top40==1&reg_atr_change_rate_ts_top50==1&reg_atr_change_rate_ts_top60==1&reg_ema20_gt_ema50_raw==0,0.25236289699872333,0.25236289699872333,0.00745248406097627,0.15834415455659231,0.07953086419753086,0.008826392092947628,1.0,1.0,0.5185659411011524,909,,,-0.029489082695923582,-0.031737132384353724,-0.025106117575482884,-0.02504955044727309,,0.0,,,,-0.12912836461122698,,,,0.03623904116624627,-0.0005594523081557504,7.325713082783749,0.0016053207819498275,0.0016053207819498275,9.186069807956105e-05,0.2522710363006438,3,1,1,6,6,stage_a_context,,long,6-way,True,,production,,,0.05473942023099817,0.6724938271604937,primary_target,0,ranking,rejected,"{""checks"": {""n_folds"": {""value"": 3, ""threshold"": 3, ""passed"": true}, ""presence_freq"": {""value"": 1.0, ""threshold"": 0.75, ""passed"": true}, ""directional_mean_ret"": {""value"": 0.25236289699872333, ""threshold"": 0.0, ""passed"": true}, ""hurdle_excess"": {""value"": 0.2522710363006438, ""threshold"": 0.0, ""passed"": true}, ""min_support_actual"": {""value"": 909, ""threshold"": 50, ""passed"": true}, ""is_structurally_sound"": {""value"": false, ""passed"": false}, ""trade_path_quality_score"": {""value"": -0.0005594523081557504, ""threshold"": 0.0, ""passed"": false}}, ""failures"": [""structural_soundness_fail: "", ""trade_path_quality_score=-0.000559 < 0.000000""], ""warnings"": [], ""classification"": ""rejected""}"
(*)|(loc_dist_ema20_atr_ts_band25_75==1)|(reg_atr_change_rate_ts_band20_80==1&reg_atr_change_rate_ts_band40_60==0&reg_atr_change_rate_ts_top40==1&reg_atr_change_rate_ts_top70==0&reg_ema50_gt_ema200_raw==0),*,loc_dist_ema20_atr_ts_band25_75==1,reg_atr_change_rate_ts_band20_80==1&reg_atr_change_rate_ts_band40_60==0&reg_atr_change_rate_ts_top40==1&reg_atr_change_rate_ts_top70==0&reg_ema50_gt_ema200_raw==0,0.25236289699872333,0.25236289699872333,0.00745248406097627,0.15834415455659231,0.07953086419753086,0.008826392092947628,1.0,1.0,0.5185659411011524,909,,,-0.029489082695923582,-0.031737132384353724,-0.025106117575482884,-0.02504955044727309,,0.0,,,,-0.12912836461122698,,,,0.03623904116624627,-0.0005594523081557504,7.325713082783749,0.0016053207819498275,0.0016053207819498275,9.186069807956105e-05,0.2522710363006438,3,1,1,6,6,stage_a_context,,long,6-way,True,,production,,,0.05473942023099817,0.6724938271604937,primary_target,0,ranking,rejected,"{""checks"": {""n_folds"": {""value"": 3, ""threshold"": 3, ""passed"": true}, ""presence_freq"": {""value"": 1.0, ""threshold"": 0.75, ""passed"": true}, ""directional_mean_ret"": {""value"": 0.25236289699872333, ""threshold"": 0.0, ""passed"": true}, ""hurdle_excess"": {""value"": 0.2522710363006438, ""threshold"": 0.0, ""passed"": true}, ""min_support_actual"": {""value"": 909, ""threshold"": 50, ""passed"": true}, ""is_structurally_sound"": {""value"": false, ""passed"": false}, ""trade_path_quality_score"": {""value"": -0.0005594523081557504, ""threshold"": 0.0, ""passed"": false}}, ""failures"": [""structural_soundness_fail: "", ""trade_path_quality_score=-0.000559 < 0.000000""], ""warnings"": [], ""classification"": ""rejected""}"
(*)|(loc_dist_ema20_atr_ts_band30_70==1)|(reg_atr_change_rate_ts_band20_80==1&reg_atr_change_rate_ts_band40_60==0&reg_atr_change_rate_ts_top40==1&reg_ema20_gt_ema50_raw==0),*,loc_dist_ema20_atr_ts_band30_70==1,reg_atr_change_rate_ts_band20_80==1&reg_atr_change_rate_ts_band40_60==0&reg_atr_change_rate_ts_top40==1&reg_ema20_gt_ema50_raw==0,0.25236289699872333,0.25236289699872333,0.00745248406097627,0.15834415455659231,0.07953086419753086,0.008826392092947628,1.0,1.0,0.5185659411011524,909,,,-0.029489082695923582,-0.031737132384353724,-0.025106117575482884,-0.02504955044727309,,0.0,,,,-0.12912836461122698,,,,0.03623904116624627,-0.0005594523081557504,7.325713082783749,0.0016053207819498275,0.0016053207819498275,9.186069807956105e-05,0.2522710363006438,3,1,1,5,5,stage_a_context,,long,5-way,True,,production,,,0.05473942023099817,0.6724938271604937,primary_target,0,ranking,rejected,"{""checks"": {""n_folds"": {""value"": 3, ""threshold"": 3, ""passed"": true}, ""presence_freq"": {""value"": 1.0, ""threshold"": 0.75, ""passed"": true}, ""directional_mean_ret"": {""value"": 0.25236289699872333, ""threshold"": 0.0, ""passed"": true}, ""hurdle_excess"": {""value"": 0.2522710363006438, ""threshold"": 0.0, ""passed"": true}, ""min_support_actual"": {""value"": 909, ""threshold"": 50, ""passed"": true}, ""is_structurally_sound"": {""value"": false, ""passed"": false}, ""trade_path_quality_score"": {""value"": -0.0005594523081557504, ""threshold"": 0.0, ""passed"": false}}, ""failures"": [""structural_soundness_fail: "", ""trade_path_quality_score=-0.000559 < 0.000000""], ""warnings"": [], ""classification"": ""rejected""}"
(*)|(loc_dist_ema20_atr_ts_top30==1&loc_dist_ema20_atr_ts_top50==1)|(reg_atr_change_rate_ts_band25_75==1&reg_atr_change_rate_ts_top60==1&reg_atr_change_rate_ts_top70==0&reg_ema50_gt_ema200_raw==0),*,loc_dist_ema20_atr_ts_top30==1&loc_dist_ema20_atr_ts_top50==1,reg_atr_change_rate_ts_band25_75==1&reg_atr_change_rate_ts_top60==1&reg_atr_change_rate_ts_top70==0&reg_ema50_gt_ema200_raw==0,0.25236289699872333,0.25236289699872333,0.00745248406097627,0.15834415455659231,0.07953086419753086,0.008826392092947628,1.0,1.0,0.5185659411011524,909,,,-0.029489082695923582,-0.031737132384353724,-0.025106117575482884,-0.02504955044727309,,0.0,,,,-0.12912836461122698,,,,0.03623904116624627,-0.0005594523081557504,7.325713082783749,0.0016053207819498275,0.0016053207819498275,9.186069807956105e-05,0.2522710363006438,3,1,1,6,6,stage_a_context,,long,6-way,True,,production,,,0.05473942023099817,0.6724938271604937,primary_target,0,ranking,rejected,"{""checks"": {""n_folds"": {""value"": 3, ""threshold"": 3, ""passed"": true}, ""presence_freq"": {""value"": 1.0, ""threshold"": 0.75, ""passed"": true}, ""directional_mean_ret"": {""value"": 0.25236289699872333, ""threshold"": 0.0, ""passed"": true}, ""hurdle_excess"": {""value"": 0.2522710363006438, ""threshold"": 0.0, ""passed"": true}, ""min_support_actual"": {""value"": 909, ""threshold"": 50, ""passed"": true}, ""is_structurally_sound"": {""value"": false, ""passed"": false}, ""trade_path_quality_score"": {""value"": -0.0005594523081557504, ""threshold"": 0.0, ""passed"": false}}, ""failures"": [""structural_soundness_fail: "", ""trade_path_quality_score=-0.000559 < 0.000000""], ""warnings"": [], ""classification"": ""rejected""}"
(*)|(loc_dist_ema20_atr_ts_top30==1)|(reg_atr_change_rate_ts_band20_80==1&reg_atr_change_rate_ts_band40_60==0&reg_atr_change_rate_ts_top40==1&reg_atr_change_rate_ts_top70==0&reg_ema20_gt_ema50_raw==0),*,loc_dist_ema20_atr_ts_top30==1,reg_atr_change_rate_ts_band20_80==1&reg_atr_change_rate_ts_band40_60==0&reg_atr_change_rate_ts_top40==1&reg_atr_change_rate_ts_top70==0&reg_ema20_gt_ema50_raw==0,0.25236289699872333,0.25236289699872333,0.00745248406097627,0.15834415455659231,0.07953086419753086,0.008826392092947628,1.0,1.0,0.5185659411011524,909,,,-0.029489082695923582,-0.031737132384353724,-0.025106117575482884,-0.02504955044727309,,0.0,,,,-0.12912836461122698,,,,0.03623904116624627,-0.0005594523081557504,7.325713082783749,0.0016053207819498275,0.0016053207819498275,9.186069807956105e-05,0.2522710363006438,3,1,1,6,6,stage_a_context,,long,6-way,True,,production,,,0.05473942023099817,0.6724938271604937,primary_target,0,ranking,rejected,"{""checks"": {""n_folds"": {""value"": 3, ""threshold"": 3, ""passed"": true}, ""presence_freq"": {""value"": 1.0, ""threshold"": 0.75, ""passed"": true}, ""directional_mean_ret"": {""value"": 0.25236289699872333, ""threshold"": 0.0, ""passed"": true}, ""hurdle_excess"": {""value"": 0.2522710363006438, ""threshold"": 0.0, ""passed"": true}, ""min_support_actual"": {""value"": 909, ""threshold"": 50, ""passed"": true}, ""is_structurally_sound"": {""value"": false, ""passed"": false}, ""trade_path_quality_score"": {""value"": -0.0005594523081557504, ""threshold"": 0.0, ""passed"": false}}, ""failures"": [""structural_soundness_fail: "", ""trade_path_quality_score=-0.000559 < 0.000000""], ""warnings"": [], ""classification"": ""rejected""}"
(*)|(loc_dist_ema20_atr_ts_top40==1&loc_dist_ema20_atr_ts_top60==1)|(reg_atr_change_rate_ts_band20_80==1&reg_atr_change_rate_ts_top70==0&reg_ema50_gt_ema200_raw==0),*,loc_dist_ema20_atr_ts_top40==1&loc_dist_ema20_atr_ts_top60==1,reg_atr_change_rate_ts_band20_80==1&reg_atr_change_rate_ts_top70==0&reg_ema50_gt_ema200_raw==0,0.25236289699872333,0.25236289699872333,0.00745248406097627,0.15834415455659231,0.07953086419753086,0.008826392092947628,1.0,1.0,0.5185659411011524,909,,,-0.029489082695923582,-0.031737132384353724,-0.025106117575482884,-0.02504955044727309,,0.0,,,,-0.12912836461122698,,,,0.03623904116624627,-0.0005594523081557504,7.325713082783749,0.0016053207819498275,0.0016053207819498275,9.186069807956105e-05,0.2522710363006438,3,1,1,5,5,stage_a_context,,long,5-way,True,,production,,,0.05473942023099817,0.6724938271604937,primary_target,0,ranking,rejected,"{""checks"": {""n_folds"": {""value"": 3, ""threshold"": 3, ""passed"": true}, ""presence_freq"": {""value"": 1.0, ""threshold"": 0.75, ""passed"": true}, ""directional_mean_ret"": {""value"": 0.25236289699872333, ""threshold"": 0.0, ""passed"": true}, ""hurdle_excess"": {""value"": 0.2522710363006438, ""threshold"": 0.0, ""passed"": true}, ""min_support_actual"": {""value"": 909, ""threshold"": 50, ""passed"": true}, ""is_structurally_sound"": {""value"": false, ""passed"": false}, ""trade_path_quality_score"": {""value"": -0.0005594523081557504, ""threshold"": 0.0, ""passed"": false}}, ""failures"": [""structural_soundness_fail: "", ""trade_path_quality_score=-0.000559 < 0.000000""], ""warnings"": [], ""classification"": ""rejected""}"
(*)|(loc_dist_ema20_atr_ts_top40==1&loc_dist_ema20_atr_ts_top70==0&loc_dist_ema20_atr_ts_top80==0)|(reg_atr_change_rate_ts_top20==1&reg_atr_change_rate_ts_top60==1&reg_ema20_gt_ema50_raw==0),*,loc_dist_ema20_atr_ts_top40==1&loc_dist_ema20_atr_ts_top70==0&loc_dist_ema20_atr_ts_top80==0,reg_atr_change_rate_ts_top20==1&reg_atr_change_rate_ts_top60==1&reg_ema20_gt_ema50_raw==0,0.25236289699872333,0.25236289699872333,0.00745248406097627,0.15834415455659231,0.07953086419753086,0.008826392092947628,1.0,1.0,0.5185659411011524,909,,,-0.029489082695923582,-0.031737132384353724,-0.025106117575482884,-0.02504955044727309,,0.0,,,,-0.12912836461122698,,,,0.03623904116624627,-0.0005594523081557504,7.325713082783749,0.0016053207819498275,0.0016053207819498275,9.186069807956105e-05,0.2522710363006438,3,1,1,6,6,stage_a_context,,long,6-way,True,,production,,,0.05473942023099817,0.6724938271604937,primary_target,0,ranking,rejected,"{""checks"": {""n_folds"": {""value"": 3, ""threshold"": 3, ""passed"": true}, ""presence_freq"": {""value"": 1.0, ""threshold"": 0.75, ""passed"": true}, ""directional_mean_ret"": {""value"": 0.25236289699872333, ""threshold"": 0.0, ""passed"": true}, ""hurdle_excess"": {""value"": 0.2522710363006438, ""threshold"": 0.0, ""passed"": true}, ""min_support_actual"": {""value"": 909, ""threshold"": 50, ""passed"": true}, ""is_structurally_sound"": {""value"": false, ""passed"": false}, ""trade_path_quality_score"": {""value"": -0.0005594523081557504, ""threshold"": 0.0, ""passed"": false}}, ""failures"": [""structural_soundness_fail: "", ""trade_path_quality_score=-0.000559 < 0.000000""], ""warnings"": [], ""classification"": ""rejected""}"
(*)|(loc_dist_ema20_atr_ts_top40==1&loc_dist_ema20_atr_ts_top70==0)|(reg_atr_change_rate_ts_band20_80==1&reg_atr_change_rate_ts_band40_60==0&reg_ema20_gt_ema50_raw==0),*,loc_dist_ema20_atr_ts_top40==1&loc_dist_ema20_atr_ts_top70==0,reg_atr_change_rate_ts_band20_80==1&reg_atr_change_rate_ts_band40_60==0&reg_ema20_gt_ema50_raw==0,0.25236289699872333,0.25236289699872333,0.00745248406097627,0.15834415455659231,0.07953086419753086,0.008826392092947628,1.0,1.0,0.5185659411011524,909,,,-0.029489082695923582,-0.031737132384353724,-0.025106117575482884,-0.02504955044727309,,0.0,,,,-0.12912836461122698,,,,0.03623904116624627,-0.0005594523081557504,7.325713082783749,0.0016053207819498275,0.0016053207819498275,9.186069807956105e-05,0.2522710363006438,3,1,1,5,5,stage_a_context,,long,5-way,True,,production,,,0.05473942023099817,0.6724938271604937,primary_target,0,ranking,rejected,"{""checks"": {""n_folds"": {""value"": 3, ""threshold"": 3, ""passed"": true}, ""presence_freq"": {""value"": 1.0, ""threshold"": 0.75, ""passed"": true}, ""directional_mean_ret"": {""value"": 0.25236289699872333, ""threshold"": 0.0, ""passed"": true}, ""hurdle_excess"": {""value"": 0.2522710363006438, ""threshold"": 0.0, ""passed"": true}, ""min_support_actual"": {""value"": 909, ""threshold"": 50, ""passed"": true}, ""is_structurally_sound"": {""value"": false, ""passed"": false}, ""trade_path_quality_score"": {""value"": -0.0005594523081557504, ""threshold"": 0.0, ""passed"": false}}, ""failures"": [""structural_soundness_fail: "", ""trade_path_quality_score=-0.000559 < 0.000000""], ""warnings"": [], ""classification"": ""rejected""}"
(*)|(loc_dist_ema20_atr_ts_top40==1)|(reg_atr_change_rate_ts_band25_75==1&reg_atr_change_rate_ts_top50==1&reg_atr_change_rate_ts_top60==1&reg_atr_change_rate_ts_top70==0&reg_ema50_gt_ema200_raw==0),*,loc_dist_ema20_atr_ts_top40==1,reg_atr_change_rate_ts_band25_75==1&reg_atr_change_rate_ts_top50==1&reg_atr_change_rate_ts_top60==1&reg_atr_change_rate_ts_top70==0&reg_ema50_gt_ema200_raw==0,0.25236289699872333,0.25236289699872333,0.00745248406097627,0.15834415455659231,0.07953086419753086,0.008826392092947628,1.0,1.0,0.5185659411011524,909,,,-0.029489082695923582,-0.031737132384353724,-0.025106117575482884,-0.02504955044727309,,0.0,,,,-0.12912836461122698,,,,0.03623904116624627,-0.0005594523081557504,7.325713082783749,0.0016053207819498275,0.0016053207819498275,9.186069807956105e-05,0.2522710363006438,3,1,1,6,6,stage_a_context,,long,6-way,True,,production,,,0.05473942023099817,0.6724938271604937,primary_target,0,ranking,rejected,"{""checks"": {""n_folds"": {""value"": 3, ""threshold"": 3, ""passed"": true}, ""presence_freq"": {""value"": 1.0, ""threshold"": 0.75, ""passed"": true}, ""directional_mean_ret"": {""value"": 0.25236289699872333, ""threshold"": 0.0, ""passed"": true}, ""hurdle_excess"": {""value"": 0.2522710363006438, ""threshold"": 0.0, ""passed"": true}, ""min_support_actual"": {""value"": 909, ""threshold"": 50, ""passed"": true}, ""is_structurally_sound"": {""value"": false, ""passed"": false}, ""trade_path_quality_score"": {""value"": -0.0005594523081557504, ""threshold"": 0.0, ""passed"": false}}, ""failures"": [""structural_soundness_fail: "", ""trade_path_quality_score=-0.000559 < 0.000000""], ""warnings"": [], ""classification"": ""rejected""}"
(*)|(loc_dist_ema20_atr_ts_top40==1)|(reg_atr_change_rate_ts_band25_75==1&reg_atr_change_rate_ts_top60==1&reg_atr_change_rate_ts_top70==0&reg_ema20_gt_ema50_raw==0),*,loc_dist_ema20_atr_ts_top40==1,reg_atr_change_rate_ts_band25_75==1&reg_atr_change_rate_ts_top60==1&reg_atr_change_rate_ts_top70==0&reg_ema20_gt_ema50_raw==0,0.25236289699872333,0.25236289699872333,0.00745248406097627,0.15834415455659231,0.07953086419753086,0.008826392092947628,1.0,1.0,0.5185659411011524,909,,,-0.029489082695923582,-0.031737132384353724,-0.025106117575482884,-0.02504955044727309,,0.0,,,,-0.12912836461122698,,,,0.03623904116624627,-0.0005594523081557504,7.325713082783749,0.0016053207819498275,0.0016053207819498275,9.186069807956105e-05,0.2522710363006438,3,1,1,5,5,stage_a_context,,long,5-way,True,,production,,,0.05473942023099817,0.6724938271604937,primary_target,0,ranking,rejected,"{""checks"": {""n_folds"": {""value"": 3, ""threshold"": 3, ""passed"": true}, ""presence_freq"": {""value"": 1.0, ""threshold"": 0.75, ""passed"": true}, ""directional_mean_ret"": {""value"": 0.25236289699872333, ""threshold"": 0.0, ""passed"": true}, ""hurdle_excess"": {""value"": 0.2522710363006438, ""threshold"": 0.0, ""passed"": true}, ""min_support_actual"": {""value"": 909, ""threshold"": 50, ""passed"": true}, ""is_structurally_sound"": {""value"": false, ""passed"": false}, ""trade_path_quality_score"": {""value"": -0.0005594523081557504, ""threshold"": 0.0, ""passed"": false}}, ""failures"": [""structural_soundness_fail: "", ""trade_path_quality_score=-0.000559 < 0.000000""], ""warnings"": [], ""classification"": ""rejected""}"
(*)|(loc_dist_ema20_atr_ts_top50==1&loc_dist_ema20_atr_ts_top60==1)|(reg_atr_change_rate_ts_band30_70==1&reg_atr_change_rate_ts_top40==1&reg_ema20_gt_ema50_raw==0),*,loc_dist_ema20_atr_ts_top50==1&loc_dist_ema20_atr_ts_top60==1,reg_atr_change_rate_ts_band30_70==1&reg_atr_change_rate_ts_top40==1&reg_ema20_gt_ema50_raw==0,0.25236289699872333,0.25236289699872333,0.00745248406097627,0.15834415455659231,0.07953086419753086,0.008826392092947628,1.0,1.0,0.5185659411011524,909,,,-0.029489082695923582,-0.031737132384353724,-0.025106117575482884,-0.02504955044727309,,0.0,,,,-0.12912836461122698,,,,0.03623904116624627,-0.0005594523081557504,7.325713082783749,0.0016053207819498275,0.0016053207819498275,9.186069807956105e-05,0.2522710363006438,3,1,1,5,5,stage_a_context,,long,5-way,True,,production,,,0.05473942023099817,0.6724938271604937,primary_target,0,ranking,rejected,"{""checks"": {""n_folds"": {""value"": 3, ""threshold"": 3, ""passed"": true}, ""presence_freq"": {""value"": 1.0, ""threshold"": 0.75, ""passed"": true}, ""directional_mean_ret"": {""value"": 0.25236289699872333, ""threshold"": 0.0, ""passed"": true}, ""hurdle_excess"": {""value"": 0.2522710363006438, ""threshold"": 0.0, ""passed"": true}, ""min_support_actual"": {""value"": 909, ""threshold"": 50, ""passed"": true}, ""is_structurally_sound"": {""value"": false, ""passed"": false}, ""trade_path_quality_score"": {""value"": -0.0005594523081557504, ""threshold"": 0.0, ""passed"": false}}, ""failures"": [""structural_soundness_fail: "", ""trade_path_quality_score=-0.000559 < 0.000000""], ""warnings"": [], ""classification"": ""rejected""}"
(*)|(loc_dist_ema20_atr_ts_top50==1&loc_dist_ema20_atr_ts_top70==0)|(reg_atr_change_rate_ts_band20_80==1&reg_atr_change_rate_ts_bot40==0&reg_atr_change_rate_ts_top60==1&reg_ema20_gt_ema50_raw==0),*,loc_dist_ema20_atr_ts_top50==1&loc_dist_ema20_atr_ts_top70==0,reg_atr_change_rate_ts_band20_80==1&reg_atr_change_rate_ts_bot40==0&reg_atr_change_rate_ts_top60==1&reg_ema20_gt_ema50_raw==0,0.25236289699872333,0.25236289699872333,0.00745248406097627,0.15834415455659231,0.07953086419753086,0.008826392092947628,1.0,1.0,0.5185659411011524,909,,,-0.029489082695923582,-0.031737132384353724,-0.025106117575482884,-0.02504955044727309,,0.0,,,,-0.12912836461122698,,,,0.03623904116624627,-0.0005594523081557504,7.325713082783749,0.0016053207819498275,0.0016053207819498275,9.186069807956105e-05,0.2522710363006438,3,1,1,6,6,stage_a_context,,long,6-way,True,,production,,,0.05473942023099817,0.6724938271604937,primary_target,0,ranking,rejected,"{""checks"": {""n_folds"": {""value"": 3, ""threshold"": 3, ""passed"": true}, ""presence_freq"": {""value"": 1.0, ""threshold"": 0.75, ""passed"": true}, ""directional_mean_ret"": {""value"": 0.25236289699872333, ""threshold"": 0.0, ""passed"": true}, ""hurdle_excess"": {""value"": 0.2522710363006438, ""threshold"": 0.0, ""passed"": true}, ""min_support_actual"": {""value"": 909, ""threshold"": 50, ""passed"": true}, ""is_structurally_sound"": {""value"": false, ""passed"": false}, ""trade_path_quality_score"": {""value"": -0.0005594523081557504, ""threshold"": 0.0, ""passed"": false}}, ""failures"": [""structural_soundness_fail: "", ""trade_path_quality_score=-0.000559 < 0.000000""], ""warnings"": [], ""classification"": ""rejected""}"
(*)|(loc_dist_ema20_atr_ts_top50==1&loc_dist_ema20_atr_ts_top70==0)|(reg_atr_change_rate_ts_band20_80==1&reg_atr_change_rate_ts_top30==1&reg_atr_change_rate_ts_top60==1&reg_ema20_gt_ema50_raw==0),*,loc_dist_ema20_atr_ts_top50==1&loc_dist_ema20_atr_ts_top70==0,reg_atr_change_rate_ts_band20_80==1&reg_atr_change_rate_ts_top30==1&reg_atr_change_rate_ts_top60==1&reg_ema20_gt_ema50_raw==0,0.25236289699872333,0.25236289699872333,0.00745248406097627,0.15834415455659231,0.07953086419753086,0.008826392092947628,1.0,1.0,0.5185659411011524,909,,,-0.029489082695923582,-0.031737132384353724,-0.025106117575482884,-0.02504955044727309,,0.0,,,,-0.12912836461122698,,,,0.03623904116624627,-0.0005594523081557504,7.325713082783749,0.0016053207819498275,0.0016053207819498275,9.186069807956105e-05,0.2522710363006438,3,1,1,6,6,stage_a_context,,long,6-way,True,,production,,,0.05473942023099817,0.6724938271604937,primary_target,0,ranking,rejected,"{""checks"": {""n_folds"": {""value"": 3, ""threshold"": 3, ""passed"": true}, ""presence_freq"": {""value"": 1.0, ""threshold"": 0.75, ""passed"": true}, ""directional_mean_ret"": {""value"": 0.25236289699872333, ""threshold"": 0.0, ""passed"": true}, ""hurdle_excess"": {""value"": 0.2522710363006438, ""threshold"": 0.0, ""passed"": true}, ""min_support_actual"": {""value"": 909, ""threshold"": 50, ""passed"": true}, ""is_structurally_sound"": {""value"": false, ""passed"": false}, ""trade_path_quality_score"": {""value"": -0.0005594523081557504, ""threshold"": 0.0, ""passed"": false}}, ""failures"": [""structural_soundness_fail: "", ""trade_path_quality_score=-0.000559 < 0.000000""], ""warnings"": [], ""classification"": ""rejected""}"
(*)|(loc_dist_ema20_atr_ts_top50==1&loc_dist_ema20_atr_ts_top70==0)|(reg_atr_change_rate_ts_band20_80==1&reg_atr_change_rate_ts_top40==1&reg_atr_change_rate_ts_top60==1&reg_ema50_gt_ema200_raw==0),*,loc_dist_ema20_atr_ts_top50==1&loc_dist_ema20_atr_ts_top70==0,reg_atr_change_rate_ts_band20_80==1&reg_atr_change_rate_ts_top40==1&reg_atr_change_rate_ts_top60==1&reg_ema50_gt_ema200_raw==0,0.25236289699872333,0.25236289699872333,0.00745248406097627,0.15834415455659231,0.07953086419753086,0.008826392092947628,1.0,1.0,0.5185659411011524,909,,,-0.029489082695923582,-0.031737132384353724,-0.025106117575482884,-0.02504955044727309,,0.0,,,,-0.12912836461122698,,,,0.03623904116624627,-0.0005594523081557504,7.325713082783749,0.0016053207819498275,0.0016053207819498275,9.186069807956105e-05,0.2522710363006438,3,1,1,6,6,stage_a_context,,long,6-way,True,,production,,,0.05473942023099817,0.6724938271604937,primary_target,0,ranking,rejected,"{""checks"": {""n_folds"": {""value"": 3, ""threshold"": 3, ""passed"": true}, ""presence_freq"": {""value"": 1.0, ""threshold"": 0.75, ""passed"": true}, ""directional_mean_ret"": {""value"": 0.25236289699872333, ""threshold"": 0.0, ""passed"": true}, ""hurdle_excess"": {""value"": 0.2522710363006438, ""threshold"": 0.0, ""passed"": true}, ""min_support_actual"": {""value"": 909, ""threshold"": 50, ""passed"": true}, ""is_structurally_sound"": {""value"": false, ""passed"": false}, ""trade_path_quality_score"": {""value"": -0.0005594523081557504, ""threshold"": 0.0, ""passed"": false}}, ""failures"": [""structural_soundness_fail: "", ""trade_path_quality_score=-0.000559 < 0.000000""], ""warnings"": [], ""classification"": ""rejected""}"
(*)|(loc_dist_ema20_atr_ts_top50==1)|(reg_atr_change_rate_ts_band20_80==1&reg_atr_change_rate_ts_top30==1&reg_atr_change_rate_ts_top60==1&reg_atr_change_rate_ts_top70==0&reg_ema50_gt_ema200_raw==0),*,loc_dist_ema20_atr_ts_top50==1,reg_atr_change_rate_ts_band20_80==1&reg_atr_change_rate_ts_top30==1&reg_atr_change_rate_ts_top60==1&reg_atr_change_rate_ts_top70==0&reg_ema50_gt_ema200_raw==0,0.25236289699872333,0.25236289699872333,0.00745248406097627,0.15834415455659231,0.07953086419753086,0.008826392092947628,1.0,1.0,0.5185659411011524,909,,,-0.029489082695923582,-0.031737132384353724,-0.025106117575482884,-0.02504955044727309,,0.0,,,,-0.12912836461122698,,,,0.03623904116624627,-0.0005594523081557504,7.325713082783749,0.0016053207819498275,0.0016053207819498275,9.186069807956105e-05,0.2522710363006438,3,1,1,6,6,stage_a_context,,long,6-way,True,,production,,,0.05473942023099817,0.6724938271604937,primary_target,0,ranking,rejected,"{""checks"": {""n_folds"": {""value"": 3, ""threshold"": 3, ""passed"": true}, ""presence_freq"": {""value"": 1.0, ""threshold"": 0.75, ""passed"": true}, ""directional_mean_ret"": {""value"": 0.25236289699872333, ""threshold"": 0.0, ""passed"": true}, ""hurdle_excess"": {""value"": 0.2522710363006438, ""threshold"": 0.0, ""passed"": true}, ""min_support_actual"": {""value"": 909, ""threshold"": 50, ""passed"": true}, ""is_structurally_sound"": {""value"": false, ""passed"": false}, ""trade_path_quality_score"": {""value"": -0.0005594523081557504, ""threshold"": 0.0, ""passed"": false}}, ""failures"": [""structural_soundness_fail: "", ""trade_path_quality_score=-0.000559 < 0.000000""], ""warnings"": [], ""classification"": ""rejected""}"
(*)|(loc_dist_ema20_atr_ts_top50==1)|(reg_atr_change_rate_ts_band25_75==1&reg_atr_change_rate_ts_top40==1&reg_atr_change_rate_ts_top60==1&reg_atr_change_rate_ts_top70==0&reg_ema20_gt_ema50_raw==0),*,loc_dist_ema20_atr_ts_top50==1,reg_atr_change_rate_ts_band25_75==1&reg_atr_change_rate_ts_top40==1&reg_atr_change_rate_ts_top60==1&reg_atr_change_rate_ts_top70==0&reg_ema20_gt_ema50_raw==0,0.25236289699872333,0.25236289699872333,0.00745248406097627,0.15834415455659231,0.07953086419753086,0.008826392092947628,1.0,1.0,0.5185659411011524,909,,,-0.029489082695923582,-0.031737132384353724,-0.025106117575482884,-0.02504955044727309,,0.0,,,,-0.12912836461122698,,,,0.03623904116624627,-0.0005594523081557504,7.325713082783749,0.0016053207819498275,0.0016053207819498275,9.186069807956105e-05,0.2522710363006438,3,1,1,6,6,stage_a_context,,long,6-way,True,,production,,,0.05473942023099817,0.6724938271604937,primary_target,0,ranking,rejected,"{""checks"": {""n_folds"": {""value"": 3, ""threshold"": 3, ""passed"": true}, ""presence_freq"": {""value"": 1.0, ""threshold"": 0.75, ""passed"": true}, ""directional_mean_ret"": {""value"": 0.25236289699872333, ""threshold"": 0.0, ""passed"": true}, ""hurdle_excess"": {""value"": 0.2522710363006438, ""threshold"": 0.0, ""passed"": true}, ""min_support_actual"": {""value"": 909, ""threshold"": 50, ""passed"": true}, ""is_structurally_sound"": {""value"": false, ""passed"": false}, ""trade_path_quality_score"": {""value"": -0.0005594523081557504, ""threshold"": 0.0, ""passed"": false}}, ""failures"": [""structural_soundness_fail: "", ""trade_path_quality_score=-0.000559 < 0.000000""], ""warnings"": [], ""classification"": ""rejected""}"
(*)|(loc_dist_ema20_atr_ts_top50==1)|(reg_atr_change_rate_ts_band30_70==1&reg_atr_change_rate_ts_top60==1&reg_atr_change_rate_ts_top80==0&reg_ema20_gt_ema50_raw==0),*,loc_dist_ema20_atr_ts_top50==1,reg_atr_change_rate_ts_band30_70==1&reg_atr_change_rate_ts_top60==1&reg_atr_change_rate_ts_top80==0&reg_ema20_gt_ema50_raw==0,0.25236289699872333,0.25236289699872333,0.00745248406097627,0.15834415455659231,0.07953086419753086,0.008826392092947628,1.0,1.0,0.5185659411011524,909,,,-0.029489082695923582,-0.031737132384353724,-0.025106117575482884,-0.02504955044727309,,0.0,,,,-0.12912836461122698,,,,0.03623904116624627,-0.0005594523081557504,7.325713082783749,0.0016053207819498275,0.0016053207819498275,9.186069807956105e-05,0.2522710363006438,3,1,1,5,5,stage_a_context,,long,5-way,True,,production,,,0.05473942023099817,0.6724938271604937,primary_target,0,ranking,rejected,"{""checks"": {""n_folds"": {""value"": 3, ""threshold"": 3, ""passed"": true}, ""presence_freq"": {""value"": 1.0, ""threshold"": 0.75, ""passed"": true}, ""directional_mean_ret"": {""value"": 0.25236289699872333, ""threshold"": 0.0, ""passed"": true}, ""hurdle_excess"": {""value"": 0.2522710363006438, ""threshold"": 0.0, ""passed"": true}, ""min_support_actual"": {""value"": 909, ""threshold"": 50, ""passed"": true}, ""is_structurally_sound"": {""value"": false, ""passed"": false}, ""trade_path_quality_score"": {""value"": -0.0005594523081557504, ""threshold"": 0.0, ""passed"": false}}, ""failures"": [""structural_soundness_fail: "", ""trade_path_quality_score=-0.000559 < 0.000000""], ""warnings"": [], ""classification"": ""rejected""}"
(*)|(loc_dist_ema20_atr_ts_top70==0&loc_dist_ema50_atr_ts_band20_80==1)|(reg_atr_change_rate_ts_bot30==0&reg_atr_change_rate_ts_top50==1&reg_atr_change_rate_ts_top60==1&reg_ema20_gt_ema50_raw==0),*,loc_dist_ema20_atr_ts_top70==0&loc_dist_ema50_atr_ts_band20_80==1,reg_atr_change_rate_ts_bot30==0&reg_atr_change_rate_ts_top50==1&reg_atr_change_rate_ts_top60==1&reg_ema20_gt_ema50_raw==0,0.25236289699872333,0.25236289699872333,0.00745248406097627,0.15834415455659231,0.07953086419753086,0.008826392092947628,1.0,1.0,0.5185659411011524,909,,,-0.029489082695923582,-0.031737132384353724,-0.025106117575482884,-0.02504955044727309,,0.0,,,,-0.12912836461122698,,,,0.03623904116624627,-0.0005594523081557504,7.325713082783749,0.0016053207819498275,0.0016053207819498275,9.186069807956105e-05,0.2522710363006438,3,1,1,6,6,stage_a_context,,long,6-way,True,,production,,,0.05473942023099817,0.6724938271604937,primary_target,0,ranking,rejected,"{""checks"": {""n_folds"": {""value"": 3, ""threshold"": 3, ""passed"": true}, ""presence_freq"": {""value"": 1.0, ""threshold"": 0.75, ""passed"": true}, ""directional_mean_ret"": {""value"": 0.25236289699872333, ""threshold"": 0.0, ""passed"": true}, ""hurdle_excess"": {""value"": 0.2522710363006438, ""threshold"": 0.0, ""passed"": true}, ""min_support_actual"": {""value"": 909, ""threshold"": 50, ""passed"": true}, ""is_structurally_sound"": {""value"": false, ""passed"": false}, ""trade_path_quality_score"": {""value"": -0.0005594523081557504, ""threshold"": 0.0, ""passed"": false}}, ""failures"": [""structural_soundness_fail: "", ""trade_path_quality_score=-0.000559 < 0.000000""], ""warnings"": [], ""classification"": ""rejected""}"
(*)|(loc_dist_ema20_atr_ts_top70==0)|(reg_atr_change_rate_ts_band20_80==1&reg_atr_change_rate_ts_band25_75==1&reg_atr_change_rate_ts_band40_60==0&reg_atr_change_rate_ts_top40==1&reg_ema20_gt_ema50_raw==0),*,loc_dist_ema20_atr_ts_top70==0,reg_atr_change_rate_ts_band20_80==1&reg_atr_change_rate_ts_band25_75==1&reg_atr_change_rate_ts_band40_60==0&reg_atr_change_rate_ts_top40==1&reg_ema20_gt_ema50_raw==0,0.25236289699872333,0.25236289699872333,0.00745248406097627,0.15834415455659231,0.07953086419753086,0.008826392092947628,1.0,1.0,0.5185659411011524,909,,,-0.029489082695923582,-0.031737132384353724,-0.025106117575482884,-0.02504955044727309,,0.0,,,,-0.12912836461122698,,,,0.03623904116624627,-0.0005594523081557504,7.325713082783749,0.0016053207819498275,0.0016053207819498275,9.186069807956105e-05,0.2522710363006438,3,1,1,6,6,stage_a_context,,long,6-way,True,,production,,,0.05473942023099817,0.6724938271604937,primary_target,0,ranking,rejected,"{""checks"": {""n_folds"": {""value"": 3, ""threshold"": 3, ""passed"": true}, ""presence_freq"": {""value"": 1.0, ""threshold"": 0.75, ""passed"": true}, ""directional_mean_ret"": {""value"": 0.25236289699872333, ""threshold"": 0.0, ""passed"": true}, ""hurdle_excess"": {""value"": 0.2522710363006438, ""threshold"": 0.0, ""passed"": true}, ""min_support_actual"": {""value"": 909, ""threshold"": 50, ""passed"": true}, ""is_structurally_sound"": {""value"": false, ""passed"": false}, ""trade_path_quality_score"": {""value"": -0.0005594523081557504, ""threshold"": 0.0, ""passed"": false}}, ""failures"": [""structural_soundness_fail: "", ""trade_path_quality_score=-0.000559 < 0.000000""], ""warnings"": [], ""classification"": ""rejected""}"
(*)|(loc_dist_ema20_atr_ts_top70==0)|(reg_atr_change_rate_ts_band20_80==1&reg_atr_change_rate_ts_band40_60==0&reg_atr_change_rate_ts_top40==1&reg_ema20_gt_ema50_raw==0),*,loc_dist_ema20_atr_ts_top70==0,reg_atr_change_rate_ts_band20_80==1&reg_atr_change_rate_ts_band40_60==0&reg_atr_change_rate_ts_top40==1&reg_ema20_gt_ema50_raw==0,0.25236289699872333,0.25236289699872333,0.00745248406097627,0.15834415455659231,0.07953086419753086,0.008826392092947628,1.0,1.0,0.5185659411011524,909,,,-0.029489082695923582,-0.031737132384353724,-0.025106117575482884,-0.02504955044727309,,0.0,,,,-0.12912836461122698,,,,0.03623904116624627,-0.0005594523081557504,7.325713082783749,0.0016053207819498275,0.0016053207819498275,9.186069807956105e-05,0.2522710363006438,3,1,1,5,5,stage_a_context,,long,5-way,True,,production,,,0.05473942023099817,0.6724938271604937,primary_target,0,ranking,rejected,"{""checks"": {""n_folds"": {""value"": 3, ""threshold"": 3, ""passed"": true}, ""presence_freq"": {""value"": 1.0, ""threshold"": 0.75, ""passed"": true}, ""directional_mean_ret"": {""value"": 0.25236289699872333, ""threshold"": 0.0, ""passed"": true}, ""hurdle_excess"": {""value"": 0.2522710363006438, ""threshold"": 0.0, ""passed"": true}, ""min_support_actual"": {""value"": 909, ""threshold"": 50, ""passed"": true}, ""is_structurally_sound"": {""value"": false, ""passed"": false}, ""trade_path_quality_score"": {""value"": -0.0005594523081557504, ""threshold"": 0.0, ""passed"": false}}, ""failures"": [""structural_soundness_fail: "", ""trade_path_quality_score=-0.000559 < 0.000000""], ""warnings"": [], ""classification"": ""rejected""}"
(*)|(loc_dist_ema20_atr_ts_top70==0)|(reg_atr_change_rate_ts_band20_80==1&reg_atr_change_rate_ts_bot40==0&reg_atr_change_rate_ts_top30==1&reg_atr_compression_ratio_ts_band40_60==0&reg_ema20_gt_ema50_raw==0),*,loc_dist_ema20_atr_ts_top70==0,reg_atr_change_rate_ts_band20_80==1&reg_atr_change_rate_ts_bot40==0&reg_atr_change_rate_ts_top30==1&reg_atr_compression_ratio_ts_band40_60==0&reg_ema20_gt_ema50_raw==0,0.25236289699872333,0.25236289699872333,0.00745248406097627,0.15834415455659231,0.07953086419753086,0.008826392092947628,1.0,1.0,0.5185659411011524,909,,,-0.029489082695923582,-0.031737132384353724,-0.025106117575482884,-0.02504955044727309,,0.0,,,,-0.12912836461122698,,,,0.03623904116624627,-0.0005594523081557504,7.325713082783749,0.0016053207819498275,0.0016053207819498275,9.186069807956105e-05,0.2522710363006438,3,1,1,6,6,stage_a_context,,long,6-way,True,,production,,,0.05473942023099817,0.6724938271604937,primary_target,0,ranking,rejected,"{""checks"": {""n_folds"": {""value"": 3, ""threshold"": 3, ""passed"": true}, ""presence_freq"": {""value"": 1.0, ""threshold"": 0.75, ""passed"": true}, ""directional_mean_ret"": {""value"": 0.25236289699872333, ""threshold"": 0.0, ""passed"": true}, ""hurdle_excess"": {""value"": 0.2522710363006438, ""threshold"": 0.0, ""passed"": true}, ""min_support_actual"": {""value"": 909, ""threshold"": 50, ""passed"": true}, ""is_structurally_sound"": {""value"": false, ""passed"": false}, ""trade_path_quality_score"": {""value"": -0.0005594523081557504, ""threshold"": 0.0, ""passed"": false}}, ""failures"": [""structural_soundness_fail: "", ""trade_path_quality_score=-0.000559 < 0.000000""], ""warnings"": [], ""classification"": ""rejected""}"
(*)|(loc_dist_ema20_atr_ts_top70==0)|(reg_atr_change_rate_ts_band20_80==1&reg_atr_change_rate_ts_top30==1&reg_atr_change_rate_ts_top50==1&reg_atr_change_rate_ts_top60==1&reg_ema20_gt_ema50_raw==0),*,loc_dist_ema20_atr_ts_top70==0,reg_atr_change_rate_ts_band20_80==1&reg_atr_change_rate_ts_top30==1&reg_atr_change_rate_ts_top50==1&reg_atr_change_rate_ts_top60==1&reg_ema20_gt_ema50_raw==0,0.25236289699872333,0.25236289699872333,0.00745248406097627,0.15834415455659231,0.07953086419753086,0.008826392092947628,1.0,1.0,0.5185659411011524,909,,,-0.029489082695923582,-0.031737132384353724,-0.025106117575482884,-0.02504955044727309,,0.0,,,,-0.12912836461122698,,,,0.03623904116624627,-0.0005594523081557504,7.325713082783749,0.0016053207819498275,0.0016053207819498275,9.186069807956105e-05,0.2522710363006438,3,1,1,6,6,stage_a_context,,long,6-way,True,,production,,,0.05473942023099817,0.6724938271604937,primary_target,0,ranking,rejected,"{""checks"": {""n_folds"": {""value"": 3, ""threshold"": 3, ""passed"": true}, ""presence_freq"": {""value"": 1.0, ""threshold"": 0.75, ""passed"": true}, ""directional_mean_ret"": {""value"": 0.25236289699872333, ""threshold"": 0.0, ""passed"": true}, ""hurdle_excess"": {""value"": 0.2522710363006438, ""threshold"": 0.0, ""passed"": true}, ""min_support_actual"": {""value"": 909, ""threshold"": 50, ""passed"": true}, ""is_structurally_sound"": {""value"": false, ""passed"": false}, ""trade_path_quality_score"": {""value"": -0.0005594523081557504, ""threshold"": 0.0, ""passed"": false}}, ""failures"": [""structural_soundness_fail: "", ""trade_path_quality_score=-0.000559 < 0.000000""], ""warnings"": [], ""classification"": ""rejected""}"
(*)|(loc_dist_ema20_atr_ts_top70==0)|(reg_atr_change_rate_ts_band20_80==1&reg_atr_change_rate_ts_top40==1&reg_atr_change_rate_ts_top50==1&reg_atr_change_rate_ts_top60==1&reg_ema20_gt_ema50_raw==0),*,loc_dist_ema20_atr_ts_top70==0,reg_atr_change_rate_ts_band20_80==1&reg_atr_change_rate_ts_top40==1&reg_atr_change_rate_ts_top50==1&reg_atr_change_rate_ts_top60==1&reg_ema20_gt_ema50_raw==0,0.25236289699872333,0.25236289699872333,0.00745248406097627,0.15834415455659231,0.07953086419753086,0.008826392092947628,1.0,1.0,0.5185659411011524,909,,,-0.029489082695923582,-0.031737132384353724,-0.025106117575482884,-0.02504955044727309,,0.0,,,,-0.12912836461122698,,,,0.03623904116624627,-0.0005594523081557504,7.325713082783749,0.0016053207819498275,0.0016053207819498275,9.186069807956105e-05,0.2522710363006438,3,1,1,6,6,stage_a_context,,long,6-way,True,,production,,,0.05473942023099817,0.6724938271604937,primary_target,0,ranking,rejected,"{""checks"": {""n_folds"": {""value"": 3, ""threshold"": 3, ""passed"": true}, ""presence_freq"": {""value"": 1.0, ""threshold"": 0.75, ""passed"": true}, ""directional_mean_ret"": {""value"": 0.25236289699872333, ""threshold"": 0.0, ""passed"": true}, ""hurdle_excess"": {""value"": 0.2522710363006438, ""threshold"": 0.0, ""passed"": true}, ""min_support_actual"": {""value"": 909, ""threshold"": 50, ""passed"": true}, ""is_structurally_sound"": {""value"": false, ""passed"": false}, ""trade_path_quality_score"": {""value"": -0.0005594523081557504, ""threshold"": 0.0, ""passed"": false}}, ""failures"": [""structural_soundness_fail: "", ""trade_path_quality_score=-0.000559 < 0.000000""], ""warnings"": [], ""classification"": ""rejected""}"
(*)|(loc_dist_ema20_atr_ts_top70==0)|(reg_atr_change_rate_ts_band25_75==1&reg_atr_change_rate_ts_top40==1&reg_atr_change_rate_ts_top50==1&reg_atr_change_rate_ts_top60==1&reg_ema20_gt_ema50_raw==0),*,loc_dist_ema20_atr_ts_top70==0,reg_atr_change_rate_ts_band25_75==1&reg_atr_change_rate_ts_top40==1&reg_atr_change_rate_ts_top50==1&reg_atr_change_rate_ts_top60==1&reg_ema20_gt_ema50_raw==0,0.25236289699872333,0.25236289699872333,0.00745248406097627,0.15834415455659231,0.07953086419753086,0.008826392092947628,1.0,1.0,0.5185659411011524,909,,,-0.029489082695923582,-0.031737132384353724,-0.025106117575482884,-0.02504955044727309,,0.0,,,,-0.12912836461122698,,,,0.03623904116624627,-0.0005594523081557504,7.325713082783749,0.0016053207819498275,0.0016053207819498275,9.186069807956105e-05,0.2522710363006438,3,2,2,6,6,stage_a_context,,long,6-way,True,,production,,,0.05473942023099817,0.6724938271604937,primary_target,0,ranking,rejected,"{""checks"": {""n_folds"": {""value"": 3, ""threshold"": 3, ""passed"": true}, ""presence_freq"": {""value"": 1.0, ""threshold"": 0.75, ""passed"": true}, ""directional_mean_ret"": {""value"": 0.25236289699872333, ""threshold"": 0.0, ""passed"": true}, ""hurdle_excess"": {""value"": 0.2522710363006438, ""threshold"": 0.0, ""passed"": true}, ""min_support_actual"": {""value"": 909, ""threshold"": 50, ""passed"": true}, ""is_structurally_sound"": {""value"": false, ""passed"": false}, ""trade_path_quality_score"": {""value"": -0.0005594523081557504, ""threshold"": 0.0, ""passed"": false}}, ""failures"": [""structural_soundness_fail: "", ""trade_path_quality_score=-0.000559 < 0.000000""], ""warnings"": [], ""classification"": ""rejected""}"
(*)|(loc_dist_ema20_atr_ts_top70==0)|(reg_atr_change_rate_ts_band25_75==1&reg_atr_change_rate_ts_top60==1&reg_ema50_gt_ema200_raw==0),*,loc_dist_ema20_atr_ts_top70==0,reg_atr_change_rate_ts_band25_75==1&reg_atr_change_rate_ts_top60==1&reg_ema50_gt_ema200_raw==0,0.25236289699872333,0.25236289699872333,0.00745248406097627,0.15834415455659231,0.07953086419753086,0.008826392092947628,1.0,1.0,0.5185659411011524,909,,,-0.029489082695923582,-0.031737132384353724,-0.025106117575482884,-0.02504955044727309,,0.0,,,,-0.12912836461122698,,,,0.03623904116624627,-0.0005594523081557504,7.325713082783749,0.0016053207819498275,0.0016053207819498275,9.186069807956105e-05,0.2522710363006438,3,1,1,4,4,stage_a_context,,long,4-way,True,,production,,,0.05473942023099817,0.6724938271604937,primary_target,0,ranking,rejected,"{""checks"": {""n_folds"": {""value"": 3, ""threshold"": 3, ""passed"": true}, ""presence_freq"": {""value"": 1.0, ""threshold"": 0.75, ""passed"": true}, ""directional_mean_ret"": {""value"": 0.25236289699872333, ""threshold"": 0.0, ""passed"": true}, ""hurdle_excess"": {""value"": 0.2522710363006438, ""threshold"": 0.0, ""passed"": true}, ""min_support_actual"": {""value"": 909, ""threshold"": 50, ""passed"": true}, ""is_structurally_sound"": {""value"": false, ""passed"": false}, ""trade_path_quality_score"": {""value"": -0.0005594523081557504, ""threshold"": 0.0, ""passed"": false}}, ""failures"": [""structural_soundness_fail: "", ""trade_path_quality_score=-0.000559 < 0.000000""], ""warnings"": [], ""classification"": ""rejected""}"
(*)|(*)|(reg_atr_change_rate_ts_band20_80==1&reg_atr_change_rate_ts_band25_75==1&reg_atr_change_rate_ts_band40_60==1&reg_atr_change_rate_ts_top50==1&reg_atr_change_rate_ts_top70==0&reg_ema50_gt_ema200_raw==0),*,*,reg_atr_change_rate_ts_band20_80==1&reg_atr_change_rate_ts_band25_75==1&reg_atr_change_rate_ts_band40_60==1&reg_atr_change_rate_ts_top50==1&reg_atr_change_rate_ts_top70==0&reg_ema50_gt_ema200_raw==0,0.26024195551872253,0.26024195551872253,0.011669807195484943,0.1609438806772232,0.10390123456790124,0.004559953044999,1.0,1.0,0.516245487364621,1337,,,-0.017384253710234426,-0.021661473689470523,-0.01089377878357982,-0.009861796267671027,,0.0,,,,-0.01141158965916149,,0.24858437146092865,0.11684560911322298,0.03133583144023395,-0.0012329422866554482,7.374352118465817,0.0015631716255061576,0.0015631716255061576,9.040064211248286e-05,0.26015155487661007,3,1,1,6,6,stage_a_context,,long,6-way,True,,production,,,0.037500549155688935,1.0,primary_target,0,ranking,rejected,"{""checks"": {""n_folds"": {""value"": 3, ""threshold"": 3, ""passed"": true}, ""presence_freq"": {""value"": 1.0, ""threshold"": 0.75, ""passed"": true}, ""directional_mean_ret"": {""value"": 0.26024195551872253, ""threshold"": 0.0, ""passed"": true}, ""hurdle_excess"": {""value"": 0.26015155487661007, ""threshold"": 0.0, ""passed"": true}, ""min_support_actual"": {""value"": 1337, ""threshold"": 50, ""passed"": true}, ""is_structurally_sound"": {""value"": false, ""passed"": false}, ""trade_path_quality_score"": {""value"": -0.0012329422866554482, ""threshold"": 0.0, ""passed"": false}}, ""failures"": [""structural_soundness_fail: "", ""trade_path_quality_score=-0.001233 < 0.000000""], ""warnings"": [], ""classification"": ""rejected""}"
(*)|(*)|(reg_atr_change_rate_ts_band20_80==1&reg_atr_change_rate_ts_band25_75==1&reg_atr_change_rate_ts_top50==1&reg_atr_change_rate_ts_top60==0&reg_atr_change_rate_ts_top70==0&reg_ema20_gt_ema50_raw==0),*,*,reg_atr_change_rate_ts_band20_80==1&reg_atr_change_rate_ts_band25_75==1&reg_atr_change_rate_ts_top50==1&reg_atr_change_rate_ts_top60==0&reg_atr_change_rate_ts_top70==0&reg_ema20_gt_ema50_raw==0,0.26024195551872253,0.26024195551872253,0.011669807195484943,0.1609438806772232,0.10390123456790124,0.004559953044999,1.0,1.0,0.516245487364621,1337,,,-0.017384253710234426,-0.021661473689470523,-0.01089377878357982,-0.009861796267671027,,0.0,,,,-0.01141158965916149,,0.24858437146092865,0.11684560911322298,0.03133583144023395,-0.0012329422866554482,7.374352118465817,0.0015631716255061576,0.0015631716255061576,9.040064211248286e-05,0.26015155487661007,3,1,1,6,6,stage_a_context,,long,6-way,True,,production,,,0.037500549155688935,1.0,primary_target,0,ranking,rejected,"{""checks"": {""n_folds"": {""value"": 3, ""threshold"": 3, ""passed"": true}, ""presence_freq"": {""value"": 1.0, ""threshold"": 0.75, ""passed"": true}, ""directional_mean_ret"": {""value"": 0.26024195551872253, ""threshold"": 0.0, ""passed"": true}, ""hurdle_excess"": {""value"": 0.26015155487661007, ""threshold"": 0.0, ""passed"": true}, ""min_support_actual"": {""value"": 1337, ""threshold"": 50, ""passed"": true}, ""is_structurally_sound"": {""value"": false, ""passed"": false}, ""trade_path_quality_score"": {""value"": -0.0012329422866554482, ""threshold"": 0.0, ""passed"": false}}, ""failures"": [""structural_soundness_fail: "", ""trade_path_quality_score=-0.001233 < 0.000000""], ""warnings"": [], ""classification"": ""rejected""}"
(*)|(*)|(reg_atr_change_rate_ts_band20_80==1&reg_atr_change_rate_ts_band30_70==1&reg_atr_change_rate_ts_band40_60==1&reg_atr_change_rate_ts_bot50==0&reg_atr_change_rate_ts_top40==1),*,*,reg_atr_change_rate_ts_band20_80==1&reg_atr_change_rate_ts_band30_70==1&reg_atr_change_rate_ts_band40_60==1&reg_atr_change_rate_ts_bot50==0&reg_atr_change_rate_ts_top40==1,0.26024195551872253,0.26024195551872253,0.011669807195484943,0.1609438806772232,0.10390123456790124,0.004559953044999,1.0,1.0,0.516245487364621,1337,,,-0.017384253710234426,-0.021661473689470523,-0.01089377878357982,-0.009861796267671027,,0.0,,,,-0.01141158965916149,,0.24858437146092865,0.11684560911322298,0.03133583144023395,-0.0012329422866554482,7.374352118465817,0.0015631716255061576,0.0015631716255061576,9.040064211248286e-05,0.26015155487661007,3,1,1,5,5,stage_a_context,,long,5-way,True,,production,,,0.037500549155688935,1.0,primary_target,0,ranking,rejected,"{""checks"": {""n_folds"": {""value"": 3, ""threshold"": 3, ""passed"": true}, ""presence_freq"": {""value"": 1.0, ""threshold"": 0.75, ""passed"": true}, ""directional_mean_ret"": {""value"": 0.26024195551872253, ""threshold"": 0.0, ""passed"": true}, ""hurdle_excess"": {""value"": 0.26015155487661007, ""threshold"": 0.0, ""passed"": true}, ""min_support_actual"": {""value"": 1337, ""threshold"": 50, ""passed"": true}, ""is_structurally_sound"": {""value"": false, ""passed"": false}, ""trade_path_quality_score"": {""value"": -0.0012329422866554482, ""threshold"": 0.0, ""passed"": false}}, ""failures"": [""structural_soundness_fail: "", ""trade_path_quality_score=-0.001233 < 0.000000""], ""warnings"": [], ""classification"": ""rejected""}"
(*)|(*)|(reg_atr_change_rate_ts_band20_80==1&reg_atr_change_rate_ts_band40_60==1&reg_atr_change_rate_ts_bot50==0&reg_atr_change_rate_ts_bot70==1&reg_ema50_gt_ema200_raw==0),*,*,reg_atr_change_rate_ts_band20_80==1&reg_atr_change_rate_ts_band40_60==1&reg_atr_change_rate_ts_bot50==0&reg_atr_change_rate_ts_bot70==1&reg_ema50_gt_ema200_raw==0,0.26024195551872253,0.26024195551872253,0.011669807195484943,0.1609438806772232,0.10390123456790124,0.004559953044999,1.0,1.0,0.516245487364621,1337,,,-0.017384253710234426,-0.021661473689470523,-0.01089377878357982,-0.009861796267671027,,0.0,,,,-0.01141158965916149,,0.24858437146092865,0.11684560911322298,0.03133583144023395,-0.0012329422866554482,7.374352118465817,0.0015631716255061576,0.0015631716255061576,9.040064211248286e-05,0.26015155487661007,3,1,1,5,5,stage_a_context,,long,5-way,True,,production,,,0.037500549155688935,1.0,primary_target,0,ranking,rejected,"{""checks"": {""n_folds"": {""value"": 3, ""threshold"": 3, ""passed"": true}, ""presence_freq"": {""value"": 1.0, ""threshold"": 0.75, ""passed"": true}, ""directional_mean_ret"": {""value"": 0.26024195551872253, ""threshold"": 0.0, ""passed"": true}, ""hurdle_excess"": {""value"": 0.26015155487661007, ""threshold"": 0.0, ""passed"": true}, ""min_support_actual"": {""value"": 1337, ""threshold"": 50, ""passed"": true}, ""is_structurally_sound"": {""value"": false, ""passed"": false}, ""trade_path_quality_score"": {""value"": -0.0012329422866554482, ""threshold"": 0.0, ""passed"": false}}, ""failures"": [""structural_soundness_fail: "", ""trade_path_quality_score=-0.001233 < 0.000000""], ""warnings"": [], ""classification"": ""rejected""}"
(*)|(*)|(reg_atr_change_rate_ts_band20_80==1&reg_atr_change_rate_ts_band40_60==1&reg_atr_change_rate_ts_bot50==0),*,*,reg_atr_change_rate_ts_band20_80==1&reg_atr_change_rate_ts_band40_60==1&reg_atr_change_rate_ts_bot50==0,0.26024195551872253,0.26024195551872253,0.011669807195484943,0.1609438806772232,0.10390123456790124,0.004559953044999,1.0,1.0,0.516245487364621,1337,,,-0.017384253710234426,-0.021661473689470523,-0.01089377878357982,-0.009861796267671027,,0.0,,,,-0.01141158965916149,,0.24858437146092865,0.11684560911322298,0.03133583144023395,-0.0012329422866554482,7.374352118465817,0.0015631716255061576,0.0015631716255061576,7.03116105319311e-05,0.2601716439081906,3,3,3,3,3,stage_a_context,,long,3-way,True,,production,,,0.037500549155688935,1.0,primary_target,0,ranking,rejected,"{""checks"": {""n_folds"": {""value"": 3, ""threshold"": 3, ""passed"": true}, ""presence_freq"": {""value"": 1.0, ""threshold"": 0.75, ""passed"": true}, ""directional_mean_ret"": {""value"": 0.26024195551872253, ""threshold"": 0.0, ""passed"": true}, ""hurdle_excess"": {""value"": 0.2601716439081906, ""threshold"": 0.0, ""passed"": true}, ""min_support_actual"": {""value"": 1337, ""threshold"": 50, ""passed"": true}, ""is_structurally_sound"": {""value"": false, ""passed"": false}, ""trade_path_quality_score"": {""value"": -0.0012329422866554482, ""threshold"": 0.0, ""passed"": false}}, ""failures"": [""structural_soundness_fail: "", ""trade_path_quality_score=-0.001233 < 0.000000""], ""warnings"": [], ""classification"": ""rejected""}"
(*)|(*)|(reg_atr_change_rate_ts_band20_80==1&reg_atr_change_rate_ts_band40_60==1&reg_atr_change_rate_ts_top50==1),*,*,reg_atr_change_rate_ts_band20_80==1&reg_atr_change_rate_ts_band40_60==1&reg_atr_change_rate_ts_top50==1,0.26024195551872253,0.26024195551872253,0.011669807195484943,0.1609438806772232,0.10390123456790124,0.004559953044999,1.0,1.0,0.516245487364621,1337,,,-0.017384253710234426,-0.021661473689470523,-0.01089377878357982,-0.009861796267671027,,0.0,,,,-0.01141158965916149,,0.24858437146092865,0.11684560911322298,0.03133583144023395,-0.0012329422866554482,7.374352118465817,0.0015631716255061576,0.0015631716255061576,7.03116105319311e-05,0.2601716439081906,3,4,4,3,3,stage_a_context,,long,3-way,True,,production,,,0.037500549155688935,1.0,primary_target,0,ranking,rejected,"{""checks"": {""n_folds"": {""value"": 3, ""threshold"": 3, ""passed"": true}, ""presence_freq"": {""value"": 1.0, ""threshold"": 0.75, ""passed"": true}, ""directional_mean_ret"": {""value"": 0.26024195551872253, ""threshold"": 0.0, ""passed"": true}, ""hurdle_excess"": {""value"": 0.2601716439081906, ""threshold"": 0.0, ""passed"": true}, ""min_support_actual"": {""value"": 1337, ""threshold"": 50, ""passed"": true}, ""is_structurally_sound"": {""value"": false, ""passed"": false}, ""trade_path_quality_score"": {""value"": -0.0012329422866554482, ""threshold"": 0.0, ""passed"": false}}, ""failures"": [""structural_soundness_fail: "", ""trade_path_quality_score=-0.001233 < 0.000000""], ""warnings"": [], ""classification"": ""rejected""}"
(*)|(*)|(reg_atr_change_rate_ts_band20_80==1&reg_atr_change_rate_ts_band40_60==1&reg_atr_compression_ratio_ts_top50==1),*,*,reg_atr_change_rate_ts_band20_80==1&reg_atr_change_rate_ts_band40_60==1&reg_atr_compression_ratio_ts_top50==1,0.26024195551872253,0.26024195551872253,0.011669807195484943,0.1609438806772232,0.10390123456790124,0.004559953044999,1.0,1.0,0.516245487364621,1337,,,-0.017384253710234426,-0.021661473689470523,-0.01089377878357982,-0.009861796267671027,,0.0,,,,-0.01141158965916149,,0.24858437146092865,0.11684560911322298,0.03133583144023395,-0.0012329422866554482,7.374352118465817,0.0015631716255061576,0.0015631716255061576,7.03116105319311e-05,0.2601716439081906,3,1,1,3,3,stage_a_context,,long,3-way,True,,production,,,0.037500549155688935,1.0,primary_target,0,ranking,rejected,"{""checks"": {""n_folds"": {""value"": 3, ""threshold"": 3, ""passed"": true}, ""presence_freq"": {""value"": 1.0, ""threshold"": 0.75, ""passed"": true}, ""directional_mean_ret"": {""value"": 0.26024195551872253, ""threshold"": 0.0, ""passed"": true}, ""hurdle_excess"": {""value"": 0.2601716439081906, ""threshold"": 0.0, ""passed"": true}, ""min_support_actual"": {""value"": 1337, ""threshold"": 50, ""passed"": true}, ""is_structurally_sound"": {""value"": false, ""passed"": false}, ""trade_path_quality_score"": {""value"": -0.0012329422866554482, ""threshold"": 0.0, ""passed"": false}}, ""failures"": [""structural_soundness_fail: "", ""trade_path_quality_score=-0.001233 < 0.000000""], ""warnings"": [], ""classification"": ""rejected""}"
(*)|(*)|(reg_atr_change_rate_ts_band20_80==1&reg_atr_change_rate_ts_top30==1&reg_atr_change_rate_ts_top50==1&reg_atr_change_rate_ts_top60==0&reg_atr_change_rate_ts_top70==0&reg_ema20_gt_ema50_raw==0),*,*,reg_atr_change_rate_ts_band20_80==1&reg_atr_change_rate_ts_top30==1&reg_atr_change_rate_ts_top50==1&reg_atr_change_rate_ts_top60==0&reg_atr_change_rate_ts_top70==0&reg_ema20_gt_ema50_raw==0,0.26024195551872253,0.26024195551872253,0.011669807195484943,0.1609438806772232,0.10390123456790124,0.004559953044999,1.0,1.0,0.516245487364621,1337,,,-0.017384253710234426,-0.021661473689470523,-0.01089377878357982,-0.009861796267671027,,0.0,,,,-0.01141158965916149,,0.24858437146092865,0.11684560911322298,0.03133583144023395,-0.0012329422866554482,7.374352118465817,0.0015631716255061576,0.0015631716255061576,9.040064211248286e-05,0.26015155487661007,3,1,1,6,6,stage_a_context,,long,6-way,True,,production,,,0.037500549155688935,1.0,primary_target,0,ranking,rejected,"{""checks"": {""n_folds"": {""value"": 3, ""threshold"": 3, ""passed"": true}, ""presence_freq"": {""value"": 1.0, ""threshold"": 0.75, ""passed"": true}, ""directional_mean_ret"": {""value"": 0.26024195551872253, ""threshold"": 0.0, ""passed"": true}, ""hurdle_excess"": {""value"": 0.26015155487661007, ""threshold"": 0.0, ""passed"": true}, ""min_support_actual"": {""value"": 1337, ""threshold"": 50, ""passed"": true}, ""is_structurally_sound"": {""value"": false, ""passed"": false}, ""trade_path_quality_score"": {""value"": -0.0012329422866554482, ""threshold"": 0.0, ""passed"": false}}, ""failures"": [""structural_soundness_fail: "", ""trade_path_quality_score=-0.001233 < 0.000000""], ""warnings"": [], ""classification"": ""rejected""}"
(*)|(*)|(reg_atr_change_rate_ts_band25_75==1&reg_atr_change_rate_ts_band40_60==1&reg_atr_change_rate_ts_top50==1),*,*,reg_atr_change_rate_ts_band25_75==1&reg_atr_change_rate_ts_band40_60==1&reg_atr_change_rate_ts_top50==1,0.26024195551872253,0.26024195551872253,0.011669807195484943,0.1609438806772232,0.10390123456790124,0.004559953044999,1.0,1.0,0.516245487364621,1337,,,-0.017384253710234426,-0.021661473689470523,-0.01089377878357982,-0.009861796267671027,,0.0,,,,-0.01141158965916149,,0.24858437146092865,0.11684560911322298,0.03133583144023395,-0.0012329422866554482,7.374352118465817,0.0015631716255061576,0.0015631716255061576,7.03116105319311e-05,0.2601716439081906,3,1,1,3,3,stage_a_context,,long,3-way,True,,production,,,0.037500549155688935,1.0,primary_target,0,ranking,rejected,"{""checks"": {""n_folds"": {""value"": 3, ""threshold"": 3, ""passed"": true}, ""presence_freq"": {""value"": 1.0, ""threshold"": 0.75, ""passed"": true}, ""directional_mean_ret"": {""value"": 0.26024195551872253, ""threshold"": 0.0, ""passed"": true}, ""hurdle_excess"": {""value"": 0.2601716439081906, ""threshold"": 0.0, ""passed"": true}, ""min_support_actual"": {""value"": 1337, ""threshold"": 50, ""passed"": true}, ""is_structurally_sound"": {""value"": false, ""passed"": false}, ""trade_path_quality_score"": {""value"": -0.0012329422866554482, ""threshold"": 0.0, ""passed"": false}}, ""failures"": [""structural_soundness_fail: "", ""trade_path_quality_score=-0.001233 < 0.000000""], ""warnings"": [], ""classification"": ""rejected""}"
(*)|(loc_dist_ema20_atr_ts_band20_80==1&loc_dist_ema20_atr_ts_band30_70==1&loc_dist_ema20_atr_ts_top50==1)|(reg_atr_change_rate_ts_top40==1&reg_atr_change_rate_ts_top60==0&reg_ema20_gt_ema50_raw==0),*,loc_dist_ema20_atr_ts_band20_80==1&loc_dist_ema20_atr_ts_band30_70==1&loc_dist_ema20_atr_ts_top50==1,reg_atr_change_rate_ts_top40==1&reg_atr_change_rate_ts_top60==0&reg_ema20_gt_ema50_raw==0,0.26024195551872253,0.26024195551872253,0.011669807195484943,0.1609438806772232,0.10390123456790124,0.004559953044999,1.0,1.0,0.516245487364621,1337,,,-0.017384253710234426,-0.021661473689470523,-0.01089377878357982,-0.009861796267671027,,0.0,,,,-0.01141158965916149,,0.24858437146092865,0.11684560911322298,0.03133583144023395,-0.0012329422866554482,7.374352118465817,0.0015631716255061576,0.0015631716255061576,9.040064211248286e-05,0.26015155487661007,3,1,1,6,6,stage_a_context,,long,6-way,True,,production,,,0.037500549155688935,1.0,primary_target,0,ranking,rejected,"{""checks"": {""n_folds"": {""value"": 3, ""threshold"": 3, ""passed"": true}, ""presence_freq"": {""value"": 1.0, ""threshold"": 0.75, ""passed"": true}, ""directional_mean_ret"": {""value"": 0.26024195551872253, ""threshold"": 0.0, ""passed"": true}, ""hurdle_excess"": {""value"": 0.26015155487661007, ""threshold"": 0.0, ""passed"": true}, ""min_support_actual"": {""value"": 1337, ""threshold"": 50, ""passed"": true}, ""is_structurally_sound"": {""value"": false, ""passed"": false}, ""trade_path_quality_score"": {""value"": -0.0012329422866554482, ""threshold"": 0.0, ""passed"": false}}, ""failures"": [""structural_soundness_fail: "", ""trade_path_quality_score=-0.001233 < 0.000000""], ""warnings"": [], ""classification"": ""rejected""}"
(*)|(loc_dist_ema20_atr_ts_band20_80==1&loc_dist_ema20_atr_ts_top50==1)|(reg_atr_change_rate_ts_band40_60==1),*,loc_dist_ema20_atr_ts_band20_80==1&loc_dist_ema20_atr_ts_top50==1,reg_atr_change_rate_ts_band40_60==1,0.26024195551872253,0.26024195551872253,0.011669807195484943,0.1609438806772232,0.10390123456790124,0.004559953044999,1.0,1.0,0.516245487364621,1337,,,-0.017384253710234426,-0.021661473689470523,-0.01089377878357982,-0.009861796267671027,,0.0,,,,-0.01141158965916149,,0.24858437146092865,0.11684560911322298,0.03133583144023395,-0.0012329422866554482,7.374352118465817,0.0015631716255061576,0.0015631716255061576,7.03116105319311e-05,0.2601716439081906,3,1,1,3,3,stage_a_context,,long,3-way,True,,production,,,0.037500549155688935,1.0,primary_target,0,ranking,rejected,"{""checks"": {""n_folds"": {""value"": 3, ""threshold"": 3, ""passed"": true}, ""presence_freq"": {""value"": 1.0, ""threshold"": 0.75, ""passed"": true}, ""directional_mean_ret"": {""value"": 0.26024195551872253, ""threshold"": 0.0, ""passed"": true}, ""hurdle_excess"": {""value"": 0.2601716439081906, ""threshold"": 0.0, ""passed"": true}, ""min_support_actual"": {""value"": 1337, ""threshold"": 50, ""passed"": true}, ""is_structurally_sound"": {""value"": false, ""passed"": false}, ""trade_path_quality_score"": {""value"": -0.0012329422866554482, ""threshold"": 0.0, ""passed"": false}}, ""failures"": [""structural_soundness_fail: "", ""trade_path_quality_score=-0.001233 < 0.000000""], ""warnings"": [], ""classification"": ""rejected""}"
(*)|(loc_dist_ema20_atr_ts_band20_80==1&loc_dist_ema20_atr_ts_top50==1)|(reg_atr_change_rate_ts_top30==1&reg_atr_change_rate_ts_top60==0&reg_atr_compression_ratio_ts_top70==0&reg_ema20_gt_ema50_raw==0),*,loc_dist_ema20_atr_ts_band20_80==1&loc_dist_ema20_atr_ts_top50==1,reg_atr_change_rate_ts_top30==1&reg_atr_change_rate_ts_top60==0&reg_atr_compression_ratio_ts_top70==0&reg_ema20_gt_ema50_raw==0,0.26024195551872253,0.26024195551872253,0.011669807195484943,0.1609438806772232,0.10390123456790124,0.004559953044999,1.0,1.0,0.516245487364621,1337,,,-0.017384253710234426,-0.021661473689470523,-0.01089377878357982,-0.009861796267671027,,0.0,,,,-0.01141158965916149,,0.24858437146092865,0.11684560911322298,0.03133583144023395,-0.0012329422866554482,7.374352118465817,0.0015631716255061576,0.0015631716255061576,9.040064211248286e-05,0.26015155487661007,3,1,1,6,6,stage_a_context,,long,6-way,True,,production,,,0.037500549155688935,1.0,primary_target,0,ranking,rejected,"{""checks"": {""n_folds"": {""value"": 3, ""threshold"": 3, ""passed"": true}, ""presence_freq"": {""value"": 1.0, ""threshold"": 0.75, ""passed"": true}, ""directional_mean_ret"": {""value"": 0.26024195551872253, ""threshold"": 0.0, ""passed"": true}, ""hurdle_excess"": {""value"": 0.26015155487661007, ""threshold"": 0.0, ""passed"": true}, ""min_support_actual"": {""value"": 1337, ""threshold"": 50, ""passed"": true}, ""is_structurally_sound"": {""value"": false, ""passed"": false}, ""trade_path_quality_score"": {""value"": -0.0012329422866554482, ""threshold"": 0.0, ""passed"": false}}, ""failures"": [""structural_soundness_fail: "", ""trade_path_quality_score=-0.001233 < 0.000000""], ""warnings"": [], ""classification"": ""rejected""}"
(*)|(loc_dist_ema20_atr_ts_band20_80==1&loc_dist_ema20_atr_ts_top70==0)|(reg_atr_change_rate_ts_top40==1&reg_atr_change_rate_ts_top50==1&reg_atr_change_rate_ts_top60==0&reg_ema50_gt_ema200_raw==0),*,loc_dist_ema20_atr_ts_band20_80==1&loc_dist_ema20_atr_ts_top70==0,reg_atr_change_rate_ts_top40==1&reg_atr_change_rate_ts_top50==1&reg_atr_change_rate_ts_top60==0&reg_ema50_gt_ema200_raw==0,0.26024195551872253,0.26024195551872253,0.011669807195484943,0.1609438806772232,0.10390123456790124,0.004559953044999,1.0,1.0,0.516245487364621,1337,,,-0.017384253710234426,-0.021661473689470523,-0.01089377878357982,-0.009861796267671027,,0.0,,,,-0.01141158965916149,,0.24858437146092865,0.11684560911322298,0.03133583144023395,-0.0012329422866554482,7.374352118465817,0.0015631716255061576,0.0015631716255061576,9.040064211248286e-05,0.26015155487661007,3,2,2,6,6,stage_a_context,,long,6-way,True,,production,,,0.037500549155688935,1.0,primary_target,0,ranking,rejected,"{""checks"": {""n_folds"": {""value"": 3, ""threshold"": 3, ""passed"": true}, ""presence_freq"": {""value"": 1.0, ""threshold"": 0.75, ""passed"": true}, ""directional_mean_ret"": {""value"": 0.26024195551872253, ""threshold"": 0.0, ""passed"": true}, ""hurdle_excess"": {""value"": 0.26015155487661007, ""threshold"": 0.0, ""passed"": true}, ""min_support_actual"": {""value"": 1337, ""threshold"": 50, ""passed"": true}, ""is_structurally_sound"": {""value"": false, ""passed"": false}, ""trade_path_quality_score"": {""value"": -0.0012329422866554482, ""threshold"": 0.0, ""passed"": false}}, ""failures"": [""structural_soundness_fail: "", ""trade_path_quality_score=-0.001233 < 0.000000""], ""warnings"": [], ""classification"": ""rejected""}"
(*)|(loc_dist_ema20_atr_ts_band20_80==1)|(reg_atr_change_rate_ts_band40_60==1&reg_atr_change_rate_ts_top50==1),*,loc_dist_ema20_atr_ts_band20_80==1,reg_atr_change_rate_ts_band40_60==1&reg_atr_change_rate_ts_top50==1,0.26024195551872253,0.26024195551872253,0.011669807195484943,0.1609438806772232,0.10390123456790124,0.004559953044999,1.0,1.0,0.516245487364621,1337,,,-0.017384253710234426,-0.021661473689470523,-0.01089377878357982,-0.009861796267671027,,0.0,,,,-0.01141158965916149,,0.24858437146092865,0.11684560911322298,0.03133583144023395,-0.0012329422866554482,7.374352118465817,0.0015631716255061576,0.0015631716255061576,7.03116105319311e-05,0.2601716439081906,3,1,1,3,3,stage_a_context,,long,3-way,True,,production,,,0.037500549155688935,1.0,primary_target,0,ranking,rejected,"{""checks"": {""n_folds"": {""value"": 3, ""threshold"": 3, ""passed"": true}, ""presence_freq"": {""value"": 1.0, ""threshold"": 0.75, ""passed"": true}, ""directional_mean_ret"": {""value"": 0.26024195551872253, ""threshold"": 0.0, ""passed"": true}, ""hurdle_excess"": {""value"": 0.2601716439081906, ""threshold"": 0.0, ""passed"": true}, ""min_support_actual"": {""value"": 1337, ""threshold"": 50, ""passed"": true}, ""is_structurally_sound"": {""value"": false, ""passed"": false}, ""trade_path_quality_score"": {""value"": -0.0012329422866554482, ""threshold"": 0.0, ""passed"": false}}, ""failures"": [""structural_soundness_fail: "", ""trade_path_quality_score=-0.001233 < 0.000000""], ""warnings"": [], ""classification"": ""rejected""}"
(*)|(loc_dist_ema20_atr_ts_band20_80==1)|(reg_atr_change_rate_ts_bot30==0&reg_atr_change_rate_ts_bot70==1&reg_atr_change_rate_ts_top50==1&reg_atr_change_rate_ts_top60==0&reg_ema20_gt_ema50_raw==0),*,loc_dist_ema20_atr_ts_band20_80==1,reg_atr_change_rate_ts_bot30==0&reg_atr_change_rate_ts_bot70==1&reg_atr_change_rate_ts_top50==1&reg_atr_change_rate_ts_top60==0&reg_ema20_gt_ema50_raw==0,0.26024195551872253,0.26024195551872253,0.011669807195484943,0.1609438806772232,0.10390123456790124,0.004559953044999,1.0,1.0,0.516245487364621,1337,,,-0.017384253710234426,-0.021661473689470523,-0.01089377878357982,-0.009861796267671027,,0.0,,,,-0.01141158965916149,,0.24858437146092865,0.11684560911322298,0.03133583144023395,-0.0012329422866554482,7.374352118465817,0.0015631716255061576,0.0015631716255061576,9.040064211248286e-05,0.26015155487661007,3,1,1,6,6,stage_a_context,,long,6-way,True,,production,,,0.037500549155688935,1.0,primary_target,0,ranking,rejected,"{""checks"": {""n_folds"": {""value"": 3, ""threshold"": 3, ""passed"": true}, ""presence_freq"": {""value"": 1.0, ""threshold"": 0.75, ""passed"": true}, ""directional_mean_ret"": {""value"": 0.26024195551872253, ""threshold"": 0.0, ""passed"": true}, ""hurdle_excess"": {""value"": 0.26015155487661007, ""threshold"": 0.0, ""passed"": true}, ""min_support_actual"": {""value"": 1337, ""threshold"": 50, ""passed"": true}, ""is_structurally_sound"": {""value"": false, ""passed"": false}, ""trade_path_quality_score"": {""value"": -0.0012329422866554482, ""threshold"": 0.0, ""passed"": false}}, ""failures"": [""structural_soundness_fail: "", ""trade_path_quality_score=-0.001233 < 0.000000""], ""warnings"": [], ""classification"": ""rejected""}"
(*)|(loc_dist_ema20_atr_ts_band20_80==1)|(reg_atr_change_rate_ts_bot70==1&reg_atr_change_rate_ts_top40==1&reg_atr_change_rate_ts_top50==1&reg_atr_change_rate_ts_top60==0&reg_ema20_gt_ema50_raw==0),*,loc_dist_ema20_atr_ts_band20_80==1,reg_atr_change_rate_ts_bot70==1&reg_atr_change_rate_ts_top40==1&reg_atr_change_rate_ts_top50==1&reg_atr_change_rate_ts_top60==0&reg_ema20_gt_ema50_raw==0,0.26024195551872253,0.26024195551872253,0.011669807195484943,0.1609438806772232,0.10390123456790124,0.004559953044999,1.0,1.0,0.516245487364621,1337,,,-0.017384253710234426,-0.021661473689470523,-0.01089377878357982,-0.009861796267671027,,0.0,,,,-0.01141158965916149,,0.24858437146092865,0.11684560911322298,0.03133583144023395,-0.0012329422866554482,7.374352118465817,0.0015631716255061576,0.0015631716255061576,9.040064211248286e-05,0.26015155487661007,3,1,1,6,6,stage_a_context,,long,6-way,True,,production,,,0.037500549155688935,1.0,primary_target,0,ranking,rejected,"{""checks"": {""n_folds"": {""value"": 3, ""threshold"": 3, ""passed"": true}, ""presence_freq"": {""value"": 1.0, ""threshold"": 0.75, ""passed"": true}, ""directional_mean_ret"": {""value"": 0.26024195551872253, ""threshold"": 0.0, ""passed"": true}, ""hurdle_excess"": {""value"": 0.26015155487661007, ""threshold"": 0.0, ""passed"": true}, ""min_support_actual"": {""value"": 1337, ""threshold"": 50, ""passed"": true}, ""is_structurally_sound"": {""value"": false, ""passed"": false}, ""trade_path_quality_score"": {""value"": -0.0012329422866554482, ""threshold"": 0.0, ""passed"": false}}, ""failures"": [""structural_soundness_fail: "", ""trade_path_quality_score=-0.001233 < 0.000000""], ""warnings"": [], ""classification"": ""rejected""}"
(*)|(loc_dist_ema20_atr_ts_band20_80==1)|(reg_atr_change_rate_ts_top30==1&reg_atr_change_rate_ts_top50==1&reg_atr_change_rate_ts_top60==0&reg_atr_change_rate_ts_top70==0&reg_ema50_gt_ema200_raw==0),*,loc_dist_ema20_atr_ts_band20_80==1,reg_atr_change_rate_ts_top30==1&reg_atr_change_rate_ts_top50==1&reg_atr_change_rate_ts_top60==0&reg_atr_change_rate_ts_top70==0&reg_ema50_gt_ema200_raw==0,0.26024195551872253,0.26024195551872253,0.011669807195484943,0.1609438806772232,0.10390123456790124,0.004559953044999,1.0,1.0,0.516245487364621,1337,,,-0.017384253710234426,-0.021661473689470523,-0.01089377878357982,-0.009861796267671027,,0.0,,,,-0.01141158965916149,,0.24858437146092865,0.11684560911322298,0.03133583144023395,-0.0012329422866554482,7.374352118465817,0.0015631716255061576,0.0015631716255061576,9.040064211248286e-05,0.26015155487661007,3,1,1,6,6,stage_a_context,,long,6-way,True,,production,,,0.037500549155688935,1.0,primary_target,0,ranking,rejected,"{""checks"": {""n_folds"": {""value"": 3, ""threshold"": 3, ""passed"": true}, ""presence_freq"": {""value"": 1.0, ""threshold"": 0.75, ""passed"": true}, ""directional_mean_ret"": {""value"": 0.26024195551872253, ""threshold"": 0.0, ""passed"": true}, ""hurdle_excess"": {""value"": 0.26015155487661007, ""threshold"": 0.0, ""passed"": true}, ""min_support_actual"": {""value"": 1337, ""threshold"": 50, ""passed"": true}, ""is_structurally_sound"": {""value"": false, ""passed"": false}, ""trade_path_quality_score"": {""value"": -0.0012329422866554482, ""threshold"": 0.0, ""passed"": false}}, ""failures"": [""structural_soundness_fail: "", ""trade_path_quality_score=-0.001233 < 0.000000""], ""warnings"": [], ""classification"": ""rejected""}"
(*)|(loc_dist_ema20_atr_ts_band25_75==1&loc_dist_ema20_atr_ts_top50==1)|(reg_atr_change_rate_ts_top40==1&reg_atr_change_rate_ts_top60==0&reg_atr_change_rate_ts_top70==0&reg_ema50_gt_ema200_raw==0),*,loc_dist_ema20_atr_ts_band25_75==1&loc_dist_ema20_atr_ts_top50==1,reg_atr_change_rate_ts_top40==1&reg_atr_change_rate_ts_top60==0&reg_atr_change_rate_ts_top70==0&reg_ema50_gt_ema200_raw==0,0.26024195551872253,0.26024195551872253,0.011669807195484943,0.1609438806772232,0.10390123456790124,0.004559953044999,1.0,1.0,0.516245487364621,1337,,,-0.017384253710234426,-0.021661473689470523,-0.01089377878357982,-0.009861796267671027,,0.0,,,,-0.01141158965916149,,0.24858437146092865,0.11684560911322298,0.03133583144023395,-0.0012329422866554482,7.374352118465817,0.0015631716255061576,0.0015631716255061576,9.040064211248286e-05,0.26015155487661007,3,1,1,6,6,stage_a_context,,long,6-way,True,,production,,,0.037500549155688935,1.0,primary_target,0,ranking,rejected,"{""checks"": {""n_folds"": {""value"": 3, ""threshold"": 3, ""passed"": true}, ""presence_freq"": {""value"": 1.0, ""threshold"": 0.75, ""passed"": true}, ""directional_mean_ret"": {""value"": 0.26024195551872253, ""threshold"": 0.0, ""passed"": true}, ""hurdle_excess"": {""value"": 0.26015155487661007, ""threshold"": 0.0, ""passed"": true}, ""min_support_actual"": {""value"": 1337, ""threshold"": 50, ""passed"": true}, ""is_structurally_sound"": {""value"": false, ""passed"": false}, ""trade_path_quality_score"": {""value"": -0.0012329422866554482, ""threshold"": 0.0, ""passed"": false}}, ""failures"": [""structural_soundness_fail: "", ""trade_path_quality_score=-0.001233 < 0.000000""], ""warnings"": [], ""classification"": ""rejected""}"
(*)|(loc_dist_ema20_atr_ts_band25_75==1&loc_dist_ema20_atr_ts_top70==0)|(reg_atr_change_rate_ts_band20_80==1&reg_atr_change_rate_ts_bot50==0&reg_atr_change_rate_ts_top60==0&reg_ema50_gt_ema200_raw==0),*,loc_dist_ema20_atr_ts_band25_75==1&loc_dist_ema20_atr_ts_top70==0,reg_atr_change_rate_ts_band20_80==1&reg_atr_change_rate_ts_bot50==0&reg_atr_change_rate_ts_top60==0&reg_ema50_gt_ema200_raw==0,0.26024195551872253,0.26024195551872253,0.011669807195484943,0.1609438806772232,0.10390123456790124,0.004559953044999,1.0,1.0,0.516245487364621,1337,,,-0.017384253710234426,-0.021661473689470523,-0.01089377878357982,-0.009861796267671027,,0.0,,,,-0.01141158965916149,,0.24858437146092865,0.11684560911322298,0.03133583144023395,-0.0012329422866554482,7.374352118465817,0.0015631716255061576,0.0015631716255061576,9.040064211248286e-05,0.26015155487661007,3,1,1,6,6,stage_a_context,,long,6-way,True,,production,,,0.037500549155688935,1.0,primary_target,0,ranking,rejected,"{""checks"": {""n_folds"": {""value"": 3, ""threshold"": 3, ""passed"": true}, ""presence_freq"": {""value"": 1.0, ""threshold"": 0.75, ""passed"": true}, ""directional_mean_ret"": {""value"": 0.26024195551872253, ""threshold"": 0.0, ""passed"": true}, ""hurdle_excess"": {""value"": 0.26015155487661007, ""threshold"": 0.0, ""passed"": true}, ""min_support_actual"": {""value"": 1337, ""threshold"": 50, ""passed"": true}, ""is_structurally_sound"": {""value"": false, ""passed"": false}, ""trade_path_quality_score"": {""value"": -0.0012329422866554482, ""threshold"": 0.0, ""passed"": false}}, ""failures"": [""structural_soundness_fail: "", ""trade_path_quality_score=-0.001233 < 0.000000""], ""warnings"": [], ""classification"": ""rejected""}"
(*)|(loc_dist_ema20_atr_ts_band25_75==1&loc_dist_ema20_atr_ts_top70==0)|(reg_atr_change_rate_ts_top40==1&reg_atr_change_rate_ts_top50==1&reg_atr_change_rate_ts_top60==0&reg_ema20_gt_ema50_raw==0),*,loc_dist_ema20_atr_ts_band25_75==1&loc_dist_ema20_atr_ts_top70==0,reg_atr_change_rate_ts_top40==1&reg_atr_change_rate_ts_top50==1&reg_atr_change_rate_ts_top60==0&reg_ema20_gt_ema50_raw==0,0.26024195551872253,0.26024195551872253,0.011669807195484943,0.1609438806772232,0.10390123456790124,0.004559953044999,1.0,1.0,0.516245487364621,1337,,,-0.017384253710234426,-0.021661473689470523,-0.01089377878357982,-0.009861796267671027,,0.0,,,,-0.01141158965916149,,0.24858437146092865,0.11684560911322298,0.03133583144023395,-0.0012329422866554482,7.374352118465817,0.0015631716255061576,0.0015631716255061576,9.040064211248286e-05,0.26015155487661007,3,1,1,6,6,stage_a_context,,long,6-way,True,,production,,,0.037500549155688935,1.0,primary_target,0,ranking,rejected,"{""checks"": {""n_folds"": {""value"": 3, ""threshold"": 3, ""passed"": true}, ""presence_freq"": {""value"": 1.0, ""threshold"": 0.75, ""passed"": true}, ""directional_mean_ret"": {""value"": 0.26024195551872253, ""threshold"": 0.0, ""passed"": true}, ""hurdle_excess"": {""value"": 0.26015155487661007, ""threshold"": 0.0, ""passed"": true}, ""min_support_actual"": {""value"": 1337, ""threshold"": 50, ""passed"": true}, ""is_structurally_sound"": {""value"": false, ""passed"": false}, ""trade_path_quality_score"": {""value"": -0.0012329422866554482, ""threshold"": 0.0, ""passed"": false}}, ""failures"": [""structural_soundness_fail: "", ""trade_path_quality_score=-0.001233 < 0.000000""], ""warnings"": [], ""classification"": ""rejected""}"
(*)|(loc_dist_ema20_atr_ts_top30==1&loc_dist_ema20_atr_ts_top50==1)|(reg_atr_change_rate_ts_band25_75==1&reg_atr_change_rate_ts_top60==0&reg_atr_change_rate_ts_top70==0&reg_ema50_gt_ema200_raw==0),*,loc_dist_ema20_atr_ts_top30==1&loc_dist_ema20_atr_ts_top50==1,reg_atr_change_rate_ts_band25_75==1&reg_atr_change_rate_ts_top60==0&reg_atr_change_rate_ts_top70==0&reg_ema50_gt_ema200_raw==0,0.26024195551872253,0.26024195551872253,0.011669807195484943,0.1609438806772232,0.10390123456790124,0.004559953044999,1.0,1.0,0.516245487364621,1337,,,-0.017384253710234426,-0.021661473689470523,-0.01089377878357982,-0.009861796267671027,,0.0,,,,-0.01141158965916149,,0.24858437146092865,0.11684560911322298,0.03133583144023395,-0.0012329422866554482,7.374352118465817,0.0015631716255061576,0.0015631716255061576,9.040064211248286e-05,0.26015155487661007,3,1,1,6,6,stage_a_context,,long,6-way,True,,production,,,0.037500549155688935,1.0,primary_target,0,ranking,rejected,"{""checks"": {""n_folds"": {""value"": 3, ""threshold"": 3, ""passed"": true}, ""presence_freq"": {""value"": 1.0, ""threshold"": 0.75, ""passed"": true}, ""directional_mean_ret"": {""value"": 0.26024195551872253, ""threshold"": 0.0, ""passed"": true}, ""hurdle_excess"": {""value"": 0.26015155487661007, ""threshold"": 0.0, ""passed"": true}, ""min_support_actual"": {""value"": 1337, ""threshold"": 50, ""passed"": true}, ""is_structurally_sound"": {""value"": false, ""passed"": false}, ""trade_path_quality_score"": {""value"": -0.0012329422866554482, ""threshold"": 0.0, ""passed"": false}}, ""failures"": [""structural_soundness_fail: "", ""trade_path_quality_score=-0.001233 < 0.000000""], ""warnings"": [], ""classification"": ""rejected""}"
(*)|(loc_dist_ema20_atr_ts_top30==1)|(reg_atr_change_rate_ts_band20_80==1&reg_atr_change_rate_ts_band40_60==1&reg_atr_change_rate_ts_top50==1&reg_atr_change_rate_ts_top70==0&reg_ema20_gt_ema50_raw==0),*,loc_dist_ema20_atr_ts_top30==1,reg_atr_change_rate_ts_band20_80==1&reg_atr_change_rate_ts_band40_60==1&reg_atr_change_rate_ts_top50==1&reg_atr_change_rate_ts_top70==0&reg_ema20_gt_ema50_raw==0,0.26024195551872253,0.26024195551872253,0.011669807195484943,0.1609438806772232,0.10390123456790124,0.004559953044999,1.0,1.0,0.516245487364621,1337,,,-0.017384253710234426,-0.021661473689470523,-0.01089377878357982,-0.009861796267671027,,0.0,,,,-0.01141158965916149,,0.24858437146092865,0.11684560911322298,0.03133583144023395,-0.0012329422866554482,7.374352118465817,0.0015631716255061576,0.0015631716255061576,9.040064211248286e-05,0.26015155487661007,3,1,1,6,6,stage_a_context,,long,6-way,True,,production,,,0.037500549155688935,1.0,primary_target,0,ranking,rejected,"{""checks"": {""n_folds"": {""value"": 3, ""threshold"": 3, ""passed"": true}, ""presence_freq"": {""value"": 1.0, ""threshold"": 0.75, ""passed"": true}, ""directional_mean_ret"": {""value"": 0.26024195551872253, ""threshold"": 0.0, ""passed"": true}, ""hurdle_excess"": {""value"": 0.26015155487661007, ""threshold"": 0.0, ""passed"": true}, ""min_support_actual"": {""value"": 1337, ""threshold"": 50, ""passed"": true}, ""is_structurally_sound"": {""value"": false, ""passed"": false}, ""trade_path_quality_score"": {""value"": -0.0012329422866554482, ""threshold"": 0.0, ""passed"": false}}, ""failures"": [""structural_soundness_fail: "", ""trade_path_quality_score=-0.001233 < 0.000000""], ""warnings"": [], ""classification"": ""rejected""}"
(*)|(loc_dist_ema20_atr_ts_top40==1&loc_dist_ema20_atr_ts_top60==0)|(reg_atr_change_rate_ts_band20_80==1&reg_atr_change_rate_ts_top50==1&reg_ema50_gt_ema200_raw==0),*,loc_dist_ema20_atr_ts_top40==1&loc_dist_ema20_atr_ts_top60==0,reg_atr_change_rate_ts_band20_80==1&reg_atr_change_rate_ts_top50==1&reg_ema50_gt_ema200_raw==0,0.26024195551872253,0.26024195551872253,0.011669807195484943,0.1609438806772232,0.10390123456790124,0.004559953044999,1.0,1.0,0.516245487364621,1337,,,-0.017384253710234426,-0.021661473689470523,-0.01089377878357982,-0.009861796267671027,,0.0,,,,-0.01141158965916149,,0.24858437146092865,0.11684560911322298,0.03133583144023395,-0.0012329422866554482,7.374352118465817,0.0015631716255061576,0.0015631716255061576,9.040064211248286e-05,0.26015155487661007,3,1,1,5,5,stage_a_context,,long,5-way,True,,production,,,0.037500549155688935,1.0,primary_target,0,ranking,rejected,"{""checks"": {""n_folds"": {""value"": 3, ""threshold"": 3, ""passed"": true}, ""presence_freq"": {""value"": 1.0, ""threshold"": 0.75, ""passed"": true}, ""directional_mean_ret"": {""value"": 0.26024195551872253, ""threshold"": 0.0, ""passed"": true}, ""hurdle_excess"": {""value"": 0.26015155487661007, ""threshold"": 0.0, ""passed"": true}, ""min_support_actual"": {""value"": 1337, ""threshold"": 50, ""passed"": true}, ""is_structurally_sound"": {""value"": false, ""passed"": false}, ""trade_path_quality_score"": {""value"": -0.0012329422866554482, ""threshold"": 0.0, ""passed"": false}}, ""failures"": [""structural_soundness_fail: "", ""trade_path_quality_score=-0.001233 < 0.000000""], ""warnings"": [], ""classification"": ""rejected""}"
(*)|(loc_dist_ema20_atr_ts_top40==1)|(reg_atr_change_rate_ts_band25_75==1&reg_atr_change_rate_ts_top50==1&reg_atr_change_rate_ts_top60==0&reg_atr_change_rate_ts_top70==0&reg_ema20_gt_ema50_raw==0),*,loc_dist_ema20_atr_ts_top40==1,reg_atr_change_rate_ts_band25_75==1&reg_atr_change_rate_ts_top50==1&reg_atr_change_rate_ts_top60==0&reg_atr_change_rate_ts_top70==0&reg_ema20_gt_ema50_raw==0,0.26024195551872253,0.26024195551872253,0.011669807195484943,0.1609438806772232,0.10390123456790124,0.004559953044999,1.0,1.0,0.516245487364621,1337,,,-0.017384253710234426,-0.021661473689470523,-0.01089377878357982,-0.009861796267671027,,0.0,,,,-0.01141158965916149,,0.24858437146092865,0.11684560911322298,0.03133583144023395,-0.0012329422866554482,7.374352118465817,0.0015631716255061576,0.0015631716255061576,9.040064211248286e-05,0.26015155487661007,3,1,1,6,6,stage_a_context,,long,6-way,True,,production,,,0.037500549155688935,1.0,primary_target,0,ranking,rejected,"{""checks"": {""n_folds"": {""value"": 3, ""threshold"": 3, ""passed"": true}, ""presence_freq"": {""value"": 1.0, ""threshold"": 0.75, ""passed"": true}, ""directional_mean_ret"": {""value"": 0.26024195551872253, ""threshold"": 0.0, ""passed"": true}, ""hurdle_excess"": {""value"": 0.26015155487661007, ""threshold"": 0.0, ""passed"": true}, ""min_support_actual"": {""value"": 1337, ""threshold"": 50, ""passed"": true}, ""is_structurally_sound"": {""value"": false, ""passed"": false}, ""trade_path_quality_score"": {""value"": -0.0012329422866554482, ""threshold"": 0.0, ""passed"": false}}, ""failures"": [""structural_soundness_fail: "", ""trade_path_quality_score=-0.001233 < 0.000000""], ""warnings"": [], ""classification"": ""rejected""}"
(*)|(loc_dist_ema20_atr_ts_top40==1)|(reg_atr_change_rate_ts_band25_75==1&reg_atr_change_rate_ts_top50==1&reg_atr_change_rate_ts_top60==0&reg_atr_change_rate_ts_top70==0&reg_ema50_gt_ema200_raw==0),*,loc_dist_ema20_atr_ts_top40==1,reg_atr_change_rate_ts_band25_75==1&reg_atr_change_rate_ts_top50==1&reg_atr_change_rate_ts_top60==0&reg_atr_change_rate_ts_top70==0&reg_ema50_gt_ema200_raw==0,0.26024195551872253,0.26024195551872253,0.011669807195484943,0.1609438806772232,0.10390123456790124,0.004559953044999,1.0,1.0,0.516245487364621,1337,,,-0.017384253710234426,-0.021661473689470523,-0.01089377878357982,-0.009861796267671027,,0.0,,,,-0.01141158965916149,,0.24858437146092865,0.11684560911322298,0.03133583144023395,-0.0012329422866554482,7.374352118465817,0.0015631716255061576,0.0015631716255061576,9.040064211248286e-05,0.26015155487661007,3,1,1,6,6,stage_a_context,,long,6-way,True,,production,,,0.037500549155688935,1.0,primary_target,0,ranking,rejected,"{""checks"": {""n_folds"": {""value"": 3, ""threshold"": 3, ""passed"": true}, ""presence_freq"": {""value"": 1.0, ""threshold"": 0.75, ""passed"": true}, ""directional_mean_ret"": {""value"": 0.26024195551872253, ""threshold"": 0.0, ""passed"": true}, ""hurdle_excess"": {""value"": 0.26015155487661007, ""threshold"": 0.0, ""passed"": true}, ""min_support_actual"": {""value"": 1337, ""threshold"": 50, ""passed"": true}, ""is_structurally_sound"": {""value"": false, ""passed"": false}, ""trade_path_quality_score"": {""value"": -0.0012329422866554482, ""threshold"": 0.0, ""passed"": false}}, ""failures"": [""structural_soundness_fail: "", ""trade_path_quality_score=-0.001233 < 0.000000""], ""warnings"": [], ""classification"": ""rejected""}"
(*)|(loc_dist_ema20_atr_ts_top50==1&loc_dist_ema20_atr_ts_top60==0)|(reg_atr_change_rate_ts_band30_70==1&reg_atr_change_rate_ts_top40==1&reg_ema20_gt_ema50_raw==0),*,loc_dist_ema20_atr_ts_top50==1&loc_dist_ema20_atr_ts_top60==0,reg_atr_change_rate_ts_band30_70==1&reg_atr_change_rate_ts_top40==1&reg_ema20_gt_ema50_raw==0,0.26024195551872253,0.26024195551872253,0.011669807195484943,0.1609438806772232,0.10390123456790124,0.004559953044999,1.0,1.0,0.516245487364621,1337,,,-0.017384253710234426,-0.021661473689470523,-0.01089377878357982,-0.009861796267671027,,0.0,,,,-0.01141158965916149,,0.24858437146092865,0.11684560911322298,0.03133583144023395,-0.0012329422866554482,7.374352118465817,0.0015631716255061576,0.0015631716255061576,9.040064211248286e-05,0.26015155487661007,3,1,1,5,5,stage_a_context,,long,5-way,True,,production,,,0.037500549155688935,1.0,primary_target,0,ranking,rejected,"{""checks"": {""n_folds"": {""value"": 3, ""threshold"": 3, ""passed"": true}, ""presence_freq"": {""value"": 1.0, ""threshold"": 0.75, ""passed"": true}, ""directional_mean_ret"": {""value"": 0.26024195551872253, ""threshold"": 0.0, ""passed"": true}, ""hurdle_excess"": {""value"": 0.26015155487661007, ""threshold"": 0.0, ""passed"": true}, ""min_support_actual"": {""value"": 1337, ""threshold"": 50, ""passed"": true}, ""is_structurally_sound"": {""value"": false, ""passed"": false}, ""trade_path_quality_score"": {""value"": -0.0012329422866554482, ""threshold"": 0.0, ""passed"": false}}, ""failures"": [""structural_soundness_fail: "", ""trade_path_quality_score=-0.001233 < 0.000000""], ""warnings"": [], ""classification"": ""rejected""}"
(*)|(loc_dist_ema20_atr_ts_top50==1&loc_dist_ema20_atr_ts_top70==0)|(reg_atr_change_rate_ts_band20_80==1&reg_atr_change_rate_ts_bot40==0&reg_atr_change_rate_ts_top60==0&reg_ema20_gt_ema50_raw==0),*,loc_dist_ema20_atr_ts_top50==1&loc_dist_ema20_atr_ts_top70==0,reg_atr_change_rate_ts_band20_80==1&reg_atr_change_rate_ts_bot40==0&reg_atr_change_rate_ts_top60==0&reg_ema20_gt_ema50_raw==0,0.26024195551872253,0.26024195551872253,0.011669807195484943,0.1609438806772232,0.10390123456790124,0.004559953044999,1.0,1.0,0.516245487364621,1337,,,-0.017384253710234426,-0.021661473689470523,-0.01089377878357982,-0.009861796267671027,,0.0,,,,-0.01141158965916149,,0.24858437146092865,0.11684560911322298,0.03133583144023395,-0.0012329422866554482,7.374352118465817,0.0015631716255061576,0.0015631716255061576,9.040064211248286e-05,0.26015155487661007,3,1,1,6,6,stage_a_context,,long,6-way,True,,production,,,0.037500549155688935,1.0,primary_target,0,ranking,rejected,"{""checks"": {""n_folds"": {""value"": 3, ""threshold"": 3, ""passed"": true}, ""presence_freq"": {""value"": 1.0, ""threshold"": 0.75, ""passed"": true}, ""directional_mean_ret"": {""value"": 0.26024195551872253, ""threshold"": 0.0, ""passed"": true}, ""hurdle_excess"": {""value"": 0.26015155487661007, ""threshold"": 0.0, ""passed"": true}, ""min_support_actual"": {""value"": 1337, ""threshold"": 50, ""passed"": true}, ""is_structurally_sound"": {""value"": false, ""passed"": false}, ""trade_path_quality_score"": {""value"": -0.0012329422866554482, ""threshold"": 0.0, ""passed"": false}}, ""failures"": [""structural_soundness_fail: "", ""trade_path_quality_score=-0.001233 < 0.000000""], ""warnings"": [], ""classification"": ""rejected""}"
(*)|(loc_dist_ema20_atr_ts_top50==1&loc_dist_ema20_atr_ts_top70==0)|(reg_atr_change_rate_ts_band20_80==1&reg_atr_change_rate_ts_top30==1&reg_atr_change_rate_ts_top60==0&reg_ema20_gt_ema50_raw==0),*,loc_dist_ema20_atr_ts_top50==1&loc_dist_ema20_atr_ts_top70==0,reg_atr_change_rate_ts_band20_80==1&reg_atr_change_rate_ts_top30==1&reg_atr_change_rate_ts_top60==0&reg_ema20_gt_ema50_raw==0,0.26024195551872253,0.26024195551872253,0.011669807195484943,0.1609438806772232,0.10390123456790124,0.004559953044999,1.0,1.0,0.516245487364621,1337,,,-0.017384253710234426,-0.021661473689470523,-0.01089377878357982,-0.009861796267671027,,0.0,,,,-0.01141158965916149,,0.24858437146092865,0.11684560911322298,0.03133583144023395,-0.0012329422866554482,7.374352118465817,0.0015631716255061576,0.0015631716255061576,9.040064211248286e-05,0.26015155487661007,3,1,1,6,6,stage_a_context,,long,6-way,True,,production,,,0.037500549155688935,1.0,primary_target,0,ranking,rejected,"{""checks"": {""n_folds"": {""value"": 3, ""threshold"": 3, ""passed"": true}, ""presence_freq"": {""value"": 1.0, ""threshold"": 0.75, ""passed"": true}, ""directional_mean_ret"": {""value"": 0.26024195551872253, ""threshold"": 0.0, ""passed"": true}, ""hurdle_excess"": {""value"": 0.26015155487661007, ""threshold"": 0.0, ""passed"": true}, ""min_support_actual"": {""value"": 1337, ""threshold"": 50, ""passed"": true}, ""is_structurally_sound"": {""value"": false, ""passed"": false}, ""trade_path_quality_score"": {""value"": -0.0012329422866554482, ""threshold"": 0.0, ""passed"": false}}, ""failures"": [""structural_soundness_fail: "", ""trade_path_quality_score=-0.001233 < 0.000000""], ""warnings"": [], ""classification"": ""rejected""}"
(*)|(loc_dist_ema20_atr_ts_top50==1&loc_dist_ema20_atr_ts_top70==0)|(reg_atr_change_rate_ts_band20_80==1&reg_atr_change_rate_ts_top30==1&reg_atr_compression_ratio_ts_band40_60==1&reg_ema20_gt_ema50_raw==0),*,loc_dist_ema20_atr_ts_top50==1&loc_dist_ema20_atr_ts_top70==0,reg_atr_change_rate_ts_band20_80==1&reg_atr_change_rate_ts_top30==1&reg_atr_compression_ratio_ts_band40_60==1&reg_ema20_gt_ema50_raw==0,0.26024195551872253,0.26024195551872253,0.011669807195484943,0.1609438806772232,0.10390123456790124,0.004559953044999,1.0,1.0,0.516245487364621,1337,,,-0.017384253710234426,-0.021661473689470523,-0.01089377878357982,-0.009861796267671027,,0.0,,,,-0.01141158965916149,,0.24858437146092865,0.11684560911322298,0.03133583144023395,-0.0012329422866554482,7.374352118465817,0.0015631716255061576,0.0015631716255061576,9.040064211248286e-05,0.26015155487661007,3,1,1,6,6,stage_a_context,,long,6-way,True,,production,,,0.037500549155688935,1.0,primary_target,0,ranking,rejected,"{""checks"": {""n_folds"": {""value"": 3, ""threshold"": 3, ""passed"": true}, ""presence_freq"": {""value"": 1.0, ""threshold"": 0.75, ""passed"": true}, ""directional_mean_ret"": {""value"": 0.26024195551872253, ""threshold"": 0.0, ""passed"": true}, ""hurdle_excess"": {""value"": 0.26015155487661007, ""threshold"": 0.0, ""passed"": true}, ""min_support_actual"": {""value"": 1337, ""threshold"": 50, ""passed"": true}, ""is_structurally_sound"": {""value"": false, ""passed"": false}, ""trade_path_quality_score"": {""value"": -0.0012329422866554482, ""threshold"": 0.0, ""passed"": false}}, ""failures"": [""structural_soundness_fail: "", ""trade_path_quality_score=-0.001233 < 0.000000""], ""warnings"": [], ""classification"": ""rejected""}"
(*)|(loc_dist_ema20_atr_ts_top50==1&loc_dist_ema20_atr_ts_top70==0)|(reg_atr_change_rate_ts_band20_80==1&reg_atr_change_rate_ts_top40==1&reg_atr_change_rate_ts_top60==0&reg_ema50_gt_ema200_raw==0),*,loc_dist_ema20_atr_ts_top50==1&loc_dist_ema20_atr_ts_top70==0,reg_atr_change_rate_ts_band20_80==1&reg_atr_change_rate_ts_top40==1&reg_atr_change_rate_ts_top60==0&reg_ema50_gt_ema200_raw==0,0.26024195551872253,0.26024195551872253,0.011669807195484943,0.1609438806772232,0.10390123456790124,0.004559953044999,1.0,1.0,0.516245487364621,1337,,,-0.017384253710234426,-0.021661473689470523,-0.01089377878357982,-0.009861796267671027,,0.0,,,,-0.01141158965916149,,0.24858437146092865,0.11684560911322298,0.03133583144023395,-0.0012329422866554482,7.374352118465817,0.0015631716255061576,0.0015631716255061576,9.040064211248286e-05,0.26015155487661007,3,1,1,6,6,stage_a_context,,long,6-way,True,,production,,,0.037500549155688935,1.0,primary_target,0,ranking,rejected,"{""checks"": {""n_folds"": {""value"": 3, ""threshold"": 3, ""passed"": true}, ""presence_freq"": {""value"": 1.0, ""threshold"": 0.75, ""passed"": true}, ""directional_mean_ret"": {""value"": 0.26024195551872253, ""threshold"": 0.0, ""passed"": true}, ""hurdle_excess"": {""value"": 0.26015155487661007, ""threshold"": 0.0, ""passed"": true}, ""min_support_actual"": {""value"": 1337, ""threshold"": 50, ""passed"": true}, ""is_structurally_sound"": {""value"": false, ""passed"": false}, ""trade_path_quality_score"": {""value"": -0.0012329422866554482, ""threshold"": 0.0, ""passed"": false}}, ""failures"": [""structural_soundness_fail: "", ""trade_path_quality_score=-0.001233 < 0.000000""], ""warnings"": [], ""classification"": ""rejected""}"
(*)|(loc_dist_ema20_atr_ts_top50==1)|(reg_atr_change_rate_ts_band20_80==1&reg_atr_change_rate_ts_band25_75==1&reg_atr_change_rate_ts_band40_60==1&reg_atr_change_rate_ts_bot70==1&reg_ema20_gt_ema50_raw==0),*,loc_dist_ema20_atr_ts_top50==1,reg_atr_change_rate_ts_band20_80==1&reg_atr_change_rate_ts_band25_75==1&reg_atr_change_rate_ts_band40_60==1&reg_atr_change_rate_ts_bot70==1&reg_ema20_gt_ema50_raw==0,0.26024195551872253,0.26024195551872253,0.011669807195484943,0.1609438806772232,0.10390123456790124,0.004559953044999,1.0,1.0,0.516245487364621,1337,,,-0.017384253710234426,-0.021661473689470523,-0.01089377878357982,-0.009861796267671027,,0.0,,,,-0.01141158965916149,,0.24858437146092865,0.11684560911322298,0.03133583144023395,-0.0012329422866554482,7.374352118465817,0.0015631716255061576,0.0015631716255061576,9.040064211248286e-05,0.26015155487661007,3,1,1,6,6,stage_a_context,,long,6-way,True,,production,,,0.037500549155688935,1.0,primary_target,0,ranking,rejected,"{""checks"": {""n_folds"": {""value"": 3, ""threshold"": 3, ""passed"": true}, ""presence_freq"": {""value"": 1.0, ""threshold"": 0.75, ""passed"": true}, ""directional_mean_ret"": {""value"": 0.26024195551872253, ""threshold"": 0.0, ""passed"": true}, ""hurdle_excess"": {""value"": 0.26015155487661007, ""threshold"": 0.0, ""passed"": true}, ""min_support_actual"": {""value"": 1337, ""threshold"": 50, ""passed"": true}, ""is_structurally_sound"": {""value"": false, ""passed"": false}, ""trade_path_quality_score"": {""value"": -0.0012329422866554482, ""threshold"": 0.0, ""passed"": false}}, ""failures"": [""structural_soundness_fail: "", ""trade_path_quality_score=-0.001233 < 0.000000""], ""warnings"": [], ""classification"": ""rejected""}"
(*)|(loc_dist_ema20_atr_ts_top50==1)|(reg_atr_change_rate_ts_band20_80==1&reg_atr_change_rate_ts_band25_75==1&reg_atr_change_rate_ts_band40_60==1&reg_atr_change_rate_ts_top70==0&reg_ema20_gt_ema50_raw==0),*,loc_dist_ema20_atr_ts_top50==1,reg_atr_change_rate_ts_band20_80==1&reg_atr_change_rate_ts_band25_75==1&reg_atr_change_rate_ts_band40_60==1&reg_atr_change_rate_ts_top70==0&reg_ema20_gt_ema50_raw==0,0.26024195551872253,0.26024195551872253,0.011669807195484943,0.1609438806772232,0.10390123456790124,0.004559953044999,1.0,1.0,0.516245487364621,1337,,,-0.017384253710234426,-0.021661473689470523,-0.01089377878357982,-0.009861796267671027,,0.0,,,,-0.01141158965916149,,0.24858437146092865,0.11684560911322298,0.03133583144023395,-0.0012329422866554482,7.374352118465817,0.0015631716255061576,0.0015631716255061576,9.040064211248286e-05,0.26015155487661007,3,1,1,6,6,stage_a_context,,long,6-way,True,,production,,,0.037500549155688935,1.0,primary_target,0,ranking,rejected,"{""checks"": {""n_folds"": {""value"": 3, ""threshold"": 3, ""passed"": true}, ""presence_freq"": {""value"": 1.0, ""threshold"": 0.75, ""passed"": true}, ""directional_mean_ret"": {""value"": 0.26024195551872253, ""threshold"": 0.0, ""passed"": true}, ""hurdle_excess"": {""value"": 0.26015155487661007, ""threshold"": 0.0, ""passed"": true}, ""min_support_actual"": {""value"": 1337, ""threshold"": 50, ""passed"": true}, ""is_structurally_sound"": {""value"": false, ""passed"": false}, ""trade_path_quality_score"": {""value"": -0.0012329422866554482, ""threshold"": 0.0, ""passed"": false}}, ""failures"": [""structural_soundness_fail: "", ""trade_path_quality_score=-0.001233 < 0.000000""], ""warnings"": [], ""classification"": ""rejected""}"
(*)|(loc_dist_ema20_atr_ts_top50==1)|(reg_atr_change_rate_ts_band20_80==1&reg_atr_change_rate_ts_band25_75==1&reg_atr_change_rate_ts_top60==0),*,loc_dist_ema20_atr_ts_top50==1,reg_atr_change_rate_ts_band20_80==1&reg_atr_change_rate_ts_band25_75==1&reg_atr_change_rate_ts_top60==0,0.26024195551872253,0.26024195551872253,0.011669807195484943,0.1609438806772232,0.10390123456790124,0.004559953044999,1.0,1.0,0.516245487364621,1337,,,-0.017384253710234426,-0.021661473689470523,-0.01089377878357982,-0.009861796267671027,,0.0,,,,-0.01141158965916149,,0.24858437146092865,0.11684560911322298,0.03133583144023395,-0.0012329422866554482,7.374352118465817,0.0015631716255061576,0.0015631716255061576,9.040064211248286e-05,0.26015155487661007,3,1,1,4,4,stage_a_context,,long,4-way,True,,production,,,0.037500549155688935,1.0,primary_target,0,ranking,rejected,"{""checks"": {""n_folds"": {""value"": 3, ""threshold"": 3, ""passed"": true}, ""presence_freq"": {""value"": 1.0, ""threshold"": 0.75, ""passed"": true}, ""directional_mean_ret"": {""value"": 0.26024195551872253, ""threshold"": 0.0, ""passed"": true}, ""hurdle_excess"": {""value"": 0.26015155487661007, ""threshold"": 0.0, ""passed"": true}, ""min_support_actual"": {""value"": 1337, ""threshold"": 50, ""passed"": true}, ""is_structurally_sound"": {""value"": false, ""passed"": false}, ""trade_path_quality_score"": {""value"": -0.0012329422866554482, ""threshold"": 0.0, ""passed"": false}}, ""failures"": [""structural_soundness_fail: "", ""trade_path_quality_score=-0.001233 < 0.000000""], ""warnings"": [], ""classification"": ""rejected""}"
(*)|(loc_dist_ema20_atr_ts_top50==1)|(reg_atr_change_rate_ts_band20_80==1&reg_atr_change_rate_ts_band40_60==1),*,loc_dist_ema20_atr_ts_top50==1,reg_atr_change_rate_ts_band20_80==1&reg_atr_change_rate_ts_band40_60==1,0.26024195551872253,0.26024195551872253,0.011669807195484943,0.1609438806772232,0.10390123456790124,0.004559953044999,1.0,1.0,0.516245487364621,1337,,,-0.017384253710234426,-0.021661473689470523,-0.01089377878357982,-0.009861796267671027,,0.0,,,,-0.01141158965916149,,0.24858437146092865,0.11684560911322298,0.03133583144023395,-0.0012329422866554482,7.374352118465817,0.0015631716255061576,0.0015631716255061576,7.03116105319311e-05,0.2601716439081906,3,6,6,3,3,stage_a_context,,long,3-way,True,,production,,,0.037500549155688935,1.0,primary_target,0,ranking,rejected,"{""checks"": {""n_folds"": {""value"": 3, ""threshold"": 3, ""passed"": true}, ""presence_freq"": {""value"": 1.0, ""threshold"": 0.75, ""passed"": true}, ""directional_mean_ret"": {""value"": 0.26024195551872253, ""threshold"": 0.0, ""passed"": true}, ""hurdle_excess"": {""value"": 0.2601716439081906, ""threshold"": 0.0, ""passed"": true}, ""min_support_actual"": {""value"": 1337, ""threshold"": 50, ""passed"": true}, ""is_structurally_sound"": {""value"": false, ""passed"": false}, ""trade_path_quality_score"": {""value"": -0.0012329422866554482, ""threshold"": 0.0, ""passed"": false}}, ""failures"": [""structural_soundness_fail: "", ""trade_path_quality_score=-0.001233 < 0.000000""], ""warnings"": [], ""classification"": ""rejected""}"
(*)|(loc_dist_ema20_atr_ts_top50==1)|(reg_atr_change_rate_ts_band20_80==1&reg_atr_change_rate_ts_top30==1&reg_atr_change_rate_ts_top60==0&reg_atr_change_rate_ts_top70==0&reg_ema50_gt_ema200_raw==0),*,loc_dist_ema20_atr_ts_top50==1,reg_atr_change_rate_ts_band20_80==1&reg_atr_change_rate_ts_top30==1&reg_atr_change_rate_ts_top60==0&reg_atr_change_rate_ts_top70==0&reg_ema50_gt_ema200_raw==0,0.26024195551872253,0.26024195551872253,0.011669807195484943,0.1609438806772232,0.10390123456790124,0.004559953044999,1.0,1.0,0.516245487364621,1337,,,-0.017384253710234426,-0.021661473689470523,-0.01089377878357982,-0.009861796267671027,,0.0,,,,-0.01141158965916149,,0.24858437146092865,0.11684560911322298,0.03133583144023395,-0.0012329422866554482,7.374352118465817,0.0015631716255061576,0.0015631716255061576,9.040064211248286e-05,0.26015155487661007,3,1,1,6,6,stage_a_context,,long,6-way,True,,production,,,0.037500549155688935,1.0,primary_target,0,ranking,rejected,"{""checks"": {""n_folds"": {""value"": 3, ""threshold"": 3, ""passed"": true}, ""presence_freq"": {""value"": 1.0, ""threshold"": 0.75, ""passed"": true}, ""directional_mean_ret"": {""value"": 0.26024195551872253, ""threshold"": 0.0, ""passed"": true}, ""hurdle_excess"": {""value"": 0.26015155487661007, ""threshold"": 0.0, ""passed"": true}, ""min_support_actual"": {""value"": 1337, ""threshold"": 50, ""passed"": true}, ""is_structurally_sound"": {""value"": false, ""passed"": false}, ""trade_path_quality_score"": {""value"": -0.0012329422866554482, ""threshold"": 0.0, ""passed"": false}}, ""failures"": [""structural_soundness_fail: "", ""trade_path_quality_score=-0.001233 < 0.000000""], ""warnings"": [], ""classification"": ""rejected""}"
(*)|(loc_dist_ema20_atr_ts_top50==1)|(reg_atr_change_rate_ts_band25_75==1&reg_atr_change_rate_ts_top40==1&reg_atr_change_rate_ts_top60==0&reg_atr_change_rate_ts_top70==0&reg_ema20_gt_ema50_raw==0),*,loc_dist_ema20_atr_ts_top50==1,reg_atr_change_rate_ts_band25_75==1&reg_atr_change_rate_ts_top40==1&reg_atr_change_rate_ts_top60==0&reg_atr_change_rate_ts_top70==0&reg_ema20_gt_ema50_raw==0,0.26024195551872253,0.26024195551872253,0.011669807195484943,0.1609438806772232,0.10390123456790124,0.004559953044999,1.0,1.0,0.516245487364621,1337,,,-0.017384253710234426,-0.021661473689470523,-0.01089377878357982,-0.009861796267671027,,0.0,,,,-0.01141158965916149,,0.24858437146092865,0.11684560911322298,0.03133583144023395,-0.0012329422866554482,7.374352118465817,0.0015631716255061576,0.0015631716255061576,9.040064211248286e-05,0.26015155487661007,3,1,1,6,6,stage_a_context,,long,6-way,True,,production,,,0.037500549155688935,1.0,primary_target,0,ranking,rejected,"{""checks"": {""n_folds"": {""value"": 3, ""threshold"": 3, ""passed"": true}, ""presence_freq"": {""value"": 1.0, ""threshold"": 0.75, ""passed"": true}, ""directional_mean_ret"": {""value"": 0.26024195551872253, ""threshold"": 0.0, ""passed"": true}, ""hurdle_excess"": {""value"": 0.26015155487661007, ""threshold"": 0.0, ""passed"": true}, ""min_support_actual"": {""value"": 1337, ""threshold"": 50, ""passed"": true}, ""is_structurally_sound"": {""value"": false, ""passed"": false}, ""trade_path_quality_score"": {""value"": -0.0012329422866554482, ""threshold"": 0.0, ""passed"": false}}, ""failures"": [""structural_soundness_fail: "", ""trade_path_quality_score=-0.001233 < 0.000000""], ""warnings"": [], ""classification"": ""rejected""}"
(*)|(loc_dist_ema20_atr_ts_top50==1)|(reg_atr_change_rate_ts_band30_70==1&reg_atr_change_rate_ts_top60==0&reg_atr_change_rate_ts_top80==0&reg_ema20_gt_ema50_raw==0),*,loc_dist_ema20_atr_ts_top50==1,reg_atr_change_rate_ts_band30_70==1&reg_atr_change_rate_ts_top60==0&reg_atr_change_rate_ts_top80==0&reg_ema20_gt_ema50_raw==0,0.26024195551872253,0.26024195551872253,0.011669807195484943,0.1609438806772232,0.10390123456790124,0.004559953044999,1.0,1.0,0.516245487364621,1337,,,-0.017384253710234426,-0.021661473689470523,-0.01089377878357982,-0.009861796267671027,,0.0,,,,-0.01141158965916149,,0.24858437146092865,0.11684560911322298,0.03133583144023395,-0.0012329422866554482,7.374352118465817,0.0015631716255061576,0.0015631716255061576,9.040064211248286e-05,0.26015155487661007,3,1,1,5,5,stage_a_context,,long,5-way,True,,production,,,0.037500549155688935,1.0,primary_target,0,ranking,rejected,"{""checks"": {""n_folds"": {""value"": 3, ""threshold"": 3, ""passed"": true}, ""presence_freq"": {""value"": 1.0, ""threshold"": 0.75, ""passed"": true}, ""directional_mean_ret"": {""value"": 0.26024195551872253, ""threshold"": 0.0, ""passed"": true}, ""hurdle_excess"": {""value"": 0.26015155487661007, ""threshold"": 0.0, ""passed"": true}, ""min_support_actual"": {""value"": 1337, ""threshold"": 50, ""passed"": true}, ""is_structurally_sound"": {""value"": false, ""passed"": false}, ""trade_path_quality_score"": {""value"": -0.0012329422866554482, ""threshold"": 0.0, ""passed"": false}}, ""failures"": [""structural_soundness_fail: "", ""trade_path_quality_score=-0.001233 < 0.000000""], ""warnings"": [], ""classification"": ""rejected""}"
(*)|(loc_dist_ema20_atr_ts_top70==0&loc_dist_ema50_atr_ts_band20_80==1)|(reg_atr_change_rate_ts_bot30==0&reg_atr_change_rate_ts_top50==1&reg_atr_change_rate_ts_top60==0&reg_ema20_gt_ema50_raw==0),*,loc_dist_ema20_atr_ts_top70==0&loc_dist_ema50_atr_ts_band20_80==1,reg_atr_change_rate_ts_bot30==0&reg_atr_change_rate_ts_top50==1&reg_atr_change_rate_ts_top60==0&reg_ema20_gt_ema50_raw==0,0.26024195551872253,0.26024195551872253,0.011669807195484943,0.1609438806772232,0.10390123456790124,0.004559953044999,1.0,1.0,0.516245487364621,1337,,,-0.017384253710234426,-0.021661473689470523,-0.01089377878357982,-0.009861796267671027,,0.0,,,,-0.01141158965916149,,0.24858437146092865,0.11684560911322298,0.03133583144023395,-0.0012329422866554482,7.374352118465817,0.0015631716255061576,0.0015631716255061576,9.040064211248286e-05,0.26015155487661007,3,1,1,6,6,stage_a_context,,long,6-way,True,,production,,,0.037500549155688935,1.0,primary_target,0,ranking,rejected,"{""checks"": {""n_folds"": {""value"": 3, ""threshold"": 3, ""passed"": true}, ""presence_freq"": {""value"": 1.0, ""threshold"": 0.75, ""passed"": true}, ""directional_mean_ret"": {""value"": 0.26024195551872253, ""threshold"": 0.0, ""passed"": true}, ""hurdle_excess"": {""value"": 0.26015155487661007, ""threshold"": 0.0, ""passed"": true}, ""min_support_actual"": {""value"": 1337, ""threshold"": 50, ""passed"": true}, ""is_structurally_sound"": {""value"": false, ""passed"": false}, ""trade_path_quality_score"": {""value"": -0.0012329422866554482, ""threshold"": 0.0, ""passed"": false}}, ""failures"": [""structural_soundness_fail: "", ""trade_path_quality_score=-0.001233 < 0.000000""], ""warnings"": [], ""classification"": ""rejected""}"
(*)|(loc_dist_ema20_atr_ts_top70==0)|(reg_atr_change_rate_ts_band20_80==1&reg_atr_change_rate_ts_band40_60==1&reg_atr_compression_ratio_ts_top50==1&reg_ema20_gt_ema50_raw==0),*,loc_dist_ema20_atr_ts_top70==0,reg_atr_change_rate_ts_band20_80==1&reg_atr_change_rate_ts_band40_60==1&reg_atr_compression_ratio_ts_top50==1&reg_ema20_gt_ema50_raw==0,0.26024195551872253,0.26024195551872253,0.011669807195484943,0.1609438806772232,0.10390123456790124,0.004559953044999,1.0,1.0,0.516245487364621,1337,,,-0.017384253710234426,-0.021661473689470523,-0.01089377878357982,-0.009861796267671027,,0.0,,,,-0.01141158965916149,,0.24858437146092865,0.11684560911322298,0.03133583144023395,-0.0012329422866554482,7.374352118465817,0.0015631716255061576,0.0015631716255061576,9.040064211248286e-05,0.26015155487661007,3,1,1,5,5,stage_a_context,,long,5-way,True,,production,,,0.037500549155688935,1.0,primary_target,0,ranking,rejected,"{""checks"": {""n_folds"": {""value"": 3, ""threshold"": 3, ""passed"": true}, ""presence_freq"": {""value"": 1.0, ""threshold"": 0.75, ""passed"": true}, ""directional_mean_ret"": {""value"": 0.26024195551872253, ""threshold"": 0.0, ""passed"": true}, ""hurdle_excess"": {""value"": 0.26015155487661007, ""threshold"": 0.0, ""passed"": true}, ""min_support_actual"": {""value"": 1337, ""threshold"": 50, ""passed"": true}, ""is_structurally_sound"": {""value"": false, ""passed"": false}, ""trade_path_quality_score"": {""value"": -0.0012329422866554482, ""threshold"": 0.0, ""passed"": false}}, ""failures"": [""structural_soundness_fail: "", ""trade_path_quality_score=-0.001233 < 0.000000""], ""warnings"": [], ""classification"": ""rejected""}"
(*)|(loc_dist_ema20_atr_ts_top70==0)|(reg_atr_change_rate_ts_band20_80==1&reg_atr_change_rate_ts_top30==1&reg_atr_change_rate_ts_top50==1&reg_atr_change_rate_ts_top60==0&reg_ema20_gt_ema50_raw==0),*,loc_dist_ema20_atr_ts_top70==0,reg_atr_change_rate_ts_band20_80==1&reg_atr_change_rate_ts_top30==1&reg_atr_change_rate_ts_top50==1&reg_atr_change_rate_ts_top60==0&reg_ema20_gt_ema50_raw==0,0.26024195551872253,0.26024195551872253,0.011669807195484943,0.1609438806772232,0.10390123456790124,0.004559953044999,1.0,1.0,0.516245487364621,1337,,,-0.017384253710234426,-0.021661473689470523,-0.01089377878357982,-0.009861796267671027,,0.0,,,,-0.01141158965916149,,0.24858437146092865,0.11684560911322298,0.03133583144023395,-0.0012329422866554482,7.374352118465817,0.0015631716255061576,0.0015631716255061576,9.040064211248286e-05,0.26015155487661007,3,1,1,6,6,stage_a_context,,long,6-way,True,,production,,,0.037500549155688935,1.0,primary_target,0,ranking,rejected,"{""checks"": {""n_folds"": {""value"": 3, ""threshold"": 3, ""passed"": true}, ""presence_freq"": {""value"": 1.0, ""threshold"": 0.75, ""passed"": true}, ""directional_mean_ret"": {""value"": 0.26024195551872253, ""threshold"": 0.0, ""passed"": true}, ""hurdle_excess"": {""value"": 0.26015155487661007, ""threshold"": 0.0, ""passed"": true}, ""min_support_actual"": {""value"": 1337, ""threshold"": 50, ""passed"": true}, ""is_structurally_sound"": {""value"": false, ""passed"": false}, ""trade_path_quality_score"": {""value"": -0.0012329422866554482, ""threshold"": 0.0, ""passed"": false}}, ""failures"": [""structural_soundness_fail: "", ""trade_path_quality_score=-0.001233 < 0.000000""], ""warnings"": [], ""classification"": ""rejected""}"
(*)|(loc_dist_ema20_atr_ts_top70==0)|(reg_atr_change_rate_ts_band20_80==1&reg_atr_change_rate_ts_top40==1&reg_atr_change_rate_ts_top50==1&reg_atr_change_rate_ts_top60==0&reg_ema20_gt_ema50_raw==0),*,loc_dist_ema20_atr_ts_top70==0,reg_atr_change_rate_ts_band20_80==1&reg_atr_change_rate_ts_top40==1&reg_atr_change_rate_ts_top50==1&reg_atr_change_rate_ts_top60==0&reg_ema20_gt_ema50_raw==0,0.26024195551872253,0.26024195551872253,0.011669807195484943,0.1609438806772232,0.10390123456790124,0.004559953044999,1.0,1.0,0.516245487364621,1337,,,-0.017384253710234426,-0.021661473689470523,-0.01089377878357982,-0.009861796267671027,,0.0,,,,-0.01141158965916149,,0.24858437146092865,0.11684560911322298,0.03133583144023395,-0.0012329422866554482,7.374352118465817,0.0015631716255061576,0.0015631716255061576,9.040064211248286e-05,0.26015155487661007,3,1,1,6,6,stage_a_context,,long,6-way,True,,production,,,0.037500549155688935,1.0,primary_target,0,ranking,rejected,"{""checks"": {""n_folds"": {""value"": 3, ""threshold"": 3, ""passed"": true}, ""presence_freq"": {""value"": 1.0, ""threshold"": 0.75, ""passed"": true}, ""directional_mean_ret"": {""value"": 0.26024195551872253, ""threshold"": 0.0, ""passed"": true}, ""hurdle_excess"": {""value"": 0.26015155487661007, ""threshold"": 0.0, ""passed"": true}, ""min_support_actual"": {""value"": 1337, ""threshold"": 50, ""passed"": true}, ""is_structurally_sound"": {""value"": false, ""passed"": false}, ""trade_path_quality_score"": {""value"": -0.0012329422866554482, ""threshold"": 0.0, ""passed"": false}}, ""failures"": [""structural_soundness_fail: "", ""trade_path_quality_score=-0.001233 < 0.000000""], ""warnings"": [], ""classification"": ""rejected""}"
(*)|(loc_dist_ema20_atr_ts_top70==0)|(reg_atr_change_rate_ts_band25_75==1&reg_atr_change_rate_ts_top40==1&reg_atr_change_rate_ts_top50==1&reg_atr_change_rate_ts_top60==0&reg_ema20_gt_ema50_raw==0),*,loc_dist_ema20_atr_ts_top70==0,reg_atr_change_rate_ts_band25_75==1&reg_atr_change_rate_ts_top40==1&reg_atr_change_rate_ts_top50==1&reg_atr_change_rate_ts_top60==0&reg_ema20_gt_ema50_raw==0,0.26024195551872253,0.26024195551872253,0.011669807195484943,0.1609438806772232,0.10390123456790124,0.004559953044999,1.0,1.0,0.516245487364621,1337,,,-0.017384253710234426,-0.021661473689470523,-0.01089377878357982,-0.009861796267671027,,0.0,,,,-0.01141158965916149,,0.24858437146092865,0.11684560911322298,0.03133583144023395,-0.0012329422866554482,7.374352118465817,0.0015631716255061576,0.0015631716255061576,9.040064211248286e-05,0.26015155487661007,3,2,2,6,6,stage_a_context,,long,6-way,True,,production,,,0.037500549155688935,1.0,primary_target,0,ranking,rejected,"{""checks"": {""n_folds"": {""value"": 3, ""threshold"": 3, ""passed"": true}, ""presence_freq"": {""value"": 1.0, ""threshold"": 0.75, ""passed"": true}, ""directional_mean_ret"": {""value"": 0.26024195551872253, ""threshold"": 0.0, ""passed"": true}, ""hurdle_excess"": {""value"": 0.26015155487661007, ""threshold"": 0.0, ""passed"": true}, ""min_support_actual"": {""value"": 1337, ""threshold"": 50, ""passed"": true}, ""is_structurally_sound"": {""value"": false, ""passed"": false}, ""trade_path_quality_score"": {""value"": -0.0012329422866554482, ""threshold"": 0.0, ""passed"": false}}, ""failures"": [""structural_soundness_fail: "", ""trade_path_quality_score=-0.001233 < 0.000000""], ""warnings"": [], ""classification"": ""rejected""}"
(*)|(loc_dist_ema20_atr_ts_top70==0)|(reg_atr_change_rate_ts_band25_75==1&reg_atr_change_rate_ts_top50==1&reg_atr_change_rate_ts_top60==0&reg_ema50_gt_ema200_raw==0),*,loc_dist_ema20_atr_ts_top70==0,reg_atr_change_rate_ts_band25_75==1&reg_atr_change_rate_ts_top50==1&reg_atr_change_rate_ts_top60==0&reg_ema50_gt_ema200_raw==0,0.26024195551872253,0.26024195551872253,0.011669807195484943,0.1609438806772232,0.10390123456790124,0.004559953044999,1.0,1.0,0.516245487364621,1337,,,-0.017384253710234426,-0.021661473689470523,-0.01089377878357982,-0.009861796267671027,,0.0,,,,-0.01141158965916149,,0.24858437146092865,0.11684560911322298,0.03133583144023395,-0.0012329422866554482,7.374352118465817,0.0015631716255061576,0.0015631716255061576,9.040064211248286e-05,0.26015155487661007,3,1,1,5,5,stage_a_context,,long,5-way,True,,production,,,0.037500549155688935,1.0,primary_target,0,ranking,rejected,"{""checks"": {""n_folds"": {""value"": 3, ""threshold"": 3, ""passed"": true}, ""presence_freq"": {""value"": 1.0, ""threshold"": 0.75, ""passed"": true}, ""directional_mean_ret"": {""value"": 0.26024195551872253, ""threshold"": 0.0, ""passed"": true}, ""hurdle_excess"": {""value"": 0.26015155487661007, ""threshold"": 0.0, ""passed"": true}, ""min_support_actual"": {""value"": 1337, ""threshold"": 50, ""passed"": true}, ""is_structurally_sound"": {""value"": false, ""passed"": false}, ""trade_path_quality_score"": {""value"": -0.0012329422866554482, ""threshold"": 0.0, ""passed"": false}}, ""failures"": [""structural_soundness_fail: "", ""trade_path_quality_score=-0.001233 < 0.000000""], ""warnings"": [], ""classification"": ""rejected""}"
(*)|(*)|(reg_atr_change_rate_ts_band20_80==0&reg_ema20_gt_ema50_raw==1),*,*,reg_atr_change_rate_ts_band20_80==0&reg_ema20_gt_ema50_raw==1,0.26629192133744556,0.26629192133744556,0.01442676712056178,0.16044161220391592,0.18175308641975307,0.010479380033344025,1.0,1.0,0.5054585152838428,2259,,,-0.0038760449761369004,-0.011631303691992223,0.008207183466664554,0.00992082796111915,,0.6666666666666666,,,,-0.21628888207735839,,-0.09255941842160056,0.04574401864984541,0.028530802795697884,-0.0004581588743757558,7.276809425461703,0.0014291113244816068,0.0014291113244816068,8.636888794772138e-05,0.26620555244949784,3,5,5,2,2,stage_a_context,,long,2-way,True,,production,,,0.040649585583972504,0.6371075837742506,primary_target,0,ranking,rejected,"{""checks"": {""n_folds"": {""value"": 3, ""threshold"": 3, ""passed"": true}, ""presence_freq"": {""value"": 1.0, ""threshold"": 0.75, ""passed"": true}, ""directional_mean_ret"": {""value"": 0.26629192133744556, ""threshold"": 0.0, ""passed"": true}, ""hurdle_excess"": {""value"": 0.26620555244949784, ""threshold"": 0.0, ""passed"": true}, ""min_support_actual"": {""value"": 2259, ""threshold"": 50, ""passed"": true}, ""is_structurally_sound"": {""value"": false, ""passed"": false}, ""trade_path_quality_score"": {""value"": -0.0004581588743757558, ""threshold"": 0.0, ""passed"": false}}, ""failures"": [""structural_soundness_fail: "", ""trade_path_quality_score=-0.000458 < 0.000000""], ""warnings"": [], ""classification"": ""rejected""}"
(*)|(*)|(reg_atr_change_rate_ts_band20_80==0&reg_ema50_gt_ema200_raw==1),*,*,reg_atr_change_rate_ts_band20_80==0&reg_ema50_gt_ema200_raw==1,0.26629192133744556,0.26629192133744556,0.01442676712056178,0.16044161220391592,0.18175308641975307,0.010479380033344025,1.0,1.0,0.5054585152838428,2259,,,-0.0038760449761369004,-0.011631303691992223,0.008207183466664554,0.00992082796111915,,0.6666666666666666,,,,-0.21628888207735839,,-0.09255941842160056,0.04574401864984541,0.028530802795697884,-0.0004581588743757558,7.276809425461703,0.0014291113244816068,0.0014291113244816068,8.636888794772138e-05,0.26620555244949784,3,4,4,2,2,stage_a_context,,long,2-way,True,,production,,,0.040649585583972504,0.6371075837742506,primary_target,0,ranking,rejected,"{""checks"": {""n_folds"": {""value"": 3, ""threshold"": 3, ""passed"": true}, ""presence_freq"": {""value"": 1.0, ""threshold"": 0.75, ""passed"": true}, ""directional_mean_ret"": {""value"": 0.26629192133744556, ""threshold"": 0.0, ""passed"": true}, ""hurdle_excess"": {""value"": 0.26620555244949784, ""threshold"": 0.0, ""passed"": true}, ""min_support_actual"": {""value"": 2259, ""threshold"": 50, ""passed"": true}, ""is_structurally_sound"": {""value"": false, ""passed"": false}, ""trade_path_quality_score"": {""value"": -0.0004581588743757558, ""threshold"": 0.0, ""passed"": false}}, ""failures"": [""structural_soundness_fail: "", ""trade_path_quality_score=-0.000458 < 0.000000""], ""warnings"": [], ""classification"": ""rejected""}"
(*)|(loc_dist_ema20_atr_ts_band20_80==0)|(reg_ema20_gt_ema50_raw==1),*,loc_dist_ema20_atr_ts_band20_80==0,reg_ema20_gt_ema50_raw==1,0.26629192133744556,0.26629192133744556,0.01442676712056178,0.16044161220391592,0.18175308641975307,0.010479380033344025,1.0,1.0,0.5054585152838428,2259,,,-0.0038760449761369004,-0.011631303691992223,0.008207183466664554,0.00992082796111915,,0.6666666666666666,,,,-0.21628888207735839,,-0.09255941842160056,0.04574401864984541,0.028530802795697884,-0.0004581588743757558,7.276809425461703,0.0014291113244816068,0.0014291113244816068,8.636888794772138e-05,0.26620555244949784,3,2,2,2,2,stage_a_context,,long,2-way,True,,production,,,0.040649585583972504,0.6371075837742506,primary_target,0,ranking,rejected,"{""checks"": {""n_folds"": {""value"": 3, ""threshold"": 3, ""passed"": true}, ""presence_freq"": {""value"": 1.0, ""threshold"": 0.75, ""passed"": true}, ""directional_mean_ret"": {""value"": 0.26629192133744556, ""threshold"": 0.0, ""passed"": true}, ""hurdle_excess"": {""value"": 0.26620555244949784, ""threshold"": 0.0, ""passed"": true}, ""min_support_actual"": {""value"": 2259, ""threshold"": 50, ""passed"": true}, ""is_structurally_sound"": {""value"": false, ""passed"": false}, ""trade_path_quality_score"": {""value"": -0.0004581588743757558, ""threshold"": 0.0, ""passed"": false}}, ""failures"": [""structural_soundness_fail: "", ""trade_path_quality_score=-0.000458 < 0.000000""], ""warnings"": [], ""classification"": ""rejected""}"
(*)|(loc_dist_ema20_atr_ts_band20_80==0)|(reg_ema50_gt_ema200_raw==1),*,loc_dist_ema20_atr_ts_band20_80==0,reg_ema50_gt_ema200_raw==1,0.26629192133744556,0.26629192133744556,0.01442676712056178,0.16044161220391592,0.18175308641975307,0.010479380033344025,1.0,1.0,0.5054585152838428,2259,,,-0.0038760449761369004,-0.011631303691992223,0.008207183466664554,0.00992082796111915,,0.6666666666666666,,,,-0.21628888207735839,,-0.09255941842160056,0.04574401864984541,0.028530802795697884,-0.0004581588743757558,7.276809425461703,0.0014291113244816068,0.0014291113244816068,8.636888794772138e-05,0.26620555244949784,3,2,2,2,2,stage_a_context,,long,2-way,True,,production,,,0.040649585583972504,0.6371075837742506,primary_target,0,ranking,rejected,"{""checks"": {""n_folds"": {""value"": 3, ""threshold"": 3, ""passed"": true}, ""presence_freq"": {""value"": 1.0, ""threshold"": 0.75, ""passed"": true}, ""directional_mean_ret"": {""value"": 0.26629192133744556, ""threshold"": 0.0, ""passed"": true}, ""hurdle_excess"": {""value"": 0.26620555244949784, ""threshold"": 0.0, ""passed"": true}, ""min_support_actual"": {""value"": 2259, ""threshold"": 50, ""passed"": true}, ""is_structurally_sound"": {""value"": false, ""passed"": false}, ""trade_path_quality_score"": {""value"": -0.0004581588743757558, ""threshold"": 0.0, ""passed"": false}}, ""failures"": [""structural_soundness_fail: "", ""trade_path_quality_score=-0.000458 < 0.000000""], ""warnings"": [], ""classification"": ""rejected""}"
(*)|(loc_dist_ema20_atr_ts_band25_75==0&loc_dist_ema20_atr_ts_top20==1&loc_dist_ema20_atr_ts_top80==1)|(reg_ema20_gt_ema50_raw==1),*,loc_dist_ema20_atr_ts_band25_75==0&loc_dist_ema20_atr_ts_top20==1&loc_dist_ema20_atr_ts_top80==1,reg_ema20_gt_ema50_raw==1,0.26629192133744556,0.26629192133744556,0.01442676712056178,0.16044161220391592,0.18175308641975307,0.010479380033344025,1.0,1.0,0.5054585152838428,2259,,,-0.0038760449761369004,-0.011631303691992223,0.008207183466664554,0.00992082796111915,,0.6666666666666666,,,,-0.21628888207735839,,-0.09255941842160056,0.04574401864984541,0.028530802795697884,-0.0004581588743757558,7.276809425461703,0.0014291113244816068,0.0014291113244816068,9.144941076817558e-05,0.2662004719266774,3,1,1,4,4,stage_a_context,,long,4-way,True,,production,,,0.040649585583972504,0.6371075837742506,primary_target,0,ranking,rejected,"{""checks"": {""n_folds"": {""value"": 3, ""threshold"": 3, ""passed"": true}, ""presence_freq"": {""value"": 1.0, ""threshold"": 0.75, ""passed"": true}, ""directional_mean_ret"": {""value"": 0.26629192133744556, ""threshold"": 0.0, ""passed"": true}, ""hurdle_excess"": {""value"": 0.2662004719266774, ""threshold"": 0.0, ""passed"": true}, ""min_support_actual"": {""value"": 2259, ""threshold"": 50, ""passed"": true}, ""is_structurally_sound"": {""value"": false, ""passed"": false}, ""trade_path_quality_score"": {""value"": -0.0004581588743757558, ""threshold"": 0.0, ""passed"": false}}, ""failures"": [""structural_soundness_fail: "", ""trade_path_quality_score=-0.000458 < 0.000000""], ""warnings"": [], ""classification"": ""rejected""}"
(*)|(loc_dist_ema50_atr_ts_band20_80==0)|(reg_ema20_gt_ema50_raw==1),*,loc_dist_ema50_atr_ts_band20_80==0,reg_ema20_gt_ema50_raw==1,0.26629192133744556,0.26629192133744556,0.01442676712056178,0.16044161220391592,0.18175308641975307,0.010479380033344025,1.0,1.0,0.5054585152838428,2259,,,-0.0038760449761369004,-0.011631303691992223,0.008207183466664554,0.00992082796111915,,0.6666666666666666,,,,-0.21628888207735839,,-0.09255941842160056,0.04574401864984541,0.028530802795697884,-0.0004581588743757558,7.276809425461703,0.0014291113244816068,0.0014291113244816068,8.636888794772138e-05,0.26620555244949784,3,1,1,2,2,stage_a_context,,long,2-way,True,,production,,,0.040649585583972504,0.6371075837742506,primary_target,0,ranking,rejected,"{""checks"": {""n_folds"": {""value"": 3, ""threshold"": 3, ""passed"": true}, ""presence_freq"": {""value"": 1.0, ""threshold"": 0.75, ""passed"": true}, ""directional_mean_ret"": {""value"": 0.26629192133744556, ""threshold"": 0.0, ""passed"": true}, ""hurdle_excess"": {""value"": 0.26620555244949784, ""threshold"": 0.0, ""passed"": true}, ""min_support_actual"": {""value"": 2259, ""threshold"": 50, ""passed"": true}, ""is_structurally_sound"": {""value"": false, ""passed"": false}, ""trade_path_quality_score"": {""value"": -0.0004581588743757558, ""threshold"": 0.0, ""passed"": false}}, ""failures"": [""structural_soundness_fail: "", ""trade_path_quality_score=-0.000458 < 0.000000""], ""warnings"": [], ""classification"": ""rejected""}"
(*)|(*)|(reg_atr_change_rate_ts_band20_80==1&reg_atr_change_rate_ts_band25_75==1&reg_atr_change_rate_ts_band40_60==0&reg_atr_change_rate_ts_bot70==1&reg_atr_change_rate_ts_top30==1&reg_ema20_gt_ema50_raw==0),*,*,reg_atr_change_rate_ts_band20_80==1&reg_atr_change_rate_ts_band25_75==1&reg_atr_change_rate_ts_band40_60==0&reg_atr_change_rate_ts_bot70==1&reg_atr_change_rate_ts_top30==1&reg_ema20_gt_ema50_raw==0,0.2598649859428406,0.2598649859428406,0.011726586476321856,0.16147157549858093,0.17501234567901233,0.011377921381123948,1.0,1.0,0.5054021608643458,2184,,,-0.02686234772166272,-0.030172574444003196,-0.021493250534613796,-0.020867572405797778,,0.0,0.012976761337576826,0.4491288896667299,0.6666666666666666,0.019834525362381103,-0.04454994104823023,-15.280728172432667,0.024126198014636367,0.010508658645290197,-0.0011784484023075056,7.349175491745606,0.0009224674114059905,0.0009224674114059905,9.112555562414266e-05,0.25977386038721645,3,1,1,6,6,stage_a_context,,long,6-way,True,,production,0.012976761337576826,-0.04454994104823023,0.03470460558739541,0.7141446208112876,primary_target,0,ranking,rejected,"{""checks"": {""n_folds"": {""value"": 3, ""threshold"": 3, ""passed"": true}, ""presence_freq"": {""value"": 1.0, ""threshold"": 0.75, ""passed"": true}, ""directional_mean_ret"": {""value"": 0.2598649859428406, ""threshold"": 0.0, ""passed"": true}, ""hurdle_excess"": {""value"": 0.25977386038721645, ""threshold"": 0.0, ""passed"": true}, ""min_support_actual"": {""value"": 2184, ""threshold"": 50, ""passed"": true}, ""is_structurally_sound"": {""value"": false, ""passed"": false}, ""trade_path_quality_score"": {""value"": -0.0011784484023075056, ""threshold"": 0.0, ""passed"": false}}, ""failures"": [""structural_soundness_fail: "", ""trade_path_quality_score=-0.001178 < 0.000000""], ""warnings"": [], ""classification"": ""rejected""}"
(*)|(*)|(reg_atr_change_rate_ts_band20_80==1&reg_atr_change_rate_ts_band25_75==1&reg_atr_change_rate_ts_band40_60==0&reg_atr_change_rate_ts_top30==1&reg_atr_change_rate_ts_top70==0&reg_ema50_gt_ema200_raw==0),*,*,reg_atr_change_rate_ts_band20_80==1&reg_atr_change_rate_ts_band25_75==1&reg_atr_change_rate_ts_band40_60==0&reg_atr_change_rate_ts_top30==1&reg_atr_change_rate_ts_top70==0&reg_ema50_gt_ema200_raw==0,0.2598649859428406,0.2598649859428406,0.011726586476321856,0.16147157549858093,0.17501234567901233,0.011377921381123948,1.0,1.0,0.5054021608643458,2184,,,-0.02686234772166272,-0.030172574444003196,-0.021493250534613796,-0.020867572405797778,,0.0,0.012976761337576826,0.4491288896667299,0.6666666666666666,0.019834525362381103,-0.04454994104823023,-15.280728172432667,0.024126198014636367,0.010508658645290197,-0.0011784484023075056,7.349175491745606,0.0009224674114059905,0.0009224674114059905,9.112555562414266e-05,0.25977386038721645,3,1,1,6,6,stage_a_context,,long,6-way,True,,production,0.012976761337576826,-0.04454994104823023,0.03470460558739541,0.7141446208112876,primary_target,0,ranking,rejected,"{""checks"": {""n_folds"": {""value"": 3, ""threshold"": 3, ""passed"": true}, ""presence_freq"": {""value"": 1.0, ""threshold"": 0.75, ""passed"": true}, ""directional_mean_ret"": {""value"": 0.2598649859428406, ""threshold"": 0.0, ""passed"": true}, ""hurdle_excess"": {""value"": 0.25977386038721645, ""threshold"": 0.0, ""passed"": true}, ""min_support_actual"": {""value"": 2184, ""threshold"": 50, ""passed"": true}, ""is_structurally_sound"": {""value"": false, ""passed"": false}, ""trade_path_quality_score"": {""value"": -0.0011784484023075056, ""threshold"": 0.0, ""passed"": false}}, ""failures"": [""structural_soundness_fail: "", ""trade_path_quality_score=-0.001178 < 0.000000""], ""warnings"": [], ""classification"": ""rejected""}"
(*)|(loc_dist_ema20_atr_ts_band20_80==1&loc_dist_ema20_atr_ts_top30==1)|(reg_atr_change_rate_ts_band25_75==1&reg_atr_change_rate_ts_band40_60==0&reg_atr_change_rate_ts_top70==0&reg_ema50_gt_ema200_raw==0),*,loc_dist_ema20_atr_ts_band20_80==1&loc_dist_ema20_atr_ts_top30==1,reg_atr_change_rate_ts_band25_75==1&reg_atr_change_rate_ts_band40_60==0&reg_atr_change_rate_ts_top70==0&reg_ema50_gt_ema200_raw==0,0.2598649859428406,0.2598649859428406,0.011726586476321856,0.16147157549858093,0.17501234567901233,0.011377921381123948,1.0,1.0,0.5054021608643458,2184,,,-0.02686234772166272,-0.030172574444003196,-0.021493250534613796,-0.020867572405797778,,0.0,0.012976761337576826,0.4491288896667299,0.6666666666666666,0.019834525362381103,-0.04454994104823023,-15.280728172432667,0.024126198014636367,0.010508658645290197,-0.0011784484023075056,7.349175491745606,0.0009224674114059905,0.0009224674114059905,9.112555562414266e-05,0.25977386038721645,3,2,2,6,6,stage_a_context,,long,6-way,True,,production,0.012976761337576826,-0.04454994104823023,0.03470460558739541,0.7141446208112876,primary_target,0,ranking,rejected,"{""checks"": {""n_folds"": {""value"": 3, ""threshold"": 3, ""passed"": true}, ""presence_freq"": {""value"": 1.0, ""threshold"": 0.75, ""passed"": true}, ""directional_mean_ret"": {""value"": 0.2598649859428406, ""threshold"": 0.0, ""passed"": true}, ""hurdle_excess"": {""value"": 0.25977386038721645, ""threshold"": 0.0, ""passed"": true}, ""min_support_actual"": {""value"": 2184, ""threshold"": 50, ""passed"": true}, ""is_structurally_sound"": {""value"": false, ""passed"": false}, ""trade_path_quality_score"": {""value"": -0.0011784484023075056, ""threshold"": 0.0, ""passed"": false}}, ""failures"": [""structural_soundness_fail: "", ""trade_path_quality_score=-0.001178 < 0.000000""], ""warnings"": [], ""classification"": ""rejected""}"
(*)|(*)|(reg_atr_change_rate_ts_band25_75==1&reg_atr_change_rate_ts_top40==1&reg_atr_change_rate_ts_top50==1&reg_atr_change_rate_ts_top70==0&reg_atr_change_rate_ts_top80==0&reg_ema50_gt_ema200_raw==0),*,*,reg_atr_change_rate_ts_band25_75==1&reg_atr_change_rate_ts_top40==1&reg_atr_change_rate_ts_top50==1&reg_atr_change_rate_ts_top70==0&reg_atr_change_rate_ts_top80==0&reg_ema50_gt_ema200_raw==0,0.25671520829200745,0.25671520829200745,0.009564496290775869,0.15983909368515015,0.1834320987654321,0.005464884226570177,1.0,1.0,0.5036496350364964,2394,,,-0.03435566388870951,-0.039162159265478357,-0.035503770844242624,-0.030123221989707225,,0.0,0.022250118436175473,1.3546223492578606,0.6666666666666666,0.05041637564885353,-0.035276583949631575,10.776906413025268,2.4786340823278318e-05,0.007854914255506865,-0.00062665290388134,7.346893336327219,0.0007975010788559525,0.0007975010788559525,9.153643957475995e-05,0.2566236718524327,3,1,1,6,6,stage_a_context,,long,6-way,True,,production,0.022250118436175473,-0.035276583949631575,0.04475442494181022,0.6179188712522046,primary_target,0,ranking,rejected,"{""checks"": {""n_folds"": {""value"": 3, ""threshold"": 3, ""passed"": true}, ""presence_freq"": {""value"": 1.0, ""threshold"": 0.75, ""passed"": true}, ""directional_mean_ret"": {""value"": 0.25671520829200745, ""threshold"": 0.0, ""passed"": true}, ""hurdle_excess"": {""value"": 0.2566236718524327, ""threshold"": 0.0, ""passed"": true}, ""min_support_actual"": {""value"": 2394, ""threshold"": 50, ""passed"": true}, ""is_structurally_sound"": {""value"": false, ""passed"": false}, ""trade_path_quality_score"": {""value"": -0.00062665290388134, ""threshold"": 0.0, ""passed"": false}}, ""failures"": [""structural_soundness_fail: "", ""trade_path_quality_score=-0.000627 < 0.000000""], ""warnings"": [], ""classification"": ""rejected""}"
(*)|(loc_dist_ema20_atr_ts_band25_75==1&loc_dist_ema20_atr_ts_band30_70==1&loc_dist_ema20_atr_ts_bot80==1&loc_dist_ema20_atr_ts_top50==1)|(reg_atr_change_rate_ts_top40==1&reg_ema20_gt_ema50_raw==0),*,loc_dist_ema20_atr_ts_band25_75==1&loc_dist_ema20_atr_ts_band30_70==1&loc_dist_ema20_atr_ts_bot80==1&loc_dist_ema20_atr_ts_top50==1,reg_atr_change_rate_ts_top40==1&reg_ema20_gt_ema50_raw==0,0.25671520829200745,0.25671520829200745,0.009564496290775869,0.15983909368515015,0.1834320987654321,0.005464884226570177,1.0,1.0,0.5036496350364964,2394,,,-0.03435566388870951,-0.039162159265478357,-0.035503770844242624,-0.030123221989707225,,0.0,0.022250118436175473,1.3546223492578606,0.6666666666666666,0.05041637564885353,-0.035276583949631575,10.776906413025268,2.4786340823278318e-05,0.007854914255506865,-0.00062665290388134,7.346893336327219,0.0007975010788559525,0.0007975010788559525,9.153643957475995e-05,0.2566236718524327,3,1,1,6,6,stage_a_context,,long,6-way,True,,production,0.022250118436175473,-0.035276583949631575,0.04475442494181022,0.6179188712522046,primary_target,0,ranking,rejected,"{""checks"": {""n_folds"": {""value"": 3, ""threshold"": 3, ""passed"": true}, ""presence_freq"": {""value"": 1.0, ""threshold"": 0.75, ""passed"": true}, ""directional_mean_ret"": {""value"": 0.25671520829200745, ""threshold"": 0.0, ""passed"": true}, ""hurdle_excess"": {""value"": 0.2566236718524327, ""threshold"": 0.0, ""passed"": true}, ""min_support_actual"": {""value"": 2394, ""threshold"": 50, ""passed"": true}, ""is_structurally_sound"": {""value"": false, ""passed"": false}, ""trade_path_quality_score"": {""value"": -0.00062665290388134, ""threshold"": 0.0, ""passed"": false}}, ""failures"": [""structural_soundness_fail: "", ""trade_path_quality_score=-0.000627 < 0.000000""], ""warnings"": [], ""classification"": ""rejected""}"
(*)|(loc_dist_ema20_atr_ts_band25_75==1&loc_dist_ema20_atr_ts_bot40==0&loc_dist_ema20_atr_ts_top70==0&loc_dist_ema20_atr_ts_top80==0)|(reg_atr_change_rate_ts_bot50==0&reg_ema50_gt_ema200_raw==0),*,loc_dist_ema20_atr_ts_band25_75==1&loc_dist_ema20_atr_ts_bot40==0&loc_dist_ema20_atr_ts_top70==0&loc_dist_ema20_atr_ts_top80==0,reg_atr_change_rate_ts_bot50==0&reg_ema50_gt_ema200_raw==0,0.25671520829200745,0.25671520829200745,0.009564496290775869,0.15983909368515015,0.1834320987654321,0.005464884226570177,1.0,1.0,0.5036496350364964,2394,,,-0.03435566388870951,-0.039162159265478357,-0.035503770844242624,-0.030123221989707225,,0.0,0.022250118436175473,1.3546223492578606,0.6666666666666666,0.05041637564885353,-0.035276583949631575,10.776906413025268,2.4786340823278318e-05,0.007854914255506865,-0.00062665290388134,7.346893336327219,0.0007975010788559525,0.0007975010788559525,9.153643957475995e-05,0.2566236718524327,3,1,1,6,6,stage_a_context,,long,6-way,True,,production,0.022250118436175473,-0.035276583949631575,0.04475442494181022,0.6179188712522046,primary_target,0,ranking,rejected,"{""checks"": {""n_folds"": {""value"": 3, ""threshold"": 3, ""passed"": true}, ""presence_freq"": {""value"": 1.0, ""threshold"": 0.75, ""passed"": true}, ""directional_mean_ret"": {""value"": 0.25671520829200745, ""threshold"": 0.0, ""passed"": true}, ""hurdle_excess"": {""value"": 0.2566236718524327, ""threshold"": 0.0, ""passed"": true}, ""min_support_actual"": {""value"": 2394, ""threshold"": 50, ""passed"": true}, ""is_structurally_sound"": {""value"": false, ""passed"": false}, ""trade_path_quality_score"": {""value"": -0.00062665290388134, ""threshold"": 0.0, ""passed"": false}}, ""failures"": [""structural_soundness_fail: "", ""trade_path_quality_score=-0.000627 < 0.000000""], ""warnings"": [], ""classification"": ""rejected""}"
(*)|(loc_dist_ema20_atr_ts_top40==1&loc_dist_ema20_atr_ts_top50==1&loc_dist_ema20_atr_ts_top70==0)|(reg_atr_change_rate_ts_band25_75==1&reg_atr_change_rate_ts_bot80==1&reg_ema20_gt_ema50_raw==0),*,loc_dist_ema20_atr_ts_top40==1&loc_dist_ema20_atr_ts_top50==1&loc_dist_ema20_atr_ts_top70==0,reg_atr_change_rate_ts_band25_75==1&reg_atr_change_rate_ts_bot80==1&reg_ema20_gt_ema50_raw==0,0.25671520829200745,0.25671520829200745,0.009564496290775869,0.15983909368515015,0.1834320987654321,0.005464884226570177,1.0,1.0,0.5036496350364964,2394,,,-0.03435566388870951,-0.039162159265478357,-0.035503770844242624,-0.030123221989707225,,0.0,0.022250118436175473,1.3546223492578606,0.6666666666666666,0.05041637564885353,-0.035276583949631575,10.776906413025268,2.4786340823278318e-05,0.007854914255506865,-0.00062665290388134,7.346893336327219,0.0007975010788559525,0.0007975010788559525,9.153643957475995e-05,0.2566236718524327,3,1,1,6,6,stage_a_context,,long,6-way,True,,production,0.022250118436175473,-0.035276583949631575,0.04475442494181022,0.6179188712522046,primary_target,0,ranking,rejected,"{""checks"": {""n_folds"": {""value"": 3, ""threshold"": 3, ""passed"": true}, ""presence_freq"": {""value"": 1.0, ""threshold"": 0.75, ""passed"": true}, ""directional_mean_ret"": {""value"": 0.25671520829200745, ""threshold"": 0.0, ""passed"": true}, ""hurdle_excess"": {""value"": 0.2566236718524327, ""threshold"": 0.0, ""passed"": true}, ""min_support_actual"": {""value"": 2394, ""threshold"": 50, ""passed"": true}, ""is_structurally_sound"": {""value"": false, ""passed"": false}, ""trade_path_quality_score"": {""value"": -0.00062665290388134, ""threshold"": 0.0, ""passed"": false}}, ""failures"": [""structural_soundness_fail: "", ""trade_path_quality_score=-0.000627 < 0.000000""], ""warnings"": [], ""classification"": ""rejected""}"
(*)|(loc_dist_ema20_atr_ts_top50==1)|(reg_atr_change_rate_ts_band20_80==1&reg_atr_change_rate_ts_band25_75==1&reg_atr_change_rate_ts_bot70==1&reg_atr_change_rate_ts_top40==1&reg_ema20_gt_ema50_raw==0),*,loc_dist_ema20_atr_ts_top50==1,reg_atr_change_rate_ts_band20_80==1&reg_atr_change_rate_ts_band25_75==1&reg_atr_change_rate_ts_bot70==1&reg_atr_change_rate_ts_top40==1&reg_ema20_gt_ema50_raw==0,0.25671520829200745,0.25671520829200745,0.009564496290775869,0.15983909368515015,0.1834320987654321,0.005464884226570177,1.0,1.0,0.5036496350364964,2394,,,-0.03435566388870951,-0.039162159265478357,-0.035503770844242624,-0.030123221989707225,,0.0,0.022250118436175473,1.3546223492578606,0.6666666666666666,0.05041637564885353,-0.035276583949631575,10.776906413025268,2.4786340823278318e-05,0.007854914255506865,-0.00062665290388134,7.346893336327219,0.0007975010788559525,0.0007975010788559525,9.153643957475995e-05,0.2566236718524327,3,1,1,6,6,stage_a_context,,long,6-way,True,,production,0.022250118436175473,-0.035276583949631575,0.04475442494181022,0.6179188712522046,primary_target,0,ranking,rejected,"{""checks"": {""n_folds"": {""value"": 3, ""threshold"": 3, ""passed"": true}, ""presence_freq"": {""value"": 1.0, ""threshold"": 0.75, ""passed"": true}, ""directional_mean_ret"": {""value"": 0.25671520829200745, ""threshold"": 0.0, ""passed"": true}, ""hurdle_excess"": {""value"": 0.2566236718524327, ""threshold"": 0.0, ""passed"": true}, ""min_support_actual"": {""value"": 2394, ""threshold"": 50, ""passed"": true}, ""is_structurally_sound"": {""value"": false, ""passed"": false}, ""trade_path_quality_score"": {""value"": -0.00062665290388134, ""threshold"": 0.0, ""passed"": false}}, ""failures"": [""structural_soundness_fail: "", ""trade_path_quality_score=-0.000627 < 0.000000""], ""warnings"": [], ""classification"": ""rejected""}"
(*)|(loc_dist_ema20_atr_ts_top70==0)|(reg_atr_change_rate_ts_band20_80==1&reg_atr_change_rate_ts_band25_75==1&reg_atr_change_rate_ts_top30==1&reg_atr_compression_ratio_ts_top50==1&reg_ema20_gt_ema50_raw==0),*,loc_dist_ema20_atr_ts_top70==0,reg_atr_change_rate_ts_band20_80==1&reg_atr_change_rate_ts_band25_75==1&reg_atr_change_rate_ts_top30==1&reg_atr_compression_ratio_ts_top50==1&reg_ema20_gt_ema50_raw==0,0.25671520829200745,0.25671520829200745,0.009564496290775869,0.15983909368515015,0.1834320987654321,0.005464884226570177,1.0,1.0,0.5036496350364964,2394,,,-0.03435566388870951,-0.039162159265478357,-0.035503770844242624,-0.030123221989707225,,0.0,0.022250118436175473,1.3546223492578606,0.6666666666666666,0.05041637564885353,-0.035276583949631575,10.776906413025268,2.4786340823278318e-05,0.007854914255506865,-0.00062665290388134,7.346893336327219,0.0007975010788559525,0.0007975010788559525,9.153643957475995e-05,0.2566236718524327,3,1,1,6,6,stage_a_context,,long,6-way,True,,production,0.022250118436175473,-0.035276583949631575,0.04475442494181022,0.6179188712522046,primary_target,0,ranking,rejected,"{""checks"": {""n_folds"": {""value"": 3, ""threshold"": 3, ""passed"": true}, ""presence_freq"": {""value"": 1.0, ""threshold"": 0.75, ""passed"": true}, ""directional_mean_ret"": {""value"": 0.25671520829200745, ""threshold"": 0.0, ""passed"": true}, ""hurdle_excess"": {""value"": 0.2566236718524327, ""threshold"": 0.0, ""passed"": true}, ""min_support_actual"": {""value"": 2394, ""threshold"": 50, ""passed"": true}, ""is_structurally_sound"": {""value"": false, ""passed"": false}, ""trade_path_quality_score"": {""value"": -0.00062665290388134, ""threshold"": 0.0, ""passed"": false}}, ""failures"": [""structural_soundness_fail: "", ""trade_path_quality_score=-0.000627 < 0.000000""], ""warnings"": [], ""classification"": ""rejected""}"
(*)|(loc_dist_ema20_atr_ts_top30==1)|(reg_atr_change_rate_ts_band20_80==1&reg_atr_change_rate_ts_band25_75==1&reg_atr_change_rate_ts_band40_60==0&reg_atr_change_rate_ts_top40==1&reg_ema20_gt_ema50_raw==1),*,loc_dist_ema20_atr_ts_top30==1,reg_atr_change_rate_ts_band20_80==1&reg_atr_change_rate_ts_band25_75==1&reg_atr_change_rate_ts_band40_60==0&reg_atr_change_rate_ts_top40==1&reg_ema20_gt_ema50_raw==1,0.27301258345444995,0.27301258345444995,0.018519174828427624,0.1625126153230667,0.06148148148148149,0.013905553788129028,1.0,1.0,0.5291576673866091,650,,,0.008863756862276395,-0.0054683415023095375,0.005443352640003589,0.021485653115725922,,0.6666666666666666,0.0101252008376131,0.3418641249383647,0.6666666666666666,0.006192294931317147,-0.047401501548193954,-1.587990908212575,0.005009406378766867,0.006710604960167273,-0.0011112991322440122,7.44042490391853,0.0007112679802500042,0.0007112679802500042,9.363114197530864e-05,0.27291895231247465,3,1,1,6,6,stage_a_context,,long,6-way,True,,production,0.0101252008376131,-0.047401501548193954,0.02874689080294009,0.3837037037037038,primary_target,0,ranking,rejected,"{""checks"": {""n_folds"": {""value"": 3, ""threshold"": 3, ""passed"": true}, ""presence_freq"": {""value"": 1.0, ""threshold"": 0.75, ""passed"": true}, ""directional_mean_ret"": {""value"": 0.27301258345444995, ""threshold"": 0.0, ""passed"": true}, ""hurdle_excess"": {""value"": 0.27291895231247465, ""threshold"": 0.0, ""passed"": true}, ""min_support_actual"": {""value"": 650, ""threshold"": 50, ""passed"": true}, ""is_structurally_sound"": {""value"": false, ""passed"": false}, ""trade_path_quality_score"": {""value"": -0.0011112991322440122, ""threshold"": 0.0, ""passed"": false}}, ""failures"": [""structural_soundness_fail: "", ""trade_path_quality_score=-0.001111 < 0.000000""], ""warnings"": [], ""classification"": ""rejected""}"
(*)|(loc_dist_ema20_atr_ts_top70==0)|(reg_atr_change_rate_ts_band20_80==1&reg_atr_change_rate_ts_band25_75==1&reg_atr_change_rate_ts_top30==1&reg_atr_compression_ratio_ts_top50==0&reg_ema20_gt_ema50_raw==0),*,loc_dist_ema20_atr_ts_top70==0,reg_atr_change_rate_ts_band20_80==1&reg_atr_change_rate_ts_band25_75==1&reg_atr_change_rate_ts_top30==1&reg_atr_compression_ratio_ts_top50==0&reg_ema20_gt_ema50_raw==0,0.2636182904243469,0.2636182904243469,0.013068287850500722,0.1627847601970037,0.18985185185185185,0.008919289577431157,1.0,1.0,0.5169194865810969,2429,,,-0.018335501958908155,-0.024123289859255773,-0.012154807760032554,-0.009457366959122734,,0.0,0.0238187395438275,1.9670463617829779,1.0,-0.024742714241733663,-0.03370796284197956,0.9037513993873061,0.4329452375970931,0.00306874586209161,-0.0011886100831158732,7.307963828141942,0.0005171046828659688,0.0005171046828659688,9.189259320987655e-05,0.26352639783113707,3,1,1,6,6,stage_a_context,,long,6-way,True,,production,0.0238187395438275,-0.03370796284197956,0.026721667964002622,0.5445502645502645,primary_target,0,ranking,rejected,"{""checks"": {""n_folds"": {""value"": 3, ""threshold"": 3, ""passed"": true}, ""presence_freq"": {""value"": 1.0, ""threshold"": 0.75, ""passed"": true}, ""directional_mean_ret"": {""value"": 0.2636182904243469, ""threshold"": 0.0, ""passed"": true}, ""hurdle_excess"": {""value"": 0.26352639783113707, ""threshold"": 0.0, ""passed"": true}, ""min_support_actual"": {""value"": 2429, ""threshold"": 50, ""passed"": true}, ""is_structurally_sound"": {""value"": false, ""passed"": false}, ""trade_path_quality_score"": {""value"": -0.0011886100831158732, ""threshold"": 0.0, ""passed"": false}}, ""failures"": [""structural_soundness_fail: "", ""trade_path_quality_score=-0.001189 < 0.000000""], ""warnings"": [], ""classification"": ""rejected""}"
(*)|(*)|(reg_atr_change_rate_ts_band20_80==1&reg_atr_change_rate_ts_band40_60==0&reg_atr_change_rate_ts_top30==0&reg_atr_change_rate_ts_top40==0&reg_atr_change_rate_ts_top70==0&reg_ema20_gt_ema50_raw==0),*,*,reg_atr_change_rate_ts_band20_80==1&reg_atr_change_rate_ts_band40_60==0&reg_atr_change_rate_ts_top30==0&reg_atr_change_rate_ts_top40==0&reg_atr_change_rate_ts_top70==0&reg_ema20_gt_ema50_raw==0,0.2668100992838542,0.2668100992838542,0.013759732171722782,0.1633112629254659,0.09832098765432097,0.007270169008697679,1.0,1.0,0.5,1238,,,-0.005122901998204308,-0.010319926902536282,-0.002510790405341216,0.001380178702559211,,0.3333333333333333,0.0332393925540335,1.9755061911625296,1.0,-0.05553745779769096,-0.024287309831773546,1.6440267107205384,0.026500303799536922,0.002414191248162223,-0.0009780338977718873,6.673429582254662,0.0004902856264784087,0.0004902856264784087,9.064059272976681e-05,0.2667194586911244,3,1,1,6,6,stage_a_context,,long,6-way,True,,production,0.0332393925540335,-0.024287309831773546,0.025864606365622638,0.9731358024691354,primary_target,0,ranking,rejected,"{""checks"": {""n_folds"": {""value"": 3, ""threshold"": 3, ""passed"": true}, ""presence_freq"": {""value"": 1.0, ""threshold"": 0.75, ""passed"": true}, ""directional_mean_ret"": {""value"": 0.2668100992838542, ""threshold"": 0.0, ""passed"": true}, ""hurdle_excess"": {""value"": 0.2667194586911244, ""threshold"": 0.0, ""passed"": true}, ""min_support_actual"": {""value"": 1238, ""threshold"": 50, ""passed"": true}, ""is_structurally_sound"": {""value"": false, ""passed"": false}, ""trade_path_quality_score"": {""value"": -0.0009780338977718873, ""threshold"": 0.0, ""passed"": false}}, ""failures"": [""structural_soundness_fail: "", ""trade_path_quality_score=-0.000978 < 0.000000""], ""warnings"": [], ""classification"": ""rejected""}"
(*)|(loc_dist_ema20_atr_ts_band20_80==1&loc_dist_ema20_atr_ts_top30==1)|(reg_atr_change_rate_ts_band25_75==1&reg_atr_change_rate_ts_band40_60==1&reg_atr_change_rate_ts_top70==0&reg_ema50_gt_ema200_raw==0),*,loc_dist_ema20_atr_ts_band20_80==1&loc_dist_ema20_atr_ts_top30==1,reg_atr_change_rate_ts_band25_75==1&reg_atr_change_rate_ts_band40_60==1&reg_atr_change_rate_ts_top70==0&reg_ema50_gt_ema200_raw==0,0.260684738556544,0.260684738556544,0.01102533082883871,0.16129137575626373,0.19827160493827165,0.00685717733205638,1.0,1.0,0.5406698564593302,2546,,,-0.025578125229894024,-0.030119575011714875,-0.020311844898511875,-0.018403535282382102,,0.0,0.009436625514773323,0.9655113827187751,0.6666666666666666,-0.06403194501553021,-0.04809007687103373,0.37263396994285536,0.33903047198954434,0.0023731100420984258,-0.0011725480164887115,7.3116205761852475,0.00045389125890883095,0.00045389125890883095,9.241592764060358e-05,0.2605923226289034,3,1,1,6,6,stage_a_context,,long,6-way,True,,production,0.009436625514773323,-0.04809007687103373,0.03564208975747044,0.4483245149911812,primary_target,0,ranking,rejected,"{""checks"": {""n_folds"": {""value"": 3, ""threshold"": 3, ""passed"": true}, ""presence_freq"": {""value"": 1.0, ""threshold"": 0.75, ""passed"": true}, ""directional_mean_ret"": {""value"": 0.260684738556544, ""threshold"": 0.0, ""passed"": true}, ""hurdle_excess"": {""value"": 0.2605923226289034, ""threshold"": 0.0, ""passed"": true}, ""min_support_actual"": {""value"": 2546, ""threshold"": 50, ""passed"": true}, ""is_structurally_sound"": {""value"": false, ""passed"": false}, ""trade_path_quality_score"": {""value"": -0.0011725480164887115, ""threshold"": 0.0, ""passed"": false}}, ""failures"": [""structural_soundness_fail: "", ""trade_path_quality_score=-0.001173 < 0.000000""], ""warnings"": [], ""classification"": ""rejected""}"
(*)|(loc_dist_ema20_atr_ts_top40==1&loc_dist_ema20_atr_ts_top70==0&loc_dist_ema20_atr_ts_top80==0)|(reg_atr_change_rate_ts_top20==1&reg_atr_change_rate_ts_top60==0&reg_ema20_gt_ema50_raw==0),*,loc_dist_ema20_atr_ts_top40==1&loc_dist_ema20_atr_ts_top70==0&loc_dist_ema20_atr_ts_top80==0,reg_atr_change_rate_ts_top20==1&reg_atr_change_rate_ts_top60==0&reg_ema20_gt_ema50_raw==0,0.260684738556544,0.260684738556544,0.01102533082883871,0.16129137575626373,0.19827160493827165,0.00685717733205638,1.0,1.0,0.5406698564593302,2546,,,-0.025578125229894024,-0.030119575011714875,-0.020311844898511875,-0.018403535282382102,,0.0,0.009436625514773323,0.9655113827187751,0.6666666666666666,-0.06403194501553021,-0.04809007687103373,0.37263396994285536,0.33903047198954434,0.0023731100420984258,-0.0011725480164887115,7.3116205761852475,0.00045389125890883095,0.00045389125890883095,9.241592764060358e-05,0.2605923226289034,3,1,1,6,6,stage_a_context,,long,6-way,True,,production,0.009436625514773323,-0.04809007687103373,0.03564208975747044,0.4483245149911812,primary_target,0,ranking,rejected,"{""checks"": {""n_folds"": {""value"": 3, ""threshold"": 3, ""passed"": true}, ""presence_freq"": {""value"": 1.0, ""threshold"": 0.75, ""passed"": true}, ""directional_mean_ret"": {""value"": 0.260684738556544, ""threshold"": 0.0, ""passed"": true}, ""hurdle_excess"": {""value"": 0.2605923226289034, ""threshold"": 0.0, ""passed"": true}, ""min_support_actual"": {""value"": 2546, ""threshold"": 50, ""passed"": true}, ""is_structurally_sound"": {""value"": false, ""passed"": false}, ""trade_path_quality_score"": {""value"": -0.0011725480164887115, ""threshold"": 0.0, ""passed"": false}}, ""failures"": [""structural_soundness_fail: "", ""trade_path_quality_score=-0.001173 < 0.000000""], ""warnings"": [], ""classification"": ""rejected""}"
(*)|(*)|(reg_atr_change_rate_ts_band20_80==0&reg_atr_change_rate_ts_top20==1),*,*,reg_atr_change_rate_ts_band20_80==0&reg_atr_change_rate_ts_top20==1,0.2665243595838547,0.2665243595838547,0.014392759721585229,0.16068062682946524,0.2011604938271605,0.020753552774190373,1.0,1.0,0.5100354191263282,2367,,,-0.0034070444633588367,-0.010927802922825126,0.008093189114011096,0.00986383078479242,,0.6666666666666666,0.024074432246446897,1.5002478110726352,1.0,-0.22739045808969996,-0.03165339549561828,10.603053964523998,0.012022279769774517,0.002077506290395876,-0.0002425540239709027,7.190726093349353,0.0004216623373317424,0.0004216623373317424,8.746517884849872e-05,0.2664368944050062,3,13,13,2,2,stage_a_context,,long,2-way,True,,production,0.024074432246446897,-0.03165339549561828,0.03933289545289812,0.41530864197530853,primary_target,0,ranking,rejected,"{""checks"": {""n_folds"": {""value"": 3, ""threshold"": 3, ""passed"": true}, ""presence_freq"": {""value"": 1.0, ""threshold"": 0.75, ""passed"": true}, ""directional_mean_ret"": {""value"": 0.2665243595838547, ""threshold"": 0.0, ""passed"": true}, ""hurdle_excess"": {""value"": 0.2664368944050062, ""threshold"": 0.0, ""passed"": true}, ""min_support_actual"": {""value"": 2367, ""threshold"": 50, ""passed"": true}, ""is_structurally_sound"": {""value"": false, ""passed"": false}, ""trade_path_quality_score"": {""value"": -0.0002425540239709027, ""threshold"": 0.0, ""passed"": false}}, ""failures"": [""structural_soundness_fail: "", ""trade_path_quality_score=-0.000243 < 0.000000""], ""warnings"": [], ""classification"": ""rejected""}"
(*)|(*)|(reg_atr_change_rate_ts_band20_80==0&reg_atr_change_rate_ts_top30==1),*,*,reg_atr_change_rate_ts_band20_80==0&reg_atr_change_rate_ts_top30==1,0.2665243595838547,0.2665243595838547,0.014392759721585229,0.16068062682946524,0.2011604938271605,0.020753552774190373,1.0,1.0,0.5100354191263282,2367,,,-0.0034070444633588367,-0.010927802922825126,0.008093189114011096,0.00986383078479242,,0.6666666666666666,0.024074432246446897,1.5002478110726352,1.0,-0.22739045808969996,-0.03165339549561828,10.603053964523998,0.012022279769774517,0.002077506290395876,-0.0002425540239709027,7.190726093349353,0.0004216623373317424,0.0004216623373317424,8.746517884849872e-05,0.2664368944050062,3,1,1,2,2,stage_a_context,,long,2-way,True,,production,0.024074432246446897,-0.03165339549561828,0.03933289545289812,0.41530864197530853,primary_target,0,ranking,rejected,"{""checks"": {""n_folds"": {""value"": 3, ""threshold"": 3, ""passed"": true}, ""presence_freq"": {""value"": 1.0, ""threshold"": 0.75, ""passed"": true}, ""directional_mean_ret"": {""value"": 0.2665243595838547, ""threshold"": 0.0, ""passed"": true}, ""hurdle_excess"": {""value"": 0.2664368944050062, ""threshold"": 0.0, ""passed"": true}, ""min_support_actual"": {""value"": 2367, ""threshold"": 50, ""passed"": true}, ""is_structurally_sound"": {""value"": false, ""passed"": false}, ""trade_path_quality_score"": {""value"": -0.0002425540239709027, ""threshold"": 0.0, ""passed"": false}}, ""failures"": [""structural_soundness_fail: "", ""trade_path_quality_score=-0.000243 < 0.000000""], ""warnings"": [], ""classification"": ""rejected""}"
(*)|(*)|(reg_atr_change_rate_ts_band25_75==0&reg_atr_change_rate_ts_top20==1&reg_atr_change_rate_ts_top80==1),*,*,reg_atr_change_rate_ts_band25_75==0&reg_atr_change_rate_ts_top20==1&reg_atr_change_rate_ts_top80==1,0.2665243595838547,0.2665243595838547,0.014392759721585229,0.16068062682946524,0.2011604938271605,0.020753552774190373,1.0,1.0,0.5100354191263282,2367,,,-0.0034070444633588367,-0.010927802922825126,0.008093189114011096,0.00986383078479242,,0.6666666666666666,0.024074432246446897,1.5002478110726352,1.0,-0.22739045808969996,-0.03165339549561828,10.603053964523998,0.012022279769774517,0.002077506290395876,-0.0002425540239709027,7.190726093349353,0.0004216623373317424,0.0004216623373317424,7.203014728699894e-05,0.26645232943656766,3,1,1,3,3,stage_a_context,,long,3-way,True,,production,0.024074432246446897,-0.03165339549561828,0.03933289545289812,0.41530864197530853,primary_target,0,ranking,rejected,"{""checks"": {""n_folds"": {""value"": 3, ""threshold"": 3, ""passed"": true}, ""presence_freq"": {""value"": 1.0, ""threshold"": 0.75, ""passed"": true}, ""directional_mean_ret"": {""value"": 0.2665243595838547, ""threshold"": 0.0, ""passed"": true}, ""hurdle_excess"": {""value"": 0.26645232943656766, ""threshold"": 0.0, ""passed"": true}, ""min_support_actual"": {""value"": 2367, ""threshold"": 50, ""passed"": true}, ""is_structurally_sound"": {""value"": false, ""passed"": false}, ""trade_path_quality_score"": {""value"": -0.0002425540239709027, ""threshold"": 0.0, ""passed"": false}}, ""failures"": [""structural_soundness_fail: "", ""trade_path_quality_score=-0.000243 < 0.000000""], ""warnings"": [], ""classification"": ""rejected""}"
(*)|(*)|(reg_atr_change_rate_ts_band25_75==0&reg_atr_change_rate_ts_top80==1),*,*,reg_atr_change_rate_ts_band25_75==0&reg_atr_change_rate_ts_top80==1,0.2665243595838547,0.2665243595838547,0.014392759721585229,0.16068062682946524,0.2011604938271605,0.020753552774190373,1.0,1.0,0.5100354191263282,2367,,,-0.0034070444633588367,-0.010927802922825126,0.008093189114011096,0.00986383078479242,,0.6666666666666666,0.024074432246446897,1.5002478110726352,1.0,-0.22739045808969996,-0.03165339549561828,10.603053964523998,0.012022279769774517,0.002077506290395876,-0.0002425540239709027,7.190726093349353,0.0004216623373317424,0.0004216623373317424,8.746517884849872e-05,0.2664368944050062,3,4,4,2,2,stage_a_context,,long,2-way,True,,production,0.024074432246446897,-0.03165339549561828,0.03933289545289812,0.41530864197530853,primary_target,0,ranking,rejected,"{""checks"": {""n_folds"": {""value"": 3, ""threshold"": 3, ""passed"": true}, ""presence_freq"": {""value"": 1.0, ""threshold"": 0.75, ""passed"": true}, ""directional_mean_ret"": {""value"": 0.2665243595838547, ""threshold"": 0.0, ""passed"": true}, ""hurdle_excess"": {""value"": 0.2664368944050062, ""threshold"": 0.0, ""passed"": true}, ""min_support_actual"": {""value"": 2367, ""threshold"": 50, ""passed"": true}, ""is_structurally_sound"": {""value"": false, ""passed"": false}, ""trade_path_quality_score"": {""value"": -0.0002425540239709027, ""threshold"": 0.0, ""passed"": false}}, ""failures"": [""structural_soundness_fail: "", ""trade_path_quality_score=-0.000243 < 0.000000""], ""warnings"": [], ""classification"": ""rejected""}"
(*)|(*)|(reg_atr_change_rate_ts_top80==1),*,*,reg_atr_change_rate_ts_top80==1,0.2665243595838547,0.2665243595838547,0.014392759721585229,0.16068062682946524,0.2011604938271605,0.020753552774190373,1.0,1.0,0.5100354191263282,2367,,,-0.0034070444633588367,-0.010927802922825126,0.008093189114011096,0.00986383078479242,,0.6666666666666666,0.024074432246446897,1.5002478110726352,1.0,-0.22739045808969996,-0.03165339549561828,10.603053964523998,0.012022279769774517,0.002077506290395876,-0.0002425540239709027,7.190726093349353,0.0004216623373317424,0.0004216623373317424,0.00010290021040999849,0.2664214593734447,3,2,2,1,1,stage_a_context,,long,1-way,True,,production,0.024074432246446897,-0.03165339549561828,0.03933289545289812,0.41530864197530853,primary_target,0,ranking,rejected,"{""checks"": {""n_folds"": {""value"": 3, ""threshold"": 3, ""passed"": true}, ""presence_freq"": {""value"": 1.0, ""threshold"": 0.75, ""passed"": true}, ""directional_mean_ret"": {""value"": 0.2665243595838547, ""threshold"": 0.0, ""passed"": true}, ""hurdle_excess"": {""value"": 0.2664214593734447, ""threshold"": 0.0, ""passed"": true}, ""min_support_actual"": {""value"": 2367, ""threshold"": 50, ""passed"": true}, ""is_structurally_sound"": {""value"": false, ""passed"": false}, ""trade_path_quality_score"": {""value"": -0.0002425540239709027, ""threshold"": 0.0, ""passed"": false}}, ""failures"": [""structural_soundness_fail: "", ""trade_path_quality_score=-0.000243 < 0.000000""], ""warnings"": [], ""classification"": ""rejected""}"
(*)|(loc_dist_ema20_atr_ts_band20_80==0&loc_dist_ema20_atr_ts_top20==1)|(*),*,loc_dist_ema20_atr_ts_band20_80==0&loc_dist_ema20_atr_ts_top20==1,*,0.2665243595838547,0.2665243595838547,0.014392759721585229,0.16068062682946524,0.2011604938271605,0.020753552774190373,1.0,1.0,0.5100354191263282,2367,,,-0.0034070444633588367,-0.010927802922825126,0.008093189114011096,0.00986383078479242,,0.6666666666666666,0.024074432246446897,1.5002478110726352,1.0,-0.22739045808969996,-0.03165339549561828,10.603053964523998,0.012022279769774517,0.002077506290395876,-0.0002425540239709027,7.190726093349353,0.0004216623373317424,0.0004216623373317424,8.746517884849872e-05,0.2664368944050062,3,1,1,2,2,stage_a_context,,long,2-way,True,,production,0.024074432246446897,-0.03165339549561828,0.03933289545289812,0.41530864197530853,primary_target,0,ranking,rejected,"{""checks"": {""n_folds"": {""value"": 3, ""threshold"": 3, ""passed"": true}, ""presence_freq"": {""value"": 1.0, ""threshold"": 0.75, ""passed"": true}, ""directional_mean_ret"": {""value"": 0.2665243595838547, ""threshold"": 0.0, ""passed"": true}, ""hurdle_excess"": {""value"": 0.2664368944050062, ""threshold"": 0.0, ""passed"": true}, ""min_support_actual"": {""value"": 2367, ""threshold"": 50, ""passed"": true}, ""is_structurally_sound"": {""value"": false, ""passed"": false}, ""trade_path_quality_score"": {""value"": -0.0002425540239709027, ""threshold"": 0.0, ""passed"": false}}, ""failures"": [""structural_soundness_fail: "", ""trade_path_quality_score=-0.000243 < 0.000000""], ""warnings"": [], ""classification"": ""rejected""}"
(*)|(loc_dist_ema20_atr_ts_band20_80==0)|(reg_atr_change_rate_ts_top20==1),*,loc_dist_ema20_atr_ts_band20_80==0,reg_atr_change_rate_ts_top20==1,0.2665243595838547,0.2665243595838547,0.014392759721585229,0.16068062682946524,0.2011604938271605,0.020753552774190373,1.0,1.0,0.5100354191263282,2367,,,-0.0034070444633588367,-0.010927802922825126,0.008093189114011096,0.00986383078479242,,0.6666666666666666,0.024074432246446897,1.5002478110726352,1.0,-0.22739045808969996,-0.03165339549561828,10.603053964523998,0.012022279769774517,0.002077506290395876,-0.0002425540239709027,7.190726093349353,0.0004216623373317424,0.0004216623373317424,8.746517884849872e-05,0.2664368944050062,3,5,5,2,2,stage_a_context,,long,2-way,True,,production,0.024074432246446897,-0.03165339549561828,0.03933289545289812,0.41530864197530853,primary_target,0,ranking,rejected,"{""checks"": {""n_folds"": {""value"": 3, ""threshold"": 3, ""passed"": true}, ""presence_freq"": {""value"": 1.0, ""threshold"": 0.75, ""passed"": true}, ""directional_mean_ret"": {""value"": 0.2665243595838547, ""threshold"": 0.0, ""passed"": true}, ""hurdle_excess"": {""value"": 0.2664368944050062, ""threshold"": 0.0, ""passed"": true}, ""min_support_actual"": {""value"": 2367, ""threshold"": 50, ""passed"": true}, ""is_structurally_sound"": {""value"": false, ""passed"": false}, ""trade_path_quality_score"": {""value"": -0.0002425540239709027, ""threshold"": 0.0, ""passed"": false}}, ""failures"": [""structural_soundness_fail: "", ""trade_path_quality_score=-0.000243 < 0.000000""], ""warnings"": [], ""classification"": ""rejected""}"
(*)|(loc_dist_ema20_atr_ts_band25_75==0)|(reg_atr_change_rate_ts_top80==1),*,loc_dist_ema20_atr_ts_band25_75==0,reg_atr_change_rate_ts_top80==1,0.2665243595838547,0.2665243595838547,0.014392759721585229,0.16068062682946524,0.2011604938271605,0.020753552774190373,1.0,1.0,0.5100354191263282,2367,,,-0.0034070444633588367,-0.010927802922825126,0.008093189114011096,0.00986383078479242,,0.6666666666666666,0.024074432246446897,1.5002478110726352,1.0,-0.22739045808969996,-0.03165339549561828,10.603053964523998,0.012022279769774517,0.002077506290395876,-0.0002425540239709027,7.190726093349353,0.0004216623373317424,0.0004216623373317424,8.746517884849872e-05,0.2664368944050062,3,1,1,2,2,stage_a_context,,long,2-way,True,,production,0.024074432246446897,-0.03165339549561828,0.03933289545289812,0.41530864197530853,primary_target,0,ranking,rejected,"{""checks"": {""n_folds"": {""value"": 3, ""threshold"": 3, ""passed"": true}, ""presence_freq"": {""value"": 1.0, ""threshold"": 0.75, ""passed"": true}, ""directional_mean_ret"": {""value"": 0.2665243595838547, ""threshold"": 0.0, ""passed"": true}, ""hurdle_excess"": {""value"": 0.2664368944050062, ""threshold"": 0.0, ""passed"": true}, ""min_support_actual"": {""value"": 2367, ""threshold"": 50, ""passed"": true}, ""is_structurally_sound"": {""value"": false, ""passed"": false}, ""trade_path_quality_score"": {""value"": -0.0002425540239709027, ""threshold"": 0.0, ""passed"": false}}, ""failures"": [""structural_soundness_fail: "", ""trade_path_quality_score=-0.000243 < 0.000000""], ""warnings"": [], ""classification"": ""rejected""}"
(*)|(loc_dist_ema20_atr_ts_top20==1&loc_dist_ema20_atr_ts_top80==1)|(reg_atr_change_rate_ts_band25_75==0),*,loc_dist_ema20_atr_ts_top20==1&loc_dist_ema20_atr_ts_top80==1,reg_atr_change_rate_ts_band25_75==0,0.2665243595838547,0.2665243595838547,0.014392759721585229,0.16068062682946524,0.2011604938271605,0.020753552774190373,1.0,1.0,0.5100354191263282,2367,,,-0.0034070444633588367,-0.010927802922825126,0.008093189114011096,0.00986383078479242,,0.6666666666666666,0.024074432246446897,1.5002478110726352,1.0,-0.22739045808969996,-0.03165339549561828,10.603053964523998,0.012022279769774517,0.002077506290395876,-0.0002425540239709027,7.190726093349353,0.0004216623373317424,0.0004216623373317424,7.203014728699894e-05,0.26645232943656766,3,1,1,3,3,stage_a_context,,long,3-way,True,,production,0.024074432246446897,-0.03165339549561828,0.03933289545289812,0.41530864197530853,primary_target,0,ranking,rejected,"{""checks"": {""n_folds"": {""value"": 3, ""threshold"": 3, ""passed"": true}, ""presence_freq"": {""value"": 1.0, ""threshold"": 0.75, ""passed"": true}, ""directional_mean_ret"": {""value"": 0.2665243595838547, ""threshold"": 0.0, ""passed"": true}, ""hurdle_excess"": {""value"": 0.26645232943656766, ""threshold"": 0.0, ""passed"": true}, ""min_support_actual"": {""value"": 2367, ""threshold"": 50, ""passed"": true}, ""is_structurally_sound"": {""value"": false, ""passed"": false}, ""trade_path_quality_score"": {""value"": -0.0002425540239709027, ""threshold"": 0.0, ""passed"": false}}, ""failures"": [""structural_soundness_fail: "", ""trade_path_quality_score=-0.000243 < 0.000000""], ""warnings"": [], ""classification"": ""rejected""}"
(*)|(loc_dist_ema20_atr_ts_top20==1)|(reg_atr_change_rate_ts_band20_80==0),*,loc_dist_ema20_atr_ts_top20==1,reg_atr_change_rate_ts_band20_80==0,0.2665243595838547,0.2665243595838547,0.014392759721585229,0.16068062682946524,0.2011604938271605,0.020753552774190373,1.0,1.0,0.5100354191263282,2367,,,-0.0034070444633588367,-0.010927802922825126,0.008093189114011096,0.00986383078479242,,0.6666666666666666,0.024074432246446897,1.5002478110726352,1.0,-0.22739045808969996,-0.03165339549561828,10.603053964523998,0.012022279769774517,0.002077506290395876,-0.0002425540239709027,7.190726093349353,0.0004216623373317424,0.0004216623373317424,8.746517884849872e-05,0.2664368944050062,3,6,6,2,2,stage_a_context,,long,2-way,True,,production,0.024074432246446897,-0.03165339549561828,0.03933289545289812,0.41530864197530853,primary_target,0,ranking,rejected,"{""checks"": {""n_folds"": {""value"": 3, ""threshold"": 3, ""passed"": true}, ""presence_freq"": {""value"": 1.0, ""threshold"": 0.75, ""passed"": true}, ""directional_mean_ret"": {""value"": 0.2665243595838547, ""threshold"": 0.0, ""passed"": true}, ""hurdle_excess"": {""value"": 0.2664368944050062, ""threshold"": 0.0, ""passed"": true}, ""min_support_actual"": {""value"": 2367, ""threshold"": 50, ""passed"": true}, ""is_structurally_sound"": {""value"": false, ""passed"": false}, ""trade_path_quality_score"": {""value"": -0.0002425540239709027, ""threshold"": 0.0, ""passed"": false}}, ""failures"": [""structural_soundness_fail: "", ""trade_path_quality_score=-0.000243 < 0.000000""], ""warnings"": [], ""classification"": ""rejected""}"
(*)|(loc_dist_ema20_atr_ts_top80==1)|(*),*,loc_dist_ema20_atr_ts_top80==1,*,0.2665243595838547,0.2665243595838547,0.014392759721585229,0.16068062682946524,0.2011604938271605,0.020753552774190373,1.0,1.0,0.5100354191263282,2367,,,-0.0034070444633588367,-0.010927802922825126,0.008093189114011096,0.00986383078479242,,0.6666666666666666,0.024074432246446897,1.5002478110726352,1.0,-0.22739045808969996,-0.03165339549561828,10.603053964523998,0.012022279769774517,0.002077506290395876,-0.0002425540239709027,7.190726093349353,0.0004216623373317424,0.0004216623373317424,0.00010290021040999849,0.2664214593734447,3,1,1,1,1,stage_a_context,,long,1-way,True,,production,0.024074432246446897,-0.03165339549561828,0.03933289545289812,0.41530864197530853,primary_target,0,ranking,rejected,"{""checks"": {""n_folds"": {""value"": 3, ""threshold"": 3, ""passed"": true}, ""presence_freq"": {""value"": 1.0, ""threshold"": 0.75, ""passed"": true}, ""directional_mean_ret"": {""value"": 0.2665243595838547, ""threshold"": 0.0, ""passed"": true}, ""hurdle_excess"": {""value"": 0.2664214593734447, ""threshold"": 0.0, ""passed"": true}, ""min_support_actual"": {""value"": 2367, ""threshold"": 50, ""passed"": true}, ""is_structurally_sound"": {""value"": false, ""passed"": false}, ""trade_path_quality_score"": {""value"": -0.0002425540239709027, ""threshold"": 0.0, ""passed"": false}}, ""failures"": [""structural_soundness_fail: "", ""trade_path_quality_score=-0.000243 < 0.000000""], ""warnings"": [], ""classification"": ""rejected""}"
(*)|(loc_dist_ema20_atr_ts_top80==1)|(reg_atr_change_rate_ts_band25_75==0),*,loc_dist_ema20_atr_ts_top80==1,reg_atr_change_rate_ts_band25_75==0,0.2665243595838547,0.2665243595838547,0.014392759721585229,0.16068062682946524,0.2011604938271605,0.020753552774190373,1.0,1.0,0.5100354191263282,2367,,,-0.0034070444633588367,-0.010927802922825126,0.008093189114011096,0.00986383078479242,,0.6666666666666666,0.024074432246446897,1.5002478110726352,1.0,-0.22739045808969996,-0.03165339549561828,10.603053964523998,0.012022279769774517,0.002077506290395876,-0.0002425540239709027,7.190726093349353,0.0004216623373317424,0.0004216623373317424,8.746517884849872e-05,0.2664368944050062,3,2,2,2,2,stage_a_context,,long,2-way,True,,production,0.024074432246446897,-0.03165339549561828,0.03933289545289812,0.41530864197530853,primary_target,0,ranking,rejected,"{""checks"": {""n_folds"": {""value"": 3, ""threshold"": 3, ""passed"": true}, ""presence_freq"": {""value"": 1.0, ""threshold"": 0.75, ""passed"": true}, ""directional_mean_ret"": {""value"": 0.2665243595838547, ""threshold"": 0.0, ""passed"": true}, ""hurdle_excess"": {""value"": 0.2664368944050062, ""threshold"": 0.0, ""passed"": true}, ""min_support_actual"": {""value"": 2367, ""threshold"": 50, ""passed"": true}, ""is_structurally_sound"": {""value"": false, ""passed"": false}, ""trade_path_quality_score"": {""value"": -0.0002425540239709027, ""threshold"": 0.0, ""passed"": false}}, ""failures"": [""structural_soundness_fail: "", ""trade_path_quality_score=-0.000243 < 0.000000""], ""warnings"": [], ""classification"": ""rejected""}"
(*)|(loc_dist_ema20_atr_ts_top80==1)|(reg_atr_change_rate_ts_band30_70==0),*,loc_dist_ema20_atr_ts_top80==1,reg_atr_change_rate_ts_band30_70==0,0.2665243595838547,0.2665243595838547,0.014392759721585229,0.16068062682946524,0.2011604938271605,0.020753552774190373,1.0,1.0,0.5100354191263282,2367,,,-0.0034070444633588367,-0.010927802922825126,0.008093189114011096,0.00986383078479242,,0.6666666666666666,0.024074432246446897,1.5002478110726352,1.0,-0.22739045808969996,-0.03165339549561828,10.603053964523998,0.012022279769774517,0.002077506290395876,-0.0002425540239709027,7.190726093349353,0.0004216623373317424,0.0004216623373317424,8.746517884849872e-05,0.2664368944050062,3,1,1,2,2,stage_a_context,,long,2-way,True,,production,0.024074432246446897,-0.03165339549561828,0.03933289545289812,0.41530864197530853,primary_target,0,ranking,rejected,"{""checks"": {""n_folds"": {""value"": 3, ""threshold"": 3, ""passed"": true}, ""presence_freq"": {""value"": 1.0, ""threshold"": 0.75, ""passed"": true}, ""directional_mean_ret"": {""value"": 0.2665243595838547, ""threshold"": 0.0, ""passed"": true}, ""hurdle_excess"": {""value"": 0.2664368944050062, ""threshold"": 0.0, ""passed"": true}, ""min_support_actual"": {""value"": 2367, ""threshold"": 50, ""passed"": true}, ""is_structurally_sound"": {""value"": false, ""passed"": false}, ""trade_path_quality_score"": {""value"": -0.0002425540239709027, ""threshold"": 0.0, ""passed"": false}}, ""failures"": [""structural_soundness_fail: "", ""trade_path_quality_score=-0.000243 < 0.000000""], ""warnings"": [], ""classification"": ""rejected""}"
(*)|(loc_dist_ema20_atr_ts_top80==1)|(reg_atr_change_rate_ts_top20==1),*,loc_dist_ema20_atr_ts_top80==1,reg_atr_change_rate_ts_top20==1,0.2665243595838547,0.2665243595838547,0.014392759721585229,0.16068062682946524,0.2011604938271605,0.020753552774190373,1.0,1.0,0.5100354191263282,2367,,,-0.0034070444633588367,-0.010927802922825126,0.008093189114011096,0.00986383078479242,,0.6666666666666666,0.024074432246446897,1.5002478110726352,1.0,-0.22739045808969996,-0.03165339549561828,10.603053964523998,0.012022279769774517,0.002077506290395876,-0.0002425540239709027,7.190726093349353,0.0004216623373317424,0.0004216623373317424,8.746517884849872e-05,0.2664368944050062,3,1,1,2,2,stage_a_context,,long,2-way,True,,production,0.024074432246446897,-0.03165339549561828,0.03933289545289812,0.41530864197530853,primary_target,0,ranking,rejected,"{""checks"": {""n_folds"": {""value"": 3, ""threshold"": 3, ""passed"": true}, ""presence_freq"": {""value"": 1.0, ""threshold"": 0.75, ""passed"": true}, ""directional_mean_ret"": {""value"": 0.2665243595838547, ""threshold"": 0.0, ""passed"": true}, ""hurdle_excess"": {""value"": 0.2664368944050062, ""threshold"": 0.0, ""passed"": true}, ""min_support_actual"": {""value"": 2367, ""threshold"": 50, ""passed"": true}, ""is_structurally_sound"": {""value"": false, ""passed"": false}, ""trade_path_quality_score"": {""value"": -0.0002425540239709027, ""threshold"": 0.0, ""passed"": false}}, ""failures"": [""structural_soundness_fail: "", ""trade_path_quality_score=-0.000243 < 0.000000""], ""warnings"": [], ""classification"": ""rejected""}"
(*)|(*)|(reg_atr_change_rate_ts_band20_80==1&reg_atr_change_rate_ts_band25_75==1&reg_atr_change_rate_ts_band40_60==0&reg_atr_change_rate_ts_bot70==1&reg_atr_change_rate_ts_top40==0&reg_ema20_gt_ema50_raw==0),*,*,reg_atr_change_rate_ts_band20_80==1&reg_atr_change_rate_ts_band25_75==1&reg_atr_change_rate_ts_band40_60==0&reg_atr_change_rate_ts_bot70==1&reg_atr_change_rate_ts_top40==0&reg_ema20_gt_ema50_raw==0,0.26501984397570294,0.26501984397570294,0.016082655673223274,0.16341406603654227,0.1441975308641975,0.007709953147322784,1.0,1.0,0.519163763066202,1843,,,-0.012663314107807555,-0.021685647709270853,-0.011259516477215853,-0.0029390816910484065,,0.3333333333333333,-0.006283051555668977,-1.3739786453865488,0.6666666666666666,-0.15356925892000436,-0.06380975394147602,-3.929892891011912,0.001508515035469146,0.00017778801852805237,-0.001181128553110111,7.311772820943753,0.00015289382539836842,0.00015289382539836842,9.016584533607683e-05,0.2649296781303669,3,1,1,6,6,stage_a_context,,long,6-way,True,,production,-0.006283051555668977,-0.06380975394147602,0.023915519758539523,1.0,primary_target,0,ranking,rejected,"{""checks"": {""n_folds"": {""value"": 3, ""threshold"": 3, ""passed"": true}, ""presence_freq"": {""value"": 1.0, ""threshold"": 0.75, ""passed"": true}, ""directional_mean_ret"": {""value"": 0.26501984397570294, ""threshold"": 0.0, ""passed"": true}, ""hurdle_excess"": {""value"": 0.2649296781303669, ""threshold"": 0.0, ""passed"": true}, ""min_support_actual"": {""value"": 1843, ""threshold"": 50, ""passed"": true}, ""is_structurally_sound"": {""value"": false, ""passed"": false}, ""trade_path_quality_score"": {""value"": -0.001181128553110111, ""threshold"": 0.0, ""passed"": false}}, ""failures"": [""structural_soundness_fail: "", ""trade_path_quality_score=-0.001181 < 0.000000""], ""warnings"": [], ""classification"": ""rejected""}"
(*)|(*)|(reg_atr_change_rate_ts_band20_80==1&reg_atr_change_rate_ts_band25_75==1&reg_atr_change_rate_ts_band40_60==0&reg_atr_change_rate_ts_top40==0&reg_atr_change_rate_ts_top70==0&reg_ema20_gt_ema50_raw==0),*,*,reg_atr_change_rate_ts_band20_80==1&reg_atr_change_rate_ts_band25_75==1&reg_atr_change_rate_ts_band40_60==0&reg_atr_change_rate_ts_top40==0&reg_atr_change_rate_ts_top70==0&reg_ema20_gt_ema50_raw==0,0.26501984397570294,0.26501984397570294,0.016082655673223274,0.16341406603654227,0.1441975308641975,0.007709953147322784,1.0,1.0,0.519163763066202,1843,,,-0.012663314107807555,-0.021685647709270853,-0.011259516477215853,-0.0029390816910484065,,0.3333333333333333,-0.006283051555668977,-1.3739786453865488,0.6666666666666666,-0.15356925892000436,-0.06380975394147602,-3.929892891011912,0.001508515035469146,0.00017778801852805237,-0.001181128553110111,7.311772820943753,0.00015289382539836842,0.00015289382539836842,9.016584533607683e-05,0.2649296781303669,3,2,2,6,6,stage_a_context,,long,6-way,True,,production,-0.006283051555668977,-0.06380975394147602,0.023915519758539523,1.0,primary_target,0,ranking,rejected,"{""checks"": {""n_folds"": {""value"": 3, ""threshold"": 3, ""passed"": true}, ""presence_freq"": {""value"": 1.0, ""threshold"": 0.75, ""passed"": true}, ""directional_mean_ret"": {""value"": 0.26501984397570294, ""threshold"": 0.0, ""passed"": true}, ""hurdle_excess"": {""value"": 0.2649296781303669, ""threshold"": 0.0, ""passed"": true}, ""min_support_actual"": {""value"": 1843, ""threshold"": 50, ""passed"": true}, ""is_structurally_sound"": {""value"": false, ""passed"": false}, ""trade_path_quality_score"": {""value"": -0.001181128553110111, ""threshold"": 0.0, ""passed"": false}}, ""failures"": [""structural_soundness_fail: "", ""trade_path_quality_score=-0.001181 < 0.000000""], ""warnings"": [], ""classification"": ""rejected""}"
(*)|(*)|(reg_atr_change_rate_ts_band20_80==1&reg_atr_change_rate_ts_band25_75==1&reg_atr_change_rate_ts_band40_60==0&reg_atr_change_rate_ts_top40==0&reg_atr_change_rate_ts_top70==0&reg_ema50_gt_ema200_raw==0),*,*,reg_atr_change_rate_ts_band20_80==1&reg_atr_change_rate_ts_band25_75==1&reg_atr_change_rate_ts_band40_60==0&reg_atr_change_rate_ts_top40==0&reg_atr_change_rate_ts_top70==0&reg_ema50_gt_ema200_raw==0,0.26501984397570294,0.26501984397570294,0.016082655673223274,0.16341406603654227,0.1441975308641975,0.007709953147322784,1.0,1.0,0.519163763066202,1843,,,-0.012663314107807555,-0.021685647709270853,-0.011259516477215853,-0.0029390816910484065,,0.3333333333333333,-0.006283051555668977,-1.3739786453865488,0.6666666666666666,-0.15356925892000436,-0.06380975394147602,-3.929892891011912,0.001508515035469146,0.00017778801852805237,-0.001181128553110111,7.311772820943753,0.00015289382539836842,0.00015289382539836842,9.016584533607683e-05,0.2649296781303669,3,1,1,6,6,stage_a_context,,long,6-way,True,,production,-0.006283051555668977,-0.06380975394147602,0.023915519758539523,1.0,primary_target,0,ranking,rejected,"{""checks"": {""n_folds"": {""value"": 3, ""threshold"": 3, ""passed"": true}, ""presence_freq"": {""value"": 1.0, ""threshold"": 0.75, ""passed"": true}, ""directional_mean_ret"": {""value"": 0.26501984397570294, ""threshold"": 0.0, ""passed"": true}, ""hurdle_excess"": {""value"": 0.2649296781303669, ""threshold"": 0.0, ""passed"": true}, ""min_support_actual"": {""value"": 1843, ""threshold"": 50, ""passed"": true}, ""is_structurally_sound"": {""value"": false, ""passed"": false}, ""trade_path_quality_score"": {""value"": -0.001181128553110111, ""threshold"": 0.0, ""passed"": false}}, ""failures"": [""structural_soundness_fail: "", ""trade_path_quality_score=-0.001181 < 0.000000""], ""warnings"": [], ""classification"": ""rejected""}"
(*)|(*)|(reg_atr_change_rate_ts_band20_80==1&reg_atr_change_rate_ts_band25_75==1&reg_atr_change_rate_ts_top40==0&reg_atr_change_rate_ts_top50==0&reg_atr_change_rate_ts_top70==0&reg_ema20_gt_ema50_raw==0),*,*,reg_atr_change_rate_ts_band20_80==1&reg_atr_change_rate_ts_band25_75==1&reg_atr_change_rate_ts_top40==0&reg_atr_change_rate_ts_top50==0&reg_atr_change_rate_ts_top70==0&reg_ema20_gt_ema50_raw==0,0.26501984397570294,0.26501984397570294,0.016082655673223274,0.16341406603654227,0.1441975308641975,0.007709953147322784,1.0,1.0,0.519163763066202,1843,,,-0.012663314107807555,-0.021685647709270853,-0.011259516477215853,-0.0029390816910484065,,0.3333333333333333,-0.006283051555668977,-1.3739786453865488,0.6666666666666666,-0.15356925892000436,-0.06380975394147602,-3.929892891011912,0.001508515035469146,0.00017778801852805237,-0.001181128553110111,7.311772820943753,0.00015289382539836842,0.00015289382539836842,9.016584533607683e-05,0.2649296781303669,3,1,1,6,6,stage_a_context,,long,6-way,True,,production,-0.006283051555668977,-0.06380975394147602,0.023915519758539523,1.0,primary_target,0,ranking,rejected,"{""checks"": {""n_folds"": {""value"": 3, ""threshold"": 3, ""passed"": true}, ""presence_freq"": {""value"": 1.0, ""threshold"": 0.75, ""passed"": true}, ""directional_mean_ret"": {""value"": 0.26501984397570294, ""threshold"": 0.0, ""passed"": true}, ""hurdle_excess"": {""value"": 0.2649296781303669, ""threshold"": 0.0, ""passed"": true}, ""min_support_actual"": {""value"": 1843, ""threshold"": 50, ""passed"": true}, ""is_structurally_sound"": {""value"": false, ""passed"": false}, ""trade_path_quality_score"": {""value"": -0.001181128553110111, ""threshold"": 0.0, ""passed"": false}}, ""failures"": [""structural_soundness_fail: "", ""trade_path_quality_score=-0.001181 < 0.000000""], ""warnings"": [], ""classification"": ""rejected""}"
(*)|(loc_dist_ema20_atr_ts_band20_80==1&loc_dist_ema20_atr_ts_top40==0)|(reg_atr_change_rate_ts_band25_75==1&reg_atr_change_rate_ts_band40_60==0&reg_atr_change_rate_ts_top70==0&reg_ema50_gt_ema200_raw==0),*,loc_dist_ema20_atr_ts_band20_80==1&loc_dist_ema20_atr_ts_top40==0,reg_atr_change_rate_ts_band25_75==1&reg_atr_change_rate_ts_band40_60==0&reg_atr_change_rate_ts_top70==0&reg_ema50_gt_ema200_raw==0,0.26501984397570294,0.26501984397570294,0.016082655673223274,0.16341406603654227,0.1441975308641975,0.007709953147322784,1.0,1.0,0.519163763066202,1843,,,-0.012663314107807555,-0.021685647709270853,-0.011259516477215853,-0.0029390816910484065,,0.3333333333333333,-0.006283051555668977,-1.3739786453865488,0.6666666666666666,-0.15356925892000436,-0.06380975394147602,-3.929892891011912,0.001508515035469146,0.00017778801852805237,-0.001181128553110111,7.311772820943753,0.00015289382539836842,0.00015289382539836842,9.016584533607683e-05,0.2649296781303669,3,1,1,6,6,stage_a_context,,long,6-way,True,,production,-0.006283051555668977,-0.06380975394147602,0.023915519758539523,1.0,primary_target,0,ranking,rejected,"{""checks"": {""n_folds"": {""value"": 3, ""threshold"": 3, ""passed"": true}, ""presence_freq"": {""value"": 1.0, ""threshold"": 0.75, ""passed"": true}, ""directional_mean_ret"": {""value"": 0.26501984397570294, ""threshold"": 0.0, ""passed"": true}, ""hurdle_excess"": {""value"": 0.2649296781303669, ""threshold"": 0.0, ""passed"": true}, ""min_support_actual"": {""value"": 1843, ""threshold"": 50, ""passed"": true}, ""is_structurally_sound"": {""value"": false, ""passed"": false}, ""trade_path_quality_score"": {""value"": -0.001181128553110111, ""threshold"": 0.0, ""passed"": false}}, ""failures"": [""structural_soundness_fail: "", ""trade_path_quality_score=-0.001181 < 0.000000""], ""warnings"": [], ""classification"": ""rejected""}"
(*)|(loc_dist_ema20_atr_ts_band25_75==1&loc_dist_ema20_atr_ts_bot40==1&loc_dist_ema20_atr_ts_top70==0)|(reg_atr_change_rate_ts_band20_80==1&reg_atr_change_rate_ts_band40_60==0&reg_ema50_gt_ema200_raw==0),*,loc_dist_ema20_atr_ts_band25_75==1&loc_dist_ema20_atr_ts_bot40==1&loc_dist_ema20_atr_ts_top70==0,reg_atr_change_rate_ts_band20_80==1&reg_atr_change_rate_ts_band40_60==0&reg_ema50_gt_ema200_raw==0,0.26501984397570294,0.26501984397570294,0.016082655673223274,0.16341406603654227,0.1441975308641975,0.007709953147322784,1.0,1.0,0.519163763066202,1843,,,-0.012663314107807555,-0.021685647709270853,-0.011259516477215853,-0.0029390816910484065,,0.3333333333333333,-0.006283051555668977,-1.3739786453865488,0.6666666666666666,-0.15356925892000436,-0.06380975394147602,-3.929892891011912,0.001508515035469146,0.00017778801852805237,-0.001181128553110111,7.311772820943753,0.00015289382539836842,0.00015289382539836842,9.016584533607683e-05,0.2649296781303669,3,1,1,6,6,stage_a_context,,long,6-way,True,,production,-0.006283051555668977,-0.06380975394147602,0.023915519758539523,1.0,primary_target,0,ranking,rejected,"{""checks"": {""n_folds"": {""value"": 3, ""threshold"": 3, ""passed"": true}, ""presence_freq"": {""value"": 1.0, ""threshold"": 0.75, ""passed"": true}, ""directional_mean_ret"": {""value"": 0.26501984397570294, ""threshold"": 0.0, ""passed"": true}, ""hurdle_excess"": {""value"": 0.2649296781303669, ""threshold"": 0.0, ""passed"": true}, ""min_support_actual"": {""value"": 1843, ""threshold"": 50, ""passed"": true}, ""is_structurally_sound"": {""value"": false, ""passed"": false}, ""trade_path_quality_score"": {""value"": -0.001181128553110111, ""threshold"": 0.0, ""passed"": false}}, ""failures"": [""structural_soundness_fail: "", ""trade_path_quality_score=-0.001181 < 0.000000""], ""warnings"": [], ""classification"": ""rejected""}"
(*)|(loc_dist_ema20_atr_ts_band25_75==1&loc_dist_ema20_atr_ts_bot40==1&loc_dist_ema20_atr_ts_top70==0)|(reg_atr_change_rate_ts_band20_80==1&reg_atr_change_rate_ts_bot50==1&reg_ema50_gt_ema200_raw==0),*,loc_dist_ema20_atr_ts_band25_75==1&loc_dist_ema20_atr_ts_bot40==1&loc_dist_ema20_atr_ts_top70==0,reg_atr_change_rate_ts_band20_80==1&reg_atr_change_rate_ts_bot50==1&reg_ema50_gt_ema200_raw==0,0.26501984397570294,0.26501984397570294,0.016082655673223274,0.16341406603654227,0.1441975308641975,0.007709953147322784,1.0,1.0,0.519163763066202,1843,,,-0.012663314107807555,-0.021685647709270853,-0.011259516477215853,-0.0029390816910484065,,0.3333333333333333,-0.006283051555668977,-1.3739786453865488,0.6666666666666666,-0.15356925892000436,-0.06380975394147602,-3.929892891011912,0.001508515035469146,0.00017778801852805237,-0.001181128553110111,7.311772820943753,0.00015289382539836842,0.00015289382539836842,9.016584533607683e-05,0.2649296781303669,3,1,1,6,6,stage_a_context,,long,6-way,True,,production,-0.006283051555668977,-0.06380975394147602,0.023915519758539523,1.0,primary_target,0,ranking,rejected,"{""checks"": {""n_folds"": {""value"": 3, ""threshold"": 3, ""passed"": true}, ""presence_freq"": {""value"": 1.0, ""threshold"": 0.75, ""passed"": true}, ""directional_mean_ret"": {""value"": 0.26501984397570294, ""threshold"": 0.0, ""passed"": true}, ""hurdle_excess"": {""value"": 0.2649296781303669, ""threshold"": 0.0, ""passed"": true}, ""min_support_actual"": {""value"": 1843, ""threshold"": 50, ""passed"": true}, ""is_structurally_sound"": {""value"": false, ""passed"": false}, ""trade_path_quality_score"": {""value"": -0.001181128553110111, ""threshold"": 0.0, ""passed"": false}}, ""failures"": [""structural_soundness_fail: "", ""trade_path_quality_score=-0.001181 < 0.000000""], ""warnings"": [], ""classification"": ""rejected""}"
(*)|(loc_dist_ema20_atr_ts_band25_75==1)|(reg_atr_change_rate_ts_band20_80==1&reg_atr_change_rate_ts_band40_60==0&reg_atr_change_rate_ts_top40==0&reg_atr_change_rate_ts_top70==0&reg_ema50_gt_ema200_raw==0),*,loc_dist_ema20_atr_ts_band25_75==1,reg_atr_change_rate_ts_band20_80==1&reg_atr_change_rate_ts_band40_60==0&reg_atr_change_rate_ts_top40==0&reg_atr_change_rate_ts_top70==0&reg_ema50_gt_ema200_raw==0,0.26501984397570294,0.26501984397570294,0.016082655673223274,0.16341406603654227,0.1441975308641975,0.007709953147322784,1.0,1.0,0.519163763066202,1843,,,-0.012663314107807555,-0.021685647709270853,-0.011259516477215853,-0.0029390816910484065,,0.3333333333333333,-0.006283051555668977,-1.3739786453865488,0.6666666666666666,-0.15356925892000436,-0.06380975394147602,-3.929892891011912,0.001508515035469146,0.00017778801852805237,-0.001181128553110111,7.311772820943753,0.00015289382539836842,0.00015289382539836842,9.016584533607683e-05,0.2649296781303669,3,1,1,6,6,stage_a_context,,long,6-way,True,,production,-0.006283051555668977,-0.06380975394147602,0.023915519758539523,1.0,primary_target,0,ranking,rejected,"{""checks"": {""n_folds"": {""value"": 3, ""threshold"": 3, ""passed"": true}, ""presence_freq"": {""value"": 1.0, ""threshold"": 0.75, ""passed"": true}, ""directional_mean_ret"": {""value"": 0.26501984397570294, ""threshold"": 0.0, ""passed"": true}, ""hurdle_excess"": {""value"": 0.2649296781303669, ""threshold"": 0.0, ""passed"": true}, ""min_support_actual"": {""value"": 1843, ""threshold"": 50, ""passed"": true}, ""is_structurally_sound"": {""value"": false, ""passed"": false}, ""trade_path_quality_score"": {""value"": -0.001181128553110111, ""threshold"": 0.0, ""passed"": false}}, ""failures"": [""structural_soundness_fail: "", ""trade_path_quality_score=-0.001181 < 0.000000""], ""warnings"": [], ""classification"": ""rejected""}"
(*)|(loc_dist_ema20_atr_ts_top40==0&loc_dist_ema20_atr_ts_top70==0)|(reg_atr_change_rate_ts_band20_80==1&reg_atr_change_rate_ts_band25_75==1&reg_atr_change_rate_ts_band40_60==0&reg_ema20_gt_ema50_raw==0),*,loc_dist_ema20_atr_ts_top40==0&loc_dist_ema20_atr_ts_top70==0,reg_atr_change_rate_ts_band20_80==1&reg_atr_change_rate_ts_band25_75==1&reg_atr_change_rate_ts_band40_60==0&reg_ema20_gt_ema50_raw==0,0.26501984397570294,0.26501984397570294,0.016082655673223274,0.16341406603654227,0.1441975308641975,0.007709953147322784,1.0,1.0,0.519163763066202,1843,,,-0.012663314107807555,-0.021685647709270853,-0.011259516477215853,-0.0029390816910484065,,0.3333333333333333,-0.006283051555668977,-1.3739786453865488,0.6666666666666666,-0.15356925892000436,-0.06380975394147602,-3.929892891011912,0.001508515035469146,0.00017778801852805237,-0.001181128553110111,7.311772820943753,0.00015289382539836842,0.00015289382539836842,9.016584533607683e-05,0.2649296781303669,3,1,1,6,6,stage_a_context,,long,6-way,True,,production,-0.006283051555668977,-0.06380975394147602,0.023915519758539523,1.0,primary_target,0,ranking,rejected,"{""checks"": {""n_folds"": {""value"": 3, ""threshold"": 3, ""passed"": true}, ""presence_freq"": {""value"": 1.0, ""threshold"": 0.75, ""passed"": true}, ""directional_mean_ret"": {""value"": 0.26501984397570294, ""threshold"": 0.0, ""passed"": true}, ""hurdle_excess"": {""value"": 0.2649296781303669, ""threshold"": 0.0, ""passed"": true}, ""min_support_actual"": {""value"": 1843, ""threshold"": 50, ""passed"": true}, ""is_structurally_sound"": {""value"": false, ""passed"": false}, ""trade_path_quality_score"": {""value"": -0.001181128553110111, ""threshold"": 0.0, ""passed"": false}}, ""failures"": [""structural_soundness_fail: "", ""trade_path_quality_score=-0.001181 < 0.000000""], ""warnings"": [], ""classification"": ""rejected""}"
(*)|(loc_dist_ema20_atr_ts_top70==0)|(reg_atr_change_rate_ts_band20_80==1&reg_atr_change_rate_ts_band25_75==1&reg_atr_change_rate_ts_band40_60==0&reg_atr_change_rate_ts_top40==0&reg_ema20_gt_ema50_raw==0),*,loc_dist_ema20_atr_ts_top70==0,reg_atr_change_rate_ts_band20_80==1&reg_atr_change_rate_ts_band25_75==1&reg_atr_change_rate_ts_band40_60==0&reg_atr_change_rate_ts_top40==0&reg_ema20_gt_ema50_raw==0,0.26501984397570294,0.26501984397570294,0.016082655673223274,0.16341406603654227,0.1441975308641975,0.007709953147322784,1.0,1.0,0.519163763066202,1843,,,-0.012663314107807555,-0.021685647709270853,-0.011259516477215853,-0.0029390816910484065,,0.3333333333333333,-0.006283051555668977,-1.3739786453865488,0.6666666666666666,-0.15356925892000436,-0.06380975394147602,-3.929892891011912,0.001508515035469146,0.00017778801852805237,-0.001181128553110111,7.311772820943753,0.00015289382539836842,0.00015289382539836842,9.016584533607683e-05,0.2649296781303669,3,2,2,6,6,stage_a_context,,long,6-way,True,,production,-0.006283051555668977,-0.06380975394147602,0.023915519758539523,1.0,primary_target,0,ranking,rejected,"{""checks"": {""n_folds"": {""value"": 3, ""threshold"": 3, ""passed"": true}, ""presence_freq"": {""value"": 1.0, ""threshold"": 0.75, ""passed"": true}, ""directional_mean_ret"": {""value"": 0.26501984397570294, ""threshold"": 0.0, ""passed"": true}, ""hurdle_excess"": {""value"": 0.2649296781303669, ""threshold"": 0.0, ""passed"": true}, ""min_support_actual"": {""value"": 1843, ""threshold"": 50, ""passed"": true}, ""is_structurally_sound"": {""value"": false, ""passed"": false}, ""trade_path_quality_score"": {""value"": -0.001181128553110111, ""threshold"": 0.0, ""passed"": false}}, ""failures"": [""structural_soundness_fail: "", ""trade_path_quality_score=-0.001181 < 0.000000""], ""warnings"": [], ""classification"": ""rejected""}"
(*)|(loc_dist_ema20_atr_ts_top70==0)|(reg_atr_change_rate_ts_band25_75==1&reg_atr_change_rate_ts_top40==0&reg_atr_change_rate_ts_top50==0&reg_atr_change_rate_ts_top60==0&reg_ema50_gt_ema200_raw==0),*,loc_dist_ema20_atr_ts_top70==0,reg_atr_change_rate_ts_band25_75==1&reg_atr_change_rate_ts_top40==0&reg_atr_change_rate_ts_top50==0&reg_atr_change_rate_ts_top60==0&reg_ema50_gt_ema200_raw==0,0.26501984397570294,0.26501984397570294,0.016082655673223274,0.16341406603654227,0.1441975308641975,0.007709953147322784,1.0,1.0,0.519163763066202,1843,,,-0.012663314107807555,-0.021685647709270853,-0.011259516477215853,-0.0029390816910484065,,0.3333333333333333,-0.006283051555668977,-1.3739786453865488,0.6666666666666666,-0.15356925892000436,-0.06380975394147602,-3.929892891011912,0.001508515035469146,0.00017778801852805237,-0.001181128553110111,7.311772820943753,0.00015289382539836842,0.00015289382539836842,9.016584533607683e-05,0.2649296781303669,3,1,1,6,6,stage_a_context,,long,6-way,True,,production,-0.006283051555668977,-0.06380975394147602,0.023915519758539523,1.0,primary_target,0,ranking,rejected,"{""checks"": {""n_folds"": {""value"": 3, ""threshold"": 3, ""passed"": true}, ""presence_freq"": {""value"": 1.0, ""threshold"": 0.75, ""passed"": true}, ""directional_mean_ret"": {""value"": 0.26501984397570294, ""threshold"": 0.0, ""passed"": true}, ""hurdle_excess"": {""value"": 0.2649296781303669, ""threshold"": 0.0, ""passed"": true}, ""min_support_actual"": {""value"": 1843, ""threshold"": 50, ""passed"": true}, ""is_structurally_sound"": {""value"": false, ""passed"": false}, ""trade_path_quality_score"": {""value"": -0.001181128553110111, ""threshold"": 0.0, ""passed"": false}}, ""failures"": [""structural_soundness_fail: "", ""trade_path_quality_score=-0.001181 < 0.000000""], ""warnings"": [], ""classification"": ""rejected""}"
(*)|(*)|(reg_atr_change_rate_ts_band20_80==1&reg_atr_change_rate_ts_band25_75==0&reg_atr_change_rate_ts_band30_70==0&reg_atr_change_rate_ts_top30==0&reg_ema50_gt_ema200_raw==0),*,*,reg_atr_change_rate_ts_band20_80==1&reg_atr_change_rate_ts_band25_75==0&reg_atr_change_rate_ts_band30_70==0&reg_atr_change_rate_ts_top30==0&reg_ema50_gt_ema200_raw==0,0.27054087320963544,0.27054087320963544,0.012278289141472701,0.16378221909205118,0.04960493827160494,0.004345117808880777,1.0,1.0,0.5057339449541285,605,,,0.002861891697550221,-0.006380393648339745,-0.0024075316486659136,0.009469465370332119,,0.3333333333333333,,,,0.1987676516036483,,-0.36362139917695474,0.020383762835352315,0.26265694039971793,-0.0004560876536372875,6.6443927126481155,-inf,-inf,9.511597379972566e-05,0.2704457572358357,3,1,1,5,5,stage_a_context,,long,5-way,True,,production,,,0.02247996595339467,-inf,primary_target,0,ranking,rejected,"{""checks"": {""n_folds"": {""value"": 3, ""threshold"": 3, ""passed"": true}, ""presence_freq"": {""value"": 1.0, ""threshold"": 0.75, ""passed"": true}, ""directional_mean_ret"": {""value"": 0.27054087320963544, ""threshold"": 0.0, ""passed"": true}, ""hurdle_excess"": {""value"": 0.2704457572358357, ""threshold"": 0.0, ""passed"": true}, ""min_support_actual"": {""value"": 605, ""threshold"": 50, ""passed"": true}, ""is_structurally_sound"": {""value"": false, ""passed"": false}, ""trade_path_quality_score"": {""value"": -0.0004560876536372875, ""threshold"": 0.0, ""passed"": false}}, ""failures"": [""structural_soundness_fail: "", ""trade_path_quality_score=-0.000456 < 0.000000""], ""warnings"": [], ""classification"": ""rejected""}"
(*)|(*)|(reg_atr_change_rate_ts_band20_80==1&reg_atr_change_rate_ts_band25_75==0&reg_atr_change_rate_ts_band30_70==0&reg_atr_change_rate_ts_top30==1&reg_ema50_gt_ema200_raw==0),*,*,reg_atr_change_rate_ts_band20_80==1&reg_atr_change_rate_ts_band25_75==0&reg_atr_change_rate_ts_band30_70==0&reg_atr_change_rate_ts_top30==1&reg_ema50_gt_ema200_raw==0,0.1516115963459015,0.1516115963459015,0.0070127397775650024,0.10538330301642418,0.006790123456790124,0.001665523155954573,1.0,1.0,0.7560975609756098,65,,,-0.03166845938178916,-0.03695334622673886,-0.03166845938178916,-0.026383572536839463,,0.0,,,,-0.2033515037631621,,,,0.03623904116624627,5.224838291176923e-06,4.089630300771053,-inf,-inf,0.00010257621742112485,0.15150902012848036,3,1,1,5,5,stage_a_context,,long,5-way,True,,production,,,,-inf,primary_target,0,ranking,research,"{""checks"": {""n_folds"": {""value"": 3, ""threshold"": 3, ""passed"": true}, ""presence_freq"": {""value"": 1.0, ""threshold"": 0.75, ""passed"": true}, ""directional_mean_ret"": {""value"": 0.1516115963459015, ""threshold"": 0.0, ""passed"": true}, ""hurdle_excess"": {""value"": 0.15150902012848036, ""threshold"": 0.0, ""passed"": true}, ""min_support_actual"": {""value"": 65, ""threshold"": 50, ""passed"": true}, ""is_structurally_sound"": {""value"": false, ""passed"": false}, ""trade_path_quality_score"": {""value"": 5.224838291176923e-06, ""threshold"": 0.0, ""passed"": true}}, ""failures"": [""structural_soundness_fail: ""], ""warnings"": [], ""classification"": ""research""}"
(*)|(*)|(reg_atr_change_rate_ts_band20_80==1&reg_atr_change_rate_ts_band25_75==0&reg_atr_change_rate_ts_band30_70==0&reg_ema50_gt_ema200_raw==1),*,*,reg_atr_change_rate_ts_band20_80==1&reg_atr_change_rate_ts_band25_75==0&reg_atr_change_rate_ts_band30_70==0&reg_ema50_gt_ema200_raw==1,0.26404133935769397,0.26404133935769397,0.014723705940058052,0.15525070329507193,0.04451851851851851,0.0022402560438940767,1.0,1.0,0.5185589519650655,559,,,-0.0026374332935522548,-0.0068323131352377815,0.005480278836852798,0.0056163026133358,,0.6666666666666666,,,,-0.25636893433395286,,0.08382344312482959,0.07747584647905553,0.030074388428036943,-0.0009634529765609587,7.246707358410672,-inf,-inf,9.582954197530866e-05,0.2639455098157187,3,1,1,4,4,stage_a_context,,long,4-way,True,,production,,,0.07316216014669578,-inf,primary_target,0,ranking,rejected,"{""checks"": {""n_folds"": {""value"": 3, ""threshold"": 3, ""passed"": true}, ""presence_freq"": {""value"": 1.0, ""threshold"": 0.75, ""passed"": true}, ""directional_mean_ret"": {""value"": 0.26404133935769397, ""threshold"": 0.0, ""passed"": true}, ""hurdle_excess"": {""value"": 0.2639455098157187, ""threshold"": 0.0, ""passed"": true}, ""min_support_actual"": {""value"": 559, ""threshold"": 50, ""passed"": true}, ""is_structurally_sound"": {""value"": false, ""passed"": false}, ""trade_path_quality_score"": {""value"": -0.0009634529765609587, ""threshold"": 0.0, ""passed"": false}}, ""failures"": [""structural_soundness_fail: "", ""trade_path_quality_score=-0.000963 < 0.000000""], ""warnings"": [], ""classification"": ""rejected""}"
(*)|(*)|(reg_atr_change_rate_ts_band20_80==1&reg_atr_change_rate_ts_band25_75==0&reg_atr_change_rate_ts_band40_60==0&reg_atr_change_rate_ts_bot70==0&reg_atr_change_rate_ts_top40==1&reg_ema50_gt_ema200_raw==0),*,*,reg_atr_change_rate_ts_band20_80==1&reg_atr_change_rate_ts_band25_75==0&reg_atr_change_rate_ts_band40_60==0&reg_atr_change_rate_ts_bot70==0&reg_atr_change_rate_ts_top40==1&reg_ema50_gt_ema200_raw==0,0.1516115963459015,0.1516115963459015,0.0070127397775650024,0.10538330301642418,0.006790123456790124,0.001665523155954573,1.0,1.0,0.7560975609756098,65,,,-0.03166845938178916,-0.03695334622673886,-0.03166845938178916,-0.026383572536839463,,0.0,,,,-0.2033515037631621,,,,0.03623904116624627,5.224838291176923e-06,4.089630300771053,-inf,-inf,0.00010257621742112485,0.15150902012848036,3,1,1,6,6,stage_a_context,,long,6-way,True,,production,,,,-inf,primary_target,0,ranking,research,"{""checks"": {""n_folds"": {""value"": 3, ""threshold"": 3, ""passed"": true}, ""presence_freq"": {""value"": 1.0, ""threshold"": 0.75, ""passed"": true}, ""directional_mean_ret"": {""value"": 0.1516115963459015, ""threshold"": 0.0, ""passed"": true}, ""hurdle_excess"": {""value"": 0.15150902012848036, ""threshold"": 0.0, ""passed"": true}, ""min_support_actual"": {""value"": 65, ""threshold"": 50, ""passed"": true}, ""is_structurally_sound"": {""value"": false, ""passed"": false}, ""trade_path_quality_score"": {""value"": 5.224838291176923e-06, ""threshold"": 0.0, ""passed"": true}}, ""failures"": [""structural_soundness_fail: ""], ""warnings"": [], ""classification"": ""research""}"
(*)|(*)|(reg_atr_change_rate_ts_band20_80==1&reg_atr_change_rate_ts_band25_75==0&reg_atr_change_rate_ts_band40_60==0&reg_atr_change_rate_ts_bot70==0&reg_atr_change_rate_ts_top40==1&reg_ema50_gt_ema200_raw==1),*,*,reg_atr_change_rate_ts_band20_80==1&reg_atr_change_rate_ts_band25_75==0&reg_atr_change_rate_ts_band40_60==0&reg_atr_change_rate_ts_bot70==0&reg_atr_change_rate_ts_top40==1&reg_ema50_gt_ema200_raw==1,0.26404133935769397,0.26404133935769397,0.014723705940058052,0.15525070329507193,0.04451851851851851,0.0022402560438940767,1.0,1.0,0.5185589519650655,559,,,-0.0026374332935522548,-0.0068323131352377815,0.005480278836852798,0.0056163026133358,,0.6666666666666666,,,,-0.25636893433395286,,0.08382344312482959,0.07747584647905553,0.030074388428036943,-0.0009634529765609587,7.246707358410672,-inf,-inf,9.582954197530866e-05,0.2639455098157187,3,1,1,6,6,stage_a_context,,long,6-way,True,,production,,,0.07316216014669578,-inf,primary_target,0,ranking,rejected,"{""checks"": {""n_folds"": {""value"": 3, ""threshold"": 3, ""passed"": true}, ""presence_freq"": {""value"": 1.0, ""threshold"": 0.75, ""passed"": true}, ""directional_mean_ret"": {""value"": 0.26404133935769397, ""threshold"": 0.0, ""passed"": true}, ""hurdle_excess"": {""value"": 0.2639455098157187, ""threshold"": 0.0, ""passed"": true}, ""min_support_actual"": {""value"": 559, ""threshold"": 50, ""passed"": true}, ""is_structurally_sound"": {""value"": false, ""passed"": false}, ""trade_path_quality_score"": {""value"": -0.0009634529765609587, ""threshold"": 0.0, ""passed"": false}}, ""failures"": [""structural_soundness_fail: "", ""trade_path_quality_score=-0.000963 < 0.000000""], ""warnings"": [], ""classification"": ""rejected""}"
(*)|(*)|(reg_atr_change_rate_ts_band20_80==1&reg_atr_change_rate_ts_band25_75==0&reg_atr_change_rate_ts_band40_60==0&reg_atr_change_rate_ts_bot70==0&reg_ema20_gt_ema50_raw==0),*,*,reg_atr_change_rate_ts_band20_80==1&reg_atr_change_rate_ts_band25_75==0&reg_atr_change_rate_ts_band40_60==0&reg_atr_change_rate_ts_bot70==0&reg_ema20_gt_ema50_raw==0,0.1516115963459015,0.1516115963459015,0.0070127397775650024,0.10538330301642418,0.006790123456790124,0.001665523155954573,1.0,1.0,0.7560975609756098,65,,,-0.03166845938178916,-0.03695334622673886,-0.03166845938178916,-0.026383572536839463,,0.0,,,,-0.2033515037631621,,,,0.03623904116624627,5.224838291176923e-06,4.089630300771053,-inf,-inf,0.00010257621742112485,0.15150902012848036,3,1,1,5,5,stage_a_context,,long,5-way,True,,production,,,,-inf,primary_target,0,ranking,research,"{""checks"": {""n_folds"": {""value"": 3, ""threshold"": 3, ""passed"": true}, ""presence_freq"": {""value"": 1.0, ""threshold"": 0.75, ""passed"": true}, ""directional_mean_ret"": {""value"": 0.1516115963459015, ""threshold"": 0.0, ""passed"": true}, ""hurdle_excess"": {""value"": 0.15150902012848036, ""threshold"": 0.0, ""passed"": true}, ""min_support_actual"": {""value"": 65, ""threshold"": 50, ""passed"": true}, ""is_structurally_sound"": {""value"": false, ""passed"": false}, ""trade_path_quality_score"": {""value"": 5.224838291176923e-06, ""threshold"": 0.0, ""passed"": true}}, ""failures"": [""structural_soundness_fail: ""], ""warnings"": [], ""classification"": ""research""}"
(*)|(*)|(reg_atr_change_rate_ts_band20_80==1&reg_atr_change_rate_ts_band25_75==0&reg_atr_change_rate_ts_band40_60==0&reg_atr_change_rate_ts_bot70==0&reg_ema20_gt_ema50_raw==1),*,*,reg_atr_change_rate_ts_band20_80==1&reg_atr_change_rate_ts_band25_75==0&reg_atr_change_rate_ts_band40_60==0&reg_atr_change_rate_ts_bot70==0&reg_ema20_gt_ema50_raw==1,0.26404133935769397,0.26404133935769397,0.014723705940058052,0.15525070329507193,0.04451851851851851,0.0022402560438940767,1.0,1.0,0.5185589519650655,559,,,-0.0026374332935522548,-0.0068323131352377815,0.005480278836852798,0.0056163026133358,,0.6666666666666666,,,,-0.25636893433395286,,0.08382344312482959,0.07747584647905553,0.030074388428036943,-0.0009634529765609587,7.246707358410672,-inf,-inf,9.582954197530866e-05,0.2639455098157187,3,1,1,5,5,stage_a_context,,long,5-way,True,,production,,,0.07316216014669578,-inf,primary_target,0,ranking,rejected,"{""checks"": {""n_folds"": {""value"": 3, ""threshold"": 3, ""passed"": true}, ""presence_freq"": {""value"": 1.0, ""threshold"": 0.75, ""passed"": true}, ""directional_mean_ret"": {""value"": 0.26404133935769397, ""threshold"": 0.0, ""passed"": true}, ""hurdle_excess"": {""value"": 0.2639455098157187, ""threshold"": 0.0, ""passed"": true}, ""min_support_actual"": {""value"": 559, ""threshold"": 50, ""passed"": true}, ""is_structurally_sound"": {""value"": false, ""passed"": false}, ""trade_path_quality_score"": {""value"": -0.0009634529765609587, ""threshold"": 0.0, ""passed"": false}}, ""failures"": [""structural_soundness_fail: "", ""trade_path_quality_score=-0.000963 < 0.000000""], ""warnings"": [], ""classification"": ""rejected""}"
(*)|(*)|(reg_atr_change_rate_ts_band20_80==1&reg_atr_change_rate_ts_band25_75==0&reg_atr_change_rate_ts_band40_60==0&reg_atr_change_rate_ts_bot70==1&reg_atr_change_rate_ts_top30==0&reg_ema50_gt_ema200_raw==0),*,*,reg_atr_change_rate_ts_band20_80==1&reg_atr_change_rate_ts_band25_75==0&reg_atr_change_rate_ts_band40_60==0&reg_atr_change_rate_ts_bot70==1&reg_atr_change_rate_ts_top30==0&reg_ema50_gt_ema200_raw==0,0.27054087320963544,0.27054087320963544,0.012278289141472701,0.16378221909205118,0.04960493827160494,0.004345117808880777,1.0,1.0,0.5057339449541285,605,,,0.002861891697550221,-0.006380393648339745,-0.0024075316486659136,0.009469465370332119,,0.3333333333333333,,,,0.1987676516036483,,-0.36362139917695474,0.020383762835352315,0.26265694039971793,-0.0004560876536372875,6.6443927126481155,-inf,-inf,9.511597379972566e-05,0.2704457572358357,3,1,1,6,6,stage_a_context,,long,6-way,True,,production,,,0.02247996595339467,-inf,primary_target,0,ranking,rejected,"{""checks"": {""n_folds"": {""value"": 3, ""threshold"": 3, ""passed"": true}, ""presence_freq"": {""value"": 1.0, ""threshold"": 0.75, ""passed"": true}, ""directional_mean_ret"": {""value"": 0.27054087320963544, ""threshold"": 0.0, ""passed"": true}, ""hurdle_excess"": {""value"": 0.2704457572358357, ""threshold"": 0.0, ""passed"": true}, ""min_support_actual"": {""value"": 605, ""threshold"": 50, ""passed"": true}, ""is_structurally_sound"": {""value"": false, ""passed"": false}, ""trade_path_quality_score"": {""value"": -0.0004560876536372875, ""threshold"": 0.0, ""passed"": false}}, ""failures"": [""structural_soundness_fail: "", ""trade_path_quality_score=-0.000456 < 0.000000""], ""warnings"": [], ""classification"": ""rejected""}"
(*)|(*)|(reg_atr_change_rate_ts_band20_80==1&reg_atr_change_rate_ts_band25_75==0&reg_atr_change_rate_ts_band40_60==0&reg_atr_change_rate_ts_bot70==1&reg_ema20_gt_ema50_raw==0),*,*,reg_atr_change_rate_ts_band20_80==1&reg_atr_change_rate_ts_band25_75==0&reg_atr_change_rate_ts_band40_60==0&reg_atr_change_rate_ts_bot70==1&reg_ema20_gt_ema50_raw==0,0.27054087320963544,0.27054087320963544,0.012278289141472701,0.16378221909205118,0.04960493827160494,0.004345117808880777,1.0,1.0,0.5057339449541285,605,,,0.002861891697550221,-0.006380393648339745,-0.0024075316486659136,0.009469465370332119,,0.3333333333333333,,,,0.1987676516036483,,-0.36362139917695474,0.020383762835352315,0.26265694039971793,-0.0004560876536372875,6.6443927126481155,-inf,-inf,9.511597379972566e-05,0.2704457572358357,3,1,1,5,5,stage_a_context,,long,5-way,True,,production,,,0.02247996595339467,-inf,primary_target,0,ranking,rejected,"{""checks"": {""n_folds"": {""value"": 3, ""threshold"": 3, ""passed"": true}, ""presence_freq"": {""value"": 1.0, ""threshold"": 0.75, ""passed"": true}, ""directional_mean_ret"": {""value"": 0.27054087320963544, ""threshold"": 0.0, ""passed"": true}, ""hurdle_excess"": {""value"": 0.2704457572358357, ""threshold"": 0.0, ""passed"": true}, ""min_support_actual"": {""value"": 605, ""threshold"": 50, ""passed"": true}, ""is_structurally_sound"": {""value"": false, ""passed"": false}, ""trade_path_quality_score"": {""value"": -0.0004560876536372875, ""threshold"": 0.0, ""passed"": false}}, ""failures"": [""structural_soundness_fail: "", ""trade_path_quality_score=-0.000456 < 0.000000""], ""warnings"": [], ""classification"": ""rejected""}"
(*)|(*)|(reg_atr_change_rate_ts_band20_80==1&reg_atr_change_rate_ts_band25_75==0&reg_atr_change_rate_ts_band40_60==0&reg_atr_change_rate_ts_top30==0),*,*,reg_atr_change_rate_ts_band20_80==1&reg_atr_change_rate_ts_band25_75==0&reg_atr_change_rate_ts_band40_60==0&reg_atr_change_rate_ts_top30==0,0.27054087320963544,0.27054087320963544,0.012278289141472701,0.16378221909205118,0.04960493827160494,0.004345117808880777,1.0,1.0,0.5057339449541285,605,,,0.002861891697550221,-0.006380393648339745,-0.0024075316486659136,0.009469465370332119,,0.3333333333333333,,,,0.1987676516036483,,-0.36362139917695474,0.020383762835352315,0.26265694039971793,-0.0004560876536372875,6.6443927126481155,-inf,-inf,9.511597379972566e-05,0.2704457572358357,3,1,1,4,4,stage_a_context,,long,4-way,True,,production,,,0.02247996595339467,-inf,primary_target,0,ranking,rejected,"{""checks"": {""n_folds"": {""value"": 3, ""threshold"": 3, ""passed"": true}, ""presence_freq"": {""value"": 1.0, ""threshold"": 0.75, ""passed"": true}, ""directional_mean_ret"": {""value"": 0.27054087320963544, ""threshold"": 0.0, ""passed"": true}, ""hurdle_excess"": {""value"": 0.2704457572358357, ""threshold"": 0.0, ""passed"": true}, ""min_support_actual"": {""value"": 605, ""threshold"": 50, ""passed"": true}, ""is_structurally_sound"": {""value"": false, ""passed"": false}, ""trade_path_quality_score"": {""value"": -0.0004560876536372875, ""threshold"": 0.0, ""passed"": false}}, ""failures"": [""structural_soundness_fail: "", ""trade_path_quality_score=-0.000456 < 0.000000""], ""warnings"": [], ""classification"": ""rejected""}"
(*)|(*)|(reg_atr_change_rate_ts_band20_80==1&reg_atr_change_rate_ts_band25_75==0&reg_atr_change_rate_ts_band40_60==0&reg_atr_change_rate_ts_top30==1&reg_atr_change_rate_ts_top70==1&reg_ema50_gt_ema200_raw==0),*,*,reg_atr_change_rate_ts_band20_80==1&reg_atr_change_rate_ts_band25_75==0&reg_atr_change_rate_ts_band40_60==0&reg_atr_change_rate_ts_top30==1&reg_atr_change_rate_ts_top70==1&reg_ema50_gt_ema200_raw==0,0.1516115963459015,0.1516115963459015,0.0070127397775650024,0.10538330301642418,0.006790123456790124,0.001665523155954573,1.0,1.0,0.7560975609756098,65,,,-0.03166845938178916,-0.03695334622673886,-0.03166845938178916,-0.026383572536839463,,0.0,,,,-0.2033515037631621,,,,0.03623904116624627,5.224838291176923e-06,4.089630300771053,-inf,-inf,0.00010257621742112485,0.15150902012848036,3,1,1,6,6,stage_a_context,,long,6-way,True,,production,,,,-inf,primary_target,0,ranking,research,"{""checks"": {""n_folds"": {""value"": 3, ""threshold"": 3, ""passed"": true}, ""presence_freq"": {""value"": 1.0, ""threshold"": 0.75, ""passed"": true}, ""directional_mean_ret"": {""value"": 0.1516115963459015, ""threshold"": 0.0, ""passed"": true}, ""hurdle_excess"": {""value"": 0.15150902012848036, ""threshold"": 0.0, ""passed"": true}, ""min_support_actual"": {""value"": 65, ""threshold"": 50, ""passed"": true}, ""is_structurally_sound"": {""value"": false, ""passed"": false}, ""trade_path_quality_score"": {""value"": 5.224838291176923e-06, ""threshold"": 0.0, ""passed"": true}}, ""failures"": [""structural_soundness_fail: ""], ""warnings"": [], ""classification"": ""research""}"
(*)|(*)|(reg_atr_change_rate_ts_band20_80==1&reg_atr_change_rate_ts_band25_75==0&reg_atr_change_rate_ts_band40_60==0&reg_atr_change_rate_ts_top30==1&reg_atr_change_rate_ts_top70==1&reg_ema50_gt_ema200_raw==1),*,*,reg_atr_change_rate_ts_band20_80==1&reg_atr_change_rate_ts_band25_75==0&reg_atr_change_rate_ts_band40_60==0&reg_atr_change_rate_ts_top30==1&reg_atr_change_rate_ts_top70==1&reg_ema50_gt_ema200_raw==1,0.26404133935769397,0.26404133935769397,0.014723705940058052,0.15525070329507193,0.04451851851851851,0.0022402560438940767,1.0,1.0,0.5185589519650655,559,,,-0.0026374332935522548,-0.0068323131352377815,0.005480278836852798,0.0056163026133358,,0.6666666666666666,,,,-0.25636893433395286,,0.08382344312482959,0.07747584647905553,0.030074388428036943,-0.0009634529765609587,7.246707358410672,-inf,-inf,9.582954197530866e-05,0.2639455098157187,3,1,1,6,6,stage_a_context,,long,6-way,True,,production,,,0.07316216014669578,-inf,primary_target,0,ranking,rejected,"{""checks"": {""n_folds"": {""value"": 3, ""threshold"": 3, ""passed"": true}, ""presence_freq"": {""value"": 1.0, ""threshold"": 0.75, ""passed"": true}, ""directional_mean_ret"": {""value"": 0.26404133935769397, ""threshold"": 0.0, ""passed"": true}, ""hurdle_excess"": {""value"": 0.2639455098157187, ""threshold"": 0.0, ""passed"": true}, ""min_support_actual"": {""value"": 559, ""threshold"": 50, ""passed"": true}, ""is_structurally_sound"": {""value"": false, ""passed"": false}, ""trade_path_quality_score"": {""value"": -0.0009634529765609587, ""threshold"": 0.0, ""passed"": false}}, ""failures"": [""structural_soundness_fail: "", ""trade_path_quality_score=-0.000963 < 0.000000""], ""warnings"": [], ""classification"": ""rejected""}"
(*)|(*)|(reg_atr_change_rate_ts_band20_80==1&reg_atr_change_rate_ts_band25_75==0&reg_atr_change_rate_ts_band40_60==0&reg_atr_change_rate_ts_top40==0&reg_atr_change_rate_ts_top70==0&reg_ema50_gt_ema200_raw==0),*,*,reg_atr_change_rate_ts_band20_80==1&reg_atr_change_rate_ts_band25_75==0&reg_atr_change_rate_ts_band40_60==0&reg_atr_change_rate_ts_top40==0&reg_atr_change_rate_ts_top70==0&reg_ema50_gt_ema200_raw==0,0.27054087320963544,0.27054087320963544,0.012278289141472701,0.16378221909205118,0.04960493827160494,0.004345117808880777,1.0,1.0,0.5057339449541285,605,,,0.002861891697550221,-0.006380393648339745,-0.0024075316486659136,0.009469465370332119,,0.3333333333333333,,,,0.1987676516036483,,-0.36362139917695474,0.020383762835352315,0.26265694039971793,-0.0004560876536372875,6.6443927126481155,-inf,-inf,9.511597379972566e-05,0.2704457572358357,3,1,1,6,6,stage_a_context,,long,6-way,True,,production,,,0.02247996595339467,-inf,primary_target,0,ranking,rejected,"{""checks"": {""n_folds"": {""value"": 3, ""threshold"": 3, ""passed"": true}, ""presence_freq"": {""value"": 1.0, ""threshold"": 0.75, ""passed"": true}, ""directional_mean_ret"": {""value"": 0.27054087320963544, ""threshold"": 0.0, ""passed"": true}, ""hurdle_excess"": {""value"": 0.2704457572358357, ""threshold"": 0.0, ""passed"": true}, ""min_support_actual"": {""value"": 605, ""threshold"": 50, ""passed"": true}, ""is_structurally_sound"": {""value"": false, ""passed"": false}, ""trade_path_quality_score"": {""value"": -0.0004560876536372875, ""threshold"": 0.0, ""passed"": false}}, ""failures"": [""structural_soundness_fail: "", ""trade_path_quality_score=-0.000456 < 0.000000""], ""warnings"": [], ""classification"": ""rejected""}"
(*)|(*)|(reg_atr_change_rate_ts_band20_80==1&reg_atr_change_rate_ts_band25_75==0&reg_atr_change_rate_ts_band40_60==0&reg_atr_change_rate_ts_top40==0),*,*,reg_atr_change_rate_ts_band20_80==1&reg_atr_change_rate_ts_band25_75==0&reg_atr_change_rate_ts_band40_60==0&reg_atr_change_rate_ts_top40==0,0.27054087320963544,0.27054087320963544,0.012278289141472701,0.16378221909205118,0.04960493827160494,0.004345117808880777,1.0,1.0,0.5057339449541285,605,,,0.002861891697550221,-0.006380393648339745,-0.0024075316486659136,0.009469465370332119,,0.3333333333333333,,,,0.1987676516036483,,-0.36362139917695474,0.020383762835352315,0.26265694039971793,-0.0004560876536372875,6.6443927126481155,-inf,-inf,9.511597379972566e-05,0.2704457572358357,3,1,1,4,4,stage_a_context,,long,4-way,True,,production,,,0.02247996595339467,-inf,primary_target,0,ranking,rejected,"{""checks"": {""n_folds"": {""value"": 3, ""threshold"": 3, ""passed"": true}, ""presence_freq"": {""value"": 1.0, ""threshold"": 0.75, ""passed"": true}, ""directional_mean_ret"": {""value"": 0.27054087320963544, ""threshold"": 0.0, ""passed"": true}, ""hurdle_excess"": {""value"": 0.2704457572358357, ""threshold"": 0.0, ""passed"": true}, ""min_support_actual"": {""value"": 605, ""threshold"": 50, ""passed"": true}, ""is_structurally_sound"": {""value"": false, ""passed"": false}, ""trade_path_quality_score"": {""value"": -0.0004560876536372875, ""threshold"": 0.0, ""passed"": false}}, ""failures"": [""structural_soundness_fail: "", ""trade_path_quality_score=-0.000456 < 0.000000""], ""warnings"": [], ""classification"": ""rejected""}"
(*)|(*)|(reg_atr_change_rate_ts_band20_80==1&reg_atr_change_rate_ts_band25_75==0&reg_atr_change_rate_ts_band40_60==0&reg_atr_change_rate_ts_top70==0&reg_ema20_gt_ema50_raw==0),*,*,reg_atr_change_rate_ts_band20_80==1&reg_atr_change_rate_ts_band25_75==0&reg_atr_change_rate_ts_band40_60==0&reg_atr_change_rate_ts_top70==0&reg_ema20_gt_ema50_raw==0,0.27054087320963544,0.27054087320963544,0.012278289141472701,0.16378221909205118,0.04960493827160494,0.004345117808880777,1.0,1.0,0.5057339449541285,605,,,0.002861891697550221,-0.006380393648339745,-0.0024075316486659136,0.009469465370332119,,0.3333333333333333,,,,0.1987676516036483,,-0.36362139917695474,0.020383762835352315,0.26265694039971793,-0.0004560876536372875,6.6443927126481155,-inf,-inf,9.511597379972566e-05,0.2704457572358357,3,1,1,5,5,stage_a_context,,long,5-way,True,,production,,,0.02247996595339467,-inf,primary_target,0,ranking,rejected,"{""checks"": {""n_folds"": {""value"": 3, ""threshold"": 3, ""passed"": true}, ""presence_freq"": {""value"": 1.0, ""threshold"": 0.75, ""passed"": true}, ""directional_mean_ret"": {""value"": 0.27054087320963544, ""threshold"": 0.0, ""passed"": true}, ""hurdle_excess"": {""value"": 0.2704457572358357, ""threshold"": 0.0, ""passed"": true}, ""min_support_actual"": {""value"": 605, ""threshold"": 50, ""passed"": true}, ""is_structurally_sound"": {""value"": false, ""passed"": false}, ""trade_path_quality_score"": {""value"": -0.0004560876536372875, ""threshold"": 0.0, ""passed"": false}}, ""failures"": [""structural_soundness_fail: "", ""trade_path_quality_score=-0.000456 < 0.000000""], ""warnings"": [], ""classification"": ""rejected""}"
(*)|(*)|(reg_atr_change_rate_ts_band20_80==1&reg_atr_change_rate_ts_band25_75==0&reg_atr_change_rate_ts_band40_60==0&reg_atr_change_rate_ts_top70==1&reg_ema20_gt_ema50_raw==0),*,*,reg_atr_change_rate_ts_band20_80==1&reg_atr_change_rate_ts_band25_75==0&reg_atr_change_rate_ts_band40_60==0&reg_atr_change_rate_ts_top70==1&reg_ema20_gt_ema50_raw==0,0.1516115963459015,0.1516115963459015,0.0070127397775650024,0.10538330301642418,0.006790123456790124,0.001665523155954573,1.0,1.0,0.7560975609756098,65,,,-0.03166845938178916,-0.03695334622673886,-0.03166845938178916,-0.026383572536839463,,0.0,,,,-0.2033515037631621,,,,0.03623904116624627,5.224838291176923e-06,4.089630300771053,-inf,-inf,0.00010257621742112485,0.15150902012848036,3,2,2,5,5,stage_a_context,,long,5-way,True,,production,,,,-inf,primary_target,0,ranking,research,"{""checks"": {""n_folds"": {""value"": 3, ""threshold"": 3, ""passed"": true}, ""presence_freq"": {""value"": 1.0, ""threshold"": 0.75, ""passed"": true}, ""directional_mean_ret"": {""value"": 0.1516115963459015, ""threshold"": 0.0, ""passed"": true}, ""hurdle_excess"": {""value"": 0.15150902012848036, ""threshold"": 0.0, ""passed"": true}, ""min_support_actual"": {""value"": 65, ""threshold"": 50, ""passed"": true}, ""is_structurally_sound"": {""value"": false, ""passed"": false}, ""trade_path_quality_score"": {""value"": 5.224838291176923e-06, ""threshold"": 0.0, ""passed"": true}}, ""failures"": [""structural_soundness_fail: ""], ""warnings"": [], ""classification"": ""research""}"
(*)|(*)|(reg_atr_change_rate_ts_band20_80==1&reg_atr_change_rate_ts_band25_75==0&reg_atr_change_rate_ts_band40_60==0&reg_atr_change_rate_ts_top70==1&reg_ema20_gt_ema50_raw==1),*,*,reg_atr_change_rate_ts_band20_80==1&reg_atr_change_rate_ts_band25_75==0&reg_atr_change_rate_ts_band40_60==0&reg_atr_change_rate_ts_top70==1&reg_ema20_gt_ema50_raw==1,0.26404133935769397,0.26404133935769397,0.014723705940058052,0.15525070329507193,0.04451851851851851,0.0022402560438940767,1.0,1.0,0.5185589519650655,559,,,-0.0026374332935522548,-0.0068323131352377815,0.005480278836852798,0.0056163026133358,,0.6666666666666666,,,,-0.25636893433395286,,0.08382344312482959,0.07747584647905553,0.030074388428036943,-0.0009634529765609587,7.246707358410672,-inf,-inf,9.582954197530866e-05,0.2639455098157187,3,2,2,5,5,stage_a_context,,long,5-way,True,,production,,,0.07316216014669578,-inf,primary_target,0,ranking,rejected,"{""checks"": {""n_folds"": {""value"": 3, ""threshold"": 3, ""passed"": true}, ""presence_freq"": {""value"": 1.0, ""threshold"": 0.75, ""passed"": true}, ""directional_mean_ret"": {""value"": 0.26404133935769397, ""threshold"": 0.0, ""passed"": true}, ""hurdle_excess"": {""value"": 0.2639455098157187, ""threshold"": 0.0, ""passed"": true}, ""min_support_actual"": {""value"": 559, ""threshold"": 50, ""passed"": true}, ""is_structurally_sound"": {""value"": false, ""passed"": false}, ""trade_path_quality_score"": {""value"": -0.0009634529765609587, ""threshold"": 0.0, ""passed"": false}}, ""failures"": [""structural_soundness_fail: "", ""trade_path_quality_score=-0.000963 < 0.000000""], ""warnings"": [], ""classification"": ""rejected""}"
(*)|(*)|(reg_atr_change_rate_ts_band20_80==1&reg_atr_change_rate_ts_band25_75==0&reg_atr_change_rate_ts_band40_60==0&reg_atr_change_rate_ts_top70==1&reg_ema50_gt_ema200_raw==0),*,*,reg_atr_change_rate_ts_band20_80==1&reg_atr_change_rate_ts_band25_75==0&reg_atr_change_rate_ts_band40_60==0&reg_atr_change_rate_ts_top70==1&reg_ema50_gt_ema200_raw==0,0.1516115963459015,0.1516115963459015,0.0070127397775650024,0.10538330301642418,0.006790123456790124,0.001665523155954573,1.0,1.0,0.7560975609756098,65,,,-0.03166845938178916,-0.03695334622673886,-0.03166845938178916,-0.026383572536839463,,0.0,,,,-0.2033515037631621,,,,0.03623904116624627,5.224838291176923e-06,4.089630300771053,-inf,-inf,0.00010257621742112485,0.15150902012848036,3,1,1,5,5,stage_a_context,,long,5-way,True,,production,,,,-inf,primary_target,0,ranking,research,"{""checks"": {""n_folds"": {""value"": 3, ""threshold"": 3, ""passed"": true}, ""presence_freq"": {""value"": 1.0, ""threshold"": 0.75, ""passed"": true}, ""directional_mean_ret"": {""value"": 0.1516115963459015, ""threshold"": 0.0, ""passed"": true}, ""hurdle_excess"": {""value"": 0.15150902012848036, ""threshold"": 0.0, ""passed"": true}, ""min_support_actual"": {""value"": 65, ""threshold"": 50, ""passed"": true}, ""is_structurally_sound"": {""value"": false, ""passed"": false}, ""trade_path_quality_score"": {""value"": 5.224838291176923e-06, ""threshold"": 0.0, ""passed"": true}}, ""failures"": [""structural_soundness_fail: ""], ""warnings"": [], ""classification"": ""research""}"
(*)|(*)|(reg_atr_change_rate_ts_band20_80==1&reg_atr_change_rate_ts_band25_75==0&reg_atr_change_rate_ts_band40_60==0&reg_ema50_gt_ema200_raw==1),*,*,reg_atr_change_rate_ts_band20_80==1&reg_atr_change_rate_ts_band25_75==0&reg_atr_change_rate_ts_band40_60==0&reg_ema50_gt_ema200_raw==1,0.26404133935769397,0.26404133935769397,0.014723705940058052,0.15525070329507193,0.04451851851851851,0.0022402560438940767,1.0,1.0,0.5185589519650655,559,,,-0.0026374332935522548,-0.0068323131352377815,0.005480278836852798,0.0056163026133358,,0.6666666666666666,,,,-0.25636893433395286,,0.08382344312482959,0.07747584647905553,0.030074388428036943,-0.0009634529765609587,7.246707358410672,-inf,-inf,9.582954197530866e-05,0.2639455098157187,3,1,1,4,4,stage_a_context,,long,4-way,True,,production,,,0.07316216014669578,-inf,primary_target,0,ranking,rejected,"{""checks"": {""n_folds"": {""value"": 3, ""threshold"": 3, ""passed"": true}, ""presence_freq"": {""value"": 1.0, ""threshold"": 0.75, ""passed"": true}, ""directional_mean_ret"": {""value"": 0.26404133935769397, ""threshold"": 0.0, ""passed"": true}, ""hurdle_excess"": {""value"": 0.2639455098157187, ""threshold"": 0.0, ""passed"": true}, ""min_support_actual"": {""value"": 559, ""threshold"": 50, ""passed"": true}, ""is_structurally_sound"": {""value"": false, ""passed"": false}, ""trade_path_quality_score"": {""value"": -0.0009634529765609587, ""threshold"": 0.0, ""passed"": false}}, ""failures"": [""structural_soundness_fail: "", ""trade_path_quality_score=-0.000963 < 0.000000""], ""warnings"": [], ""classification"": ""rejected""}"
(*)|(*)|(reg_atr_change_rate_ts_band20_80==1&reg_atr_change_rate_ts_band25_75==0&reg_atr_change_rate_ts_bot70==0&reg_ema20_gt_ema50_raw==0),*,*,reg_atr_change_rate_ts_band20_80==1&reg_atr_change_rate_ts_band25_75==0&reg_atr_change_rate_ts_bot70==0&reg_ema20_gt_ema50_raw==0,0.1516115963459015,0.1516115963459015,0.0070127397775650024,0.10538330301642418,0.006790123456790124,0.001665523155954573,1.0,1.0,0.7560975609756098,65,,,-0.03166845938178916,-0.03695334622673886,-0.03166845938178916,-0.026383572536839463,,0.0,,,,-0.2033515037631621,,,,0.03623904116624627,5.224838291176923e-06,4.089630300771053,-inf,-inf,0.00010257621742112485,0.15150902012848036,3,1,1,4,4,stage_a_context,,long,4-way,True,,production,,,,-inf,primary_target,0,ranking,research,"{""checks"": {""n_folds"": {""value"": 3, ""threshold"": 3, ""passed"": true}, ""presence_freq"": {""value"": 1.0, ""threshold"": 0.75, ""passed"": true}, ""directional_mean_ret"": {""value"": 0.1516115963459015, ""threshold"": 0.0, ""passed"": true}, ""hurdle_excess"": {""value"": 0.15150902012848036, ""threshold"": 0.0, ""passed"": true}, ""min_support_actual"": {""value"": 65, ""threshold"": 50, ""passed"": true}, ""is_structurally_sound"": {""value"": false, ""passed"": false}, ""trade_path_quality_score"": {""value"": 5.224838291176923e-06, ""threshold"": 0.0, ""passed"": true}}, ""failures"": [""structural_soundness_fail: ""], ""warnings"": [], ""classification"": ""research""}"
(*)|(*)|(reg_atr_change_rate_ts_band20_80==1&reg_atr_change_rate_ts_band25_75==0&reg_atr_change_rate_ts_bot70==0&reg_ema50_gt_ema200_raw==0),*,*,reg_atr_change_rate_ts_band20_80==1&reg_atr_change_rate_ts_band25_75==0&reg_atr_change_rate_ts_bot70==0&reg_ema50_gt_ema200_raw==0,0.1516115963459015,0.1516115963459015,0.0070127397775650024,0.10538330301642418,0.006790123456790124,0.001665523155954573,1.0,1.0,0.7560975609756098,65,,,-0.03166845938178916,-0.03695334622673886,-0.03166845938178916,-0.026383572536839463,,0.0,,,,-0.2033515037631621,,,,0.03623904116624627,5.224838291176923e-06,4.089630300771053,-inf,-inf,0.00010257621742112485,0.15150902012848036,3,1,1,4,4,stage_a_context,,long,4-way,True,,production,,,,-inf,primary_target,0,ranking,research,"{""checks"": {""n_folds"": {""value"": 3, ""threshold"": 3, ""passed"": true}, ""presence_freq"": {""value"": 1.0, ""threshold"": 0.75, ""passed"": true}, ""directional_mean_ret"": {""value"": 0.1516115963459015, ""threshold"": 0.0, ""passed"": true}, ""hurdle_excess"": {""value"": 0.15150902012848036, ""threshold"": 0.0, ""passed"": true}, ""min_support_actual"": {""value"": 65, ""threshold"": 50, ""passed"": true}, ""is_structurally_sound"": {""value"": false, ""passed"": false}, ""trade_path_quality_score"": {""value"": 5.224838291176923e-06, ""threshold"": 0.0, ""passed"": true}}, ""failures"": [""structural_soundness_fail: ""], ""warnings"": [], ""classification"": ""research""}"
(*)|(*)|(reg_atr_change_rate_ts_band20_80==1&reg_atr_change_rate_ts_band25_75==0&reg_atr_change_rate_ts_bot70==0&reg_ema50_gt_ema200_raw==1),*,*,reg_atr_change_rate_ts_band20_80==1&reg_atr_change_rate_ts_band25_75==0&reg_atr_change_rate_ts_bot70==0&reg_ema50_gt_ema200_raw==1,0.26404133935769397,0.26404133935769397,0.014723705940058052,0.15525070329507193,0.04451851851851851,0.0022402560438940767,1.0,1.0,0.5185589519650655,559,,,-0.0026374332935522548,-0.0068323131352377815,0.005480278836852798,0.0056163026133358,,0.6666666666666666,,,,-0.25636893433395286,,0.08382344312482959,0.07747584647905553,0.030074388428036943,-0.0009634529765609587,7.246707358410672,-inf,-inf,9.582954197530866e-05,0.2639455098157187,3,1,1,4,4,stage_a_context,,long,4-way,True,,production,,,0.07316216014669578,-inf,primary_target,0,ranking,rejected,"{""checks"": {""n_folds"": {""value"": 3, ""threshold"": 3, ""passed"": true}, ""presence_freq"": {""value"": 1.0, ""threshold"": 0.75, ""passed"": true}, ""directional_mean_ret"": {""value"": 0.26404133935769397, ""threshold"": 0.0, ""passed"": true}, ""hurdle_excess"": {""value"": 0.2639455098157187, ""threshold"": 0.0, ""passed"": true}, ""min_support_actual"": {""value"": 559, ""threshold"": 50, ""passed"": true}, ""is_structurally_sound"": {""value"": false, ""passed"": false}, ""trade_path_quality_score"": {""value"": -0.0009634529765609587, ""threshold"": 0.0, ""passed"": false}}, ""failures"": [""structural_soundness_fail: "", ""trade_path_quality_score=-0.000963 < 0.000000""], ""warnings"": [], ""classification"": ""rejected""}"
(*)|(*)|(reg_atr_change_rate_ts_band20_80==1&reg_atr_change_rate_ts_band25_75==0&reg_atr_change_rate_ts_bot70==1&reg_ema20_gt_ema50_raw==0),*,*,reg_atr_change_rate_ts_band20_80==1&reg_atr_change_rate_ts_band25_75==0&reg_atr_change_rate_ts_bot70==1&reg_ema20_gt_ema50_raw==0,0.27054087320963544,0.27054087320963544,0.012278289141472701,0.16378221909205118,0.04960493827160494,0.004345117808880777,1.0,1.0,0.5057339449541285,605,,,0.002861891697550221,-0.006380393648339745,-0.0024075316486659136,0.009469465370332119,,0.3333333333333333,,,,0.1987676516036483,,-0.36362139917695474,0.020383762835352315,0.26265694039971793,-0.0004560876536372875,6.6443927126481155,-inf,-inf,9.511597379972566e-05,0.2704457572358357,3,1,1,4,4,stage_a_context,,long,4-way,True,,production,,,0.02247996595339467,-inf,primary_target,0,ranking,rejected,"{""checks"": {""n_folds"": {""value"": 3, ""threshold"": 3, ""passed"": true}, ""presence_freq"": {""value"": 1.0, ""threshold"": 0.75, ""passed"": true}, ""directional_mean_ret"": {""value"": 0.27054087320963544, ""threshold"": 0.0, ""passed"": true}, ""hurdle_excess"": {""value"": 0.2704457572358357, ""threshold"": 0.0, ""passed"": true}, ""min_support_actual"": {""value"": 605, ""threshold"": 50, ""passed"": true}, ""is_structurally_sound"": {""value"": false, ""passed"": false}, ""trade_path_quality_score"": {""value"": -0.0004560876536372875, ""threshold"": 0.0, ""passed"": false}}, ""failures"": [""structural_soundness_fail: "", ""trade_path_quality_score=-0.000456 < 0.000000""], ""warnings"": [], ""classification"": ""rejected""}"
(*)|(*)|(reg_atr_change_rate_ts_band20_80==1&reg_atr_change_rate_ts_band25_75==0&reg_atr_change_rate_ts_top30==0&reg_atr_change_rate_ts_top80==0&reg_ema20_gt_ema50_raw==0),*,*,reg_atr_change_rate_ts_band20_80==1&reg_atr_change_rate_ts_band25_75==0&reg_atr_change_rate_ts_top30==0&reg_atr_change_rate_ts_top80==0&reg_ema20_gt_ema50_raw==0,0.27054087320963544,0.27054087320963544,0.012278289141472701,0.16378221909205118,0.04960493827160494,0.004345117808880777,1.0,1.0,0.5057339449541285,605,,,0.002861891697550221,-0.006380393648339745,-0.0024075316486659136,0.009469465370332119,,0.3333333333333333,,,,0.1987676516036483,,-0.36362139917695474,0.020383762835352315,0.26265694039971793,-0.0004560876536372875,6.6443927126481155,-inf,-inf,9.511597379972566e-05,0.2704457572358357,3,1,1,5,5,stage_a_context,,long,5-way,True,,production,,,0.02247996595339467,-inf,primary_target,0,ranking,rejected,"{""checks"": {""n_folds"": {""value"": 3, ""threshold"": 3, ""passed"": true}, ""presence_freq"": {""value"": 1.0, ""threshold"": 0.75, ""passed"": true}, ""directional_mean_ret"": {""value"": 0.27054087320963544, ""threshold"": 0.0, ""passed"": true}, ""hurdle_excess"": {""value"": 0.2704457572358357, ""threshold"": 0.0, ""passed"": true}, ""min_support_actual"": {""value"": 605, ""threshold"": 50, ""passed"": true}, ""is_structurally_sound"": {""value"": false, ""passed"": false}, ""trade_path_quality_score"": {""value"": -0.0004560876536372875, ""threshold"": 0.0, ""passed"": false}}, ""failures"": [""structural_soundness_fail: "", ""trade_path_quality_score=-0.000456 < 0.000000""], ""warnings"": [], ""classification"": ""rejected""}"
(*)|(*)|(reg_atr_change_rate_ts_band20_80==1&reg_atr_change_rate_ts_band25_75==0&reg_atr_change_rate_ts_top30==0&reg_ema20_gt_ema50_raw==0),*,*,reg_atr_change_rate_ts_band20_80==1&reg_atr_change_rate_ts_band25_75==0&reg_atr_change_rate_ts_top30==0&reg_ema20_gt_ema50_raw==0,0.27054087320963544,0.27054087320963544,0.012278289141472701,0.16378221909205118,0.04960493827160494,0.004345117808880777,1.0,1.0,0.5057339449541285,605,,,0.002861891697550221,-0.006380393648339745,-0.0024075316486659136,0.009469465370332119,,0.3333333333333333,,,,0.1987676516036483,,-0.36362139917695474,0.020383762835352315,0.26265694039971793,-0.0004560876536372875,6.6443927126481155,-inf,-inf,9.511597379972566e-05,0.2704457572358357,3,3,3,4,4,stage_a_context,,long,4-way,True,,production,,,0.02247996595339467,-inf,primary_target,0,ranking,rejected,"{""checks"": {""n_folds"": {""value"": 3, ""threshold"": 3, ""passed"": true}, ""presence_freq"": {""value"": 1.0, ""threshold"": 0.75, ""passed"": true}, ""directional_mean_ret"": {""value"": 0.27054087320963544, ""threshold"": 0.0, ""passed"": true}, ""hurdle_excess"": {""value"": 0.2704457572358357, ""threshold"": 0.0, ""passed"": true}, ""min_support_actual"": {""value"": 605, ""threshold"": 50, ""passed"": true}, ""is_structurally_sound"": {""value"": false, ""passed"": false}, ""trade_path_quality_score"": {""value"": -0.0004560876536372875, ""threshold"": 0.0, ""passed"": false}}, ""failures"": [""structural_soundness_fail: "", ""trade_path_quality_score=-0.000456 < 0.000000""], ""warnings"": [], ""classification"": ""rejected""}"
(*)|(*)|(reg_atr_change_rate_ts_band20_80==1&reg_atr_change_rate_ts_band25_75==0&reg_atr_change_rate_ts_top30==1&reg_atr_change_rate_ts_top70==1&reg_ema20_gt_ema50_raw==0),*,*,reg_atr_change_rate_ts_band20_80==1&reg_atr_change_rate_ts_band25_75==0&reg_atr_change_rate_ts_top30==1&reg_atr_change_rate_ts_top70==1&reg_ema20_gt_ema50_raw==0,0.1516115963459015,0.1516115963459015,0.0070127397775650024,0.10538330301642418,0.006790123456790124,0.001665523155954573,1.0,1.0,0.7560975609756098,65,,,-0.03166845938178916,-0.03695334622673886,-0.03166845938178916,-0.026383572536839463,,0.0,,,,-0.2033515037631621,,,,0.03623904116624627,5.224838291176923e-06,4.089630300771053,-inf,-inf,0.00010257621742112485,0.15150902012848036,3,1,1,5,5,stage_a_context,,long,5-way,True,,production,,,,-inf,primary_target,0,ranking,research,"{""checks"": {""n_folds"": {""value"": 3, ""threshold"": 3, ""passed"": true}, ""presence_freq"": {""value"": 1.0, ""threshold"": 0.75, ""passed"": true}, ""directional_mean_ret"": {""value"": 0.1516115963459015, ""threshold"": 0.0, ""passed"": true}, ""hurdle_excess"": {""value"": 0.15150902012848036, ""threshold"": 0.0, ""passed"": true}, ""min_support_actual"": {""value"": 65, ""threshold"": 50, ""passed"": true}, ""is_structurally_sound"": {""value"": false, ""passed"": false}, ""trade_path_quality_score"": {""value"": 5.224838291176923e-06, ""threshold"": 0.0, ""passed"": true}}, ""failures"": [""structural_soundness_fail: ""], ""warnings"": [], ""classification"": ""research""}"
(*)|(*)|(reg_atr_change_rate_ts_band20_80==1&reg_atr_change_rate_ts_band25_75==0&reg_atr_change_rate_ts_top30==1&reg_atr_change_rate_ts_top80==0&reg_ema20_gt_ema50_raw==0),*,*,reg_atr_change_rate_ts_band20_80==1&reg_atr_change_rate_ts_band25_75==0&reg_atr_change_rate_ts_top30==1&reg_atr_change_rate_ts_top80==0&reg_ema20_gt_ema50_raw==0,0.1516115963459015,0.1516115963459015,0.0070127397775650024,0.10538330301642418,0.006790123456790124,0.001665523155954573,1.0,1.0,0.7560975609756098,65,,,-0.03166845938178916,-0.03695334622673886,-0.03166845938178916,-0.026383572536839463,,0.0,,,,-0.2033515037631621,,,,0.03623904116624627,5.224838291176923e-06,4.089630300771053,-inf,-inf,0.00010257621742112485,0.15150902012848036,3,1,1,5,5,stage_a_context,,long,5-way,True,,production,,,,-inf,primary_target,0,ranking,research,"{""checks"": {""n_folds"": {""value"": 3, ""threshold"": 3, ""passed"": true}, ""presence_freq"": {""value"": 1.0, ""threshold"": 0.75, ""passed"": true}, ""directional_mean_ret"": {""value"": 0.1516115963459015, ""threshold"": 0.0, ""passed"": true}, ""hurdle_excess"": {""value"": 0.15150902012848036, ""threshold"": 0.0, ""passed"": true}, ""min_support_actual"": {""value"": 65, ""threshold"": 50, ""passed"": true}, ""is_structurally_sound"": {""value"": false, ""passed"": false}, ""trade_path_quality_score"": {""value"": 5.224838291176923e-06, ""threshold"": 0.0, ""passed"": true}}, ""failures"": [""structural_soundness_fail: ""], ""warnings"": [], ""classification"": ""research""}"
(*)|(*)|(reg_atr_change_rate_ts_band20_80==1&reg_atr_change_rate_ts_band25_75==0&reg_atr_change_rate_ts_top40==0&reg_ema20_gt_ema50_raw==0),*,*,reg_atr_change_rate_ts_band20_80==1&reg_atr_change_rate_ts_band25_75==0&reg_atr_change_rate_ts_top40==0&reg_ema20_gt_ema50_raw==0,0.27054087320963544,0.27054087320963544,0.012278289141472701,0.16378221909205118,0.04960493827160494,0.004345117808880777,1.0,1.0,0.5057339449541285,605,,,0.002861891697550221,-0.006380393648339745,-0.0024075316486659136,0.009469465370332119,,0.3333333333333333,,,,0.1987676516036483,,-0.36362139917695474,0.020383762835352315,0.26265694039971793,-0.0004560876536372875,6.6443927126481155,-inf,-inf,9.511597379972566e-05,0.2704457572358357,3,2,2,4,4,stage_a_context,,long,4-way,True,,production,,,0.02247996595339467,-inf,primary_target,0,ranking,rejected,"{""checks"": {""n_folds"": {""value"": 3, ""threshold"": 3, ""passed"": true}, ""presence_freq"": {""value"": 1.0, ""threshold"": 0.75, ""passed"": true}, ""directional_mean_ret"": {""value"": 0.27054087320963544, ""threshold"": 0.0, ""passed"": true}, ""hurdle_excess"": {""value"": 0.2704457572358357, ""threshold"": 0.0, ""passed"": true}, ""min_support_actual"": {""value"": 605, ""threshold"": 50, ""passed"": true}, ""is_structurally_sound"": {""value"": false, ""passed"": false}, ""trade_path_quality_score"": {""value"": -0.0004560876536372875, ""threshold"": 0.0, ""passed"": false}}, ""failures"": [""structural_soundness_fail: "", ""trade_path_quality_score=-0.000456 < 0.000000""], ""warnings"": [], ""classification"": ""rejected""}"
(*)|(*)|(reg_atr_change_rate_ts_band20_80==1&reg_atr_change_rate_ts_band25_75==0&reg_atr_change_rate_ts_top40==0&reg_ema50_gt_ema200_raw==0),*,*,reg_atr_change_rate_ts_band20_80==1&reg_atr_change_rate_ts_band25_75==0&reg_atr_change_rate_ts_top40==0&reg_ema50_gt_ema200_raw==0,0.27054087320963544,0.27054087320963544,0.012278289141472701,0.16378221909205118,0.04960493827160494,0.004345117808880777,1.0,1.0,0.5057339449541285,605,,,0.002861891697550221,-0.006380393648339745,-0.0024075316486659136,0.009469465370332119,,0.3333333333333333,,,,0.1987676516036483,,-0.36362139917695474,0.020383762835352315,0.26265694039971793,-0.0004560876536372875,6.6443927126481155,-inf,-inf,9.511597379972566e-05,0.2704457572358357,3,1,1,4,4,stage_a_context,,long,4-way,True,,production,,,0.02247996595339467,-inf,primary_target,0,ranking,rejected,"{""checks"": {""n_folds"": {""value"": 3, ""threshold"": 3, ""passed"": true}, ""presence_freq"": {""value"": 1.0, ""threshold"": 0.75, ""passed"": true}, ""directional_mean_ret"": {""value"": 0.27054087320963544, ""threshold"": 0.0, ""passed"": true}, ""hurdle_excess"": {""value"": 0.2704457572358357, ""threshold"": 0.0, ""passed"": true}, ""min_support_actual"": {""value"": 605, ""threshold"": 50, ""passed"": true}, ""is_structurally_sound"": {""value"": false, ""passed"": false}, ""trade_path_quality_score"": {""value"": -0.0004560876536372875, ""threshold"": 0.0, ""passed"": false}}, ""failures"": [""structural_soundness_fail: "", ""trade_path_quality_score=-0.000456 < 0.000000""], ""warnings"": [], ""classification"": ""rejected""}"
(*)|(*)|(reg_atr_change_rate_ts_band20_80==1&reg_atr_change_rate_ts_band25_75==0&reg_atr_change_rate_ts_top40==1&reg_ema20_gt_ema50_raw==0),*,*,reg_atr_change_rate_ts_band20_80==1&reg_atr_change_rate_ts_band25_75==0&reg_atr_change_rate_ts_top40==1&reg_ema20_gt_ema50_raw==0,0.1516115963459015,0.1516115963459015,0.0070127397775650024,0.10538330301642418,0.006790123456790124,0.001665523155954573,1.0,1.0,0.7560975609756098,65,,,-0.03166845938178916,-0.03695334622673886,-0.03166845938178916,-0.026383572536839463,,0.0,,,,-0.2033515037631621,,,,0.03623904116624627,5.224838291176923e-06,4.089630300771053,-inf,-inf,0.00010257621742112485,0.15150902012848036,3,1,1,4,4,stage_a_context,,long,4-way,True,,production,,,,-inf,primary_target,0,ranking,research,"{""checks"": {""n_folds"": {""value"": 3, ""threshold"": 3, ""passed"": true}, ""presence_freq"": {""value"": 1.0, ""threshold"": 0.75, ""passed"": true}, ""directional_mean_ret"": {""value"": 0.1516115963459015, ""threshold"": 0.0, ""passed"": true}, ""hurdle_excess"": {""value"": 0.15150902012848036, ""threshold"": 0.0, ""passed"": true}, ""min_support_actual"": {""value"": 65, ""threshold"": 50, ""passed"": true}, ""is_structurally_sound"": {""value"": false, ""passed"": false}, ""trade_path_quality_score"": {""value"": 5.224838291176923e-06, ""threshold"": 0.0, ""passed"": true}}, ""failures"": [""structural_soundness_fail: ""], ""warnings"": [], ""classification"": ""research""}"
(*)|(*)|(reg_atr_change_rate_ts_band20_80==1&reg_atr_change_rate_ts_band25_75==0&reg_atr_change_rate_ts_top60==0),*,*,reg_atr_change_rate_ts_band20_80==1&reg_atr_change_rate_ts_band25_75==0&reg_atr_change_rate_ts_top60==0,0.27054087320963544,0.27054087320963544,0.012278289141472701,0.16378221909205118,0.04960493827160494,0.004345117808880777,1.0,1.0,0.5057339449541285,605,,,0.002861891697550221,-0.006380393648339745,-0.0024075316486659136,0.009469465370332119,,0.3333333333333333,,,,0.1987676516036483,,-0.36362139917695474,0.020383762835352315,0.26265694039971793,-0.0004560876536372875,6.6443927126481155,-inf,-inf,7.397909073311994e-05,0.2704668941189023,3,1,1,3,3,stage_a_context,,long,3-way,True,,production,,,0.02247996595339467,-inf,primary_target,0,ranking,rejected,"{""checks"": {""n_folds"": {""value"": 3, ""threshold"": 3, ""passed"": true}, ""presence_freq"": {""value"": 1.0, ""threshold"": 0.75, ""passed"": true}, ""directional_mean_ret"": {""value"": 0.27054087320963544, ""threshold"": 0.0, ""passed"": true}, ""hurdle_excess"": {""value"": 0.2704668941189023, ""threshold"": 0.0, ""passed"": true}, ""min_support_actual"": {""value"": 605, ""threshold"": 50, ""passed"": true}, ""is_structurally_sound"": {""value"": false, ""passed"": false}, ""trade_path_quality_score"": {""value"": -0.0004560876536372875, ""threshold"": 0.0, ""passed"": false}}, ""failures"": [""structural_soundness_fail: "", ""trade_path_quality_score=-0.000456 < 0.000000""], ""warnings"": [], ""classification"": ""rejected""}"
(*)|(*)|(reg_atr_change_rate_ts_band20_80==1&reg_atr_change_rate_ts_band25_75==0&reg_atr_change_rate_ts_top70==0&reg_ema20_gt_ema50_raw==0),*,*,reg_atr_change_rate_ts_band20_80==1&reg_atr_change_rate_ts_band25_75==0&reg_atr_change_rate_ts_top70==0&reg_ema20_gt_ema50_raw==0,0.27054087320963544,0.27054087320963544,0.012278289141472701,0.16378221909205118,0.04960493827160494,0.004345117808880777,1.0,1.0,0.5057339449541285,605,,,0.002861891697550221,-0.006380393648339745,-0.0024075316486659136,0.009469465370332119,,0.3333333333333333,,,,0.1987676516036483,,-0.36362139917695474,0.020383762835352315,0.26265694039971793,-0.0004560876536372875,6.6443927126481155,-inf,-inf,9.511597379972566e-05,0.2704457572358357,3,1,1,4,4,stage_a_context,,long,4-way,True,,production,,,0.02247996595339467,-inf,primary_target,0,ranking,rejected,"{""checks"": {""n_folds"": {""value"": 3, ""threshold"": 3, ""passed"": true}, ""presence_freq"": {""value"": 1.0, ""threshold"": 0.75, ""passed"": true}, ""directional_mean_ret"": {""value"": 0.27054087320963544, ""threshold"": 0.0, ""passed"": true}, ""hurdle_excess"": {""value"": 0.2704457572358357, ""threshold"": 0.0, ""passed"": true}, ""min_support_actual"": {""value"": 605, ""threshold"": 50, ""passed"": true}, ""is_structurally_sound"": {""value"": false, ""passed"": false}, ""trade_path_quality_score"": {""value"": -0.0004560876536372875, ""threshold"": 0.0, ""passed"": false}}, ""failures"": [""structural_soundness_fail: "", ""trade_path_quality_score=-0.000456 < 0.000000""], ""warnings"": [], ""classification"": ""rejected""}"
(*)|(*)|(reg_atr_change_rate_ts_band20_80==1&reg_atr_change_rate_ts_band25_75==0&reg_atr_change_rate_ts_top70==0&reg_ema50_gt_ema200_raw==0),*,*,reg_atr_change_rate_ts_band20_80==1&reg_atr_change_rate_ts_band25_75==0&reg_atr_change_rate_ts_top70==0&reg_ema50_gt_ema200_raw==0,0.27054087320963544,0.27054087320963544,0.012278289141472701,0.16378221909205118,0.04960493827160494,0.004345117808880777,1.0,1.0,0.5057339449541285,605,,,0.002861891697550221,-0.006380393648339745,-0.0024075316486659136,0.009469465370332119,,0.3333333333333333,,,,0.1987676516036483,,-0.36362139917695474,0.020383762835352315,0.26265694039971793,-0.0004560876536372875,6.6443927126481155,-inf,-inf,9.511597379972566e-05,0.2704457572358357,3,1,1,4,4,stage_a_context,,long,4-way,True,,production,,,0.02247996595339467,-inf,primary_target,0,ranking,rejected,"{""checks"": {""n_folds"": {""value"": 3, ""threshold"": 3, ""passed"": true}, ""presence_freq"": {""value"": 1.0, ""threshold"": 0.75, ""passed"": true}, ""directional_mean_ret"": {""value"": 0.27054087320963544, ""threshold"": 0.0, ""passed"": true}, ""hurdle_excess"": {""value"": 0.2704457572358357, ""threshold"": 0.0, ""passed"": true}, ""min_support_actual"": {""value"": 605, ""threshold"": 50, ""passed"": true}, ""is_structurally_sound"": {""value"": false, ""passed"": false}, ""trade_path_quality_score"": {""value"": -0.0004560876536372875, ""threshold"": 0.0, ""passed"": false}}, ""failures"": [""structural_soundness_fail: "", ""trade_path_quality_score=-0.000456 < 0.000000""], ""warnings"": [], ""classification"": ""rejected""}"
(*)|(*)|(reg_atr_change_rate_ts_band20_80==1&reg_atr_change_rate_ts_band25_75==0&reg_atr_change_rate_ts_top70==1&reg_ema20_gt_ema50_raw==0),*,*,reg_atr_change_rate_ts_band20_80==1&reg_atr_change_rate_ts_band25_75==0&reg_atr_change_rate_ts_top70==1&reg_ema20_gt_ema50_raw==0,0.1516115963459015,0.1516115963459015,0.0070127397775650024,0.10538330301642418,0.006790123456790124,0.001665523155954573,1.0,1.0,0.7560975609756098,65,,,-0.03166845938178916,-0.03695334622673886,-0.03166845938178916,-0.026383572536839463,,0.0,,,,-0.2033515037631621,,,,0.03623904116624627,5.224838291176923e-06,4.089630300771053,-inf,-inf,0.00010257621742112485,0.15150902012848036,3,1,1,4,4,stage_a_context,,long,4-way,True,,production,,,,-inf,primary_target,0,ranking,research,"{""checks"": {""n_folds"": {""value"": 3, ""threshold"": 3, ""passed"": true}, ""presence_freq"": {""value"": 1.0, ""threshold"": 0.75, ""passed"": true}, ""directional_mean_ret"": {""value"": 0.1516115963459015, ""threshold"": 0.0, ""passed"": true}, ""hurdle_excess"": {""value"": 0.15150902012848036, ""threshold"": 0.0, ""passed"": true}, ""min_support_actual"": {""value"": 65, ""threshold"": 50, ""passed"": true}, ""is_structurally_sound"": {""value"": false, ""passed"": false}, ""trade_path_quality_score"": {""value"": 5.224838291176923e-06, ""threshold"": 0.0, ""passed"": true}}, ""failures"": [""structural_soundness_fail: ""], ""warnings"": [], ""classification"": ""research""}"
(*)|(*)|(reg_atr_change_rate_ts_band20_80==1&reg_atr_change_rate_ts_band25_75==0&reg_atr_change_rate_ts_top70==1&reg_ema20_gt_ema50_raw==1),*,*,reg_atr_change_rate_ts_band20_80==1&reg_atr_change_rate_ts_band25_75==0&reg_atr_change_rate_ts_top70==1&reg_ema20_gt_ema50_raw==1,0.26404133935769397,0.26404133935769397,0.014723705940058052,0.15525070329507193,0.04451851851851851,0.0022402560438940767,1.0,1.0,0.5185589519650655,559,,,-0.0026374332935522548,-0.0068323131352377815,0.005480278836852798,0.0056163026133358,,0.6666666666666666,,,,-0.25636893433395286,,0.08382344312482959,0.07747584647905553,0.030074388428036943,-0.0009634529765609587,7.246707358410672,-inf,-inf,9.582954197530866e-05,0.2639455098157187,3,1,1,4,4,stage_a_context,,long,4-way,True,,production,,,0.07316216014669578,-inf,primary_target,0,ranking,rejected,"{""checks"": {""n_folds"": {""value"": 3, ""threshold"": 3, ""passed"": true}, ""presence_freq"": {""value"": 1.0, ""threshold"": 0.75, ""passed"": true}, ""directional_mean_ret"": {""value"": 0.26404133935769397, ""threshold"": 0.0, ""passed"": true}, ""hurdle_excess"": {""value"": 0.2639455098157187, ""threshold"": 0.0, ""passed"": true}, ""min_support_actual"": {""value"": 559, ""threshold"": 50, ""passed"": true}, ""is_structurally_sound"": {""value"": false, ""passed"": false}, ""trade_path_quality_score"": {""value"": -0.0009634529765609587, ""threshold"": 0.0, ""passed"": false}}, ""failures"": [""structural_soundness_fail: "", ""trade_path_quality_score=-0.000963 < 0.000000""], ""warnings"": [], ""classification"": ""rejected""}"
(*)|(*)|(reg_atr_change_rate_ts_band20_80==1&reg_atr_change_rate_ts_band25_75==0&reg_atr_change_rate_ts_top70==1&reg_ema50_gt_ema200_raw==0),*,*,reg_atr_change_rate_ts_band20_80==1&reg_atr_change_rate_ts_band25_75==0&reg_atr_change_rate_ts_top70==1&reg_ema50_gt_ema200_raw==0,0.1516115963459015,0.1516115963459015,0.0070127397775650024,0.10538330301642418,0.006790123456790124,0.001665523155954573,1.0,1.0,0.7560975609756098,65,,,-0.03166845938178916,-0.03695334622673886,-0.03166845938178916,-0.026383572536839463,,0.0,,,,-0.2033515037631621,,,,0.03623904116624627,5.224838291176923e-06,4.089630300771053,-inf,-inf,0.00010257621742112485,0.15150902012848036,3,1,1,4,4,stage_a_context,,long,4-way,True,,production,,,,-inf,primary_target,0,ranking,research,"{""checks"": {""n_folds"": {""value"": 3, ""threshold"": 3, ""passed"": true}, ""presence_freq"": {""value"": 1.0, ""threshold"": 0.75, ""passed"": true}, ""directional_mean_ret"": {""value"": 0.1516115963459015, ""threshold"": 0.0, ""passed"": true}, ""hurdle_excess"": {""value"": 0.15150902012848036, ""threshold"": 0.0, ""passed"": true}, ""min_support_actual"": {""value"": 65, ""threshold"": 50, ""passed"": true}, ""is_structurally_sound"": {""value"": false, ""passed"": false}, ""trade_path_quality_score"": {""value"": 5.224838291176923e-06, ""threshold"": 0.0, ""passed"": true}}, ""failures"": [""structural_soundness_fail: ""], ""warnings"": [], ""classification"": ""research""}"
(*)|(*)|(reg_atr_change_rate_ts_band20_80==1&reg_atr_change_rate_ts_band25_75==0&reg_atr_change_rate_ts_top70==1&reg_ema50_gt_ema200_raw==1),*,*,reg_atr_change_rate_ts_band20_80==1&reg_atr_change_rate_ts_band25_75==0&reg_atr_change_rate_ts_top70==1&reg_ema50_gt_ema200_raw==1,0.26404133935769397,0.26404133935769397,0.014723705940058052,0.15525070329507193,0.04451851851851851,0.0022402560438940767,1.0,1.0,0.5185589519650655,559,,,-0.0026374332935522548,-0.0068323131352377815,0.005480278836852798,0.0056163026133358,,0.6666666666666666,,,,-0.25636893433395286,,0.08382344312482959,0.07747584647905553,0.030074388428036943,-0.0009634529765609587,7.246707358410672,-inf,-inf,9.582954197530866e-05,0.2639455098157187,3,1,1,4,4,stage_a_context,,long,4-way,True,,production,,,0.07316216014669578,-inf,primary_target,0,ranking,rejected,"{""checks"": {""n_folds"": {""value"": 3, ""threshold"": 3, ""passed"": true}, ""presence_freq"": {""value"": 1.0, ""threshold"": 0.75, ""passed"": true}, ""directional_mean_ret"": {""value"": 0.26404133935769397, ""threshold"": 0.0, ""passed"": true}, ""hurdle_excess"": {""value"": 0.2639455098157187, ""threshold"": 0.0, ""passed"": true}, ""min_support_actual"": {""value"": 559, ""threshold"": 50, ""passed"": true}, ""is_structurally_sound"": {""value"": false, ""passed"": false}, ""trade_path_quality_score"": {""value"": -0.0009634529765609587, ""threshold"": 0.0, ""passed"": false}}, ""failures"": [""structural_soundness_fail: "", ""trade_path_quality_score=-0.000963 < 0.000000""], ""warnings"": [], ""classification"": ""rejected""}"
(*)|(*)|(reg_atr_change_rate_ts_band20_80==1&reg_atr_change_rate_ts_band25_75==0&reg_atr_change_rate_ts_top80==0&reg_ema20_gt_ema50_raw==1),*,*,reg_atr_change_rate_ts_band20_80==1&reg_atr_change_rate_ts_band25_75==0&reg_atr_change_rate_ts_top80==0&reg_ema20_gt_ema50_raw==1,0.26404133935769397,0.26404133935769397,0.014723705940058052,0.15525070329507193,0.04451851851851851,0.0022402560438940767,1.0,1.0,0.5185589519650655,559,,,-0.0026374332935522548,-0.0068323131352377815,0.005480278836852798,0.0056163026133358,,0.6666666666666666,,,,-0.25636893433395286,,0.08382344312482959,0.07747584647905553,0.030074388428036943,-0.0009634529765609587,7.246707358410672,-inf,-inf,9.582954197530866e-05,0.2639455098157187,3,1,1,4,4,stage_a_context,,long,4-way,True,,production,,,0.07316216014669578,-inf,primary_target,0,ranking,rejected,"{""checks"": {""n_folds"": {""value"": 3, ""threshold"": 3, ""passed"": true}, ""presence_freq"": {""value"": 1.0, ""threshold"": 0.75, ""passed"": true}, ""directional_mean_ret"": {""value"": 0.26404133935769397, ""threshold"": 0.0, ""passed"": true}, ""hurdle_excess"": {""value"": 0.2639455098157187, ""threshold"": 0.0, ""passed"": true}, ""min_support_actual"": {""value"": 559, ""threshold"": 50, ""passed"": true}, ""is_structurally_sound"": {""value"": false, ""passed"": false}, ""trade_path_quality_score"": {""value"": -0.0009634529765609587, ""threshold"": 0.0, ""passed"": false}}, ""failures"": [""structural_soundness_fail: "", ""trade_path_quality_score=-0.000963 < 0.000000""], ""warnings"": [], ""classification"": ""rejected""}"
(*)|(*)|(reg_atr_change_rate_ts_band20_80==1&reg_atr_change_rate_ts_band25_75==0&reg_ema20_gt_ema50_raw==1),*,*,reg_atr_change_rate_ts_band20_80==1&reg_atr_change_rate_ts_band25_75==0&reg_ema20_gt_ema50_raw==1,0.26404133935769397,0.26404133935769397,0.014723705940058052,0.15525070329507193,0.04451851851851851,0.0022402560438940767,1.0,1.0,0.5185589519650655,559,,,-0.0026374332935522548,-0.0068323131352377815,0.005480278836852798,0.0056163026133358,,0.6666666666666666,,,,-0.25636893433395286,,0.08382344312482959,0.07747584647905553,0.030074388428036943,-0.0009634529765609587,7.246707358410672,-inf,-inf,7.453408820301783e-05,0.26396680526949096,3,8,8,3,3,stage_a_context,,long,3-way,True,,production,,,0.07316216014669578,-inf,primary_target,0,ranking,rejected,"{""checks"": {""n_folds"": {""value"": 3, ""threshold"": 3, ""passed"": true}, ""presence_freq"": {""value"": 1.0, ""threshold"": 0.75, ""passed"": true}, ""directional_mean_ret"": {""value"": 0.26404133935769397, ""threshold"": 0.0, ""passed"": true}, ""hurdle_excess"": {""value"": 0.26396680526949096, ""threshold"": 0.0, ""passed"": true}, ""min_support_actual"": {""value"": 559, ""threshold"": 50, ""passed"": true}, ""is_structurally_sound"": {""value"": false, ""passed"": false}, ""trade_path_quality_score"": {""value"": -0.0009634529765609587, ""threshold"": 0.0, ""passed"": false}}, ""failures"": [""structural_soundness_fail: "", ""trade_path_quality_score=-0.000963 < 0.000000""], ""warnings"": [], ""classification"": ""rejected""}"
(*)|(*)|(reg_atr_change_rate_ts_band20_80==1&reg_atr_change_rate_ts_band25_75==0&reg_ema50_gt_ema200_raw==1),*,*,reg_atr_change_rate_ts_band20_80==1&reg_atr_change_rate_ts_band25_75==0&reg_ema50_gt_ema200_raw==1,0.26404133935769397,0.26404133935769397,0.014723705940058052,0.15525070329507193,0.04451851851851851,0.0022402560438940767,1.0,1.0,0.5185589519650655,559,,,-0.0026374332935522548,-0.0068323131352377815,0.005480278836852798,0.0056163026133358,,0.6666666666666666,,,,-0.25636893433395286,,0.08382344312482959,0.07747584647905553,0.030074388428036943,-0.0009634529765609587,7.246707358410672,-inf,-inf,7.453408820301783e-05,0.26396680526949096,3,1,1,3,3,stage_a_context,,long,3-way,True,,production,,,0.07316216014669578,-inf,primary_target,0,ranking,rejected,"{""checks"": {""n_folds"": {""value"": 3, ""threshold"": 3, ""passed"": true}, ""presence_freq"": {""value"": 1.0, ""threshold"": 0.75, ""passed"": true}, ""directional_mean_ret"": {""value"": 0.26404133935769397, ""threshold"": 0.0, ""passed"": true}, ""hurdle_excess"": {""value"": 0.26396680526949096, ""threshold"": 0.0, ""passed"": true}, ""min_support_actual"": {""value"": 559, ""threshold"": 50, ""passed"": true}, ""is_structurally_sound"": {""value"": false, ""passed"": false}, ""trade_path_quality_score"": {""value"": -0.0009634529765609587, ""threshold"": 0.0, ""passed"": false}}, ""failures"": [""structural_soundness_fail: "", ""trade_path_quality_score=-0.000963 < 0.000000""], ""warnings"": [], ""classification"": ""rejected""}"
(*)|(*)|(reg_atr_change_rate_ts_band20_80==1&reg_atr_change_rate_ts_band25_75==1&reg_atr_change_rate_ts_band30_70==0&reg_atr_change_rate_ts_top30==0&reg_ema50_gt_ema200_raw==0),*,*,reg_atr_change_rate_ts_band20_80==1&reg_atr_change_rate_ts_band25_75==1&reg_atr_change_rate_ts_band30_70==0&reg_atr_change_rate_ts_top30==0&reg_ema50_gt_ema200_raw==0,0.2631906767686208,0.2631906767686208,0.016343697055675337,0.16265031695365906,0.048716049382716044,0.003122456288303651,1.0,1.0,0.5176336746302617,623,,,-0.009850880353314146,-0.014270544446681596,-0.01395917591198115,-0.007485364039280197,,0.0,,,,0.12258595182420347,,0.043209876543209874,0.0649793295217405,0.26787530981178254,-0.0011305978802505015,6.810212137749811,-inf,-inf,9.523731700960221e-05,0.2630954394516112,3,1,1,5,5,stage_a_context,,long,5-way,True,,production,,,0.03052422649743473,-inf,primary_target,0,ranking,rejected,"{""checks"": {""n_folds"": {""value"": 3, ""threshold"": 3, ""passed"": true}, ""presence_freq"": {""value"": 1.0, ""threshold"": 0.75, ""passed"": true}, ""directional_mean_ret"": {""value"": 0.2631906767686208, ""threshold"": 0.0, ""passed"": true}, ""hurdle_excess"": {""value"": 0.2630954394516112, ""threshold"": 0.0, ""passed"": true}, ""min_support_actual"": {""value"": 623, ""threshold"": 50, ""passed"": true}, ""is_structurally_sound"": {""value"": false, ""passed"": false}, ""trade_path_quality_score"": {""value"": -0.0011305978802505015, ""threshold"": 0.0, ""passed"": false}}, ""failures"": [""structural_soundness_fail: "", ""trade_path_quality_score=-0.001131 < 0.000000""], ""warnings"": [], ""classification"": ""rejected""}"
(*)|(*)|(reg_atr_change_rate_ts_band20_80==1&reg_atr_change_rate_ts_band25_75==1&reg_atr_change_rate_ts_band30_70==0&reg_atr_change_rate_ts_top30==1&reg_ema50_gt_ema200_raw==0),*,*,reg_atr_change_rate_ts_band20_80==1&reg_atr_change_rate_ts_band25_75==1&reg_atr_change_rate_ts_band30_70==0&reg_atr_change_rate_ts_top30==1&reg_ema50_gt_ema200_raw==0,0.21194550891717276,0.21194550891717276,0.012389019736078427,0.13626326123873392,0.01362962962962963,0.0009389211526830393,1.0,1.0,0.555956678700361,168,,,-0.03428889503203047,-0.03827787997669137,-0.02806942516342531,-0.027190175153066987,,0.0,,,,-0.026103993552277372,,0.09051724137931035,0.07438342326933012,0.029952136830887526,-4.8497156070064085e-06,6.135220493340273,-inf,-inf,0.00010116302345679012,0.21184434589371598,3,1,1,5,5,stage_a_context,,long,5-way,True,,production,,,0.20276736446922738,-inf,primary_target,0,ranking,rejected,"{""checks"": {""n_folds"": {""value"": 3, ""threshold"": 3, ""passed"": true}, ""presence_freq"": {""value"": 1.0, ""threshold"": 0.75, ""passed"": true}, ""directional_mean_ret"": {""value"": 0.21194550891717276, ""threshold"": 0.0, ""passed"": true}, ""hurdle_excess"": {""value"": 0.21184434589371598, ""threshold"": 0.0, ""passed"": true}, ""min_support_actual"": {""value"": 168, ""threshold"": 50, ""passed"": true}, ""is_structurally_sound"": {""value"": false, ""passed"": false}, ""trade_path_quality_score"": {""value"": -4.8497156070064085e-06, ""threshold"": 0.0, ""passed"": false}}, ""failures"": [""structural_soundness_fail: "", ""trade_path_quality_score=-0.000005 < 0.000000""], ""warnings"": [], ""classification"": ""rejected""}"
(*)|(*)|(reg_atr_change_rate_ts_band20_80==1&reg_atr_change_rate_ts_band25_75==1&reg_atr_change_rate_ts_band30_70==0&reg_ema50_gt_ema200_raw==1),*,*,reg_atr_change_rate_ts_band20_80==1&reg_atr_change_rate_ts_band25_75==1&reg_atr_change_rate_ts_band30_70==0&reg_ema50_gt_ema200_raw==1,0.26811592777570087,0.26811592777570087,0.014840706869442359,0.15881633758544922,0.038148148148148146,0.002630064300712094,1.0,1.0,0.5351351351351351,466,,,0.00087952286125532,-0.007669188077046325,-0.0012768185386371098,0.00835006309961075,,0.3333333333333333,,,,-0.32207472992326813,,0.21778350515463918,0.10700237259438726,0.0310612806529075,-0.0012521916117486911,7.383601547710628,-inf,-inf,9.678891975308642e-05,0.2680191388559478,3,1,1,4,4,stage_a_context,,long,4-way,True,,production,,,0.05042428249816674,-inf,primary_target,0,ranking,rejected,"{""checks"": {""n_folds"": {""value"": 3, ""threshold"": 3, ""passed"": true}, ""presence_freq"": {""value"": 1.0, ""threshold"": 0.75, ""passed"": true}, ""directional_mean_ret"": {""value"": 0.26811592777570087, ""threshold"": 0.0, ""passed"": true}, ""hurdle_excess"": {""value"": 0.2680191388559478, ""threshold"": 0.0, ""passed"": true}, ""min_support_actual"": {""value"": 466, ""threshold"": 50, ""passed"": true}, ""is_structurally_sound"": {""value"": false, ""passed"": false}, ""trade_path_quality_score"": {""value"": -0.0012521916117486911, ""threshold"": 0.0, ""passed"": false}}, ""failures"": [""structural_soundness_fail: "", ""trade_path_quality_score=-0.001252 < 0.000000""], ""warnings"": [], ""classification"": ""rejected""}"
(*)|(*)|(reg_atr_change_rate_ts_band20_80==1&reg_atr_change_rate_ts_band25_75==1&reg_atr_change_rate_ts_band40_60==0&reg_atr_change_rate_ts_bot70==0&reg_atr_change_rate_ts_top40==1&reg_ema50_gt_ema200_raw==0),*,*,reg_atr_change_rate_ts_band20_80==1&reg_atr_change_rate_ts_band25_75==1&reg_atr_change_rate_ts_band40_60==0&reg_atr_change_rate_ts_bot70==0&reg_atr_change_rate_ts_top40==1&reg_ema50_gt_ema200_raw==0,0.21194550891717276,0.21194550891717276,0.012389019736078427,0.13626326123873392,0.01362962962962963,0.0009389211526830393,1.0,1.0,0.555956678700361,168,,,-0.03428889503203047,-0.03827787997669137,-0.02806942516342531,-0.027190175153066987,,0.0,,,,-0.026103993552277372,,0.09051724137931035,0.07438342326933012,0.029952136830887526,-4.8497156070064085e-06,6.135220493340273,-inf,-inf,0.00010116302345679012,0.21184434589371598,3,1,1,6,6,stage_a_context,,long,6-way,True,,production,,,0.20276736446922738,-inf,primary_target,0,ranking,rejected,"{""checks"": {""n_folds"": {""value"": 3, ""threshold"": 3, ""passed"": true}, ""presence_freq"": {""value"": 1.0, ""threshold"": 0.75, ""passed"": true}, ""directional_mean_ret"": {""value"": 0.21194550891717276, ""threshold"": 0.0, ""passed"": true}, ""hurdle_excess"": {""value"": 0.21184434589371598, ""threshold"": 0.0, ""passed"": true}, ""min_support_actual"": {""value"": 168, ""threshold"": 50, ""passed"": true}, ""is_structurally_sound"": {""value"": false, ""passed"": false}, ""trade_path_quality_score"": {""value"": -4.8497156070064085e-06, ""threshold"": 0.0, ""passed"": false}}, ""failures"": [""structural_soundness_fail: "", ""trade_path_quality_score=-0.000005 < 0.000000""], ""warnings"": [], ""classification"": ""rejected""}"
(*)|(*)|(reg_atr_change_rate_ts_band20_80==1&reg_atr_change_rate_ts_band25_75==1&reg_atr_change_rate_ts_band40_60==0&reg_atr_change_rate_ts_bot70==0&reg_atr_change_rate_ts_top40==1&reg_ema50_gt_ema200_raw==1),*,*,reg_atr_change_rate_ts_band20_80==1&reg_atr_change_rate_ts_band25_75==1&reg_atr_change_rate_ts_band40_60==0&reg_atr_change_rate_ts_bot70==0&reg_atr_change_rate_ts_top40==1&reg_ema50_gt_ema200_raw==1,0.26811592777570087,0.26811592777570087,0.014840706869442359,0.15881633758544922,0.038148148148148146,0.002630064300712094,1.0,1.0,0.5351351351351351,466,,,0.00087952286125532,-0.007669188077046325,-0.0012768185386371098,0.00835006309961075,,0.3333333333333333,,,,-0.32207472992326813,,0.21778350515463918,0.10700237259438726,0.0310612806529075,-0.0012521916117486911,7.383601547710628,-inf,-inf,9.678891975308642e-05,0.2680191388559478,3,1,1,6,6,stage_a_context,,long,6-way,True,,production,,,0.05042428249816674,-inf,primary_target,0,ranking,rejected,"{""checks"": {""n_folds"": {""value"": 3, ""threshold"": 3, ""passed"": true}, ""presence_freq"": {""value"": 1.0, ""threshold"": 0.75, ""passed"": true}, ""directional_mean_ret"": {""value"": 0.26811592777570087, ""threshold"": 0.0, ""passed"": true}, ""hurdle_excess"": {""value"": 0.2680191388559478, ""threshold"": 0.0, ""passed"": true}, ""min_support_actual"": {""value"": 466, ""threshold"": 50, ""passed"": true}, ""is_structurally_sound"": {""value"": false, ""passed"": false}, ""trade_path_quality_score"": {""value"": -0.0012521916117486911, ""threshold"": 0.0, ""passed"": false}}, ""failures"": [""structural_soundness_fail: "", ""trade_path_quality_score=-0.001252 < 0.000000""], ""warnings"": [], ""classification"": ""rejected""}"
(*)|(*)|(reg_atr_change_rate_ts_band20_80==1&reg_atr_change_rate_ts_band25_75==1&reg_atr_change_rate_ts_band40_60==0&reg_atr_change_rate_ts_bot70==0&reg_ema20_gt_ema50_raw==0),*,*,reg_atr_change_rate_ts_band20_80==1&reg_atr_change_rate_ts_band25_75==1&reg_atr_change_rate_ts_band40_60==0&reg_atr_change_rate_ts_bot70==0&reg_ema20_gt_ema50_raw==0,0.21194550891717276,0.21194550891717276,0.012389019736078427,0.13626326123873392,0.01362962962962963,0.0009389211526830393,1.0,1.0,0.555956678700361,168,,,-0.03428889503203047,-0.03827787997669137,-0.02806942516342531,-0.027190175153066987,,0.0,,,,-0.026103993552277372,,0.09051724137931035,0.07438342326933012,0.029952136830887526,-4.8497156070064085e-06,6.135220493340273,-inf,-inf,0.00010116302345679012,0.21184434589371598,3,1,1,5,5,stage_a_context,,long,5-way,True,,production,,,0.20276736446922738,-inf,primary_target,0,ranking,rejected,"{""checks"": {""n_folds"": {""value"": 3, ""threshold"": 3, ""passed"": true}, ""presence_freq"": {""value"": 1.0, ""threshold"": 0.75, ""passed"": true}, ""directional_mean_ret"": {""value"": 0.21194550891717276, ""threshold"": 0.0, ""passed"": true}, ""hurdle_excess"": {""value"": 0.21184434589371598, ""threshold"": 0.0, ""passed"": true}, ""min_support_actual"": {""value"": 168, ""threshold"": 50, ""passed"": true}, ""is_structurally_sound"": {""value"": false, ""passed"": false}, ""trade_path_quality_score"": {""value"": -4.8497156070064085e-06, ""threshold"": 0.0, ""passed"": false}}, ""failures"": [""structural_soundness_fail: "", ""trade_path_quality_score=-0.000005 < 0.000000""], ""warnings"": [], ""classification"": ""rejected""}"
(*)|(*)|(reg_atr_change_rate_ts_band20_80==1&reg_atr_change_rate_ts_band25_75==1&reg_atr_change_rate_ts_band40_60==0&reg_atr_change_rate_ts_bot70==0&reg_ema20_gt_ema50_raw==1),*,*,reg_atr_change_rate_ts_band20_80==1&reg_atr_change_rate_ts_band25_75==1&reg_atr_change_rate_ts_band40_60==0&reg_atr_change_rate_ts_bot70==0&reg_ema20_gt_ema50_raw==1,0.26811592777570087,0.26811592777570087,0.014840706869442359,0.15881633758544922,0.038148148148148146,0.002630064300712094,1.0,1.0,0.5351351351351351,466,,,0.00087952286125532,-0.007669188077046325,-0.0012768185386371098,0.00835006309961075,,0.3333333333333333,,,,-0.32207472992326813,,0.21778350515463918,0.10700237259438726,0.0310612806529075,-0.0012521916117486911,7.383601547710628,-inf,-inf,9.678891975308642e-05,0.2680191388559478,3,1,1,5,5,stage_a_context,,long,5-way,True,,production,,,0.05042428249816674,-inf,primary_target,0,ranking,rejected,"{""checks"": {""n_folds"": {""value"": 3, ""threshold"": 3, ""passed"": true}, ""presence_freq"": {""value"": 1.0, ""threshold"": 0.75, ""passed"": true}, ""directional_mean_ret"": {""value"": 0.26811592777570087, ""threshold"": 0.0, ""passed"": true}, ""hurdle_excess"": {""value"": 0.2680191388559478, ""threshold"": 0.0, ""passed"": true}, ""min_support_actual"": {""value"": 466, ""threshold"": 50, ""passed"": true}, ""is_structurally_sound"": {""value"": false, ""passed"": false}, ""trade_path_quality_score"": {""value"": -0.0012521916117486911, ""threshold"": 0.0, ""passed"": false}}, ""failures"": [""structural_soundness_fail: "", ""trade_path_quality_score=-0.001252 < 0.000000""], ""warnings"": [], ""classification"": ""rejected""}"
(*)|(*)|(reg_atr_change_rate_ts_band20_80==1&reg_atr_change_rate_ts_band25_75==1&reg_atr_change_rate_ts_band40_60==0&reg_atr_change_rate_ts_bot70==1&reg_atr_change_rate_ts_top30==0&reg_ema20_gt_ema50_raw==0),*,*,reg_atr_change_rate_ts_band20_80==1&reg_atr_change_rate_ts_band25_75==1&reg_atr_change_rate_ts_band40_60==0&reg_atr_change_rate_ts_bot70==1&reg_atr_change_rate_ts_top30==0&reg_ema20_gt_ema50_raw==0,0.2631906767686208,0.2631906767686208,0.016343697055675337,0.16265031695365906,0.048716049382716044,0.003122456288303651,1.0,1.0,0.5176336746302617,623,,,-0.009850880353314146,-0.014270544446681596,-0.01395917591198115,-0.007485364039280197,,0.0,,,,0.12258595182420347,,0.043209876543209874,0.0649793295217405,0.26787530981178254,-0.0011305978802505015,6.810212137749811,-inf,-inf,9.523731700960221e-05,0.2630954394516112,3,1,1,6,6,stage_a_context,,long,6-way,True,,production,,,0.03052422649743473,-inf,primary_target,0,ranking,rejected,"{""checks"": {""n_folds"": {""value"": 3, ""threshold"": 3, ""passed"": true}, ""presence_freq"": {""value"": 1.0, ""threshold"": 0.75, ""passed"": true}, ""directional_mean_ret"": {""value"": 0.2631906767686208, ""threshold"": 0.0, ""passed"": true}, ""hurdle_excess"": {""value"": 0.2630954394516112, ""threshold"": 0.0, ""passed"": true}, ""min_support_actual"": {""value"": 623, ""threshold"": 50, ""passed"": true}, ""is_structurally_sound"": {""value"": false, ""passed"": false}, ""trade_path_quality_score"": {""value"": -0.0011305978802505015, ""threshold"": 0.0, ""passed"": false}}, ""failures"": [""structural_soundness_fail: "", ""trade_path_quality_score=-0.001131 < 0.000000""], ""warnings"": [], ""classification"": ""rejected""}"
(*)|(*)|(reg_atr_change_rate_ts_band20_80==1&reg_atr_change_rate_ts_band25_75==1&reg_atr_change_rate_ts_band40_60==0&reg_atr_change_rate_ts_bot70==1&reg_atr_change_rate_ts_top30==0&reg_ema50_gt_ema200_raw==0),*,*,reg_atr_change_rate_ts_band20_80==1&reg_atr_change_rate_ts_band25_75==1&reg_atr_change_rate_ts_band40_60==0&reg_atr_change_rate_ts_bot70==1&reg_atr_change_rate_ts_top30==0&reg_ema50_gt_ema200_raw==0,0.2631906767686208,0.2631906767686208,0.016343697055675337,0.16265031695365906,0.048716049382716044,0.003122456288303651,1.0,1.0,0.5176336746302617,623,,,-0.009850880353314146,-0.014270544446681596,-0.01395917591198115,-0.007485364039280197,,0.0,,,,0.12258595182420347,,0.043209876543209874,0.0649793295217405,0.26787530981178254,-0.0011305978802505015,6.810212137749811,-inf,-inf,9.523731700960221e-05,0.2630954394516112,3,1,1,6,6,stage_a_context,,long,6-way,True,,production,,,0.03052422649743473,-inf,primary_target,0,ranking,rejected,"{""checks"": {""n_folds"": {""value"": 3, ""threshold"": 3, ""passed"": true}, ""presence_freq"": {""value"": 1.0, ""threshold"": 0.75, ""passed"": true}, ""directional_mean_ret"": {""value"": 0.2631906767686208, ""threshold"": 0.0, ""passed"": true}, ""hurdle_excess"": {""value"": 0.2630954394516112, ""threshold"": 0.0, ""passed"": true}, ""min_support_actual"": {""value"": 623, ""threshold"": 50, ""passed"": true}, ""is_structurally_sound"": {""value"": false, ""passed"": false}, ""trade_path_quality_score"": {""value"": -0.0011305978802505015, ""threshold"": 0.0, ""passed"": false}}, ""failures"": [""structural_soundness_fail: "", ""trade_path_quality_score=-0.001131 < 0.000000""], ""warnings"": [], ""classification"": ""rejected""}"
(*)|(*)|(reg_atr_change_rate_ts_band20_80==1&reg_atr_change_rate_ts_band25_75==1&reg_atr_change_rate_ts_band40_60==0&reg_atr_change_rate_ts_top30==0&reg_atr_change_rate_ts_top40==0),*,*,reg_atr_change_rate_ts_band20_80==1&reg_atr_change_rate_ts_band25_75==1&reg_atr_change_rate_ts_band40_60==0&reg_atr_change_rate_ts_top30==0&reg_atr_change_rate_ts_top40==0,0.2631906767686208,0.2631906767686208,0.016343697055675337,0.16265031695365906,0.048716049382716044,0.003122456288303651,1.0,1.0,0.5176336746302617,623,,,-0.009850880353314146,-0.014270544446681596,-0.01395917591198115,-0.007485364039280197,,0.0,,,,0.12258595182420347,,0.043209876543209874,0.0649793295217405,0.26787530981178254,-0.0011305978802505015,6.810212137749811,-inf,-inf,9.523731700960221e-05,0.2630954394516112,3,1,1,5,5,stage_a_context,,long,5-way,True,,production,,,0.03052422649743473,-inf,primary_target,0,ranking,rejected,"{""checks"": {""n_folds"": {""value"": 3, ""threshold"": 3, ""passed"": true}, ""presence_freq"": {""value"": 1.0, ""threshold"": 0.75, ""passed"": true}, ""directional_mean_ret"": {""value"": 0.2631906767686208, ""threshold"": 0.0, ""passed"": true}, ""hurdle_excess"": {""value"": 0.2630954394516112, ""threshold"": 0.0, ""passed"": true}, ""min_support_actual"": {""value"": 623, ""threshold"": 50, ""passed"": true}, ""is_structurally_sound"": {""value"": false, ""passed"": false}, ""trade_path_quality_score"": {""value"": -0.0011305978802505015, ""threshold"": 0.0, ""passed"": false}}, ""failures"": [""structural_soundness_fail: "", ""trade_path_quality_score=-0.001131 < 0.000000""], ""warnings"": [], ""classification"": ""rejected""}"
(*)|(*)|(reg_atr_change_rate_ts_band20_80==1&reg_atr_change_rate_ts_band25_75==1&reg_atr_change_rate_ts_band40_60==0&reg_atr_change_rate_ts_top30==0&reg_atr_change_rate_ts_top70==0&reg_ema50_gt_ema200_raw==0),*,*,reg_atr_change_rate_ts_band20_80==1&reg_atr_change_rate_ts_band25_75==1&reg_atr_change_rate_ts_band40_60==0&reg_atr_change_rate_ts_top30==0&reg_atr_change_rate_ts_top70==0&reg_ema50_gt_ema200_raw==0,0.2631906767686208,0.2631906767686208,0.016343697055675337,0.16265031695365906,0.048716049382716044,0.003122456288303651,1.0,1.0,0.5176336746302617,623,,,-0.009850880353314146,-0.014270544446681596,-0.01395917591198115,-0.007485364039280197,,0.0,,,,0.12258595182420347,,0.043209876543209874,0.0649793295217405,0.26787530981178254,-0.0011305978802505015,6.810212137749811,-inf,-inf,9.523731700960221e-05,0.2630954394516112,3,1,1,6,6,stage_a_context,,long,6-way,True,,production,,,0.03052422649743473,-inf,primary_target,0,ranking,rejected,"{""checks"": {""n_folds"": {""value"": 3, ""threshold"": 3, ""passed"": true}, ""presence_freq"": {""value"": 1.0, ""threshold"": 0.75, ""passed"": true}, ""directional_mean_ret"": {""value"": 0.2631906767686208, ""threshold"": 0.0, ""passed"": true}, ""hurdle_excess"": {""value"": 0.2630954394516112, ""threshold"": 0.0, ""passed"": true}, ""min_support_actual"": {""value"": 623, ""threshold"": 50, ""passed"": true}, ""is_structurally_sound"": {""value"": false, ""passed"": false}, ""trade_path_quality_score"": {""value"": -0.0011305978802505015, ""threshold"": 0.0, ""passed"": false}}, ""failures"": [""structural_soundness_fail: "", ""trade_path_quality_score=-0.001131 < 0.000000""], ""warnings"": [], ""classification"": ""rejected""}"
(*)|(*)|(reg_atr_change_rate_ts_band20_80==1&reg_atr_change_rate_ts_band25_75==1&reg_atr_change_rate_ts_band40_60==0&reg_atr_change_rate_ts_top30==0),*,*,reg_atr_change_rate_ts_band20_80==1&reg_atr_change_rate_ts_band25_75==1&reg_atr_change_rate_ts_band40_60==0&reg_atr_change_rate_ts_top30==0,0.2631906767686208,0.2631906767686208,0.016343697055675337,0.16265031695365906,0.048716049382716044,0.003122456288303651,1.0,1.0,0.5176336746302617,623,,,-0.009850880353314146,-0.014270544446681596,-0.01395917591198115,-0.007485364039280197,,0.0,,,,0.12258595182420347,,0.043209876543209874,0.0649793295217405,0.26787530981178254,-0.0011305978802505015,6.810212137749811,-inf,-inf,9.523731700960221e-05,0.2630954394516112,3,1,1,4,4,stage_a_context,,long,4-way,True,,production,,,0.03052422649743473,-inf,primary_target,0,ranking,rejected,"{""checks"": {""n_folds"": {""value"": 3, ""threshold"": 3, ""passed"": true}, ""presence_freq"": {""value"": 1.0, ""threshold"": 0.75, ""passed"": true}, ""directional_mean_ret"": {""value"": 0.2631906767686208, ""threshold"": 0.0, ""passed"": true}, ""hurdle_excess"": {""value"": 0.2630954394516112, ""threshold"": 0.0, ""passed"": true}, ""min_support_actual"": {""value"": 623, ""threshold"": 50, ""passed"": true}, ""is_structurally_sound"": {""value"": false, ""passed"": false}, ""trade_path_quality_score"": {""value"": -0.0011305978802505015, ""threshold"": 0.0, ""passed"": false}}, ""failures"": [""structural_soundness_fail: "", ""trade_path_quality_score=-0.001131 < 0.000000""], ""warnings"": [], ""classification"": ""rejected""}"
(*)|(*)|(reg_atr_change_rate_ts_band20_80==1&reg_atr_change_rate_ts_band25_75==1&reg_atr_change_rate_ts_band40_60==0&reg_atr_change_rate_ts_top30==1&reg_atr_change_rate_ts_top70==1&reg_ema50_gt_ema200_raw==0),*,*,reg_atr_change_rate_ts_band20_80==1&reg_atr_change_rate_ts_band25_75==1&reg_atr_change_rate_ts_band40_60==0&reg_atr_change_rate_ts_top30==1&reg_atr_change_rate_ts_top70==1&reg_ema50_gt_ema200_raw==0,0.21194550891717276,0.21194550891717276,0.012389019736078427,0.13626326123873392,0.01362962962962963,0.0009389211526830393,1.0,1.0,0.555956678700361,168,,,-0.03428889503203047,-0.03827787997669137,-0.02806942516342531,-0.027190175153066987,,0.0,,,,-0.026103993552277372,,0.09051724137931035,0.07438342326933012,0.029952136830887526,-4.8497156070064085e-06,6.135220493340273,-inf,-inf,0.00010116302345679012,0.21184434589371598,3,1,1,6,6,stage_a_context,,long,6-way,True,,production,,,0.20276736446922738,-inf,primary_target,0,ranking,rejected,"{""checks"": {""n_folds"": {""value"": 3, ""threshold"": 3, ""passed"": true}, ""presence_freq"": {""value"": 1.0, ""threshold"": 0.75, ""passed"": true}, ""directional_mean_ret"": {""value"": 0.21194550891717276, ""threshold"": 0.0, ""passed"": true}, ""hurdle_excess"": {""value"": 0.21184434589371598, ""threshold"": 0.0, ""passed"": true}, ""min_support_actual"": {""value"": 168, ""threshold"": 50, ""passed"": true}, ""is_structurally_sound"": {""value"": false, ""passed"": false}, ""trade_path_quality_score"": {""value"": -4.8497156070064085e-06, ""threshold"": 0.0, ""passed"": false}}, ""failures"": [""structural_soundness_fail: "", ""trade_path_quality_score=-0.000005 < 0.000000""], ""warnings"": [], ""classification"": ""rejected""}"
(*)|(*)|(reg_atr_change_rate_ts_band20_80==1&reg_atr_change_rate_ts_band25_75==1&reg_atr_change_rate_ts_band40_60==0&reg_atr_change_rate_ts_top30==1&reg_atr_change_rate_ts_top70==1&reg_ema50_gt_ema200_raw==1),*,*,reg_atr_change_rate_ts_band20_80==1&reg_atr_change_rate_ts_band25_75==1&reg_atr_change_rate_ts_band40_60==0&reg_atr_change_rate_ts_top30==1&reg_atr_change_rate_ts_top70==1&reg_ema50_gt_ema200_raw==1,0.26811592777570087,0.26811592777570087,0.014840706869442359,0.15881633758544922,0.038148148148148146,0.002630064300712094,1.0,1.0,0.5351351351351351,466,,,0.00087952286125532,-0.007669188077046325,-0.0012768185386371098,0.00835006309961075,,0.3333333333333333,,,,-0.32207472992326813,,0.21778350515463918,0.10700237259438726,0.0310612806529075,-0.0012521916117486911,7.383601547710628,-inf,-inf,9.678891975308642e-05,0.2680191388559478,3,1,1,6,6,stage_a_context,,long,6-way,True,,production,,,0.05042428249816674,-inf,primary_target,0,ranking,rejected,"{""checks"": {""n_folds"": {""value"": 3, ""threshold"": 3, ""passed"": true}, ""presence_freq"": {""value"": 1.0, ""threshold"": 0.75, ""passed"": true}, ""directional_mean_ret"": {""value"": 0.26811592777570087, ""threshold"": 0.0, ""passed"": true}, ""hurdle_excess"": {""value"": 0.2680191388559478, ""threshold"": 0.0, ""passed"": true}, ""min_support_actual"": {""value"": 466, ""threshold"": 50, ""passed"": true}, ""is_structurally_sound"": {""value"": false, ""passed"": false}, ""trade_path_quality_score"": {""value"": -0.0012521916117486911, ""threshold"": 0.0, ""passed"": false}}, ""failures"": [""structural_soundness_fail: "", ""trade_path_quality_score=-0.001252 < 0.000000""], ""warnings"": [], ""classification"": ""rejected""}"
(*)|(*)|(reg_atr_change_rate_ts_band20_80==1&reg_atr_change_rate_ts_band25_75==1&reg_atr_change_rate_ts_band40_60==0&reg_atr_change_rate_ts_top70==0&reg_ema50_gt_ema200_raw==1),*,*,reg_atr_change_rate_ts_band20_80==1&reg_atr_change_rate_ts_band25_75==1&reg_atr_change_rate_ts_band40_60==0&reg_atr_change_rate_ts_top70==0&reg_ema50_gt_ema200_raw==1,0.2807053178548813,0.2807053178548813,0.023845703293324447,0.16661095122496286,0.023333333333333334,0.011838109316534246,1.0,1.0,0.5064027939464494,184,,,0.012582964136284921,0.0018495305653484784,0.011763950322865107,0.022906890800511455,,0.6666666666666666,,,,-0.13929375522382334,,,,0.03623904116624627,-0.00022925947978603658,7.7040027462208736,-inf,-inf,9.93025e-05,0.2806060153548813,3,1,1,5,5,stage_a_context,,long,5-way,True,,production,,,0.006987253386414816,-inf,primary_target,0,ranking,rejected,"{""checks"": {""n_folds"": {""value"": 3, ""threshold"": 3, ""passed"": true}, ""presence_freq"": {""value"": 1.0, ""threshold"": 0.75, ""passed"": true}, ""directional_mean_ret"": {""value"": 0.2807053178548813, ""threshold"": 0.0, ""passed"": true}, ""hurdle_excess"": {""value"": 0.2806060153548813, ""threshold"": 0.0, ""passed"": true}, ""min_support_actual"": {""value"": 184, ""threshold"": 50, ""passed"": true}, ""is_structurally_sound"": {""value"": false, ""passed"": false}, ""trade_path_quality_score"": {""value"": -0.00022925947978603658, ""threshold"": 0.0, ""passed"": false}}, ""failures"": [""structural_soundness_fail: "", ""trade_path_quality_score=-0.000229 < 0.000000""], ""warnings"": [], ""classification"": ""rejected""}"
(*)|(*)|(reg_atr_change_rate_ts_band20_80==1&reg_atr_change_rate_ts_band25_75==1&reg_atr_change_rate_ts_band40_60==0&reg_atr_change_rate_ts_top70==1&reg_ema20_gt_ema50_raw==0),*,*,reg_atr_change_rate_ts_band20_80==1&reg_atr_change_rate_ts_band25_75==1&reg_atr_change_rate_ts_band40_60==0&reg_atr_change_rate_ts_top70==1&reg_ema20_gt_ema50_raw==0,0.21194550891717276,0.21194550891717276,0.012389019736078427,0.13626326123873392,0.01362962962962963,0.0009389211526830393,1.0,1.0,0.555956678700361,168,,,-0.03428889503203047,-0.03827787997669137,-0.02806942516342531,-0.027190175153066987,,0.0,,,,-0.026103993552277372,,0.09051724137931035,0.07438342326933012,0.029952136830887526,-4.8497156070064085e-06,6.135220493340273,-inf,-inf,0.00010116302345679012,0.21184434589371598,3,2,2,5,5,stage_a_context,,long,5-way,True,,production,,,0.20276736446922738,-inf,primary_target,0,ranking,rejected,"{""checks"": {""n_folds"": {""value"": 3, ""threshold"": 3, ""passed"": true}, ""presence_freq"": {""value"": 1.0, ""threshold"": 0.75, ""passed"": true}, ""directional_mean_ret"": {""value"": 0.21194550891717276, ""threshold"": 0.0, ""passed"": true}, ""hurdle_excess"": {""value"": 0.21184434589371598, ""threshold"": 0.0, ""passed"": true}, ""min_support_actual"": {""value"": 168, ""threshold"": 50, ""passed"": true}, ""is_structurally_sound"": {""value"": false, ""passed"": false}, ""trade_path_quality_score"": {""value"": -4.8497156070064085e-06, ""threshold"": 0.0, ""passed"": false}}, ""failures"": [""structural_soundness_fail: "", ""trade_path_quality_score=-0.000005 < 0.000000""], ""warnings"": [], ""classification"": ""rejected""}"
(*)|(*)|(reg_atr_change_rate_ts_band20_80==1&reg_atr_change_rate_ts_band25_75==1&reg_atr_change_rate_ts_band40_60==0&reg_atr_change_rate_ts_top70==1&reg_ema20_gt_ema50_raw==1),*,*,reg_atr_change_rate_ts_band20_80==1&reg_atr_change_rate_ts_band25_75==1&reg_atr_change_rate_ts_band40_60==0&reg_atr_change_rate_ts_top70==1&reg_ema20_gt_ema50_raw==1,0.26811592777570087,0.26811592777570087,0.014840706869442359,0.15881633758544922,0.038148148148148146,0.002630064300712094,1.0,1.0,0.5351351351351351,466,,,0.00087952286125532,-0.007669188077046325,-0.0012768185386371098,0.00835006309961075,,0.3333333333333333,,,,-0.32207472992326813,,0.21778350515463918,0.10700237259438726,0.0310612806529075,-0.0012521916117486911,7.383601547710628,-inf,-inf,9.678891975308642e-05,0.2680191388559478,3,2,2,5,5,stage_a_context,,long,5-way,True,,production,,,0.05042428249816674,-inf,primary_target,0,ranking,rejected,"{""checks"": {""n_folds"": {""value"": 3, ""threshold"": 3, ""passed"": true}, ""presence_freq"": {""value"": 1.0, ""threshold"": 0.75, ""passed"": true}, ""directional_mean_ret"": {""value"": 0.26811592777570087, ""threshold"": 0.0, ""passed"": true}, ""hurdle_excess"": {""value"": 0.2680191388559478, ""threshold"": 0.0, ""passed"": true}, ""min_support_actual"": {""value"": 466, ""threshold"": 50, ""passed"": true}, ""is_structurally_sound"": {""value"": false, ""passed"": false}, ""trade_path_quality_score"": {""value"": -0.0012521916117486911, ""threshold"": 0.0, ""passed"": false}}, ""failures"": [""structural_soundness_fail: "", ""trade_path_quality_score=-0.001252 < 0.000000""], ""warnings"": [], ""classification"": ""rejected""}"
(*)|(*)|(reg_atr_change_rate_ts_band20_80==1&reg_atr_change_rate_ts_band25_75==1&reg_atr_change_rate_ts_band40_60==0&reg_atr_change_rate_ts_top70==1&reg_ema50_gt_ema200_raw==0),*,*,reg_atr_change_rate_ts_band20_80==1&reg_atr_change_rate_ts_band25_75==1&reg_atr_change_rate_ts_band40_60==0&reg_atr_change_rate_ts_top70==1&reg_ema50_gt_ema200_raw==0,0.21194550891717276,0.21194550891717276,0.012389019736078427,0.13626326123873392,0.01362962962962963,0.0009389211526830393,1.0,1.0,0.555956678700361,168,,,-0.03428889503203047,-0.03827787997669137,-0.02806942516342531,-0.027190175153066987,,0.0,,,,-0.026103993552277372,,0.09051724137931035,0.07438342326933012,0.029952136830887526,-4.8497156070064085e-06,6.135220493340273,-inf,-inf,0.00010116302345679012,0.21184434589371598,3,1,1,5,5,stage_a_context,,long,5-way,True,,production,,,0.20276736446922738,-inf,primary_target,0,ranking,rejected,"{""checks"": {""n_folds"": {""value"": 3, ""threshold"": 3, ""passed"": true}, ""presence_freq"": {""value"": 1.0, ""threshold"": 0.75, ""passed"": true}, ""directional_mean_ret"": {""value"": 0.21194550891717276, ""threshold"": 0.0, ""passed"": true}, ""hurdle_excess"": {""value"": 0.21184434589371598, ""threshold"": 0.0, ""passed"": true}, ""min_support_actual"": {""value"": 168, ""threshold"": 50, ""passed"": true}, ""is_structurally_sound"": {""value"": false, ""passed"": false}, ""trade_path_quality_score"": {""value"": -4.8497156070064085e-06, ""threshold"": 0.0, ""passed"": false}}, ""failures"": [""structural_soundness_fail: "", ""trade_path_quality_score=-0.000005 < 0.000000""], ""warnings"": [], ""classification"": ""rejected""}"
(*)|(*)|(reg_atr_change_rate_ts_band20_80==1&reg_atr_change_rate_ts_band25_75==1&reg_atr_change_rate_ts_band40_60==0&reg_atr_change_rate_ts_top70==1&reg_ema50_gt_ema200_raw==1),*,*,reg_atr_change_rate_ts_band20_80==1&reg_atr_change_rate_ts_band25_75==1&reg_atr_change_rate_ts_band40_60==0&reg_atr_change_rate_ts_top70==1&reg_ema50_gt_ema200_raw==1,0.26811592777570087,0.26811592777570087,0.014840706869442359,0.15881633758544922,0.038148148148148146,0.002630064300712094,1.0,1.0,0.5351351351351351,466,,,0.00087952286125532,-0.007669188077046325,-0.0012768185386371098,0.00835006309961075,,0.3333333333333333,,,,-0.32207472992326813,,0.21778350515463918,0.10700237259438726,0.0310612806529075,-0.0012521916117486911,7.383601547710628,-inf,-inf,9.678891975308642e-05,0.2680191388559478,3,1,1,5,5,stage_a_context,,long,5-way,True,,production,,,0.05042428249816674,-inf,primary_target,0,ranking,rejected,"{""checks"": {""n_folds"": {""value"": 3, ""threshold"": 3, ""passed"": true}, ""presence_freq"": {""value"": 1.0, ""threshold"": 0.75, ""passed"": true}, ""directional_mean_ret"": {""value"": 0.26811592777570087, ""threshold"": 0.0, ""passed"": true}, ""hurdle_excess"": {""value"": 0.2680191388559478, ""threshold"": 0.0, ""passed"": true}, ""min_support_actual"": {""value"": 466, ""threshold"": 50, ""passed"": true}, ""is_structurally_sound"": {""value"": false, ""passed"": false}, ""trade_path_quality_score"": {""value"": -0.0012521916117486911, ""threshold"": 0.0, ""passed"": false}}, ""failures"": [""structural_soundness_fail: "", ""trade_path_quality_score=-0.001252 < 0.000000""], ""warnings"": [], ""classification"": ""rejected""}"
(*)|(*)|(reg_atr_change_rate_ts_band20_80==1&reg_atr_change_rate_ts_band25_75==1&reg_atr_change_rate_ts_bot70==0&reg_ema20_gt_ema50_raw==0),*,*,reg_atr_change_rate_ts_band20_80==1&reg_atr_change_rate_ts_band25_75==1&reg_atr_change_rate_ts_bot70==0&reg_ema20_gt_ema50_raw==0,0.21194550891717276,0.21194550891717276,0.012389019736078427,0.13626326123873392,0.01362962962962963,0.0009389211526830393,1.0,1.0,0.555956678700361,168,,,-0.03428889503203047,-0.03827787997669137,-0.02806942516342531,-0.027190175153066987,,0.0,,,,-0.026103993552277372,,0.09051724137931035,0.07438342326933012,0.029952136830887526,-4.8497156070064085e-06,6.135220493340273,-inf,-inf,0.00010116302345679012,0.21184434589371598,3,1,1,4,4,stage_a_context,,long,4-way,True,,production,,,0.20276736446922738,-inf,primary_target,0,ranking,rejected,"{""checks"": {""n_folds"": {""value"": 3, ""threshold"": 3, ""passed"": true}, ""presence_freq"": {""value"": 1.0, ""threshold"": 0.75, ""passed"": true}, ""directional_mean_ret"": {""value"": 0.21194550891717276, ""threshold"": 0.0, ""passed"": true}, ""hurdle_excess"": {""value"": 0.21184434589371598, ""threshold"": 0.0, ""passed"": true}, ""min_support_actual"": {""value"": 168, ""threshold"": 50, ""passed"": true}, ""is_structurally_sound"": {""value"": false, ""passed"": false}, ""trade_path_quality_score"": {""value"": -4.8497156070064085e-06, ""threshold"": 0.0, ""passed"": false}}, ""failures"": [""structural_soundness_fail: "", ""trade_path_quality_score=-0.000005 < 0.000000""], ""warnings"": [], ""classification"": ""rejected""}"
(*)|(*)|(reg_atr_change_rate_ts_band20_80==1&reg_atr_change_rate_ts_band25_75==1&reg_atr_change_rate_ts_bot70==0&reg_ema20_gt_ema50_raw==1),*,*,reg_atr_change_rate_ts_band20_80==1&reg_atr_change_rate_ts_band25_75==1&reg_atr_change_rate_ts_bot70==0&reg_ema20_gt_ema50_raw==1,0.26811592777570087,0.26811592777570087,0.014840706869442359,0.15881633758544922,0.038148148148148146,0.002630064300712094,1.0,1.0,0.5351351351351351,466,,,0.00087952286125532,-0.007669188077046325,-0.0012768185386371098,0.00835006309961075,,0.3333333333333333,,,,-0.32207472992326813,,0.21778350515463918,0.10700237259438726,0.0310612806529075,-0.0012521916117486911,7.383601547710628,-inf,-inf,9.678891975308642e-05,0.2680191388559478,3,2,2,4,4,stage_a_context,,long,4-way,True,,production,,,0.05042428249816674,-inf,primary_target,0,ranking,rejected,"{""checks"": {""n_folds"": {""value"": 3, ""threshold"": 3, ""passed"": true}, ""presence_freq"": {""value"": 1.0, ""threshold"": 0.75, ""passed"": true}, ""directional_mean_ret"": {""value"": 0.26811592777570087, ""threshold"": 0.0, ""passed"": true}, ""hurdle_excess"": {""value"": 0.2680191388559478, ""threshold"": 0.0, ""passed"": true}, ""min_support_actual"": {""value"": 466, ""threshold"": 50, ""passed"": true}, ""is_structurally_sound"": {""value"": false, ""passed"": false}, ""trade_path_quality_score"": {""value"": -0.0012521916117486911, ""threshold"": 0.0, ""passed"": false}}, ""failures"": [""structural_soundness_fail: "", ""trade_path_quality_score=-0.001252 < 0.000000""], ""warnings"": [], ""classification"": ""rejected""}"
(*)|(*)|(reg_atr_change_rate_ts_band20_80==1&reg_atr_change_rate_ts_band25_75==1&reg_atr_change_rate_ts_bot70==0&reg_ema50_gt_ema200_raw==0),*,*,reg_atr_change_rate_ts_band20_80==1&reg_atr_change_rate_ts_band25_75==1&reg_atr_change_rate_ts_bot70==0&reg_ema50_gt_ema200_raw==0,0.21194550891717276,0.21194550891717276,0.012389019736078427,0.13626326123873392,0.01362962962962963,0.0009389211526830393,1.0,1.0,0.555956678700361,168,,,-0.03428889503203047,-0.03827787997669137,-0.02806942516342531,-0.027190175153066987,,0.0,,,,-0.026103993552277372,,0.09051724137931035,0.07438342326933012,0.029952136830887526,-4.8497156070064085e-06,6.135220493340273,-inf,-inf,0.00010116302345679012,0.21184434589371598,3,1,1,4,4,stage_a_context,,long,4-way,True,,production,,,0.20276736446922738,-inf,primary_target,0,ranking,rejected,"{""checks"": {""n_folds"": {""value"": 3, ""threshold"": 3, ""passed"": true}, ""presence_freq"": {""value"": 1.0, ""threshold"": 0.75, ""passed"": true}, ""directional_mean_ret"": {""value"": 0.21194550891717276, ""threshold"": 0.0, ""passed"": true}, ""hurdle_excess"": {""value"": 0.21184434589371598, ""threshold"": 0.0, ""passed"": true}, ""min_support_actual"": {""value"": 168, ""threshold"": 50, ""passed"": true}, ""is_structurally_sound"": {""value"": false, ""passed"": false}, ""trade_path_quality_score"": {""value"": -4.8497156070064085e-06, ""threshold"": 0.0, ""passed"": false}}, ""failures"": [""structural_soundness_fail: "", ""trade_path_quality_score=-0.000005 < 0.000000""], ""warnings"": [], ""classification"": ""rejected""}"
(*)|(*)|(reg_atr_change_rate_ts_band20_80==1&reg_atr_change_rate_ts_band25_75==1&reg_atr_change_rate_ts_bot70==0&reg_ema50_gt_ema200_raw==1),*,*,reg_atr_change_rate_ts_band20_80==1&reg_atr_change_rate_ts_band25_75==1&reg_atr_change_rate_ts_bot70==0&reg_ema50_gt_ema200_raw==1,0.26811592777570087,0.26811592777570087,0.014840706869442359,0.15881633758544922,0.038148148148148146,0.002630064300712094,1.0,1.0,0.5351351351351351,466,,,0.00087952286125532,-0.007669188077046325,-0.0012768185386371098,0.00835006309961075,,0.3333333333333333,,,,-0.32207472992326813,,0.21778350515463918,0.10700237259438726,0.0310612806529075,-0.0012521916117486911,7.383601547710628,-inf,-inf,9.678891975308642e-05,0.2680191388559478,3,1,1,4,4,stage_a_context,,long,4-way,True,,production,,,0.05042428249816674,-inf,primary_target,0,ranking,rejected,"{""checks"": {""n_folds"": {""value"": 3, ""threshold"": 3, ""passed"": true}, ""presence_freq"": {""value"": 1.0, ""threshold"": 0.75, ""passed"": true}, ""directional_mean_ret"": {""value"": 0.26811592777570087, ""threshold"": 0.0, ""passed"": true}, ""hurdle_excess"": {""value"": 0.2680191388559478, ""threshold"": 0.0, ""passed"": true}, ""min_support_actual"": {""value"": 466, ""threshold"": 50, ""passed"": true}, ""is_structurally_sound"": {""value"": false, ""passed"": false}, ""trade_path_quality_score"": {""value"": -0.0012521916117486911, ""threshold"": 0.0, ""passed"": false}}, ""failures"": [""structural_soundness_fail: "", ""trade_path_quality_score=-0.001252 < 0.000000""], ""warnings"": [], ""classification"": ""rejected""}"
(*)|(*)|(reg_atr_change_rate_ts_band20_80==1&reg_atr_change_rate_ts_band25_75==1&reg_atr_change_rate_ts_bot70==1&reg_ema20_gt_ema50_raw==1),*,*,reg_atr_change_rate_ts_band20_80==1&reg_atr_change_rate_ts_band25_75==1&reg_atr_change_rate_ts_bot70==1&reg_ema20_gt_ema50_raw==1,0.2807053178548813,0.2807053178548813,0.023845703293324447,0.16661095122496286,0.023333333333333334,0.011838109316534246,1.0,1.0,0.5064027939464494,184,,,0.012582964136284921,0.0018495305653484784,0.011763950322865107,0.022906890800511455,,0.6666666666666666,,,,-0.13929375522382334,,,,0.03623904116624627,-0.00022925947978603658,7.7040027462208736,-inf,-inf,9.93025e-05,0.2806060153548813,3,2,2,4,4,stage_a_context,,long,4-way,True,,production,,,0.006987253386414816,-inf,primary_target,0,ranking,rejected,"{""checks"": {""n_folds"": {""value"": 3, ""threshold"": 3, ""passed"": true}, ""presence_freq"": {""value"": 1.0, ""threshold"": 0.75, ""passed"": true}, ""directional_mean_ret"": {""value"": 0.2807053178548813, ""threshold"": 0.0, ""passed"": true}, ""hurdle_excess"": {""value"": 0.2806060153548813, ""threshold"": 0.0, ""passed"": true}, ""min_support_actual"": {""value"": 184, ""threshold"": 50, ""passed"": true}, ""is_structurally_sound"": {""value"": false, ""passed"": false}, ""trade_path_quality_score"": {""value"": -0.00022925947978603658, ""threshold"": 0.0, ""passed"": false}}, ""failures"": [""structural_soundness_fail: "", ""trade_path_quality_score=-0.000229 < 0.000000""], ""warnings"": [], ""classification"": ""rejected""}"
(*)|(*)|(reg_atr_change_rate_ts_band20_80==1&reg_atr_change_rate_ts_band25_75==1&reg_atr_change_rate_ts_top30==0&reg_atr_change_rate_ts_top40==0&reg_ema20_gt_ema50_raw==0),*,*,reg_atr_change_rate_ts_band20_80==1&reg_atr_change_rate_ts_band25_75==1&reg_atr_change_rate_ts_top30==0&reg_atr_change_rate_ts_top40==0&reg_ema20_gt_ema50_raw==0,0.2631906767686208,0.2631906767686208,0.016343697055675337,0.16265031695365906,0.048716049382716044,0.003122456288303651,1.0,1.0,0.5176336746302617,623,,,-0.009850880353314146,-0.014270544446681596,-0.01395917591198115,-0.007485364039280197,,0.0,,,,0.12258595182420347,,0.043209876543209874,0.0649793295217405,0.26787530981178254,-0.0011305978802505015,6.810212137749811,-inf,-inf,9.523731700960221e-05,0.2630954394516112,3,2,2,5,5,stage_a_context,,long,5-way,True,,production,,,0.03052422649743473,-inf,primary_target,0,ranking,rejected,"{""checks"": {""n_folds"": {""value"": 3, ""threshold"": 3, ""passed"": true}, ""presence_freq"": {""value"": 1.0, ""threshold"": 0.75, ""passed"": true}, ""directional_mean_ret"": {""value"": 0.2631906767686208, ""threshold"": 0.0, ""passed"": true}, ""hurdle_excess"": {""value"": 0.2630954394516112, ""threshold"": 0.0, ""passed"": true}, ""min_support_actual"": {""value"": 623, ""threshold"": 50, ""passed"": true}, ""is_structurally_sound"": {""value"": false, ""passed"": false}, ""trade_path_quality_score"": {""value"": -0.0011305978802505015, ""threshold"": 0.0, ""passed"": false}}, ""failures"": [""structural_soundness_fail: "", ""trade_path_quality_score=-0.001131 < 0.000000""], ""warnings"": [], ""classification"": ""rejected""}"
(*)|(*)|(reg_atr_change_rate_ts_band20_80==1&reg_atr_change_rate_ts_band25_75==1&reg_atr_change_rate_ts_top30==0&reg_atr_change_rate_ts_top40==0&reg_ema50_gt_ema200_raw==0),*,*,reg_atr_change_rate_ts_band20_80==1&reg_atr_change_rate_ts_band25_75==1&reg_atr_change_rate_ts_top30==0&reg_atr_change_rate_ts_top40==0&reg_ema50_gt_ema200_raw==0,0.2631906767686208,0.2631906767686208,0.016343697055675337,0.16265031695365906,0.048716049382716044,0.003122456288303651,1.0,1.0,0.5176336746302617,623,,,-0.009850880353314146,-0.014270544446681596,-0.01395917591198115,-0.007485364039280197,,0.0,,,,0.12258595182420347,,0.043209876543209874,0.0649793295217405,0.26787530981178254,-0.0011305978802505015,6.810212137749811,-inf,-inf,9.523731700960221e-05,0.2630954394516112,3,1,1,5,5,stage_a_context,,long,5-way,True,,production,,,0.03052422649743473,-inf,primary_target,0,ranking,rejected,"{""checks"": {""n_folds"": {""value"": 3, ""threshold"": 3, ""passed"": true}, ""presence_freq"": {""value"": 1.0, ""threshold"": 0.75, ""passed"": true}, ""directional_mean_ret"": {""value"": 0.2631906767686208, ""threshold"": 0.0, ""passed"": true}, ""hurdle_excess"": {""value"": 0.2630954394516112, ""threshold"": 0.0, ""passed"": true}, ""min_support_actual"": {""value"": 623, ""threshold"": 50, ""passed"": true}, ""is_structurally_sound"": {""value"": false, ""passed"": false}, ""trade_path_quality_score"": {""value"": -0.0011305978802505015, ""threshold"": 0.0, ""passed"": false}}, ""failures"": [""structural_soundness_fail: "", ""trade_path_quality_score=-0.001131 < 0.000000""], ""warnings"": [], ""classification"": ""rejected""}"
(*)|(*)|(reg_atr_change_rate_ts_band20_80==1&reg_atr_change_rate_ts_band25_75==1&reg_atr_change_rate_ts_top30==0&reg_ema20_gt_ema50_raw==0),*,*,reg_atr_change_rate_ts_band20_80==1&reg_atr_change_rate_ts_band25_75==1&reg_atr_change_rate_ts_top30==0&reg_ema20_gt_ema50_raw==0,0.2631906767686208,0.2631906767686208,0.016343697055675337,0.16265031695365906,0.048716049382716044,0.003122456288303651,1.0,1.0,0.5176336746302617,623,,,-0.009850880353314146,-0.014270544446681596,-0.01395917591198115,-0.007485364039280197,,0.0,,,,0.12258595182420347,,0.043209876543209874,0.0649793295217405,0.26787530981178254,-0.0011305978802505015,6.810212137749811,-inf,-inf,9.523731700960221e-05,0.2630954394516112,3,3,3,4,4,stage_a_context,,long,4-way,True,,production,,,0.03052422649743473,-inf,primary_target,0,ranking,rejected,"{""checks"": {""n_folds"": {""value"": 3, ""threshold"": 3, ""passed"": true}, ""presence_freq"": {""value"": 1.0, ""threshold"": 0.75, ""passed"": true}, ""directional_mean_ret"": {""value"": 0.2631906767686208, ""threshold"": 0.0, ""passed"": true}, ""hurdle_excess"": {""value"": 0.2630954394516112, ""threshold"": 0.0, ""passed"": true}, ""min_support_actual"": {""value"": 623, ""threshold"": 50, ""passed"": true}, ""is_structurally_sound"": {""value"": false, ""passed"": false}, ""trade_path_quality_score"": {""value"": -0.0011305978802505015, ""threshold"": 0.0, ""passed"": false}}, ""failures"": [""structural_soundness_fail: "", ""trade_path_quality_score=-0.001131 < 0.000000""], ""warnings"": [], ""classification"": ""rejected""}"
(*)|(*)|(reg_atr_change_rate_ts_band20_80==1&reg_atr_change_rate_ts_band25_75==1&reg_atr_change_rate_ts_top30==1&reg_atr_change_rate_ts_top70==1&reg_ema20_gt_ema50_raw==0),*,*,reg_atr_change_rate_ts_band20_80==1&reg_atr_change_rate_ts_band25_75==1&reg_atr_change_rate_ts_top30==1&reg_atr_change_rate_ts_top70==1&reg_ema20_gt_ema50_raw==0,0.21194550891717276,0.21194550891717276,0.012389019736078427,0.13626326123873392,0.01362962962962963,0.0009389211526830393,1.0,1.0,0.555956678700361,168,,,-0.03428889503203047,-0.03827787997669137,-0.02806942516342531,-0.027190175153066987,,0.0,,,,-0.026103993552277372,,0.09051724137931035,0.07438342326933012,0.029952136830887526,-4.8497156070064085e-06,6.135220493340273,-inf,-inf,0.00010116302345679012,0.21184434589371598,3,1,1,5,5,stage_a_context,,long,5-way,True,,production,,,0.20276736446922738,-inf,primary_target,0,ranking,rejected,"{""checks"": {""n_folds"": {""value"": 3, ""threshold"": 3, ""passed"": true}, ""presence_freq"": {""value"": 1.0, ""threshold"": 0.75, ""passed"": true}, ""directional_mean_ret"": {""value"": 0.21194550891717276, ""threshold"": 0.0, ""passed"": true}, ""hurdle_excess"": {""value"": 0.21184434589371598, ""threshold"": 0.0, ""passed"": true}, ""min_support_actual"": {""value"": 168, ""threshold"": 50, ""passed"": true}, ""is_structurally_sound"": {""value"": false, ""passed"": false}, ""trade_path_quality_score"": {""value"": -4.8497156070064085e-06, ""threshold"": 0.0, ""passed"": false}}, ""failures"": [""structural_soundness_fail: "", ""trade_path_quality_score=-0.000005 < 0.000000""], ""warnings"": [], ""classification"": ""rejected""}"
(*)|(*)|(reg_atr_change_rate_ts_band20_80==1&reg_atr_change_rate_ts_band25_75==1&reg_atr_change_rate_ts_top70==0&reg_ema20_gt_ema50_raw==1),*,*,reg_atr_change_rate_ts_band20_80==1&reg_atr_change_rate_ts_band25_75==1&reg_atr_change_rate_ts_top70==0&reg_ema20_gt_ema50_raw==1,0.2807053178548813,0.2807053178548813,0.023845703293324447,0.16661095122496286,0.023333333333333334,0.011838109316534246,1.0,1.0,0.5064027939464494,184,,,0.012582964136284921,0.0018495305653484784,0.011763950322865107,0.022906890800511455,,0.6666666666666666,,,,-0.13929375522382334,,,,0.03623904116624627,-0.00022925947978603658,7.7040027462208736,-inf,-inf,9.93025e-05,0.2806060153548813,3,3,3,4,4,stage_a_context,,long,4-way,True,,production,,,0.006987253386414816,-inf,primary_target,0,ranking,rejected,"{""checks"": {""n_folds"": {""value"": 3, ""threshold"": 3, ""passed"": true}, ""presence_freq"": {""value"": 1.0, ""threshold"": 0.75, ""passed"": true}, ""directional_mean_ret"": {""value"": 0.2807053178548813, ""threshold"": 0.0, ""passed"": true}, ""hurdle_excess"": {""value"": 0.2806060153548813, ""threshold"": 0.0, ""passed"": true}, ""min_support_actual"": {""value"": 184, ""threshold"": 50, ""passed"": true}, ""is_structurally_sound"": {""value"": false, ""passed"": false}, ""trade_path_quality_score"": {""value"": -0.00022925947978603658, ""threshold"": 0.0, ""passed"": false}}, ""failures"": [""structural_soundness_fail: "", ""trade_path_quality_score=-0.000229 < 0.000000""], ""warnings"": [], ""classification"": ""rejected""}"
(*)|(*)|(reg_atr_change_rate_ts_band20_80==1&reg_atr_change_rate_ts_band25_75==1&reg_atr_change_rate_ts_top70==0&reg_ema50_gt_ema200_raw==1),*,*,reg_atr_change_rate_ts_band20_80==1&reg_atr_change_rate_ts_band25_75==1&reg_atr_change_rate_ts_top70==0&reg_ema50_gt_ema200_raw==1,0.2807053178548813,0.2807053178548813,0.023845703293324447,0.16661095122496286,0.023333333333333334,0.011838109316534246,1.0,1.0,0.5064027939464494,184,,,0.012582964136284921,0.0018495305653484784,0.011763950322865107,0.022906890800511455,,0.6666666666666666,,,,-0.13929375522382334,,,,0.03623904116624627,-0.00022925947978603658,7.7040027462208736,-inf,-inf,9.93025e-05,0.2806060153548813,3,1,1,4,4,stage_a_context,,long,4-way,True,,production,,,0.006987253386414816,-inf,primary_target,0,ranking,rejected,"{""checks"": {""n_folds"": {""value"": 3, ""threshold"": 3, ""passed"": true}, ""presence_freq"": {""value"": 1.0, ""threshold"": 0.75, ""passed"": true}, ""directional_mean_ret"": {""value"": 0.2807053178548813, ""threshold"": 0.0, ""passed"": true}, ""hurdle_excess"": {""value"": 0.2806060153548813, ""threshold"": 0.0, ""passed"": true}, ""min_support_actual"": {""value"": 184, ""threshold"": 50, ""passed"": true}, ""is_structurally_sound"": {""value"": false, ""passed"": false}, ""trade_path_quality_score"": {""value"": -0.00022925947978603658, ""threshold"": 0.0, ""passed"": false}}, ""failures"": [""structural_soundness_fail: "", ""trade_path_quality_score=-0.000229 < 0.000000""], ""warnings"": [], ""classification"": ""rejected""}"
(*)|(*)|(reg_atr_change_rate_ts_band20_80==1&reg_atr_change_rate_ts_band25_75==1&reg_atr_change_rate_ts_top70==1&reg_ema20_gt_ema50_raw==0),*,*,reg_atr_change_rate_ts_band20_80==1&reg_atr_change_rate_ts_band25_75==1&reg_atr_change_rate_ts_top70==1&reg_ema20_gt_ema50_raw==0,0.21194550891717276,0.21194550891717276,0.012389019736078427,0.13626326123873392,0.01362962962962963,0.0009389211526830393,1.0,1.0,0.555956678700361,168,,,-0.03428889503203047,-0.03827787997669137,-0.02806942516342531,-0.027190175153066987,,0.0,,,,-0.026103993552277372,,0.09051724137931035,0.07438342326933012,0.029952136830887526,-4.8497156070064085e-06,6.135220493340273,-inf,-inf,0.00010116302345679012,0.21184434589371598,3,2,2,4,4,stage_a_context,,long,4-way,True,,production,,,0.20276736446922738,-inf,primary_target,0,ranking,rejected,"{""checks"": {""n_folds"": {""value"": 3, ""threshold"": 3, ""passed"": true}, ""presence_freq"": {""value"": 1.0, ""threshold"": 0.75, ""passed"": true}, ""directional_mean_ret"": {""value"": 0.21194550891717276, ""threshold"": 0.0, ""passed"": true}, ""hurdle_excess"": {""value"": 0.21184434589371598, ""threshold"": 0.0, ""passed"": true}, ""min_support_actual"": {""value"": 168, ""threshold"": 50, ""passed"": true}, ""is_structurally_sound"": {""value"": false, ""passed"": false}, ""trade_path_quality_score"": {""value"": -4.8497156070064085e-06, ""threshold"": 0.0, ""passed"": false}}, ""failures"": [""structural_soundness_fail: "", ""trade_path_quality_score=-0.000005 < 0.000000""], ""warnings"": [], ""classification"": ""rejected""}"
(*)|(*)|(reg_atr_change_rate_ts_band20_80==1&reg_atr_change_rate_ts_band25_75==1&reg_atr_change_rate_ts_top70==1&reg_ema20_gt_ema50_raw==1),*,*,reg_atr_change_rate_ts_band20_80==1&reg_atr_change_rate_ts_band25_75==1&reg_atr_change_rate_ts_top70==1&reg_ema20_gt_ema50_raw==1,0.26811592777570087,0.26811592777570087,0.014840706869442359,0.15881633758544922,0.038148148148148146,0.002630064300712094,1.0,1.0,0.5351351351351351,466,,,0.00087952286125532,-0.007669188077046325,-0.0012768185386371098,0.00835006309961075,,0.3333333333333333,,,,-0.32207472992326813,,0.21778350515463918,0.10700237259438726,0.0310612806529075,-0.0012521916117486911,7.383601547710628,-inf,-inf,9.678891975308642e-05,0.2680191388559478,3,4,4,4,4,stage_a_context,,long,4-way,True,,production,,,0.05042428249816674,-inf,primary_target,0,ranking,rejected,"{""checks"": {""n_folds"": {""value"": 3, ""threshold"": 3, ""passed"": true}, ""presence_freq"": {""value"": 1.0, ""threshold"": 0.75, ""passed"": true}, ""directional_mean_ret"": {""value"": 0.26811592777570087, ""threshold"": 0.0, ""passed"": true}, ""hurdle_excess"": {""value"": 0.2680191388559478, ""threshold"": 0.0, ""passed"": true}, ""min_support_actual"": {""value"": 466, ""threshold"": 50, ""passed"": true}, ""is_structurally_sound"": {""value"": false, ""passed"": false}, ""trade_path_quality_score"": {""value"": -0.0012521916117486911, ""threshold"": 0.0, ""passed"": false}}, ""failures"": [""structural_soundness_fail: "", ""trade_path_quality_score=-0.001252 < 0.000000""], ""warnings"": [], ""classification"": ""rejected""}"
(*)|(*)|(reg_atr_change_rate_ts_band20_80==1&reg_atr_change_rate_ts_band25_75==1&reg_atr_change_rate_ts_top70==1&reg_ema50_gt_ema200_raw==0),*,*,reg_atr_change_rate_ts_band20_80==1&reg_atr_change_rate_ts_band25_75==1&reg_atr_change_rate_ts_top70==1&reg_ema50_gt_ema200_raw==0,0.21194550891717276,0.21194550891717276,0.012389019736078427,0.13626326123873392,0.01362962962962963,0.0009389211526830393,1.0,1.0,0.555956678700361,168,,,-0.03428889503203047,-0.03827787997669137,-0.02806942516342531,-0.027190175153066987,,0.0,,,,-0.026103993552277372,,0.09051724137931035,0.07438342326933012,0.029952136830887526,-4.8497156070064085e-06,6.135220493340273,-inf,-inf,0.00010116302345679012,0.21184434589371598,3,1,1,4,4,stage_a_context,,long,4-way,True,,production,,,0.20276736446922738,-inf,primary_target,0,ranking,rejected,"{""checks"": {""n_folds"": {""value"": 3, ""threshold"": 3, ""passed"": true}, ""presence_freq"": {""value"": 1.0, ""threshold"": 0.75, ""passed"": true}, ""directional_mean_ret"": {""value"": 0.21194550891717276, ""threshold"": 0.0, ""passed"": true}, ""hurdle_excess"": {""value"": 0.21184434589371598, ""threshold"": 0.0, ""passed"": true}, ""min_support_actual"": {""value"": 168, ""threshold"": 50, ""passed"": true}, ""is_structurally_sound"": {""value"": false, ""passed"": false}, ""trade_path_quality_score"": {""value"": -4.8497156070064085e-06, ""threshold"": 0.0, ""passed"": false}}, ""failures"": [""structural_soundness_fail: "", ""trade_path_quality_score=-0.000005 < 0.000000""], ""warnings"": [], ""classification"": ""rejected""}"
(*)|(*)|(reg_atr_change_rate_ts_band20_80==1&reg_atr_change_rate_ts_band25_75==1&reg_atr_change_rate_ts_top70==1&reg_ema50_gt_ema200_raw==1),*,*,reg_atr_change_rate_ts_band20_80==1&reg_atr_change_rate_ts_band25_75==1&reg_atr_change_rate_ts_top70==1&reg_ema50_gt_ema200_raw==1,0.26811592777570087,0.26811592777570087,0.014840706869442359,0.15881633758544922,0.038148148148148146,0.002630064300712094,1.0,1.0,0.5351351351351351,466,,,0.00087952286125532,-0.007669188077046325,-0.0012768185386371098,0.00835006309961075,,0.3333333333333333,,,,-0.32207472992326813,,0.21778350515463918,0.10700237259438726,0.0310612806529075,-0.0012521916117486911,7.383601547710628,-inf,-inf,9.678891975308642e-05,0.2680191388559478,3,2,2,4,4,stage_a_context,,long,4-way,True,,production,,,0.05042428249816674,-inf,primary_target,0,ranking,rejected,"{""checks"": {""n_folds"": {""value"": 3, ""threshold"": 3, ""passed"": true}, ""presence_freq"": {""value"": 1.0, ""threshold"": 0.75, ""passed"": true}, ""directional_mean_ret"": {""value"": 0.26811592777570087, ""threshold"": 0.0, ""passed"": true}, ""hurdle_excess"": {""value"": 0.2680191388559478, ""threshold"": 0.0, ""passed"": true}, ""min_support_actual"": {""value"": 466, ""threshold"": 50, ""passed"": true}, ""is_structurally_sound"": {""value"": false, ""passed"": false}, ""trade_path_quality_score"": {""value"": -0.0012521916117486911, ""threshold"": 0.0, ""passed"": false}}, ""failures"": [""structural_soundness_fail: "", ""trade_path_quality_score=-0.001252 < 0.000000""], ""warnings"": [], ""classification"": ""rejected""}"
(*)|(*)|(reg_atr_change_rate_ts_band20_80==1&reg_atr_change_rate_ts_band30_70==1&reg_atr_change_rate_ts_band40_60==0&reg_atr_change_rate_ts_bot50==0&reg_atr_change_rate_ts_top40==1&reg_ema50_gt_ema200_raw==1),*,*,reg_atr_change_rate_ts_band20_80==1&reg_atr_change_rate_ts_band30_70==1&reg_atr_change_rate_ts_band40_60==0&reg_atr_change_rate_ts_bot50==0&reg_atr_change_rate_ts_top40==1&reg_ema50_gt_ema200_raw==1,0.2807053178548813,0.2807053178548813,0.023845703293324447,0.16661095122496286,0.023333333333333334,0.011838109316534246,1.0,1.0,0.5064027939464494,184,,,0.012582964136284921,0.0018495305653484784,0.011763950322865107,0.022906890800511455,,0.6666666666666666,,,,-0.13929375522382334,,,,0.03623904116624627,-0.00022925947978603658,7.7040027462208736,-inf,-inf,9.93025e-05,0.2806060153548813,3,1,1,6,6,stage_a_context,,long,6-way,True,,production,,,0.006987253386414816,-inf,primary_target,0,ranking,rejected,"{""checks"": {""n_folds"": {""value"": 3, ""threshold"": 3, ""passed"": true}, ""presence_freq"": {""value"": 1.0, ""threshold"": 0.75, ""passed"": true}, ""directional_mean_ret"": {""value"": 0.2807053178548813, ""threshold"": 0.0, ""passed"": true}, ""hurdle_excess"": {""value"": 0.2806060153548813, ""threshold"": 0.0, ""passed"": true}, ""min_support_actual"": {""value"": 184, ""threshold"": 50, ""passed"": true}, ""is_structurally_sound"": {""value"": false, ""passed"": false}, ""trade_path_quality_score"": {""value"": -0.00022925947978603658, ""threshold"": 0.0, ""passed"": false}}, ""failures"": [""structural_soundness_fail: "", ""trade_path_quality_score=-0.000229 < 0.000000""], ""warnings"": [], ""classification"": ""rejected""}"
(*)|(*)|(reg_atr_change_rate_ts_band20_80==1&reg_atr_change_rate_ts_band40_60==0&reg_atr_change_rate_ts_bot70==1&reg_atr_change_rate_ts_top40==1&reg_ema50_gt_ema200_raw==1),*,*,reg_atr_change_rate_ts_band20_80==1&reg_atr_change_rate_ts_band40_60==0&reg_atr_change_rate_ts_bot70==1&reg_atr_change_rate_ts_top40==1&reg_ema50_gt_ema200_raw==1,0.2807053178548813,0.2807053178548813,0.023845703293324447,0.16661095122496286,0.023333333333333334,0.011838109316534246,1.0,1.0,0.5064027939464494,184,,,0.012582964136284921,0.0018495305653484784,0.011763950322865107,0.022906890800511455,,0.6666666666666666,,,,-0.13929375522382334,,,,0.03623904116624627,-0.00022925947978603658,7.7040027462208736,-inf,-inf,9.93025e-05,0.2806060153548813,3,1,1,5,5,stage_a_context,,long,5-way,True,,production,,,0.006987253386414816,-inf,primary_target,0,ranking,rejected,"{""checks"": {""n_folds"": {""value"": 3, ""threshold"": 3, ""passed"": true}, ""presence_freq"": {""value"": 1.0, ""threshold"": 0.75, ""passed"": true}, ""directional_mean_ret"": {""value"": 0.2807053178548813, ""threshold"": 0.0, ""passed"": true}, ""hurdle_excess"": {""value"": 0.2806060153548813, ""threshold"": 0.0, ""passed"": true}, ""min_support_actual"": {""value"": 184, ""threshold"": 50, ""passed"": true}, ""is_structurally_sound"": {""value"": false, ""passed"": false}, ""trade_path_quality_score"": {""value"": -0.00022925947978603658, ""threshold"": 0.0, ""passed"": false}}, ""failures"": [""structural_soundness_fail: "", ""trade_path_quality_score=-0.000229 < 0.000000""], ""warnings"": [], ""classification"": ""rejected""}"
(*)|(*)|(reg_atr_change_rate_ts_band20_80==1&reg_atr_change_rate_ts_band40_60==0&reg_atr_change_rate_ts_bot70==1&reg_ema20_gt_ema50_raw==1),*,*,reg_atr_change_rate_ts_band20_80==1&reg_atr_change_rate_ts_band40_60==0&reg_atr_change_rate_ts_bot70==1&reg_ema20_gt_ema50_raw==1,0.2807053178548813,0.2807053178548813,0.023845703293324447,0.16661095122496286,0.023333333333333334,0.011838109316534246,1.0,1.0,0.5064027939464494,184,,,0.012582964136284921,0.0018495305653484784,0.011763950322865107,0.022906890800511455,,0.6666666666666666,,,,-0.13929375522382334,,,,0.03623904116624627,-0.00022925947978603658,7.7040027462208736,-inf,-inf,9.93025e-05,0.2806060153548813,3,1,1,4,4,stage_a_context,,long,4-way,True,,production,,,0.006987253386414816,-inf,primary_target,0,ranking,rejected,"{""checks"": {""n_folds"": {""value"": 3, ""threshold"": 3, ""passed"": true}, ""presence_freq"": {""value"": 1.0, ""threshold"": 0.75, ""passed"": true}, ""directional_mean_ret"": {""value"": 0.2807053178548813, ""threshold"": 0.0, ""passed"": true}, ""hurdle_excess"": {""value"": 0.2806060153548813, ""threshold"": 0.0, ""passed"": true}, ""min_support_actual"": {""value"": 184, ""threshold"": 50, ""passed"": true}, ""is_structurally_sound"": {""value"": false, ""passed"": false}, ""trade_path_quality_score"": {""value"": -0.00022925947978603658, ""threshold"": 0.0, ""passed"": false}}, ""failures"": [""structural_soundness_fail: "", ""trade_path_quality_score=-0.000229 < 0.000000""], ""warnings"": [], ""classification"": ""rejected""}"
(*)|(*)|(reg_atr_change_rate_ts_band20_80==1&reg_atr_change_rate_ts_band40_60==0&reg_atr_change_rate_ts_top30==1&reg_atr_change_rate_ts_top70==0&reg_ema50_gt_ema200_raw==1),*,*,reg_atr_change_rate_ts_band20_80==1&reg_atr_change_rate_ts_band40_60==0&reg_atr_change_rate_ts_top30==1&reg_atr_change_rate_ts_top70==0&reg_ema50_gt_ema200_raw==1,0.2807053178548813,0.2807053178548813,0.023845703293324447,0.16661095122496286,0.023333333333333334,0.011838109316534246,1.0,1.0,0.5064027939464494,184,,,0.012582964136284921,0.0018495305653484784,0.011763950322865107,0.022906890800511455,,0.6666666666666666,,,,-0.13929375522382334,,,,0.03623904116624627,-0.00022925947978603658,7.7040027462208736,-inf,-inf,9.93025e-05,0.2806060153548813,3,1,1,5,5,stage_a_context,,long,5-way,True,,production,,,0.006987253386414816,-inf,primary_target,0,ranking,rejected,"{""checks"": {""n_folds"": {""value"": 3, ""threshold"": 3, ""passed"": true}, ""presence_freq"": {""value"": 1.0, ""threshold"": 0.75, ""passed"": true}, ""directional_mean_ret"": {""value"": 0.2807053178548813, ""threshold"": 0.0, ""passed"": true}, ""hurdle_excess"": {""value"": 0.2806060153548813, ""threshold"": 0.0, ""passed"": true}, ""min_support_actual"": {""value"": 184, ""threshold"": 50, ""passed"": true}, ""is_structurally_sound"": {""value"": false, ""passed"": false}, ""trade_path_quality_score"": {""value"": -0.00022925947978603658, ""threshold"": 0.0, ""passed"": false}}, ""failures"": [""structural_soundness_fail: "", ""trade_path_quality_score=-0.000229 < 0.000000""], ""warnings"": [], ""classification"": ""rejected""}"
(*)|(*)|(reg_atr_change_rate_ts_band20_80==1&reg_atr_change_rate_ts_band40_60==0&reg_atr_change_rate_ts_top70==0&reg_ema20_gt_ema50_raw==1),*,*,reg_atr_change_rate_ts_band20_80==1&reg_atr_change_rate_ts_band40_60==0&reg_atr_change_rate_ts_top70==0&reg_ema20_gt_ema50_raw==1,0.2807053178548813,0.2807053178548813,0.023845703293324447,0.16661095122496286,0.023333333333333334,0.011838109316534246,1.0,1.0,0.5064027939464494,184,,,0.012582964136284921,0.0018495305653484784,0.011763950322865107,0.022906890800511455,,0.6666666666666666,,,,-0.13929375522382334,,,,0.03623904116624627,-0.00022925947978603658,7.7040027462208736,-inf,-inf,9.93025e-05,0.2806060153548813,3,2,2,4,4,stage_a_context,,long,4-way,True,,production,,,0.006987253386414816,-inf,primary_target,0,ranking,rejected,"{""checks"": {""n_folds"": {""value"": 3, ""threshold"": 3, ""passed"": true}, ""presence_freq"": {""value"": 1.0, ""threshold"": 0.75, ""passed"": true}, ""directional_mean_ret"": {""value"": 0.2807053178548813, ""threshold"": 0.0, ""passed"": true}, ""hurdle_excess"": {""value"": 0.2806060153548813, ""threshold"": 0.0, ""passed"": true}, ""min_support_actual"": {""value"": 184, ""threshold"": 50, ""passed"": true}, ""is_structurally_sound"": {""value"": false, ""passed"": false}, ""trade_path_quality_score"": {""value"": -0.00022925947978603658, ""threshold"": 0.0, ""passed"": false}}, ""failures"": [""structural_soundness_fail: "", ""trade_path_quality_score=-0.000229 < 0.000000""], ""warnings"": [], ""classification"": ""rejected""}"
(*)|(*)|(reg_atr_change_rate_ts_band20_80==1&reg_atr_change_rate_ts_bot70==1&reg_ema50_gt_ema200_raw==1),*,*,reg_atr_change_rate_ts_band20_80==1&reg_atr_change_rate_ts_bot70==1&reg_ema50_gt_ema200_raw==1,0.2807053178548813,0.2807053178548813,0.023845703293324447,0.16661095122496286,0.023333333333333334,0.011838109316534246,1.0,1.0,0.5064027939464494,184,,,0.012582964136284921,0.0018495305653484784,0.011763950322865107,0.022906890800511455,,0.6666666666666666,,,,-0.13929375522382334,,,,0.03623904116624627,-0.00022925947978603658,7.7040027462208736,-inf,-inf,7.723527777777776e-05,0.28062808257710353,3,1,1,3,3,stage_a_context,,long,3-way,True,,production,,,0.006987253386414816,-inf,primary_target,0,ranking,rejected,"{""checks"": {""n_folds"": {""value"": 3, ""threshold"": 3, ""passed"": true}, ""presence_freq"": {""value"": 1.0, ""threshold"": 0.75, ""passed"": true}, ""directional_mean_ret"": {""value"": 0.2807053178548813, ""threshold"": 0.0, ""passed"": true}, ""hurdle_excess"": {""value"": 0.28062808257710353, ""threshold"": 0.0, ""passed"": true}, ""min_support_actual"": {""value"": 184, ""threshold"": 50, ""passed"": true}, ""is_structurally_sound"": {""value"": false, ""passed"": false}, ""trade_path_quality_score"": {""value"": -0.00022925947978603658, ""threshold"": 0.0, ""passed"": false}}, ""failures"": [""structural_soundness_fail: "", ""trade_path_quality_score=-0.000229 < 0.000000""], ""warnings"": [], ""classification"": ""rejected""}"
(*)|(*)|(reg_atr_change_rate_ts_band20_80==1&reg_atr_change_rate_ts_top70==0&reg_ema20_gt_ema50_raw==1),*,*,reg_atr_change_rate_ts_band20_80==1&reg_atr_change_rate_ts_top70==0&reg_ema20_gt_ema50_raw==1,0.2807053178548813,0.2807053178548813,0.023845703293324447,0.16661095122496286,0.023333333333333334,0.011838109316534246,1.0,1.0,0.5064027939464494,184,,,0.012582964136284921,0.0018495305653484784,0.011763950322865107,0.022906890800511455,,0.6666666666666666,,,,-0.13929375522382334,,,,0.03623904116624627,-0.00022925947978603658,7.7040027462208736,-inf,-inf,7.723527777777776e-05,0.28062808257710353,3,1,1,3,3,stage_a_context,,long,3-way,True,,production,,,0.006987253386414816,-inf,primary_target,0,ranking,rejected,"{""checks"": {""n_folds"": {""value"": 3, ""threshold"": 3, ""passed"": true}, ""presence_freq"": {""value"": 1.0, ""threshold"": 0.75, ""passed"": true}, ""directional_mean_ret"": {""value"": 0.2807053178548813, ""threshold"": 0.0, ""passed"": true}, ""hurdle_excess"": {""value"": 0.28062808257710353, ""threshold"": 0.0, ""passed"": true}, ""min_support_actual"": {""value"": 184, ""threshold"": 50, ""passed"": true}, ""is_structurally_sound"": {""value"": false, ""passed"": false}, ""trade_path_quality_score"": {""value"": -0.00022925947978603658, ""threshold"": 0.0, ""passed"": false}}, ""failures"": [""structural_soundness_fail: "", ""trade_path_quality_score=-0.000229 < 0.000000""], ""warnings"": [], ""classification"": ""rejected""}"
(*)|(*)|(reg_atr_change_rate_ts_band20_80==1&reg_atr_change_rate_ts_top70==0&reg_ema50_gt_ema200_raw==1),*,*,reg_atr_change_rate_ts_band20_80==1&reg_atr_change_rate_ts_top70==0&reg_ema50_gt_ema200_raw==1,0.2807053178548813,0.2807053178548813,0.023845703293324447,0.16661095122496286,0.023333333333333334,0.011838109316534246,1.0,1.0,0.5064027939464494,184,,,0.012582964136284921,0.0018495305653484784,0.011763950322865107,0.022906890800511455,,0.6666666666666666,,,,-0.13929375522382334,,,,0.03623904116624627,-0.00022925947978603658,7.7040027462208736,-inf,-inf,7.723527777777776e-05,0.28062808257710353,3,1,1,3,3,stage_a_context,,long,3-way,True,,production,,,0.006987253386414816,-inf,primary_target,0,ranking,rejected,"{""checks"": {""n_folds"": {""value"": 3, ""threshold"": 3, ""passed"": true}, ""presence_freq"": {""value"": 1.0, ""threshold"": 0.75, ""passed"": true}, ""directional_mean_ret"": {""value"": 0.2807053178548813, ""threshold"": 0.0, ""passed"": true}, ""hurdle_excess"": {""value"": 0.28062808257710353, ""threshold"": 0.0, ""passed"": true}, ""min_support_actual"": {""value"": 184, ""threshold"": 50, ""passed"": true}, ""is_structurally_sound"": {""value"": false, ""passed"": false}, ""trade_path_quality_score"": {""value"": -0.00022925947978603658, ""threshold"": 0.0, ""passed"": false}}, ""failures"": [""structural_soundness_fail: "", ""trade_path_quality_score=-0.000229 < 0.000000""], ""warnings"": [], ""classification"": ""rejected""}"
(*)|(*)|(reg_atr_change_rate_ts_band25_75==0&reg_atr_change_rate_ts_bot80==1&reg_atr_change_rate_ts_top20==1&reg_atr_change_rate_ts_top30==0),*,*,reg_atr_change_rate_ts_band25_75==0&reg_atr_change_rate_ts_bot80==1&reg_atr_change_rate_ts_top20==1&reg_atr_change_rate_ts_top30==0,0.27054087320963544,0.27054087320963544,0.012278289141472701,0.16378221909205118,0.04960493827160494,0.004345117808880777,1.0,1.0,0.5057339449541285,605,,,0.002861891697550221,-0.006380393648339745,-0.0024075316486659136,0.009469465370332119,,0.3333333333333333,,,,0.1987676516036483,,-0.36362139917695474,0.020383762835352315,0.26265694039971793,-0.0004560876536372875,6.6443927126481155,-inf,-inf,9.511597379972566e-05,0.2704457572358357,3,1,1,4,4,stage_a_context,,long,4-way,True,,production,,,0.02247996595339467,-inf,primary_target,0,ranking,rejected,"{""checks"": {""n_folds"": {""value"": 3, ""threshold"": 3, ""passed"": true}, ""presence_freq"": {""value"": 1.0, ""threshold"": 0.75, ""passed"": true}, ""directional_mean_ret"": {""value"": 0.27054087320963544, ""threshold"": 0.0, ""passed"": true}, ""hurdle_excess"": {""value"": 0.2704457572358357, ""threshold"": 0.0, ""passed"": true}, ""min_support_actual"": {""value"": 605, ""threshold"": 50, ""passed"": true}, ""is_structurally_sound"": {""value"": false, ""passed"": false}, ""trade_path_quality_score"": {""value"": -0.0004560876536372875, ""threshold"": 0.0, ""passed"": false}}, ""failures"": [""structural_soundness_fail: "", ""trade_path_quality_score=-0.000456 < 0.000000""], ""warnings"": [], ""classification"": ""rejected""}"
(*)|(*)|(reg_atr_change_rate_ts_band25_75==0&reg_atr_change_rate_ts_bot80==1&reg_atr_change_rate_ts_top30==1&reg_ema20_gt_ema50_raw==0),*,*,reg_atr_change_rate_ts_band25_75==0&reg_atr_change_rate_ts_bot80==1&reg_atr_change_rate_ts_top30==1&reg_ema20_gt_ema50_raw==0,0.1516115963459015,0.1516115963459015,0.0070127397775650024,0.10538330301642418,0.006790123456790124,0.001665523155954573,1.0,1.0,0.7560975609756098,65,,,-0.03166845938178916,-0.03695334622673886,-0.03166845938178916,-0.026383572536839463,,0.0,,,,-0.2033515037631621,,,,0.03623904116624627,5.224838291176923e-06,4.089630300771053,-inf,-inf,0.00010257621742112485,0.15150902012848036,3,1,1,4,4,stage_a_context,,long,4-way,True,,production,,,,-inf,primary_target,0,ranking,research,"{""checks"": {""n_folds"": {""value"": 3, ""threshold"": 3, ""passed"": true}, ""presence_freq"": {""value"": 1.0, ""threshold"": 0.75, ""passed"": true}, ""directional_mean_ret"": {""value"": 0.1516115963459015, ""threshold"": 0.0, ""passed"": true}, ""hurdle_excess"": {""value"": 0.15150902012848036, ""threshold"": 0.0, ""passed"": true}, ""min_support_actual"": {""value"": 65, ""threshold"": 50, ""passed"": true}, ""is_structurally_sound"": {""value"": false, ""passed"": false}, ""trade_path_quality_score"": {""value"": 5.224838291176923e-06, ""threshold"": 0.0, ""passed"": true}}, ""failures"": [""structural_soundness_fail: ""], ""warnings"": [], ""classification"": ""research""}"
(*)|(*)|(reg_atr_change_rate_ts_band25_75==0&reg_atr_change_rate_ts_bot80==1&reg_atr_change_rate_ts_top30==1&reg_ema20_gt_ema50_raw==1),*,*,reg_atr_change_rate_ts_band25_75==0&reg_atr_change_rate_ts_bot80==1&reg_atr_change_rate_ts_top30==1&reg_ema20_gt_ema50_raw==1,0.26404133935769397,0.26404133935769397,0.014723705940058052,0.15525070329507193,0.04451851851851851,0.0022402560438940767,1.0,1.0,0.5185589519650655,559,,,-0.0026374332935522548,-0.0068323131352377815,0.005480278836852798,0.0056163026133358,,0.6666666666666666,,,,-0.25636893433395286,,0.08382344312482959,0.07747584647905553,0.030074388428036943,-0.0009634529765609587,7.246707358410672,-inf,-inf,9.582954197530866e-05,0.2639455098157187,3,1,1,4,4,stage_a_context,,long,4-way,True,,production,,,0.07316216014669578,-inf,primary_target,0,ranking,rejected,"{""checks"": {""n_folds"": {""value"": 3, ""threshold"": 3, ""passed"": true}, ""presence_freq"": {""value"": 1.0, ""threshold"": 0.75, ""passed"": true}, ""directional_mean_ret"": {""value"": 0.26404133935769397, ""threshold"": 0.0, ""passed"": true}, ""hurdle_excess"": {""value"": 0.2639455098157187, ""threshold"": 0.0, ""passed"": true}, ""min_support_actual"": {""value"": 559, ""threshold"": 50, ""passed"": true}, ""is_structurally_sound"": {""value"": false, ""passed"": false}, ""trade_path_quality_score"": {""value"": -0.0009634529765609587, ""threshold"": 0.0, ""passed"": false}}, ""failures"": [""structural_soundness_fail: "", ""trade_path_quality_score=-0.000963 < 0.000000""], ""warnings"": [], ""classification"": ""rejected""}"
(*)|(*)|(reg_atr_change_rate_ts_band25_75==0&reg_atr_change_rate_ts_top20==1&reg_atr_change_rate_ts_top30==0&reg_atr_change_rate_ts_top80==0&reg_ema50_gt_ema200_raw==0),*,*,reg_atr_change_rate_ts_band25_75==0&reg_atr_change_rate_ts_top20==1&reg_atr_change_rate_ts_top30==0&reg_atr_change_rate_ts_top80==0&reg_ema50_gt_ema200_raw==0,0.27054087320963544,0.27054087320963544,0.012278289141472701,0.16378221909205118,0.04960493827160494,0.004345117808880777,1.0,1.0,0.5057339449541285,605,,,0.002861891697550221,-0.006380393648339745,-0.0024075316486659136,0.009469465370332119,,0.3333333333333333,,,,0.1987676516036483,,-0.36362139917695474,0.020383762835352315,0.26265694039971793,-0.0004560876536372875,6.6443927126481155,-inf,-inf,9.511597379972566e-05,0.2704457572358357,3,1,1,5,5,stage_a_context,,long,5-way,True,,production,,,0.02247996595339467,-inf,primary_target,0,ranking,rejected,"{""checks"": {""n_folds"": {""value"": 3, ""threshold"": 3, ""passed"": true}, ""presence_freq"": {""value"": 1.0, ""threshold"": 0.75, ""passed"": true}, ""directional_mean_ret"": {""value"": 0.27054087320963544, ""threshold"": 0.0, ""passed"": true}, ""hurdle_excess"": {""value"": 0.2704457572358357, ""threshold"": 0.0, ""passed"": true}, ""min_support_actual"": {""value"": 605, ""threshold"": 50, ""passed"": true}, ""is_structurally_sound"": {""value"": false, ""passed"": false}, ""trade_path_quality_score"": {""value"": -0.0004560876536372875, ""threshold"": 0.0, ""passed"": false}}, ""failures"": [""structural_soundness_fail: "", ""trade_path_quality_score=-0.000456 < 0.000000""], ""warnings"": [], ""classification"": ""rejected""}"
(*)|(*)|(reg_atr_change_rate_ts_band25_75==0&reg_atr_change_rate_ts_top20==1&reg_atr_change_rate_ts_top30==0&reg_atr_change_rate_ts_top80==0),*,*,reg_atr_change_rate_ts_band25_75==0&reg_atr_change_rate_ts_top20==1&reg_atr_change_rate_ts_top30==0&reg_atr_change_rate_ts_top80==0,0.27054087320963544,0.27054087320963544,0.012278289141472701,0.16378221909205118,0.04960493827160494,0.004345117808880777,1.0,1.0,0.5057339449541285,605,,,0.002861891697550221,-0.006380393648339745,-0.0024075316486659136,0.009469465370332119,,0.3333333333333333,,,,0.1987676516036483,,-0.36362139917695474,0.020383762835352315,0.26265694039971793,-0.0004560876536372875,6.6443927126481155,-inf,-inf,9.511597379972566e-05,0.2704457572358357,3,2,2,4,4,stage_a_context,,long,4-way,True,,production,,,0.02247996595339467,-inf,primary_target,0,ranking,rejected,"{""checks"": {""n_folds"": {""value"": 3, ""threshold"": 3, ""passed"": true}, ""presence_freq"": {""value"": 1.0, ""threshold"": 0.75, ""passed"": true}, ""directional_mean_ret"": {""value"": 0.27054087320963544, ""threshold"": 0.0, ""passed"": true}, ""hurdle_excess"": {""value"": 0.2704457572358357, ""threshold"": 0.0, ""passed"": true}, ""min_support_actual"": {""value"": 605, ""threshold"": 50, ""passed"": true}, ""is_structurally_sound"": {""value"": false, ""passed"": false}, ""trade_path_quality_score"": {""value"": -0.0004560876536372875, ""threshold"": 0.0, ""passed"": false}}, ""failures"": [""structural_soundness_fail: "", ""trade_path_quality_score=-0.000456 < 0.000000""], ""warnings"": [], ""classification"": ""rejected""}"
(*)|(*)|(reg_atr_change_rate_ts_band25_75==0&reg_atr_change_rate_ts_top20==1&reg_atr_change_rate_ts_top30==1&reg_atr_change_rate_ts_top80==0&reg_ema20_gt_ema50_raw==0),*,*,reg_atr_change_rate_ts_band25_75==0&reg_atr_change_rate_ts_top20==1&reg_atr_change_rate_ts_top30==1&reg_atr_change_rate_ts_top80==0&reg_ema20_gt_ema50_raw==0,0.1516115963459015,0.1516115963459015,0.0070127397775650024,0.10538330301642418,0.006790123456790124,0.001665523155954573,1.0,1.0,0.7560975609756098,65,,,-0.03166845938178916,-0.03695334622673886,-0.03166845938178916,-0.026383572536839463,,0.0,,,,-0.2033515037631621,,,,0.03623904116624627,5.224838291176923e-06,4.089630300771053,-inf,-inf,0.00010257621742112485,0.15150902012848036,3,2,2,5,5,stage_a_context,,long,5-way,True,,production,,,,-inf,primary_target,0,ranking,research,"{""checks"": {""n_folds"": {""value"": 3, ""threshold"": 3, ""passed"": true}, ""presence_freq"": {""value"": 1.0, ""threshold"": 0.75, ""passed"": true}, ""directional_mean_ret"": {""value"": 0.1516115963459015, ""threshold"": 0.0, ""passed"": true}, ""hurdle_excess"": {""value"": 0.15150902012848036, ""threshold"": 0.0, ""passed"": true}, ""min_support_actual"": {""value"": 65, ""threshold"": 50, ""passed"": true}, ""is_structurally_sound"": {""value"": false, ""passed"": false}, ""trade_path_quality_score"": {""value"": 5.224838291176923e-06, ""threshold"": 0.0, ""passed"": true}}, ""failures"": [""structural_soundness_fail: ""], ""warnings"": [], ""classification"": ""research""}"
(*)|(*)|(reg_atr_change_rate_ts_band25_75==0&reg_atr_change_rate_ts_top20==1&reg_atr_change_rate_ts_top30==1&reg_atr_change_rate_ts_top80==0&reg_ema20_gt_ema50_raw==1),*,*,reg_atr_change_rate_ts_band25_75==0&reg_atr_change_rate_ts_top20==1&reg_atr_change_rate_ts_top30==1&reg_atr_change_rate_ts_top80==0&reg_ema20_gt_ema50_raw==1,0.26404133935769397,0.26404133935769397,0.014723705940058052,0.15525070329507193,0.04451851851851851,0.0022402560438940767,1.0,1.0,0.5185589519650655,559,,,-0.0026374332935522548,-0.0068323131352377815,0.005480278836852798,0.0056163026133358,,0.6666666666666666,,,,-0.25636893433395286,,0.08382344312482959,0.07747584647905553,0.030074388428036943,-0.0009634529765609587,7.246707358410672,-inf,-inf,9.582954197530866e-05,0.2639455098157187,3,2,2,5,5,stage_a_context,,long,5-way,True,,production,,,0.07316216014669578,-inf,primary_target,0,ranking,rejected,"{""checks"": {""n_folds"": {""value"": 3, ""threshold"": 3, ""passed"": true}, ""presence_freq"": {""value"": 1.0, ""threshold"": 0.75, ""passed"": true}, ""directional_mean_ret"": {""value"": 0.26404133935769397, ""threshold"": 0.0, ""passed"": true}, ""hurdle_excess"": {""value"": 0.2639455098157187, ""threshold"": 0.0, ""passed"": true}, ""min_support_actual"": {""value"": 559, ""threshold"": 50, ""passed"": true}, ""is_structurally_sound"": {""value"": false, ""passed"": false}, ""trade_path_quality_score"": {""value"": -0.0009634529765609587, ""threshold"": 0.0, ""passed"": false}}, ""failures"": [""structural_soundness_fail: "", ""trade_path_quality_score=-0.000963 < 0.000000""], ""warnings"": [], ""classification"": ""rejected""}"
(*)|(*)|(reg_atr_change_rate_ts_band25_75==0&reg_atr_change_rate_ts_top20==1&reg_atr_change_rate_ts_top30==1&reg_atr_change_rate_ts_top80==0&reg_ema50_gt_ema200_raw==0),*,*,reg_atr_change_rate_ts_band25_75==0&reg_atr_change_rate_ts_top20==1&reg_atr_change_rate_ts_top30==1&reg_atr_change_rate_ts_top80==0&reg_ema50_gt_ema200_raw==0,0.1516115963459015,0.1516115963459015,0.0070127397775650024,0.10538330301642418,0.006790123456790124,0.001665523155954573,1.0,1.0,0.7560975609756098,65,,,-0.03166845938178916,-0.03695334622673886,-0.03166845938178916,-0.026383572536839463,,0.0,,,,-0.2033515037631621,,,,0.03623904116624627,5.224838291176923e-06,4.089630300771053,-inf,-inf,0.00010257621742112485,0.15150902012848036,3,1,1,5,5,stage_a_context,,long,5-way,True,,production,,,,-inf,primary_target,0,ranking,research,"{""checks"": {""n_folds"": {""value"": 3, ""threshold"": 3, ""passed"": true}, ""presence_freq"": {""value"": 1.0, ""threshold"": 0.75, ""passed"": true}, ""directional_mean_ret"": {""value"": 0.1516115963459015, ""threshold"": 0.0, ""passed"": true}, ""hurdle_excess"": {""value"": 0.15150902012848036, ""threshold"": 0.0, ""passed"": true}, ""min_support_actual"": {""value"": 65, ""threshold"": 50, ""passed"": true}, ""is_structurally_sound"": {""value"": false, ""passed"": false}, ""trade_path_quality_score"": {""value"": 5.224838291176923e-06, ""threshold"": 0.0, ""passed"": true}}, ""failures"": [""structural_soundness_fail: ""], ""warnings"": [], ""classification"": ""research""}"
(*)|(*)|(reg_atr_change_rate_ts_band25_75==0&reg_atr_change_rate_ts_top20==1&reg_atr_change_rate_ts_top80==0&reg_ema50_gt_ema200_raw==1),*,*,reg_atr_change_rate_ts_band25_75==0&reg_atr_change_rate_ts_top20==1&reg_atr_change_rate_ts_top80==0&reg_ema50_gt_ema200_raw==1,0.26404133935769397,0.26404133935769397,0.014723705940058052,0.15525070329507193,0.04451851851851851,0.0022402560438940767,1.0,1.0,0.5185589519650655,559,,,-0.0026374332935522548,-0.0068323131352377815,0.005480278836852798,0.0056163026133358,,0.6666666666666666,,,,-0.25636893433395286,,0.08382344312482959,0.07747584647905553,0.030074388428036943,-0.0009634529765609587,7.246707358410672,-inf,-inf,9.582954197530866e-05,0.2639455098157187,3,1,1,4,4,stage_a_context,,long,4-way,True,,production,,,0.07316216014669578,-inf,primary_target,0,ranking,rejected,"{""checks"": {""n_folds"": {""value"": 3, ""threshold"": 3, ""passed"": true}, ""presence_freq"": {""value"": 1.0, ""threshold"": 0.75, ""passed"": true}, ""directional_mean_ret"": {""value"": 0.26404133935769397, ""threshold"": 0.0, ""passed"": true}, ""hurdle_excess"": {""value"": 0.2639455098157187, ""threshold"": 0.0, ""passed"": true}, ""min_support_actual"": {""value"": 559, ""threshold"": 50, ""passed"": true}, ""is_structurally_sound"": {""value"": false, ""passed"": false}, ""trade_path_quality_score"": {""value"": -0.0009634529765609587, ""threshold"": 0.0, ""passed"": false}}, ""failures"": [""structural_soundness_fail: "", ""trade_path_quality_score=-0.000963 < 0.000000""], ""warnings"": [], ""classification"": ""rejected""}"
(*)|(*)|(reg_atr_change_rate_ts_band25_75==0&reg_atr_change_rate_ts_top30==1&reg_atr_change_rate_ts_top80==0&reg_ema50_gt_ema200_raw==0),*,*,reg_atr_change_rate_ts_band25_75==0&reg_atr_change_rate_ts_top30==1&reg_atr_change_rate_ts_top80==0&reg_ema50_gt_ema200_raw==0,0.1516115963459015,0.1516115963459015,0.0070127397775650024,0.10538330301642418,0.006790123456790124,0.001665523155954573,1.0,1.0,0.7560975609756098,65,,,-0.03166845938178916,-0.03695334622673886,-0.03166845938178916,-0.026383572536839463,,0.0,,,,-0.2033515037631621,,,,0.03623904116624627,5.224838291176923e-06,4.089630300771053,-inf,-inf,0.00010257621742112485,0.15150902012848036,3,2,2,4,4,stage_a_context,,long,4-way,True,,production,,,,-inf,primary_target,0,ranking,research,"{""checks"": {""n_folds"": {""value"": 3, ""threshold"": 3, ""passed"": true}, ""presence_freq"": {""value"": 1.0, ""threshold"": 0.75, ""passed"": true}, ""directional_mean_ret"": {""value"": 0.1516115963459015, ""threshold"": 0.0, ""passed"": true}, ""hurdle_excess"": {""value"": 0.15150902012848036, ""threshold"": 0.0, ""passed"": true}, ""min_support_actual"": {""value"": 65, ""threshold"": 50, ""passed"": true}, ""is_structurally_sound"": {""value"": false, ""passed"": false}, ""trade_path_quality_score"": {""value"": 5.224838291176923e-06, ""threshold"": 0.0, ""passed"": true}}, ""failures"": [""structural_soundness_fail: ""], ""warnings"": [], ""classification"": ""research""}"
(*)|(*)|(reg_atr_change_rate_ts_band25_75==0&reg_atr_change_rate_ts_top80==0&reg_ema50_gt_ema200_raw==1),*,*,reg_atr_change_rate_ts_band25_75==0&reg_atr_change_rate_ts_top80==0&reg_ema50_gt_ema200_raw==1,0.26404133935769397,0.26404133935769397,0.014723705940058052,0.15525070329507193,0.04451851851851851,0.0022402560438940767,1.0,1.0,0.5185589519650655,559,,,-0.0026374332935522548,-0.0068323131352377815,0.005480278836852798,0.0056163026133358,,0.6666666666666666,,,,-0.25636893433395286,,0.08382344312482959,0.07747584647905553,0.030074388428036943,-0.0009634529765609587,7.246707358410672,-inf,-inf,7.453408820301783e-05,0.26396680526949096,3,2,2,3,3,stage_a_context,,long,3-way,True,,production,,,0.07316216014669578,-inf,primary_target,0,ranking,rejected,"{""checks"": {""n_folds"": {""value"": 3, ""threshold"": 3, ""passed"": true}, ""presence_freq"": {""value"": 1.0, ""threshold"": 0.75, ""passed"": true}, ""directional_mean_ret"": {""value"": 0.26404133935769397, ""threshold"": 0.0, ""passed"": true}, ""hurdle_excess"": {""value"": 0.26396680526949096, ""threshold"": 0.0, ""passed"": true}, ""min_support_actual"": {""value"": 559, ""threshold"": 50, ""passed"": true}, ""is_structurally_sound"": {""value"": false, ""passed"": false}, ""trade_path_quality_score"": {""value"": -0.0009634529765609587, ""threshold"": 0.0, ""passed"": false}}, ""failures"": [""structural_soundness_fail: "", ""trade_path_quality_score=-0.000963 < 0.000000""], ""warnings"": [], ""classification"": ""rejected""}"
(*)|(*)|(reg_atr_change_rate_ts_band25_75==1&reg_atr_change_rate_ts_band40_60==0&reg_atr_change_rate_ts_top30==0&reg_atr_change_rate_ts_top40==0&reg_ema20_gt_ema50_raw==0),*,*,reg_atr_change_rate_ts_band25_75==1&reg_atr_change_rate_ts_band40_60==0&reg_atr_change_rate_ts_top30==0&reg_atr_change_rate_ts_top40==0&reg_ema20_gt_ema50_raw==0,0.2631906767686208,0.2631906767686208,0.016343697055675337,0.16265031695365906,0.048716049382716044,0.003122456288303651,1.0,1.0,0.5176336746302617,623,,,-0.009850880353314146,-0.014270544446681596,-0.01395917591198115,-0.007485364039280197,,0.0,,,,0.12258595182420347,,0.043209876543209874,0.0649793295217405,0.26787530981178254,-0.0011305978802505015,6.810212137749811,-inf,-inf,9.523731700960221e-05,0.2630954394516112,3,1,1,5,5,stage_a_context,,long,5-way,True,,production,,,0.03052422649743473,-inf,primary_target,0,ranking,rejected,"{""checks"": {""n_folds"": {""value"": 3, ""threshold"": 3, ""passed"": true}, ""presence_freq"": {""value"": 1.0, ""threshold"": 0.75, ""passed"": true}, ""directional_mean_ret"": {""value"": 0.2631906767686208, ""threshold"": 0.0, ""passed"": true}, ""hurdle_excess"": {""value"": 0.2630954394516112, ""threshold"": 0.0, ""passed"": true}, ""min_support_actual"": {""value"": 623, ""threshold"": 50, ""passed"": true}, ""is_structurally_sound"": {""value"": false, ""passed"": false}, ""trade_path_quality_score"": {""value"": -0.0011305978802505015, ""threshold"": 0.0, ""passed"": false}}, ""failures"": [""structural_soundness_fail: "", ""trade_path_quality_score=-0.001131 < 0.000000""], ""warnings"": [], ""classification"": ""rejected""}"
(*)|(*)|(reg_atr_change_rate_ts_band25_75==1&reg_atr_change_rate_ts_band40_60==0&reg_atr_change_rate_ts_top40==1&reg_atr_change_rate_ts_top70==1&reg_ema20_gt_ema50_raw==0),*,*,reg_atr_change_rate_ts_band25_75==1&reg_atr_change_rate_ts_band40_60==0&reg_atr_change_rate_ts_top40==1&reg_atr_change_rate_ts_top70==1&reg_ema20_gt_ema50_raw==0,0.21194550891717276,0.21194550891717276,0.012389019736078427,0.13626326123873392,0.01362962962962963,0.0009389211526830393,1.0,1.0,0.555956678700361,168,,,-0.03428889503203047,-0.03827787997669137,-0.02806942516342531,-0.027190175153066987,,0.0,,,,-0.026103993552277372,,0.09051724137931035,0.07438342326933012,0.029952136830887526,-4.8497156070064085e-06,6.135220493340273,-inf,-inf,0.00010116302345679012,0.21184434589371598,3,1,1,5,5,stage_a_context,,long,5-way,True,,production,,,0.20276736446922738,-inf,primary_target,0,ranking,rejected,"{""checks"": {""n_folds"": {""value"": 3, ""threshold"": 3, ""passed"": true}, ""presence_freq"": {""value"": 1.0, ""threshold"": 0.75, ""passed"": true}, ""directional_mean_ret"": {""value"": 0.21194550891717276, ""threshold"": 0.0, ""passed"": true}, ""hurdle_excess"": {""value"": 0.21184434589371598, ""threshold"": 0.0, ""passed"": true}, ""min_support_actual"": {""value"": 168, ""threshold"": 50, ""passed"": true}, ""is_structurally_sound"": {""value"": false, ""passed"": false}, ""trade_path_quality_score"": {""value"": -4.8497156070064085e-06, ""threshold"": 0.0, ""passed"": false}}, ""failures"": [""structural_soundness_fail: "", ""trade_path_quality_score=-0.000005 < 0.000000""], ""warnings"": [], ""classification"": ""rejected""}"
(*)|(*)|(reg_atr_change_rate_ts_band25_75==1&reg_atr_change_rate_ts_band40_60==0&reg_atr_change_rate_ts_top70==0&reg_ema20_gt_ema50_raw==1),*,*,reg_atr_change_rate_ts_band25_75==1&reg_atr_change_rate_ts_band40_60==0&reg_atr_change_rate_ts_top70==0&reg_ema20_gt_ema50_raw==1,0.2807053178548813,0.2807053178548813,0.023845703293324447,0.16661095122496286,0.023333333333333334,0.011838109316534246,1.0,1.0,0.5064027939464494,184,,,0.012582964136284921,0.0018495305653484784,0.011763950322865107,0.022906890800511455,,0.6666666666666666,,,,-0.13929375522382334,,,,0.03623904116624627,-0.00022925947978603658,7.7040027462208736,-inf,-inf,9.93025e-05,0.2806060153548813,3,1,1,4,4,stage_a_context,,long,4-way,True,,production,,,0.006987253386414816,-inf,primary_target,0,ranking,rejected,"{""checks"": {""n_folds"": {""value"": 3, ""threshold"": 3, ""passed"": true}, ""presence_freq"": {""value"": 1.0, ""threshold"": 0.75, ""passed"": true}, ""directional_mean_ret"": {""value"": 0.2807053178548813, ""threshold"": 0.0, ""passed"": true}, ""hurdle_excess"": {""value"": 0.2806060153548813, ""threshold"": 0.0, ""passed"": true}, ""min_support_actual"": {""value"": 184, ""threshold"": 50, ""passed"": true}, ""is_structurally_sound"": {""value"": false, ""passed"": false}, ""trade_path_quality_score"": {""value"": -0.00022925947978603658, ""threshold"": 0.0, ""passed"": false}}, ""failures"": [""structural_soundness_fail: "", ""trade_path_quality_score=-0.000229 < 0.000000""], ""warnings"": [], ""classification"": ""rejected""}"
(*)|(*)|(reg_atr_change_rate_ts_band25_75==1&reg_atr_change_rate_ts_band40_60==0&reg_atr_change_rate_ts_top70==1&reg_ema20_gt_ema50_raw==1),*,*,reg_atr_change_rate_ts_band25_75==1&reg_atr_change_rate_ts_band40_60==0&reg_atr_change_rate_ts_top70==1&reg_ema20_gt_ema50_raw==1,0.26811592777570087,0.26811592777570087,0.014840706869442359,0.15881633758544922,0.038148148148148146,0.002630064300712094,1.0,1.0,0.5351351351351351,466,,,0.00087952286125532,-0.007669188077046325,-0.0012768185386371098,0.00835006309961075,,0.3333333333333333,,,,-0.32207472992326813,,0.21778350515463918,0.10700237259438726,0.0310612806529075,-0.0012521916117486911,7.383601547710628,-inf,-inf,9.678891975308642e-05,0.2680191388559478,3,1,1,4,4,stage_a_context,,long,4-way,True,,production,,,0.05042428249816674,-inf,primary_target,0,ranking,rejected,"{""checks"": {""n_folds"": {""value"": 3, ""threshold"": 3, ""passed"": true}, ""presence_freq"": {""value"": 1.0, ""threshold"": 0.75, ""passed"": true}, ""directional_mean_ret"": {""value"": 0.26811592777570087, ""threshold"": 0.0, ""passed"": true}, ""hurdle_excess"": {""value"": 0.2680191388559478, ""threshold"": 0.0, ""passed"": true}, ""min_support_actual"": {""value"": 466, ""threshold"": 50, ""passed"": true}, ""is_structurally_sound"": {""value"": false, ""passed"": false}, ""trade_path_quality_score"": {""value"": -0.0012521916117486911, ""threshold"": 0.0, ""passed"": false}}, ""failures"": [""structural_soundness_fail: "", ""trade_path_quality_score=-0.001252 < 0.000000""], ""warnings"": [], ""classification"": ""rejected""}"
(*)|(*)|(reg_atr_change_rate_ts_band25_75==1&reg_atr_change_rate_ts_top30==0&reg_atr_change_rate_ts_top40==0&reg_atr_change_rate_ts_top80==0&reg_ema50_gt_ema200_raw==0),*,*,reg_atr_change_rate_ts_band25_75==1&reg_atr_change_rate_ts_top30==0&reg_atr_change_rate_ts_top40==0&reg_atr_change_rate_ts_top80==0&reg_ema50_gt_ema200_raw==0,0.2631906767686208,0.2631906767686208,0.016343697055675337,0.16265031695365906,0.048716049382716044,0.003122456288303651,1.0,1.0,0.5176336746302617,623,,,-0.009850880353314146,-0.014270544446681596,-0.01395917591198115,-0.007485364039280197,,0.0,,,,0.12258595182420347,,0.043209876543209874,0.0649793295217405,0.26787530981178254,-0.0011305978802505015,6.810212137749811,-inf,-inf,9.523731700960221e-05,0.2630954394516112,3,1,1,5,5,stage_a_context,,long,5-way,True,,production,,,0.03052422649743473,-inf,primary_target,0,ranking,rejected,"{""checks"": {""n_folds"": {""value"": 3, ""threshold"": 3, ""passed"": true}, ""presence_freq"": {""value"": 1.0, ""threshold"": 0.75, ""passed"": true}, ""directional_mean_ret"": {""value"": 0.2631906767686208, ""threshold"": 0.0, ""passed"": true}, ""hurdle_excess"": {""value"": 0.2630954394516112, ""threshold"": 0.0, ""passed"": true}, ""min_support_actual"": {""value"": 623, ""threshold"": 50, ""passed"": true}, ""is_structurally_sound"": {""value"": false, ""passed"": false}, ""trade_path_quality_score"": {""value"": -0.0011305978802505015, ""threshold"": 0.0, ""passed"": false}}, ""failures"": [""structural_soundness_fail: "", ""trade_path_quality_score=-0.001131 < 0.000000""], ""warnings"": [], ""classification"": ""rejected""}"
(*)|(*)|(reg_atr_change_rate_ts_band25_75==1&reg_atr_change_rate_ts_top30==0&reg_atr_change_rate_ts_top40==0&reg_ema20_gt_ema50_raw==0),*,*,reg_atr_change_rate_ts_band25_75==1&reg_atr_change_rate_ts_top30==0&reg_atr_change_rate_ts_top40==0&reg_ema20_gt_ema50_raw==0,0.2631906767686208,0.2631906767686208,0.016343697055675337,0.16265031695365906,0.048716049382716044,0.003122456288303651,1.0,1.0,0.5176336746302617,623,,,-0.009850880353314146,-0.014270544446681596,-0.01395917591198115,-0.007485364039280197,,0.0,,,,0.12258595182420347,,0.043209876543209874,0.0649793295217405,0.26787530981178254,-0.0011305978802505015,6.810212137749811,-inf,-inf,9.523731700960221e-05,0.2630954394516112,3,2,2,4,4,stage_a_context,,long,4-way,True,,production,,,0.03052422649743473,-inf,primary_target,0,ranking,rejected,"{""checks"": {""n_folds"": {""value"": 3, ""threshold"": 3, ""passed"": true}, ""presence_freq"": {""value"": 1.0, ""threshold"": 0.75, ""passed"": true}, ""directional_mean_ret"": {""value"": 0.2631906767686208, ""threshold"": 0.0, ""passed"": true}, ""hurdle_excess"": {""value"": 0.2630954394516112, ""threshold"": 0.0, ""passed"": true}, ""min_support_actual"": {""value"": 623, ""threshold"": 50, ""passed"": true}, ""is_structurally_sound"": {""value"": false, ""passed"": false}, ""trade_path_quality_score"": {""value"": -0.0011305978802505015, ""threshold"": 0.0, ""passed"": false}}, ""failures"": [""structural_soundness_fail: "", ""trade_path_quality_score=-0.001131 < 0.000000""], ""warnings"": [], ""classification"": ""rejected""}"
(*)|(*)|(reg_atr_change_rate_ts_band25_75==1&reg_atr_change_rate_ts_top40==1&reg_atr_change_rate_ts_top50==1&reg_atr_change_rate_ts_top70==1&reg_atr_change_rate_ts_top80==0&reg_ema50_gt_ema200_raw==0),*,*,reg_atr_change_rate_ts_band25_75==1&reg_atr_change_rate_ts_top40==1&reg_atr_change_rate_ts_top50==1&reg_atr_change_rate_ts_top70==1&reg_atr_change_rate_ts_top80==0&reg_ema50_gt_ema200_raw==0,0.21194550891717276,0.21194550891717276,0.012389019736078427,0.13626326123873392,0.01362962962962963,0.0009389211526830393,1.0,1.0,0.555956678700361,168,,,-0.03428889503203047,-0.03827787997669137,-0.02806942516342531,-0.027190175153066987,,0.0,,,,-0.026103993552277372,,0.09051724137931035,0.07438342326933012,0.029952136830887526,-4.8497156070064085e-06,6.135220493340273,-inf,-inf,0.00010116302345679012,0.21184434589371598,3,1,1,6,6,stage_a_context,,long,6-way,True,,production,,,0.20276736446922738,-inf,primary_target,0,ranking,rejected,"{""checks"": {""n_folds"": {""value"": 3, ""threshold"": 3, ""passed"": true}, ""presence_freq"": {""value"": 1.0, ""threshold"": 0.75, ""passed"": true}, ""directional_mean_ret"": {""value"": 0.21194550891717276, ""threshold"": 0.0, ""passed"": true}, ""hurdle_excess"": {""value"": 0.21184434589371598, ""threshold"": 0.0, ""passed"": true}, ""min_support_actual"": {""value"": 168, ""threshold"": 50, ""passed"": true}, ""is_structurally_sound"": {""value"": false, ""passed"": false}, ""trade_path_quality_score"": {""value"": -4.8497156070064085e-06, ""threshold"": 0.0, ""passed"": false}}, ""failures"": [""structural_soundness_fail: "", ""trade_path_quality_score=-0.000005 < 0.000000""], ""warnings"": [], ""classification"": ""rejected""}"
(*)|(*)|(reg_atr_change_rate_ts_band25_75==1&reg_atr_change_rate_ts_top70==0&reg_atr_change_rate_ts_top80==0&reg_ema50_gt_ema200_raw==1),*,*,reg_atr_change_rate_ts_band25_75==1&reg_atr_change_rate_ts_top70==0&reg_atr_change_rate_ts_top80==0&reg_ema50_gt_ema200_raw==1,0.2807053178548813,0.2807053178548813,0.023845703293324447,0.16661095122496286,0.023333333333333334,0.011838109316534246,1.0,1.0,0.5064027939464494,184,,,0.012582964136284921,0.0018495305653484784,0.011763950322865107,0.022906890800511455,,0.6666666666666666,,,,-0.13929375522382334,,,,0.03623904116624627,-0.00022925947978603658,7.7040027462208736,-inf,-inf,9.93025e-05,0.2806060153548813,3,1,1,4,4,stage_a_context,,long,4-way,True,,production,,,0.006987253386414816,-inf,primary_target,0,ranking,rejected,"{""checks"": {""n_folds"": {""value"": 3, ""threshold"": 3, ""passed"": true}, ""presence_freq"": {""value"": 1.0, ""threshold"": 0.75, ""passed"": true}, ""directional_mean_ret"": {""value"": 0.2807053178548813, ""threshold"": 0.0, ""passed"": true}, ""hurdle_excess"": {""value"": 0.2806060153548813, ""threshold"": 0.0, ""passed"": true}, ""min_support_actual"": {""value"": 184, ""threshold"": 50, ""passed"": true}, ""is_structurally_sound"": {""value"": false, ""passed"": false}, ""trade_path_quality_score"": {""value"": -0.00022925947978603658, ""threshold"": 0.0, ""passed"": false}}, ""failures"": [""structural_soundness_fail: "", ""trade_path_quality_score=-0.000229 < 0.000000""], ""warnings"": [], ""classification"": ""rejected""}"
(*)|(*)|(reg_atr_change_rate_ts_band25_75==1&reg_atr_change_rate_ts_top70==0&reg_ema20_gt_ema50_raw==1),*,*,reg_atr_change_rate_ts_band25_75==1&reg_atr_change_rate_ts_top70==0&reg_ema20_gt_ema50_raw==1,0.2807053178548813,0.2807053178548813,0.023845703293324447,0.16661095122496286,0.023333333333333334,0.011838109316534246,1.0,1.0,0.5064027939464494,184,,,0.012582964136284921,0.0018495305653484784,0.011763950322865107,0.022906890800511455,,0.6666666666666666,,,,-0.13929375522382334,,,,0.03623904116624627,-0.00022925947978603658,7.7040027462208736,-inf,-inf,7.723527777777776e-05,0.28062808257710353,3,2,2,3,3,stage_a_context,,long,3-way,True,,production,,,0.006987253386414816,-inf,primary_target,0,ranking,rejected,"{""checks"": {""n_folds"": {""value"": 3, ""threshold"": 3, ""passed"": true}, ""presence_freq"": {""value"": 1.0, ""threshold"": 0.75, ""passed"": true}, ""directional_mean_ret"": {""value"": 0.2807053178548813, ""threshold"": 0.0, ""passed"": true}, ""hurdle_excess"": {""value"": 0.28062808257710353, ""threshold"": 0.0, ""passed"": true}, ""min_support_actual"": {""value"": 184, ""threshold"": 50, ""passed"": true}, ""is_structurally_sound"": {""value"": false, ""passed"": false}, ""trade_path_quality_score"": {""value"": -0.00022925947978603658, ""threshold"": 0.0, ""passed"": false}}, ""failures"": [""structural_soundness_fail: "", ""trade_path_quality_score=-0.000229 < 0.000000""], ""warnings"": [], ""classification"": ""rejected""}"
(*)|(*)|(reg_atr_change_rate_ts_band25_75==1&reg_atr_change_rate_ts_top70==0&reg_ema50_gt_ema200_raw==1),*,*,reg_atr_change_rate_ts_band25_75==1&reg_atr_change_rate_ts_top70==0&reg_ema50_gt_ema200_raw==1,0.2807053178548813,0.2807053178548813,0.023845703293324447,0.16661095122496286,0.023333333333333334,0.011838109316534246,1.0,1.0,0.5064027939464494,184,,,0.012582964136284921,0.0018495305653484784,0.011763950322865107,0.022906890800511455,,0.6666666666666666,,,,-0.13929375522382334,,,,0.03623904116624627,-0.00022925947978603658,7.7040027462208736,-inf,-inf,7.723527777777776e-05,0.28062808257710353,3,2,2,3,3,stage_a_context,,long,3-way,True,,production,,,0.006987253386414816,-inf,primary_target,0,ranking,rejected,"{""checks"": {""n_folds"": {""value"": 3, ""threshold"": 3, ""passed"": true}, ""presence_freq"": {""value"": 1.0, ""threshold"": 0.75, ""passed"": true}, ""directional_mean_ret"": {""value"": 0.2807053178548813, ""threshold"": 0.0, ""passed"": true}, ""hurdle_excess"": {""value"": 0.28062808257710353, ""threshold"": 0.0, ""passed"": true}, ""min_support_actual"": {""value"": 184, ""threshold"": 50, ""passed"": true}, ""is_structurally_sound"": {""value"": false, ""passed"": false}, ""trade_path_quality_score"": {""value"": -0.00022925947978603658, ""threshold"": 0.0, ""passed"": false}}, ""failures"": [""structural_soundness_fail: "", ""trade_path_quality_score=-0.000229 < 0.000000""], ""warnings"": [], ""classification"": ""rejected""}"
(*)|(*)|(reg_atr_change_rate_ts_band25_75==1&reg_atr_change_rate_ts_top70==1&reg_atr_change_rate_ts_top80==0&reg_ema50_gt_ema200_raw==1),*,*,reg_atr_change_rate_ts_band25_75==1&reg_atr_change_rate_ts_top70==1&reg_atr_change_rate_ts_top80==0&reg_ema50_gt_ema200_raw==1,0.26811592777570087,0.26811592777570087,0.014840706869442359,0.15881633758544922,0.038148148148148146,0.002630064300712094,1.0,1.0,0.5351351351351351,466,,,0.00087952286125532,-0.007669188077046325,-0.0012768185386371098,0.00835006309961075,,0.3333333333333333,,,,-0.32207472992326813,,0.21778350515463918,0.10700237259438726,0.0310612806529075,-0.0012521916117486911,7.383601547710628,-inf,-inf,9.678891975308642e-05,0.2680191388559478,3,1,1,4,4,stage_a_context,,long,4-way,True,,production,,,0.05042428249816674,-inf,primary_target,0,ranking,rejected,"{""checks"": {""n_folds"": {""value"": 3, ""threshold"": 3, ""passed"": true}, ""presence_freq"": {""value"": 1.0, ""threshold"": 0.75, ""passed"": true}, ""directional_mean_ret"": {""value"": 0.26811592777570087, ""threshold"": 0.0, ""passed"": true}, ""hurdle_excess"": {""value"": 0.2680191388559478, ""threshold"": 0.0, ""passed"": true}, ""min_support_actual"": {""value"": 466, ""threshold"": 50, ""passed"": true}, ""is_structurally_sound"": {""value"": false, ""passed"": false}, ""trade_path_quality_score"": {""value"": -0.0012521916117486911, ""threshold"": 0.0, ""passed"": false}}, ""failures"": [""structural_soundness_fail: "", ""trade_path_quality_score=-0.001252 < 0.000000""], ""warnings"": [], ""classification"": ""rejected""}"
(*)|(*)|(reg_atr_change_rate_ts_band25_75==1&reg_atr_change_rate_ts_top70==1&reg_ema20_gt_ema50_raw==0),*,*,reg_atr_change_rate_ts_band25_75==1&reg_atr_change_rate_ts_top70==1&reg_ema20_gt_ema50_raw==0,0.21194550891717276,0.21194550891717276,0.012389019736078427,0.13626326123873392,0.01362962962962963,0.0009389211526830393,1.0,1.0,0.555956678700361,168,,,-0.03428889503203047,-0.03827787997669137,-0.02806942516342531,-0.027190175153066987,,0.0,,,,-0.026103993552277372,,0.09051724137931035,0.07438342326933012,0.029952136830887526,-4.8497156070064085e-06,6.135220493340273,-inf,-inf,7.868235157750341e-05,0.21186682656559525,3,1,1,3,3,stage_a_context,,long,3-way,True,,production,,,0.20276736446922738,-inf,primary_target,0,ranking,rejected,"{""checks"": {""n_folds"": {""value"": 3, ""threshold"": 3, ""passed"": true}, ""presence_freq"": {""value"": 1.0, ""threshold"": 0.75, ""passed"": true}, ""directional_mean_ret"": {""value"": 0.21194550891717276, ""threshold"": 0.0, ""passed"": true}, ""hurdle_excess"": {""value"": 0.21186682656559525, ""threshold"": 0.0, ""passed"": true}, ""min_support_actual"": {""value"": 168, ""threshold"": 50, ""passed"": true}, ""is_structurally_sound"": {""value"": false, ""passed"": false}, ""trade_path_quality_score"": {""value"": -4.8497156070064085e-06, ""threshold"": 0.0, ""passed"": false}}, ""failures"": [""structural_soundness_fail: "", ""trade_path_quality_score=-0.000005 < 0.000000""], ""warnings"": [], ""classification"": ""rejected""}"
(*)|(*)|(reg_atr_change_rate_ts_band25_75==1&reg_atr_change_rate_ts_top70==1&reg_ema20_gt_ema50_raw==1),*,*,reg_atr_change_rate_ts_band25_75==1&reg_atr_change_rate_ts_top70==1&reg_ema20_gt_ema50_raw==1,0.26811592777570087,0.26811592777570087,0.014840706869442359,0.15881633758544922,0.038148148148148146,0.002630064300712094,1.0,1.0,0.5351351351351351,466,,,0.00087952286125532,-0.007669188077046325,-0.0012768185386371098,0.00835006309961075,,0.3333333333333333,,,,-0.32207472992326813,,0.21778350515463918,0.10700237259438726,0.0310612806529075,-0.0012521916117486911,7.383601547710628,-inf,-inf,7.528027091906721e-05,0.2680406475047818,3,2,2,3,3,stage_a_context,,long,3-way,True,,production,,,0.05042428249816674,-inf,primary_target,0,ranking,rejected,"{""checks"": {""n_folds"": {""value"": 3, ""threshold"": 3, ""passed"": true}, ""presence_freq"": {""value"": 1.0, ""threshold"": 0.75, ""passed"": true}, ""directional_mean_ret"": {""value"": 0.26811592777570087, ""threshold"": 0.0, ""passed"": true}, ""hurdle_excess"": {""value"": 0.2680406475047818, ""threshold"": 0.0, ""passed"": true}, ""min_support_actual"": {""value"": 466, ""threshold"": 50, ""passed"": true}, ""is_structurally_sound"": {""value"": false, ""passed"": false}, ""trade_path_quality_score"": {""value"": -0.0012521916117486911, ""threshold"": 0.0, ""passed"": false}}, ""failures"": [""structural_soundness_fail: "", ""trade_path_quality_score=-0.001252 < 0.000000""], ""warnings"": [], ""classification"": ""rejected""}"
(*)|(*)|(reg_atr_change_rate_ts_band25_75==1&reg_atr_change_rate_ts_top70==1&reg_ema50_gt_ema200_raw==0),*,*,reg_atr_change_rate_ts_band25_75==1&reg_atr_change_rate_ts_top70==1&reg_ema50_gt_ema200_raw==0,0.21194550891717276,0.21194550891717276,0.012389019736078427,0.13626326123873392,0.01362962962962963,0.0009389211526830393,1.0,1.0,0.555956678700361,168,,,-0.03428889503203047,-0.03827787997669137,-0.02806942516342531,-0.027190175153066987,,0.0,,,,-0.026103993552277372,,0.09051724137931035,0.07438342326933012,0.029952136830887526,-4.8497156070064085e-06,6.135220493340273,-inf,-inf,7.868235157750341e-05,0.21186682656559525,3,1,1,3,3,stage_a_context,,long,3-way,True,,production,,,0.20276736446922738,-inf,primary_target,0,ranking,rejected,"{""checks"": {""n_folds"": {""value"": 3, ""threshold"": 3, ""passed"": true}, ""presence_freq"": {""value"": 1.0, ""threshold"": 0.75, ""passed"": true}, ""directional_mean_ret"": {""value"": 0.21194550891717276, ""threshold"": 0.0, ""passed"": true}, ""hurdle_excess"": {""value"": 0.21186682656559525, ""threshold"": 0.0, ""passed"": true}, ""min_support_actual"": {""value"": 168, ""threshold"": 50, ""passed"": true}, ""is_structurally_sound"": {""value"": false, ""passed"": false}, ""trade_path_quality_score"": {""value"": -4.8497156070064085e-06, ""threshold"": 0.0, ""passed"": false}}, ""failures"": [""structural_soundness_fail: "", ""trade_path_quality_score=-0.000005 < 0.000000""], ""warnings"": [], ""classification"": ""rejected""}"
(*)|(*)|(reg_atr_change_rate_ts_band25_75==1&reg_atr_change_rate_ts_top70==1&reg_ema50_gt_ema200_raw==1),*,*,reg_atr_change_rate_ts_band25_75==1&reg_atr_change_rate_ts_top70==1&reg_ema50_gt_ema200_raw==1,0.26811592777570087,0.26811592777570087,0.014840706869442359,0.15881633758544922,0.038148148148148146,0.002630064300712094,1.0,1.0,0.5351351351351351,466,,,0.00087952286125532,-0.007669188077046325,-0.0012768185386371098,0.00835006309961075,,0.3333333333333333,,,,-0.32207472992326813,,0.21778350515463918,0.10700237259438726,0.0310612806529075,-0.0012521916117486911,7.383601547710628,-inf,-inf,7.528027091906721e-05,0.2680406475047818,3,2,2,3,3,stage_a_context,,long,3-way,True,,production,,,0.05042428249816674,-inf,primary_target,0,ranking,rejected,"{""checks"": {""n_folds"": {""value"": 3, ""threshold"": 3, ""passed"": true}, ""presence_freq"": {""value"": 1.0, ""threshold"": 0.75, ""passed"": true}, ""directional_mean_ret"": {""value"": 0.26811592777570087, ""threshold"": 0.0, ""passed"": true}, ""hurdle_excess"": {""value"": 0.2680406475047818, ""threshold"": 0.0, ""passed"": true}, ""min_support_actual"": {""value"": 466, ""threshold"": 50, ""passed"": true}, ""is_structurally_sound"": {""value"": false, ""passed"": false}, ""trade_path_quality_score"": {""value"": -0.0012521916117486911, ""threshold"": 0.0, ""passed"": false}}, ""failures"": [""structural_soundness_fail: "", ""trade_path_quality_score=-0.001252 < 0.000000""], ""warnings"": [], ""classification"": ""rejected""}"
(*)|(*)|(reg_atr_change_rate_ts_band30_70==1&reg_atr_change_rate_ts_top80==0&reg_ema20_gt_ema50_raw==1),*,*,reg_atr_change_rate_ts_band30_70==1&reg_atr_change_rate_ts_top80==0&reg_ema20_gt_ema50_raw==1,0.2807053178548813,0.2807053178548813,0.023845703293324447,0.16661095122496286,0.023333333333333334,0.011838109316534246,1.0,1.0,0.5064027939464494,184,,,0.012582964136284921,0.0018495305653484784,0.011763950322865107,0.022906890800511455,,0.6666666666666666,,,,-0.13929375522382334,,,,0.03623904116624627,-0.00022925947978603658,7.7040027462208736,-inf,-inf,7.723527777777776e-05,0.28062808257710353,3,1,1,3,3,stage_a_context,,long,3-way,True,,production,,,0.006987253386414816,-inf,primary_target,0,ranking,rejected,"{""checks"": {""n_folds"": {""value"": 3, ""threshold"": 3, ""passed"": true}, ""presence_freq"": {""value"": 1.0, ""threshold"": 0.75, ""passed"": true}, ""directional_mean_ret"": {""value"": 0.2807053178548813, ""threshold"": 0.0, ""passed"": true}, ""hurdle_excess"": {""value"": 0.28062808257710353, ""threshold"": 0.0, ""passed"": true}, ""min_support_actual"": {""value"": 184, ""threshold"": 50, ""passed"": true}, ""is_structurally_sound"": {""value"": false, ""passed"": false}, ""trade_path_quality_score"": {""value"": -0.00022925947978603658, ""threshold"": 0.0, ""passed"": false}}, ""failures"": [""structural_soundness_fail: "", ""trade_path_quality_score=-0.000229 < 0.000000""], ""warnings"": [], ""classification"": ""rejected""}"
(*)|(loc_dist_ema20_atr_ts_band20_80==1&loc_dist_ema20_atr_ts_band25_75==0&loc_dist_ema20_atr_ts_band30_70==0)|(reg_atr_change_rate_ts_top40==1&reg_ema20_gt_ema50_raw==0),*,loc_dist_ema20_atr_ts_band20_80==1&loc_dist_ema20_atr_ts_band25_75==0&loc_dist_ema20_atr_ts_band30_70==0,reg_atr_change_rate_ts_top40==1&reg_ema20_gt_ema50_raw==0,0.1516115963459015,0.1516115963459015,0.0070127397775650024,0.10538330301642418,0.006790123456790124,0.001665523155954573,1.0,1.0,0.7560975609756098,65,,,-0.03166845938178916,-0.03695334622673886,-0.03166845938178916,-0.026383572536839463,,0.0,,,,-0.2033515037631621,,,,0.03623904116624627,5.224838291176923e-06,4.089630300771053,-inf,-inf,0.00010257621742112485,0.15150902012848036,3,1,1,5,5,stage_a_context,,long,5-way,True,,production,,,,-inf,primary_target,0,ranking,research,"{""checks"": {""n_folds"": {""value"": 3, ""threshold"": 3, ""passed"": true}, ""presence_freq"": {""value"": 1.0, ""threshold"": 0.75, ""passed"": true}, ""directional_mean_ret"": {""value"": 0.1516115963459015, ""threshold"": 0.0, ""passed"": true}, ""hurdle_excess"": {""value"": 0.15150902012848036, ""threshold"": 0.0, ""passed"": true}, ""min_support_actual"": {""value"": 65, ""threshold"": 50, ""passed"": true}, ""is_structurally_sound"": {""value"": false, ""passed"": false}, ""trade_path_quality_score"": {""value"": 5.224838291176923e-06, ""threshold"": 0.0, ""passed"": true}}, ""failures"": [""structural_soundness_fail: ""], ""warnings"": [], ""classification"": ""research""}"
(*)|(loc_dist_ema20_atr_ts_band20_80==1&loc_dist_ema20_atr_ts_band25_75==0&loc_dist_ema20_atr_ts_band30_70==0)|(reg_ema20_gt_ema50_raw==1),*,loc_dist_ema20_atr_ts_band20_80==1&loc_dist_ema20_atr_ts_band25_75==0&loc_dist_ema20_atr_ts_band30_70==0,reg_ema20_gt_ema50_raw==1,0.26404133935769397,0.26404133935769397,0.014723705940058052,0.15525070329507193,0.04451851851851851,0.0022402560438940767,1.0,1.0,0.5185589519650655,559,,,-0.0026374332935522548,-0.0068323131352377815,0.005480278836852798,0.0056163026133358,,0.6666666666666666,,,,-0.25636893433395286,,0.08382344312482959,0.07747584647905553,0.030074388428036943,-0.0009634529765609587,7.246707358410672,-inf,-inf,9.582954197530866e-05,0.2639455098157187,3,2,2,4,4,stage_a_context,,long,4-way,True,,production,,,0.07316216014669578,-inf,primary_target,0,ranking,rejected,"{""checks"": {""n_folds"": {""value"": 3, ""threshold"": 3, ""passed"": true}, ""presence_freq"": {""value"": 1.0, ""threshold"": 0.75, ""passed"": true}, ""directional_mean_ret"": {""value"": 0.26404133935769397, ""threshold"": 0.0, ""passed"": true}, ""hurdle_excess"": {""value"": 0.2639455098157187, ""threshold"": 0.0, ""passed"": true}, ""min_support_actual"": {""value"": 559, ""threshold"": 50, ""passed"": true}, ""is_structurally_sound"": {""value"": false, ""passed"": false}, ""trade_path_quality_score"": {""value"": -0.0009634529765609587, ""threshold"": 0.0, ""passed"": false}}, ""failures"": [""structural_soundness_fail: "", ""trade_path_quality_score=-0.000963 < 0.000000""], ""warnings"": [], ""classification"": ""rejected""}"
(*)|(loc_dist_ema20_atr_ts_band20_80==1&loc_dist_ema20_atr_ts_band25_75==0)|(reg_atr_change_rate_ts_top30==0&reg_atr_compression_ratio_ts_top70==0&reg_ema20_gt_ema50_raw==0),*,loc_dist_ema20_atr_ts_band20_80==1&loc_dist_ema20_atr_ts_band25_75==0,reg_atr_change_rate_ts_top30==0&reg_atr_compression_ratio_ts_top70==0&reg_ema20_gt_ema50_raw==0,0.27054087320963544,0.27054087320963544,0.012278289141472701,0.16378221909205118,0.04960493827160494,0.004345117808880777,1.0,1.0,0.5057339449541285,605,,,0.002861891697550221,-0.006380393648339745,-0.0024075316486659136,0.009469465370332119,,0.3333333333333333,,,,0.1987676516036483,,-0.36362139917695474,0.020383762835352315,0.26265694039971793,-0.0004560876536372875,6.6443927126481155,-inf,-inf,9.511597379972566e-05,0.2704457572358357,3,1,1,5,5,stage_a_context,,long,5-way,True,,production,,,0.02247996595339467,-inf,primary_target,0,ranking,rejected,"{""checks"": {""n_folds"": {""value"": 3, ""threshold"": 3, ""passed"": true}, ""presence_freq"": {""value"": 1.0, ""threshold"": 0.75, ""passed"": true}, ""directional_mean_ret"": {""value"": 0.27054087320963544, ""threshold"": 0.0, ""passed"": true}, ""hurdle_excess"": {""value"": 0.2704457572358357, ""threshold"": 0.0, ""passed"": true}, ""min_support_actual"": {""value"": 605, ""threshold"": 50, ""passed"": true}, ""is_structurally_sound"": {""value"": false, ""passed"": false}, ""trade_path_quality_score"": {""value"": -0.0004560876536372875, ""threshold"": 0.0, ""passed"": false}}, ""failures"": [""structural_soundness_fail: "", ""trade_path_quality_score=-0.000456 < 0.000000""], ""warnings"": [], ""classification"": ""rejected""}"
(*)|(loc_dist_ema20_atr_ts_band20_80==1&loc_dist_ema20_atr_ts_band25_75==0)|(reg_atr_change_rate_ts_top40==0&reg_ema20_gt_ema50_raw==0),*,loc_dist_ema20_atr_ts_band20_80==1&loc_dist_ema20_atr_ts_band25_75==0,reg_atr_change_rate_ts_top40==0&reg_ema20_gt_ema50_raw==0,0.27054087320963544,0.27054087320963544,0.012278289141472701,0.16378221909205118,0.04960493827160494,0.004345117808880777,1.0,1.0,0.5057339449541285,605,,,0.002861891697550221,-0.006380393648339745,-0.0024075316486659136,0.009469465370332119,,0.3333333333333333,,,,0.1987676516036483,,-0.36362139917695474,0.020383762835352315,0.26265694039971793,-0.0004560876536372875,6.6443927126481155,-inf,-inf,9.511597379972566e-05,0.2704457572358357,3,1,1,4,4,stage_a_context,,long,4-way,True,,production,,,0.02247996595339467,-inf,primary_target,0,ranking,rejected,"{""checks"": {""n_folds"": {""value"": 3, ""threshold"": 3, ""passed"": true}, ""presence_freq"": {""value"": 1.0, ""threshold"": 0.75, ""passed"": true}, ""directional_mean_ret"": {""value"": 0.27054087320963544, ""threshold"": 0.0, ""passed"": true}, ""hurdle_excess"": {""value"": 0.2704457572358357, ""threshold"": 0.0, ""passed"": true}, ""min_support_actual"": {""value"": 605, ""threshold"": 50, ""passed"": true}, ""is_structurally_sound"": {""value"": false, ""passed"": false}, ""trade_path_quality_score"": {""value"": -0.0004560876536372875, ""threshold"": 0.0, ""passed"": false}}, ""failures"": [""structural_soundness_fail: "", ""trade_path_quality_score=-0.000456 < 0.000000""], ""warnings"": [], ""classification"": ""rejected""}"
(*)|(loc_dist_ema20_atr_ts_band20_80==1&loc_dist_ema20_atr_ts_band25_75==0)|(reg_atr_compression_ratio_ts_top70==1&reg_ema20_gt_ema50_raw==0),*,loc_dist_ema20_atr_ts_band20_80==1&loc_dist_ema20_atr_ts_band25_75==0,reg_atr_compression_ratio_ts_top70==1&reg_ema20_gt_ema50_raw==0,0.1516115963459015,0.1516115963459015,0.0070127397775650024,0.10538330301642418,0.006790123456790124,0.001665523155954573,1.0,1.0,0.7560975609756098,65,,,-0.03166845938178916,-0.03695334622673886,-0.03166845938178916,-0.026383572536839463,,0.0,,,,-0.2033515037631621,,,,0.03623904116624627,5.224838291176923e-06,4.089630300771053,-inf,-inf,0.00010257621742112485,0.15150902012848036,3,1,1,4,4,stage_a_context,,long,4-way,True,,production,,,,-inf,primary_target,0,ranking,research,"{""checks"": {""n_folds"": {""value"": 3, ""threshold"": 3, ""passed"": true}, ""presence_freq"": {""value"": 1.0, ""threshold"": 0.75, ""passed"": true}, ""directional_mean_ret"": {""value"": 0.1516115963459015, ""threshold"": 0.0, ""passed"": true}, ""hurdle_excess"": {""value"": 0.15150902012848036, ""threshold"": 0.0, ""passed"": true}, ""min_support_actual"": {""value"": 65, ""threshold"": 50, ""passed"": true}, ""is_structurally_sound"": {""value"": false, ""passed"": false}, ""trade_path_quality_score"": {""value"": 5.224838291176923e-06, ""threshold"": 0.0, ""passed"": true}}, ""failures"": [""structural_soundness_fail: ""], ""warnings"": [], ""classification"": ""research""}"
(*)|(loc_dist_ema20_atr_ts_band20_80==1&loc_dist_ema20_atr_ts_band25_75==1&loc_dist_ema20_atr_ts_band30_70==0)|(reg_atr_change_rate_ts_top40==1&reg_ema20_gt_ema50_raw==0),*,loc_dist_ema20_atr_ts_band20_80==1&loc_dist_ema20_atr_ts_band25_75==1&loc_dist_ema20_atr_ts_band30_70==0,reg_atr_change_rate_ts_top40==1&reg_ema20_gt_ema50_raw==0,0.21194550891717276,0.21194550891717276,0.012389019736078427,0.13626326123873392,0.01362962962962963,0.0009389211526830393,1.0,1.0,0.555956678700361,168,,,-0.03428889503203047,-0.03827787997669137,-0.02806942516342531,-0.027190175153066987,,0.0,,,,-0.026103993552277372,,0.09051724137931035,0.07438342326933012,0.029952136830887526,-4.8497156070064085e-06,6.135220493340273,-inf,-inf,0.00010116302345679012,0.21184434589371598,3,1,1,5,5,stage_a_context,,long,5-way,True,,production,,,0.20276736446922738,-inf,primary_target,0,ranking,rejected,"{""checks"": {""n_folds"": {""value"": 3, ""threshold"": 3, ""passed"": true}, ""presence_freq"": {""value"": 1.0, ""threshold"": 0.75, ""passed"": true}, ""directional_mean_ret"": {""value"": 0.21194550891717276, ""threshold"": 0.0, ""passed"": true}, ""hurdle_excess"": {""value"": 0.21184434589371598, ""threshold"": 0.0, ""passed"": true}, ""min_support_actual"": {""value"": 168, ""threshold"": 50, ""passed"": true}, ""is_structurally_sound"": {""value"": false, ""passed"": false}, ""trade_path_quality_score"": {""value"": -4.8497156070064085e-06, ""threshold"": 0.0, ""passed"": false}}, ""failures"": [""structural_soundness_fail: "", ""trade_path_quality_score=-0.000005 < 0.000000""], ""warnings"": [], ""classification"": ""rejected""}"
(*)|(loc_dist_ema20_atr_ts_band20_80==1&loc_dist_ema20_atr_ts_band25_75==1&loc_dist_ema20_atr_ts_band30_70==0)|(reg_ema20_gt_ema50_raw==1),*,loc_dist_ema20_atr_ts_band20_80==1&loc_dist_ema20_atr_ts_band25_75==1&loc_dist_ema20_atr_ts_band30_70==0,reg_ema20_gt_ema50_raw==1,0.26811592777570087,0.26811592777570087,0.014840706869442359,0.15881633758544922,0.038148148148148146,0.002630064300712094,1.0,1.0,0.5351351351351351,466,,,0.00087952286125532,-0.007669188077046325,-0.0012768185386371098,0.00835006309961075,,0.3333333333333333,,,,-0.32207472992326813,,0.21778350515463918,0.10700237259438726,0.0310612806529075,-0.0012521916117486911,7.383601547710628,-inf,-inf,9.678891975308642e-05,0.2680191388559478,3,2,2,4,4,stage_a_context,,long,4-way,True,,production,,,0.05042428249816674,-inf,primary_target,0,ranking,rejected,"{""checks"": {""n_folds"": {""value"": 3, ""threshold"": 3, ""passed"": true}, ""presence_freq"": {""value"": 1.0, ""threshold"": 0.75, ""passed"": true}, ""directional_mean_ret"": {""value"": 0.26811592777570087, ""threshold"": 0.0, ""passed"": true}, ""hurdle_excess"": {""value"": 0.2680191388559478, ""threshold"": 0.0, ""passed"": true}, ""min_support_actual"": {""value"": 466, ""threshold"": 50, ""passed"": true}, ""is_structurally_sound"": {""value"": false, ""passed"": false}, ""trade_path_quality_score"": {""value"": -0.0012521916117486911, ""threshold"": 0.0, ""passed"": false}}, ""failures"": [""structural_soundness_fail: "", ""trade_path_quality_score=-0.001252 < 0.000000""], ""warnings"": [], ""classification"": ""rejected""}"
(*)|(loc_dist_ema20_atr_ts_band20_80==1&loc_dist_ema20_atr_ts_band25_75==1)|(reg_atr_change_rate_ts_top30==0&reg_atr_change_rate_ts_top40==0&reg_ema20_gt_ema50_raw==0),*,loc_dist_ema20_atr_ts_band20_80==1&loc_dist_ema20_atr_ts_band25_75==1,reg_atr_change_rate_ts_top30==0&reg_atr_change_rate_ts_top40==0&reg_ema20_gt_ema50_raw==0,0.2631906767686208,0.2631906767686208,0.016343697055675337,0.16265031695365906,0.048716049382716044,0.003122456288303651,1.0,1.0,0.5176336746302617,623,,,-0.009850880353314146,-0.014270544446681596,-0.01395917591198115,-0.007485364039280197,,0.0,,,,0.12258595182420347,,0.043209876543209874,0.0649793295217405,0.26787530981178254,-0.0011305978802505015,6.810212137749811,-inf,-inf,9.523731700960221e-05,0.2630954394516112,3,1,1,5,5,stage_a_context,,long,5-way,True,,production,,,0.03052422649743473,-inf,primary_target,0,ranking,rejected,"{""checks"": {""n_folds"": {""value"": 3, ""threshold"": 3, ""passed"": true}, ""presence_freq"": {""value"": 1.0, ""threshold"": 0.75, ""passed"": true}, ""directional_mean_ret"": {""value"": 0.2631906767686208, ""threshold"": 0.0, ""passed"": true}, ""hurdle_excess"": {""value"": 0.2630954394516112, ""threshold"": 0.0, ""passed"": true}, ""min_support_actual"": {""value"": 623, ""threshold"": 50, ""passed"": true}, ""is_structurally_sound"": {""value"": false, ""passed"": false}, ""trade_path_quality_score"": {""value"": -0.0011305978802505015, ""threshold"": 0.0, ""passed"": false}}, ""failures"": [""structural_soundness_fail: "", ""trade_path_quality_score=-0.001131 < 0.000000""], ""warnings"": [], ""classification"": ""rejected""}"
(*)|(loc_dist_ema20_atr_ts_band20_80==1&loc_dist_ema20_atr_ts_band25_75==1)|(reg_atr_change_rate_ts_top30==0&reg_atr_compression_ratio_ts_top70==0&reg_ema20_gt_ema50_raw==0),*,loc_dist_ema20_atr_ts_band20_80==1&loc_dist_ema20_atr_ts_band25_75==1,reg_atr_change_rate_ts_top30==0&reg_atr_compression_ratio_ts_top70==0&reg_ema20_gt_ema50_raw==0,0.2631906767686208,0.2631906767686208,0.016343697055675337,0.16265031695365906,0.048716049382716044,0.003122456288303651,1.0,1.0,0.5176336746302617,623,,,-0.009850880353314146,-0.014270544446681596,-0.01395917591198115,-0.007485364039280197,,0.0,,,,0.12258595182420347,,0.043209876543209874,0.0649793295217405,0.26787530981178254,-0.0011305978802505015,6.810212137749811,-inf,-inf,9.523731700960221e-05,0.2630954394516112,3,1,1,5,5,stage_a_context,,long,5-way,True,,production,,,0.03052422649743473,-inf,primary_target,0,ranking,rejected,"{""checks"": {""n_folds"": {""value"": 3, ""threshold"": 3, ""passed"": true}, ""presence_freq"": {""value"": 1.0, ""threshold"": 0.75, ""passed"": true}, ""directional_mean_ret"": {""value"": 0.2631906767686208, ""threshold"": 0.0, ""passed"": true}, ""hurdle_excess"": {""value"": 0.2630954394516112, ""threshold"": 0.0, ""passed"": true}, ""min_support_actual"": {""value"": 623, ""threshold"": 50, ""passed"": true}, ""is_structurally_sound"": {""value"": false, ""passed"": false}, ""trade_path_quality_score"": {""value"": -0.0011305978802505015, ""threshold"": 0.0, ""passed"": false}}, ""failures"": [""structural_soundness_fail: "", ""trade_path_quality_score=-0.001131 < 0.000000""], ""warnings"": [], ""classification"": ""rejected""}"
(*)|(loc_dist_ema20_atr_ts_band20_80==1&loc_dist_ema20_atr_ts_band25_75==1)|(reg_atr_compression_ratio_ts_top70==1&reg_ema20_gt_ema50_raw==0),*,loc_dist_ema20_atr_ts_band20_80==1&loc_dist_ema20_atr_ts_band25_75==1,reg_atr_compression_ratio_ts_top70==1&reg_ema20_gt_ema50_raw==0,0.21194550891717276,0.21194550891717276,0.012389019736078427,0.13626326123873392,0.01362962962962963,0.0009389211526830393,1.0,1.0,0.555956678700361,168,,,-0.03428889503203047,-0.03827787997669137,-0.02806942516342531,-0.027190175153066987,,0.0,,,,-0.026103993552277372,,0.09051724137931035,0.07438342326933012,0.029952136830887526,-4.8497156070064085e-06,6.135220493340273,-inf,-inf,0.00010116302345679012,0.21184434589371598,3,1,1,4,4,stage_a_context,,long,4-way,True,,production,,,0.20276736446922738,-inf,primary_target,0,ranking,rejected,"{""checks"": {""n_folds"": {""value"": 3, ""threshold"": 3, ""passed"": true}, ""presence_freq"": {""value"": 1.0, ""threshold"": 0.75, ""passed"": true}, ""directional_mean_ret"": {""value"": 0.21194550891717276, ""threshold"": 0.0, ""passed"": true}, ""hurdle_excess"": {""value"": 0.21184434589371598, ""threshold"": 0.0, ""passed"": true}, ""min_support_actual"": {""value"": 168, ""threshold"": 50, ""passed"": true}, ""is_structurally_sound"": {""value"": false, ""passed"": false}, ""trade_path_quality_score"": {""value"": -4.8497156070064085e-06, ""threshold"": 0.0, ""passed"": false}}, ""failures"": [""structural_soundness_fail: "", ""trade_path_quality_score=-0.000005 < 0.000000""], ""warnings"": [], ""classification"": ""rejected""}"
(*)|(loc_dist_ema20_atr_ts_band20_80==1&loc_dist_ema20_atr_ts_band30_70==1)|(reg_ema20_gt_ema50_raw==1),*,loc_dist_ema20_atr_ts_band20_80==1&loc_dist_ema20_atr_ts_band30_70==1,reg_ema20_gt_ema50_raw==1,0.2807053178548813,0.2807053178548813,0.023845703293324447,0.16661095122496286,0.023333333333333334,0.011838109316534246,1.0,1.0,0.5064027939464494,184,,,0.012582964136284921,0.0018495305653484784,0.011763950322865107,0.022906890800511455,,0.6666666666666666,,,,-0.13929375522382334,,,,0.03623904116624627,-0.00022925947978603658,7.7040027462208736,-inf,-inf,7.723527777777776e-05,0.28062808257710353,3,2,2,3,3,stage_a_context,,long,3-way,True,,production,,,0.006987253386414816,-inf,primary_target,0,ranking,rejected,"{""checks"": {""n_folds"": {""value"": 3, ""threshold"": 3, ""passed"": true}, ""presence_freq"": {""value"": 1.0, ""threshold"": 0.75, ""passed"": true}, ""directional_mean_ret"": {""value"": 0.2807053178548813, ""threshold"": 0.0, ""passed"": true}, ""hurdle_excess"": {""value"": 0.28062808257710353, ""threshold"": 0.0, ""passed"": true}, ""min_support_actual"": {""value"": 184, ""threshold"": 50, ""passed"": true}, ""is_structurally_sound"": {""value"": false, ""passed"": false}, ""trade_path_quality_score"": {""value"": -0.00022925947978603658, ""threshold"": 0.0, ""passed"": false}}, ""failures"": [""structural_soundness_fail: "", ""trade_path_quality_score=-0.000229 < 0.000000""], ""warnings"": [], ""classification"": ""rejected""}"
(*)|(loc_dist_ema20_atr_ts_band20_80==1&loc_dist_ema20_atr_ts_top30==0)|(reg_atr_change_rate_ts_band25_75==0&reg_ema50_gt_ema200_raw==0),*,loc_dist_ema20_atr_ts_band20_80==1&loc_dist_ema20_atr_ts_top30==0,reg_atr_change_rate_ts_band25_75==0&reg_ema50_gt_ema200_raw==0,0.27054087320963544,0.27054087320963544,0.012278289141472701,0.16378221909205118,0.04960493827160494,0.004345117808880777,1.0,1.0,0.5057339449541285,605,,,0.002861891697550221,-0.006380393648339745,-0.0024075316486659136,0.009469465370332119,,0.3333333333333333,,,,0.1987676516036483,,-0.36362139917695474,0.020383762835352315,0.26265694039971793,-0.0004560876536372875,6.6443927126481155,-inf,-inf,9.511597379972566e-05,0.2704457572358357,3,1,1,4,4,stage_a_context,,long,4-way,True,,production,,,0.02247996595339467,-inf,primary_target,0,ranking,rejected,"{""checks"": {""n_folds"": {""value"": 3, ""threshold"": 3, ""passed"": true}, ""presence_freq"": {""value"": 1.0, ""threshold"": 0.75, ""passed"": true}, ""directional_mean_ret"": {""value"": 0.27054087320963544, ""threshold"": 0.0, ""passed"": true}, ""hurdle_excess"": {""value"": 0.2704457572358357, ""threshold"": 0.0, ""passed"": true}, ""min_support_actual"": {""value"": 605, ""threshold"": 50, ""passed"": true}, ""is_structurally_sound"": {""value"": false, ""passed"": false}, ""trade_path_quality_score"": {""value"": -0.0004560876536372875, ""threshold"": 0.0, ""passed"": false}}, ""failures"": [""structural_soundness_fail: "", ""trade_path_quality_score=-0.000456 < 0.000000""], ""warnings"": [], ""classification"": ""rejected""}"
(*)|(loc_dist_ema20_atr_ts_band20_80==1&loc_dist_ema20_atr_ts_top30==0)|(reg_atr_change_rate_ts_band25_75==1&reg_atr_change_rate_ts_band40_60==0&reg_atr_change_rate_ts_top70==0&reg_ema50_gt_ema200_raw==0),*,loc_dist_ema20_atr_ts_band20_80==1&loc_dist_ema20_atr_ts_top30==0,reg_atr_change_rate_ts_band25_75==1&reg_atr_change_rate_ts_band40_60==0&reg_atr_change_rate_ts_top70==0&reg_ema50_gt_ema200_raw==0,0.2631906767686208,0.2631906767686208,0.016343697055675337,0.16265031695365906,0.048716049382716044,0.003122456288303651,1.0,1.0,0.5176336746302617,623,,,-0.009850880353314146,-0.014270544446681596,-0.01395917591198115,-0.007485364039280197,,0.0,,,,0.12258595182420347,,0.043209876543209874,0.0649793295217405,0.26787530981178254,-0.0011305978802505015,6.810212137749811,-inf,-inf,9.523731700960221e-05,0.2630954394516112,3,1,1,6,6,stage_a_context,,long,6-way,True,,production,,,0.03052422649743473,-inf,primary_target,0,ranking,rejected,"{""checks"": {""n_folds"": {""value"": 3, ""threshold"": 3, ""passed"": true}, ""presence_freq"": {""value"": 1.0, ""threshold"": 0.75, ""passed"": true}, ""directional_mean_ret"": {""value"": 0.2631906767686208, ""threshold"": 0.0, ""passed"": true}, ""hurdle_excess"": {""value"": 0.2630954394516112, ""threshold"": 0.0, ""passed"": true}, ""min_support_actual"": {""value"": 623, ""threshold"": 50, ""passed"": true}, ""is_structurally_sound"": {""value"": false, ""passed"": false}, ""trade_path_quality_score"": {""value"": -0.0011305978802505015, ""threshold"": 0.0, ""passed"": false}}, ""failures"": [""structural_soundness_fail: "", ""trade_path_quality_score=-0.001131 < 0.000000""], ""warnings"": [], ""classification"": ""rejected""}"
(*)|(loc_dist_ema20_atr_ts_band20_80==1&loc_dist_ema20_atr_ts_top30==0)|(reg_atr_change_rate_ts_band25_75==1&reg_ema50_gt_ema200_raw==0),*,loc_dist_ema20_atr_ts_band20_80==1&loc_dist_ema20_atr_ts_top30==0,reg_atr_change_rate_ts_band25_75==1&reg_ema50_gt_ema200_raw==0,0.2631906767686208,0.2631906767686208,0.016343697055675337,0.16265031695365906,0.048716049382716044,0.003122456288303651,1.0,1.0,0.5176336746302617,623,,,-0.009850880353314146,-0.014270544446681596,-0.01395917591198115,-0.007485364039280197,,0.0,,,,0.12258595182420347,,0.043209876543209874,0.0649793295217405,0.26787530981178254,-0.0011305978802505015,6.810212137749811,-inf,-inf,9.523731700960221e-05,0.2630954394516112,3,1,1,4,4,stage_a_context,,long,4-way,True,,production,,,0.03052422649743473,-inf,primary_target,0,ranking,rejected,"{""checks"": {""n_folds"": {""value"": 3, ""threshold"": 3, ""passed"": true}, ""presence_freq"": {""value"": 1.0, ""threshold"": 0.75, ""passed"": true}, ""directional_mean_ret"": {""value"": 0.2631906767686208, ""threshold"": 0.0, ""passed"": true}, ""hurdle_excess"": {""value"": 0.2630954394516112, ""threshold"": 0.0, ""passed"": true}, ""min_support_actual"": {""value"": 623, ""threshold"": 50, ""passed"": true}, ""is_structurally_sound"": {""value"": false, ""passed"": false}, ""trade_path_quality_score"": {""value"": -0.0011305978802505015, ""threshold"": 0.0, ""passed"": false}}, ""failures"": [""structural_soundness_fail: "", ""trade_path_quality_score=-0.001131 < 0.000000""], ""warnings"": [], ""classification"": ""rejected""}"
(*)|(loc_dist_ema20_atr_ts_band20_80==1&loc_dist_ema20_atr_ts_top30==1)|(reg_atr_change_rate_ts_band25_75==0&reg_ema50_gt_ema200_raw==0),*,loc_dist_ema20_atr_ts_band20_80==1&loc_dist_ema20_atr_ts_top30==1,reg_atr_change_rate_ts_band25_75==0&reg_ema50_gt_ema200_raw==0,0.1516115963459015,0.1516115963459015,0.0070127397775650024,0.10538330301642418,0.006790123456790124,0.001665523155954573,1.0,1.0,0.7560975609756098,65,,,-0.03166845938178916,-0.03695334622673886,-0.03166845938178916,-0.026383572536839463,,0.0,,,,-0.2033515037631621,,,,0.03623904116624627,5.224838291176923e-06,4.089630300771053,-inf,-inf,0.00010257621742112485,0.15150902012848036,3,1,1,4,4,stage_a_context,,long,4-way,True,,production,,,,-inf,primary_target,0,ranking,research,"{""checks"": {""n_folds"": {""value"": 3, ""threshold"": 3, ""passed"": true}, ""presence_freq"": {""value"": 1.0, ""threshold"": 0.75, ""passed"": true}, ""directional_mean_ret"": {""value"": 0.1516115963459015, ""threshold"": 0.0, ""passed"": true}, ""hurdle_excess"": {""value"": 0.15150902012848036, ""threshold"": 0.0, ""passed"": true}, ""min_support_actual"": {""value"": 65, ""threshold"": 50, ""passed"": true}, ""is_structurally_sound"": {""value"": false, ""passed"": false}, ""trade_path_quality_score"": {""value"": 5.224838291176923e-06, ""threshold"": 0.0, ""passed"": true}}, ""failures"": [""structural_soundness_fail: ""], ""warnings"": [], ""classification"": ""research""}"
(*)|(loc_dist_ema20_atr_ts_band20_80==1&loc_dist_ema20_atr_ts_top30==1)|(reg_atr_change_rate_ts_band25_75==1&reg_atr_change_rate_ts_top70==1&reg_ema50_gt_ema200_raw==0),*,loc_dist_ema20_atr_ts_band20_80==1&loc_dist_ema20_atr_ts_top30==1,reg_atr_change_rate_ts_band25_75==1&reg_atr_change_rate_ts_top70==1&reg_ema50_gt_ema200_raw==0,0.21194550891717276,0.21194550891717276,0.012389019736078427,0.13626326123873392,0.01362962962962963,0.0009389211526830393,1.0,1.0,0.555956678700361,168,,,-0.03428889503203047,-0.03827787997669137,-0.02806942516342531,-0.027190175153066987,,0.0,,,,-0.026103993552277372,,0.09051724137931035,0.07438342326933012,0.029952136830887526,-4.8497156070064085e-06,6.135220493340273,-inf,-inf,0.00010116302345679012,0.21184434589371598,3,1,1,5,5,stage_a_context,,long,5-way,True,,production,,,0.20276736446922738,-inf,primary_target,0,ranking,rejected,"{""checks"": {""n_folds"": {""value"": 3, ""threshold"": 3, ""passed"": true}, ""presence_freq"": {""value"": 1.0, ""threshold"": 0.75, ""passed"": true}, ""directional_mean_ret"": {""value"": 0.21194550891717276, ""threshold"": 0.0, ""passed"": true}, ""hurdle_excess"": {""value"": 0.21184434589371598, ""threshold"": 0.0, ""passed"": true}, ""min_support_actual"": {""value"": 168, ""threshold"": 50, ""passed"": true}, ""is_structurally_sound"": {""value"": false, ""passed"": false}, ""trade_path_quality_score"": {""value"": -4.8497156070064085e-06, ""threshold"": 0.0, ""passed"": false}}, ""failures"": [""structural_soundness_fail: "", ""trade_path_quality_score=-0.000005 < 0.000000""], ""warnings"": [], ""classification"": ""rejected""}"
(*)|(loc_dist_ema20_atr_ts_band20_80==1&loc_dist_ema20_atr_ts_top70==0)|(reg_atr_change_rate_ts_band25_75==0&reg_atr_change_rate_ts_top40==0&reg_ema50_gt_ema200_raw==0),*,loc_dist_ema20_atr_ts_band20_80==1&loc_dist_ema20_atr_ts_top70==0,reg_atr_change_rate_ts_band25_75==0&reg_atr_change_rate_ts_top40==0&reg_ema50_gt_ema200_raw==0,0.27054087320963544,0.27054087320963544,0.012278289141472701,0.16378221909205118,0.04960493827160494,0.004345117808880777,1.0,1.0,0.5057339449541285,605,,,0.002861891697550221,-0.006380393648339745,-0.0024075316486659136,0.009469465370332119,,0.3333333333333333,,,,0.1987676516036483,,-0.36362139917695474,0.020383762835352315,0.26265694039971793,-0.0004560876536372875,6.6443927126481155,-inf,-inf,9.511597379972566e-05,0.2704457572358357,3,1,1,5,5,stage_a_context,,long,5-way,True,,production,,,0.02247996595339467,-inf,primary_target,0,ranking,rejected,"{""checks"": {""n_folds"": {""value"": 3, ""threshold"": 3, ""passed"": true}, ""presence_freq"": {""value"": 1.0, ""threshold"": 0.75, ""passed"": true}, ""directional_mean_ret"": {""value"": 0.27054087320963544, ""threshold"": 0.0, ""passed"": true}, ""hurdle_excess"": {""value"": 0.2704457572358357, ""threshold"": 0.0, ""passed"": true}, ""min_support_actual"": {""value"": 605, ""threshold"": 50, ""passed"": true}, ""is_structurally_sound"": {""value"": false, ""passed"": false}, ""trade_path_quality_score"": {""value"": -0.0004560876536372875, ""threshold"": 0.0, ""passed"": false}}, ""failures"": [""structural_soundness_fail: "", ""trade_path_quality_score=-0.000456 < 0.000000""], ""warnings"": [], ""classification"": ""rejected""}"
(*)|(loc_dist_ema20_atr_ts_band20_80==1&loc_dist_ema20_atr_ts_top70==0)|(reg_atr_change_rate_ts_band25_75==1&reg_atr_change_rate_ts_top30==0&reg_atr_change_rate_ts_top40==0&reg_ema50_gt_ema200_raw==0),*,loc_dist_ema20_atr_ts_band20_80==1&loc_dist_ema20_atr_ts_top70==0,reg_atr_change_rate_ts_band25_75==1&reg_atr_change_rate_ts_top30==0&reg_atr_change_rate_ts_top40==0&reg_ema50_gt_ema200_raw==0,0.2631906767686208,0.2631906767686208,0.016343697055675337,0.16265031695365906,0.048716049382716044,0.003122456288303651,1.0,1.0,0.5176336746302617,623,,,-0.009850880353314146,-0.014270544446681596,-0.01395917591198115,-0.007485364039280197,,0.0,,,,0.12258595182420347,,0.043209876543209874,0.0649793295217405,0.26787530981178254,-0.0011305978802505015,6.810212137749811,-inf,-inf,9.523731700960221e-05,0.2630954394516112,3,1,1,6,6,stage_a_context,,long,6-way,True,,production,,,0.03052422649743473,-inf,primary_target,0,ranking,rejected,"{""checks"": {""n_folds"": {""value"": 3, ""threshold"": 3, ""passed"": true}, ""presence_freq"": {""value"": 1.0, ""threshold"": 0.75, ""passed"": true}, ""directional_mean_ret"": {""value"": 0.2631906767686208, ""threshold"": 0.0, ""passed"": true}, ""hurdle_excess"": {""value"": 0.2630954394516112, ""threshold"": 0.0, ""passed"": true}, ""min_support_actual"": {""value"": 623, ""threshold"": 50, ""passed"": true}, ""is_structurally_sound"": {""value"": false, ""passed"": false}, ""trade_path_quality_score"": {""value"": -0.0011305978802505015, ""threshold"": 0.0, ""passed"": false}}, ""failures"": [""structural_soundness_fail: "", ""trade_path_quality_score=-0.001131 < 0.000000""], ""warnings"": [], ""classification"": ""rejected""}"
(*)|(loc_dist_ema20_atr_ts_band20_80==1&loc_dist_ema20_atr_ts_top70==0)|(reg_atr_change_rate_ts_band25_75==1&reg_ema50_gt_ema200_raw==1),*,loc_dist_ema20_atr_ts_band20_80==1&loc_dist_ema20_atr_ts_top70==0,reg_atr_change_rate_ts_band25_75==1&reg_ema50_gt_ema200_raw==1,0.2807053178548813,0.2807053178548813,0.023845703293324447,0.16661095122496286,0.023333333333333334,0.011838109316534246,1.0,1.0,0.5064027939464494,184,,,0.012582964136284921,0.0018495305653484784,0.011763950322865107,0.022906890800511455,,0.6666666666666666,,,,-0.13929375522382334,,,,0.03623904116624627,-0.00022925947978603658,7.7040027462208736,-inf,-inf,9.93025e-05,0.2806060153548813,3,1,1,4,4,stage_a_context,,long,4-way,True,,production,,,0.006987253386414816,-inf,primary_target,0,ranking,rejected,"{""checks"": {""n_folds"": {""value"": 3, ""threshold"": 3, ""passed"": true}, ""presence_freq"": {""value"": 1.0, ""threshold"": 0.75, ""passed"": true}, ""directional_mean_ret"": {""value"": 0.2807053178548813, ""threshold"": 0.0, ""passed"": true}, ""hurdle_excess"": {""value"": 0.2806060153548813, ""threshold"": 0.0, ""passed"": true}, ""min_support_actual"": {""value"": 184, ""threshold"": 50, ""passed"": true}, ""is_structurally_sound"": {""value"": false, ""passed"": false}, ""trade_path_quality_score"": {""value"": -0.00022925947978603658, ""threshold"": 0.0, ""passed"": false}}, ""failures"": [""structural_soundness_fail: "", ""trade_path_quality_score=-0.000229 < 0.000000""], ""warnings"": [], ""classification"": ""rejected""}"
(*)|(loc_dist_ema20_atr_ts_band20_80==1&loc_dist_ema20_atr_ts_top70==0)|(reg_ema50_gt_ema200_raw==1),*,loc_dist_ema20_atr_ts_band20_80==1&loc_dist_ema20_atr_ts_top70==0,reg_ema50_gt_ema200_raw==1,0.2807053178548813,0.2807053178548813,0.023845703293324447,0.16661095122496286,0.023333333333333334,0.011838109316534246,1.0,1.0,0.5064027939464494,184,,,0.012582964136284921,0.0018495305653484784,0.011763950322865107,0.022906890800511455,,0.6666666666666666,,,,-0.13929375522382334,,,,0.03623904116624627,-0.00022925947978603658,7.7040027462208736,-inf,-inf,7.723527777777776e-05,0.28062808257710353,3,1,1,3,3,stage_a_context,,long,3-way,True,,production,,,0.006987253386414816,-inf,primary_target,0,ranking,rejected,"{""checks"": {""n_folds"": {""value"": 3, ""threshold"": 3, ""passed"": true}, ""presence_freq"": {""value"": 1.0, ""threshold"": 0.75, ""passed"": true}, ""directional_mean_ret"": {""value"": 0.2807053178548813, ""threshold"": 0.0, ""passed"": true}, ""hurdle_excess"": {""value"": 0.28062808257710353, ""threshold"": 0.0, ""passed"": true}, ""min_support_actual"": {""value"": 184, ""threshold"": 50, ""passed"": true}, ""is_structurally_sound"": {""value"": false, ""passed"": false}, ""trade_path_quality_score"": {""value"": -0.00022925947978603658, ""threshold"": 0.0, ""passed"": false}}, ""failures"": [""structural_soundness_fail: "", ""trade_path_quality_score=-0.000229 < 0.000000""], ""warnings"": [], ""classification"": ""rejected""}"
(*)|(loc_dist_ema20_atr_ts_band20_80==1&loc_dist_ema20_atr_ts_top70==1)|(reg_atr_change_rate_ts_band25_75==0&reg_atr_change_rate_ts_top40==1&reg_ema50_gt_ema200_raw==0),*,loc_dist_ema20_atr_ts_band20_80==1&loc_dist_ema20_atr_ts_top70==1,reg_atr_change_rate_ts_band25_75==0&reg_atr_change_rate_ts_top40==1&reg_ema50_gt_ema200_raw==0,0.1516115963459015,0.1516115963459015,0.0070127397775650024,0.10538330301642418,0.006790123456790124,0.001665523155954573,1.0,1.0,0.7560975609756098,65,,,-0.03166845938178916,-0.03695334622673886,-0.03166845938178916,-0.026383572536839463,,0.0,,,,-0.2033515037631621,,,,0.03623904116624627,5.224838291176923e-06,4.089630300771053,-inf,-inf,0.00010257621742112485,0.15150902012848036,3,1,1,5,5,stage_a_context,,long,5-way,True,,production,,,,-inf,primary_target,0,ranking,research,"{""checks"": {""n_folds"": {""value"": 3, ""threshold"": 3, ""passed"": true}, ""presence_freq"": {""value"": 1.0, ""threshold"": 0.75, ""passed"": true}, ""directional_mean_ret"": {""value"": 0.1516115963459015, ""threshold"": 0.0, ""passed"": true}, ""hurdle_excess"": {""value"": 0.15150902012848036, ""threshold"": 0.0, ""passed"": true}, ""min_support_actual"": {""value"": 65, ""threshold"": 50, ""passed"": true}, ""is_structurally_sound"": {""value"": false, ""passed"": false}, ""trade_path_quality_score"": {""value"": 5.224838291176923e-06, ""threshold"": 0.0, ""passed"": true}}, ""failures"": [""structural_soundness_fail: ""], ""warnings"": [], ""classification"": ""research""}"
(*)|(loc_dist_ema20_atr_ts_band20_80==1&loc_dist_ema20_atr_ts_top70==1)|(reg_atr_change_rate_ts_band25_75==0&reg_ema50_gt_ema200_raw==0),*,loc_dist_ema20_atr_ts_band20_80==1&loc_dist_ema20_atr_ts_top70==1,reg_atr_change_rate_ts_band25_75==0&reg_ema50_gt_ema200_raw==0,0.1516115963459015,0.1516115963459015,0.0070127397775650024,0.10538330301642418,0.006790123456790124,0.001665523155954573,1.0,1.0,0.7560975609756098,65,,,-0.03166845938178916,-0.03695334622673886,-0.03166845938178916,-0.026383572536839463,,0.0,,,,-0.2033515037631621,,,,0.03623904116624627,5.224838291176923e-06,4.089630300771053,-inf,-inf,0.00010257621742112485,0.15150902012848036,3,1,1,4,4,stage_a_context,,long,4-way,True,,production,,,,-inf,primary_target,0,ranking,research,"{""checks"": {""n_folds"": {""value"": 3, ""threshold"": 3, ""passed"": true}, ""presence_freq"": {""value"": 1.0, ""threshold"": 0.75, ""passed"": true}, ""directional_mean_ret"": {""value"": 0.1516115963459015, ""threshold"": 0.0, ""passed"": true}, ""hurdle_excess"": {""value"": 0.15150902012848036, ""threshold"": 0.0, ""passed"": true}, ""min_support_actual"": {""value"": 65, ""threshold"": 50, ""passed"": true}, ""is_structurally_sound"": {""value"": false, ""passed"": false}, ""trade_path_quality_score"": {""value"": 5.224838291176923e-06, ""threshold"": 0.0, ""passed"": true}}, ""failures"": [""structural_soundness_fail: ""], ""warnings"": [], ""classification"": ""research""}"
(*)|(loc_dist_ema20_atr_ts_band20_80==1&loc_dist_ema20_atr_ts_top70==1)|(reg_atr_change_rate_ts_band25_75==0&reg_ema50_gt_ema200_raw==1),*,loc_dist_ema20_atr_ts_band20_80==1&loc_dist_ema20_atr_ts_top70==1,reg_atr_change_rate_ts_band25_75==0&reg_ema50_gt_ema200_raw==1,0.26404133935769397,0.26404133935769397,0.014723705940058052,0.15525070329507193,0.04451851851851851,0.0022402560438940767,1.0,1.0,0.5185589519650655,559,,,-0.0026374332935522548,-0.0068323131352377815,0.005480278836852798,0.0056163026133358,,0.6666666666666666,,,,-0.25636893433395286,,0.08382344312482959,0.07747584647905553,0.030074388428036943,-0.0009634529765609587,7.246707358410672,-inf,-inf,9.582954197530866e-05,0.2639455098157187,3,1,1,4,4,stage_a_context,,long,4-way,True,,production,,,0.07316216014669578,-inf,primary_target,0,ranking,rejected,"{""checks"": {""n_folds"": {""value"": 3, ""threshold"": 3, ""passed"": true}, ""presence_freq"": {""value"": 1.0, ""threshold"": 0.75, ""passed"": true}, ""directional_mean_ret"": {""value"": 0.26404133935769397, ""threshold"": 0.0, ""passed"": true}, ""hurdle_excess"": {""value"": 0.2639455098157187, ""threshold"": 0.0, ""passed"": true}, ""min_support_actual"": {""value"": 559, ""threshold"": 50, ""passed"": true}, ""is_structurally_sound"": {""value"": false, ""passed"": false}, ""trade_path_quality_score"": {""value"": -0.0009634529765609587, ""threshold"": 0.0, ""passed"": false}}, ""failures"": [""structural_soundness_fail: "", ""trade_path_quality_score=-0.000963 < 0.000000""], ""warnings"": [], ""classification"": ""rejected""}"
(*)|(loc_dist_ema20_atr_ts_band20_80==1&loc_dist_ema20_atr_ts_top70==1)|(reg_atr_change_rate_ts_band25_75==1&reg_atr_change_rate_ts_top40==1&reg_ema50_gt_ema200_raw==0),*,loc_dist_ema20_atr_ts_band20_80==1&loc_dist_ema20_atr_ts_top70==1,reg_atr_change_rate_ts_band25_75==1&reg_atr_change_rate_ts_top40==1&reg_ema50_gt_ema200_raw==0,0.21194550891717276,0.21194550891717276,0.012389019736078427,0.13626326123873392,0.01362962962962963,0.0009389211526830393,1.0,1.0,0.555956678700361,168,,,-0.03428889503203047,-0.03827787997669137,-0.02806942516342531,-0.027190175153066987,,0.0,,,,-0.026103993552277372,,0.09051724137931035,0.07438342326933012,0.029952136830887526,-4.8497156070064085e-06,6.135220493340273,-inf,-inf,0.00010116302345679012,0.21184434589371598,3,1,1,5,5,stage_a_context,,long,5-way,True,,production,,,0.20276736446922738,-inf,primary_target,0,ranking,rejected,"{""checks"": {""n_folds"": {""value"": 3, ""threshold"": 3, ""passed"": true}, ""presence_freq"": {""value"": 1.0, ""threshold"": 0.75, ""passed"": true}, ""directional_mean_ret"": {""value"": 0.21194550891717276, ""threshold"": 0.0, ""passed"": true}, ""hurdle_excess"": {""value"": 0.21184434589371598, ""threshold"": 0.0, ""passed"": true}, ""min_support_actual"": {""value"": 168, ""threshold"": 50, ""passed"": true}, ""is_structurally_sound"": {""value"": false, ""passed"": false}, ""trade_path_quality_score"": {""value"": -4.8497156070064085e-06, ""threshold"": 0.0, ""passed"": false}}, ""failures"": [""structural_soundness_fail: "", ""trade_path_quality_score=-0.000005 < 0.000000""], ""warnings"": [], ""classification"": ""rejected""}"
(*)|(loc_dist_ema20_atr_ts_band20_80==1&loc_dist_ema20_atr_ts_top70==1)|(reg_atr_change_rate_ts_band25_75==1&reg_ema50_gt_ema200_raw==0),*,loc_dist_ema20_atr_ts_band20_80==1&loc_dist_ema20_atr_ts_top70==1,reg_atr_change_rate_ts_band25_75==1&reg_ema50_gt_ema200_raw==0,0.21194550891717276,0.21194550891717276,0.012389019736078427,0.13626326123873392,0.01362962962962963,0.0009389211526830393,1.0,1.0,0.555956678700361,168,,,-0.03428889503203047,-0.03827787997669137,-0.02806942516342531,-0.027190175153066987,,0.0,,,,-0.026103993552277372,,0.09051724137931035,0.07438342326933012,0.029952136830887526,-4.8497156070064085e-06,6.135220493340273,-inf,-inf,0.00010116302345679012,0.21184434589371598,3,1,1,4,4,stage_a_context,,long,4-way,True,,production,,,0.20276736446922738,-inf,primary_target,0,ranking,rejected,"{""checks"": {""n_folds"": {""value"": 3, ""threshold"": 3, ""passed"": true}, ""presence_freq"": {""value"": 1.0, ""threshold"": 0.75, ""passed"": true}, ""directional_mean_ret"": {""value"": 0.21194550891717276, ""threshold"": 0.0, ""passed"": true}, ""hurdle_excess"": {""value"": 0.21184434589371598, ""threshold"": 0.0, ""passed"": true}, ""min_support_actual"": {""value"": 168, ""threshold"": 50, ""passed"": true}, ""is_structurally_sound"": {""value"": false, ""passed"": false}, ""trade_path_quality_score"": {""value"": -4.8497156070064085e-06, ""threshold"": 0.0, ""passed"": false}}, ""failures"": [""structural_soundness_fail: "", ""trade_path_quality_score=-0.000005 < 0.000000""], ""warnings"": [], ""classification"": ""rejected""}"
(*)|(loc_dist_ema20_atr_ts_band20_80==1&loc_dist_ema20_atr_ts_top70==1)|(reg_atr_change_rate_ts_band25_75==1&reg_ema50_gt_ema200_raw==1),*,loc_dist_ema20_atr_ts_band20_80==1&loc_dist_ema20_atr_ts_top70==1,reg_atr_change_rate_ts_band25_75==1&reg_ema50_gt_ema200_raw==1,0.26811592777570087,0.26811592777570087,0.014840706869442359,0.15881633758544922,0.038148148148148146,0.002630064300712094,1.0,1.0,0.5351351351351351,466,,,0.00087952286125532,-0.007669188077046325,-0.0012768185386371098,0.00835006309961075,,0.3333333333333333,,,,-0.32207472992326813,,0.21778350515463918,0.10700237259438726,0.0310612806529075,-0.0012521916117486911,7.383601547710628,-inf,-inf,9.678891975308642e-05,0.2680191388559478,3,2,2,4,4,stage_a_context,,long,4-way,True,,production,,,0.05042428249816674,-inf,primary_target,0,ranking,rejected,"{""checks"": {""n_folds"": {""value"": 3, ""threshold"": 3, ""passed"": true}, ""presence_freq"": {""value"": 1.0, ""threshold"": 0.75, ""passed"": true}, ""directional_mean_ret"": {""value"": 0.26811592777570087, ""threshold"": 0.0, ""passed"": true}, ""hurdle_excess"": {""value"": 0.2680191388559478, ""threshold"": 0.0, ""passed"": true}, ""min_support_actual"": {""value"": 466, ""threshold"": 50, ""passed"": true}, ""is_structurally_sound"": {""value"": false, ""passed"": false}, ""trade_path_quality_score"": {""value"": -0.0012521916117486911, ""threshold"": 0.0, ""passed"": false}}, ""failures"": [""structural_soundness_fail: "", ""trade_path_quality_score=-0.001252 < 0.000000""], ""warnings"": [], ""classification"": ""rejected""}"
(*)|(loc_dist_ema20_atr_ts_band20_80==1)|(reg_atr_change_rate_ts_band25_75==0&reg_atr_change_rate_ts_band40_60==0&reg_atr_change_rate_ts_top30==0),*,loc_dist_ema20_atr_ts_band20_80==1,reg_atr_change_rate_ts_band25_75==0&reg_atr_change_rate_ts_band40_60==0&reg_atr_change_rate_ts_top30==0,0.27054087320963544,0.27054087320963544,0.012278289141472701,0.16378221909205118,0.04960493827160494,0.004345117808880777,1.0,1.0,0.5057339449541285,605,,,0.002861891697550221,-0.006380393648339745,-0.0024075316486659136,0.009469465370332119,,0.3333333333333333,,,,0.1987676516036483,,-0.36362139917695474,0.020383762835352315,0.26265694039971793,-0.0004560876536372875,6.6443927126481155,-inf,-inf,9.511597379972566e-05,0.2704457572358357,3,1,1,4,4,stage_a_context,,long,4-way,True,,production,,,0.02247996595339467,-inf,primary_target,0,ranking,rejected,"{""checks"": {""n_folds"": {""value"": 3, ""threshold"": 3, ""passed"": true}, ""presence_freq"": {""value"": 1.0, ""threshold"": 0.75, ""passed"": true}, ""directional_mean_ret"": {""value"": 0.27054087320963544, ""threshold"": 0.0, ""passed"": true}, ""hurdle_excess"": {""value"": 0.2704457572358357, ""threshold"": 0.0, ""passed"": true}, ""min_support_actual"": {""value"": 605, ""threshold"": 50, ""passed"": true}, ""is_structurally_sound"": {""value"": false, ""passed"": false}, ""trade_path_quality_score"": {""value"": -0.0004560876536372875, ""threshold"": 0.0, ""passed"": false}}, ""failures"": [""structural_soundness_fail: "", ""trade_path_quality_score=-0.000456 < 0.000000""], ""warnings"": [], ""classification"": ""rejected""}"
(*)|(loc_dist_ema20_atr_ts_band20_80==1)|(reg_atr_change_rate_ts_band25_75==0&reg_atr_change_rate_ts_band40_60==0&reg_atr_change_rate_ts_top30==1&reg_ema50_gt_ema200_raw==0),*,loc_dist_ema20_atr_ts_band20_80==1,reg_atr_change_rate_ts_band25_75==0&reg_atr_change_rate_ts_band40_60==0&reg_atr_change_rate_ts_top30==1&reg_ema50_gt_ema200_raw==0,0.1516115963459015,0.1516115963459015,0.0070127397775650024,0.10538330301642418,0.006790123456790124,0.001665523155954573,1.0,1.0,0.7560975609756098,65,,,-0.03166845938178916,-0.03695334622673886,-0.03166845938178916,-0.026383572536839463,,0.0,,,,-0.2033515037631621,,,,0.03623904116624627,5.224838291176923e-06,4.089630300771053,-inf,-inf,0.00010257621742112485,0.15150902012848036,3,1,1,5,5,stage_a_context,,long,5-way,True,,production,,,,-inf,primary_target,0,ranking,research,"{""checks"": {""n_folds"": {""value"": 3, ""threshold"": 3, ""passed"": true}, ""presence_freq"": {""value"": 1.0, ""threshold"": 0.75, ""passed"": true}, ""directional_mean_ret"": {""value"": 0.1516115963459015, ""threshold"": 0.0, ""passed"": true}, ""hurdle_excess"": {""value"": 0.15150902012848036, ""threshold"": 0.0, ""passed"": true}, ""min_support_actual"": {""value"": 65, ""threshold"": 50, ""passed"": true}, ""is_structurally_sound"": {""value"": false, ""passed"": false}, ""trade_path_quality_score"": {""value"": 5.224838291176923e-06, ""threshold"": 0.0, ""passed"": true}}, ""failures"": [""structural_soundness_fail: ""], ""warnings"": [], ""classification"": ""research""}"
(*)|(loc_dist_ema20_atr_ts_band20_80==1)|(reg_atr_change_rate_ts_band25_75==0&reg_atr_change_rate_ts_band40_60==0&reg_atr_change_rate_ts_top30==1&reg_ema50_gt_ema200_raw==1),*,loc_dist_ema20_atr_ts_band20_80==1,reg_atr_change_rate_ts_band25_75==0&reg_atr_change_rate_ts_band40_60==0&reg_atr_change_rate_ts_top30==1&reg_ema50_gt_ema200_raw==1,0.26404133935769397,0.26404133935769397,0.014723705940058052,0.15525070329507193,0.04451851851851851,0.0022402560438940767,1.0,1.0,0.5185589519650655,559,,,-0.0026374332935522548,-0.0068323131352377815,0.005480278836852798,0.0056163026133358,,0.6666666666666666,,,,-0.25636893433395286,,0.08382344312482959,0.07747584647905553,0.030074388428036943,-0.0009634529765609587,7.246707358410672,-inf,-inf,9.582954197530866e-05,0.2639455098157187,3,1,1,5,5,stage_a_context,,long,5-way,True,,production,,,0.07316216014669578,-inf,primary_target,0,ranking,rejected,"{""checks"": {""n_folds"": {""value"": 3, ""threshold"": 3, ""passed"": true}, ""presence_freq"": {""value"": 1.0, ""threshold"": 0.75, ""passed"": true}, ""directional_mean_ret"": {""value"": 0.26404133935769397, ""threshold"": 0.0, ""passed"": true}, ""hurdle_excess"": {""value"": 0.2639455098157187, ""threshold"": 0.0, ""passed"": true}, ""min_support_actual"": {""value"": 559, ""threshold"": 50, ""passed"": true}, ""is_structurally_sound"": {""value"": false, ""passed"": false}, ""trade_path_quality_score"": {""value"": -0.0009634529765609587, ""threshold"": 0.0, ""passed"": false}}, ""failures"": [""structural_soundness_fail: "", ""trade_path_quality_score=-0.000963 < 0.000000""], ""warnings"": [], ""classification"": ""rejected""}"
(*)|(loc_dist_ema20_atr_ts_band20_80==1)|(reg_atr_change_rate_ts_band25_75==0&reg_atr_change_rate_ts_band40_60==0&reg_atr_change_rate_ts_top70==0&reg_ema50_gt_ema200_raw==0),*,loc_dist_ema20_atr_ts_band20_80==1,reg_atr_change_rate_ts_band25_75==0&reg_atr_change_rate_ts_band40_60==0&reg_atr_change_rate_ts_top70==0&reg_ema50_gt_ema200_raw==0,0.27054087320963544,0.27054087320963544,0.012278289141472701,0.16378221909205118,0.04960493827160494,0.004345117808880777,1.0,1.0,0.5057339449541285,605,,,0.002861891697550221,-0.006380393648339745,-0.0024075316486659136,0.009469465370332119,,0.3333333333333333,,,,0.1987676516036483,,-0.36362139917695474,0.020383762835352315,0.26265694039971793,-0.0004560876536372875,6.6443927126481155,-inf,-inf,9.511597379972566e-05,0.2704457572358357,3,1,1,5,5,stage_a_context,,long,5-way,True,,production,,,0.02247996595339467,-inf,primary_target,0,ranking,rejected,"{""checks"": {""n_folds"": {""value"": 3, ""threshold"": 3, ""passed"": true}, ""presence_freq"": {""value"": 1.0, ""threshold"": 0.75, ""passed"": true}, ""directional_mean_ret"": {""value"": 0.27054087320963544, ""threshold"": 0.0, ""passed"": true}, ""hurdle_excess"": {""value"": 0.2704457572358357, ""threshold"": 0.0, ""passed"": true}, ""min_support_actual"": {""value"": 605, ""threshold"": 50, ""passed"": true}, ""is_structurally_sound"": {""value"": false, ""passed"": false}, ""trade_path_quality_score"": {""value"": -0.0004560876536372875, ""threshold"": 0.0, ""passed"": false}}, ""failures"": [""structural_soundness_fail: "", ""trade_path_quality_score=-0.000456 < 0.000000""], ""warnings"": [], ""classification"": ""rejected""}"
(*)|(loc_dist_ema20_atr_ts_band20_80==1)|(reg_atr_change_rate_ts_band25_75==0&reg_atr_change_rate_ts_band40_60==0&reg_atr_change_rate_ts_top70==1&reg_ema50_gt_ema200_raw==0),*,loc_dist_ema20_atr_ts_band20_80==1,reg_atr_change_rate_ts_band25_75==0&reg_atr_change_rate_ts_band40_60==0&reg_atr_change_rate_ts_top70==1&reg_ema50_gt_ema200_raw==0,0.1516115963459015,0.1516115963459015,0.0070127397775650024,0.10538330301642418,0.006790123456790124,0.001665523155954573,1.0,1.0,0.7560975609756098,65,,,-0.03166845938178916,-0.03695334622673886,-0.03166845938178916,-0.026383572536839463,,0.0,,,,-0.2033515037631621,,,,0.03623904116624627,5.224838291176923e-06,4.089630300771053,-inf,-inf,0.00010257621742112485,0.15150902012848036,3,1,1,5,5,stage_a_context,,long,5-way,True,,production,,,,-inf,primary_target,0,ranking,research,"{""checks"": {""n_folds"": {""value"": 3, ""threshold"": 3, ""passed"": true}, ""presence_freq"": {""value"": 1.0, ""threshold"": 0.75, ""passed"": true}, ""directional_mean_ret"": {""value"": 0.1516115963459015, ""threshold"": 0.0, ""passed"": true}, ""hurdle_excess"": {""value"": 0.15150902012848036, ""threshold"": 0.0, ""passed"": true}, ""min_support_actual"": {""value"": 65, ""threshold"": 50, ""passed"": true}, ""is_structurally_sound"": {""value"": false, ""passed"": false}, ""trade_path_quality_score"": {""value"": 5.224838291176923e-06, ""threshold"": 0.0, ""passed"": true}}, ""failures"": [""structural_soundness_fail: ""], ""warnings"": [], ""classification"": ""research""}"
(*)|(loc_dist_ema20_atr_ts_band20_80==1)|(reg_atr_change_rate_ts_band25_75==0&reg_atr_change_rate_ts_band40_60==0&reg_ema50_gt_ema200_raw==1),*,loc_dist_ema20_atr_ts_band20_80==1,reg_atr_change_rate_ts_band25_75==0&reg_atr_change_rate_ts_band40_60==0&reg_ema50_gt_ema200_raw==1,0.26404133935769397,0.26404133935769397,0.014723705940058052,0.15525070329507193,0.04451851851851851,0.0022402560438940767,1.0,1.0,0.5185589519650655,559,,,-0.0026374332935522548,-0.0068323131352377815,0.005480278836852798,0.0056163026133358,,0.6666666666666666,,,,-0.25636893433395286,,0.08382344312482959,0.07747584647905553,0.030074388428036943,-0.0009634529765609587,7.246707358410672,-inf,-inf,9.582954197530866e-05,0.2639455098157187,3,1,1,4,4,stage_a_context,,long,4-way,True,,production,,,0.07316216014669578,-inf,primary_target,0,ranking,rejected,"{""checks"": {""n_folds"": {""value"": 3, ""threshold"": 3, ""passed"": true}, ""presence_freq"": {""value"": 1.0, ""threshold"": 0.75, ""passed"": true}, ""directional_mean_ret"": {""value"": 0.26404133935769397, ""threshold"": 0.0, ""passed"": true}, ""hurdle_excess"": {""value"": 0.2639455098157187, ""threshold"": 0.0, ""passed"": true}, ""min_support_actual"": {""value"": 559, ""threshold"": 50, ""passed"": true}, ""is_structurally_sound"": {""value"": false, ""passed"": false}, ""trade_path_quality_score"": {""value"": -0.0009634529765609587, ""threshold"": 0.0, ""passed"": false}}, ""failures"": [""structural_soundness_fail: "", ""trade_path_quality_score=-0.000963 < 0.000000""], ""warnings"": [], ""classification"": ""rejected""}"
(*)|(loc_dist_ema20_atr_ts_band20_80==1)|(reg_atr_change_rate_ts_band25_75==0&reg_atr_change_rate_ts_bot30==0&reg_atr_change_rate_ts_bot70==0&reg_ema20_gt_ema50_raw==0),*,loc_dist_ema20_atr_ts_band20_80==1,reg_atr_change_rate_ts_band25_75==0&reg_atr_change_rate_ts_bot30==0&reg_atr_change_rate_ts_bot70==0&reg_ema20_gt_ema50_raw==0,0.1516115963459015,0.1516115963459015,0.0070127397775650024,0.10538330301642418,0.006790123456790124,0.001665523155954573,1.0,1.0,0.7560975609756098,65,,,-0.03166845938178916,-0.03695334622673886,-0.03166845938178916,-0.026383572536839463,,0.0,,,,-0.2033515037631621,,,,0.03623904116624627,5.224838291176923e-06,4.089630300771053,-inf,-inf,0.00010257621742112485,0.15150902012848036,3,1,1,5,5,stage_a_context,,long,5-way,True,,production,,,,-inf,primary_target,0,ranking,research,"{""checks"": {""n_folds"": {""value"": 3, ""threshold"": 3, ""passed"": true}, ""presence_freq"": {""value"": 1.0, ""threshold"": 0.75, ""passed"": true}, ""directional_mean_ret"": {""value"": 0.1516115963459015, ""threshold"": 0.0, ""passed"": true}, ""hurdle_excess"": {""value"": 0.15150902012848036, ""threshold"": 0.0, ""passed"": true}, ""min_support_actual"": {""value"": 65, ""threshold"": 50, ""passed"": true}, ""is_structurally_sound"": {""value"": false, ""passed"": false}, ""trade_path_quality_score"": {""value"": 5.224838291176923e-06, ""threshold"": 0.0, ""passed"": true}}, ""failures"": [""structural_soundness_fail: ""], ""warnings"": [], ""classification"": ""research""}"
(*)|(loc_dist_ema20_atr_ts_band20_80==1)|(reg_atr_change_rate_ts_band25_75==0&reg_atr_change_rate_ts_bot30==1&reg_ema20_gt_ema50_raw==0),*,loc_dist_ema20_atr_ts_band20_80==1,reg_atr_change_rate_ts_band25_75==0&reg_atr_change_rate_ts_bot30==1&reg_ema20_gt_ema50_raw==0,0.27054087320963544,0.27054087320963544,0.012278289141472701,0.16378221909205118,0.04960493827160494,0.004345117808880777,1.0,1.0,0.5057339449541285,605,,,0.002861891697550221,-0.006380393648339745,-0.0024075316486659136,0.009469465370332119,,0.3333333333333333,,,,0.1987676516036483,,-0.36362139917695474,0.020383762835352315,0.26265694039971793,-0.0004560876536372875,6.6443927126481155,-inf,-inf,9.511597379972566e-05,0.2704457572358357,3,1,1,4,4,stage_a_context,,long,4-way,True,,production,,,0.02247996595339467,-inf,primary_target,0,ranking,rejected,"{""checks"": {""n_folds"": {""value"": 3, ""threshold"": 3, ""passed"": true}, ""presence_freq"": {""value"": 1.0, ""threshold"": 0.75, ""passed"": true}, ""directional_mean_ret"": {""value"": 0.27054087320963544, ""threshold"": 0.0, ""passed"": true}, ""hurdle_excess"": {""value"": 0.2704457572358357, ""threshold"": 0.0, ""passed"": true}, ""min_support_actual"": {""value"": 605, ""threshold"": 50, ""passed"": true}, ""is_structurally_sound"": {""value"": false, ""passed"": false}, ""trade_path_quality_score"": {""value"": -0.0004560876536372875, ""threshold"": 0.0, ""passed"": false}}, ""failures"": [""structural_soundness_fail: "", ""trade_path_quality_score=-0.000456 < 0.000000""], ""warnings"": [], ""classification"": ""rejected""}"
(*)|(loc_dist_ema20_atr_ts_band20_80==1)|(reg_atr_change_rate_ts_band25_75==0&reg_atr_change_rate_ts_bot70==0&reg_atr_change_rate_ts_top40==1&reg_ema20_gt_ema50_raw==0),*,loc_dist_ema20_atr_ts_band20_80==1,reg_atr_change_rate_ts_band25_75==0&reg_atr_change_rate_ts_bot70==0&reg_atr_change_rate_ts_top40==1&reg_ema20_gt_ema50_raw==0,0.1516115963459015,0.1516115963459015,0.0070127397775650024,0.10538330301642418,0.006790123456790124,0.001665523155954573,1.0,1.0,0.7560975609756098,65,,,-0.03166845938178916,-0.03695334622673886,-0.03166845938178916,-0.026383572536839463,,0.0,,,,-0.2033515037631621,,,,0.03623904116624627,5.224838291176923e-06,4.089630300771053,-inf,-inf,0.00010257621742112485,0.15150902012848036,3,1,1,5,5,stage_a_context,,long,5-way,True,,production,,,,-inf,primary_target,0,ranking,research,"{""checks"": {""n_folds"": {""value"": 3, ""threshold"": 3, ""passed"": true}, ""presence_freq"": {""value"": 1.0, ""threshold"": 0.75, ""passed"": true}, ""directional_mean_ret"": {""value"": 0.1516115963459015, ""threshold"": 0.0, ""passed"": true}, ""hurdle_excess"": {""value"": 0.15150902012848036, ""threshold"": 0.0, ""passed"": true}, ""min_support_actual"": {""value"": 65, ""threshold"": 50, ""passed"": true}, ""is_structurally_sound"": {""value"": false, ""passed"": false}, ""trade_path_quality_score"": {""value"": 5.224838291176923e-06, ""threshold"": 0.0, ""passed"": true}}, ""failures"": [""structural_soundness_fail: ""], ""warnings"": [], ""classification"": ""research""}"
(*)|(loc_dist_ema20_atr_ts_band20_80==1)|(reg_atr_change_rate_ts_band25_75==0&reg_atr_change_rate_ts_top30==0&reg_ema50_gt_ema200_raw==0),*,loc_dist_ema20_atr_ts_band20_80==1,reg_atr_change_rate_ts_band25_75==0&reg_atr_change_rate_ts_top30==0&reg_ema50_gt_ema200_raw==0,0.27054087320963544,0.27054087320963544,0.012278289141472701,0.16378221909205118,0.04960493827160494,0.004345117808880777,1.0,1.0,0.5057339449541285,605,,,0.002861891697550221,-0.006380393648339745,-0.0024075316486659136,0.009469465370332119,,0.3333333333333333,,,,0.1987676516036483,,-0.36362139917695474,0.020383762835352315,0.26265694039971793,-0.0004560876536372875,6.6443927126481155,-inf,-inf,9.511597379972566e-05,0.2704457572358357,3,1,1,4,4,stage_a_context,,long,4-way,True,,production,,,0.02247996595339467,-inf,primary_target,0,ranking,rejected,"{""checks"": {""n_folds"": {""value"": 3, ""threshold"": 3, ""passed"": true}, ""presence_freq"": {""value"": 1.0, ""threshold"": 0.75, ""passed"": true}, ""directional_mean_ret"": {""value"": 0.27054087320963544, ""threshold"": 0.0, ""passed"": true}, ""hurdle_excess"": {""value"": 0.2704457572358357, ""threshold"": 0.0, ""passed"": true}, ""min_support_actual"": {""value"": 605, ""threshold"": 50, ""passed"": true}, ""is_structurally_sound"": {""value"": false, ""passed"": false}, ""trade_path_quality_score"": {""value"": -0.0004560876536372875, ""threshold"": 0.0, ""passed"": false}}, ""failures"": [""structural_soundness_fail: "", ""trade_path_quality_score=-0.000456 < 0.000000""], ""warnings"": [], ""classification"": ""rejected""}"
(*)|(loc_dist_ema20_atr_ts_band20_80==1)|(reg_atr_change_rate_ts_band25_75==0&reg_atr_change_rate_ts_top30==1&reg_atr_change_rate_ts_top70==1&reg_ema50_gt_ema200_raw==0),*,loc_dist_ema20_atr_ts_band20_80==1,reg_atr_change_rate_ts_band25_75==0&reg_atr_change_rate_ts_top30==1&reg_atr_change_rate_ts_top70==1&reg_ema50_gt_ema200_raw==0,0.1516115963459015,0.1516115963459015,0.0070127397775650024,0.10538330301642418,0.006790123456790124,0.001665523155954573,1.0,1.0,0.7560975609756098,65,,,-0.03166845938178916,-0.03695334622673886,-0.03166845938178916,-0.026383572536839463,,0.0,,,,-0.2033515037631621,,,,0.03623904116624627,5.224838291176923e-06,4.089630300771053,-inf,-inf,0.00010257621742112485,0.15150902012848036,3,1,1,5,5,stage_a_context,,long,5-way,True,,production,,,,-inf,primary_target,0,ranking,research,"{""checks"": {""n_folds"": {""value"": 3, ""threshold"": 3, ""passed"": true}, ""presence_freq"": {""value"": 1.0, ""threshold"": 0.75, ""passed"": true}, ""directional_mean_ret"": {""value"": 0.1516115963459015, ""threshold"": 0.0, ""passed"": true}, ""hurdle_excess"": {""value"": 0.15150902012848036, ""threshold"": 0.0, ""passed"": true}, ""min_support_actual"": {""value"": 65, ""threshold"": 50, ""passed"": true}, ""is_structurally_sound"": {""value"": false, ""passed"": false}, ""trade_path_quality_score"": {""value"": 5.224838291176923e-06, ""threshold"": 0.0, ""passed"": true}}, ""failures"": [""structural_soundness_fail: ""], ""warnings"": [], ""classification"": ""research""}"
(*)|(loc_dist_ema20_atr_ts_band20_80==1)|(reg_atr_change_rate_ts_band25_75==0&reg_atr_change_rate_ts_top40==0&reg_ema50_gt_ema200_raw==0),*,loc_dist_ema20_atr_ts_band20_80==1,reg_atr_change_rate_ts_band25_75==0&reg_atr_change_rate_ts_top40==0&reg_ema50_gt_ema200_raw==0,0.27054087320963544,0.27054087320963544,0.012278289141472701,0.16378221909205118,0.04960493827160494,0.004345117808880777,1.0,1.0,0.5057339449541285,605,,,0.002861891697550221,-0.006380393648339745,-0.0024075316486659136,0.009469465370332119,,0.3333333333333333,,,,0.1987676516036483,,-0.36362139917695474,0.020383762835352315,0.26265694039971793,-0.0004560876536372875,6.6443927126481155,-inf,-inf,9.511597379972566e-05,0.2704457572358357,3,1,1,4,4,stage_a_context,,long,4-way,True,,production,,,0.02247996595339467,-inf,primary_target,0,ranking,rejected,"{""checks"": {""n_folds"": {""value"": 3, ""threshold"": 3, ""passed"": true}, ""presence_freq"": {""value"": 1.0, ""threshold"": 0.75, ""passed"": true}, ""directional_mean_ret"": {""value"": 0.27054087320963544, ""threshold"": 0.0, ""passed"": true}, ""hurdle_excess"": {""value"": 0.2704457572358357, ""threshold"": 0.0, ""passed"": true}, ""min_support_actual"": {""value"": 605, ""threshold"": 50, ""passed"": true}, ""is_structurally_sound"": {""value"": false, ""passed"": false}, ""trade_path_quality_score"": {""value"": -0.0004560876536372875, ""threshold"": 0.0, ""passed"": false}}, ""failures"": [""structural_soundness_fail: "", ""trade_path_quality_score=-0.000456 < 0.000000""], ""warnings"": [], ""classification"": ""rejected""}"
(*)|(loc_dist_ema20_atr_ts_band20_80==1)|(reg_atr_change_rate_ts_band25_75==0&reg_atr_change_rate_ts_top40==0),*,loc_dist_ema20_atr_ts_band20_80==1,reg_atr_change_rate_ts_band25_75==0&reg_atr_change_rate_ts_top40==0,0.27054087320963544,0.27054087320963544,0.012278289141472701,0.16378221909205118,0.04960493827160494,0.004345117808880777,1.0,1.0,0.5057339449541285,605,,,0.002861891697550221,-0.006380393648339745,-0.0024075316486659136,0.009469465370332119,,0.3333333333333333,,,,0.1987676516036483,,-0.36362139917695474,0.020383762835352315,0.26265694039971793,-0.0004560876536372875,6.6443927126481155,-inf,-inf,7.397909073311994e-05,0.2704668941189023,3,1,1,3,3,stage_a_context,,long,3-way,True,,production,,,0.02247996595339467,-inf,primary_target,0,ranking,rejected,"{""checks"": {""n_folds"": {""value"": 3, ""threshold"": 3, ""passed"": true}, ""presence_freq"": {""value"": 1.0, ""threshold"": 0.75, ""passed"": true}, ""directional_mean_ret"": {""value"": 0.27054087320963544, ""threshold"": 0.0, ""passed"": true}, ""hurdle_excess"": {""value"": 0.2704668941189023, ""threshold"": 0.0, ""passed"": true}, ""min_support_actual"": {""value"": 605, ""threshold"": 50, ""passed"": true}, ""is_structurally_sound"": {""value"": false, ""passed"": false}, ""trade_path_quality_score"": {""value"": -0.0004560876536372875, ""threshold"": 0.0, ""passed"": false}}, ""failures"": [""structural_soundness_fail: "", ""trade_path_quality_score=-0.000456 < 0.000000""], ""warnings"": [], ""classification"": ""rejected""}"
(*)|(loc_dist_ema20_atr_ts_band20_80==1)|(reg_atr_change_rate_ts_band25_75==0&reg_atr_change_rate_ts_top40==1&reg_ema20_gt_ema50_raw==1),*,loc_dist_ema20_atr_ts_band20_80==1,reg_atr_change_rate_ts_band25_75==0&reg_atr_change_rate_ts_top40==1&reg_ema20_gt_ema50_raw==1,0.26404133935769397,0.26404133935769397,0.014723705940058052,0.15525070329507193,0.04451851851851851,0.0022402560438940767,1.0,1.0,0.5185589519650655,559,,,-0.0026374332935522548,-0.0068323131352377815,0.005480278836852798,0.0056163026133358,,0.6666666666666666,,,,-0.25636893433395286,,0.08382344312482959,0.07747584647905553,0.030074388428036943,-0.0009634529765609587,7.246707358410672,-inf,-inf,9.582954197530866e-05,0.2639455098157187,3,1,1,4,4,stage_a_context,,long,4-way,True,,production,,,0.07316216014669578,-inf,primary_target,0,ranking,rejected,"{""checks"": {""n_folds"": {""value"": 3, ""threshold"": 3, ""passed"": true}, ""presence_freq"": {""value"": 1.0, ""threshold"": 0.75, ""passed"": true}, ""directional_mean_ret"": {""value"": 0.26404133935769397, ""threshold"": 0.0, ""passed"": true}, ""hurdle_excess"": {""value"": 0.2639455098157187, ""threshold"": 0.0, ""passed"": true}, ""min_support_actual"": {""value"": 559, ""threshold"": 50, ""passed"": true}, ""is_structurally_sound"": {""value"": false, ""passed"": false}, ""trade_path_quality_score"": {""value"": -0.0009634529765609587, ""threshold"": 0.0, ""passed"": false}}, ""failures"": [""structural_soundness_fail: "", ""trade_path_quality_score=-0.000963 < 0.000000""], ""warnings"": [], ""classification"": ""rejected""}"
(*)|(loc_dist_ema20_atr_ts_band20_80==1)|(reg_atr_change_rate_ts_band25_75==0&reg_atr_change_rate_ts_top70==1&reg_ema50_gt_ema200_raw==1),*,loc_dist_ema20_atr_ts_band20_80==1,reg_atr_change_rate_ts_band25_75==0&reg_atr_change_rate_ts_top70==1&reg_ema50_gt_ema200_raw==1,0.26404133935769397,0.26404133935769397,0.014723705940058052,0.15525070329507193,0.04451851851851851,0.0022402560438940767,1.0,1.0,0.5185589519650655,559,,,-0.0026374332935522548,-0.0068323131352377815,0.005480278836852798,0.0056163026133358,,0.6666666666666666,,,,-0.25636893433395286,,0.08382344312482959,0.07747584647905553,0.030074388428036943,-0.0009634529765609587,7.246707358410672,-inf,-inf,9.582954197530866e-05,0.2639455098157187,3,2,2,4,4,stage_a_context,,long,4-way,True,,production,,,0.07316216014669578,-inf,primary_target,0,ranking,rejected,"{""checks"": {""n_folds"": {""value"": 3, ""threshold"": 3, ""passed"": true}, ""presence_freq"": {""value"": 1.0, ""threshold"": 0.75, ""passed"": true}, ""directional_mean_ret"": {""value"": 0.26404133935769397, ""threshold"": 0.0, ""passed"": true}, ""hurdle_excess"": {""value"": 0.2639455098157187, ""threshold"": 0.0, ""passed"": true}, ""min_support_actual"": {""value"": 559, ""threshold"": 50, ""passed"": true}, ""is_structurally_sound"": {""value"": false, ""passed"": false}, ""trade_path_quality_score"": {""value"": -0.0009634529765609587, ""threshold"": 0.0, ""passed"": false}}, ""failures"": [""structural_soundness_fail: "", ""trade_path_quality_score=-0.000963 < 0.000000""], ""warnings"": [], ""classification"": ""rejected""}"
(*)|(loc_dist_ema20_atr_ts_band20_80==1)|(reg_atr_change_rate_ts_band25_75==0&reg_ema20_gt_ema50_raw==1),*,loc_dist_ema20_atr_ts_band20_80==1,reg_atr_change_rate_ts_band25_75==0&reg_ema20_gt_ema50_raw==1,0.26404133935769397,0.26404133935769397,0.014723705940058052,0.15525070329507193,0.04451851851851851,0.0022402560438940767,1.0,1.0,0.5185589519650655,559,,,-0.0026374332935522548,-0.0068323131352377815,0.005480278836852798,0.0056163026133358,,0.6666666666666666,,,,-0.25636893433395286,,0.08382344312482959,0.07747584647905553,0.030074388428036943,-0.0009634529765609587,7.246707358410672,-inf,-inf,7.453408820301783e-05,0.26396680526949096,3,1,1,3,3,stage_a_context,,long,3-way,True,,production,,,0.07316216014669578,-inf,primary_target,0,ranking,rejected,"{""checks"": {""n_folds"": {""value"": 3, ""threshold"": 3, ""passed"": true}, ""presence_freq"": {""value"": 1.0, ""threshold"": 0.75, ""passed"": true}, ""directional_mean_ret"": {""value"": 0.26404133935769397, ""threshold"": 0.0, ""passed"": true}, ""hurdle_excess"": {""value"": 0.26396680526949096, ""threshold"": 0.0, ""passed"": true}, ""min_support_actual"": {""value"": 559, ""threshold"": 50, ""passed"": true}, ""is_structurally_sound"": {""value"": false, ""passed"": false}, ""trade_path_quality_score"": {""value"": -0.0009634529765609587, ""threshold"": 0.0, ""passed"": false}}, ""failures"": [""structural_soundness_fail: "", ""trade_path_quality_score=-0.000963 < 0.000000""], ""warnings"": [], ""classification"": ""rejected""}"
(*)|(loc_dist_ema20_atr_ts_band20_80==1)|(reg_atr_change_rate_ts_band25_75==0&reg_ema50_gt_ema200_raw==1),*,loc_dist_ema20_atr_ts_band20_80==1,reg_atr_change_rate_ts_band25_75==0&reg_ema50_gt_ema200_raw==1,0.26404133935769397,0.26404133935769397,0.014723705940058052,0.15525070329507193,0.04451851851851851,0.0022402560438940767,1.0,1.0,0.5185589519650655,559,,,-0.0026374332935522548,-0.0068323131352377815,0.005480278836852798,0.0056163026133358,,0.6666666666666666,,,,-0.25636893433395286,,0.08382344312482959,0.07747584647905553,0.030074388428036943,-0.0009634529765609587,7.246707358410672,-inf,-inf,7.453408820301783e-05,0.26396680526949096,3,1,1,3,3,stage_a_context,,long,3-way,True,,production,,,0.07316216014669578,-inf,primary_target,0,ranking,rejected,"{""checks"": {""n_folds"": {""value"": 3, ""threshold"": 3, ""passed"": true}, ""presence_freq"": {""value"": 1.0, ""threshold"": 0.75, ""passed"": true}, ""directional_mean_ret"": {""value"": 0.26404133935769397, ""threshold"": 0.0, ""passed"": true}, ""hurdle_excess"": {""value"": 0.26396680526949096, ""threshold"": 0.0, ""passed"": true}, ""min_support_actual"": {""value"": 559, ""threshold"": 50, ""passed"": true}, ""is_structurally_sound"": {""value"": false, ""passed"": false}, ""trade_path_quality_score"": {""value"": -0.0009634529765609587, ""threshold"": 0.0, ""passed"": false}}, ""failures"": [""structural_soundness_fail: "", ""trade_path_quality_score=-0.000963 < 0.000000""], ""warnings"": [], ""classification"": ""rejected""}"
(*)|(loc_dist_ema20_atr_ts_band20_80==1)|(reg_atr_change_rate_ts_band25_75==1&reg_atr_change_rate_ts_band40_60==0&reg_atr_change_rate_ts_top70==0&reg_ema50_gt_ema200_raw==1),*,loc_dist_ema20_atr_ts_band20_80==1,reg_atr_change_rate_ts_band25_75==1&reg_atr_change_rate_ts_band40_60==0&reg_atr_change_rate_ts_top70==0&reg_ema50_gt_ema200_raw==1,0.2807053178548813,0.2807053178548813,0.023845703293324447,0.16661095122496286,0.023333333333333334,0.011838109316534246,1.0,1.0,0.5064027939464494,184,,,0.012582964136284921,0.0018495305653484784,0.011763950322865107,0.022906890800511455,,0.6666666666666666,,,,-0.13929375522382334,,,,0.03623904116624627,-0.00022925947978603658,7.7040027462208736,-inf,-inf,9.93025e-05,0.2806060153548813,3,2,2,5,5,stage_a_context,,long,5-way,True,,production,,,0.006987253386414816,-inf,primary_target,0,ranking,rejected,"{""checks"": {""n_folds"": {""value"": 3, ""threshold"": 3, ""passed"": true}, ""presence_freq"": {""value"": 1.0, ""threshold"": 0.75, ""passed"": true}, ""directional_mean_ret"": {""value"": 0.2807053178548813, ""threshold"": 0.0, ""passed"": true}, ""hurdle_excess"": {""value"": 0.2806060153548813, ""threshold"": 0.0, ""passed"": true}, ""min_support_actual"": {""value"": 184, ""threshold"": 50, ""passed"": true}, ""is_structurally_sound"": {""value"": false, ""passed"": false}, ""trade_path_quality_score"": {""value"": -0.00022925947978603658, ""threshold"": 0.0, ""passed"": false}}, ""failures"": [""structural_soundness_fail: "", ""trade_path_quality_score=-0.000229 < 0.000000""], ""warnings"": [], ""classification"": ""rejected""}"
(*)|(loc_dist_ema20_atr_ts_band20_80==1)|(reg_atr_change_rate_ts_band25_75==1&reg_atr_change_rate_ts_band40_60==0&reg_atr_change_rate_ts_top70==1&reg_ema50_gt_ema200_raw==0),*,loc_dist_ema20_atr_ts_band20_80==1,reg_atr_change_rate_ts_band25_75==1&reg_atr_change_rate_ts_band40_60==0&reg_atr_change_rate_ts_top70==1&reg_ema50_gt_ema200_raw==0,0.21194550891717276,0.21194550891717276,0.012389019736078427,0.13626326123873392,0.01362962962962963,0.0009389211526830393,1.0,1.0,0.555956678700361,168,,,-0.03428889503203047,-0.03827787997669137,-0.02806942516342531,-0.027190175153066987,,0.0,,,,-0.026103993552277372,,0.09051724137931035,0.07438342326933012,0.029952136830887526,-4.8497156070064085e-06,6.135220493340273,-inf,-inf,0.00010116302345679012,0.21184434589371598,3,2,2,5,5,stage_a_context,,long,5-way,True,,production,,,0.20276736446922738,-inf,primary_target,0,ranking,rejected,"{""checks"": {""n_folds"": {""value"": 3, ""threshold"": 3, ""passed"": true}, ""presence_freq"": {""value"": 1.0, ""threshold"": 0.75, ""passed"": true}, ""directional_mean_ret"": {""value"": 0.21194550891717276, ""threshold"": 0.0, ""passed"": true}, ""hurdle_excess"": {""value"": 0.21184434589371598, ""threshold"": 0.0, ""passed"": true}, ""min_support_actual"": {""value"": 168, ""threshold"": 50, ""passed"": true}, ""is_structurally_sound"": {""value"": false, ""passed"": false}, ""trade_path_quality_score"": {""value"": -4.8497156070064085e-06, ""threshold"": 0.0, ""passed"": false}}, ""failures"": [""structural_soundness_fail: "", ""trade_path_quality_score=-0.000005 < 0.000000""], ""warnings"": [], ""classification"": ""rejected""}"
(*)|(loc_dist_ema20_atr_ts_band20_80==1)|(reg_atr_change_rate_ts_band25_75==1&reg_atr_change_rate_ts_band40_60==0&reg_atr_change_rate_ts_top70==1&reg_ema50_gt_ema200_raw==1),*,loc_dist_ema20_atr_ts_band20_80==1,reg_atr_change_rate_ts_band25_75==1&reg_atr_change_rate_ts_band40_60==0&reg_atr_change_rate_ts_top70==1&reg_ema50_gt_ema200_raw==1,0.26811592777570087,0.26811592777570087,0.014840706869442359,0.15881633758544922,0.038148148148148146,0.002630064300712094,1.0,1.0,0.5351351351351351,466,,,0.00087952286125532,-0.007669188077046325,-0.0012768185386371098,0.00835006309961075,,0.3333333333333333,,,,-0.32207472992326813,,0.21778350515463918,0.10700237259438726,0.0310612806529075,-0.0012521916117486911,7.383601547710628,-inf,-inf,9.678891975308642e-05,0.2680191388559478,3,2,2,5,5,stage_a_context,,long,5-way,True,,production,,,0.05042428249816674,-inf,primary_target,0,ranking,rejected,"{""checks"": {""n_folds"": {""value"": 3, ""threshold"": 3, ""passed"": true}, ""presence_freq"": {""value"": 1.0, ""threshold"": 0.75, ""passed"": true}, ""directional_mean_ret"": {""value"": 0.26811592777570087, ""threshold"": 0.0, ""passed"": true}, ""hurdle_excess"": {""value"": 0.2680191388559478, ""threshold"": 0.0, ""passed"": true}, ""min_support_actual"": {""value"": 466, ""threshold"": 50, ""passed"": true}, ""is_structurally_sound"": {""value"": false, ""passed"": false}, ""trade_path_quality_score"": {""value"": -0.0012521916117486911, ""threshold"": 0.0, ""passed"": false}}, ""failures"": [""structural_soundness_fail: "", ""trade_path_quality_score=-0.001252 < 0.000000""], ""warnings"": [], ""classification"": ""rejected""}"
(*)|(loc_dist_ema20_atr_ts_band20_80==1)|(reg_atr_change_rate_ts_band25_75==1&reg_atr_change_rate_ts_bot30==0&reg_atr_change_rate_ts_bot70==0&reg_ema20_gt_ema50_raw==0),*,loc_dist_ema20_atr_ts_band20_80==1,reg_atr_change_rate_ts_band25_75==1&reg_atr_change_rate_ts_bot30==0&reg_atr_change_rate_ts_bot70==0&reg_ema20_gt_ema50_raw==0,0.21194550891717276,0.21194550891717276,0.012389019736078427,0.13626326123873392,0.01362962962962963,0.0009389211526830393,1.0,1.0,0.555956678700361,168,,,-0.03428889503203047,-0.03827787997669137,-0.02806942516342531,-0.027190175153066987,,0.0,,,,-0.026103993552277372,,0.09051724137931035,0.07438342326933012,0.029952136830887526,-4.8497156070064085e-06,6.135220493340273,-inf,-inf,0.00010116302345679012,0.21184434589371598,3,1,1,5,5,stage_a_context,,long,5-way,True,,production,,,0.20276736446922738,-inf,primary_target,0,ranking,rejected,"{""checks"": {""n_folds"": {""value"": 3, ""threshold"": 3, ""passed"": true}, ""presence_freq"": {""value"": 1.0, ""threshold"": 0.75, ""passed"": true}, ""directional_mean_ret"": {""value"": 0.21194550891717276, ""threshold"": 0.0, ""passed"": true}, ""hurdle_excess"": {""value"": 0.21184434589371598, ""threshold"": 0.0, ""passed"": true}, ""min_support_actual"": {""value"": 168, ""threshold"": 50, ""passed"": true}, ""is_structurally_sound"": {""value"": false, ""passed"": false}, ""trade_path_quality_score"": {""value"": -4.8497156070064085e-06, ""threshold"": 0.0, ""passed"": false}}, ""failures"": [""structural_soundness_fail: "", ""trade_path_quality_score=-0.000005 < 0.000000""], ""warnings"": [], ""classification"": ""rejected""}"
(*)|(loc_dist_ema20_atr_ts_band20_80==1)|(reg_atr_change_rate_ts_band25_75==1&reg_atr_change_rate_ts_bot30==1&reg_atr_change_rate_ts_top40==0),*,loc_dist_ema20_atr_ts_band20_80==1,reg_atr_change_rate_ts_band25_75==1&reg_atr_change_rate_ts_bot30==1&reg_atr_change_rate_ts_top40==0,0.2631906767686208,0.2631906767686208,0.016343697055675337,0.16265031695365906,0.048716049382716044,0.003122456288303651,1.0,1.0,0.5176336746302617,623,,,-0.009850880353314146,-0.014270544446681596,-0.01395917591198115,-0.007485364039280197,,0.0,,,,0.12258595182420347,,0.043209876543209874,0.0649793295217405,0.26787530981178254,-0.0011305978802505015,6.810212137749811,-inf,-inf,9.523731700960221e-05,0.2630954394516112,3,1,1,4,4,stage_a_context,,long,4-way,True,,production,,,0.03052422649743473,-inf,primary_target,0,ranking,rejected,"{""checks"": {""n_folds"": {""value"": 3, ""threshold"": 3, ""passed"": true}, ""presence_freq"": {""value"": 1.0, ""threshold"": 0.75, ""passed"": true}, ""directional_mean_ret"": {""value"": 0.2631906767686208, ""threshold"": 0.0, ""passed"": true}, ""hurdle_excess"": {""value"": 0.2630954394516112, ""threshold"": 0.0, ""passed"": true}, ""min_support_actual"": {""value"": 623, ""threshold"": 50, ""passed"": true}, ""is_structurally_sound"": {""value"": false, ""passed"": false}, ""trade_path_quality_score"": {""value"": -0.0011305978802505015, ""threshold"": 0.0, ""passed"": false}}, ""failures"": [""structural_soundness_fail: "", ""trade_path_quality_score=-0.001131 < 0.000000""], ""warnings"": [], ""classification"": ""rejected""}"
(*)|(loc_dist_ema20_atr_ts_band20_80==1)|(reg_atr_change_rate_ts_band25_75==1&reg_atr_change_rate_ts_bot30==1&reg_ema20_gt_ema50_raw==0),*,loc_dist_ema20_atr_ts_band20_80==1,reg_atr_change_rate_ts_band25_75==1&reg_atr_change_rate_ts_bot30==1&reg_ema20_gt_ema50_raw==0,0.2631906767686208,0.2631906767686208,0.016343697055675337,0.16265031695365906,0.048716049382716044,0.003122456288303651,1.0,1.0,0.5176336746302617,623,,,-0.009850880353314146,-0.014270544446681596,-0.01395917591198115,-0.007485364039280197,,0.0,,,,0.12258595182420347,,0.043209876543209874,0.0649793295217405,0.26787530981178254,-0.0011305978802505015,6.810212137749811,-inf,-inf,9.523731700960221e-05,0.2630954394516112,3,1,1,4,4,stage_a_context,,long,4-way,True,,production,,,0.03052422649743473,-inf,primary_target,0,ranking,rejected,"{""checks"": {""n_folds"": {""value"": 3, ""threshold"": 3, ""passed"": true}, ""presence_freq"": {""value"": 1.0, ""threshold"": 0.75, ""passed"": true}, ""directional_mean_ret"": {""value"": 0.2631906767686208, ""threshold"": 0.0, ""passed"": true}, ""hurdle_excess"": {""value"": 0.2630954394516112, ""threshold"": 0.0, ""passed"": true}, ""min_support_actual"": {""value"": 623, ""threshold"": 50, ""passed"": true}, ""is_structurally_sound"": {""value"": false, ""passed"": false}, ""trade_path_quality_score"": {""value"": -0.0011305978802505015, ""threshold"": 0.0, ""passed"": false}}, ""failures"": [""structural_soundness_fail: "", ""trade_path_quality_score=-0.001131 < 0.000000""], ""warnings"": [], ""classification"": ""rejected""}"
(*)|(loc_dist_ema20_atr_ts_band20_80==1)|(reg_atr_change_rate_ts_band25_75==1&reg_atr_change_rate_ts_bot70==0&reg_atr_change_rate_ts_top40==1&reg_ema20_gt_ema50_raw==0),*,loc_dist_ema20_atr_ts_band20_80==1,reg_atr_change_rate_ts_band25_75==1&reg_atr_change_rate_ts_bot70==0&reg_atr_change_rate_ts_top40==1&reg_ema20_gt_ema50_raw==0,0.21194550891717276,0.21194550891717276,0.012389019736078427,0.13626326123873392,0.01362962962962963,0.0009389211526830393,1.0,1.0,0.555956678700361,168,,,-0.03428889503203047,-0.03827787997669137,-0.02806942516342531,-0.027190175153066987,,0.0,,,,-0.026103993552277372,,0.09051724137931035,0.07438342326933012,0.029952136830887526,-4.8497156070064085e-06,6.135220493340273,-inf,-inf,0.00010116302345679012,0.21184434589371598,3,1,1,5,5,stage_a_context,,long,5-way,True,,production,,,0.20276736446922738,-inf,primary_target,0,ranking,rejected,"{""checks"": {""n_folds"": {""value"": 3, ""threshold"": 3, ""passed"": true}, ""presence_freq"": {""value"": 1.0, ""threshold"": 0.75, ""passed"": true}, ""directional_mean_ret"": {""value"": 0.21194550891717276, ""threshold"": 0.0, ""passed"": true}, ""hurdle_excess"": {""value"": 0.21184434589371598, ""threshold"": 0.0, ""passed"": true}, ""min_support_actual"": {""value"": 168, ""threshold"": 50, ""passed"": true}, ""is_structurally_sound"": {""value"": false, ""passed"": false}, ""trade_path_quality_score"": {""value"": -4.8497156070064085e-06, ""threshold"": 0.0, ""passed"": false}}, ""failures"": [""structural_soundness_fail: "", ""trade_path_quality_score=-0.000005 < 0.000000""], ""warnings"": [], ""classification"": ""rejected""}"
(*)|(loc_dist_ema20_atr_ts_band20_80==1)|(reg_atr_change_rate_ts_band25_75==1&reg_atr_change_rate_ts_bot70==0&reg_atr_change_rate_ts_top40==1&reg_ema20_gt_ema50_raw==1),*,loc_dist_ema20_atr_ts_band20_80==1,reg_atr_change_rate_ts_band25_75==1&reg_atr_change_rate_ts_bot70==0&reg_atr_change_rate_ts_top40==1&reg_ema20_gt_ema50_raw==1,0.26811592777570087,0.26811592777570087,0.014840706869442359,0.15881633758544922,0.038148148148148146,0.002630064300712094,1.0,1.0,0.5351351351351351,466,,,0.00087952286125532,-0.007669188077046325,-0.0012768185386371098,0.00835006309961075,,0.3333333333333333,,,,-0.32207472992326813,,0.21778350515463918,0.10700237259438726,0.0310612806529075,-0.0012521916117486911,7.383601547710628,-inf,-inf,9.678891975308642e-05,0.2680191388559478,3,1,1,5,5,stage_a_context,,long,5-way,True,,production,,,0.05042428249816674,-inf,primary_target,0,ranking,rejected,"{""checks"": {""n_folds"": {""value"": 3, ""threshold"": 3, ""passed"": true}, ""presence_freq"": {""value"": 1.0, ""threshold"": 0.75, ""passed"": true}, ""directional_mean_ret"": {""value"": 0.26811592777570087, ""threshold"": 0.0, ""passed"": true}, ""hurdle_excess"": {""value"": 0.2680191388559478, ""threshold"": 0.0, ""passed"": true}, ""min_support_actual"": {""value"": 466, ""threshold"": 50, ""passed"": true}, ""is_structurally_sound"": {""value"": false, ""passed"": false}, ""trade_path_quality_score"": {""value"": -0.0012521916117486911, ""threshold"": 0.0, ""passed"": false}}, ""failures"": [""structural_soundness_fail: "", ""trade_path_quality_score=-0.001252 < 0.000000""], ""warnings"": [], ""classification"": ""rejected""}"
(*)|(loc_dist_ema20_atr_ts_band20_80==1)|(reg_atr_change_rate_ts_band25_75==1&reg_atr_change_rate_ts_bot70==0&reg_ema20_gt_ema50_raw==1),*,loc_dist_ema20_atr_ts_band20_80==1,reg_atr_change_rate_ts_band25_75==1&reg_atr_change_rate_ts_bot70==0&reg_ema20_gt_ema50_raw==1,0.26811592777570087,0.26811592777570087,0.014840706869442359,0.15881633758544922,0.038148148148148146,0.002630064300712094,1.0,1.0,0.5351351351351351,466,,,0.00087952286125532,-0.007669188077046325,-0.0012768185386371098,0.00835006309961075,,0.3333333333333333,,,,-0.32207472992326813,,0.21778350515463918,0.10700237259438726,0.0310612806529075,-0.0012521916117486911,7.383601547710628,-inf,-inf,9.678891975308642e-05,0.2680191388559478,3,1,1,4,4,stage_a_context,,long,4-way,True,,production,,,0.05042428249816674,-inf,primary_target,0,ranking,rejected,"{""checks"": {""n_folds"": {""value"": 3, ""threshold"": 3, ""passed"": true}, ""presence_freq"": {""value"": 1.0, ""threshold"": 0.75, ""passed"": true}, ""directional_mean_ret"": {""value"": 0.26811592777570087, ""threshold"": 0.0, ""passed"": true}, ""hurdle_excess"": {""value"": 0.2680191388559478, ""threshold"": 0.0, ""passed"": true}, ""min_support_actual"": {""value"": 466, ""threshold"": 50, ""passed"": true}, ""is_structurally_sound"": {""value"": false, ""passed"": false}, ""trade_path_quality_score"": {""value"": -0.0012521916117486911, ""threshold"": 0.0, ""passed"": false}}, ""failures"": [""structural_soundness_fail: "", ""trade_path_quality_score=-0.001252 < 0.000000""], ""warnings"": [], ""classification"": ""rejected""}"
(*)|(loc_dist_ema20_atr_ts_band20_80==1)|(reg_atr_change_rate_ts_band25_75==1&reg_atr_change_rate_ts_bot70==1&reg_atr_change_rate_ts_top40==1&reg_ema20_gt_ema50_raw==1),*,loc_dist_ema20_atr_ts_band20_80==1,reg_atr_change_rate_ts_band25_75==1&reg_atr_change_rate_ts_bot70==1&reg_atr_change_rate_ts_top40==1&reg_ema20_gt_ema50_raw==1,0.2807053178548813,0.2807053178548813,0.023845703293324447,0.16661095122496286,0.023333333333333334,0.011838109316534246,1.0,1.0,0.5064027939464494,184,,,0.012582964136284921,0.0018495305653484784,0.011763950322865107,0.022906890800511455,,0.6666666666666666,,,,-0.13929375522382334,,,,0.03623904116624627,-0.00022925947978603658,7.7040027462208736,-inf,-inf,9.93025e-05,0.2806060153548813,3,1,1,5,5,stage_a_context,,long,5-way,True,,production,,,0.006987253386414816,-inf,primary_target,0,ranking,rejected,"{""checks"": {""n_folds"": {""value"": 3, ""threshold"": 3, ""passed"": true}, ""presence_freq"": {""value"": 1.0, ""threshold"": 0.75, ""passed"": true}, ""directional_mean_ret"": {""value"": 0.2807053178548813, ""threshold"": 0.0, ""passed"": true}, ""hurdle_excess"": {""value"": 0.2806060153548813, ""threshold"": 0.0, ""passed"": true}, ""min_support_actual"": {""value"": 184, ""threshold"": 50, ""passed"": true}, ""is_structurally_sound"": {""value"": false, ""passed"": false}, ""trade_path_quality_score"": {""value"": -0.00022925947978603658, ""threshold"": 0.0, ""passed"": false}}, ""failures"": [""structural_soundness_fail: "", ""trade_path_quality_score=-0.000229 < 0.000000""], ""warnings"": [], ""classification"": ""rejected""}"
(*)|(loc_dist_ema20_atr_ts_band20_80==1)|(reg_atr_change_rate_ts_band25_75==1&reg_atr_change_rate_ts_bot70==1&reg_ema20_gt_ema50_raw==1),*,loc_dist_ema20_atr_ts_band20_80==1,reg_atr_change_rate_ts_band25_75==1&reg_atr_change_rate_ts_bot70==1&reg_ema20_gt_ema50_raw==1,0.2807053178548813,0.2807053178548813,0.023845703293324447,0.16661095122496286,0.023333333333333334,0.011838109316534246,1.0,1.0,0.5064027939464494,184,,,0.012582964136284921,0.0018495305653484784,0.011763950322865107,0.022906890800511455,,0.6666666666666666,,,,-0.13929375522382334,,,,0.03623904116624627,-0.00022925947978603658,7.7040027462208736,-inf,-inf,9.93025e-05,0.2806060153548813,3,1,1,4,4,stage_a_context,,long,4-way,True,,production,,,0.006987253386414816,-inf,primary_target,0,ranking,rejected,"{""checks"": {""n_folds"": {""value"": 3, ""threshold"": 3, ""passed"": true}, ""presence_freq"": {""value"": 1.0, ""threshold"": 0.75, ""passed"": true}, ""directional_mean_ret"": {""value"": 0.2807053178548813, ""threshold"": 0.0, ""passed"": true}, ""hurdle_excess"": {""value"": 0.2806060153548813, ""threshold"": 0.0, ""passed"": true}, ""min_support_actual"": {""value"": 184, ""threshold"": 50, ""passed"": true}, ""is_structurally_sound"": {""value"": false, ""passed"": false}, ""trade_path_quality_score"": {""value"": -0.00022925947978603658, ""threshold"": 0.0, ""passed"": false}}, ""failures"": [""structural_soundness_fail: "", ""trade_path_quality_score=-0.000229 < 0.000000""], ""warnings"": [], ""classification"": ""rejected""}"
(*)|(loc_dist_ema20_atr_ts_band20_80==1)|(reg_atr_change_rate_ts_band25_75==1&reg_atr_change_rate_ts_top30==0&reg_atr_change_rate_ts_top40==0&reg_ema50_gt_ema200_raw==0),*,loc_dist_ema20_atr_ts_band20_80==1,reg_atr_change_rate_ts_band25_75==1&reg_atr_change_rate_ts_top30==0&reg_atr_change_rate_ts_top40==0&reg_ema50_gt_ema200_raw==0,0.2631906767686208,0.2631906767686208,0.016343697055675337,0.16265031695365906,0.048716049382716044,0.003122456288303651,1.0,1.0,0.5176336746302617,623,,,-0.009850880353314146,-0.014270544446681596,-0.01395917591198115,-0.007485364039280197,,0.0,,,,0.12258595182420347,,0.043209876543209874,0.0649793295217405,0.26787530981178254,-0.0011305978802505015,6.810212137749811,-inf,-inf,9.523731700960221e-05,0.2630954394516112,3,1,1,5,5,stage_a_context,,long,5-way,True,,production,,,0.03052422649743473,-inf,primary_target,0,ranking,rejected,"{""checks"": {""n_folds"": {""value"": 3, ""threshold"": 3, ""passed"": true}, ""presence_freq"": {""value"": 1.0, ""threshold"": 0.75, ""passed"": true}, ""directional_mean_ret"": {""value"": 0.2631906767686208, ""threshold"": 0.0, ""passed"": true}, ""hurdle_excess"": {""value"": 0.2630954394516112, ""threshold"": 0.0, ""passed"": true}, ""min_support_actual"": {""value"": 623, ""threshold"": 50, ""passed"": true}, ""is_structurally_sound"": {""value"": false, ""passed"": false}, ""trade_path_quality_score"": {""value"": -0.0011305978802505015, ""threshold"": 0.0, ""passed"": false}}, ""failures"": [""structural_soundness_fail: "", ""trade_path_quality_score=-0.001131 < 0.000000""], ""warnings"": [], ""classification"": ""rejected""}"
(*)|(loc_dist_ema20_atr_ts_band20_80==1)|(reg_atr_change_rate_ts_band25_75==1&reg_atr_change_rate_ts_top30==0&reg_ema50_gt_ema200_raw==0),*,loc_dist_ema20_atr_ts_band20_80==1,reg_atr_change_rate_ts_band25_75==1&reg_atr_change_rate_ts_top30==0&reg_ema50_gt_ema200_raw==0,0.2631906767686208,0.2631906767686208,0.016343697055675337,0.16265031695365906,0.048716049382716044,0.003122456288303651,1.0,1.0,0.5176336746302617,623,,,-0.009850880353314146,-0.014270544446681596,-0.01395917591198115,-0.007485364039280197,,0.0,,,,0.12258595182420347,,0.043209876543209874,0.0649793295217405,0.26787530981178254,-0.0011305978802505015,6.810212137749811,-inf,-inf,9.523731700960221e-05,0.2630954394516112,3,1,1,4,4,stage_a_context,,long,4-way,True,,production,,,0.03052422649743473,-inf,primary_target,0,ranking,rejected,"{""checks"": {""n_folds"": {""value"": 3, ""threshold"": 3, ""passed"": true}, ""presence_freq"": {""value"": 1.0, ""threshold"": 0.75, ""passed"": true}, ""directional_mean_ret"": {""value"": 0.2631906767686208, ""threshold"": 0.0, ""passed"": true}, ""hurdle_excess"": {""value"": 0.2630954394516112, ""threshold"": 0.0, ""passed"": true}, ""min_support_actual"": {""value"": 623, ""threshold"": 50, ""passed"": true}, ""is_structurally_sound"": {""value"": false, ""passed"": false}, ""trade_path_quality_score"": {""value"": -0.0011305978802505015, ""threshold"": 0.0, ""passed"": false}}, ""failures"": [""structural_soundness_fail: "", ""trade_path_quality_score=-0.001131 < 0.000000""], ""warnings"": [], ""classification"": ""rejected""}"
(*)|(loc_dist_ema20_atr_ts_band20_80==1)|(reg_atr_change_rate_ts_band25_75==1&reg_atr_change_rate_ts_top30==1&reg_atr_change_rate_ts_top70==1&reg_ema50_gt_ema200_raw==0),*,loc_dist_ema20_atr_ts_band20_80==1,reg_atr_change_rate_ts_band25_75==1&reg_atr_change_rate_ts_top30==1&reg_atr_change_rate_ts_top70==1&reg_ema50_gt_ema200_raw==0,0.21194550891717276,0.21194550891717276,0.012389019736078427,0.13626326123873392,0.01362962962962963,0.0009389211526830393,1.0,1.0,0.555956678700361,168,,,-0.03428889503203047,-0.03827787997669137,-0.02806942516342531,-0.027190175153066987,,0.0,,,,-0.026103993552277372,,0.09051724137931035,0.07438342326933012,0.029952136830887526,-4.8497156070064085e-06,6.135220493340273,-inf,-inf,0.00010116302345679012,0.21184434589371598,3,1,1,5,5,stage_a_context,,long,5-way,True,,production,,,0.20276736446922738,-inf,primary_target,0,ranking,rejected,"{""checks"": {""n_folds"": {""value"": 3, ""threshold"": 3, ""passed"": true}, ""presence_freq"": {""value"": 1.0, ""threshold"": 0.75, ""passed"": true}, ""directional_mean_ret"": {""value"": 0.21194550891717276, ""threshold"": 0.0, ""passed"": true}, ""hurdle_excess"": {""value"": 0.21184434589371598, ""threshold"": 0.0, ""passed"": true}, ""min_support_actual"": {""value"": 168, ""threshold"": 50, ""passed"": true}, ""is_structurally_sound"": {""value"": false, ""passed"": false}, ""trade_path_quality_score"": {""value"": -4.8497156070064085e-06, ""threshold"": 0.0, ""passed"": false}}, ""failures"": [""structural_soundness_fail: "", ""trade_path_quality_score=-0.000005 < 0.000000""], ""warnings"": [], ""classification"": ""rejected""}"
(*)|(loc_dist_ema20_atr_ts_band20_80==1)|(reg_atr_change_rate_ts_band25_75==1&reg_atr_change_rate_ts_top70==1&reg_ema50_gt_ema200_raw==1),*,loc_dist_ema20_atr_ts_band20_80==1,reg_atr_change_rate_ts_band25_75==1&reg_atr_change_rate_ts_top70==1&reg_ema50_gt_ema200_raw==1,0.26811592777570087,0.26811592777570087,0.014840706869442359,0.15881633758544922,0.038148148148148146,0.002630064300712094,1.0,1.0,0.5351351351351351,466,,,0.00087952286125532,-0.007669188077046325,-0.0012768185386371098,0.00835006309961075,,0.3333333333333333,,,,-0.32207472992326813,,0.21778350515463918,0.10700237259438726,0.0310612806529075,-0.0012521916117486911,7.383601547710628,-inf,-inf,9.678891975308642e-05,0.2680191388559478,3,2,2,4,4,stage_a_context,,long,4-way,True,,production,,,0.05042428249816674,-inf,primary_target,0,ranking,rejected,"{""checks"": {""n_folds"": {""value"": 3, ""threshold"": 3, ""passed"": true}, ""presence_freq"": {""value"": 1.0, ""threshold"": 0.75, ""passed"": true}, ""directional_mean_ret"": {""value"": 0.26811592777570087, ""threshold"": 0.0, ""passed"": true}, ""hurdle_excess"": {""value"": 0.2680191388559478, ""threshold"": 0.0, ""passed"": true}, ""min_support_actual"": {""value"": 466, ""threshold"": 50, ""passed"": true}, ""is_structurally_sound"": {""value"": false, ""passed"": false}, ""trade_path_quality_score"": {""value"": -0.0012521916117486911, ""threshold"": 0.0, ""passed"": false}}, ""failures"": [""structural_soundness_fail: "", ""trade_path_quality_score=-0.001252 < 0.000000""], ""warnings"": [], ""classification"": ""rejected""}"
(*)|(loc_dist_ema20_atr_ts_band20_80==1)|(reg_atr_change_rate_ts_top70==0&reg_ema50_gt_ema200_raw==1),*,loc_dist_ema20_atr_ts_band20_80==1,reg_atr_change_rate_ts_top70==0&reg_ema50_gt_ema200_raw==1,0.2807053178548813,0.2807053178548813,0.023845703293324447,0.16661095122496286,0.023333333333333334,0.011838109316534246,1.0,1.0,0.5064027939464494,184,,,0.012582964136284921,0.0018495305653484784,0.011763950322865107,0.022906890800511455,,0.6666666666666666,,,,-0.13929375522382334,,,,0.03623904116624627,-0.00022925947978603658,7.7040027462208736,-inf,-inf,7.723527777777776e-05,0.28062808257710353,3,2,2,3,3,stage_a_context,,long,3-way,True,,production,,,0.006987253386414816,-inf,primary_target,0,ranking,rejected,"{""checks"": {""n_folds"": {""value"": 3, ""threshold"": 3, ""passed"": true}, ""presence_freq"": {""value"": 1.0, ""threshold"": 0.75, ""passed"": true}, ""directional_mean_ret"": {""value"": 0.2807053178548813, ""threshold"": 0.0, ""passed"": true}, ""hurdle_excess"": {""value"": 0.28062808257710353, ""threshold"": 0.0, ""passed"": true}, ""min_support_actual"": {""value"": 184, ""threshold"": 50, ""passed"": true}, ""is_structurally_sound"": {""value"": false, ""passed"": false}, ""trade_path_quality_score"": {""value"": -0.00022925947978603658, ""threshold"": 0.0, ""passed"": false}}, ""failures"": [""structural_soundness_fail: "", ""trade_path_quality_score=-0.000229 < 0.000000""], ""warnings"": [], ""classification"": ""rejected""}"
(*)|(loc_dist_ema20_atr_ts_band25_75==0&loc_dist_ema20_atr_ts_bot80==1)|(reg_atr_change_rate_ts_top20==1&reg_atr_change_rate_ts_top30==0),*,loc_dist_ema20_atr_ts_band25_75==0&loc_dist_ema20_atr_ts_bot80==1,reg_atr_change_rate_ts_top20==1&reg_atr_change_rate_ts_top30==0,0.27054087320963544,0.27054087320963544,0.012278289141472701,0.16378221909205118,0.04960493827160494,0.004345117808880777,1.0,1.0,0.5057339449541285,605,,,0.002861891697550221,-0.006380393648339745,-0.0024075316486659136,0.009469465370332119,,0.3333333333333333,,,,0.1987676516036483,,-0.36362139917695474,0.020383762835352315,0.26265694039971793,-0.0004560876536372875,6.6443927126481155,-inf,-inf,9.511597379972566e-05,0.2704457572358357,3,1,1,4,4,stage_a_context,,long,4-way,True,,production,,,0.02247996595339467,-inf,primary_target,0,ranking,rejected,"{""checks"": {""n_folds"": {""value"": 3, ""threshold"": 3, ""passed"": true}, ""presence_freq"": {""value"": 1.0, ""threshold"": 0.75, ""passed"": true}, ""directional_mean_ret"": {""value"": 0.27054087320963544, ""threshold"": 0.0, ""passed"": true}, ""hurdle_excess"": {""value"": 0.2704457572358357, ""threshold"": 0.0, ""passed"": true}, ""min_support_actual"": {""value"": 605, ""threshold"": 50, ""passed"": true}, ""is_structurally_sound"": {""value"": false, ""passed"": false}, ""trade_path_quality_score"": {""value"": -0.0004560876536372875, ""threshold"": 0.0, ""passed"": false}}, ""failures"": [""structural_soundness_fail: "", ""trade_path_quality_score=-0.000456 < 0.000000""], ""warnings"": [], ""classification"": ""rejected""}"
(*)|(loc_dist_ema20_atr_ts_band25_75==0&loc_dist_ema20_atr_ts_bot80==1)|(reg_atr_change_rate_ts_top30==1&reg_ema20_gt_ema50_raw==0),*,loc_dist_ema20_atr_ts_band25_75==0&loc_dist_ema20_atr_ts_bot80==1,reg_atr_change_rate_ts_top30==1&reg_ema20_gt_ema50_raw==0,0.1516115963459015,0.1516115963459015,0.0070127397775650024,0.10538330301642418,0.006790123456790124,0.001665523155954573,1.0,1.0,0.7560975609756098,65,,,-0.03166845938178916,-0.03695334622673886,-0.03166845938178916,-0.026383572536839463,,0.0,,,,-0.2033515037631621,,,,0.03623904116624627,5.224838291176923e-06,4.089630300771053,-inf,-inf,0.00010257621742112485,0.15150902012848036,3,1,1,4,4,stage_a_context,,long,4-way,True,,production,,,,-inf,primary_target,0,ranking,research,"{""checks"": {""n_folds"": {""value"": 3, ""threshold"": 3, ""passed"": true}, ""presence_freq"": {""value"": 1.0, ""threshold"": 0.75, ""passed"": true}, ""directional_mean_ret"": {""value"": 0.1516115963459015, ""threshold"": 0.0, ""passed"": true}, ""hurdle_excess"": {""value"": 0.15150902012848036, ""threshold"": 0.0, ""passed"": true}, ""min_support_actual"": {""value"": 65, ""threshold"": 50, ""passed"": true}, ""is_structurally_sound"": {""value"": false, ""passed"": false}, ""trade_path_quality_score"": {""value"": 5.224838291176923e-06, ""threshold"": 0.0, ""passed"": true}}, ""failures"": [""structural_soundness_fail: ""], ""warnings"": [], ""classification"": ""research""}"
(*)|(loc_dist_ema20_atr_ts_band25_75==0&loc_dist_ema20_atr_ts_bot80==1)|(reg_atr_change_rate_ts_top30==1&reg_ema20_gt_ema50_raw==1),*,loc_dist_ema20_atr_ts_band25_75==0&loc_dist_ema20_atr_ts_bot80==1,reg_atr_change_rate_ts_top30==1&reg_ema20_gt_ema50_raw==1,0.26404133935769397,0.26404133935769397,0.014723705940058052,0.15525070329507193,0.04451851851851851,0.0022402560438940767,1.0,1.0,0.5185589519650655,559,,,-0.0026374332935522548,-0.0068323131352377815,0.005480278836852798,0.0056163026133358,,0.6666666666666666,,,,-0.25636893433395286,,0.08382344312482959,0.07747584647905553,0.030074388428036943,-0.0009634529765609587,7.246707358410672,-inf,-inf,9.582954197530866e-05,0.2639455098157187,3,1,1,4,4,stage_a_context,,long,4-way,True,,production,,,0.07316216014669578,-inf,primary_target,0,ranking,rejected,"{""checks"": {""n_folds"": {""value"": 3, ""threshold"": 3, ""passed"": true}, ""presence_freq"": {""value"": 1.0, ""threshold"": 0.75, ""passed"": true}, ""directional_mean_ret"": {""value"": 0.26404133935769397, ""threshold"": 0.0, ""passed"": true}, ""hurdle_excess"": {""value"": 0.2639455098157187, ""threshold"": 0.0, ""passed"": true}, ""min_support_actual"": {""value"": 559, ""threshold"": 50, ""passed"": true}, ""is_structurally_sound"": {""value"": false, ""passed"": false}, ""trade_path_quality_score"": {""value"": -0.0009634529765609587, ""threshold"": 0.0, ""passed"": false}}, ""failures"": [""structural_soundness_fail: "", ""trade_path_quality_score=-0.000963 < 0.000000""], ""warnings"": [], ""classification"": ""rejected""}"
(*)|(loc_dist_ema20_atr_ts_band25_75==0&loc_dist_ema20_atr_ts_top20==1&loc_dist_ema20_atr_ts_top80==0)|(reg_ema20_gt_ema50_raw==1),*,loc_dist_ema20_atr_ts_band25_75==0&loc_dist_ema20_atr_ts_top20==1&loc_dist_ema20_atr_ts_top80==0,reg_ema20_gt_ema50_raw==1,0.26404133935769397,0.26404133935769397,0.014723705940058052,0.15525070329507193,0.04451851851851851,0.0022402560438940767,1.0,1.0,0.5185589519650655,559,,,-0.0026374332935522548,-0.0068323131352377815,0.005480278836852798,0.0056163026133358,,0.6666666666666666,,,,-0.25636893433395286,,0.08382344312482959,0.07747584647905553,0.030074388428036943,-0.0009634529765609587,7.246707358410672,-inf,-inf,9.582954197530866e-05,0.2639455098157187,3,1,1,4,4,stage_a_context,,long,4-way,True,,production,,,0.07316216014669578,-inf,primary_target,0,ranking,rejected,"{""checks"": {""n_folds"": {""value"": 3, ""threshold"": 3, ""passed"": true}, ""presence_freq"": {""value"": 1.0, ""threshold"": 0.75, ""passed"": true}, ""directional_mean_ret"": {""value"": 0.26404133935769397, ""threshold"": 0.0, ""passed"": true}, ""hurdle_excess"": {""value"": 0.2639455098157187, ""threshold"": 0.0, ""passed"": true}, ""min_support_actual"": {""value"": 559, ""threshold"": 50, ""passed"": true}, ""is_structurally_sound"": {""value"": false, ""passed"": false}, ""trade_path_quality_score"": {""value"": -0.0009634529765609587, ""threshold"": 0.0, ""passed"": false}}, ""failures"": [""structural_soundness_fail: "", ""trade_path_quality_score=-0.000963 < 0.000000""], ""warnings"": [], ""classification"": ""rejected""}"
(*)|(loc_dist_ema20_atr_ts_band25_75==0&loc_dist_ema20_atr_ts_top20==1)|(reg_atr_change_rate_ts_bot30==0&reg_ema20_gt_ema50_raw==0),*,loc_dist_ema20_atr_ts_band25_75==0&loc_dist_ema20_atr_ts_top20==1,reg_atr_change_rate_ts_bot30==0&reg_ema20_gt_ema50_raw==0,0.2184089869260788,0.2184089869260788,0.05534145345953937,0.13799441109100977,0.02619753086419753,0.010511270904802196,1.0,1.0,0.954248366013072,228,,,-0.015011737238000701,-0.022512384837249315,-0.021098685691889763,-0.010554563865696621,,0.0,0.6584234911543365,,1.0,0.37254080031744086,0.5907489871096224,1.6534378271549086,0.1545921036025758,0.5330864033315512,0.0017025134873196826,1.4518089678325832,-inf,-inf,9.878573511659808e-05,0.2183102011909622,3,1,1,4,4,stage_a_context,,long,4-way,True,,production,0.6584234911543365,0.5907489871096224,-0.019783687829160734,-inf,primary_target,0,ranking,research,"{""checks"": {""n_folds"": {""value"": 3, ""threshold"": 3, ""passed"": true}, ""presence_freq"": {""value"": 1.0, ""threshold"": 0.75, ""passed"": true}, ""directional_mean_ret"": {""value"": 0.2184089869260788, ""threshold"": 0.0, ""passed"": true}, ""hurdle_excess"": {""value"": 0.2183102011909622, ""threshold"": 0.0, ""passed"": true}, ""min_support_actual"": {""value"": 228, ""threshold"": 50, ""passed"": true}, ""is_structurally_sound"": {""value"": false, ""passed"": false}, ""trade_path_quality_score"": {""value"": 0.0017025134873196826, ""threshold"": 0.0, ""passed"": true}}, ""failures"": [""structural_soundness_fail: ""], ""warnings"": [], ""classification"": ""research""}"
(*)|(loc_dist_ema20_atr_ts_band25_75==0&loc_dist_ema20_atr_ts_top20==1)|(reg_atr_change_rate_ts_bot30==1&reg_ema20_gt_ema50_raw==0),*,loc_dist_ema20_atr_ts_band25_75==0&loc_dist_ema20_atr_ts_top20==1,reg_atr_change_rate_ts_bot30==1&reg_ema20_gt_ema50_raw==0,0.27054087320963544,0.27054087320963544,0.012278289141472701,0.16378221909205118,0.04960493827160494,0.004345117808880777,1.0,1.0,0.5057339449541285,605,,,0.002861891697550221,-0.006380393648339745,-0.0024075316486659136,0.009469465370332119,,0.3333333333333333,,,,0.1987676516036483,,-0.36362139917695474,0.020383762835352315,0.26265694039971793,-0.0004560876536372875,6.6443927126481155,-inf,-inf,9.511597379972566e-05,0.2704457572358357,3,1,1,4,4,stage_a_context,,long,4-way,True,,production,,,0.02247996595339467,-inf,primary_target,0,ranking,rejected,"{""checks"": {""n_folds"": {""value"": 3, ""threshold"": 3, ""passed"": true}, ""presence_freq"": {""value"": 1.0, ""threshold"": 0.75, ""passed"": true}, ""directional_mean_ret"": {""value"": 0.27054087320963544, ""threshold"": 0.0, ""passed"": true}, ""hurdle_excess"": {""value"": 0.2704457572358357, ""threshold"": 0.0, ""passed"": true}, ""min_support_actual"": {""value"": 605, ""threshold"": 50, ""passed"": true}, ""is_structurally_sound"": {""value"": false, ""passed"": false}, ""trade_path_quality_score"": {""value"": -0.0004560876536372875, ""threshold"": 0.0, ""passed"": false}}, ""failures"": [""structural_soundness_fail: "", ""trade_path_quality_score=-0.000456 < 0.000000""], ""warnings"": [], ""classification"": ""rejected""}"
(*)|(loc_dist_ema20_atr_ts_band25_75==0&loc_dist_ema20_atr_ts_top20==1)|(reg_atr_change_rate_ts_top30==0&reg_atr_change_rate_ts_top80==0),*,loc_dist_ema20_atr_ts_band25_75==0&loc_dist_ema20_atr_ts_top20==1,reg_atr_change_rate_ts_top30==0&reg_atr_change_rate_ts_top80==0,0.27054087320963544,0.27054087320963544,0.012278289141472701,0.16378221909205118,0.04960493827160494,0.004345117808880777,1.0,1.0,0.5057339449541285,605,,,0.002861891697550221,-0.006380393648339745,-0.0024075316486659136,0.009469465370332119,,0.3333333333333333,,,,0.1987676516036483,,-0.36362139917695474,0.020383762835352315,0.26265694039971793,-0.0004560876536372875,6.6443927126481155,-inf,-inf,9.511597379972566e-05,0.2704457572358357,3,1,1,4,4,stage_a_context,,long,4-way,True,,production,,,0.02247996595339467,-inf,primary_target,0,ranking,rejected,"{""checks"": {""n_folds"": {""value"": 3, ""threshold"": 3, ""passed"": true}, ""presence_freq"": {""value"": 1.0, ""threshold"": 0.75, ""passed"": true}, ""directional_mean_ret"": {""value"": 0.27054087320963544, ""threshold"": 0.0, ""passed"": true}, ""hurdle_excess"": {""value"": 0.2704457572358357, ""threshold"": 0.0, ""passed"": true}, ""min_support_actual"": {""value"": 605, ""threshold"": 50, ""passed"": true}, ""is_structurally_sound"": {""value"": false, ""passed"": false}, ""trade_path_quality_score"": {""value"": -0.0004560876536372875, ""threshold"": 0.0, ""passed"": false}}, ""failures"": [""structural_soundness_fail: "", ""trade_path_quality_score=-0.000456 < 0.000000""], ""warnings"": [], ""classification"": ""rejected""}"
(*)|(loc_dist_ema20_atr_ts_band25_75==0&loc_dist_ema20_atr_ts_top70==0&loc_dist_ema50_atr_ts_band20_80==1)|(reg_atr_change_rate_ts_bot30==1&reg_ema20_gt_ema50_raw==0),*,loc_dist_ema20_atr_ts_band25_75==0&loc_dist_ema20_atr_ts_top70==0&loc_dist_ema50_atr_ts_band20_80==1,reg_atr_change_rate_ts_bot30==1&reg_ema20_gt_ema50_raw==0,0.27054087320963544,0.27054087320963544,0.012278289141472701,0.16378221909205118,0.04960493827160494,0.004345117808880777,1.0,1.0,0.5057339449541285,605,,,0.002861891697550221,-0.006380393648339745,-0.0024075316486659136,0.009469465370332119,,0.3333333333333333,,,,0.1987676516036483,,-0.36362139917695474,0.020383762835352315,0.26265694039971793,-0.0004560876536372875,6.6443927126481155,-inf,-inf,9.511597379972566e-05,0.2704457572358357,3,1,1,5,5,stage_a_context,,long,5-way,True,,production,,,0.02247996595339467,-inf,primary_target,0,ranking,rejected,"{""checks"": {""n_folds"": {""value"": 3, ""threshold"": 3, ""passed"": true}, ""presence_freq"": {""value"": 1.0, ""threshold"": 0.75, ""passed"": true}, ""directional_mean_ret"": {""value"": 0.27054087320963544, ""threshold"": 0.0, ""passed"": true}, ""hurdle_excess"": {""value"": 0.2704457572358357, ""threshold"": 0.0, ""passed"": true}, ""min_support_actual"": {""value"": 605, ""threshold"": 50, ""passed"": true}, ""is_structurally_sound"": {""value"": false, ""passed"": false}, ""trade_path_quality_score"": {""value"": -0.0004560876536372875, ""threshold"": 0.0, ""passed"": false}}, ""failures"": [""structural_soundness_fail: "", ""trade_path_quality_score=-0.000456 < 0.000000""], ""warnings"": [], ""classification"": ""rejected""}"
(*)|(loc_dist_ema20_atr_ts_band25_75==0&loc_dist_ema20_atr_ts_top70==0)|(reg_atr_change_rate_ts_band20_80==1&reg_atr_change_rate_ts_band40_60==0&reg_ema50_gt_ema200_raw==0),*,loc_dist_ema20_atr_ts_band25_75==0&loc_dist_ema20_atr_ts_top70==0,reg_atr_change_rate_ts_band20_80==1&reg_atr_change_rate_ts_band40_60==0&reg_ema50_gt_ema200_raw==0,0.27054087320963544,0.27054087320963544,0.012278289141472701,0.16378221909205118,0.04960493827160494,0.004345117808880777,1.0,1.0,0.5057339449541285,605,,,0.002861891697550221,-0.006380393648339745,-0.0024075316486659136,0.009469465370332119,,0.3333333333333333,,,,0.1987676516036483,,-0.36362139917695474,0.020383762835352315,0.26265694039971793,-0.0004560876536372875,6.6443927126481155,-inf,-inf,9.511597379972566e-05,0.2704457572358357,3,1,1,5,5,stage_a_context,,long,5-way,True,,production,,,0.02247996595339467,-inf,primary_target,0,ranking,rejected,"{""checks"": {""n_folds"": {""value"": 3, ""threshold"": 3, ""passed"": true}, ""presence_freq"": {""value"": 1.0, ""threshold"": 0.75, ""passed"": true}, ""directional_mean_ret"": {""value"": 0.27054087320963544, ""threshold"": 0.0, ""passed"": true}, ""hurdle_excess"": {""value"": 0.2704457572358357, ""threshold"": 0.0, ""passed"": true}, ""min_support_actual"": {""value"": 605, ""threshold"": 50, ""passed"": true}, ""is_structurally_sound"": {""value"": false, ""passed"": false}, ""trade_path_quality_score"": {""value"": -0.0004560876536372875, ""threshold"": 0.0, ""passed"": false}}, ""failures"": [""structural_soundness_fail: "", ""trade_path_quality_score=-0.000456 < 0.000000""], ""warnings"": [], ""classification"": ""rejected""}"
(*)|(loc_dist_ema20_atr_ts_band25_75==0&loc_dist_ema20_atr_ts_top70==0)|(reg_atr_change_rate_ts_band20_80==1&reg_atr_change_rate_ts_top30==0&reg_ema20_gt_ema50_raw==0),*,loc_dist_ema20_atr_ts_band25_75==0&loc_dist_ema20_atr_ts_top70==0,reg_atr_change_rate_ts_band20_80==1&reg_atr_change_rate_ts_top30==0&reg_ema20_gt_ema50_raw==0,0.27054087320963544,0.27054087320963544,0.012278289141472701,0.16378221909205118,0.04960493827160494,0.004345117808880777,1.0,1.0,0.5057339449541285,605,,,0.002861891697550221,-0.006380393648339745,-0.0024075316486659136,0.009469465370332119,,0.3333333333333333,,,,0.1987676516036483,,-0.36362139917695474,0.020383762835352315,0.26265694039971793,-0.0004560876536372875,6.6443927126481155,-inf,-inf,9.511597379972566e-05,0.2704457572358357,3,1,1,5,5,stage_a_context,,long,5-way,True,,production,,,0.02247996595339467,-inf,primary_target,0,ranking,rejected,"{""checks"": {""n_folds"": {""value"": 3, ""threshold"": 3, ""passed"": true}, ""presence_freq"": {""value"": 1.0, ""threshold"": 0.75, ""passed"": true}, ""directional_mean_ret"": {""value"": 0.27054087320963544, ""threshold"": 0.0, ""passed"": true}, ""hurdle_excess"": {""value"": 0.2704457572358357, ""threshold"": 0.0, ""passed"": true}, ""min_support_actual"": {""value"": 605, ""threshold"": 50, ""passed"": true}, ""is_structurally_sound"": {""value"": false, ""passed"": false}, ""trade_path_quality_score"": {""value"": -0.0004560876536372875, ""threshold"": 0.0, ""passed"": false}}, ""failures"": [""structural_soundness_fail: "", ""trade_path_quality_score=-0.000456 < 0.000000""], ""warnings"": [], ""classification"": ""rejected""}"
(*)|(loc_dist_ema20_atr_ts_band25_75==0&loc_dist_ema20_atr_ts_top70==0)|(reg_atr_change_rate_ts_band20_80==1&reg_ema50_gt_ema200_raw==0),*,loc_dist_ema20_atr_ts_band25_75==0&loc_dist_ema20_atr_ts_top70==0,reg_atr_change_rate_ts_band20_80==1&reg_ema50_gt_ema200_raw==0,0.27054087320963544,0.27054087320963544,0.012278289141472701,0.16378221909205118,0.04960493827160494,0.004345117808880777,1.0,1.0,0.5057339449541285,605,,,0.002861891697550221,-0.006380393648339745,-0.0024075316486659136,0.009469465370332119,,0.3333333333333333,,,,0.1987676516036483,,-0.36362139917695474,0.020383762835352315,0.26265694039971793,-0.0004560876536372875,6.6443927126481155,-inf,-inf,9.511597379972566e-05,0.2704457572358357,3,1,1,4,4,stage_a_context,,long,4-way,True,,production,,,0.02247996595339467,-inf,primary_target,0,ranking,rejected,"{""checks"": {""n_folds"": {""value"": 3, ""threshold"": 3, ""passed"": true}, ""presence_freq"": {""value"": 1.0, ""threshold"": 0.75, ""passed"": true}, ""directional_mean_ret"": {""value"": 0.27054087320963544, ""threshold"": 0.0, ""passed"": true}, ""hurdle_excess"": {""value"": 0.2704457572358357, ""threshold"": 0.0, ""passed"": true}, ""min_support_actual"": {""value"": 605, ""threshold"": 50, ""passed"": true}, ""is_structurally_sound"": {""value"": false, ""passed"": false}, ""trade_path_quality_score"": {""value"": -0.0004560876536372875, ""threshold"": 0.0, ""passed"": false}}, ""failures"": [""structural_soundness_fail: "", ""trade_path_quality_score=-0.000456 < 0.000000""], ""warnings"": [], ""classification"": ""rejected""}"
(*)|(loc_dist_ema20_atr_ts_band25_75==0&loc_dist_ema20_atr_ts_top70==1&loc_dist_ema50_atr_ts_band20_80==1)|(reg_ema20_gt_ema50_raw==0),*,loc_dist_ema20_atr_ts_band25_75==0&loc_dist_ema20_atr_ts_top70==1&loc_dist_ema50_atr_ts_band20_80==1,reg_ema20_gt_ema50_raw==0,0.1516115963459015,0.1516115963459015,0.0070127397775650024,0.10538330301642418,0.006790123456790124,0.001665523155954573,1.0,1.0,0.7560975609756098,65,,,-0.03166845938178916,-0.03695334622673886,-0.03166845938178916,-0.026383572536839463,,0.0,,,,-0.2033515037631621,,,,0.03623904116624627,5.224838291176923e-06,4.089630300771053,-inf,-inf,0.00010257621742112485,0.15150902012848036,3,1,1,4,4,stage_a_context,,long,4-way,True,,production,,,,-inf,primary_target,0,ranking,research,"{""checks"": {""n_folds"": {""value"": 3, ""threshold"": 3, ""passed"": true}, ""presence_freq"": {""value"": 1.0, ""threshold"": 0.75, ""passed"": true}, ""directional_mean_ret"": {""value"": 0.1516115963459015, ""threshold"": 0.0, ""passed"": true}, ""hurdle_excess"": {""value"": 0.15150902012848036, ""threshold"": 0.0, ""passed"": true}, ""min_support_actual"": {""value"": 65, ""threshold"": 50, ""passed"": true}, ""is_structurally_sound"": {""value"": false, ""passed"": false}, ""trade_path_quality_score"": {""value"": 5.224838291176923e-06, ""threshold"": 0.0, ""passed"": true}}, ""failures"": [""structural_soundness_fail: ""], ""warnings"": [], ""classification"": ""research""}"
(*)|(loc_dist_ema20_atr_ts_band25_75==0&loc_dist_ema20_atr_ts_top70==1)|(reg_atr_change_rate_ts_band20_80==1&reg_atr_change_rate_ts_band40_60==0&reg_ema50_gt_ema200_raw==0),*,loc_dist_ema20_atr_ts_band25_75==0&loc_dist_ema20_atr_ts_top70==1,reg_atr_change_rate_ts_band20_80==1&reg_atr_change_rate_ts_band40_60==0&reg_ema50_gt_ema200_raw==0,0.1516115963459015,0.1516115963459015,0.0070127397775650024,0.10538330301642418,0.006790123456790124,0.001665523155954573,1.0,1.0,0.7560975609756098,65,,,-0.03166845938178916,-0.03695334622673886,-0.03166845938178916,-0.026383572536839463,,0.0,,,,-0.2033515037631621,,,,0.03623904116624627,5.224838291176923e-06,4.089630300771053,-inf,-inf,0.00010257621742112485,0.15150902012848036,3,1,1,5,5,stage_a_context,,long,5-way,True,,production,,,,-inf,primary_target,0,ranking,research,"{""checks"": {""n_folds"": {""value"": 3, ""threshold"": 3, ""passed"": true}, ""presence_freq"": {""value"": 1.0, ""threshold"": 0.75, ""passed"": true}, ""directional_mean_ret"": {""value"": 0.1516115963459015, ""threshold"": 0.0, ""passed"": true}, ""hurdle_excess"": {""value"": 0.15150902012848036, ""threshold"": 0.0, ""passed"": true}, ""min_support_actual"": {""value"": 65, ""threshold"": 50, ""passed"": true}, ""is_structurally_sound"": {""value"": false, ""passed"": false}, ""trade_path_quality_score"": {""value"": 5.224838291176923e-06, ""threshold"": 0.0, ""passed"": true}}, ""failures"": [""structural_soundness_fail: ""], ""warnings"": [], ""classification"": ""research""}"
(*)|(loc_dist_ema20_atr_ts_band25_75==0&loc_dist_ema20_atr_ts_top70==1)|(reg_atr_change_rate_ts_band20_80==1&reg_atr_change_rate_ts_band40_60==0&reg_ema50_gt_ema200_raw==1),*,loc_dist_ema20_atr_ts_band25_75==0&loc_dist_ema20_atr_ts_top70==1,reg_atr_change_rate_ts_band20_80==1&reg_atr_change_rate_ts_band40_60==0&reg_ema50_gt_ema200_raw==1,0.26404133935769397,0.26404133935769397,0.014723705940058052,0.15525070329507193,0.04451851851851851,0.0022402560438940767,1.0,1.0,0.5185589519650655,559,,,-0.0026374332935522548,-0.0068323131352377815,0.005480278836852798,0.0056163026133358,,0.6666666666666666,,,,-0.25636893433395286,,0.08382344312482959,0.07747584647905553,0.030074388428036943,-0.0009634529765609587,7.246707358410672,-inf,-inf,9.582954197530866e-05,0.2639455098157187,3,1,1,5,5,stage_a_context,,long,5-way,True,,production,,,0.07316216014669578,-inf,primary_target,0,ranking,rejected,"{""checks"": {""n_folds"": {""value"": 3, ""threshold"": 3, ""passed"": true}, ""presence_freq"": {""value"": 1.0, ""threshold"": 0.75, ""passed"": true}, ""directional_mean_ret"": {""value"": 0.26404133935769397, ""threshold"": 0.0, ""passed"": true}, ""hurdle_excess"": {""value"": 0.2639455098157187, ""threshold"": 0.0, ""passed"": true}, ""min_support_actual"": {""value"": 559, ""threshold"": 50, ""passed"": true}, ""is_structurally_sound"": {""value"": false, ""passed"": false}, ""trade_path_quality_score"": {""value"": -0.0009634529765609587, ""threshold"": 0.0, ""passed"": false}}, ""failures"": [""structural_soundness_fail: "", ""trade_path_quality_score=-0.000963 < 0.000000""], ""warnings"": [], ""classification"": ""rejected""}"
(*)|(loc_dist_ema20_atr_ts_band25_75==0&loc_dist_ema20_atr_ts_top70==1)|(reg_atr_change_rate_ts_band20_80==1&reg_atr_change_rate_ts_bot40==0&reg_ema20_gt_ema50_raw==0),*,loc_dist_ema20_atr_ts_band25_75==0&loc_dist_ema20_atr_ts_top70==1,reg_atr_change_rate_ts_band20_80==1&reg_atr_change_rate_ts_bot40==0&reg_ema20_gt_ema50_raw==0,0.1516115963459015,0.1516115963459015,0.0070127397775650024,0.10538330301642418,0.006790123456790124,0.001665523155954573,1.0,1.0,0.7560975609756098,65,,,-0.03166845938178916,-0.03695334622673886,-0.03166845938178916,-0.026383572536839463,,0.0,,,,-0.2033515037631621,,,,0.03623904116624627,5.224838291176923e-06,4.089630300771053,-inf,-inf,0.00010257621742112485,0.15150902012848036,3,1,1,5,5,stage_a_context,,long,5-way,True,,production,,,,-inf,primary_target,0,ranking,research,"{""checks"": {""n_folds"": {""value"": 3, ""threshold"": 3, ""passed"": true}, ""presence_freq"": {""value"": 1.0, ""threshold"": 0.75, ""passed"": true}, ""directional_mean_ret"": {""value"": 0.1516115963459015, ""threshold"": 0.0, ""passed"": true}, ""hurdle_excess"": {""value"": 0.15150902012848036, ""threshold"": 0.0, ""passed"": true}, ""min_support_actual"": {""value"": 65, ""threshold"": 50, ""passed"": true}, ""is_structurally_sound"": {""value"": false, ""passed"": false}, ""trade_path_quality_score"": {""value"": 5.224838291176923e-06, ""threshold"": 0.0, ""passed"": true}}, ""failures"": [""structural_soundness_fail: ""], ""warnings"": [], ""classification"": ""research""}"
(*)|(loc_dist_ema20_atr_ts_band25_75==0&loc_dist_ema20_atr_ts_top70==1)|(reg_atr_change_rate_ts_band20_80==1&reg_ema20_gt_ema50_raw==0),*,loc_dist_ema20_atr_ts_band25_75==0&loc_dist_ema20_atr_ts_top70==1,reg_atr_change_rate_ts_band20_80==1&reg_ema20_gt_ema50_raw==0,0.1516115963459015,0.1516115963459015,0.0070127397775650024,0.10538330301642418,0.006790123456790124,0.001665523155954573,1.0,1.0,0.7560975609756098,65,,,-0.03166845938178916,-0.03695334622673886,-0.03166845938178916,-0.026383572536839463,,0.0,,,,-0.2033515037631621,,,,0.03623904116624627,5.224838291176923e-06,4.089630300771053,-inf,-inf,0.00010257621742112485,0.15150902012848036,3,1,1,4,4,stage_a_context,,long,4-way,True,,production,,,,-inf,primary_target,0,ranking,research,"{""checks"": {""n_folds"": {""value"": 3, ""threshold"": 3, ""passed"": true}, ""presence_freq"": {""value"": 1.0, ""threshold"": 0.75, ""passed"": true}, ""directional_mean_ret"": {""value"": 0.1516115963459015, ""threshold"": 0.0, ""passed"": true}, ""hurdle_excess"": {""value"": 0.15150902012848036, ""threshold"": 0.0, ""passed"": true}, ""min_support_actual"": {""value"": 65, ""threshold"": 50, ""passed"": true}, ""is_structurally_sound"": {""value"": false, ""passed"": false}, ""trade_path_quality_score"": {""value"": 5.224838291176923e-06, ""threshold"": 0.0, ""passed"": true}}, ""failures"": [""structural_soundness_fail: ""], ""warnings"": [], ""classification"": ""research""}"
(*)|(loc_dist_ema20_atr_ts_band25_75==0&loc_dist_ema20_atr_ts_top70==1)|(reg_atr_change_rate_ts_band20_80==1&reg_ema20_gt_ema50_raw==1),*,loc_dist_ema20_atr_ts_band25_75==0&loc_dist_ema20_atr_ts_top70==1,reg_atr_change_rate_ts_band20_80==1&reg_ema20_gt_ema50_raw==1,0.26404133935769397,0.26404133935769397,0.014723705940058052,0.15525070329507193,0.04451851851851851,0.0022402560438940767,1.0,1.0,0.5185589519650655,559,,,-0.0026374332935522548,-0.0068323131352377815,0.005480278836852798,0.0056163026133358,,0.6666666666666666,,,,-0.25636893433395286,,0.08382344312482959,0.07747584647905553,0.030074388428036943,-0.0009634529765609587,7.246707358410672,-inf,-inf,9.582954197530866e-05,0.2639455098157187,3,1,1,4,4,stage_a_context,,long,4-way,True,,production,,,0.07316216014669578,-inf,primary_target,0,ranking,rejected,"{""checks"": {""n_folds"": {""value"": 3, ""threshold"": 3, ""passed"": true}, ""presence_freq"": {""value"": 1.0, ""threshold"": 0.75, ""passed"": true}, ""directional_mean_ret"": {""value"": 0.26404133935769397, ""threshold"": 0.0, ""passed"": true}, ""hurdle_excess"": {""value"": 0.2639455098157187, ""threshold"": 0.0, ""passed"": true}, ""min_support_actual"": {""value"": 559, ""threshold"": 50, ""passed"": true}, ""is_structurally_sound"": {""value"": false, ""passed"": false}, ""trade_path_quality_score"": {""value"": -0.0009634529765609587, ""threshold"": 0.0, ""passed"": false}}, ""failures"": [""structural_soundness_fail: "", ""trade_path_quality_score=-0.000963 < 0.000000""], ""warnings"": [], ""classification"": ""rejected""}"
(*)|(loc_dist_ema20_atr_ts_band25_75==0&loc_dist_ema20_atr_ts_top70==1)|(reg_atr_change_rate_ts_band20_80==1&reg_ema50_gt_ema200_raw==0),*,loc_dist_ema20_atr_ts_band25_75==0&loc_dist_ema20_atr_ts_top70==1,reg_atr_change_rate_ts_band20_80==1&reg_ema50_gt_ema200_raw==0,0.1516115963459015,0.1516115963459015,0.0070127397775650024,0.10538330301642418,0.006790123456790124,0.001665523155954573,1.0,1.0,0.7560975609756098,65,,,-0.03166845938178916,-0.03695334622673886,-0.03166845938178916,-0.026383572536839463,,0.0,,,,-0.2033515037631621,,,,0.03623904116624627,5.224838291176923e-06,4.089630300771053,-inf,-inf,0.00010257621742112485,0.15150902012848036,3,1,1,4,4,stage_a_context,,long,4-way,True,,production,,,,-inf,primary_target,0,ranking,research,"{""checks"": {""n_folds"": {""value"": 3, ""threshold"": 3, ""passed"": true}, ""presence_freq"": {""value"": 1.0, ""threshold"": 0.75, ""passed"": true}, ""directional_mean_ret"": {""value"": 0.1516115963459015, ""threshold"": 0.0, ""passed"": true}, ""hurdle_excess"": {""value"": 0.15150902012848036, ""threshold"": 0.0, ""passed"": true}, ""min_support_actual"": {""value"": 65, ""threshold"": 50, ""passed"": true}, ""is_structurally_sound"": {""value"": false, ""passed"": false}, ""trade_path_quality_score"": {""value"": 5.224838291176923e-06, ""threshold"": 0.0, ""passed"": true}}, ""failures"": [""structural_soundness_fail: ""], ""warnings"": [], ""classification"": ""research""}"
(*)|(loc_dist_ema20_atr_ts_band25_75==0&loc_dist_ema20_atr_ts_top70==1)|(reg_atr_change_rate_ts_band20_80==1&reg_ema50_gt_ema200_raw==1),*,loc_dist_ema20_atr_ts_band25_75==0&loc_dist_ema20_atr_ts_top70==1,reg_atr_change_rate_ts_band20_80==1&reg_ema50_gt_ema200_raw==1,0.26404133935769397,0.26404133935769397,0.014723705940058052,0.15525070329507193,0.04451851851851851,0.0022402560438940767,1.0,1.0,0.5185589519650655,559,,,-0.0026374332935522548,-0.0068323131352377815,0.005480278836852798,0.0056163026133358,,0.6666666666666666,,,,-0.25636893433395286,,0.08382344312482959,0.07747584647905553,0.030074388428036943,-0.0009634529765609587,7.246707358410672,-inf,-inf,9.582954197530866e-05,0.2639455098157187,3,1,1,4,4,stage_a_context,,long,4-way,True,,production,,,0.07316216014669578,-inf,primary_target,0,ranking,rejected,"{""checks"": {""n_folds"": {""value"": 3, ""threshold"": 3, ""passed"": true}, ""presence_freq"": {""value"": 1.0, ""threshold"": 0.75, ""passed"": true}, ""directional_mean_ret"": {""value"": 0.26404133935769397, ""threshold"": 0.0, ""passed"": true}, ""hurdle_excess"": {""value"": 0.2639455098157187, ""threshold"": 0.0, ""passed"": true}, ""min_support_actual"": {""value"": 559, ""threshold"": 50, ""passed"": true}, ""is_structurally_sound"": {""value"": false, ""passed"": false}, ""trade_path_quality_score"": {""value"": -0.0009634529765609587, ""threshold"": 0.0, ""passed"": false}}, ""failures"": [""structural_soundness_fail: "", ""trade_path_quality_score=-0.000963 < 0.000000""], ""warnings"": [], ""classification"": ""rejected""}"
(*)|(loc_dist_ema20_atr_ts_band25_75==0&loc_dist_ema20_atr_ts_top80==0)|(reg_atr_change_rate_ts_top20==1&reg_atr_change_rate_ts_top30==0&reg_ema50_gt_ema200_raw==0),*,loc_dist_ema20_atr_ts_band25_75==0&loc_dist_ema20_atr_ts_top80==0,reg_atr_change_rate_ts_top20==1&reg_atr_change_rate_ts_top30==0&reg_ema50_gt_ema200_raw==0,0.27054087320963544,0.27054087320963544,0.012278289141472701,0.16378221909205118,0.04960493827160494,0.004345117808880777,1.0,1.0,0.5057339449541285,605,,,0.002861891697550221,-0.006380393648339745,-0.0024075316486659136,0.009469465370332119,,0.3333333333333333,,,,0.1987676516036483,,-0.36362139917695474,0.020383762835352315,0.26265694039971793,-0.0004560876536372875,6.6443927126481155,-inf,-inf,9.511597379972566e-05,0.2704457572358357,3,1,1,5,5,stage_a_context,,long,5-way,True,,production,,,0.02247996595339467,-inf,primary_target,0,ranking,rejected,"{""checks"": {""n_folds"": {""value"": 3, ""threshold"": 3, ""passed"": true}, ""presence_freq"": {""value"": 1.0, ""threshold"": 0.75, ""passed"": true}, ""directional_mean_ret"": {""value"": 0.27054087320963544, ""threshold"": 0.0, ""passed"": true}, ""hurdle_excess"": {""value"": 0.2704457572358357, ""threshold"": 0.0, ""passed"": true}, ""min_support_actual"": {""value"": 605, ""threshold"": 50, ""passed"": true}, ""is_structurally_sound"": {""value"": false, ""passed"": false}, ""trade_path_quality_score"": {""value"": -0.0004560876536372875, ""threshold"": 0.0, ""passed"": false}}, ""failures"": [""structural_soundness_fail: "", ""trade_path_quality_score=-0.000456 < 0.000000""], ""warnings"": [], ""classification"": ""rejected""}"
(*)|(loc_dist_ema20_atr_ts_band25_75==0&loc_dist_ema20_atr_ts_top80==0)|(reg_atr_change_rate_ts_top20==1&reg_atr_change_rate_ts_top30==1&reg_ema50_gt_ema200_raw==0),*,loc_dist_ema20_atr_ts_band25_75==0&loc_dist_ema20_atr_ts_top80==0,reg_atr_change_rate_ts_top20==1&reg_atr_change_rate_ts_top30==1&reg_ema50_gt_ema200_raw==0,0.1516115963459015,0.1516115963459015,0.0070127397775650024,0.10538330301642418,0.006790123456790124,0.001665523155954573,1.0,1.0,0.7560975609756098,65,,,-0.03166845938178916,-0.03695334622673886,-0.03166845938178916,-0.026383572536839463,,0.0,,,,-0.2033515037631621,,,,0.03623904116624627,5.224838291176923e-06,4.089630300771053,-inf,-inf,0.00010257621742112485,0.15150902012848036,3,1,1,5,5,stage_a_context,,long,5-way,True,,production,,,,-inf,primary_target,0,ranking,research,"{""checks"": {""n_folds"": {""value"": 3, ""threshold"": 3, ""passed"": true}, ""presence_freq"": {""value"": 1.0, ""threshold"": 0.75, ""passed"": true}, ""directional_mean_ret"": {""value"": 0.1516115963459015, ""threshold"": 0.0, ""passed"": true}, ""hurdle_excess"": {""value"": 0.15150902012848036, ""threshold"": 0.0, ""passed"": true}, ""min_support_actual"": {""value"": 65, ""threshold"": 50, ""passed"": true}, ""is_structurally_sound"": {""value"": false, ""passed"": false}, ""trade_path_quality_score"": {""value"": 5.224838291176923e-06, ""threshold"": 0.0, ""passed"": true}}, ""failures"": [""structural_soundness_fail: ""], ""warnings"": [], ""classification"": ""research""}"
(*)|(loc_dist_ema20_atr_ts_band25_75==0&loc_dist_ema20_atr_ts_top80==0)|(reg_atr_change_rate_ts_top20==1&reg_ema50_gt_ema200_raw==1),*,loc_dist_ema20_atr_ts_band25_75==0&loc_dist_ema20_atr_ts_top80==0,reg_atr_change_rate_ts_top20==1&reg_ema50_gt_ema200_raw==1,0.26404133935769397,0.26404133935769397,0.014723705940058052,0.15525070329507193,0.04451851851851851,0.0022402560438940767,1.0,1.0,0.5185589519650655,559,,,-0.0026374332935522548,-0.0068323131352377815,0.005480278836852798,0.0056163026133358,,0.6666666666666666,,,,-0.25636893433395286,,0.08382344312482959,0.07747584647905553,0.030074388428036943,-0.0009634529765609587,7.246707358410672,-inf,-inf,9.582954197530866e-05,0.2639455098157187,3,1,1,4,4,stage_a_context,,long,4-way,True,,production,,,0.07316216014669578,-inf,primary_target,0,ranking,rejected,"{""checks"": {""n_folds"": {""value"": 3, ""threshold"": 3, ""passed"": true}, ""presence_freq"": {""value"": 1.0, ""threshold"": 0.75, ""passed"": true}, ""directional_mean_ret"": {""value"": 0.26404133935769397, ""threshold"": 0.0, ""passed"": true}, ""hurdle_excess"": {""value"": 0.2639455098157187, ""threshold"": 0.0, ""passed"": true}, ""min_support_actual"": {""value"": 559, ""threshold"": 50, ""passed"": true}, ""is_structurally_sound"": {""value"": false, ""passed"": false}, ""trade_path_quality_score"": {""value"": -0.0009634529765609587, ""threshold"": 0.0, ""passed"": false}}, ""failures"": [""structural_soundness_fail: "", ""trade_path_quality_score=-0.000963 < 0.000000""], ""warnings"": [], ""classification"": ""rejected""}"
(*)|(loc_dist_ema20_atr_ts_band25_75==0&loc_dist_ema50_atr_ts_band20_80==1)|(reg_ema20_gt_ema50_raw==1),*,loc_dist_ema20_atr_ts_band25_75==0&loc_dist_ema50_atr_ts_band20_80==1,reg_ema20_gt_ema50_raw==1,0.26404133935769397,0.26404133935769397,0.014723705940058052,0.15525070329507193,0.04451851851851851,0.0022402560438940767,1.0,1.0,0.5185589519650655,559,,,-0.0026374332935522548,-0.0068323131352377815,0.005480278836852798,0.0056163026133358,,0.6666666666666666,,,,-0.25636893433395286,,0.08382344312482959,0.07747584647905553,0.030074388428036943,-0.0009634529765609587,7.246707358410672,-inf,-inf,7.453408820301783e-05,0.26396680526949096,3,1,1,3,3,stage_a_context,,long,3-way,True,,production,,,0.07316216014669578,-inf,primary_target,0,ranking,rejected,"{""checks"": {""n_folds"": {""value"": 3, ""threshold"": 3, ""passed"": true}, ""presence_freq"": {""value"": 1.0, ""threshold"": 0.75, ""passed"": true}, ""directional_mean_ret"": {""value"": 0.26404133935769397, ""threshold"": 0.0, ""passed"": true}, ""hurdle_excess"": {""value"": 0.26396680526949096, ""threshold"": 0.0, ""passed"": true}, ""min_support_actual"": {""value"": 559, ""threshold"": 50, ""passed"": true}, ""is_structurally_sound"": {""value"": false, ""passed"": false}, ""trade_path_quality_score"": {""value"": -0.0009634529765609587, ""threshold"": 0.0, ""passed"": false}}, ""failures"": [""structural_soundness_fail: "", ""trade_path_quality_score=-0.000963 < 0.000000""], ""warnings"": [], ""classification"": ""rejected""}"
(*)|(loc_dist_ema20_atr_ts_band25_75==0)|(reg_atr_change_rate_ts_band20_80==1&reg_atr_change_rate_ts_band40_60==0&reg_atr_change_rate_ts_top30==0),*,loc_dist_ema20_atr_ts_band25_75==0,reg_atr_change_rate_ts_band20_80==1&reg_atr_change_rate_ts_band40_60==0&reg_atr_change_rate_ts_top30==0,0.27054087320963544,0.27054087320963544,0.012278289141472701,0.16378221909205118,0.04960493827160494,0.004345117808880777,1.0,1.0,0.5057339449541285,605,,,0.002861891697550221,-0.006380393648339745,-0.0024075316486659136,0.009469465370332119,,0.3333333333333333,,,,0.1987676516036483,,-0.36362139917695474,0.020383762835352315,0.26265694039971793,-0.0004560876536372875,6.6443927126481155,-inf,-inf,9.511597379972566e-05,0.2704457572358357,3,1,1,4,4,stage_a_context,,long,4-way,True,,production,,,0.02247996595339467,-inf,primary_target,0,ranking,rejected,"{""checks"": {""n_folds"": {""value"": 3, ""threshold"": 3, ""passed"": true}, ""presence_freq"": {""value"": 1.0, ""threshold"": 0.75, ""passed"": true}, ""directional_mean_ret"": {""value"": 0.27054087320963544, ""threshold"": 0.0, ""passed"": true}, ""hurdle_excess"": {""value"": 0.2704457572358357, ""threshold"": 0.0, ""passed"": true}, ""min_support_actual"": {""value"": 605, ""threshold"": 50, ""passed"": true}, ""is_structurally_sound"": {""value"": false, ""passed"": false}, ""trade_path_quality_score"": {""value"": -0.0004560876536372875, ""threshold"": 0.0, ""passed"": false}}, ""failures"": [""structural_soundness_fail: "", ""trade_path_quality_score=-0.000456 < 0.000000""], ""warnings"": [], ""classification"": ""rejected""}"
(*)|(loc_dist_ema20_atr_ts_band25_75==0)|(reg_atr_change_rate_ts_band20_80==1&reg_atr_change_rate_ts_band40_60==0&reg_atr_change_rate_ts_top30==1&reg_ema50_gt_ema200_raw==0),*,loc_dist_ema20_atr_ts_band25_75==0,reg_atr_change_rate_ts_band20_80==1&reg_atr_change_rate_ts_band40_60==0&reg_atr_change_rate_ts_top30==1&reg_ema50_gt_ema200_raw==0,0.1516115963459015,0.1516115963459015,0.0070127397775650024,0.10538330301642418,0.006790123456790124,0.001665523155954573,1.0,1.0,0.7560975609756098,65,,,-0.03166845938178916,-0.03695334622673886,-0.03166845938178916,-0.026383572536839463,,0.0,,,,-0.2033515037631621,,,,0.03623904116624627,5.224838291176923e-06,4.089630300771053,-inf,-inf,0.00010257621742112485,0.15150902012848036,3,1,1,5,5,stage_a_context,,long,5-way,True,,production,,,,-inf,primary_target,0,ranking,research,"{""checks"": {""n_folds"": {""value"": 3, ""threshold"": 3, ""passed"": true}, ""presence_freq"": {""value"": 1.0, ""threshold"": 0.75, ""passed"": true}, ""directional_mean_ret"": {""value"": 0.1516115963459015, ""threshold"": 0.0, ""passed"": true}, ""hurdle_excess"": {""value"": 0.15150902012848036, ""threshold"": 0.0, ""passed"": true}, ""min_support_actual"": {""value"": 65, ""threshold"": 50, ""passed"": true}, ""is_structurally_sound"": {""value"": false, ""passed"": false}, ""trade_path_quality_score"": {""value"": 5.224838291176923e-06, ""threshold"": 0.0, ""passed"": true}}, ""failures"": [""structural_soundness_fail: ""], ""warnings"": [], ""classification"": ""research""}"
(*)|(loc_dist_ema20_atr_ts_band25_75==0)|(reg_atr_change_rate_ts_band20_80==1&reg_atr_change_rate_ts_band40_60==0&reg_atr_change_rate_ts_top30==1&reg_ema50_gt_ema200_raw==1),*,loc_dist_ema20_atr_ts_band25_75==0,reg_atr_change_rate_ts_band20_80==1&reg_atr_change_rate_ts_band40_60==0&reg_atr_change_rate_ts_top30==1&reg_ema50_gt_ema200_raw==1,0.26404133935769397,0.26404133935769397,0.014723705940058052,0.15525070329507193,0.04451851851851851,0.0022402560438940767,1.0,1.0,0.5185589519650655,559,,,-0.0026374332935522548,-0.0068323131352377815,0.005480278836852798,0.0056163026133358,,0.6666666666666666,,,,-0.25636893433395286,,0.08382344312482959,0.07747584647905553,0.030074388428036943,-0.0009634529765609587,7.246707358410672,-inf,-inf,9.582954197530866e-05,0.2639455098157187,3,1,1,5,5,stage_a_context,,long,5-way,True,,production,,,0.07316216014669578,-inf,primary_target,0,ranking,rejected,"{""checks"": {""n_folds"": {""value"": 3, ""threshold"": 3, ""passed"": true}, ""presence_freq"": {""value"": 1.0, ""threshold"": 0.75, ""passed"": true}, ""directional_mean_ret"": {""value"": 0.26404133935769397, ""threshold"": 0.0, ""passed"": true}, ""hurdle_excess"": {""value"": 0.2639455098157187, ""threshold"": 0.0, ""passed"": true}, ""min_support_actual"": {""value"": 559, ""threshold"": 50, ""passed"": true}, ""is_structurally_sound"": {""value"": false, ""passed"": false}, ""trade_path_quality_score"": {""value"": -0.0009634529765609587, ""threshold"": 0.0, ""passed"": false}}, ""failures"": [""structural_soundness_fail: "", ""trade_path_quality_score=-0.000963 < 0.000000""], ""warnings"": [], ""classification"": ""rejected""}"
(*)|(loc_dist_ema20_atr_ts_band25_75==0)|(reg_atr_change_rate_ts_band20_80==1&reg_atr_change_rate_ts_bot40==1&reg_ema20_gt_ema50_raw==0),*,loc_dist_ema20_atr_ts_band25_75==0,reg_atr_change_rate_ts_band20_80==1&reg_atr_change_rate_ts_bot40==1&reg_ema20_gt_ema50_raw==0,0.27054087320963544,0.27054087320963544,0.012278289141472701,0.16378221909205118,0.04960493827160494,0.004345117808880777,1.0,1.0,0.5057339449541285,605,,,0.002861891697550221,-0.006380393648339745,-0.0024075316486659136,0.009469465370332119,,0.3333333333333333,,,,0.1987676516036483,,-0.36362139917695474,0.020383762835352315,0.26265694039971793,-0.0004560876536372875,6.6443927126481155,-inf,-inf,9.511597379972566e-05,0.2704457572358357,3,1,1,4,4,stage_a_context,,long,4-way,True,,production,,,0.02247996595339467,-inf,primary_target,0,ranking,rejected,"{""checks"": {""n_folds"": {""value"": 3, ""threshold"": 3, ""passed"": true}, ""presence_freq"": {""value"": 1.0, ""threshold"": 0.75, ""passed"": true}, ""directional_mean_ret"": {""value"": 0.27054087320963544, ""threshold"": 0.0, ""passed"": true}, ""hurdle_excess"": {""value"": 0.2704457572358357, ""threshold"": 0.0, ""passed"": true}, ""min_support_actual"": {""value"": 605, ""threshold"": 50, ""passed"": true}, ""is_structurally_sound"": {""value"": false, ""passed"": false}, ""trade_path_quality_score"": {""value"": -0.0004560876536372875, ""threshold"": 0.0, ""passed"": false}}, ""failures"": [""structural_soundness_fail: "", ""trade_path_quality_score=-0.000456 < 0.000000""], ""warnings"": [], ""classification"": ""rejected""}"
(*)|(loc_dist_ema20_atr_ts_band25_75==0)|(reg_atr_change_rate_ts_band20_80==1&reg_atr_change_rate_ts_top30==0&reg_ema50_gt_ema200_raw==0),*,loc_dist_ema20_atr_ts_band25_75==0,reg_atr_change_rate_ts_band20_80==1&reg_atr_change_rate_ts_top30==0&reg_ema50_gt_ema200_raw==0,0.27054087320963544,0.27054087320963544,0.012278289141472701,0.16378221909205118,0.04960493827160494,0.004345117808880777,1.0,1.0,0.5057339449541285,605,,,0.002861891697550221,-0.006380393648339745,-0.0024075316486659136,0.009469465370332119,,0.3333333333333333,,,,0.1987676516036483,,-0.36362139917695474,0.020383762835352315,0.26265694039971793,-0.0004560876536372875,6.6443927126481155,-inf,-inf,9.511597379972566e-05,0.2704457572358357,3,1,1,4,4,stage_a_context,,long,4-way,True,,production,,,0.02247996595339467,-inf,primary_target,0,ranking,rejected,"{""checks"": {""n_folds"": {""value"": 3, ""threshold"": 3, ""passed"": true}, ""presence_freq"": {""value"": 1.0, ""threshold"": 0.75, ""passed"": true}, ""directional_mean_ret"": {""value"": 0.27054087320963544, ""threshold"": 0.0, ""passed"": true}, ""hurdle_excess"": {""value"": 0.2704457572358357, ""threshold"": 0.0, ""passed"": true}, ""min_support_actual"": {""value"": 605, ""threshold"": 50, ""passed"": true}, ""is_structurally_sound"": {""value"": false, ""passed"": false}, ""trade_path_quality_score"": {""value"": -0.0004560876536372875, ""threshold"": 0.0, ""passed"": false}}, ""failures"": [""structural_soundness_fail: "", ""trade_path_quality_score=-0.000456 < 0.000000""], ""warnings"": [], ""classification"": ""rejected""}"
(*)|(loc_dist_ema20_atr_ts_band25_75==0)|(reg_atr_change_rate_ts_band20_80==1&reg_atr_change_rate_ts_top30==1&reg_atr_change_rate_ts_top70==1&reg_ema50_gt_ema200_raw==0),*,loc_dist_ema20_atr_ts_band25_75==0,reg_atr_change_rate_ts_band20_80==1&reg_atr_change_rate_ts_top30==1&reg_atr_change_rate_ts_top70==1&reg_ema50_gt_ema200_raw==0,0.1516115963459015,0.1516115963459015,0.0070127397775650024,0.10538330301642418,0.006790123456790124,0.001665523155954573,1.0,1.0,0.7560975609756098,65,,,-0.03166845938178916,-0.03695334622673886,-0.03166845938178916,-0.026383572536839463,,0.0,,,,-0.2033515037631621,,,,0.03623904116624627,5.224838291176923e-06,4.089630300771053,-inf,-inf,0.00010257621742112485,0.15150902012848036,3,1,1,5,5,stage_a_context,,long,5-way,True,,production,,,,-inf,primary_target,0,ranking,research,"{""checks"": {""n_folds"": {""value"": 3, ""threshold"": 3, ""passed"": true}, ""presence_freq"": {""value"": 1.0, ""threshold"": 0.75, ""passed"": true}, ""directional_mean_ret"": {""value"": 0.1516115963459015, ""threshold"": 0.0, ""passed"": true}, ""hurdle_excess"": {""value"": 0.15150902012848036, ""threshold"": 0.0, ""passed"": true}, ""min_support_actual"": {""value"": 65, ""threshold"": 50, ""passed"": true}, ""is_structurally_sound"": {""value"": false, ""passed"": false}, ""trade_path_quality_score"": {""value"": 5.224838291176923e-06, ""threshold"": 0.0, ""passed"": true}}, ""failures"": [""structural_soundness_fail: ""], ""warnings"": [], ""classification"": ""research""}"
(*)|(loc_dist_ema20_atr_ts_band25_75==0)|(reg_atr_change_rate_ts_band20_80==1&reg_ema20_gt_ema50_raw==1),*,loc_dist_ema20_atr_ts_band25_75==0,reg_atr_change_rate_ts_band20_80==1&reg_ema20_gt_ema50_raw==1,0.26404133935769397,0.26404133935769397,0.014723705940058052,0.15525070329507193,0.04451851851851851,0.0022402560438940767,1.0,1.0,0.5185589519650655,559,,,-0.0026374332935522548,-0.0068323131352377815,0.005480278836852798,0.0056163026133358,,0.6666666666666666,,,,-0.25636893433395286,,0.08382344312482959,0.07747584647905553,0.030074388428036943,-0.0009634529765609587,7.246707358410672,-inf,-inf,7.453408820301783e-05,0.26396680526949096,3,1,1,3,3,stage_a_context,,long,3-way,True,,production,,,0.07316216014669578,-inf,primary_target,0,ranking,rejected,"{""checks"": {""n_folds"": {""value"": 3, ""threshold"": 3, ""passed"": true}, ""presence_freq"": {""value"": 1.0, ""threshold"": 0.75, ""passed"": true}, ""directional_mean_ret"": {""value"": 0.26404133935769397, ""threshold"": 0.0, ""passed"": true}, ""hurdle_excess"": {""value"": 0.26396680526949096, ""threshold"": 0.0, ""passed"": true}, ""min_support_actual"": {""value"": 559, ""threshold"": 50, ""passed"": true}, ""is_structurally_sound"": {""value"": false, ""passed"": false}, ""trade_path_quality_score"": {""value"": -0.0009634529765609587, ""threshold"": 0.0, ""passed"": false}}, ""failures"": [""structural_soundness_fail: "", ""trade_path_quality_score=-0.000963 < 0.000000""], ""warnings"": [], ""classification"": ""rejected""}"
(*)|(loc_dist_ema20_atr_ts_band25_75==0)|(reg_atr_change_rate_ts_band20_80==1&reg_ema50_gt_ema200_raw==1),*,loc_dist_ema20_atr_ts_band25_75==0,reg_atr_change_rate_ts_band20_80==1&reg_ema50_gt_ema200_raw==1,0.26404133935769397,0.26404133935769397,0.014723705940058052,0.15525070329507193,0.04451851851851851,0.0022402560438940767,1.0,1.0,0.5185589519650655,559,,,-0.0026374332935522548,-0.0068323131352377815,0.005480278836852798,0.0056163026133358,,0.6666666666666666,,,,-0.25636893433395286,,0.08382344312482959,0.07747584647905553,0.030074388428036943,-0.0009634529765609587,7.246707358410672,-inf,-inf,7.453408820301783e-05,0.26396680526949096,3,1,1,3,3,stage_a_context,,long,3-way,True,,production,,,0.07316216014669578,-inf,primary_target,0,ranking,rejected,"{""checks"": {""n_folds"": {""value"": 3, ""threshold"": 3, ""passed"": true}, ""presence_freq"": {""value"": 1.0, ""threshold"": 0.75, ""passed"": true}, ""directional_mean_ret"": {""value"": 0.26404133935769397, ""threshold"": 0.0, ""passed"": true}, ""hurdle_excess"": {""value"": 0.26396680526949096, ""threshold"": 0.0, ""passed"": true}, ""min_support_actual"": {""value"": 559, ""threshold"": 50, ""passed"": true}, ""is_structurally_sound"": {""value"": false, ""passed"": false}, ""trade_path_quality_score"": {""value"": -0.0009634529765609587, ""threshold"": 0.0, ""passed"": false}}, ""failures"": [""structural_soundness_fail: "", ""trade_path_quality_score=-0.000963 < 0.000000""], ""warnings"": [], ""classification"": ""rejected""}"
(*)|(loc_dist_ema20_atr_ts_band25_75==0)|(reg_atr_change_rate_ts_band30_70==0&reg_atr_change_rate_ts_top30==1&reg_atr_change_rate_ts_top80==0&reg_ema20_gt_ema50_raw==0),*,loc_dist_ema20_atr_ts_band25_75==0,reg_atr_change_rate_ts_band30_70==0&reg_atr_change_rate_ts_top30==1&reg_atr_change_rate_ts_top80==0&reg_ema20_gt_ema50_raw==0,0.1516115963459015,0.1516115963459015,0.0070127397775650024,0.10538330301642418,0.006790123456790124,0.001665523155954573,1.0,1.0,0.7560975609756098,65,,,-0.03166845938178916,-0.03695334622673886,-0.03166845938178916,-0.026383572536839463,,0.0,,,,-0.2033515037631621,,,,0.03623904116624627,5.224838291176923e-06,4.089630300771053,-inf,-inf,0.00010257621742112485,0.15150902012848036,3,1,1,5,5,stage_a_context,,long,5-way,True,,production,,,,-inf,primary_target,0,ranking,research,"{""checks"": {""n_folds"": {""value"": 3, ""threshold"": 3, ""passed"": true}, ""presence_freq"": {""value"": 1.0, ""threshold"": 0.75, ""passed"": true}, ""directional_mean_ret"": {""value"": 0.1516115963459015, ""threshold"": 0.0, ""passed"": true}, ""hurdle_excess"": {""value"": 0.15150902012848036, ""threshold"": 0.0, ""passed"": true}, ""min_support_actual"": {""value"": 65, ""threshold"": 50, ""passed"": true}, ""is_structurally_sound"": {""value"": false, ""passed"": false}, ""trade_path_quality_score"": {""value"": 5.224838291176923e-06, ""threshold"": 0.0, ""passed"": true}}, ""failures"": [""structural_soundness_fail: ""], ""warnings"": [], ""classification"": ""research""}"
(*)|(loc_dist_ema20_atr_ts_band25_75==0)|(reg_atr_change_rate_ts_band30_70==0&reg_atr_change_rate_ts_top80==0&reg_ema20_gt_ema50_raw==1),*,loc_dist_ema20_atr_ts_band25_75==0,reg_atr_change_rate_ts_band30_70==0&reg_atr_change_rate_ts_top80==0&reg_ema20_gt_ema50_raw==1,0.26404133935769397,0.26404133935769397,0.014723705940058052,0.15525070329507193,0.04451851851851851,0.0022402560438940767,1.0,1.0,0.5185589519650655,559,,,-0.0026374332935522548,-0.0068323131352377815,0.005480278836852798,0.0056163026133358,,0.6666666666666666,,,,-0.25636893433395286,,0.08382344312482959,0.07747584647905553,0.030074388428036943,-0.0009634529765609587,7.246707358410672,-inf,-inf,9.582954197530866e-05,0.2639455098157187,3,1,1,4,4,stage_a_context,,long,4-way,True,,production,,,0.07316216014669578,-inf,primary_target,0,ranking,rejected,"{""checks"": {""n_folds"": {""value"": 3, ""threshold"": 3, ""passed"": true}, ""presence_freq"": {""value"": 1.0, ""threshold"": 0.75, ""passed"": true}, ""directional_mean_ret"": {""value"": 0.26404133935769397, ""threshold"": 0.0, ""passed"": true}, ""hurdle_excess"": {""value"": 0.2639455098157187, ""threshold"": 0.0, ""passed"": true}, ""min_support_actual"": {""value"": 559, ""threshold"": 50, ""passed"": true}, ""is_structurally_sound"": {""value"": false, ""passed"": false}, ""trade_path_quality_score"": {""value"": -0.0009634529765609587, ""threshold"": 0.0, ""passed"": false}}, ""failures"": [""structural_soundness_fail: "", ""trade_path_quality_score=-0.000963 < 0.000000""], ""warnings"": [], ""classification"": ""rejected""}"
(*)|(loc_dist_ema20_atr_ts_band25_75==0)|(reg_atr_change_rate_ts_top30==1&reg_atr_change_rate_ts_top80==0&reg_ema50_gt_ema200_raw==0),*,loc_dist_ema20_atr_ts_band25_75==0,reg_atr_change_rate_ts_top30==1&reg_atr_change_rate_ts_top80==0&reg_ema50_gt_ema200_raw==0,0.1516115963459015,0.1516115963459015,0.0070127397775650024,0.10538330301642418,0.006790123456790124,0.001665523155954573,1.0,1.0,0.7560975609756098,65,,,-0.03166845938178916,-0.03695334622673886,-0.03166845938178916,-0.026383572536839463,,0.0,,,,-0.2033515037631621,,,,0.03623904116624627,5.224838291176923e-06,4.089630300771053,-inf,-inf,0.00010257621742112485,0.15150902012848036,3,1,1,4,4,stage_a_context,,long,4-way,True,,production,,,,-inf,primary_target,0,ranking,research,"{""checks"": {""n_folds"": {""value"": 3, ""threshold"": 3, ""passed"": true}, ""presence_freq"": {""value"": 1.0, ""threshold"": 0.75, ""passed"": true}, ""directional_mean_ret"": {""value"": 0.1516115963459015, ""threshold"": 0.0, ""passed"": true}, ""hurdle_excess"": {""value"": 0.15150902012848036, ""threshold"": 0.0, ""passed"": true}, ""min_support_actual"": {""value"": 65, ""threshold"": 50, ""passed"": true}, ""is_structurally_sound"": {""value"": false, ""passed"": false}, ""trade_path_quality_score"": {""value"": 5.224838291176923e-06, ""threshold"": 0.0, ""passed"": true}}, ""failures"": [""structural_soundness_fail: ""], ""warnings"": [], ""classification"": ""research""}"
(*)|(loc_dist_ema20_atr_ts_band25_75==0)|(reg_atr_change_rate_ts_top30==1&reg_atr_change_rate_ts_top80==0&reg_ema50_gt_ema200_raw==1),*,loc_dist_ema20_atr_ts_band25_75==0,reg_atr_change_rate_ts_top30==1&reg_atr_change_rate_ts_top80==0&reg_ema50_gt_ema200_raw==1,0.26404133935769397,0.26404133935769397,0.014723705940058052,0.15525070329507193,0.04451851851851851,0.0022402560438940767,1.0,1.0,0.5185589519650655,559,,,-0.0026374332935522548,-0.0068323131352377815,0.005480278836852798,0.0056163026133358,,0.6666666666666666,,,,-0.25636893433395286,,0.08382344312482959,0.07747584647905553,0.030074388428036943,-0.0009634529765609587,7.246707358410672,-inf,-inf,9.582954197530866e-05,0.2639455098157187,3,1,1,4,4,stage_a_context,,long,4-way,True,,production,,,0.07316216014669578,-inf,primary_target,0,ranking,rejected,"{""checks"": {""n_folds"": {""value"": 3, ""threshold"": 3, ""passed"": true}, ""presence_freq"": {""value"": 1.0, ""threshold"": 0.75, ""passed"": true}, ""directional_mean_ret"": {""value"": 0.26404133935769397, ""threshold"": 0.0, ""passed"": true}, ""hurdle_excess"": {""value"": 0.2639455098157187, ""threshold"": 0.0, ""passed"": true}, ""min_support_actual"": {""value"": 559, ""threshold"": 50, ""passed"": true}, ""is_structurally_sound"": {""value"": false, ""passed"": false}, ""trade_path_quality_score"": {""value"": -0.0009634529765609587, ""threshold"": 0.0, ""passed"": false}}, ""failures"": [""structural_soundness_fail: "", ""trade_path_quality_score=-0.000963 < 0.000000""], ""warnings"": [], ""classification"": ""rejected""}"
(*)|(loc_dist_ema20_atr_ts_band25_75==1&loc_dist_ema20_atr_ts_band30_70==0&loc_dist_ema20_atr_ts_bot80==1&loc_dist_ema20_atr_ts_top50==1)|(reg_atr_change_rate_ts_top40==1&reg_ema20_gt_ema50_raw==0),*,loc_dist_ema20_atr_ts_band25_75==1&loc_dist_ema20_atr_ts_band30_70==0&loc_dist_ema20_atr_ts_bot80==1&loc_dist_ema20_atr_ts_top50==1,reg_atr_change_rate_ts_top40==1&reg_ema20_gt_ema50_raw==0,0.21194550891717276,0.21194550891717276,0.012389019736078427,0.13626326123873392,0.01362962962962963,0.0009389211526830393,1.0,1.0,0.555956678700361,168,,,-0.03428889503203047,-0.03827787997669137,-0.02806942516342531,-0.027190175153066987,,0.0,,,,-0.026103993552277372,,0.09051724137931035,0.07438342326933012,0.029952136830887526,-4.8497156070064085e-06,6.135220493340273,-inf,-inf,0.00010116302345679012,0.21184434589371598,3,1,1,6,6,stage_a_context,,long,6-way,True,,production,,,0.20276736446922738,-inf,primary_target,0,ranking,rejected,"{""checks"": {""n_folds"": {""value"": 3, ""threshold"": 3, ""passed"": true}, ""presence_freq"": {""value"": 1.0, ""threshold"": 0.75, ""passed"": true}, ""directional_mean_ret"": {""value"": 0.21194550891717276, ""threshold"": 0.0, ""passed"": true}, ""hurdle_excess"": {""value"": 0.21184434589371598, ""threshold"": 0.0, ""passed"": true}, ""min_support_actual"": {""value"": 168, ""threshold"": 50, ""passed"": true}, ""is_structurally_sound"": {""value"": false, ""passed"": false}, ""trade_path_quality_score"": {""value"": -4.8497156070064085e-06, ""threshold"": 0.0, ""passed"": false}}, ""failures"": [""structural_soundness_fail: "", ""trade_path_quality_score=-0.000005 < 0.000000""], ""warnings"": [], ""classification"": ""rejected""}"
(*)|(loc_dist_ema20_atr_ts_band25_75==1&loc_dist_ema20_atr_ts_band30_70==0&loc_dist_ema20_atr_ts_bot80==1&loc_dist_ema20_atr_ts_top50==1)|(reg_atr_change_rate_ts_top40==1&reg_ema20_gt_ema50_raw==1),*,loc_dist_ema20_atr_ts_band25_75==1&loc_dist_ema20_atr_ts_band30_70==0&loc_dist_ema20_atr_ts_bot80==1&loc_dist_ema20_atr_ts_top50==1,reg_atr_change_rate_ts_top40==1&reg_ema20_gt_ema50_raw==1,0.26811592777570087,0.26811592777570087,0.014840706869442359,0.15881633758544922,0.038148148148148146,0.002630064300712094,1.0,1.0,0.5351351351351351,466,,,0.00087952286125532,-0.007669188077046325,-0.0012768185386371098,0.00835006309961075,,0.3333333333333333,,,,-0.32207472992326813,,0.21778350515463918,0.10700237259438726,0.0310612806529075,-0.0012521916117486911,7.383601547710628,-inf,-inf,9.678891975308642e-05,0.2680191388559478,3,1,1,6,6,stage_a_context,,long,6-way,True,,production,,,0.05042428249816674,-inf,primary_target,0,ranking,rejected,"{""checks"": {""n_folds"": {""value"": 3, ""threshold"": 3, ""passed"": true}, ""presence_freq"": {""value"": 1.0, ""threshold"": 0.75, ""passed"": true}, ""directional_mean_ret"": {""value"": 0.26811592777570087, ""threshold"": 0.0, ""passed"": true}, ""hurdle_excess"": {""value"": 0.2680191388559478, ""threshold"": 0.0, ""passed"": true}, ""min_support_actual"": {""value"": 466, ""threshold"": 50, ""passed"": true}, ""is_structurally_sound"": {""value"": false, ""passed"": false}, ""trade_path_quality_score"": {""value"": -0.0012521916117486911, ""threshold"": 0.0, ""passed"": false}}, ""failures"": [""structural_soundness_fail: "", ""trade_path_quality_score=-0.001252 < 0.000000""], ""warnings"": [], ""classification"": ""rejected""}"
(*)|(loc_dist_ema20_atr_ts_band25_75==1&loc_dist_ema20_atr_ts_band30_70==1&loc_dist_ema20_atr_ts_bot80==1&loc_dist_ema20_atr_ts_top50==1)|(reg_atr_change_rate_ts_top40==1&reg_ema20_gt_ema50_raw==1),*,loc_dist_ema20_atr_ts_band25_75==1&loc_dist_ema20_atr_ts_band30_70==1&loc_dist_ema20_atr_ts_bot80==1&loc_dist_ema20_atr_ts_top50==1,reg_atr_change_rate_ts_top40==1&reg_ema20_gt_ema50_raw==1,0.2807053178548813,0.2807053178548813,0.023845703293324447,0.16661095122496286,0.023333333333333334,0.011838109316534246,1.0,1.0,0.5064027939464494,184,,,0.012582964136284921,0.0018495305653484784,0.011763950322865107,0.022906890800511455,,0.6666666666666666,,,,-0.13929375522382334,,,,0.03623904116624627,-0.00022925947978603658,7.7040027462208736,-inf,-inf,9.93025e-05,0.2806060153548813,3,1,1,6,6,stage_a_context,,long,6-way,True,,production,,,0.006987253386414816,-inf,primary_target,0,ranking,rejected,"{""checks"": {""n_folds"": {""value"": 3, ""threshold"": 3, ""passed"": true}, ""presence_freq"": {""value"": 1.0, ""threshold"": 0.75, ""passed"": true}, ""directional_mean_ret"": {""value"": 0.2807053178548813, ""threshold"": 0.0, ""passed"": true}, ""hurdle_excess"": {""value"": 0.2806060153548813, ""threshold"": 0.0, ""passed"": true}, ""min_support_actual"": {""value"": 184, ""threshold"": 50, ""passed"": true}, ""is_structurally_sound"": {""value"": false, ""passed"": false}, ""trade_path_quality_score"": {""value"": -0.00022925947978603658, ""threshold"": 0.0, ""passed"": false}}, ""failures"": [""structural_soundness_fail: "", ""trade_path_quality_score=-0.000229 < 0.000000""], ""warnings"": [], ""classification"": ""rejected""}"
(*)|(loc_dist_ema20_atr_ts_band25_75==1&loc_dist_ema20_atr_ts_bot40==1&loc_dist_ema20_atr_ts_top70==0&loc_dist_ema20_atr_ts_top80==0)|(reg_atr_change_rate_ts_top30==0&reg_ema50_gt_ema200_raw==0),*,loc_dist_ema20_atr_ts_band25_75==1&loc_dist_ema20_atr_ts_bot40==1&loc_dist_ema20_atr_ts_top70==0&loc_dist_ema20_atr_ts_top80==0,reg_atr_change_rate_ts_top30==0&reg_ema50_gt_ema200_raw==0,0.2631906767686208,0.2631906767686208,0.016343697055675337,0.16265031695365906,0.048716049382716044,0.003122456288303651,1.0,1.0,0.5176336746302617,623,,,-0.009850880353314146,-0.014270544446681596,-0.01395917591198115,-0.007485364039280197,,0.0,,,,0.12258595182420347,,0.043209876543209874,0.0649793295217405,0.26787530981178254,-0.0011305978802505015,6.810212137749811,-inf,-inf,9.523731700960221e-05,0.2630954394516112,3,1,1,6,6,stage_a_context,,long,6-way,True,,production,,,0.03052422649743473,-inf,primary_target,0,ranking,rejected,"{""checks"": {""n_folds"": {""value"": 3, ""threshold"": 3, ""passed"": true}, ""presence_freq"": {""value"": 1.0, ""threshold"": 0.75, ""passed"": true}, ""directional_mean_ret"": {""value"": 0.2631906767686208, ""threshold"": 0.0, ""passed"": true}, ""hurdle_excess"": {""value"": 0.2630954394516112, ""threshold"": 0.0, ""passed"": true}, ""min_support_actual"": {""value"": 623, ""threshold"": 50, ""passed"": true}, ""is_structurally_sound"": {""value"": false, ""passed"": false}, ""trade_path_quality_score"": {""value"": -0.0011305978802505015, ""threshold"": 0.0, ""passed"": false}}, ""failures"": [""structural_soundness_fail: "", ""trade_path_quality_score=-0.001131 < 0.000000""], ""warnings"": [], ""classification"": ""rejected""}"
(*)|(loc_dist_ema20_atr_ts_band25_75==1&loc_dist_ema20_atr_ts_bot80==1)|(reg_atr_change_rate_ts_top30==0&reg_atr_change_rate_ts_top40==0),*,loc_dist_ema20_atr_ts_band25_75==1&loc_dist_ema20_atr_ts_bot80==1,reg_atr_change_rate_ts_top30==0&reg_atr_change_rate_ts_top40==0,0.2631906767686208,0.2631906767686208,0.016343697055675337,0.16265031695365906,0.048716049382716044,0.003122456288303651,1.0,1.0,0.5176336746302617,623,,,-0.009850880353314146,-0.014270544446681596,-0.01395917591198115,-0.007485364039280197,,0.0,,,,0.12258595182420347,,0.043209876543209874,0.0649793295217405,0.26787530981178254,-0.0011305978802505015,6.810212137749811,-inf,-inf,9.523731700960221e-05,0.2630954394516112,3,1,1,4,4,stage_a_context,,long,4-way,True,,production,,,0.03052422649743473,-inf,primary_target,0,ranking,rejected,"{""checks"": {""n_folds"": {""value"": 3, ""threshold"": 3, ""passed"": true}, ""presence_freq"": {""value"": 1.0, ""threshold"": 0.75, ""passed"": true}, ""directional_mean_ret"": {""value"": 0.2631906767686208, ""threshold"": 0.0, ""passed"": true}, ""hurdle_excess"": {""value"": 0.2630954394516112, ""threshold"": 0.0, ""passed"": true}, ""min_support_actual"": {""value"": 623, ""threshold"": 50, ""passed"": true}, ""is_structurally_sound"": {""value"": false, ""passed"": false}, ""trade_path_quality_score"": {""value"": -0.0011305978802505015, ""threshold"": 0.0, ""passed"": false}}, ""failures"": [""structural_soundness_fail: "", ""trade_path_quality_score=-0.001131 < 0.000000""], ""warnings"": [], ""classification"": ""rejected""}"
(*)|(loc_dist_ema20_atr_ts_band25_75==1&loc_dist_ema20_atr_ts_top70==0&loc_dist_ema20_atr_ts_top80==0)|(reg_ema50_gt_ema200_raw==1),*,loc_dist_ema20_atr_ts_band25_75==1&loc_dist_ema20_atr_ts_top70==0&loc_dist_ema20_atr_ts_top80==0,reg_ema50_gt_ema200_raw==1,0.2807053178548813,0.2807053178548813,0.023845703293324447,0.16661095122496286,0.023333333333333334,0.011838109316534246,1.0,1.0,0.5064027939464494,184,,,0.012582964136284921,0.0018495305653484784,0.011763950322865107,0.022906890800511455,,0.6666666666666666,,,,-0.13929375522382334,,,,0.03623904116624627,-0.00022925947978603658,7.7040027462208736,-inf,-inf,9.93025e-05,0.2806060153548813,3,1,1,4,4,stage_a_context,,long,4-way,True,,production,,,0.006987253386414816,-inf,primary_target,0,ranking,rejected,"{""checks"": {""n_folds"": {""value"": 3, ""threshold"": 3, ""passed"": true}, ""presence_freq"": {""value"": 1.0, ""threshold"": 0.75, ""passed"": true}, ""directional_mean_ret"": {""value"": 0.2807053178548813, ""threshold"": 0.0, ""passed"": true}, ""hurdle_excess"": {""value"": 0.2806060153548813, ""threshold"": 0.0, ""passed"": true}, ""min_support_actual"": {""value"": 184, ""threshold"": 50, ""passed"": true}, ""is_structurally_sound"": {""value"": false, ""passed"": false}, ""trade_path_quality_score"": {""value"": -0.00022925947978603658, ""threshold"": 0.0, ""passed"": false}}, ""failures"": [""structural_soundness_fail: "", ""trade_path_quality_score=-0.000229 < 0.000000""], ""warnings"": [], ""classification"": ""rejected""}"
(*)|(loc_dist_ema20_atr_ts_band25_75==1&loc_dist_ema20_atr_ts_top70==0&loc_dist_ema50_atr_ts_band20_80==1)|(reg_atr_change_rate_ts_bot30==1&reg_ema20_gt_ema50_raw==0),*,loc_dist_ema20_atr_ts_band25_75==1&loc_dist_ema20_atr_ts_top70==0&loc_dist_ema50_atr_ts_band20_80==1,reg_atr_change_rate_ts_bot30==1&reg_ema20_gt_ema50_raw==0,0.2631906767686208,0.2631906767686208,0.016343697055675337,0.16265031695365906,0.048716049382716044,0.003122456288303651,1.0,1.0,0.5176336746302617,623,,,-0.009850880353314146,-0.014270544446681596,-0.01395917591198115,-0.007485364039280197,,0.0,,,,0.12258595182420347,,0.043209876543209874,0.0649793295217405,0.26787530981178254,-0.0011305978802505015,6.810212137749811,-inf,-inf,9.523731700960221e-05,0.2630954394516112,3,1,1,5,5,stage_a_context,,long,5-way,True,,production,,,0.03052422649743473,-inf,primary_target,0,ranking,rejected,"{""checks"": {""n_folds"": {""value"": 3, ""threshold"": 3, ""passed"": true}, ""presence_freq"": {""value"": 1.0, ""threshold"": 0.75, ""passed"": true}, ""directional_mean_ret"": {""value"": 0.2631906767686208, ""threshold"": 0.0, ""passed"": true}, ""hurdle_excess"": {""value"": 0.2630954394516112, ""threshold"": 0.0, ""passed"": true}, ""min_support_actual"": {""value"": 623, ""threshold"": 50, ""passed"": true}, ""is_structurally_sound"": {""value"": false, ""passed"": false}, ""trade_path_quality_score"": {""value"": -0.0011305978802505015, ""threshold"": 0.0, ""passed"": false}}, ""failures"": [""structural_soundness_fail: "", ""trade_path_quality_score=-0.001131 < 0.000000""], ""warnings"": [], ""classification"": ""rejected""}"
(*)|(loc_dist_ema20_atr_ts_band25_75==1&loc_dist_ema20_atr_ts_top70==0&loc_dist_ema50_atr_ts_band20_80==1)|(reg_ema20_gt_ema50_raw==1),*,loc_dist_ema20_atr_ts_band25_75==1&loc_dist_ema20_atr_ts_top70==0&loc_dist_ema50_atr_ts_band20_80==1,reg_ema20_gt_ema50_raw==1,0.2807053178548813,0.2807053178548813,0.023845703293324447,0.16661095122496286,0.023333333333333334,0.011838109316534246,1.0,1.0,0.5064027939464494,184,,,0.012582964136284921,0.0018495305653484784,0.011763950322865107,0.022906890800511455,,0.6666666666666666,,,,-0.13929375522382334,,,,0.03623904116624627,-0.00022925947978603658,7.7040027462208736,-inf,-inf,9.93025e-05,0.2806060153548813,3,1,1,4,4,stage_a_context,,long,4-way,True,,production,,,0.006987253386414816,-inf,primary_target,0,ranking,rejected,"{""checks"": {""n_folds"": {""value"": 3, ""threshold"": 3, ""passed"": true}, ""presence_freq"": {""value"": 1.0, ""threshold"": 0.75, ""passed"": true}, ""directional_mean_ret"": {""value"": 0.2807053178548813, ""threshold"": 0.0, ""passed"": true}, ""hurdle_excess"": {""value"": 0.2806060153548813, ""threshold"": 0.0, ""passed"": true}, ""min_support_actual"": {""value"": 184, ""threshold"": 50, ""passed"": true}, ""is_structurally_sound"": {""value"": false, ""passed"": false}, ""trade_path_quality_score"": {""value"": -0.00022925947978603658, ""threshold"": 0.0, ""passed"": false}}, ""failures"": [""structural_soundness_fail: "", ""trade_path_quality_score=-0.000229 < 0.000000""], ""warnings"": [], ""classification"": ""rejected""}"
(*)|(loc_dist_ema20_atr_ts_band25_75==1&loc_dist_ema20_atr_ts_top70==0)|(reg_atr_change_rate_ts_band20_80==1&reg_atr_change_rate_ts_top30==0&reg_ema20_gt_ema50_raw==0),*,loc_dist_ema20_atr_ts_band25_75==1&loc_dist_ema20_atr_ts_top70==0,reg_atr_change_rate_ts_band20_80==1&reg_atr_change_rate_ts_top30==0&reg_ema20_gt_ema50_raw==0,0.2631906767686208,0.2631906767686208,0.016343697055675337,0.16265031695365906,0.048716049382716044,0.003122456288303651,1.0,1.0,0.5176336746302617,623,,,-0.009850880353314146,-0.014270544446681596,-0.01395917591198115,-0.007485364039280197,,0.0,,,,0.12258595182420347,,0.043209876543209874,0.0649793295217405,0.26787530981178254,-0.0011305978802505015,6.810212137749811,-inf,-inf,9.523731700960221e-05,0.2630954394516112,3,1,1,5,5,stage_a_context,,long,5-way,True,,production,,,0.03052422649743473,-inf,primary_target,0,ranking,rejected,"{""checks"": {""n_folds"": {""value"": 3, ""threshold"": 3, ""passed"": true}, ""presence_freq"": {""value"": 1.0, ""threshold"": 0.75, ""passed"": true}, ""directional_mean_ret"": {""value"": 0.2631906767686208, ""threshold"": 0.0, ""passed"": true}, ""hurdle_excess"": {""value"": 0.2630954394516112, ""threshold"": 0.0, ""passed"": true}, ""min_support_actual"": {""value"": 623, ""threshold"": 50, ""passed"": true}, ""is_structurally_sound"": {""value"": false, ""passed"": false}, ""trade_path_quality_score"": {""value"": -0.0011305978802505015, ""threshold"": 0.0, ""passed"": false}}, ""failures"": [""structural_soundness_fail: "", ""trade_path_quality_score=-0.001131 < 0.000000""], ""warnings"": [], ""classification"": ""rejected""}"
(*)|(loc_dist_ema20_atr_ts_band25_75==1&loc_dist_ema20_atr_ts_top70==0)|(reg_atr_change_rate_ts_band20_80==1&reg_ema20_gt_ema50_raw==1),*,loc_dist_ema20_atr_ts_band25_75==1&loc_dist_ema20_atr_ts_top70==0,reg_atr_change_rate_ts_band20_80==1&reg_ema20_gt_ema50_raw==1,0.2807053178548813,0.2807053178548813,0.023845703293324447,0.16661095122496286,0.023333333333333334,0.011838109316534246,1.0,1.0,0.5064027939464494,184,,,0.012582964136284921,0.0018495305653484784,0.011763950322865107,0.022906890800511455,,0.6666666666666666,,,,-0.13929375522382334,,,,0.03623904116624627,-0.00022925947978603658,7.7040027462208736,-inf,-inf,9.93025e-05,0.2806060153548813,3,1,1,4,4,stage_a_context,,long,4-way,True,,production,,,0.006987253386414816,-inf,primary_target,0,ranking,rejected,"{""checks"": {""n_folds"": {""value"": 3, ""threshold"": 3, ""passed"": true}, ""presence_freq"": {""value"": 1.0, ""threshold"": 0.75, ""passed"": true}, ""directional_mean_ret"": {""value"": 0.2807053178548813, ""threshold"": 0.0, ""passed"": true}, ""hurdle_excess"": {""value"": 0.2806060153548813, ""threshold"": 0.0, ""passed"": true}, ""min_support_actual"": {""value"": 184, ""threshold"": 50, ""passed"": true}, ""is_structurally_sound"": {""value"": false, ""passed"": false}, ""trade_path_quality_score"": {""value"": -0.00022925947978603658, ""threshold"": 0.0, ""passed"": false}}, ""failures"": [""structural_soundness_fail: "", ""trade_path_quality_score=-0.000229 < 0.000000""], ""warnings"": [], ""classification"": ""rejected""}"
(*)|(loc_dist_ema20_atr_ts_band25_75==1&loc_dist_ema20_atr_ts_top70==0)|(reg_atr_change_rate_ts_bot30==1&reg_atr_change_rate_ts_top40==0&reg_ema20_gt_ema50_raw==0),*,loc_dist_ema20_atr_ts_band25_75==1&loc_dist_ema20_atr_ts_top70==0,reg_atr_change_rate_ts_bot30==1&reg_atr_change_rate_ts_top40==0&reg_ema20_gt_ema50_raw==0,0.2631906767686208,0.2631906767686208,0.016343697055675337,0.16265031695365906,0.048716049382716044,0.003122456288303651,1.0,1.0,0.5176336746302617,623,,,-0.009850880353314146,-0.014270544446681596,-0.01395917591198115,-0.007485364039280197,,0.0,,,,0.12258595182420347,,0.043209876543209874,0.0649793295217405,0.26787530981178254,-0.0011305978802505015,6.810212137749811,-inf,-inf,9.523731700960221e-05,0.2630954394516112,3,1,1,5,5,stage_a_context,,long,5-way,True,,production,,,0.03052422649743473,-inf,primary_target,0,ranking,rejected,"{""checks"": {""n_folds"": {""value"": 3, ""threshold"": 3, ""passed"": true}, ""presence_freq"": {""value"": 1.0, ""threshold"": 0.75, ""passed"": true}, ""directional_mean_ret"": {""value"": 0.2631906767686208, ""threshold"": 0.0, ""passed"": true}, ""hurdle_excess"": {""value"": 0.2630954394516112, ""threshold"": 0.0, ""passed"": true}, ""min_support_actual"": {""value"": 623, ""threshold"": 50, ""passed"": true}, ""is_structurally_sound"": {""value"": false, ""passed"": false}, ""trade_path_quality_score"": {""value"": -0.0011305978802505015, ""threshold"": 0.0, ""passed"": false}}, ""failures"": [""structural_soundness_fail: "", ""trade_path_quality_score=-0.001131 < 0.000000""], ""warnings"": [], ""classification"": ""rejected""}"
(*)|(loc_dist_ema20_atr_ts_band25_75==1&loc_dist_ema20_atr_ts_top70==0)|(reg_ema20_gt_ema50_raw==1),*,loc_dist_ema20_atr_ts_band25_75==1&loc_dist_ema20_atr_ts_top70==0,reg_ema20_gt_ema50_raw==1,0.2807053178548813,0.2807053178548813,0.023845703293324447,0.16661095122496286,0.023333333333333334,0.011838109316534246,1.0,1.0,0.5064027939464494,184,,,0.012582964136284921,0.0018495305653484784,0.011763950322865107,0.022906890800511455,,0.6666666666666666,,,,-0.13929375522382334,,,,0.03623904116624627,-0.00022925947978603658,7.7040027462208736,-inf,-inf,7.723527777777776e-05,0.28062808257710353,3,1,1,3,3,stage_a_context,,long,3-way,True,,production,,,0.006987253386414816,-inf,primary_target,0,ranking,rejected,"{""checks"": {""n_folds"": {""value"": 3, ""threshold"": 3, ""passed"": true}, ""presence_freq"": {""value"": 1.0, ""threshold"": 0.75, ""passed"": true}, ""directional_mean_ret"": {""value"": 0.2807053178548813, ""threshold"": 0.0, ""passed"": true}, ""hurdle_excess"": {""value"": 0.28062808257710353, ""threshold"": 0.0, ""passed"": true}, ""min_support_actual"": {""value"": 184, ""threshold"": 50, ""passed"": true}, ""is_structurally_sound"": {""value"": false, ""passed"": false}, ""trade_path_quality_score"": {""value"": -0.00022925947978603658, ""threshold"": 0.0, ""passed"": false}}, ""failures"": [""structural_soundness_fail: "", ""trade_path_quality_score=-0.000229 < 0.000000""], ""warnings"": [], ""classification"": ""rejected""}"
(*)|(loc_dist_ema20_atr_ts_band25_75==1&loc_dist_ema20_atr_ts_top70==1&loc_dist_ema20_atr_ts_top80==0)|(reg_ema50_gt_ema200_raw==0),*,loc_dist_ema20_atr_ts_band25_75==1&loc_dist_ema20_atr_ts_top70==1&loc_dist_ema20_atr_ts_top80==0,reg_ema50_gt_ema200_raw==0,0.21194550891717276,0.21194550891717276,0.012389019736078427,0.13626326123873392,0.01362962962962963,0.0009389211526830393,1.0,1.0,0.555956678700361,168,,,-0.03428889503203047,-0.03827787997669137,-0.02806942516342531,-0.027190175153066987,,0.0,,,,-0.026103993552277372,,0.09051724137931035,0.07438342326933012,0.029952136830887526,-4.8497156070064085e-06,6.135220493340273,-inf,-inf,0.00010116302345679012,0.21184434589371598,3,1,1,4,4,stage_a_context,,long,4-way,True,,production,,,0.20276736446922738,-inf,primary_target,0,ranking,rejected,"{""checks"": {""n_folds"": {""value"": 3, ""threshold"": 3, ""passed"": true}, ""presence_freq"": {""value"": 1.0, ""threshold"": 0.75, ""passed"": true}, ""directional_mean_ret"": {""value"": 0.21194550891717276, ""threshold"": 0.0, ""passed"": true}, ""hurdle_excess"": {""value"": 0.21184434589371598, ""threshold"": 0.0, ""passed"": true}, ""min_support_actual"": {""value"": 168, ""threshold"": 50, ""passed"": true}, ""is_structurally_sound"": {""value"": false, ""passed"": false}, ""trade_path_quality_score"": {""value"": -4.8497156070064085e-06, ""threshold"": 0.0, ""passed"": false}}, ""failures"": [""structural_soundness_fail: "", ""trade_path_quality_score=-0.000005 < 0.000000""], ""warnings"": [], ""classification"": ""rejected""}"
(*)|(loc_dist_ema20_atr_ts_band25_75==1&loc_dist_ema20_atr_ts_top70==1&loc_dist_ema20_atr_ts_top80==0)|(reg_ema50_gt_ema200_raw==1),*,loc_dist_ema20_atr_ts_band25_75==1&loc_dist_ema20_atr_ts_top70==1&loc_dist_ema20_atr_ts_top80==0,reg_ema50_gt_ema200_raw==1,0.26811592777570087,0.26811592777570087,0.014840706869442359,0.15881633758544922,0.038148148148148146,0.002630064300712094,1.0,1.0,0.5351351351351351,466,,,0.00087952286125532,-0.007669188077046325,-0.0012768185386371098,0.00835006309961075,,0.3333333333333333,,,,-0.32207472992326813,,0.21778350515463918,0.10700237259438726,0.0310612806529075,-0.0012521916117486911,7.383601547710628,-inf,-inf,9.678891975308642e-05,0.2680191388559478,3,1,1,4,4,stage_a_context,,long,4-way,True,,production,,,0.05042428249816674,-inf,primary_target,0,ranking,rejected,"{""checks"": {""n_folds"": {""value"": 3, ""threshold"": 3, ""passed"": true}, ""presence_freq"": {""value"": 1.0, ""threshold"": 0.75, ""passed"": true}, ""directional_mean_ret"": {""value"": 0.26811592777570087, ""threshold"": 0.0, ""passed"": true}, ""hurdle_excess"": {""value"": 0.2680191388559478, ""threshold"": 0.0, ""passed"": true}, ""min_support_actual"": {""value"": 466, ""threshold"": 50, ""passed"": true}, ""is_structurally_sound"": {""value"": false, ""passed"": false}, ""trade_path_quality_score"": {""value"": -0.0012521916117486911, ""threshold"": 0.0, ""passed"": false}}, ""failures"": [""structural_soundness_fail: "", ""trade_path_quality_score=-0.001252 < 0.000000""], ""warnings"": [], ""classification"": ""rejected""}"
(*)|(loc_dist_ema20_atr_ts_band25_75==1&loc_dist_ema20_atr_ts_top70==1&loc_dist_ema50_atr_ts_band20_80==1)|(reg_ema20_gt_ema50_raw==0),*,loc_dist_ema20_atr_ts_band25_75==1&loc_dist_ema20_atr_ts_top70==1&loc_dist_ema50_atr_ts_band20_80==1,reg_ema20_gt_ema50_raw==0,0.21194550891717276,0.21194550891717276,0.012389019736078427,0.13626326123873392,0.01362962962962963,0.0009389211526830393,1.0,1.0,0.555956678700361,168,,,-0.03428889503203047,-0.03827787997669137,-0.02806942516342531,-0.027190175153066987,,0.0,,,,-0.026103993552277372,,0.09051724137931035,0.07438342326933012,0.029952136830887526,-4.8497156070064085e-06,6.135220493340273,-inf,-inf,0.00010116302345679012,0.21184434589371598,3,1,1,4,4,stage_a_context,,long,4-way,True,,production,,,0.20276736446922738,-inf,primary_target,0,ranking,rejected,"{""checks"": {""n_folds"": {""value"": 3, ""threshold"": 3, ""passed"": true}, ""presence_freq"": {""value"": 1.0, ""threshold"": 0.75, ""passed"": true}, ""directional_mean_ret"": {""value"": 0.21194550891717276, ""threshold"": 0.0, ""passed"": true}, ""hurdle_excess"": {""value"": 0.21184434589371598, ""threshold"": 0.0, ""passed"": true}, ""min_support_actual"": {""value"": 168, ""threshold"": 50, ""passed"": true}, ""is_structurally_sound"": {""value"": false, ""passed"": false}, ""trade_path_quality_score"": {""value"": -4.8497156070064085e-06, ""threshold"": 0.0, ""passed"": false}}, ""failures"": [""structural_soundness_fail: "", ""trade_path_quality_score=-0.000005 < 0.000000""], ""warnings"": [], ""classification"": ""rejected""}"
(*)|(loc_dist_ema20_atr_ts_band25_75==1&loc_dist_ema20_atr_ts_top70==1&loc_dist_ema50_atr_ts_band20_80==1)|(reg_ema20_gt_ema50_raw==1),*,loc_dist_ema20_atr_ts_band25_75==1&loc_dist_ema20_atr_ts_top70==1&loc_dist_ema50_atr_ts_band20_80==1,reg_ema20_gt_ema50_raw==1,0.26811592777570087,0.26811592777570087,0.014840706869442359,0.15881633758544922,0.038148148148148146,0.002630064300712094,1.0,1.0,0.5351351351351351,466,,,0.00087952286125532,-0.007669188077046325,-0.0012768185386371098,0.00835006309961075,,0.3333333333333333,,,,-0.32207472992326813,,0.21778350515463918,0.10700237259438726,0.0310612806529075,-0.0012521916117486911,7.383601547710628,-inf,-inf,9.678891975308642e-05,0.2680191388559478,3,1,1,4,4,stage_a_context,,long,4-way,True,,production,,,0.05042428249816674,-inf,primary_target,0,ranking,rejected,"{""checks"": {""n_folds"": {""value"": 3, ""threshold"": 3, ""passed"": true}, ""presence_freq"": {""value"": 1.0, ""threshold"": 0.75, ""passed"": true}, ""directional_mean_ret"": {""value"": 0.26811592777570087, ""threshold"": 0.0, ""passed"": true}, ""hurdle_excess"": {""value"": 0.2680191388559478, ""threshold"": 0.0, ""passed"": true}, ""min_support_actual"": {""value"": 466, ""threshold"": 50, ""passed"": true}, ""is_structurally_sound"": {""value"": false, ""passed"": false}, ""trade_path_quality_score"": {""value"": -0.0012521916117486911, ""threshold"": 0.0, ""passed"": false}}, ""failures"": [""structural_soundness_fail: "", ""trade_path_quality_score=-0.001252 < 0.000000""], ""warnings"": [], ""classification"": ""rejected""}"
(*)|(loc_dist_ema20_atr_ts_band25_75==1&loc_dist_ema20_atr_ts_top70==1)|(reg_atr_change_rate_ts_band20_80==1&reg_atr_change_rate_ts_band40_60==0&reg_ema50_gt_ema200_raw==0),*,loc_dist_ema20_atr_ts_band25_75==1&loc_dist_ema20_atr_ts_top70==1,reg_atr_change_rate_ts_band20_80==1&reg_atr_change_rate_ts_band40_60==0&reg_ema50_gt_ema200_raw==0,0.21194550891717276,0.21194550891717276,0.012389019736078427,0.13626326123873392,0.01362962962962963,0.0009389211526830393,1.0,1.0,0.555956678700361,168,,,-0.03428889503203047,-0.03827787997669137,-0.02806942516342531,-0.027190175153066987,,0.0,,,,-0.026103993552277372,,0.09051724137931035,0.07438342326933012,0.029952136830887526,-4.8497156070064085e-06,6.135220493340273,-inf,-inf,0.00010116302345679012,0.21184434589371598,3,1,1,5,5,stage_a_context,,long,5-way,True,,production,,,0.20276736446922738,-inf,primary_target,0,ranking,rejected,"{""checks"": {""n_folds"": {""value"": 3, ""threshold"": 3, ""passed"": true}, ""presence_freq"": {""value"": 1.0, ""threshold"": 0.75, ""passed"": true}, ""directional_mean_ret"": {""value"": 0.21194550891717276, ""threshold"": 0.0, ""passed"": true}, ""hurdle_excess"": {""value"": 0.21184434589371598, ""threshold"": 0.0, ""passed"": true}, ""min_support_actual"": {""value"": 168, ""threshold"": 50, ""passed"": true}, ""is_structurally_sound"": {""value"": false, ""passed"": false}, ""trade_path_quality_score"": {""value"": -4.8497156070064085e-06, ""threshold"": 0.0, ""passed"": false}}, ""failures"": [""structural_soundness_fail: "", ""trade_path_quality_score=-0.000005 < 0.000000""], ""warnings"": [], ""classification"": ""rejected""}"
(*)|(loc_dist_ema20_atr_ts_band25_75==1&loc_dist_ema20_atr_ts_top70==1)|(reg_atr_change_rate_ts_band20_80==1&reg_atr_change_rate_ts_band40_60==0&reg_ema50_gt_ema200_raw==1),*,loc_dist_ema20_atr_ts_band25_75==1&loc_dist_ema20_atr_ts_top70==1,reg_atr_change_rate_ts_band20_80==1&reg_atr_change_rate_ts_band40_60==0&reg_ema50_gt_ema200_raw==1,0.26811592777570087,0.26811592777570087,0.014840706869442359,0.15881633758544922,0.038148148148148146,0.002630064300712094,1.0,1.0,0.5351351351351351,466,,,0.00087952286125532,-0.007669188077046325,-0.0012768185386371098,0.00835006309961075,,0.3333333333333333,,,,-0.32207472992326813,,0.21778350515463918,0.10700237259438726,0.0310612806529075,-0.0012521916117486911,7.383601547710628,-inf,-inf,9.678891975308642e-05,0.2680191388559478,3,1,1,5,5,stage_a_context,,long,5-way,True,,production,,,0.05042428249816674,-inf,primary_target,0,ranking,rejected,"{""checks"": {""n_folds"": {""value"": 3, ""threshold"": 3, ""passed"": true}, ""presence_freq"": {""value"": 1.0, ""threshold"": 0.75, ""passed"": true}, ""directional_mean_ret"": {""value"": 0.26811592777570087, ""threshold"": 0.0, ""passed"": true}, ""hurdle_excess"": {""value"": 0.2680191388559478, ""threshold"": 0.0, ""passed"": true}, ""min_support_actual"": {""value"": 466, ""threshold"": 50, ""passed"": true}, ""is_structurally_sound"": {""value"": false, ""passed"": false}, ""trade_path_quality_score"": {""value"": -0.0012521916117486911, ""threshold"": 0.0, ""passed"": false}}, ""failures"": [""structural_soundness_fail: "", ""trade_path_quality_score=-0.001252 < 0.000000""], ""warnings"": [], ""classification"": ""rejected""}"
(*)|(loc_dist_ema20_atr_ts_band25_75==1&loc_dist_ema20_atr_ts_top70==1)|(reg_atr_change_rate_ts_band20_80==1&reg_atr_change_rate_ts_bot40==0&reg_ema20_gt_ema50_raw==0),*,loc_dist_ema20_atr_ts_band25_75==1&loc_dist_ema20_atr_ts_top70==1,reg_atr_change_rate_ts_band20_80==1&reg_atr_change_rate_ts_bot40==0&reg_ema20_gt_ema50_raw==0,0.21194550891717276,0.21194550891717276,0.012389019736078427,0.13626326123873392,0.01362962962962963,0.0009389211526830393,1.0,1.0,0.555956678700361,168,,,-0.03428889503203047,-0.03827787997669137,-0.02806942516342531,-0.027190175153066987,,0.0,,,,-0.026103993552277372,,0.09051724137931035,0.07438342326933012,0.029952136830887526,-4.8497156070064085e-06,6.135220493340273,-inf,-inf,0.00010116302345679012,0.21184434589371598,3,1,1,5,5,stage_a_context,,long,5-way,True,,production,,,0.20276736446922738,-inf,primary_target,0,ranking,rejected,"{""checks"": {""n_folds"": {""value"": 3, ""threshold"": 3, ""passed"": true}, ""presence_freq"": {""value"": 1.0, ""threshold"": 0.75, ""passed"": true}, ""directional_mean_ret"": {""value"": 0.21194550891717276, ""threshold"": 0.0, ""passed"": true}, ""hurdle_excess"": {""value"": 0.21184434589371598, ""threshold"": 0.0, ""passed"": true}, ""min_support_actual"": {""value"": 168, ""threshold"": 50, ""passed"": true}, ""is_structurally_sound"": {""value"": false, ""passed"": false}, ""trade_path_quality_score"": {""value"": -4.8497156070064085e-06, ""threshold"": 0.0, ""passed"": false}}, ""failures"": [""structural_soundness_fail: "", ""trade_path_quality_score=-0.000005 < 0.000000""], ""warnings"": [], ""classification"": ""rejected""}"
(*)|(loc_dist_ema20_atr_ts_band25_75==1&loc_dist_ema20_atr_ts_top70==1)|(reg_atr_change_rate_ts_band20_80==1&reg_ema20_gt_ema50_raw==0),*,loc_dist_ema20_atr_ts_band25_75==1&loc_dist_ema20_atr_ts_top70==1,reg_atr_change_rate_ts_band20_80==1&reg_ema20_gt_ema50_raw==0,0.21194550891717276,0.21194550891717276,0.012389019736078427,0.13626326123873392,0.01362962962962963,0.0009389211526830393,1.0,1.0,0.555956678700361,168,,,-0.03428889503203047,-0.03827787997669137,-0.02806942516342531,-0.027190175153066987,,0.0,,,,-0.026103993552277372,,0.09051724137931035,0.07438342326933012,0.029952136830887526,-4.8497156070064085e-06,6.135220493340273,-inf,-inf,0.00010116302345679012,0.21184434589371598,3,1,1,4,4,stage_a_context,,long,4-way,True,,production,,,0.20276736446922738,-inf,primary_target,0,ranking,rejected,"{""checks"": {""n_folds"": {""value"": 3, ""threshold"": 3, ""passed"": true}, ""presence_freq"": {""value"": 1.0, ""threshold"": 0.75, ""passed"": true}, ""directional_mean_ret"": {""value"": 0.21194550891717276, ""threshold"": 0.0, ""passed"": true}, ""hurdle_excess"": {""value"": 0.21184434589371598, ""threshold"": 0.0, ""passed"": true}, ""min_support_actual"": {""value"": 168, ""threshold"": 50, ""passed"": true}, ""is_structurally_sound"": {""value"": false, ""passed"": false}, ""trade_path_quality_score"": {""value"": -4.8497156070064085e-06, ""threshold"": 0.0, ""passed"": false}}, ""failures"": [""structural_soundness_fail: "", ""trade_path_quality_score=-0.000005 < 0.000000""], ""warnings"": [], ""classification"": ""rejected""}"
(*)|(loc_dist_ema20_atr_ts_band25_75==1&loc_dist_ema20_atr_ts_top70==1)|(reg_atr_change_rate_ts_band20_80==1&reg_ema20_gt_ema50_raw==1),*,loc_dist_ema20_atr_ts_band25_75==1&loc_dist_ema20_atr_ts_top70==1,reg_atr_change_rate_ts_band20_80==1&reg_ema20_gt_ema50_raw==1,0.26811592777570087,0.26811592777570087,0.014840706869442359,0.15881633758544922,0.038148148148148146,0.002630064300712094,1.0,1.0,0.5351351351351351,466,,,0.00087952286125532,-0.007669188077046325,-0.0012768185386371098,0.00835006309961075,,0.3333333333333333,,,,-0.32207472992326813,,0.21778350515463918,0.10700237259438726,0.0310612806529075,-0.0012521916117486911,7.383601547710628,-inf,-inf,9.678891975308642e-05,0.2680191388559478,3,2,2,4,4,stage_a_context,,long,4-way,True,,production,,,0.05042428249816674,-inf,primary_target,0,ranking,rejected,"{""checks"": {""n_folds"": {""value"": 3, ""threshold"": 3, ""passed"": true}, ""presence_freq"": {""value"": 1.0, ""threshold"": 0.75, ""passed"": true}, ""directional_mean_ret"": {""value"": 0.26811592777570087, ""threshold"": 0.0, ""passed"": true}, ""hurdle_excess"": {""value"": 0.2680191388559478, ""threshold"": 0.0, ""passed"": true}, ""min_support_actual"": {""value"": 466, ""threshold"": 50, ""passed"": true}, ""is_structurally_sound"": {""value"": false, ""passed"": false}, ""trade_path_quality_score"": {""value"": -0.0012521916117486911, ""threshold"": 0.0, ""passed"": false}}, ""failures"": [""structural_soundness_fail: "", ""trade_path_quality_score=-0.001252 < 0.000000""], ""warnings"": [], ""classification"": ""rejected""}"
(*)|(loc_dist_ema20_atr_ts_band25_75==1&loc_dist_ema20_atr_ts_top70==1)|(reg_atr_change_rate_ts_band20_80==1&reg_ema50_gt_ema200_raw==0),*,loc_dist_ema20_atr_ts_band25_75==1&loc_dist_ema20_atr_ts_top70==1,reg_atr_change_rate_ts_band20_80==1&reg_ema50_gt_ema200_raw==0,0.21194550891717276,0.21194550891717276,0.012389019736078427,0.13626326123873392,0.01362962962962963,0.0009389211526830393,1.0,1.0,0.555956678700361,168,,,-0.03428889503203047,-0.03827787997669137,-0.02806942516342531,-0.027190175153066987,,0.0,,,,-0.026103993552277372,,0.09051724137931035,0.07438342326933012,0.029952136830887526,-4.8497156070064085e-06,6.135220493340273,-inf,-inf,0.00010116302345679012,0.21184434589371598,3,1,1,4,4,stage_a_context,,long,4-way,True,,production,,,0.20276736446922738,-inf,primary_target,0,ranking,rejected,"{""checks"": {""n_folds"": {""value"": 3, ""threshold"": 3, ""passed"": true}, ""presence_freq"": {""value"": 1.0, ""threshold"": 0.75, ""passed"": true}, ""directional_mean_ret"": {""value"": 0.21194550891717276, ""threshold"": 0.0, ""passed"": true}, ""hurdle_excess"": {""value"": 0.21184434589371598, ""threshold"": 0.0, ""passed"": true}, ""min_support_actual"": {""value"": 168, ""threshold"": 50, ""passed"": true}, ""is_structurally_sound"": {""value"": false, ""passed"": false}, ""trade_path_quality_score"": {""value"": -4.8497156070064085e-06, ""threshold"": 0.0, ""passed"": false}}, ""failures"": [""structural_soundness_fail: "", ""trade_path_quality_score=-0.000005 < 0.000000""], ""warnings"": [], ""classification"": ""rejected""}"
(*)|(loc_dist_ema20_atr_ts_band25_75==1&loc_dist_ema20_atr_ts_top70==1)|(reg_atr_change_rate_ts_band20_80==1&reg_ema50_gt_ema200_raw==1),*,loc_dist_ema20_atr_ts_band25_75==1&loc_dist_ema20_atr_ts_top70==1,reg_atr_change_rate_ts_band20_80==1&reg_ema50_gt_ema200_raw==1,0.26811592777570087,0.26811592777570087,0.014840706869442359,0.15881633758544922,0.038148148148148146,0.002630064300712094,1.0,1.0,0.5351351351351351,466,,,0.00087952286125532,-0.007669188077046325,-0.0012768185386371098,0.00835006309961075,,0.3333333333333333,,,,-0.32207472992326813,,0.21778350515463918,0.10700237259438726,0.0310612806529075,-0.0012521916117486911,7.383601547710628,-inf,-inf,9.678891975308642e-05,0.2680191388559478,3,1,1,4,4,stage_a_context,,long,4-way,True,,production,,,0.05042428249816674,-inf,primary_target,0,ranking,rejected,"{""checks"": {""n_folds"": {""value"": 3, ""threshold"": 3, ""passed"": true}, ""presence_freq"": {""value"": 1.0, ""threshold"": 0.75, ""passed"": true}, ""directional_mean_ret"": {""value"": 0.26811592777570087, ""threshold"": 0.0, ""passed"": true}, ""hurdle_excess"": {""value"": 0.2680191388559478, ""threshold"": 0.0, ""passed"": true}, ""min_support_actual"": {""value"": 466, ""threshold"": 50, ""passed"": true}, ""is_structurally_sound"": {""value"": false, ""passed"": false}, ""trade_path_quality_score"": {""value"": -0.0012521916117486911, ""threshold"": 0.0, ""passed"": false}}, ""failures"": [""structural_soundness_fail: "", ""trade_path_quality_score=-0.001252 < 0.000000""], ""warnings"": [], ""classification"": ""rejected""}"
(*)|(loc_dist_ema20_atr_ts_band25_75==1&loc_dist_ema20_atr_ts_top70==1)|(reg_ema20_gt_ema50_raw==0),*,loc_dist_ema20_atr_ts_band25_75==1&loc_dist_ema20_atr_ts_top70==1,reg_ema20_gt_ema50_raw==0,0.21194550891717276,0.21194550891717276,0.012389019736078427,0.13626326123873392,0.01362962962962963,0.0009389211526830393,1.0,1.0,0.555956678700361,168,,,-0.03428889503203047,-0.03827787997669137,-0.02806942516342531,-0.027190175153066987,,0.0,,,,-0.026103993552277372,,0.09051724137931035,0.07438342326933012,0.029952136830887526,-4.8497156070064085e-06,6.135220493340273,-inf,-inf,7.868235157750341e-05,0.21186682656559525,3,1,1,3,3,stage_a_context,,long,3-way,True,,production,,,0.20276736446922738,-inf,primary_target,0,ranking,rejected,"{""checks"": {""n_folds"": {""value"": 3, ""threshold"": 3, ""passed"": true}, ""presence_freq"": {""value"": 1.0, ""threshold"": 0.75, ""passed"": true}, ""directional_mean_ret"": {""value"": 0.21194550891717276, ""threshold"": 0.0, ""passed"": true}, ""hurdle_excess"": {""value"": 0.21186682656559525, ""threshold"": 0.0, ""passed"": true}, ""min_support_actual"": {""value"": 168, ""threshold"": 50, ""passed"": true}, ""is_structurally_sound"": {""value"": false, ""passed"": false}, ""trade_path_quality_score"": {""value"": -4.8497156070064085e-06, ""threshold"": 0.0, ""passed"": false}}, ""failures"": [""structural_soundness_fail: "", ""trade_path_quality_score=-0.000005 < 0.000000""], ""warnings"": [], ""classification"": ""rejected""}"
(*)|(loc_dist_ema20_atr_ts_band25_75==1&loc_dist_ema20_atr_ts_top70==1)|(reg_ema20_gt_ema50_raw==1),*,loc_dist_ema20_atr_ts_band25_75==1&loc_dist_ema20_atr_ts_top70==1,reg_ema20_gt_ema50_raw==1,0.26811592777570087,0.26811592777570087,0.014840706869442359,0.15881633758544922,0.038148148148148146,0.002630064300712094,1.0,1.0,0.5351351351351351,466,,,0.00087952286125532,-0.007669188077046325,-0.0012768185386371098,0.00835006309961075,,0.3333333333333333,,,,-0.32207472992326813,,0.21778350515463918,0.10700237259438726,0.0310612806529075,-0.0012521916117486911,7.383601547710628,-inf,-inf,7.528027091906721e-05,0.2680406475047818,3,1,1,3,3,stage_a_context,,long,3-way,True,,production,,,0.05042428249816674,-inf,primary_target,0,ranking,rejected,"{""checks"": {""n_folds"": {""value"": 3, ""threshold"": 3, ""passed"": true}, ""presence_freq"": {""value"": 1.0, ""threshold"": 0.75, ""passed"": true}, ""directional_mean_ret"": {""value"": 0.26811592777570087, ""threshold"": 0.0, ""passed"": true}, ""hurdle_excess"": {""value"": 0.2680406475047818, ""threshold"": 0.0, ""passed"": true}, ""min_support_actual"": {""value"": 466, ""threshold"": 50, ""passed"": true}, ""is_structurally_sound"": {""value"": false, ""passed"": false}, ""trade_path_quality_score"": {""value"": -0.0012521916117486911, ""threshold"": 0.0, ""passed"": false}}, ""failures"": [""structural_soundness_fail: "", ""trade_path_quality_score=-0.001252 < 0.000000""], ""warnings"": [], ""classification"": ""rejected""}"
(*)|(loc_dist_ema20_atr_ts_band25_75==1)|(reg_atr_change_rate_ts_band20_80==1&reg_atr_change_rate_ts_band40_60==0&reg_atr_change_rate_ts_top70==0&reg_ema50_gt_ema200_raw==1),*,loc_dist_ema20_atr_ts_band25_75==1,reg_atr_change_rate_ts_band20_80==1&reg_atr_change_rate_ts_band40_60==0&reg_atr_change_rate_ts_top70==0&reg_ema50_gt_ema200_raw==1,0.2807053178548813,0.2807053178548813,0.023845703293324447,0.16661095122496286,0.023333333333333334,0.011838109316534246,1.0,1.0,0.5064027939464494,184,,,0.012582964136284921,0.0018495305653484784,0.011763950322865107,0.022906890800511455,,0.6666666666666666,,,,-0.13929375522382334,,,,0.03623904116624627,-0.00022925947978603658,7.7040027462208736,-inf,-inf,9.93025e-05,0.2806060153548813,3,1,1,5,5,stage_a_context,,long,5-way,True,,production,,,0.006987253386414816,-inf,primary_target,0,ranking,rejected,"{""checks"": {""n_folds"": {""value"": 3, ""threshold"": 3, ""passed"": true}, ""presence_freq"": {""value"": 1.0, ""threshold"": 0.75, ""passed"": true}, ""directional_mean_ret"": {""value"": 0.2807053178548813, ""threshold"": 0.0, ""passed"": true}, ""hurdle_excess"": {""value"": 0.2806060153548813, ""threshold"": 0.0, ""passed"": true}, ""min_support_actual"": {""value"": 184, ""threshold"": 50, ""passed"": true}, ""is_structurally_sound"": {""value"": false, ""passed"": false}, ""trade_path_quality_score"": {""value"": -0.00022925947978603658, ""threshold"": 0.0, ""passed"": false}}, ""failures"": [""structural_soundness_fail: "", ""trade_path_quality_score=-0.000229 < 0.000000""], ""warnings"": [], ""classification"": ""rejected""}"
(*)|(loc_dist_ema20_atr_ts_band25_75==1)|(reg_atr_change_rate_ts_band20_80==1&reg_atr_change_rate_ts_band40_60==0&reg_atr_change_rate_ts_top70==1&reg_ema50_gt_ema200_raw==0),*,loc_dist_ema20_atr_ts_band25_75==1,reg_atr_change_rate_ts_band20_80==1&reg_atr_change_rate_ts_band40_60==0&reg_atr_change_rate_ts_top70==1&reg_ema50_gt_ema200_raw==0,0.21194550891717276,0.21194550891717276,0.012389019736078427,0.13626326123873392,0.01362962962962963,0.0009389211526830393,1.0,1.0,0.555956678700361,168,,,-0.03428889503203047,-0.03827787997669137,-0.02806942516342531,-0.027190175153066987,,0.0,,,,-0.026103993552277372,,0.09051724137931035,0.07438342326933012,0.029952136830887526,-4.8497156070064085e-06,6.135220493340273,-inf,-inf,0.00010116302345679012,0.21184434589371598,3,1,1,5,5,stage_a_context,,long,5-way,True,,production,,,0.20276736446922738,-inf,primary_target,0,ranking,rejected,"{""checks"": {""n_folds"": {""value"": 3, ""threshold"": 3, ""passed"": true}, ""presence_freq"": {""value"": 1.0, ""threshold"": 0.75, ""passed"": true}, ""directional_mean_ret"": {""value"": 0.21194550891717276, ""threshold"": 0.0, ""passed"": true}, ""hurdle_excess"": {""value"": 0.21184434589371598, ""threshold"": 0.0, ""passed"": true}, ""min_support_actual"": {""value"": 168, ""threshold"": 50, ""passed"": true}, ""is_structurally_sound"": {""value"": false, ""passed"": false}, ""trade_path_quality_score"": {""value"": -4.8497156070064085e-06, ""threshold"": 0.0, ""passed"": false}}, ""failures"": [""structural_soundness_fail: "", ""trade_path_quality_score=-0.000005 < 0.000000""], ""warnings"": [], ""classification"": ""rejected""}"
(*)|(loc_dist_ema20_atr_ts_band25_75==1)|(reg_atr_change_rate_ts_band20_80==1&reg_atr_change_rate_ts_band40_60==0&reg_atr_change_rate_ts_top70==1&reg_ema50_gt_ema200_raw==1),*,loc_dist_ema20_atr_ts_band25_75==1,reg_atr_change_rate_ts_band20_80==1&reg_atr_change_rate_ts_band40_60==0&reg_atr_change_rate_ts_top70==1&reg_ema50_gt_ema200_raw==1,0.26811592777570087,0.26811592777570087,0.014840706869442359,0.15881633758544922,0.038148148148148146,0.002630064300712094,1.0,1.0,0.5351351351351351,466,,,0.00087952286125532,-0.007669188077046325,-0.0012768185386371098,0.00835006309961075,,0.3333333333333333,,,,-0.32207472992326813,,0.21778350515463918,0.10700237259438726,0.0310612806529075,-0.0012521916117486911,7.383601547710628,-inf,-inf,9.678891975308642e-05,0.2680191388559478,3,1,1,5,5,stage_a_context,,long,5-way,True,,production,,,0.05042428249816674,-inf,primary_target,0,ranking,rejected,"{""checks"": {""n_folds"": {""value"": 3, ""threshold"": 3, ""passed"": true}, ""presence_freq"": {""value"": 1.0, ""threshold"": 0.75, ""passed"": true}, ""directional_mean_ret"": {""value"": 0.26811592777570087, ""threshold"": 0.0, ""passed"": true}, ""hurdle_excess"": {""value"": 0.2680191388559478, ""threshold"": 0.0, ""passed"": true}, ""min_support_actual"": {""value"": 466, ""threshold"": 50, ""passed"": true}, ""is_structurally_sound"": {""value"": false, ""passed"": false}, ""trade_path_quality_score"": {""value"": -0.0012521916117486911, ""threshold"": 0.0, ""passed"": false}}, ""failures"": [""structural_soundness_fail: "", ""trade_path_quality_score=-0.001252 < 0.000000""], ""warnings"": [], ""classification"": ""rejected""}"
(*)|(loc_dist_ema20_atr_ts_band25_75==1)|(reg_atr_change_rate_ts_band20_80==1&reg_atr_change_rate_ts_bot40==1&reg_atr_change_rate_ts_top30==0&reg_ema20_gt_ema50_raw==0),*,loc_dist_ema20_atr_ts_band25_75==1,reg_atr_change_rate_ts_band20_80==1&reg_atr_change_rate_ts_bot40==1&reg_atr_change_rate_ts_top30==0&reg_ema20_gt_ema50_raw==0,0.2631906767686208,0.2631906767686208,0.016343697055675337,0.16265031695365906,0.048716049382716044,0.003122456288303651,1.0,1.0,0.5176336746302617,623,,,-0.009850880353314146,-0.014270544446681596,-0.01395917591198115,-0.007485364039280197,,0.0,,,,0.12258595182420347,,0.043209876543209874,0.0649793295217405,0.26787530981178254,-0.0011305978802505015,6.810212137749811,-inf,-inf,9.523731700960221e-05,0.2630954394516112,3,1,1,5,5,stage_a_context,,long,5-way,True,,production,,,0.03052422649743473,-inf,primary_target,0,ranking,rejected,"{""checks"": {""n_folds"": {""value"": 3, ""threshold"": 3, ""passed"": true}, ""presence_freq"": {""value"": 1.0, ""threshold"": 0.75, ""passed"": true}, ""directional_mean_ret"": {""value"": 0.2631906767686208, ""threshold"": 0.0, ""passed"": true}, ""hurdle_excess"": {""value"": 0.2630954394516112, ""threshold"": 0.0, ""passed"": true}, ""min_support_actual"": {""value"": 623, ""threshold"": 50, ""passed"": true}, ""is_structurally_sound"": {""value"": false, ""passed"": false}, ""trade_path_quality_score"": {""value"": -0.0011305978802505015, ""threshold"": 0.0, ""passed"": false}}, ""failures"": [""structural_soundness_fail: "", ""trade_path_quality_score=-0.001131 < 0.000000""], ""warnings"": [], ""classification"": ""rejected""}"
(*)|(loc_dist_ema20_atr_ts_band25_75==1)|(reg_atr_change_rate_ts_band20_80==1&reg_atr_change_rate_ts_top30==0&reg_ema50_gt_ema200_raw==0),*,loc_dist_ema20_atr_ts_band25_75==1,reg_atr_change_rate_ts_band20_80==1&reg_atr_change_rate_ts_top30==0&reg_ema50_gt_ema200_raw==0,0.2631906767686208,0.2631906767686208,0.016343697055675337,0.16265031695365906,0.048716049382716044,0.003122456288303651,1.0,1.0,0.5176336746302617,623,,,-0.009850880353314146,-0.014270544446681596,-0.01395917591198115,-0.007485364039280197,,0.0,,,,0.12258595182420347,,0.043209876543209874,0.0649793295217405,0.26787530981178254,-0.0011305978802505015,6.810212137749811,-inf,-inf,9.523731700960221e-05,0.2630954394516112,3,1,1,4,4,stage_a_context,,long,4-way,True,,production,,,0.03052422649743473,-inf,primary_target,0,ranking,rejected,"{""checks"": {""n_folds"": {""value"": 3, ""threshold"": 3, ""passed"": true}, ""presence_freq"": {""value"": 1.0, ""threshold"": 0.75, ""passed"": true}, ""directional_mean_ret"": {""value"": 0.2631906767686208, ""threshold"": 0.0, ""passed"": true}, ""hurdle_excess"": {""value"": 0.2630954394516112, ""threshold"": 0.0, ""passed"": true}, ""min_support_actual"": {""value"": 623, ""threshold"": 50, ""passed"": true}, ""is_structurally_sound"": {""value"": false, ""passed"": false}, ""trade_path_quality_score"": {""value"": -0.0011305978802505015, ""threshold"": 0.0, ""passed"": false}}, ""failures"": [""structural_soundness_fail: "", ""trade_path_quality_score=-0.001131 < 0.000000""], ""warnings"": [], ""classification"": ""rejected""}"
(*)|(loc_dist_ema20_atr_ts_band25_75==1)|(reg_atr_change_rate_ts_band20_80==1&reg_atr_change_rate_ts_top30==1&reg_atr_change_rate_ts_top70==1&reg_ema50_gt_ema200_raw==0),*,loc_dist_ema20_atr_ts_band25_75==1,reg_atr_change_rate_ts_band20_80==1&reg_atr_change_rate_ts_top30==1&reg_atr_change_rate_ts_top70==1&reg_ema50_gt_ema200_raw==0,0.21194550891717276,0.21194550891717276,0.012389019736078427,0.13626326123873392,0.01362962962962963,0.0009389211526830393,1.0,1.0,0.555956678700361,168,,,-0.03428889503203047,-0.03827787997669137,-0.02806942516342531,-0.027190175153066987,,0.0,,,,-0.026103993552277372,,0.09051724137931035,0.07438342326933012,0.029952136830887526,-4.8497156070064085e-06,6.135220493340273,-inf,-inf,0.00010116302345679012,0.21184434589371598,3,1,1,5,5,stage_a_context,,long,5-way,True,,production,,,0.20276736446922738,-inf,primary_target,0,ranking,rejected,"{""checks"": {""n_folds"": {""value"": 3, ""threshold"": 3, ""passed"": true}, ""presence_freq"": {""value"": 1.0, ""threshold"": 0.75, ""passed"": true}, ""directional_mean_ret"": {""value"": 0.21194550891717276, ""threshold"": 0.0, ""passed"": true}, ""hurdle_excess"": {""value"": 0.21184434589371598, ""threshold"": 0.0, ""passed"": true}, ""min_support_actual"": {""value"": 168, ""threshold"": 50, ""passed"": true}, ""is_structurally_sound"": {""value"": false, ""passed"": false}, ""trade_path_quality_score"": {""value"": -4.8497156070064085e-06, ""threshold"": 0.0, ""passed"": false}}, ""failures"": [""structural_soundness_fail: "", ""trade_path_quality_score=-0.000005 < 0.000000""], ""warnings"": [], ""classification"": ""rejected""}"
(*)|(loc_dist_ema20_atr_ts_band25_75==1)|(reg_atr_change_rate_ts_band20_80==1&reg_atr_change_rate_ts_top70==0&reg_ema50_gt_ema200_raw==1),*,loc_dist_ema20_atr_ts_band25_75==1,reg_atr_change_rate_ts_band20_80==1&reg_atr_change_rate_ts_top70==0&reg_ema50_gt_ema200_raw==1,0.2807053178548813,0.2807053178548813,0.023845703293324447,0.16661095122496286,0.023333333333333334,0.011838109316534246,1.0,1.0,0.5064027939464494,184,,,0.012582964136284921,0.0018495305653484784,0.011763950322865107,0.022906890800511455,,0.6666666666666666,,,,-0.13929375522382334,,,,0.03623904116624627,-0.00022925947978603658,7.7040027462208736,-inf,-inf,9.93025e-05,0.2806060153548813,3,1,1,4,4,stage_a_context,,long,4-way,True,,production,,,0.006987253386414816,-inf,primary_target,0,ranking,rejected,"{""checks"": {""n_folds"": {""value"": 3, ""threshold"": 3, ""passed"": true}, ""presence_freq"": {""value"": 1.0, ""threshold"": 0.75, ""passed"": true}, ""directional_mean_ret"": {""value"": 0.2807053178548813, ""threshold"": 0.0, ""passed"": true}, ""hurdle_excess"": {""value"": 0.2806060153548813, ""threshold"": 0.0, ""passed"": true}, ""min_support_actual"": {""value"": 184, ""threshold"": 50, ""passed"": true}, ""is_structurally_sound"": {""value"": false, ""passed"": false}, ""trade_path_quality_score"": {""value"": -0.00022925947978603658, ""threshold"": 0.0, ""passed"": false}}, ""failures"": [""structural_soundness_fail: "", ""trade_path_quality_score=-0.000229 < 0.000000""], ""warnings"": [], ""classification"": ""rejected""}"
(*)|(loc_dist_ema20_atr_ts_band25_75==1)|(reg_atr_change_rate_ts_band20_80==1&reg_atr_change_rate_ts_top70==1&reg_ema50_gt_ema200_raw==1),*,loc_dist_ema20_atr_ts_band25_75==1,reg_atr_change_rate_ts_band20_80==1&reg_atr_change_rate_ts_top70==1&reg_ema50_gt_ema200_raw==1,0.26811592777570087,0.26811592777570087,0.014840706869442359,0.15881633758544922,0.038148148148148146,0.002630064300712094,1.0,1.0,0.5351351351351351,466,,,0.00087952286125532,-0.007669188077046325,-0.0012768185386371098,0.00835006309961075,,0.3333333333333333,,,,-0.32207472992326813,,0.21778350515463918,0.10700237259438726,0.0310612806529075,-0.0012521916117486911,7.383601547710628,-inf,-inf,9.678891975308642e-05,0.2680191388559478,3,1,1,4,4,stage_a_context,,long,4-way,True,,production,,,0.05042428249816674,-inf,primary_target,0,ranking,rejected,"{""checks"": {""n_folds"": {""value"": 3, ""threshold"": 3, ""passed"": true}, ""presence_freq"": {""value"": 1.0, ""threshold"": 0.75, ""passed"": true}, ""directional_mean_ret"": {""value"": 0.26811592777570087, ""threshold"": 0.0, ""passed"": true}, ""hurdle_excess"": {""value"": 0.2680191388559478, ""threshold"": 0.0, ""passed"": true}, ""min_support_actual"": {""value"": 466, ""threshold"": 50, ""passed"": true}, ""is_structurally_sound"": {""value"": false, ""passed"": false}, ""trade_path_quality_score"": {""value"": -0.0012521916117486911, ""threshold"": 0.0, ""passed"": false}}, ""failures"": [""structural_soundness_fail: "", ""trade_path_quality_score=-0.001252 < 0.000000""], ""warnings"": [], ""classification"": ""rejected""}"
(*)|(loc_dist_ema20_atr_ts_band25_75==1)|(reg_atr_change_rate_ts_band30_70==0&reg_atr_change_rate_ts_top30==0&reg_atr_change_rate_ts_top80==0&reg_ema20_gt_ema50_raw==0),*,loc_dist_ema20_atr_ts_band25_75==1,reg_atr_change_rate_ts_band30_70==0&reg_atr_change_rate_ts_top30==0&reg_atr_change_rate_ts_top80==0&reg_ema20_gt_ema50_raw==0,0.2631906767686208,0.2631906767686208,0.016343697055675337,0.16265031695365906,0.048716049382716044,0.003122456288303651,1.0,1.0,0.5176336746302617,623,,,-0.009850880353314146,-0.014270544446681596,-0.01395917591198115,-0.007485364039280197,,0.0,,,,0.12258595182420347,,0.043209876543209874,0.0649793295217405,0.26787530981178254,-0.0011305978802505015,6.810212137749811,-inf,-inf,9.523731700960221e-05,0.2630954394516112,3,1,1,5,5,stage_a_context,,long,5-way,True,,production,,,0.03052422649743473,-inf,primary_target,0,ranking,rejected,"{""checks"": {""n_folds"": {""value"": 3, ""threshold"": 3, ""passed"": true}, ""presence_freq"": {""value"": 1.0, ""threshold"": 0.75, ""passed"": true}, ""directional_mean_ret"": {""value"": 0.2631906767686208, ""threshold"": 0.0, ""passed"": true}, ""hurdle_excess"": {""value"": 0.2630954394516112, ""threshold"": 0.0, ""passed"": true}, ""min_support_actual"": {""value"": 623, ""threshold"": 50, ""passed"": true}, ""is_structurally_sound"": {""value"": false, ""passed"": false}, ""trade_path_quality_score"": {""value"": -0.0011305978802505015, ""threshold"": 0.0, ""passed"": false}}, ""failures"": [""structural_soundness_fail: "", ""trade_path_quality_score=-0.001131 < 0.000000""], ""warnings"": [], ""classification"": ""rejected""}"
(*)|(loc_dist_ema20_atr_ts_band25_75==1)|(reg_atr_change_rate_ts_band30_70==0&reg_atr_change_rate_ts_top30==1&reg_atr_change_rate_ts_top80==0&reg_ema20_gt_ema50_raw==0),*,loc_dist_ema20_atr_ts_band25_75==1,reg_atr_change_rate_ts_band30_70==0&reg_atr_change_rate_ts_top30==1&reg_atr_change_rate_ts_top80==0&reg_ema20_gt_ema50_raw==0,0.21194550891717276,0.21194550891717276,0.012389019736078427,0.13626326123873392,0.01362962962962963,0.0009389211526830393,1.0,1.0,0.555956678700361,168,,,-0.03428889503203047,-0.03827787997669137,-0.02806942516342531,-0.027190175153066987,,0.0,,,,-0.026103993552277372,,0.09051724137931035,0.07438342326933012,0.029952136830887526,-4.8497156070064085e-06,6.135220493340273,-inf,-inf,0.00010116302345679012,0.21184434589371598,3,1,1,5,5,stage_a_context,,long,5-way,True,,production,,,0.20276736446922738,-inf,primary_target,0,ranking,rejected,"{""checks"": {""n_folds"": {""value"": 3, ""threshold"": 3, ""passed"": true}, ""presence_freq"": {""value"": 1.0, ""threshold"": 0.75, ""passed"": true}, ""directional_mean_ret"": {""value"": 0.21194550891717276, ""threshold"": 0.0, ""passed"": true}, ""hurdle_excess"": {""value"": 0.21184434589371598, ""threshold"": 0.0, ""passed"": true}, ""min_support_actual"": {""value"": 168, ""threshold"": 50, ""passed"": true}, ""is_structurally_sound"": {""value"": false, ""passed"": false}, ""trade_path_quality_score"": {""value"": -4.8497156070064085e-06, ""threshold"": 0.0, ""passed"": false}}, ""failures"": [""structural_soundness_fail: "", ""trade_path_quality_score=-0.000005 < 0.000000""], ""warnings"": [], ""classification"": ""rejected""}"
(*)|(loc_dist_ema20_atr_ts_band25_75==1)|(reg_atr_change_rate_ts_band30_70==0&reg_atr_change_rate_ts_top80==0&reg_ema20_gt_ema50_raw==1),*,loc_dist_ema20_atr_ts_band25_75==1,reg_atr_change_rate_ts_band30_70==0&reg_atr_change_rate_ts_top80==0&reg_ema20_gt_ema50_raw==1,0.26811592777570087,0.26811592777570087,0.014840706869442359,0.15881633758544922,0.038148148148148146,0.002630064300712094,1.0,1.0,0.5351351351351351,466,,,0.00087952286125532,-0.007669188077046325,-0.0012768185386371098,0.00835006309961075,,0.3333333333333333,,,,-0.32207472992326813,,0.21778350515463918,0.10700237259438726,0.0310612806529075,-0.0012521916117486911,7.383601547710628,-inf,-inf,9.678891975308642e-05,0.2680191388559478,3,1,1,4,4,stage_a_context,,long,4-way,True,,production,,,0.05042428249816674,-inf,primary_target,0,ranking,rejected,"{""checks"": {""n_folds"": {""value"": 3, ""threshold"": 3, ""passed"": true}, ""presence_freq"": {""value"": 1.0, ""threshold"": 0.75, ""passed"": true}, ""directional_mean_ret"": {""value"": 0.26811592777570087, ""threshold"": 0.0, ""passed"": true}, ""hurdle_excess"": {""value"": 0.2680191388559478, ""threshold"": 0.0, ""passed"": true}, ""min_support_actual"": {""value"": 466, ""threshold"": 50, ""passed"": true}, ""is_structurally_sound"": {""value"": false, ""passed"": false}, ""trade_path_quality_score"": {""value"": -0.0012521916117486911, ""threshold"": 0.0, ""passed"": false}}, ""failures"": [""structural_soundness_fail: "", ""trade_path_quality_score=-0.001252 < 0.000000""], ""warnings"": [], ""classification"": ""rejected""}"
(*)|(loc_dist_ema20_atr_ts_band25_75==1)|(reg_atr_change_rate_ts_top30==0&reg_atr_change_rate_ts_top40==0&reg_atr_change_rate_ts_top70==0&reg_ema50_gt_ema200_raw==0),*,loc_dist_ema20_atr_ts_band25_75==1,reg_atr_change_rate_ts_top30==0&reg_atr_change_rate_ts_top40==0&reg_atr_change_rate_ts_top70==0&reg_ema50_gt_ema200_raw==0,0.2631906767686208,0.2631906767686208,0.016343697055675337,0.16265031695365906,0.048716049382716044,0.003122456288303651,1.0,1.0,0.5176336746302617,623,,,-0.009850880353314146,-0.014270544446681596,-0.01395917591198115,-0.007485364039280197,,0.0,,,,0.12258595182420347,,0.043209876543209874,0.0649793295217405,0.26787530981178254,-0.0011305978802505015,6.810212137749811,-inf,-inf,9.523731700960221e-05,0.2630954394516112,3,1,1,5,5,stage_a_context,,long,5-way,True,,production,,,0.03052422649743473,-inf,primary_target,0,ranking,rejected,"{""checks"": {""n_folds"": {""value"": 3, ""threshold"": 3, ""passed"": true}, ""presence_freq"": {""value"": 1.0, ""threshold"": 0.75, ""passed"": true}, ""directional_mean_ret"": {""value"": 0.2631906767686208, ""threshold"": 0.0, ""passed"": true}, ""hurdle_excess"": {""value"": 0.2630954394516112, ""threshold"": 0.0, ""passed"": true}, ""min_support_actual"": {""value"": 623, ""threshold"": 50, ""passed"": true}, ""is_structurally_sound"": {""value"": false, ""passed"": false}, ""trade_path_quality_score"": {""value"": -0.0011305978802505015, ""threshold"": 0.0, ""passed"": false}}, ""failures"": [""structural_soundness_fail: "", ""trade_path_quality_score=-0.001131 < 0.000000""], ""warnings"": [], ""classification"": ""rejected""}"
(*)|(loc_dist_ema20_atr_ts_band25_75==1)|(reg_atr_change_rate_ts_top70==0&reg_ema50_gt_ema200_raw==1),*,loc_dist_ema20_atr_ts_band25_75==1,reg_atr_change_rate_ts_top70==0&reg_ema50_gt_ema200_raw==1,0.2807053178548813,0.2807053178548813,0.023845703293324447,0.16661095122496286,0.023333333333333334,0.011838109316534246,1.0,1.0,0.5064027939464494,184,,,0.012582964136284921,0.0018495305653484784,0.011763950322865107,0.022906890800511455,,0.6666666666666666,,,,-0.13929375522382334,,,,0.03623904116624627,-0.00022925947978603658,7.7040027462208736,-inf,-inf,7.723527777777776e-05,0.28062808257710353,3,1,1,3,3,stage_a_context,,long,3-way,True,,production,,,0.006987253386414816,-inf,primary_target,0,ranking,rejected,"{""checks"": {""n_folds"": {""value"": 3, ""threshold"": 3, ""passed"": true}, ""presence_freq"": {""value"": 1.0, ""threshold"": 0.75, ""passed"": true}, ""directional_mean_ret"": {""value"": 0.2807053178548813, ""threshold"": 0.0, ""passed"": true}, ""hurdle_excess"": {""value"": 0.28062808257710353, ""threshold"": 0.0, ""passed"": true}, ""min_support_actual"": {""value"": 184, ""threshold"": 50, ""passed"": true}, ""is_structurally_sound"": {""value"": false, ""passed"": false}, ""trade_path_quality_score"": {""value"": -0.00022925947978603658, ""threshold"": 0.0, ""passed"": false}}, ""failures"": [""structural_soundness_fail: "", ""trade_path_quality_score=-0.000229 < 0.000000""], ""warnings"": [], ""classification"": ""rejected""}"
(*)|(loc_dist_ema20_atr_ts_band25_75==1)|(reg_atr_change_rate_ts_top70==1&reg_ema50_gt_ema200_raw==0),*,loc_dist_ema20_atr_ts_band25_75==1,reg_atr_change_rate_ts_top70==1&reg_ema50_gt_ema200_raw==0,0.21194550891717276,0.21194550891717276,0.012389019736078427,0.13626326123873392,0.01362962962962963,0.0009389211526830393,1.0,1.0,0.555956678700361,168,,,-0.03428889503203047,-0.03827787997669137,-0.02806942516342531,-0.027190175153066987,,0.0,,,,-0.026103993552277372,,0.09051724137931035,0.07438342326933012,0.029952136830887526,-4.8497156070064085e-06,6.135220493340273,-inf,-inf,7.868235157750341e-05,0.21186682656559525,3,1,1,3,3,stage_a_context,,long,3-way,True,,production,,,0.20276736446922738,-inf,primary_target,0,ranking,rejected,"{""checks"": {""n_folds"": {""value"": 3, ""threshold"": 3, ""passed"": true}, ""presence_freq"": {""value"": 1.0, ""threshold"": 0.75, ""passed"": true}, ""directional_mean_ret"": {""value"": 0.21194550891717276, ""threshold"": 0.0, ""passed"": true}, ""hurdle_excess"": {""value"": 0.21186682656559525, ""threshold"": 0.0, ""passed"": true}, ""min_support_actual"": {""value"": 168, ""threshold"": 50, ""passed"": true}, ""is_structurally_sound"": {""value"": false, ""passed"": false}, ""trade_path_quality_score"": {""value"": -4.8497156070064085e-06, ""threshold"": 0.0, ""passed"": false}}, ""failures"": [""structural_soundness_fail: "", ""trade_path_quality_score=-0.000005 < 0.000000""], ""warnings"": [], ""classification"": ""rejected""}"
(*)|(loc_dist_ema20_atr_ts_band25_75==1)|(reg_atr_change_rate_ts_top70==1&reg_ema50_gt_ema200_raw==1),*,loc_dist_ema20_atr_ts_band25_75==1,reg_atr_change_rate_ts_top70==1&reg_ema50_gt_ema200_raw==1,0.26811592777570087,0.26811592777570087,0.014840706869442359,0.15881633758544922,0.038148148148148146,0.002630064300712094,1.0,1.0,0.5351351351351351,466,,,0.00087952286125532,-0.007669188077046325,-0.0012768185386371098,0.00835006309961075,,0.3333333333333333,,,,-0.32207472992326813,,0.21778350515463918,0.10700237259438726,0.0310612806529075,-0.0012521916117486911,7.383601547710628,-inf,-inf,7.528027091906721e-05,0.2680406475047818,3,1,1,3,3,stage_a_context,,long,3-way,True,,production,,,0.05042428249816674,-inf,primary_target,0,ranking,rejected,"{""checks"": {""n_folds"": {""value"": 3, ""threshold"": 3, ""passed"": true}, ""presence_freq"": {""value"": 1.0, ""threshold"": 0.75, ""passed"": true}, ""directional_mean_ret"": {""value"": 0.26811592777570087, ""threshold"": 0.0, ""passed"": true}, ""hurdle_excess"": {""value"": 0.2680406475047818, ""threshold"": 0.0, ""passed"": true}, ""min_support_actual"": {""value"": 466, ""threshold"": 50, ""passed"": true}, ""is_structurally_sound"": {""value"": false, ""passed"": false}, ""trade_path_quality_score"": {""value"": -0.0012521916117486911, ""threshold"": 0.0, ""passed"": false}}, ""failures"": [""structural_soundness_fail: "", ""trade_path_quality_score=-0.001252 < 0.000000""], ""warnings"": [], ""classification"": ""rejected""}"
(*)|(loc_dist_ema20_atr_ts_band30_70==0&loc_dist_ema20_atr_ts_top30==0)|(reg_atr_change_rate_ts_band20_80==1&reg_atr_change_rate_ts_band25_75==0&reg_atr_change_rate_ts_band40_60==0&reg_ema20_gt_ema50_raw==0),*,loc_dist_ema20_atr_ts_band30_70==0&loc_dist_ema20_atr_ts_top30==0,reg_atr_change_rate_ts_band20_80==1&reg_atr_change_rate_ts_band25_75==0&reg_atr_change_rate_ts_band40_60==0&reg_ema20_gt_ema50_raw==0,0.27054087320963544,0.27054087320963544,0.012278289141472701,0.16378221909205118,0.04960493827160494,0.004345117808880777,1.0,1.0,0.5057339449541285,605,,,0.002861891697550221,-0.006380393648339745,-0.0024075316486659136,0.009469465370332119,,0.3333333333333333,,,,0.1987676516036483,,-0.36362139917695474,0.020383762835352315,0.26265694039971793,-0.0004560876536372875,6.6443927126481155,-inf,-inf,9.511597379972566e-05,0.2704457572358357,3,1,1,6,6,stage_a_context,,long,6-way,True,,production,,,0.02247996595339467,-inf,primary_target,0,ranking,rejected,"{""checks"": {""n_folds"": {""value"": 3, ""threshold"": 3, ""passed"": true}, ""presence_freq"": {""value"": 1.0, ""threshold"": 0.75, ""passed"": true}, ""directional_mean_ret"": {""value"": 0.27054087320963544, ""threshold"": 0.0, ""passed"": true}, ""hurdle_excess"": {""value"": 0.2704457572358357, ""threshold"": 0.0, ""passed"": true}, ""min_support_actual"": {""value"": 605, ""threshold"": 50, ""passed"": true}, ""is_structurally_sound"": {""value"": false, ""passed"": false}, ""trade_path_quality_score"": {""value"": -0.0004560876536372875, ""threshold"": 0.0, ""passed"": false}}, ""failures"": [""structural_soundness_fail: "", ""trade_path_quality_score=-0.000456 < 0.000000""], ""warnings"": [], ""classification"": ""rejected""}"
(*)|(loc_dist_ema20_atr_ts_band30_70==0&loc_dist_ema20_atr_ts_top30==0)|(reg_atr_change_rate_ts_band20_80==1&reg_atr_change_rate_ts_band25_75==1&reg_atr_change_rate_ts_band40_60==0),*,loc_dist_ema20_atr_ts_band30_70==0&loc_dist_ema20_atr_ts_top30==0,reg_atr_change_rate_ts_band20_80==1&reg_atr_change_rate_ts_band25_75==1&reg_atr_change_rate_ts_band40_60==0,0.2631906767686208,0.2631906767686208,0.016343697055675337,0.16265031695365906,0.048716049382716044,0.003122456288303651,1.0,1.0,0.5176336746302617,623,,,-0.009850880353314146,-0.014270544446681596,-0.01395917591198115,-0.007485364039280197,,0.0,,,,0.12258595182420347,,0.043209876543209874,0.0649793295217405,0.26787530981178254,-0.0011305978802505015,6.810212137749811,-inf,-inf,9.523731700960221e-05,0.2630954394516112,3,1,1,5,5,stage_a_context,,long,5-way,True,,production,,,0.03052422649743473,-inf,primary_target,0,ranking,rejected,"{""checks"": {""n_folds"": {""value"": 3, ""threshold"": 3, ""passed"": true}, ""presence_freq"": {""value"": 1.0, ""threshold"": 0.75, ""passed"": true}, ""directional_mean_ret"": {""value"": 0.2631906767686208, ""threshold"": 0.0, ""passed"": true}, ""hurdle_excess"": {""value"": 0.2630954394516112, ""threshold"": 0.0, ""passed"": true}, ""min_support_actual"": {""value"": 623, ""threshold"": 50, ""passed"": true}, ""is_structurally_sound"": {""value"": false, ""passed"": false}, ""trade_path_quality_score"": {""value"": -0.0011305978802505015, ""threshold"": 0.0, ""passed"": false}}, ""failures"": [""structural_soundness_fail: "", ""trade_path_quality_score=-0.001131 < 0.000000""], ""warnings"": [], ""classification"": ""rejected""}"
(*)|(loc_dist_ema20_atr_ts_band30_70==0&loc_dist_ema20_atr_ts_top30==1)|(reg_atr_change_rate_ts_band20_80==1&reg_atr_change_rate_ts_band25_75==0&reg_atr_change_rate_ts_band40_60==0&reg_ema20_gt_ema50_raw==0),*,loc_dist_ema20_atr_ts_band30_70==0&loc_dist_ema20_atr_ts_top30==1,reg_atr_change_rate_ts_band20_80==1&reg_atr_change_rate_ts_band25_75==0&reg_atr_change_rate_ts_band40_60==0&reg_ema20_gt_ema50_raw==0,0.1516115963459015,0.1516115963459015,0.0070127397775650024,0.10538330301642418,0.006790123456790124,0.001665523155954573,1.0,1.0,0.7560975609756098,65,,,-0.03166845938178916,-0.03695334622673886,-0.03166845938178916,-0.026383572536839463,,0.0,,,,-0.2033515037631621,,,,0.03623904116624627,5.224838291176923e-06,4.089630300771053,-inf,-inf,0.00010257621742112485,0.15150902012848036,3,1,1,6,6,stage_a_context,,long,6-way,True,,production,,,,-inf,primary_target,0,ranking,research,"{""checks"": {""n_folds"": {""value"": 3, ""threshold"": 3, ""passed"": true}, ""presence_freq"": {""value"": 1.0, ""threshold"": 0.75, ""passed"": true}, ""directional_mean_ret"": {""value"": 0.1516115963459015, ""threshold"": 0.0, ""passed"": true}, ""hurdle_excess"": {""value"": 0.15150902012848036, ""threshold"": 0.0, ""passed"": true}, ""min_support_actual"": {""value"": 65, ""threshold"": 50, ""passed"": true}, ""is_structurally_sound"": {""value"": false, ""passed"": false}, ""trade_path_quality_score"": {""value"": 5.224838291176923e-06, ""threshold"": 0.0, ""passed"": true}}, ""failures"": [""structural_soundness_fail: ""], ""warnings"": [], ""classification"": ""research""}"
(*)|(loc_dist_ema20_atr_ts_band30_70==0&loc_dist_ema20_atr_ts_top30==1)|(reg_atr_change_rate_ts_band20_80==1&reg_atr_change_rate_ts_band25_75==1&reg_atr_change_rate_ts_band40_60==0&reg_ema20_gt_ema50_raw==0),*,loc_dist_ema20_atr_ts_band30_70==0&loc_dist_ema20_atr_ts_top30==1,reg_atr_change_rate_ts_band20_80==1&reg_atr_change_rate_ts_band25_75==1&reg_atr_change_rate_ts_band40_60==0&reg_ema20_gt_ema50_raw==0,0.21194550891717276,0.21194550891717276,0.012389019736078427,0.13626326123873392,0.01362962962962963,0.0009389211526830393,1.0,1.0,0.555956678700361,168,,,-0.03428889503203047,-0.03827787997669137,-0.02806942516342531,-0.027190175153066987,,0.0,,,,-0.026103993552277372,,0.09051724137931035,0.07438342326933012,0.029952136830887526,-4.8497156070064085e-06,6.135220493340273,-inf,-inf,0.00010116302345679012,0.21184434589371598,3,1,1,6,6,stage_a_context,,long,6-way,True,,production,,,0.20276736446922738,-inf,primary_target,0,ranking,rejected,"{""checks"": {""n_folds"": {""value"": 3, ""threshold"": 3, ""passed"": true}, ""presence_freq"": {""value"": 1.0, ""threshold"": 0.75, ""passed"": true}, ""directional_mean_ret"": {""value"": 0.21194550891717276, ""threshold"": 0.0, ""passed"": true}, ""hurdle_excess"": {""value"": 0.21184434589371598, ""threshold"": 0.0, ""passed"": true}, ""min_support_actual"": {""value"": 168, ""threshold"": 50, ""passed"": true}, ""is_structurally_sound"": {""value"": false, ""passed"": false}, ""trade_path_quality_score"": {""value"": -4.8497156070064085e-06, ""threshold"": 0.0, ""passed"": false}}, ""failures"": [""structural_soundness_fail: "", ""trade_path_quality_score=-0.000005 < 0.000000""], ""warnings"": [], ""classification"": ""rejected""}"
(*)|(loc_dist_ema20_atr_ts_band30_70==0&loc_dist_ema20_atr_ts_top30==1)|(reg_atr_change_rate_ts_band20_80==1&reg_atr_change_rate_ts_band25_75==1&reg_atr_change_rate_ts_band40_60==0&reg_ema20_gt_ema50_raw==1),*,loc_dist_ema20_atr_ts_band30_70==0&loc_dist_ema20_atr_ts_top30==1,reg_atr_change_rate_ts_band20_80==1&reg_atr_change_rate_ts_band25_75==1&reg_atr_change_rate_ts_band40_60==0&reg_ema20_gt_ema50_raw==1,0.26811592777570087,0.26811592777570087,0.014840706869442359,0.15881633758544922,0.038148148148148146,0.002630064300712094,1.0,1.0,0.5351351351351351,466,,,0.00087952286125532,-0.007669188077046325,-0.0012768185386371098,0.00835006309961075,,0.3333333333333333,,,,-0.32207472992326813,,0.21778350515463918,0.10700237259438726,0.0310612806529075,-0.0012521916117486911,7.383601547710628,-inf,-inf,9.678891975308642e-05,0.2680191388559478,3,1,1,6,6,stage_a_context,,long,6-way,True,,production,,,0.05042428249816674,-inf,primary_target,0,ranking,rejected,"{""checks"": {""n_folds"": {""value"": 3, ""threshold"": 3, ""passed"": true}, ""presence_freq"": {""value"": 1.0, ""threshold"": 0.75, ""passed"": true}, ""directional_mean_ret"": {""value"": 0.26811592777570087, ""threshold"": 0.0, ""passed"": true}, ""hurdle_excess"": {""value"": 0.2680191388559478, ""threshold"": 0.0, ""passed"": true}, ""min_support_actual"": {""value"": 466, ""threshold"": 50, ""passed"": true}, ""is_structurally_sound"": {""value"": false, ""passed"": false}, ""trade_path_quality_score"": {""value"": -0.0012521916117486911, ""threshold"": 0.0, ""passed"": false}}, ""failures"": [""structural_soundness_fail: "", ""trade_path_quality_score=-0.001252 < 0.000000""], ""warnings"": [], ""classification"": ""rejected""}"
(*)|(loc_dist_ema20_atr_ts_band30_70==0)|(reg_atr_change_rate_ts_band20_80==1&reg_atr_change_rate_ts_band25_75==0&reg_atr_change_rate_ts_band40_60==0&reg_ema20_gt_ema50_raw==1),*,loc_dist_ema20_atr_ts_band30_70==0,reg_atr_change_rate_ts_band20_80==1&reg_atr_change_rate_ts_band25_75==0&reg_atr_change_rate_ts_band40_60==0&reg_ema20_gt_ema50_raw==1,0.26404133935769397,0.26404133935769397,0.014723705940058052,0.15525070329507193,0.04451851851851851,0.0022402560438940767,1.0,1.0,0.5185589519650655,559,,,-0.0026374332935522548,-0.0068323131352377815,0.005480278836852798,0.0056163026133358,,0.6666666666666666,,,,-0.25636893433395286,,0.08382344312482959,0.07747584647905553,0.030074388428036943,-0.0009634529765609587,7.246707358410672,-inf,-inf,9.582954197530866e-05,0.2639455098157187,3,1,1,5,5,stage_a_context,,long,5-way,True,,production,,,0.07316216014669578,-inf,primary_target,0,ranking,rejected,"{""checks"": {""n_folds"": {""value"": 3, ""threshold"": 3, ""passed"": true}, ""presence_freq"": {""value"": 1.0, ""threshold"": 0.75, ""passed"": true}, ""directional_mean_ret"": {""value"": 0.26404133935769397, ""threshold"": 0.0, ""passed"": true}, ""hurdle_excess"": {""value"": 0.2639455098157187, ""threshold"": 0.0, ""passed"": true}, ""min_support_actual"": {""value"": 559, ""threshold"": 50, ""passed"": true}, ""is_structurally_sound"": {""value"": false, ""passed"": false}, ""trade_path_quality_score"": {""value"": -0.0009634529765609587, ""threshold"": 0.0, ""passed"": false}}, ""failures"": [""structural_soundness_fail: "", ""trade_path_quality_score=-0.000963 < 0.000000""], ""warnings"": [], ""classification"": ""rejected""}"
(*)|(loc_dist_ema20_atr_ts_band30_70==1)|(reg_atr_change_rate_ts_band20_80==1&reg_atr_change_rate_ts_band40_60==0&reg_ema20_gt_ema50_raw==1),*,loc_dist_ema20_atr_ts_band30_70==1,reg_atr_change_rate_ts_band20_80==1&reg_atr_change_rate_ts_band40_60==0&reg_ema20_gt_ema50_raw==1,0.2807053178548813,0.2807053178548813,0.023845703293324447,0.16661095122496286,0.023333333333333334,0.011838109316534246,1.0,1.0,0.5064027939464494,184,,,0.012582964136284921,0.0018495305653484784,0.011763950322865107,0.022906890800511455,,0.6666666666666666,,,,-0.13929375522382334,,,,0.03623904116624627,-0.00022925947978603658,7.7040027462208736,-inf,-inf,9.93025e-05,0.2806060153548813,3,1,1,4,4,stage_a_context,,long,4-way,True,,production,,,0.006987253386414816,-inf,primary_target,0,ranking,rejected,"{""checks"": {""n_folds"": {""value"": 3, ""threshold"": 3, ""passed"": true}, ""presence_freq"": {""value"": 1.0, ""threshold"": 0.75, ""passed"": true}, ""directional_mean_ret"": {""value"": 0.2807053178548813, ""threshold"": 0.0, ""passed"": true}, ""hurdle_excess"": {""value"": 0.2806060153548813, ""threshold"": 0.0, ""passed"": true}, ""min_support_actual"": {""value"": 184, ""threshold"": 50, ""passed"": true}, ""is_structurally_sound"": {""value"": false, ""passed"": false}, ""trade_path_quality_score"": {""value"": -0.00022925947978603658, ""threshold"": 0.0, ""passed"": false}}, ""failures"": [""structural_soundness_fail: "", ""trade_path_quality_score=-0.000229 < 0.000000""], ""warnings"": [], ""classification"": ""rejected""}"
(*)|(loc_dist_ema20_atr_ts_top20==1&loc_dist_ema20_atr_ts_top80==0)|(reg_atr_change_rate_ts_band25_75==0&reg_atr_change_rate_ts_top30==0),*,loc_dist_ema20_atr_ts_top20==1&loc_dist_ema20_atr_ts_top80==0,reg_atr_change_rate_ts_band25_75==0&reg_atr_change_rate_ts_top30==0,0.27054087320963544,0.27054087320963544,0.012278289141472701,0.16378221909205118,0.04960493827160494,0.004345117808880777,1.0,1.0,0.5057339449541285,605,,,0.002861891697550221,-0.006380393648339745,-0.0024075316486659136,0.009469465370332119,,0.3333333333333333,,,,0.1987676516036483,,-0.36362139917695474,0.020383762835352315,0.26265694039971793,-0.0004560876536372875,6.6443927126481155,-inf,-inf,9.511597379972566e-05,0.2704457572358357,3,1,1,4,4,stage_a_context,,long,4-way,True,,production,,,0.02247996595339467,-inf,primary_target,0,ranking,rejected,"{""checks"": {""n_folds"": {""value"": 3, ""threshold"": 3, ""passed"": true}, ""presence_freq"": {""value"": 1.0, ""threshold"": 0.75, ""passed"": true}, ""directional_mean_ret"": {""value"": 0.27054087320963544, ""threshold"": 0.0, ""passed"": true}, ""hurdle_excess"": {""value"": 0.2704457572358357, ""threshold"": 0.0, ""passed"": true}, ""min_support_actual"": {""value"": 605, ""threshold"": 50, ""passed"": true}, ""is_structurally_sound"": {""value"": false, ""passed"": false}, ""trade_path_quality_score"": {""value"": -0.0004560876536372875, ""threshold"": 0.0, ""passed"": false}}, ""failures"": [""structural_soundness_fail: "", ""trade_path_quality_score=-0.000456 < 0.000000""], ""warnings"": [], ""classification"": ""rejected""}"
(*)|(loc_dist_ema20_atr_ts_top20==1&loc_dist_ema20_atr_ts_top80==0)|(reg_atr_change_rate_ts_band25_75==0&reg_atr_change_rate_ts_top30==1&reg_ema20_gt_ema50_raw==0),*,loc_dist_ema20_atr_ts_top20==1&loc_dist_ema20_atr_ts_top80==0,reg_atr_change_rate_ts_band25_75==0&reg_atr_change_rate_ts_top30==1&reg_ema20_gt_ema50_raw==0,0.1516115963459015,0.1516115963459015,0.0070127397775650024,0.10538330301642418,0.006790123456790124,0.001665523155954573,1.0,1.0,0.7560975609756098,65,,,-0.03166845938178916,-0.03695334622673886,-0.03166845938178916,-0.026383572536839463,,0.0,,,,-0.2033515037631621,,,,0.03623904116624627,5.224838291176923e-06,4.089630300771053,-inf,-inf,0.00010257621742112485,0.15150902012848036,3,1,1,5,5,stage_a_context,,long,5-way,True,,production,,,,-inf,primary_target,0,ranking,research,"{""checks"": {""n_folds"": {""value"": 3, ""threshold"": 3, ""passed"": true}, ""presence_freq"": {""value"": 1.0, ""threshold"": 0.75, ""passed"": true}, ""directional_mean_ret"": {""value"": 0.1516115963459015, ""threshold"": 0.0, ""passed"": true}, ""hurdle_excess"": {""value"": 0.15150902012848036, ""threshold"": 0.0, ""passed"": true}, ""min_support_actual"": {""value"": 65, ""threshold"": 50, ""passed"": true}, ""is_structurally_sound"": {""value"": false, ""passed"": false}, ""trade_path_quality_score"": {""value"": 5.224838291176923e-06, ""threshold"": 0.0, ""passed"": true}}, ""failures"": [""structural_soundness_fail: ""], ""warnings"": [], ""classification"": ""research""}"
(*)|(loc_dist_ema20_atr_ts_top20==1&loc_dist_ema20_atr_ts_top80==0)|(reg_atr_change_rate_ts_band25_75==0&reg_atr_change_rate_ts_top30==1&reg_ema20_gt_ema50_raw==1),*,loc_dist_ema20_atr_ts_top20==1&loc_dist_ema20_atr_ts_top80==0,reg_atr_change_rate_ts_band25_75==0&reg_atr_change_rate_ts_top30==1&reg_ema20_gt_ema50_raw==1,0.26404133935769397,0.26404133935769397,0.014723705940058052,0.15525070329507193,0.04451851851851851,0.0022402560438940767,1.0,1.0,0.5185589519650655,559,,,-0.0026374332935522548,-0.0068323131352377815,0.005480278836852798,0.0056163026133358,,0.6666666666666666,,,,-0.25636893433395286,,0.08382344312482959,0.07747584647905553,0.030074388428036943,-0.0009634529765609587,7.246707358410672,-inf,-inf,9.582954197530866e-05,0.2639455098157187,3,1,1,5,5,stage_a_context,,long,5-way,True,,production,,,0.07316216014669578,-inf,primary_target,0,ranking,rejected,"{""checks"": {""n_folds"": {""value"": 3, ""threshold"": 3, ""passed"": true}, ""presence_freq"": {""value"": 1.0, ""threshold"": 0.75, ""passed"": true}, ""directional_mean_ret"": {""value"": 0.26404133935769397, ""threshold"": 0.0, ""passed"": true}, ""hurdle_excess"": {""value"": 0.2639455098157187, ""threshold"": 0.0, ""passed"": true}, ""min_support_actual"": {""value"": 559, ""threshold"": 50, ""passed"": true}, ""is_structurally_sound"": {""value"": false, ""passed"": false}, ""trade_path_quality_score"": {""value"": -0.0009634529765609587, ""threshold"": 0.0, ""passed"": false}}, ""failures"": [""structural_soundness_fail: "", ""trade_path_quality_score=-0.000963 < 0.000000""], ""warnings"": [], ""classification"": ""rejected""}"
(*)|(loc_dist_ema20_atr_ts_top20==1)|(reg_atr_change_rate_ts_band25_75==0&reg_atr_change_rate_ts_top30==0&reg_atr_change_rate_ts_top80==0&reg_ema50_gt_ema200_raw==0),*,loc_dist_ema20_atr_ts_top20==1,reg_atr_change_rate_ts_band25_75==0&reg_atr_change_rate_ts_top30==0&reg_atr_change_rate_ts_top80==0&reg_ema50_gt_ema200_raw==0,0.27054087320963544,0.27054087320963544,0.012278289141472701,0.16378221909205118,0.04960493827160494,0.004345117808880777,1.0,1.0,0.5057339449541285,605,,,0.002861891697550221,-0.006380393648339745,-0.0024075316486659136,0.009469465370332119,,0.3333333333333333,,,,0.1987676516036483,,-0.36362139917695474,0.020383762835352315,0.26265694039971793,-0.0004560876536372875,6.6443927126481155,-inf,-inf,9.511597379972566e-05,0.2704457572358357,3,1,1,5,5,stage_a_context,,long,5-way,True,,production,,,0.02247996595339467,-inf,primary_target,0,ranking,rejected,"{""checks"": {""n_folds"": {""value"": 3, ""threshold"": 3, ""passed"": true}, ""presence_freq"": {""value"": 1.0, ""threshold"": 0.75, ""passed"": true}, ""directional_mean_ret"": {""value"": 0.27054087320963544, ""threshold"": 0.0, ""passed"": true}, ""hurdle_excess"": {""value"": 0.2704457572358357, ""threshold"": 0.0, ""passed"": true}, ""min_support_actual"": {""value"": 605, ""threshold"": 50, ""passed"": true}, ""is_structurally_sound"": {""value"": false, ""passed"": false}, ""trade_path_quality_score"": {""value"": -0.0004560876536372875, ""threshold"": 0.0, ""passed"": false}}, ""failures"": [""structural_soundness_fail: "", ""trade_path_quality_score=-0.000456 < 0.000000""], ""warnings"": [], ""classification"": ""rejected""}"
(*)|(loc_dist_ema20_atr_ts_top30==0&loc_dist_ema20_atr_ts_top40==0)|(reg_atr_change_rate_ts_band20_80==1&reg_atr_change_rate_ts_band25_75==0&reg_ema50_gt_ema200_raw==0),*,loc_dist_ema20_atr_ts_top30==0&loc_dist_ema20_atr_ts_top40==0,reg_atr_change_rate_ts_band20_80==1&reg_atr_change_rate_ts_band25_75==0&reg_ema50_gt_ema200_raw==0,0.27054087320963544,0.27054087320963544,0.012278289141472701,0.16378221909205118,0.04960493827160494,0.004345117808880777,1.0,1.0,0.5057339449541285,605,,,0.002861891697550221,-0.006380393648339745,-0.0024075316486659136,0.009469465370332119,,0.3333333333333333,,,,0.1987676516036483,,-0.36362139917695474,0.020383762835352315,0.26265694039971793,-0.0004560876536372875,6.6443927126481155,-inf,-inf,9.511597379972566e-05,0.2704457572358357,3,1,1,5,5,stage_a_context,,long,5-way,True,,production,,,0.02247996595339467,-inf,primary_target,0,ranking,rejected,"{""checks"": {""n_folds"": {""value"": 3, ""threshold"": 3, ""passed"": true}, ""presence_freq"": {""value"": 1.0, ""threshold"": 0.75, ""passed"": true}, ""directional_mean_ret"": {""value"": 0.27054087320963544, ""threshold"": 0.0, ""passed"": true}, ""hurdle_excess"": {""value"": 0.2704457572358357, ""threshold"": 0.0, ""passed"": true}, ""min_support_actual"": {""value"": 605, ""threshold"": 50, ""passed"": true}, ""is_structurally_sound"": {""value"": false, ""passed"": false}, ""trade_path_quality_score"": {""value"": -0.0004560876536372875, ""threshold"": 0.0, ""passed"": false}}, ""failures"": [""structural_soundness_fail: "", ""trade_path_quality_score=-0.000456 < 0.000000""], ""warnings"": [], ""classification"": ""rejected""}"
(*)|(loc_dist_ema20_atr_ts_top30==0&loc_dist_ema20_atr_ts_top40==0)|(reg_atr_change_rate_ts_band20_80==1&reg_atr_change_rate_ts_band25_75==1&reg_ema50_gt_ema200_raw==0),*,loc_dist_ema20_atr_ts_top30==0&loc_dist_ema20_atr_ts_top40==0,reg_atr_change_rate_ts_band20_80==1&reg_atr_change_rate_ts_band25_75==1&reg_ema50_gt_ema200_raw==0,0.2631906767686208,0.2631906767686208,0.016343697055675337,0.16265031695365906,0.048716049382716044,0.003122456288303651,1.0,1.0,0.5176336746302617,623,,,-0.009850880353314146,-0.014270544446681596,-0.01395917591198115,-0.007485364039280197,,0.0,,,,0.12258595182420347,,0.043209876543209874,0.0649793295217405,0.26787530981178254,-0.0011305978802505015,6.810212137749811,-inf,-inf,9.523731700960221e-05,0.2630954394516112,3,1,1,5,5,stage_a_context,,long,5-way,True,,production,,,0.03052422649743473,-inf,primary_target,0,ranking,rejected,"{""checks"": {""n_folds"": {""value"": 3, ""threshold"": 3, ""passed"": true}, ""presence_freq"": {""value"": 1.0, ""threshold"": 0.75, ""passed"": true}, ""directional_mean_ret"": {""value"": 0.2631906767686208, ""threshold"": 0.0, ""passed"": true}, ""hurdle_excess"": {""value"": 0.2630954394516112, ""threshold"": 0.0, ""passed"": true}, ""min_support_actual"": {""value"": 623, ""threshold"": 50, ""passed"": true}, ""is_structurally_sound"": {""value"": false, ""passed"": false}, ""trade_path_quality_score"": {""value"": -0.0011305978802505015, ""threshold"": 0.0, ""passed"": false}}, ""failures"": [""structural_soundness_fail: "", ""trade_path_quality_score=-0.001131 < 0.000000""], ""warnings"": [], ""classification"": ""rejected""}"
(*)|(loc_dist_ema20_atr_ts_top30==0&loc_dist_ema20_atr_ts_top50==0)|(reg_atr_change_rate_ts_band20_80==1&reg_atr_change_rate_ts_band25_75==1&reg_atr_change_rate_ts_top60==0),*,loc_dist_ema20_atr_ts_top30==0&loc_dist_ema20_atr_ts_top50==0,reg_atr_change_rate_ts_band20_80==1&reg_atr_change_rate_ts_band25_75==1&reg_atr_change_rate_ts_top60==0,0.2631906767686208,0.2631906767686208,0.016343697055675337,0.16265031695365906,0.048716049382716044,0.003122456288303651,1.0,1.0,0.5176336746302617,623,,,-0.009850880353314146,-0.014270544446681596,-0.01395917591198115,-0.007485364039280197,,0.0,,,,0.12258595182420347,,0.043209876543209874,0.0649793295217405,0.26787530981178254,-0.0011305978802505015,6.810212137749811,-inf,-inf,9.523731700960221e-05,0.2630954394516112,3,1,1,5,5,stage_a_context,,long,5-way,True,,production,,,0.03052422649743473,-inf,primary_target,0,ranking,rejected,"{""checks"": {""n_folds"": {""value"": 3, ""threshold"": 3, ""passed"": true}, ""presence_freq"": {""value"": 1.0, ""threshold"": 0.75, ""passed"": true}, ""directional_mean_ret"": {""value"": 0.2631906767686208, ""threshold"": 0.0, ""passed"": true}, ""hurdle_excess"": {""value"": 0.2630954394516112, ""threshold"": 0.0, ""passed"": true}, ""min_support_actual"": {""value"": 623, ""threshold"": 50, ""passed"": true}, ""is_structurally_sound"": {""value"": false, ""passed"": false}, ""trade_path_quality_score"": {""value"": -0.0011305978802505015, ""threshold"": 0.0, ""passed"": false}}, ""failures"": [""structural_soundness_fail: "", ""trade_path_quality_score=-0.001131 < 0.000000""], ""warnings"": [], ""classification"": ""rejected""}"
(*)|(loc_dist_ema20_atr_ts_top30==0&loc_dist_ema20_atr_ts_top80==0)|(reg_atr_change_rate_ts_band25_75==0&reg_atr_change_rate_ts_top20==1),*,loc_dist_ema20_atr_ts_top30==0&loc_dist_ema20_atr_ts_top80==0,reg_atr_change_rate_ts_band25_75==0&reg_atr_change_rate_ts_top20==1,0.27054087320963544,0.27054087320963544,0.012278289141472701,0.16378221909205118,0.04960493827160494,0.004345117808880777,1.0,1.0,0.5057339449541285,605,,,0.002861891697550221,-0.006380393648339745,-0.0024075316486659136,0.009469465370332119,,0.3333333333333333,,,,0.1987676516036483,,-0.36362139917695474,0.020383762835352315,0.26265694039971793,-0.0004560876536372875,6.6443927126481155,-inf,-inf,9.511597379972566e-05,0.2704457572358357,3,1,1,4,4,stage_a_context,,long,4-way,True,,production,,,0.02247996595339467,-inf,primary_target,0,ranking,rejected,"{""checks"": {""n_folds"": {""value"": 3, ""threshold"": 3, ""passed"": true}, ""presence_freq"": {""value"": 1.0, ""threshold"": 0.75, ""passed"": true}, ""directional_mean_ret"": {""value"": 0.27054087320963544, ""threshold"": 0.0, ""passed"": true}, ""hurdle_excess"": {""value"": 0.2704457572358357, ""threshold"": 0.0, ""passed"": true}, ""min_support_actual"": {""value"": 605, ""threshold"": 50, ""passed"": true}, ""is_structurally_sound"": {""value"": false, ""passed"": false}, ""trade_path_quality_score"": {""value"": -0.0004560876536372875, ""threshold"": 0.0, ""passed"": false}}, ""failures"": [""structural_soundness_fail: "", ""trade_path_quality_score=-0.000456 < 0.000000""], ""warnings"": [], ""classification"": ""rejected""}"
(*)|(loc_dist_ema20_atr_ts_top30==0)|(reg_atr_change_rate_ts_band20_80==1&reg_atr_change_rate_ts_band25_75==0&reg_atr_change_rate_ts_band40_60==0&reg_atr_change_rate_ts_top40==0),*,loc_dist_ema20_atr_ts_top30==0,reg_atr_change_rate_ts_band20_80==1&reg_atr_change_rate_ts_band25_75==0&reg_atr_change_rate_ts_band40_60==0&reg_atr_change_rate_ts_top40==0,0.27054087320963544,0.27054087320963544,0.012278289141472701,0.16378221909205118,0.04960493827160494,0.004345117808880777,1.0,1.0,0.5057339449541285,605,,,0.002861891697550221,-0.006380393648339745,-0.0024075316486659136,0.009469465370332119,,0.3333333333333333,,,,0.1987676516036483,,-0.36362139917695474,0.020383762835352315,0.26265694039971793,-0.0004560876536372875,6.6443927126481155,-inf,-inf,9.511597379972566e-05,0.2704457572358357,3,1,1,5,5,stage_a_context,,long,5-way,True,,production,,,0.02247996595339467,-inf,primary_target,0,ranking,rejected,"{""checks"": {""n_folds"": {""value"": 3, ""threshold"": 3, ""passed"": true}, ""presence_freq"": {""value"": 1.0, ""threshold"": 0.75, ""passed"": true}, ""directional_mean_ret"": {""value"": 0.27054087320963544, ""threshold"": 0.0, ""passed"": true}, ""hurdle_excess"": {""value"": 0.2704457572358357, ""threshold"": 0.0, ""passed"": true}, ""min_support_actual"": {""value"": 605, ""threshold"": 50, ""passed"": true}, ""is_structurally_sound"": {""value"": false, ""passed"": false}, ""trade_path_quality_score"": {""value"": -0.0004560876536372875, ""threshold"": 0.0, ""passed"": false}}, ""failures"": [""structural_soundness_fail: "", ""trade_path_quality_score=-0.000456 < 0.000000""], ""warnings"": [], ""classification"": ""rejected""}"
(*)|(loc_dist_ema20_atr_ts_top30==0)|(reg_atr_change_rate_ts_band20_80==1&reg_atr_change_rate_ts_band25_75==0&reg_atr_change_rate_ts_band40_60==0),*,loc_dist_ema20_atr_ts_top30==0,reg_atr_change_rate_ts_band20_80==1&reg_atr_change_rate_ts_band25_75==0&reg_atr_change_rate_ts_band40_60==0,0.27054087320963544,0.27054087320963544,0.012278289141472701,0.16378221909205118,0.04960493827160494,0.004345117808880777,1.0,1.0,0.5057339449541285,605,,,0.002861891697550221,-0.006380393648339745,-0.0024075316486659136,0.009469465370332119,,0.3333333333333333,,,,0.1987676516036483,,-0.36362139917695474,0.020383762835352315,0.26265694039971793,-0.0004560876536372875,6.6443927126481155,-inf,-inf,9.511597379972566e-05,0.2704457572358357,3,2,2,4,4,stage_a_context,,long,4-way,True,,production,,,0.02247996595339467,-inf,primary_target,0,ranking,rejected,"{""checks"": {""n_folds"": {""value"": 3, ""threshold"": 3, ""passed"": true}, ""presence_freq"": {""value"": 1.0, ""threshold"": 0.75, ""passed"": true}, ""directional_mean_ret"": {""value"": 0.27054087320963544, ""threshold"": 0.0, ""passed"": true}, ""hurdle_excess"": {""value"": 0.2704457572358357, ""threshold"": 0.0, ""passed"": true}, ""min_support_actual"": {""value"": 605, ""threshold"": 50, ""passed"": true}, ""is_structurally_sound"": {""value"": false, ""passed"": false}, ""trade_path_quality_score"": {""value"": -0.0004560876536372875, ""threshold"": 0.0, ""passed"": false}}, ""failures"": [""structural_soundness_fail: "", ""trade_path_quality_score=-0.000456 < 0.000000""], ""warnings"": [], ""classification"": ""rejected""}"
(*)|(loc_dist_ema20_atr_ts_top30==0)|(reg_atr_change_rate_ts_band20_80==1&reg_atr_change_rate_ts_band25_75==0&reg_ema20_gt_ema50_raw==0),*,loc_dist_ema20_atr_ts_top30==0,reg_atr_change_rate_ts_band20_80==1&reg_atr_change_rate_ts_band25_75==0&reg_ema20_gt_ema50_raw==0,0.27054087320963544,0.27054087320963544,0.012278289141472701,0.16378221909205118,0.04960493827160494,0.004345117808880777,1.0,1.0,0.5057339449541285,605,,,0.002861891697550221,-0.006380393648339745,-0.0024075316486659136,0.009469465370332119,,0.3333333333333333,,,,0.1987676516036483,,-0.36362139917695474,0.020383762835352315,0.26265694039971793,-0.0004560876536372875,6.6443927126481155,-inf,-inf,9.511597379972566e-05,0.2704457572358357,3,1,1,4,4,stage_a_context,,long,4-way,True,,production,,,0.02247996595339467,-inf,primary_target,0,ranking,rejected,"{""checks"": {""n_folds"": {""value"": 3, ""threshold"": 3, ""passed"": true}, ""presence_freq"": {""value"": 1.0, ""threshold"": 0.75, ""passed"": true}, ""directional_mean_ret"": {""value"": 0.27054087320963544, ""threshold"": 0.0, ""passed"": true}, ""hurdle_excess"": {""value"": 0.2704457572358357, ""threshold"": 0.0, ""passed"": true}, ""min_support_actual"": {""value"": 605, ""threshold"": 50, ""passed"": true}, ""is_structurally_sound"": {""value"": false, ""passed"": false}, ""trade_path_quality_score"": {""value"": -0.0004560876536372875, ""threshold"": 0.0, ""passed"": false}}, ""failures"": [""structural_soundness_fail: "", ""trade_path_quality_score=-0.000456 < 0.000000""], ""warnings"": [], ""classification"": ""rejected""}"
(*)|(loc_dist_ema20_atr_ts_top30==0)|(reg_atr_change_rate_ts_band20_80==1&reg_atr_change_rate_ts_band25_75==0),*,loc_dist_ema20_atr_ts_top30==0,reg_atr_change_rate_ts_band20_80==1&reg_atr_change_rate_ts_band25_75==0,0.27054087320963544,0.27054087320963544,0.012278289141472701,0.16378221909205118,0.04960493827160494,0.004345117808880777,1.0,1.0,0.5057339449541285,605,,,0.002861891697550221,-0.006380393648339745,-0.0024075316486659136,0.009469465370332119,,0.3333333333333333,,,,0.1987676516036483,,-0.36362139917695474,0.020383762835352315,0.26265694039971793,-0.0004560876536372875,6.6443927126481155,-inf,-inf,7.397909073311994e-05,0.2704668941189023,3,1,1,3,3,stage_a_context,,long,3-way,True,,production,,,0.02247996595339467,-inf,primary_target,0,ranking,rejected,"{""checks"": {""n_folds"": {""value"": 3, ""threshold"": 3, ""passed"": true}, ""presence_freq"": {""value"": 1.0, ""threshold"": 0.75, ""passed"": true}, ""directional_mean_ret"": {""value"": 0.27054087320963544, ""threshold"": 0.0, ""passed"": true}, ""hurdle_excess"": {""value"": 0.2704668941189023, ""threshold"": 0.0, ""passed"": true}, ""min_support_actual"": {""value"": 605, ""threshold"": 50, ""passed"": true}, ""is_structurally_sound"": {""value"": false, ""passed"": false}, ""trade_path_quality_score"": {""value"": -0.0004560876536372875, ""threshold"": 0.0, ""passed"": false}}, ""failures"": [""structural_soundness_fail: "", ""trade_path_quality_score=-0.000456 < 0.000000""], ""warnings"": [], ""classification"": ""rejected""}"
(*)|(loc_dist_ema20_atr_ts_top30==0)|(reg_atr_change_rate_ts_band20_80==1&reg_atr_change_rate_ts_band25_75==1&reg_atr_change_rate_ts_band40_60==0&reg_atr_change_rate_ts_top40==0),*,loc_dist_ema20_atr_ts_top30==0,reg_atr_change_rate_ts_band20_80==1&reg_atr_change_rate_ts_band25_75==1&reg_atr_change_rate_ts_band40_60==0&reg_atr_change_rate_ts_top40==0,0.2631906767686208,0.2631906767686208,0.016343697055675337,0.16265031695365906,0.048716049382716044,0.003122456288303651,1.0,1.0,0.5176336746302617,623,,,-0.009850880353314146,-0.014270544446681596,-0.01395917591198115,-0.007485364039280197,,0.0,,,,0.12258595182420347,,0.043209876543209874,0.0649793295217405,0.26787530981178254,-0.0011305978802505015,6.810212137749811,-inf,-inf,9.523731700960221e-05,0.2630954394516112,3,1,1,5,5,stage_a_context,,long,5-way,True,,production,,,0.03052422649743473,-inf,primary_target,0,ranking,rejected,"{""checks"": {""n_folds"": {""value"": 3, ""threshold"": 3, ""passed"": true}, ""presence_freq"": {""value"": 1.0, ""threshold"": 0.75, ""passed"": true}, ""directional_mean_ret"": {""value"": 0.2631906767686208, ""threshold"": 0.0, ""passed"": true}, ""hurdle_excess"": {""value"": 0.2630954394516112, ""threshold"": 0.0, ""passed"": true}, ""min_support_actual"": {""value"": 623, ""threshold"": 50, ""passed"": true}, ""is_structurally_sound"": {""value"": false, ""passed"": false}, ""trade_path_quality_score"": {""value"": -0.0011305978802505015, ""threshold"": 0.0, ""passed"": false}}, ""failures"": [""structural_soundness_fail: "", ""trade_path_quality_score=-0.001131 < 0.000000""], ""warnings"": [], ""classification"": ""rejected""}"
(*)|(loc_dist_ema20_atr_ts_top30==0)|(reg_atr_change_rate_ts_band20_80==1&reg_atr_change_rate_ts_band25_75==1&reg_atr_change_rate_ts_band40_60==0),*,loc_dist_ema20_atr_ts_top30==0,reg_atr_change_rate_ts_band20_80==1&reg_atr_change_rate_ts_band25_75==1&reg_atr_change_rate_ts_band40_60==0,0.2631906767686208,0.2631906767686208,0.016343697055675337,0.16265031695365906,0.048716049382716044,0.003122456288303651,1.0,1.0,0.5176336746302617,623,,,-0.009850880353314146,-0.014270544446681596,-0.01395917591198115,-0.007485364039280197,,0.0,,,,0.12258595182420347,,0.043209876543209874,0.0649793295217405,0.26787530981178254,-0.0011305978802505015,6.810212137749811,-inf,-inf,9.523731700960221e-05,0.2630954394516112,3,2,2,4,4,stage_a_context,,long,4-way,True,,production,,,0.03052422649743473,-inf,primary_target,0,ranking,rejected,"{""checks"": {""n_folds"": {""value"": 3, ""threshold"": 3, ""passed"": true}, ""presence_freq"": {""value"": 1.0, ""threshold"": 0.75, ""passed"": true}, ""directional_mean_ret"": {""value"": 0.2631906767686208, ""threshold"": 0.0, ""passed"": true}, ""hurdle_excess"": {""value"": 0.2630954394516112, ""threshold"": 0.0, ""passed"": true}, ""min_support_actual"": {""value"": 623, ""threshold"": 50, ""passed"": true}, ""is_structurally_sound"": {""value"": false, ""passed"": false}, ""trade_path_quality_score"": {""value"": -0.0011305978802505015, ""threshold"": 0.0, ""passed"": false}}, ""failures"": [""structural_soundness_fail: "", ""trade_path_quality_score=-0.001131 < 0.000000""], ""warnings"": [], ""classification"": ""rejected""}"
(*)|(loc_dist_ema20_atr_ts_top30==0)|(reg_atr_change_rate_ts_band20_80==1&reg_atr_change_rate_ts_band25_75==1&reg_ema20_gt_ema50_raw==0),*,loc_dist_ema20_atr_ts_top30==0,reg_atr_change_rate_ts_band20_80==1&reg_atr_change_rate_ts_band25_75==1&reg_ema20_gt_ema50_raw==0,0.2631906767686208,0.2631906767686208,0.016343697055675337,0.16265031695365906,0.048716049382716044,0.003122456288303651,1.0,1.0,0.5176336746302617,623,,,-0.009850880353314146,-0.014270544446681596,-0.01395917591198115,-0.007485364039280197,,0.0,,,,0.12258595182420347,,0.043209876543209874,0.0649793295217405,0.26787530981178254,-0.0011305978802505015,6.810212137749811,-inf,-inf,9.523731700960221e-05,0.2630954394516112,3,1,1,4,4,stage_a_context,,long,4-way,True,,production,,,0.03052422649743473,-inf,primary_target,0,ranking,rejected,"{""checks"": {""n_folds"": {""value"": 3, ""threshold"": 3, ""passed"": true}, ""presence_freq"": {""value"": 1.0, ""threshold"": 0.75, ""passed"": true}, ""directional_mean_ret"": {""value"": 0.2631906767686208, ""threshold"": 0.0, ""passed"": true}, ""hurdle_excess"": {""value"": 0.2630954394516112, ""threshold"": 0.0, ""passed"": true}, ""min_support_actual"": {""value"": 623, ""threshold"": 50, ""passed"": true}, ""is_structurally_sound"": {""value"": false, ""passed"": false}, ""trade_path_quality_score"": {""value"": -0.0011305978802505015, ""threshold"": 0.0, ""passed"": false}}, ""failures"": [""structural_soundness_fail: "", ""trade_path_quality_score=-0.001131 < 0.000000""], ""warnings"": [], ""classification"": ""rejected""}"
(*)|(loc_dist_ema20_atr_ts_top30==0)|(reg_atr_change_rate_ts_band25_75==1&reg_atr_change_rate_ts_top70==0&reg_ema50_gt_ema200_raw==0),*,loc_dist_ema20_atr_ts_top30==0,reg_atr_change_rate_ts_band25_75==1&reg_atr_change_rate_ts_top70==0&reg_ema50_gt_ema200_raw==0,0.2631906767686208,0.2631906767686208,0.016343697055675337,0.16265031695365906,0.048716049382716044,0.003122456288303651,1.0,1.0,0.5176336746302617,623,,,-0.009850880353314146,-0.014270544446681596,-0.01395917591198115,-0.007485364039280197,,0.0,,,,0.12258595182420347,,0.043209876543209874,0.0649793295217405,0.26787530981178254,-0.0011305978802505015,6.810212137749811,-inf,-inf,9.523731700960221e-05,0.2630954394516112,3,1,1,4,4,stage_a_context,,long,4-way,True,,production,,,0.03052422649743473,-inf,primary_target,0,ranking,rejected,"{""checks"": {""n_folds"": {""value"": 3, ""threshold"": 3, ""passed"": true}, ""presence_freq"": {""value"": 1.0, ""threshold"": 0.75, ""passed"": true}, ""directional_mean_ret"": {""value"": 0.2631906767686208, ""threshold"": 0.0, ""passed"": true}, ""hurdle_excess"": {""value"": 0.2630954394516112, ""threshold"": 0.0, ""passed"": true}, ""min_support_actual"": {""value"": 623, ""threshold"": 50, ""passed"": true}, ""is_structurally_sound"": {""value"": false, ""passed"": false}, ""trade_path_quality_score"": {""value"": -0.0011305978802505015, ""threshold"": 0.0, ""passed"": false}}, ""failures"": [""structural_soundness_fail: "", ""trade_path_quality_score=-0.001131 < 0.000000""], ""warnings"": [], ""classification"": ""rejected""}"
(*)|(loc_dist_ema20_atr_ts_top30==1&loc_dist_ema20_atr_ts_top80==0)|(reg_atr_change_rate_ts_band25_75==0&reg_ema50_gt_ema200_raw==0),*,loc_dist_ema20_atr_ts_top30==1&loc_dist_ema20_atr_ts_top80==0,reg_atr_change_rate_ts_band25_75==0&reg_ema50_gt_ema200_raw==0,0.1516115963459015,0.1516115963459015,0.0070127397775650024,0.10538330301642418,0.006790123456790124,0.001665523155954573,1.0,1.0,0.7560975609756098,65,,,-0.03166845938178916,-0.03695334622673886,-0.03166845938178916,-0.026383572536839463,,0.0,,,,-0.2033515037631621,,,,0.03623904116624627,5.224838291176923e-06,4.089630300771053,-inf,-inf,0.00010257621742112485,0.15150902012848036,3,1,1,4,4,stage_a_context,,long,4-way,True,,production,,,,-inf,primary_target,0,ranking,research,"{""checks"": {""n_folds"": {""value"": 3, ""threshold"": 3, ""passed"": true}, ""presence_freq"": {""value"": 1.0, ""threshold"": 0.75, ""passed"": true}, ""directional_mean_ret"": {""value"": 0.1516115963459015, ""threshold"": 0.0, ""passed"": true}, ""hurdle_excess"": {""value"": 0.15150902012848036, ""threshold"": 0.0, ""passed"": true}, ""min_support_actual"": {""value"": 65, ""threshold"": 50, ""passed"": true}, ""is_structurally_sound"": {""value"": false, ""passed"": false}, ""trade_path_quality_score"": {""value"": 5.224838291176923e-06, ""threshold"": 0.0, ""passed"": true}}, ""failures"": [""structural_soundness_fail: ""], ""warnings"": [], ""classification"": ""research""}"
(*)|(loc_dist_ema20_atr_ts_top30==1&loc_dist_ema20_atr_ts_top80==0)|(reg_atr_change_rate_ts_band25_75==0&reg_ema50_gt_ema200_raw==1),*,loc_dist_ema20_atr_ts_top30==1&loc_dist_ema20_atr_ts_top80==0,reg_atr_change_rate_ts_band25_75==0&reg_ema50_gt_ema200_raw==1,0.26404133935769397,0.26404133935769397,0.014723705940058052,0.15525070329507193,0.04451851851851851,0.0022402560438940767,1.0,1.0,0.5185589519650655,559,,,-0.0026374332935522548,-0.0068323131352377815,0.005480278836852798,0.0056163026133358,,0.6666666666666666,,,,-0.25636893433395286,,0.08382344312482959,0.07747584647905553,0.030074388428036943,-0.0009634529765609587,7.246707358410672,-inf,-inf,9.582954197530866e-05,0.2639455098157187,3,1,1,4,4,stage_a_context,,long,4-way,True,,production,,,0.07316216014669578,-inf,primary_target,0,ranking,rejected,"{""checks"": {""n_folds"": {""value"": 3, ""threshold"": 3, ""passed"": true}, ""presence_freq"": {""value"": 1.0, ""threshold"": 0.75, ""passed"": true}, ""directional_mean_ret"": {""value"": 0.26404133935769397, ""threshold"": 0.0, ""passed"": true}, ""hurdle_excess"": {""value"": 0.2639455098157187, ""threshold"": 0.0, ""passed"": true}, ""min_support_actual"": {""value"": 559, ""threshold"": 50, ""passed"": true}, ""is_structurally_sound"": {""value"": false, ""passed"": false}, ""trade_path_quality_score"": {""value"": -0.0009634529765609587, ""threshold"": 0.0, ""passed"": false}}, ""failures"": [""structural_soundness_fail: "", ""trade_path_quality_score=-0.000963 < 0.000000""], ""warnings"": [], ""classification"": ""rejected""}"
(*)|(loc_dist_ema20_atr_ts_top30==1)|(reg_atr_change_rate_ts_band20_80==1&reg_atr_change_rate_ts_band25_75==0&reg_atr_change_rate_ts_band40_60==0&reg_atr_change_rate_ts_top40==1&reg_ema20_gt_ema50_raw==0),*,loc_dist_ema20_atr_ts_top30==1,reg_atr_change_rate_ts_band20_80==1&reg_atr_change_rate_ts_band25_75==0&reg_atr_change_rate_ts_band40_60==0&reg_atr_change_rate_ts_top40==1&reg_ema20_gt_ema50_raw==0,0.1516115963459015,0.1516115963459015,0.0070127397775650024,0.10538330301642418,0.006790123456790124,0.001665523155954573,1.0,1.0,0.7560975609756098,65,,,-0.03166845938178916,-0.03695334622673886,-0.03166845938178916,-0.026383572536839463,,0.0,,,,-0.2033515037631621,,,,0.03623904116624627,5.224838291176923e-06,4.089630300771053,-inf,-inf,0.00010257621742112485,0.15150902012848036,3,1,1,6,6,stage_a_context,,long,6-way,True,,production,,,,-inf,primary_target,0,ranking,research,"{""checks"": {""n_folds"": {""value"": 3, ""threshold"": 3, ""passed"": true}, ""presence_freq"": {""value"": 1.0, ""threshold"": 0.75, ""passed"": true}, ""directional_mean_ret"": {""value"": 0.1516115963459015, ""threshold"": 0.0, ""passed"": true}, ""hurdle_excess"": {""value"": 0.15150902012848036, ""threshold"": 0.0, ""passed"": true}, ""min_support_actual"": {""value"": 65, ""threshold"": 50, ""passed"": true}, ""is_structurally_sound"": {""value"": false, ""passed"": false}, ""trade_path_quality_score"": {""value"": 5.224838291176923e-06, ""threshold"": 0.0, ""passed"": true}}, ""failures"": [""structural_soundness_fail: ""], ""warnings"": [], ""classification"": ""research""}"
(*)|(loc_dist_ema20_atr_ts_top30==1)|(reg_atr_change_rate_ts_band20_80==1&reg_atr_change_rate_ts_band25_75==0&reg_atr_change_rate_ts_band40_60==0&reg_atr_change_rate_ts_top40==1&reg_ema20_gt_ema50_raw==1),*,loc_dist_ema20_atr_ts_top30==1,reg_atr_change_rate_ts_band20_80==1&reg_atr_change_rate_ts_band25_75==0&reg_atr_change_rate_ts_band40_60==0&reg_atr_change_rate_ts_top40==1&reg_ema20_gt_ema50_raw==1,0.26404133935769397,0.26404133935769397,0.014723705940058052,0.15525070329507193,0.04451851851851851,0.0022402560438940767,1.0,1.0,0.5185589519650655,559,,,-0.0026374332935522548,-0.0068323131352377815,0.005480278836852798,0.0056163026133358,,0.6666666666666666,,,,-0.25636893433395286,,0.08382344312482959,0.07747584647905553,0.030074388428036943,-0.0009634529765609587,7.246707358410672,-inf,-inf,9.582954197530866e-05,0.2639455098157187,3,1,1,6,6,stage_a_context,,long,6-way,True,,production,,,0.07316216014669578,-inf,primary_target,0,ranking,rejected,"{""checks"": {""n_folds"": {""value"": 3, ""threshold"": 3, ""passed"": true}, ""presence_freq"": {""value"": 1.0, ""threshold"": 0.75, ""passed"": true}, ""directional_mean_ret"": {""value"": 0.26404133935769397, ""threshold"": 0.0, ""passed"": true}, ""hurdle_excess"": {""value"": 0.2639455098157187, ""threshold"": 0.0, ""passed"": true}, ""min_support_actual"": {""value"": 559, ""threshold"": 50, ""passed"": true}, ""is_structurally_sound"": {""value"": false, ""passed"": false}, ""trade_path_quality_score"": {""value"": -0.0009634529765609587, ""threshold"": 0.0, ""passed"": false}}, ""failures"": [""structural_soundness_fail: "", ""trade_path_quality_score=-0.000963 < 0.000000""], ""warnings"": [], ""classification"": ""rejected""}"
(*)|(loc_dist_ema20_atr_ts_top30==1)|(reg_atr_change_rate_ts_band20_80==1&reg_atr_change_rate_ts_band25_75==0&reg_atr_change_rate_ts_top70==1&reg_ema20_gt_ema50_raw==0),*,loc_dist_ema20_atr_ts_top30==1,reg_atr_change_rate_ts_band20_80==1&reg_atr_change_rate_ts_band25_75==0&reg_atr_change_rate_ts_top70==1&reg_ema20_gt_ema50_raw==0,0.1516115963459015,0.1516115963459015,0.0070127397775650024,0.10538330301642418,0.006790123456790124,0.001665523155954573,1.0,1.0,0.7560975609756098,65,,,-0.03166845938178916,-0.03695334622673886,-0.03166845938178916,-0.026383572536839463,,0.0,,,,-0.2033515037631621,,,,0.03623904116624627,5.224838291176923e-06,4.089630300771053,-inf,-inf,0.00010257621742112485,0.15150902012848036,3,1,1,5,5,stage_a_context,,long,5-way,True,,production,,,,-inf,primary_target,0,ranking,research,"{""checks"": {""n_folds"": {""value"": 3, ""threshold"": 3, ""passed"": true}, ""presence_freq"": {""value"": 1.0, ""threshold"": 0.75, ""passed"": true}, ""directional_mean_ret"": {""value"": 0.1516115963459015, ""threshold"": 0.0, ""passed"": true}, ""hurdle_excess"": {""value"": 0.15150902012848036, ""threshold"": 0.0, ""passed"": true}, ""min_support_actual"": {""value"": 65, ""threshold"": 50, ""passed"": true}, ""is_structurally_sound"": {""value"": false, ""passed"": false}, ""trade_path_quality_score"": {""value"": 5.224838291176923e-06, ""threshold"": 0.0, ""passed"": true}}, ""failures"": [""structural_soundness_fail: ""], ""warnings"": [], ""classification"": ""research""}"
(*)|(loc_dist_ema20_atr_ts_top30==1)|(reg_atr_change_rate_ts_band20_80==1&reg_atr_change_rate_ts_band25_75==0&reg_ema20_gt_ema50_raw==0),*,loc_dist_ema20_atr_ts_top30==1,reg_atr_change_rate_ts_band20_80==1&reg_atr_change_rate_ts_band25_75==0&reg_ema20_gt_ema50_raw==0,0.1516115963459015,0.1516115963459015,0.0070127397775650024,0.10538330301642418,0.006790123456790124,0.001665523155954573,1.0,1.0,0.7560975609756098,65,,,-0.03166845938178916,-0.03695334622673886,-0.03166845938178916,-0.026383572536839463,,0.0,,,,-0.2033515037631621,,,,0.03623904116624627,5.224838291176923e-06,4.089630300771053,-inf,-inf,0.00010257621742112485,0.15150902012848036,3,1,1,4,4,stage_a_context,,long,4-way,True,,production,,,,-inf,primary_target,0,ranking,research,"{""checks"": {""n_folds"": {""value"": 3, ""threshold"": 3, ""passed"": true}, ""presence_freq"": {""value"": 1.0, ""threshold"": 0.75, ""passed"": true}, ""directional_mean_ret"": {""value"": 0.1516115963459015, ""threshold"": 0.0, ""passed"": true}, ""hurdle_excess"": {""value"": 0.15150902012848036, ""threshold"": 0.0, ""passed"": true}, ""min_support_actual"": {""value"": 65, ""threshold"": 50, ""passed"": true}, ""is_structurally_sound"": {""value"": false, ""passed"": false}, ""trade_path_quality_score"": {""value"": 5.224838291176923e-06, ""threshold"": 0.0, ""passed"": true}}, ""failures"": [""structural_soundness_fail: ""], ""warnings"": [], ""classification"": ""research""}"
(*)|(loc_dist_ema20_atr_ts_top30==1)|(reg_atr_change_rate_ts_band20_80==1&reg_atr_change_rate_ts_band25_75==0&reg_ema20_gt_ema50_raw==1),*,loc_dist_ema20_atr_ts_top30==1,reg_atr_change_rate_ts_band20_80==1&reg_atr_change_rate_ts_band25_75==0&reg_ema20_gt_ema50_raw==1,0.26404133935769397,0.26404133935769397,0.014723705940058052,0.15525070329507193,0.04451851851851851,0.0022402560438940767,1.0,1.0,0.5185589519650655,559,,,-0.0026374332935522548,-0.0068323131352377815,0.005480278836852798,0.0056163026133358,,0.6666666666666666,,,,-0.25636893433395286,,0.08382344312482959,0.07747584647905553,0.030074388428036943,-0.0009634529765609587,7.246707358410672,-inf,-inf,9.582954197530866e-05,0.2639455098157187,3,1,1,4,4,stage_a_context,,long,4-way,True,,production,,,0.07316216014669578,-inf,primary_target,0,ranking,rejected,"{""checks"": {""n_folds"": {""value"": 3, ""threshold"": 3, ""passed"": true}, ""presence_freq"": {""value"": 1.0, ""threshold"": 0.75, ""passed"": true}, ""directional_mean_ret"": {""value"": 0.26404133935769397, ""threshold"": 0.0, ""passed"": true}, ""hurdle_excess"": {""value"": 0.2639455098157187, ""threshold"": 0.0, ""passed"": true}, ""min_support_actual"": {""value"": 559, ""threshold"": 50, ""passed"": true}, ""is_structurally_sound"": {""value"": false, ""passed"": false}, ""trade_path_quality_score"": {""value"": -0.0009634529765609587, ""threshold"": 0.0, ""passed"": false}}, ""failures"": [""structural_soundness_fail: "", ""trade_path_quality_score=-0.000963 < 0.000000""], ""warnings"": [], ""classification"": ""rejected""}"
(*)|(loc_dist_ema20_atr_ts_top30==1)|(reg_atr_change_rate_ts_band20_80==1&reg_atr_change_rate_ts_band25_75==1&reg_atr_change_rate_ts_top70==1&reg_ema20_gt_ema50_raw==0),*,loc_dist_ema20_atr_ts_top30==1,reg_atr_change_rate_ts_band20_80==1&reg_atr_change_rate_ts_band25_75==1&reg_atr_change_rate_ts_top70==1&reg_ema20_gt_ema50_raw==0,0.21194550891717276,0.21194550891717276,0.012389019736078427,0.13626326123873392,0.01362962962962963,0.0009389211526830393,1.0,1.0,0.555956678700361,168,,,-0.03428889503203047,-0.03827787997669137,-0.02806942516342531,-0.027190175153066987,,0.0,,,,-0.026103993552277372,,0.09051724137931035,0.07438342326933012,0.029952136830887526,-4.8497156070064085e-06,6.135220493340273,-inf,-inf,0.00010116302345679012,0.21184434589371598,3,1,1,5,5,stage_a_context,,long,5-way,True,,production,,,0.20276736446922738,-inf,primary_target,0,ranking,rejected,"{""checks"": {""n_folds"": {""value"": 3, ""threshold"": 3, ""passed"": true}, ""presence_freq"": {""value"": 1.0, ""threshold"": 0.75, ""passed"": true}, ""directional_mean_ret"": {""value"": 0.21194550891717276, ""threshold"": 0.0, ""passed"": true}, ""hurdle_excess"": {""value"": 0.21184434589371598, ""threshold"": 0.0, ""passed"": true}, ""min_support_actual"": {""value"": 168, ""threshold"": 50, ""passed"": true}, ""is_structurally_sound"": {""value"": false, ""passed"": false}, ""trade_path_quality_score"": {""value"": -4.8497156070064085e-06, ""threshold"": 0.0, ""passed"": false}}, ""failures"": [""structural_soundness_fail: "", ""trade_path_quality_score=-0.000005 < 0.000000""], ""warnings"": [], ""classification"": ""rejected""}"
(*)|(loc_dist_ema20_atr_ts_top40==0&loc_dist_ema20_atr_ts_top70==0)|(reg_atr_change_rate_ts_band20_80==1&reg_atr_change_rate_ts_band25_75==0&reg_atr_change_rate_ts_band40_60==0&reg_ema20_gt_ema50_raw==0),*,loc_dist_ema20_atr_ts_top40==0&loc_dist_ema20_atr_ts_top70==0,reg_atr_change_rate_ts_band20_80==1&reg_atr_change_rate_ts_band25_75==0&reg_atr_change_rate_ts_band40_60==0&reg_ema20_gt_ema50_raw==0,0.27054087320963544,0.27054087320963544,0.012278289141472701,0.16378221909205118,0.04960493827160494,0.004345117808880777,1.0,1.0,0.5057339449541285,605,,,0.002861891697550221,-0.006380393648339745,-0.0024075316486659136,0.009469465370332119,,0.3333333333333333,,,,0.1987676516036483,,-0.36362139917695474,0.020383762835352315,0.26265694039971793,-0.0004560876536372875,6.6443927126481155,-inf,-inf,9.511597379972566e-05,0.2704457572358357,3,1,1,6,6,stage_a_context,,long,6-way,True,,production,,,0.02247996595339467,-inf,primary_target,0,ranking,rejected,"{""checks"": {""n_folds"": {""value"": 3, ""threshold"": 3, ""passed"": true}, ""presence_freq"": {""value"": 1.0, ""threshold"": 0.75, ""passed"": true}, ""directional_mean_ret"": {""value"": 0.27054087320963544, ""threshold"": 0.0, ""passed"": true}, ""hurdle_excess"": {""value"": 0.2704457572358357, ""threshold"": 0.0, ""passed"": true}, ""min_support_actual"": {""value"": 605, ""threshold"": 50, ""passed"": true}, ""is_structurally_sound"": {""value"": false, ""passed"": false}, ""trade_path_quality_score"": {""value"": -0.0004560876536372875, ""threshold"": 0.0, ""passed"": false}}, ""failures"": [""structural_soundness_fail: "", ""trade_path_quality_score=-0.000456 < 0.000000""], ""warnings"": [], ""classification"": ""rejected""}"
(*)|(loc_dist_ema20_atr_ts_top40==0&loc_dist_ema20_atr_ts_top80==0)|(reg_atr_change_rate_ts_band25_75==0&reg_atr_change_rate_ts_top20==1&reg_atr_change_rate_ts_top30==0),*,loc_dist_ema20_atr_ts_top40==0&loc_dist_ema20_atr_ts_top80==0,reg_atr_change_rate_ts_band25_75==0&reg_atr_change_rate_ts_top20==1&reg_atr_change_rate_ts_top30==0,0.27054087320963544,0.27054087320963544,0.012278289141472701,0.16378221909205118,0.04960493827160494,0.004345117808880777,1.0,1.0,0.5057339449541285,605,,,0.002861891697550221,-0.006380393648339745,-0.0024075316486659136,0.009469465370332119,,0.3333333333333333,,,,0.1987676516036483,,-0.36362139917695474,0.020383762835352315,0.26265694039971793,-0.0004560876536372875,6.6443927126481155,-inf,-inf,9.511597379972566e-05,0.2704457572358357,3,1,1,5,5,stage_a_context,,long,5-way,True,,production,,,0.02247996595339467,-inf,primary_target,0,ranking,rejected,"{""checks"": {""n_folds"": {""value"": 3, ""threshold"": 3, ""passed"": true}, ""presence_freq"": {""value"": 1.0, ""threshold"": 0.75, ""passed"": true}, ""directional_mean_ret"": {""value"": 0.27054087320963544, ""threshold"": 0.0, ""passed"": true}, ""hurdle_excess"": {""value"": 0.2704457572358357, ""threshold"": 0.0, ""passed"": true}, ""min_support_actual"": {""value"": 605, ""threshold"": 50, ""passed"": true}, ""is_structurally_sound"": {""value"": false, ""passed"": false}, ""trade_path_quality_score"": {""value"": -0.0004560876536372875, ""threshold"": 0.0, ""passed"": false}}, ""failures"": [""structural_soundness_fail: "", ""trade_path_quality_score=-0.000456 < 0.000000""], ""warnings"": [], ""classification"": ""rejected""}"
(*)|(loc_dist_ema20_atr_ts_top40==0&loc_dist_ema20_atr_ts_top80==0)|(reg_atr_change_rate_ts_band25_75==1&reg_atr_change_rate_ts_top20==1&reg_atr_change_rate_ts_top30==0),*,loc_dist_ema20_atr_ts_top40==0&loc_dist_ema20_atr_ts_top80==0,reg_atr_change_rate_ts_band25_75==1&reg_atr_change_rate_ts_top20==1&reg_atr_change_rate_ts_top30==0,0.2631906767686208,0.2631906767686208,0.016343697055675337,0.16265031695365906,0.048716049382716044,0.003122456288303651,1.0,1.0,0.5176336746302617,623,,,-0.009850880353314146,-0.014270544446681596,-0.01395917591198115,-0.007485364039280197,,0.0,,,,0.12258595182420347,,0.043209876543209874,0.0649793295217405,0.26787530981178254,-0.0011305978802505015,6.810212137749811,-inf,-inf,9.523731700960221e-05,0.2630954394516112,3,1,1,5,5,stage_a_context,,long,5-way,True,,production,,,0.03052422649743473,-inf,primary_target,0,ranking,rejected,"{""checks"": {""n_folds"": {""value"": 3, ""threshold"": 3, ""passed"": true}, ""presence_freq"": {""value"": 1.0, ""threshold"": 0.75, ""passed"": true}, ""directional_mean_ret"": {""value"": 0.2631906767686208, ""threshold"": 0.0, ""passed"": true}, ""hurdle_excess"": {""value"": 0.2630954394516112, ""threshold"": 0.0, ""passed"": true}, ""min_support_actual"": {""value"": 623, ""threshold"": 50, ""passed"": true}, ""is_structurally_sound"": {""value"": false, ""passed"": false}, ""trade_path_quality_score"": {""value"": -0.0011305978802505015, ""threshold"": 0.0, ""passed"": false}}, ""failures"": [""structural_soundness_fail: "", ""trade_path_quality_score=-0.001131 < 0.000000""], ""warnings"": [], ""classification"": ""rejected""}"
(*)|(loc_dist_ema20_atr_ts_top40==0)|(reg_atr_change_rate_ts_band25_75==1&reg_atr_change_rate_ts_bot80==1&reg_atr_change_rate_ts_top30==0&reg_ema20_gt_ema50_raw==0),*,loc_dist_ema20_atr_ts_top40==0,reg_atr_change_rate_ts_band25_75==1&reg_atr_change_rate_ts_bot80==1&reg_atr_change_rate_ts_top30==0&reg_ema20_gt_ema50_raw==0,0.2631906767686208,0.2631906767686208,0.016343697055675337,0.16265031695365906,0.048716049382716044,0.003122456288303651,1.0,1.0,0.5176336746302617,623,,,-0.009850880353314146,-0.014270544446681596,-0.01395917591198115,-0.007485364039280197,,0.0,,,,0.12258595182420347,,0.043209876543209874,0.0649793295217405,0.26787530981178254,-0.0011305978802505015,6.810212137749811,-inf,-inf,9.523731700960221e-05,0.2630954394516112,3,1,1,5,5,stage_a_context,,long,5-way,True,,production,,,0.03052422649743473,-inf,primary_target,0,ranking,rejected,"{""checks"": {""n_folds"": {""value"": 3, ""threshold"": 3, ""passed"": true}, ""presence_freq"": {""value"": 1.0, ""threshold"": 0.75, ""passed"": true}, ""directional_mean_ret"": {""value"": 0.2631906767686208, ""threshold"": 0.0, ""passed"": true}, ""hurdle_excess"": {""value"": 0.2630954394516112, ""threshold"": 0.0, ""passed"": true}, ""min_support_actual"": {""value"": 623, ""threshold"": 50, ""passed"": true}, ""is_structurally_sound"": {""value"": false, ""passed"": false}, ""trade_path_quality_score"": {""value"": -0.0011305978802505015, ""threshold"": 0.0, ""passed"": false}}, ""failures"": [""structural_soundness_fail: "", ""trade_path_quality_score=-0.001131 < 0.000000""], ""warnings"": [], ""classification"": ""rejected""}"
(*)|(loc_dist_ema20_atr_ts_top40==0)|(reg_atr_change_rate_ts_band25_75==1&reg_atr_change_rate_ts_top30==0&reg_atr_change_rate_ts_top70==0&reg_ema20_gt_ema50_raw==0),*,loc_dist_ema20_atr_ts_top40==0,reg_atr_change_rate_ts_band25_75==1&reg_atr_change_rate_ts_top30==0&reg_atr_change_rate_ts_top70==0&reg_ema20_gt_ema50_raw==0,0.2631906767686208,0.2631906767686208,0.016343697055675337,0.16265031695365906,0.048716049382716044,0.003122456288303651,1.0,1.0,0.5176336746302617,623,,,-0.009850880353314146,-0.014270544446681596,-0.01395917591198115,-0.007485364039280197,,0.0,,,,0.12258595182420347,,0.043209876543209874,0.0649793295217405,0.26787530981178254,-0.0011305978802505015,6.810212137749811,-inf,-inf,9.523731700960221e-05,0.2630954394516112,3,1,1,5,5,stage_a_context,,long,5-way,True,,production,,,0.03052422649743473,-inf,primary_target,0,ranking,rejected,"{""checks"": {""n_folds"": {""value"": 3, ""threshold"": 3, ""passed"": true}, ""presence_freq"": {""value"": 1.0, ""threshold"": 0.75, ""passed"": true}, ""directional_mean_ret"": {""value"": 0.2631906767686208, ""threshold"": 0.0, ""passed"": true}, ""hurdle_excess"": {""value"": 0.2630954394516112, ""threshold"": 0.0, ""passed"": true}, ""min_support_actual"": {""value"": 623, ""threshold"": 50, ""passed"": true}, ""is_structurally_sound"": {""value"": false, ""passed"": false}, ""trade_path_quality_score"": {""value"": -0.0011305978802505015, ""threshold"": 0.0, ""passed"": false}}, ""failures"": [""structural_soundness_fail: "", ""trade_path_quality_score=-0.001131 < 0.000000""], ""warnings"": [], ""classification"": ""rejected""}"
(*)|(loc_dist_ema20_atr_ts_top40==0)|(reg_atr_change_rate_ts_band25_75==1&reg_atr_change_rate_ts_top30==0&reg_ema50_gt_ema200_raw==0),*,loc_dist_ema20_atr_ts_top40==0,reg_atr_change_rate_ts_band25_75==1&reg_atr_change_rate_ts_top30==0&reg_ema50_gt_ema200_raw==0,0.2631906767686208,0.2631906767686208,0.016343697055675337,0.16265031695365906,0.048716049382716044,0.003122456288303651,1.0,1.0,0.5176336746302617,623,,,-0.009850880353314146,-0.014270544446681596,-0.01395917591198115,-0.007485364039280197,,0.0,,,,0.12258595182420347,,0.043209876543209874,0.0649793295217405,0.26787530981178254,-0.0011305978802505015,6.810212137749811,-inf,-inf,9.523731700960221e-05,0.2630954394516112,3,1,1,4,4,stage_a_context,,long,4-way,True,,production,,,0.03052422649743473,-inf,primary_target,0,ranking,rejected,"{""checks"": {""n_folds"": {""value"": 3, ""threshold"": 3, ""passed"": true}, ""presence_freq"": {""value"": 1.0, ""threshold"": 0.75, ""passed"": true}, ""directional_mean_ret"": {""value"": 0.2631906767686208, ""threshold"": 0.0, ""passed"": true}, ""hurdle_excess"": {""value"": 0.2630954394516112, ""threshold"": 0.0, ""passed"": true}, ""min_support_actual"": {""value"": 623, ""threshold"": 50, ""passed"": true}, ""is_structurally_sound"": {""value"": false, ""passed"": false}, ""trade_path_quality_score"": {""value"": -0.0011305978802505015, ""threshold"": 0.0, ""passed"": false}}, ""failures"": [""structural_soundness_fail: "", ""trade_path_quality_score=-0.001131 < 0.000000""], ""warnings"": [], ""classification"": ""rejected""}"
(*)|(loc_dist_ema20_atr_ts_top40==1&loc_dist_ema20_atr_ts_top60==1)|(reg_atr_change_rate_ts_band20_80==1&reg_atr_change_rate_ts_band25_75==0&reg_atr_change_rate_ts_top70==1&reg_ema50_gt_ema200_raw==0),*,loc_dist_ema20_atr_ts_top40==1&loc_dist_ema20_atr_ts_top60==1,reg_atr_change_rate_ts_band20_80==1&reg_atr_change_rate_ts_band25_75==0&reg_atr_change_rate_ts_top70==1&reg_ema50_gt_ema200_raw==0,0.1516115963459015,0.1516115963459015,0.0070127397775650024,0.10538330301642418,0.006790123456790124,0.001665523155954573,1.0,1.0,0.7560975609756098,65,,,-0.03166845938178916,-0.03695334622673886,-0.03166845938178916,-0.026383572536839463,,0.0,,,,-0.2033515037631621,,,,0.03623904116624627,5.224838291176923e-06,4.089630300771053,-inf,-inf,0.00010257621742112485,0.15150902012848036,3,1,1,6,6,stage_a_context,,long,6-way,True,,production,,,,-inf,primary_target,0,ranking,research,"{""checks"": {""n_folds"": {""value"": 3, ""threshold"": 3, ""passed"": true}, ""presence_freq"": {""value"": 1.0, ""threshold"": 0.75, ""passed"": true}, ""directional_mean_ret"": {""value"": 0.1516115963459015, ""threshold"": 0.0, ""passed"": true}, ""hurdle_excess"": {""value"": 0.15150902012848036, ""threshold"": 0.0, ""passed"": true}, ""min_support_actual"": {""value"": 65, ""threshold"": 50, ""passed"": true}, ""is_structurally_sound"": {""value"": false, ""passed"": false}, ""trade_path_quality_score"": {""value"": 5.224838291176923e-06, ""threshold"": 0.0, ""passed"": true}}, ""failures"": [""structural_soundness_fail: ""], ""warnings"": [], ""classification"": ""research""}"
(*)|(loc_dist_ema20_atr_ts_top40==1&loc_dist_ema20_atr_ts_top60==1)|(reg_atr_change_rate_ts_band20_80==1&reg_atr_change_rate_ts_band25_75==1&reg_atr_change_rate_ts_top70==1&reg_ema50_gt_ema200_raw==0),*,loc_dist_ema20_atr_ts_top40==1&loc_dist_ema20_atr_ts_top60==1,reg_atr_change_rate_ts_band20_80==1&reg_atr_change_rate_ts_band25_75==1&reg_atr_change_rate_ts_top70==1&reg_ema50_gt_ema200_raw==0,0.21194550891717276,0.21194550891717276,0.012389019736078427,0.13626326123873392,0.01362962962962963,0.0009389211526830393,1.0,1.0,0.555956678700361,168,,,-0.03428889503203047,-0.03827787997669137,-0.02806942516342531,-0.027190175153066987,,0.0,,,,-0.026103993552277372,,0.09051724137931035,0.07438342326933012,0.029952136830887526,-4.8497156070064085e-06,6.135220493340273,-inf,-inf,0.00010116302345679012,0.21184434589371598,3,1,1,6,6,stage_a_context,,long,6-way,True,,production,,,0.20276736446922738,-inf,primary_target,0,ranking,rejected,"{""checks"": {""n_folds"": {""value"": 3, ""threshold"": 3, ""passed"": true}, ""presence_freq"": {""value"": 1.0, ""threshold"": 0.75, ""passed"": true}, ""directional_mean_ret"": {""value"": 0.21194550891717276, ""threshold"": 0.0, ""passed"": true}, ""hurdle_excess"": {""value"": 0.21184434589371598, ""threshold"": 0.0, ""passed"": true}, ""min_support_actual"": {""value"": 168, ""threshold"": 50, ""passed"": true}, ""is_structurally_sound"": {""value"": false, ""passed"": false}, ""trade_path_quality_score"": {""value"": -4.8497156070064085e-06, ""threshold"": 0.0, ""passed"": false}}, ""failures"": [""structural_soundness_fail: "", ""trade_path_quality_score=-0.000005 < 0.000000""], ""warnings"": [], ""classification"": ""rejected""}"
(*)|(loc_dist_ema20_atr_ts_top40==1&loc_dist_ema20_atr_ts_top70==0&loc_dist_ema20_atr_ts_top80==0)|(reg_atr_change_rate_ts_top20==1&reg_ema20_gt_ema50_raw==1),*,loc_dist_ema20_atr_ts_top40==1&loc_dist_ema20_atr_ts_top70==0&loc_dist_ema20_atr_ts_top80==0,reg_atr_change_rate_ts_top20==1&reg_ema20_gt_ema50_raw==1,0.2807053178548813,0.2807053178548813,0.023845703293324447,0.16661095122496286,0.023333333333333334,0.011838109316534246,1.0,1.0,0.5064027939464494,184,,,0.012582964136284921,0.0018495305653484784,0.011763950322865107,0.022906890800511455,,0.6666666666666666,,,,-0.13929375522382334,,,,0.03623904116624627,-0.00022925947978603658,7.7040027462208736,-inf,-inf,9.93025e-05,0.2806060153548813,3,1,1,5,5,stage_a_context,,long,5-way,True,,production,,,0.006987253386414816,-inf,primary_target,0,ranking,rejected,"{""checks"": {""n_folds"": {""value"": 3, ""threshold"": 3, ""passed"": true}, ""presence_freq"": {""value"": 1.0, ""threshold"": 0.75, ""passed"": true}, ""directional_mean_ret"": {""value"": 0.2807053178548813, ""threshold"": 0.0, ""passed"": true}, ""hurdle_excess"": {""value"": 0.2806060153548813, ""threshold"": 0.0, ""passed"": true}, ""min_support_actual"": {""value"": 184, ""threshold"": 50, ""passed"": true}, ""is_structurally_sound"": {""value"": false, ""passed"": false}, ""trade_path_quality_score"": {""value"": -0.00022925947978603658, ""threshold"": 0.0, ""passed"": false}}, ""failures"": [""structural_soundness_fail: "", ""trade_path_quality_score=-0.000229 < 0.000000""], ""warnings"": [], ""classification"": ""rejected""}"
(*)|(loc_dist_ema20_atr_ts_top40==1&loc_dist_ema20_atr_ts_top70==1&loc_dist_ema20_atr_ts_top80==0)|(reg_atr_change_rate_ts_band25_75==0&reg_atr_change_rate_ts_top20==1&reg_ema20_gt_ema50_raw==0),*,loc_dist_ema20_atr_ts_top40==1&loc_dist_ema20_atr_ts_top70==1&loc_dist_ema20_atr_ts_top80==0,reg_atr_change_rate_ts_band25_75==0&reg_atr_change_rate_ts_top20==1&reg_ema20_gt_ema50_raw==0,0.1516115963459015,0.1516115963459015,0.0070127397775650024,0.10538330301642418,0.006790123456790124,0.001665523155954573,1.0,1.0,0.7560975609756098,65,,,-0.03166845938178916,-0.03695334622673886,-0.03166845938178916,-0.026383572536839463,,0.0,,,,-0.2033515037631621,,,,0.03623904116624627,5.224838291176923e-06,4.089630300771053,-inf,-inf,0.00010257621742112485,0.15150902012848036,3,1,1,6,6,stage_a_context,,long,6-way,True,,production,,,,-inf,primary_target,0,ranking,research,"{""checks"": {""n_folds"": {""value"": 3, ""threshold"": 3, ""passed"": true}, ""presence_freq"": {""value"": 1.0, ""threshold"": 0.75, ""passed"": true}, ""directional_mean_ret"": {""value"": 0.1516115963459015, ""threshold"": 0.0, ""passed"": true}, ""hurdle_excess"": {""value"": 0.15150902012848036, ""threshold"": 0.0, ""passed"": true}, ""min_support_actual"": {""value"": 65, ""threshold"": 50, ""passed"": true}, ""is_structurally_sound"": {""value"": false, ""passed"": false}, ""trade_path_quality_score"": {""value"": 5.224838291176923e-06, ""threshold"": 0.0, ""passed"": true}}, ""failures"": [""structural_soundness_fail: ""], ""warnings"": [], ""classification"": ""research""}"
(*)|(loc_dist_ema20_atr_ts_top40==1&loc_dist_ema20_atr_ts_top70==1&loc_dist_ema20_atr_ts_top80==0)|(reg_atr_change_rate_ts_band25_75==0&reg_atr_change_rate_ts_top20==1&reg_ema20_gt_ema50_raw==1),*,loc_dist_ema20_atr_ts_top40==1&loc_dist_ema20_atr_ts_top70==1&loc_dist_ema20_atr_ts_top80==0,reg_atr_change_rate_ts_band25_75==0&reg_atr_change_rate_ts_top20==1&reg_ema20_gt_ema50_raw==1,0.26404133935769397,0.26404133935769397,0.014723705940058052,0.15525070329507193,0.04451851851851851,0.0022402560438940767,1.0,1.0,0.5185589519650655,559,,,-0.0026374332935522548,-0.0068323131352377815,0.005480278836852798,0.0056163026133358,,0.6666666666666666,,,,-0.25636893433395286,,0.08382344312482959,0.07747584647905553,0.030074388428036943,-0.0009634529765609587,7.246707358410672,-inf,-inf,9.582954197530866e-05,0.2639455098157187,3,1,1,6,6,stage_a_context,,long,6-way,True,,production,,,0.07316216014669578,-inf,primary_target,0,ranking,rejected,"{""checks"": {""n_folds"": {""value"": 3, ""threshold"": 3, ""passed"": true}, ""presence_freq"": {""value"": 1.0, ""threshold"": 0.75, ""passed"": true}, ""directional_mean_ret"": {""value"": 0.26404133935769397, ""threshold"": 0.0, ""passed"": true}, ""hurdle_excess"": {""value"": 0.2639455098157187, ""threshold"": 0.0, ""passed"": true}, ""min_support_actual"": {""value"": 559, ""threshold"": 50, ""passed"": true}, ""is_structurally_sound"": {""value"": false, ""passed"": false}, ""trade_path_quality_score"": {""value"": -0.0009634529765609587, ""threshold"": 0.0, ""passed"": false}}, ""failures"": [""structural_soundness_fail: "", ""trade_path_quality_score=-0.000963 < 0.000000""], ""warnings"": [], ""classification"": ""rejected""}"
(*)|(loc_dist_ema20_atr_ts_top40==1&loc_dist_ema20_atr_ts_top70==1&loc_dist_ema20_atr_ts_top80==0)|(reg_atr_change_rate_ts_band25_75==1&reg_atr_change_rate_ts_top20==1&reg_ema20_gt_ema50_raw==0),*,loc_dist_ema20_atr_ts_top40==1&loc_dist_ema20_atr_ts_top70==1&loc_dist_ema20_atr_ts_top80==0,reg_atr_change_rate_ts_band25_75==1&reg_atr_change_rate_ts_top20==1&reg_ema20_gt_ema50_raw==0,0.21194550891717276,0.21194550891717276,0.012389019736078427,0.13626326123873392,0.01362962962962963,0.0009389211526830393,1.0,1.0,0.555956678700361,168,,,-0.03428889503203047,-0.03827787997669137,-0.02806942516342531,-0.027190175153066987,,0.0,,,,-0.026103993552277372,,0.09051724137931035,0.07438342326933012,0.029952136830887526,-4.8497156070064085e-06,6.135220493340273,-inf,-inf,0.00010116302345679012,0.21184434589371598,3,1,1,6,6,stage_a_context,,long,6-way,True,,production,,,0.20276736446922738,-inf,primary_target,0,ranking,rejected,"{""checks"": {""n_folds"": {""value"": 3, ""threshold"": 3, ""passed"": true}, ""presence_freq"": {""value"": 1.0, ""threshold"": 0.75, ""passed"": true}, ""directional_mean_ret"": {""value"": 0.21194550891717276, ""threshold"": 0.0, ""passed"": true}, ""hurdle_excess"": {""value"": 0.21184434589371598, ""threshold"": 0.0, ""passed"": true}, ""min_support_actual"": {""value"": 168, ""threshold"": 50, ""passed"": true}, ""is_structurally_sound"": {""value"": false, ""passed"": false}, ""trade_path_quality_score"": {""value"": -4.8497156070064085e-06, ""threshold"": 0.0, ""passed"": false}}, ""failures"": [""structural_soundness_fail: "", ""trade_path_quality_score=-0.000005 < 0.000000""], ""warnings"": [], ""classification"": ""rejected""}"
(*)|(loc_dist_ema20_atr_ts_top40==1&loc_dist_ema20_atr_ts_top70==1&loc_dist_ema20_atr_ts_top80==0)|(reg_atr_change_rate_ts_band25_75==1&reg_atr_change_rate_ts_top20==1&reg_ema20_gt_ema50_raw==1),*,loc_dist_ema20_atr_ts_top40==1&loc_dist_ema20_atr_ts_top70==1&loc_dist_ema20_atr_ts_top80==0,reg_atr_change_rate_ts_band25_75==1&reg_atr_change_rate_ts_top20==1&reg_ema20_gt_ema50_raw==1,0.26811592777570087,0.26811592777570087,0.014840706869442359,0.15881633758544922,0.038148148148148146,0.002630064300712094,1.0,1.0,0.5351351351351351,466,,,0.00087952286125532,-0.007669188077046325,-0.0012768185386371098,0.00835006309961075,,0.3333333333333333,,,,-0.32207472992326813,,0.21778350515463918,0.10700237259438726,0.0310612806529075,-0.0012521916117486911,7.383601547710628,-inf,-inf,9.678891975308642e-05,0.2680191388559478,3,1,1,6,6,stage_a_context,,long,6-way,True,,production,,,0.05042428249816674,-inf,primary_target,0,ranking,rejected,"{""checks"": {""n_folds"": {""value"": 3, ""threshold"": 3, ""passed"": true}, ""presence_freq"": {""value"": 1.0, ""threshold"": 0.75, ""passed"": true}, ""directional_mean_ret"": {""value"": 0.26811592777570087, ""threshold"": 0.0, ""passed"": true}, ""hurdle_excess"": {""value"": 0.2680191388559478, ""threshold"": 0.0, ""passed"": true}, ""min_support_actual"": {""value"": 466, ""threshold"": 50, ""passed"": true}, ""is_structurally_sound"": {""value"": false, ""passed"": false}, ""trade_path_quality_score"": {""value"": -0.0012521916117486911, ""threshold"": 0.0, ""passed"": false}}, ""failures"": [""structural_soundness_fail: "", ""trade_path_quality_score=-0.001252 < 0.000000""], ""warnings"": [], ""classification"": ""rejected""}"
(*)|(loc_dist_ema20_atr_ts_top40==1&loc_dist_ema20_atr_ts_top70==1)|(reg_atr_change_rate_ts_band25_75==1&reg_atr_change_rate_ts_bot80==1&reg_ema20_gt_ema50_raw==0),*,loc_dist_ema20_atr_ts_top40==1&loc_dist_ema20_atr_ts_top70==1,reg_atr_change_rate_ts_band25_75==1&reg_atr_change_rate_ts_bot80==1&reg_ema20_gt_ema50_raw==0,0.21194550891717276,0.21194550891717276,0.012389019736078427,0.13626326123873392,0.01362962962962963,0.0009389211526830393,1.0,1.0,0.555956678700361,168,,,-0.03428889503203047,-0.03827787997669137,-0.02806942516342531,-0.027190175153066987,,0.0,,,,-0.026103993552277372,,0.09051724137931035,0.07438342326933012,0.029952136830887526,-4.8497156070064085e-06,6.135220493340273,-inf,-inf,0.00010116302345679012,0.21184434589371598,3,1,1,5,5,stage_a_context,,long,5-way,True,,production,,,0.20276736446922738,-inf,primary_target,0,ranking,rejected,"{""checks"": {""n_folds"": {""value"": 3, ""threshold"": 3, ""passed"": true}, ""presence_freq"": {""value"": 1.0, ""threshold"": 0.75, ""passed"": true}, ""directional_mean_ret"": {""value"": 0.21194550891717276, ""threshold"": 0.0, ""passed"": true}, ""hurdle_excess"": {""value"": 0.21184434589371598, ""threshold"": 0.0, ""passed"": true}, ""min_support_actual"": {""value"": 168, ""threshold"": 50, ""passed"": true}, ""is_structurally_sound"": {""value"": false, ""passed"": false}, ""trade_path_quality_score"": {""value"": -4.8497156070064085e-06, ""threshold"": 0.0, ""passed"": false}}, ""failures"": [""structural_soundness_fail: "", ""trade_path_quality_score=-0.000005 < 0.000000""], ""warnings"": [], ""classification"": ""rejected""}"
(*)|(loc_dist_ema20_atr_ts_top40==1)|(reg_atr_change_rate_ts_band25_75==1&reg_atr_change_rate_ts_top70==1&reg_ema50_gt_ema200_raw==0),*,loc_dist_ema20_atr_ts_top40==1,reg_atr_change_rate_ts_band25_75==1&reg_atr_change_rate_ts_top70==1&reg_ema50_gt_ema200_raw==0,0.21194550891717276,0.21194550891717276,0.012389019736078427,0.13626326123873392,0.01362962962962963,0.0009389211526830393,1.0,1.0,0.555956678700361,168,,,-0.03428889503203047,-0.03827787997669137,-0.02806942516342531,-0.027190175153066987,,0.0,,,,-0.026103993552277372,,0.09051724137931035,0.07438342326933012,0.029952136830887526,-4.8497156070064085e-06,6.135220493340273,-inf,-inf,0.00010116302345679012,0.21184434589371598,3,1,1,4,4,stage_a_context,,long,4-way,True,,production,,,0.20276736446922738,-inf,primary_target,0,ranking,rejected,"{""checks"": {""n_folds"": {""value"": 3, ""threshold"": 3, ""passed"": true}, ""presence_freq"": {""value"": 1.0, ""threshold"": 0.75, ""passed"": true}, ""directional_mean_ret"": {""value"": 0.21194550891717276, ""threshold"": 0.0, ""passed"": true}, ""hurdle_excess"": {""value"": 0.21184434589371598, ""threshold"": 0.0, ""passed"": true}, ""min_support_actual"": {""value"": 168, ""threshold"": 50, ""passed"": true}, ""is_structurally_sound"": {""value"": false, ""passed"": false}, ""trade_path_quality_score"": {""value"": -4.8497156070064085e-06, ""threshold"": 0.0, ""passed"": false}}, ""failures"": [""structural_soundness_fail: "", ""trade_path_quality_score=-0.000005 < 0.000000""], ""warnings"": [], ""classification"": ""rejected""}"
(*)|(loc_dist_ema20_atr_ts_top50==1&loc_dist_ema20_atr_ts_top70==1)|(reg_atr_change_rate_ts_band20_80==1&reg_atr_change_rate_ts_band25_75==0&reg_atr_change_rate_ts_top30==1&reg_ema20_gt_ema50_raw==0),*,loc_dist_ema20_atr_ts_top50==1&loc_dist_ema20_atr_ts_top70==1,reg_atr_change_rate_ts_band20_80==1&reg_atr_change_rate_ts_band25_75==0&reg_atr_change_rate_ts_top30==1&reg_ema20_gt_ema50_raw==0,0.1516115963459015,0.1516115963459015,0.0070127397775650024,0.10538330301642418,0.006790123456790124,0.001665523155954573,1.0,1.0,0.7560975609756098,65,,,-0.03166845938178916,-0.03695334622673886,-0.03166845938178916,-0.026383572536839463,,0.0,,,,-0.2033515037631621,,,,0.03623904116624627,5.224838291176923e-06,4.089630300771053,-inf,-inf,0.00010257621742112485,0.15150902012848036,3,1,1,6,6,stage_a_context,,long,6-way,True,,production,,,,-inf,primary_target,0,ranking,research,"{""checks"": {""n_folds"": {""value"": 3, ""threshold"": 3, ""passed"": true}, ""presence_freq"": {""value"": 1.0, ""threshold"": 0.75, ""passed"": true}, ""directional_mean_ret"": {""value"": 0.1516115963459015, ""threshold"": 0.0, ""passed"": true}, ""hurdle_excess"": {""value"": 0.15150902012848036, ""threshold"": 0.0, ""passed"": true}, ""min_support_actual"": {""value"": 65, ""threshold"": 50, ""passed"": true}, ""is_structurally_sound"": {""value"": false, ""passed"": false}, ""trade_path_quality_score"": {""value"": 5.224838291176923e-06, ""threshold"": 0.0, ""passed"": true}}, ""failures"": [""structural_soundness_fail: ""], ""warnings"": [], ""classification"": ""research""}"
(*)|(loc_dist_ema20_atr_ts_top50==1&loc_dist_ema20_atr_ts_top70==1)|(reg_atr_change_rate_ts_band20_80==1&reg_atr_change_rate_ts_band25_75==1&reg_atr_change_rate_ts_top30==1&reg_ema20_gt_ema50_raw==0),*,loc_dist_ema20_atr_ts_top50==1&loc_dist_ema20_atr_ts_top70==1,reg_atr_change_rate_ts_band20_80==1&reg_atr_change_rate_ts_band25_75==1&reg_atr_change_rate_ts_top30==1&reg_ema20_gt_ema50_raw==0,0.21194550891717276,0.21194550891717276,0.012389019736078427,0.13626326123873392,0.01362962962962963,0.0009389211526830393,1.0,1.0,0.555956678700361,168,,,-0.03428889503203047,-0.03827787997669137,-0.02806942516342531,-0.027190175153066987,,0.0,,,,-0.026103993552277372,,0.09051724137931035,0.07438342326933012,0.029952136830887526,-4.8497156070064085e-06,6.135220493340273,-inf,-inf,0.00010116302345679012,0.21184434589371598,3,1,1,6,6,stage_a_context,,long,6-way,True,,production,,,0.20276736446922738,-inf,primary_target,0,ranking,rejected,"{""checks"": {""n_folds"": {""value"": 3, ""threshold"": 3, ""passed"": true}, ""presence_freq"": {""value"": 1.0, ""threshold"": 0.75, ""passed"": true}, ""directional_mean_ret"": {""value"": 0.21194550891717276, ""threshold"": 0.0, ""passed"": true}, ""hurdle_excess"": {""value"": 0.21184434589371598, ""threshold"": 0.0, ""passed"": true}, ""min_support_actual"": {""value"": 168, ""threshold"": 50, ""passed"": true}, ""is_structurally_sound"": {""value"": false, ""passed"": false}, ""trade_path_quality_score"": {""value"": -4.8497156070064085e-06, ""threshold"": 0.0, ""passed"": false}}, ""failures"": [""structural_soundness_fail: "", ""trade_path_quality_score=-0.000005 < 0.000000""], ""warnings"": [], ""classification"": ""rejected""}"
(*)|(loc_dist_ema20_atr_ts_top50==1)|(reg_atr_change_rate_ts_band20_80==1&reg_atr_change_rate_ts_band25_75==1&reg_atr_change_rate_ts_bot70==0&reg_atr_change_rate_ts_top40==1&reg_ema20_gt_ema50_raw==0),*,loc_dist_ema20_atr_ts_top50==1,reg_atr_change_rate_ts_band20_80==1&reg_atr_change_rate_ts_band25_75==1&reg_atr_change_rate_ts_bot70==0&reg_atr_change_rate_ts_top40==1&reg_ema20_gt_ema50_raw==0,0.21194550891717276,0.21194550891717276,0.012389019736078427,0.13626326123873392,0.01362962962962963,0.0009389211526830393,1.0,1.0,0.555956678700361,168,,,-0.03428889503203047,-0.03827787997669137,-0.02806942516342531,-0.027190175153066987,,0.0,,,,-0.026103993552277372,,0.09051724137931035,0.07438342326933012,0.029952136830887526,-4.8497156070064085e-06,6.135220493340273,-inf,-inf,0.00010116302345679012,0.21184434589371598,3,1,1,6,6,stage_a_context,,long,6-way,True,,production,,,0.20276736446922738,-inf,primary_target,0,ranking,rejected,"{""checks"": {""n_folds"": {""value"": 3, ""threshold"": 3, ""passed"": true}, ""presence_freq"": {""value"": 1.0, ""threshold"": 0.75, ""passed"": true}, ""directional_mean_ret"": {""value"": 0.21194550891717276, ""threshold"": 0.0, ""passed"": true}, ""hurdle_excess"": {""value"": 0.21184434589371598, ""threshold"": 0.0, ""passed"": true}, ""min_support_actual"": {""value"": 168, ""threshold"": 50, ""passed"": true}, ""is_structurally_sound"": {""value"": false, ""passed"": false}, ""trade_path_quality_score"": {""value"": -4.8497156070064085e-06, ""threshold"": 0.0, ""passed"": false}}, ""failures"": [""structural_soundness_fail: "", ""trade_path_quality_score=-0.000005 < 0.000000""], ""warnings"": [], ""classification"": ""rejected""}"
(*)|(loc_dist_ema20_atr_ts_top50==1)|(reg_atr_change_rate_ts_band25_75==1&reg_atr_change_rate_ts_top40==1&reg_atr_change_rate_ts_top70==1&reg_ema20_gt_ema50_raw==0),*,loc_dist_ema20_atr_ts_top50==1,reg_atr_change_rate_ts_band25_75==1&reg_atr_change_rate_ts_top40==1&reg_atr_change_rate_ts_top70==1&reg_ema20_gt_ema50_raw==0,0.21194550891717276,0.21194550891717276,0.012389019736078427,0.13626326123873392,0.01362962962962963,0.0009389211526830393,1.0,1.0,0.555956678700361,168,,,-0.03428889503203047,-0.03827787997669137,-0.02806942516342531,-0.027190175153066987,,0.0,,,,-0.026103993552277372,,0.09051724137931035,0.07438342326933012,0.029952136830887526,-4.8497156070064085e-06,6.135220493340273,-inf,-inf,0.00010116302345679012,0.21184434589371598,3,1,1,5,5,stage_a_context,,long,5-way,True,,production,,,0.20276736446922738,-inf,primary_target,0,ranking,rejected,"{""checks"": {""n_folds"": {""value"": 3, ""threshold"": 3, ""passed"": true}, ""presence_freq"": {""value"": 1.0, ""threshold"": 0.75, ""passed"": true}, ""directional_mean_ret"": {""value"": 0.21194550891717276, ""threshold"": 0.0, ""passed"": true}, ""hurdle_excess"": {""value"": 0.21184434589371598, ""threshold"": 0.0, ""passed"": true}, ""min_support_actual"": {""value"": 168, ""threshold"": 50, ""passed"": true}, ""is_structurally_sound"": {""value"": false, ""passed"": false}, ""trade_path_quality_score"": {""value"": -4.8497156070064085e-06, ""threshold"": 0.0, ""passed"": false}}, ""failures"": [""structural_soundness_fail: "", ""trade_path_quality_score=-0.000005 < 0.000000""], ""warnings"": [], ""classification"": ""rejected""}"
(*)|(loc_dist_ema20_atr_ts_top50==1)|(reg_atr_change_rate_ts_band30_70==1&reg_atr_change_rate_ts_top40==1&reg_ema20_gt_ema50_raw==1),*,loc_dist_ema20_atr_ts_top50==1,reg_atr_change_rate_ts_band30_70==1&reg_atr_change_rate_ts_top40==1&reg_ema20_gt_ema50_raw==1,0.2807053178548813,0.2807053178548813,0.023845703293324447,0.16661095122496286,0.023333333333333334,0.011838109316534246,1.0,1.0,0.5064027939464494,184,,,0.012582964136284921,0.0018495305653484784,0.011763950322865107,0.022906890800511455,,0.6666666666666666,,,,-0.13929375522382334,,,,0.03623904116624627,-0.00022925947978603658,7.7040027462208736,-inf,-inf,9.93025e-05,0.2806060153548813,3,1,1,4,4,stage_a_context,,long,4-way,True,,production,,,0.006987253386414816,-inf,primary_target,0,ranking,rejected,"{""checks"": {""n_folds"": {""value"": 3, ""threshold"": 3, ""passed"": true}, ""presence_freq"": {""value"": 1.0, ""threshold"": 0.75, ""passed"": true}, ""directional_mean_ret"": {""value"": 0.2807053178548813, ""threshold"": 0.0, ""passed"": true}, ""hurdle_excess"": {""value"": 0.2806060153548813, ""threshold"": 0.0, ""passed"": true}, ""min_support_actual"": {""value"": 184, ""threshold"": 50, ""passed"": true}, ""is_structurally_sound"": {""value"": false, ""passed"": false}, ""trade_path_quality_score"": {""value"": -0.00022925947978603658, ""threshold"": 0.0, ""passed"": false}}, ""failures"": [""structural_soundness_fail: "", ""trade_path_quality_score=-0.000229 < 0.000000""], ""warnings"": [], ""classification"": ""rejected""}"
(*)|(loc_dist_ema20_atr_ts_top70==0)|(reg_atr_change_rate_ts_band20_80==1&reg_atr_change_rate_ts_band25_75==0&reg_atr_change_rate_ts_band40_60==0&reg_atr_change_rate_ts_top40==0&reg_ema20_gt_ema50_raw==0),*,loc_dist_ema20_atr_ts_top70==0,reg_atr_change_rate_ts_band20_80==1&reg_atr_change_rate_ts_band25_75==0&reg_atr_change_rate_ts_band40_60==0&reg_atr_change_rate_ts_top40==0&reg_ema20_gt_ema50_raw==0,0.27054087320963544,0.27054087320963544,0.012278289141472701,0.16378221909205118,0.04960493827160494,0.004345117808880777,1.0,1.0,0.5057339449541285,605,,,0.002861891697550221,-0.006380393648339745,-0.0024075316486659136,0.009469465370332119,,0.3333333333333333,,,,0.1987676516036483,,-0.36362139917695474,0.020383762835352315,0.26265694039971793,-0.0004560876536372875,6.6443927126481155,-inf,-inf,9.511597379972566e-05,0.2704457572358357,3,1,1,6,6,stage_a_context,,long,6-way,True,,production,,,0.02247996595339467,-inf,primary_target,0,ranking,rejected,"{""checks"": {""n_folds"": {""value"": 3, ""threshold"": 3, ""passed"": true}, ""presence_freq"": {""value"": 1.0, ""threshold"": 0.75, ""passed"": true}, ""directional_mean_ret"": {""value"": 0.27054087320963544, ""threshold"": 0.0, ""passed"": true}, ""hurdle_excess"": {""value"": 0.2704457572358357, ""threshold"": 0.0, ""passed"": true}, ""min_support_actual"": {""value"": 605, ""threshold"": 50, ""passed"": true}, ""is_structurally_sound"": {""value"": false, ""passed"": false}, ""trade_path_quality_score"": {""value"": -0.0004560876536372875, ""threshold"": 0.0, ""passed"": false}}, ""failures"": [""structural_soundness_fail: "", ""trade_path_quality_score=-0.000456 < 0.000000""], ""warnings"": [], ""classification"": ""rejected""}"
(*)|(loc_dist_ema20_atr_ts_top70==0)|(reg_atr_change_rate_ts_band20_80==1&reg_atr_change_rate_ts_band25_75==0&reg_atr_change_rate_ts_band40_60==0&reg_ema20_gt_ema50_raw==0),*,loc_dist_ema20_atr_ts_top70==0,reg_atr_change_rate_ts_band20_80==1&reg_atr_change_rate_ts_band25_75==0&reg_atr_change_rate_ts_band40_60==0&reg_ema20_gt_ema50_raw==0,0.27054087320963544,0.27054087320963544,0.012278289141472701,0.16378221909205118,0.04960493827160494,0.004345117808880777,1.0,1.0,0.5057339449541285,605,,,0.002861891697550221,-0.006380393648339745,-0.0024075316486659136,0.009469465370332119,,0.3333333333333333,,,,0.1987676516036483,,-0.36362139917695474,0.020383762835352315,0.26265694039971793,-0.0004560876536372875,6.6443927126481155,-inf,-inf,9.511597379972566e-05,0.2704457572358357,3,1,1,5,5,stage_a_context,,long,5-way,True,,production,,,0.02247996595339467,-inf,primary_target,0,ranking,rejected,"{""checks"": {""n_folds"": {""value"": 3, ""threshold"": 3, ""passed"": true}, ""presence_freq"": {""value"": 1.0, ""threshold"": 0.75, ""passed"": true}, ""directional_mean_ret"": {""value"": 0.27054087320963544, ""threshold"": 0.0, ""passed"": true}, ""hurdle_excess"": {""value"": 0.2704457572358357, ""threshold"": 0.0, ""passed"": true}, ""min_support_actual"": {""value"": 605, ""threshold"": 50, ""passed"": true}, ""is_structurally_sound"": {""value"": false, ""passed"": false}, ""trade_path_quality_score"": {""value"": -0.0004560876536372875, ""threshold"": 0.0, ""passed"": false}}, ""failures"": [""structural_soundness_fail: "", ""trade_path_quality_score=-0.000456 < 0.000000""], ""warnings"": [], ""classification"": ""rejected""}"
(*)|(loc_dist_ema20_atr_ts_top70==0)|(reg_atr_change_rate_ts_band20_80==1&reg_atr_change_rate_ts_band25_75==0&reg_ema20_gt_ema50_raw==0),*,loc_dist_ema20_atr_ts_top70==0,reg_atr_change_rate_ts_band20_80==1&reg_atr_change_rate_ts_band25_75==0&reg_ema20_gt_ema50_raw==0,0.27054087320963544,0.27054087320963544,0.012278289141472701,0.16378221909205118,0.04960493827160494,0.004345117808880777,1.0,1.0,0.5057339449541285,605,,,0.002861891697550221,-0.006380393648339745,-0.0024075316486659136,0.009469465370332119,,0.3333333333333333,,,,0.1987676516036483,,-0.36362139917695474,0.020383762835352315,0.26265694039971793,-0.0004560876536372875,6.6443927126481155,-inf,-inf,9.511597379972566e-05,0.2704457572358357,3,1,1,4,4,stage_a_context,,long,4-way,True,,production,,,0.02247996595339467,-inf,primary_target,0,ranking,rejected,"{""checks"": {""n_folds"": {""value"": 3, ""threshold"": 3, ""passed"": true}, ""presence_freq"": {""value"": 1.0, ""threshold"": 0.75, ""passed"": true}, ""directional_mean_ret"": {""value"": 0.27054087320963544, ""threshold"": 0.0, ""passed"": true}, ""hurdle_excess"": {""value"": 0.2704457572358357, ""threshold"": 0.0, ""passed"": true}, ""min_support_actual"": {""value"": 605, ""threshold"": 50, ""passed"": true}, ""is_structurally_sound"": {""value"": false, ""passed"": false}, ""trade_path_quality_score"": {""value"": -0.0004560876536372875, ""threshold"": 0.0, ""passed"": false}}, ""failures"": [""structural_soundness_fail: "", ""trade_path_quality_score=-0.000456 < 0.000000""], ""warnings"": [], ""classification"": ""rejected""}"
(*)|(loc_dist_ema20_atr_ts_top70==0)|(reg_atr_change_rate_ts_band20_80==1&reg_atr_change_rate_ts_band25_75==1&reg_atr_change_rate_ts_top30==0&reg_ema20_gt_ema50_raw==0),*,loc_dist_ema20_atr_ts_top70==0,reg_atr_change_rate_ts_band20_80==1&reg_atr_change_rate_ts_band25_75==1&reg_atr_change_rate_ts_top30==0&reg_ema20_gt_ema50_raw==0,0.2631906767686208,0.2631906767686208,0.016343697055675337,0.16265031695365906,0.048716049382716044,0.003122456288303651,1.0,1.0,0.5176336746302617,623,,,-0.009850880353314146,-0.014270544446681596,-0.01395917591198115,-0.007485364039280197,,0.0,,,,0.12258595182420347,,0.043209876543209874,0.0649793295217405,0.26787530981178254,-0.0011305978802505015,6.810212137749811,-inf,-inf,9.523731700960221e-05,0.2630954394516112,3,1,1,5,5,stage_a_context,,long,5-way,True,,production,,,0.03052422649743473,-inf,primary_target,0,ranking,rejected,"{""checks"": {""n_folds"": {""value"": 3, ""threshold"": 3, ""passed"": true}, ""presence_freq"": {""value"": 1.0, ""threshold"": 0.75, ""passed"": true}, ""directional_mean_ret"": {""value"": 0.2631906767686208, ""threshold"": 0.0, ""passed"": true}, ""hurdle_excess"": {""value"": 0.2630954394516112, ""threshold"": 0.0, ""passed"": true}, ""min_support_actual"": {""value"": 623, ""threshold"": 50, ""passed"": true}, ""is_structurally_sound"": {""value"": false, ""passed"": false}, ""trade_path_quality_score"": {""value"": -0.0011305978802505015, ""threshold"": 0.0, ""passed"": false}}, ""failures"": [""structural_soundness_fail: "", ""trade_path_quality_score=-0.001131 < 0.000000""], ""warnings"": [], ""classification"": ""rejected""}"
(*)|(loc_dist_ema20_atr_ts_top70==0)|(reg_atr_change_rate_ts_band20_80==1&reg_atr_change_rate_ts_band25_75==1&reg_ema20_gt_ema50_raw==1),*,loc_dist_ema20_atr_ts_top70==0,reg_atr_change_rate_ts_band20_80==1&reg_atr_change_rate_ts_band25_75==1&reg_ema20_gt_ema50_raw==1,0.2807053178548813,0.2807053178548813,0.023845703293324447,0.16661095122496286,0.023333333333333334,0.011838109316534246,1.0,1.0,0.5064027939464494,184,,,0.012582964136284921,0.0018495305653484784,0.011763950322865107,0.022906890800511455,,0.6666666666666666,,,,-0.13929375522382334,,,,0.03623904116624627,-0.00022925947978603658,7.7040027462208736,-inf,-inf,9.93025e-05,0.2806060153548813,3,4,4,4,4,stage_a_context,,long,4-way,True,,production,,,0.006987253386414816,-inf,primary_target,0,ranking,rejected,"{""checks"": {""n_folds"": {""value"": 3, ""threshold"": 3, ""passed"": true}, ""presence_freq"": {""value"": 1.0, ""threshold"": 0.75, ""passed"": true}, ""directional_mean_ret"": {""value"": 0.2807053178548813, ""threshold"": 0.0, ""passed"": true}, ""hurdle_excess"": {""value"": 0.2806060153548813, ""threshold"": 0.0, ""passed"": true}, ""min_support_actual"": {""value"": 184, ""threshold"": 50, ""passed"": true}, ""is_structurally_sound"": {""value"": false, ""passed"": false}, ""trade_path_quality_score"": {""value"": -0.00022925947978603658, ""threshold"": 0.0, ""passed"": false}}, ""failures"": [""structural_soundness_fail: "", ""trade_path_quality_score=-0.000229 < 0.000000""], ""warnings"": [], ""classification"": ""rejected""}"
(*)|(loc_dist_ema20_atr_ts_top70==0)|(reg_atr_change_rate_ts_band20_80==1&reg_atr_change_rate_ts_band40_60==0&reg_ema20_gt_ema50_raw==1),*,loc_dist_ema20_atr_ts_top70==0,reg_atr_change_rate_ts_band20_80==1&reg_atr_change_rate_ts_band40_60==0&reg_ema20_gt_ema50_raw==1,0.2807053178548813,0.2807053178548813,0.023845703293324447,0.16661095122496286,0.023333333333333334,0.011838109316534246,1.0,1.0,0.5064027939464494,184,,,0.012582964136284921,0.0018495305653484784,0.011763950322865107,0.022906890800511455,,0.6666666666666666,,,,-0.13929375522382334,,,,0.03623904116624627,-0.00022925947978603658,7.7040027462208736,-inf,-inf,9.93025e-05,0.2806060153548813,3,2,2,4,4,stage_a_context,,long,4-way,True,,production,,,0.006987253386414816,-inf,primary_target,0,ranking,rejected,"{""checks"": {""n_folds"": {""value"": 3, ""threshold"": 3, ""passed"": true}, ""presence_freq"": {""value"": 1.0, ""threshold"": 0.75, ""passed"": true}, ""directional_mean_ret"": {""value"": 0.2807053178548813, ""threshold"": 0.0, ""passed"": true}, ""hurdle_excess"": {""value"": 0.2806060153548813, ""threshold"": 0.0, ""passed"": true}, ""min_support_actual"": {""value"": 184, ""threshold"": 50, ""passed"": true}, ""is_structurally_sound"": {""value"": false, ""passed"": false}, ""trade_path_quality_score"": {""value"": -0.00022925947978603658, ""threshold"": 0.0, ""passed"": false}}, ""failures"": [""structural_soundness_fail: "", ""trade_path_quality_score=-0.000229 < 0.000000""], ""warnings"": [], ""classification"": ""rejected""}"
(*)|(loc_dist_ema20_atr_ts_top70==0)|(reg_atr_change_rate_ts_band20_80==1&reg_atr_change_rate_ts_band40_60==0&reg_ema50_gt_ema200_raw==1),*,loc_dist_ema20_atr_ts_top70==0,reg_atr_change_rate_ts_band20_80==1&reg_atr_change_rate_ts_band40_60==0&reg_ema50_gt_ema200_raw==1,0.2807053178548813,0.2807053178548813,0.023845703293324447,0.16661095122496286,0.023333333333333334,0.011838109316534246,1.0,1.0,0.5064027939464494,184,,,0.012582964136284921,0.0018495305653484784,0.011763950322865107,0.022906890800511455,,0.6666666666666666,,,,-0.13929375522382334,,,,0.03623904116624627,-0.00022925947978603658,7.7040027462208736,-inf,-inf,9.93025e-05,0.2806060153548813,3,1,1,4,4,stage_a_context,,long,4-way,True,,production,,,0.006987253386414816,-inf,primary_target,0,ranking,rejected,"{""checks"": {""n_folds"": {""value"": 3, ""threshold"": 3, ""passed"": true}, ""presence_freq"": {""value"": 1.0, ""threshold"": 0.75, ""passed"": true}, ""directional_mean_ret"": {""value"": 0.2807053178548813, ""threshold"": 0.0, ""passed"": true}, ""hurdle_excess"": {""value"": 0.2806060153548813, ""threshold"": 0.0, ""passed"": true}, ""min_support_actual"": {""value"": 184, ""threshold"": 50, ""passed"": true}, ""is_structurally_sound"": {""value"": false, ""passed"": false}, ""trade_path_quality_score"": {""value"": -0.00022925947978603658, ""threshold"": 0.0, ""passed"": false}}, ""failures"": [""structural_soundness_fail: "", ""trade_path_quality_score=-0.000229 < 0.000000""], ""warnings"": [], ""classification"": ""rejected""}"
(*)|(loc_dist_ema20_atr_ts_top70==0)|(reg_atr_change_rate_ts_band20_80==1&reg_ema20_gt_ema50_raw==1),*,loc_dist_ema20_atr_ts_top70==0,reg_atr_change_rate_ts_band20_80==1&reg_ema20_gt_ema50_raw==1,0.2807053178548813,0.2807053178548813,0.023845703293324447,0.16661095122496286,0.023333333333333334,0.011838109316534246,1.0,1.0,0.5064027939464494,184,,,0.012582964136284921,0.0018495305653484784,0.011763950322865107,0.022906890800511455,,0.6666666666666666,,,,-0.13929375522382334,,,,0.03623904116624627,-0.00022925947978603658,7.7040027462208736,-inf,-inf,7.723527777777776e-05,0.28062808257710353,3,2,2,3,3,stage_a_context,,long,3-way,True,,production,,,0.006987253386414816,-inf,primary_target,0,ranking,rejected,"{""checks"": {""n_folds"": {""value"": 3, ""threshold"": 3, ""passed"": true}, ""presence_freq"": {""value"": 1.0, ""threshold"": 0.75, ""passed"": true}, ""directional_mean_ret"": {""value"": 0.2807053178548813, ""threshold"": 0.0, ""passed"": true}, ""hurdle_excess"": {""value"": 0.28062808257710353, ""threshold"": 0.0, ""passed"": true}, ""min_support_actual"": {""value"": 184, ""threshold"": 50, ""passed"": true}, ""is_structurally_sound"": {""value"": false, ""passed"": false}, ""trade_path_quality_score"": {""value"": -0.00022925947978603658, ""threshold"": 0.0, ""passed"": false}}, ""failures"": [""structural_soundness_fail: "", ""trade_path_quality_score=-0.000229 < 0.000000""], ""warnings"": [], ""classification"": ""rejected""}"
(*)|(loc_dist_ema20_atr_ts_top70==0)|(reg_atr_change_rate_ts_band20_80==1&reg_ema50_gt_ema200_raw==1),*,loc_dist_ema20_atr_ts_top70==0,reg_atr_change_rate_ts_band20_80==1&reg_ema50_gt_ema200_raw==1,0.2807053178548813,0.2807053178548813,0.023845703293324447,0.16661095122496286,0.023333333333333334,0.011838109316534246,1.0,1.0,0.5064027939464494,184,,,0.012582964136284921,0.0018495305653484784,0.011763950322865107,0.022906890800511455,,0.6666666666666666,,,,-0.13929375522382334,,,,0.03623904116624627,-0.00022925947978603658,7.7040027462208736,-inf,-inf,7.723527777777776e-05,0.28062808257710353,3,2,2,3,3,stage_a_context,,long,3-way,True,,production,,,0.006987253386414816,-inf,primary_target,0,ranking,rejected,"{""checks"": {""n_folds"": {""value"": 3, ""threshold"": 3, ""passed"": true}, ""presence_freq"": {""value"": 1.0, ""threshold"": 0.75, ""passed"": true}, ""directional_mean_ret"": {""value"": 0.2807053178548813, ""threshold"": 0.0, ""passed"": true}, ""hurdle_excess"": {""value"": 0.28062808257710353, ""threshold"": 0.0, ""passed"": true}, ""min_support_actual"": {""value"": 184, ""threshold"": 50, ""passed"": true}, ""is_structurally_sound"": {""value"": false, ""passed"": false}, ""trade_path_quality_score"": {""value"": -0.00022925947978603658, ""threshold"": 0.0, ""passed"": false}}, ""failures"": [""structural_soundness_fail: "", ""trade_path_quality_score=-0.000229 < 0.000000""], ""warnings"": [], ""classification"": ""rejected""}"
(*)|(loc_dist_ema20_atr_ts_top70==0)|(reg_atr_change_rate_ts_band25_75==1&reg_atr_change_rate_ts_bot80==1&reg_ema20_gt_ema50_raw==1),*,loc_dist_ema20_atr_ts_top70==0,reg_atr_change_rate_ts_band25_75==1&reg_atr_change_rate_ts_bot80==1&reg_ema20_gt_ema50_raw==1,0.2807053178548813,0.2807053178548813,0.023845703293324447,0.16661095122496286,0.023333333333333334,0.011838109316534246,1.0,1.0,0.5064027939464494,184,,,0.012582964136284921,0.0018495305653484784,0.011763950322865107,0.022906890800511455,,0.6666666666666666,,,,-0.13929375522382334,,,,0.03623904116624627,-0.00022925947978603658,7.7040027462208736,-inf,-inf,9.93025e-05,0.2806060153548813,3,1,1,4,4,stage_a_context,,long,4-way,True,,production,,,0.006987253386414816,-inf,primary_target,0,ranking,rejected,"{""checks"": {""n_folds"": {""value"": 3, ""threshold"": 3, ""passed"": true}, ""presence_freq"": {""value"": 1.0, ""threshold"": 0.75, ""passed"": true}, ""directional_mean_ret"": {""value"": 0.2807053178548813, ""threshold"": 0.0, ""passed"": true}, ""hurdle_excess"": {""value"": 0.2806060153548813, ""threshold"": 0.0, ""passed"": true}, ""min_support_actual"": {""value"": 184, ""threshold"": 50, ""passed"": true}, ""is_structurally_sound"": {""value"": false, ""passed"": false}, ""trade_path_quality_score"": {""value"": -0.00022925947978603658, ""threshold"": 0.0, ""passed"": false}}, ""failures"": [""structural_soundness_fail: "", ""trade_path_quality_score=-0.000229 < 0.000000""], ""warnings"": [], ""classification"": ""rejected""}"
(*)|(loc_dist_ema20_atr_ts_top70==0)|(reg_atr_change_rate_ts_band25_75==1&reg_atr_change_rate_ts_top30==0&reg_atr_change_rate_ts_top40==0&reg_ema20_gt_ema50_raw==0),*,loc_dist_ema20_atr_ts_top70==0,reg_atr_change_rate_ts_band25_75==1&reg_atr_change_rate_ts_top30==0&reg_atr_change_rate_ts_top40==0&reg_ema20_gt_ema50_raw==0,0.2631906767686208,0.2631906767686208,0.016343697055675337,0.16265031695365906,0.048716049382716044,0.003122456288303651,1.0,1.0,0.5176336746302617,623,,,-0.009850880353314146,-0.014270544446681596,-0.01395917591198115,-0.007485364039280197,,0.0,,,,0.12258595182420347,,0.043209876543209874,0.0649793295217405,0.26787530981178254,-0.0011305978802505015,6.810212137749811,-inf,-inf,9.523731700960221e-05,0.2630954394516112,3,1,1,5,5,stage_a_context,,long,5-way,True,,production,,,0.03052422649743473,-inf,primary_target,0,ranking,rejected,"{""checks"": {""n_folds"": {""value"": 3, ""threshold"": 3, ""passed"": true}, ""presence_freq"": {""value"": 1.0, ""threshold"": 0.75, ""passed"": true}, ""directional_mean_ret"": {""value"": 0.2631906767686208, ""threshold"": 0.0, ""passed"": true}, ""hurdle_excess"": {""value"": 0.2630954394516112, ""threshold"": 0.0, ""passed"": true}, ""min_support_actual"": {""value"": 623, ""threshold"": 50, ""passed"": true}, ""is_structurally_sound"": {""value"": false, ""passed"": false}, ""trade_path_quality_score"": {""value"": -0.0011305978802505015, ""threshold"": 0.0, ""passed"": false}}, ""failures"": [""structural_soundness_fail: "", ""trade_path_quality_score=-0.001131 < 0.000000""], ""warnings"": [], ""classification"": ""rejected""}"
(*)|(loc_dist_ema20_atr_ts_top70==0)|(reg_atr_change_rate_ts_band25_75==1&reg_ema20_gt_ema50_raw==1),*,loc_dist_ema20_atr_ts_top70==0,reg_atr_change_rate_ts_band25_75==1&reg_ema20_gt_ema50_raw==1,0.2807053178548813,0.2807053178548813,0.023845703293324447,0.16661095122496286,0.023333333333333334,0.011838109316534246,1.0,1.0,0.5064027939464494,184,,,0.012582964136284921,0.0018495305653484784,0.011763950322865107,0.022906890800511455,,0.6666666666666666,,,,-0.13929375522382334,,,,0.03623904116624627,-0.00022925947978603658,7.7040027462208736,-inf,-inf,7.723527777777776e-05,0.28062808257710353,3,2,2,3,3,stage_a_context,,long,3-way,True,,production,,,0.006987253386414816,-inf,primary_target,0,ranking,rejected,"{""checks"": {""n_folds"": {""value"": 3, ""threshold"": 3, ""passed"": true}, ""presence_freq"": {""value"": 1.0, ""threshold"": 0.75, ""passed"": true}, ""directional_mean_ret"": {""value"": 0.2807053178548813, ""threshold"": 0.0, ""passed"": true}, ""hurdle_excess"": {""value"": 0.28062808257710353, ""threshold"": 0.0, ""passed"": true}, ""min_support_actual"": {""value"": 184, ""threshold"": 50, ""passed"": true}, ""is_structurally_sound"": {""value"": false, ""passed"": false}, ""trade_path_quality_score"": {""value"": -0.00022925947978603658, ""threshold"": 0.0, ""passed"": false}}, ""failures"": [""structural_soundness_fail: "", ""trade_path_quality_score=-0.000229 < 0.000000""], ""warnings"": [], ""classification"": ""rejected""}"
(*)|(loc_dist_ema20_atr_ts_top70==0)|(reg_atr_change_rate_ts_band25_75==1&reg_ema50_gt_ema200_raw==1),*,loc_dist_ema20_atr_ts_top70==0,reg_atr_change_rate_ts_band25_75==1&reg_ema50_gt_ema200_raw==1,0.2807053178548813,0.2807053178548813,0.023845703293324447,0.16661095122496286,0.023333333333333334,0.011838109316534246,1.0,1.0,0.5064027939464494,184,,,0.012582964136284921,0.0018495305653484784,0.011763950322865107,0.022906890800511455,,0.6666666666666666,,,,-0.13929375522382334,,,,0.03623904116624627,-0.00022925947978603658,7.7040027462208736,-inf,-inf,7.723527777777776e-05,0.28062808257710353,3,1,1,3,3,stage_a_context,,long,3-way,True,,production,,,0.006987253386414816,-inf,primary_target,0,ranking,rejected,"{""checks"": {""n_folds"": {""value"": 3, ""threshold"": 3, ""passed"": true}, ""presence_freq"": {""value"": 1.0, ""threshold"": 0.75, ""passed"": true}, ""directional_mean_ret"": {""value"": 0.2807053178548813, ""threshold"": 0.0, ""passed"": true}, ""hurdle_excess"": {""value"": 0.28062808257710353, ""threshold"": 0.0, ""passed"": true}, ""min_support_actual"": {""value"": 184, ""threshold"": 50, ""passed"": true}, ""is_structurally_sound"": {""value"": false, ""passed"": false}, ""trade_path_quality_score"": {""value"": -0.00022925947978603658, ""threshold"": 0.0, ""passed"": false}}, ""failures"": [""structural_soundness_fail: "", ""trade_path_quality_score=-0.000229 < 0.000000""], ""warnings"": [], ""classification"": ""rejected""}"
(*)|(loc_dist_ema20_atr_ts_top70==1)|(reg_atr_change_rate_ts_band20_80==1&reg_atr_change_rate_ts_band25_75==0&reg_atr_change_rate_ts_band40_60==0&reg_ema20_gt_ema50_raw==0),*,loc_dist_ema20_atr_ts_top70==1,reg_atr_change_rate_ts_band20_80==1&reg_atr_change_rate_ts_band25_75==0&reg_atr_change_rate_ts_band40_60==0&reg_ema20_gt_ema50_raw==0,0.1516115963459015,0.1516115963459015,0.0070127397775650024,0.10538330301642418,0.006790123456790124,0.001665523155954573,1.0,1.0,0.7560975609756098,65,,,-0.03166845938178916,-0.03695334622673886,-0.03166845938178916,-0.026383572536839463,,0.0,,,,-0.2033515037631621,,,,0.03623904116624627,5.224838291176923e-06,4.089630300771053,-inf,-inf,0.00010257621742112485,0.15150902012848036,3,2,2,5,5,stage_a_context,,long,5-way,True,,production,,,,-inf,primary_target,0,ranking,research,"{""checks"": {""n_folds"": {""value"": 3, ""threshold"": 3, ""passed"": true}, ""presence_freq"": {""value"": 1.0, ""threshold"": 0.75, ""passed"": true}, ""directional_mean_ret"": {""value"": 0.1516115963459015, ""threshold"": 0.0, ""passed"": true}, ""hurdle_excess"": {""value"": 0.15150902012848036, ""threshold"": 0.0, ""passed"": true}, ""min_support_actual"": {""value"": 65, ""threshold"": 50, ""passed"": true}, ""is_structurally_sound"": {""value"": false, ""passed"": false}, ""trade_path_quality_score"": {""value"": 5.224838291176923e-06, ""threshold"": 0.0, ""passed"": true}}, ""failures"": [""structural_soundness_fail: ""], ""warnings"": [], ""classification"": ""research""}"
(*)|(loc_dist_ema20_atr_ts_top70==1)|(reg_atr_change_rate_ts_band20_80==1&reg_atr_change_rate_ts_band25_75==0&reg_atr_change_rate_ts_band40_60==0&reg_ema20_gt_ema50_raw==1),*,loc_dist_ema20_atr_ts_top70==1,reg_atr_change_rate_ts_band20_80==1&reg_atr_change_rate_ts_band25_75==0&reg_atr_change_rate_ts_band40_60==0&reg_ema20_gt_ema50_raw==1,0.26404133935769397,0.26404133935769397,0.014723705940058052,0.15525070329507193,0.04451851851851851,0.0022402560438940767,1.0,1.0,0.5185589519650655,559,,,-0.0026374332935522548,-0.0068323131352377815,0.005480278836852798,0.0056163026133358,,0.6666666666666666,,,,-0.25636893433395286,,0.08382344312482959,0.07747584647905553,0.030074388428036943,-0.0009634529765609587,7.246707358410672,-inf,-inf,9.582954197530866e-05,0.2639455098157187,3,2,2,5,5,stage_a_context,,long,5-way,True,,production,,,0.07316216014669578,-inf,primary_target,0,ranking,rejected,"{""checks"": {""n_folds"": {""value"": 3, ""threshold"": 3, ""passed"": true}, ""presence_freq"": {""value"": 1.0, ""threshold"": 0.75, ""passed"": true}, ""directional_mean_ret"": {""value"": 0.26404133935769397, ""threshold"": 0.0, ""passed"": true}, ""hurdle_excess"": {""value"": 0.2639455098157187, ""threshold"": 0.0, ""passed"": true}, ""min_support_actual"": {""value"": 559, ""threshold"": 50, ""passed"": true}, ""is_structurally_sound"": {""value"": false, ""passed"": false}, ""trade_path_quality_score"": {""value"": -0.0009634529765609587, ""threshold"": 0.0, ""passed"": false}}, ""failures"": [""structural_soundness_fail: "", ""trade_path_quality_score=-0.000963 < 0.000000""], ""warnings"": [], ""classification"": ""rejected""}"
(*)|(loc_dist_ema20_atr_ts_top70==1)|(reg_atr_change_rate_ts_band20_80==1&reg_atr_change_rate_ts_band25_75==0&reg_atr_change_rate_ts_top30==1&reg_ema20_gt_ema50_raw==0),*,loc_dist_ema20_atr_ts_top70==1,reg_atr_change_rate_ts_band20_80==1&reg_atr_change_rate_ts_band25_75==0&reg_atr_change_rate_ts_top30==1&reg_ema20_gt_ema50_raw==0,0.1516115963459015,0.1516115963459015,0.0070127397775650024,0.10538330301642418,0.006790123456790124,0.001665523155954573,1.0,1.0,0.7560975609756098,65,,,-0.03166845938178916,-0.03695334622673886,-0.03166845938178916,-0.026383572536839463,,0.0,,,,-0.2033515037631621,,,,0.03623904116624627,5.224838291176923e-06,4.089630300771053,-inf,-inf,0.00010257621742112485,0.15150902012848036,3,1,1,5,5,stage_a_context,,long,5-way,True,,production,,,,-inf,primary_target,0,ranking,research,"{""checks"": {""n_folds"": {""value"": 3, ""threshold"": 3, ""passed"": true}, ""presence_freq"": {""value"": 1.0, ""threshold"": 0.75, ""passed"": true}, ""directional_mean_ret"": {""value"": 0.1516115963459015, ""threshold"": 0.0, ""passed"": true}, ""hurdle_excess"": {""value"": 0.15150902012848036, ""threshold"": 0.0, ""passed"": true}, ""min_support_actual"": {""value"": 65, ""threshold"": 50, ""passed"": true}, ""is_structurally_sound"": {""value"": false, ""passed"": false}, ""trade_path_quality_score"": {""value"": 5.224838291176923e-06, ""threshold"": 0.0, ""passed"": true}}, ""failures"": [""structural_soundness_fail: ""], ""warnings"": [], ""classification"": ""research""}"
(*)|(loc_dist_ema20_atr_ts_top70==1)|(reg_atr_change_rate_ts_band20_80==1&reg_atr_change_rate_ts_band25_75==0&reg_atr_change_rate_ts_top40==1&reg_ema20_gt_ema50_raw==0),*,loc_dist_ema20_atr_ts_top70==1,reg_atr_change_rate_ts_band20_80==1&reg_atr_change_rate_ts_band25_75==0&reg_atr_change_rate_ts_top40==1&reg_ema20_gt_ema50_raw==0,0.1516115963459015,0.1516115963459015,0.0070127397775650024,0.10538330301642418,0.006790123456790124,0.001665523155954573,1.0,1.0,0.7560975609756098,65,,,-0.03166845938178916,-0.03695334622673886,-0.03166845938178916,-0.026383572536839463,,0.0,,,,-0.2033515037631621,,,,0.03623904116624627,5.224838291176923e-06,4.089630300771053,-inf,-inf,0.00010257621742112485,0.15150902012848036,3,1,1,5,5,stage_a_context,,long,5-way,True,,production,,,,-inf,primary_target,0,ranking,research,"{""checks"": {""n_folds"": {""value"": 3, ""threshold"": 3, ""passed"": true}, ""presence_freq"": {""value"": 1.0, ""threshold"": 0.75, ""passed"": true}, ""directional_mean_ret"": {""value"": 0.1516115963459015, ""threshold"": 0.0, ""passed"": true}, ""hurdle_excess"": {""value"": 0.15150902012848036, ""threshold"": 0.0, ""passed"": true}, ""min_support_actual"": {""value"": 65, ""threshold"": 50, ""passed"": true}, ""is_structurally_sound"": {""value"": false, ""passed"": false}, ""trade_path_quality_score"": {""value"": 5.224838291176923e-06, ""threshold"": 0.0, ""passed"": true}}, ""failures"": [""structural_soundness_fail: ""], ""warnings"": [], ""classification"": ""research""}"
(*)|(loc_dist_ema20_atr_ts_top70==1)|(reg_atr_change_rate_ts_band20_80==1&reg_atr_change_rate_ts_band25_75==0&reg_atr_change_rate_ts_top40==1&reg_ema50_gt_ema200_raw==0),*,loc_dist_ema20_atr_ts_top70==1,reg_atr_change_rate_ts_band20_80==1&reg_atr_change_rate_ts_band25_75==0&reg_atr_change_rate_ts_top40==1&reg_ema50_gt_ema200_raw==0,0.1516115963459015,0.1516115963459015,0.0070127397775650024,0.10538330301642418,0.006790123456790124,0.001665523155954573,1.0,1.0,0.7560975609756098,65,,,-0.03166845938178916,-0.03695334622673886,-0.03166845938178916,-0.026383572536839463,,0.0,,,,-0.2033515037631621,,,,0.03623904116624627,5.224838291176923e-06,4.089630300771053,-inf,-inf,0.00010257621742112485,0.15150902012848036,3,1,1,5,5,stage_a_context,,long,5-way,True,,production,,,,-inf,primary_target,0,ranking,research,"{""checks"": {""n_folds"": {""value"": 3, ""threshold"": 3, ""passed"": true}, ""presence_freq"": {""value"": 1.0, ""threshold"": 0.75, ""passed"": true}, ""directional_mean_ret"": {""value"": 0.1516115963459015, ""threshold"": 0.0, ""passed"": true}, ""hurdle_excess"": {""value"": 0.15150902012848036, ""threshold"": 0.0, ""passed"": true}, ""min_support_actual"": {""value"": 65, ""threshold"": 50, ""passed"": true}, ""is_structurally_sound"": {""value"": false, ""passed"": false}, ""trade_path_quality_score"": {""value"": 5.224838291176923e-06, ""threshold"": 0.0, ""passed"": true}}, ""failures"": [""structural_soundness_fail: ""], ""warnings"": [], ""classification"": ""research""}"
(*)|(loc_dist_ema20_atr_ts_top70==1)|(reg_atr_change_rate_ts_band20_80==1&reg_atr_change_rate_ts_band25_75==0&reg_ema20_gt_ema50_raw==0),*,loc_dist_ema20_atr_ts_top70==1,reg_atr_change_rate_ts_band20_80==1&reg_atr_change_rate_ts_band25_75==0&reg_ema20_gt_ema50_raw==0,0.1516115963459015,0.1516115963459015,0.0070127397775650024,0.10538330301642418,0.006790123456790124,0.001665523155954573,1.0,1.0,0.7560975609756098,65,,,-0.03166845938178916,-0.03695334622673886,-0.03166845938178916,-0.026383572536839463,,0.0,,,,-0.2033515037631621,,,,0.03623904116624627,5.224838291176923e-06,4.089630300771053,-inf,-inf,0.00010257621742112485,0.15150902012848036,3,2,2,4,4,stage_a_context,,long,4-way,True,,production,,,,-inf,primary_target,0,ranking,research,"{""checks"": {""n_folds"": {""value"": 3, ""threshold"": 3, ""passed"": true}, ""presence_freq"": {""value"": 1.0, ""threshold"": 0.75, ""passed"": true}, ""directional_mean_ret"": {""value"": 0.1516115963459015, ""threshold"": 0.0, ""passed"": true}, ""hurdle_excess"": {""value"": 0.15150902012848036, ""threshold"": 0.0, ""passed"": true}, ""min_support_actual"": {""value"": 65, ""threshold"": 50, ""passed"": true}, ""is_structurally_sound"": {""value"": false, ""passed"": false}, ""trade_path_quality_score"": {""value"": 5.224838291176923e-06, ""threshold"": 0.0, ""passed"": true}}, ""failures"": [""structural_soundness_fail: ""], ""warnings"": [], ""classification"": ""research""}"
(*)|(loc_dist_ema20_atr_ts_top70==1)|(reg_atr_change_rate_ts_band20_80==1&reg_atr_change_rate_ts_band25_75==0&reg_ema20_gt_ema50_raw==1),*,loc_dist_ema20_atr_ts_top70==1,reg_atr_change_rate_ts_band20_80==1&reg_atr_change_rate_ts_band25_75==0&reg_ema20_gt_ema50_raw==1,0.26404133935769397,0.26404133935769397,0.014723705940058052,0.15525070329507193,0.04451851851851851,0.0022402560438940767,1.0,1.0,0.5185589519650655,559,,,-0.0026374332935522548,-0.0068323131352377815,0.005480278836852798,0.0056163026133358,,0.6666666666666666,,,,-0.25636893433395286,,0.08382344312482959,0.07747584647905553,0.030074388428036943,-0.0009634529765609587,7.246707358410672,-inf,-inf,9.582954197530866e-05,0.2639455098157187,3,1,1,4,4,stage_a_context,,long,4-way,True,,production,,,0.07316216014669578,-inf,primary_target,0,ranking,rejected,"{""checks"": {""n_folds"": {""value"": 3, ""threshold"": 3, ""passed"": true}, ""presence_freq"": {""value"": 1.0, ""threshold"": 0.75, ""passed"": true}, ""directional_mean_ret"": {""value"": 0.26404133935769397, ""threshold"": 0.0, ""passed"": true}, ""hurdle_excess"": {""value"": 0.2639455098157187, ""threshold"": 0.0, ""passed"": true}, ""min_support_actual"": {""value"": 559, ""threshold"": 50, ""passed"": true}, ""is_structurally_sound"": {""value"": false, ""passed"": false}, ""trade_path_quality_score"": {""value"": -0.0009634529765609587, ""threshold"": 0.0, ""passed"": false}}, ""failures"": [""structural_soundness_fail: "", ""trade_path_quality_score=-0.000963 < 0.000000""], ""warnings"": [], ""classification"": ""rejected""}"
(*)|(loc_dist_ema20_atr_ts_top70==1)|(reg_atr_change_rate_ts_band20_80==1&reg_atr_change_rate_ts_band25_75==0&reg_ema50_gt_ema200_raw==1),*,loc_dist_ema20_atr_ts_top70==1,reg_atr_change_rate_ts_band20_80==1&reg_atr_change_rate_ts_band25_75==0&reg_ema50_gt_ema200_raw==1,0.26404133935769397,0.26404133935769397,0.014723705940058052,0.15525070329507193,0.04451851851851851,0.0022402560438940767,1.0,1.0,0.5185589519650655,559,,,-0.0026374332935522548,-0.0068323131352377815,0.005480278836852798,0.0056163026133358,,0.6666666666666666,,,,-0.25636893433395286,,0.08382344312482959,0.07747584647905553,0.030074388428036943,-0.0009634529765609587,7.246707358410672,-inf,-inf,9.582954197530866e-05,0.2639455098157187,3,1,1,4,4,stage_a_context,,long,4-way,True,,production,,,0.07316216014669578,-inf,primary_target,0,ranking,rejected,"{""checks"": {""n_folds"": {""value"": 3, ""threshold"": 3, ""passed"": true}, ""presence_freq"": {""value"": 1.0, ""threshold"": 0.75, ""passed"": true}, ""directional_mean_ret"": {""value"": 0.26404133935769397, ""threshold"": 0.0, ""passed"": true}, ""hurdle_excess"": {""value"": 0.2639455098157187, ""threshold"": 0.0, ""passed"": true}, ""min_support_actual"": {""value"": 559, ""threshold"": 50, ""passed"": true}, ""is_structurally_sound"": {""value"": false, ""passed"": false}, ""trade_path_quality_score"": {""value"": -0.0009634529765609587, ""threshold"": 0.0, ""passed"": false}}, ""failures"": [""structural_soundness_fail: "", ""trade_path_quality_score=-0.000963 < 0.000000""], ""warnings"": [], ""classification"": ""rejected""}"
(*)|(loc_dist_ema20_atr_ts_top70==1)|(reg_atr_change_rate_ts_band20_80==1&reg_atr_change_rate_ts_band25_75==1&reg_atr_change_rate_ts_band40_60==0&reg_ema20_gt_ema50_raw==0),*,loc_dist_ema20_atr_ts_top70==1,reg_atr_change_rate_ts_band20_80==1&reg_atr_change_rate_ts_band25_75==1&reg_atr_change_rate_ts_band40_60==0&reg_ema20_gt_ema50_raw==0,0.21194550891717276,0.21194550891717276,0.012389019736078427,0.13626326123873392,0.01362962962962963,0.0009389211526830393,1.0,1.0,0.555956678700361,168,,,-0.03428889503203047,-0.03827787997669137,-0.02806942516342531,-0.027190175153066987,,0.0,,,,-0.026103993552277372,,0.09051724137931035,0.07438342326933012,0.029952136830887526,-4.8497156070064085e-06,6.135220493340273,-inf,-inf,0.00010116302345679012,0.21184434589371598,3,2,2,5,5,stage_a_context,,long,5-way,True,,production,,,0.20276736446922738,-inf,primary_target,0,ranking,rejected,"{""checks"": {""n_folds"": {""value"": 3, ""threshold"": 3, ""passed"": true}, ""presence_freq"": {""value"": 1.0, ""threshold"": 0.75, ""passed"": true}, ""directional_mean_ret"": {""value"": 0.21194550891717276, ""threshold"": 0.0, ""passed"": true}, ""hurdle_excess"": {""value"": 0.21184434589371598, ""threshold"": 0.0, ""passed"": true}, ""min_support_actual"": {""value"": 168, ""threshold"": 50, ""passed"": true}, ""is_structurally_sound"": {""value"": false, ""passed"": false}, ""trade_path_quality_score"": {""value"": -4.8497156070064085e-06, ""threshold"": 0.0, ""passed"": false}}, ""failures"": [""structural_soundness_fail: "", ""trade_path_quality_score=-0.000005 < 0.000000""], ""warnings"": [], ""classification"": ""rejected""}"
(*)|(loc_dist_ema20_atr_ts_top70==1)|(reg_atr_change_rate_ts_band20_80==1&reg_atr_change_rate_ts_band25_75==1&reg_atr_change_rate_ts_band40_60==0&reg_ema20_gt_ema50_raw==1),*,loc_dist_ema20_atr_ts_top70==1,reg_atr_change_rate_ts_band20_80==1&reg_atr_change_rate_ts_band25_75==1&reg_atr_change_rate_ts_band40_60==0&reg_ema20_gt_ema50_raw==1,0.26811592777570087,0.26811592777570087,0.014840706869442359,0.15881633758544922,0.038148148148148146,0.002630064300712094,1.0,1.0,0.5351351351351351,466,,,0.00087952286125532,-0.007669188077046325,-0.0012768185386371098,0.00835006309961075,,0.3333333333333333,,,,-0.32207472992326813,,0.21778350515463918,0.10700237259438726,0.0310612806529075,-0.0012521916117486911,7.383601547710628,-inf,-inf,9.678891975308642e-05,0.2680191388559478,3,2,2,5,5,stage_a_context,,long,5-way,True,,production,,,0.05042428249816674,-inf,primary_target,0,ranking,rejected,"{""checks"": {""n_folds"": {""value"": 3, ""threshold"": 3, ""passed"": true}, ""presence_freq"": {""value"": 1.0, ""threshold"": 0.75, ""passed"": true}, ""directional_mean_ret"": {""value"": 0.26811592777570087, ""threshold"": 0.0, ""passed"": true}, ""hurdle_excess"": {""value"": 0.2680191388559478, ""threshold"": 0.0, ""passed"": true}, ""min_support_actual"": {""value"": 466, ""threshold"": 50, ""passed"": true}, ""is_structurally_sound"": {""value"": false, ""passed"": false}, ""trade_path_quality_score"": {""value"": -0.0012521916117486911, ""threshold"": 0.0, ""passed"": false}}, ""failures"": [""structural_soundness_fail: "", ""trade_path_quality_score=-0.001252 < 0.000000""], ""warnings"": [], ""classification"": ""rejected""}"
(*)|(loc_dist_ema20_atr_ts_top70==1)|(reg_atr_change_rate_ts_band20_80==1&reg_atr_change_rate_ts_band25_75==1&reg_atr_change_rate_ts_top30==1&reg_ema20_gt_ema50_raw==0),*,loc_dist_ema20_atr_ts_top70==1,reg_atr_change_rate_ts_band20_80==1&reg_atr_change_rate_ts_band25_75==1&reg_atr_change_rate_ts_top30==1&reg_ema20_gt_ema50_raw==0,0.21194550891717276,0.21194550891717276,0.012389019736078427,0.13626326123873392,0.01362962962962963,0.0009389211526830393,1.0,1.0,0.555956678700361,168,,,-0.03428889503203047,-0.03827787997669137,-0.02806942516342531,-0.027190175153066987,,0.0,,,,-0.026103993552277372,,0.09051724137931035,0.07438342326933012,0.029952136830887526,-4.8497156070064085e-06,6.135220493340273,-inf,-inf,0.00010116302345679012,0.21184434589371598,3,1,1,5,5,stage_a_context,,long,5-way,True,,production,,,0.20276736446922738,-inf,primary_target,0,ranking,rejected,"{""checks"": {""n_folds"": {""value"": 3, ""threshold"": 3, ""passed"": true}, ""presence_freq"": {""value"": 1.0, ""threshold"": 0.75, ""passed"": true}, ""directional_mean_ret"": {""value"": 0.21194550891717276, ""threshold"": 0.0, ""passed"": true}, ""hurdle_excess"": {""value"": 0.21184434589371598, ""threshold"": 0.0, ""passed"": true}, ""min_support_actual"": {""value"": 168, ""threshold"": 50, ""passed"": true}, ""is_structurally_sound"": {""value"": false, ""passed"": false}, ""trade_path_quality_score"": {""value"": -4.8497156070064085e-06, ""threshold"": 0.0, ""passed"": false}}, ""failures"": [""structural_soundness_fail: "", ""trade_path_quality_score=-0.000005 < 0.000000""], ""warnings"": [], ""classification"": ""rejected""}"
(*)|(loc_dist_ema20_atr_ts_top70==1)|(reg_atr_change_rate_ts_band20_80==1&reg_atr_change_rate_ts_band25_75==1&reg_atr_change_rate_ts_top40==1&reg_ema20_gt_ema50_raw==0),*,loc_dist_ema20_atr_ts_top70==1,reg_atr_change_rate_ts_band20_80==1&reg_atr_change_rate_ts_band25_75==1&reg_atr_change_rate_ts_top40==1&reg_ema20_gt_ema50_raw==0,0.21194550891717276,0.21194550891717276,0.012389019736078427,0.13626326123873392,0.01362962962962963,0.0009389211526830393,1.0,1.0,0.555956678700361,168,,,-0.03428889503203047,-0.03827787997669137,-0.02806942516342531,-0.027190175153066987,,0.0,,,,-0.026103993552277372,,0.09051724137931035,0.07438342326933012,0.029952136830887526,-4.8497156070064085e-06,6.135220493340273,-inf,-inf,0.00010116302345679012,0.21184434589371598,3,1,1,5,5,stage_a_context,,long,5-way,True,,production,,,0.20276736446922738,-inf,primary_target,0,ranking,rejected,"{""checks"": {""n_folds"": {""value"": 3, ""threshold"": 3, ""passed"": true}, ""presence_freq"": {""value"": 1.0, ""threshold"": 0.75, ""passed"": true}, ""directional_mean_ret"": {""value"": 0.21194550891717276, ""threshold"": 0.0, ""passed"": true}, ""hurdle_excess"": {""value"": 0.21184434589371598, ""threshold"": 0.0, ""passed"": true}, ""min_support_actual"": {""value"": 168, ""threshold"": 50, ""passed"": true}, ""is_structurally_sound"": {""value"": false, ""passed"": false}, ""trade_path_quality_score"": {""value"": -4.8497156070064085e-06, ""threshold"": 0.0, ""passed"": false}}, ""failures"": [""structural_soundness_fail: "", ""trade_path_quality_score=-0.000005 < 0.000000""], ""warnings"": [], ""classification"": ""rejected""}"
(*)|(loc_dist_ema20_atr_ts_top70==1)|(reg_atr_change_rate_ts_band20_80==1&reg_atr_change_rate_ts_band25_75==1&reg_atr_change_rate_ts_top40==1&reg_ema50_gt_ema200_raw==0),*,loc_dist_ema20_atr_ts_top70==1,reg_atr_change_rate_ts_band20_80==1&reg_atr_change_rate_ts_band25_75==1&reg_atr_change_rate_ts_top40==1&reg_ema50_gt_ema200_raw==0,0.21194550891717276,0.21194550891717276,0.012389019736078427,0.13626326123873392,0.01362962962962963,0.0009389211526830393,1.0,1.0,0.555956678700361,168,,,-0.03428889503203047,-0.03827787997669137,-0.02806942516342531,-0.027190175153066987,,0.0,,,,-0.026103993552277372,,0.09051724137931035,0.07438342326933012,0.029952136830887526,-4.8497156070064085e-06,6.135220493340273,-inf,-inf,0.00010116302345679012,0.21184434589371598,3,1,1,5,5,stage_a_context,,long,5-way,True,,production,,,0.20276736446922738,-inf,primary_target,0,ranking,rejected,"{""checks"": {""n_folds"": {""value"": 3, ""threshold"": 3, ""passed"": true}, ""presence_freq"": {""value"": 1.0, ""threshold"": 0.75, ""passed"": true}, ""directional_mean_ret"": {""value"": 0.21194550891717276, ""threshold"": 0.0, ""passed"": true}, ""hurdle_excess"": {""value"": 0.21184434589371598, ""threshold"": 0.0, ""passed"": true}, ""min_support_actual"": {""value"": 168, ""threshold"": 50, ""passed"": true}, ""is_structurally_sound"": {""value"": false, ""passed"": false}, ""trade_path_quality_score"": {""value"": -4.8497156070064085e-06, ""threshold"": 0.0, ""passed"": false}}, ""failures"": [""structural_soundness_fail: "", ""trade_path_quality_score=-0.000005 < 0.000000""], ""warnings"": [], ""classification"": ""rejected""}"
(*)|(loc_dist_ema20_atr_ts_top70==1)|(reg_atr_change_rate_ts_band20_80==1&reg_atr_change_rate_ts_band25_75==1&reg_ema20_gt_ema50_raw==0),*,loc_dist_ema20_atr_ts_top70==1,reg_atr_change_rate_ts_band20_80==1&reg_atr_change_rate_ts_band25_75==1&reg_ema20_gt_ema50_raw==0,0.21194550891717276,0.21194550891717276,0.012389019736078427,0.13626326123873392,0.01362962962962963,0.0009389211526830393,1.0,1.0,0.555956678700361,168,,,-0.03428889503203047,-0.03827787997669137,-0.02806942516342531,-0.027190175153066987,,0.0,,,,-0.026103993552277372,,0.09051724137931035,0.07438342326933012,0.029952136830887526,-4.8497156070064085e-06,6.135220493340273,-inf,-inf,0.00010116302345679012,0.21184434589371598,3,2,2,4,4,stage_a_context,,long,4-way,True,,production,,,0.20276736446922738,-inf,primary_target,0,ranking,rejected,"{""checks"": {""n_folds"": {""value"": 3, ""threshold"": 3, ""passed"": true}, ""presence_freq"": {""value"": 1.0, ""threshold"": 0.75, ""passed"": true}, ""directional_mean_ret"": {""value"": 0.21194550891717276, ""threshold"": 0.0, ""passed"": true}, ""hurdle_excess"": {""value"": 0.21184434589371598, ""threshold"": 0.0, ""passed"": true}, ""min_support_actual"": {""value"": 168, ""threshold"": 50, ""passed"": true}, ""is_structurally_sound"": {""value"": false, ""passed"": false}, ""trade_path_quality_score"": {""value"": -4.8497156070064085e-06, ""threshold"": 0.0, ""passed"": false}}, ""failures"": [""structural_soundness_fail: "", ""trade_path_quality_score=-0.000005 < 0.000000""], ""warnings"": [], ""classification"": ""rejected""}"
(*)|(loc_dist_ema20_atr_ts_top70==1)|(reg_atr_change_rate_ts_band20_80==1&reg_atr_change_rate_ts_band25_75==1&reg_ema20_gt_ema50_raw==1),*,loc_dist_ema20_atr_ts_top70==1,reg_atr_change_rate_ts_band20_80==1&reg_atr_change_rate_ts_band25_75==1&reg_ema20_gt_ema50_raw==1,0.26811592777570087,0.26811592777570087,0.014840706869442359,0.15881633758544922,0.038148148148148146,0.002630064300712094,1.0,1.0,0.5351351351351351,466,,,0.00087952286125532,-0.007669188077046325,-0.0012768185386371098,0.00835006309961075,,0.3333333333333333,,,,-0.32207472992326813,,0.21778350515463918,0.10700237259438726,0.0310612806529075,-0.0012521916117486911,7.383601547710628,-inf,-inf,9.678891975308642e-05,0.2680191388559478,3,5,5,4,4,stage_a_context,,long,4-way,True,,production,,,0.05042428249816674,-inf,primary_target,0,ranking,rejected,"{""checks"": {""n_folds"": {""value"": 3, ""threshold"": 3, ""passed"": true}, ""presence_freq"": {""value"": 1.0, ""threshold"": 0.75, ""passed"": true}, ""directional_mean_ret"": {""value"": 0.26811592777570087, ""threshold"": 0.0, ""passed"": true}, ""hurdle_excess"": {""value"": 0.2680191388559478, ""threshold"": 0.0, ""passed"": true}, ""min_support_actual"": {""value"": 466, ""threshold"": 50, ""passed"": true}, ""is_structurally_sound"": {""value"": false, ""passed"": false}, ""trade_path_quality_score"": {""value"": -0.0012521916117486911, ""threshold"": 0.0, ""passed"": false}}, ""failures"": [""structural_soundness_fail: "", ""trade_path_quality_score=-0.001252 < 0.000000""], ""warnings"": [], ""classification"": ""rejected""}"
(*)|(loc_dist_ema20_atr_ts_top70==1)|(reg_atr_change_rate_ts_band20_80==1&reg_atr_change_rate_ts_band25_75==1&reg_ema50_gt_ema200_raw==1),*,loc_dist_ema20_atr_ts_top70==1,reg_atr_change_rate_ts_band20_80==1&reg_atr_change_rate_ts_band25_75==1&reg_ema50_gt_ema200_raw==1,0.26811592777570087,0.26811592777570087,0.014840706869442359,0.15881633758544922,0.038148148148148146,0.002630064300712094,1.0,1.0,0.5351351351351351,466,,,0.00087952286125532,-0.007669188077046325,-0.0012768185386371098,0.00835006309961075,,0.3333333333333333,,,,-0.32207472992326813,,0.21778350515463918,0.10700237259438726,0.0310612806529075,-0.0012521916117486911,7.383601547710628,-inf,-inf,9.678891975308642e-05,0.2680191388559478,3,1,1,4,4,stage_a_context,,long,4-way,True,,production,,,0.05042428249816674,-inf,primary_target,0,ranking,rejected,"{""checks"": {""n_folds"": {""value"": 3, ""threshold"": 3, ""passed"": true}, ""presence_freq"": {""value"": 1.0, ""threshold"": 0.75, ""passed"": true}, ""directional_mean_ret"": {""value"": 0.26811592777570087, ""threshold"": 0.0, ""passed"": true}, ""hurdle_excess"": {""value"": 0.2680191388559478, ""threshold"": 0.0, ""passed"": true}, ""min_support_actual"": {""value"": 466, ""threshold"": 50, ""passed"": true}, ""is_structurally_sound"": {""value"": false, ""passed"": false}, ""trade_path_quality_score"": {""value"": -0.0012521916117486911, ""threshold"": 0.0, ""passed"": false}}, ""failures"": [""structural_soundness_fail: "", ""trade_path_quality_score=-0.001252 < 0.000000""], ""warnings"": [], ""classification"": ""rejected""}"
(*)|(loc_dist_ema20_atr_ts_top70==1)|(reg_atr_change_rate_ts_band25_75==1&reg_atr_change_rate_ts_bot80==1&reg_ema20_gt_ema50_raw==1),*,loc_dist_ema20_atr_ts_top70==1,reg_atr_change_rate_ts_band25_75==1&reg_atr_change_rate_ts_bot80==1&reg_ema20_gt_ema50_raw==1,0.26811592777570087,0.26811592777570087,0.014840706869442359,0.15881633758544922,0.038148148148148146,0.002630064300712094,1.0,1.0,0.5351351351351351,466,,,0.00087952286125532,-0.007669188077046325,-0.0012768185386371098,0.00835006309961075,,0.3333333333333333,,,,-0.32207472992326813,,0.21778350515463918,0.10700237259438726,0.0310612806529075,-0.0012521916117486911,7.383601547710628,-inf,-inf,9.678891975308642e-05,0.2680191388559478,3,1,1,4,4,stage_a_context,,long,4-way,True,,production,,,0.05042428249816674,-inf,primary_target,0,ranking,rejected,"{""checks"": {""n_folds"": {""value"": 3, ""threshold"": 3, ""passed"": true}, ""presence_freq"": {""value"": 1.0, ""threshold"": 0.75, ""passed"": true}, ""directional_mean_ret"": {""value"": 0.26811592777570087, ""threshold"": 0.0, ""passed"": true}, ""hurdle_excess"": {""value"": 0.2680191388559478, ""threshold"": 0.0, ""passed"": true}, ""min_support_actual"": {""value"": 466, ""threshold"": 50, ""passed"": true}, ""is_structurally_sound"": {""value"": false, ""passed"": false}, ""trade_path_quality_score"": {""value"": -0.0012521916117486911, ""threshold"": 0.0, ""passed"": false}}, ""failures"": [""structural_soundness_fail: "", ""trade_path_quality_score=-0.001252 < 0.000000""], ""warnings"": [], ""classification"": ""rejected""}"
(*)|(loc_dist_ema20_atr_ts_top70==1)|(reg_atr_change_rate_ts_band25_75==1&reg_atr_change_rate_ts_top40==1&reg_ema20_gt_ema50_raw==0),*,loc_dist_ema20_atr_ts_top70==1,reg_atr_change_rate_ts_band25_75==1&reg_atr_change_rate_ts_top40==1&reg_ema20_gt_ema50_raw==0,0.21194550891717276,0.21194550891717276,0.012389019736078427,0.13626326123873392,0.01362962962962963,0.0009389211526830393,1.0,1.0,0.555956678700361,168,,,-0.03428889503203047,-0.03827787997669137,-0.02806942516342531,-0.027190175153066987,,0.0,,,,-0.026103993552277372,,0.09051724137931035,0.07438342326933012,0.029952136830887526,-4.8497156070064085e-06,6.135220493340273,-inf,-inf,0.00010116302345679012,0.21184434589371598,3,1,1,4,4,stage_a_context,,long,4-way,True,,production,,,0.20276736446922738,-inf,primary_target,0,ranking,rejected,"{""checks"": {""n_folds"": {""value"": 3, ""threshold"": 3, ""passed"": true}, ""presence_freq"": {""value"": 1.0, ""threshold"": 0.75, ""passed"": true}, ""directional_mean_ret"": {""value"": 0.21194550891717276, ""threshold"": 0.0, ""passed"": true}, ""hurdle_excess"": {""value"": 0.21184434589371598, ""threshold"": 0.0, ""passed"": true}, ""min_support_actual"": {""value"": 168, ""threshold"": 50, ""passed"": true}, ""is_structurally_sound"": {""value"": false, ""passed"": false}, ""trade_path_quality_score"": {""value"": -4.8497156070064085e-06, ""threshold"": 0.0, ""passed"": false}}, ""failures"": [""structural_soundness_fail: "", ""trade_path_quality_score=-0.000005 < 0.000000""], ""warnings"": [], ""classification"": ""rejected""}"
(*)|(loc_dist_ema20_atr_ts_top70==1)|(reg_atr_change_rate_ts_band25_75==1&reg_ema20_gt_ema50_raw==0),*,loc_dist_ema20_atr_ts_top70==1,reg_atr_change_rate_ts_band25_75==1&reg_ema20_gt_ema50_raw==0,0.21194550891717276,0.21194550891717276,0.012389019736078427,0.13626326123873392,0.01362962962962963,0.0009389211526830393,1.0,1.0,0.555956678700361,168,,,-0.03428889503203047,-0.03827787997669137,-0.02806942516342531,-0.027190175153066987,,0.0,,,,-0.026103993552277372,,0.09051724137931035,0.07438342326933012,0.029952136830887526,-4.8497156070064085e-06,6.135220493340273,-inf,-inf,7.868235157750341e-05,0.21186682656559525,3,1,1,3,3,stage_a_context,,long,3-way,True,,production,,,0.20276736446922738,-inf,primary_target,0,ranking,rejected,"{""checks"": {""n_folds"": {""value"": 3, ""threshold"": 3, ""passed"": true}, ""presence_freq"": {""value"": 1.0, ""threshold"": 0.75, ""passed"": true}, ""directional_mean_ret"": {""value"": 0.21194550891717276, ""threshold"": 0.0, ""passed"": true}, ""hurdle_excess"": {""value"": 0.21186682656559525, ""threshold"": 0.0, ""passed"": true}, ""min_support_actual"": {""value"": 168, ""threshold"": 50, ""passed"": true}, ""is_structurally_sound"": {""value"": false, ""passed"": false}, ""trade_path_quality_score"": {""value"": -4.8497156070064085e-06, ""threshold"": 0.0, ""passed"": false}}, ""failures"": [""structural_soundness_fail: "", ""trade_path_quality_score=-0.000005 < 0.000000""], ""warnings"": [], ""classification"": ""rejected""}"
(*)|(loc_dist_ema20_atr_ts_top70==1)|(reg_atr_change_rate_ts_band25_75==1&reg_ema20_gt_ema50_raw==1),*,loc_dist_ema20_atr_ts_top70==1,reg_atr_change_rate_ts_band25_75==1&reg_ema20_gt_ema50_raw==1,0.26811592777570087,0.26811592777570087,0.014840706869442359,0.15881633758544922,0.038148148148148146,0.002630064300712094,1.0,1.0,0.5351351351351351,466,,,0.00087952286125532,-0.007669188077046325,-0.0012768185386371098,0.00835006309961075,,0.3333333333333333,,,,-0.32207472992326813,,0.21778350515463918,0.10700237259438726,0.0310612806529075,-0.0012521916117486911,7.383601547710628,-inf,-inf,7.528027091906721e-05,0.2680406475047818,3,2,2,3,3,stage_a_context,,long,3-way,True,,production,,,0.05042428249816674,-inf,primary_target,0,ranking,rejected,"{""checks"": {""n_folds"": {""value"": 3, ""threshold"": 3, ""passed"": true}, ""presence_freq"": {""value"": 1.0, ""threshold"": 0.75, ""passed"": true}, ""directional_mean_ret"": {""value"": 0.26811592777570087, ""threshold"": 0.0, ""passed"": true}, ""hurdle_excess"": {""value"": 0.2680406475047818, ""threshold"": 0.0, ""passed"": true}, ""min_support_actual"": {""value"": 466, ""threshold"": 50, ""passed"": true}, ""is_structurally_sound"": {""value"": false, ""passed"": false}, ""trade_path_quality_score"": {""value"": -0.0012521916117486911, ""threshold"": 0.0, ""passed"": false}}, ""failures"": [""structural_soundness_fail: "", ""trade_path_quality_score=-0.001252 < 0.000000""], ""warnings"": [], ""classification"": ""rejected""}"
(*)|(loc_dist_ema20_atr_ts_top70==1)|(reg_atr_change_rate_ts_band25_75==1&reg_ema50_gt_ema200_raw==0),*,loc_dist_ema20_atr_ts_top70==1,reg_atr_change_rate_ts_band25_75==1&reg_ema50_gt_ema200_raw==0,0.21194550891717276,0.21194550891717276,0.012389019736078427,0.13626326123873392,0.01362962962962963,0.0009389211526830393,1.0,1.0,0.555956678700361,168,,,-0.03428889503203047,-0.03827787997669137,-0.02806942516342531,-0.027190175153066987,,0.0,,,,-0.026103993552277372,,0.09051724137931035,0.07438342326933012,0.029952136830887526,-4.8497156070064085e-06,6.135220493340273,-inf,-inf,7.868235157750341e-05,0.21186682656559525,3,1,1,3,3,stage_a_context,,long,3-way,True,,production,,,0.20276736446922738,-inf,primary_target,0,ranking,rejected,"{""checks"": {""n_folds"": {""value"": 3, ""threshold"": 3, ""passed"": true}, ""presence_freq"": {""value"": 1.0, ""threshold"": 0.75, ""passed"": true}, ""directional_mean_ret"": {""value"": 0.21194550891717276, ""threshold"": 0.0, ""passed"": true}, ""hurdle_excess"": {""value"": 0.21186682656559525, ""threshold"": 0.0, ""passed"": true}, ""min_support_actual"": {""value"": 168, ""threshold"": 50, ""passed"": true}, ""is_structurally_sound"": {""value"": false, ""passed"": false}, ""trade_path_quality_score"": {""value"": -4.8497156070064085e-06, ""threshold"": 0.0, ""passed"": false}}, ""failures"": [""structural_soundness_fail: "", ""trade_path_quality_score=-0.000005 < 0.000000""], ""warnings"": [], ""classification"": ""rejected""}"
(*)|(loc_dist_ema20_atr_ts_top70==1)|(reg_atr_change_rate_ts_band25_75==1&reg_ema50_gt_ema200_raw==1),*,loc_dist_ema20_atr_ts_top70==1,reg_atr_change_rate_ts_band25_75==1&reg_ema50_gt_ema200_raw==1,0.26811592777570087,0.26811592777570087,0.014840706869442359,0.15881633758544922,0.038148148148148146,0.002630064300712094,1.0,1.0,0.5351351351351351,466,,,0.00087952286125532,-0.007669188077046325,-0.0012768185386371098,0.00835006309961075,,0.3333333333333333,,,,-0.32207472992326813,,0.21778350515463918,0.10700237259438726,0.0310612806529075,-0.0012521916117486911,7.383601547710628,-inf,-inf,7.528027091906721e-05,0.2680406475047818,3,1,1,3,3,stage_a_context,,long,3-way,True,,production,,,0.05042428249816674,-inf,primary_target,0,ranking,rejected,"{""checks"": {""n_folds"": {""value"": 3, ""threshold"": 3, ""passed"": true}, ""presence_freq"": {""value"": 1.0, ""threshold"": 0.75, ""passed"": true}, ""directional_mean_ret"": {""value"": 0.26811592777570087, ""threshold"": 0.0, ""passed"": true}, ""hurdle_excess"": {""value"": 0.2680406475047818, ""threshold"": 0.0, ""passed"": true}, ""min_support_actual"": {""value"": 466, ""threshold"": 50, ""passed"": true}, ""is_structurally_sound"": {""value"": false, ""passed"": false}, ""trade_path_quality_score"": {""value"": -0.0012521916117486911, ""threshold"": 0.0, ""passed"": false}}, ""failures"": [""structural_soundness_fail: "", ""trade_path_quality_score=-0.001252 < 0.000000""], ""warnings"": [], ""classification"": ""rejected""}"
(*)|(loc_dist_ema20_atr_ts_top80==0)|(reg_atr_change_rate_ts_band25_75==0&reg_atr_change_rate_ts_band30_70==0&reg_atr_change_rate_ts_top20==1&reg_atr_change_rate_ts_top30==0&reg_ema20_gt_ema50_raw==0),*,loc_dist_ema20_atr_ts_top80==0,reg_atr_change_rate_ts_band25_75==0&reg_atr_change_rate_ts_band30_70==0&reg_atr_change_rate_ts_top20==1&reg_atr_change_rate_ts_top30==0&reg_ema20_gt_ema50_raw==0,0.27054087320963544,0.27054087320963544,0.012278289141472701,0.16378221909205118,0.04960493827160494,0.004345117808880777,1.0,1.0,0.5057339449541285,605,,,0.002861891697550221,-0.006380393648339745,-0.0024075316486659136,0.009469465370332119,,0.3333333333333333,,,,0.1987676516036483,,-0.36362139917695474,0.020383762835352315,0.26265694039971793,-0.0004560876536372875,6.6443927126481155,-inf,-inf,9.511597379972566e-05,0.2704457572358357,3,1,1,6,6,stage_a_context,,long,6-way,True,,production,,,0.02247996595339467,-inf,primary_target,0,ranking,rejected,"{""checks"": {""n_folds"": {""value"": 3, ""threshold"": 3, ""passed"": true}, ""presence_freq"": {""value"": 1.0, ""threshold"": 0.75, ""passed"": true}, ""directional_mean_ret"": {""value"": 0.27054087320963544, ""threshold"": 0.0, ""passed"": true}, ""hurdle_excess"": {""value"": 0.2704457572358357, ""threshold"": 0.0, ""passed"": true}, ""min_support_actual"": {""value"": 605, ""threshold"": 50, ""passed"": true}, ""is_structurally_sound"": {""value"": false, ""passed"": false}, ""trade_path_quality_score"": {""value"": -0.0004560876536372875, ""threshold"": 0.0, ""passed"": false}}, ""failures"": [""structural_soundness_fail: "", ""trade_path_quality_score=-0.000456 < 0.000000""], ""warnings"": [], ""classification"": ""rejected""}"
(*)|(loc_dist_ema20_atr_ts_top80==0)|(reg_atr_change_rate_ts_band25_75==0&reg_atr_change_rate_ts_band30_70==0&reg_atr_change_rate_ts_top30==1&reg_ema20_gt_ema50_raw==0),*,loc_dist_ema20_atr_ts_top80==0,reg_atr_change_rate_ts_band25_75==0&reg_atr_change_rate_ts_band30_70==0&reg_atr_change_rate_ts_top30==1&reg_ema20_gt_ema50_raw==0,0.1516115963459015,0.1516115963459015,0.0070127397775650024,0.10538330301642418,0.006790123456790124,0.001665523155954573,1.0,1.0,0.7560975609756098,65,,,-0.03166845938178916,-0.03695334622673886,-0.03166845938178916,-0.026383572536839463,,0.0,,,,-0.2033515037631621,,,,0.03623904116624627,5.224838291176923e-06,4.089630300771053,-inf,-inf,0.00010257621742112485,0.15150902012848036,3,1,1,5,5,stage_a_context,,long,5-way,True,,production,,,,-inf,primary_target,0,ranking,research,"{""checks"": {""n_folds"": {""value"": 3, ""threshold"": 3, ""passed"": true}, ""presence_freq"": {""value"": 1.0, ""threshold"": 0.75, ""passed"": true}, ""directional_mean_ret"": {""value"": 0.1516115963459015, ""threshold"": 0.0, ""passed"": true}, ""hurdle_excess"": {""value"": 0.15150902012848036, ""threshold"": 0.0, ""passed"": true}, ""min_support_actual"": {""value"": 65, ""threshold"": 50, ""passed"": true}, ""is_structurally_sound"": {""value"": false, ""passed"": false}, ""trade_path_quality_score"": {""value"": 5.224838291176923e-06, ""threshold"": 0.0, ""passed"": true}}, ""failures"": [""structural_soundness_fail: ""], ""warnings"": [], ""classification"": ""research""}"
(*)|(loc_dist_ema20_atr_ts_top80==0)|(reg_atr_change_rate_ts_band25_75==0&reg_atr_change_rate_ts_band30_70==0&reg_ema20_gt_ema50_raw==1),*,loc_dist_ema20_atr_ts_top80==0,reg_atr_change_rate_ts_band25_75==0&reg_atr_change_rate_ts_band30_70==0&reg_ema20_gt_ema50_raw==1,0.26404133935769397,0.26404133935769397,0.014723705940058052,0.15525070329507193,0.04451851851851851,0.0022402560438940767,1.0,1.0,0.5185589519650655,559,,,-0.0026374332935522548,-0.0068323131352377815,0.005480278836852798,0.0056163026133358,,0.6666666666666666,,,,-0.25636893433395286,,0.08382344312482959,0.07747584647905553,0.030074388428036943,-0.0009634529765609587,7.246707358410672,-inf,-inf,9.582954197530866e-05,0.2639455098157187,3,1,1,4,4,stage_a_context,,long,4-way,True,,production,,,0.07316216014669578,-inf,primary_target,0,ranking,rejected,"{""checks"": {""n_folds"": {""value"": 3, ""threshold"": 3, ""passed"": true}, ""presence_freq"": {""value"": 1.0, ""threshold"": 0.75, ""passed"": true}, ""directional_mean_ret"": {""value"": 0.26404133935769397, ""threshold"": 0.0, ""passed"": true}, ""hurdle_excess"": {""value"": 0.2639455098157187, ""threshold"": 0.0, ""passed"": true}, ""min_support_actual"": {""value"": 559, ""threshold"": 50, ""passed"": true}, ""is_structurally_sound"": {""value"": false, ""passed"": false}, ""trade_path_quality_score"": {""value"": -0.0009634529765609587, ""threshold"": 0.0, ""passed"": false}}, ""failures"": [""structural_soundness_fail: "", ""trade_path_quality_score=-0.000963 < 0.000000""], ""warnings"": [], ""classification"": ""rejected""}"
(*)|(loc_dist_ema20_atr_ts_top80==0)|(reg_atr_change_rate_ts_band25_75==0&reg_atr_change_rate_ts_top20==1&reg_atr_change_rate_ts_top30==0),*,loc_dist_ema20_atr_ts_top80==0,reg_atr_change_rate_ts_band25_75==0&reg_atr_change_rate_ts_top20==1&reg_atr_change_rate_ts_top30==0,0.27054087320963544,0.27054087320963544,0.012278289141472701,0.16378221909205118,0.04960493827160494,0.004345117808880777,1.0,1.0,0.5057339449541285,605,,,0.002861891697550221,-0.006380393648339745,-0.0024075316486659136,0.009469465370332119,,0.3333333333333333,,,,0.1987676516036483,,-0.36362139917695474,0.020383762835352315,0.26265694039971793,-0.0004560876536372875,6.6443927126481155,-inf,-inf,9.511597379972566e-05,0.2704457572358357,3,1,1,4,4,stage_a_context,,long,4-way,True,,production,,,0.02247996595339467,-inf,primary_target,0,ranking,rejected,"{""checks"": {""n_folds"": {""value"": 3, ""threshold"": 3, ""passed"": true}, ""presence_freq"": {""value"": 1.0, ""threshold"": 0.75, ""passed"": true}, ""directional_mean_ret"": {""value"": 0.27054087320963544, ""threshold"": 0.0, ""passed"": true}, ""hurdle_excess"": {""value"": 0.2704457572358357, ""threshold"": 0.0, ""passed"": true}, ""min_support_actual"": {""value"": 605, ""threshold"": 50, ""passed"": true}, ""is_structurally_sound"": {""value"": false, ""passed"": false}, ""trade_path_quality_score"": {""value"": -0.0004560876536372875, ""threshold"": 0.0, ""passed"": false}}, ""failures"": [""structural_soundness_fail: "", ""trade_path_quality_score=-0.000456 < 0.000000""], ""warnings"": [], ""classification"": ""rejected""}"
(*)|(loc_dist_ema20_atr_ts_top80==0)|(reg_atr_change_rate_ts_band25_75==0&reg_atr_change_rate_ts_top30==1&reg_ema20_gt_ema50_raw==0),*,loc_dist_ema20_atr_ts_top80==0,reg_atr_change_rate_ts_band25_75==0&reg_atr_change_rate_ts_top30==1&reg_ema20_gt_ema50_raw==0,0.1516115963459015,0.1516115963459015,0.0070127397775650024,0.10538330301642418,0.006790123456790124,0.001665523155954573,1.0,1.0,0.7560975609756098,65,,,-0.03166845938178916,-0.03695334622673886,-0.03166845938178916,-0.026383572536839463,,0.0,,,,-0.2033515037631621,,,,0.03623904116624627,5.224838291176923e-06,4.089630300771053,-inf,-inf,0.00010257621742112485,0.15150902012848036,3,1,1,4,4,stage_a_context,,long,4-way,True,,production,,,,-inf,primary_target,0,ranking,research,"{""checks"": {""n_folds"": {""value"": 3, ""threshold"": 3, ""passed"": true}, ""presence_freq"": {""value"": 1.0, ""threshold"": 0.75, ""passed"": true}, ""directional_mean_ret"": {""value"": 0.1516115963459015, ""threshold"": 0.0, ""passed"": true}, ""hurdle_excess"": {""value"": 0.15150902012848036, ""threshold"": 0.0, ""passed"": true}, ""min_support_actual"": {""value"": 65, ""threshold"": 50, ""passed"": true}, ""is_structurally_sound"": {""value"": false, ""passed"": false}, ""trade_path_quality_score"": {""value"": 5.224838291176923e-06, ""threshold"": 0.0, ""passed"": true}}, ""failures"": [""structural_soundness_fail: ""], ""warnings"": [], ""classification"": ""research""}"
(*)|(loc_dist_ema20_atr_ts_top80==0)|(reg_atr_change_rate_ts_band25_75==0&reg_atr_change_rate_ts_top30==1&reg_ema20_gt_ema50_raw==1),*,loc_dist_ema20_atr_ts_top80==0,reg_atr_change_rate_ts_band25_75==0&reg_atr_change_rate_ts_top30==1&reg_ema20_gt_ema50_raw==1,0.26404133935769397,0.26404133935769397,0.014723705940058052,0.15525070329507193,0.04451851851851851,0.0022402560438940767,1.0,1.0,0.5185589519650655,559,,,-0.0026374332935522548,-0.0068323131352377815,0.005480278836852798,0.0056163026133358,,0.6666666666666666,,,,-0.25636893433395286,,0.08382344312482959,0.07747584647905553,0.030074388428036943,-0.0009634529765609587,7.246707358410672,-inf,-inf,9.582954197530866e-05,0.2639455098157187,3,1,1,4,4,stage_a_context,,long,4-way,True,,production,,,0.07316216014669578,-inf,primary_target,0,ranking,rejected,"{""checks"": {""n_folds"": {""value"": 3, ""threshold"": 3, ""passed"": true}, ""presence_freq"": {""value"": 1.0, ""threshold"": 0.75, ""passed"": true}, ""directional_mean_ret"": {""value"": 0.26404133935769397, ""threshold"": 0.0, ""passed"": true}, ""hurdle_excess"": {""value"": 0.2639455098157187, ""threshold"": 0.0, ""passed"": true}, ""min_support_actual"": {""value"": 559, ""threshold"": 50, ""passed"": true}, ""is_structurally_sound"": {""value"": false, ""passed"": false}, ""trade_path_quality_score"": {""value"": -0.0009634529765609587, ""threshold"": 0.0, ""passed"": false}}, ""failures"": [""structural_soundness_fail: "", ""trade_path_quality_score=-0.000963 < 0.000000""], ""warnings"": [], ""classification"": ""rejected""}"
(*)|(loc_dist_ema20_atr_ts_top80==0)|(reg_atr_change_rate_ts_band25_75==1&reg_atr_change_rate_ts_band30_70==0&reg_atr_change_rate_ts_top30==0&reg_ema20_gt_ema50_raw==0),*,loc_dist_ema20_atr_ts_top80==0,reg_atr_change_rate_ts_band25_75==1&reg_atr_change_rate_ts_band30_70==0&reg_atr_change_rate_ts_top30==0&reg_ema20_gt_ema50_raw==0,0.2631906767686208,0.2631906767686208,0.016343697055675337,0.16265031695365906,0.048716049382716044,0.003122456288303651,1.0,1.0,0.5176336746302617,623,,,-0.009850880353314146,-0.014270544446681596,-0.01395917591198115,-0.007485364039280197,,0.0,,,,0.12258595182420347,,0.043209876543209874,0.0649793295217405,0.26787530981178254,-0.0011305978802505015,6.810212137749811,-inf,-inf,9.523731700960221e-05,0.2630954394516112,3,1,1,5,5,stage_a_context,,long,5-way,True,,production,,,0.03052422649743473,-inf,primary_target,0,ranking,rejected,"{""checks"": {""n_folds"": {""value"": 3, ""threshold"": 3, ""passed"": true}, ""presence_freq"": {""value"": 1.0, ""threshold"": 0.75, ""passed"": true}, ""directional_mean_ret"": {""value"": 0.2631906767686208, ""threshold"": 0.0, ""passed"": true}, ""hurdle_excess"": {""value"": 0.2630954394516112, ""threshold"": 0.0, ""passed"": true}, ""min_support_actual"": {""value"": 623, ""threshold"": 50, ""passed"": true}, ""is_structurally_sound"": {""value"": false, ""passed"": false}, ""trade_path_quality_score"": {""value"": -0.0011305978802505015, ""threshold"": 0.0, ""passed"": false}}, ""failures"": [""structural_soundness_fail: "", ""trade_path_quality_score=-0.001131 < 0.000000""], ""warnings"": [], ""classification"": ""rejected""}"
(*)|(loc_dist_ema20_atr_ts_top80==0)|(reg_atr_change_rate_ts_band25_75==1&reg_atr_change_rate_ts_band30_70==0&reg_atr_change_rate_ts_top30==1&reg_ema20_gt_ema50_raw==0),*,loc_dist_ema20_atr_ts_top80==0,reg_atr_change_rate_ts_band25_75==1&reg_atr_change_rate_ts_band30_70==0&reg_atr_change_rate_ts_top30==1&reg_ema20_gt_ema50_raw==0,0.21194550891717276,0.21194550891717276,0.012389019736078427,0.13626326123873392,0.01362962962962963,0.0009389211526830393,1.0,1.0,0.555956678700361,168,,,-0.03428889503203047,-0.03827787997669137,-0.02806942516342531,-0.027190175153066987,,0.0,,,,-0.026103993552277372,,0.09051724137931035,0.07438342326933012,0.029952136830887526,-4.8497156070064085e-06,6.135220493340273,-inf,-inf,0.00010116302345679012,0.21184434589371598,3,1,1,5,5,stage_a_context,,long,5-way,True,,production,,,0.20276736446922738,-inf,primary_target,0,ranking,rejected,"{""checks"": {""n_folds"": {""value"": 3, ""threshold"": 3, ""passed"": true}, ""presence_freq"": {""value"": 1.0, ""threshold"": 0.75, ""passed"": true}, ""directional_mean_ret"": {""value"": 0.21194550891717276, ""threshold"": 0.0, ""passed"": true}, ""hurdle_excess"": {""value"": 0.21184434589371598, ""threshold"": 0.0, ""passed"": true}, ""min_support_actual"": {""value"": 168, ""threshold"": 50, ""passed"": true}, ""is_structurally_sound"": {""value"": false, ""passed"": false}, ""trade_path_quality_score"": {""value"": -4.8497156070064085e-06, ""threshold"": 0.0, ""passed"": false}}, ""failures"": [""structural_soundness_fail: "", ""trade_path_quality_score=-0.000005 < 0.000000""], ""warnings"": [], ""classification"": ""rejected""}"
(*)|(loc_dist_ema20_atr_ts_top80==0)|(reg_atr_change_rate_ts_band25_75==1&reg_atr_change_rate_ts_band30_70==0&reg_ema20_gt_ema50_raw==1),*,loc_dist_ema20_atr_ts_top80==0,reg_atr_change_rate_ts_band25_75==1&reg_atr_change_rate_ts_band30_70==0&reg_ema20_gt_ema50_raw==1,0.26811592777570087,0.26811592777570087,0.014840706869442359,0.15881633758544922,0.038148148148148146,0.002630064300712094,1.0,1.0,0.5351351351351351,466,,,0.00087952286125532,-0.007669188077046325,-0.0012768185386371098,0.00835006309961075,,0.3333333333333333,,,,-0.32207472992326813,,0.21778350515463918,0.10700237259438726,0.0310612806529075,-0.0012521916117486911,7.383601547710628,-inf,-inf,9.678891975308642e-05,0.2680191388559478,3,1,1,4,4,stage_a_context,,long,4-way,True,,production,,,0.05042428249816674,-inf,primary_target,0,ranking,rejected,"{""checks"": {""n_folds"": {""value"": 3, ""threshold"": 3, ""passed"": true}, ""presence_freq"": {""value"": 1.0, ""threshold"": 0.75, ""passed"": true}, ""directional_mean_ret"": {""value"": 0.26811592777570087, ""threshold"": 0.0, ""passed"": true}, ""hurdle_excess"": {""value"": 0.2680191388559478, ""threshold"": 0.0, ""passed"": true}, ""min_support_actual"": {""value"": 466, ""threshold"": 50, ""passed"": true}, ""is_structurally_sound"": {""value"": false, ""passed"": false}, ""trade_path_quality_score"": {""value"": -0.0012521916117486911, ""threshold"": 0.0, ""passed"": false}}, ""failures"": [""structural_soundness_fail: "", ""trade_path_quality_score=-0.001252 < 0.000000""], ""warnings"": [], ""classification"": ""rejected""}"
