canonical_key,rule_id,fold_id,seed,feature_index,feature_name,group,source_name,source_family,normalized_value
(*)|(loc_dist_ema20_atr_ts_bot20==0&loc_dist_ema20_atr_ts_top60==0)|(reg_atr_change_rate_ts_band25_75==1&reg_atr_change_rate_ts_top30==0&reg_atr_change_rate_ts_top50==0&reg_atr_change_rate_ts_top80==0),c7f7c19eec0c,0,42,3,loc_dist_ema20_atr_ts_bot20,location,dist_ema20_atr,context,0
(*)|(loc_dist_ema20_atr_ts_bot20==0&loc_dist_ema20_atr_ts_top60==0)|(reg_atr_change_rate_ts_band25_75==1&reg_atr_change_rate_ts_top30==0&reg_atr_change_rate_ts_top50==0&reg_atr_change_rate_ts_top80==0),c7f7c19eec0c,0,42,17,loc_dist_ema20_atr_ts_top60,location,dist_ema20_atr,context,0
(*)|(loc_dist_ema20_atr_ts_bot20==0&loc_dist_ema20_atr_ts_top60==0)|(reg_atr_change_rate_ts_band25_75==1&reg_atr_change_rate_ts_top30==0&reg_atr_change_rate_ts_top50==0&reg_atr_change_rate_ts_top80==0),c7f7c19eec0c,0,42,24,reg_atr_change_rate_ts_top80,regime,atr_change_rate,volatility,0
(*)|(loc_dist_ema20_atr_ts_bot20==0&loc_dist_ema20_atr_ts_top60==0)|(reg_atr_change_rate_ts_band25_75==1&reg_atr_change_rate_ts_top30==0&reg_atr_change_rate_ts_top50==0&reg_atr_change_rate_ts_top80==0),c7f7c19eec0c,0,42,30,reg_atr_change_rate_ts_band25_75,regime,atr_change_rate,volatility,1
(*)|(loc_dist_ema20_atr_ts_bot20==0&loc_dist_ema20_atr_ts_top60==0)|(reg_atr_change_rate_ts_band25_75==1&reg_atr_change_rate_ts_top30==0&reg_atr_change_rate_ts_top50==0&reg_atr_change_rate_ts_top80==0),c7f7c19eec0c,0,42,12,reg_atr_change_rate_ts_top50,regime,atr_change_rate,volatility,0
(*)|(loc_dist_ema20_atr_ts_bot20==0&loc_dist_ema20_atr_ts_top60==0)|(reg_atr_change_rate_ts_band25_75==1&reg_atr_change_rate_ts_top30==0&reg_atr_change_rate_ts_top50==0&reg_atr_change_rate_ts_top80==0),c7f7c19eec0c,0,42,4,reg_atr_change_rate_ts_top30,regime,atr_change_rate,volatility,0
(*)|(loc_dist_ema20_atr_ts_bot20==0&loc_dist_ema20_atr_ts_top60==0)|(reg_atr_change_rate_ts_band25_75==1&reg_atr_change_rate_ts_top30==1&reg_atr_change_rate_ts_top50==0&reg_atr_change_rate_ts_top80==0),48c99cd131e4,0,42,3,loc_dist_ema20_atr_ts_bot20,location,dist_ema20_atr,context,0
(*)|(loc_dist_ema20_atr_ts_bot20==0&loc_dist_ema20_atr_ts_top60==0)|(reg_atr_change_rate_ts_band25_75==1&reg_atr_change_rate_ts_top30==1&reg_atr_change_rate_ts_top50==0&reg_atr_change_rate_ts_top80==0),48c99cd131e4,0,42,17,loc_dist_ema20_atr_ts_top60,location,dist_ema20_atr,context,0
(*)|(loc_dist_ema20_atr_ts_bot20==0&loc_dist_ema20_atr_ts_top60==0)|(reg_atr_change_rate_ts_band25_75==1&reg_atr_change_rate_ts_top30==1&reg_atr_change_rate_ts_top50==0&reg_atr_change_rate_ts_top80==0),48c99cd131e4,0,42,24,reg_atr_change_rate_ts_top80,regime,atr_change_rate,volatility,0
(*)|(loc_dist_ema20_atr_ts_bot20==0&loc_dist_ema20_atr_ts_top60==0)|(reg_atr_change_rate_ts_band25_75==1&reg_atr_change_rate_ts_top30==1&reg_atr_change_rate_ts_top50==0&reg_atr_change_rate_ts_top80==0),48c99cd131e4,0,42,30,reg_atr_change_rate_ts_band25_75,regime,atr_change_rate,volatility,1
(*)|(loc_dist_ema20_atr_ts_bot20==0&loc_dist_ema20_atr_ts_top60==0)|(reg_atr_change_rate_ts_band25_75==1&reg_atr_change_rate_ts_top30==1&reg_atr_change_rate_ts_top50==0&reg_atr_change_rate_ts_top80==0),48c99cd131e4,0,42,12,reg_atr_change_rate_ts_top50,regime,atr_change_rate,volatility,0
(*)|(loc_dist_ema20_atr_ts_bot20==0&loc_dist_ema20_atr_ts_top60==0)|(reg_atr_change_rate_ts_band25_75==1&reg_atr_change_rate_ts_top30==1&reg_atr_change_rate_ts_top50==0&reg_atr_change_rate_ts_top80==0),48c99cd131e4,0,42,4,reg_atr_change_rate_ts_top30,regime,atr_change_rate,volatility,1
(*)|(loc_dist_ema20_atr_ts_bot20==0&loc_dist_ema20_atr_ts_top60==0)|(reg_atr_change_rate_ts_band25_75==1&reg_atr_change_rate_ts_top50==1&reg_atr_change_rate_ts_top80==0),ff4221301f71,0,42,3,loc_dist_ema20_atr_ts_bot20,location,dist_ema20_atr,context,0
(*)|(loc_dist_ema20_atr_ts_bot20==0&loc_dist_ema20_atr_ts_top60==0)|(reg_atr_change_rate_ts_band25_75==1&reg_atr_change_rate_ts_top50==1&reg_atr_change_rate_ts_top80==0),ff4221301f71,0,42,17,loc_dist_ema20_atr_ts_top60,location,dist_ema20_atr,context,0
(*)|(loc_dist_ema20_atr_ts_bot20==0&loc_dist_ema20_atr_ts_top60==0)|(reg_atr_change_rate_ts_band25_75==1&reg_atr_change_rate_ts_top50==1&reg_atr_change_rate_ts_top80==0),ff4221301f71,0,42,24,reg_atr_change_rate_ts_top80,regime,atr_change_rate,volatility,0
(*)|(loc_dist_ema20_atr_ts_bot20==0&loc_dist_ema20_atr_ts_top60==0)|(reg_atr_change_rate_ts_band25_75==1&reg_atr_change_rate_ts_top50==1&reg_atr_change_rate_ts_top80==0),ff4221301f71,0,42,30,reg_atr_change_rate_ts_band25_75,regime,atr_change_rate,volatility,1
(*)|(loc_dist_ema20_atr_ts_bot20==0&loc_dist_ema20_atr_ts_top60==0)|(reg_atr_change_rate_ts_band25_75==1&reg_atr_change_rate_ts_top50==1&reg_atr_change_rate_ts_top80==0),ff4221301f71,0,42,12,reg_atr_change_rate_ts_top50,regime,atr_change_rate,volatility,1
(*)|(loc_dist_ema20_atr_ts_bot20==0&loc_dist_ema20_atr_ts_top60==1)|(reg_atr_change_rate_ts_band25_75==0&reg_atr_change_rate_ts_top80==0),ac5712e45bfc,0,42,3,loc_dist_ema20_atr_ts_bot20,location,dist_ema20_atr,context,0
(*)|(loc_dist_ema20_atr_ts_bot20==0&loc_dist_ema20_atr_ts_top60==1)|(reg_atr_change_rate_ts_band25_75==0&reg_atr_change_rate_ts_top80==0),ac5712e45bfc,0,42,17,loc_dist_ema20_atr_ts_top60,location,dist_ema20_atr,context,1
(*)|(loc_dist_ema20_atr_ts_bot20==0&loc_dist_ema20_atr_ts_top60==1)|(reg_atr_change_rate_ts_band25_75==0&reg_atr_change_rate_ts_top80==0),ac5712e45bfc,0,42,24,reg_atr_change_rate_ts_top80,regime,atr_change_rate,volatility,0
(*)|(loc_dist_ema20_atr_ts_bot20==0&loc_dist_ema20_atr_ts_top60==1)|(reg_atr_change_rate_ts_band25_75==0&reg_atr_change_rate_ts_top80==0),ac5712e45bfc,0,42,30,reg_atr_change_rate_ts_band25_75,regime,atr_change_rate,volatility,0
(*)|(loc_dist_ema20_atr_ts_bot20==0&loc_dist_ema20_atr_ts_top60==1)|(reg_atr_change_rate_ts_band25_75==1&reg_atr_change_rate_ts_top70==0&reg_atr_change_rate_ts_top80==0),d9c88a2b8e21,0,42,3,loc_dist_ema20_atr_ts_bot20,location,dist_ema20_atr,context,0
(*)|(loc_dist_ema20_atr_ts_bot20==0&loc_dist_ema20_atr_ts_top60==1)|(reg_atr_change_rate_ts_band25_75==1&reg_atr_change_rate_ts_top70==0&reg_atr_change_rate_ts_top80==0),d9c88a2b8e21,0,42,17,loc_dist_ema20_atr_ts_top60,location,dist_ema20_atr,context,1
(*)|(loc_dist_ema20_atr_ts_bot20==0&loc_dist_ema20_atr_ts_top60==1)|(reg_atr_change_rate_ts_band25_75==1&reg_atr_change_rate_ts_top70==0&reg_atr_change_rate_ts_top80==0),d9c88a2b8e21,0,42,24,reg_atr_change_rate_ts_top80,regime,atr_change_rate,volatility,0
(*)|(loc_dist_ema20_atr_ts_bot20==0&loc_dist_ema20_atr_ts_top60==1)|(reg_atr_change_rate_ts_band25_75==1&reg_atr_change_rate_ts_top70==0&reg_atr_change_rate_ts_top80==0),d9c88a2b8e21,0,42,30,reg_atr_change_rate_ts_band25_75,regime,atr_change_rate,volatility,1
(*)|(loc_dist_ema20_atr_ts_bot20==0&loc_dist_ema20_atr_ts_top60==1)|(reg_atr_change_rate_ts_band25_75==1&reg_atr_change_rate_ts_top70==0&reg_atr_change_rate_ts_top80==0),d9c88a2b8e21,0,42,20,reg_atr_change_rate_ts_top70,regime,atr_change_rate,volatility,0
(*)|(loc_dist_ema20_atr_ts_bot20==0&loc_dist_ema20_atr_ts_top60==1)|(reg_atr_change_rate_ts_band25_75==1&reg_atr_change_rate_ts_top70==1&reg_atr_change_rate_ts_top80==0),2db3fc851f56,0,42,3,loc_dist_ema20_atr_ts_bot20,location,dist_ema20_atr,context,0
(*)|(loc_dist_ema20_atr_ts_bot20==0&loc_dist_ema20_atr_ts_top60==1)|(reg_atr_change_rate_ts_band25_75==1&reg_atr_change_rate_ts_top70==1&reg_atr_change_rate_ts_top80==0),2db3fc851f56,0,42,17,loc_dist_ema20_atr_ts_top60,location,dist_ema20_atr,context,1
(*)|(loc_dist_ema20_atr_ts_bot20==0&loc_dist_ema20_atr_ts_top60==1)|(reg_atr_change_rate_ts_band25_75==1&reg_atr_change_rate_ts_top70==1&reg_atr_change_rate_ts_top80==0),2db3fc851f56,0,42,24,reg_atr_change_rate_ts_top80,regime,atr_change_rate,volatility,0
(*)|(loc_dist_ema20_atr_ts_bot20==0&loc_dist_ema20_atr_ts_top60==1)|(reg_atr_change_rate_ts_band25_75==1&reg_atr_change_rate_ts_top70==1&reg_atr_change_rate_ts_top80==0),2db3fc851f56,0,42,30,reg_atr_change_rate_ts_band25_75,regime,atr_change_rate,volatility,1
(*)|(loc_dist_ema20_atr_ts_bot20==0&loc_dist_ema20_atr_ts_top60==1)|(reg_atr_change_rate_ts_band25_75==1&reg_atr_change_rate_ts_top70==1&reg_atr_change_rate_ts_top80==0),2db3fc851f56,0,42,20,reg_atr_change_rate_ts_top70,regime,atr_change_rate,volatility,1
(*)|(loc_dist_ema20_atr_ts_bot20==0)|(reg_atr_change_rate_ts_top80==1),f023d53c0b70,0,42,3,loc_dist_ema20_atr_ts_bot20,location,dist_ema20_atr,context,0
(*)|(loc_dist_ema20_atr_ts_bot20==0)|(reg_atr_change_rate_ts_top80==1),f023d53c0b70,0,42,24,reg_atr_change_rate_ts_top80,regime,atr_change_rate,volatility,1
(*)|(loc_dist_ema20_atr_ts_bot20==1)|(reg_ema50_gt_ema200_raw==0),21f4854c4903,0,42,3,loc_dist_ema20_atr_ts_bot20,location,dist_ema20_atr,context,1
(*)|(loc_dist_ema20_atr_ts_bot20==1)|(reg_ema50_gt_ema200_raw==0),21f4854c4903,0,42,506,reg_ema50_gt_ema200_raw,regime,ema50_gt_ema200,trend,0
(*)|(loc_dist_ema20_atr_ts_bot20==1)|(reg_ema50_gt_ema200_raw==1),359017dc88ff,0,42,3,loc_dist_ema20_atr_ts_bot20,location,dist_ema20_atr,context,1
(*)|(loc_dist_ema20_atr_ts_bot20==1)|(reg_ema50_gt_ema200_raw==1),359017dc88ff,0,42,506,reg_ema50_gt_ema200_raw,regime,ema50_gt_ema200,trend,1
(*)|(*)|(reg_atr_change_rate_ts_top20==0&reg_atr_change_rate_ts_top60==0&reg_ema50_gt_ema200_raw==1),94af9676b898,0,42,16,reg_atr_change_rate_ts_top60,regime,atr_change_rate,volatility,0
(*)|(*)|(reg_atr_change_rate_ts_top20==0&reg_atr_change_rate_ts_top60==0&reg_ema50_gt_ema200_raw==1),94af9676b898,0,42,0,reg_atr_change_rate_ts_top20,regime,atr_change_rate,volatility,0
(*)|(*)|(reg_atr_change_rate_ts_top20==0&reg_atr_change_rate_ts_top60==0&reg_ema50_gt_ema200_raw==1),94af9676b898,0,42,506,reg_ema50_gt_ema200_raw,regime,ema50_gt_ema200,trend,1
(*)|(loc_dist_ema20_atr_ts_band25_75==0)|(reg_atr_change_rate_ts_top20==1&reg_atr_change_rate_ts_top30==0&reg_atr_change_rate_ts_top60==0),057a3e719a8b,0,42,16,reg_atr_change_rate_ts_top60,regime,atr_change_rate,volatility,0
(*)|(loc_dist_ema20_atr_ts_band25_75==0)|(reg_atr_change_rate_ts_top20==1&reg_atr_change_rate_ts_top30==0&reg_atr_change_rate_ts_top60==0),057a3e719a8b,0,42,0,reg_atr_change_rate_ts_top20,regime,atr_change_rate,volatility,1
(*)|(loc_dist_ema20_atr_ts_band25_75==0)|(reg_atr_change_rate_ts_top20==1&reg_atr_change_rate_ts_top30==0&reg_atr_change_rate_ts_top60==0),057a3e719a8b,0,42,4,reg_atr_change_rate_ts_top30,regime,atr_change_rate,volatility,0
(*)|(loc_dist_ema20_atr_ts_band25_75==0)|(reg_atr_change_rate_ts_top20==1&reg_atr_change_rate_ts_top30==0&reg_atr_change_rate_ts_top60==0),057a3e719a8b,0,42,31,loc_dist_ema20_atr_ts_band25_75,location,dist_ema20_atr,context,0
(*)|(loc_dist_ema20_atr_ts_band25_75==1)|(reg_atr_change_rate_ts_top20==1&reg_atr_change_rate_ts_top30==0&reg_atr_change_rate_ts_top60==0),1adf3b9b9b66,0,42,16,reg_atr_change_rate_ts_top60,regime,atr_change_rate,volatility,0
(*)|(loc_dist_ema20_atr_ts_band25_75==1)|(reg_atr_change_rate_ts_top20==1&reg_atr_change_rate_ts_top30==0&reg_atr_change_rate_ts_top60==0),1adf3b9b9b66,0,42,0,reg_atr_change_rate_ts_top20,regime,atr_change_rate,volatility,1
(*)|(loc_dist_ema20_atr_ts_band25_75==1)|(reg_atr_change_rate_ts_top20==1&reg_atr_change_rate_ts_top30==0&reg_atr_change_rate_ts_top60==0),1adf3b9b9b66,0,42,4,reg_atr_change_rate_ts_top30,regime,atr_change_rate,volatility,0
(*)|(loc_dist_ema20_atr_ts_band25_75==1)|(reg_atr_change_rate_ts_top20==1&reg_atr_change_rate_ts_top30==0&reg_atr_change_rate_ts_top60==0),1adf3b9b9b66,0,42,31,loc_dist_ema20_atr_ts_band25_75,location,dist_ema20_atr,context,1
(*)|(*)|(reg_atr_change_rate_ts_bot50==0&reg_atr_change_rate_ts_top20==1&reg_atr_change_rate_ts_top30==1&reg_atr_change_rate_ts_top60==0),9b2cbfc7167f,0,42,16,reg_atr_change_rate_ts_top60,regime,atr_change_rate,volatility,0
(*)|(*)|(reg_atr_change_rate_ts_bot50==0&reg_atr_change_rate_ts_top20==1&reg_atr_change_rate_ts_top30==1&reg_atr_change_rate_ts_top60==0),9b2cbfc7167f,0,42,0,reg_atr_change_rate_ts_top20,regime,atr_change_rate,volatility,1
(*)|(*)|(reg_atr_change_rate_ts_bot50==0&reg_atr_change_rate_ts_top20==1&reg_atr_change_rate_ts_top30==1&reg_atr_change_rate_ts_top60==0),9b2cbfc7167f,0,42,4,reg_atr_change_rate_ts_top30,regime,atr_change_rate,volatility,1
(*)|(*)|(reg_atr_change_rate_ts_bot50==0&reg_atr_change_rate_ts_top20==1&reg_atr_change_rate_ts_top30==1&reg_atr_change_rate_ts_top60==0),9b2cbfc7167f,0,42,14,reg_atr_change_rate_ts_bot50,regime,atr_change_rate,volatility,0
(*)|(loc_dist_ema20_atr_ts_bot40==0)|(reg_atr_change_rate_ts_bot50==1&reg_atr_change_rate_ts_top20==1&reg_atr_change_rate_ts_top30==1&reg_atr_change_rate_ts_top60==0),d4c59199d7d5,0,42,16,reg_atr_change_rate_ts_top60,regime,atr_change_rate,volatility,0
(*)|(loc_dist_ema20_atr_ts_bot40==0)|(reg_atr_change_rate_ts_bot50==1&reg_atr_change_rate_ts_top20==1&reg_atr_change_rate_ts_top30==1&reg_atr_change_rate_ts_top60==0),d4c59199d7d5,0,42,0,reg_atr_change_rate_ts_top20,regime,atr_change_rate,volatility,1
(*)|(loc_dist_ema20_atr_ts_bot40==0)|(reg_atr_change_rate_ts_bot50==1&reg_atr_change_rate_ts_top20==1&reg_atr_change_rate_ts_top30==1&reg_atr_change_rate_ts_top60==0),d4c59199d7d5,0,42,4,reg_atr_change_rate_ts_top30,regime,atr_change_rate,volatility,1
(*)|(loc_dist_ema20_atr_ts_bot40==0)|(reg_atr_change_rate_ts_bot50==1&reg_atr_change_rate_ts_top20==1&reg_atr_change_rate_ts_top30==1&reg_atr_change_rate_ts_top60==0),d4c59199d7d5,0,42,14,reg_atr_change_rate_ts_bot50,regime,atr_change_rate,volatility,1
(*)|(loc_dist_ema20_atr_ts_bot40==0)|(reg_atr_change_rate_ts_bot50==1&reg_atr_change_rate_ts_top20==1&reg_atr_change_rate_ts_top30==1&reg_atr_change_rate_ts_top60==0),d4c59199d7d5,0,42,11,loc_dist_ema20_atr_ts_bot40,location,dist_ema20_atr,context,0
(*)|(loc_dist_ema20_atr_ts_bot40==1)|(reg_atr_change_rate_ts_bot50==1&reg_atr_change_rate_ts_top20==1&reg_atr_change_rate_ts_top30==1&reg_atr_change_rate_ts_top60==0),8714c72a6d14,0,42,16,reg_atr_change_rate_ts_top60,regime,atr_change_rate,volatility,0
(*)|(loc_dist_ema20_atr_ts_bot40==1)|(reg_atr_change_rate_ts_bot50==1&reg_atr_change_rate_ts_top20==1&reg_atr_change_rate_ts_top30==1&reg_atr_change_rate_ts_top60==0),8714c72a6d14,0,42,0,reg_atr_change_rate_ts_top20,regime,atr_change_rate,volatility,1
(*)|(loc_dist_ema20_atr_ts_bot40==1)|(reg_atr_change_rate_ts_bot50==1&reg_atr_change_rate_ts_top20==1&reg_atr_change_rate_ts_top30==1&reg_atr_change_rate_ts_top60==0),8714c72a6d14,0,42,4,reg_atr_change_rate_ts_top30,regime,atr_change_rate,volatility,1
(*)|(loc_dist_ema20_atr_ts_bot40==1)|(reg_atr_change_rate_ts_bot50==1&reg_atr_change_rate_ts_top20==1&reg_atr_change_rate_ts_top30==1&reg_atr_change_rate_ts_top60==0),8714c72a6d14,0,42,14,reg_atr_change_rate_ts_bot50,regime,atr_change_rate,volatility,1
(*)|(loc_dist_ema20_atr_ts_bot40==1)|(reg_atr_change_rate_ts_bot50==1&reg_atr_change_rate_ts_top20==1&reg_atr_change_rate_ts_top30==1&reg_atr_change_rate_ts_top60==0),8714c72a6d14,0,42,11,loc_dist_ema20_atr_ts_bot40,location,dist_ema20_atr,context,1
(*)|(loc_dist_ema20_atr_ts_top70==0&loc_dist_ema20_atr_ts_top80==0)|(reg_atr_change_rate_ts_top60==1),ef794a6503cc,0,42,16,reg_atr_change_rate_ts_top60,regime,atr_change_rate,volatility,1
(*)|(loc_dist_ema20_atr_ts_top70==0&loc_dist_ema20_atr_ts_top80==0)|(reg_atr_change_rate_ts_top60==1),ef794a6503cc,0,42,25,loc_dist_ema20_atr_ts_top80,location,dist_ema20_atr,context,0
(*)|(loc_dist_ema20_atr_ts_top70==0&loc_dist_ema20_atr_ts_top80==0)|(reg_atr_change_rate_ts_top60==1),ef794a6503cc,0,42,21,loc_dist_ema20_atr_ts_top70,location,dist_ema20_atr,context,0
(*)|(loc_dist_ema20_atr_ts_band25_75==0&loc_dist_ema20_atr_ts_top70==1&loc_dist_ema20_atr_ts_top80==0)|(reg_atr_change_rate_ts_top60==1),320455ae518d,0,42,16,reg_atr_change_rate_ts_top60,regime,atr_change_rate,volatility,1
(*)|(loc_dist_ema20_atr_ts_band25_75==0&loc_dist_ema20_atr_ts_top70==1&loc_dist_ema20_atr_ts_top80==0)|(reg_atr_change_rate_ts_top60==1),320455ae518d,0,42,25,loc_dist_ema20_atr_ts_top80,location,dist_ema20_atr,context,0
(*)|(loc_dist_ema20_atr_ts_band25_75==0&loc_dist_ema20_atr_ts_top70==1&loc_dist_ema20_atr_ts_top80==0)|(reg_atr_change_rate_ts_top60==1),320455ae518d,0,42,21,loc_dist_ema20_atr_ts_top70,location,dist_ema20_atr,context,1
(*)|(loc_dist_ema20_atr_ts_band25_75==0&loc_dist_ema20_atr_ts_top70==1&loc_dist_ema20_atr_ts_top80==0)|(reg_atr_change_rate_ts_top60==1),320455ae518d,0,42,31,loc_dist_ema20_atr_ts_band25_75,location,dist_ema20_atr,context,0
(*)|(loc_dist_ema20_atr_ts_band25_75==1&loc_dist_ema20_atr_ts_top70==1&loc_dist_ema20_atr_ts_top80==0)|(reg_atr_change_rate_ts_top60==1),424a22f896df,0,42,16,reg_atr_change_rate_ts_top60,regime,atr_change_rate,volatility,1
(*)|(loc_dist_ema20_atr_ts_band25_75==1&loc_dist_ema20_atr_ts_top70==1&loc_dist_ema20_atr_ts_top80==0)|(reg_atr_change_rate_ts_top60==1),424a22f896df,0,42,25,loc_dist_ema20_atr_ts_top80,location,dist_ema20_atr,context,0
(*)|(loc_dist_ema20_atr_ts_band25_75==1&loc_dist_ema20_atr_ts_top70==1&loc_dist_ema20_atr_ts_top80==0)|(reg_atr_change_rate_ts_top60==1),424a22f896df,0,42,21,loc_dist_ema20_atr_ts_top70,location,dist_ema20_atr,context,1
(*)|(loc_dist_ema20_atr_ts_band25_75==1&loc_dist_ema20_atr_ts_top70==1&loc_dist_ema20_atr_ts_top80==0)|(reg_atr_change_rate_ts_top60==1),424a22f896df,0,42,31,loc_dist_ema20_atr_ts_band25_75,location,dist_ema20_atr,context,1
(*)|(loc_dist_ema20_atr_ts_top80==1)|(reg_atr_change_rate_ts_top60==1),61029034c6a9,0,42,16,reg_atr_change_rate_ts_top60,regime,atr_change_rate,volatility,1
(*)|(loc_dist_ema20_atr_ts_top80==1)|(reg_atr_change_rate_ts_top60==1),61029034c6a9,0,42,25,loc_dist_ema20_atr_ts_top80,location,dist_ema20_atr,context,1
(*)|(loc_dist_ema20_atr_ts_top20==0)|(reg_ema50_gt_ema200_raw==1),2bf671ded43d,0,42,1,loc_dist_ema20_atr_ts_top20,location,dist_ema20_atr,context,0
(*)|(loc_dist_ema20_atr_ts_top20==0)|(reg_ema50_gt_ema200_raw==1),2bf671ded43d,0,42,506,reg_ema50_gt_ema200_raw,regime,ema50_gt_ema200,trend,1
(*)|(loc_dist_ema20_atr_ts_band25_75==0&loc_dist_ema20_atr_ts_top20==1)|(reg_atr_change_rate_ts_top60==0&reg_atr_change_rate_ts_top70==0&reg_atr_change_rate_ts_top80==0),c0d53b0c3431,0,42,1,loc_dist_ema20_atr_ts_top20,location,dist_ema20_atr,context,1
(*)|(loc_dist_ema20_atr_ts_band25_75==0&loc_dist_ema20_atr_ts_top20==1)|(reg_atr_change_rate_ts_top60==0&reg_atr_change_rate_ts_top70==0&reg_atr_change_rate_ts_top80==0),c0d53b0c3431,0,42,31,loc_dist_ema20_atr_ts_band25_75,location,dist_ema20_atr,context,0
(*)|(loc_dist_ema20_atr_ts_band25_75==0&loc_dist_ema20_atr_ts_top20==1)|(reg_atr_change_rate_ts_top60==0&reg_atr_change_rate_ts_top70==0&reg_atr_change_rate_ts_top80==0),c0d53b0c3431,0,42,24,reg_atr_change_rate_ts_top80,regime,atr_change_rate,volatility,0
(*)|(loc_dist_ema20_atr_ts_band25_75==0&loc_dist_ema20_atr_ts_top20==1)|(reg_atr_change_rate_ts_top60==0&reg_atr_change_rate_ts_top70==0&reg_atr_change_rate_ts_top80==0),c0d53b0c3431,0,42,20,reg_atr_change_rate_ts_top70,regime,atr_change_rate,volatility,0
(*)|(loc_dist_ema20_atr_ts_band25_75==0&loc_dist_ema20_atr_ts_top20==1)|(reg_atr_change_rate_ts_top60==0&reg_atr_change_rate_ts_top70==0&reg_atr_change_rate_ts_top80==0),c0d53b0c3431,0,42,16,reg_atr_change_rate_ts_top60,regime,atr_change_rate,volatility,0
(*)|(loc_dist_ema20_atr_ts_band25_75==1&loc_dist_ema20_atr_ts_top20==1)|(reg_atr_change_rate_ts_top30==0&reg_atr_change_rate_ts_top60==0&reg_atr_change_rate_ts_top70==0&reg_atr_change_rate_ts_top80==0),9a2876684a94,0,42,1,loc_dist_ema20_atr_ts_top20,location,dist_ema20_atr,context,1
(*)|(loc_dist_ema20_atr_ts_band25_75==1&loc_dist_ema20_atr_ts_top20==1)|(reg_atr_change_rate_ts_top30==0&reg_atr_change_rate_ts_top60==0&reg_atr_change_rate_ts_top70==0&reg_atr_change_rate_ts_top80==0),9a2876684a94,0,42,31,loc_dist_ema20_atr_ts_band25_75,location,dist_ema20_atr,context,1
(*)|(loc_dist_ema20_atr_ts_band25_75==1&loc_dist_ema20_atr_ts_top20==1)|(reg_atr_change_rate_ts_top30==0&reg_atr_change_rate_ts_top60==0&reg_atr_change_rate_ts_top70==0&reg_atr_change_rate_ts_top80==0),9a2876684a94,0,42,24,reg_atr_change_rate_ts_top80,regime,atr_change_rate,volatility,0
(*)|(loc_dist_ema20_atr_ts_band25_75==1&loc_dist_ema20_atr_ts_top20==1)|(reg_atr_change_rate_ts_top30==0&reg_atr_change_rate_ts_top60==0&reg_atr_change_rate_ts_top70==0&reg_atr_change_rate_ts_top80==0),9a2876684a94,0,42,20,reg_atr_change_rate_ts_top70,regime,atr_change_rate,volatility,0
(*)|(loc_dist_ema20_atr_ts_band25_75==1&loc_dist_ema20_atr_ts_top20==1)|(reg_atr_change_rate_ts_top30==0&reg_atr_change_rate_ts_top60==0&reg_atr_change_rate_ts_top70==0&reg_atr_change_rate_ts_top80==0),9a2876684a94,0,42,16,reg_atr_change_rate_ts_top60,regime,atr_change_rate,volatility,0
(*)|(loc_dist_ema20_atr_ts_band25_75==1&loc_dist_ema20_atr_ts_top20==1)|(reg_atr_change_rate_ts_top30==0&reg_atr_change_rate_ts_top60==0&reg_atr_change_rate_ts_top70==0&reg_atr_change_rate_ts_top80==0),9a2876684a94,0,42,4,reg_atr_change_rate_ts_top30,regime,atr_change_rate,volatility,0
(*)|(loc_dist_ema20_atr_ts_band25_75==1&loc_dist_ema20_atr_ts_top20==1)|(reg_atr_change_rate_ts_top30==1&reg_atr_change_rate_ts_top60==0&reg_atr_change_rate_ts_top70==0&reg_atr_change_rate_ts_top80==0),dcbc4e12f3de,0,42,1,loc_dist_ema20_atr_ts_top20,location,dist_ema20_atr,context,1
(*)|(loc_dist_ema20_atr_ts_band25_75==1&loc_dist_ema20_atr_ts_top20==1)|(reg_atr_change_rate_ts_top30==1&reg_atr_change_rate_ts_top60==0&reg_atr_change_rate_ts_top70==0&reg_atr_change_rate_ts_top80==0),dcbc4e12f3de,0,42,31,loc_dist_ema20_atr_ts_band25_75,location,dist_ema20_atr,context,1
(*)|(loc_dist_ema20_atr_ts_band25_75==1&loc_dist_ema20_atr_ts_top20==1)|(reg_atr_change_rate_ts_top30==1&reg_atr_change_rate_ts_top60==0&reg_atr_change_rate_ts_top70==0&reg_atr_change_rate_ts_top80==0),dcbc4e12f3de,0,42,24,reg_atr_change_rate_ts_top80,regime,atr_change_rate,volatility,0
(*)|(loc_dist_ema20_atr_ts_band25_75==1&loc_dist_ema20_atr_ts_top20==1)|(reg_atr_change_rate_ts_top30==1&reg_atr_change_rate_ts_top60==0&reg_atr_change_rate_ts_top70==0&reg_atr_change_rate_ts_top80==0),dcbc4e12f3de,0,42,20,reg_atr_change_rate_ts_top70,regime,atr_change_rate,volatility,0
(*)|(loc_dist_ema20_atr_ts_band25_75==1&loc_dist_ema20_atr_ts_top20==1)|(reg_atr_change_rate_ts_top30==1&reg_atr_change_rate_ts_top60==0&reg_atr_change_rate_ts_top70==0&reg_atr_change_rate_ts_top80==0),dcbc4e12f3de,0,42,16,reg_atr_change_rate_ts_top60,regime,atr_change_rate,volatility,0
(*)|(loc_dist_ema20_atr_ts_band25_75==1&loc_dist_ema20_atr_ts_top20==1)|(reg_atr_change_rate_ts_top30==1&reg_atr_change_rate_ts_top60==0&reg_atr_change_rate_ts_top70==0&reg_atr_change_rate_ts_top80==0),dcbc4e12f3de,0,42,4,reg_atr_change_rate_ts_top30,regime,atr_change_rate,volatility,1
(*)|(loc_dist_ema20_atr_ts_top20==1)|(reg_atr_change_rate_ts_top60==1&reg_atr_change_rate_ts_top70==0&reg_atr_change_rate_ts_top80==0),df82d2dc88b8,0,42,1,loc_dist_ema20_atr_ts_top20,location,dist_ema20_atr,context,1
(*)|(loc_dist_ema20_atr_ts_top20==1)|(reg_atr_change_rate_ts_top60==1&reg_atr_change_rate_ts_top70==0&reg_atr_change_rate_ts_top80==0),df82d2dc88b8,0,42,24,reg_atr_change_rate_ts_top80,regime,atr_change_rate,volatility,0
(*)|(loc_dist_ema20_atr_ts_top20==1)|(reg_atr_change_rate_ts_top60==1&reg_atr_change_rate_ts_top70==0&reg_atr_change_rate_ts_top80==0),df82d2dc88b8,0,42,20,reg_atr_change_rate_ts_top70,regime,atr_change_rate,volatility,0
(*)|(loc_dist_ema20_atr_ts_top20==1)|(reg_atr_change_rate_ts_top60==1&reg_atr_change_rate_ts_top70==0&reg_atr_change_rate_ts_top80==0),df82d2dc88b8,0,42,16,reg_atr_change_rate_ts_top60,regime,atr_change_rate,volatility,1
(*)|(loc_dist_ema20_atr_ts_band25_75==0&loc_dist_ema20_atr_ts_top20==1)|(reg_atr_change_rate_ts_top70==1&reg_atr_change_rate_ts_top80==0),9c139c56238e,0,42,1,loc_dist_ema20_atr_ts_top20,location,dist_ema20_atr,context,1
(*)|(loc_dist_ema20_atr_ts_band25_75==0&loc_dist_ema20_atr_ts_top20==1)|(reg_atr_change_rate_ts_top70==1&reg_atr_change_rate_ts_top80==0),9c139c56238e,0,42,31,loc_dist_ema20_atr_ts_band25_75,location,dist_ema20_atr,context,0
(*)|(loc_dist_ema20_atr_ts_band25_75==0&loc_dist_ema20_atr_ts_top20==1)|(reg_atr_change_rate_ts_top70==1&reg_atr_change_rate_ts_top80==0),9c139c56238e,0,42,24,reg_atr_change_rate_ts_top80,regime,atr_change_rate,volatility,0
(*)|(loc_dist_ema20_atr_ts_band25_75==0&loc_dist_ema20_atr_ts_top20==1)|(reg_atr_change_rate_ts_top70==1&reg_atr_change_rate_ts_top80==0),9c139c56238e,0,42,20,reg_atr_change_rate_ts_top70,regime,atr_change_rate,volatility,1
(*)|(loc_dist_ema20_atr_ts_band25_75==1&loc_dist_ema20_atr_ts_top20==1)|(reg_atr_change_rate_ts_top70==1&reg_atr_change_rate_ts_top80==0),b3888f7e6016,0,42,1,loc_dist_ema20_atr_ts_top20,location,dist_ema20_atr,context,1
(*)|(loc_dist_ema20_atr_ts_band25_75==1&loc_dist_ema20_atr_ts_top20==1)|(reg_atr_change_rate_ts_top70==1&reg_atr_change_rate_ts_top80==0),b3888f7e6016,0,42,31,loc_dist_ema20_atr_ts_band25_75,location,dist_ema20_atr,context,1
(*)|(loc_dist_ema20_atr_ts_band25_75==1&loc_dist_ema20_atr_ts_top20==1)|(reg_atr_change_rate_ts_top70==1&reg_atr_change_rate_ts_top80==0),b3888f7e6016,0,42,24,reg_atr_change_rate_ts_top80,regime,atr_change_rate,volatility,0
(*)|(loc_dist_ema20_atr_ts_band25_75==1&loc_dist_ema20_atr_ts_top20==1)|(reg_atr_change_rate_ts_top70==1&reg_atr_change_rate_ts_top80==0),b3888f7e6016,0,42,20,reg_atr_change_rate_ts_top70,regime,atr_change_rate,volatility,1
(*)|(loc_dist_ema20_atr_ts_top20==1)|(reg_atr_change_rate_ts_top80==1),c96212029fe0,0,42,1,loc_dist_ema20_atr_ts_top20,location,dist_ema20_atr,context,1
(*)|(loc_dist_ema20_atr_ts_top20==1)|(reg_atr_change_rate_ts_top80==1),c96212029fe0,0,42,24,reg_atr_change_rate_ts_top80,regime,atr_change_rate,volatility,1
(*)|(*)|(reg_atr_change_rate_ts_top20==0&reg_ema20_gt_ema50_raw==1),253159ac7f96,0,42,0,reg_atr_change_rate_ts_top20,regime,atr_change_rate,volatility,0
(*)|(*)|(reg_atr_change_rate_ts_top20==0&reg_ema20_gt_ema50_raw==1),253159ac7f96,0,42,432,reg_ema20_gt_ema50_raw,regime,ema20_gt_ema50,trend,1
(*)|(loc_dist_ema20_atr_ts_top70==0)|(reg_atr_change_rate_ts_band25_75==0&reg_atr_change_rate_ts_top20==1&reg_atr_change_rate_ts_top80==0),2dc00f3ab3fd,0,42,0,reg_atr_change_rate_ts_top20,regime,atr_change_rate,volatility,1
(*)|(loc_dist_ema20_atr_ts_top70==0)|(reg_atr_change_rate_ts_band25_75==0&reg_atr_change_rate_ts_top20==1&reg_atr_change_rate_ts_top80==0),2dc00f3ab3fd,0,42,24,reg_atr_change_rate_ts_top80,regime,atr_change_rate,volatility,0
(*)|(loc_dist_ema20_atr_ts_top70==0)|(reg_atr_change_rate_ts_band25_75==0&reg_atr_change_rate_ts_top20==1&reg_atr_change_rate_ts_top80==0),2dc00f3ab3fd,0,42,30,reg_atr_change_rate_ts_band25_75,regime,atr_change_rate,volatility,0
(*)|(loc_dist_ema20_atr_ts_top70==0)|(reg_atr_change_rate_ts_band25_75==0&reg_atr_change_rate_ts_top20==1&reg_atr_change_rate_ts_top80==0),2dc00f3ab3fd,0,42,21,loc_dist_ema20_atr_ts_top70,location,dist_ema20_atr,context,0
(*)|(loc_dist_ema20_atr_ts_top70==0)|(reg_atr_change_rate_ts_band25_75==1&reg_atr_change_rate_ts_top20==1&reg_atr_change_rate_ts_top30==0&reg_atr_change_rate_ts_top50==0&reg_atr_change_rate_ts_top80==0),1e89b3658444,0,42,0,reg_atr_change_rate_ts_top20,regime,atr_change_rate,volatility,1
(*)|(loc_dist_ema20_atr_ts_top70==0)|(reg_atr_change_rate_ts_band25_75==1&reg_atr_change_rate_ts_top20==1&reg_atr_change_rate_ts_top30==0&reg_atr_change_rate_ts_top50==0&reg_atr_change_rate_ts_top80==0),1e89b3658444,0,42,24,reg_atr_change_rate_ts_top80,regime,atr_change_rate,volatility,0
(*)|(loc_dist_ema20_atr_ts_top70==0)|(reg_atr_change_rate_ts_band25_75==1&reg_atr_change_rate_ts_top20==1&reg_atr_change_rate_ts_top30==0&reg_atr_change_rate_ts_top50==0&reg_atr_change_rate_ts_top80==0),1e89b3658444,0,42,30,reg_atr_change_rate_ts_band25_75,regime,atr_change_rate,volatility,1
(*)|(loc_dist_ema20_atr_ts_top70==0)|(reg_atr_change_rate_ts_band25_75==1&reg_atr_change_rate_ts_top20==1&reg_atr_change_rate_ts_top30==0&reg_atr_change_rate_ts_top50==0&reg_atr_change_rate_ts_top80==0),1e89b3658444,0,42,12,reg_atr_change_rate_ts_top50,regime,atr_change_rate,volatility,0
(*)|(loc_dist_ema20_atr_ts_top70==0)|(reg_atr_change_rate_ts_band25_75==1&reg_atr_change_rate_ts_top20==1&reg_atr_change_rate_ts_top30==0&reg_atr_change_rate_ts_top50==0&reg_atr_change_rate_ts_top80==0),1e89b3658444,0,42,4,reg_atr_change_rate_ts_top30,regime,atr_change_rate,volatility,0
(*)|(loc_dist_ema20_atr_ts_top70==0)|(reg_atr_change_rate_ts_band25_75==1&reg_atr_change_rate_ts_top20==1&reg_atr_change_rate_ts_top30==0&reg_atr_change_rate_ts_top50==0&reg_atr_change_rate_ts_top80==0),1e89b3658444,0,42,21,loc_dist_ema20_atr_ts_top70,location,dist_ema20_atr,context,0
(*)|(loc_dist_ema20_atr_ts_top70==0)|(reg_atr_change_rate_ts_band25_75==1&reg_atr_change_rate_ts_top20==1&reg_atr_change_rate_ts_top30==1&reg_atr_change_rate_ts_top50==0&reg_atr_change_rate_ts_top80==0),30dbb074b27c,0,42,0,reg_atr_change_rate_ts_top20,regime,atr_change_rate,volatility,1
(*)|(loc_dist_ema20_atr_ts_top70==0)|(reg_atr_change_rate_ts_band25_75==1&reg_atr_change_rate_ts_top20==1&reg_atr_change_rate_ts_top30==1&reg_atr_change_rate_ts_top50==0&reg_atr_change_rate_ts_top80==0),30dbb074b27c,0,42,24,reg_atr_change_rate_ts_top80,regime,atr_change_rate,volatility,0
(*)|(loc_dist_ema20_atr_ts_top70==0)|(reg_atr_change_rate_ts_band25_75==1&reg_atr_change_rate_ts_top20==1&reg_atr_change_rate_ts_top30==1&reg_atr_change_rate_ts_top50==0&reg_atr_change_rate_ts_top80==0),30dbb074b27c,0,42,30,reg_atr_change_rate_ts_band25_75,regime,atr_change_rate,volatility,1
(*)|(loc_dist_ema20_atr_ts_top70==0)|(reg_atr_change_rate_ts_band25_75==1&reg_atr_change_rate_ts_top20==1&reg_atr_change_rate_ts_top30==1&reg_atr_change_rate_ts_top50==0&reg_atr_change_rate_ts_top80==0),30dbb074b27c,0,42,12,reg_atr_change_rate_ts_top50,regime,atr_change_rate,volatility,0
(*)|(loc_dist_ema20_atr_ts_top70==0)|(reg_atr_change_rate_ts_band25_75==1&reg_atr_change_rate_ts_top20==1&reg_atr_change_rate_ts_top30==1&reg_atr_change_rate_ts_top50==0&reg_atr_change_rate_ts_top80==0),30dbb074b27c,0,42,4,reg_atr_change_rate_ts_top30,regime,atr_change_rate,volatility,1
(*)|(loc_dist_ema20_atr_ts_top70==0)|(reg_atr_change_rate_ts_band25_75==1&reg_atr_change_rate_ts_top20==1&reg_atr_change_rate_ts_top30==1&reg_atr_change_rate_ts_top50==0&reg_atr_change_rate_ts_top80==0),30dbb074b27c,0,42,21,loc_dist_ema20_atr_ts_top70,location,dist_ema20_atr,context,0
(*)|(loc_dist_ema20_atr_ts_top70==0)|(reg_atr_change_rate_ts_band25_75==1&reg_atr_change_rate_ts_top20==1&reg_atr_change_rate_ts_top50==1&reg_atr_change_rate_ts_top60==0&reg_atr_change_rate_ts_top80==0),835c850a4504,0,42,0,reg_atr_change_rate_ts_top20,regime,atr_change_rate,volatility,1
(*)|(loc_dist_ema20_atr_ts_top70==0)|(reg_atr_change_rate_ts_band25_75==1&reg_atr_change_rate_ts_top20==1&reg_atr_change_rate_ts_top50==1&reg_atr_change_rate_ts_top60==0&reg_atr_change_rate_ts_top80==0),835c850a4504,0,42,24,reg_atr_change_rate_ts_top80,regime,atr_change_rate,volatility,0
(*)|(loc_dist_ema20_atr_ts_top70==0)|(reg_atr_change_rate_ts_band25_75==1&reg_atr_change_rate_ts_top20==1&reg_atr_change_rate_ts_top50==1&reg_atr_change_rate_ts_top60==0&reg_atr_change_rate_ts_top80==0),835c850a4504,0,42,30,reg_atr_change_rate_ts_band25_75,regime,atr_change_rate,volatility,1
(*)|(loc_dist_ema20_atr_ts_top70==0)|(reg_atr_change_rate_ts_band25_75==1&reg_atr_change_rate_ts_top20==1&reg_atr_change_rate_ts_top50==1&reg_atr_change_rate_ts_top60==0&reg_atr_change_rate_ts_top80==0),835c850a4504,0,42,12,reg_atr_change_rate_ts_top50,regime,atr_change_rate,volatility,1
(*)|(loc_dist_ema20_atr_ts_top70==0)|(reg_atr_change_rate_ts_band25_75==1&reg_atr_change_rate_ts_top20==1&reg_atr_change_rate_ts_top50==1&reg_atr_change_rate_ts_top60==0&reg_atr_change_rate_ts_top80==0),835c850a4504,0,42,16,reg_atr_change_rate_ts_top60,regime,atr_change_rate,volatility,0
(*)|(loc_dist_ema20_atr_ts_top70==0)|(reg_atr_change_rate_ts_band25_75==1&reg_atr_change_rate_ts_top20==1&reg_atr_change_rate_ts_top50==1&reg_atr_change_rate_ts_top60==0&reg_atr_change_rate_ts_top80==0),835c850a4504,0,42,21,loc_dist_ema20_atr_ts_top70,location,dist_ema20_atr,context,0
(*)|(loc_dist_ema20_atr_ts_top70==0)|(reg_atr_change_rate_ts_band25_75==1&reg_atr_change_rate_ts_top20==1&reg_atr_change_rate_ts_top50==1&reg_atr_change_rate_ts_top60==1&reg_atr_change_rate_ts_top80==0),19debf20eb62,0,42,0,reg_atr_change_rate_ts_top20,regime,atr_change_rate,volatility,1
(*)|(loc_dist_ema20_atr_ts_top70==0)|(reg_atr_change_rate_ts_band25_75==1&reg_atr_change_rate_ts_top20==1&reg_atr_change_rate_ts_top50==1&reg_atr_change_rate_ts_top60==1&reg_atr_change_rate_ts_top80==0),19debf20eb62,0,42,24,reg_atr_change_rate_ts_top80,regime,atr_change_rate,volatility,0
(*)|(loc_dist_ema20_atr_ts_top70==0)|(reg_atr_change_rate_ts_band25_75==1&reg_atr_change_rate_ts_top20==1&reg_atr_change_rate_ts_top50==1&reg_atr_change_rate_ts_top60==1&reg_atr_change_rate_ts_top80==0),19debf20eb62,0,42,30,reg_atr_change_rate_ts_band25_75,regime,atr_change_rate,volatility,1
(*)|(loc_dist_ema20_atr_ts_top70==0)|(reg_atr_change_rate_ts_band25_75==1&reg_atr_change_rate_ts_top20==1&reg_atr_change_rate_ts_top50==1&reg_atr_change_rate_ts_top60==1&reg_atr_change_rate_ts_top80==0),19debf20eb62,0,42,12,reg_atr_change_rate_ts_top50,regime,atr_change_rate,volatility,1
(*)|(loc_dist_ema20_atr_ts_top70==0)|(reg_atr_change_rate_ts_band25_75==1&reg_atr_change_rate_ts_top20==1&reg_atr_change_rate_ts_top50==1&reg_atr_change_rate_ts_top60==1&reg_atr_change_rate_ts_top80==0),19debf20eb62,0,42,16,reg_atr_change_rate_ts_top60,regime,atr_change_rate,volatility,1
(*)|(loc_dist_ema20_atr_ts_top70==0)|(reg_atr_change_rate_ts_band25_75==1&reg_atr_change_rate_ts_top20==1&reg_atr_change_rate_ts_top50==1&reg_atr_change_rate_ts_top60==1&reg_atr_change_rate_ts_top80==0),19debf20eb62,0,42,21,loc_dist_ema20_atr_ts_top70,location,dist_ema20_atr,context,0
(*)|(loc_dist_ema20_atr_ts_top70==1)|(reg_atr_change_rate_ts_band25_75==0&reg_atr_change_rate_ts_top20==1&reg_atr_change_rate_ts_top80==0),6829fca25e84,0,42,0,reg_atr_change_rate_ts_top20,regime,atr_change_rate,volatility,1
(*)|(loc_dist_ema20_atr_ts_top70==1)|(reg_atr_change_rate_ts_band25_75==0&reg_atr_change_rate_ts_top20==1&reg_atr_change_rate_ts_top80==0),6829fca25e84,0,42,24,reg_atr_change_rate_ts_top80,regime,atr_change_rate,volatility,0
(*)|(loc_dist_ema20_atr_ts_top70==1)|(reg_atr_change_rate_ts_band25_75==0&reg_atr_change_rate_ts_top20==1&reg_atr_change_rate_ts_top80==0),6829fca25e84,0,42,30,reg_atr_change_rate_ts_band25_75,regime,atr_change_rate,volatility,0
(*)|(loc_dist_ema20_atr_ts_top70==1)|(reg_atr_change_rate_ts_band25_75==0&reg_atr_change_rate_ts_top20==1&reg_atr_change_rate_ts_top80==0),6829fca25e84,0,42,21,loc_dist_ema20_atr_ts_top70,location,dist_ema20_atr,context,1
(*)|(loc_dist_ema20_atr_ts_top70==1)|(reg_atr_change_rate_ts_band25_75==1&reg_atr_change_rate_ts_top20==1&reg_atr_change_rate_ts_top80==0),58f64662a7d2,0,42,0,reg_atr_change_rate_ts_top20,regime,atr_change_rate,volatility,1
(*)|(loc_dist_ema20_atr_ts_top70==1)|(reg_atr_change_rate_ts_band25_75==1&reg_atr_change_rate_ts_top20==1&reg_atr_change_rate_ts_top80==0),58f64662a7d2,0,42,24,reg_atr_change_rate_ts_top80,regime,atr_change_rate,volatility,0
(*)|(loc_dist_ema20_atr_ts_top70==1)|(reg_atr_change_rate_ts_band25_75==1&reg_atr_change_rate_ts_top20==1&reg_atr_change_rate_ts_top80==0),58f64662a7d2,0,42,30,reg_atr_change_rate_ts_band25_75,regime,atr_change_rate,volatility,1
(*)|(loc_dist_ema20_atr_ts_top70==1)|(reg_atr_change_rate_ts_band25_75==1&reg_atr_change_rate_ts_top20==1&reg_atr_change_rate_ts_top80==0),58f64662a7d2,0,42,21,loc_dist_ema20_atr_ts_top70,location,dist_ema20_atr,context,1
(*)|(*)|(reg_atr_change_rate_ts_top20==1&reg_atr_change_rate_ts_top80==1),2ebeda18800d,0,42,0,reg_atr_change_rate_ts_top20,regime,atr_change_rate,volatility,1
(*)|(*)|(reg_atr_change_rate_ts_top20==1&reg_atr_change_rate_ts_top80==1),2ebeda18800d,0,42,24,reg_atr_change_rate_ts_top80,regime,atr_change_rate,volatility,1
(*)|(loc_dist_ema20_atr_ts_top50==1&loc_dist_ema20_atr_ts_top70==0)|(reg_atr_change_rate_ts_bot20==0&reg_atr_change_rate_ts_bot40==0&reg_atr_change_rate_ts_top60==0&reg_atr_change_rate_ts_top80==0),155fd53c970c,0,42,2,reg_atr_change_rate_ts_bot20,regime,atr_change_rate,volatility,0
(*)|(loc_dist_ema20_atr_ts_top50==1&loc_dist_ema20_atr_ts_top70==0)|(reg_atr_change_rate_ts_bot20==0&reg_atr_change_rate_ts_bot40==0&reg_atr_change_rate_ts_top60==0&reg_atr_change_rate_ts_top80==0),155fd53c970c,0,42,24,reg_atr_change_rate_ts_top80,regime,atr_change_rate,volatility,0
(*)|(loc_dist_ema20_atr_ts_top50==1&loc_dist_ema20_atr_ts_top70==0)|(reg_atr_change_rate_ts_bot20==0&reg_atr_change_rate_ts_bot40==0&reg_atr_change_rate_ts_top60==0&reg_atr_change_rate_ts_top80==0),155fd53c970c,0,42,16,reg_atr_change_rate_ts_top60,regime,atr_change_rate,volatility,0
(*)|(loc_dist_ema20_atr_ts_top50==1&loc_dist_ema20_atr_ts_top70==0)|(reg_atr_change_rate_ts_bot20==0&reg_atr_change_rate_ts_bot40==0&reg_atr_change_rate_ts_top60==0&reg_atr_change_rate_ts_top80==0),155fd53c970c,0,42,10,reg_atr_change_rate_ts_bot40,regime,atr_change_rate,volatility,0
(*)|(loc_dist_ema20_atr_ts_top50==1&loc_dist_ema20_atr_ts_top70==0)|(reg_atr_change_rate_ts_bot20==0&reg_atr_change_rate_ts_bot40==0&reg_atr_change_rate_ts_top60==0&reg_atr_change_rate_ts_top80==0),155fd53c970c,0,42,21,loc_dist_ema20_atr_ts_top70,location,dist_ema20_atr,context,0
(*)|(loc_dist_ema20_atr_ts_top50==1&loc_dist_ema20_atr_ts_top70==0)|(reg_atr_change_rate_ts_bot20==0&reg_atr_change_rate_ts_bot40==0&reg_atr_change_rate_ts_top60==0&reg_atr_change_rate_ts_top80==0),155fd53c970c,0,42,13,loc_dist_ema20_atr_ts_top50,location,dist_ema20_atr,context,1
(*)|(loc_dist_ema20_atr_ts_band25_75==0&loc_dist_ema20_atr_ts_top70==0)|(reg_atr_change_rate_ts_bot20==0&reg_atr_change_rate_ts_bot40==1&reg_atr_change_rate_ts_top60==0&reg_atr_change_rate_ts_top80==0),68458e940b97,0,42,2,reg_atr_change_rate_ts_bot20,regime,atr_change_rate,volatility,0
(*)|(loc_dist_ema20_atr_ts_band25_75==0&loc_dist_ema20_atr_ts_top70==0)|(reg_atr_change_rate_ts_bot20==0&reg_atr_change_rate_ts_bot40==1&reg_atr_change_rate_ts_top60==0&reg_atr_change_rate_ts_top80==0),68458e940b97,0,42,24,reg_atr_change_rate_ts_top80,regime,atr_change_rate,volatility,0
(*)|(loc_dist_ema20_atr_ts_band25_75==0&loc_dist_ema20_atr_ts_top70==0)|(reg_atr_change_rate_ts_bot20==0&reg_atr_change_rate_ts_bot40==1&reg_atr_change_rate_ts_top60==0&reg_atr_change_rate_ts_top80==0),68458e940b97,0,42,16,reg_atr_change_rate_ts_top60,regime,atr_change_rate,volatility,0
(*)|(loc_dist_ema20_atr_ts_band25_75==0&loc_dist_ema20_atr_ts_top70==0)|(reg_atr_change_rate_ts_bot20==0&reg_atr_change_rate_ts_bot40==1&reg_atr_change_rate_ts_top60==0&reg_atr_change_rate_ts_top80==0),68458e940b97,0,42,10,reg_atr_change_rate_ts_bot40,regime,atr_change_rate,volatility,1
(*)|(loc_dist_ema20_atr_ts_band25_75==0&loc_dist_ema20_atr_ts_top70==0)|(reg_atr_change_rate_ts_bot20==0&reg_atr_change_rate_ts_bot40==1&reg_atr_change_rate_ts_top60==0&reg_atr_change_rate_ts_top80==0),68458e940b97,0,42,21,loc_dist_ema20_atr_ts_top70,location,dist_ema20_atr,context,0
(*)|(loc_dist_ema20_atr_ts_band25_75==0&loc_dist_ema20_atr_ts_top70==0)|(reg_atr_change_rate_ts_bot20==0&reg_atr_change_rate_ts_bot40==1&reg_atr_change_rate_ts_top60==0&reg_atr_change_rate_ts_top80==0),68458e940b97,0,42,31,loc_dist_ema20_atr_ts_band25_75,location,dist_ema20_atr,context,0
(*)|(loc_dist_ema20_atr_ts_band25_75==1&loc_dist_ema20_atr_ts_top70==0)|(reg_atr_change_rate_ts_bot20==0&reg_atr_change_rate_ts_bot40==1&reg_atr_change_rate_ts_top60==0&reg_atr_change_rate_ts_top80==0),862a002903d0,0,42,2,reg_atr_change_rate_ts_bot20,regime,atr_change_rate,volatility,0
(*)|(loc_dist_ema20_atr_ts_band25_75==1&loc_dist_ema20_atr_ts_top70==0)|(reg_atr_change_rate_ts_bot20==0&reg_atr_change_rate_ts_bot40==1&reg_atr_change_rate_ts_top60==0&reg_atr_change_rate_ts_top80==0),862a002903d0,0,42,24,reg_atr_change_rate_ts_top80,regime,atr_change_rate,volatility,0
(*)|(loc_dist_ema20_atr_ts_band25_75==1&loc_dist_ema20_atr_ts_top70==0)|(reg_atr_change_rate_ts_bot20==0&reg_atr_change_rate_ts_bot40==1&reg_atr_change_rate_ts_top60==0&reg_atr_change_rate_ts_top80==0),862a002903d0,0,42,16,reg_atr_change_rate_ts_top60,regime,atr_change_rate,volatility,0
(*)|(loc_dist_ema20_atr_ts_band25_75==1&loc_dist_ema20_atr_ts_top70==0)|(reg_atr_change_rate_ts_bot20==0&reg_atr_change_rate_ts_bot40==1&reg_atr_change_rate_ts_top60==0&reg_atr_change_rate_ts_top80==0),862a002903d0,0,42,10,reg_atr_change_rate_ts_bot40,regime,atr_change_rate,volatility,1
(*)|(loc_dist_ema20_atr_ts_band25_75==1&loc_dist_ema20_atr_ts_top70==0)|(reg_atr_change_rate_ts_bot20==0&reg_atr_change_rate_ts_bot40==1&reg_atr_change_rate_ts_top60==0&reg_atr_change_rate_ts_top80==0),862a002903d0,0,42,21,loc_dist_ema20_atr_ts_top70,location,dist_ema20_atr,context,0
(*)|(loc_dist_ema20_atr_ts_band25_75==1&loc_dist_ema20_atr_ts_top70==0)|(reg_atr_change_rate_ts_bot20==0&reg_atr_change_rate_ts_bot40==1&reg_atr_change_rate_ts_top60==0&reg_atr_change_rate_ts_top80==0),862a002903d0,0,42,31,loc_dist_ema20_atr_ts_band25_75,location,dist_ema20_atr,context,1
(*)|(loc_dist_ema20_atr_ts_top70==0)|(reg_atr_change_rate_ts_bot20==0&reg_atr_change_rate_ts_top60==1&reg_atr_change_rate_ts_top80==0),20b8d1c6e7a6,0,42,2,reg_atr_change_rate_ts_bot20,regime,atr_change_rate,volatility,0
(*)|(loc_dist_ema20_atr_ts_top70==0)|(reg_atr_change_rate_ts_bot20==0&reg_atr_change_rate_ts_top60==1&reg_atr_change_rate_ts_top80==0),20b8d1c6e7a6,0,42,24,reg_atr_change_rate_ts_top80,regime,atr_change_rate,volatility,0
(*)|(loc_dist_ema20_atr_ts_top70==0)|(reg_atr_change_rate_ts_bot20==0&reg_atr_change_rate_ts_top60==1&reg_atr_change_rate_ts_top80==0),20b8d1c6e7a6,0,42,16,reg_atr_change_rate_ts_top60,regime,atr_change_rate,volatility,1
(*)|(loc_dist_ema20_atr_ts_top70==0)|(reg_atr_change_rate_ts_bot20==0&reg_atr_change_rate_ts_top60==1&reg_atr_change_rate_ts_top80==0),20b8d1c6e7a6,0,42,21,loc_dist_ema20_atr_ts_top70,location,dist_ema20_atr,context,0
(*)|(loc_dist_ema20_atr_ts_band25_75==0&loc_dist_ema20_atr_ts_top70==1)|(reg_atr_change_rate_ts_bot20==0&reg_atr_change_rate_ts_top80==0),7d1720109682,0,42,2,reg_atr_change_rate_ts_bot20,regime,atr_change_rate,volatility,0
(*)|(loc_dist_ema20_atr_ts_band25_75==0&loc_dist_ema20_atr_ts_top70==1)|(reg_atr_change_rate_ts_bot20==0&reg_atr_change_rate_ts_top80==0),7d1720109682,0,42,24,reg_atr_change_rate_ts_top80,regime,atr_change_rate,volatility,0
(*)|(loc_dist_ema20_atr_ts_band25_75==0&loc_dist_ema20_atr_ts_top70==1)|(reg_atr_change_rate_ts_bot20==0&reg_atr_change_rate_ts_top80==0),7d1720109682,0,42,21,loc_dist_ema20_atr_ts_top70,location,dist_ema20_atr,context,1
(*)|(loc_dist_ema20_atr_ts_band25_75==0&loc_dist_ema20_atr_ts_top70==1)|(reg_atr_change_rate_ts_bot20==0&reg_atr_change_rate_ts_top80==0),7d1720109682,0,42,31,loc_dist_ema20_atr_ts_band25_75,location,dist_ema20_atr,context,0
(*)|(loc_dist_ema20_atr_ts_band25_75==1&loc_dist_ema20_atr_ts_top70==1)|(reg_atr_change_rate_ts_bot20==0&reg_atr_change_rate_ts_top80==0),7ece3c00629a,0,42,2,reg_atr_change_rate_ts_bot20,regime,atr_change_rate,volatility,0
(*)|(loc_dist_ema20_atr_ts_band25_75==1&loc_dist_ema20_atr_ts_top70==1)|(reg_atr_change_rate_ts_bot20==0&reg_atr_change_rate_ts_top80==0),7ece3c00629a,0,42,24,reg_atr_change_rate_ts_top80,regime,atr_change_rate,volatility,0
(*)|(loc_dist_ema20_atr_ts_band25_75==1&loc_dist_ema20_atr_ts_top70==1)|(reg_atr_change_rate_ts_bot20==0&reg_atr_change_rate_ts_top80==0),7ece3c00629a,0,42,21,loc_dist_ema20_atr_ts_top70,location,dist_ema20_atr,context,1
(*)|(loc_dist_ema20_atr_ts_band25_75==1&loc_dist_ema20_atr_ts_top70==1)|(reg_atr_change_rate_ts_bot20==0&reg_atr_change_rate_ts_top80==0),7ece3c00629a,0,42,31,loc_dist_ema20_atr_ts_band25_75,location,dist_ema20_atr,context,1
(*)|(*)|(reg_atr_change_rate_ts_bot20==0&reg_atr_change_rate_ts_top80==1),7dfb413784e8,0,42,2,reg_atr_change_rate_ts_bot20,regime,atr_change_rate,volatility,0
(*)|(*)|(reg_atr_change_rate_ts_bot20==0&reg_atr_change_rate_ts_top80==1),7dfb413784e8,0,42,24,reg_atr_change_rate_ts_top80,regime,atr_change_rate,volatility,1
(*)|(*)|(reg_atr_change_rate_ts_bot20==1&reg_ema20_gt_ema50_raw==0),9b87f483db9f,0,42,2,reg_atr_change_rate_ts_bot20,regime,atr_change_rate,volatility,1
(*)|(*)|(reg_atr_change_rate_ts_bot20==1&reg_ema20_gt_ema50_raw==0),9b87f483db9f,0,42,432,reg_ema20_gt_ema50_raw,regime,ema20_gt_ema50,trend,0
(*)|(*)|(reg_atr_change_rate_ts_bot20==1&reg_ema20_gt_ema50_raw==1),76230632bc87,0,42,2,reg_atr_change_rate_ts_bot20,regime,atr_change_rate,volatility,1
(*)|(*)|(reg_atr_change_rate_ts_bot20==1&reg_ema20_gt_ema50_raw==1),76230632bc87,0,42,432,reg_ema20_gt_ema50_raw,regime,ema20_gt_ema50,trend,1
(*)|(*)|(reg_atr_change_rate_ts_top20==0&reg_atr_change_rate_ts_top60==0&reg_ema20_gt_ema50_raw==1),318a65692b80,0,42,16,reg_atr_change_rate_ts_top60,regime,atr_change_rate,volatility,0
(*)|(*)|(reg_atr_change_rate_ts_top20==0&reg_atr_change_rate_ts_top60==0&reg_ema20_gt_ema50_raw==1),318a65692b80,0,42,0,reg_atr_change_rate_ts_top20,regime,atr_change_rate,volatility,0
(*)|(*)|(reg_atr_change_rate_ts_top20==0&reg_atr_change_rate_ts_top60==0&reg_ema20_gt_ema50_raw==1),318a65692b80,0,42,432,reg_ema20_gt_ema50_raw,regime,ema20_gt_ema50,trend,1
(*)|(*)|(reg_atr_change_rate_ts_band25_75==0&reg_atr_change_rate_ts_top20==1&reg_atr_change_rate_ts_top30==0&reg_atr_change_rate_ts_top60==0),7ca9c60ba941,0,42,16,reg_atr_change_rate_ts_top60,regime,atr_change_rate,volatility,0
(*)|(*)|(reg_atr_change_rate_ts_band25_75==0&reg_atr_change_rate_ts_top20==1&reg_atr_change_rate_ts_top30==0&reg_atr_change_rate_ts_top60==0),7ca9c60ba941,0,42,0,reg_atr_change_rate_ts_top20,regime,atr_change_rate,volatility,1
(*)|(*)|(reg_atr_change_rate_ts_band25_75==0&reg_atr_change_rate_ts_top20==1&reg_atr_change_rate_ts_top30==0&reg_atr_change_rate_ts_top60==0),7ca9c60ba941,0,42,4,reg_atr_change_rate_ts_top30,regime,atr_change_rate,volatility,0
(*)|(*)|(reg_atr_change_rate_ts_band25_75==0&reg_atr_change_rate_ts_top20==1&reg_atr_change_rate_ts_top30==0&reg_atr_change_rate_ts_top60==0),7ca9c60ba941,0,42,30,reg_atr_change_rate_ts_band25_75,regime,atr_change_rate,volatility,0
(*)|(*)|(reg_atr_change_rate_ts_band25_75==1&reg_atr_change_rate_ts_top20==1&reg_atr_change_rate_ts_top30==0&reg_atr_change_rate_ts_top60==0),846df7758acc,0,42,16,reg_atr_change_rate_ts_top60,regime,atr_change_rate,volatility,0
(*)|(*)|(reg_atr_change_rate_ts_band25_75==1&reg_atr_change_rate_ts_top20==1&reg_atr_change_rate_ts_top30==0&reg_atr_change_rate_ts_top60==0),846df7758acc,0,42,0,reg_atr_change_rate_ts_top20,regime,atr_change_rate,volatility,1
(*)|(*)|(reg_atr_change_rate_ts_band25_75==1&reg_atr_change_rate_ts_top20==1&reg_atr_change_rate_ts_top30==0&reg_atr_change_rate_ts_top60==0),846df7758acc,0,42,4,reg_atr_change_rate_ts_top30,regime,atr_change_rate,volatility,0
(*)|(*)|(reg_atr_change_rate_ts_band25_75==1&reg_atr_change_rate_ts_top20==1&reg_atr_change_rate_ts_top30==0&reg_atr_change_rate_ts_top60==0),846df7758acc,0,42,30,reg_atr_change_rate_ts_band25_75,regime,atr_change_rate,volatility,1
(*)|(loc_dist_ema20_atr_ts_top40==0&loc_dist_ema20_atr_ts_top50==0)|(reg_atr_change_rate_ts_top20==1&reg_atr_change_rate_ts_top30==1&reg_atr_change_rate_ts_top60==0),fd78f676829d,0,42,16,reg_atr_change_rate_ts_top60,regime,atr_change_rate,volatility,0
(*)|(loc_dist_ema20_atr_ts_top40==0&loc_dist_ema20_atr_ts_top50==0)|(reg_atr_change_rate_ts_top20==1&reg_atr_change_rate_ts_top30==1&reg_atr_change_rate_ts_top60==0),fd78f676829d,0,42,0,reg_atr_change_rate_ts_top20,regime,atr_change_rate,volatility,1
(*)|(loc_dist_ema20_atr_ts_top40==0&loc_dist_ema20_atr_ts_top50==0)|(reg_atr_change_rate_ts_top20==1&reg_atr_change_rate_ts_top30==1&reg_atr_change_rate_ts_top60==0),fd78f676829d,0,42,4,reg_atr_change_rate_ts_top30,regime,atr_change_rate,volatility,1
(*)|(loc_dist_ema20_atr_ts_top40==0&loc_dist_ema20_atr_ts_top50==0)|(reg_atr_change_rate_ts_top20==1&reg_atr_change_rate_ts_top30==1&reg_atr_change_rate_ts_top60==0),fd78f676829d,0,42,13,loc_dist_ema20_atr_ts_top50,location,dist_ema20_atr,context,0
(*)|(loc_dist_ema20_atr_ts_top40==0&loc_dist_ema20_atr_ts_top50==0)|(reg_atr_change_rate_ts_top20==1&reg_atr_change_rate_ts_top30==1&reg_atr_change_rate_ts_top60==0),fd78f676829d,0,42,9,loc_dist_ema20_atr_ts_top40,location,dist_ema20_atr,context,0
(*)|(loc_dist_ema20_atr_ts_top40==1&loc_dist_ema20_atr_ts_top50==0)|(reg_atr_change_rate_ts_top20==1&reg_atr_change_rate_ts_top30==1&reg_atr_change_rate_ts_top60==0),878f1250876c,0,42,16,reg_atr_change_rate_ts_top60,regime,atr_change_rate,volatility,0
(*)|(loc_dist_ema20_atr_ts_top40==1&loc_dist_ema20_atr_ts_top50==0)|(reg_atr_change_rate_ts_top20==1&reg_atr_change_rate_ts_top30==1&reg_atr_change_rate_ts_top60==0),878f1250876c,0,42,0,reg_atr_change_rate_ts_top20,regime,atr_change_rate,volatility,1
(*)|(loc_dist_ema20_atr_ts_top40==1&loc_dist_ema20_atr_ts_top50==0)|(reg_atr_change_rate_ts_top20==1&reg_atr_change_rate_ts_top30==1&reg_atr_change_rate_ts_top60==0),878f1250876c,0,42,4,reg_atr_change_rate_ts_top30,regime,atr_change_rate,volatility,1
(*)|(loc_dist_ema20_atr_ts_top40==1&loc_dist_ema20_atr_ts_top50==0)|(reg_atr_change_rate_ts_top20==1&reg_atr_change_rate_ts_top30==1&reg_atr_change_rate_ts_top60==0),878f1250876c,0,42,13,loc_dist_ema20_atr_ts_top50,location,dist_ema20_atr,context,0
(*)|(loc_dist_ema20_atr_ts_top40==1&loc_dist_ema20_atr_ts_top50==0)|(reg_atr_change_rate_ts_top20==1&reg_atr_change_rate_ts_top30==1&reg_atr_change_rate_ts_top60==0),878f1250876c,0,42,9,loc_dist_ema20_atr_ts_top40,location,dist_ema20_atr,context,1
(*)|(loc_dist_ema20_atr_ts_top50==1)|(reg_atr_change_rate_ts_top20==1&reg_atr_change_rate_ts_top30==1&reg_atr_change_rate_ts_top60==0),f4b7ca07e6d8,0,42,16,reg_atr_change_rate_ts_top60,regime,atr_change_rate,volatility,0
(*)|(loc_dist_ema20_atr_ts_top50==1)|(reg_atr_change_rate_ts_top20==1&reg_atr_change_rate_ts_top30==1&reg_atr_change_rate_ts_top60==0),f4b7ca07e6d8,0,42,0,reg_atr_change_rate_ts_top20,regime,atr_change_rate,volatility,1
(*)|(loc_dist_ema20_atr_ts_top50==1)|(reg_atr_change_rate_ts_top20==1&reg_atr_change_rate_ts_top30==1&reg_atr_change_rate_ts_top60==0),f4b7ca07e6d8,0,42,4,reg_atr_change_rate_ts_top30,regime,atr_change_rate,volatility,1
(*)|(loc_dist_ema20_atr_ts_top50==1)|(reg_atr_change_rate_ts_top20==1&reg_atr_change_rate_ts_top30==1&reg_atr_change_rate_ts_top60==0),f4b7ca07e6d8,0,42,13,loc_dist_ema20_atr_ts_top50,location,dist_ema20_atr,context,1
(*)|(loc_dist_ema20_atr_ts_top70==0)|(reg_atr_change_rate_ts_top60==1),1f6e58f1942f,0,42,16,reg_atr_change_rate_ts_top60,regime,atr_change_rate,volatility,1
(*)|(loc_dist_ema20_atr_ts_top70==0)|(reg_atr_change_rate_ts_top60==1),1f6e58f1942f,0,42,21,loc_dist_ema20_atr_ts_top70,location,dist_ema20_atr,context,0
(*)|(loc_dist_ema20_atr_ts_top70==1)|(reg_atr_change_rate_ts_band25_75==0&reg_atr_change_rate_ts_bot80==0&reg_atr_change_rate_ts_top60==1),fe898c5b9bfb,0,42,16,reg_atr_change_rate_ts_top60,regime,atr_change_rate,volatility,1
(*)|(loc_dist_ema20_atr_ts_top70==1)|(reg_atr_change_rate_ts_band25_75==0&reg_atr_change_rate_ts_bot80==0&reg_atr_change_rate_ts_top60==1),fe898c5b9bfb,0,42,30,reg_atr_change_rate_ts_band25_75,regime,atr_change_rate,volatility,0
(*)|(loc_dist_ema20_atr_ts_top70==1)|(reg_atr_change_rate_ts_band25_75==0&reg_atr_change_rate_ts_bot80==0&reg_atr_change_rate_ts_top60==1),fe898c5b9bfb,0,42,26,reg_atr_change_rate_ts_bot80,regime,atr_change_rate,volatility,0
(*)|(loc_dist_ema20_atr_ts_top70==1)|(reg_atr_change_rate_ts_band25_75==0&reg_atr_change_rate_ts_bot80==0&reg_atr_change_rate_ts_top60==1),fe898c5b9bfb,0,42,21,loc_dist_ema20_atr_ts_top70,location,dist_ema20_atr,context,1
(*)|(loc_dist_ema20_atr_ts_top70==1)|(reg_atr_change_rate_ts_band25_75==0&reg_atr_change_rate_ts_bot80==1&reg_atr_change_rate_ts_top60==1),4d9a3513ceed,0,42,16,reg_atr_change_rate_ts_top60,regime,atr_change_rate,volatility,1
(*)|(loc_dist_ema20_atr_ts_top70==1)|(reg_atr_change_rate_ts_band25_75==0&reg_atr_change_rate_ts_bot80==1&reg_atr_change_rate_ts_top60==1),4d9a3513ceed,0,42,30,reg_atr_change_rate_ts_band25_75,regime,atr_change_rate,volatility,0
(*)|(loc_dist_ema20_atr_ts_top70==1)|(reg_atr_change_rate_ts_band25_75==0&reg_atr_change_rate_ts_bot80==1&reg_atr_change_rate_ts_top60==1),4d9a3513ceed,0,42,26,reg_atr_change_rate_ts_bot80,regime,atr_change_rate,volatility,1
(*)|(loc_dist_ema20_atr_ts_top70==1)|(reg_atr_change_rate_ts_band25_75==0&reg_atr_change_rate_ts_bot80==1&reg_atr_change_rate_ts_top60==1),4d9a3513ceed,0,42,21,loc_dist_ema20_atr_ts_top70,location,dist_ema20_atr,context,1
(*)|(loc_dist_ema20_atr_ts_top70==1)|(reg_atr_change_rate_ts_band25_75==1&reg_atr_change_rate_ts_top60==1),666fee3360c3,0,42,16,reg_atr_change_rate_ts_top60,regime,atr_change_rate,volatility,1
(*)|(loc_dist_ema20_atr_ts_top70==1)|(reg_atr_change_rate_ts_band25_75==1&reg_atr_change_rate_ts_top60==1),666fee3360c3,0,42,30,reg_atr_change_rate_ts_band25_75,regime,atr_change_rate,volatility,1
(*)|(loc_dist_ema20_atr_ts_top70==1)|(reg_atr_change_rate_ts_band25_75==1&reg_atr_change_rate_ts_top60==1),666fee3360c3,0,42,21,loc_dist_ema20_atr_ts_top70,location,dist_ema20_atr,context,1
(*)|(loc_dist_ema20_atr_ts_band30_70==0&loc_dist_ema20_atr_ts_bot80==1)|(reg_ema20_gt_ema50_raw==0),48183fc1fb5c,0,42,27,loc_dist_ema20_atr_ts_bot80,location,dist_ema20_atr,context,1
(*)|(loc_dist_ema20_atr_ts_band30_70==0&loc_dist_ema20_atr_ts_bot80==1)|(reg_ema20_gt_ema50_raw==0),48183fc1fb5c,0,42,33,loc_dist_ema20_atr_ts_band30_70,location,dist_ema20_atr,context,0
(*)|(loc_dist_ema20_atr_ts_band30_70==0&loc_dist_ema20_atr_ts_bot80==1)|(reg_ema20_gt_ema50_raw==0),48183fc1fb5c,0,42,432,reg_ema20_gt_ema50_raw,regime,ema20_gt_ema50,trend,0
(*)|(loc_dist_ema20_atr_ts_band30_70==0&loc_dist_ema20_atr_ts_bot80==1)|(reg_atr_change_rate_ts_top20==0&reg_ema20_gt_ema50_raw==1),c0109dec0afb,0,42,27,loc_dist_ema20_atr_ts_bot80,location,dist_ema20_atr,context,1
(*)|(loc_dist_ema20_atr_ts_band30_70==0&loc_dist_ema20_atr_ts_bot80==1)|(reg_atr_change_rate_ts_top20==0&reg_ema20_gt_ema50_raw==1),c0109dec0afb,0,42,33,loc_dist_ema20_atr_ts_band30_70,location,dist_ema20_atr,context,0
(*)|(loc_dist_ema20_atr_ts_band30_70==0&loc_dist_ema20_atr_ts_bot80==1)|(reg_atr_change_rate_ts_top20==0&reg_ema20_gt_ema50_raw==1),c0109dec0afb,0,42,432,reg_ema20_gt_ema50_raw,regime,ema20_gt_ema50,trend,1
(*)|(loc_dist_ema20_atr_ts_band30_70==0&loc_dist_ema20_atr_ts_bot80==1)|(reg_atr_change_rate_ts_top20==0&reg_ema20_gt_ema50_raw==1),c0109dec0afb,0,42,0,reg_atr_change_rate_ts_top20,regime,atr_change_rate,volatility,0
(*)|(loc_dist_ema20_atr_ts_band25_75==0&loc_dist_ema20_atr_ts_band30_70==0&loc_dist_ema20_atr_ts_bot80==1)|(reg_atr_change_rate_ts_top20==1&reg_atr_change_rate_ts_top30==0&reg_ema20_gt_ema50_raw==1),cab40a6219d2,0,42,27,loc_dist_ema20_atr_ts_bot80,location,dist_ema20_atr,context,1
(*)|(loc_dist_ema20_atr_ts_band25_75==0&loc_dist_ema20_atr_ts_band30_70==0&loc_dist_ema20_atr_ts_bot80==1)|(reg_atr_change_rate_ts_top20==1&reg_atr_change_rate_ts_top30==0&reg_ema20_gt_ema50_raw==1),cab40a6219d2,0,42,33,loc_dist_ema20_atr_ts_band30_70,location,dist_ema20_atr,context,0
(*)|(loc_dist_ema20_atr_ts_band25_75==0&loc_dist_ema20_atr_ts_band30_70==0&loc_dist_ema20_atr_ts_bot80==1)|(reg_atr_change_rate_ts_top20==1&reg_atr_change_rate_ts_top30==0&reg_ema20_gt_ema50_raw==1),cab40a6219d2,0,42,31,loc_dist_ema20_atr_ts_band25_75,location,dist_ema20_atr,context,0
(*)|(loc_dist_ema20_atr_ts_band25_75==0&loc_dist_ema20_atr_ts_band30_70==0&loc_dist_ema20_atr_ts_bot80==1)|(reg_atr_change_rate_ts_top20==1&reg_atr_change_rate_ts_top30==0&reg_ema20_gt_ema50_raw==1),cab40a6219d2,0,42,432,reg_ema20_gt_ema50_raw,regime,ema20_gt_ema50,trend,1
(*)|(loc_dist_ema20_atr_ts_band25_75==0&loc_dist_ema20_atr_ts_band30_70==0&loc_dist_ema20_atr_ts_bot80==1)|(reg_atr_change_rate_ts_top20==1&reg_atr_change_rate_ts_top30==0&reg_ema20_gt_ema50_raw==1),cab40a6219d2,0,42,0,reg_atr_change_rate_ts_top20,regime,atr_change_rate,volatility,1
(*)|(loc_dist_ema20_atr_ts_band25_75==0&loc_dist_ema20_atr_ts_band30_70==0&loc_dist_ema20_atr_ts_bot80==1)|(reg_atr_change_rate_ts_top20==1&reg_atr_change_rate_ts_top30==0&reg_ema20_gt_ema50_raw==1),cab40a6219d2,0,42,4,reg_atr_change_rate_ts_top30,regime,atr_change_rate,volatility,0
(*)|(loc_dist_ema20_atr_ts_band25_75==0&loc_dist_ema20_atr_ts_band30_70==0&loc_dist_ema20_atr_ts_bot80==1)|(reg_atr_change_rate_ts_top20==1&reg_atr_change_rate_ts_top30==1&reg_ema20_gt_ema50_raw==1),5cc717458e79,0,42,27,loc_dist_ema20_atr_ts_bot80,location,dist_ema20_atr,context,1
(*)|(loc_dist_ema20_atr_ts_band25_75==0&loc_dist_ema20_atr_ts_band30_70==0&loc_dist_ema20_atr_ts_bot80==1)|(reg_atr_change_rate_ts_top20==1&reg_atr_change_rate_ts_top30==1&reg_ema20_gt_ema50_raw==1),5cc717458e79,0,42,33,loc_dist_ema20_atr_ts_band30_70,location,dist_ema20_atr,context,0
(*)|(loc_dist_ema20_atr_ts_band25_75==0&loc_dist_ema20_atr_ts_band30_70==0&loc_dist_ema20_atr_ts_bot80==1)|(reg_atr_change_rate_ts_top20==1&reg_atr_change_rate_ts_top30==1&reg_ema20_gt_ema50_raw==1),5cc717458e79,0,42,31,loc_dist_ema20_atr_ts_band25_75,location,dist_ema20_atr,context,0
(*)|(loc_dist_ema20_atr_ts_band25_75==0&loc_dist_ema20_atr_ts_band30_70==0&loc_dist_ema20_atr_ts_bot80==1)|(reg_atr_change_rate_ts_top20==1&reg_atr_change_rate_ts_top30==1&reg_ema20_gt_ema50_raw==1),5cc717458e79,0,42,432,reg_ema20_gt_ema50_raw,regime,ema20_gt_ema50,trend,1
(*)|(loc_dist_ema20_atr_ts_band25_75==0&loc_dist_ema20_atr_ts_band30_70==0&loc_dist_ema20_atr_ts_bot80==1)|(reg_atr_change_rate_ts_top20==1&reg_atr_change_rate_ts_top30==1&reg_ema20_gt_ema50_raw==1),5cc717458e79,0,42,0,reg_atr_change_rate_ts_top20,regime,atr_change_rate,volatility,1
(*)|(loc_dist_ema20_atr_ts_band25_75==0&loc_dist_ema20_atr_ts_band30_70==0&loc_dist_ema20_atr_ts_bot80==1)|(reg_atr_change_rate_ts_top20==1&reg_atr_change_rate_ts_top30==1&reg_ema20_gt_ema50_raw==1),5cc717458e79,0,42,4,reg_atr_change_rate_ts_top30,regime,atr_change_rate,volatility,1
(*)|(loc_dist_ema20_atr_ts_band25_75==1&loc_dist_ema20_atr_ts_band30_70==0&loc_dist_ema20_atr_ts_bot80==1)|(reg_atr_change_rate_ts_top20==1&reg_atr_change_rate_ts_top30==0&reg_ema20_gt_ema50_raw==1),247329ea8dc5,0,42,27,loc_dist_ema20_atr_ts_bot80,location,dist_ema20_atr,context,1
(*)|(loc_dist_ema20_atr_ts_band25_75==1&loc_dist_ema20_atr_ts_band30_70==0&loc_dist_ema20_atr_ts_bot80==1)|(reg_atr_change_rate_ts_top20==1&reg_atr_change_rate_ts_top30==0&reg_ema20_gt_ema50_raw==1),247329ea8dc5,0,42,33,loc_dist_ema20_atr_ts_band30_70,location,dist_ema20_atr,context,0
(*)|(loc_dist_ema20_atr_ts_band25_75==1&loc_dist_ema20_atr_ts_band30_70==0&loc_dist_ema20_atr_ts_bot80==1)|(reg_atr_change_rate_ts_top20==1&reg_atr_change_rate_ts_top30==0&reg_ema20_gt_ema50_raw==1),247329ea8dc5,0,42,31,loc_dist_ema20_atr_ts_band25_75,location,dist_ema20_atr,context,1
(*)|(loc_dist_ema20_atr_ts_band25_75==1&loc_dist_ema20_atr_ts_band30_70==0&loc_dist_ema20_atr_ts_bot80==1)|(reg_atr_change_rate_ts_top20==1&reg_atr_change_rate_ts_top30==0&reg_ema20_gt_ema50_raw==1),247329ea8dc5,0,42,432,reg_ema20_gt_ema50_raw,regime,ema20_gt_ema50,trend,1
(*)|(loc_dist_ema20_atr_ts_band25_75==1&loc_dist_ema20_atr_ts_band30_70==0&loc_dist_ema20_atr_ts_bot80==1)|(reg_atr_change_rate_ts_top20==1&reg_atr_change_rate_ts_top30==0&reg_ema20_gt_ema50_raw==1),247329ea8dc5,0,42,0,reg_atr_change_rate_ts_top20,regime,atr_change_rate,volatility,1
(*)|(loc_dist_ema20_atr_ts_band25_75==1&loc_dist_ema20_atr_ts_band30_70==0&loc_dist_ema20_atr_ts_bot80==1)|(reg_atr_change_rate_ts_top20==1&reg_atr_change_rate_ts_top30==0&reg_ema20_gt_ema50_raw==1),247329ea8dc5,0,42,4,reg_atr_change_rate_ts_top30,regime,atr_change_rate,volatility,0
(*)|(loc_dist_ema20_atr_ts_band25_75==1&loc_dist_ema20_atr_ts_band30_70==0&loc_dist_ema20_atr_ts_bot80==1)|(reg_atr_change_rate_ts_top20==1&reg_atr_change_rate_ts_top30==1&reg_ema20_gt_ema50_raw==1),1133233a0ace,0,42,27,loc_dist_ema20_atr_ts_bot80,location,dist_ema20_atr,context,1
(*)|(loc_dist_ema20_atr_ts_band25_75==1&loc_dist_ema20_atr_ts_band30_70==0&loc_dist_ema20_atr_ts_bot80==1)|(reg_atr_change_rate_ts_top20==1&reg_atr_change_rate_ts_top30==1&reg_ema20_gt_ema50_raw==1),1133233a0ace,0,42,33,loc_dist_ema20_atr_ts_band30_70,location,dist_ema20_atr,context,0
(*)|(loc_dist_ema20_atr_ts_band25_75==1&loc_dist_ema20_atr_ts_band30_70==0&loc_dist_ema20_atr_ts_bot80==1)|(reg_atr_change_rate_ts_top20==1&reg_atr_change_rate_ts_top30==1&reg_ema20_gt_ema50_raw==1),1133233a0ace,0,42,31,loc_dist_ema20_atr_ts_band25_75,location,dist_ema20_atr,context,1
(*)|(loc_dist_ema20_atr_ts_band25_75==1&loc_dist_ema20_atr_ts_band30_70==0&loc_dist_ema20_atr_ts_bot80==1)|(reg_atr_change_rate_ts_top20==1&reg_atr_change_rate_ts_top30==1&reg_ema20_gt_ema50_raw==1),1133233a0ace,0,42,432,reg_ema20_gt_ema50_raw,regime,ema20_gt_ema50,trend,1
(*)|(loc_dist_ema20_atr_ts_band25_75==1&loc_dist_ema20_atr_ts_band30_70==0&loc_dist_ema20_atr_ts_bot80==1)|(reg_atr_change_rate_ts_top20==1&reg_atr_change_rate_ts_top30==1&reg_ema20_gt_ema50_raw==1),1133233a0ace,0,42,0,reg_atr_change_rate_ts_top20,regime,atr_change_rate,volatility,1
(*)|(loc_dist_ema20_atr_ts_band25_75==1&loc_dist_ema20_atr_ts_band30_70==0&loc_dist_ema20_atr_ts_bot80==1)|(reg_atr_change_rate_ts_top20==1&reg_atr_change_rate_ts_top30==1&reg_ema20_gt_ema50_raw==1),1133233a0ace,0,42,4,reg_atr_change_rate_ts_top30,regime,atr_change_rate,volatility,1
(*)|(loc_dist_ema20_atr_ts_band30_70==1&loc_dist_ema20_atr_ts_bot80==1&loc_dist_ema20_atr_ts_top50==0)|(reg_atr_change_rate_ts_top40==0),7cf2f876e84b,0,42,27,loc_dist_ema20_atr_ts_bot80,location,dist_ema20_atr,context,1
(*)|(loc_dist_ema20_atr_ts_band30_70==1&loc_dist_ema20_atr_ts_bot80==1&loc_dist_ema20_atr_ts_top50==0)|(reg_atr_change_rate_ts_top40==0),7cf2f876e84b,0,42,33,loc_dist_ema20_atr_ts_band30_70,location,dist_ema20_atr,context,1
(*)|(loc_dist_ema20_atr_ts_band30_70==1&loc_dist_ema20_atr_ts_bot80==1&loc_dist_ema20_atr_ts_top50==0)|(reg_atr_change_rate_ts_top40==0),7cf2f876e84b,0,42,13,loc_dist_ema20_atr_ts_top50,location,dist_ema20_atr,context,0
(*)|(loc_dist_ema20_atr_ts_band30_70==1&loc_dist_ema20_atr_ts_bot80==1&loc_dist_ema20_atr_ts_top50==0)|(reg_atr_change_rate_ts_top40==0),7cf2f876e84b,0,42,8,reg_atr_change_rate_ts_top40,regime,atr_change_rate,volatility,0
(*)|(loc_dist_ema20_atr_ts_band30_70==1&loc_dist_ema20_atr_ts_bot80==1&loc_dist_ema20_atr_ts_top50==0)|(reg_atr_change_rate_ts_top40==1),4b035e683426,0,42,27,loc_dist_ema20_atr_ts_bot80,location,dist_ema20_atr,context,1
(*)|(loc_dist_ema20_atr_ts_band30_70==1&loc_dist_ema20_atr_ts_bot80==1&loc_dist_ema20_atr_ts_top50==0)|(reg_atr_change_rate_ts_top40==1),4b035e683426,0,42,33,loc_dist_ema20_atr_ts_band30_70,location,dist_ema20_atr,context,1
(*)|(loc_dist_ema20_atr_ts_band30_70==1&loc_dist_ema20_atr_ts_bot80==1&loc_dist_ema20_atr_ts_top50==0)|(reg_atr_change_rate_ts_top40==1),4b035e683426,0,42,13,loc_dist_ema20_atr_ts_top50,location,dist_ema20_atr,context,0
(*)|(loc_dist_ema20_atr_ts_band30_70==1&loc_dist_ema20_atr_ts_bot80==1&loc_dist_ema20_atr_ts_top50==0)|(reg_atr_change_rate_ts_top40==1),4b035e683426,0,42,8,reg_atr_change_rate_ts_top40,regime,atr_change_rate,volatility,1
(*)|(loc_dist_ema20_atr_ts_band30_70==1&loc_dist_ema20_atr_ts_bot80==1&loc_dist_ema20_atr_ts_top50==1)|(reg_atr_change_rate_ts_top60==0),522b3b185344,0,42,27,loc_dist_ema20_atr_ts_bot80,location,dist_ema20_atr,context,1
(*)|(loc_dist_ema20_atr_ts_band30_70==1&loc_dist_ema20_atr_ts_bot80==1&loc_dist_ema20_atr_ts_top50==1)|(reg_atr_change_rate_ts_top60==0),522b3b185344,0,42,33,loc_dist_ema20_atr_ts_band30_70,location,dist_ema20_atr,context,1
(*)|(loc_dist_ema20_atr_ts_band30_70==1&loc_dist_ema20_atr_ts_bot80==1&loc_dist_ema20_atr_ts_top50==1)|(reg_atr_change_rate_ts_top60==0),522b3b185344,0,42,13,loc_dist_ema20_atr_ts_top50,location,dist_ema20_atr,context,1
(*)|(loc_dist_ema20_atr_ts_band30_70==1&loc_dist_ema20_atr_ts_bot80==1&loc_dist_ema20_atr_ts_top50==1)|(reg_atr_change_rate_ts_top60==0),522b3b185344,0,42,16,reg_atr_change_rate_ts_top60,regime,atr_change_rate,volatility,0
(*)|(loc_dist_ema20_atr_ts_band30_70==1&loc_dist_ema20_atr_ts_bot80==1&loc_dist_ema20_atr_ts_top50==1)|(reg_atr_change_rate_ts_top60==1),7b712989fcf2,0,42,27,loc_dist_ema20_atr_ts_bot80,location,dist_ema20_atr,context,1
(*)|(loc_dist_ema20_atr_ts_band30_70==1&loc_dist_ema20_atr_ts_bot80==1&loc_dist_ema20_atr_ts_top50==1)|(reg_atr_change_rate_ts_top60==1),7b712989fcf2,0,42,33,loc_dist_ema20_atr_ts_band30_70,location,dist_ema20_atr,context,1
(*)|(loc_dist_ema20_atr_ts_band30_70==1&loc_dist_ema20_atr_ts_bot80==1&loc_dist_ema20_atr_ts_top50==1)|(reg_atr_change_rate_ts_top60==1),7b712989fcf2,0,42,13,loc_dist_ema20_atr_ts_top50,location,dist_ema20_atr,context,1
(*)|(loc_dist_ema20_atr_ts_band30_70==1&loc_dist_ema20_atr_ts_bot80==1&loc_dist_ema20_atr_ts_top50==1)|(reg_atr_change_rate_ts_top60==1),7b712989fcf2,0,42,16,reg_atr_change_rate_ts_top60,regime,atr_change_rate,volatility,1
(*)|(loc_dist_ema20_atr_ts_top30==1)|(reg_atr_change_rate_ts_band25_75==0&reg_atr_change_rate_ts_band40_60==0&reg_atr_change_rate_ts_bot20==0&reg_atr_change_rate_ts_top80==0),c0a5679817ad,0,42,2,reg_atr_change_rate_ts_bot20,regime,atr_change_rate,volatility,0
(*)|(loc_dist_ema20_atr_ts_top30==1)|(reg_atr_change_rate_ts_band25_75==0&reg_atr_change_rate_ts_band40_60==0&reg_atr_change_rate_ts_bot20==0&reg_atr_change_rate_ts_top80==0),c0a5679817ad,0,42,34,reg_atr_change_rate_ts_band40_60,regime,atr_change_rate,volatility,0
(*)|(loc_dist_ema20_atr_ts_top30==1)|(reg_atr_change_rate_ts_band25_75==0&reg_atr_change_rate_ts_band40_60==0&reg_atr_change_rate_ts_bot20==0&reg_atr_change_rate_ts_top80==0),c0a5679817ad,0,42,30,reg_atr_change_rate_ts_band25_75,regime,atr_change_rate,volatility,0
(*)|(loc_dist_ema20_atr_ts_top30==1)|(reg_atr_change_rate_ts_band25_75==0&reg_atr_change_rate_ts_band40_60==0&reg_atr_change_rate_ts_bot20==0&reg_atr_change_rate_ts_top80==0),c0a5679817ad,0,42,24,reg_atr_change_rate_ts_top80,regime,atr_change_rate,volatility,0
(*)|(loc_dist_ema20_atr_ts_top30==1)|(reg_atr_change_rate_ts_band25_75==0&reg_atr_change_rate_ts_band40_60==0&reg_atr_change_rate_ts_bot20==0&reg_atr_change_rate_ts_top80==0),c0a5679817ad,0,42,5,loc_dist_ema20_atr_ts_top30,location,dist_ema20_atr,context,1
(*)|(loc_dist_ema20_atr_ts_top30==1)|(reg_atr_change_rate_ts_band25_75==0&reg_atr_change_rate_ts_band40_60==0&reg_atr_change_rate_ts_bot20==0&reg_atr_change_rate_ts_top80==1),d7b84685f6d6,0,42,2,reg_atr_change_rate_ts_bot20,regime,atr_change_rate,volatility,0
(*)|(loc_dist_ema20_atr_ts_top30==1)|(reg_atr_change_rate_ts_band25_75==0&reg_atr_change_rate_ts_band40_60==0&reg_atr_change_rate_ts_bot20==0&reg_atr_change_rate_ts_top80==1),d7b84685f6d6,0,42,34,reg_atr_change_rate_ts_band40_60,regime,atr_change_rate,volatility,0
(*)|(loc_dist_ema20_atr_ts_top30==1)|(reg_atr_change_rate_ts_band25_75==0&reg_atr_change_rate_ts_band40_60==0&reg_atr_change_rate_ts_bot20==0&reg_atr_change_rate_ts_top80==1),d7b84685f6d6,0,42,30,reg_atr_change_rate_ts_band25_75,regime,atr_change_rate,volatility,0
(*)|(loc_dist_ema20_atr_ts_top30==1)|(reg_atr_change_rate_ts_band25_75==0&reg_atr_change_rate_ts_band40_60==0&reg_atr_change_rate_ts_bot20==0&reg_atr_change_rate_ts_top80==1),d7b84685f6d6,0,42,24,reg_atr_change_rate_ts_top80,regime,atr_change_rate,volatility,1
(*)|(loc_dist_ema20_atr_ts_top30==1)|(reg_atr_change_rate_ts_band25_75==0&reg_atr_change_rate_ts_band40_60==0&reg_atr_change_rate_ts_bot20==0&reg_atr_change_rate_ts_top80==1),d7b84685f6d6,0,42,5,loc_dist_ema20_atr_ts_top30,location,dist_ema20_atr,context,1
(*)|(loc_dist_ema20_atr_ts_top30==0)|(reg_atr_change_rate_ts_band25_75==1&reg_atr_change_rate_ts_band30_70==0&reg_atr_change_rate_ts_band40_60==0&reg_atr_change_rate_ts_bot20==0),2337277d272b,0,42,2,reg_atr_change_rate_ts_bot20,regime,atr_change_rate,volatility,0
(*)|(loc_dist_ema20_atr_ts_top30==0)|(reg_atr_change_rate_ts_band25_75==1&reg_atr_change_rate_ts_band30_70==0&reg_atr_change_rate_ts_band40_60==0&reg_atr_change_rate_ts_bot20==0),2337277d272b,0,42,34,reg_atr_change_rate_ts_band40_60,regime,atr_change_rate,volatility,0
(*)|(loc_dist_ema20_atr_ts_top30==0)|(reg_atr_change_rate_ts_band25_75==1&reg_atr_change_rate_ts_band30_70==0&reg_atr_change_rate_ts_band40_60==0&reg_atr_change_rate_ts_bot20==0),2337277d272b,0,42,30,reg_atr_change_rate_ts_band25_75,regime,atr_change_rate,volatility,1
(*)|(loc_dist_ema20_atr_ts_top30==0)|(reg_atr_change_rate_ts_band25_75==1&reg_atr_change_rate_ts_band30_70==0&reg_atr_change_rate_ts_band40_60==0&reg_atr_change_rate_ts_bot20==0),2337277d272b,0,42,32,reg_atr_change_rate_ts_band30_70,regime,atr_change_rate,volatility,0
(*)|(loc_dist_ema20_atr_ts_top30==0)|(reg_atr_change_rate_ts_band25_75==1&reg_atr_change_rate_ts_band30_70==0&reg_atr_change_rate_ts_band40_60==0&reg_atr_change_rate_ts_bot20==0),2337277d272b,0,42,5,loc_dist_ema20_atr_ts_top30,location,dist_ema20_atr,context,0
(*)|(loc_dist_ema20_atr_ts_top30==1)|(reg_atr_change_rate_ts_band25_75==1&reg_atr_change_rate_ts_band30_70==0&reg_atr_change_rate_ts_band40_60==0&reg_atr_change_rate_ts_bot20==0),5505d23d5c76,0,42,2,reg_atr_change_rate_ts_bot20,regime,atr_change_rate,volatility,0
(*)|(loc_dist_ema20_atr_ts_top30==1)|(reg_atr_change_rate_ts_band25_75==1&reg_atr_change_rate_ts_band30_70==0&reg_atr_change_rate_ts_band40_60==0&reg_atr_change_rate_ts_bot20==0),5505d23d5c76,0,42,34,reg_atr_change_rate_ts_band40_60,regime,atr_change_rate,volatility,0
(*)|(loc_dist_ema20_atr_ts_top30==1)|(reg_atr_change_rate_ts_band25_75==1&reg_atr_change_rate_ts_band30_70==0&reg_atr_change_rate_ts_band40_60==0&reg_atr_change_rate_ts_bot20==0),5505d23d5c76,0,42,30,reg_atr_change_rate_ts_band25_75,regime,atr_change_rate,volatility,1
(*)|(loc_dist_ema20_atr_ts_top30==1)|(reg_atr_change_rate_ts_band25_75==1&reg_atr_change_rate_ts_band30_70==0&reg_atr_change_rate_ts_band40_60==0&reg_atr_change_rate_ts_bot20==0),5505d23d5c76,0,42,32,reg_atr_change_rate_ts_band30_70,regime,atr_change_rate,volatility,0
(*)|(loc_dist_ema20_atr_ts_top30==1)|(reg_atr_change_rate_ts_band25_75==1&reg_atr_change_rate_ts_band30_70==0&reg_atr_change_rate_ts_band40_60==0&reg_atr_change_rate_ts_bot20==0),5505d23d5c76,0,42,5,loc_dist_ema20_atr_ts_top30,location,dist_ema20_atr,context,1
(*)|(*)|(reg_atr_change_rate_ts_band25_75==1&reg_atr_change_rate_ts_band30_70==1&reg_atr_change_rate_ts_band40_60==0&reg_atr_change_rate_ts_bot20==0&reg_atr_change_rate_ts_top40==0),b10d428f9789,0,42,2,reg_atr_change_rate_ts_bot20,regime,atr_change_rate,volatility,0
(*)|(*)|(reg_atr_change_rate_ts_band25_75==1&reg_atr_change_rate_ts_band30_70==1&reg_atr_change_rate_ts_band40_60==0&reg_atr_change_rate_ts_bot20==0&reg_atr_change_rate_ts_top40==0),b10d428f9789,0,42,34,reg_atr_change_rate_ts_band40_60,regime,atr_change_rate,volatility,0
(*)|(*)|(reg_atr_change_rate_ts_band25_75==1&reg_atr_change_rate_ts_band30_70==1&reg_atr_change_rate_ts_band40_60==0&reg_atr_change_rate_ts_bot20==0&reg_atr_change_rate_ts_top40==0),b10d428f9789,0,42,30,reg_atr_change_rate_ts_band25_75,regime,atr_change_rate,volatility,1
(*)|(*)|(reg_atr_change_rate_ts_band25_75==1&reg_atr_change_rate_ts_band30_70==1&reg_atr_change_rate_ts_band40_60==0&reg_atr_change_rate_ts_bot20==0&reg_atr_change_rate_ts_top40==0),b10d428f9789,0,42,32,reg_atr_change_rate_ts_band30_70,regime,atr_change_rate,volatility,1
(*)|(*)|(reg_atr_change_rate_ts_band25_75==1&reg_atr_change_rate_ts_band30_70==1&reg_atr_change_rate_ts_band40_60==0&reg_atr_change_rate_ts_bot20==0&reg_atr_change_rate_ts_top40==0),b10d428f9789,0,42,8,reg_atr_change_rate_ts_top40,regime,atr_change_rate,volatility,0
(*)|(*)|(reg_atr_change_rate_ts_band25_75==1&reg_atr_change_rate_ts_band30_70==1&reg_atr_change_rate_ts_band40_60==0&reg_atr_change_rate_ts_bot20==0&reg_atr_change_rate_ts_top40==1),3ae01958c996,0,42,2,reg_atr_change_rate_ts_bot20,regime,atr_change_rate,volatility,0
(*)|(*)|(reg_atr_change_rate_ts_band25_75==1&reg_atr_change_rate_ts_band30_70==1&reg_atr_change_rate_ts_band40_60==0&reg_atr_change_rate_ts_bot20==0&reg_atr_change_rate_ts_top40==1),3ae01958c996,0,42,34,reg_atr_change_rate_ts_band40_60,regime,atr_change_rate,volatility,0
(*)|(*)|(reg_atr_change_rate_ts_band25_75==1&reg_atr_change_rate_ts_band30_70==1&reg_atr_change_rate_ts_band40_60==0&reg_atr_change_rate_ts_bot20==0&reg_atr_change_rate_ts_top40==1),3ae01958c996,0,42,30,reg_atr_change_rate_ts_band25_75,regime,atr_change_rate,volatility,1
(*)|(*)|(reg_atr_change_rate_ts_band25_75==1&reg_atr_change_rate_ts_band30_70==1&reg_atr_change_rate_ts_band40_60==0&reg_atr_change_rate_ts_bot20==0&reg_atr_change_rate_ts_top40==1),3ae01958c996,0,42,32,reg_atr_change_rate_ts_band30_70,regime,atr_change_rate,volatility,1
(*)|(*)|(reg_atr_change_rate_ts_band25_75==1&reg_atr_change_rate_ts_band30_70==1&reg_atr_change_rate_ts_band40_60==0&reg_atr_change_rate_ts_bot20==0&reg_atr_change_rate_ts_top40==1),3ae01958c996,0,42,8,reg_atr_change_rate_ts_top40,regime,atr_change_rate,volatility,1
(*)|(loc_dist_ema20_atr_ts_top50==0)|(reg_atr_change_rate_ts_band40_60==1&reg_atr_change_rate_ts_bot20==0),cd9113cfd1c9,0,42,2,reg_atr_change_rate_ts_bot20,regime,atr_change_rate,volatility,0
(*)|(loc_dist_ema20_atr_ts_top50==0)|(reg_atr_change_rate_ts_band40_60==1&reg_atr_change_rate_ts_bot20==0),cd9113cfd1c9,0,42,34,reg_atr_change_rate_ts_band40_60,regime,atr_change_rate,volatility,1
(*)|(loc_dist_ema20_atr_ts_top50==0)|(reg_atr_change_rate_ts_band40_60==1&reg_atr_change_rate_ts_bot20==0),cd9113cfd1c9,0,42,13,loc_dist_ema20_atr_ts_top50,location,dist_ema20_atr,context,0
(*)|(loc_dist_ema20_atr_ts_top50==1)|(reg_atr_change_rate_ts_band40_60==1&reg_atr_change_rate_ts_bot20==0),f66222362079,0,42,2,reg_atr_change_rate_ts_bot20,regime,atr_change_rate,volatility,0
(*)|(loc_dist_ema20_atr_ts_top50==1)|(reg_atr_change_rate_ts_band40_60==1&reg_atr_change_rate_ts_bot20==0),f66222362079,0,42,34,reg_atr_change_rate_ts_band40_60,regime,atr_change_rate,volatility,1
(*)|(loc_dist_ema20_atr_ts_top50==1)|(reg_atr_change_rate_ts_band40_60==1&reg_atr_change_rate_ts_bot20==0),f66222362079,0,42,13,loc_dist_ema20_atr_ts_top50,location,dist_ema20_atr,context,1
(*)|(*)|(reg_atr_change_rate_ts_bot20==1),5cfa4da51cc7,0,42,2,reg_atr_change_rate_ts_bot20,regime,atr_change_rate,volatility,1
(*)|(loc_dist_ema20_atr_ts_bot20==1&loc_dist_ema20_atr_ts_top60==0)|(reg_atr_change_rate_ts_band25_75==0&reg_atr_change_rate_ts_top40==0&reg_atr_change_rate_ts_top50==0&reg_ema50_gt_ema200_raw==0),5679208396b8,1,42,17,loc_dist_ema20_atr_ts_top60,location,dist_ema20_atr,context,0
(*)|(loc_dist_ema20_atr_ts_bot20==1&loc_dist_ema20_atr_ts_top60==0)|(reg_atr_change_rate_ts_band25_75==0&reg_atr_change_rate_ts_top40==0&reg_atr_change_rate_ts_top50==0&reg_ema50_gt_ema200_raw==0),5679208396b8,1,42,3,loc_dist_ema20_atr_ts_bot20,location,dist_ema20_atr,context,1
(*)|(loc_dist_ema20_atr_ts_bot20==1&loc_dist_ema20_atr_ts_top60==0)|(reg_atr_change_rate_ts_band25_75==0&reg_atr_change_rate_ts_top40==0&reg_atr_change_rate_ts_top50==0&reg_ema50_gt_ema200_raw==0),5679208396b8,1,42,12,reg_atr_change_rate_ts_top50,regime,atr_change_rate,volatility,0
(*)|(loc_dist_ema20_atr_ts_bot20==1&loc_dist_ema20_atr_ts_top60==0)|(reg_atr_change_rate_ts_band25_75==0&reg_atr_change_rate_ts_top40==0&reg_atr_change_rate_ts_top50==0&reg_ema50_gt_ema200_raw==0),5679208396b8,1,42,8,reg_atr_change_rate_ts_top40,regime,atr_change_rate,volatility,0
(*)|(loc_dist_ema20_atr_ts_bot20==1&loc_dist_ema20_atr_ts_top60==0)|(reg_atr_change_rate_ts_band25_75==0&reg_atr_change_rate_ts_top40==0&reg_atr_change_rate_ts_top50==0&reg_ema50_gt_ema200_raw==0),5679208396b8,1,42,30,reg_atr_change_rate_ts_band25_75,regime,atr_change_rate,volatility,0
(*)|(loc_dist_ema20_atr_ts_bot20==1&loc_dist_ema20_atr_ts_top60==0)|(reg_atr_change_rate_ts_band25_75==0&reg_atr_change_rate_ts_top40==0&reg_atr_change_rate_ts_top50==0&reg_ema50_gt_ema200_raw==0),5679208396b8,1,42,506,reg_ema50_gt_ema200_raw,regime,ema50_gt_ema200,trend,0
(*)|(loc_dist_ema20_atr_ts_bot20==1&loc_dist_ema20_atr_ts_top60==0)|(reg_atr_change_rate_ts_band25_75==0&reg_atr_change_rate_ts_top40==0&reg_atr_change_rate_ts_top50==0&reg_ema50_gt_ema200_raw==1),2520fd1d4d46,1,42,17,loc_dist_ema20_atr_ts_top60,location,dist_ema20_atr,context,0
(*)|(loc_dist_ema20_atr_ts_bot20==1&loc_dist_ema20_atr_ts_top60==0)|(reg_atr_change_rate_ts_band25_75==0&reg_atr_change_rate_ts_top40==0&reg_atr_change_rate_ts_top50==0&reg_ema50_gt_ema200_raw==1),2520fd1d4d46,1,42,3,loc_dist_ema20_atr_ts_bot20,location,dist_ema20_atr,context,1
(*)|(loc_dist_ema20_atr_ts_bot20==1&loc_dist_ema20_atr_ts_top60==0)|(reg_atr_change_rate_ts_band25_75==0&reg_atr_change_rate_ts_top40==0&reg_atr_change_rate_ts_top50==0&reg_ema50_gt_ema200_raw==1),2520fd1d4d46,1,42,12,reg_atr_change_rate_ts_top50,regime,atr_change_rate,volatility,0
(*)|(loc_dist_ema20_atr_ts_bot20==1&loc_dist_ema20_atr_ts_top60==0)|(reg_atr_change_rate_ts_band25_75==0&reg_atr_change_rate_ts_top40==0&reg_atr_change_rate_ts_top50==0&reg_ema50_gt_ema200_raw==1),2520fd1d4d46,1,42,8,reg_atr_change_rate_ts_top40,regime,atr_change_rate,volatility,0
(*)|(loc_dist_ema20_atr_ts_bot20==1&loc_dist_ema20_atr_ts_top60==0)|(reg_atr_change_rate_ts_band25_75==0&reg_atr_change_rate_ts_top40==0&reg_atr_change_rate_ts_top50==0&reg_ema50_gt_ema200_raw==1),2520fd1d4d46,1,42,30,reg_atr_change_rate_ts_band25_75,regime,atr_change_rate,volatility,0
(*)|(loc_dist_ema20_atr_ts_bot20==1&loc_dist_ema20_atr_ts_top60==0)|(reg_atr_change_rate_ts_band25_75==0&reg_atr_change_rate_ts_top40==0&reg_atr_change_rate_ts_top50==0&reg_ema50_gt_ema200_raw==1),2520fd1d4d46,1,42,506,reg_ema50_gt_ema200_raw,regime,ema50_gt_ema200,trend,1
(*)|(loc_dist_ema20_atr_ts_top60==0)|(reg_atr_change_rate_ts_band25_75==1&reg_atr_change_rate_ts_top30==0&reg_atr_change_rate_ts_top40==0&reg_atr_change_rate_ts_top50==0),6e55b5c3a616,1,42,17,loc_dist_ema20_atr_ts_top60,location,dist_ema20_atr,context,0
(*)|(loc_dist_ema20_atr_ts_top60==0)|(reg_atr_change_rate_ts_band25_75==1&reg_atr_change_rate_ts_top30==0&reg_atr_change_rate_ts_top40==0&reg_atr_change_rate_ts_top50==0),6e55b5c3a616,1,42,12,reg_atr_change_rate_ts_top50,regime,atr_change_rate,volatility,0
(*)|(loc_dist_ema20_atr_ts_top60==0)|(reg_atr_change_rate_ts_band25_75==1&reg_atr_change_rate_ts_top30==0&reg_atr_change_rate_ts_top40==0&reg_atr_change_rate_ts_top50==0),6e55b5c3a616,1,42,8,reg_atr_change_rate_ts_top40,regime,atr_change_rate,volatility,0
(*)|(loc_dist_ema20_atr_ts_top60==0)|(reg_atr_change_rate_ts_band25_75==1&reg_atr_change_rate_ts_top30==0&reg_atr_change_rate_ts_top40==0&reg_atr_change_rate_ts_top50==0),6e55b5c3a616,1,42,30,reg_atr_change_rate_ts_band25_75,regime,atr_change_rate,volatility,1
(*)|(loc_dist_ema20_atr_ts_top60==0)|(reg_atr_change_rate_ts_band25_75==1&reg_atr_change_rate_ts_top30==0&reg_atr_change_rate_ts_top40==0&reg_atr_change_rate_ts_top50==0),6e55b5c3a616,1,42,4,reg_atr_change_rate_ts_top30,regime,atr_change_rate,volatility,0
(*)|(loc_dist_ema20_atr_ts_top60==0)|(reg_atr_change_rate_ts_band25_75==1&reg_atr_change_rate_ts_top30==1&reg_atr_change_rate_ts_top40==0&reg_atr_change_rate_ts_top50==0),f066d8b23a6b,1,42,17,loc_dist_ema20_atr_ts_top60,location,dist_ema20_atr,context,0
(*)|(loc_dist_ema20_atr_ts_top60==0)|(reg_atr_change_rate_ts_band25_75==1&reg_atr_change_rate_ts_top30==1&reg_atr_change_rate_ts_top40==0&reg_atr_change_rate_ts_top50==0),f066d8b23a6b,1,42,12,reg_atr_change_rate_ts_top50,regime,atr_change_rate,volatility,0
(*)|(loc_dist_ema20_atr_ts_top60==0)|(reg_atr_change_rate_ts_band25_75==1&reg_atr_change_rate_ts_top30==1&reg_atr_change_rate_ts_top40==0&reg_atr_change_rate_ts_top50==0),f066d8b23a6b,1,42,8,reg_atr_change_rate_ts_top40,regime,atr_change_rate,volatility,0
(*)|(loc_dist_ema20_atr_ts_top60==0)|(reg_atr_change_rate_ts_band25_75==1&reg_atr_change_rate_ts_top30==1&reg_atr_change_rate_ts_top40==0&reg_atr_change_rate_ts_top50==0),f066d8b23a6b,1,42,30,reg_atr_change_rate_ts_band25_75,regime,atr_change_rate,volatility,1
(*)|(loc_dist_ema20_atr_ts_top60==0)|(reg_atr_change_rate_ts_band25_75==1&reg_atr_change_rate_ts_top30==1&reg_atr_change_rate_ts_top40==0&reg_atr_change_rate_ts_top50==0),f066d8b23a6b,1,42,4,reg_atr_change_rate_ts_top30,regime,atr_change_rate,volatility,1
(*)|(loc_dist_ema20_atr_ts_top60==0)|(reg_atr_change_rate_ts_top40==1&reg_atr_change_rate_ts_top50==0),e40b2b1aeec6,1,42,17,loc_dist_ema20_atr_ts_top60,location,dist_ema20_atr,context,0
(*)|(loc_dist_ema20_atr_ts_top60==0)|(reg_atr_change_rate_ts_top40==1&reg_atr_change_rate_ts_top50==0),e40b2b1aeec6,1,42,12,reg_atr_change_rate_ts_top50,regime,atr_change_rate,volatility,0
(*)|(loc_dist_ema20_atr_ts_top60==0)|(reg_atr_change_rate_ts_top40==1&reg_atr_change_rate_ts_top50==0),e40b2b1aeec6,1,42,8,reg_atr_change_rate_ts_top40,regime,atr_change_rate,volatility,1
(*)|(loc_dist_ema20_atr_ts_top60==0)|(reg_atr_change_rate_ts_top50==1),4ccbf2a1d687,1,42,17,loc_dist_ema20_atr_ts_top60,location,dist_ema20_atr,context,0
(*)|(loc_dist_ema20_atr_ts_top60==0)|(reg_atr_change_rate_ts_top50==1),4ccbf2a1d687,1,42,12,reg_atr_change_rate_ts_top50,regime,atr_change_rate,volatility,1
(*)|(loc_dist_ema20_atr_ts_top60==1)|(reg_atr_change_rate_ts_top70==0&reg_atr_change_rate_ts_top80==0),4d2295eba6ec,1,42,17,loc_dist_ema20_atr_ts_top60,location,dist_ema20_atr,context,1
(*)|(loc_dist_ema20_atr_ts_top60==1)|(reg_atr_change_rate_ts_top70==0&reg_atr_change_rate_ts_top80==0),4d2295eba6ec,1,42,24,reg_atr_change_rate_ts_top80,regime,atr_change_rate,volatility,0
(*)|(loc_dist_ema20_atr_ts_top60==1)|(reg_atr_change_rate_ts_top70==0&reg_atr_change_rate_ts_top80==0),4d2295eba6ec,1,42,20,reg_atr_change_rate_ts_top70,regime,atr_change_rate,volatility,0
(*)|(loc_dist_ema20_atr_ts_top60==1)|(reg_atr_change_rate_ts_band25_75==0&reg_atr_change_rate_ts_top70==1&reg_atr_change_rate_ts_top80==0),96f4e7c0a6d5,1,42,17,loc_dist_ema20_atr_ts_top60,location,dist_ema20_atr,context,1
(*)|(loc_dist_ema20_atr_ts_top60==1)|(reg_atr_change_rate_ts_band25_75==0&reg_atr_change_rate_ts_top70==1&reg_atr_change_rate_ts_top80==0),96f4e7c0a6d5,1,42,24,reg_atr_change_rate_ts_top80,regime,atr_change_rate,volatility,0
(*)|(loc_dist_ema20_atr_ts_top60==1)|(reg_atr_change_rate_ts_band25_75==0&reg_atr_change_rate_ts_top70==1&reg_atr_change_rate_ts_top80==0),96f4e7c0a6d5,1,42,20,reg_atr_change_rate_ts_top70,regime,atr_change_rate,volatility,1
(*)|(loc_dist_ema20_atr_ts_top60==1)|(reg_atr_change_rate_ts_band25_75==0&reg_atr_change_rate_ts_top70==1&reg_atr_change_rate_ts_top80==0),96f4e7c0a6d5,1,42,30,reg_atr_change_rate_ts_band25_75,regime,atr_change_rate,volatility,0
(*)|(loc_dist_ema20_atr_ts_top60==1)|(reg_atr_change_rate_ts_band25_75==1&reg_atr_change_rate_ts_top70==1&reg_atr_change_rate_ts_top80==0),73cb99ff0983,1,42,17,loc_dist_ema20_atr_ts_top60,location,dist_ema20_atr,context,1
(*)|(loc_dist_ema20_atr_ts_top60==1)|(reg_atr_change_rate_ts_band25_75==1&reg_atr_change_rate_ts_top70==1&reg_atr_change_rate_ts_top80==0),73cb99ff0983,1,42,24,reg_atr_change_rate_ts_top80,regime,atr_change_rate,volatility,0
(*)|(loc_dist_ema20_atr_ts_top60==1)|(reg_atr_change_rate_ts_band25_75==1&reg_atr_change_rate_ts_top70==1&reg_atr_change_rate_ts_top80==0),73cb99ff0983,1,42,20,reg_atr_change_rate_ts_top70,regime,atr_change_rate,volatility,1
(*)|(loc_dist_ema20_atr_ts_top60==1)|(reg_atr_change_rate_ts_band25_75==1&reg_atr_change_rate_ts_top70==1&reg_atr_change_rate_ts_top80==0),73cb99ff0983,1,42,30,reg_atr_change_rate_ts_band25_75,regime,atr_change_rate,volatility,1
(*)|(loc_dist_ema20_atr_ts_top60==1)|(reg_atr_change_rate_ts_top80==1),a286497960fa,1,42,17,loc_dist_ema20_atr_ts_top60,location,dist_ema20_atr,context,1
(*)|(loc_dist_ema20_atr_ts_top60==1)|(reg_atr_change_rate_ts_top80==1),a286497960fa,1,42,24,reg_atr_change_rate_ts_top80,regime,atr_change_rate,volatility,1
(*)|(loc_dist_ema20_atr_ts_bot40==0&loc_dist_ema20_atr_ts_top70==0&loc_dist_ema20_atr_ts_top80==0)|(reg_atr_change_rate_ts_bot50==1&reg_atr_change_rate_ts_top60==0),1e801f85fb52,1,42,11,loc_dist_ema20_atr_ts_bot40,location,dist_ema20_atr,context,0
(*)|(loc_dist_ema20_atr_ts_bot40==0&loc_dist_ema20_atr_ts_top70==0&loc_dist_ema20_atr_ts_top80==0)|(reg_atr_change_rate_ts_bot50==1&reg_atr_change_rate_ts_top60==0),1e801f85fb52,1,42,25,loc_dist_ema20_atr_ts_top80,location,dist_ema20_atr,context,0
(*)|(loc_dist_ema20_atr_ts_bot40==0&loc_dist_ema20_atr_ts_top70==0&loc_dist_ema20_atr_ts_top80==0)|(reg_atr_change_rate_ts_bot50==1&reg_atr_change_rate_ts_top60==0),1e801f85fb52,1,42,21,loc_dist_ema20_atr_ts_top70,location,dist_ema20_atr,context,0
(*)|(loc_dist_ema20_atr_ts_bot40==0&loc_dist_ema20_atr_ts_top70==0&loc_dist_ema20_atr_ts_top80==0)|(reg_atr_change_rate_ts_bot50==1&reg_atr_change_rate_ts_top60==0),1e801f85fb52,1,42,16,reg_atr_change_rate_ts_top60,regime,atr_change_rate,volatility,0
(*)|(loc_dist_ema20_atr_ts_bot40==0&loc_dist_ema20_atr_ts_top70==0&loc_dist_ema20_atr_ts_top80==0)|(reg_atr_change_rate_ts_bot50==1&reg_atr_change_rate_ts_top60==0),1e801f85fb52,1,42,14,reg_atr_change_rate_ts_bot50,regime,atr_change_rate,volatility,1
(*)|(loc_dist_ema20_atr_ts_bot40==0&loc_dist_ema20_atr_ts_top70==0&loc_dist_ema20_atr_ts_top80==0)|(reg_atr_change_rate_ts_top60==1),d3fe2ce7db51,1,42,11,loc_dist_ema20_atr_ts_bot40,location,dist_ema20_atr,context,0
(*)|(loc_dist_ema20_atr_ts_bot40==0&loc_dist_ema20_atr_ts_top70==0&loc_dist_ema20_atr_ts_top80==0)|(reg_atr_change_rate_ts_top60==1),d3fe2ce7db51,1,42,25,loc_dist_ema20_atr_ts_top80,location,dist_ema20_atr,context,0
(*)|(loc_dist_ema20_atr_ts_bot40==0&loc_dist_ema20_atr_ts_top70==0&loc_dist_ema20_atr_ts_top80==0)|(reg_atr_change_rate_ts_top60==1),d3fe2ce7db51,1,42,21,loc_dist_ema20_atr_ts_top70,location,dist_ema20_atr,context,0
(*)|(loc_dist_ema20_atr_ts_bot40==0&loc_dist_ema20_atr_ts_top70==0&loc_dist_ema20_atr_ts_top80==0)|(reg_atr_change_rate_ts_top60==1),d3fe2ce7db51,1,42,16,reg_atr_change_rate_ts_top60,regime,atr_change_rate,volatility,1
(*)|(loc_dist_ema20_atr_ts_band25_75==0&loc_dist_ema20_atr_ts_bot40==0&loc_dist_ema20_atr_ts_top70==1&loc_dist_ema20_atr_ts_top80==0)|(*),84576f0ecbfb,1,42,11,loc_dist_ema20_atr_ts_bot40,location,dist_ema20_atr,context,0
(*)|(loc_dist_ema20_atr_ts_band25_75==0&loc_dist_ema20_atr_ts_bot40==0&loc_dist_ema20_atr_ts_top70==1&loc_dist_ema20_atr_ts_top80==0)|(*),84576f0ecbfb,1,42,25,loc_dist_ema20_atr_ts_top80,location,dist_ema20_atr,context,0
(*)|(loc_dist_ema20_atr_ts_band25_75==0&loc_dist_ema20_atr_ts_bot40==0&loc_dist_ema20_atr_ts_top70==1&loc_dist_ema20_atr_ts_top80==0)|(*),84576f0ecbfb,1,42,21,loc_dist_ema20_atr_ts_top70,location,dist_ema20_atr,context,1
(*)|(loc_dist_ema20_atr_ts_band25_75==0&loc_dist_ema20_atr_ts_bot40==0&loc_dist_ema20_atr_ts_top70==1&loc_dist_ema20_atr_ts_top80==0)|(*),84576f0ecbfb,1,42,31,loc_dist_ema20_atr_ts_band25_75,location,dist_ema20_atr,context,0
(*)|(loc_dist_ema20_atr_ts_band25_75==1&loc_dist_ema20_atr_ts_bot40==0&loc_dist_ema20_atr_ts_top70==1&loc_dist_ema20_atr_ts_top80==0)|(*),5474963108e1,1,42,11,loc_dist_ema20_atr_ts_bot40,location,dist_ema20_atr,context,0
(*)|(loc_dist_ema20_atr_ts_band25_75==1&loc_dist_ema20_atr_ts_bot40==0&loc_dist_ema20_atr_ts_top70==1&loc_dist_ema20_atr_ts_top80==0)|(*),5474963108e1,1,42,25,loc_dist_ema20_atr_ts_top80,location,dist_ema20_atr,context,0
(*)|(loc_dist_ema20_atr_ts_band25_75==1&loc_dist_ema20_atr_ts_bot40==0&loc_dist_ema20_atr_ts_top70==1&loc_dist_ema20_atr_ts_top80==0)|(*),5474963108e1,1,42,21,loc_dist_ema20_atr_ts_top70,location,dist_ema20_atr,context,1
(*)|(loc_dist_ema20_atr_ts_band25_75==1&loc_dist_ema20_atr_ts_bot40==0&loc_dist_ema20_atr_ts_top70==1&loc_dist_ema20_atr_ts_top80==0)|(*),5474963108e1,1,42,31,loc_dist_ema20_atr_ts_band25_75,location,dist_ema20_atr,context,1
(*)|(loc_dist_ema20_atr_ts_bot40==0&loc_dist_ema20_atr_ts_top80==1)|(*),2111710eba97,1,42,11,loc_dist_ema20_atr_ts_bot40,location,dist_ema20_atr,context,0
(*)|(loc_dist_ema20_atr_ts_bot40==0&loc_dist_ema20_atr_ts_top80==1)|(*),2111710eba97,1,42,25,loc_dist_ema20_atr_ts_top80,location,dist_ema20_atr,context,1
(*)|(loc_dist_ema20_atr_ts_bot40==1)|(reg_atr_change_rate_ts_top20==0&reg_ema50_gt_ema200_raw==0),1a557db76e39,1,42,11,loc_dist_ema20_atr_ts_bot40,location,dist_ema20_atr,context,1
(*)|(loc_dist_ema20_atr_ts_bot40==1)|(reg_atr_change_rate_ts_top20==0&reg_ema50_gt_ema200_raw==0),1a557db76e39,1,42,0,reg_atr_change_rate_ts_top20,regime,atr_change_rate,volatility,0
(*)|(loc_dist_ema20_atr_ts_bot40==1)|(reg_atr_change_rate_ts_top20==0&reg_ema50_gt_ema200_raw==0),1a557db76e39,1,42,506,reg_ema50_gt_ema200_raw,regime,ema50_gt_ema200,trend,0
(*)|(loc_dist_ema20_atr_ts_bot40==1)|(reg_atr_change_rate_ts_top20==0&reg_ema50_gt_ema200_raw==1),512696e50653,1,42,11,loc_dist_ema20_atr_ts_bot40,location,dist_ema20_atr,context,1
(*)|(loc_dist_ema20_atr_ts_bot40==1)|(reg_atr_change_rate_ts_top20==0&reg_ema50_gt_ema200_raw==1),512696e50653,1,42,0,reg_atr_change_rate_ts_top20,regime,atr_change_rate,volatility,0
(*)|(loc_dist_ema20_atr_ts_bot40==1)|(reg_atr_change_rate_ts_top20==0&reg_ema50_gt_ema200_raw==1),512696e50653,1,42,506,reg_ema50_gt_ema200_raw,regime,ema50_gt_ema200,trend,1
(*)|(loc_dist_ema20_atr_ts_band25_75==0&loc_dist_ema20_atr_ts_bot40==1)|(reg_atr_change_rate_ts_top20==1&reg_atr_change_rate_ts_top30==0),fdd26a79baf8,1,42,11,loc_dist_ema20_atr_ts_bot40,location,dist_ema20_atr,context,1
(*)|(loc_dist_ema20_atr_ts_band25_75==0&loc_dist_ema20_atr_ts_bot40==1)|(reg_atr_change_rate_ts_top20==1&reg_atr_change_rate_ts_top30==0),fdd26a79baf8,1,42,31,loc_dist_ema20_atr_ts_band25_75,location,dist_ema20_atr,context,0
(*)|(loc_dist_ema20_atr_ts_band25_75==0&loc_dist_ema20_atr_ts_bot40==1)|(reg_atr_change_rate_ts_top20==1&reg_atr_change_rate_ts_top30==0),fdd26a79baf8,1,42,0,reg_atr_change_rate_ts_top20,regime,atr_change_rate,volatility,1
(*)|(loc_dist_ema20_atr_ts_band25_75==0&loc_dist_ema20_atr_ts_bot40==1)|(reg_atr_change_rate_ts_top20==1&reg_atr_change_rate_ts_top30==0),fdd26a79baf8,1,42,4,reg_atr_change_rate_ts_top30,regime,atr_change_rate,volatility,0
(*)|(loc_dist_ema20_atr_ts_band25_75==1&loc_dist_ema20_atr_ts_bot40==1)|(reg_atr_change_rate_ts_top20==1&reg_atr_change_rate_ts_top30==0),017b03bbd6c5,1,42,11,loc_dist_ema20_atr_ts_bot40,location,dist_ema20_atr,context,1
(*)|(loc_dist_ema20_atr_ts_band25_75==1&loc_dist_ema20_atr_ts_bot40==1)|(reg_atr_change_rate_ts_top20==1&reg_atr_change_rate_ts_top30==0),017b03bbd6c5,1,42,31,loc_dist_ema20_atr_ts_band25_75,location,dist_ema20_atr,context,1
(*)|(loc_dist_ema20_atr_ts_band25_75==1&loc_dist_ema20_atr_ts_bot40==1)|(reg_atr_change_rate_ts_top20==1&reg_atr_change_rate_ts_top30==0),017b03bbd6c5,1,42,0,reg_atr_change_rate_ts_top20,regime,atr_change_rate,volatility,1
(*)|(loc_dist_ema20_atr_ts_band25_75==1&loc_dist_ema20_atr_ts_bot40==1)|(reg_atr_change_rate_ts_top20==1&reg_atr_change_rate_ts_top30==0),017b03bbd6c5,1,42,4,reg_atr_change_rate_ts_top30,regime,atr_change_rate,volatility,0
(*)|(loc_dist_ema20_atr_ts_bot40==1)|(reg_atr_change_rate_ts_top20==1&reg_atr_change_rate_ts_top30==1),8ffb2b405c4d,1,42,11,loc_dist_ema20_atr_ts_bot40,location,dist_ema20_atr,context,1
(*)|(loc_dist_ema20_atr_ts_bot40==1)|(reg_atr_change_rate_ts_top20==1&reg_atr_change_rate_ts_top30==1),8ffb2b405c4d,1,42,0,reg_atr_change_rate_ts_top20,regime,atr_change_rate,volatility,1
(*)|(loc_dist_ema20_atr_ts_bot40==1)|(reg_atr_change_rate_ts_top20==1&reg_atr_change_rate_ts_top30==1),8ffb2b405c4d,1,42,4,reg_atr_change_rate_ts_top30,regime,atr_change_rate,volatility,1
(*)|(loc_dist_ema20_atr_ts_top20==0)|(reg_atr_change_rate_ts_top40==0&reg_ema50_gt_ema200_raw==1),25d5aa57c529,1,42,8,reg_atr_change_rate_ts_top40,regime,atr_change_rate,volatility,0
(*)|(loc_dist_ema20_atr_ts_top20==0)|(reg_atr_change_rate_ts_top40==0&reg_ema50_gt_ema200_raw==1),25d5aa57c529,1,42,506,reg_ema50_gt_ema200_raw,regime,ema50_gt_ema200,trend,1
(*)|(loc_dist_ema20_atr_ts_top20==0)|(reg_atr_change_rate_ts_top40==0&reg_ema50_gt_ema200_raw==1),25d5aa57c529,1,42,1,loc_dist_ema20_atr_ts_top20,location,dist_ema20_atr,context,0
(*)|(loc_dist_ema20_atr_ts_band25_75==0&loc_dist_ema20_atr_ts_top20==1)|(reg_atr_change_rate_ts_top30==0&reg_atr_change_rate_ts_top40==0),bbbb59324906,1,42,8,reg_atr_change_rate_ts_top40,regime,atr_change_rate,volatility,0
(*)|(loc_dist_ema20_atr_ts_band25_75==0&loc_dist_ema20_atr_ts_top20==1)|(reg_atr_change_rate_ts_top30==0&reg_atr_change_rate_ts_top40==0),bbbb59324906,1,42,4,reg_atr_change_rate_ts_top30,regime,atr_change_rate,volatility,0
(*)|(loc_dist_ema20_atr_ts_band25_75==0&loc_dist_ema20_atr_ts_top20==1)|(reg_atr_change_rate_ts_top30==0&reg_atr_change_rate_ts_top40==0),bbbb59324906,1,42,1,loc_dist_ema20_atr_ts_top20,location,dist_ema20_atr,context,1
(*)|(loc_dist_ema20_atr_ts_band25_75==0&loc_dist_ema20_atr_ts_top20==1)|(reg_atr_change_rate_ts_top30==0&reg_atr_change_rate_ts_top40==0),bbbb59324906,1,42,31,loc_dist_ema20_atr_ts_band25_75,location,dist_ema20_atr,context,0
(*)|(loc_dist_ema20_atr_ts_band25_75==1&loc_dist_ema20_atr_ts_top20==1)|(reg_atr_change_rate_ts_top30==0&reg_atr_change_rate_ts_top40==0),aba91a41b3ad,1,42,8,reg_atr_change_rate_ts_top40,regime,atr_change_rate,volatility,0
(*)|(loc_dist_ema20_atr_ts_band25_75==1&loc_dist_ema20_atr_ts_top20==1)|(reg_atr_change_rate_ts_top30==0&reg_atr_change_rate_ts_top40==0),aba91a41b3ad,1,42,4,reg_atr_change_rate_ts_top30,regime,atr_change_rate,volatility,0
(*)|(loc_dist_ema20_atr_ts_band25_75==1&loc_dist_ema20_atr_ts_top20==1)|(reg_atr_change_rate_ts_top30==0&reg_atr_change_rate_ts_top40==0),aba91a41b3ad,1,42,1,loc_dist_ema20_atr_ts_top20,location,dist_ema20_atr,context,1
(*)|(loc_dist_ema20_atr_ts_band25_75==1&loc_dist_ema20_atr_ts_top20==1)|(reg_atr_change_rate_ts_top30==0&reg_atr_change_rate_ts_top40==0),aba91a41b3ad,1,42,31,loc_dist_ema20_atr_ts_band25_75,location,dist_ema20_atr,context,1
(*)|(loc_dist_ema20_atr_ts_top20==1)|(reg_atr_change_rate_ts_top30==1&reg_atr_change_rate_ts_top40==0),9ea29949fcdc,1,42,8,reg_atr_change_rate_ts_top40,regime,atr_change_rate,volatility,0
(*)|(loc_dist_ema20_atr_ts_top20==1)|(reg_atr_change_rate_ts_top30==1&reg_atr_change_rate_ts_top40==0),9ea29949fcdc,1,42,4,reg_atr_change_rate_ts_top30,regime,atr_change_rate,volatility,1
(*)|(loc_dist_ema20_atr_ts_top20==1)|(reg_atr_change_rate_ts_top30==1&reg_atr_change_rate_ts_top40==0),9ea29949fcdc,1,42,1,loc_dist_ema20_atr_ts_top20,location,dist_ema20_atr,context,1
(*)|(loc_dist_ema20_atr_ts_top50==0)|(reg_atr_change_rate_ts_top40==1&reg_atr_change_rate_ts_top60==0),c6be96f31ed3,1,42,8,reg_atr_change_rate_ts_top40,regime,atr_change_rate,volatility,1
(*)|(loc_dist_ema20_atr_ts_top50==0)|(reg_atr_change_rate_ts_top40==1&reg_atr_change_rate_ts_top60==0),c6be96f31ed3,1,42,16,reg_atr_change_rate_ts_top60,regime,atr_change_rate,volatility,0
(*)|(loc_dist_ema20_atr_ts_top50==0)|(reg_atr_change_rate_ts_top40==1&reg_atr_change_rate_ts_top60==0),c6be96f31ed3,1,42,13,loc_dist_ema20_atr_ts_top50,location,dist_ema20_atr,context,0
(*)|(loc_dist_ema20_atr_ts_top50==1)|(reg_atr_change_rate_ts_top40==1&reg_atr_change_rate_ts_top60==0),96980b5c68a9,1,42,8,reg_atr_change_rate_ts_top40,regime,atr_change_rate,volatility,1
(*)|(loc_dist_ema20_atr_ts_top50==1)|(reg_atr_change_rate_ts_top40==1&reg_atr_change_rate_ts_top60==0),96980b5c68a9,1,42,16,reg_atr_change_rate_ts_top60,regime,atr_change_rate,volatility,0
(*)|(loc_dist_ema20_atr_ts_top50==1)|(reg_atr_change_rate_ts_top40==1&reg_atr_change_rate_ts_top60==0),96980b5c68a9,1,42,13,loc_dist_ema20_atr_ts_top50,location,dist_ema20_atr,context,1
(*)|(*)|(reg_atr_change_rate_ts_top40==1&reg_atr_change_rate_ts_top60==1&reg_atr_change_rate_ts_top70==0),ce2e6251b2fe,1,42,8,reg_atr_change_rate_ts_top40,regime,atr_change_rate,volatility,1
(*)|(*)|(reg_atr_change_rate_ts_top40==1&reg_atr_change_rate_ts_top60==1&reg_atr_change_rate_ts_top70==0),ce2e6251b2fe,1,42,16,reg_atr_change_rate_ts_top60,regime,atr_change_rate,volatility,1
(*)|(*)|(reg_atr_change_rate_ts_top40==1&reg_atr_change_rate_ts_top60==1&reg_atr_change_rate_ts_top70==0),ce2e6251b2fe,1,42,20,reg_atr_change_rate_ts_top70,regime,atr_change_rate,volatility,0
(*)|(loc_dist_ema20_atr_ts_band25_75==0)|(reg_atr_change_rate_ts_top40==1&reg_atr_change_rate_ts_top60==1&reg_atr_change_rate_ts_top70==1&reg_atr_change_rate_ts_top80==0),27d7d3c1d15d,1,42,8,reg_atr_change_rate_ts_top40,regime,atr_change_rate,volatility,1
(*)|(loc_dist_ema20_atr_ts_band25_75==0)|(reg_atr_change_rate_ts_top40==1&reg_atr_change_rate_ts_top60==1&reg_atr_change_rate_ts_top70==1&reg_atr_change_rate_ts_top80==0),27d7d3c1d15d,1,42,16,reg_atr_change_rate_ts_top60,regime,atr_change_rate,volatility,1
(*)|(loc_dist_ema20_atr_ts_band25_75==0)|(reg_atr_change_rate_ts_top40==1&reg_atr_change_rate_ts_top60==1&reg_atr_change_rate_ts_top70==1&reg_atr_change_rate_ts_top80==0),27d7d3c1d15d,1,42,20,reg_atr_change_rate_ts_top70,regime,atr_change_rate,volatility,1
(*)|(loc_dist_ema20_atr_ts_band25_75==0)|(reg_atr_change_rate_ts_top40==1&reg_atr_change_rate_ts_top60==1&reg_atr_change_rate_ts_top70==1&reg_atr_change_rate_ts_top80==0),27d7d3c1d15d,1,42,24,reg_atr_change_rate_ts_top80,regime,atr_change_rate,volatility,0
(*)|(loc_dist_ema20_atr_ts_band25_75==0)|(reg_atr_change_rate_ts_top40==1&reg_atr_change_rate_ts_top60==1&reg_atr_change_rate_ts_top70==1&reg_atr_change_rate_ts_top80==0),27d7d3c1d15d,1,42,31,loc_dist_ema20_atr_ts_band25_75,location,dist_ema20_atr,context,0
(*)|(loc_dist_ema20_atr_ts_band25_75==1)|(reg_atr_change_rate_ts_top40==1&reg_atr_change_rate_ts_top60==1&reg_atr_change_rate_ts_top70==1&reg_atr_change_rate_ts_top80==0),a818cf5aa0ff,1,42,8,reg_atr_change_rate_ts_top40,regime,atr_change_rate,volatility,1
(*)|(loc_dist_ema20_atr_ts_band25_75==1)|(reg_atr_change_rate_ts_top40==1&reg_atr_change_rate_ts_top60==1&reg_atr_change_rate_ts_top70==1&reg_atr_change_rate_ts_top80==0),a818cf5aa0ff,1,42,16,reg_atr_change_rate_ts_top60,regime,atr_change_rate,volatility,1
(*)|(loc_dist_ema20_atr_ts_band25_75==1)|(reg_atr_change_rate_ts_top40==1&reg_atr_change_rate_ts_top60==1&reg_atr_change_rate_ts_top70==1&reg_atr_change_rate_ts_top80==0),a818cf5aa0ff,1,42,20,reg_atr_change_rate_ts_top70,regime,atr_change_rate,volatility,1
(*)|(loc_dist_ema20_atr_ts_band25_75==1)|(reg_atr_change_rate_ts_top40==1&reg_atr_change_rate_ts_top60==1&reg_atr_change_rate_ts_top70==1&reg_atr_change_rate_ts_top80==0),a818cf5aa0ff,1,42,24,reg_atr_change_rate_ts_top80,regime,atr_change_rate,volatility,0
(*)|(loc_dist_ema20_atr_ts_band25_75==1)|(reg_atr_change_rate_ts_top40==1&reg_atr_change_rate_ts_top60==1&reg_atr_change_rate_ts_top70==1&reg_atr_change_rate_ts_top80==0),a818cf5aa0ff,1,42,31,loc_dist_ema20_atr_ts_band25_75,location,dist_ema20_atr,context,1
(*)|(*)|(reg_atr_change_rate_ts_top40==1&reg_atr_change_rate_ts_top60==1&reg_atr_change_rate_ts_top70==1&reg_atr_change_rate_ts_top80==1),cb0b7567579b,1,42,8,reg_atr_change_rate_ts_top40,regime,atr_change_rate,volatility,1
(*)|(*)|(reg_atr_change_rate_ts_top40==1&reg_atr_change_rate_ts_top60==1&reg_atr_change_rate_ts_top70==1&reg_atr_change_rate_ts_top80==1),cb0b7567579b,1,42,16,reg_atr_change_rate_ts_top60,regime,atr_change_rate,volatility,1
(*)|(*)|(reg_atr_change_rate_ts_top40==1&reg_atr_change_rate_ts_top60==1&reg_atr_change_rate_ts_top70==1&reg_atr_change_rate_ts_top80==1),cb0b7567579b,1,42,20,reg_atr_change_rate_ts_top70,regime,atr_change_rate,volatility,1
(*)|(*)|(reg_atr_change_rate_ts_top40==1&reg_atr_change_rate_ts_top60==1&reg_atr_change_rate_ts_top70==1&reg_atr_change_rate_ts_top80==1),cb0b7567579b,1,42,24,reg_atr_change_rate_ts_top80,regime,atr_change_rate,volatility,1
(*)|(*)|(reg_atr_change_rate_ts_band30_70==0&reg_atr_change_rate_ts_top20==0&reg_atr_change_rate_ts_top80==0&reg_ema20_gt_ema50_raw==1),5d0073f9ef05,1,42,24,reg_atr_change_rate_ts_top80,regime,atr_change_rate,volatility,0
(*)|(*)|(reg_atr_change_rate_ts_band30_70==0&reg_atr_change_rate_ts_top20==0&reg_atr_change_rate_ts_top80==0&reg_ema20_gt_ema50_raw==1),5d0073f9ef05,1,42,32,reg_atr_change_rate_ts_band30_70,regime,atr_change_rate,volatility,0
(*)|(*)|(reg_atr_change_rate_ts_band30_70==0&reg_atr_change_rate_ts_top20==0&reg_atr_change_rate_ts_top80==0&reg_ema20_gt_ema50_raw==1),5d0073f9ef05,1,42,432,reg_ema20_gt_ema50_raw,regime,ema20_gt_ema50,trend,1
(*)|(*)|(reg_atr_change_rate_ts_band30_70==0&reg_atr_change_rate_ts_top20==0&reg_atr_change_rate_ts_top80==0&reg_ema20_gt_ema50_raw==1),5d0073f9ef05,1,42,0,reg_atr_change_rate_ts_top20,regime,atr_change_rate,volatility,0
(*)|(*)|(reg_atr_change_rate_ts_band25_75==0&reg_atr_change_rate_ts_band30_70==0&reg_atr_change_rate_ts_top20==1&reg_atr_change_rate_ts_top30==0&reg_atr_change_rate_ts_top80==0&reg_ema20_gt_ema50_raw==1),4e0d45c2d932,1,42,24,reg_atr_change_rate_ts_top80,regime,atr_change_rate,volatility,0
(*)|(*)|(reg_atr_change_rate_ts_band25_75==0&reg_atr_change_rate_ts_band30_70==0&reg_atr_change_rate_ts_top20==1&reg_atr_change_rate_ts_top30==0&reg_atr_change_rate_ts_top80==0&reg_ema20_gt_ema50_raw==1),4e0d45c2d932,1,42,32,reg_atr_change_rate_ts_band30_70,regime,atr_change_rate,volatility,0
(*)|(*)|(reg_atr_change_rate_ts_band25_75==0&reg_atr_change_rate_ts_band30_70==0&reg_atr_change_rate_ts_top20==1&reg_atr_change_rate_ts_top30==0&reg_atr_change_rate_ts_top80==0&reg_ema20_gt_ema50_raw==1),4e0d45c2d932,1,42,432,reg_ema20_gt_ema50_raw,regime,ema20_gt_ema50,trend,1
(*)|(*)|(reg_atr_change_rate_ts_band25_75==0&reg_atr_change_rate_ts_band30_70==0&reg_atr_change_rate_ts_top20==1&reg_atr_change_rate_ts_top30==0&reg_atr_change_rate_ts_top80==0&reg_ema20_gt_ema50_raw==1),4e0d45c2d932,1,42,0,reg_atr_change_rate_ts_top20,regime,atr_change_rate,volatility,1
(*)|(*)|(reg_atr_change_rate_ts_band25_75==0&reg_atr_change_rate_ts_band30_70==0&reg_atr_change_rate_ts_top20==1&reg_atr_change_rate_ts_top30==0&reg_atr_change_rate_ts_top80==0&reg_ema20_gt_ema50_raw==1),4e0d45c2d932,1,42,4,reg_atr_change_rate_ts_top30,regime,atr_change_rate,volatility,0
(*)|(*)|(reg_atr_change_rate_ts_band25_75==0&reg_atr_change_rate_ts_band30_70==0&reg_atr_change_rate_ts_top20==1&reg_atr_change_rate_ts_top30==0&reg_atr_change_rate_ts_top80==0&reg_ema20_gt_ema50_raw==1),4e0d45c2d932,1,42,30,reg_atr_change_rate_ts_band25_75,regime,atr_change_rate,volatility,0
(*)|(*)|(reg_atr_change_rate_ts_band25_75==1&reg_atr_change_rate_ts_band30_70==0&reg_atr_change_rate_ts_top20==1&reg_atr_change_rate_ts_top30==0&reg_atr_change_rate_ts_top80==0&reg_ema20_gt_ema50_raw==1),e60730741e79,1,42,24,reg_atr_change_rate_ts_top80,regime,atr_change_rate,volatility,0
(*)|(*)|(reg_atr_change_rate_ts_band25_75==1&reg_atr_change_rate_ts_band30_70==0&reg_atr_change_rate_ts_top20==1&reg_atr_change_rate_ts_top30==0&reg_atr_change_rate_ts_top80==0&reg_ema20_gt_ema50_raw==1),e60730741e79,1,42,32,reg_atr_change_rate_ts_band30_70,regime,atr_change_rate,volatility,0
(*)|(*)|(reg_atr_change_rate_ts_band25_75==1&reg_atr_change_rate_ts_band30_70==0&reg_atr_change_rate_ts_top20==1&reg_atr_change_rate_ts_top30==0&reg_atr_change_rate_ts_top80==0&reg_ema20_gt_ema50_raw==1),e60730741e79,1,42,432,reg_ema20_gt_ema50_raw,regime,ema20_gt_ema50,trend,1
(*)|(*)|(reg_atr_change_rate_ts_band25_75==1&reg_atr_change_rate_ts_band30_70==0&reg_atr_change_rate_ts_top20==1&reg_atr_change_rate_ts_top30==0&reg_atr_change_rate_ts_top80==0&reg_ema20_gt_ema50_raw==1),e60730741e79,1,42,0,reg_atr_change_rate_ts_top20,regime,atr_change_rate,volatility,1
(*)|(*)|(reg_atr_change_rate_ts_band25_75==1&reg_atr_change_rate_ts_band30_70==0&reg_atr_change_rate_ts_top20==1&reg_atr_change_rate_ts_top30==0&reg_atr_change_rate_ts_top80==0&reg_ema20_gt_ema50_raw==1),e60730741e79,1,42,4,reg_atr_change_rate_ts_top30,regime,atr_change_rate,volatility,0
(*)|(*)|(reg_atr_change_rate_ts_band25_75==1&reg_atr_change_rate_ts_band30_70==0&reg_atr_change_rate_ts_top20==1&reg_atr_change_rate_ts_top30==0&reg_atr_change_rate_ts_top80==0&reg_ema20_gt_ema50_raw==1),e60730741e79,1,42,30,reg_atr_change_rate_ts_band25_75,regime,atr_change_rate,volatility,1
(*)|(*)|(reg_atr_change_rate_ts_band25_75==0&reg_atr_change_rate_ts_band30_70==0&reg_atr_change_rate_ts_top20==1&reg_atr_change_rate_ts_top30==1&reg_atr_change_rate_ts_top80==0&reg_ema20_gt_ema50_raw==1),9726c0c46c19,1,42,24,reg_atr_change_rate_ts_top80,regime,atr_change_rate,volatility,0
(*)|(*)|(reg_atr_change_rate_ts_band25_75==0&reg_atr_change_rate_ts_band30_70==0&reg_atr_change_rate_ts_top20==1&reg_atr_change_rate_ts_top30==1&reg_atr_change_rate_ts_top80==0&reg_ema20_gt_ema50_raw==1),9726c0c46c19,1,42,32,reg_atr_change_rate_ts_band30_70,regime,atr_change_rate,volatility,0
(*)|(*)|(reg_atr_change_rate_ts_band25_75==0&reg_atr_change_rate_ts_band30_70==0&reg_atr_change_rate_ts_top20==1&reg_atr_change_rate_ts_top30==1&reg_atr_change_rate_ts_top80==0&reg_ema20_gt_ema50_raw==1),9726c0c46c19,1,42,432,reg_ema20_gt_ema50_raw,regime,ema20_gt_ema50,trend,1
(*)|(*)|(reg_atr_change_rate_ts_band25_75==0&reg_atr_change_rate_ts_band30_70==0&reg_atr_change_rate_ts_top20==1&reg_atr_change_rate_ts_top30==1&reg_atr_change_rate_ts_top80==0&reg_ema20_gt_ema50_raw==1),9726c0c46c19,1,42,0,reg_atr_change_rate_ts_top20,regime,atr_change_rate,volatility,1
(*)|(*)|(reg_atr_change_rate_ts_band25_75==0&reg_atr_change_rate_ts_band30_70==0&reg_atr_change_rate_ts_top20==1&reg_atr_change_rate_ts_top30==1&reg_atr_change_rate_ts_top80==0&reg_ema20_gt_ema50_raw==1),9726c0c46c19,1,42,4,reg_atr_change_rate_ts_top30,regime,atr_change_rate,volatility,1
(*)|(*)|(reg_atr_change_rate_ts_band25_75==0&reg_atr_change_rate_ts_band30_70==0&reg_atr_change_rate_ts_top20==1&reg_atr_change_rate_ts_top30==1&reg_atr_change_rate_ts_top80==0&reg_ema20_gt_ema50_raw==1),9726c0c46c19,1,42,30,reg_atr_change_rate_ts_band25_75,regime,atr_change_rate,volatility,0
(*)|(*)|(reg_atr_change_rate_ts_band25_75==1&reg_atr_change_rate_ts_band30_70==0&reg_atr_change_rate_ts_top20==1&reg_atr_change_rate_ts_top30==1&reg_atr_change_rate_ts_top80==0&reg_ema20_gt_ema50_raw==1),6882c9a733eb,1,42,24,reg_atr_change_rate_ts_top80,regime,atr_change_rate,volatility,0
(*)|(*)|(reg_atr_change_rate_ts_band25_75==1&reg_atr_change_rate_ts_band30_70==0&reg_atr_change_rate_ts_top20==1&reg_atr_change_rate_ts_top30==1&reg_atr_change_rate_ts_top80==0&reg_ema20_gt_ema50_raw==1),6882c9a733eb,1,42,32,reg_atr_change_rate_ts_band30_70,regime,atr_change_rate,volatility,0
(*)|(*)|(reg_atr_change_rate_ts_band25_75==1&reg_atr_change_rate_ts_band30_70==0&reg_atr_change_rate_ts_top20==1&reg_atr_change_rate_ts_top30==1&reg_atr_change_rate_ts_top80==0&reg_ema20_gt_ema50_raw==1),6882c9a733eb,1,42,432,reg_ema20_gt_ema50_raw,regime,ema20_gt_ema50,trend,1
(*)|(*)|(reg_atr_change_rate_ts_band25_75==1&reg_atr_change_rate_ts_band30_70==0&reg_atr_change_rate_ts_top20==1&reg_atr_change_rate_ts_top30==1&reg_atr_change_rate_ts_top80==0&reg_ema20_gt_ema50_raw==1),6882c9a733eb,1,42,0,reg_atr_change_rate_ts_top20,regime,atr_change_rate,volatility,1
(*)|(*)|(reg_atr_change_rate_ts_band25_75==1&reg_atr_change_rate_ts_band30_70==0&reg_atr_change_rate_ts_top20==1&reg_atr_change_rate_ts_top30==1&reg_atr_change_rate_ts_top80==0&reg_ema20_gt_ema50_raw==1),6882c9a733eb,1,42,4,reg_atr_change_rate_ts_top30,regime,atr_change_rate,volatility,1
(*)|(*)|(reg_atr_change_rate_ts_band25_75==1&reg_atr_change_rate_ts_band30_70==0&reg_atr_change_rate_ts_top20==1&reg_atr_change_rate_ts_top30==1&reg_atr_change_rate_ts_top80==0&reg_ema20_gt_ema50_raw==1),6882c9a733eb,1,42,30,reg_atr_change_rate_ts_band25_75,regime,atr_change_rate,volatility,1
(*)|(*)|(reg_atr_change_rate_ts_band30_70==1&reg_atr_change_rate_ts_top40==0&reg_atr_change_rate_ts_top60==0&reg_atr_change_rate_ts_top80==0),8e3777c4a919,1,42,24,reg_atr_change_rate_ts_top80,regime,atr_change_rate,volatility,0
(*)|(*)|(reg_atr_change_rate_ts_band30_70==1&reg_atr_change_rate_ts_top40==0&reg_atr_change_rate_ts_top60==0&reg_atr_change_rate_ts_top80==0),8e3777c4a919,1,42,32,reg_atr_change_rate_ts_band30_70,regime,atr_change_rate,volatility,1
(*)|(*)|(reg_atr_change_rate_ts_band30_70==1&reg_atr_change_rate_ts_top40==0&reg_atr_change_rate_ts_top60==0&reg_atr_change_rate_ts_top80==0),8e3777c4a919,1,42,16,reg_atr_change_rate_ts_top60,regime,atr_change_rate,volatility,0
(*)|(*)|(reg_atr_change_rate_ts_band30_70==1&reg_atr_change_rate_ts_top40==0&reg_atr_change_rate_ts_top60==0&reg_atr_change_rate_ts_top80==0),8e3777c4a919,1,42,8,reg_atr_change_rate_ts_top40,regime,atr_change_rate,volatility,0
(*)|(*)|(reg_atr_change_rate_ts_band30_70==1&reg_atr_change_rate_ts_top40==1&reg_atr_change_rate_ts_top50==0&reg_atr_change_rate_ts_top60==0&reg_atr_change_rate_ts_top80==0),6be5d59682ed,1,42,24,reg_atr_change_rate_ts_top80,regime,atr_change_rate,volatility,0
(*)|(*)|(reg_atr_change_rate_ts_band30_70==1&reg_atr_change_rate_ts_top40==1&reg_atr_change_rate_ts_top50==0&reg_atr_change_rate_ts_top60==0&reg_atr_change_rate_ts_top80==0),6be5d59682ed,1,42,32,reg_atr_change_rate_ts_band30_70,regime,atr_change_rate,volatility,1
(*)|(*)|(reg_atr_change_rate_ts_band30_70==1&reg_atr_change_rate_ts_top40==1&reg_atr_change_rate_ts_top50==0&reg_atr_change_rate_ts_top60==0&reg_atr_change_rate_ts_top80==0),6be5d59682ed,1,42,16,reg_atr_change_rate_ts_top60,regime,atr_change_rate,volatility,0
(*)|(*)|(reg_atr_change_rate_ts_band30_70==1&reg_atr_change_rate_ts_top40==1&reg_atr_change_rate_ts_top50==0&reg_atr_change_rate_ts_top60==0&reg_atr_change_rate_ts_top80==0),6be5d59682ed,1,42,8,reg_atr_change_rate_ts_top40,regime,atr_change_rate,volatility,1
(*)|(*)|(reg_atr_change_rate_ts_band30_70==1&reg_atr_change_rate_ts_top40==1&reg_atr_change_rate_ts_top50==0&reg_atr_change_rate_ts_top60==0&reg_atr_change_rate_ts_top80==0),6be5d59682ed,1,42,12,reg_atr_change_rate_ts_top50,regime,atr_change_rate,volatility,0
(*)|(*)|(reg_atr_change_rate_ts_band30_70==1&reg_atr_change_rate_ts_top40==1&reg_atr_change_rate_ts_top50==1&reg_atr_change_rate_ts_top60==0&reg_atr_change_rate_ts_top80==0),1782c420efb6,1,42,24,reg_atr_change_rate_ts_top80,regime,atr_change_rate,volatility,0
(*)|(*)|(reg_atr_change_rate_ts_band30_70==1&reg_atr_change_rate_ts_top40==1&reg_atr_change_rate_ts_top50==1&reg_atr_change_rate_ts_top60==0&reg_atr_change_rate_ts_top80==0),1782c420efb6,1,42,32,reg_atr_change_rate_ts_band30_70,regime,atr_change_rate,volatility,1
(*)|(*)|(reg_atr_change_rate_ts_band30_70==1&reg_atr_change_rate_ts_top40==1&reg_atr_change_rate_ts_top50==1&reg_atr_change_rate_ts_top60==0&reg_atr_change_rate_ts_top80==0),1782c420efb6,1,42,16,reg_atr_change_rate_ts_top60,regime,atr_change_rate,volatility,0
(*)|(*)|(reg_atr_change_rate_ts_band30_70==1&reg_atr_change_rate_ts_top40==1&reg_atr_change_rate_ts_top50==1&reg_atr_change_rate_ts_top60==0&reg_atr_change_rate_ts_top80==0),1782c420efb6,1,42,8,reg_atr_change_rate_ts_top40,regime,atr_change_rate,volatility,1
(*)|(*)|(reg_atr_change_rate_ts_band30_70==1&reg_atr_change_rate_ts_top40==1&reg_atr_change_rate_ts_top50==1&reg_atr_change_rate_ts_top60==0&reg_atr_change_rate_ts_top80==0),1782c420efb6,1,42,12,reg_atr_change_rate_ts_top50,regime,atr_change_rate,volatility,1
(*)|(*)|(reg_atr_change_rate_ts_band30_70==1&reg_atr_change_rate_ts_top60==1&reg_atr_change_rate_ts_top80==0),396e1c9d63ea,1,42,24,reg_atr_change_rate_ts_top80,regime,atr_change_rate,volatility,0
(*)|(*)|(reg_atr_change_rate_ts_band30_70==1&reg_atr_change_rate_ts_top60==1&reg_atr_change_rate_ts_top80==0),396e1c9d63ea,1,42,32,reg_atr_change_rate_ts_band30_70,regime,atr_change_rate,volatility,1
(*)|(*)|(reg_atr_change_rate_ts_band30_70==1&reg_atr_change_rate_ts_top60==1&reg_atr_change_rate_ts_top80==0),396e1c9d63ea,1,42,16,reg_atr_change_rate_ts_top60,regime,atr_change_rate,volatility,1
(*)|(*)|(reg_atr_change_rate_ts_top80==1),50e481a0268d,1,42,24,reg_atr_change_rate_ts_top80,regime,atr_change_rate,volatility,1
(*)|(loc_dist_ema20_atr_ts_band25_75==1)|(reg_atr_change_rate_ts_band30_70==0&reg_atr_change_rate_ts_bot20==0&reg_atr_change_rate_ts_top30==0&reg_atr_change_rate_ts_top80==0),97dbf83cd7d6,1,42,24,reg_atr_change_rate_ts_top80,regime,atr_change_rate,volatility,0
(*)|(loc_dist_ema20_atr_ts_band25_75==1)|(reg_atr_change_rate_ts_band30_70==0&reg_atr_change_rate_ts_bot20==0&reg_atr_change_rate_ts_top30==0&reg_atr_change_rate_ts_top80==0),97dbf83cd7d6,1,42,32,reg_atr_change_rate_ts_band30_70,regime,atr_change_rate,volatility,0
(*)|(loc_dist_ema20_atr_ts_band25_75==1)|(reg_atr_change_rate_ts_band30_70==0&reg_atr_change_rate_ts_bot20==0&reg_atr_change_rate_ts_top30==0&reg_atr_change_rate_ts_top80==0),97dbf83cd7d6,1,42,4,reg_atr_change_rate_ts_top30,regime,atr_change_rate,volatility,0
(*)|(loc_dist_ema20_atr_ts_band25_75==1)|(reg_atr_change_rate_ts_band30_70==0&reg_atr_change_rate_ts_bot20==0&reg_atr_change_rate_ts_top30==0&reg_atr_change_rate_ts_top80==0),97dbf83cd7d6,1,42,2,reg_atr_change_rate_ts_bot20,regime,atr_change_rate,volatility,0
(*)|(loc_dist_ema20_atr_ts_band25_75==1)|(reg_atr_change_rate_ts_band30_70==0&reg_atr_change_rate_ts_bot20==0&reg_atr_change_rate_ts_top30==0&reg_atr_change_rate_ts_top80==0),97dbf83cd7d6,1,42,31,loc_dist_ema20_atr_ts_band25_75,location,dist_ema20_atr,context,1
(*)|(*)|(reg_atr_change_rate_ts_band30_70==0&reg_atr_change_rate_ts_bot20==1&reg_atr_change_rate_ts_top30==0&reg_atr_change_rate_ts_top80==0&reg_ema20_gt_ema50_raw==0),a118333e5ff1,1,42,24,reg_atr_change_rate_ts_top80,regime,atr_change_rate,volatility,0
(*)|(*)|(reg_atr_change_rate_ts_band30_70==0&reg_atr_change_rate_ts_bot20==1&reg_atr_change_rate_ts_top30==0&reg_atr_change_rate_ts_top80==0&reg_ema20_gt_ema50_raw==0),a118333e5ff1,1,42,32,reg_atr_change_rate_ts_band30_70,regime,atr_change_rate,volatility,0
(*)|(*)|(reg_atr_change_rate_ts_band30_70==0&reg_atr_change_rate_ts_bot20==1&reg_atr_change_rate_ts_top30==0&reg_atr_change_rate_ts_top80==0&reg_ema20_gt_ema50_raw==0),a118333e5ff1,1,42,4,reg_atr_change_rate_ts_top30,regime,atr_change_rate,volatility,0
(*)|(*)|(reg_atr_change_rate_ts_band30_70==0&reg_atr_change_rate_ts_bot20==1&reg_atr_change_rate_ts_top30==0&reg_atr_change_rate_ts_top80==0&reg_ema20_gt_ema50_raw==0),a118333e5ff1,1,42,2,reg_atr_change_rate_ts_bot20,regime,atr_change_rate,volatility,1
(*)|(*)|(reg_atr_change_rate_ts_band30_70==0&reg_atr_change_rate_ts_bot20==1&reg_atr_change_rate_ts_top30==0&reg_atr_change_rate_ts_top80==0&reg_ema20_gt_ema50_raw==0),a118333e5ff1,1,42,432,reg_ema20_gt_ema50_raw,regime,ema20_gt_ema50,trend,0
(*)|(*)|(reg_atr_change_rate_ts_band30_70==0&reg_atr_change_rate_ts_bot20==1&reg_atr_change_rate_ts_top30==0&reg_atr_change_rate_ts_top80==0&reg_ema20_gt_ema50_raw==1),d5e97423fbc3,1,42,24,reg_atr_change_rate_ts_top80,regime,atr_change_rate,volatility,0
(*)|(*)|(reg_atr_change_rate_ts_band30_70==0&reg_atr_change_rate_ts_bot20==1&reg_atr_change_rate_ts_top30==0&reg_atr_change_rate_ts_top80==0&reg_ema20_gt_ema50_raw==1),d5e97423fbc3,1,42,32,reg_atr_change_rate_ts_band30_70,regime,atr_change_rate,volatility,0
(*)|(*)|(reg_atr_change_rate_ts_band30_70==0&reg_atr_change_rate_ts_bot20==1&reg_atr_change_rate_ts_top30==0&reg_atr_change_rate_ts_top80==0&reg_ema20_gt_ema50_raw==1),d5e97423fbc3,1,42,4,reg_atr_change_rate_ts_top30,regime,atr_change_rate,volatility,0
(*)|(*)|(reg_atr_change_rate_ts_band30_70==0&reg_atr_change_rate_ts_bot20==1&reg_atr_change_rate_ts_top30==0&reg_atr_change_rate_ts_top80==0&reg_ema20_gt_ema50_raw==1),d5e97423fbc3,1,42,2,reg_atr_change_rate_ts_bot20,regime,atr_change_rate,volatility,1
(*)|(*)|(reg_atr_change_rate_ts_band30_70==0&reg_atr_change_rate_ts_bot20==1&reg_atr_change_rate_ts_top30==0&reg_atr_change_rate_ts_top80==0&reg_ema20_gt_ema50_raw==1),d5e97423fbc3,1,42,432,reg_ema20_gt_ema50_raw,regime,ema20_gt_ema50,trend,1
(*)|(loc_dist_ema20_atr_ts_band25_75==0)|(reg_atr_change_rate_ts_band30_70==0&reg_atr_change_rate_ts_top30==1&reg_atr_change_rate_ts_top80==0),e3157bc44a33,1,42,24,reg_atr_change_rate_ts_top80,regime,atr_change_rate,volatility,0
(*)|(loc_dist_ema20_atr_ts_band25_75==0)|(reg_atr_change_rate_ts_band30_70==0&reg_atr_change_rate_ts_top30==1&reg_atr_change_rate_ts_top80==0),e3157bc44a33,1,42,32,reg_atr_change_rate_ts_band30_70,regime,atr_change_rate,volatility,0
(*)|(loc_dist_ema20_atr_ts_band25_75==0)|(reg_atr_change_rate_ts_band30_70==0&reg_atr_change_rate_ts_top30==1&reg_atr_change_rate_ts_top80==0),e3157bc44a33,1,42,4,reg_atr_change_rate_ts_top30,regime,atr_change_rate,volatility,1
(*)|(loc_dist_ema20_atr_ts_band25_75==0)|(reg_atr_change_rate_ts_band30_70==0&reg_atr_change_rate_ts_top30==1&reg_atr_change_rate_ts_top80==0),e3157bc44a33,1,42,31,loc_dist_ema20_atr_ts_band25_75,location,dist_ema20_atr,context,0
(*)|(loc_dist_ema20_atr_ts_band25_75==1)|(reg_atr_change_rate_ts_band30_70==0&reg_atr_change_rate_ts_top30==1&reg_atr_change_rate_ts_top80==0),ca7b4231de0f,1,42,24,reg_atr_change_rate_ts_top80,regime,atr_change_rate,volatility,0
(*)|(loc_dist_ema20_atr_ts_band25_75==1)|(reg_atr_change_rate_ts_band30_70==0&reg_atr_change_rate_ts_top30==1&reg_atr_change_rate_ts_top80==0),ca7b4231de0f,1,42,32,reg_atr_change_rate_ts_band30_70,regime,atr_change_rate,volatility,0
(*)|(loc_dist_ema20_atr_ts_band25_75==1)|(reg_atr_change_rate_ts_band30_70==0&reg_atr_change_rate_ts_top30==1&reg_atr_change_rate_ts_top80==0),ca7b4231de0f,1,42,4,reg_atr_change_rate_ts_top30,regime,atr_change_rate,volatility,1
(*)|(loc_dist_ema20_atr_ts_band25_75==1)|(reg_atr_change_rate_ts_band30_70==0&reg_atr_change_rate_ts_top30==1&reg_atr_change_rate_ts_top80==0),ca7b4231de0f,1,42,31,loc_dist_ema20_atr_ts_band25_75,location,dist_ema20_atr,context,1
(*)|(loc_dist_ema20_atr_ts_top50==0)|(reg_atr_change_rate_ts_band30_70==1&reg_atr_change_rate_ts_bot40==0&reg_atr_change_rate_ts_top60==0&reg_atr_change_rate_ts_top80==0),d4e5969e8834,1,42,24,reg_atr_change_rate_ts_top80,regime,atr_change_rate,volatility,0
(*)|(loc_dist_ema20_atr_ts_top50==0)|(reg_atr_change_rate_ts_band30_70==1&reg_atr_change_rate_ts_bot40==0&reg_atr_change_rate_ts_top60==0&reg_atr_change_rate_ts_top80==0),d4e5969e8834,1,42,32,reg_atr_change_rate_ts_band30_70,regime,atr_change_rate,volatility,1
(*)|(loc_dist_ema20_atr_ts_top50==0)|(reg_atr_change_rate_ts_band30_70==1&reg_atr_change_rate_ts_bot40==0&reg_atr_change_rate_ts_top60==0&reg_atr_change_rate_ts_top80==0),d4e5969e8834,1,42,16,reg_atr_change_rate_ts_top60,regime,atr_change_rate,volatility,0
(*)|(loc_dist_ema20_atr_ts_top50==0)|(reg_atr_change_rate_ts_band30_70==1&reg_atr_change_rate_ts_bot40==0&reg_atr_change_rate_ts_top60==0&reg_atr_change_rate_ts_top80==0),d4e5969e8834,1,42,10,reg_atr_change_rate_ts_bot40,regime,atr_change_rate,volatility,0
(*)|(loc_dist_ema20_atr_ts_top50==0)|(reg_atr_change_rate_ts_band30_70==1&reg_atr_change_rate_ts_bot40==0&reg_atr_change_rate_ts_top60==0&reg_atr_change_rate_ts_top80==0),d4e5969e8834,1,42,13,loc_dist_ema20_atr_ts_top50,location,dist_ema20_atr,context,0
(*)|(loc_dist_ema20_atr_ts_top50==1)|(reg_atr_change_rate_ts_band30_70==1&reg_atr_change_rate_ts_bot40==0&reg_atr_change_rate_ts_top60==0&reg_atr_change_rate_ts_top80==0),8d92f0b12d24,1,42,24,reg_atr_change_rate_ts_top80,regime,atr_change_rate,volatility,0
(*)|(loc_dist_ema20_atr_ts_top50==1)|(reg_atr_change_rate_ts_band30_70==1&reg_atr_change_rate_ts_bot40==0&reg_atr_change_rate_ts_top60==0&reg_atr_change_rate_ts_top80==0),8d92f0b12d24,1,42,32,reg_atr_change_rate_ts_band30_70,regime,atr_change_rate,volatility,1
(*)|(loc_dist_ema20_atr_ts_top50==1)|(reg_atr_change_rate_ts_band30_70==1&reg_atr_change_rate_ts_bot40==0&reg_atr_change_rate_ts_top60==0&reg_atr_change_rate_ts_top80==0),8d92f0b12d24,1,42,16,reg_atr_change_rate_ts_top60,regime,atr_change_rate,volatility,0
(*)|(loc_dist_ema20_atr_ts_top50==1)|(reg_atr_change_rate_ts_band30_70==1&reg_atr_change_rate_ts_bot40==0&reg_atr_change_rate_ts_top60==0&reg_atr_change_rate_ts_top80==0),8d92f0b12d24,1,42,10,reg_atr_change_rate_ts_bot40,regime,atr_change_rate,volatility,0
(*)|(loc_dist_ema20_atr_ts_top50==1)|(reg_atr_change_rate_ts_band30_70==1&reg_atr_change_rate_ts_bot40==0&reg_atr_change_rate_ts_top60==0&reg_atr_change_rate_ts_top80==0),8d92f0b12d24,1,42,13,loc_dist_ema20_atr_ts_top50,location,dist_ema20_atr,context,1
(*)|(*)|(reg_atr_change_rate_ts_band30_70==1&reg_atr_change_rate_ts_bot40==1&reg_atr_change_rate_ts_top60==0&reg_atr_change_rate_ts_top80==0),1920b1ae63ce,1,42,24,reg_atr_change_rate_ts_top80,regime,atr_change_rate,volatility,0
(*)|(*)|(reg_atr_change_rate_ts_band30_70==1&reg_atr_change_rate_ts_bot40==1&reg_atr_change_rate_ts_top60==0&reg_atr_change_rate_ts_top80==0),1920b1ae63ce,1,42,32,reg_atr_change_rate_ts_band30_70,regime,atr_change_rate,volatility,1
(*)|(*)|(reg_atr_change_rate_ts_band30_70==1&reg_atr_change_rate_ts_bot40==1&reg_atr_change_rate_ts_top60==0&reg_atr_change_rate_ts_top80==0),1920b1ae63ce,1,42,16,reg_atr_change_rate_ts_top60,regime,atr_change_rate,volatility,0
(*)|(*)|(reg_atr_change_rate_ts_band30_70==1&reg_atr_change_rate_ts_bot40==1&reg_atr_change_rate_ts_top60==0&reg_atr_change_rate_ts_top80==0),1920b1ae63ce,1,42,10,reg_atr_change_rate_ts_bot40,regime,atr_change_rate,volatility,1
(*)|(*)|(reg_atr_change_rate_ts_band30_70==1&reg_atr_change_rate_ts_top60==1&reg_atr_change_rate_ts_top80==0),1854f40e1b19,1,42,24,reg_atr_change_rate_ts_top80,regime,atr_change_rate,volatility,0
(*)|(*)|(reg_atr_change_rate_ts_band30_70==1&reg_atr_change_rate_ts_top60==1&reg_atr_change_rate_ts_top80==0),1854f40e1b19,1,42,32,reg_atr_change_rate_ts_band30_70,regime,atr_change_rate,volatility,1
(*)|(*)|(reg_atr_change_rate_ts_band30_70==1&reg_atr_change_rate_ts_top60==1&reg_atr_change_rate_ts_top80==0),1854f40e1b19,1,42,16,reg_atr_change_rate_ts_top60,regime,atr_change_rate,volatility,1
(*)|(*)|(reg_atr_change_rate_ts_top80==1),cc3fa919a987,1,42,24,reg_atr_change_rate_ts_top80,regime,atr_change_rate,volatility,1
(*)|(*)|(reg_atr_change_rate_ts_bot80==1&reg_atr_change_rate_ts_top20==0&reg_atr_change_rate_ts_top60==0&reg_ema20_gt_ema50_raw==0),f7fa6d0ff836,1,42,26,reg_atr_change_rate_ts_bot80,regime,atr_change_rate,volatility,1
(*)|(*)|(reg_atr_change_rate_ts_bot80==1&reg_atr_change_rate_ts_top20==0&reg_atr_change_rate_ts_top60==0&reg_ema20_gt_ema50_raw==0),f7fa6d0ff836,1,42,16,reg_atr_change_rate_ts_top60,regime,atr_change_rate,volatility,0
(*)|(*)|(reg_atr_change_rate_ts_bot80==1&reg_atr_change_rate_ts_top20==0&reg_atr_change_rate_ts_top60==0&reg_ema20_gt_ema50_raw==0),f7fa6d0ff836,1,42,0,reg_atr_change_rate_ts_top20,regime,atr_change_rate,volatility,0
(*)|(*)|(reg_atr_change_rate_ts_bot80==1&reg_atr_change_rate_ts_top20==0&reg_atr_change_rate_ts_top60==0&reg_ema20_gt_ema50_raw==0),f7fa6d0ff836,1,42,432,reg_ema20_gt_ema50_raw,regime,ema20_gt_ema50,trend,0
(*)|(*)|(reg_atr_change_rate_ts_bot80==1&reg_atr_change_rate_ts_top20==0&reg_atr_change_rate_ts_top60==0&reg_ema20_gt_ema50_raw==1),4a7fbfeadfb8,1,42,26,reg_atr_change_rate_ts_bot80,regime,atr_change_rate,volatility,1
(*)|(*)|(reg_atr_change_rate_ts_bot80==1&reg_atr_change_rate_ts_top20==0&reg_atr_change_rate_ts_top60==0&reg_ema20_gt_ema50_raw==1),4a7fbfeadfb8,1,42,16,reg_atr_change_rate_ts_top60,regime,atr_change_rate,volatility,0
(*)|(*)|(reg_atr_change_rate_ts_bot80==1&reg_atr_change_rate_ts_top20==0&reg_atr_change_rate_ts_top60==0&reg_ema20_gt_ema50_raw==1),4a7fbfeadfb8,1,42,0,reg_atr_change_rate_ts_top20,regime,atr_change_rate,volatility,0
(*)|(*)|(reg_atr_change_rate_ts_bot80==1&reg_atr_change_rate_ts_top20==0&reg_atr_change_rate_ts_top60==0&reg_ema20_gt_ema50_raw==1),4a7fbfeadfb8,1,42,432,reg_ema20_gt_ema50_raw,regime,ema20_gt_ema50,trend,1
(*)|(*)|(reg_atr_change_rate_ts_band25_75==0&reg_atr_change_rate_ts_bot80==1&reg_atr_change_rate_ts_top20==1&reg_atr_change_rate_ts_top60==0),9a05a0b0dbe0,1,42,26,reg_atr_change_rate_ts_bot80,regime,atr_change_rate,volatility,1
(*)|(*)|(reg_atr_change_rate_ts_band25_75==0&reg_atr_change_rate_ts_bot80==1&reg_atr_change_rate_ts_top20==1&reg_atr_change_rate_ts_top60==0),9a05a0b0dbe0,1,42,16,reg_atr_change_rate_ts_top60,regime,atr_change_rate,volatility,0
(*)|(*)|(reg_atr_change_rate_ts_band25_75==0&reg_atr_change_rate_ts_bot80==1&reg_atr_change_rate_ts_top20==1&reg_atr_change_rate_ts_top60==0),9a05a0b0dbe0,1,42,0,reg_atr_change_rate_ts_top20,regime,atr_change_rate,volatility,1
(*)|(*)|(reg_atr_change_rate_ts_band25_75==0&reg_atr_change_rate_ts_bot80==1&reg_atr_change_rate_ts_top20==1&reg_atr_change_rate_ts_top60==0),9a05a0b0dbe0,1,42,30,reg_atr_change_rate_ts_band25_75,regime,atr_change_rate,volatility,0
(*)|(*)|(reg_atr_change_rate_ts_band25_75==1&reg_atr_change_rate_ts_bot80==1&reg_atr_change_rate_ts_top20==1&reg_atr_change_rate_ts_top30==0&reg_atr_change_rate_ts_top60==0),670b4027ff04,1,42,26,reg_atr_change_rate_ts_bot80,regime,atr_change_rate,volatility,1
(*)|(*)|(reg_atr_change_rate_ts_band25_75==1&reg_atr_change_rate_ts_bot80==1&reg_atr_change_rate_ts_top20==1&reg_atr_change_rate_ts_top30==0&reg_atr_change_rate_ts_top60==0),670b4027ff04,1,42,16,reg_atr_change_rate_ts_top60,regime,atr_change_rate,volatility,0
(*)|(*)|(reg_atr_change_rate_ts_band25_75==1&reg_atr_change_rate_ts_bot80==1&reg_atr_change_rate_ts_top20==1&reg_atr_change_rate_ts_top30==0&reg_atr_change_rate_ts_top60==0),670b4027ff04,1,42,0,reg_atr_change_rate_ts_top20,regime,atr_change_rate,volatility,1
(*)|(*)|(reg_atr_change_rate_ts_band25_75==1&reg_atr_change_rate_ts_bot80==1&reg_atr_change_rate_ts_top20==1&reg_atr_change_rate_ts_top30==0&reg_atr_change_rate_ts_top60==0),670b4027ff04,1,42,30,reg_atr_change_rate_ts_band25_75,regime,atr_change_rate,volatility,1
(*)|(*)|(reg_atr_change_rate_ts_band25_75==1&reg_atr_change_rate_ts_bot80==1&reg_atr_change_rate_ts_top20==1&reg_atr_change_rate_ts_top30==0&reg_atr_change_rate_ts_top60==0),670b4027ff04,1,42,4,reg_atr_change_rate_ts_top30,regime,atr_change_rate,volatility,0
(*)|(loc_dist_ema20_atr_ts_top50==0)|(reg_atr_change_rate_ts_band25_75==1&reg_atr_change_rate_ts_bot80==1&reg_atr_change_rate_ts_top20==1&reg_atr_change_rate_ts_top30==1&reg_atr_change_rate_ts_top60==0),3b2acc545682,1,42,26,reg_atr_change_rate_ts_bot80,regime,atr_change_rate,volatility,1
(*)|(loc_dist_ema20_atr_ts_top50==0)|(reg_atr_change_rate_ts_band25_75==1&reg_atr_change_rate_ts_bot80==1&reg_atr_change_rate_ts_top20==1&reg_atr_change_rate_ts_top30==1&reg_atr_change_rate_ts_top60==0),3b2acc545682,1,42,16,reg_atr_change_rate_ts_top60,regime,atr_change_rate,volatility,0
(*)|(loc_dist_ema20_atr_ts_top50==0)|(reg_atr_change_rate_ts_band25_75==1&reg_atr_change_rate_ts_bot80==1&reg_atr_change_rate_ts_top20==1&reg_atr_change_rate_ts_top30==1&reg_atr_change_rate_ts_top60==0),3b2acc545682,1,42,0,reg_atr_change_rate_ts_top20,regime,atr_change_rate,volatility,1
(*)|(loc_dist_ema20_atr_ts_top50==0)|(reg_atr_change_rate_ts_band25_75==1&reg_atr_change_rate_ts_bot80==1&reg_atr_change_rate_ts_top20==1&reg_atr_change_rate_ts_top30==1&reg_atr_change_rate_ts_top60==0),3b2acc545682,1,42,30,reg_atr_change_rate_ts_band25_75,regime,atr_change_rate,volatility,1
(*)|(loc_dist_ema20_atr_ts_top50==0)|(reg_atr_change_rate_ts_band25_75==1&reg_atr_change_rate_ts_bot80==1&reg_atr_change_rate_ts_top20==1&reg_atr_change_rate_ts_top30==1&reg_atr_change_rate_ts_top60==0),3b2acc545682,1,42,4,reg_atr_change_rate_ts_top30,regime,atr_change_rate,volatility,1
(*)|(loc_dist_ema20_atr_ts_top50==0)|(reg_atr_change_rate_ts_band25_75==1&reg_atr_change_rate_ts_bot80==1&reg_atr_change_rate_ts_top20==1&reg_atr_change_rate_ts_top30==1&reg_atr_change_rate_ts_top60==0),3b2acc545682,1,42,13,loc_dist_ema20_atr_ts_top50,location,dist_ema20_atr,context,0
(*)|(loc_dist_ema20_atr_ts_top50==1)|(reg_atr_change_rate_ts_band25_75==1&reg_atr_change_rate_ts_bot80==1&reg_atr_change_rate_ts_top20==1&reg_atr_change_rate_ts_top30==1&reg_atr_change_rate_ts_top60==0),8be682e5d429,1,42,26,reg_atr_change_rate_ts_bot80,regime,atr_change_rate,volatility,1
(*)|(loc_dist_ema20_atr_ts_top50==1)|(reg_atr_change_rate_ts_band25_75==1&reg_atr_change_rate_ts_bot80==1&reg_atr_change_rate_ts_top20==1&reg_atr_change_rate_ts_top30==1&reg_atr_change_rate_ts_top60==0),8be682e5d429,1,42,16,reg_atr_change_rate_ts_top60,regime,atr_change_rate,volatility,0
(*)|(loc_dist_ema20_atr_ts_top50==1)|(reg_atr_change_rate_ts_band25_75==1&reg_atr_change_rate_ts_bot80==1&reg_atr_change_rate_ts_top20==1&reg_atr_change_rate_ts_top30==1&reg_atr_change_rate_ts_top60==0),8be682e5d429,1,42,0,reg_atr_change_rate_ts_top20,regime,atr_change_rate,volatility,1
(*)|(loc_dist_ema20_atr_ts_top50==1)|(reg_atr_change_rate_ts_band25_75==1&reg_atr_change_rate_ts_bot80==1&reg_atr_change_rate_ts_top20==1&reg_atr_change_rate_ts_top30==1&reg_atr_change_rate_ts_top60==0),8be682e5d429,1,42,30,reg_atr_change_rate_ts_band25_75,regime,atr_change_rate,volatility,1
(*)|(loc_dist_ema20_atr_ts_top50==1)|(reg_atr_change_rate_ts_band25_75==1&reg_atr_change_rate_ts_bot80==1&reg_atr_change_rate_ts_top20==1&reg_atr_change_rate_ts_top30==1&reg_atr_change_rate_ts_top60==0),8be682e5d429,1,42,4,reg_atr_change_rate_ts_top30,regime,atr_change_rate,volatility,1
(*)|(loc_dist_ema20_atr_ts_top50==1)|(reg_atr_change_rate_ts_band25_75==1&reg_atr_change_rate_ts_bot80==1&reg_atr_change_rate_ts_top20==1&reg_atr_change_rate_ts_top30==1&reg_atr_change_rate_ts_top60==0),8be682e5d429,1,42,13,loc_dist_ema20_atr_ts_top50,location,dist_ema20_atr,context,1
(*)|(loc_dist_ema20_atr_ts_top70==0)|(reg_atr_change_rate_ts_bot80==1&reg_atr_change_rate_ts_top60==1),faf1561848d1,1,42,26,reg_atr_change_rate_ts_bot80,regime,atr_change_rate,volatility,1
(*)|(loc_dist_ema20_atr_ts_top70==0)|(reg_atr_change_rate_ts_bot80==1&reg_atr_change_rate_ts_top60==1),faf1561848d1,1,42,16,reg_atr_change_rate_ts_top60,regime,atr_change_rate,volatility,1
(*)|(loc_dist_ema20_atr_ts_top70==0)|(reg_atr_change_rate_ts_bot80==1&reg_atr_change_rate_ts_top60==1),faf1561848d1,1,42,21,loc_dist_ema20_atr_ts_top70,location,dist_ema20_atr,context,0
(*)|(loc_dist_ema20_atr_ts_top70==1)|(reg_atr_change_rate_ts_band25_75==0&reg_atr_change_rate_ts_bot80==1&reg_atr_change_rate_ts_top60==1),2b8d02b6f9ea,1,42,26,reg_atr_change_rate_ts_bot80,regime,atr_change_rate,volatility,1
(*)|(loc_dist_ema20_atr_ts_top70==1)|(reg_atr_change_rate_ts_band25_75==0&reg_atr_change_rate_ts_bot80==1&reg_atr_change_rate_ts_top60==1),2b8d02b6f9ea,1,42,16,reg_atr_change_rate_ts_top60,regime,atr_change_rate,volatility,1
(*)|(loc_dist_ema20_atr_ts_top70==1)|(reg_atr_change_rate_ts_band25_75==0&reg_atr_change_rate_ts_bot80==1&reg_atr_change_rate_ts_top60==1),2b8d02b6f9ea,1,42,30,reg_atr_change_rate_ts_band25_75,regime,atr_change_rate,volatility,0
(*)|(loc_dist_ema20_atr_ts_top70==1)|(reg_atr_change_rate_ts_band25_75==0&reg_atr_change_rate_ts_bot80==1&reg_atr_change_rate_ts_top60==1),2b8d02b6f9ea,1,42,21,loc_dist_ema20_atr_ts_top70,location,dist_ema20_atr,context,1
(*)|(loc_dist_ema20_atr_ts_top70==1)|(reg_atr_change_rate_ts_band25_75==1&reg_atr_change_rate_ts_bot80==1&reg_atr_change_rate_ts_top60==1),27b1d95e4e4c,1,42,26,reg_atr_change_rate_ts_bot80,regime,atr_change_rate,volatility,1
(*)|(loc_dist_ema20_atr_ts_top70==1)|(reg_atr_change_rate_ts_band25_75==1&reg_atr_change_rate_ts_bot80==1&reg_atr_change_rate_ts_top60==1),27b1d95e4e4c,1,42,16,reg_atr_change_rate_ts_top60,regime,atr_change_rate,volatility,1
(*)|(loc_dist_ema20_atr_ts_top70==1)|(reg_atr_change_rate_ts_band25_75==1&reg_atr_change_rate_ts_bot80==1&reg_atr_change_rate_ts_top60==1),27b1d95e4e4c,1,42,30,reg_atr_change_rate_ts_band25_75,regime,atr_change_rate,volatility,1
(*)|(loc_dist_ema20_atr_ts_top70==1)|(reg_atr_change_rate_ts_band25_75==1&reg_atr_change_rate_ts_bot80==1&reg_atr_change_rate_ts_top60==1),27b1d95e4e4c,1,42,21,loc_dist_ema20_atr_ts_top70,location,dist_ema20_atr,context,1
(*)|(loc_dist_ema20_atr_ts_band25_75==0)|(reg_atr_change_rate_ts_top20==0&reg_atr_change_rate_ts_top30==0&reg_ema20_gt_ema50_raw==1),a1f8379c6310,1,42,4,reg_atr_change_rate_ts_top30,regime,atr_change_rate,volatility,0
(*)|(loc_dist_ema20_atr_ts_band25_75==0)|(reg_atr_change_rate_ts_top20==0&reg_atr_change_rate_ts_top30==0&reg_ema20_gt_ema50_raw==1),a1f8379c6310,1,42,432,reg_ema20_gt_ema50_raw,regime,ema20_gt_ema50,trend,1
(*)|(loc_dist_ema20_atr_ts_band25_75==0)|(reg_atr_change_rate_ts_top20==0&reg_atr_change_rate_ts_top30==0&reg_ema20_gt_ema50_raw==1),a1f8379c6310,1,42,0,reg_atr_change_rate_ts_top20,regime,atr_change_rate,volatility,0
(*)|(loc_dist_ema20_atr_ts_band25_75==0)|(reg_atr_change_rate_ts_top20==0&reg_atr_change_rate_ts_top30==0&reg_ema20_gt_ema50_raw==1),a1f8379c6310,1,42,31,loc_dist_ema20_atr_ts_band25_75,location,dist_ema20_atr,context,0
(*)|(loc_dist_ema20_atr_ts_band25_75==0)|(reg_atr_change_rate_ts_top20==1&reg_atr_change_rate_ts_top30==0&reg_ema20_gt_ema50_raw==1),6e86ecf8d576,1,42,4,reg_atr_change_rate_ts_top30,regime,atr_change_rate,volatility,0
(*)|(loc_dist_ema20_atr_ts_band25_75==0)|(reg_atr_change_rate_ts_top20==1&reg_atr_change_rate_ts_top30==0&reg_ema20_gt_ema50_raw==1),6e86ecf8d576,1,42,432,reg_ema20_gt_ema50_raw,regime,ema20_gt_ema50,trend,1
(*)|(loc_dist_ema20_atr_ts_band25_75==0)|(reg_atr_change_rate_ts_top20==1&reg_atr_change_rate_ts_top30==0&reg_ema20_gt_ema50_raw==1),6e86ecf8d576,1,42,0,reg_atr_change_rate_ts_top20,regime,atr_change_rate,volatility,1
(*)|(loc_dist_ema20_atr_ts_band25_75==0)|(reg_atr_change_rate_ts_top20==1&reg_atr_change_rate_ts_top30==0&reg_ema20_gt_ema50_raw==1),6e86ecf8d576,1,42,31,loc_dist_ema20_atr_ts_band25_75,location,dist_ema20_atr,context,0
(*)|(loc_dist_ema20_atr_ts_band25_75==1)|(reg_atr_change_rate_ts_top30==0&reg_ema20_gt_ema50_raw==1),956fb47f4760,1,42,4,reg_atr_change_rate_ts_top30,regime,atr_change_rate,volatility,0
(*)|(loc_dist_ema20_atr_ts_band25_75==1)|(reg_atr_change_rate_ts_top30==0&reg_ema20_gt_ema50_raw==1),956fb47f4760,1,42,432,reg_ema20_gt_ema50_raw,regime,ema20_gt_ema50,trend,1
(*)|(loc_dist_ema20_atr_ts_band25_75==1)|(reg_atr_change_rate_ts_top30==0&reg_ema20_gt_ema50_raw==1),956fb47f4760,1,42,31,loc_dist_ema20_atr_ts_band25_75,location,dist_ema20_atr,context,1
(*)|(loc_dist_ema20_atr_ts_bot80==0)|(reg_atr_change_rate_ts_top30==1),05bfa4dfa768,1,42,4,reg_atr_change_rate_ts_top30,regime,atr_change_rate,volatility,1
(*)|(loc_dist_ema20_atr_ts_bot80==0)|(reg_atr_change_rate_ts_top30==1),05bfa4dfa768,1,42,27,loc_dist_ema20_atr_ts_bot80,location,dist_ema20_atr,context,0
(*)|(loc_dist_ema20_atr_ts_band25_75==0&loc_dist_ema20_atr_ts_band30_70==0&loc_dist_ema20_atr_ts_bot80==1)|(reg_atr_change_rate_ts_top30==1),c82a20317cc8,1,42,4,reg_atr_change_rate_ts_top30,regime,atr_change_rate,volatility,1
(*)|(loc_dist_ema20_atr_ts_band25_75==0&loc_dist_ema20_atr_ts_band30_70==0&loc_dist_ema20_atr_ts_bot80==1)|(reg_atr_change_rate_ts_top30==1),c82a20317cc8,1,42,27,loc_dist_ema20_atr_ts_bot80,location,dist_ema20_atr,context,1
(*)|(loc_dist_ema20_atr_ts_band25_75==0&loc_dist_ema20_atr_ts_band30_70==0&loc_dist_ema20_atr_ts_bot80==1)|(reg_atr_change_rate_ts_top30==1),c82a20317cc8,1,42,33,loc_dist_ema20_atr_ts_band30_70,location,dist_ema20_atr,context,0
(*)|(loc_dist_ema20_atr_ts_band25_75==0&loc_dist_ema20_atr_ts_band30_70==0&loc_dist_ema20_atr_ts_bot80==1)|(reg_atr_change_rate_ts_top30==1),c82a20317cc8,1,42,31,loc_dist_ema20_atr_ts_band25_75,location,dist_ema20_atr,context,0
(*)|(loc_dist_ema20_atr_ts_band25_75==1&loc_dist_ema20_atr_ts_band30_70==0&loc_dist_ema20_atr_ts_bot80==1)|(reg_atr_change_rate_ts_top30==1),41ff0fe28d81,1,42,4,reg_atr_change_rate_ts_top30,regime,atr_change_rate,volatility,1
(*)|(loc_dist_ema20_atr_ts_band25_75==1&loc_dist_ema20_atr_ts_band30_70==0&loc_dist_ema20_atr_ts_bot80==1)|(reg_atr_change_rate_ts_top30==1),41ff0fe28d81,1,42,27,loc_dist_ema20_atr_ts_bot80,location,dist_ema20_atr,context,1
(*)|(loc_dist_ema20_atr_ts_band25_75==1&loc_dist_ema20_atr_ts_band30_70==0&loc_dist_ema20_atr_ts_bot80==1)|(reg_atr_change_rate_ts_top30==1),41ff0fe28d81,1,42,33,loc_dist_ema20_atr_ts_band30_70,location,dist_ema20_atr,context,0
(*)|(loc_dist_ema20_atr_ts_band25_75==1&loc_dist_ema20_atr_ts_band30_70==0&loc_dist_ema20_atr_ts_bot80==1)|(reg_atr_change_rate_ts_top30==1),41ff0fe28d81,1,42,31,loc_dist_ema20_atr_ts_band25_75,location,dist_ema20_atr,context,1
(*)|(loc_dist_ema20_atr_ts_band30_70==1&loc_dist_ema20_atr_ts_bot80==1)|(reg_atr_change_rate_ts_top30==1&reg_atr_change_rate_ts_top40==0&reg_atr_change_rate_ts_top60==0),ca4860f1eca1,1,42,4,reg_atr_change_rate_ts_top30,regime,atr_change_rate,volatility,1
(*)|(loc_dist_ema20_atr_ts_band30_70==1&loc_dist_ema20_atr_ts_bot80==1)|(reg_atr_change_rate_ts_top30==1&reg_atr_change_rate_ts_top40==0&reg_atr_change_rate_ts_top60==0),ca4860f1eca1,1,42,16,reg_atr_change_rate_ts_top60,regime,atr_change_rate,volatility,0
(*)|(loc_dist_ema20_atr_ts_band30_70==1&loc_dist_ema20_atr_ts_bot80==1)|(reg_atr_change_rate_ts_top30==1&reg_atr_change_rate_ts_top40==0&reg_atr_change_rate_ts_top60==0),ca4860f1eca1,1,42,8,reg_atr_change_rate_ts_top40,regime,atr_change_rate,volatility,0
(*)|(loc_dist_ema20_atr_ts_band30_70==1&loc_dist_ema20_atr_ts_bot80==1)|(reg_atr_change_rate_ts_top30==1&reg_atr_change_rate_ts_top40==0&reg_atr_change_rate_ts_top60==0),ca4860f1eca1,1,42,27,loc_dist_ema20_atr_ts_bot80,location,dist_ema20_atr,context,1
(*)|(loc_dist_ema20_atr_ts_band30_70==1&loc_dist_ema20_atr_ts_bot80==1)|(reg_atr_change_rate_ts_top30==1&reg_atr_change_rate_ts_top40==0&reg_atr_change_rate_ts_top60==0),ca4860f1eca1,1,42,33,loc_dist_ema20_atr_ts_band30_70,location,dist_ema20_atr,context,1
(*)|(loc_dist_ema20_atr_ts_band30_70==1&loc_dist_ema20_atr_ts_bot80==1&loc_dist_ema20_atr_ts_top50==0)|(reg_atr_change_rate_ts_top30==1&reg_atr_change_rate_ts_top40==1&reg_atr_change_rate_ts_top60==0),4a5d459fd5b5,1,42,4,reg_atr_change_rate_ts_top30,regime,atr_change_rate,volatility,1
(*)|(loc_dist_ema20_atr_ts_band30_70==1&loc_dist_ema20_atr_ts_bot80==1&loc_dist_ema20_atr_ts_top50==0)|(reg_atr_change_rate_ts_top30==1&reg_atr_change_rate_ts_top40==1&reg_atr_change_rate_ts_top60==0),4a5d459fd5b5,1,42,16,reg_atr_change_rate_ts_top60,regime,atr_change_rate,volatility,0
(*)|(loc_dist_ema20_atr_ts_band30_70==1&loc_dist_ema20_atr_ts_bot80==1&loc_dist_ema20_atr_ts_top50==0)|(reg_atr_change_rate_ts_top30==1&reg_atr_change_rate_ts_top40==1&reg_atr_change_rate_ts_top60==0),4a5d459fd5b5,1,42,8,reg_atr_change_rate_ts_top40,regime,atr_change_rate,volatility,1
(*)|(loc_dist_ema20_atr_ts_band30_70==1&loc_dist_ema20_atr_ts_bot80==1&loc_dist_ema20_atr_ts_top50==0)|(reg_atr_change_rate_ts_top30==1&reg_atr_change_rate_ts_top40==1&reg_atr_change_rate_ts_top60==0),4a5d459fd5b5,1,42,27,loc_dist_ema20_atr_ts_bot80,location,dist_ema20_atr,context,1
(*)|(loc_dist_ema20_atr_ts_band30_70==1&loc_dist_ema20_atr_ts_bot80==1&loc_dist_ema20_atr_ts_top50==0)|(reg_atr_change_rate_ts_top30==1&reg_atr_change_rate_ts_top40==1&reg_atr_change_rate_ts_top60==0),4a5d459fd5b5,1,42,33,loc_dist_ema20_atr_ts_band30_70,location,dist_ema20_atr,context,1
(*)|(loc_dist_ema20_atr_ts_band30_70==1&loc_dist_ema20_atr_ts_bot80==1&loc_dist_ema20_atr_ts_top50==0)|(reg_atr_change_rate_ts_top30==1&reg_atr_change_rate_ts_top40==1&reg_atr_change_rate_ts_top60==0),4a5d459fd5b5,1,42,13,loc_dist_ema20_atr_ts_top50,location,dist_ema20_atr,context,0
(*)|(loc_dist_ema20_atr_ts_band30_70==1&loc_dist_ema20_atr_ts_bot80==1&loc_dist_ema20_atr_ts_top50==1)|(reg_atr_change_rate_ts_top30==1&reg_atr_change_rate_ts_top40==1&reg_atr_change_rate_ts_top60==0),98862dd0b0af,1,42,4,reg_atr_change_rate_ts_top30,regime,atr_change_rate,volatility,1
(*)|(loc_dist_ema20_atr_ts_band30_70==1&loc_dist_ema20_atr_ts_bot80==1&loc_dist_ema20_atr_ts_top50==1)|(reg_atr_change_rate_ts_top30==1&reg_atr_change_rate_ts_top40==1&reg_atr_change_rate_ts_top60==0),98862dd0b0af,1,42,16,reg_atr_change_rate_ts_top60,regime,atr_change_rate,volatility,0
(*)|(loc_dist_ema20_atr_ts_band30_70==1&loc_dist_ema20_atr_ts_bot80==1&loc_dist_ema20_atr_ts_top50==1)|(reg_atr_change_rate_ts_top30==1&reg_atr_change_rate_ts_top40==1&reg_atr_change_rate_ts_top60==0),98862dd0b0af,1,42,8,reg_atr_change_rate_ts_top40,regime,atr_change_rate,volatility,1
(*)|(loc_dist_ema20_atr_ts_band30_70==1&loc_dist_ema20_atr_ts_bot80==1&loc_dist_ema20_atr_ts_top50==1)|(reg_atr_change_rate_ts_top30==1&reg_atr_change_rate_ts_top40==1&reg_atr_change_rate_ts_top60==0),98862dd0b0af,1,42,27,loc_dist_ema20_atr_ts_bot80,location,dist_ema20_atr,context,1
(*)|(loc_dist_ema20_atr_ts_band30_70==1&loc_dist_ema20_atr_ts_bot80==1&loc_dist_ema20_atr_ts_top50==1)|(reg_atr_change_rate_ts_top30==1&reg_atr_change_rate_ts_top40==1&reg_atr_change_rate_ts_top60==0),98862dd0b0af,1,42,33,loc_dist_ema20_atr_ts_band30_70,location,dist_ema20_atr,context,1
(*)|(loc_dist_ema20_atr_ts_band30_70==1&loc_dist_ema20_atr_ts_bot80==1&loc_dist_ema20_atr_ts_top50==1)|(reg_atr_change_rate_ts_top30==1&reg_atr_change_rate_ts_top40==1&reg_atr_change_rate_ts_top60==0),98862dd0b0af,1,42,13,loc_dist_ema20_atr_ts_top50,location,dist_ema20_atr,context,1
(*)|(loc_dist_ema20_atr_ts_band30_70==1&loc_dist_ema20_atr_ts_bot80==1)|(reg_atr_change_rate_ts_top30==1&reg_atr_change_rate_ts_top60==1),b38c6e2227c2,1,42,4,reg_atr_change_rate_ts_top30,regime,atr_change_rate,volatility,1
(*)|(loc_dist_ema20_atr_ts_band30_70==1&loc_dist_ema20_atr_ts_bot80==1)|(reg_atr_change_rate_ts_top30==1&reg_atr_change_rate_ts_top60==1),b38c6e2227c2,1,42,16,reg_atr_change_rate_ts_top60,regime,atr_change_rate,volatility,1
(*)|(loc_dist_ema20_atr_ts_band30_70==1&loc_dist_ema20_atr_ts_bot80==1)|(reg_atr_change_rate_ts_top30==1&reg_atr_change_rate_ts_top60==1),b38c6e2227c2,1,42,27,loc_dist_ema20_atr_ts_bot80,location,dist_ema20_atr,context,1
(*)|(loc_dist_ema20_atr_ts_band30_70==1&loc_dist_ema20_atr_ts_bot80==1)|(reg_atr_change_rate_ts_top30==1&reg_atr_change_rate_ts_top60==1),b38c6e2227c2,1,42,33,loc_dist_ema20_atr_ts_band30_70,location,dist_ema20_atr,context,1
(*)|(loc_dist_ema20_atr_ts_top30==0)|(reg_atr_change_rate_ts_band25_75==0&reg_atr_change_rate_ts_bot20==1),679dcb477d20,1,42,5,loc_dist_ema20_atr_ts_top30,location,dist_ema20_atr,context,0
(*)|(loc_dist_ema20_atr_ts_top30==0)|(reg_atr_change_rate_ts_band25_75==0&reg_atr_change_rate_ts_bot20==1),679dcb477d20,1,42,30,reg_atr_change_rate_ts_band25_75,regime,atr_change_rate,volatility,0
(*)|(loc_dist_ema20_atr_ts_top30==0)|(reg_atr_change_rate_ts_band25_75==0&reg_atr_change_rate_ts_bot20==1),679dcb477d20,1,42,2,reg_atr_change_rate_ts_bot20,regime,atr_change_rate,volatility,1
(*)|(loc_dist_ema20_atr_ts_top30==0)|(reg_atr_change_rate_ts_band25_75==1),c8474cf87846,1,42,5,loc_dist_ema20_atr_ts_top30,location,dist_ema20_atr,context,0
(*)|(loc_dist_ema20_atr_ts_top30==0)|(reg_atr_change_rate_ts_band25_75==1),c8474cf87846,1,42,30,reg_atr_change_rate_ts_band25_75,regime,atr_change_rate,volatility,1
(*)|(loc_dist_ema20_atr_ts_bot70==0&loc_dist_ema20_atr_ts_top30==1)|(reg_atr_change_rate_ts_band25_75==0&reg_atr_change_rate_ts_top80==0),d76e531bcf23,1,42,5,loc_dist_ema20_atr_ts_top30,location,dist_ema20_atr,context,1
(*)|(loc_dist_ema20_atr_ts_bot70==0&loc_dist_ema20_atr_ts_top30==1)|(reg_atr_change_rate_ts_band25_75==0&reg_atr_change_rate_ts_top80==0),d76e531bcf23,1,42,23,loc_dist_ema20_atr_ts_bot70,location,dist_ema20_atr,context,0
(*)|(loc_dist_ema20_atr_ts_bot70==0&loc_dist_ema20_atr_ts_top30==1)|(reg_atr_change_rate_ts_band25_75==0&reg_atr_change_rate_ts_top80==0),d76e531bcf23,1,42,24,reg_atr_change_rate_ts_top80,regime,atr_change_rate,volatility,0
(*)|(loc_dist_ema20_atr_ts_bot70==0&loc_dist_ema20_atr_ts_top30==1)|(reg_atr_change_rate_ts_band25_75==0&reg_atr_change_rate_ts_top80==0),d76e531bcf23,1,42,30,reg_atr_change_rate_ts_band25_75,regime,atr_change_rate,volatility,0
(*)|(loc_dist_ema20_atr_ts_bot70==0&loc_dist_ema20_atr_ts_top30==1)|(reg_atr_change_rate_ts_band25_75==1&reg_atr_change_rate_ts_top80==0),8bc2ae010d62,1,42,5,loc_dist_ema20_atr_ts_top30,location,dist_ema20_atr,context,1
(*)|(loc_dist_ema20_atr_ts_bot70==0&loc_dist_ema20_atr_ts_top30==1)|(reg_atr_change_rate_ts_band25_75==1&reg_atr_change_rate_ts_top80==0),8bc2ae010d62,1,42,23,loc_dist_ema20_atr_ts_bot70,location,dist_ema20_atr,context,0
(*)|(loc_dist_ema20_atr_ts_bot70==0&loc_dist_ema20_atr_ts_top30==1)|(reg_atr_change_rate_ts_band25_75==1&reg_atr_change_rate_ts_top80==0),8bc2ae010d62,1,42,24,reg_atr_change_rate_ts_top80,regime,atr_change_rate,volatility,0
(*)|(loc_dist_ema20_atr_ts_bot70==0&loc_dist_ema20_atr_ts_top30==1)|(reg_atr_change_rate_ts_band25_75==1&reg_atr_change_rate_ts_top80==0),8bc2ae010d62,1,42,30,reg_atr_change_rate_ts_band25_75,regime,atr_change_rate,volatility,1
(*)|(loc_dist_ema20_atr_ts_bot70==1&loc_dist_ema20_atr_ts_top30==1&loc_dist_ema20_atr_ts_top50==0)|(reg_atr_change_rate_ts_top40==0&reg_atr_change_rate_ts_top60==0&reg_atr_change_rate_ts_top80==0),c60019487e79,1,42,5,loc_dist_ema20_atr_ts_top30,location,dist_ema20_atr,context,1
(*)|(loc_dist_ema20_atr_ts_bot70==1&loc_dist_ema20_atr_ts_top30==1&loc_dist_ema20_atr_ts_top50==0)|(reg_atr_change_rate_ts_top40==0&reg_atr_change_rate_ts_top60==0&reg_atr_change_rate_ts_top80==0),c60019487e79,1,42,23,loc_dist_ema20_atr_ts_bot70,location,dist_ema20_atr,context,1
(*)|(loc_dist_ema20_atr_ts_bot70==1&loc_dist_ema20_atr_ts_top30==1&loc_dist_ema20_atr_ts_top50==0)|(reg_atr_change_rate_ts_top40==0&reg_atr_change_rate_ts_top60==0&reg_atr_change_rate_ts_top80==0),c60019487e79,1,42,13,loc_dist_ema20_atr_ts_top50,location,dist_ema20_atr,context,0
(*)|(loc_dist_ema20_atr_ts_bot70==1&loc_dist_ema20_atr_ts_top30==1&loc_dist_ema20_atr_ts_top50==0)|(reg_atr_change_rate_ts_top40==0&reg_atr_change_rate_ts_top60==0&reg_atr_change_rate_ts_top80==0),c60019487e79,1,42,24,reg_atr_change_rate_ts_top80,regime,atr_change_rate,volatility,0
(*)|(loc_dist_ema20_atr_ts_bot70==1&loc_dist_ema20_atr_ts_top30==1&loc_dist_ema20_atr_ts_top50==0)|(reg_atr_change_rate_ts_top40==0&reg_atr_change_rate_ts_top60==0&reg_atr_change_rate_ts_top80==0),c60019487e79,1,42,16,reg_atr_change_rate_ts_top60,regime,atr_change_rate,volatility,0
(*)|(loc_dist_ema20_atr_ts_bot70==1&loc_dist_ema20_atr_ts_top30==1&loc_dist_ema20_atr_ts_top50==0)|(reg_atr_change_rate_ts_top40==0&reg_atr_change_rate_ts_top60==0&reg_atr_change_rate_ts_top80==0),c60019487e79,1,42,8,reg_atr_change_rate_ts_top40,regime,atr_change_rate,volatility,0
(*)|(loc_dist_ema20_atr_ts_bot70==1&loc_dist_ema20_atr_ts_top30==1&loc_dist_ema20_atr_ts_top50==0)|(reg_atr_change_rate_ts_top40==1&reg_atr_change_rate_ts_top60==0&reg_atr_change_rate_ts_top80==0),53b811a423c6,1,42,5,loc_dist_ema20_atr_ts_top30,location,dist_ema20_atr,context,1
(*)|(loc_dist_ema20_atr_ts_bot70==1&loc_dist_ema20_atr_ts_top30==1&loc_dist_ema20_atr_ts_top50==0)|(reg_atr_change_rate_ts_top40==1&reg_atr_change_rate_ts_top60==0&reg_atr_change_rate_ts_top80==0),53b811a423c6,1,42,23,loc_dist_ema20_atr_ts_bot70,location,dist_ema20_atr,context,1
(*)|(loc_dist_ema20_atr_ts_bot70==1&loc_dist_ema20_atr_ts_top30==1&loc_dist_ema20_atr_ts_top50==0)|(reg_atr_change_rate_ts_top40==1&reg_atr_change_rate_ts_top60==0&reg_atr_change_rate_ts_top80==0),53b811a423c6,1,42,13,loc_dist_ema20_atr_ts_top50,location,dist_ema20_atr,context,0
(*)|(loc_dist_ema20_atr_ts_bot70==1&loc_dist_ema20_atr_ts_top30==1&loc_dist_ema20_atr_ts_top50==0)|(reg_atr_change_rate_ts_top40==1&reg_atr_change_rate_ts_top60==0&reg_atr_change_rate_ts_top80==0),53b811a423c6,1,42,24,reg_atr_change_rate_ts_top80,regime,atr_change_rate,volatility,0
(*)|(loc_dist_ema20_atr_ts_bot70==1&loc_dist_ema20_atr_ts_top30==1&loc_dist_ema20_atr_ts_top50==0)|(reg_atr_change_rate_ts_top40==1&reg_atr_change_rate_ts_top60==0&reg_atr_change_rate_ts_top80==0),53b811a423c6,1,42,16,reg_atr_change_rate_ts_top60,regime,atr_change_rate,volatility,0
(*)|(loc_dist_ema20_atr_ts_bot70==1&loc_dist_ema20_atr_ts_top30==1&loc_dist_ema20_atr_ts_top50==0)|(reg_atr_change_rate_ts_top40==1&reg_atr_change_rate_ts_top60==0&reg_atr_change_rate_ts_top80==0),53b811a423c6,1,42,8,reg_atr_change_rate_ts_top40,regime,atr_change_rate,volatility,1
(*)|(loc_dist_ema20_atr_ts_bot70==1&loc_dist_ema20_atr_ts_top30==1&loc_dist_ema20_atr_ts_top50==1)|(reg_atr_change_rate_ts_top60==0&reg_atr_change_rate_ts_top80==0),fcec100e7c93,1,42,5,loc_dist_ema20_atr_ts_top30,location,dist_ema20_atr,context,1
(*)|(loc_dist_ema20_atr_ts_bot70==1&loc_dist_ema20_atr_ts_top30==1&loc_dist_ema20_atr_ts_top50==1)|(reg_atr_change_rate_ts_top60==0&reg_atr_change_rate_ts_top80==0),fcec100e7c93,1,42,23,loc_dist_ema20_atr_ts_bot70,location,dist_ema20_atr,context,1
(*)|(loc_dist_ema20_atr_ts_bot70==1&loc_dist_ema20_atr_ts_top30==1&loc_dist_ema20_atr_ts_top50==1)|(reg_atr_change_rate_ts_top60==0&reg_atr_change_rate_ts_top80==0),fcec100e7c93,1,42,13,loc_dist_ema20_atr_ts_top50,location,dist_ema20_atr,context,1
(*)|(loc_dist_ema20_atr_ts_bot70==1&loc_dist_ema20_atr_ts_top30==1&loc_dist_ema20_atr_ts_top50==1)|(reg_atr_change_rate_ts_top60==0&reg_atr_change_rate_ts_top80==0),fcec100e7c93,1,42,24,reg_atr_change_rate_ts_top80,regime,atr_change_rate,volatility,0
(*)|(loc_dist_ema20_atr_ts_bot70==1&loc_dist_ema20_atr_ts_top30==1&loc_dist_ema20_atr_ts_top50==1)|(reg_atr_change_rate_ts_top60==0&reg_atr_change_rate_ts_top80==0),fcec100e7c93,1,42,16,reg_atr_change_rate_ts_top60,regime,atr_change_rate,volatility,0
(*)|(loc_dist_ema20_atr_ts_bot70==1&loc_dist_ema20_atr_ts_top30==1)|(reg_atr_change_rate_ts_top60==1&reg_atr_change_rate_ts_top80==0),95746c50cf3b,1,42,5,loc_dist_ema20_atr_ts_top30,location,dist_ema20_atr,context,1
(*)|(loc_dist_ema20_atr_ts_bot70==1&loc_dist_ema20_atr_ts_top30==1)|(reg_atr_change_rate_ts_top60==1&reg_atr_change_rate_ts_top80==0),95746c50cf3b,1,42,23,loc_dist_ema20_atr_ts_bot70,location,dist_ema20_atr,context,1
(*)|(loc_dist_ema20_atr_ts_bot70==1&loc_dist_ema20_atr_ts_top30==1)|(reg_atr_change_rate_ts_top60==1&reg_atr_change_rate_ts_top80==0),95746c50cf3b,1,42,24,reg_atr_change_rate_ts_top80,regime,atr_change_rate,volatility,0
(*)|(loc_dist_ema20_atr_ts_bot70==1&loc_dist_ema20_atr_ts_top30==1)|(reg_atr_change_rate_ts_top60==1&reg_atr_change_rate_ts_top80==0),95746c50cf3b,1,42,16,reg_atr_change_rate_ts_top60,regime,atr_change_rate,volatility,1
(*)|(loc_dist_ema20_atr_ts_top30==1)|(reg_atr_change_rate_ts_top80==1),5d2176026f6e,1,42,5,loc_dist_ema20_atr_ts_top30,location,dist_ema20_atr,context,1
(*)|(loc_dist_ema20_atr_ts_top30==1)|(reg_atr_change_rate_ts_top80==1),5d2176026f6e,1,42,24,reg_atr_change_rate_ts_top80,regime,atr_change_rate,volatility,1
(*)|(*)|(reg_atr_change_rate_ts_top20==0&reg_atr_change_rate_ts_top30==0&reg_ema50_gt_ema200_raw==1),9e4394ab18d6,1,42,4,reg_atr_change_rate_ts_top30,regime,atr_change_rate,volatility,0
(*)|(*)|(reg_atr_change_rate_ts_top20==0&reg_atr_change_rate_ts_top30==0&reg_ema50_gt_ema200_raw==1),9e4394ab18d6,1,42,0,reg_atr_change_rate_ts_top20,regime,atr_change_rate,volatility,0
(*)|(*)|(reg_atr_change_rate_ts_top20==0&reg_atr_change_rate_ts_top30==0&reg_ema50_gt_ema200_raw==1),9e4394ab18d6,1,42,506,reg_ema50_gt_ema200_raw,regime,ema50_gt_ema200,trend,1
(*)|(*)|(reg_atr_change_rate_ts_band25_75==0&reg_atr_change_rate_ts_top20==1&reg_atr_change_rate_ts_top30==0),8b2d8349d812,1,42,4,reg_atr_change_rate_ts_top30,regime,atr_change_rate,volatility,0
(*)|(*)|(reg_atr_change_rate_ts_band25_75==0&reg_atr_change_rate_ts_top20==1&reg_atr_change_rate_ts_top30==0),8b2d8349d812,1,42,0,reg_atr_change_rate_ts_top20,regime,atr_change_rate,volatility,1
(*)|(*)|(reg_atr_change_rate_ts_band25_75==0&reg_atr_change_rate_ts_top20==1&reg_atr_change_rate_ts_top30==0),8b2d8349d812,1,42,30,reg_atr_change_rate_ts_band25_75,regime,atr_change_rate,volatility,0
(*)|(*)|(reg_atr_change_rate_ts_band25_75==1&reg_atr_change_rate_ts_top20==1&reg_atr_change_rate_ts_top30==0),2b825f0a475b,1,42,4,reg_atr_change_rate_ts_top30,regime,atr_change_rate,volatility,0
(*)|(*)|(reg_atr_change_rate_ts_band25_75==1&reg_atr_change_rate_ts_top20==1&reg_atr_change_rate_ts_top30==0),2b825f0a475b,1,42,0,reg_atr_change_rate_ts_top20,regime,atr_change_rate,volatility,1
(*)|(*)|(reg_atr_change_rate_ts_band25_75==1&reg_atr_change_rate_ts_top20==1&reg_atr_change_rate_ts_top30==0),2b825f0a475b,1,42,30,reg_atr_change_rate_ts_band25_75,regime,atr_change_rate,volatility,1
(*)|(*)|(reg_atr_change_rate_ts_bot50==0&reg_atr_change_rate_ts_top30==1&reg_atr_compression_ratio_ts_top60==0),32b599071c6a,1,42,4,reg_atr_change_rate_ts_top30,regime,atr_change_rate,volatility,1
(*)|(*)|(reg_atr_change_rate_ts_bot50==0&reg_atr_change_rate_ts_top30==1&reg_atr_compression_ratio_ts_top60==0),32b599071c6a,1,42,52,reg_atr_compression_ratio_ts_top60,regime,atr_compression_ratio,volatility_term_structure,0
(*)|(*)|(reg_atr_change_rate_ts_bot50==0&reg_atr_change_rate_ts_top30==1&reg_atr_compression_ratio_ts_top60==0),32b599071c6a,1,42,14,reg_atr_change_rate_ts_bot50,regime,atr_change_rate,volatility,0
(*)|(*)|(reg_atr_change_rate_ts_bot50==1&reg_atr_change_rate_ts_top30==1&reg_atr_change_rate_ts_top40==0&reg_atr_compression_ratio_ts_top60==0),c65bd4349d3f,1,42,4,reg_atr_change_rate_ts_top30,regime,atr_change_rate,volatility,1
(*)|(*)|(reg_atr_change_rate_ts_bot50==1&reg_atr_change_rate_ts_top30==1&reg_atr_change_rate_ts_top40==0&reg_atr_compression_ratio_ts_top60==0),c65bd4349d3f,1,42,52,reg_atr_compression_ratio_ts_top60,regime,atr_compression_ratio,volatility_term_structure,0
(*)|(*)|(reg_atr_change_rate_ts_bot50==1&reg_atr_change_rate_ts_top30==1&reg_atr_change_rate_ts_top40==0&reg_atr_compression_ratio_ts_top60==0),c65bd4349d3f,1,42,14,reg_atr_change_rate_ts_bot50,regime,atr_change_rate,volatility,1
(*)|(*)|(reg_atr_change_rate_ts_bot50==1&reg_atr_change_rate_ts_top30==1&reg_atr_change_rate_ts_top40==0&reg_atr_compression_ratio_ts_top60==0),c65bd4349d3f,1,42,8,reg_atr_change_rate_ts_top40,regime,atr_change_rate,volatility,0
(*)|(*)|(reg_atr_change_rate_ts_bot50==1&reg_atr_change_rate_ts_top30==1&reg_atr_change_rate_ts_top40==1&reg_atr_compression_ratio_ts_top60==0),8e6d7807102a,1,42,4,reg_atr_change_rate_ts_top30,regime,atr_change_rate,volatility,1
(*)|(*)|(reg_atr_change_rate_ts_bot50==1&reg_atr_change_rate_ts_top30==1&reg_atr_change_rate_ts_top40==1&reg_atr_compression_ratio_ts_top60==0),8e6d7807102a,1,42,52,reg_atr_compression_ratio_ts_top60,regime,atr_compression_ratio,volatility_term_structure,0
(*)|(*)|(reg_atr_change_rate_ts_bot50==1&reg_atr_change_rate_ts_top30==1&reg_atr_change_rate_ts_top40==1&reg_atr_compression_ratio_ts_top60==0),8e6d7807102a,1,42,14,reg_atr_change_rate_ts_bot50,regime,atr_change_rate,volatility,1
(*)|(*)|(reg_atr_change_rate_ts_bot50==1&reg_atr_change_rate_ts_top30==1&reg_atr_change_rate_ts_top40==1&reg_atr_compression_ratio_ts_top60==0),8e6d7807102a,1,42,8,reg_atr_change_rate_ts_top40,regime,atr_change_rate,volatility,1
(*)|(loc_dist_ema20_atr_ts_top80==0)|(reg_atr_change_rate_ts_band25_75==0&reg_atr_change_rate_ts_bot70==0&reg_atr_change_rate_ts_top30==1&reg_atr_compression_ratio_ts_top60==1),6c2fbbfdc75f,1,42,4,reg_atr_change_rate_ts_top30,regime,atr_change_rate,volatility,1
(*)|(loc_dist_ema20_atr_ts_top80==0)|(reg_atr_change_rate_ts_band25_75==0&reg_atr_change_rate_ts_bot70==0&reg_atr_change_rate_ts_top30==1&reg_atr_compression_ratio_ts_top60==1),6c2fbbfdc75f,1,42,52,reg_atr_compression_ratio_ts_top60,regime,atr_compression_ratio,volatility_term_structure,1
(*)|(loc_dist_ema20_atr_ts_top80==0)|(reg_atr_change_rate_ts_band25_75==0&reg_atr_change_rate_ts_bot70==0&reg_atr_change_rate_ts_top30==1&reg_atr_compression_ratio_ts_top60==1),6c2fbbfdc75f,1,42,22,reg_atr_change_rate_ts_bot70,regime,atr_change_rate,volatility,0
(*)|(loc_dist_ema20_atr_ts_top80==0)|(reg_atr_change_rate_ts_band25_75==0&reg_atr_change_rate_ts_bot70==0&reg_atr_change_rate_ts_top30==1&reg_atr_compression_ratio_ts_top60==1),6c2fbbfdc75f,1,42,30,reg_atr_change_rate_ts_band25_75,regime,atr_change_rate,volatility,0
(*)|(loc_dist_ema20_atr_ts_top80==0)|(reg_atr_change_rate_ts_band25_75==0&reg_atr_change_rate_ts_bot70==0&reg_atr_change_rate_ts_top30==1&reg_atr_compression_ratio_ts_top60==1),6c2fbbfdc75f,1,42,25,loc_dist_ema20_atr_ts_top80,location,dist_ema20_atr,context,0
(*)|(loc_dist_ema20_atr_ts_top80==0)|(reg_atr_change_rate_ts_band25_75==1&reg_atr_change_rate_ts_bot70==0&reg_atr_change_rate_ts_top30==1&reg_atr_compression_ratio_ts_top60==1),243bee3be3a5,1,42,4,reg_atr_change_rate_ts_top30,regime,atr_change_rate,volatility,1
(*)|(loc_dist_ema20_atr_ts_top80==0)|(reg_atr_change_rate_ts_band25_75==1&reg_atr_change_rate_ts_bot70==0&reg_atr_change_rate_ts_top30==1&reg_atr_compression_ratio_ts_top60==1),243bee3be3a5,1,42,52,reg_atr_compression_ratio_ts_top60,regime,atr_compression_ratio,volatility_term_structure,1
(*)|(loc_dist_ema20_atr_ts_top80==0)|(reg_atr_change_rate_ts_band25_75==1&reg_atr_change_rate_ts_bot70==0&reg_atr_change_rate_ts_top30==1&reg_atr_compression_ratio_ts_top60==1),243bee3be3a5,1,42,22,reg_atr_change_rate_ts_bot70,regime,atr_change_rate,volatility,0
(*)|(loc_dist_ema20_atr_ts_top80==0)|(reg_atr_change_rate_ts_band25_75==1&reg_atr_change_rate_ts_bot70==0&reg_atr_change_rate_ts_top30==1&reg_atr_compression_ratio_ts_top60==1),243bee3be3a5,1,42,30,reg_atr_change_rate_ts_band25_75,regime,atr_change_rate,volatility,1
(*)|(loc_dist_ema20_atr_ts_top80==0)|(reg_atr_change_rate_ts_band25_75==1&reg_atr_change_rate_ts_bot70==0&reg_atr_change_rate_ts_top30==1&reg_atr_compression_ratio_ts_top60==1),243bee3be3a5,1,42,25,loc_dist_ema20_atr_ts_top80,location,dist_ema20_atr,context,0
(*)|(loc_dist_ema20_atr_ts_top80==1)|(reg_atr_change_rate_ts_bot70==0&reg_atr_change_rate_ts_top30==1&reg_atr_compression_ratio_ts_top60==1),1b9480d2236f,1,42,4,reg_atr_change_rate_ts_top30,regime,atr_change_rate,volatility,1
(*)|(loc_dist_ema20_atr_ts_top80==1)|(reg_atr_change_rate_ts_bot70==0&reg_atr_change_rate_ts_top30==1&reg_atr_compression_ratio_ts_top60==1),1b9480d2236f,1,42,52,reg_atr_compression_ratio_ts_top60,regime,atr_compression_ratio,volatility_term_structure,1
(*)|(loc_dist_ema20_atr_ts_top80==1)|(reg_atr_change_rate_ts_bot70==0&reg_atr_change_rate_ts_top30==1&reg_atr_compression_ratio_ts_top60==1),1b9480d2236f,1,42,22,reg_atr_change_rate_ts_bot70,regime,atr_change_rate,volatility,0
(*)|(loc_dist_ema20_atr_ts_top80==1)|(reg_atr_change_rate_ts_bot70==0&reg_atr_change_rate_ts_top30==1&reg_atr_compression_ratio_ts_top60==1),1b9480d2236f,1,42,25,loc_dist_ema20_atr_ts_top80,location,dist_ema20_atr,context,1
(*)|(*)|(reg_atr_change_rate_ts_bot70==1&reg_atr_change_rate_ts_top30==1&reg_atr_compression_ratio_ts_top60==1),c69e283a1415,1,42,4,reg_atr_change_rate_ts_top30,regime,atr_change_rate,volatility,1
(*)|(*)|(reg_atr_change_rate_ts_bot70==1&reg_atr_change_rate_ts_top30==1&reg_atr_compression_ratio_ts_top60==1),c69e283a1415,1,42,52,reg_atr_compression_ratio_ts_top60,regime,atr_compression_ratio,volatility_term_structure,1
(*)|(*)|(reg_atr_change_rate_ts_bot70==1&reg_atr_change_rate_ts_top30==1&reg_atr_compression_ratio_ts_top60==1),c69e283a1415,1,42,22,reg_atr_change_rate_ts_bot70,regime,atr_change_rate,volatility,1
(*)|(*)|(reg_atr_change_rate_ts_band25_75==0&reg_atr_change_rate_ts_top20==0&reg_atr_change_rate_ts_top40==0&reg_ema50_gt_ema200_raw==1),4b372524149f,1,42,8,reg_atr_change_rate_ts_top40,regime,atr_change_rate,volatility,0
(*)|(*)|(reg_atr_change_rate_ts_band25_75==0&reg_atr_change_rate_ts_top20==0&reg_atr_change_rate_ts_top40==0&reg_ema50_gt_ema200_raw==1),4b372524149f,1,42,30,reg_atr_change_rate_ts_band25_75,regime,atr_change_rate,volatility,0
(*)|(*)|(reg_atr_change_rate_ts_band25_75==0&reg_atr_change_rate_ts_top20==0&reg_atr_change_rate_ts_top40==0&reg_ema50_gt_ema200_raw==1),4b372524149f,1,42,506,reg_ema50_gt_ema200_raw,regime,ema50_gt_ema200,trend,1
(*)|(*)|(reg_atr_change_rate_ts_band25_75==0&reg_atr_change_rate_ts_top20==0&reg_atr_change_rate_ts_top40==0&reg_ema50_gt_ema200_raw==1),4b372524149f,1,42,0,reg_atr_change_rate_ts_top20,regime,atr_change_rate,volatility,0
(*)|(*)|(reg_atr_change_rate_ts_band25_75==0&reg_atr_change_rate_ts_top20==1&reg_atr_change_rate_ts_top40==0&reg_ema50_gt_ema200_raw==1),69805a228243,1,42,8,reg_atr_change_rate_ts_top40,regime,atr_change_rate,volatility,0
(*)|(*)|(reg_atr_change_rate_ts_band25_75==0&reg_atr_change_rate_ts_top20==1&reg_atr_change_rate_ts_top40==0&reg_ema50_gt_ema200_raw==1),69805a228243,1,42,30,reg_atr_change_rate_ts_band25_75,regime,atr_change_rate,volatility,0
(*)|(*)|(reg_atr_change_rate_ts_band25_75==0&reg_atr_change_rate_ts_top20==1&reg_atr_change_rate_ts_top40==0&reg_ema50_gt_ema200_raw==1),69805a228243,1,42,506,reg_ema50_gt_ema200_raw,regime,ema50_gt_ema200,trend,1
(*)|(*)|(reg_atr_change_rate_ts_band25_75==0&reg_atr_change_rate_ts_top20==1&reg_atr_change_rate_ts_top40==0&reg_ema50_gt_ema200_raw==1),69805a228243,1,42,0,reg_atr_change_rate_ts_top20,regime,atr_change_rate,volatility,1
(*)|(*)|(reg_atr_change_rate_ts_band25_75==1&reg_atr_change_rate_ts_top30==0&reg_atr_change_rate_ts_top40==0),371bd66ce2f8,1,42,8,reg_atr_change_rate_ts_top40,regime,atr_change_rate,volatility,0
(*)|(*)|(reg_atr_change_rate_ts_band25_75==1&reg_atr_change_rate_ts_top30==0&reg_atr_change_rate_ts_top40==0),371bd66ce2f8,1,42,30,reg_atr_change_rate_ts_band25_75,regime,atr_change_rate,volatility,1
(*)|(*)|(reg_atr_change_rate_ts_band25_75==1&reg_atr_change_rate_ts_top30==0&reg_atr_change_rate_ts_top40==0),371bd66ce2f8,1,42,4,reg_atr_change_rate_ts_top30,regime,atr_change_rate,volatility,0
(*)|(*)|(reg_atr_change_rate_ts_band25_75==1&reg_atr_change_rate_ts_top30==1&reg_atr_change_rate_ts_top40==0),ecb61336b71a,1,42,8,reg_atr_change_rate_ts_top40,regime,atr_change_rate,volatility,0
(*)|(*)|(reg_atr_change_rate_ts_band25_75==1&reg_atr_change_rate_ts_top30==1&reg_atr_change_rate_ts_top40==0),ecb61336b71a,1,42,30,reg_atr_change_rate_ts_band25_75,regime,atr_change_rate,volatility,1
(*)|(*)|(reg_atr_change_rate_ts_band25_75==1&reg_atr_change_rate_ts_top30==1&reg_atr_change_rate_ts_top40==0),ecb61336b71a,1,42,4,reg_atr_change_rate_ts_top30,regime,atr_change_rate,volatility,1
(*)|(*)|(reg_atr_change_rate_ts_top40==1&reg_atr_change_rate_ts_top50==0),dd9b43f05b4b,1,42,8,reg_atr_change_rate_ts_top40,regime,atr_change_rate,volatility,1
(*)|(*)|(reg_atr_change_rate_ts_top40==1&reg_atr_change_rate_ts_top50==0),dd9b43f05b4b,1,42,12,reg_atr_change_rate_ts_top50,regime,atr_change_rate,volatility,0
(*)|(*)|(reg_atr_change_rate_ts_top40==1&reg_atr_change_rate_ts_top50==1&reg_atr_change_rate_ts_top60==0),e5cd8283e7ec,1,42,8,reg_atr_change_rate_ts_top40,regime,atr_change_rate,volatility,1
(*)|(*)|(reg_atr_change_rate_ts_top40==1&reg_atr_change_rate_ts_top50==1&reg_atr_change_rate_ts_top60==0),e5cd8283e7ec,1,42,12,reg_atr_change_rate_ts_top50,regime,atr_change_rate,volatility,1
(*)|(*)|(reg_atr_change_rate_ts_top40==1&reg_atr_change_rate_ts_top50==1&reg_atr_change_rate_ts_top60==0),e5cd8283e7ec,1,42,16,reg_atr_change_rate_ts_top60,regime,atr_change_rate,volatility,0
(*)|(loc_dist_ema20_atr_ts_top70==0)|(reg_atr_change_rate_ts_top40==1&reg_atr_change_rate_ts_top50==1&reg_atr_change_rate_ts_top60==1),a06d169b31a8,1,42,8,reg_atr_change_rate_ts_top40,regime,atr_change_rate,volatility,1
(*)|(loc_dist_ema20_atr_ts_top70==0)|(reg_atr_change_rate_ts_top40==1&reg_atr_change_rate_ts_top50==1&reg_atr_change_rate_ts_top60==1),a06d169b31a8,1,42,12,reg_atr_change_rate_ts_top50,regime,atr_change_rate,volatility,1
(*)|(loc_dist_ema20_atr_ts_top70==0)|(reg_atr_change_rate_ts_top40==1&reg_atr_change_rate_ts_top50==1&reg_atr_change_rate_ts_top60==1),a06d169b31a8,1,42,16,reg_atr_change_rate_ts_top60,regime,atr_change_rate,volatility,1
(*)|(loc_dist_ema20_atr_ts_top70==0)|(reg_atr_change_rate_ts_top40==1&reg_atr_change_rate_ts_top50==1&reg_atr_change_rate_ts_top60==1),a06d169b31a8,1,42,21,loc_dist_ema20_atr_ts_top70,location,dist_ema20_atr,context,0
(*)|(loc_dist_ema20_atr_ts_top70==1)|(reg_atr_change_rate_ts_band25_75==0&reg_atr_change_rate_ts_top40==1&reg_atr_change_rate_ts_top50==1&reg_atr_change_rate_ts_top60==1&reg_atr_change_rate_ts_top80==0),13a7f1826f06,1,42,8,reg_atr_change_rate_ts_top40,regime,atr_change_rate,volatility,1
(*)|(loc_dist_ema20_atr_ts_top70==1)|(reg_atr_change_rate_ts_band25_75==0&reg_atr_change_rate_ts_top40==1&reg_atr_change_rate_ts_top50==1&reg_atr_change_rate_ts_top60==1&reg_atr_change_rate_ts_top80==0),13a7f1826f06,1,42,12,reg_atr_change_rate_ts_top50,regime,atr_change_rate,volatility,1
(*)|(loc_dist_ema20_atr_ts_top70==1)|(reg_atr_change_rate_ts_band25_75==0&reg_atr_change_rate_ts_top40==1&reg_atr_change_rate_ts_top50==1&reg_atr_change_rate_ts_top60==1&reg_atr_change_rate_ts_top80==0),13a7f1826f06,1,42,16,reg_atr_change_rate_ts_top60,regime,atr_change_rate,volatility,1
(*)|(loc_dist_ema20_atr_ts_top70==1)|(reg_atr_change_rate_ts_band25_75==0&reg_atr_change_rate_ts_top40==1&reg_atr_change_rate_ts_top50==1&reg_atr_change_rate_ts_top60==1&reg_atr_change_rate_ts_top80==0),13a7f1826f06,1,42,30,reg_atr_change_rate_ts_band25_75,regime,atr_change_rate,volatility,0
(*)|(loc_dist_ema20_atr_ts_top70==1)|(reg_atr_change_rate_ts_band25_75==0&reg_atr_change_rate_ts_top40==1&reg_atr_change_rate_ts_top50==1&reg_atr_change_rate_ts_top60==1&reg_atr_change_rate_ts_top80==0),13a7f1826f06,1,42,24,reg_atr_change_rate_ts_top80,regime,atr_change_rate,volatility,0
(*)|(loc_dist_ema20_atr_ts_top70==1)|(reg_atr_change_rate_ts_band25_75==0&reg_atr_change_rate_ts_top40==1&reg_atr_change_rate_ts_top50==1&reg_atr_change_rate_ts_top60==1&reg_atr_change_rate_ts_top80==0),13a7f1826f06,1,42,21,loc_dist_ema20_atr_ts_top70,location,dist_ema20_atr,context,1
(*)|(loc_dist_ema20_atr_ts_top70==1)|(reg_atr_change_rate_ts_band25_75==0&reg_atr_change_rate_ts_top40==1&reg_atr_change_rate_ts_top50==1&reg_atr_change_rate_ts_top60==1&reg_atr_change_rate_ts_top80==1),ce7a925a7eb2,1,42,8,reg_atr_change_rate_ts_top40,regime,atr_change_rate,volatility,1
(*)|(loc_dist_ema20_atr_ts_top70==1)|(reg_atr_change_rate_ts_band25_75==0&reg_atr_change_rate_ts_top40==1&reg_atr_change_rate_ts_top50==1&reg_atr_change_rate_ts_top60==1&reg_atr_change_rate_ts_top80==1),ce7a925a7eb2,1,42,12,reg_atr_change_rate_ts_top50,regime,atr_change_rate,volatility,1
(*)|(loc_dist_ema20_atr_ts_top70==1)|(reg_atr_change_rate_ts_band25_75==0&reg_atr_change_rate_ts_top40==1&reg_atr_change_rate_ts_top50==1&reg_atr_change_rate_ts_top60==1&reg_atr_change_rate_ts_top80==1),ce7a925a7eb2,1,42,16,reg_atr_change_rate_ts_top60,regime,atr_change_rate,volatility,1
(*)|(loc_dist_ema20_atr_ts_top70==1)|(reg_atr_change_rate_ts_band25_75==0&reg_atr_change_rate_ts_top40==1&reg_atr_change_rate_ts_top50==1&reg_atr_change_rate_ts_top60==1&reg_atr_change_rate_ts_top80==1),ce7a925a7eb2,1,42,30,reg_atr_change_rate_ts_band25_75,regime,atr_change_rate,volatility,0
(*)|(loc_dist_ema20_atr_ts_top70==1)|(reg_atr_change_rate_ts_band25_75==0&reg_atr_change_rate_ts_top40==1&reg_atr_change_rate_ts_top50==1&reg_atr_change_rate_ts_top60==1&reg_atr_change_rate_ts_top80==1),ce7a925a7eb2,1,42,24,reg_atr_change_rate_ts_top80,regime,atr_change_rate,volatility,1
(*)|(loc_dist_ema20_atr_ts_top70==1)|(reg_atr_change_rate_ts_band25_75==0&reg_atr_change_rate_ts_top40==1&reg_atr_change_rate_ts_top50==1&reg_atr_change_rate_ts_top60==1&reg_atr_change_rate_ts_top80==1),ce7a925a7eb2,1,42,21,loc_dist_ema20_atr_ts_top70,location,dist_ema20_atr,context,1
(*)|(loc_dist_ema20_atr_ts_top70==1)|(reg_atr_change_rate_ts_band25_75==1&reg_atr_change_rate_ts_top40==1&reg_atr_change_rate_ts_top50==1&reg_atr_change_rate_ts_top60==1),f9088f971193,1,42,8,reg_atr_change_rate_ts_top40,regime,atr_change_rate,volatility,1
(*)|(loc_dist_ema20_atr_ts_top70==1)|(reg_atr_change_rate_ts_band25_75==1&reg_atr_change_rate_ts_top40==1&reg_atr_change_rate_ts_top50==1&reg_atr_change_rate_ts_top60==1),f9088f971193,1,42,12,reg_atr_change_rate_ts_top50,regime,atr_change_rate,volatility,1
(*)|(loc_dist_ema20_atr_ts_top70==1)|(reg_atr_change_rate_ts_band25_75==1&reg_atr_change_rate_ts_top40==1&reg_atr_change_rate_ts_top50==1&reg_atr_change_rate_ts_top60==1),f9088f971193,1,42,16,reg_atr_change_rate_ts_top60,regime,atr_change_rate,volatility,1
(*)|(loc_dist_ema20_atr_ts_top70==1)|(reg_atr_change_rate_ts_band25_75==1&reg_atr_change_rate_ts_top40==1&reg_atr_change_rate_ts_top50==1&reg_atr_change_rate_ts_top60==1),f9088f971193,1,42,30,reg_atr_change_rate_ts_band25_75,regime,atr_change_rate,volatility,1
(*)|(loc_dist_ema20_atr_ts_top70==1)|(reg_atr_change_rate_ts_band25_75==1&reg_atr_change_rate_ts_top40==1&reg_atr_change_rate_ts_top50==1&reg_atr_change_rate_ts_top60==1),f9088f971193,1,42,21,loc_dist_ema20_atr_ts_top70,location,dist_ema20_atr,context,1
(*)|(*)|(reg_atr_change_rate_ts_top20==0&reg_ema20_gt_ema50_raw==1),8dbaad2f69c4,1,42,0,reg_atr_change_rate_ts_top20,regime,atr_change_rate,volatility,0
(*)|(*)|(reg_atr_change_rate_ts_top20==0&reg_ema20_gt_ema50_raw==1),8dbaad2f69c4,1,42,432,reg_ema20_gt_ema50_raw,regime,ema20_gt_ema50,trend,1
(*)|(loc_dist_ema20_atr_ts_top80==0)|(reg_atr_change_rate_ts_band25_75==0&reg_atr_change_rate_ts_bot70==0&reg_atr_change_rate_ts_top20==1),9980c05802d6,1,42,0,reg_atr_change_rate_ts_top20,regime,atr_change_rate,volatility,1
(*)|(loc_dist_ema20_atr_ts_top80==0)|(reg_atr_change_rate_ts_band25_75==0&reg_atr_change_rate_ts_bot70==0&reg_atr_change_rate_ts_top20==1),9980c05802d6,1,42,22,reg_atr_change_rate_ts_bot70,regime,atr_change_rate,volatility,0
(*)|(loc_dist_ema20_atr_ts_top80==0)|(reg_atr_change_rate_ts_band25_75==0&reg_atr_change_rate_ts_bot70==0&reg_atr_change_rate_ts_top20==1),9980c05802d6,1,42,30,reg_atr_change_rate_ts_band25_75,regime,atr_change_rate,volatility,0
(*)|(loc_dist_ema20_atr_ts_top80==0)|(reg_atr_change_rate_ts_band25_75==0&reg_atr_change_rate_ts_bot70==0&reg_atr_change_rate_ts_top20==1),9980c05802d6,1,42,25,loc_dist_ema20_atr_ts_top80,location,dist_ema20_atr,context,0
(*)|(loc_dist_ema20_atr_ts_top80==0)|(reg_atr_change_rate_ts_band25_75==1&reg_atr_change_rate_ts_bot70==0&reg_atr_change_rate_ts_top20==1),43c2ffa90078,1,42,0,reg_atr_change_rate_ts_top20,regime,atr_change_rate,volatility,1
(*)|(loc_dist_ema20_atr_ts_top80==0)|(reg_atr_change_rate_ts_band25_75==1&reg_atr_change_rate_ts_bot70==0&reg_atr_change_rate_ts_top20==1),43c2ffa90078,1,42,22,reg_atr_change_rate_ts_bot70,regime,atr_change_rate,volatility,0
(*)|(loc_dist_ema20_atr_ts_top80==0)|(reg_atr_change_rate_ts_band25_75==1&reg_atr_change_rate_ts_bot70==0&reg_atr_change_rate_ts_top20==1),43c2ffa90078,1,42,30,reg_atr_change_rate_ts_band25_75,regime,atr_change_rate,volatility,1
(*)|(loc_dist_ema20_atr_ts_top80==0)|(reg_atr_change_rate_ts_band25_75==1&reg_atr_change_rate_ts_bot70==0&reg_atr_change_rate_ts_top20==1),43c2ffa90078,1,42,25,loc_dist_ema20_atr_ts_top80,location,dist_ema20_atr,context,0
(*)|(loc_dist_ema20_atr_ts_top80==0)|(reg_atr_change_rate_ts_band25_75==0&reg_atr_change_rate_ts_bot70==1&reg_atr_change_rate_ts_top20==1&reg_atr_change_rate_ts_top30==0&reg_atr_change_rate_ts_top40==0),483ef9d2c584,1,42,0,reg_atr_change_rate_ts_top20,regime,atr_change_rate,volatility,1
(*)|(loc_dist_ema20_atr_ts_top80==0)|(reg_atr_change_rate_ts_band25_75==0&reg_atr_change_rate_ts_bot70==1&reg_atr_change_rate_ts_top20==1&reg_atr_change_rate_ts_top30==0&reg_atr_change_rate_ts_top40==0),483ef9d2c584,1,42,22,reg_atr_change_rate_ts_bot70,regime,atr_change_rate,volatility,1
(*)|(loc_dist_ema20_atr_ts_top80==0)|(reg_atr_change_rate_ts_band25_75==0&reg_atr_change_rate_ts_bot70==1&reg_atr_change_rate_ts_top20==1&reg_atr_change_rate_ts_top30==0&reg_atr_change_rate_ts_top40==0),483ef9d2c584,1,42,8,reg_atr_change_rate_ts_top40,regime,atr_change_rate,volatility,0
(*)|(loc_dist_ema20_atr_ts_top80==0)|(reg_atr_change_rate_ts_band25_75==0&reg_atr_change_rate_ts_bot70==1&reg_atr_change_rate_ts_top20==1&reg_atr_change_rate_ts_top30==0&reg_atr_change_rate_ts_top40==0),483ef9d2c584,1,42,4,reg_atr_change_rate_ts_top30,regime,atr_change_rate,volatility,0
(*)|(loc_dist_ema20_atr_ts_top80==0)|(reg_atr_change_rate_ts_band25_75==0&reg_atr_change_rate_ts_bot70==1&reg_atr_change_rate_ts_top20==1&reg_atr_change_rate_ts_top30==0&reg_atr_change_rate_ts_top40==0),483ef9d2c584,1,42,30,reg_atr_change_rate_ts_band25_75,regime,atr_change_rate,volatility,0
(*)|(loc_dist_ema20_atr_ts_top80==0)|(reg_atr_change_rate_ts_band25_75==0&reg_atr_change_rate_ts_bot70==1&reg_atr_change_rate_ts_top20==1&reg_atr_change_rate_ts_top30==0&reg_atr_change_rate_ts_top40==0),483ef9d2c584,1,42,25,loc_dist_ema20_atr_ts_top80,location,dist_ema20_atr,context,0
(*)|(loc_dist_ema20_atr_ts_top80==0)|(reg_atr_change_rate_ts_band25_75==1&reg_atr_change_rate_ts_bot70==1&reg_atr_change_rate_ts_top20==1&reg_atr_change_rate_ts_top30==0&reg_atr_change_rate_ts_top40==0),eb270e33001b,1,42,0,reg_atr_change_rate_ts_top20,regime,atr_change_rate,volatility,1
(*)|(loc_dist_ema20_atr_ts_top80==0)|(reg_atr_change_rate_ts_band25_75==1&reg_atr_change_rate_ts_bot70==1&reg_atr_change_rate_ts_top20==1&reg_atr_change_rate_ts_top30==0&reg_atr_change_rate_ts_top40==0),eb270e33001b,1,42,22,reg_atr_change_rate_ts_bot70,regime,atr_change_rate,volatility,1
(*)|(loc_dist_ema20_atr_ts_top80==0)|(reg_atr_change_rate_ts_band25_75==1&reg_atr_change_rate_ts_bot70==1&reg_atr_change_rate_ts_top20==1&reg_atr_change_rate_ts_top30==0&reg_atr_change_rate_ts_top40==0),eb270e33001b,1,42,8,reg_atr_change_rate_ts_top40,regime,atr_change_rate,volatility,0
(*)|(loc_dist_ema20_atr_ts_top80==0)|(reg_atr_change_rate_ts_band25_75==1&reg_atr_change_rate_ts_bot70==1&reg_atr_change_rate_ts_top20==1&reg_atr_change_rate_ts_top30==0&reg_atr_change_rate_ts_top40==0),eb270e33001b,1,42,4,reg_atr_change_rate_ts_top30,regime,atr_change_rate,volatility,0
(*)|(loc_dist_ema20_atr_ts_top80==0)|(reg_atr_change_rate_ts_band25_75==1&reg_atr_change_rate_ts_bot70==1&reg_atr_change_rate_ts_top20==1&reg_atr_change_rate_ts_top30==0&reg_atr_change_rate_ts_top40==0),eb270e33001b,1,42,30,reg_atr_change_rate_ts_band25_75,regime,atr_change_rate,volatility,1
(*)|(loc_dist_ema20_atr_ts_top80==0)|(reg_atr_change_rate_ts_band25_75==1&reg_atr_change_rate_ts_bot70==1&reg_atr_change_rate_ts_top20==1&reg_atr_change_rate_ts_top30==0&reg_atr_change_rate_ts_top40==0),eb270e33001b,1,42,25,loc_dist_ema20_atr_ts_top80,location,dist_ema20_atr,context,0
(*)|(loc_dist_ema20_atr_ts_top80==0)|(reg_atr_change_rate_ts_bot70==1&reg_atr_change_rate_ts_top20==1&reg_atr_change_rate_ts_top30==1&reg_atr_change_rate_ts_top40==0),d02194305a17,1,42,0,reg_atr_change_rate_ts_top20,regime,atr_change_rate,volatility,1
(*)|(loc_dist_ema20_atr_ts_top80==0)|(reg_atr_change_rate_ts_bot70==1&reg_atr_change_rate_ts_top20==1&reg_atr_change_rate_ts_top30==1&reg_atr_change_rate_ts_top40==0),d02194305a17,1,42,22,reg_atr_change_rate_ts_bot70,regime,atr_change_rate,volatility,1
(*)|(loc_dist_ema20_atr_ts_top80==0)|(reg_atr_change_rate_ts_bot70==1&reg_atr_change_rate_ts_top20==1&reg_atr_change_rate_ts_top30==1&reg_atr_change_rate_ts_top40==0),d02194305a17,1,42,8,reg_atr_change_rate_ts_top40,regime,atr_change_rate,volatility,0
(*)|(loc_dist_ema20_atr_ts_top80==0)|(reg_atr_change_rate_ts_bot70==1&reg_atr_change_rate_ts_top20==1&reg_atr_change_rate_ts_top30==1&reg_atr_change_rate_ts_top40==0),d02194305a17,1,42,4,reg_atr_change_rate_ts_top30,regime,atr_change_rate,volatility,1
(*)|(loc_dist_ema20_atr_ts_top80==0)|(reg_atr_change_rate_ts_bot70==1&reg_atr_change_rate_ts_top20==1&reg_atr_change_rate_ts_top30==1&reg_atr_change_rate_ts_top40==0),d02194305a17,1,42,25,loc_dist_ema20_atr_ts_top80,location,dist_ema20_atr,context,0
(*)|(loc_dist_ema20_atr_ts_top50==0&loc_dist_ema20_atr_ts_top80==0)|(reg_atr_change_rate_ts_bot70==1&reg_atr_change_rate_ts_top20==1&reg_atr_change_rate_ts_top40==1),ef4493368e96,1,42,0,reg_atr_change_rate_ts_top20,regime,atr_change_rate,volatility,1
(*)|(loc_dist_ema20_atr_ts_top50==0&loc_dist_ema20_atr_ts_top80==0)|(reg_atr_change_rate_ts_bot70==1&reg_atr_change_rate_ts_top20==1&reg_atr_change_rate_ts_top40==1),ef4493368e96,1,42,22,reg_atr_change_rate_ts_bot70,regime,atr_change_rate,volatility,1
(*)|(loc_dist_ema20_atr_ts_top50==0&loc_dist_ema20_atr_ts_top80==0)|(reg_atr_change_rate_ts_bot70==1&reg_atr_change_rate_ts_top20==1&reg_atr_change_rate_ts_top40==1),ef4493368e96,1,42,8,reg_atr_change_rate_ts_top40,regime,atr_change_rate,volatility,1
(*)|(loc_dist_ema20_atr_ts_top50==0&loc_dist_ema20_atr_ts_top80==0)|(reg_atr_change_rate_ts_bot70==1&reg_atr_change_rate_ts_top20==1&reg_atr_change_rate_ts_top40==1),ef4493368e96,1,42,25,loc_dist_ema20_atr_ts_top80,location,dist_ema20_atr,context,0
(*)|(loc_dist_ema20_atr_ts_top50==0&loc_dist_ema20_atr_ts_top80==0)|(reg_atr_change_rate_ts_bot70==1&reg_atr_change_rate_ts_top20==1&reg_atr_change_rate_ts_top40==1),ef4493368e96,1,42,13,loc_dist_ema20_atr_ts_top50,location,dist_ema20_atr,context,0
(*)|(loc_dist_ema20_atr_ts_top50==1&loc_dist_ema20_atr_ts_top60==0&loc_dist_ema20_atr_ts_top80==0)|(reg_atr_change_rate_ts_bot70==1&reg_atr_change_rate_ts_top20==1&reg_atr_change_rate_ts_top40==1),2e77161b2f0a,1,42,0,reg_atr_change_rate_ts_top20,regime,atr_change_rate,volatility,1
(*)|(loc_dist_ema20_atr_ts_top50==1&loc_dist_ema20_atr_ts_top60==0&loc_dist_ema20_atr_ts_top80==0)|(reg_atr_change_rate_ts_bot70==1&reg_atr_change_rate_ts_top20==1&reg_atr_change_rate_ts_top40==1),2e77161b2f0a,1,42,22,reg_atr_change_rate_ts_bot70,regime,atr_change_rate,volatility,1
(*)|(loc_dist_ema20_atr_ts_top50==1&loc_dist_ema20_atr_ts_top60==0&loc_dist_ema20_atr_ts_top80==0)|(reg_atr_change_rate_ts_bot70==1&reg_atr_change_rate_ts_top20==1&reg_atr_change_rate_ts_top40==1),2e77161b2f0a,1,42,8,reg_atr_change_rate_ts_top40,regime,atr_change_rate,volatility,1
(*)|(loc_dist_ema20_atr_ts_top50==1&loc_dist_ema20_atr_ts_top60==0&loc_dist_ema20_atr_ts_top80==0)|(reg_atr_change_rate_ts_bot70==1&reg_atr_change_rate_ts_top20==1&reg_atr_change_rate_ts_top40==1),2e77161b2f0a,1,42,25,loc_dist_ema20_atr_ts_top80,location,dist_ema20_atr,context,0
(*)|(loc_dist_ema20_atr_ts_top50==1&loc_dist_ema20_atr_ts_top60==0&loc_dist_ema20_atr_ts_top80==0)|(reg_atr_change_rate_ts_bot70==1&reg_atr_change_rate_ts_top20==1&reg_atr_change_rate_ts_top40==1),2e77161b2f0a,1,42,13,loc_dist_ema20_atr_ts_top50,location,dist_ema20_atr,context,1
(*)|(loc_dist_ema20_atr_ts_top50==1&loc_dist_ema20_atr_ts_top60==0&loc_dist_ema20_atr_ts_top80==0)|(reg_atr_change_rate_ts_bot70==1&reg_atr_change_rate_ts_top20==1&reg_atr_change_rate_ts_top40==1),2e77161b2f0a,1,42,17,loc_dist_ema20_atr_ts_top60,location,dist_ema20_atr,context,0
(*)|(loc_dist_ema20_atr_ts_top50==1&loc_dist_ema20_atr_ts_top60==1&loc_dist_ema20_atr_ts_top80==0)|(reg_atr_change_rate_ts_bot70==1&reg_atr_change_rate_ts_top20==1&reg_atr_change_rate_ts_top40==1),4453e40fe7e0,1,42,0,reg_atr_change_rate_ts_top20,regime,atr_change_rate,volatility,1
(*)|(loc_dist_ema20_atr_ts_top50==1&loc_dist_ema20_atr_ts_top60==1&loc_dist_ema20_atr_ts_top80==0)|(reg_atr_change_rate_ts_bot70==1&reg_atr_change_rate_ts_top20==1&reg_atr_change_rate_ts_top40==1),4453e40fe7e0,1,42,22,reg_atr_change_rate_ts_bot70,regime,atr_change_rate,volatility,1
(*)|(loc_dist_ema20_atr_ts_top50==1&loc_dist_ema20_atr_ts_top60==1&loc_dist_ema20_atr_ts_top80==0)|(reg_atr_change_rate_ts_bot70==1&reg_atr_change_rate_ts_top20==1&reg_atr_change_rate_ts_top40==1),4453e40fe7e0,1,42,8,reg_atr_change_rate_ts_top40,regime,atr_change_rate,volatility,1
(*)|(loc_dist_ema20_atr_ts_top50==1&loc_dist_ema20_atr_ts_top60==1&loc_dist_ema20_atr_ts_top80==0)|(reg_atr_change_rate_ts_bot70==1&reg_atr_change_rate_ts_top20==1&reg_atr_change_rate_ts_top40==1),4453e40fe7e0,1,42,25,loc_dist_ema20_atr_ts_top80,location,dist_ema20_atr,context,0
(*)|(loc_dist_ema20_atr_ts_top50==1&loc_dist_ema20_atr_ts_top60==1&loc_dist_ema20_atr_ts_top80==0)|(reg_atr_change_rate_ts_bot70==1&reg_atr_change_rate_ts_top20==1&reg_atr_change_rate_ts_top40==1),4453e40fe7e0,1,42,13,loc_dist_ema20_atr_ts_top50,location,dist_ema20_atr,context,1
(*)|(loc_dist_ema20_atr_ts_top50==1&loc_dist_ema20_atr_ts_top60==1&loc_dist_ema20_atr_ts_top80==0)|(reg_atr_change_rate_ts_bot70==1&reg_atr_change_rate_ts_top20==1&reg_atr_change_rate_ts_top40==1),4453e40fe7e0,1,42,17,loc_dist_ema20_atr_ts_top60,location,dist_ema20_atr,context,1
(*)|(loc_dist_ema20_atr_ts_top80==1)|(reg_atr_change_rate_ts_top20==1),a7ad95882fcd,1,42,0,reg_atr_change_rate_ts_top20,regime,atr_change_rate,volatility,1
(*)|(loc_dist_ema20_atr_ts_top80==1)|(reg_atr_change_rate_ts_top20==1),a7ad95882fcd,1,42,25,loc_dist_ema20_atr_ts_top80,location,dist_ema20_atr,context,1
(*)|(loc_dist_ema20_atr_ts_top20==0&loc_dist_ema20_atr_ts_top40==0)|(reg_atr_change_rate_ts_top30==0&reg_atr_change_rate_ts_top50==0&reg_atr_change_rate_ts_top60==0&reg_ema50_gt_ema200_raw==1),c97160e8e838,1,42,16,reg_atr_change_rate_ts_top60,regime,atr_change_rate,volatility,0
(*)|(loc_dist_ema20_atr_ts_top20==0&loc_dist_ema20_atr_ts_top40==0)|(reg_atr_change_rate_ts_top30==0&reg_atr_change_rate_ts_top50==0&reg_atr_change_rate_ts_top60==0&reg_ema50_gt_ema200_raw==1),c97160e8e838,1,42,506,reg_ema50_gt_ema200_raw,regime,ema50_gt_ema200,trend,1
(*)|(loc_dist_ema20_atr_ts_top20==0&loc_dist_ema20_atr_ts_top40==0)|(reg_atr_change_rate_ts_top30==0&reg_atr_change_rate_ts_top50==0&reg_atr_change_rate_ts_top60==0&reg_ema50_gt_ema200_raw==1),c97160e8e838,1,42,12,reg_atr_change_rate_ts_top50,regime,atr_change_rate,volatility,0
(*)|(loc_dist_ema20_atr_ts_top20==0&loc_dist_ema20_atr_ts_top40==0)|(reg_atr_change_rate_ts_top30==0&reg_atr_change_rate_ts_top50==0&reg_atr_change_rate_ts_top60==0&reg_ema50_gt_ema200_raw==1),c97160e8e838,1,42,4,reg_atr_change_rate_ts_top30,regime,atr_change_rate,volatility,0
(*)|(loc_dist_ema20_atr_ts_top20==0&loc_dist_ema20_atr_ts_top40==0)|(reg_atr_change_rate_ts_top30==0&reg_atr_change_rate_ts_top50==0&reg_atr_change_rate_ts_top60==0&reg_ema50_gt_ema200_raw==1),c97160e8e838,1,42,9,loc_dist_ema20_atr_ts_top40,location,dist_ema20_atr,context,0
(*)|(loc_dist_ema20_atr_ts_top20==0&loc_dist_ema20_atr_ts_top40==0)|(reg_atr_change_rate_ts_top30==0&reg_atr_change_rate_ts_top50==0&reg_atr_change_rate_ts_top60==0&reg_ema50_gt_ema200_raw==1),c97160e8e838,1,42,1,loc_dist_ema20_atr_ts_top20,location,dist_ema20_atr,context,0
(*)|(loc_dist_ema20_atr_ts_top20==1&loc_dist_ema20_atr_ts_top40==0)|(reg_atr_change_rate_ts_top30==0&reg_atr_change_rate_ts_top50==0&reg_atr_change_rate_ts_top60==0&reg_ema50_gt_ema200_raw==1),224d4be4bb86,1,42,16,reg_atr_change_rate_ts_top60,regime,atr_change_rate,volatility,0
(*)|(loc_dist_ema20_atr_ts_top20==1&loc_dist_ema20_atr_ts_top40==0)|(reg_atr_change_rate_ts_top30==0&reg_atr_change_rate_ts_top50==0&reg_atr_change_rate_ts_top60==0&reg_ema50_gt_ema200_raw==1),224d4be4bb86,1,42,506,reg_ema50_gt_ema200_raw,regime,ema50_gt_ema200,trend,1
(*)|(loc_dist_ema20_atr_ts_top20==1&loc_dist_ema20_atr_ts_top40==0)|(reg_atr_change_rate_ts_top30==0&reg_atr_change_rate_ts_top50==0&reg_atr_change_rate_ts_top60==0&reg_ema50_gt_ema200_raw==1),224d4be4bb86,1,42,12,reg_atr_change_rate_ts_top50,regime,atr_change_rate,volatility,0
(*)|(loc_dist_ema20_atr_ts_top20==1&loc_dist_ema20_atr_ts_top40==0)|(reg_atr_change_rate_ts_top30==0&reg_atr_change_rate_ts_top50==0&reg_atr_change_rate_ts_top60==0&reg_ema50_gt_ema200_raw==1),224d4be4bb86,1,42,4,reg_atr_change_rate_ts_top30,regime,atr_change_rate,volatility,0
(*)|(loc_dist_ema20_atr_ts_top20==1&loc_dist_ema20_atr_ts_top40==0)|(reg_atr_change_rate_ts_top30==0&reg_atr_change_rate_ts_top50==0&reg_atr_change_rate_ts_top60==0&reg_ema50_gt_ema200_raw==1),224d4be4bb86,1,42,9,loc_dist_ema20_atr_ts_top40,location,dist_ema20_atr,context,0
(*)|(loc_dist_ema20_atr_ts_top20==1&loc_dist_ema20_atr_ts_top40==0)|(reg_atr_change_rate_ts_top30==0&reg_atr_change_rate_ts_top50==0&reg_atr_change_rate_ts_top60==0&reg_ema50_gt_ema200_raw==1),224d4be4bb86,1,42,1,loc_dist_ema20_atr_ts_top20,location,dist_ema20_atr,context,1
(*)|(loc_dist_ema20_atr_ts_top40==0)|(reg_atr_change_rate_ts_top30==1&reg_atr_change_rate_ts_top50==0&reg_atr_change_rate_ts_top60==0&reg_ema50_gt_ema200_raw==1),d8babc74c58b,1,42,16,reg_atr_change_rate_ts_top60,regime,atr_change_rate,volatility,0
(*)|(loc_dist_ema20_atr_ts_top40==0)|(reg_atr_change_rate_ts_top30==1&reg_atr_change_rate_ts_top50==0&reg_atr_change_rate_ts_top60==0&reg_ema50_gt_ema200_raw==1),d8babc74c58b,1,42,506,reg_ema50_gt_ema200_raw,regime,ema50_gt_ema200,trend,1
(*)|(loc_dist_ema20_atr_ts_top40==0)|(reg_atr_change_rate_ts_top30==1&reg_atr_change_rate_ts_top50==0&reg_atr_change_rate_ts_top60==0&reg_ema50_gt_ema200_raw==1),d8babc74c58b,1,42,12,reg_atr_change_rate_ts_top50,regime,atr_change_rate,volatility,0
(*)|(loc_dist_ema20_atr_ts_top40==0)|(reg_atr_change_rate_ts_top30==1&reg_atr_change_rate_ts_top50==0&reg_atr_change_rate_ts_top60==0&reg_ema50_gt_ema200_raw==1),d8babc74c58b,1,42,4,reg_atr_change_rate_ts_top30,regime,atr_change_rate,volatility,1
(*)|(loc_dist_ema20_atr_ts_top40==0)|(reg_atr_change_rate_ts_top30==1&reg_atr_change_rate_ts_top50==0&reg_atr_change_rate_ts_top60==0&reg_ema50_gt_ema200_raw==1),d8babc74c58b,1,42,9,loc_dist_ema20_atr_ts_top40,location,dist_ema20_atr,context,0
(*)|(loc_dist_ema20_atr_ts_top40==1)|(reg_atr_change_rate_ts_top50==0&reg_atr_change_rate_ts_top60==0&reg_ema50_gt_ema200_raw==1),db2d6ac313e5,1,42,16,reg_atr_change_rate_ts_top60,regime,atr_change_rate,volatility,0
(*)|(loc_dist_ema20_atr_ts_top40==1)|(reg_atr_change_rate_ts_top50==0&reg_atr_change_rate_ts_top60==0&reg_ema50_gt_ema200_raw==1),db2d6ac313e5,1,42,506,reg_ema50_gt_ema200_raw,regime,ema50_gt_ema200,trend,1
(*)|(loc_dist_ema20_atr_ts_top40==1)|(reg_atr_change_rate_ts_top50==0&reg_atr_change_rate_ts_top60==0&reg_ema50_gt_ema200_raw==1),db2d6ac313e5,1,42,12,reg_atr_change_rate_ts_top50,regime,atr_change_rate,volatility,0
(*)|(loc_dist_ema20_atr_ts_top40==1)|(reg_atr_change_rate_ts_top50==0&reg_atr_change_rate_ts_top60==0&reg_ema50_gt_ema200_raw==1),db2d6ac313e5,1,42,9,loc_dist_ema20_atr_ts_top40,location,dist_ema20_atr,context,1
(*)|(*)|(reg_atr_change_rate_ts_top50==1&reg_atr_change_rate_ts_top60==0&reg_ema50_gt_ema200_raw==1),b6fe26c9a026,1,42,16,reg_atr_change_rate_ts_top60,regime,atr_change_rate,volatility,0
(*)|(*)|(reg_atr_change_rate_ts_top50==1&reg_atr_change_rate_ts_top60==0&reg_ema50_gt_ema200_raw==1),b6fe26c9a026,1,42,506,reg_ema50_gt_ema200_raw,regime,ema50_gt_ema200,trend,1
(*)|(*)|(reg_atr_change_rate_ts_top50==1&reg_atr_change_rate_ts_top60==0&reg_ema50_gt_ema200_raw==1),b6fe26c9a026,1,42,12,reg_atr_change_rate_ts_top50,regime,atr_change_rate,volatility,1
(*)|(*)|(reg_atr_change_rate_ts_band25_75==0&reg_atr_change_rate_ts_top60==1&reg_atr_change_rate_ts_top80==0),a827024f7aa9,1,42,16,reg_atr_change_rate_ts_top60,regime,atr_change_rate,volatility,1
(*)|(*)|(reg_atr_change_rate_ts_band25_75==0&reg_atr_change_rate_ts_top60==1&reg_atr_change_rate_ts_top80==0),a827024f7aa9,1,42,30,reg_atr_change_rate_ts_band25_75,regime,atr_change_rate,volatility,0
(*)|(*)|(reg_atr_change_rate_ts_band25_75==0&reg_atr_change_rate_ts_top60==1&reg_atr_change_rate_ts_top80==0),a827024f7aa9,1,42,24,reg_atr_change_rate_ts_top80,regime,atr_change_rate,volatility,0
(*)|(*)|(reg_atr_change_rate_ts_band25_75==0&reg_atr_change_rate_ts_top60==1&reg_atr_change_rate_ts_top80==1),ae6dec1ac30f,1,42,16,reg_atr_change_rate_ts_top60,regime,atr_change_rate,volatility,1
(*)|(*)|(reg_atr_change_rate_ts_band25_75==0&reg_atr_change_rate_ts_top60==1&reg_atr_change_rate_ts_top80==1),ae6dec1ac30f,1,42,30,reg_atr_change_rate_ts_band25_75,regime,atr_change_rate,volatility,0
(*)|(*)|(reg_atr_change_rate_ts_band25_75==0&reg_atr_change_rate_ts_top60==1&reg_atr_change_rate_ts_top80==1),ae6dec1ac30f,1,42,24,reg_atr_change_rate_ts_top80,regime,atr_change_rate,volatility,1
(*)|(*)|(reg_atr_change_rate_ts_band25_75==1&reg_atr_change_rate_ts_top60==1&reg_atr_change_rate_ts_top70==0),fae86738cc22,1,42,16,reg_atr_change_rate_ts_top60,regime,atr_change_rate,volatility,1
(*)|(*)|(reg_atr_change_rate_ts_band25_75==1&reg_atr_change_rate_ts_top60==1&reg_atr_change_rate_ts_top70==0),fae86738cc22,1,42,30,reg_atr_change_rate_ts_band25_75,regime,atr_change_rate,volatility,1
(*)|(*)|(reg_atr_change_rate_ts_band25_75==1&reg_atr_change_rate_ts_top60==1&reg_atr_change_rate_ts_top70==0),fae86738cc22,1,42,20,reg_atr_change_rate_ts_top70,regime,atr_change_rate,volatility,0
(*)|(*)|(reg_atr_change_rate_ts_band25_75==1&reg_atr_change_rate_ts_top60==1&reg_atr_change_rate_ts_top70==1),fc1a9eaeabd3,1,42,16,reg_atr_change_rate_ts_top60,regime,atr_change_rate,volatility,1
(*)|(*)|(reg_atr_change_rate_ts_band25_75==1&reg_atr_change_rate_ts_top60==1&reg_atr_change_rate_ts_top70==1),fc1a9eaeabd3,1,42,30,reg_atr_change_rate_ts_band25_75,regime,atr_change_rate,volatility,1
(*)|(*)|(reg_atr_change_rate_ts_band25_75==1&reg_atr_change_rate_ts_top60==1&reg_atr_change_rate_ts_top70==1),fc1a9eaeabd3,1,42,20,reg_atr_change_rate_ts_top70,regime,atr_change_rate,volatility,1
(*)|(*)|(reg_atr_change_rate_ts_top20==0&reg_atr_change_rate_ts_top30==0&reg_atr_change_rate_ts_top60==0&reg_ema20_gt_ema50_raw==1),5e660cde1fa8,1,42,16,reg_atr_change_rate_ts_top60,regime,atr_change_rate,volatility,0
(*)|(*)|(reg_atr_change_rate_ts_top20==0&reg_atr_change_rate_ts_top30==0&reg_atr_change_rate_ts_top60==0&reg_ema20_gt_ema50_raw==1),5e660cde1fa8,1,42,4,reg_atr_change_rate_ts_top30,regime,atr_change_rate,volatility,0
(*)|(*)|(reg_atr_change_rate_ts_top20==0&reg_atr_change_rate_ts_top30==0&reg_atr_change_rate_ts_top60==0&reg_ema20_gt_ema50_raw==1),5e660cde1fa8,1,42,432,reg_ema20_gt_ema50_raw,regime,ema20_gt_ema50,trend,1
(*)|(*)|(reg_atr_change_rate_ts_top20==0&reg_atr_change_rate_ts_top30==0&reg_atr_change_rate_ts_top60==0&reg_ema20_gt_ema50_raw==1),5e660cde1fa8,1,42,0,reg_atr_change_rate_ts_top20,regime,atr_change_rate,volatility,0
(*)|(*)|(reg_atr_change_rate_ts_band25_75==0&reg_atr_change_rate_ts_top20==1&reg_atr_change_rate_ts_top30==0&reg_atr_change_rate_ts_top60==0&reg_ema20_gt_ema50_raw==1),cb44034d4287,1,42,16,reg_atr_change_rate_ts_top60,regime,atr_change_rate,volatility,0
(*)|(*)|(reg_atr_change_rate_ts_band25_75==0&reg_atr_change_rate_ts_top20==1&reg_atr_change_rate_ts_top30==0&reg_atr_change_rate_ts_top60==0&reg_ema20_gt_ema50_raw==1),cb44034d4287,1,42,4,reg_atr_change_rate_ts_top30,regime,atr_change_rate,volatility,0
(*)|(*)|(reg_atr_change_rate_ts_band25_75==0&reg_atr_change_rate_ts_top20==1&reg_atr_change_rate_ts_top30==0&reg_atr_change_rate_ts_top60==0&reg_ema20_gt_ema50_raw==1),cb44034d4287,1,42,432,reg_ema20_gt_ema50_raw,regime,ema20_gt_ema50,trend,1
(*)|(*)|(reg_atr_change_rate_ts_band25_75==0&reg_atr_change_rate_ts_top20==1&reg_atr_change_rate_ts_top30==0&reg_atr_change_rate_ts_top60==0&reg_ema20_gt_ema50_raw==1),cb44034d4287,1,42,0,reg_atr_change_rate_ts_top20,regime,atr_change_rate,volatility,1
(*)|(*)|(reg_atr_change_rate_ts_band25_75==0&reg_atr_change_rate_ts_top20==1&reg_atr_change_rate_ts_top30==0&reg_atr_change_rate_ts_top60==0&reg_ema20_gt_ema50_raw==1),cb44034d4287,1,42,30,reg_atr_change_rate_ts_band25_75,regime,atr_change_rate,volatility,0
(*)|(*)|(reg_atr_change_rate_ts_band25_75==1&reg_atr_change_rate_ts_top20==1&reg_atr_change_rate_ts_top30==0&reg_atr_change_rate_ts_top60==0&reg_ema20_gt_ema50_raw==1),defa7f46b18a,1,42,16,reg_atr_change_rate_ts_top60,regime,atr_change_rate,volatility,0
(*)|(*)|(reg_atr_change_rate_ts_band25_75==1&reg_atr_change_rate_ts_top20==1&reg_atr_change_rate_ts_top30==0&reg_atr_change_rate_ts_top60==0&reg_ema20_gt_ema50_raw==1),defa7f46b18a,1,42,4,reg_atr_change_rate_ts_top30,regime,atr_change_rate,volatility,0
(*)|(*)|(reg_atr_change_rate_ts_band25_75==1&reg_atr_change_rate_ts_top20==1&reg_atr_change_rate_ts_top30==0&reg_atr_change_rate_ts_top60==0&reg_ema20_gt_ema50_raw==1),defa7f46b18a,1,42,432,reg_ema20_gt_ema50_raw,regime,ema20_gt_ema50,trend,1
(*)|(*)|(reg_atr_change_rate_ts_band25_75==1&reg_atr_change_rate_ts_top20==1&reg_atr_change_rate_ts_top30==0&reg_atr_change_rate_ts_top60==0&reg_ema20_gt_ema50_raw==1),defa7f46b18a,1,42,0,reg_atr_change_rate_ts_top20,regime,atr_change_rate,volatility,1
(*)|(*)|(reg_atr_change_rate_ts_band25_75==1&reg_atr_change_rate_ts_top20==1&reg_atr_change_rate_ts_top30==0&reg_atr_change_rate_ts_top60==0&reg_ema20_gt_ema50_raw==1),defa7f46b18a,1,42,30,reg_atr_change_rate_ts_band25_75,regime,atr_change_rate,volatility,1
(*)|(*)|(reg_atr_change_rate_ts_top30==1&reg_atr_change_rate_ts_top40==0&reg_atr_change_rate_ts_top60==0),a6d6f57f6cbf,1,42,16,reg_atr_change_rate_ts_top60,regime,atr_change_rate,volatility,0
(*)|(*)|(reg_atr_change_rate_ts_top30==1&reg_atr_change_rate_ts_top40==0&reg_atr_change_rate_ts_top60==0),a6d6f57f6cbf,1,42,4,reg_atr_change_rate_ts_top30,regime,atr_change_rate,volatility,1
(*)|(*)|(reg_atr_change_rate_ts_top30==1&reg_atr_change_rate_ts_top40==0&reg_atr_change_rate_ts_top60==0),a6d6f57f6cbf,1,42,8,reg_atr_change_rate_ts_top40,regime,atr_change_rate,volatility,0
(*)|(loc_dist_ema20_atr_ts_top50==0)|(reg_atr_change_rate_ts_top30==1&reg_atr_change_rate_ts_top40==1&reg_atr_change_rate_ts_top60==0),b42cf3f5223e,1,42,16,reg_atr_change_rate_ts_top60,regime,atr_change_rate,volatility,0
(*)|(loc_dist_ema20_atr_ts_top50==0)|(reg_atr_change_rate_ts_top30==1&reg_atr_change_rate_ts_top40==1&reg_atr_change_rate_ts_top60==0),b42cf3f5223e,1,42,4,reg_atr_change_rate_ts_top30,regime,atr_change_rate,volatility,1
(*)|(loc_dist_ema20_atr_ts_top50==0)|(reg_atr_change_rate_ts_top30==1&reg_atr_change_rate_ts_top40==1&reg_atr_change_rate_ts_top60==0),b42cf3f5223e,1,42,8,reg_atr_change_rate_ts_top40,regime,atr_change_rate,volatility,1
(*)|(loc_dist_ema20_atr_ts_top50==0)|(reg_atr_change_rate_ts_top30==1&reg_atr_change_rate_ts_top40==1&reg_atr_change_rate_ts_top60==0),b42cf3f5223e,1,42,13,loc_dist_ema20_atr_ts_top50,location,dist_ema20_atr,context,0
(*)|(loc_dist_ema20_atr_ts_top50==1)|(reg_atr_change_rate_ts_top30==1&reg_atr_change_rate_ts_top40==1&reg_atr_change_rate_ts_top60==0),7345b30bc080,1,42,16,reg_atr_change_rate_ts_top60,regime,atr_change_rate,volatility,0
(*)|(loc_dist_ema20_atr_ts_top50==1)|(reg_atr_change_rate_ts_top30==1&reg_atr_change_rate_ts_top40==1&reg_atr_change_rate_ts_top60==0),7345b30bc080,1,42,4,reg_atr_change_rate_ts_top30,regime,atr_change_rate,volatility,1
(*)|(loc_dist_ema20_atr_ts_top50==1)|(reg_atr_change_rate_ts_top30==1&reg_atr_change_rate_ts_top40==1&reg_atr_change_rate_ts_top60==0),7345b30bc080,1,42,8,reg_atr_change_rate_ts_top40,regime,atr_change_rate,volatility,1
(*)|(loc_dist_ema20_atr_ts_top50==1)|(reg_atr_change_rate_ts_top30==1&reg_atr_change_rate_ts_top40==1&reg_atr_change_rate_ts_top60==0),7345b30bc080,1,42,13,loc_dist_ema20_atr_ts_top50,location,dist_ema20_atr,context,1
(*)|(loc_dist_ema20_atr_ts_top80==0)|(reg_atr_change_rate_ts_band25_75==0&reg_atr_change_rate_ts_top60==1),985e820b8536,1,42,16,reg_atr_change_rate_ts_top60,regime,atr_change_rate,volatility,1
(*)|(loc_dist_ema20_atr_ts_top80==0)|(reg_atr_change_rate_ts_band25_75==0&reg_atr_change_rate_ts_top60==1),985e820b8536,1,42,30,reg_atr_change_rate_ts_band25_75,regime,atr_change_rate,volatility,0
(*)|(loc_dist_ema20_atr_ts_top80==0)|(reg_atr_change_rate_ts_band25_75==0&reg_atr_change_rate_ts_top60==1),985e820b8536,1,42,25,loc_dist_ema20_atr_ts_top80,location,dist_ema20_atr,context,0
(*)|(loc_dist_ema20_atr_ts_top80==0)|(reg_atr_change_rate_ts_band25_75==1&reg_atr_change_rate_ts_top60==1&reg_atr_change_rate_ts_top70==0),8235dd0f7e13,1,42,16,reg_atr_change_rate_ts_top60,regime,atr_change_rate,volatility,1
(*)|(loc_dist_ema20_atr_ts_top80==0)|(reg_atr_change_rate_ts_band25_75==1&reg_atr_change_rate_ts_top60==1&reg_atr_change_rate_ts_top70==0),8235dd0f7e13,1,42,30,reg_atr_change_rate_ts_band25_75,regime,atr_change_rate,volatility,1
(*)|(loc_dist_ema20_atr_ts_top80==0)|(reg_atr_change_rate_ts_band25_75==1&reg_atr_change_rate_ts_top60==1&reg_atr_change_rate_ts_top70==0),8235dd0f7e13,1,42,20,reg_atr_change_rate_ts_top70,regime,atr_change_rate,volatility,0
(*)|(loc_dist_ema20_atr_ts_top80==0)|(reg_atr_change_rate_ts_band25_75==1&reg_atr_change_rate_ts_top60==1&reg_atr_change_rate_ts_top70==0),8235dd0f7e13,1,42,25,loc_dist_ema20_atr_ts_top80,location,dist_ema20_atr,context,0
(*)|(loc_dist_ema20_atr_ts_top80==0)|(reg_atr_change_rate_ts_band25_75==1&reg_atr_change_rate_ts_top60==1&reg_atr_change_rate_ts_top70==1),7777a1c38d9e,1,42,16,reg_atr_change_rate_ts_top60,regime,atr_change_rate,volatility,1
(*)|(loc_dist_ema20_atr_ts_top80==0)|(reg_atr_change_rate_ts_band25_75==1&reg_atr_change_rate_ts_top60==1&reg_atr_change_rate_ts_top70==1),7777a1c38d9e,1,42,30,reg_atr_change_rate_ts_band25_75,regime,atr_change_rate,volatility,1
(*)|(loc_dist_ema20_atr_ts_top80==0)|(reg_atr_change_rate_ts_band25_75==1&reg_atr_change_rate_ts_top60==1&reg_atr_change_rate_ts_top70==1),7777a1c38d9e,1,42,20,reg_atr_change_rate_ts_top70,regime,atr_change_rate,volatility,1
(*)|(loc_dist_ema20_atr_ts_top80==0)|(reg_atr_change_rate_ts_band25_75==1&reg_atr_change_rate_ts_top60==1&reg_atr_change_rate_ts_top70==1),7777a1c38d9e,1,42,25,loc_dist_ema20_atr_ts_top80,location,dist_ema20_atr,context,0
(*)|(loc_dist_ema20_atr_ts_top80==1)|(reg_atr_change_rate_ts_top60==1),210bab7096f6,1,42,16,reg_atr_change_rate_ts_top60,regime,atr_change_rate,volatility,1
(*)|(loc_dist_ema20_atr_ts_top80==1)|(reg_atr_change_rate_ts_top60==1),210bab7096f6,1,42,25,loc_dist_ema20_atr_ts_top80,location,dist_ema20_atr,context,1
(*)|(*)|(reg_atr_change_rate_ts_band20_80==0&reg_atr_change_rate_ts_top60==0&reg_ema20_gt_ema50_raw==1),839161b5cc88,1,42,16,reg_atr_change_rate_ts_top60,regime,atr_change_rate,volatility,0
(*)|(*)|(reg_atr_change_rate_ts_band20_80==0&reg_atr_change_rate_ts_top60==0&reg_ema20_gt_ema50_raw==1),839161b5cc88,1,42,28,reg_atr_change_rate_ts_band20_80,regime,atr_change_rate,volatility,0
(*)|(*)|(reg_atr_change_rate_ts_band20_80==0&reg_atr_change_rate_ts_top60==0&reg_ema20_gt_ema50_raw==1),839161b5cc88,1,42,432,reg_ema20_gt_ema50_raw,regime,ema20_gt_ema50,trend,1
(*)|(*)|(reg_atr_change_rate_ts_band20_80==1&reg_atr_change_rate_ts_band25_75==0&reg_atr_change_rate_ts_top30==0&reg_atr_change_rate_ts_top40==0&reg_atr_change_rate_ts_top50==0&reg_atr_change_rate_ts_top60==0),36965acf5efa,1,42,16,reg_atr_change_rate_ts_top60,regime,atr_change_rate,volatility,0
(*)|(*)|(reg_atr_change_rate_ts_band20_80==1&reg_atr_change_rate_ts_band25_75==0&reg_atr_change_rate_ts_top30==0&reg_atr_change_rate_ts_top40==0&reg_atr_change_rate_ts_top50==0&reg_atr_change_rate_ts_top60==0),36965acf5efa,1,42,28,reg_atr_change_rate_ts_band20_80,regime,atr_change_rate,volatility,1
(*)|(*)|(reg_atr_change_rate_ts_band20_80==1&reg_atr_change_rate_ts_band25_75==0&reg_atr_change_rate_ts_top30==0&reg_atr_change_rate_ts_top40==0&reg_atr_change_rate_ts_top50==0&reg_atr_change_rate_ts_top60==0),36965acf5efa,1,42,12,reg_atr_change_rate_ts_top50,regime,atr_change_rate,volatility,0
(*)|(*)|(reg_atr_change_rate_ts_band20_80==1&reg_atr_change_rate_ts_band25_75==0&reg_atr_change_rate_ts_top30==0&reg_atr_change_rate_ts_top40==0&reg_atr_change_rate_ts_top50==0&reg_atr_change_rate_ts_top60==0),36965acf5efa,1,42,8,reg_atr_change_rate_ts_top40,regime,atr_change_rate,volatility,0
(*)|(*)|(reg_atr_change_rate_ts_band20_80==1&reg_atr_change_rate_ts_band25_75==0&reg_atr_change_rate_ts_top30==0&reg_atr_change_rate_ts_top40==0&reg_atr_change_rate_ts_top50==0&reg_atr_change_rate_ts_top60==0),36965acf5efa,1,42,4,reg_atr_change_rate_ts_top30,regime,atr_change_rate,volatility,0
(*)|(*)|(reg_atr_change_rate_ts_band20_80==1&reg_atr_change_rate_ts_band25_75==0&reg_atr_change_rate_ts_top30==0&reg_atr_change_rate_ts_top40==0&reg_atr_change_rate_ts_top50==0&reg_atr_change_rate_ts_top60==0),36965acf5efa,1,42,30,reg_atr_change_rate_ts_band25_75,regime,atr_change_rate,volatility,0
(*)|(*)|(reg_atr_change_rate_ts_band20_80==1&reg_atr_change_rate_ts_band25_75==1&reg_atr_change_rate_ts_top30==0&reg_atr_change_rate_ts_top40==0&reg_atr_change_rate_ts_top50==0&reg_atr_change_rate_ts_top60==0),24614219a4f6,1,42,16,reg_atr_change_rate_ts_top60,regime,atr_change_rate,volatility,0
(*)|(*)|(reg_atr_change_rate_ts_band20_80==1&reg_atr_change_rate_ts_band25_75==1&reg_atr_change_rate_ts_top30==0&reg_atr_change_rate_ts_top40==0&reg_atr_change_rate_ts_top50==0&reg_atr_change_rate_ts_top60==0),24614219a4f6,1,42,28,reg_atr_change_rate_ts_band20_80,regime,atr_change_rate,volatility,1
(*)|(*)|(reg_atr_change_rate_ts_band20_80==1&reg_atr_change_rate_ts_band25_75==1&reg_atr_change_rate_ts_top30==0&reg_atr_change_rate_ts_top40==0&reg_atr_change_rate_ts_top50==0&reg_atr_change_rate_ts_top60==0),24614219a4f6,1,42,12,reg_atr_change_rate_ts_top50,regime,atr_change_rate,volatility,0
(*)|(*)|(reg_atr_change_rate_ts_band20_80==1&reg_atr_change_rate_ts_band25_75==1&reg_atr_change_rate_ts_top30==0&reg_atr_change_rate_ts_top40==0&reg_atr_change_rate_ts_top50==0&reg_atr_change_rate_ts_top60==0),24614219a4f6,1,42,8,reg_atr_change_rate_ts_top40,regime,atr_change_rate,volatility,0
(*)|(*)|(reg_atr_change_rate_ts_band20_80==1&reg_atr_change_rate_ts_band25_75==1&reg_atr_change_rate_ts_top30==0&reg_atr_change_rate_ts_top40==0&reg_atr_change_rate_ts_top50==0&reg_atr_change_rate_ts_top60==0),24614219a4f6,1,42,4,reg_atr_change_rate_ts_top30,regime,atr_change_rate,volatility,0
(*)|(*)|(reg_atr_change_rate_ts_band20_80==1&reg_atr_change_rate_ts_band25_75==1&reg_atr_change_rate_ts_top30==0&reg_atr_change_rate_ts_top40==0&reg_atr_change_rate_ts_top50==0&reg_atr_change_rate_ts_top60==0),24614219a4f6,1,42,30,reg_atr_change_rate_ts_band25_75,regime,atr_change_rate,volatility,1
(*)|(*)|(reg_atr_change_rate_ts_band20_80==1&reg_atr_change_rate_ts_top30==1&reg_atr_change_rate_ts_top40==0&reg_atr_change_rate_ts_top50==0&reg_atr_change_rate_ts_top60==0),dce4e6af8c6f,1,42,16,reg_atr_change_rate_ts_top60,regime,atr_change_rate,volatility,0
(*)|(*)|(reg_atr_change_rate_ts_band20_80==1&reg_atr_change_rate_ts_top30==1&reg_atr_change_rate_ts_top40==0&reg_atr_change_rate_ts_top50==0&reg_atr_change_rate_ts_top60==0),dce4e6af8c6f,1,42,28,reg_atr_change_rate_ts_band20_80,regime,atr_change_rate,volatility,1
(*)|(*)|(reg_atr_change_rate_ts_band20_80==1&reg_atr_change_rate_ts_top30==1&reg_atr_change_rate_ts_top40==0&reg_atr_change_rate_ts_top50==0&reg_atr_change_rate_ts_top60==0),dce4e6af8c6f,1,42,12,reg_atr_change_rate_ts_top50,regime,atr_change_rate,volatility,0
(*)|(*)|(reg_atr_change_rate_ts_band20_80==1&reg_atr_change_rate_ts_top30==1&reg_atr_change_rate_ts_top40==0&reg_atr_change_rate_ts_top50==0&reg_atr_change_rate_ts_top60==0),dce4e6af8c6f,1,42,8,reg_atr_change_rate_ts_top40,regime,atr_change_rate,volatility,0
(*)|(*)|(reg_atr_change_rate_ts_band20_80==1&reg_atr_change_rate_ts_top30==1&reg_atr_change_rate_ts_top40==0&reg_atr_change_rate_ts_top50==0&reg_atr_change_rate_ts_top60==0),dce4e6af8c6f,1,42,4,reg_atr_change_rate_ts_top30,regime,atr_change_rate,volatility,1
(*)|(*)|(reg_atr_change_rate_ts_band20_80==1&reg_atr_change_rate_ts_top40==1&reg_atr_change_rate_ts_top50==0&reg_atr_change_rate_ts_top60==0),37320c5111cf,1,42,16,reg_atr_change_rate_ts_top60,regime,atr_change_rate,volatility,0
(*)|(*)|(reg_atr_change_rate_ts_band20_80==1&reg_atr_change_rate_ts_top40==1&reg_atr_change_rate_ts_top50==0&reg_atr_change_rate_ts_top60==0),37320c5111cf,1,42,28,reg_atr_change_rate_ts_band20_80,regime,atr_change_rate,volatility,1
(*)|(*)|(reg_atr_change_rate_ts_band20_80==1&reg_atr_change_rate_ts_top40==1&reg_atr_change_rate_ts_top50==0&reg_atr_change_rate_ts_top60==0),37320c5111cf,1,42,12,reg_atr_change_rate_ts_top50,regime,atr_change_rate,volatility,0
(*)|(*)|(reg_atr_change_rate_ts_band20_80==1&reg_atr_change_rate_ts_top40==1&reg_atr_change_rate_ts_top50==0&reg_atr_change_rate_ts_top60==0),37320c5111cf,1,42,8,reg_atr_change_rate_ts_top40,regime,atr_change_rate,volatility,1
(*)|(*)|(reg_atr_change_rate_ts_band20_80==1&reg_atr_change_rate_ts_top50==1&reg_atr_change_rate_ts_top60==0),c40e3609873e,1,42,16,reg_atr_change_rate_ts_top60,regime,atr_change_rate,volatility,0
(*)|(*)|(reg_atr_change_rate_ts_band20_80==1&reg_atr_change_rate_ts_top50==1&reg_atr_change_rate_ts_top60==0),c40e3609873e,1,42,28,reg_atr_change_rate_ts_band20_80,regime,atr_change_rate,volatility,1
(*)|(*)|(reg_atr_change_rate_ts_band20_80==1&reg_atr_change_rate_ts_top50==1&reg_atr_change_rate_ts_top60==0),c40e3609873e,1,42,12,reg_atr_change_rate_ts_top50,regime,atr_change_rate,volatility,1
(*)|(*)|(reg_atr_change_rate_ts_top60==1&reg_atr_change_rate_ts_top70==0&reg_atr_change_rate_ts_top80==0),d358ce0640dd,1,42,16,reg_atr_change_rate_ts_top60,regime,atr_change_rate,volatility,1
(*)|(*)|(reg_atr_change_rate_ts_top60==1&reg_atr_change_rate_ts_top70==0&reg_atr_change_rate_ts_top80==0),d358ce0640dd,1,42,24,reg_atr_change_rate_ts_top80,regime,atr_change_rate,volatility,0
(*)|(*)|(reg_atr_change_rate_ts_top60==1&reg_atr_change_rate_ts_top70==0&reg_atr_change_rate_ts_top80==0),d358ce0640dd,1,42,20,reg_atr_change_rate_ts_top70,regime,atr_change_rate,volatility,0
(*)|(*)|(reg_atr_change_rate_ts_band25_75==0&reg_atr_change_rate_ts_top60==1&reg_atr_change_rate_ts_top70==1&reg_atr_change_rate_ts_top80==0),808b87971287,1,42,16,reg_atr_change_rate_ts_top60,regime,atr_change_rate,volatility,1
(*)|(*)|(reg_atr_change_rate_ts_band25_75==0&reg_atr_change_rate_ts_top60==1&reg_atr_change_rate_ts_top70==1&reg_atr_change_rate_ts_top80==0),808b87971287,1,42,24,reg_atr_change_rate_ts_top80,regime,atr_change_rate,volatility,0
(*)|(*)|(reg_atr_change_rate_ts_band25_75==0&reg_atr_change_rate_ts_top60==1&reg_atr_change_rate_ts_top70==1&reg_atr_change_rate_ts_top80==0),808b87971287,1,42,20,reg_atr_change_rate_ts_top70,regime,atr_change_rate,volatility,1
(*)|(*)|(reg_atr_change_rate_ts_band25_75==0&reg_atr_change_rate_ts_top60==1&reg_atr_change_rate_ts_top70==1&reg_atr_change_rate_ts_top80==0),808b87971287,1,42,30,reg_atr_change_rate_ts_band25_75,regime,atr_change_rate,volatility,0
(*)|(*)|(reg_atr_change_rate_ts_band25_75==1&reg_atr_change_rate_ts_top60==1&reg_atr_change_rate_ts_top70==1&reg_atr_change_rate_ts_top80==0),a8a9aaf710d3,1,42,16,reg_atr_change_rate_ts_top60,regime,atr_change_rate,volatility,1
(*)|(*)|(reg_atr_change_rate_ts_band25_75==1&reg_atr_change_rate_ts_top60==1&reg_atr_change_rate_ts_top70==1&reg_atr_change_rate_ts_top80==0),a8a9aaf710d3,1,42,24,reg_atr_change_rate_ts_top80,regime,atr_change_rate,volatility,0
(*)|(*)|(reg_atr_change_rate_ts_band25_75==1&reg_atr_change_rate_ts_top60==1&reg_atr_change_rate_ts_top70==1&reg_atr_change_rate_ts_top80==0),a8a9aaf710d3,1,42,20,reg_atr_change_rate_ts_top70,regime,atr_change_rate,volatility,1
(*)|(*)|(reg_atr_change_rate_ts_band25_75==1&reg_atr_change_rate_ts_top60==1&reg_atr_change_rate_ts_top70==1&reg_atr_change_rate_ts_top80==0),a8a9aaf710d3,1,42,30,reg_atr_change_rate_ts_band25_75,regime,atr_change_rate,volatility,1
(*)|(*)|(reg_atr_change_rate_ts_top60==1&reg_atr_change_rate_ts_top80==1),919afe30ea83,1,42,16,reg_atr_change_rate_ts_top60,regime,atr_change_rate,volatility,1
(*)|(*)|(reg_atr_change_rate_ts_top60==1&reg_atr_change_rate_ts_top80==1),919afe30ea83,1,42,24,reg_atr_change_rate_ts_top80,regime,atr_change_rate,volatility,1
(*)|(loc_dist_ema20_atr_ts_top80==0)|(reg_atr_change_rate_ts_top20==0&reg_ema50_gt_ema200_raw==1),ddbdd7a526e0,1,42,25,loc_dist_ema20_atr_ts_top80,location,dist_ema20_atr,context,0
(*)|(loc_dist_ema20_atr_ts_top80==0)|(reg_atr_change_rate_ts_top20==0&reg_ema50_gt_ema200_raw==1),ddbdd7a526e0,1,42,0,reg_atr_change_rate_ts_top20,regime,atr_change_rate,volatility,0
(*)|(loc_dist_ema20_atr_ts_top80==0)|(reg_atr_change_rate_ts_top20==0&reg_ema50_gt_ema200_raw==1),ddbdd7a526e0,1,42,506,reg_ema50_gt_ema200_raw,regime,ema50_gt_ema200,trend,1
(*)|(loc_dist_ema20_atr_ts_top80==0)|(reg_atr_change_rate_ts_band25_75==0&reg_atr_change_rate_ts_top20==1&reg_atr_change_rate_ts_top60==0&reg_atr_change_rate_ts_top70==0),7b3d34c112ce,1,42,25,loc_dist_ema20_atr_ts_top80,location,dist_ema20_atr,context,0
(*)|(loc_dist_ema20_atr_ts_top80==0)|(reg_atr_change_rate_ts_band25_75==0&reg_atr_change_rate_ts_top20==1&reg_atr_change_rate_ts_top60==0&reg_atr_change_rate_ts_top70==0),7b3d34c112ce,1,42,0,reg_atr_change_rate_ts_top20,regime,atr_change_rate,volatility,1
(*)|(loc_dist_ema20_atr_ts_top80==0)|(reg_atr_change_rate_ts_band25_75==0&reg_atr_change_rate_ts_top20==1&reg_atr_change_rate_ts_top60==0&reg_atr_change_rate_ts_top70==0),7b3d34c112ce,1,42,20,reg_atr_change_rate_ts_top70,regime,atr_change_rate,volatility,0
(*)|(loc_dist_ema20_atr_ts_top80==0)|(reg_atr_change_rate_ts_band25_75==0&reg_atr_change_rate_ts_top20==1&reg_atr_change_rate_ts_top60==0&reg_atr_change_rate_ts_top70==0),7b3d34c112ce,1,42,16,reg_atr_change_rate_ts_top60,regime,atr_change_rate,volatility,0
(*)|(loc_dist_ema20_atr_ts_top80==0)|(reg_atr_change_rate_ts_band25_75==0&reg_atr_change_rate_ts_top20==1&reg_atr_change_rate_ts_top60==0&reg_atr_change_rate_ts_top70==0),7b3d34c112ce,1,42,30,reg_atr_change_rate_ts_band25_75,regime,atr_change_rate,volatility,0
(*)|(loc_dist_ema20_atr_ts_top80==0)|(reg_atr_change_rate_ts_band25_75==1&reg_atr_change_rate_ts_top20==1&reg_atr_change_rate_ts_top40==0&reg_atr_change_rate_ts_top60==0&reg_atr_change_rate_ts_top70==0),f9661f58d5d6,1,42,25,loc_dist_ema20_atr_ts_top80,location,dist_ema20_atr,context,0
(*)|(loc_dist_ema20_atr_ts_top80==0)|(reg_atr_change_rate_ts_band25_75==1&reg_atr_change_rate_ts_top20==1&reg_atr_change_rate_ts_top40==0&reg_atr_change_rate_ts_top60==0&reg_atr_change_rate_ts_top70==0),f9661f58d5d6,1,42,0,reg_atr_change_rate_ts_top20,regime,atr_change_rate,volatility,1
(*)|(loc_dist_ema20_atr_ts_top80==0)|(reg_atr_change_rate_ts_band25_75==1&reg_atr_change_rate_ts_top20==1&reg_atr_change_rate_ts_top40==0&reg_atr_change_rate_ts_top60==0&reg_atr_change_rate_ts_top70==0),f9661f58d5d6,1,42,20,reg_atr_change_rate_ts_top70,regime,atr_change_rate,volatility,0
(*)|(loc_dist_ema20_atr_ts_top80==0)|(reg_atr_change_rate_ts_band25_75==1&reg_atr_change_rate_ts_top20==1&reg_atr_change_rate_ts_top40==0&reg_atr_change_rate_ts_top60==0&reg_atr_change_rate_ts_top70==0),f9661f58d5d6,1,42,16,reg_atr_change_rate_ts_top60,regime,atr_change_rate,volatility,0
(*)|(loc_dist_ema20_atr_ts_top80==0)|(reg_atr_change_rate_ts_band25_75==1&reg_atr_change_rate_ts_top20==1&reg_atr_change_rate_ts_top40==0&reg_atr_change_rate_ts_top60==0&reg_atr_change_rate_ts_top70==0),f9661f58d5d6,1,42,30,reg_atr_change_rate_ts_band25_75,regime,atr_change_rate,volatility,1
(*)|(loc_dist_ema20_atr_ts_top80==0)|(reg_atr_change_rate_ts_band25_75==1&reg_atr_change_rate_ts_top20==1&reg_atr_change_rate_ts_top40==0&reg_atr_change_rate_ts_top60==0&reg_atr_change_rate_ts_top70==0),f9661f58d5d6,1,42,8,reg_atr_change_rate_ts_top40,regime,atr_change_rate,volatility,0
(*)|(loc_dist_ema20_atr_ts_top80==0)|(reg_atr_change_rate_ts_band25_75==1&reg_atr_change_rate_ts_top20==1&reg_atr_change_rate_ts_top40==1&reg_atr_change_rate_ts_top60==0&reg_atr_change_rate_ts_top70==0),083768eef365,1,42,25,loc_dist_ema20_atr_ts_top80,location,dist_ema20_atr,context,0
(*)|(loc_dist_ema20_atr_ts_top80==0)|(reg_atr_change_rate_ts_band25_75==1&reg_atr_change_rate_ts_top20==1&reg_atr_change_rate_ts_top40==1&reg_atr_change_rate_ts_top60==0&reg_atr_change_rate_ts_top70==0),083768eef365,1,42,0,reg_atr_change_rate_ts_top20,regime,atr_change_rate,volatility,1
(*)|(loc_dist_ema20_atr_ts_top80==0)|(reg_atr_change_rate_ts_band25_75==1&reg_atr_change_rate_ts_top20==1&reg_atr_change_rate_ts_top40==1&reg_atr_change_rate_ts_top60==0&reg_atr_change_rate_ts_top70==0),083768eef365,1,42,20,reg_atr_change_rate_ts_top70,regime,atr_change_rate,volatility,0
(*)|(loc_dist_ema20_atr_ts_top80==0)|(reg_atr_change_rate_ts_band25_75==1&reg_atr_change_rate_ts_top20==1&reg_atr_change_rate_ts_top40==1&reg_atr_change_rate_ts_top60==0&reg_atr_change_rate_ts_top70==0),083768eef365,1,42,16,reg_atr_change_rate_ts_top60,regime,atr_change_rate,volatility,0
(*)|(loc_dist_ema20_atr_ts_top80==0)|(reg_atr_change_rate_ts_band25_75==1&reg_atr_change_rate_ts_top20==1&reg_atr_change_rate_ts_top40==1&reg_atr_change_rate_ts_top60==0&reg_atr_change_rate_ts_top70==0),083768eef365,1,42,30,reg_atr_change_rate_ts_band25_75,regime,atr_change_rate,volatility,1
(*)|(loc_dist_ema20_atr_ts_top80==0)|(reg_atr_change_rate_ts_band25_75==1&reg_atr_change_rate_ts_top20==1&reg_atr_change_rate_ts_top40==1&reg_atr_change_rate_ts_top60==0&reg_atr_change_rate_ts_top70==0),083768eef365,1,42,8,reg_atr_change_rate_ts_top40,regime,atr_change_rate,volatility,1
(*)|(loc_dist_ema20_atr_ts_top80==0)|(reg_atr_change_rate_ts_top20==1&reg_atr_change_rate_ts_top60==1&reg_atr_change_rate_ts_top70==0),d961cd61bf4c,1,42,25,loc_dist_ema20_atr_ts_top80,location,dist_ema20_atr,context,0
(*)|(loc_dist_ema20_atr_ts_top80==0)|(reg_atr_change_rate_ts_top20==1&reg_atr_change_rate_ts_top60==1&reg_atr_change_rate_ts_top70==0),d961cd61bf4c,1,42,0,reg_atr_change_rate_ts_top20,regime,atr_change_rate,volatility,1
(*)|(loc_dist_ema20_atr_ts_top80==0)|(reg_atr_change_rate_ts_top20==1&reg_atr_change_rate_ts_top60==1&reg_atr_change_rate_ts_top70==0),d961cd61bf4c,1,42,20,reg_atr_change_rate_ts_top70,regime,atr_change_rate,volatility,0
(*)|(loc_dist_ema20_atr_ts_top80==0)|(reg_atr_change_rate_ts_top20==1&reg_atr_change_rate_ts_top60==1&reg_atr_change_rate_ts_top70==0),d961cd61bf4c,1,42,16,reg_atr_change_rate_ts_top60,regime,atr_change_rate,volatility,1
(*)|(loc_dist_ema20_atr_ts_top80==0)|(reg_atr_change_rate_ts_band25_75==0&reg_atr_change_rate_ts_top20==1&reg_atr_change_rate_ts_top70==1),db40dd3f887a,1,42,25,loc_dist_ema20_atr_ts_top80,location,dist_ema20_atr,context,0
(*)|(loc_dist_ema20_atr_ts_top80==0)|(reg_atr_change_rate_ts_band25_75==0&reg_atr_change_rate_ts_top20==1&reg_atr_change_rate_ts_top70==1),db40dd3f887a,1,42,0,reg_atr_change_rate_ts_top20,regime,atr_change_rate,volatility,1
(*)|(loc_dist_ema20_atr_ts_top80==0)|(reg_atr_change_rate_ts_band25_75==0&reg_atr_change_rate_ts_top20==1&reg_atr_change_rate_ts_top70==1),db40dd3f887a,1,42,20,reg_atr_change_rate_ts_top70,regime,atr_change_rate,volatility,1
(*)|(loc_dist_ema20_atr_ts_top80==0)|(reg_atr_change_rate_ts_band25_75==0&reg_atr_change_rate_ts_top20==1&reg_atr_change_rate_ts_top70==1),db40dd3f887a,1,42,30,reg_atr_change_rate_ts_band25_75,regime,atr_change_rate,volatility,0
(*)|(loc_dist_ema20_atr_ts_top80==0)|(reg_atr_change_rate_ts_band25_75==1&reg_atr_change_rate_ts_top20==1&reg_atr_change_rate_ts_top70==1),7cb089da2b00,1,42,25,loc_dist_ema20_atr_ts_top80,location,dist_ema20_atr,context,0
(*)|(loc_dist_ema20_atr_ts_top80==0)|(reg_atr_change_rate_ts_band25_75==1&reg_atr_change_rate_ts_top20==1&reg_atr_change_rate_ts_top70==1),7cb089da2b00,1,42,0,reg_atr_change_rate_ts_top20,regime,atr_change_rate,volatility,1
(*)|(loc_dist_ema20_atr_ts_top80==0)|(reg_atr_change_rate_ts_band25_75==1&reg_atr_change_rate_ts_top20==1&reg_atr_change_rate_ts_top70==1),7cb089da2b00,1,42,20,reg_atr_change_rate_ts_top70,regime,atr_change_rate,volatility,1
(*)|(loc_dist_ema20_atr_ts_top80==0)|(reg_atr_change_rate_ts_band25_75==1&reg_atr_change_rate_ts_top20==1&reg_atr_change_rate_ts_top70==1),7cb089da2b00,1,42,30,reg_atr_change_rate_ts_band25_75,regime,atr_change_rate,volatility,1
(*)|(loc_dist_ema20_atr_ts_top80==1)|(*),967a34cf97c7,1,42,25,loc_dist_ema20_atr_ts_top80,location,dist_ema20_atr,context,1
(*)|(loc_dist_ema20_atr_ts_top20==0)|(reg_atr_change_rate_ts_top60==0&reg_ema20_gt_ema50_raw==1),00e4c2e806e0,1,42,16,reg_atr_change_rate_ts_top60,regime,atr_change_rate,volatility,0
(*)|(loc_dist_ema20_atr_ts_top20==0)|(reg_atr_change_rate_ts_top60==0&reg_ema20_gt_ema50_raw==1),00e4c2e806e0,1,42,432,reg_ema20_gt_ema50_raw,regime,ema20_gt_ema50,trend,1
(*)|(loc_dist_ema20_atr_ts_top20==0)|(reg_atr_change_rate_ts_top60==0&reg_ema20_gt_ema50_raw==1),00e4c2e806e0,1,42,1,loc_dist_ema20_atr_ts_top20,location,dist_ema20_atr,context,0
(*)|(loc_dist_ema20_atr_ts_top20==1)|(reg_atr_change_rate_ts_band25_75==0&reg_atr_change_rate_ts_top60==0),a73124f7350a,1,42,16,reg_atr_change_rate_ts_top60,regime,atr_change_rate,volatility,0
(*)|(loc_dist_ema20_atr_ts_top20==1)|(reg_atr_change_rate_ts_band25_75==0&reg_atr_change_rate_ts_top60==0),a73124f7350a,1,42,30,reg_atr_change_rate_ts_band25_75,regime,atr_change_rate,volatility,0
(*)|(loc_dist_ema20_atr_ts_top20==1)|(reg_atr_change_rate_ts_band25_75==0&reg_atr_change_rate_ts_top60==0),a73124f7350a,1,42,1,loc_dist_ema20_atr_ts_top20,location,dist_ema20_atr,context,1
(*)|(loc_dist_ema20_atr_ts_top20==1&loc_dist_ema20_atr_ts_top30==0)|(reg_atr_change_rate_ts_band25_75==1&reg_atr_change_rate_ts_top40==0&reg_atr_change_rate_ts_top60==0),4663fd6092f9,1,42,16,reg_atr_change_rate_ts_top60,regime,atr_change_rate,volatility,0
(*)|(loc_dist_ema20_atr_ts_top20==1&loc_dist_ema20_atr_ts_top30==0)|(reg_atr_change_rate_ts_band25_75==1&reg_atr_change_rate_ts_top40==0&reg_atr_change_rate_ts_top60==0),4663fd6092f9,1,42,30,reg_atr_change_rate_ts_band25_75,regime,atr_change_rate,volatility,1
(*)|(loc_dist_ema20_atr_ts_top20==1&loc_dist_ema20_atr_ts_top30==0)|(reg_atr_change_rate_ts_band25_75==1&reg_atr_change_rate_ts_top40==0&reg_atr_change_rate_ts_top60==0),4663fd6092f9,1,42,8,reg_atr_change_rate_ts_top40,regime,atr_change_rate,volatility,0
(*)|(loc_dist_ema20_atr_ts_top20==1&loc_dist_ema20_atr_ts_top30==0)|(reg_atr_change_rate_ts_band25_75==1&reg_atr_change_rate_ts_top40==0&reg_atr_change_rate_ts_top60==0),4663fd6092f9,1,42,1,loc_dist_ema20_atr_ts_top20,location,dist_ema20_atr,context,1
(*)|(loc_dist_ema20_atr_ts_top20==1&loc_dist_ema20_atr_ts_top30==0)|(reg_atr_change_rate_ts_band25_75==1&reg_atr_change_rate_ts_top40==0&reg_atr_change_rate_ts_top60==0),4663fd6092f9,1,42,5,loc_dist_ema20_atr_ts_top30,location,dist_ema20_atr,context,0
(*)|(loc_dist_ema20_atr_ts_top20==1&loc_dist_ema20_atr_ts_top30==1)|(reg_atr_change_rate_ts_band25_75==1&reg_atr_change_rate_ts_top40==0&reg_atr_change_rate_ts_top60==0),ff2a3c1c1c8c,1,42,16,reg_atr_change_rate_ts_top60,regime,atr_change_rate,volatility,0
(*)|(loc_dist_ema20_atr_ts_top20==1&loc_dist_ema20_atr_ts_top30==1)|(reg_atr_change_rate_ts_band25_75==1&reg_atr_change_rate_ts_top40==0&reg_atr_change_rate_ts_top60==0),ff2a3c1c1c8c,1,42,30,reg_atr_change_rate_ts_band25_75,regime,atr_change_rate,volatility,1
(*)|(loc_dist_ema20_atr_ts_top20==1&loc_dist_ema20_atr_ts_top30==1)|(reg_atr_change_rate_ts_band25_75==1&reg_atr_change_rate_ts_top40==0&reg_atr_change_rate_ts_top60==0),ff2a3c1c1c8c,1,42,8,reg_atr_change_rate_ts_top40,regime,atr_change_rate,volatility,0
(*)|(loc_dist_ema20_atr_ts_top20==1&loc_dist_ema20_atr_ts_top30==1)|(reg_atr_change_rate_ts_band25_75==1&reg_atr_change_rate_ts_top40==0&reg_atr_change_rate_ts_top60==0),ff2a3c1c1c8c,1,42,1,loc_dist_ema20_atr_ts_top20,location,dist_ema20_atr,context,1
(*)|(loc_dist_ema20_atr_ts_top20==1&loc_dist_ema20_atr_ts_top30==1)|(reg_atr_change_rate_ts_band25_75==1&reg_atr_change_rate_ts_top40==0&reg_atr_change_rate_ts_top60==0),ff2a3c1c1c8c,1,42,5,loc_dist_ema20_atr_ts_top30,location,dist_ema20_atr,context,1
(*)|(loc_dist_ema20_atr_ts_top20==1)|(reg_atr_change_rate_ts_band25_75==1&reg_atr_change_rate_ts_top40==1&reg_atr_change_rate_ts_top50==0&reg_atr_change_rate_ts_top60==0),7e5b77b2ec36,1,42,16,reg_atr_change_rate_ts_top60,regime,atr_change_rate,volatility,0
(*)|(loc_dist_ema20_atr_ts_top20==1)|(reg_atr_change_rate_ts_band25_75==1&reg_atr_change_rate_ts_top40==1&reg_atr_change_rate_ts_top50==0&reg_atr_change_rate_ts_top60==0),7e5b77b2ec36,1,42,30,reg_atr_change_rate_ts_band25_75,regime,atr_change_rate,volatility,1
(*)|(loc_dist_ema20_atr_ts_top20==1)|(reg_atr_change_rate_ts_band25_75==1&reg_atr_change_rate_ts_top40==1&reg_atr_change_rate_ts_top50==0&reg_atr_change_rate_ts_top60==0),7e5b77b2ec36,1,42,8,reg_atr_change_rate_ts_top40,regime,atr_change_rate,volatility,1
(*)|(loc_dist_ema20_atr_ts_top20==1)|(reg_atr_change_rate_ts_band25_75==1&reg_atr_change_rate_ts_top40==1&reg_atr_change_rate_ts_top50==0&reg_atr_change_rate_ts_top60==0),7e5b77b2ec36,1,42,12,reg_atr_change_rate_ts_top50,regime,atr_change_rate,volatility,0
(*)|(loc_dist_ema20_atr_ts_top20==1)|(reg_atr_change_rate_ts_band25_75==1&reg_atr_change_rate_ts_top40==1&reg_atr_change_rate_ts_top50==0&reg_atr_change_rate_ts_top60==0),7e5b77b2ec36,1,42,1,loc_dist_ema20_atr_ts_top20,location,dist_ema20_atr,context,1
(*)|(loc_dist_ema20_atr_ts_top20==1)|(reg_atr_change_rate_ts_band25_75==1&reg_atr_change_rate_ts_top40==1&reg_atr_change_rate_ts_top50==1&reg_atr_change_rate_ts_top60==0),1a5ca858a91c,1,42,16,reg_atr_change_rate_ts_top60,regime,atr_change_rate,volatility,0
(*)|(loc_dist_ema20_atr_ts_top20==1)|(reg_atr_change_rate_ts_band25_75==1&reg_atr_change_rate_ts_top40==1&reg_atr_change_rate_ts_top50==1&reg_atr_change_rate_ts_top60==0),1a5ca858a91c,1,42,30,reg_atr_change_rate_ts_band25_75,regime,atr_change_rate,volatility,1
(*)|(loc_dist_ema20_atr_ts_top20==1)|(reg_atr_change_rate_ts_band25_75==1&reg_atr_change_rate_ts_top40==1&reg_atr_change_rate_ts_top50==1&reg_atr_change_rate_ts_top60==0),1a5ca858a91c,1,42,8,reg_atr_change_rate_ts_top40,regime,atr_change_rate,volatility,1
(*)|(loc_dist_ema20_atr_ts_top20==1)|(reg_atr_change_rate_ts_band25_75==1&reg_atr_change_rate_ts_top40==1&reg_atr_change_rate_ts_top50==1&reg_atr_change_rate_ts_top60==0),1a5ca858a91c,1,42,12,reg_atr_change_rate_ts_top50,regime,atr_change_rate,volatility,1
(*)|(loc_dist_ema20_atr_ts_top20==1)|(reg_atr_change_rate_ts_band25_75==1&reg_atr_change_rate_ts_top40==1&reg_atr_change_rate_ts_top50==1&reg_atr_change_rate_ts_top60==0),1a5ca858a91c,1,42,1,loc_dist_ema20_atr_ts_top20,location,dist_ema20_atr,context,1
(*)|(*)|(reg_atr_change_rate_ts_top60==1&reg_atr_change_rate_ts_top70==0),2cffe104a94f,1,42,16,reg_atr_change_rate_ts_top60,regime,atr_change_rate,volatility,1
(*)|(*)|(reg_atr_change_rate_ts_top60==1&reg_atr_change_rate_ts_top70==0),2cffe104a94f,1,42,20,reg_atr_change_rate_ts_top70,regime,atr_change_rate,volatility,0
(*)|(*)|(reg_atr_change_rate_ts_band25_75==0&reg_atr_change_rate_ts_top60==1&reg_atr_change_rate_ts_top70==1&reg_atr_change_rate_ts_top80==0),3a4da6af2412,1,42,16,reg_atr_change_rate_ts_top60,regime,atr_change_rate,volatility,1
(*)|(*)|(reg_atr_change_rate_ts_band25_75==0&reg_atr_change_rate_ts_top60==1&reg_atr_change_rate_ts_top70==1&reg_atr_change_rate_ts_top80==0),3a4da6af2412,1,42,20,reg_atr_change_rate_ts_top70,regime,atr_change_rate,volatility,1
(*)|(*)|(reg_atr_change_rate_ts_band25_75==0&reg_atr_change_rate_ts_top60==1&reg_atr_change_rate_ts_top70==1&reg_atr_change_rate_ts_top80==0),3a4da6af2412,1,42,24,reg_atr_change_rate_ts_top80,regime,atr_change_rate,volatility,0
(*)|(*)|(reg_atr_change_rate_ts_band25_75==0&reg_atr_change_rate_ts_top60==1&reg_atr_change_rate_ts_top70==1&reg_atr_change_rate_ts_top80==0),3a4da6af2412,1,42,30,reg_atr_change_rate_ts_band25_75,regime,atr_change_rate,volatility,0
(*)|(*)|(reg_atr_change_rate_ts_band25_75==1&reg_atr_change_rate_ts_top60==1&reg_atr_change_rate_ts_top70==1&reg_atr_change_rate_ts_top80==0),c1610de01d70,1,42,16,reg_atr_change_rate_ts_top60,regime,atr_change_rate,volatility,1
(*)|(*)|(reg_atr_change_rate_ts_band25_75==1&reg_atr_change_rate_ts_top60==1&reg_atr_change_rate_ts_top70==1&reg_atr_change_rate_ts_top80==0),c1610de01d70,1,42,20,reg_atr_change_rate_ts_top70,regime,atr_change_rate,volatility,1
(*)|(*)|(reg_atr_change_rate_ts_band25_75==1&reg_atr_change_rate_ts_top60==1&reg_atr_change_rate_ts_top70==1&reg_atr_change_rate_ts_top80==0),c1610de01d70,1,42,24,reg_atr_change_rate_ts_top80,regime,atr_change_rate,volatility,0
(*)|(*)|(reg_atr_change_rate_ts_band25_75==1&reg_atr_change_rate_ts_top60==1&reg_atr_change_rate_ts_top70==1&reg_atr_change_rate_ts_top80==0),c1610de01d70,1,42,30,reg_atr_change_rate_ts_band25_75,regime,atr_change_rate,volatility,1
(*)|(*)|(reg_atr_change_rate_ts_top60==1&reg_atr_change_rate_ts_top70==1&reg_atr_change_rate_ts_top80==1),15c4ba693044,1,42,16,reg_atr_change_rate_ts_top60,regime,atr_change_rate,volatility,1
(*)|(*)|(reg_atr_change_rate_ts_top60==1&reg_atr_change_rate_ts_top70==1&reg_atr_change_rate_ts_top80==1),15c4ba693044,1,42,20,reg_atr_change_rate_ts_top70,regime,atr_change_rate,volatility,1
(*)|(*)|(reg_atr_change_rate_ts_top60==1&reg_atr_change_rate_ts_top70==1&reg_atr_change_rate_ts_top80==1),15c4ba693044,1,42,24,reg_atr_change_rate_ts_top80,regime,atr_change_rate,volatility,1
(*)|(loc_dist_ema20_atr_ts_bot20==1&loc_dist_ema20_atr_ts_top60==0)|(reg_atr_change_rate_ts_band25_75==0&reg_atr_change_rate_ts_top40==0&reg_atr_change_rate_ts_top50==0&reg_ema50_gt_ema200_raw==0),bec3bd880d2f,2,42,17,loc_dist_ema20_atr_ts_top60,location,dist_ema20_atr,context,0
(*)|(loc_dist_ema20_atr_ts_bot20==1&loc_dist_ema20_atr_ts_top60==0)|(reg_atr_change_rate_ts_band25_75==0&reg_atr_change_rate_ts_top40==0&reg_atr_change_rate_ts_top50==0&reg_ema50_gt_ema200_raw==0),bec3bd880d2f,2,42,3,loc_dist_ema20_atr_ts_bot20,location,dist_ema20_atr,context,1
(*)|(loc_dist_ema20_atr_ts_bot20==1&loc_dist_ema20_atr_ts_top60==0)|(reg_atr_change_rate_ts_band25_75==0&reg_atr_change_rate_ts_top40==0&reg_atr_change_rate_ts_top50==0&reg_ema50_gt_ema200_raw==0),bec3bd880d2f,2,42,12,reg_atr_change_rate_ts_top50,regime,atr_change_rate,volatility,0
(*)|(loc_dist_ema20_atr_ts_bot20==1&loc_dist_ema20_atr_ts_top60==0)|(reg_atr_change_rate_ts_band25_75==0&reg_atr_change_rate_ts_top40==0&reg_atr_change_rate_ts_top50==0&reg_ema50_gt_ema200_raw==0),bec3bd880d2f,2,42,8,reg_atr_change_rate_ts_top40,regime,atr_change_rate,volatility,0
(*)|(loc_dist_ema20_atr_ts_bot20==1&loc_dist_ema20_atr_ts_top60==0)|(reg_atr_change_rate_ts_band25_75==0&reg_atr_change_rate_ts_top40==0&reg_atr_change_rate_ts_top50==0&reg_ema50_gt_ema200_raw==0),bec3bd880d2f,2,42,30,reg_atr_change_rate_ts_band25_75,regime,atr_change_rate,volatility,0
(*)|(loc_dist_ema20_atr_ts_bot20==1&loc_dist_ema20_atr_ts_top60==0)|(reg_atr_change_rate_ts_band25_75==0&reg_atr_change_rate_ts_top40==0&reg_atr_change_rate_ts_top50==0&reg_ema50_gt_ema200_raw==0),bec3bd880d2f,2,42,506,reg_ema50_gt_ema200_raw,regime,ema50_gt_ema200,trend,0
(*)|(loc_dist_ema20_atr_ts_bot20==1&loc_dist_ema20_atr_ts_top60==0)|(reg_atr_change_rate_ts_band25_75==0&reg_atr_change_rate_ts_top40==0&reg_atr_change_rate_ts_top50==0&reg_ema50_gt_ema200_raw==1),91abbde4a1e8,2,42,17,loc_dist_ema20_atr_ts_top60,location,dist_ema20_atr,context,0
(*)|(loc_dist_ema20_atr_ts_bot20==1&loc_dist_ema20_atr_ts_top60==0)|(reg_atr_change_rate_ts_band25_75==0&reg_atr_change_rate_ts_top40==0&reg_atr_change_rate_ts_top50==0&reg_ema50_gt_ema200_raw==1),91abbde4a1e8,2,42,3,loc_dist_ema20_atr_ts_bot20,location,dist_ema20_atr,context,1
(*)|(loc_dist_ema20_atr_ts_bot20==1&loc_dist_ema20_atr_ts_top60==0)|(reg_atr_change_rate_ts_band25_75==0&reg_atr_change_rate_ts_top40==0&reg_atr_change_rate_ts_top50==0&reg_ema50_gt_ema200_raw==1),91abbde4a1e8,2,42,12,reg_atr_change_rate_ts_top50,regime,atr_change_rate,volatility,0
(*)|(loc_dist_ema20_atr_ts_bot20==1&loc_dist_ema20_atr_ts_top60==0)|(reg_atr_change_rate_ts_band25_75==0&reg_atr_change_rate_ts_top40==0&reg_atr_change_rate_ts_top50==0&reg_ema50_gt_ema200_raw==1),91abbde4a1e8,2,42,8,reg_atr_change_rate_ts_top40,regime,atr_change_rate,volatility,0
(*)|(loc_dist_ema20_atr_ts_bot20==1&loc_dist_ema20_atr_ts_top60==0)|(reg_atr_change_rate_ts_band25_75==0&reg_atr_change_rate_ts_top40==0&reg_atr_change_rate_ts_top50==0&reg_ema50_gt_ema200_raw==1),91abbde4a1e8,2,42,30,reg_atr_change_rate_ts_band25_75,regime,atr_change_rate,volatility,0
(*)|(loc_dist_ema20_atr_ts_bot20==1&loc_dist_ema20_atr_ts_top60==0)|(reg_atr_change_rate_ts_band25_75==0&reg_atr_change_rate_ts_top40==0&reg_atr_change_rate_ts_top50==0&reg_ema50_gt_ema200_raw==1),91abbde4a1e8,2,42,506,reg_ema50_gt_ema200_raw,regime,ema50_gt_ema200,trend,1
(*)|(loc_dist_ema20_atr_ts_top60==0)|(reg_atr_change_rate_ts_band25_75==1&reg_atr_change_rate_ts_top30==0&reg_atr_change_rate_ts_top40==0&reg_atr_change_rate_ts_top50==0),399459a9148b,2,42,17,loc_dist_ema20_atr_ts_top60,location,dist_ema20_atr,context,0
(*)|(loc_dist_ema20_atr_ts_top60==0)|(reg_atr_change_rate_ts_band25_75==1&reg_atr_change_rate_ts_top30==0&reg_atr_change_rate_ts_top40==0&reg_atr_change_rate_ts_top50==0),399459a9148b,2,42,12,reg_atr_change_rate_ts_top50,regime,atr_change_rate,volatility,0
(*)|(loc_dist_ema20_atr_ts_top60==0)|(reg_atr_change_rate_ts_band25_75==1&reg_atr_change_rate_ts_top30==0&reg_atr_change_rate_ts_top40==0&reg_atr_change_rate_ts_top50==0),399459a9148b,2,42,8,reg_atr_change_rate_ts_top40,regime,atr_change_rate,volatility,0
(*)|(loc_dist_ema20_atr_ts_top60==0)|(reg_atr_change_rate_ts_band25_75==1&reg_atr_change_rate_ts_top30==0&reg_atr_change_rate_ts_top40==0&reg_atr_change_rate_ts_top50==0),399459a9148b,2,42,30,reg_atr_change_rate_ts_band25_75,regime,atr_change_rate,volatility,1
(*)|(loc_dist_ema20_atr_ts_top60==0)|(reg_atr_change_rate_ts_band25_75==1&reg_atr_change_rate_ts_top30==0&reg_atr_change_rate_ts_top40==0&reg_atr_change_rate_ts_top50==0),399459a9148b,2,42,4,reg_atr_change_rate_ts_top30,regime,atr_change_rate,volatility,0
(*)|(loc_dist_ema20_atr_ts_top60==0)|(reg_atr_change_rate_ts_band25_75==1&reg_atr_change_rate_ts_top30==1&reg_atr_change_rate_ts_top40==0&reg_atr_change_rate_ts_top50==0),27616efdc5ac,2,42,17,loc_dist_ema20_atr_ts_top60,location,dist_ema20_atr,context,0
(*)|(loc_dist_ema20_atr_ts_top60==0)|(reg_atr_change_rate_ts_band25_75==1&reg_atr_change_rate_ts_top30==1&reg_atr_change_rate_ts_top40==0&reg_atr_change_rate_ts_top50==0),27616efdc5ac,2,42,12,reg_atr_change_rate_ts_top50,regime,atr_change_rate,volatility,0
(*)|(loc_dist_ema20_atr_ts_top60==0)|(reg_atr_change_rate_ts_band25_75==1&reg_atr_change_rate_ts_top30==1&reg_atr_change_rate_ts_top40==0&reg_atr_change_rate_ts_top50==0),27616efdc5ac,2,42,8,reg_atr_change_rate_ts_top40,regime,atr_change_rate,volatility,0
(*)|(loc_dist_ema20_atr_ts_top60==0)|(reg_atr_change_rate_ts_band25_75==1&reg_atr_change_rate_ts_top30==1&reg_atr_change_rate_ts_top40==0&reg_atr_change_rate_ts_top50==0),27616efdc5ac,2,42,30,reg_atr_change_rate_ts_band25_75,regime,atr_change_rate,volatility,1
(*)|(loc_dist_ema20_atr_ts_top60==0)|(reg_atr_change_rate_ts_band25_75==1&reg_atr_change_rate_ts_top30==1&reg_atr_change_rate_ts_top40==0&reg_atr_change_rate_ts_top50==0),27616efdc5ac,2,42,4,reg_atr_change_rate_ts_top30,regime,atr_change_rate,volatility,1
(*)|(loc_dist_ema20_atr_ts_top60==0)|(reg_atr_change_rate_ts_top40==1&reg_atr_change_rate_ts_top50==0),c3157711e007,2,42,17,loc_dist_ema20_atr_ts_top60,location,dist_ema20_atr,context,0
(*)|(loc_dist_ema20_atr_ts_top60==0)|(reg_atr_change_rate_ts_top40==1&reg_atr_change_rate_ts_top50==0),c3157711e007,2,42,12,reg_atr_change_rate_ts_top50,regime,atr_change_rate,volatility,0
(*)|(loc_dist_ema20_atr_ts_top60==0)|(reg_atr_change_rate_ts_top40==1&reg_atr_change_rate_ts_top50==0),c3157711e007,2,42,8,reg_atr_change_rate_ts_top40,regime,atr_change_rate,volatility,1
(*)|(loc_dist_ema20_atr_ts_top60==0)|(reg_atr_change_rate_ts_top50==1),e39131e04e00,2,42,17,loc_dist_ema20_atr_ts_top60,location,dist_ema20_atr,context,0
(*)|(loc_dist_ema20_atr_ts_top60==0)|(reg_atr_change_rate_ts_top50==1),e39131e04e00,2,42,12,reg_atr_change_rate_ts_top50,regime,atr_change_rate,volatility,1
(*)|(loc_dist_ema20_atr_ts_top60==1)|(reg_atr_change_rate_ts_top70==0),0a9082ff1911,2,42,17,loc_dist_ema20_atr_ts_top60,location,dist_ema20_atr,context,1
(*)|(loc_dist_ema20_atr_ts_top60==1)|(reg_atr_change_rate_ts_top70==0),0a9082ff1911,2,42,20,reg_atr_change_rate_ts_top70,regime,atr_change_rate,volatility,0
(*)|(loc_dist_ema20_atr_ts_top60==1)|(reg_atr_change_rate_ts_band25_75==0&reg_atr_change_rate_ts_top70==1&reg_atr_change_rate_ts_top80==0),416250ab43d0,2,42,17,loc_dist_ema20_atr_ts_top60,location,dist_ema20_atr,context,1
(*)|(loc_dist_ema20_atr_ts_top60==1)|(reg_atr_change_rate_ts_band25_75==0&reg_atr_change_rate_ts_top70==1&reg_atr_change_rate_ts_top80==0),416250ab43d0,2,42,20,reg_atr_change_rate_ts_top70,regime,atr_change_rate,volatility,1
(*)|(loc_dist_ema20_atr_ts_top60==1)|(reg_atr_change_rate_ts_band25_75==0&reg_atr_change_rate_ts_top70==1&reg_atr_change_rate_ts_top80==0),416250ab43d0,2,42,30,reg_atr_change_rate_ts_band25_75,regime,atr_change_rate,volatility,0
(*)|(loc_dist_ema20_atr_ts_top60==1)|(reg_atr_change_rate_ts_band25_75==0&reg_atr_change_rate_ts_top70==1&reg_atr_change_rate_ts_top80==0),416250ab43d0,2,42,24,reg_atr_change_rate_ts_top80,regime,atr_change_rate,volatility,0
(*)|(loc_dist_ema20_atr_ts_top60==1)|(reg_atr_change_rate_ts_band25_75==0&reg_atr_change_rate_ts_top70==1&reg_atr_change_rate_ts_top80==1),3ee4b8a65a70,2,42,17,loc_dist_ema20_atr_ts_top60,location,dist_ema20_atr,context,1
(*)|(loc_dist_ema20_atr_ts_top60==1)|(reg_atr_change_rate_ts_band25_75==0&reg_atr_change_rate_ts_top70==1&reg_atr_change_rate_ts_top80==1),3ee4b8a65a70,2,42,20,reg_atr_change_rate_ts_top70,regime,atr_change_rate,volatility,1
(*)|(loc_dist_ema20_atr_ts_top60==1)|(reg_atr_change_rate_ts_band25_75==0&reg_atr_change_rate_ts_top70==1&reg_atr_change_rate_ts_top80==1),3ee4b8a65a70,2,42,30,reg_atr_change_rate_ts_band25_75,regime,atr_change_rate,volatility,0
(*)|(loc_dist_ema20_atr_ts_top60==1)|(reg_atr_change_rate_ts_band25_75==0&reg_atr_change_rate_ts_top70==1&reg_atr_change_rate_ts_top80==1),3ee4b8a65a70,2,42,24,reg_atr_change_rate_ts_top80,regime,atr_change_rate,volatility,1
(*)|(loc_dist_ema20_atr_ts_top60==1)|(reg_atr_change_rate_ts_band25_75==1&reg_atr_change_rate_ts_top70==1),c4dc9f2cbd5c,2,42,17,loc_dist_ema20_atr_ts_top60,location,dist_ema20_atr,context,1
(*)|(loc_dist_ema20_atr_ts_top60==1)|(reg_atr_change_rate_ts_band25_75==1&reg_atr_change_rate_ts_top70==1),c4dc9f2cbd5c,2,42,20,reg_atr_change_rate_ts_top70,regime,atr_change_rate,volatility,1
(*)|(loc_dist_ema20_atr_ts_top60==1)|(reg_atr_change_rate_ts_band25_75==1&reg_atr_change_rate_ts_top70==1),c4dc9f2cbd5c,2,42,30,reg_atr_change_rate_ts_band25_75,regime,atr_change_rate,volatility,1
(*)|(*)|(reg_atr_change_rate_ts_top60==1&reg_ema50_gt_ema200_raw==0),6d3928f2fa4b,2,42,506,reg_ema50_gt_ema200_raw,regime,ema50_gt_ema200,trend,0
(*)|(*)|(reg_atr_change_rate_ts_top60==1&reg_ema50_gt_ema200_raw==0),6d3928f2fa4b,2,42,16,reg_atr_change_rate_ts_top60,regime,atr_change_rate,volatility,1
(*)|(loc_dist_ema20_atr_ts_top70==0)|(reg_atr_change_rate_ts_bot50==0&reg_atr_change_rate_ts_top60==0&reg_ema50_gt_ema200_raw==1),1071abffb87b,2,42,506,reg_ema50_gt_ema200_raw,regime,ema50_gt_ema200,trend,1
(*)|(loc_dist_ema20_atr_ts_top70==0)|(reg_atr_change_rate_ts_bot50==0&reg_atr_change_rate_ts_top60==0&reg_ema50_gt_ema200_raw==1),1071abffb87b,2,42,16,reg_atr_change_rate_ts_top60,regime,atr_change_rate,volatility,0
(*)|(loc_dist_ema20_atr_ts_top70==0)|(reg_atr_change_rate_ts_bot50==0&reg_atr_change_rate_ts_top60==0&reg_ema50_gt_ema200_raw==1),1071abffb87b,2,42,14,reg_atr_change_rate_ts_bot50,regime,atr_change_rate,volatility,0
(*)|(loc_dist_ema20_atr_ts_top70==0)|(reg_atr_change_rate_ts_bot50==0&reg_atr_change_rate_ts_top60==0&reg_ema50_gt_ema200_raw==1),1071abffb87b,2,42,21,loc_dist_ema20_atr_ts_top70,location,dist_ema20_atr,context,0
(*)|(loc_dist_ema20_atr_ts_bot40==0&loc_dist_ema20_atr_ts_top70==0)|(reg_atr_change_rate_ts_bot50==1&reg_atr_change_rate_ts_top60==0&reg_ema50_gt_ema200_raw==1),5df9090e6b58,2,42,506,reg_ema50_gt_ema200_raw,regime,ema50_gt_ema200,trend,1
(*)|(loc_dist_ema20_atr_ts_bot40==0&loc_dist_ema20_atr_ts_top70==0)|(reg_atr_change_rate_ts_bot50==1&reg_atr_change_rate_ts_top60==0&reg_ema50_gt_ema200_raw==1),5df9090e6b58,2,42,16,reg_atr_change_rate_ts_top60,regime,atr_change_rate,volatility,0
(*)|(loc_dist_ema20_atr_ts_bot40==0&loc_dist_ema20_atr_ts_top70==0)|(reg_atr_change_rate_ts_bot50==1&reg_atr_change_rate_ts_top60==0&reg_ema50_gt_ema200_raw==1),5df9090e6b58,2,42,14,reg_atr_change_rate_ts_bot50,regime,atr_change_rate,volatility,1
(*)|(loc_dist_ema20_atr_ts_bot40==0&loc_dist_ema20_atr_ts_top70==0)|(reg_atr_change_rate_ts_bot50==1&reg_atr_change_rate_ts_top60==0&reg_ema50_gt_ema200_raw==1),5df9090e6b58,2,42,21,loc_dist_ema20_atr_ts_top70,location,dist_ema20_atr,context,0
(*)|(loc_dist_ema20_atr_ts_bot40==0&loc_dist_ema20_atr_ts_top70==0)|(reg_atr_change_rate_ts_bot50==1&reg_atr_change_rate_ts_top60==0&reg_ema50_gt_ema200_raw==1),5df9090e6b58,2,42,11,loc_dist_ema20_atr_ts_bot40,location,dist_ema20_atr,context,0
(*)|(loc_dist_ema20_atr_ts_bot40==1&loc_dist_ema20_atr_ts_top70==0)|(reg_atr_change_rate_ts_bot50==1&reg_atr_change_rate_ts_top30==0&reg_atr_change_rate_ts_top60==0&reg_ema50_gt_ema200_raw==1),d0eda8bf685a,2,42,506,reg_ema50_gt_ema200_raw,regime,ema50_gt_ema200,trend,1
(*)|(loc_dist_ema20_atr_ts_bot40==1&loc_dist_ema20_atr_ts_top70==0)|(reg_atr_change_rate_ts_bot50==1&reg_atr_change_rate_ts_top30==0&reg_atr_change_rate_ts_top60==0&reg_ema50_gt_ema200_raw==1),d0eda8bf685a,2,42,16,reg_atr_change_rate_ts_top60,regime,atr_change_rate,volatility,0
(*)|(loc_dist_ema20_atr_ts_bot40==1&loc_dist_ema20_atr_ts_top70==0)|(reg_atr_change_rate_ts_bot50==1&reg_atr_change_rate_ts_top30==0&reg_atr_change_rate_ts_top60==0&reg_ema50_gt_ema200_raw==1),d0eda8bf685a,2,42,14,reg_atr_change_rate_ts_bot50,regime,atr_change_rate,volatility,1
(*)|(loc_dist_ema20_atr_ts_bot40==1&loc_dist_ema20_atr_ts_top70==0)|(reg_atr_change_rate_ts_bot50==1&reg_atr_change_rate_ts_top30==0&reg_atr_change_rate_ts_top60==0&reg_ema50_gt_ema200_raw==1),d0eda8bf685a,2,42,4,reg_atr_change_rate_ts_top30,regime,atr_change_rate,volatility,0
(*)|(loc_dist_ema20_atr_ts_bot40==1&loc_dist_ema20_atr_ts_top70==0)|(reg_atr_change_rate_ts_bot50==1&reg_atr_change_rate_ts_top30==0&reg_atr_change_rate_ts_top60==0&reg_ema50_gt_ema200_raw==1),d0eda8bf685a,2,42,21,loc_dist_ema20_atr_ts_top70,location,dist_ema20_atr,context,0
(*)|(loc_dist_ema20_atr_ts_bot40==1&loc_dist_ema20_atr_ts_top70==0)|(reg_atr_change_rate_ts_bot50==1&reg_atr_change_rate_ts_top30==0&reg_atr_change_rate_ts_top60==0&reg_ema50_gt_ema200_raw==1),d0eda8bf685a,2,42,11,loc_dist_ema20_atr_ts_bot40,location,dist_ema20_atr,context,1
(*)|(loc_dist_ema20_atr_ts_bot40==1&loc_dist_ema20_atr_ts_top70==0)|(reg_atr_change_rate_ts_bot50==1&reg_atr_change_rate_ts_top30==1&reg_atr_change_rate_ts_top60==0&reg_ema50_gt_ema200_raw==1),6bfc37c8f95a,2,42,506,reg_ema50_gt_ema200_raw,regime,ema50_gt_ema200,trend,1
(*)|(loc_dist_ema20_atr_ts_bot40==1&loc_dist_ema20_atr_ts_top70==0)|(reg_atr_change_rate_ts_bot50==1&reg_atr_change_rate_ts_top30==1&reg_atr_change_rate_ts_top60==0&reg_ema50_gt_ema200_raw==1),6bfc37c8f95a,2,42,16,reg_atr_change_rate_ts_top60,regime,atr_change_rate,volatility,0
(*)|(loc_dist_ema20_atr_ts_bot40==1&loc_dist_ema20_atr_ts_top70==0)|(reg_atr_change_rate_ts_bot50==1&reg_atr_change_rate_ts_top30==1&reg_atr_change_rate_ts_top60==0&reg_ema50_gt_ema200_raw==1),6bfc37c8f95a,2,42,14,reg_atr_change_rate_ts_bot50,regime,atr_change_rate,volatility,1
(*)|(loc_dist_ema20_atr_ts_bot40==1&loc_dist_ema20_atr_ts_top70==0)|(reg_atr_change_rate_ts_bot50==1&reg_atr_change_rate_ts_top30==1&reg_atr_change_rate_ts_top60==0&reg_ema50_gt_ema200_raw==1),6bfc37c8f95a,2,42,4,reg_atr_change_rate_ts_top30,regime,atr_change_rate,volatility,1
(*)|(loc_dist_ema20_atr_ts_bot40==1&loc_dist_ema20_atr_ts_top70==0)|(reg_atr_change_rate_ts_bot50==1&reg_atr_change_rate_ts_top30==1&reg_atr_change_rate_ts_top60==0&reg_ema50_gt_ema200_raw==1),6bfc37c8f95a,2,42,21,loc_dist_ema20_atr_ts_top70,location,dist_ema20_atr,context,0
(*)|(loc_dist_ema20_atr_ts_bot40==1&loc_dist_ema20_atr_ts_top70==0)|(reg_atr_change_rate_ts_bot50==1&reg_atr_change_rate_ts_top30==1&reg_atr_change_rate_ts_top60==0&reg_ema50_gt_ema200_raw==1),6bfc37c8f95a,2,42,11,loc_dist_ema20_atr_ts_bot40,location,dist_ema20_atr,context,1
(*)|(loc_dist_ema20_atr_ts_top70==0)|(reg_atr_change_rate_ts_top60==1&reg_ema50_gt_ema200_raw==1),6fb6f0266a21,2,42,506,reg_ema50_gt_ema200_raw,regime,ema50_gt_ema200,trend,1
(*)|(loc_dist_ema20_atr_ts_top70==0)|(reg_atr_change_rate_ts_top60==1&reg_ema50_gt_ema200_raw==1),6fb6f0266a21,2,42,16,reg_atr_change_rate_ts_top60,regime,atr_change_rate,volatility,1
(*)|(loc_dist_ema20_atr_ts_top70==0)|(reg_atr_change_rate_ts_top60==1&reg_ema50_gt_ema200_raw==1),6fb6f0266a21,2,42,21,loc_dist_ema20_atr_ts_top70,location,dist_ema20_atr,context,0
(*)|(loc_dist_ema20_atr_ts_band25_75==0&loc_dist_ema20_atr_ts_top70==1&loc_dist_ema20_atr_ts_top80==0)|(reg_ema50_gt_ema200_raw==1),9f5e14cc3167,2,42,506,reg_ema50_gt_ema200_raw,regime,ema50_gt_ema200,trend,1
(*)|(loc_dist_ema20_atr_ts_band25_75==0&loc_dist_ema20_atr_ts_top70==1&loc_dist_ema20_atr_ts_top80==0)|(reg_ema50_gt_ema200_raw==1),9f5e14cc3167,2,42,21,loc_dist_ema20_atr_ts_top70,location,dist_ema20_atr,context,1
(*)|(loc_dist_ema20_atr_ts_band25_75==0&loc_dist_ema20_atr_ts_top70==1&loc_dist_ema20_atr_ts_top80==0)|(reg_ema50_gt_ema200_raw==1),9f5e14cc3167,2,42,25,loc_dist_ema20_atr_ts_top80,location,dist_ema20_atr,context,0
(*)|(loc_dist_ema20_atr_ts_band25_75==0&loc_dist_ema20_atr_ts_top70==1&loc_dist_ema20_atr_ts_top80==0)|(reg_ema50_gt_ema200_raw==1),9f5e14cc3167,2,42,31,loc_dist_ema20_atr_ts_band25_75,location,dist_ema20_atr,context,0
(*)|(loc_dist_ema20_atr_ts_band25_75==1&loc_dist_ema20_atr_ts_top70==1&loc_dist_ema20_atr_ts_top80==0)|(reg_ema50_gt_ema200_raw==1),e26c8fa21229,2,42,506,reg_ema50_gt_ema200_raw,regime,ema50_gt_ema200,trend,1
(*)|(loc_dist_ema20_atr_ts_band25_75==1&loc_dist_ema20_atr_ts_top70==1&loc_dist_ema20_atr_ts_top80==0)|(reg_ema50_gt_ema200_raw==1),e26c8fa21229,2,42,21,loc_dist_ema20_atr_ts_top70,location,dist_ema20_atr,context,1
(*)|(loc_dist_ema20_atr_ts_band25_75==1&loc_dist_ema20_atr_ts_top70==1&loc_dist_ema20_atr_ts_top80==0)|(reg_ema50_gt_ema200_raw==1),e26c8fa21229,2,42,25,loc_dist_ema20_atr_ts_top80,location,dist_ema20_atr,context,0
(*)|(loc_dist_ema20_atr_ts_band25_75==1&loc_dist_ema20_atr_ts_top70==1&loc_dist_ema20_atr_ts_top80==0)|(reg_ema50_gt_ema200_raw==1),e26c8fa21229,2,42,31,loc_dist_ema20_atr_ts_band25_75,location,dist_ema20_atr,context,1
(*)|(loc_dist_ema20_atr_ts_top70==1&loc_dist_ema20_atr_ts_top80==1)|(reg_ema50_gt_ema200_raw==1),0a05ede6ece7,2,42,506,reg_ema50_gt_ema200_raw,regime,ema50_gt_ema200,trend,1
(*)|(loc_dist_ema20_atr_ts_top70==1&loc_dist_ema20_atr_ts_top80==1)|(reg_ema50_gt_ema200_raw==1),0a05ede6ece7,2,42,21,loc_dist_ema20_atr_ts_top70,location,dist_ema20_atr,context,1
(*)|(loc_dist_ema20_atr_ts_top70==1&loc_dist_ema20_atr_ts_top80==1)|(reg_ema50_gt_ema200_raw==1),0a05ede6ece7,2,42,25,loc_dist_ema20_atr_ts_top80,location,dist_ema20_atr,context,1
(*)|(loc_dist_ema20_atr_ts_top20==0&loc_dist_ema20_atr_ts_top50==0)|(reg_atr_change_rate_ts_top30==0&reg_atr_change_rate_ts_top40==0&reg_atr_change_rate_ts_top60==0&reg_ema50_gt_ema200_raw==1),3905d6c30201,2,42,16,reg_atr_change_rate_ts_top60,regime,atr_change_rate,volatility,0
(*)|(loc_dist_ema20_atr_ts_top20==0&loc_dist_ema20_atr_ts_top50==0)|(reg_atr_change_rate_ts_top30==0&reg_atr_change_rate_ts_top40==0&reg_atr_change_rate_ts_top60==0&reg_ema50_gt_ema200_raw==1),3905d6c30201,2,42,506,reg_ema50_gt_ema200_raw,regime,ema50_gt_ema200,trend,1
(*)|(loc_dist_ema20_atr_ts_top20==0&loc_dist_ema20_atr_ts_top50==0)|(reg_atr_change_rate_ts_top30==0&reg_atr_change_rate_ts_top40==0&reg_atr_change_rate_ts_top60==0&reg_ema50_gt_ema200_raw==1),3905d6c30201,2,42,8,reg_atr_change_rate_ts_top40,regime,atr_change_rate,volatility,0
(*)|(loc_dist_ema20_atr_ts_top20==0&loc_dist_ema20_atr_ts_top50==0)|(reg_atr_change_rate_ts_top30==0&reg_atr_change_rate_ts_top40==0&reg_atr_change_rate_ts_top60==0&reg_ema50_gt_ema200_raw==1),3905d6c30201,2,42,4,reg_atr_change_rate_ts_top30,regime,atr_change_rate,volatility,0
(*)|(loc_dist_ema20_atr_ts_top20==0&loc_dist_ema20_atr_ts_top50==0)|(reg_atr_change_rate_ts_top30==0&reg_atr_change_rate_ts_top40==0&reg_atr_change_rate_ts_top60==0&reg_ema50_gt_ema200_raw==1),3905d6c30201,2,42,13,loc_dist_ema20_atr_ts_top50,location,dist_ema20_atr,context,0
(*)|(loc_dist_ema20_atr_ts_top20==0&loc_dist_ema20_atr_ts_top50==0)|(reg_atr_change_rate_ts_top30==0&reg_atr_change_rate_ts_top40==0&reg_atr_change_rate_ts_top60==0&reg_ema50_gt_ema200_raw==1),3905d6c30201,2,42,1,loc_dist_ema20_atr_ts_top20,location,dist_ema20_atr,context,0
(*)|(loc_dist_ema20_atr_ts_top20==1&loc_dist_ema20_atr_ts_top50==0)|(reg_atr_change_rate_ts_top30==0&reg_atr_change_rate_ts_top40==0&reg_atr_change_rate_ts_top60==0&reg_ema50_gt_ema200_raw==1),5ee5b558408c,2,42,16,reg_atr_change_rate_ts_top60,regime,atr_change_rate,volatility,0
(*)|(loc_dist_ema20_atr_ts_top20==1&loc_dist_ema20_atr_ts_top50==0)|(reg_atr_change_rate_ts_top30==0&reg_atr_change_rate_ts_top40==0&reg_atr_change_rate_ts_top60==0&reg_ema50_gt_ema200_raw==1),5ee5b558408c,2,42,506,reg_ema50_gt_ema200_raw,regime,ema50_gt_ema200,trend,1
(*)|(loc_dist_ema20_atr_ts_top20==1&loc_dist_ema20_atr_ts_top50==0)|(reg_atr_change_rate_ts_top30==0&reg_atr_change_rate_ts_top40==0&reg_atr_change_rate_ts_top60==0&reg_ema50_gt_ema200_raw==1),5ee5b558408c,2,42,8,reg_atr_change_rate_ts_top40,regime,atr_change_rate,volatility,0
(*)|(loc_dist_ema20_atr_ts_top20==1&loc_dist_ema20_atr_ts_top50==0)|(reg_atr_change_rate_ts_top30==0&reg_atr_change_rate_ts_top40==0&reg_atr_change_rate_ts_top60==0&reg_ema50_gt_ema200_raw==1),5ee5b558408c,2,42,4,reg_atr_change_rate_ts_top30,regime,atr_change_rate,volatility,0
(*)|(loc_dist_ema20_atr_ts_top20==1&loc_dist_ema20_atr_ts_top50==0)|(reg_atr_change_rate_ts_top30==0&reg_atr_change_rate_ts_top40==0&reg_atr_change_rate_ts_top60==0&reg_ema50_gt_ema200_raw==1),5ee5b558408c,2,42,13,loc_dist_ema20_atr_ts_top50,location,dist_ema20_atr,context,0
(*)|(loc_dist_ema20_atr_ts_top20==1&loc_dist_ema20_atr_ts_top50==0)|(reg_atr_change_rate_ts_top30==0&reg_atr_change_rate_ts_top40==0&reg_atr_change_rate_ts_top60==0&reg_ema50_gt_ema200_raw==1),5ee5b558408c,2,42,1,loc_dist_ema20_atr_ts_top20,location,dist_ema20_atr,context,1
(*)|(loc_dist_ema20_atr_ts_top50==0)|(reg_atr_change_rate_ts_top30==1&reg_atr_change_rate_ts_top40==0&reg_atr_change_rate_ts_top60==0&reg_ema50_gt_ema200_raw==1),6e89e11ca30a,2,42,16,reg_atr_change_rate_ts_top60,regime,atr_change_rate,volatility,0
(*)|(loc_dist_ema20_atr_ts_top50==0)|(reg_atr_change_rate_ts_top30==1&reg_atr_change_rate_ts_top40==0&reg_atr_change_rate_ts_top60==0&reg_ema50_gt_ema200_raw==1),6e89e11ca30a,2,42,506,reg_ema50_gt_ema200_raw,regime,ema50_gt_ema200,trend,1
(*)|(loc_dist_ema20_atr_ts_top50==0)|(reg_atr_change_rate_ts_top30==1&reg_atr_change_rate_ts_top40==0&reg_atr_change_rate_ts_top60==0&reg_ema50_gt_ema200_raw==1),6e89e11ca30a,2,42,8,reg_atr_change_rate_ts_top40,regime,atr_change_rate,volatility,0
(*)|(loc_dist_ema20_atr_ts_top50==0)|(reg_atr_change_rate_ts_top30==1&reg_atr_change_rate_ts_top40==0&reg_atr_change_rate_ts_top60==0&reg_ema50_gt_ema200_raw==1),6e89e11ca30a,2,42,4,reg_atr_change_rate_ts_top30,regime,atr_change_rate,volatility,1
(*)|(loc_dist_ema20_atr_ts_top50==0)|(reg_atr_change_rate_ts_top30==1&reg_atr_change_rate_ts_top40==0&reg_atr_change_rate_ts_top60==0&reg_ema50_gt_ema200_raw==1),6e89e11ca30a,2,42,13,loc_dist_ema20_atr_ts_top50,location,dist_ema20_atr,context,0
(*)|(loc_dist_ema20_atr_ts_top50==0)|(reg_atr_change_rate_ts_top40==1&reg_atr_change_rate_ts_top60==0&reg_ema50_gt_ema200_raw==1),3021576dc533,2,42,16,reg_atr_change_rate_ts_top60,regime,atr_change_rate,volatility,0
(*)|(loc_dist_ema20_atr_ts_top50==0)|(reg_atr_change_rate_ts_top40==1&reg_atr_change_rate_ts_top60==0&reg_ema50_gt_ema200_raw==1),3021576dc533,2,42,506,reg_ema50_gt_ema200_raw,regime,ema50_gt_ema200,trend,1
(*)|(loc_dist_ema20_atr_ts_top50==0)|(reg_atr_change_rate_ts_top40==1&reg_atr_change_rate_ts_top60==0&reg_ema50_gt_ema200_raw==1),3021576dc533,2,42,8,reg_atr_change_rate_ts_top40,regime,atr_change_rate,volatility,1
(*)|(loc_dist_ema20_atr_ts_top50==0)|(reg_atr_change_rate_ts_top40==1&reg_atr_change_rate_ts_top60==0&reg_ema50_gt_ema200_raw==1),3021576dc533,2,42,13,loc_dist_ema20_atr_ts_top50,location,dist_ema20_atr,context,0
(*)|(loc_dist_ema20_atr_ts_top50==1)|(reg_atr_change_rate_ts_top60==0&reg_ema50_gt_ema200_raw==1),fc2a939993ec,2,42,16,reg_atr_change_rate_ts_top60,regime,atr_change_rate,volatility,0
(*)|(loc_dist_ema20_atr_ts_top50==1)|(reg_atr_change_rate_ts_top60==0&reg_ema50_gt_ema200_raw==1),fc2a939993ec,2,42,506,reg_ema50_gt_ema200_raw,regime,ema50_gt_ema200,trend,1
(*)|(loc_dist_ema20_atr_ts_top50==1)|(reg_atr_change_rate_ts_top60==0&reg_ema50_gt_ema200_raw==1),fc2a939993ec,2,42,13,loc_dist_ema20_atr_ts_top50,location,dist_ema20_atr,context,1
(*)|(*)|(reg_atr_change_rate_ts_top60==1&reg_atr_change_rate_ts_top70==0),569c5020409e,2,42,16,reg_atr_change_rate_ts_top60,regime,atr_change_rate,volatility,1
(*)|(*)|(reg_atr_change_rate_ts_top60==1&reg_atr_change_rate_ts_top70==0),569c5020409e,2,42,20,reg_atr_change_rate_ts_top70,regime,atr_change_rate,volatility,0
(*)|(loc_dist_ema20_atr_ts_band25_75==0)|(reg_atr_change_rate_ts_top60==1&reg_atr_change_rate_ts_top70==1&reg_atr_change_rate_ts_top80==0),710a0ae3ce3d,2,42,16,reg_atr_change_rate_ts_top60,regime,atr_change_rate,volatility,1
(*)|(loc_dist_ema20_atr_ts_band25_75==0)|(reg_atr_change_rate_ts_top60==1&reg_atr_change_rate_ts_top70==1&reg_atr_change_rate_ts_top80==0),710a0ae3ce3d,2,42,20,reg_atr_change_rate_ts_top70,regime,atr_change_rate,volatility,1
(*)|(loc_dist_ema20_atr_ts_band25_75==0)|(reg_atr_change_rate_ts_top60==1&reg_atr_change_rate_ts_top70==1&reg_atr_change_rate_ts_top80==0),710a0ae3ce3d,2,42,24,reg_atr_change_rate_ts_top80,regime,atr_change_rate,volatility,0
(*)|(loc_dist_ema20_atr_ts_band25_75==0)|(reg_atr_change_rate_ts_top60==1&reg_atr_change_rate_ts_top70==1&reg_atr_change_rate_ts_top80==0),710a0ae3ce3d,2,42,31,loc_dist_ema20_atr_ts_band25_75,location,dist_ema20_atr,context,0
(*)|(loc_dist_ema20_atr_ts_band25_75==1)|(reg_atr_change_rate_ts_top60==1&reg_atr_change_rate_ts_top70==1&reg_atr_change_rate_ts_top80==0),708f65a0a3b7,2,42,16,reg_atr_change_rate_ts_top60,regime,atr_change_rate,volatility,1
(*)|(loc_dist_ema20_atr_ts_band25_75==1)|(reg_atr_change_rate_ts_top60==1&reg_atr_change_rate_ts_top70==1&reg_atr_change_rate_ts_top80==0),708f65a0a3b7,2,42,20,reg_atr_change_rate_ts_top70,regime,atr_change_rate,volatility,1
(*)|(loc_dist_ema20_atr_ts_band25_75==1)|(reg_atr_change_rate_ts_top60==1&reg_atr_change_rate_ts_top70==1&reg_atr_change_rate_ts_top80==0),708f65a0a3b7,2,42,24,reg_atr_change_rate_ts_top80,regime,atr_change_rate,volatility,0
(*)|(loc_dist_ema20_atr_ts_band25_75==1)|(reg_atr_change_rate_ts_top60==1&reg_atr_change_rate_ts_top70==1&reg_atr_change_rate_ts_top80==0),708f65a0a3b7,2,42,31,loc_dist_ema20_atr_ts_band25_75,location,dist_ema20_atr,context,1
(*)|(*)|(reg_atr_change_rate_ts_top60==1&reg_atr_change_rate_ts_top70==1&reg_atr_change_rate_ts_top80==1),02c953bf51f1,2,42,16,reg_atr_change_rate_ts_top60,regime,atr_change_rate,volatility,1
(*)|(*)|(reg_atr_change_rate_ts_top60==1&reg_atr_change_rate_ts_top70==1&reg_atr_change_rate_ts_top80==1),02c953bf51f1,2,42,20,reg_atr_change_rate_ts_top70,regime,atr_change_rate,volatility,1
(*)|(*)|(reg_atr_change_rate_ts_top60==1&reg_atr_change_rate_ts_top70==1&reg_atr_change_rate_ts_top80==1),02c953bf51f1,2,42,24,reg_atr_change_rate_ts_top80,regime,atr_change_rate,volatility,1
(*)|(*)|(reg_atr_change_rate_ts_top20==0&reg_atr_change_rate_ts_top50==0&reg_atr_change_rate_ts_top60==0&reg_ema20_gt_ema50_raw==1),91f6a1f64866,2,42,16,reg_atr_change_rate_ts_top60,regime,atr_change_rate,volatility,0
(*)|(*)|(reg_atr_change_rate_ts_top20==0&reg_atr_change_rate_ts_top50==0&reg_atr_change_rate_ts_top60==0&reg_ema20_gt_ema50_raw==1),91f6a1f64866,2,42,432,reg_ema20_gt_ema50_raw,regime,ema20_gt_ema50,trend,1
(*)|(*)|(reg_atr_change_rate_ts_top20==0&reg_atr_change_rate_ts_top50==0&reg_atr_change_rate_ts_top60==0&reg_ema20_gt_ema50_raw==1),91f6a1f64866,2,42,12,reg_atr_change_rate_ts_top50,regime,atr_change_rate,volatility,0
(*)|(*)|(reg_atr_change_rate_ts_top20==0&reg_atr_change_rate_ts_top50==0&reg_atr_change_rate_ts_top60==0&reg_ema20_gt_ema50_raw==1),91f6a1f64866,2,42,0,reg_atr_change_rate_ts_top20,regime,atr_change_rate,volatility,0
(*)|(*)|(reg_atr_change_rate_ts_band25_75==0&reg_atr_change_rate_ts_top20==1&reg_atr_change_rate_ts_top50==0&reg_atr_change_rate_ts_top60==0&reg_ema20_gt_ema50_raw==1),cbb2b481d9d9,2,42,16,reg_atr_change_rate_ts_top60,regime,atr_change_rate,volatility,0
(*)|(*)|(reg_atr_change_rate_ts_band25_75==0&reg_atr_change_rate_ts_top20==1&reg_atr_change_rate_ts_top50==0&reg_atr_change_rate_ts_top60==0&reg_ema20_gt_ema50_raw==1),cbb2b481d9d9,2,42,432,reg_ema20_gt_ema50_raw,regime,ema20_gt_ema50,trend,1
(*)|(*)|(reg_atr_change_rate_ts_band25_75==0&reg_atr_change_rate_ts_top20==1&reg_atr_change_rate_ts_top50==0&reg_atr_change_rate_ts_top60==0&reg_ema20_gt_ema50_raw==1),cbb2b481d9d9,2,42,12,reg_atr_change_rate_ts_top50,regime,atr_change_rate,volatility,0
(*)|(*)|(reg_atr_change_rate_ts_band25_75==0&reg_atr_change_rate_ts_top20==1&reg_atr_change_rate_ts_top50==0&reg_atr_change_rate_ts_top60==0&reg_ema20_gt_ema50_raw==1),cbb2b481d9d9,2,42,0,reg_atr_change_rate_ts_top20,regime,atr_change_rate,volatility,1
(*)|(*)|(reg_atr_change_rate_ts_band25_75==0&reg_atr_change_rate_ts_top20==1&reg_atr_change_rate_ts_top50==0&reg_atr_change_rate_ts_top60==0&reg_ema20_gt_ema50_raw==1),cbb2b481d9d9,2,42,30,reg_atr_change_rate_ts_band25_75,regime,atr_change_rate,volatility,0
(*)|(*)|(reg_atr_change_rate_ts_band25_75==1&reg_atr_change_rate_ts_top20==1&reg_atr_change_rate_ts_top40==0&reg_atr_change_rate_ts_top50==0&reg_atr_change_rate_ts_top60==0&reg_ema20_gt_ema50_raw==1),3feb1aaaf6ba,2,42,16,reg_atr_change_rate_ts_top60,regime,atr_change_rate,volatility,0
(*)|(*)|(reg_atr_change_rate_ts_band25_75==1&reg_atr_change_rate_ts_top20==1&reg_atr_change_rate_ts_top40==0&reg_atr_change_rate_ts_top50==0&reg_atr_change_rate_ts_top60==0&reg_ema20_gt_ema50_raw==1),3feb1aaaf6ba,2,42,432,reg_ema20_gt_ema50_raw,regime,ema20_gt_ema50,trend,1
(*)|(*)|(reg_atr_change_rate_ts_band25_75==1&reg_atr_change_rate_ts_top20==1&reg_atr_change_rate_ts_top40==0&reg_atr_change_rate_ts_top50==0&reg_atr_change_rate_ts_top60==0&reg_ema20_gt_ema50_raw==1),3feb1aaaf6ba,2,42,12,reg_atr_change_rate_ts_top50,regime,atr_change_rate,volatility,0
(*)|(*)|(reg_atr_change_rate_ts_band25_75==1&reg_atr_change_rate_ts_top20==1&reg_atr_change_rate_ts_top40==0&reg_atr_change_rate_ts_top50==0&reg_atr_change_rate_ts_top60==0&reg_ema20_gt_ema50_raw==1),3feb1aaaf6ba,2,42,0,reg_atr_change_rate_ts_top20,regime,atr_change_rate,volatility,1
(*)|(*)|(reg_atr_change_rate_ts_band25_75==1&reg_atr_change_rate_ts_top20==1&reg_atr_change_rate_ts_top40==0&reg_atr_change_rate_ts_top50==0&reg_atr_change_rate_ts_top60==0&reg_ema20_gt_ema50_raw==1),3feb1aaaf6ba,2,42,30,reg_atr_change_rate_ts_band25_75,regime,atr_change_rate,volatility,1
(*)|(*)|(reg_atr_change_rate_ts_band25_75==1&reg_atr_change_rate_ts_top20==1&reg_atr_change_rate_ts_top40==0&reg_atr_change_rate_ts_top50==0&reg_atr_change_rate_ts_top60==0&reg_ema20_gt_ema50_raw==1),3feb1aaaf6ba,2,42,8,reg_atr_change_rate_ts_top40,regime,atr_change_rate,volatility,0
(*)|(*)|(reg_atr_change_rate_ts_band25_75==1&reg_atr_change_rate_ts_top20==1&reg_atr_change_rate_ts_top40==1&reg_atr_change_rate_ts_top50==0&reg_atr_change_rate_ts_top60==0&reg_ema20_gt_ema50_raw==1),66a2b0d29f09,2,42,16,reg_atr_change_rate_ts_top60,regime,atr_change_rate,volatility,0
(*)|(*)|(reg_atr_change_rate_ts_band25_75==1&reg_atr_change_rate_ts_top20==1&reg_atr_change_rate_ts_top40==1&reg_atr_change_rate_ts_top50==0&reg_atr_change_rate_ts_top60==0&reg_ema20_gt_ema50_raw==1),66a2b0d29f09,2,42,432,reg_ema20_gt_ema50_raw,regime,ema20_gt_ema50,trend,1
(*)|(*)|(reg_atr_change_rate_ts_band25_75==1&reg_atr_change_rate_ts_top20==1&reg_atr_change_rate_ts_top40==1&reg_atr_change_rate_ts_top50==0&reg_atr_change_rate_ts_top60==0&reg_ema20_gt_ema50_raw==1),66a2b0d29f09,2,42,12,reg_atr_change_rate_ts_top50,regime,atr_change_rate,volatility,0
(*)|(*)|(reg_atr_change_rate_ts_band25_75==1&reg_atr_change_rate_ts_top20==1&reg_atr_change_rate_ts_top40==1&reg_atr_change_rate_ts_top50==0&reg_atr_change_rate_ts_top60==0&reg_ema20_gt_ema50_raw==1),66a2b0d29f09,2,42,0,reg_atr_change_rate_ts_top20,regime,atr_change_rate,volatility,1
(*)|(*)|(reg_atr_change_rate_ts_band25_75==1&reg_atr_change_rate_ts_top20==1&reg_atr_change_rate_ts_top40==1&reg_atr_change_rate_ts_top50==0&reg_atr_change_rate_ts_top60==0&reg_ema20_gt_ema50_raw==1),66a2b0d29f09,2,42,30,reg_atr_change_rate_ts_band25_75,regime,atr_change_rate,volatility,1
(*)|(*)|(reg_atr_change_rate_ts_band25_75==1&reg_atr_change_rate_ts_top20==1&reg_atr_change_rate_ts_top40==1&reg_atr_change_rate_ts_top50==0&reg_atr_change_rate_ts_top60==0&reg_ema20_gt_ema50_raw==1),66a2b0d29f09,2,42,8,reg_atr_change_rate_ts_top40,regime,atr_change_rate,volatility,1
(*)|(*)|(reg_atr_change_rate_ts_top50==1&reg_atr_change_rate_ts_top60==0&reg_ema20_gt_ema50_raw==1),9547e249dda2,2,42,16,reg_atr_change_rate_ts_top60,regime,atr_change_rate,volatility,0
(*)|(*)|(reg_atr_change_rate_ts_top50==1&reg_atr_change_rate_ts_top60==0&reg_ema20_gt_ema50_raw==1),9547e249dda2,2,42,432,reg_ema20_gt_ema50_raw,regime,ema20_gt_ema50,trend,1
(*)|(*)|(reg_atr_change_rate_ts_top50==1&reg_atr_change_rate_ts_top60==0&reg_ema20_gt_ema50_raw==1),9547e249dda2,2,42,12,reg_atr_change_rate_ts_top50,regime,atr_change_rate,volatility,1
(*)|(loc_dist_ema20_atr_ts_top70==0)|(reg_atr_change_rate_ts_top60==1),52e7ba44866a,2,42,16,reg_atr_change_rate_ts_top60,regime,atr_change_rate,volatility,1
(*)|(loc_dist_ema20_atr_ts_top70==0)|(reg_atr_change_rate_ts_top60==1),52e7ba44866a,2,42,21,loc_dist_ema20_atr_ts_top70,location,dist_ema20_atr,context,0
(*)|(loc_dist_ema20_atr_ts_top70==1)|(reg_atr_change_rate_ts_band25_75==0&reg_atr_change_rate_ts_top60==1&reg_atr_change_rate_ts_top80==0),74680509aa6f,2,42,16,reg_atr_change_rate_ts_top60,regime,atr_change_rate,volatility,1
(*)|(loc_dist_ema20_atr_ts_top70==1)|(reg_atr_change_rate_ts_band25_75==0&reg_atr_change_rate_ts_top60==1&reg_atr_change_rate_ts_top80==0),74680509aa6f,2,42,30,reg_atr_change_rate_ts_band25_75,regime,atr_change_rate,volatility,0
(*)|(loc_dist_ema20_atr_ts_top70==1)|(reg_atr_change_rate_ts_band25_75==0&reg_atr_change_rate_ts_top60==1&reg_atr_change_rate_ts_top80==0),74680509aa6f,2,42,24,reg_atr_change_rate_ts_top80,regime,atr_change_rate,volatility,0
(*)|(loc_dist_ema20_atr_ts_top70==1)|(reg_atr_change_rate_ts_band25_75==0&reg_atr_change_rate_ts_top60==1&reg_atr_change_rate_ts_top80==0),74680509aa6f,2,42,21,loc_dist_ema20_atr_ts_top70,location,dist_ema20_atr,context,1
(*)|(loc_dist_ema20_atr_ts_top70==1)|(reg_atr_change_rate_ts_band25_75==0&reg_atr_change_rate_ts_top60==1&reg_atr_change_rate_ts_top80==1),7608554d623f,2,42,16,reg_atr_change_rate_ts_top60,regime,atr_change_rate,volatility,1
(*)|(loc_dist_ema20_atr_ts_top70==1)|(reg_atr_change_rate_ts_band25_75==0&reg_atr_change_rate_ts_top60==1&reg_atr_change_rate_ts_top80==1),7608554d623f,2,42,30,reg_atr_change_rate_ts_band25_75,regime,atr_change_rate,volatility,0
(*)|(loc_dist_ema20_atr_ts_top70==1)|(reg_atr_change_rate_ts_band25_75==0&reg_atr_change_rate_ts_top60==1&reg_atr_change_rate_ts_top80==1),7608554d623f,2,42,24,reg_atr_change_rate_ts_top80,regime,atr_change_rate,volatility,1
(*)|(loc_dist_ema20_atr_ts_top70==1)|(reg_atr_change_rate_ts_band25_75==0&reg_atr_change_rate_ts_top60==1&reg_atr_change_rate_ts_top80==1),7608554d623f,2,42,21,loc_dist_ema20_atr_ts_top70,location,dist_ema20_atr,context,1
(*)|(loc_dist_ema20_atr_ts_top70==1)|(reg_atr_change_rate_ts_band25_75==1&reg_atr_change_rate_ts_top60==1),969cdfa3db3d,2,42,16,reg_atr_change_rate_ts_top60,regime,atr_change_rate,volatility,1
(*)|(loc_dist_ema20_atr_ts_top70==1)|(reg_atr_change_rate_ts_band25_75==1&reg_atr_change_rate_ts_top60==1),969cdfa3db3d,2,42,30,reg_atr_change_rate_ts_band25_75,regime,atr_change_rate,volatility,1
(*)|(loc_dist_ema20_atr_ts_top70==1)|(reg_atr_change_rate_ts_band25_75==1&reg_atr_change_rate_ts_top60==1),969cdfa3db3d,2,42,21,loc_dist_ema20_atr_ts_top70,location,dist_ema20_atr,context,1
(*)|(loc_dist_ema20_atr_ts_top50==0)|(reg_atr_change_rate_ts_bot40==0&reg_atr_change_rate_ts_top60==0&reg_ema20_gt_ema50_raw==1),08be452dd1aa,2,42,16,reg_atr_change_rate_ts_top60,regime,atr_change_rate,volatility,0
(*)|(loc_dist_ema20_atr_ts_top50==0)|(reg_atr_change_rate_ts_bot40==0&reg_atr_change_rate_ts_top60==0&reg_ema20_gt_ema50_raw==1),08be452dd1aa,2,42,432,reg_ema20_gt_ema50_raw,regime,ema20_gt_ema50,trend,1
(*)|(loc_dist_ema20_atr_ts_top50==0)|(reg_atr_change_rate_ts_bot40==0&reg_atr_change_rate_ts_top60==0&reg_ema20_gt_ema50_raw==1),08be452dd1aa,2,42,10,reg_atr_change_rate_ts_bot40,regime,atr_change_rate,volatility,0
(*)|(loc_dist_ema20_atr_ts_top50==0)|(reg_atr_change_rate_ts_bot40==0&reg_atr_change_rate_ts_top60==0&reg_ema20_gt_ema50_raw==1),08be452dd1aa,2,42,13,loc_dist_ema20_atr_ts_top50,location,dist_ema20_atr,context,0
(*)|(loc_dist_ema20_atr_ts_band25_75==0&loc_dist_ema20_atr_ts_top50==0)|(reg_atr_change_rate_ts_bot20==0&reg_atr_change_rate_ts_bot40==1&reg_atr_change_rate_ts_top60==0&reg_ema20_gt_ema50_raw==1),80916e6ac74f,2,42,16,reg_atr_change_rate_ts_top60,regime,atr_change_rate,volatility,0
(*)|(loc_dist_ema20_atr_ts_band25_75==0&loc_dist_ema20_atr_ts_top50==0)|(reg_atr_change_rate_ts_bot20==0&reg_atr_change_rate_ts_bot40==1&reg_atr_change_rate_ts_top60==0&reg_ema20_gt_ema50_raw==1),80916e6ac74f,2,42,432,reg_ema20_gt_ema50_raw,regime,ema20_gt_ema50,trend,1
(*)|(loc_dist_ema20_atr_ts_band25_75==0&loc_dist_ema20_atr_ts_top50==0)|(reg_atr_change_rate_ts_bot20==0&reg_atr_change_rate_ts_bot40==1&reg_atr_change_rate_ts_top60==0&reg_ema20_gt_ema50_raw==1),80916e6ac74f,2,42,10,reg_atr_change_rate_ts_bot40,regime,atr_change_rate,volatility,1
(*)|(loc_dist_ema20_atr_ts_band25_75==0&loc_dist_ema20_atr_ts_top50==0)|(reg_atr_change_rate_ts_bot20==0&reg_atr_change_rate_ts_bot40==1&reg_atr_change_rate_ts_top60==0&reg_ema20_gt_ema50_raw==1),80916e6ac74f,2,42,2,reg_atr_change_rate_ts_bot20,regime,atr_change_rate,volatility,0
(*)|(loc_dist_ema20_atr_ts_band25_75==0&loc_dist_ema20_atr_ts_top50==0)|(reg_atr_change_rate_ts_bot20==0&reg_atr_change_rate_ts_bot40==1&reg_atr_change_rate_ts_top60==0&reg_ema20_gt_ema50_raw==1),80916e6ac74f,2,42,13,loc_dist_ema20_atr_ts_top50,location,dist_ema20_atr,context,0
(*)|(loc_dist_ema20_atr_ts_band25_75==0&loc_dist_ema20_atr_ts_top50==0)|(reg_atr_change_rate_ts_bot20==0&reg_atr_change_rate_ts_bot40==1&reg_atr_change_rate_ts_top60==0&reg_ema20_gt_ema50_raw==1),80916e6ac74f,2,42,31,loc_dist_ema20_atr_ts_band25_75,location,dist_ema20_atr,context,0
(*)|(loc_dist_ema20_atr_ts_band25_75==0&loc_dist_ema20_atr_ts_top50==0)|(reg_atr_change_rate_ts_bot20==1&reg_atr_change_rate_ts_bot40==1&reg_atr_change_rate_ts_top60==0&reg_ema20_gt_ema50_raw==1),af873ebad09d,2,42,16,reg_atr_change_rate_ts_top60,regime,atr_change_rate,volatility,0
(*)|(loc_dist_ema20_atr_ts_band25_75==0&loc_dist_ema20_atr_ts_top50==0)|(reg_atr_change_rate_ts_bot20==1&reg_atr_change_rate_ts_bot40==1&reg_atr_change_rate_ts_top60==0&reg_ema20_gt_ema50_raw==1),af873ebad09d,2,42,432,reg_ema20_gt_ema50_raw,regime,ema20_gt_ema50,trend,1
(*)|(loc_dist_ema20_atr_ts_band25_75==0&loc_dist_ema20_atr_ts_top50==0)|(reg_atr_change_rate_ts_bot20==1&reg_atr_change_rate_ts_bot40==1&reg_atr_change_rate_ts_top60==0&reg_ema20_gt_ema50_raw==1),af873ebad09d,2,42,10,reg_atr_change_rate_ts_bot40,regime,atr_change_rate,volatility,1
(*)|(loc_dist_ema20_atr_ts_band25_75==0&loc_dist_ema20_atr_ts_top50==0)|(reg_atr_change_rate_ts_bot20==1&reg_atr_change_rate_ts_bot40==1&reg_atr_change_rate_ts_top60==0&reg_ema20_gt_ema50_raw==1),af873ebad09d,2,42,2,reg_atr_change_rate_ts_bot20,regime,atr_change_rate,volatility,1
(*)|(loc_dist_ema20_atr_ts_band25_75==0&loc_dist_ema20_atr_ts_top50==0)|(reg_atr_change_rate_ts_bot20==1&reg_atr_change_rate_ts_bot40==1&reg_atr_change_rate_ts_top60==0&reg_ema20_gt_ema50_raw==1),af873ebad09d,2,42,13,loc_dist_ema20_atr_ts_top50,location,dist_ema20_atr,context,0
(*)|(loc_dist_ema20_atr_ts_band25_75==0&loc_dist_ema20_atr_ts_top50==0)|(reg_atr_change_rate_ts_bot20==1&reg_atr_change_rate_ts_bot40==1&reg_atr_change_rate_ts_top60==0&reg_ema20_gt_ema50_raw==1),af873ebad09d,2,42,31,loc_dist_ema20_atr_ts_band25_75,location,dist_ema20_atr,context,0
(*)|(loc_dist_ema20_atr_ts_band25_75==1&loc_dist_ema20_atr_ts_top50==0)|(reg_atr_change_rate_ts_bot40==1&reg_atr_change_rate_ts_top30==0&reg_atr_change_rate_ts_top60==0&reg_ema20_gt_ema50_raw==1),885be74cf93a,2,42,16,reg_atr_change_rate_ts_top60,regime,atr_change_rate,volatility,0
(*)|(loc_dist_ema20_atr_ts_band25_75==1&loc_dist_ema20_atr_ts_top50==0)|(reg_atr_change_rate_ts_bot40==1&reg_atr_change_rate_ts_top30==0&reg_atr_change_rate_ts_top60==0&reg_ema20_gt_ema50_raw==1),885be74cf93a,2,42,432,reg_ema20_gt_ema50_raw,regime,ema20_gt_ema50,trend,1
(*)|(loc_dist_ema20_atr_ts_band25_75==1&loc_dist_ema20_atr_ts_top50==0)|(reg_atr_change_rate_ts_bot40==1&reg_atr_change_rate_ts_top30==0&reg_atr_change_rate_ts_top60==0&reg_ema20_gt_ema50_raw==1),885be74cf93a,2,42,10,reg_atr_change_rate_ts_bot40,regime,atr_change_rate,volatility,1
(*)|(loc_dist_ema20_atr_ts_band25_75==1&loc_dist_ema20_atr_ts_top50==0)|(reg_atr_change_rate_ts_bot40==1&reg_atr_change_rate_ts_top30==0&reg_atr_change_rate_ts_top60==0&reg_ema20_gt_ema50_raw==1),885be74cf93a,2,42,4,reg_atr_change_rate_ts_top30,regime,atr_change_rate,volatility,0
(*)|(loc_dist_ema20_atr_ts_band25_75==1&loc_dist_ema20_atr_ts_top50==0)|(reg_atr_change_rate_ts_bot40==1&reg_atr_change_rate_ts_top30==0&reg_atr_change_rate_ts_top60==0&reg_ema20_gt_ema50_raw==1),885be74cf93a,2,42,13,loc_dist_ema20_atr_ts_top50,location,dist_ema20_atr,context,0
(*)|(loc_dist_ema20_atr_ts_band25_75==1&loc_dist_ema20_atr_ts_top50==0)|(reg_atr_change_rate_ts_bot40==1&reg_atr_change_rate_ts_top30==0&reg_atr_change_rate_ts_top60==0&reg_ema20_gt_ema50_raw==1),885be74cf93a,2,42,31,loc_dist_ema20_atr_ts_band25_75,location,dist_ema20_atr,context,1
(*)|(loc_dist_ema20_atr_ts_band25_75==1&loc_dist_ema20_atr_ts_top50==0)|(reg_atr_change_rate_ts_bot40==1&reg_atr_change_rate_ts_top30==1&reg_atr_change_rate_ts_top60==0&reg_ema20_gt_ema50_raw==1),f1d33f73ca14,2,42,16,reg_atr_change_rate_ts_top60,regime,atr_change_rate,volatility,0
(*)|(loc_dist_ema20_atr_ts_band25_75==1&loc_dist_ema20_atr_ts_top50==0)|(reg_atr_change_rate_ts_bot40==1&reg_atr_change_rate_ts_top30==1&reg_atr_change_rate_ts_top60==0&reg_ema20_gt_ema50_raw==1),f1d33f73ca14,2,42,432,reg_ema20_gt_ema50_raw,regime,ema20_gt_ema50,trend,1
(*)|(loc_dist_ema20_atr_ts_band25_75==1&loc_dist_ema20_atr_ts_top50==0)|(reg_atr_change_rate_ts_bot40==1&reg_atr_change_rate_ts_top30==1&reg_atr_change_rate_ts_top60==0&reg_ema20_gt_ema50_raw==1),f1d33f73ca14,2,42,10,reg_atr_change_rate_ts_bot40,regime,atr_change_rate,volatility,1
(*)|(loc_dist_ema20_atr_ts_band25_75==1&loc_dist_ema20_atr_ts_top50==0)|(reg_atr_change_rate_ts_bot40==1&reg_atr_change_rate_ts_top30==1&reg_atr_change_rate_ts_top60==0&reg_ema20_gt_ema50_raw==1),f1d33f73ca14,2,42,4,reg_atr_change_rate_ts_top30,regime,atr_change_rate,volatility,1
(*)|(loc_dist_ema20_atr_ts_band25_75==1&loc_dist_ema20_atr_ts_top50==0)|(reg_atr_change_rate_ts_bot40==1&reg_atr_change_rate_ts_top30==1&reg_atr_change_rate_ts_top60==0&reg_ema20_gt_ema50_raw==1),f1d33f73ca14,2,42,13,loc_dist_ema20_atr_ts_top50,location,dist_ema20_atr,context,0
(*)|(loc_dist_ema20_atr_ts_band25_75==1&loc_dist_ema20_atr_ts_top50==0)|(reg_atr_change_rate_ts_bot40==1&reg_atr_change_rate_ts_top30==1&reg_atr_change_rate_ts_top60==0&reg_ema20_gt_ema50_raw==1),f1d33f73ca14,2,42,31,loc_dist_ema20_atr_ts_band25_75,location,dist_ema20_atr,context,1
(*)|(loc_dist_ema20_atr_ts_top50==1)|(reg_atr_change_rate_ts_top60==0&reg_ema20_gt_ema50_raw==1),4040ac32f710,2,42,16,reg_atr_change_rate_ts_top60,regime,atr_change_rate,volatility,0
(*)|(loc_dist_ema20_atr_ts_top50==1)|(reg_atr_change_rate_ts_top60==0&reg_ema20_gt_ema50_raw==1),4040ac32f710,2,42,432,reg_ema20_gt_ema50_raw,regime,ema20_gt_ema50,trend,1
(*)|(loc_dist_ema20_atr_ts_top50==1)|(reg_atr_change_rate_ts_top60==0&reg_ema20_gt_ema50_raw==1),4040ac32f710,2,42,13,loc_dist_ema20_atr_ts_top50,location,dist_ema20_atr,context,1
(*)|(loc_dist_ema20_atr_ts_top70==0)|(reg_atr_change_rate_ts_top60==1),c13323b19b4b,2,42,16,reg_atr_change_rate_ts_top60,regime,atr_change_rate,volatility,1
(*)|(loc_dist_ema20_atr_ts_top70==0)|(reg_atr_change_rate_ts_top60==1),c13323b19b4b,2,42,21,loc_dist_ema20_atr_ts_top70,location,dist_ema20_atr,context,0
(*)|(loc_dist_ema20_atr_ts_band25_75==0&loc_dist_ema20_atr_ts_top70==1)|(reg_atr_change_rate_ts_top60==1&reg_atr_change_rate_ts_top80==0),cb22efdb5237,2,42,16,reg_atr_change_rate_ts_top60,regime,atr_change_rate,volatility,1
(*)|(loc_dist_ema20_atr_ts_band25_75==0&loc_dist_ema20_atr_ts_top70==1)|(reg_atr_change_rate_ts_top60==1&reg_atr_change_rate_ts_top80==0),cb22efdb5237,2,42,24,reg_atr_change_rate_ts_top80,regime,atr_change_rate,volatility,0
(*)|(loc_dist_ema20_atr_ts_band25_75==0&loc_dist_ema20_atr_ts_top70==1)|(reg_atr_change_rate_ts_top60==1&reg_atr_change_rate_ts_top80==0),cb22efdb5237,2,42,21,loc_dist_ema20_atr_ts_top70,location,dist_ema20_atr,context,1
(*)|(loc_dist_ema20_atr_ts_band25_75==0&loc_dist_ema20_atr_ts_top70==1)|(reg_atr_change_rate_ts_top60==1&reg_atr_change_rate_ts_top80==0),cb22efdb5237,2,42,31,loc_dist_ema20_atr_ts_band25_75,location,dist_ema20_atr,context,0
(*)|(loc_dist_ema20_atr_ts_band25_75==0&loc_dist_ema20_atr_ts_top70==1)|(reg_atr_change_rate_ts_top60==1&reg_atr_change_rate_ts_top80==1),8114f47fe556,2,42,16,reg_atr_change_rate_ts_top60,regime,atr_change_rate,volatility,1
(*)|(loc_dist_ema20_atr_ts_band25_75==0&loc_dist_ema20_atr_ts_top70==1)|(reg_atr_change_rate_ts_top60==1&reg_atr_change_rate_ts_top80==1),8114f47fe556,2,42,24,reg_atr_change_rate_ts_top80,regime,atr_change_rate,volatility,1
(*)|(loc_dist_ema20_atr_ts_band25_75==0&loc_dist_ema20_atr_ts_top70==1)|(reg_atr_change_rate_ts_top60==1&reg_atr_change_rate_ts_top80==1),8114f47fe556,2,42,21,loc_dist_ema20_atr_ts_top70,location,dist_ema20_atr,context,1
(*)|(loc_dist_ema20_atr_ts_band25_75==0&loc_dist_ema20_atr_ts_top70==1)|(reg_atr_change_rate_ts_top60==1&reg_atr_change_rate_ts_top80==1),8114f47fe556,2,42,31,loc_dist_ema20_atr_ts_band25_75,location,dist_ema20_atr,context,0
(*)|(loc_dist_ema20_atr_ts_band25_75==1&loc_dist_ema20_atr_ts_top70==1)|(reg_atr_change_rate_ts_top60==1),76a5a27e6040,2,42,16,reg_atr_change_rate_ts_top60,regime,atr_change_rate,volatility,1
(*)|(loc_dist_ema20_atr_ts_band25_75==1&loc_dist_ema20_atr_ts_top70==1)|(reg_atr_change_rate_ts_top60==1),76a5a27e6040,2,42,21,loc_dist_ema20_atr_ts_top70,location,dist_ema20_atr,context,1
(*)|(loc_dist_ema20_atr_ts_band25_75==1&loc_dist_ema20_atr_ts_top70==1)|(reg_atr_change_rate_ts_top60==1),76a5a27e6040,2,42,31,loc_dist_ema20_atr_ts_band25_75,location,dist_ema20_atr,context,1
(*)|(*)|(reg_atr_change_rate_ts_top30==1&reg_ema20_gt_ema50_raw==0),92e8ca598642,2,42,432,reg_ema20_gt_ema50_raw,regime,ema20_gt_ema50,trend,0
(*)|(*)|(reg_atr_change_rate_ts_top30==1&reg_ema20_gt_ema50_raw==0),92e8ca598642,2,42,4,reg_atr_change_rate_ts_top30,regime,atr_change_rate,volatility,1
(*)|(loc_dist_ema20_atr_ts_top40==0&loc_dist_ema20_atr_ts_top50==0)|(reg_atr_change_rate_ts_band25_75==0&reg_atr_change_rate_ts_top20==0&reg_atr_change_rate_ts_top60==0&reg_ema20_gt_ema50_raw==1),10b0d659cc1e,2,42,432,reg_ema20_gt_ema50_raw,regime,ema20_gt_ema50,trend,1
(*)|(loc_dist_ema20_atr_ts_top40==0&loc_dist_ema20_atr_ts_top50==0)|(reg_atr_change_rate_ts_band25_75==0&reg_atr_change_rate_ts_top20==0&reg_atr_change_rate_ts_top60==0&reg_ema20_gt_ema50_raw==1),10b0d659cc1e,2,42,16,reg_atr_change_rate_ts_top60,regime,atr_change_rate,volatility,0
(*)|(loc_dist_ema20_atr_ts_top40==0&loc_dist_ema20_atr_ts_top50==0)|(reg_atr_change_rate_ts_band25_75==0&reg_atr_change_rate_ts_top20==0&reg_atr_change_rate_ts_top60==0&reg_ema20_gt_ema50_raw==1),10b0d659cc1e,2,42,30,reg_atr_change_rate_ts_band25_75,regime,atr_change_rate,volatility,0
(*)|(loc_dist_ema20_atr_ts_top40==0&loc_dist_ema20_atr_ts_top50==0)|(reg_atr_change_rate_ts_band25_75==0&reg_atr_change_rate_ts_top20==0&reg_atr_change_rate_ts_top60==0&reg_ema20_gt_ema50_raw==1),10b0d659cc1e,2,42,0,reg_atr_change_rate_ts_top20,regime,atr_change_rate,volatility,0
(*)|(loc_dist_ema20_atr_ts_top40==0&loc_dist_ema20_atr_ts_top50==0)|(reg_atr_change_rate_ts_band25_75==0&reg_atr_change_rate_ts_top20==0&reg_atr_change_rate_ts_top60==0&reg_ema20_gt_ema50_raw==1),10b0d659cc1e,2,42,13,loc_dist_ema20_atr_ts_top50,location,dist_ema20_atr,context,0
(*)|(loc_dist_ema20_atr_ts_top40==0&loc_dist_ema20_atr_ts_top50==0)|(reg_atr_change_rate_ts_band25_75==0&reg_atr_change_rate_ts_top20==0&reg_atr_change_rate_ts_top60==0&reg_ema20_gt_ema50_raw==1),10b0d659cc1e,2,42,9,loc_dist_ema20_atr_ts_top40,location,dist_ema20_atr,context,0
(*)|(loc_dist_ema20_atr_ts_top40==0&loc_dist_ema20_atr_ts_top50==0)|(reg_atr_change_rate_ts_band25_75==0&reg_atr_change_rate_ts_top20==1&reg_atr_change_rate_ts_top60==0&reg_ema20_gt_ema50_raw==1),db3b3af0c099,2,42,432,reg_ema20_gt_ema50_raw,regime,ema20_gt_ema50,trend,1
(*)|(loc_dist_ema20_atr_ts_top40==0&loc_dist_ema20_atr_ts_top50==0)|(reg_atr_change_rate_ts_band25_75==0&reg_atr_change_rate_ts_top20==1&reg_atr_change_rate_ts_top60==0&reg_ema20_gt_ema50_raw==1),db3b3af0c099,2,42,16,reg_atr_change_rate_ts_top60,regime,atr_change_rate,volatility,0
(*)|(loc_dist_ema20_atr_ts_top40==0&loc_dist_ema20_atr_ts_top50==0)|(reg_atr_change_rate_ts_band25_75==0&reg_atr_change_rate_ts_top20==1&reg_atr_change_rate_ts_top60==0&reg_ema20_gt_ema50_raw==1),db3b3af0c099,2,42,30,reg_atr_change_rate_ts_band25_75,regime,atr_change_rate,volatility,0
(*)|(loc_dist_ema20_atr_ts_top40==0&loc_dist_ema20_atr_ts_top50==0)|(reg_atr_change_rate_ts_band25_75==0&reg_atr_change_rate_ts_top20==1&reg_atr_change_rate_ts_top60==0&reg_ema20_gt_ema50_raw==1),db3b3af0c099,2,42,0,reg_atr_change_rate_ts_top20,regime,atr_change_rate,volatility,1
(*)|(loc_dist_ema20_atr_ts_top40==0&loc_dist_ema20_atr_ts_top50==0)|(reg_atr_change_rate_ts_band25_75==0&reg_atr_change_rate_ts_top20==1&reg_atr_change_rate_ts_top60==0&reg_ema20_gt_ema50_raw==1),db3b3af0c099,2,42,13,loc_dist_ema20_atr_ts_top50,location,dist_ema20_atr,context,0
(*)|(loc_dist_ema20_atr_ts_top40==0&loc_dist_ema20_atr_ts_top50==0)|(reg_atr_change_rate_ts_band25_75==0&reg_atr_change_rate_ts_top20==1&reg_atr_change_rate_ts_top60==0&reg_ema20_gt_ema50_raw==1),db3b3af0c099,2,42,9,loc_dist_ema20_atr_ts_top40,location,dist_ema20_atr,context,0
(*)|(loc_dist_ema20_atr_ts_top40==0&loc_dist_ema20_atr_ts_top50==0)|(reg_atr_change_rate_ts_band25_75==1&reg_atr_change_rate_ts_top30==0&reg_atr_change_rate_ts_top60==0&reg_ema20_gt_ema50_raw==1),b607e3b0b6c2,2,42,432,reg_ema20_gt_ema50_raw,regime,ema20_gt_ema50,trend,1
(*)|(loc_dist_ema20_atr_ts_top40==0&loc_dist_ema20_atr_ts_top50==0)|(reg_atr_change_rate_ts_band25_75==1&reg_atr_change_rate_ts_top30==0&reg_atr_change_rate_ts_top60==0&reg_ema20_gt_ema50_raw==1),b607e3b0b6c2,2,42,16,reg_atr_change_rate_ts_top60,regime,atr_change_rate,volatility,0
(*)|(loc_dist_ema20_atr_ts_top40==0&loc_dist_ema20_atr_ts_top50==0)|(reg_atr_change_rate_ts_band25_75==1&reg_atr_change_rate_ts_top30==0&reg_atr_change_rate_ts_top60==0&reg_ema20_gt_ema50_raw==1),b607e3b0b6c2,2,42,30,reg_atr_change_rate_ts_band25_75,regime,atr_change_rate,volatility,1
(*)|(loc_dist_ema20_atr_ts_top40==0&loc_dist_ema20_atr_ts_top50==0)|(reg_atr_change_rate_ts_band25_75==1&reg_atr_change_rate_ts_top30==0&reg_atr_change_rate_ts_top60==0&reg_ema20_gt_ema50_raw==1),b607e3b0b6c2,2,42,4,reg_atr_change_rate_ts_top30,regime,atr_change_rate,volatility,0
(*)|(loc_dist_ema20_atr_ts_top40==0&loc_dist_ema20_atr_ts_top50==0)|(reg_atr_change_rate_ts_band25_75==1&reg_atr_change_rate_ts_top30==0&reg_atr_change_rate_ts_top60==0&reg_ema20_gt_ema50_raw==1),b607e3b0b6c2,2,42,13,loc_dist_ema20_atr_ts_top50,location,dist_ema20_atr,context,0
(*)|(loc_dist_ema20_atr_ts_top40==0&loc_dist_ema20_atr_ts_top50==0)|(reg_atr_change_rate_ts_band25_75==1&reg_atr_change_rate_ts_top30==0&reg_atr_change_rate_ts_top60==0&reg_ema20_gt_ema50_raw==1),b607e3b0b6c2,2,42,9,loc_dist_ema20_atr_ts_top40,location,dist_ema20_atr,context,0
(*)|(loc_dist_ema20_atr_ts_top40==0&loc_dist_ema20_atr_ts_top50==0)|(reg_atr_change_rate_ts_band25_75==1&reg_atr_change_rate_ts_top30==1&reg_atr_change_rate_ts_top60==0&reg_ema20_gt_ema50_raw==1),f0aaf9d131d5,2,42,432,reg_ema20_gt_ema50_raw,regime,ema20_gt_ema50,trend,1
(*)|(loc_dist_ema20_atr_ts_top40==0&loc_dist_ema20_atr_ts_top50==0)|(reg_atr_change_rate_ts_band25_75==1&reg_atr_change_rate_ts_top30==1&reg_atr_change_rate_ts_top60==0&reg_ema20_gt_ema50_raw==1),f0aaf9d131d5,2,42,16,reg_atr_change_rate_ts_top60,regime,atr_change_rate,volatility,0
(*)|(loc_dist_ema20_atr_ts_top40==0&loc_dist_ema20_atr_ts_top50==0)|(reg_atr_change_rate_ts_band25_75==1&reg_atr_change_rate_ts_top30==1&reg_atr_change_rate_ts_top60==0&reg_ema20_gt_ema50_raw==1),f0aaf9d131d5,2,42,30,reg_atr_change_rate_ts_band25_75,regime,atr_change_rate,volatility,1
(*)|(loc_dist_ema20_atr_ts_top40==0&loc_dist_ema20_atr_ts_top50==0)|(reg_atr_change_rate_ts_band25_75==1&reg_atr_change_rate_ts_top30==1&reg_atr_change_rate_ts_top60==0&reg_ema20_gt_ema50_raw==1),f0aaf9d131d5,2,42,4,reg_atr_change_rate_ts_top30,regime,atr_change_rate,volatility,1
(*)|(loc_dist_ema20_atr_ts_top40==0&loc_dist_ema20_atr_ts_top50==0)|(reg_atr_change_rate_ts_band25_75==1&reg_atr_change_rate_ts_top30==1&reg_atr_change_rate_ts_top60==0&reg_ema20_gt_ema50_raw==1),f0aaf9d131d5,2,42,13,loc_dist_ema20_atr_ts_top50,location,dist_ema20_atr,context,0
(*)|(loc_dist_ema20_atr_ts_top40==0&loc_dist_ema20_atr_ts_top50==0)|(reg_atr_change_rate_ts_band25_75==1&reg_atr_change_rate_ts_top30==1&reg_atr_change_rate_ts_top60==0&reg_ema20_gt_ema50_raw==1),f0aaf9d131d5,2,42,9,loc_dist_ema20_atr_ts_top40,location,dist_ema20_atr,context,0
(*)|(loc_dist_ema20_atr_ts_top40==1&loc_dist_ema20_atr_ts_top50==0)|(reg_atr_change_rate_ts_top60==0&reg_ema20_gt_ema50_raw==1),38a0ff61c8e5,2,42,432,reg_ema20_gt_ema50_raw,regime,ema20_gt_ema50,trend,1
(*)|(loc_dist_ema20_atr_ts_top40==1&loc_dist_ema20_atr_ts_top50==0)|(reg_atr_change_rate_ts_top60==0&reg_ema20_gt_ema50_raw==1),38a0ff61c8e5,2,42,16,reg_atr_change_rate_ts_top60,regime,atr_change_rate,volatility,0
(*)|(loc_dist_ema20_atr_ts_top40==1&loc_dist_ema20_atr_ts_top50==0)|(reg_atr_change_rate_ts_top60==0&reg_ema20_gt_ema50_raw==1),38a0ff61c8e5,2,42,13,loc_dist_ema20_atr_ts_top50,location,dist_ema20_atr,context,0
(*)|(loc_dist_ema20_atr_ts_top40==1&loc_dist_ema20_atr_ts_top50==0)|(reg_atr_change_rate_ts_top60==0&reg_ema20_gt_ema50_raw==1),38a0ff61c8e5,2,42,9,loc_dist_ema20_atr_ts_top40,location,dist_ema20_atr,context,1
(*)|(loc_dist_ema20_atr_ts_top50==1)|(reg_atr_change_rate_ts_top60==0&reg_ema20_gt_ema50_raw==1),49d504580957,2,42,432,reg_ema20_gt_ema50_raw,regime,ema20_gt_ema50,trend,1
(*)|(loc_dist_ema20_atr_ts_top50==1)|(reg_atr_change_rate_ts_top60==0&reg_ema20_gt_ema50_raw==1),49d504580957,2,42,16,reg_atr_change_rate_ts_top60,regime,atr_change_rate,volatility,0
(*)|(loc_dist_ema20_atr_ts_top50==1)|(reg_atr_change_rate_ts_top60==0&reg_ema20_gt_ema50_raw==1),49d504580957,2,42,13,loc_dist_ema20_atr_ts_top50,location,dist_ema20_atr,context,1
(*)|(loc_dist_ema20_atr_ts_top70==0)|(reg_atr_change_rate_ts_top60==1&reg_ema20_gt_ema50_raw==1),7220fdd4fe8d,2,42,432,reg_ema20_gt_ema50_raw,regime,ema20_gt_ema50,trend,1
(*)|(loc_dist_ema20_atr_ts_top70==0)|(reg_atr_change_rate_ts_top60==1&reg_ema20_gt_ema50_raw==1),7220fdd4fe8d,2,42,16,reg_atr_change_rate_ts_top60,regime,atr_change_rate,volatility,1
(*)|(loc_dist_ema20_atr_ts_top70==0)|(reg_atr_change_rate_ts_top60==1&reg_ema20_gt_ema50_raw==1),7220fdd4fe8d,2,42,21,loc_dist_ema20_atr_ts_top70,location,dist_ema20_atr,context,0
(*)|(loc_dist_ema20_atr_ts_top70==1)|(reg_atr_change_rate_ts_band25_75==0&reg_atr_change_rate_ts_bot80==0&reg_atr_change_rate_ts_top60==1&reg_ema20_gt_ema50_raw==1),d86885361900,2,42,432,reg_ema20_gt_ema50_raw,regime,ema20_gt_ema50,trend,1
(*)|(loc_dist_ema20_atr_ts_top70==1)|(reg_atr_change_rate_ts_band25_75==0&reg_atr_change_rate_ts_bot80==0&reg_atr_change_rate_ts_top60==1&reg_ema20_gt_ema50_raw==1),d86885361900,2,42,16,reg_atr_change_rate_ts_top60,regime,atr_change_rate,volatility,1
(*)|(loc_dist_ema20_atr_ts_top70==1)|(reg_atr_change_rate_ts_band25_75==0&reg_atr_change_rate_ts_bot80==0&reg_atr_change_rate_ts_top60==1&reg_ema20_gt_ema50_raw==1),d86885361900,2,42,30,reg_atr_change_rate_ts_band25_75,regime,atr_change_rate,volatility,0
(*)|(loc_dist_ema20_atr_ts_top70==1)|(reg_atr_change_rate_ts_band25_75==0&reg_atr_change_rate_ts_bot80==0&reg_atr_change_rate_ts_top60==1&reg_ema20_gt_ema50_raw==1),d86885361900,2,42,26,reg_atr_change_rate_ts_bot80,regime,atr_change_rate,volatility,0
(*)|(loc_dist_ema20_atr_ts_top70==1)|(reg_atr_change_rate_ts_band25_75==0&reg_atr_change_rate_ts_bot80==0&reg_atr_change_rate_ts_top60==1&reg_ema20_gt_ema50_raw==1),d86885361900,2,42,21,loc_dist_ema20_atr_ts_top70,location,dist_ema20_atr,context,1
(*)|(loc_dist_ema20_atr_ts_top70==1)|(reg_atr_change_rate_ts_band25_75==0&reg_atr_change_rate_ts_bot80==1&reg_atr_change_rate_ts_top60==1&reg_ema20_gt_ema50_raw==1),7834b716cceb,2,42,432,reg_ema20_gt_ema50_raw,regime,ema20_gt_ema50,trend,1
(*)|(loc_dist_ema20_atr_ts_top70==1)|(reg_atr_change_rate_ts_band25_75==0&reg_atr_change_rate_ts_bot80==1&reg_atr_change_rate_ts_top60==1&reg_ema20_gt_ema50_raw==1),7834b716cceb,2,42,16,reg_atr_change_rate_ts_top60,regime,atr_change_rate,volatility,1
(*)|(loc_dist_ema20_atr_ts_top70==1)|(reg_atr_change_rate_ts_band25_75==0&reg_atr_change_rate_ts_bot80==1&reg_atr_change_rate_ts_top60==1&reg_ema20_gt_ema50_raw==1),7834b716cceb,2,42,30,reg_atr_change_rate_ts_band25_75,regime,atr_change_rate,volatility,0
(*)|(loc_dist_ema20_atr_ts_top70==1)|(reg_atr_change_rate_ts_band25_75==0&reg_atr_change_rate_ts_bot80==1&reg_atr_change_rate_ts_top60==1&reg_ema20_gt_ema50_raw==1),7834b716cceb,2,42,26,reg_atr_change_rate_ts_bot80,regime,atr_change_rate,volatility,1
(*)|(loc_dist_ema20_atr_ts_top70==1)|(reg_atr_change_rate_ts_band25_75==0&reg_atr_change_rate_ts_bot80==1&reg_atr_change_rate_ts_top60==1&reg_ema20_gt_ema50_raw==1),7834b716cceb,2,42,21,loc_dist_ema20_atr_ts_top70,location,dist_ema20_atr,context,1
(*)|(loc_dist_ema20_atr_ts_top70==1)|(reg_atr_change_rate_ts_band25_75==1&reg_atr_change_rate_ts_top60==1&reg_ema20_gt_ema50_raw==1),0edae107d5c0,2,42,432,reg_ema20_gt_ema50_raw,regime,ema20_gt_ema50,trend,1
(*)|(loc_dist_ema20_atr_ts_top70==1)|(reg_atr_change_rate_ts_band25_75==1&reg_atr_change_rate_ts_top60==1&reg_ema20_gt_ema50_raw==1),0edae107d5c0,2,42,16,reg_atr_change_rate_ts_top60,regime,atr_change_rate,volatility,1
(*)|(loc_dist_ema20_atr_ts_top70==1)|(reg_atr_change_rate_ts_band25_75==1&reg_atr_change_rate_ts_top60==1&reg_ema20_gt_ema50_raw==1),0edae107d5c0,2,42,30,reg_atr_change_rate_ts_band25_75,regime,atr_change_rate,volatility,1
(*)|(loc_dist_ema20_atr_ts_top70==1)|(reg_atr_change_rate_ts_band25_75==1&reg_atr_change_rate_ts_top60==1&reg_ema20_gt_ema50_raw==1),0edae107d5c0,2,42,21,loc_dist_ema20_atr_ts_top70,location,dist_ema20_atr,context,1
(*)|(loc_dist_ema20_atr_ts_top50==0)|(reg_atr_change_rate_ts_top20==0&reg_atr_change_rate_ts_top30==0&reg_atr_change_rate_ts_top40==0&reg_atr_change_rate_ts_top60==0&reg_ema20_gt_ema50_raw==1),22029705c0c5,2,42,16,reg_atr_change_rate_ts_top60,regime,atr_change_rate,volatility,0
(*)|(loc_dist_ema20_atr_ts_top50==0)|(reg_atr_change_rate_ts_top20==0&reg_atr_change_rate_ts_top30==0&reg_atr_change_rate_ts_top40==0&reg_atr_change_rate_ts_top60==0&reg_ema20_gt_ema50_raw==1),22029705c0c5,2,42,432,reg_ema20_gt_ema50_raw,regime,ema20_gt_ema50,trend,1
(*)|(loc_dist_ema20_atr_ts_top50==0)|(reg_atr_change_rate_ts_top20==0&reg_atr_change_rate_ts_top30==0&reg_atr_change_rate_ts_top40==0&reg_atr_change_rate_ts_top60==0&reg_ema20_gt_ema50_raw==1),22029705c0c5,2,42,8,reg_atr_change_rate_ts_top40,regime,atr_change_rate,volatility,0
(*)|(loc_dist_ema20_atr_ts_top50==0)|(reg_atr_change_rate_ts_top20==0&reg_atr_change_rate_ts_top30==0&reg_atr_change_rate_ts_top40==0&reg_atr_change_rate_ts_top60==0&reg_ema20_gt_ema50_raw==1),22029705c0c5,2,42,4,reg_atr_change_rate_ts_top30,regime,atr_change_rate,volatility,0
(*)|(loc_dist_ema20_atr_ts_top50==0)|(reg_atr_change_rate_ts_top20==0&reg_atr_change_rate_ts_top30==0&reg_atr_change_rate_ts_top40==0&reg_atr_change_rate_ts_top60==0&reg_ema20_gt_ema50_raw==1),22029705c0c5,2,42,0,reg_atr_change_rate_ts_top20,regime,atr_change_rate,volatility,0
(*)|(loc_dist_ema20_atr_ts_top50==0)|(reg_atr_change_rate_ts_top20==0&reg_atr_change_rate_ts_top30==0&reg_atr_change_rate_ts_top40==0&reg_atr_change_rate_ts_top60==0&reg_ema20_gt_ema50_raw==1),22029705c0c5,2,42,13,loc_dist_ema20_atr_ts_top50,location,dist_ema20_atr,context,0
(*)|(loc_dist_ema20_atr_ts_top50==0)|(reg_atr_change_rate_ts_top20==1&reg_atr_change_rate_ts_top30==0&reg_atr_change_rate_ts_top40==0&reg_atr_change_rate_ts_top60==0&reg_ema20_gt_ema50_raw==1),8ada809c62e1,2,42,16,reg_atr_change_rate_ts_top60,regime,atr_change_rate,volatility,0
(*)|(loc_dist_ema20_atr_ts_top50==0)|(reg_atr_change_rate_ts_top20==1&reg_atr_change_rate_ts_top30==0&reg_atr_change_rate_ts_top40==0&reg_atr_change_rate_ts_top60==0&reg_ema20_gt_ema50_raw==1),8ada809c62e1,2,42,432,reg_ema20_gt_ema50_raw,regime,ema20_gt_ema50,trend,1
(*)|(loc_dist_ema20_atr_ts_top50==0)|(reg_atr_change_rate_ts_top20==1&reg_atr_change_rate_ts_top30==0&reg_atr_change_rate_ts_top40==0&reg_atr_change_rate_ts_top60==0&reg_ema20_gt_ema50_raw==1),8ada809c62e1,2,42,8,reg_atr_change_rate_ts_top40,regime,atr_change_rate,volatility,0
(*)|(loc_dist_ema20_atr_ts_top50==0)|(reg_atr_change_rate_ts_top20==1&reg_atr_change_rate_ts_top30==0&reg_atr_change_rate_ts_top40==0&reg_atr_change_rate_ts_top60==0&reg_ema20_gt_ema50_raw==1),8ada809c62e1,2,42,4,reg_atr_change_rate_ts_top30,regime,atr_change_rate,volatility,0
(*)|(loc_dist_ema20_atr_ts_top50==0)|(reg_atr_change_rate_ts_top20==1&reg_atr_change_rate_ts_top30==0&reg_atr_change_rate_ts_top40==0&reg_atr_change_rate_ts_top60==0&reg_ema20_gt_ema50_raw==1),8ada809c62e1,2,42,0,reg_atr_change_rate_ts_top20,regime,atr_change_rate,volatility,1
(*)|(loc_dist_ema20_atr_ts_top50==0)|(reg_atr_change_rate_ts_top20==1&reg_atr_change_rate_ts_top30==0&reg_atr_change_rate_ts_top40==0&reg_atr_change_rate_ts_top60==0&reg_ema20_gt_ema50_raw==1),8ada809c62e1,2,42,13,loc_dist_ema20_atr_ts_top50,location,dist_ema20_atr,context,0
(*)|(loc_dist_ema20_atr_ts_top50==0)|(reg_atr_change_rate_ts_top30==1&reg_atr_change_rate_ts_top40==0&reg_atr_change_rate_ts_top60==0&reg_ema20_gt_ema50_raw==1),b09fe3846f61,2,42,16,reg_atr_change_rate_ts_top60,regime,atr_change_rate,volatility,0
(*)|(loc_dist_ema20_atr_ts_top50==0)|(reg_atr_change_rate_ts_top30==1&reg_atr_change_rate_ts_top40==0&reg_atr_change_rate_ts_top60==0&reg_ema20_gt_ema50_raw==1),b09fe3846f61,2,42,432,reg_ema20_gt_ema50_raw,regime,ema20_gt_ema50,trend,1
(*)|(loc_dist_ema20_atr_ts_top50==0)|(reg_atr_change_rate_ts_top30==1&reg_atr_change_rate_ts_top40==0&reg_atr_change_rate_ts_top60==0&reg_ema20_gt_ema50_raw==1),b09fe3846f61,2,42,8,reg_atr_change_rate_ts_top40,regime,atr_change_rate,volatility,0
(*)|(loc_dist_ema20_atr_ts_top50==0)|(reg_atr_change_rate_ts_top30==1&reg_atr_change_rate_ts_top40==0&reg_atr_change_rate_ts_top60==0&reg_ema20_gt_ema50_raw==1),b09fe3846f61,2,42,4,reg_atr_change_rate_ts_top30,regime,atr_change_rate,volatility,1
(*)|(loc_dist_ema20_atr_ts_top50==0)|(reg_atr_change_rate_ts_top30==1&reg_atr_change_rate_ts_top40==0&reg_atr_change_rate_ts_top60==0&reg_ema20_gt_ema50_raw==1),b09fe3846f61,2,42,13,loc_dist_ema20_atr_ts_top50,location,dist_ema20_atr,context,0
(*)|(loc_dist_ema20_atr_ts_top50==0)|(reg_atr_change_rate_ts_top40==1&reg_atr_change_rate_ts_top60==0&reg_ema20_gt_ema50_raw==1),3ad629c4d11f,2,42,16,reg_atr_change_rate_ts_top60,regime,atr_change_rate,volatility,0
(*)|(loc_dist_ema20_atr_ts_top50==0)|(reg_atr_change_rate_ts_top40==1&reg_atr_change_rate_ts_top60==0&reg_ema20_gt_ema50_raw==1),3ad629c4d11f,2,42,432,reg_ema20_gt_ema50_raw,regime,ema20_gt_ema50,trend,1
(*)|(loc_dist_ema20_atr_ts_top50==0)|(reg_atr_change_rate_ts_top40==1&reg_atr_change_rate_ts_top60==0&reg_ema20_gt_ema50_raw==1),3ad629c4d11f,2,42,8,reg_atr_change_rate_ts_top40,regime,atr_change_rate,volatility,1
(*)|(loc_dist_ema20_atr_ts_top50==0)|(reg_atr_change_rate_ts_top40==1&reg_atr_change_rate_ts_top60==0&reg_ema20_gt_ema50_raw==1),3ad629c4d11f,2,42,13,loc_dist_ema20_atr_ts_top50,location,dist_ema20_atr,context,0
(*)|(loc_dist_ema20_atr_ts_top50==1)|(reg_atr_change_rate_ts_top60==0&reg_ema20_gt_ema50_raw==1),0f608d16eb94,2,42,16,reg_atr_change_rate_ts_top60,regime,atr_change_rate,volatility,0
(*)|(loc_dist_ema20_atr_ts_top50==1)|(reg_atr_change_rate_ts_top60==0&reg_ema20_gt_ema50_raw==1),0f608d16eb94,2,42,432,reg_ema20_gt_ema50_raw,regime,ema20_gt_ema50,trend,1
(*)|(loc_dist_ema20_atr_ts_top50==1)|(reg_atr_change_rate_ts_top60==0&reg_ema20_gt_ema50_raw==1),0f608d16eb94,2,42,13,loc_dist_ema20_atr_ts_top50,location,dist_ema20_atr,context,1
(*)|(loc_dist_ema20_atr_ts_band25_75==0&loc_dist_ema20_atr_ts_band30_70==0&loc_dist_ema20_atr_ts_bot80==0)|(reg_atr_change_rate_ts_top60==1),5992866ad1c2,2,42,16,reg_atr_change_rate_ts_top60,regime,atr_change_rate,volatility,1
(*)|(loc_dist_ema20_atr_ts_band25_75==0&loc_dist_ema20_atr_ts_band30_70==0&loc_dist_ema20_atr_ts_bot80==0)|(reg_atr_change_rate_ts_top60==1),5992866ad1c2,2,42,33,loc_dist_ema20_atr_ts_band30_70,location,dist_ema20_atr,context,0
(*)|(loc_dist_ema20_atr_ts_band25_75==0&loc_dist_ema20_atr_ts_band30_70==0&loc_dist_ema20_atr_ts_bot80==0)|(reg_atr_change_rate_ts_top60==1),5992866ad1c2,2,42,31,loc_dist_ema20_atr_ts_band25_75,location,dist_ema20_atr,context,0
(*)|(loc_dist_ema20_atr_ts_band25_75==0&loc_dist_ema20_atr_ts_band30_70==0&loc_dist_ema20_atr_ts_bot80==0)|(reg_atr_change_rate_ts_top60==1),5992866ad1c2,2,42,27,loc_dist_ema20_atr_ts_bot80,location,dist_ema20_atr,context,0
(*)|(loc_dist_ema20_atr_ts_band25_75==0&loc_dist_ema20_atr_ts_band30_70==0&loc_dist_ema20_atr_ts_bot80==1)|(reg_atr_change_rate_ts_top60==1),2aa5ca620328,2,42,16,reg_atr_change_rate_ts_top60,regime,atr_change_rate,volatility,1
(*)|(loc_dist_ema20_atr_ts_band25_75==0&loc_dist_ema20_atr_ts_band30_70==0&loc_dist_ema20_atr_ts_bot80==1)|(reg_atr_change_rate_ts_top60==1),2aa5ca620328,2,42,33,loc_dist_ema20_atr_ts_band30_70,location,dist_ema20_atr,context,0
(*)|(loc_dist_ema20_atr_ts_band25_75==0&loc_dist_ema20_atr_ts_band30_70==0&loc_dist_ema20_atr_ts_bot80==1)|(reg_atr_change_rate_ts_top60==1),2aa5ca620328,2,42,31,loc_dist_ema20_atr_ts_band25_75,location,dist_ema20_atr,context,0
(*)|(loc_dist_ema20_atr_ts_band25_75==0&loc_dist_ema20_atr_ts_band30_70==0&loc_dist_ema20_atr_ts_bot80==1)|(reg_atr_change_rate_ts_top60==1),2aa5ca620328,2,42,27,loc_dist_ema20_atr_ts_bot80,location,dist_ema20_atr,context,1
(*)|(loc_dist_ema20_atr_ts_band25_75==1&loc_dist_ema20_atr_ts_band30_70==0)|(reg_atr_change_rate_ts_top60==1),977623a506c8,2,42,16,reg_atr_change_rate_ts_top60,regime,atr_change_rate,volatility,1
(*)|(loc_dist_ema20_atr_ts_band25_75==1&loc_dist_ema20_atr_ts_band30_70==0)|(reg_atr_change_rate_ts_top60==1),977623a506c8,2,42,33,loc_dist_ema20_atr_ts_band30_70,location,dist_ema20_atr,context,0
(*)|(loc_dist_ema20_atr_ts_band25_75==1&loc_dist_ema20_atr_ts_band30_70==0)|(reg_atr_change_rate_ts_top60==1),977623a506c8,2,42,31,loc_dist_ema20_atr_ts_band25_75,location,dist_ema20_atr,context,1
(*)|(loc_dist_ema20_atr_ts_band30_70==1)|(reg_atr_change_rate_ts_top60==1),274503b54556,2,42,16,reg_atr_change_rate_ts_top60,regime,atr_change_rate,volatility,1
(*)|(loc_dist_ema20_atr_ts_band30_70==1)|(reg_atr_change_rate_ts_top60==1),274503b54556,2,42,33,loc_dist_ema20_atr_ts_band30_70,location,dist_ema20_atr,context,1
(*)|(loc_dist_ema20_atr_ts_top30==0&loc_dist_ema20_atr_ts_top50==0)|(reg_atr_change_rate_ts_band25_75==1&reg_atr_change_rate_ts_bot20==0&reg_atr_change_rate_ts_top40==0&reg_atr_change_rate_ts_top60==0),acb2900a5c78,2,42,16,reg_atr_change_rate_ts_top60,regime,atr_change_rate,volatility,0
(*)|(loc_dist_ema20_atr_ts_top30==0&loc_dist_ema20_atr_ts_top50==0)|(reg_atr_change_rate_ts_band25_75==1&reg_atr_change_rate_ts_bot20==0&reg_atr_change_rate_ts_top40==0&reg_atr_change_rate_ts_top60==0),acb2900a5c78,2,42,2,reg_atr_change_rate_ts_bot20,regime,atr_change_rate,volatility,0
(*)|(loc_dist_ema20_atr_ts_top30==0&loc_dist_ema20_atr_ts_top50==0)|(reg_atr_change_rate_ts_band25_75==1&reg_atr_change_rate_ts_bot20==0&reg_atr_change_rate_ts_top40==0&reg_atr_change_rate_ts_top60==0),acb2900a5c78,2,42,30,reg_atr_change_rate_ts_band25_75,regime,atr_change_rate,volatility,1
(*)|(loc_dist_ema20_atr_ts_top30==0&loc_dist_ema20_atr_ts_top50==0)|(reg_atr_change_rate_ts_band25_75==1&reg_atr_change_rate_ts_bot20==0&reg_atr_change_rate_ts_top40==0&reg_atr_change_rate_ts_top60==0),acb2900a5c78,2,42,8,reg_atr_change_rate_ts_top40,regime,atr_change_rate,volatility,0
(*)|(loc_dist_ema20_atr_ts_top30==0&loc_dist_ema20_atr_ts_top50==0)|(reg_atr_change_rate_ts_band25_75==1&reg_atr_change_rate_ts_bot20==0&reg_atr_change_rate_ts_top40==0&reg_atr_change_rate_ts_top60==0),acb2900a5c78,2,42,13,loc_dist_ema20_atr_ts_top50,location,dist_ema20_atr,context,0
(*)|(loc_dist_ema20_atr_ts_top30==0&loc_dist_ema20_atr_ts_top50==0)|(reg_atr_change_rate_ts_band25_75==1&reg_atr_change_rate_ts_bot20==0&reg_atr_change_rate_ts_top40==0&reg_atr_change_rate_ts_top60==0),acb2900a5c78,2,42,5,loc_dist_ema20_atr_ts_top30,location,dist_ema20_atr,context,0
(*)|(loc_dist_ema20_atr_ts_top30==1&loc_dist_ema20_atr_ts_top50==0)|(reg_atr_change_rate_ts_band25_75==1&reg_atr_change_rate_ts_bot20==0&reg_atr_change_rate_ts_top40==0&reg_atr_change_rate_ts_top60==0),a799f1dcf838,2,42,16,reg_atr_change_rate_ts_top60,regime,atr_change_rate,volatility,0
(*)|(loc_dist_ema20_atr_ts_top30==1&loc_dist_ema20_atr_ts_top50==0)|(reg_atr_change_rate_ts_band25_75==1&reg_atr_change_rate_ts_bot20==0&reg_atr_change_rate_ts_top40==0&reg_atr_change_rate_ts_top60==0),a799f1dcf838,2,42,2,reg_atr_change_rate_ts_bot20,regime,atr_change_rate,volatility,0
(*)|(loc_dist_ema20_atr_ts_top30==1&loc_dist_ema20_atr_ts_top50==0)|(reg_atr_change_rate_ts_band25_75==1&reg_atr_change_rate_ts_bot20==0&reg_atr_change_rate_ts_top40==0&reg_atr_change_rate_ts_top60==0),a799f1dcf838,2,42,30,reg_atr_change_rate_ts_band25_75,regime,atr_change_rate,volatility,1
(*)|(loc_dist_ema20_atr_ts_top30==1&loc_dist_ema20_atr_ts_top50==0)|(reg_atr_change_rate_ts_band25_75==1&reg_atr_change_rate_ts_bot20==0&reg_atr_change_rate_ts_top40==0&reg_atr_change_rate_ts_top60==0),a799f1dcf838,2,42,8,reg_atr_change_rate_ts_top40,regime,atr_change_rate,volatility,0
(*)|(loc_dist_ema20_atr_ts_top30==1&loc_dist_ema20_atr_ts_top50==0)|(reg_atr_change_rate_ts_band25_75==1&reg_atr_change_rate_ts_bot20==0&reg_atr_change_rate_ts_top40==0&reg_atr_change_rate_ts_top60==0),a799f1dcf838,2,42,13,loc_dist_ema20_atr_ts_top50,location,dist_ema20_atr,context,0
(*)|(loc_dist_ema20_atr_ts_top30==1&loc_dist_ema20_atr_ts_top50==0)|(reg_atr_change_rate_ts_band25_75==1&reg_atr_change_rate_ts_bot20==0&reg_atr_change_rate_ts_top40==0&reg_atr_change_rate_ts_top60==0),a799f1dcf838,2,42,5,loc_dist_ema20_atr_ts_top30,location,dist_ema20_atr,context,1
(*)|(loc_dist_ema20_atr_ts_top50==0)|(reg_atr_change_rate_ts_band25_75==1&reg_atr_change_rate_ts_bot20==0&reg_atr_change_rate_ts_top40==1&reg_atr_change_rate_ts_top60==0),9507d456351e,2,42,16,reg_atr_change_rate_ts_top60,regime,atr_change_rate,volatility,0
(*)|(loc_dist_ema20_atr_ts_top50==0)|(reg_atr_change_rate_ts_band25_75==1&reg_atr_change_rate_ts_bot20==0&reg_atr_change_rate_ts_top40==1&reg_atr_change_rate_ts_top60==0),9507d456351e,2,42,2,reg_atr_change_rate_ts_bot20,regime,atr_change_rate,volatility,0
(*)|(loc_dist_ema20_atr_ts_top50==0)|(reg_atr_change_rate_ts_band25_75==1&reg_atr_change_rate_ts_bot20==0&reg_atr_change_rate_ts_top40==1&reg_atr_change_rate_ts_top60==0),9507d456351e,2,42,30,reg_atr_change_rate_ts_band25_75,regime,atr_change_rate,volatility,1
(*)|(loc_dist_ema20_atr_ts_top50==0)|(reg_atr_change_rate_ts_band25_75==1&reg_atr_change_rate_ts_bot20==0&reg_atr_change_rate_ts_top40==1&reg_atr_change_rate_ts_top60==0),9507d456351e,2,42,8,reg_atr_change_rate_ts_top40,regime,atr_change_rate,volatility,1
(*)|(loc_dist_ema20_atr_ts_top50==0)|(reg_atr_change_rate_ts_band25_75==1&reg_atr_change_rate_ts_bot20==0&reg_atr_change_rate_ts_top40==1&reg_atr_change_rate_ts_top60==0),9507d456351e,2,42,13,loc_dist_ema20_atr_ts_top50,location,dist_ema20_atr,context,0
(*)|(loc_dist_ema20_atr_ts_top50==0)|(reg_atr_change_rate_ts_bot20==1&reg_atr_change_rate_ts_top60==0),64a7b3d251d0,2,42,16,reg_atr_change_rate_ts_top60,regime,atr_change_rate,volatility,0
(*)|(loc_dist_ema20_atr_ts_top50==0)|(reg_atr_change_rate_ts_bot20==1&reg_atr_change_rate_ts_top60==0),64a7b3d251d0,2,42,2,reg_atr_change_rate_ts_bot20,regime,atr_change_rate,volatility,1
(*)|(loc_dist_ema20_atr_ts_top50==0)|(reg_atr_change_rate_ts_bot20==1&reg_atr_change_rate_ts_top60==0),64a7b3d251d0,2,42,13,loc_dist_ema20_atr_ts_top50,location,dist_ema20_atr,context,0
(*)|(loc_dist_ema20_atr_ts_top50==1)|(reg_atr_change_rate_ts_top60==0),b4417d2feb56,2,42,16,reg_atr_change_rate_ts_top60,regime,atr_change_rate,volatility,0
(*)|(loc_dist_ema20_atr_ts_top50==1)|(reg_atr_change_rate_ts_top60==0),b4417d2feb56,2,42,13,loc_dist_ema20_atr_ts_top50,location,dist_ema20_atr,context,1
(*)|(loc_dist_ema20_atr_ts_bot70==0)|(reg_atr_change_rate_ts_band25_75==0&reg_atr_change_rate_ts_top60==1&reg_atr_change_rate_ts_top80==0),389db77450ec,2,42,16,reg_atr_change_rate_ts_top60,regime,atr_change_rate,volatility,1
(*)|(loc_dist_ema20_atr_ts_bot70==0)|(reg_atr_change_rate_ts_band25_75==0&reg_atr_change_rate_ts_top60==1&reg_atr_change_rate_ts_top80==0),389db77450ec,2,42,30,reg_atr_change_rate_ts_band25_75,regime,atr_change_rate,volatility,0
(*)|(loc_dist_ema20_atr_ts_bot70==0)|(reg_atr_change_rate_ts_band25_75==0&reg_atr_change_rate_ts_top60==1&reg_atr_change_rate_ts_top80==0),389db77450ec,2,42,24,reg_atr_change_rate_ts_top80,regime,atr_change_rate,volatility,0
(*)|(loc_dist_ema20_atr_ts_bot70==0)|(reg_atr_change_rate_ts_band25_75==0&reg_atr_change_rate_ts_top60==1&reg_atr_change_rate_ts_top80==0),389db77450ec,2,42,23,loc_dist_ema20_atr_ts_bot70,location,dist_ema20_atr,context,0
(*)|(loc_dist_ema20_atr_ts_bot70==0)|(reg_atr_change_rate_ts_band25_75==0&reg_atr_change_rate_ts_top60==1&reg_atr_change_rate_ts_top80==1),1516b3b6925b,2,42,16,reg_atr_change_rate_ts_top60,regime,atr_change_rate,volatility,1
(*)|(loc_dist_ema20_atr_ts_bot70==0)|(reg_atr_change_rate_ts_band25_75==0&reg_atr_change_rate_ts_top60==1&reg_atr_change_rate_ts_top80==1),1516b3b6925b,2,42,30,reg_atr_change_rate_ts_band25_75,regime,atr_change_rate,volatility,0
(*)|(loc_dist_ema20_atr_ts_bot70==0)|(reg_atr_change_rate_ts_band25_75==0&reg_atr_change_rate_ts_top60==1&reg_atr_change_rate_ts_top80==1),1516b3b6925b,2,42,24,reg_atr_change_rate_ts_top80,regime,atr_change_rate,volatility,1
(*)|(loc_dist_ema20_atr_ts_bot70==0)|(reg_atr_change_rate_ts_band25_75==0&reg_atr_change_rate_ts_top60==1&reg_atr_change_rate_ts_top80==1),1516b3b6925b,2,42,23,loc_dist_ema20_atr_ts_bot70,location,dist_ema20_atr,context,0
(*)|(loc_dist_ema20_atr_ts_bot70==0)|(reg_atr_change_rate_ts_band25_75==1&reg_atr_change_rate_ts_top60==1),a205bff15ec7,2,42,16,reg_atr_change_rate_ts_top60,regime,atr_change_rate,volatility,1
(*)|(loc_dist_ema20_atr_ts_bot70==0)|(reg_atr_change_rate_ts_band25_75==1&reg_atr_change_rate_ts_top60==1),a205bff15ec7,2,42,30,reg_atr_change_rate_ts_band25_75,regime,atr_change_rate,volatility,1
(*)|(loc_dist_ema20_atr_ts_bot70==0)|(reg_atr_change_rate_ts_band25_75==1&reg_atr_change_rate_ts_top60==1),a205bff15ec7,2,42,23,loc_dist_ema20_atr_ts_bot70,location,dist_ema20_atr,context,0
(*)|(loc_dist_ema20_atr_ts_bot70==1)|(reg_atr_change_rate_ts_top60==1),281113d87868,2,42,16,reg_atr_change_rate_ts_top60,regime,atr_change_rate,volatility,1
(*)|(loc_dist_ema20_atr_ts_bot70==1)|(reg_atr_change_rate_ts_top60==1),281113d87868,2,42,23,loc_dist_ema20_atr_ts_bot70,location,dist_ema20_atr,context,1
(*)|(*)|(reg_atr_change_rate_ts_bot50==0&reg_atr_compression_ratio_ts_top60==0&reg_ema50_gt_ema200_raw==1),0f796fee8991,2,42,52,reg_atr_compression_ratio_ts_top60,regime,atr_compression_ratio,volatility_term_structure,0
(*)|(*)|(reg_atr_change_rate_ts_bot50==0&reg_atr_compression_ratio_ts_top60==0&reg_ema50_gt_ema200_raw==1),0f796fee8991,2,42,506,reg_ema50_gt_ema200_raw,regime,ema50_gt_ema200,trend,1
(*)|(*)|(reg_atr_change_rate_ts_bot50==0&reg_atr_compression_ratio_ts_top60==0&reg_ema50_gt_ema200_raw==1),0f796fee8991,2,42,14,reg_atr_change_rate_ts_bot50,regime,atr_change_rate,volatility,0
(*)|(*)|(reg_atr_change_rate_ts_bot50==1&reg_atr_change_rate_ts_top20==0&reg_atr_compression_ratio_ts_top60==0&reg_ema50_gt_ema200_raw==1),17ddf8ac51f5,2,42,52,reg_atr_compression_ratio_ts_top60,regime,atr_compression_ratio,volatility_term_structure,0
(*)|(*)|(reg_atr_change_rate_ts_bot50==1&reg_atr_change_rate_ts_top20==0&reg_atr_compression_ratio_ts_top60==0&reg_ema50_gt_ema200_raw==1),17ddf8ac51f5,2,42,506,reg_ema50_gt_ema200_raw,regime,ema50_gt_ema200,trend,1
(*)|(*)|(reg_atr_change_rate_ts_bot50==1&reg_atr_change_rate_ts_top20==0&reg_atr_compression_ratio_ts_top60==0&reg_ema50_gt_ema200_raw==1),17ddf8ac51f5,2,42,14,reg_atr_change_rate_ts_bot50,regime,atr_change_rate,volatility,1
(*)|(*)|(reg_atr_change_rate_ts_bot50==1&reg_atr_change_rate_ts_top20==0&reg_atr_compression_ratio_ts_top60==0&reg_ema50_gt_ema200_raw==1),17ddf8ac51f5,2,42,0,reg_atr_change_rate_ts_top20,regime,atr_change_rate,volatility,0
(*)|(*)|(reg_atr_change_rate_ts_band25_75==0&reg_atr_change_rate_ts_bot50==1&reg_atr_change_rate_ts_top20==1&reg_atr_compression_ratio_ts_top60==0&reg_ema50_gt_ema200_raw==1),d62959682653,2,42,52,reg_atr_compression_ratio_ts_top60,regime,atr_compression_ratio,volatility_term_structure,0
(*)|(*)|(reg_atr_change_rate_ts_band25_75==0&reg_atr_change_rate_ts_bot50==1&reg_atr_change_rate_ts_top20==1&reg_atr_compression_ratio_ts_top60==0&reg_ema50_gt_ema200_raw==1),d62959682653,2,42,506,reg_ema50_gt_ema200_raw,regime,ema50_gt_ema200,trend,1
(*)|(*)|(reg_atr_change_rate_ts_band25_75==0&reg_atr_change_rate_ts_bot50==1&reg_atr_change_rate_ts_top20==1&reg_atr_compression_ratio_ts_top60==0&reg_ema50_gt_ema200_raw==1),d62959682653,2,42,14,reg_atr_change_rate_ts_bot50,regime,atr_change_rate,volatility,1
(*)|(*)|(reg_atr_change_rate_ts_band25_75==0&reg_atr_change_rate_ts_bot50==1&reg_atr_change_rate_ts_top20==1&reg_atr_compression_ratio_ts_top60==0&reg_ema50_gt_ema200_raw==1),d62959682653,2,42,0,reg_atr_change_rate_ts_top20,regime,atr_change_rate,volatility,1
(*)|(*)|(reg_atr_change_rate_ts_band25_75==0&reg_atr_change_rate_ts_bot50==1&reg_atr_change_rate_ts_top20==1&reg_atr_compression_ratio_ts_top60==0&reg_ema50_gt_ema200_raw==1),d62959682653,2,42,30,reg_atr_change_rate_ts_band25_75,regime,atr_change_rate,volatility,0
(*)|(*)|(reg_atr_change_rate_ts_band25_75==1&reg_atr_change_rate_ts_bot50==1&reg_atr_change_rate_ts_top20==1&reg_atr_change_rate_ts_top40==0&reg_atr_compression_ratio_ts_top60==0&reg_ema50_gt_ema200_raw==1),a2849f6cee50,2,42,52,reg_atr_compression_ratio_ts_top60,regime,atr_compression_ratio,volatility_term_structure,0
(*)|(*)|(reg_atr_change_rate_ts_band25_75==1&reg_atr_change_rate_ts_bot50==1&reg_atr_change_rate_ts_top20==1&reg_atr_change_rate_ts_top40==0&reg_atr_compression_ratio_ts_top60==0&reg_ema50_gt_ema200_raw==1),a2849f6cee50,2,42,506,reg_ema50_gt_ema200_raw,regime,ema50_gt_ema200,trend,1
(*)|(*)|(reg_atr_change_rate_ts_band25_75==1&reg_atr_change_rate_ts_bot50==1&reg_atr_change_rate_ts_top20==1&reg_atr_change_rate_ts_top40==0&reg_atr_compression_ratio_ts_top60==0&reg_ema50_gt_ema200_raw==1),a2849f6cee50,2,42,14,reg_atr_change_rate_ts_bot50,regime,atr_change_rate,volatility,1
(*)|(*)|(reg_atr_change_rate_ts_band25_75==1&reg_atr_change_rate_ts_bot50==1&reg_atr_change_rate_ts_top20==1&reg_atr_change_rate_ts_top40==0&reg_atr_compression_ratio_ts_top60==0&reg_ema50_gt_ema200_raw==1),a2849f6cee50,2,42,0,reg_atr_change_rate_ts_top20,regime,atr_change_rate,volatility,1
(*)|(*)|(reg_atr_change_rate_ts_band25_75==1&reg_atr_change_rate_ts_bot50==1&reg_atr_change_rate_ts_top20==1&reg_atr_change_rate_ts_top40==0&reg_atr_compression_ratio_ts_top60==0&reg_ema50_gt_ema200_raw==1),a2849f6cee50,2,42,30,reg_atr_change_rate_ts_band25_75,regime,atr_change_rate,volatility,1
(*)|(*)|(reg_atr_change_rate_ts_band25_75==1&reg_atr_change_rate_ts_bot50==1&reg_atr_change_rate_ts_top20==1&reg_atr_change_rate_ts_top40==0&reg_atr_compression_ratio_ts_top60==0&reg_ema50_gt_ema200_raw==1),a2849f6cee50,2,42,8,reg_atr_change_rate_ts_top40,regime,atr_change_rate,volatility,0
(*)|(*)|(reg_atr_change_rate_ts_band25_75==1&reg_atr_change_rate_ts_bot50==1&reg_atr_change_rate_ts_top20==1&reg_atr_change_rate_ts_top40==1&reg_atr_compression_ratio_ts_top60==0&reg_ema50_gt_ema200_raw==1),6c8a63e973ad,2,42,52,reg_atr_compression_ratio_ts_top60,regime,atr_compression_ratio,volatility_term_structure,0
(*)|(*)|(reg_atr_change_rate_ts_band25_75==1&reg_atr_change_rate_ts_bot50==1&reg_atr_change_rate_ts_top20==1&reg_atr_change_rate_ts_top40==1&reg_atr_compression_ratio_ts_top60==0&reg_ema50_gt_ema200_raw==1),6c8a63e973ad,2,42,506,reg_ema50_gt_ema200_raw,regime,ema50_gt_ema200,trend,1
(*)|(*)|(reg_atr_change_rate_ts_band25_75==1&reg_atr_change_rate_ts_bot50==1&reg_atr_change_rate_ts_top20==1&reg_atr_change_rate_ts_top40==1&reg_atr_compression_ratio_ts_top60==0&reg_ema50_gt_ema200_raw==1),6c8a63e973ad,2,42,14,reg_atr_change_rate_ts_bot50,regime,atr_change_rate,volatility,1
(*)|(*)|(reg_atr_change_rate_ts_band25_75==1&reg_atr_change_rate_ts_bot50==1&reg_atr_change_rate_ts_top20==1&reg_atr_change_rate_ts_top40==1&reg_atr_compression_ratio_ts_top60==0&reg_ema50_gt_ema200_raw==1),6c8a63e973ad,2,42,0,reg_atr_change_rate_ts_top20,regime,atr_change_rate,volatility,1
(*)|(*)|(reg_atr_change_rate_ts_band25_75==1&reg_atr_change_rate_ts_bot50==1&reg_atr_change_rate_ts_top20==1&reg_atr_change_rate_ts_top40==1&reg_atr_compression_ratio_ts_top60==0&reg_ema50_gt_ema200_raw==1),6c8a63e973ad,2,42,30,reg_atr_change_rate_ts_band25_75,regime,atr_change_rate,volatility,1
(*)|(*)|(reg_atr_change_rate_ts_band25_75==1&reg_atr_change_rate_ts_bot50==1&reg_atr_change_rate_ts_top20==1&reg_atr_change_rate_ts_top40==1&reg_atr_compression_ratio_ts_top60==0&reg_ema50_gt_ema200_raw==1),6c8a63e973ad,2,42,8,reg_atr_change_rate_ts_top40,regime,atr_change_rate,volatility,1
(*)|(loc_dist_ema20_atr_ts_top80==0)|(reg_atr_change_rate_ts_band25_75==0&reg_atr_change_rate_ts_bot70==0&reg_atr_compression_ratio_ts_top60==1),1a984f16d3b9,2,42,52,reg_atr_compression_ratio_ts_top60,regime,atr_compression_ratio,volatility_term_structure,1
(*)|(loc_dist_ema20_atr_ts_top80==0)|(reg_atr_change_rate_ts_band25_75==0&reg_atr_change_rate_ts_bot70==0&reg_atr_compression_ratio_ts_top60==1),1a984f16d3b9,2,42,22,reg_atr_change_rate_ts_bot70,regime,atr_change_rate,volatility,0
(*)|(loc_dist_ema20_atr_ts_top80==0)|(reg_atr_change_rate_ts_band25_75==0&reg_atr_change_rate_ts_bot70==0&reg_atr_compression_ratio_ts_top60==1),1a984f16d3b9,2,42,30,reg_atr_change_rate_ts_band25_75,regime,atr_change_rate,volatility,0
(*)|(loc_dist_ema20_atr_ts_top80==0)|(reg_atr_change_rate_ts_band25_75==0&reg_atr_change_rate_ts_bot70==0&reg_atr_compression_ratio_ts_top60==1),1a984f16d3b9,2,42,25,loc_dist_ema20_atr_ts_top80,location,dist_ema20_atr,context,0
(*)|(loc_dist_ema20_atr_ts_top80==1)|(reg_atr_change_rate_ts_band25_75==0&reg_atr_change_rate_ts_bot70==0&reg_atr_compression_ratio_ts_top60==1),d95c5261de30,2,42,52,reg_atr_compression_ratio_ts_top60,regime,atr_compression_ratio,volatility_term_structure,1
(*)|(loc_dist_ema20_atr_ts_top80==1)|(reg_atr_change_rate_ts_band25_75==0&reg_atr_change_rate_ts_bot70==0&reg_atr_compression_ratio_ts_top60==1),d95c5261de30,2,42,22,reg_atr_change_rate_ts_bot70,regime,atr_change_rate,volatility,0
(*)|(loc_dist_ema20_atr_ts_top80==1)|(reg_atr_change_rate_ts_band25_75==0&reg_atr_change_rate_ts_bot70==0&reg_atr_compression_ratio_ts_top60==1),d95c5261de30,2,42,30,reg_atr_change_rate_ts_band25_75,regime,atr_change_rate,volatility,0
(*)|(loc_dist_ema20_atr_ts_top80==1)|(reg_atr_change_rate_ts_band25_75==0&reg_atr_change_rate_ts_bot70==0&reg_atr_compression_ratio_ts_top60==1),d95c5261de30,2,42,25,loc_dist_ema20_atr_ts_top80,location,dist_ema20_atr,context,1
(*)|(*)|(reg_atr_change_rate_ts_band25_75==1&reg_atr_change_rate_ts_bot70==0&reg_atr_compression_ratio_ts_top60==1),7803542281d2,2,42,52,reg_atr_compression_ratio_ts_top60,regime,atr_compression_ratio,volatility_term_structure,1
(*)|(*)|(reg_atr_change_rate_ts_band25_75==1&reg_atr_change_rate_ts_bot70==0&reg_atr_compression_ratio_ts_top60==1),7803542281d2,2,42,22,reg_atr_change_rate_ts_bot70,regime,atr_change_rate,volatility,0
(*)|(*)|(reg_atr_change_rate_ts_band25_75==1&reg_atr_change_rate_ts_bot70==0&reg_atr_compression_ratio_ts_top60==1),7803542281d2,2,42,30,reg_atr_change_rate_ts_band25_75,regime,atr_change_rate,volatility,1
(*)|(*)|(reg_atr_change_rate_ts_bot70==1&reg_atr_compression_ratio_ts_top60==1),fe74253dba08,2,42,52,reg_atr_compression_ratio_ts_top60,regime,atr_compression_ratio,volatility_term_structure,1
(*)|(*)|(reg_atr_change_rate_ts_bot70==1&reg_atr_compression_ratio_ts_top60==1),fe74253dba08,2,42,22,reg_atr_change_rate_ts_bot70,regime,atr_change_rate,volatility,1
(*)|(*)|(reg_atr_change_rate_ts_top20==0&reg_atr_change_rate_ts_top40==0&reg_atr_change_rate_ts_top50==0&reg_atr_change_rate_ts_top60==0&reg_ema50_gt_ema200_raw==1),3037892d1335,2,42,16,reg_atr_change_rate_ts_top60,regime,atr_change_rate,volatility,0
(*)|(*)|(reg_atr_change_rate_ts_top20==0&reg_atr_change_rate_ts_top40==0&reg_atr_change_rate_ts_top50==0&reg_atr_change_rate_ts_top60==0&reg_ema50_gt_ema200_raw==1),3037892d1335,2,42,506,reg_ema50_gt_ema200_raw,regime,ema50_gt_ema200,trend,1
(*)|(*)|(reg_atr_change_rate_ts_top20==0&reg_atr_change_rate_ts_top40==0&reg_atr_change_rate_ts_top50==0&reg_atr_change_rate_ts_top60==0&reg_ema50_gt_ema200_raw==1),3037892d1335,2,42,12,reg_atr_change_rate_ts_top50,regime,atr_change_rate,volatility,0
(*)|(*)|(reg_atr_change_rate_ts_top20==0&reg_atr_change_rate_ts_top40==0&reg_atr_change_rate_ts_top50==0&reg_atr_change_rate_ts_top60==0&reg_ema50_gt_ema200_raw==1),3037892d1335,2,42,8,reg_atr_change_rate_ts_top40,regime,atr_change_rate,volatility,0
(*)|(*)|(reg_atr_change_rate_ts_top20==0&reg_atr_change_rate_ts_top40==0&reg_atr_change_rate_ts_top50==0&reg_atr_change_rate_ts_top60==0&reg_ema50_gt_ema200_raw==1),3037892d1335,2,42,0,reg_atr_change_rate_ts_top20,regime,atr_change_rate,volatility,0
(*)|(*)|(reg_atr_change_rate_ts_band25_75==0&reg_atr_change_rate_ts_top20==1&reg_atr_change_rate_ts_top40==0&reg_atr_change_rate_ts_top50==0&reg_atr_change_rate_ts_top60==0&reg_ema50_gt_ema200_raw==1),6c5c9d6ecc9a,2,42,16,reg_atr_change_rate_ts_top60,regime,atr_change_rate,volatility,0
(*)|(*)|(reg_atr_change_rate_ts_band25_75==0&reg_atr_change_rate_ts_top20==1&reg_atr_change_rate_ts_top40==0&reg_atr_change_rate_ts_top50==0&reg_atr_change_rate_ts_top60==0&reg_ema50_gt_ema200_raw==1),6c5c9d6ecc9a,2,42,506,reg_ema50_gt_ema200_raw,regime,ema50_gt_ema200,trend,1
(*)|(*)|(reg_atr_change_rate_ts_band25_75==0&reg_atr_change_rate_ts_top20==1&reg_atr_change_rate_ts_top40==0&reg_atr_change_rate_ts_top50==0&reg_atr_change_rate_ts_top60==0&reg_ema50_gt_ema200_raw==1),6c5c9d6ecc9a,2,42,12,reg_atr_change_rate_ts_top50,regime,atr_change_rate,volatility,0
(*)|(*)|(reg_atr_change_rate_ts_band25_75==0&reg_atr_change_rate_ts_top20==1&reg_atr_change_rate_ts_top40==0&reg_atr_change_rate_ts_top50==0&reg_atr_change_rate_ts_top60==0&reg_ema50_gt_ema200_raw==1),6c5c9d6ecc9a,2,42,8,reg_atr_change_rate_ts_top40,regime,atr_change_rate,volatility,0
(*)|(*)|(reg_atr_change_rate_ts_band25_75==0&reg_atr_change_rate_ts_top20==1&reg_atr_change_rate_ts_top40==0&reg_atr_change_rate_ts_top50==0&reg_atr_change_rate_ts_top60==0&reg_ema50_gt_ema200_raw==1),6c5c9d6ecc9a,2,42,0,reg_atr_change_rate_ts_top20,regime,atr_change_rate,volatility,1
(*)|(*)|(reg_atr_change_rate_ts_band25_75==0&reg_atr_change_rate_ts_top20==1&reg_atr_change_rate_ts_top40==0&reg_atr_change_rate_ts_top50==0&reg_atr_change_rate_ts_top60==0&reg_ema50_gt_ema200_raw==1),6c5c9d6ecc9a,2,42,30,reg_atr_change_rate_ts_band25_75,regime,atr_change_rate,volatility,0
(*)|(*)|(reg_atr_change_rate_ts_band25_75==1&reg_atr_change_rate_ts_top20==1&reg_atr_change_rate_ts_top40==0&reg_atr_change_rate_ts_top50==0&reg_atr_change_rate_ts_top60==0&reg_ema50_gt_ema200_raw==1),d746d387bd03,2,42,16,reg_atr_change_rate_ts_top60,regime,atr_change_rate,volatility,0
(*)|(*)|(reg_atr_change_rate_ts_band25_75==1&reg_atr_change_rate_ts_top20==1&reg_atr_change_rate_ts_top40==0&reg_atr_change_rate_ts_top50==0&reg_atr_change_rate_ts_top60==0&reg_ema50_gt_ema200_raw==1),d746d387bd03,2,42,506,reg_ema50_gt_ema200_raw,regime,ema50_gt_ema200,trend,1
(*)|(*)|(reg_atr_change_rate_ts_band25_75==1&reg_atr_change_rate_ts_top20==1&reg_atr_change_rate_ts_top40==0&reg_atr_change_rate_ts_top50==0&reg_atr_change_rate_ts_top60==0&reg_ema50_gt_ema200_raw==1),d746d387bd03,2,42,12,reg_atr_change_rate_ts_top50,regime,atr_change_rate,volatility,0
(*)|(*)|(reg_atr_change_rate_ts_band25_75==1&reg_atr_change_rate_ts_top20==1&reg_atr_change_rate_ts_top40==0&reg_atr_change_rate_ts_top50==0&reg_atr_change_rate_ts_top60==0&reg_ema50_gt_ema200_raw==1),d746d387bd03,2,42,8,reg_atr_change_rate_ts_top40,regime,atr_change_rate,volatility,0
(*)|(*)|(reg_atr_change_rate_ts_band25_75==1&reg_atr_change_rate_ts_top20==1&reg_atr_change_rate_ts_top40==0&reg_atr_change_rate_ts_top50==0&reg_atr_change_rate_ts_top60==0&reg_ema50_gt_ema200_raw==1),d746d387bd03,2,42,0,reg_atr_change_rate_ts_top20,regime,atr_change_rate,volatility,1
(*)|(*)|(reg_atr_change_rate_ts_band25_75==1&reg_atr_change_rate_ts_top20==1&reg_atr_change_rate_ts_top40==0&reg_atr_change_rate_ts_top50==0&reg_atr_change_rate_ts_top60==0&reg_ema50_gt_ema200_raw==1),d746d387bd03,2,42,30,reg_atr_change_rate_ts_band25_75,regime,atr_change_rate,volatility,1
(*)|(*)|(reg_atr_change_rate_ts_top40==1&reg_atr_change_rate_ts_top50==0&reg_atr_change_rate_ts_top60==0&reg_ema50_gt_ema200_raw==1),58a4a9a747ff,2,42,16,reg_atr_change_rate_ts_top60,regime,atr_change_rate,volatility,0
(*)|(*)|(reg_atr_change_rate_ts_top40==1&reg_atr_change_rate_ts_top50==0&reg_atr_change_rate_ts_top60==0&reg_ema50_gt_ema200_raw==1),58a4a9a747ff,2,42,506,reg_ema50_gt_ema200_raw,regime,ema50_gt_ema200,trend,1
(*)|(*)|(reg_atr_change_rate_ts_top40==1&reg_atr_change_rate_ts_top50==0&reg_atr_change_rate_ts_top60==0&reg_ema50_gt_ema200_raw==1),58a4a9a747ff,2,42,12,reg_atr_change_rate_ts_top50,regime,atr_change_rate,volatility,0
(*)|(*)|(reg_atr_change_rate_ts_top40==1&reg_atr_change_rate_ts_top50==0&reg_atr_change_rate_ts_top60==0&reg_ema50_gt_ema200_raw==1),58a4a9a747ff,2,42,8,reg_atr_change_rate_ts_top40,regime,atr_change_rate,volatility,1
(*)|(*)|(reg_atr_change_rate_ts_top50==1&reg_atr_change_rate_ts_top60==0&reg_ema50_gt_ema200_raw==1),b4916a802729,2,42,16,reg_atr_change_rate_ts_top60,regime,atr_change_rate,volatility,0
(*)|(*)|(reg_atr_change_rate_ts_top50==1&reg_atr_change_rate_ts_top60==0&reg_ema50_gt_ema200_raw==1),b4916a802729,2,42,506,reg_ema50_gt_ema200_raw,regime,ema50_gt_ema200,trend,1
(*)|(*)|(reg_atr_change_rate_ts_top50==1&reg_atr_change_rate_ts_top60==0&reg_ema50_gt_ema200_raw==1),b4916a802729,2,42,12,reg_atr_change_rate_ts_top50,regime,atr_change_rate,volatility,1
(*)|(loc_dist_ema20_atr_ts_top70==0)|(reg_atr_change_rate_ts_top60==1),7c09fba72216,2,42,16,reg_atr_change_rate_ts_top60,regime,atr_change_rate,volatility,1
(*)|(loc_dist_ema20_atr_ts_top70==0)|(reg_atr_change_rate_ts_top60==1),7c09fba72216,2,42,21,loc_dist_ema20_atr_ts_top70,location,dist_ema20_atr,context,0
(*)|(loc_dist_ema20_atr_ts_top70==1)|(reg_atr_change_rate_ts_band25_75==0&reg_atr_change_rate_ts_top60==1&reg_atr_change_rate_ts_top80==0),00d4176f79d3,2,42,16,reg_atr_change_rate_ts_top60,regime,atr_change_rate,volatility,1
(*)|(loc_dist_ema20_atr_ts_top70==1)|(reg_atr_change_rate_ts_band25_75==0&reg_atr_change_rate_ts_top60==1&reg_atr_change_rate_ts_top80==0),00d4176f79d3,2,42,30,reg_atr_change_rate_ts_band25_75,regime,atr_change_rate,volatility,0
(*)|(loc_dist_ema20_atr_ts_top70==1)|(reg_atr_change_rate_ts_band25_75==0&reg_atr_change_rate_ts_top60==1&reg_atr_change_rate_ts_top80==0),00d4176f79d3,2,42,24,reg_atr_change_rate_ts_top80,regime,atr_change_rate,volatility,0
(*)|(loc_dist_ema20_atr_ts_top70==1)|(reg_atr_change_rate_ts_band25_75==0&reg_atr_change_rate_ts_top60==1&reg_atr_change_rate_ts_top80==0),00d4176f79d3,2,42,21,loc_dist_ema20_atr_ts_top70,location,dist_ema20_atr,context,1
(*)|(loc_dist_ema20_atr_ts_top70==1)|(reg_atr_change_rate_ts_band25_75==0&reg_atr_change_rate_ts_top60==1&reg_atr_change_rate_ts_top80==1),0c9246e0c7e8,2,42,16,reg_atr_change_rate_ts_top60,regime,atr_change_rate,volatility,1
(*)|(loc_dist_ema20_atr_ts_top70==1)|(reg_atr_change_rate_ts_band25_75==0&reg_atr_change_rate_ts_top60==1&reg_atr_change_rate_ts_top80==1),0c9246e0c7e8,2,42,30,reg_atr_change_rate_ts_band25_75,regime,atr_change_rate,volatility,0
(*)|(loc_dist_ema20_atr_ts_top70==1)|(reg_atr_change_rate_ts_band25_75==0&reg_atr_change_rate_ts_top60==1&reg_atr_change_rate_ts_top80==1),0c9246e0c7e8,2,42,24,reg_atr_change_rate_ts_top80,regime,atr_change_rate,volatility,1
(*)|(loc_dist_ema20_atr_ts_top70==1)|(reg_atr_change_rate_ts_band25_75==0&reg_atr_change_rate_ts_top60==1&reg_atr_change_rate_ts_top80==1),0c9246e0c7e8,2,42,21,loc_dist_ema20_atr_ts_top70,location,dist_ema20_atr,context,1
(*)|(loc_dist_ema20_atr_ts_top70==1)|(reg_atr_change_rate_ts_band25_75==1&reg_atr_change_rate_ts_top60==1),1df81c73aa2a,2,42,16,reg_atr_change_rate_ts_top60,regime,atr_change_rate,volatility,1
(*)|(loc_dist_ema20_atr_ts_top70==1)|(reg_atr_change_rate_ts_band25_75==1&reg_atr_change_rate_ts_top60==1),1df81c73aa2a,2,42,30,reg_atr_change_rate_ts_band25_75,regime,atr_change_rate,volatility,1
(*)|(loc_dist_ema20_atr_ts_top70==1)|(reg_atr_change_rate_ts_band25_75==1&reg_atr_change_rate_ts_top60==1),1df81c73aa2a,2,42,21,loc_dist_ema20_atr_ts_top70,location,dist_ema20_atr,context,1
(*)|(*)|(reg_atr_change_rate_ts_top30==1&reg_ema20_gt_ema50_raw==0),d3e2bd93672c,2,42,432,reg_ema20_gt_ema50_raw,regime,ema20_gt_ema50,trend,0
(*)|(*)|(reg_atr_change_rate_ts_top30==1&reg_ema20_gt_ema50_raw==0),d3e2bd93672c,2,42,4,reg_atr_change_rate_ts_top30,regime,atr_change_rate,volatility,1
(*)|(loc_dist_ema20_atr_ts_top80==0)|(reg_atr_change_rate_ts_band25_75==0&reg_atr_change_rate_ts_bot70==0&reg_ema20_gt_ema50_raw==1),d42d82f4fb07,2,42,432,reg_ema20_gt_ema50_raw,regime,ema20_gt_ema50,trend,1
(*)|(loc_dist_ema20_atr_ts_top80==0)|(reg_atr_change_rate_ts_band25_75==0&reg_atr_change_rate_ts_bot70==0&reg_ema20_gt_ema50_raw==1),d42d82f4fb07,2,42,22,reg_atr_change_rate_ts_bot70,regime,atr_change_rate,volatility,0
(*)|(loc_dist_ema20_atr_ts_top80==0)|(reg_atr_change_rate_ts_band25_75==0&reg_atr_change_rate_ts_bot70==0&reg_ema20_gt_ema50_raw==1),d42d82f4fb07,2,42,30,reg_atr_change_rate_ts_band25_75,regime,atr_change_rate,volatility,0
(*)|(loc_dist_ema20_atr_ts_top80==0)|(reg_atr_change_rate_ts_band25_75==0&reg_atr_change_rate_ts_bot70==0&reg_ema20_gt_ema50_raw==1),d42d82f4fb07,2,42,25,loc_dist_ema20_atr_ts_top80,location,dist_ema20_atr,context,0
(*)|(loc_dist_ema20_atr_ts_top80==0)|(reg_atr_change_rate_ts_band25_75==1&reg_atr_change_rate_ts_bot70==0&reg_ema20_gt_ema50_raw==1),1f2db10dd7ee,2,42,432,reg_ema20_gt_ema50_raw,regime,ema20_gt_ema50,trend,1
(*)|(loc_dist_ema20_atr_ts_top80==0)|(reg_atr_change_rate_ts_band25_75==1&reg_atr_change_rate_ts_bot70==0&reg_ema20_gt_ema50_raw==1),1f2db10dd7ee,2,42,22,reg_atr_change_rate_ts_bot70,regime,atr_change_rate,volatility,0
(*)|(loc_dist_ema20_atr_ts_top80==0)|(reg_atr_change_rate_ts_band25_75==1&reg_atr_change_rate_ts_bot70==0&reg_ema20_gt_ema50_raw==1),1f2db10dd7ee,2,42,30,reg_atr_change_rate_ts_band25_75,regime,atr_change_rate,volatility,1
(*)|(loc_dist_ema20_atr_ts_top80==0)|(reg_atr_change_rate_ts_band25_75==1&reg_atr_change_rate_ts_bot70==0&reg_ema20_gt_ema50_raw==1),1f2db10dd7ee,2,42,25,loc_dist_ema20_atr_ts_top80,location,dist_ema20_atr,context,0
(*)|(loc_dist_ema20_atr_ts_top50==0&loc_dist_ema20_atr_ts_top60==0&loc_dist_ema20_atr_ts_top80==0)|(reg_atr_change_rate_ts_bot70==1&reg_atr_change_rate_ts_top20==0&reg_ema20_gt_ema50_raw==1),8dcf60a89642,2,42,432,reg_ema20_gt_ema50_raw,regime,ema20_gt_ema50,trend,1
(*)|(loc_dist_ema20_atr_ts_top50==0&loc_dist_ema20_atr_ts_top60==0&loc_dist_ema20_atr_ts_top80==0)|(reg_atr_change_rate_ts_bot70==1&reg_atr_change_rate_ts_top20==0&reg_ema20_gt_ema50_raw==1),8dcf60a89642,2,42,22,reg_atr_change_rate_ts_bot70,regime,atr_change_rate,volatility,1
(*)|(loc_dist_ema20_atr_ts_top50==0&loc_dist_ema20_atr_ts_top60==0&loc_dist_ema20_atr_ts_top80==0)|(reg_atr_change_rate_ts_bot70==1&reg_atr_change_rate_ts_top20==0&reg_ema20_gt_ema50_raw==1),8dcf60a89642,2,42,0,reg_atr_change_rate_ts_top20,regime,atr_change_rate,volatility,0
(*)|(loc_dist_ema20_atr_ts_top50==0&loc_dist_ema20_atr_ts_top60==0&loc_dist_ema20_atr_ts_top80==0)|(reg_atr_change_rate_ts_bot70==1&reg_atr_change_rate_ts_top20==0&reg_ema20_gt_ema50_raw==1),8dcf60a89642,2,42,25,loc_dist_ema20_atr_ts_top80,location,dist_ema20_atr,context,0
(*)|(loc_dist_ema20_atr_ts_top50==0&loc_dist_ema20_atr_ts_top60==0&loc_dist_ema20_atr_ts_top80==0)|(reg_atr_change_rate_ts_bot70==1&reg_atr_change_rate_ts_top20==0&reg_ema20_gt_ema50_raw==1),8dcf60a89642,2,42,17,loc_dist_ema20_atr_ts_top60,location,dist_ema20_atr,context,0
(*)|(loc_dist_ema20_atr_ts_top50==0&loc_dist_ema20_atr_ts_top60==0&loc_dist_ema20_atr_ts_top80==0)|(reg_atr_change_rate_ts_bot70==1&reg_atr_change_rate_ts_top20==0&reg_ema20_gt_ema50_raw==1),8dcf60a89642,2,42,13,loc_dist_ema20_atr_ts_top50,location,dist_ema20_atr,context,0
(*)|(loc_dist_ema20_atr_ts_top50==0&loc_dist_ema20_atr_ts_top60==0&loc_dist_ema20_atr_ts_top80==0)|(reg_atr_change_rate_ts_bot70==1&reg_atr_change_rate_ts_top20==1&reg_ema20_gt_ema50_raw==1),f89bbe139ef9,2,42,432,reg_ema20_gt_ema50_raw,regime,ema20_gt_ema50,trend,1
(*)|(loc_dist_ema20_atr_ts_top50==0&loc_dist_ema20_atr_ts_top60==0&loc_dist_ema20_atr_ts_top80==0)|(reg_atr_change_rate_ts_bot70==1&reg_atr_change_rate_ts_top20==1&reg_ema20_gt_ema50_raw==1),f89bbe139ef9,2,42,22,reg_atr_change_rate_ts_bot70,regime,atr_change_rate,volatility,1
(*)|(loc_dist_ema20_atr_ts_top50==0&loc_dist_ema20_atr_ts_top60==0&loc_dist_ema20_atr_ts_top80==0)|(reg_atr_change_rate_ts_bot70==1&reg_atr_change_rate_ts_top20==1&reg_ema20_gt_ema50_raw==1),f89bbe139ef9,2,42,0,reg_atr_change_rate_ts_top20,regime,atr_change_rate,volatility,1
(*)|(loc_dist_ema20_atr_ts_top50==0&loc_dist_ema20_atr_ts_top60==0&loc_dist_ema20_atr_ts_top80==0)|(reg_atr_change_rate_ts_bot70==1&reg_atr_change_rate_ts_top20==1&reg_ema20_gt_ema50_raw==1),f89bbe139ef9,2,42,25,loc_dist_ema20_atr_ts_top80,location,dist_ema20_atr,context,0
(*)|(loc_dist_ema20_atr_ts_top50==0&loc_dist_ema20_atr_ts_top60==0&loc_dist_ema20_atr_ts_top80==0)|(reg_atr_change_rate_ts_bot70==1&reg_atr_change_rate_ts_top20==1&reg_ema20_gt_ema50_raw==1),f89bbe139ef9,2,42,17,loc_dist_ema20_atr_ts_top60,location,dist_ema20_atr,context,0
(*)|(loc_dist_ema20_atr_ts_top50==0&loc_dist_ema20_atr_ts_top60==0&loc_dist_ema20_atr_ts_top80==0)|(reg_atr_change_rate_ts_bot70==1&reg_atr_change_rate_ts_top20==1&reg_ema20_gt_ema50_raw==1),f89bbe139ef9,2,42,13,loc_dist_ema20_atr_ts_top50,location,dist_ema20_atr,context,0
(*)|(loc_dist_ema20_atr_ts_top50==1&loc_dist_ema20_atr_ts_top60==0&loc_dist_ema20_atr_ts_top80==0)|(reg_atr_change_rate_ts_bot70==1&reg_ema20_gt_ema50_raw==1),b868c7c2ef76,2,42,432,reg_ema20_gt_ema50_raw,regime,ema20_gt_ema50,trend,1
(*)|(loc_dist_ema20_atr_ts_top50==1&loc_dist_ema20_atr_ts_top60==0&loc_dist_ema20_atr_ts_top80==0)|(reg_atr_change_rate_ts_bot70==1&reg_ema20_gt_ema50_raw==1),b868c7c2ef76,2,42,22,reg_atr_change_rate_ts_bot70,regime,atr_change_rate,volatility,1
(*)|(loc_dist_ema20_atr_ts_top50==1&loc_dist_ema20_atr_ts_top60==0&loc_dist_ema20_atr_ts_top80==0)|(reg_atr_change_rate_ts_bot70==1&reg_ema20_gt_ema50_raw==1),b868c7c2ef76,2,42,25,loc_dist_ema20_atr_ts_top80,location,dist_ema20_atr,context,0
(*)|(loc_dist_ema20_atr_ts_top50==1&loc_dist_ema20_atr_ts_top60==0&loc_dist_ema20_atr_ts_top80==0)|(reg_atr_change_rate_ts_bot70==1&reg_ema20_gt_ema50_raw==1),b868c7c2ef76,2,42,17,loc_dist_ema20_atr_ts_top60,location,dist_ema20_atr,context,0
(*)|(loc_dist_ema20_atr_ts_top50==1&loc_dist_ema20_atr_ts_top60==0&loc_dist_ema20_atr_ts_top80==0)|(reg_atr_change_rate_ts_bot70==1&reg_ema20_gt_ema50_raw==1),b868c7c2ef76,2,42,13,loc_dist_ema20_atr_ts_top50,location,dist_ema20_atr,context,1
(*)|(loc_dist_ema20_atr_ts_top60==1&loc_dist_ema20_atr_ts_top80==0)|(reg_atr_change_rate_ts_bot70==1&reg_ema20_gt_ema50_raw==1),06983d34124e,2,42,432,reg_ema20_gt_ema50_raw,regime,ema20_gt_ema50,trend,1
(*)|(loc_dist_ema20_atr_ts_top60==1&loc_dist_ema20_atr_ts_top80==0)|(reg_atr_change_rate_ts_bot70==1&reg_ema20_gt_ema50_raw==1),06983d34124e,2,42,22,reg_atr_change_rate_ts_bot70,regime,atr_change_rate,volatility,1
(*)|(loc_dist_ema20_atr_ts_top60==1&loc_dist_ema20_atr_ts_top80==0)|(reg_atr_change_rate_ts_bot70==1&reg_ema20_gt_ema50_raw==1),06983d34124e,2,42,25,loc_dist_ema20_atr_ts_top80,location,dist_ema20_atr,context,0
(*)|(loc_dist_ema20_atr_ts_top60==1&loc_dist_ema20_atr_ts_top80==0)|(reg_atr_change_rate_ts_bot70==1&reg_ema20_gt_ema50_raw==1),06983d34124e,2,42,17,loc_dist_ema20_atr_ts_top60,location,dist_ema20_atr,context,1
(*)|(loc_dist_ema20_atr_ts_top80==1)|(reg_ema20_gt_ema50_raw==1),648cd9afa362,2,42,432,reg_ema20_gt_ema50_raw,regime,ema20_gt_ema50,trend,1
(*)|(loc_dist_ema20_atr_ts_top80==1)|(reg_ema20_gt_ema50_raw==1),648cd9afa362,2,42,25,loc_dist_ema20_atr_ts_top80,location,dist_ema20_atr,context,1
(*)|(loc_dist_ema20_atr_ts_top20==0&loc_dist_ema20_atr_ts_top40==0)|(reg_atr_change_rate_ts_band25_75==0&reg_atr_change_rate_ts_top50==0&reg_atr_change_rate_ts_top60==0&reg_ema50_gt_ema200_raw==1),ffca1bcbeae9,2,42,16,reg_atr_change_rate_ts_top60,regime,atr_change_rate,volatility,0
(*)|(loc_dist_ema20_atr_ts_top20==0&loc_dist_ema20_atr_ts_top40==0)|(reg_atr_change_rate_ts_band25_75==0&reg_atr_change_rate_ts_top50==0&reg_atr_change_rate_ts_top60==0&reg_ema50_gt_ema200_raw==1),ffca1bcbeae9,2,42,506,reg_ema50_gt_ema200_raw,regime,ema50_gt_ema200,trend,1
(*)|(loc_dist_ema20_atr_ts_top20==0&loc_dist_ema20_atr_ts_top40==0)|(reg_atr_change_rate_ts_band25_75==0&reg_atr_change_rate_ts_top50==0&reg_atr_change_rate_ts_top60==0&reg_ema50_gt_ema200_raw==1),ffca1bcbeae9,2,42,12,reg_atr_change_rate_ts_top50,regime,atr_change_rate,volatility,0
(*)|(loc_dist_ema20_atr_ts_top20==0&loc_dist_ema20_atr_ts_top40==0)|(reg_atr_change_rate_ts_band25_75==0&reg_atr_change_rate_ts_top50==0&reg_atr_change_rate_ts_top60==0&reg_ema50_gt_ema200_raw==1),ffca1bcbeae9,2,42,30,reg_atr_change_rate_ts_band25_75,regime,atr_change_rate,volatility,0
(*)|(loc_dist_ema20_atr_ts_top20==0&loc_dist_ema20_atr_ts_top40==0)|(reg_atr_change_rate_ts_band25_75==0&reg_atr_change_rate_ts_top50==0&reg_atr_change_rate_ts_top60==0&reg_ema50_gt_ema200_raw==1),ffca1bcbeae9,2,42,9,loc_dist_ema20_atr_ts_top40,location,dist_ema20_atr,context,0
(*)|(loc_dist_ema20_atr_ts_top20==0&loc_dist_ema20_atr_ts_top40==0)|(reg_atr_change_rate_ts_band25_75==0&reg_atr_change_rate_ts_top50==0&reg_atr_change_rate_ts_top60==0&reg_ema50_gt_ema200_raw==1),ffca1bcbeae9,2,42,1,loc_dist_ema20_atr_ts_top20,location,dist_ema20_atr,context,0
(*)|(loc_dist_ema20_atr_ts_top20==1&loc_dist_ema20_atr_ts_top40==0)|(reg_atr_change_rate_ts_band25_75==0&reg_atr_change_rate_ts_top50==0&reg_atr_change_rate_ts_top60==0&reg_ema50_gt_ema200_raw==1),9590cf17101b,2,42,16,reg_atr_change_rate_ts_top60,regime,atr_change_rate,volatility,0
(*)|(loc_dist_ema20_atr_ts_top20==1&loc_dist_ema20_atr_ts_top40==0)|(reg_atr_change_rate_ts_band25_75==0&reg_atr_change_rate_ts_top50==0&reg_atr_change_rate_ts_top60==0&reg_ema50_gt_ema200_raw==1),9590cf17101b,2,42,506,reg_ema50_gt_ema200_raw,regime,ema50_gt_ema200,trend,1
(*)|(loc_dist_ema20_atr_ts_top20==1&loc_dist_ema20_atr_ts_top40==0)|(reg_atr_change_rate_ts_band25_75==0&reg_atr_change_rate_ts_top50==0&reg_atr_change_rate_ts_top60==0&reg_ema50_gt_ema200_raw==1),9590cf17101b,2,42,12,reg_atr_change_rate_ts_top50,regime,atr_change_rate,volatility,0
(*)|(loc_dist_ema20_atr_ts_top20==1&loc_dist_ema20_atr_ts_top40==0)|(reg_atr_change_rate_ts_band25_75==0&reg_atr_change_rate_ts_top50==0&reg_atr_change_rate_ts_top60==0&reg_ema50_gt_ema200_raw==1),9590cf17101b,2,42,30,reg_atr_change_rate_ts_band25_75,regime,atr_change_rate,volatility,0
(*)|(loc_dist_ema20_atr_ts_top20==1&loc_dist_ema20_atr_ts_top40==0)|(reg_atr_change_rate_ts_band25_75==0&reg_atr_change_rate_ts_top50==0&reg_atr_change_rate_ts_top60==0&reg_ema50_gt_ema200_raw==1),9590cf17101b,2,42,9,loc_dist_ema20_atr_ts_top40,location,dist_ema20_atr,context,0
(*)|(loc_dist_ema20_atr_ts_top20==1&loc_dist_ema20_atr_ts_top40==0)|(reg_atr_change_rate_ts_band25_75==0&reg_atr_change_rate_ts_top50==0&reg_atr_change_rate_ts_top60==0&reg_ema50_gt_ema200_raw==1),9590cf17101b,2,42,1,loc_dist_ema20_atr_ts_top20,location,dist_ema20_atr,context,1
(*)|(loc_dist_ema20_atr_ts_top40==0)|(reg_atr_change_rate_ts_band25_75==1&reg_atr_change_rate_ts_top30==0&reg_atr_change_rate_ts_top50==0&reg_atr_change_rate_ts_top60==0&reg_ema50_gt_ema200_raw==1),9e66ae372194,2,42,16,reg_atr_change_rate_ts_top60,regime,atr_change_rate,volatility,0
(*)|(loc_dist_ema20_atr_ts_top40==0)|(reg_atr_change_rate_ts_band25_75==1&reg_atr_change_rate_ts_top30==0&reg_atr_change_rate_ts_top50==0&reg_atr_change_rate_ts_top60==0&reg_ema50_gt_ema200_raw==1),9e66ae372194,2,42,506,reg_ema50_gt_ema200_raw,regime,ema50_gt_ema200,trend,1
(*)|(loc_dist_ema20_atr_ts_top40==0)|(reg_atr_change_rate_ts_band25_75==1&reg_atr_change_rate_ts_top30==0&reg_atr_change_rate_ts_top50==0&reg_atr_change_rate_ts_top60==0&reg_ema50_gt_ema200_raw==1),9e66ae372194,2,42,12,reg_atr_change_rate_ts_top50,regime,atr_change_rate,volatility,0
(*)|(loc_dist_ema20_atr_ts_top40==0)|(reg_atr_change_rate_ts_band25_75==1&reg_atr_change_rate_ts_top30==0&reg_atr_change_rate_ts_top50==0&reg_atr_change_rate_ts_top60==0&reg_ema50_gt_ema200_raw==1),9e66ae372194,2,42,30,reg_atr_change_rate_ts_band25_75,regime,atr_change_rate,volatility,1
(*)|(loc_dist_ema20_atr_ts_top40==0)|(reg_atr_change_rate_ts_band25_75==1&reg_atr_change_rate_ts_top30==0&reg_atr_change_rate_ts_top50==0&reg_atr_change_rate_ts_top60==0&reg_ema50_gt_ema200_raw==1),9e66ae372194,2,42,4,reg_atr_change_rate_ts_top30,regime,atr_change_rate,volatility,0
(*)|(loc_dist_ema20_atr_ts_top40==0)|(reg_atr_change_rate_ts_band25_75==1&reg_atr_change_rate_ts_top30==0&reg_atr_change_rate_ts_top50==0&reg_atr_change_rate_ts_top60==0&reg_ema50_gt_ema200_raw==1),9e66ae372194,2,42,9,loc_dist_ema20_atr_ts_top40,location,dist_ema20_atr,context,0
(*)|(loc_dist_ema20_atr_ts_top40==0)|(reg_atr_change_rate_ts_band25_75==1&reg_atr_change_rate_ts_top30==1&reg_atr_change_rate_ts_top50==0&reg_atr_change_rate_ts_top60==0&reg_ema50_gt_ema200_raw==1),ace5f00e4755,2,42,16,reg_atr_change_rate_ts_top60,regime,atr_change_rate,volatility,0
(*)|(loc_dist_ema20_atr_ts_top40==0)|(reg_atr_change_rate_ts_band25_75==1&reg_atr_change_rate_ts_top30==1&reg_atr_change_rate_ts_top50==0&reg_atr_change_rate_ts_top60==0&reg_ema50_gt_ema200_raw==1),ace5f00e4755,2,42,506,reg_ema50_gt_ema200_raw,regime,ema50_gt_ema200,trend,1
(*)|(loc_dist_ema20_atr_ts_top40==0)|(reg_atr_change_rate_ts_band25_75==1&reg_atr_change_rate_ts_top30==1&reg_atr_change_rate_ts_top50==0&reg_atr_change_rate_ts_top60==0&reg_ema50_gt_ema200_raw==1),ace5f00e4755,2,42,12,reg_atr_change_rate_ts_top50,regime,atr_change_rate,volatility,0
(*)|(loc_dist_ema20_atr_ts_top40==0)|(reg_atr_change_rate_ts_band25_75==1&reg_atr_change_rate_ts_top30==1&reg_atr_change_rate_ts_top50==0&reg_atr_change_rate_ts_top60==0&reg_ema50_gt_ema200_raw==1),ace5f00e4755,2,42,30,reg_atr_change_rate_ts_band25_75,regime,atr_change_rate,volatility,1
(*)|(loc_dist_ema20_atr_ts_top40==0)|(reg_atr_change_rate_ts_band25_75==1&reg_atr_change_rate_ts_top30==1&reg_atr_change_rate_ts_top50==0&reg_atr_change_rate_ts_top60==0&reg_ema50_gt_ema200_raw==1),ace5f00e4755,2,42,4,reg_atr_change_rate_ts_top30,regime,atr_change_rate,volatility,1
(*)|(loc_dist_ema20_atr_ts_top40==0)|(reg_atr_change_rate_ts_band25_75==1&reg_atr_change_rate_ts_top30==1&reg_atr_change_rate_ts_top50==0&reg_atr_change_rate_ts_top60==0&reg_ema50_gt_ema200_raw==1),ace5f00e4755,2,42,9,loc_dist_ema20_atr_ts_top40,location,dist_ema20_atr,context,0
(*)|(loc_dist_ema20_atr_ts_top40==1)|(reg_atr_change_rate_ts_top50==0&reg_atr_change_rate_ts_top60==0&reg_ema50_gt_ema200_raw==1),20eed32385a8,2,42,16,reg_atr_change_rate_ts_top60,regime,atr_change_rate,volatility,0
(*)|(loc_dist_ema20_atr_ts_top40==1)|(reg_atr_change_rate_ts_top50==0&reg_atr_change_rate_ts_top60==0&reg_ema50_gt_ema200_raw==1),20eed32385a8,2,42,506,reg_ema50_gt_ema200_raw,regime,ema50_gt_ema200,trend,1
(*)|(loc_dist_ema20_atr_ts_top40==1)|(reg_atr_change_rate_ts_top50==0&reg_atr_change_rate_ts_top60==0&reg_ema50_gt_ema200_raw==1),20eed32385a8,2,42,12,reg_atr_change_rate_ts_top50,regime,atr_change_rate,volatility,0
(*)|(loc_dist_ema20_atr_ts_top40==1)|(reg_atr_change_rate_ts_top50==0&reg_atr_change_rate_ts_top60==0&reg_ema50_gt_ema200_raw==1),20eed32385a8,2,42,9,loc_dist_ema20_atr_ts_top40,location,dist_ema20_atr,context,1
(*)|(*)|(reg_atr_change_rate_ts_top50==1&reg_atr_change_rate_ts_top60==0&reg_ema50_gt_ema200_raw==1),15b173037248,2,42,16,reg_atr_change_rate_ts_top60,regime,atr_change_rate,volatility,0
(*)|(*)|(reg_atr_change_rate_ts_top50==1&reg_atr_change_rate_ts_top60==0&reg_ema50_gt_ema200_raw==1),15b173037248,2,42,506,reg_ema50_gt_ema200_raw,regime,ema50_gt_ema200,trend,1
(*)|(*)|(reg_atr_change_rate_ts_top50==1&reg_atr_change_rate_ts_top60==0&reg_ema50_gt_ema200_raw==1),15b173037248,2,42,12,reg_atr_change_rate_ts_top50,regime,atr_change_rate,volatility,1
(*)|(*)|(reg_atr_change_rate_ts_top60==1&reg_atr_change_rate_ts_top70==0),5bdf7c5daf3d,2,42,16,reg_atr_change_rate_ts_top60,regime,atr_change_rate,volatility,1
(*)|(*)|(reg_atr_change_rate_ts_top60==1&reg_atr_change_rate_ts_top70==0),5bdf7c5daf3d,2,42,20,reg_atr_change_rate_ts_top70,regime,atr_change_rate,volatility,0
(*)|(*)|(reg_atr_change_rate_ts_band25_75==0&reg_atr_change_rate_ts_top60==1&reg_atr_change_rate_ts_top70==1&reg_atr_change_rate_ts_top80==0),833601e77d27,2,42,16,reg_atr_change_rate_ts_top60,regime,atr_change_rate,volatility,1
(*)|(*)|(reg_atr_change_rate_ts_band25_75==0&reg_atr_change_rate_ts_top60==1&reg_atr_change_rate_ts_top70==1&reg_atr_change_rate_ts_top80==0),833601e77d27,2,42,20,reg_atr_change_rate_ts_top70,regime,atr_change_rate,volatility,1
(*)|(*)|(reg_atr_change_rate_ts_band25_75==0&reg_atr_change_rate_ts_top60==1&reg_atr_change_rate_ts_top70==1&reg_atr_change_rate_ts_top80==0),833601e77d27,2,42,30,reg_atr_change_rate_ts_band25_75,regime,atr_change_rate,volatility,0
(*)|(*)|(reg_atr_change_rate_ts_band25_75==0&reg_atr_change_rate_ts_top60==1&reg_atr_change_rate_ts_top70==1&reg_atr_change_rate_ts_top80==0),833601e77d27,2,42,24,reg_atr_change_rate_ts_top80,regime,atr_change_rate,volatility,0
(*)|(*)|(reg_atr_change_rate_ts_band25_75==0&reg_atr_change_rate_ts_top60==1&reg_atr_change_rate_ts_top70==1&reg_atr_change_rate_ts_top80==1),8c9db1f84272,2,42,16,reg_atr_change_rate_ts_top60,regime,atr_change_rate,volatility,1
(*)|(*)|(reg_atr_change_rate_ts_band25_75==0&reg_atr_change_rate_ts_top60==1&reg_atr_change_rate_ts_top70==1&reg_atr_change_rate_ts_top80==1),8c9db1f84272,2,42,20,reg_atr_change_rate_ts_top70,regime,atr_change_rate,volatility,1
(*)|(*)|(reg_atr_change_rate_ts_band25_75==0&reg_atr_change_rate_ts_top60==1&reg_atr_change_rate_ts_top70==1&reg_atr_change_rate_ts_top80==1),8c9db1f84272,2,42,30,reg_atr_change_rate_ts_band25_75,regime,atr_change_rate,volatility,0
(*)|(*)|(reg_atr_change_rate_ts_band25_75==0&reg_atr_change_rate_ts_top60==1&reg_atr_change_rate_ts_top70==1&reg_atr_change_rate_ts_top80==1),8c9db1f84272,2,42,24,reg_atr_change_rate_ts_top80,regime,atr_change_rate,volatility,1
(*)|(*)|(reg_atr_change_rate_ts_band25_75==1&reg_atr_change_rate_ts_top60==1&reg_atr_change_rate_ts_top70==1),0f8144c846fc,2,42,16,reg_atr_change_rate_ts_top60,regime,atr_change_rate,volatility,1
(*)|(*)|(reg_atr_change_rate_ts_band25_75==1&reg_atr_change_rate_ts_top60==1&reg_atr_change_rate_ts_top70==1),0f8144c846fc,2,42,20,reg_atr_change_rate_ts_top70,regime,atr_change_rate,volatility,1
(*)|(*)|(reg_atr_change_rate_ts_band25_75==1&reg_atr_change_rate_ts_top60==1&reg_atr_change_rate_ts_top70==1),0f8144c846fc,2,42,30,reg_atr_change_rate_ts_band25_75,regime,atr_change_rate,volatility,1
(*)|(loc_dist_ema20_atr_ts_top50==0)|(reg_atr_change_rate_ts_top20==0&reg_atr_change_rate_ts_top60==0&reg_ema20_gt_ema50_raw==1),9188a26a5b8d,2,42,16,reg_atr_change_rate_ts_top60,regime,atr_change_rate,volatility,0
(*)|(loc_dist_ema20_atr_ts_top50==0)|(reg_atr_change_rate_ts_top20==0&reg_atr_change_rate_ts_top60==0&reg_ema20_gt_ema50_raw==1),9188a26a5b8d,2,42,0,reg_atr_change_rate_ts_top20,regime,atr_change_rate,volatility,0
(*)|(loc_dist_ema20_atr_ts_top50==0)|(reg_atr_change_rate_ts_top20==0&reg_atr_change_rate_ts_top60==0&reg_ema20_gt_ema50_raw==1),9188a26a5b8d,2,42,432,reg_ema20_gt_ema50_raw,regime,ema20_gt_ema50,trend,1
(*)|(loc_dist_ema20_atr_ts_top50==0)|(reg_atr_change_rate_ts_top20==0&reg_atr_change_rate_ts_top60==0&reg_ema20_gt_ema50_raw==1),9188a26a5b8d,2,42,13,loc_dist_ema20_atr_ts_top50,location,dist_ema20_atr,context,0
(*)|(loc_dist_ema20_atr_ts_top50==0)|(reg_atr_change_rate_ts_band25_75==0&reg_atr_change_rate_ts_top20==1&reg_atr_change_rate_ts_top60==0),4b09bab8695f,2,42,16,reg_atr_change_rate_ts_top60,regime,atr_change_rate,volatility,0
(*)|(loc_dist_ema20_atr_ts_top50==0)|(reg_atr_change_rate_ts_band25_75==0&reg_atr_change_rate_ts_top20==1&reg_atr_change_rate_ts_top60==0),4b09bab8695f,2,42,0,reg_atr_change_rate_ts_top20,regime,atr_change_rate,volatility,1
(*)|(loc_dist_ema20_atr_ts_top50==0)|(reg_atr_change_rate_ts_band25_75==0&reg_atr_change_rate_ts_top20==1&reg_atr_change_rate_ts_top60==0),4b09bab8695f,2,42,30,reg_atr_change_rate_ts_band25_75,regime,atr_change_rate,volatility,0
(*)|(loc_dist_ema20_atr_ts_top50==0)|(reg_atr_change_rate_ts_band25_75==0&reg_atr_change_rate_ts_top20==1&reg_atr_change_rate_ts_top60==0),4b09bab8695f,2,42,13,loc_dist_ema20_atr_ts_top50,location,dist_ema20_atr,context,0
(*)|(loc_dist_ema20_atr_ts_top50==0)|(reg_atr_change_rate_ts_band25_75==1&reg_atr_change_rate_ts_top20==1&reg_atr_change_rate_ts_top30==0&reg_atr_change_rate_ts_top40==0&reg_atr_change_rate_ts_top60==0),c1a6ac586e9c,2,42,16,reg_atr_change_rate_ts_top60,regime,atr_change_rate,volatility,0
(*)|(loc_dist_ema20_atr_ts_top50==0)|(reg_atr_change_rate_ts_band25_75==1&reg_atr_change_rate_ts_top20==1&reg_atr_change_rate_ts_top30==0&reg_atr_change_rate_ts_top40==0&reg_atr_change_rate_ts_top60==0),c1a6ac586e9c,2,42,0,reg_atr_change_rate_ts_top20,regime,atr_change_rate,volatility,1
(*)|(loc_dist_ema20_atr_ts_top50==0)|(reg_atr_change_rate_ts_band25_75==1&reg_atr_change_rate_ts_top20==1&reg_atr_change_rate_ts_top30==0&reg_atr_change_rate_ts_top40==0&reg_atr_change_rate_ts_top60==0),c1a6ac586e9c,2,42,30,reg_atr_change_rate_ts_band25_75,regime,atr_change_rate,volatility,1
(*)|(loc_dist_ema20_atr_ts_top50==0)|(reg_atr_change_rate_ts_band25_75==1&reg_atr_change_rate_ts_top20==1&reg_atr_change_rate_ts_top30==0&reg_atr_change_rate_ts_top40==0&reg_atr_change_rate_ts_top60==0),c1a6ac586e9c,2,42,8,reg_atr_change_rate_ts_top40,regime,atr_change_rate,volatility,0
(*)|(loc_dist_ema20_atr_ts_top50==0)|(reg_atr_change_rate_ts_band25_75==1&reg_atr_change_rate_ts_top20==1&reg_atr_change_rate_ts_top30==0&reg_atr_change_rate_ts_top40==0&reg_atr_change_rate_ts_top60==0),c1a6ac586e9c,2,42,4,reg_atr_change_rate_ts_top30,regime,atr_change_rate,volatility,0
(*)|(loc_dist_ema20_atr_ts_top50==0)|(reg_atr_change_rate_ts_band25_75==1&reg_atr_change_rate_ts_top20==1&reg_atr_change_rate_ts_top30==0&reg_atr_change_rate_ts_top40==0&reg_atr_change_rate_ts_top60==0),c1a6ac586e9c,2,42,13,loc_dist_ema20_atr_ts_top50,location,dist_ema20_atr,context,0
(*)|(loc_dist_ema20_atr_ts_top50==0)|(reg_atr_change_rate_ts_band25_75==1&reg_atr_change_rate_ts_top20==1&reg_atr_change_rate_ts_top30==1&reg_atr_change_rate_ts_top40==0&reg_atr_change_rate_ts_top60==0),da3206fe9daa,2,42,16,reg_atr_change_rate_ts_top60,regime,atr_change_rate,volatility,0
(*)|(loc_dist_ema20_atr_ts_top50==0)|(reg_atr_change_rate_ts_band25_75==1&reg_atr_change_rate_ts_top20==1&reg_atr_change_rate_ts_top30==1&reg_atr_change_rate_ts_top40==0&reg_atr_change_rate_ts_top60==0),da3206fe9daa,2,42,0,reg_atr_change_rate_ts_top20,regime,atr_change_rate,volatility,1
(*)|(loc_dist_ema20_atr_ts_top50==0)|(reg_atr_change_rate_ts_band25_75==1&reg_atr_change_rate_ts_top20==1&reg_atr_change_rate_ts_top30==1&reg_atr_change_rate_ts_top40==0&reg_atr_change_rate_ts_top60==0),da3206fe9daa,2,42,30,reg_atr_change_rate_ts_band25_75,regime,atr_change_rate,volatility,1
(*)|(loc_dist_ema20_atr_ts_top50==0)|(reg_atr_change_rate_ts_band25_75==1&reg_atr_change_rate_ts_top20==1&reg_atr_change_rate_ts_top30==1&reg_atr_change_rate_ts_top40==0&reg_atr_change_rate_ts_top60==0),da3206fe9daa,2,42,8,reg_atr_change_rate_ts_top40,regime,atr_change_rate,volatility,0
(*)|(loc_dist_ema20_atr_ts_top50==0)|(reg_atr_change_rate_ts_band25_75==1&reg_atr_change_rate_ts_top20==1&reg_atr_change_rate_ts_top30==1&reg_atr_change_rate_ts_top40==0&reg_atr_change_rate_ts_top60==0),da3206fe9daa,2,42,4,reg_atr_change_rate_ts_top30,regime,atr_change_rate,volatility,1
(*)|(loc_dist_ema20_atr_ts_top50==0)|(reg_atr_change_rate_ts_band25_75==1&reg_atr_change_rate_ts_top20==1&reg_atr_change_rate_ts_top30==1&reg_atr_change_rate_ts_top40==0&reg_atr_change_rate_ts_top60==0),da3206fe9daa,2,42,13,loc_dist_ema20_atr_ts_top50,location,dist_ema20_atr,context,0
(*)|(loc_dist_ema20_atr_ts_top50==0)|(reg_atr_change_rate_ts_band25_75==1&reg_atr_change_rate_ts_top20==1&reg_atr_change_rate_ts_top40==1&reg_atr_change_rate_ts_top60==0),ce27c9713291,2,42,16,reg_atr_change_rate_ts_top60,regime,atr_change_rate,volatility,0
(*)|(loc_dist_ema20_atr_ts_top50==0)|(reg_atr_change_rate_ts_band25_75==1&reg_atr_change_rate_ts_top20==1&reg_atr_change_rate_ts_top40==1&reg_atr_change_rate_ts_top60==0),ce27c9713291,2,42,0,reg_atr_change_rate_ts_top20,regime,atr_change_rate,volatility,1
(*)|(loc_dist_ema20_atr_ts_top50==0)|(reg_atr_change_rate_ts_band25_75==1&reg_atr_change_rate_ts_top20==1&reg_atr_change_rate_ts_top40==1&reg_atr_change_rate_ts_top60==0),ce27c9713291,2,42,30,reg_atr_change_rate_ts_band25_75,regime,atr_change_rate,volatility,1
(*)|(loc_dist_ema20_atr_ts_top50==0)|(reg_atr_change_rate_ts_band25_75==1&reg_atr_change_rate_ts_top20==1&reg_atr_change_rate_ts_top40==1&reg_atr_change_rate_ts_top60==0),ce27c9713291,2,42,8,reg_atr_change_rate_ts_top40,regime,atr_change_rate,volatility,1
(*)|(loc_dist_ema20_atr_ts_top50==0)|(reg_atr_change_rate_ts_band25_75==1&reg_atr_change_rate_ts_top20==1&reg_atr_change_rate_ts_top40==1&reg_atr_change_rate_ts_top60==0),ce27c9713291,2,42,13,loc_dist_ema20_atr_ts_top50,location,dist_ema20_atr,context,0
(*)|(loc_dist_ema20_atr_ts_top50==1)|(reg_atr_change_rate_ts_top60==0),7b24c83c1657,2,42,16,reg_atr_change_rate_ts_top60,regime,atr_change_rate,volatility,0
(*)|(loc_dist_ema20_atr_ts_top50==1)|(reg_atr_change_rate_ts_top60==0),7b24c83c1657,2,42,13,loc_dist_ema20_atr_ts_top50,location,dist_ema20_atr,context,1
(*)|(*)|(reg_atr_change_rate_ts_top60==1&reg_atr_change_rate_ts_top70==0),8add4c6cfcae,2,42,16,reg_atr_change_rate_ts_top60,regime,atr_change_rate,volatility,1
(*)|(*)|(reg_atr_change_rate_ts_top60==1&reg_atr_change_rate_ts_top70==0),8add4c6cfcae,2,42,20,reg_atr_change_rate_ts_top70,regime,atr_change_rate,volatility,0
(*)|(loc_dist_ema20_atr_ts_top80==0)|(reg_atr_change_rate_ts_band25_75==0&reg_atr_change_rate_ts_top60==1&reg_atr_change_rate_ts_top70==1),12db7e7545eb,2,42,16,reg_atr_change_rate_ts_top60,regime,atr_change_rate,volatility,1
(*)|(loc_dist_ema20_atr_ts_top80==0)|(reg_atr_change_rate_ts_band25_75==0&reg_atr_change_rate_ts_top60==1&reg_atr_change_rate_ts_top70==1),12db7e7545eb,2,42,20,reg_atr_change_rate_ts_top70,regime,atr_change_rate,volatility,1
(*)|(loc_dist_ema20_atr_ts_top80==0)|(reg_atr_change_rate_ts_band25_75==0&reg_atr_change_rate_ts_top60==1&reg_atr_change_rate_ts_top70==1),12db7e7545eb,2,42,30,reg_atr_change_rate_ts_band25_75,regime,atr_change_rate,volatility,0
(*)|(loc_dist_ema20_atr_ts_top80==0)|(reg_atr_change_rate_ts_band25_75==0&reg_atr_change_rate_ts_top60==1&reg_atr_change_rate_ts_top70==1),12db7e7545eb,2,42,25,loc_dist_ema20_atr_ts_top80,location,dist_ema20_atr,context,0
(*)|(loc_dist_ema20_atr_ts_top80==0)|(reg_atr_change_rate_ts_band25_75==1&reg_atr_change_rate_ts_top60==1&reg_atr_change_rate_ts_top70==1),9a54b5b2bdff,2,42,16,reg_atr_change_rate_ts_top60,regime,atr_change_rate,volatility,1
(*)|(loc_dist_ema20_atr_ts_top80==0)|(reg_atr_change_rate_ts_band25_75==1&reg_atr_change_rate_ts_top60==1&reg_atr_change_rate_ts_top70==1),9a54b5b2bdff,2,42,20,reg_atr_change_rate_ts_top70,regime,atr_change_rate,volatility,1
(*)|(loc_dist_ema20_atr_ts_top80==0)|(reg_atr_change_rate_ts_band25_75==1&reg_atr_change_rate_ts_top60==1&reg_atr_change_rate_ts_top70==1),9a54b5b2bdff,2,42,30,reg_atr_change_rate_ts_band25_75,regime,atr_change_rate,volatility,1
(*)|(loc_dist_ema20_atr_ts_top80==0)|(reg_atr_change_rate_ts_band25_75==1&reg_atr_change_rate_ts_top60==1&reg_atr_change_rate_ts_top70==1),9a54b5b2bdff,2,42,25,loc_dist_ema20_atr_ts_top80,location,dist_ema20_atr,context,0
(*)|(loc_dist_ema20_atr_ts_top80==1)|(reg_atr_change_rate_ts_top60==1&reg_atr_change_rate_ts_top70==1),610bddbd2abf,2,42,16,reg_atr_change_rate_ts_top60,regime,atr_change_rate,volatility,1
(*)|(loc_dist_ema20_atr_ts_top80==1)|(reg_atr_change_rate_ts_top60==1&reg_atr_change_rate_ts_top70==1),610bddbd2abf,2,42,20,reg_atr_change_rate_ts_top70,regime,atr_change_rate,volatility,1
(*)|(loc_dist_ema20_atr_ts_top80==1)|(reg_atr_change_rate_ts_top60==1&reg_atr_change_rate_ts_top70==1),610bddbd2abf,2,42,25,loc_dist_ema20_atr_ts_top80,location,dist_ema20_atr,context,1
(*)|(*)|(reg_atr_change_rate_ts_band20_80==0&reg_atr_change_rate_ts_top50==0&reg_atr_change_rate_ts_top60==0&reg_ema20_gt_ema50_raw==1),bae695693dcb,2,42,16,reg_atr_change_rate_ts_top60,regime,atr_change_rate,volatility,0
(*)|(*)|(reg_atr_change_rate_ts_band20_80==0&reg_atr_change_rate_ts_top50==0&reg_atr_change_rate_ts_top60==0&reg_ema20_gt_ema50_raw==1),bae695693dcb,2,42,432,reg_ema20_gt_ema50_raw,regime,ema20_gt_ema50,trend,1
(*)|(*)|(reg_atr_change_rate_ts_band20_80==0&reg_atr_change_rate_ts_top50==0&reg_atr_change_rate_ts_top60==0&reg_ema20_gt_ema50_raw==1),bae695693dcb,2,42,12,reg_atr_change_rate_ts_top50,regime,atr_change_rate,volatility,0
(*)|(*)|(reg_atr_change_rate_ts_band20_80==0&reg_atr_change_rate_ts_top50==0&reg_atr_change_rate_ts_top60==0&reg_ema20_gt_ema50_raw==1),bae695693dcb,2,42,28,reg_atr_change_rate_ts_band20_80,regime,atr_change_rate,volatility,0
(*)|(*)|(reg_atr_change_rate_ts_band20_80==1&reg_atr_change_rate_ts_band25_75==0&reg_atr_change_rate_ts_top50==0&reg_atr_change_rate_ts_top60==0&reg_ema20_gt_ema50_raw==1),2c1fefc8468d,2,42,16,reg_atr_change_rate_ts_top60,regime,atr_change_rate,volatility,0
(*)|(*)|(reg_atr_change_rate_ts_band20_80==1&reg_atr_change_rate_ts_band25_75==0&reg_atr_change_rate_ts_top50==0&reg_atr_change_rate_ts_top60==0&reg_ema20_gt_ema50_raw==1),2c1fefc8468d,2,42,432,reg_ema20_gt_ema50_raw,regime,ema20_gt_ema50,trend,1
(*)|(*)|(reg_atr_change_rate_ts_band20_80==1&reg_atr_change_rate_ts_band25_75==0&reg_atr_change_rate_ts_top50==0&reg_atr_change_rate_ts_top60==0&reg_ema20_gt_ema50_raw==1),2c1fefc8468d,2,42,12,reg_atr_change_rate_ts_top50,regime,atr_change_rate,volatility,0
(*)|(*)|(reg_atr_change_rate_ts_band20_80==1&reg_atr_change_rate_ts_band25_75==0&reg_atr_change_rate_ts_top50==0&reg_atr_change_rate_ts_top60==0&reg_ema20_gt_ema50_raw==1),2c1fefc8468d,2,42,28,reg_atr_change_rate_ts_band20_80,regime,atr_change_rate,volatility,1
(*)|(*)|(reg_atr_change_rate_ts_band20_80==1&reg_atr_change_rate_ts_band25_75==0&reg_atr_change_rate_ts_top50==0&reg_atr_change_rate_ts_top60==0&reg_ema20_gt_ema50_raw==1),2c1fefc8468d,2,42,30,reg_atr_change_rate_ts_band25_75,regime,atr_change_rate,volatility,0
(*)|(*)|(reg_atr_change_rate_ts_band20_80==1&reg_atr_change_rate_ts_band25_75==1&reg_atr_change_rate_ts_top40==0&reg_atr_change_rate_ts_top50==0&reg_atr_change_rate_ts_top60==0&reg_ema20_gt_ema50_raw==1),37872e36c1ba,2,42,16,reg_atr_change_rate_ts_top60,regime,atr_change_rate,volatility,0
(*)|(*)|(reg_atr_change_rate_ts_band20_80==1&reg_atr_change_rate_ts_band25_75==1&reg_atr_change_rate_ts_top40==0&reg_atr_change_rate_ts_top50==0&reg_atr_change_rate_ts_top60==0&reg_ema20_gt_ema50_raw==1),37872e36c1ba,2,42,432,reg_ema20_gt_ema50_raw,regime,ema20_gt_ema50,trend,1
(*)|(*)|(reg_atr_change_rate_ts_band20_80==1&reg_atr_change_rate_ts_band25_75==1&reg_atr_change_rate_ts_top40==0&reg_atr_change_rate_ts_top50==0&reg_atr_change_rate_ts_top60==0&reg_ema20_gt_ema50_raw==1),37872e36c1ba,2,42,12,reg_atr_change_rate_ts_top50,regime,atr_change_rate,volatility,0
(*)|(*)|(reg_atr_change_rate_ts_band20_80==1&reg_atr_change_rate_ts_band25_75==1&reg_atr_change_rate_ts_top40==0&reg_atr_change_rate_ts_top50==0&reg_atr_change_rate_ts_top60==0&reg_ema20_gt_ema50_raw==1),37872e36c1ba,2,42,28,reg_atr_change_rate_ts_band20_80,regime,atr_change_rate,volatility,1
(*)|(*)|(reg_atr_change_rate_ts_band20_80==1&reg_atr_change_rate_ts_band25_75==1&reg_atr_change_rate_ts_top40==0&reg_atr_change_rate_ts_top50==0&reg_atr_change_rate_ts_top60==0&reg_ema20_gt_ema50_raw==1),37872e36c1ba,2,42,30,reg_atr_change_rate_ts_band25_75,regime,atr_change_rate,volatility,1
(*)|(*)|(reg_atr_change_rate_ts_band20_80==1&reg_atr_change_rate_ts_band25_75==1&reg_atr_change_rate_ts_top40==0&reg_atr_change_rate_ts_top50==0&reg_atr_change_rate_ts_top60==0&reg_ema20_gt_ema50_raw==1),37872e36c1ba,2,42,8,reg_atr_change_rate_ts_top40,regime,atr_change_rate,volatility,0
(*)|(*)|(reg_atr_change_rate_ts_band20_80==1&reg_atr_change_rate_ts_band25_75==1&reg_atr_change_rate_ts_top40==1&reg_atr_change_rate_ts_top50==0&reg_atr_change_rate_ts_top60==0&reg_ema20_gt_ema50_raw==1),ece4e7f24c31,2,42,16,reg_atr_change_rate_ts_top60,regime,atr_change_rate,volatility,0
(*)|(*)|(reg_atr_change_rate_ts_band20_80==1&reg_atr_change_rate_ts_band25_75==1&reg_atr_change_rate_ts_top40==1&reg_atr_change_rate_ts_top50==0&reg_atr_change_rate_ts_top60==0&reg_ema20_gt_ema50_raw==1),ece4e7f24c31,2,42,432,reg_ema20_gt_ema50_raw,regime,ema20_gt_ema50,trend,1
(*)|(*)|(reg_atr_change_rate_ts_band20_80==1&reg_atr_change_rate_ts_band25_75==1&reg_atr_change_rate_ts_top40==1&reg_atr_change_rate_ts_top50==0&reg_atr_change_rate_ts_top60==0&reg_ema20_gt_ema50_raw==1),ece4e7f24c31,2,42,12,reg_atr_change_rate_ts_top50,regime,atr_change_rate,volatility,0
(*)|(*)|(reg_atr_change_rate_ts_band20_80==1&reg_atr_change_rate_ts_band25_75==1&reg_atr_change_rate_ts_top40==1&reg_atr_change_rate_ts_top50==0&reg_atr_change_rate_ts_top60==0&reg_ema20_gt_ema50_raw==1),ece4e7f24c31,2,42,28,reg_atr_change_rate_ts_band20_80,regime,atr_change_rate,volatility,1
(*)|(*)|(reg_atr_change_rate_ts_band20_80==1&reg_atr_change_rate_ts_band25_75==1&reg_atr_change_rate_ts_top40==1&reg_atr_change_rate_ts_top50==0&reg_atr_change_rate_ts_top60==0&reg_ema20_gt_ema50_raw==1),ece4e7f24c31,2,42,30,reg_atr_change_rate_ts_band25_75,regime,atr_change_rate,volatility,1
(*)|(*)|(reg_atr_change_rate_ts_band20_80==1&reg_atr_change_rate_ts_band25_75==1&reg_atr_change_rate_ts_top40==1&reg_atr_change_rate_ts_top50==0&reg_atr_change_rate_ts_top60==0&reg_ema20_gt_ema50_raw==1),ece4e7f24c31,2,42,8,reg_atr_change_rate_ts_top40,regime,atr_change_rate,volatility,1
(*)|(*)|(reg_atr_change_rate_ts_top50==1&reg_atr_change_rate_ts_top60==0&reg_ema20_gt_ema50_raw==1),7843fee48a52,2,42,16,reg_atr_change_rate_ts_top60,regime,atr_change_rate,volatility,0
(*)|(*)|(reg_atr_change_rate_ts_top50==1&reg_atr_change_rate_ts_top60==0&reg_ema20_gt_ema50_raw==1),7843fee48a52,2,42,432,reg_ema20_gt_ema50_raw,regime,ema20_gt_ema50,trend,1
(*)|(*)|(reg_atr_change_rate_ts_top50==1&reg_atr_change_rate_ts_top60==0&reg_ema20_gt_ema50_raw==1),7843fee48a52,2,42,12,reg_atr_change_rate_ts_top50,regime,atr_change_rate,volatility,1
(*)|(*)|(reg_atr_change_rate_ts_top60==1&reg_atr_change_rate_ts_top70==0),bdc854bac829,2,42,16,reg_atr_change_rate_ts_top60,regime,atr_change_rate,volatility,1
(*)|(*)|(reg_atr_change_rate_ts_top60==1&reg_atr_change_rate_ts_top70==0),bdc854bac829,2,42,20,reg_atr_change_rate_ts_top70,regime,atr_change_rate,volatility,0
(*)|(*)|(reg_atr_change_rate_ts_band25_75==0&reg_atr_change_rate_ts_top60==1&reg_atr_change_rate_ts_top70==1&reg_atr_change_rate_ts_top80==0),16efae5e826d,2,42,16,reg_atr_change_rate_ts_top60,regime,atr_change_rate,volatility,1
(*)|(*)|(reg_atr_change_rate_ts_band25_75==0&reg_atr_change_rate_ts_top60==1&reg_atr_change_rate_ts_top70==1&reg_atr_change_rate_ts_top80==0),16efae5e826d,2,42,20,reg_atr_change_rate_ts_top70,regime,atr_change_rate,volatility,1
(*)|(*)|(reg_atr_change_rate_ts_band25_75==0&reg_atr_change_rate_ts_top60==1&reg_atr_change_rate_ts_top70==1&reg_atr_change_rate_ts_top80==0),16efae5e826d,2,42,24,reg_atr_change_rate_ts_top80,regime,atr_change_rate,volatility,0
(*)|(*)|(reg_atr_change_rate_ts_band25_75==0&reg_atr_change_rate_ts_top60==1&reg_atr_change_rate_ts_top70==1&reg_atr_change_rate_ts_top80==0),16efae5e826d,2,42,30,reg_atr_change_rate_ts_band25_75,regime,atr_change_rate,volatility,0
(*)|(*)|(reg_atr_change_rate_ts_band25_75==1&reg_atr_change_rate_ts_top60==1&reg_atr_change_rate_ts_top70==1&reg_atr_change_rate_ts_top80==0),503c260be7b1,2,42,16,reg_atr_change_rate_ts_top60,regime,atr_change_rate,volatility,1
(*)|(*)|(reg_atr_change_rate_ts_band25_75==1&reg_atr_change_rate_ts_top60==1&reg_atr_change_rate_ts_top70==1&reg_atr_change_rate_ts_top80==0),503c260be7b1,2,42,20,reg_atr_change_rate_ts_top70,regime,atr_change_rate,volatility,1
(*)|(*)|(reg_atr_change_rate_ts_band25_75==1&reg_atr_change_rate_ts_top60==1&reg_atr_change_rate_ts_top70==1&reg_atr_change_rate_ts_top80==0),503c260be7b1,2,42,24,reg_atr_change_rate_ts_top80,regime,atr_change_rate,volatility,0
(*)|(*)|(reg_atr_change_rate_ts_band25_75==1&reg_atr_change_rate_ts_top60==1&reg_atr_change_rate_ts_top70==1&reg_atr_change_rate_ts_top80==0),503c260be7b1,2,42,30,reg_atr_change_rate_ts_band25_75,regime,atr_change_rate,volatility,1
(*)|(*)|(reg_atr_change_rate_ts_top60==1&reg_atr_change_rate_ts_top70==1&reg_atr_change_rate_ts_top80==1),097c4a5b1ac7,2,42,16,reg_atr_change_rate_ts_top60,regime,atr_change_rate,volatility,1
(*)|(*)|(reg_atr_change_rate_ts_top60==1&reg_atr_change_rate_ts_top70==1&reg_atr_change_rate_ts_top80==1),097c4a5b1ac7,2,42,20,reg_atr_change_rate_ts_top70,regime,atr_change_rate,volatility,1
(*)|(*)|(reg_atr_change_rate_ts_top60==1&reg_atr_change_rate_ts_top70==1&reg_atr_change_rate_ts_top80==1),097c4a5b1ac7,2,42,24,reg_atr_change_rate_ts_top80,regime,atr_change_rate,volatility,1
(*)|(loc_dist_ema20_atr_ts_top50==0)|(reg_atr_change_rate_ts_top20==0&reg_atr_change_rate_ts_top60==0&reg_ema50_gt_ema200_raw==1),8fcd862ff40f,2,42,16,reg_atr_change_rate_ts_top60,regime,atr_change_rate,volatility,0
(*)|(loc_dist_ema20_atr_ts_top50==0)|(reg_atr_change_rate_ts_top20==0&reg_atr_change_rate_ts_top60==0&reg_ema50_gt_ema200_raw==1),8fcd862ff40f,2,42,506,reg_ema50_gt_ema200_raw,regime,ema50_gt_ema200,trend,1
(*)|(loc_dist_ema20_atr_ts_top50==0)|(reg_atr_change_rate_ts_top20==0&reg_atr_change_rate_ts_top60==0&reg_ema50_gt_ema200_raw==1),8fcd862ff40f,2,42,0,reg_atr_change_rate_ts_top20,regime,atr_change_rate,volatility,0
(*)|(loc_dist_ema20_atr_ts_top50==0)|(reg_atr_change_rate_ts_top20==0&reg_atr_change_rate_ts_top60==0&reg_ema50_gt_ema200_raw==1),8fcd862ff40f,2,42,13,loc_dist_ema20_atr_ts_top50,location,dist_ema20_atr,context,0
(*)|(loc_dist_ema20_atr_ts_top50==0)|(reg_atr_change_rate_ts_band25_75==0&reg_atr_change_rate_ts_top20==1&reg_atr_change_rate_ts_top60==0&reg_ema50_gt_ema200_raw==1),f5d00b81ecf7,2,42,16,reg_atr_change_rate_ts_top60,regime,atr_change_rate,volatility,0
(*)|(loc_dist_ema20_atr_ts_top50==0)|(reg_atr_change_rate_ts_band25_75==0&reg_atr_change_rate_ts_top20==1&reg_atr_change_rate_ts_top60==0&reg_ema50_gt_ema200_raw==1),f5d00b81ecf7,2,42,506,reg_ema50_gt_ema200_raw,regime,ema50_gt_ema200,trend,1
(*)|(loc_dist_ema20_atr_ts_top50==0)|(reg_atr_change_rate_ts_band25_75==0&reg_atr_change_rate_ts_top20==1&reg_atr_change_rate_ts_top60==0&reg_ema50_gt_ema200_raw==1),f5d00b81ecf7,2,42,0,reg_atr_change_rate_ts_top20,regime,atr_change_rate,volatility,1
(*)|(loc_dist_ema20_atr_ts_top50==0)|(reg_atr_change_rate_ts_band25_75==0&reg_atr_change_rate_ts_top20==1&reg_atr_change_rate_ts_top60==0&reg_ema50_gt_ema200_raw==1),f5d00b81ecf7,2,42,30,reg_atr_change_rate_ts_band25_75,regime,atr_change_rate,volatility,0
(*)|(loc_dist_ema20_atr_ts_top50==0)|(reg_atr_change_rate_ts_band25_75==0&reg_atr_change_rate_ts_top20==1&reg_atr_change_rate_ts_top60==0&reg_ema50_gt_ema200_raw==1),f5d00b81ecf7,2,42,13,loc_dist_ema20_atr_ts_top50,location,dist_ema20_atr,context,0
(*)|(loc_dist_ema20_atr_ts_top50==0)|(reg_atr_change_rate_ts_band25_75==1&reg_atr_change_rate_ts_top20==1&reg_atr_change_rate_ts_top40==0&reg_atr_change_rate_ts_top60==0&reg_ema50_gt_ema200_raw==1),460e5d413169,2,42,16,reg_atr_change_rate_ts_top60,regime,atr_change_rate,volatility,0
(*)|(loc_dist_ema20_atr_ts_top50==0)|(reg_atr_change_rate_ts_band25_75==1&reg_atr_change_rate_ts_top20==1&reg_atr_change_rate_ts_top40==0&reg_atr_change_rate_ts_top60==0&reg_ema50_gt_ema200_raw==1),460e5d413169,2,42,506,reg_ema50_gt_ema200_raw,regime,ema50_gt_ema200,trend,1
(*)|(loc_dist_ema20_atr_ts_top50==0)|(reg_atr_change_rate_ts_band25_75==1&reg_atr_change_rate_ts_top20==1&reg_atr_change_rate_ts_top40==0&reg_atr_change_rate_ts_top60==0&reg_ema50_gt_ema200_raw==1),460e5d413169,2,42,0,reg_atr_change_rate_ts_top20,regime,atr_change_rate,volatility,1
(*)|(loc_dist_ema20_atr_ts_top50==0)|(reg_atr_change_rate_ts_band25_75==1&reg_atr_change_rate_ts_top20==1&reg_atr_change_rate_ts_top40==0&reg_atr_change_rate_ts_top60==0&reg_ema50_gt_ema200_raw==1),460e5d413169,2,42,30,reg_atr_change_rate_ts_band25_75,regime,atr_change_rate,volatility,1
(*)|(loc_dist_ema20_atr_ts_top50==0)|(reg_atr_change_rate_ts_band25_75==1&reg_atr_change_rate_ts_top20==1&reg_atr_change_rate_ts_top40==0&reg_atr_change_rate_ts_top60==0&reg_ema50_gt_ema200_raw==1),460e5d413169,2,42,8,reg_atr_change_rate_ts_top40,regime,atr_change_rate,volatility,0
(*)|(loc_dist_ema20_atr_ts_top50==0)|(reg_atr_change_rate_ts_band25_75==1&reg_atr_change_rate_ts_top20==1&reg_atr_change_rate_ts_top40==0&reg_atr_change_rate_ts_top60==0&reg_ema50_gt_ema200_raw==1),460e5d413169,2,42,13,loc_dist_ema20_atr_ts_top50,location,dist_ema20_atr,context,0
(*)|(loc_dist_ema20_atr_ts_top50==0)|(reg_atr_change_rate_ts_band25_75==1&reg_atr_change_rate_ts_top20==1&reg_atr_change_rate_ts_top40==1&reg_atr_change_rate_ts_top60==0&reg_ema50_gt_ema200_raw==1),54787c67e83f,2,42,16,reg_atr_change_rate_ts_top60,regime,atr_change_rate,volatility,0
(*)|(loc_dist_ema20_atr_ts_top50==0)|(reg_atr_change_rate_ts_band25_75==1&reg_atr_change_rate_ts_top20==1&reg_atr_change_rate_ts_top40==1&reg_atr_change_rate_ts_top60==0&reg_ema50_gt_ema200_raw==1),54787c67e83f,2,42,506,reg_ema50_gt_ema200_raw,regime,ema50_gt_ema200,trend,1
(*)|(loc_dist_ema20_atr_ts_top50==0)|(reg_atr_change_rate_ts_band25_75==1&reg_atr_change_rate_ts_top20==1&reg_atr_change_rate_ts_top40==1&reg_atr_change_rate_ts_top60==0&reg_ema50_gt_ema200_raw==1),54787c67e83f,2,42,0,reg_atr_change_rate_ts_top20,regime,atr_change_rate,volatility,1
(*)|(loc_dist_ema20_atr_ts_top50==0)|(reg_atr_change_rate_ts_band25_75==1&reg_atr_change_rate_ts_top20==1&reg_atr_change_rate_ts_top40==1&reg_atr_change_rate_ts_top60==0&reg_ema50_gt_ema200_raw==1),54787c67e83f,2,42,30,reg_atr_change_rate_ts_band25_75,regime,atr_change_rate,volatility,1
(*)|(loc_dist_ema20_atr_ts_top50==0)|(reg_atr_change_rate_ts_band25_75==1&reg_atr_change_rate_ts_top20==1&reg_atr_change_rate_ts_top40==1&reg_atr_change_rate_ts_top60==0&reg_ema50_gt_ema200_raw==1),54787c67e83f,2,42,8,reg_atr_change_rate_ts_top40,regime,atr_change_rate,volatility,1
(*)|(loc_dist_ema20_atr_ts_top50==0)|(reg_atr_change_rate_ts_band25_75==1&reg_atr_change_rate_ts_top20==1&reg_atr_change_rate_ts_top40==1&reg_atr_change_rate_ts_top60==0&reg_ema50_gt_ema200_raw==1),54787c67e83f,2,42,13,loc_dist_ema20_atr_ts_top50,location,dist_ema20_atr,context,0
(*)|(loc_dist_ema20_atr_ts_top50==1)|(reg_atr_change_rate_ts_top60==0&reg_ema50_gt_ema200_raw==1),93245beb7d94,2,42,16,reg_atr_change_rate_ts_top60,regime,atr_change_rate,volatility,0
(*)|(loc_dist_ema20_atr_ts_top50==1)|(reg_atr_change_rate_ts_top60==0&reg_ema50_gt_ema200_raw==1),93245beb7d94,2,42,506,reg_ema50_gt_ema200_raw,regime,ema50_gt_ema200,trend,1
(*)|(loc_dist_ema20_atr_ts_top50==1)|(reg_atr_change_rate_ts_top60==0&reg_ema50_gt_ema200_raw==1),93245beb7d94,2,42,13,loc_dist_ema20_atr_ts_top50,location,dist_ema20_atr,context,1
(*)|(*)|(reg_atr_change_rate_ts_top60==1&reg_atr_change_rate_ts_top70==0),1b8abf88ad8d,2,42,16,reg_atr_change_rate_ts_top60,regime,atr_change_rate,volatility,1
(*)|(*)|(reg_atr_change_rate_ts_top60==1&reg_atr_change_rate_ts_top70==0),1b8abf88ad8d,2,42,20,reg_atr_change_rate_ts_top70,regime,atr_change_rate,volatility,0
(*)|(loc_dist_ema20_atr_ts_top80==0)|(reg_atr_change_rate_ts_band25_75==0&reg_atr_change_rate_ts_top60==1&reg_atr_change_rate_ts_top70==1),6d1ef55bd538,2,42,16,reg_atr_change_rate_ts_top60,regime,atr_change_rate,volatility,1
(*)|(loc_dist_ema20_atr_ts_top80==0)|(reg_atr_change_rate_ts_band25_75==0&reg_atr_change_rate_ts_top60==1&reg_atr_change_rate_ts_top70==1),6d1ef55bd538,2,42,20,reg_atr_change_rate_ts_top70,regime,atr_change_rate,volatility,1
(*)|(loc_dist_ema20_atr_ts_top80==0)|(reg_atr_change_rate_ts_band25_75==0&reg_atr_change_rate_ts_top60==1&reg_atr_change_rate_ts_top70==1),6d1ef55bd538,2,42,30,reg_atr_change_rate_ts_band25_75,regime,atr_change_rate,volatility,0
(*)|(loc_dist_ema20_atr_ts_top80==0)|(reg_atr_change_rate_ts_band25_75==0&reg_atr_change_rate_ts_top60==1&reg_atr_change_rate_ts_top70==1),6d1ef55bd538,2,42,25,loc_dist_ema20_atr_ts_top80,location,dist_ema20_atr,context,0
(*)|(loc_dist_ema20_atr_ts_top80==1)|(reg_atr_change_rate_ts_band25_75==0&reg_atr_change_rate_ts_top60==1&reg_atr_change_rate_ts_top70==1),685664d8e12a,2,42,16,reg_atr_change_rate_ts_top60,regime,atr_change_rate,volatility,1
(*)|(loc_dist_ema20_atr_ts_top80==1)|(reg_atr_change_rate_ts_band25_75==0&reg_atr_change_rate_ts_top60==1&reg_atr_change_rate_ts_top70==1),685664d8e12a,2,42,20,reg_atr_change_rate_ts_top70,regime,atr_change_rate,volatility,1
(*)|(loc_dist_ema20_atr_ts_top80==1)|(reg_atr_change_rate_ts_band25_75==0&reg_atr_change_rate_ts_top60==1&reg_atr_change_rate_ts_top70==1),685664d8e12a,2,42,30,reg_atr_change_rate_ts_band25_75,regime,atr_change_rate,volatility,0
(*)|(loc_dist_ema20_atr_ts_top80==1)|(reg_atr_change_rate_ts_band25_75==0&reg_atr_change_rate_ts_top60==1&reg_atr_change_rate_ts_top70==1),685664d8e12a,2,42,25,loc_dist_ema20_atr_ts_top80,location,dist_ema20_atr,context,1
(*)|(*)|(reg_atr_change_rate_ts_band25_75==1&reg_atr_change_rate_ts_top60==1&reg_atr_change_rate_ts_top70==1),c576808af82c,2,42,16,reg_atr_change_rate_ts_top60,regime,atr_change_rate,volatility,1
(*)|(*)|(reg_atr_change_rate_ts_band25_75==1&reg_atr_change_rate_ts_top60==1&reg_atr_change_rate_ts_top70==1),c576808af82c,2,42,20,reg_atr_change_rate_ts_top70,regime,atr_change_rate,volatility,1
(*)|(*)|(reg_atr_change_rate_ts_band25_75==1&reg_atr_change_rate_ts_top60==1&reg_atr_change_rate_ts_top70==1),c576808af82c,2,42,30,reg_atr_change_rate_ts_band25_75,regime,atr_change_rate,volatility,1
(*)|(*)|(reg_atr_change_rate_ts_top60==1&reg_ema20_gt_ema50_raw==0),d230c29b2dd5,2,42,432,reg_ema20_gt_ema50_raw,regime,ema20_gt_ema50,trend,0
(*)|(*)|(reg_atr_change_rate_ts_top60==1&reg_ema20_gt_ema50_raw==0),d230c29b2dd5,2,42,16,reg_atr_change_rate_ts_top60,regime,atr_change_rate,volatility,1
(*)|(loc_dist_ema20_atr_ts_top20==0&loc_dist_ema20_atr_ts_top30==0)|(reg_atr_change_rate_ts_top40==0&reg_atr_change_rate_ts_top50==0&reg_atr_change_rate_ts_top60==0&reg_ema20_gt_ema50_raw==1),33b540f8ba79,2,42,432,reg_ema20_gt_ema50_raw,regime,ema20_gt_ema50,trend,1
(*)|(loc_dist_ema20_atr_ts_top20==0&loc_dist_ema20_atr_ts_top30==0)|(reg_atr_change_rate_ts_top40==0&reg_atr_change_rate_ts_top50==0&reg_atr_change_rate_ts_top60==0&reg_ema20_gt_ema50_raw==1),33b540f8ba79,2,42,16,reg_atr_change_rate_ts_top60,regime,atr_change_rate,volatility,0
(*)|(loc_dist_ema20_atr_ts_top20==0&loc_dist_ema20_atr_ts_top30==0)|(reg_atr_change_rate_ts_top40==0&reg_atr_change_rate_ts_top50==0&reg_atr_change_rate_ts_top60==0&reg_ema20_gt_ema50_raw==1),33b540f8ba79,2,42,12,reg_atr_change_rate_ts_top50,regime,atr_change_rate,volatility,0
(*)|(loc_dist_ema20_atr_ts_top20==0&loc_dist_ema20_atr_ts_top30==0)|(reg_atr_change_rate_ts_top40==0&reg_atr_change_rate_ts_top50==0&reg_atr_change_rate_ts_top60==0&reg_ema20_gt_ema50_raw==1),33b540f8ba79,2,42,8,reg_atr_change_rate_ts_top40,regime,atr_change_rate,volatility,0
(*)|(loc_dist_ema20_atr_ts_top20==0&loc_dist_ema20_atr_ts_top30==0)|(reg_atr_change_rate_ts_top40==0&reg_atr_change_rate_ts_top50==0&reg_atr_change_rate_ts_top60==0&reg_ema20_gt_ema50_raw==1),33b540f8ba79,2,42,5,loc_dist_ema20_atr_ts_top30,location,dist_ema20_atr,context,0
(*)|(loc_dist_ema20_atr_ts_top20==0&loc_dist_ema20_atr_ts_top30==0)|(reg_atr_change_rate_ts_top40==0&reg_atr_change_rate_ts_top50==0&reg_atr_change_rate_ts_top60==0&reg_ema20_gt_ema50_raw==1),33b540f8ba79,2,42,1,loc_dist_ema20_atr_ts_top20,location,dist_ema20_atr,context,0
(*)|(loc_dist_ema20_atr_ts_top20==1&loc_dist_ema20_atr_ts_top30==0)|(reg_atr_change_rate_ts_top40==0&reg_atr_change_rate_ts_top50==0&reg_atr_change_rate_ts_top60==0&reg_ema20_gt_ema50_raw==1),df5920be9439,2,42,432,reg_ema20_gt_ema50_raw,regime,ema20_gt_ema50,trend,1
(*)|(loc_dist_ema20_atr_ts_top20==1&loc_dist_ema20_atr_ts_top30==0)|(reg_atr_change_rate_ts_top40==0&reg_atr_change_rate_ts_top50==0&reg_atr_change_rate_ts_top60==0&reg_ema20_gt_ema50_raw==1),df5920be9439,2,42,16,reg_atr_change_rate_ts_top60,regime,atr_change_rate,volatility,0
(*)|(loc_dist_ema20_atr_ts_top20==1&loc_dist_ema20_atr_ts_top30==0)|(reg_atr_change_rate_ts_top40==0&reg_atr_change_rate_ts_top50==0&reg_atr_change_rate_ts_top60==0&reg_ema20_gt_ema50_raw==1),df5920be9439,2,42,12,reg_atr_change_rate_ts_top50,regime,atr_change_rate,volatility,0
(*)|(loc_dist_ema20_atr_ts_top20==1&loc_dist_ema20_atr_ts_top30==0)|(reg_atr_change_rate_ts_top40==0&reg_atr_change_rate_ts_top50==0&reg_atr_change_rate_ts_top60==0&reg_ema20_gt_ema50_raw==1),df5920be9439,2,42,8,reg_atr_change_rate_ts_top40,regime,atr_change_rate,volatility,0
(*)|(loc_dist_ema20_atr_ts_top20==1&loc_dist_ema20_atr_ts_top30==0)|(reg_atr_change_rate_ts_top40==0&reg_atr_change_rate_ts_top50==0&reg_atr_change_rate_ts_top60==0&reg_ema20_gt_ema50_raw==1),df5920be9439,2,42,5,loc_dist_ema20_atr_ts_top30,location,dist_ema20_atr,context,0
(*)|(loc_dist_ema20_atr_ts_top20==1&loc_dist_ema20_atr_ts_top30==0)|(reg_atr_change_rate_ts_top40==0&reg_atr_change_rate_ts_top50==0&reg_atr_change_rate_ts_top60==0&reg_ema20_gt_ema50_raw==1),df5920be9439,2,42,1,loc_dist_ema20_atr_ts_top20,location,dist_ema20_atr,context,1
(*)|(loc_dist_ema20_atr_ts_top30==1)|(reg_atr_change_rate_ts_top40==0&reg_atr_change_rate_ts_top50==0&reg_atr_change_rate_ts_top60==0&reg_ema20_gt_ema50_raw==1),4671debbde7d,2,42,432,reg_ema20_gt_ema50_raw,regime,ema20_gt_ema50,trend,1
(*)|(loc_dist_ema20_atr_ts_top30==1)|(reg_atr_change_rate_ts_top40==0&reg_atr_change_rate_ts_top50==0&reg_atr_change_rate_ts_top60==0&reg_ema20_gt_ema50_raw==1),4671debbde7d,2,42,16,reg_atr_change_rate_ts_top60,regime,atr_change_rate,volatility,0
(*)|(loc_dist_ema20_atr_ts_top30==1)|(reg_atr_change_rate_ts_top40==0&reg_atr_change_rate_ts_top50==0&reg_atr_change_rate_ts_top60==0&reg_ema20_gt_ema50_raw==1),4671debbde7d,2,42,12,reg_atr_change_rate_ts_top50,regime,atr_change_rate,volatility,0
(*)|(loc_dist_ema20_atr_ts_top30==1)|(reg_atr_change_rate_ts_top40==0&reg_atr_change_rate_ts_top50==0&reg_atr_change_rate_ts_top60==0&reg_ema20_gt_ema50_raw==1),4671debbde7d,2,42,8,reg_atr_change_rate_ts_top40,regime,atr_change_rate,volatility,0
(*)|(loc_dist_ema20_atr_ts_top30==1)|(reg_atr_change_rate_ts_top40==0&reg_atr_change_rate_ts_top50==0&reg_atr_change_rate_ts_top60==0&reg_ema20_gt_ema50_raw==1),4671debbde7d,2,42,5,loc_dist_ema20_atr_ts_top30,location,dist_ema20_atr,context,1
(*)|(*)|(reg_atr_change_rate_ts_top40==1&reg_atr_change_rate_ts_top50==0&reg_atr_change_rate_ts_top60==0&reg_ema20_gt_ema50_raw==1),095afe67a9ef,2,42,432,reg_ema20_gt_ema50_raw,regime,ema20_gt_ema50,trend,1
(*)|(*)|(reg_atr_change_rate_ts_top40==1&reg_atr_change_rate_ts_top50==0&reg_atr_change_rate_ts_top60==0&reg_ema20_gt_ema50_raw==1),095afe67a9ef,2,42,16,reg_atr_change_rate_ts_top60,regime,atr_change_rate,volatility,0
(*)|(*)|(reg_atr_change_rate_ts_top40==1&reg_atr_change_rate_ts_top50==0&reg_atr_change_rate_ts_top60==0&reg_ema20_gt_ema50_raw==1),095afe67a9ef,2,42,12,reg_atr_change_rate_ts_top50,regime,atr_change_rate,volatility,0
(*)|(*)|(reg_atr_change_rate_ts_top40==1&reg_atr_change_rate_ts_top50==0&reg_atr_change_rate_ts_top60==0&reg_ema20_gt_ema50_raw==1),095afe67a9ef,2,42,8,reg_atr_change_rate_ts_top40,regime,atr_change_rate,volatility,1
(*)|(*)|(reg_atr_change_rate_ts_top50==1&reg_atr_change_rate_ts_top60==0&reg_ema20_gt_ema50_raw==1),755d73ee6c15,2,42,432,reg_ema20_gt_ema50_raw,regime,ema20_gt_ema50,trend,1
(*)|(*)|(reg_atr_change_rate_ts_top50==1&reg_atr_change_rate_ts_top60==0&reg_ema20_gt_ema50_raw==1),755d73ee6c15,2,42,16,reg_atr_change_rate_ts_top60,regime,atr_change_rate,volatility,0
(*)|(*)|(reg_atr_change_rate_ts_top50==1&reg_atr_change_rate_ts_top60==0&reg_ema20_gt_ema50_raw==1),755d73ee6c15,2,42,12,reg_atr_change_rate_ts_top50,regime,atr_change_rate,volatility,1
(*)|(*)|(reg_atr_change_rate_ts_top60==1&reg_atr_change_rate_ts_top70==0&reg_ema20_gt_ema50_raw==1),184c0a1a74aa,2,42,432,reg_ema20_gt_ema50_raw,regime,ema20_gt_ema50,trend,1
(*)|(*)|(reg_atr_change_rate_ts_top60==1&reg_atr_change_rate_ts_top70==0&reg_ema20_gt_ema50_raw==1),184c0a1a74aa,2,42,16,reg_atr_change_rate_ts_top60,regime,atr_change_rate,volatility,1
(*)|(*)|(reg_atr_change_rate_ts_top60==1&reg_atr_change_rate_ts_top70==0&reg_ema20_gt_ema50_raw==1),184c0a1a74aa,2,42,20,reg_atr_change_rate_ts_top70,regime,atr_change_rate,volatility,0
(*)|(*)|(reg_atr_change_rate_ts_band25_75==0&reg_atr_change_rate_ts_top60==1&reg_atr_change_rate_ts_top70==1&reg_atr_change_rate_ts_top80==0&reg_ema20_gt_ema50_raw==1),325f20355757,2,42,432,reg_ema20_gt_ema50_raw,regime,ema20_gt_ema50,trend,1
(*)|(*)|(reg_atr_change_rate_ts_band25_75==0&reg_atr_change_rate_ts_top60==1&reg_atr_change_rate_ts_top70==1&reg_atr_change_rate_ts_top80==0&reg_ema20_gt_ema50_raw==1),325f20355757,2,42,16,reg_atr_change_rate_ts_top60,regime,atr_change_rate,volatility,1
(*)|(*)|(reg_atr_change_rate_ts_band25_75==0&reg_atr_change_rate_ts_top60==1&reg_atr_change_rate_ts_top70==1&reg_atr_change_rate_ts_top80==0&reg_ema20_gt_ema50_raw==1),325f20355757,2,42,20,reg_atr_change_rate_ts_top70,regime,atr_change_rate,volatility,1
(*)|(*)|(reg_atr_change_rate_ts_band25_75==0&reg_atr_change_rate_ts_top60==1&reg_atr_change_rate_ts_top70==1&reg_atr_change_rate_ts_top80==0&reg_ema20_gt_ema50_raw==1),325f20355757,2,42,30,reg_atr_change_rate_ts_band25_75,regime,atr_change_rate,volatility,0
(*)|(*)|(reg_atr_change_rate_ts_band25_75==0&reg_atr_change_rate_ts_top60==1&reg_atr_change_rate_ts_top70==1&reg_atr_change_rate_ts_top80==0&reg_ema20_gt_ema50_raw==1),325f20355757,2,42,24,reg_atr_change_rate_ts_top80,regime,atr_change_rate,volatility,0
(*)|(*)|(reg_atr_change_rate_ts_band25_75==0&reg_atr_change_rate_ts_top60==1&reg_atr_change_rate_ts_top70==1&reg_atr_change_rate_ts_top80==1&reg_ema20_gt_ema50_raw==1),effafa8980af,2,42,432,reg_ema20_gt_ema50_raw,regime,ema20_gt_ema50,trend,1
(*)|(*)|(reg_atr_change_rate_ts_band25_75==0&reg_atr_change_rate_ts_top60==1&reg_atr_change_rate_ts_top70==1&reg_atr_change_rate_ts_top80==1&reg_ema20_gt_ema50_raw==1),effafa8980af,2,42,16,reg_atr_change_rate_ts_top60,regime,atr_change_rate,volatility,1
(*)|(*)|(reg_atr_change_rate_ts_band25_75==0&reg_atr_change_rate_ts_top60==1&reg_atr_change_rate_ts_top70==1&reg_atr_change_rate_ts_top80==1&reg_ema20_gt_ema50_raw==1),effafa8980af,2,42,20,reg_atr_change_rate_ts_top70,regime,atr_change_rate,volatility,1
(*)|(*)|(reg_atr_change_rate_ts_band25_75==0&reg_atr_change_rate_ts_top60==1&reg_atr_change_rate_ts_top70==1&reg_atr_change_rate_ts_top80==1&reg_ema20_gt_ema50_raw==1),effafa8980af,2,42,30,reg_atr_change_rate_ts_band25_75,regime,atr_change_rate,volatility,0
(*)|(*)|(reg_atr_change_rate_ts_band25_75==0&reg_atr_change_rate_ts_top60==1&reg_atr_change_rate_ts_top70==1&reg_atr_change_rate_ts_top80==1&reg_ema20_gt_ema50_raw==1),effafa8980af,2,42,24,reg_atr_change_rate_ts_top80,regime,atr_change_rate,volatility,1
(*)|(*)|(reg_atr_change_rate_ts_band25_75==1&reg_atr_change_rate_ts_top60==1&reg_atr_change_rate_ts_top70==1&reg_ema20_gt_ema50_raw==1),d76e12a483c5,2,42,432,reg_ema20_gt_ema50_raw,regime,ema20_gt_ema50,trend,1
(*)|(*)|(reg_atr_change_rate_ts_band25_75==1&reg_atr_change_rate_ts_top60==1&reg_atr_change_rate_ts_top70==1&reg_ema20_gt_ema50_raw==1),d76e12a483c5,2,42,16,reg_atr_change_rate_ts_top60,regime,atr_change_rate,volatility,1
(*)|(*)|(reg_atr_change_rate_ts_band25_75==1&reg_atr_change_rate_ts_top60==1&reg_atr_change_rate_ts_top70==1&reg_ema20_gt_ema50_raw==1),d76e12a483c5,2,42,20,reg_atr_change_rate_ts_top70,regime,atr_change_rate,volatility,1
(*)|(*)|(reg_atr_change_rate_ts_band25_75==1&reg_atr_change_rate_ts_top60==1&reg_atr_change_rate_ts_top70==1&reg_ema20_gt_ema50_raw==1),d76e12a483c5,2,42,30,reg_atr_change_rate_ts_band25_75,regime,atr_change_rate,volatility,1
(*)|(loc_dist_ema20_atr_ts_top20==0&loc_dist_ema50_atr_ts_top60==0)|(reg_atr_change_rate_ts_top30==0&reg_atr_change_rate_ts_top40==0&reg_atr_compression_ratio_ts_top50==0&reg_ema20_gt_ema50_raw==1),8516e37599bd,2,42,53,loc_dist_ema50_atr_ts_top60,location,dist_ema50_atr,context,0
(*)|(loc_dist_ema20_atr_ts_top20==0&loc_dist_ema50_atr_ts_top60==0)|(reg_atr_change_rate_ts_top30==0&reg_atr_change_rate_ts_top40==0&reg_atr_compression_ratio_ts_top50==0&reg_ema20_gt_ema50_raw==1),8516e37599bd,2,42,1,loc_dist_ema20_atr_ts_top20,location,dist_ema20_atr,context,0
(*)|(loc_dist_ema20_atr_ts_top20==0&loc_dist_ema50_atr_ts_top60==0)|(reg_atr_change_rate_ts_top30==0&reg_atr_change_rate_ts_top40==0&reg_atr_compression_ratio_ts_top50==0&reg_ema20_gt_ema50_raw==1),8516e37599bd,2,42,48,reg_atr_compression_ratio_ts_top50,regime,atr_compression_ratio,volatility_term_structure,0
(*)|(loc_dist_ema20_atr_ts_top20==0&loc_dist_ema50_atr_ts_top60==0)|(reg_atr_change_rate_ts_top30==0&reg_atr_change_rate_ts_top40==0&reg_atr_compression_ratio_ts_top50==0&reg_ema20_gt_ema50_raw==1),8516e37599bd,2,42,8,reg_atr_change_rate_ts_top40,regime,atr_change_rate,volatility,0
(*)|(loc_dist_ema20_atr_ts_top20==0&loc_dist_ema50_atr_ts_top60==0)|(reg_atr_change_rate_ts_top30==0&reg_atr_change_rate_ts_top40==0&reg_atr_compression_ratio_ts_top50==0&reg_ema20_gt_ema50_raw==1),8516e37599bd,2,42,4,reg_atr_change_rate_ts_top30,regime,atr_change_rate,volatility,0
(*)|(loc_dist_ema20_atr_ts_top20==0&loc_dist_ema50_atr_ts_top60==0)|(reg_atr_change_rate_ts_top30==0&reg_atr_change_rate_ts_top40==0&reg_atr_compression_ratio_ts_top50==0&reg_ema20_gt_ema50_raw==1),8516e37599bd,2,42,432,reg_ema20_gt_ema50_raw,regime,ema20_gt_ema50,trend,1
(*)|(loc_dist_ema20_atr_ts_top20==1&loc_dist_ema50_atr_ts_top60==0)|(reg_atr_change_rate_ts_band25_75==0&reg_atr_change_rate_ts_top30==0&reg_atr_change_rate_ts_top40==0&reg_atr_compression_ratio_ts_top50==0),3d6d08d735e8,2,42,53,loc_dist_ema50_atr_ts_top60,location,dist_ema50_atr,context,0
(*)|(loc_dist_ema20_atr_ts_top20==1&loc_dist_ema50_atr_ts_top60==0)|(reg_atr_change_rate_ts_band25_75==0&reg_atr_change_rate_ts_top30==0&reg_atr_change_rate_ts_top40==0&reg_atr_compression_ratio_ts_top50==0),3d6d08d735e8,2,42,1,loc_dist_ema20_atr_ts_top20,location,dist_ema20_atr,context,1
(*)|(loc_dist_ema20_atr_ts_top20==1&loc_dist_ema50_atr_ts_top60==0)|(reg_atr_change_rate_ts_band25_75==0&reg_atr_change_rate_ts_top30==0&reg_atr_change_rate_ts_top40==0&reg_atr_compression_ratio_ts_top50==0),3d6d08d735e8,2,42,48,reg_atr_compression_ratio_ts_top50,regime,atr_compression_ratio,volatility_term_structure,0
(*)|(loc_dist_ema20_atr_ts_top20==1&loc_dist_ema50_atr_ts_top60==0)|(reg_atr_change_rate_ts_band25_75==0&reg_atr_change_rate_ts_top30==0&reg_atr_change_rate_ts_top40==0&reg_atr_compression_ratio_ts_top50==0),3d6d08d735e8,2,42,8,reg_atr_change_rate_ts_top40,regime,atr_change_rate,volatility,0
(*)|(loc_dist_ema20_atr_ts_top20==1&loc_dist_ema50_atr_ts_top60==0)|(reg_atr_change_rate_ts_band25_75==0&reg_atr_change_rate_ts_top30==0&reg_atr_change_rate_ts_top40==0&reg_atr_compression_ratio_ts_top50==0),3d6d08d735e8,2,42,4,reg_atr_change_rate_ts_top30,regime,atr_change_rate,volatility,0
(*)|(loc_dist_ema20_atr_ts_top20==1&loc_dist_ema50_atr_ts_top60==0)|(reg_atr_change_rate_ts_band25_75==0&reg_atr_change_rate_ts_top30==0&reg_atr_change_rate_ts_top40==0&reg_atr_compression_ratio_ts_top50==0),3d6d08d735e8,2,42,30,reg_atr_change_rate_ts_band25_75,regime,atr_change_rate,volatility,0
(*)|(loc_dist_ema20_atr_ts_top20==1&loc_dist_ema50_atr_ts_top60==0)|(reg_atr_change_rate_ts_band25_75==1&reg_atr_change_rate_ts_top30==0&reg_atr_change_rate_ts_top40==0&reg_atr_compression_ratio_ts_top50==0),0453d079573a,2,42,53,loc_dist_ema50_atr_ts_top60,location,dist_ema50_atr,context,0
(*)|(loc_dist_ema20_atr_ts_top20==1&loc_dist_ema50_atr_ts_top60==0)|(reg_atr_change_rate_ts_band25_75==1&reg_atr_change_rate_ts_top30==0&reg_atr_change_rate_ts_top40==0&reg_atr_compression_ratio_ts_top50==0),0453d079573a,2,42,1,loc_dist_ema20_atr_ts_top20,location,dist_ema20_atr,context,1
(*)|(loc_dist_ema20_atr_ts_top20==1&loc_dist_ema50_atr_ts_top60==0)|(reg_atr_change_rate_ts_band25_75==1&reg_atr_change_rate_ts_top30==0&reg_atr_change_rate_ts_top40==0&reg_atr_compression_ratio_ts_top50==0),0453d079573a,2,42,48,reg_atr_compression_ratio_ts_top50,regime,atr_compression_ratio,volatility_term_structure,0
(*)|(loc_dist_ema20_atr_ts_top20==1&loc_dist_ema50_atr_ts_top60==0)|(reg_atr_change_rate_ts_band25_75==1&reg_atr_change_rate_ts_top30==0&reg_atr_change_rate_ts_top40==0&reg_atr_compression_ratio_ts_top50==0),0453d079573a,2,42,8,reg_atr_change_rate_ts_top40,regime,atr_change_rate,volatility,0
(*)|(loc_dist_ema20_atr_ts_top20==1&loc_dist_ema50_atr_ts_top60==0)|(reg_atr_change_rate_ts_band25_75==1&reg_atr_change_rate_ts_top30==0&reg_atr_change_rate_ts_top40==0&reg_atr_compression_ratio_ts_top50==0),0453d079573a,2,42,4,reg_atr_change_rate_ts_top30,regime,atr_change_rate,volatility,0
(*)|(loc_dist_ema20_atr_ts_top20==1&loc_dist_ema50_atr_ts_top60==0)|(reg_atr_change_rate_ts_band25_75==1&reg_atr_change_rate_ts_top30==0&reg_atr_change_rate_ts_top40==0&reg_atr_compression_ratio_ts_top50==0),0453d079573a,2,42,30,reg_atr_change_rate_ts_band25_75,regime,atr_change_rate,volatility,1
(*)|(loc_dist_ema50_atr_ts_top60==0)|(reg_atr_change_rate_ts_top30==1&reg_atr_change_rate_ts_top40==0&reg_atr_compression_ratio_ts_top50==0),80aee0b19f28,2,42,53,loc_dist_ema50_atr_ts_top60,location,dist_ema50_atr,context,0
(*)|(loc_dist_ema50_atr_ts_top60==0)|(reg_atr_change_rate_ts_top30==1&reg_atr_change_rate_ts_top40==0&reg_atr_compression_ratio_ts_top50==0),80aee0b19f28,2,42,48,reg_atr_compression_ratio_ts_top50,regime,atr_compression_ratio,volatility_term_structure,0
(*)|(loc_dist_ema50_atr_ts_top60==0)|(reg_atr_change_rate_ts_top30==1&reg_atr_change_rate_ts_top40==0&reg_atr_compression_ratio_ts_top50==0),80aee0b19f28,2,42,8,reg_atr_change_rate_ts_top40,regime,atr_change_rate,volatility,0
(*)|(loc_dist_ema50_atr_ts_top60==0)|(reg_atr_change_rate_ts_top30==1&reg_atr_change_rate_ts_top40==0&reg_atr_compression_ratio_ts_top50==0),80aee0b19f28,2,42,4,reg_atr_change_rate_ts_top30,regime,atr_change_rate,volatility,1
(*)|(loc_dist_ema50_atr_ts_top60==0)|(reg_atr_change_rate_ts_top40==1&reg_atr_compression_ratio_ts_top50==0),f24c1d33d666,2,42,53,loc_dist_ema50_atr_ts_top60,location,dist_ema50_atr,context,0
(*)|(loc_dist_ema50_atr_ts_top60==0)|(reg_atr_change_rate_ts_top40==1&reg_atr_compression_ratio_ts_top50==0),f24c1d33d666,2,42,48,reg_atr_compression_ratio_ts_top50,regime,atr_compression_ratio,volatility_term_structure,0
(*)|(loc_dist_ema50_atr_ts_top60==0)|(reg_atr_change_rate_ts_top40==1&reg_atr_compression_ratio_ts_top50==0),f24c1d33d666,2,42,8,reg_atr_change_rate_ts_top40,regime,atr_change_rate,volatility,1
(*)|(loc_dist_ema50_atr_ts_top60==0)|(reg_atr_compression_ratio_ts_top50==1),004bb9f2a00c,2,42,53,loc_dist_ema50_atr_ts_top60,location,dist_ema50_atr,context,0
(*)|(loc_dist_ema50_atr_ts_top60==0)|(reg_atr_compression_ratio_ts_top50==1),004bb9f2a00c,2,42,48,reg_atr_compression_ratio_ts_top50,regime,atr_compression_ratio,volatility_term_structure,1
(*)|(loc_dist_ema20_atr_ts_top70==0&loc_dist_ema50_atr_ts_top60==1)|(*),e9b8daede01c,2,42,53,loc_dist_ema50_atr_ts_top60,location,dist_ema50_atr,context,1
(*)|(loc_dist_ema20_atr_ts_top70==0&loc_dist_ema50_atr_ts_top60==1)|(*),e9b8daede01c,2,42,21,loc_dist_ema20_atr_ts_top70,location,dist_ema20_atr,context,0
(*)|(loc_dist_ema20_atr_ts_top70==1&loc_dist_ema50_atr_ts_top60==1)|(reg_atr_change_rate_ts_band25_75==0&reg_atr_change_rate_ts_top80==0),2b1822948f06,2,42,53,loc_dist_ema50_atr_ts_top60,location,dist_ema50_atr,context,1
(*)|(loc_dist_ema20_atr_ts_top70==1&loc_dist_ema50_atr_ts_top60==1)|(reg_atr_change_rate_ts_band25_75==0&reg_atr_change_rate_ts_top80==0),2b1822948f06,2,42,21,loc_dist_ema20_atr_ts_top70,location,dist_ema20_atr,context,1
(*)|(loc_dist_ema20_atr_ts_top70==1&loc_dist_ema50_atr_ts_top60==1)|(reg_atr_change_rate_ts_band25_75==0&reg_atr_change_rate_ts_top80==0),2b1822948f06,2,42,24,reg_atr_change_rate_ts_top80,regime,atr_change_rate,volatility,0
(*)|(loc_dist_ema20_atr_ts_top70==1&loc_dist_ema50_atr_ts_top60==1)|(reg_atr_change_rate_ts_band25_75==0&reg_atr_change_rate_ts_top80==0),2b1822948f06,2,42,30,reg_atr_change_rate_ts_band25_75,regime,atr_change_rate,volatility,0
(*)|(loc_dist_ema20_atr_ts_top70==1&loc_dist_ema50_atr_ts_top60==1)|(reg_atr_change_rate_ts_band25_75==1&reg_atr_change_rate_ts_top80==0),0a28c0135105,2,42,53,loc_dist_ema50_atr_ts_top60,location,dist_ema50_atr,context,1
(*)|(loc_dist_ema20_atr_ts_top70==1&loc_dist_ema50_atr_ts_top60==1)|(reg_atr_change_rate_ts_band25_75==1&reg_atr_change_rate_ts_top80==0),0a28c0135105,2,42,21,loc_dist_ema20_atr_ts_top70,location,dist_ema20_atr,context,1
(*)|(loc_dist_ema20_atr_ts_top70==1&loc_dist_ema50_atr_ts_top60==1)|(reg_atr_change_rate_ts_band25_75==1&reg_atr_change_rate_ts_top80==0),0a28c0135105,2,42,24,reg_atr_change_rate_ts_top80,regime,atr_change_rate,volatility,0
(*)|(loc_dist_ema20_atr_ts_top70==1&loc_dist_ema50_atr_ts_top60==1)|(reg_atr_change_rate_ts_band25_75==1&reg_atr_change_rate_ts_top80==0),0a28c0135105,2,42,30,reg_atr_change_rate_ts_band25_75,regime,atr_change_rate,volatility,1
(*)|(loc_dist_ema20_atr_ts_top70==1&loc_dist_ema50_atr_ts_top60==1)|(reg_atr_change_rate_ts_top80==1),b99250f5bbf3,2,42,53,loc_dist_ema50_atr_ts_top60,location,dist_ema50_atr,context,1
(*)|(loc_dist_ema20_atr_ts_top70==1&loc_dist_ema50_atr_ts_top60==1)|(reg_atr_change_rate_ts_top80==1),b99250f5bbf3,2,42,21,loc_dist_ema20_atr_ts_top70,location,dist_ema20_atr,context,1
(*)|(loc_dist_ema20_atr_ts_top70==1&loc_dist_ema50_atr_ts_top60==1)|(reg_atr_change_rate_ts_top80==1),b99250f5bbf3,2,42,24,reg_atr_change_rate_ts_top80,regime,atr_change_rate,volatility,1
(*)|(loc_dist_ema20_atr_ts_band25_75==0&loc_dist_ema20_atr_ts_top20==0)|(reg_atr_change_rate_ts_top40==0&reg_ema20_gt_ema50_raw==1),c809daf0cc03,2,42,8,reg_atr_change_rate_ts_top40,regime,atr_change_rate,volatility,0
(*)|(loc_dist_ema20_atr_ts_band25_75==0&loc_dist_ema20_atr_ts_top20==0)|(reg_atr_change_rate_ts_top40==0&reg_ema20_gt_ema50_raw==1),c809daf0cc03,2,42,432,reg_ema20_gt_ema50_raw,regime,ema20_gt_ema50,trend,1
(*)|(loc_dist_ema20_atr_ts_band25_75==0&loc_dist_ema20_atr_ts_top20==0)|(reg_atr_change_rate_ts_top40==0&reg_ema20_gt_ema50_raw==1),c809daf0cc03,2,42,31,loc_dist_ema20_atr_ts_band25_75,location,dist_ema20_atr,context,0
(*)|(loc_dist_ema20_atr_ts_band25_75==0&loc_dist_ema20_atr_ts_top20==0)|(reg_atr_change_rate_ts_top40==0&reg_ema20_gt_ema50_raw==1),c809daf0cc03,2,42,1,loc_dist_ema20_atr_ts_top20,location,dist_ema20_atr,context,0
(*)|(loc_dist_ema20_atr_ts_band25_75==0&loc_dist_ema20_atr_ts_top20==1)|(reg_atr_change_rate_ts_top40==0&reg_ema20_gt_ema50_raw==1),18c958bdf2c1,2,42,8,reg_atr_change_rate_ts_top40,regime,atr_change_rate,volatility,0
(*)|(loc_dist_ema20_atr_ts_band25_75==0&loc_dist_ema20_atr_ts_top20==1)|(reg_atr_change_rate_ts_top40==0&reg_ema20_gt_ema50_raw==1),18c958bdf2c1,2,42,432,reg_ema20_gt_ema50_raw,regime,ema20_gt_ema50,trend,1
(*)|(loc_dist_ema20_atr_ts_band25_75==0&loc_dist_ema20_atr_ts_top20==1)|(reg_atr_change_rate_ts_top40==0&reg_ema20_gt_ema50_raw==1),18c958bdf2c1,2,42,31,loc_dist_ema20_atr_ts_band25_75,location,dist_ema20_atr,context,0
(*)|(loc_dist_ema20_atr_ts_band25_75==0&loc_dist_ema20_atr_ts_top20==1)|(reg_atr_change_rate_ts_top40==0&reg_ema20_gt_ema50_raw==1),18c958bdf2c1,2,42,1,loc_dist_ema20_atr_ts_top20,location,dist_ema20_atr,context,1
(*)|(loc_dist_ema20_atr_ts_band25_75==1)|(reg_atr_change_rate_ts_bot30==0&reg_atr_change_rate_ts_top40==0),d3ccb9da6a1a,2,42,8,reg_atr_change_rate_ts_top40,regime,atr_change_rate,volatility,0
(*)|(loc_dist_ema20_atr_ts_band25_75==1)|(reg_atr_change_rate_ts_bot30==0&reg_atr_change_rate_ts_top40==0),d3ccb9da6a1a,2,42,6,reg_atr_change_rate_ts_bot30,regime,atr_change_rate,volatility,0
(*)|(loc_dist_ema20_atr_ts_band25_75==1)|(reg_atr_change_rate_ts_bot30==0&reg_atr_change_rate_ts_top40==0),d3ccb9da6a1a,2,42,31,loc_dist_ema20_atr_ts_band25_75,location,dist_ema20_atr,context,1
(*)|(loc_dist_ema20_atr_ts_band25_75==1)|(reg_atr_change_rate_ts_bot30==1&reg_atr_change_rate_ts_top40==0),7063cbe5d959,2,42,8,reg_atr_change_rate_ts_top40,regime,atr_change_rate,volatility,0
(*)|(loc_dist_ema20_atr_ts_band25_75==1)|(reg_atr_change_rate_ts_bot30==1&reg_atr_change_rate_ts_top40==0),7063cbe5d959,2,42,6,reg_atr_change_rate_ts_bot30,regime,atr_change_rate,volatility,1
(*)|(loc_dist_ema20_atr_ts_band25_75==1)|(reg_atr_change_rate_ts_bot30==1&reg_atr_change_rate_ts_top40==0),7063cbe5d959,2,42,31,loc_dist_ema20_atr_ts_band25_75,location,dist_ema20_atr,context,1
(*)|(*)|(reg_atr_change_rate_ts_top40==1&reg_atr_change_rate_ts_top50==0),46c97bc7e176,2,42,8,reg_atr_change_rate_ts_top40,regime,atr_change_rate,volatility,1
(*)|(*)|(reg_atr_change_rate_ts_top40==1&reg_atr_change_rate_ts_top50==0),46c97bc7e176,2,42,12,reg_atr_change_rate_ts_top50,regime,atr_change_rate,volatility,0
(*)|(*)|(reg_atr_change_rate_ts_top40==1&reg_atr_change_rate_ts_top50==1&reg_atr_change_rate_ts_top60==0),0ca8c17a604b,2,42,8,reg_atr_change_rate_ts_top40,regime,atr_change_rate,volatility,1
(*)|(*)|(reg_atr_change_rate_ts_top40==1&reg_atr_change_rate_ts_top50==1&reg_atr_change_rate_ts_top60==0),0ca8c17a604b,2,42,12,reg_atr_change_rate_ts_top50,regime,atr_change_rate,volatility,1
(*)|(*)|(reg_atr_change_rate_ts_top40==1&reg_atr_change_rate_ts_top50==1&reg_atr_change_rate_ts_top60==0),0ca8c17a604b,2,42,16,reg_atr_change_rate_ts_top60,regime,atr_change_rate,volatility,0
(*)|(loc_dist_ema20_atr_ts_top70==0)|(reg_atr_change_rate_ts_top40==1&reg_atr_change_rate_ts_top50==1&reg_atr_change_rate_ts_top60==1),6b425d3f22d1,2,42,8,reg_atr_change_rate_ts_top40,regime,atr_change_rate,volatility,1
(*)|(loc_dist_ema20_atr_ts_top70==0)|(reg_atr_change_rate_ts_top40==1&reg_atr_change_rate_ts_top50==1&reg_atr_change_rate_ts_top60==1),6b425d3f22d1,2,42,12,reg_atr_change_rate_ts_top50,regime,atr_change_rate,volatility,1
(*)|(loc_dist_ema20_atr_ts_top70==0)|(reg_atr_change_rate_ts_top40==1&reg_atr_change_rate_ts_top50==1&reg_atr_change_rate_ts_top60==1),6b425d3f22d1,2,42,16,reg_atr_change_rate_ts_top60,regime,atr_change_rate,volatility,1
(*)|(loc_dist_ema20_atr_ts_top70==0)|(reg_atr_change_rate_ts_top40==1&reg_atr_change_rate_ts_top50==1&reg_atr_change_rate_ts_top60==1),6b425d3f22d1,2,42,21,loc_dist_ema20_atr_ts_top70,location,dist_ema20_atr,context,0
(*)|(loc_dist_ema20_atr_ts_band25_75==0&loc_dist_ema20_atr_ts_top70==1&loc_dist_ema20_atr_ts_top80==0)|(reg_atr_change_rate_ts_top40==1&reg_atr_change_rate_ts_top50==1&reg_atr_change_rate_ts_top60==1),f4b68ab45dbf,2,42,8,reg_atr_change_rate_ts_top40,regime,atr_change_rate,volatility,1
(*)|(loc_dist_ema20_atr_ts_band25_75==0&loc_dist_ema20_atr_ts_top70==1&loc_dist_ema20_atr_ts_top80==0)|(reg_atr_change_rate_ts_top40==1&reg_atr_change_rate_ts_top50==1&reg_atr_change_rate_ts_top60==1),f4b68ab45dbf,2,42,12,reg_atr_change_rate_ts_top50,regime,atr_change_rate,volatility,1
(*)|(loc_dist_ema20_atr_ts_band25_75==0&loc_dist_ema20_atr_ts_top70==1&loc_dist_ema20_atr_ts_top80==0)|(reg_atr_change_rate_ts_top40==1&reg_atr_change_rate_ts_top50==1&reg_atr_change_rate_ts_top60==1),f4b68ab45dbf,2,42,16,reg_atr_change_rate_ts_top60,regime,atr_change_rate,volatility,1
(*)|(loc_dist_ema20_atr_ts_band25_75==0&loc_dist_ema20_atr_ts_top70==1&loc_dist_ema20_atr_ts_top80==0)|(reg_atr_change_rate_ts_top40==1&reg_atr_change_rate_ts_top50==1&reg_atr_change_rate_ts_top60==1),f4b68ab45dbf,2,42,21,loc_dist_ema20_atr_ts_top70,location,dist_ema20_atr,context,1
(*)|(loc_dist_ema20_atr_ts_band25_75==0&loc_dist_ema20_atr_ts_top70==1&loc_dist_ema20_atr_ts_top80==0)|(reg_atr_change_rate_ts_top40==1&reg_atr_change_rate_ts_top50==1&reg_atr_change_rate_ts_top60==1),f4b68ab45dbf,2,42,31,loc_dist_ema20_atr_ts_band25_75,location,dist_ema20_atr,context,0
(*)|(loc_dist_ema20_atr_ts_band25_75==0&loc_dist_ema20_atr_ts_top70==1&loc_dist_ema20_atr_ts_top80==0)|(reg_atr_change_rate_ts_top40==1&reg_atr_change_rate_ts_top50==1&reg_atr_change_rate_ts_top60==1),f4b68ab45dbf,2,42,25,loc_dist_ema20_atr_ts_top80,location,dist_ema20_atr,context,0
(*)|(loc_dist_ema20_atr_ts_band25_75==0&loc_dist_ema20_atr_ts_top70==1&loc_dist_ema20_atr_ts_top80==1)|(reg_atr_change_rate_ts_top40==1&reg_atr_change_rate_ts_top50==1&reg_atr_change_rate_ts_top60==1),ba141e5360cf,2,42,8,reg_atr_change_rate_ts_top40,regime,atr_change_rate,volatility,1
(*)|(loc_dist_ema20_atr_ts_band25_75==0&loc_dist_ema20_atr_ts_top70==1&loc_dist_ema20_atr_ts_top80==1)|(reg_atr_change_rate_ts_top40==1&reg_atr_change_rate_ts_top50==1&reg_atr_change_rate_ts_top60==1),ba141e5360cf,2,42,12,reg_atr_change_rate_ts_top50,regime,atr_change_rate,volatility,1
(*)|(loc_dist_ema20_atr_ts_band25_75==0&loc_dist_ema20_atr_ts_top70==1&loc_dist_ema20_atr_ts_top80==1)|(reg_atr_change_rate_ts_top40==1&reg_atr_change_rate_ts_top50==1&reg_atr_change_rate_ts_top60==1),ba141e5360cf,2,42,16,reg_atr_change_rate_ts_top60,regime,atr_change_rate,volatility,1
(*)|(loc_dist_ema20_atr_ts_band25_75==0&loc_dist_ema20_atr_ts_top70==1&loc_dist_ema20_atr_ts_top80==1)|(reg_atr_change_rate_ts_top40==1&reg_atr_change_rate_ts_top50==1&reg_atr_change_rate_ts_top60==1),ba141e5360cf,2,42,21,loc_dist_ema20_atr_ts_top70,location,dist_ema20_atr,context,1
(*)|(loc_dist_ema20_atr_ts_band25_75==0&loc_dist_ema20_atr_ts_top70==1&loc_dist_ema20_atr_ts_top80==1)|(reg_atr_change_rate_ts_top40==1&reg_atr_change_rate_ts_top50==1&reg_atr_change_rate_ts_top60==1),ba141e5360cf,2,42,31,loc_dist_ema20_atr_ts_band25_75,location,dist_ema20_atr,context,0
(*)|(loc_dist_ema20_atr_ts_band25_75==0&loc_dist_ema20_atr_ts_top70==1&loc_dist_ema20_atr_ts_top80==1)|(reg_atr_change_rate_ts_top40==1&reg_atr_change_rate_ts_top50==1&reg_atr_change_rate_ts_top60==1),ba141e5360cf,2,42,25,loc_dist_ema20_atr_ts_top80,location,dist_ema20_atr,context,1
(*)|(loc_dist_ema20_atr_ts_band25_75==1&loc_dist_ema20_atr_ts_top70==1)|(reg_atr_change_rate_ts_top40==1&reg_atr_change_rate_ts_top50==1&reg_atr_change_rate_ts_top60==1),352339c7f7b7,2,42,8,reg_atr_change_rate_ts_top40,regime,atr_change_rate,volatility,1
(*)|(loc_dist_ema20_atr_ts_band25_75==1&loc_dist_ema20_atr_ts_top70==1)|(reg_atr_change_rate_ts_top40==1&reg_atr_change_rate_ts_top50==1&reg_atr_change_rate_ts_top60==1),352339c7f7b7,2,42,12,reg_atr_change_rate_ts_top50,regime,atr_change_rate,volatility,1
(*)|(loc_dist_ema20_atr_ts_band25_75==1&loc_dist_ema20_atr_ts_top70==1)|(reg_atr_change_rate_ts_top40==1&reg_atr_change_rate_ts_top50==1&reg_atr_change_rate_ts_top60==1),352339c7f7b7,2,42,16,reg_atr_change_rate_ts_top60,regime,atr_change_rate,volatility,1
(*)|(loc_dist_ema20_atr_ts_band25_75==1&loc_dist_ema20_atr_ts_top70==1)|(reg_atr_change_rate_ts_top40==1&reg_atr_change_rate_ts_top50==1&reg_atr_change_rate_ts_top60==1),352339c7f7b7,2,42,21,loc_dist_ema20_atr_ts_top70,location,dist_ema20_atr,context,1
(*)|(loc_dist_ema20_atr_ts_band25_75==1&loc_dist_ema20_atr_ts_top70==1)|(reg_atr_change_rate_ts_top40==1&reg_atr_change_rate_ts_top50==1&reg_atr_change_rate_ts_top60==1),352339c7f7b7,2,42,31,loc_dist_ema20_atr_ts_band25_75,location,dist_ema20_atr,context,1
(*)|(*)|(reg_atr_change_rate_ts_top20==0&reg_atr_change_rate_ts_top40==0&reg_atr_change_rate_ts_top50==0&reg_atr_change_rate_ts_top60==0&reg_ema20_gt_ema50_raw==1),08a3240d0752,2,42,16,reg_atr_change_rate_ts_top60,regime,atr_change_rate,volatility,0
(*)|(*)|(reg_atr_change_rate_ts_top20==0&reg_atr_change_rate_ts_top40==0&reg_atr_change_rate_ts_top50==0&reg_atr_change_rate_ts_top60==0&reg_ema20_gt_ema50_raw==1),08a3240d0752,2,42,12,reg_atr_change_rate_ts_top50,regime,atr_change_rate,volatility,0
(*)|(*)|(reg_atr_change_rate_ts_top20==0&reg_atr_change_rate_ts_top40==0&reg_atr_change_rate_ts_top50==0&reg_atr_change_rate_ts_top60==0&reg_ema20_gt_ema50_raw==1),08a3240d0752,2,42,8,reg_atr_change_rate_ts_top40,regime,atr_change_rate,volatility,0
(*)|(*)|(reg_atr_change_rate_ts_top20==0&reg_atr_change_rate_ts_top40==0&reg_atr_change_rate_ts_top50==0&reg_atr_change_rate_ts_top60==0&reg_ema20_gt_ema50_raw==1),08a3240d0752,2,42,0,reg_atr_change_rate_ts_top20,regime,atr_change_rate,volatility,0
(*)|(*)|(reg_atr_change_rate_ts_top20==0&reg_atr_change_rate_ts_top40==0&reg_atr_change_rate_ts_top50==0&reg_atr_change_rate_ts_top60==0&reg_ema20_gt_ema50_raw==1),08a3240d0752,2,42,432,reg_ema20_gt_ema50_raw,regime,ema20_gt_ema50,trend,1
(*)|(*)|(reg_atr_change_rate_ts_band25_75==0&reg_atr_change_rate_ts_top20==1&reg_atr_change_rate_ts_top40==0&reg_atr_change_rate_ts_top50==0&reg_atr_change_rate_ts_top60==0),8f0d28b7b656,2,42,16,reg_atr_change_rate_ts_top60,regime,atr_change_rate,volatility,0
(*)|(*)|(reg_atr_change_rate_ts_band25_75==0&reg_atr_change_rate_ts_top20==1&reg_atr_change_rate_ts_top40==0&reg_atr_change_rate_ts_top50==0&reg_atr_change_rate_ts_top60==0),8f0d28b7b656,2,42,12,reg_atr_change_rate_ts_top50,regime,atr_change_rate,volatility,0
(*)|(*)|(reg_atr_change_rate_ts_band25_75==0&reg_atr_change_rate_ts_top20==1&reg_atr_change_rate_ts_top40==0&reg_atr_change_rate_ts_top50==0&reg_atr_change_rate_ts_top60==0),8f0d28b7b656,2,42,8,reg_atr_change_rate_ts_top40,regime,atr_change_rate,volatility,0
(*)|(*)|(reg_atr_change_rate_ts_band25_75==0&reg_atr_change_rate_ts_top20==1&reg_atr_change_rate_ts_top40==0&reg_atr_change_rate_ts_top50==0&reg_atr_change_rate_ts_top60==0),8f0d28b7b656,2,42,0,reg_atr_change_rate_ts_top20,regime,atr_change_rate,volatility,1
(*)|(*)|(reg_atr_change_rate_ts_band25_75==0&reg_atr_change_rate_ts_top20==1&reg_atr_change_rate_ts_top40==0&reg_atr_change_rate_ts_top50==0&reg_atr_change_rate_ts_top60==0),8f0d28b7b656,2,42,30,reg_atr_change_rate_ts_band25_75,regime,atr_change_rate,volatility,0
(*)|(*)|(reg_atr_change_rate_ts_band25_75==1&reg_atr_change_rate_ts_bot30==0&reg_atr_change_rate_ts_top20==1&reg_atr_change_rate_ts_top40==0&reg_atr_change_rate_ts_top50==0&reg_atr_change_rate_ts_top60==0),725a32b275dd,2,42,16,reg_atr_change_rate_ts_top60,regime,atr_change_rate,volatility,0
(*)|(*)|(reg_atr_change_rate_ts_band25_75==1&reg_atr_change_rate_ts_bot30==0&reg_atr_change_rate_ts_top20==1&reg_atr_change_rate_ts_top40==0&reg_atr_change_rate_ts_top50==0&reg_atr_change_rate_ts_top60==0),725a32b275dd,2,42,12,reg_atr_change_rate_ts_top50,regime,atr_change_rate,volatility,0
(*)|(*)|(reg_atr_change_rate_ts_band25_75==1&reg_atr_change_rate_ts_bot30==0&reg_atr_change_rate_ts_top20==1&reg_atr_change_rate_ts_top40==0&reg_atr_change_rate_ts_top50==0&reg_atr_change_rate_ts_top60==0),725a32b275dd,2,42,8,reg_atr_change_rate_ts_top40,regime,atr_change_rate,volatility,0
(*)|(*)|(reg_atr_change_rate_ts_band25_75==1&reg_atr_change_rate_ts_bot30==0&reg_atr_change_rate_ts_top20==1&reg_atr_change_rate_ts_top40==0&reg_atr_change_rate_ts_top50==0&reg_atr_change_rate_ts_top60==0),725a32b275dd,2,42,0,reg_atr_change_rate_ts_top20,regime,atr_change_rate,volatility,1
(*)|(*)|(reg_atr_change_rate_ts_band25_75==1&reg_atr_change_rate_ts_bot30==0&reg_atr_change_rate_ts_top20==1&reg_atr_change_rate_ts_top40==0&reg_atr_change_rate_ts_top50==0&reg_atr_change_rate_ts_top60==0),725a32b275dd,2,42,30,reg_atr_change_rate_ts_band25_75,regime,atr_change_rate,volatility,1
(*)|(*)|(reg_atr_change_rate_ts_band25_75==1&reg_atr_change_rate_ts_bot30==0&reg_atr_change_rate_ts_top20==1&reg_atr_change_rate_ts_top40==0&reg_atr_change_rate_ts_top50==0&reg_atr_change_rate_ts_top60==0),725a32b275dd,2,42,6,reg_atr_change_rate_ts_bot30,regime,atr_change_rate,volatility,0
(*)|(*)|(reg_atr_change_rate_ts_band25_75==1&reg_atr_change_rate_ts_bot30==1&reg_atr_change_rate_ts_top20==1&reg_atr_change_rate_ts_top40==0&reg_atr_change_rate_ts_top50==0&reg_atr_change_rate_ts_top60==0),07ec0b9ab32b,2,42,16,reg_atr_change_rate_ts_top60,regime,atr_change_rate,volatility,0
(*)|(*)|(reg_atr_change_rate_ts_band25_75==1&reg_atr_change_rate_ts_bot30==1&reg_atr_change_rate_ts_top20==1&reg_atr_change_rate_ts_top40==0&reg_atr_change_rate_ts_top50==0&reg_atr_change_rate_ts_top60==0),07ec0b9ab32b,2,42,12,reg_atr_change_rate_ts_top50,regime,atr_change_rate,volatility,0
(*)|(*)|(reg_atr_change_rate_ts_band25_75==1&reg_atr_change_rate_ts_bot30==1&reg_atr_change_rate_ts_top20==1&reg_atr_change_rate_ts_top40==0&reg_atr_change_rate_ts_top50==0&reg_atr_change_rate_ts_top60==0),07ec0b9ab32b,2,42,8,reg_atr_change_rate_ts_top40,regime,atr_change_rate,volatility,0
(*)|(*)|(reg_atr_change_rate_ts_band25_75==1&reg_atr_change_rate_ts_bot30==1&reg_atr_change_rate_ts_top20==1&reg_atr_change_rate_ts_top40==0&reg_atr_change_rate_ts_top50==0&reg_atr_change_rate_ts_top60==0),07ec0b9ab32b,2,42,0,reg_atr_change_rate_ts_top20,regime,atr_change_rate,volatility,1
(*)|(*)|(reg_atr_change_rate_ts_band25_75==1&reg_atr_change_rate_ts_bot30==1&reg_atr_change_rate_ts_top20==1&reg_atr_change_rate_ts_top40==0&reg_atr_change_rate_ts_top50==0&reg_atr_change_rate_ts_top60==0),07ec0b9ab32b,2,42,30,reg_atr_change_rate_ts_band25_75,regime,atr_change_rate,volatility,1
(*)|(*)|(reg_atr_change_rate_ts_band25_75==1&reg_atr_change_rate_ts_bot30==1&reg_atr_change_rate_ts_top20==1&reg_atr_change_rate_ts_top40==0&reg_atr_change_rate_ts_top50==0&reg_atr_change_rate_ts_top60==0),07ec0b9ab32b,2,42,6,reg_atr_change_rate_ts_bot30,regime,atr_change_rate,volatility,1
(*)|(*)|(reg_atr_change_rate_ts_top40==1&reg_atr_change_rate_ts_top50==0&reg_atr_change_rate_ts_top60==0),bd9d2b879a33,2,42,16,reg_atr_change_rate_ts_top60,regime,atr_change_rate,volatility,0
(*)|(*)|(reg_atr_change_rate_ts_top40==1&reg_atr_change_rate_ts_top50==0&reg_atr_change_rate_ts_top60==0),bd9d2b879a33,2,42,12,reg_atr_change_rate_ts_top50,regime,atr_change_rate,volatility,0
(*)|(*)|(reg_atr_change_rate_ts_top40==1&reg_atr_change_rate_ts_top50==0&reg_atr_change_rate_ts_top60==0),bd9d2b879a33,2,42,8,reg_atr_change_rate_ts_top40,regime,atr_change_rate,volatility,1
(*)|(*)|(reg_atr_change_rate_ts_top50==1&reg_atr_change_rate_ts_top60==0),328c8d2ebeef,2,42,16,reg_atr_change_rate_ts_top60,regime,atr_change_rate,volatility,0
(*)|(*)|(reg_atr_change_rate_ts_top50==1&reg_atr_change_rate_ts_top60==0),328c8d2ebeef,2,42,12,reg_atr_change_rate_ts_top50,regime,atr_change_rate,volatility,1
(*)|(*)|(reg_atr_change_rate_ts_band25_75==0&reg_atr_change_rate_ts_bot70==0&reg_atr_change_rate_ts_top60==1&reg_atr_change_rate_ts_top80==0),dd7f58b9b4a7,2,42,16,reg_atr_change_rate_ts_top60,regime,atr_change_rate,volatility,1
(*)|(*)|(reg_atr_change_rate_ts_band25_75==0&reg_atr_change_rate_ts_bot70==0&reg_atr_change_rate_ts_top60==1&reg_atr_change_rate_ts_top80==0),dd7f58b9b4a7,2,42,22,reg_atr_change_rate_ts_bot70,regime,atr_change_rate,volatility,0
(*)|(*)|(reg_atr_change_rate_ts_band25_75==0&reg_atr_change_rate_ts_bot70==0&reg_atr_change_rate_ts_top60==1&reg_atr_change_rate_ts_top80==0),dd7f58b9b4a7,2,42,30,reg_atr_change_rate_ts_band25_75,regime,atr_change_rate,volatility,0
(*)|(*)|(reg_atr_change_rate_ts_band25_75==0&reg_atr_change_rate_ts_bot70==0&reg_atr_change_rate_ts_top60==1&reg_atr_change_rate_ts_top80==0),dd7f58b9b4a7,2,42,24,reg_atr_change_rate_ts_top80,regime,atr_change_rate,volatility,0
(*)|(*)|(reg_atr_change_rate_ts_band25_75==0&reg_atr_change_rate_ts_bot70==0&reg_atr_change_rate_ts_top60==1&reg_atr_change_rate_ts_top80==1),0e1d5a8f4929,2,42,16,reg_atr_change_rate_ts_top60,regime,atr_change_rate,volatility,1
(*)|(*)|(reg_atr_change_rate_ts_band25_75==0&reg_atr_change_rate_ts_bot70==0&reg_atr_change_rate_ts_top60==1&reg_atr_change_rate_ts_top80==1),0e1d5a8f4929,2,42,22,reg_atr_change_rate_ts_bot70,regime,atr_change_rate,volatility,0
(*)|(*)|(reg_atr_change_rate_ts_band25_75==0&reg_atr_change_rate_ts_bot70==0&reg_atr_change_rate_ts_top60==1&reg_atr_change_rate_ts_top80==1),0e1d5a8f4929,2,42,30,reg_atr_change_rate_ts_band25_75,regime,atr_change_rate,volatility,0
(*)|(*)|(reg_atr_change_rate_ts_band25_75==0&reg_atr_change_rate_ts_bot70==0&reg_atr_change_rate_ts_top60==1&reg_atr_change_rate_ts_top80==1),0e1d5a8f4929,2,42,24,reg_atr_change_rate_ts_top80,regime,atr_change_rate,volatility,1
(*)|(*)|(reg_atr_change_rate_ts_band25_75==1&reg_atr_change_rate_ts_bot70==0&reg_atr_change_rate_ts_top60==1),9673e4b124a8,2,42,16,reg_atr_change_rate_ts_top60,regime,atr_change_rate,volatility,1
(*)|(*)|(reg_atr_change_rate_ts_band25_75==1&reg_atr_change_rate_ts_bot70==0&reg_atr_change_rate_ts_top60==1),9673e4b124a8,2,42,22,reg_atr_change_rate_ts_bot70,regime,atr_change_rate,volatility,0
(*)|(*)|(reg_atr_change_rate_ts_band25_75==1&reg_atr_change_rate_ts_bot70==0&reg_atr_change_rate_ts_top60==1),9673e4b124a8,2,42,30,reg_atr_change_rate_ts_band25_75,regime,atr_change_rate,volatility,1
(*)|(*)|(reg_atr_change_rate_ts_bot70==1&reg_atr_change_rate_ts_top60==1),90abf83ba2bf,2,42,16,reg_atr_change_rate_ts_top60,regime,atr_change_rate,volatility,1
(*)|(*)|(reg_atr_change_rate_ts_bot70==1&reg_atr_change_rate_ts_top60==1),90abf83ba2bf,2,42,22,reg_atr_change_rate_ts_bot70,regime,atr_change_rate,volatility,1
(*)|(*)|(reg_atr_change_rate_ts_top30==1&reg_ema20_gt_ema50_raw==0),95eae378b348,2,42,432,reg_ema20_gt_ema50_raw,regime,ema20_gt_ema50,trend,0
(*)|(*)|(reg_atr_change_rate_ts_top30==1&reg_ema20_gt_ema50_raw==0),95eae378b348,2,42,4,reg_atr_change_rate_ts_top30,regime,atr_change_rate,volatility,1
(*)|(*)|(reg_atr_change_rate_ts_top20==0&reg_ema20_gt_ema50_raw==1),d63c08be17ea,2,42,432,reg_ema20_gt_ema50_raw,regime,ema20_gt_ema50,trend,1
(*)|(*)|(reg_atr_change_rate_ts_top20==0&reg_ema20_gt_ema50_raw==1),d63c08be17ea,2,42,0,reg_atr_change_rate_ts_top20,regime,atr_change_rate,volatility,0
(*)|(*)|(reg_atr_change_rate_ts_band25_75==0&reg_atr_change_rate_ts_top20==1&reg_atr_change_rate_ts_top30==0&reg_ema20_gt_ema50_raw==1),65b787b5e018,2,42,432,reg_ema20_gt_ema50_raw,regime,ema20_gt_ema50,trend,1
(*)|(*)|(reg_atr_change_rate_ts_band25_75==0&reg_atr_change_rate_ts_top20==1&reg_atr_change_rate_ts_top30==0&reg_ema20_gt_ema50_raw==1),65b787b5e018,2,42,0,reg_atr_change_rate_ts_top20,regime,atr_change_rate,volatility,1
(*)|(*)|(reg_atr_change_rate_ts_band25_75==0&reg_atr_change_rate_ts_top20==1&reg_atr_change_rate_ts_top30==0&reg_ema20_gt_ema50_raw==1),65b787b5e018,2,42,4,reg_atr_change_rate_ts_top30,regime,atr_change_rate,volatility,0
(*)|(*)|(reg_atr_change_rate_ts_band25_75==0&reg_atr_change_rate_ts_top20==1&reg_atr_change_rate_ts_top30==0&reg_ema20_gt_ema50_raw==1),65b787b5e018,2,42,30,reg_atr_change_rate_ts_band25_75,regime,atr_change_rate,volatility,0
(*)|(*)|(reg_atr_change_rate_ts_band25_75==1&reg_atr_change_rate_ts_top20==1&reg_atr_change_rate_ts_top30==0&reg_ema20_gt_ema50_raw==1),126005d5ad9a,2,42,432,reg_ema20_gt_ema50_raw,regime,ema20_gt_ema50,trend,1
(*)|(*)|(reg_atr_change_rate_ts_band25_75==1&reg_atr_change_rate_ts_top20==1&reg_atr_change_rate_ts_top30==0&reg_ema20_gt_ema50_raw==1),126005d5ad9a,2,42,0,reg_atr_change_rate_ts_top20,regime,atr_change_rate,volatility,1
(*)|(*)|(reg_atr_change_rate_ts_band25_75==1&reg_atr_change_rate_ts_top20==1&reg_atr_change_rate_ts_top30==0&reg_ema20_gt_ema50_raw==1),126005d5ad9a,2,42,4,reg_atr_change_rate_ts_top30,regime,atr_change_rate,volatility,0
(*)|(*)|(reg_atr_change_rate_ts_band25_75==1&reg_atr_change_rate_ts_top20==1&reg_atr_change_rate_ts_top30==0&reg_ema20_gt_ema50_raw==1),126005d5ad9a,2,42,30,reg_atr_change_rate_ts_band25_75,regime,atr_change_rate,volatility,1
(*)|(*)|(reg_atr_change_rate_ts_top20==1&reg_atr_change_rate_ts_top30==1&reg_atr_change_rate_ts_top40==0&reg_ema20_gt_ema50_raw==1),5c0a9eb47b16,2,42,432,reg_ema20_gt_ema50_raw,regime,ema20_gt_ema50,trend,1
(*)|(*)|(reg_atr_change_rate_ts_top20==1&reg_atr_change_rate_ts_top30==1&reg_atr_change_rate_ts_top40==0&reg_ema20_gt_ema50_raw==1),5c0a9eb47b16,2,42,0,reg_atr_change_rate_ts_top20,regime,atr_change_rate,volatility,1
(*)|(*)|(reg_atr_change_rate_ts_top20==1&reg_atr_change_rate_ts_top30==1&reg_atr_change_rate_ts_top40==0&reg_ema20_gt_ema50_raw==1),5c0a9eb47b16,2,42,4,reg_atr_change_rate_ts_top30,regime,atr_change_rate,volatility,1
(*)|(*)|(reg_atr_change_rate_ts_top20==1&reg_atr_change_rate_ts_top30==1&reg_atr_change_rate_ts_top40==0&reg_ema20_gt_ema50_raw==1),5c0a9eb47b16,2,42,8,reg_atr_change_rate_ts_top40,regime,atr_change_rate,volatility,0
(*)|(*)|(reg_atr_change_rate_ts_top20==1&reg_atr_change_rate_ts_top30==1&reg_atr_change_rate_ts_top40==1&reg_atr_change_rate_ts_top50==0&reg_ema20_gt_ema50_raw==1),ef36754af00f,2,42,432,reg_ema20_gt_ema50_raw,regime,ema20_gt_ema50,trend,1
(*)|(*)|(reg_atr_change_rate_ts_top20==1&reg_atr_change_rate_ts_top30==1&reg_atr_change_rate_ts_top40==1&reg_atr_change_rate_ts_top50==0&reg_ema20_gt_ema50_raw==1),ef36754af00f,2,42,0,reg_atr_change_rate_ts_top20,regime,atr_change_rate,volatility,1
(*)|(*)|(reg_atr_change_rate_ts_top20==1&reg_atr_change_rate_ts_top30==1&reg_atr_change_rate_ts_top40==1&reg_atr_change_rate_ts_top50==0&reg_ema20_gt_ema50_raw==1),ef36754af00f,2,42,4,reg_atr_change_rate_ts_top30,regime,atr_change_rate,volatility,1
(*)|(*)|(reg_atr_change_rate_ts_top20==1&reg_atr_change_rate_ts_top30==1&reg_atr_change_rate_ts_top40==1&reg_atr_change_rate_ts_top50==0&reg_ema20_gt_ema50_raw==1),ef36754af00f,2,42,8,reg_atr_change_rate_ts_top40,regime,atr_change_rate,volatility,1
(*)|(*)|(reg_atr_change_rate_ts_top20==1&reg_atr_change_rate_ts_top30==1&reg_atr_change_rate_ts_top40==1&reg_atr_change_rate_ts_top50==0&reg_ema20_gt_ema50_raw==1),ef36754af00f,2,42,12,reg_atr_change_rate_ts_top50,regime,atr_change_rate,volatility,0
(*)|(*)|(reg_atr_change_rate_ts_top20==1&reg_atr_change_rate_ts_top30==1&reg_atr_change_rate_ts_top40==1&reg_atr_change_rate_ts_top50==1&reg_atr_change_rate_ts_top60==0&reg_ema20_gt_ema50_raw==1),b0e327a881d0,2,42,432,reg_ema20_gt_ema50_raw,regime,ema20_gt_ema50,trend,1
(*)|(*)|(reg_atr_change_rate_ts_top20==1&reg_atr_change_rate_ts_top30==1&reg_atr_change_rate_ts_top40==1&reg_atr_change_rate_ts_top50==1&reg_atr_change_rate_ts_top60==0&reg_ema20_gt_ema50_raw==1),b0e327a881d0,2,42,0,reg_atr_change_rate_ts_top20,regime,atr_change_rate,volatility,1
(*)|(*)|(reg_atr_change_rate_ts_top20==1&reg_atr_change_rate_ts_top30==1&reg_atr_change_rate_ts_top40==1&reg_atr_change_rate_ts_top50==1&reg_atr_change_rate_ts_top60==0&reg_ema20_gt_ema50_raw==1),b0e327a881d0,2,42,4,reg_atr_change_rate_ts_top30,regime,atr_change_rate,volatility,1
(*)|(*)|(reg_atr_change_rate_ts_top20==1&reg_atr_change_rate_ts_top30==1&reg_atr_change_rate_ts_top40==1&reg_atr_change_rate_ts_top50==1&reg_atr_change_rate_ts_top60==0&reg_ema20_gt_ema50_raw==1),b0e327a881d0,2,42,8,reg_atr_change_rate_ts_top40,regime,atr_change_rate,volatility,1
(*)|(*)|(reg_atr_change_rate_ts_top20==1&reg_atr_change_rate_ts_top30==1&reg_atr_change_rate_ts_top40==1&reg_atr_change_rate_ts_top50==1&reg_atr_change_rate_ts_top60==0&reg_ema20_gt_ema50_raw==1),b0e327a881d0,2,42,12,reg_atr_change_rate_ts_top50,regime,atr_change_rate,volatility,1
(*)|(*)|(reg_atr_change_rate_ts_top20==1&reg_atr_change_rate_ts_top30==1&reg_atr_change_rate_ts_top40==1&reg_atr_change_rate_ts_top50==1&reg_atr_change_rate_ts_top60==0&reg_ema20_gt_ema50_raw==1),b0e327a881d0,2,42,16,reg_atr_change_rate_ts_top60,regime,atr_change_rate,volatility,0
(*)|(*)|(reg_atr_change_rate_ts_top20==1&reg_atr_change_rate_ts_top30==1&reg_atr_change_rate_ts_top40==1&reg_atr_change_rate_ts_top50==1&reg_atr_change_rate_ts_top60==1&reg_ema20_gt_ema50_raw==1),89046511df84,2,42,432,reg_ema20_gt_ema50_raw,regime,ema20_gt_ema50,trend,1
(*)|(*)|(reg_atr_change_rate_ts_top20==1&reg_atr_change_rate_ts_top30==1&reg_atr_change_rate_ts_top40==1&reg_atr_change_rate_ts_top50==1&reg_atr_change_rate_ts_top60==1&reg_ema20_gt_ema50_raw==1),89046511df84,2,42,0,reg_atr_change_rate_ts_top20,regime,atr_change_rate,volatility,1
(*)|(*)|(reg_atr_change_rate_ts_top20==1&reg_atr_change_rate_ts_top30==1&reg_atr_change_rate_ts_top40==1&reg_atr_change_rate_ts_top50==1&reg_atr_change_rate_ts_top60==1&reg_ema20_gt_ema50_raw==1),89046511df84,2,42,4,reg_atr_change_rate_ts_top30,regime,atr_change_rate,volatility,1
(*)|(*)|(reg_atr_change_rate_ts_top20==1&reg_atr_change_rate_ts_top30==1&reg_atr_change_rate_ts_top40==1&reg_atr_change_rate_ts_top50==1&reg_atr_change_rate_ts_top60==1&reg_ema20_gt_ema50_raw==1),89046511df84,2,42,8,reg_atr_change_rate_ts_top40,regime,atr_change_rate,volatility,1
(*)|(*)|(reg_atr_change_rate_ts_top20==1&reg_atr_change_rate_ts_top30==1&reg_atr_change_rate_ts_top40==1&reg_atr_change_rate_ts_top50==1&reg_atr_change_rate_ts_top60==1&reg_ema20_gt_ema50_raw==1),89046511df84,2,42,12,reg_atr_change_rate_ts_top50,regime,atr_change_rate,volatility,1
(*)|(*)|(reg_atr_change_rate_ts_top20==1&reg_atr_change_rate_ts_top30==1&reg_atr_change_rate_ts_top40==1&reg_atr_change_rate_ts_top50==1&reg_atr_change_rate_ts_top60==1&reg_ema20_gt_ema50_raw==1),89046511df84,2,42,16,reg_atr_change_rate_ts_top60,regime,atr_change_rate,volatility,1
(*)|(*)|(reg_atr_change_rate_ts_top20==0&reg_ema50_gt_ema200_raw==1),4d3ab61297c5,2,42,0,reg_atr_change_rate_ts_top20,regime,atr_change_rate,volatility,0
(*)|(*)|(reg_atr_change_rate_ts_top20==0&reg_ema50_gt_ema200_raw==1),4d3ab61297c5,2,42,506,reg_ema50_gt_ema200_raw,regime,ema50_gt_ema200,trend,1
(*)|(loc_dist_ema20_atr_ts_top30==0&loc_dist_ema20_atr_ts_top40==0&loc_dist_ema20_atr_ts_top60==0)|(reg_atr_change_rate_ts_top20==1&reg_atr_change_rate_ts_top50==0&reg_atr_change_rate_ts_top70==0),da6b2b841dec,2,42,0,reg_atr_change_rate_ts_top20,regime,atr_change_rate,volatility,1
(*)|(loc_dist_ema20_atr_ts_top30==0&loc_dist_ema20_atr_ts_top40==0&loc_dist_ema20_atr_ts_top60==0)|(reg_atr_change_rate_ts_top20==1&reg_atr_change_rate_ts_top50==0&reg_atr_change_rate_ts_top70==0),da6b2b841dec,2,42,20,reg_atr_change_rate_ts_top70,regime,atr_change_rate,volatility,0
(*)|(loc_dist_ema20_atr_ts_top30==0&loc_dist_ema20_atr_ts_top40==0&loc_dist_ema20_atr_ts_top60==0)|(reg_atr_change_rate_ts_top20==1&reg_atr_change_rate_ts_top50==0&reg_atr_change_rate_ts_top70==0),da6b2b841dec,2,42,12,reg_atr_change_rate_ts_top50,regime,atr_change_rate,volatility,0
(*)|(loc_dist_ema20_atr_ts_top30==0&loc_dist_ema20_atr_ts_top40==0&loc_dist_ema20_atr_ts_top60==0)|(reg_atr_change_rate_ts_top20==1&reg_atr_change_rate_ts_top50==0&reg_atr_change_rate_ts_top70==0),da6b2b841dec,2,42,17,loc_dist_ema20_atr_ts_top60,location,dist_ema20_atr,context,0
(*)|(loc_dist_ema20_atr_ts_top30==0&loc_dist_ema20_atr_ts_top40==0&loc_dist_ema20_atr_ts_top60==0)|(reg_atr_change_rate_ts_top20==1&reg_atr_change_rate_ts_top50==0&reg_atr_change_rate_ts_top70==0),da6b2b841dec,2,42,9,loc_dist_ema20_atr_ts_top40,location,dist_ema20_atr,context,0
(*)|(loc_dist_ema20_atr_ts_top30==0&loc_dist_ema20_atr_ts_top40==0&loc_dist_ema20_atr_ts_top60==0)|(reg_atr_change_rate_ts_top20==1&reg_atr_change_rate_ts_top50==0&reg_atr_change_rate_ts_top70==0),da6b2b841dec,2,42,5,loc_dist_ema20_atr_ts_top30,location,dist_ema20_atr,context,0
(*)|(loc_dist_ema20_atr_ts_top30==1&loc_dist_ema20_atr_ts_top40==0&loc_dist_ema20_atr_ts_top60==0)|(reg_atr_change_rate_ts_top20==1&reg_atr_change_rate_ts_top50==0&reg_atr_change_rate_ts_top70==0),5937a3361530,2,42,0,reg_atr_change_rate_ts_top20,regime,atr_change_rate,volatility,1
(*)|(loc_dist_ema20_atr_ts_top30==1&loc_dist_ema20_atr_ts_top40==0&loc_dist_ema20_atr_ts_top60==0)|(reg_atr_change_rate_ts_top20==1&reg_atr_change_rate_ts_top50==0&reg_atr_change_rate_ts_top70==0),5937a3361530,2,42,20,reg_atr_change_rate_ts_top70,regime,atr_change_rate,volatility,0
(*)|(loc_dist_ema20_atr_ts_top30==1&loc_dist_ema20_atr_ts_top40==0&loc_dist_ema20_atr_ts_top60==0)|(reg_atr_change_rate_ts_top20==1&reg_atr_change_rate_ts_top50==0&reg_atr_change_rate_ts_top70==0),5937a3361530,2,42,12,reg_atr_change_rate_ts_top50,regime,atr_change_rate,volatility,0
(*)|(loc_dist_ema20_atr_ts_top30==1&loc_dist_ema20_atr_ts_top40==0&loc_dist_ema20_atr_ts_top60==0)|(reg_atr_change_rate_ts_top20==1&reg_atr_change_rate_ts_top50==0&reg_atr_change_rate_ts_top70==0),5937a3361530,2,42,17,loc_dist_ema20_atr_ts_top60,location,dist_ema20_atr,context,0
(*)|(loc_dist_ema20_atr_ts_top30==1&loc_dist_ema20_atr_ts_top40==0&loc_dist_ema20_atr_ts_top60==0)|(reg_atr_change_rate_ts_top20==1&reg_atr_change_rate_ts_top50==0&reg_atr_change_rate_ts_top70==0),5937a3361530,2,42,9,loc_dist_ema20_atr_ts_top40,location,dist_ema20_atr,context,0
(*)|(loc_dist_ema20_atr_ts_top30==1&loc_dist_ema20_atr_ts_top40==0&loc_dist_ema20_atr_ts_top60==0)|(reg_atr_change_rate_ts_top20==1&reg_atr_change_rate_ts_top50==0&reg_atr_change_rate_ts_top70==0),5937a3361530,2,42,5,loc_dist_ema20_atr_ts_top30,location,dist_ema20_atr,context,1
(*)|(loc_dist_ema20_atr_ts_top40==1&loc_dist_ema20_atr_ts_top60==0)|(reg_atr_change_rate_ts_top20==1&reg_atr_change_rate_ts_top50==0&reg_atr_change_rate_ts_top70==0),2791c858825f,2,42,0,reg_atr_change_rate_ts_top20,regime,atr_change_rate,volatility,1
(*)|(loc_dist_ema20_atr_ts_top40==1&loc_dist_ema20_atr_ts_top60==0)|(reg_atr_change_rate_ts_top20==1&reg_atr_change_rate_ts_top50==0&reg_atr_change_rate_ts_top70==0),2791c858825f,2,42,20,reg_atr_change_rate_ts_top70,regime,atr_change_rate,volatility,0
(*)|(loc_dist_ema20_atr_ts_top40==1&loc_dist_ema20_atr_ts_top60==0)|(reg_atr_change_rate_ts_top20==1&reg_atr_change_rate_ts_top50==0&reg_atr_change_rate_ts_top70==0),2791c858825f,2,42,12,reg_atr_change_rate_ts_top50,regime,atr_change_rate,volatility,0
(*)|(loc_dist_ema20_atr_ts_top40==1&loc_dist_ema20_atr_ts_top60==0)|(reg_atr_change_rate_ts_top20==1&reg_atr_change_rate_ts_top50==0&reg_atr_change_rate_ts_top70==0),2791c858825f,2,42,17,loc_dist_ema20_atr_ts_top60,location,dist_ema20_atr,context,0
(*)|(loc_dist_ema20_atr_ts_top40==1&loc_dist_ema20_atr_ts_top60==0)|(reg_atr_change_rate_ts_top20==1&reg_atr_change_rate_ts_top50==0&reg_atr_change_rate_ts_top70==0),2791c858825f,2,42,9,loc_dist_ema20_atr_ts_top40,location,dist_ema20_atr,context,1
(*)|(loc_dist_ema20_atr_ts_top60==0)|(reg_atr_change_rate_ts_top20==1&reg_atr_change_rate_ts_top50==1&reg_atr_change_rate_ts_top70==0),26f4573fa0b3,2,42,0,reg_atr_change_rate_ts_top20,regime,atr_change_rate,volatility,1
(*)|(loc_dist_ema20_atr_ts_top60==0)|(reg_atr_change_rate_ts_top20==1&reg_atr_change_rate_ts_top50==1&reg_atr_change_rate_ts_top70==0),26f4573fa0b3,2,42,20,reg_atr_change_rate_ts_top70,regime,atr_change_rate,volatility,0
(*)|(loc_dist_ema20_atr_ts_top60==0)|(reg_atr_change_rate_ts_top20==1&reg_atr_change_rate_ts_top50==1&reg_atr_change_rate_ts_top70==0),26f4573fa0b3,2,42,12,reg_atr_change_rate_ts_top50,regime,atr_change_rate,volatility,1
(*)|(loc_dist_ema20_atr_ts_top60==0)|(reg_atr_change_rate_ts_top20==1&reg_atr_change_rate_ts_top50==1&reg_atr_change_rate_ts_top70==0),26f4573fa0b3,2,42,17,loc_dist_ema20_atr_ts_top60,location,dist_ema20_atr,context,0
(*)|(loc_dist_ema20_atr_ts_top60==1)|(reg_atr_change_rate_ts_top20==1&reg_atr_change_rate_ts_top70==0),62889b69a414,2,42,0,reg_atr_change_rate_ts_top20,regime,atr_change_rate,volatility,1
(*)|(loc_dist_ema20_atr_ts_top60==1)|(reg_atr_change_rate_ts_top20==1&reg_atr_change_rate_ts_top70==0),62889b69a414,2,42,20,reg_atr_change_rate_ts_top70,regime,atr_change_rate,volatility,0
(*)|(loc_dist_ema20_atr_ts_top60==1)|(reg_atr_change_rate_ts_top20==1&reg_atr_change_rate_ts_top70==0),62889b69a414,2,42,17,loc_dist_ema20_atr_ts_top60,location,dist_ema20_atr,context,1
(*)|(*)|(reg_atr_change_rate_ts_band25_75==0&reg_atr_change_rate_ts_top20==1&reg_atr_change_rate_ts_top70==1&reg_atr_change_rate_ts_top80==0),cab77165230c,2,42,0,reg_atr_change_rate_ts_top20,regime,atr_change_rate,volatility,1
(*)|(*)|(reg_atr_change_rate_ts_band25_75==0&reg_atr_change_rate_ts_top20==1&reg_atr_change_rate_ts_top70==1&reg_atr_change_rate_ts_top80==0),cab77165230c,2,42,20,reg_atr_change_rate_ts_top70,regime,atr_change_rate,volatility,1
(*)|(*)|(reg_atr_change_rate_ts_band25_75==0&reg_atr_change_rate_ts_top20==1&reg_atr_change_rate_ts_top70==1&reg_atr_change_rate_ts_top80==0),cab77165230c,2,42,30,reg_atr_change_rate_ts_band25_75,regime,atr_change_rate,volatility,0
(*)|(*)|(reg_atr_change_rate_ts_band25_75==0&reg_atr_change_rate_ts_top20==1&reg_atr_change_rate_ts_top70==1&reg_atr_change_rate_ts_top80==0),cab77165230c,2,42,24,reg_atr_change_rate_ts_top80,regime,atr_change_rate,volatility,0
(*)|(*)|(reg_atr_change_rate_ts_band25_75==0&reg_atr_change_rate_ts_top20==1&reg_atr_change_rate_ts_top70==1&reg_atr_change_rate_ts_top80==1),968143fe328d,2,42,0,reg_atr_change_rate_ts_top20,regime,atr_change_rate,volatility,1
(*)|(*)|(reg_atr_change_rate_ts_band25_75==0&reg_atr_change_rate_ts_top20==1&reg_atr_change_rate_ts_top70==1&reg_atr_change_rate_ts_top80==1),968143fe328d,2,42,20,reg_atr_change_rate_ts_top70,regime,atr_change_rate,volatility,1
(*)|(*)|(reg_atr_change_rate_ts_band25_75==0&reg_atr_change_rate_ts_top20==1&reg_atr_change_rate_ts_top70==1&reg_atr_change_rate_ts_top80==1),968143fe328d,2,42,30,reg_atr_change_rate_ts_band25_75,regime,atr_change_rate,volatility,0
(*)|(*)|(reg_atr_change_rate_ts_band25_75==0&reg_atr_change_rate_ts_top20==1&reg_atr_change_rate_ts_top70==1&reg_atr_change_rate_ts_top80==1),968143fe328d,2,42,24,reg_atr_change_rate_ts_top80,regime,atr_change_rate,volatility,1
(*)|(*)|(reg_atr_change_rate_ts_band25_75==1&reg_atr_change_rate_ts_top20==1&reg_atr_change_rate_ts_top70==1),c82d54e07f16,2,42,0,reg_atr_change_rate_ts_top20,regime,atr_change_rate,volatility,1
(*)|(*)|(reg_atr_change_rate_ts_band25_75==1&reg_atr_change_rate_ts_top20==1&reg_atr_change_rate_ts_top70==1),c82d54e07f16,2,42,20,reg_atr_change_rate_ts_top70,regime,atr_change_rate,volatility,1
(*)|(*)|(reg_atr_change_rate_ts_band25_75==1&reg_atr_change_rate_ts_top20==1&reg_atr_change_rate_ts_top70==1),c82d54e07f16,2,42,30,reg_atr_change_rate_ts_band25_75,regime,atr_change_rate,volatility,1
(*)|(loc_dist_ema20_atr_ts_top50==0)|(reg_atr_change_rate_ts_band25_75==0&reg_atr_change_rate_ts_top20==0&reg_atr_change_rate_ts_top30==0&reg_atr_change_rate_ts_top60==0&reg_ema20_gt_ema50_raw==1),8276e71d0bc3,2,42,16,reg_atr_change_rate_ts_top60,regime,atr_change_rate,volatility,0
(*)|(loc_dist_ema20_atr_ts_top50==0)|(reg_atr_change_rate_ts_band25_75==0&reg_atr_change_rate_ts_top20==0&reg_atr_change_rate_ts_top30==0&reg_atr_change_rate_ts_top60==0&reg_ema20_gt_ema50_raw==1),8276e71d0bc3,2,42,432,reg_ema20_gt_ema50_raw,regime,ema20_gt_ema50,trend,1
(*)|(loc_dist_ema20_atr_ts_top50==0)|(reg_atr_change_rate_ts_band25_75==0&reg_atr_change_rate_ts_top20==0&reg_atr_change_rate_ts_top30==0&reg_atr_change_rate_ts_top60==0&reg_ema20_gt_ema50_raw==1),8276e71d0bc3,2,42,4,reg_atr_change_rate_ts_top30,regime,atr_change_rate,volatility,0
(*)|(loc_dist_ema20_atr_ts_top50==0)|(reg_atr_change_rate_ts_band25_75==0&reg_atr_change_rate_ts_top20==0&reg_atr_change_rate_ts_top30==0&reg_atr_change_rate_ts_top60==0&reg_ema20_gt_ema50_raw==1),8276e71d0bc3,2,42,30,reg_atr_change_rate_ts_band25_75,regime,atr_change_rate,volatility,0
(*)|(loc_dist_ema20_atr_ts_top50==0)|(reg_atr_change_rate_ts_band25_75==0&reg_atr_change_rate_ts_top20==0&reg_atr_change_rate_ts_top30==0&reg_atr_change_rate_ts_top60==0&reg_ema20_gt_ema50_raw==1),8276e71d0bc3,2,42,0,reg_atr_change_rate_ts_top20,regime,atr_change_rate,volatility,0
(*)|(loc_dist_ema20_atr_ts_top50==0)|(reg_atr_change_rate_ts_band25_75==0&reg_atr_change_rate_ts_top20==0&reg_atr_change_rate_ts_top30==0&reg_atr_change_rate_ts_top60==0&reg_ema20_gt_ema50_raw==1),8276e71d0bc3,2,42,13,loc_dist_ema20_atr_ts_top50,location,dist_ema20_atr,context,0
(*)|(loc_dist_ema20_atr_ts_top50==0)|(reg_atr_change_rate_ts_band25_75==0&reg_atr_change_rate_ts_top20==1&reg_atr_change_rate_ts_top30==0&reg_atr_change_rate_ts_top60==0&reg_ema20_gt_ema50_raw==1),149f4f457856,2,42,16,reg_atr_change_rate_ts_top60,regime,atr_change_rate,volatility,0
(*)|(loc_dist_ema20_atr_ts_top50==0)|(reg_atr_change_rate_ts_band25_75==0&reg_atr_change_rate_ts_top20==1&reg_atr_change_rate_ts_top30==0&reg_atr_change_rate_ts_top60==0&reg_ema20_gt_ema50_raw==1),149f4f457856,2,42,432,reg_ema20_gt_ema50_raw,regime,ema20_gt_ema50,trend,1
(*)|(loc_dist_ema20_atr_ts_top50==0)|(reg_atr_change_rate_ts_band25_75==0&reg_atr_change_rate_ts_top20==1&reg_atr_change_rate_ts_top30==0&reg_atr_change_rate_ts_top60==0&reg_ema20_gt_ema50_raw==1),149f4f457856,2,42,4,reg_atr_change_rate_ts_top30,regime,atr_change_rate,volatility,0
(*)|(loc_dist_ema20_atr_ts_top50==0)|(reg_atr_change_rate_ts_band25_75==0&reg_atr_change_rate_ts_top20==1&reg_atr_change_rate_ts_top30==0&reg_atr_change_rate_ts_top60==0&reg_ema20_gt_ema50_raw==1),149f4f457856,2,42,30,reg_atr_change_rate_ts_band25_75,regime,atr_change_rate,volatility,0
(*)|(loc_dist_ema20_atr_ts_top50==0)|(reg_atr_change_rate_ts_band25_75==0&reg_atr_change_rate_ts_top20==1&reg_atr_change_rate_ts_top30==0&reg_atr_change_rate_ts_top60==0&reg_ema20_gt_ema50_raw==1),149f4f457856,2,42,0,reg_atr_change_rate_ts_top20,regime,atr_change_rate,volatility,1
(*)|(loc_dist_ema20_atr_ts_top50==0)|(reg_atr_change_rate_ts_band25_75==0&reg_atr_change_rate_ts_top20==1&reg_atr_change_rate_ts_top30==0&reg_atr_change_rate_ts_top60==0&reg_ema20_gt_ema50_raw==1),149f4f457856,2,42,13,loc_dist_ema20_atr_ts_top50,location,dist_ema20_atr,context,0
(*)|(loc_dist_ema20_atr_ts_top50==0)|(reg_atr_change_rate_ts_band25_75==1&reg_atr_change_rate_ts_top30==0&reg_atr_change_rate_ts_top60==0&reg_ema20_gt_ema50_raw==1),2860e7860267,2,42,16,reg_atr_change_rate_ts_top60,regime,atr_change_rate,volatility,0
(*)|(loc_dist_ema20_atr_ts_top50==0)|(reg_atr_change_rate_ts_band25_75==1&reg_atr_change_rate_ts_top30==0&reg_atr_change_rate_ts_top60==0&reg_ema20_gt_ema50_raw==1),2860e7860267,2,42,432,reg_ema20_gt_ema50_raw,regime,ema20_gt_ema50,trend,1
(*)|(loc_dist_ema20_atr_ts_top50==0)|(reg_atr_change_rate_ts_band25_75==1&reg_atr_change_rate_ts_top30==0&reg_atr_change_rate_ts_top60==0&reg_ema20_gt_ema50_raw==1),2860e7860267,2,42,4,reg_atr_change_rate_ts_top30,regime,atr_change_rate,volatility,0
(*)|(loc_dist_ema20_atr_ts_top50==0)|(reg_atr_change_rate_ts_band25_75==1&reg_atr_change_rate_ts_top30==0&reg_atr_change_rate_ts_top60==0&reg_ema20_gt_ema50_raw==1),2860e7860267,2,42,30,reg_atr_change_rate_ts_band25_75,regime,atr_change_rate,volatility,1
(*)|(loc_dist_ema20_atr_ts_top50==0)|(reg_atr_change_rate_ts_band25_75==1&reg_atr_change_rate_ts_top30==0&reg_atr_change_rate_ts_top60==0&reg_ema20_gt_ema50_raw==1),2860e7860267,2,42,13,loc_dist_ema20_atr_ts_top50,location,dist_ema20_atr,context,0
(*)|(loc_dist_ema20_atr_ts_top50==0)|(reg_atr_change_rate_ts_top30==1&reg_atr_change_rate_ts_top40==0&reg_atr_change_rate_ts_top60==0&reg_ema20_gt_ema50_raw==1),28fe8204566a,2,42,16,reg_atr_change_rate_ts_top60,regime,atr_change_rate,volatility,0
(*)|(loc_dist_ema20_atr_ts_top50==0)|(reg_atr_change_rate_ts_top30==1&reg_atr_change_rate_ts_top40==0&reg_atr_change_rate_ts_top60==0&reg_ema20_gt_ema50_raw==1),28fe8204566a,2,42,432,reg_ema20_gt_ema50_raw,regime,ema20_gt_ema50,trend,1
(*)|(loc_dist_ema20_atr_ts_top50==0)|(reg_atr_change_rate_ts_top30==1&reg_atr_change_rate_ts_top40==0&reg_atr_change_rate_ts_top60==0&reg_ema20_gt_ema50_raw==1),28fe8204566a,2,42,4,reg_atr_change_rate_ts_top30,regime,atr_change_rate,volatility,1
(*)|(loc_dist_ema20_atr_ts_top50==0)|(reg_atr_change_rate_ts_top30==1&reg_atr_change_rate_ts_top40==0&reg_atr_change_rate_ts_top60==0&reg_ema20_gt_ema50_raw==1),28fe8204566a,2,42,8,reg_atr_change_rate_ts_top40,regime,atr_change_rate,volatility,0
(*)|(loc_dist_ema20_atr_ts_top50==0)|(reg_atr_change_rate_ts_top30==1&reg_atr_change_rate_ts_top40==0&reg_atr_change_rate_ts_top60==0&reg_ema20_gt_ema50_raw==1),28fe8204566a,2,42,13,loc_dist_ema20_atr_ts_top50,location,dist_ema20_atr,context,0
(*)|(loc_dist_ema20_atr_ts_top50==0)|(reg_atr_change_rate_ts_top30==1&reg_atr_change_rate_ts_top40==1&reg_atr_change_rate_ts_top60==0&reg_ema20_gt_ema50_raw==1),3b21c7f61cb2,2,42,16,reg_atr_change_rate_ts_top60,regime,atr_change_rate,volatility,0
(*)|(loc_dist_ema20_atr_ts_top50==0)|(reg_atr_change_rate_ts_top30==1&reg_atr_change_rate_ts_top40==1&reg_atr_change_rate_ts_top60==0&reg_ema20_gt_ema50_raw==1),3b21c7f61cb2,2,42,432,reg_ema20_gt_ema50_raw,regime,ema20_gt_ema50,trend,1
(*)|(loc_dist_ema20_atr_ts_top50==0)|(reg_atr_change_rate_ts_top30==1&reg_atr_change_rate_ts_top40==1&reg_atr_change_rate_ts_top60==0&reg_ema20_gt_ema50_raw==1),3b21c7f61cb2,2,42,4,reg_atr_change_rate_ts_top30,regime,atr_change_rate,volatility,1
(*)|(loc_dist_ema20_atr_ts_top50==0)|(reg_atr_change_rate_ts_top30==1&reg_atr_change_rate_ts_top40==1&reg_atr_change_rate_ts_top60==0&reg_ema20_gt_ema50_raw==1),3b21c7f61cb2,2,42,8,reg_atr_change_rate_ts_top40,regime,atr_change_rate,volatility,1
(*)|(loc_dist_ema20_atr_ts_top50==0)|(reg_atr_change_rate_ts_top30==1&reg_atr_change_rate_ts_top40==1&reg_atr_change_rate_ts_top60==0&reg_ema20_gt_ema50_raw==1),3b21c7f61cb2,2,42,13,loc_dist_ema20_atr_ts_top50,location,dist_ema20_atr,context,0
(*)|(loc_dist_ema20_atr_ts_top50==1)|(reg_atr_change_rate_ts_top60==0&reg_ema20_gt_ema50_raw==1),1ca84221c7f2,2,42,16,reg_atr_change_rate_ts_top60,regime,atr_change_rate,volatility,0
(*)|(loc_dist_ema20_atr_ts_top50==1)|(reg_atr_change_rate_ts_top60==0&reg_ema20_gt_ema50_raw==1),1ca84221c7f2,2,42,432,reg_ema20_gt_ema50_raw,regime,ema20_gt_ema50,trend,1
(*)|(loc_dist_ema20_atr_ts_top50==1)|(reg_atr_change_rate_ts_top60==0&reg_ema20_gt_ema50_raw==1),1ca84221c7f2,2,42,13,loc_dist_ema20_atr_ts_top50,location,dist_ema20_atr,context,1
(*)|(*)|(reg_atr_change_rate_ts_band25_75==0&reg_atr_change_rate_ts_bot70==0&reg_atr_change_rate_ts_top60==1&reg_atr_change_rate_ts_top80==0),e0121fc1b3ac,2,42,16,reg_atr_change_rate_ts_top60,regime,atr_change_rate,volatility,1
(*)|(*)|(reg_atr_change_rate_ts_band25_75==0&reg_atr_change_rate_ts_bot70==0&reg_atr_change_rate_ts_top60==1&reg_atr_change_rate_ts_top80==0),e0121fc1b3ac,2,42,22,reg_atr_change_rate_ts_bot70,regime,atr_change_rate,volatility,0
(*)|(*)|(reg_atr_change_rate_ts_band25_75==0&reg_atr_change_rate_ts_bot70==0&reg_atr_change_rate_ts_top60==1&reg_atr_change_rate_ts_top80==0),e0121fc1b3ac,2,42,30,reg_atr_change_rate_ts_band25_75,regime,atr_change_rate,volatility,0
(*)|(*)|(reg_atr_change_rate_ts_band25_75==0&reg_atr_change_rate_ts_bot70==0&reg_atr_change_rate_ts_top60==1&reg_atr_change_rate_ts_top80==0),e0121fc1b3ac,2,42,24,reg_atr_change_rate_ts_top80,regime,atr_change_rate,volatility,0
(*)|(*)|(reg_atr_change_rate_ts_band25_75==0&reg_atr_change_rate_ts_bot70==0&reg_atr_change_rate_ts_top60==1&reg_atr_change_rate_ts_top80==1),a5d225137475,2,42,16,reg_atr_change_rate_ts_top60,regime,atr_change_rate,volatility,1
(*)|(*)|(reg_atr_change_rate_ts_band25_75==0&reg_atr_change_rate_ts_bot70==0&reg_atr_change_rate_ts_top60==1&reg_atr_change_rate_ts_top80==1),a5d225137475,2,42,22,reg_atr_change_rate_ts_bot70,regime,atr_change_rate,volatility,0
(*)|(*)|(reg_atr_change_rate_ts_band25_75==0&reg_atr_change_rate_ts_bot70==0&reg_atr_change_rate_ts_top60==1&reg_atr_change_rate_ts_top80==1),a5d225137475,2,42,30,reg_atr_change_rate_ts_band25_75,regime,atr_change_rate,volatility,0
(*)|(*)|(reg_atr_change_rate_ts_band25_75==0&reg_atr_change_rate_ts_bot70==0&reg_atr_change_rate_ts_top60==1&reg_atr_change_rate_ts_top80==1),a5d225137475,2,42,24,reg_atr_change_rate_ts_top80,regime,atr_change_rate,volatility,1
(*)|(*)|(reg_atr_change_rate_ts_band25_75==1&reg_atr_change_rate_ts_bot70==0&reg_atr_change_rate_ts_top60==1),521ef17ec0cf,2,42,16,reg_atr_change_rate_ts_top60,regime,atr_change_rate,volatility,1
(*)|(*)|(reg_atr_change_rate_ts_band25_75==1&reg_atr_change_rate_ts_bot70==0&reg_atr_change_rate_ts_top60==1),521ef17ec0cf,2,42,22,reg_atr_change_rate_ts_bot70,regime,atr_change_rate,volatility,0
(*)|(*)|(reg_atr_change_rate_ts_band25_75==1&reg_atr_change_rate_ts_bot70==0&reg_atr_change_rate_ts_top60==1),521ef17ec0cf,2,42,30,reg_atr_change_rate_ts_band25_75,regime,atr_change_rate,volatility,1
(*)|(*)|(reg_atr_change_rate_ts_bot70==1&reg_atr_change_rate_ts_top60==1),7891e6a9e4a4,2,42,16,reg_atr_change_rate_ts_top60,regime,atr_change_rate,volatility,1
(*)|(*)|(reg_atr_change_rate_ts_bot70==1&reg_atr_change_rate_ts_top60==1),7891e6a9e4a4,2,42,22,reg_atr_change_rate_ts_bot70,regime,atr_change_rate,volatility,1
(*)|(*)|(reg_atr_change_rate_ts_top20==0&reg_ema20_gt_ema50_raw==1),aa53d5e796d1,2,42,0,reg_atr_change_rate_ts_top20,regime,atr_change_rate,volatility,0
(*)|(*)|(reg_atr_change_rate_ts_top20==0&reg_ema20_gt_ema50_raw==1),aa53d5e796d1,2,42,432,reg_ema20_gt_ema50_raw,regime,ema20_gt_ema50,trend,1
(*)|(*)|(reg_atr_change_rate_ts_band40_60==0&reg_atr_change_rate_ts_top20==1&reg_ema20_gt_ema50_raw==0),6ca134ff199a,2,42,0,reg_atr_change_rate_ts_top20,regime,atr_change_rate,volatility,1
(*)|(*)|(reg_atr_change_rate_ts_band40_60==0&reg_atr_change_rate_ts_top20==1&reg_ema20_gt_ema50_raw==0),6ca134ff199a,2,42,34,reg_atr_change_rate_ts_band40_60,regime,atr_change_rate,volatility,0
(*)|(*)|(reg_atr_change_rate_ts_band40_60==0&reg_atr_change_rate_ts_top20==1&reg_ema20_gt_ema50_raw==0),6ca134ff199a,2,42,432,reg_ema20_gt_ema50_raw,regime,ema20_gt_ema50,trend,0
(*)|(loc_dist_ema20_atr_ts_top80==0)|(reg_atr_change_rate_ts_band25_75==0&reg_atr_change_rate_ts_band30_70==0&reg_atr_change_rate_ts_band40_60==0&reg_atr_change_rate_ts_top20==1&reg_ema20_gt_ema50_raw==1),6af512e1f39a,2,42,0,reg_atr_change_rate_ts_top20,regime,atr_change_rate,volatility,1
(*)|(loc_dist_ema20_atr_ts_top80==0)|(reg_atr_change_rate_ts_band25_75==0&reg_atr_change_rate_ts_band30_70==0&reg_atr_change_rate_ts_band40_60==0&reg_atr_change_rate_ts_top20==1&reg_ema20_gt_ema50_raw==1),6af512e1f39a,2,42,34,reg_atr_change_rate_ts_band40_60,regime,atr_change_rate,volatility,0
(*)|(loc_dist_ema20_atr_ts_top80==0)|(reg_atr_change_rate_ts_band25_75==0&reg_atr_change_rate_ts_band30_70==0&reg_atr_change_rate_ts_band40_60==0&reg_atr_change_rate_ts_top20==1&reg_ema20_gt_ema50_raw==1),6af512e1f39a,2,42,432,reg_ema20_gt_ema50_raw,regime,ema20_gt_ema50,trend,1
(*)|(loc_dist_ema20_atr_ts_top80==0)|(reg_atr_change_rate_ts_band25_75==0&reg_atr_change_rate_ts_band30_70==0&reg_atr_change_rate_ts_band40_60==0&reg_atr_change_rate_ts_top20==1&reg_ema20_gt_ema50_raw==1),6af512e1f39a,2,42,32,reg_atr_change_rate_ts_band30_70,regime,atr_change_rate,volatility,0
(*)|(loc_dist_ema20_atr_ts_top80==0)|(reg_atr_change_rate_ts_band25_75==0&reg_atr_change_rate_ts_band30_70==0&reg_atr_change_rate_ts_band40_60==0&reg_atr_change_rate_ts_top20==1&reg_ema20_gt_ema50_raw==1),6af512e1f39a,2,42,30,reg_atr_change_rate_ts_band25_75,regime,atr_change_rate,volatility,0
(*)|(loc_dist_ema20_atr_ts_top80==0)|(reg_atr_change_rate_ts_band25_75==0&reg_atr_change_rate_ts_band30_70==0&reg_atr_change_rate_ts_band40_60==0&reg_atr_change_rate_ts_top20==1&reg_ema20_gt_ema50_raw==1),6af512e1f39a,2,42,25,loc_dist_ema20_atr_ts_top80,location,dist_ema20_atr,context,0
(*)|(loc_dist_ema20_atr_ts_top80==1)|(reg_atr_change_rate_ts_band25_75==0&reg_atr_change_rate_ts_band30_70==0&reg_atr_change_rate_ts_band40_60==0&reg_atr_change_rate_ts_top20==1&reg_ema20_gt_ema50_raw==1),5808746b9dba,2,42,0,reg_atr_change_rate_ts_top20,regime,atr_change_rate,volatility,1
(*)|(loc_dist_ema20_atr_ts_top80==1)|(reg_atr_change_rate_ts_band25_75==0&reg_atr_change_rate_ts_band30_70==0&reg_atr_change_rate_ts_band40_60==0&reg_atr_change_rate_ts_top20==1&reg_ema20_gt_ema50_raw==1),5808746b9dba,2,42,34,reg_atr_change_rate_ts_band40_60,regime,atr_change_rate,volatility,0
(*)|(loc_dist_ema20_atr_ts_top80==1)|(reg_atr_change_rate_ts_band25_75==0&reg_atr_change_rate_ts_band30_70==0&reg_atr_change_rate_ts_band40_60==0&reg_atr_change_rate_ts_top20==1&reg_ema20_gt_ema50_raw==1),5808746b9dba,2,42,432,reg_ema20_gt_ema50_raw,regime,ema20_gt_ema50,trend,1
(*)|(loc_dist_ema20_atr_ts_top80==1)|(reg_atr_change_rate_ts_band25_75==0&reg_atr_change_rate_ts_band30_70==0&reg_atr_change_rate_ts_band40_60==0&reg_atr_change_rate_ts_top20==1&reg_ema20_gt_ema50_raw==1),5808746b9dba,2,42,32,reg_atr_change_rate_ts_band30_70,regime,atr_change_rate,volatility,0
(*)|(loc_dist_ema20_atr_ts_top80==1)|(reg_atr_change_rate_ts_band25_75==0&reg_atr_change_rate_ts_band30_70==0&reg_atr_change_rate_ts_band40_60==0&reg_atr_change_rate_ts_top20==1&reg_ema20_gt_ema50_raw==1),5808746b9dba,2,42,30,reg_atr_change_rate_ts_band25_75,regime,atr_change_rate,volatility,0
(*)|(loc_dist_ema20_atr_ts_top80==1)|(reg_atr_change_rate_ts_band25_75==0&reg_atr_change_rate_ts_band30_70==0&reg_atr_change_rate_ts_band40_60==0&reg_atr_change_rate_ts_top20==1&reg_ema20_gt_ema50_raw==1),5808746b9dba,2,42,25,loc_dist_ema20_atr_ts_top80,location,dist_ema20_atr,context,1
(*)|(*)|(reg_atr_change_rate_ts_band25_75==1&reg_atr_change_rate_ts_band30_70==0&reg_atr_change_rate_ts_band40_60==0&reg_atr_change_rate_ts_top20==1&reg_atr_change_rate_ts_top30==0&reg_ema20_gt_ema50_raw==1),dd3c6d6a7042,2,42,0,reg_atr_change_rate_ts_top20,regime,atr_change_rate,volatility,1
(*)|(*)|(reg_atr_change_rate_ts_band25_75==1&reg_atr_change_rate_ts_band30_70==0&reg_atr_change_rate_ts_band40_60==0&reg_atr_change_rate_ts_top20==1&reg_atr_change_rate_ts_top30==0&reg_ema20_gt_ema50_raw==1),dd3c6d6a7042,2,42,34,reg_atr_change_rate_ts_band40_60,regime,atr_change_rate,volatility,0
(*)|(*)|(reg_atr_change_rate_ts_band25_75==1&reg_atr_change_rate_ts_band30_70==0&reg_atr_change_rate_ts_band40_60==0&reg_atr_change_rate_ts_top20==1&reg_atr_change_rate_ts_top30==0&reg_ema20_gt_ema50_raw==1),dd3c6d6a7042,2,42,432,reg_ema20_gt_ema50_raw,regime,ema20_gt_ema50,trend,1
(*)|(*)|(reg_atr_change_rate_ts_band25_75==1&reg_atr_change_rate_ts_band30_70==0&reg_atr_change_rate_ts_band40_60==0&reg_atr_change_rate_ts_top20==1&reg_atr_change_rate_ts_top30==0&reg_ema20_gt_ema50_raw==1),dd3c6d6a7042,2,42,32,reg_atr_change_rate_ts_band30_70,regime,atr_change_rate,volatility,0
(*)|(*)|(reg_atr_change_rate_ts_band25_75==1&reg_atr_change_rate_ts_band30_70==0&reg_atr_change_rate_ts_band40_60==0&reg_atr_change_rate_ts_top20==1&reg_atr_change_rate_ts_top30==0&reg_ema20_gt_ema50_raw==1),dd3c6d6a7042,2,42,30,reg_atr_change_rate_ts_band25_75,regime,atr_change_rate,volatility,1
(*)|(*)|(reg_atr_change_rate_ts_band25_75==1&reg_atr_change_rate_ts_band30_70==0&reg_atr_change_rate_ts_band40_60==0&reg_atr_change_rate_ts_top20==1&reg_atr_change_rate_ts_top30==0&reg_ema20_gt_ema50_raw==1),dd3c6d6a7042,2,42,4,reg_atr_change_rate_ts_top30,regime,atr_change_rate,volatility,0
(*)|(*)|(reg_atr_change_rate_ts_band25_75==1&reg_atr_change_rate_ts_band30_70==0&reg_atr_change_rate_ts_band40_60==0&reg_atr_change_rate_ts_top20==1&reg_atr_change_rate_ts_top30==1&reg_ema20_gt_ema50_raw==1),1994ff54d0bf,2,42,0,reg_atr_change_rate_ts_top20,regime,atr_change_rate,volatility,1
(*)|(*)|(reg_atr_change_rate_ts_band25_75==1&reg_atr_change_rate_ts_band30_70==0&reg_atr_change_rate_ts_band40_60==0&reg_atr_change_rate_ts_top20==1&reg_atr_change_rate_ts_top30==1&reg_ema20_gt_ema50_raw==1),1994ff54d0bf,2,42,34,reg_atr_change_rate_ts_band40_60,regime,atr_change_rate,volatility,0
(*)|(*)|(reg_atr_change_rate_ts_band25_75==1&reg_atr_change_rate_ts_band30_70==0&reg_atr_change_rate_ts_band40_60==0&reg_atr_change_rate_ts_top20==1&reg_atr_change_rate_ts_top30==1&reg_ema20_gt_ema50_raw==1),1994ff54d0bf,2,42,432,reg_ema20_gt_ema50_raw,regime,ema20_gt_ema50,trend,1
(*)|(*)|(reg_atr_change_rate_ts_band25_75==1&reg_atr_change_rate_ts_band30_70==0&reg_atr_change_rate_ts_band40_60==0&reg_atr_change_rate_ts_top20==1&reg_atr_change_rate_ts_top30==1&reg_ema20_gt_ema50_raw==1),1994ff54d0bf,2,42,32,reg_atr_change_rate_ts_band30_70,regime,atr_change_rate,volatility,0
(*)|(*)|(reg_atr_change_rate_ts_band25_75==1&reg_atr_change_rate_ts_band30_70==0&reg_atr_change_rate_ts_band40_60==0&reg_atr_change_rate_ts_top20==1&reg_atr_change_rate_ts_top30==1&reg_ema20_gt_ema50_raw==1),1994ff54d0bf,2,42,30,reg_atr_change_rate_ts_band25_75,regime,atr_change_rate,volatility,1
(*)|(*)|(reg_atr_change_rate_ts_band25_75==1&reg_atr_change_rate_ts_band30_70==0&reg_atr_change_rate_ts_band40_60==0&reg_atr_change_rate_ts_top20==1&reg_atr_change_rate_ts_top30==1&reg_ema20_gt_ema50_raw==1),1994ff54d0bf,2,42,4,reg_atr_change_rate_ts_top30,regime,atr_change_rate,volatility,1
(*)|(loc_dist_ema20_atr_ts_top40==0)|(reg_atr_change_rate_ts_band30_70==1&reg_atr_change_rate_ts_band40_60==0&reg_atr_change_rate_ts_top20==1&reg_ema20_gt_ema50_raw==1),d70379772dd2,2,42,0,reg_atr_change_rate_ts_top20,regime,atr_change_rate,volatility,1
(*)|(loc_dist_ema20_atr_ts_top40==0)|(reg_atr_change_rate_ts_band30_70==1&reg_atr_change_rate_ts_band40_60==0&reg_atr_change_rate_ts_top20==1&reg_ema20_gt_ema50_raw==1),d70379772dd2,2,42,34,reg_atr_change_rate_ts_band40_60,regime,atr_change_rate,volatility,0
(*)|(loc_dist_ema20_atr_ts_top40==0)|(reg_atr_change_rate_ts_band30_70==1&reg_atr_change_rate_ts_band40_60==0&reg_atr_change_rate_ts_top20==1&reg_ema20_gt_ema50_raw==1),d70379772dd2,2,42,432,reg_ema20_gt_ema50_raw,regime,ema20_gt_ema50,trend,1
(*)|(loc_dist_ema20_atr_ts_top40==0)|(reg_atr_change_rate_ts_band30_70==1&reg_atr_change_rate_ts_band40_60==0&reg_atr_change_rate_ts_top20==1&reg_ema20_gt_ema50_raw==1),d70379772dd2,2,42,32,reg_atr_change_rate_ts_band30_70,regime,atr_change_rate,volatility,1
(*)|(loc_dist_ema20_atr_ts_top40==0)|(reg_atr_change_rate_ts_band30_70==1&reg_atr_change_rate_ts_band40_60==0&reg_atr_change_rate_ts_top20==1&reg_ema20_gt_ema50_raw==1),d70379772dd2,2,42,9,loc_dist_ema20_atr_ts_top40,location,dist_ema20_atr,context,0
(*)|(loc_dist_ema20_atr_ts_top40==1)|(reg_atr_change_rate_ts_band30_70==1&reg_atr_change_rate_ts_band40_60==0&reg_atr_change_rate_ts_top20==1&reg_ema20_gt_ema50_raw==1),c53c8d3011d8,2,42,0,reg_atr_change_rate_ts_top20,regime,atr_change_rate,volatility,1
(*)|(loc_dist_ema20_atr_ts_top40==1)|(reg_atr_change_rate_ts_band30_70==1&reg_atr_change_rate_ts_band40_60==0&reg_atr_change_rate_ts_top20==1&reg_ema20_gt_ema50_raw==1),c53c8d3011d8,2,42,34,reg_atr_change_rate_ts_band40_60,regime,atr_change_rate,volatility,0
(*)|(loc_dist_ema20_atr_ts_top40==1)|(reg_atr_change_rate_ts_band30_70==1&reg_atr_change_rate_ts_band40_60==0&reg_atr_change_rate_ts_top20==1&reg_ema20_gt_ema50_raw==1),c53c8d3011d8,2,42,432,reg_ema20_gt_ema50_raw,regime,ema20_gt_ema50,trend,1
(*)|(loc_dist_ema20_atr_ts_top40==1)|(reg_atr_change_rate_ts_band30_70==1&reg_atr_change_rate_ts_band40_60==0&reg_atr_change_rate_ts_top20==1&reg_ema20_gt_ema50_raw==1),c53c8d3011d8,2,42,32,reg_atr_change_rate_ts_band30_70,regime,atr_change_rate,volatility,1
(*)|(loc_dist_ema20_atr_ts_top40==1)|(reg_atr_change_rate_ts_band30_70==1&reg_atr_change_rate_ts_band40_60==0&reg_atr_change_rate_ts_top20==1&reg_ema20_gt_ema50_raw==1),c53c8d3011d8,2,42,9,loc_dist_ema20_atr_ts_top40,location,dist_ema20_atr,context,1
(*)|(*)|(reg_atr_change_rate_ts_band40_60==1&reg_atr_change_rate_ts_top20==1&reg_atr_change_rate_ts_top50==0),2d30a902462f,2,42,0,reg_atr_change_rate_ts_top20,regime,atr_change_rate,volatility,1
(*)|(*)|(reg_atr_change_rate_ts_band40_60==1&reg_atr_change_rate_ts_top20==1&reg_atr_change_rate_ts_top50==0),2d30a902462f,2,42,34,reg_atr_change_rate_ts_band40_60,regime,atr_change_rate,volatility,1
(*)|(*)|(reg_atr_change_rate_ts_band40_60==1&reg_atr_change_rate_ts_top20==1&reg_atr_change_rate_ts_top50==0),2d30a902462f,2,42,12,reg_atr_change_rate_ts_top50,regime,atr_change_rate,volatility,0
(*)|(*)|(reg_atr_change_rate_ts_band40_60==1&reg_atr_change_rate_ts_top20==1&reg_atr_change_rate_ts_top50==1),49d5ccb41e28,2,42,0,reg_atr_change_rate_ts_top20,regime,atr_change_rate,volatility,1
(*)|(*)|(reg_atr_change_rate_ts_band40_60==1&reg_atr_change_rate_ts_top20==1&reg_atr_change_rate_ts_top50==1),49d5ccb41e28,2,42,34,reg_atr_change_rate_ts_band40_60,regime,atr_change_rate,volatility,1
(*)|(*)|(reg_atr_change_rate_ts_band40_60==1&reg_atr_change_rate_ts_top20==1&reg_atr_change_rate_ts_top50==1),49d5ccb41e28,2,42,12,reg_atr_change_rate_ts_top50,regime,atr_change_rate,volatility,1
(*)|(*)|(reg_atr_change_rate_ts_band25_75==0&reg_atr_change_rate_ts_band30_70==0&reg_atr_change_rate_ts_top20==0&reg_ema50_gt_ema200_raw==1),9a59234c2714,2,42,32,reg_atr_change_rate_ts_band30_70,regime,atr_change_rate,volatility,0
(*)|(*)|(reg_atr_change_rate_ts_band25_75==0&reg_atr_change_rate_ts_band30_70==0&reg_atr_change_rate_ts_top20==0&reg_ema50_gt_ema200_raw==1),9a59234c2714,2,42,30,reg_atr_change_rate_ts_band25_75,regime,atr_change_rate,volatility,0
(*)|(*)|(reg_atr_change_rate_ts_band25_75==0&reg_atr_change_rate_ts_band30_70==0&reg_atr_change_rate_ts_top20==0&reg_ema50_gt_ema200_raw==1),9a59234c2714,2,42,0,reg_atr_change_rate_ts_top20,regime,atr_change_rate,volatility,0
(*)|(*)|(reg_atr_change_rate_ts_band25_75==0&reg_atr_change_rate_ts_band30_70==0&reg_atr_change_rate_ts_top20==0&reg_ema50_gt_ema200_raw==1),9a59234c2714,2,42,506,reg_ema50_gt_ema200_raw,regime,ema50_gt_ema200,trend,1
(*)|(*)|(reg_atr_change_rate_ts_band25_75==0&reg_atr_change_rate_ts_band30_70==0&reg_atr_change_rate_ts_top20==1&reg_atr_change_rate_ts_top30==0),a07e16762c7a,2,42,32,reg_atr_change_rate_ts_band30_70,regime,atr_change_rate,volatility,0
(*)|(*)|(reg_atr_change_rate_ts_band25_75==0&reg_atr_change_rate_ts_band30_70==0&reg_atr_change_rate_ts_top20==1&reg_atr_change_rate_ts_top30==0),a07e16762c7a,2,42,30,reg_atr_change_rate_ts_band25_75,regime,atr_change_rate,volatility,0
(*)|(*)|(reg_atr_change_rate_ts_band25_75==0&reg_atr_change_rate_ts_band30_70==0&reg_atr_change_rate_ts_top20==1&reg_atr_change_rate_ts_top30==0),a07e16762c7a,2,42,0,reg_atr_change_rate_ts_top20,regime,atr_change_rate,volatility,1
(*)|(*)|(reg_atr_change_rate_ts_band25_75==0&reg_atr_change_rate_ts_band30_70==0&reg_atr_change_rate_ts_top20==1&reg_atr_change_rate_ts_top30==0),a07e16762c7a,2,42,4,reg_atr_change_rate_ts_top30,regime,atr_change_rate,volatility,0
(*)|(loc_dist_ema20_atr_ts_top80==0)|(reg_atr_change_rate_ts_band25_75==0&reg_atr_change_rate_ts_band30_70==0&reg_atr_change_rate_ts_top20==1&reg_atr_change_rate_ts_top30==1),0684de0b436b,2,42,32,reg_atr_change_rate_ts_band30_70,regime,atr_change_rate,volatility,0
(*)|(loc_dist_ema20_atr_ts_top80==0)|(reg_atr_change_rate_ts_band25_75==0&reg_atr_change_rate_ts_band30_70==0&reg_atr_change_rate_ts_top20==1&reg_atr_change_rate_ts_top30==1),0684de0b436b,2,42,30,reg_atr_change_rate_ts_band25_75,regime,atr_change_rate,volatility,0
(*)|(loc_dist_ema20_atr_ts_top80==0)|(reg_atr_change_rate_ts_band25_75==0&reg_atr_change_rate_ts_band30_70==0&reg_atr_change_rate_ts_top20==1&reg_atr_change_rate_ts_top30==1),0684de0b436b,2,42,0,reg_atr_change_rate_ts_top20,regime,atr_change_rate,volatility,1
(*)|(loc_dist_ema20_atr_ts_top80==0)|(reg_atr_change_rate_ts_band25_75==0&reg_atr_change_rate_ts_band30_70==0&reg_atr_change_rate_ts_top20==1&reg_atr_change_rate_ts_top30==1),0684de0b436b,2,42,4,reg_atr_change_rate_ts_top30,regime,atr_change_rate,volatility,1
(*)|(loc_dist_ema20_atr_ts_top80==0)|(reg_atr_change_rate_ts_band25_75==0&reg_atr_change_rate_ts_band30_70==0&reg_atr_change_rate_ts_top20==1&reg_atr_change_rate_ts_top30==1),0684de0b436b,2,42,25,loc_dist_ema20_atr_ts_top80,location,dist_ema20_atr,context,0
(*)|(loc_dist_ema20_atr_ts_top80==1)|(reg_atr_change_rate_ts_band25_75==0&reg_atr_change_rate_ts_band30_70==0&reg_atr_change_rate_ts_top20==1&reg_atr_change_rate_ts_top30==1),95ac7d362d0b,2,42,32,reg_atr_change_rate_ts_band30_70,regime,atr_change_rate,volatility,0
(*)|(loc_dist_ema20_atr_ts_top80==1)|(reg_atr_change_rate_ts_band25_75==0&reg_atr_change_rate_ts_band30_70==0&reg_atr_change_rate_ts_top20==1&reg_atr_change_rate_ts_top30==1),95ac7d362d0b,2,42,30,reg_atr_change_rate_ts_band25_75,regime,atr_change_rate,volatility,0
(*)|(loc_dist_ema20_atr_ts_top80==1)|(reg_atr_change_rate_ts_band25_75==0&reg_atr_change_rate_ts_band30_70==0&reg_atr_change_rate_ts_top20==1&reg_atr_change_rate_ts_top30==1),95ac7d362d0b,2,42,0,reg_atr_change_rate_ts_top20,regime,atr_change_rate,volatility,1
(*)|(loc_dist_ema20_atr_ts_top80==1)|(reg_atr_change_rate_ts_band25_75==0&reg_atr_change_rate_ts_band30_70==0&reg_atr_change_rate_ts_top20==1&reg_atr_change_rate_ts_top30==1),95ac7d362d0b,2,42,4,reg_atr_change_rate_ts_top30,regime,atr_change_rate,volatility,1
(*)|(loc_dist_ema20_atr_ts_top80==1)|(reg_atr_change_rate_ts_band25_75==0&reg_atr_change_rate_ts_band30_70==0&reg_atr_change_rate_ts_top20==1&reg_atr_change_rate_ts_top30==1),95ac7d362d0b,2,42,25,loc_dist_ema20_atr_ts_top80,location,dist_ema20_atr,context,1
(*)|(*)|(reg_atr_change_rate_ts_band25_75==1&reg_atr_change_rate_ts_band30_70==0&reg_atr_change_rate_ts_top30==0),ba5b178a5bf8,2,42,32,reg_atr_change_rate_ts_band30_70,regime,atr_change_rate,volatility,0
(*)|(*)|(reg_atr_change_rate_ts_band25_75==1&reg_atr_change_rate_ts_band30_70==0&reg_atr_change_rate_ts_top30==0),ba5b178a5bf8,2,42,30,reg_atr_change_rate_ts_band25_75,regime,atr_change_rate,volatility,1
(*)|(*)|(reg_atr_change_rate_ts_band25_75==1&reg_atr_change_rate_ts_band30_70==0&reg_atr_change_rate_ts_top30==0),ba5b178a5bf8,2,42,4,reg_atr_change_rate_ts_top30,regime,atr_change_rate,volatility,0
(*)|(*)|(reg_atr_change_rate_ts_band25_75==1&reg_atr_change_rate_ts_band30_70==0&reg_atr_change_rate_ts_top30==1),efb73bfb0c25,2,42,32,reg_atr_change_rate_ts_band30_70,regime,atr_change_rate,volatility,0
(*)|(*)|(reg_atr_change_rate_ts_band25_75==1&reg_atr_change_rate_ts_band30_70==0&reg_atr_change_rate_ts_top30==1),efb73bfb0c25,2,42,30,reg_atr_change_rate_ts_band25_75,regime,atr_change_rate,volatility,1
(*)|(*)|(reg_atr_change_rate_ts_band25_75==1&reg_atr_change_rate_ts_band30_70==0&reg_atr_change_rate_ts_top30==1),efb73bfb0c25,2,42,4,reg_atr_change_rate_ts_top30,regime,atr_change_rate,volatility,1
(*)|(*)|(reg_atr_change_rate_ts_band30_70==1&reg_atr_change_rate_ts_top40==0),f3140b03bafe,2,42,32,reg_atr_change_rate_ts_band30_70,regime,atr_change_rate,volatility,1
(*)|(*)|(reg_atr_change_rate_ts_band30_70==1&reg_atr_change_rate_ts_top40==0),f3140b03bafe,2,42,8,reg_atr_change_rate_ts_top40,regime,atr_change_rate,volatility,0
(*)|(*)|(reg_atr_change_rate_ts_band30_70==1&reg_atr_change_rate_ts_top40==1&reg_atr_change_rate_ts_top50==0),e27365318c0d,2,42,32,reg_atr_change_rate_ts_band30_70,regime,atr_change_rate,volatility,1
(*)|(*)|(reg_atr_change_rate_ts_band30_70==1&reg_atr_change_rate_ts_top40==1&reg_atr_change_rate_ts_top50==0),e27365318c0d,2,42,8,reg_atr_change_rate_ts_top40,regime,atr_change_rate,volatility,1
(*)|(*)|(reg_atr_change_rate_ts_band30_70==1&reg_atr_change_rate_ts_top40==1&reg_atr_change_rate_ts_top50==0),e27365318c0d,2,42,12,reg_atr_change_rate_ts_top50,regime,atr_change_rate,volatility,0
(*)|(*)|(reg_atr_change_rate_ts_band30_70==1&reg_atr_change_rate_ts_top40==1&reg_atr_change_rate_ts_top50==1&reg_atr_change_rate_ts_top60==0),aee12f359914,2,42,32,reg_atr_change_rate_ts_band30_70,regime,atr_change_rate,volatility,1
(*)|(*)|(reg_atr_change_rate_ts_band30_70==1&reg_atr_change_rate_ts_top40==1&reg_atr_change_rate_ts_top50==1&reg_atr_change_rate_ts_top60==0),aee12f359914,2,42,8,reg_atr_change_rate_ts_top40,regime,atr_change_rate,volatility,1
(*)|(*)|(reg_atr_change_rate_ts_band30_70==1&reg_atr_change_rate_ts_top40==1&reg_atr_change_rate_ts_top50==1&reg_atr_change_rate_ts_top60==0),aee12f359914,2,42,12,reg_atr_change_rate_ts_top50,regime,atr_change_rate,volatility,1
(*)|(*)|(reg_atr_change_rate_ts_band30_70==1&reg_atr_change_rate_ts_top40==1&reg_atr_change_rate_ts_top50==1&reg_atr_change_rate_ts_top60==0),aee12f359914,2,42,16,reg_atr_change_rate_ts_top60,regime,atr_change_rate,volatility,0
(*)|(*)|(reg_atr_change_rate_ts_band30_70==1&reg_atr_change_rate_ts_top40==1&reg_atr_change_rate_ts_top50==1&reg_atr_change_rate_ts_top60==1),8f13529cd0d8,2,42,32,reg_atr_change_rate_ts_band30_70,regime,atr_change_rate,volatility,1
(*)|(*)|(reg_atr_change_rate_ts_band30_70==1&reg_atr_change_rate_ts_top40==1&reg_atr_change_rate_ts_top50==1&reg_atr_change_rate_ts_top60==1),8f13529cd0d8,2,42,8,reg_atr_change_rate_ts_top40,regime,atr_change_rate,volatility,1
(*)|(*)|(reg_atr_change_rate_ts_band30_70==1&reg_atr_change_rate_ts_top40==1&reg_atr_change_rate_ts_top50==1&reg_atr_change_rate_ts_top60==1),8f13529cd0d8,2,42,12,reg_atr_change_rate_ts_top50,regime,atr_change_rate,volatility,1
(*)|(*)|(reg_atr_change_rate_ts_band30_70==1&reg_atr_change_rate_ts_top40==1&reg_atr_change_rate_ts_top50==1&reg_atr_change_rate_ts_top60==1),8f13529cd0d8,2,42,16,reg_atr_change_rate_ts_top60,regime,atr_change_rate,volatility,1
