canonical_key,trigger,location,regime,mean_net_ret,directional_mean_ret,std_net_ret,mean_within_fold_std,mean_support_pct,std_support_pct,presence_freq,presence_freq_units,sign_consistency,min_support_actual,mean_uplift,mean_baseline_ret,mean_oos_ic,p25_oos_ic,p50_oos_ic,p75_oos_ic,mean_delta_ic,positive_ic_fraction,mean_ic,ic_tstat,ic_sign_consistency,decile_spread_sharpe,mask_ic_uplift,regression_beta,regression_slope_fit,learnability_step_c_score,trade_path_quality_score,quality_stability_score,full_quality_score,composite_score,required_hurdle,hurdle_excess,n_folds,discovery_count,n_instances,display_arity,structural_depth,pipeline_stage,parent_context_key,side,rule_type,accepted,rejection_reason,preset,within_mask_ic,delta_within_mask_ic,entropy_reduction,support_objective_score,source_target,source_horizon,rule_type_class,production_classification,classification_diagnostics,rule_gain_score,rule_split_score,rule_model_importance_score,preset,is_too_narrow,is_too_broad,comp_bonus
(*)|(loc_dist_ema20_atr_ts_band25_75==1)|(reg_atr_change_rate_ts_band40_60==0&reg_atr_change_rate_ts_top50==0),*,loc_dist_ema20_atr_ts_band25_75==1,reg_atr_change_rate_ts_band40_60==0&reg_atr_change_rate_ts_top50==0,0.2727891802787781,0.2727891802787781,0.01906604567494034,0.16964089373747507,0.14235517568850903,0.021523436642957573,1.0,1.0,0.5623441396508728,875,,,0.006527181253571199,0.0011596546264118594,0.012959114245533362,0.01511067437671162,,0.6666666666666666,-0.023824730531391367,-2.599920599644494,1.0,-0.08799119468380627,-0.02594881210344452,-44.859768757566606,0.0007894119413562659,1.5480515352701903e-05,0.0,12.0,5.1384037347663944e-05,5.1384037347663944e-05,7.062788631766157e-05,0.2727185523924604,3,1,1,3,3,stage_a_context,,long,3-way,True,,production,-0.023824730531391367,-0.02594881210344452,-0.047483575542877375,0.7764482431149098,primary_target,0,rejected,research,"{""checks"": {""n_folds"": {""value"": 3, ""threshold"": 3, ""passed"": true}, ""presence_freq"": {""value"": 1.0, ""threshold"": 0.75, ""passed"": true}, ""directional_mean_ret"": {""value"": 0.2727891802787781, ""threshold"": 0.0, ""passed"": true}, ""hurdle_excess"": {""value"": 0.2727185523924604, ""threshold"": 0.0, ""passed"": true}, ""min_support_actual"": {""value"": 875, ""threshold"": 50, ""passed"": true}, ""is_structurally_sound"": {""value"": false, ""passed"": false}, ""trade_path_quality_score"": {""value"": 0.0, ""threshold"": 0.0, ""passed"": true}}, ""failures"": [""structural_soundness_fail: ""], ""warnings"": [], ""classification"": ""research""}",2.24555216015627,21.666666666666668,4.4122188268229365,production,False,False,0.3
(*)|(*)|(reg_atr_change_rate_ts_band25_75==1&reg_atr_change_rate_ts_top40==0),*,*,reg_atr_change_rate_ts_band25_75==1&reg_atr_change_rate_ts_top40==0,0.2727891802787781,0.2727891802787781,0.01906604567494034,0.16964089373747507,0.14235517568850903,0.021523436642957573,1.0,1.0,0.5623441396508728,875,,,0.006527181253571199,0.0011596546264118594,0.012959114245533362,0.01511067437671162,,0.6666666666666666,-0.023824730531391367,-2.599920599644494,1.0,-0.08799119468380627,-0.02594881210344452,-44.859768757566606,0.0007894119413562659,1.5480515352701903e-05,0.0,12.0,5.1384037347663944e-05,5.1384037347663944e-05,8.576243338573191e-05,0.27270341784539237,3,1,1,2,2,stage_a_context,,long,2-way,True,,production,-0.023824730531391367,-0.02594881210344452,-0.047483575542877375,0.7764482431149098,primary_target,0,rejected,research,"{""checks"": {""n_folds"": {""value"": 3, ""threshold"": 3, ""passed"": true}, ""presence_freq"": {""value"": 1.0, ""threshold"": 0.75, ""passed"": true}, ""directional_mean_ret"": {""value"": 0.2727891802787781, ""threshold"": 0.0, ""passed"": true}, ""hurdle_excess"": {""value"": 0.27270341784539237, ""threshold"": 0.0, ""passed"": true}, ""min_support_actual"": {""value"": 875, ""threshold"": 50, ""passed"": true}, ""is_structurally_sound"": {""value"": false, ""passed"": false}, ""trade_path_quality_score"": {""value"": 0.0, ""threshold"": 0.0, ""passed"": true}}, ""failures"": [""structural_soundness_fail: ""], ""warnings"": [], ""classification"": ""research""}",3.381094251293689,29.5,6.331094251293689,production,False,False,0.15
(*)|(loc_dist_ema20_atr_ts_top80==0)|(reg_atr_change_rate_ts_band25_75==1&reg_atr_change_rate_ts_band40_60==0&reg_atr_change_rate_ts_top50==0&reg_ema20_gt_ema50_raw==0),*,loc_dist_ema20_atr_ts_top80==0,reg_atr_change_rate_ts_band25_75==1&reg_atr_change_rate_ts_band40_60==0&reg_atr_change_rate_ts_top50==0&reg_ema20_gt_ema50_raw==0,0.2727891802787781,0.2727891802787781,0.01906604567494034,0.16964089373747507,0.14235517568850903,0.021523436642957573,1.0,1.0,0.5623441396508728,875,,,0.006527181253571199,0.0011596546264118594,0.012959114245533362,0.01511067437671162,,0.6666666666666666,-0.023824730531391367,-2.599920599644494,1.0,-0.08799119468380627,-0.02594881210344452,-44.859768757566606,0.0007894119413562659,1.5480515352701903e-05,0.0,12.0,5.1384037347663944e-05,5.1384037347663944e-05,9.080728240842202e-05,0.2726983729963697,3,1,1,5,5,stage_a_context,,long,5-way,True,,production,-0.023824730531391367,-0.02594881210344452,-0.047483575542877375,0.7764482431149098,primary_target,0,rejected,research,"{""checks"": {""n_folds"": {""value"": 3, ""threshold"": 3, ""passed"": true}, ""presence_freq"": {""value"": 1.0, ""threshold"": 0.75, ""passed"": true}, ""directional_mean_ret"": {""value"": 0.2727891802787781, ""threshold"": 0.0, ""passed"": true}, ""hurdle_excess"": {""value"": 0.2726983729963697, ""threshold"": 0.0, ""passed"": true}, ""min_support_actual"": {""value"": 875, ""threshold"": 50, ""passed"": true}, ""is_structurally_sound"": {""value"": false, ""passed"": false}, ""trade_path_quality_score"": {""value"": 0.0, ""threshold"": 0.0, ""passed"": true}}, ""failures"": [""structural_soundness_fail: ""], ""warnings"": [], ""classification"": ""research""}",3.7413139641284943,31.2,6.861313964128494,production,False,False,0.1
(*)|(loc_dist_ema20_atr_ts_band25_75==1)|(reg_atr_change_rate_ts_top20==1&reg_atr_change_rate_ts_top40==0&reg_atr_change_rate_ts_top60==0&reg_ema20_gt_ema50_raw==0),*,loc_dist_ema20_atr_ts_band25_75==1,reg_atr_change_rate_ts_top20==1&reg_atr_change_rate_ts_top40==0&reg_atr_change_rate_ts_top60==0&reg_ema20_gt_ema50_raw==0,0.2727891802787781,0.2727891802787781,0.01906604567494034,0.16964089373747507,0.14235517568850903,0.021523436642957573,1.0,1.0,0.5623441396508728,875,,,0.006527181253571199,0.0011596546264118594,0.012959114245533362,0.01511067437671162,,0.6666666666666666,-0.023824730531391367,-2.599920599644494,1.0,-0.08799119468380627,-0.02594881210344452,-44.859768757566606,0.0007894119413562659,1.5480515352701903e-05,0.0,12.0,5.1384037347663944e-05,5.1384037347663944e-05,9.080728240842202e-05,0.2726983729963697,3,1,1,5,5,stage_a_context,,long,5-way,True,,production,-0.023824730531391367,-0.02594881210344452,-0.047483575542877375,0.7764482431149098,primary_target,0,rejected,research,"{""checks"": {""n_folds"": {""value"": 3, ""threshold"": 3, ""passed"": true}, ""presence_freq"": {""value"": 1.0, ""threshold"": 0.75, ""passed"": true}, ""directional_mean_ret"": {""value"": 0.2727891802787781, ""threshold"": 0.0, ""passed"": true}, ""hurdle_excess"": {""value"": 0.2726983729963697, ""threshold"": 0.0, ""passed"": true}, ""min_support_actual"": {""value"": 875, ""threshold"": 50, ""passed"": true}, ""is_structurally_sound"": {""value"": false, ""passed"": false}, ""trade_path_quality_score"": {""value"": 0.0, ""threshold"": 0.0, ""passed"": true}}, ""failures"": [""structural_soundness_fail: ""], ""warnings"": [], ""classification"": ""research""}",3.6497838839888574,27.2,6.369783883988857,production,False,False,0.1
(*)|(*)|(reg_atr_change_rate_ts_band25_75==1&reg_atr_change_rate_ts_top20==1&reg_atr_change_rate_ts_top40==0&reg_atr_change_rate_ts_top50==0),*,*,reg_atr_change_rate_ts_band25_75==1&reg_atr_change_rate_ts_top20==1&reg_atr_change_rate_ts_top40==0&reg_atr_change_rate_ts_top50==0,0.2727891802787781,0.2727891802787781,0.01906604567494034,0.16964089373747507,0.14235517568850903,0.021523436642957573,1.0,1.0,0.5623441396508728,875,,,0.006527181253571199,0.0011596546264118594,0.012959114245533362,0.01511067437671162,,0.6666666666666666,-0.023824730531391367,-2.599920599644494,1.0,-0.08799119468380627,-0.02594881210344452,-44.859768757566606,0.0007894119413562659,1.5480515352701903e-05,0.0,12.0,5.1384037347663944e-05,5.1384037347663944e-05,9.080728240842202e-05,0.2726983729963697,3,2,2,4,4,stage_a_context,,long,4-way,True,,production,-0.023824730531391367,-0.02594881210344452,-0.047483575542877375,0.7764482431149098,primary_target,0,rejected,research,"{""checks"": {""n_folds"": {""value"": 3, ""threshold"": 3, ""passed"": true}, ""presence_freq"": {""value"": 1.0, ""threshold"": 0.75, ""passed"": true}, ""directional_mean_ret"": {""value"": 0.2727891802787781, ""threshold"": 0.0, ""passed"": true}, ""hurdle_excess"": {""value"": 0.2726983729963697, ""threshold"": 0.0, ""passed"": true}, ""min_support_actual"": {""value"": 875, ""threshold"": 50, ""passed"": true}, ""is_structurally_sound"": {""value"": false, ""passed"": false}, ""trade_path_quality_score"": {""value"": 0.0, ""threshold"": 0.0, ""passed"": true}}, ""failures"": [""structural_soundness_fail: ""], ""warnings"": [], ""classification"": ""research""}",4.629308610688895,31.25,7.754308610688895,production,False,False,0.1
(*)|(*)|(reg_atr_change_rate_ts_band25_75==1&reg_atr_change_rate_ts_band40_60==0&reg_atr_change_rate_ts_top20==1&reg_atr_change_rate_ts_top50==0),*,*,reg_atr_change_rate_ts_band25_75==1&reg_atr_change_rate_ts_band40_60==0&reg_atr_change_rate_ts_top20==1&reg_atr_change_rate_ts_top50==0,0.2727891802787781,0.2727891802787781,0.01906604567494034,0.16964089373747507,0.14235517568850903,0.021523436642957573,1.0,1.0,0.5623441396508728,875,,,0.006527181253571199,0.0011596546264118594,0.012959114245533362,0.01511067437671162,,0.6666666666666666,-0.023824730531391367,-2.599920599644494,1.0,-0.08799119468380627,-0.02594881210344452,-44.859768757566606,0.0007894119413562659,1.5480515352701903e-05,0.0,12.0,5.1384037347663944e-05,5.1384037347663944e-05,9.080728240842202e-05,0.2726983729963697,3,1,1,4,4,stage_a_context,,long,4-way,True,,production,-0.023824730531391367,-0.02594881210344452,-0.047483575542877375,0.7764482431149098,primary_target,0,rejected,research,"{""checks"": {""n_folds"": {""value"": 3, ""threshold"": 3, ""passed"": true}, ""presence_freq"": {""value"": 1.0, ""threshold"": 0.75, ""passed"": true}, ""directional_mean_ret"": {""value"": 0.2727891802787781, ""threshold"": 0.0, ""passed"": true}, ""hurdle_excess"": {""value"": 0.2726983729963697, ""threshold"": 0.0, ""passed"": true}, ""min_support_actual"": {""value"": 875, ""threshold"": 50, ""passed"": true}, ""is_structurally_sound"": {""value"": false, ""passed"": false}, ""trade_path_quality_score"": {""value"": 0.0, ""threshold"": 0.0, ""passed"": true}}, ""failures"": [""structural_soundness_fail: ""], ""warnings"": [], ""classification"": ""research""}",4.731948367320001,33.5,8.08194836732,production,False,False,0.1
(*)|(*)|(reg_atr_change_rate_ts_top20==1&reg_atr_change_rate_ts_top30==0&reg_atr_change_rate_ts_top60==0),*,*,reg_atr_change_rate_ts_top20==1&reg_atr_change_rate_ts_top30==0&reg_atr_change_rate_ts_top60==0,0.27236488461494446,0.27236488461494446,0.02223917175073188,0.16878973444302878,0.09563152896486231,0.014773818895435262,1.0,1.0,0.5639751552795031,597,,,0.002273664213549475,-0.005185424879685957,0.010709007473661266,0.013950424936840802,,0.6666666666666666,0.0014939961097259723,0.07670622115772675,0.5,0.14737670850982743,-0.0071341896013716885,3.622365986055108,0.005738472681008617,0.08583893778929186,0.0,12.0,0.002479311500392718,0.002479311500392718,7.001335847742938e-05,0.272294871256467,3,1,1,3,3,stage_a_context,,long,3-way,True,,production,0.0014939961097259723,-0.0071341896013716885,-0.0931970789013395,1.0,primary_target,0,rejected,research,"{""checks"": {""n_folds"": {""value"": 3, ""threshold"": 3, ""passed"": true}, ""presence_freq"": {""value"": 1.0, ""threshold"": 0.75, ""passed"": true}, ""directional_mean_ret"": {""value"": 0.27236488461494446, ""threshold"": 0.0, ""passed"": true}, ""hurdle_excess"": {""value"": 0.272294871256467, ""threshold"": 0.0, ""passed"": true}, ""min_support_actual"": {""value"": 597, ""threshold"": 50, ""passed"": true}, ""is_structurally_sound"": {""value"": false, ""passed"": false}, ""trade_path_quality_score"": {""value"": 0.0, ""threshold"": 0.0, ""passed"": true}}, ""failures"": [""structural_soundness_fail: ""], ""warnings"": [], ""classification"": ""research""}",4.118929111709197,33.666666666666664,7.485595778375863,production,False,False,0.3
(*)|(*)|(reg_atr_change_rate_ts_top20==1&reg_atr_change_rate_ts_top30==0&reg_atr_change_rate_ts_top70==0&reg_atr_change_rate_ts_top80==0&reg_ema20_gt_ema50_raw==0),*,*,reg_atr_change_rate_ts_top20==1&reg_atr_change_rate_ts_top30==0&reg_atr_change_rate_ts_top70==0&reg_atr_change_rate_ts_top80==0&reg_ema20_gt_ema50_raw==0,0.27236488461494446,0.27236488461494446,0.02223917175073188,0.16878973444302878,0.09563152896486231,0.014773818895435262,1.0,1.0,0.5639751552795031,597,,,0.002273664213549475,-0.005185424879685957,0.010709007473661266,0.013950424936840802,,0.6666666666666666,0.0014939961097259723,0.07670622115772675,0.5,0.14737670850982743,-0.0071341896013716885,3.622365986055108,0.005738472681008617,0.08583893778929186,0.0,12.0,0.002479311500392718,0.002479311500392718,9.001717518526635e-05,0.2722748674397592,3,1,1,5,5,stage_a_context,,long,5-way,True,,production,0.0014939961097259723,-0.0071341896013716885,-0.0931970789013395,1.0,primary_target,0,rejected,research,"{""checks"": {""n_folds"": {""value"": 3, ""threshold"": 3, ""passed"": true}, ""presence_freq"": {""value"": 1.0, ""threshold"": 0.75, ""passed"": true}, ""directional_mean_ret"": {""value"": 0.27236488461494446, ""threshold"": 0.0, ""passed"": true}, ""hurdle_excess"": {""value"": 0.2722748674397592, ""threshold"": 0.0, ""passed"": true}, ""min_support_actual"": {""value"": 597, ""threshold"": 50, ""passed"": true}, ""is_structurally_sound"": {""value"": false, ""passed"": false}, ""trade_path_quality_score"": {""value"": 0.0, ""threshold"": 0.0, ""passed"": true}}, ""failures"": [""structural_soundness_fail: ""], ""warnings"": [], ""classification"": ""research""}",4.319906235206872,35.8,7.899906235206872,production,False,False,0.1
(*)|(*)|(reg_atr_change_rate_ts_band30_70==0&reg_atr_change_rate_ts_band40_60==0&reg_atr_change_rate_ts_bot50==1&reg_atr_change_rate_ts_top20==1),*,*,reg_atr_change_rate_ts_band30_70==0&reg_atr_change_rate_ts_band40_60==0&reg_atr_change_rate_ts_bot50==1&reg_atr_change_rate_ts_top20==1,0.27236488461494446,0.27236488461494446,0.02223917175073188,0.16878973444302878,0.09563152896486231,0.014773818895435262,1.0,1.0,0.5639751552795031,597,,,0.002273664213549475,-0.005185424879685957,0.010709007473661266,0.013950424936840802,,0.6666666666666666,0.0014939961097259723,0.07670622115772675,0.5,0.14737670850982743,-0.0071341896013716885,3.622365986055108,0.005738472681008617,0.08583893778929186,0.0,12.0,0.002479311500392718,0.002479311500392718,9.001717518526635e-05,0.2722748674397592,3,1,1,4,4,stage_a_context,,long,4-way,True,,production,0.0014939961097259723,-0.0071341896013716885,-0.0931970789013395,1.0,primary_target,0,rejected,research,"{""checks"": {""n_folds"": {""value"": 3, ""threshold"": 3, ""passed"": true}, ""presence_freq"": {""value"": 1.0, ""threshold"": 0.75, ""passed"": true}, ""directional_mean_ret"": {""value"": 0.27236488461494446, ""threshold"": 0.0, ""passed"": true}, ""hurdle_excess"": {""value"": 0.2722748674397592, ""threshold"": 0.0, ""passed"": true}, ""min_support_actual"": {""value"": 597, ""threshold"": 50, ""passed"": true}, ""is_structurally_sound"": {""value"": false, ""passed"": false}, ""trade_path_quality_score"": {""value"": 0.0, ""threshold"": 0.0, ""passed"": true}}, ""failures"": [""structural_soundness_fail: ""], ""warnings"": [], ""classification"": ""research""}",3.006205539102666,22.5,5.256205539102666,production,False,False,0.1
(*)|(*)|(reg_atr_change_rate_ts_band30_70==0&reg_atr_change_rate_ts_top20==1&reg_atr_change_rate_ts_top30==0&reg_ema20_gt_ema50_raw==0),*,*,reg_atr_change_rate_ts_band30_70==0&reg_atr_change_rate_ts_top20==1&reg_atr_change_rate_ts_top30==0&reg_ema20_gt_ema50_raw==0,0.27236488461494446,0.27236488461494446,0.02223917175073188,0.16878973444302878,0.09563152896486231,0.014773818895435262,1.0,1.0,0.5639751552795031,597,,,0.002273664213549475,-0.005185424879685957,0.010709007473661266,0.013950424936840802,,0.6666666666666666,0.0014939961097259723,0.07670622115772675,0.5,0.14737670850982743,-0.0071341896013716885,3.622365986055108,0.005738472681008617,0.08583893778929186,0.0,12.0,0.002479311500392718,0.002479311500392718,9.001717518526635e-05,0.2722748674397592,3,1,1,4,4,stage_a_context,,long,4-way,True,,production,0.0014939961097259723,-0.0071341896013716885,-0.0931970789013395,1.0,primary_target,0,rejected,research,"{""checks"": {""n_folds"": {""value"": 3, ""threshold"": 3, ""passed"": true}, ""presence_freq"": {""value"": 1.0, ""threshold"": 0.75, ""passed"": true}, ""directional_mean_ret"": {""value"": 0.27236488461494446, ""threshold"": 0.0, ""passed"": true}, ""hurdle_excess"": {""value"": 0.2722748674397592, ""threshold"": 0.0, ""passed"": true}, ""min_support_actual"": {""value"": 597, ""threshold"": 50, ""passed"": true}, ""is_structurally_sound"": {""value"": false, ""passed"": false}, ""trade_path_quality_score"": {""value"": 0.0, ""threshold"": 0.0, ""passed"": true}}, ""failures"": [""structural_soundness_fail: ""], ""warnings"": [], ""classification"": ""research""}",4.425696037593298,34.5,7.875696037593298,production,False,False,0.1
(*)|(*)|(reg_atr_change_rate_ts_band30_70==0&reg_atr_change_rate_ts_top20==1&reg_atr_change_rate_ts_top60==0&reg_atr_change_rate_ts_top80==0&reg_ema20_gt_ema50_raw==0),*,*,reg_atr_change_rate_ts_band30_70==0&reg_atr_change_rate_ts_top20==1&reg_atr_change_rate_ts_top60==0&reg_atr_change_rate_ts_top80==0&reg_ema20_gt_ema50_raw==0,0.27236488461494446,0.27236488461494446,0.02223917175073188,0.16878973444302878,0.09563152896486231,0.014773818895435262,1.0,1.0,0.5639751552795031,597,,,0.002273664213549475,-0.005185424879685957,0.010709007473661266,0.013950424936840802,,0.6666666666666666,0.0014939961097259723,0.07670622115772675,0.5,0.14737670850982743,-0.0071341896013716885,3.622365986055108,0.005738472681008617,0.08583893778929186,0.0,12.0,0.002479311500392718,0.002479311500392718,9.001717518526635e-05,0.2722748674397592,3,1,1,5,5,stage_a_context,,long,5-way,True,,production,0.0014939961097259723,-0.0071341896013716885,-0.0931970789013395,1.0,primary_target,0,rejected,research,"{""checks"": {""n_folds"": {""value"": 3, ""threshold"": 3, ""passed"": true}, ""presence_freq"": {""value"": 1.0, ""threshold"": 0.75, ""passed"": true}, ""directional_mean_ret"": {""value"": 0.27236488461494446, ""threshold"": 0.0, ""passed"": true}, ""hurdle_excess"": {""value"": 0.2722748674397592, ""threshold"": 0.0, ""passed"": true}, ""min_support_actual"": {""value"": 597, ""threshold"": 50, ""passed"": true}, ""is_structurally_sound"": {""value"": false, ""passed"": false}, ""trade_path_quality_score"": {""value"": 0.0, ""threshold"": 0.0, ""passed"": true}}, ""failures"": [""structural_soundness_fail: ""], ""warnings"": [], ""classification"": ""research""}",4.220660511218012,35.2,7.740660511218012,production,False,False,0.1
(*)|(*)|(reg_atr_change_rate_ts_band40_60==0&reg_atr_change_rate_ts_top20==1&reg_atr_change_rate_ts_top30==0&reg_atr_change_rate_ts_top50==0&reg_ema20_gt_ema50_raw==0),*,*,reg_atr_change_rate_ts_band40_60==0&reg_atr_change_rate_ts_top20==1&reg_atr_change_rate_ts_top30==0&reg_atr_change_rate_ts_top50==0&reg_ema20_gt_ema50_raw==0,0.27236488461494446,0.27236488461494446,0.02223917175073188,0.16878973444302878,0.09563152896486231,0.014773818895435262,1.0,1.0,0.5639751552795031,597,,,0.002273664213549475,-0.005185424879685957,0.010709007473661266,0.013950424936840802,,0.6666666666666666,0.0014939961097259723,0.07670622115772675,0.5,0.14737670850982743,-0.0071341896013716885,3.622365986055108,0.005738472681008617,0.08583893778929186,0.0,12.0,0.002479311500392718,0.002479311500392718,9.001717518526635e-05,0.2722748674397592,3,1,1,5,5,stage_a_context,,long,5-way,True,,production,0.0014939961097259723,-0.0071341896013716885,-0.0931970789013395,1.0,primary_target,0,rejected,research,"{""checks"": {""n_folds"": {""value"": 3, ""threshold"": 3, ""passed"": true}, ""presence_freq"": {""value"": 1.0, ""threshold"": 0.75, ""passed"": true}, ""directional_mean_ret"": {""value"": 0.27236488461494446, ""threshold"": 0.0, ""passed"": true}, ""hurdle_excess"": {""value"": 0.2722748674397592, ""threshold"": 0.0, ""passed"": true}, ""min_support_actual"": {""value"": 597, ""threshold"": 50, ""passed"": true}, ""is_structurally_sound"": {""value"": false, ""passed"": false}, ""trade_path_quality_score"": {""value"": 0.0, ""threshold"": 0.0, ""passed"": true}}, ""failures"": [""structural_soundness_fail: ""], ""warnings"": [], ""classification"": ""research""}",4.4655789425596595,34.6,7.92557894255966,production,False,False,0.1
(*)|(*)|(reg_atr_change_rate_ts_top20==1&reg_atr_change_rate_ts_top30==0&reg_atr_change_rate_ts_top60==0&reg_ema20_gt_ema50_raw==0),*,*,reg_atr_change_rate_ts_top20==1&reg_atr_change_rate_ts_top30==0&reg_atr_change_rate_ts_top60==0&reg_ema20_gt_ema50_raw==0,0.27236488461494446,0.27236488461494446,0.02223917175073188,0.16878973444302878,0.09563152896486231,0.014773818895435262,1.0,1.0,0.5639751552795031,597,,,0.002273664213549475,-0.005185424879685957,0.010709007473661266,0.013950424936840802,,0.6666666666666666,0.0014939961097259723,0.07670622115772675,0.5,0.14737670850982743,-0.0071341896013716885,3.622365986055108,0.005738472681008617,0.08583893778929186,0.0,12.0,0.002479311500392718,0.002479311500392718,9.001717518526635e-05,0.2722748674397592,3,1,1,4,4,stage_a_context,,long,4-way,True,,production,0.0014939961097259723,-0.0071341896013716885,-0.0931970789013395,1.0,primary_target,0,rejected,research,"{""checks"": {""n_folds"": {""value"": 3, ""threshold"": 3, ""passed"": true}, ""presence_freq"": {""value"": 1.0, ""threshold"": 0.75, ""passed"": true}, ""directional_mean_ret"": {""value"": 0.27236488461494446, ""threshold"": 0.0, ""passed"": true}, ""hurdle_excess"": {""value"": 0.2722748674397592, ""threshold"": 0.0, ""passed"": true}, ""min_support_actual"": {""value"": 597, ""threshold"": 50, ""passed"": true}, ""is_structurally_sound"": {""value"": false, ""passed"": false}, ""trade_path_quality_score"": {""value"": 0.0, ""threshold"": 0.0, ""passed"": true}}, ""failures"": [""structural_soundness_fail: ""], ""warnings"": [], ""classification"": ""research""}",4.562217896105722,36.0,8.162217896105721,production,False,False,0.1
(*)|(loc_dist_ema20_atr_ts_top30==0)|(reg_atr_change_rate_ts_band20_80==1&reg_atr_change_rate_ts_band30_70==0&reg_atr_change_rate_ts_top80==0&reg_ema20_gt_ema50_raw==0),*,loc_dist_ema20_atr_ts_top30==0,reg_atr_change_rate_ts_band20_80==1&reg_atr_change_rate_ts_band30_70==0&reg_atr_change_rate_ts_top80==0&reg_ema20_gt_ema50_raw==0,0.27236488461494446,0.27236488461494446,0.02223917175073188,0.16878973444302878,0.09563152896486231,0.014773818895435262,1.0,1.0,0.5639751552795031,597,,,0.002273664213549475,-0.005185424879685957,0.010709007473661266,0.013950424936840802,,0.6666666666666666,0.0014939961097259723,0.07670622115772675,0.5,0.14737670850982743,-0.0071341896013716885,3.622365986055108,0.005738472681008617,0.08583893778929186,0.0,12.0,0.002479311500392718,0.002479311500392718,9.001717518526635e-05,0.2722748674397592,3,1,1,5,5,stage_a_context,,long,5-way,True,,production,0.0014939961097259723,-0.0071341896013716885,-0.0931970789013395,1.0,primary_target,0,rejected,research,"{""checks"": {""n_folds"": {""value"": 3, ""threshold"": 3, ""passed"": true}, ""presence_freq"": {""value"": 1.0, ""threshold"": 0.75, ""passed"": true}, ""directional_mean_ret"": {""value"": 0.27236488461494446, ""threshold"": 0.0, ""passed"": true}, ""hurdle_excess"": {""value"": 0.2722748674397592, ""threshold"": 0.0, ""passed"": true}, ""min_support_actual"": {""value"": 597, ""threshold"": 50, ""passed"": true}, ""is_structurally_sound"": {""value"": false, ""passed"": false}, ""trade_path_quality_score"": {""value"": 0.0, ""threshold"": 0.0, ""passed"": true}}, ""failures"": [""structural_soundness_fail: ""], ""warnings"": [], ""classification"": ""research""}",4.368145810905844,16.2,5.988145810905844,production,False,False,0.1
(*)|(loc_dist_ema20_atr_ts_band30_70==0&loc_dist_ema20_atr_ts_top80==0)|(reg_atr_change_rate_ts_top20==1&reg_atr_change_rate_ts_top60==0&reg_ema20_gt_ema50_raw==0),*,loc_dist_ema20_atr_ts_band30_70==0&loc_dist_ema20_atr_ts_top80==0,reg_atr_change_rate_ts_top20==1&reg_atr_change_rate_ts_top60==0&reg_ema20_gt_ema50_raw==0,0.27236488461494446,0.27236488461494446,0.02223917175073188,0.16878973444302878,0.09563152896486231,0.014773818895435262,1.0,1.0,0.5639751552795031,597,,,0.002273664213549475,-0.005185424879685957,0.010709007473661266,0.013950424936840802,,0.6666666666666666,0.0014939961097259723,0.07670622115772675,0.5,0.14737670850982743,-0.0071341896013716885,3.622365986055108,0.005738472681008617,0.08583893778929186,0.0,12.0,0.002479311500392718,0.002479311500392718,9.001717518526635e-05,0.2722748674397592,3,1,1,5,5,stage_a_context,,long,5-way,True,,production,0.0014939961097259723,-0.0071341896013716885,-0.0931970789013395,1.0,primary_target,0,rejected,research,"{""checks"": {""n_folds"": {""value"": 3, ""threshold"": 3, ""passed"": true}, ""presence_freq"": {""value"": 1.0, ""threshold"": 0.75, ""passed"": true}, ""directional_mean_ret"": {""value"": 0.27236488461494446, ""threshold"": 0.0, ""passed"": true}, ""hurdle_excess"": {""value"": 0.2722748674397592, ""threshold"": 0.0, ""passed"": true}, ""min_support_actual"": {""value"": 597, ""threshold"": 50, ""passed"": true}, ""is_structurally_sound"": {""value"": false, ""passed"": false}, ""trade_path_quality_score"": {""value"": 0.0, ""threshold"": 0.0, ""passed"": true}}, ""failures"": [""structural_soundness_fail: ""], ""warnings"": [], ""classification"": ""research""}",3.5544530006125568,25.4,6.094453000612557,production,False,False,0.1
(*)|(*)|(reg_atr_change_rate_ts_band20_80==1&reg_atr_change_rate_ts_band40_60==0&reg_atr_change_rate_ts_top50==0),*,*,reg_atr_change_rate_ts_band20_80==1&reg_atr_change_rate_ts_band40_60==0&reg_atr_change_rate_ts_top50==0,0.27200716237227124,0.27200716237227124,0.018867778122995994,0.1684907227754593,0.18955365622032286,0.029265406332011093,1.0,1.0,0.5594493116395495,1176,,,0.006197251295968085,0.0008669656387799048,0.016547407279291163,0.016702614944817805,,0.6666666666666666,-0.008966882662638667,-1.2044893131111565,0.6666666666666666,-0.046550281225023325,-0.011090964234691818,-30.51024173244178,0.08049815197246281,0.0002533297122648672,0.0,12.0,0.00016023106635932214,0.00016023106635932214,7.28069500698497e-05,0.2719343554222014,3,1,1,3,3,stage_a_context,,long,3-way,True,,production,-0.008966882662638667,-0.011090964234691818,-0.05025609076673213,0.30446343779677154,primary_target,0,rejected,research,"{""checks"": {""n_folds"": {""value"": 3, ""threshold"": 3, ""passed"": true}, ""presence_freq"": {""value"": 1.0, ""threshold"": 0.75, ""passed"": true}, ""directional_mean_ret"": {""value"": 0.27200716237227124, ""threshold"": 0.0, ""passed"": true}, ""hurdle_excess"": {""value"": 0.2719343554222014, ""threshold"": 0.0, ""passed"": true}, ""min_support_actual"": {""value"": 1176, ""threshold"": 50, ""passed"": true}, ""is_structurally_sound"": {""value"": false, ""passed"": false}, ""trade_path_quality_score"": {""value"": 0.0, ""threshold"": 0.0, ""passed"": true}}, ""failures"": [""structural_soundness_fail: ""], ""warnings"": [], ""classification"": ""research""}",2.2064895780446627,23.666666666666668,4.573156244711329,production,False,False,0.3
(*)|(*)|(reg_atr_change_rate_ts_band40_60==0&reg_atr_change_rate_ts_top20==1&reg_atr_change_rate_ts_top50==0&reg_ema20_gt_ema50_raw==0),*,*,reg_atr_change_rate_ts_band40_60==0&reg_atr_change_rate_ts_top20==1&reg_atr_change_rate_ts_top50==0&reg_ema20_gt_ema50_raw==0,0.27200716237227124,0.27200716237227124,0.018867778122995994,0.1684907227754593,0.18955365622032286,0.029265406332011093,1.0,1.0,0.5594493116395495,1176,,,0.006197251295968085,0.0008669656387799048,0.016547407279291163,0.016702614944817805,,0.6666666666666666,-0.008966882662638667,-1.2044893131111565,0.6666666666666666,-0.046550281225023325,-0.011090964234691818,-30.51024173244178,0.08049815197246281,0.0002533297122648672,0.0,12.0,0.00016023106635932214,0.00016023106635932214,9.36089358040925e-05,0.27191355343646717,3,1,1,4,4,stage_a_context,,long,4-way,True,,production,-0.008966882662638667,-0.011090964234691818,-0.05025609076673213,0.30446343779677154,primary_target,0,rejected,research,"{""checks"": {""n_folds"": {""value"": 3, ""threshold"": 3, ""passed"": true}, ""presence_freq"": {""value"": 1.0, ""threshold"": 0.75, ""passed"": true}, ""directional_mean_ret"": {""value"": 0.27200716237227124, ""threshold"": 0.0, ""passed"": true}, ""hurdle_excess"": {""value"": 0.27191355343646717, ""threshold"": 0.0, ""passed"": true}, ""min_support_actual"": {""value"": 1176, ""threshold"": 50, ""passed"": true}, ""is_structurally_sound"": {""value"": false, ""passed"": false}, ""trade_path_quality_score"": {""value"": 0.0, ""threshold"": 0.0, ""passed"": true}}, ""failures"": [""structural_soundness_fail: ""], ""warnings"": [], ""classification"": ""research""}",3.4055904005654156,17.75,5.180590400565416,production,False,False,0.1
(*)|(*)|(reg_atr_change_rate_ts_top20==1&reg_atr_change_rate_ts_top40==0&reg_atr_change_rate_ts_top70==0&reg_ema20_gt_ema50_raw==0),*,*,reg_atr_change_rate_ts_top20==1&reg_atr_change_rate_ts_top40==0&reg_atr_change_rate_ts_top70==0&reg_ema20_gt_ema50_raw==0,0.27200716237227124,0.27200716237227124,0.018867778122995994,0.1684907227754593,0.18955365622032286,0.029265406332011093,1.0,1.0,0.5594493116395495,1176,,,0.006197251295968085,0.0008669656387799048,0.016547407279291163,0.016702614944817805,,0.6666666666666666,-0.008966882662638667,-1.2044893131111565,0.6666666666666666,-0.046550281225023325,-0.011090964234691818,-30.51024173244178,0.08049815197246281,0.0002533297122648672,0.0,12.0,0.00016023106635932214,0.00016023106635932214,9.36089358040925e-05,0.27191355343646717,3,2,2,4,4,stage_a_context,,long,4-way,True,,production,-0.008966882662638667,-0.011090964234691818,-0.05025609076673213,0.30446343779677154,primary_target,0,rejected,research,"{""checks"": {""n_folds"": {""value"": 3, ""threshold"": 3, ""passed"": true}, ""presence_freq"": {""value"": 1.0, ""threshold"": 0.75, ""passed"": true}, ""directional_mean_ret"": {""value"": 0.27200716237227124, ""threshold"": 0.0, ""passed"": true}, ""hurdle_excess"": {""value"": 0.27191355343646717, ""threshold"": 0.0, ""passed"": true}, ""min_support_actual"": {""value"": 1176, ""threshold"": 50, ""passed"": true}, ""is_structurally_sound"": {""value"": false, ""passed"": false}, ""trade_path_quality_score"": {""value"": 0.0, ""threshold"": 0.0, ""passed"": true}}, ""failures"": [""structural_soundness_fail: ""], ""warnings"": [], ""classification"": ""research""}",3.5558803998865187,22.0,5.755880399886519,production,False,False,0.1
(*)|(loc_dist_ema20_atr_ts_top40==0)|(reg_atr_change_rate_ts_top20==1&reg_atr_change_rate_ts_top50==0&reg_ema50_gt_ema200_raw==0),*,loc_dist_ema20_atr_ts_top40==0,reg_atr_change_rate_ts_top20==1&reg_atr_change_rate_ts_top50==0&reg_ema50_gt_ema200_raw==0,0.27200716237227124,0.27200716237227124,0.018867778122995994,0.1684907227754593,0.18955365622032286,0.029265406332011093,1.0,1.0,0.5594493116395495,1176,,,0.006197251295968085,0.0008669656387799048,0.016547407279291163,0.016702614944817805,,0.6666666666666666,-0.008966882662638667,-1.2044893131111565,0.6666666666666666,-0.046550281225023325,-0.011090964234691818,-30.51024173244178,0.08049815197246281,0.0002533297122648672,0.0,12.0,0.00016023106635932214,0.00016023106635932214,9.36089358040925e-05,0.27191355343646717,3,1,1,4,4,stage_a_context,,long,4-way,True,,production,-0.008966882662638667,-0.011090964234691818,-0.05025609076673213,0.30446343779677154,primary_target,0,rejected,research,"{""checks"": {""n_folds"": {""value"": 3, ""threshold"": 3, ""passed"": true}, ""presence_freq"": {""value"": 1.0, ""threshold"": 0.75, ""passed"": true}, ""directional_mean_ret"": {""value"": 0.27200716237227124, ""threshold"": 0.0, ""passed"": true}, ""hurdle_excess"": {""value"": 0.27191355343646717, ""threshold"": 0.0, ""passed"": true}, ""min_support_actual"": {""value"": 1176, ""threshold"": 50, ""passed"": true}, ""is_structurally_sound"": {""value"": false, ""passed"": false}, ""trade_path_quality_score"": {""value"": 0.0, ""threshold"": 0.0, ""passed"": true}}, ""failures"": [""structural_soundness_fail: ""], ""warnings"": [], ""classification"": ""research""}",3.1949559117201716,19.25,5.119955911720171,production,False,False,0.1
(*)|(loc_dist_ema20_atr_ts_top40==0)|(reg_atr_change_rate_ts_top30==1&reg_atr_change_rate_ts_top50==0),*,loc_dist_ema20_atr_ts_top40==0,reg_atr_change_rate_ts_top30==1&reg_atr_change_rate_ts_top50==0,0.27168169617652893,0.27168169617652893,0.016311600933588122,0.16783811648686728,0.09392212725546058,0.014504909928658731,1.0,1.0,0.5760197775030902,579,,,0.006080378298726167,0.003227026990209789,0.004833844211152362,0.008310462563455643,,1.0,,,,-0.03450293804400581,,,,0.03623904116624627,0.0,12.0,0.001686460129719753,0.001686460129719753,7.002585837596916e-05,0.271611670318153,3,1,1,3,3,stage_a_context,,long,3-way,True,,production,,,-0.0970122310885877,1.0,primary_target,0,rejected,research,"{""checks"": {""n_folds"": {""value"": 3, ""threshold"": 3, ""passed"": true}, ""presence_freq"": {""value"": 1.0, ""threshold"": 0.75, ""passed"": true}, ""directional_mean_ret"": {""value"": 0.27168169617652893, ""threshold"": 0.0, ""passed"": true}, ""hurdle_excess"": {""value"": 0.271611670318153, ""threshold"": 0.0, ""passed"": true}, ""min_support_actual"": {""value"": 579, ""threshold"": 50, ""passed"": true}, ""is_structurally_sound"": {""value"": false, ""passed"": false}, ""trade_path_quality_score"": {""value"": 0.0, ""threshold"": 0.0, ""passed"": true}}, ""failures"": [""structural_soundness_fail: ""], ""warnings"": [], ""classification"": ""research""}",2.1457643459240594,22.666666666666668,4.4124310125907265,production,False,False,0.3
(*)|(*)|(reg_atr_change_rate_ts_band30_70==1&reg_atr_change_rate_ts_top20==1&reg_atr_change_rate_ts_top40==0),*,*,reg_atr_change_rate_ts_band30_70==1&reg_atr_change_rate_ts_top20==1&reg_atr_change_rate_ts_top40==0,0.27168169617652893,0.27168169617652893,0.016311600933588122,0.16783811648686728,0.09392212725546058,0.014504909928658731,1.0,1.0,0.5760197775030902,579,,,0.006080378298726167,0.003227026990209789,0.004833844211152362,0.008310462563455643,,1.0,,,,-0.03450293804400581,,,,0.03623904116624627,0.0,12.0,0.001686460129719753,0.001686460129719753,7.002585837596916e-05,0.271611670318153,3,1,1,3,3,stage_a_context,,long,3-way,True,,production,,,-0.0970122310885877,1.0,primary_target,0,rejected,research,"{""checks"": {""n_folds"": {""value"": 3, ""threshold"": 3, ""passed"": true}, ""presence_freq"": {""value"": 1.0, ""threshold"": 0.75, ""passed"": true}, ""directional_mean_ret"": {""value"": 0.27168169617652893, ""threshold"": 0.0, ""passed"": true}, ""hurdle_excess"": {""value"": 0.271611670318153, ""threshold"": 0.0, ""passed"": true}, ""min_support_actual"": {""value"": 579, ""threshold"": 50, ""passed"": true}, ""is_structurally_sound"": {""value"": false, ""passed"": false}, ""trade_path_quality_score"": {""value"": 0.0, ""threshold"": 0.0, ""passed"": true}}, ""failures"": [""structural_soundness_fail: ""], ""warnings"": [], ""classification"": ""research""}",3.6882078416335085,26.0,6.2882078416335085,production,False,False,0.3
(*)|(*)|(reg_atr_change_rate_ts_top30==1&reg_atr_change_rate_ts_top40==0),*,*,reg_atr_change_rate_ts_top30==1&reg_atr_change_rate_ts_top40==0,0.27168169617652893,0.27168169617652893,0.016311600933588122,0.16783811648686728,0.09392212725546058,0.014504909928658731,1.0,1.0,0.5760197775030902,579,,,0.006080378298726167,0.003227026990209789,0.004833844211152362,0.008310462563455643,,1.0,,,,-0.03450293804400581,,,,0.03623904116624627,0.0,12.0,0.001686460129719753,0.001686460129719753,8.5031399456534e-05,0.2715966647770724,3,2,2,2,2,stage_a_context,,long,2-way,True,,production,,,-0.0970122310885877,1.0,primary_target,0,rejected,research,"{""checks"": {""n_folds"": {""value"": 3, ""threshold"": 3, ""passed"": true}, ""presence_freq"": {""value"": 1.0, ""threshold"": 0.75, ""passed"": true}, ""directional_mean_ret"": {""value"": 0.27168169617652893, ""threshold"": 0.0, ""passed"": true}, ""hurdle_excess"": {""value"": 0.2715966647770724, ""threshold"": 0.0, ""passed"": true}, ""min_support_actual"": {""value"": 579, ""threshold"": 50, ""passed"": true}, ""is_structurally_sound"": {""value"": false, ""passed"": false}, ""trade_path_quality_score"": {""value"": 0.0, ""threshold"": 0.0, ""passed"": true}}, ""failures"": [""structural_soundness_fail: ""], ""warnings"": [], ""classification"": ""research""}",2.1351027484051883,27.5,4.885102748405188,production,False,False,0.15
(*)|(*)|(reg_atr_change_rate_ts_band30_70==1&reg_atr_change_rate_ts_band40_60==0&reg_atr_change_rate_ts_bot50==1&reg_atr_change_rate_ts_top20==1),*,*,reg_atr_change_rate_ts_band30_70==1&reg_atr_change_rate_ts_band40_60==0&reg_atr_change_rate_ts_bot50==1&reg_atr_change_rate_ts_top20==1,0.27168169617652893,0.27168169617652893,0.016311600933588122,0.16783811648686728,0.09392212725546058,0.014504909928658731,1.0,1.0,0.5760197775030902,579,,,0.006080378298726167,0.003227026990209789,0.004833844211152362,0.008310462563455643,,1.0,,,,-0.03450293804400581,,,,0.03623904116624627,0.0,12.0,0.001686460129719753,0.001686460129719753,9.003324648338894e-05,0.27159166293004555,3,1,1,4,4,stage_a_context,,long,4-way,True,,production,,,-0.0970122310885877,1.0,primary_target,0,rejected,research,"{""checks"": {""n_folds"": {""value"": 3, ""threshold"": 3, ""passed"": true}, ""presence_freq"": {""value"": 1.0, ""threshold"": 0.75, ""passed"": true}, ""directional_mean_ret"": {""value"": 0.27168169617652893, ""threshold"": 0.0, ""passed"": true}, ""hurdle_excess"": {""value"": 0.27159166293004555, ""threshold"": 0.0, ""passed"": true}, ""min_support_actual"": {""value"": 579, ""threshold"": 50, ""passed"": true}, ""is_structurally_sound"": {""value"": false, ""passed"": false}, ""trade_path_quality_score"": {""value"": 0.0, ""threshold"": 0.0, ""passed"": true}}, ""failures"": [""structural_soundness_fail: ""], ""warnings"": [], ""classification"": ""research""}",3.006205539102666,22.5,5.256205539102666,production,False,False,0.1
(*)|(*)|(reg_atr_change_rate_ts_band40_60==0&reg_atr_change_rate_ts_top20==1&reg_atr_change_rate_ts_top30==1&reg_atr_change_rate_ts_top50==0&reg_ema20_gt_ema50_raw==0),*,*,reg_atr_change_rate_ts_band40_60==0&reg_atr_change_rate_ts_top20==1&reg_atr_change_rate_ts_top30==1&reg_atr_change_rate_ts_top50==0&reg_ema20_gt_ema50_raw==0,0.27168169617652893,0.27168169617652893,0.016311600933588122,0.16783811648686728,0.09392212725546058,0.014504909928658731,1.0,1.0,0.5760197775030902,579,,,0.006080378298726167,0.003227026990209789,0.004833844211152362,0.008310462563455643,,1.0,,,,-0.03450293804400581,,,,0.03623904116624627,0.0,12.0,0.001686460129719753,0.001686460129719753,9.003324648338894e-05,0.27159166293004555,3,1,1,5,5,stage_a_context,,long,5-way,True,,production,,,-0.0970122310885877,1.0,primary_target,0,rejected,research,"{""checks"": {""n_folds"": {""value"": 3, ""threshold"": 3, ""passed"": true}, ""presence_freq"": {""value"": 1.0, ""threshold"": 0.75, ""passed"": true}, ""directional_mean_ret"": {""value"": 0.27168169617652893, ""threshold"": 0.0, ""passed"": true}, ""hurdle_excess"": {""value"": 0.27159166293004555, ""threshold"": 0.0, ""passed"": true}, ""min_support_actual"": {""value"": 579, ""threshold"": 50, ""passed"": true}, ""is_structurally_sound"": {""value"": false, ""passed"": false}, ""trade_path_quality_score"": {""value"": 0.0, ""threshold"": 0.0, ""passed"": true}}, ""failures"": [""structural_soundness_fail: ""], ""warnings"": [], ""classification"": ""research""}",4.4655789425596595,34.6,7.92557894255966,production,False,False,0.1
(*)|(*)|(reg_atr_change_rate_ts_band30_70==1&reg_atr_change_rate_ts_band40_60==0&reg_atr_change_rate_ts_top20==1&reg_atr_change_rate_ts_top40==0),*,*,reg_atr_change_rate_ts_band30_70==1&reg_atr_change_rate_ts_band40_60==0&reg_atr_change_rate_ts_top20==1&reg_atr_change_rate_ts_top40==0,0.27168169617652893,0.27168169617652893,0.016311600933588122,0.16783811648686728,0.09392212725546058,0.014504909928658731,1.0,1.0,0.5760197775030902,579,,,0.006080378298726167,0.003227026990209789,0.004833844211152362,0.008310462563455643,,1.0,,,,-0.03450293804400581,,,,0.03623904116624627,0.0,12.0,0.001686460129719753,0.001686460129719753,9.003324648338894e-05,0.27159166293004555,3,1,1,4,4,stage_a_context,,long,4-way,True,,production,,,-0.0970122310885877,1.0,primary_target,0,rejected,research,"{""checks"": {""n_folds"": {""value"": 3, ""threshold"": 3, ""passed"": true}, ""presence_freq"": {""value"": 1.0, ""threshold"": 0.75, ""passed"": true}, ""directional_mean_ret"": {""value"": 0.27168169617652893, ""threshold"": 0.0, ""passed"": true}, ""hurdle_excess"": {""value"": 0.27159166293004555, ""threshold"": 0.0, ""passed"": true}, ""min_support_actual"": {""value"": 579, ""threshold"": 50, ""passed"": true}, ""is_structurally_sound"": {""value"": false, ""passed"": false}, ""trade_path_quality_score"": {""value"": 0.0, ""threshold"": 0.0, ""passed"": true}}, ""failures"": [""structural_soundness_fail: ""], ""warnings"": [], ""classification"": ""research""}",3.3093117779353634,26.5,5.959311777935364,production,False,False,0.1
(*)|(loc_dist_ema20_atr_ts_band40_60==0)|(reg_atr_change_rate_ts_band25_75==1&reg_atr_change_rate_ts_top30==1&reg_atr_change_rate_ts_top40==0),*,loc_dist_ema20_atr_ts_band40_60==0,reg_atr_change_rate_ts_band25_75==1&reg_atr_change_rate_ts_top30==1&reg_atr_change_rate_ts_top40==0,0.27168169617652893,0.27168169617652893,0.016311600933588122,0.16783811648686728,0.09392212725546058,0.014504909928658731,1.0,1.0,0.5760197775030902,579,,,0.006080378298726167,0.003227026990209789,0.004833844211152362,0.008310462563455643,,1.0,,,,-0.03450293804400581,,,,0.03623904116624627,0.0,12.0,0.001686460129719753,0.001686460129719753,9.003324648338894e-05,0.27159166293004555,3,1,1,4,4,stage_a_context,,long,4-way,True,,production,,,-0.0970122310885877,1.0,primary_target,0,rejected,research,"{""checks"": {""n_folds"": {""value"": 3, ""threshold"": 3, ""passed"": true}, ""presence_freq"": {""value"": 1.0, ""threshold"": 0.75, ""passed"": true}, ""directional_mean_ret"": {""value"": 0.27168169617652893, ""threshold"": 0.0, ""passed"": true}, ""hurdle_excess"": {""value"": 0.27159166293004555, ""threshold"": 0.0, ""passed"": true}, ""min_support_actual"": {""value"": 579, ""threshold"": 50, ""passed"": true}, ""is_structurally_sound"": {""value"": false, ""passed"": false}, ""trade_path_quality_score"": {""value"": 0.0, ""threshold"": 0.0, ""passed"": true}}, ""failures"": [""structural_soundness_fail: ""], ""warnings"": [], ""classification"": ""research""}",2.3821719337720424,24.5,4.832171933772043,production,False,False,0.1
(*)|(loc_dist_ema20_atr_ts_top30==1&loc_dist_ema20_atr_ts_top50==0)|(reg_atr_change_rate_ts_band25_75==1&reg_atr_change_rate_ts_top20==1&reg_atr_change_rate_ts_top40==0),*,loc_dist_ema20_atr_ts_top30==1&loc_dist_ema20_atr_ts_top50==0,reg_atr_change_rate_ts_band25_75==1&reg_atr_change_rate_ts_top20==1&reg_atr_change_rate_ts_top40==0,0.27168169617652893,0.27168169617652893,0.016311600933588122,0.16783811648686728,0.09392212725546058,0.014504909928658731,1.0,1.0,0.5760197775030902,579,,,0.006080378298726167,0.003227026990209789,0.004833844211152362,0.008310462563455643,,1.0,,,,-0.03450293804400581,,,,0.03623904116624627,0.0,12.0,0.001686460129719753,0.001686460129719753,9.003324648338894e-05,0.27159166293004555,3,1,1,5,5,stage_a_context,,long,5-way,True,,production,,,-0.0970122310885877,1.0,primary_target,0,rejected,research,"{""checks"": {""n_folds"": {""value"": 3, ""threshold"": 3, ""passed"": true}, ""presence_freq"": {""value"": 1.0, ""threshold"": 0.75, ""passed"": true}, ""directional_mean_ret"": {""value"": 0.27168169617652893, ""threshold"": 0.0, ""passed"": true}, ""hurdle_excess"": {""value"": 0.27159166293004555, ""threshold"": 0.0, ""passed"": true}, ""min_support_actual"": {""value"": 579, ""threshold"": 50, ""passed"": true}, ""is_structurally_sound"": {""value"": false, ""passed"": false}, ""trade_path_quality_score"": {""value"": 0.0, ""threshold"": 0.0, ""passed"": true}}, ""failures"": [""structural_soundness_fail: ""], ""warnings"": [], ""classification"": ""research""}",3.348233751952648,23.8,5.728233751952649,production,False,False,0.1
(*)|(*)|(reg_atr_change_rate_ts_band20_80==1&reg_atr_change_rate_ts_band40_60==1&reg_atr_change_rate_ts_top50==0),*,*,reg_atr_change_rate_ts_band20_80==1&reg_atr_change_rate_ts_band40_60==1&reg_atr_change_rate_ts_top50==0,0.2716555098692576,0.2716555098692576,0.013511536273382455,0.16244943936665854,0.0908831908831909,0.005518296173169897,1.0,1.0,0.5956907477820025,603,,,0.005808035192059242,0.001575536501304646,0.011095235119115632,0.012684133846342031,,0.6666666666666666,,,,-0.010712601439579805,,,,0.03623904116624627,0.0,12.0,0.0016925996245446303,0.0016925996245446303,7.005818134593064e-05,0.2715854516879117,3,3,3,3,3,stage_a_context,,long,3-way,True,,production,,,-0.11079982608770056,1.0,primary_target,0,rejected,research,"{""checks"": {""n_folds"": {""value"": 3, ""threshold"": 3, ""passed"": true}, ""presence_freq"": {""value"": 1.0, ""threshold"": 0.75, ""passed"": true}, ""directional_mean_ret"": {""value"": 0.2716555098692576, ""threshold"": 0.0, ""passed"": true}, ""hurdle_excess"": {""value"": 0.2715854516879117, ""threshold"": 0.0, ""passed"": true}, ""min_support_actual"": {""value"": 603, ""threshold"": 50, ""passed"": true}, ""is_structurally_sound"": {""value"": false, ""passed"": false}, ""trade_path_quality_score"": {""value"": 0.0, ""threshold"": 0.0, ""passed"": true}}, ""failures"": [""structural_soundness_fail: ""], ""warnings"": [], ""classification"": ""research""}",2.261015937870575,20.555555555555557,4.316571493426131,production,False,False,0.3
(*)|(loc_dist_ema20_atr_ts_band25_75==1)|(reg_atr_change_rate_ts_band40_60==1&reg_atr_change_rate_ts_top50==0),*,loc_dist_ema20_atr_ts_band25_75==1,reg_atr_change_rate_ts_band40_60==1&reg_atr_change_rate_ts_top50==0,0.2716555098692576,0.2716555098692576,0.013511536273382455,0.16244943936665854,0.0908831908831909,0.005518296173169897,1.0,1.0,0.5956907477820025,603,,,0.005808035192059242,0.001575536501304646,0.011095235119115632,0.012684133846342031,,0.6666666666666666,,,,-0.010712601439579805,,,,0.03623904116624627,0.0,12.0,0.0016925996245446303,0.0016925996245446303,7.005818134593064e-05,0.2715854516879117,3,1,1,3,3,stage_a_context,,long,3-way,True,,production,,,-0.11079982608770056,1.0,primary_target,0,rejected,research,"{""checks"": {""n_folds"": {""value"": 3, ""threshold"": 3, ""passed"": true}, ""presence_freq"": {""value"": 1.0, ""threshold"": 0.75, ""passed"": true}, ""directional_mean_ret"": {""value"": 0.2716555098692576, ""threshold"": 0.0, ""passed"": true}, ""hurdle_excess"": {""value"": 0.2715854516879117, ""threshold"": 0.0, ""passed"": true}, ""min_support_actual"": {""value"": 603, ""threshold"": 50, ""passed"": true}, ""is_structurally_sound"": {""value"": false, ""passed"": false}, ""trade_path_quality_score"": {""value"": 0.0, ""threshold"": 0.0, ""passed"": true}}, ""failures"": [""structural_soundness_fail: ""], ""warnings"": [], ""classification"": ""research""}",2.24555216015627,21.666666666666668,4.4122188268229365,production,False,False,0.3
(*)|(*)|(reg_atr_change_rate_ts_top20==1&reg_atr_change_rate_ts_top40==1&reg_atr_change_rate_ts_top50==0),*,*,reg_atr_change_rate_ts_top20==1&reg_atr_change_rate_ts_top40==1&reg_atr_change_rate_ts_top50==0,0.2716555098692576,0.2716555098692576,0.013511536273382455,0.16244943936665854,0.0908831908831909,0.005518296173169897,1.0,1.0,0.5956907477820025,603,,,0.005808035192059242,0.001575536501304646,0.011095235119115632,0.012684133846342031,,0.6666666666666666,,,,-0.010712601439579805,,,,0.03623904116624627,0.0,12.0,0.0016925996245446303,0.0016925996245446303,7.005818134593064e-05,0.2715854516879117,3,3,3,3,3,stage_a_context,,long,3-way,True,,production,,,-0.11079982608770056,1.0,primary_target,0,rejected,research,"{""checks"": {""n_folds"": {""value"": 3, ""threshold"": 3, ""passed"": true}, ""presence_freq"": {""value"": 1.0, ""threshold"": 0.75, ""passed"": true}, ""directional_mean_ret"": {""value"": 0.2716555098692576, ""threshold"": 0.0, ""passed"": true}, ""hurdle_excess"": {""value"": 0.2715854516879117, ""threshold"": 0.0, ""passed"": true}, ""min_support_actual"": {""value"": 603, ""threshold"": 50, ""passed"": true}, ""is_structurally_sound"": {""value"": false, ""passed"": false}, ""trade_path_quality_score"": {""value"": 0.0, ""threshold"": 0.0, ""passed"": true}}, ""failures"": [""structural_soundness_fail: ""], ""warnings"": [], ""classification"": ""research""}",2.7851651296433477,19.444444444444443,4.7296095740877915,production,False,False,0.3
(*)|(*)|(reg_atr_change_rate_ts_band40_60==1&reg_atr_change_rate_ts_bot50==1&reg_atr_change_rate_ts_top20==1),*,*,reg_atr_change_rate_ts_band40_60==1&reg_atr_change_rate_ts_bot50==1&reg_atr_change_rate_ts_top20==1,0.2716555098692576,0.2716555098692576,0.013511536273382455,0.16244943936665854,0.0908831908831909,0.005518296173169897,1.0,1.0,0.5956907477820025,603,,,0.005808035192059242,0.001575536501304646,0.011095235119115632,0.012684133846342031,,0.6666666666666666,,,,-0.010712601439579805,,,,0.03623904116624627,0.0,12.0,0.0016925996245446303,0.0016925996245446303,7.005818134593064e-05,0.2715854516879117,3,1,1,3,3,stage_a_context,,long,3-way,True,,production,,,-0.11079982608770056,1.0,primary_target,0,rejected,research,"{""checks"": {""n_folds"": {""value"": 3, ""threshold"": 3, ""passed"": true}, ""presence_freq"": {""value"": 1.0, ""threshold"": 0.75, ""passed"": true}, ""directional_mean_ret"": {""value"": 0.2716555098692576, ""threshold"": 0.0, ""passed"": true}, ""hurdle_excess"": {""value"": 0.2715854516879117, ""threshold"": 0.0, ""passed"": true}, ""min_support_actual"": {""value"": 603, ""threshold"": 50, ""passed"": true}, ""is_structurally_sound"": {""value"": false, ""passed"": false}, ""trade_path_quality_score"": {""value"": 0.0, ""threshold"": 0.0, ""passed"": true}}, ""failures"": [""structural_soundness_fail: ""], ""warnings"": [], ""classification"": ""research""}",3.553133483355244,23.0,5.853133483355244,production,False,False,0.3
(*)|(*)|(reg_atr_change_rate_ts_band30_70==1&reg_atr_change_rate_ts_top40==1&reg_atr_change_rate_ts_top50==0),*,*,reg_atr_change_rate_ts_band30_70==1&reg_atr_change_rate_ts_top40==1&reg_atr_change_rate_ts_top50==0,0.2716555098692576,0.2716555098692576,0.013511536273382455,0.16244943936665854,0.0908831908831909,0.005518296173169897,1.0,1.0,0.5956907477820025,603,,,0.005808035192059242,0.001575536501304646,0.011095235119115632,0.012684133846342031,,0.6666666666666666,,,,-0.010712601439579805,,,,0.03623904116624627,0.0,12.0,0.0016925996245446303,0.0016925996245446303,7.005818134593064e-05,0.2715854516879117,3,1,1,3,3,stage_a_context,,long,3-way,True,,production,,,-0.11079982608770056,1.0,primary_target,0,rejected,research,"{""checks"": {""n_folds"": {""value"": 3, ""threshold"": 3, ""passed"": true}, ""presence_freq"": {""value"": 1.0, ""threshold"": 0.75, ""passed"": true}, ""directional_mean_ret"": {""value"": 0.2716555098692576, ""threshold"": 0.0, ""passed"": true}, ""hurdle_excess"": {""value"": 0.2715854516879117, ""threshold"": 0.0, ""passed"": true}, ""min_support_actual"": {""value"": 603, ""threshold"": 50, ""passed"": true}, ""is_structurally_sound"": {""value"": false, ""passed"": false}, ""trade_path_quality_score"": {""value"": 0.0, ""threshold"": 0.0, ""passed"": true}}, ""failures"": [""structural_soundness_fail: ""], ""warnings"": [], ""classification"": ""research""}",2.315131649530182,22.666666666666668,4.581798316196849,production,False,False,0.3
(*)|(loc_dist_ema20_atr_ts_top40==1)|(reg_atr_change_rate_ts_top30==1&reg_atr_change_rate_ts_top50==0),*,loc_dist_ema20_atr_ts_top40==1,reg_atr_change_rate_ts_top30==1&reg_atr_change_rate_ts_top50==0,0.2716555098692576,0.2716555098692576,0.013511536273382455,0.16244943936665854,0.0908831908831909,0.005518296173169897,1.0,1.0,0.5956907477820025,603,,,0.005808035192059242,0.001575536501304646,0.011095235119115632,0.012684133846342031,,0.6666666666666666,,,,-0.010712601439579805,,,,0.03623904116624627,0.0,12.0,0.0016925996245446303,0.0016925996245446303,7.005818134593064e-05,0.2715854516879117,3,1,1,3,3,stage_a_context,,long,3-way,True,,production,,,-0.11079982608770056,1.0,primary_target,0,rejected,research,"{""checks"": {""n_folds"": {""value"": 3, ""threshold"": 3, ""passed"": true}, ""presence_freq"": {""value"": 1.0, ""threshold"": 0.75, ""passed"": true}, ""directional_mean_ret"": {""value"": 0.2716555098692576, ""threshold"": 0.0, ""passed"": true}, ""hurdle_excess"": {""value"": 0.2715854516879117, ""threshold"": 0.0, ""passed"": true}, ""min_support_actual"": {""value"": 603, ""threshold"": 50, ""passed"": true}, ""is_structurally_sound"": {""value"": false, ""passed"": false}, ""trade_path_quality_score"": {""value"": 0.0, ""threshold"": 0.0, ""passed"": true}}, ""failures"": [""structural_soundness_fail: ""], ""warnings"": [], ""classification"": ""research""}",2.1457643459240594,22.666666666666668,4.4124310125907265,production,False,False,0.3
(*)|(*)|(reg_atr_change_rate_ts_top40==1&reg_atr_change_rate_ts_top50==0),*,*,reg_atr_change_rate_ts_top40==1&reg_atr_change_rate_ts_top50==0,0.2716555098692576,0.2716555098692576,0.013511536273382455,0.16244943936665854,0.0908831908831909,0.005518296173169897,1.0,1.0,0.5956907477820025,603,,,0.005808035192059242,0.001575536501304646,0.011095235119115632,0.012684133846342031,,0.6666666666666666,,,,-0.010712601439579805,,,,0.03623904116624627,0.0,12.0,0.0016925996245446303,0.0016925996245446303,8.50706487772015e-05,0.2715704392204804,3,3,3,2,2,stage_a_context,,long,2-way,True,,production,,,-0.11079982608770056,1.0,primary_target,0,rejected,research,"{""checks"": {""n_folds"": {""value"": 3, ""threshold"": 3, ""passed"": true}, ""presence_freq"": {""value"": 1.0, ""threshold"": 0.75, ""passed"": true}, ""directional_mean_ret"": {""value"": 0.2716555098692576, ""threshold"": 0.0, ""passed"": true}, ""hurdle_excess"": {""value"": 0.2715704392204804, ""threshold"": 0.0, ""passed"": true}, ""min_support_actual"": {""value"": 603, ""threshold"": 50, ""passed"": true}, ""is_structurally_sound"": {""value"": false, ""passed"": false}, ""trade_path_quality_score"": {""value"": 0.0, ""threshold"": 0.0, ""passed"": true}}, ""failures"": [""structural_soundness_fail: ""], ""warnings"": [], ""classification"": ""research""}",2.5735284336842597,21.166666666666668,4.690195100350926,production,False,False,0.15
(*)|(*)|(reg_atr_change_rate_ts_band40_60==1&reg_atr_change_rate_ts_top50==0),*,*,reg_atr_change_rate_ts_band40_60==1&reg_atr_change_rate_ts_top50==0,0.2716555098692576,0.2716555098692576,0.013511536273382455,0.16244943936665854,0.0908831908831909,0.005518296173169897,1.0,1.0,0.5956907477820025,603,,,0.005808035192059242,0.001575536501304646,0.011095235119115632,0.012684133846342031,,0.6666666666666666,,,,-0.010712601439579805,,,,0.03623904116624627,0.0,12.0,0.0016925996245446303,0.0016925996245446303,8.50706487772015e-05,0.2715704392204804,3,4,4,2,2,stage_a_context,,long,2-way,True,,production,,,-0.11079982608770056,1.0,primary_target,0,rejected,research,"{""checks"": {""n_folds"": {""value"": 3, ""threshold"": 3, ""passed"": true}, ""presence_freq"": {""value"": 1.0, ""threshold"": 0.75, ""passed"": true}, ""directional_mean_ret"": {""value"": 0.2716555098692576, ""threshold"": 0.0, ""passed"": true}, ""hurdle_excess"": {""value"": 0.2715704392204804, ""threshold"": 0.0, ""passed"": true}, ""min_support_actual"": {""value"": 603, ""threshold"": 50, ""passed"": true}, ""is_structurally_sound"": {""value"": false, ""passed"": false}, ""trade_path_quality_score"": {""value"": 0.0, ""threshold"": 0.0, ""passed"": true}}, ""failures"": [""structural_soundness_fail: ""], ""warnings"": [], ""classification"": ""research""}",2.4855419533560053,18.25,4.310541953356005,production,False,False,0.15
(*)|(loc_dist_ema20_atr_ts_top80==0)|(reg_atr_change_rate_ts_band40_60==1&reg_atr_change_rate_ts_top50==0&reg_ema20_gt_ema50_raw==0),*,loc_dist_ema20_atr_ts_top80==0,reg_atr_change_rate_ts_band40_60==1&reg_atr_change_rate_ts_top50==0&reg_ema20_gt_ema50_raw==0,0.2716555098692576,0.2716555098692576,0.013511536273382455,0.16244943936665854,0.0908831908831909,0.005518296173169897,1.0,1.0,0.5956907477820025,603,,,0.005808035192059242,0.001575536501304646,0.011095235119115632,0.012684133846342031,,0.6666666666666666,,,,-0.010712601439579805,,,,0.03623904116624627,0.0,12.0,0.0016925996245446303,0.0016925996245446303,9.007480458762511e-05,0.27156543506467,3,1,1,4,4,stage_a_context,,long,4-way,True,,production,,,-0.11079982608770056,1.0,primary_target,0,rejected,research,"{""checks"": {""n_folds"": {""value"": 3, ""threshold"": 3, ""passed"": true}, ""presence_freq"": {""value"": 1.0, ""threshold"": 0.75, ""passed"": true}, ""directional_mean_ret"": {""value"": 0.2716555098692576, ""threshold"": 0.0, ""passed"": true}, ""hurdle_excess"": {""value"": 0.27156543506467, ""threshold"": 0.0, ""passed"": true}, ""min_support_actual"": {""value"": 603, ""threshold"": 50, ""passed"": true}, ""is_structurally_sound"": {""value"": false, ""passed"": false}, ""trade_path_quality_score"": {""value"": 0.0, ""threshold"": 0.0, ""passed"": true}}, ""failures"": [""structural_soundness_fail: ""], ""warnings"": [], ""classification"": ""research""}",3.426611469592899,29.0,6.326611469592899,production,False,False,0.1
(*)|(loc_dist_ema20_atr_ts_top30==1&loc_dist_ema20_atr_ts_top50==0)|(reg_atr_change_rate_ts_band25_75==1&reg_atr_change_rate_ts_top20==1&reg_atr_change_rate_ts_top40==1),*,loc_dist_ema20_atr_ts_top30==1&loc_dist_ema20_atr_ts_top50==0,reg_atr_change_rate_ts_band25_75==1&reg_atr_change_rate_ts_top20==1&reg_atr_change_rate_ts_top40==1,0.2716555098692576,0.2716555098692576,0.013511536273382455,0.16244943936665854,0.0908831908831909,0.005518296173169897,1.0,1.0,0.5956907477820025,603,,,0.005808035192059242,0.001575536501304646,0.011095235119115632,0.012684133846342031,,0.6666666666666666,,,,-0.010712601439579805,,,,0.03623904116624627,0.0,12.0,0.0016925996245446303,0.0016925996245446303,9.007480458762511e-05,0.27156543506467,3,1,1,5,5,stage_a_context,,long,5-way,True,,production,,,-0.11079982608770056,1.0,primary_target,0,rejected,research,"{""checks"": {""n_folds"": {""value"": 3, ""threshold"": 3, ""passed"": true}, ""presence_freq"": {""value"": 1.0, ""threshold"": 0.75, ""passed"": true}, ""directional_mean_ret"": {""value"": 0.2716555098692576, ""threshold"": 0.0, ""passed"": true}, ""hurdle_excess"": {""value"": 0.27156543506467, ""threshold"": 0.0, ""passed"": true}, ""min_support_actual"": {""value"": 603, ""threshold"": 50, ""passed"": true}, ""is_structurally_sound"": {""value"": false, ""passed"": false}, ""trade_path_quality_score"": {""value"": 0.0, ""threshold"": 0.0, ""passed"": true}}, ""failures"": [""structural_soundness_fail: ""], ""warnings"": [], ""classification"": ""research""}",3.348233751952648,23.8,5.728233751952649,production,False,False,0.1
(*)|(loc_dist_ema20_atr_ts_top40==1)|(reg_atr_change_rate_ts_top20==1&reg_atr_change_rate_ts_top50==0&reg_ema50_gt_ema200_raw==0),*,loc_dist_ema20_atr_ts_top40==1,reg_atr_change_rate_ts_top20==1&reg_atr_change_rate_ts_top50==0&reg_ema50_gt_ema200_raw==0,0.2716555098692576,0.2716555098692576,0.013511536273382455,0.16244943936665854,0.0908831908831909,0.005518296173169897,1.0,1.0,0.5956907477820025,603,,,0.005808035192059242,0.001575536501304646,0.011095235119115632,0.012684133846342031,,0.6666666666666666,,,,-0.010712601439579805,,,,0.03623904116624627,0.0,12.0,0.0016925996245446303,0.0016925996245446303,9.007480458762511e-05,0.27156543506467,3,1,1,4,4,stage_a_context,,long,4-way,True,,production,,,-0.11079982608770056,1.0,primary_target,0,rejected,research,"{""checks"": {""n_folds"": {""value"": 3, ""threshold"": 3, ""passed"": true}, ""presence_freq"": {""value"": 1.0, ""threshold"": 0.75, ""passed"": true}, ""directional_mean_ret"": {""value"": 0.2716555098692576, ""threshold"": 0.0, ""passed"": true}, ""hurdle_excess"": {""value"": 0.27156543506467, ""threshold"": 0.0, ""passed"": true}, ""min_support_actual"": {""value"": 603, ""threshold"": 50, ""passed"": true}, ""is_structurally_sound"": {""value"": false, ""passed"": false}, ""trade_path_quality_score"": {""value"": 0.0, ""threshold"": 0.0, ""passed"": true}}, ""failures"": [""structural_soundness_fail: ""], ""warnings"": [], ""classification"": ""research""}",3.1949559117201716,19.25,5.119955911720171,production,False,False,0.1
(*)|(*)|(reg_atr_change_rate_ts_band25_75==1&reg_atr_change_rate_ts_band40_60==1&reg_atr_change_rate_ts_top20==1&reg_atr_change_rate_ts_top50==0),*,*,reg_atr_change_rate_ts_band25_75==1&reg_atr_change_rate_ts_band40_60==1&reg_atr_change_rate_ts_top20==1&reg_atr_change_rate_ts_top50==0,0.2716555098692576,0.2716555098692576,0.013511536273382455,0.16244943936665854,0.0908831908831909,0.005518296173169897,1.0,1.0,0.5956907477820025,603,,,0.005808035192059242,0.001575536501304646,0.011095235119115632,0.012684133846342031,,0.6666666666666666,,,,-0.010712601439579805,,,,0.03623904116624627,0.0,12.0,0.0016925996245446303,0.0016925996245446303,9.007480458762511e-05,0.27156543506467,3,1,1,4,4,stage_a_context,,long,4-way,True,,production,,,-0.11079982608770056,1.0,primary_target,0,rejected,research,"{""checks"": {""n_folds"": {""value"": 3, ""threshold"": 3, ""passed"": true}, ""presence_freq"": {""value"": 1.0, ""threshold"": 0.75, ""passed"": true}, ""directional_mean_ret"": {""value"": 0.2716555098692576, ""threshold"": 0.0, ""passed"": true}, ""hurdle_excess"": {""value"": 0.27156543506467, ""threshold"": 0.0, ""passed"": true}, ""min_support_actual"": {""value"": 603, ""threshold"": 50, ""passed"": true}, ""is_structurally_sound"": {""value"": false, ""passed"": false}, ""trade_path_quality_score"": {""value"": 0.0, ""threshold"": 0.0, ""passed"": true}}, ""failures"": [""structural_soundness_fail: ""], ""warnings"": [], ""classification"": ""research""}",4.731948367320001,33.5,8.08194836732,production,False,False,0.1
(*)|(*)|(reg_atr_change_rate_ts_band40_60==1&reg_atr_change_rate_ts_top20==1&reg_atr_change_rate_ts_top50==0&reg_ema20_gt_ema50_raw==0),*,*,reg_atr_change_rate_ts_band40_60==1&reg_atr_change_rate_ts_top20==1&reg_atr_change_rate_ts_top50==0&reg_ema20_gt_ema50_raw==0,0.2716555098692576,0.2716555098692576,0.013511536273382455,0.16244943936665854,0.0908831908831909,0.005518296173169897,1.0,1.0,0.5956907477820025,603,,,0.005808035192059242,0.001575536501304646,0.011095235119115632,0.012684133846342031,,0.6666666666666666,,,,-0.010712601439579805,,,,0.03623904116624627,0.0,12.0,0.0016925996245446303,0.0016925996245446303,9.007480458762511e-05,0.27156543506467,3,2,2,4,4,stage_a_context,,long,4-way,True,,production,,,-0.11079982608770056,1.0,primary_target,0,rejected,research,"{""checks"": {""n_folds"": {""value"": 3, ""threshold"": 3, ""passed"": true}, ""presence_freq"": {""value"": 1.0, ""threshold"": 0.75, ""passed"": true}, ""directional_mean_ret"": {""value"": 0.2716555098692576, ""threshold"": 0.0, ""passed"": true}, ""hurdle_excess"": {""value"": 0.27156543506467, ""threshold"": 0.0, ""passed"": true}, ""min_support_actual"": {""value"": 603, ""threshold"": 50, ""passed"": true}, ""is_structurally_sound"": {""value"": false, ""passed"": false}, ""trade_path_quality_score"": {""value"": 0.0, ""threshold"": 0.0, ""passed"": true}}, ""failures"": [""structural_soundness_fail: ""], ""warnings"": [], ""classification"": ""research""}",4.180264422320761,26.0,6.780264422320761,production,False,False,0.1
(*)|(*)|(reg_atr_change_rate_ts_band30_70==1&reg_atr_change_rate_ts_band40_60==1&reg_atr_change_rate_ts_top20==1&reg_atr_change_rate_ts_top50==0),*,*,reg_atr_change_rate_ts_band30_70==1&reg_atr_change_rate_ts_band40_60==1&reg_atr_change_rate_ts_top20==1&reg_atr_change_rate_ts_top50==0,0.2716555098692576,0.2716555098692576,0.013511536273382455,0.16244943936665854,0.0908831908831909,0.005518296173169897,1.0,1.0,0.5956907477820025,603,,,0.005808035192059242,0.001575536501304646,0.011095235119115632,0.012684133846342031,,0.6666666666666666,,,,-0.010712601439579805,,,,0.03623904116624627,0.0,12.0,0.0016925996245446303,0.0016925996245446303,9.007480458762511e-05,0.27156543506467,3,1,1,4,4,stage_a_context,,long,4-way,True,,production,,,-0.11079982608770056,1.0,primary_target,0,rejected,research,"{""checks"": {""n_folds"": {""value"": 3, ""threshold"": 3, ""passed"": true}, ""presence_freq"": {""value"": 1.0, ""threshold"": 0.75, ""passed"": true}, ""directional_mean_ret"": {""value"": 0.2716555098692576, ""threshold"": 0.0, ""passed"": true}, ""hurdle_excess"": {""value"": 0.27156543506467, ""threshold"": 0.0, ""passed"": true}, ""min_support_actual"": {""value"": 603, ""threshold"": 50, ""passed"": true}, ""is_structurally_sound"": {""value"": false, ""passed"": false}, ""trade_path_quality_score"": {""value"": 0.0, ""threshold"": 0.0, ""passed"": true}}, ""failures"": [""structural_soundness_fail: ""], ""warnings"": [], ""classification"": ""research""}",3.8232728083385155,28.75,6.6982728083385155,production,False,False,0.1
(*)|(*)|(reg_atr_change_rate_ts_band25_75==1&reg_atr_change_rate_ts_top20==1&reg_atr_change_rate_ts_top40==1&reg_atr_change_rate_ts_top50==0),*,*,reg_atr_change_rate_ts_band25_75==1&reg_atr_change_rate_ts_top20==1&reg_atr_change_rate_ts_top40==1&reg_atr_change_rate_ts_top50==0,0.2716555098692576,0.2716555098692576,0.013511536273382455,0.16244943936665854,0.0908831908831909,0.005518296173169897,1.0,1.0,0.5956907477820025,603,,,0.005808035192059242,0.001575536501304646,0.011095235119115632,0.012684133846342031,,0.6666666666666666,,,,-0.010712601439579805,,,,0.03623904116624627,0.0,12.0,0.0016925996245446303,0.0016925996245446303,9.007480458762511e-05,0.27156543506467,3,1,1,4,4,stage_a_context,,long,4-way,True,,production,,,-0.11079982608770056,1.0,primary_target,0,rejected,research,"{""checks"": {""n_folds"": {""value"": 3, ""threshold"": 3, ""passed"": true}, ""presence_freq"": {""value"": 1.0, ""threshold"": 0.75, ""passed"": true}, ""directional_mean_ret"": {""value"": 0.2716555098692576, ""threshold"": 0.0, ""passed"": true}, ""hurdle_excess"": {""value"": 0.27156543506467, ""threshold"": 0.0, ""passed"": true}, ""min_support_actual"": {""value"": 603, ""threshold"": 50, ""passed"": true}, ""is_structurally_sound"": {""value"": false, ""passed"": false}, ""trade_path_quality_score"": {""value"": 0.0, ""threshold"": 0.0, ""passed"": true}}, ""failures"": [""structural_soundness_fail: ""], ""warnings"": [], ""classification"": ""research""}",4.629308610688895,31.25,7.754308610688895,production,False,False,0.1
(*)|(loc_dist_ema20_atr_ts_top50==0)|(reg_atr_change_rate_ts_top30==1&reg_ema20_gt_ema50_raw==0),*,loc_dist_ema20_atr_ts_top50==0,reg_atr_change_rate_ts_top30==1&reg_ema20_gt_ema50_raw==0,0.27158286174138385,0.27158286174138385,0.01495452006863534,0.1653117040793101,0.18480531813865145,0.020002736983867876,1.0,1.0,0.5699873896595208,1182,,,0.008788053562421813,0.003411697852554546,0.00925222469489523,0.014396494838525786,,0.6666666666666666,-0.0007082731047108472,-0.07644384389387822,0.6666666666666666,-0.06407895829736286,-0.002832354676764001,-4.791079747671498,0.10879350579357648,0.003280694732259843,0.0,12.0,0.0005150316906374875,0.0005150316906374875,7.251717969460925e-05,0.27151034456168927,3,2,2,3,3,stage_a_context,,long,3-way,True,,production,-0.0007082731047108472,-0.002832354676764001,-0.08829205459848118,0.35194681861348565,primary_target,0,rejected,research,"{""checks"": {""n_folds"": {""value"": 3, ""threshold"": 3, ""passed"": true}, ""presence_freq"": {""value"": 1.0, ""threshold"": 0.75, ""passed"": true}, ""directional_mean_ret"": {""value"": 0.27158286174138385, ""threshold"": 0.0, ""passed"": true}, ""hurdle_excess"": {""value"": 0.27151034456168927, ""threshold"": 0.0, ""passed"": true}, ""min_support_actual"": {""value"": 1182, ""threshold"": 50, ""passed"": true}, ""is_structurally_sound"": {""value"": false, ""passed"": false}, ""trade_path_quality_score"": {""value"": 0.0, ""threshold"": 0.0, ""passed"": true}}, ""failures"": [""structural_soundness_fail: ""], ""warnings"": [], ""classification"": ""research""}",3.1678217963005104,30.333333333333332,6.201155129633843,production,False,False,0.3
(*)|(*)|(reg_atr_change_rate_ts_band25_75==1&reg_atr_change_rate_ts_top30==1&reg_atr_change_rate_ts_top50==0),*,*,reg_atr_change_rate_ts_band25_75==1&reg_atr_change_rate_ts_top30==1&reg_atr_change_rate_ts_top50==0,0.27158286174138385,0.27158286174138385,0.01495452006863534,0.1653117040793101,0.18480531813865145,0.020002736983867876,1.0,1.0,0.5699873896595208,1182,,,0.008788053562421813,0.003411697852554546,0.00925222469489523,0.014396494838525786,,0.6666666666666666,-0.0007082731047108472,-0.07644384389387822,0.6666666666666666,-0.06407895829736286,-0.002832354676764001,-4.791079747671498,0.10879350579357648,0.003280694732259843,0.0,12.0,0.0005150316906374875,0.0005150316906374875,7.251717969460925e-05,0.27151034456168927,3,1,1,3,3,stage_a_context,,long,3-way,True,,production,-0.0007082731047108472,-0.002832354676764001,-0.08829205459848118,0.35194681861348565,primary_target,0,rejected,research,"{""checks"": {""n_folds"": {""value"": 3, ""threshold"": 3, ""passed"": true}, ""presence_freq"": {""value"": 1.0, ""threshold"": 0.75, ""passed"": true}, ""directional_mean_ret"": {""value"": 0.27158286174138385, ""threshold"": 0.0, ""passed"": true}, ""hurdle_excess"": {""value"": 0.27151034456168927, ""threshold"": 0.0, ""passed"": true}, ""min_support_actual"": {""value"": 1182, ""threshold"": 50, ""passed"": true}, ""is_structurally_sound"": {""value"": false, ""passed"": false}, ""trade_path_quality_score"": {""value"": 0.0, ""threshold"": 0.0, ""passed"": true}}, ""failures"": [""structural_soundness_fail: ""], ""warnings"": [], ""classification"": ""research""}",3.7753911868979535,34.666666666666664,7.242057853564621,production,False,False,0.3
(*)|(*)|(reg_atr_change_rate_ts_band30_70==1&reg_atr_change_rate_ts_top50==0),*,*,reg_atr_change_rate_ts_band30_70==1&reg_atr_change_rate_ts_top50==0,0.27158286174138385,0.27158286174138385,0.01495452006863534,0.1653117040793101,0.18480531813865145,0.020002736983867876,1.0,1.0,0.5699873896595208,1182,,,0.008788053562421813,0.003411697852554546,0.00925222469489523,0.014396494838525786,,0.6666666666666666,-0.0007082731047108472,-0.07644384389387822,0.6666666666666666,-0.06407895829736286,-0.002832354676764001,-4.791079747671498,0.10879350579357648,0.003280694732259843,0.0,12.0,0.0005150316906374875,0.0005150316906374875,8.80565753434541e-05,0.2714948051660404,3,3,3,2,2,stage_a_context,,long,2-way,True,,production,-0.0007082731047108472,-0.002832354676764001,-0.08829205459848118,0.35194681861348565,primary_target,0,rejected,research,"{""checks"": {""n_folds"": {""value"": 3, ""threshold"": 3, ""passed"": true}, ""presence_freq"": {""value"": 1.0, ""threshold"": 0.75, ""passed"": true}, ""directional_mean_ret"": {""value"": 0.27158286174138385, ""threshold"": 0.0, ""passed"": true}, ""hurdle_excess"": {""value"": 0.2714948051660404, ""threshold"": 0.0, ""passed"": true}, ""min_support_actual"": {""value"": 1182, ""threshold"": 50, ""passed"": true}, ""is_structurally_sound"": {""value"": false, ""passed"": false}, ""trade_path_quality_score"": {""value"": 0.0, ""threshold"": 0.0, ""passed"": true}}, ""failures"": [""structural_soundness_fail: ""], ""warnings"": [], ""classification"": ""research""}",2.4051099497980126,19.5,4.355109949798013,production,False,False,0.15
(*)|(loc_dist_ema20_atr_ts_top80==0)|(reg_atr_change_rate_ts_band25_75==1&reg_atr_change_rate_ts_band30_70==1&reg_atr_compression_ratio_ts_top50==0&reg_ema20_gt_ema50_raw==0),*,loc_dist_ema20_atr_ts_top80==0,reg_atr_change_rate_ts_band25_75==1&reg_atr_change_rate_ts_band30_70==1&reg_atr_compression_ratio_ts_top50==0&reg_ema20_gt_ema50_raw==0,0.27158286174138385,0.27158286174138385,0.01495452006863534,0.1653117040793101,0.18480531813865145,0.020002736983867876,1.0,1.0,0.5699873896595208,1182,,,0.008788053562421813,0.003411697852554546,0.00925222469489523,0.014396494838525786,,0.6666666666666666,-0.0007082731047108472,-0.07644384389387822,0.6666666666666666,-0.06407895829736286,-0.002832354676764001,-4.791079747671498,0.10879350579357648,0.003280694732259843,0.0,12.0,0.0005150316906374875,0.0005150316906374875,9.323637389306905e-05,0.27148962536749077,3,1,1,5,5,stage_a_context,,long,5-way,True,,production,-0.0007082731047108472,-0.002832354676764001,-0.08829205459848118,0.35194681861348565,primary_target,0,rejected,research,"{""checks"": {""n_folds"": {""value"": 3, ""threshold"": 3, ""passed"": true}, ""presence_freq"": {""value"": 1.0, ""threshold"": 0.75, ""passed"": true}, ""directional_mean_ret"": {""value"": 0.27158286174138385, ""threshold"": 0.0, ""passed"": true}, ""hurdle_excess"": {""value"": 0.27148962536749077, ""threshold"": 0.0, ""passed"": true}, ""min_support_actual"": {""value"": 1182, ""threshold"": 50, ""passed"": true}, ""is_structurally_sound"": {""value"": false, ""passed"": false}, ""trade_path_quality_score"": {""value"": 0.0, ""threshold"": 0.0, ""passed"": true}}, ""failures"": [""structural_soundness_fail: ""], ""warnings"": [], ""classification"": ""research""}",2.8618226506747306,24.4,5.301822650674731,production,False,False,0.1
(*)|(*)|(reg_atr_change_rate_ts_band30_70==1&reg_atr_change_rate_ts_top50==0&reg_atr_change_rate_ts_top80==0&reg_price_lt_ema200_raw==0),*,*,reg_atr_change_rate_ts_band30_70==1&reg_atr_change_rate_ts_top50==0&reg_atr_change_rate_ts_top80==0&reg_price_lt_ema200_raw==0,0.27158286174138385,0.27158286174138385,0.01495452006863534,0.1653117040793101,0.18480531813865145,0.020002736983867876,1.0,1.0,0.5699873896595208,1182,,,0.008788053562421813,0.003411697852554546,0.00925222469489523,0.014396494838525786,,0.6666666666666666,-0.0007082731047108472,-0.07644384389387822,0.6666666666666666,-0.06407895829736286,-0.002832354676764001,-4.791079747671498,0.10879350579357648,0.003280694732259843,0.0,12.0,0.0005150316906374875,0.0005150316906374875,9.323637389306905e-05,0.27148962536749077,3,1,1,4,4,stage_a_context,,long,4-way,True,,production,-0.0007082731047108472,-0.002832354676764001,-0.08829205459848118,0.35194681861348565,primary_target,0,rejected,research,"{""checks"": {""n_folds"": {""value"": 3, ""threshold"": 3, ""passed"": true}, ""presence_freq"": {""value"": 1.0, ""threshold"": 0.75, ""passed"": true}, ""directional_mean_ret"": {""value"": 0.27158286174138385, ""threshold"": 0.0, ""passed"": true}, ""hurdle_excess"": {""value"": 0.27148962536749077, ""threshold"": 0.0, ""passed"": true}, ""min_support_actual"": {""value"": 1182, ""threshold"": 50, ""passed"": true}, ""is_structurally_sound"": {""value"": false, ""passed"": false}, ""trade_path_quality_score"": {""value"": 0.0, ""threshold"": 0.0, ""passed"": true}}, ""failures"": [""structural_soundness_fail: ""], ""warnings"": [], ""classification"": ""research""}",3.884288914152421,15.5,5.434288914152421,production,False,False,0.1
(*)|(*)|(reg_atr_change_rate_ts_band30_70==1&reg_atr_change_rate_ts_top50==0&reg_atr_change_rate_ts_top70==0&reg_atr_change_rate_ts_top80==0&reg_ema20_gt_ema50_raw==0),*,*,reg_atr_change_rate_ts_band30_70==1&reg_atr_change_rate_ts_top50==0&reg_atr_change_rate_ts_top70==0&reg_atr_change_rate_ts_top80==0&reg_ema20_gt_ema50_raw==0,0.27158286174138385,0.27158286174138385,0.01495452006863534,0.1653117040793101,0.18480531813865145,0.020002736983867876,1.0,1.0,0.5699873896595208,1182,,,0.008788053562421813,0.003411697852554546,0.00925222469489523,0.014396494838525786,,0.6666666666666666,-0.0007082731047108472,-0.07644384389387822,0.6666666666666666,-0.06407895829736286,-0.002832354676764001,-4.791079747671498,0.10879350579357648,0.003280694732259843,0.0,12.0,0.0005150316906374875,0.0005150316906374875,9.323637389306905e-05,0.27148962536749077,3,1,1,5,5,stage_a_context,,long,5-way,True,,production,-0.0007082731047108472,-0.002832354676764001,-0.08829205459848118,0.35194681861348565,primary_target,0,rejected,research,"{""checks"": {""n_folds"": {""value"": 3, ""threshold"": 3, ""passed"": true}, ""presence_freq"": {""value"": 1.0, ""threshold"": 0.75, ""passed"": true}, ""directional_mean_ret"": {""value"": 0.27158286174138385, ""threshold"": 0.0, ""passed"": true}, ""hurdle_excess"": {""value"": 0.27148962536749077, ""threshold"": 0.0, ""passed"": true}, ""min_support_actual"": {""value"": 1182, ""threshold"": 50, ""passed"": true}, ""is_structurally_sound"": {""value"": false, ""passed"": false}, ""trade_path_quality_score"": {""value"": 0.0, ""threshold"": 0.0, ""passed"": true}}, ""failures"": [""structural_soundness_fail: ""], ""warnings"": [], ""classification"": ""research""}",4.926664963830262,20.0,6.926664963830262,production,False,False,0.1
(*)|(*)|(reg_atr_change_rate_ts_band25_75==1&reg_atr_change_rate_ts_top30==1&reg_atr_change_rate_ts_top50==0&reg_ema20_gt_ema50_raw==0),*,*,reg_atr_change_rate_ts_band25_75==1&reg_atr_change_rate_ts_top30==1&reg_atr_change_rate_ts_top50==0&reg_ema20_gt_ema50_raw==0,0.27158286174138385,0.27158286174138385,0.01495452006863534,0.1653117040793101,0.18480531813865145,0.020002736983867876,1.0,1.0,0.5699873896595208,1182,,,0.008788053562421813,0.003411697852554546,0.00925222469489523,0.014396494838525786,,0.6666666666666666,-0.0007082731047108472,-0.07644384389387822,0.6666666666666666,-0.06407895829736286,-0.002832354676764001,-4.791079747671498,0.10879350579357648,0.003280694732259843,0.0,12.0,0.0005150316906374875,0.0005150316906374875,9.323637389306905e-05,0.27148962536749077,3,1,1,4,4,stage_a_context,,long,4-way,True,,production,-0.0007082731047108472,-0.002832354676764001,-0.08829205459848118,0.35194681861348565,primary_target,0,rejected,research,"{""checks"": {""n_folds"": {""value"": 3, ""threshold"": 3, ""passed"": true}, ""presence_freq"": {""value"": 1.0, ""threshold"": 0.75, ""passed"": true}, ""directional_mean_ret"": {""value"": 0.27158286174138385, ""threshold"": 0.0, ""passed"": true}, ""hurdle_excess"": {""value"": 0.27148962536749077, ""threshold"": 0.0, ""passed"": true}, ""min_support_actual"": {""value"": 1182, ""threshold"": 50, ""passed"": true}, ""is_structurally_sound"": {""value"": false, ""passed"": false}, ""trade_path_quality_score"": {""value"": 0.0, ""threshold"": 0.0, ""passed"": true}}, ""failures"": [""structural_soundness_fail: ""], ""warnings"": [], ""classification"": ""research""}",4.304564452497289,36.75,7.979564452497289,production,False,False,0.1
(*)|(*)|(reg_atr_change_rate_ts_band25_75==1&reg_atr_change_rate_ts_top30==1&reg_atr_change_rate_ts_top50==0&reg_atr_change_rate_ts_top80==0&reg_ema20_gt_ema50_raw==0),*,*,reg_atr_change_rate_ts_band25_75==1&reg_atr_change_rate_ts_top30==1&reg_atr_change_rate_ts_top50==0&reg_atr_change_rate_ts_top80==0&reg_ema20_gt_ema50_raw==0,0.27158286174138385,0.27158286174138385,0.01495452006863534,0.1653117040793101,0.18480531813865145,0.020002736983867876,1.0,1.0,0.5699873896595208,1182,,,0.008788053562421813,0.003411697852554546,0.00925222469489523,0.014396494838525786,,0.6666666666666666,-0.0007082731047108472,-0.07644384389387822,0.6666666666666666,-0.06407895829736286,-0.002832354676764001,-4.791079747671498,0.10879350579357648,0.003280694732259843,0.0,12.0,0.0005150316906374875,0.0005150316906374875,9.323637389306905e-05,0.27148962536749077,3,1,1,5,5,stage_a_context,,long,5-way,True,,production,-0.0007082731047108472,-0.002832354676764001,-0.08829205459848118,0.35194681861348565,primary_target,0,rejected,research,"{""checks"": {""n_folds"": {""value"": 3, ""threshold"": 3, ""passed"": true}, ""presence_freq"": {""value"": 1.0, ""threshold"": 0.75, ""passed"": true}, ""directional_mean_ret"": {""value"": 0.27158286174138385, ""threshold"": 0.0, ""passed"": true}, ""hurdle_excess"": {""value"": 0.27148962536749077, ""threshold"": 0.0, ""passed"": true}, ""min_support_actual"": {""value"": 1182, ""threshold"": 50, ""passed"": true}, ""is_structurally_sound"": {""value"": false, ""passed"": false}, ""trade_path_quality_score"": {""value"": 0.0, ""threshold"": 0.0, ""passed"": true}}, ""failures"": [""structural_soundness_fail: ""], ""warnings"": [], ""classification"": ""research""}",4.243081602361054,38.8,8.123081602361054,production,False,False,0.1
(*)|(loc_dist_ema20_atr_ts_bot50==1)|(reg_atr_change_rate_ts_band25_75==1&reg_atr_change_rate_ts_top20==1&reg_atr_compression_ratio_ts_top30==1),*,loc_dist_ema20_atr_ts_bot50==1,reg_atr_change_rate_ts_band25_75==1&reg_atr_change_rate_ts_top20==1&reg_atr_compression_ratio_ts_top30==1,0.27158286174138385,0.27158286174138385,0.01495452006863534,0.1653117040793101,0.18480531813865145,0.020002736983867876,1.0,1.0,0.5699873896595208,1182,,,0.008788053562421813,0.003411697852554546,0.00925222469489523,0.014396494838525786,,0.6666666666666666,-0.0007082731047108472,-0.07644384389387822,0.6666666666666666,-0.06407895829736286,-0.002832354676764001,-4.791079747671498,0.10879350579357648,0.003280694732259843,0.0,12.0,0.0005150316906374875,0.0005150316906374875,9.323637389306905e-05,0.27148962536749077,3,1,1,4,4,stage_a_context,,long,4-way,True,,production,-0.0007082731047108472,-0.002832354676764001,-0.08829205459848118,0.35194681861348565,primary_target,0,rejected,research,"{""checks"": {""n_folds"": {""value"": 3, ""threshold"": 3, ""passed"": true}, ""presence_freq"": {""value"": 1.0, ""threshold"": 0.75, ""passed"": true}, ""directional_mean_ret"": {""value"": 0.27158286174138385, ""threshold"": 0.0, ""passed"": true}, ""hurdle_excess"": {""value"": 0.27148962536749077, ""threshold"": 0.0, ""passed"": true}, ""min_support_actual"": {""value"": 1182, ""threshold"": 50, ""passed"": true}, ""is_structurally_sound"": {""value"": false, ""passed"": false}, ""trade_path_quality_score"": {""value"": 0.0, ""threshold"": 0.0, ""passed"": true}}, ""failures"": [""structural_soundness_fail: ""], ""warnings"": [], ""classification"": ""research""}",3.25127364997752,20.0,5.25127364997752,production,False,False,0.1
(*)|(*)|(reg_atr_change_rate_ts_band25_75==1&reg_atr_change_rate_ts_top30==1&reg_atr_change_rate_ts_top70==1&reg_price_lt_ema200_raw==0),*,*,reg_atr_change_rate_ts_band25_75==1&reg_atr_change_rate_ts_top30==1&reg_atr_change_rate_ts_top70==1&reg_price_lt_ema200_raw==0,0.268893097837766,0.268893097837766,0.0188312883436446,0.16139069696267447,0.05294396961063628,0.001978410888508989,1.0,1.0,0.6180451127819548,355,,,0.0027548262818701623,-0.007528133058528725,-0.0068157581056721706,0.008252493428497883,,0.3333333333333333,,,,-0.13914461144757254,,,,0.03623904116624627,0.0,12.0,0.0014942055941901584,0.0014942055941901584,9.199284299640425e-05,0.2688011049947696,3,1,1,4,4,stage_a_context,,long,4-way,True,,production,,,-0.11613896518613442,0.278505856283634,primary_target,0,ranking,research,"{""checks"": {""n_folds"": {""value"": 3, ""threshold"": 3, ""passed"": true}, ""presence_freq"": {""value"": 1.0, ""threshold"": 0.75, ""passed"": true}, ""directional_mean_ret"": {""value"": 0.268893097837766, ""threshold"": 0.0, ""passed"": true}, ""hurdle_excess"": {""value"": 0.2688011049947696, ""threshold"": 0.0, ""passed"": true}, ""min_support_actual"": {""value"": 355, ""threshold"": 50, ""passed"": true}, ""is_structurally_sound"": {""value"": false, ""passed"": false}, ""trade_path_quality_score"": {""value"": 0.0, ""threshold"": 0.0, ""passed"": true}}, ""failures"": [""structural_soundness_fail: ""], ""warnings"": [], ""classification"": ""research""}",2.402714852709323,23.25,4.727714852709323,production,False,False,0.1
(*)|(loc_dist_ema20_atr_ts_top80==0)|(reg_atr_change_rate_ts_band25_75==1&reg_atr_change_rate_ts_band30_70==0&reg_atr_compression_ratio_ts_top50==1&reg_ema20_gt_ema50_raw==0),*,loc_dist_ema20_atr_ts_top80==0,reg_atr_change_rate_ts_band25_75==1&reg_atr_change_rate_ts_band30_70==0&reg_atr_compression_ratio_ts_top50==1&reg_ema20_gt_ema50_raw==0,0.268893097837766,0.268893097837766,0.0188312883436446,0.16139069696267447,0.05294396961063628,0.001978410888508989,1.0,1.0,0.6180451127819548,355,,,0.0027548262818701623,-0.007528133058528725,-0.0068157581056721706,0.008252493428497883,,0.3333333333333333,,,,-0.13914461144757254,,,,0.03623904116624627,0.0,12.0,0.0014942055941901584,0.0014942055941901584,9.199284299640425e-05,0.2688011049947696,3,1,1,5,5,stage_a_context,,long,5-way,True,,production,,,-0.11613896518613442,0.278505856283634,primary_target,0,ranking,research,"{""checks"": {""n_folds"": {""value"": 3, ""threshold"": 3, ""passed"": true}, ""presence_freq"": {""value"": 1.0, ""threshold"": 0.75, ""passed"": true}, ""directional_mean_ret"": {""value"": 0.268893097837766, ""threshold"": 0.0, ""passed"": true}, ""hurdle_excess"": {""value"": 0.2688011049947696, ""threshold"": 0.0, ""passed"": true}, ""min_support_actual"": {""value"": 355, ""threshold"": 50, ""passed"": true}, ""is_structurally_sound"": {""value"": false, ""passed"": false}, ""trade_path_quality_score"": {""value"": 0.0, ""threshold"": 0.0, ""passed"": true}}, ""failures"": [""structural_soundness_fail: ""], ""warnings"": [], ""classification"": ""research""}",2.8618226506747306,24.4,5.301822650674731,production,False,False,0.1
(*)|(*)|(reg_atr_change_rate_ts_band25_75==1&reg_atr_change_rate_ts_top30==1&reg_atr_change_rate_ts_top70==1&reg_ema20_gt_ema50_raw==0),*,*,reg_atr_change_rate_ts_band25_75==1&reg_atr_change_rate_ts_top30==1&reg_atr_change_rate_ts_top70==1&reg_ema20_gt_ema50_raw==0,0.268893097837766,0.268893097837766,0.0188312883436446,0.16139069696267447,0.05294396961063628,0.001978410888508989,1.0,1.0,0.6180451127819548,355,,,0.0027548262818701623,-0.007528133058528725,-0.0068157581056721706,0.008252493428497883,,0.3333333333333333,,,,-0.13914461144757254,,,,0.03623904116624627,0.0,12.0,0.0014942055941901584,0.0014942055941901584,9.199284299640425e-05,0.2688011049947696,3,1,1,4,4,stage_a_context,,long,4-way,True,,production,,,-0.11613896518613442,0.278505856283634,primary_target,0,ranking,research,"{""checks"": {""n_folds"": {""value"": 3, ""threshold"": 3, ""passed"": true}, ""presence_freq"": {""value"": 1.0, ""threshold"": 0.75, ""passed"": true}, ""directional_mean_ret"": {""value"": 0.268893097837766, ""threshold"": 0.0, ""passed"": true}, ""hurdle_excess"": {""value"": 0.2688011049947696, ""threshold"": 0.0, ""passed"": true}, ""min_support_actual"": {""value"": 355, ""threshold"": 50, ""passed"": true}, ""is_structurally_sound"": {""value"": false, ""passed"": false}, ""trade_path_quality_score"": {""value"": 0.0, ""threshold"": 0.0, ""passed"": true}}, ""failures"": [""structural_soundness_fail: ""], ""warnings"": [], ""classification"": ""research""}",3.6663419145625085,33.5,7.016341914562508,production,False,False,0.1
(*)|(*)|(reg_atr_change_rate_ts_band25_75==1&reg_atr_change_rate_ts_top50==1&reg_atr_change_rate_ts_top60==1&reg_atr_change_rate_ts_top70==1&reg_atr_change_rate_ts_top80==0&reg_ema20_gt_ema50_raw==0),*,*,reg_atr_change_rate_ts_band25_75==1&reg_atr_change_rate_ts_top50==1&reg_atr_change_rate_ts_top60==1&reg_atr_change_rate_ts_top70==1&reg_atr_change_rate_ts_top80==0&reg_ema20_gt_ema50_raw==0,0.268893097837766,0.268893097837766,0.0188312883436446,0.16139069696267447,0.05294396961063628,0.001978410888508989,1.0,1.0,0.6180451127819548,355,,,0.0027548262818701623,-0.007528133058528725,-0.0068157581056721706,0.008252493428497883,,0.3333333333333333,,,,-0.13914461144757254,,,,0.03623904116624627,0.0,12.0,0.0014942055941901584,0.0014942055941901584,9.199284299640425e-05,0.2688011049947696,3,1,1,6,6,stage_a_context,,long,6-way,True,,production,,,-0.11613896518613442,0.278505856283634,primary_target,0,ranking,research,"{""checks"": {""n_folds"": {""value"": 3, ""threshold"": 3, ""passed"": true}, ""presence_freq"": {""value"": 1.0, ""threshold"": 0.75, ""passed"": true}, ""directional_mean_ret"": {""value"": 0.268893097837766, ""threshold"": 0.0, ""passed"": true}, ""hurdle_excess"": {""value"": 0.2688011049947696, ""threshold"": 0.0, ""passed"": true}, ""min_support_actual"": {""value"": 355, ""threshold"": 50, ""passed"": true}, ""is_structurally_sound"": {""value"": false, ""passed"": false}, ""trade_path_quality_score"": {""value"": 0.0, ""threshold"": 0.0, ""passed"": true}}, ""failures"": [""structural_soundness_fail: ""], ""warnings"": [], ""classification"": ""research""}",3.647299124316002,33.333333333333336,6.980632457649335,production,False,False,0.1
(*)|(*)|(reg_atr_change_rate_ts_band25_75==1&reg_atr_change_rate_ts_top50==1&reg_atr_change_rate_ts_top70==1&reg_ema20_gt_ema50_raw==0),*,*,reg_atr_change_rate_ts_band25_75==1&reg_atr_change_rate_ts_top50==1&reg_atr_change_rate_ts_top70==1&reg_ema20_gt_ema50_raw==0,0.268893097837766,0.268893097837766,0.0188312883436446,0.16139069696267447,0.05294396961063628,0.001978410888508989,1.0,1.0,0.6180451127819548,355,,,0.0027548262818701623,-0.007528133058528725,-0.0068157581056721706,0.008252493428497883,,0.3333333333333333,,,,-0.13914461144757254,,,,0.03623904116624627,0.0,12.0,0.0014942055941901584,0.0014942055941901584,9.199284299640425e-05,0.2688011049947696,3,1,1,4,4,stage_a_context,,long,4-way,True,,production,,,-0.11613896518613442,0.278505856283634,primary_target,0,ranking,research,"{""checks"": {""n_folds"": {""value"": 3, ""threshold"": 3, ""passed"": true}, ""presence_freq"": {""value"": 1.0, ""threshold"": 0.75, ""passed"": true}, ""directional_mean_ret"": {""value"": 0.268893097837766, ""threshold"": 0.0, ""passed"": true}, ""hurdle_excess"": {""value"": 0.2688011049947696, ""threshold"": 0.0, ""passed"": true}, ""min_support_actual"": {""value"": 355, ""threshold"": 50, ""passed"": true}, ""is_structurally_sound"": {""value"": false, ""passed"": false}, ""trade_path_quality_score"": {""value"": 0.0, ""threshold"": 0.0, ""passed"": true}}, ""failures"": [""structural_soundness_fail: ""], ""warnings"": [], ""classification"": ""research""}",3.993783850921318,31.5,7.143783850921318,production,False,False,0.1
(*)|(*)|(reg_atr_change_rate_ts_band25_75==1&reg_atr_change_rate_ts_top70==1&reg_atr_change_rate_ts_top80==0&reg_ema20_gt_ema50_raw==0),*,*,reg_atr_change_rate_ts_band25_75==1&reg_atr_change_rate_ts_top70==1&reg_atr_change_rate_ts_top80==0&reg_ema20_gt_ema50_raw==0,0.268893097837766,0.268893097837766,0.0188312883436446,0.16139069696267447,0.05294396961063628,0.001978410888508989,1.0,1.0,0.6180451127819548,355,,,0.0027548262818701623,-0.007528133058528725,-0.0068157581056721706,0.008252493428497883,,0.3333333333333333,,,,-0.13914461144757254,,,,0.03623904116624627,0.0,12.0,0.0014942055941901584,0.0014942055941901584,9.199284299640425e-05,0.2688011049947696,3,2,2,4,4,stage_a_context,,long,4-way,True,,production,,,-0.11613896518613442,0.278505856283634,primary_target,0,ranking,research,"{""checks"": {""n_folds"": {""value"": 3, ""threshold"": 3, ""passed"": true}, ""presence_freq"": {""value"": 1.0, ""threshold"": 0.75, ""passed"": true}, ""directional_mean_ret"": {""value"": 0.268893097837766, ""threshold"": 0.0, ""passed"": true}, ""hurdle_excess"": {""value"": 0.2688011049947696, ""threshold"": 0.0, ""passed"": true}, ""min_support_actual"": {""value"": 355, ""threshold"": 50, ""passed"": true}, ""is_structurally_sound"": {""value"": false, ""passed"": false}, ""trade_path_quality_score"": {""value"": 0.0, ""threshold"": 0.0, ""passed"": true}}, ""failures"": [""structural_soundness_fail: ""], ""warnings"": [], ""classification"": ""research""}",4.763816911901813,28.125,7.576316911901813,production,False,False,0.1
(*)|(loc_dist_ema20_atr_ts_band25_75==1)|(reg_atr_change_rate_ts_top70==1&reg_atr_change_rate_ts_top80==0&reg_ema20_gt_ema50_raw==0),*,loc_dist_ema20_atr_ts_band25_75==1,reg_atr_change_rate_ts_top70==1&reg_atr_change_rate_ts_top80==0&reg_ema20_gt_ema50_raw==0,0.268893097837766,0.268893097837766,0.0188312883436446,0.16139069696267447,0.05294396961063628,0.001978410888508989,1.0,1.0,0.6180451127819548,355,,,0.0027548262818701623,-0.007528133058528725,-0.0068157581056721706,0.008252493428497883,,0.3333333333333333,,,,-0.13914461144757254,,,,0.03623904116624627,0.0,12.0,0.0014942055941901584,0.0014942055941901584,9.199284299640425e-05,0.2688011049947696,3,1,1,4,4,stage_a_context,,long,4-way,True,,production,,,-0.11613896518613442,0.278505856283634,primary_target,0,ranking,research,"{""checks"": {""n_folds"": {""value"": 3, ""threshold"": 3, ""passed"": true}, ""presence_freq"": {""value"": 1.0, ""threshold"": 0.75, ""passed"": true}, ""directional_mean_ret"": {""value"": 0.268893097837766, ""threshold"": 0.0, ""passed"": true}, ""hurdle_excess"": {""value"": 0.2688011049947696, ""threshold"": 0.0, ""passed"": true}, ""min_support_actual"": {""value"": 355, ""threshold"": 50, ""passed"": true}, ""is_structurally_sound"": {""value"": false, ""passed"": false}, ""trade_path_quality_score"": {""value"": 0.0, ""threshold"": 0.0, ""passed"": true}}, ""failures"": [""structural_soundness_fail: ""], ""warnings"": [], ""classification"": ""research""}",5.004025338450447,16.75,6.6790253384504465,production,False,False,0.1
(*)|(loc_dist_ema20_atr_ts_band30_70==0&loc_dist_ema20_atr_ts_top30==1)|(reg_atr_change_rate_ts_band25_75==1&reg_atr_change_rate_ts_top80==0&reg_ema20_gt_ema50_raw==0),*,loc_dist_ema20_atr_ts_band30_70==0&loc_dist_ema20_atr_ts_top30==1,reg_atr_change_rate_ts_band25_75==1&reg_atr_change_rate_ts_top80==0&reg_ema20_gt_ema50_raw==0,0.268893097837766,0.268893097837766,0.0188312883436446,0.16139069696267447,0.05294396961063628,0.001978410888508989,1.0,1.0,0.6180451127819548,355,,,0.0027548262818701623,-0.007528133058528725,-0.0068157581056721706,0.008252493428497883,,0.3333333333333333,,,,-0.13914461144757254,,,,0.03623904116624627,0.0,12.0,0.0014942055941901584,0.0014942055941901584,9.199284299640425e-05,0.2688011049947696,3,1,1,5,5,stage_a_context,,long,5-way,True,,production,,,-0.11613896518613442,0.278505856283634,primary_target,0,ranking,research,"{""checks"": {""n_folds"": {""value"": 3, ""threshold"": 3, ""passed"": true}, ""presence_freq"": {""value"": 1.0, ""threshold"": 0.75, ""passed"": true}, ""directional_mean_ret"": {""value"": 0.268893097837766, ""threshold"": 0.0, ""passed"": true}, ""hurdle_excess"": {""value"": 0.2688011049947696, ""threshold"": 0.0, ""passed"": true}, ""min_support_actual"": {""value"": 355, ""threshold"": 50, ""passed"": true}, ""is_structurally_sound"": {""value"": false, ""passed"": false}, ""trade_path_quality_score"": {""value"": 0.0, ""threshold"": 0.0, ""passed"": true}}, ""failures"": [""structural_soundness_fail: ""], ""warnings"": [], ""classification"": ""research""}",4.197523383423686,15.2,5.717523383423686,production,False,False,0.1
(*)|(loc_dist_ema20_atr_ts_top70==1)|(reg_atr_change_rate_ts_band25_75==1&reg_atr_change_rate_ts_top50==1&reg_ema20_gt_ema50_raw==0),*,loc_dist_ema20_atr_ts_top70==1,reg_atr_change_rate_ts_band25_75==1&reg_atr_change_rate_ts_top50==1&reg_ema20_gt_ema50_raw==0,0.268893097837766,0.268893097837766,0.0188312883436446,0.16139069696267447,0.05294396961063628,0.001978410888508989,1.0,1.0,0.6180451127819548,355,,,0.0027548262818701623,-0.007528133058528725,-0.0068157581056721706,0.008252493428497883,,0.3333333333333333,,,,-0.13914461144757254,,,,0.03623904116624627,0.0,12.0,0.0014942055941901584,0.0014942055941901584,9.199284299640425e-05,0.2688011049947696,3,1,1,4,4,stage_a_context,,long,4-way,True,,production,,,-0.11613896518613442,0.278505856283634,primary_target,0,ranking,research,"{""checks"": {""n_folds"": {""value"": 3, ""threshold"": 3, ""passed"": true}, ""presence_freq"": {""value"": 1.0, ""threshold"": 0.75, ""passed"": true}, ""directional_mean_ret"": {""value"": 0.268893097837766, ""threshold"": 0.0, ""passed"": true}, ""hurdle_excess"": {""value"": 0.2688011049947696, ""threshold"": 0.0, ""passed"": true}, ""min_support_actual"": {""value"": 355, ""threshold"": 50, ""passed"": true}, ""is_structurally_sound"": {""value"": false, ""passed"": false}, ""trade_path_quality_score"": {""value"": 0.0, ""threshold"": 0.0, ""passed"": true}}, ""failures"": [""structural_soundness_fail: ""], ""warnings"": [], ""classification"": ""research""}",3.4057096750475466,18.0,5.2057096750475464,production,False,False,0.1
(*)|(*)|(reg_atr_change_rate_ts_top20==1&reg_atr_change_rate_ts_top50==1&reg_atr_change_rate_ts_top60==0),*,*,reg_atr_change_rate_ts_top20==1&reg_atr_change_rate_ts_top50==1&reg_atr_change_rate_ts_top60==0,0.26857664187749225,0.26857664187749225,0.012198044321863114,0.16245236992835999,0.10982905982905983,0.020944854151319817,1.0,1.0,0.5699708454810496,617,,,0.0041065897894931635,0.00033580520636164284,0.009065400224075237,0.01035677958991572,,0.6666666666666666,,,,0.03233159059536095,,,,0.25170620440575925,0.0,10.279093203838649,0.004031455553673016,0.004031455553673016,7.003381364599314e-05,0.26850660806384624,3,1,1,3,3,stage_a_context,,long,3-way,True,,production,,,-0.14759415131924358,1.0,primary_target,0,rejected,research,"{""checks"": {""n_folds"": {""value"": 3, ""threshold"": 3, ""passed"": true}, ""presence_freq"": {""value"": 1.0, ""threshold"": 0.75, ""passed"": true}, ""directional_mean_ret"": {""value"": 0.26857664187749225, ""threshold"": 0.0, ""passed"": true}, ""hurdle_excess"": {""value"": 0.26850660806384624, ""threshold"": 0.0, ""passed"": true}, ""min_support_actual"": {""value"": 617, ""threshold"": 50, ""passed"": true}, ""is_structurally_sound"": {""value"": false, ""passed"": false}, ""trade_path_quality_score"": {""value"": 0.0, ""threshold"": 0.0, ""passed"": true}}, ""failures"": [""structural_soundness_fail: ""], ""warnings"": [], ""classification"": ""research""}",4.55551836018761,31.0,7.65551836018761,production,False,False,0.3
(*)|(*)|(reg_atr_change_rate_ts_band20_80==1&reg_atr_change_rate_ts_top50==1&reg_atr_change_rate_ts_top60==0),*,*,reg_atr_change_rate_ts_band20_80==1&reg_atr_change_rate_ts_top50==1&reg_atr_change_rate_ts_top60==0,0.26857664187749225,0.26857664187749225,0.012198044321863114,0.16245236992835999,0.10982905982905983,0.020944854151319817,1.0,1.0,0.5699708454810496,617,,,0.0041065897894931635,0.00033580520636164284,0.009065400224075237,0.01035677958991572,,0.6666666666666666,,,,0.03233159059536095,,,,0.25170620440575925,0.0,10.279093203838649,0.004031455553673016,0.004031455553673016,7.003381364599314e-05,0.26850660806384624,3,2,2,3,3,stage_a_context,,long,3-way,True,,production,,,-0.14759415131924358,1.0,primary_target,0,rejected,research,"{""checks"": {""n_folds"": {""value"": 3, ""threshold"": 3, ""passed"": true}, ""presence_freq"": {""value"": 1.0, ""threshold"": 0.75, ""passed"": true}, ""directional_mean_ret"": {""value"": 0.26857664187749225, ""threshold"": 0.0, ""passed"": true}, ""hurdle_excess"": {""value"": 0.26850660806384624, ""threshold"": 0.0, ""passed"": true}, ""min_support_actual"": {""value"": 617, ""threshold"": 50, ""passed"": true}, ""is_structurally_sound"": {""value"": false, ""passed"": false}, ""trade_path_quality_score"": {""value"": 0.0, ""threshold"": 0.0, ""passed"": true}}, ""failures"": [""structural_soundness_fail: ""], ""warnings"": [], ""classification"": ""research""}",2.1194514292292297,23.333333333333332,4.452784762562564,production,False,False,0.3
(*)|(loc_dist_ema20_atr_ts_top50==1)|(reg_atr_change_rate_ts_top60==0&reg_atr_change_rate_ts_top80==0),*,loc_dist_ema20_atr_ts_top50==1,reg_atr_change_rate_ts_top60==0&reg_atr_change_rate_ts_top80==0,0.26857664187749225,0.26857664187749225,0.012198044321863114,0.16245236992835999,0.10982905982905983,0.020944854151319817,1.0,1.0,0.5699708454810496,617,,,0.0041065897894931635,0.00033580520636164284,0.009065400224075237,0.01035677958991572,,0.6666666666666666,,,,0.03233159059536095,,,,0.25170620440575925,0.0,10.279093203838649,0.004031455553673016,0.004031455553673016,7.003381364599314e-05,0.26850660806384624,3,1,1,3,3,stage_a_context,,long,3-way,True,,production,,,-0.14759415131924358,1.0,primary_target,0,rejected,research,"{""checks"": {""n_folds"": {""value"": 3, ""threshold"": 3, ""passed"": true}, ""presence_freq"": {""value"": 1.0, ""threshold"": 0.75, ""passed"": true}, ""directional_mean_ret"": {""value"": 0.26857664187749225, ""threshold"": 0.0, ""passed"": true}, ""hurdle_excess"": {""value"": 0.26850660806384624, ""threshold"": 0.0, ""passed"": true}, ""min_support_actual"": {""value"": 617, ""threshold"": 50, ""passed"": true}, ""is_structurally_sound"": {""value"": false, ""passed"": false}, ""trade_path_quality_score"": {""value"": 0.0, ""threshold"": 0.0, ""passed"": true}}, ""failures"": [""structural_soundness_fail: ""], ""warnings"": [], ""classification"": ""research""}",2.3372998484410346,28.666666666666668,5.203966515107702,production,False,False,0.3
(*)|(*)|(reg_atr_change_rate_ts_band40_60==1&reg_atr_change_rate_ts_top50==1&reg_ema50_gt_ema200_raw==0),*,*,reg_atr_change_rate_ts_band40_60==1&reg_atr_change_rate_ts_top50==1&reg_ema50_gt_ema200_raw==0,0.26857664187749225,0.26857664187749225,0.012198044321863114,0.16245236992835999,0.10982905982905983,0.020944854151319817,1.0,1.0,0.5699708454810496,617,,,0.0041065897894931635,0.00033580520636164284,0.009065400224075237,0.01035677958991572,,0.6666666666666666,,,,0.03233159059536095,,,,0.25170620440575925,0.0,10.279093203838649,0.004031455553673016,0.004031455553673016,7.003381364599314e-05,0.26850660806384624,3,1,1,3,3,stage_a_context,,long,3-way,True,,production,,,-0.14759415131924358,1.0,primary_target,0,rejected,research,"{""checks"": {""n_folds"": {""value"": 3, ""threshold"": 3, ""passed"": true}, ""presence_freq"": {""value"": 1.0, ""threshold"": 0.75, ""passed"": true}, ""directional_mean_ret"": {""value"": 0.26857664187749225, ""threshold"": 0.0, ""passed"": true}, ""hurdle_excess"": {""value"": 0.26850660806384624, ""threshold"": 0.0, ""passed"": true}, ""min_support_actual"": {""value"": 617, ""threshold"": 50, ""passed"": true}, ""is_structurally_sound"": {""value"": false, ""passed"": false}, ""trade_path_quality_score"": {""value"": 0.0, ""threshold"": 0.0, ""passed"": true}}, ""failures"": [""structural_soundness_fail: ""], ""warnings"": [], ""classification"": ""research""}",2.30135551871111,21.0,4.40135551871111,production,False,False,0.3
(*)|(*)|(reg_atr_change_rate_ts_band40_60==1&reg_atr_change_rate_ts_top20==1&reg_atr_change_rate_ts_top50==1),*,*,reg_atr_change_rate_ts_band40_60==1&reg_atr_change_rate_ts_top20==1&reg_atr_change_rate_ts_top50==1,0.26857664187749225,0.26857664187749225,0.012198044321863114,0.16245236992835999,0.10982905982905983,0.020944854151319817,1.0,1.0,0.5699708454810496,617,,,0.0041065897894931635,0.00033580520636164284,0.009065400224075237,0.01035677958991572,,0.6666666666666666,,,,0.03233159059536095,,,,0.25170620440575925,0.0,10.279093203838649,0.004031455553673016,0.004031455553673016,7.003381364599314e-05,0.26850660806384624,3,1,1,3,3,stage_a_context,,long,3-way,True,,production,,,-0.14759415131924358,1.0,primary_target,0,rejected,research,"{""checks"": {""n_folds"": {""value"": 3, ""threshold"": 3, ""passed"": true}, ""presence_freq"": {""value"": 1.0, ""threshold"": 0.75, ""passed"": true}, ""directional_mean_ret"": {""value"": 0.26857664187749225, ""threshold"": 0.0, ""passed"": true}, ""hurdle_excess"": {""value"": 0.26850660806384624, ""threshold"": 0.0, ""passed"": true}, ""min_support_actual"": {""value"": 617, ""threshold"": 50, ""passed"": true}, ""is_structurally_sound"": {""value"": false, ""passed"": false}, ""trade_path_quality_score"": {""value"": 0.0, ""threshold"": 0.0, ""passed"": true}}, ""failures"": [""structural_soundness_fail: ""], ""warnings"": [], ""classification"": ""research""}",4.642556509003043,31.333333333333332,7.775889842336376,production,False,False,0.3
(*)|(*)|(reg_atr_change_rate_ts_band30_70==1&reg_atr_change_rate_ts_top50==1&reg_atr_change_rate_ts_top60==0),*,*,reg_atr_change_rate_ts_band30_70==1&reg_atr_change_rate_ts_top50==1&reg_atr_change_rate_ts_top60==0,0.26857664187749225,0.26857664187749225,0.012198044321863114,0.16245236992835999,0.10982905982905983,0.020944854151319817,1.0,1.0,0.5699708454810496,617,,,0.0041065897894931635,0.00033580520636164284,0.009065400224075237,0.01035677958991572,,0.6666666666666666,,,,0.03233159059536095,,,,0.25170620440575925,0.0,10.279093203838649,0.004031455553673016,0.004031455553673016,7.003381364599314e-05,0.26850660806384624,3,1,1,3,3,stage_a_context,,long,3-way,True,,production,,,-0.14759415131924358,1.0,primary_target,0,rejected,research,"{""checks"": {""n_folds"": {""value"": 3, ""threshold"": 3, ""passed"": true}, ""presence_freq"": {""value"": 1.0, ""threshold"": 0.75, ""passed"": true}, ""directional_mean_ret"": {""value"": 0.26857664187749225, ""threshold"": 0.0, ""passed"": true}, ""hurdle_excess"": {""value"": 0.26850660806384624, ""threshold"": 0.0, ""passed"": true}, ""min_support_actual"": {""value"": 617, ""threshold"": 50, ""passed"": true}, ""is_structurally_sound"": {""value"": false, ""passed"": false}, ""trade_path_quality_score"": {""value"": 0.0, ""threshold"": 0.0, ""passed"": true}}, ""failures"": [""structural_soundness_fail: ""], ""warnings"": [], ""classification"": ""research""}",2.364946509556224,25.333333333333332,4.898279842889558,production,False,False,0.3
(*)|(*)|(reg_atr_change_rate_ts_band20_80==1&reg_atr_change_rate_ts_band40_60==1&reg_atr_change_rate_ts_top50==1),*,*,reg_atr_change_rate_ts_band20_80==1&reg_atr_change_rate_ts_band40_60==1&reg_atr_change_rate_ts_top50==1,0.26857664187749225,0.26857664187749225,0.012198044321863114,0.16245236992835999,0.10982905982905983,0.020944854151319817,1.0,1.0,0.5699708454810496,617,,,0.0041065897894931635,0.00033580520636164284,0.009065400224075237,0.01035677958991572,,0.6666666666666666,,,,0.03233159059536095,,,,0.25170620440575925,0.0,10.279093203838649,0.004031455553673016,0.004031455553673016,7.003381364599314e-05,0.26850660806384624,3,1,1,3,3,stage_a_context,,long,3-way,True,,production,,,-0.14759415131924358,1.0,primary_target,0,rejected,research,"{""checks"": {""n_folds"": {""value"": 3, ""threshold"": 3, ""passed"": true}, ""presence_freq"": {""value"": 1.0, ""threshold"": 0.75, ""passed"": true}, ""directional_mean_ret"": {""value"": 0.26857664187749225, ""threshold"": 0.0, ""passed"": true}, ""hurdle_excess"": {""value"": 0.26850660806384624, ""threshold"": 0.0, ""passed"": true}, ""min_support_actual"": {""value"": 617, ""threshold"": 50, ""passed"": true}, ""is_structurally_sound"": {""value"": false, ""passed"": false}, ""trade_path_quality_score"": {""value"": 0.0, ""threshold"": 0.0, ""passed"": true}}, ""failures"": [""structural_soundness_fail: ""], ""warnings"": [], ""classification"": ""research""}",2.2064895780446627,23.666666666666668,4.573156244711329,production,False,False,0.3
(*)|(*)|(reg_atr_change_rate_ts_band40_60==1&reg_atr_change_rate_ts_top50==1),*,*,reg_atr_change_rate_ts_band40_60==1&reg_atr_change_rate_ts_top50==1,0.26857664187749225,0.26857664187749225,0.012198044321863114,0.16245236992835999,0.10982905982905983,0.020944854151319817,1.0,1.0,0.5699708454810496,617,,,0.0041065897894931635,0.00033580520636164284,0.009065400224075237,0.01035677958991572,,0.6666666666666666,,,,0.03233159059536095,,,,0.25170620440575925,0.0,10.279093203838649,0.004031455553673016,0.004031455553673016,8.504105942727739e-05,0.26849160081806495,3,3,3,2,2,stage_a_context,,long,2-way,True,,production,,,-0.14759415131924358,1.0,primary_target,0,rejected,research,"{""checks"": {""n_folds"": {""value"": 3, ""threshold"": 3, ""passed"": true}, ""presence_freq"": {""value"": 1.0, ""threshold"": 0.75, ""passed"": true}, ""directional_mean_ret"": {""value"": 0.26857664187749225, ""threshold"": 0.0, ""passed"": true}, ""hurdle_excess"": {""value"": 0.26849160081806495, ""threshold"": 0.0, ""passed"": true}, ""min_support_actual"": {""value"": 617, ""threshold"": 50, ""passed"": true}, ""is_structurally_sound"": {""value"": false, ""passed"": false}, ""trade_path_quality_score"": {""value"": 0.0, ""threshold"": 0.0, ""passed"": true}}, ""failures"": [""structural_soundness_fail: ""], ""warnings"": [], ""classification"": ""research""}",2.54217797347034,19.333333333333332,4.475511306803674,production,False,False,0.15
(*)|(*)|(reg_atr_change_rate_ts_top50==1&reg_atr_change_rate_ts_top60==0),*,*,reg_atr_change_rate_ts_top50==1&reg_atr_change_rate_ts_top60==0,0.26857664187749225,0.26857664187749225,0.012198044321863114,0.16245236992835999,0.10982905982905983,0.020944854151319817,1.0,1.0,0.5699708454810496,617,,,0.0041065897894931635,0.00033580520636164284,0.009065400224075237,0.01035677958991572,,0.6666666666666666,,,,0.03233159059536095,,,,0.25170620440575925,0.0,10.279093203838649,0.004031455553673016,0.004031455553673016,8.504105942727739e-05,0.26849160081806495,3,1,1,2,2,stage_a_context,,long,2-way,True,,production,,,-0.14759415131924358,1.0,primary_target,0,rejected,research,"{""checks"": {""n_folds"": {""value"": 3, ""threshold"": 3, ""passed"": true}, ""presence_freq"": {""value"": 1.0, ""threshold"": 0.75, ""passed"": true}, ""directional_mean_ret"": {""value"": 0.26857664187749225, ""threshold"": 0.0, ""passed"": true}, ""hurdle_excess"": {""value"": 0.26849160081806495, ""threshold"": 0.0, ""passed"": true}, ""min_support_actual"": {""value"": 617, ""threshold"": 50, ""passed"": true}, ""is_structurally_sound"": {""value"": false, ""passed"": false}, ""trade_path_quality_score"": {""value"": 0.0, ""threshold"": 0.0, ""passed"": true}}, ""failures"": [""structural_soundness_fail: ""], ""warnings"": [], ""classification"": ""research""}",2.8647089111618698,27.5,5.61470891116187,production,False,False,0.15
(*)|(*)|(reg_atr_change_rate_ts_top20==1&reg_atr_change_rate_ts_top50==1&reg_atr_change_rate_ts_top60==0&reg_atr_change_rate_ts_top70==0&reg_ema20_gt_ema50_raw==0),*,*,reg_atr_change_rate_ts_top20==1&reg_atr_change_rate_ts_top50==1&reg_atr_change_rate_ts_top60==0&reg_atr_change_rate_ts_top70==0&reg_ema20_gt_ema50_raw==0,0.26857664187749225,0.26857664187749225,0.012198044321863114,0.16245236992835999,0.10982905982905983,0.020944854151319817,1.0,1.0,0.5699708454810496,617,,,0.0041065897894931635,0.00033580520636164284,0.009065400224075237,0.01035677958991572,,0.6666666666666666,,,,0.03233159059536095,,,,0.25170620440575925,0.0,10.279093203838649,0.004031455553673016,0.004031455553673016,9.004347468770548e-05,0.26848659840280453,3,1,1,5,5,stage_a_context,,long,5-way,True,,production,,,-0.14759415131924358,1.0,primary_target,0,rejected,research,"{""checks"": {""n_folds"": {""value"": 3, ""threshold"": 3, ""passed"": true}, ""presence_freq"": {""value"": 1.0, ""threshold"": 0.75, ""passed"": true}, ""directional_mean_ret"": {""value"": 0.26857664187749225, ""threshold"": 0.0, ""passed"": true}, ""hurdle_excess"": {""value"": 0.26848659840280453, ""threshold"": 0.0, ""passed"": true}, ""min_support_actual"": {""value"": 617, ""threshold"": 50, ""passed"": true}, ""is_structurally_sound"": {""value"": false, ""passed"": false}, ""trade_path_quality_score"": {""value"": 0.0, ""threshold"": 0.0, ""passed"": true}}, ""failures"": [""structural_soundness_fail: ""], ""warnings"": [], ""classification"": ""research""}",2.9999718835577367,17.2,4.7199718835577364,production,False,False,0.1
(*)|(*)|(reg_atr_change_rate_ts_band25_75==1&reg_atr_change_rate_ts_top50==1&reg_atr_change_rate_ts_top60==0&reg_atr_change_rate_ts_top70==0&reg_ema20_gt_ema50_raw==0),*,*,reg_atr_change_rate_ts_band25_75==1&reg_atr_change_rate_ts_top50==1&reg_atr_change_rate_ts_top60==0&reg_atr_change_rate_ts_top70==0&reg_ema20_gt_ema50_raw==0,0.26857664187749225,0.26857664187749225,0.012198044321863114,0.16245236992835999,0.10982905982905983,0.020944854151319817,1.0,1.0,0.5699708454810496,617,,,0.0041065897894931635,0.00033580520636164284,0.009065400224075237,0.01035677958991572,,0.6666666666666666,,,,0.03233159059536095,,,,0.25170620440575925,0.0,10.279093203838649,0.004031455553673016,0.004031455553673016,9.004347468770548e-05,0.26848659840280453,3,1,1,5,5,stage_a_context,,long,5-way,True,,production,,,-0.14759415131924358,1.0,primary_target,0,rejected,research,"{""checks"": {""n_folds"": {""value"": 3, ""threshold"": 3, ""passed"": true}, ""presence_freq"": {""value"": 1.0, ""threshold"": 0.75, ""passed"": true}, ""directional_mean_ret"": {""value"": 0.26857664187749225, ""threshold"": 0.0, ""passed"": true}, ""hurdle_excess"": {""value"": 0.26848659840280453, ""threshold"": 0.0, ""passed"": true}, ""min_support_actual"": {""value"": 617, ""threshold"": 50, ""passed"": true}, ""is_structurally_sound"": {""value"": false, ""passed"": false}, ""trade_path_quality_score"": {""value"": 0.0, ""threshold"": 0.0, ""passed"": true}}, ""failures"": [""structural_soundness_fail: ""], ""warnings"": [], ""classification"": ""research""}",3.57732890881598,30.6,6.637328908815981,production,False,False,0.1
(*)|(*)|(reg_atr_change_rate_ts_top20==1&reg_atr_change_rate_ts_top50==1&reg_atr_change_rate_ts_top60==0&reg_atr_change_rate_ts_top80==0&reg_ema20_gt_ema50_raw==0),*,*,reg_atr_change_rate_ts_top20==1&reg_atr_change_rate_ts_top50==1&reg_atr_change_rate_ts_top60==0&reg_atr_change_rate_ts_top80==0&reg_ema20_gt_ema50_raw==0,0.26857664187749225,0.26857664187749225,0.012198044321863114,0.16245236992835999,0.10982905982905983,0.020944854151319817,1.0,1.0,0.5699708454810496,617,,,0.0041065897894931635,0.00033580520636164284,0.009065400224075237,0.01035677958991572,,0.6666666666666666,,,,0.03233159059536095,,,,0.25170620440575925,0.0,10.279093203838649,0.004031455553673016,0.004031455553673016,9.004347468770548e-05,0.26848659840280453,3,1,1,5,5,stage_a_context,,long,5-way,True,,production,,,-0.14759415131924358,1.0,primary_target,0,rejected,research,"{""checks"": {""n_folds"": {""value"": 3, ""threshold"": 3, ""passed"": true}, ""presence_freq"": {""value"": 1.0, ""threshold"": 0.75, ""passed"": true}, ""directional_mean_ret"": {""value"": 0.26857664187749225, ""threshold"": 0.0, ""passed"": true}, ""hurdle_excess"": {""value"": 0.26848659840280453, ""threshold"": 0.0, ""passed"": true}, ""min_support_actual"": {""value"": 617, ""threshold"": 50, ""passed"": true}, ""is_structurally_sound"": {""value"": false, ""passed"": false}, ""trade_path_quality_score"": {""value"": 0.0, ""threshold"": 0.0, ""passed"": true}}, ""failures"": [""structural_soundness_fail: ""], ""warnings"": [], ""classification"": ""research""}",4.751015033014118,20.2,6.771015033014118,production,False,False,0.1
(*)|(*)|(reg_atr_change_rate_ts_band30_70==1&reg_atr_change_rate_ts_band40_60==1&reg_atr_change_rate_ts_top20==1&reg_atr_change_rate_ts_top50==1),*,*,reg_atr_change_rate_ts_band30_70==1&reg_atr_change_rate_ts_band40_60==1&reg_atr_change_rate_ts_top20==1&reg_atr_change_rate_ts_top50==1,0.26857664187749225,0.26857664187749225,0.012198044321863114,0.16245236992835999,0.10982905982905983,0.020944854151319817,1.0,1.0,0.5699708454810496,617,,,0.0041065897894931635,0.00033580520636164284,0.009065400224075237,0.01035677958991572,,0.6666666666666666,,,,0.03233159059536095,,,,0.25170620440575925,0.0,10.279093203838649,0.004031455553673016,0.004031455553673016,9.004347468770548e-05,0.26848659840280453,3,1,1,4,4,stage_a_context,,long,4-way,True,,production,,,-0.14759415131924358,1.0,primary_target,0,rejected,research,"{""checks"": {""n_folds"": {""value"": 3, ""threshold"": 3, ""passed"": true}, ""presence_freq"": {""value"": 1.0, ""threshold"": 0.75, ""passed"": true}, ""directional_mean_ret"": {""value"": 0.26857664187749225, ""threshold"": 0.0, ""passed"": true}, ""hurdle_excess"": {""value"": 0.26848659840280453, ""threshold"": 0.0, ""passed"": true}, ""min_support_actual"": {""value"": 617, ""threshold"": 50, ""passed"": true}, ""is_structurally_sound"": {""value"": false, ""passed"": false}, ""trade_path_quality_score"": {""value"": 0.0, ""threshold"": 0.0, ""passed"": true}}, ""failures"": [""structural_soundness_fail: ""], ""warnings"": [], ""classification"": ""research""}",3.8232728083385155,28.75,6.6982728083385155,production,False,False,0.1
(*)|(*)|(reg_atr_change_rate_ts_band40_60==1&reg_atr_change_rate_ts_bot50==0&reg_atr_change_rate_ts_top20==1&reg_atr_change_rate_ts_top80==0),*,*,reg_atr_change_rate_ts_band40_60==1&reg_atr_change_rate_ts_bot50==0&reg_atr_change_rate_ts_top20==1&reg_atr_change_rate_ts_top80==0,0.26857664187749225,0.26857664187749225,0.012198044321863114,0.16245236992835999,0.10982905982905983,0.020944854151319817,1.0,1.0,0.5699708454810496,617,,,0.0041065897894931635,0.00033580520636164284,0.009065400224075237,0.01035677958991572,,0.6666666666666666,,,,0.03233159059536095,,,,0.25170620440575925,0.0,10.279093203838649,0.004031455553673016,0.004031455553673016,9.004347468770548e-05,0.26848659840280453,3,1,1,4,4,stage_a_context,,long,4-way,True,,production,,,-0.14759415131924358,1.0,primary_target,0,rejected,research,"{""checks"": {""n_folds"": {""value"": 3, ""threshold"": 3, ""passed"": true}, ""presence_freq"": {""value"": 1.0, ""threshold"": 0.75, ""passed"": true}, ""directional_mean_ret"": {""value"": 0.26857664187749225, ""threshold"": 0.0, ""passed"": true}, ""hurdle_excess"": {""value"": 0.26848659840280453, ""threshold"": 0.0, ""passed"": true}, ""min_support_actual"": {""value"": 617, ""threshold"": 50, ""passed"": true}, ""is_structurally_sound"": {""value"": false, ""passed"": false}, ""trade_path_quality_score"": {""value"": 0.0, ""threshold"": 0.0, ""passed"": true}}, ""failures"": [""structural_soundness_fail: ""], ""warnings"": [], ""classification"": ""research""}",3.664137662970461,29.0,6.564137662970461,production,False,False,0.1
(*)|(loc_dist_ema20_atr_ts_top80==0)|(reg_atr_change_rate_ts_band40_60==1&reg_atr_change_rate_ts_top50==1&reg_ema20_gt_ema50_raw==0),*,loc_dist_ema20_atr_ts_top80==0,reg_atr_change_rate_ts_band40_60==1&reg_atr_change_rate_ts_top50==1&reg_ema20_gt_ema50_raw==0,0.26857664187749225,0.26857664187749225,0.012198044321863114,0.16245236992835999,0.10982905982905983,0.020944854151319817,1.0,1.0,0.5699708454810496,617,,,0.0041065897894931635,0.00033580520636164284,0.009065400224075237,0.01035677958991572,,0.6666666666666666,,,,0.03233159059536095,,,,0.25170620440575925,0.0,10.279093203838649,0.004031455553673016,0.004031455553673016,9.004347468770548e-05,0.26848659840280453,3,1,1,4,4,stage_a_context,,long,4-way,True,,production,,,-0.14759415131924358,1.0,primary_target,0,rejected,research,"{""checks"": {""n_folds"": {""value"": 3, ""threshold"": 3, ""passed"": true}, ""presence_freq"": {""value"": 1.0, ""threshold"": 0.75, ""passed"": true}, ""directional_mean_ret"": {""value"": 0.26857664187749225, ""threshold"": 0.0, ""passed"": true}, ""hurdle_excess"": {""value"": 0.26848659840280453, ""threshold"": 0.0, ""passed"": true}, ""min_support_actual"": {""value"": 617, ""threshold"": 50, ""passed"": true}, ""is_structurally_sound"": {""value"": false, ""passed"": false}, ""trade_path_quality_score"": {""value"": 0.0, ""threshold"": 0.0, ""passed"": true}}, ""failures"": [""structural_soundness_fail: ""], ""warnings"": [], ""classification"": ""research""}",3.426611469592899,29.0,6.326611469592899,production,False,False,0.1
(*)|(loc_dist_ema20_atr_ts_top70==0)|(reg_atr_change_rate_ts_top50==1&reg_atr_change_rate_ts_top60==0&reg_ema20_gt_ema50_raw==0),*,loc_dist_ema20_atr_ts_top70==0,reg_atr_change_rate_ts_top50==1&reg_atr_change_rate_ts_top60==0&reg_ema20_gt_ema50_raw==0,0.26857664187749225,0.26857664187749225,0.012198044321863114,0.16245236992835999,0.10982905982905983,0.020944854151319817,1.0,1.0,0.5699708454810496,617,,,0.0041065897894931635,0.00033580520636164284,0.009065400224075237,0.01035677958991572,,0.6666666666666666,,,,0.03233159059536095,,,,0.25170620440575925,0.0,10.279093203838649,0.004031455553673016,0.004031455553673016,9.004347468770548e-05,0.26848659840280453,3,1,1,4,4,stage_a_context,,long,4-way,True,,production,,,-0.14759415131924358,1.0,primary_target,0,rejected,research,"{""checks"": {""n_folds"": {""value"": 3, ""threshold"": 3, ""passed"": true}, ""presence_freq"": {""value"": 1.0, ""threshold"": 0.75, ""passed"": true}, ""directional_mean_ret"": {""value"": 0.26857664187749225, ""threshold"": 0.0, ""passed"": true}, ""hurdle_excess"": {""value"": 0.26848659840280453, ""threshold"": 0.0, ""passed"": true}, ""min_support_actual"": {""value"": 617, ""threshold"": 50, ""passed"": true}, ""is_structurally_sound"": {""value"": false, ""passed"": false}, ""trade_path_quality_score"": {""value"": 0.0, ""threshold"": 0.0, ""passed"": true}}, ""failures"": [""structural_soundness_fail: ""], ""warnings"": [], ""classification"": ""research""}",3.0616781113203615,17.0,4.761678111320362,production,False,False,0.1
(*)|(*)|(reg_atr_change_rate_ts_top50==1&reg_atr_change_rate_ts_top60==0&reg_atr_change_rate_ts_top70==0&reg_atr_change_rate_ts_top80==0&reg_ema20_gt_ema50_raw==0),*,*,reg_atr_change_rate_ts_top50==1&reg_atr_change_rate_ts_top60==0&reg_atr_change_rate_ts_top70==0&reg_atr_change_rate_ts_top80==0&reg_ema20_gt_ema50_raw==0,0.26857664187749225,0.26857664187749225,0.012198044321863114,0.16245236992835999,0.10982905982905983,0.020944854151319817,1.0,1.0,0.5699708454810496,617,,,0.0041065897894931635,0.00033580520636164284,0.009065400224075237,0.01035677958991572,,0.6666666666666666,,,,0.03233159059536095,,,,0.25170620440575925,0.0,10.279093203838649,0.004031455553673016,0.004031455553673016,9.004347468770548e-05,0.26848659840280453,3,1,1,5,5,stage_a_context,,long,5-way,True,,production,,,-0.14759415131924358,1.0,primary_target,0,rejected,research,"{""checks"": {""n_folds"": {""value"": 3, ""threshold"": 3, ""passed"": true}, ""presence_freq"": {""value"": 1.0, ""threshold"": 0.75, ""passed"": true}, ""directional_mean_ret"": {""value"": 0.26857664187749225, ""threshold"": 0.0, ""passed"": true}, ""hurdle_excess"": {""value"": 0.26848659840280453, ""threshold"": 0.0, ""passed"": true}, ""min_support_actual"": {""value"": 617, ""threshold"": 50, ""passed"": true}, ""is_structurally_sound"": {""value"": false, ""passed"": false}, ""trade_path_quality_score"": {""value"": 0.0, ""threshold"": 0.0, ""passed"": true}}, ""failures"": [""structural_soundness_fail: ""], ""warnings"": [], ""classification"": ""research""}",4.828003721497953,20.0,6.828003721497953,production,False,False,0.1
(*)|(*)|(reg_atr_change_rate_ts_band25_75==1&reg_atr_change_rate_ts_top50==1&reg_atr_change_rate_ts_top60==0&reg_atr_change_rate_ts_top80==0&reg_ema20_gt_ema50_raw==0),*,*,reg_atr_change_rate_ts_band25_75==1&reg_atr_change_rate_ts_top50==1&reg_atr_change_rate_ts_top60==0&reg_atr_change_rate_ts_top80==0&reg_ema20_gt_ema50_raw==0,0.26857664187749225,0.26857664187749225,0.012198044321863114,0.16245236992835999,0.10982905982905983,0.020944854151319817,1.0,1.0,0.5699708454810496,617,,,0.0041065897894931635,0.00033580520636164284,0.009065400224075237,0.01035677958991572,,0.6666666666666666,,,,0.03233159059536095,,,,0.25170620440575925,0.0,10.279093203838649,0.004031455553673016,0.004031455553673016,9.004347468770548e-05,0.26848659840280453,3,1,1,5,5,stage_a_context,,long,5-way,True,,production,,,-0.14759415131924358,1.0,primary_target,0,rejected,research,"{""checks"": {""n_folds"": {""value"": 3, ""threshold"": 3, ""passed"": true}, ""presence_freq"": {""value"": 1.0, ""threshold"": 0.75, ""passed"": true}, ""directional_mean_ret"": {""value"": 0.26857664187749225, ""threshold"": 0.0, ""passed"": true}, ""hurdle_excess"": {""value"": 0.26848659840280453, ""threshold"": 0.0, ""passed"": true}, ""min_support_actual"": {""value"": 617, ""threshold"": 50, ""passed"": true}, ""is_structurally_sound"": {""value"": false, ""passed"": false}, ""trade_path_quality_score"": {""value"": 0.0, ""threshold"": 0.0, ""passed"": true}}, ""failures"": [""structural_soundness_fail: ""], ""warnings"": [], ""classification"": ""research""}",4.123755243141204,37.0,7.823755243141204,production,False,False,0.1
(*)|(*)|(reg_atr_change_rate_ts_band25_75==1&reg_atr_change_rate_ts_band30_70==0&reg_atr_change_rate_ts_top50==1),*,*,reg_atr_change_rate_ts_band25_75==1&reg_atr_change_rate_ts_band30_70==0&reg_atr_change_rate_ts_top50==1,0.26850196222464245,0.26850196222464245,0.01871407534496688,0.16128425796826681,0.05308641975308642,0.0020946576448350202,1.0,1.0,0.6174298375184638,355,,,0.0021663619487261756,-0.007817706066011648,-0.0068157581056721706,0.007659369936264827,,0.3333333333333333,-0.057820869151925344,-4.754917629970408,1.0,-0.12635575041798783,-0.05566403925858976,-87.30814154151251,2.061153622438558e-09,7.944919254913311e-06,0.0,12.0,3.560696284615517e-05,3.560696284615517e-05,7.154061880810851e-05,0.26843042160583436,3,1,1,3,3,stage_a_context,,long,3-way,True,,production,-0.057820869151925344,-0.05566403925858976,-0.11570806406833582,0.2823045267489712,primary_target,0,ranking,research,"{""checks"": {""n_folds"": {""value"": 3, ""threshold"": 3, ""passed"": true}, ""presence_freq"": {""value"": 1.0, ""threshold"": 0.75, ""passed"": true}, ""directional_mean_ret"": {""value"": 0.26850196222464245, ""threshold"": 0.0, ""passed"": true}, ""hurdle_excess"": {""value"": 0.26843042160583436, ""threshold"": 0.0, ""passed"": true}, ""min_support_actual"": {""value"": 355, ""threshold"": 50, ""passed"": true}, ""is_structurally_sound"": {""value"": false, ""passed"": false}, ""trade_path_quality_score"": {""value"": 0.0, ""threshold"": 0.0, ""passed"": true}}, ""failures"": [""structural_soundness_fail: ""], ""warnings"": [], ""classification"": ""research""}",3.3944847768483064,29.666666666666668,6.361151443514974,production,False,False,0.3
(*)|(*)|(reg_atr_change_rate_ts_band25_75==1&reg_atr_change_rate_ts_band30_70==0&reg_atr_change_rate_ts_top60==1),*,*,reg_atr_change_rate_ts_band25_75==1&reg_atr_change_rate_ts_band30_70==0&reg_atr_change_rate_ts_top60==1,0.26850196222464245,0.26850196222464245,0.01871407534496688,0.16128425796826681,0.05308641975308642,0.0020946576448350202,1.0,1.0,0.6174298375184638,355,,,0.0021663619487261756,-0.007817706066011648,-0.0068157581056721706,0.007659369936264827,,0.3333333333333333,-0.057820869151925344,-4.754917629970408,1.0,-0.12635575041798783,-0.05566403925858976,-87.30814154151251,2.061153622438558e-09,7.944919254913311e-06,0.0,12.0,3.560696284615517e-05,3.560696284615517e-05,7.154061880810851e-05,0.26843042160583436,3,1,1,3,3,stage_a_context,,long,3-way,True,,production,-0.057820869151925344,-0.05566403925858976,-0.11570806406833582,0.2823045267489712,primary_target,0,ranking,research,"{""checks"": {""n_folds"": {""value"": 3, ""threshold"": 3, ""passed"": true}, ""presence_freq"": {""value"": 1.0, ""threshold"": 0.75, ""passed"": true}, ""directional_mean_ret"": {""value"": 0.26850196222464245, ""threshold"": 0.0, ""passed"": true}, ""hurdle_excess"": {""value"": 0.26843042160583436, ""threshold"": 0.0, ""passed"": true}, ""min_support_actual"": {""value"": 355, ""threshold"": 50, ""passed"": true}, ""is_structurally_sound"": {""value"": false, ""passed"": false}, ""trade_path_quality_score"": {""value"": 0.0, ""threshold"": 0.0, ""passed"": true}}, ""failures"": [""structural_soundness_fail: ""], ""warnings"": [], ""classification"": ""research""}",2.7590182630034783,29.333333333333332,5.692351596336811,production,False,False,0.3
(*)|(*)|(reg_atr_change_rate_ts_band25_75==1&reg_atr_change_rate_ts_top60==1&reg_atr_change_rate_ts_top70==1),*,*,reg_atr_change_rate_ts_band25_75==1&reg_atr_change_rate_ts_top60==1&reg_atr_change_rate_ts_top70==1,0.26850196222464245,0.26850196222464245,0.01871407534496688,0.16128425796826681,0.05308641975308642,0.0020946576448350202,1.0,1.0,0.6174298375184638,355,,,0.0021663619487261756,-0.007817706066011648,-0.0068157581056721706,0.007659369936264827,,0.3333333333333333,-0.057820869151925344,-4.754917629970408,1.0,-0.12635575041798783,-0.05566403925858976,-87.30814154151251,2.061153622438558e-09,7.944919254913311e-06,0.0,12.0,3.560696284615517e-05,3.560696284615517e-05,7.154061880810851e-05,0.26843042160583436,3,1,1,3,3,stage_a_context,,long,3-way,True,,production,-0.057820869151925344,-0.05566403925858976,-0.11570806406833582,0.2823045267489712,primary_target,0,ranking,research,"{""checks"": {""n_folds"": {""value"": 3, ""threshold"": 3, ""passed"": true}, ""presence_freq"": {""value"": 1.0, ""threshold"": 0.75, ""passed"": true}, ""directional_mean_ret"": {""value"": 0.26850196222464245, ""threshold"": 0.0, ""passed"": true}, ""hurdle_excess"": {""value"": 0.26843042160583436, ""threshold"": 0.0, ""passed"": true}, ""min_support_actual"": {""value"": 355, ""threshold"": 50, ""passed"": true}, ""is_structurally_sound"": {""value"": false, ""passed"": false}, ""trade_path_quality_score"": {""value"": 0.0, ""threshold"": 0.0, ""passed"": true}}, ""failures"": [""structural_soundness_fail: ""], ""warnings"": [], ""classification"": ""research""}",2.725550537618498,27.333333333333332,5.458883870951832,production,False,False,0.3
(*)|(*)|(reg_atr_change_rate_ts_band25_75==1&reg_atr_change_rate_ts_top20==1&reg_atr_change_rate_ts_top50==1&reg_atr_change_rate_ts_top70==1),*,*,reg_atr_change_rate_ts_band25_75==1&reg_atr_change_rate_ts_top20==1&reg_atr_change_rate_ts_top50==1&reg_atr_change_rate_ts_top70==1,0.26850196222464245,0.26850196222464245,0.01871407534496688,0.16128425796826681,0.05308641975308642,0.0020946576448350202,1.0,1.0,0.6174298375184638,355,,,0.0021663619487261756,-0.007817706066011648,-0.0068157581056721706,0.007659369936264827,,0.3333333333333333,-0.057820869151925344,-4.754917629970408,1.0,-0.12635575041798783,-0.05566403925858976,-87.30814154151251,2.061153622438558e-09,7.944919254913311e-06,0.0,12.0,3.560696284615517e-05,3.560696284615517e-05,9.198079561042525e-05,0.26840998142903205,3,1,1,4,4,stage_a_context,,long,4-way,True,,production,-0.057820869151925344,-0.05566403925858976,-0.11570806406833582,0.2823045267489712,primary_target,0,ranking,research,"{""checks"": {""n_folds"": {""value"": 3, ""threshold"": 3, ""passed"": true}, ""presence_freq"": {""value"": 1.0, ""threshold"": 0.75, ""passed"": true}, ""directional_mean_ret"": {""value"": 0.26850196222464245, ""threshold"": 0.0, ""passed"": true}, ""hurdle_excess"": {""value"": 0.26840998142903205, ""threshold"": 0.0, ""passed"": true}, ""min_support_actual"": {""value"": 355, ""threshold"": 50, ""passed"": true}, ""is_structurally_sound"": {""value"": false, ""passed"": false}, ""trade_path_quality_score"": {""value"": 0.0, ""threshold"": 0.0, ""passed"": true}}, ""failures"": [""structural_soundness_fail: ""], ""warnings"": [], ""classification"": ""research""}",4.505047103157267,30.25,7.530047103157267,production,False,False,0.1
(*)|(*)|(reg_atr_change_rate_ts_band20_80==0&reg_atr_change_rate_ts_band25_75==0&reg_ema20_gt_ema50_raw==1),*,*,reg_atr_change_rate_ts_band20_80==0&reg_atr_change_rate_ts_band25_75==0&reg_ema20_gt_ema50_raw==1,0.26712726553281146,0.26712726553281146,0.0109431713022463,0.15722701946894327,0.16405508072174738,0.007328764109457238,1.0,1.0,0.5685579196217494,1088,,,0.0021538251517231356,-0.0064387206243650815,0.005178192504695782,0.012258554604297676,,0.6666666666666666,,,,-0.13694261472570224,,,,0.03623904116624627,0.0,12.0,0.0015900688294991374,0.0015900688294991374,7.143606867819436e-05,0.26705582946413325,3,1,1,3,3,stage_a_context,,long,3-way,True,,production,,,-0.06454304733630363,0.5594491927825263,primary_target,0,rejected,research,"{""checks"": {""n_folds"": {""value"": 3, ""threshold"": 3, ""passed"": true}, ""presence_freq"": {""value"": 1.0, ""threshold"": 0.75, ""passed"": true}, ""directional_mean_ret"": {""value"": 0.26712726553281146, ""threshold"": 0.0, ""passed"": true}, ""hurdle_excess"": {""value"": 0.26705582946413325, ""threshold"": 0.0, ""passed"": true}, ""min_support_actual"": {""value"": 1088, ""threshold"": 50, ""passed"": true}, ""is_structurally_sound"": {""value"": false, ""passed"": false}, ""trade_path_quality_score"": {""value"": 0.0, ""threshold"": 0.0, ""passed"": true}}, ""failures"": [""structural_soundness_fail: ""], ""warnings"": [], ""classification"": ""research""}",3.8403815523100397,32.666666666666664,7.107048218976706,production,False,False,0.3
(*)|(*)|(reg_atr_change_rate_ts_top60==1&reg_atr_change_rate_ts_top80==1&reg_ema20_gt_ema50_raw==1),*,*,reg_atr_change_rate_ts_top60==1&reg_atr_change_rate_ts_top80==1&reg_ema20_gt_ema50_raw==1,0.26712726553281146,0.26712726553281146,0.0109431713022463,0.15722701946894327,0.16405508072174738,0.007328764109457238,1.0,1.0,0.5685579196217494,1088,,,0.0021538251517231356,-0.0064387206243650815,0.005178192504695782,0.012258554604297676,,0.6666666666666666,,,,-0.13694261472570224,,,,0.03623904116624627,0.0,12.0,0.0015900688294991374,0.0015900688294991374,7.143606867819436e-05,0.26705582946413325,3,1,1,3,3,stage_a_context,,long,3-way,True,,production,,,-0.06454304733630363,0.5594491927825263,primary_target,0,rejected,research,"{""checks"": {""n_folds"": {""value"": 3, ""threshold"": 3, ""passed"": true}, ""presence_freq"": {""value"": 1.0, ""threshold"": 0.75, ""passed"": true}, ""directional_mean_ret"": {""value"": 0.26712726553281146, ""threshold"": 0.0, ""passed"": true}, ""hurdle_excess"": {""value"": 0.26705582946413325, ""threshold"": 0.0, ""passed"": true}, ""min_support_actual"": {""value"": 1088, ""threshold"": 50, ""passed"": true}, ""is_structurally_sound"": {""value"": false, ""passed"": false}, ""trade_path_quality_score"": {""value"": 0.0, ""threshold"": 0.0, ""passed"": true}}, ""failures"": [""structural_soundness_fail: ""], ""warnings"": [], ""classification"": ""research""}",3.933581197168678,39.0,7.833581197168678,production,False,False,0.3
(*)|(*)|(reg_atr_change_rate_ts_top50==1&reg_atr_change_rate_ts_top80==1&reg_ema20_gt_ema50_raw==1),*,*,reg_atr_change_rate_ts_top50==1&reg_atr_change_rate_ts_top80==1&reg_ema20_gt_ema50_raw==1,0.26712726553281146,0.26712726553281146,0.0109431713022463,0.15722701946894327,0.16405508072174738,0.007328764109457238,1.0,1.0,0.5685579196217494,1088,,,0.0021538251517231356,-0.0064387206243650815,0.005178192504695782,0.012258554604297676,,0.6666666666666666,,,,-0.13694261472570224,,,,0.03623904116624627,0.0,12.0,0.0015900688294991374,0.0015900688294991374,7.143606867819436e-05,0.26705582946413325,3,3,3,3,3,stage_a_context,,long,3-way,True,,production,,,-0.06454304733630363,0.5594491927825263,primary_target,0,rejected,research,"{""checks"": {""n_folds"": {""value"": 3, ""threshold"": 3, ""passed"": true}, ""presence_freq"": {""value"": 1.0, ""threshold"": 0.75, ""passed"": true}, ""directional_mean_ret"": {""value"": 0.26712726553281146, ""threshold"": 0.0, ""passed"": true}, ""hurdle_excess"": {""value"": 0.26705582946413325, ""threshold"": 0.0, ""passed"": true}, ""min_support_actual"": {""value"": 1088, ""threshold"": 50, ""passed"": true}, ""is_structurally_sound"": {""value"": false, ""passed"": false}, ""trade_path_quality_score"": {""value"": 0.0, ""threshold"": 0.0, ""passed"": true}}, ""failures"": [""structural_soundness_fail: ""], ""warnings"": [], ""classification"": ""research""}",6.3432913473807275,30.666666666666668,9.409958014047396,production,False,False,0.3
(*)|(*)|(reg_atr_change_rate_ts_top30==1&reg_atr_change_rate_ts_top80==1&reg_ema20_gt_ema50_raw==1),*,*,reg_atr_change_rate_ts_top30==1&reg_atr_change_rate_ts_top80==1&reg_ema20_gt_ema50_raw==1,0.26712726553281146,0.26712726553281146,0.0109431713022463,0.15722701946894327,0.16405508072174738,0.007328764109457238,1.0,1.0,0.5685579196217494,1088,,,0.0021538251517231356,-0.0064387206243650815,0.005178192504695782,0.012258554604297676,,0.6666666666666666,,,,-0.13694261472570224,,,,0.03623904116624627,0.0,12.0,0.0015900688294991374,0.0015900688294991374,7.143606867819436e-05,0.26705582946413325,3,1,1,3,3,stage_a_context,,long,3-way,True,,production,,,-0.06454304733630363,0.5594491927825263,primary_target,0,rejected,research,"{""checks"": {""n_folds"": {""value"": 3, ""threshold"": 3, ""passed"": true}, ""presence_freq"": {""value"": 1.0, ""threshold"": 0.75, ""passed"": true}, ""directional_mean_ret"": {""value"": 0.26712726553281146, ""threshold"": 0.0, ""passed"": true}, ""hurdle_excess"": {""value"": 0.26705582946413325, ""threshold"": 0.0, ""passed"": true}, ""min_support_actual"": {""value"": 1088, ""threshold"": 50, ""passed"": true}, ""is_structurally_sound"": {""value"": false, ""passed"": false}, ""trade_path_quality_score"": {""value"": 0.0, ""threshold"": 0.0, ""passed"": true}}, ""failures"": [""structural_soundness_fail: ""], ""warnings"": [], ""classification"": ""research""}",4.1324584625350935,42.0,8.332458462535094,production,False,False,0.3
(*)|(*)|(reg_atr_change_rate_ts_top20==1&reg_atr_change_rate_ts_top80==1&reg_ema20_gt_ema50_raw==1),*,*,reg_atr_change_rate_ts_top20==1&reg_atr_change_rate_ts_top80==1&reg_ema20_gt_ema50_raw==1,0.26712726553281146,0.26712726553281146,0.0109431713022463,0.15722701946894327,0.16405508072174738,0.007328764109457238,1.0,1.0,0.5685579196217494,1088,,,0.0021538251517231356,-0.0064387206243650815,0.005178192504695782,0.012258554604297676,,0.6666666666666666,,,,-0.13694261472570224,,,,0.03623904116624627,0.0,12.0,0.0015900688294991374,0.0015900688294991374,7.143606867819436e-05,0.26705582946413325,3,3,3,3,3,stage_a_context,,long,3-way,True,,production,,,-0.06454304733630363,0.5594491927825263,primary_target,0,rejected,research,"{""checks"": {""n_folds"": {""value"": 3, ""threshold"": 3, ""passed"": true}, ""presence_freq"": {""value"": 1.0, ""threshold"": 0.75, ""passed"": true}, ""directional_mean_ret"": {""value"": 0.26712726553281146, ""threshold"": 0.0, ""passed"": true}, ""hurdle_excess"": {""value"": 0.26705582946413325, ""threshold"": 0.0, ""passed"": true}, ""min_support_actual"": {""value"": 1088, ""threshold"": 50, ""passed"": true}, ""is_structurally_sound"": {""value"": false, ""passed"": false}, ""trade_path_quality_score"": {""value"": 0.0, ""threshold"": 0.0, ""passed"": true}}, ""failures"": [""structural_soundness_fail: ""], ""warnings"": [], ""classification"": ""research""}",5.9421239031168325,42.666666666666664,10.208790569783499,production,False,False,0.3
(*)|(*)|(reg_atr_change_rate_ts_band20_80==0&reg_atr_change_rate_ts_band40_60==0&reg_ema20_gt_ema50_raw==1),*,*,reg_atr_change_rate_ts_band20_80==0&reg_atr_change_rate_ts_band40_60==0&reg_ema20_gt_ema50_raw==1,0.26712726553281146,0.26712726553281146,0.0109431713022463,0.15722701946894327,0.16405508072174738,0.007328764109457238,1.0,1.0,0.5685579196217494,1088,,,0.0021538251517231356,-0.0064387206243650815,0.005178192504695782,0.012258554604297676,,0.6666666666666666,,,,-0.13694261472570224,,,,0.03623904116624627,0.0,12.0,0.0015900688294991374,0.0015900688294991374,7.143606867819436e-05,0.26705582946413325,3,1,1,3,3,stage_a_context,,long,3-way,True,,production,,,-0.06454304733630363,0.5594491927825263,primary_target,0,rejected,research,"{""checks"": {""n_folds"": {""value"": 3, ""threshold"": 3, ""passed"": true}, ""presence_freq"": {""value"": 1.0, ""threshold"": 0.75, ""passed"": true}, ""directional_mean_ret"": {""value"": 0.26712726553281146, ""threshold"": 0.0, ""passed"": true}, ""hurdle_excess"": {""value"": 0.26705582946413325, ""threshold"": 0.0, ""passed"": true}, ""min_support_actual"": {""value"": 1088, ""threshold"": 50, ""passed"": true}, ""is_structurally_sound"": {""value"": false, ""passed"": false}, ""trade_path_quality_score"": {""value"": 0.0, ""threshold"": 0.0, ""passed"": true}}, ""failures"": [""structural_soundness_fail: ""], ""warnings"": [], ""classification"": ""research""}",3.6826165275027356,16.0,5.282616527502736,production,False,False,0.3
(*)|(loc_dist_ema20_atr_ts_top30==1)|(reg_atr_change_rate_ts_top80==1&reg_ema20_gt_ema50_raw==1),*,loc_dist_ema20_atr_ts_top30==1,reg_atr_change_rate_ts_top80==1&reg_ema20_gt_ema50_raw==1,0.26712726553281146,0.26712726553281146,0.0109431713022463,0.15722701946894327,0.16405508072174738,0.007328764109457238,1.0,1.0,0.5685579196217494,1088,,,0.0021538251517231356,-0.0064387206243650815,0.005178192504695782,0.012258554604297676,,0.6666666666666666,,,,-0.13694261472570224,,,,0.03623904116624627,0.0,12.0,0.0015900688294991374,0.0015900688294991374,7.143606867819436e-05,0.26705582946413325,3,1,1,3,3,stage_a_context,,long,3-way,True,,production,,,-0.06454304733630363,0.5594491927825263,primary_target,0,rejected,research,"{""checks"": {""n_folds"": {""value"": 3, ""threshold"": 3, ""passed"": true}, ""presence_freq"": {""value"": 1.0, ""threshold"": 0.75, ""passed"": true}, ""directional_mean_ret"": {""value"": 0.26712726553281146, ""threshold"": 0.0, ""passed"": true}, ""hurdle_excess"": {""value"": 0.26705582946413325, ""threshold"": 0.0, ""passed"": true}, ""min_support_actual"": {""value"": 1088, ""threshold"": 50, ""passed"": true}, ""is_structurally_sound"": {""value"": false, ""passed"": false}, ""trade_path_quality_score"": {""value"": 0.0, ""threshold"": 0.0, ""passed"": true}}, ""failures"": [""structural_soundness_fail: ""], ""warnings"": [], ""classification"": ""research""}",3.609279082311938,33.333333333333336,6.9426124156452715,production,False,False,0.3
(*)|(loc_dist_ema20_atr_ts_top50==1&loc_dist_ema20_atr_ts_top80==1)|(reg_ema20_gt_ema50_raw==1),*,loc_dist_ema20_atr_ts_top50==1&loc_dist_ema20_atr_ts_top80==1,reg_ema20_gt_ema50_raw==1,0.26712726553281146,0.26712726553281146,0.0109431713022463,0.15722701946894327,0.16405508072174738,0.007328764109457238,1.0,1.0,0.5685579196217494,1088,,,0.0021538251517231356,-0.0064387206243650815,0.005178192504695782,0.012258554604297676,,0.6666666666666666,,,,-0.13694261472570224,,,,0.03623904116624627,0.0,12.0,0.0015900688294991374,0.0015900688294991374,7.143606867819436e-05,0.26705582946413325,3,1,1,3,3,stage_a_context,,long,3-way,True,,production,,,-0.06454304733630363,0.5594491927825263,primary_target,0,rejected,research,"{""checks"": {""n_folds"": {""value"": 3, ""threshold"": 3, ""passed"": true}, ""presence_freq"": {""value"": 1.0, ""threshold"": 0.75, ""passed"": true}, ""directional_mean_ret"": {""value"": 0.26712726553281146, ""threshold"": 0.0, ""passed"": true}, ""hurdle_excess"": {""value"": 0.26705582946413325, ""threshold"": 0.0, ""passed"": true}, ""min_support_actual"": {""value"": 1088, ""threshold"": 50, ""passed"": true}, ""is_structurally_sound"": {""value"": false, ""passed"": false}, ""trade_path_quality_score"": {""value"": 0.0, ""threshold"": 0.0, ""passed"": true}}, ""failures"": [""structural_soundness_fail: ""], ""warnings"": [], ""classification"": ""research""}",3.4516860619187355,14.0,4.851686061918736,production,False,False,0.3
(*)|(loc_dist_ema20_atr_ts_top50==1)|(reg_atr_change_rate_ts_band20_80==0&reg_ema20_gt_ema50_raw==1),*,loc_dist_ema20_atr_ts_top50==1,reg_atr_change_rate_ts_band20_80==0&reg_ema20_gt_ema50_raw==1,0.26712726553281146,0.26712726553281146,0.0109431713022463,0.15722701946894327,0.16405508072174738,0.007328764109457238,1.0,1.0,0.5685579196217494,1088,,,0.0021538251517231356,-0.0064387206243650815,0.005178192504695782,0.012258554604297676,,0.6666666666666666,,,,-0.13694261472570224,,,,0.03623904116624627,0.0,12.0,0.0015900688294991374,0.0015900688294991374,7.143606867819436e-05,0.26705582946413325,3,1,1,3,3,stage_a_context,,long,3-way,True,,production,,,-0.06454304733630363,0.5594491927825263,primary_target,0,rejected,research,"{""checks"": {""n_folds"": {""value"": 3, ""threshold"": 3, ""passed"": true}, ""presence_freq"": {""value"": 1.0, ""threshold"": 0.75, ""passed"": true}, ""directional_mean_ret"": {""value"": 0.26712726553281146, ""threshold"": 0.0, ""passed"": true}, ""hurdle_excess"": {""value"": 0.26705582946413325, ""threshold"": 0.0, ""passed"": true}, ""min_support_actual"": {""value"": 1088, ""threshold"": 50, ""passed"": true}, ""is_structurally_sound"": {""value"": false, ""passed"": false}, ""trade_path_quality_score"": {""value"": 0.0, ""threshold"": 0.0, ""passed"": true}}, ""failures"": [""structural_soundness_fail: ""], ""warnings"": [], ""classification"": ""research""}",3.6887105920662484,16.333333333333332,5.322043925399582,production,False,False,0.3
(*)|(loc_dist_ema20_atr_ts_top50==1)|(reg_atr_change_rate_ts_top80==1&reg_ema20_gt_ema50_raw==1),*,loc_dist_ema20_atr_ts_top50==1,reg_atr_change_rate_ts_top80==1&reg_ema20_gt_ema50_raw==1,0.26712726553281146,0.26712726553281146,0.0109431713022463,0.15722701946894327,0.16405508072174738,0.007328764109457238,1.0,1.0,0.5685579196217494,1088,,,0.0021538251517231356,-0.0064387206243650815,0.005178192504695782,0.012258554604297676,,0.6666666666666666,,,,-0.13694261472570224,,,,0.03623904116624627,0.0,12.0,0.0015900688294991374,0.0015900688294991374,7.143606867819436e-05,0.26705582946413325,3,1,1,3,3,stage_a_context,,long,3-way,True,,production,,,-0.06454304733630363,0.5594491927825263,primary_target,0,rejected,research,"{""checks"": {""n_folds"": {""value"": 3, ""threshold"": 3, ""passed"": true}, ""presence_freq"": {""value"": 1.0, ""threshold"": 0.75, ""passed"": true}, ""directional_mean_ret"": {""value"": 0.26712726553281146, ""threshold"": 0.0, ""passed"": true}, ""hurdle_excess"": {""value"": 0.26705582946413325, ""threshold"": 0.0, ""passed"": true}, ""min_support_actual"": {""value"": 1088, ""threshold"": 50, ""passed"": true}, ""is_structurally_sound"": {""value"": false, ""passed"": false}, ""trade_path_quality_score"": {""value"": 0.0, ""threshold"": 0.0, ""passed"": true}}, ""failures"": [""structural_soundness_fail: ""], ""warnings"": [], ""classification"": ""research""}",6.406938831632336,20.666666666666668,8.473605498299003,production,False,False,0.3
(*)|(*)|(reg_atr_change_rate_ts_band40_60==0&reg_atr_change_rate_ts_top80==1&reg_ema20_gt_ema50_raw==1),*,*,reg_atr_change_rate_ts_band40_60==0&reg_atr_change_rate_ts_top80==1&reg_ema20_gt_ema50_raw==1,0.26712726553281146,0.26712726553281146,0.0109431713022463,0.15722701946894327,0.16405508072174738,0.007328764109457238,1.0,1.0,0.5685579196217494,1088,,,0.0021538251517231356,-0.0064387206243650815,0.005178192504695782,0.012258554604297676,,0.6666666666666666,,,,-0.13694261472570224,,,,0.03623904116624627,0.0,12.0,0.0015900688294991374,0.0015900688294991374,7.143606867819436e-05,0.26705582946413325,3,1,1,3,3,stage_a_context,,long,3-way,True,,production,,,-0.06454304733630363,0.5594491927825263,primary_target,0,rejected,research,"{""checks"": {""n_folds"": {""value"": 3, ""threshold"": 3, ""passed"": true}, ""presence_freq"": {""value"": 1.0, ""threshold"": 0.75, ""passed"": true}, ""directional_mean_ret"": {""value"": 0.26712726553281146, ""threshold"": 0.0, ""passed"": true}, ""hurdle_excess"": {""value"": 0.26705582946413325, ""threshold"": 0.0, ""passed"": true}, ""min_support_actual"": {""value"": 1088, ""threshold"": 50, ""passed"": true}, ""is_structurally_sound"": {""value"": false, ""passed"": false}, ""trade_path_quality_score"": {""value"": 0.0, ""threshold"": 0.0, ""passed"": true}}, ""failures"": [""structural_soundness_fail: ""], ""warnings"": [], ""classification"": ""research""}",6.400844767068823,20.333333333333332,8.434178100402157,production,False,False,0.3
(*)|(loc_dist_ema20_atr_ts_top80==1)|(reg_atr_change_rate_ts_top50==1&reg_ema20_gt_ema50_raw==1),*,loc_dist_ema20_atr_ts_top80==1,reg_atr_change_rate_ts_top50==1&reg_ema20_gt_ema50_raw==1,0.26712726553281146,0.26712726553281146,0.0109431713022463,0.15722701946894327,0.16405508072174738,0.007328764109457238,1.0,1.0,0.5685579196217494,1088,,,0.0021538251517231356,-0.0064387206243650815,0.005178192504695782,0.012258554604297676,,0.6666666666666666,,,,-0.13694261472570224,,,,0.03623904116624627,0.0,12.0,0.0015900688294991374,0.0015900688294991374,7.143606867819436e-05,0.26705582946413325,3,1,1,3,3,stage_a_context,,long,3-way,True,,production,,,-0.06454304733630363,0.5594491927825263,primary_target,0,rejected,research,"{""checks"": {""n_folds"": {""value"": 3, ""threshold"": 3, ""passed"": true}, ""presence_freq"": {""value"": 1.0, ""threshold"": 0.75, ""passed"": true}, ""directional_mean_ret"": {""value"": 0.26712726553281146, ""threshold"": 0.0, ""passed"": true}, ""hurdle_excess"": {""value"": 0.26705582946413325, ""threshold"": 0.0, ""passed"": true}, ""min_support_actual"": {""value"": 1088, ""threshold"": 50, ""passed"": true}, ""is_structurally_sound"": {""value"": false, ""passed"": false}, ""trade_path_quality_score"": {""value"": 0.0, ""threshold"": 0.0, ""passed"": true}}, ""failures"": [""structural_soundness_fail: ""], ""warnings"": [], ""classification"": ""research""}",4.275160395850738,19.666666666666668,6.241827062517404,production,False,False,0.3
(*)|(loc_dist_ema20_atr_ts_top80==1)|(reg_atr_change_rate_ts_top60==1&reg_ema20_gt_ema50_raw==1),*,loc_dist_ema20_atr_ts_top80==1,reg_atr_change_rate_ts_top60==1&reg_ema20_gt_ema50_raw==1,0.26712726553281146,0.26712726553281146,0.0109431713022463,0.15722701946894327,0.16405508072174738,0.007328764109457238,1.0,1.0,0.5685579196217494,1088,,,0.0021538251517231356,-0.0064387206243650815,0.005178192504695782,0.012258554604297676,,0.6666666666666666,,,,-0.13694261472570224,,,,0.03623904116624627,0.0,12.0,0.0015900688294991374,0.0015900688294991374,7.143606867819436e-05,0.26705582946413325,3,1,1,3,3,stage_a_context,,long,3-way,True,,production,,,-0.06454304733630363,0.5594491927825263,primary_target,0,rejected,research,"{""checks"": {""n_folds"": {""value"": 3, ""threshold"": 3, ""passed"": true}, ""presence_freq"": {""value"": 1.0, ""threshold"": 0.75, ""passed"": true}, ""directional_mean_ret"": {""value"": 0.26712726553281146, ""threshold"": 0.0, ""passed"": true}, ""hurdle_excess"": {""value"": 0.26705582946413325, ""threshold"": 0.0, ""passed"": true}, ""min_support_actual"": {""value"": 1088, ""threshold"": 50, ""passed"": true}, ""is_structurally_sound"": {""value"": false, ""passed"": false}, ""trade_path_quality_score"": {""value"": 0.0, ""threshold"": 0.0, ""passed"": true}}, ""failures"": [""structural_soundness_fail: ""], ""warnings"": [], ""classification"": ""research""}",3.2091409166653952,29.0,6.109140916665396,production,False,False,0.3
(*)|(loc_dist_ema20_atr_ts_top80==1)|(reg_atr_compression_ratio_ts_top50==1&reg_ema20_gt_ema50_raw==1),*,loc_dist_ema20_atr_ts_top80==1,reg_atr_compression_ratio_ts_top50==1&reg_ema20_gt_ema50_raw==1,0.26712726553281146,0.26712726553281146,0.0109431713022463,0.15722701946894327,0.16405508072174738,0.007328764109457238,1.0,1.0,0.5685579196217494,1088,,,0.0021538251517231356,-0.0064387206243650815,0.005178192504695782,0.012258554604297676,,0.6666666666666666,,,,-0.13694261472570224,,,,0.03623904116624627,0.0,12.0,0.0015900688294991374,0.0015900688294991374,7.143606867819436e-05,0.26705582946413325,3,1,1,3,3,stage_a_context,,long,3-way,True,,production,,,-0.06454304733630363,0.5594491927825263,primary_target,0,rejected,research,"{""checks"": {""n_folds"": {""value"": 3, ""threshold"": 3, ""passed"": true}, ""presence_freq"": {""value"": 1.0, ""threshold"": 0.75, ""passed"": true}, ""directional_mean_ret"": {""value"": 0.26712726553281146, ""threshold"": 0.0, ""passed"": true}, ""hurdle_excess"": {""value"": 0.26705582946413325, ""threshold"": 0.0, ""passed"": true}, ""min_support_actual"": {""value"": 1088, ""threshold"": 50, ""passed"": true}, ""is_structurally_sound"": {""value"": false, ""passed"": false}, ""trade_path_quality_score"": {""value"": 0.0, ""threshold"": 0.0, ""passed"": true}}, ""failures"": [""structural_soundness_fail: ""], ""warnings"": [], ""classification"": ""research""}",3.2005315696199736,12.0,4.400531569619973,production,False,False,0.3
(*)|(*)|(reg_atr_change_rate_ts_band30_70==0&reg_atr_change_rate_ts_top80==1&reg_ema20_gt_ema50_raw==1),*,*,reg_atr_change_rate_ts_band30_70==0&reg_atr_change_rate_ts_top80==1&reg_ema20_gt_ema50_raw==1,0.26712726553281146,0.26712726553281146,0.0109431713022463,0.15722701946894327,0.16405508072174738,0.007328764109457238,1.0,1.0,0.5685579196217494,1088,,,0.0021538251517231356,-0.0064387206243650815,0.005178192504695782,0.012258554604297676,,0.6666666666666666,,,,-0.13694261472570224,,,,0.03623904116624627,0.0,12.0,0.0015900688294991374,0.0015900688294991374,7.143606867819436e-05,0.26705582946413325,3,2,2,3,3,stage_a_context,,long,3-way,True,,production,,,-0.06454304733630363,0.5594491927825263,primary_target,0,rejected,research,"{""checks"": {""n_folds"": {""value"": 3, ""threshold"": 3, ""passed"": true}, ""presence_freq"": {""value"": 1.0, ""threshold"": 0.75, ""passed"": true}, ""directional_mean_ret"": {""value"": 0.26712726553281146, ""threshold"": 0.0, ""passed"": true}, ""hurdle_excess"": {""value"": 0.26705582946413325, ""threshold"": 0.0, ""passed"": true}, ""min_support_actual"": {""value"": 1088, ""threshold"": 50, ""passed"": true}, ""is_structurally_sound"": {""value"": false, ""passed"": false}, ""trade_path_quality_score"": {""value"": 0.0, ""threshold"": 0.0, ""passed"": true}}, ""failures"": [""structural_soundness_fail: ""], ""warnings"": [], ""classification"": ""research""}",5.074931221315637,29.333333333333336,8.00826455464897,production,False,False,0.3
(*)|(*)|(reg_atr_change_rate_ts_top70==1&reg_atr_change_rate_ts_top80==1&reg_ema20_gt_ema50_raw==1),*,*,reg_atr_change_rate_ts_top70==1&reg_atr_change_rate_ts_top80==1&reg_ema20_gt_ema50_raw==1,0.26712726553281146,0.26712726553281146,0.0109431713022463,0.15722701946894327,0.16405508072174738,0.007328764109457238,1.0,1.0,0.5685579196217494,1088,,,0.0021538251517231356,-0.0064387206243650815,0.005178192504695782,0.012258554604297676,,0.6666666666666666,,,,-0.13694261472570224,,,,0.03623904116624627,0.0,12.0,0.0015900688294991374,0.0015900688294991374,7.143606867819436e-05,0.26705582946413325,3,1,1,3,3,stage_a_context,,long,3-way,True,,production,,,-0.06454304733630363,0.5594491927825263,primary_target,0,rejected,research,"{""checks"": {""n_folds"": {""value"": 3, ""threshold"": 3, ""passed"": true}, ""presence_freq"": {""value"": 1.0, ""threshold"": 0.75, ""passed"": true}, ""directional_mean_ret"": {""value"": 0.26712726553281146, ""threshold"": 0.0, ""passed"": true}, ""hurdle_excess"": {""value"": 0.26705582946413325, ""threshold"": 0.0, ""passed"": true}, ""min_support_actual"": {""value"": 1088, ""threshold"": 50, ""passed"": true}, ""is_structurally_sound"": {""value"": false, ""passed"": false}, ""trade_path_quality_score"": {""value"": 0.0, ""threshold"": 0.0, ""passed"": true}}, ""failures"": [""structural_soundness_fail: ""], ""warnings"": [], ""classification"": ""research""}",6.669886721298099,22.0,8.869886721298098,production,False,False,0.3
(*)|(*)|(reg_atr_change_rate_ts_bot80==0&reg_ema20_gt_ema50_raw==1),*,*,reg_atr_change_rate_ts_bot80==0&reg_ema20_gt_ema50_raw==1,0.26712726553281146,0.26712726553281146,0.0109431713022463,0.15722701946894327,0.16405508072174738,0.007328764109457238,1.0,1.0,0.5685579196217494,1088,,,0.0021538251517231356,-0.0064387206243650815,0.005178192504695782,0.012258554604297676,,0.6666666666666666,,,,-0.13694261472570224,,,,0.03623904116624627,0.0,12.0,0.0015900688294991374,0.0015900688294991374,8.674379768066458e-05,0.2670405217351308,3,1,1,2,2,stage_a_context,,long,2-way,True,,production,,,-0.06454304733630363,0.5594491927825263,primary_target,0,rejected,research,"{""checks"": {""n_folds"": {""value"": 3, ""threshold"": 3, ""passed"": true}, ""presence_freq"": {""value"": 1.0, ""threshold"": 0.75, ""passed"": true}, ""directional_mean_ret"": {""value"": 0.26712726553281146, ""threshold"": 0.0, ""passed"": true}, ""hurdle_excess"": {""value"": 0.2670405217351308, ""threshold"": 0.0, ""passed"": true}, ""min_support_actual"": {""value"": 1088, ""threshold"": 50, ""passed"": true}, ""is_structurally_sound"": {""value"": false, ""passed"": false}, ""trade_path_quality_score"": {""value"": 0.0, ""threshold"": 0.0, ""passed"": true}}, ""failures"": [""structural_soundness_fail: ""], ""warnings"": [], ""classification"": ""research""}",3.110504124779254,22.5,5.360504124779254,production,False,False,0.15
(*)|(loc_dist_ema20_atr_ts_band20_80==0)|(reg_ema20_gt_ema50_raw==1),*,loc_dist_ema20_atr_ts_band20_80==0,reg_ema20_gt_ema50_raw==1,0.26712726553281146,0.26712726553281146,0.0109431713022463,0.15722701946894327,0.16405508072174738,0.007328764109457238,1.0,1.0,0.5685579196217494,1088,,,0.0021538251517231356,-0.0064387206243650815,0.005178192504695782,0.012258554604297676,,0.6666666666666666,,,,-0.13694261472570224,,,,0.03623904116624627,0.0,12.0,0.0015900688294991374,0.0015900688294991374,8.674379768066458e-05,0.2670405217351308,3,1,1,2,2,stage_a_context,,long,2-way,True,,production,,,-0.06454304733630363,0.5594491927825263,primary_target,0,rejected,research,"{""checks"": {""n_folds"": {""value"": 3, ""threshold"": 3, ""passed"": true}, ""presence_freq"": {""value"": 1.0, ""threshold"": 0.75, ""passed"": true}, ""directional_mean_ret"": {""value"": 0.26712726553281146, ""threshold"": 0.0, ""passed"": true}, ""hurdle_excess"": {""value"": 0.2670405217351308, ""threshold"": 0.0, ""passed"": true}, ""min_support_actual"": {""value"": 1088, ""threshold"": 50, ""passed"": true}, ""is_structurally_sound"": {""value"": false, ""passed"": false}, ""trade_path_quality_score"": {""value"": 0.0, ""threshold"": 0.0, ""passed"": true}}, ""failures"": [""structural_soundness_fail: ""], ""warnings"": [], ""classification"": ""research""}",4.303908152505755,17.0,6.003908152505756,production,False,False,0.15
(*)|(*)|(reg_atr_change_rate_ts_top80==1&reg_ema20_gt_ema50_raw==1),*,*,reg_atr_change_rate_ts_top80==1&reg_ema20_gt_ema50_raw==1,0.26712726553281146,0.26712726553281146,0.0109431713022463,0.15722701946894327,0.16405508072174738,0.007328764109457238,1.0,1.0,0.5685579196217494,1088,,,0.0021538251517231356,-0.0064387206243650815,0.005178192504695782,0.012258554604297676,,0.6666666666666666,,,,-0.13694261472570224,,,,0.03623904116624627,0.0,12.0,0.0015900688294991374,0.0015900688294991374,8.674379768066458e-05,0.2670405217351308,3,8,8,2,2,stage_a_context,,long,2-way,True,,production,,,-0.06454304733630363,0.5594491927825263,primary_target,0,rejected,research,"{""checks"": {""n_folds"": {""value"": 3, ""threshold"": 3, ""passed"": true}, ""presence_freq"": {""value"": 1.0, ""threshold"": 0.75, ""passed"": true}, ""directional_mean_ret"": {""value"": 0.26712726553281146, ""threshold"": 0.0, ""passed"": true}, ""hurdle_excess"": {""value"": 0.2670405217351308, ""threshold"": 0.0, ""passed"": true}, ""min_support_actual"": {""value"": 1088, ""threshold"": 50, ""passed"": true}, ""is_structurally_sound"": {""value"": false, ""passed"": false}, ""trade_path_quality_score"": {""value"": 0.0, ""threshold"": 0.0, ""passed"": true}}, ""failures"": [""structural_soundness_fail: ""], ""warnings"": [], ""classification"": ""research""}",7.005121864262037,36.25,10.630121864262037,production,False,False,0.15
(*)|(*)|(reg_atr_change_rate_ts_top80==1&reg_ema50_gt_ema200_raw==1),*,*,reg_atr_change_rate_ts_top80==1&reg_ema50_gt_ema200_raw==1,0.26712726553281146,0.26712726553281146,0.0109431713022463,0.15722701946894327,0.16405508072174738,0.007328764109457238,1.0,1.0,0.5685579196217494,1088,,,0.0021538251517231356,-0.0064387206243650815,0.005178192504695782,0.012258554604297676,,0.6666666666666666,,,,-0.13694261472570224,,,,0.03623904116624627,0.0,12.0,0.0015900688294991374,0.0015900688294991374,8.674379768066458e-05,0.2670405217351308,3,4,4,2,2,stage_a_context,,long,2-way,True,,production,,,-0.06454304733630363,0.5594491927825263,primary_target,0,rejected,research,"{""checks"": {""n_folds"": {""value"": 3, ""threshold"": 3, ""passed"": true}, ""presence_freq"": {""value"": 1.0, ""threshold"": 0.75, ""passed"": true}, ""directional_mean_ret"": {""value"": 0.26712726553281146, ""threshold"": 0.0, ""passed"": true}, ""hurdle_excess"": {""value"": 0.2670405217351308, ""threshold"": 0.0, ""passed"": true}, ""min_support_actual"": {""value"": 1088, ""threshold"": 50, ""passed"": true}, ""is_structurally_sound"": {""value"": false, ""passed"": false}, ""trade_path_quality_score"": {""value"": 0.0, ""threshold"": 0.0, ""passed"": true}}, ""failures"": [""structural_soundness_fail: ""], ""warnings"": [], ""classification"": ""research""}",3.2825995478197,24.0,5.6825995478197004,production,False,False,0.15
(*)|(*)|(reg_atr_change_rate_ts_top80==1&reg_price_lt_ema200_raw==1),*,*,reg_atr_change_rate_ts_top80==1&reg_price_lt_ema200_raw==1,0.26712726553281146,0.26712726553281146,0.0109431713022463,0.15722701946894327,0.16405508072174738,0.007328764109457238,1.0,1.0,0.5685579196217494,1088,,,0.0021538251517231356,-0.0064387206243650815,0.005178192504695782,0.012258554604297676,,0.6666666666666666,,,,-0.13694261472570224,,,,0.03623904116624627,0.0,12.0,0.0015900688294991374,0.0015900688294991374,8.674379768066458e-05,0.2670405217351308,3,2,2,2,2,stage_a_context,,long,2-way,True,,production,,,-0.06454304733630363,0.5594491927825263,primary_target,0,rejected,research,"{""checks"": {""n_folds"": {""value"": 3, ""threshold"": 3, ""passed"": true}, ""presence_freq"": {""value"": 1.0, ""threshold"": 0.75, ""passed"": true}, ""directional_mean_ret"": {""value"": 0.26712726553281146, ""threshold"": 0.0, ""passed"": true}, ""hurdle_excess"": {""value"": 0.2670405217351308, ""threshold"": 0.0, ""passed"": true}, ""min_support_actual"": {""value"": 1088, ""threshold"": 50, ""passed"": true}, ""is_structurally_sound"": {""value"": false, ""passed"": false}, ""trade_path_quality_score"": {""value"": 0.0, ""threshold"": 0.0, ""passed"": true}}, ""failures"": [""structural_soundness_fail: ""], ""warnings"": [], ""classification"": ""research""}",3.937054301262833,19.25,5.862054301262834,production,False,False,0.15
(*)|(loc_dist_ema20_atr_ts_top80==1)|(reg_ema20_gt_ema50_raw==1),*,loc_dist_ema20_atr_ts_top80==1,reg_ema20_gt_ema50_raw==1,0.26712726553281146,0.26712726553281146,0.0109431713022463,0.15722701946894327,0.16405508072174738,0.007328764109457238,1.0,1.0,0.5685579196217494,1088,,,0.0021538251517231356,-0.0064387206243650815,0.005178192504695782,0.012258554604297676,,0.6666666666666666,,,,-0.13694261472570224,,,,0.03623904116624627,0.0,12.0,0.0015900688294991374,0.0015900688294991374,8.674379768066458e-05,0.2670405217351308,3,5,5,2,2,stage_a_context,,long,2-way,True,,production,,,-0.06454304733630363,0.5594491927825263,primary_target,0,rejected,research,"{""checks"": {""n_folds"": {""value"": 3, ""threshold"": 3, ""passed"": true}, ""presence_freq"": {""value"": 1.0, ""threshold"": 0.75, ""passed"": true}, ""directional_mean_ret"": {""value"": 0.26712726553281146, ""threshold"": 0.0, ""passed"": true}, ""hurdle_excess"": {""value"": 0.2670405217351308, ""threshold"": 0.0, ""passed"": true}, ""min_support_actual"": {""value"": 1088, ""threshold"": 50, ""passed"": true}, ""is_structurally_sound"": {""value"": false, ""passed"": false}, ""trade_path_quality_score"": {""value"": 0.0, ""threshold"": 0.0, ""passed"": true}}, ""failures"": [""structural_soundness_fail: ""], ""warnings"": [], ""classification"": ""research""}",3.8579568048007786,30.0,6.857956804800779,production,False,False,0.15
(*)|(*)|(reg_atr_change_rate_ts_band20_80==0&reg_ema20_gt_ema50_raw==1),*,*,reg_atr_change_rate_ts_band20_80==0&reg_ema20_gt_ema50_raw==1,0.26712726553281146,0.26712726553281146,0.0109431713022463,0.15722701946894327,0.16405508072174738,0.007328764109457238,1.0,1.0,0.5685579196217494,1088,,,0.0021538251517231356,-0.0064387206243650815,0.005178192504695782,0.012258554604297676,,0.6666666666666666,,,,-0.13694261472570224,,,,0.03623904116624627,0.0,12.0,0.0015900688294991374,0.0015900688294991374,8.674379768066458e-05,0.2670405217351308,3,2,2,2,2,stage_a_context,,long,2-way,True,,production,,,-0.06454304733630363,0.5594491927825263,primary_target,0,rejected,research,"{""checks"": {""n_folds"": {""value"": 3, ""threshold"": 3, ""passed"": true}, ""presence_freq"": {""value"": 1.0, ""threshold"": 0.75, ""passed"": true}, ""directional_mean_ret"": {""value"": 0.26712726553281146, ""threshold"": 0.0, ""passed"": true}, ""hurdle_excess"": {""value"": 0.2670405217351308, ""threshold"": 0.0, ""passed"": true}, ""min_support_actual"": {""value"": 1088, ""threshold"": 50, ""passed"": true}, ""is_structurally_sound"": {""value"": false, ""passed"": false}, ""trade_path_quality_score"": {""value"": 0.0, ""threshold"": 0.0, ""passed"": true}}, ""failures"": [""structural_soundness_fail: ""], ""warnings"": [], ""classification"": ""research""}",4.988284143619239,21.0,7.088284143619239,production,False,False,0.15
(*)|(loc_dist_ema20_atr_ts_top30==1&loc_dist_ema20_atr_ts_top50==1)|(reg_atr_change_rate_ts_top80==1&reg_ema20_gt_ema50_raw==1),*,loc_dist_ema20_atr_ts_top30==1&loc_dist_ema20_atr_ts_top50==1,reg_atr_change_rate_ts_top80==1&reg_ema20_gt_ema50_raw==1,0.26712726553281146,0.26712726553281146,0.0109431713022463,0.15722701946894327,0.16405508072174738,0.007328764109457238,1.0,1.0,0.5685579196217494,1088,,,0.0021538251517231356,-0.0064387206243650815,0.005178192504695782,0.012258554604297676,,0.6666666666666666,,,,-0.13694261472570224,,,,0.03623904116624627,0.0,12.0,0.0015900688294991374,0.0015900688294991374,9.184637401482133e-05,0.26703541915879664,3,1,1,4,4,stage_a_context,,long,4-way,True,,production,,,-0.06454304733630363,0.5594491927825263,primary_target,0,rejected,research,"{""checks"": {""n_folds"": {""value"": 3, ""threshold"": 3, ""passed"": true}, ""presence_freq"": {""value"": 1.0, ""threshold"": 0.75, ""passed"": true}, ""directional_mean_ret"": {""value"": 0.26712726553281146, ""threshold"": 0.0, ""passed"": true}, ""hurdle_excess"": {""value"": 0.26703541915879664, ""threshold"": 0.0, ""passed"": true}, ""min_support_actual"": {""value"": 1088, ""threshold"": 50, ""passed"": true}, ""is_structurally_sound"": {""value"": false, ""passed"": false}, ""trade_path_quality_score"": {""value"": 0.0, ""threshold"": 0.0, ""passed"": true}}, ""failures"": [""structural_soundness_fail: ""], ""warnings"": [], ""classification"": ""research""}",2.9827693625120446,28.0,5.782769362512045,production,False,False,0.1
(*)|(loc_dist_ema20_atr_ts_top80==1)|(reg_atr_change_rate_ts_band30_70==0&reg_atr_change_rate_ts_top20==1&reg_ema20_gt_ema50_raw==1),*,loc_dist_ema20_atr_ts_top80==1,reg_atr_change_rate_ts_band30_70==0&reg_atr_change_rate_ts_top20==1&reg_ema20_gt_ema50_raw==1,0.26712726553281146,0.26712726553281146,0.0109431713022463,0.15722701946894327,0.16405508072174738,0.007328764109457238,1.0,1.0,0.5685579196217494,1088,,,0.0021538251517231356,-0.0064387206243650815,0.005178192504695782,0.012258554604297676,,0.6666666666666666,,,,-0.13694261472570224,,,,0.03623904116624627,0.0,12.0,0.0015900688294991374,0.0015900688294991374,9.184637401482133e-05,0.26703541915879664,3,1,1,4,4,stage_a_context,,long,4-way,True,,production,,,-0.06454304733630363,0.5594491927825263,primary_target,0,rejected,research,"{""checks"": {""n_folds"": {""value"": 3, ""threshold"": 3, ""passed"": true}, ""presence_freq"": {""value"": 1.0, ""threshold"": 0.75, ""passed"": true}, ""directional_mean_ret"": {""value"": 0.26712726553281146, ""threshold"": 0.0, ""passed"": true}, ""hurdle_excess"": {""value"": 0.26703541915879664, ""threshold"": 0.0, ""passed"": true}, ""min_support_actual"": {""value"": 1088, ""threshold"": 50, ""passed"": true}, ""is_structurally_sound"": {""value"": false, ""passed"": false}, ""trade_path_quality_score"": {""value"": 0.0, ""threshold"": 0.0, ""passed"": true}}, ""failures"": [""structural_soundness_fail: ""], ""warnings"": [], ""classification"": ""research""}",4.254618143546395,29.75,7.229618143546395,production,False,False,0.1
(*)|(*)|(reg_atr_change_rate_ts_band40_60==0&reg_atr_change_rate_ts_top20==1&reg_atr_change_rate_ts_top50==1&reg_atr_change_rate_ts_top80==1&reg_ema50_gt_ema200_raw==1),*,*,reg_atr_change_rate_ts_band40_60==0&reg_atr_change_rate_ts_top20==1&reg_atr_change_rate_ts_top50==1&reg_atr_change_rate_ts_top80==1&reg_ema50_gt_ema200_raw==1,0.26712726553281146,0.26712726553281146,0.0109431713022463,0.15722701946894327,0.16405508072174738,0.007328764109457238,1.0,1.0,0.5685579196217494,1088,,,0.0021538251517231356,-0.0064387206243650815,0.005178192504695782,0.012258554604297676,,0.6666666666666666,,,,-0.13694261472570224,,,,0.03623904116624627,0.0,12.0,0.0015900688294991374,0.0015900688294991374,9.184637401482133e-05,0.26703541915879664,3,1,1,5,5,stage_a_context,,long,5-way,True,,production,,,-0.06454304733630363,0.5594491927825263,primary_target,0,rejected,research,"{""checks"": {""n_folds"": {""value"": 3, ""threshold"": 3, ""passed"": true}, ""presence_freq"": {""value"": 1.0, ""threshold"": 0.75, ""passed"": true}, ""directional_mean_ret"": {""value"": 0.26712726553281146, ""threshold"": 0.0, ""passed"": true}, ""hurdle_excess"": {""value"": 0.26703541915879664, ""threshold"": 0.0, ""passed"": true}, ""min_support_actual"": {""value"": 1088, ""threshold"": 50, ""passed"": true}, ""is_structurally_sound"": {""value"": false, ""passed"": false}, ""trade_path_quality_score"": {""value"": 0.0, ""threshold"": 0.0, ""passed"": true}}, ""failures"": [""structural_soundness_fail: ""], ""warnings"": [], ""classification"": ""research""}",3.7676708032377064,29.6,6.727670803237707,production,False,False,0.1
(*)|(*)|(reg_atr_change_rate_ts_bot50==0&reg_atr_change_rate_ts_top20==1&reg_atr_change_rate_ts_top80==1&reg_ema20_gt_ema50_raw==1),*,*,reg_atr_change_rate_ts_bot50==0&reg_atr_change_rate_ts_top20==1&reg_atr_change_rate_ts_top80==1&reg_ema20_gt_ema50_raw==1,0.26712726553281146,0.26712726553281146,0.0109431713022463,0.15722701946894327,0.16405508072174738,0.007328764109457238,1.0,1.0,0.5685579196217494,1088,,,0.0021538251517231356,-0.0064387206243650815,0.005178192504695782,0.012258554604297676,,0.6666666666666666,,,,-0.13694261472570224,,,,0.03623904116624627,0.0,12.0,0.0015900688294991374,0.0015900688294991374,9.184637401482133e-05,0.26703541915879664,3,1,1,4,4,stage_a_context,,long,4-way,True,,production,,,-0.06454304733630363,0.5594491927825263,primary_target,0,rejected,research,"{""checks"": {""n_folds"": {""value"": 3, ""threshold"": 3, ""passed"": true}, ""presence_freq"": {""value"": 1.0, ""threshold"": 0.75, ""passed"": true}, ""directional_mean_ret"": {""value"": 0.26712726553281146, ""threshold"": 0.0, ""passed"": true}, ""hurdle_excess"": {""value"": 0.26703541915879664, ""threshold"": 0.0, ""passed"": true}, ""min_support_actual"": {""value"": 1088, ""threshold"": 50, ""passed"": true}, ""is_structurally_sound"": {""value"": false, ""passed"": false}, ""trade_path_quality_score"": {""value"": 0.0, ""threshold"": 0.0, ""passed"": true}}, ""failures"": [""structural_soundness_fail: ""], ""warnings"": [], ""classification"": ""research""}",4.594002828584053,32.75,7.869002828584053,production,False,False,0.1
(*)|(*)|(reg_atr_change_rate_ts_band30_70==0&reg_atr_change_rate_ts_top20==1&reg_ema20_gt_ema50_raw==1),*,*,reg_atr_change_rate_ts_band30_70==0&reg_atr_change_rate_ts_top20==1&reg_ema20_gt_ema50_raw==1,0.2669036090373993,0.2669036090373993,0.009348564605750686,0.15824504693349203,0.18584995251661918,0.008291800245527066,1.0,1.0,0.6014150943396226,1226,,,9.953877644095753e-05,-0.00468605744380155,0.009381121921403102,0.009525926569164537,,0.6666666666666666,-0.010209528533126356,-0.7025484101178806,0.5,-0.16929475511922645,-0.018837714244224018,-5.275602799866592,0.05800380190112548,0.0002292628885774647,0.0,12.0,0.00015626201615812318,0.00015626201615812318,7.257957502148701e-05,0.2668310294623778,3,1,1,3,3,stage_a_context,,long,3-way,True,,production,-0.010209528533126356,-0.018837714244224018,-0.0691719356971318,0.3415004748338083,primary_target,0,ranking,research,"{""checks"": {""n_folds"": {""value"": 3, ""threshold"": 3, ""passed"": true}, ""presence_freq"": {""value"": 1.0, ""threshold"": 0.75, ""passed"": true}, ""directional_mean_ret"": {""value"": 0.2669036090373993, ""threshold"": 0.0, ""passed"": true}, ""hurdle_excess"": {""value"": 0.2668310294623778, ""threshold"": 0.0, ""passed"": true}, ""min_support_actual"": {""value"": 1226, ""threshold"": 50, ""passed"": true}, ""is_structurally_sound"": {""value"": false, ""passed"": false}, ""trade_path_quality_score"": {""value"": 0.0, ""threshold"": 0.0, ""passed"": true}}, ""failures"": [""structural_soundness_fail: ""], ""warnings"": [], ""classification"": ""research""}",5.064881071293105,34.0,8.464881071293107,production,False,False,0.3
(*)|(*)|(reg_atr_change_rate_ts_top20==1&reg_atr_change_rate_ts_top50==1&reg_ema20_gt_ema50_raw==1),*,*,reg_atr_change_rate_ts_top20==1&reg_atr_change_rate_ts_top50==1&reg_ema20_gt_ema50_raw==1,0.2669036090373993,0.2669036090373993,0.009348564605750686,0.15824504693349203,0.18584995251661918,0.008291800245527066,1.0,1.0,0.6014150943396226,1226,,,9.953877644095753e-05,-0.00468605744380155,0.009381121921403102,0.009525926569164537,,0.6666666666666666,-0.010209528533126356,-0.7025484101178806,0.5,-0.16929475511922645,-0.018837714244224018,-5.275602799866592,0.05800380190112548,0.0002292628885774647,0.0,12.0,0.00015626201615812318,0.00015626201615812318,7.257957502148701e-05,0.2668310294623778,3,2,2,3,3,stage_a_context,,long,3-way,True,,production,-0.010209528533126356,-0.018837714244224018,-0.0691719356971318,0.3415004748338083,primary_target,0,ranking,research,"{""checks"": {""n_folds"": {""value"": 3, ""threshold"": 3, ""passed"": true}, ""presence_freq"": {""value"": 1.0, ""threshold"": 0.75, ""passed"": true}, ""directional_mean_ret"": {""value"": 0.2669036090373993, ""threshold"": 0.0, ""passed"": true}, ""hurdle_excess"": {""value"": 0.2668310294623778, ""threshold"": 0.0, ""passed"": true}, ""min_support_actual"": {""value"": 1226, ""threshold"": 50, ""passed"": true}, ""is_structurally_sound"": {""value"": false, ""passed"": false}, ""trade_path_quality_score"": {""value"": 0.0, ""threshold"": 0.0, ""passed"": true}}, ""failures"": [""structural_soundness_fail: ""], ""warnings"": [], ""classification"": ""research""}",5.033035082742572,29.0,7.933035082742572,production,False,False,0.3
(*)|(*)|(reg_atr_change_rate_ts_top40==1&reg_atr_change_rate_ts_top50==1&reg_ema20_gt_ema50_raw==1),*,*,reg_atr_change_rate_ts_top40==1&reg_atr_change_rate_ts_top50==1&reg_ema20_gt_ema50_raw==1,0.2669036090373993,0.2669036090373993,0.009348564605750686,0.15824504693349203,0.18584995251661918,0.008291800245527066,1.0,1.0,0.6014150943396226,1226,,,9.953877644095753e-05,-0.00468605744380155,0.009381121921403102,0.009525926569164537,,0.6666666666666666,-0.010209528533126356,-0.7025484101178806,0.5,-0.16929475511922645,-0.018837714244224018,-5.275602799866592,0.05800380190112548,0.0002292628885774647,0.0,12.0,0.00015626201615812318,0.00015626201615812318,7.257957502148701e-05,0.2668310294623778,3,1,1,3,3,stage_a_context,,long,3-way,True,,production,-0.010209528533126356,-0.018837714244224018,-0.0691719356971318,0.3415004748338083,primary_target,0,ranking,research,"{""checks"": {""n_folds"": {""value"": 3, ""threshold"": 3, ""passed"": true}, ""presence_freq"": {""value"": 1.0, ""threshold"": 0.75, ""passed"": true}, ""directional_mean_ret"": {""value"": 0.2669036090373993, ""threshold"": 0.0, ""passed"": true}, ""hurdle_excess"": {""value"": 0.2668310294623778, ""threshold"": 0.0, ""passed"": true}, ""min_support_actual"": {""value"": 1226, ""threshold"": 50, ""passed"": true}, ""is_structurally_sound"": {""value"": false, ""passed"": false}, ""trade_path_quality_score"": {""value"": 0.0, ""threshold"": 0.0, ""passed"": true}}, ""failures"": [""structural_soundness_fail: ""], ""warnings"": [], ""classification"": ""research""}",3.8240191638469696,30.0,6.82401916384697,production,False,False,0.3
(*)|(*)|(reg_atr_change_rate_ts_top30==1&reg_atr_change_rate_ts_top50==1&reg_ema20_gt_ema50_raw==1),*,*,reg_atr_change_rate_ts_top30==1&reg_atr_change_rate_ts_top50==1&reg_ema20_gt_ema50_raw==1,0.2669036090373993,0.2669036090373993,0.009348564605750686,0.15824504693349203,0.18584995251661918,0.008291800245527066,1.0,1.0,0.6014150943396226,1226,,,9.953877644095753e-05,-0.00468605744380155,0.009381121921403102,0.009525926569164537,,0.6666666666666666,-0.010209528533126356,-0.7025484101178806,0.5,-0.16929475511922645,-0.018837714244224018,-5.275602799866592,0.05800380190112548,0.0002292628885774647,0.0,12.0,0.00015626201615812318,0.00015626201615812318,7.257957502148701e-05,0.2668310294623778,3,1,1,3,3,stage_a_context,,long,3-way,True,,production,-0.010209528533126356,-0.018837714244224018,-0.0691719356971318,0.3415004748338083,primary_target,0,ranking,research,"{""checks"": {""n_folds"": {""value"": 3, ""threshold"": 3, ""passed"": true}, ""presence_freq"": {""value"": 1.0, ""threshold"": 0.75, ""passed"": true}, ""directional_mean_ret"": {""value"": 0.2669036090373993, ""threshold"": 0.0, ""passed"": true}, ""hurdle_excess"": {""value"": 0.2668310294623778, ""threshold"": 0.0, ""passed"": true}, ""min_support_actual"": {""value"": 1226, ""threshold"": 50, ""passed"": true}, ""is_structurally_sound"": {""value"": false, ""passed"": false}, ""trade_path_quality_score"": {""value"": 0.0, ""threshold"": 0.0, ""passed"": true}}, ""failures"": [""structural_soundness_fail: ""], ""warnings"": [], ""classification"": ""research""}",4.072711289239426,35.666666666666664,7.639377955906093,production,False,False,0.3
(*)|(*)|(reg_atr_change_rate_ts_top20==1&reg_atr_change_rate_ts_top60==1&reg_ema20_gt_ema50_raw==1),*,*,reg_atr_change_rate_ts_top20==1&reg_atr_change_rate_ts_top60==1&reg_ema20_gt_ema50_raw==1,0.2669036090373993,0.2669036090373993,0.009348564605750686,0.15824504693349203,0.18584995251661918,0.008291800245527066,1.0,1.0,0.6014150943396226,1226,,,9.953877644095753e-05,-0.00468605744380155,0.009381121921403102,0.009525926569164537,,0.6666666666666666,-0.010209528533126356,-0.7025484101178806,0.5,-0.16929475511922645,-0.018837714244224018,-5.275602799866592,0.05800380190112548,0.0002292628885774647,0.0,12.0,0.00015626201615812318,0.00015626201615812318,7.257957502148701e-05,0.2668310294623778,3,1,1,3,3,stage_a_context,,long,3-way,True,,production,-0.010209528533126356,-0.018837714244224018,-0.0691719356971318,0.3415004748338083,primary_target,0,ranking,research,"{""checks"": {""n_folds"": {""value"": 3, ""threshold"": 3, ""passed"": true}, ""presence_freq"": {""value"": 1.0, ""threshold"": 0.75, ""passed"": true}, ""directional_mean_ret"": {""value"": 0.2669036090373993, ""threshold"": 0.0, ""passed"": true}, ""hurdle_excess"": {""value"": 0.2668310294623778, ""threshold"": 0.0, ""passed"": true}, ""min_support_actual"": {""value"": 1226, ""threshold"": 50, ""passed"": true}, ""is_structurally_sound"": {""value"": false, ""passed"": false}, ""trade_path_quality_score"": {""value"": 0.0, ""threshold"": 0.0, ""passed"": true}}, ""failures"": [""structural_soundness_fail: ""], ""warnings"": [], ""classification"": ""research""}",5.246910215976338,36.0,8.846910215976338,production,False,False,0.3
(*)|(loc_dist_ema20_atr_ts_top50==1)|(reg_atr_change_rate_ts_top20==1&reg_ema20_gt_ema50_raw==1),*,loc_dist_ema20_atr_ts_top50==1,reg_atr_change_rate_ts_top20==1&reg_ema20_gt_ema50_raw==1,0.2669036090373993,0.2669036090373993,0.009348564605750686,0.15824504693349203,0.18584995251661918,0.008291800245527066,1.0,1.0,0.6014150943396226,1226,,,9.953877644095753e-05,-0.00468605744380155,0.009381121921403102,0.009525926569164537,,0.6666666666666666,-0.010209528533126356,-0.7025484101178806,0.5,-0.16929475511922645,-0.018837714244224018,-5.275602799866592,0.05800380190112548,0.0002292628885774647,0.0,12.0,0.00015626201615812318,0.00015626201615812318,7.257957502148701e-05,0.2668310294623778,3,1,1,3,3,stage_a_context,,long,3-way,True,,production,-0.010209528533126356,-0.018837714244224018,-0.0691719356971318,0.3415004748338083,primary_target,0,ranking,research,"{""checks"": {""n_folds"": {""value"": 3, ""threshold"": 3, ""passed"": true}, ""presence_freq"": {""value"": 1.0, ""threshold"": 0.75, ""passed"": true}, ""directional_mean_ret"": {""value"": 0.2669036090373993, ""threshold"": 0.0, ""passed"": true}, ""hurdle_excess"": {""value"": 0.2668310294623778, ""threshold"": 0.0, ""passed"": true}, ""min_support_actual"": {""value"": 1226, ""threshold"": 50, ""passed"": true}, ""is_structurally_sound"": {""value"": false, ""passed"": false}, ""trade_path_quality_score"": {""value"": 0.0, ""threshold"": 0.0, ""passed"": true}}, ""failures"": [""structural_soundness_fail: ""], ""warnings"": [], ""classification"": ""research""}",4.97748723688225,31.0,8.07748723688225,production,False,False,0.3
(*)|(*)|(reg_atr_change_rate_ts_bot50==0&reg_atr_change_rate_ts_top40==1&reg_ema20_gt_ema50_raw==1),*,*,reg_atr_change_rate_ts_bot50==0&reg_atr_change_rate_ts_top40==1&reg_ema20_gt_ema50_raw==1,0.2669036090373993,0.2669036090373993,0.009348564605750686,0.15824504693349203,0.18584995251661918,0.008291800245527066,1.0,1.0,0.6014150943396226,1226,,,9.953877644095753e-05,-0.00468605744380155,0.009381121921403102,0.009525926569164537,,0.6666666666666666,-0.010209528533126356,-0.7025484101178806,0.5,-0.16929475511922645,-0.018837714244224018,-5.275602799866592,0.05800380190112548,0.0002292628885774647,0.0,12.0,0.00015626201615812318,0.00015626201615812318,7.257957502148701e-05,0.2668310294623778,3,1,1,3,3,stage_a_context,,long,3-way,True,,production,-0.010209528533126356,-0.018837714244224018,-0.0691719356971318,0.3415004748338083,primary_target,0,ranking,research,"{""checks"": {""n_folds"": {""value"": 3, ""threshold"": 3, ""passed"": true}, ""presence_freq"": {""value"": 1.0, ""threshold"": 0.75, ""passed"": true}, ""directional_mean_ret"": {""value"": 0.2669036090373993, ""threshold"": 0.0, ""passed"": true}, ""hurdle_excess"": {""value"": 0.2668310294623778, ""threshold"": 0.0, ""passed"": true}, ""min_support_actual"": {""value"": 1226, ""threshold"": 50, ""passed"": true}, ""is_structurally_sound"": {""value"": false, ""passed"": false}, ""trade_path_quality_score"": {""value"": 0.0, ""threshold"": 0.0, ""passed"": true}}, ""failures"": [""structural_soundness_fail: ""], ""warnings"": [], ""classification"": ""research""}",2.7345961381991706,21.666666666666668,4.901262804865837,production,False,False,0.3
(*)|(*)|(reg_atr_change_rate_ts_band40_60==0&reg_atr_change_rate_ts_top20==1&reg_ema20_gt_ema50_raw==1),*,*,reg_atr_change_rate_ts_band40_60==0&reg_atr_change_rate_ts_top20==1&reg_ema20_gt_ema50_raw==1,0.2669036090373993,0.2669036090373993,0.009348564605750686,0.15824504693349203,0.18584995251661918,0.008291800245527066,1.0,1.0,0.6014150943396226,1226,,,9.953877644095753e-05,-0.00468605744380155,0.009381121921403102,0.009525926569164537,,0.6666666666666666,-0.010209528533126356,-0.7025484101178806,0.5,-0.16929475511922645,-0.018837714244224018,-5.275602799866592,0.05800380190112548,0.0002292628885774647,0.0,12.0,0.00015626201615812318,0.00015626201615812318,7.257957502148701e-05,0.2668310294623778,3,1,1,3,3,stage_a_context,,long,3-way,True,,production,-0.010209528533126356,-0.018837714244224018,-0.0691719356971318,0.3415004748338083,primary_target,0,ranking,research,"{""checks"": {""n_folds"": {""value"": 3, ""threshold"": 3, ""passed"": true}, ""presence_freq"": {""value"": 1.0, ""threshold"": 0.75, ""passed"": true}, ""directional_mean_ret"": {""value"": 0.2669036090373993, ""threshold"": 0.0, ""passed"": true}, ""hurdle_excess"": {""value"": 0.2668310294623778, ""threshold"": 0.0, ""passed"": true}, ""min_support_actual"": {""value"": 1226, ""threshold"": 50, ""passed"": true}, ""is_structurally_sound"": {""value"": false, ""passed"": false}, ""trade_path_quality_score"": {""value"": 0.0, ""threshold"": 0.0, ""passed"": true}}, ""failures"": [""structural_soundness_fail: ""], ""warnings"": [], ""classification"": ""research""}",5.3339483647917705,36.333333333333336,8.967281698125104,production,False,False,0.3
(*)|(*)|(reg_atr_change_rate_ts_band40_60==0&reg_ema20_gt_ema50_raw==1),*,*,reg_atr_change_rate_ts_band40_60==0&reg_ema20_gt_ema50_raw==1,0.2669036090373993,0.2669036090373993,0.009348564605750686,0.15824504693349203,0.18584995251661918,0.008291800245527066,1.0,1.0,0.6014150943396226,1226,,,9.953877644095753e-05,-0.00468605744380155,0.009381121921403102,0.009525926569164537,,0.6666666666666666,-0.010209528533126356,-0.7025484101178806,0.5,-0.16929475511922645,-0.018837714244224018,-5.275602799866592,0.05800380190112548,0.0002292628885774647,0.0,12.0,0.00015626201615812318,0.00015626201615812318,8.813234109751996e-05,0.2668154766963018,3,1,1,2,2,stage_a_context,,long,2-way,True,,production,-0.010209528533126356,-0.018837714244224018,-0.0691719356971318,0.3415004748338083,primary_target,0,ranking,research,"{""checks"": {""n_folds"": {""value"": 3, ""threshold"": 3, ""passed"": true}, ""presence_freq"": {""value"": 1.0, ""threshold"": 0.75, ""passed"": true}, ""directional_mean_ret"": {""value"": 0.2669036090373993, ""threshold"": 0.0, ""passed"": true}, ""hurdle_excess"": {""value"": 0.2668154766963018, ""threshold"": 0.0, ""passed"": true}, ""min_support_actual"": {""value"": 1226, ""threshold"": 50, ""passed"": true}, ""is_structurally_sound"": {""value"": false, ""passed"": false}, ""trade_path_quality_score"": {""value"": 0.0, ""threshold"": 0.0, ""passed"": true}}, ""failures"": [""structural_soundness_fail: ""], ""warnings"": [], ""classification"": ""research""}",4.032353918068111,35.5,7.582353918068112,production,False,False,0.15
(*)|(*)|(reg_atr_change_rate_ts_top60==1&reg_ema20_gt_ema50_raw==1),*,*,reg_atr_change_rate_ts_top60==1&reg_ema20_gt_ema50_raw==1,0.2669036090373993,0.2669036090373993,0.009348564605750686,0.15824504693349203,0.18584995251661918,0.008291800245527066,1.0,1.0,0.6014150943396226,1226,,,9.953877644095753e-05,-0.00468605744380155,0.009381121921403102,0.009525926569164537,,0.6666666666666666,-0.010209528533126356,-0.7025484101178806,0.5,-0.16929475511922645,-0.018837714244224018,-5.275602799866592,0.05800380190112548,0.0002292628885774647,0.0,12.0,0.00015626201615812318,0.00015626201615812318,8.813234109751996e-05,0.2668154766963018,3,1,1,2,2,stage_a_context,,long,2-way,True,,production,-0.010209528533126356,-0.018837714244224018,-0.0691719356971318,0.3415004748338083,primary_target,0,ranking,research,"{""checks"": {""n_folds"": {""value"": 3, ""threshold"": 3, ""passed"": true}, ""presence_freq"": {""value"": 1.0, ""threshold"": 0.75, ""passed"": true}, ""directional_mean_ret"": {""value"": 0.2669036090373993, ""threshold"": 0.0, ""passed"": true}, ""hurdle_excess"": {""value"": 0.2668154766963018, ""threshold"": 0.0, ""passed"": true}, ""min_support_actual"": {""value"": 1226, ""threshold"": 50, ""passed"": true}, ""is_structurally_sound"": {""value"": false, ""passed"": false}, ""trade_path_quality_score"": {""value"": 0.0, ""threshold"": 0.0, ""passed"": true}}, ""failures"": [""structural_soundness_fail: ""], ""warnings"": [], ""classification"": ""research""}",4.034001026768237,19.5,5.9840010267682375,production,False,False,0.15
(*)|(*)|(reg_atr_change_rate_ts_top20==1&reg_ema20_gt_ema50_raw==1),*,*,reg_atr_change_rate_ts_top20==1&reg_ema20_gt_ema50_raw==1,0.2669036090373993,0.2669036090373993,0.009348564605750686,0.15824504693349203,0.18584995251661918,0.008291800245527066,1.0,1.0,0.6014150943396226,1226,,,9.953877644095753e-05,-0.00468605744380155,0.009381121921403102,0.009525926569164537,,0.6666666666666666,-0.010209528533126356,-0.7025484101178806,0.5,-0.16929475511922645,-0.018837714244224018,-5.275602799866592,0.05800380190112548,0.0002292628885774647,0.0,12.0,0.00015626201615812318,0.00015626201615812318,8.813234109751996e-05,0.2668154766963018,3,5,5,2,2,stage_a_context,,long,2-way,True,,production,-0.010209528533126356,-0.018837714244224018,-0.0691719356971318,0.3415004748338083,primary_target,0,ranking,research,"{""checks"": {""n_folds"": {""value"": 3, ""threshold"": 3, ""passed"": true}, ""presence_freq"": {""value"": 1.0, ""threshold"": 0.75, ""passed"": true}, ""directional_mean_ret"": {""value"": 0.2669036090373993, ""threshold"": 0.0, ""passed"": true}, ""hurdle_excess"": {""value"": 0.2668154766963018, ""threshold"": 0.0, ""passed"": true}, ""min_support_actual"": {""value"": 1226, ""threshold"": 50, ""passed"": true}, ""is_structurally_sound"": {""value"": false, ""passed"": false}, ""trade_path_quality_score"": {""value"": 0.0, ""threshold"": 0.0, ""passed"": true}}, ""failures"": [""structural_soundness_fail: ""], ""warnings"": [], ""classification"": ""research""}",5.946985215507448,32.5,9.196985215507448,production,False,False,0.15
(*)|(*)|(reg_atr_change_rate_ts_top20==1&reg_ema50_gt_ema200_raw==1),*,*,reg_atr_change_rate_ts_top20==1&reg_ema50_gt_ema200_raw==1,0.2669036090373993,0.2669036090373993,0.009348564605750686,0.15824504693349203,0.18584995251661918,0.008291800245527066,1.0,1.0,0.6014150943396226,1226,,,9.953877644095753e-05,-0.00468605744380155,0.009381121921403102,0.009525926569164537,,0.6666666666666666,-0.010209528533126356,-0.7025484101178806,0.5,-0.16929475511922645,-0.018837714244224018,-5.275602799866592,0.05800380190112548,0.0002292628885774647,0.0,12.0,0.00015626201615812318,0.00015626201615812318,8.813234109751996e-05,0.2668154766963018,3,1,1,2,2,stage_a_context,,long,2-way,True,,production,-0.010209528533126356,-0.018837714244224018,-0.0691719356971318,0.3415004748338083,primary_target,0,ranking,research,"{""checks"": {""n_folds"": {""value"": 3, ""threshold"": 3, ""passed"": true}, ""presence_freq"": {""value"": 1.0, ""threshold"": 0.75, ""passed"": true}, ""directional_mean_ret"": {""value"": 0.2669036090373993, ""threshold"": 0.0, ""passed"": true}, ""hurdle_excess"": {""value"": 0.2668154766963018, ""threshold"": 0.0, ""passed"": true}, ""min_support_actual"": {""value"": 1226, ""threshold"": 50, ""passed"": true}, ""is_structurally_sound"": {""value"": false, ""passed"": false}, ""trade_path_quality_score"": {""value"": 0.0, ""threshold"": 0.0, ""passed"": true}}, ""failures"": [""structural_soundness_fail: ""], ""warnings"": [], ""classification"": ""research""}",4.425335772801191,22.5,6.675335772801191,production,False,False,0.15
(*)|(*)|(reg_atr_change_rate_ts_top30==1&reg_ema20_gt_ema50_raw==1),*,*,reg_atr_change_rate_ts_top30==1&reg_ema20_gt_ema50_raw==1,0.2669036090373993,0.2669036090373993,0.009348564605750686,0.15824504693349203,0.18584995251661918,0.008291800245527066,1.0,1.0,0.6014150943396226,1226,,,9.953877644095753e-05,-0.00468605744380155,0.009381121921403102,0.009525926569164537,,0.6666666666666666,-0.010209528533126356,-0.7025484101178806,0.5,-0.16929475511922645,-0.018837714244224018,-5.275602799866592,0.05800380190112548,0.0002292628885774647,0.0,12.0,0.00015626201615812318,0.00015626201615812318,8.813234109751996e-05,0.2668154766963018,3,1,1,2,2,stage_a_context,,long,2-way,True,,production,-0.010209528533126356,-0.018837714244224018,-0.0691719356971318,0.3415004748338083,primary_target,0,ranking,research,"{""checks"": {""n_folds"": {""value"": 3, ""threshold"": 3, ""passed"": true}, ""presence_freq"": {""value"": 1.0, ""threshold"": 0.75, ""passed"": true}, ""directional_mean_ret"": {""value"": 0.2669036090373993, ""threshold"": 0.0, ""passed"": true}, ""hurdle_excess"": {""value"": 0.2668154766963018, ""threshold"": 0.0, ""passed"": true}, ""min_support_actual"": {""value"": 1226, ""threshold"": 50, ""passed"": true}, ""is_structurally_sound"": {""value"": false, ""passed"": false}, ""trade_path_quality_score"": {""value"": 0.0, ""threshold"": 0.0, ""passed"": true}}, ""failures"": [""structural_soundness_fail: ""], ""warnings"": [], ""classification"": ""research""}",4.200112592894584,39.5,8.150112592894583,production,False,False,0.15
(*)|(*)|(reg_atr_change_rate_ts_top50==1&reg_ema20_gt_ema50_raw==1),*,*,reg_atr_change_rate_ts_top50==1&reg_ema20_gt_ema50_raw==1,0.2669036090373993,0.2669036090373993,0.009348564605750686,0.15824504693349203,0.18584995251661918,0.008291800245527066,1.0,1.0,0.6014150943396226,1226,,,9.953877644095753e-05,-0.00468605744380155,0.009381121921403102,0.009525926569164537,,0.6666666666666666,-0.010209528533126356,-0.7025484101178806,0.5,-0.16929475511922645,-0.018837714244224018,-5.275602799866592,0.05800380190112548,0.0002292628885774647,0.0,12.0,0.00015626201615812318,0.00015626201615812318,8.813234109751996e-05,0.2668154766963018,3,3,3,2,2,stage_a_context,,long,2-way,True,,production,-0.010209528533126356,-0.018837714244224018,-0.0691719356971318,0.3415004748338083,primary_target,0,ranking,research,"{""checks"": {""n_folds"": {""value"": 3, ""threshold"": 3, ""passed"": true}, ""presence_freq"": {""value"": 1.0, ""threshold"": 0.75, ""passed"": true}, ""directional_mean_ret"": {""value"": 0.2669036090373993, ""threshold"": 0.0, ""passed"": true}, ""hurdle_excess"": {""value"": 0.2668154766963018, ""threshold"": 0.0, ""passed"": true}, ""min_support_actual"": {""value"": 1226, ""threshold"": 50, ""passed"": true}, ""is_structurally_sound"": {""value"": false, ""passed"": false}, ""trade_path_quality_score"": {""value"": 0.0, ""threshold"": 0.0, ""passed"": true}}, ""failures"": [""structural_soundness_fail: ""], ""warnings"": [], ""classification"": ""research""}",5.528808295726776,26.5,8.178808295726776,production,False,False,0.15
(*)|(*)|(reg_atr_change_rate_ts_top70==1&reg_ema20_gt_ema50_raw==1),*,*,reg_atr_change_rate_ts_top70==1&reg_ema20_gt_ema50_raw==1,0.2669036090373993,0.2669036090373993,0.009348564605750686,0.15824504693349203,0.18584995251661918,0.008291800245527066,1.0,1.0,0.6014150943396226,1226,,,9.953877644095753e-05,-0.00468605744380155,0.009381121921403102,0.009525926569164537,,0.6666666666666666,-0.010209528533126356,-0.7025484101178806,0.5,-0.16929475511922645,-0.018837714244224018,-5.275602799866592,0.05800380190112548,0.0002292628885774647,0.0,12.0,0.00015626201615812318,0.00015626201615812318,8.813234109751996e-05,0.2668154766963018,3,1,1,2,2,stage_a_context,,long,2-way,True,,production,-0.010209528533126356,-0.018837714244224018,-0.0691719356971318,0.3415004748338083,primary_target,0,ranking,research,"{""checks"": {""n_folds"": {""value"": 3, ""threshold"": 3, ""passed"": true}, ""presence_freq"": {""value"": 1.0, ""threshold"": 0.75, ""passed"": true}, ""directional_mean_ret"": {""value"": 0.2669036090373993, ""threshold"": 0.0, ""passed"": true}, ""hurdle_excess"": {""value"": 0.2668154766963018, ""threshold"": 0.0, ""passed"": true}, ""min_support_actual"": {""value"": 1226, ""threshold"": 50, ""passed"": true}, ""is_structurally_sound"": {""value"": false, ""passed"": false}, ""trade_path_quality_score"": {""value"": 0.0, ""threshold"": 0.0, ""passed"": true}}, ""failures"": [""structural_soundness_fail: ""], ""warnings"": [], ""classification"": ""research""}",3.5785513897426426,29.0,6.478551389742643,production,False,False,0.15
(*)|(*)|(reg_ema20_gt_ema50_raw==1),*,*,reg_ema20_gt_ema50_raw==1,0.2669036090373993,0.2669036090373993,0.009348564605750686,0.15824504693349203,0.18584995251661918,0.008291800245527066,1.0,1.0,0.6014150943396226,1226,,,9.953877644095753e-05,-0.00468605744380155,0.009381121921403102,0.009525926569164537,,0.6666666666666666,-0.010209528533126356,-0.7025484101178806,0.5,-0.16929475511922645,-0.018837714244224018,-5.275602799866592,0.05800380190112548,0.0002292628885774647,0.0,12.0,0.00015626201615812318,0.00015626201615812318,0.00010368510717355289,0.2667999239302257,3,4,4,1,1,stage_a_context,,long,1-way,True,,production,-0.010209528533126356,-0.018837714244224018,-0.0691719356971318,0.3415004748338083,primary_target,0,ranking,research,"{""checks"": {""n_folds"": {""value"": 3, ""threshold"": 3, ""passed"": true}, ""presence_freq"": {""value"": 1.0, ""threshold"": 0.75, ""passed"": true}, ""directional_mean_ret"": {""value"": 0.2669036090373993, ""threshold"": 0.0, ""passed"": true}, ""hurdle_excess"": {""value"": 0.2667999239302257, ""threshold"": 0.0, ""passed"": true}, ""min_support_actual"": {""value"": 1226, ""threshold"": 50, ""passed"": true}, ""is_structurally_sound"": {""value"": false, ""passed"": false}, ""trade_path_quality_score"": {""value"": 0.0, ""threshold"": 0.0, ""passed"": true}}, ""failures"": [""structural_soundness_fail: ""], ""warnings"": [], ""classification"": ""research""}",6.2934707121457905,39.5,10.243470712145792,production,False,False,0.0
(*)|(*)|(reg_atr_change_rate_ts_band25_75==1&reg_atr_change_rate_ts_top60==1&reg_ema20_gt_ema50_raw==0),*,*,reg_atr_change_rate_ts_band25_75==1&reg_atr_change_rate_ts_top60==1&reg_ema20_gt_ema50_raw==0,0.26580138007799786,0.26580138007799786,0.011966955937356994,0.15909144779046377,0.15949667616334284,0.023962223612378618,1.0,1.0,0.6105263157894737,967,,,-0.003331236192554928,-0.004986178416996372,-0.004813389799680043,-0.0024173707716760415,,0.0,-0.025097042136824066,-1.006694220980977,0.6666666666666666,-0.08839696185142598,-0.027221123708877224,-14.234582887592012,0.07894152302019873,2.308434249116972e-05,0.0,12.0,5.998083817694672e-05,5.998083817694672e-05,7.123894906607e-05,0.2657301411289318,3,1,1,3,3,stage_a_context,,long,3-way,True,,production,-0.025097042136824066,-0.027221123708877224,-0.02120824555681944,0.6050332383665716,primary_target,0,ranking,research,"{""checks"": {""n_folds"": {""value"": 3, ""threshold"": 3, ""passed"": true}, ""presence_freq"": {""value"": 1.0, ""threshold"": 0.75, ""passed"": true}, ""directional_mean_ret"": {""value"": 0.26580138007799786, ""threshold"": 0.0, ""passed"": true}, ""hurdle_excess"": {""value"": 0.2657301411289318, ""threshold"": 0.0, ""passed"": true}, ""min_support_actual"": {""value"": 967, ""threshold"": 50, ""passed"": true}, ""is_structurally_sound"": {""value"": false, ""passed"": false}, ""trade_path_quality_score"": {""value"": 0.0, ""threshold"": 0.0, ""passed"": true}}, ""failures"": [""structural_soundness_fail: ""], ""warnings"": [], ""classification"": ""research""}",3.3381667537614703,17.666666666666668,5.104833420428137,production,False,False,0.3
(*)|(loc_dist_ema20_atr_ts_top80==0)|(reg_atr_change_rate_ts_band25_75==0&reg_atr_change_rate_ts_top20==1&reg_ema20_gt_ema50_raw==0),*,loc_dist_ema20_atr_ts_top80==0,reg_atr_change_rate_ts_band25_75==0&reg_atr_change_rate_ts_top20==1&reg_ema20_gt_ema50_raw==0,0.26580582559108734,0.26580582559108734,0.02044822936943512,0.16022244095802307,0.08162393162393163,0.01522862424493518,1.0,1.0,0.5483870967741935,459,,,-0.004811794945737179,-0.015423922072234609,-0.004064128246685431,0.006174165530286126,,0.3333333333333333,0.021471008099769307,0.8309867922553598,0.6666666666666666,0.03799306889919946,0.019346926527716156,-1.8569212418928112,0.080793847850107,0.23036587903555092,0.0,12.0,0.003855837890404629,0.003855837890404629,9.030391190006575e-05,0.26571552167918727,3,1,1,4,4,stage_a_context,,long,4-way,True,,production,0.021471008099769307,0.019346926527716156,-0.10865647568455117,1.0,primary_target,0,rejected,research,"{""checks"": {""n_folds"": {""value"": 3, ""threshold"": 3, ""passed"": true}, ""presence_freq"": {""value"": 1.0, ""threshold"": 0.75, ""passed"": true}, ""directional_mean_ret"": {""value"": 0.26580582559108734, ""threshold"": 0.0, ""passed"": true}, ""hurdle_excess"": {""value"": 0.26571552167918727, ""threshold"": 0.0, ""passed"": true}, ""min_support_actual"": {""value"": 459, ""threshold"": 50, ""passed"": true}, ""is_structurally_sound"": {""value"": false, ""passed"": false}, ""trade_path_quality_score"": {""value"": 0.0, ""threshold"": 0.0, ""passed"": true}}, ""failures"": [""structural_soundness_fail: ""], ""warnings"": [], ""classification"": ""research""}",5.163293702527881,34.5,8.61329370252788,production,False,False,0.1
(*)|(*)|(reg_atr_change_rate_ts_band25_75==0&reg_atr_change_rate_ts_top20==1&reg_atr_change_rate_ts_top80==0&reg_ema20_gt_ema50_raw==0),*,*,reg_atr_change_rate_ts_band25_75==0&reg_atr_change_rate_ts_top20==1&reg_atr_change_rate_ts_top80==0&reg_ema20_gt_ema50_raw==0,0.26580582559108734,0.26580582559108734,0.02044822936943512,0.16022244095802307,0.08162393162393163,0.01522862424493518,1.0,1.0,0.5483870967741935,459,,,-0.004811794945737179,-0.015423922072234609,-0.004064128246685431,0.006174165530286126,,0.3333333333333333,0.021471008099769307,0.8309867922553598,0.6666666666666666,0.03799306889919946,0.019346926527716156,-1.8569212418928112,0.080793847850107,0.23036587903555092,0.0,12.0,0.003855837890404629,0.003855837890404629,9.030391190006575e-05,0.26571552167918727,3,1,1,4,4,stage_a_context,,long,4-way,True,,production,0.021471008099769307,0.019346926527716156,-0.10865647568455117,1.0,primary_target,0,rejected,research,"{""checks"": {""n_folds"": {""value"": 3, ""threshold"": 3, ""passed"": true}, ""presence_freq"": {""value"": 1.0, ""threshold"": 0.75, ""passed"": true}, ""directional_mean_ret"": {""value"": 0.26580582559108734, ""threshold"": 0.0, ""passed"": true}, ""hurdle_excess"": {""value"": 0.26571552167918727, ""threshold"": 0.0, ""passed"": true}, ""min_support_actual"": {""value"": 459, ""threshold"": 50, ""passed"": true}, ""is_structurally_sound"": {""value"": false, ""passed"": false}, ""trade_path_quality_score"": {""value"": 0.0, ""threshold"": 0.0, ""passed"": true}}, ""failures"": [""structural_soundness_fail: ""], ""warnings"": [], ""classification"": ""research""}",5.706623912905343,42.0,9.906623912905342,production,False,False,0.1
(*)|(*)|(reg_atr_change_rate_ts_band25_75==1&reg_atr_change_rate_ts_band40_60==0&reg_atr_change_rate_ts_top20==1&reg_atr_change_rate_ts_top50==1&reg_atr_change_rate_ts_top80==0&reg_ema50_gt_ema200_raw==0),*,*,reg_atr_change_rate_ts_band25_75==1&reg_atr_change_rate_ts_band40_60==0&reg_atr_change_rate_ts_top20==1&reg_atr_change_rate_ts_top50==1&reg_atr_change_rate_ts_top80==0&reg_ema50_gt_ema200_raw==0,0.26580138007799786,0.26580138007799786,0.011966955937356994,0.15909144779046377,0.15949667616334284,0.023962223612378618,1.0,1.0,0.6105263157894737,967,,,-0.003331236192554928,-0.004986178416996372,-0.004813389799680043,-0.0024173707716760415,,0.0,-0.025097042136824066,-1.006694220980977,0.6666666666666666,-0.08839696185142598,-0.027221123708877224,-14.234582887592012,0.07894152302019873,2.308434249116972e-05,0.0,12.0,5.998083817694672e-05,5.998083817694672e-05,9.159293451351857e-05,0.26570978714348437,3,1,1,6,6,stage_a_context,,long,6-way,True,,production,-0.025097042136824066,-0.027221123708877224,-0.02120824555681944,0.6050332383665716,primary_target,0,ranking,research,"{""checks"": {""n_folds"": {""value"": 3, ""threshold"": 3, ""passed"": true}, ""presence_freq"": {""value"": 1.0, ""threshold"": 0.75, ""passed"": true}, ""directional_mean_ret"": {""value"": 0.26580138007799786, ""threshold"": 0.0, ""passed"": true}, ""hurdle_excess"": {""value"": 0.26570978714348437, ""threshold"": 0.0, ""passed"": true}, ""min_support_actual"": {""value"": 967, ""threshold"": 50, ""passed"": true}, ""is_structurally_sound"": {""value"": false, ""passed"": false}, ""trade_path_quality_score"": {""value"": 0.0, ""threshold"": 0.0, ""passed"": true}}, ""failures"": [""structural_soundness_fail: ""], ""warnings"": [], ""classification"": ""research""}",3.9730796597432345,31.333333333333332,7.106412993076567,production,False,False,0.1
(*)|(*)|(reg_atr_change_rate_ts_band25_75==1&reg_atr_change_rate_ts_top30==1&reg_atr_change_rate_ts_top60==1),*,*,reg_atr_change_rate_ts_band25_75==1&reg_atr_change_rate_ts_top30==1&reg_atr_change_rate_ts_top60==1,0.26568397879600525,0.26568397879600525,0.012000145850715882,0.15905222296714783,0.159639126305793,0.024051539359357752,1.0,1.0,0.6200873362445415,968,,,-0.003674287399275802,-0.0051621177384870215,-0.0051589670343127015,-0.002928796877583033,,0.0,-0.025315191466407733,-1.035136144119552,0.6666666666666666,-0.08297373298897488,-0.027439273038460887,-13.66517610150863,0.07894152302019873,2.308434249116972e-05,0.0,12.0,6.005975838851813e-05,6.005975838851813e-05,7.12448888852814e-05,0.26561273390712,3,1,1,3,3,stage_a_context,,long,3-way,True,,production,-0.025315191466407733,-0.027439273038460887,-0.020768847562788295,0.6036087369420701,primary_target,0,ranking,research,"{""checks"": {""n_folds"": {""value"": 3, ""threshold"": 3, ""passed"": true}, ""presence_freq"": {""value"": 1.0, ""threshold"": 0.75, ""passed"": true}, ""directional_mean_ret"": {""value"": 0.26568397879600525, ""threshold"": 0.0, ""passed"": true}, ""hurdle_excess"": {""value"": 0.26561273390712, ""threshold"": 0.0, ""passed"": true}, ""min_support_actual"": {""value"": 968, ""threshold"": 50, ""passed"": true}, ""is_structurally_sound"": {""value"": false, ""passed"": false}, ""trade_path_quality_score"": {""value"": 0.0, ""threshold"": 0.0, ""passed"": true}}, ""failures"": [""structural_soundness_fail: ""], ""warnings"": [], ""classification"": ""research""}",3.1399246730531254,34.333333333333336,6.5732580063864585,production,False,False,0.3
(*)|(loc_dist_ema20_atr_ts_band40_60==0)|(reg_atr_change_rate_ts_band25_75==1&reg_atr_change_rate_ts_top30==1&reg_atr_change_rate_ts_top40==1),*,loc_dist_ema20_atr_ts_band40_60==0,reg_atr_change_rate_ts_band25_75==1&reg_atr_change_rate_ts_top30==1&reg_atr_change_rate_ts_top40==1,0.26568397879600525,0.26568397879600525,0.012000145850715882,0.15905222296714783,0.159639126305793,0.024051539359357752,1.0,1.0,0.6200873362445415,968,,,-0.003674287399275802,-0.0051621177384870215,-0.0051589670343127015,-0.002928796877583033,,0.0,-0.025315191466407733,-1.035136144119552,0.6666666666666666,-0.08297373298897488,-0.027439273038460887,-13.66517610150863,0.07894152302019873,2.308434249116972e-05,0.0,12.0,6.005975838851813e-05,6.005975838851813e-05,9.160057142393325e-05,0.2655923782245813,3,1,1,4,4,stage_a_context,,long,4-way,True,,production,-0.025315191466407733,-0.027439273038460887,-0.020768847562788295,0.6036087369420701,primary_target,0,ranking,research,"{""checks"": {""n_folds"": {""value"": 3, ""threshold"": 3, ""passed"": true}, ""presence_freq"": {""value"": 1.0, ""threshold"": 0.75, ""passed"": true}, ""directional_mean_ret"": {""value"": 0.26568397879600525, ""threshold"": 0.0, ""passed"": true}, ""hurdle_excess"": {""value"": 0.2655923782245813, ""threshold"": 0.0, ""passed"": true}, ""min_support_actual"": {""value"": 968, ""threshold"": 50, ""passed"": true}, ""is_structurally_sound"": {""value"": false, ""passed"": false}, ""trade_path_quality_score"": {""value"": 0.0, ""threshold"": 0.0, ""passed"": true}}, ""failures"": [""structural_soundness_fail: ""], ""warnings"": [], ""classification"": ""research""}",2.3821719337720424,24.5,4.832171933772043,production,False,False,0.1
(*)|(*)|(reg_atr_change_rate_ts_band20_80==1&reg_atr_change_rate_ts_band25_75==0),*,*,reg_atr_change_rate_ts_band20_80==1&reg_atr_change_rate_ts_band25_75==0,0.26530659198760986,0.26530659198760986,0.0154397530427801,0.1616833359003067,0.10327635327635327,0.014558283758695827,1.0,1.0,0.5435684647302904,627,,,-0.007031479308969545,-0.011661197640150108,-0.005641997892084845,-0.001707020269346631,,0.3333333333333333,0.005845115734165689,0.11935596600724045,0.6666666666666666,0.05928319053938092,0.0037210341621125354,-9.443081143826253,0.07600552850268083,0.1467158280957922,0.0,12.0,0.0031461259283748454,0.0031461259283748454,8.500456215858638e-05,0.26522158742545127,3,1,1,2,2,stage_a_context,,long,2-way,True,,production,0.005845115734165689,0.0037210341621125354,-0.0585283071259998,1.0,primary_target,0,rejected,research,"{""checks"": {""n_folds"": {""value"": 3, ""threshold"": 3, ""passed"": true}, ""presence_freq"": {""value"": 1.0, ""threshold"": 0.75, ""passed"": true}, ""directional_mean_ret"": {""value"": 0.26530659198760986, ""threshold"": 0.0, ""passed"": true}, ""hurdle_excess"": {""value"": 0.26522158742545127, ""threshold"": 0.0, ""passed"": true}, ""min_support_actual"": {""value"": 627, ""threshold"": 50, ""passed"": true}, ""is_structurally_sound"": {""value"": false, ""passed"": false}, ""trade_path_quality_score"": {""value"": 0.0, ""threshold"": 0.0, ""passed"": true}}, ""failures"": [""structural_soundness_fail: ""], ""warnings"": [], ""classification"": ""research""}",2.8145302038174123,27.5,5.564530203817412,production,False,False,0.15
(*)|(loc_dist_ema20_atr_ts_top70==1&loc_dist_ema20_atr_ts_top80==0)|(reg_ema20_gt_ema50_raw==0),*,loc_dist_ema20_atr_ts_top70==1&loc_dist_ema20_atr_ts_top80==0,reg_ema20_gt_ema50_raw==0,0.26505593458811444,0.26505593458811444,0.021667486084290092,0.15751377244790396,0.08736942070275404,0.006807202635311462,1.0,1.0,0.5942947702060222,564,,,-0.003411224026684154,-0.019301379583927906,-0.011941421058728406,0.008213833014537472,,0.3333333333333333,0.038893846329773135,1.8317428572075616,1.0,-0.031874243042116356,0.030265660618675475,4.238856620313694,0.0024005085188170826,0.03044017489590544,0.0,12.0,0.0015632447769971,0.0015632447769971,7.01116720733688e-05,0.26498582291604106,3,1,1,3,3,stage_a_context,,long,3-way,True,,production,0.038893846329773135,0.030265660618675475,-0.11190138534689471,1.0,primary_target,0,rejected,research,"{""checks"": {""n_folds"": {""value"": 3, ""threshold"": 3, ""passed"": true}, ""presence_freq"": {""value"": 1.0, ""threshold"": 0.75, ""passed"": true}, ""directional_mean_ret"": {""value"": 0.26505593458811444, ""threshold"": 0.0, ""passed"": true}, ""hurdle_excess"": {""value"": 0.26498582291604106, ""threshold"": 0.0, ""passed"": true}, ""min_support_actual"": {""value"": 564, ""threshold"": 50, ""passed"": true}, ""is_structurally_sound"": {""value"": false, ""passed"": false}, ""trade_path_quality_score"": {""value"": 0.0, ""threshold"": 0.0, ""passed"": true}}, ""failures"": [""structural_soundness_fail: ""], ""warnings"": [], ""classification"": ""research""}",2.6561197713017464,21.333333333333332,4.789453104635079,production,False,False,0.3
(*)|(loc_dist_ema20_atr_ts_top50==1&loc_dist_ema20_atr_ts_top70==1)|(reg_atr_change_rate_ts_top80==0&reg_ema20_gt_ema50_raw==0),*,loc_dist_ema20_atr_ts_top50==1&loc_dist_ema20_atr_ts_top70==1,reg_atr_change_rate_ts_top80==0&reg_ema20_gt_ema50_raw==0,0.26505593458811444,0.26505593458811444,0.021667486084290092,0.15751377244790396,0.08736942070275404,0.006807202635311462,1.0,1.0,0.5942947702060222,564,,,-0.003411224026684154,-0.019301379583927906,-0.011941421058728406,0.008213833014537472,,0.3333333333333333,0.038893846329773135,1.8317428572075616,1.0,-0.031874243042116356,0.030265660618675475,4.238856620313694,0.0024005085188170826,0.03044017489590544,0.0,12.0,0.0015632447769971,0.0015632447769971,9.014357838004562e-05,0.2649657910097344,3,1,1,4,4,stage_a_context,,long,4-way,True,,production,0.038893846329773135,0.030265660618675475,-0.11190138534689471,1.0,primary_target,0,rejected,research,"{""checks"": {""n_folds"": {""value"": 3, ""threshold"": 3, ""passed"": true}, ""presence_freq"": {""value"": 1.0, ""threshold"": 0.75, ""passed"": true}, ""directional_mean_ret"": {""value"": 0.26505593458811444, ""threshold"": 0.0, ""passed"": true}, ""hurdle_excess"": {""value"": 0.2649657910097344, ""threshold"": 0.0, ""passed"": true}, ""min_support_actual"": {""value"": 564, ""threshold"": 50, ""passed"": true}, ""is_structurally_sound"": {""value"": false, ""passed"": false}, ""trade_path_quality_score"": {""value"": 0.0, ""threshold"": 0.0, ""passed"": true}}, ""failures"": [""structural_soundness_fail: ""], ""warnings"": [], ""classification"": ""research""}",4.9598850989714265,16.75,6.634885098971426,production,False,False,0.1
(*)|(loc_dist_ema20_atr_ts_top30==1)|(reg_atr_change_rate_ts_band30_70==0&reg_atr_change_rate_ts_top80==0&reg_ema20_gt_ema50_raw==0),*,loc_dist_ema20_atr_ts_top30==1,reg_atr_change_rate_ts_band30_70==0&reg_atr_change_rate_ts_top80==0&reg_ema20_gt_ema50_raw==0,0.26505593458811444,0.26505593458811444,0.021667486084290092,0.15751377244790396,0.08736942070275404,0.006807202635311462,1.0,1.0,0.5942947702060222,564,,,-0.003411224026684154,-0.019301379583927906,-0.011941421058728406,0.008213833014537472,,0.3333333333333333,0.038893846329773135,1.8317428572075616,1.0,-0.031874243042116356,0.030265660618675475,4.238856620313694,0.0024005085188170826,0.03044017489590544,0.0,12.0,0.0015632447769971,0.0015632447769971,9.014357838004562e-05,0.2649657910097344,3,1,1,4,4,stage_a_context,,long,4-way,True,,production,0.038893846329773135,0.030265660618675475,-0.11190138534689471,1.0,primary_target,0,rejected,research,"{""checks"": {""n_folds"": {""value"": 3, ""threshold"": 3, ""passed"": true}, ""presence_freq"": {""value"": 1.0, ""threshold"": 0.75, ""passed"": true}, ""directional_mean_ret"": {""value"": 0.26505593458811444, ""threshold"": 0.0, ""passed"": true}, ""hurdle_excess"": {""value"": 0.2649657910097344, ""threshold"": 0.0, ""passed"": true}, ""min_support_actual"": {""value"": 564, ""threshold"": 50, ""passed"": true}, ""is_structurally_sound"": {""value"": false, ""passed"": false}, ""trade_path_quality_score"": {""value"": 0.0, ""threshold"": 0.0, ""passed"": true}}, ""failures"": [""structural_soundness_fail: ""], ""warnings"": [], ""classification"": ""research""}",4.840447716997005,17.0,6.540447716997005,production,False,False,0.1
(*)|(loc_dist_ema20_atr_ts_top70==1&loc_dist_ema20_atr_ts_top80==0)|(reg_atr_change_rate_ts_top50==1&reg_ema20_gt_ema50_raw==0),*,loc_dist_ema20_atr_ts_top70==1&loc_dist_ema20_atr_ts_top80==0,reg_atr_change_rate_ts_top50==1&reg_ema20_gt_ema50_raw==0,0.26505593458811444,0.26505593458811444,0.021667486084290092,0.15751377244790396,0.08736942070275404,0.006807202635311462,1.0,1.0,0.5942947702060222,564,,,-0.003411224026684154,-0.019301379583927906,-0.011941421058728406,0.008213833014537472,,0.3333333333333333,0.038893846329773135,1.8317428572075616,1.0,-0.031874243042116356,0.030265660618675475,4.238856620313694,0.0024005085188170826,0.03044017489590544,0.0,12.0,0.0015632447769971,0.0015632447769971,9.014357838004562e-05,0.2649657910097344,3,1,1,4,4,stage_a_context,,long,4-way,True,,production,0.038893846329773135,0.030265660618675475,-0.11190138534689471,1.0,primary_target,0,rejected,research,"{""checks"": {""n_folds"": {""value"": 3, ""threshold"": 3, ""passed"": true}, ""presence_freq"": {""value"": 1.0, ""threshold"": 0.75, ""passed"": true}, ""directional_mean_ret"": {""value"": 0.26505593458811444, ""threshold"": 0.0, ""passed"": true}, ""hurdle_excess"": {""value"": 0.2649657910097344, ""threshold"": 0.0, ""passed"": true}, ""min_support_actual"": {""value"": 564, ""threshold"": 50, ""passed"": true}, ""is_structurally_sound"": {""value"": false, ""passed"": false}, ""trade_path_quality_score"": {""value"": 0.0, ""threshold"": 0.0, ""passed"": true}}, ""failures"": [""structural_soundness_fail: ""], ""warnings"": [], ""classification"": ""research""}",3.361051272135228,16.0,4.961051272135228,production,False,False,0.1
(*)|(loc_dist_ema20_atr_ts_band30_70==0)|(reg_atr_change_rate_ts_top30==1&reg_atr_change_rate_ts_top80==0&reg_ema20_gt_ema50_raw==0),*,loc_dist_ema20_atr_ts_band30_70==0,reg_atr_change_rate_ts_top30==1&reg_atr_change_rate_ts_top80==0&reg_ema20_gt_ema50_raw==0,0.26505593458811444,0.26505593458811444,0.021667486084290092,0.15751377244790396,0.08736942070275404,0.006807202635311462,1.0,1.0,0.5942947702060222,564,,,-0.003411224026684154,-0.019301379583927906,-0.011941421058728406,0.008213833014537472,,0.3333333333333333,0.038893846329773135,1.8317428572075616,1.0,-0.031874243042116356,0.030265660618675475,4.238856620313694,0.0024005085188170826,0.03044017489590544,0.0,12.0,0.0015632447769971,0.0015632447769971,9.014357838004562e-05,0.2649657910097344,3,1,1,4,4,stage_a_context,,long,4-way,True,,production,0.038893846329773135,0.030265660618675475,-0.11190138534689471,1.0,primary_target,0,rejected,research,"{""checks"": {""n_folds"": {""value"": 3, ""threshold"": 3, ""passed"": true}, ""presence_freq"": {""value"": 1.0, ""threshold"": 0.75, ""passed"": true}, ""directional_mean_ret"": {""value"": 0.26505593458811444, ""threshold"": 0.0, ""passed"": true}, ""hurdle_excess"": {""value"": 0.2649657910097344, ""threshold"": 0.0, ""passed"": true}, ""min_support_actual"": {""value"": 564, ""threshold"": 50, ""passed"": true}, ""is_structurally_sound"": {""value"": false, ""passed"": false}, ""trade_path_quality_score"": {""value"": 0.0, ""threshold"": 0.0, ""passed"": true}}, ""failures"": [""structural_soundness_fail: ""], ""warnings"": [], ""classification"": ""research""}",4.826766901882365,15.75,6.4017669018823655,production,False,False,0.1
(*)|(*)|(reg_atr_change_rate_ts_band30_70==0&reg_atr_change_rate_ts_top60==1&reg_atr_change_rate_ts_top80==0&reg_ema20_gt_ema50_raw==0),*,*,reg_atr_change_rate_ts_band30_70==0&reg_atr_change_rate_ts_top60==1&reg_atr_change_rate_ts_top80==0&reg_ema20_gt_ema50_raw==0,0.26505593458811444,0.26505593458811444,0.021667486084290092,0.15751377244790396,0.08736942070275404,0.006807202635311462,1.0,1.0,0.5942947702060222,564,,,-0.003411224026684154,-0.019301379583927906,-0.011941421058728406,0.008213833014537472,,0.3333333333333333,0.038893846329773135,1.8317428572075616,1.0,-0.031874243042116356,0.030265660618675475,4.238856620313694,0.0024005085188170826,0.03044017489590544,0.0,12.0,0.0015632447769971,0.0015632447769971,9.014357838004562e-05,0.2649657910097344,3,1,1,4,4,stage_a_context,,long,4-way,True,,production,0.038893846329773135,0.030265660618675475,-0.11190138534689471,1.0,primary_target,0,rejected,research,"{""checks"": {""n_folds"": {""value"": 3, ""threshold"": 3, ""passed"": true}, ""presence_freq"": {""value"": 1.0, ""threshold"": 0.75, ""passed"": true}, ""directional_mean_ret"": {""value"": 0.26505593458811444, ""threshold"": 0.0, ""passed"": true}, ""hurdle_excess"": {""value"": 0.2649657910097344, ""threshold"": 0.0, ""passed"": true}, ""min_support_actual"": {""value"": 564, ""threshold"": 50, ""passed"": true}, ""is_structurally_sound"": {""value"": false, ""passed"": false}, ""trade_path_quality_score"": {""value"": 0.0, ""threshold"": 0.0, ""passed"": true}}, ""failures"": [""structural_soundness_fail: ""], ""warnings"": [], ""classification"": ""research""}",4.94132578081917,18.75,6.81632578081917,production,False,False,0.1
(*)|(*)|(reg_atr_change_rate_ts_top50==1&reg_atr_change_rate_ts_top70==1&reg_atr_change_rate_ts_top80==0&reg_ema20_gt_ema50_raw==0),*,*,reg_atr_change_rate_ts_top50==1&reg_atr_change_rate_ts_top70==1&reg_atr_change_rate_ts_top80==0&reg_ema20_gt_ema50_raw==0,0.26505593458811444,0.26505593458811444,0.021667486084290092,0.15751377244790396,0.08736942070275404,0.006807202635311462,1.0,1.0,0.5942947702060222,564,,,-0.003411224026684154,-0.019301379583927906,-0.011941421058728406,0.008213833014537472,,0.3333333333333333,0.038893846329773135,1.8317428572075616,1.0,-0.031874243042116356,0.030265660618675475,4.238856620313694,0.0024005085188170826,0.03044017489590544,0.0,12.0,0.0015632447769971,0.0015632447769971,9.014357838004562e-05,0.2649657910097344,3,1,1,4,4,stage_a_context,,long,4-way,True,,production,0.038893846329773135,0.030265660618675475,-0.11190138534689471,1.0,primary_target,0,rejected,research,"{""checks"": {""n_folds"": {""value"": 3, ""threshold"": 3, ""passed"": true}, ""presence_freq"": {""value"": 1.0, ""threshold"": 0.75, ""passed"": true}, ""directional_mean_ret"": {""value"": 0.26505593458811444, ""threshold"": 0.0, ""passed"": true}, ""hurdle_excess"": {""value"": 0.2649657910097344, ""threshold"": 0.0, ""passed"": true}, ""min_support_actual"": {""value"": 564, ""threshold"": 50, ""passed"": true}, ""is_structurally_sound"": {""value"": false, ""passed"": false}, ""trade_path_quality_score"": {""value"": 0.0, ""threshold"": 0.0, ""passed"": true}}, ""failures"": [""structural_soundness_fail: ""], ""warnings"": [], ""classification"": ""research""}",5.892411663662642,22.5,8.142411663662642,production,False,False,0.1
(*)|(*)|(reg_atr_change_rate_ts_top20==1&reg_atr_change_rate_ts_top70==1&reg_atr_change_rate_ts_top80==0&reg_ema20_gt_ema50_raw==0),*,*,reg_atr_change_rate_ts_top20==1&reg_atr_change_rate_ts_top70==1&reg_atr_change_rate_ts_top80==0&reg_ema20_gt_ema50_raw==0,0.26505593458811444,0.26505593458811444,0.021667486084290092,0.15751377244790396,0.08736942070275404,0.006807202635311462,1.0,1.0,0.5942947702060222,564,,,-0.003411224026684154,-0.019301379583927906,-0.011941421058728406,0.008213833014537472,,0.3333333333333333,0.038893846329773135,1.8317428572075616,1.0,-0.031874243042116356,0.030265660618675475,4.238856620313694,0.0024005085188170826,0.03044017489590544,0.0,12.0,0.0015632447769971,0.0015632447769971,9.014357838004562e-05,0.2649657910097344,3,2,2,4,4,stage_a_context,,long,4-way,True,,production,0.038893846329773135,0.030265660618675475,-0.11190138534689471,1.0,primary_target,0,rejected,research,"{""checks"": {""n_folds"": {""value"": 3, ""threshold"": 3, ""passed"": true}, ""presence_freq"": {""value"": 1.0, ""threshold"": 0.75, ""passed"": true}, ""directional_mean_ret"": {""value"": 0.26505593458811444, ""threshold"": 0.0, ""passed"": true}, ""hurdle_excess"": {""value"": 0.2649657910097344, ""threshold"": 0.0, ""passed"": true}, ""min_support_actual"": {""value"": 564, ""threshold"": 50, ""passed"": true}, ""is_structurally_sound"": {""value"": false, ""passed"": false}, ""trade_path_quality_score"": {""value"": 0.0, ""threshold"": 0.0, ""passed"": true}}, ""failures"": [""structural_soundness_fail: ""], ""warnings"": [], ""classification"": ""research""}",4.772847559885122,35.75,8.347847559885121,production,False,False,0.1
(*)|(*)|(reg_atr_change_rate_ts_band30_70==0&reg_atr_change_rate_ts_top60==1&reg_atr_change_rate_ts_top80==0&reg_ema50_gt_ema200_raw==0),*,*,reg_atr_change_rate_ts_band30_70==0&reg_atr_change_rate_ts_top60==1&reg_atr_change_rate_ts_top80==0&reg_ema50_gt_ema200_raw==0,0.26505593458811444,0.26505593458811444,0.021667486084290092,0.15751377244790396,0.08736942070275404,0.006807202635311462,1.0,1.0,0.5942947702060222,564,,,-0.003411224026684154,-0.019301379583927906,-0.011941421058728406,0.008213833014537472,,0.3333333333333333,0.038893846329773135,1.8317428572075616,1.0,-0.031874243042116356,0.030265660618675475,4.238856620313694,0.0024005085188170826,0.03044017489590544,0.0,12.0,0.0015632447769971,0.0015632447769971,9.014357838004562e-05,0.2649657910097344,3,1,1,4,4,stage_a_context,,long,4-way,True,,production,0.038893846329773135,0.030265660618675475,-0.11190138534689471,1.0,primary_target,0,rejected,research,"{""checks"": {""n_folds"": {""value"": 3, ""threshold"": 3, ""passed"": true}, ""presence_freq"": {""value"": 1.0, ""threshold"": 0.75, ""passed"": true}, ""directional_mean_ret"": {""value"": 0.26505593458811444, ""threshold"": 0.0, ""passed"": true}, ""hurdle_excess"": {""value"": 0.2649657910097344, ""threshold"": 0.0, ""passed"": true}, ""min_support_actual"": {""value"": 564, ""threshold"": 50, ""passed"": true}, ""is_structurally_sound"": {""value"": false, ""passed"": false}, ""trade_path_quality_score"": {""value"": 0.0, ""threshold"": 0.0, ""passed"": true}}, ""failures"": [""structural_soundness_fail: ""], ""warnings"": [], ""classification"": ""research""}",2.0469038339797407,25.5,4.5969038339797414,production,False,False,0.1
(*)|(loc_dist_ema20_atr_ts_top40==1)|(reg_atr_change_rate_ts_top70==1&reg_atr_change_rate_ts_top80==0&reg_ema20_gt_ema50_raw==0),*,loc_dist_ema20_atr_ts_top40==1,reg_atr_change_rate_ts_top70==1&reg_atr_change_rate_ts_top80==0&reg_ema20_gt_ema50_raw==0,0.26505593458811444,0.26505593458811444,0.021667486084290092,0.15751377244790396,0.08736942070275404,0.006807202635311462,1.0,1.0,0.5942947702060222,564,,,-0.003411224026684154,-0.019301379583927906,-0.011941421058728406,0.008213833014537472,,0.3333333333333333,0.038893846329773135,1.8317428572075616,1.0,-0.031874243042116356,0.030265660618675475,4.238856620313694,0.0024005085188170826,0.03044017489590544,0.0,12.0,0.0015632447769971,0.0015632447769971,9.014357838004562e-05,0.2649657910097344,3,1,1,4,4,stage_a_context,,long,4-way,True,,production,0.038893846329773135,0.030265660618675475,-0.11190138534689471,1.0,primary_target,0,rejected,research,"{""checks"": {""n_folds"": {""value"": 3, ""threshold"": 3, ""passed"": true}, ""presence_freq"": {""value"": 1.0, ""threshold"": 0.75, ""passed"": true}, ""directional_mean_ret"": {""value"": 0.26505593458811444, ""threshold"": 0.0, ""passed"": true}, ""hurdle_excess"": {""value"": 0.2649657910097344, ""threshold"": 0.0, ""passed"": true}, ""min_support_actual"": {""value"": 564, ""threshold"": 50, ""passed"": true}, ""is_structurally_sound"": {""value"": false, ""passed"": false}, ""trade_path_quality_score"": {""value"": 0.0, ""threshold"": 0.0, ""passed"": true}}, ""failures"": [""structural_soundness_fail: ""], ""warnings"": [], ""classification"": ""research""}",5.016082865651697,16.75,6.691082865651697,production,False,False,0.1
(*)|(*)|(reg_atr_change_rate_ts_band30_70==0&reg_atr_change_rate_ts_top50==1&reg_atr_change_rate_ts_top80==0&reg_price_lt_ema200_raw==0),*,*,reg_atr_change_rate_ts_band30_70==0&reg_atr_change_rate_ts_top50==1&reg_atr_change_rate_ts_top80==0&reg_price_lt_ema200_raw==0,0.26505593458811444,0.26505593458811444,0.021667486084290092,0.15751377244790396,0.08736942070275404,0.006807202635311462,1.0,1.0,0.5942947702060222,564,,,-0.003411224026684154,-0.019301379583927906,-0.011941421058728406,0.008213833014537472,,0.3333333333333333,0.038893846329773135,1.8317428572075616,1.0,-0.031874243042116356,0.030265660618675475,4.238856620313694,0.0024005085188170826,0.03044017489590544,0.0,12.0,0.0015632447769971,0.0015632447769971,9.014357838004562e-05,0.2649657910097344,3,1,1,4,4,stage_a_context,,long,4-way,True,,production,0.038893846329773135,0.030265660618675475,-0.11190138534689471,1.0,primary_target,0,rejected,research,"{""checks"": {""n_folds"": {""value"": 3, ""threshold"": 3, ""passed"": true}, ""presence_freq"": {""value"": 1.0, ""threshold"": 0.75, ""passed"": true}, ""directional_mean_ret"": {""value"": 0.26505593458811444, ""threshold"": 0.0, ""passed"": true}, ""hurdle_excess"": {""value"": 0.2649657910097344, ""threshold"": 0.0, ""passed"": true}, ""min_support_actual"": {""value"": 564, ""threshold"": 50, ""passed"": true}, ""is_structurally_sound"": {""value"": false, ""passed"": false}, ""trade_path_quality_score"": {""value"": 0.0, ""threshold"": 0.0, ""passed"": true}}, ""failures"": [""structural_soundness_fail: ""], ""warnings"": [], ""classification"": ""research""}",3.884288914152421,15.5,5.434288914152421,production,False,False,0.1
(*)|(*)|(reg_atr_change_rate_ts_band30_70==0&reg_atr_change_rate_ts_top20==1&reg_atr_change_rate_ts_top60==1&reg_atr_change_rate_ts_top80==0&reg_ema20_gt_ema50_raw==0),*,*,reg_atr_change_rate_ts_band30_70==0&reg_atr_change_rate_ts_top20==1&reg_atr_change_rate_ts_top60==1&reg_atr_change_rate_ts_top80==0&reg_ema20_gt_ema50_raw==0,0.26505593458811444,0.26505593458811444,0.021667486084290092,0.15751377244790396,0.08736942070275404,0.006807202635311462,1.0,1.0,0.5942947702060222,564,,,-0.003411224026684154,-0.019301379583927906,-0.011941421058728406,0.008213833014537472,,0.3333333333333333,0.038893846329773135,1.8317428572075616,1.0,-0.031874243042116356,0.030265660618675475,4.238856620313694,0.0024005085188170826,0.03044017489590544,0.0,12.0,0.0015632447769971,0.0015632447769971,9.014357838004562e-05,0.2649657910097344,3,1,1,5,5,stage_a_context,,long,5-way,True,,production,0.038893846329773135,0.030265660618675475,-0.11190138534689471,1.0,primary_target,0,rejected,research,"{""checks"": {""n_folds"": {""value"": 3, ""threshold"": 3, ""passed"": true}, ""presence_freq"": {""value"": 1.0, ""threshold"": 0.75, ""passed"": true}, ""directional_mean_ret"": {""value"": 0.26505593458811444, ""threshold"": 0.0, ""passed"": true}, ""hurdle_excess"": {""value"": 0.2649657910097344, ""threshold"": 0.0, ""passed"": true}, ""min_support_actual"": {""value"": 564, ""threshold"": 50, ""passed"": true}, ""is_structurally_sound"": {""value"": false, ""passed"": false}, ""trade_path_quality_score"": {""value"": 0.0, ""threshold"": 0.0, ""passed"": true}}, ""failures"": [""structural_soundness_fail: ""], ""warnings"": [], ""classification"": ""research""}",4.220660511218012,35.2,7.740660511218012,production,False,False,0.1
(*)|(*)|(reg_atr_change_rate_ts_band30_70==0&reg_atr_change_rate_ts_bot80==1&reg_atr_change_rate_ts_top20==1&reg_atr_change_rate_ts_top50==1&reg_ema50_gt_ema200_raw==0),*,*,reg_atr_change_rate_ts_band30_70==0&reg_atr_change_rate_ts_bot80==1&reg_atr_change_rate_ts_top20==1&reg_atr_change_rate_ts_top50==1&reg_ema50_gt_ema200_raw==0,0.26505593458811444,0.26505593458811444,0.021667486084290092,0.15751377244790396,0.08736942070275404,0.006807202635311462,1.0,1.0,0.5942947702060222,564,,,-0.003411224026684154,-0.019301379583927906,-0.011941421058728406,0.008213833014537472,,0.3333333333333333,0.038893846329773135,1.8317428572075616,1.0,-0.031874243042116356,0.030265660618675475,4.238856620313694,0.0024005085188170826,0.03044017489590544,0.0,12.0,0.0015632447769971,0.0015632447769971,9.014357838004562e-05,0.2649657910097344,3,1,1,5,5,stage_a_context,,long,5-way,True,,production,0.038893846329773135,0.030265660618675475,-0.11190138534689471,1.0,primary_target,0,rejected,research,"{""checks"": {""n_folds"": {""value"": 3, ""threshold"": 3, ""passed"": true}, ""presence_freq"": {""value"": 1.0, ""threshold"": 0.75, ""passed"": true}, ""directional_mean_ret"": {""value"": 0.26505593458811444, ""threshold"": 0.0, ""passed"": true}, ""hurdle_excess"": {""value"": 0.2649657910097344, ""threshold"": 0.0, ""passed"": true}, ""min_support_actual"": {""value"": 564, ""threshold"": 50, ""passed"": true}, ""is_structurally_sound"": {""value"": false, ""passed"": false}, ""trade_path_quality_score"": {""value"": 0.0, ""threshold"": 0.0, ""passed"": true}}, ""failures"": [""structural_soundness_fail: ""], ""warnings"": [], ""classification"": ""research""}",2.8725851868279277,19.2,4.792585186827928,production,False,False,0.1
(*)|(*)|(reg_atr_change_rate_ts_band20_80==1&reg_atr_change_rate_ts_top50==1&reg_atr_change_rate_ts_top70==1&reg_ema20_gt_ema50_raw==0),*,*,reg_atr_change_rate_ts_band20_80==1&reg_atr_change_rate_ts_top50==1&reg_atr_change_rate_ts_top70==1&reg_ema20_gt_ema50_raw==0,0.26505593458811444,0.26505593458811444,0.021667486084290092,0.15751377244790396,0.08736942070275404,0.006807202635311462,1.0,1.0,0.5942947702060222,564,,,-0.003411224026684154,-0.019301379583927906,-0.011941421058728406,0.008213833014537472,,0.3333333333333333,0.038893846329773135,1.8317428572075616,1.0,-0.031874243042116356,0.030265660618675475,4.238856620313694,0.0024005085188170826,0.03044017489590544,0.0,12.0,0.0015632447769971,0.0015632447769971,9.014357838004562e-05,0.2649657910097344,3,1,1,4,4,stage_a_context,,long,4-way,True,,production,0.038893846329773135,0.030265660618675475,-0.11190138534689471,1.0,primary_target,0,rejected,research,"{""checks"": {""n_folds"": {""value"": 3, ""threshold"": 3, ""passed"": true}, ""presence_freq"": {""value"": 1.0, ""threshold"": 0.75, ""passed"": true}, ""directional_mean_ret"": {""value"": 0.26505593458811444, ""threshold"": 0.0, ""passed"": true}, ""hurdle_excess"": {""value"": 0.2649657910097344, ""threshold"": 0.0, ""passed"": true}, ""min_support_actual"": {""value"": 564, ""threshold"": 50, ""passed"": true}, ""is_structurally_sound"": {""value"": false, ""passed"": false}, ""trade_path_quality_score"": {""value"": 0.0, ""threshold"": 0.0, ""passed"": true}}, ""failures"": [""structural_soundness_fail: ""], ""warnings"": [], ""classification"": ""research""}",3.8537404839880764,19.25,5.778740483988076,production,False,False,0.1
(*)|(loc_dist_ema20_atr_ts_top80==0)|(reg_atr_change_rate_ts_band30_70==0&reg_atr_change_rate_ts_top20==1&reg_atr_change_rate_ts_top30==1&reg_ema20_gt_ema50_raw==0),*,loc_dist_ema20_atr_ts_top80==0,reg_atr_change_rate_ts_band30_70==0&reg_atr_change_rate_ts_top20==1&reg_atr_change_rate_ts_top30==1&reg_ema20_gt_ema50_raw==0,0.26505593458811444,0.26505593458811444,0.021667486084290092,0.15751377244790396,0.08736942070275404,0.006807202635311462,1.0,1.0,0.5942947702060222,564,,,-0.003411224026684154,-0.019301379583927906,-0.011941421058728406,0.008213833014537472,,0.3333333333333333,0.038893846329773135,1.8317428572075616,1.0,-0.031874243042116356,0.030265660618675475,4.238856620313694,0.0024005085188170826,0.03044017489590544,0.0,12.0,0.0015632447769971,0.0015632447769971,9.014357838004562e-05,0.2649657910097344,3,1,1,5,5,stage_a_context,,long,5-way,True,,production,0.038893846329773135,0.030265660618675475,-0.11190138534689471,1.0,primary_target,0,rejected,research,"{""checks"": {""n_folds"": {""value"": 3, ""threshold"": 3, ""passed"": true}, ""presence_freq"": {""value"": 1.0, ""threshold"": 0.75, ""passed"": true}, ""directional_mean_ret"": {""value"": 0.26505593458811444, ""threshold"": 0.0, ""passed"": true}, ""hurdle_excess"": {""value"": 0.2649657910097344, ""threshold"": 0.0, ""passed"": true}, ""min_support_actual"": {""value"": 564, ""threshold"": 50, ""passed"": true}, ""is_structurally_sound"": {""value"": false, ""passed"": false}, ""trade_path_quality_score"": {""value"": 0.0, ""threshold"": 0.0, ""passed"": true}}, ""failures"": [""structural_soundness_fail: ""], ""warnings"": [], ""classification"": ""research""}",3.9053227021358907,31.0,7.00532270213589,production,False,False,0.1
(*)|(loc_dist_ema20_atr_ts_top70==1)|(reg_atr_change_rate_ts_top50==1&reg_atr_change_rate_ts_top80==0&reg_ema50_gt_ema200_raw==0),*,loc_dist_ema20_atr_ts_top70==1,reg_atr_change_rate_ts_top50==1&reg_atr_change_rate_ts_top80==0&reg_ema50_gt_ema200_raw==0,0.26505593458811444,0.26505593458811444,0.021667486084290092,0.15751377244790396,0.08736942070275404,0.006807202635311462,1.0,1.0,0.5942947702060222,564,,,-0.003411224026684154,-0.019301379583927906,-0.011941421058728406,0.008213833014537472,,0.3333333333333333,0.038893846329773135,1.8317428572075616,1.0,-0.031874243042116356,0.030265660618675475,4.238856620313694,0.0024005085188170826,0.03044017489590544,0.0,12.0,0.0015632447769971,0.0015632447769971,9.014357838004562e-05,0.2649657910097344,3,1,1,4,4,stage_a_context,,long,4-way,True,,production,0.038893846329773135,0.030265660618675475,-0.11190138534689471,1.0,primary_target,0,rejected,research,"{""checks"": {""n_folds"": {""value"": 3, ""threshold"": 3, ""passed"": true}, ""presence_freq"": {""value"": 1.0, ""threshold"": 0.75, ""passed"": true}, ""directional_mean_ret"": {""value"": 0.26505593458811444, ""threshold"": 0.0, ""passed"": true}, ""hurdle_excess"": {""value"": 0.2649657910097344, ""threshold"": 0.0, ""passed"": true}, ""min_support_actual"": {""value"": 564, ""threshold"": 50, ""passed"": true}, ""is_structurally_sound"": {""value"": false, ""passed"": false}, ""trade_path_quality_score"": {""value"": 0.0, ""threshold"": 0.0, ""passed"": true}}, ""failures"": [""structural_soundness_fail: ""], ""warnings"": [], ""classification"": ""research""}",3.926863326691091,14.75,5.401863326691091,production,False,False,0.1
(*)|(*)|(reg_atr_change_rate_ts_band30_70==0&reg_atr_change_rate_ts_top60==1&reg_atr_change_rate_ts_top80==0),*,*,reg_atr_change_rate_ts_band30_70==0&reg_atr_change_rate_ts_top60==1&reg_atr_change_rate_ts_top80==0,0.2647668272256851,0.2647668272256851,0.015316876456265786,0.15984733899434408,0.10916429249762583,0.006313325744804636,1.0,1.0,0.6146131805157593,734,,,-0.006018834318414722,-0.014950866732899585,-0.012617176795839189,-0.0003859731426420921,,0.3333333333333333,-0.0007322196850397424,-0.012845328339415799,0.6666666666666666,-0.016998377640447208,-0.0028563012570928955,-13.176524117000767,0.02752199675011061,0.002856775679309295,0.0,12.0,0.0005412685616088896,0.0005412685616088896,7.002939448994371e-05,0.26469679783119515,3,1,1,3,3,stage_a_context,,long,3-way,True,,production,-0.0007322196850397424,-0.0028563012570928955,-0.08192960586886411,1.0,primary_target,0,ranking,research,"{""checks"": {""n_folds"": {""value"": 3, ""threshold"": 3, ""passed"": true}, ""presence_freq"": {""value"": 1.0, ""threshold"": 0.75, ""passed"": true}, ""directional_mean_ret"": {""value"": 0.2647668272256851, ""threshold"": 0.0, ""passed"": true}, ""hurdle_excess"": {""value"": 0.26469679783119515, ""threshold"": 0.0, ""passed"": true}, ""min_support_actual"": {""value"": 734, ""threshold"": 50, ""passed"": true}, ""is_structurally_sound"": {""value"": false, ""passed"": false}, ""trade_path_quality_score"": {""value"": 0.0, ""threshold"": 0.0, ""passed"": true}}, ""failures"": [""structural_soundness_fail: ""], ""warnings"": [], ""classification"": ""research""}",2.4246936828518906,31.666666666666668,5.591360349518558,production,False,False,0.3
(*)|(*)|(reg_atr_change_rate_ts_band30_70==1&reg_atr_change_rate_ts_top60==1&reg_atr_change_rate_ts_top80==0),*,*,reg_atr_change_rate_ts_band30_70==1&reg_atr_change_rate_ts_top60==1&reg_atr_change_rate_ts_top80==0,0.26425307989120483,0.26425307989120483,0.011505806926454285,0.15745950738588968,0.10655270655270654,0.022435784379943976,1.0,1.0,0.5958702064896755,596,,,-0.005951899246976949,-0.008986580261220092,-0.0011178257900459091,-0.0005001815042682848,,0.3333333333333333,,,,-0.14272012782003765,,,,0.03623904116624627,0.0,12.0,0.001692985947486851,0.001692985947486851,7.001502828710806e-05,0.2641830648629177,3,1,1,3,3,stage_a_context,,long,3-way,True,,production,,,-0.034834594722376856,1.0,primary_target,0,rejected,research,"{""checks"": {""n_folds"": {""value"": 3, ""threshold"": 3, ""passed"": true}, ""presence_freq"": {""value"": 1.0, ""threshold"": 0.75, ""passed"": true}, ""directional_mean_ret"": {""value"": 0.26425307989120483, ""threshold"": 0.0, ""passed"": true}, ""hurdle_excess"": {""value"": 0.2641830648629177, ""threshold"": 0.0, ""passed"": true}, ""min_support_actual"": {""value"": 596, ""threshold"": 50, ""passed"": true}, ""is_structurally_sound"": {""value"": false, ""passed"": false}, ""trade_path_quality_score"": {""value"": 0.0, ""threshold"": 0.0, ""passed"": true}}, ""failures"": [""structural_soundness_fail: ""], ""warnings"": [], ""classification"": ""research""}",2.4246936828518906,31.666666666666668,5.591360349518558,production,False,False,0.3
(*)|(*)|(reg_atr_change_rate_ts_band25_75==1&reg_atr_change_rate_ts_band30_70==1&reg_atr_change_rate_ts_top60==1),*,*,reg_atr_change_rate_ts_band25_75==1&reg_atr_change_rate_ts_band30_70==1&reg_atr_change_rate_ts_top60==1,0.26425307989120483,0.26425307989120483,0.011505806926454285,0.15745950738588968,0.10655270655270654,0.022435784379943976,1.0,1.0,0.5958702064896755,596,,,-0.005951899246976949,-0.008986580261220092,-0.0011178257900459091,-0.0005001815042682848,,0.3333333333333333,,,,-0.14272012782003765,,,,0.03623904116624627,0.0,12.0,0.001692985947486851,0.001692985947486851,7.001502828710806e-05,0.2641830648629177,3,1,1,3,3,stage_a_context,,long,3-way,True,,production,,,-0.034834594722376856,1.0,primary_target,0,rejected,research,"{""checks"": {""n_folds"": {""value"": 3, ""threshold"": 3, ""passed"": true}, ""presence_freq"": {""value"": 1.0, ""threshold"": 0.75, ""passed"": true}, ""directional_mean_ret"": {""value"": 0.26425307989120483, ""threshold"": 0.0, ""passed"": true}, ""hurdle_excess"": {""value"": 0.2641830648629177, ""threshold"": 0.0, ""passed"": true}, ""min_support_actual"": {""value"": 596, ""threshold"": 50, ""passed"": true}, ""is_structurally_sound"": {""value"": false, ""passed"": false}, ""trade_path_quality_score"": {""value"": 0.0, ""threshold"": 0.0, ""passed"": true}}, ""failures"": [""structural_soundness_fail: ""], ""warnings"": [], ""classification"": ""research""}",2.7590182630034783,29.333333333333332,5.692351596336811,production,False,False,0.3
(*)|(*)|(reg_atr_change_rate_ts_band25_75==1&reg_atr_change_rate_ts_top60==1&reg_atr_change_rate_ts_top70==0),*,*,reg_atr_change_rate_ts_band25_75==1&reg_atr_change_rate_ts_top60==1&reg_atr_change_rate_ts_top70==0,0.26425307989120483,0.26425307989120483,0.011505806926454285,0.15745950738588968,0.10655270655270654,0.022435784379943976,1.0,1.0,0.5958702064896755,596,,,-0.005951899246976949,-0.008986580261220092,-0.0011178257900459091,-0.0005001815042682848,,0.3333333333333333,,,,-0.14272012782003765,,,,0.03623904116624627,0.0,12.0,0.001692985947486851,0.001692985947486851,7.001502828710806e-05,0.2641830648629177,3,1,1,3,3,stage_a_context,,long,3-way,True,,production,,,-0.034834594722376856,1.0,primary_target,0,rejected,research,"{""checks"": {""n_folds"": {""value"": 3, ""threshold"": 3, ""passed"": true}, ""presence_freq"": {""value"": 1.0, ""threshold"": 0.75, ""passed"": true}, ""directional_mean_ret"": {""value"": 0.26425307989120483, ""threshold"": 0.0, ""passed"": true}, ""hurdle_excess"": {""value"": 0.2641830648629177, ""threshold"": 0.0, ""passed"": true}, ""min_support_actual"": {""value"": 596, ""threshold"": 50, ""passed"": true}, ""is_structurally_sound"": {""value"": false, ""passed"": false}, ""trade_path_quality_score"": {""value"": 0.0, ""threshold"": 0.0, ""passed"": true}}, ""failures"": [""structural_soundness_fail: ""], ""warnings"": [], ""classification"": ""research""}",2.725550537618498,27.333333333333332,5.458883870951832,production,False,False,0.3
(*)|(*)|(reg_atr_change_rate_ts_band30_70==1&reg_atr_change_rate_ts_top50==1&reg_atr_change_rate_ts_top60==1),*,*,reg_atr_change_rate_ts_band30_70==1&reg_atr_change_rate_ts_top50==1&reg_atr_change_rate_ts_top60==1,0.26425307989120483,0.26425307989120483,0.011505806926454285,0.15745950738588968,0.10655270655270654,0.022435784379943976,1.0,1.0,0.5958702064896755,596,,,-0.005951899246976949,-0.008986580261220092,-0.0011178257900459091,-0.0005001815042682848,,0.3333333333333333,,,,-0.14272012782003765,,,,0.03623904116624627,0.0,12.0,0.001692985947486851,0.001692985947486851,7.001502828710806e-05,0.2641830648629177,3,1,1,3,3,stage_a_context,,long,3-way,True,,production,,,-0.034834594722376856,1.0,primary_target,0,rejected,research,"{""checks"": {""n_folds"": {""value"": 3, ""threshold"": 3, ""passed"": true}, ""presence_freq"": {""value"": 1.0, ""threshold"": 0.75, ""passed"": true}, ""directional_mean_ret"": {""value"": 0.26425307989120483, ""threshold"": 0.0, ""passed"": true}, ""hurdle_excess"": {""value"": 0.2641830648629177, ""threshold"": 0.0, ""passed"": true}, ""min_support_actual"": {""value"": 596, ""threshold"": 50, ""passed"": true}, ""is_structurally_sound"": {""value"": false, ""passed"": false}, ""trade_path_quality_score"": {""value"": 0.0, ""threshold"": 0.0, ""passed"": true}}, ""failures"": [""structural_soundness_fail: ""], ""warnings"": [], ""classification"": ""research""}",2.364946509556224,25.333333333333332,4.898279842889558,production,False,False,0.3
(*)|(*)|(reg_atr_change_rate_ts_band30_70==1&reg_atr_change_rate_ts_top60==1&reg_atr_change_rate_ts_top80==0&reg_ema20_gt_ema50_raw==0),*,*,reg_atr_change_rate_ts_band30_70==1&reg_atr_change_rate_ts_top60==1&reg_atr_change_rate_ts_top80==0&reg_ema20_gt_ema50_raw==0,0.26425307989120483,0.26425307989120483,0.011505806926454285,0.15745950738588968,0.10655270655270654,0.022435784379943976,1.0,1.0,0.5958702064896755,596,,,-0.005951899246976949,-0.008986580261220092,-0.0011178257900459091,-0.0005001815042682848,,0.3333333333333333,,,,-0.14272012782003765,,,,0.03623904116624627,0.0,12.0,0.001692985947486851,0.001692985947486851,9.001932208342466e-05,0.2641630605691214,3,1,1,4,4,stage_a_context,,long,4-way,True,,production,,,-0.034834594722376856,1.0,primary_target,0,rejected,research,"{""checks"": {""n_folds"": {""value"": 3, ""threshold"": 3, ""passed"": true}, ""presence_freq"": {""value"": 1.0, ""threshold"": 0.75, ""passed"": true}, ""directional_mean_ret"": {""value"": 0.26425307989120483, ""threshold"": 0.0, ""passed"": true}, ""hurdle_excess"": {""value"": 0.2641630605691214, ""threshold"": 0.0, ""passed"": true}, ""min_support_actual"": {""value"": 596, ""threshold"": 50, ""passed"": true}, ""is_structurally_sound"": {""value"": false, ""passed"": false}, ""trade_path_quality_score"": {""value"": 0.0, ""threshold"": 0.0, ""passed"": true}}, ""failures"": [""structural_soundness_fail: ""], ""warnings"": [], ""classification"": ""research""}",4.94132578081917,18.75,6.81632578081917,production,False,False,0.1
(*)|(*)|(reg_atr_change_rate_ts_band25_75==1&reg_atr_change_rate_ts_top50==1&reg_atr_change_rate_ts_top60==1&reg_atr_change_rate_ts_top70==0&reg_ema20_gt_ema50_raw==0),*,*,reg_atr_change_rate_ts_band25_75==1&reg_atr_change_rate_ts_top50==1&reg_atr_change_rate_ts_top60==1&reg_atr_change_rate_ts_top70==0&reg_ema20_gt_ema50_raw==0,0.26425307989120483,0.26425307989120483,0.011505806926454285,0.15745950738588968,0.10655270655270654,0.022435784379943976,1.0,1.0,0.5958702064896755,596,,,-0.005951899246976949,-0.008986580261220092,-0.0011178257900459091,-0.0005001815042682848,,0.3333333333333333,,,,-0.14272012782003765,,,,0.03623904116624627,0.0,12.0,0.001692985947486851,0.001692985947486851,9.001932208342466e-05,0.2641630605691214,3,1,1,5,5,stage_a_context,,long,5-way,True,,production,,,-0.034834594722376856,1.0,primary_target,0,rejected,research,"{""checks"": {""n_folds"": {""value"": 3, ""threshold"": 3, ""passed"": true}, ""presence_freq"": {""value"": 1.0, ""threshold"": 0.75, ""passed"": true}, ""directional_mean_ret"": {""value"": 0.26425307989120483, ""threshold"": 0.0, ""passed"": true}, ""hurdle_excess"": {""value"": 0.2641630605691214, ""threshold"": 0.0, ""passed"": true}, ""min_support_actual"": {""value"": 596, ""threshold"": 50, ""passed"": true}, ""is_structurally_sound"": {""value"": false, ""passed"": false}, ""trade_path_quality_score"": {""value"": 0.0, ""threshold"": 0.0, ""passed"": true}}, ""failures"": [""structural_soundness_fail: ""], ""warnings"": [], ""classification"": ""research""}",3.57732890881598,30.6,6.637328908815981,production,False,False,0.1
(*)|(loc_dist_ema20_atr_ts_top70==0)|(reg_atr_change_rate_ts_top50==1&reg_atr_change_rate_ts_top60==1&reg_ema20_gt_ema50_raw==0),*,loc_dist_ema20_atr_ts_top70==0,reg_atr_change_rate_ts_top50==1&reg_atr_change_rate_ts_top60==1&reg_ema20_gt_ema50_raw==0,0.26425307989120483,0.26425307989120483,0.011505806926454285,0.15745950738588968,0.10655270655270654,0.022435784379943976,1.0,1.0,0.5958702064896755,596,,,-0.005951899246976949,-0.008986580261220092,-0.0011178257900459091,-0.0005001815042682848,,0.3333333333333333,,,,-0.14272012782003765,,,,0.03623904116624627,0.0,12.0,0.001692985947486851,0.001692985947486851,9.001932208342466e-05,0.2641630605691214,3,1,1,4,4,stage_a_context,,long,4-way,True,,production,,,-0.034834594722376856,1.0,primary_target,0,rejected,research,"{""checks"": {""n_folds"": {""value"": 3, ""threshold"": 3, ""passed"": true}, ""presence_freq"": {""value"": 1.0, ""threshold"": 0.75, ""passed"": true}, ""directional_mean_ret"": {""value"": 0.26425307989120483, ""threshold"": 0.0, ""passed"": true}, ""hurdle_excess"": {""value"": 0.2641630605691214, ""threshold"": 0.0, ""passed"": true}, ""min_support_actual"": {""value"": 596, ""threshold"": 50, ""passed"": true}, ""is_structurally_sound"": {""value"": false, ""passed"": false}, ""trade_path_quality_score"": {""value"": 0.0, ""threshold"": 0.0, ""passed"": true}}, ""failures"": [""structural_soundness_fail: ""], ""warnings"": [], ""classification"": ""research""}",3.0616781113203615,17.0,4.761678111320362,production,False,False,0.1
(*)|(*)|(reg_atr_change_rate_ts_top20==1&reg_atr_change_rate_ts_top50==1&reg_atr_change_rate_ts_top60==1&reg_atr_change_rate_ts_top70==0&reg_ema20_gt_ema50_raw==0),*,*,reg_atr_change_rate_ts_top20==1&reg_atr_change_rate_ts_top50==1&reg_atr_change_rate_ts_top60==1&reg_atr_change_rate_ts_top70==0&reg_ema20_gt_ema50_raw==0,0.26425307989120483,0.26425307989120483,0.011505806926454285,0.15745950738588968,0.10655270655270654,0.022435784379943976,1.0,1.0,0.5958702064896755,596,,,-0.005951899246976949,-0.008986580261220092,-0.0011178257900459091,-0.0005001815042682848,,0.3333333333333333,,,,-0.14272012782003765,,,,0.03623904116624627,0.0,12.0,0.001692985947486851,0.001692985947486851,9.001932208342466e-05,0.2641630605691214,3,1,1,5,5,stage_a_context,,long,5-way,True,,production,,,-0.034834594722376856,1.0,primary_target,0,rejected,research,"{""checks"": {""n_folds"": {""value"": 3, ""threshold"": 3, ""passed"": true}, ""presence_freq"": {""value"": 1.0, ""threshold"": 0.75, ""passed"": true}, ""directional_mean_ret"": {""value"": 0.26425307989120483, ""threshold"": 0.0, ""passed"": true}, ""hurdle_excess"": {""value"": 0.2641630605691214, ""threshold"": 0.0, ""passed"": true}, ""min_support_actual"": {""value"": 596, ""threshold"": 50, ""passed"": true}, ""is_structurally_sound"": {""value"": false, ""passed"": false}, ""trade_path_quality_score"": {""value"": 0.0, ""threshold"": 0.0, ""passed"": true}}, ""failures"": [""structural_soundness_fail: ""], ""warnings"": [], ""classification"": ""research""}",2.9999718835577367,17.2,4.7199718835577364,production,False,False,0.1
(*)|(*)|(reg_atr_change_rate_ts_band25_75==1&reg_atr_change_rate_ts_top50==1&reg_atr_change_rate_ts_top60==1&reg_atr_change_rate_ts_top70==0&reg_atr_change_rate_ts_top80==0&reg_ema20_gt_ema50_raw==0),*,*,reg_atr_change_rate_ts_band25_75==1&reg_atr_change_rate_ts_top50==1&reg_atr_change_rate_ts_top60==1&reg_atr_change_rate_ts_top70==0&reg_atr_change_rate_ts_top80==0&reg_ema20_gt_ema50_raw==0,0.26425307989120483,0.26425307989120483,0.011505806926454285,0.15745950738588968,0.10655270655270654,0.022435784379943976,1.0,1.0,0.5958702064896755,596,,,-0.005951899246976949,-0.008986580261220092,-0.0011178257900459091,-0.0005001815042682848,,0.3333333333333333,,,,-0.14272012782003765,,,,0.03623904116624627,0.0,12.0,0.001692985947486851,0.001692985947486851,9.001932208342466e-05,0.2641630605691214,3,1,1,6,6,stage_a_context,,long,6-way,True,,production,,,-0.034834594722376856,1.0,primary_target,0,rejected,research,"{""checks"": {""n_folds"": {""value"": 3, ""threshold"": 3, ""passed"": true}, ""presence_freq"": {""value"": 1.0, ""threshold"": 0.75, ""passed"": true}, ""directional_mean_ret"": {""value"": 0.26425307989120483, ""threshold"": 0.0, ""passed"": true}, ""hurdle_excess"": {""value"": 0.2641630605691214, ""threshold"": 0.0, ""passed"": true}, ""min_support_actual"": {""value"": 596, ""threshold"": 50, ""passed"": true}, ""is_structurally_sound"": {""value"": false, ""passed"": false}, ""trade_path_quality_score"": {""value"": 0.0, ""threshold"": 0.0, ""passed"": true}}, ""failures"": [""structural_soundness_fail: ""], ""warnings"": [], ""classification"": ""research""}",3.647299124316002,33.333333333333336,6.980632457649335,production,False,False,0.1
(*)|(*)|(reg_atr_change_rate_ts_band30_70==1&reg_atr_change_rate_ts_band40_60==0&reg_atr_change_rate_ts_top20==1&reg_atr_change_rate_ts_top40==1),*,*,reg_atr_change_rate_ts_band30_70==1&reg_atr_change_rate_ts_band40_60==0&reg_atr_change_rate_ts_top20==1&reg_atr_change_rate_ts_top40==1,0.26425307989120483,0.26425307989120483,0.011505806926454285,0.15745950738588968,0.10655270655270654,0.022435784379943976,1.0,1.0,0.5958702064896755,596,,,-0.005951899246976949,-0.008986580261220092,-0.0011178257900459091,-0.0005001815042682848,,0.3333333333333333,,,,-0.14272012782003765,,,,0.03623904116624627,0.0,12.0,0.001692985947486851,0.001692985947486851,9.001932208342466e-05,0.2641630605691214,3,1,1,4,4,stage_a_context,,long,4-way,True,,production,,,-0.034834594722376856,1.0,primary_target,0,rejected,research,"{""checks"": {""n_folds"": {""value"": 3, ""threshold"": 3, ""passed"": true}, ""presence_freq"": {""value"": 1.0, ""threshold"": 0.75, ""passed"": true}, ""directional_mean_ret"": {""value"": 0.26425307989120483, ""threshold"": 0.0, ""passed"": true}, ""hurdle_excess"": {""value"": 0.2641630605691214, ""threshold"": 0.0, ""passed"": true}, ""min_support_actual"": {""value"": 596, ""threshold"": 50, ""passed"": true}, ""is_structurally_sound"": {""value"": false, ""passed"": false}, ""trade_path_quality_score"": {""value"": 0.0, ""threshold"": 0.0, ""passed"": true}}, ""failures"": [""structural_soundness_fail: ""], ""warnings"": [], ""classification"": ""research""}",3.3093117779353634,26.5,5.959311777935364,production,False,False,0.1
(*)|(*)|(reg_atr_change_rate_ts_top50==1&reg_atr_change_rate_ts_top60==1&reg_atr_change_rate_ts_top70==0&reg_atr_change_rate_ts_top80==0&reg_ema20_gt_ema50_raw==0),*,*,reg_atr_change_rate_ts_top50==1&reg_atr_change_rate_ts_top60==1&reg_atr_change_rate_ts_top70==0&reg_atr_change_rate_ts_top80==0&reg_ema20_gt_ema50_raw==0,0.26425307989120483,0.26425307989120483,0.011505806926454285,0.15745950738588968,0.10655270655270654,0.022435784379943976,1.0,1.0,0.5958702064896755,596,,,-0.005951899246976949,-0.008986580261220092,-0.0011178257900459091,-0.0005001815042682848,,0.3333333333333333,,,,-0.14272012782003765,,,,0.03623904116624627,0.0,12.0,0.001692985947486851,0.001692985947486851,9.001932208342466e-05,0.2641630605691214,3,1,1,5,5,stage_a_context,,long,5-way,True,,production,,,-0.034834594722376856,1.0,primary_target,0,rejected,research,"{""checks"": {""n_folds"": {""value"": 3, ""threshold"": 3, ""passed"": true}, ""presence_freq"": {""value"": 1.0, ""threshold"": 0.75, ""passed"": true}, ""directional_mean_ret"": {""value"": 0.26425307989120483, ""threshold"": 0.0, ""passed"": true}, ""hurdle_excess"": {""value"": 0.2641630605691214, ""threshold"": 0.0, ""passed"": true}, ""min_support_actual"": {""value"": 596, ""threshold"": 50, ""passed"": true}, ""is_structurally_sound"": {""value"": false, ""passed"": false}, ""trade_path_quality_score"": {""value"": 0.0, ""threshold"": 0.0, ""passed"": true}}, ""failures"": [""structural_soundness_fail: ""], ""warnings"": [], ""classification"": ""research""}",4.828003721497953,20.0,6.828003721497953,production,False,False,0.1
(*)|(loc_dist_ema20_atr_ts_band30_70==1)|(reg_atr_change_rate_ts_top60==1&reg_atr_change_rate_ts_top80==0&reg_ema20_gt_ema50_raw==0),*,loc_dist_ema20_atr_ts_band30_70==1,reg_atr_change_rate_ts_top60==1&reg_atr_change_rate_ts_top80==0&reg_ema20_gt_ema50_raw==0,0.26425307989120483,0.26425307989120483,0.011505806926454285,0.15745950738588968,0.10655270655270654,0.022435784379943976,1.0,1.0,0.5958702064896755,596,,,-0.005951899246976949,-0.008986580261220092,-0.0011178257900459091,-0.0005001815042682848,,0.3333333333333333,,,,-0.14272012782003765,,,,0.03623904116624627,0.0,12.0,0.001692985947486851,0.001692985947486851,9.001932208342466e-05,0.2641630605691214,3,1,1,4,4,stage_a_context,,long,4-way,True,,production,,,-0.034834594722376856,1.0,primary_target,0,rejected,research,"{""checks"": {""n_folds"": {""value"": 3, ""threshold"": 3, ""passed"": true}, ""presence_freq"": {""value"": 1.0, ""threshold"": 0.75, ""passed"": true}, ""directional_mean_ret"": {""value"": 0.26425307989120483, ""threshold"": 0.0, ""passed"": true}, ""hurdle_excess"": {""value"": 0.2641630605691214, ""threshold"": 0.0, ""passed"": true}, ""min_support_actual"": {""value"": 596, ""threshold"": 50, ""passed"": true}, ""is_structurally_sound"": {""value"": false, ""passed"": false}, ""trade_path_quality_score"": {""value"": 0.0, ""threshold"": 0.0, ""passed"": true}}, ""failures"": [""structural_soundness_fail: ""], ""warnings"": [], ""classification"": ""research""}",4.861157741164789,17.25,6.586157741164788,production,False,False,0.1
(*)|(loc_dist_ema20_atr_ts_top60==1)|(reg_atr_change_rate_ts_band30_70==1&reg_atr_change_rate_ts_top20==1&reg_atr_change_rate_ts_top40==1),*,loc_dist_ema20_atr_ts_top60==1,reg_atr_change_rate_ts_band30_70==1&reg_atr_change_rate_ts_top20==1&reg_atr_change_rate_ts_top40==1,0.26425307989120483,0.26425307989120483,0.011505806926454285,0.15745950738588968,0.10655270655270654,0.022435784379943976,1.0,1.0,0.5958702064896755,596,,,-0.005951899246976949,-0.008986580261220092,-0.0011178257900459091,-0.0005001815042682848,,0.3333333333333333,,,,-0.14272012782003765,,,,0.03623904116624627,0.0,12.0,0.001692985947486851,0.001692985947486851,9.001932208342466e-05,0.2641630605691214,3,1,1,4,4,stage_a_context,,long,4-way,True,,production,,,-0.034834594722376856,1.0,primary_target,0,rejected,research,"{""checks"": {""n_folds"": {""value"": 3, ""threshold"": 3, ""passed"": true}, ""presence_freq"": {""value"": 1.0, ""threshold"": 0.75, ""passed"": true}, ""directional_mean_ret"": {""value"": 0.26425307989120483, ""threshold"": 0.0, ""passed"": true}, ""hurdle_excess"": {""value"": 0.2641630605691214, ""threshold"": 0.0, ""passed"": true}, ""min_support_actual"": {""value"": 596, ""threshold"": 50, ""passed"": true}, ""is_structurally_sound"": {""value"": false, ""passed"": false}, ""trade_path_quality_score"": {""value"": 0.0, ""threshold"": 0.0, ""passed"": true}}, ""failures"": [""structural_soundness_fail: ""], ""warnings"": [], ""classification"": ""research""}",2.8055792012019083,20.5,4.855579201201909,production,False,False,0.1
(*)|(*)|(reg_atr_change_rate_ts_band30_70==1&reg_atr_change_rate_ts_top20==1&reg_atr_change_rate_ts_top60==1&reg_atr_change_rate_ts_top80==0&reg_ema20_gt_ema50_raw==0),*,*,reg_atr_change_rate_ts_band30_70==1&reg_atr_change_rate_ts_top20==1&reg_atr_change_rate_ts_top60==1&reg_atr_change_rate_ts_top80==0&reg_ema20_gt_ema50_raw==0,0.26425307989120483,0.26425307989120483,0.011505806926454285,0.15745950738588968,0.10655270655270654,0.022435784379943976,1.0,1.0,0.5958702064896755,596,,,-0.005951899246976949,-0.008986580261220092,-0.0011178257900459091,-0.0005001815042682848,,0.3333333333333333,,,,-0.14272012782003765,,,,0.03623904116624627,0.0,12.0,0.001692985947486851,0.001692985947486851,9.001932208342466e-05,0.2641630605691214,3,1,1,5,5,stage_a_context,,long,5-way,True,,production,,,-0.034834594722376856,1.0,primary_target,0,rejected,research,"{""checks"": {""n_folds"": {""value"": 3, ""threshold"": 3, ""passed"": true}, ""presence_freq"": {""value"": 1.0, ""threshold"": 0.75, ""passed"": true}, ""directional_mean_ret"": {""value"": 0.26425307989120483, ""threshold"": 0.0, ""passed"": true}, ""hurdle_excess"": {""value"": 0.2641630605691214, ""threshold"": 0.0, ""passed"": true}, ""min_support_actual"": {""value"": 596, ""threshold"": 50, ""passed"": true}, ""is_structurally_sound"": {""value"": false, ""passed"": false}, ""trade_path_quality_score"": {""value"": 0.0, ""threshold"": 0.0, ""passed"": true}}, ""failures"": [""structural_soundness_fail: ""], ""warnings"": [], ""classification"": ""research""}",4.220660511218012,35.2,7.740660511218012,production,False,False,0.1
(*)|(*)|(reg_atr_change_rate_ts_top60==1&reg_atr_change_rate_ts_top80==0&reg_ema20_gt_ema50_raw==0),*,*,reg_atr_change_rate_ts_top60==1&reg_atr_change_rate_ts_top80==0&reg_ema20_gt_ema50_raw==0,0.2642279615004857,0.2642279615004857,0.013870951279788267,0.15767963230609894,0.19392212725546057,0.016893543242233404,1.0,1.0,0.5867269984917044,1274,,,-0.007486110134053078,-0.014101687064391195,-0.009270687071970691,-0.0017628216726737669,,0.3333333333333333,-0.006311991189964939,-0.18018500723400804,0.6666666666666666,-0.012605816855598681,-0.008436072762018092,-8.661491977634894,0.2653697853052764,0.0024697565346964477,0.0,12.0,0.00044121094338222676,0.00044121094338222676,7.308747809586681e-05,0.26415487402238985,3,1,1,3,3,stage_a_context,,long,3-way,True,,production,-0.006311991189964939,-0.008436072762018092,-0.012157405949339672,0.26077872744539443,primary_target,0,rejected,research,"{""checks"": {""n_folds"": {""value"": 3, ""threshold"": 3, ""passed"": true}, ""presence_freq"": {""value"": 1.0, ""threshold"": 0.75, ""passed"": true}, ""directional_mean_ret"": {""value"": 0.2642279615004857, ""threshold"": 0.0, ""passed"": true}, ""hurdle_excess"": {""value"": 0.26415487402238985, ""threshold"": 0.0, ""passed"": true}, ""min_support_actual"": {""value"": 1274, ""threshold"": 50, ""passed"": true}, ""is_structurally_sound"": {""value"": false, ""passed"": false}, ""trade_path_quality_score"": {""value"": 0.0, ""threshold"": 0.0, ""passed"": true}}, ""failures"": [""structural_soundness_fail: ""], ""warnings"": [], ""classification"": ""research""}",3.933581197168678,39.0,7.833581197168678,production,False,False,0.3
(*)|(loc_dist_ema20_atr_ts_top80==0)|(reg_atr_change_rate_ts_top60==1&reg_ema20_gt_ema50_raw==0),*,loc_dist_ema20_atr_ts_top80==0,reg_atr_change_rate_ts_top60==1&reg_ema20_gt_ema50_raw==0,0.2642279615004857,0.2642279615004857,0.013870951279788267,0.15767963230609894,0.19392212725546057,0.016893543242233404,1.0,1.0,0.5867269984917044,1274,,,-0.007486110134053078,-0.014101687064391195,-0.009270687071970691,-0.0017628216726737669,,0.3333333333333333,-0.006311991189964939,-0.18018500723400804,0.6666666666666666,-0.012605816855598681,-0.008436072762018092,-8.661491977634894,0.2653697853052764,0.0024697565346964477,0.0,12.0,0.00044121094338222676,0.00044121094338222676,7.308747809586681e-05,0.26415487402238985,3,2,2,3,3,stage_a_context,,long,3-way,True,,production,-0.006311991189964939,-0.008436072762018092,-0.012157405949339672,0.26077872744539443,primary_target,0,rejected,research,"{""checks"": {""n_folds"": {""value"": 3, ""threshold"": 3, ""passed"": true}, ""presence_freq"": {""value"": 1.0, ""threshold"": 0.75, ""passed"": true}, ""directional_mean_ret"": {""value"": 0.2642279615004857, ""threshold"": 0.0, ""passed"": true}, ""hurdle_excess"": {""value"": 0.26415487402238985, ""threshold"": 0.0, ""passed"": true}, ""min_support_actual"": {""value"": 1274, ""threshold"": 50, ""passed"": true}, ""is_structurally_sound"": {""value"": false, ""passed"": false}, ""trade_path_quality_score"": {""value"": 0.0, ""threshold"": 0.0, ""passed"": true}}, ""failures"": [""structural_soundness_fail: ""], ""warnings"": [], ""classification"": ""research""}",3.2091409166653952,29.0,6.109140916665396,production,False,False,0.3
(*)|(loc_dist_ema20_atr_ts_top80==0)|(reg_atr_change_rate_ts_band40_60==0&reg_atr_change_rate_ts_top50==1&reg_ema20_gt_ema50_raw==0),*,loc_dist_ema20_atr_ts_top80==0,reg_atr_change_rate_ts_band40_60==0&reg_atr_change_rate_ts_top50==1&reg_ema20_gt_ema50_raw==0,0.2642279615004857,0.2642279615004857,0.013870951279788267,0.15767963230609894,0.19392212725546057,0.016893543242233404,1.0,1.0,0.5867269984917044,1274,,,-0.007486110134053078,-0.014101687064391195,-0.009270687071970691,-0.0017628216726737669,,0.3333333333333333,-0.006311991189964939,-0.18018500723400804,0.6666666666666666,-0.012605816855598681,-0.008436072762018092,-8.661491977634894,0.2653697853052764,0.0024697565346964477,0.0,12.0,0.00044121094338222676,0.00044121094338222676,9.396961469468592e-05,0.264133991885791,3,1,1,4,4,stage_a_context,,long,4-way,True,,production,-0.006311991189964939,-0.008436072762018092,-0.012157405949339672,0.26077872744539443,primary_target,0,rejected,research,"{""checks"": {""n_folds"": {""value"": 3, ""threshold"": 3, ""passed"": true}, ""presence_freq"": {""value"": 1.0, ""threshold"": 0.75, ""passed"": true}, ""directional_mean_ret"": {""value"": 0.2642279615004857, ""threshold"": 0.0, ""passed"": true}, ""hurdle_excess"": {""value"": 0.264133991885791, ""threshold"": 0.0, ""passed"": true}, ""min_support_actual"": {""value"": 1274, ""threshold"": 50, ""passed"": true}, ""is_structurally_sound"": {""value"": false, ""passed"": false}, ""trade_path_quality_score"": {""value"": 0.0, ""threshold"": 0.0, ""passed"": true}}, ""failures"": [""structural_soundness_fail: ""], ""warnings"": [], ""classification"": ""research""}",3.426611469592899,29.0,6.326611469592899,production,False,False,0.1
(*)|(loc_dist_ema20_atr_ts_top60==1)|(reg_atr_change_rate_ts_top20==1&reg_atr_change_rate_ts_top80==0&reg_ema50_gt_ema200_raw==0),*,loc_dist_ema20_atr_ts_top60==1,reg_atr_change_rate_ts_top20==1&reg_atr_change_rate_ts_top80==0&reg_ema50_gt_ema200_raw==0,0.2642279615004857,0.2642279615004857,0.013870951279788267,0.15767963230609894,0.19392212725546057,0.016893543242233404,1.0,1.0,0.5867269984917044,1274,,,-0.007486110134053078,-0.014101687064391195,-0.009270687071970691,-0.0017628216726737669,,0.3333333333333333,-0.006311991189964939,-0.18018500723400804,0.6666666666666666,-0.012605816855598681,-0.008436072762018092,-8.661491977634894,0.2653697853052764,0.0024697565346964477,0.0,12.0,0.00044121094338222676,0.00044121094338222676,9.396961469468592e-05,0.264133991885791,3,1,1,4,4,stage_a_context,,long,4-way,True,,production,-0.006311991189964939,-0.008436072762018092,-0.012157405949339672,0.26077872744539443,primary_target,0,rejected,research,"{""checks"": {""n_folds"": {""value"": 3, ""threshold"": 3, ""passed"": true}, ""presence_freq"": {""value"": 1.0, ""threshold"": 0.75, ""passed"": true}, ""directional_mean_ret"": {""value"": 0.2642279615004857, ""threshold"": 0.0, ""passed"": true}, ""hurdle_excess"": {""value"": 0.264133991885791, ""threshold"": 0.0, ""passed"": true}, ""min_support_actual"": {""value"": 1274, ""threshold"": 50, ""passed"": true}, ""is_structurally_sound"": {""value"": false, ""passed"": false}, ""trade_path_quality_score"": {""value"": 0.0, ""threshold"": 0.0, ""passed"": true}}, ""failures"": [""structural_soundness_fail: ""], ""warnings"": [], ""classification"": ""research""}",3.2513787568314,24.0,5.6513787568314005,production,False,False,0.1
(*)|(*)|(reg_atr_change_rate_ts_top20==1&reg_atr_change_rate_ts_top60==1&reg_atr_change_rate_ts_top80==0&reg_ema20_gt_ema50_raw==0),*,*,reg_atr_change_rate_ts_top20==1&reg_atr_change_rate_ts_top60==1&reg_atr_change_rate_ts_top80==0&reg_ema20_gt_ema50_raw==0,0.2642279615004857,0.2642279615004857,0.013870951279788267,0.15767963230609894,0.19392212725546057,0.016893543242233404,1.0,1.0,0.5867269984917044,1274,,,-0.007486110134053078,-0.014101687064391195,-0.009270687071970691,-0.0017628216726737669,,0.3333333333333333,-0.006311991189964939,-0.18018500723400804,0.6666666666666666,-0.012605816855598681,-0.008436072762018092,-8.661491977634894,0.2653697853052764,0.0024697565346964477,0.0,12.0,0.00044121094338222676,0.00044121094338222676,9.396961469468592e-05,0.264133991885791,3,1,1,4,4,stage_a_context,,long,4-way,True,,production,-0.006311991189964939,-0.008436072762018092,-0.012157405949339672,0.26077872744539443,primary_target,0,rejected,research,"{""checks"": {""n_folds"": {""value"": 3, ""threshold"": 3, ""passed"": true}, ""presence_freq"": {""value"": 1.0, ""threshold"": 0.75, ""passed"": true}, ""directional_mean_ret"": {""value"": 0.2642279615004857, ""threshold"": 0.0, ""passed"": true}, ""hurdle_excess"": {""value"": 0.264133991885791, ""threshold"": 0.0, ""passed"": true}, ""min_support_actual"": {""value"": 1274, ""threshold"": 50, ""passed"": true}, ""is_structurally_sound"": {""value"": false, ""passed"": false}, ""trade_path_quality_score"": {""value"": 0.0, ""threshold"": 0.0, ""passed"": true}}, ""failures"": [""structural_soundness_fail: ""], ""warnings"": [], ""classification"": ""research""}",4.934470212436281,38.75,8.809470212436281,production,False,False,0.1
(*)|(*)|(reg_atr_change_rate_ts_band40_60==0&reg_atr_change_rate_ts_top50==1&reg_atr_change_rate_ts_top80==0&reg_ema50_gt_ema200_raw==0),*,*,reg_atr_change_rate_ts_band40_60==0&reg_atr_change_rate_ts_top50==1&reg_atr_change_rate_ts_top80==0&reg_ema50_gt_ema200_raw==0,0.2642279615004857,0.2642279615004857,0.013870951279788267,0.15767963230609894,0.19392212725546057,0.016893543242233404,1.0,1.0,0.5867269984917044,1274,,,-0.007486110134053078,-0.014101687064391195,-0.009270687071970691,-0.0017628216726737669,,0.3333333333333333,-0.006311991189964939,-0.18018500723400804,0.6666666666666666,-0.012605816855598681,-0.008436072762018092,-8.661491977634894,0.2653697853052764,0.0024697565346964477,0.0,12.0,0.00044121094338222676,0.00044121094338222676,9.396961469468592e-05,0.264133991885791,3,1,1,4,4,stage_a_context,,long,4-way,True,,production,-0.006311991189964939,-0.008436072762018092,-0.012157405949339672,0.26077872744539443,primary_target,0,rejected,research,"{""checks"": {""n_folds"": {""value"": 3, ""threshold"": 3, ""passed"": true}, ""presence_freq"": {""value"": 1.0, ""threshold"": 0.75, ""passed"": true}, ""directional_mean_ret"": {""value"": 0.2642279615004857, ""threshold"": 0.0, ""passed"": true}, ""hurdle_excess"": {""value"": 0.264133991885791, ""threshold"": 0.0, ""passed"": true}, ""min_support_actual"": {""value"": 1274, ""threshold"": 50, ""passed"": true}, ""is_structurally_sound"": {""value"": false, ""passed"": false}, ""trade_path_quality_score"": {""value"": 0.0, ""threshold"": 0.0, ""passed"": true}}, ""failures"": [""structural_soundness_fail: ""], ""warnings"": [], ""classification"": ""research""}",2.7253041894873604,27.5,5.47530418948736,production,False,False,0.1
(*)|(*)|(reg_atr_change_rate_ts_band40_60==0&reg_atr_change_rate_ts_top50==1&reg_atr_change_rate_ts_top80==0&reg_ema20_gt_ema50_raw==0),*,*,reg_atr_change_rate_ts_band40_60==0&reg_atr_change_rate_ts_top50==1&reg_atr_change_rate_ts_top80==0&reg_ema20_gt_ema50_raw==0,0.2642279615004857,0.2642279615004857,0.013870951279788267,0.15767963230609894,0.19392212725546057,0.016893543242233404,1.0,1.0,0.5867269984917044,1274,,,-0.007486110134053078,-0.014101687064391195,-0.009270687071970691,-0.0017628216726737669,,0.3333333333333333,-0.006311991189964939,-0.18018500723400804,0.6666666666666666,-0.012605816855598681,-0.008436072762018092,-8.661491977634894,0.2653697853052764,0.0024697565346964477,0.0,12.0,0.00044121094338222676,0.00044121094338222676,9.396961469468592e-05,0.264133991885791,3,1,1,4,4,stage_a_context,,long,4-way,True,,production,-0.006311991189964939,-0.008436072762018092,-0.012157405949339672,0.26077872744539443,primary_target,0,rejected,research,"{""checks"": {""n_folds"": {""value"": 3, ""threshold"": 3, ""passed"": true}, ""presence_freq"": {""value"": 1.0, ""threshold"": 0.75, ""passed"": true}, ""directional_mean_ret"": {""value"": 0.2642279615004857, ""threshold"": 0.0, ""passed"": true}, ""hurdle_excess"": {""value"": 0.264133991885791, ""threshold"": 0.0, ""passed"": true}, ""min_support_actual"": {""value"": 1274, ""threshold"": 50, ""passed"": true}, ""is_structurally_sound"": {""value"": false, ""passed"": false}, ""trade_path_quality_score"": {""value"": 0.0, ""threshold"": 0.0, ""passed"": true}}, ""failures"": [""structural_soundness_fail: ""], ""warnings"": [], ""classification"": ""research""}",5.690630197990686,21.25,7.815630197990686,production,False,False,0.1
(*)|(*)|(reg_atr_change_rate_ts_band25_75==0&reg_atr_change_rate_ts_top40==1&reg_atr_change_rate_ts_top80==0),*,*,reg_atr_change_rate_ts_band25_75==0&reg_atr_change_rate_ts_top40==1&reg_atr_change_rate_ts_top80==0,0.2608395765225093,0.2608395765225093,0.01235096081695625,0.1579351375500361,0.05607787274453941,0.006751328618110624,1.0,1.0,0.5855072463768116,343,,,-0.01042757285687644,-0.012602411450692035,-0.010577955307350836,-0.008327925488298046,,0.0,0.009026460182791745,0.13353315566464768,0.6666666666666666,-0.11963376666851312,0.006902378610738592,-11.4232637892634,0.050308931617659286,0.019484874449629954,0.0,12.0,0.0011547136884892777,0.0011547136884892777,7.13504072838514e-05,0.26076822611522543,3,1,1,3,3,stage_a_context,,long,3-way,True,,production,0.009026460182791745,0.006902378610738592,-0.1983411143656264,0.3620766065210509,primary_target,0,rejected,research,"{""checks"": {""n_folds"": {""value"": 3, ""threshold"": 3, ""passed"": true}, ""presence_freq"": {""value"": 1.0, ""threshold"": 0.75, ""passed"": true}, ""directional_mean_ret"": {""value"": 0.2608395765225093, ""threshold"": 0.0, ""passed"": true}, ""hurdle_excess"": {""value"": 0.26076822611522543, ""threshold"": 0.0, ""passed"": true}, ""min_support_actual"": {""value"": 343, ""threshold"": 50, ""passed"": true}, ""is_structurally_sound"": {""value"": false, ""passed"": false}, ""trade_path_quality_score"": {""value"": 0.0, ""threshold"": 0.0, ""passed"": true}}, ""failures"": [""structural_soundness_fail: ""], ""warnings"": [], ""classification"": ""research""}",3.5864462348011634,35.333333333333336,7.119779568134497,production,False,False,0.3
(*)|(*)|(reg_atr_change_rate_ts_band20_80==1&reg_atr_change_rate_ts_band25_75==0&reg_atr_change_rate_ts_top30==1),*,*,reg_atr_change_rate_ts_band20_80==1&reg_atr_change_rate_ts_band25_75==0&reg_atr_change_rate_ts_top30==1,0.2608395765225093,0.2608395765225093,0.01235096081695625,0.1579351375500361,0.05607787274453941,0.006751328618110624,1.0,1.0,0.5855072463768116,343,,,-0.01042757285687644,-0.012602411450692035,-0.010577955307350836,-0.008327925488298046,,0.0,0.009026460182791745,0.13353315566464768,0.6666666666666666,-0.11963376666851312,0.006902378610738592,-11.4232637892634,0.050308931617659286,0.019484874449629954,0.0,12.0,0.0011547136884892777,0.0011547136884892777,7.13504072838514e-05,0.26076822611522543,3,1,1,3,3,stage_a_context,,long,3-way,True,,production,0.009026460182791745,0.006902378610738592,-0.1983411143656264,0.3620766065210509,primary_target,0,rejected,research,"{""checks"": {""n_folds"": {""value"": 3, ""threshold"": 3, ""passed"": true}, ""presence_freq"": {""value"": 1.0, ""threshold"": 0.75, ""passed"": true}, ""directional_mean_ret"": {""value"": 0.2608395765225093, ""threshold"": 0.0, ""passed"": true}, ""hurdle_excess"": {""value"": 0.26076822611522543, ""threshold"": 0.0, ""passed"": true}, ""min_support_actual"": {""value"": 343, ""threshold"": 50, ""passed"": true}, ""is_structurally_sound"": {""value"": false, ""passed"": false}, ""trade_path_quality_score"": {""value"": 0.0, ""threshold"": 0.0, ""passed"": true}}, ""failures"": [""structural_soundness_fail: ""], ""warnings"": [], ""classification"": ""research""}",2.7124004480428994,30.333333333333332,5.745733781376233,production,False,False,0.3
(*)|(*)|(reg_atr_change_rate_ts_top20==1&reg_atr_change_rate_ts_top70==1&reg_ema20_gt_ema50_raw==0),*,*,reg_atr_change_rate_ts_top20==1&reg_atr_change_rate_ts_top70==1&reg_ema20_gt_ema50_raw==0,0.25838446120421094,0.25838446120421094,0.030234634525656983,0.1584849456946055,0.13808167141500474,0.037237810213252176,1.0,1.0,0.5377358490566038,781,,,-0.019827308356250878,-0.04386300827229018,-0.014865278613982055,0.0066894064309228375,,0.3333333333333333,0.09861880759584722,1.3030753276980316,1.0,0.14479030625102915,0.09649472602379407,10.062123826471131,0.11101374326858877,0.41503210806985147,0.0,12.0,0.0049117783797630555,0.0049117783797630555,7.050757479421612e-05,0.2583139536294167,3,1,1,3,3,stage_a_context,,long,3-way,True,,production,0.09861880759584722,0.09649472602379407,-0.09775046086857708,0.8191832858499526,primary_target,0,rejected,research,"{""checks"": {""n_folds"": {""value"": 3, ""threshold"": 3, ""passed"": true}, ""presence_freq"": {""value"": 1.0, ""threshold"": 0.75, ""passed"": true}, ""directional_mean_ret"": {""value"": 0.25838446120421094, ""threshold"": 0.0, ""passed"": true}, ""hurdle_excess"": {""value"": 0.2583139536294167, ""threshold"": 0.0, ""passed"": true}, ""min_support_actual"": {""value"": 781, ""threshold"": 50, ""passed"": true}, ""is_structurally_sound"": {""value"": false, ""passed"": false}, ""trade_path_quality_score"": {""value"": 0.0, ""threshold"": 0.0, ""passed"": true}}, ""failures"": [""structural_soundness_fail: ""], ""warnings"": [], ""classification"": ""research""}",3.6231669913977385,17.333333333333332,5.356500324731072,production,False,False,0.3
(*)|(*)|(reg_atr_change_rate_ts_top50==1&reg_atr_change_rate_ts_top70==1&reg_ema20_gt_ema50_raw==0),*,*,reg_atr_change_rate_ts_top50==1&reg_atr_change_rate_ts_top70==1&reg_ema20_gt_ema50_raw==0,0.25838446120421094,0.25838446120421094,0.030234634525656983,0.1584849456946055,0.13808167141500474,0.037237810213252176,1.0,1.0,0.5377358490566038,781,,,-0.019827308356250878,-0.04386300827229018,-0.014865278613982055,0.0066894064309228375,,0.3333333333333333,0.09861880759584722,1.3030753276980316,1.0,0.14479030625102915,0.09649472602379407,10.062123826471131,0.11101374326858877,0.41503210806985147,0.0,12.0,0.0049117783797630555,0.0049117783797630555,7.050757479421612e-05,0.2583139536294167,3,1,1,3,3,stage_a_context,,long,3-way,True,,production,0.09861880759584722,0.09649472602379407,-0.09775046086857708,0.8191832858499526,primary_target,0,rejected,research,"{""checks"": {""n_folds"": {""value"": 3, ""threshold"": 3, ""passed"": true}, ""presence_freq"": {""value"": 1.0, ""threshold"": 0.75, ""passed"": true}, ""directional_mean_ret"": {""value"": 0.25838446120421094, ""threshold"": 0.0, ""passed"": true}, ""hurdle_excess"": {""value"": 0.2583139536294167, ""threshold"": 0.0, ""passed"": true}, ""min_support_actual"": {""value"": 781, ""threshold"": 50, ""passed"": true}, ""is_structurally_sound"": {""value"": false, ""passed"": false}, ""trade_path_quality_score"": {""value"": 0.0, ""threshold"": 0.0, ""passed"": true}}, ""failures"": [""structural_soundness_fail: ""], ""warnings"": [], ""classification"": ""research""}",4.312007916470368,21.333333333333332,6.445341249803702,production,False,False,0.3
(*)|(loc_dist_ema20_atr_ts_top70==1)|(reg_atr_change_rate_ts_top50==1&reg_ema20_gt_ema50_raw==0),*,loc_dist_ema20_atr_ts_top70==1,reg_atr_change_rate_ts_top50==1&reg_ema20_gt_ema50_raw==0,0.25838446120421094,0.25838446120421094,0.030234634525656983,0.1584849456946055,0.13808167141500474,0.037237810213252176,1.0,1.0,0.5377358490566038,781,,,-0.019827308356250878,-0.04386300827229018,-0.014865278613982055,0.0066894064309228375,,0.3333333333333333,0.09861880759584722,1.3030753276980316,1.0,0.14479030625102915,0.09649472602379407,10.062123826471131,0.11101374326858877,0.41503210806985147,0.0,12.0,0.0049117783797630555,0.0049117783797630555,7.050757479421612e-05,0.2583139536294167,3,1,1,3,3,stage_a_context,,long,3-way,True,,production,0.09861880759584722,0.09649472602379407,-0.09775046086857708,0.8191832858499526,primary_target,0,rejected,research,"{""checks"": {""n_folds"": {""value"": 3, ""threshold"": 3, ""passed"": true}, ""presence_freq"": {""value"": 1.0, ""threshold"": 0.75, ""passed"": true}, ""directional_mean_ret"": {""value"": 0.25838446120421094, ""threshold"": 0.0, ""passed"": true}, ""hurdle_excess"": {""value"": 0.2583139536294167, ""threshold"": 0.0, ""passed"": true}, ""min_support_actual"": {""value"": 781, ""threshold"": 50, ""passed"": true}, ""is_structurally_sound"": {""value"": false, ""passed"": false}, ""trade_path_quality_score"": {""value"": 0.0, ""threshold"": 0.0, ""passed"": true}}, ""failures"": [""structural_soundness_fail: ""], ""warnings"": [], ""classification"": ""research""}",3.89211349748075,19.333333333333332,5.825446830814084,production,False,False,0.3
(*)|(*)|(reg_atr_change_rate_ts_top70==1&reg_ema20_gt_ema50_raw==0),*,*,reg_atr_change_rate_ts_top70==1&reg_ema20_gt_ema50_raw==0,0.25838446120421094,0.25838446120421094,0.030234634525656983,0.1584849456946055,0.13808167141500474,0.037237810213252176,1.0,1.0,0.5377358490566038,781,,,-0.019827308356250878,-0.04386300827229018,-0.014865278613982055,0.0066894064309228375,,0.3333333333333333,0.09861880759584722,1.3030753276980316,1.0,0.14479030625102915,0.09649472602379407,10.062123826471131,0.11101374326858877,0.41503210806985147,0.0,12.0,0.0049117783797630555,0.0049117783797630555,8.561634082154816e-05,0.2582988448633894,3,1,1,2,2,stage_a_context,,long,2-way,True,,production,0.09861880759584722,0.09649472602379407,-0.09775046086857708,0.8191832858499526,primary_target,0,rejected,research,"{""checks"": {""n_folds"": {""value"": 3, ""threshold"": 3, ""passed"": true}, ""presence_freq"": {""value"": 1.0, ""threshold"": 0.75, ""passed"": true}, ""directional_mean_ret"": {""value"": 0.25838446120421094, ""threshold"": 0.0, ""passed"": true}, ""hurdle_excess"": {""value"": 0.2582988448633894, ""threshold"": 0.0, ""passed"": true}, ""min_support_actual"": {""value"": 781, ""threshold"": 50, ""passed"": true}, ""is_structurally_sound"": {""value"": false, ""passed"": false}, ""trade_path_quality_score"": {""value"": 0.0, ""threshold"": 0.0, ""passed"": true}}, ""failures"": [""structural_soundness_fail: ""], ""warnings"": [], ""classification"": ""research""}",3.5785513897426426,29.0,6.478551389742643,production,False,False,0.15
(*)|(*)|(reg_atr_change_rate_ts_top20==1&reg_atr_change_rate_ts_top50==1&reg_atr_change_rate_ts_top70==1&reg_ema20_gt_ema50_raw==0),*,*,reg_atr_change_rate_ts_top20==1&reg_atr_change_rate_ts_top50==1&reg_atr_change_rate_ts_top70==1&reg_ema20_gt_ema50_raw==0,0.25838446120421094,0.25838446120421094,0.030234634525656983,0.1584849456946055,0.13808167141500474,0.037237810213252176,1.0,1.0,0.5377358490566038,781,,,-0.019827308356250878,-0.04386300827229018,-0.014865278613982055,0.0066894064309228375,,0.3333333333333333,0.09861880759584722,1.3030753276980316,1.0,0.14479030625102915,0.09649472602379407,10.062123826471131,0.11101374326858877,0.41503210806985147,0.0,12.0,0.0049117783797630555,0.0049117783797630555,9.065259616399217e-05,0.25829380860804696,3,1,1,4,4,stage_a_context,,long,4-way,True,,production,0.09861880759584722,0.09649472602379407,-0.09775046086857708,0.8191832858499526,primary_target,0,rejected,research,"{""checks"": {""n_folds"": {""value"": 3, ""threshold"": 3, ""passed"": true}, ""presence_freq"": {""value"": 1.0, ""threshold"": 0.75, ""passed"": true}, ""directional_mean_ret"": {""value"": 0.25838446120421094, ""threshold"": 0.0, ""passed"": true}, ""hurdle_excess"": {""value"": 0.25829380860804696, ""threshold"": 0.0, ""passed"": true}, ""min_support_actual"": {""value"": 781, ""threshold"": 50, ""passed"": true}, ""is_structurally_sound"": {""value"": false, ""passed"": false}, ""trade_path_quality_score"": {""value"": 0.0, ""threshold"": 0.0, ""passed"": true}}, ""failures"": [""structural_soundness_fail: ""], ""warnings"": [], ""classification"": ""research""}",3.607371866237372,19.0,5.5073718662373725,production,False,False,0.1
(*)|(*)|(reg_atr_change_rate_ts_band25_75==0&reg_atr_change_rate_ts_top30==1&reg_ema20_gt_ema50_raw==0),*,*,reg_atr_change_rate_ts_band25_75==0&reg_atr_change_rate_ts_top30==1&reg_ema20_gt_ema50_raw==0,0.24766874810059866,0.24766874810059866,0.03891681226038427,0.15186429023742676,0.08513770180436847,0.03894152561269105,1.0,1.0,0.5337620578778135,392,,,-0.02972332050413024,-0.05215997648080267,-0.015075779910630232,3.7105769292196736e-05,,0.3333333333333333,0.1414241223258256,1.3996648238883984,1.0,0.11291662593853323,0.13930004075377245,9.5825033041251,0.08031986381670231,0.3859873930724825,0.0003847091497442225,12.0,0.03892478391088712,0.03892478391088712,7.01546215353591e-05,0.2475985934790633,3,1,1,3,3,stage_a_context,,long,3-way,True,,production,0.1414241223258256,0.13930004075377245,-0.16489234949421672,1.0,primary_target,0,rejected,research,"{""checks"": {""n_folds"": {""value"": 3, ""threshold"": 3, ""passed"": true}, ""presence_freq"": {""value"": 1.0, ""threshold"": 0.75, ""passed"": true}, ""directional_mean_ret"": {""value"": 0.24766874810059866, ""threshold"": 0.0, ""passed"": true}, ""hurdle_excess"": {""value"": 0.2475985934790633, ""threshold"": 0.0, ""passed"": true}, ""min_support_actual"": {""value"": 392, ""threshold"": 50, ""passed"": true}, ""is_structurally_sound"": {""value"": false, ""passed"": false}, ""trade_path_quality_score"": {""value"": 0.0003847091497442225, ""threshold"": 0.0, ""passed"": true}}, ""failures"": [""structural_soundness_fail: ""], ""warnings"": [], ""classification"": ""research""}",4.466783042686681,39.666666666666664,8.433449709353347,production,False,False,0.3
(*)|(*)|(reg_atr_change_rate_ts_band25_75==0&reg_atr_change_rate_ts_top60==1&reg_ema20_gt_ema50_raw==0),*,*,reg_atr_change_rate_ts_band25_75==0&reg_atr_change_rate_ts_top60==1&reg_ema20_gt_ema50_raw==0,0.24766874810059866,0.24766874810059866,0.03891681226038427,0.15186429023742676,0.08513770180436847,0.03894152561269105,1.0,1.0,0.5337620578778135,392,,,-0.02972332050413024,-0.05215997648080267,-0.015075779910630232,3.7105769292196736e-05,,0.3333333333333333,0.1414241223258256,1.3996648238883984,1.0,0.11291662593853323,0.13930004075377245,9.5825033041251,0.08031986381670231,0.3859873930724825,0.0003847091497442225,12.0,0.03892478391088712,0.03892478391088712,7.01546215353591e-05,0.2475985934790633,3,1,1,3,3,stage_a_context,,long,3-way,True,,production,0.1414241223258256,0.13930004075377245,-0.16489234949421672,1.0,primary_target,0,rejected,research,"{""checks"": {""n_folds"": {""value"": 3, ""threshold"": 3, ""passed"": true}, ""presence_freq"": {""value"": 1.0, ""threshold"": 0.75, ""passed"": true}, ""directional_mean_ret"": {""value"": 0.24766874810059866, ""threshold"": 0.0, ""passed"": true}, ""hurdle_excess"": {""value"": 0.2475985934790633, ""threshold"": 0.0, ""passed"": true}, ""min_support_actual"": {""value"": 392, ""threshold"": 50, ""passed"": true}, ""is_structurally_sound"": {""value"": false, ""passed"": false}, ""trade_path_quality_score"": {""value"": 0.0003847091497442225, ""threshold"": 0.0, ""passed"": true}}, ""failures"": [""structural_soundness_fail: ""], ""warnings"": [], ""classification"": ""research""}",3.3381667537614703,17.666666666666668,5.104833420428137,production,False,False,0.3
(*)|(*)|(reg_atr_change_rate_ts_band25_75==0&reg_atr_change_rate_ts_top50==1&reg_ema20_gt_ema50_raw==0),*,*,reg_atr_change_rate_ts_band25_75==0&reg_atr_change_rate_ts_top50==1&reg_ema20_gt_ema50_raw==0,0.24766874810059866,0.24766874810059866,0.03891681226038427,0.15186429023742676,0.08513770180436847,0.03894152561269105,1.0,1.0,0.5337620578778135,392,,,-0.02972332050413024,-0.05215997648080267,-0.015075779910630232,3.7105769292196736e-05,,0.3333333333333333,0.1414241223258256,1.3996648238883984,1.0,0.11291662593853323,0.13930004075377245,9.5825033041251,0.08031986381670231,0.3859873930724825,0.0003847091497442225,12.0,0.03892478391088712,0.03892478391088712,7.01546215353591e-05,0.2475985934790633,3,2,2,3,3,stage_a_context,,long,3-way,True,,production,0.1414241223258256,0.13930004075377245,-0.16489234949421672,1.0,primary_target,0,rejected,research,"{""checks"": {""n_folds"": {""value"": 3, ""threshold"": 3, ""passed"": true}, ""presence_freq"": {""value"": 1.0, ""threshold"": 0.75, ""passed"": true}, ""directional_mean_ret"": {""value"": 0.24766874810059866, ""threshold"": 0.0, ""passed"": true}, ""hurdle_excess"": {""value"": 0.2475985934790633, ""threshold"": 0.0, ""passed"": true}, ""min_support_actual"": {""value"": 392, ""threshold"": 50, ""passed"": true}, ""is_structurally_sound"": {""value"": false, ""passed"": false}, ""trade_path_quality_score"": {""value"": 0.0003847091497442225, ""threshold"": 0.0, ""passed"": true}}, ""failures"": [""structural_soundness_fail: ""], ""warnings"": [], ""classification"": ""research""}",4.619038612116128,29.666666666666664,7.585705278782795,production,False,False,0.3
(*)|(loc_dist_ema20_atr_ts_top30==1)|(reg_atr_change_rate_ts_band25_75==0&reg_ema20_gt_ema50_raw==0),*,loc_dist_ema20_atr_ts_top30==1,reg_atr_change_rate_ts_band25_75==0&reg_ema20_gt_ema50_raw==0,0.24766874810059866,0.24766874810059866,0.03891681226038427,0.15186429023742676,0.08513770180436847,0.03894152561269105,1.0,1.0,0.5337620578778135,392,,,-0.02972332050413024,-0.05215997648080267,-0.015075779910630232,3.7105769292196736e-05,,0.3333333333333333,0.1414241223258256,1.3996648238883984,1.0,0.11291662593853323,0.13930004075377245,9.5825033041251,0.08031986381670231,0.3859873930724825,0.0003847091497442225,12.0,0.03892478391088712,0.03892478391088712,7.01546215353591e-05,0.2475985934790633,3,1,1,3,3,stage_a_context,,long,3-way,True,,production,0.1414241223258256,0.13930004075377245,-0.16489234949421672,1.0,primary_target,0,rejected,research,"{""checks"": {""n_folds"": {""value"": 3, ""threshold"": 3, ""passed"": true}, ""presence_freq"": {""value"": 1.0, ""threshold"": 0.75, ""passed"": true}, ""directional_mean_ret"": {""value"": 0.24766874810059866, ""threshold"": 0.0, ""passed"": true}, ""hurdle_excess"": {""value"": 0.2475985934790633, ""threshold"": 0.0, ""passed"": true}, ""min_support_actual"": {""value"": 392, ""threshold"": 50, ""passed"": true}, ""is_structurally_sound"": {""value"": false, ""passed"": false}, ""trade_path_quality_score"": {""value"": 0.0003847091497442225, ""threshold"": 0.0, ""passed"": true}}, ""failures"": [""structural_soundness_fail: ""], ""warnings"": [], ""classification"": ""research""}",3.943603662463526,31.0,7.043603662463526,production,False,False,0.3
(*)|(loc_dist_ema20_atr_ts_top50==1)|(reg_atr_change_rate_ts_band25_75==0&reg_atr_change_rate_ts_top30==1&reg_ema20_gt_ema50_raw==0),*,loc_dist_ema20_atr_ts_top50==1,reg_atr_change_rate_ts_band25_75==0&reg_atr_change_rate_ts_top30==1&reg_ema20_gt_ema50_raw==0,0.24766874810059866,0.24766874810059866,0.03891681226038427,0.15186429023742676,0.08513770180436847,0.03894152561269105,1.0,1.0,0.5337620578778135,392,,,-0.02972332050413024,-0.05215997648080267,-0.015075779910630232,3.7105769292196736e-05,,0.3333333333333333,0.1414241223258256,1.3996648238883984,1.0,0.11291662593853323,0.13930004075377245,9.5825033041251,0.08031986381670231,0.3859873930724825,0.0003847091497442225,12.0,0.03892478391088712,0.03892478391088712,9.019879911689029e-05,0.24757854930148177,3,1,1,4,4,stage_a_context,,long,4-way,True,,production,0.1414241223258256,0.13930004075377245,-0.16489234949421672,1.0,primary_target,0,rejected,research,"{""checks"": {""n_folds"": {""value"": 3, ""threshold"": 3, ""passed"": true}, ""presence_freq"": {""value"": 1.0, ""threshold"": 0.75, ""passed"": true}, ""directional_mean_ret"": {""value"": 0.24766874810059866, ""threshold"": 0.0, ""passed"": true}, ""hurdle_excess"": {""value"": 0.24757854930148177, ""threshold"": 0.0, ""passed"": true}, ""min_support_actual"": {""value"": 392, ""threshold"": 50, ""passed"": true}, ""is_structurally_sound"": {""value"": false, ""passed"": false}, ""trade_path_quality_score"": {""value"": 0.0003847091497442225, ""threshold"": 0.0, ""passed"": true}}, ""failures"": [""structural_soundness_fail: ""], ""warnings"": [], ""classification"": ""research""}",3.6258973327931017,32.75,6.900897332793102,production,False,False,0.1
(*)|(*)|(reg_atr_change_rate_ts_band25_75==0&reg_atr_change_rate_ts_top20==1&reg_atr_change_rate_ts_top50==1&reg_ema20_gt_ema50_raw==0),*,*,reg_atr_change_rate_ts_band25_75==0&reg_atr_change_rate_ts_top20==1&reg_atr_change_rate_ts_top50==1&reg_ema20_gt_ema50_raw==0,0.24766874810059866,0.24766874810059866,0.03891681226038427,0.15186429023742676,0.08513770180436847,0.03894152561269105,1.0,1.0,0.5337620578778135,392,,,-0.02972332050413024,-0.05215997648080267,-0.015075779910630232,3.7105769292196736e-05,,0.3333333333333333,0.1414241223258256,1.3996648238883984,1.0,0.11291662593853323,0.13930004075377245,9.5825033041251,0.08031986381670231,0.3859873930724825,0.0003847091497442225,12.0,0.03892478391088712,0.03892478391088712,9.019879911689029e-05,0.24757854930148177,3,1,1,4,4,stage_a_context,,long,4-way,True,,production,0.1414241223258256,0.13930004075377245,-0.16489234949421672,1.0,primary_target,0,rejected,research,"{""checks"": {""n_folds"": {""value"": 3, ""threshold"": 3, ""passed"": true}, ""presence_freq"": {""value"": 1.0, ""threshold"": 0.75, ""passed"": true}, ""directional_mean_ret"": {""value"": 0.24766874810059866, ""threshold"": 0.0, ""passed"": true}, ""hurdle_excess"": {""value"": 0.24757854930148177, ""threshold"": 0.0, ""passed"": true}, ""min_support_actual"": {""value"": 392, ""threshold"": 50, ""passed"": true}, ""is_structurally_sound"": {""value"": false, ""passed"": false}, ""trade_path_quality_score"": {""value"": 0.0003847091497442225, ""threshold"": 0.0, ""passed"": true}}, ""failures"": [""structural_soundness_fail: ""], ""warnings"": [], ""classification"": ""research""}",5.661813532933593,37.25,9.386813532933592,production,False,False,0.1
(*)|(*)|(reg_atr_change_rate_ts_band40_60==0&reg_atr_change_rate_ts_top80==1&reg_ema20_gt_ema50_raw==0),*,*,reg_atr_change_rate_ts_band40_60==0&reg_atr_change_rate_ts_top80==1&reg_ema20_gt_ema50_raw==0,0.20245650907357535,0.20245650907357535,0.053551183731908314,0.098821426431338,0.05071225071225072,0.03927613325264353,1.0,1.0,0.7235772357723578,110,,,-0.04231700521953901,-0.06255841145919322,-0.014673317814630797,-0.008253755277430691,,0.0,,,,0.24469553193589416,,,,0.37693349529997544,0.18001292725806045,12.0,0.29268675212840506,0.29268675212840506,7.170049756089642e-05,0.20238480857601446,3,1,1,3,3,stage_a_context,,long,3-way,True,,production,,,0.48349214564580656,0.21899335232668574,primary_target,0,ranking,research,"{""checks"": {""n_folds"": {""value"": 3, ""threshold"": 3, ""passed"": true}, ""presence_freq"": {""value"": 1.0, ""threshold"": 0.75, ""passed"": true}, ""directional_mean_ret"": {""value"": 0.20245650907357535, ""threshold"": 0.0, ""passed"": true}, ""hurdle_excess"": {""value"": 0.20238480857601446, ""threshold"": 0.0, ""passed"": true}, ""min_support_actual"": {""value"": 110, ""threshold"": 50, ""passed"": true}, ""is_structurally_sound"": {""value"": false, ""passed"": false}, ""trade_path_quality_score"": {""value"": 0.18001292725806045, ""threshold"": 0.0, ""passed"": true}}, ""failures"": [""structural_soundness_fail: ""], ""warnings"": [], ""classification"": ""research""}",6.400844767068823,20.333333333333332,8.434178100402157,production,False,False,0.3
(*)|(*)|(reg_atr_change_rate_ts_band30_70==0&reg_atr_change_rate_ts_top80==1&reg_ema20_gt_ema50_raw==0),*,*,reg_atr_change_rate_ts_band30_70==0&reg_atr_change_rate_ts_top80==1&reg_ema20_gt_ema50_raw==0,0.20245650907357535,0.20245650907357535,0.053551183731908314,0.098821426431338,0.05071225071225072,0.03927613325264353,1.0,1.0,0.7235772357723578,110,,,-0.04231700521953901,-0.06255841145919322,-0.014673317814630797,-0.008253755277430691,,0.0,,,,0.24469553193589416,,,,0.37693349529997544,0.18001292725806045,12.0,0.29268675212840506,0.29268675212840506,7.170049756089642e-05,0.20238480857601446,3,2,2,3,3,stage_a_context,,long,3-way,True,,production,,,0.48349214564580656,0.21899335232668574,primary_target,0,ranking,research,"{""checks"": {""n_folds"": {""value"": 3, ""threshold"": 3, ""passed"": true}, ""presence_freq"": {""value"": 1.0, ""threshold"": 0.75, ""passed"": true}, ""directional_mean_ret"": {""value"": 0.20245650907357535, ""threshold"": 0.0, ""passed"": true}, ""hurdle_excess"": {""value"": 0.20238480857601446, ""threshold"": 0.0, ""passed"": true}, ""min_support_actual"": {""value"": 110, ""threshold"": 50, ""passed"": true}, ""is_structurally_sound"": {""value"": false, ""passed"": false}, ""trade_path_quality_score"": {""value"": 0.18001292725806045, ""threshold"": 0.0, ""passed"": true}}, ""failures"": [""structural_soundness_fail: ""], ""warnings"": [], ""classification"": ""research""}",5.074931221315637,29.333333333333336,8.00826455464897,production,False,False,0.3
(*)|(*)|(reg_atr_change_rate_ts_band25_75==0&reg_atr_change_rate_ts_top80==1&reg_price_lt_ema200_raw==0),*,*,reg_atr_change_rate_ts_band25_75==0&reg_atr_change_rate_ts_top80==1&reg_price_lt_ema200_raw==0,0.20245650907357535,0.20245650907357535,0.053551183731908314,0.098821426431338,0.05071225071225072,0.03927613325264353,1.0,1.0,0.7235772357723578,110,,,-0.04231700521953901,-0.06255841145919322,-0.014673317814630797,-0.008253755277430691,,0.0,,,,0.24469553193589416,,,,0.37693349529997544,0.18001292725806045,12.0,0.29268675212840506,0.29268675212840506,7.170049756089642e-05,0.20238480857601446,3,1,1,3,3,stage_a_context,,long,3-way,True,,production,,,0.48349214564580656,0.21899335232668574,primary_target,0,ranking,research,"{""checks"": {""n_folds"": {""value"": 3, ""threshold"": 3, ""passed"": true}, ""presence_freq"": {""value"": 1.0, ""threshold"": 0.75, ""passed"": true}, ""directional_mean_ret"": {""value"": 0.20245650907357535, ""threshold"": 0.0, ""passed"": true}, ""hurdle_excess"": {""value"": 0.20238480857601446, ""threshold"": 0.0, ""passed"": true}, ""min_support_actual"": {""value"": 110, ""threshold"": 50, ""passed"": true}, ""is_structurally_sound"": {""value"": false, ""passed"": false}, ""trade_path_quality_score"": {""value"": 0.18001292725806045, ""threshold"": 0.0, ""passed"": true}}, ""failures"": [""structural_soundness_fail: ""], ""warnings"": [], ""classification"": ""research""}",3.2782833819898465,29.666666666666668,6.244950048656513,production,False,False,0.3
(*)|(loc_dist_ema20_atr_ts_top80==1)|(reg_atr_compression_ratio_ts_top50==1&reg_ema20_gt_ema50_raw==0),*,loc_dist_ema20_atr_ts_top80==1,reg_atr_compression_ratio_ts_top50==1&reg_ema20_gt_ema50_raw==0,0.20245650907357535,0.20245650907357535,0.053551183731908314,0.098821426431338,0.05071225071225072,0.03927613325264353,1.0,1.0,0.7235772357723578,110,,,-0.04231700521953901,-0.06255841145919322,-0.014673317814630797,-0.008253755277430691,,0.0,,,,0.24469553193589416,,,,0.37693349529997544,0.18001292725806045,12.0,0.29268675212840506,0.29268675212840506,7.170049756089642e-05,0.20238480857601446,3,1,1,3,3,stage_a_context,,long,3-way,True,,production,,,0.48349214564580656,0.21899335232668574,primary_target,0,ranking,research,"{""checks"": {""n_folds"": {""value"": 3, ""threshold"": 3, ""passed"": true}, ""presence_freq"": {""value"": 1.0, ""threshold"": 0.75, ""passed"": true}, ""directional_mean_ret"": {""value"": 0.20245650907357535, ""threshold"": 0.0, ""passed"": true}, ""hurdle_excess"": {""value"": 0.20238480857601446, ""threshold"": 0.0, ""passed"": true}, ""min_support_actual"": {""value"": 110, ""threshold"": 50, ""passed"": true}, ""is_structurally_sound"": {""value"": false, ""passed"": false}, ""trade_path_quality_score"": {""value"": 0.18001292725806045, ""threshold"": 0.0, ""passed"": true}}, ""failures"": [""structural_soundness_fail: ""], ""warnings"": [], ""classification"": ""research""}",3.2005315696199736,12.0,4.400531569619973,production,False,False,0.3
(*)|(*)|(reg_atr_change_rate_ts_band20_80==0&reg_atr_change_rate_ts_top50==1&reg_ema20_gt_ema50_raw==0),*,*,reg_atr_change_rate_ts_band20_80==0&reg_atr_change_rate_ts_top50==1&reg_ema20_gt_ema50_raw==0,0.20245650907357535,0.20245650907357535,0.053551183731908314,0.098821426431338,0.05071225071225072,0.03927613325264353,1.0,1.0,0.7235772357723578,110,,,-0.04231700521953901,-0.06255841145919322,-0.014673317814630797,-0.008253755277430691,,0.0,,,,0.24469553193589416,,,,0.37693349529997544,0.18001292725806045,12.0,0.29268675212840506,0.29268675212840506,7.170049756089642e-05,0.20238480857601446,3,1,1,3,3,stage_a_context,,long,3-way,True,,production,,,0.48349214564580656,0.21899335232668574,primary_target,0,ranking,research,"{""checks"": {""n_folds"": {""value"": 3, ""threshold"": 3, ""passed"": true}, ""presence_freq"": {""value"": 1.0, ""threshold"": 0.75, ""passed"": true}, ""directional_mean_ret"": {""value"": 0.20245650907357535, ""threshold"": 0.0, ""passed"": true}, ""hurdle_excess"": {""value"": 0.20238480857601446, ""threshold"": 0.0, ""passed"": true}, ""min_support_actual"": {""value"": 110, ""threshold"": 50, ""passed"": true}, ""is_structurally_sound"": {""value"": false, ""passed"": false}, ""trade_path_quality_score"": {""value"": 0.18001292725806045, ""threshold"": 0.0, ""passed"": true}}, ""failures"": [""structural_soundness_fail: ""], ""warnings"": [], ""classification"": ""research""}",4.512184925998251,22.0,6.712184925998251,production,False,False,0.3
(*)|(loc_dist_ema20_atr_ts_band20_80==0)|(reg_atr_change_rate_ts_top20==1&reg_ema20_gt_ema50_raw==0),*,loc_dist_ema20_atr_ts_band20_80==0,reg_atr_change_rate_ts_top20==1&reg_ema20_gt_ema50_raw==0,0.20245650907357535,0.20245650907357535,0.053551183731908314,0.098821426431338,0.05071225071225072,0.03927613325264353,1.0,1.0,0.7235772357723578,110,,,-0.04231700521953901,-0.06255841145919322,-0.014673317814630797,-0.008253755277430691,,0.0,,,,0.24469553193589416,,,,0.37693349529997544,0.18001292725806045,12.0,0.29268675212840506,0.29268675212840506,7.170049756089642e-05,0.20238480857601446,3,1,1,3,3,stage_a_context,,long,3-way,True,,production,,,0.48349214564580656,0.21899335232668574,primary_target,0,ranking,research,"{""checks"": {""n_folds"": {""value"": 3, ""threshold"": 3, ""passed"": true}, ""presence_freq"": {""value"": 1.0, ""threshold"": 0.75, ""passed"": true}, ""directional_mean_ret"": {""value"": 0.20245650907357535, ""threshold"": 0.0, ""passed"": true}, ""hurdle_excess"": {""value"": 0.20238480857601446, ""threshold"": 0.0, ""passed"": true}, ""min_support_actual"": {""value"": 110, ""threshold"": 50, ""passed"": true}, ""is_structurally_sound"": {""value"": false, ""passed"": false}, ""trade_path_quality_score"": {""value"": 0.18001292725806045, ""threshold"": 0.0, ""passed"": true}}, ""failures"": [""structural_soundness_fail: ""], ""warnings"": [], ""classification"": ""research""}",3.3670933401832976,15.333333333333334,4.900426673516631,production,False,False,0.3
(*)|(loc_dist_ema20_atr_ts_top50==1&loc_dist_ema20_atr_ts_top80==1)|(reg_ema20_gt_ema50_raw==0),*,loc_dist_ema20_atr_ts_top50==1&loc_dist_ema20_atr_ts_top80==1,reg_ema20_gt_ema50_raw==0,0.20245650907357535,0.20245650907357535,0.053551183731908314,0.098821426431338,0.05071225071225072,0.03927613325264353,1.0,1.0,0.7235772357723578,110,,,-0.04231700521953901,-0.06255841145919322,-0.014673317814630797,-0.008253755277430691,,0.0,,,,0.24469553193589416,,,,0.37693349529997544,0.18001292725806045,12.0,0.29268675212840506,0.29268675212840506,7.170049756089642e-05,0.20238480857601446,3,1,1,3,3,stage_a_context,,long,3-way,True,,production,,,0.48349214564580656,0.21899335232668574,primary_target,0,ranking,research,"{""checks"": {""n_folds"": {""value"": 3, ""threshold"": 3, ""passed"": true}, ""presence_freq"": {""value"": 1.0, ""threshold"": 0.75, ""passed"": true}, ""directional_mean_ret"": {""value"": 0.20245650907357535, ""threshold"": 0.0, ""passed"": true}, ""hurdle_excess"": {""value"": 0.20238480857601446, ""threshold"": 0.0, ""passed"": true}, ""min_support_actual"": {""value"": 110, ""threshold"": 50, ""passed"": true}, ""is_structurally_sound"": {""value"": false, ""passed"": false}, ""trade_path_quality_score"": {""value"": 0.18001292725806045, ""threshold"": 0.0, ""passed"": true}}, ""failures"": [""structural_soundness_fail: ""], ""warnings"": [], ""classification"": ""research""}",3.4516860619187355,14.0,4.851686061918736,production,False,False,0.3
(*)|(loc_dist_ema20_atr_ts_top80==1)|(reg_atr_change_rate_ts_top50==1&reg_ema20_gt_ema50_raw==0),*,loc_dist_ema20_atr_ts_top80==1,reg_atr_change_rate_ts_top50==1&reg_ema20_gt_ema50_raw==0,0.20245650907357535,0.20245650907357535,0.053551183731908314,0.098821426431338,0.05071225071225072,0.03927613325264353,1.0,1.0,0.7235772357723578,110,,,-0.04231700521953901,-0.06255841145919322,-0.014673317814630797,-0.008253755277430691,,0.0,,,,0.24469553193589416,,,,0.37693349529997544,0.18001292725806045,12.0,0.29268675212840506,0.29268675212840506,7.170049756089642e-05,0.20238480857601446,3,1,1,3,3,stage_a_context,,long,3-way,True,,production,,,0.48349214564580656,0.21899335232668574,primary_target,0,ranking,research,"{""checks"": {""n_folds"": {""value"": 3, ""threshold"": 3, ""passed"": true}, ""presence_freq"": {""value"": 1.0, ""threshold"": 0.75, ""passed"": true}, ""directional_mean_ret"": {""value"": 0.20245650907357535, ""threshold"": 0.0, ""passed"": true}, ""hurdle_excess"": {""value"": 0.20238480857601446, ""threshold"": 0.0, ""passed"": true}, ""min_support_actual"": {""value"": 110, ""threshold"": 50, ""passed"": true}, ""is_structurally_sound"": {""value"": false, ""passed"": false}, ""trade_path_quality_score"": {""value"": 0.18001292725806045, ""threshold"": 0.0, ""passed"": true}}, ""failures"": [""structural_soundness_fail: ""], ""warnings"": [], ""classification"": ""research""}",4.275160395850738,19.666666666666668,6.241827062517404,production,False,False,0.3
(*)|(*)|(reg_atr_change_rate_ts_top20==1&reg_atr_change_rate_ts_top80==1&reg_ema20_gt_ema50_raw==0),*,*,reg_atr_change_rate_ts_top20==1&reg_atr_change_rate_ts_top80==1&reg_ema20_gt_ema50_raw==0,0.20245650907357535,0.20245650907357535,0.053551183731908314,0.098821426431338,0.05071225071225072,0.03927613325264353,1.0,1.0,0.7235772357723578,110,,,-0.04231700521953901,-0.06255841145919322,-0.014673317814630797,-0.008253755277430691,,0.0,,,,0.24469553193589416,,,,0.37693349529997544,0.18001292725806045,12.0,0.29268675212840506,0.29268675212840506,7.170049756089642e-05,0.20238480857601446,3,3,3,3,3,stage_a_context,,long,3-way,True,,production,,,0.48349214564580656,0.21899335232668574,primary_target,0,ranking,research,"{""checks"": {""n_folds"": {""value"": 3, ""threshold"": 3, ""passed"": true}, ""presence_freq"": {""value"": 1.0, ""threshold"": 0.75, ""passed"": true}, ""directional_mean_ret"": {""value"": 0.20245650907357535, ""threshold"": 0.0, ""passed"": true}, ""hurdle_excess"": {""value"": 0.20238480857601446, ""threshold"": 0.0, ""passed"": true}, ""min_support_actual"": {""value"": 110, ""threshold"": 50, ""passed"": true}, ""is_structurally_sound"": {""value"": false, ""passed"": false}, ""trade_path_quality_score"": {""value"": 0.18001292725806045, ""threshold"": 0.0, ""passed"": true}}, ""failures"": [""structural_soundness_fail: ""], ""warnings"": [], ""classification"": ""research""}",5.9421239031168325,42.666666666666664,10.208790569783499,production,False,False,0.3
(*)|(*)|(reg_atr_change_rate_ts_top50==1&reg_atr_change_rate_ts_top80==1&reg_ema20_gt_ema50_raw==0),*,*,reg_atr_change_rate_ts_top50==1&reg_atr_change_rate_ts_top80==1&reg_ema20_gt_ema50_raw==0,0.20245650907357535,0.20245650907357535,0.053551183731908314,0.098821426431338,0.05071225071225072,0.03927613325264353,1.0,1.0,0.7235772357723578,110,,,-0.04231700521953901,-0.06255841145919322,-0.014673317814630797,-0.008253755277430691,,0.0,,,,0.24469553193589416,,,,0.37693349529997544,0.18001292725806045,12.0,0.29268675212840506,0.29268675212840506,7.170049756089642e-05,0.20238480857601446,3,3,3,3,3,stage_a_context,,long,3-way,True,,production,,,0.48349214564580656,0.21899335232668574,primary_target,0,ranking,research,"{""checks"": {""n_folds"": {""value"": 3, ""threshold"": 3, ""passed"": true}, ""presence_freq"": {""value"": 1.0, ""threshold"": 0.75, ""passed"": true}, ""directional_mean_ret"": {""value"": 0.20245650907357535, ""threshold"": 0.0, ""passed"": true}, ""hurdle_excess"": {""value"": 0.20238480857601446, ""threshold"": 0.0, ""passed"": true}, ""min_support_actual"": {""value"": 110, ""threshold"": 50, ""passed"": true}, ""is_structurally_sound"": {""value"": false, ""passed"": false}, ""trade_path_quality_score"": {""value"": 0.18001292725806045, ""threshold"": 0.0, ""passed"": true}}, ""failures"": [""structural_soundness_fail: ""], ""warnings"": [], ""classification"": ""research""}",6.3432913473807275,30.666666666666668,9.409958014047396,production,False,False,0.3
(*)|(*)|(reg_atr_change_rate_ts_top60==1&reg_atr_change_rate_ts_top80==1&reg_ema20_gt_ema50_raw==0),*,*,reg_atr_change_rate_ts_top60==1&reg_atr_change_rate_ts_top80==1&reg_ema20_gt_ema50_raw==0,0.20245650907357535,0.20245650907357535,0.053551183731908314,0.098821426431338,0.05071225071225072,0.03927613325264353,1.0,1.0,0.7235772357723578,110,,,-0.04231700521953901,-0.06255841145919322,-0.014673317814630797,-0.008253755277430691,,0.0,,,,0.24469553193589416,,,,0.37693349529997544,0.18001292725806045,12.0,0.29268675212840506,0.29268675212840506,7.170049756089642e-05,0.20238480857601446,3,1,1,3,3,stage_a_context,,long,3-way,True,,production,,,0.48349214564580656,0.21899335232668574,primary_target,0,ranking,research,"{""checks"": {""n_folds"": {""value"": 3, ""threshold"": 3, ""passed"": true}, ""presence_freq"": {""value"": 1.0, ""threshold"": 0.75, ""passed"": true}, ""directional_mean_ret"": {""value"": 0.20245650907357535, ""threshold"": 0.0, ""passed"": true}, ""hurdle_excess"": {""value"": 0.20238480857601446, ""threshold"": 0.0, ""passed"": true}, ""min_support_actual"": {""value"": 110, ""threshold"": 50, ""passed"": true}, ""is_structurally_sound"": {""value"": false, ""passed"": false}, ""trade_path_quality_score"": {""value"": 0.18001292725806045, ""threshold"": 0.0, ""passed"": true}}, ""failures"": [""structural_soundness_fail: ""], ""warnings"": [], ""classification"": ""research""}",3.933581197168678,39.0,7.833581197168678,production,False,False,0.3
(*)|(*)|(reg_atr_change_rate_ts_top70==1&reg_atr_change_rate_ts_top80==1&reg_ema20_gt_ema50_raw==0),*,*,reg_atr_change_rate_ts_top70==1&reg_atr_change_rate_ts_top80==1&reg_ema20_gt_ema50_raw==0,0.20245650907357535,0.20245650907357535,0.053551183731908314,0.098821426431338,0.05071225071225072,0.03927613325264353,1.0,1.0,0.7235772357723578,110,,,-0.04231700521953901,-0.06255841145919322,-0.014673317814630797,-0.008253755277430691,,0.0,,,,0.24469553193589416,,,,0.37693349529997544,0.18001292725806045,12.0,0.29268675212840506,0.29268675212840506,7.170049756089642e-05,0.20238480857601446,3,2,2,3,3,stage_a_context,,long,3-way,True,,production,,,0.48349214564580656,0.21899335232668574,primary_target,0,ranking,research,"{""checks"": {""n_folds"": {""value"": 3, ""threshold"": 3, ""passed"": true}, ""presence_freq"": {""value"": 1.0, ""threshold"": 0.75, ""passed"": true}, ""directional_mean_ret"": {""value"": 0.20245650907357535, ""threshold"": 0.0, ""passed"": true}, ""hurdle_excess"": {""value"": 0.20238480857601446, ""threshold"": 0.0, ""passed"": true}, ""min_support_actual"": {""value"": 110, ""threshold"": 50, ""passed"": true}, ""is_structurally_sound"": {""value"": false, ""passed"": false}, ""trade_path_quality_score"": {""value"": 0.18001292725806045, ""threshold"": 0.0, ""passed"": true}}, ""failures"": [""structural_soundness_fail: ""], ""warnings"": [], ""classification"": ""research""}",5.193985524199282,28.5,8.043985524199282,production,False,False,0.3
(*)|(loc_dist_ema20_atr_ts_top70==1&loc_dist_ema20_atr_ts_top80==1)|(reg_ema20_gt_ema50_raw==0),*,loc_dist_ema20_atr_ts_top70==1&loc_dist_ema20_atr_ts_top80==1,reg_ema20_gt_ema50_raw==0,0.20245650907357535,0.20245650907357535,0.053551183731908314,0.098821426431338,0.05071225071225072,0.03927613325264353,1.0,1.0,0.7235772357723578,110,,,-0.04231700521953901,-0.06255841145919322,-0.014673317814630797,-0.008253755277430691,,0.0,,,,0.24469553193589416,,,,0.37693349529997544,0.18001292725806045,12.0,0.29268675212840506,0.29268675212840506,7.170049756089642e-05,0.20238480857601446,3,1,1,3,3,stage_a_context,,long,3-way,True,,production,,,0.48349214564580656,0.21899335232668574,primary_target,0,ranking,research,"{""checks"": {""n_folds"": {""value"": 3, ""threshold"": 3, ""passed"": true}, ""presence_freq"": {""value"": 1.0, ""threshold"": 0.75, ""passed"": true}, ""directional_mean_ret"": {""value"": 0.20245650907357535, ""threshold"": 0.0, ""passed"": true}, ""hurdle_excess"": {""value"": 0.20238480857601446, ""threshold"": 0.0, ""passed"": true}, ""min_support_actual"": {""value"": 110, ""threshold"": 50, ""passed"": true}, ""is_structurally_sound"": {""value"": false, ""passed"": false}, ""trade_path_quality_score"": {""value"": 0.18001292725806045, ""threshold"": 0.0, ""passed"": true}}, ""failures"": [""structural_soundness_fail: ""], ""warnings"": [], ""classification"": ""research""}",2.6561197713017464,21.333333333333332,4.789453104635079,production,False,False,0.3
(*)|(loc_dist_ema20_atr_ts_top50==1)|(reg_atr_change_rate_ts_top80==1&reg_ema20_gt_ema50_raw==0),*,loc_dist_ema20_atr_ts_top50==1,reg_atr_change_rate_ts_top80==1&reg_ema20_gt_ema50_raw==0,0.20245650907357535,0.20245650907357535,0.053551183731908314,0.098821426431338,0.05071225071225072,0.03927613325264353,1.0,1.0,0.7235772357723578,110,,,-0.04231700521953901,-0.06255841145919322,-0.014673317814630797,-0.008253755277430691,,0.0,,,,0.24469553193589416,,,,0.37693349529997544,0.18001292725806045,12.0,0.29268675212840506,0.29268675212840506,7.170049756089642e-05,0.20238480857601446,3,1,1,3,3,stage_a_context,,long,3-way,True,,production,,,0.48349214564580656,0.21899335232668574,primary_target,0,ranking,research,"{""checks"": {""n_folds"": {""value"": 3, ""threshold"": 3, ""passed"": true}, ""presence_freq"": {""value"": 1.0, ""threshold"": 0.75, ""passed"": true}, ""directional_mean_ret"": {""value"": 0.20245650907357535, ""threshold"": 0.0, ""passed"": true}, ""hurdle_excess"": {""value"": 0.20238480857601446, ""threshold"": 0.0, ""passed"": true}, ""min_support_actual"": {""value"": 110, ""threshold"": 50, ""passed"": true}, ""is_structurally_sound"": {""value"": false, ""passed"": false}, ""trade_path_quality_score"": {""value"": 0.18001292725806045, ""threshold"": 0.0, ""passed"": true}}, ""failures"": [""structural_soundness_fail: ""], ""warnings"": [], ""classification"": ""research""}",6.406938831632336,20.666666666666668,8.473605498299003,production,False,False,0.3
(*)|(loc_dist_ema20_atr_ts_top80==1)|(reg_atr_change_rate_ts_top60==1&reg_ema20_gt_ema50_raw==0),*,loc_dist_ema20_atr_ts_top80==1,reg_atr_change_rate_ts_top60==1&reg_ema20_gt_ema50_raw==0,0.20245650907357535,0.20245650907357535,0.053551183731908314,0.098821426431338,0.05071225071225072,0.03927613325264353,1.0,1.0,0.7235772357723578,110,,,-0.04231700521953901,-0.06255841145919322,-0.014673317814630797,-0.008253755277430691,,0.0,,,,0.24469553193589416,,,,0.37693349529997544,0.18001292725806045,12.0,0.29268675212840506,0.29268675212840506,7.170049756089642e-05,0.20238480857601446,3,1,1,3,3,stage_a_context,,long,3-way,True,,production,,,0.48349214564580656,0.21899335232668574,primary_target,0,ranking,research,"{""checks"": {""n_folds"": {""value"": 3, ""threshold"": 3, ""passed"": true}, ""presence_freq"": {""value"": 1.0, ""threshold"": 0.75, ""passed"": true}, ""directional_mean_ret"": {""value"": 0.20245650907357535, ""threshold"": 0.0, ""passed"": true}, ""hurdle_excess"": {""value"": 0.20238480857601446, ""threshold"": 0.0, ""passed"": true}, ""min_support_actual"": {""value"": 110, ""threshold"": 50, ""passed"": true}, ""is_structurally_sound"": {""value"": false, ""passed"": false}, ""trade_path_quality_score"": {""value"": 0.18001292725806045, ""threshold"": 0.0, ""passed"": true}}, ""failures"": [""structural_soundness_fail: ""], ""warnings"": [], ""classification"": ""research""}",3.2091409166653952,29.0,6.109140916665396,production,False,False,0.3
(*)|(loc_dist_ema20_atr_ts_top50==1)|(reg_atr_change_rate_ts_band20_80==0&reg_ema20_gt_ema50_raw==0),*,loc_dist_ema20_atr_ts_top50==1,reg_atr_change_rate_ts_band20_80==0&reg_ema20_gt_ema50_raw==0,0.20245650907357535,0.20245650907357535,0.053551183731908314,0.098821426431338,0.05071225071225072,0.03927613325264353,1.0,1.0,0.7235772357723578,110,,,-0.04231700521953901,-0.06255841145919322,-0.014673317814630797,-0.008253755277430691,,0.0,,,,0.24469553193589416,,,,0.37693349529997544,0.18001292725806045,12.0,0.29268675212840506,0.29268675212840506,7.170049756089642e-05,0.20238480857601446,3,1,1,3,3,stage_a_context,,long,3-way,True,,production,,,0.48349214564580656,0.21899335232668574,primary_target,0,ranking,research,"{""checks"": {""n_folds"": {""value"": 3, ""threshold"": 3, ""passed"": true}, ""presence_freq"": {""value"": 1.0, ""threshold"": 0.75, ""passed"": true}, ""directional_mean_ret"": {""value"": 0.20245650907357535, ""threshold"": 0.0, ""passed"": true}, ""hurdle_excess"": {""value"": 0.20238480857601446, ""threshold"": 0.0, ""passed"": true}, ""min_support_actual"": {""value"": 110, ""threshold"": 50, ""passed"": true}, ""is_structurally_sound"": {""value"": false, ""passed"": false}, ""trade_path_quality_score"": {""value"": 0.18001292725806045, ""threshold"": 0.0, ""passed"": true}}, ""failures"": [""structural_soundness_fail: ""], ""warnings"": [], ""classification"": ""research""}",3.6887105920662484,16.333333333333332,5.322043925399582,production,False,False,0.3
(*)|(loc_dist_ema20_atr_ts_top80==1)|(reg_atr_change_rate_ts_band40_60==0&reg_ema20_gt_ema50_raw==0),*,loc_dist_ema20_atr_ts_top80==1,reg_atr_change_rate_ts_band40_60==0&reg_ema20_gt_ema50_raw==0,0.20245650907357535,0.20245650907357535,0.053551183731908314,0.098821426431338,0.05071225071225072,0.03927613325264353,1.0,1.0,0.7235772357723578,110,,,-0.04231700521953901,-0.06255841145919322,-0.014673317814630797,-0.008253755277430691,,0.0,,,,0.24469553193589416,,,,0.37693349529997544,0.18001292725806045,12.0,0.29268675212840506,0.29268675212840506,7.170049756089642e-05,0.20238480857601446,3,1,1,3,3,stage_a_context,,long,3-way,True,,production,,,0.48349214564580656,0.21899335232668574,primary_target,0,ranking,research,"{""checks"": {""n_folds"": {""value"": 3, ""threshold"": 3, ""passed"": true}, ""presence_freq"": {""value"": 1.0, ""threshold"": 0.75, ""passed"": true}, ""directional_mean_ret"": {""value"": 0.20245650907357535, ""threshold"": 0.0, ""passed"": true}, ""hurdle_excess"": {""value"": 0.20238480857601446, ""threshold"": 0.0, ""passed"": true}, ""min_support_actual"": {""value"": 110, ""threshold"": 50, ""passed"": true}, ""is_structurally_sound"": {""value"": false, ""passed"": false}, ""trade_path_quality_score"": {""value"": 0.18001292725806045, ""threshold"": 0.0, ""passed"": true}}, ""failures"": [""structural_soundness_fail: ""], ""warnings"": [], ""classification"": ""research""}",3.2961790654808283,29.333333333333332,6.229512398814162,production,False,False,0.3
(*)|(loc_dist_ema20_atr_ts_top80==1)|(reg_ema20_gt_ema50_raw==0),*,loc_dist_ema20_atr_ts_top80==1,reg_ema20_gt_ema50_raw==0,0.20245650907357535,0.20245650907357535,0.053551183731908314,0.098821426431338,0.05071225071225072,0.03927613325264353,1.0,1.0,0.7235772357723578,110,,,-0.04231700521953901,-0.06255841145919322,-0.014673317814630797,-0.008253755277430691,,0.0,,,,0.24469553193589416,,,,0.37693349529997544,0.18001292725806045,12.0,0.29268675212840506,0.29268675212840506,8.706488989537423e-05,0.20236944418367997,3,4,4,2,2,stage_a_context,,long,2-way,True,,production,,,0.48349214564580656,0.21899335232668574,primary_target,0,ranking,research,"{""checks"": {""n_folds"": {""value"": 3, ""threshold"": 3, ""passed"": true}, ""presence_freq"": {""value"": 1.0, ""threshold"": 0.75, ""passed"": true}, ""directional_mean_ret"": {""value"": 0.20245650907357535, ""threshold"": 0.0, ""passed"": true}, ""hurdle_excess"": {""value"": 0.20236944418367997, ""threshold"": 0.0, ""passed"": true}, ""min_support_actual"": {""value"": 110, ""threshold"": 50, ""passed"": true}, ""is_structurally_sound"": {""value"": false, ""passed"": false}, ""trade_path_quality_score"": {""value"": 0.18001292725806045, ""threshold"": 0.0, ""passed"": true}}, ""failures"": [""structural_soundness_fail: ""], ""warnings"": [], ""classification"": ""research""}",3.8579568048007786,30.0,6.857956804800779,production,False,False,0.15
(*)|(*)|(reg_atr_change_rate_ts_top80==1&reg_price_lt_ema200_raw==0),*,*,reg_atr_change_rate_ts_top80==1&reg_price_lt_ema200_raw==0,0.20245650907357535,0.20245650907357535,0.053551183731908314,0.098821426431338,0.05071225071225072,0.03927613325264353,1.0,1.0,0.7235772357723578,110,,,-0.04231700521953901,-0.06255841145919322,-0.014673317814630797,-0.008253755277430691,,0.0,,,,0.24469553193589416,,,,0.37693349529997544,0.18001292725806045,12.0,0.29268675212840506,0.29268675212840506,8.706488989537423e-05,0.20236944418367997,3,2,2,2,2,stage_a_context,,long,2-way,True,,production,,,0.48349214564580656,0.21899335232668574,primary_target,0,ranking,research,"{""checks"": {""n_folds"": {""value"": 3, ""threshold"": 3, ""passed"": true}, ""presence_freq"": {""value"": 1.0, ""threshold"": 0.75, ""passed"": true}, ""directional_mean_ret"": {""value"": 0.20245650907357535, ""threshold"": 0.0, ""passed"": true}, ""hurdle_excess"": {""value"": 0.20236944418367997, ""threshold"": 0.0, ""passed"": true}, ""min_support_actual"": {""value"": 110, ""threshold"": 50, ""passed"": true}, ""is_structurally_sound"": {""value"": false, ""passed"": false}, ""trade_path_quality_score"": {""value"": 0.18001292725806045, ""threshold"": 0.0, ""passed"": true}}, ""failures"": [""structural_soundness_fail: ""], ""warnings"": [], ""classification"": ""research""}",3.937054301262833,19.25,5.862054301262834,production,False,False,0.15
(*)|(*)|(reg_atr_change_rate_ts_top80==1&reg_ema50_gt_ema200_raw==0),*,*,reg_atr_change_rate_ts_top80==1&reg_ema50_gt_ema200_raw==0,0.20245650907357535,0.20245650907357535,0.053551183731908314,0.098821426431338,0.05071225071225072,0.03927613325264353,1.0,1.0,0.7235772357723578,110,,,-0.04231700521953901,-0.06255841145919322,-0.014673317814630797,-0.008253755277430691,,0.0,,,,0.24469553193589416,,,,0.37693349529997544,0.18001292725806045,12.0,0.29268675212840506,0.29268675212840506,8.706488989537423e-05,0.20236944418367997,3,3,3,2,2,stage_a_context,,long,2-way,True,,production,,,0.48349214564580656,0.21899335232668574,primary_target,0,ranking,research,"{""checks"": {""n_folds"": {""value"": 3, ""threshold"": 3, ""passed"": true}, ""presence_freq"": {""value"": 1.0, ""threshold"": 0.75, ""passed"": true}, ""directional_mean_ret"": {""value"": 0.20245650907357535, ""threshold"": 0.0, ""passed"": true}, ""hurdle_excess"": {""value"": 0.20236944418367997, ""threshold"": 0.0, ""passed"": true}, ""min_support_actual"": {""value"": 110, ""threshold"": 50, ""passed"": true}, ""is_structurally_sound"": {""value"": false, ""passed"": false}, ""trade_path_quality_score"": {""value"": 0.18001292725806045, ""threshold"": 0.0, ""passed"": true}}, ""failures"": [""structural_soundness_fail: ""], ""warnings"": [], ""classification"": ""research""}",3.5583519822297,23.0,5.858351982229699,production,False,False,0.15
(*)|(*)|(reg_atr_change_rate_ts_top80==1&reg_ema20_gt_ema50_raw==0),*,*,reg_atr_change_rate_ts_top80==1&reg_ema20_gt_ema50_raw==0,0.20245650907357535,0.20245650907357535,0.053551183731908314,0.098821426431338,0.05071225071225072,0.03927613325264353,1.0,1.0,0.7235772357723578,110,,,-0.04231700521953901,-0.06255841145919322,-0.014673317814630797,-0.008253755277430691,,0.0,,,,0.24469553193589416,,,,0.37693349529997544,0.18001292725806045,12.0,0.29268675212840506,0.29268675212840506,8.706488989537423e-05,0.20236944418367997,3,7,7,2,2,stage_a_context,,long,2-way,True,,production,,,0.48349214564580656,0.21899335232668574,primary_target,0,ranking,research,"{""checks"": {""n_folds"": {""value"": 3, ""threshold"": 3, ""passed"": true}, ""presence_freq"": {""value"": 1.0, ""threshold"": 0.75, ""passed"": true}, ""directional_mean_ret"": {""value"": 0.20245650907357535, ""threshold"": 0.0, ""passed"": true}, ""hurdle_excess"": {""value"": 0.20236944418367997, ""threshold"": 0.0, ""passed"": true}, ""min_support_actual"": {""value"": 110, ""threshold"": 50, ""passed"": true}, ""is_structurally_sound"": {""value"": false, ""passed"": false}, ""trade_path_quality_score"": {""value"": 0.18001292725806045, ""threshold"": 0.0, ""passed"": true}}, ""failures"": [""structural_soundness_fail: ""], ""warnings"": [], ""classification"": ""research""}",7.888195280850466,32.5,11.138195280850466,production,False,False,0.15
(*)|(*)|(reg_atr_change_rate_ts_band40_60==0&reg_atr_change_rate_ts_top50==1&reg_atr_change_rate_ts_top80==1&reg_ema50_gt_ema200_raw==0),*,*,reg_atr_change_rate_ts_band40_60==0&reg_atr_change_rate_ts_top50==1&reg_atr_change_rate_ts_top80==1&reg_ema50_gt_ema200_raw==0,0.20245650907357535,0.20245650907357535,0.053551183731908314,0.098821426431338,0.05071225071225072,0.03927613325264353,1.0,1.0,0.7235772357723578,110,,,-0.04231700521953901,-0.06255841145919322,-0.014673317814630797,-0.008253755277430691,,0.0,,,,0.24469553193589416,,,,0.37693349529997544,0.18001292725806045,12.0,0.29268675212840506,0.29268675212840506,9.218635400686684e-05,0.20236432271956847,3,1,1,4,4,stage_a_context,,long,4-way,True,,production,,,0.48349214564580656,0.21899335232668574,primary_target,0,ranking,research,"{""checks"": {""n_folds"": {""value"": 3, ""threshold"": 3, ""passed"": true}, ""presence_freq"": {""value"": 1.0, ""threshold"": 0.75, ""passed"": true}, ""directional_mean_ret"": {""value"": 0.20245650907357535, ""threshold"": 0.0, ""passed"": true}, ""hurdle_excess"": {""value"": 0.20236432271956847, ""threshold"": 0.0, ""passed"": true}, ""min_support_actual"": {""value"": 110, ""threshold"": 50, ""passed"": true}, ""is_structurally_sound"": {""value"": false, ""passed"": false}, ""trade_path_quality_score"": {""value"": 0.18001292725806045, ""threshold"": 0.0, ""passed"": true}}, ""failures"": [""structural_soundness_fail: ""], ""warnings"": [], ""classification"": ""research""}",2.7253041894873604,27.5,5.47530418948736,production,False,False,0.1
(*)|(*)|(reg_atr_change_rate_ts_band30_70==0&reg_atr_change_rate_ts_top60==1&reg_atr_change_rate_ts_top80==1&reg_ema50_gt_ema200_raw==0),*,*,reg_atr_change_rate_ts_band30_70==0&reg_atr_change_rate_ts_top60==1&reg_atr_change_rate_ts_top80==1&reg_ema50_gt_ema200_raw==0,0.20245650907357535,0.20245650907357535,0.053551183731908314,0.098821426431338,0.05071225071225072,0.03927613325264353,1.0,1.0,0.7235772357723578,110,,,-0.04231700521953901,-0.06255841145919322,-0.014673317814630797,-0.008253755277430691,,0.0,,,,0.24469553193589416,,,,0.37693349529997544,0.18001292725806045,12.0,0.29268675212840506,0.29268675212840506,9.218635400686684e-05,0.20236432271956847,3,1,1,4,4,stage_a_context,,long,4-way,True,,production,,,0.48349214564580656,0.21899335232668574,primary_target,0,ranking,research,"{""checks"": {""n_folds"": {""value"": 3, ""threshold"": 3, ""passed"": true}, ""presence_freq"": {""value"": 1.0, ""threshold"": 0.75, ""passed"": true}, ""directional_mean_ret"": {""value"": 0.20245650907357535, ""threshold"": 0.0, ""passed"": true}, ""hurdle_excess"": {""value"": 0.20236432271956847, ""threshold"": 0.0, ""passed"": true}, ""min_support_actual"": {""value"": 110, ""threshold"": 50, ""passed"": true}, ""is_structurally_sound"": {""value"": false, ""passed"": false}, ""trade_path_quality_score"": {""value"": 0.18001292725806045, ""threshold"": 0.0, ""passed"": true}}, ""failures"": [""structural_soundness_fail: ""], ""warnings"": [], ""classification"": ""research""}",2.0469038339797407,25.5,4.5969038339797414,production,False,False,0.1
(*)|(loc_dist_ema20_atr_ts_top80==1)|(reg_atr_change_rate_ts_band30_70==0&reg_atr_change_rate_ts_top20==1&reg_atr_change_rate_ts_top30==1&reg_ema20_gt_ema50_raw==0),*,loc_dist_ema20_atr_ts_top80==1,reg_atr_change_rate_ts_band30_70==0&reg_atr_change_rate_ts_top20==1&reg_atr_change_rate_ts_top30==1&reg_ema20_gt_ema50_raw==0,0.20245650907357535,0.20245650907357535,0.053551183731908314,0.098821426431338,0.05071225071225072,0.03927613325264353,1.0,1.0,0.7235772357723578,110,,,-0.04231700521953901,-0.06255841145919322,-0.014673317814630797,-0.008253755277430691,,0.0,,,,0.24469553193589416,,,,0.37693349529997544,0.18001292725806045,12.0,0.29268675212840506,0.29268675212840506,9.218635400686684e-05,0.20236432271956847,3,1,1,5,5,stage_a_context,,long,5-way,True,,production,,,0.48349214564580656,0.21899335232668574,primary_target,0,ranking,research,"{""checks"": {""n_folds"": {""value"": 3, ""threshold"": 3, ""passed"": true}, ""presence_freq"": {""value"": 1.0, ""threshold"": 0.75, ""passed"": true}, ""directional_mean_ret"": {""value"": 0.20245650907357535, ""threshold"": 0.0, ""passed"": true}, ""hurdle_excess"": {""value"": 0.20236432271956847, ""threshold"": 0.0, ""passed"": true}, ""min_support_actual"": {""value"": 110, ""threshold"": 50, ""passed"": true}, ""is_structurally_sound"": {""value"": false, ""passed"": false}, ""trade_path_quality_score"": {""value"": 0.18001292725806045, ""threshold"": 0.0, ""passed"": true}}, ""failures"": [""structural_soundness_fail: ""], ""warnings"": [], ""classification"": ""research""}",3.9053227021358907,31.0,7.00532270213589,production,False,False,0.1
(*)|(*)|(reg_atr_change_rate_ts_band40_60==0&reg_atr_change_rate_ts_top20==1&reg_atr_change_rate_ts_top50==1&reg_atr_change_rate_ts_top80==1&reg_ema50_gt_ema200_raw==0),*,*,reg_atr_change_rate_ts_band40_60==0&reg_atr_change_rate_ts_top20==1&reg_atr_change_rate_ts_top50==1&reg_atr_change_rate_ts_top80==1&reg_ema50_gt_ema200_raw==0,0.20245650907357535,0.20245650907357535,0.053551183731908314,0.098821426431338,0.05071225071225072,0.03927613325264353,1.0,1.0,0.7235772357723578,110,,,-0.04231700521953901,-0.06255841145919322,-0.014673317814630797,-0.008253755277430691,,0.0,,,,0.24469553193589416,,,,0.37693349529997544,0.18001292725806045,12.0,0.29268675212840506,0.29268675212840506,9.218635400686684e-05,0.20236432271956847,3,1,1,5,5,stage_a_context,,long,5-way,True,,production,,,0.48349214564580656,0.21899335232668574,primary_target,0,ranking,research,"{""checks"": {""n_folds"": {""value"": 3, ""threshold"": 3, ""passed"": true}, ""presence_freq"": {""value"": 1.0, ""threshold"": 0.75, ""passed"": true}, ""directional_mean_ret"": {""value"": 0.20245650907357535, ""threshold"": 0.0, ""passed"": true}, ""hurdle_excess"": {""value"": 0.20236432271956847, ""threshold"": 0.0, ""passed"": true}, ""min_support_actual"": {""value"": 110, ""threshold"": 50, ""passed"": true}, ""is_structurally_sound"": {""value"": false, ""passed"": false}, ""trade_path_quality_score"": {""value"": 0.18001292725806045, ""threshold"": 0.0, ""passed"": true}}, ""failures"": [""structural_soundness_fail: ""], ""warnings"": [], ""classification"": ""research""}",3.7676708032377064,29.6,6.727670803237707,production,False,False,0.1
(*)|(*)|(reg_atr_change_rate_ts_band25_75==0&reg_atr_change_rate_ts_top20==1&reg_atr_change_rate_ts_top80==1&reg_ema20_gt_ema50_raw==0),*,*,reg_atr_change_rate_ts_band25_75==0&reg_atr_change_rate_ts_top20==1&reg_atr_change_rate_ts_top80==1&reg_ema20_gt_ema50_raw==0,0.20245650907357535,0.20245650907357535,0.053551183731908314,0.098821426431338,0.05071225071225072,0.03927613325264353,1.0,1.0,0.7235772357723578,110,,,-0.04231700521953901,-0.06255841145919322,-0.014673317814630797,-0.008253755277430691,,0.0,,,,0.24469553193589416,,,,0.37693349529997544,0.18001292725806045,12.0,0.29268675212840506,0.29268675212840506,9.218635400686684e-05,0.20236432271956847,3,1,1,4,4,stage_a_context,,long,4-way,True,,production,,,0.48349214564580656,0.21899335232668574,primary_target,0,ranking,research,"{""checks"": {""n_folds"": {""value"": 3, ""threshold"": 3, ""passed"": true}, ""presence_freq"": {""value"": 1.0, ""threshold"": 0.75, ""passed"": true}, ""directional_mean_ret"": {""value"": 0.20245650907357535, ""threshold"": 0.0, ""passed"": true}, ""hurdle_excess"": {""value"": 0.20236432271956847, ""threshold"": 0.0, ""passed"": true}, ""min_support_actual"": {""value"": 110, ""threshold"": 50, ""passed"": true}, ""is_structurally_sound"": {""value"": false, ""passed"": false}, ""trade_path_quality_score"": {""value"": 0.18001292725806045, ""threshold"": 0.0, ""passed"": true}}, ""failures"": [""structural_soundness_fail: ""], ""warnings"": [], ""classification"": ""research""}",5.706623912905343,42.0,9.906623912905342,production,False,False,0.1
(*)|(loc_dist_ema20_atr_ts_top80==1)|(reg_atr_change_rate_ts_band25_75==0&reg_atr_change_rate_ts_top20==1&reg_ema20_gt_ema50_raw==0),*,loc_dist_ema20_atr_ts_top80==1,reg_atr_change_rate_ts_band25_75==0&reg_atr_change_rate_ts_top20==1&reg_ema20_gt_ema50_raw==0,0.20245650907357535,0.20245650907357535,0.053551183731908314,0.098821426431338,0.05071225071225072,0.03927613325264353,1.0,1.0,0.7235772357723578,110,,,-0.04231700521953901,-0.06255841145919322,-0.014673317814630797,-0.008253755277430691,,0.0,,,,0.24469553193589416,,,,0.37693349529997544,0.18001292725806045,12.0,0.29268675212840506,0.29268675212840506,9.218635400686684e-05,0.20236432271956847,3,1,1,4,4,stage_a_context,,long,4-way,True,,production,,,0.48349214564580656,0.21899335232668574,primary_target,0,ranking,research,"{""checks"": {""n_folds"": {""value"": 3, ""threshold"": 3, ""passed"": true}, ""presence_freq"": {""value"": 1.0, ""threshold"": 0.75, ""passed"": true}, ""directional_mean_ret"": {""value"": 0.20245650907357535, ""threshold"": 0.0, ""passed"": true}, ""hurdle_excess"": {""value"": 0.20236432271956847, ""threshold"": 0.0, ""passed"": true}, ""min_support_actual"": {""value"": 110, ""threshold"": 50, ""passed"": true}, ""is_structurally_sound"": {""value"": false, ""passed"": false}, ""trade_path_quality_score"": {""value"": 0.18001292725806045, ""threshold"": 0.0, ""passed"": true}}, ""failures"": [""structural_soundness_fail: ""], ""warnings"": [], ""classification"": ""research""}",5.163293702527881,34.5,8.61329370252788,production,False,False,0.1
(*)|(*)|(reg_atr_change_rate_ts_bot50==0&reg_atr_change_rate_ts_top20==1&reg_atr_change_rate_ts_top80==1&reg_ema20_gt_ema50_raw==0),*,*,reg_atr_change_rate_ts_bot50==0&reg_atr_change_rate_ts_top20==1&reg_atr_change_rate_ts_top80==1&reg_ema20_gt_ema50_raw==0,0.20245650907357535,0.20245650907357535,0.053551183731908314,0.098821426431338,0.05071225071225072,0.03927613325264353,1.0,1.0,0.7235772357723578,110,,,-0.04231700521953901,-0.06255841145919322,-0.014673317814630797,-0.008253755277430691,,0.0,,,,0.24469553193589416,,,,0.37693349529997544,0.18001292725806045,12.0,0.29268675212840506,0.29268675212840506,9.218635400686684e-05,0.20236432271956847,3,1,1,4,4,stage_a_context,,long,4-way,True,,production,,,0.48349214564580656,0.21899335232668574,primary_target,0,ranking,research,"{""checks"": {""n_folds"": {""value"": 3, ""threshold"": 3, ""passed"": true}, ""presence_freq"": {""value"": 1.0, ""threshold"": 0.75, ""passed"": true}, ""directional_mean_ret"": {""value"": 0.20245650907357535, ""threshold"": 0.0, ""passed"": true}, ""hurdle_excess"": {""value"": 0.20236432271956847, ""threshold"": 0.0, ""passed"": true}, ""min_support_actual"": {""value"": 110, ""threshold"": 50, ""passed"": true}, ""is_structurally_sound"": {""value"": false, ""passed"": false}, ""trade_path_quality_score"": {""value"": 0.18001292725806045, ""threshold"": 0.0, ""passed"": true}}, ""failures"": [""structural_soundness_fail: ""], ""warnings"": [], ""classification"": ""research""}",4.594002828584053,32.75,7.869002828584053,production,False,False,0.1
(*)|(*)|(reg_atr_change_rate_ts_bot80==0&reg_atr_change_rate_ts_top20==1&reg_atr_change_rate_ts_top50==1&reg_ema50_gt_ema200_raw==0),*,*,reg_atr_change_rate_ts_bot80==0&reg_atr_change_rate_ts_top20==1&reg_atr_change_rate_ts_top50==1&reg_ema50_gt_ema200_raw==0,0.20245650907357535,0.20245650907357535,0.053551183731908314,0.098821426431338,0.05071225071225072,0.03927613325264353,1.0,1.0,0.7235772357723578,110,,,-0.04231700521953901,-0.06255841145919322,-0.014673317814630797,-0.008253755277430691,,0.0,,,,0.24469553193589416,,,,0.37693349529997544,0.18001292725806045,12.0,0.29268675212840506,0.29268675212840506,9.218635400686684e-05,0.20236432271956847,3,1,1,4,4,stage_a_context,,long,4-way,True,,production,,,0.48349214564580656,0.21899335232668574,primary_target,0,ranking,research,"{""checks"": {""n_folds"": {""value"": 3, ""threshold"": 3, ""passed"": true}, ""presence_freq"": {""value"": 1.0, ""threshold"": 0.75, ""passed"": true}, ""directional_mean_ret"": {""value"": 0.20245650907357535, ""threshold"": 0.0, ""passed"": true}, ""hurdle_excess"": {""value"": 0.20236432271956847, ""threshold"": 0.0, ""passed"": true}, ""min_support_actual"": {""value"": 110, ""threshold"": 50, ""passed"": true}, ""is_structurally_sound"": {""value"": false, ""passed"": false}, ""trade_path_quality_score"": {""value"": 0.18001292725806045, ""threshold"": 0.0, ""passed"": true}}, ""failures"": [""structural_soundness_fail: ""], ""warnings"": [], ""classification"": ""research""}",3.2493760569486767,18.75,5.124376056948677,production,False,False,0.1
(*)|(loc_dist_ema20_atr_ts_top50==1)|(reg_atr_change_rate_ts_top20==1&reg_atr_change_rate_ts_top80==1&reg_ema20_gt_ema50_raw==0),*,loc_dist_ema20_atr_ts_top50==1,reg_atr_change_rate_ts_top20==1&reg_atr_change_rate_ts_top80==1&reg_ema20_gt_ema50_raw==0,0.20245650907357535,0.20245650907357535,0.053551183731908314,0.098821426431338,0.05071225071225072,0.03927613325264353,1.0,1.0,0.7235772357723578,110,,,-0.04231700521953901,-0.06255841145919322,-0.014673317814630797,-0.008253755277430691,,0.0,,,,0.24469553193589416,,,,0.37693349529997544,0.18001292725806045,12.0,0.29268675212840506,0.29268675212840506,9.218635400686684e-05,0.20236432271956847,3,1,1,4,4,stage_a_context,,long,4-way,True,,production,,,0.48349214564580656,0.21899335232668574,primary_target,0,ranking,research,"{""checks"": {""n_folds"": {""value"": 3, ""threshold"": 3, ""passed"": true}, ""presence_freq"": {""value"": 1.0, ""threshold"": 0.75, ""passed"": true}, ""directional_mean_ret"": {""value"": 0.20245650907357535, ""threshold"": 0.0, ""passed"": true}, ""hurdle_excess"": {""value"": 0.20236432271956847, ""threshold"": 0.0, ""passed"": true}, ""min_support_actual"": {""value"": 110, ""threshold"": 50, ""passed"": true}, ""is_structurally_sound"": {""value"": false, ""passed"": false}, ""trade_path_quality_score"": {""value"": 0.18001292725806045, ""threshold"": 0.0, ""passed"": true}}, ""failures"": [""structural_soundness_fail: ""], ""warnings"": [], ""classification"": ""research""}",4.732402978115715,35.0,8.232402978115715,production,False,False,0.1
(*)|(loc_dist_ema20_atr_ts_top30==1&loc_dist_ema20_atr_ts_top50==1)|(reg_atr_change_rate_ts_top80==1&reg_ema20_gt_ema50_raw==0),*,loc_dist_ema20_atr_ts_top30==1&loc_dist_ema20_atr_ts_top50==1,reg_atr_change_rate_ts_top80==1&reg_ema20_gt_ema50_raw==0,0.20245650907357535,0.20245650907357535,0.053551183731908314,0.098821426431338,0.05071225071225072,0.03927613325264353,1.0,1.0,0.7235772357723578,110,,,-0.04231700521953901,-0.06255841145919322,-0.014673317814630797,-0.008253755277430691,,0.0,,,,0.24469553193589416,,,,0.37693349529997544,0.18001292725806045,12.0,0.29268675212840506,0.29268675212840506,9.218635400686684e-05,0.20236432271956847,3,1,1,4,4,stage_a_context,,long,4-way,True,,production,,,0.48349214564580656,0.21899335232668574,primary_target,0,ranking,research,"{""checks"": {""n_folds"": {""value"": 3, ""threshold"": 3, ""passed"": true}, ""presence_freq"": {""value"": 1.0, ""threshold"": 0.75, ""passed"": true}, ""directional_mean_ret"": {""value"": 0.20245650907357535, ""threshold"": 0.0, ""passed"": true}, ""hurdle_excess"": {""value"": 0.20236432271956847, ""threshold"": 0.0, ""passed"": true}, ""min_support_actual"": {""value"": 110, ""threshold"": 50, ""passed"": true}, ""is_structurally_sound"": {""value"": false, ""passed"": false}, ""trade_path_quality_score"": {""value"": 0.18001292725806045, ""threshold"": 0.0, ""passed"": true}}, ""failures"": [""structural_soundness_fail: ""], ""warnings"": [], ""classification"": ""research""}",2.9827693625120446,28.0,5.782769362512045,production,False,False,0.1
(*)|(*)|(reg_atr_change_rate_ts_top20==1&reg_atr_change_rate_ts_top60==1&reg_atr_change_rate_ts_top80==1&reg_ema20_gt_ema50_raw==0),*,*,reg_atr_change_rate_ts_top20==1&reg_atr_change_rate_ts_top60==1&reg_atr_change_rate_ts_top80==1&reg_ema20_gt_ema50_raw==0,0.20245650907357535,0.20245650907357535,0.053551183731908314,0.098821426431338,0.05071225071225072,0.03927613325264353,1.0,1.0,0.7235772357723578,110,,,-0.04231700521953901,-0.06255841145919322,-0.014673317814630797,-0.008253755277430691,,0.0,,,,0.24469553193589416,,,,0.37693349529997544,0.18001292725806045,12.0,0.29268675212840506,0.29268675212840506,9.218635400686684e-05,0.20236432271956847,3,1,1,4,4,stage_a_context,,long,4-way,True,,production,,,0.48349214564580656,0.21899335232668574,primary_target,0,ranking,research,"{""checks"": {""n_folds"": {""value"": 3, ""threshold"": 3, ""passed"": true}, ""presence_freq"": {""value"": 1.0, ""threshold"": 0.75, ""passed"": true}, ""directional_mean_ret"": {""value"": 0.20245650907357535, ""threshold"": 0.0, ""passed"": true}, ""hurdle_excess"": {""value"": 0.20236432271956847, ""threshold"": 0.0, ""passed"": true}, ""min_support_actual"": {""value"": 110, ""threshold"": 50, ""passed"": true}, ""is_structurally_sound"": {""value"": false, ""passed"": false}, ""trade_path_quality_score"": {""value"": 0.18001292725806045, ""threshold"": 0.0, ""passed"": true}}, ""failures"": [""structural_soundness_fail: ""], ""warnings"": [], ""classification"": ""research""}",4.934470212436281,38.75,8.809470212436281,production,False,False,0.1
(*)|(*)|(reg_atr_change_rate_ts_top20==1&reg_atr_change_rate_ts_top50==1&reg_atr_change_rate_ts_top80==1&reg_ema20_gt_ema50_raw==0),*,*,reg_atr_change_rate_ts_top20==1&reg_atr_change_rate_ts_top50==1&reg_atr_change_rate_ts_top80==1&reg_ema20_gt_ema50_raw==0,0.20245650907357535,0.20245650907357535,0.053551183731908314,0.098821426431338,0.05071225071225072,0.03927613325264353,1.0,1.0,0.7235772357723578,110,,,-0.04231700521953901,-0.06255841145919322,-0.014673317814630797,-0.008253755277430691,,0.0,,,,0.24469553193589416,,,,0.37693349529997544,0.18001292725806045,12.0,0.29268675212840506,0.29268675212840506,9.218635400686684e-05,0.20236432271956847,3,1,1,4,4,stage_a_context,,long,4-way,True,,production,,,0.48349214564580656,0.21899335232668574,primary_target,0,ranking,research,"{""checks"": {""n_folds"": {""value"": 3, ""threshold"": 3, ""passed"": true}, ""presence_freq"": {""value"": 1.0, ""threshold"": 0.75, ""passed"": true}, ""directional_mean_ret"": {""value"": 0.20245650907357535, ""threshold"": 0.0, ""passed"": true}, ""hurdle_excess"": {""value"": 0.20236432271956847, ""threshold"": 0.0, ""passed"": true}, ""min_support_actual"": {""value"": 110, ""threshold"": 50, ""passed"": true}, ""is_structurally_sound"": {""value"": false, ""passed"": false}, ""trade_path_quality_score"": {""value"": 0.18001292725806045, ""threshold"": 0.0, ""passed"": true}}, ""failures"": [""structural_soundness_fail: ""], ""warnings"": [], ""classification"": ""research""}",5.411070097819902,39.0,9.311070097819902,production,False,False,0.1
