canonical_key,fold_id,support,support_pct,mean_ret,std_ret,sign,baseline_support,baseline_ret,uplift,parent_context_key,fold_ic,baseline_ic,delta_ic,within_mask_ic,delta_within_mask_ic,decile_spread_sharpe,regression_beta,regression_slope_fit,entropy_reduction
(*)|(loc_prev_day_range_pos_48<=0.47714642&zscore_price_200>-0.84239042)|(mark_perp_dislocation<=0.00038042659),0,2981,0.14905,0.001693927333690226,0.02024425007402897,1,0,,,,0.04793911012936514,,,-0.08648952586321353,-0.18794916282283805,-0.23013916611671448,-0.6943424344062805,0.007899321699502,0.08132725954055786
(*)|(loc_prev_day_range_pos_48<=0.47714642&zscore_price_200>-0.84239042)|(mark_perp_dislocation<=0.00038042659),1,3148,0.1574,0.007779275067150593,0.024750756099820137,1,0,,,,0.1520062391100241,,,0.041341001794276085,-0.13919801205113091,0.13955006003379822,0.4941456913948059,0.23567582889721808,0.04028940200805664
(*)|(loc_prev_day_range_pos_48<=0.47714642&zscore_price_200>-0.84239042)|(mark_perp_dislocation<=0.00038042659),2,2777,0.13885,-9.180227061733603e-05,0.023161938413977623,-1,0,,,,0.025131085021550953,,,0.08508494695728801,-0.07154349140699419,0.13409015536308289,0.5305166244506836,0.2614842902001956,0.08685308694839478
(*)|(loc_prev_day_range_pos_48<=0.47714642&zscore_price_200>-0.84239042)|(mark_perp_dislocation<=0.00038042659),3,3204,0.1602,0.004187735728919506,0.015991628170013428,1,0,,,,0.09608780793449202,,,-0.02797739739944172,-0.22348632370280222,-0.046893808990716934,-0.1268298625946045,0.03997448541052087,0.08032757043838501
(*)|(loc_prev_day_range_pos_48<=0.47714642&zscore_price_200>-0.84239042)|(mark_perp_dislocation<=0.00038042659),4,235,0.058852992737290256,0.008990953676402569,0.017482712864875793,1,0,,,,0.08222941467005968,,,0.2769140853302163,-0.024829587548371668,0.7391448020935059,2.5855252742767334,0.010779897604306789,0.3207409977912903
(*)|(dist_range_mid_atr<=0.0012407074&loc_swing_range_pos_24<=1.1262729)|(dist_oiw_z_delta_96h_atr>-1.0808103&mark_vs_perp_bps<=0.66909462),0,2287,0.11435,0.0010840451577678323,0.02164294756948948,1,0,,,,0.0180773725381648,,,0.005303123457195615,-0.0961565135024289,-0.05803465098142624,-0.11596697568893433,0.04123462044593669,0.009903430938720703
(*)|(dist_range_mid_atr<=0.0012407074&loc_swing_range_pos_24<=1.1262729)|(dist_oiw_z_delta_96h_atr>-1.0808103&mark_vs_perp_bps<=0.66909462),1,2859,0.14295,0.005787534639239311,0.024636371061205864,1,0,,,,0.10714026170523916,,,-0.006765640217117175,-0.18730465406252417,0.0660037025809288,0.21137015521526337,0.10505953096066978,-0.06148934364318848
(*)|(dist_range_mid_atr<=0.0012407074&loc_swing_range_pos_24<=1.1262729)|(dist_oiw_z_delta_96h_atr>-1.0808103&mark_vs_perp_bps<=0.66909462),2,2429,0.12145,0.0011882269755005836,0.023359304293990135,1,0,,,,0.03966770087128651,,,0.11084413369771863,-0.045784304666563566,0.1065647080540657,0.54819655418396,0.27503223003771254,-0.04387319087982178
(*)|(dist_range_mid_atr<=0.0012407074&loc_swing_range_pos_24<=1.1262729)|(dist_oiw_z_delta_96h_atr>-1.0808103&mark_vs_perp_bps<=0.66909462),3,2966,0.1483,0.004586346447467804,0.01715891622006893,1,0,,,,0.10387084972550474,,,-0.011905157894039372,-0.20741408419739987,-0.057071711868047714,0.22273002564907074,0.1085253649168062,0.029497504234313965
(*)|(dist_range_mid_atr<=0.0012407074&loc_swing_range_pos_24<=1.1262729)|(dist_oiw_z_delta_96h_atr>-1.0808103&mark_vs_perp_bps<=0.66909462),4,483,0.12096168294515403,0.008527429774403572,0.012530763633549213,1,0,,,,0.16311633674324913,,,0.22411074908792153,-0.07763292379066641,1.0751584768295288,1.5331745147705078,0.21797917321079704,-0.0669182538986206
(*)|(*)|(compression_score>0.337302&mark_perp_dislocation<=-0.00059023587),0,2520,0.126,0.0029354412108659744,0.02621089480817318,1,0,,,,0.06720748919138325,,,-0.009732353695718796,-0.11119199065534333,-0.018613288179039955,-0.09532500803470612,0.04373966061291194,-0.004137814044952393
(*)|(*)|(compression_score>0.337302&mark_perp_dislocation<=-0.00059023587),1,3073,0.15365,0.003267190419137478,0.02706502564251423,1,0,,,,0.06020807309502855,,,0.05889379519521642,-0.12164521865019057,0.1330181062221527,0.36973872780799866,0.16517553997266493,0.02720564603805542
(*)|(*)|(compression_score>0.337302&mark_perp_dislocation<=-0.00059023587),2,2357,0.11785,0.0011833221651613712,0.022123467177152634,1,0,,,,0.046689213798297546,,,0.0010095849095015598,-0.15561885345478063,0.04085765406489372,-0.014325624331831932,0.05512934031858088,0.0029357075691223145
(*)|(*)|(compression_score>0.337302&mark_perp_dislocation<=-0.00059023587),3,2613,0.13065,0.005522576160728931,0.020439624786376953,1,0,,,,0.13407724610779342,,,0.012750675531740923,-0.18275825077161958,0.06748320907354355,0.2229771465063095,0.10860201734910119,0.00958395004272461
(*)|(*)|(compression_score>0.337302&mark_perp_dislocation<=-0.00059023587),4,593,0.1485098923115452,0.005423269234597683,0.012964945286512375,1,0,,,,0.14156323531833417,,,0.01412038748131735,-0.2876232853972706,0.05513688921928406,0.29128608107566833,0.13200745097449132,0.0694006085395813
(*)|(pullback_depth>0.47234333)|(asset_atr_level_pct>0.078874223&mark_perp_dislocation<=0.00073630631&price_trend_15d_vol_norm>-0.038506433),0,2999,0.14995,0.002117618452757597,0.021846499294042587,1,0,,,,0.057275028994588854,,,-0.011849490350225382,-0.1133091273098499,-0.09770802408456802,-0.3111303746700287,0.023609956158943464,0.10987859964370728
(*)|(pullback_depth>0.47234333)|(asset_atr_level_pct>0.078874223&mark_perp_dislocation<=0.00073630631&price_trend_15d_vol_norm>-0.038506433),1,2096,0.1048,0.007917482405900955,0.02345331199467182,1,0,,,,0.13397240834542387,,,0.030875699800632646,-0.14966331404477434,0.004436742514371872,0.2529789209365845,0.11832195470968558,0.18595778942108154
(*)|(pullback_depth>0.47234333)|(asset_atr_level_pct>0.078874223&mark_perp_dislocation<=0.00073630631&price_trend_15d_vol_norm>-0.038506433),2,3141,0.15705,0.0011747926473617554,0.02291189692914486,1,0,,,,0.0579632368583657,,,0.032236665628860135,-0.12439177273542207,0.03665763884782791,0.14879925549030304,0.0878607479785537,0.12442076206207275
(*)|(pullback_depth>0.47234333)|(asset_atr_level_pct>0.078874223&mark_perp_dislocation<=0.00073630631&price_trend_15d_vol_norm>-0.038506433),3,3214,0.1607,0.0029527258593589067,0.01596645452082157,1,0,,,,0.06398600207184267,,,0.05190921839687158,-0.14359970790648893,0.0958041325211525,0.2581563889980316,0.12008527371306324,0.14020156860351562
(*)|(pullback_depth>0.47234333)|(asset_atr_level_pct>0.078874223&mark_perp_dislocation<=0.00073630631&price_trend_15d_vol_norm>-0.038506433),4,235,0.058852992737290256,0.006771828513592482,0.017928531393408775,1,0,,,,0.06932907293099691,,,0.3288776135071297,0.02713394062854174,0.8084902167320251,3.054058790206909,0.0028264340903435235,0.23047679662704468
(*)|(dist_rolling_7d_high<=0.12930652&loc_pivot_ladder_pos_24<=0.2064994)|(log_oi_to_volume_7d<=1.2537228&mark_vs_perp_bps<=0.31733242&price_trend_7d_vol_norm>-0.14372419),0,2153,0.10765,0.004921682178974152,0.02182425558567047,1,0,,,,0.08425568443154954,,,-0.06069964617853629,-0.1621592831381608,-0.124673992395401,-0.3645751476287842,0.020266497290651032,-0.0016096234321594238
(*)|(dist_rolling_7d_high<=0.12930652&loc_pivot_ladder_pos_24<=0.2064994)|(log_oi_to_volume_7d<=1.2537228&mark_vs_perp_bps<=0.31733242&price_trend_7d_vol_norm>-0.14372419),1,2880,0.144,0.005564895924180746,0.02112725004553795,1,0,,,,0.09412741359112418,,,0.02695981145234723,-0.15357920239305978,0.05515994876623154,0.2743668258190155,0.12577789815196455,-0.06167978048324585
(*)|(dist_rolling_7d_high<=0.12930652&loc_pivot_ladder_pos_24<=0.2064994)|(log_oi_to_volume_7d<=1.2537228&mark_vs_perp_bps<=0.31733242&price_trend_7d_vol_norm>-0.14372419),2,1983,0.09915,0.0006303949630819261,0.022805653512477875,1,0,,,,0.03186892082224924,,,0.05113147965141038,-0.10549695871287182,0.08362390846014023,0.22921814024448395,0.11055591310872077,-0.03458887338638306
(*)|(dist_rolling_7d_high<=0.12930652&loc_pivot_ladder_pos_24<=0.2064994)|(log_oi_to_volume_7d<=1.2537228&mark_vs_perp_bps<=0.31733242&price_trend_7d_vol_norm>-0.14372419),3,3451,0.17255,0.003777802689000964,0.01762508787214756,1,0,,,,0.10913700812798485,,,0.011318405215312112,-0.1841905210880484,0.039183784276247025,0.16674992442131042,0.09248447358818218,-0.004895508289337158
(*)|(dist_rolling_7d_high<=0.12930652&loc_pivot_ladder_pos_24<=0.2064994)|(log_oi_to_volume_7d<=1.2537228&mark_vs_perp_bps<=0.31733242&price_trend_7d_vol_norm>-0.14372419),4,215,0.053844227397946406,0.007467413786798716,0.02054038643836975,1,0,,,,0.14195898807033078,,,0.05614100185528757,-0.24560267102330036,0.4521094262599945,0.8879486918449402,0.72604259525467,0.029641449451446533
(*)|(*)|(mark_perp_dislocation<=-0.00040626634&prior_volatility<=-0.2739701&prior_volatility>-1.0143734),0,2272,0.1136,0.004146398976445198,0.02073412947356701,1,0,,,,0.08604475674898703,,,-0.11789296777497678,-0.2193526047346013,-0.1358821541070938,-0.4394252896308899,0.01636445483151454,-0.07207739353179932
(*)|(*)|(mark_perp_dislocation<=-0.00040626634&prior_volatility<=-0.2739701&prior_volatility>-1.0143734),1,2943,0.14715,0.003472629701718688,0.021213984116911888,1,0,,,,0.06095497565365388,,,-0.07547575253118494,-0.25601476637659193,-0.1017327532172203,-0.3031005263328552,0.02415788717873228,-0.07955062389373779
(*)|(*)|(mark_perp_dislocation<=-0.00040626634&prior_volatility<=-0.2739701&prior_volatility>-1.0143734),2,2001,0.10005,-0.0004961186787113547,0.02011546492576599,-1,0,,,,0.006758919363712453,,,0.030327523605863375,-0.12630091475841881,0.034103911370038986,0.039037711918354034,0.06420934376431454,-0.10071796178817749
(*)|(*)|(mark_perp_dislocation<=-0.00040626634&prior_volatility<=-0.2739701&prior_volatility>-1.0143734),3,2870,0.1435,0.003206871682778001,0.016240131109952927,1,0,,,,0.07619646545763019,,,-0.01477043279268303,-0.21027935909604353,-0.05279725417494774,-0.0316137857735157,0.05247240013399231,-0.005513310432434082
(*)|(*)|(mark_perp_dislocation<=-0.00040626634&prior_volatility<=-0.2739701&prior_volatility>-1.0143734),4,582,0.1457550713749061,0.007741050329059362,0.012609897181391716,1,0,,,,0.20868060141726047,,,-0.051868288585766746,-0.3536119614643547,0.1097281351685524,0.44965678453445435,0.20754456588053646,0.03659462928771973
(*)|(pullback_depth>0.72507584)|(log_oi_to_volume_1d<=40.36409&mark_vs_perp_bps<=-1.1549736),0,2731,0.13655,0.0019304821034893394,0.025655372068285942,1,0,,,,0.043813679513942896,,,0.031113455035561125,-0.0703461819240634,0.12098032236099243,0.1760752946138382,0.09498174280814634,-0.06871289014816284
(*)|(pullback_depth>0.72507584)|(log_oi_to_volume_1d<=40.36409&mark_vs_perp_bps<=-1.1549736),1,3195,0.15975,0.0059186541475355625,0.024671245366334915,1,0,,,,0.08990955796173918,,,0.05038694022169799,-0.130152073623709,0.1638125479221344,0.3763241469860077,0.16831281976020823,-0.05406266450881958
(*)|(pullback_depth>0.72507584)|(log_oi_to_volume_1d<=40.36409&mark_vs_perp_bps<=-1.1549736),2,2306,0.1153,0.0017994375666603446,0.021358927711844444,1,0,,,,0.047144252152796974,,,0.04862409992776509,-0.1080043384365171,0.06460634618997574,0.3293156325817108,0.14715908746058232,0.03858494758605957
(*)|(pullback_depth>0.72507584)|(log_oi_to_volume_1d<=40.36409&mark_vs_perp_bps<=-1.1549736),3,2475,0.12375,0.0030234551522880793,0.016393359750509262,1,0,,,,0.057702343348817325,,,0.044843919559775916,-0.15066500674358457,0.07851529121398926,0.2208617627620697,0.10794761139195808,-0.008894026279449463
(*)|(pullback_depth>0.72507584)|(log_oi_to_volume_1d<=40.36409&mark_vs_perp_bps<=-1.1549736),4,503,0.12597044828449788,0.005105165299028158,0.01564190909266472,1,0,,,,0.09736993975266456,,,0.06823900952764174,-0.23350466335094622,0.3417232632637024,0.7704862356185913,0.5190507520129389,0.029628753662109375
(*)|(bars_in_high_vol_state_log_norm>-0.28711036&loc_range_pos_24<=0.89079475)|(mark_vs_perp_bps<=-0.54798079&price_trend_7d_vol_norm>-0.09621571),0,2314,0.1157,0.001783515326678753,0.022874249145388603,1,0,,,,0.04017415565291882,,,0.09040628717811221,-0.011053349781512317,0.1654411107301712,0.4242664873600006,0.19302165520108094,0.19627320766448975
(*)|(bars_in_high_vol_state_log_norm>-0.28711036&loc_range_pos_24<=0.89079475)|(mark_vs_perp_bps<=-0.54798079&price_trend_7d_vol_norm>-0.09621571),1,2025,0.10125,0.007115969900041819,0.03291555494070053,1,0,,,,0.09703231125441383,,,-0.04094470615921464,-0.22148372000462163,-0.06269888579845428,-0.1739014834165573,0.03494414888016133,0.04166698455810547
(*)|(bars_in_high_vol_state_log_norm>-0.28711036&loc_range_pos_24<=0.89079475)|(mark_vs_perp_bps<=-0.54798079&price_trend_7d_vol_norm>-0.09621571),2,2480,0.124,0.0007611584733240306,0.024310776963829994,1,0,,,,0.039658328640472695,,,0.10679538356732128,-0.049833054796960916,0.11533404886722565,0.5885953307151794,0.3086825389498641,0.06869179010391235
(*)|(bars_in_high_vol_state_log_norm>-0.28711036&loc_range_pos_24<=0.89079475)|(mark_vs_perp_bps<=-0.54798079&price_trend_7d_vol_norm>-0.09621571),3,3421,0.17105,0.0039285519160330296,0.017626337707042694,1,0,,,,0.11054002193320106,,,0.029872723539425734,-0.16563620276393476,0.08160648494958878,0.2841069996356964,0.12932733959099715,0.022148728370666504
(*)|(bars_in_high_vol_state_log_norm>-0.28711036&loc_range_pos_24<=0.89079475)|(mark_vs_perp_bps<=-0.54798079&price_trend_7d_vol_norm>-0.09621571),4,294,0.07362885048835462,0.006028056610375643,0.016436301171779633,1,0,,,,0.0850670734362746,,,0.015627963690556832,-0.2861157091880311,0.076559878885746,0.4283711314201355,0.19529865288381468,0.2956303358078003
(*)|(dist_range_mid_atr<=0.0014714767)|(funding_vol_10d_robust_z<=0.052630801&mark_vs_perp_bps<=0.26922551&oi_value_log_7d_robust_z>-0.74868637),0,3047,0.15235,0.0026535962242633104,0.0220237597823143,1,0,,,,0.07259932224304261,,,-0.04994138362125097,-0.1514010205808755,-0.12118137627840042,-0.35507237911224365,0.020824286173657055,0.0009063482284545898
(*)|(dist_range_mid_atr<=0.0014714767)|(funding_vol_10d_robust_z<=0.052630801&mark_vs_perp_bps<=0.26922551&oi_value_log_7d_robust_z>-0.74868637),1,2474,0.1237,0.004349938128143549,0.02373194694519043,1,0,,,,0.06752700408117404,,,-0.02502634209256055,-0.20556535593796754,0.007408556528389454,0.006157267838716507,0.05845192465844709,-0.03629183769226074
(*)|(dist_range_mid_atr<=0.0014714767)|(funding_vol_10d_robust_z<=0.052630801&mark_vs_perp_bps<=0.26922551&oi_value_log_7d_robust_z>-0.74868637),2,2295,0.11475,-5.1664059697031917e-08,0.022254467010498047,0,0,,,,0.024867601278203123,,,0.10633796526573112,-0.05029047309855107,0.10765280574560165,0.5955256223678589,0.31485562487647895,0.06528538465499878
(*)|(dist_range_mid_atr<=0.0014714767)|(funding_vol_10d_robust_z<=0.052630801&mark_vs_perp_bps<=0.26922551&oi_value_log_7d_robust_z>-0.74868637),3,3161,0.15805,0.0036357089411467314,0.015953736379742622,1,0,,,,0.08239089809427998,,,0.03540795516684093,-0.16010097113651958,0.04692835360765457,0.3188636898994446,0.14282948923557082,0.05123943090438843
(*)|(dist_range_mid_atr<=0.0014714767)|(funding_vol_10d_robust_z<=0.052630801&mark_vs_perp_bps<=0.26922551&oi_value_log_7d_robust_z>-0.74868637),4,663,0.16604057099924868,0.006878956221044064,0.01316588930785656,1,0,,,,0.19360687743436836,,,0.13051650431333384,-0.1712271685652541,0.46354418992996216,1.1318697929382324,0.6860732785163799,-0.004242956638336182
(*)|(*)|(compression_score>0.52692699&mark_vs_perp_bps<=0.51083171),0,2338,0.1169,0.003074455074965954,0.026666894555091858,1,0,,,,0.06781999064091206,,,-0.016836555668980624,-0.11829619262860515,-0.005773002281785011,-0.11725519597530365,0.04108313005107347,0.018754422664642334
(*)|(*)|(compression_score>0.52692699&mark_vs_perp_bps<=0.51083171),1,3117,0.15585,0.002395380288362503,0.029359858483076096,1,0,,,,0.052431256457348925,,,0.05665764162005697,-0.12388137222535002,0.10604456812143326,0.30263814330101013,0.1363592342045315,0.03399181365966797
(*)|(*)|(compression_score>0.52692699&mark_vs_perp_bps<=0.51083171),2,2533,0.12665,0.0015937091084197164,0.02242180146276951,1,0,,,,0.056444703595549664,,,0.012382559321298519,-0.14424587904298367,0.023868387565016747,0.039536621421575546,0.06430093660614611,0.026566624641418457
(*)|(*)|(compression_score>0.52692699&mark_vs_perp_bps<=0.51083171),3,2950,0.1475,0.004745902959257364,0.01968265324831009,1,0,,,,0.11984930551140213,,,-0.007912229247415251,-0.20342115555077575,0.051382213830947876,0.12139830738306046,0.08124463015680718,0.040666043758392334
(*)|(*)|(compression_score>0.52692699&mark_vs_perp_bps<=0.51083171),4,666,0.16679188580015025,0.0046968357637524605,0.012505394406616688,1,0,,,,0.12217938275382169,,,0.022649523590862128,-0.2790941492877258,0.07182545214891434,0.3882957994937897,0.17416950502312117,0.04671746492385864
(*)|(loc_swing_range_pos_24<=0.80367607)|(log_oi_to_volume_7d<=2.0482404&mark_vs_perp_bps<=0.22061524&price_trend_7d_vol_norm>-0.12768133&range_24h_pct>0.037939038),0,3120,0.156,0.004241671413183212,0.023588502779603004,1,0,,,,0.07547345900696995,,,0.043892273582137306,-0.05756736337748722,0.058424364775419235,0.054683808237314224,0.06714482635739634,0.017423629760742188
(*)|(loc_swing_range_pos_24<=0.80367607)|(log_oi_to_volume_7d<=2.0482404&mark_vs_perp_bps<=0.22061524&price_trend_7d_vol_norm>-0.12768133&range_24h_pct>0.037939038),1,3308,0.1654,0.004656403791159391,0.027028484269976616,1,0,,,,0.08416996232185564,,,-0.13637475756320241,-0.31691377140860943,-0.3777230381965637,-0.8719677925109863,0.0047553764958835855,0.02194654941558838
(*)|(loc_swing_range_pos_24<=0.80367607)|(log_oi_to_volume_7d<=2.0482404&mark_vs_perp_bps<=0.22061524&price_trend_7d_vol_norm>-0.12768133&range_24h_pct>0.037939038),2,2673,0.13365,0.0016128532588481903,0.025138644501566887,1,0,,,,0.05211592049009437,,,0.0775859520616635,-0.0790424863026187,0.09378622472286224,0.35197558999061584,0.1570017520232202,-0.010860443115234375
(*)|(loc_swing_range_pos_24<=0.80367607)|(log_oi_to_volume_7d<=2.0482404&mark_vs_perp_bps<=0.22061524&price_trend_7d_vol_norm>-0.12768133&range_24h_pct>0.037939038),3,2752,0.1376,0.003778518410399556,0.018928905948996544,1,0,,,,0.07880818260325899,,,-0.027441632587323787,-0.2229505588906843,-0.08948502689599991,-0.1405036300420761,0.038442879062379774,0.060615599155426025
(*)|(loc_swing_range_pos_24<=0.80367607)|(log_oi_to_volume_7d<=2.0482404&mark_vs_perp_bps<=0.22061524&price_trend_7d_vol_norm>-0.12768133&range_24h_pct>0.037939038),4,366,0.09166040570999248,0.006546083837747574,0.017706798389554024,1,0,,,,0.1334085488414571,,,0.02622528568837294,-0.275518387190215,0.18675270676612854,0.4955075681209564,0.23659464798209565,0.14149123430252075
(*)|(dist_rolling_7d_high>0.055057179&loc_prev_week_range_pos_48>0.29841411)|(donchian_zone_1d_atr<=0.33497587&mark_perp_dislocation<=0.0030159187),0,1985,0.09925,0.0023830619174987078,0.023634344339370728,1,0,,,,0.04428976610785557,,,0.00459618938036432,-0.0968634475792602,-0.052353762090206146,-0.4246518313884735,0.017069981875232478,0.12548673152923584
(*)|(dist_rolling_7d_high>0.055057179&loc_prev_week_range_pos_48>0.29841411)|(donchian_zone_1d_atr<=0.33497587&mark_perp_dislocation<=0.0030159187),1,2096,0.1048,0.009128748439252377,0.0314970538020134,1,0,,,,0.13516163180316615,,,-0.009525625132527077,-0.19006463897793408,-0.014536745846271515,0.027046792209148407,0.062046801985557315,0.15327882766723633
(*)|(dist_rolling_7d_high>0.055057179&loc_prev_week_range_pos_48>0.29841411)|(donchian_zone_1d_atr<=0.33497587&mark_perp_dislocation<=0.0030159187),2,2788,0.1394,0.001439522486180067,0.023766160011291504,1,0,,,,0.05089552638063421,,,0.03858853085958674,-0.11803990750469545,0.02178201638162136,0.21521571278572083,0.1062202170475841,0.16786617040634155
(*)|(dist_rolling_7d_high>0.055057179&loc_prev_week_range_pos_48>0.29841411)|(donchian_zone_1d_atr<=0.33497587&mark_perp_dislocation<=0.0030159187),3,1894,0.0947,0.002677322132512927,0.019317002967000008,1,0,,,,0.05403949265577576,,,-0.060982357650561377,-0.2564912839539219,-0.12668102979660034,-0.23494452238082886,0.029351462007457682,0.15228521823883057
(*)|(dist_rolling_7d_high>0.055057179&loc_prev_week_range_pos_48>0.29841411)|(donchian_zone_1d_atr<=0.33497587&mark_perp_dislocation<=0.0030159187),4,401,0.10042574505384423,0.0037399125285446644,0.020797519013285637,1,0,,,,0.055707587707999065,,,0.3574936367033967,0.055749963824808735,1.5409785509109497,2.0164012908935547,0.05480336464578367,-0.07171452045440674
(*)|(bars_in_high_vol_state_log_norm>-0.22971421)|(mark_vs_perp_bps<=0.70955116&price_trend_15d_vol_norm>-0.035007484),0,2646,0.1323,0.0002697784220799804,0.024092329666018486,1,0,,,,0.010247283672314825,,,0.10346961554507979,0.002009978585455263,0.18380147218704224,0.47976911067962646,0.22619134706848293,0.1618192195892334
(*)|(bars_in_high_vol_state_log_norm>-0.22971421)|(mark_vs_perp_bps<=0.70955116&price_trend_15d_vol_norm>-0.035007484),1,1521,0.07605,0.00529642216861248,0.0396767295897007,1,0,,,,0.07422895988958124,,,-0.06100872744368277,-0.24154774128908976,-0.1025347113609314,-0.14491470158100128,0.03796142138492293,0.046153366565704346
(*)|(bars_in_high_vol_state_log_norm>-0.22971421)|(mark_vs_perp_bps<=0.70955116&price_trend_15d_vol_norm>-0.035007484),2,3039,0.15195,0.0005510500050149858,0.02420997992157936,1,0,,,,0.04663275488445742,,,0.0913767702506736,-0.0652516681136086,0.12027494609355927,0.7206878662109375,0.45021291306503686,0.0401342511177063
(*)|(bars_in_high_vol_state_log_norm>-0.22971421)|(mark_vs_perp_bps<=0.70955116&price_trend_15d_vol_norm>-0.035007484),3,2821,0.14105,0.004751910455524921,0.020575594156980515,1,0,,,,0.11008201224280956,,,-0.011746993899120347,-0.20725592020248085,-0.024128353223204613,-0.032142315059900284,0.052393222216827934,0.029143989086151123
(*)|(bars_in_high_vol_state_log_norm>-0.22971421)|(mark_vs_perp_bps<=0.70955116&price_trend_15d_vol_norm>-0.035007484),4,273,0.06836964688204357,0.006665645632892847,0.022396983578801155,1,0,,,,0.09613901291232621,,,0.06615703137442269,-0.23558664150416525,0.01918194070458412,0.567333996295929,0.29048928675466557,0.32208096981048584
(*)|(zscore_price_200>-1.0646749)|(dist_oiw_intensity_96h_atr<=1.6705623&mark_vs_perp_bps<=-0.66051757&up_down_semivol_ratio_tanh<=0.27183527),0,2480,0.124,0.004377193748950958,0.021062960848212242,1,0,,,,0.09469016172006212,,,-0.08799813529362016,-0.18945777225324467,-0.17526660859584808,-0.5433722138404846,0.012159617036035936,0.05058985948562622
(*)|(zscore_price_200>-1.0646749)|(dist_oiw_intensity_96h_atr<=1.6705623&mark_vs_perp_bps<=-0.66051757&up_down_semivol_ratio_tanh<=0.27183527),1,2289,0.11445,0.0041244965977966785,0.027332419529557228,1,0,,,,0.06115920414098114,,,-0.01347208469505866,-0.19401109854046567,-0.041626423597335815,-0.05284269154071808,0.049384336704218865,0.04318314790725708
(*)|(zscore_price_200>-1.0646749)|(dist_oiw_intensity_96h_atr<=1.6705623&mark_vs_perp_bps<=-0.66051757&up_down_semivol_ratio_tanh<=0.27183527),2,2395,0.11975,0.00011054000788135454,0.020838892087340355,1,0,,,,0.02317657973341385,,,0.08404171983602156,-0.07258671852826064,0.03965448960661888,0.28505271673202515,0.12967726091914042,0.1163092851638794
(*)|(zscore_price_200>-1.0646749)|(dist_oiw_intensity_96h_atr<=1.6705623&mark_vs_perp_bps<=-0.66051757&up_down_semivol_ratio_tanh<=0.27183527),3,2416,0.1208,0.004814467392861843,0.015162746421992779,1,0,,,,0.1018082724894038,,,-0.015144499148760144,-0.21065342545212065,-0.040278974920511246,0.034861717373132706,0.06344778782000483,0.06551766395568848
(*)|(zscore_price_200>-1.0646749)|(dist_oiw_intensity_96h_atr<=1.6705623&mark_vs_perp_bps<=-0.66051757&up_down_semivol_ratio_tanh<=0.27183527),4,187,0.046831955922865015,0.007989155128598213,0.01991514302790165,1,0,,,,0.07998365399650907,,,0.07405918889294849,-0.22768448398563945,-0.3260580599308014,0.223648801445961,0.10881062625082026,0.2743770480155945
(*)|(loc_prior_bar_pos_48>-1.1156739)|(leverage_build>0.46741623&mark_vs_perp_bps<=-0.33269107&ob_spread_mkt_resid<=-0.25273243),0,3077,0.15385,0.002498321235179901,0.02473566308617592,1,0,,,,0.05867296246544748,,,-0.03131016355993819,-0.13276980051956272,0.0011972315842285752,-0.1480569690465927,0.037622132602989106,-0.09405553340911865
(*)|(loc_prior_bar_pos_48>-1.1156739)|(leverage_build>0.46741623&mark_vs_perp_bps<=-0.33269107&ob_spread_mkt_resid<=-0.25273243),1,2921,0.14605,0.0039060332346707582,0.022649692371487617,1,0,,,,0.06174121800616126,,,0.08077487287061078,-0.09976414097479622,0.18581587076187134,0.37868955731391907,0.16945418335533757,-0.07040941715240479
(*)|(loc_prior_bar_pos_48>-1.1156739)|(leverage_build>0.46741623&mark_vs_perp_bps<=-0.33269107&ob_spread_mkt_resid<=-0.25273243),2,2565,0.12825,0.0023189301136881113,0.019813518971204758,1,0,,,,0.0640783079389227,,,0.0037262603498059593,-0.15290217801447623,0.08863496780395508,0.10730026662349701,0.07803712009910012,-0.06955993175506592
(*)|(loc_prior_bar_pos_48>-1.1156739)|(leverage_build>0.46741623&mark_vs_perp_bps<=-0.33269107&ob_spread_mkt_resid<=-0.25273243),3,2461,0.12305,0.004411045461893082,0.016725044697523117,1,0,,,,0.09790158382992814,,,0.019063275941970118,-0.17644565036139037,0.11200226098299026,0.2788090705871582,0.12738446110797177,-0.05658513307571411
(*)|(loc_prior_bar_pos_48>-1.1156739)|(leverage_build>0.46741623&mark_vs_perp_bps<=-0.33269107&ob_spread_mkt_resid<=-0.25273243),4,460,0.11520160280490858,0.005356765817850828,0.016171811148524284,1,0,,,,0.12265044051072602,,,-0.028467982119488384,-0.3302116549980763,-0.08698249608278275,0.03724918141961098,0.06388206534532828,-0.013526201248168945
(*)|(loc_prior_bar_pos_48<=0.00000000000000000000000000000000001)|(log_oi_to_volume_1d<=39.726471&mark_vs_perp_bps<=1.259896&range_24h_pct>0.0347999),0,3665,0.18325,0.0019171100575476885,0.02329067699611187,1,0,,,,0.04074943455785971,,,0.052488059463003424,-0.0489715774966211,0.027251968160271645,0.3203367590904236,0.1434318923775101,-0.08559918403625488
(*)|(loc_prior_bar_pos_48<=0.00000000000000000000000000000000001)|(log_oi_to_volume_1d<=39.726471&mark_vs_perp_bps<=1.259896&range_24h_pct>0.0347999),1,3406,0.1703,0.004982966464012861,0.023958027362823486,1,0,,,,0.07987113048992033,,,-0.09366324899703833,-0.2742022628424453,-0.19698984920978546,-0.4806285500526428,0.014547046642500817,-0.01967787742614746
(*)|(loc_prior_bar_pos_48<=0.00000000000000000000000000000000001)|(log_oi_to_volume_1d<=39.726471&mark_vs_perp_bps<=1.259896&range_24h_pct>0.0347999),2,2582,0.1291,0.002396483439952135,0.022741040214896202,1,0,,,,0.055412117117488384,,,0.045458477422375236,-0.11116996094190695,0.06525373458862305,0.15812836587429047,0.09023413144677435,-0.08198606967926025
(*)|(loc_prior_bar_pos_48<=0.00000000000000000000000000000000001)|(log_oi_to_volume_1d<=39.726471&mark_vs_perp_bps<=1.259896&range_24h_pct>0.0347999),3,2547,0.12735,0.004556713160127401,0.017425252124667168,1,0,,,,0.09618448157917159,,,0.043239590399347126,-0.15226933590401337,0.043387748301029205,0.3204558789730072,0.14348071665746742,0.0012981295585632324
(*)|(loc_prior_bar_pos_48<=0.00000000000000000000000000000000001)|(log_oi_to_volume_1d<=39.726471&mark_vs_perp_bps<=1.259896&range_24h_pct>0.0347999),4,533,0.13348359629351364,0.006048709619790316,0.01523764617741108,1,0,,,,0.17011867596250857,,,0.07923296418137411,-0.22251070869721384,0.10453610122203827,0.48407837748527527,0.2289934728635197,0.07694196701049805
(*)|(zscore_price_200>-0.805637)|(log_oi_to_volume_1d<=40.275589&mark_perp_dislocation<=0.0024888236&oi_value_log_7d_robust_z>-0.70698202&spike_score_surprise<=-0.099254228),0,2862,0.1431,0.004170153755694628,0.02288113348186016,1,0,,,,0.07536613746652414,,,0.02842506783727064,-0.07303456912235388,0.06004399061203003,0.19735896587371826,0.10093686087198105,-0.058273375034332275
(*)|(zscore_price_200>-0.805637)|(log_oi_to_volume_1d<=40.275589&mark_perp_dislocation<=0.0024888236&oi_value_log_7d_robust_z>-0.70698202&spike_score_surprise<=-0.099254228),1,2898,0.1449,0.003428504103794694,0.025429604575037956,1,0,,,,0.06080783809147851,,,0.009956296082245526,-0.17058271776316147,0.05931245908141136,0.25606217980384827,0.1193688942501725,-0.052215754985809326
(*)|(zscore_price_200>-0.805637)|(log_oi_to_volume_1d<=40.275589&mark_perp_dislocation<=0.0024888236&oi_value_log_7d_robust_z>-0.70698202&spike_score_surprise<=-0.099254228),2,2289,0.11445,0.0013992800377309322,0.023474937304854393,1,0,,,,0.0418007167748966,,,0.11746815481518559,-0.039160283549096606,0.2319297045469284,0.8317839503288269,0.6184015441060028,-0.048861682415008545
(*)|(zscore_price_200>-0.805637)|(log_oi_to_volume_1d<=40.275589&mark_perp_dislocation<=0.0024888236&oi_value_log_7d_robust_z>-0.70698202&spike_score_surprise<=-0.099254228),3,3023,0.15115,0.003676634281873703,0.01734105683863163,1,0,,,,0.098888376740226,,,0.03928026955604501,-0.1562286567473155,0.08342383056879044,0.2859363257884979,0.13000505738540813,0.0016689896583557129
(*)|(zscore_price_200>-0.805637)|(log_oi_to_volume_1d<=40.275589&mark_perp_dislocation<=0.0024888236&oi_value_log_7d_robust_z>-0.70698202&spike_score_surprise<=-0.099254228),4,266,0.06661657901327322,0.005098048131912947,0.020031800493597984,1,0,,,,0.0500218953782108,,,0.20136705399863297,-0.10037661887995497,0.40568622946739197,1.4680169820785522,0.26258212798553254,0.09697186946868896
(*)|(loc_pullback_depth_48<=0.26857784&oiw_pos_delta_entry_dist_7d_atr<=0.48840412&oiw_z_delta_entry_dist_7d_atr>-0.87527454)|(mark_perp_dislocation<=0.002168834),0,1480,0.074,0.0026912593748420477,0.021435430273413658,1,0,,,,0.03761757921409505,,,0.11708725212185878,0.01562761516223425,0.24741268157958984,0.46918928623199463,0.21945632541059082,0.04415249824523926
(*)|(loc_pullback_depth_48<=0.26857784&oiw_pos_delta_entry_dist_7d_atr<=0.48840412&oiw_z_delta_entry_dist_7d_atr>-0.87527454)|(mark_perp_dislocation<=0.002168834),1,3766,0.1883,0.006111376918852329,0.022595154121518135,1,0,,,,0.10724327161905595,,,0.07327973472967322,-0.10725927911573377,0.20027942955493927,0.3835541307926178,0.1718258333452597,0.11944139003753662
(*)|(loc_pullback_depth_48<=0.26857784&oiw_pos_delta_entry_dist_7d_atr<=0.48840412&oiw_z_delta_entry_dist_7d_atr>-0.87527454)|(mark_perp_dislocation<=0.002168834),2,1786,0.0893,0.0008937473176047206,0.0210639126598835,1,0,,,,0.035007407481085905,,,0.08684933691781291,-0.06977910144646929,0.15551669895648956,0.6039995551109314,0.322571699785615,0.01097327470779419
(*)|(loc_pullback_depth_48<=0.26857784&oiw_pos_delta_entry_dist_7d_atr<=0.48840412&oiw_z_delta_entry_dist_7d_atr>-0.87527454)|(mark_perp_dislocation<=0.002168834),3,2489,0.12445,0.0033281915821135044,0.016766952350735664,1,0,,,,0.07331021465039496,,,-0.029163379419032236,-0.22467230572239275,-0.017362704500555992,-0.03297168016433716,0.05226921745312758,0.0992768406867981
(*)|(loc_pullback_depth_48<=0.26857784&oiw_pos_delta_entry_dist_7d_atr<=0.48840412&oiw_z_delta_entry_dist_7d_atr>-0.87527454)|(mark_perp_dislocation<=0.002168834),4,420,0.10518407212622088,0.0032790456898510456,0.012187185697257519,1,0,,,,0.09692142933514628,,,0.1606723657130013,-0.14107130716558663,0.47325122356414795,0.7250326871871948,0.4558365878140941,0.1298384666442871
(*)|(*)|(compression_score<=1.2290798&price_trend_15d_vol_norm>0.080682546),0,3482,0.1741,0.0038077798672020435,0.023073287680745125,1,0,,,,0.08002390870797695,,,0.1327152858978971,0.03125564893827258,0.22697025537490845,0.5507174134254456,0.2770202881466661,-0.0014737248420715332
(*)|(*)|(compression_score<=1.2290798&price_trend_15d_vol_norm>0.080682546),1,1171,0.05855,-0.004018384963274002,0.06662213057279587,-1,0,,,,0.01034759137216907,,,0.008258938162097133,-0.17228007568330986,0.17902709543704987,0.3857063949108124,0.17288570181721805,0.09227567911148071
(*)|(*)|(compression_score<=1.2290798&price_trend_15d_vol_norm>0.080682546),2,4700,0.235,0.0002962576108984649,0.024766093119978905,1,0,,,,0.04103821143872578,,,0.11582603610421337,-0.04080240226006883,0.267522394657135,0.7474793195724487,0.48602867325037,-0.03603565692901611
(*)|(*)|(compression_score<=1.2290798&price_trend_15d_vol_norm>0.080682546),3,1613,0.08065,0.0038784171920269728,0.02216462604701519,1,0,,,,0.041084255471687016,,,-0.035722538598886064,-0.23123146490224655,-0.014727426692843437,0.16679631173610687,0.09249673184731849,0.07445210218429565
(*)|(*)|(compression_score<=1.2290798&price_trend_15d_vol_norm>0.080682546),4,44,0.011019283746556474,0.012518282979726791,0.02250003069639206,1,0,,,,0.07113825930472753,,,-0.4354679802955664,-0.7372116531741544,-0.7872370481491089,-1.3816090822219849,0.0011086664550248933,
(*)|(*)|(log_oi_to_volume_1d<=40.064594&log_oi_to_volume_7d>0.10943343&mark_vs_perp_bps<=0.81605774&volume_price_corr_ts_resid<=-0.24915516),0,2523,0.12615,0.003515460528433323,0.024066967889666557,1,0,,,,0.06743432140852858,,,0.023048788111503914,-0.0784108488481206,0.024869171902537346,0.16703979671001434,0.09256110156149233,-0.1035277247428894
(*)|(*)|(log_oi_to_volume_1d<=40.064594&log_oi_to_volume_7d>0.10943343&mark_vs_perp_bps<=0.81605774&volume_price_corr_ts_resid<=-0.24915516),1,2910,0.1455,0.002372168703004718,0.024968795478343964,1,0,,,,0.04039215963080392,,,0.0304436330018558,-0.1500953808435512,0.08358840644359589,0.19579431414604187,0.10048663644596484,-0.08766579627990723
(*)|(*)|(log_oi_to_volume_1d<=40.064594&log_oi_to_volume_7d>0.10943343&mark_vs_perp_bps<=0.81605774&volume_price_corr_ts_resid<=-0.24915516),2,1941,0.09705,0.0022360063157975674,0.020751221105456352,1,0,,,,0.058882132173900564,,,0.03880614605003491,-0.11782229231424729,0.10692708939313889,0.28445371985435486,0.12945551850786496,-0.09281903505325317
(*)|(*)|(log_oi_to_volume_1d<=40.064594&log_oi_to_volume_7d>0.10943343&mark_vs_perp_bps<=0.81605774&volume_price_corr_ts_resid<=-0.24915516),3,2752,0.1376,0.004077794495970011,0.01667298749089241,1,0,,,,0.1096246079004295,,,0.0824853398526236,-0.1130235864507369,0.18126903474330902,0.6694163680076599,0.3888643686641215,-0.02104365825653076
(*)|(*)|(log_oi_to_volume_1d<=40.064594&log_oi_to_volume_7d>0.10943343&mark_vs_perp_bps<=0.81605774&volume_price_corr_ts_resid<=-0.24915516),4,469,0.11745554720761332,0.004194615408778191,0.016135655343532562,1,0,,,,0.1268177438435256,,,0.05346542402285281,-0.24827824885573513,0.16410981118679047,0.6124347448348999,0.3304402903961256,-0.05098724365234375
(*)|(loc_bb_channel_pos_48>0.66109687&oiw_pos_delta_entry_dist_7d_atr<=0.50384718)|(*),0,2015,0.10075,0.005973322317004204,0.025013098493218422,1,0,,,,0.08854249640957729,,,0.026783147926822196,-0.07467648903280233,0.15989169478416443,0.07957849651575089,0.07209462950350803,-0.018933594226837158
(*)|(loc_bb_channel_pos_48>0.66109687&oiw_pos_delta_entry_dist_7d_atr<=0.50384718)|(*),1,2699,0.13495,0.0003292055334895849,0.02621755376458168,1,0,,,,-0.011283761496786131,,,0.16701764913049535,-0.013521364714911638,0.35318997502326965,0.7697503566741943,0.5179605883995179,0.10194236040115356
(*)|(loc_bb_channel_pos_48>0.66109687&oiw_pos_delta_entry_dist_7d_atr<=0.50384718)|(*),2,2518,0.1259,0.0006808627513237298,0.021474499255418777,1,0,,,,0.02442111642097512,,,0.12719632059845304,-0.029432117765829158,0.3096713423728943,0.7666547298431396,0.5133996091324813,-0.009009599685668945
(*)|(loc_bb_channel_pos_48>0.66109687&oiw_pos_delta_entry_dist_7d_atr<=0.50384718)|(*),3,1723,0.08615,0.003774510696530342,0.015010149218142033,1,0,,,,0.08447572448718359,,,0.08446048438972581,-0.1110484419136347,0.3957045078277588,0.6039876341819763,0.32256071324609836,0.09172272682189941
(*)|(loc_bb_channel_pos_48>0.66109687&oiw_pos_delta_entry_dist_7d_atr<=0.50384718)|(*),4,713,0.17856248434760832,0.002693344373255968,0.010188546031713486,1,0,,,,0.1068008372576428,,,0.23700797668869003,-0.06473569618989791,0.6152920126914978,0.8476200103759766,0.6470243183113853,0.18266594409942627
(*)|(*)|(asset_vol_level_pct<=0.41435027&atr_compression_ratio>-0.45511758&mark_perp_dislocation<=0.0020810927),0,3163,0.15815,0.0014984920853748918,0.024129265919327736,1,0,,,,0.03683751996712208,,,0.028088511882318732,-0.0733711250773058,0.004739474039524794,0.18156442046165466,0.09648310438016736,-0.06801289319992065
(*)|(*)|(asset_vol_level_pct<=0.41435027&atr_compression_ratio>-0.45511758&mark_perp_dislocation<=0.0020810927),1,2256,0.1128,0.006940933875739574,0.02878279611468315,1,0,,,,0.09106769165621095,,,0.0469584206727339,-0.1335805931726731,0.10216548293828964,0.3219614326953888,0.1440992400956848,-0.0499458909034729
(*)|(*)|(asset_vol_level_pct<=0.41435027&atr_compression_ratio>-0.45511758&mark_perp_dislocation<=0.0020810927),2,3079,0.15395,0.0007256132666952908,0.022344497963786125,1,0,,,,0.046646684862967566,,,0.030720039299417048,-0.12590839906486515,0.10234092175960541,0.22541287541389465,0.10936043922568399,0.034147024154663086
(*)|(*)|(asset_vol_level_pct<=0.41435027&atr_compression_ratio>-0.45511758&mark_perp_dislocation<=0.0020810927),3,2955,0.14775,0.0028283647261559963,0.01796150766313076,1,0,,,,0.07935786741637106,,,0.08553738102934419,-0.10997154527401631,0.1987660974264145,0.476714164018631,0.2242256454235939,0.02392345666885376
(*)|(*)|(asset_vol_level_pct<=0.41435027&atr_compression_ratio>-0.45511758&mark_perp_dislocation<=0.0020810927),4,448,0.11219634360130228,0.0040220702067017555,0.013086850754916668,1,0,,,,0.11516775985508149,,,0.21745679961242215,-0.0842868732661658,0.4888579845428467,1.0409823656082153,0.8895029342073113,0.18593591451644897
(*)|(dist_local_swing>0.000046499074&dist_range_mid_atr<=0.013767099&dist_range_mid_atr>-0.0037334743)|(mark_perp_dislocation<=0.00060596626&price_trend_7d_vol_norm>-0.14199001&return_autocorr_48>-0.80886841),0,1691,0.08455,0.0035305817145854235,0.023647574707865715,1,0,,,,0.05086006966907165,,,-0.033036746679565396,-0.13449638363918992,-0.07604283094406128,-0.3574218451976776,0.020684965868382754,0.02841085195541382
(*)|(dist_local_swing>0.000046499074&dist_range_mid_atr<=0.013767099&dist_range_mid_atr>-0.0037334743)|(mark_perp_dislocation<=0.00060596626&price_trend_7d_vol_norm>-0.14199001&return_autocorr_48>-0.80886841),1,2531,0.12655,0.0008446101564913988,0.027384338900446892,1,0,,,,0.02590706740553795,,,-0.00014893920973865071,-0.18068795305514565,0.014515946619212627,0.11085450649261475,0.07883362217784562,0.015491664409637451
(*)|(dist_local_swing>0.000046499074&dist_range_mid_atr<=0.013767099&dist_range_mid_atr>-0.0037334743)|(mark_perp_dislocation<=0.00060596626&price_trend_7d_vol_norm>-0.14199001&return_autocorr_48>-0.80886841),2,2231,0.11155,0.00195928942412138,0.023648612201213837,1,0,,,,0.05121500284856461,,,0.07433767044279906,-0.08229076792148314,0.14178887009620667,0.6356316804885864,0.3530829225855151,-0.015250146389007568
(*)|(dist_local_swing>0.000046499074&dist_range_mid_atr<=0.013767099&dist_range_mid_atr>-0.0037334743)|(mark_perp_dislocation<=0.00060596626&price_trend_7d_vol_norm>-0.14199001&return_autocorr_48>-0.80886841),3,2632,0.1316,0.003301893128082156,0.018328042700886726,1,0,,,,0.07749664853191189,,,0.11352829408723576,-0.08198063221612474,0.21388310194015503,0.6650201082229614,0.3840104915291089,0.05379343032836914
(*)|(dist_local_swing>0.000046499074&dist_range_mid_atr<=0.013767099&dist_range_mid_atr>-0.0037334743)|(mark_perp_dislocation<=0.00060596626&price_trend_7d_vol_norm>-0.14199001&return_autocorr_48>-0.80886841),4,266,0.06661657901327322,0.005836070980876684,0.012606849893927574,1,0,,,,0.10188126069052698,,,-0.048214808311384263,-0.3499584811899722,0.030403248965740204,0.333797812461853,0.1490557590038751,0.18683689832687378
(*)|(dist_prior_day_high>0.0081456983&pullback_depth<=0.72507584)|(log_oi_to_volume_1d<=40.36409&mark_vs_perp_bps<=-1.1549736),0,3118,0.1559,0.0024364846758544445,0.023718010634183884,1,0,,,,0.05549004835242538,,,0.1127206765002626,0.011261039540638076,0.2682307958602905,0.5684946179389954,0.29145416610825536,-0.00012189149856567383
(*)|(dist_prior_day_high>0.0081456983&pullback_depth<=0.72507584)|(log_oi_to_volume_1d<=40.36409&mark_vs_perp_bps<=-1.1549736),1,2589,0.12945,0.0015641961945220828,0.024730583652853966,1,0,,,,0.02426497847473167,,,-0.04741026461699672,-0.2279492784624037,-0.08039649575948715,-0.10974829643964767,0.041973810345439046,-0.01979827880859375
(*)|(dist_prior_day_high>0.0081456983&pullback_depth<=0.72507584)|(log_oi_to_volume_1d<=40.36409&mark_vs_perp_bps<=-1.1549736),2,2372,0.1186,0.0035966895520687103,0.023626040667295456,1,0,,,,0.07555519654714755,,,0.10014629268408268,-0.05648214568019952,0.1406143754720688,0.6745715141296387,0.3946343362231398,-0.05575764179229736
(*)|(dist_prior_day_high>0.0081456983&pullback_depth<=0.72507584)|(log_oi_to_volume_1d<=40.36409&mark_vs_perp_bps<=-1.1549736),3,2432,0.1216,0.00424941536039114,0.018193501979112625,1,0,,,,0.08835869500785788,,,0.008677000347847064,-0.18683192595551343,0.053622279316186905,0.30302223563194275,0.13650895787512438,0.0013219714164733887
(*)|(dist_prior_day_high>0.0081456983&pullback_depth<=0.72507584)|(log_oi_to_volume_1d<=40.36409&mark_vs_perp_bps<=-1.1549736),4,445,0.1114450288004007,0.005490222945809364,0.018030958250164986,1,0,,,,0.1472092745494019,,,-0.17030518049049326,-0.4720488533690812,-0.21973420679569244,-0.8282709717750549,0.005387728842281909,0.016679883003234863
(*)|(*)|(amihud_illiq<=0.37696534&amihud_illiq>-0.54955798&log_oi_to_volume_1d<=39.79932&mark_perp_dislocation<=0.0010966789),0,2628,0.1314,0.001661462476477027,0.026362037286162376,1,0,,,,0.05105637955951001,,,0.08521848265518754,-0.016241154304436983,0.13236118853092194,0.4572202265262604,0.21207838060980197,-0.03310990333557129
(*)|(*)|(amihud_illiq<=0.37696534&amihud_illiq>-0.54955798&log_oi_to_volume_1d<=39.79932&mark_perp_dislocation<=0.0010966789),1,2645,0.13225,0.0033721718937158585,0.021619640290737152,1,0,,,,0.03716156807125493,,,0.08156777573846409,-0.0989712381069429,0.16950058937072754,0.5146775245666504,0.249914693813754,-0.07703840732574463
(*)|(*)|(amihud_illiq<=0.37696534&amihud_illiq>-0.54955798&log_oi_to_volume_1d<=39.79932&mark_perp_dislocation<=0.0010966789),2,2396,0.1198,0.0025731325149536133,0.02099478244781494,1,0,,,,0.06813390170590049,,,0.114203971320866,-0.042424467043416195,0.2914542853832245,0.7838327884674072,0.5392259442349541,-0.05391108989715576
(*)|(*)|(amihud_illiq<=0.37696534&amihud_illiq>-0.54955798&log_oi_to_volume_1d<=39.79932&mark_perp_dislocation<=0.0010966789),3,2568,0.1284,0.0032607964240014553,0.017079992219805717,1,0,,,,0.08935397468388902,,,0.007288846646846533,-0.18822007965651397,0.05530440807342529,0.18599317967891693,0.09771171958214744,0.0021023154258728027
(*)|(*)|(amihud_illiq<=0.37696534&amihud_illiq>-0.54955798&log_oi_to_volume_1d<=39.79932&mark_perp_dislocation<=0.0010966789),4,443,0.11094415226646631,0.005754441954195499,0.013830817304551601,1,0,,,,0.11877660069741915,,,-0.06834746069694994,-0.3700911335755379,-0.03589014708995819,-0.0232052281498909,0.05374828556223174,-0.0049201250076293945
(*)|(dist_local_swing>0.00050000474&dist_range_mid_atr<=0.022353169)|(log_oi_to_volume_7d<=1.4893019&mark_vs_perp_bps<=-1.5410513),0,3023,0.15115,0.0011549008777365088,0.025504373013973236,1,0,,,,0.029672298558132994,,,0.0824407108472251,-0.01901892611239943,0.13208045065402985,0.5662515759468079,0.2895922987377525,0.006516635417938232
(*)|(dist_local_swing>0.00050000474&dist_range_mid_atr<=0.022353169)|(log_oi_to_volume_7d<=1.4893019&mark_vs_perp_bps<=-1.5410513),1,3056,0.1528,0.002668422879651189,0.030361304059624672,1,0,,,,0.05063208138923623,,,-0.015411736426650391,-0.19595075027205738,-0.050153858959674835,-0.023846959695219994,0.05364982736556531,-0.014040112495422363
(*)|(dist_local_swing>0.00050000474&dist_range_mid_atr<=0.022353169)|(log_oi_to_volume_7d<=1.4893019&mark_vs_perp_bps<=-1.5410513),2,2674,0.1337,0.0020595984533429146,0.023575907573103905,1,0,,,,0.056526917324973204,,,0.09706457574159487,-0.05956386262268733,0.14990170300006866,0.5214893817901611,0.2548262866254794,0.003376483917236328
(*)|(dist_local_swing>0.00050000474&dist_range_mid_atr<=0.022353169)|(log_oi_to_volume_7d<=1.4893019&mark_vs_perp_bps<=-1.5410513),3,2424,0.1212,0.003214607946574688,0.01817149855196476,1,0,,,,0.07075149785120466,,,0.08355336128930642,-0.11195556501405408,0.15210290253162384,0.48156511783599854,0.227355019543853,0.00710141658782959
(*)|(dist_local_swing>0.00050000474&dist_range_mid_atr<=0.022353169)|(log_oi_to_volume_7d<=1.4893019&mark_vs_perp_bps<=-1.5410513),4,411,0.10293012772351616,0.00789693370461464,0.014216406270861626,1,0,,,,0.1895124959273314,,,-0.05049956837622723,-0.35224324125481515,0.04859018325805664,-0.013207799755036831,0.0553056930178239,0.1805770993232727
(*)|(dist_range_mid_atr<=0.23165303&dist_rolling_7d_high<=0.10764392&zscore_price_200>-0.91775286)|(mark_vs_perp_bps<=1.1708856&price_rv_10d_robust_z>-1.2799672&prior_volatility<=0.52846366),0,2525,0.12625,0.0026798301842063665,0.020662564784288406,1,0,,,,0.07002773649738983,,,-0.1570944521087385,-0.258554089068363,-0.2671993672847748,-0.7968410849571228,0.005893933535861937,-0.0417017936706543
(*)|(dist_range_mid_atr<=0.23165303&dist_rolling_7d_high<=0.10764392&zscore_price_200>-0.91775286)|(mark_vs_perp_bps<=1.1708856&price_rv_10d_robust_z>-1.2799672&prior_volatility<=0.52846366),1,3059,0.15295,0.005462212488055229,0.018030263483524323,1,0,,,,0.10926547493917858,,,0.023089364760545048,-0.15744964908486195,0.0760706216096878,0.2972499430179596,0.13427607924336124,-0.04646623134613037
(*)|(dist_range_mid_atr<=0.23165303&dist_rolling_7d_high<=0.10764392&zscore_price_200>-0.91775286)|(mark_vs_perp_bps<=1.1708856&price_rv_10d_robust_z>-1.2799672&prior_volatility<=0.52846366),2,2195,0.10975,0.0011449017329141498,0.022268155589699745,1,0,,,,0.02987396463034468,,,0.05566772334482951,-0.1009607150194527,0.08467741310596466,0.36353564262390137,0.16227390619869864,-0.13354647159576416
(*)|(dist_range_mid_atr<=0.23165303&dist_rolling_7d_high<=0.10764392&zscore_price_200>-0.91775286)|(mark_vs_perp_bps<=1.1708856&price_rv_10d_robust_z>-1.2799672&prior_volatility<=0.52846366),3,3708,0.1854,0.0029723939951509237,0.01635831966996193,1,0,,,,0.09722973282524623,,,-0.03915615442018761,-0.2346650807235481,-0.04203828424215317,0.003402193309739232,0.057993618240290604,0.004198133945465088
(*)|(dist_range_mid_atr<=0.23165303&dist_rolling_7d_high<=0.10764392&zscore_price_200>-0.91775286)|(mark_vs_perp_bps<=1.1708856&price_rv_10d_robust_z>-1.2799672&prior_volatility<=0.52846366),4,171,0.04282494365138993,0.008960295468568802,0.014669375494122505,1,0,,,,0.08987983077124427,,,-0.046457219251336904,-0.34820089212992483,-0.3088105320930481,-0.18915078043937683,0.03345434322956714,
(*)|(dist_ema200_atr<=0.010355441)|(mark_vs_perp_bps<=1.8505503&price_trend_15d_vol_norm>-0.065481797&range_24h_pct>0.050797965),0,2599,0.12995,0.002075975062325597,0.02161405049264431,1,0,,,,0.04720446712638033,,,0.026077997934656993,-0.07538163902496753,-0.003754572942852974,0.004625654313713312,0.05819669563073262,0.1046035885810852
(*)|(dist_ema200_atr<=0.010355441)|(mark_vs_perp_bps<=1.8505503&price_trend_15d_vol_norm>-0.065481797&range_24h_pct>0.050797965),1,2463,0.12315,0.004356072749942541,0.02500620298087597,1,0,,,,0.07735724062988539,,,-0.024715417090014277,-0.20525443093542128,-0.09444111585617065,-0.12564387917518616,0.040110169670801575,0.14571720361709595
(*)|(dist_ema200_atr<=0.010355441)|(mark_vs_perp_bps<=1.8505503&price_trend_15d_vol_norm>-0.065481797&range_24h_pct>0.050797965),2,2625,0.13125,0.0024741750676184893,0.02254730649292469,1,0,,,,0.07956554564255537,,,0.07909974793246514,-0.07752869043181705,0.09795799106359482,0.3634137213230133,0.16221738848387796,0.15640676021575928
(*)|(dist_ema200_atr<=0.010355441)|(mark_vs_perp_bps<=1.8505503&price_trend_15d_vol_norm>-0.065481797&range_24h_pct>0.050797965),3,2351,0.11755,0.0026952007319778204,0.016626793891191483,1,0,,,,0.041107679257534065,,,0.03860634184221217,-0.15690258446114833,0.04592425003647804,0.13994714617729187,0.08566646232536626,0.17862898111343384
(*)|(dist_ema200_atr<=0.010355441)|(mark_vs_perp_bps<=1.8505503&price_trend_15d_vol_norm>-0.065481797&range_24h_pct>0.050797965),4,254,0.06361131980966692,0.005391248036175966,0.017513809725642204,1,0,,,,0.06411516643696102,,,0.2592663282055197,-0.04247734467306824,0.326564759016037,1.589935302734375,0.1853462769122149,0.2210763692855835
(*)|(*)|(log_oi_to_volume_7d<=39.392899&mark_vs_perp_bps<=-0.40166184&price_trend_15d_vol_norm>-0.061126608&xasset_asset_minus_mkt_funding>-0.057862997),0,2812,0.1406,0.004384171683341265,0.022680062800645828,1,0,,,,0.0821036568234643,,,0.008686803304626772,-0.09277283365499775,0.03353678062558174,0.004304183647036552,0.05814326722674454,-0.07007914781570435
(*)|(*)|(log_oi_to_volume_7d<=39.392899&mark_vs_perp_bps<=-0.40166184&price_trend_15d_vol_norm>-0.061126608&xasset_asset_minus_mkt_funding>-0.057862997),1,2946,0.1473,0.004724462516605854,0.024502260610461235,1,0,,,,0.0863619969759499,,,0.03796379290735797,-0.14257522093804903,0.07165385037660599,0.36720171570777893,0.16398257644716183,-0.037640392780303955
(*)|(*)|(log_oi_to_volume_7d<=39.392899&mark_vs_perp_bps<=-0.40166184&price_trend_15d_vol_norm>-0.061126608&xasset_asset_minus_mkt_funding>-0.057862997),2,2759,0.13795,0.0009801617125049233,0.02199544943869114,1,0,,,,0.041628818141661965,,,0.03419694490929221,-0.12243149345498999,0.0601099357008934,0.32513999938964844,0.14541385489076522,-0.06101268529891968
(*)|(*)|(log_oi_to_volume_7d<=39.392899&mark_vs_perp_bps<=-0.40166184&price_trend_15d_vol_norm>-0.061126608&xasset_asset_minus_mkt_funding>-0.057862997),3,3437,0.17185,0.0028223805129528046,0.018940530717372894,1,0,,,,0.09464080870533131,,,-0.04287105051928569,-0.2383799768226462,-0.06608516722917557,-0.14494602382183075,0.037958024288980846,-0.012175142765045166
(*)|(*)|(log_oi_to_volume_7d<=39.392899&mark_vs_perp_bps<=-0.40166184&price_trend_15d_vol_norm>-0.061126608&xasset_asset_minus_mkt_funding>-0.057862997),4,244,0.06110693713999499,0.003815751289948821,0.022064276039600372,1,0,,,,0.0697367785630151,,,0.18819344158360046,-0.11355023129498748,0.34897559881210327,1.3380616903305054,0.3806440685403615,0.15978479385375977
(*)|(*)|(funding_abs_z<=0.60810155&mark_vs_perp_bps<=-0.30710801&oiw_entry_zone_1d_atr<=0.79674202&range_24h_pct>0.044632152),0,3124,0.1562,-7.1608395955991e-05,0.026230400428175926,-1,0,,,,0.01943014363354487,,,0.11868161380657584,0.017221976846951315,0.21235932409763336,0.6147503852844238,0.33263376970142994,0.020671963691711426
(*)|(*)|(funding_abs_z<=0.60810155&mark_vs_perp_bps<=-0.30710801&oiw_entry_zone_1d_atr<=0.79674202&range_24h_pct>0.044632152),1,2038,0.1019,0.006754928734153509,0.02931024692952633,1,0,,,,0.09667400376908286,,,-0.010886890886890887,-0.19142590473229787,-0.07471045851707458,-0.15001609921455383,0.0374121304536147,0.0875043272972107
(*)|(*)|(funding_abs_z<=0.60810155&mark_vs_perp_bps<=-0.30710801&oiw_entry_zone_1d_atr<=0.79674202&range_24h_pct>0.044632152),2,2644,0.1322,0.002260942477732897,0.02244817093014717,1,0,,,,0.05812506846146386,,,0.026169525203730344,-0.13045891316055186,0.02482997067272663,0.12084650993347168,0.08111664370213502,0.05756157636642456
(*)|(*)|(funding_abs_z<=0.60810155&mark_vs_perp_bps<=-0.30710801&oiw_entry_zone_1d_atr<=0.79674202&range_24h_pct>0.044632152),3,1664,0.0832,0.003801593091338873,0.02170880138874054,1,0,,,,0.06597248656989874,,,-0.029092912770328862,-0.22460183907368936,-0.029432019218802452,-0.18315258622169495,0.034032614619755076,0.030078649520874023
(*)|(*)|(funding_abs_z<=0.60810155&mark_vs_perp_bps<=-0.30710801&oiw_entry_zone_1d_atr<=0.79674202&range_24h_pct>0.044632152),4,434,0.10869020786376159,0.004290425684303045,0.01929943822324276,1,0,,,,0.1080928455865618,,,0.01950544810491767,-0.2822382247736703,-0.008740064688026905,0.20432759821414948,0.10296669223716122,0.15598344802856445
(*)|(*)|(funding_mean_7d_robust_z>0.15169452&log_oi_to_volume_1d<=38.313606&log_oi_to_volume_7d>0.19141154&mark_vs_perp_bps<=-1.6716782),0,1932,0.0966,0.004389604553580284,0.022732354700565338,1,0,,,,0.05638444793823943,,,0.05676751475022666,-0.04469212220939787,0.0569046251475811,0.2892322242259979,0.13123507823127945,-0.1321026086807251
(*)|(*)|(funding_mean_7d_robust_z>0.15169452&log_oi_to_volume_1d<=38.313606&log_oi_to_volume_7d>0.19141154&mark_vs_perp_bps<=-1.6716782),1,2931,0.14655,0.004280805587768555,0.018434304744005203,1,0,,,,0.0691352041712032,,,0.118582182505261,-0.061956831340146,0.2973957657814026,0.7177286148071289,0.4464224080279557,-0.11836063861846924
(*)|(*)|(funding_mean_7d_robust_z>0.15169452&log_oi_to_volume_1d<=38.313606&log_oi_to_volume_7d>0.19141154&mark_vs_perp_bps<=-1.6716782),2,2157,0.10785,0.0017821971559897065,0.01870412938296795,1,0,,,,0.053451419135257444,,,0.05229684298491991,-0.10433159537936229,0.18711242079734802,0.49246466159820557,0.23454660546342762,-0.15948188304901123
(*)|(*)|(funding_mean_7d_robust_z>0.15169452&log_oi_to_volume_1d<=38.313606&log_oi_to_volume_7d>0.19141154&mark_vs_perp_bps<=-1.6716782),3,2556,0.1278,0.004319356754422188,0.016532793641090393,1,0,,,,0.11145893004404782,,,-0.005294461708568131,-0.20080338801192862,0.018473686650395393,0.11479182541370392,0.07972546663038046,-0.04475182294845581
(*)|(*)|(funding_mean_7d_robust_z>0.15169452&log_oi_to_volume_1d<=38.313606&log_oi_to_volume_7d>0.19141154&mark_vs_perp_bps<=-1.6716782),4,207,0.051840721262208865,0.0025929224211722612,0.010266127996146679,1,0,,,,0.015667041715051566,,,-0.02645858343337335,-0.3282022563119613,-0.07801270484924316,-0.2807724177837372,0.025749250345394475,0.31099778413772583
(*)|(*)|(asset_funding_rate_abs_mean_7d>0.000013331954&funding_mean_7d_robust_z>0.34460476&mark_vs_perp_bps<=0.37714395),0,1853,0.09265,0.002670960035175085,0.025821395218372345,1,0,,,,0.02646982675144367,,,-0.04819734922178989,-0.14965698618141443,-0.1682838797569275,-0.16121412813663483,0.03623409865116188,-0.057848572731018066
(*)|(*)|(asset_funding_rate_abs_mean_7d>0.000013331954&funding_mean_7d_robust_z>0.34460476&mark_vs_perp_bps<=0.37714395),1,2158,0.1079,0.005985174793750048,0.016931738704442978,1,0,,,,0.07746134445220625,,,0.1290407103026687,-0.051498303542738294,0.32130441069602966,0.7780497074127197,0.5303894700754309,-0.0806812047958374
(*)|(*)|(asset_funding_rate_abs_mean_7d>0.000013331954&funding_mean_7d_robust_z>0.34460476&mark_vs_perp_bps<=0.37714395),2,4728,0.2364,0.00042015136568807065,0.023399097844958305,1,0,,,,0.048383080867878354,,,0.11493143044090473,-0.041697007923377466,0.15600049495697021,0.7073785066604614,0.433414207231494,0.010364830493927002
(*)|(*)|(asset_funding_rate_abs_mean_7d>0.000013331954&funding_mean_7d_robust_z>0.34460476&mark_vs_perp_bps<=0.37714395),3,2686,0.1343,0.003957599867135286,0.0196701530367136,1,0,,,,0.09072918618433558,,,-0.008664373930738645,-0.20417330023409916,-0.015950243920087814,0.026216920465230942,0.06189985943715964,-0.0225142240524292
(*)|(*)|(asset_funding_rate_abs_mean_7d>0.000013331954&funding_mean_7d_robust_z>0.34460476&mark_vs_perp_bps<=0.37714395),4,333,0.08339594290007513,0.001461333129554987,0.00983203761279583,1,0,,,,-0.006372622531423439,,,0.6690987017152131,0.3673550288366252,2.3623063564300537,2.4743053913116455,0.014812244368873517,
(*)|(loc_prior_bar_pos_24<=1.0477346)|(exh_qual_surprise<=1.941743&mark_perp_dislocation<=0.001160419&oi_value_log_1d_robust_z>0.086788133&price_trend_15d_vol_norm>-0.071031623&up_down_semivol_ratio_tanh<=0.5669294),0,2419,0.12095,0.0021437627729028463,0.022840240970253944,1,0,,,,0.06179104350760246,,,0.008736226685302178,-0.09272341027432235,0.025458762422204018,-0.05257411673665047,0.04942224664344891,0.13023710250854492
(*)|(loc_prior_bar_pos_24<=1.0477346)|(exh_qual_surprise<=1.941743&mark_perp_dislocation<=0.001160419&oi_value_log_1d_robust_z>0.086788133&price_trend_15d_vol_norm>-0.071031623&up_down_semivol_ratio_tanh<=0.5669294),1,2138,0.1069,0.004650945775210857,0.02729193866252899,1,0,,,,0.0803019867991196,,,-0.024731777032096593,-0.20527079087750358,-0.05168634653091431,-0.01957198604941368,0.05430913591583845,0.07761645317077637
(*)|(loc_prior_bar_pos_24<=1.0477346)|(exh_qual_surprise<=1.941743&mark_perp_dislocation<=0.001160419&oi_value_log_1d_robust_z>0.086788133&price_trend_15d_vol_norm>-0.071031623&up_down_semivol_ratio_tanh<=0.5669294),2,2583,0.12915,0.001187613932415843,0.02182270586490631,1,0,,,,0.04573408819009538,,,0.10865258263418577,-0.047975855730096426,0.16995130479335785,0.6479257345199585,0.3657056614552804,0.1187637448310852
(*)|(loc_prior_bar_pos_24<=1.0477346)|(exh_qual_surprise<=1.941743&mark_perp_dislocation<=0.001160419&oi_value_log_1d_robust_z>0.086788133&price_trend_15d_vol_norm>-0.071031623&up_down_semivol_ratio_tanh<=0.5669294),3,3079,0.15395,0.0034541580826044083,0.016176901757717133,1,0,,,,0.09299860767475833,,,0.04886971376163488,-0.14663921254172563,0.09033596515655518,0.3553992509841919,0.15854506159929752,0.11302632093429565
(*)|(loc_prior_bar_pos_24<=1.0477346)|(exh_qual_surprise<=1.941743&mark_perp_dislocation<=0.001160419&oi_value_log_1d_robust_z>0.086788133&price_trend_15d_vol_norm>-0.071031623&up_down_semivol_ratio_tanh<=0.5669294),4,190,0.04758327072376659,0.00797712430357933,0.014628416858613491,1,0,,,,0.09073688209514306,,,0.25850288200939037,-0.043240790869197576,0.6751025319099426,1.7084887027740479,0.13209242176674402,0.24074476957321167
(*)|(*)|(dist_funding_pressure_price_12h_atr<=0.89852536&mark_vs_perp_bps<=1.7488428&ob_spread_z_24h>-0.55864424&price_trend_10d_vol_norm>-0.0065571759&price_trend_7d_vol_norm>-0.10442786),0,2107,0.10535,0.0038087188731878996,0.021779801696538925,1,0,,,,0.06386532430990216,,,0.06152241047611207,-0.03993722648351245,0.07544278353452682,-0.0780242457985878,0.045956072991088934,0.1742599606513977
(*)|(*)|(dist_funding_pressure_price_12h_atr<=0.89852536&mark_vs_perp_bps<=1.7488428&ob_spread_z_24h>-0.55864424&price_trend_10d_vol_norm>-0.0065571759&price_trend_7d_vol_norm>-0.10442786),1,1986,0.0993,0.005105473101139069,0.029737072065472603,1,0,,,,0.07121834609817161,,,-0.039994675020278626,-0.2205336888656856,-0.16728973388671875,-0.10988608002662659,0.04195728987701278,0.010409951210021973
(*)|(*)|(dist_funding_pressure_price_12h_atr<=0.89852536&mark_vs_perp_bps<=1.7488428&ob_spread_z_24h>-0.55864424&price_trend_10d_vol_norm>-0.0065571759&price_trend_7d_vol_norm>-0.10442786),2,2528,0.1264,-0.00022231132606975734,0.024809397757053375,-1,0,,,,0.017027440482640998,,,0.14363090965185862,-0.012997528712423573,0.2122519165277481,0.7883654236793518,0.5462545418217947,0.08286815881729126
(*)|(*)|(dist_funding_pressure_price_12h_atr<=0.89852536&mark_vs_perp_bps<=1.7488428&ob_spread_z_24h>-0.55864424&price_trend_10d_vol_norm>-0.0065571759&price_trend_7d_vol_norm>-0.10442786),3,2702,0.1351,0.0015488050412386656,0.01874713785946369,1,0,,,,0.03303134382695685,,,0.020691057771616735,-0.17481786853174378,0.03508560359477997,0.12551920115947723,0.082206856489649,0.0889817476272583
(*)|(*)|(dist_funding_pressure_price_12h_atr<=0.89852536&mark_vs_perp_bps<=1.7488428&ob_spread_z_24h>-0.55864424&price_trend_10d_vol_norm>-0.0065571759&price_trend_7d_vol_norm>-0.10442786),4,146,0.03656398697721012,0.008833861909806728,0.021149633452296257,1,0,,,,0.08183850645607173,,,-0.2290759554910498,-0.5308196283696378,-0.32530486583709717,-1.4783058166503906,0.0008410379603445941,0.33159834146499634
(*)|(pullback_depth>0.70934945)|(mark_vs_perp_bps<=-0.10702071&prior_volatility>-1.0026727),0,2964,0.1482,0.0005926704034209251,0.02632732316851616,1,0,,,,0.024070716767298394,,,0.0499369291335496,-0.051522707826074925,0.04059058427810669,0.15815261006355286,0.09024038210143398,0.02575308084487915
(*)|(pullback_depth>0.70934945)|(mark_vs_perp_bps<=-0.10702071&prior_volatility>-1.0026727),1,2901,0.14505,0.006969443988054991,0.027422137558460236,1,0,,,,0.11744773377101876,,,0.053506668437563215,-0.12703234540784378,0.1618659496307373,0.28034666180610657,0.1279453070766787,0.04221683740615845
(*)|(pullback_depth>0.70934945)|(mark_vs_perp_bps<=-0.10702071&prior_volatility>-1.0026727),2,2841,0.14205,0.0009468701900914311,0.021287649869918823,1,0,,,,0.04774715452869546,,,0.005048200107500123,-0.15158023825678207,0.01157987117767334,-0.04885869100689888,0.04994968315441898,0.13463199138641357
(*)|(pullback_depth>0.70934945)|(mark_vs_perp_bps<=-0.10702071&prior_volatility>-1.0026727),3,2679,0.13395,0.00259887776337564,0.016719628125429153,1,0,,,,0.04106024542491869,,,0.07779574627876014,-0.11771318002460036,0.14122779667377472,0.4577614963054657,0.21240661039775482,0.08962452411651611
(*)|(pullback_depth>0.70934945)|(mark_vs_perp_bps<=-0.10702071&prior_volatility>-1.0026727),4,580,0.1452541948409717,0.0048692235723137856,0.01668541319668293,1,0,,,,0.09785221435645795,,,-0.014827808414349006,-0.31657148129293694,0.06426800787448883,0.3005026876926422,0.13552979826437112,0.10604220628738403
(*)|(*)|(mark_vs_perp_bps<=-1.2284237&oi_chg_z_4h>-0.3997663&price_trend_7d_vol_norm>-0.11874564&trend_acceleration<=0.43125293&xasset_ob_liquidity_ts_resid<=0.12785967),0,2218,0.1109,0.0034282556734979153,0.022930752485990524,1,0,,,,0.06706380158985446,,,-0.027544875469122845,-0.12900451242874736,-0.0810437798500061,-0.15796466171741486,0.036572069363625455,-0.029964923858642578
(*)|(*)|(mark_vs_perp_bps<=-1.2284237&oi_chg_z_4h>-0.3997663&price_trend_7d_vol_norm>-0.11874564&trend_acceleration<=0.43125293&xasset_ob_liquidity_ts_resid<=0.12785967),1,2808,0.1404,0.0033616037108004093,0.019330013543367386,1,0,,,,0.04503099409325248,,,-0.024113215423006974,-0.20465222926841398,-0.11573588848114014,-0.15174831449985504,0.037227428281302544,-0.026586055755615234
(*)|(*)|(mark_vs_perp_bps<=-1.2284237&oi_chg_z_4h>-0.3997663&price_trend_7d_vol_norm>-0.11874564&trend_acceleration<=0.43125293&xasset_ob_liquidity_ts_resid<=0.12785967),2,2080,0.104,0.0013554563047364354,0.02115929313004017,1,0,,,,0.0378547313485858,,,0.09957886388198754,-0.057049574482294654,0.1327897310256958,0.5367743968963623,0.26620150399907705,-0.07135170698165894
(*)|(*)|(mark_vs_perp_bps<=-1.2284237&oi_chg_z_4h>-0.3997663&price_trend_7d_vol_norm>-0.11874564&trend_acceleration<=0.43125293&xasset_ob_liquidity_ts_resid<=0.12785967),3,2636,0.1318,0.003946365788578987,0.01717287302017212,1,0,,,,0.08932041907226272,,,-0.03198589673353032,-0.22749482303689084,-0.0186727587133646,0.06223595514893532,0.06860939210764534,-0.056864798069000244
(*)|(*)|(mark_vs_perp_bps<=-1.2284237&oi_chg_z_4h>-0.3997663&price_trend_7d_vol_norm>-0.11874564&trend_acceleration<=0.43125293&xasset_ob_liquidity_ts_resid<=0.12785967),4,210,0.05259203606311044,0.006767988204956055,0.011062262579798698,1,0,,,,0.10622685568156574,,,-0.19911624819059434,-0.5008599210691823,-0.22793857753276825,-0.9650245904922485,0.0036451565221629232,0.12327629327774048
(*)|(bars_in_high_vol_state_log_norm>-0.17088127)|(asset_atr_level_pct>0.11014593&mark_vs_perp_bps<=1.1276978),0,2878,0.1439,-0.0002914618235081434,0.02615264244377613,-1,0,,,,-0.003146029966067225,,,0.2181017867928326,0.11664214983320807,0.4403955638408661,1.2401342391967773,0.5035371297343878,0.16304022073745728
(*)|(bars_in_high_vol_state_log_norm>-0.17088127)|(asset_atr_level_pct>0.11014593&mark_vs_perp_bps<=1.1276978),1,1555,0.07775,0.005565797444432974,0.039568305015563965,1,0,,,,0.06789645657211309,,,0.032932738983075915,-0.14760627486233108,0.13488313555717468,0.20410068333148956,0.10289995765849212,0.16931653022766113
(*)|(bars_in_high_vol_state_log_norm>-0.17088127)|(asset_atr_level_pct>0.11014593&mark_vs_perp_bps<=1.1276978),2,3032,0.1516,0.0011087009916082025,0.02465846575796604,1,0,,,,0.06023909231672583,,,0.06782430803584844,-0.08880413032843376,0.06538355350494385,0.28252407908439636,0.1287437605170625,0.08547759056091309
(*)|(bars_in_high_vol_state_log_norm>-0.17088127)|(asset_atr_level_pct>0.11014593&mark_vs_perp_bps<=1.1276978),3,2375,0.11875,0.0035631500650197268,0.022520512342453003,1,0,,,,0.06910816328832944,,,0.013497189299999891,-0.18201173700336062,0.024687418714165688,0.028866015374660492,0.062370147252197194,0.07778382301330566
(*)|(bars_in_high_vol_state_log_norm>-0.17088127)|(asset_atr_level_pct>0.11014593&mark_vs_perp_bps<=1.1276978),4,620,0.1552717255196594,0.004412160255014896,0.01702580787241459,1,0,,,,0.10814589477719395,,,0.058045098466388514,-0.24369857441219944,0.059827741235494614,0.24511168897151947,0.11569200528900274,0.29043227434158325
(*)|(bars_in_high_vol_state_log_norm<=-0.2099168&loc_pullback_depth_48<=0.28571439&oiw_intensity_entry_dist_7d_atr<=0.66197062)|(mark_perp_dislocation<=0.00069575186&prior_volatility>-0.88219386),0,2420,0.121,0.0022989572025835514,0.022842084988951683,1,0,,,,0.06257612469816089,,,0.0032494229065255023,-0.09821021405309902,0.035246413201093674,0.06276904046535492,0.06871397075649145,0.011316657066345215
(*)|(bars_in_high_vol_state_log_norm<=-0.2099168&loc_pullback_depth_48<=0.28571439&oiw_intensity_entry_dist_7d_atr<=0.66197062)|(mark_perp_dislocation<=0.00069575186&prior_volatility>-0.88219386),1,2368,0.1184,0.0051307687535882,0.025212246924638748,1,0,,,,0.0735537693019314,,,0.053992039651381954,-0.12654697419402505,0.10568400472402573,0.24865692853927612,0.11686983441277471,0.04034256935119629
(*)|(bars_in_high_vol_state_log_norm<=-0.2099168&loc_pullback_depth_48<=0.28571439&oiw_intensity_entry_dist_7d_atr<=0.66197062)|(mark_perp_dislocation<=0.00069575186&prior_volatility>-0.88219386),2,2502,0.1251,0.002883562818169594,0.0193952489644289,1,0,,,,0.07842492750020623,,,0.04465908969582845,-0.11196934866845375,0.07704830914735794,0.21800342202186584,0.10706962694002967,0.07893526554107666
(*)|(bars_in_high_vol_state_log_norm<=-0.2099168&loc_pullback_depth_48<=0.28571439&oiw_intensity_entry_dist_7d_atr<=0.66197062)|(mark_perp_dislocation<=0.00069575186&prior_volatility>-0.88219386),3,1893,0.09465,0.002534785307943821,0.0161085594445467,1,0,,,,0.033091971317441085,,,0.09379867988697077,-0.10171024641638973,0.15472297370433807,0.5323055982589722,0.262824250492546,0.1509191393852234
(*)|(bars_in_high_vol_state_log_norm<=-0.2099168&loc_pullback_depth_48<=0.28571439&oiw_intensity_entry_dist_7d_atr<=0.66197062)|(mark_perp_dislocation<=0.00069575186&prior_volatility>-0.88219386),4,495,0.12396694214876033,0.0038837590254843235,0.013226499781012535,1,0,,,,0.09306348705381809,,,0.12110266847722612,-0.18064100440136183,0.3102889955043793,0.7013680338859558,0.42603482428871764,0.13045638799667358
(*)|(loc_prev_day_range_pos_48<=0.7972542&loc_prior_bar_pos_24>-0.50000036)|(mark_vs_perp_bps<=0.42705813&price_trend_7d_vol_norm>-0.08695972&return_autocorr_48<=0.25724196),0,2253,0.11265,0.005165681708604097,0.021756529808044434,1,0,,,,0.09256695434736661,,,-0.056211497360539604,-0.15767113432016414,-0.06481414288282394,-0.43553805351257324,0.0165472178711869,0.09337073564529419
(*)|(loc_prev_day_range_pos_48<=0.7972542&loc_prior_bar_pos_24>-0.50000036)|(mark_vs_perp_bps<=0.42705813&price_trend_7d_vol_norm>-0.08695972&return_autocorr_48<=0.25724196),1,2136,0.1068,0.004593422636389732,0.020278872922062874,1,0,,,,0.047944257295012276,,,0.031920245405941905,-0.1486187684394651,0.04924890026450157,0.26759371161460876,0.1233672752200575,-0.021668851375579834
(*)|(loc_prev_day_range_pos_48<=0.7972542&loc_prior_bar_pos_24>-0.50000036)|(mark_vs_perp_bps<=0.42705813&price_trend_7d_vol_norm>-0.08695972&return_autocorr_48<=0.25724196),2,2278,0.1139,0.0015540781896561384,0.023805653676390648,1,0,,,,0.03869057998476391,,,0.0979115723086965,-0.058716866055585695,0.13493706285953522,0.47560834884643555,0.2235183287549707,0.018460750579833984
(*)|(loc_prev_day_range_pos_48<=0.7972542&loc_prior_bar_pos_24>-0.50000036)|(mark_vs_perp_bps<=0.42705813&price_trend_7d_vol_norm>-0.08695972&return_autocorr_48<=0.25724196),3,2626,0.1313,0.0036880087573081255,0.017551477998495102,1,0,,,,0.07720869723049495,,,-0.022539810375683058,-0.21804873667904356,-2.538288572395686e-05,-0.07984040677547455,0.045718223125940344,0.0010370612144470215
(*)|(loc_prev_day_range_pos_48<=0.7972542&loc_prior_bar_pos_24>-0.50000036)|(mark_vs_perp_bps<=0.42705813&price_trend_7d_vol_norm>-0.08695972&return_autocorr_48<=0.25724196),4,262,0.06561482594540446,0.00353141943924129,0.021466217935085297,1,0,,,,0.03381938490251683,,,0.1944516463572725,-0.10729202652131545,0.19948698580265045,1.4194035530090332,0.3017079248812203,0.18403422832489014
(*)|(dist_prior_day_low>0.027470794&loc_prev_week_range_pos_48<=0.62578273)|(mark_vs_perp_bps<=1.3075266&price_trend_15d_vol_norm>-0.068667397),0,2181,0.10905,0.0033543435856699944,0.023478636518120766,1,0,,,,0.06738985299378375,,,0.060071926434198473,-0.04138771052542605,0.15682540833950043,0.47437524795532227,0.22273222677141347,0.015158772468566895
(*)|(dist_prior_day_low>0.027470794&loc_prev_week_range_pos_48<=0.62578273)|(mark_vs_perp_bps<=1.3075266&price_trend_15d_vol_norm>-0.068667397),1,2056,0.1028,0.0017157086404040456,0.026323165744543076,1,0,,,,0.03028159420655492,,,0.019172865162728155,-0.16136614868267884,0.08039947599172592,0.22471973299980164,0.10914407537248652,0.15109145641326904
(*)|(dist_prior_day_low>0.027470794&loc_prev_week_range_pos_48<=0.62578273)|(mark_vs_perp_bps<=1.3075266&price_trend_15d_vol_norm>-0.068667397),2,2560,0.128,0.004154945723712444,0.021176768466830254,1,0,,,,0.09722938772678366,,,0.04055958707565484,-0.11606885128862736,0.03208249807357788,0.23014211654663086,0.1108481588185069,0.12265568971633911
(*)|(dist_prior_day_low>0.027470794&loc_prev_week_range_pos_48<=0.62578273)|(mark_vs_perp_bps<=1.3075266&price_trend_15d_vol_norm>-0.068667397),3,1843,0.09215,0.0030175901483744383,0.015908440575003624,1,0,,,,0.0811273226585501,,,0.0033434636505814317,-0.19216546265277906,0.04204874858260155,0.08001772314310074,0.07218516024226235,0.19029974937438965
(*)|(dist_prior_day_low>0.027470794&loc_prev_week_range_pos_48<=0.62578273)|(mark_vs_perp_bps<=1.3075266&price_trend_15d_vol_norm>-0.068667397),4,292,0.07312797395442024,0.004037683364003897,0.020716553553938866,1,0,,,,0.1002903824065367,,,0.15889107146473339,-0.14285260141385456,0.2602722942829132,1.070676326751709,0.8171501963573526,0.08181136846542358
(*)|(loc_swing_range_pos_24<=0.70558184)|(atr_compression_ratio<=0.40462184&funding_mean_15d_robust_z>-0.061129734&mark_perp_dislocation<=0.0026437396&return_autocorr_48<=0.59585226),0,1698,0.0849,0.002030853880569339,0.02055300772190094,1,0,,,,0.04225756037339867,,,0.09093526484450487,-0.010524372115119654,0.1390700489282608,0.37546300888061523,0.16789921283634232,0.03987222909927368
(*)|(loc_swing_range_pos_24<=0.70558184)|(atr_compression_ratio<=0.40462184&funding_mean_15d_robust_z>-0.061129734&mark_perp_dislocation<=0.0026437396&return_autocorr_48<=0.59585226),1,2426,0.1213,0.00226924498565495,0.020399682223796844,1,0,,,,0.025258303988847028,,,0.11682312586724072,-0.06371588797816627,0.23457877337932587,0.5609352588653564,0.2852267819611839,-0.026512622833251953
(*)|(loc_swing_range_pos_24<=0.70558184)|(atr_compression_ratio<=0.40462184&funding_mean_15d_robust_z>-0.061129734&mark_perp_dislocation<=0.0026437396&return_autocorr_48<=0.59585226),2,2983,0.14915,0.002350720576941967,0.02316918782889843,1,0,,,,0.06240428317464098,,,0.10416821837295498,-0.05246021999132722,0.19825969636440277,0.6436433792114258,0.3612584048947032,-0.07039976119995117
(*)|(loc_swing_range_pos_24<=0.70558184)|(atr_compression_ratio<=0.40462184&funding_mean_15d_robust_z>-0.061129734&mark_perp_dislocation<=0.0026437396&return_autocorr_48<=0.59585226),3,2826,0.1413,0.002274296246469021,0.016116784885525703,1,0,,,,0.04730105272665848,,,0.08054634445921038,-0.11496258184415012,0.1883583664894104,0.4599875509738922,0.21376185483150378,-0.03849172592163086
(*)|(loc_swing_range_pos_24<=0.70558184)|(atr_compression_ratio<=0.40462184&funding_mean_15d_robust_z>-0.061129734&mark_perp_dislocation<=0.0026437396&return_autocorr_48<=0.59585226),4,676,0.16929626846982218,0.006211793981492519,0.01396896317601204,1,0,,,,0.11459444249801902,,,0.3185316755477064,0.01678800266911845,1.0946080684661865,1.411454439163208,0.3086386475208286,-0.06095314025878906
(*)|(dist_prior_day_low>0.042638242&loc_prev_day_range_pos_24<=0.85148519)|(price_trend_7d_vol_norm>-0.084666498),0,2889,0.14445,0.0024915686808526516,0.024925226345658302,1,0,,,,0.052337907498946575,,,0.12043565312056628,0.018976016160941758,0.2305694967508316,0.6046270728111267,0.3231505598410175,0.14084374904632568
(*)|(dist_prior_day_low>0.042638242&loc_prev_day_range_pos_24<=0.85148519)|(price_trend_7d_vol_norm>-0.084666498),1,2212,0.1106,0.0007560551748611033,0.03960854932665825,1,0,,,,-0.004108115776351838,,,0.032931862357351425,-0.14760715148805556,0.11348634213209152,0.3458576202392578,0.15428122155596555,0.1364612579345703
(*)|(dist_prior_day_low>0.042638242&loc_prev_day_range_pos_24<=0.85148519)|(price_trend_7d_vol_norm>-0.084666498),2,3351,0.16755,0.0019726785831153393,0.025736315175890923,1,0,,,,0.05989495980124913,,,0.05036947285317287,-0.10625896551110933,0.11597030609846115,0.3214254081249237,0.1438787211916405,0.10144948959350586
(*)|(dist_prior_day_low>0.042638242&loc_prev_day_range_pos_24<=0.85148519)|(price_trend_7d_vol_norm>-0.084666498),3,1974,0.0987,0.0010332026286050677,0.02329437993466854,1,0,,,,0.013356484827170483,,,0.07010596156343579,-0.1254029647399247,0.18562527000904083,0.32604020833969116,0.14578834443589803,0.19778788089752197
(*)|(dist_prior_day_low>0.042638242&loc_prev_day_range_pos_24<=0.85148519)|(price_trend_7d_vol_norm>-0.084666498),4,301,0.07538191835712497,0.010471371002495289,0.026397516950964928,1,0,,,,0.08346949549721601,,,-0.23671328671328673,-0.5384569595918747,-0.32796958088874817,-0.9999050498008728,0.003299400716695599,0.14911943674087524
(*)|(loc_prev_day_range_pos_48<=0.60438377&loc_prior_bar_pos_24>-0.57677877)|(log_oi_to_volume_7d>0.13217729&mark_perp_dislocation<=0.00021147227&price_rv_10d_robust_z<=0.093043737),0,1854,0.0927,0.0032203767914325,0.02231411635875702,1,0,,,,0.06594244902299207,,,-0.06780757800379288,-0.1692672149634174,-0.03890327364206314,-0.2582668364048004,0.027459362238707406,-0.019421160221099854
(*)|(loc_prev_day_range_pos_48<=0.60438377&loc_prior_bar_pos_24>-0.57677877)|(log_oi_to_volume_7d>0.13217729&mark_perp_dislocation<=0.00021147227&price_rv_10d_robust_z<=0.093043737),1,3204,0.1602,0.0053895991295576096,0.02254628576338291,1,0,,,,0.08658689611872124,,,0.12077962511066316,-0.05975938873474383,0.2661040425300598,0.6861497759819031,0.4079074674498577,-0.0438460111618042
(*)|(loc_prev_day_range_pos_48<=0.60438377&loc_prior_bar_pos_24>-0.57677877)|(log_oi_to_volume_7d>0.13217729&mark_perp_dislocation<=0.00021147227&price_rv_10d_robust_z<=0.093043737),2,1443,0.07215,-0.0010156177449971437,0.017374960705637932,-1,0,,,,0.0012366303633359545,,,0.06569068098768195,-0.09093775737660025,0.0362403430044651,0.18407239019870758,0.09717694934562485,0.07842272520065308
(*)|(loc_prev_day_range_pos_48<=0.60438377&loc_prior_bar_pos_24>-0.57677877)|(log_oi_to_volume_7d>0.13217729&mark_perp_dislocation<=0.00021147227&price_rv_10d_robust_z<=0.093043737),3,3477,0.17385,0.002845559036359191,0.016265660524368286,1,0,,,,0.062038555619942565,,,0.056944517535986616,-0.1385644087673739,0.10994108021259308,0.3419632017612457,0.15257406360837925,0.017766296863555908
(*)|(loc_prev_day_range_pos_48<=0.60438377&loc_prior_bar_pos_24>-0.57677877)|(log_oi_to_volume_7d>0.13217729&mark_perp_dislocation<=0.00021147227&price_rv_10d_robust_z<=0.093043737),4,591,0.14800901577761083,0.005183917935937643,0.015368930995464325,1,0,,,,0.11051241701688976,,,0.19525842902753734,-0.1064852438510506,0.5621541738510132,1.4702675342559814,0.2608991026082839,-0.1012115478515625
(*)|(*)|(efficiency_ratio_20>-0.023909844&mark_vs_perp_bps<=1.5459293&range_24h_pct<=0.070529491),0,2058,0.1029,0.004868593066930771,0.020091498270630836,1,0,,,,0.08742873945338976,,,-0.06500697458730831,-0.16646661154693282,-0.0311672855168581,-0.17097653448581696,0.035237400671049045,-0.08630216121673584
(*)|(*)|(efficiency_ratio_20>-0.023909844&mark_vs_perp_bps<=1.5459293&range_24h_pct<=0.070529491),1,2733,0.13665,0.0027890268247574568,0.016746271401643753,1,0,,,,0.050691009822225776,,,0.02359816060301844,-0.15694085324238854,0.05178200080990791,0.13939568400382996,0.08553159199451409,-0.06133216619491577
(*)|(*)|(efficiency_ratio_20>-0.023909844&mark_vs_perp_bps<=1.5459293&range_24h_pct<=0.070529491),2,2016,0.1008,-0.0010760852601379156,0.016986021772027016,-1,0,,,,0.016405649990485126,,,0.020731158778962776,-0.1358972795853194,0.00736213056370616,0.06979326903820038,0.07010693799365603,-0.07203584909439087
(*)|(*)|(efficiency_ratio_20>-0.023909844&mark_vs_perp_bps<=1.5459293&range_24h_pct<=0.070529491),3,3313,0.16565,0.003167500486597419,0.015188535675406456,1,0,,,,0.10053065952894001,,,0.034293012992334906,-0.16121591331102558,0.09299895167350769,0.36923277378082275,0.1649369375321949,-0.037673890590667725
(*)|(*)|(efficiency_ratio_20>-0.023909844&mark_vs_perp_bps<=1.5459293&range_24h_pct<=0.070529491),4,643,0.16103180565990483,0.0047161392867565155,0.011978745460510254,1,0,,,,0.15950312249598128,,,0.08577447415406098,-0.21596919872452697,0.38474419713020325,0.9002686142921448,0.7520542502773022,0.01398003101348877
(*)|(loc_pivot_ladder_pos_48<=0.23893775&loc_session_pos_24>0.012410183)|(mark_vs_perp_bps<=-0.052890562&price_trend_15d_vol_norm>-0.056481626&spike_score_surprise>-0.45468768),0,2906,0.1453,0.0026501582469791174,0.022498656064271927,1,0,,,,0.07220759148613688,,,0.011071042905595522,-0.090388594054029,-0.0016881701303645968,-0.12826791405677795,0.03981057845859525,0.1363547444343567
(*)|(loc_pivot_ladder_pos_48<=0.23893775&loc_session_pos_24>0.012410183)|(mark_vs_perp_bps<=-0.052890562&price_trend_15d_vol_norm>-0.056481626&spike_score_surprise>-0.45468768),1,2677,0.13385,0.004358410835266113,0.026945553719997406,1,0,,,,0.08352024183072877,,,-0.024817267831939264,-0.20535628167734626,-0.05680520832538605,-0.1353934109210968,0.039008286773164084,0.08393925428390503
(*)|(loc_pivot_ladder_pos_48<=0.23893775&loc_session_pos_24>0.012410183)|(mark_vs_perp_bps<=-0.052890562&price_trend_15d_vol_norm>-0.056481626&spike_score_surprise>-0.45468768),2,3026,0.1513,0.0012808084720745683,0.02228851057589054,1,0,,,,0.05296116123634478,,,0.10393839566082494,-0.05269004270345726,0.10948321968317032,0.6645857691764832,0.38353424209346904,0.08039450645446777
(*)|(loc_pivot_ladder_pos_48<=0.23893775&loc_session_pos_24>0.012410183)|(mark_vs_perp_bps<=-0.052890562&price_trend_15d_vol_norm>-0.056481626&spike_score_surprise>-0.45468768),3,3140,0.157,0.002234444487839937,0.017035726457834244,1,0,,,,0.05371107814981258,,,0.0075949006421655064,-0.187914025661195,-0.0031980271451175213,0.11588730663061142,0.07997539398796093,0.07381939888000488
(*)|(loc_pivot_ladder_pos_48<=0.23893775&loc_session_pos_24>0.012410183)|(mark_vs_perp_bps<=-0.052890562&price_trend_15d_vol_norm>-0.056481626&spike_score_surprise>-0.45468768),4,267,0.06686701728024042,0.005813142284750938,0.019215265288949013,1,0,,,,0.08814138621087385,,,0.24643345710377174,-0.05531021577481621,0.35276103019714355,1.618543267250061,0.17079923477849002,0.17396140098571777
(*)|(loc_prev_day_range_pos_24<=0.56141329)|(mark_perp_dislocation<=0.0016965769&rolling_range_20>0.20707496),0,2234,0.1117,-0.002249562880024314,0.02430514432489872,-1,0,,,,-0.032085830777753926,,,0.1073000210064797,0.0058403840468551765,0.12612828612327576,0.38891851902008057,0.17447966300524048,0.1508459448814392
(*)|(loc_prev_day_range_pos_24<=0.56141329)|(mark_perp_dislocation<=0.0016965769&rolling_range_20>0.20707496),1,1915,0.09575,0.005726666189730167,0.025759998708963394,1,0,,,,0.06044885784382561,,,0.09395240944207957,-0.08658660440332742,0.26604360342025757,0.451854944229126,0.20885214224078763,0.15098577737808228
(*)|(loc_prev_day_range_pos_24<=0.56141329)|(mark_perp_dislocation<=0.0016965769&rolling_range_20>0.20707496),2,2280,0.114,0.0005323591758497059,0.02208656072616577,1,0,,,,0.037379802828275584,,,0.05135099456977465,-0.10527744379450754,0.11941376328468323,0.21632234752178192,0.10655659707239774,0.19007915258407593
(*)|(loc_prev_day_range_pos_24<=0.56141329)|(mark_perp_dislocation<=0.0016965769&rolling_range_20>0.20707496),3,1770,0.0885,0.004316565580666065,0.017669176682829857,1,0,,,,0.06710118422303595,,,0.1300291076585587,-0.06547981864480179,0.2015722692012787,0.571763813495636,0.2941892646536311,0.20892351865768433
(*)|(loc_prev_day_range_pos_24<=0.56141329)|(mark_perp_dislocation<=0.0016965769&rolling_range_20>0.20707496),4,541,0.1354871024292512,0.005991431884467602,0.01640704646706581,1,0,,,,0.1257229752758791,,,0.08766656101758401,-0.21407711186100392,0.2844206690788269,0.7878351211547852,0.5454275109105996,0.2625538110733032
(*)|(loc_session_pos_24>0.039547894)|(mark_vs_perp_bps<=1.7280951&price_trend_15d_vol_norm>-0.061997794&range_expansion_ratio<=-0.34839538),0,2518,0.1259,0.0014021344250068069,0.020938895642757416,1,0,,,,0.04774116673718342,,,-0.032092975551551814,-0.13355261251117634,-0.10960313677787781,-0.3552064299583435,0.02081631194888249,0.04540824890136719
(*)|(loc_session_pos_24>0.039547894)|(mark_vs_perp_bps<=1.7280951&price_trend_15d_vol_norm>-0.061997794&range_expansion_ratio<=-0.34839538),1,2380,0.119,0.0035643873270601034,0.020454041659832,1,0,,,,0.055485673400249715,,,-0.047487574089774866,-0.22802658793518185,-0.09231735020875931,-0.21673840284347534,0.030918658675194544,0.08611792325973511
(*)|(loc_session_pos_24>0.039547894)|(mark_vs_perp_bps<=1.7280951&price_trend_15d_vol_norm>-0.061997794&range_expansion_ratio<=-0.34839538),2,2590,0.1295,0.0013773003593087196,0.02158297225832939,1,0,,,,0.043018011613387204,,,0.044769536508205456,-0.11185890185607675,-0.04960518330335617,0.2379562109708786,0.11335078590066357,0.04878884553909302
(*)|(loc_session_pos_24>0.039547894)|(mark_vs_perp_bps<=1.7280951&price_trend_15d_vol_norm>-0.061997794&range_expansion_ratio<=-0.34839538),3,2907,0.14535,0.0016561666270717978,0.016125595197081566,1,0,,,,0.05682518555298315,,,-0.021840622744288555,-0.21734954904764905,-0.029296765103936195,-0.040502697229385376,0.051156544414474266,0.076529860496521
(*)|(loc_session_pos_24>0.039547894)|(mark_vs_perp_bps<=1.7280951&price_trend_15d_vol_norm>-0.061997794&range_expansion_ratio<=-0.34839538),4,235,0.058852992737290256,0.00774473836645484,0.015236450359225273,1,0,,,,0.11219797440727573,,,0.2786475454249901,-0.023096127453597848,0.38915035128593445,2.032701253890991,0.052309618686729335,0.25823158025741577
(*)|(loc_prev_week_range_pos_24<=0.71911633&loc_session_pos_24>0.051352046&loc_swing_range_pos_24<=1.2299459)|(mark_vs_perp_bps<=0.020522146&price_trend_15d_vol_norm>-0.064031318&xasset_asset_minus_basket_fund_z<=0.46304986),0,2405,0.12025,0.002794920699670911,0.02260407991707325,1,0,,,,0.06709498798080579,,,-0.03833997130290738,-0.1397996082625319,-0.0639103353023529,-0.22243930399417877,0.030419125938068,0.08562827110290527
(*)|(loc_prev_week_range_pos_24<=0.71911633&loc_session_pos_24>0.051352046&loc_swing_range_pos_24<=1.2299459)|(mark_vs_perp_bps<=0.020522146&price_trend_15d_vol_norm>-0.064031318&xasset_asset_minus_basket_fund_z<=0.46304986),1,2497,0.12485,0.0030167088843882084,0.025718316435813904,1,0,,,,0.061653464373314794,,,-0.04647995133083765,-0.22701896517624465,-0.11037497222423553,-0.26894626021385193,0.02663415821799004,0.10164076089859009
(*)|(loc_prev_week_range_pos_24<=0.71911633&loc_session_pos_24>0.051352046&loc_swing_range_pos_24<=1.2299459)|(mark_vs_perp_bps<=0.020522146&price_trend_15d_vol_norm>-0.064031318&xasset_asset_minus_basket_fund_z<=0.46304986),2,2720,0.136,0.0015542956534773111,0.022300565615296364,1,0,,,,0.06182013019157143,,,0.11978016366020534,-0.03684827470407685,0.1389930099248886,0.6479262113571167,0.3657061596900436,0.07450312376022339
(*)|(loc_prev_week_range_pos_24<=0.71911633&loc_session_pos_24>0.051352046&loc_swing_range_pos_24<=1.2299459)|(mark_vs_perp_bps<=0.020522146&price_trend_15d_vol_norm>-0.064031318&xasset_asset_minus_basket_fund_z<=0.46304986),3,2838,0.1419,0.0030684631783515215,0.01643746718764305,1,0,,,,0.08201390100156188,,,0.0022816095005536528,-0.19322731680280686,-0.03790121152997017,-0.0013655467191711068,0.05720897889666032,0.0974355936050415
(*)|(loc_prev_week_range_pos_24<=0.71911633&loc_session_pos_24>0.051352046&loc_swing_range_pos_24<=1.2299459)|(mark_vs_perp_bps<=0.020522146&price_trend_15d_vol_norm>-0.064031318&xasset_asset_minus_basket_fund_z<=0.46304986),4,341,0.08539944903581267,0.006593804806470871,0.01617022231221199,1,0,,,,0.11410607566627005,,,0.17130038076996423,-0.1304432921086237,0.2315153032541275,1.09787118434906,0.756061954863288,0.23550903797149658
(*)|(*)|(asset_funding_rate_abs_mean_7d>0.000010117135&mark_vs_perp_bps<=1.3833195&prior_volatility<=0.28231254&prior_volatility>-0.58432484),0,2433,0.12165,7.474698122678092e-06,0.025983024388551712,1,0,,,,0.021698362575939212,,,0.025667390561744188,-0.07579224639788033,0.0474027618765831,0.2282165139913559,0.11023997766608122,-0.11664888262748718
(*)|(*)|(asset_funding_rate_abs_mean_7d>0.000010117135&mark_vs_perp_bps<=1.3833195&prior_volatility<=0.28231254&prior_volatility>-0.58432484),1,2503,0.12515,0.005414695478975773,0.024700099602341652,1,0,,,,0.08664110438621593,,,-0.06950412394415857,-0.25004313778956555,-0.08028503507375717,-0.25717905163764954,0.027544837499338972,-0.006140470504760742
(*)|(*)|(asset_funding_rate_abs_mean_7d>0.000010117135&mark_vs_perp_bps<=1.3833195&prior_volatility<=0.28231254&prior_volatility>-0.58432484),2,2966,0.1483,0.0017524263821542263,0.022320076823234558,1,0,,,,0.0610465701698319,,,0.049676710733513624,-0.10695172763076857,0.038062162697315216,0.2631293535232544,0.12180368078914028,-0.017176032066345215
(*)|(*)|(asset_funding_rate_abs_mean_7d>0.000010117135&mark_vs_perp_bps<=1.3833195&prior_volatility<=0.28231254&prior_volatility>-0.58432484),3,3041,0.15205,0.003976068925112486,0.017000792548060417,1,0,,,,0.09698076216905117,,,-0.009691275304872238,-0.20520020160823274,-0.06604206562042236,0.0033827079460024834,0.05799038968231712,0.08370482921600342
(*)|(*)|(asset_funding_rate_abs_mean_7d>0.000010117135&mark_vs_perp_bps<=1.3833195&prior_volatility<=0.28231254&prior_volatility>-0.58432484),4,487,0.12196343601302279,0.004526999779045582,0.016312438994646072,1,0,,,,0.11856376046465528,,,0.025166683742974996,-0.27657698913561296,0.2629837095737457,0.2754128575325012,0.12615436807191446,0.08161187171936035
(*)|(bars_in_high_vol_state_log_norm>-0.31704348)|(mark_perp_dislocation<=0.00082444528&price_trend_15d_vol_norm>-0.076586105&trend_acceleration<=0.33672571),0,2475,0.12375,0.0015326233115047216,0.020080972462892532,1,0,,,,0.04311540699453666,,,0.06827976805295453,-0.03317986890666999,0.06578738987445831,0.02509320341050625,0.06170144119402308,0.14273208379745483
(*)|(bars_in_high_vol_state_log_norm>-0.31704348)|(mark_perp_dislocation<=0.00082444528&price_trend_15d_vol_norm>-0.076586105&trend_acceleration<=0.33672571),1,2404,0.1202,0.004258247092366219,0.024538468569517136,1,0,,,,0.06119035158042555,,,0.07316468370880538,-0.10737433013660161,0.12339545041322708,0.5357048511505127,0.26538927512207927,0.004494845867156982
(*)|(bars_in_high_vol_state_log_norm>-0.31704348)|(mark_perp_dislocation<=0.00082444528&price_trend_15d_vol_norm>-0.076586105&trend_acceleration<=0.33672571),2,2702,0.1351,2.230920836154837e-05,0.022583138197660446,1,0,,,,0.031222184418251548,,,0.11195742236232216,-0.04467101600196004,0.14497117698192596,0.6955997943878174,0.419071020603023,0.028940916061401367
(*)|(bars_in_high_vol_state_log_norm>-0.31704348)|(mark_perp_dislocation<=0.00082444528&price_trend_15d_vol_norm>-0.076586105&trend_acceleration<=0.33672571),3,4554,0.2277,0.0024635863956063986,0.017128661274909973,1,0,,,,0.08287473979668582,,,-0.013312874740731912,-0.20882180104409243,-0.03305806219577789,-0.010627043433487415,0.05571500167711775,0.030358731746673584
(*)|(bars_in_high_vol_state_log_norm>-0.31704348)|(mark_perp_dislocation<=0.00082444528&price_trend_15d_vol_norm>-0.076586105&trend_acceleration<=0.33672571),4,437,0.10944152266466316,0.007946839556097984,0.012539343908429146,1,0,,,,0.1978826513372719,,,-0.010083919079421327,-0.31182759195800924,0.0164539385586977,0.32432031631469727,0.14507370114171672,0.25464439392089844
(*)|(dist_rolling_7d_high>0.055006251)|(funding_per_hour_z<=0.22648568&mark_vs_perp_bps<=-0.11321097&oi_value_log_7d_robust_z>-0.5550139&price_trend_15d_vol_norm>-0.082684286),0,3158,0.1579,0.003097562352195382,0.0239007156342268,1,0,,,,0.07353378810663785,,,-0.032239757151503894,-0.1336993941111284,-0.04551658406853676,-0.3070157468318939,0.023889154605443646,0.03558439016342163
(*)|(dist_rolling_7d_high>0.055006251)|(funding_per_hour_z<=0.22648568&mark_vs_perp_bps<=-0.11321097&oi_value_log_7d_robust_z>-0.5550139&price_trend_15d_vol_norm>-0.082684286),1,2994,0.1497,0.0029290185775607824,0.028437640517950058,1,0,,,,0.05339771478905491,,,0.04651684076861661,-0.13402217307679037,0.0686301738023758,0.19755865633487701,0.1009944662416094,0.09748697280883789
(*)|(dist_rolling_7d_high>0.055006251)|(funding_per_hour_z<=0.22648568&mark_vs_perp_bps<=-0.11321097&oi_value_log_7d_robust_z>-0.5550139&price_trend_15d_vol_norm>-0.082684286),2,2609,0.13045,0.0017180030699819326,0.020995695143938065,1,0,,,,0.05382825361039793,,,0.0620488640446062,-0.094579574319676,0.07307688891887665,0.22718730568885803,0.10991628268362053,0.08403158187866211
(*)|(dist_rolling_7d_high>0.055006251)|(funding_per_hour_z<=0.22648568&mark_vs_perp_bps<=-0.11321097&oi_value_log_7d_robust_z>-0.5550139&price_trend_15d_vol_norm>-0.082684286),3,2753,0.13765,0.0030879955738782883,0.017510471865534782,1,0,,,,0.08770139235687655,,,0.006943528840201689,-0.1885653974631588,-0.005594269838184118,0.0648920014500618,0.06913202901676534,0.06630939245223999
(*)|(dist_rolling_7d_high>0.055006251)|(funding_per_hour_z<=0.22648568&mark_vs_perp_bps<=-0.11321097&oi_value_log_7d_robust_z>-0.5550139&price_trend_15d_vol_norm>-0.082684286),4,564,0.14124718256949662,0.005859486758708954,0.01519857719540596,1,0,,,,0.14936273328096025,,,0.002590450406103864,-0.2991532224724841,0.08572100102901459,0.32711175084114075,0.14623536668372702,0.18022412061691284
(*)|(*)|(dist_oiw_signed_delta_12h_atr<=0.41872665&mark_vs_perp_bps<=0.082152128&price_trend_10d_vol_norm>-0.1213282&price_trend_15d_vol_norm>0.019678267&range_24h_pct<=0.11887661),0,3292,0.1646,0.004013913217931986,0.02257343754172325,1,0,,,,0.11033614341115179,,,-0.026567617123236825,-0.12802725408286136,-0.06980329751968384,-0.26080623269081116,0.027260854089352065,0.06352579593658447
(*)|(*)|(dist_oiw_signed_delta_12h_atr<=0.41872665&mark_vs_perp_bps<=0.082152128&price_trend_10d_vol_norm>-0.1213282&price_trend_15d_vol_norm>0.019678267&range_24h_pct<=0.11887661),1,1245,0.06225,0.0032422388903796673,0.02316364087164402,1,0,,,,0.037782377018740154,,,-0.17179713245636247,-0.35233614630176946,-0.32514655590057373,-0.881913959980011,0.004622142076065043,0.043328166007995605
(*)|(*)|(dist_oiw_signed_delta_12h_atr<=0.41872665&mark_vs_perp_bps<=0.082152128&price_trend_10d_vol_norm>-0.1213282&price_trend_15d_vol_norm>0.019678267&range_24h_pct<=0.11887661),2,3538,0.1769,0.00031672828481532633,0.02217477187514305,1,0,,,,0.03947074605539907,,,0.07001600311159491,-0.08661243525268729,0.01292235217988491,0.40056875348091125,0.18038520185618642,-0.0018030405044555664
(*)|(*)|(dist_oiw_signed_delta_12h_atr<=0.41872665&mark_vs_perp_bps<=0.082152128&price_trend_10d_vol_norm>-0.1213282&price_trend_15d_vol_norm>0.019678267&range_24h_pct<=0.11887661),3,2438,0.1219,0.002945133950561285,0.018398283049464226,1,0,,,,0.06564534833247664,,,-0.03590769707041938,-0.23141662337377988,-0.08261939138174057,-0.10274792462587357,0.042821783051075285,0.022908151149749756
(*)|(*)|(dist_oiw_signed_delta_12h_atr<=0.41872665&mark_vs_perp_bps<=0.082152128&price_trend_10d_vol_norm>-0.1213282&price_trend_15d_vol_norm>0.019678267&range_24h_pct<=0.11887661),4,137,0.03431004257450539,0.006205480545759201,0.026308415457606316,1,0,,,,0.08700230936767975,,,0.1502262443438914,-0.15151742853469655,-0.09506552666425705,0.385563462972641,0.1728151136930729,0.03151249885559082
(*)|(dist_local_swing<=0.05005157&loc_ema_stack_pos_24<=0.77527452)|(log_oi_to_volume_1d>0.60976201&mark_perp_dislocation<=0.00024484578&prior_volatility<=0.73138785&prior_volatility>-0.79866099),0,2593,0.12965,0.0017519741086289287,0.0250758808106184,1,0,,,,0.051555815246927775,,,-0.08024867771607169,-0.1817083146756962,-0.14250876009464264,-0.318095862865448,0.02314472978100226,-0.04395699501037598
(*)|(dist_local_swing<=0.05005157&loc_ema_stack_pos_24<=0.77527452)|(log_oi_to_volume_1d>0.60976201&mark_perp_dislocation<=0.00024484578&prior_volatility<=0.73138785&prior_volatility>-0.79866099),1,2852,0.1426,0.004850523546338081,0.022176969796419144,1,0,,,,0.08132084930673808,,,-0.09969831625401254,-0.28023733009941953,-0.1446455717086792,-0.425396591424942,0.01703369752105077,-0.015533506870269775
(*)|(dist_local_swing<=0.05005157&loc_ema_stack_pos_24<=0.77527452)|(log_oi_to_volume_1d>0.60976201&mark_perp_dislocation<=0.00024484578&prior_volatility<=0.73138785&prior_volatility>-0.79866099),2,2460,0.123,0.0018489612266421318,0.020477479323744774,1,0,,,,0.047266823399441875,,,0.014264594918792936,-0.14236384344548925,-0.004705819766968489,0.01624535396695137,0.06016120557312639,-0.03547543287277222
(*)|(dist_local_swing<=0.05005157&loc_ema_stack_pos_24<=0.77527452)|(log_oi_to_volume_1d>0.60976201&mark_perp_dislocation<=0.00024484578&prior_volatility<=0.73138785&prior_volatility>-0.79866099),3,3343,0.16715,0.003653191262856126,0.017156081274151802,1,0,,,,0.07434166905715292,,,0.002868043741736302,-0.1926408825616242,0.025528976693749428,0.15012075006961823,0.08819311075511532,0.05846768617630005
(*)|(dist_local_swing<=0.05005157&loc_ema_stack_pos_24<=0.77527452)|(log_oi_to_volume_1d>0.60976201&mark_perp_dislocation<=0.00024484578&prior_volatility<=0.73138785&prior_volatility>-0.79866099),4,707,0.17705985474580516,0.007025808095932007,0.014043462462723255,1,0,,,,0.15639175884211395,,,-0.012369095826621906,-0.3141127687052099,0.018069937825202942,0.2766779959201813,0.12661120103816692,0.10964733362197876
(*)|(oiw_z_delta_entry_dist_7d_atr>-1.1590142)|(asset_funding_rate_abs_mean_7d>0.000013682244&donchian_zone_1d_atr<=0.4545193&log_oi_to_volume_1d>0.68686658&mark_vs_perp_bps<=0.42705813),0,2005,0.10025,-0.0007848823443055153,0.027858717367053032,-1,0,,,,0.004519784019442681,,,0.12474047134182809,0.02328083438220356,0.08583217859268188,0.34291645884513855,0.15299017946442844,-0.0118141770362854
(*)|(oiw_z_delta_entry_dist_7d_atr>-1.1590142)|(asset_funding_rate_abs_mean_7d>0.000013682244&donchian_zone_1d_atr<=0.4545193&log_oi_to_volume_1d>0.68686658&mark_vs_perp_bps<=0.42705813),1,2502,0.1251,0.006041465327143669,0.0266267079859972,1,0,,,,0.08887821194342473,,,0.017935801131411917,-0.16260321271399508,0.05530988425016403,0.1662467122077942,0.09235159965456519,-0.09638750553131104
(*)|(oiw_z_delta_entry_dist_7d_atr>-1.1590142)|(asset_funding_rate_abs_mean_7d>0.000013682244&donchian_zone_1d_atr<=0.4545193&log_oi_to_volume_1d>0.68686658&mark_vs_perp_bps<=0.42705813),2,2436,0.1218,0.001335215289145708,0.02275843359529972,1,0,,,,0.049399152558510705,,,0.06165123531663042,-0.09497720304765178,0.10387714207172394,0.435510516166687,0.19932331051390326,0.04321342706680298
(*)|(oiw_z_delta_entry_dist_7d_atr>-1.1590142)|(asset_funding_rate_abs_mean_7d>0.000013682244&donchian_zone_1d_atr<=0.4545193&log_oi_to_volume_1d>0.68686658&mark_vs_perp_bps<=0.42705813),3,2637,0.13185,0.0034795340616256,0.0200771763920784,1,0,,,,0.066013772329962,,,0.027336672457021,-0.1681722538463395,0.03803136572241783,0.19477923214435577,0.10019562386352358,0.03661966323852539
(*)|(oiw_z_delta_entry_dist_7d_atr>-1.1590142)|(asset_funding_rate_abs_mean_7d>0.000013682244&donchian_zone_1d_atr<=0.4545193&log_oi_to_volume_1d>0.68686658&mark_vs_perp_bps<=0.42705813),4,589,0.14750813924367642,0.005211855750530958,0.018269436433911324,1,0,,,,0.12593995240267952,,,-0.003803638927998145,-0.30554731180658606,0.0823441818356514,0.18376405537128448,0.09709137836359047,0.08457624912261963
(*)|(loc_prior_bar_pos_24<=0.5499987&oiw_z_delta_entry_dist_7d_atr>-0.99992293)|(log_oi_to_volume_7d>0.16034634&mark_perp_dislocation<=-0.0014848814&oi_to_volume_1d_z_90d<=1.5676049),0,2953,0.14765,0.0006030431250110269,0.024062693119049072,1,0,,,,0.02905029866708429,,,0.046179209231694676,-0.05528042772792985,0.09031899273395538,0.11931415647268295,0.08076227894340199,-0.004919111728668213
(*)|(loc_prior_bar_pos_24<=0.5499987&oiw_z_delta_entry_dist_7d_atr>-0.99992293)|(log_oi_to_volume_7d>0.16034634&mark_perp_dislocation<=-0.0014848814&oi_to_volume_1d_z_90d<=1.5676049),1,3447,0.17235,0.004698086529970169,0.022534364834427834,1,0,,,,0.08280160827444066,,,-0.04234672824077044,-0.22288574208617742,-0.10366954654455185,-0.22039180994033813,0.030597598830730224,-0.05727505683898926
(*)|(loc_prior_bar_pos_24<=0.5499987&oiw_z_delta_entry_dist_7d_atr>-0.99992293)|(log_oi_to_volume_7d>0.16034634&mark_perp_dislocation<=-0.0014848814&oi_to_volume_1d_z_90d<=1.5676049),2,1918,0.0959,0.001256386050954461,0.021850934252142906,1,0,,,,0.03921947867346731,,,0.008114296559283708,-0.1485141418049985,0.06652575731277466,0.10405333340167999,0.07731652112592198,-0.1364150047302246
(*)|(loc_prior_bar_pos_24<=0.5499987&oiw_z_delta_entry_dist_7d_atr>-0.99992293)|(log_oi_to_volume_7d>0.16034634&mark_perp_dislocation<=-0.0014848814&oi_to_volume_1d_z_90d<=1.5676049),3,3167,0.15835,0.0055705709382891655,0.016076399013400078,1,0,,,,0.13817372701210326,,,0.012918216950213753,-0.18259070935314675,0.06299635767936707,0.3681184947490692,0.16441267031481055,-0.0149308443069458
(*)|(loc_prior_bar_pos_24<=0.5499987&oiw_z_delta_entry_dist_7d_atr>-0.99992293)|(log_oi_to_volume_7d>0.16034634&mark_perp_dislocation<=-0.0014848814&oi_to_volume_1d_z_90d<=1.5676049),4,480,0.12021036814425244,0.005224109161645174,0.017718108370900154,1,0,,,,0.12363304788591487,,,-0.06452656463854672,-0.36627023751713467,-0.10057176649570465,-0.4265281558036804,0.016978715804151338,0.06393688917160034
(*)|(*)|(log_oi_to_volume_7d<=40.861404&mark_vs_perp_bps<=-0.79816902&oi_chg_z_2h>-0.085685685&price_trend_7d_vol_norm>-0.13684899&range_per_funding_abs_z_24h<=-0.24586259),0,2661,0.13305,0.0025104782544076443,0.023356826975941658,1,0,,,,0.057998773853161927,,,0.04304177965045746,-0.058417857309167064,0.07505577057600021,0.14749114215373993,0.08753298424541459,-0.046565353870391846
(*)|(*)|(log_oi_to_volume_7d<=40.861404&mark_vs_perp_bps<=-0.79816902&oi_chg_z_2h>-0.085685685&price_trend_7d_vol_norm>-0.13684899&range_per_funding_abs_z_24h<=-0.24586259),1,2984,0.1492,0.002216488588601351,0.028277188539505005,1,0,,,,0.048037274609399945,,,0.0390679260663338,-0.1414710877790732,0.015800073742866516,0.1837192326784134,0.09707894516821267,-0.0817912220954895
(*)|(*)|(log_oi_to_volume_7d<=40.861404&mark_vs_perp_bps<=-0.79816902&oi_chg_z_2h>-0.085685685&price_trend_7d_vol_norm>-0.13684899&range_per_funding_abs_z_24h<=-0.24586259),2,2549,0.12745,0.001302658230997622,0.022244354709982872,1,0,,,,0.05189676056688149,,,0.03842204976720961,-0.11820638859707258,0.07268773764371872,0.15513627231121063,0.0894660223056837,-0.044535934925079346
(*)|(*)|(log_oi_to_volume_7d<=40.861404&mark_vs_perp_bps<=-0.79816902&oi_chg_z_2h>-0.085685685&price_trend_7d_vol_norm>-0.13684899&range_per_funding_abs_z_24h<=-0.24586259),3,2774,0.1387,0.0029839402996003628,0.01790373958647251,1,0,,,,0.08803961280872029,,,0.013862009463893696,-0.18164691683946682,0.03643506392836571,0.25006142258644104,0.11733975660557462,-0.03269922733306885
(*)|(*)|(log_oi_to_volume_7d<=40.861404&mark_vs_perp_bps<=-0.79816902&oi_chg_z_2h>-0.085685685&price_trend_7d_vol_norm>-0.13684899&range_per_funding_abs_z_24h<=-0.24586259),4,242,0.06060606060606061,0.007378976792097092,0.012257156893610954,1,0,,,,0.10973186292307043,,,-0.11396468699839485,-0.4157083598769828,-0.1632794588804245,0.2360428124666214,0.11273280457711674,0.1509495973587036
(*)|(dist_prior_day_low<=0.05674535)|(dist_oiw_z_delta_96h_atr<=0.79864544&log_oi_to_volume_1d>0.85434282&mark_perp_dislocation<=-0.00090686645&prior_volatility<=0.45422438),0,2198,0.1099,0.003576593939214945,0.023185323923826218,1,0,,,,0.08737137369792194,,,-0.0897838820313192,-0.19124351899094372,-0.10165973752737045,-0.33715641498565674,0.02191800355031995,-0.041799843311309814
(*)|(dist_prior_day_low<=0.05674535)|(dist_oiw_z_delta_96h_atr<=0.79864544&log_oi_to_volume_1d>0.85434282&mark_perp_dislocation<=-0.00090686645&prior_volatility<=0.45422438),1,3217,0.16085,0.002613528398796916,0.0209959764033556,1,0,,,,0.03321501147383984,,,0.08354389210441379,-0.0969951217409932,0.20052705705165863,0.465363472700119,0.2170705343557877,-0.06252390146255493
(*)|(dist_prior_day_low<=0.05674535)|(dist_oiw_z_delta_96h_atr<=0.79864544&log_oi_to_volume_1d>0.85434282&mark_perp_dislocation<=-0.00090686645&prior_volatility<=0.45422438),2,1610,0.0805,0.0010565139818936586,0.01831880956888199,1,0,,,,0.0326044280298375,,,0.03798301451171331,-0.11864542385256888,0.03592146188020706,0.09289941191673279,0.07489141863738205,-0.017278552055358887
(*)|(dist_prior_day_low<=0.05674535)|(dist_oiw_z_delta_96h_atr<=0.79864544&log_oi_to_volume_1d>0.85434282&mark_perp_dislocation<=-0.00090686645&prior_volatility<=0.45422438),3,2666,0.1333,0.003596450900658965,0.01522406842559576,1,0,,,,0.08487193422526457,,,0.03054557816064016,-0.16496334814272035,0.09012001752853394,0.2719666361808777,0.12491830376902753,-0.026398122310638428
(*)|(dist_prior_day_low<=0.05674535)|(dist_oiw_z_delta_96h_atr<=0.79864544&log_oi_to_volume_1d>0.85434282&mark_perp_dislocation<=-0.00090686645&prior_volatility<=0.45422438),4,717,0.17956423741547708,0.005620311480015516,0.016205329447984695,1,0,,,,0.17163122935559239,,,-0.07836922438623509,-0.380112897264823,0.03410585597157478,-0.0039060271810740232,0.05679523004836825,-0.023315370082855225
(*)|(dist_prior_day_low<=0.027470794&loc_prev_week_range_pos_48<=0.62578273)|(mark_vs_perp_bps<=1.3075266&price_trend_15d_vol_norm>-0.068667397),0,2290,0.1145,0.0021188657265156507,0.02065053954720497,1,0,,,,0.05984609590217737,,,-0.11073867893325395,-0.21219831589287846,-0.26309439539909363,-0.7171400785446167,0.007401189783606954,0.0448155403137207
(*)|(dist_prior_day_low<=0.027470794&loc_prev_week_range_pos_48<=0.62578273)|(mark_vs_perp_bps<=1.3075266&price_trend_15d_vol_norm>-0.068667397),1,3081,0.15405,0.00383742805570364,0.021634366363286972,1,0,,,,0.06766976674733384,,,0.02672824855132893,-0.15381076529407806,0.07137671113014221,0.31646135449409485,0.14185249078573173,0.018339574337005615
(*)|(dist_prior_day_low<=0.027470794&loc_prev_week_range_pos_48<=0.62578273)|(mark_vs_perp_bps<=1.3075266&price_trend_15d_vol_norm>-0.068667397),2,2109,0.10545,-0.0011809214483946562,0.020259512588381767,-1,0,,,,0.006965708520361645,,,0.06770999691387021,-0.08891844145041199,0.10043089091777802,0.29349929094314575,0.13284483918703943,0.00465625524520874
(*)|(dist_prior_day_low<=0.027470794&loc_prev_week_range_pos_48<=0.62578273)|(mark_vs_perp_bps<=1.3075266&price_trend_15d_vol_norm>-0.068667397),3,3616,0.1808,0.0029456871561706066,0.01530077587813139,1,0,,,,0.0880767283902663,,,-0.037819955543101635,-0.23332888184646214,-0.08219464868307114,-0.14837627112865448,0.0375878258963105,0.03753948211669922
(*)|(dist_prior_day_low<=0.027470794&loc_prev_week_range_pos_48<=0.62578273)|(mark_vs_perp_bps<=1.3075266&price_trend_15d_vol_norm>-0.068667397),4,289,0.07237665915351865,0.00590886315330863,0.012937357649207115,1,0,,,,0.09448806372930055,,,0.12166230715849036,-0.18008136572009759,0.23043471574783325,1.0985794067382812,0.7545336159500464,0.20775693655014038
(*)|(*)|(compression_score<=-0.15032072&dist_oiw_intensity_96h_atr<=1.1055799&mark_perp_dislocation<=0.001423091&price_trend_15d_vol_norm>-0.054969624),0,2573,0.12865,0.0031723366118967533,0.019250087440013885,1,0,,,,0.0817480844257392,,,0.04266727195401161,-0.05879236500561291,0.09464000165462494,0.2531905472278595,0.11839351930443813,0.08676201105117798
(*)|(*)|(compression_score<=-0.15032072&dist_oiw_intensity_96h_atr<=1.1055799&mark_perp_dislocation<=0.001423091&price_trend_15d_vol_norm>-0.054969624),1,2283,0.11415,0.0038491305895149708,0.022596340626478195,1,0,,,,0.05790671274897739,,,0.047152894931525115,-0.13338611891388188,0.09912808984518051,0.47774478793144226,0.22488688224660067,0.06284946203231812
(*)|(*)|(compression_score<=-0.15032072&dist_oiw_intensity_96h_atr<=1.1055799&mark_perp_dislocation<=0.001423091&price_trend_15d_vol_norm>-0.054969624),2,2632,0.1316,0.001152022392489016,0.021284300833940506,1,0,,,,0.05059274864012727,,,0.07541835289418641,-0.08121008547009578,0.1423804759979248,0.40310028195381165,0.18169464678508335,0.11513948440551758
(*)|(*)|(compression_score<=-0.15032072&dist_oiw_intensity_96h_atr<=1.1055799&mark_perp_dislocation<=0.001423091&price_trend_15d_vol_norm>-0.054969624),3,3193,0.15965,0.0008533483487553895,0.015092110261321068,1,0,,,,0.02421759707929211,,,0.03116466199204717,-0.16434426431131333,0.018453918397426605,0.10062674432992935,0.07656326600399056,0.07735651731491089
(*)|(*)|(compression_score<=-0.15032072&dist_oiw_intensity_96h_atr<=1.1055799&mark_perp_dislocation<=0.001423091&price_trend_15d_vol_norm>-0.054969624),4,263,0.06586526421237165,0.005433367099612951,0.017503364011645317,1,0,,,,0.05939210329193838,,,0.37669366936693666,0.07494999648834871,0.5605351328849792,2.3864574432373047,0.019038215444270274,0.20140326023101807
(*)|(*)|(asset_atr_level_pct>0.14072272&mark_vs_perp_bps<=0.45489496&oi_trend_10d_robust_z>0.36559534&oi_value_log_1d_robust_z>-0.21814895),0,2649,0.13245,0.0008548490586690605,0.027659514918923378,1,0,,,,0.03776152447372492,,,0.07698684466788977,-0.024472792291734755,0.11530979722738266,0.3547544479370117,0.15825324380659558,0.07058411836624146
(*)|(*)|(asset_atr_level_pct>0.14072272&mark_vs_perp_bps<=0.45489496&oi_trend_10d_robust_z>0.36559534&oi_value_log_1d_robust_z>-0.21814895),1,1963,0.09815,0.0051288907416164875,0.03418886289000511,1,0,,,,0.09312675050996466,,,-0.06853515807807169,-0.2490741719234787,-0.15603968501091003,-0.32260411977767944,0.022848520464505688,0.08874446153640747
(*)|(*)|(asset_atr_level_pct>0.14072272&mark_vs_perp_bps<=0.45489496&oi_trend_10d_robust_z>0.36559534&oi_value_log_1d_robust_z>-0.21814895),2,2434,0.1217,0.0015892154769971967,0.022626345977187157,1,0,,,,0.0458593692194952,,,0.022929535200044895,-0.1336989031642373,0.017862241715192795,0.11878565698862076,0.0806404200477803,0.06311839818954468
(*)|(*)|(asset_atr_level_pct>0.14072272&mark_vs_perp_bps<=0.45489496&oi_trend_10d_robust_z>0.36559534&oi_value_log_1d_robust_z>-0.21814895),3,2645,0.13225,0.003847662592306733,0.020989716053009033,1,0,,,,0.09494134225055786,,,0.00037296019887169736,-0.1951359661044888,-0.021779965609312057,0.08208541572093964,0.07261287015937758,0.08876287937164307
(*)|(*)|(asset_atr_level_pct>0.14072272&mark_vs_perp_bps<=0.45489496&oi_trend_10d_robust_z>0.36559534&oi_value_log_1d_robust_z>-0.21814895),4,145,0.03631354871024293,0.004303872585296631,0.014652489684522152,1,0,,,,0.058033798394851004,,,0.192124849939976,-0.10961882293861194,0.7801242470741272,1.4072085618972778,0.3124055692120586,0.12247353792190552
(*)|(bars_in_high_vol_state_log_norm>-0.2317621&dist_local_swing>0.00000000000000000000000000000000001&zscore_price_200>-1.1313361)|(mark_vs_perp_bps<=0.38832185),0,2291,0.11455,0.0008792944136075675,0.024018356576561928,1,0,,,,0.02267346364579798,,,0.07349950687879203,-0.027960130080832493,0.11742579191923141,0.35692930221557617,0.15923967037949371,0.1894485354423523
(*)|(bars_in_high_vol_state_log_norm>-0.2317621&dist_local_swing>0.00000000000000000000000000000000001&zscore_price_200>-1.1313361)|(mark_vs_perp_bps<=0.38832185),1,1383,0.06915,0.005388746969401836,0.041159018874168396,1,0,,,,0.07613950780907518,,,-0.12436551589879116,-0.3049045297441981,-0.27969229221343994,-0.7055768966674805,0.007649791796779035,0.10526591539382935
(*)|(bars_in_high_vol_state_log_norm>-0.2317621&dist_local_swing>0.00000000000000000000000000000000001&zscore_price_200>-1.1313361)|(mark_vs_perp_bps<=0.38832185),2,2571,0.12855,0.0004717975971288979,0.024850895628333092,1,0,,,,0.03851110332436834,,,0.12097818328602968,-0.03565025507825252,0.16244648396968842,0.8012663125991821,0.566764993095529,0.10209327936172485
(*)|(bars_in_high_vol_state_log_norm>-0.2317621&dist_local_swing>0.00000000000000000000000000000000001&zscore_price_200>-1.1313361)|(mark_vs_perp_bps<=0.38832185),3,2453,0.12265,0.003367018885910511,0.020925644785165787,1,0,,,,0.0685309911826666,,,0.05186575955532165,-0.14364316674803884,0.09997426718473434,0.3984001874923706,0.17927100795750378,0.03048044443130493
(*)|(bars_in_high_vol_state_log_norm>-0.2317621&dist_local_swing>0.00000000000000000000000000000000001&zscore_price_200>-1.1313361)|(mark_vs_perp_bps<=0.38832185),4,268,0.06711745554720762,0.0069750468246638775,0.018905192613601685,1,0,,,,0.0865790049014128,,,-0.27160375856028035,-0.5733474314388682,-0.6814361214637756,-1.9013845920562744,0.0002510972451424752,0.3045318126678467
(*)|(*)|(log_oi_to_volume_7d<=39.392899&mark_vs_perp_bps<=-0.40166184&price_trend_15d_vol_norm>-0.061126608&xasset_asset_minus_mkt_funding<=-0.057862997),0,3258,0.1629,0.000976180424913764,0.025164803490042686,1,0,,,,0.03968717171957815,,,0.006865554705979961,-0.09459408225364456,-0.014429297298192978,-0.0752166211605072,0.046326205289369995,-0.04423367977142334
(*)|(*)|(log_oi_to_volume_7d<=39.392899&mark_vs_perp_bps<=-0.40166184&price_trend_15d_vol_norm>-0.061126608&xasset_asset_minus_mkt_funding<=-0.057862997),1,2700,0.135,0.0021524433977901936,0.031350284814834595,1,0,,,,0.04574188196287184,,,-0.024072441663884902,-0.20461145550929188,-0.0305838193744421,-0.03456420823931694,0.05203192857208932,-0.01072835922241211
(*)|(*)|(log_oi_to_volume_7d<=39.392899&mark_vs_perp_bps<=-0.40166184&price_trend_15d_vol_norm>-0.061126608&xasset_asset_minus_mkt_funding<=-0.057862997),2,2688,0.1344,0.0018263445235788822,0.02278693951666355,1,0,,,,0.06224530019718367,,,0.08068048942252784,-0.07594794894175436,0.10229324549436569,0.560751736164093,0.28507726233782227,-0.0690004825592041
(*)|(*)|(log_oi_to_volume_7d<=39.392899&mark_vs_perp_bps<=-0.40166184&price_trend_15d_vol_norm>-0.061126608&xasset_asset_minus_mkt_funding<=-0.057862997),3,3041,0.15205,0.004048391245305538,0.018171673640608788,1,0,,,,0.1123098969615532,,,0.002648306322485572,-0.19286061998087492,0.022507308050990105,0.1429542601108551,0.08640565845243316,-0.005370080471038818
(*)|(*)|(log_oi_to_volume_7d<=39.392899&mark_vs_perp_bps<=-0.40166184&price_trend_15d_vol_norm>-0.061126608&xasset_asset_minus_mkt_funding<=-0.057862997),4,330,0.08264462809917356,0.005867113824933767,0.018424581736326218,1,0,,,,0.10507271546157555,,,-0.0041941435746745475,-0.3059378164532625,0.1126207783818245,0.2676054835319519,0.12337142463088571,0.15621954202651978
(*)|(dist_ema50_atr<=0.0051794625)|(compression_ratio>-0.68986672&log_oi_to_volume_7d<=0.93748027&mark_perp_dislocation<=0.0025493384&oi_to_volume_1d_z_90d<=0.11877142),0,2515,0.12575,0.0006842141156084836,0.024183141067624092,1,0,,,,0.0229050100967776,,,0.15873895001874347,0.057279313059118944,0.32595595717430115,0.8153005838394165,0.5899528753256947,0.04448390007019043
(*)|(dist_ema50_atr<=0.0051794625)|(compression_ratio>-0.68986672&log_oi_to_volume_7d<=0.93748027&mark_perp_dislocation<=0.0025493384&oi_to_volume_1d_z_90d<=0.11877142),1,2475,0.12375,0.005640916991978884,0.02321935072541237,1,0,,,,0.0700127115942287,,,0.09919310335558616,-0.08134591048982083,0.23156623542308807,0.548043429851532,0.2749119302790297,0.06818079948425293
(*)|(dist_ema50_atr<=0.0051794625)|(compression_ratio>-0.68986672&log_oi_to_volume_7d<=0.93748027&mark_perp_dislocation<=0.0025493384&oi_to_volume_1d_z_90d<=0.11877142),2,2507,0.12535,0.00232320767827332,0.022282352671027184,1,0,,,,0.06551732616729457,,,0.03475912803173472,-0.12186931033254747,0.1022224947810173,0.3013703525066376,0.1358661991744259,0.09606611728668213
(*)|(dist_ema50_atr<=0.0051794625)|(compression_ratio>-0.68986672&log_oi_to_volume_7d<=0.93748027&mark_perp_dislocation<=0.0025493384&oi_to_volume_1d_z_90d<=0.11877142),3,2694,0.1347,0.0011660108575597405,0.016427742317318916,1,0,,,,0.023957055085117265,,,0.02472143480563005,-0.17078749149773045,0.05721568688750267,0.0697527825832367,0.07009882880157509,0.15100246667861938
(*)|(dist_ema50_atr<=0.0051794625)|(compression_ratio>-0.68986672&log_oi_to_volume_7d<=0.93748027&mark_perp_dislocation<=0.0025493384&oi_to_volume_1d_z_90d<=0.11877142),4,625,0.15652391685449538,0.003815390868112445,0.014788548462092876,1,0,,,,0.0941107615405337,,,0.2060108616863796,-0.09573281119220833,0.473293274641037,1.099501371383667,0.7525486505729522,0.17566978931427002
(*)|(dist_prior_day_low<=0.044768713)|(funding_vol_15d_robust_z<=-0.0212876&mark_vs_perp_bps<=-2.0369694&price_trend_7d_vol_norm>-0.11340015),0,2336,0.1168,0.00407652510330081,0.019028985872864723,1,0,,,,0.08865599809169618,,,-0.05947735342732798,-0.1609369903869525,-0.09362896531820297,-0.44242748618125916,0.016224685681030453,0.0476875901222229
(*)|(dist_prior_day_low<=0.044768713)|(funding_vol_15d_robust_z<=-0.0212876&mark_vs_perp_bps<=-2.0369694&price_trend_7d_vol_norm>-0.11340015),1,2263,0.11315,0.0033919704146683216,0.019767289981245995,1,0,,,,0.05069367654820578,,,0.04162837559998016,-0.13891063824542682,0.09517496824264526,0.25612732768058777,0.11939111526106538,-0.08780276775360107
(*)|(dist_prior_day_low<=0.044768713)|(funding_vol_15d_robust_z<=-0.0212876&mark_vs_perp_bps<=-2.0369694&price_trend_7d_vol_norm>-0.11340015),2,1599,0.07995,5.203565888223238e-05,0.020889589563012123,1,0,,,,0.024886365614985993,,,0.013707771122626352,-0.14292066724165584,-0.012819033116102219,-0.02077075093984604,0.05412344299939224,0.006462574005126953
(*)|(dist_prior_day_low<=0.044768713)|(funding_vol_15d_robust_z<=-0.0212876&mark_vs_perp_bps<=-2.0369694&price_trend_7d_vol_norm>-0.11340015),3,3032,0.1516,0.0035152295604348183,0.01565435715019703,1,0,,,,0.08868656343524974,,,-0.006665790561930501,-0.202174716865291,-0.004091029986739159,0.055009666830301285,0.06720736894906049,-0.005958199501037598
(*)|(dist_prior_day_low<=0.044768713)|(funding_vol_15d_robust_z<=-0.0212876&mark_vs_perp_bps<=-2.0369694&price_trend_7d_vol_norm>-0.11340015),4,181,0.04532932632106186,0.005266220308840275,0.009300106205046177,1,0,,,,0.0849952023777456,,,-0.14253862079949037,-0.4442822936780783,-0.07099225372076035,-0.23894651234149933,0.02901776129224184,0.10593563318252563
(*)|(dist_rolling_7d_high<=0.10931872)|(mark_perp_dislocation<=0.0025493384&ob_depth_z_10bps<=0.18082266&oi_value_log_7d_robust_z>-0.81916243&xasset_funding_ts_resid>-0.59237623),0,2022,0.1011,0.0026761130429804325,0.021202746778726578,1,0,,,,0.058858487512929596,,,-0.059558796407065275,-0.1610184333666898,-0.1254229098558426,-0.29110902547836304,0.02499991310454492,0.0307655930519104
(*)|(dist_rolling_7d_high<=0.10931872)|(mark_perp_dislocation<=0.0025493384&ob_depth_z_10bps<=0.18082266&oi_value_log_7d_robust_z>-0.81916243&xasset_funding_ts_resid>-0.59237623),1,2692,0.1346,0.002895304001867771,0.01835254393517971,1,0,,,,0.044438943644435715,,,0.03399703839558945,-0.14654197544981754,0.06261643022298813,0.3796093761920929,0.16990010378397125,-0.03611689805984497
(*)|(dist_rolling_7d_high<=0.10931872)|(mark_perp_dislocation<=0.0025493384&ob_depth_z_10bps<=0.18082266&oi_value_log_7d_robust_z>-0.81916243&xasset_funding_ts_resid>-0.59237623),2,2047,0.10235,-0.0007549150031991303,0.02032492496073246,-1,0,,,,0.00908451746793473,,,0.055228562376343014,-0.10139987598793918,0.12651048600673676,0.5431292653083801,0.2710790085138243,0.0006630420684814453
(*)|(dist_rolling_7d_high<=0.10931872)|(mark_perp_dislocation<=0.0025493384&ob_depth_z_10bps<=0.18082266&oi_value_log_7d_robust_z>-0.81916243&xasset_funding_ts_resid>-0.59237623),3,3816,0.1908,0.0034789980854839087,0.015910161659121513,1,0,,,,0.09060904307046161,,,0.06057791452816876,-0.13493101177519173,0.14025598764419556,0.439096063375473,0.20137575745635436,0.0063571929931640625
(*)|(dist_rolling_7d_high<=0.10931872)|(mark_perp_dislocation<=0.0025493384&ob_depth_z_10bps<=0.18082266&oi_value_log_7d_robust_z>-0.81916243&xasset_funding_ts_resid>-0.59237623),4,352,0.0881542699724518,0.005718778818845749,0.011655531823635101,1,0,,,,0.07515239281528328,,,0.1619520748100526,-0.13979159806853533,1.0843364000320435,2.3016412258148193,0.02425882207378692,-0.13352105021476746
(*)|(*)|(fund_rate_z_14d>-0.59541911&mark_vs_perp_bps<=-0.13355479&price_trend_7d_vol_norm>-0.13112099&spike_score_surprise<=0.30629709&volume_entropy_24>-0.5557394),0,2310,0.1155,0.002092444570735097,0.024816712364554405,1,0,,,,0.05918290917834551,,,-0.03748752886170334,-0.13894716582132788,-0.07153858244419098,-0.37782689929008484,0.019513509006820834,-0.004529476165771484
(*)|(*)|(fund_rate_z_14d>-0.59541911&mark_vs_perp_bps<=-0.13355479&price_trend_7d_vol_norm>-0.13112099&spike_score_surprise<=0.30629709&volume_entropy_24>-0.5557394),1,2564,0.1282,0.004053010139614344,0.022553706541657448,1,0,,,,0.06674873895910081,,,-0.02347911382548788,-0.20401812767089486,-0.07979954779148102,-0.11278604716062546,0.041611083946881754,-0.011734724044799805
(*)|(*)|(fund_rate_z_14d>-0.59541911&mark_vs_perp_bps<=-0.13355479&price_trend_7d_vol_norm>-0.13112099&spike_score_surprise<=0.30629709&volume_entropy_24>-0.5557394),2,2374,0.1187,0.0004795852000825107,0.02324410155415535,1,0,,,,0.029988461681544988,,,0.025287379882618977,-0.13134105848166322,-0.046789273619651794,0.132161483168602,0.08378187199662325,-0.032126784324645996
(*)|(*)|(fund_rate_z_14d>-0.59541911&mark_vs_perp_bps<=-0.13355479&price_trend_7d_vol_norm>-0.13112099&spike_score_surprise<=0.30629709&volume_entropy_24>-0.5557394),3,2646,0.1323,0.0032081413082778454,0.017269650474190712,1,0,,,,0.08259227580834168,,,-0.0035702271095803977,-0.1990791534129409,0.015594512224197388,0.20658157765865326,0.10363193143952085,0.015358984470367432
(*)|(*)|(fund_rate_z_14d>-0.59541911&mark_vs_perp_bps<=-0.13355479&price_trend_7d_vol_norm>-0.13112099&spike_score_surprise<=0.30629709&volume_entropy_24>-0.5557394),4,255,0.0638617580766341,0.0066610765643417835,0.017506832256913185,1,0,,,,0.13644438145474613,,,-0.016476940382452194,-0.3182206132610401,-0.033429551869630814,0.2663230001926422,0.12292018957600646,0.09279012680053711
(*)|(*)|(atr_compression_ratio>0.25490403&log_oi_to_volume_7d<=1.8668917&mark_vs_perp_bps<=0.34287038&oi_to_volume_1d_z_90d<=0.50772589),0,3291,0.16455,-0.00157550151925534,0.0267310943454504,-1,0,,,,-0.012833635840082406,,,0.15106297278514888,0.049603335825524356,0.21403159201145172,0.8328314423561096,0.6202550897918322,0.032202720642089844
(*)|(*)|(atr_compression_ratio>0.25490403&log_oi_to_volume_7d<=1.8668917&mark_vs_perp_bps<=0.34287038&oi_to_volume_1d_z_90d<=0.50772589),1,2042,0.1021,0.003860801924020052,0.03291754052042961,1,0,,,,0.06224392785383435,,,-0.029355553357285572,-0.20989456720269256,-0.06393694877624512,-0.16918353736400604,0.035418379719367676,0.030050218105316162
(*)|(*)|(atr_compression_ratio>0.25490403&log_oi_to_volume_7d<=1.8668917&mark_vs_perp_bps<=0.34287038&oi_to_volume_1d_z_90d<=0.50772589),2,2413,0.12065,0.0021721492521464825,0.02287973277270794,1,0,,,,0.06226974653778852,,,-0.005133184050277496,-0.16176162241455969,-0.04939691349864006,-0.08943983912467957,0.04448135107373611,0.04349404573440552
(*)|(*)|(atr_compression_ratio>0.25490403&log_oi_to_volume_7d<=1.8668917&mark_vs_perp_bps<=0.34287038&oi_to_volume_1d_z_90d<=0.50772589),3,2491,0.12455,0.003922877833247185,0.02225722372531891,1,0,,,,0.09491979390666104,,,-0.022732642125735954,-0.21824156842909645,-0.060822200030088425,-0.15289518237113953,0.037105642375258215,0.08155494928359985
(*)|(*)|(atr_compression_ratio>0.25490403&log_oi_to_volume_7d<=1.8668917&mark_vs_perp_bps<=0.34287038&oi_to_volume_1d_z_90d<=0.50772589),4,495,0.12396694214876033,0.005758395418524742,0.016934720799326897,1,0,,,,0.13357946676392096,,,-0.02970988247274407,-0.33145355535133203,-0.04568014293909073,-0.11020813137292862,0.04191870077157719,0.2529192566871643
(*)|(dist_prior_day_low>0.044757258&loc_prev_day_range_pos_48<=0.86883932)|(price_trend_7d_vol_norm>-0.098751031),0,2988,0.1494,0.0022203801199793816,0.0259840227663517,1,0,,,,0.05129829326624381,,,0.11404413523329743,0.012584498273672903,0.21734386682510376,0.49687057733535767,0.2375178177574825,0.13411229848861694
(*)|(dist_prior_day_low>0.044757258&loc_prev_day_range_pos_48<=0.86883932)|(price_trend_7d_vol_norm>-0.098751031),1,2270,0.1135,0.0010947172995656729,0.038584139198064804,1,0,,,,-0.0011035270985549279,,,0.006176304574163906,-0.1743627092712431,0.06181228533387184,0.07133854180574417,0.07041714898230363,0.1572759747505188
(*)|(dist_prior_day_low>0.044757258&loc_prev_day_range_pos_48<=0.86883932)|(price_trend_7d_vol_norm>-0.098751031),2,3265,0.16325,0.0019437558948993683,0.025693178176879883,1,0,,,,0.05785721478484336,,,0.045336832167635524,-0.11129160619664667,0.08740678429603577,0.30150067806243896,0.13591679956008046,0.10941499471664429
(*)|(dist_prior_day_low>0.044757258&loc_prev_day_range_pos_48<=0.86883932)|(price_trend_7d_vol_norm>-0.098751031),3,2001,0.10005,0.0003021965967491269,0.024122092872858047,1,0,,,,0.008053192153130323,,,0.09981344660192429,-0.09569547970143621,0.26920759677886963,0.5217317938804626,0.2550028419680772,0.17370039224624634
(*)|(dist_prior_day_low>0.044757258&loc_prev_day_range_pos_48<=0.86883932)|(price_trend_7d_vol_norm>-0.098751031),4,312,0.0781367392937641,0.009943409822881222,0.025564726442098618,1,0,,,,0.08400788312063172,,,-0.26998512816026593,-0.5717288010388539,-0.70667564868927,-1.0945155620574951,0.0025178997001187664,0.1862165331840515
(*)|(dist_prior_day_low<=0.051042583)|(asset_funding_rate_mean_3d<=-0.0000050692643&mark_vs_perp_bps<=1.1549025&price_trend_15d_vol_norm>-0.073832981),0,3500,0.175,0.0016723631415516138,0.021991383284330368,1,0,,,,0.06924947470314097,,,-0.04996415423124309,-0.15142379119086763,-0.11370197683572769,-0.3625713288784027,0.020382859749706113,-0.023065388202667236
(*)|(dist_prior_day_low<=0.051042583)|(asset_funding_rate_mean_3d<=-0.0000050692643&mark_vs_perp_bps<=1.1549025&price_trend_15d_vol_norm>-0.073832981),1,3896,0.1948,0.0019287882605567575,0.021242089569568634,1,0,,,,0.03997743656763788,,,0.03552598358445287,-0.14501303026095413,0.08613386005163193,0.2577994763851166,0.11996287913301579,-0.024156928062438965
(*)|(dist_prior_day_low<=0.051042583)|(asset_funding_rate_mean_3d<=-0.0000050692643&mark_vs_perp_bps<=1.1549025&price_trend_15d_vol_norm>-0.073832981),2,2061,0.10305,0.0002627570938784629,0.018732940778136253,1,0,,,,0.02881112505809856,,,0.05742614210231081,-0.09920229626197138,0.2046169638633728,0.5387641191482544,0.26771914820095116,-0.0003377199172973633
(*)|(dist_prior_day_low<=0.051042583)|(asset_funding_rate_mean_3d<=-0.0000050692643&mark_vs_perp_bps<=1.1549025&price_trend_15d_vol_norm>-0.073832981),3,1960,0.098,0.0022153612226247787,0.01618797332048416,1,0,,,,0.048472629658871655,,,0.062110548755085586,-0.1333983775482749,0.10503140836954117,0.34729963541030884,0.15491817811953904,-0.011294662952423096
(*)|(dist_prior_day_low<=0.051042583)|(asset_funding_rate_mean_3d<=-0.0000050692643&mark_vs_perp_bps<=1.1549025&price_trend_15d_vol_norm>-0.073832981),4,291,0.07287753568745305,0.007817135192453861,0.011987822130322456,1,0,,,,0.1480064148466195,,,0.037704477564761106,-0.26403919531382686,0.3766617774963379,0.6641131639480591,0.3830167050500001,0.20326215028762817
(*)|(*)|(funding_mom_2h<=0.015316136&funding_rank_30d>0.17976356&grind_score_surprise>-0.26565656&mark_vs_perp_bps<=-0.61580843&trend_acceleration<=0.82533127),0,2481,0.12405,0.0017071414040401578,0.022530879825353622,1,0,,,,0.04294741616606817,,,0.018680436174665506,-0.08277920078495901,-0.054130036383867264,-0.07043717801570892,0.046963154234181036,-0.0037881135940551758
(*)|(*)|(funding_mom_2h<=0.015316136&funding_rank_30d>0.17976356&grind_score_surprise>-0.26565656&mark_vs_perp_bps<=-0.61580843&trend_acceleration<=0.82533127),1,2582,0.1291,0.00416570995002985,0.021714774891734123,1,0,,,,0.06265722701983113,,,0.010651318384516021,-0.16988769546089097,-0.0018175002187490463,0.10129737108945847,0.07671010771040238,-0.039451658725738525
(*)|(*)|(funding_mom_2h<=0.015316136&funding_rank_30d>0.17976356&grind_score_surprise>-0.26565656&mark_vs_perp_bps<=-0.61580843&trend_acceleration<=0.82533127),2,2197,0.10985,0.0010521953226998448,0.021893516182899475,1,0,,,,0.040984026307737655,,,0.09602421159868271,-0.060604226765599484,0.14167581498622894,0.5952619910240173,0.3146185547107188,-0.027409493923187256
(*)|(*)|(funding_mom_2h<=0.015316136&funding_rank_30d>0.17976356&grind_score_surprise>-0.26565656&mark_vs_perp_bps<=-0.61580843&trend_acceleration<=0.82533127),3,2353,0.11765,0.0034087710082530975,0.016366861760616302,1,0,,,,0.06366195521324347,,,0.011743538119629282,-0.18376538818373123,0.014274779707193375,0.24111682176589966,0.11437901500915147,-0.012343108654022217
(*)|(*)|(funding_mom_2h<=0.015316136&funding_rank_30d>0.17976356&grind_score_surprise>-0.26565656&mark_vs_perp_bps<=-0.61580843&trend_acceleration<=0.82533127),4,449,0.11244678186826947,0.0050583104602992535,0.011177727952599525,1,0,,,,0.10119428313376279,,,0.03938654583478564,-0.2623571270438023,0.21917255222797394,0.42105937004089355,0.19126103939827377,0.12570881843566895
(*)|(loc_prior_bar_pos_24<=0.67829078)|(dist_oiw_z_delta_96h_atr>-0.43686205&donchian_zone_1d_atr<=0.53723782&log_oi_to_volume_1d>0.89034539&mark_perp_dislocation<=0.0014157828),0,1927,0.09635,0.0006368253962136805,0.02284024842083454,1,0,,,,0.021414478189364712,,,0.12330746504950864,0.021847828089884114,0.24313272535800934,0.5035635828971863,0.24210354724788474,0.05481237173080444
(*)|(loc_prior_bar_pos_24<=0.67829078)|(dist_oiw_z_delta_96h_atr>-0.43686205&donchian_zone_1d_atr<=0.53723782&log_oi_to_volume_1d>0.89034539&mark_perp_dislocation<=0.0014157828),1,1915,0.09575,0.006200890056788921,0.0265335850417614,1,0,,,,0.08518187288242,,,-0.059608710035047564,-0.24014772388045455,-0.014195630326867104,-0.07152198255062103,0.04681782002743118,-0.025493621826171875
(*)|(loc_prior_bar_pos_24<=0.67829078)|(dist_oiw_z_delta_96h_atr>-0.43686205&donchian_zone_1d_atr<=0.53723782&log_oi_to_volume_1d>0.89034539&mark_perp_dislocation<=0.0014157828),2,2503,0.12515,0.00012547244841698557,0.022622745484113693,1,0,,,,0.02653127890654213,,,0.05238272820838012,-0.10424571015590207,0.03749897703528404,0.39282336831092834,0.1764371818330024,0.0008210539817810059
(*)|(loc_prior_bar_pos_24<=0.67829078)|(dist_oiw_z_delta_96h_atr>-0.43686205&donchian_zone_1d_atr<=0.53723782&log_oi_to_volume_1d>0.89034539&mark_perp_dislocation<=0.0014157828),3,2597,0.12985,0.0038723512552678585,0.01857639290392399,1,0,,,,0.09181106223429929,,,-0.058167074939224586,-0.2536760012425851,-0.0834900513291359,-0.03478626906871796,0.05199892689027168,0.014225184917449951
(*)|(loc_prior_bar_pos_24<=0.67829078)|(dist_oiw_z_delta_96h_atr>-0.43686205&donchian_zone_1d_atr<=0.53723782&log_oi_to_volume_1d>0.89034539&mark_perp_dislocation<=0.0014157828),4,374,0.09366391184573003,0.0041155037470161915,0.011270477436482906,1,0,,,,0.0673911411660363,,,0.2303978313812973,-0.07134584149729065,1.013852834701538,1.659824252128601,0.15179685247204122,-0.07702577114105225
(*)|(pullback_depth>0.8924222)|(mark_vs_perp_bps<=0.53355187&ob_imbalance_mkt_resid>-2.5011921),0,1868,0.0934,0.0007286052568815649,0.02303999662399292,1,0,,,,0.018319013100341997,,,0.10286516875917634,0.0014055317995518152,0.1596212387084961,0.7181926965713501,0.44701473349096865,0.12159299850463867
(*)|(pullback_depth>0.8924222)|(mark_vs_perp_bps<=0.53355187&ob_imbalance_mkt_resid>-2.5011921),1,2216,0.1108,0.0055837323889136314,0.027130519971251488,1,0,,,,0.08798605543239874,,,0.0779648748963632,-0.1025741389490438,0.18021808564662933,0.43341130018234253,0.1981313951282109,0.08197808265686035
(*)|(pullback_depth>0.8924222)|(mark_vs_perp_bps<=0.53355187&ob_imbalance_mkt_resid>-2.5011921),2,2045,0.10225,0.000604278699029237,0.021437086164951324,1,0,,,,0.03193634515700405,,,0.018908630293261734,-0.13771980807102047,0.07329600304365158,0.16674047708511353,0.09248197724497352,0.15606021881103516
(*)|(pullback_depth>0.8924222)|(mark_vs_perp_bps<=0.53355187&ob_imbalance_mkt_resid>-2.5011921),3,1984,0.0992,0.002255443949252367,0.01632344350218773,1,0,,,,0.035133347604814236,,,0.04612773328517921,-0.14938119301818129,0.08233925700187683,0.22412404417991638,0.10895847363153179,0.12158775329589844
(*)|(pullback_depth>0.8924222)|(mark_vs_perp_bps<=0.53355187&ob_imbalance_mkt_resid>-2.5011921),4,459,0.1149511645379414,0.004333972930908203,0.016772301867604256,1,0,,,,0.08018487104592721,,,0.056872414216995175,-0.24487125866159276,0.21218156814575195,0.6769888997077942,0.39736943749365317,0.07939672470092773
(*)|(*)|(compression_ratio>-1.0356244&mark_vs_perp_bps<=0.32594708&range_expansion_ratio<=-0.25724104&trend_acceleration<=0.39170113),0,2773,0.13865,0.0020096618682146072,0.021610166877508163,1,0,,,,0.051079909299061886,,,0.03237565324782712,-0.06908398371179741,0.027209443971514702,0.1254625767469406,0.08219355780842026,-0.008848369121551514
(*)|(*)|(compression_ratio>-1.0356244&mark_vs_perp_bps<=0.32594708&range_expansion_ratio<=-0.25724104&trend_acceleration<=0.39170113),1,2430,0.1215,0.0033902525901794434,0.020008713006973267,1,0,,,,0.04188481624582051,,,-0.07547473347521416,-0.25601374732062115,-0.2526244521141052,-0.4570457637310028,0.01556099375335634,0.00018393993377685547
(*)|(*)|(compression_ratio>-1.0356244&mark_vs_perp_bps<=0.32594708&range_expansion_ratio<=-0.25724104&trend_acceleration<=0.39170113),2,2292,0.1146,0.0013436764711514115,0.021793710067868233,1,0,,,,0.032088126013737235,,,0.09248819519155313,-0.06414024317272907,0.07064240425825119,0.4584336578845978,0.2128149210952462,0.004437088966369629
(*)|(*)|(compression_ratio>-1.0356244&mark_vs_perp_bps<=0.32594708&range_expansion_ratio<=-0.25724104&trend_acceleration<=0.39170113),3,2875,0.14375,0.0028159625362604856,0.016744185239076614,1,0,,,,0.0563764539964635,,,-0.011126105896722444,-0.20663503220008295,0.013159929774701595,0.055901627987623215,0.06737886270044692,0.026476681232452393
(*)|(*)|(compression_ratio>-1.0356244&mark_vs_perp_bps<=0.32594708&range_expansion_ratio<=-0.25724104&trend_acceleration<=0.39170113),4,700,0.1753067868770348,0.005061089992523193,0.010564438998699188,1,0,,,,0.15012533814178455,,,0.04288089958821666,-0.2588627732903713,0.07618260383605957,0.40849176049232483,0.18451518018687876,0.19236278533935547
(*)|(loc_swing_range_pos_48<=1.0179945)|(atr_compression_ratio>-1.2295657&mark_vs_perp_bps<=-0.35713387&ob_imbalance_mkt_resid<=-0.00000000000000000000000000000000001),0,3516,0.1758,0.0033922926522791386,0.025084836408495903,1,0,,,,0.07008562100542558,,,-0.022262446686314198,-0.12372208364593873,-0.04710821807384491,-0.0727359727025032,0.04665571169428145,-0.09367823600769043
(*)|(loc_swing_range_pos_48<=1.0179945)|(atr_compression_ratio>-1.2295657&mark_vs_perp_bps<=-0.35713387&ob_imbalance_mkt_resid<=-0.00000000000000000000000000000000001),1,3233,0.16165,0.005540714133530855,0.02184206061065197,1,0,,,,0.08252935400103482,,,-0.0846949002558877,-0.2652339141012947,-0.16964587569236755,-0.5208156108856201,0.012969076840973336,-0.09860235452651978
(*)|(loc_swing_range_pos_48<=1.0179945)|(atr_compression_ratio>-1.2295657&mark_vs_perp_bps<=-0.35713387&ob_imbalance_mkt_resid<=-0.00000000000000000000000000000000001),2,2337,0.11685,0.0029670733492821455,0.020588938146829605,1,0,,,,0.06106062859122054,,,0.07374132024516777,-0.08288711811911442,0.15415100753307343,0.46214982867240906,0.2150865496769486,-0.12269079685211182
(*)|(loc_swing_range_pos_48<=1.0179945)|(atr_compression_ratio>-1.2295657&mark_vs_perp_bps<=-0.35713387&ob_imbalance_mkt_resid<=-0.00000000000000000000000000000000001),3,3222,0.1611,0.00473324628546834,0.01675019972026348,1,0,,,,0.09628529315292163,,,0.08682359593619574,-0.10868533036716477,0.21282197535037994,0.635603129863739,0.35305412165147265,-0.05088692903518677
(*)|(loc_swing_range_pos_48<=1.0179945)|(atr_compression_ratio>-1.2295657&mark_vs_perp_bps<=-0.35713387&ob_imbalance_mkt_resid<=-0.00000000000000000000000000000000001),4,661,0.1655396944653143,0.006153184454888105,0.01366540789604187,1,0,,,,0.15269570874481514,,,0.014457941052583646,-0.2872857318260043,0.15385569632053375,0.5498171448707581,0.2763086533298686,-0.006080269813537598
(*)|(zscore_price_50>-0.1735293)|(oi_vol_15d_robust_z<=0.072801165&prior_volatility>-0.87701923&up_down_semivol_ratio_tanh<=0.38905567),0,2159,0.10795,0.00013396154099609703,0.021315190941095352,1,0,,,,0.006343777757821951,,,0.06439478242156883,-0.03706485453805569,0.10938679426908493,0.1543588638305664,0.08926752385220882,0.12924569845199585
(*)|(zscore_price_50>-0.1735293)|(oi_vol_15d_robust_z<=0.072801165&prior_volatility>-0.87701923&up_down_semivol_ratio_tanh<=0.38905567),1,1763,0.08815,0.0049216547049582005,0.022920046001672745,1,0,,,,0.07732809706148898,,,0.024247749609369665,-0.15629126423603734,0.17464928328990936,0.38048458099365234,0.1703254850894511,0.004376709461212158
(*)|(zscore_price_50>-0.1735293)|(oi_vol_15d_robust_z<=0.072801165&prior_volatility>-0.87701923&up_down_semivol_ratio_tanh<=0.38905567),2,3205,0.16025,-0.0009969962993636727,0.02386351116001606,-1,0,,,,0.009429867127953611,,,0.14099127011187818,-0.01563716825240402,0.29260069131851196,0.853560745716095,0.6581003383539611,0.07487130165100098
(*)|(zscore_price_50>-0.1735293)|(oi_vol_15d_robust_z<=0.072801165&prior_volatility>-0.87701923&up_down_semivol_ratio_tanh<=0.38905567),3,2748,0.1374,0.003840505378320813,0.01640271209180355,1,0,,,,0.08820163783907616,,,0.0915259996191404,-0.1039829266842201,0.1892652064561844,0.48276060819625854,0.22813292084747627,0.06760209798812866
(*)|(zscore_price_50>-0.1735293)|(oi_vol_15d_robust_z<=0.072801165&prior_volatility>-0.87701923&up_down_semivol_ratio_tanh<=0.38905567),4,137,0.03431004257450539,0.007390707265585661,0.026174183934926987,1,0,,,,0.051418699616515,,,0.3606614246068455,0.058917751728257584,0.6535941362380981,2.513070583343506,0.013259263887177668,
(*)|(pullback_depth>0.67925853)|(mark_perp_dislocation<=-0.000045885852&ob_pressure_mkt_resid>-0.0014901161),0,2166,0.1083,0.0005236784927546978,0.024245258420705795,1,0,,,,0.021535357178635656,,,0.10665079912651164,0.005191162166887114,0.18507838249206543,0.7133370637893677,0.4408560118451209,0.12152141332626343
(*)|(pullback_depth>0.67925853)|(mark_perp_dislocation<=-0.000045885852&ob_pressure_mkt_resid>-0.0014901161),1,2468,0.1234,0.005237447563558817,0.02681630291044712,1,0,,,,0.08765534888162213,,,0.07525642137155346,-0.10528259247385353,0.16246956586837769,0.4055402874946594,0.18296574646568048,0.07816284894943237
(*)|(pullback_depth>0.67925853)|(mark_perp_dislocation<=-0.000045885852&ob_pressure_mkt_resid>-0.0014901161),2,2389,0.11945,0.000404502876335755,0.02182881161570549,1,0,,,,0.032524592979553596,,,0.03439440194830661,-0.12223403641597558,0.07033982872962952,0.2402898222208023,0.11410907292790955,0.14959967136383057
(*)|(pullback_depth>0.67925853)|(mark_perp_dislocation<=-0.000045885852&ob_pressure_mkt_resid>-0.0014901161),3,2283,0.11415,0.0023268903605639935,0.016412707045674324,1,0,,,,0.03632702348790025,,,0.05426108131422865,-0.14124784498913184,0.09554924815893173,0.26501843333244324,0.12246287779439491,0.1079862117767334
(*)|(pullback_depth>0.67925853)|(mark_perp_dislocation<=-0.000045885852&ob_pressure_mkt_resid>-0.0014901161),4,522,0.13072877535687452,0.004036468919366598,0.016337666660547256,1,0,,,,0.07910907699686945,,,0.0434692340180145,-0.25827443886057344,0.09878123551607132,0.5937151908874512,0.3132311882999106,0.11538082361221313
(*)|(*)|(compression_score>-0.5330736&log_oi_to_volume_1d<=40.454559&mark_vs_perp_bps<=1.0706757&oiw_entry_zone_1d_atr>0.67501247),0,2296,0.1148,0.0030818465165793896,0.023633256554603577,1,0,,,,0.041473975737408096,,,0.10385303497827714,0.002393398018652612,0.20156438648700714,0.8375756144523621,0.6287197481542875,-0.07775545120239258
(*)|(*)|(compression_score>-0.5330736&log_oi_to_volume_1d<=40.454559&mark_vs_perp_bps<=1.0706757&oiw_entry_zone_1d_atr>0.67501247),1,3144,0.1572,0.0012895992258563638,0.025739453732967377,1,0,,,,0.03161314015971044,,,0.022539796885600077,-0.15799921695980693,0.03117564134299755,0.13711486756801605,0.08497602741660008,-0.04731947183609009
(*)|(*)|(compression_score>-0.5330736&log_oi_to_volume_1d<=40.454559&mark_vs_perp_bps<=1.0706757&oiw_entry_zone_1d_atr>0.67501247),2,2764,0.1382,0.00019812716345768422,0.021284354850649834,1,0,,,,0.03331879836142214,,,0.06608135987077694,-0.09054707849350525,0.17176198959350586,0.5415397882461548,0.26985073146201005,-0.08882814645767212
(*)|(*)|(compression_score>-0.5330736&log_oi_to_volume_1d<=40.454559&mark_vs_perp_bps<=1.0706757&oiw_entry_zone_1d_atr>0.67501247),3,2936,0.1468,0.003982963040471077,0.01771051064133644,1,0,,,,0.11287685504920152,,,0.030016584712982675,-0.16549234159037782,0.11895637959241867,0.3476732671260834,0.1550836445508218,0.010593116283416748
(*)|(*)|(compression_score>-0.5330736&log_oi_to_volume_1d<=40.454559&mark_vs_perp_bps<=1.0706757&oiw_entry_zone_1d_atr>0.67501247),4,443,0.11094415226646631,0.0050232866778969765,0.012355641461908817,1,0,,,,0.12488098561450127,,,0.058345178060320496,-0.24339849481826745,0.2828163504600525,0.913080632686615,0.7800938473139786,0.014971911907196045
(*)|(*)|(asset_atr_level_pct<=0.93571925&asset_atr_level_pct>0.17755386&mark_perp_dislocation<=-0.000065239838&volume_autocorr_48<=-0.10531683),0,2795,0.13975,0.0010048298863694072,0.022085487842559814,1,0,,,,0.03461988382651565,,,0.09861844862763924,-0.002841188331985281,0.1400907188653946,0.5681249499320984,0.29114649638582696,0.0022563934326171875
(*)|(*)|(asset_atr_level_pct<=0.93571925&asset_atr_level_pct>0.17755386&mark_perp_dislocation<=-0.000065239838&volume_autocorr_48<=-0.10531683),1,2385,0.11925,0.0032076817005872726,0.030115386471152306,1,0,,,,0.050906169104237294,,,-0.08158656018511379,-0.2621255740305208,-0.23179255425930023,-0.41698017716407776,0.017448269716504282,-0.038877129554748535
(*)|(*)|(asset_atr_level_pct<=0.93571925&asset_atr_level_pct>0.17755386&mark_perp_dislocation<=-0.000065239838&volume_autocorr_48<=-0.10531683),2,3317,0.16585,0.0021862084977328777,0.02222328819334507,1,0,,,,0.06706715894720057,,,0.04122784086553747,-0.11540059749874473,0.06461558490991592,0.1881801187992096,0.09832417267774375,-0.005248606204986572
(*)|(*)|(asset_atr_level_pct<=0.93571925&asset_atr_level_pct>0.17755386&mark_perp_dislocation<=-0.000065239838&volume_autocorr_48<=-0.10531683),3,2800,0.14,0.003457276849076152,0.017919549718499184,1,0,,,,0.07974158720572941,,,0.01608283073294337,-0.17942609557041714,0.020503466948866844,0.12227097153663635,0.08144745226373254,0.024538874626159668
(*)|(*)|(asset_atr_level_pct<=0.93571925&asset_atr_level_pct>0.17755386&mark_perp_dislocation<=-0.000065239838&volume_autocorr_48<=-0.10531683),4,462,0.11570247933884298,0.004553993232548237,0.017052581533789635,1,0,,,,0.10233191072709058,,,0.14952474673720634,-0.1522189261413816,0.33287522196769714,0.8044483661651611,0.5719412779414671,0.13849401473999023
(*)|(dist_prior_day_low>0.044768713)|(mark_vs_perp_bps<=-2.0369694&price_trend_7d_vol_norm>-0.11340015),0,3256,0.1628,0.0009889971697703004,0.027435872703790665,1,0,,,,0.04259374930610726,,,0.05662483928486039,-0.044834797674764136,0.0675303116440773,0.19104397296905518,0.09913200488122413,0.028434932231903076
(*)|(dist_prior_day_low>0.044768713)|(mark_vs_perp_bps<=-2.0369694&price_trend_7d_vol_norm>-0.11340015),1,2390,0.1195,0.0018651182763278484,0.0338088795542717,1,0,,,,0.036486744758241624,,,-0.09779989675014797,-0.27833891059555493,-0.15291455388069153,-0.5247370004653931,0.012824582655950755,0.10024851560592651
(*)|(dist_prior_day_low>0.044768713)|(mark_vs_perp_bps<=-2.0369694&price_trend_7d_vol_norm>-0.11340015),2,2980,0.149,0.002684695413336158,0.025026988238096237,1,0,,,,0.07969704006404105,,,-0.03954915147523112,-0.19617758983951333,-0.13597074151039124,-0.4620215594768524,0.015341335058329894,0.04157757759094238
(*)|(dist_prior_day_low>0.044768713)|(mark_vs_perp_bps<=-2.0369694&price_trend_7d_vol_norm>-0.11340015),3,1876,0.0938,0.0026273068506270647,0.02618933841586113,1,0,,,,0.06364238087262315,,,-0.11952101687226926,-0.31502994317562977,-0.1609451174736023,-0.6399099826812744,0.009228515354777363,0.06902170181274414
(*)|(dist_prior_day_low>0.044768713)|(mark_vs_perp_bps<=-2.0369694&price_trend_7d_vol_norm>-0.11340015),4,271,0.06786877034810919,0.004977768287062645,0.021784111857414246,1,0,,,,0.0840570168241839,,,-0.13895594224361343,-0.44069961512220135,0.05253762751817703,-1.0202840566635132,0.0031127765743947954,0.11728185415267944
