2025-12-29 01:22:17,747 - numexpr.utils - INFO - ℹ️ NumExpr defaulting to 8 threads.
2025-12-29 01:22:17,930 - DataQualityFramework - INFO - ℹ️ ✅ Comprehensive duplicate analyzer integrated
2025-12-29 01:22:17,930 - DataQualityFramework - INFO - ℹ️ 🔧 Unified Data Quality Framework initialized (singleton)
[2025-12-29 01:22:17.930] PERFORMANCE: DataQualityFramework initialization took 0.000s
2025-12-29 01:22:17,930 - System.tprint - INFO - ℹ️ DataQualityFramework initialization took 0.000s
2025-12-29 01:22:18,464 - System.AdvancedQualityMetrics - INFO - ℹ️ 📊 AdvancedQualityMetrics initialized with tolerant parameters
[2025-12-29 01:22:18.464] PERFORMANCE: AdvancedQualityMetrics initialization took 0.000s
2025-12-29 01:22:18,464 - System.tprint - INFO - ℹ️ AdvancedQualityMetrics initialization took 0.000s
2025-12-29 01:22:18,466 - DataCleaner - INFO - ℹ️ Using klines-specific gap thresholds: {<GapType.SMALL: 'small'>: 65, <GapType.MEDIUM: 'medium'>: 300, <GapType.LARGE: 'large'>: 1800, <GapType.CRITICAL: 'critical'>: 3600}
[2025-12-29 01:22:18.466] PERFORMANCE: DataCleaner(klines) initialization took 0.000s
2025-12-29 01:22:18,466 - System.tprint - INFO - ℹ️ DataCleaner(klines) initialization took 0.000s
2025-12-29 01:22:18,467 - DataCleaner - INFO - ℹ️ Using klines-specific gap thresholds: {<GapType.SMALL: 'small'>: 65, <GapType.MEDIUM: 'medium'>: 300, <GapType.LARGE: 'large'>: 1800, <GapType.CRITICAL: 'critical'>: 3600}
[2025-12-29 01:22:18.466] PERFORMANCE: DataCleaner(klines) initialization took 0.000s
2025-12-29 01:22:18,467 - System.tprint - INFO - ℹ️ DataCleaner(klines) initialization took 0.000s
2025-12-29 01:22:18,467 - DataCleanerManager - INFO - ℹ️ 🔧 DataCleanerManager initialized (singleton)
[2025-12-29 01:22:18.552] DEBUG: 🔧 [features_common.utils] Initializing common utilities module
[2025-12-29 01:22:18.552] SUCCESS: ✅ [features_common.utils] Math validation utilities loaded
2025-12-29 01:22:18,552 - System.tprint - INFO - ℹ️ ✅ [features_common.utils] Math validation utilities loaded
[2025-12-29 01:22:18.552] DEBUG: 🔧 [features_common.utils] Common utilities module initialized
2025-12-29 01:22:21,188 - src.utils.hardware.m1_gpu_utils.M1GPUManager - INFO - ℹ️ M1 GPU Manager initialized - M1: True, Generation: m1, MPS: True
2025-12-29 01:22:21,202 - src.utils.hardware.m1_cpu_optimizer.M1CPUOptimizer - INFO - ℹ️ 🧠 M1 CPU Optimizer initialized for M1 (4P+4E cores)
[2025-12-29 01:22:21.538] DEBUG: 🔧 [transforms] Module initialized with 14 exports
2025-12-29 01:22:21,538 - src.features_common.backward_compatibility - INFO - ℹ️ Backward compatibility ensured for features_common
[2025-12-29 01:22:21.539] DEBUG: 🔧 [optimization] Module initialized with 6 exports
[2025-12-29 01:22:21.539] DEBUG: 🔧 [registry] Module initialized with BaseFeatureRegistry
[2025-12-29 01:22:21.542] DEBUG: 🚀 [features_common] Enhanced module initialized with 59 exports
[2025-12-29 01:22:21.542] SUCCESS: ✅ [features_common] All optimizations enabled by default
2025-12-29 01:22:21,542 - System.tprint - INFO - ℹ️ ✅ [features_common] All optimizations enabled by default
[2025-12-29 01:22:21.542] INFO: 🔧 [features_common] VectorBT integration available
2025-12-29 01:22:21,542 - System.tprint - INFO - ℹ️ 🔧 [features_common] VectorBT integration available
[2025-12-29 01:22:21.542] PERFORMANCE: 📊 [features_common] Performance monitoring enabled
2025-12-29 01:22:21,542 - System.tprint - INFO - ℹ️ 📊 [features_common] Performance monitoring enabled
[2025-12-29 01:22:21.542] WARNING: 💾 [features_common] Intelligent caching active
2025-12-29 01:22:21,542 - System.tprint - WARNING - ⚠️ 💾 [features_common] Intelligent caching active
2025-12-29 01:22:21,542 - System.DataStreamingManager - INFO - ℹ️ 🚀 DataStreamingManager initialized (singleton): chunk_size=10000, memory_threshold=0.8
[2025-12-29 01:22:21.542] PERFORMANCE: DataStreamingManager initialization took 0.000s
2025-12-29 01:22:21,543 - System.tprint - INFO - ℹ️ DataStreamingManager initialization took 0.000s
2025-12-29 01:22:21,560 - System.EvaluationUtils - INFO - ℹ️ EvaluationUtils delegating core metric computation to unified_evaluator
[2025-12-29 01:22:21.567] ✅ Custom logger available for MLCommon.ConfidenceMetrics
2025-12-29 01:22:21,567 - System.tprint - INFO - ℹ️ ✅ Custom logger available for MLCommon.ConfidenceMetrics
[2025-12-29 01:22:21.567] ✅ Custom logger available for MLCommon.ModelExplanations
2025-12-29 01:22:21,568 - System.tprint - INFO - ℹ️ ✅ Custom logger available for MLCommon.ModelExplanations
2025-12-29 01:22:22,078 - MLCommon.ModelExplanations - INFO - ℹ️ LIME library available - LIME explanations enabled
[2025-12-29 01:22:22.079] ✅ Custom logger available for MLCommon.ModelRegistry
2025-12-29 01:22:22,079 - System.tprint - INFO - ℹ️ ✅ Custom logger available for MLCommon.ModelRegistry
[2025-12-29 01:22:22.079] ✅ Custom logger available for MLCommon.ModelExplainability
2025-12-29 01:22:22,079 - System.tprint - INFO - ℹ️ ✅ Custom logger available for MLCommon.ModelExplainability
[2025-12-29 01:22:22.132] ✅ Custom logger available for MLCommon.CV
2025-12-29 01:22:22,132 - System.tprint - INFO - ℹ️ ✅ Custom logger available for MLCommon.CV
2025-12-29 01:22:22,133 - src.utils.ml_common.validation.enhanced_validation - INFO - ℹ️ ✅ Enhanced Validation initialized
[2025-12-29 01:22:22.135] ✅ Custom logger available for MLCommon.ValidationUtils
2025-12-29 01:22:22,135 - System.tprint - INFO - ℹ️ ✅ Custom logger available for MLCommon.ValidationUtils
[2025-12-29 01:22:22.138] ✅ Custom logger available for MLCommon.HPOUtils
2025-12-29 01:22:22,138 - System.tprint - INFO - ℹ️ ✅ Custom logger available for MLCommon.HPOUtils
2025-12-29 01:22:22,207 - src.utils.matrix_operations.enhanced_operations.CustomMatrixOperationsRegistry - INFO - ℹ️ 📝 Registered custom matrix operation: gpu_condition_number
2025-12-29 01:22:22,207 - src.utils.matrix_operations.enhanced_operations.CustomMatrixOperationsRegistry - INFO - ℹ️ 📝 Registered custom matrix operation: gpu_matrix_rank
2025-12-29 01:22:22,207 - src.utils.matrix_operations.enhanced_operations.CustomMatrixOperationsRegistry - INFO - ℹ️ 📝 Registered custom matrix operation: matrix_normalize
2025-12-29 01:22:22,207 - src.utils.matrix_operations.enhanced_operations.CustomMatrixOperationsRegistry - INFO - ℹ️ 📝 Registered custom matrix operation: extract_matrix_features
2025-12-29 01:22:22,210 - src.utils.matrix_operations - INFO - ℹ️ ✅ Unified Matrix Operations module initialized
2025-12-29 01:22:22,210 - src.utils.matrix_operations - INFO - ℹ️ 📦 Version: 1.0.0
2025-12-29 01:22:22,210 - src.utils.matrix_operations - INFO - ℹ️ 🔧 Features: VectorBT optimizations, GPU acceleration, memory optimization, vectorized processing, batch operations
2025-12-29 01:22:22,210 - src.utils.matrix_operations - INFO - ℹ️ 🍎 Optimized for: Apple Silicon M1/M2/M3 Macs
2025-12-29 01:22:22,210 - src.utils.matrix_operations - INFO - ℹ️ 🚀 VectorBT optimizations enabled - expect 2-10x performance improvements
2025-12-29 01:22:22,210 - src.utils.matrix_operations - INFO - ℹ️ 🎯 VectorBTRollingOptimizer available - enhanced rolling operations
2025-12-29 01:22:22,210 - src.utils.matrix_operations - INFO - ℹ️ ⚡ UnifiedVectorizationManager available - unified vectorization operations
2025-12-29 01:22:22,211 - System.ComplementaryLookbackOptimizer - INFO - ℹ️ ✅ Detected VectorBT v0.28.1
2025-12-29 01:22:22,216 - src.feature_generation.utils.feature_generation_optimization - INFO - ℹ️ ✅ VectorBT available for feature optimization
2025-12-29 01:22:22,241 - root - INFO - ℹ️ ✅ VectorBT compatibility layer loaded successfully
2025-12-29 01:22:22,568 - root - INFO - ℹ️ ✅ Enhanced VectorBT volatility generators loaded successfully
2025-12-29 01:22:22,669 - src.feature_generation.core.feature_registry.FeatureRegistry - INFO - ℹ️ FeatureRegistry initialized
[2025-12-29 01:22:22.669] 🔧 Initializing AutoOptimizationConfig...
2025-12-29 01:22:22,669 - System.tprint - INFO - ℹ️ 🔧 Initializing AutoOptimizationConfig...
[2025-12-29 01:22:22.669] 📝 Setting up conservative optimization settings...
2025-12-29 01:22:22,669 - System.tprint - INFO - ℹ️ 📝 Setting up conservative optimization settings...
[2025-12-29 01:22:22.669] ✅ Conservative settings configured
2025-12-29 01:22:22,669 - System.tprint - INFO - ℹ️ ✅ Conservative settings configured
[2025-12-29 01:22:22.669] 📝 Setting up balanced optimization settings...
2025-12-29 01:22:22,669 - System.tprint - INFO - ℹ️ 📝 Setting up balanced optimization settings...
[2025-12-29 01:22:22.669] ✅ Balanced settings configured
2025-12-29 01:22:22,670 - System.tprint - INFO - ℹ️ ✅ Balanced settings configured
[2025-12-29 01:22:22.669] 📝 Setting up aggressive optimization settings...
2025-12-29 01:22:22,670 - System.tprint - INFO - ℹ️ 📝 Setting up aggressive optimization settings...
[2025-12-29 01:22:22.669] ✅ Aggressive settings configured
2025-12-29 01:22:22,670 - System.tprint - INFO - ℹ️ ✅ Aggressive settings configured
[2025-12-29 01:22:22.670] 🎯 AutoOptimizationConfig initialized with balanced strategy
2025-12-29 01:22:22,670 - System.tprint - INFO - ℹ️ 🎯 AutoOptimizationConfig initialized with balanced strategy
[2025-12-29 01:22:22.670] ✅ Auto-optimization enabled for FeatureBank (default)
2025-12-29 01:22:22,670 - System.tprint - INFO - ℹ️ ✅ Auto-optimization enabled for FeatureBank (default)
2025-12-29 01:22:22,670 - src.feature_generation.utils.memory_pool_optimizer.MemoryPoolOptimizer - INFO - ℹ️ Memory pool optimizer initialized
2025-12-29 01:22:22,671 - src.utils.hardware.m1_memory_optimizer.M1MemoryOptimizer - INFO - ℹ️ 🧠 Memory limit set to 8.0 GB (8589934592.0 bytes)
2025-12-29 01:22:22,687 - src.utils.hardware.m1_memory_optimizer.M1MemoryOptimizer - INFO - ℹ️ 🧠 M1 Memory Optimizer initialized for M1
2025-12-29 01:22:22,688 - src.utils.hardware.unified_hardware_manager.UnifiedHardwareManager - INFO - ℹ️ 🔧 Unified Hardware Manager initialized
2025-12-29 01:22:22,688 - src.utils.hardware.unified_hardware_manager.HardwarePerformanceMonitor - INFO - ℹ️ 🔍 Hardware performance monitoring started
2025-12-29 01:22:22,688 - src.utils.hardware.m1_memory_optimizer.M1MemoryOptimizer - INFO - ℹ️ 🧠 M1 memory monitoring started
2025-12-29 01:22:22,688 - src.utils.hardware.unified_hardware_manager.UnifiedHardwareManager - INFO - ℹ️ ✅ Unified Hardware Manager fully initialized
2025-12-29 01:22:22,688 - src.utils.hardware.unified_hardware_manager.UnifiedHardwareManager - INFO - ℹ️ 🎯 Optimizing for feature_engineering workload (balanced)
2025-12-29 01:22:22,691 - src.utils.ml_common.hardware_singleton - INFO - ℹ️ 🔍 Detecting hardware capabilities (one-time detection)...
2025-12-29 01:22:22,691 - src.utils.ml_common.hardware_singleton - INFO - ℹ️ ✅ Hardware detection complete: {'cpu_cores': 8, 'gpu_available': True, 'gpu_type': 'mps', 'memory_gb': 16.0, 'mps_available': True, 'gpu_memory_gb': None}
[2025-12-29 01:22:22.691] 🚀 Initializing Unified Vectorization Manager...
2025-12-29 01:22:22,691 - System.tprint - INFO - ℹ️ 🚀 Initializing Unified Vectorization Manager...
[2025-12-29 01:22:22.691] 🔄 Initializing optimization components...
2025-12-29 01:22:22,691 - System.tprint - INFO - ℹ️ 🔄 Initializing optimization components...
[2025-12-29 01:22:22.691] 🔄 Initializing optimization components...
2025-12-29 01:22:22,691 - System.tprint - INFO - ℹ️ 🔄 Initializing optimization components...
[2025-12-29 01:22:22.691] 🔄 Loading VectorBTRollingOptimizer...
2025-12-29 01:22:22,692 - System.tprint - INFO - ℹ️ 🔄 Loading VectorBTRollingOptimizer...
[2025-12-29 01:22:22.691] ✅ VectorBTRollingOptimizer loaded
2025-12-29 01:22:22,692 - System.tprint - INFO - ℹ️ ✅ VectorBTRollingOptimizer loaded
[2025-12-29 01:22:22.691] 🔄 Loading vectorized backtesting...
2025-12-29 01:22:22,692 - System.tprint - INFO - ℹ️ 🔄 Loading vectorized backtesting...
2025-12-29 01:22:22,693 - System.VectorizedBacktestingEngine - INFO - ℹ️ ✅ Vectorized Backtesting Engine initialized successfully
[2025-12-29 01:22:22.693] ✅ Vectorized backtesting loaded
2025-12-29 01:22:22,693 - System.tprint - INFO - ℹ️ ✅ Vectorized backtesting loaded
[2025-12-29 01:22:22.693] 🔄 Loading VectorBT backtesting engine...
2025-12-29 01:22:22,693 - System.tprint - INFO - ℹ️ 🔄 Loading VectorBT backtesting engine...
2025-12-29 01:22:22,694 - System.VectorBTBacktestingEngine - INFO - ℹ️ ✅ VectorBT Backtesting Engine initialized successfully
[2025-12-29 01:22:22.711] ✅ VectorBT backtesting engine loaded
2025-12-29 01:22:22,711 - System.tprint - INFO - ℹ️ ✅ VectorBT backtesting engine loaded
[2025-12-29 01:22:22.711] 🔄 Loading VectorBT financial metrics...
2025-12-29 01:22:22,712 - System.tprint - INFO - ℹ️ 🔄 Loading VectorBT financial metrics...
2025-12-29 01:22:22,713 - src.utils.ml_common.vectorbt_financial_metrics - INFO - ℹ️ ✅ VectorBT Financial Metrics initialized
2025-12-29 01:22:22,713 - src.utils.ml_common.vectorbt_financial_metrics - INFO - ℹ️ 📊 Risk-free rate: 2.00%
2025-12-29 01:22:22,714 - src.utils.ml_common.vectorbt_financial_metrics - INFO - ℹ️ 📊 Annualization factor: 252
2025-12-29 01:22:22,714 - src.utils.ml_common.vectorbt_financial_metrics - INFO - ℹ️ 📊 Regime analysis: True
[2025-12-29 01:22:22.714] ✅ VectorBT financial metrics loaded
2025-12-29 01:22:22,714 - System.tprint - INFO - ℹ️ ✅ VectorBT financial metrics loaded
[2025-12-29 01:22:22.714] 🔄 Loading VectorBT portfolio optimization...
2025-12-29 01:22:22,714 - System.tprint - INFO - ℹ️ 🔄 Loading VectorBT portfolio optimization...
2025-12-29 01:22:22,717 - src.utils.ml_common.vectorbt_memory_manager.VectorBTMemoryManager - INFO - ℹ️ ✅ VectorBT Memory Manager initialized
2025-12-29 01:22:22,718 - src.utils.ml_common.vectorbt_memory_manager.VectorBTMemoryManager - INFO - ℹ️ 📊 Total system memory: 16.00GB
2025-12-29 01:22:22,718 - src.utils.ml_common.vectorbt_memory_manager.VectorBTMemoryManager - INFO - ℹ️ 📊 Available memory: 7.00GB
2025-12-29 01:22:22,718 - src.utils.ml_common.vectorbt_memory_manager.VectorBTMemoryManager - INFO - ℹ️ 📊 Max allocated memory: 8.00GB
2025-12-29 01:22:22,718 - src.utils.ml_common.vectorbt_performance_monitor.VectorBTPerformanceMonitor - INFO - ℹ️ ✅ VectorBT Performance Monitor initialized
2025-12-29 01:22:22,718 - src.utils.ml_common.vectorbt_performance_monitor.VectorBTPerformanceMonitor - INFO - ℹ️ 📊 Monitoring enabled: timing=True, memory=True, gpu=True
2025-12-29 01:22:22,718 - src.utils.ml_common.vectorbt_portfolio_optimization - INFO - ℹ️ ✅ VectorBT Portfolio Optimizer initialized
2025-12-29 01:22:22,718 - src.utils.ml_common.vectorbt_portfolio_optimization - INFO - ℹ️ 📊 Method: mean_variance
2025-12-29 01:22:22,718 - src.utils.ml_common.vectorbt_portfolio_optimization - INFO - ℹ️ 📊 Rebalancing: monthly
2025-12-29 01:22:22,718 - src.utils.ml_common.vectorbt_portfolio_optimization - INFO - ℹ️ 📊 Risk aversion: 1.0
2025-12-29 01:22:22,719 - src.utils.ml_common.vectorbt_portfolio_optimization - INFO - ℹ️ 📊 Memory manager: 7.00GB available
[2025-12-29 01:22:22.719] ✅ VectorBT portfolio optimization loaded
2025-12-29 01:22:22,719 - System.tprint - INFO - ℹ️ ✅ VectorBT portfolio optimization loaded
[2025-12-29 01:22:22.719] 🔄 Loading matrix cross-validation...
2025-12-29 01:22:22,719 - System.tprint - INFO - ℹ️ 🔄 Loading matrix cross-validation...
2025-12-29 01:22:22,720 - src.utils.hardware.m1_memory_optimizer - INFO - ℹ️ 🧠 M1 Memory Optimizer initialized for M1
2025-12-29 01:22:22,737 - src.utils.hardware.m1_memory_optimizer.M1MemoryOptimizer - INFO - ℹ️ 🧠 M1 Memory Optimizer initialized for M1
2025-12-29 01:22:22,987 - src.feature_generation.core.vectorbt_batch_processor - INFO - ℹ️ VectorBTBatchProcessor initialized: VectorBT=True, GPU=False, Parallel=True
2025-12-29 01:22:22,987 - src.feature_generation.utils.unified_vectorization_manager - INFO - ℹ️ UnifiedVectorizationManager initialized: VectorBT=True, GPU=False, Memory=True
2025-12-29 01:22:22,988 - src.utils.matrix_operations.unified_operations.UnifiedMatrixOperations - INFO - ℹ️ 📊 GPU: False, Memory Opt: False, Parallel: False
2025-12-29 01:22:22,988 - src.utils.ml_common.matrix_cross_validation - INFO - ℹ️ 🚀 VectorBT configured for cross-validation optimization
2025-12-29 01:22:22,988 - src.utils.ml_common.matrix_cross_validation - INFO - ℹ️ ✅ Matrix-based cross-validator initialized
2025-12-29 01:22:22,988 - src.utils.ml_common.matrix_cross_validation - INFO - ℹ️ 📊 Configuration - Splits: 5, GPU: True, VectorBT: True
[2025-12-29 01:22:22.988] ✅ Matrix cross-validation loaded
2025-12-29 01:22:22,988 - System.tprint - INFO - ℹ️ ✅ Matrix cross-validation loaded
[2025-12-29 01:22:22.988] 🔄 Loading feature importance analyzer...
2025-12-29 01:22:22,988 - System.tprint - INFO - ℹ️ 🔄 Loading feature importance analyzer...
2025-12-29 01:22:23,000 - src.utils.ml_common.utils.memory_integration - INFO - ℹ️ 🔗 Integrating memory skimming with all ML utilities
2025-12-29 01:22:23,000 - src.utils.ml_common.utils.memory_integration - INFO - ℹ️ ✅ Successfully imported HPO utilities (direct import)
2025-12-29 01:22:23,000 - src.utils.ml_common.utils.memory_integration - INFO - ℹ️ ✅ Memory skimming integrated with HPO utilities
2025-12-29 01:22:23,001 - src.utils.ml_common.utils.memory_integration - INFO - ℹ️ ✅ Successfully imported Unified CV utilities
2025-12-29 01:22:23,001 - src.utils.ml_common.utils.memory_integration - INFO - ℹ️ ✅ Memory skimming integrated with Unified CV utilities
2025-12-29 01:22:23,001 - src.utils.ml_common.utils.memory_integration - INFO - ℹ️ ✅ Memory skimming integrated with lookahead protection utilities
2025-12-29 01:22:23,001 - src.utils.ml_common.utils.memory_integration - INFO - ℹ️ Skipping model evaluation memory integration (deprecated)
2025-12-29 01:22:23,002 - src.utils.ml_common.utils.memory_integration - INFO - ℹ️ ✅ Successfully imported feature selection utilities
2025-12-29 01:22:23,002 - src.utils.ml_common.utils.memory_integration - INFO - ℹ️ ✅ Memory skimming integrated with feature selection utilities
2025-12-29 01:22:23,002 - src.utils.ml_common.utils.memory_integration - INFO - ℹ️ ✅ Successfully imported data quality utilities
2025-12-29 01:22:23,002 - src.utils.ml_common.utils.memory_integration - INFO - ℹ️ ✅ Memory skimming integrated with data quality utilities
2025-12-29 01:22:23,002 - src.utils.ml_common.utils.memory_integration - INFO - ℹ️ ✅ Memory skimming integration completed: 6/6 successful
[2025-12-29 01:22:23.003] ✅ Custom logger available for MLCommon.ThreadGuard
2025-12-29 01:22:23,003 - System.tprint - INFO - ℹ️ ✅ Custom logger available for MLCommon.ThreadGuard
[2025-12-29 01:22:23.003] ✅ threadpoolctl available for thread management
2025-12-29 01:22:23,003 - System.tprint - INFO - ℹ️ ✅ threadpoolctl available for thread management
[2025-12-29 01:22:23.003] ✅ Custom logger available for MLCommon.BaseSafeguards
2025-12-29 01:22:23,003 - System.tprint - INFO - ℹ️ ✅ Custom logger available for MLCommon.BaseSafeguards
[2025-12-29 01:22:23.005] ✅ Scikit-learn available for thresholding functionality
2025-12-29 01:22:23,005 - System.tprint - INFO - ℹ️ ✅ Scikit-learn available for thresholding functionality
[2025-12-29 01:22:23.005] ✅ Custom logger available for FeatureSelection.BaseFramework
2025-12-29 01:22:23,005 - System.tprint - INFO - ℹ️ ✅ Custom logger available for FeatureSelection.BaseFramework
[2025-12-29 01:22:23.005] ✅ Custom logger available for FeatureSelection.DataValidation
2025-12-29 01:22:23,006 - System.tprint - INFO - ℹ️ ✅ Custom logger available for FeatureSelection.DataValidation
[2025-12-29 01:22:23.006] ✅ Vectorization utilities available for feature selection
2025-12-29 01:22:23,006 - System.tprint - INFO - ℹ️ ✅ Vectorization utilities available for feature selection
[2025-12-29 01:22:23.006] ✅ Custom logger available for FeatureSelection.SelectionMethods
2025-12-29 01:22:23,006 - System.tprint - INFO - ℹ️ ✅ Custom logger available for FeatureSelection.SelectionMethods
[2025-12-29 01:22:23.036] ✅ Custom logger available for FeatureSelection.StabilityAnalysis
2025-12-29 01:22:23,036 - System.tprint - INFO - ℹ️ ✅ Custom logger available for FeatureSelection.StabilityAnalysis
[2025-12-29 01:22:23.036] ✅ Custom logger available for FeatureSelection.PerformanceMonitoring
2025-12-29 01:22:23,037 - System.tprint - INFO - ℹ️ ✅ Custom logger available for FeatureSelection.PerformanceMonitoring
[2025-12-29 01:22:23.037] ✅ Custom logger available for FeatureSelection.QualityMetrics
2025-12-29 01:22:23,037 - System.tprint - INFO - ℹ️ ✅ Custom logger available for FeatureSelection.QualityMetrics
[2025-12-29 01:22:23.037] ✅ Custom logger available for FeatureSelection.TemporalAnalysis
2025-12-29 01:22:23,038 - System.tprint - INFO - ℹ️ ✅ Custom logger available for FeatureSelection.TemporalAnalysis
[2025-12-29 01:22:23.038] ✅ Custom logger available for FeatureSelection.CausalAnalysis
2025-12-29 01:22:23,038 - System.tprint - INFO - ℹ️ ✅ Custom logger available for FeatureSelection.CausalAnalysis
[2025-12-29 01:22:23.040] ✅ Custom logger available for FeatureSelection.MainFramework
2025-12-29 01:22:23,040 - System.tprint - INFO - ℹ️ ✅ Custom logger available for FeatureSelection.MainFramework
[2025-12-29 01:22:23.064] 🔍 FeatureImportanceAnalyzer initialized with methods: ['random_forest', 'lasso', 'mutual_info']
2025-12-29 01:22:23,064 - System.tprint - INFO - ℹ️ 🔍 FeatureImportanceAnalyzer initialized with methods: ['random_forest', 'lasso', 'mutual_info']
[2025-12-29 01:22:23.064] ✅ Feature importance analyzer loaded
2025-12-29 01:22:23,064 - System.tprint - INFO - ℹ️ ✅ Feature importance analyzer loaded
[2025-12-29 01:22:23.064] 🔄 Loading technical indicators...
2025-12-29 01:22:23,064 - System.tprint - INFO - ℹ️ 🔄 Loading technical indicators...
2025-12-29 01:22:23,065 - src.feature_generation.utils.feature_generators - INFO - ℹ️ ✅ TA-Lib available for enhanced technical indicators
2025-12-29 01:22:23,065 - src.feature_generation.utils.feature_generators - INFO - ℹ️ Using fallback implementations for feature selection tools
2025-12-29 01:22:23,086 - src.utils.hardware.m1_memory_optimizer.M1MemoryOptimizer - INFO - ℹ️ 🧠 M1 Memory Optimizer initialized for M1
2025-12-29 01:22:23,086 - src.feature_generation.utils.feature_generators.FeatureGenerators - INFO - ℹ️ ✅ Hardware optimization initialized
2025-12-29 01:22:23,086 - src.feature_generation.utils.feature_generators.FeatureGenerators - INFO - ℹ️ ✅ Matrix operations available for vectorization
[2025-12-29 01:22:23.086] ✅ Technical indicators loaded
2025-12-29 01:22:23,086 - System.tprint - INFO - ℹ️ ✅ Technical indicators loaded
[2025-12-29 01:22:23.086] ℹ️ HMM operations deprecated - using alternative methods
2025-12-29 01:22:23,087 - System.tprint - INFO - ℹ️ HMM operations deprecated - using alternative methods
[2025-12-29 01:22:23.086] ✅ Component initialization completed
2025-12-29 01:22:23,087 - System.tprint - INFO - ℹ️ ✅ Component initialization completed
[2025-12-29 01:22:23.086] 🔄 Setting up performance tracking...
2025-12-29 01:22:23,087 - System.tprint - INFO - ℹ️ 🔄 Setting up performance tracking...
[2025-12-29 01:22:23.086] ✅ Unified Vectorization Manager initialized
2025-12-29 01:22:23,087 - System.tprint - INFO - ℹ️ ✅ Unified Vectorization Manager initialized
2025-12-29 01:22:23,087 - src.utils.ml_common.unified_vectorization_manager - INFO - ℹ️ ✅ Unified Vectorization Manager initialized
2025-12-29 01:22:23,087 - src.feature_generation.utils.feature_generation_optimization.FeatureGenerationOptimizer - INFO - ℹ️ 🚀 Initializing FeatureGenerationOptimizer...
2025-12-29 01:22:23,087 - src.feature_generation.utils.feature_generation_optimization.FeatureGenerationOptimizer - INFO - ℹ️ 📊 Configuration loaded: cross_validation
2025-12-29 01:22:23,087 - src.feature_generation.utils.feature_generation_optimization.FeatureGenerationOptimizer - INFO - ℹ️ ✅ FeatureGenerationOptimizer initialized in 0.000s
2025-12-29 01:22:23,088 - src.feature_generation.utils.feature_generation_optimization.FeatureGenerationOptimizer - INFO - ℹ️ 📊 Min lookback: 5, Max lookback: 252
2025-12-29 01:22:23,088 - src.feature_generation.utils.feature_generation_optimization.FeatureGenerationOptimizer - INFO - ℹ️ 📊 CV folds: 3, Parallel processing: True
2025-12-29 01:22:23,088 - src.utils.parallel_processing_optimizer - INFO - ℹ️ 🍎 Detected Apple Silicon - applying M1-specific limits
2025-12-29 01:22:23,088 - src.utils.parallel_processing_optimizer - INFO - ℹ️ 🔧 Initialized MacM1ParallelOptimizer:
2025-12-29 01:22:23,088 - src.utils.parallel_processing_optimizer - INFO - ℹ️    Max workers: 4
2025-12-29 01:22:23,088 - src.utils.parallel_processing_optimizer - INFO - ℹ️    Chunk size: 1000
2025-12-29 01:22:23,088 - src.utils.parallel_processing_optimizer - INFO - ℹ️    Pool type: Process
2025-12-29 01:22:23,088 - src.utils.parallel_processing_optimizer - INFO - ℹ️    Memory limit per worker: 4096 MB
2025-12-29 01:22:23,088 - src.utils.parallel_processing_optimizer - INFO - ℹ️    M1 Mac detected: True
2025-12-29 01:22:23,088 - src.feature_generation.utils.optimization.lookback_optimizer.LookbackOptimizer - INFO - ℹ️ ✅ Legacy optimization system available
2025-12-29 01:22:23,088 - src.feature_generation.utils.optimization.lookback_optimizer.LookbackOptimizer - INFO - ℹ️ ✅ LookbackOptimizer initialized
2025-12-29 01:22:23,088 - src.feature_generation.core.feature_bank.FeatureBank - INFO - ℹ️ ✅ Regular lookback optimization enabled (Analyst mode)
[2025-12-29 01:22:23.089] ✅ FeatureBank set as global instance
2025-12-29 01:22:23,089 - System.tprint - INFO - ℹ️ ✅ FeatureBank set as global instance
[2025-12-29 01:22:23.089] 🔧 Auto-registering feature generators...
2025-12-29 01:22:23,089 - System.tprint - INFO - ℹ️ 🔧 Auto-registering feature generators...
[2025-12-29 01:22:23.089] 🔧 Starting auto-registration of feature generators...
2025-12-29 01:22:23,089 - System.tprint - INFO - ℹ️ 🔧 Starting auto-registration of feature generators...
[2025-12-29 01:22:23.089] 🚀 Initializing 16 feature categories...
2025-12-29 01:22:23,089 - System.tprint - INFO - ℹ️ 🚀 Initializing 16 feature categories...
2025-12-29 01:22:23,089 - src.feature_generation.core.vectorbt_feature_generator - WARNING - ⚠️ GPU acceleration not available in this VectorBT version
2025-12-29 01:22:23,090 - src.feature_generation.core.feature_generator.CustomAutoOptimizedFeatureGenerator - INFO - ℹ️ ✅ VectorBT advanced caching enabled: 1000MB, TTL: 3600s
[2025-12-29 01:22:23.090] 🔍 Getting settings for balanced optimization level...
2025-12-29 01:22:23,090 - System.tprint - INFO - ℹ️ 🔍 Getting settings for balanced optimization level...
2025-12-29 01:22:23,091 - src.feature_generation.utils.vectorbt_optimization_integration - INFO - ℹ️ VectorBTOptimizationManager initialized: GPU=False, Memory=True, Parallel=True
2025-12-29 01:22:23,091 - CustomAutoOptimizedFeatureGenerator - INFO - ℹ️ VectorBT optimization components initialized
2025-12-29 01:22:23,133 - src.feature_generation.utils.consolidated_rolling_optimizer - INFO - ℹ️ GPU memory test successful
2025-12-29 01:22:23,176 - src.feature_generation.categories.candlestick_pattern - INFO - ℹ️ ✅ VectorBTRollingOptimizer initialized for candlestick patterns
2025-12-29 01:22:23,176 - src.feature_generation.categories.candlestick_pattern - INFO - ℹ️ ✅ UnifiedVectorizationManager initialized for candlestick patterns
[2025-12-29 01:22:23.190] ℹ️ VectorBT not available, using core microstructure generators only (numpy-optimized)
2025-12-29 01:22:23,190 - System.tprint - INFO - ℹ️ VectorBT not available, using core microstructure generators only (numpy-optimized)
✅ Created 45 VectorBT-optimized acceleration generators
✅ Created 46 total acceleration generators with VectorBT optimization
2025-12-29 01:22:23,206 - src.feature_generation.utils.vectorization_optimizer.VectorizationOptimizer - INFO - ℹ️ ✅ Matrix operations initialized
2025-12-29 01:22:23,207 - src.feature_generation.utils.vectorization_optimizer.VectorizationOptimizer - INFO - ℹ️ ✅ Hardware manager initialized
2025-12-29 01:22:23,207 - src.feature_generation.utils.vectorization_optimizer.VectorizationOptimizer - INFO - ℹ️ ✅ Vectorized core initialized
2025-12-29 01:22:23,207 - src.feature_generation.utils.vectorization_optimizer.VectorizationOptimizer - INFO - ℹ️ ✅ Vectorization Optimizer initialized
[2025-12-29 01:22:23.215] ℹ️ VectorBT not available, using core microstructure generators only (numpy-optimized)
2025-12-29 01:22:23,215 - System.tprint - INFO - ℹ️ VectorBT not available, using core microstructure generators only (numpy-optimized)
[2025-12-29 01:22:23.223] ✅ Auto-registration completed. Registered 527 generators
2025-12-29 01:22:23,223 - System.tprint - INFO - ℹ️ ✅ Auto-registration completed. Registered 527 generators
2025-12-29 01:22:23,223 - src.feature_generation.core.feature_bank.FeatureBank - INFO - ℹ️ ✅ Auto-registered 527 generators from 16 categories
[2025-12-29 01:22:23.223] 🔍 Looking up generators for category: returns
2025-12-29 01:22:23,223 - System.tprint - INFO - ℹ️ 🔍 Looking up generators for category: returns
[2025-12-29 01:22:23.223] ✅ Found 57 generators for category: returns
2025-12-29 01:22:23,224 - System.tprint - INFO - ℹ️ ✅ Found 57 generators for category: returns
[2025-12-29 01:22:23.223] 🔍 Looking up generators for category: momentum
2025-12-29 01:22:23,224 - System.tprint - INFO - ℹ️ 🔍 Looking up generators for category: momentum
[2025-12-29 01:22:23.223] ✅ Found 32 generators for category: momentum
2025-12-29 01:22:23,224 - System.tprint - INFO - ℹ️ ✅ Found 32 generators for category: momentum
[2025-12-29 01:22:23.224] 🔍 Looking up generators for category: volume
2025-12-29 01:22:23,224 - System.tprint - INFO - ℹ️ 🔍 Looking up generators for category: volume
[2025-12-29 01:22:23.224] ✅ Found 60 generators for category: volume
2025-12-29 01:22:23,224 - System.tprint - INFO - ℹ️ ✅ Found 60 generators for category: volume
[2025-12-29 01:22:23.224] 🔍 Looking up generators for category: volatility
2025-12-29 01:22:23,225 - System.tprint - INFO - ℹ️ 🔍 Looking up generators for category: volatility
[2025-12-29 01:22:23.224] ✅ Found 54 generators for category: volatility
2025-12-29 01:22:23,225 - System.tprint - INFO - ℹ️ ✅ Found 54 generators for category: volatility
[2025-12-29 01:22:23.224] 🔍 Looking up generators for category: normalization
2025-12-29 01:22:23,225 - System.tprint - INFO - ℹ️ 🔍 Looking up generators for category: normalization
[2025-12-29 01:22:23.224] ✅ Found 0 generators for category: normalization
2025-12-29 01:22:23,225 - System.tprint - INFO - ℹ️ ✅ Found 0 generators for category: normalization
[2025-12-29 01:22:23.225] 🔍 Looking up generators for category: trend
2025-12-29 01:22:23,225 - System.tprint - INFO - ℹ️ 🔍 Looking up generators for category: trend
[2025-12-29 01:22:23.225] ✅ Found 60 generators for category: trend
2025-12-29 01:22:23,225 - System.tprint - INFO - ℹ️ ✅ Found 60 generators for category: trend
[2025-12-29 01:22:23.225] 🔍 Looking up generators for category: oscillator
2025-12-29 01:22:23,226 - System.tprint - INFO - ℹ️ 🔍 Looking up generators for category: oscillator
[2025-12-29 01:22:23.225] ✅ Found 11 generators for category: oscillator
2025-12-29 01:22:23,226 - System.tprint - INFO - ℹ️ ✅ Found 11 generators for category: oscillator
[2025-12-29 01:22:23.225] 🔍 Looking up generators for category: support_resistance
2025-12-29 01:22:23,226 - System.tprint - INFO - ℹ️ 🔍 Looking up generators for category: support_resistance
[2025-12-29 01:22:23.225] ✅ Found 50 generators for category: support_resistance
2025-12-29 01:22:23,226 - System.tprint - INFO - ℹ️ ✅ Found 50 generators for category: support_resistance
[2025-12-29 01:22:23.226] 🔍 Looking up generators for category: custom_support_resistance
2025-12-29 01:22:23,226 - System.tprint - INFO - ℹ️ 🔍 Looking up generators for category: custom_support_resistance
[2025-12-29 01:22:23.226] ✅ Found 0 generators for category: custom_support_resistance
2025-12-29 01:22:23,226 - System.tprint - INFO - ℹ️ ✅ Found 0 generators for category: custom_support_resistance
[2025-12-29 01:22:23.226] 🔍 Looking up generators for category: candlestick_pattern
2025-12-29 01:22:23,227 - System.tprint - INFO - ℹ️ 🔍 Looking up generators for category: candlestick_pattern
[2025-12-29 01:22:23.226] ✅ Found 16 generators for category: candlestick_pattern
2025-12-29 01:22:23,227 - System.tprint - INFO - ℹ️ ✅ Found 16 generators for category: candlestick_pattern
[2025-12-29 01:22:23.226] 🔍 Looking up generators for category: cross_timeframe
2025-12-29 01:22:23,227 - System.tprint - INFO - ℹ️ 🔍 Looking up generators for category: cross_timeframe
[2025-12-29 01:22:23.226] ✅ Found 22 generators for category: cross_timeframe
2025-12-29 01:22:23,227 - System.tprint - INFO - ℹ️ ✅ Found 22 generators for category: cross_timeframe
[2025-12-29 01:22:23.226] 🔍 Looking up generators for category: microstructure
2025-12-29 01:22:23,227 - System.tprint - INFO - ℹ️ 🔍 Looking up generators for category: microstructure
[2025-12-29 01:22:23.226] ✅ Found 15 generators for category: microstructure
2025-12-29 01:22:23,227 - System.tprint - INFO - ℹ️ ✅ Found 15 generators for category: microstructure
[2025-12-29 01:22:23.227] 🔍 Looking up generators for category: entropy
2025-12-29 01:22:23,227 - System.tprint - INFO - ℹ️ 🔍 Looking up generators for category: entropy
[2025-12-29 01:22:23.227] ✅ Found 35 generators for category: entropy
2025-12-29 01:22:23,228 - System.tprint - INFO - ℹ️ ✅ Found 35 generators for category: entropy
[2025-12-29 01:22:23.227] 🔍 Looking up generators for category: autoencoder
2025-12-29 01:22:23,228 - System.tprint - INFO - ℹ️ 🔍 Looking up generators for category: autoencoder
[2025-12-29 01:22:23.227] ✅ Found 0 generators for category: autoencoder
2025-12-29 01:22:23,228 - System.tprint - INFO - ℹ️ ✅ Found 0 generators for category: autoencoder
[2025-12-29 01:22:23.227] 🔍 Looking up generators for category: representation_learning
2025-12-29 01:22:23,228 - System.tprint - INFO - ℹ️ 🔍 Looking up generators for category: representation_learning
[2025-12-29 01:22:23.227] ✅ Found 0 generators for category: representation_learning
2025-12-29 01:22:23,228 - System.tprint - INFO - ℹ️ ✅ Found 0 generators for category: representation_learning
[2025-12-29 01:22:23.227] 🔍 Looking up generators for category: order_flow
2025-12-29 01:22:23,228 - System.tprint - INFO - ℹ️ 🔍 Looking up generators for category: order_flow
[2025-12-29 01:22:23.227] ✅ Found 0 generators for category: order_flow
2025-12-29 01:22:23,228 - System.tprint - INFO - ℹ️ ✅ Found 0 generators for category: order_flow
[2025-12-29 01:22:23.228] 🔍 Looking up generators for category: regime
2025-12-29 01:22:23,228 - System.tprint - INFO - ℹ️ 🔍 Looking up generators for category: regime
[2025-12-29 01:22:23.228] ✅ Found 0 generators for category: regime
2025-12-29 01:22:23,229 - System.tprint - INFO - ℹ️ ✅ Found 0 generators for category: regime
[2025-12-29 01:22:23.228] 🔍 Looking up generators for category: legacy
2025-12-29 01:22:23,229 - System.tprint - INFO - ℹ️ 🔍 Looking up generators for category: legacy
[2025-12-29 01:22:23.228] ✅ Found 0 generators for category: legacy
2025-12-29 01:22:23,229 - System.tprint - INFO - ℹ️ ✅ Found 0 generators for category: legacy
[2025-12-29 01:22:23.228] 🔍 Looking up generators for category: time
2025-12-29 01:22:23,229 - System.tprint - INFO - ℹ️ 🔍 Looking up generators for category: time
[2025-12-29 01:22:23.228] ✅ Found 0 generators for category: time
2025-12-29 01:22:23,229 - System.tprint - INFO - ℹ️ ✅ Found 0 generators for category: time
[2025-12-29 01:22:23.228] 🔍 Looking up generators for category: custom
2025-12-29 01:22:23,229 - System.tprint - INFO - ℹ️ 🔍 Looking up generators for category: custom
[2025-12-29 01:22:23.228] ✅ Found 0 generators for category: custom
2025-12-29 01:22:23,229 - System.tprint - INFO - ℹ️ ✅ Found 0 generators for category: custom
[2025-12-29 01:22:23.229] 🔍 Looking up generators for category: acceleration
2025-12-29 01:22:23,229 - System.tprint - INFO - ℹ️ 🔍 Looking up generators for category: acceleration
[2025-12-29 01:22:23.229] ✅ Found 46 generators for category: acceleration
2025-12-29 01:22:23,230 - System.tprint - INFO - ℹ️ ✅ Found 46 generators for category: acceleration
[2025-12-29 01:22:23.229] 🔍 Looking up generators for category: interaction
2025-12-29 01:22:23,230 - System.tprint - INFO - ℹ️ 🔍 Looking up generators for category: interaction
[2025-12-29 01:22:23.229] ✅ Found 8 generators for category: interaction
2025-12-29 01:22:23,230 - System.tprint - INFO - ℹ️ ✅ Found 8 generators for category: interaction
[2025-12-29 01:22:23.229] 🔍 Looking up generators for category: advanced_statistical
2025-12-29 01:22:23,230 - System.tprint - INFO - ℹ️ 🔍 Looking up generators for category: advanced_statistical
[2025-12-29 01:22:23.229] ✅ Found 6 generators for category: advanced_statistical
2025-12-29 01:22:23,230 - System.tprint - INFO - ℹ️ ✅ Found 6 generators for category: advanced_statistical
[2025-12-29 01:22:23.230] 🔍 Looking up generators for category: spectral_wavelet
2025-12-29 01:22:23,231 - System.tprint - INFO - ℹ️ 🔍 Looking up generators for category: spectral_wavelet
[2025-12-29 01:22:23.230] ✅ Found 6 generators for category: spectral_wavelet
2025-12-29 01:22:23,231 - System.tprint - INFO - ℹ️ ✅ Found 6 generators for category: spectral_wavelet
2025-12-29 01:22:23,231 - src.feature_generation.core.generator_factory - INFO - ℹ️ Populated generator factory with 478 generators
[2025-12-29 01:22:23.230] ✅ Generator factory populated with registered generators
2025-12-29 01:22:23,231 - System.tprint - INFO - ℹ️ ✅ Generator factory populated with registered generators
2025-12-29 01:22:23,231 - src.feature_generation.core.feature_bank.FeatureBank - INFO - ℹ️ ✅ FeatureBank initialized
2025-12-29 01:22:23,232 - src.feature_generation.core.feature_bank.FeatureBank - INFO - ℹ️ 📊 Matrix ops: True, GPU: True, Lookback opt: True
2025-12-29 01:22:23,232 - src.feature_generation - INFO - ℹ️ ✅ Unified Feature Generation System initialized
2025-12-29 01:22:23,232 - src.feature_generation - INFO - ℹ️ 📦 Version: 2.0.0
2025-12-29 01:22:23,232 - src.feature_generation - INFO - ℹ️ 🔧 Features: Category-based organization, advanced utilities, optimization
2025-12-29 01:22:23,232 - src.feature_generation - INFO - ℹ️ 🍎 Optimized for: Apple Silicon M1/M2/M3 Macs
2025-12-29 01:22:23,232 - src.feature_generation - INFO - ℹ️ 🚀 Advanced utilities available (optimization, analysis, etc.)
2025-12-29 01:22:23,232 - src.feature_generation - INFO - ℹ️ ⚡ VectorBT optimizations available (advanced volatility, volume, batch processing)
2025-12-29 01:22:23,232 - MLCommon.HPOUtils - INFO - ℹ️ ✅ VectorBT optimization available
2025-12-29 01:22:23,232 - MLCommon.HPOUtils - INFO - ℹ️ 🚀 Initializing Enhanced HyperparameterOptimization...
2025-12-29 01:22:23,232 - MLCommon.HPOUtils.HPOUtils - INFO - ℹ️ ✅ VectorBT Rolling Optimizer initialized
2025-12-29 01:22:23,232 - MLCommon.HPOUtils.HPOUtils - INFO - ℹ️ ✅ Unified Vectorization Manager initialized
2025-12-29 01:22:23,232 - MLCommon.HPOUtils - INFO - ℹ️ ⚙️ Configuration - Parallel processing: True
2025-12-29 01:22:23,232 - MLCommon.HPOUtils - INFO - ℹ️ ⚙️ Configuration - Max workers: 4
2025-12-29 01:22:23,233 - MLCommon.HPOUtils - INFO - ℹ️ ⚙️ Configuration - Monitoring enabled: True
2025-12-29 01:22:23,233 - MLCommon.HPOUtils - INFO - ℹ️ 🚀 Configuration - Non-linear optimization: True
2025-12-29 01:22:23,233 - MLCommon.HPOUtils - INFO - ℹ️ ✅ Enhanced HyperparameterOptimization initialized successfully
2025-12-29 01:22:23,248 - DataCleaner - INFO - ℹ️ Using klines-specific gap thresholds: {<GapType.SMALL: 'small'>: 65, <GapType.MEDIUM: 'medium'>: 300, <GapType.LARGE: 'large'>: 1800, <GapType.CRITICAL: 'critical'>: 3600}
2025-12-29 01:22:23,248 - System.UnifiedDataUtils - INFO - ℹ️ 🚀 Unified Data Utils initialized
2025-12-29 01:22:23,253 - src.utils.ml_common.validation.data_leakage_prevention - INFO - ℹ️ 🔒 Data Leakage Prevention initialized with CRITICAL financial thresholds:
2025-12-29 01:22:23,254 - src.utils.ml_common.validation.data_leakage_prevention - INFO - ℹ️    • Critical leakage threshold: 5.0% (was 25%)
2025-12-29 01:22:23,254 - src.utils.ml_common.validation.data_leakage_prevention - INFO - ℹ️    • Warning leakage threshold: 2.0% (was 10%)
2025-12-29 01:22:23,254 - src.utils.ml_common.validation.data_leakage_prevention - INFO - ℹ️    • Small dataset multiplier: 1.0 (was 1.5)
2025-12-29 01:22:23,254 - src.utils.ml_common.validation.data_leakage_prevention - INFO - ℹ️    • These strict thresholds are ESSENTIAL for financial data integrity
2025-12-29 01:22:23,254 - src.utils.ml_common.validation.data_leakage_prevention - INFO - ℹ️    • Even 1-2% leakage can invalidate backtesting results
2025-12-29 01:22:23,254 - src.utils.ml_common.validation.data_leakage_prevention - INFO - ℹ️    • High model scores (>96%) often indicate undetected temporal leakage
2025-12-29 01:22:23,255 - src.utils.ml_common.validation.overfitting_monitoring - INFO - ℹ️ ✅ Overfitting Monitoring initialized
2025-12-29 01:22:23,258 - src.utils.ml_common.validation.hpo_overfitting_prevention - INFO - ℹ️ ✅ HPO with Overfitting Prevention initialized
2025-12-29 01:22:23,260 - src.utils.ml_common.validation.model_complexity_analysis - INFO - ℹ️ ✅ Model Complexity Analyzer initialized
2025-12-29 01:22:23,264 - EnhancedReportingSystem.EnhancedReportingSystem - INFO - ℹ️ 📊 Enhanced Reporting System initialized
2025-12-29 01:22:23,264 - src.utils.ml_common.reporting.validation_reporting_integration - INFO - ℹ️ ✅ Validation Reporting Integrator initialized
2025-12-29 01:22:23,265 - src.utils.ml_common.validation.data_leakage_prevention - INFO - ℹ️ 🔒 Data Leakage Prevention initialized with CRITICAL financial thresholds:
2025-12-29 01:22:23,265 - src.utils.ml_common.validation.data_leakage_prevention - INFO - ℹ️    • Critical leakage threshold: 5.0% (was 25%)
2025-12-29 01:22:23,265 - src.utils.ml_common.validation.data_leakage_prevention - INFO - ℹ️    • Warning leakage threshold: 2.0% (was 10%)
2025-12-29 01:22:23,265 - src.utils.ml_common.validation.data_leakage_prevention - INFO - ℹ️    • Small dataset multiplier: 1.0 (was 1.5)
2025-12-29 01:22:23,265 - src.utils.ml_common.validation.data_leakage_prevention - INFO - ℹ️    • These strict thresholds are ESSENTIAL for financial data integrity
2025-12-29 01:22:23,265 - src.utils.ml_common.validation.data_leakage_prevention - INFO - ℹ️    • Even 1-2% leakage can invalidate backtesting results
2025-12-29 01:22:23,265 - src.utils.ml_common.validation.data_leakage_prevention - INFO - ℹ️    • High model scores (>96%) often indicate undetected temporal leakage
2025-12-29 01:22:23,265 - src.utils.ml_common.validation.overfitting_monitoring - INFO - ℹ️ ✅ Overfitting Monitoring initialized
2025-12-29 01:22:23,265 - src.utils.ml_common.validation.enhanced_validation - INFO - ℹ️ ✅ Enhanced Validation initialized
2025-12-29 01:22:23,265 - src.utils.ml_common.validation.hpo_overfitting_prevention - INFO - ℹ️ ✅ HPO with Overfitting Prevention initialized
2025-12-29 01:22:23,265 - src.utils.ml_common.validation.model_complexity_analysis - INFO - ℹ️ ✅ Model Complexity Analyzer initialized
2025-12-29 01:22:23,265 - src.utils.ml_common.training.universal_validation_integration - INFO - ℹ️ ✅ Universal Validation Integrator initialized with new utilities
[2025-12-29 01:22:23.526] ✅ Custom logger available for MLCommon.ModelTraining
2025-12-29 01:22:23,526 - System.tprint - INFO - ℹ️ ✅ Custom logger available for MLCommon.ModelTraining
[2025-12-29 01:22:23.531] ✅ ML Common utilities loaded successfully
2025-12-29 01:22:23,531 - System.tprint - INFO - ℹ️ ✅ ML Common utilities loaded successfully
2025-12-29 01:22:23,533 - System.CrossStepValidator - INFO - ℹ️ 🔍 CrossStepValidator initialized with comprehensive consistency rules
2025-12-29 01:22:23,561 - System.sr_clustering - INFO - ℹ️ Initializing SR Clustering module
2025-12-29 01:22:23,564 - System.sr_clustering - INFO - ℹ️ ✅ Successfully imported SRBacktestingEngine components
2025-12-29 01:22:23,565 - System.sr_clustering - INFO - ℹ️ ✅ Successfully imported BacktestingEnhancedClustering components
2025-12-29 01:22:23,566 - System.sr_clustering - INFO - ℹ️ ✅ Successfully imported WeightOptimizationEngine components
2025-12-29 01:22:23,567 - System.sr_clustering - INFO - ℹ️ ✅ Successfully imported PredictiveSREngine components
2025-12-29 01:22:23,568 - System.sr_clustering - INFO - ℹ️ ✅ Successfully imported TradingMLIntegration components
2025-12-29 01:22:23,568 - System.sr_clustering - INFO - ℹ️ 🎉 SR Clustering module initialization completed successfully
2025-12-29 01:22:23,591 - ares.registry - INFO - ℹ️ Registered step: feature_generation_gate_feature_step
[2025-12-29 01:22:23.591] ✅ Feature generation gate feature step registered SUCCESS
2025-12-29 01:22:23,591 - System.tprint - INFO - ℹ️ ✅ Feature generation gate feature step registered SUCCESS
2025-12-29 01:22:23,597 - ares.registry - INFO - ℹ️ Registered step: feature_generation_data_validation_step
[2025-12-29 01:22:23.597] ✅ Feature generation data validation step registered SUCCESS
2025-12-29 01:22:23,597 - System.tprint - INFO - ℹ️ ✅ Feature generation data validation step registered SUCCESS
[2025-12-29 01:22:23.597] 🔧 Loading labeling components...
2025-12-29 01:22:23,597 - System.tprint - INFO - ℹ️ 🔧 Loading labeling components...
2025-12-29 01:22:23,684 - ares.registry - INFO - ℹ️ Registered step: meta_labeling_hpo_sample_weighted
2025-12-29 01:22:23,685 - ares.registry - INFO - ℹ️ Registered step: meta_labeling_hpo_experiment
2025-12-29 01:22:23,685 - ares.registry - INFO - ℹ️ Registered step: sr_labeling_xgb
2025-12-29 01:22:23,685 - ares.registry - INFO - ℹ️ Registered step: sr_labeling_xgb_weighted
2025-12-29 01:22:23,707 - ares.registry - INFO - ℹ️ Registered step: meta_gated_backtest
[2025-12-29 01:22:23.707] ✅ Meta-gated backtest step registered SUCCESS
2025-12-29 01:22:23,707 - System.tprint - INFO - ℹ️ ✅ Meta-gated backtest step registered SUCCESS
[2025-12-29 01:22:23.794] ✅ CMI complementarity components loaded successfully
2025-12-29 01:22:23,794 - System.tprint - INFO - ℹ️ ✅ CMI complementarity components loaded successfully
2025-12-29 01:22:23,794 - ares.registry - INFO - ℹ️ Registered step: feature_generation_final_feature_selection_step
[2025-12-29 01:22:23.794] ✅ Feature generation final feature selection step registered SUCCESS
2025-12-29 01:22:23,795 - ares.registry - INFO - ℹ️ Registered step: feature_generation_final_validation_step
[2025-12-29 01:22:23.794] ✅ Feature generation final validation step registered SUCCESS
2025-12-29 01:22:23,797 - ares.registry - INFO - ℹ️ Registered step: feature_generation_labeling_integration_step
[2025-12-29 01:22:23.797] ✅ Feature generation labeling integration step registered SUCCESS
[2025-12-29 01:22:23.799] ⚠️ FeatureSelector not available: No module named 'fastcluster'
2025-12-29 01:22:23,799 - ares.registry - INFO - ℹ️ Registered step: feature_generation_feature_generation_step
[2025-12-29 01:22:23.799] ✅ Feature generation step registered SUCCESS
2025-12-29 01:22:23,800 - ares.registry - INFO - ℹ️ Registered step: feature_generation_period_lookback_optimization_step
[2025-12-29 01:22:23.801] ✅ Feature generation period lookback optimization step registered SUCCESS
2025-12-29 01:22:23,801 - ares.registry - INFO - ℹ️ Registered step: feature_generation_feature_selection_step
[2025-12-29 01:22:23.801] ✅ Feature generation feature selection step registered SUCCESS
[2025-12-29 01:22:23.803] INFO: ✅ CMI complementarity components loaded successfully
[2025-12-29 01:22:23.808] INFO: ✅ FeatureSelectionPipeline loaded for 4-stage feature evaluation
[2025-12-29 01:22:23.808] WARNING: ⚠️ FeatureSelector not available: No module named 'fastcluster'
2025-12-29 01:22:23,809 - ares.registry - INFO - ℹ️ Registered step: feature_generation_interaction_generation_step
[2025-12-29 01:22:23.808] ✅ Unified feature generation interaction generation step registered SUCCESS
2025-12-29 01:22:23,809 - ares.registry - INFO - ℹ️ Registered step: feature_generation_data_validation_step
2025-12-29 01:22:23,810 - ares.registry - INFO - ℹ️ Registered step: feature_generation_labeling_integration_step
2025-12-29 01:22:23,810 - ares.registry - INFO - ℹ️ Registered step: feature_generation_feature_generation_step
2025-12-29 01:22:23,810 - ares.registry - INFO - ℹ️ Registered step: feature_generation_period_lookback_optimization_step
2025-12-29 01:22:23,810 - ares.registry - INFO - ℹ️ Registered step: feature_generation_feature_selection_step
2025-12-29 01:22:23,810 - ares.registry - INFO - ℹ️ Registered step: feature_generation_interaction_generation_step
2025-12-29 01:22:23,810 - ares.registry - INFO - ℹ️ Registered step: regime_aware_feature_interaction_generation_step
2025-12-29 01:22:23,810 - ares.registry - INFO - ℹ️ Registered step: feature_generation_gate_feature_step
2025-12-29 01:22:23,810 - ares.registry - INFO - ℹ️ Registered step: feature_generation_final_feature_selection_step
2025-12-29 01:22:23,810 - ares.registry - INFO - ℹ️ Registered step: feature_generation_final_validation_step
Pre-training components registry available
2025-12-29 01:22:23,990 - src.config.analyst_ensemble_training.config_manager.AnalystEnsembleTrainingConfigManager - INFO - ℹ️ AnalystEnsembleTrainingConfigManager initialisé
2025-12-29 01:22:23,991 - src.config.analyst_ensemble_training.config_manager.AnalystEnsembleTrainingConfigManager - INFO - ℹ️ Répertoire config: /Users/remyroche/Documents/Ares/src/config/analyst_ensemble_training
2025-12-29 01:22:23,991 - src.config.analyst_ensemble_training.config_manager.AnalystEnsembleTrainingConfigManager - INFO - ℹ️ Config personnalisée: None
2025-12-29 01:22:23,991 - src.config.analyst_ensemble_training.config_manager.AnalystEnsembleTrainingConfigManager - INFO - ℹ️ Fallback hardcodé: True
DEBUG: UnifiedTrainingPipeline imported from: /Users/remyroche/Documents/Ares/src/training/steps/models_training/unified_training_pipeline.py
2025-12-29 01:22:24,012 - ares.registry - INFO - ℹ️ Registered step: unified_models_training
[2025-12-29 01:22:24.012] ✅ Unified models training step registered SUCCESS
2025-12-29 01:22:24,012 - ares.registry - INFO - ℹ️ Registered step: analyst_base_training
[2025-12-29 01:22:24.012] ✅ Analyst base training step registered SUCCESS
2025-12-29 01:22:24,013 - ares.registry - INFO - ℹ️ Registered step: analyst_ensemble_training
[2025-12-29 01:22:24.013] ✅ Analyst ensemble training step registered SUCCESS
[2025-12-29 01:22:24.018] ✅ [TACTICIAN_BASE] Configuration centralisée importée SUCCESS
2025-12-29 01:22:24,018 - ares.registry - INFO - ℹ️ Registered step: tactician_base_training
[2025-12-29 01:22:24.018] ✅ Tactician base training step registered SUCCESS
2025-12-29 01:22:24,018 - ares.registry - INFO - ℹ️ Registered step: tactician_ensemble_training
[2025-12-29 01:22:24.018] ✅ Tactician ensemble training step registered SUCCESS
2025-12-29 01:22:24,019 - ares.registry - INFO - ℹ️ Registered step: gate_training_step
[2025-12-29 01:22:24.019] ✅ Gate training step registered SUCCESS
2025-12-29 01:22:24,019 - ares.registry - INFO - ℹ️ Registered step: unified_models_training
2025-12-29 01:22:24,019 - ares.registry - INFO - ℹ️ Registered step: analyst_base_training
2025-12-29 01:22:24,019 - ares.registry - INFO - ℹ️ Registered step: analyst_ensemble_training
2025-12-29 01:22:24,019 - ares.registry - INFO - ℹ️ Registered step: tactician_base_training
2025-12-29 01:22:24,019 - ares.registry - INFO - ℹ️ Registered step: tactician_ensemble_training
2025-12-29 01:22:24,019 - ares.registry - INFO - ℹ️ Registered step: gate_training_step
2025-12-29 01:22:24,020 - ares.registry - INFO - ℹ️ Registered step: analyst_base_backtest
[2025-12-29 01:22:24.020] ✅ Analyst base backtest step registered SUCCESS
2025-12-29 01:22:24,021 - ares.registry - INFO - ℹ️ Registered step: basic_backtesting_pre
[2025-12-29 01:22:24.020] ✅ Basic backtesting pre step registered SUCCESS
2025-12-29 01:22:24,021 - ares.registry - INFO - ℹ️ Registered step: basic_backtesting_post
[2025-12-29 01:22:24.021] ✅ Basic backtesting post step registered SUCCESS
2025-12-29 01:22:24,030 - ares.registry - INFO - ℹ️ Registered step: monte_carlo_simulation
[2025-12-29 01:22:24.030] ✅ Monte Carlo simulation step registered SUCCESS
2025-12-29 01:22:24,031 - ares.registry - INFO - ℹ️ Registered step: ab_testing
[2025-12-29 01:22:24.030] ✅ AB testing step registered SUCCESS
2025-12-29 01:22:24,031 - ares.registry - INFO - ℹ️ Registered step: reporting
[2025-12-29 01:22:24.030] ✅ Reporting step registered SUCCESS
[2025-12-29 01:22:24.034] ⚠️  M1 hardware optimization not available warning
[2025-12-29 01:22:24.034] ✅ VectorBT optimization utilities available success
2025-12-29 01:22:24,036 - ares.registry - INFO - ℹ️ Registered step: analyst_base_backtest
[2025-12-29 01:22:24.036] ✅ Analyst base backtest step registered SUCCESS
2025-12-29 01:22:24,036 - ares.registry - INFO - ℹ️ Registered step: basic_backtesting_pre
2025-12-29 01:22:24,036 - ares.registry - INFO - ℹ️ Registered step: basic_backtesting_post
2025-12-29 01:22:24,036 - ares.registry - INFO - ℹ️ Registered step: monte_carlo_simulation
2025-12-29 01:22:24,036 - ares.registry - INFO - ℹ️ Registered step: ab_testing
2025-12-29 01:22:24,036 - ares.registry - INFO - ℹ️ Registered step: reporting
2025-12-29 01:22:24,036 - ares.registry - INFO - ℹ️ Registered step: final_parameters_optimization
2025-12-29 01:22:24,036 - ares.registry - INFO - ℹ️ Registered step: real_parameters_optimization
2025-12-29 01:22:24,036 - ares.registry - INFO - ℹ️ Registered step: analyst_base_backtest
2025-12-29 01:22:24,036 - ares.registry - INFO - ℹ️ Registered step: meta_gated_backtest
2025-12-29 01:22:24,039 - sr_error_handlers - INFO - ℹ️ SR Error Handlers module initialized
2025-12-29 01:22:29,420 - DataQualityFramework - INFO - ℹ️ ✅ Comprehensive duplicate analyzer integrated
2025-12-29 01:22:29,420 - DataQualityFramework - INFO - ℹ️ 🔧 Unified Data Quality Framework initialized (singleton)
[2025-12-29 01:22:29.420] PERFORMANCE: DataQualityFramework initialization took 0.000s
2025-12-29 01:22:29,421 - DataCleaner - INFO - ℹ️ Using klines-specific gap thresholds: {<GapType.SMALL: 'small'>: 65, <GapType.MEDIUM: 'medium'>: 300, <GapType.LARGE: 'large'>: 1800, <GapType.CRITICAL: 'critical'>: 3600}
[2025-12-29 01:22:29.421] PERFORMANCE: DataCleaner(klines) initialization took 0.000s
2025-12-29 01:22:29,421 - DataCleaner - INFO - ℹ️ Using klines-specific gap thresholds: {<GapType.SMALL: 'small'>: 65, <GapType.MEDIUM: 'medium'>: 300, <GapType.LARGE: 'large'>: 1800, <GapType.CRITICAL: 'critical'>: 3600}
[2025-12-29 01:22:29.421] PERFORMANCE: DataCleaner(klines) initialization took 0.000s
2025-12-29 01:22:29,421 - DataCleanerManager - INFO - ℹ️ 🔧 DataCleanerManager initialized (singleton)
2025-12-29 01:22:29,423 - System.AdvancedQualityMetrics - INFO - ℹ️ 📊 AdvancedQualityMetrics initialized with tolerant parameters
[2025-12-29 01:22:29.423] PERFORMANCE: AdvancedQualityMetrics initialization took 0.000s
2025-12-29 01:22:29,425 - System.DataStreamingManager - INFO - ℹ️ 🚀 DataStreamingManager initialized (singleton): chunk_size=10000, memory_threshold=0.8
[2025-12-29 01:22:29.425] PERFORMANCE: DataStreamingManager initialization took 0.000s
2025-12-29 01:22:29,426 - System.CrossStepValidator - INFO - ℹ️ 🔍 CrossStepValidator initialized with comprehensive consistency rules
2025-12-29 01:22:29,426 - DataCleaner - INFO - ℹ️ Using klines-specific gap thresholds: {<GapType.SMALL: 'small'>: 65, <GapType.MEDIUM: 'medium'>: 300, <GapType.LARGE: 'large'>: 1800, <GapType.CRITICAL: 'critical'>: 3600}
[2025-12-29 01:22:29.426] PERFORMANCE: DataCleaner(klines) initialization took 0.000s
2025-12-29 01:22:29,426 - System.UnifiedDataUtils - INFO - ℹ️ 🚀 Unified Data Utils initialized
2025-12-29 01:22:29,452 - utils.hardware.m1_gpu_utils.M1GPUManager - INFO - ℹ️ M1 GPU Manager initialized - M1: True, Generation: m1, MPS: True
2025-12-29 01:22:29,473 - utils.hardware.m1_cpu_optimizer.M1CPUOptimizer - INFO - ℹ️ 🧠 M1 CPU Optimizer initialized for M1 (4P+4E cores)
2025-12-29 01:22:29,488 - utils.matrix_operations.enhanced_operations.CustomMatrixOperationsRegistry - INFO - ℹ️ 📝 Registered custom matrix operation: gpu_condition_number
2025-12-29 01:22:29,488 - utils.matrix_operations.enhanced_operations.CustomMatrixOperationsRegistry - INFO - ℹ️ 📝 Registered custom matrix operation: gpu_matrix_rank
2025-12-29 01:22:29,488 - utils.matrix_operations.enhanced_operations.CustomMatrixOperationsRegistry - INFO - ℹ️ 📝 Registered custom matrix operation: matrix_normalize
2025-12-29 01:22:29,488 - utils.matrix_operations.enhanced_operations.CustomMatrixOperationsRegistry - INFO - ℹ️ 📝 Registered custom matrix operation: extract_matrix_features
2025-12-29 01:22:29,490 - utils.matrix_operations - INFO - ℹ️ ✅ Unified Matrix Operations module initialized
2025-12-29 01:22:29,490 - utils.matrix_operations - INFO - ℹ️ 📦 Version: 1.0.0
2025-12-29 01:22:29,490 - utils.matrix_operations - INFO - ℹ️ 🔧 Features: VectorBT optimizations, GPU acceleration, memory optimization, vectorized processing, batch operations
2025-12-29 01:22:29,490 - utils.matrix_operations - INFO - ℹ️ 🍎 Optimized for: Apple Silicon M1/M2/M3 Macs
2025-12-29 01:22:29,490 - utils.matrix_operations - INFO - ℹ️ 🚀 VectorBT optimizations enabled - expect 2-10x performance improvements
2025-12-29 01:22:29,490 - utils.matrix_operations - INFO - ℹ️ 🎯 VectorBTRollingOptimizer available - enhanced rolling operations
2025-12-29 01:22:29,491 - utils.matrix_operations - INFO - ℹ️ ⚡ UnifiedVectorizationManager available - unified vectorization operations
2025-12-29 01:22:29,506 - src.config.regime_ensemble_training.config_manager.RegimeEnsembleTrainingConfigManager - INFO - ℹ️ RegimeEnsembleTrainingConfigManager initialisé
2025-12-29 01:22:29,507 - src.config.regime_ensemble_training.config_manager.RegimeEnsembleTrainingConfigManager - INFO - ℹ️ Répertoire config: /Users/remyroche/Documents/Ares/src/config/regime_ensemble_training
2025-12-29 01:22:29,507 - src.config.regime_ensemble_training.config_manager.RegimeEnsembleTrainingConfigManager - INFO - ℹ️ Config personnalisée: None
2025-12-29 01:22:29,507 - src.config.regime_ensemble_training.config_manager.RegimeEnsembleTrainingConfigManager - INFO - ℹ️ Fallback hardcodé: True
[2025-12-29 01:22:29.507] SUCCESS: ✅ [REGIME_ENSEMBLE] ML libraries imported successfully
[2025-12-29 01:22:29.507] SUCCESS: ✅ [REGIME_ENSEMBLE] Feature generation system imported successfully
2025-12-29 01:22:29,507 - ares.registry - INFO - ℹ️ Registered step: regime_ensemble_training
[2025-12-29 01:22:29.507] ✅ Regime ensemble training step registered SUCCESS
2025-12-29 01:22:29,509 - ares.registry - INFO - ℹ️ Registered step: regime_feature_selection
✅ Mac M1 MPS GPU detected and enabled
2025-12-29 01:22:29,592 - src.training.steps.market_analysis.shared_utils.execution_mode_lookback_config - INFO - ℹ️ 🔧 Initializing Execution Mode Lookback Configuration
2025-12-29 01:22:29,592 - src.training.steps.market_analysis.shared_utils.execution_mode_lookback_config - INFO - ℹ️ ✅ Execution Mode Lookback Configuration initialized
2025-12-29 01:22:29,596 - ares.registry - INFO - ℹ️ Registered step: rolling_hmm_regime_discovery
2025-12-29 01:22:29,641 - ares.registry - INFO - ℹ️ Registered step: sr_parameter_optimization
2025-12-29 01:22:29,641 - ares.registry - INFO - ℹ️ Registered step: regime_clustering
2025-12-29 01:22:29,641 - ares.registry - INFO - ℹ️ Registered step: regime_ensemble_training
2025-12-29 01:22:29,641 - ares.registry - INFO - ℹ️ Registered step: sr_clustering
2025-12-29 01:22:29,642 - ares.registry - INFO - ℹ️ Registered step: sr_detection
2025-12-29 01:22:29,642 - ares.registry - INFO - ℹ️ Registered step: regime_feature_selection
2025-12-29 01:22:29,642 - ares.registry - INFO - ℹ️ Registered step: sticky_finite_hmm_regime_discovery
2025-12-29 01:22:29,642 - ares.registry - INFO - ℹ️ Registered step: xgb_meso_regime
2025-12-29 01:22:29,642 - ares.registry - INFO - ℹ️ Registered step: xgb_mr_trend_step
2025-12-29 01:22:29,642 - ares.registry - INFO - ℹ️ Registered step: hmm_ml_alpha_step
2025-12-29 01:22:29,642 - ares.registry - INFO - ℹ️ Registered step: xgb_macro_regime
2025-12-29 01:22:29,642 - ares.registry - INFO - ℹ️ Registered step: ml_risk_regime_step
2025-12-29 01:22:29,642 - ares.registry - INFO - ℹ️ Registered step: ml_smc_regime_step
2025-12-29 01:22:29,642 - ares.registry - INFO - ℹ️ Registered step: ml_path_regime_step
2025-12-29 01:22:29,642 - ares.registry - INFO - ℹ️ Registered step: ml_mean_reversion_step
2025-12-29 01:22:29,642 - ares.registry - INFO - ℹ️ Registered step: ml_breakout_bounce_regime_step
2025-12-29 01:22:29,642 - ares.registry - INFO - ℹ️ Registered step: ml_map_regime_step
2025-12-29 01:22:29,642 - ares.registry - INFO - ℹ️ Registered step: ml_liquidity_regime_step
2025-12-29 01:22:29,642 - ares.registry - INFO - ℹ️ Registered step: ml_volume_force_step
2025-12-29 01:22:29,642 - ares.registry - INFO - ℹ️ Registered step: feature_generation_meta_labeling_step
2025-12-29 01:22:29,642 - ares.registry - INFO - ℹ️ Registered step: sr_labeling_xgb
2025-12-29 01:22:29,642 - ares.registry - INFO - ℹ️ Registered step: meta_labeling_hpo_experiment
2025-12-29 01:22:29,643 - ares.launcher - INFO - ℹ️ Starting Simplified Ares Launcher...
2025-12-29 01:22:29,643 - ares.launcher - INFO - ℹ️ 🧹 Starting cleanup of duplicate files...
2025-12-29 01:22:29,644 - ares.launcher - INFO - ℹ️ Cleaning directory: logs (keeping 100 youngest files per group)
2025-12-29 01:22:29,653 - ares.launcher - INFO - ℹ️   Group 'unified.log': 102 files, keeping 100, deleting 2
2025-12-29 01:22:29,655 - ares.launcher - INFO - ℹ️ Cleaning directory: artifacts (keeping 3 youngest files per group)
2025-12-29 01:22:29,656 - ares.launcher - INFO - ℹ️ Cleaning directory: outcomes (keeping 3 youngest files per group)
2025-12-29 01:22:29,656 - ares.launcher - INFO - ℹ️   Group 'layer2_report__.md': 4 files, keeping 3, deleting 1
2025-12-29 01:22:29,657 - ares.launcher - INFO - ℹ️   Group 'layer2_summary__.csv': 4 files, keeping 3, deleting 1
2025-12-29 01:22:29,657 - ares.launcher - INFO - ℹ️   Group 'layer0_summary_ETHUSDT_15m.csv': 4 files, keeping 3, deleting 1
2025-12-29 01:22:29,657 - ares.launcher - INFO - ℹ️   Group 'layer3_scheme_comparison_ETHUSDT_15m.csv': 4 files, keeping 3, deleting 1
2025-12-29 01:22:29,657 - ares.launcher - INFO - ℹ️   Group 'layer0_report_ETHUSDT_15m.md': 4 files, keeping 3, deleting 1
2025-12-29 01:22:29,658 - ares.launcher - INFO - ℹ️   Group 'layer2_production_geometries__.csv': 4 files, keeping 3, deleting 1
2025-12-29 01:22:29,658 - ares.launcher - INFO - ℹ️   Group 'layer3_drop_reasons.csv': 4 files, keeping 3, deleting 1
2025-12-29 01:22:29,658 - ares.launcher - INFO - ℹ️   Group 'layer3_summary_ETHUSDT_15m.csv': 4 files, keeping 3, deleting 1
2025-12-29 01:22:29,658 - ares.launcher - INFO - ℹ️   Group 'layer2_geometry_metrics__.csv': 4 files, keeping 3, deleting 1
2025-12-29 01:22:29,658 - ares.launcher - INFO - ℹ️ ✅ Cleanup complete: 11 files deleted, 0 files skipped
2025-12-29 01:22:29,659 - ares.launcher - INFO - ℹ️ Detected positional command: meta_labeling_hpo_sample_weighted
[2025-12-29 01:22:29.659] 🔧 CONFIG: Centralized lookback_days=360 for mode=blank INFO
[2025-12-29 01:22:29.659] 🔒 LEAKAGE GUARD: Use non-zero embargo (gap) and OOF predictions for stacking; avoid joining future-derived columns. INFO
2025-12-29 01:22:29,659 - src.utils.ml_common.optimization.execution_mode_adapter - INFO - ℹ️ 🔧 Execution mode set to: BLANK
2025-12-29 01:22:29,659 - ares.launcher - INFO - ℹ️ 🔧 Execution mode set to: BLANK
2025-12-29 01:22:29,659 - ares.launcher - INFO - ℹ️ Running single step: meta_labeling_hpo_sample_weighted
2025-12-29 01:22:29,659 - ares.launcher - INFO - ℹ️ Starting execution of step: meta_labeling_hpo_sample_weighted
[2025-12-29 01:22:29.659] 🛠️ Initialized BaseStep for 'meta_labeling_hpo_sample_weighted'
[2025-12-29 01:22:29.659] 🚀 Starting execution of step 'meta_labeling_hpo_sample_weighted'
2025-12-29 01:22:29,659 - ares.step.meta_labeling_hpo_sample_weighted - INFO - ℹ️ Starting execution of meta_labeling_hpo_sample_weighted
2025-12-29 01:22:29,659 - ares.step.meta_labeling_hpo_sample_weighted - INFO - ℹ️ Execution mode resolved for meta_labeling_hpo_sample_weighted: requested_cli=blank → persona=analyst
[2025-12-29 01:22:29.659] 🎯 Execution mode for 'meta_labeling_hpo_sample_weighted': requested_cli=blank → persona=analyst
[2025-12-29 01:22:29.659] 🔧 Running 'meta_labeling_hpo_sample_weighted' in analyst mode
2025-12-29 01:22:29,660 - System.VersionManager - INFO - ℹ️ ✅ Loaded version config from config/version_config.json
2025-12-29 01:22:29,660 - System.ArtifactManager - INFO - ℹ️ 📁 Context set: step=meta_labeling_hpo_sample_weighted, symbol=None, exchange=None, timeframe=None, datetime=2025-12-29 01:22:29.659468, information=None, direction=long, model=Analyst
2025-12-29 01:22:29,660 - System.ArtifactManager - INFO - ℹ️ 📁 Context set: step=klines_downloading_processing, symbol=ETHUSDT, exchange=binance, timeframe=15m, datetime=2025-12-29 00:22:29.660667, information=None, direction=long, model=Analyst
[2025-12-29 01:22:29.660] 📂 Retrieving artifact 'klines_data' (type: data) | UNKNOWN/binance [15m] long/analyst
2025-12-29 01:22:29,660 - System.KlinesParquetManager - INFO - ℹ️ ✅ KlinesParquetManager initialized with base_dir: historical_data
[2025-12-29 01:22:29.660] PERFORMANCE: ┌──────────────────────────────────────────────────────────────────────────────┐
[2025-12-29 01:22:29.660] PERFORMANCE: │  📥 ARTIFACT ROUTER: LOAD OPERATION                                         │
[2025-12-29 01:22:29.660] PERFORMANCE: └──────────────────────────────────────────────────────────────────────────────┘
[2025-12-29 01:22:29.660] PERFORMANCE: 🏷️  [ROUTER] Artifact: 'klines_data'
[2025-12-29 01:22:29.660] PERFORMANCE: 🔖 [ROUTER] Type hint: data
[2025-12-29 01:22:29.660] PERFORMANCE: 📂 [ROUTER] Category: historical
[2025-12-29 01:22:29.660] PERFORMANCE: 🌍 [ROUTER] Context:
[2025-12-29 01:22:29.660] PERFORMANCE:    ├─ symbol: UNKNOWN
[2025-12-29 01:22:29.660] PERFORMANCE:    ├─ exchange: binance
[2025-12-29 01:22:29.660] PERFORMANCE:    ├─ timeframe: 15m
[2025-12-29 01:22:29.660] PERFORMANCE:    ├─ direction: long
[2025-12-29 01:22:29.660] PERFORMANCE:    ├─ model: analyst
[2025-12-29 01:22:29.660] PERFORMANCE:    ├─ step_name: meta_labeling_hpo_sample_weighted
[2025-12-29 01:22:29.660] PERFORMANCE: 🔍 [ROUTER] Searching for artifact...
[2025-12-29 01:22:29.660] PERFORMANCE:   ┌─ 📊 PARQUET LOAD
[2025-12-29 01:22:29.660] PERFORMANCE:   │  Symbol: UNKNOWN, Exchange: binance, Interval: 15m
[2025-12-29 01:22:29.660] PERFORMANCE:   │  Using KlinesParquetManager...
[2025-12-29 01:22:29.660] 🐛 DEBUG [load_klines]: last_n_days=None, start_time=None, end_time=None INFO
[2025-12-29 01:22:29.660] WARNING: ⚠️ No klines files found for UNKNOWN binance 15m
2025-12-29 01:22:29,662 - src.utils.kline_parquet - INFO - ℹ️ load_klines executed in 1.11ms
[2025-12-29 01:22:29.662] WARNING:   │  ⚠️  Loaded empty DataFrame
[2025-12-29 01:22:29.662] WARNING:   └─ Trying next storage method
[2025-12-29 01:22:29.662] PERFORMANCE:   ┌─ 🗄️  HDF5 VERSIONED LOAD
[2025-12-29 01:22:29.662] PERFORMANCE:   │  Getting versioned store...
[2025-12-29 01:22:29.662] 🐛 DEBUG: _get_versioned_store() with store_key: UNKNOWN_binance_15m_long_analyst INFO
[2025-12-29 01:22:29.662] 🐛 DEBUG: Creating new VersionedArtifactStore at versioned_artifacts/UNKNOWN_binance_15m_long_analyst INFO
[2025-12-29 01:22:29.662] 🐛 DEBUG: _load_metadata() checking versioned_artifacts/UNKNOWN_binance_15m_long_analyst/metadata.json INFO
[2025-12-29 01:22:29.662] 🐛 DEBUG: Metadata file exists, size: 15351 bytes INFO
[2025-12-29 01:22:29.663] 🐛 DEBUG: Successfully loaded metadata with 5 versions INFO
[2025-12-29 01:22:29.663] 🐛 DEBUG: get_statistics() called INFO
[2025-12-29 01:22:29.663] 🐛 DEBUG: Reloading metadata for statistics INFO
[2025-12-29 01:22:29.663] 🐛 DEBUG: _load_metadata() checking versioned_artifacts/UNKNOWN_binance_15m_long_analyst/metadata.json INFO
[2025-12-29 01:22:29.663] 🐛 DEBUG: Metadata file exists, size: 15351 bytes INFO
[2025-12-29 01:22:29.663] 🐛 DEBUG: Successfully loaded metadata with 5 versions INFO
[2025-12-29 01:22:29.663] 🐛 DEBUG: Statistics - num_versions: 5 INFO
[2025-12-29 01:22:29.663] 🐛 DEBUG: Statistics - current_version: final_validation_metrics_20251116_161159_946 INFO
[2025-12-29 01:22:29.663] 🐛 DEBUG: Statistics - h5_file_size_mb: 280.5141086578369 INFO
[2025-12-29 01:22:29.665] 🐛 DEBUG: New store statistics: {'store_path': 'versioned_artifacts/UNKNOWN_binance_15m_long_analyst', 'num_versions': 5, 'current_version': 'final_validation_metrics_20251116_161159_946', 'created_at': '2025-11-07T18:22:44.911801', 'h5_file_size_mb': 280.5141086578369, 'chunking': {'chunk_rows': 'auto', 'chunk_cols': 'auto'}, 'changelog': {'total_changes': 305, 'changes_by_type': {'add_data': 305}, 'top_versions': {'analyst_interaction_features_20251108_161950_019': 1, 'analyst_interaction_features_20251108_164300_578': 1, 'analyst_interaction_features_20251108_171945_952': 1, 'analyst_interaction_features_20251108_175314_530': 1, 'analyst_interaction_features_20251108_180922_905': 1, 'analyst_interaction_features_20251108_184752_938': 1, 'analyst_interaction_features_20251108_191026_801': 1, 'analyst_interaction_features_20251111_185727_726': 1, 'final_dataset_40_20251108_172617_791': 1, 'final_dataset_40_20251108_172829_013': 1}, 'time_range': {'earliest': '2025-11-07T18:27:00.789522', 'latest': '2025-11-24T21:16:51.681722'}}, 'row_versioning': {'total_rows_tracked': 0, 'total_versions': 0, 'average_versions_per_row': 0, 'most_versioned_rows': []}} INFO
[2025-12-29 01:22:29.665] 🐛 DEBUG: list_versions() called INFO
[2025-12-29 01:22:29.665] 🐛 DEBUG: Metadata file exists: True INFO
[2025-12-29 01:22:29.665] 🐛 DEBUG: HDF5 file exists: True INFO
[2025-12-29 01:22:29.665] 🐛 DEBUG: Reloading metadata to get latest versions INFO
[2025-12-29 01:22:29.665] 🐛 DEBUG: _load_metadata() checking versioned_artifacts/UNKNOWN_binance_15m_long_analyst/metadata.json INFO
[2025-12-29 01:22:29.665] 🐛 DEBUG: Metadata file exists, size: 15351 bytes INFO
[2025-12-29 01:22:29.665] 🐛 DEBUG: Successfully loaded metadata with 5 versions INFO
[2025-12-29 01:22:29.665] 🐛 DEBUG: Found 5 versions in metadata: ['final_dataset_60_20251116_161159_683', 'final_dataset_50_20251116_161159_720', 'final_dataset_40_20251116_161159_752', 'labeled_dataframe_20251116_161159_781', 'final_validation_metrics_20251116_161159_946'] INFO
[2025-12-29 01:22:29.667] 🐛 DEBUG: Found 5 versions in HDF5: ['final_dataset_40_20251116_161159_752', 'final_dataset_50_20251116_161159_720', 'final_dataset_60_20251116_161159_683', 'final_validation_metrics_20251116_161159_946', 'labeled_dataframe_20251116_161159_781'] INFO
[2025-12-29 01:22:29.667] PERFORMANCE:   │  Found 5 versions in store
[2025-12-29 01:22:29.667] WARNING:   │  No matching versions in primary store
[2025-12-29 01:22:29.667] PERFORMANCE:   │  Checking alternate stores...
[2025-12-29 01:22:29.667] 🐛 DEBUG: list_versions() called INFO
[2025-12-29 01:22:29.667] 🐛 DEBUG: Metadata file exists: True INFO
[2025-12-29 01:22:29.667] 🐛 DEBUG: HDF5 file exists: True INFO
[2025-12-29 01:22:29.667] 🐛 DEBUG: Reloading metadata to get latest versions INFO
[2025-12-29 01:22:29.667] 🐛 DEBUG: _load_metadata() checking versioned_artifacts/UNKNOWN_binance_15m_long_analyst/metadata.json INFO
[2025-12-29 01:22:29.667] 🐛 DEBUG: Metadata file exists, size: 15351 bytes INFO
[2025-12-29 01:22:29.667] 🐛 DEBUG: Successfully loaded metadata with 5 versions INFO
[2025-12-29 01:22:29.667] 🐛 DEBUG: Found 5 versions in metadata: ['final_dataset_60_20251116_161159_683', 'final_dataset_50_20251116_161159_720', 'final_dataset_40_20251116_161159_752', 'labeled_dataframe_20251116_161159_781', 'final_validation_metrics_20251116_161159_946'] INFO
[2025-12-29 01:22:29.667] 🐛 DEBUG: Found 5 versions in HDF5: ['final_dataset_40_20251116_161159_752', 'final_dataset_50_20251116_161159_720', 'final_dataset_60_20251116_161159_683', 'final_validation_metrics_20251116_161159_946', 'labeled_dataframe_20251116_161159_781'] INFO
[2025-12-29 01:22:29.667] WARNING:   │  ⚠️  Not found in any versioned store
[2025-12-29 01:22:29.667] WARNING:   └─ Trying next storage method
[2025-12-29 01:22:29.667] ERROR: ┌──────────────────────────────────────────────────────────────────────────────┐
[2025-12-29 01:22:29.667] ERROR: │  ❌ ARTIFACT ROUTER: LOAD FAILED - NOT FOUND                                │
[2025-12-29 01:22:29.667] ERROR: │  Artifact 'klines_data' not found in any storage                        │ 
[2025-12-29 01:22:29.667] ERROR: └──────────────────────────────────────────────────────────────────────────────┘
2025-12-29 01:22:29,668 - ares.step.meta_labeling_hpo_sample_weighted - WARNING - ⚠️ Artifact 'klines_data' not found via router, trying traditional manager
[2025-12-29 01:22:29.667] ⚠️ Trying fallback to traditional artifact manager | UNKNOWN/binance [15m] long/analyst
2025-12-29 01:22:29,668 - System.ArtifactManager - INFO - ℹ️ 📁 Context set: step=meta_labeling_hpo_sample_weighted, symbol=None, exchange=None, timeframe=15m, datetime=2025-12-29 01:22:29.659468, information=None, direction=long, model=Analyst
[2025-12-29 01:22:29.669] 🐛 DEBUG: _load_metadata() checking versioned_artifacts/UNKNOWN_binance_1h_long_analyst/metadata.json INFO
[2025-12-29 01:22:29.669] 🐛 DEBUG: Metadata file exists, size: 200 bytes INFO
[2025-12-29 01:22:29.669] 🐛 DEBUG: Successfully loaded metadata with 0 versions INFO
[2025-12-29 01:22:29.669] 🐛 DEBUG: list_versions() called INFO
[2025-12-29 01:22:29.669] 🐛 DEBUG: Metadata file exists: True INFO
[2025-12-29 01:22:29.669] 🐛 DEBUG: HDF5 file exists: True INFO
[2025-12-29 01:22:29.669] 🐛 DEBUG: Reloading metadata to get latest versions INFO
[2025-12-29 01:22:29.669] 🐛 DEBUG: _load_metadata() checking versioned_artifacts/UNKNOWN_binance_1h_long_analyst/metadata.json INFO
[2025-12-29 01:22:29.669] 🐛 DEBUG: Metadata file exists, size: 200 bytes INFO
[2025-12-29 01:22:29.669] 🐛 DEBUG: Successfully loaded metadata with 0 versions INFO
[2025-12-29 01:22:29.669] 🐛 DEBUG: Found 0 versions in metadata: [] INFO
[2025-12-29 01:22:29.669] 🐛 DEBUG: Found 0 versions in HDF5: [] INFO
[2025-12-29 01:22:29.670] 🐛 DEBUG: _load_metadata() checking versioned_artifacts/UNKNOWN_binance_15m_long_analyst/metadata.json INFO
[2025-12-29 01:22:29.670] 🐛 DEBUG: Metadata file exists, size: 15351 bytes INFO
[2025-12-29 01:22:29.670] 🐛 DEBUG: Successfully loaded metadata with 5 versions INFO
[2025-12-29 01:22:29.670] 🐛 DEBUG: list_versions() called INFO
[2025-12-29 01:22:29.670] 🐛 DEBUG: Metadata file exists: True INFO
[2025-12-29 01:22:29.670] 🐛 DEBUG: HDF5 file exists: True INFO
[2025-12-29 01:22:29.670] 🐛 DEBUG: Reloading metadata to get latest versions INFO
[2025-12-29 01:22:29.670] 🐛 DEBUG: _load_metadata() checking versioned_artifacts/UNKNOWN_binance_15m_long_analyst/metadata.json INFO
[2025-12-29 01:22:29.670] 🐛 DEBUG: Metadata file exists, size: 15351 bytes INFO
[2025-12-29 01:22:29.670] 🐛 DEBUG: Successfully loaded metadata with 5 versions INFO
[2025-12-29 01:22:29.670] 🐛 DEBUG: Found 5 versions in metadata: ['final_dataset_60_20251116_161159_683', 'final_dataset_50_20251116_161159_720', 'final_dataset_40_20251116_161159_752', 'labeled_dataframe_20251116_161159_781', 'final_validation_metrics_20251116_161159_946'] INFO
[2025-12-29 01:22:29.670] 🐛 DEBUG: Found 5 versions in HDF5: ['final_dataset_40_20251116_161159_752', 'final_dataset_50_20251116_161159_720', 'final_dataset_60_20251116_161159_683', 'final_validation_metrics_20251116_161159_946', 'labeled_dataframe_20251116_161159_781'] INFO
[2025-12-29 01:22:29.671] 🐛 DEBUG: _load_metadata() checking versioned_artifacts/ETHUSDT_binance_15m_long_sr_labeling_xgb/metadata.json INFO
[2025-12-29 01:22:29.671] 🐛 DEBUG: Metadata file exists, size: 139 bytes INFO
[2025-12-29 01:22:29.671] 🐛 DEBUG: Successfully loaded metadata with 0 versions INFO
[2025-12-29 01:22:29.671] 🐛 DEBUG: list_versions() called INFO
[2025-12-29 01:22:29.671] 🐛 DEBUG: Metadata file exists: True INFO
[2025-12-29 01:22:29.671] 🐛 DEBUG: HDF5 file exists: True INFO
[2025-12-29 01:22:29.671] 🐛 DEBUG: Reloading metadata to get latest versions INFO
[2025-12-29 01:22:29.671] 🐛 DEBUG: _load_metadata() checking versioned_artifacts/ETHUSDT_binance_15m_long_sr_labeling_xgb/metadata.json INFO
[2025-12-29 01:22:29.671] 🐛 DEBUG: Metadata file exists, size: 139 bytes INFO
[2025-12-29 01:22:29.671] 🐛 DEBUG: Successfully loaded metadata with 0 versions INFO
[2025-12-29 01:22:29.671] 🐛 DEBUG: Found 0 versions in metadata: [] INFO
[2025-12-29 01:22:29.671] 🐛 DEBUG: Found 0 versions in HDF5: [] INFO
[2025-12-29 01:22:29.672] 🐛 DEBUG: _load_metadata() checking versioned_artifacts/ETHUSDT_binance_1h_long_breakout_bounce/metadata.json INFO
[2025-12-29 01:22:29.672] 🐛 DEBUG: Metadata file exists, size: 11462 bytes INFO
[2025-12-29 01:22:29.672] 🐛 DEBUG: Successfully loaded metadata with 5 versions INFO
[2025-12-29 01:22:29.672] 🐛 DEBUG: list_versions() called INFO
[2025-12-29 01:22:29.672] 🐛 DEBUG: Metadata file exists: True INFO
[2025-12-29 01:22:29.672] 🐛 DEBUG: HDF5 file exists: True INFO
[2025-12-29 01:22:29.672] 🐛 DEBUG: Reloading metadata to get latest versions INFO
[2025-12-29 01:22:29.672] 🐛 DEBUG: _load_metadata() checking versioned_artifacts/ETHUSDT_binance_1h_long_breakout_bounce/metadata.json INFO
[2025-12-29 01:22:29.672] 🐛 DEBUG: Metadata file exists, size: 11462 bytes INFO
[2025-12-29 01:22:29.672] 🐛 DEBUG: Successfully loaded metadata with 5 versions INFO
[2025-12-29 01:22:29.672] 🐛 DEBUG: Found 5 versions in metadata: ['ml_breakout_bounce_training_data_1h_20251123_144326_526', 'ml_breakout_bounce_training_data_1h_20251123_153924_083', 'ml_breakout_bounce_training_data_1h_20251123_160312_391', 'ml_breakout_bounce_training_data_1h_20251123_160800_355', 'ml_breakout_bounce_training_data_1h_20251123_162859_853'] INFO
[2025-12-29 01:22:29.673] 🐛 DEBUG: Found 5 versions in HDF5: ['ml_breakout_bounce_training_data_1h_20251123_144326_526', 'ml_breakout_bounce_training_data_1h_20251123_153924_083', 'ml_breakout_bounce_training_data_1h_20251123_160312_391', 'ml_breakout_bounce_training_data_1h_20251123_160800_355', 'ml_breakout_bounce_training_data_1h_20251123_162859_853'] INFO
[2025-12-29 01:22:29.673] 🐛 DEBUG: _load_metadata() checking versioned_artifacts/ETHUSDT_binance_15m_long_liquidity_regime/metadata.json INFO
[2025-12-29 01:22:29.673] 🐛 DEBUG: Metadata file exists, size: 5930 bytes INFO
[2025-12-29 01:22:29.673] 🐛 DEBUG: Successfully loaded metadata with 2 versions INFO
[2025-12-29 01:22:29.673] 🐛 DEBUG: list_versions() called INFO
[2025-12-29 01:22:29.673] 🐛 DEBUG: Metadata file exists: True INFO
[2025-12-29 01:22:29.673] 🐛 DEBUG: HDF5 file exists: True INFO
[2025-12-29 01:22:29.673] 🐛 DEBUG: Reloading metadata to get latest versions INFO
[2025-12-29 01:22:29.673] 🐛 DEBUG: _load_metadata() checking versioned_artifacts/ETHUSDT_binance_15m_long_liquidity_regime/metadata.json INFO
[2025-12-29 01:22:29.673] 🐛 DEBUG: Metadata file exists, size: 5930 bytes INFO
[2025-12-29 01:22:29.673] 🐛 DEBUG: Successfully loaded metadata with 2 versions INFO
[2025-12-29 01:22:29.674] 🐛 DEBUG: Found 2 versions in metadata: ['ml_liquidity_regime_probs_15m_20251213_170827_692', 'ml_liquidity_training_data_15m_20251213_221548_209'] INFO
[2025-12-29 01:22:29.674] 🐛 DEBUG: Found 2 versions in HDF5: ['ml_liquidity_regime_probs_15m_20251213_170827_692', 'ml_liquidity_training_data_15m_20251213_221548_209'] INFO
[2025-12-29 01:22:29.675] 🐛 DEBUG: _load_metadata() checking versioned_artifacts/ETHUSDT_binance_15m_long_regime_risk/metadata.json INFO
[2025-12-29 01:22:29.675] 🐛 DEBUG: Metadata file exists, size: 200 bytes INFO
[2025-12-29 01:22:29.675] 🐛 DEBUG: Successfully loaded metadata with 0 versions INFO
[2025-12-29 01:22:29.675] 🐛 DEBUG: list_versions() called INFO
[2025-12-29 01:22:29.675] 🐛 DEBUG: Metadata file exists: True INFO
[2025-12-29 01:22:29.675] 🐛 DEBUG: HDF5 file exists: True INFO
[2025-12-29 01:22:29.675] 🐛 DEBUG: Reloading metadata to get latest versions INFO
[2025-12-29 01:22:29.675] 🐛 DEBUG: _load_metadata() checking versioned_artifacts/ETHUSDT_binance_15m_long_regime_risk/metadata.json INFO
[2025-12-29 01:22:29.675] 🐛 DEBUG: Metadata file exists, size: 200 bytes INFO
[2025-12-29 01:22:29.675] 🐛 DEBUG: Successfully loaded metadata with 0 versions INFO
[2025-12-29 01:22:29.675] 🐛 DEBUG: Found 0 versions in metadata: [] INFO
[2025-12-29 01:22:29.675] 🐛 DEBUG: Found 0 versions in HDF5: [] INFO
[2025-12-29 01:22:29.677] 🐛 DEBUG: _load_metadata() checking versioned_artifacts/ETHUSDT_binance_15m_long_volume_force/metadata.json INFO
[2025-12-29 01:22:29.677] 🐛 DEBUG: Metadata file exists, size: 5760 bytes INFO
[2025-12-29 01:22:29.677] 🐛 DEBUG: Successfully loaded metadata with 3 versions INFO
[2025-12-29 01:22:29.677] 🐛 DEBUG: list_versions() called INFO
[2025-12-29 01:22:29.677] 🐛 DEBUG: Metadata file exists: True INFO
[2025-12-29 01:22:29.677] 🐛 DEBUG: HDF5 file exists: True INFO
[2025-12-29 01:22:29.677] 🐛 DEBUG: Reloading metadata to get latest versions INFO
[2025-12-29 01:22:29.677] 🐛 DEBUG: _load_metadata() checking versioned_artifacts/ETHUSDT_binance_15m_long_volume_force/metadata.json INFO
[2025-12-29 01:22:29.677] 🐛 DEBUG: Metadata file exists, size: 5760 bytes INFO
[2025-12-29 01:22:29.677] 🐛 DEBUG: Successfully loaded metadata with 3 versions INFO
[2025-12-29 01:22:29.677] 🐛 DEBUG: Found 3 versions in metadata: ['ml_volume_force_features_20251213_163705_361', 'ml_volume_force_features_20251213_170535_123', 'ml_volume_force_predictions_20251213_170543_299'] INFO
[2025-12-29 01:22:29.678] 🐛 DEBUG: Found 3 versions in HDF5: ['ml_volume_force_features_20251213_163705_361', 'ml_volume_force_features_20251213_170535_123', 'ml_volume_force_predictions_20251213_170543_299'] INFO
[2025-12-29 01:22:29.678] 🐛 DEBUG: _load_metadata() checking versioned_artifacts/ETHUSDT_binance_15m_long_smc_regime/metadata.json INFO
[2025-12-29 01:22:29.678] 🐛 DEBUG: Metadata file exists, size: 3383 bytes INFO
[2025-12-29 01:22:29.678] 🐛 DEBUG: Successfully loaded metadata with 2 versions INFO
[2025-12-29 01:22:29.678] 🐛 DEBUG: list_versions() called INFO
[2025-12-29 01:22:29.678] 🐛 DEBUG: Metadata file exists: True INFO
[2025-12-29 01:22:29.678] 🐛 DEBUG: HDF5 file exists: True INFO
[2025-12-29 01:22:29.678] 🐛 DEBUG: Reloading metadata to get latest versions INFO
[2025-12-29 01:22:29.678] 🐛 DEBUG: _load_metadata() checking versioned_artifacts/ETHUSDT_binance_15m_long_smc_regime/metadata.json INFO
[2025-12-29 01:22:29.678] 🐛 DEBUG: Metadata file exists, size: 3383 bytes INFO
[2025-12-29 01:22:29.678] 🐛 DEBUG: Successfully loaded metadata with 2 versions INFO
[2025-12-29 01:22:29.678] 🐛 DEBUG: Found 2 versions in metadata: ['smc_predictions_with_confidence_20251213_170746_093', 'ml_smc_features_15m_20251213_170746_137'] INFO
[2025-12-29 01:22:29.679] 🐛 DEBUG: Found 2 versions in HDF5: ['ml_smc_features_15m_20251213_170746_137', 'smc_predictions_with_confidence_20251213_170746_093'] INFO
[2025-12-29 01:22:29.679] 🐛 DEBUG: _load_metadata() checking versioned_artifacts/ETHUSDT_binance_15m_long_breakout_bounce/metadata.json INFO
[2025-12-29 01:22:29.679] 🐛 DEBUG: Metadata file exists, size: 200 bytes INFO
[2025-12-29 01:22:29.679] 🐛 DEBUG: Successfully loaded metadata with 0 versions INFO
[2025-12-29 01:22:29.679] 🐛 DEBUG: list_versions() called INFO
[2025-12-29 01:22:29.679] 🐛 DEBUG: Metadata file exists: True INFO
[2025-12-29 01:22:29.679] 🐛 DEBUG: HDF5 file exists: True INFO
[2025-12-29 01:22:29.679] 🐛 DEBUG: Reloading metadata to get latest versions INFO
[2025-12-29 01:22:29.679] 🐛 DEBUG: _load_metadata() checking versioned_artifacts/ETHUSDT_binance_15m_long_breakout_bounce/metadata.json INFO
[2025-12-29 01:22:29.679] 🐛 DEBUG: Metadata file exists, size: 200 bytes INFO
[2025-12-29 01:22:29.679] 🐛 DEBUG: Successfully loaded metadata with 0 versions INFO
[2025-12-29 01:22:29.679] 🐛 DEBUG: Found 0 versions in metadata: [] INFO
[2025-12-29 01:22:29.680] 🐛 DEBUG: Found 0 versions in HDF5: [] INFO
[2025-12-29 01:22:29.680] 🐛 DEBUG: _load_metadata() checking versioned_artifacts/ETHUSDT_binance_1h_long_liquidity_regime/metadata.json INFO
[2025-12-29 01:22:29.680] 🐛 DEBUG: Metadata file exists, size: 200 bytes INFO
[2025-12-29 01:22:29.680] 🐛 DEBUG: Successfully loaded metadata with 0 versions INFO
[2025-12-29 01:22:29.680] 🐛 DEBUG: list_versions() called INFO
[2025-12-29 01:22:29.680] 🐛 DEBUG: Metadata file exists: True INFO
[2025-12-29 01:22:29.680] 🐛 DEBUG: HDF5 file exists: True INFO
[2025-12-29 01:22:29.680] 🐛 DEBUG: Reloading metadata to get latest versions INFO
[2025-12-29 01:22:29.680] 🐛 DEBUG: _load_metadata() checking versioned_artifacts/ETHUSDT_binance_1h_long_liquidity_regime/metadata.json INFO
[2025-12-29 01:22:29.680] 🐛 DEBUG: Metadata file exists, size: 200 bytes INFO
[2025-12-29 01:22:29.680] 🐛 DEBUG: Successfully loaded metadata with 0 versions INFO
[2025-12-29 01:22:29.680] 🐛 DEBUG: Found 0 versions in metadata: [] INFO
[2025-12-29 01:22:29.682] 🐛 DEBUG: Found 0 versions in HDF5: [] INFO
[2025-12-29 01:22:29.682] 🐛 DEBUG: _load_metadata() checking versioned_artifacts/ETHUSDT_binance_1h_long_regime_alpha/metadata.json INFO
[2025-12-29 01:22:29.682] 🐛 DEBUG: Metadata file exists, size: 6902 bytes INFO
[2025-12-29 01:22:29.682] 🐛 DEBUG: Successfully loaded metadata with 5 versions INFO
[2025-12-29 01:22:29.682] 🐛 DEBUG: list_versions() called INFO
[2025-12-29 01:22:29.682] 🐛 DEBUG: Metadata file exists: True INFO
[2025-12-29 01:22:29.682] 🐛 DEBUG: HDF5 file exists: True INFO
[2025-12-29 01:22:29.682] 🐛 DEBUG: Reloading metadata to get latest versions INFO
[2025-12-29 01:22:29.682] 🐛 DEBUG: _load_metadata() checking versioned_artifacts/ETHUSDT_binance_1h_long_regime_alpha/metadata.json INFO
[2025-12-29 01:22:29.682] 🐛 DEBUG: Metadata file exists, size: 6902 bytes INFO
[2025-12-29 01:22:29.682] 🐛 DEBUG: Successfully loaded metadata with 5 versions INFO
[2025-12-29 01:22:29.682] 🐛 DEBUG: Found 5 versions in metadata: ['hmm_alpha_regime_stats_1h_20251122_151841_186', 'hmm_alpha_training_data_1h_20251122_164502_922', 'hmm_alpha_regime_stats_1h_20251122_164502_963', 'hmm_alpha_training_data_1h_20251122_171931_773', 'hmm_alpha_regime_stats_1h_20251122_171931_857'] INFO
[2025-12-29 01:22:29.684] 🐛 DEBUG: Found 5 versions in HDF5: ['hmm_alpha_regime_stats_1h_20251122_151841_186', 'hmm_alpha_regime_stats_1h_20251122_164502_963', 'hmm_alpha_regime_stats_1h_20251122_171931_857', 'hmm_alpha_training_data_1h_20251122_164502_922', 'hmm_alpha_training_data_1h_20251122_171931_773'] INFO
[2025-12-29 01:22:29.684] 🐛 DEBUG: _load_metadata() checking versioned_artifacts/ETHUSDT_binance_1h_long_analyst/metadata.json INFO
[2025-12-29 01:22:29.684] 🐛 DEBUG: Metadata file exists, size: 139 bytes INFO
[2025-12-29 01:22:29.684] 🐛 DEBUG: Successfully loaded metadata with 0 versions INFO
[2025-12-29 01:22:29.684] 🐛 DEBUG: list_versions() called INFO
[2025-12-29 01:22:29.684] 🐛 DEBUG: Metadata file exists: True INFO
[2025-12-29 01:22:29.684] 🐛 DEBUG: HDF5 file exists: True INFO
[2025-12-29 01:22:29.684] 🐛 DEBUG: Reloading metadata to get latest versions INFO
[2025-12-29 01:22:29.684] 🐛 DEBUG: _load_metadata() checking versioned_artifacts/ETHUSDT_binance_1h_long_analyst/metadata.json INFO
[2025-12-29 01:22:29.684] 🐛 DEBUG: Metadata file exists, size: 139 bytes INFO
[2025-12-29 01:22:29.684] 🐛 DEBUG: Successfully loaded metadata with 0 versions INFO
[2025-12-29 01:22:29.684] 🐛 DEBUG: Found 0 versions in metadata: [] INFO
[2025-12-29 01:22:29.685] 🐛 DEBUG: Found 0 versions in HDF5: [] INFO
[2025-12-29 01:22:29.685] 🐛 DEBUG: _load_metadata() checking versioned_artifacts/ETHUSDT_binance_1h_long_regime_path/metadata.json INFO
[2025-12-29 01:22:29.685] 🐛 DEBUG: Metadata file exists, size: 200 bytes INFO
[2025-12-29 01:22:29.685] 🐛 DEBUG: Successfully loaded metadata with 0 versions INFO
[2025-12-29 01:22:29.685] 🐛 DEBUG: list_versions() called INFO
[2025-12-29 01:22:29.685] 🐛 DEBUG: Metadata file exists: True INFO
[2025-12-29 01:22:29.685] 🐛 DEBUG: HDF5 file exists: True INFO
[2025-12-29 01:22:29.685] 🐛 DEBUG: Reloading metadata to get latest versions INFO
[2025-12-29 01:22:29.685] 🐛 DEBUG: _load_metadata() checking versioned_artifacts/ETHUSDT_binance_1h_long_regime_path/metadata.json INFO
[2025-12-29 01:22:29.685] 🐛 DEBUG: Metadata file exists, size: 200 bytes INFO
[2025-12-29 01:22:29.685] 🐛 DEBUG: Successfully loaded metadata with 0 versions INFO
[2025-12-29 01:22:29.685] 🐛 DEBUG: Found 0 versions in metadata: [] INFO
[2025-12-29 01:22:29.686] 🐛 DEBUG: Found 0 versions in HDF5: [] INFO
[2025-12-29 01:22:29.686] 🐛 DEBUG: _load_metadata() checking versioned_artifacts/None_None_None_long_regime/metadata.json INFO
[2025-12-29 01:22:29.686] 🐛 DEBUG: Metadata file exists, size: 139 bytes INFO
[2025-12-29 01:22:29.686] 🐛 DEBUG: Successfully loaded metadata with 0 versions INFO
[2025-12-29 01:22:29.686] 🐛 DEBUG: list_versions() called INFO
[2025-12-29 01:22:29.686] 🐛 DEBUG: Metadata file exists: True INFO
[2025-12-29 01:22:29.686] 🐛 DEBUG: HDF5 file exists: True INFO
[2025-12-29 01:22:29.686] 🐛 DEBUG: Reloading metadata to get latest versions INFO
[2025-12-29 01:22:29.686] 🐛 DEBUG: _load_metadata() checking versioned_artifacts/None_None_None_long_regime/metadata.json INFO
[2025-12-29 01:22:29.686] 🐛 DEBUG: Metadata file exists, size: 139 bytes INFO
[2025-12-29 01:22:29.686] 🐛 DEBUG: Successfully loaded metadata with 0 versions INFO
[2025-12-29 01:22:29.686] 🐛 DEBUG: Found 0 versions in metadata: [] INFO
[2025-12-29 01:22:29.687] 🐛 DEBUG: Found 0 versions in HDF5: [] INFO
[2025-12-29 01:22:29.687] 🐛 DEBUG: _load_metadata() checking versioned_artifacts/ETHUSDT_binance_1h_long_mean_reversion/metadata.json INFO
[2025-12-29 01:22:29.687] 🐛 DEBUG: Metadata file exists, size: 3914 bytes INFO
[2025-12-29 01:22:29.687] 🐛 DEBUG: Successfully loaded metadata with 5 versions INFO
[2025-12-29 01:22:29.687] 🐛 DEBUG: list_versions() called INFO
[2025-12-29 01:22:29.687] 🐛 DEBUG: Metadata file exists: True INFO
[2025-12-29 01:22:29.687] 🐛 DEBUG: HDF5 file exists: True INFO
[2025-12-29 01:22:29.687] 🐛 DEBUG: Reloading metadata to get latest versions INFO
[2025-12-29 01:22:29.687] 🐛 DEBUG: _load_metadata() checking versioned_artifacts/ETHUSDT_binance_1h_long_mean_reversion/metadata.json INFO
[2025-12-29 01:22:29.687] 🐛 DEBUG: Metadata file exists, size: 3914 bytes INFO
[2025-12-29 01:22:29.687] 🐛 DEBUG: Successfully loaded metadata with 5 versions INFO
[2025-12-29 01:22:29.687] 🐛 DEBUG: Found 5 versions in metadata: ['ml_mean_reversion_training_data_1h_20251124_231116_323', 'ml_mean_reversion_training_data_1h_20251125_001022_753', 'ml_mean_reversion_training_data_1h_20251125_002337_863', 'ml_mean_reversion_training_data_1h_20251125_003116_776', 'ml_mean_reversion_training_data_1h_20251126_003120_916'] INFO
[2025-12-29 01:22:29.689] 🐛 DEBUG: Found 5 versions in HDF5: ['ml_mean_reversion_training_data_1h_20251124_231116_323', 'ml_mean_reversion_training_data_1h_20251125_001022_753', 'ml_mean_reversion_training_data_1h_20251125_002337_863', 'ml_mean_reversion_training_data_1h_20251125_003116_776', 'ml_mean_reversion_training_data_1h_20251126_003120_916'] INFO
[2025-12-29 01:22:29.689] 🐛 DEBUG: _load_metadata() checking versioned_artifacts/ETHUSDT_binance_15m_long_mean_reversion/metadata.json INFO
[2025-12-29 01:22:29.689] 🐛 DEBUG: Metadata file exists, size: 1472 bytes INFO
[2025-12-29 01:22:29.689] 🐛 DEBUG: Successfully loaded metadata with 1 versions INFO
[2025-12-29 01:22:29.689] 🐛 DEBUG: list_versions() called INFO
[2025-12-29 01:22:29.689] 🐛 DEBUG: Metadata file exists: True INFO
[2025-12-29 01:22:29.689] 🐛 DEBUG: HDF5 file exists: True INFO
[2025-12-29 01:22:29.689] 🐛 DEBUG: Reloading metadata to get latest versions INFO
[2025-12-29 01:22:29.689] 🐛 DEBUG: _load_metadata() checking versioned_artifacts/ETHUSDT_binance_15m_long_mean_reversion/metadata.json INFO
[2025-12-29 01:22:29.689] 🐛 DEBUG: Metadata file exists, size: 1472 bytes INFO
[2025-12-29 01:22:29.689] 🐛 DEBUG: Successfully loaded metadata with 1 versions INFO
[2025-12-29 01:22:29.689] 🐛 DEBUG: Found 1 versions in metadata: ['ml_mean_reversion_training_data_15m_20251213_170600_968'] INFO
[2025-12-29 01:22:29.690] 🐛 DEBUG: Found 1 versions in HDF5: ['ml_mean_reversion_training_data_15m_20251213_170600_968'] INFO
[2025-12-29 01:22:29.690] 🐛 DEBUG: _load_metadata() checking versioned_artifacts/ETHUSDT_binance_15m_long_full/metadata.json INFO
[2025-12-29 01:22:29.690] 🐛 DEBUG: Metadata file exists, size: 139 bytes INFO
[2025-12-29 01:22:29.690] 🐛 DEBUG: Successfully loaded metadata with 0 versions INFO
[2025-12-29 01:22:29.690] 🐛 DEBUG: list_versions() called INFO
[2025-12-29 01:22:29.690] 🐛 DEBUG: Metadata file exists: True INFO
[2025-12-29 01:22:29.690] 🐛 DEBUG: HDF5 file exists: True INFO
[2025-12-29 01:22:29.690] 🐛 DEBUG: Reloading metadata to get latest versions INFO
[2025-12-29 01:22:29.690] 🐛 DEBUG: _load_metadata() checking versioned_artifacts/ETHUSDT_binance_15m_long_full/metadata.json INFO
[2025-12-29 01:22:29.690] 🐛 DEBUG: Metadata file exists, size: 139 bytes INFO
[2025-12-29 01:22:29.690] 🐛 DEBUG: Successfully loaded metadata with 0 versions INFO
[2025-12-29 01:22:29.690] 🐛 DEBUG: Found 0 versions in metadata: [] INFO
[2025-12-29 01:22:29.691] 🐛 DEBUG: Found 0 versions in HDF5: [] INFO
[2025-12-29 01:22:29.691] 🐛 DEBUG: _load_metadata() checking versioned_artifacts/ETHUSDT_binance_15m_long_regime_meso_trend/metadata.json INFO
[2025-12-29 01:22:29.691] 🐛 DEBUG: Metadata file exists, size: 139 bytes INFO
[2025-12-29 01:22:29.691] 🐛 DEBUG: Successfully loaded metadata with 0 versions INFO
[2025-12-29 01:22:29.691] 🐛 DEBUG: list_versions() called INFO
[2025-12-29 01:22:29.691] 🐛 DEBUG: Metadata file exists: True INFO
[2025-12-29 01:22:29.691] 🐛 DEBUG: HDF5 file exists: True INFO
[2025-12-29 01:22:29.691] 🐛 DEBUG: Reloading metadata to get latest versions INFO
[2025-12-29 01:22:29.691] 🐛 DEBUG: _load_metadata() checking versioned_artifacts/ETHUSDT_binance_15m_long_regime_meso_trend/metadata.json INFO
[2025-12-29 01:22:29.691] 🐛 DEBUG: Metadata file exists, size: 139 bytes INFO
[2025-12-29 01:22:29.691] 🐛 DEBUG: Successfully loaded metadata with 0 versions INFO
[2025-12-29 01:22:29.691] 🐛 DEBUG: Found 0 versions in metadata: [] INFO
[2025-12-29 01:22:29.693] 🐛 DEBUG: Found 0 versions in HDF5: [] INFO
[2025-12-29 01:22:29.693] 🐛 DEBUG: _load_metadata() checking versioned_artifacts/ETHUSDT_binance_15m_long_regime/metadata.json INFO
[2025-12-29 01:22:29.693] 🐛 DEBUG: Metadata file exists, size: 200 bytes INFO
[2025-12-29 01:22:29.693] 🐛 DEBUG: Successfully loaded metadata with 0 versions INFO
[2025-12-29 01:22:29.693] 🐛 DEBUG: list_versions() called INFO
[2025-12-29 01:22:29.693] 🐛 DEBUG: Metadata file exists: True INFO
[2025-12-29 01:22:29.693] 🐛 DEBUG: HDF5 file exists: True INFO
[2025-12-29 01:22:29.693] 🐛 DEBUG: Reloading metadata to get latest versions INFO
[2025-12-29 01:22:29.693] 🐛 DEBUG: _load_metadata() checking versioned_artifacts/ETHUSDT_binance_15m_long_regime/metadata.json INFO
[2025-12-29 01:22:29.693] 🐛 DEBUG: Metadata file exists, size: 200 bytes INFO
[2025-12-29 01:22:29.693] 🐛 DEBUG: Successfully loaded metadata with 0 versions INFO
[2025-12-29 01:22:29.693] 🐛 DEBUG: Found 0 versions in metadata: [] INFO
[2025-12-29 01:22:29.694] 🐛 DEBUG: Found 0 versions in HDF5: [] INFO
[2025-12-29 01:22:29.694] 🐛 DEBUG: _load_metadata() checking versioned_artifacts/ETHUSDT_binance_1h_long_smc_regime/metadata.json INFO
[2025-12-29 01:22:29.694] 🐛 DEBUG: Metadata file exists, size: 3536 bytes INFO
[2025-12-29 01:22:29.694] 🐛 DEBUG: Successfully loaded metadata with 5 versions INFO
[2025-12-29 01:22:29.694] 🐛 DEBUG: list_versions() called INFO
[2025-12-29 01:22:29.694] 🐛 DEBUG: Metadata file exists: True INFO
[2025-12-29 01:22:29.694] 🐛 DEBUG: HDF5 file exists: True INFO
[2025-12-29 01:22:29.694] 🐛 DEBUG: Reloading metadata to get latest versions INFO
[2025-12-29 01:22:29.694] 🐛 DEBUG: _load_metadata() checking versioned_artifacts/ETHUSDT_binance_1h_long_smc_regime/metadata.json INFO
[2025-12-29 01:22:29.694] 🐛 DEBUG: Metadata file exists, size: 3536 bytes INFO
[2025-12-29 01:22:29.694] 🐛 DEBUG: Successfully loaded metadata with 5 versions INFO
[2025-12-29 01:22:29.694] 🐛 DEBUG: Found 5 versions in metadata: ['smc_predictions_with_confidence_20251124_233038_087', 'smc_predictions_with_confidence_20251125_001011_321', 'smc_predictions_with_confidence_20251125_001842_252', 'smc_predictions_with_confidence_20251126_003009_061', 'smc_predictions_with_confidence_20251126_003415_856'] INFO
[2025-12-29 01:22:29.695] 🐛 DEBUG: Found 5 versions in HDF5: ['smc_predictions_with_confidence_20251124_233038_087', 'smc_predictions_with_confidence_20251125_001011_321', 'smc_predictions_with_confidence_20251125_001842_252', 'smc_predictions_with_confidence_20251126_003009_061', 'smc_predictions_with_confidence_20251126_003415_856'] INFO
[2025-12-29 01:22:29.695] 🐛 DEBUG: _load_metadata() checking versioned_artifacts/ETHUSDT_binance_15m_long_regime_path/metadata.json INFO
[2025-12-29 01:22:29.695] 🐛 DEBUG: Metadata file exists, size: 200 bytes INFO
[2025-12-29 01:22:29.695] 🐛 DEBUG: Successfully loaded metadata with 0 versions INFO
[2025-12-29 01:22:29.695] 🐛 DEBUG: list_versions() called INFO
[2025-12-29 01:22:29.695] 🐛 DEBUG: Metadata file exists: True INFO
[2025-12-29 01:22:29.695] 🐛 DEBUG: HDF5 file exists: True INFO
[2025-12-29 01:22:29.695] 🐛 DEBUG: Reloading metadata to get latest versions INFO
[2025-12-29 01:22:29.695] 🐛 DEBUG: _load_metadata() checking versioned_artifacts/ETHUSDT_binance_15m_long_regime_path/metadata.json INFO
[2025-12-29 01:22:29.695] 🐛 DEBUG: Metadata file exists, size: 200 bytes INFO
[2025-12-29 01:22:29.695] 🐛 DEBUG: Successfully loaded metadata with 0 versions INFO
[2025-12-29 01:22:29.695] 🐛 DEBUG: Found 0 versions in metadata: [] INFO
[2025-12-29 01:22:29.696] 🐛 DEBUG: Found 0 versions in HDF5: [] INFO
[2025-12-29 01:22:29.696] 🐛 DEBUG: _load_metadata() checking versioned_artifacts/ETHUSDT_binance_1h_long_light/metadata.json INFO
[2025-12-29 01:22:29.696] 🐛 DEBUG: Metadata file exists, size: 139 bytes INFO
[2025-12-29 01:22:29.696] 🐛 DEBUG: Successfully loaded metadata with 0 versions INFO
[2025-12-29 01:22:29.696] 🐛 DEBUG: list_versions() called INFO
[2025-12-29 01:22:29.696] 🐛 DEBUG: Metadata file exists: True INFO
[2025-12-29 01:22:29.696] 🐛 DEBUG: HDF5 file exists: True INFO
[2025-12-29 01:22:29.696] 🐛 DEBUG: Reloading metadata to get latest versions INFO
[2025-12-29 01:22:29.696] 🐛 DEBUG: _load_metadata() checking versioned_artifacts/ETHUSDT_binance_1h_long_light/metadata.json INFO
[2025-12-29 01:22:29.696] 🐛 DEBUG: Metadata file exists, size: 139 bytes INFO
[2025-12-29 01:22:29.696] 🐛 DEBUG: Successfully loaded metadata with 0 versions INFO
[2025-12-29 01:22:29.696] 🐛 DEBUG: Found 0 versions in metadata: [] INFO
[2025-12-29 01:22:29.698] 🐛 DEBUG: Found 0 versions in HDF5: [] INFO
[2025-12-29 01:22:29.698] 🐛 DEBUG: _load_metadata() checking versioned_artifacts/ETHUSDT_binance_15m_long_light/metadata.json INFO
[2025-12-29 01:22:29.698] 🐛 DEBUG: Metadata file exists, size: 1538 bytes INFO
[2025-12-29 01:22:29.698] 🐛 DEBUG: Successfully loaded metadata with 3 versions INFO
[2025-12-29 01:22:29.698] 🐛 DEBUG: list_versions() called INFO
[2025-12-29 01:22:29.698] 🐛 DEBUG: Metadata file exists: True INFO
[2025-12-29 01:22:29.698] 🐛 DEBUG: HDF5 file exists: True INFO
[2025-12-29 01:22:29.698] 🐛 DEBUG: Reloading metadata to get latest versions INFO
[2025-12-29 01:22:29.698] 🐛 DEBUG: _load_metadata() checking versioned_artifacts/ETHUSDT_binance_15m_long_light/metadata.json INFO
[2025-12-29 01:22:29.698] 🐛 DEBUG: Metadata file exists, size: 1538 bytes INFO
[2025-12-29 01:22:29.698] 🐛 DEBUG: Successfully loaded metadata with 3 versions INFO
[2025-12-29 01:22:29.698] 🐛 DEBUG: Found 3 versions in metadata: ['selected_features_60_20251109_191448_625', 'selected_features_50_20251109_191448_653', 'selected_features_40_20251109_191448_677'] INFO
[2025-12-29 01:22:29.699] 🐛 DEBUG: Found 3 versions in HDF5: ['selected_features_40_20251109_191448_677', 'selected_features_50_20251109_191448_653', 'selected_features_60_20251109_191448_625'] INFO
[2025-12-29 01:22:29.699] 🐛 DEBUG: _load_metadata() checking versioned_artifacts/ETHUSDT_binance_15m_long_regime_macro_trend/metadata.json INFO
[2025-12-29 01:22:29.699] 🐛 DEBUG: Metadata file exists, size: 5567 bytes INFO
[2025-12-29 01:22:29.699] 🐛 DEBUG: Successfully loaded metadata with 2 versions INFO
[2025-12-29 01:22:29.699] 🐛 DEBUG: list_versions() called INFO
[2025-12-29 01:22:29.699] 🐛 DEBUG: Metadata file exists: True INFO
[2025-12-29 01:22:29.699] 🐛 DEBUG: HDF5 file exists: True INFO
[2025-12-29 01:22:29.699] 🐛 DEBUG: Reloading metadata to get latest versions INFO
[2025-12-29 01:22:29.699] 🐛 DEBUG: _load_metadata() checking versioned_artifacts/ETHUSDT_binance_15m_long_regime_macro_trend/metadata.json INFO
[2025-12-29 01:22:29.699] 🐛 DEBUG: Metadata file exists, size: 5567 bytes INFO
[2025-12-29 01:22:29.699] 🐛 DEBUG: Successfully loaded metadata with 2 versions INFO
[2025-12-29 01:22:29.699] 🐛 DEBUG: Found 2 versions in metadata: ['hmm_macro_trend_training_data_15m_20251213_170722_611', 'hmm_macro_trend_regime_stats_15m_20251213_170725_853'] INFO
[2025-12-29 01:22:29.701] 🐛 DEBUG: Found 2 versions in HDF5: ['hmm_macro_trend_regime_stats_15m_20251213_170725_853', 'hmm_macro_trend_training_data_15m_20251213_170722_611'] INFO
[2025-12-29 01:22:29.701] 🐛 DEBUG: _load_metadata() checking versioned_artifacts/ETHUSDT_binance_1h_long_full/metadata.json INFO
[2025-12-29 01:22:29.701] 🐛 DEBUG: Metadata file exists, size: 139 bytes INFO
[2025-12-29 01:22:29.701] 🐛 DEBUG: Successfully loaded metadata with 0 versions INFO
[2025-12-29 01:22:29.701] 🐛 DEBUG: list_versions() called INFO
[2025-12-29 01:22:29.701] 🐛 DEBUG: Metadata file exists: True INFO
[2025-12-29 01:22:29.701] 🐛 DEBUG: HDF5 file exists: True INFO
[2025-12-29 01:22:29.701] 🐛 DEBUG: Reloading metadata to get latest versions INFO
[2025-12-29 01:22:29.701] 🐛 DEBUG: _load_metadata() checking versioned_artifacts/ETHUSDT_binance_1h_long_full/metadata.json INFO
[2025-12-29 01:22:29.701] 🐛 DEBUG: Metadata file exists, size: 139 bytes INFO
[2025-12-29 01:22:29.701] 🐛 DEBUG: Successfully loaded metadata with 0 versions INFO
[2025-12-29 01:22:29.701] 🐛 DEBUG: Found 0 versions in metadata: [] INFO
[2025-12-29 01:22:29.702] 🐛 DEBUG: Found 0 versions in HDF5: [] INFO
[2025-12-29 01:22:29.702] 🐛 DEBUG: _load_metadata() checking versioned_artifacts/ETHUSDT_binance_15m_short_mean_reversion/metadata.json INFO
[2025-12-29 01:22:29.702] 🐛 DEBUG: Metadata file exists, size: 139 bytes INFO
[2025-12-29 01:22:29.702] 🐛 DEBUG: Successfully loaded metadata with 0 versions INFO
[2025-12-29 01:22:29.702] 🐛 DEBUG: list_versions() called INFO
[2025-12-29 01:22:29.702] 🐛 DEBUG: Metadata file exists: True INFO
[2025-12-29 01:22:29.702] 🐛 DEBUG: HDF5 file exists: True INFO
[2025-12-29 01:22:29.702] 🐛 DEBUG: Reloading metadata to get latest versions INFO
[2025-12-29 01:22:29.702] 🐛 DEBUG: _load_metadata() checking versioned_artifacts/ETHUSDT_binance_15m_short_mean_reversion/metadata.json INFO
[2025-12-29 01:22:29.702] 🐛 DEBUG: Metadata file exists, size: 139 bytes INFO
[2025-12-29 01:22:29.702] 🐛 DEBUG: Successfully loaded metadata with 0 versions INFO
[2025-12-29 01:22:29.702] 🐛 DEBUG: Found 0 versions in metadata: [] INFO
[2025-12-29 01:22:29.704] 🐛 DEBUG: Found 0 versions in HDF5: [] INFO
[2025-12-29 01:22:29.704] 🐛 DEBUG: _load_metadata() checking versioned_artifacts/ETHUSDT_binance_1h_long_regime_risk_hmm/metadata.json INFO
[2025-12-29 01:22:29.704] 🐛 DEBUG: Metadata file exists, size: 139 bytes INFO
[2025-12-29 01:22:29.704] 🐛 DEBUG: Successfully loaded metadata with 0 versions INFO
[2025-12-29 01:22:29.704] 🐛 DEBUG: list_versions() called INFO
[2025-12-29 01:22:29.704] 🐛 DEBUG: Metadata file exists: True INFO
[2025-12-29 01:22:29.704] 🐛 DEBUG: HDF5 file exists: True INFO
[2025-12-29 01:22:29.704] 🐛 DEBUG: Reloading metadata to get latest versions INFO
[2025-12-29 01:22:29.704] 🐛 DEBUG: _load_metadata() checking versioned_artifacts/ETHUSDT_binance_1h_long_regime_risk_hmm/metadata.json INFO
[2025-12-29 01:22:29.704] 🐛 DEBUG: Metadata file exists, size: 139 bytes INFO
[2025-12-29 01:22:29.704] 🐛 DEBUG: Successfully loaded metadata with 0 versions INFO
[2025-12-29 01:22:29.704] 🐛 DEBUG: Found 0 versions in metadata: [] INFO
[2025-12-29 01:22:29.705] 🐛 DEBUG: Found 0 versions in HDF5: [] INFO
[2025-12-29 01:22:29.705] 🐛 DEBUG: _load_metadata() checking versioned_artifacts/ETHUSDT_binance_1h_long_regime_risk/metadata.json INFO
[2025-12-29 01:22:29.705] 🐛 DEBUG: Metadata file exists, size: 139 bytes INFO
[2025-12-29 01:22:29.705] 🐛 DEBUG: Successfully loaded metadata with 0 versions INFO
[2025-12-29 01:22:29.705] 🐛 DEBUG: list_versions() called INFO
[2025-12-29 01:22:29.705] 🐛 DEBUG: Metadata file exists: True INFO
[2025-12-29 01:22:29.705] 🐛 DEBUG: HDF5 file exists: True INFO
[2025-12-29 01:22:29.705] 🐛 DEBUG: Reloading metadata to get latest versions INFO
[2025-12-29 01:22:29.705] 🐛 DEBUG: _load_metadata() checking versioned_artifacts/ETHUSDT_binance_1h_long_regime_risk/metadata.json INFO
[2025-12-29 01:22:29.705] 🐛 DEBUG: Metadata file exists, size: 139 bytes INFO
[2025-12-29 01:22:29.705] 🐛 DEBUG: Successfully loaded metadata with 0 versions INFO
[2025-12-29 01:22:29.705] 🐛 DEBUG: Found 0 versions in metadata: [] INFO
[2025-12-29 01:22:29.706] 🐛 DEBUG: Found 0 versions in HDF5: [] INFO
[2025-12-29 01:22:29.706] 🐛 DEBUG: _load_metadata() checking versioned_artifacts/ETHUSDT_binance_1h_long_blank/metadata.json INFO
[2025-12-29 01:22:29.706] 🐛 DEBUG: Metadata file exists, size: 139 bytes INFO
[2025-12-29 01:22:29.706] 🐛 DEBUG: Successfully loaded metadata with 0 versions INFO
[2025-12-29 01:22:29.706] 🐛 DEBUG: list_versions() called INFO
[2025-12-29 01:22:29.706] 🐛 DEBUG: Metadata file exists: True INFO
[2025-12-29 01:22:29.706] 🐛 DEBUG: HDF5 file exists: True INFO
[2025-12-29 01:22:29.706] 🐛 DEBUG: Reloading metadata to get latest versions INFO
[2025-12-29 01:22:29.706] 🐛 DEBUG: _load_metadata() checking versioned_artifacts/ETHUSDT_binance_1h_long_blank/metadata.json INFO
[2025-12-29 01:22:29.706] 🐛 DEBUG: Metadata file exists, size: 139 bytes INFO
[2025-12-29 01:22:29.706] 🐛 DEBUG: Successfully loaded metadata with 0 versions INFO
[2025-12-29 01:22:29.706] 🐛 DEBUG: Found 0 versions in metadata: [] INFO
[2025-12-29 01:22:29.707] 🐛 DEBUG: Found 0 versions in HDF5: [] INFO
[2025-12-29 01:22:29.707] 🐛 DEBUG: _load_metadata() checking versioned_artifacts/ETHUSDT_binance_15m_long_regime_mr_trend/metadata.json INFO
[2025-12-29 01:22:29.708] 🐛 DEBUG: Metadata file exists, size: 139 bytes INFO
[2025-12-29 01:22:29.708] 🐛 DEBUG: Successfully loaded metadata with 0 versions INFO
[2025-12-29 01:22:29.708] 🐛 DEBUG: list_versions() called INFO
[2025-12-29 01:22:29.708] 🐛 DEBUG: Metadata file exists: True INFO
[2025-12-29 01:22:29.708] 🐛 DEBUG: HDF5 file exists: True INFO
[2025-12-29 01:22:29.708] 🐛 DEBUG: Reloading metadata to get latest versions INFO
[2025-12-29 01:22:29.708] 🐛 DEBUG: _load_metadata() checking versioned_artifacts/ETHUSDT_binance_15m_long_regime_mr_trend/metadata.json INFO
[2025-12-29 01:22:29.708] 🐛 DEBUG: Metadata file exists, size: 139 bytes INFO
[2025-12-29 01:22:29.708] 🐛 DEBUG: Successfully loaded metadata with 0 versions INFO
[2025-12-29 01:22:29.708] 🐛 DEBUG: Found 0 versions in metadata: [] INFO
[2025-12-29 01:22:29.708] 🐛 DEBUG: Found 0 versions in HDF5: [] INFO
[2025-12-29 01:22:29.709] 🐛 DEBUG: _load_metadata() checking versioned_artifacts/ETHUSDT_binance_15m_long_regime_risk_hmm/metadata.json INFO
[2025-12-29 01:22:29.709] 🐛 DEBUG: Metadata file exists, size: 1035 bytes INFO
[2025-12-29 01:22:29.709] 🐛 DEBUG: Successfully loaded metadata with 1 versions INFO
[2025-12-29 01:22:29.709] 🐛 DEBUG: list_versions() called INFO
[2025-12-29 01:22:29.709] 🐛 DEBUG: Metadata file exists: True INFO
[2025-12-29 01:22:29.709] 🐛 DEBUG: HDF5 file exists: True INFO
[2025-12-29 01:22:29.709] 🐛 DEBUG: Reloading metadata to get latest versions INFO
[2025-12-29 01:22:29.709] 🐛 DEBUG: _load_metadata() checking versioned_artifacts/ETHUSDT_binance_15m_long_regime_risk_hmm/metadata.json INFO
[2025-12-29 01:22:29.709] 🐛 DEBUG: Metadata file exists, size: 1035 bytes INFO
[2025-12-29 01:22:29.709] 🐛 DEBUG: Successfully loaded metadata with 1 versions INFO
[2025-12-29 01:22:29.709] 🐛 DEBUG: Found 1 versions in metadata: ['ml_risk_hmm_training_data_15m_20251205_191725_560'] INFO
[2025-12-29 01:22:29.709] 🐛 DEBUG: Found 1 versions in HDF5: ['ml_risk_hmm_training_data_15m_20251205_191725_560'] INFO
[2025-12-29 01:22:29.710] 🐛 DEBUG: _load_metadata() checking versioned_artifacts/ETHUSDT_binance_15m_long_analyst/metadata.json INFO
[2025-12-29 01:22:29.710] 🐛 DEBUG: Metadata file exists, size: 24005 bytes INFO
[2025-12-29 01:22:29.710] 🐛 DEBUG: Successfully loaded metadata with 8 versions INFO
[2025-12-29 01:22:29.710] 🐛 DEBUG: list_versions() called INFO
[2025-12-29 01:22:29.710] 🐛 DEBUG: Metadata file exists: True INFO
[2025-12-29 01:22:29.710] 🐛 DEBUG: HDF5 file exists: True INFO
[2025-12-29 01:22:29.710] 🐛 DEBUG: Reloading metadata to get latest versions INFO
[2025-12-29 01:22:29.710] 🐛 DEBUG: _load_metadata() checking versioned_artifacts/ETHUSDT_binance_15m_long_analyst/metadata.json INFO
[2025-12-29 01:22:29.710] 🐛 DEBUG: Metadata file exists, size: 24005 bytes INFO
[2025-12-29 01:22:29.710] 🐛 DEBUG: Successfully loaded metadata with 8 versions INFO
[2025-12-29 01:22:29.710] 🐛 DEBUG: Found 8 versions in metadata: ['weighted_meta_model_training_matrix_ETHUSDT_binance_15m_long_20251214_184321_623', 'labeled_data_ETHUSDT_binance_15m_long_20251214_220950_753', 'labeled_data_ETHUSDT_binance_15m_long_20251214_224631_542', 'labeled_data_ETHUSDT_binance_15m_long_20251214_233640_586', 'labeled_data_ETHUSDT_binance_15m_long_20251214_235041_562', 'labeled_data_ETHUSDT_15m_20251219_235959_715', 'labeled_data_ETHUSDT_15m_20251220_000301_152', 'labeled_data_ETHUSDT_15m_20251220_000738_204'] INFO
[2025-12-29 01:22:29.712] 🐛 DEBUG: Found 8 versions in HDF5: ['labeled_data_ETHUSDT_15m_20251219_235959_715', 'labeled_data_ETHUSDT_15m_20251220_000301_152', 'labeled_data_ETHUSDT_15m_20251220_000738_204', 'labeled_data_ETHUSDT_binance_15m_long_20251214_220950_753', 'labeled_data_ETHUSDT_binance_15m_long_20251214_224631_542', 'labeled_data_ETHUSDT_binance_15m_long_20251214_233640_586', 'labeled_data_ETHUSDT_binance_15m_long_20251214_235041_562', 'weighted_meta_model_training_matrix_ETHUSDT_binance_15m_long_20251214_184321_623'] INFO
[2025-12-29 01:22:29.712] 🐛 DEBUG: _load_metadata() checking versioned_artifacts/ETHUSDT_binance_1h_long_regime_macro_trend/metadata.json INFO
[2025-12-29 01:22:29.712] 🐛 DEBUG: Metadata file exists, size: 17432 bytes INFO
[2025-12-29 01:22:29.712] 🐛 DEBUG: Successfully loaded metadata with 5 versions INFO
[2025-12-29 01:22:29.712] 🐛 DEBUG: list_versions() called INFO
[2025-12-29 01:22:29.712] 🐛 DEBUG: Metadata file exists: True INFO
[2025-12-29 01:22:29.712] 🐛 DEBUG: HDF5 file exists: True INFO
[2025-12-29 01:22:29.712] 🐛 DEBUG: Reloading metadata to get latest versions INFO
[2025-12-29 01:22:29.712] 🐛 DEBUG: _load_metadata() checking versioned_artifacts/ETHUSDT_binance_1h_long_regime_macro_trend/metadata.json INFO
[2025-12-29 01:22:29.712] 🐛 DEBUG: Metadata file exists, size: 17432 bytes INFO
[2025-12-29 01:22:29.712] 🐛 DEBUG: Successfully loaded metadata with 5 versions INFO
[2025-12-29 01:22:29.712] 🐛 DEBUG: Found 5 versions in metadata: ['hmm_macro_trend_regime_quality_1h_20251204_224507_427', 'hmm_macro_trend_regime_quality_1h_20251204_225044_960', 'hmm_macro_trend_regime_quality_1h_20251205_183537_791', 'hmm_macro_trend_regime_quality_1h_20251205_191709_242', 'hmm_macro_trend_regime_quality_1h_20251213_170722_488'] INFO
[2025-12-29 01:22:29.714] 🐛 DEBUG: Found 5 versions in HDF5: ['hmm_macro_trend_regime_quality_1h_20251204_224507_427', 'hmm_macro_trend_regime_quality_1h_20251204_225044_960', 'hmm_macro_trend_regime_quality_1h_20251205_183537_791', 'hmm_macro_trend_regime_quality_1h_20251205_191709_242', 'hmm_macro_trend_regime_quality_1h_20251213_170722_488'] INFO
[2025-12-29 01:22:29.714] 🐛 DEBUG: _load_metadata() checking versioned_artifacts/ETHUSDT_binance_1h_long_regime/metadata.json INFO
[2025-12-29 01:22:29.714] 🐛 DEBUG: Metadata file exists, size: 3249 bytes INFO
[2025-12-29 01:22:29.714] 🐛 DEBUG: Successfully loaded metadata with 5 versions INFO
[2025-12-29 01:22:29.714] 🐛 DEBUG: list_versions() called INFO
[2025-12-29 01:22:29.714] 🐛 DEBUG: Metadata file exists: True INFO
[2025-12-29 01:22:29.714] 🐛 DEBUG: HDF5 file exists: True INFO
[2025-12-29 01:22:29.714] 🐛 DEBUG: Reloading metadata to get latest versions INFO
[2025-12-29 01:22:29.714] 🐛 DEBUG: _load_metadata() checking versioned_artifacts/ETHUSDT_binance_1h_long_regime/metadata.json INFO
[2025-12-29 01:22:29.714] 🐛 DEBUG: Metadata file exists, size: 3249 bytes INFO
[2025-12-29 01:22:29.714] 🐛 DEBUG: Successfully loaded metadata with 5 versions INFO
[2025-12-29 01:22:29.714] 🐛 DEBUG: Found 5 versions in metadata: ['rolling_hmm_regime_confidence_features_20251122_003448_094', 'rolling_hmm_economic_features_20251122_003448_124', 'rolling_hmm_regime_labels_20251122_003448_165', 'rolling_hmm_regime_probabilities_20251122_003448_178', 'rolling_hmm_transition_matrix_20251122_003448_193'] INFO
[2025-12-29 01:22:29.716] 🐛 DEBUG: Found 5 versions in HDF5: ['rolling_hmm_economic_features_20251122_003448_124', 'rolling_hmm_regime_confidence_features_20251122_003448_094', 'rolling_hmm_regime_labels_20251122_003448_165', 'rolling_hmm_regime_probabilities_20251122_003448_178', 'rolling_hmm_transition_matrix_20251122_003448_193'] INFO
[2025-12-29 01:22:29.716] 🐛 DEBUG: _load_metadata() checking versioned_artifacts/ETHUSDT_binance_15m_long_blank/metadata.json INFO
[2025-12-29 01:22:29.716] 🐛 DEBUG: Metadata file exists, size: 139 bytes INFO
[2025-12-29 01:22:29.716] 🐛 DEBUG: Successfully loaded metadata with 0 versions INFO
[2025-12-29 01:22:29.716] 🐛 DEBUG: list_versions() called INFO
[2025-12-29 01:22:29.716] 🐛 DEBUG: Metadata file exists: True INFO
[2025-12-29 01:22:29.716] 🐛 DEBUG: HDF5 file exists: True INFO
[2025-12-29 01:22:29.716] 🐛 DEBUG: Reloading metadata to get latest versions INFO
[2025-12-29 01:22:29.716] 🐛 DEBUG: _load_metadata() checking versioned_artifacts/ETHUSDT_binance_15m_long_blank/metadata.json INFO
[2025-12-29 01:22:29.716] 🐛 DEBUG: Metadata file exists, size: 139 bytes INFO
[2025-12-29 01:22:29.716] 🐛 DEBUG: Successfully loaded metadata with 0 versions INFO
[2025-12-29 01:22:29.716] 🐛 DEBUG: Found 0 versions in metadata: [] INFO
[2025-12-29 01:22:29.717] 🐛 DEBUG: Found 0 versions in HDF5: [] INFO
[2025-12-29 01:22:29.717] 🐛 DEBUG: _load_metadata() checking versioned_artifacts/ETHUSDT_binance_15m_long_regime_alpha/metadata.json INFO
[2025-12-29 01:22:29.717] 🐛 DEBUG: Metadata file exists, size: 139 bytes INFO
[2025-12-29 01:22:29.717] 🐛 DEBUG: Successfully loaded metadata with 0 versions INFO
[2025-12-29 01:22:29.717] 🐛 DEBUG: list_versions() called INFO
[2025-12-29 01:22:29.717] 🐛 DEBUG: Metadata file exists: True INFO
[2025-12-29 01:22:29.717] 🐛 DEBUG: HDF5 file exists: True INFO
[2025-12-29 01:22:29.717] 🐛 DEBUG: Reloading metadata to get latest versions INFO
[2025-12-29 01:22:29.717] 🐛 DEBUG: _load_metadata() checking versioned_artifacts/ETHUSDT_binance_15m_long_regime_alpha/metadata.json INFO
[2025-12-29 01:22:29.717] 🐛 DEBUG: Metadata file exists, size: 139 bytes INFO
[2025-12-29 01:22:29.717] 🐛 DEBUG: Successfully loaded metadata with 0 versions INFO
[2025-12-29 01:22:29.717] 🐛 DEBUG: Found 0 versions in metadata: [] INFO
[2025-12-29 01:22:29.718] 🐛 DEBUG: Found 0 versions in HDF5: [] INFO
2025-12-29 01:22:29,718 - System.ArtifactManager - WARNING - ⚠️ Artifact not found: klines_data
2025-12-29 01:22:29,718 - System.ArtifactManager - INFO - ℹ️ 📁 Context set: step=meta_labeling_hpo_sample_weighted, symbol=None, exchange=None, timeframe=None, datetime=2025-12-29 01:22:29.659468, information=None, direction=long, model=Analyst
[2025-12-29 01:22:29.718] ⚠️ Artifact 'klines_data' not found in any storage | UNKNOWN/binance [15m] long/analyst
2025-12-29 01:22:29,718 - System.ArtifactManager - INFO - ℹ️ 📁 Context set: step=data_collection, symbol=ETHUSDT, exchange=binance, timeframe=15m, datetime=2025-12-29 00:22:29.718940, information=None, direction=long, model=Analyst
[2025-12-29 01:22:29.718] 📂 Retrieving artifact 'market_data' (type: data) | UNKNOWN/binance [15m] long/analyst
[2025-12-29 01:22:29.718] PERFORMANCE: ┌──────────────────────────────────────────────────────────────────────────────┐
[2025-12-29 01:22:29.718] PERFORMANCE: │  📥 ARTIFACT ROUTER: LOAD OPERATION                                         │
[2025-12-29 01:22:29.718] PERFORMANCE: └──────────────────────────────────────────────────────────────────────────────┘
[2025-12-29 01:22:29.718] PERFORMANCE: 🏷️  [ROUTER] Artifact: 'market_data'
[2025-12-29 01:22:29.718] PERFORMANCE: 🔖 [ROUTER] Type hint: data
[2025-12-29 01:22:29.718] PERFORMANCE: 🌍 [ROUTER] Context:
[2025-12-29 01:22:29.718] PERFORMANCE:    ├─ symbol: UNKNOWN
[2025-12-29 01:22:29.718] PERFORMANCE:    ├─ exchange: binance
[2025-12-29 01:22:29.718] PERFORMANCE:    ├─ timeframe: 15m
[2025-12-29 01:22:29.718] PERFORMANCE:    ├─ direction: long
[2025-12-29 01:22:29.718] PERFORMANCE:    ├─ model: analyst
[2025-12-29 01:22:29.718] PERFORMANCE:    ├─ step_name: meta_labeling_hpo_sample_weighted
[2025-12-29 01:22:29.719] PERFORMANCE: 🔍 [ROUTER] Searching for artifact...
[2025-12-29 01:22:29.719] PERFORMANCE:   ┌─ 🗄️  HDF5 VERSIONED LOAD
[2025-12-29 01:22:29.719] PERFORMANCE:   │  Getting versioned store...
[2025-12-29 01:22:29.719] 🐛 DEBUG: _get_versioned_store() with store_key: UNKNOWN_binance_15m_long_analyst INFO
[2025-12-29 01:22:29.719] 🐛 DEBUG: Using existing cached store for UNKNOWN_binance_15m_long_analyst INFO
[2025-12-29 01:22:29.719] 🐛 DEBUG: get_statistics() called INFO
[2025-12-29 01:22:29.719] 🐛 DEBUG: Reloading metadata for statistics INFO
[2025-12-29 01:22:29.719] 🐛 DEBUG: _load_metadata() checking versioned_artifacts/UNKNOWN_binance_15m_long_analyst/metadata.json INFO
[2025-12-29 01:22:29.719] 🐛 DEBUG: Metadata file exists, size: 15351 bytes INFO
[2025-12-29 01:22:29.719] 🐛 DEBUG: Successfully loaded metadata with 5 versions INFO
[2025-12-29 01:22:29.719] 🐛 DEBUG: Statistics - num_versions: 5 INFO
[2025-12-29 01:22:29.719] 🐛 DEBUG: Statistics - current_version: final_validation_metrics_20251116_161159_946 INFO
[2025-12-29 01:22:29.719] 🐛 DEBUG: Statistics - h5_file_size_mb: 280.5141086578369 INFO
[2025-12-29 01:22:29.719] 🐛 DEBUG: Existing store statistics: {'store_path': 'versioned_artifacts/UNKNOWN_binance_15m_long_analyst', 'num_versions': 5, 'current_version': 'final_validation_metrics_20251116_161159_946', 'created_at': '2025-11-07T18:22:44.911801', 'h5_file_size_mb': 280.5141086578369, 'chunking': {'chunk_rows': 'auto', 'chunk_cols': 'auto'}, 'changelog': {'total_changes': 305, 'changes_by_type': {'add_data': 305}, 'top_versions': {'analyst_interaction_features_20251108_161950_019': 1, 'analyst_interaction_features_20251108_164300_578': 1, 'analyst_interaction_features_20251108_171945_952': 1, 'analyst_interaction_features_20251108_175314_530': 1, 'analyst_interaction_features_20251108_180922_905': 1, 'analyst_interaction_features_20251108_184752_938': 1, 'analyst_interaction_features_20251108_191026_801': 1, 'analyst_interaction_features_20251111_185727_726': 1, 'final_dataset_40_20251108_172617_791': 1, 'final_dataset_40_20251108_172829_013': 1}, 'time_range': {'earliest': '2025-11-07T18:27:00.789522', 'latest': '2025-11-24T21:16:51.681722'}}, 'row_versioning': {'total_rows_tracked': 0, 'total_versions': 0, 'average_versions_per_row': 0, 'most_versioned_rows': []}} INFO
[2025-12-29 01:22:29.719] 🐛 DEBUG: list_versions() called INFO
[2025-12-29 01:22:29.719] 🐛 DEBUG: Metadata file exists: True INFO
[2025-12-29 01:22:29.719] 🐛 DEBUG: HDF5 file exists: True INFO
[2025-12-29 01:22:29.719] 🐛 DEBUG: Reloading metadata to get latest versions INFO
[2025-12-29 01:22:29.719] 🐛 DEBUG: _load_metadata() checking versioned_artifacts/UNKNOWN_binance_15m_long_analyst/metadata.json INFO
[2025-12-29 01:22:29.719] 🐛 DEBUG: Metadata file exists, size: 15351 bytes INFO
[2025-12-29 01:22:29.720] 🐛 DEBUG: Successfully loaded metadata with 5 versions INFO
[2025-12-29 01:22:29.720] 🐛 DEBUG: Found 5 versions in metadata: ['final_dataset_60_20251116_161159_683', 'final_dataset_50_20251116_161159_720', 'final_dataset_40_20251116_161159_752', 'labeled_dataframe_20251116_161159_781', 'final_validation_metrics_20251116_161159_946'] INFO
[2025-12-29 01:22:29.720] 🐛 DEBUG: Found 5 versions in HDF5: ['final_dataset_40_20251116_161159_752', 'final_dataset_50_20251116_161159_720', 'final_dataset_60_20251116_161159_683', 'final_validation_metrics_20251116_161159_946', 'labeled_dataframe_20251116_161159_781'] INFO
[2025-12-29 01:22:29.720] PERFORMANCE:   │  Found 5 versions in store
[2025-12-29 01:22:29.720] WARNING:   │  No matching versions in primary store
[2025-12-29 01:22:29.720] PERFORMANCE:   │  Checking alternate stores...
[2025-12-29 01:22:29.720] 🐛 DEBUG: list_versions() called INFO
[2025-12-29 01:22:29.720] 🐛 DEBUG: Metadata file exists: True INFO
[2025-12-29 01:22:29.720] 🐛 DEBUG: HDF5 file exists: True INFO
[2025-12-29 01:22:29.720] 🐛 DEBUG: Reloading metadata to get latest versions INFO
[2025-12-29 01:22:29.720] 🐛 DEBUG: _load_metadata() checking versioned_artifacts/UNKNOWN_binance_15m_long_analyst/metadata.json INFO
[2025-12-29 01:22:29.720] 🐛 DEBUG: Metadata file exists, size: 15351 bytes INFO
[2025-12-29 01:22:29.720] 🐛 DEBUG: Successfully loaded metadata with 5 versions INFO
[2025-12-29 01:22:29.720] 🐛 DEBUG: Found 5 versions in metadata: ['final_dataset_60_20251116_161159_683', 'final_dataset_50_20251116_161159_720', 'final_dataset_40_20251116_161159_752', 'labeled_dataframe_20251116_161159_781', 'final_validation_metrics_20251116_161159_946'] INFO
[2025-12-29 01:22:29.720] 🐛 DEBUG: Found 5 versions in HDF5: ['final_dataset_40_20251116_161159_752', 'final_dataset_50_20251116_161159_720', 'final_dataset_60_20251116_161159_683', 'final_validation_metrics_20251116_161159_946', 'labeled_dataframe_20251116_161159_781'] INFO
[2025-12-29 01:22:29.720] WARNING:   │  ⚠️  Not found in any versioned store
[2025-12-29 01:22:29.720] WARNING:   └─ Trying next storage method
[2025-12-29 01:22:29.720] ERROR: ┌──────────────────────────────────────────────────────────────────────────────┐
[2025-12-29 01:22:29.720] ERROR: │  ❌ ARTIFACT ROUTER: LOAD FAILED - NOT FOUND                                │
[2025-12-29 01:22:29.720] ERROR: │  Artifact 'market_data' not found in any storage                        │ 
[2025-12-29 01:22:29.720] ERROR: └──────────────────────────────────────────────────────────────────────────────┘
2025-12-29 01:22:29,721 - ares.step.meta_labeling_hpo_sample_weighted - WARNING - ⚠️ Artifact 'market_data' not found via router, trying traditional manager
[2025-12-29 01:22:29.721] ⚠️ Trying fallback to traditional artifact manager | UNKNOWN/binance [15m] long/analyst
2025-12-29 01:22:29,721 - System.ArtifactManager - INFO - ℹ️ 📁 Context set: step=meta_labeling_hpo_sample_weighted, symbol=None, exchange=None, timeframe=15m, datetime=2025-12-29 01:22:29.659468, information=None, direction=long, model=Analyst
[2025-12-29 01:22:29.721] 🐛 DEBUG: _load_metadata() checking versioned_artifacts/UNKNOWN_binance_1h_long_analyst/metadata.json INFO
[2025-12-29 01:22:29.721] 🐛 DEBUG: Metadata file exists, size: 200 bytes INFO
[2025-12-29 01:22:29.721] 🐛 DEBUG: Successfully loaded metadata with 0 versions INFO
[2025-12-29 01:22:29.721] 🐛 DEBUG: list_versions() called INFO
[2025-12-29 01:22:29.721] 🐛 DEBUG: Metadata file exists: True INFO
[2025-12-29 01:22:29.721] 🐛 DEBUG: HDF5 file exists: True INFO
[2025-12-29 01:22:29.721] 🐛 DEBUG: Reloading metadata to get latest versions INFO
[2025-12-29 01:22:29.721] 🐛 DEBUG: _load_metadata() checking versioned_artifacts/UNKNOWN_binance_1h_long_analyst/metadata.json INFO
[2025-12-29 01:22:29.721] 🐛 DEBUG: Metadata file exists, size: 200 bytes INFO
[2025-12-29 01:22:29.722] 🐛 DEBUG: Successfully loaded metadata with 0 versions INFO
[2025-12-29 01:22:29.722] 🐛 DEBUG: Found 0 versions in metadata: [] INFO
[2025-12-29 01:22:29.722] 🐛 DEBUG: Found 0 versions in HDF5: [] INFO
[2025-12-29 01:22:29.722] 🐛 DEBUG: _load_metadata() checking versioned_artifacts/UNKNOWN_binance_15m_long_analyst/metadata.json INFO
[2025-12-29 01:22:29.722] 🐛 DEBUG: Metadata file exists, size: 15351 bytes INFO
[2025-12-29 01:22:29.722] 🐛 DEBUG: Successfully loaded metadata with 5 versions INFO
[2025-12-29 01:22:29.722] 🐛 DEBUG: list_versions() called INFO
[2025-12-29 01:22:29.722] 🐛 DEBUG: Metadata file exists: True INFO
[2025-12-29 01:22:29.722] 🐛 DEBUG: HDF5 file exists: True INFO
[2025-12-29 01:22:29.722] 🐛 DEBUG: Reloading metadata to get latest versions INFO
[2025-12-29 01:22:29.722] 🐛 DEBUG: _load_metadata() checking versioned_artifacts/UNKNOWN_binance_15m_long_analyst/metadata.json INFO
[2025-12-29 01:22:29.722] 🐛 DEBUG: Metadata file exists, size: 15351 bytes INFO
[2025-12-29 01:22:29.722] 🐛 DEBUG: Successfully loaded metadata with 5 versions INFO
[2025-12-29 01:22:29.722] 🐛 DEBUG: Found 5 versions in metadata: ['final_dataset_60_20251116_161159_683', 'final_dataset_50_20251116_161159_720', 'final_dataset_40_20251116_161159_752', 'labeled_dataframe_20251116_161159_781', 'final_validation_metrics_20251116_161159_946'] INFO
[2025-12-29 01:22:29.722] 🐛 DEBUG: Found 5 versions in HDF5: ['final_dataset_40_20251116_161159_752', 'final_dataset_50_20251116_161159_720', 'final_dataset_60_20251116_161159_683', 'final_validation_metrics_20251116_161159_946', 'labeled_dataframe_20251116_161159_781'] INFO
[2025-12-29 01:22:29.723] 🐛 DEBUG: _load_metadata() checking versioned_artifacts/ETHUSDT_binance_15m_long_sr_labeling_xgb/metadata.json INFO
[2025-12-29 01:22:29.723] 🐛 DEBUG: Metadata file exists, size: 139 bytes INFO
[2025-12-29 01:22:29.723] 🐛 DEBUG: Successfully loaded metadata with 0 versions INFO
[2025-12-29 01:22:29.723] 🐛 DEBUG: list_versions() called INFO
[2025-12-29 01:22:29.723] 🐛 DEBUG: Metadata file exists: True INFO
[2025-12-29 01:22:29.723] 🐛 DEBUG: HDF5 file exists: True INFO
[2025-12-29 01:22:29.723] 🐛 DEBUG: Reloading metadata to get latest versions INFO
[2025-12-29 01:22:29.723] 🐛 DEBUG: _load_metadata() checking versioned_artifacts/ETHUSDT_binance_15m_long_sr_labeling_xgb/metadata.json INFO
[2025-12-29 01:22:29.723] 🐛 DEBUG: Metadata file exists, size: 139 bytes INFO
[2025-12-29 01:22:29.723] 🐛 DEBUG: Successfully loaded metadata with 0 versions INFO
[2025-12-29 01:22:29.723] 🐛 DEBUG: Found 0 versions in metadata: [] INFO
[2025-12-29 01:22:29.723] 🐛 DEBUG: Found 0 versions in HDF5: [] INFO
[2025-12-29 01:22:29.723] 🐛 DEBUG: _load_metadata() checking versioned_artifacts/ETHUSDT_binance_1h_long_breakout_bounce/metadata.json INFO
[2025-12-29 01:22:29.723] 🐛 DEBUG: Metadata file exists, size: 11462 bytes INFO
[2025-12-29 01:22:29.723] 🐛 DEBUG: Successfully loaded metadata with 5 versions INFO
[2025-12-29 01:22:29.723] 🐛 DEBUG: list_versions() called INFO
[2025-12-29 01:22:29.724] 🐛 DEBUG: Metadata file exists: True INFO
[2025-12-29 01:22:29.724] 🐛 DEBUG: HDF5 file exists: True INFO
[2025-12-29 01:22:29.724] 🐛 DEBUG: Reloading metadata to get latest versions INFO
[2025-12-29 01:22:29.724] 🐛 DEBUG: _load_metadata() checking versioned_artifacts/ETHUSDT_binance_1h_long_breakout_bounce/metadata.json INFO
[2025-12-29 01:22:29.724] 🐛 DEBUG: Metadata file exists, size: 11462 bytes INFO
[2025-12-29 01:22:29.724] 🐛 DEBUG: Successfully loaded metadata with 5 versions INFO
[2025-12-29 01:22:29.724] 🐛 DEBUG: Found 5 versions in metadata: ['ml_breakout_bounce_training_data_1h_20251123_144326_526', 'ml_breakout_bounce_training_data_1h_20251123_153924_083', 'ml_breakout_bounce_training_data_1h_20251123_160312_391', 'ml_breakout_bounce_training_data_1h_20251123_160800_355', 'ml_breakout_bounce_training_data_1h_20251123_162859_853'] INFO
[2025-12-29 01:22:29.724] 🐛 DEBUG: Found 5 versions in HDF5: ['ml_breakout_bounce_training_data_1h_20251123_144326_526', 'ml_breakout_bounce_training_data_1h_20251123_153924_083', 'ml_breakout_bounce_training_data_1h_20251123_160312_391', 'ml_breakout_bounce_training_data_1h_20251123_160800_355', 'ml_breakout_bounce_training_data_1h_20251123_162859_853'] INFO
[2025-12-29 01:22:29.724] 🐛 DEBUG: _load_metadata() checking versioned_artifacts/ETHUSDT_binance_15m_long_liquidity_regime/metadata.json INFO
[2025-12-29 01:22:29.724] 🐛 DEBUG: Metadata file exists, size: 5930 bytes INFO
[2025-12-29 01:22:29.724] 🐛 DEBUG: Successfully loaded metadata with 2 versions INFO
[2025-12-29 01:22:29.724] 🐛 DEBUG: list_versions() called INFO
[2025-12-29 01:22:29.724] 🐛 DEBUG: Metadata file exists: True INFO
[2025-12-29 01:22:29.724] 🐛 DEBUG: HDF5 file exists: True INFO
[2025-12-29 01:22:29.724] 🐛 DEBUG: Reloading metadata to get latest versions INFO
[2025-12-29 01:22:29.724] 🐛 DEBUG: _load_metadata() checking versioned_artifacts/ETHUSDT_binance_15m_long_liquidity_regime/metadata.json INFO
[2025-12-29 01:22:29.725] 🐛 DEBUG: Metadata file exists, size: 5930 bytes INFO
[2025-12-29 01:22:29.725] 🐛 DEBUG: Successfully loaded metadata with 2 versions INFO
[2025-12-29 01:22:29.725] 🐛 DEBUG: Found 2 versions in metadata: ['ml_liquidity_regime_probs_15m_20251213_170827_692', 'ml_liquidity_training_data_15m_20251213_221548_209'] INFO
[2025-12-29 01:22:29.725] 🐛 DEBUG: Found 2 versions in HDF5: ['ml_liquidity_regime_probs_15m_20251213_170827_692', 'ml_liquidity_training_data_15m_20251213_221548_209'] INFO
[2025-12-29 01:22:29.725] 🐛 DEBUG: _load_metadata() checking versioned_artifacts/ETHUSDT_binance_15m_long_regime_risk/metadata.json INFO
[2025-12-29 01:22:29.725] 🐛 DEBUG: Metadata file exists, size: 200 bytes INFO
[2025-12-29 01:22:29.725] 🐛 DEBUG: Successfully loaded metadata with 0 versions INFO
[2025-12-29 01:22:29.725] 🐛 DEBUG: list_versions() called INFO
[2025-12-29 01:22:29.725] 🐛 DEBUG: Metadata file exists: True INFO
[2025-12-29 01:22:29.725] 🐛 DEBUG: HDF5 file exists: True INFO
[2025-12-29 01:22:29.725] 🐛 DEBUG: Reloading metadata to get latest versions INFO
[2025-12-29 01:22:29.725] 🐛 DEBUG: _load_metadata() checking versioned_artifacts/ETHUSDT_binance_15m_long_regime_risk/metadata.json INFO
[2025-12-29 01:22:29.725] 🐛 DEBUG: Metadata file exists, size: 200 bytes INFO
[2025-12-29 01:22:29.725] 🐛 DEBUG: Successfully loaded metadata with 0 versions INFO
[2025-12-29 01:22:29.725] 🐛 DEBUG: Found 0 versions in metadata: [] INFO
[2025-12-29 01:22:29.725] 🐛 DEBUG: Found 0 versions in HDF5: [] INFO
[2025-12-29 01:22:29.726] 🐛 DEBUG: _load_metadata() checking versioned_artifacts/ETHUSDT_binance_15m_long_volume_force/metadata.json INFO
[2025-12-29 01:22:29.726] 🐛 DEBUG: Metadata file exists, size: 5760 bytes INFO
[2025-12-29 01:22:29.726] 🐛 DEBUG: Successfully loaded metadata with 3 versions INFO
[2025-12-29 01:22:29.726] 🐛 DEBUG: list_versions() called INFO
[2025-12-29 01:22:29.726] 🐛 DEBUG: Metadata file exists: True INFO
[2025-12-29 01:22:29.726] 🐛 DEBUG: HDF5 file exists: True INFO
[2025-12-29 01:22:29.726] 🐛 DEBUG: Reloading metadata to get latest versions INFO
[2025-12-29 01:22:29.726] 🐛 DEBUG: _load_metadata() checking versioned_artifacts/ETHUSDT_binance_15m_long_volume_force/metadata.json INFO
[2025-12-29 01:22:29.726] 🐛 DEBUG: Metadata file exists, size: 5760 bytes INFO
[2025-12-29 01:22:29.726] 🐛 DEBUG: Successfully loaded metadata with 3 versions INFO
[2025-12-29 01:22:29.726] 🐛 DEBUG: Found 3 versions in metadata: ['ml_volume_force_features_20251213_163705_361', 'ml_volume_force_features_20251213_170535_123', 'ml_volume_force_predictions_20251213_170543_299'] INFO
[2025-12-29 01:22:29.726] 🐛 DEBUG: Found 3 versions in HDF5: ['ml_volume_force_features_20251213_163705_361', 'ml_volume_force_features_20251213_170535_123', 'ml_volume_force_predictions_20251213_170543_299'] INFO
[2025-12-29 01:22:29.726] 🐛 DEBUG: _load_metadata() checking versioned_artifacts/ETHUSDT_binance_15m_long_smc_regime/metadata.json INFO
[2025-12-29 01:22:29.726] 🐛 DEBUG: Metadata file exists, size: 3383 bytes INFO
[2025-12-29 01:22:29.726] 🐛 DEBUG: Successfully loaded metadata with 2 versions INFO
[2025-12-29 01:22:29.726] 🐛 DEBUG: list_versions() called INFO
[2025-12-29 01:22:29.726] 🐛 DEBUG: Metadata file exists: True INFO
[2025-12-29 01:22:29.726] 🐛 DEBUG: HDF5 file exists: True INFO
[2025-12-29 01:22:29.726] 🐛 DEBUG: Reloading metadata to get latest versions INFO
[2025-12-29 01:22:29.726] 🐛 DEBUG: _load_metadata() checking versioned_artifacts/ETHUSDT_binance_15m_long_smc_regime/metadata.json INFO
[2025-12-29 01:22:29.727] 🐛 DEBUG: Metadata file exists, size: 3383 bytes INFO
[2025-12-29 01:22:29.727] 🐛 DEBUG: Successfully loaded metadata with 2 versions INFO
[2025-12-29 01:22:29.727] 🐛 DEBUG: Found 2 versions in metadata: ['smc_predictions_with_confidence_20251213_170746_093', 'ml_smc_features_15m_20251213_170746_137'] INFO
[2025-12-29 01:22:29.727] 🐛 DEBUG: Found 2 versions in HDF5: ['ml_smc_features_15m_20251213_170746_137', 'smc_predictions_with_confidence_20251213_170746_093'] INFO
[2025-12-29 01:22:29.727] 🐛 DEBUG: _load_metadata() checking versioned_artifacts/ETHUSDT_binance_15m_long_breakout_bounce/metadata.json INFO
[2025-12-29 01:22:29.727] 🐛 DEBUG: Metadata file exists, size: 200 bytes INFO
[2025-12-29 01:22:29.727] 🐛 DEBUG: Successfully loaded metadata with 0 versions INFO
[2025-12-29 01:22:29.727] 🐛 DEBUG: list_versions() called INFO
[2025-12-29 01:22:29.727] 🐛 DEBUG: Metadata file exists: True INFO
[2025-12-29 01:22:29.727] 🐛 DEBUG: HDF5 file exists: True INFO
[2025-12-29 01:22:29.727] 🐛 DEBUG: Reloading metadata to get latest versions INFO
[2025-12-29 01:22:29.727] 🐛 DEBUG: _load_metadata() checking versioned_artifacts/ETHUSDT_binance_15m_long_breakout_bounce/metadata.json INFO
[2025-12-29 01:22:29.727] 🐛 DEBUG: Metadata file exists, size: 200 bytes INFO
[2025-12-29 01:22:29.727] 🐛 DEBUG: Successfully loaded metadata with 0 versions INFO
[2025-12-29 01:22:29.727] 🐛 DEBUG: Found 0 versions in metadata: [] INFO
[2025-12-29 01:22:29.727] 🐛 DEBUG: Found 0 versions in HDF5: [] INFO
[2025-12-29 01:22:29.729] 🐛 DEBUG: _load_metadata() checking versioned_artifacts/ETHUSDT_binance_1h_long_liquidity_regime/metadata.json INFO
[2025-12-29 01:22:29.729] 🐛 DEBUG: Metadata file exists, size: 200 bytes INFO
[2025-12-29 01:22:29.729] 🐛 DEBUG: Successfully loaded metadata with 0 versions INFO
[2025-12-29 01:22:29.729] 🐛 DEBUG: list_versions() called INFO
[2025-12-29 01:22:29.729] 🐛 DEBUG: Metadata file exists: True INFO
[2025-12-29 01:22:29.729] 🐛 DEBUG: HDF5 file exists: True INFO
[2025-12-29 01:22:29.729] 🐛 DEBUG: Reloading metadata to get latest versions INFO
[2025-12-29 01:22:29.729] 🐛 DEBUG: _load_metadata() checking versioned_artifacts/ETHUSDT_binance_1h_long_liquidity_regime/metadata.json INFO
[2025-12-29 01:22:29.729] 🐛 DEBUG: Metadata file exists, size: 200 bytes INFO
[2025-12-29 01:22:29.729] 🐛 DEBUG: Successfully loaded metadata with 0 versions INFO
[2025-12-29 01:22:29.729] 🐛 DEBUG: Found 0 versions in metadata: [] INFO
[2025-12-29 01:22:29.729] 🐛 DEBUG: Found 0 versions in HDF5: [] INFO
[2025-12-29 01:22:29.729] 🐛 DEBUG: _load_metadata() checking versioned_artifacts/ETHUSDT_binance_1h_long_regime_alpha/metadata.json INFO
[2025-12-29 01:22:29.729] 🐛 DEBUG: Metadata file exists, size: 6902 bytes INFO
[2025-12-29 01:22:29.729] 🐛 DEBUG: Successfully loaded metadata with 5 versions INFO
[2025-12-29 01:22:29.729] 🐛 DEBUG: list_versions() called INFO
[2025-12-29 01:22:29.729] 🐛 DEBUG: Metadata file exists: True INFO
[2025-12-29 01:22:29.729] 🐛 DEBUG: HDF5 file exists: True INFO
[2025-12-29 01:22:29.729] 🐛 DEBUG: Reloading metadata to get latest versions INFO
[2025-12-29 01:22:29.729] 🐛 DEBUG: _load_metadata() checking versioned_artifacts/ETHUSDT_binance_1h_long_regime_alpha/metadata.json INFO
[2025-12-29 01:22:29.729] 🐛 DEBUG: Metadata file exists, size: 6902 bytes INFO
[2025-12-29 01:22:29.730] 🐛 DEBUG: Successfully loaded metadata with 5 versions INFO
[2025-12-29 01:22:29.730] 🐛 DEBUG: Found 5 versions in metadata: ['hmm_alpha_regime_stats_1h_20251122_151841_186', 'hmm_alpha_training_data_1h_20251122_164502_922', 'hmm_alpha_regime_stats_1h_20251122_164502_963', 'hmm_alpha_training_data_1h_20251122_171931_773', 'hmm_alpha_regime_stats_1h_20251122_171931_857'] INFO
[2025-12-29 01:22:29.730] 🐛 DEBUG: Found 5 versions in HDF5: ['hmm_alpha_regime_stats_1h_20251122_151841_186', 'hmm_alpha_regime_stats_1h_20251122_164502_963', 'hmm_alpha_regime_stats_1h_20251122_171931_857', 'hmm_alpha_training_data_1h_20251122_164502_922', 'hmm_alpha_training_data_1h_20251122_171931_773'] INFO
[2025-12-29 01:22:29.730] 🐛 DEBUG: _load_metadata() checking versioned_artifacts/ETHUSDT_binance_1h_long_analyst/metadata.json INFO
[2025-12-29 01:22:29.730] 🐛 DEBUG: Metadata file exists, size: 139 bytes INFO
[2025-12-29 01:22:29.730] 🐛 DEBUG: Successfully loaded metadata with 0 versions INFO
[2025-12-29 01:22:29.730] 🐛 DEBUG: list_versions() called INFO
[2025-12-29 01:22:29.730] 🐛 DEBUG: Metadata file exists: True INFO
[2025-12-29 01:22:29.730] 🐛 DEBUG: HDF5 file exists: True INFO
[2025-12-29 01:22:29.730] 🐛 DEBUG: Reloading metadata to get latest versions INFO
[2025-12-29 01:22:29.730] 🐛 DEBUG: _load_metadata() checking versioned_artifacts/ETHUSDT_binance_1h_long_analyst/metadata.json INFO
[2025-12-29 01:22:29.730] 🐛 DEBUG: Metadata file exists, size: 139 bytes INFO
[2025-12-29 01:22:29.730] 🐛 DEBUG: Successfully loaded metadata with 0 versions INFO
[2025-12-29 01:22:29.730] 🐛 DEBUG: Found 0 versions in metadata: [] INFO
[2025-12-29 01:22:29.730] 🐛 DEBUG: Found 0 versions in HDF5: [] INFO
[2025-12-29 01:22:29.731] 🐛 DEBUG: _load_metadata() checking versioned_artifacts/ETHUSDT_binance_1h_long_regime_path/metadata.json INFO
[2025-12-29 01:22:29.731] 🐛 DEBUG: Metadata file exists, size: 200 bytes INFO
[2025-12-29 01:22:29.731] 🐛 DEBUG: Successfully loaded metadata with 0 versions INFO
[2025-12-29 01:22:29.731] 🐛 DEBUG: list_versions() called INFO
[2025-12-29 01:22:29.731] 🐛 DEBUG: Metadata file exists: True INFO
[2025-12-29 01:22:29.731] 🐛 DEBUG: HDF5 file exists: True INFO
[2025-12-29 01:22:29.731] 🐛 DEBUG: Reloading metadata to get latest versions INFO
[2025-12-29 01:22:29.731] 🐛 DEBUG: _load_metadata() checking versioned_artifacts/ETHUSDT_binance_1h_long_regime_path/metadata.json INFO
[2025-12-29 01:22:29.731] 🐛 DEBUG: Metadata file exists, size: 200 bytes INFO
[2025-12-29 01:22:29.731] 🐛 DEBUG: Successfully loaded metadata with 0 versions INFO
[2025-12-29 01:22:29.731] 🐛 DEBUG: Found 0 versions in metadata: [] INFO
[2025-12-29 01:22:29.731] 🐛 DEBUG: Found 0 versions in HDF5: [] INFO
[2025-12-29 01:22:29.731] 🐛 DEBUG: _load_metadata() checking versioned_artifacts/None_None_None_long_regime/metadata.json INFO
[2025-12-29 01:22:29.731] 🐛 DEBUG: Metadata file exists, size: 139 bytes INFO
[2025-12-29 01:22:29.731] 🐛 DEBUG: Successfully loaded metadata with 0 versions INFO
[2025-12-29 01:22:29.731] 🐛 DEBUG: list_versions() called INFO
[2025-12-29 01:22:29.731] 🐛 DEBUG: Metadata file exists: True INFO
[2025-12-29 01:22:29.731] 🐛 DEBUG: HDF5 file exists: True INFO
[2025-12-29 01:22:29.731] 🐛 DEBUG: Reloading metadata to get latest versions INFO
[2025-12-29 01:22:29.731] 🐛 DEBUG: _load_metadata() checking versioned_artifacts/None_None_None_long_regime/metadata.json INFO
[2025-12-29 01:22:29.731] 🐛 DEBUG: Metadata file exists, size: 139 bytes INFO
[2025-12-29 01:22:29.731] 🐛 DEBUG: Successfully loaded metadata with 0 versions INFO
[2025-12-29 01:22:29.732] 🐛 DEBUG: Found 0 versions in metadata: [] INFO
[2025-12-29 01:22:29.732] 🐛 DEBUG: Found 0 versions in HDF5: [] INFO
[2025-12-29 01:22:29.732] 🐛 DEBUG: _load_metadata() checking versioned_artifacts/ETHUSDT_binance_1h_long_mean_reversion/metadata.json INFO
[2025-12-29 01:22:29.732] 🐛 DEBUG: Metadata file exists, size: 3914 bytes INFO
[2025-12-29 01:22:29.732] 🐛 DEBUG: Successfully loaded metadata with 5 versions INFO
[2025-12-29 01:22:29.732] 🐛 DEBUG: list_versions() called INFO
[2025-12-29 01:22:29.732] 🐛 DEBUG: Metadata file exists: True INFO
[2025-12-29 01:22:29.732] 🐛 DEBUG: HDF5 file exists: True INFO
[2025-12-29 01:22:29.732] 🐛 DEBUG: Reloading metadata to get latest versions INFO
[2025-12-29 01:22:29.732] 🐛 DEBUG: _load_metadata() checking versioned_artifacts/ETHUSDT_binance_1h_long_mean_reversion/metadata.json INFO
[2025-12-29 01:22:29.732] 🐛 DEBUG: Metadata file exists, size: 3914 bytes INFO
[2025-12-29 01:22:29.732] 🐛 DEBUG: Successfully loaded metadata with 5 versions INFO
[2025-12-29 01:22:29.732] 🐛 DEBUG: Found 5 versions in metadata: ['ml_mean_reversion_training_data_1h_20251124_231116_323', 'ml_mean_reversion_training_data_1h_20251125_001022_753', 'ml_mean_reversion_training_data_1h_20251125_002337_863', 'ml_mean_reversion_training_data_1h_20251125_003116_776', 'ml_mean_reversion_training_data_1h_20251126_003120_916'] INFO
[2025-12-29 01:22:29.732] 🐛 DEBUG: Found 5 versions in HDF5: ['ml_mean_reversion_training_data_1h_20251124_231116_323', 'ml_mean_reversion_training_data_1h_20251125_001022_753', 'ml_mean_reversion_training_data_1h_20251125_002337_863', 'ml_mean_reversion_training_data_1h_20251125_003116_776', 'ml_mean_reversion_training_data_1h_20251126_003120_916'] INFO
[2025-12-29 01:22:29.733] 🐛 DEBUG: _load_metadata() checking versioned_artifacts/ETHUSDT_binance_15m_long_mean_reversion/metadata.json INFO
[2025-12-29 01:22:29.733] 🐛 DEBUG: Metadata file exists, size: 1472 bytes INFO
[2025-12-29 01:22:29.733] 🐛 DEBUG: Successfully loaded metadata with 1 versions INFO
[2025-12-29 01:22:29.733] 🐛 DEBUG: list_versions() called INFO
[2025-12-29 01:22:29.733] 🐛 DEBUG: Metadata file exists: True INFO
[2025-12-29 01:22:29.733] 🐛 DEBUG: HDF5 file exists: True INFO
[2025-12-29 01:22:29.733] 🐛 DEBUG: Reloading metadata to get latest versions INFO
[2025-12-29 01:22:29.733] 🐛 DEBUG: _load_metadata() checking versioned_artifacts/ETHUSDT_binance_15m_long_mean_reversion/metadata.json INFO
[2025-12-29 01:22:29.733] 🐛 DEBUG: Metadata file exists, size: 1472 bytes INFO
[2025-12-29 01:22:29.733] 🐛 DEBUG: Successfully loaded metadata with 1 versions INFO
[2025-12-29 01:22:29.733] 🐛 DEBUG: Found 1 versions in metadata: ['ml_mean_reversion_training_data_15m_20251213_170600_968'] INFO
[2025-12-29 01:22:29.733] 🐛 DEBUG: Found 1 versions in HDF5: ['ml_mean_reversion_training_data_15m_20251213_170600_968'] INFO
[2025-12-29 01:22:29.733] 🐛 DEBUG: _load_metadata() checking versioned_artifacts/ETHUSDT_binance_15m_long_full/metadata.json INFO
[2025-12-29 01:22:29.733] 🐛 DEBUG: Metadata file exists, size: 139 bytes INFO
[2025-12-29 01:22:29.733] 🐛 DEBUG: Successfully loaded metadata with 0 versions INFO
[2025-12-29 01:22:29.733] 🐛 DEBUG: list_versions() called INFO
[2025-12-29 01:22:29.733] 🐛 DEBUG: Metadata file exists: True INFO
[2025-12-29 01:22:29.733] 🐛 DEBUG: HDF5 file exists: True INFO
[2025-12-29 01:22:29.733] 🐛 DEBUG: Reloading metadata to get latest versions INFO
[2025-12-29 01:22:29.733] 🐛 DEBUG: _load_metadata() checking versioned_artifacts/ETHUSDT_binance_15m_long_full/metadata.json INFO
[2025-12-29 01:22:29.733] 🐛 DEBUG: Metadata file exists, size: 139 bytes INFO
[2025-12-29 01:22:29.733] 🐛 DEBUG: Successfully loaded metadata with 0 versions INFO
[2025-12-29 01:22:29.734] 🐛 DEBUG: Found 0 versions in metadata: [] INFO
[2025-12-29 01:22:29.734] 🐛 DEBUG: Found 0 versions in HDF5: [] INFO
[2025-12-29 01:22:29.734] 🐛 DEBUG: _load_metadata() checking versioned_artifacts/ETHUSDT_binance_15m_long_regime_meso_trend/metadata.json INFO
[2025-12-29 01:22:29.734] 🐛 DEBUG: Metadata file exists, size: 139 bytes INFO
[2025-12-29 01:22:29.734] 🐛 DEBUG: Successfully loaded metadata with 0 versions INFO
[2025-12-29 01:22:29.734] 🐛 DEBUG: list_versions() called INFO
[2025-12-29 01:22:29.734] 🐛 DEBUG: Metadata file exists: True INFO
[2025-12-29 01:22:29.734] 🐛 DEBUG: HDF5 file exists: True INFO
[2025-12-29 01:22:29.734] 🐛 DEBUG: Reloading metadata to get latest versions INFO
[2025-12-29 01:22:29.734] 🐛 DEBUG: _load_metadata() checking versioned_artifacts/ETHUSDT_binance_15m_long_regime_meso_trend/metadata.json INFO
[2025-12-29 01:22:29.734] 🐛 DEBUG: Metadata file exists, size: 139 bytes INFO
[2025-12-29 01:22:29.734] 🐛 DEBUG: Successfully loaded metadata with 0 versions INFO
[2025-12-29 01:22:29.734] 🐛 DEBUG: Found 0 versions in metadata: [] INFO
[2025-12-29 01:22:29.734] 🐛 DEBUG: Found 0 versions in HDF5: [] INFO
[2025-12-29 01:22:29.734] 🐛 DEBUG: _load_metadata() checking versioned_artifacts/ETHUSDT_binance_15m_long_regime/metadata.json INFO
[2025-12-29 01:22:29.735] 🐛 DEBUG: Metadata file exists, size: 200 bytes INFO
[2025-12-29 01:22:29.735] 🐛 DEBUG: Successfully loaded metadata with 0 versions INFO
[2025-12-29 01:22:29.735] 🐛 DEBUG: list_versions() called INFO
[2025-12-29 01:22:29.735] 🐛 DEBUG: Metadata file exists: True INFO
[2025-12-29 01:22:29.735] 🐛 DEBUG: HDF5 file exists: True INFO
[2025-12-29 01:22:29.735] 🐛 DEBUG: Reloading metadata to get latest versions INFO
[2025-12-29 01:22:29.735] 🐛 DEBUG: _load_metadata() checking versioned_artifacts/ETHUSDT_binance_15m_long_regime/metadata.json INFO
[2025-12-29 01:22:29.735] 🐛 DEBUG: Metadata file exists, size: 200 bytes INFO
[2025-12-29 01:22:29.735] 🐛 DEBUG: Successfully loaded metadata with 0 versions INFO
[2025-12-29 01:22:29.735] 🐛 DEBUG: Found 0 versions in metadata: [] INFO
[2025-12-29 01:22:29.735] 🐛 DEBUG: Found 0 versions in HDF5: [] INFO
[2025-12-29 01:22:29.735] 🐛 DEBUG: _load_metadata() checking versioned_artifacts/ETHUSDT_binance_1h_long_smc_regime/metadata.json INFO
[2025-12-29 01:22:29.735] 🐛 DEBUG: Metadata file exists, size: 3536 bytes INFO
[2025-12-29 01:22:29.735] 🐛 DEBUG: Successfully loaded metadata with 5 versions INFO
[2025-12-29 01:22:29.735] 🐛 DEBUG: list_versions() called INFO
[2025-12-29 01:22:29.735] 🐛 DEBUG: Metadata file exists: True INFO
[2025-12-29 01:22:29.735] 🐛 DEBUG: HDF5 file exists: True INFO
[2025-12-29 01:22:29.735] 🐛 DEBUG: Reloading metadata to get latest versions INFO
[2025-12-29 01:22:29.735] 🐛 DEBUG: _load_metadata() checking versioned_artifacts/ETHUSDT_binance_1h_long_smc_regime/metadata.json INFO
[2025-12-29 01:22:29.735] 🐛 DEBUG: Metadata file exists, size: 3536 bytes INFO
[2025-12-29 01:22:29.735] 🐛 DEBUG: Successfully loaded metadata with 5 versions INFO
[2025-12-29 01:22:29.735] 🐛 DEBUG: Found 5 versions in metadata: ['smc_predictions_with_confidence_20251124_233038_087', 'smc_predictions_with_confidence_20251125_001011_321', 'smc_predictions_with_confidence_20251125_001842_252', 'smc_predictions_with_confidence_20251126_003009_061', 'smc_predictions_with_confidence_20251126_003415_856'] INFO
[2025-12-29 01:22:29.736] 🐛 DEBUG: Found 5 versions in HDF5: ['smc_predictions_with_confidence_20251124_233038_087', 'smc_predictions_with_confidence_20251125_001011_321', 'smc_predictions_with_confidence_20251125_001842_252', 'smc_predictions_with_confidence_20251126_003009_061', 'smc_predictions_with_confidence_20251126_003415_856'] INFO
[2025-12-29 01:22:29.736] 🐛 DEBUG: _load_metadata() checking versioned_artifacts/ETHUSDT_binance_15m_long_regime_path/metadata.json INFO
[2025-12-29 01:22:29.736] 🐛 DEBUG: Metadata file exists, size: 200 bytes INFO
[2025-12-29 01:22:29.736] 🐛 DEBUG: Successfully loaded metadata with 0 versions INFO
[2025-12-29 01:22:29.736] 🐛 DEBUG: list_versions() called INFO
[2025-12-29 01:22:29.736] 🐛 DEBUG: Metadata file exists: True INFO
[2025-12-29 01:22:29.736] 🐛 DEBUG: HDF5 file exists: True INFO
[2025-12-29 01:22:29.736] 🐛 DEBUG: Reloading metadata to get latest versions INFO
[2025-12-29 01:22:29.736] 🐛 DEBUG: _load_metadata() checking versioned_artifacts/ETHUSDT_binance_15m_long_regime_path/metadata.json INFO
[2025-12-29 01:22:29.736] 🐛 DEBUG: Metadata file exists, size: 200 bytes INFO
[2025-12-29 01:22:29.736] 🐛 DEBUG: Successfully loaded metadata with 0 versions INFO
[2025-12-29 01:22:29.736] 🐛 DEBUG: Found 0 versions in metadata: [] INFO
[2025-12-29 01:22:29.736] 🐛 DEBUG: Found 0 versions in HDF5: [] INFO
[2025-12-29 01:22:29.736] 🐛 DEBUG: _load_metadata() checking versioned_artifacts/ETHUSDT_binance_1h_long_light/metadata.json INFO
[2025-12-29 01:22:29.736] 🐛 DEBUG: Metadata file exists, size: 139 bytes INFO
[2025-12-29 01:22:29.737] 🐛 DEBUG: Successfully loaded metadata with 0 versions INFO
[2025-12-29 01:22:29.737] 🐛 DEBUG: list_versions() called INFO
[2025-12-29 01:22:29.737] 🐛 DEBUG: Metadata file exists: True INFO
[2025-12-29 01:22:29.737] 🐛 DEBUG: HDF5 file exists: True INFO
[2025-12-29 01:22:29.737] 🐛 DEBUG: Reloading metadata to get latest versions INFO
[2025-12-29 01:22:29.737] 🐛 DEBUG: _load_metadata() checking versioned_artifacts/ETHUSDT_binance_1h_long_light/metadata.json INFO
[2025-12-29 01:22:29.737] 🐛 DEBUG: Metadata file exists, size: 139 bytes INFO
[2025-12-29 01:22:29.737] 🐛 DEBUG: Successfully loaded metadata with 0 versions INFO
[2025-12-29 01:22:29.737] 🐛 DEBUG: Found 0 versions in metadata: [] INFO
[2025-12-29 01:22:29.737] 🐛 DEBUG: Found 0 versions in HDF5: [] INFO
[2025-12-29 01:22:29.737] 🐛 DEBUG: _load_metadata() checking versioned_artifacts/ETHUSDT_binance_15m_long_light/metadata.json INFO
[2025-12-29 01:22:29.737] 🐛 DEBUG: Metadata file exists, size: 1538 bytes INFO
[2025-12-29 01:22:29.737] 🐛 DEBUG: Successfully loaded metadata with 3 versions INFO
[2025-12-29 01:22:29.737] 🐛 DEBUG: list_versions() called INFO
[2025-12-29 01:22:29.737] 🐛 DEBUG: Metadata file exists: True INFO
[2025-12-29 01:22:29.737] 🐛 DEBUG: HDF5 file exists: True INFO
[2025-12-29 01:22:29.737] 🐛 DEBUG: Reloading metadata to get latest versions INFO
[2025-12-29 01:22:29.737] 🐛 DEBUG: _load_metadata() checking versioned_artifacts/ETHUSDT_binance_15m_long_light/metadata.json INFO
[2025-12-29 01:22:29.737] 🐛 DEBUG: Metadata file exists, size: 1538 bytes INFO
[2025-12-29 01:22:29.737] 🐛 DEBUG: Successfully loaded metadata with 3 versions INFO
[2025-12-29 01:22:29.737] 🐛 DEBUG: Found 3 versions in metadata: ['selected_features_60_20251109_191448_625', 'selected_features_50_20251109_191448_653', 'selected_features_40_20251109_191448_677'] INFO
[2025-12-29 01:22:29.738] 🐛 DEBUG: Found 3 versions in HDF5: ['selected_features_40_20251109_191448_677', 'selected_features_50_20251109_191448_653', 'selected_features_60_20251109_191448_625'] INFO
[2025-12-29 01:22:29.738] 🐛 DEBUG: _load_metadata() checking versioned_artifacts/ETHUSDT_binance_15m_long_regime_macro_trend/metadata.json INFO
[2025-12-29 01:22:29.738] 🐛 DEBUG: Metadata file exists, size: 5567 bytes INFO
[2025-12-29 01:22:29.738] 🐛 DEBUG: Successfully loaded metadata with 2 versions INFO
[2025-12-29 01:22:29.738] 🐛 DEBUG: list_versions() called INFO
[2025-12-29 01:22:29.738] 🐛 DEBUG: Metadata file exists: True INFO
[2025-12-29 01:22:29.738] 🐛 DEBUG: HDF5 file exists: True INFO
[2025-12-29 01:22:29.738] 🐛 DEBUG: Reloading metadata to get latest versions INFO
[2025-12-29 01:22:29.738] 🐛 DEBUG: _load_metadata() checking versioned_artifacts/ETHUSDT_binance_15m_long_regime_macro_trend/metadata.json INFO
[2025-12-29 01:22:29.738] 🐛 DEBUG: Metadata file exists, size: 5567 bytes INFO
[2025-12-29 01:22:29.738] 🐛 DEBUG: Successfully loaded metadata with 2 versions INFO
[2025-12-29 01:22:29.738] 🐛 DEBUG: Found 2 versions in metadata: ['hmm_macro_trend_training_data_15m_20251213_170722_611', 'hmm_macro_trend_regime_stats_15m_20251213_170725_853'] INFO
[2025-12-29 01:22:29.738] 🐛 DEBUG: Found 2 versions in HDF5: ['hmm_macro_trend_regime_stats_15m_20251213_170725_853', 'hmm_macro_trend_training_data_15m_20251213_170722_611'] INFO
[2025-12-29 01:22:29.738] 🐛 DEBUG: _load_metadata() checking versioned_artifacts/ETHUSDT_binance_1h_long_full/metadata.json INFO
[2025-12-29 01:22:29.738] 🐛 DEBUG: Metadata file exists, size: 139 bytes INFO
[2025-12-29 01:22:29.739] 🐛 DEBUG: Successfully loaded metadata with 0 versions INFO
[2025-12-29 01:22:29.739] 🐛 DEBUG: list_versions() called INFO
[2025-12-29 01:22:29.739] 🐛 DEBUG: Metadata file exists: True INFO
[2025-12-29 01:22:29.739] 🐛 DEBUG: HDF5 file exists: True INFO
[2025-12-29 01:22:29.739] 🐛 DEBUG: Reloading metadata to get latest versions INFO
[2025-12-29 01:22:29.739] 🐛 DEBUG: _load_metadata() checking versioned_artifacts/ETHUSDT_binance_1h_long_full/metadata.json INFO
[2025-12-29 01:22:29.739] 🐛 DEBUG: Metadata file exists, size: 139 bytes INFO
[2025-12-29 01:22:29.739] 🐛 DEBUG: Successfully loaded metadata with 0 versions INFO
[2025-12-29 01:22:29.739] 🐛 DEBUG: Found 0 versions in metadata: [] INFO
[2025-12-29 01:22:29.739] 🐛 DEBUG: Found 0 versions in HDF5: [] INFO
[2025-12-29 01:22:29.739] 🐛 DEBUG: _load_metadata() checking versioned_artifacts/ETHUSDT_binance_15m_short_mean_reversion/metadata.json INFO
[2025-12-29 01:22:29.739] 🐛 DEBUG: Metadata file exists, size: 139 bytes INFO
[2025-12-29 01:22:29.739] 🐛 DEBUG: Successfully loaded metadata with 0 versions INFO
[2025-12-29 01:22:29.739] 🐛 DEBUG: list_versions() called INFO
[2025-12-29 01:22:29.739] 🐛 DEBUG: Metadata file exists: True INFO
[2025-12-29 01:22:29.739] 🐛 DEBUG: HDF5 file exists: True INFO
[2025-12-29 01:22:29.739] 🐛 DEBUG: Reloading metadata to get latest versions INFO
[2025-12-29 01:22:29.739] 🐛 DEBUG: _load_metadata() checking versioned_artifacts/ETHUSDT_binance_15m_short_mean_reversion/metadata.json INFO
[2025-12-29 01:22:29.739] 🐛 DEBUG: Metadata file exists, size: 139 bytes INFO
[2025-12-29 01:22:29.739] 🐛 DEBUG: Successfully loaded metadata with 0 versions INFO
[2025-12-29 01:22:29.739] 🐛 DEBUG: Found 0 versions in metadata: [] INFO
[2025-12-29 01:22:29.739] 🐛 DEBUG: Found 0 versions in HDF5: [] INFO
[2025-12-29 01:22:29.740] 🐛 DEBUG: _load_metadata() checking versioned_artifacts/ETHUSDT_binance_1h_long_regime_risk_hmm/metadata.json INFO
[2025-12-29 01:22:29.740] 🐛 DEBUG: Metadata file exists, size: 139 bytes INFO
[2025-12-29 01:22:29.740] 🐛 DEBUG: Successfully loaded metadata with 0 versions INFO
[2025-12-29 01:22:29.740] 🐛 DEBUG: list_versions() called INFO
[2025-12-29 01:22:29.740] 🐛 DEBUG: Metadata file exists: True INFO
[2025-12-29 01:22:29.740] 🐛 DEBUG: HDF5 file exists: True INFO
[2025-12-29 01:22:29.740] 🐛 DEBUG: Reloading metadata to get latest versions INFO
[2025-12-29 01:22:29.740] 🐛 DEBUG: _load_metadata() checking versioned_artifacts/ETHUSDT_binance_1h_long_regime_risk_hmm/metadata.json INFO
[2025-12-29 01:22:29.740] 🐛 DEBUG: Metadata file exists, size: 139 bytes INFO
[2025-12-29 01:22:29.740] 🐛 DEBUG: Successfully loaded metadata with 0 versions INFO
[2025-12-29 01:22:29.740] 🐛 DEBUG: Found 0 versions in metadata: [] INFO
[2025-12-29 01:22:29.740] 🐛 DEBUG: Found 0 versions in HDF5: [] INFO
[2025-12-29 01:22:29.740] 🐛 DEBUG: _load_metadata() checking versioned_artifacts/ETHUSDT_binance_1h_long_regime_risk/metadata.json INFO
[2025-12-29 01:22:29.740] 🐛 DEBUG: Metadata file exists, size: 139 bytes INFO
[2025-12-29 01:22:29.740] 🐛 DEBUG: Successfully loaded metadata with 0 versions INFO
[2025-12-29 01:22:29.740] 🐛 DEBUG: list_versions() called INFO
[2025-12-29 01:22:29.740] 🐛 DEBUG: Metadata file exists: True INFO
[2025-12-29 01:22:29.740] 🐛 DEBUG: HDF5 file exists: True INFO
[2025-12-29 01:22:29.740] 🐛 DEBUG: Reloading metadata to get latest versions INFO
[2025-12-29 01:22:29.740] 🐛 DEBUG: _load_metadata() checking versioned_artifacts/ETHUSDT_binance_1h_long_regime_risk/metadata.json INFO
[2025-12-29 01:22:29.740] 🐛 DEBUG: Metadata file exists, size: 139 bytes INFO
[2025-12-29 01:22:29.740] 🐛 DEBUG: Successfully loaded metadata with 0 versions INFO
[2025-12-29 01:22:29.740] 🐛 DEBUG: Found 0 versions in metadata: [] INFO
[2025-12-29 01:22:29.741] 🐛 DEBUG: Found 0 versions in HDF5: [] INFO
[2025-12-29 01:22:29.741] 🐛 DEBUG: _load_metadata() checking versioned_artifacts/ETHUSDT_binance_1h_long_blank/metadata.json INFO
[2025-12-29 01:22:29.741] 🐛 DEBUG: Metadata file exists, size: 139 bytes INFO
[2025-12-29 01:22:29.741] 🐛 DEBUG: Successfully loaded metadata with 0 versions INFO
[2025-12-29 01:22:29.741] 🐛 DEBUG: list_versions() called INFO
[2025-12-29 01:22:29.741] 🐛 DEBUG: Metadata file exists: True INFO
[2025-12-29 01:22:29.741] 🐛 DEBUG: HDF5 file exists: True INFO
[2025-12-29 01:22:29.741] 🐛 DEBUG: Reloading metadata to get latest versions INFO
[2025-12-29 01:22:29.741] 🐛 DEBUG: _load_metadata() checking versioned_artifacts/ETHUSDT_binance_1h_long_blank/metadata.json INFO
[2025-12-29 01:22:29.741] 🐛 DEBUG: Metadata file exists, size: 139 bytes INFO
[2025-12-29 01:22:29.741] 🐛 DEBUG: Successfully loaded metadata with 0 versions INFO
[2025-12-29 01:22:29.741] 🐛 DEBUG: Found 0 versions in metadata: [] INFO
[2025-12-29 01:22:29.741] 🐛 DEBUG: Found 0 versions in HDF5: [] INFO
[2025-12-29 01:22:29.741] 🐛 DEBUG: _load_metadata() checking versioned_artifacts/ETHUSDT_binance_15m_long_regime_mr_trend/metadata.json INFO
[2025-12-29 01:22:29.741] 🐛 DEBUG: Metadata file exists, size: 139 bytes INFO
[2025-12-29 01:22:29.741] 🐛 DEBUG: Successfully loaded metadata with 0 versions INFO
[2025-12-29 01:22:29.741] 🐛 DEBUG: list_versions() called INFO
[2025-12-29 01:22:29.742] 🐛 DEBUG: Metadata file exists: True INFO
[2025-12-29 01:22:29.742] 🐛 DEBUG: HDF5 file exists: True INFO
[2025-12-29 01:22:29.742] 🐛 DEBUG: Reloading metadata to get latest versions INFO
[2025-12-29 01:22:29.742] 🐛 DEBUG: _load_metadata() checking versioned_artifacts/ETHUSDT_binance_15m_long_regime_mr_trend/metadata.json INFO
[2025-12-29 01:22:29.742] 🐛 DEBUG: Metadata file exists, size: 139 bytes INFO
[2025-12-29 01:22:29.742] 🐛 DEBUG: Successfully loaded metadata with 0 versions INFO
[2025-12-29 01:22:29.742] 🐛 DEBUG: Found 0 versions in metadata: [] INFO
[2025-12-29 01:22:29.742] 🐛 DEBUG: Found 0 versions in HDF5: [] INFO
[2025-12-29 01:22:29.742] 🐛 DEBUG: _load_metadata() checking versioned_artifacts/ETHUSDT_binance_15m_long_regime_risk_hmm/metadata.json INFO
[2025-12-29 01:22:29.742] 🐛 DEBUG: Metadata file exists, size: 1035 bytes INFO
[2025-12-29 01:22:29.742] 🐛 DEBUG: Successfully loaded metadata with 1 versions INFO
[2025-12-29 01:22:29.742] 🐛 DEBUG: list_versions() called INFO
[2025-12-29 01:22:29.742] 🐛 DEBUG: Metadata file exists: True INFO
[2025-12-29 01:22:29.742] 🐛 DEBUG: HDF5 file exists: True INFO
[2025-12-29 01:22:29.742] 🐛 DEBUG: Reloading metadata to get latest versions INFO
[2025-12-29 01:22:29.742] 🐛 DEBUG: _load_metadata() checking versioned_artifacts/ETHUSDT_binance_15m_long_regime_risk_hmm/metadata.json INFO
[2025-12-29 01:22:29.742] 🐛 DEBUG: Metadata file exists, size: 1035 bytes INFO
[2025-12-29 01:22:29.742] 🐛 DEBUG: Successfully loaded metadata with 1 versions INFO
[2025-12-29 01:22:29.742] 🐛 DEBUG: Found 1 versions in metadata: ['ml_risk_hmm_training_data_15m_20251205_191725_560'] INFO
[2025-12-29 01:22:29.742] 🐛 DEBUG: Found 1 versions in HDF5: ['ml_risk_hmm_training_data_15m_20251205_191725_560'] INFO
[2025-12-29 01:22:29.743] 🐛 DEBUG: _load_metadata() checking versioned_artifacts/ETHUSDT_binance_15m_long_analyst/metadata.json INFO
[2025-12-29 01:22:29.743] 🐛 DEBUG: Metadata file exists, size: 24005 bytes INFO
[2025-12-29 01:22:29.743] 🐛 DEBUG: Successfully loaded metadata with 8 versions INFO
[2025-12-29 01:22:29.743] 🐛 DEBUG: list_versions() called INFO
[2025-12-29 01:22:29.743] 🐛 DEBUG: Metadata file exists: True INFO
[2025-12-29 01:22:29.743] 🐛 DEBUG: HDF5 file exists: True INFO
[2025-12-29 01:22:29.743] 🐛 DEBUG: Reloading metadata to get latest versions INFO
[2025-12-29 01:22:29.743] 🐛 DEBUG: _load_metadata() checking versioned_artifacts/ETHUSDT_binance_15m_long_analyst/metadata.json INFO
[2025-12-29 01:22:29.743] 🐛 DEBUG: Metadata file exists, size: 24005 bytes INFO
[2025-12-29 01:22:29.743] 🐛 DEBUG: Successfully loaded metadata with 8 versions INFO
[2025-12-29 01:22:29.743] 🐛 DEBUG: Found 8 versions in metadata: ['weighted_meta_model_training_matrix_ETHUSDT_binance_15m_long_20251214_184321_623', 'labeled_data_ETHUSDT_binance_15m_long_20251214_220950_753', 'labeled_data_ETHUSDT_binance_15m_long_20251214_224631_542', 'labeled_data_ETHUSDT_binance_15m_long_20251214_233640_586', 'labeled_data_ETHUSDT_binance_15m_long_20251214_235041_562', 'labeled_data_ETHUSDT_15m_20251219_235959_715', 'labeled_data_ETHUSDT_15m_20251220_000301_152', 'labeled_data_ETHUSDT_15m_20251220_000738_204'] INFO
[2025-12-29 01:22:29.743] 🐛 DEBUG: Found 8 versions in HDF5: ['labeled_data_ETHUSDT_15m_20251219_235959_715', 'labeled_data_ETHUSDT_15m_20251220_000301_152', 'labeled_data_ETHUSDT_15m_20251220_000738_204', 'labeled_data_ETHUSDT_binance_15m_long_20251214_220950_753', 'labeled_data_ETHUSDT_binance_15m_long_20251214_224631_542', 'labeled_data_ETHUSDT_binance_15m_long_20251214_233640_586', 'labeled_data_ETHUSDT_binance_15m_long_20251214_235041_562', 'weighted_meta_model_training_matrix_ETHUSDT_binance_15m_long_20251214_184321_623'] INFO
[2025-12-29 01:22:29.743] 🐛 DEBUG: _load_metadata() checking versioned_artifacts/ETHUSDT_binance_1h_long_regime_macro_trend/metadata.json INFO
[2025-12-29 01:22:29.743] 🐛 DEBUG: Metadata file exists, size: 17432 bytes INFO
[2025-12-29 01:22:29.743] 🐛 DEBUG: Successfully loaded metadata with 5 versions INFO
[2025-12-29 01:22:29.744] 🐛 DEBUG: list_versions() called INFO
[2025-12-29 01:22:29.744] 🐛 DEBUG: Metadata file exists: True INFO
[2025-12-29 01:22:29.744] 🐛 DEBUG: HDF5 file exists: True INFO
[2025-12-29 01:22:29.744] 🐛 DEBUG: Reloading metadata to get latest versions INFO
[2025-12-29 01:22:29.744] 🐛 DEBUG: _load_metadata() checking versioned_artifacts/ETHUSDT_binance_1h_long_regime_macro_trend/metadata.json INFO
[2025-12-29 01:22:29.744] 🐛 DEBUG: Metadata file exists, size: 17432 bytes INFO
[2025-12-29 01:22:29.744] 🐛 DEBUG: Successfully loaded metadata with 5 versions INFO
[2025-12-29 01:22:29.744] 🐛 DEBUG: Found 5 versions in metadata: ['hmm_macro_trend_regime_quality_1h_20251204_224507_427', 'hmm_macro_trend_regime_quality_1h_20251204_225044_960', 'hmm_macro_trend_regime_quality_1h_20251205_183537_791', 'hmm_macro_trend_regime_quality_1h_20251205_191709_242', 'hmm_macro_trend_regime_quality_1h_20251213_170722_488'] INFO
[2025-12-29 01:22:29.744] 🐛 DEBUG: Found 5 versions in HDF5: ['hmm_macro_trend_regime_quality_1h_20251204_224507_427', 'hmm_macro_trend_regime_quality_1h_20251204_225044_960', 'hmm_macro_trend_regime_quality_1h_20251205_183537_791', 'hmm_macro_trend_regime_quality_1h_20251205_191709_242', 'hmm_macro_trend_regime_quality_1h_20251213_170722_488'] INFO
[2025-12-29 01:22:29.744] 🐛 DEBUG: _load_metadata() checking versioned_artifacts/ETHUSDT_binance_1h_long_regime/metadata.json INFO
[2025-12-29 01:22:29.744] 🐛 DEBUG: Metadata file exists, size: 3249 bytes INFO
[2025-12-29 01:22:29.744] 🐛 DEBUG: Successfully loaded metadata with 5 versions INFO
[2025-12-29 01:22:29.744] 🐛 DEBUG: list_versions() called INFO
[2025-12-29 01:22:29.744] 🐛 DEBUG: Metadata file exists: True INFO
[2025-12-29 01:22:29.744] 🐛 DEBUG: HDF5 file exists: True INFO
[2025-12-29 01:22:29.744] 🐛 DEBUG: Reloading metadata to get latest versions INFO
[2025-12-29 01:22:29.744] 🐛 DEBUG: _load_metadata() checking versioned_artifacts/ETHUSDT_binance_1h_long_regime/metadata.json INFO
[2025-12-29 01:22:29.744] 🐛 DEBUG: Metadata file exists, size: 3249 bytes INFO
[2025-12-29 01:22:29.744] 🐛 DEBUG: Successfully loaded metadata with 5 versions INFO
[2025-12-29 01:22:29.745] 🐛 DEBUG: Found 5 versions in metadata: ['rolling_hmm_regime_confidence_features_20251122_003448_094', 'rolling_hmm_economic_features_20251122_003448_124', 'rolling_hmm_regime_labels_20251122_003448_165', 'rolling_hmm_regime_probabilities_20251122_003448_178', 'rolling_hmm_transition_matrix_20251122_003448_193'] INFO
[2025-12-29 01:22:29.745] 🐛 DEBUG: Found 5 versions in HDF5: ['rolling_hmm_economic_features_20251122_003448_124', 'rolling_hmm_regime_confidence_features_20251122_003448_094', 'rolling_hmm_regime_labels_20251122_003448_165', 'rolling_hmm_regime_probabilities_20251122_003448_178', 'rolling_hmm_transition_matrix_20251122_003448_193'] INFO
[2025-12-29 01:22:29.745] 🐛 DEBUG: _load_metadata() checking versioned_artifacts/ETHUSDT_binance_15m_long_blank/metadata.json INFO
[2025-12-29 01:22:29.745] 🐛 DEBUG: Metadata file exists, size: 139 bytes INFO
[2025-12-29 01:22:29.745] 🐛 DEBUG: Successfully loaded metadata with 0 versions INFO
[2025-12-29 01:22:29.745] 🐛 DEBUG: list_versions() called INFO
[2025-12-29 01:22:29.745] 🐛 DEBUG: Metadata file exists: True INFO
[2025-12-29 01:22:29.745] 🐛 DEBUG: HDF5 file exists: True INFO
[2025-12-29 01:22:29.745] 🐛 DEBUG: Reloading metadata to get latest versions INFO
[2025-12-29 01:22:29.745] 🐛 DEBUG: _load_metadata() checking versioned_artifacts/ETHUSDT_binance_15m_long_blank/metadata.json INFO
[2025-12-29 01:22:29.745] 🐛 DEBUG: Metadata file exists, size: 139 bytes INFO
[2025-12-29 01:22:29.745] 🐛 DEBUG: Successfully loaded metadata with 0 versions INFO
[2025-12-29 01:22:29.745] 🐛 DEBUG: Found 0 versions in metadata: [] INFO
[2025-12-29 01:22:29.745] 🐛 DEBUG: Found 0 versions in HDF5: [] INFO
[2025-12-29 01:22:29.747] 🐛 DEBUG: _load_metadata() checking versioned_artifacts/ETHUSDT_binance_15m_long_regime_alpha/metadata.json INFO
[2025-12-29 01:22:29.747] 🐛 DEBUG: Metadata file exists, size: 139 bytes INFO
[2025-12-29 01:22:29.747] 🐛 DEBUG: Successfully loaded metadata with 0 versions INFO
[2025-12-29 01:22:29.747] 🐛 DEBUG: list_versions() called INFO
[2025-12-29 01:22:29.747] 🐛 DEBUG: Metadata file exists: True INFO
[2025-12-29 01:22:29.747] 🐛 DEBUG: HDF5 file exists: True INFO
[2025-12-29 01:22:29.747] 🐛 DEBUG: Reloading metadata to get latest versions INFO
[2025-12-29 01:22:29.747] 🐛 DEBUG: _load_metadata() checking versioned_artifacts/ETHUSDT_binance_15m_long_regime_alpha/metadata.json INFO
[2025-12-29 01:22:29.747] 🐛 DEBUG: Metadata file exists, size: 139 bytes INFO
[2025-12-29 01:22:29.747] 🐛 DEBUG: Successfully loaded metadata with 0 versions INFO
[2025-12-29 01:22:29.747] 🐛 DEBUG: Found 0 versions in metadata: [] INFO
[2025-12-29 01:22:29.747] 🐛 DEBUG: Found 0 versions in HDF5: [] INFO
2025-12-29 01:22:29,747 - System.ArtifactManager - WARNING - ⚠️ Artifact not found: market_data
2025-12-29 01:22:29,747 - System.ArtifactManager - INFO - ℹ️ 📁 Context set: step=meta_labeling_hpo_sample_weighted, symbol=None, exchange=None, timeframe=None, datetime=2025-12-29 01:22:29.659468, information=None, direction=long, model=Analyst
[2025-12-29 01:22:29.747] ⚠️ Artifact 'market_data' not found in any storage | UNKNOWN/binance [15m] long/analyst
2025-12-29 01:22:29,748 - System.ArtifactManager - INFO - ℹ️ 📁 Context set: step=data_reading, symbol=ETHUSDT, exchange=binance, timeframe=15m, datetime=2025-12-29 00:22:29.748042, information=None, direction=long, model=Analyst
[2025-12-29 01:22:29.748] 📂 Retrieving artifact 'ohlcv_data' (type: data) | UNKNOWN/binance [15m] long/analyst
[2025-12-29 01:22:29.748] PERFORMANCE: ┌──────────────────────────────────────────────────────────────────────────────┐
[2025-12-29 01:22:29.748] PERFORMANCE: │  📥 ARTIFACT ROUTER: LOAD OPERATION                                         │
[2025-12-29 01:22:29.748] PERFORMANCE: └──────────────────────────────────────────────────────────────────────────────┘
[2025-12-29 01:22:29.748] PERFORMANCE: 🏷️  [ROUTER] Artifact: 'ohlcv_data'
[2025-12-29 01:22:29.748] PERFORMANCE: 🔖 [ROUTER] Type hint: data
[2025-12-29 01:22:29.748] PERFORMANCE: 📂 [ROUTER] Category: historical
[2025-12-29 01:22:29.748] PERFORMANCE: 🌍 [ROUTER] Context:
[2025-12-29 01:22:29.748] PERFORMANCE:    ├─ symbol: UNKNOWN
[2025-12-29 01:22:29.748] PERFORMANCE:    ├─ exchange: binance
[2025-12-29 01:22:29.748] PERFORMANCE:    ├─ timeframe: 15m
[2025-12-29 01:22:29.748] PERFORMANCE:    ├─ direction: long
[2025-12-29 01:22:29.748] PERFORMANCE:    ├─ model: analyst
[2025-12-29 01:22:29.748] PERFORMANCE:    ├─ step_name: meta_labeling_hpo_sample_weighted
[2025-12-29 01:22:29.748] PERFORMANCE: 🔍 [ROUTER] Searching for artifact...
[2025-12-29 01:22:29.748] PERFORMANCE:   ┌─ 📊 PARQUET LOAD
[2025-12-29 01:22:29.748] PERFORMANCE:   │  Symbol: UNKNOWN, Exchange: binance, Interval: 15m
[2025-12-29 01:22:29.748] PERFORMANCE:   │  Using KlinesParquetManager...
[2025-12-29 01:22:29.748] 🐛 DEBUG [load_klines]: last_n_days=None, start_time=None, end_time=None INFO
[2025-12-29 01:22:29.748] WARNING: ⚠️ No klines files found for UNKNOWN binance 15m
2025-12-29 01:22:29,748 - src.utils.kline_parquet - INFO - ℹ️ load_klines executed in 0.24ms
[2025-12-29 01:22:29.748] WARNING:   │  ⚠️  Loaded empty DataFrame
[2025-12-29 01:22:29.748] WARNING:   └─ Trying next storage method
[2025-12-29 01:22:29.748] PERFORMANCE:   ┌─ 🗄️  HDF5 VERSIONED LOAD
[2025-12-29 01:22:29.748] PERFORMANCE:   │  Getting versioned store...
[2025-12-29 01:22:29.748] 🐛 DEBUG: _get_versioned_store() with store_key: UNKNOWN_binance_15m_long_analyst INFO
[2025-12-29 01:22:29.748] 🐛 DEBUG: Using existing cached store for UNKNOWN_binance_15m_long_analyst INFO
[2025-12-29 01:22:29.748] 🐛 DEBUG: get_statistics() called INFO
[2025-12-29 01:22:29.749] 🐛 DEBUG: Reloading metadata for statistics INFO
[2025-12-29 01:22:29.749] 🐛 DEBUG: _load_metadata() checking versioned_artifacts/UNKNOWN_binance_15m_long_analyst/metadata.json INFO
[2025-12-29 01:22:29.749] 🐛 DEBUG: Metadata file exists, size: 15351 bytes INFO
[2025-12-29 01:22:29.749] 🐛 DEBUG: Successfully loaded metadata with 5 versions INFO
[2025-12-29 01:22:29.749] 🐛 DEBUG: Statistics - num_versions: 5 INFO
[2025-12-29 01:22:29.749] 🐛 DEBUG: Statistics - current_version: final_validation_metrics_20251116_161159_946 INFO
[2025-12-29 01:22:29.749] 🐛 DEBUG: Statistics - h5_file_size_mb: 280.5141086578369 INFO
[2025-12-29 01:22:29.749] 🐛 DEBUG: Existing store statistics: {'store_path': 'versioned_artifacts/UNKNOWN_binance_15m_long_analyst', 'num_versions': 5, 'current_version': 'final_validation_metrics_20251116_161159_946', 'created_at': '2025-11-07T18:22:44.911801', 'h5_file_size_mb': 280.5141086578369, 'chunking': {'chunk_rows': 'auto', 'chunk_cols': 'auto'}, 'changelog': {'total_changes': 305, 'changes_by_type': {'add_data': 305}, 'top_versions': {'analyst_interaction_features_20251108_161950_019': 1, 'analyst_interaction_features_20251108_164300_578': 1, 'analyst_interaction_features_20251108_171945_952': 1, 'analyst_interaction_features_20251108_175314_530': 1, 'analyst_interaction_features_20251108_180922_905': 1, 'analyst_interaction_features_20251108_184752_938': 1, 'analyst_interaction_features_20251108_191026_801': 1, 'analyst_interaction_features_20251111_185727_726': 1, 'final_dataset_40_20251108_172617_791': 1, 'final_dataset_40_20251108_172829_013': 1}, 'time_range': {'earliest': '2025-11-07T18:27:00.789522', 'latest': '2025-11-24T21:16:51.681722'}}, 'row_versioning': {'total_rows_tracked': 0, 'total_versions': 0, 'average_versions_per_row': 0, 'most_versioned_rows': []}} INFO
[2025-12-29 01:22:29.749] 🐛 DEBUG: list_versions() called INFO
[2025-12-29 01:22:29.749] 🐛 DEBUG: Metadata file exists: True INFO
[2025-12-29 01:22:29.749] 🐛 DEBUG: HDF5 file exists: True INFO
[2025-12-29 01:22:29.749] 🐛 DEBUG: Reloading metadata to get latest versions INFO
[2025-12-29 01:22:29.749] 🐛 DEBUG: _load_metadata() checking versioned_artifacts/UNKNOWN_binance_15m_long_analyst/metadata.json INFO
[2025-12-29 01:22:29.749] 🐛 DEBUG: Metadata file exists, size: 15351 bytes INFO
[2025-12-29 01:22:29.749] 🐛 DEBUG: Successfully loaded metadata with 5 versions INFO
[2025-12-29 01:22:29.749] 🐛 DEBUG: Found 5 versions in metadata: ['final_dataset_60_20251116_161159_683', 'final_dataset_50_20251116_161159_720', 'final_dataset_40_20251116_161159_752', 'labeled_dataframe_20251116_161159_781', 'final_validation_metrics_20251116_161159_946'] INFO
[2025-12-29 01:22:29.750] 🐛 DEBUG: Found 5 versions in HDF5: ['final_dataset_40_20251116_161159_752', 'final_dataset_50_20251116_161159_720', 'final_dataset_60_20251116_161159_683', 'final_validation_metrics_20251116_161159_946', 'labeled_dataframe_20251116_161159_781'] INFO
[2025-12-29 01:22:29.750] PERFORMANCE:   │  Found 5 versions in store
[2025-12-29 01:22:29.750] WARNING:   │  No matching versions in primary store
[2025-12-29 01:22:29.750] PERFORMANCE:   │  Checking alternate stores...
[2025-12-29 01:22:29.750] 🐛 DEBUG: list_versions() called INFO
[2025-12-29 01:22:29.750] 🐛 DEBUG: Metadata file exists: True INFO
[2025-12-29 01:22:29.750] 🐛 DEBUG: HDF5 file exists: True INFO
[2025-12-29 01:22:29.750] 🐛 DEBUG: Reloading metadata to get latest versions INFO
[2025-12-29 01:22:29.750] 🐛 DEBUG: _load_metadata() checking versioned_artifacts/UNKNOWN_binance_15m_long_analyst/metadata.json INFO
[2025-12-29 01:22:29.750] 🐛 DEBUG: Metadata file exists, size: 15351 bytes INFO
[2025-12-29 01:22:29.750] 🐛 DEBUG: Successfully loaded metadata with 5 versions INFO
[2025-12-29 01:22:29.750] 🐛 DEBUG: Found 5 versions in metadata: ['final_dataset_60_20251116_161159_683', 'final_dataset_50_20251116_161159_720', 'final_dataset_40_20251116_161159_752', 'labeled_dataframe_20251116_161159_781', 'final_validation_metrics_20251116_161159_946'] INFO
[2025-12-29 01:22:29.750] 🐛 DEBUG: Found 5 versions in HDF5: ['final_dataset_40_20251116_161159_752', 'final_dataset_50_20251116_161159_720', 'final_dataset_60_20251116_161159_683', 'final_validation_metrics_20251116_161159_946', 'labeled_dataframe_20251116_161159_781'] INFO
[2025-12-29 01:22:29.750] WARNING:   │  ⚠️  Not found in any versioned store
[2025-12-29 01:22:29.750] WARNING:   └─ Trying next storage method
[2025-12-29 01:22:29.750] ERROR: ┌──────────────────────────────────────────────────────────────────────────────┐
[2025-12-29 01:22:29.750] ERROR: │  ❌ ARTIFACT ROUTER: LOAD FAILED - NOT FOUND                                │
[2025-12-29 01:22:29.750] ERROR: │  Artifact 'ohlcv_data' not found in any storage                        │ 
[2025-12-29 01:22:29.750] ERROR: └──────────────────────────────────────────────────────────────────────────────┘
2025-12-29 01:22:29,751 - ares.step.meta_labeling_hpo_sample_weighted - WARNING - ⚠️ Artifact 'ohlcv_data' not found via router, trying traditional manager
[2025-12-29 01:22:29.750] ⚠️ Trying fallback to traditional artifact manager | UNKNOWN/binance [15m] long/analyst
2025-12-29 01:22:29,751 - System.ArtifactManager - INFO - ℹ️ 📁 Context set: step=meta_labeling_hpo_sample_weighted, symbol=None, exchange=None, timeframe=15m, datetime=2025-12-29 01:22:29.659468, information=None, direction=long, model=Analyst
[2025-12-29 01:22:29.751] 🐛 DEBUG: _load_metadata() checking versioned_artifacts/UNKNOWN_binance_1h_long_analyst/metadata.json INFO
[2025-12-29 01:22:29.751] 🐛 DEBUG: Metadata file exists, size: 200 bytes INFO
[2025-12-29 01:22:29.751] 🐛 DEBUG: Successfully loaded metadata with 0 versions INFO
[2025-12-29 01:22:29.751] 🐛 DEBUG: list_versions() called INFO
[2025-12-29 01:22:29.751] 🐛 DEBUG: Metadata file exists: True INFO
[2025-12-29 01:22:29.751] 🐛 DEBUG: HDF5 file exists: True INFO
[2025-12-29 01:22:29.751] 🐛 DEBUG: Reloading metadata to get latest versions INFO
[2025-12-29 01:22:29.751] 🐛 DEBUG: _load_metadata() checking versioned_artifacts/UNKNOWN_binance_1h_long_analyst/metadata.json INFO
[2025-12-29 01:22:29.751] 🐛 DEBUG: Metadata file exists, size: 200 bytes INFO
[2025-12-29 01:22:29.751] 🐛 DEBUG: Successfully loaded metadata with 0 versions INFO
[2025-12-29 01:22:29.751] 🐛 DEBUG: Found 0 versions in metadata: [] INFO
[2025-12-29 01:22:29.751] 🐛 DEBUG: Found 0 versions in HDF5: [] INFO
[2025-12-29 01:22:29.751] 🐛 DEBUG: _load_metadata() checking versioned_artifacts/UNKNOWN_binance_15m_long_analyst/metadata.json INFO
[2025-12-29 01:22:29.751] 🐛 DEBUG: Metadata file exists, size: 15351 bytes INFO
[2025-12-29 01:22:29.751] 🐛 DEBUG: Successfully loaded metadata with 5 versions INFO
[2025-12-29 01:22:29.751] 🐛 DEBUG: list_versions() called INFO
[2025-12-29 01:22:29.751] 🐛 DEBUG: Metadata file exists: True INFO
[2025-12-29 01:22:29.751] 🐛 DEBUG: HDF5 file exists: True INFO
[2025-12-29 01:22:29.751] 🐛 DEBUG: Reloading metadata to get latest versions INFO
[2025-12-29 01:22:29.751] 🐛 DEBUG: _load_metadata() checking versioned_artifacts/UNKNOWN_binance_15m_long_analyst/metadata.json INFO
[2025-12-29 01:22:29.752] 🐛 DEBUG: Metadata file exists, size: 15351 bytes INFO
[2025-12-29 01:22:29.752] 🐛 DEBUG: Successfully loaded metadata with 5 versions INFO
[2025-12-29 01:22:29.752] 🐛 DEBUG: Found 5 versions in metadata: ['final_dataset_60_20251116_161159_683', 'final_dataset_50_20251116_161159_720', 'final_dataset_40_20251116_161159_752', 'labeled_dataframe_20251116_161159_781', 'final_validation_metrics_20251116_161159_946'] INFO
[2025-12-29 01:22:29.752] 🐛 DEBUG: Found 5 versions in HDF5: ['final_dataset_40_20251116_161159_752', 'final_dataset_50_20251116_161159_720', 'final_dataset_60_20251116_161159_683', 'final_validation_metrics_20251116_161159_946', 'labeled_dataframe_20251116_161159_781'] INFO
[2025-12-29 01:22:29.752] 🐛 DEBUG: _load_metadata() checking versioned_artifacts/ETHUSDT_binance_15m_long_sr_labeling_xgb/metadata.json INFO
[2025-12-29 01:22:29.752] 🐛 DEBUG: Metadata file exists, size: 139 bytes INFO
[2025-12-29 01:22:29.752] 🐛 DEBUG: Successfully loaded metadata with 0 versions INFO
[2025-12-29 01:22:29.752] 🐛 DEBUG: list_versions() called INFO
[2025-12-29 01:22:29.752] 🐛 DEBUG: Metadata file exists: True INFO
[2025-12-29 01:22:29.752] 🐛 DEBUG: HDF5 file exists: True INFO
[2025-12-29 01:22:29.752] 🐛 DEBUG: Reloading metadata to get latest versions INFO
[2025-12-29 01:22:29.752] 🐛 DEBUG: _load_metadata() checking versioned_artifacts/ETHUSDT_binance_15m_long_sr_labeling_xgb/metadata.json INFO
[2025-12-29 01:22:29.752] 🐛 DEBUG: Metadata file exists, size: 139 bytes INFO
[2025-12-29 01:22:29.752] 🐛 DEBUG: Successfully loaded metadata with 0 versions INFO
[2025-12-29 01:22:29.752] 🐛 DEBUG: Found 0 versions in metadata: [] INFO
[2025-12-29 01:22:29.752] 🐛 DEBUG: Found 0 versions in HDF5: [] INFO
[2025-12-29 01:22:29.754] 🐛 DEBUG: _load_metadata() checking versioned_artifacts/ETHUSDT_binance_1h_long_breakout_bounce/metadata.json INFO
[2025-12-29 01:22:29.754] 🐛 DEBUG: Metadata file exists, size: 11462 bytes INFO
[2025-12-29 01:22:29.754] 🐛 DEBUG: Successfully loaded metadata with 5 versions INFO
[2025-12-29 01:22:29.754] 🐛 DEBUG: list_versions() called INFO
[2025-12-29 01:22:29.754] 🐛 DEBUG: Metadata file exists: True INFO
[2025-12-29 01:22:29.754] 🐛 DEBUG: HDF5 file exists: True INFO
[2025-12-29 01:22:29.754] 🐛 DEBUG: Reloading metadata to get latest versions INFO
[2025-12-29 01:22:29.754] 🐛 DEBUG: _load_metadata() checking versioned_artifacts/ETHUSDT_binance_1h_long_breakout_bounce/metadata.json INFO
[2025-12-29 01:22:29.754] 🐛 DEBUG: Metadata file exists, size: 11462 bytes INFO
[2025-12-29 01:22:29.754] 🐛 DEBUG: Successfully loaded metadata with 5 versions INFO
[2025-12-29 01:22:29.754] 🐛 DEBUG: Found 5 versions in metadata: ['ml_breakout_bounce_training_data_1h_20251123_144326_526', 'ml_breakout_bounce_training_data_1h_20251123_153924_083', 'ml_breakout_bounce_training_data_1h_20251123_160312_391', 'ml_breakout_bounce_training_data_1h_20251123_160800_355', 'ml_breakout_bounce_training_data_1h_20251123_162859_853'] INFO
[2025-12-29 01:22:29.754] 🐛 DEBUG: Found 5 versions in HDF5: ['ml_breakout_bounce_training_data_1h_20251123_144326_526', 'ml_breakout_bounce_training_data_1h_20251123_153924_083', 'ml_breakout_bounce_training_data_1h_20251123_160312_391', 'ml_breakout_bounce_training_data_1h_20251123_160800_355', 'ml_breakout_bounce_training_data_1h_20251123_162859_853'] INFO
[2025-12-29 01:22:29.754] 🐛 DEBUG: _load_metadata() checking versioned_artifacts/ETHUSDT_binance_15m_long_liquidity_regime/metadata.json INFO
[2025-12-29 01:22:29.754] 🐛 DEBUG: Metadata file exists, size: 5930 bytes INFO
[2025-12-29 01:22:29.754] 🐛 DEBUG: Successfully loaded metadata with 2 versions INFO
[2025-12-29 01:22:29.754] 🐛 DEBUG: list_versions() called INFO
[2025-12-29 01:22:29.754] 🐛 DEBUG: Metadata file exists: True INFO
[2025-12-29 01:22:29.754] 🐛 DEBUG: HDF5 file exists: True INFO
[2025-12-29 01:22:29.755] 🐛 DEBUG: Reloading metadata to get latest versions INFO
[2025-12-29 01:22:29.755] 🐛 DEBUG: _load_metadata() checking versioned_artifacts/ETHUSDT_binance_15m_long_liquidity_regime/metadata.json INFO
[2025-12-29 01:22:29.755] 🐛 DEBUG: Metadata file exists, size: 5930 bytes INFO
[2025-12-29 01:22:29.755] 🐛 DEBUG: Successfully loaded metadata with 2 versions INFO
[2025-12-29 01:22:29.755] 🐛 DEBUG: Found 2 versions in metadata: ['ml_liquidity_regime_probs_15m_20251213_170827_692', 'ml_liquidity_training_data_15m_20251213_221548_209'] INFO
[2025-12-29 01:22:29.755] 🐛 DEBUG: Found 2 versions in HDF5: ['ml_liquidity_regime_probs_15m_20251213_170827_692', 'ml_liquidity_training_data_15m_20251213_221548_209'] INFO
[2025-12-29 01:22:29.755] 🐛 DEBUG: _load_metadata() checking versioned_artifacts/ETHUSDT_binance_15m_long_regime_risk/metadata.json INFO
[2025-12-29 01:22:29.755] 🐛 DEBUG: Metadata file exists, size: 200 bytes INFO
[2025-12-29 01:22:29.755] 🐛 DEBUG: Successfully loaded metadata with 0 versions INFO
[2025-12-29 01:22:29.755] 🐛 DEBUG: list_versions() called INFO
[2025-12-29 01:22:29.755] 🐛 DEBUG: Metadata file exists: True INFO
[2025-12-29 01:22:29.755] 🐛 DEBUG: HDF5 file exists: True INFO
[2025-12-29 01:22:29.755] 🐛 DEBUG: Reloading metadata to get latest versions INFO
[2025-12-29 01:22:29.755] 🐛 DEBUG: _load_metadata() checking versioned_artifacts/ETHUSDT_binance_15m_long_regime_risk/metadata.json INFO
[2025-12-29 01:22:29.755] 🐛 DEBUG: Metadata file exists, size: 200 bytes INFO
[2025-12-29 01:22:29.755] 🐛 DEBUG: Successfully loaded metadata with 0 versions INFO
[2025-12-29 01:22:29.755] 🐛 DEBUG: Found 0 versions in metadata: [] INFO
[2025-12-29 01:22:29.755] 🐛 DEBUG: Found 0 versions in HDF5: [] INFO
[2025-12-29 01:22:29.756] 🐛 DEBUG: _load_metadata() checking versioned_artifacts/ETHUSDT_binance_15m_long_volume_force/metadata.json INFO
[2025-12-29 01:22:29.756] 🐛 DEBUG: Metadata file exists, size: 5760 bytes INFO
[2025-12-29 01:22:29.756] 🐛 DEBUG: Successfully loaded metadata with 3 versions INFO
[2025-12-29 01:22:29.756] 🐛 DEBUG: list_versions() called INFO
[2025-12-29 01:22:29.756] 🐛 DEBUG: Metadata file exists: True INFO
[2025-12-29 01:22:29.756] 🐛 DEBUG: HDF5 file exists: True INFO
[2025-12-29 01:22:29.756] 🐛 DEBUG: Reloading metadata to get latest versions INFO
[2025-12-29 01:22:29.756] 🐛 DEBUG: _load_metadata() checking versioned_artifacts/ETHUSDT_binance_15m_long_volume_force/metadata.json INFO
[2025-12-29 01:22:29.756] 🐛 DEBUG: Metadata file exists, size: 5760 bytes INFO
[2025-12-29 01:22:29.756] 🐛 DEBUG: Successfully loaded metadata with 3 versions INFO
[2025-12-29 01:22:29.756] 🐛 DEBUG: Found 3 versions in metadata: ['ml_volume_force_features_20251213_163705_361', 'ml_volume_force_features_20251213_170535_123', 'ml_volume_force_predictions_20251213_170543_299'] INFO
[2025-12-29 01:22:29.756] 🐛 DEBUG: Found 3 versions in HDF5: ['ml_volume_force_features_20251213_163705_361', 'ml_volume_force_features_20251213_170535_123', 'ml_volume_force_predictions_20251213_170543_299'] INFO
[2025-12-29 01:22:29.756] 🐛 DEBUG: _load_metadata() checking versioned_artifacts/ETHUSDT_binance_15m_long_smc_regime/metadata.json INFO
[2025-12-29 01:22:29.756] 🐛 DEBUG: Metadata file exists, size: 3383 bytes INFO
[2025-12-29 01:22:29.756] 🐛 DEBUG: Successfully loaded metadata with 2 versions INFO
[2025-12-29 01:22:29.756] 🐛 DEBUG: list_versions() called INFO
[2025-12-29 01:22:29.756] 🐛 DEBUG: Metadata file exists: True INFO
[2025-12-29 01:22:29.756] 🐛 DEBUG: HDF5 file exists: True INFO
[2025-12-29 01:22:29.756] 🐛 DEBUG: Reloading metadata to get latest versions INFO
[2025-12-29 01:22:29.756] 🐛 DEBUG: _load_metadata() checking versioned_artifacts/ETHUSDT_binance_15m_long_smc_regime/metadata.json INFO
[2025-12-29 01:22:29.757] 🐛 DEBUG: Metadata file exists, size: 3383 bytes INFO
[2025-12-29 01:22:29.757] 🐛 DEBUG: Successfully loaded metadata with 2 versions INFO
[2025-12-29 01:22:29.757] 🐛 DEBUG: Found 2 versions in metadata: ['smc_predictions_with_confidence_20251213_170746_093', 'ml_smc_features_15m_20251213_170746_137'] INFO
[2025-12-29 01:22:29.757] 🐛 DEBUG: Found 2 versions in HDF5: ['ml_smc_features_15m_20251213_170746_137', 'smc_predictions_with_confidence_20251213_170746_093'] INFO
[2025-12-29 01:22:29.757] 🐛 DEBUG: _load_metadata() checking versioned_artifacts/ETHUSDT_binance_15m_long_breakout_bounce/metadata.json INFO
[2025-12-29 01:22:29.757] 🐛 DEBUG: Metadata file exists, size: 200 bytes INFO
[2025-12-29 01:22:29.757] 🐛 DEBUG: Successfully loaded metadata with 0 versions INFO
[2025-12-29 01:22:29.757] 🐛 DEBUG: list_versions() called INFO
[2025-12-29 01:22:29.757] 🐛 DEBUG: Metadata file exists: True INFO
[2025-12-29 01:22:29.757] 🐛 DEBUG: HDF5 file exists: True INFO
[2025-12-29 01:22:29.757] 🐛 DEBUG: Reloading metadata to get latest versions INFO
[2025-12-29 01:22:29.757] 🐛 DEBUG: _load_metadata() checking versioned_artifacts/ETHUSDT_binance_15m_long_breakout_bounce/metadata.json INFO
[2025-12-29 01:22:29.757] 🐛 DEBUG: Metadata file exists, size: 200 bytes INFO
[2025-12-29 01:22:29.757] 🐛 DEBUG: Successfully loaded metadata with 0 versions INFO
[2025-12-29 01:22:29.757] 🐛 DEBUG: Found 0 versions in metadata: [] INFO
[2025-12-29 01:22:29.757] 🐛 DEBUG: Found 0 versions in HDF5: [] INFO
[2025-12-29 01:22:29.758] 🐛 DEBUG: _load_metadata() checking versioned_artifacts/ETHUSDT_binance_1h_long_liquidity_regime/metadata.json INFO
[2025-12-29 01:22:29.758] 🐛 DEBUG: Metadata file exists, size: 200 bytes INFO
[2025-12-29 01:22:29.758] 🐛 DEBUG: Successfully loaded metadata with 0 versions INFO
[2025-12-29 01:22:29.758] 🐛 DEBUG: list_versions() called INFO
[2025-12-29 01:22:29.758] 🐛 DEBUG: Metadata file exists: True INFO
[2025-12-29 01:22:29.758] 🐛 DEBUG: HDF5 file exists: True INFO
[2025-12-29 01:22:29.758] 🐛 DEBUG: Reloading metadata to get latest versions INFO
[2025-12-29 01:22:29.758] 🐛 DEBUG: _load_metadata() checking versioned_artifacts/ETHUSDT_binance_1h_long_liquidity_regime/metadata.json INFO
[2025-12-29 01:22:29.758] 🐛 DEBUG: Metadata file exists, size: 200 bytes INFO
[2025-12-29 01:22:29.758] 🐛 DEBUG: Successfully loaded metadata with 0 versions INFO
[2025-12-29 01:22:29.758] 🐛 DEBUG: Found 0 versions in metadata: [] INFO
[2025-12-29 01:22:29.758] 🐛 DEBUG: Found 0 versions in HDF5: [] INFO
[2025-12-29 01:22:29.758] 🐛 DEBUG: _load_metadata() checking versioned_artifacts/ETHUSDT_binance_1h_long_regime_alpha/metadata.json INFO
[2025-12-29 01:22:29.758] 🐛 DEBUG: Metadata file exists, size: 6902 bytes INFO
[2025-12-29 01:22:29.758] 🐛 DEBUG: Successfully loaded metadata with 5 versions INFO
[2025-12-29 01:22:29.758] 🐛 DEBUG: list_versions() called INFO
[2025-12-29 01:22:29.758] 🐛 DEBUG: Metadata file exists: True INFO
[2025-12-29 01:22:29.758] 🐛 DEBUG: HDF5 file exists: True INFO
[2025-12-29 01:22:29.758] 🐛 DEBUG: Reloading metadata to get latest versions INFO
[2025-12-29 01:22:29.758] 🐛 DEBUG: _load_metadata() checking versioned_artifacts/ETHUSDT_binance_1h_long_regime_alpha/metadata.json INFO
[2025-12-29 01:22:29.758] 🐛 DEBUG: Metadata file exists, size: 6902 bytes INFO
[2025-12-29 01:22:29.758] 🐛 DEBUG: Successfully loaded metadata with 5 versions INFO
[2025-12-29 01:22:29.759] 🐛 DEBUG: Found 5 versions in metadata: ['hmm_alpha_regime_stats_1h_20251122_151841_186', 'hmm_alpha_training_data_1h_20251122_164502_922', 'hmm_alpha_regime_stats_1h_20251122_164502_963', 'hmm_alpha_training_data_1h_20251122_171931_773', 'hmm_alpha_regime_stats_1h_20251122_171931_857'] INFO
[2025-12-29 01:22:29.759] 🐛 DEBUG: Found 5 versions in HDF5: ['hmm_alpha_regime_stats_1h_20251122_151841_186', 'hmm_alpha_regime_stats_1h_20251122_164502_963', 'hmm_alpha_regime_stats_1h_20251122_171931_857', 'hmm_alpha_training_data_1h_20251122_164502_922', 'hmm_alpha_training_data_1h_20251122_171931_773'] INFO
[2025-12-29 01:22:29.759] 🐛 DEBUG: _load_metadata() checking versioned_artifacts/ETHUSDT_binance_1h_long_analyst/metadata.json INFO
[2025-12-29 01:22:29.759] 🐛 DEBUG: Metadata file exists, size: 139 bytes INFO
[2025-12-29 01:22:29.759] 🐛 DEBUG: Successfully loaded metadata with 0 versions INFO
[2025-12-29 01:22:29.759] 🐛 DEBUG: list_versions() called INFO
[2025-12-29 01:22:29.759] 🐛 DEBUG: Metadata file exists: True INFO
[2025-12-29 01:22:29.759] 🐛 DEBUG: HDF5 file exists: True INFO
[2025-12-29 01:22:29.759] 🐛 DEBUG: Reloading metadata to get latest versions INFO
[2025-12-29 01:22:29.759] 🐛 DEBUG: _load_metadata() checking versioned_artifacts/ETHUSDT_binance_1h_long_analyst/metadata.json INFO
[2025-12-29 01:22:29.759] 🐛 DEBUG: Metadata file exists, size: 139 bytes INFO
[2025-12-29 01:22:29.759] 🐛 DEBUG: Successfully loaded metadata with 0 versions INFO
[2025-12-29 01:22:29.759] 🐛 DEBUG: Found 0 versions in metadata: [] INFO
[2025-12-29 01:22:29.759] 🐛 DEBUG: Found 0 versions in HDF5: [] INFO
[2025-12-29 01:22:29.760] 🐛 DEBUG: _load_metadata() checking versioned_artifacts/ETHUSDT_binance_1h_long_regime_path/metadata.json INFO
[2025-12-29 01:22:29.760] 🐛 DEBUG: Metadata file exists, size: 200 bytes INFO
[2025-12-29 01:22:29.760] 🐛 DEBUG: Successfully loaded metadata with 0 versions INFO
[2025-12-29 01:22:29.760] 🐛 DEBUG: list_versions() called INFO
[2025-12-29 01:22:29.760] 🐛 DEBUG: Metadata file exists: True INFO
[2025-12-29 01:22:29.760] 🐛 DEBUG: HDF5 file exists: True INFO
[2025-12-29 01:22:29.760] 🐛 DEBUG: Reloading metadata to get latest versions INFO
[2025-12-29 01:22:29.760] 🐛 DEBUG: _load_metadata() checking versioned_artifacts/ETHUSDT_binance_1h_long_regime_path/metadata.json INFO
[2025-12-29 01:22:29.760] 🐛 DEBUG: Metadata file exists, size: 200 bytes INFO
[2025-12-29 01:22:29.760] 🐛 DEBUG: Successfully loaded metadata with 0 versions INFO
[2025-12-29 01:22:29.760] 🐛 DEBUG: Found 0 versions in metadata: [] INFO
[2025-12-29 01:22:29.760] 🐛 DEBUG: Found 0 versions in HDF5: [] INFO
[2025-12-29 01:22:29.760] 🐛 DEBUG: _load_metadata() checking versioned_artifacts/None_None_None_long_regime/metadata.json INFO
[2025-12-29 01:22:29.760] 🐛 DEBUG: Metadata file exists, size: 139 bytes INFO
[2025-12-29 01:22:29.760] 🐛 DEBUG: Successfully loaded metadata with 0 versions INFO
[2025-12-29 01:22:29.760] 🐛 DEBUG: list_versions() called INFO
[2025-12-29 01:22:29.760] 🐛 DEBUG: Metadata file exists: True INFO
[2025-12-29 01:22:29.760] 🐛 DEBUG: HDF5 file exists: True INFO
[2025-12-29 01:22:29.760] 🐛 DEBUG: Reloading metadata to get latest versions INFO
[2025-12-29 01:22:29.760] 🐛 DEBUG: _load_metadata() checking versioned_artifacts/None_None_None_long_regime/metadata.json INFO
[2025-12-29 01:22:29.760] 🐛 DEBUG: Metadata file exists, size: 139 bytes INFO
[2025-12-29 01:22:29.760] 🐛 DEBUG: Successfully loaded metadata with 0 versions INFO
[2025-12-29 01:22:29.760] 🐛 DEBUG: Found 0 versions in metadata: [] INFO
[2025-12-29 01:22:29.761] 🐛 DEBUG: Found 0 versions in HDF5: [] INFO
[2025-12-29 01:22:29.761] 🐛 DEBUG: _load_metadata() checking versioned_artifacts/ETHUSDT_binance_1h_long_mean_reversion/metadata.json INFO
[2025-12-29 01:22:29.761] 🐛 DEBUG: Metadata file exists, size: 3914 bytes INFO
[2025-12-29 01:22:29.761] 🐛 DEBUG: Successfully loaded metadata with 5 versions INFO
[2025-12-29 01:22:29.761] 🐛 DEBUG: list_versions() called INFO
[2025-12-29 01:22:29.761] 🐛 DEBUG: Metadata file exists: True INFO
[2025-12-29 01:22:29.761] 🐛 DEBUG: HDF5 file exists: True INFO
[2025-12-29 01:22:29.761] 🐛 DEBUG: Reloading metadata to get latest versions INFO
[2025-12-29 01:22:29.761] 🐛 DEBUG: _load_metadata() checking versioned_artifacts/ETHUSDT_binance_1h_long_mean_reversion/metadata.json INFO
[2025-12-29 01:22:29.761] 🐛 DEBUG: Metadata file exists, size: 3914 bytes INFO
[2025-12-29 01:22:29.761] 🐛 DEBUG: Successfully loaded metadata with 5 versions INFO
[2025-12-29 01:22:29.761] 🐛 DEBUG: Found 5 versions in metadata: ['ml_mean_reversion_training_data_1h_20251124_231116_323', 'ml_mean_reversion_training_data_1h_20251125_001022_753', 'ml_mean_reversion_training_data_1h_20251125_002337_863', 'ml_mean_reversion_training_data_1h_20251125_003116_776', 'ml_mean_reversion_training_data_1h_20251126_003120_916'] INFO
[2025-12-29 01:22:29.761] 🐛 DEBUG: Found 5 versions in HDF5: ['ml_mean_reversion_training_data_1h_20251124_231116_323', 'ml_mean_reversion_training_data_1h_20251125_001022_753', 'ml_mean_reversion_training_data_1h_20251125_002337_863', 'ml_mean_reversion_training_data_1h_20251125_003116_776', 'ml_mean_reversion_training_data_1h_20251126_003120_916'] INFO
[2025-12-29 01:22:29.762] 🐛 DEBUG: _load_metadata() checking versioned_artifacts/ETHUSDT_binance_15m_long_mean_reversion/metadata.json INFO
[2025-12-29 01:22:29.762] 🐛 DEBUG: Metadata file exists, size: 1472 bytes INFO
[2025-12-29 01:22:29.762] 🐛 DEBUG: Successfully loaded metadata with 1 versions INFO
[2025-12-29 01:22:29.762] 🐛 DEBUG: list_versions() called INFO
[2025-12-29 01:22:29.762] 🐛 DEBUG: Metadata file exists: True INFO
[2025-12-29 01:22:29.762] 🐛 DEBUG: HDF5 file exists: True INFO
[2025-12-29 01:22:29.762] 🐛 DEBUG: Reloading metadata to get latest versions INFO
[2025-12-29 01:22:29.762] 🐛 DEBUG: _load_metadata() checking versioned_artifacts/ETHUSDT_binance_15m_long_mean_reversion/metadata.json INFO
[2025-12-29 01:22:29.762] 🐛 DEBUG: Metadata file exists, size: 1472 bytes INFO
[2025-12-29 01:22:29.762] 🐛 DEBUG: Successfully loaded metadata with 1 versions INFO
[2025-12-29 01:22:29.762] 🐛 DEBUG: Found 1 versions in metadata: ['ml_mean_reversion_training_data_15m_20251213_170600_968'] INFO
[2025-12-29 01:22:29.762] 🐛 DEBUG: Found 1 versions in HDF5: ['ml_mean_reversion_training_data_15m_20251213_170600_968'] INFO
[2025-12-29 01:22:29.762] 🐛 DEBUG: _load_metadata() checking versioned_artifacts/ETHUSDT_binance_15m_long_full/metadata.json INFO
[2025-12-29 01:22:29.762] 🐛 DEBUG: Metadata file exists, size: 139 bytes INFO
[2025-12-29 01:22:29.762] 🐛 DEBUG: Successfully loaded metadata with 0 versions INFO
[2025-12-29 01:22:29.762] 🐛 DEBUG: list_versions() called INFO
[2025-12-29 01:22:29.762] 🐛 DEBUG: Metadata file exists: True INFO
[2025-12-29 01:22:29.762] 🐛 DEBUG: HDF5 file exists: True INFO
[2025-12-29 01:22:29.762] 🐛 DEBUG: Reloading metadata to get latest versions INFO
[2025-12-29 01:22:29.762] 🐛 DEBUG: _load_metadata() checking versioned_artifacts/ETHUSDT_binance_15m_long_full/metadata.json INFO
[2025-12-29 01:22:29.762] 🐛 DEBUG: Metadata file exists, size: 139 bytes INFO
[2025-12-29 01:22:29.762] 🐛 DEBUG: Successfully loaded metadata with 0 versions INFO
[2025-12-29 01:22:29.763] 🐛 DEBUG: Found 0 versions in metadata: [] INFO
[2025-12-29 01:22:29.763] 🐛 DEBUG: Found 0 versions in HDF5: [] INFO
[2025-12-29 01:22:29.763] 🐛 DEBUG: _load_metadata() checking versioned_artifacts/ETHUSDT_binance_15m_long_regime_meso_trend/metadata.json INFO
[2025-12-29 01:22:29.763] 🐛 DEBUG: Metadata file exists, size: 139 bytes INFO
[2025-12-29 01:22:29.763] 🐛 DEBUG: Successfully loaded metadata with 0 versions INFO
[2025-12-29 01:22:29.763] 🐛 DEBUG: list_versions() called INFO
[2025-12-29 01:22:29.763] 🐛 DEBUG: Metadata file exists: True INFO
[2025-12-29 01:22:29.763] 🐛 DEBUG: HDF5 file exists: True INFO
[2025-12-29 01:22:29.763] 🐛 DEBUG: Reloading metadata to get latest versions INFO
[2025-12-29 01:22:29.763] 🐛 DEBUG: _load_metadata() checking versioned_artifacts/ETHUSDT_binance_15m_long_regime_meso_trend/metadata.json INFO
[2025-12-29 01:22:29.763] 🐛 DEBUG: Metadata file exists, size: 139 bytes INFO
[2025-12-29 01:22:29.763] 🐛 DEBUG: Successfully loaded metadata with 0 versions INFO
[2025-12-29 01:22:29.763] 🐛 DEBUG: Found 0 versions in metadata: [] INFO
[2025-12-29 01:22:29.763] 🐛 DEBUG: Found 0 versions in HDF5: [] INFO
[2025-12-29 01:22:29.764] 🐛 DEBUG: _load_metadata() checking versioned_artifacts/ETHUSDT_binance_15m_long_regime/metadata.json INFO
[2025-12-29 01:22:29.764] 🐛 DEBUG: Metadata file exists, size: 200 bytes INFO
[2025-12-29 01:22:29.764] 🐛 DEBUG: Successfully loaded metadata with 0 versions INFO
[2025-12-29 01:22:29.764] 🐛 DEBUG: list_versions() called INFO
[2025-12-29 01:22:29.764] 🐛 DEBUG: Metadata file exists: True INFO
[2025-12-29 01:22:29.764] 🐛 DEBUG: HDF5 file exists: True INFO
[2025-12-29 01:22:29.764] 🐛 DEBUG: Reloading metadata to get latest versions INFO
[2025-12-29 01:22:29.764] 🐛 DEBUG: _load_metadata() checking versioned_artifacts/ETHUSDT_binance_15m_long_regime/metadata.json INFO
[2025-12-29 01:22:29.764] 🐛 DEBUG: Metadata file exists, size: 200 bytes INFO
[2025-12-29 01:22:29.764] 🐛 DEBUG: Successfully loaded metadata with 0 versions INFO
[2025-12-29 01:22:29.764] 🐛 DEBUG: Found 0 versions in metadata: [] INFO
[2025-12-29 01:22:29.764] 🐛 DEBUG: Found 0 versions in HDF5: [] INFO
[2025-12-29 01:22:29.764] 🐛 DEBUG: _load_metadata() checking versioned_artifacts/ETHUSDT_binance_1h_long_smc_regime/metadata.json INFO
[2025-12-29 01:22:29.764] 🐛 DEBUG: Metadata file exists, size: 3536 bytes INFO
[2025-12-29 01:22:29.764] 🐛 DEBUG: Successfully loaded metadata with 5 versions INFO
[2025-12-29 01:22:29.764] 🐛 DEBUG: list_versions() called INFO
[2025-12-29 01:22:29.764] 🐛 DEBUG: Metadata file exists: True INFO
[2025-12-29 01:22:29.764] 🐛 DEBUG: HDF5 file exists: True INFO
[2025-12-29 01:22:29.764] 🐛 DEBUG: Reloading metadata to get latest versions INFO
[2025-12-29 01:22:29.764] 🐛 DEBUG: _load_metadata() checking versioned_artifacts/ETHUSDT_binance_1h_long_smc_regime/metadata.json INFO
[2025-12-29 01:22:29.764] 🐛 DEBUG: Metadata file exists, size: 3536 bytes INFO
[2025-12-29 01:22:29.764] 🐛 DEBUG: Successfully loaded metadata with 5 versions INFO
[2025-12-29 01:22:29.765] 🐛 DEBUG: Found 5 versions in metadata: ['smc_predictions_with_confidence_20251124_233038_087', 'smc_predictions_with_confidence_20251125_001011_321', 'smc_predictions_with_confidence_20251125_001842_252', 'smc_predictions_with_confidence_20251126_003009_061', 'smc_predictions_with_confidence_20251126_003415_856'] INFO
[2025-12-29 01:22:29.765] 🐛 DEBUG: Found 5 versions in HDF5: ['smc_predictions_with_confidence_20251124_233038_087', 'smc_predictions_with_confidence_20251125_001011_321', 'smc_predictions_with_confidence_20251125_001842_252', 'smc_predictions_with_confidence_20251126_003009_061', 'smc_predictions_with_confidence_20251126_003415_856'] INFO
[2025-12-29 01:22:29.765] 🐛 DEBUG: _load_metadata() checking versioned_artifacts/ETHUSDT_binance_15m_long_regime_path/metadata.json INFO
[2025-12-29 01:22:29.765] 🐛 DEBUG: Metadata file exists, size: 200 bytes INFO
[2025-12-29 01:22:29.765] 🐛 DEBUG: Successfully loaded metadata with 0 versions INFO
[2025-12-29 01:22:29.765] 🐛 DEBUG: list_versions() called INFO
[2025-12-29 01:22:29.765] 🐛 DEBUG: Metadata file exists: True INFO
[2025-12-29 01:22:29.765] 🐛 DEBUG: HDF5 file exists: True INFO
[2025-12-29 01:22:29.765] 🐛 DEBUG: Reloading metadata to get latest versions INFO
[2025-12-29 01:22:29.765] 🐛 DEBUG: _load_metadata() checking versioned_artifacts/ETHUSDT_binance_15m_long_regime_path/metadata.json INFO
[2025-12-29 01:22:29.765] 🐛 DEBUG: Metadata file exists, size: 200 bytes INFO
[2025-12-29 01:22:29.765] 🐛 DEBUG: Successfully loaded metadata with 0 versions INFO
[2025-12-29 01:22:29.765] 🐛 DEBUG: Found 0 versions in metadata: [] INFO
[2025-12-29 01:22:29.765] 🐛 DEBUG: Found 0 versions in HDF5: [] INFO
[2025-12-29 01:22:29.766] 🐛 DEBUG: _load_metadata() checking versioned_artifacts/ETHUSDT_binance_1h_long_light/metadata.json INFO
[2025-12-29 01:22:29.766] 🐛 DEBUG: Metadata file exists, size: 139 bytes INFO
[2025-12-29 01:22:29.766] 🐛 DEBUG: Successfully loaded metadata with 0 versions INFO
[2025-12-29 01:22:29.766] 🐛 DEBUG: list_versions() called INFO
[2025-12-29 01:22:29.766] 🐛 DEBUG: Metadata file exists: True INFO
[2025-12-29 01:22:29.766] 🐛 DEBUG: HDF5 file exists: True INFO
[2025-12-29 01:22:29.766] 🐛 DEBUG: Reloading metadata to get latest versions INFO
[2025-12-29 01:22:29.766] 🐛 DEBUG: _load_metadata() checking versioned_artifacts/ETHUSDT_binance_1h_long_light/metadata.json INFO
[2025-12-29 01:22:29.766] 🐛 DEBUG: Metadata file exists, size: 139 bytes INFO
[2025-12-29 01:22:29.766] 🐛 DEBUG: Successfully loaded metadata with 0 versions INFO
[2025-12-29 01:22:29.766] 🐛 DEBUG: Found 0 versions in metadata: [] INFO
[2025-12-29 01:22:29.766] 🐛 DEBUG: Found 0 versions in HDF5: [] INFO
[2025-12-29 01:22:29.766] 🐛 DEBUG: _load_metadata() checking versioned_artifacts/ETHUSDT_binance_15m_long_light/metadata.json INFO
[2025-12-29 01:22:29.766] 🐛 DEBUG: Metadata file exists, size: 1538 bytes INFO
[2025-12-29 01:22:29.766] 🐛 DEBUG: Successfully loaded metadata with 3 versions INFO
[2025-12-29 01:22:29.766] 🐛 DEBUG: list_versions() called INFO
[2025-12-29 01:22:29.766] 🐛 DEBUG: Metadata file exists: True INFO
[2025-12-29 01:22:29.766] 🐛 DEBUG: HDF5 file exists: True INFO
[2025-12-29 01:22:29.766] 🐛 DEBUG: Reloading metadata to get latest versions INFO
[2025-12-29 01:22:29.766] 🐛 DEBUG: _load_metadata() checking versioned_artifacts/ETHUSDT_binance_15m_long_light/metadata.json INFO
[2025-12-29 01:22:29.766] 🐛 DEBUG: Metadata file exists, size: 1538 bytes INFO
[2025-12-29 01:22:29.766] 🐛 DEBUG: Successfully loaded metadata with 3 versions INFO
[2025-12-29 01:22:29.767] 🐛 DEBUG: Found 3 versions in metadata: ['selected_features_60_20251109_191448_625', 'selected_features_50_20251109_191448_653', 'selected_features_40_20251109_191448_677'] INFO
[2025-12-29 01:22:29.767] 🐛 DEBUG: Found 3 versions in HDF5: ['selected_features_40_20251109_191448_677', 'selected_features_50_20251109_191448_653', 'selected_features_60_20251109_191448_625'] INFO
[2025-12-29 01:22:29.767] 🐛 DEBUG: _load_metadata() checking versioned_artifacts/ETHUSDT_binance_15m_long_regime_macro_trend/metadata.json INFO
[2025-12-29 01:22:29.767] 🐛 DEBUG: Metadata file exists, size: 5567 bytes INFO
[2025-12-29 01:22:29.767] 🐛 DEBUG: Successfully loaded metadata with 2 versions INFO
[2025-12-29 01:22:29.767] 🐛 DEBUG: list_versions() called INFO
[2025-12-29 01:22:29.767] 🐛 DEBUG: Metadata file exists: True INFO
[2025-12-29 01:22:29.767] 🐛 DEBUG: HDF5 file exists: True INFO
[2025-12-29 01:22:29.767] 🐛 DEBUG: Reloading metadata to get latest versions INFO
[2025-12-29 01:22:29.767] 🐛 DEBUG: _load_metadata() checking versioned_artifacts/ETHUSDT_binance_15m_long_regime_macro_trend/metadata.json INFO
[2025-12-29 01:22:29.767] 🐛 DEBUG: Metadata file exists, size: 5567 bytes INFO
[2025-12-29 01:22:29.767] 🐛 DEBUG: Successfully loaded metadata with 2 versions INFO
[2025-12-29 01:22:29.767] 🐛 DEBUG: Found 2 versions in metadata: ['hmm_macro_trend_training_data_15m_20251213_170722_611', 'hmm_macro_trend_regime_stats_15m_20251213_170725_853'] INFO
[2025-12-29 01:22:29.767] 🐛 DEBUG: Found 2 versions in HDF5: ['hmm_macro_trend_regime_stats_15m_20251213_170725_853', 'hmm_macro_trend_training_data_15m_20251213_170722_611'] INFO
[2025-12-29 01:22:29.768] 🐛 DEBUG: _load_metadata() checking versioned_artifacts/ETHUSDT_binance_1h_long_full/metadata.json INFO
[2025-12-29 01:22:29.768] 🐛 DEBUG: Metadata file exists, size: 139 bytes INFO
[2025-12-29 01:22:29.768] 🐛 DEBUG: Successfully loaded metadata with 0 versions INFO
[2025-12-29 01:22:29.768] 🐛 DEBUG: list_versions() called INFO
[2025-12-29 01:22:29.768] 🐛 DEBUG: Metadata file exists: True INFO
[2025-12-29 01:22:29.768] 🐛 DEBUG: HDF5 file exists: True INFO
[2025-12-29 01:22:29.768] 🐛 DEBUG: Reloading metadata to get latest versions INFO
[2025-12-29 01:22:29.768] 🐛 DEBUG: _load_metadata() checking versioned_artifacts/ETHUSDT_binance_1h_long_full/metadata.json INFO
[2025-12-29 01:22:29.768] 🐛 DEBUG: Metadata file exists, size: 139 bytes INFO
[2025-12-29 01:22:29.768] 🐛 DEBUG: Successfully loaded metadata with 0 versions INFO
[2025-12-29 01:22:29.768] 🐛 DEBUG: Found 0 versions in metadata: [] INFO
[2025-12-29 01:22:29.768] 🐛 DEBUG: Found 0 versions in HDF5: [] INFO
[2025-12-29 01:22:29.768] 🐛 DEBUG: _load_metadata() checking versioned_artifacts/ETHUSDT_binance_15m_short_mean_reversion/metadata.json INFO
[2025-12-29 01:22:29.768] 🐛 DEBUG: Metadata file exists, size: 139 bytes INFO
[2025-12-29 01:22:29.768] 🐛 DEBUG: Successfully loaded metadata with 0 versions INFO
[2025-12-29 01:22:29.768] 🐛 DEBUG: list_versions() called INFO
[2025-12-29 01:22:29.768] 🐛 DEBUG: Metadata file exists: True INFO
[2025-12-29 01:22:29.768] 🐛 DEBUG: HDF5 file exists: True INFO
[2025-12-29 01:22:29.768] 🐛 DEBUG: Reloading metadata to get latest versions INFO
[2025-12-29 01:22:29.768] 🐛 DEBUG: _load_metadata() checking versioned_artifacts/ETHUSDT_binance_15m_short_mean_reversion/metadata.json INFO
[2025-12-29 01:22:29.768] 🐛 DEBUG: Metadata file exists, size: 139 bytes INFO
[2025-12-29 01:22:29.768] 🐛 DEBUG: Successfully loaded metadata with 0 versions INFO
[2025-12-29 01:22:29.768] 🐛 DEBUG: Found 0 versions in metadata: [] INFO
[2025-12-29 01:22:29.769] 🐛 DEBUG: Found 0 versions in HDF5: [] INFO
[2025-12-29 01:22:29.769] 🐛 DEBUG: _load_metadata() checking versioned_artifacts/ETHUSDT_binance_1h_long_regime_risk_hmm/metadata.json INFO
[2025-12-29 01:22:29.769] 🐛 DEBUG: Metadata file exists, size: 139 bytes INFO
[2025-12-29 01:22:29.769] 🐛 DEBUG: Successfully loaded metadata with 0 versions INFO
[2025-12-29 01:22:29.769] 🐛 DEBUG: list_versions() called INFO
[2025-12-29 01:22:29.769] 🐛 DEBUG: Metadata file exists: True INFO
[2025-12-29 01:22:29.769] 🐛 DEBUG: HDF5 file exists: True INFO
[2025-12-29 01:22:29.769] 🐛 DEBUG: Reloading metadata to get latest versions INFO
[2025-12-29 01:22:29.769] 🐛 DEBUG: _load_metadata() checking versioned_artifacts/ETHUSDT_binance_1h_long_regime_risk_hmm/metadata.json INFO
[2025-12-29 01:22:29.769] 🐛 DEBUG: Metadata file exists, size: 139 bytes INFO
[2025-12-29 01:22:29.769] 🐛 DEBUG: Successfully loaded metadata with 0 versions INFO
[2025-12-29 01:22:29.769] 🐛 DEBUG: Found 0 versions in metadata: [] INFO
[2025-12-29 01:22:29.769] 🐛 DEBUG: Found 0 versions in HDF5: [] INFO
[2025-12-29 01:22:29.769] 🐛 DEBUG: _load_metadata() checking versioned_artifacts/ETHUSDT_binance_1h_long_regime_risk/metadata.json INFO
[2025-12-29 01:22:29.769] 🐛 DEBUG: Metadata file exists, size: 139 bytes INFO
[2025-12-29 01:22:29.769] 🐛 DEBUG: Successfully loaded metadata with 0 versions INFO
[2025-12-29 01:22:29.770] 🐛 DEBUG: list_versions() called INFO
[2025-12-29 01:22:29.770] 🐛 DEBUG: Metadata file exists: True INFO
[2025-12-29 01:22:29.770] 🐛 DEBUG: HDF5 file exists: True INFO
[2025-12-29 01:22:29.770] 🐛 DEBUG: Reloading metadata to get latest versions INFO
[2025-12-29 01:22:29.770] 🐛 DEBUG: _load_metadata() checking versioned_artifacts/ETHUSDT_binance_1h_long_regime_risk/metadata.json INFO
[2025-12-29 01:22:29.770] 🐛 DEBUG: Metadata file exists, size: 139 bytes INFO
[2025-12-29 01:22:29.770] 🐛 DEBUG: Successfully loaded metadata with 0 versions INFO
[2025-12-29 01:22:29.770] 🐛 DEBUG: Found 0 versions in metadata: [] INFO
[2025-12-29 01:22:29.770] 🐛 DEBUG: Found 0 versions in HDF5: [] INFO
[2025-12-29 01:22:29.770] 🐛 DEBUG: _load_metadata() checking versioned_artifacts/ETHUSDT_binance_1h_long_blank/metadata.json INFO
[2025-12-29 01:22:29.770] 🐛 DEBUG: Metadata file exists, size: 139 bytes INFO
[2025-12-29 01:22:29.770] 🐛 DEBUG: Successfully loaded metadata with 0 versions INFO
[2025-12-29 01:22:29.770] 🐛 DEBUG: list_versions() called INFO
[2025-12-29 01:22:29.770] 🐛 DEBUG: Metadata file exists: True INFO
[2025-12-29 01:22:29.770] 🐛 DEBUG: HDF5 file exists: True INFO
[2025-12-29 01:22:29.770] 🐛 DEBUG: Reloading metadata to get latest versions INFO
[2025-12-29 01:22:29.770] 🐛 DEBUG: _load_metadata() checking versioned_artifacts/ETHUSDT_binance_1h_long_blank/metadata.json INFO
[2025-12-29 01:22:29.770] 🐛 DEBUG: Metadata file exists, size: 139 bytes INFO
[2025-12-29 01:22:29.770] 🐛 DEBUG: Successfully loaded metadata with 0 versions INFO
[2025-12-29 01:22:29.770] 🐛 DEBUG: Found 0 versions in metadata: [] INFO
[2025-12-29 01:22:29.770] 🐛 DEBUG: Found 0 versions in HDF5: [] INFO
[2025-12-29 01:22:29.772] 🐛 DEBUG: _load_metadata() checking versioned_artifacts/ETHUSDT_binance_15m_long_regime_mr_trend/metadata.json INFO
[2025-12-29 01:22:29.772] 🐛 DEBUG: Metadata file exists, size: 139 bytes INFO
[2025-12-29 01:22:29.772] 🐛 DEBUG: Successfully loaded metadata with 0 versions INFO
[2025-12-29 01:22:29.772] 🐛 DEBUG: list_versions() called INFO
[2025-12-29 01:22:29.772] 🐛 DEBUG: Metadata file exists: True INFO
[2025-12-29 01:22:29.772] 🐛 DEBUG: HDF5 file exists: True INFO
[2025-12-29 01:22:29.772] 🐛 DEBUG: Reloading metadata to get latest versions INFO
[2025-12-29 01:22:29.772] 🐛 DEBUG: _load_metadata() checking versioned_artifacts/ETHUSDT_binance_15m_long_regime_mr_trend/metadata.json INFO
[2025-12-29 01:22:29.772] 🐛 DEBUG: Metadata file exists, size: 139 bytes INFO
[2025-12-29 01:22:29.772] 🐛 DEBUG: Successfully loaded metadata with 0 versions INFO
[2025-12-29 01:22:29.772] 🐛 DEBUG: Found 0 versions in metadata: [] INFO
[2025-12-29 01:22:29.772] 🐛 DEBUG: Found 0 versions in HDF5: [] INFO
[2025-12-29 01:22:29.772] 🐛 DEBUG: _load_metadata() checking versioned_artifacts/ETHUSDT_binance_15m_long_regime_risk_hmm/metadata.json INFO
[2025-12-29 01:22:29.772] 🐛 DEBUG: Metadata file exists, size: 1035 bytes INFO
[2025-12-29 01:22:29.772] 🐛 DEBUG: Successfully loaded metadata with 1 versions INFO
[2025-12-29 01:22:29.772] 🐛 DEBUG: list_versions() called INFO
[2025-12-29 01:22:29.772] 🐛 DEBUG: Metadata file exists: True INFO
[2025-12-29 01:22:29.772] 🐛 DEBUG: HDF5 file exists: True INFO
[2025-12-29 01:22:29.772] 🐛 DEBUG: Reloading metadata to get latest versions INFO
[2025-12-29 01:22:29.772] 🐛 DEBUG: _load_metadata() checking versioned_artifacts/ETHUSDT_binance_15m_long_regime_risk_hmm/metadata.json INFO
[2025-12-29 01:22:29.772] 🐛 DEBUG: Metadata file exists, size: 1035 bytes INFO
[2025-12-29 01:22:29.772] 🐛 DEBUG: Successfully loaded metadata with 1 versions INFO
[2025-12-29 01:22:29.773] 🐛 DEBUG: Found 1 versions in metadata: ['ml_risk_hmm_training_data_15m_20251205_191725_560'] INFO
[2025-12-29 01:22:29.773] 🐛 DEBUG: Found 1 versions in HDF5: ['ml_risk_hmm_training_data_15m_20251205_191725_560'] INFO
[2025-12-29 01:22:29.773] 🐛 DEBUG: _load_metadata() checking versioned_artifacts/ETHUSDT_binance_15m_long_analyst/metadata.json INFO
[2025-12-29 01:22:29.773] 🐛 DEBUG: Metadata file exists, size: 24005 bytes INFO
[2025-12-29 01:22:29.773] 🐛 DEBUG: Successfully loaded metadata with 8 versions INFO
[2025-12-29 01:22:29.773] 🐛 DEBUG: list_versions() called INFO
[2025-12-29 01:22:29.773] 🐛 DEBUG: Metadata file exists: True INFO
[2025-12-29 01:22:29.773] 🐛 DEBUG: HDF5 file exists: True INFO
[2025-12-29 01:22:29.773] 🐛 DEBUG: Reloading metadata to get latest versions INFO
[2025-12-29 01:22:29.773] 🐛 DEBUG: _load_metadata() checking versioned_artifacts/ETHUSDT_binance_15m_long_analyst/metadata.json INFO
[2025-12-29 01:22:29.773] 🐛 DEBUG: Metadata file exists, size: 24005 bytes INFO
[2025-12-29 01:22:29.773] 🐛 DEBUG: Successfully loaded metadata with 8 versions INFO
[2025-12-29 01:22:29.773] 🐛 DEBUG: Found 8 versions in metadata: ['weighted_meta_model_training_matrix_ETHUSDT_binance_15m_long_20251214_184321_623', 'labeled_data_ETHUSDT_binance_15m_long_20251214_220950_753', 'labeled_data_ETHUSDT_binance_15m_long_20251214_224631_542', 'labeled_data_ETHUSDT_binance_15m_long_20251214_233640_586', 'labeled_data_ETHUSDT_binance_15m_long_20251214_235041_562', 'labeled_data_ETHUSDT_15m_20251219_235959_715', 'labeled_data_ETHUSDT_15m_20251220_000301_152', 'labeled_data_ETHUSDT_15m_20251220_000738_204'] INFO
[2025-12-29 01:22:29.773] 🐛 DEBUG: Found 8 versions in HDF5: ['labeled_data_ETHUSDT_15m_20251219_235959_715', 'labeled_data_ETHUSDT_15m_20251220_000301_152', 'labeled_data_ETHUSDT_15m_20251220_000738_204', 'labeled_data_ETHUSDT_binance_15m_long_20251214_220950_753', 'labeled_data_ETHUSDT_binance_15m_long_20251214_224631_542', 'labeled_data_ETHUSDT_binance_15m_long_20251214_233640_586', 'labeled_data_ETHUSDT_binance_15m_long_20251214_235041_562', 'weighted_meta_model_training_matrix_ETHUSDT_binance_15m_long_20251214_184321_623'] INFO
[2025-12-29 01:22:29.774] 🐛 DEBUG: _load_metadata() checking versioned_artifacts/ETHUSDT_binance_1h_long_regime_macro_trend/metadata.json INFO
[2025-12-29 01:22:29.774] 🐛 DEBUG: Metadata file exists, size: 17432 bytes INFO
[2025-12-29 01:22:29.774] 🐛 DEBUG: Successfully loaded metadata with 5 versions INFO
[2025-12-29 01:22:29.774] 🐛 DEBUG: list_versions() called INFO
[2025-12-29 01:22:29.774] 🐛 DEBUG: Metadata file exists: True INFO
[2025-12-29 01:22:29.774] 🐛 DEBUG: HDF5 file exists: True INFO
[2025-12-29 01:22:29.774] 🐛 DEBUG: Reloading metadata to get latest versions INFO
[2025-12-29 01:22:29.774] 🐛 DEBUG: _load_metadata() checking versioned_artifacts/ETHUSDT_binance_1h_long_regime_macro_trend/metadata.json INFO
[2025-12-29 01:22:29.774] 🐛 DEBUG: Metadata file exists, size: 17432 bytes INFO
[2025-12-29 01:22:29.774] 🐛 DEBUG: Successfully loaded metadata with 5 versions INFO
[2025-12-29 01:22:29.774] 🐛 DEBUG: Found 5 versions in metadata: ['hmm_macro_trend_regime_quality_1h_20251204_224507_427', 'hmm_macro_trend_regime_quality_1h_20251204_225044_960', 'hmm_macro_trend_regime_quality_1h_20251205_183537_791', 'hmm_macro_trend_regime_quality_1h_20251205_191709_242', 'hmm_macro_trend_regime_quality_1h_20251213_170722_488'] INFO
[2025-12-29 01:22:29.774] 🐛 DEBUG: Found 5 versions in HDF5: ['hmm_macro_trend_regime_quality_1h_20251204_224507_427', 'hmm_macro_trend_regime_quality_1h_20251204_225044_960', 'hmm_macro_trend_regime_quality_1h_20251205_183537_791', 'hmm_macro_trend_regime_quality_1h_20251205_191709_242', 'hmm_macro_trend_regime_quality_1h_20251213_170722_488'] INFO
[2025-12-29 01:22:29.774] 🐛 DEBUG: _load_metadata() checking versioned_artifacts/ETHUSDT_binance_1h_long_regime/metadata.json INFO
[2025-12-29 01:22:29.774] 🐛 DEBUG: Metadata file exists, size: 3249 bytes INFO
[2025-12-29 01:22:29.774] 🐛 DEBUG: Successfully loaded metadata with 5 versions INFO
[2025-12-29 01:22:29.774] 🐛 DEBUG: list_versions() called INFO
[2025-12-29 01:22:29.774] 🐛 DEBUG: Metadata file exists: True INFO
[2025-12-29 01:22:29.774] 🐛 DEBUG: HDF5 file exists: True INFO
[2025-12-29 01:22:29.774] 🐛 DEBUG: Reloading metadata to get latest versions INFO
[2025-12-29 01:22:29.775] 🐛 DEBUG: _load_metadata() checking versioned_artifacts/ETHUSDT_binance_1h_long_regime/metadata.json INFO
[2025-12-29 01:22:29.775] 🐛 DEBUG: Metadata file exists, size: 3249 bytes INFO
[2025-12-29 01:22:29.775] 🐛 DEBUG: Successfully loaded metadata with 5 versions INFO
[2025-12-29 01:22:29.775] 🐛 DEBUG: Found 5 versions in metadata: ['rolling_hmm_regime_confidence_features_20251122_003448_094', 'rolling_hmm_economic_features_20251122_003448_124', 'rolling_hmm_regime_labels_20251122_003448_165', 'rolling_hmm_regime_probabilities_20251122_003448_178', 'rolling_hmm_transition_matrix_20251122_003448_193'] INFO
[2025-12-29 01:22:29.775] 🐛 DEBUG: Found 5 versions in HDF5: ['rolling_hmm_economic_features_20251122_003448_124', 'rolling_hmm_regime_confidence_features_20251122_003448_094', 'rolling_hmm_regime_labels_20251122_003448_165', 'rolling_hmm_regime_probabilities_20251122_003448_178', 'rolling_hmm_transition_matrix_20251122_003448_193'] INFO
[2025-12-29 01:22:29.775] 🐛 DEBUG: _load_metadata() checking versioned_artifacts/ETHUSDT_binance_15m_long_blank/metadata.json INFO
[2025-12-29 01:22:29.775] 🐛 DEBUG: Metadata file exists, size: 139 bytes INFO
[2025-12-29 01:22:29.775] 🐛 DEBUG: Successfully loaded metadata with 0 versions INFO
[2025-12-29 01:22:29.775] 🐛 DEBUG: list_versions() called INFO
[2025-12-29 01:22:29.775] 🐛 DEBUG: Metadata file exists: True INFO
[2025-12-29 01:22:29.775] 🐛 DEBUG: HDF5 file exists: True INFO
[2025-12-29 01:22:29.775] 🐛 DEBUG: Reloading metadata to get latest versions INFO
[2025-12-29 01:22:29.775] 🐛 DEBUG: _load_metadata() checking versioned_artifacts/ETHUSDT_binance_15m_long_blank/metadata.json INFO
[2025-12-29 01:22:29.775] 🐛 DEBUG: Metadata file exists, size: 139 bytes INFO
[2025-12-29 01:22:29.775] 🐛 DEBUG: Successfully loaded metadata with 0 versions INFO
[2025-12-29 01:22:29.775] 🐛 DEBUG: Found 0 versions in metadata: [] INFO
[2025-12-29 01:22:29.775] 🐛 DEBUG: Found 0 versions in HDF5: [] INFO
[2025-12-29 01:22:29.776] 🐛 DEBUG: _load_metadata() checking versioned_artifacts/ETHUSDT_binance_15m_long_regime_alpha/metadata.json INFO
[2025-12-29 01:22:29.776] 🐛 DEBUG: Metadata file exists, size: 139 bytes INFO
[2025-12-29 01:22:29.776] 🐛 DEBUG: Successfully loaded metadata with 0 versions INFO
[2025-12-29 01:22:29.776] 🐛 DEBUG: list_versions() called INFO
[2025-12-29 01:22:29.776] 🐛 DEBUG: Metadata file exists: True INFO
[2025-12-29 01:22:29.776] 🐛 DEBUG: HDF5 file exists: True INFO
[2025-12-29 01:22:29.776] 🐛 DEBUG: Reloading metadata to get latest versions INFO
[2025-12-29 01:22:29.776] 🐛 DEBUG: _load_metadata() checking versioned_artifacts/ETHUSDT_binance_15m_long_regime_alpha/metadata.json INFO
[2025-12-29 01:22:29.776] 🐛 DEBUG: Metadata file exists, size: 139 bytes INFO
[2025-12-29 01:22:29.776] 🐛 DEBUG: Successfully loaded metadata with 0 versions INFO
[2025-12-29 01:22:29.776] 🐛 DEBUG: Found 0 versions in metadata: [] INFO
[2025-12-29 01:22:29.776] 🐛 DEBUG: Found 0 versions in HDF5: [] INFO
2025-12-29 01:22:29,777 - System.ArtifactManager - WARNING - ⚠️ Artifact not found: ohlcv_data
2025-12-29 01:22:29,777 - System.ArtifactManager - INFO - ℹ️ 📁 Context set: step=meta_labeling_hpo_sample_weighted, symbol=None, exchange=None, timeframe=None, datetime=2025-12-29 01:22:29.659468, information=None, direction=long, model=Analyst
[2025-12-29 01:22:29.776] ⚠️ Artifact 'ohlcv_data' not found in any storage | UNKNOWN/binance [15m] long/analyst
2025-12-29 01:22:29,777 - System.ArtifactManager - INFO - ℹ️ 📁 Context set: step=meta_labeling_hpo_sample_weighted, symbol=None, exchange=None, timeframe=None, datetime=2025-12-29 01:22:29.659468, information=None, direction=long, model=Analyst
[2025-12-29 01:22:29.776] 📥 BASESTEP historical load: symbol=ETHUSDT, exchange=binance, timeframe=15m, execution_mode=blank, start_date=None, end_date=None INFO
2025-12-29 01:22:29,777 - System.KlinesParquetManager - INFO - ℹ️ ✅ KlinesParquetManager initialized with base_dir: historical_data
[2025-12-29 01:22:29.780] INFO: 📁 Loading from processed directory: 51 files found
[2025-12-29 01:22:29.780] 📁 BASESTEP probe: 51 files for ETHUSDT 15m (sample: historical_data/binance/ethusdt/processed/ethusdt_15m/year=2021/month=10/3b08e855a9c24b019d7c633963954045-0.parquet ... historical_data/binance/ethusdt/processed/ethusdt_15m/year=2025/month=9/3b08e855a9c24b019d7c633963954045-0.parquet) INFO
[2025-12-29 01:22:29.780] 📊 load_market_data_or_fail post-historical: type=None, rows=NA INFO
2025-12-29 01:22:29,780 - System.KlinesParquetManager - INFO - ℹ️ ✅ KlinesParquetManager initialized with base_dir: historical_data
[2025-12-29 01:22:29.780] 🐛 DEBUG [load_klines]: last_n_days=360, start_time=None, end_time=None INFO
[2025-12-29 01:22:29.780] INFO: 📅 Loading last 360 days from latest available data
[2025-12-29 01:22:29.782] INFO: 📁 Loading from processed directory: 51 files found
[2025-12-29 01:22:29.782] 🐛 DEBUG [KlinesParquetManager]: Loading 51 parquet files INFO
2025-12-29 01:22:29,921 - System.ParquetUtils - INFO - ℹ️ ✅ Read parquet: 3b08e855a9c24b019d7c633963954045-0.parquet -> (104, 9)
[2025-12-29 01:22:29.921] 🐛 DEBUG [KlinesParquetManager]: File 1/51: historical_data/binance/ethusdt/processed/ethusdt_15m/year=2021/month=10/3b08e855a9c24b019d7c633963954045-0.parquet - 104 rows, span=(2021-10-30 22:00:00, 2021-10-31 23:45:00) INFO
2025-12-29 01:22:29,924 - System.ParquetUtils - INFO - ℹ️ ✅ Read parquet: 3b08e855a9c24b019d7c633963954045-0.parquet -> (2880, 9)
[2025-12-29 01:22:29.925] 🐛 DEBUG [KlinesParquetManager]: File 2/51: historical_data/binance/ethusdt/processed/ethusdt_15m/year=2021/month=11/3b08e855a9c24b019d7c633963954045-0.parquet - 2880 rows, span=(2021-11-01 00:00:00, 2021-11-30 23:45:00) INFO
2025-12-29 01:22:29,928 - System.ParquetUtils - INFO - ℹ️ ✅ Read parquet: 3b08e855a9c24b019d7c633963954045-0.parquet -> (2976, 9)
[2025-12-29 01:22:29.928] 🐛 DEBUG [KlinesParquetManager]: File 3/51: historical_data/binance/ethusdt/processed/ethusdt_15m/year=2021/month=12/3b08e855a9c24b019d7c633963954045-0.parquet - 2976 rows, span=(2021-12-01 00:00:00, 2021-12-31 23:45:00) INFO
2025-12-29 01:22:29,931 - System.ParquetUtils - INFO - ℹ️ ✅ Read parquet: 3b08e855a9c24b019d7c633963954045-0.parquet -> (2976, 9)
2025-12-29 01:22:29,934 - System.ParquetUtils - INFO - ℹ️ ✅ Read parquet: 3b08e855a9c24b019d7c633963954045-0.parquet -> (2976, 9)
2025-12-29 01:22:29,937 - System.ParquetUtils - INFO - ℹ️ ✅ Read parquet: 3b08e855a9c24b019d7c633963954045-0.parquet -> (2877, 9)
2025-12-29 01:22:29,939 - System.ParquetUtils - INFO - ℹ️ ✅ Read parquet: 3b08e855a9c24b019d7c633963954045-0.parquet -> (2047, 9)
2025-12-29 01:22:29,942 - System.ParquetUtils - INFO - ℹ️ ✅ Read parquet: 3b08e855a9c24b019d7c633963954045-0.parquet -> (2688, 9)
2025-12-29 01:22:29,945 - System.ParquetUtils - INFO - ℹ️ ✅ Read parquet: 3b08e855a9c24b019d7c633963954045-0.parquet -> (2976, 9)
2025-12-29 01:22:29,948 - System.ParquetUtils - INFO - ℹ️ ✅ Read parquet: 3b08e855a9c24b019d7c633963954045-0.parquet -> (2880, 9)
2025-12-29 01:22:29,952 - System.ParquetUtils - INFO - ℹ️ ✅ Read parquet: 3b08e855a9c24b019d7c633963954045-0.parquet -> (2976, 9)
2025-12-29 01:22:29,957 - System.ParquetUtils - INFO - ℹ️ ✅ Read parquet: 3b08e855a9c24b019d7c633963954045-0.parquet -> (2880, 9)
2025-12-29 01:22:29,961 - System.ParquetUtils - INFO - ℹ️ ✅ Read parquet: 3b08e855a9c24b019d7c633963954045-0.parquet -> (2976, 9)
2025-12-29 01:22:29,965 - System.ParquetUtils - INFO - ℹ️ ✅ Read parquet: 3b08e855a9c24b019d7c633963954045-0.parquet -> (2976, 9)
2025-12-29 01:22:29,968 - System.ParquetUtils - INFO - ℹ️ ✅ Read parquet: 3b08e855a9c24b019d7c633963954045-0.parquet -> (2880, 9)
2025-12-29 01:22:29,971 - System.ParquetUtils - INFO - ℹ️ ✅ Read parquet: 3b08e855a9c24b019d7c633963954045-0.parquet -> (2976, 9)
2025-12-29 01:22:29,974 - System.ParquetUtils - INFO - ℹ️ ✅ Read parquet: 3b08e855a9c24b019d7c633963954045-0.parquet -> (2976, 9)
2025-12-29 01:22:29,978 - System.ParquetUtils - INFO - ℹ️ ✅ Read parquet: 3b08e855a9c24b019d7c633963954045-0.parquet -> (2880, 9)
2025-12-29 01:22:29,981 - System.ParquetUtils - INFO - ℹ️ ✅ Read parquet: 3b08e855a9c24b019d7c633963954045-0.parquet -> (2976, 9)
2025-12-29 01:22:29,984 - System.ParquetUtils - INFO - ℹ️ ✅ Read parquet: 3b08e855a9c24b019d7c633963954045-0.parquet -> (2688, 9)
2025-12-29 01:22:29,988 - System.ParquetUtils - INFO - ℹ️ ✅ Read parquet: 3b08e855a9c24b019d7c633963954045-0.parquet -> (2363, 9)
2025-12-29 01:22:29,993 - System.ParquetUtils - INFO - ℹ️ ✅ Read parquet: 3b08e855a9c24b019d7c633963954045-0.parquet -> (2880, 9)
2025-12-29 01:22:29,998 - System.ParquetUtils - INFO - ℹ️ ✅ Read parquet: 3b08e855a9c24b019d7c633963954045-0.parquet -> (2976, 9)
2025-12-29 01:22:30,002 - System.ParquetUtils - INFO - ℹ️ ✅ Read parquet: 3b08e855a9c24b019d7c633963954045-0.parquet -> (2880, 9)
2025-12-29 01:22:30,004 - System.ParquetUtils - INFO - ℹ️ ✅ Read parquet: 3b08e855a9c24b019d7c633963954045-0.parquet -> (2976, 9)
2025-12-29 01:22:30,009 - System.ParquetUtils - INFO - ℹ️ ✅ Read parquet: 3b08e855a9c24b019d7c633963954045-0.parquet -> (2976, 9)
2025-12-29 01:22:30,012 - System.ParquetUtils - INFO - ℹ️ ✅ Read parquet: 3b08e855a9c24b019d7c633963954045-0.parquet -> (2880, 9)
2025-12-29 01:22:30,014 - System.ParquetUtils - INFO - ℹ️ ✅ Read parquet: 3b08e855a9c24b019d7c633963954045-0.parquet -> (2976, 9)
2025-12-29 01:22:30,018 - System.ParquetUtils - INFO - ℹ️ ✅ Read parquet: 3b08e855a9c24b019d7c633963954045-0.parquet -> (2976, 9)
2025-12-29 01:22:30,022 - System.ParquetUtils - INFO - ℹ️ ✅ Read parquet: 3b08e855a9c24b019d7c633963954045-0.parquet -> (2880, 9)
2025-12-29 01:22:30,025 - System.ParquetUtils - INFO - ℹ️ ✅ Read parquet: 3b08e855a9c24b019d7c633963954045-0.parquet -> (2976, 9)
2025-12-29 01:22:30,028 - System.ParquetUtils - INFO - ℹ️ ✅ Read parquet: 3b08e855a9c24b019d7c633963954045-0.parquet -> (2784, 9)
2025-12-29 01:22:30,030 - System.ParquetUtils - INFO - ℹ️ ✅ Read parquet: 3b08e855a9c24b019d7c633963954045-0.parquet -> (2976, 9)
2025-12-29 01:22:30,032 - System.ParquetUtils - INFO - ℹ️ ✅ Read parquet: 3b08e855a9c24b019d7c633963954045-0.parquet -> (2880, 9)
2025-12-29 01:22:30,035 - System.ParquetUtils - INFO - ℹ️ ✅ Read parquet: 3b08e855a9c24b019d7c633963954045-0.parquet -> (2976, 9)
2025-12-29 01:22:30,037 - System.ParquetUtils - INFO - ℹ️ ✅ Read parquet: 3b08e855a9c24b019d7c633963954045-0.parquet -> (2880, 9)
2025-12-29 01:22:30,039 - System.ParquetUtils - INFO - ℹ️ ✅ Read parquet: 3b08e855a9c24b019d7c633963954045-0.parquet -> (2976, 9)
2025-12-29 01:22:30,041 - System.ParquetUtils - INFO - ℹ️ ✅ Read parquet: 3b08e855a9c24b019d7c633963954045-0.parquet -> (2976, 9)
2025-12-29 01:22:30,044 - System.ParquetUtils - INFO - ℹ️ ✅ Read parquet: 3b08e855a9c24b019d7c633963954045-0.parquet -> (2880, 9)
2025-12-29 01:22:30,048 - System.ParquetUtils - INFO - ℹ️ ✅ Read parquet: 3b08e855a9c24b019d7c633963954045-0.parquet -> (2976, 9)
2025-12-29 01:22:30,052 - System.ParquetUtils - INFO - ℹ️ ✅ Read parquet: 3b08e855a9c24b019d7c633963954045-0.parquet -> (2976, 9)
2025-12-29 01:22:30,055 - System.ParquetUtils - INFO - ℹ️ ✅ Read parquet: 3b08e855a9c24b019d7c633963954045-0.parquet -> (2880, 9)
2025-12-29 01:22:30,057 - System.ParquetUtils - INFO - ℹ️ ✅ Read parquet: 3b08e855a9c24b019d7c633963954045-0.parquet -> (924, 9)
2025-12-29 01:22:30,061 - System.ParquetUtils - INFO - ℹ️ ✅ Read parquet: 3b08e855a9c24b019d7c633963954045-0.parquet -> (2688, 9)
2025-12-29 01:22:30,065 - System.ParquetUtils - INFO - ℹ️ ✅ Read parquet: 3b08e855a9c24b019d7c633963954045-0.parquet -> (2976, 9)
2025-12-29 01:22:30,067 - System.ParquetUtils - INFO - ℹ️ ✅ Read parquet: 3b08e855a9c24b019d7c633963954045-0.parquet -> (2880, 9)
2025-12-29 01:22:30,069 - System.ParquetUtils - INFO - ℹ️ ✅ Read parquet: 3b08e855a9c24b019d7c633963954045-0.parquet -> (2976, 9)
2025-12-29 01:22:30,072 - System.ParquetUtils - INFO - ℹ️ ✅ Read parquet: 3b08e855a9c24b019d7c633963954045-0.parquet -> (2880, 9)
2025-12-29 01:22:30,074 - System.ParquetUtils - INFO - ℹ️ ✅ Read parquet: 3b08e855a9c24b019d7c633963954045-0.parquet -> (2976, 9)
[2025-12-29 01:22:30.074] 🐛 DEBUG [KlinesParquetManager]: File 49/51: historical_data/binance/ethusdt/processed/ethusdt_15m/year=2025/month=7/3b08e855a9c24b019d7c633963954045-0.parquet - 2976 rows, span=(2025-07-01 00:00:00, 2025-07-31 23:45:00) INFO
2025-12-29 01:22:30,077 - System.ParquetUtils - INFO - ℹ️ ✅ Read parquet: 3b08e855a9c24b019d7c633963954045-0.parquet -> (2976, 9)
[2025-12-29 01:22:30.077] 🐛 DEBUG [KlinesParquetManager]: File 50/51: historical_data/binance/ethusdt/processed/ethusdt_15m/year=2025/month=8/3b08e855a9c24b019d7c633963954045-0.parquet - 2976 rows, span=(2025-08-01 00:00:00, 2025-08-31 23:45:00) INFO
2025-12-29 01:22:30,079 - System.ParquetUtils - INFO - ℹ️ ✅ Read parquet: 3b08e855a9c24b019d7c633963954045-0.parquet -> (2880, 9)
[2025-12-29 01:22:30.080] 🐛 DEBUG [KlinesParquetManager]: File 51/51: historical_data/binance/ethusdt/processed/ethusdt_15m/year=2025/month=9/3b08e855a9c24b019d7c633963954045-0.parquet - 2880 rows, span=(2025-09-01 00:00:00, 2025-09-30 23:45:00) INFO
[2025-12-29 01:22:30.080] 🐛 DEBUG [KlinesParquetManager]: Successfully loaded 51 dataframes, combining... INFO
[2025-12-29 01:22:30.083] 🐛 DEBUG [KlinesParquetManager]: Combined shape before filtering: (142619, 9) INFO
[2025-12-29 01:22:30.083] 🔧 TIMEZONE: Index timezone: None INFO
[2025-12-29 01:22:30.091] 🐛 DEBUG [KlinesParquetManager]: Before duplicate removal: 142619 rows INFO
[2025-12-29 01:22:30.092] 🐛 DEBUG [KlinesParquetManager]: Duplicated timestamps: 0 INFO
[2025-12-29 01:22:30.092] 🐛 DEBUG [KlinesParquetManager]: Unique timestamps: 142619 INFO
[2025-12-29 01:22:30.096] 🐛 DEBUG [KlinesParquetManager]: After duplicate removal: 142619 rows INFO
[2025-12-29 01:22:30.096] 🐛 DEBUG [KlinesParquetManager]: start_time=None, end_time=None INFO
[2025-12-29 01:22:30.096] 🐛 DEBUG [KlinesParquetManager]: Final combined_df shape: (142619, 9) INFO
[2025-12-29 01:22:30.096] 🐛 DEBUG [KlinesParquetManager]: Date range: 2021-10-30 22:00:00 to 2025-12-10 14:45:00 INFO
[2025-12-29 01:22:30.099] INFO: 📊 Combined dataset before time filter: shape=(142619, 9); index_type=DatetimeIndex
[2025-12-29 01:22:30.099] INFO: 📊 Latest available data (index): 2025-12-10 14:45:00
[2025-12-29 01:22:30.099] INFO: 📊 Filtering to last 360 days: 2024-12-15 14:45:00 to 2025-12-10 14:45:00
[2025-12-29 01:22:30.103] SUCCESS: ✅ Loaded 34561 klines records for ETHUSDT 15m (last 360 days)
2025-12-29 01:22:30,103 - src.utils.kline_parquet - INFO - ℹ️ load_klines executed in 323.11ms
[2025-12-29 01:22:30.103] 📊 Fallback load: type=DataFrame, rows=34561, days=360 INFO
[2025-12-29 01:22:30.144] INFO: >>> OOS Test Enabled - Creating temporal split...
[2025-12-29 01:22:30.148] INFO: OOS Split: train=2024-12-15 14:45:00 to 2025-11-10 14:30:00 (31680 bars)
[2025-12-29 01:22:30.148] INFO: OOS Split: test=2025-11-10 14:45:00 to 2025-12-10 14:45:00 (2881 bars)
[2025-12-29 01:22:30.148] SUCCESS: OOS split created: train=31680 bars, test=2881 bars
[2025-12-29 01:22:32.760] INFO: >>> Executing Layer 2: Geometry Optimization (OOF & Full)...
2025-12-29 01:22:32,760 - src.training.steps.labeling.label_based_layer_2 - INFO - ℹ️ Starting Layer 2 Pipeline...
2025-12-29 01:22:32,760 - src.training.steps.labeling.label_based_layer_2 - INFO - ℹ️ >>> Layer 2: Step 1 - Prepare Data and Events...
[2025-12-29 01:22:32.820] 📊 CUSUM Signal Generator: 29376 signals generated INFO
2025-12-29 01:22:32,820 - src.training.steps.labeling.label_based_layer_2 - INFO - ℹ️ Generated 15353 events from 31680 bars using CUSUM filter.
2025-12-29 01:22:37,685 - src.training.steps.labeling.label_based_layer_2 - INFO - ℹ️ >>> Layer 2: Step 2 - Optimize Production Geometries...
2025-12-29 01:22:42,361 - src.training.steps.labeling.label_based_layer_2 - INFO - ℹ️ Optimizing geometries: 15353 total events (no family split)
2025-12-29 01:22:42,602 - src.training.steps.labeling.label_geometry_selection - INFO - ℹ️ Vectorizing 15353 events for horizons [8, 12, 16, 20, 24]...
2025-12-29 01:22:43,333 - src.training.steps.labeling.label_geometry_selection - INFO - ℹ️ Event dedup: 15353 → 2961 events (min_gap=6 bars)
2025-12-29 01:22:43,335 - src.training.steps.labeling.label_geometry_selection - INFO - ℹ️ Events after dedup: 15353 → 2961
2025-12-29 01:22:43,342 - src.training.steps.labeling.label_geometry_selection - INFO - ℹ️ Dropped 18 near-constant feature columns after dedup (306 remaining).
2025-12-29 01:22:43,351 - src.training.steps.labeling.label_geometry_selection - INFO - ℹ️ Generated 1680 raw candidates
2025-12-29 01:22:43,351 - src.training.steps.labeling.label_geometry_selection - INFO - ℹ️ After hard constraints: 1680 candidates
2025-12-29 01:22:43,364 - src.training.steps.labeling.label_geometry_selection - INFO - ℹ️ Distance-based deduplication: 1680 -> 93 candidates
2025-12-29 01:22:43,364 - src.training.steps.labeling.label_geometry_selection - INFO - ℹ️ Training LGBM on 93 pre-filtered candidates...
[LightGBM] [Info] Using self-defined objective function
[LightGBM] [Warning] No further splits with positive gain, best gain: -inf
[LightGBM] [Warning] No further splits with positive gain, best gain: -inf
[LightGBM] [Warning] No further splits with positive gain, best gain: -inf
[LightGBM] [Warning] No further splits with positive gain, best gain: -inf
[LightGBM] [Warning] No further splits with positive gain, best gain: -inf
[LightGBM] [Warning] No further splits with positive gain, best gain: -inf
[LightGBM] [Warning] No further splits with positive gain, best gain: -inf
[LightGBM] [Info] Using self-defined objective function
[LightGBM] [Warning] No further splits with positive gain, best gain: -inf
[LightGBM] [Warning] No further splits with positive gain, best gain: -inf
[LightGBM] [Warning] No further splits with positive gain, best gain: -inf
[LightGBM] [Warning] No further splits with positive gain, best gain: -inf
[LightGBM] [Warning] No further splits with positive gain, best gain: -inf
[LightGBM] [Info] Using self-defined objective function
[LightGBM] [Warning] No further splits with positive gain, best gain: -inf
[LightGBM] [Warning] No further splits with positive gain, best gain: -inf
[LightGBM] [Warning] No further splits with positive gain, best gain: -inf
[LightGBM] [Warning] No further splits with positive gain, best gain: -inf
[LightGBM] [Warning] No further splits with positive gain, best gain: -inf
[LightGBM] [Warning] No further splits with positive gain, best gain: -inf
[LightGBM] [Warning] No further splits with positive gain, best gain: -inf
[LightGBM] [Warning] No further splits with positive gain, best gain: -inf
[LightGBM] [Warning] No further splits with positive gain, best gain: -inf
[LightGBM] [Warning] No further splits with positive gain, best gain: -inf
[LightGBM] [Warning] No further splits with positive gain, best gain: -inf
[LightGBM] [Warning] No further splits with positive gain, best gain: -inf
[LightGBM] [Warning] No further splits with positive gain, best gain: -inf
[LightGBM] [Warning] No further splits with positive gain, best gain: -inf
[LightGBM] [Info] Using self-defined objective function
[LightGBM] [Warning] No further splits with positive gain, best gain: -inf
[LightGBM] [Warning] No further splits with positive gain, best gain: -inf
[LightGBM] [Warning] No further splits with positive gain, best gain: -inf
[LightGBM] [Warning] No further splits with positive gain, best gain: -inf
[LightGBM] [Warning] No further splits with positive gain, best gain: -inf
[LightGBM] [Warning] No further splits with positive gain, best gain: -inf
[LightGBM] [Warning] No further splits with positive gain, best gain: -inf
[LightGBM] [Warning] No further splits with positive gain, best gain: -inf
[LightGBM] [Warning] No further splits with positive gain, best gain: -inf
[LightGBM] [Info] Using self-defined objective function
[LightGBM] [Warning] No further splits with positive gain, best gain: -inf
[LightGBM] [Warning] No further splits with positive gain, best gain: -inf
[LightGBM] [Warning] No further splits with positive gain, best gain: -inf
[LightGBM] [Warning] No further splits with positive gain, best gain: -inf
2025-12-29 01:22:43,862 - src.training.steps.labeling.label_geometry_selection - INFO - ℹ️ Gate rejected: survival=38.06%, uniq=0.21, reasons=['Low Learnability (AUC Lift 0.009)']
[LightGBM] [Info] Using self-defined objective function
[LightGBM] [Warning] No further splits with positive gain, best gain: -inf
[LightGBM] [Warning] No further splits with positive gain, best gain: -inf
[LightGBM] [Info] Using self-defined objective function
[LightGBM] [Warning] No further splits with positive gain, best gain: -inf
[LightGBM] [Warning] No further splits with positive gain, best gain: -inf
[LightGBM] [Warning] No further splits with positive gain, best gain: -inf
[LightGBM] [Warning] No further splits with positive gain, best gain: -inf
[LightGBM] [Warning] No further splits with positive gain, best gain: -inf
[LightGBM] [Warning] No further splits with positive gain, best gain: -inf
[LightGBM] [Warning] No further splits with positive gain, best gain: -inf
[LightGBM] [Warning] No further splits with positive gain, best gain: -inf
[LightGBM] [Warning] No further splits with positive gain, best gain: -inf
[LightGBM] [Warning] No further splits with positive gain, best gain: -inf
[LightGBM] [Info] Using self-defined objective function
[LightGBM] [Warning] No further splits with positive gain, best gain: -inf
[LightGBM] [Info] Using self-defined objective function
[LightGBM] [Warning] No further splits with positive gain, best gain: -inf
[LightGBM] [Warning] No further splits with positive gain, best gain: -inf
[LightGBM] [Info] Using self-defined objective function
[LightGBM] [Warning] No further splits with positive gain, best gain: -inf
[LightGBM] [Warning] No further splits with positive gain, best gain: -inf
[LightGBM] [Warning] No further splits with positive gain, best gain: -inf
[LightGBM] [Warning] No further splits with positive gain, best gain: -inf
[LightGBM] [Warning] No further splits with positive gain, best gain: -inf
[LightGBM] [Warning] No further splits with positive gain, best gain: -inf
[LightGBM] [Warning] No further splits with positive gain, best gain: -inf
[LightGBM] [Info] Using self-defined objective function
[LightGBM] [Warning] No further splits with positive gain, best gain: -inf
[LightGBM] [Warning] No further splits with positive gain, best gain: -inf
[LightGBM] [Warning] No further splits with positive gain, best gain: -inf
[LightGBM] [Warning] No further splits with positive gain, best gain: -inf
[LightGBM] [Warning] No further splits with positive gain, best gain: -inf
[LightGBM] [Warning] No further splits with positive gain, best gain: -inf
[LightGBM] [Info] Using self-defined objective function
[LightGBM] [Warning] No further splits with positive gain, best gain: -inf
[LightGBM] [Warning] No further splits with positive gain, best gain: -inf
[LightGBM] [Warning] No further splits with positive gain, best gain: -inf
[LightGBM] [Warning] No further splits with positive gain, best gain: -inf
[LightGBM] [Warning] No further splits with positive gain, best gain: -inf
[LightGBM] [Warning] No further splits with positive gain, best gain: -inf
[LightGBM] [Warning] No further splits with positive gain, best gain: -inf
[LightGBM] [Warning] No further splits with positive gain, best gain: -inf
[LightGBM] [Warning] No further splits with positive gain, best gain: -inf
[LightGBM] [Warning] No further splits with positive gain, best gain: -inf
[LightGBM] [Warning] No further splits with positive gain, best gain: -inf
[LightGBM] [Warning] No further splits with positive gain, best gain: -inf
[LightGBM] [Warning] No further splits with positive gain, best gain: -inf
[LightGBM] [Warning] No further splits with positive gain, best gain: -inf
[LightGBM] [Warning] No further splits with positive gain, best gain: -inf
[LightGBM] [Warning] No further splits with positive gain, best gain: -inf
[LightGBM] [Warning] No further splits with positive gain, best gain: -inf
[LightGBM] [Warning] No further splits with positive gain, best gain: -inf
[LightGBM] [Warning] No further splits with positive gain, best gain: -inf
[LightGBM] [Info] Using self-defined objective function
[LightGBM] [Warning] No further splits with positive gain, best gain: -inf
[LightGBM] [Info] Using self-defined objective function
[LightGBM] [Warning] No further splits with positive gain, best gain: -inf
[LightGBM] [Warning] No further splits with positive gain, best gain: -inf
[LightGBM] [Warning] No further splits with positive gain, best gain: -inf
[LightGBM] [Warning] No further splits with positive gain, best gain: -inf
[LightGBM] [Warning] No further splits with positive gain, best gain: -inf
[LightGBM] [Warning] No further splits with positive gain, best gain: -inf
[LightGBM] [Info] Using self-defined objective function
[LightGBM] [Warning] No further splits with positive gain, best gain: -inf
[LightGBM] [Warning] No further splits with positive gain, best gain: -inf
[LightGBM] [Warning] No further splits with positive gain, best gain: -inf
[LightGBM] [Warning] No further splits with positive gain, best gain: -inf
[LightGBM] [Warning] No further splits with positive gain, best gain: -inf
[LightGBM] [Info] Using self-defined objective function
[LightGBM] [Warning] No further splits with positive gain, best gain: -inf
[LightGBM] [Warning] No further splits with positive gain, best gain: -inf
[LightGBM] [Warning] No further splits with positive gain, best gain: -inf
[LightGBM] [Warning] No further splits with positive gain, best gain: -inf
[LightGBM] [Info] Using self-defined objective function
[LightGBM] [Warning] No further splits with positive gain, best gain: -inf
[LightGBM] [Warning] No further splits with positive gain, best gain: -inf
[LightGBM] [Warning] No further splits with positive gain, best gain: -inf
[LightGBM] [Info] Using self-defined objective function
[LightGBM] [Warning] No further splits with positive gain, best gain: -inf
[LightGBM] [Warning] No further splits with positive gain, best gain: -inf
[LightGBM] [Warning] No further splits with positive gain, best gain: -inf
[LightGBM] [Warning] No further splits with positive gain, best gain: -inf
[LightGBM] [Warning] No further splits with positive gain, best gain: -inf
[LightGBM] [Warning] No further splits with positive gain, best gain: -inf
[LightGBM] [Info] Using self-defined objective function
[LightGBM] [Warning] No further splits with positive gain, best gain: -inf
[LightGBM] [Warning] No further splits with positive gain, best gain: -inf
[LightGBM] [Info] Using self-defined objective function
[LightGBM] [Warning] No further splits with positive gain, best gain: -inf
[LightGBM] [Warning] No further splits with positive gain, best gain: -inf
[LightGBM] [Warning] No further splits with positive gain, best gain: -inf
[LightGBM] [Warning] No further splits with positive gain, best gain: -inf
[LightGBM] [Warning] No further splits with positive gain, best gain: -inf
[LightGBM] [Info] Using self-defined objective function
[LightGBM] [Info] Using self-defined objective function
[LightGBM] [Warning] No further splits with positive gain, best gain: -inf
2025-12-29 01:22:45,798 - src.training.steps.labeling.label_geometry_selection - INFO - ℹ️ Gate rejected: survival=34.75%, uniq=0.21, reasons=['Low Learnability (AUC Lift 0.003)']
[LightGBM] [Info] Using self-defined objective function
[LightGBM] [Warning] No further splits with positive gain, best gain: -inf
[LightGBM] [Warning] No further splits with positive gain, best gain: -inf
[LightGBM] [Info] Using self-defined objective function
[LightGBM] [Warning] No further splits with positive gain, best gain: -inf
[LightGBM] [Warning] No further splits with positive gain, best gain: -inf
[LightGBM] [Warning] No further splits with positive gain, best gain: -inf
[LightGBM] [Warning] No further splits with positive gain, best gain: -inf
[LightGBM] [Warning] No further splits with positive gain, best gain: -inf
[LightGBM] [Warning] No further splits with positive gain, best gain: -inf
[LightGBM] [Warning] No further splits with positive gain, best gain: -inf
[LightGBM] [Warning] No further splits with positive gain, best gain: -inf
[LightGBM] [Info] Using self-defined objective function
[LightGBM] [Warning] No further splits with positive gain, best gain: -inf
[LightGBM] [Warning] No further splits with positive gain, best gain: -inf
[LightGBM] [Warning] No further splits with positive gain, best gain: -inf
[LightGBM] [Warning] No further splits with positive gain, best gain: -inf
[LightGBM] [Info] Using self-defined objective function
[LightGBM] [Warning] No further splits with positive gain, best gain: -inf
[LightGBM] [Warning] No further splits with positive gain, best gain: -inf
[LightGBM] [Warning] No further splits with positive gain, best gain: -inf
[LightGBM] [Warning] No further splits with positive gain, best gain: -inf
[LightGBM] [Info] Using self-defined objective function
[LightGBM] [Warning] No further splits with positive gain, best gain: -inf
[LightGBM] [Warning] No further splits with positive gain, best gain: -inf
[LightGBM] [Warning] No further splits with positive gain, best gain: -inf
[LightGBM] [Warning] No further splits with positive gain, best gain: -inf
[LightGBM] [Warning] No further splits with positive gain, best gain: -inf
[LightGBM] [Warning] No further splits with positive gain, best gain: -inf
[LightGBM] [Warning] No further splits with positive gain, best gain: -inf
[LightGBM] [Warning] No further splits with positive gain, best gain: -inf
[LightGBM] [Warning] No further splits with positive gain, best gain: -inf
[LightGBM] [Warning] No further splits with positive gain, best gain: -inf
[LightGBM] [Warning] No further splits with positive gain, best gain: -inf
[LightGBM] [Info] Using self-defined objective function
[LightGBM] [Warning] No further splits with positive gain, best gain: -inf
[LightGBM] [Warning] No further splits with positive gain, best gain: -inf
[LightGBM] [Warning] No further splits with positive gain, best gain: -inf
[LightGBM] [Warning] No further splits with positive gain, best gain: -inf
[LightGBM] [Warning] No further splits with positive gain, best gain: -inf
[LightGBM] [Warning] No further splits with positive gain, best gain: -inf
[LightGBM] [Warning] No further splits with positive gain, best gain: -inf
[LightGBM] [Warning] No further splits with positive gain, best gain: -inf
[LightGBM] [Info] Using self-defined objective function
[LightGBM] [Warning] No further splits with positive gain, best gain: -inf
[LightGBM] [Warning] No further splits with positive gain, best gain: -inf
[LightGBM] [Warning] No further splits with positive gain, best gain: -inf
[LightGBM] [Warning] No further splits with positive gain, best gain: -inf
[LightGBM] [Warning] No further splits with positive gain, best gain: -inf
[LightGBM] [Warning] No further splits with positive gain, best gain: -inf
[LightGBM] [Warning] No further splits with positive gain, best gain: -inf
[LightGBM] [Warning] No further splits with positive gain, best gain: -inf
[LightGBM] [Warning] No further splits with positive gain, best gain: -inf
[LightGBM] [Warning] No further splits with positive gain, best gain: -inf
[LightGBM] [Warning] No further splits with positive gain, best gain: -inf
[LightGBM] [Warning] No further splits with positive gain, best gain: -inf
[LightGBM] [Warning] No further splits with positive gain, best gain: -inf
[LightGBM] [Warning] No further splits with positive gain, best gain: -inf
[LightGBM] [Warning] No further splits with positive gain, best gain: -inf
[LightGBM] [Warning] No further splits with positive gain, best gain: -inf
[LightGBM] [Warning] No further splits with positive gain, best gain: -inf
[LightGBM] [Warning] No further splits with positive gain, best gain: -inf
[LightGBM] [Warning] No further splits with positive gain, best gain: -inf
[LightGBM] [Info] Using self-defined objective function
[LightGBM] [Warning] No further splits with positive gain, best gain: -inf
[LightGBM] [Warning] No further splits with positive gain, best gain: -inf
[LightGBM] [Warning] No further splits with positive gain, best gain: -inf
[LightGBM] [Warning] No further splits with positive gain, best gain: -inf
[LightGBM] [Warning] No further splits with positive gain, best gain: -inf
[LightGBM] [Info] Using self-defined objective function
[LightGBM] [Warning] No further splits with positive gain, best gain: -inf
[LightGBM] [Warning] No further splits with positive gain, best gain: -inf
[LightGBM] [Warning] No further splits with positive gain, best gain: -inf
[LightGBM] [Warning] No further splits with positive gain, best gain: -inf
[LightGBM] [Warning] No further splits with positive gain, best gain: -inf
[LightGBM] [Warning] No further splits with positive gain, best gain: -inf
[LightGBM] [Warning] No further splits with positive gain, best gain: -inf
[LightGBM] [Info] Using self-defined objective function
[LightGBM] [Warning] No further splits with positive gain, best gain: -inf
[LightGBM] [Warning] No further splits with positive gain, best gain: -inf
[LightGBM] [Warning] No further splits with positive gain, best gain: -inf
[LightGBM] [Warning] No further splits with positive gain, best gain: -inf
[LightGBM] [Info] Using self-defined objective function
[LightGBM] [Warning] No further splits with positive gain, best gain: -inf
[LightGBM] [Warning] No further splits with positive gain, best gain: -inf
[LightGBM] [Warning] No further splits with positive gain, best gain: -inf
[LightGBM] [Warning] No further splits with positive gain, best gain: -inf
[LightGBM] [Warning] No further splits with positive gain, best gain: -inf
[LightGBM] [Warning] No further splits with positive gain, best gain: -inf
[LightGBM] [Warning] No further splits with positive gain, best gain: -inf
[LightGBM] [Warning] No further splits with positive gain, best gain: -inf
[LightGBM] [Info] Using self-defined objective function
[LightGBM] [Warning] No further splits with positive gain, best gain: -inf
[LightGBM] [Warning] No further splits with positive gain, best gain: -inf
[LightGBM] [Info] Using self-defined objective function
[LightGBM] [Warning] No further splits with positive gain, best gain: -inf
[LightGBM] [Warning] No further splits with positive gain, best gain: -inf
[LightGBM] [Warning] No further splits with positive gain, best gain: -inf
[LightGBM] [Info] Using self-defined objective function
[LightGBM] [Warning] No further splits with positive gain, best gain: -inf
[LightGBM] [Info] Using self-defined objective function
[LightGBM] [Warning] No further splits with positive gain, best gain: -inf
[LightGBM] [Warning] No further splits with positive gain, best gain: -inf
[LightGBM] [Warning] No further splits with positive gain, best gain: -inf
[LightGBM] [Warning] No further splits with positive gain, best gain: -inf
[LightGBM] [Warning] No further splits with positive gain, best gain: -inf
[LightGBM] [Warning] No further splits with positive gain, best gain: -inf
[LightGBM] [Warning] No further splits with positive gain, best gain: -inf
[LightGBM] [Info] Using self-defined objective function
[LightGBM] [Warning] No further splits with positive gain, best gain: -inf
[LightGBM] [Info] Using self-defined objective function
[LightGBM] [Warning] No further splits with positive gain, best gain: -inf
[LightGBM] [Warning] No further splits with positive gain, best gain: -inf
[LightGBM] [Warning] No further splits with positive gain, best gain: -inf
[LightGBM] [Warning] No further splits with positive gain, best gain: -inf
[LightGBM] [Warning] No further splits with positive gain, best gain: -inf
[LightGBM] [Warning] No further splits with positive gain, best gain: -inf
[LightGBM] [Warning] No further splits with positive gain, best gain: -inf
[LightGBM] [Warning] No further splits with positive gain, best gain: -inf
[LightGBM] [Warning] No further splits with positive gain, best gain: -inf
[LightGBM] [Warning] No further splits with positive gain, best gain: -inf
[LightGBM] [Warning] No further splits with positive gain, best gain: -inf
[LightGBM] [Warning] No further splits with positive gain, best gain: -inf
[LightGBM] [Warning] No further splits with positive gain, best gain: -inf
[LightGBM] [Warning] No further splits with positive gain, best gain: -inf
[LightGBM] [Warning] No further splits with positive gain, best gain: -inf
[LightGBM] [Info] Using self-defined objective function
[LightGBM] [Warning] No further splits with positive gain, best gain: -inf
[LightGBM] [Warning] No further splits with positive gain, best gain: -inf
[LightGBM] [Warning] No further splits with positive gain, best gain: -inf
[LightGBM] [Warning] No further splits with positive gain, best gain: -inf
[LightGBM] [Warning] No further splits with positive gain, best gain: -inf
[LightGBM] [Info] Using self-defined objective function
[LightGBM] [Warning] No further splits with positive gain, best gain: -inf
[LightGBM] [Warning] No further splits with positive gain, best gain: -inf
[LightGBM] [Warning] No further splits with positive gain, best gain: -inf
[LightGBM] [Warning] No further splits with positive gain, best gain: -inf
[LightGBM] [Warning] No further splits with positive gain, best gain: -inf
[LightGBM] [Warning] No further splits with positive gain, best gain: -inf
[LightGBM] [Warning] No further splits with positive gain, best gain: -inf
[LightGBM] [Info] Using self-defined objective function
[LightGBM] [Warning] No further splits with positive gain, best gain: -inf
[LightGBM] [Warning] No further splits with positive gain, best gain: -inf
[LightGBM] [Warning] No further splits with positive gain, best gain: -inf
[LightGBM] [Warning] No further splits with positive gain, best gain: -inf
[LightGBM] [Warning] No further splits with positive gain, best gain: -inf
[LightGBM] [Info] Using self-defined objective function
[LightGBM] [Warning] No further splits with positive gain, best gain: -inf
[LightGBM] [Warning] No further splits with positive gain, best gain: -inf
[LightGBM] [Warning] No further splits with positive gain, best gain: -inf
[LightGBM] [Warning] No further splits with positive gain, best gain: -inf
[LightGBM] [Warning] No further splits with positive gain, best gain: -inf
[LightGBM] [Warning] No further splits with positive gain, best gain: -inf
[LightGBM] [Warning] No further splits with positive gain, best gain: -inf
[LightGBM] [Info] Using self-defined objective function
[LightGBM] [Warning] No further splits with positive gain, best gain: -inf
[LightGBM] [Warning] No further splits with positive gain, best gain: -inf
[LightGBM] [Warning] No further splits with positive gain, best gain: -inf
[LightGBM] [Warning] No further splits with positive gain, best gain: -inf
[LightGBM] [Warning] No further splits with positive gain, best gain: -inf
[LightGBM] [Info] Using self-defined objective function
[LightGBM] [Warning] No further splits with positive gain, best gain: -inf
[LightGBM] [Warning] No further splits with positive gain, best gain: -inf
[LightGBM] [Warning] No further splits with positive gain, best gain: -inf
[LightGBM] [Warning] No further splits with positive gain, best gain: -inf
[LightGBM] [Warning] No further splits with positive gain, best gain: -inf
[LightGBM] [Warning] No further splits with positive gain, best gain: -inf
[LightGBM] [Warning] No further splits with positive gain, best gain: -inf
[LightGBM] [Warning] No further splits with positive gain, best gain: -inf
[LightGBM] [Warning] No further splits with positive gain, best gain: -inf
[LightGBM] [Info] Using self-defined objective function
[LightGBM] [Warning] No further splits with positive gain, best gain: -inf
[LightGBM] [Warning] No further splits with positive gain, best gain: -inf
[LightGBM] [Info] Using self-defined objective function
[LightGBM] [Warning] No further splits with positive gain, best gain: -inf
[LightGBM] [Warning] No further splits with positive gain, best gain: -inf
[LightGBM] [Warning] No further splits with positive gain, best gain: -inf
[LightGBM] [Warning] No further splits with positive gain, best gain: -inf
[LightGBM] [Warning] No further splits with positive gain, best gain: -inf
[LightGBM] [Warning] No further splits with positive gain, best gain: -inf
[LightGBM] [Warning] No further splits with positive gain, best gain: -inf
[LightGBM] [Info] Using self-defined objective function
[LightGBM] [Warning] No further splits with positive gain, best gain: -inf
[LightGBM] [Warning] No further splits with positive gain, best gain: -inf
[LightGBM] [Warning] No further splits with positive gain, best gain: -inf
[LightGBM] [Warning] No further splits with positive gain, best gain: -inf
[LightGBM] [Info] Using self-defined objective function
[LightGBM] [Warning] No further splits with positive gain, best gain: -inf
[LightGBM] [Warning] No further splits with positive gain, best gain: -inf
[LightGBM] [Warning] No further splits with positive gain, best gain: -inf
[LightGBM] [Info] Using self-defined objective function
[LightGBM] [Warning] No further splits with positive gain, best gain: -inf
[LightGBM] [Warning] No further splits with positive gain, best gain: -inf
[LightGBM] [Warning] No further splits with positive gain, best gain: -inf
[LightGBM] [Warning] No further splits with positive gain, best gain: -inf
[LightGBM] [Warning] No further splits with positive gain, best gain: -inf
[LightGBM] [Info] Using self-defined objective function
[LightGBM] [Warning] No further splits with positive gain, best gain: -inf
[LightGBM] [Warning] No further splits with positive gain, best gain: -inf
[LightGBM] [Warning] No further splits with positive gain, best gain: -inf
[LightGBM] [Warning] No further splits with positive gain, best gain: -inf
[LightGBM] [Warning] No further splits with positive gain, best gain: -inf
[LightGBM] [Info] Using self-defined objective function
[LightGBM] [Warning] No further splits with positive gain, best gain: -inf
[LightGBM] [Info] Using self-defined objective function
[LightGBM] [Info] Using self-defined objective function
[LightGBM] [Info] Using self-defined objective function
[LightGBM] [Warning] No further splits with positive gain, best gain: -inf
[LightGBM] [Warning] No further splits with positive gain, best gain: -inf
[LightGBM] [Warning] No further splits with positive gain, best gain: -inf
[LightGBM] [Warning] No further splits with positive gain, best gain: -inf
[LightGBM] [Warning] No further splits with positive gain, best gain: -inf
[LightGBM] [Warning] No further splits with positive gain, best gain: -inf
[LightGBM] [Warning] No further splits with positive gain, best gain: -inf
[LightGBM] [Warning] No further splits with positive gain, best gain: -inf
[LightGBM] [Info] Using self-defined objective function
[LightGBM] [Warning] No further splits with positive gain, best gain: -inf
[LightGBM] [Warning] No further splits with positive gain, best gain: -inf
[LightGBM] [Warning] No further splits with positive gain, best gain: -inf
[LightGBM] [Warning] No further splits with positive gain, best gain: -inf
[LightGBM] [Warning] No further splits with positive gain, best gain: -inf
[LightGBM] [Warning] No further splits with positive gain, best gain: -inf
[LightGBM] [Warning] No further splits with positive gain, best gain: -inf
[LightGBM] [Warning] No further splits with positive gain, best gain: -inf
[LightGBM] [Warning] No further splits with positive gain, best gain: -inf
[LightGBM] [Warning] No further splits with positive gain, best gain: -inf
[LightGBM] [Warning] No further splits with positive gain, best gain: -inf
[LightGBM] [Info] Using self-defined objective function
[LightGBM] [Warning] No further splits with positive gain, best gain: -inf
[LightGBM] [Warning] No further splits with positive gain, best gain: -inf
[LightGBM] [Warning] No further splits with positive gain, best gain: -inf
[LightGBM] [Warning] No further splits with positive gain, best gain: -inf
[LightGBM] [Warning] No further splits with positive gain, best gain: -inf
[LightGBM] [Warning] No further splits with positive gain, best gain: -inf
[LightGBM] [Info] Using self-defined objective function
[LightGBM] [Warning] No further splits with positive gain, best gain: -inf
[LightGBM] [Warning] No further splits with positive gain, best gain: -inf
[LightGBM] [Warning] No further splits with positive gain, best gain: -inf
[LightGBM] [Warning] No further splits with positive gain, best gain: -inf
[LightGBM] [Warning] No further splits with positive gain, best gain: -inf
[LightGBM] [Warning] No further splits with positive gain, best gain: -inf
[LightGBM] [Warning] No further splits with positive gain, best gain: -inf
[LightGBM] [Warning] No further splits with positive gain, best gain: -inf
[LightGBM] [Warning] No further splits with positive gain, best gain: -inf
[LightGBM] [Info] Using self-defined objective function
[LightGBM] [Warning] No further splits with positive gain, best gain: -inf
[LightGBM] [Warning] No further splits with positive gain, best gain: -inf
[LightGBM] [Warning] No further splits with positive gain, best gain: -inf
[LightGBM] [Info] Using self-defined objective function
[LightGBM] [Warning] No further splits with positive gain, best gain: -inf
[LightGBM] [Warning] No further splits with positive gain, best gain: -inf
[LightGBM] [Warning] No further splits with positive gain, best gain: -inf
[LightGBM] [Info] Using self-defined objective function
[LightGBM] [Warning] No further splits with positive gain, best gain: -inf
[LightGBM] [Warning] No further splits with positive gain, best gain: -inf
[LightGBM] [Warning] No further splits with positive gain, best gain: -inf
[LightGBM] [Warning] No further splits with positive gain, best gain: -inf
[LightGBM] [Warning] No further splits with positive gain, best gain: -inf
[LightGBM] [Warning] No further splits with positive gain, best gain: -inf
[LightGBM] [Warning] No further splits with positive gain, best gain: -inf
[LightGBM] [Warning] No further splits with positive gain, best gain: -inf
[LightGBM] [Warning] No further splits with positive gain, best gain: -inf
[LightGBM] [Warning] No further splits with positive gain, best gain: -inf
[LightGBM] [Warning] No further splits with positive gain, best gain: -inf
[LightGBM] [Warning] No further splits with positive gain, best gain: -inf
[LightGBM] [Warning] No further splits with positive gain, best gain: -inf
[LightGBM] [Warning] No further splits with positive gain, best gain: -inf
[LightGBM] [Warning] No further splits with positive gain, best gain: -inf
[LightGBM] [Warning] No further splits with positive gain, best gain: -inf
[LightGBM] [Warning] No further splits with positive gain, best gain: -inf
[LightGBM] [Warning] No further splits with positive gain, best gain: -inf
[LightGBM] [Warning] No further splits with positive gain, best gain: -inf
[LightGBM] [Warning] No further splits with positive gain, best gain: -inf
2025-12-29 01:22:49,723 - src.training.steps.labeling.label_geometry_selection - INFO - ℹ️ Gate rejected: survival=28.88%, uniq=0.26, reasons=['Low Learnability (AUC Lift 0.001)']
[LightGBM] [Info] Using self-defined objective function
[LightGBM] [Warning] No further splits with positive gain, best gain: -inf
[LightGBM] [Warning] No further splits with positive gain, best gain: -inf
[LightGBM] [Warning] No further splits with positive gain, best gain: -inf
[LightGBM] [Warning] No further splits with positive gain, best gain: -inf
[LightGBM] [Warning] No further splits with positive gain, best gain: -inf
[LightGBM] [Warning] No further splits with positive gain, best gain: -inf
[LightGBM] [Warning] No further splits with positive gain, best gain: -inf
[LightGBM] [Warning] No further splits with positive gain, best gain: -inf
[LightGBM] [Info] Using self-defined objective function
[LightGBM] [Info] Using self-defined objective function
[LightGBM] [Warning] No further splits with positive gain, best gain: -inf
[LightGBM] [Warning] No further splits with positive gain, best gain: -inf
[LightGBM] [Warning] No further splits with positive gain, best gain: -inf
[LightGBM] [Warning] No further splits with positive gain, best gain: -inf
[LightGBM] [Warning] No further splits with positive gain, best gain: -inf
[LightGBM] [Warning] No further splits with positive gain, best gain: -inf
[LightGBM] [Warning] No further splits with positive gain, best gain: -inf
[LightGBM] [Info] Using self-defined objective function
[LightGBM] [Warning] No further splits with positive gain, best gain: -inf
[LightGBM] [Warning] No further splits with positive gain, best gain: -inf
[LightGBM] [Warning] No further splits with positive gain, best gain: -inf
[LightGBM] [Warning] No further splits with positive gain, best gain: -inf
[LightGBM] [Warning] No further splits with positive gain, best gain: -inf
[LightGBM] [Warning] No further splits with positive gain, best gain: -inf
[LightGBM] [Info] Using self-defined objective function
[LightGBM] [Warning] No further splits with positive gain, best gain: -inf
[LightGBM] [Warning] No further splits with positive gain, best gain: -inf
[LightGBM] [Warning] No further splits with positive gain, best gain: -inf
[LightGBM] [Warning] No further splits with positive gain, best gain: -inf
[LightGBM] [Warning] No further splits with positive gain, best gain: -inf
[LightGBM] [Warning] No further splits with positive gain, best gain: -inf
[LightGBM] [Warning] No further splits with positive gain, best gain: -inf
[LightGBM] [Warning] No further splits with positive gain, best gain: -inf
[LightGBM] [Warning] No further splits with positive gain, best gain: -inf
[LightGBM] [Warning] No further splits with positive gain, best gain: -inf
[LightGBM] [Info] Using self-defined objective function
[LightGBM] [Warning] No further splits with positive gain, best gain: -inf
[LightGBM] [Warning] No further splits with positive gain, best gain: -inf
[LightGBM] [Warning] No further splits with positive gain, best gain: -inf
[LightGBM] [Warning] No further splits with positive gain, best gain: -inf
[LightGBM] [Warning] No further splits with positive gain, best gain: -inf
[LightGBM] [Warning] No further splits with positive gain, best gain: -inf
[LightGBM] [Warning] No further splits with positive gain, best gain: -inf
[LightGBM] [Warning] No further splits with positive gain, best gain: -inf
[LightGBM] [Warning] No further splits with positive gain, best gain: -inf
[LightGBM] [Warning] No further splits with positive gain, best gain: -inf
[LightGBM] [Warning] No further splits with positive gain, best gain: -inf
[LightGBM] [Info] Using self-defined objective function
[LightGBM] [Warning] No further splits with positive gain, best gain: -inf
[LightGBM] [Warning] No further splits with positive gain, best gain: -inf
[LightGBM] [Warning] No further splits with positive gain, best gain: -inf
[LightGBM] [Warning] No further splits with positive gain, best gain: -inf
2025-12-29 01:22:50,474 - src.training.steps.labeling.label_geometry_selection - INFO - ℹ️ Gate rejected: survival=34.89%, uniq=0.22, reasons=['Low Learnability (AUC Lift 0.008)']
[LightGBM] [Info] Using self-defined objective function
[LightGBM] [Warning] No further splits with positive gain, best gain: -inf
[LightGBM] [Warning] No further splits with positive gain, best gain: -inf
[LightGBM] [Warning] No further splits with positive gain, best gain: -inf
[LightGBM] [Warning] No further splits with positive gain, best gain: -inf
[LightGBM] [Warning] No further splits with positive gain, best gain: -inf
[LightGBM] [Warning] No further splits with positive gain, best gain: -inf
[LightGBM] [Warning] No further splits with positive gain, best gain: -inf
[LightGBM] [Warning] No further splits with positive gain, best gain: -inf
[LightGBM] [Warning] No further splits with positive gain, best gain: -inf
[LightGBM] [Warning] No further splits with positive gain, best gain: -inf
[LightGBM] [Warning] No further splits with positive gain, best gain: -inf
[LightGBM] [Warning] No further splits with positive gain, best gain: -inf
[LightGBM] [Warning] No further splits with positive gain, best gain: -inf
[LightGBM] [Warning] No further splits with positive gain, best gain: -inf
[LightGBM] [Info] Using self-defined objective function
[LightGBM] [Warning] No further splits with positive gain, best gain: -inf
[LightGBM] [Info] Using self-defined objective function
[LightGBM] [Warning] No further splits with positive gain, best gain: -inf
[LightGBM] [Warning] No further splits with positive gain, best gain: -inf
[LightGBM] [Warning] No further splits with positive gain, best gain: -inf
[LightGBM] [Warning] No further splits with positive gain, best gain: -inf
[LightGBM] [Warning] No further splits with positive gain, best gain: -inf
[LightGBM] [Warning] No further splits with positive gain, best gain: -inf
[LightGBM] [Warning] No further splits with positive gain, best gain: -inf
[LightGBM] [Warning] No further splits with positive gain, best gain: -inf
[LightGBM] [Warning] No further splits with positive gain, best gain: -inf
[LightGBM] [Warning] No further splits with positive gain, best gain: -inf
[LightGBM] [Warning] No further splits with positive gain, best gain: -inf
[LightGBM] [Info] Using self-defined objective function
[LightGBM] [Warning] No further splits with positive gain, best gain: -inf
[LightGBM] [Warning] No further splits with positive gain, best gain: -inf
[LightGBM] [Warning] No further splits with positive gain, best gain: -inf
2025-12-29 01:22:50,892 - src.training.steps.labeling.label_geometry_selection - INFO - ℹ️ Gate rejected: survival=32.62%, uniq=0.24, reasons=['Low Learnability (AUC Lift 0.001)', 'Low Precision Lift (-0.001)']
[LightGBM] [Info] Using self-defined objective function
[LightGBM] [Warning] No further splits with positive gain, best gain: -inf
[LightGBM] [Warning] No further splits with positive gain, best gain: -inf
[LightGBM] [Warning] No further splits with positive gain, best gain: -inf
[LightGBM] [Warning] No further splits with positive gain, best gain: -inf
[LightGBM] [Warning] No further splits with positive gain, best gain: -inf
[LightGBM] [Warning] No further splits with positive gain, best gain: -inf
[LightGBM] [Warning] No further splits with positive gain, best gain: -inf
[LightGBM] [Warning] No further splits with positive gain, best gain: -inf
[LightGBM] [Warning] No further splits with positive gain, best gain: -inf
[LightGBM] [Warning] No further splits with positive gain, best gain: -inf
[LightGBM] [Warning] No further splits with positive gain, best gain: -inf
[LightGBM] [Warning] No further splits with positive gain, best gain: -inf
[LightGBM] [Warning] No further splits with positive gain, best gain: -inf
[LightGBM] [Warning] No further splits with positive gain, best gain: -inf
[LightGBM] [Info] Using self-defined objective function
[LightGBM] [Warning] No further splits with positive gain, best gain: -inf
[LightGBM] [Warning] No further splits with positive gain, best gain: -inf
[LightGBM] [Warning] No further splits with positive gain, best gain: -inf
[LightGBM] [Warning] No further splits with positive gain, best gain: -inf
[LightGBM] [Warning] No further splits with positive gain, best gain: -inf
[LightGBM] [Warning] No further splits with positive gain, best gain: -inf
[LightGBM] [Info] Using self-defined objective function
[LightGBM] [Warning] No further splits with positive gain, best gain: -inf
[LightGBM] [Warning] No further splits with positive gain, best gain: -inf
[LightGBM] [Warning] No further splits with positive gain, best gain: -inf
[LightGBM] [Warning] No further splits with positive gain, best gain: -inf
[LightGBM] [Warning] No further splits with positive gain, best gain: -inf
[LightGBM] [Warning] No further splits with positive gain, best gain: -inf
[LightGBM] [Warning] No further splits with positive gain, best gain: -inf
[LightGBM] [Warning] No further splits with positive gain, best gain: -inf
[LightGBM] [Warning] No further splits with positive gain, best gain: -inf
[LightGBM] [Warning] No further splits with positive gain, best gain: -inf
[LightGBM] [Warning] No further splits with positive gain, best gain: -inf
[LightGBM] [Warning] No further splits with positive gain, best gain: -inf
[LightGBM] [Info] Using self-defined objective function
[LightGBM] [Warning] No further splits with positive gain, best gain: -inf
[LightGBM] [Warning] No further splits with positive gain, best gain: -inf
[LightGBM] [Warning] No further splits with positive gain, best gain: -inf
[LightGBM] [Warning] No further splits with positive gain, best gain: -inf
[LightGBM] [Warning] No further splits with positive gain, best gain: -inf
[LightGBM] [Warning] No further splits with positive gain, best gain: -inf
[LightGBM] [Warning] No further splits with positive gain, best gain: -inf
[LightGBM] [Info] Using self-defined objective function
[LightGBM] [Warning] No further splits with positive gain, best gain: -inf
[LightGBM] [Warning] No further splits with positive gain, best gain: -inf
[LightGBM] [Info] Using self-defined objective function
[LightGBM] [Warning] No further splits with positive gain, best gain: -inf
[LightGBM] [Warning] No further splits with positive gain, best gain: -inf
[LightGBM] [Info] Using self-defined objective function
[LightGBM] [Warning] No further splits with positive gain, best gain: -inf
[LightGBM] [Warning] No further splits with positive gain, best gain: -inf
[LightGBM] [Warning] No further splits with positive gain, best gain: -inf
[LightGBM] [Warning] No further splits with positive gain, best gain: -inf
[LightGBM] [Warning] No further splits with positive gain, best gain: -inf
[LightGBM] [Warning] No further splits with positive gain, best gain: -inf
[LightGBM] [Info] Using self-defined objective function
[LightGBM] [Warning] No further splits with positive gain, best gain: -inf
[LightGBM] [Warning] No further splits with positive gain, best gain: -inf
[LightGBM] [Warning] No further splits with positive gain, best gain: -inf
[LightGBM] [Info] Using self-defined objective function
[LightGBM] [Warning] No further splits with positive gain, best gain: -inf
[LightGBM] [Warning] No further splits with positive gain, best gain: -inf
[LightGBM] [Warning] No further splits with positive gain, best gain: -inf
[LightGBM] [Warning] No further splits with positive gain, best gain: -inf
[LightGBM] [Warning] No further splits with positive gain, best gain: -inf
[LightGBM] [Warning] No further splits with positive gain, best gain: -inf
[LightGBM] [Warning] No further splits with positive gain, best gain: -inf
[LightGBM] [Warning] No further splits with positive gain, best gain: -inf
[LightGBM] [Warning] No further splits with positive gain, best gain: -inf
[LightGBM] [Warning] No further splits with positive gain, best gain: -inf
[LightGBM] [Warning] No further splits with positive gain, best gain: -inf
[LightGBM] [Warning] No further splits with positive gain, best gain: -inf
[LightGBM] [Warning] No further splits with positive gain, best gain: -inf
[LightGBM] [Warning] No further splits with positive gain, best gain: -inf
[LightGBM] [Info] Using self-defined objective function
[LightGBM] [Warning] No further splits with positive gain, best gain: -inf
[LightGBM] [Warning] No further splits with positive gain, best gain: -inf
[LightGBM] [Warning] No further splits with positive gain, best gain: -inf
[LightGBM] [Warning] No further splits with positive gain, best gain: -inf
[LightGBM] [Warning] No further splits with positive gain, best gain: -inf
[LightGBM] [Warning] No further splits with positive gain, best gain: -inf
[LightGBM] [Warning] No further splits with positive gain, best gain: -inf
[LightGBM] [Warning] No further splits with positive gain, best gain: -inf
[LightGBM] [Warning] No further splits with positive gain, best gain: -inf
[LightGBM] [Warning] No further splits with positive gain, best gain: -inf
[LightGBM] [Warning] No further splits with positive gain, best gain: -inf
[LightGBM] [Warning] No further splits with positive gain, best gain: -inf
[LightGBM] [Warning] No further splits with positive gain, best gain: -inf
[LightGBM] [Warning] No further splits with positive gain, best gain: -inf
[LightGBM] [Warning] No further splits with positive gain, best gain: -inf
[LightGBM] [Info] Using self-defined objective function
[LightGBM] [Warning] No further splits with positive gain, best gain: -inf
[LightGBM] [Warning] No further splits with positive gain, best gain: -inf
[LightGBM] [Info] Using self-defined objective function
[LightGBM] [Warning] No further splits with positive gain, best gain: -inf
[LightGBM] [Warning] No further splits with positive gain, best gain: -inf
[LightGBM] [Warning] No further splits with positive gain, best gain: -inf
[LightGBM] [Warning] No further splits with positive gain, best gain: -inf
[LightGBM] [Warning] No further splits with positive gain, best gain: -inf
[LightGBM] [Warning] No further splits with positive gain, best gain: -inf
[LightGBM] [Info] Using self-defined objective function
[LightGBM] [Warning] No further splits with positive gain, best gain: -inf
[LightGBM] [Warning] No further splits with positive gain, best gain: -inf
[LightGBM] [Warning] No further splits with positive gain, best gain: -inf
[LightGBM] [Warning] No further splits with positive gain, best gain: -inf
[LightGBM] [Warning] No further splits with positive gain, best gain: -inf
[LightGBM] [Warning] No further splits with positive gain, best gain: -inf
[LightGBM] [Warning] No further splits with positive gain, best gain: -inf
[LightGBM] [Warning] No further splits with positive gain, best gain: -inf
[LightGBM] [Warning] No further splits with positive gain, best gain: -inf
[LightGBM] [Warning] No further splits with positive gain, best gain: -inf
[LightGBM] [Warning] No further splits with positive gain, best gain: -inf
[LightGBM] [Warning] No further splits with positive gain, best gain: -inf
[LightGBM] [Warning] No further splits with positive gain, best gain: -inf
[LightGBM] [Warning] No further splits with positive gain, best gain: -inf
[LightGBM] [Warning] No further splits with positive gain, best gain: -inf
[LightGBM] [Warning] No further splits with positive gain, best gain: -inf
[LightGBM] [Warning] No further splits with positive gain, best gain: -inf
[LightGBM] [Warning] No further splits with positive gain, best gain: -inf
[LightGBM] [Warning] No further splits with positive gain, best gain: -inf
[LightGBM] [Warning] No further splits with positive gain, best gain: -inf
[LightGBM] [Warning] No further splits with positive gain, best gain: -inf
[LightGBM] [Warning] No further splits with positive gain, best gain: -inf
[LightGBM] [Warning] No further splits with positive gain, best gain: -inf
[LightGBM] [Warning] No further splits with positive gain, best gain: -inf
[LightGBM] [Warning] No further splits with positive gain, best gain: -inf
[LightGBM] [Warning] No further splits with positive gain, best gain: -inf
[LightGBM] [Warning] No further splits with positive gain, best gain: -inf
[LightGBM] [Warning] No further splits with positive gain, best gain: -inf
[LightGBM] [Warning] No further splits with positive gain, best gain: -inf
[LightGBM] [Warning] No further splits with positive gain, best gain: -inf
[LightGBM] [Warning] No further splits with positive gain, best gain: -inf
[LightGBM] [Warning] No further splits with positive gain, best gain: -inf
[LightGBM] [Warning] No further splits with positive gain, best gain: -inf
[LightGBM] [Warning] No further splits with positive gain, best gain: -inf
[LightGBM] [Warning] No further splits with positive gain, best gain: -inf
[LightGBM] [Info] Using self-defined objective function
[LightGBM] [Warning] No further splits with positive gain, best gain: -inf
[LightGBM] [Warning] No further splits with positive gain, best gain: -inf
[LightGBM] [Warning] No further splits with positive gain, best gain: -inf
[LightGBM] [Warning] No further splits with positive gain, best gain: -inf
[LightGBM] [Info] Using self-defined objective function
[LightGBM] [Warning] No further splits with positive gain, best gain: -inf
[LightGBM] [Warning] No further splits with positive gain, best gain: -inf
[LightGBM] [Warning] No further splits with positive gain, best gain: -inf
[LightGBM] [Info] Using self-defined objective function
[LightGBM] [Warning] No further splits with positive gain, best gain: -inf
[LightGBM] [Warning] No further splits with positive gain, best gain: -inf
[LightGBM] [Warning] No further splits with positive gain, best gain: -inf
[LightGBM] [Warning] No further splits with positive gain, best gain: -inf
[LightGBM] [Warning] No further splits with positive gain, best gain: -inf
[LightGBM] [Warning] No further splits with positive gain, best gain: -inf
[LightGBM] [Info] Using self-defined objective function
[LightGBM] [Warning] No further splits with positive gain, best gain: -inf
[LightGBM] [Warning] No further splits with positive gain, best gain: -inf
[LightGBM] [Warning] No further splits with positive gain, best gain: -inf
[LightGBM] [Warning] No further splits with positive gain, best gain: -inf
[LightGBM] [Warning] No further splits with positive gain, best gain: -inf
[LightGBM] [Warning] No further splits with positive gain, best gain: -inf
[LightGBM] [Warning] No further splits with positive gain, best gain: -inf
[LightGBM] [Warning] No further splits with positive gain, best gain: -inf
[LightGBM] [Warning] No further splits with positive gain, best gain: -inf
[LightGBM] [Info] Using self-defined objective function
[LightGBM] [Warning] No further splits with positive gain, best gain: -inf
[LightGBM] [Warning] No further splits with positive gain, best gain: -inf
[LightGBM] [Warning] No further splits with positive gain, best gain: -inf
[LightGBM] [Warning] No further splits with positive gain, best gain: -inf
[LightGBM] [Warning] No further splits with positive gain, best gain: -inf
[LightGBM] [Warning] No further splits with positive gain, best gain: -inf
[LightGBM] [Warning] No further splits with positive gain, best gain: -inf
[LightGBM] [Warning] No further splits with positive gain, best gain: -inf
[LightGBM] [Warning] No further splits with positive gain, best gain: -inf
[LightGBM] [Info] Using self-defined objective function
[LightGBM] [Warning] No further splits with positive gain, best gain: -inf
[LightGBM] [Warning] No further splits with positive gain, best gain: -inf
[LightGBM] [Warning] No further splits with positive gain, best gain: -inf
[LightGBM] [Warning] No further splits with positive gain, best gain: -inf
[LightGBM] [Warning] No further splits with positive gain, best gain: -inf
[LightGBM] [Warning] No further splits with positive gain, best gain: -inf
[LightGBM] [Warning] No further splits with positive gain, best gain: -inf
[LightGBM] [Warning] No further splits with positive gain, best gain: -inf
[LightGBM] [Warning] No further splits with positive gain, best gain: -inf
[LightGBM] [Warning] No further splits with positive gain, best gain: -inf
[LightGBM] [Warning] No further splits with positive gain, best gain: -inf
[LightGBM] [Warning] No further splits with positive gain, best gain: -inf
[LightGBM] [Warning] No further splits with positive gain, best gain: -inf
[LightGBM] [Warning] No further splits with positive gain, best gain: -inf
[LightGBM] [Info] Using self-defined objective function
[LightGBM] [Warning] No further splits with positive gain, best gain: -inf
[LightGBM] [Warning] No further splits with positive gain, best gain: -inf
[LightGBM] [Warning] No further splits with positive gain, best gain: -inf
[LightGBM] [Warning] No further splits with positive gain, best gain: -inf
[LightGBM] [Info] Using self-defined objective function
[LightGBM] [Warning] No further splits with positive gain, best gain: -inf
[LightGBM] [Warning] No further splits with positive gain, best gain: -inf
[LightGBM] [Warning] No further splits with positive gain, best gain: -inf
[LightGBM] [Warning] No further splits with positive gain, best gain: -inf
[LightGBM] [Warning] No further splits with positive gain, best gain: -inf
[LightGBM] [Warning] No further splits with positive gain, best gain: -inf
[LightGBM] [Warning] No further splits with positive gain, best gain: -inf
[LightGBM] [Warning] No further splits with positive gain, best gain: -inf
[LightGBM] [Warning] No further splits with positive gain, best gain: -inf
[LightGBM] [Warning] No further splits with positive gain, best gain: -inf
[LightGBM] [Warning] No further splits with positive gain, best gain: -inf
[LightGBM] [Warning] No further splits with positive gain, best gain: -inf
[LightGBM] [Warning] No further splits with positive gain, best gain: -inf
[LightGBM] [Warning] No further splits with positive gain, best gain: -inf
[LightGBM] [Warning] No further splits with positive gain, best gain: -inf
2025-12-29 01:22:53,296 - src.training.steps.labeling.label_geometry_selection - INFO - ℹ️ Pruning 88 accepted geometries based on correlation...
2025-12-29 01:22:53,298 - src.training.steps.labeling.label_geometry_selection - INFO - ℹ️ Dropped Sniper (Selective, High Reward) (Sep: 0.086) due to correlation 1.00 with Sniper (Selective, High Reward) (Sep: 0.086)
2025-12-29 01:22:53,298 - src.training.steps.labeling.label_geometry_selection - INFO - ℹ️ Dropped Balanced (Sep: 0.086) due to correlation 1.00 with Sniper (Selective, High Reward) (Sep: 0.086)
2025-12-29 01:22:53,298 - src.training.steps.labeling.label_geometry_selection - INFO - ℹ️ Dropped Sniper (Selective, High Reward) (Sep: 0.086) due to correlation 1.00 with Sniper (Selective, High Reward) (Sep: 0.086)
2025-12-29 01:22:53,298 - src.training.steps.labeling.label_geometry_selection - INFO - ℹ️ Dropped Momentum Surfer (Tolerates Volatility) (Sep: 0.064) due to correlation 1.00 with Sniper (Selective, High Reward) (Sep: 0.064)
2025-12-29 01:22:53,298 - src.training.steps.labeling.label_geometry_selection - INFO - ℹ️ Dropped Pain Averse (High Penalty for Drawdown) (Sep: 0.064) due to correlation 1.00 with Sniper (Selective, High Reward) (Sep: 0.064)
2025-12-29 01:22:53,298 - src.training.steps.labeling.label_geometry_selection - INFO - ℹ️ Dropped Sniper (Selective, High Reward) (Sep: 0.064) due to correlation 1.00 with Sniper (Selective, High Reward) (Sep: 0.064)
2025-12-29 01:22:53,299 - src.training.steps.labeling.label_geometry_selection - INFO - ℹ️ Dropped Momentum Surfer (Tolerates Volatility) (Sep: 0.048) due to correlation 0.91 with Momentum Surfer (Tolerates Volatility) (Sep: 0.050)
2025-12-29 01:22:53,299 - src.training.steps.labeling.label_geometry_selection - INFO - ℹ️ Dropped Sniper (Selective, High Reward) (Sep: 0.047) due to correlation 1.00 with Balanced (Sep: 0.047)
2025-12-29 01:22:53,299 - src.training.steps.labeling.label_geometry_selection - INFO - ℹ️ Dropped Sniper (Selective, High Reward) (Sep: 0.047) due to correlation 1.00 with Balanced (Sep: 0.047)
2025-12-29 01:22:53,299 - src.training.steps.labeling.label_geometry_selection - INFO - ℹ️ Dropped Balanced (Sep: 0.047) due to correlation 1.00 with Balanced (Sep: 0.047)
2025-12-29 01:22:53,299 - src.training.steps.labeling.label_geometry_selection - INFO - ℹ️ Dropped Pain Averse (High Penalty for Drawdown) (Sep: 0.017) due to correlation 1.00 with Balanced (Sep: 0.017)
2025-12-29 01:22:53,299 - src.training.steps.labeling.label_geometry_selection - INFO - ℹ️ Final Selection: 10 geometries (Best Separation Score: 0.135, Max: 10)
2025-12-29 01:22:53,304 - src.training.steps.labeling.label_based_layer_2 - INFO - ℹ️ Geometry selection complete: 10 geometries selected
2025-12-29 01:22:53,310 - src.training.steps.labeling.label_based_layer_2 - INFO - ℹ️ Layer2 Full Optimization: extracted_trials_per_family={'Unified': 10}
2025-12-29 01:22:53,368 - src.training.steps.labeling.label_based_layer_2 - INFO - ℹ️ >>> Layer 2: Tuning Model Parameters & Selecting Features for Production Geometries...
2025-12-29 01:22:58,160 - src.training.steps.labeling.label_based_layer_2 - INFO - ℹ️     Processing geometry Geo_Sel8 (1/1)...
2025-12-29 01:22:58,161 - src.training.steps.labeling.label_based_layer_2 - INFO - ℹ️     Selecting features for Geo_Sel8...
2025-12-29 01:23:02,731 - src.training.steps.labeling.label_based_layer_2 - INFO - ℹ️ >>> Layer 2: Step 3 - Running OOF Optimization (Analytics)...
2025-12-29 01:23:02,733 - src.training.steps.labeling.label_based_layer_2 - INFO - ℹ️    > Processing Fold 1/3...
2025-12-29 01:23:02,733 - src.training.steps.labeling.label_based_layer_2 - INFO - ℹ️ Layer2 OOF Fold 1: purged k-fold val_start=0, val_stop=10560, purge_bars=100, test_start_time=2024-12-15 14:45:00, test_end_time=2025-04-04 14:30:00, n_train=21020
2025-12-29 01:23:02,738 - src.training.steps.labeling.label_based_layer_2 - INFO - ℹ️ Layer2 OOF Fold 1: n_train_bars=21020, n_train_events=10580, n_test_events=4716
2025-12-29 01:23:06,196 - src.training.steps.labeling.label_based_layer_2 - INFO - ℹ️ Optimizing geometries: 10580 total events (no family split)
2025-12-29 01:23:06,364 - src.training.steps.labeling.label_geometry_selection - INFO - ℹ️ Vectorizing 10580 events for horizons [8, 12, 16, 20, 24]...
2025-12-29 01:23:06,971 - src.training.steps.labeling.label_geometry_selection - INFO - ℹ️ Event dedup: 10580 → 2030 events (min_gap=6 bars)
2025-12-29 01:23:06,973 - src.training.steps.labeling.label_geometry_selection - INFO - ℹ️ Events after dedup: 10580 → 2030
2025-12-29 01:23:06,978 - src.training.steps.labeling.label_geometry_selection - INFO - ℹ️ Dropped 18 near-constant feature columns after dedup (306 remaining).
2025-12-29 01:23:06,986 - src.training.steps.labeling.label_geometry_selection - INFO - ℹ️ Generated 1680 raw candidates
2025-12-29 01:23:06,986 - src.training.steps.labeling.label_geometry_selection - INFO - ℹ️ After hard constraints: 1680 candidates
2025-12-29 01:23:07,000 - src.training.steps.labeling.label_geometry_selection - INFO - ℹ️ Distance-based deduplication: 1680 -> 93 candidates
2025-12-29 01:23:07,000 - src.training.steps.labeling.label_geometry_selection - INFO - ℹ️ Training LGBM on 93 pre-filtered candidates...
[LightGBM] [Info] Using self-defined objective function
[LightGBM] [Warning] No further splits with positive gain, best gain: -inf
[LightGBM] [Warning] No further splits with positive gain, best gain: -inf
[LightGBM] [Warning] No further splits with positive gain, best gain: -inf
[LightGBM] [Info] Using self-defined objective function
[LightGBM] [Warning] No further splits with positive gain, best gain: -inf
[LightGBM] [Warning] No further splits with positive gain, best gain: -inf
[LightGBM] [Warning] No further splits with positive gain, best gain: -inf
[LightGBM] [Warning] No further splits with positive gain, best gain: -inf
[LightGBM] [Warning] No further splits with positive gain, best gain: -inf
[LightGBM] [Warning] No further splits with positive gain, best gain: -inf
[LightGBM] [Warning] No further splits with positive gain, best gain: -inf
[LightGBM] [Warning] No further splits with positive gain, best gain: -inf
[LightGBM] [Warning] No further splits with positive gain, best gain: -inf
[LightGBM] [Warning] No further splits with positive gain, best gain: -inf
[LightGBM] [Warning] No further splits with positive gain, best gain: -inf
[LightGBM] [Warning] No further splits with positive gain, best gain: -inf
[LightGBM] [Warning] No further splits with positive gain, best gain: -inf
[LightGBM] [Warning] No further splits with positive gain, best gain: -inf
[LightGBM] [Warning] No further splits with positive gain, best gain: -inf
[LightGBM] [Warning] No further splits with positive gain, best gain: -inf
[LightGBM] [Warning] No further splits with positive gain, best gain: -inf
[LightGBM] [Info] Using self-defined objective function
[LightGBM] [Warning] No further splits with positive gain, best gain: -inf
[LightGBM] [Warning] No further splits with positive gain, best gain: -inf
[LightGBM] [Warning] No further splits with positive gain, best gain: -inf
[LightGBM] [Warning] No further splits with positive gain, best gain: -inf
[LightGBM] [Warning] No further splits with positive gain, best gain: -inf
[LightGBM] [Warning] No further splits with positive gain, best gain: -inf
[LightGBM] [Warning] No further splits with positive gain, best gain: -inf
[LightGBM] [Warning] No further splits with positive gain, best gain: -inf
[LightGBM] [Warning] No further splits with positive gain, best gain: -inf
[LightGBM] [Warning] No further splits with positive gain, best gain: -inf
[LightGBM] [Warning] No further splits with positive gain, best gain: -inf
[LightGBM] [Warning] No further splits with positive gain, best gain: -inf
[LightGBM] [Info] Using self-defined objective function
[LightGBM] [Warning] No further splits with positive gain, best gain: -inf
[LightGBM] [Info] Using self-defined objective function
[LightGBM] [Warning] No further splits with positive gain, best gain: -inf
[LightGBM] [Warning] No further splits with positive gain, best gain: -inf
[LightGBM] [Warning] No further splits with positive gain, best gain: -inf
[LightGBM] [Warning] No further splits with positive gain, best gain: -inf
[LightGBM] [Warning] No further splits with positive gain, best gain: -inf
[LightGBM] [Warning] No further splits with positive gain, best gain: -inf
[LightGBM] [Warning] No further splits with positive gain, best gain: -inf
[LightGBM] [Warning] No further splits with positive gain, best gain: -inf
[LightGBM] [Warning] No further splits with positive gain, best gain: -inf
2025-12-29 01:23:07,432 - src.training.steps.labeling.label_geometry_selection - INFO - ℹ️ Gate rejected: survival=38.72%, uniq=0.20, reasons=['Low Learnability (AUC Lift 0.004)']
[LightGBM] [Info] Using self-defined objective function
[LightGBM] [Warning] No further splits with positive gain, best gain: -inf
[LightGBM] [Warning] No further splits with positive gain, best gain: -inf
[LightGBM] [Warning] No further splits with positive gain, best gain: -inf
[LightGBM] [Warning] No further splits with positive gain, best gain: -inf
[LightGBM] [Warning] No further splits with positive gain, best gain: -inf
[LightGBM] [Info] Using self-defined objective function
[LightGBM] [Warning] No further splits with positive gain, best gain: -inf
[LightGBM] [Warning] No further splits with positive gain, best gain: -inf
[LightGBM] [Warning] No further splits with positive gain, best gain: -inf
[LightGBM] [Warning] No further splits with positive gain, best gain: -inf
[LightGBM] [Warning] No further splits with positive gain, best gain: -inf
[LightGBM] [Info] Using self-defined objective function
[LightGBM] [Info] Using self-defined objective function
[LightGBM] [Warning] No further splits with positive gain, best gain: -inf
[LightGBM] [Warning] No further splits with positive gain, best gain: -inf
[LightGBM] [Warning] No further splits with positive gain, best gain: -inf
[LightGBM] [Warning] No further splits with positive gain, best gain: -inf
[LightGBM] [Warning] No further splits with positive gain, best gain: -inf
[LightGBM] [Warning] No further splits with positive gain, best gain: -inf
[LightGBM] [Warning] No further splits with positive gain, best gain: -inf
[LightGBM] [Warning] No further splits with positive gain, best gain: -inf
[LightGBM] [Warning] No further splits with positive gain, best gain: -inf
[LightGBM] [Warning] No further splits with positive gain, best gain: -inf
[LightGBM] [Warning] No further splits with positive gain, best gain: -inf
[LightGBM] [Info] Using self-defined objective function
[LightGBM] [Warning] No further splits with positive gain, best gain: -inf
[LightGBM] [Warning] No further splits with positive gain, best gain: -inf
[LightGBM] [Info] Using self-defined objective function
[LightGBM] [Warning] No further splits with positive gain, best gain: -inf
[LightGBM] [Warning] No further splits with positive gain, best gain: -inf
2025-12-29 01:23:07,896 - src.training.steps.labeling.label_geometry_selection - INFO - ℹ️ Gate rejected: survival=45.57%, uniq=0.17, reasons=['Low Learnability (AUC Lift 0.003)']
[LightGBM] [Info] Using self-defined objective function
[LightGBM] [Warning] No further splits with positive gain, best gain: -inf
[LightGBM] [Warning] No further splits with positive gain, best gain: -inf
[LightGBM] [Warning] No further splits with positive gain, best gain: -inf
[LightGBM] [Info] Using self-defined objective function
[LightGBM] [Warning] No further splits with positive gain, best gain: -inf
[LightGBM] [Info] Using self-defined objective function
[LightGBM] [Warning] No further splits with positive gain, best gain: -inf
[LightGBM] [Warning] No further splits with positive gain, best gain: -inf
[LightGBM] [Warning] No further splits with positive gain, best gain: -inf
[LightGBM] [Warning] No further splits with positive gain, best gain: -inf
[LightGBM] [Warning] No further splits with positive gain, best gain: -inf
[LightGBM] [Warning] No further splits with positive gain, best gain: -inf
2025-12-29 01:23:08,128 - src.training.steps.labeling.label_geometry_selection - INFO - ℹ️ Gate rejected: survival=20.79%, uniq=0.33, reasons=['Low Learnability (AUC Lift 0.003)', 'Low Precision Lift (-0.005)']
[LightGBM] [Info] Using self-defined objective function
[LightGBM] [Warning] No further splits with positive gain, best gain: -inf
[LightGBM] [Info] Using self-defined objective function
[LightGBM] [Warning] No further splits with positive gain, best gain: -inf
[LightGBM] [Warning] No further splits with positive gain, best gain: -inf
[LightGBM] [Warning] No further splits with positive gain, best gain: -inf
[LightGBM] [Warning] No further splits with positive gain, best gain: -inf
[LightGBM] [Warning] No further splits with positive gain, best gain: -inf
[LightGBM] [Warning] No further splits with positive gain, best gain: -inf
[LightGBM] [Warning] No further splits with positive gain, best gain: -inf
[LightGBM] [Warning] No further splits with positive gain, best gain: -inf
[LightGBM] [Warning] No further splits with positive gain, best gain: -inf
[LightGBM] [Warning] No further splits with positive gain, best gain: -inf
[LightGBM] [Info] Using self-defined objective function
[LightGBM] [Warning] No further splits with positive gain, best gain: -inf
[LightGBM] [Warning] No further splits with positive gain, best gain: -inf
[LightGBM] [Warning] No further splits with positive gain, best gain: -inf
[LightGBM] [Warning] No further splits with positive gain, best gain: -inf
[LightGBM] [Warning] No further splits with positive gain, best gain: -inf
[LightGBM] [Warning] No further splits with positive gain, best gain: -inf
[LightGBM] [Warning] No further splits with positive gain, best gain: -inf
[LightGBM] [Warning] No further splits with positive gain, best gain: -inf
[LightGBM] [Warning] No further splits with positive gain, best gain: -inf
[LightGBM] [Warning] No further splits with positive gain, best gain: -inf
[LightGBM] [Warning] No further splits with positive gain, best gain: -inf
[LightGBM] [Warning] No further splits with positive gain, best gain: -inf
[LightGBM] [Warning] No further splits with positive gain, best gain: -inf
[LightGBM] [Warning] No further splits with positive gain, best gain: -inf
[LightGBM] [Warning] No further splits with positive gain, best gain: -inf
[LightGBM] [Warning] No further splits with positive gain, best gain: -inf
[LightGBM] [Warning] No further splits with positive gain, best gain: -inf
[LightGBM] [Warning] No further splits with positive gain, best gain: -inf
[LightGBM] [Warning] No further splits with positive gain, best gain: -inf
[LightGBM] [Info] Using self-defined objective function
[LightGBM] [Warning] No further splits with positive gain, best gain: -inf
[LightGBM] [Warning] No further splits with positive gain, best gain: -inf
[LightGBM] [Warning] No further splits with positive gain, best gain: -inf
[LightGBM] [Warning] No further splits with positive gain, best gain: -inf
[LightGBM] [Warning] No further splits with positive gain, best gain: -inf
[LightGBM] [Warning] No further splits with positive gain, best gain: -inf
2025-12-29 01:23:08,538 - src.training.steps.labeling.label_geometry_selection - INFO - ℹ️ Gate rejected: survival=20.79%, uniq=0.33, reasons=['Low Learnability (AUC Lift 0.003)', 'Low Precision Lift (-0.005)']
[LightGBM] [Info] Using self-defined objective function
[LightGBM] [Warning] No further splits with positive gain, best gain: -inf
[LightGBM] [Warning] No further splits with positive gain, best gain: -inf
[LightGBM] [Warning] No further splits with positive gain, best gain: -inf
[LightGBM] [Warning] No further splits with positive gain, best gain: -inf
[LightGBM] [Info] Using self-defined objective function
[LightGBM] [Warning] No further splits with positive gain, best gain: -inf
[LightGBM] [Info] Using self-defined objective function
[LightGBM] [Warning] No further splits with positive gain, best gain: -inf
[LightGBM] [Info] Using self-defined objective function
[LightGBM] [Info] Using self-defined objective function
[LightGBM] [Warning] No further splits with positive gain, best gain: -inf
[LightGBM] [Warning] No further splits with positive gain, best gain: -inf
[LightGBM] [Warning] No further splits with positive gain, best gain: -inf
[LightGBM] [Warning] No further splits with positive gain, best gain: -inf
[LightGBM] [Warning] No further splits with positive gain, best gain: -inf
[LightGBM] [Warning] No further splits with positive gain, best gain: -inf
[LightGBM] [Warning] No further splits with positive gain, best gain: -inf
[LightGBM] [Warning] No further splits with positive gain, best gain: -inf
[LightGBM] [Warning] No further splits with positive gain, best gain: -inf
[LightGBM] [Warning] No further splits with positive gain, best gain: -inf
[LightGBM] [Warning] No further splits with positive gain, best gain: -inf
[LightGBM] [Warning] No further splits with positive gain, best gain: -inf
[LightGBM] [Warning] No further splits with positive gain, best gain: -inf
[LightGBM] [Info] Using self-defined objective function
[LightGBM] [Warning] No further splits with positive gain, best gain: -inf
[LightGBM] [Warning] No further splits with positive gain, best gain: -inf
[LightGBM] [Warning] No further splits with positive gain, best gain: -inf
[LightGBM] [Warning] No further splits with positive gain, best gain: -inf
2025-12-29 01:23:09,013 - src.training.steps.labeling.label_geometry_selection - INFO - ℹ️ Gate rejected: survival=41.43%, uniq=0.19, reasons=['Low Precision Lift (-0.001)']
[LightGBM] [Info] Using self-defined objective function
[LightGBM] [Warning] No further splits with positive gain, best gain: -inf
[LightGBM] [Info] Using self-defined objective function
[LightGBM] [Warning] No further splits with positive gain, best gain: -inf
[LightGBM] [Warning] No further splits with positive gain, best gain: -inf
[LightGBM] [Warning] No further splits with positive gain, best gain: -inf
[LightGBM] [Info] Using self-defined objective function
[LightGBM] [Warning] No further splits with positive gain, best gain: -inf
[LightGBM] [Warning] No further splits with positive gain, best gain: -inf
[LightGBM] [Warning] No further splits with positive gain, best gain: -inf
[LightGBM] [Warning] No further splits with positive gain, best gain: -inf
[LightGBM] [Warning] No further splits with positive gain, best gain: -inf
[LightGBM] [Warning] No further splits with positive gain, best gain: -inf
[LightGBM] [Warning] No further splits with positive gain, best gain: -inf
[LightGBM] [Warning] No further splits with positive gain, best gain: -inf
[LightGBM] [Warning] No further splits with positive gain, best gain: -inf
[LightGBM] [Info] Using self-defined objective function
[LightGBM] [Warning] No further splits with positive gain, best gain: -inf
[LightGBM] [Warning] No further splits with positive gain, best gain: -inf
[LightGBM] [Warning] No further splits with positive gain, best gain: -inf
[LightGBM] [Warning] No further splits with positive gain, best gain: -inf
[LightGBM] [Warning] No further splits with positive gain, best gain: -inf
[LightGBM] [Warning] No further splits with positive gain, best gain: -inf
[LightGBM] [Warning] No further splits with positive gain, best gain: -inf
[LightGBM] [Warning] No further splits with positive gain, best gain: -inf
[LightGBM] [Warning] No further splits with positive gain, best gain: -inf
[LightGBM] [Warning] No further splits with positive gain, best gain: -inf
[LightGBM] [Warning] No further splits with positive gain, best gain: -inf
[LightGBM] [Warning] No further splits with positive gain, best gain: -inf
[LightGBM] [Warning] No further splits with positive gain, best gain: -inf
[LightGBM] [Info] Using self-defined objective function
[LightGBM] [Warning] No further splits with positive gain, best gain: -inf
[LightGBM] [Warning] No further splits with positive gain, best gain: -inf
[LightGBM] [Warning] No further splits with positive gain, best gain: -inf
[LightGBM] [Warning] No further splits with positive gain, best gain: -inf
[LightGBM] [Warning] No further splits with positive gain, best gain: -inf
[LightGBM] [Warning] No further splits with positive gain, best gain: -inf
[LightGBM] [Warning] No further splits with positive gain, best gain: -inf
[LightGBM] [Warning] No further splits with positive gain, best gain: -inf
[LightGBM] [Warning] No further splits with positive gain, best gain: -inf
[LightGBM] [Warning] No further splits with positive gain, best gain: -inf
[LightGBM] [Warning] No further splits with positive gain, best gain: -inf
[LightGBM] [Info] Using self-defined objective function
[LightGBM] [Warning] No further splits with positive gain, best gain: -inf
[LightGBM] [Warning] No further splits with positive gain, best gain: -inf
[LightGBM] [Info] Using self-defined objective function
[LightGBM] [Warning] No further splits with positive gain, best gain: -inf
[LightGBM] [Warning] No further splits with positive gain, best gain: -inf
[LightGBM] [Warning] No further splits with positive gain, best gain: -inf
[LightGBM] [Warning] No further splits with positive gain, best gain: -inf
[LightGBM] [Warning] No further splits with positive gain, best gain: -inf
[LightGBM] [Warning] No further splits with positive gain, best gain: -inf
[LightGBM] [Warning] No further splits with positive gain, best gain: -inf
[LightGBM] [Warning] No further splits with positive gain, best gain: -inf
[LightGBM] [Warning] No further splits with positive gain, best gain: -inf
[LightGBM] [Warning] No further splits with positive gain, best gain: -inf
[LightGBM] [Warning] No further splits with positive gain, best gain: -inf
[LightGBM] [Warning] No further splits with positive gain, best gain: -inf
[LightGBM] [Warning] No further splits with positive gain, best gain: -inf
[LightGBM] [Warning] No further splits with positive gain, best gain: -inf
[LightGBM] [Warning] No further splits with positive gain, best gain: -inf
[LightGBM] [Info] Using self-defined objective function
[LightGBM] [Warning] No further splits with positive gain, best gain: -inf
[LightGBM] [Warning] No further splits with positive gain, best gain: -inf
[LightGBM] [Warning] No further splits with positive gain, best gain: -inf
[LightGBM] [Warning] No further splits with positive gain, best gain: -inf
[LightGBM] [Warning] No further splits with positive gain, best gain: -inf
[LightGBM] [Warning] No further splits with positive gain, best gain: -inf
[LightGBM] [Warning] No further splits with positive gain, best gain: -inf
[LightGBM] [Warning] No further splits with positive gain, best gain: -inf
[LightGBM] [Warning] No further splits with positive gain, best gain: -inf
[LightGBM] [Warning] No further splits with positive gain, best gain: -inf
[LightGBM] [Warning] No further splits with positive gain, best gain: -inf
[LightGBM] [Info] Using self-defined objective function
[LightGBM] [Warning] No further splits with positive gain, best gain: -inf
[LightGBM] [Warning] No further splits with positive gain, best gain: -inf
[LightGBM] [Warning] No further splits with positive gain, best gain: -inf
[LightGBM] [Warning] No further splits with positive gain, best gain: -inf
[LightGBM] [Warning] No further splits with positive gain, best gain: -inf
[LightGBM] [Warning] No further splits with positive gain, best gain: -inf
[LightGBM] [Warning] No further splits with positive gain, best gain: -inf
[LightGBM] [Warning] No further splits with positive gain, best gain: -inf
[LightGBM] [Warning] No further splits with positive gain, best gain: -inf
[LightGBM] [Warning] No further splits with positive gain, best gain: -inf
[LightGBM] [Warning] No further splits with positive gain, best gain: -inf
[LightGBM] [Warning] No further splits with positive gain, best gain: -inf
[LightGBM] [Warning] No further splits with positive gain, best gain: -inf
[LightGBM] [Warning] No further splits with positive gain, best gain: -inf
[LightGBM] [Warning] No further splits with positive gain, best gain: -inf
[LightGBM] [Warning] No further splits with positive gain, best gain: -inf
[LightGBM] [Warning] No further splits with positive gain, best gain: -inf
[LightGBM] [Warning] No further splits with positive gain, best gain: -inf
[LightGBM] [Info] Using self-defined objective function
[LightGBM] [Warning] No further splits with positive gain, best gain: -inf
[LightGBM] [Warning] No further splits with positive gain, best gain: -inf
[LightGBM] [Warning] No further splits with positive gain, best gain: -inf
[LightGBM] [Warning] No further splits with positive gain, best gain: -inf
[LightGBM] [Warning] No further splits with positive gain, best gain: -inf
[LightGBM] [Info] Using self-defined objective function
[LightGBM] [Warning] No further splits with positive gain, best gain: -inf
[LightGBM] [Warning] No further splits with positive gain, best gain: -inf
[LightGBM] [Warning] No further splits with positive gain, best gain: -inf
[LightGBM] [Info] Using self-defined objective function
[LightGBM] [Warning] No further splits with positive gain, best gain: -inf
[LightGBM] [Warning] No further splits with positive gain, best gain: -inf
[LightGBM] [Warning] No further splits with positive gain, best gain: -inf
[LightGBM] [Warning] No further splits with positive gain, best gain: -inf
[LightGBM] [Warning] No further splits with positive gain, best gain: -inf
[LightGBM] [Warning] No further splits with positive gain, best gain: -inf
[LightGBM] [Info] Using self-defined objective function
[LightGBM] [Warning] No further splits with positive gain, best gain: -inf
[LightGBM] [Info] Using self-defined objective function
[LightGBM] [Warning] No further splits with positive gain, best gain: -inf
[LightGBM] [Warning] No further splits with positive gain, best gain: -inf
[LightGBM] [Warning] No further splits with positive gain, best gain: -inf
[LightGBM] [Warning] No further splits with positive gain, best gain: -inf
[LightGBM] [Warning] No further splits with positive gain, best gain: -inf
[LightGBM] [Warning] No further splits with positive gain, best gain: -inf
[LightGBM] [Warning] No further splits with positive gain, best gain: -inf
[LightGBM] [Warning] No further splits with positive gain, best gain: -inf
[LightGBM] [Warning] No further splits with positive gain, best gain: -inf
[LightGBM] [Warning] No further splits with positive gain, best gain: -inf
[LightGBM] [Warning] No further splits with positive gain, best gain: -inf
[LightGBM] [Info] Using self-defined objective function
[LightGBM] [Warning] No further splits with positive gain, best gain: -inf
[LightGBM] [Warning] No further splits with positive gain, best gain: -inf
[LightGBM] [Warning] No further splits with positive gain, best gain: -inf
[LightGBM] [Warning] No further splits with positive gain, best gain: -inf
[LightGBM] [Warning] No further splits with positive gain, best gain: -inf
[LightGBM] [Warning] No further splits with positive gain, best gain: -inf
[LightGBM] [Info] Using self-defined objective function
[LightGBM] [Warning] No further splits with positive gain, best gain: -inf
[LightGBM] [Info] Using self-defined objective function
[LightGBM] [Warning] No further splits with positive gain, best gain: -inf
[LightGBM] [Warning] No further splits with positive gain, best gain: -inf
[LightGBM] [Warning] No further splits with positive gain, best gain: -inf
[LightGBM] [Warning] No further splits with positive gain, best gain: -inf
[LightGBM] [Warning] No further splits with positive gain, best gain: -inf
[LightGBM] [Info] Using self-defined objective function
[LightGBM] [Warning] No further splits with positive gain, best gain: -inf
[LightGBM] [Warning] No further splits with positive gain, best gain: -inf
[LightGBM] [Warning] No further splits with positive gain, best gain: -inf
[LightGBM] [Warning] No further splits with positive gain, best gain: -inf
[LightGBM] [Info] Using self-defined objective function
[LightGBM] [Warning] No further splits with positive gain, best gain: -inf
[LightGBM] [Warning] No further splits with positive gain, best gain: -inf
[LightGBM] [Info] Using self-defined objective function
[LightGBM] [Warning] No further splits with positive gain, best gain: -inf
[LightGBM] [Warning] No further splits with positive gain, best gain: -inf
[LightGBM] [Warning] No further splits with positive gain, best gain: -inf
[LightGBM] [Warning] No further splits with positive gain, best gain: -inf
[LightGBM] [Warning] No further splits with positive gain, best gain: -inf
[LightGBM] [Warning] No further splits with positive gain, best gain: -inf
[LightGBM] [Warning] No further splits with positive gain, best gain: -inf
[LightGBM] [Warning] No further splits with positive gain, best gain: -inf
[LightGBM] [Warning] No further splits with positive gain, best gain: -inf
[LightGBM] [Warning] No further splits with positive gain, best gain: -inf
[LightGBM] [Warning] No further splits with positive gain, best gain: -inf
[LightGBM] [Warning] No further splits with positive gain, best gain: -inf
[LightGBM] [Warning] No further splits with positive gain, best gain: -inf
[LightGBM] [Warning] No further splits with positive gain, best gain: -inf
2025-12-29 01:23:10,685 - src.training.steps.labeling.label_geometry_selection - INFO - ℹ️ Gate rejected: survival=51.38%, uniq=0.15, reasons=['Low Uniqueness (0.15 < 0.15)']
[LightGBM] [Info] Using self-defined objective function
[LightGBM] [Warning] No further splits with positive gain, best gain: -inf
[LightGBM] [Info] Using self-defined objective function
[LightGBM] [Info] Using self-defined objective function
[LightGBM] [Warning] No further splits with positive gain, best gain: -inf
[LightGBM] [Warning] No further splits with positive gain, best gain: -inf
[LightGBM] [Warning] No further splits with positive gain, best gain: -inf
[LightGBM] [Warning] No further splits with positive gain, best gain: -inf
[LightGBM] [Warning] No further splits with positive gain, best gain: -inf
[LightGBM] [Warning] No further splits with positive gain, best gain: -inf
[LightGBM] [Warning] No further splits with positive gain, best gain: -inf
[LightGBM] [Warning] No further splits with positive gain, best gain: -inf
[LightGBM] [Warning] No further splits with positive gain, best gain: -inf
[LightGBM] [Warning] No further splits with positive gain, best gain: -inf
[LightGBM] [Warning] No further splits with positive gain, best gain: -inf
[LightGBM] [Warning] No further splits with positive gain, best gain: -inf
[LightGBM] [Warning] No further splits with positive gain, best gain: -inf
[LightGBM] [Warning] No further splits with positive gain, best gain: -inf
[LightGBM] [Warning] No further splits with positive gain, best gain: -inf
[LightGBM] [Warning] No further splits with positive gain, best gain: -inf
2025-12-29 01:23:11,117 - src.training.steps.labeling.label_geometry_selection - INFO - ℹ️ Gate rejected: survival=51.67%, uniq=0.15, reasons=['Low Uniqueness (0.15 < 0.15)']
[LightGBM] [Info] Using self-defined objective function
[LightGBM] [Warning] No further splits with positive gain, best gain: -inf
[LightGBM] [Warning] No further splits with positive gain, best gain: -inf
[LightGBM] [Warning] No further splits with positive gain, best gain: -inf
[LightGBM] [Warning] No further splits with positive gain, best gain: -inf
[LightGBM] [Warning] No further splits with positive gain, best gain: -inf
[LightGBM] [Warning] No further splits with positive gain, best gain: -inf
[LightGBM] [Warning] No further splits with positive gain, best gain: -inf
[LightGBM] [Warning] No further splits with positive gain, best gain: -inf
[LightGBM] [Warning] No further splits with positive gain, best gain: -inf
[LightGBM] [Warning] No further splits with positive gain, best gain: -inf
[LightGBM] [Warning] No further splits with positive gain, best gain: -inf
[LightGBM] [Warning] No further splits with positive gain, best gain: -inf
[LightGBM] [Info] Using self-defined objective function
[LightGBM] [Warning] No further splits with positive gain, best gain: -inf
[LightGBM] [Warning] No further splits with positive gain, best gain: -inf
[LightGBM] [Warning] No further splits with positive gain, best gain: -inf
[LightGBM] [Info] Using self-defined objective function
2025-12-29 01:23:11,491 - src.training.steps.labeling.label_geometry_selection - INFO - ℹ️ Gate rejected: survival=38.42%, uniq=0.20, reasons=['Low Precision Lift (-0.007)']
[LightGBM] [Info] Using self-defined objective function
[LightGBM] [Warning] No further splits with positive gain, best gain: -inf
[LightGBM] [Warning] No further splits with positive gain, best gain: -inf
[LightGBM] [Warning] No further splits with positive gain, best gain: -inf
[LightGBM] [Warning] No further splits with positive gain, best gain: -inf
[LightGBM] [Warning] No further splits with positive gain, best gain: -inf
[LightGBM] [Warning] No further splits with positive gain, best gain: -inf
[LightGBM] [Warning] No further splits with positive gain, best gain: -inf
[LightGBM] [Warning] No further splits with positive gain, best gain: -inf
[LightGBM] [Warning] No further splits with positive gain, best gain: -inf
[LightGBM] [Warning] No further splits with positive gain, best gain: -inf
[LightGBM] [Warning] No further splits with positive gain, best gain: -inf
[LightGBM] [Warning] No further splits with positive gain, best gain: -inf
[LightGBM] [Warning] No further splits with positive gain, best gain: -inf
[LightGBM] [Warning] No further splits with positive gain, best gain: -inf
[LightGBM] [Warning] No further splits with positive gain, best gain: -inf
[LightGBM] [Warning] No further splits with positive gain, best gain: -inf
[LightGBM] [Warning] No further splits with positive gain, best gain: -inf
[LightGBM] [Warning] No further splits with positive gain, best gain: -inf
[LightGBM] [Warning] No further splits with positive gain, best gain: -inf
[LightGBM] [Warning] No further splits with positive gain, best gain: -inf
[LightGBM] [Info] Using self-defined objective function
[LightGBM] [Warning] No further splits with positive gain, best gain: -inf
[LightGBM] [Warning] No further splits with positive gain, best gain: -inf
[LightGBM] [Warning] No further splits with positive gain, best gain: -inf
[LightGBM] [Warning] No further splits with positive gain, best gain: -inf
[LightGBM] [Info] Using self-defined objective function
[LightGBM] [Info] Using self-defined objective function
[LightGBM] [Warning] No further splits with positive gain, best gain: -inf
[LightGBM] [Warning] No further splits with positive gain, best gain: -inf
[LightGBM] [Warning] No further splits with positive gain, best gain: -inf
[LightGBM] [Warning] No further splits with positive gain, best gain: -inf
[LightGBM] [Warning] No further splits with positive gain, best gain: -inf
[LightGBM] [Warning] No further splits with positive gain, best gain: -inf
[LightGBM] [Warning] No further splits with positive gain, best gain: -inf
[LightGBM] [Warning] No further splits with positive gain, best gain: -inf
[LightGBM] [Warning] No further splits with positive gain, best gain: -inf
[LightGBM] [Warning] No further splits with positive gain, best gain: -inf
[LightGBM] [Warning] No further splits with positive gain, best gain: -inf
[LightGBM] [Warning] No further splits with positive gain, best gain: -inf
[LightGBM] [Warning] No further splits with positive gain, best gain: -inf
2025-12-29 01:23:11,924 - src.training.steps.labeling.label_geometry_selection - INFO - ℹ️ Gate rejected: survival=51.23%, uniq=0.15, reasons=['Low Uniqueness (0.15 < 0.15)']
[LightGBM] [Info] Using self-defined objective function
[LightGBM] [Warning] No further splits with positive gain, best gain: -inf
[LightGBM] [Warning] No further splits with positive gain, best gain: -inf
2025-12-29 01:23:12,002 - src.training.steps.labeling.label_geometry_selection - INFO - ℹ️ Gate rejected: survival=40.99%, uniq=0.19, reasons=['Low Learnability (AUC Lift 0.007)']
[LightGBM] [Info] Using self-defined objective function
[LightGBM] [Warning] No further splits with positive gain, best gain: -inf
[LightGBM] [Warning] No further splits with positive gain, best gain: -inf
[LightGBM] [Warning] No further splits with positive gain, best gain: -inf
[LightGBM] [Warning] No further splits with positive gain, best gain: -inf
[LightGBM] [Info] Using self-defined objective function
[LightGBM] [Warning] No further splits with positive gain, best gain: -inf
[LightGBM] [Warning] No further splits with positive gain, best gain: -inf
[LightGBM] [Info] Using self-defined objective function
[LightGBM] [Warning] No further splits with positive gain, best gain: -inf
[LightGBM] [Info] Using self-defined objective function
[LightGBM] [Warning] No further splits with positive gain, best gain: -inf
[LightGBM] [Warning] No further splits with positive gain, best gain: -inf
[LightGBM] [Warning] No further splits with positive gain, best gain: -inf
[LightGBM] [Warning] No further splits with positive gain, best gain: -inf
[LightGBM] [Warning] No further splits with positive gain, best gain: -inf
[LightGBM] [Warning] No further splits with positive gain, best gain: -inf
[LightGBM] [Warning] No further splits with positive gain, best gain: -inf
[LightGBM] [Warning] No further splits with positive gain, best gain: -inf
[LightGBM] [Warning] No further splits with positive gain, best gain: -inf
[LightGBM] [Warning] No further splits with positive gain, best gain: -inf
[LightGBM] [Warning] No further splits with positive gain, best gain: -inf
[LightGBM] [Warning] No further splits with positive gain, best gain: -inf
[LightGBM] [Warning] No further splits with positive gain, best gain: -inf
[LightGBM] [Warning] No further splits with positive gain, best gain: -inf
[LightGBM] [Warning] No further splits with positive gain, best gain: -inf
[LightGBM] [Info] Using self-defined objective function
[LightGBM] [Warning] No further splits with positive gain, best gain: -inf
[LightGBM] [Warning] No further splits with positive gain, best gain: -inf
[LightGBM] [Warning] No further splits with positive gain, best gain: -inf
[LightGBM] [Warning] No further splits with positive gain, best gain: -inf
[LightGBM] [Warning] No further splits with positive gain, best gain: -inf
[LightGBM] [Warning] No further splits with positive gain, best gain: -inf
[LightGBM] [Info] Using self-defined objective function
[LightGBM] [Warning] No further splits with positive gain, best gain: -inf
[LightGBM] [Warning] No further splits with positive gain, best gain: -inf
[LightGBM] [Warning] No further splits with positive gain, best gain: -inf
[LightGBM] [Warning] No further splits with positive gain, best gain: -inf
[LightGBM] [Warning] No further splits with positive gain, best gain: -inf
[LightGBM] [Warning] No further splits with positive gain, best gain: -inf
[LightGBM] [Warning] No further splits with positive gain, best gain: -inf
[LightGBM] [Warning] No further splits with positive gain, best gain: -inf
[LightGBM] [Warning] No further splits with positive gain, best gain: -inf
[LightGBM] [Warning] No further splits with positive gain, best gain: -inf
[LightGBM] [Warning] No further splits with positive gain, best gain: -inf
[LightGBM] [Warning] No further splits with positive gain, best gain: -inf
[LightGBM] [Warning] No further splits with positive gain, best gain: -inf
[LightGBM] [Warning] No further splits with positive gain, best gain: -inf
[LightGBM] [Warning] No further splits with positive gain, best gain: -inf
[LightGBM] [Warning] No further splits with positive gain, best gain: -inf
[LightGBM] [Info] Using self-defined objective function
2025-12-29 01:23:12,587 - src.training.steps.labeling.label_geometry_selection - INFO - ℹ️ Gate rejected: survival=50.74%, uniq=0.15, reasons=['Low Learnability (AUC Lift 0.008)', 'Low Precision Lift (-0.008)']
[LightGBM] [Info] Using self-defined objective function
[LightGBM] [Warning] No further splits with positive gain, best gain: -inf
[LightGBM] [Warning] No further splits with positive gain, best gain: -inf
[LightGBM] [Warning] No further splits with positive gain, best gain: -inf
[LightGBM] [Warning] No further splits with positive gain, best gain: -inf
[LightGBM] [Info] Using self-defined objective function
[LightGBM] [Info] Using self-defined objective function
[LightGBM] [Warning] No further splits with positive gain, best gain: -inf
[LightGBM] [Info] Using self-defined objective function
[LightGBM] [Warning] No further splits with positive gain, best gain: -inf
[LightGBM] [Warning] No further splits with positive gain, best gain: -inf
[LightGBM] [Warning] No further splits with positive gain, best gain: -inf
[LightGBM] [Warning] No further splits with positive gain, best gain: -inf
[LightGBM] [Warning] No further splits with positive gain, best gain: -inf
[LightGBM] [Warning] No further splits with positive gain, best gain: -inf
[LightGBM] [Warning] No further splits with positive gain, best gain: -inf
[LightGBM] [Warning] No further splits with positive gain, best gain: -inf
[LightGBM] [Warning] No further splits with positive gain, best gain: -inf
[LightGBM] [Warning] No further splits with positive gain, best gain: -inf
[LightGBM] [Warning] No further splits with positive gain, best gain: -inf
[LightGBM] [Warning] No further splits with positive gain, best gain: -inf
[LightGBM] [Warning] No further splits with positive gain, best gain: -inf
[LightGBM] [Warning] No further splits with positive gain, best gain: -inf
[LightGBM] [Warning] No further splits with positive gain, best gain: -inf
[LightGBM] [Warning] No further splits with positive gain, best gain: -inf
[LightGBM] [Warning] No further splits with positive gain, best gain: -inf
[LightGBM] [Warning] No further splits with positive gain, best gain: -inf
[LightGBM] [Warning] No further splits with positive gain, best gain: -inf
[LightGBM] [Warning] No further splits with positive gain, best gain: -inf
[LightGBM] [Warning] No further splits with positive gain, best gain: -inf
[LightGBM] [Warning] No further splits with positive gain, best gain: -inf
[LightGBM] [Warning] No further splits with positive gain, best gain: -inf
[LightGBM] [Warning] No further splits with positive gain, best gain: -inf
[LightGBM] [Warning] No further splits with positive gain, best gain: -inf
[LightGBM] [Warning] No further splits with positive gain, best gain: -inf
[LightGBM] [Warning] No further splits with positive gain, best gain: -inf
[LightGBM] [Info] Using self-defined objective function
[LightGBM] [Warning] No further splits with positive gain, best gain: -inf
[LightGBM] [Warning] No further splits with positive gain, best gain: -inf
[LightGBM] [Warning] No further splits with positive gain, best gain: -inf
[LightGBM] [Warning] No further splits with positive gain, best gain: -inf
[LightGBM] [Warning] No further splits with positive gain, best gain: -inf
[LightGBM] [Warning] No further splits with positive gain, best gain: -inf
[LightGBM] [Warning] No further splits with positive gain, best gain: -inf
[LightGBM] [Warning] No further splits with positive gain, best gain: -inf
[LightGBM] [Warning] No further splits with positive gain, best gain: -inf
[LightGBM] [Info] Using self-defined objective function
[LightGBM] [Warning] No further splits with positive gain, best gain: -inf
2025-12-29 01:23:13,116 - src.training.steps.labeling.label_geometry_selection - INFO - ℹ️ Gate rejected: survival=35.42%, uniq=0.22, reasons=['Low Precision Lift (-0.012)']
[LightGBM] [Info] Using self-defined objective function
[LightGBM] [Warning] No further splits with positive gain, best gain: -inf
[LightGBM] [Warning] No further splits with positive gain, best gain: -inf
[LightGBM] [Info] Using self-defined objective function
[LightGBM] [Info] Using self-defined objective function
[LightGBM] [Warning] No further splits with positive gain, best gain: -inf
[LightGBM] [Warning] No further splits with positive gain, best gain: -inf
[LightGBM] [Warning] No further splits with positive gain, best gain: -inf
[LightGBM] [Warning] No further splits with positive gain, best gain: -inf
2025-12-29 01:23:13,335 - src.training.steps.labeling.label_geometry_selection - INFO - ℹ️ Gate rejected: survival=45.52%, uniq=0.17, reasons=['Low Learnability (AUC Lift 0.010)']
[LightGBM] [Info] Using self-defined objective function
[LightGBM] [Warning] No further splits with positive gain, best gain: -inf
[LightGBM] [Warning] No further splits with positive gain, best gain: -inf
[LightGBM] [Warning] No further splits with positive gain, best gain: -inf
[LightGBM] [Warning] No further splits with positive gain, best gain: -inf
[LightGBM] [Warning] No further splits with positive gain, best gain: -inf
[LightGBM] [Warning] No further splits with positive gain, best gain: -inf
[LightGBM] [Warning] No further splits with positive gain, best gain: -inf
[LightGBM] [Warning] No further splits with positive gain, best gain: -inf
[LightGBM] [Warning] No further splits with positive gain, best gain: -inf
[LightGBM] [Warning] No further splits with positive gain, best gain: -inf
[LightGBM] [Warning] No further splits with positive gain, best gain: -inf
[LightGBM] [Warning] No further splits with positive gain, best gain: -inf
[LightGBM] [Info] Using self-defined objective function
[LightGBM] [Warning] No further splits with positive gain, best gain: -inf
[LightGBM] [Warning] No further splits with positive gain, best gain: -inf
[LightGBM] [Warning] No further splits with positive gain, best gain: -inf
[LightGBM] [Warning] No further splits with positive gain, best gain: -inf
[LightGBM] [Warning] No further splits with positive gain, best gain: -inf
[LightGBM] [Warning] No further splits with positive gain, best gain: -inf
[LightGBM] [Warning] No further splits with positive gain, best gain: -inf
[LightGBM] [Info] Using self-defined objective function
[LightGBM] [Warning] No further splits with positive gain, best gain: -inf
[LightGBM] [Warning] No further splits with positive gain, best gain: -inf
[LightGBM] [Warning] No further splits with positive gain, best gain: -inf
[LightGBM] [Warning] No further splits with positive gain, best gain: -inf
[LightGBM] [Warning] No further splits with positive gain, best gain: -inf
[LightGBM] [Warning] No further splits with positive gain, best gain: -inf
2025-12-29 01:23:13,596 - src.training.steps.labeling.label_geometry_selection - INFO - ℹ️ Gate rejected: survival=20.79%, uniq=0.33, reasons=['Low Learnability (AUC Lift 0.003)', 'Low Precision Lift (-0.005)']
[LightGBM] [Info] Using self-defined objective function
[LightGBM] [Warning] No further splits with positive gain, best gain: -inf
[LightGBM] [Warning] No further splits with positive gain, best gain: -inf
[LightGBM] [Warning] No further splits with positive gain, best gain: -inf
2025-12-29 01:23:13,666 - src.training.steps.labeling.label_geometry_selection - INFO - ℹ️ Gate rejected: survival=28.47%, uniq=0.24, reasons=['Low Learnability (AUC Lift 0.004)']
[LightGBM] [Info] Using self-defined objective function
[LightGBM] [Info] Using self-defined objective function
[LightGBM] [Warning] No further splits with positive gain, best gain: -inf
[LightGBM] [Warning] No further splits with positive gain, best gain: -inf
[LightGBM] [Warning] No further splits with positive gain, best gain: -inf
[LightGBM] [Warning] No further splits with positive gain, best gain: -inf
[LightGBM] [Warning] No further splits with positive gain, best gain: -inf
[LightGBM] [Info] Using self-defined objective function
[LightGBM] [Warning] No further splits with positive gain, best gain: -inf
[LightGBM] [Warning] No further splits with positive gain, best gain: -inf
[LightGBM] [Warning] No further splits with positive gain, best gain: -inf
[LightGBM] [Warning] No further splits with positive gain, best gain: -inf
[LightGBM] [Warning] No further splits with positive gain, best gain: -inf
[LightGBM] [Info] Using self-defined objective function
[LightGBM] [Warning] No further splits with positive gain, best gain: -inf
[LightGBM] [Warning] No further splits with positive gain, best gain: -inf
[LightGBM] [Warning] No further splits with positive gain, best gain: -inf
[LightGBM] [Warning] No further splits with positive gain, best gain: -inf
[LightGBM] [Warning] No further splits with positive gain, best gain: -inf
[LightGBM] [Warning] No further splits with positive gain, best gain: -inf
2025-12-29 01:23:14,009 - src.training.steps.labeling.label_geometry_selection - INFO - ℹ️ Gate rejected: survival=20.79%, uniq=0.33, reasons=['Low Learnability (AUC Lift 0.003)', 'Low Precision Lift (-0.005)']
[LightGBM] [Info] Using self-defined objective function
[LightGBM] [Warning] No further splits with positive gain, best gain: -inf
[LightGBM] [Warning] No further splits with positive gain, best gain: -inf
[LightGBM] [Warning] No further splits with positive gain, best gain: -inf
[LightGBM] [Warning] No further splits with positive gain, best gain: -inf
[LightGBM] [Warning] No further splits with positive gain, best gain: -inf
[LightGBM] [Warning] No further splits with positive gain, best gain: -inf
[LightGBM] [Warning] No further splits with positive gain, best gain: -inf
[LightGBM] [Info] Using self-defined objective function
[LightGBM] [Warning] No further splits with positive gain, best gain: -inf
[LightGBM] [Warning] No further splits with positive gain, best gain: -inf
[LightGBM] [Info] Using self-defined objective function
[LightGBM] [Warning] No further splits with positive gain, best gain: -inf
[LightGBM] [Warning] No further splits with positive gain, best gain: -inf
[LightGBM] [Warning] No further splits with positive gain, best gain: -inf
[LightGBM] [Warning] No further splits with positive gain, best gain: -inf
[LightGBM] [Info] Using self-defined objective function
[LightGBM] [Warning] No further splits with positive gain, best gain: -inf
[LightGBM] [Warning] No further splits with positive gain, best gain: -inf
[LightGBM] [Warning] No further splits with positive gain, best gain: -inf
[LightGBM] [Warning] No further splits with positive gain, best gain: -inf
[LightGBM] [Warning] No further splits with positive gain, best gain: -inf
[LightGBM] [Info] Using self-defined objective function
[LightGBM] [Warning] No further splits with positive gain, best gain: -inf
[LightGBM] [Warning] No further splits with positive gain, best gain: -inf
[LightGBM] [Warning] No further splits with positive gain, best gain: -inf
[LightGBM] [Warning] No further splits with positive gain, best gain: -inf
[LightGBM] [Warning] No further splits with positive gain, best gain: -inf
[LightGBM] [Warning] No further splits with positive gain, best gain: -inf
[LightGBM] [Warning] No further splits with positive gain, best gain: -inf
[LightGBM] [Warning] No further splits with positive gain, best gain: -inf
[LightGBM] [Warning] No further splits with positive gain, best gain: -inf
[LightGBM] [Info] Using self-defined objective function
[LightGBM] [Warning] No further splits with positive gain, best gain: -inf
[LightGBM] [Warning] No further splits with positive gain, best gain: -inf
[LightGBM] [Warning] No further splits with positive gain, best gain: -inf
[LightGBM] [Warning] No further splits with positive gain, best gain: -inf
[LightGBM] [Info] Using self-defined objective function
[LightGBM] [Warning] No further splits with positive gain, best gain: -inf
[LightGBM] [Warning] No further splits with positive gain, best gain: -inf
[LightGBM] [Warning] No further splits with positive gain, best gain: -inf
[LightGBM] [Info] Using self-defined objective function
[LightGBM] [Warning] No further splits with positive gain, best gain: -inf
[LightGBM] [Warning] No further splits with positive gain, best gain: -inf
[LightGBM] [Warning] No further splits with positive gain, best gain: -inf
[LightGBM] [Warning] No further splits with positive gain, best gain: -inf
[LightGBM] [Warning] No further splits with positive gain, best gain: -inf
[LightGBM] [Warning] No further splits with positive gain, best gain: -inf
[LightGBM] [Warning] No further splits with positive gain, best gain: -inf
[LightGBM] [Warning] No further splits with positive gain, best gain: -inf
[LightGBM] [Warning] No further splits with positive gain, best gain: -inf
[LightGBM] [Warning] No further splits with positive gain, best gain: -inf
[LightGBM] [Warning] No further splits with positive gain, best gain: -inf
[LightGBM] [Warning] No further splits with positive gain, best gain: -inf
[LightGBM] [Warning] No further splits with positive gain, best gain: -inf
[LightGBM] [Warning] No further splits with positive gain, best gain: -inf
[LightGBM] [Warning] No further splits with positive gain, best gain: -inf
[LightGBM] [Info] Using self-defined objective function
[LightGBM] [Warning] No further splits with positive gain, best gain: -inf
[LightGBM] [Warning] No further splits with positive gain, best gain: -inf
[LightGBM] [Warning] No further splits with positive gain, best gain: -inf
[LightGBM] [Warning] No further splits with positive gain, best gain: -inf
[LightGBM] [Warning] No further splits with positive gain, best gain: -inf
[LightGBM] [Warning] No further splits with positive gain, best gain: -inf
[LightGBM] [Info] Using self-defined objective function
[LightGBM] [Warning] No further splits with positive gain, best gain: -inf
[LightGBM] [Warning] No further splits with positive gain, best gain: -inf
[LightGBM] [Warning] No further splits with positive gain, best gain: -inf
[LightGBM] [Warning] No further splits with positive gain, best gain: -inf
[LightGBM] [Info] Using self-defined objective function
[LightGBM] [Warning] No further splits with positive gain, best gain: -inf
[LightGBM] [Info] Using self-defined objective function
[LightGBM] [Warning] No further splits with positive gain, best gain: -inf
[LightGBM] [Warning] No further splits with positive gain, best gain: -inf
2025-12-29 01:23:14,965 - src.training.steps.labeling.label_geometry_selection - INFO - ℹ️ Gate rejected: survival=28.82%, uniq=0.24, reasons=['Low Learnability (AUC Lift 0.007)']
[LightGBM] [Info] Using self-defined objective function
2025-12-29 01:23:15,039 - src.training.steps.labeling.label_geometry_selection - INFO - ℹ️ Gate rejected: survival=51.58%, uniq=0.15, reasons=['Low Uniqueness (0.15 < 0.15)']
[LightGBM] [Info] Using self-defined objective function
[LightGBM] [Warning] No further splits with positive gain, best gain: -inf
[LightGBM] [Warning] No further splits with positive gain, best gain: -inf
[LightGBM] [Warning] No further splits with positive gain, best gain: -inf
[LightGBM] [Warning] No further splits with positive gain, best gain: -inf
[LightGBM] [Warning] No further splits with positive gain, best gain: -inf
[LightGBM] [Warning] No further splits with positive gain, best gain: -inf
[LightGBM] [Warning] No further splits with positive gain, best gain: -inf
[LightGBM] [Warning] No further splits with positive gain, best gain: -inf
[LightGBM] [Warning] No further splits with positive gain, best gain: -inf
2025-12-29 01:23:15,109 - src.training.steps.labeling.label_geometry_selection - INFO - ℹ️ Gate rejected: survival=45.71%, uniq=0.17, reasons=['Low Precision Lift (-0.007)']
2025-12-29 01:23:15,109 - src.training.steps.labeling.label_geometry_selection - INFO - ℹ️ Pruning 74 accepted geometries based on correlation...
2025-12-29 01:23:15,110 - src.training.steps.labeling.label_geometry_selection - INFO - ℹ️ Dropped Sniper (Selective, High Reward) (Sep: 0.103) due to correlation 1.00 with Sniper (Selective, High Reward) (Sep: 0.103)
2025-12-29 01:23:15,110 - src.training.steps.labeling.label_geometry_selection - INFO - ℹ️ Dropped Balanced (Sep: 0.103) due to correlation 1.00 with Sniper (Selective, High Reward) (Sep: 0.103)
2025-12-29 01:23:15,110 - src.training.steps.labeling.label_geometry_selection - INFO - ℹ️ Dropped Sniper (Selective, High Reward) (Sep: 0.103) due to correlation 1.00 with Sniper (Selective, High Reward) (Sep: 0.103)
2025-12-29 01:23:15,110 - src.training.steps.labeling.label_geometry_selection - INFO - ℹ️ Dropped Sniper (Selective, High Reward) (Sep: 0.058) due to correlation 0.94 with Sniper (Selective, High Reward) (Sep: 0.103)
2025-12-29 01:23:15,110 - src.training.steps.labeling.label_geometry_selection - INFO - ℹ️ Dropped Sniper (Selective, High Reward) (Sep: 0.077) due to correlation 1.00 with Balanced (Sep: 0.077)
2025-12-29 01:23:15,110 - src.training.steps.labeling.label_geometry_selection - INFO - ℹ️ Dropped Sniper (Selective, High Reward) (Sep: 0.077) due to correlation 1.00 with Balanced (Sep: 0.077)
2025-12-29 01:23:15,110 - src.training.steps.labeling.label_geometry_selection - INFO - ℹ️ Dropped Balanced (Sep: 0.077) due to correlation 1.00 with Balanced (Sep: 0.077)
2025-12-29 01:23:15,111 - src.training.steps.labeling.label_geometry_selection - INFO - ℹ️ Dropped Sniper (Selective, High Reward) (Sep: 0.057) due to correlation 0.91 with Sniper (Selective, High Reward) (Sep: 0.068)
2025-12-29 01:23:15,111 - src.training.steps.labeling.label_geometry_selection - INFO - ℹ️ Dropped Balanced (Sep: 0.048) due to correlation 0.91 with Pain Averse (High Penalty for Drawdown) (Sep: 0.061)
2025-12-29 01:23:15,111 - src.training.steps.labeling.label_geometry_selection - INFO - ℹ️ Dropped Pain Averse (High Penalty for Drawdown) (Sep: 0.029) due to correlation 1.00 with Balanced (Sep: 0.029)
2025-12-29 01:23:15,111 - src.training.steps.labeling.label_geometry_selection - INFO - ℹ️ Final Selection: 10 geometries (Best Separation Score: 0.134, Max: 10)
2025-12-29 01:23:15,114 - src.training.steps.labeling.label_based_layer_2 - INFO - ℹ️ Geometry selection complete: 10 geometries selected
2025-12-29 01:23:15,122 - src.training.steps.labeling.label_based_layer_2 - INFO - ℹ️ Layer2 OOF Fold 1: extracted_trials_per_family={'Unified': 10}
2025-12-29 01:23:15,151 - src.training.steps.labeling.label_based_layer_2 - INFO - ℹ️ Layer2 OOF Fold 1: selected_geometries=1, by_family={'Unified': 1}
[LightGBM] [Info] Using self-defined objective function
2025-12-29 01:23:19,725 - src.training.steps.labeling.label_based_layer_2 - INFO - ℹ️ [LGBM Focal] Gamma(+):0.5 Gamma(-):1.25 | Alpha:0.6500
2025-12-29 01:23:20,416 - src.training.steps.labeling.label_based_layer_2 - WARNING - ⚠️ Failed to train geometry model for Unified_Rank0: tuple index out of range
2025-12-29 01:23:22,298 - src.training.steps.labeling.label_based_layer_2 - INFO - ℹ️ Layer2 Bagging: 4716 orphan events (no geo coverage) filled with neutral defaults.
2025-12-29 01:23:22,298 - src.training.steps.labeling.label_based_layer_2 - INFO - ℹ️ 
>>> Training multi-output ensemble members...
2025-12-29 01:23:22,301 - src.training.steps.labeling.label_based_layer_2 - INFO - ℹ️ Layer2 OOF Fold 1: labeled_events=4716/4716, geometry_channels=0
2025-12-29 01:23:22,303 - src.training.steps.labeling.label_based_layer_2 - INFO - ℹ️    > Processing Fold 2/3...
2025-12-29 01:23:22,303 - src.training.steps.labeling.label_based_layer_2 - INFO - ℹ️ Layer2 OOF Fold 2: purged k-fold val_start=10560, val_stop=21120, purge_bars=100, test_start_time=2025-04-04 14:45:00, test_end_time=2025-07-23 14:30:00, n_train=20920
2025-12-29 01:23:22,306 - src.training.steps.labeling.label_based_layer_2 - INFO - ℹ️ Layer2 OOF Fold 2: n_train_bars=20920, n_train_events=9778, n_test_events=5490
2025-12-29 01:23:25,342 - src.training.steps.labeling.label_based_layer_2 - INFO - ℹ️ Optimizing geometries: 9778 total events (no family split)
2025-12-29 01:23:25,496 - src.training.steps.labeling.label_geometry_selection - INFO - ℹ️ Vectorizing 9778 events for horizons [8, 12, 16, 20, 24]...
2025-12-29 01:23:25,955 - src.training.steps.labeling.label_geometry_selection - INFO - ℹ️ Event dedup: 9778 → 1894 events (min_gap=6 bars)
2025-12-29 01:23:25,956 - src.training.steps.labeling.label_geometry_selection - INFO - ℹ️ Events after dedup: 9778 → 1894
2025-12-29 01:23:25,961 - src.training.steps.labeling.label_geometry_selection - INFO - ℹ️ Dropped 17 near-constant feature columns after dedup (307 remaining).
2025-12-29 01:23:25,969 - src.training.steps.labeling.label_geometry_selection - INFO - ℹ️ Generated 1680 raw candidates
2025-12-29 01:23:25,969 - src.training.steps.labeling.label_geometry_selection - INFO - ℹ️ After hard constraints: 1680 candidates
2025-12-29 01:23:25,982 - src.training.steps.labeling.label_geometry_selection - INFO - ℹ️ Distance-based deduplication: 1680 -> 93 candidates
2025-12-29 01:23:25,982 - src.training.steps.labeling.label_geometry_selection - INFO - ℹ️ Training LGBM on 93 pre-filtered candidates...
[LightGBM] [Info] Using self-defined objective function
[LightGBM] [Warning] No further splits with positive gain, best gain: -inf
[LightGBM] [Warning] No further splits with positive gain, best gain: -inf
[LightGBM] [Warning] No further splits with positive gain, best gain: -inf
[LightGBM] [Warning] No further splits with positive gain, best gain: -inf
[LightGBM] [Warning] No further splits with positive gain, best gain: -inf
[LightGBM] [Warning] No further splits with positive gain, best gain: -inf
[LightGBM] [Warning] No further splits with positive gain, best gain: -inf
[LightGBM] [Warning] No further splits with positive gain, best gain: -inf
[LightGBM] [Warning] No further splits with positive gain, best gain: -inf
[LightGBM] [Warning] No further splits with positive gain, best gain: -inf
[LightGBM] [Warning] No further splits with positive gain, best gain: -inf
[LightGBM] [Warning] No further splits with positive gain, best gain: -inf
[LightGBM] [Warning] No further splits with positive gain, best gain: -inf
[LightGBM] [Warning] No further splits with positive gain, best gain: -inf
[LightGBM] [Warning] No further splits with positive gain, best gain: -inf
[LightGBM] [Warning] No further splits with positive gain, best gain: -inf
[LightGBM] [Warning] No further splits with positive gain, best gain: -inf
[LightGBM] [Info] Using self-defined objective function
[LightGBM] [Warning] No further splits with positive gain, best gain: -inf
[LightGBM] [Warning] No further splits with positive gain, best gain: -inf
[LightGBM] [Warning] No further splits with positive gain, best gain: -inf
[LightGBM] [Warning] No further splits with positive gain, best gain: -inf
[LightGBM] [Warning] No further splits with positive gain, best gain: -inf
[LightGBM] [Warning] No further splits with positive gain, best gain: -inf
[LightGBM] [Warning] No further splits with positive gain, best gain: -inf
[LightGBM] [Warning] No further splits with positive gain, best gain: -inf
[LightGBM] [Warning] No further splits with positive gain, best gain: -inf
[LightGBM] [Info] Using self-defined objective function
[LightGBM] [Warning] No further splits with positive gain, best gain: -inf
[LightGBM] [Warning] No further splits with positive gain, best gain: -inf
[LightGBM] [Warning] No further splits with positive gain, best gain: -inf
[LightGBM] [Warning] No further splits with positive gain, best gain: -inf
[LightGBM] [Warning] No further splits with positive gain, best gain: -inf
[LightGBM] [Warning] No further splits with positive gain, best gain: -inf
[LightGBM] [Warning] No further splits with positive gain, best gain: -inf
[LightGBM] [Warning] No further splits with positive gain, best gain: -inf
[LightGBM] [Warning] No further splits with positive gain, best gain: -inf
[LightGBM] [Warning] No further splits with positive gain, best gain: -inf
[LightGBM] [Warning] No further splits with positive gain, best gain: -inf
[LightGBM] [Warning] No further splits with positive gain, best gain: -inf
2025-12-29 01:23:26,187 - src.training.steps.labeling.label_geometry_selection - INFO - ℹ️ Gate rejected: survival=28.41%, uniq=0.26, reasons=['Low Precision Lift (-0.007)']
[LightGBM] [Info] Using self-defined objective function
[LightGBM] [Warning] No further splits with positive gain, best gain: -inf
[LightGBM] [Warning] No further splits with positive gain, best gain: -inf
[LightGBM] [Warning] No further splits with positive gain, best gain: -inf
[LightGBM] [Warning] No further splits with positive gain, best gain: -inf
[LightGBM] [Warning] No further splits with positive gain, best gain: -inf
[LightGBM] [Warning] No further splits with positive gain, best gain: -inf
[LightGBM] [Warning] No further splits with positive gain, best gain: -inf
[LightGBM] [Warning] No further splits with positive gain, best gain: -inf
[LightGBM] [Warning] No further splits with positive gain, best gain: -inf
[LightGBM] [Warning] No further splits with positive gain, best gain: -inf
[LightGBM] [Warning] No further splits with positive gain, best gain: -inf
[LightGBM] [Warning] No further splits with positive gain, best gain: -inf
[LightGBM] [Warning] No further splits with positive gain, best gain: -inf
[LightGBM] [Warning] No further splits with positive gain, best gain: -inf
[LightGBM] [Info] Using self-defined objective function
[LightGBM] [Warning] No further splits with positive gain, best gain: -inf
[LightGBM] [Warning] No further splits with positive gain, best gain: -inf
[LightGBM] [Warning] No further splits with positive gain, best gain: -inf
[LightGBM] [Warning] No further splits with positive gain, best gain: -inf
[LightGBM] [Warning] No further splits with positive gain, best gain: -inf
[LightGBM] [Warning] No further splits with positive gain, best gain: -inf
[LightGBM] [Warning] No further splits with positive gain, best gain: -inf
[LightGBM] [Warning] No further splits with positive gain, best gain: -inf
[LightGBM] [Warning] No further splits with positive gain, best gain: -inf
[LightGBM] [Warning] No further splits with positive gain, best gain: -inf
[LightGBM] [Warning] No further splits with positive gain, best gain: -inf
[LightGBM] [Warning] No further splits with positive gain, best gain: -inf
[LightGBM] [Warning] No further splits with positive gain, best gain: -inf
[LightGBM] [Warning] No further splits with positive gain, best gain: -inf
[LightGBM] [Warning] No further splits with positive gain, best gain: -inf
[LightGBM] [Warning] No further splits with positive gain, best gain: -inf
[LightGBM] [Warning] No further splits with positive gain, best gain: -inf
[LightGBM] [Info] Using self-defined objective function
[LightGBM] [Warning] No further splits with positive gain, best gain: -inf
[LightGBM] [Warning] No further splits with positive gain, best gain: -inf
[LightGBM] [Info] Using self-defined objective function
[LightGBM] [Warning] No further splits with positive gain, best gain: -inf
[LightGBM] [Warning] No further splits with positive gain, best gain: -inf
[LightGBM] [Warning] No further splits with positive gain, best gain: -inf
[LightGBM] [Warning] No further splits with positive gain, best gain: -inf
[LightGBM] [Warning] No further splits with positive gain, best gain: -inf
[LightGBM] [Warning] No further splits with positive gain, best gain: -inf
[LightGBM] [Warning] No further splits with positive gain, best gain: -inf
[LightGBM] [Warning] No further splits with positive gain, best gain: -inf
[LightGBM] [Info] Using self-defined objective function
[LightGBM] [Warning] No further splits with positive gain, best gain: -inf
[LightGBM] [Warning] No further splits with positive gain, best gain: -inf
[LightGBM] [Warning] No further splits with positive gain, best gain: -inf
[LightGBM] [Warning] No further splits with positive gain, best gain: -inf
[LightGBM] [Warning] No further splits with positive gain, best gain: -inf
[LightGBM] [Warning] No further splits with positive gain, best gain: -inf
[LightGBM] [Warning] No further splits with positive gain, best gain: -inf
[LightGBM] [Warning] No further splits with positive gain, best gain: -inf
[LightGBM] [Warning] No further splits with positive gain, best gain: -inf
[LightGBM] [Warning] No further splits with positive gain, best gain: -inf
[LightGBM] [Warning] No further splits with positive gain, best gain: -inf
[LightGBM] [Warning] No further splits with positive gain, best gain: -inf
[LightGBM] [Warning] No further splits with positive gain, best gain: -inf
[LightGBM] [Warning] No further splits with positive gain, best gain: -inf
[LightGBM] [Warning] No further splits with positive gain, best gain: -inf
[LightGBM] [Warning] No further splits with positive gain, best gain: -inf
[LightGBM] [Warning] No further splits with positive gain, best gain: -inf
[LightGBM] [Info] Using self-defined objective function
[LightGBM] [Warning] No further splits with positive gain, best gain: -inf
[LightGBM] [Warning] No further splits with positive gain, best gain: -inf
[LightGBM] [Info] Using self-defined objective function
[LightGBM] [Warning] No further splits with positive gain, best gain: -inf
[LightGBM] [Warning] No further splits with positive gain, best gain: -inf
[LightGBM] [Warning] No further splits with positive gain, best gain: -inf
[LightGBM] [Warning] No further splits with positive gain, best gain: -inf
[LightGBM] [Warning] No further splits with positive gain, best gain: -inf
[LightGBM] [Warning] No further splits with positive gain, best gain: -inf
[LightGBM] [Warning] No further splits with positive gain, best gain: -inf
[LightGBM] [Warning] No further splits with positive gain, best gain: -inf
[LightGBM] [Warning] No further splits with positive gain, best gain: -inf
[LightGBM] [Warning] No further splits with positive gain, best gain: -inf
[LightGBM] [Warning] No further splits with positive gain, best gain: -inf
[LightGBM] [Warning] No further splits with positive gain, best gain: -inf
[LightGBM] [Warning] No further splits with positive gain, best gain: -inf
[LightGBM] [Warning] No further splits with positive gain, best gain: -inf
[LightGBM] [Warning] No further splits with positive gain, best gain: -inf
[LightGBM] [Warning] No further splits with positive gain, best gain: -inf
[LightGBM] [Warning] No further splits with positive gain, best gain: -inf
[LightGBM] [Info] Using self-defined objective function
[LightGBM] [Warning] No further splits with positive gain, best gain: -inf
[LightGBM] [Warning] No further splits with positive gain, best gain: -inf
[LightGBM] [Warning] No further splits with positive gain, best gain: -inf
[LightGBM] [Warning] No further splits with positive gain, best gain: -inf
[LightGBM] [Warning] No further splits with positive gain, best gain: -inf
[LightGBM] [Warning] No further splits with positive gain, best gain: -inf
[LightGBM] [Warning] No further splits with positive gain, best gain: -inf
[LightGBM] [Warning] No further splits with positive gain, best gain: -inf
[LightGBM] [Warning] No further splits with positive gain, best gain: -inf
[LightGBM] [Warning] No further splits with positive gain, best gain: -inf
[LightGBM] [Info] Using self-defined objective function
[LightGBM] [Warning] No further splits with positive gain, best gain: -inf
[LightGBM] [Warning] No further splits with positive gain, best gain: -inf
[LightGBM] [Warning] No further splits with positive gain, best gain: -inf
[LightGBM] [Warning] No further splits with positive gain, best gain: -inf
[LightGBM] [Warning] No further splits with positive gain, best gain: -inf
[LightGBM] [Warning] No further splits with positive gain, best gain: -inf
[LightGBM] [Warning] No further splits with positive gain, best gain: -inf
[LightGBM] [Warning] No further splits with positive gain, best gain: -inf
[LightGBM] [Warning] No further splits with positive gain, best gain: -inf
2025-12-29 01:23:27,004 - src.training.steps.labeling.label_geometry_selection - INFO - ℹ️ Gate rejected: survival=19.90%, uniq=0.34, reasons=['Low Learnability (AUC Lift 0.007)']
[LightGBM] [Info] Using self-defined objective function
[LightGBM] [Warning] No further splits with positive gain, best gain: -inf
[LightGBM] [Warning] No further splits with positive gain, best gain: -inf
[LightGBM] [Warning] No further splits with positive gain, best gain: -inf
[LightGBM] [Warning] No further splits with positive gain, best gain: -inf
[LightGBM] [Warning] No further splits with positive gain, best gain: -inf
[LightGBM] [Warning] No further splits with positive gain, best gain: -inf
[LightGBM] [Warning] No further splits with positive gain, best gain: -inf
[LightGBM] [Warning] No further splits with positive gain, best gain: -inf
[LightGBM] [Warning] No further splits with positive gain, best gain: -inf
[LightGBM] [Info] Using self-defined objective function
[LightGBM] [Warning] No further splits with positive gain, best gain: -inf
[LightGBM] [Warning] No further splits with positive gain, best gain: -inf
[LightGBM] [Info] Using self-defined objective function
[LightGBM] [Warning] No further splits with positive gain, best gain: -inf
[LightGBM] [Warning] No further splits with positive gain, best gain: -inf
[LightGBM] [Warning] No further splits with positive gain, best gain: -inf
[LightGBM] [Warning] No further splits with positive gain, best gain: -inf
[LightGBM] [Warning] No further splits with positive gain, best gain: -inf
[LightGBM] [Warning] No further splits with positive gain, best gain: -inf
[LightGBM] [Warning] No further splits with positive gain, best gain: -inf
[LightGBM] [Warning] No further splits with positive gain, best gain: -inf
[LightGBM] [Warning] No further splits with positive gain, best gain: -inf
[LightGBM] [Warning] No further splits with positive gain, best gain: -inf
[LightGBM] [Warning] No further splits with positive gain, best gain: -inf
[LightGBM] [Warning] No further splits with positive gain, best gain: -inf
[LightGBM] [Warning] No further splits with positive gain, best gain: -inf
[LightGBM] [Warning] No further splits with positive gain, best gain: -inf
[LightGBM] [Info] Using self-defined objective function
[LightGBM] [Warning] No further splits with positive gain, best gain: -inf
[LightGBM] [Warning] No further splits with positive gain, best gain: -inf
[LightGBM] [Warning] No further splits with positive gain, best gain: -inf
[LightGBM] [Warning] No further splits with positive gain, best gain: -inf
[LightGBM] [Warning] No further splits with positive gain, best gain: -inf
[LightGBM] [Warning] No further splits with positive gain, best gain: -inf
[LightGBM] [Warning] No further splits with positive gain, best gain: -inf
[LightGBM] [Warning] No further splits with positive gain, best gain: -inf
[LightGBM] [Warning] No further splits with positive gain, best gain: -inf
[LightGBM] [Warning] No further splits with positive gain, best gain: -inf
[LightGBM] [Warning] No further splits with positive gain, best gain: -inf
[LightGBM] [Info] Using self-defined objective function
[LightGBM] [Warning] No further splits with positive gain, best gain: -inf
[LightGBM] [Warning] No further splits with positive gain, best gain: -inf
[LightGBM] [Warning] No further splits with positive gain, best gain: -inf
[LightGBM] [Warning] No further splits with positive gain, best gain: -inf
[LightGBM] [Warning] No further splits with positive gain, best gain: -inf
[LightGBM] [Warning] No further splits with positive gain, best gain: -inf
[LightGBM] [Warning] No further splits with positive gain, best gain: -inf
[LightGBM] [Warning] No further splits with positive gain, best gain: -inf
[LightGBM] [Warning] No further splits with positive gain, best gain: -inf
[LightGBM] [Warning] No further splits with positive gain, best gain: -inf
[LightGBM] [Warning] No further splits with positive gain, best gain: -inf
[LightGBM] [Warning] No further splits with positive gain, best gain: -inf
[LightGBM] [Warning] No further splits with positive gain, best gain: -inf
[LightGBM] [Warning] No further splits with positive gain, best gain: -inf
[LightGBM] [Warning] No further splits with positive gain, best gain: -inf
[LightGBM] [Warning] No further splits with positive gain, best gain: -inf
[LightGBM] [Warning] No further splits with positive gain, best gain: -inf
[LightGBM] [Warning] No further splits with positive gain, best gain: -inf
[LightGBM] [Warning] No further splits with positive gain, best gain: -inf
[LightGBM] [Warning] No further splits with positive gain, best gain: -inf
[LightGBM] [Warning] No further splits with positive gain, best gain: -inf
[LightGBM] [Warning] No further splits with positive gain, best gain: -inf
[LightGBM] [Warning] No further splits with positive gain, best gain: -inf
[LightGBM] [Warning] No further splits with positive gain, best gain: -inf
[LightGBM] [Warning] No further splits with positive gain, best gain: -inf
[LightGBM] [Warning] No further splits with positive gain, best gain: -inf
[LightGBM] [Warning] No further splits with positive gain, best gain: -inf
[LightGBM] [Warning] No further splits with positive gain, best gain: -inf
[LightGBM] [Warning] No further splits with positive gain, best gain: -inf
[LightGBM] [Warning] No further splits with positive gain, best gain: -inf
[LightGBM] [Warning] No further splits with positive gain, best gain: -inf
[LightGBM] [Warning] No further splits with positive gain, best gain: -inf
[LightGBM] [Warning] No further splits with positive gain, best gain: -inf
[LightGBM] [Warning] No further splits with positive gain, best gain: -inf
[LightGBM] [Warning] No further splits with positive gain, best gain: -inf
[LightGBM] [Warning] No further splits with positive gain, best gain: -inf
[LightGBM] [Warning] No further splits with positive gain, best gain: -inf
[LightGBM] [Warning] No further splits with positive gain, best gain: -inf
[LightGBM] [Info] Using self-defined objective function
[LightGBM] [Warning] No further splits with positive gain, best gain: -inf
[LightGBM] [Warning] No further splits with positive gain, best gain: -inf
[LightGBM] [Info] Using self-defined objective function
[LightGBM] [Warning] No further splits with positive gain, best gain: -inf
[LightGBM] [Warning] No further splits with positive gain, best gain: -inf
[LightGBM] [Warning] No further splits with positive gain, best gain: -inf
[LightGBM] [Warning] No further splits with positive gain, best gain: -inf
[LightGBM] [Warning] No further splits with positive gain, best gain: -inf
[LightGBM] [Warning] No further splits with positive gain, best gain: -inf
[LightGBM] [Warning] No further splits with positive gain, best gain: -inf
[LightGBM] [Warning] No further splits with positive gain, best gain: -inf
[LightGBM] [Warning] No further splits with positive gain, best gain: -inf
[LightGBM] [Warning] No further splits with positive gain, best gain: -inf
2025-12-29 01:23:27,560 - src.training.steps.labeling.label_geometry_selection - INFO - ℹ️ Gate rejected: survival=26.19%, uniq=0.28, reasons=['Low Learnability (AUC Lift 0.007)', 'Low Precision Lift (-0.007)']
[LightGBM] [Info] Using self-defined objective function
[LightGBM] [Warning] No further splits with positive gain, best gain: -inf
[LightGBM] [Warning] No further splits with positive gain, best gain: -inf
[LightGBM] [Warning] No further splits with positive gain, best gain: -inf
[LightGBM] [Warning] No further splits with positive gain, best gain: -inf
[LightGBM] [Warning] No further splits with positive gain, best gain: -inf
[LightGBM] [Warning] No further splits with positive gain, best gain: -inf
[LightGBM] [Warning] No further splits with positive gain, best gain: -inf
[LightGBM] [Warning] No further splits with positive gain, best gain: -inf
[LightGBM] [Warning] No further splits with positive gain, best gain: -inf
[LightGBM] [Warning] No further splits with positive gain, best gain: -inf
[LightGBM] [Warning] No further splits with positive gain, best gain: -inf
[LightGBM] [Warning] No further splits with positive gain, best gain: -inf
[LightGBM] [Info] Using self-defined objective function
[LightGBM] [Warning] No further splits with positive gain, best gain: -inf
[LightGBM] [Warning] No further splits with positive gain, best gain: -inf
[LightGBM] [Warning] No further splits with positive gain, best gain: -inf
[LightGBM] [Warning] No further splits with positive gain, best gain: -inf
[LightGBM] [Warning] No further splits with positive gain, best gain: -inf
[LightGBM] [Warning] No further splits with positive gain, best gain: -inf
[LightGBM] [Warning] No further splits with positive gain, best gain: -inf
[LightGBM] [Warning] No further splits with positive gain, best gain: -inf
[LightGBM] [Warning] No further splits with positive gain, best gain: -inf
[LightGBM] [Warning] No further splits with positive gain, best gain: -inf
[LightGBM] [Warning] No further splits with positive gain, best gain: -inf
[LightGBM] [Info] Using self-defined objective function
[LightGBM] [Warning] No further splits with positive gain, best gain: -inf
[LightGBM] [Warning] No further splits with positive gain, best gain: -inf
[LightGBM] [Warning] No further splits with positive gain, best gain: -inf
[LightGBM] [Warning] No further splits with positive gain, best gain: -inf
[LightGBM] [Warning] No further splits with positive gain, best gain: -inf
[LightGBM] [Warning] No further splits with positive gain, best gain: -inf
[LightGBM] [Warning] No further splits with positive gain, best gain: -inf
[LightGBM] [Warning] No further splits with positive gain, best gain: -inf
[LightGBM] [Warning] No further splits with positive gain, best gain: -inf
[LightGBM] [Warning] No further splits with positive gain, best gain: -inf
[LightGBM] [Warning] No further splits with positive gain, best gain: -inf
[LightGBM] [Warning] No further splits with positive gain, best gain: -inf
[LightGBM] [Warning] No further splits with positive gain, best gain: -inf
[LightGBM] [Warning] No further splits with positive gain, best gain: -inf
[LightGBM] [Warning] No further splits with positive gain, best gain: -inf
[LightGBM] [Info] Using self-defined objective function
[LightGBM] [Warning] No further splits with positive gain, best gain: -inf
[LightGBM] [Warning] No further splits with positive gain, best gain: -inf
[LightGBM] [Warning] No further splits with positive gain, best gain: -inf
[LightGBM] [Warning] No further splits with positive gain, best gain: -inf
[LightGBM] [Warning] No further splits with positive gain, best gain: -inf
[LightGBM] [Warning] No further splits with positive gain, best gain: -inf
[LightGBM] [Warning] No further splits with positive gain, best gain: -inf
[LightGBM] [Warning] No further splits with positive gain, best gain: -inf
[LightGBM] [Warning] No further splits with positive gain, best gain: -inf
[LightGBM] [Warning] No further splits with positive gain, best gain: -inf
[LightGBM] [Warning] No further splits with positive gain, best gain: -inf
[LightGBM] [Warning] No further splits with positive gain, best gain: -inf
[LightGBM] [Warning] No further splits with positive gain, best gain: -inf
[LightGBM] [Warning] No further splits with positive gain, best gain: -inf
[LightGBM] [Warning] No further splits with positive gain, best gain: -inf
[LightGBM] [Warning] No further splits with positive gain, best gain: -inf
[LightGBM] [Warning] No further splits with positive gain, best gain: -inf
[LightGBM] [Warning] No further splits with positive gain, best gain: -inf
[LightGBM] [Warning] No further splits with positive gain, best gain: -inf
[LightGBM] [Warning] No further splits with positive gain, best gain: -inf
[LightGBM] [Warning] No further splits with positive gain, best gain: -inf
[LightGBM] [Warning] No further splits with positive gain, best gain: -inf
[LightGBM] [Warning] No further splits with positive gain, best gain: -inf
[LightGBM] [Warning] No further splits with positive gain, best gain: -inf
[LightGBM] [Warning] No further splits with positive gain, best gain: -inf
[LightGBM] [Warning] No further splits with positive gain, best gain: -inf
[LightGBM] [Warning] No further splits with positive gain, best gain: -inf
[LightGBM] [Warning] No further splits with positive gain, best gain: -inf
[LightGBM] [Warning] No further splits with positive gain, best gain: -inf
[LightGBM] [Warning] No further splits with positive gain, best gain: -inf
[LightGBM] [Warning] No further splits with positive gain, best gain: -inf
[LightGBM] [Warning] No further splits with positive gain, best gain: -inf
[LightGBM] [Info] Using self-defined objective function
[LightGBM] [Warning] No further splits with positive gain, best gain: -inf
[LightGBM] [Warning] No further splits with positive gain, best gain: -inf
[LightGBM] [Warning] No further splits with positive gain, best gain: -inf
[LightGBM] [Warning] No further splits with positive gain, best gain: -inf
[LightGBM] [Warning] No further splits with positive gain, best gain: -inf
[LightGBM] [Warning] No further splits with positive gain, best gain: -inf
[LightGBM] [Warning] No further splits with positive gain, best gain: -inf
[LightGBM] [Warning] No further splits with positive gain, best gain: -inf
[LightGBM] [Warning] No further splits with positive gain, best gain: -inf
[LightGBM] [Warning] No further splits with positive gain, best gain: -inf
[LightGBM] [Warning] No further splits with positive gain, best gain: -inf
[LightGBM] [Warning] No further splits with positive gain, best gain: -inf
[LightGBM] [Info] Using self-defined objective function
[LightGBM] [Warning] No further splits with positive gain, best gain: -inf
[LightGBM] [Warning] No further splits with positive gain, best gain: -inf
[LightGBM] [Warning] No further splits with positive gain, best gain: -inf
[LightGBM] [Warning] No further splits with positive gain, best gain: -inf
[LightGBM] [Warning] No further splits with positive gain, best gain: -inf
[LightGBM] [Warning] No further splits with positive gain, best gain: -inf
[LightGBM] [Warning] No further splits with positive gain, best gain: -inf
[LightGBM] [Warning] No further splits with positive gain, best gain: -inf
[LightGBM] [Warning] No further splits with positive gain, best gain: -inf
[LightGBM] [Warning] No further splits with positive gain, best gain: -inf
[LightGBM] [Warning] No further splits with positive gain, best gain: -inf
[LightGBM] [Info] Using self-defined objective function
[LightGBM] [Warning] No further splits with positive gain, best gain: -inf
[LightGBM] [Warning] No further splits with positive gain, best gain: -inf
[LightGBM] [Warning] No further splits with positive gain, best gain: -inf
[LightGBM] [Warning] No further splits with positive gain, best gain: -inf
[LightGBM] [Warning] No further splits with positive gain, best gain: -inf
[LightGBM] [Warning] No further splits with positive gain, best gain: -inf
[LightGBM] [Info] Using self-defined objective function
[LightGBM] [Warning] No further splits with positive gain, best gain: -inf
[LightGBM] [Warning] No further splits with positive gain, best gain: -inf
[LightGBM] [Info] Using self-defined objective function
[LightGBM] [Warning] No further splits with positive gain, best gain: -inf
[LightGBM] [Warning] No further splits with positive gain, best gain: -inf
[LightGBM] [Warning] No further splits with positive gain, best gain: -inf
[LightGBM] [Warning] No further splits with positive gain, best gain: -inf
[LightGBM] [Warning] No further splits with positive gain, best gain: -inf
[LightGBM] [Warning] No further splits with positive gain, best gain: -inf
[LightGBM] [Warning] No further splits with positive gain, best gain: -inf
[LightGBM] [Warning] No further splits with positive gain, best gain: -inf
[LightGBM] [Warning] No further splits with positive gain, best gain: -inf
[LightGBM] [Warning] No further splits with positive gain, best gain: -inf
[LightGBM] [Warning] No further splits with positive gain, best gain: -inf
[LightGBM] [Warning] No further splits with positive gain, best gain: -inf
[LightGBM] [Warning] No further splits with positive gain, best gain: -inf
[LightGBM] [Warning] No further splits with positive gain, best gain: -inf
[LightGBM] [Warning] No further splits with positive gain, best gain: -inf
[LightGBM] [Warning] No further splits with positive gain, best gain: -inf
[LightGBM] [Info] Using self-defined objective function
[LightGBM] [Warning] No further splits with positive gain, best gain: -inf
[LightGBM] [Warning] No further splits with positive gain, best gain: -inf
[LightGBM] [Warning] No further splits with positive gain, best gain: -inf
[LightGBM] [Warning] No further splits with positive gain, best gain: -inf
[LightGBM] [Warning] No further splits with positive gain, best gain: -inf
[LightGBM] [Warning] No further splits with positive gain, best gain: -inf
[LightGBM] [Warning] No further splits with positive gain, best gain: -inf
[LightGBM] [Warning] No further splits with positive gain, best gain: -inf
[LightGBM] [Warning] No further splits with positive gain, best gain: -inf
[LightGBM] [Warning] No further splits with positive gain, best gain: -inf
[LightGBM] [Info] Using self-defined objective function
[LightGBM] [Warning] No further splits with positive gain, best gain: -inf
[LightGBM] [Warning] No further splits with positive gain, best gain: -inf
[LightGBM] [Warning] No further splits with positive gain, best gain: -inf
[LightGBM] [Warning] No further splits with positive gain, best gain: -inf
[LightGBM] [Warning] No further splits with positive gain, best gain: -inf
[LightGBM] [Warning] No further splits with positive gain, best gain: -inf
[LightGBM] [Warning] No further splits with positive gain, best gain: -inf
[LightGBM] [Warning] No further splits with positive gain, best gain: -inf
[LightGBM] [Warning] No further splits with positive gain, best gain: -inf
[LightGBM] [Warning] No further splits with positive gain, best gain: -inf
[LightGBM] [Warning] No further splits with positive gain, best gain: -inf
[LightGBM] [Warning] No further splits with positive gain, best gain: -inf
[LightGBM] [Warning] No further splits with positive gain, best gain: -inf
[LightGBM] [Info] Using self-defined objective function
[LightGBM] [Warning] No further splits with positive gain, best gain: -inf
[LightGBM] [Warning] No further splits with positive gain, best gain: -inf
[LightGBM] [Warning] No further splits with positive gain, best gain: -inf
[LightGBM] [Warning] No further splits with positive gain, best gain: -inf
[LightGBM] [Warning] No further splits with positive gain, best gain: -inf
[LightGBM] [Warning] No further splits with positive gain, best gain: -inf
[LightGBM] [Warning] No further splits with positive gain, best gain: -inf
[LightGBM] [Warning] No further splits with positive gain, best gain: -inf
[LightGBM] [Warning] No further splits with positive gain, best gain: -inf
[LightGBM] [Warning] No further splits with positive gain, best gain: -inf
[LightGBM] [Warning] No further splits with positive gain, best gain: -inf
[LightGBM] [Warning] No further splits with positive gain, best gain: -inf
[LightGBM] [Warning] No further splits with positive gain, best gain: -inf
[LightGBM] [Warning] No further splits with positive gain, best gain: -inf
[LightGBM] [Warning] No further splits with positive gain, best gain: -inf
[LightGBM] [Warning] No further splits with positive gain, best gain: -inf
[LightGBM] [Warning] No further splits with positive gain, best gain: -inf
[LightGBM] [Warning] No further splits with positive gain, best gain: -inf
[LightGBM] [Info] Using self-defined objective function
[LightGBM] [Warning] No further splits with positive gain, best gain: -inf
[LightGBM] [Warning] No further splits with positive gain, best gain: -inf
[LightGBM] [Warning] No further splits with positive gain, best gain: -inf
[LightGBM] [Warning] No further splits with positive gain, best gain: -inf
[LightGBM] [Warning] No further splits with positive gain, best gain: -inf
[LightGBM] [Warning] No further splits with positive gain, best gain: -inf
[LightGBM] [Warning] No further splits with positive gain, best gain: -inf
[LightGBM] [Warning] No further splits with positive gain, best gain: -inf
[LightGBM] [Warning] No further splits with positive gain, best gain: -inf
[LightGBM] [Warning] No further splits with positive gain, best gain: -inf
[LightGBM] [Warning] No further splits with positive gain, best gain: -inf
[LightGBM] [Info] Using self-defined objective function
[LightGBM] [Warning] No further splits with positive gain, best gain: -inf
[LightGBM] [Warning] No further splits with positive gain, best gain: -inf
[LightGBM] [Warning] No further splits with positive gain, best gain: -inf
[LightGBM] [Warning] No further splits with positive gain, best gain: -inf
[LightGBM] [Warning] No further splits with positive gain, best gain: -inf
[LightGBM] [Warning] No further splits with positive gain, best gain: -inf
[LightGBM] [Warning] No further splits with positive gain, best gain: -inf
[LightGBM] [Warning] No further splits with positive gain, best gain: -inf
[LightGBM] [Warning] No further splits with positive gain, best gain: -inf
[LightGBM] [Warning] No further splits with positive gain, best gain: -inf
[LightGBM] [Warning] No further splits with positive gain, best gain: -inf
[LightGBM] [Warning] No further splits with positive gain, best gain: -inf
[LightGBM] [Warning] No further splits with positive gain, best gain: -inf
[LightGBM] [Warning] No further splits with positive gain, best gain: -inf
[LightGBM] [Warning] No further splits with positive gain, best gain: -inf
[LightGBM] [Warning] No further splits with positive gain, best gain: -inf
[LightGBM] [Warning] No further splits with positive gain, best gain: -inf
[LightGBM] [Warning] No further splits with positive gain, best gain: -inf
[LightGBM] [Warning] No further splits with positive gain, best gain: -inf
[LightGBM] [Warning] No further splits with positive gain, best gain: -inf
[LightGBM] [Warning] No further splits with positive gain, best gain: -inf
2025-12-29 01:23:28,694 - src.training.steps.labeling.label_geometry_selection - INFO - ℹ️ Gate rejected: survival=29.41%, uniq=0.26, reasons=['Low Learnability (AUC Lift 0.001)']
[LightGBM] [Info] Using self-defined objective function
[LightGBM] [Warning] No further splits with positive gain, best gain: -inf
[LightGBM] [Warning] No further splits with positive gain, best gain: -inf
[LightGBM] [Info] Using self-defined objective function
[LightGBM] [Warning] No further splits with positive gain, best gain: -inf
[LightGBM] [Warning] No further splits with positive gain, best gain: -inf
[LightGBM] [Warning] No further splits with positive gain, best gain: -inf
[LightGBM] [Warning] No further splits with positive gain, best gain: -inf
[LightGBM] [Warning] No further splits with positive gain, best gain: -inf
[LightGBM] [Warning] No further splits with positive gain, best gain: -inf
[LightGBM] [Warning] No further splits with positive gain, best gain: -inf
[LightGBM] [Warning] No further splits with positive gain, best gain: -inf
[LightGBM] [Warning] No further splits with positive gain, best gain: -inf
[LightGBM] [Warning] No further splits with positive gain, best gain: -inf
[LightGBM] [Warning] No further splits with positive gain, best gain: -inf
[LightGBM] [Warning] No further splits with positive gain, best gain: -inf
[LightGBM] [Warning] No further splits with positive gain, best gain: -inf
[LightGBM] [Warning] No further splits with positive gain, best gain: -inf
[LightGBM] [Warning] No further splits with positive gain, best gain: -inf
[LightGBM] [Warning] No further splits with positive gain, best gain: -inf
[LightGBM] [Warning] No further splits with positive gain, best gain: -inf
[LightGBM] [Warning] No further splits with positive gain, best gain: -inf
[LightGBM] [Warning] No further splits with positive gain, best gain: -inf
[LightGBM] [Info] Using self-defined objective function
[LightGBM] [Warning] No further splits with positive gain, best gain: -inf
[LightGBM] [Warning] No further splits with positive gain, best gain: -inf
[LightGBM] [Warning] No further splits with positive gain, best gain: -inf
[LightGBM] [Warning] No further splits with positive gain, best gain: -inf
[LightGBM] [Warning] No further splits with positive gain, best gain: -inf
[LightGBM] [Warning] No further splits with positive gain, best gain: -inf
[LightGBM] [Warning] No further splits with positive gain, best gain: -inf
[LightGBM] [Warning] No further splits with positive gain, best gain: -inf
[LightGBM] [Warning] No further splits with positive gain, best gain: -inf
[LightGBM] [Warning] No further splits with positive gain, best gain: -inf
[LightGBM] [Info] Using self-defined objective function
[LightGBM] [Warning] No further splits with positive gain, best gain: -inf
[LightGBM] [Warning] No further splits with positive gain, best gain: -inf
[LightGBM] [Warning] No further splits with positive gain, best gain: -inf
[LightGBM] [Warning] No further splits with positive gain, best gain: -inf
[LightGBM] [Warning] No further splits with positive gain, best gain: -inf
[LightGBM] [Warning] No further splits with positive gain, best gain: -inf
[LightGBM] [Warning] No further splits with positive gain, best gain: -inf
[LightGBM] [Warning] No further splits with positive gain, best gain: -inf
[LightGBM] [Warning] No further splits with positive gain, best gain: -inf
[LightGBM] [Warning] No further splits with positive gain, best gain: -inf
[LightGBM] [Warning] No further splits with positive gain, best gain: -inf
[LightGBM] [Warning] No further splits with positive gain, best gain: -inf
[LightGBM] [Warning] No further splits with positive gain, best gain: -inf
[LightGBM] [Info] Using self-defined objective function
[LightGBM] [Warning] No further splits with positive gain, best gain: -inf
[LightGBM] [Warning] No further splits with positive gain, best gain: -inf
[LightGBM] [Warning] No further splits with positive gain, best gain: -inf
[LightGBM] [Warning] No further splits with positive gain, best gain: -inf
[LightGBM] [Warning] No further splits with positive gain, best gain: -inf
[LightGBM] [Warning] No further splits with positive gain, best gain: -inf
[LightGBM] [Info] Using self-defined objective function
[LightGBM] [Warning] No further splits with positive gain, best gain: -inf
[LightGBM] [Warning] No further splits with positive gain, best gain: -inf
[LightGBM] [Warning] No further splits with positive gain, best gain: -inf
[LightGBM] [Warning] No further splits with positive gain, best gain: -inf
[LightGBM] [Warning] No further splits with positive gain, best gain: -inf
[LightGBM] [Warning] No further splits with positive gain, best gain: -inf
[LightGBM] [Warning] No further splits with positive gain, best gain: -inf
[LightGBM] [Warning] No further splits with positive gain, best gain: -inf
[LightGBM] [Warning] No further splits with positive gain, best gain: -inf
[LightGBM] [Warning] No further splits with positive gain, best gain: -inf
[LightGBM] [Warning] No further splits with positive gain, best gain: -inf
[LightGBM] [Warning] No further splits with positive gain, best gain: -inf
[LightGBM] [Warning] No further splits with positive gain, best gain: -inf
[LightGBM] [Warning] No further splits with positive gain, best gain: -inf
[LightGBM] [Warning] No further splits with positive gain, best gain: -inf
[LightGBM] [Info] Using self-defined objective function
[LightGBM] [Warning] No further splits with positive gain, best gain: -inf
[LightGBM] [Warning] No further splits with positive gain, best gain: -inf
[LightGBM] [Warning] No further splits with positive gain, best gain: -inf
[LightGBM] [Warning] No further splits with positive gain, best gain: -inf
[LightGBM] [Warning] No further splits with positive gain, best gain: -inf
[LightGBM] [Warning] No further splits with positive gain, best gain: -inf
[LightGBM] [Warning] No further splits with positive gain, best gain: -inf
[LightGBM] [Warning] No further splits with positive gain, best gain: -inf
[LightGBM] [Warning] No further splits with positive gain, best gain: -inf
[LightGBM] [Warning] No further splits with positive gain, best gain: -inf
[LightGBM] [Warning] No further splits with positive gain, best gain: -inf
[LightGBM] [Warning] No further splits with positive gain, best gain: -inf
[LightGBM] [Warning] No further splits with positive gain, best gain: -inf
[LightGBM] [Warning] No further splits with positive gain, best gain: -inf
[LightGBM] [Warning] No further splits with positive gain, best gain: -inf
[LightGBM] [Warning] No further splits with positive gain, best gain: -inf
[LightGBM] [Warning] No further splits with positive gain, best gain: -inf
[LightGBM] [Warning] No further splits with positive gain, best gain: -inf
[LightGBM] [Warning] No further splits with positive gain, best gain: -inf
[LightGBM] [Warning] No further splits with positive gain, best gain: -inf
[LightGBM] [Warning] No further splits with positive gain, best gain: -inf
[LightGBM] [Warning] No further splits with positive gain, best gain: -inf
[LightGBM] [Warning] No further splits with positive gain, best gain: -inf
[LightGBM] [Info] Using self-defined objective function
[LightGBM] [Warning] No further splits with positive gain, best gain: -inf
[LightGBM] [Warning] No further splits with positive gain, best gain: -inf
[LightGBM] [Warning] No further splits with positive gain, best gain: -inf
[LightGBM] [Warning] No further splits with positive gain, best gain: -inf
[LightGBM] [Warning] No further splits with positive gain, best gain: -inf
[LightGBM] [Warning] No further splits with positive gain, best gain: -inf
[LightGBM] [Warning] No further splits with positive gain, best gain: -inf
[LightGBM] [Warning] No further splits with positive gain, best gain: -inf
[LightGBM] [Warning] No further splits with positive gain, best gain: -inf
[LightGBM] [Warning] No further splits with positive gain, best gain: -inf
[LightGBM] [Warning] No further splits with positive gain, best gain: -inf
[LightGBM] [Warning] No further splits with positive gain, best gain: -inf
[LightGBM] [Info] Using self-defined objective function
[LightGBM] [Warning] No further splits with positive gain, best gain: -inf
[LightGBM] [Warning] No further splits with positive gain, best gain: -inf
[LightGBM] [Warning] No further splits with positive gain, best gain: -inf
[LightGBM] [Warning] No further splits with positive gain, best gain: -inf
2025-12-29 01:23:29,361 - src.training.steps.labeling.label_geometry_selection - INFO - ℹ️ Gate rejected: survival=29.51%, uniq=0.24, reasons=['Low Learnability (AUC Lift 0.004)', 'Low Precision Lift (-0.002)']
[LightGBM] [Info] Using self-defined objective function
[LightGBM] [Warning] No further splits with positive gain, best gain: -inf
[LightGBM] [Warning] No further splits with positive gain, best gain: -inf
[LightGBM] [Warning] No further splits with positive gain, best gain: -inf
[LightGBM] [Warning] No further splits with positive gain, best gain: -inf
[LightGBM] [Warning] No further splits with positive gain, best gain: -inf
[LightGBM] [Warning] No further splits with positive gain, best gain: -inf
[LightGBM] [Info] Using self-defined objective function
[LightGBM] [Warning] No further splits with positive gain, best gain: -inf
[LightGBM] [Warning] No further splits with positive gain, best gain: -inf
[LightGBM] [Warning] No further splits with positive gain, best gain: -inf
[LightGBM] [Warning] No further splits with positive gain, best gain: -inf
[LightGBM] [Warning] No further splits with positive gain, best gain: -inf
[LightGBM] [Warning] No further splits with positive gain, best gain: -inf
[LightGBM] [Warning] No further splits with positive gain, best gain: -inf
[LightGBM] [Warning] No further splits with positive gain, best gain: -inf
[LightGBM] [Warning] No further splits with positive gain, best gain: -inf
[LightGBM] [Warning] No further splits with positive gain, best gain: -inf
[LightGBM] [Info] Using self-defined objective function
[LightGBM] [Warning] No further splits with positive gain, best gain: -inf
[LightGBM] [Warning] No further splits with positive gain, best gain: -inf
[LightGBM] [Warning] No further splits with positive gain, best gain: -inf
[LightGBM] [Warning] No further splits with positive gain, best gain: -inf
[LightGBM] [Warning] No further splits with positive gain, best gain: -inf
[LightGBM] [Warning] No further splits with positive gain, best gain: -inf
[LightGBM] [Warning] No further splits with positive gain, best gain: -inf
[LightGBM] [Warning] No further splits with positive gain, best gain: -inf
[LightGBM] [Warning] No further splits with positive gain, best gain: -inf
[LightGBM] [Warning] No further splits with positive gain, best gain: -inf
[LightGBM] [Warning] No further splits with positive gain, best gain: -inf
[LightGBM] [Warning] No further splits with positive gain, best gain: -inf
[LightGBM] [Warning] No further splits with positive gain, best gain: -inf
[LightGBM] [Warning] No further splits with positive gain, best gain: -inf
[LightGBM] [Info] Using self-defined objective function
[LightGBM] [Warning] No further splits with positive gain, best gain: -inf
[LightGBM] [Warning] No further splits with positive gain, best gain: -inf
[LightGBM] [Warning] No further splits with positive gain, best gain: -inf
[LightGBM] [Warning] No further splits with positive gain, best gain: -inf
[LightGBM] [Warning] No further splits with positive gain, best gain: -inf
[LightGBM] [Warning] No further splits with positive gain, best gain: -inf
[LightGBM] [Warning] No further splits with positive gain, best gain: -inf
[LightGBM] [Warning] No further splits with positive gain, best gain: -inf
[LightGBM] [Warning] No further splits with positive gain, best gain: -inf
[LightGBM] [Warning] No further splits with positive gain, best gain: -inf
[LightGBM] [Warning] No further splits with positive gain, best gain: -inf
[LightGBM] [Warning] No further splits with positive gain, best gain: -inf
[LightGBM] [Warning] No further splits with positive gain, best gain: -inf
[LightGBM] [Warning] No further splits with positive gain, best gain: -inf
[LightGBM] [Warning] No further splits with positive gain, best gain: -inf
[LightGBM] [Warning] No further splits with positive gain, best gain: -inf
[LightGBM] [Info] Using self-defined objective function
[LightGBM] [Warning] No further splits with positive gain, best gain: -inf
[LightGBM] [Warning] No further splits with positive gain, best gain: -inf
[LightGBM] [Warning] No further splits with positive gain, best gain: -inf
[LightGBM] [Warning] No further splits with positive gain, best gain: -inf
[LightGBM] [Warning] No further splits with positive gain, best gain: -inf
[LightGBM] [Warning] No further splits with positive gain, best gain: -inf
[LightGBM] [Warning] No further splits with positive gain, best gain: -inf
[LightGBM] [Info] Using self-defined objective function
[LightGBM] [Warning] No further splits with positive gain, best gain: -inf
[LightGBM] [Warning] No further splits with positive gain, best gain: -inf
[LightGBM] [Warning] No further splits with positive gain, best gain: -inf
[LightGBM] [Warning] No further splits with positive gain, best gain: -inf
[LightGBM] [Warning] No further splits with positive gain, best gain: -inf
[LightGBM] [Warning] No further splits with positive gain, best gain: -inf
[LightGBM] [Warning] No further splits with positive gain, best gain: -inf
[LightGBM] [Warning] No further splits with positive gain, best gain: -inf
[LightGBM] [Warning] No further splits with positive gain, best gain: -inf
[LightGBM] [Warning] No further splits with positive gain, best gain: -inf
[LightGBM] [Warning] No further splits with positive gain, best gain: -inf
[LightGBM] [Warning] No further splits with positive gain, best gain: -inf
[LightGBM] [Warning] No further splits with positive gain, best gain: -inf
[LightGBM] [Info] Using self-defined objective function
[LightGBM] [Warning] No further splits with positive gain, best gain: -inf
[LightGBM] [Warning] No further splits with positive gain, best gain: -inf
[LightGBM] [Warning] No further splits with positive gain, best gain: -inf
[LightGBM] [Warning] No further splits with positive gain, best gain: -inf
[LightGBM] [Warning] No further splits with positive gain, best gain: -inf
[LightGBM] [Warning] No further splits with positive gain, best gain: -inf
[LightGBM] [Warning] No further splits with positive gain, best gain: -inf
[LightGBM] [Warning] No further splits with positive gain, best gain: -inf
[LightGBM] [Warning] No further splits with positive gain, best gain: -inf
[LightGBM] [Warning] No further splits with positive gain, best gain: -inf
[LightGBM] [Warning] No further splits with positive gain, best gain: -inf
[LightGBM] [Warning] No further splits with positive gain, best gain: -inf
2025-12-29 01:23:29,857 - src.training.steps.labeling.label_geometry_selection - INFO - ℹ️ Gate rejected: survival=32.10%, uniq=0.23, reasons=['Low Learnability (AUC Lift 0.003)', 'Low Precision Lift (-0.004)']
[LightGBM] [Info] Using self-defined objective function
[LightGBM] [Warning] No further splits with positive gain, best gain: -inf
[LightGBM] [Warning] No further splits with positive gain, best gain: -inf
[LightGBM] [Warning] No further splits with positive gain, best gain: -inf
[LightGBM] [Warning] No further splits with positive gain, best gain: -inf
[LightGBM] [Warning] No further splits with positive gain, best gain: -inf
[LightGBM] [Warning] No further splits with positive gain, best gain: -inf
[LightGBM] [Warning] No further splits with positive gain, best gain: -inf
[LightGBM] [Warning] No further splits with positive gain, best gain: -inf
[LightGBM] [Warning] No further splits with positive gain, best gain: -inf
[LightGBM] [Warning] No further splits with positive gain, best gain: -inf
[LightGBM] [Warning] No further splits with positive gain, best gain: -inf
[LightGBM] [Warning] No further splits with positive gain, best gain: -inf
[LightGBM] [Warning] No further splits with positive gain, best gain: -inf
[LightGBM] [Warning] No further splits with positive gain, best gain: -inf
[LightGBM] [Warning] No further splits with positive gain, best gain: -inf
[LightGBM] [Warning] No further splits with positive gain, best gain: -inf
[LightGBM] [Warning] No further splits with positive gain, best gain: -inf
[LightGBM] [Warning] No further splits with positive gain, best gain: -inf
[LightGBM] [Info] Using self-defined objective function
[LightGBM] [Warning] No further splits with positive gain, best gain: -inf
[LightGBM] [Warning] No further splits with positive gain, best gain: -inf
[LightGBM] [Warning] No further splits with positive gain, best gain: -inf
[LightGBM] [Warning] No further splits with positive gain, best gain: -inf
[LightGBM] [Warning] No further splits with positive gain, best gain: -inf
[LightGBM] [Warning] No further splits with positive gain, best gain: -inf
[LightGBM] [Warning] No further splits with positive gain, best gain: -inf
[LightGBM] [Warning] No further splits with positive gain, best gain: -inf
[LightGBM] [Warning] No further splits with positive gain, best gain: -inf
[LightGBM] [Warning] No further splits with positive gain, best gain: -inf
[LightGBM] [Warning] No further splits with positive gain, best gain: -inf
[LightGBM] [Warning] No further splits with positive gain, best gain: -inf
[LightGBM] [Warning] No further splits with positive gain, best gain: -inf
[LightGBM] [Warning] No further splits with positive gain, best gain: -inf
[LightGBM] [Warning] No further splits with positive gain, best gain: -inf
[LightGBM] [Warning] No further splits with positive gain, best gain: -inf
[LightGBM] [Warning] No further splits with positive gain, best gain: -inf
[LightGBM] [Warning] No further splits with positive gain, best gain: -inf
[LightGBM] [Warning] No further splits with positive gain, best gain: -inf
[LightGBM] [Warning] No further splits with positive gain, best gain: -inf
[LightGBM] [Warning] No further splits with positive gain, best gain: -inf
[LightGBM] [Warning] No further splits with positive gain, best gain: -inf
[LightGBM] [Warning] No further splits with positive gain, best gain: -inf
[LightGBM] [Warning] No further splits with positive gain, best gain: -inf
[LightGBM] [Warning] No further splits with positive gain, best gain: -inf
[LightGBM] [Warning] No further splits with positive gain, best gain: -inf
[LightGBM] [Warning] No further splits with positive gain, best gain: -inf
[LightGBM] [Warning] No further splits with positive gain, best gain: -inf
[LightGBM] [Warning] No further splits with positive gain, best gain: -inf
[LightGBM] [Warning] No further splits with positive gain, best gain: -inf
[LightGBM] [Warning] No further splits with positive gain, best gain: -inf
[LightGBM] [Warning] No further splits with positive gain, best gain: -inf
[LightGBM] [Warning] No further splits with positive gain, best gain: -inf
[LightGBM] [Warning] No further splits with positive gain, best gain: -inf
[LightGBM] [Warning] No further splits with positive gain, best gain: -inf
[LightGBM] [Warning] No further splits with positive gain, best gain: -inf
[LightGBM] [Warning] No further splits with positive gain, best gain: -inf
[LightGBM] [Warning] No further splits with positive gain, best gain: -inf
[LightGBM] [Warning] No further splits with positive gain, best gain: -inf
[LightGBM] [Warning] No further splits with positive gain, best gain: -inf
[LightGBM] [Warning] No further splits with positive gain, best gain: -inf
[LightGBM] [Warning] No further splits with positive gain, best gain: -inf
[LightGBM] [Warning] No further splits with positive gain, best gain: -inf
[LightGBM] [Warning] No further splits with positive gain, best gain: -inf
[LightGBM] [Warning] No further splits with positive gain, best gain: -inf
[LightGBM] [Warning] No further splits with positive gain, best gain: -inf
[LightGBM] [Info] Using self-defined objective function
[LightGBM] [Warning] No further splits with positive gain, best gain: -inf
[LightGBM] [Warning] No further splits with positive gain, best gain: -inf
[LightGBM] [Warning] No further splits with positive gain, best gain: -inf
[LightGBM] [Warning] No further splits with positive gain, best gain: -inf
[LightGBM] [Warning] No further splits with positive gain, best gain: -inf
[LightGBM] [Warning] No further splits with positive gain, best gain: -inf
[LightGBM] [Warning] No further splits with positive gain, best gain: -inf
[LightGBM] [Warning] No further splits with positive gain, best gain: -inf
[LightGBM] [Info] Using self-defined objective function
[LightGBM] [Warning] No further splits with positive gain, best gain: -inf
[LightGBM] [Warning] No further splits with positive gain, best gain: -inf
[LightGBM] [Warning] No further splits with positive gain, best gain: -inf
[LightGBM] [Warning] No further splits with positive gain, best gain: -inf
[LightGBM] [Warning] No further splits with positive gain, best gain: -inf
[LightGBM] [Warning] No further splits with positive gain, best gain: -inf
[LightGBM] [Warning] No further splits with positive gain, best gain: -inf
[LightGBM] [Warning] No further splits with positive gain, best gain: -inf
[LightGBM] [Warning] No further splits with positive gain, best gain: -inf
[LightGBM] [Warning] No further splits with positive gain, best gain: -inf
[LightGBM] [Warning] No further splits with positive gain, best gain: -inf
[LightGBM] [Warning] No further splits with positive gain, best gain: -inf
[LightGBM] [Warning] No further splits with positive gain, best gain: -inf
[LightGBM] [Warning] No further splits with positive gain, best gain: -inf
[LightGBM] [Info] Using self-defined objective function
[LightGBM] [Warning] No further splits with positive gain, best gain: -inf
[LightGBM] [Warning] No further splits with positive gain, best gain: -inf
[LightGBM] [Warning] No further splits with positive gain, best gain: -inf
[LightGBM] [Warning] No further splits with positive gain, best gain: -inf
[LightGBM] [Warning] No further splits with positive gain, best gain: -inf
[LightGBM] [Warning] No further splits with positive gain, best gain: -inf
[LightGBM] [Warning] No further splits with positive gain, best gain: -inf
[LightGBM] [Warning] No further splits with positive gain, best gain: -inf
[LightGBM] [Warning] No further splits with positive gain, best gain: -inf
[LightGBM] [Warning] No further splits with positive gain, best gain: -inf
[LightGBM] [Warning] No further splits with positive gain, best gain: -inf
[LightGBM] [Warning] No further splits with positive gain, best gain: -inf
[LightGBM] [Warning] No further splits with positive gain, best gain: -inf
[LightGBM] [Warning] No further splits with positive gain, best gain: -inf
[LightGBM] [Warning] No further splits with positive gain, best gain: -inf
[LightGBM] [Warning] No further splits with positive gain, best gain: -inf
[LightGBM] [Warning] No further splits with positive gain, best gain: -inf
[LightGBM] [Warning] No further splits with positive gain, best gain: -inf
[LightGBM] [Warning] No further splits with positive gain, best gain: -inf
[LightGBM] [Warning] No further splits with positive gain, best gain: -inf
[LightGBM] [Warning] No further splits with positive gain, best gain: -inf
[LightGBM] [Info] Using self-defined objective function
[LightGBM] [Warning] No further splits with positive gain, best gain: -inf
[LightGBM] [Warning] No further splits with positive gain, best gain: -inf
[LightGBM] [Warning] No further splits with positive gain, best gain: -inf
[LightGBM] [Warning] No further splits with positive gain, best gain: -inf
[LightGBM] [Warning] No further splits with positive gain, best gain: -inf
[LightGBM] [Warning] No further splits with positive gain, best gain: -inf
[LightGBM] [Warning] No further splits with positive gain, best gain: -inf
[LightGBM] [Warning] No further splits with positive gain, best gain: -inf
[LightGBM] [Warning] No further splits with positive gain, best gain: -inf
[LightGBM] [Warning] No further splits with positive gain, best gain: -inf
[LightGBM] [Warning] No further splits with positive gain, best gain: -inf
[LightGBM] [Info] Using self-defined objective function
[LightGBM] [Warning] No further splits with positive gain, best gain: -inf
[LightGBM] [Warning] No further splits with positive gain, best gain: -inf
[LightGBM] [Warning] No further splits with positive gain, best gain: -inf
[LightGBM] [Warning] No further splits with positive gain, best gain: -inf
[LightGBM] [Warning] No further splits with positive gain, best gain: -inf
[LightGBM] [Warning] No further splits with positive gain, best gain: -inf
[LightGBM] [Warning] No further splits with positive gain, best gain: -inf
[LightGBM] [Warning] No further splits with positive gain, best gain: -inf
[LightGBM] [Warning] No further splits with positive gain, best gain: -inf
[LightGBM] [Warning] No further splits with positive gain, best gain: -inf
[LightGBM] [Warning] No further splits with positive gain, best gain: -inf
[LightGBM] [Warning] No further splits with positive gain, best gain: -inf
[LightGBM] [Warning] No further splits with positive gain, best gain: -inf
[LightGBM] [Warning] No further splits with positive gain, best gain: -inf
[LightGBM] [Warning] No further splits with positive gain, best gain: -inf
[LightGBM] [Warning] No further splits with positive gain, best gain: -inf
[LightGBM] [Warning] No further splits with positive gain, best gain: -inf
[LightGBM] [Warning] No further splits with positive gain, best gain: -inf
[LightGBM] [Info] Using self-defined objective function
[LightGBM] [Warning] No further splits with positive gain, best gain: -inf
[LightGBM] [Warning] No further splits with positive gain, best gain: -inf
[LightGBM] [Warning] No further splits with positive gain, best gain: -inf
[LightGBM] [Warning] No further splits with positive gain, best gain: -inf
[LightGBM] [Warning] No further splits with positive gain, best gain: -inf
[LightGBM] [Warning] No further splits with positive gain, best gain: -inf
[LightGBM] [Warning] No further splits with positive gain, best gain: -inf
[LightGBM] [Warning] No further splits with positive gain, best gain: -inf
[LightGBM] [Warning] No further splits with positive gain, best gain: -inf
[LightGBM] [Warning] No further splits with positive gain, best gain: -inf
[LightGBM] [Warning] No further splits with positive gain, best gain: -inf
[LightGBM] [Warning] No further splits with positive gain, best gain: -inf
[LightGBM] [Warning] No further splits with positive gain, best gain: -inf
[LightGBM] [Warning] No further splits with positive gain, best gain: -inf
[LightGBM] [Warning] No further splits with positive gain, best gain: -inf
[LightGBM] [Warning] No further splits with positive gain, best gain: -inf
[LightGBM] [Info] Using self-defined objective function
[LightGBM] [Warning] No further splits with positive gain, best gain: -inf
[LightGBM] [Warning] No further splits with positive gain, best gain: -inf
[LightGBM] [Warning] No further splits with positive gain, best gain: -inf
[LightGBM] [Warning] No further splits with positive gain, best gain: -inf
[LightGBM] [Warning] No further splits with positive gain, best gain: -inf
[LightGBM] [Warning] No further splits with positive gain, best gain: -inf
[LightGBM] [Warning] No further splits with positive gain, best gain: -inf
[LightGBM] [Warning] No further splits with positive gain, best gain: -inf
[LightGBM] [Warning] No further splits with positive gain, best gain: -inf
[LightGBM] [Warning] No further splits with positive gain, best gain: -inf
[LightGBM] [Warning] No further splits with positive gain, best gain: -inf
[LightGBM] [Warning] No further splits with positive gain, best gain: -inf
[LightGBM] [Warning] No further splits with positive gain, best gain: -inf
[LightGBM] [Warning] No further splits with positive gain, best gain: -inf
[LightGBM] [Info] Using self-defined objective function
[LightGBM] [Warning] No further splits with positive gain, best gain: -inf
[LightGBM] [Warning] No further splits with positive gain, best gain: -inf
[LightGBM] [Warning] No further splits with positive gain, best gain: -inf
[LightGBM] [Warning] No further splits with positive gain, best gain: -inf
[LightGBM] [Warning] No further splits with positive gain, best gain: -inf
[LightGBM] [Warning] No further splits with positive gain, best gain: -inf
[LightGBM] [Warning] No further splits with positive gain, best gain: -inf
[LightGBM] [Warning] No further splits with positive gain, best gain: -inf
[LightGBM] [Warning] No further splits with positive gain, best gain: -inf
[LightGBM] [Warning] No further splits with positive gain, best gain: -inf
[LightGBM] [Warning] No further splits with positive gain, best gain: -inf
[LightGBM] [Info] Using self-defined objective function
[LightGBM] [Warning] No further splits with positive gain, best gain: -inf
[LightGBM] [Warning] No further splits with positive gain, best gain: -inf
[LightGBM] [Warning] No further splits with positive gain, best gain: -inf
[LightGBM] [Warning] No further splits with positive gain, best gain: -inf
[LightGBM] [Warning] No further splits with positive gain, best gain: -inf
[LightGBM] [Warning] No further splits with positive gain, best gain: -inf
[LightGBM] [Warning] No further splits with positive gain, best gain: -inf
[LightGBM] [Warning] No further splits with positive gain, best gain: -inf
[LightGBM] [Warning] No further splits with positive gain, best gain: -inf
[LightGBM] [Warning] No further splits with positive gain, best gain: -inf
[LightGBM] [Warning] No further splits with positive gain, best gain: -inf
[LightGBM] [Warning] No further splits with positive gain, best gain: -inf
[LightGBM] [Warning] No further splits with positive gain, best gain: -inf
[LightGBM] [Warning] No further splits with positive gain, best gain: -inf
[LightGBM] [Warning] No further splits with positive gain, best gain: -inf
[LightGBM] [Info] Using self-defined objective function
[LightGBM] [Warning] No further splits with positive gain, best gain: -inf
[LightGBM] [Warning] No further splits with positive gain, best gain: -inf
[LightGBM] [Warning] No further splits with positive gain, best gain: -inf
[LightGBM] [Warning] No further splits with positive gain, best gain: -inf
[LightGBM] [Warning] No further splits with positive gain, best gain: -inf
[LightGBM] [Warning] No further splits with positive gain, best gain: -inf
[LightGBM] [Warning] No further splits with positive gain, best gain: -inf
[LightGBM] [Warning] No further splits with positive gain, best gain: -inf
[LightGBM] [Warning] No further splits with positive gain, best gain: -inf
[LightGBM] [Warning] No further splits with positive gain, best gain: -inf
[LightGBM] [Warning] No further splits with positive gain, best gain: -inf
2025-12-29 01:23:30,942 - src.training.steps.labeling.label_geometry_selection - INFO - ℹ️ Gate rejected: survival=28.88%, uniq=0.26, reasons=['Low Precision Lift (-0.001)']
[LightGBM] [Info] Using self-defined objective function
[LightGBM] [Warning] No further splits with positive gain, best gain: -inf
[LightGBM] [Warning] No further splits with positive gain, best gain: -inf
[LightGBM] [Warning] No further splits with positive gain, best gain: -inf
[LightGBM] [Warning] No further splits with positive gain, best gain: -inf
[LightGBM] [Info] Using self-defined objective function
[LightGBM] [Warning] No further splits with positive gain, best gain: -inf
[LightGBM] [Warning] No further splits with positive gain, best gain: -inf
[LightGBM] [Warning] No further splits with positive gain, best gain: -inf
[LightGBM] [Warning] No further splits with positive gain, best gain: -inf
[LightGBM] [Warning] No further splits with positive gain, best gain: -inf
[LightGBM] [Warning] No further splits with positive gain, best gain: -inf
[LightGBM] [Warning] No further splits with positive gain, best gain: -inf
[LightGBM] [Warning] No further splits with positive gain, best gain: -inf
[LightGBM] [Warning] No further splits with positive gain, best gain: -inf
[LightGBM] [Info] Using self-defined objective function
[LightGBM] [Warning] No further splits with positive gain, best gain: -inf
[LightGBM] [Warning] No further splits with positive gain, best gain: -inf
[LightGBM] [Warning] No further splits with positive gain, best gain: -inf
[LightGBM] [Warning] No further splits with positive gain, best gain: -inf
[LightGBM] [Warning] No further splits with positive gain, best gain: -inf
[LightGBM] [Warning] No further splits with positive gain, best gain: -inf
[LightGBM] [Warning] No further splits with positive gain, best gain: -inf
[LightGBM] [Warning] No further splits with positive gain, best gain: -inf
[LightGBM] [Warning] No further splits with positive gain, best gain: -inf
[LightGBM] [Warning] No further splits with positive gain, best gain: -inf
[LightGBM] [Warning] No further splits with positive gain, best gain: -inf
[LightGBM] [Warning] No further splits with positive gain, best gain: -inf
[LightGBM] [Info] Using self-defined objective function
[LightGBM] [Warning] No further splits with positive gain, best gain: -inf
[LightGBM] [Warning] No further splits with positive gain, best gain: -inf
[LightGBM] [Warning] No further splits with positive gain, best gain: -inf
[LightGBM] [Warning] No further splits with positive gain, best gain: -inf
[LightGBM] [Warning] No further splits with positive gain, best gain: -inf
[LightGBM] [Warning] No further splits with positive gain, best gain: -inf
[LightGBM] [Warning] No further splits with positive gain, best gain: -inf
[LightGBM] [Warning] No further splits with positive gain, best gain: -inf
[LightGBM] [Warning] No further splits with positive gain, best gain: -inf
[LightGBM] [Warning] No further splits with positive gain, best gain: -inf
[LightGBM] [Warning] No further splits with positive gain, best gain: -inf
[LightGBM] [Warning] No further splits with positive gain, best gain: -inf
[LightGBM] [Warning] No further splits with positive gain, best gain: -inf
[LightGBM] [Warning] No further splits with positive gain, best gain: -inf
[LightGBM] [Warning] No further splits with positive gain, best gain: -inf
[LightGBM] [Warning] No further splits with positive gain, best gain: -inf
[LightGBM] [Warning] No further splits with positive gain, best gain: -inf
[LightGBM] [Warning] No further splits with positive gain, best gain: -inf
[LightGBM] [Warning] No further splits with positive gain, best gain: -inf
[LightGBM] [Warning] No further splits with positive gain, best gain: -inf
[LightGBM] [Warning] No further splits with positive gain, best gain: -inf
[LightGBM] [Info] Using self-defined objective function
[LightGBM] [Warning] No further splits with positive gain, best gain: -inf
[LightGBM] [Warning] No further splits with positive gain, best gain: -inf
[LightGBM] [Warning] No further splits with positive gain, best gain: -inf
[LightGBM] [Warning] No further splits with positive gain, best gain: -inf
[LightGBM] [Warning] No further splits with positive gain, best gain: -inf
[LightGBM] [Warning] No further splits with positive gain, best gain: -inf
[LightGBM] [Warning] No further splits with positive gain, best gain: -inf
[LightGBM] [Warning] No further splits with positive gain, best gain: -inf
[LightGBM] [Warning] No further splits with positive gain, best gain: -inf
[LightGBM] [Warning] No further splits with positive gain, best gain: -inf
[LightGBM] [Warning] No further splits with positive gain, best gain: -inf
[LightGBM] [Warning] No further splits with positive gain, best gain: -inf
[LightGBM] [Warning] No further splits with positive gain, best gain: -inf
[LightGBM] [Warning] No further splits with positive gain, best gain: -inf
[LightGBM] [Warning] No further splits with positive gain, best gain: -inf
[LightGBM] [Warning] No further splits with positive gain, best gain: -inf
[LightGBM] [Warning] No further splits with positive gain, best gain: -inf
2025-12-29 01:23:31,352 - src.training.steps.labeling.label_geometry_selection - INFO - ℹ️ Gate rejected: survival=41.39%, uniq=0.19, reasons=['Low Learnability (AUC Lift 0.002)']
[LightGBM] [Info] Using self-defined objective function
[LightGBM] [Warning] No further splits with positive gain, best gain: -inf
[LightGBM] [Warning] No further splits with positive gain, best gain: -inf
[LightGBM] [Warning] No further splits with positive gain, best gain: -inf
[LightGBM] [Warning] No further splits with positive gain, best gain: -inf
[LightGBM] [Warning] No further splits with positive gain, best gain: -inf
[LightGBM] [Warning] No further splits with positive gain, best gain: -inf
[LightGBM] [Warning] No further splits with positive gain, best gain: -inf
[LightGBM] [Warning] No further splits with positive gain, best gain: -inf
[LightGBM] [Warning] No further splits with positive gain, best gain: -inf
[LightGBM] [Warning] No further splits with positive gain, best gain: -inf
2025-12-29 01:23:31,428 - src.training.steps.labeling.label_geometry_selection - INFO - ℹ️ Gate rejected: survival=44.35%, uniq=0.18, reasons=['Low Learnability (AUC Lift 0.004)']
[LightGBM] [Info] Using self-defined objective function
[LightGBM] [Warning] No further splits with positive gain, best gain: -inf
[LightGBM] [Warning] No further splits with positive gain, best gain: -inf
[LightGBM] [Warning] No further splits with positive gain, best gain: -inf
[LightGBM] [Warning] No further splits with positive gain, best gain: -inf
[LightGBM] [Warning] No further splits with positive gain, best gain: -inf
[LightGBM] [Warning] No further splits with positive gain, best gain: -inf
[LightGBM] [Warning] No further splits with positive gain, best gain: -inf
[LightGBM] [Warning] No further splits with positive gain, best gain: -inf
[LightGBM] [Info] Using self-defined objective function
[LightGBM] [Warning] No further splits with positive gain, best gain: -inf
[LightGBM] [Warning] No further splits with positive gain, best gain: -inf
[LightGBM] [Warning] No further splits with positive gain, best gain: -inf
[LightGBM] [Warning] No further splits with positive gain, best gain: -inf
[LightGBM] [Warning] No further splits with positive gain, best gain: -inf
[LightGBM] [Warning] No further splits with positive gain, best gain: -inf
[LightGBM] [Warning] No further splits with positive gain, best gain: -inf
[LightGBM] [Warning] No further splits with positive gain, best gain: -inf
[LightGBM] [Info] Using self-defined objective function
[LightGBM] [Warning] No further splits with positive gain, best gain: -inf
[LightGBM] [Warning] No further splits with positive gain, best gain: -inf
[LightGBM] [Warning] No further splits with positive gain, best gain: -inf
[LightGBM] [Warning] No further splits with positive gain, best gain: -inf
[LightGBM] [Warning] No further splits with positive gain, best gain: -inf
[LightGBM] [Warning] No further splits with positive gain, best gain: -inf
[LightGBM] [Warning] No further splits with positive gain, best gain: -inf
[LightGBM] [Warning] No further splits with positive gain, best gain: -inf
[LightGBM] [Warning] No further splits with positive gain, best gain: -inf
[LightGBM] [Warning] No further splits with positive gain, best gain: -inf
[LightGBM] [Warning] No further splits with positive gain, best gain: -inf
[LightGBM] [Warning] No further splits with positive gain, best gain: -inf
[LightGBM] [Warning] No further splits with positive gain, best gain: -inf
[LightGBM] [Warning] No further splits with positive gain, best gain: -inf
[LightGBM] [Info] Using self-defined objective function
[LightGBM] [Warning] No further splits with positive gain, best gain: -inf
[LightGBM] [Warning] No further splits with positive gain, best gain: -inf
[LightGBM] [Warning] No further splits with positive gain, best gain: -inf
[LightGBM] [Warning] No further splits with positive gain, best gain: -inf
[LightGBM] [Warning] No further splits with positive gain, best gain: -inf
[LightGBM] [Warning] No further splits with positive gain, best gain: -inf
[LightGBM] [Warning] No further splits with positive gain, best gain: -inf
[LightGBM] [Warning] No further splits with positive gain, best gain: -inf
[LightGBM] [Warning] No further splits with positive gain, best gain: -inf
[LightGBM] [Warning] No further splits with positive gain, best gain: -inf
[LightGBM] [Warning] No further splits with positive gain, best gain: -inf
[LightGBM] [Warning] No further splits with positive gain, best gain: -inf
[LightGBM] [Warning] No further splits with positive gain, best gain: -inf
[LightGBM] [Warning] No further splits with positive gain, best gain: -inf
2025-12-29 01:23:31,717 - src.training.steps.labeling.label_geometry_selection - INFO - ℹ️ Gate rejected: survival=44.61%, uniq=0.18, reasons=['Low Learnability (AUC Lift 0.005)']
[LightGBM] [Info] Using self-defined objective function
[LightGBM] [Warning] No further splits with positive gain, best gain: -inf
[LightGBM] [Warning] No further splits with positive gain, best gain: -inf
[LightGBM] [Warning] No further splits with positive gain, best gain: -inf
[LightGBM] [Warning] No further splits with positive gain, best gain: -inf
[LightGBM] [Warning] No further splits with positive gain, best gain: -inf
[LightGBM] [Warning] No further splits with positive gain, best gain: -inf
[LightGBM] [Info] Using self-defined objective function
[LightGBM] [Warning] No further splits with positive gain, best gain: -inf
[LightGBM] [Warning] No further splits with positive gain, best gain: -inf
[LightGBM] [Warning] No further splits with positive gain, best gain: -inf
[LightGBM] [Warning] No further splits with positive gain, best gain: -inf
[LightGBM] [Warning] No further splits with positive gain, best gain: -inf
[LightGBM] [Warning] No further splits with positive gain, best gain: -inf
[LightGBM] [Warning] No further splits with positive gain, best gain: -inf
[LightGBM] [Warning] No further splits with positive gain, best gain: -inf
[LightGBM] [Warning] No further splits with positive gain, best gain: -inf
[LightGBM] [Warning] No further splits with positive gain, best gain: -inf
[LightGBM] [Warning] No further splits with positive gain, best gain: -inf
[LightGBM] [Warning] No further splits with positive gain, best gain: -inf
[LightGBM] [Warning] No further splits with positive gain, best gain: -inf
[LightGBM] [Warning] No further splits with positive gain, best gain: -inf
[LightGBM] [Warning] No further splits with positive gain, best gain: -inf
[LightGBM] [Warning] No further splits with positive gain, best gain: -inf
[LightGBM] [Warning] No further splits with positive gain, best gain: -inf
[LightGBM] [Warning] No further splits with positive gain, best gain: -inf
2025-12-29 01:23:31,861 - src.training.steps.labeling.label_geometry_selection - INFO - ℹ️ Gate rejected: survival=28.78%, uniq=0.26, reasons=['Low Learnability (AUC Lift 0.008)']
[LightGBM] [Info] Using self-defined objective function
[LightGBM] [Warning] No further splits with positive gain, best gain: -inf
[LightGBM] [Warning] No further splits with positive gain, best gain: -inf
[LightGBM] [Info] Using self-defined objective function
[LightGBM] [Warning] No further splits with positive gain, best gain: -inf
[LightGBM] [Warning] No further splits with positive gain, best gain: -inf
[LightGBM] [Warning] No further splits with positive gain, best gain: -inf
[LightGBM] [Warning] No further splits with positive gain, best gain: -inf
[LightGBM] [Warning] No further splits with positive gain, best gain: -inf
[LightGBM] [Warning] No further splits with positive gain, best gain: -inf
[LightGBM] [Warning] No further splits with positive gain, best gain: -inf
[LightGBM] [Warning] No further splits with positive gain, best gain: -inf
[LightGBM] [Info] Using self-defined objective function
[LightGBM] [Warning] No further splits with positive gain, best gain: -inf
[LightGBM] [Warning] No further splits with positive gain, best gain: -inf
[LightGBM] [Warning] No further splits with positive gain, best gain: -inf
[LightGBM] [Warning] No further splits with positive gain, best gain: -inf
[LightGBM] [Warning] No further splits with positive gain, best gain: -inf
[LightGBM] [Warning] No further splits with positive gain, best gain: -inf
[LightGBM] [Warning] No further splits with positive gain, best gain: -inf
[LightGBM] [Warning] No further splits with positive gain, best gain: -inf
[LightGBM] [Warning] No further splits with positive gain, best gain: -inf
[LightGBM] [Warning] No further splits with positive gain, best gain: -inf
[LightGBM] [Warning] No further splits with positive gain, best gain: -inf
[LightGBM] [Warning] No further splits with positive gain, best gain: -inf
[LightGBM] [Warning] No further splits with positive gain, best gain: -inf
[LightGBM] [Warning] No further splits with positive gain, best gain: -inf
[LightGBM] [Warning] No further splits with positive gain, best gain: -inf
[LightGBM] [Warning] No further splits with positive gain, best gain: -inf
[LightGBM] [Warning] No further splits with positive gain, best gain: -inf
[LightGBM] [Warning] No further splits with positive gain, best gain: -inf
[LightGBM] [Warning] No further splits with positive gain, best gain: -inf
[LightGBM] [Warning] No further splits with positive gain, best gain: -inf
[LightGBM] [Warning] No further splits with positive gain, best gain: -inf
[LightGBM] [Warning] No further splits with positive gain, best gain: -inf
[LightGBM] [Warning] No further splits with positive gain, best gain: -inf
[LightGBM] [Warning] No further splits with positive gain, best gain: -inf
[LightGBM] [Warning] No further splits with positive gain, best gain: -inf
[LightGBM] [Warning] No further splits with positive gain, best gain: -inf
[LightGBM] [Warning] No further splits with positive gain, best gain: -inf
[LightGBM] [Warning] No further splits with positive gain, best gain: -inf
[LightGBM] [Warning] No further splits with positive gain, best gain: -inf
[LightGBM] [Warning] No further splits with positive gain, best gain: -inf
[LightGBM] [Warning] No further splits with positive gain, best gain: -inf
[LightGBM] [Warning] No further splits with positive gain, best gain: -inf
[LightGBM] [Warning] No further splits with positive gain, best gain: -inf
[LightGBM] [Warning] No further splits with positive gain, best gain: -inf
[LightGBM] [Warning] No further splits with positive gain, best gain: -inf
[LightGBM] [Warning] No further splits with positive gain, best gain: -inf
[LightGBM] [Warning] No further splits with positive gain, best gain: -inf
[LightGBM] [Warning] No further splits with positive gain, best gain: -inf
[LightGBM] [Warning] No further splits with positive gain, best gain: -inf
[LightGBM] [Warning] No further splits with positive gain, best gain: -inf
[LightGBM] [Info] Using self-defined objective function
[LightGBM] [Warning] No further splits with positive gain, best gain: -inf
[LightGBM] [Warning] No further splits with positive gain, best gain: -inf
[LightGBM] [Warning] No further splits with positive gain, best gain: -inf
[LightGBM] [Warning] No further splits with positive gain, best gain: -inf
[LightGBM] [Warning] No further splits with positive gain, best gain: -inf
[LightGBM] [Warning] No further splits with positive gain, best gain: -inf
[LightGBM] [Warning] No further splits with positive gain, best gain: -inf
[LightGBM] [Warning] No further splits with positive gain, best gain: -inf
[LightGBM] [Warning] No further splits with positive gain, best gain: -inf
[LightGBM] [Warning] No further splits with positive gain, best gain: -inf
[LightGBM] [Warning] No further splits with positive gain, best gain: -inf
[LightGBM] [Warning] No further splits with positive gain, best gain: -inf
[LightGBM] [Info] Using self-defined objective function
[LightGBM] [Warning] No further splits with positive gain, best gain: -inf
[LightGBM] [Warning] No further splits with positive gain, best gain: -inf
[LightGBM] [Info] Using self-defined objective function
[LightGBM] [Warning] No further splits with positive gain, best gain: -inf
[LightGBM] [Warning] No further splits with positive gain, best gain: -inf
[LightGBM] [Info] Using self-defined objective function
[LightGBM] [Warning] No further splits with positive gain, best gain: -inf
[LightGBM] [Warning] No further splits with positive gain, best gain: -inf
[LightGBM] [Warning] No further splits with positive gain, best gain: -inf
[LightGBM] [Warning] No further splits with positive gain, best gain: -inf
[LightGBM] [Warning] No further splits with positive gain, best gain: -inf
[LightGBM] [Warning] No further splits with positive gain, best gain: -inf
[LightGBM] [Warning] No further splits with positive gain, best gain: -inf
[LightGBM] [Warning] No further splits with positive gain, best gain: -inf
[LightGBM] [Warning] No further splits with positive gain, best gain: -inf
2025-12-29 01:23:32,405 - src.training.steps.labeling.label_geometry_selection - INFO - ℹ️ Gate rejected: survival=37.22%, uniq=0.22, reasons=['Low Learnability (AUC Lift 0.006)']
[LightGBM] [Info] Using self-defined objective function
[LightGBM] [Warning] No further splits with positive gain, best gain: -inf
[LightGBM] [Warning] No further splits with positive gain, best gain: -inf
[LightGBM] [Warning] No further splits with positive gain, best gain: -inf
[LightGBM] [Warning] No further splits with positive gain, best gain: -inf
[LightGBM] [Warning] No further splits with positive gain, best gain: -inf
[LightGBM] [Warning] No further splits with positive gain, best gain: -inf
[LightGBM] [Warning] No further splits with positive gain, best gain: -inf
[LightGBM] [Warning] No further splits with positive gain, best gain: -inf
[LightGBM] [Warning] No further splits with positive gain, best gain: -inf
[LightGBM] [Warning] No further splits with positive gain, best gain: -inf
2025-12-29 01:23:32,480 - src.training.steps.labeling.label_geometry_selection - INFO - ℹ️ Gate rejected: survival=19.59%, uniq=0.35, reasons=['Low Learnability (AUC Lift 0.002)']
[LightGBM] [Info] Using self-defined objective function
[LightGBM] [Warning] No further splits with positive gain, best gain: -inf
[LightGBM] [Warning] No further splits with positive gain, best gain: -inf
[LightGBM] [Warning] No further splits with positive gain, best gain: -inf
[LightGBM] [Warning] No further splits with positive gain, best gain: -inf
[LightGBM] [Warning] No further splits with positive gain, best gain: -inf
[LightGBM] [Warning] No further splits with positive gain, best gain: -inf
[LightGBM] [Warning] No further splits with positive gain, best gain: -inf
2025-12-29 01:23:32,553 - src.training.steps.labeling.label_geometry_selection - INFO - ℹ️ Gate rejected: survival=29.78%, uniq=0.26, reasons=['Low Precision Lift (-0.000)']
[LightGBM] [Info] Using self-defined objective function
[LightGBM] [Warning] No further splits with positive gain, best gain: -inf
[LightGBM] [Warning] No further splits with positive gain, best gain: -inf
[LightGBM] [Info] Using self-defined objective function
[LightGBM] [Warning] No further splits with positive gain, best gain: -inf
[LightGBM] [Warning] No further splits with positive gain, best gain: -inf
[LightGBM] [Warning] No further splits with positive gain, best gain: -inf
[LightGBM] [Warning] No further splits with positive gain, best gain: -inf
[LightGBM] [Warning] No further splits with positive gain, best gain: -inf
[LightGBM] [Warning] No further splits with positive gain, best gain: -inf
[LightGBM] [Warning] No further splits with positive gain, best gain: -inf
[LightGBM] [Info] Using self-defined objective function
[LightGBM] [Warning] No further splits with positive gain, best gain: -inf
[LightGBM] [Warning] No further splits with positive gain, best gain: -inf
[LightGBM] [Warning] No further splits with positive gain, best gain: -inf
[LightGBM] [Warning] No further splits with positive gain, best gain: -inf
[LightGBM] [Warning] No further splits with positive gain, best gain: -inf
[LightGBM] [Warning] No further splits with positive gain, best gain: -inf
[LightGBM] [Warning] No further splits with positive gain, best gain: -inf
[LightGBM] [Warning] No further splits with positive gain, best gain: -inf
[LightGBM] [Warning] No further splits with positive gain, best gain: -inf
[LightGBM] [Warning] No further splits with positive gain, best gain: -inf
[LightGBM] [Warning] No further splits with positive gain, best gain: -inf
[LightGBM] [Warning] No further splits with positive gain, best gain: -inf
[LightGBM] [Warning] No further splits with positive gain, best gain: -inf
[LightGBM] [Warning] No further splits with positive gain, best gain: -inf
[LightGBM] [Warning] No further splits with positive gain, best gain: -inf
[LightGBM] [Warning] No further splits with positive gain, best gain: -inf
[LightGBM] [Warning] No further splits with positive gain, best gain: -inf
[LightGBM] [Warning] No further splits with positive gain, best gain: -inf
[LightGBM] [Warning] No further splits with positive gain, best gain: -inf
[LightGBM] [Warning] No further splits with positive gain, best gain: -inf
[LightGBM] [Warning] No further splits with positive gain, best gain: -inf
[LightGBM] [Warning] No further splits with positive gain, best gain: -inf
[LightGBM] [Warning] No further splits with positive gain, best gain: -inf
[LightGBM] [Warning] No further splits with positive gain, best gain: -inf
[LightGBM] [Info] Using self-defined objective function
[LightGBM] [Warning] No further splits with positive gain, best gain: -inf
[LightGBM] [Warning] No further splits with positive gain, best gain: -inf
[LightGBM] [Warning] No further splits with positive gain, best gain: -inf
[LightGBM] [Warning] No further splits with positive gain, best gain: -inf
[LightGBM] [Warning] No further splits with positive gain, best gain: -inf
[LightGBM] [Warning] No further splits with positive gain, best gain: -inf
[LightGBM] [Info] Using self-defined objective function
[LightGBM] [Warning] No further splits with positive gain, best gain: -inf
[LightGBM] [Warning] No further splits with positive gain, best gain: -inf
[LightGBM] [Warning] No further splits with positive gain, best gain: -inf
[LightGBM] [Warning] No further splits with positive gain, best gain: -inf
[LightGBM] [Info] Using self-defined objective function
[LightGBM] [Warning] No further splits with positive gain, best gain: -inf
[LightGBM] [Warning] No further splits with positive gain, best gain: -inf
[LightGBM] [Warning] No further splits with positive gain, best gain: -inf
[LightGBM] [Warning] No further splits with positive gain, best gain: -inf
[LightGBM] [Warning] No further splits with positive gain, best gain: -inf
[LightGBM] [Warning] No further splits with positive gain, best gain: -inf
[LightGBM] [Warning] No further splits with positive gain, best gain: -inf
[LightGBM] [Warning] No further splits with positive gain, best gain: -inf
[LightGBM] [Warning] No further splits with positive gain, best gain: -inf
[LightGBM] [Warning] No further splits with positive gain, best gain: -inf
[LightGBM] [Warning] No further splits with positive gain, best gain: -inf
[LightGBM] [Warning] No further splits with positive gain, best gain: -inf
[LightGBM] [Info] Using self-defined objective function
[LightGBM] [Warning] No further splits with positive gain, best gain: -inf
[LightGBM] [Warning] No further splits with positive gain, best gain: -inf
[LightGBM] [Warning] No further splits with positive gain, best gain: -inf
[LightGBM] [Warning] No further splits with positive gain, best gain: -inf
[LightGBM] [Warning] No further splits with positive gain, best gain: -inf
[LightGBM] [Warning] No further splits with positive gain, best gain: -inf
[LightGBM] [Warning] No further splits with positive gain, best gain: -inf
[LightGBM] [Warning] No further splits with positive gain, best gain: -inf
[LightGBM] [Warning] No further splits with positive gain, best gain: -inf
[LightGBM] [Warning] No further splits with positive gain, best gain: -inf
[LightGBM] [Warning] No further splits with positive gain, best gain: -inf
[LightGBM] [Warning] No further splits with positive gain, best gain: -inf
[LightGBM] [Warning] No further splits with positive gain, best gain: -inf
[LightGBM] [Warning] No further splits with positive gain, best gain: -inf
[LightGBM] [Warning] No further splits with positive gain, best gain: -inf
[LightGBM] [Warning] No further splits with positive gain, best gain: -inf
[LightGBM] [Info] Using self-defined objective function
[LightGBM] [Warning] No further splits with positive gain, best gain: -inf
[LightGBM] [Warning] No further splits with positive gain, best gain: -inf
[LightGBM] [Warning] No further splits with positive gain, best gain: -inf
[LightGBM] [Warning] No further splits with positive gain, best gain: -inf
[LightGBM] [Warning] No further splits with positive gain, best gain: -inf
[LightGBM] [Warning] No further splits with positive gain, best gain: -inf
[LightGBM] [Warning] No further splits with positive gain, best gain: -inf
[LightGBM] [Warning] No further splits with positive gain, best gain: -inf
[LightGBM] [Warning] No further splits with positive gain, best gain: -inf
[LightGBM] [Warning] No further splits with positive gain, best gain: -inf
[LightGBM] [Warning] No further splits with positive gain, best gain: -inf
[LightGBM] [Warning] No further splits with positive gain, best gain: -inf
[LightGBM] [Warning] No further splits with positive gain, best gain: -inf
[LightGBM] [Warning] No further splits with positive gain, best gain: -inf
[LightGBM] [Info] Using self-defined objective function
[LightGBM] [Warning] No further splits with positive gain, best gain: -inf
[LightGBM] [Warning] No further splits with positive gain, best gain: -inf
[LightGBM] [Warning] No further splits with positive gain, best gain: -inf
[LightGBM] [Warning] No further splits with positive gain, best gain: -inf
[LightGBM] [Warning] No further splits with positive gain, best gain: -inf
[LightGBM] [Warning] No further splits with positive gain, best gain: -inf
[LightGBM] [Warning] No further splits with positive gain, best gain: -inf
[LightGBM] [Warning] No further splits with positive gain, best gain: -inf
[LightGBM] [Warning] No further splits with positive gain, best gain: -inf
[LightGBM] [Warning] No further splits with positive gain, best gain: -inf
[LightGBM] [Warning] No further splits with positive gain, best gain: -inf
[LightGBM] [Warning] No further splits with positive gain, best gain: -inf
[LightGBM] [Warning] No further splits with positive gain, best gain: -inf
[LightGBM] [Warning] No further splits with positive gain, best gain: -inf
[LightGBM] [Warning] No further splits with positive gain, best gain: -inf
[LightGBM] [Warning] No further splits with positive gain, best gain: -inf
[LightGBM] [Warning] No further splits with positive gain, best gain: -inf
[LightGBM] [Info] Using self-defined objective function
[LightGBM] [Warning] No further splits with positive gain, best gain: -inf
[LightGBM] [Warning] No further splits with positive gain, best gain: -inf
[LightGBM] [Warning] No further splits with positive gain, best gain: -inf
[LightGBM] [Warning] No further splits with positive gain, best gain: -inf
[LightGBM] [Warning] No further splits with positive gain, best gain: -inf
[LightGBM] [Warning] No further splits with positive gain, best gain: -inf
[LightGBM] [Warning] No further splits with positive gain, best gain: -inf
[LightGBM] [Warning] No further splits with positive gain, best gain: -inf
[LightGBM] [Warning] No further splits with positive gain, best gain: -inf
[LightGBM] [Warning] No further splits with positive gain, best gain: -inf
[LightGBM] [Warning] No further splits with positive gain, best gain: -inf
[LightGBM] [Info] Using self-defined objective function
[LightGBM] [Warning] No further splits with positive gain, best gain: -inf
[LightGBM] [Warning] No further splits with positive gain, best gain: -inf
[LightGBM] [Warning] No further splits with positive gain, best gain: -inf
[LightGBM] [Warning] No further splits with positive gain, best gain: -inf
[LightGBM] [Warning] No further splits with positive gain, best gain: -inf
[LightGBM] [Warning] No further splits with positive gain, best gain: -inf
[LightGBM] [Warning] No further splits with positive gain, best gain: -inf
[LightGBM] [Warning] No further splits with positive gain, best gain: -inf
[LightGBM] [Warning] No further splits with positive gain, best gain: -inf
[LightGBM] [Warning] No further splits with positive gain, best gain: -inf
[LightGBM] [Warning] No further splits with positive gain, best gain: -inf
[LightGBM] [Warning] No further splits with positive gain, best gain: -inf
[LightGBM] [Warning] No further splits with positive gain, best gain: -inf
[LightGBM] [Warning] No further splits with positive gain, best gain: -inf
[LightGBM] [Warning] No further splits with positive gain, best gain: -inf
[LightGBM] [Warning] No further splits with positive gain, best gain: -inf
[LightGBM] [Warning] No further splits with positive gain, best gain: -inf
[LightGBM] [Warning] No further splits with positive gain, best gain: -inf
[LightGBM] [Warning] No further splits with positive gain, best gain: -inf
[LightGBM] [Warning] No further splits with positive gain, best gain: -inf
[LightGBM] [Warning] No further splits with positive gain, best gain: -inf
[LightGBM] [Warning] No further splits with positive gain, best gain: -inf
[LightGBM] [Warning] No further splits with positive gain, best gain: -inf
[LightGBM] [Warning] No further splits with positive gain, best gain: -inf
[LightGBM] [Warning] No further splits with positive gain, best gain: -inf
[LightGBM] [Warning] No further splits with positive gain, best gain: -inf
[LightGBM] [Warning] No further splits with positive gain, best gain: -inf
[LightGBM] [Warning] No further splits with positive gain, best gain: -inf
[LightGBM] [Warning] No further splits with positive gain, best gain: -inf
[LightGBM] [Warning] No further splits with positive gain, best gain: -inf
2025-12-29 01:23:33,383 - src.training.steps.labeling.label_geometry_selection - INFO - ℹ️ Pruning 79 accepted geometries based on correlation...
2025-12-29 01:23:33,384 - src.training.steps.labeling.label_geometry_selection - INFO - ℹ️ Dropped Pain Averse (High Penalty for Drawdown) (Sep: 0.130) due to correlation 1.00 with Balanced (Sep: 0.130)
2025-12-29 01:23:33,384 - src.training.steps.labeling.label_geometry_selection - INFO - ℹ️ Dropped Balanced (Sep: 0.079) due to correlation 0.90 with Balanced (Sep: 0.084)
2025-12-29 01:23:33,384 - src.training.steps.labeling.label_geometry_selection - INFO - ℹ️ Dropped Pain Averse (High Penalty for Drawdown) (Sep: 0.064) due to correlation 0.91 with Balanced (Sep: 0.084)
2025-12-29 01:23:33,384 - src.training.steps.labeling.label_geometry_selection - INFO - ℹ️ Dropped Sniper (Selective, High Reward) (Sep: 0.078) due to correlation 1.00 with Balanced (Sep: 0.078)
2025-12-29 01:23:33,384 - src.training.steps.labeling.label_geometry_selection - INFO - ℹ️ Dropped Sniper (Selective, High Reward) (Sep: 0.078) due to correlation 1.00 with Balanced (Sep: 0.078)
2025-12-29 01:23:33,384 - src.training.steps.labeling.label_geometry_selection - INFO - ℹ️ Dropped Balanced (Sep: 0.078) due to correlation 1.00 with Balanced (Sep: 0.078)
2025-12-29 01:23:33,384 - src.training.steps.labeling.label_geometry_selection - INFO - ℹ️ Dropped Momentum Surfer (Tolerates Volatility) (Sep: 0.073) due to correlation 1.00 with Sniper (Selective, High Reward) (Sep: 0.073)
2025-12-29 01:23:33,384 - src.training.steps.labeling.label_geometry_selection - INFO - ℹ️ Dropped Pain Averse (High Penalty for Drawdown) (Sep: 0.073) due to correlation 1.00 with Sniper (Selective, High Reward) (Sep: 0.073)
2025-12-29 01:23:33,384 - src.training.steps.labeling.label_geometry_selection - INFO - ℹ️ Dropped Sniper (Selective, High Reward) (Sep: 0.073) due to correlation 1.00 with Sniper (Selective, High Reward) (Sep: 0.073)
2025-12-29 01:23:33,384 - src.training.steps.labeling.label_geometry_selection - INFO - ℹ️ Dropped Pain Averse (High Penalty for Drawdown) (Sep: 0.060) due to correlation 0.93 with Momentum Surfer (Tolerates Volatility) (Sep: 0.067)
2025-12-29 01:23:33,384 - src.training.steps.labeling.label_geometry_selection - INFO - ℹ️ Dropped Pain Averse (High Penalty for Drawdown) (Sep: 0.043) due to correlation 0.99 with Pain Averse (High Penalty for Drawdown) (Sep: 0.049)
2025-12-29 01:23:33,385 - src.training.steps.labeling.label_geometry_selection - INFO - ℹ️ Dropped Balanced (Sep: 0.034) due to correlation 1.00 with Balanced (Sep: 0.034)
2025-12-29 01:23:33,385 - src.training.steps.labeling.label_geometry_selection - INFO - ℹ️ Dropped Balanced (Sep: 0.025) due to correlation 1.00 with Sniper (Selective, High Reward) (Sep: 0.025)
2025-12-29 01:23:33,385 - src.training.steps.labeling.label_geometry_selection - INFO - ℹ️ Dropped Sniper (Selective, High Reward) (Sep: 0.025) due to correlation 1.00 with Sniper (Selective, High Reward) (Sep: 0.025)
2025-12-29 01:23:33,385 - src.training.steps.labeling.label_geometry_selection - INFO - ℹ️ Dropped Sniper (Selective, High Reward) (Sep: 0.025) due to correlation 1.00 with Sniper (Selective, High Reward) (Sep: 0.025)
2025-12-29 01:23:33,385 - src.training.steps.labeling.label_geometry_selection - INFO - ℹ️ Final Selection: 10 geometries (Best Separation Score: 0.182, Max: 10)
2025-12-29 01:23:33,388 - src.training.steps.labeling.label_based_layer_2 - INFO - ℹ️ Geometry selection complete: 10 geometries selected
2025-12-29 01:23:33,394 - src.training.steps.labeling.label_based_layer_2 - INFO - ℹ️ Layer2 OOF Fold 2: extracted_trials_per_family={'Unified': 10}
2025-12-29 01:23:33,428 - src.training.steps.labeling.label_based_layer_2 - INFO - ℹ️ Layer2 OOF Fold 2: selected_geometries=1, by_family={'Unified': 1}
[LightGBM] [Info] Using self-defined objective function
2025-12-29 01:23:38,134 - src.training.steps.labeling.label_based_layer_2 - INFO - ℹ️ [LGBM Focal] Gamma(+):0.5 Gamma(-):1.25 | Alpha:0.6500
2025-12-29 01:23:38,825 - src.training.steps.labeling.label_based_layer_2 - WARNING - ⚠️ Failed to train geometry model for Unified_Rank0: tuple index out of range
2025-12-29 01:23:42,039 - src.training.steps.labeling.label_based_layer_2 - INFO - ℹ️ Layer2 Bagging: 5490 orphan events (no geo coverage) filled with neutral defaults.
2025-12-29 01:23:42,040 - src.training.steps.labeling.label_based_layer_2 - INFO - ℹ️ 
>>> Training multi-output ensemble members...
2025-12-29 01:23:42,043 - src.training.steps.labeling.label_based_layer_2 - INFO - ℹ️ Layer2 OOF Fold 2: labeled_events=5490/5490, geometry_channels=0
2025-12-29 01:23:42,044 - src.training.steps.labeling.label_based_layer_2 - INFO - ℹ️    > Processing Fold 3/3...
2025-12-29 01:23:42,045 - src.training.steps.labeling.label_based_layer_2 - INFO - ℹ️ Layer2 OOF Fold 3: purged k-fold val_start=21120, val_stop=31680, purge_bars=100, test_start_time=2025-07-23 14:45:00, test_end_time=2025-11-10 14:30:00, n_train=21020
2025-12-29 01:23:42,048 - src.training.steps.labeling.label_based_layer_2 - INFO - ℹ️ Layer2 OOF Fold 3: n_train_bars=21020, n_train_events=10166, n_test_events=5147
2025-12-29 01:23:45,149 - src.training.steps.labeling.label_based_layer_2 - INFO - ℹ️ Optimizing geometries: 10166 total events (no family split)
2025-12-29 01:23:45,310 - src.training.steps.labeling.label_geometry_selection - INFO - ℹ️ Vectorizing 10166 events for horizons [8, 12, 16, 20, 24]...
2025-12-29 01:23:45,788 - src.training.steps.labeling.label_geometry_selection - INFO - ℹ️ Event dedup: 10166 → 1958 events (min_gap=6 bars)
2025-12-29 01:23:45,789 - src.training.steps.labeling.label_geometry_selection - INFO - ℹ️ Events after dedup: 10166 → 1958
2025-12-29 01:23:45,794 - src.training.steps.labeling.label_geometry_selection - INFO - ℹ️ Dropped 18 near-constant feature columns after dedup (306 remaining).
2025-12-29 01:23:45,801 - src.training.steps.labeling.label_geometry_selection - INFO - ℹ️ Generated 1680 raw candidates
2025-12-29 01:23:45,801 - src.training.steps.labeling.label_geometry_selection - INFO - ℹ️ After hard constraints: 1680 candidates
2025-12-29 01:23:45,815 - src.training.steps.labeling.label_geometry_selection - INFO - ℹ️ Distance-based deduplication: 1680 -> 93 candidates
2025-12-29 01:23:45,815 - src.training.steps.labeling.label_geometry_selection - INFO - ℹ️ Training LGBM on 93 pre-filtered candidates...
[LightGBM] [Info] Using self-defined objective function
[LightGBM] [Warning] No further splits with positive gain, best gain: -inf
[LightGBM] [Warning] No further splits with positive gain, best gain: -inf
[LightGBM] [Warning] No further splits with positive gain, best gain: -inf
[LightGBM] [Warning] No further splits with positive gain, best gain: -inf
[LightGBM] [Warning] No further splits with positive gain, best gain: -inf
[LightGBM] [Warning] No further splits with positive gain, best gain: -inf
[LightGBM] [Warning] No further splits with positive gain, best gain: -inf
[LightGBM] [Info] Using self-defined objective function
[LightGBM] [Warning] No further splits with positive gain, best gain: -inf
[LightGBM] [Warning] No further splits with positive gain, best gain: -inf
[LightGBM] [Warning] No further splits with positive gain, best gain: -inf
[LightGBM] [Warning] No further splits with positive gain, best gain: -inf
[LightGBM] [Warning] No further splits with positive gain, best gain: -inf
[LightGBM] [Warning] No further splits with positive gain, best gain: -inf
[LightGBM] [Warning] No further splits with positive gain, best gain: -inf
[LightGBM] [Warning] No further splits with positive gain, best gain: -inf
[LightGBM] [Warning] No further splits with positive gain, best gain: -inf
[LightGBM] [Warning] No further splits with positive gain, best gain: -inf
[LightGBM] [Warning] No further splits with positive gain, best gain: -inf
[LightGBM] [Warning] No further splits with positive gain, best gain: -inf
[LightGBM] [Info] Using self-defined objective function
[LightGBM] [Warning] No further splits with positive gain, best gain: -inf
[LightGBM] [Warning] No further splits with positive gain, best gain: -inf
[LightGBM] [Warning] No further splits with positive gain, best gain: -inf
[LightGBM] [Warning] No further splits with positive gain, best gain: -inf
[LightGBM] [Warning] No further splits with positive gain, best gain: -inf
[LightGBM] [Info] Using self-defined objective function
[LightGBM] [Warning] No further splits with positive gain, best gain: -inf
[LightGBM] [Info] Using self-defined objective function
[LightGBM] [Warning] No further splits with positive gain, best gain: -inf
[LightGBM] [Warning] No further splits with positive gain, best gain: -inf
[LightGBM] [Warning] No further splits with positive gain, best gain: -inf
[LightGBM] [Info] Using self-defined objective function
[LightGBM] [Warning] No further splits with positive gain, best gain: -inf
[LightGBM] [Warning] No further splits with positive gain, best gain: -inf
[LightGBM] [Warning] No further splits with positive gain, best gain: -inf
[LightGBM] [Warning] No further splits with positive gain, best gain: -inf
[LightGBM] [Warning] No further splits with positive gain, best gain: -inf
[LightGBM] [Warning] No further splits with positive gain, best gain: -inf
[LightGBM] [Warning] No further splits with positive gain, best gain: -inf
[LightGBM] [Warning] No further splits with positive gain, best gain: -inf
[LightGBM] [Warning] No further splits with positive gain, best gain: -inf
[LightGBM] [Info] Using self-defined objective function
[LightGBM] [Warning] No further splits with positive gain, best gain: -inf
[LightGBM] [Warning] No further splits with positive gain, best gain: -inf
[LightGBM] [Warning] No further splits with positive gain, best gain: -inf
[LightGBM] [Warning] No further splits with positive gain, best gain: -inf
[LightGBM] [Warning] No further splits with positive gain, best gain: -inf
[LightGBM] [Warning] No further splits with positive gain, best gain: -inf
[LightGBM] [Warning] No further splits with positive gain, best gain: -inf
[LightGBM] [Info] Using self-defined objective function
[LightGBM] [Warning] No further splits with positive gain, best gain: -inf
[LightGBM] [Warning] No further splits with positive gain, best gain: -inf
[LightGBM] [Warning] No further splits with positive gain, best gain: -inf
[LightGBM] [Warning] No further splits with positive gain, best gain: -inf
[LightGBM] [Warning] No further splits with positive gain, best gain: -inf
[LightGBM] [Info] Using self-defined objective function
[LightGBM] [Warning] No further splits with positive gain, best gain: -inf
[LightGBM] [Warning] No further splits with positive gain, best gain: -inf
[LightGBM] [Warning] No further splits with positive gain, best gain: -inf
[LightGBM] [Warning] No further splits with positive gain, best gain: -inf
[LightGBM] [Warning] No further splits with positive gain, best gain: -inf
[LightGBM] [Info] Using self-defined objective function
[LightGBM] [Warning] No further splits with positive gain, best gain: -inf
[LightGBM] [Warning] No further splits with positive gain, best gain: -inf
[LightGBM] [Warning] No further splits with positive gain, best gain: -inf
2025-12-29 01:23:46,596 - src.training.steps.labeling.label_geometry_selection - INFO - ℹ️ Gate rejected: survival=32.79%, uniq=0.23, reasons=['Low Learnability (AUC Lift 0.003)']
[LightGBM] [Info] Using self-defined objective function
[LightGBM] [Warning] No further splits with positive gain, best gain: -inf
[LightGBM] [Warning] No further splits with positive gain, best gain: -inf
[LightGBM] [Warning] No further splits with positive gain, best gain: -inf
[LightGBM] [Warning] No further splits with positive gain, best gain: -inf
[LightGBM] [Warning] No further splits with positive gain, best gain: -inf
[LightGBM] [Warning] No further splits with positive gain, best gain: -inf
[LightGBM] [Info] Using self-defined objective function
[LightGBM] [Warning] No further splits with positive gain, best gain: -inf
[LightGBM] [Warning] No further splits with positive gain, best gain: -inf
[LightGBM] [Warning] No further splits with positive gain, best gain: -inf
[LightGBM] [Warning] No further splits with positive gain, best gain: -inf
[LightGBM] [Warning] No further splits with positive gain, best gain: -inf
[LightGBM] [Warning] No further splits with positive gain, best gain: -inf
[LightGBM] [Warning] No further splits with positive gain, best gain: -inf
[LightGBM] [Warning] No further splits with positive gain, best gain: -inf
[LightGBM] [Warning] No further splits with positive gain, best gain: -inf
[LightGBM] [Info] Using self-defined objective function
[LightGBM] [Warning] No further splits with positive gain, best gain: -inf
[LightGBM] [Warning] No further splits with positive gain, best gain: -inf
[LightGBM] [Warning] No further splits with positive gain, best gain: -inf
[LightGBM] [Warning] No further splits with positive gain, best gain: -inf
[LightGBM] [Warning] No further splits with positive gain, best gain: -inf
[LightGBM] [Info] Using self-defined objective function
[LightGBM] [Warning] No further splits with positive gain, best gain: -inf
[LightGBM] [Warning] No further splits with positive gain, best gain: -inf
[LightGBM] [Warning] No further splits with positive gain, best gain: -inf
[LightGBM] [Warning] No further splits with positive gain, best gain: -inf
[LightGBM] [Warning] No further splits with positive gain, best gain: -inf
[LightGBM] [Warning] No further splits with positive gain, best gain: -inf
[LightGBM] [Info] Using self-defined objective function
[LightGBM] [Warning] No further splits with positive gain, best gain: -inf
[LightGBM] [Warning] No further splits with positive gain, best gain: -inf
[LightGBM] [Warning] No further splits with positive gain, best gain: -inf
[LightGBM] [Warning] No further splits with positive gain, best gain: -inf
[LightGBM] [Warning] No further splits with positive gain, best gain: -inf
[LightGBM] [Info] Using self-defined objective function
[LightGBM] [Warning] No further splits with positive gain, best gain: -inf
[LightGBM] [Warning] No further splits with positive gain, best gain: -inf
[LightGBM] [Warning] No further splits with positive gain, best gain: -inf
[LightGBM] [Warning] No further splits with positive gain, best gain: -inf
[LightGBM] [Warning] No further splits with positive gain, best gain: -inf
[LightGBM] [Warning] No further splits with positive gain, best gain: -inf
[LightGBM] [Warning] No further splits with positive gain, best gain: -inf
[LightGBM] [Warning] No further splits with positive gain, best gain: -inf
[LightGBM] [Warning] No further splits with positive gain, best gain: -inf
[LightGBM] [Info] Using self-defined objective function
[LightGBM] [Warning] No further splits with positive gain, best gain: -inf
[LightGBM] [Warning] No further splits with positive gain, best gain: -inf
[LightGBM] [Warning] No further splits with positive gain, best gain: -inf
[LightGBM] [Warning] No further splits with positive gain, best gain: -inf
[LightGBM] [Warning] No further splits with positive gain, best gain: -inf
[LightGBM] [Warning] No further splits with positive gain, best gain: -inf
[LightGBM] [Warning] No further splits with positive gain, best gain: -inf
[LightGBM] [Warning] No further splits with positive gain, best gain: -inf
[LightGBM] [Warning] No further splits with positive gain, best gain: -inf
[LightGBM] [Warning] No further splits with positive gain, best gain: -inf
[LightGBM] [Warning] No further splits with positive gain, best gain: -inf
[LightGBM] [Warning] No further splits with positive gain, best gain: -inf
[LightGBM] [Warning] No further splits with positive gain, best gain: -inf
[LightGBM] [Warning] No further splits with positive gain, best gain: -inf
[LightGBM] [Warning] No further splits with positive gain, best gain: -inf
[LightGBM] [Warning] No further splits with positive gain, best gain: -inf
[LightGBM] [Info] Using self-defined objective function
[LightGBM] [Warning] No further splits with positive gain, best gain: -inf
[LightGBM] [Warning] No further splits with positive gain, best gain: -inf
[LightGBM] [Warning] No further splits with positive gain, best gain: -inf
[LightGBM] [Warning] No further splits with positive gain, best gain: -inf
[LightGBM] [Warning] No further splits with positive gain, best gain: -inf
[LightGBM] [Warning] No further splits with positive gain, best gain: -inf
[LightGBM] [Info] Using self-defined objective function
[LightGBM] [Warning] No further splits with positive gain, best gain: -inf
[LightGBM] [Warning] No further splits with positive gain, best gain: -inf
[LightGBM] [Warning] No further splits with positive gain, best gain: -inf
[LightGBM] [Warning] No further splits with positive gain, best gain: -inf
[LightGBM] [Warning] No further splits with positive gain, best gain: -inf
[LightGBM] [Warning] No further splits with positive gain, best gain: -inf
[LightGBM] [Warning] No further splits with positive gain, best gain: -inf
[LightGBM] [Warning] No further splits with positive gain, best gain: -inf
2025-12-29 01:23:47,514 - src.training.steps.labeling.label_geometry_selection - INFO - ℹ️ Gate rejected: survival=26.20%, uniq=0.28, reasons=['Low Learnability (AUC Lift 0.009)']
[LightGBM] [Info] Using self-defined objective function
[LightGBM] [Warning] No further splits with positive gain, best gain: -inf
[LightGBM] [Warning] No further splits with positive gain, best gain: -inf
[LightGBM] [Warning] No further splits with positive gain, best gain: -inf
[LightGBM] [Warning] No further splits with positive gain, best gain: -inf
[LightGBM] [Warning] No further splits with positive gain, best gain: -inf
[LightGBM] [Warning] No further splits with positive gain, best gain: -inf
[LightGBM] [Warning] No further splits with positive gain, best gain: -inf
[LightGBM] [Warning] No further splits with positive gain, best gain: -inf
[LightGBM] [Warning] No further splits with positive gain, best gain: -inf
[LightGBM] [Warning] No further splits with positive gain, best gain: -inf
[LightGBM] [Warning] No further splits with positive gain, best gain: -inf
[LightGBM] [Warning] No further splits with positive gain, best gain: -inf
2025-12-29 01:23:47,609 - src.training.steps.labeling.label_geometry_selection - INFO - ℹ️ Gate rejected: survival=23.19%, uniq=0.30, reasons=['Low Learnability (AUC Lift 0.004)']
[LightGBM] [Info] Using self-defined objective function
[LightGBM] [Warning] No further splits with positive gain, best gain: -inf
[LightGBM] [Warning] No further splits with positive gain, best gain: -inf
[LightGBM] [Warning] No further splits with positive gain, best gain: -inf
[LightGBM] [Warning] No further splits with positive gain, best gain: -inf
[LightGBM] [Warning] No further splits with positive gain, best gain: -inf
[LightGBM] [Warning] No further splits with positive gain, best gain: -inf
[LightGBM] [Warning] No further splits with positive gain, best gain: -inf
[LightGBM] [Warning] No further splits with positive gain, best gain: -inf
[LightGBM] [Warning] No further splits with positive gain, best gain: -inf
[LightGBM] [Warning] No further splits with positive gain, best gain: -inf
[LightGBM] [Warning] No further splits with positive gain, best gain: -inf
[LightGBM] [Warning] No further splits with positive gain, best gain: -inf
[LightGBM] [Warning] No further splits with positive gain, best gain: -inf
[LightGBM] [Warning] No further splits with positive gain, best gain: -inf
[LightGBM] [Warning] No further splits with positive gain, best gain: -inf
[LightGBM] [Warning] No further splits with positive gain, best gain: -inf
[LightGBM] [Warning] No further splits with positive gain, best gain: -inf
2025-12-29 01:23:47,696 - src.training.steps.labeling.label_geometry_selection - INFO - ℹ️ Gate rejected: survival=42.44%, uniq=0.18, reasons=['Low Learnability (AUC Lift 0.010)']
[LightGBM] [Info] Using self-defined objective function
[LightGBM] [Warning] No further splits with positive gain, best gain: -inf
[LightGBM] [Warning] No further splits with positive gain, best gain: -inf
[LightGBM] [Warning] No further splits with positive gain, best gain: -inf
[LightGBM] [Warning] No further splits with positive gain, best gain: -inf
[LightGBM] [Warning] No further splits with positive gain, best gain: -inf
[LightGBM] [Warning] No further splits with positive gain, best gain: -inf
[LightGBM] [Info] Using self-defined objective function
[LightGBM] [Warning] No further splits with positive gain, best gain: -inf
[LightGBM] [Warning] No further splits with positive gain, best gain: -inf
[LightGBM] [Warning] No further splits with positive gain, best gain: -inf
[LightGBM] [Warning] No further splits with positive gain, best gain: -inf
[LightGBM] [Warning] No further splits with positive gain, best gain: -inf
[LightGBM] [Warning] No further splits with positive gain, best gain: -inf
[LightGBM] [Warning] No further splits with positive gain, best gain: -inf
2025-12-29 01:23:47,876 - src.training.steps.labeling.label_geometry_selection - INFO - ℹ️ Gate rejected: survival=43.92%, uniq=0.17, reasons=['Low Learnability (AUC Lift 0.007)']
[LightGBM] [Info] Using self-defined objective function
[LightGBM] [Warning] No further splits with positive gain, best gain: -inf
[LightGBM] [Warning] No further splits with positive gain, best gain: -inf
[LightGBM] [Warning] No further splits with positive gain, best gain: -inf
[LightGBM] [Warning] No further splits with positive gain, best gain: -inf
2025-12-29 01:23:47,944 - src.training.steps.labeling.label_geometry_selection - INFO - ℹ️ Gate rejected: survival=40.14%, uniq=0.20, reasons=['Low Learnability (AUC Lift 0.006)']
[LightGBM] [Info] Using self-defined objective function
[LightGBM] [Warning] No further splits with positive gain, best gain: -inf
[LightGBM] [Warning] No further splits with positive gain, best gain: -inf
[LightGBM] [Warning] No further splits with positive gain, best gain: -inf
[LightGBM] [Warning] No further splits with positive gain, best gain: -inf
2025-12-29 01:23:48,016 - src.training.steps.labeling.label_geometry_selection - INFO - ℹ️ Gate rejected: survival=39.53%, uniq=0.20, reasons=['Low Learnability (AUC Lift 0.008)']
[LightGBM] [Info] Using self-defined objective function
[LightGBM] [Warning] No further splits with positive gain, best gain: -inf
[LightGBM] [Warning] No further splits with positive gain, best gain: -inf
[LightGBM] [Warning] No further splits with positive gain, best gain: -inf
[LightGBM] [Warning] No further splits with positive gain, best gain: -inf
[LightGBM] [Warning] No further splits with positive gain, best gain: -inf
[LightGBM] [Warning] No further splits with positive gain, best gain: -inf
[LightGBM] [Warning] No further splits with positive gain, best gain: -inf
[LightGBM] [Warning] No further splits with positive gain, best gain: -inf
[LightGBM] [Warning] No further splits with positive gain, best gain: -inf
[LightGBM] [Warning] No further splits with positive gain, best gain: -inf
[LightGBM] [Warning] No further splits with positive gain, best gain: -inf
[LightGBM] [Info] Using self-defined objective function
[LightGBM] [Warning] No further splits with positive gain, best gain: -inf
[LightGBM] [Warning] No further splits with positive gain, best gain: -inf
[LightGBM] [Warning] No further splits with positive gain, best gain: -inf
[LightGBM] [Warning] No further splits with positive gain, best gain: -inf
[LightGBM] [Warning] No further splits with positive gain, best gain: -inf
[LightGBM] [Warning] No further splits with positive gain, best gain: -inf
[LightGBM] [Warning] No further splits with positive gain, best gain: -inf
[LightGBM] [Info] Using self-defined objective function
[LightGBM] [Warning] No further splits with positive gain, best gain: -inf
[LightGBM] [Warning] No further splits with positive gain, best gain: -inf
[LightGBM] [Warning] No further splits with positive gain, best gain: -inf
[LightGBM] [Warning] No further splits with positive gain, best gain: -inf
[LightGBM] [Warning] No further splits with positive gain, best gain: -inf
[LightGBM] [Warning] No further splits with positive gain, best gain: -inf
[LightGBM] [Warning] No further splits with positive gain, best gain: -inf
[LightGBM] [Warning] No further splits with positive gain, best gain: -inf
[LightGBM] [Warning] No further splits with positive gain, best gain: -inf
[LightGBM] [Warning] No further splits with positive gain, best gain: -inf
[LightGBM] [Warning] No further splits with positive gain, best gain: -inf
[LightGBM] [Warning] No further splits with positive gain, best gain: -inf
[LightGBM] [Warning] No further splits with positive gain, best gain: -inf
[LightGBM] [Warning] No further splits with positive gain, best gain: -inf
[LightGBM] [Warning] No further splits with positive gain, best gain: -inf
[LightGBM] [Warning] No further splits with positive gain, best gain: -inf
[LightGBM] [Warning] No further splits with positive gain, best gain: -inf
[LightGBM] [Warning] No further splits with positive gain, best gain: -inf
[LightGBM] [Warning] No further splits with positive gain, best gain: -inf
[LightGBM] [Warning] No further splits with positive gain, best gain: -inf
[LightGBM] [Info] Using self-defined objective function
[LightGBM] [Warning] No further splits with positive gain, best gain: -inf
[LightGBM] [Warning] No further splits with positive gain, best gain: -inf
[LightGBM] [Warning] No further splits with positive gain, best gain: -inf
[LightGBM] [Warning] No further splits with positive gain, best gain: -inf
[LightGBM] [Warning] No further splits with positive gain, best gain: -inf
[LightGBM] [Warning] No further splits with positive gain, best gain: -inf
[LightGBM] [Warning] No further splits with positive gain, best gain: -inf
[LightGBM] [Warning] No further splits with positive gain, best gain: -inf
[LightGBM] [Info] Using self-defined objective function
[LightGBM] [Info] Using self-defined objective function
[LightGBM] [Warning] No further splits with positive gain, best gain: -inf
2025-12-29 01:23:48,512 - src.training.steps.labeling.label_geometry_selection - INFO - ℹ️ Gate rejected: survival=27.83%, uniq=0.25, reasons=['Low Learnability (AUC Lift 0.004)', 'Low Precision Lift (-0.007)']
[LightGBM] [Info] Using self-defined objective function
[LightGBM] [Warning] No further splits with positive gain, best gain: -inf
[LightGBM] [Warning] No further splits with positive gain, best gain: -inf
[LightGBM] [Warning] No further splits with positive gain, best gain: -inf
[LightGBM] [Warning] No further splits with positive gain, best gain: -inf
[LightGBM] [Warning] No further splits with positive gain, best gain: -inf
[LightGBM] [Info] Using self-defined objective function
[LightGBM] [Warning] No further splits with positive gain, best gain: -inf
[LightGBM] [Warning] No further splits with positive gain, best gain: -inf
[LightGBM] [Warning] No further splits with positive gain, best gain: -inf
[LightGBM] [Warning] No further splits with positive gain, best gain: -inf
[LightGBM] [Warning] No further splits with positive gain, best gain: -inf
[LightGBM] [Warning] No further splits with positive gain, best gain: -inf
[LightGBM] [Warning] No further splits with positive gain, best gain: -inf
[LightGBM] [Warning] No further splits with positive gain, best gain: -inf
[LightGBM] [Warning] No further splits with positive gain, best gain: -inf
[LightGBM] [Warning] No further splits with positive gain, best gain: -inf
[LightGBM] [Info] Using self-defined objective function
[LightGBM] [Warning] No further splits with positive gain, best gain: -inf
[LightGBM] [Warning] No further splits with positive gain, best gain: -inf
[LightGBM] [Warning] No further splits with positive gain, best gain: -inf
[LightGBM] [Warning] No further splits with positive gain, best gain: -inf
[LightGBM] [Warning] No further splits with positive gain, best gain: -inf
[LightGBM] [Warning] No further splits with positive gain, best gain: -inf
[LightGBM] [Warning] No further splits with positive gain, best gain: -inf
[LightGBM] [Warning] No further splits with positive gain, best gain: -inf
[LightGBM] [Warning] No further splits with positive gain, best gain: -inf
[LightGBM] [Info] Using self-defined objective function
[LightGBM] [Warning] No further splits with positive gain, best gain: -inf
[LightGBM] [Warning] No further splits with positive gain, best gain: -inf
[LightGBM] [Warning] No further splits with positive gain, best gain: -inf
[LightGBM] [Info] Using self-defined objective function
[LightGBM] [Warning] No further splits with positive gain, best gain: -inf
[LightGBM] [Warning] No further splits with positive gain, best gain: -inf
[LightGBM] [Warning] No further splits with positive gain, best gain: -inf
[LightGBM] [Warning] No further splits with positive gain, best gain: -inf
2025-12-29 01:23:48,899 - src.training.steps.labeling.label_geometry_selection - INFO - ℹ️ Gate rejected: survival=38.46%, uniq=0.21, reasons=['Low Learnability (AUC Lift 0.009)']
[LightGBM] [Info] Using self-defined objective function
[LightGBM] [Warning] No further splits with positive gain, best gain: -inf
[LightGBM] [Warning] No further splits with positive gain, best gain: -inf
[LightGBM] [Warning] No further splits with positive gain, best gain: -inf
[LightGBM] [Warning] No further splits with positive gain, best gain: -inf
[LightGBM] [Info] Using self-defined objective function
[LightGBM] [Warning] No further splits with positive gain, best gain: -inf
[LightGBM] [Warning] No further splits with positive gain, best gain: -inf
[LightGBM] [Warning] No further splits with positive gain, best gain: -inf
[LightGBM] [Warning] No further splits with positive gain, best gain: -inf
[LightGBM] [Warning] No further splits with positive gain, best gain: -inf
[LightGBM] [Warning] No further splits with positive gain, best gain: -inf
[LightGBM] [Warning] No further splits with positive gain, best gain: -inf
[LightGBM] [Warning] No further splits with positive gain, best gain: -inf
[LightGBM] [Warning] No further splits with positive gain, best gain: -inf
2025-12-29 01:23:49,054 - src.training.steps.labeling.label_geometry_selection - INFO - ℹ️ Gate rejected: survival=34.73%, uniq=0.23, reasons=['Low Learnability (AUC Lift 0.002)']
[LightGBM] [Info] Using self-defined objective function
[LightGBM] [Warning] No further splits with positive gain, best gain: -inf
[LightGBM] [Warning] No further splits with positive gain, best gain: -inf
[LightGBM] [Warning] No further splits with positive gain, best gain: -inf
[LightGBM] [Warning] No further splits with positive gain, best gain: -inf
[LightGBM] [Warning] No further splits with positive gain, best gain: -inf
[LightGBM] [Info] Using self-defined objective function
[LightGBM] [Warning] No further splits with positive gain, best gain: -inf
2025-12-29 01:23:49,200 - src.training.steps.labeling.label_geometry_selection - INFO - ℹ️ Gate rejected: survival=33.25%, uniq=0.23, reasons=['Low Learnability (AUC Lift 0.005)']
[LightGBM] [Info] Using self-defined objective function
[LightGBM] [Warning] No further splits with positive gain, best gain: -inf
[LightGBM] [Info] Using self-defined objective function
[LightGBM] [Info] Using self-defined objective function
[LightGBM] [Warning] No further splits with positive gain, best gain: -inf
[LightGBM] [Warning] No further splits with positive gain, best gain: -inf
[LightGBM] [Warning] No further splits with positive gain, best gain: -inf
[LightGBM] [Warning] No further splits with positive gain, best gain: -inf
[LightGBM] [Warning] No further splits with positive gain, best gain: -inf
[LightGBM] [Warning] No further splits with positive gain, best gain: -inf
[LightGBM] [Warning] No further splits with positive gain, best gain: -inf
[LightGBM] [Warning] No further splits with positive gain, best gain: -inf
[LightGBM] [Info] Using self-defined objective function
[LightGBM] [Warning] No further splits with positive gain, best gain: -inf
[LightGBM] [Warning] No further splits with positive gain, best gain: -inf
[LightGBM] [Warning] No further splits with positive gain, best gain: -inf
[LightGBM] [Warning] No further splits with positive gain, best gain: -inf
[LightGBM] [Warning] No further splits with positive gain, best gain: -inf
[LightGBM] [Warning] No further splits with positive gain, best gain: -inf
[LightGBM] [Warning] No further splits with positive gain, best gain: -inf
[LightGBM] [Warning] No further splits with positive gain, best gain: -inf
[LightGBM] [Warning] No further splits with positive gain, best gain: -inf
2025-12-29 01:23:49,531 - src.training.steps.labeling.label_geometry_selection - INFO - ℹ️ Gate rejected: survival=50.20%, uniq=0.16, reasons=['Low Precision Lift (-0.004)']
[LightGBM] [Info] Using self-defined objective function
[LightGBM] [Warning] No further splits with positive gain, best gain: -inf
[LightGBM] [Info] Using self-defined objective function
2025-12-29 01:23:49,674 - src.training.steps.labeling.label_geometry_selection - INFO - ℹ️ Gate rejected: survival=27.99%, uniq=0.25, reasons=['Low Precision Lift (-0.004)']
[LightGBM] [Info] Using self-defined objective function
[LightGBM] [Warning] No further splits with positive gain, best gain: -inf
[LightGBM] [Warning] No further splits with positive gain, best gain: -inf
2025-12-29 01:23:49,743 - src.training.steps.labeling.label_geometry_selection - INFO - ℹ️ Gate rejected: survival=50.05%, uniq=0.16, reasons=['Low Learnability (AUC Lift 0.003)']
[LightGBM] [Info] Using self-defined objective function
[LightGBM] [Warning] No further splits with positive gain, best gain: -inf
[LightGBM] [Warning] No further splits with positive gain, best gain: -inf
[LightGBM] [Warning] No further splits with positive gain, best gain: -inf
2025-12-29 01:23:49,819 - src.training.steps.labeling.label_geometry_selection - INFO - ℹ️ Gate rejected: survival=28.35%, uniq=0.25, reasons=['Low Learnability (AUC Lift 0.002)']
[LightGBM] [Info] Using self-defined objective function
[LightGBM] [Warning] No further splits with positive gain, best gain: -inf
[LightGBM] [Warning] No further splits with positive gain, best gain: -inf
[LightGBM] [Warning] No further splits with positive gain, best gain: -inf
[LightGBM] [Warning] No further splits with positive gain, best gain: -inf
[LightGBM] [Warning] No further splits with positive gain, best gain: -inf
[LightGBM] [Warning] No further splits with positive gain, best gain: -inf
[LightGBM] [Warning] No further splits with positive gain, best gain: -inf
[LightGBM] [Warning] No further splits with positive gain, best gain: -inf
[LightGBM] [Warning] No further splits with positive gain, best gain: -inf
[LightGBM] [Warning] No further splits with positive gain, best gain: -inf
[LightGBM] [Warning] No further splits with positive gain, best gain: -inf
[LightGBM] [Warning] No further splits with positive gain, best gain: -inf
[LightGBM] [Warning] No further splits with positive gain, best gain: -inf
[LightGBM] [Warning] No further splits with positive gain, best gain: -inf
2025-12-29 01:23:49,906 - src.training.steps.labeling.label_geometry_selection - INFO - ℹ️ Gate rejected: survival=32.94%, uniq=0.22, reasons=['Low Learnability (AUC Lift 0.006)']
[LightGBM] [Info] Using self-defined objective function
[LightGBM] [Warning] No further splits with positive gain, best gain: -inf
[LightGBM] [Warning] No further splits with positive gain, best gain: -inf
[LightGBM] [Warning] No further splits with positive gain, best gain: -inf
[LightGBM] [Warning] No further splits with positive gain, best gain: -inf
[LightGBM] [Warning] No further splits with positive gain, best gain: -inf
[LightGBM] [Warning] No further splits with positive gain, best gain: -inf
[LightGBM] [Warning] No further splits with positive gain, best gain: -inf
[LightGBM] [Warning] No further splits with positive gain, best gain: -inf
[LightGBM] [Warning] No further splits with positive gain, best gain: -inf
[LightGBM] [Warning] No further splits with positive gain, best gain: -inf
[LightGBM] [Warning] No further splits with positive gain, best gain: -inf
2025-12-29 01:23:49,979 - src.training.steps.labeling.label_geometry_selection - INFO - ℹ️ Gate rejected: survival=37.23%, uniq=0.21, reasons=['Low Learnability (AUC Lift 0.010)']
[LightGBM] [Info] Using self-defined objective function
[LightGBM] [Warning] No further splits with positive gain, best gain: -inf
[LightGBM] [Warning] No further splits with positive gain, best gain: -inf
[LightGBM] [Warning] No further splits with positive gain, best gain: -inf
2025-12-29 01:23:50,068 - src.training.steps.labeling.label_geometry_selection - INFO - ℹ️ Gate rejected: survival=39.89%, uniq=0.20, reasons=['Low Learnability (AUC Lift 0.007)']
[LightGBM] [Info] Using self-defined objective function
[LightGBM] [Warning] No further splits with positive gain, best gain: -inf
[LightGBM] [Warning] No further splits with positive gain, best gain: -inf
[LightGBM] [Warning] No further splits with positive gain, best gain: -inf
[LightGBM] [Warning] No further splits with positive gain, best gain: -inf
[LightGBM] [Info] Using self-defined objective function
[LightGBM] [Warning] No further splits with positive gain, best gain: -inf
[LightGBM] [Warning] No further splits with positive gain, best gain: -inf
[LightGBM] [Warning] No further splits with positive gain, best gain: -inf
[LightGBM] [Warning] No further splits with positive gain, best gain: -inf
[LightGBM] [Warning] No further splits with positive gain, best gain: -inf
[LightGBM] [Warning] No further splits with positive gain, best gain: -inf
[LightGBM] [Warning] No further splits with positive gain, best gain: -inf
[LightGBM] [Info] Using self-defined objective function
[LightGBM] [Warning] No further splits with positive gain, best gain: -inf
[LightGBM] [Warning] No further splits with positive gain, best gain: -inf
[LightGBM] [Warning] No further splits with positive gain, best gain: -inf
[LightGBM] [Warning] No further splits with positive gain, best gain: -inf
[LightGBM] [Warning] No further splits with positive gain, best gain: -inf
[LightGBM] [Warning] No further splits with positive gain, best gain: -inf
[LightGBM] [Warning] No further splits with positive gain, best gain: -inf
[LightGBM] [Warning] No further splits with positive gain, best gain: -inf
[LightGBM] [Info] Using self-defined objective function
[LightGBM] [Warning] No further splits with positive gain, best gain: -inf
[LightGBM] [Warning] No further splits with positive gain, best gain: -inf
[LightGBM] [Warning] No further splits with positive gain, best gain: -inf
[LightGBM] [Warning] No further splits with positive gain, best gain: -inf
[LightGBM] [Warning] No further splits with positive gain, best gain: -inf
[LightGBM] [Warning] No further splits with positive gain, best gain: -inf
[LightGBM] [Warning] No further splits with positive gain, best gain: -inf
[LightGBM] [Info] Using self-defined objective function
[LightGBM] [Warning] No further splits with positive gain, best gain: -inf
[LightGBM] [Warning] No further splits with positive gain, best gain: -inf
[LightGBM] [Warning] No further splits with positive gain, best gain: -inf
[LightGBM] [Info] Using self-defined objective function
[LightGBM] [Warning] No further splits with positive gain, best gain: -inf
[LightGBM] [Warning] No further splits with positive gain, best gain: -inf
[LightGBM] [Warning] No further splits with positive gain, best gain: -inf
[LightGBM] [Info] Using self-defined objective function
[LightGBM] [Warning] No further splits with positive gain, best gain: -inf
[LightGBM] [Info] Using self-defined objective function
[LightGBM] [Warning] No further splits with positive gain, best gain: -inf
[LightGBM] [Warning] No further splits with positive gain, best gain: -inf
2025-12-29 01:23:50,699 - src.training.steps.labeling.label_geometry_selection - INFO - ℹ️ Gate rejected: survival=35.90%, uniq=0.22, reasons=['Low Learnability (AUC Lift 0.010)']
[LightGBM] [Info] Using self-defined objective function
[LightGBM] [Warning] No further splits with positive gain, best gain: -inf
[LightGBM] [Warning] No further splits with positive gain, best gain: -inf
[LightGBM] [Warning] No further splits with positive gain, best gain: -inf
[LightGBM] [Warning] No further splits with positive gain, best gain: -inf
[LightGBM] [Warning] No further splits with positive gain, best gain: -inf
[LightGBM] [Warning] No further splits with positive gain, best gain: -inf
[LightGBM] [Warning] No further splits with positive gain, best gain: -inf
[LightGBM] [Warning] No further splits with positive gain, best gain: -inf
[LightGBM] [Warning] No further splits with positive gain, best gain: -inf
[LightGBM] [Warning] No further splits with positive gain, best gain: -inf
2025-12-29 01:23:50,766 - src.training.steps.labeling.label_geometry_selection - INFO - ℹ️ Gate rejected: survival=36.21%, uniq=0.21, reasons=['Low Learnability (AUC Lift 0.001)']
[LightGBM] [Info] Using self-defined objective function
[LightGBM] [Warning] No further splits with positive gain, best gain: -inf
[LightGBM] [Warning] No further splits with positive gain, best gain: -inf
[LightGBM] [Warning] No further splits with positive gain, best gain: -inf
[LightGBM] [Warning] No further splits with positive gain, best gain: -inf
[LightGBM] [Warning] No further splits with positive gain, best gain: -inf
[LightGBM] [Info] Using self-defined objective function
[LightGBM] [Warning] No further splits with positive gain, best gain: -inf
[LightGBM] [Warning] No further splits with positive gain, best gain: -inf
[LightGBM] [Warning] No further splits with positive gain, best gain: -inf
[LightGBM] [Warning] No further splits with positive gain, best gain: -inf
[LightGBM] [Warning] No further splits with positive gain, best gain: -inf
[LightGBM] [Warning] No further splits with positive gain, best gain: -inf
[LightGBM] [Warning] No further splits with positive gain, best gain: -inf
[LightGBM] [Warning] No further splits with positive gain, best gain: -inf
[LightGBM] [Warning] No further splits with positive gain, best gain: -inf
[LightGBM] [Info] Using self-defined objective function
[LightGBM] [Warning] No further splits with positive gain, best gain: -inf
[LightGBM] [Warning] No further splits with positive gain, best gain: -inf
[LightGBM] [Warning] No further splits with positive gain, best gain: -inf
[LightGBM] [Warning] No further splits with positive gain, best gain: -inf
[LightGBM] [Info] Using self-defined objective function
[LightGBM] [Warning] No further splits with positive gain, best gain: -inf
[LightGBM] [Warning] No further splits with positive gain, best gain: -inf
[LightGBM] [Info] Using self-defined objective function
[LightGBM] [Warning] No further splits with positive gain, best gain: -inf
[LightGBM] [Warning] No further splits with positive gain, best gain: -inf
[LightGBM] [Warning] No further splits with positive gain, best gain: -inf
[LightGBM] [Warning] No further splits with positive gain, best gain: -inf
[LightGBM] [Warning] No further splits with positive gain, best gain: -inf
[LightGBM] [Warning] No further splits with positive gain, best gain: -inf
[LightGBM] [Warning] No further splits with positive gain, best gain: -inf
[LightGBM] [Warning] No further splits with positive gain, best gain: -inf
[LightGBM] [Warning] No further splits with positive gain, best gain: -inf
[LightGBM] [Warning] No further splits with positive gain, best gain: -inf
[LightGBM] [Warning] No further splits with positive gain, best gain: -inf
[LightGBM] [Warning] No further splits with positive gain, best gain: -inf
[LightGBM] [Info] Using self-defined objective function
[LightGBM] [Warning] No further splits with positive gain, best gain: -inf
[LightGBM] [Warning] No further splits with positive gain, best gain: -inf
[LightGBM] [Warning] No further splits with positive gain, best gain: -inf
[LightGBM] [Warning] No further splits with positive gain, best gain: -inf
[LightGBM] [Warning] No further splits with positive gain, best gain: -inf
2025-12-29 01:23:51,233 - src.training.steps.labeling.label_geometry_selection - INFO - ℹ️ Gate rejected: survival=41.98%, uniq=0.18, reasons=['Low Learnability (AUC Lift 0.004)']
[LightGBM] [Info] Using self-defined objective function
[LightGBM] [Warning] No further splits with positive gain, best gain: -inf
[LightGBM] [Info] Using self-defined objective function
[LightGBM] [Warning] No further splits with positive gain, best gain: -inf
[LightGBM] [Info] Using self-defined objective function
[LightGBM] [Warning] No further splits with positive gain, best gain: -inf
[LightGBM] [Warning] No further splits with positive gain, best gain: -inf
[LightGBM] [Warning] No further splits with positive gain, best gain: -inf
[LightGBM] [Warning] No further splits with positive gain, best gain: -inf
[LightGBM] [Warning] No further splits with positive gain, best gain: -inf
[LightGBM] [Warning] No further splits with positive gain, best gain: -inf
[LightGBM] [Warning] No further splits with positive gain, best gain: -inf
[LightGBM] [Warning] No further splits with positive gain, best gain: -inf
[LightGBM] [Warning] No further splits with positive gain, best gain: -inf
[LightGBM] [Info] Using self-defined objective function
[LightGBM] [Warning] No further splits with positive gain, best gain: -inf
[LightGBM] [Warning] No further splits with positive gain, best gain: -inf
[LightGBM] [Warning] No further splits with positive gain, best gain: -inf
[LightGBM] [Warning] No further splits with positive gain, best gain: -inf
[LightGBM] [Warning] No further splits with positive gain, best gain: -inf
[LightGBM] [Warning] No further splits with positive gain, best gain: -inf
[LightGBM] [Warning] No further splits with positive gain, best gain: -inf
[LightGBM] [Warning] No further splits with positive gain, best gain: -inf
[LightGBM] [Warning] No further splits with positive gain, best gain: -inf
[LightGBM] [Info] Using self-defined objective function
[LightGBM] [Warning] No further splits with positive gain, best gain: -inf
2025-12-29 01:23:51,617 - src.training.steps.labeling.label_geometry_selection - INFO - ℹ️ Gate rejected: survival=44.74%, uniq=0.18, reasons=['Low Learnability (AUC Lift 0.004)']
[LightGBM] [Info] Using self-defined objective function
[LightGBM] [Warning] No further splits with positive gain, best gain: -inf
[LightGBM] [Warning] No further splits with positive gain, best gain: -inf
[LightGBM] [Warning] No further splits with positive gain, best gain: -inf
[LightGBM] [Warning] No further splits with positive gain, best gain: -inf
[LightGBM] [Warning] No further splits with positive gain, best gain: -inf
[LightGBM] [Warning] No further splits with positive gain, best gain: -inf
[LightGBM] [Warning] No further splits with positive gain, best gain: -inf
[LightGBM] [Warning] No further splits with positive gain, best gain: -inf
[LightGBM] [Warning] No further splits with positive gain, best gain: -inf
[LightGBM] [Warning] No further splits with positive gain, best gain: -inf
[LightGBM] [Info] Using self-defined objective function
[LightGBM] [Warning] No further splits with positive gain, best gain: -inf
[LightGBM] [Warning] No further splits with positive gain, best gain: -inf
[LightGBM] [Warning] No further splits with positive gain, best gain: -inf
[LightGBM] [Warning] No further splits with positive gain, best gain: -inf
[LightGBM] [Warning] No further splits with positive gain, best gain: -inf
[LightGBM] [Info] Using self-defined objective function
[LightGBM] [Warning] No further splits with positive gain, best gain: -inf
[LightGBM] [Warning] No further splits with positive gain, best gain: -inf
[LightGBM] [Warning] No further splits with positive gain, best gain: -inf
[LightGBM] [Warning] No further splits with positive gain, best gain: -inf
[LightGBM] [Warning] No further splits with positive gain, best gain: -inf
[LightGBM] [Warning] No further splits with positive gain, best gain: -inf
[LightGBM] [Info] Using self-defined objective function
[LightGBM] [Warning] No further splits with positive gain, best gain: -inf
[LightGBM] [Info] Using self-defined objective function
[LightGBM] [Warning] No further splits with positive gain, best gain: -inf
[LightGBM] [Warning] No further splits with positive gain, best gain: -inf
2025-12-29 01:23:52,002 - src.training.steps.labeling.label_geometry_selection - INFO - ℹ️ Gate rejected: survival=29.57%, uniq=0.25, reasons=['Low Learnability (AUC Lift 0.008)']
[LightGBM] [Info] Using self-defined objective function
[LightGBM] [Warning] No further splits with positive gain, best gain: -inf
[LightGBM] [Warning] No further splits with positive gain, best gain: -inf
[LightGBM] [Warning] No further splits with positive gain, best gain: -inf
[LightGBM] [Warning] No further splits with positive gain, best gain: -inf
[LightGBM] [Warning] No further splits with positive gain, best gain: -inf
[LightGBM] [Warning] No further splits with positive gain, best gain: -inf
[LightGBM] [Warning] No further splits with positive gain, best gain: -inf
[LightGBM] [Info] Using self-defined objective function
[LightGBM] [Warning] No further splits with positive gain, best gain: -inf
[LightGBM] [Warning] No further splits with positive gain, best gain: -inf
[LightGBM] [Warning] No further splits with positive gain, best gain: -inf
[LightGBM] [Warning] No further splits with positive gain, best gain: -inf
[LightGBM] [Warning] No further splits with positive gain, best gain: -inf
[LightGBM] [Warning] No further splits with positive gain, best gain: -inf
[LightGBM] [Warning] No further splits with positive gain, best gain: -inf
[LightGBM] [Warning] No further splits with positive gain, best gain: -inf
[LightGBM] [Warning] No further splits with positive gain, best gain: -inf
[LightGBM] [Info] Using self-defined objective function
[LightGBM] [Warning] No further splits with positive gain, best gain: -inf
[LightGBM] [Warning] No further splits with positive gain, best gain: -inf
[LightGBM] [Warning] No further splits with positive gain, best gain: -inf
[LightGBM] [Warning] No further splits with positive gain, best gain: -inf
[LightGBM] [Warning] No further splits with positive gain, best gain: -inf
[LightGBM] [Warning] No further splits with positive gain, best gain: -inf
[LightGBM] [Info] Using self-defined objective function
[LightGBM] [Warning] No further splits with positive gain, best gain: -inf
[LightGBM] [Warning] No further splits with positive gain, best gain: -inf
[LightGBM] [Warning] No further splits with positive gain, best gain: -inf
[LightGBM] [Warning] No further splits with positive gain, best gain: -inf
[LightGBM] [Warning] No further splits with positive gain, best gain: -inf
[LightGBM] [Warning] No further splits with positive gain, best gain: -inf
[LightGBM] [Warning] No further splits with positive gain, best gain: -inf
[LightGBM] [Warning] No further splits with positive gain, best gain: -inf
[LightGBM] [Warning] No further splits with positive gain, best gain: -inf
[LightGBM] [Warning] No further splits with positive gain, best gain: -inf
2025-12-29 01:23:52,351 - src.training.steps.labeling.label_geometry_selection - INFO - ℹ️ Gate rejected: survival=37.74%, uniq=0.21, reasons=['Low Learnability (AUC Lift 0.006)']
[LightGBM] [Info] Using self-defined objective function
[LightGBM] [Warning] No further splits with positive gain, best gain: -inf
[LightGBM] [Warning] No further splits with positive gain, best gain: -inf
[LightGBM] [Warning] No further splits with positive gain, best gain: -inf
[LightGBM] [Warning] No further splits with positive gain, best gain: -inf
[LightGBM] [Warning] No further splits with positive gain, best gain: -inf
[LightGBM] [Warning] No further splits with positive gain, best gain: -inf
[LightGBM] [Warning] No further splits with positive gain, best gain: -inf
[LightGBM] [Warning] No further splits with positive gain, best gain: -inf
[LightGBM] [Warning] No further splits with positive gain, best gain: -inf
[LightGBM] [Warning] No further splits with positive gain, best gain: -inf
[LightGBM] [Info] Using self-defined objective function
[LightGBM] [Warning] No further splits with positive gain, best gain: -inf
[LightGBM] [Warning] No further splits with positive gain, best gain: -inf
[LightGBM] [Warning] No further splits with positive gain, best gain: -inf
[LightGBM] [Warning] No further splits with positive gain, best gain: -inf
[LightGBM] [Warning] No further splits with positive gain, best gain: -inf
[LightGBM] [Warning] No further splits with positive gain, best gain: -inf
[LightGBM] [Warning] No further splits with positive gain, best gain: -inf
[LightGBM] [Warning] No further splits with positive gain, best gain: -inf
[LightGBM] [Warning] No further splits with positive gain, best gain: -inf
[LightGBM] [Info] Using self-defined objective function
[LightGBM] [Warning] No further splits with positive gain, best gain: -inf
[LightGBM] [Warning] No further splits with positive gain, best gain: -inf
[LightGBM] [Warning] No further splits with positive gain, best gain: -inf
[LightGBM] [Warning] No further splits with positive gain, best gain: -inf
[LightGBM] [Warning] No further splits with positive gain, best gain: -inf
[LightGBM] [Warning] No further splits with positive gain, best gain: -inf
[LightGBM] [Warning] No further splits with positive gain, best gain: -inf
[LightGBM] [Warning] No further splits with positive gain, best gain: -inf
[LightGBM] [Warning] No further splits with positive gain, best gain: -inf
[LightGBM] [Info] Using self-defined objective function
[LightGBM] [Warning] No further splits with positive gain, best gain: -inf
[LightGBM] [Warning] No further splits with positive gain, best gain: -inf
[LightGBM] [Info] Using self-defined objective function
[LightGBM] [Warning] No further splits with positive gain, best gain: -inf
[LightGBM] [Warning] No further splits with positive gain, best gain: -inf
2025-12-29 01:23:52,762 - src.training.steps.labeling.label_geometry_selection - INFO - ℹ️ Gate rejected: survival=44.99%, uniq=0.18, reasons=['Low Precision Lift (-0.001)']
[LightGBM] [Info] Using self-defined objective function
[LightGBM] [Warning] No further splits with positive gain, best gain: -inf
[LightGBM] [Warning] No further splits with positive gain, best gain: -inf
[LightGBM] [Warning] No further splits with positive gain, best gain: -inf
[LightGBM] [Warning] No further splits with positive gain, best gain: -inf
[LightGBM] [Warning] No further splits with positive gain, best gain: -inf
[LightGBM] [Warning] No further splits with positive gain, best gain: -inf
[LightGBM] [Warning] No further splits with positive gain, best gain: -inf
[LightGBM] [Warning] No further splits with positive gain, best gain: -inf
[LightGBM] [Warning] No further splits with positive gain, best gain: -inf
[LightGBM] [Warning] No further splits with positive gain, best gain: -inf
[LightGBM] [Warning] No further splits with positive gain, best gain: -inf
[LightGBM] [Info] Using self-defined objective function
[LightGBM] [Warning] No further splits with positive gain, best gain: -inf
[LightGBM] [Warning] No further splits with positive gain, best gain: -inf
[LightGBM] [Warning] No further splits with positive gain, best gain: -inf
[LightGBM] [Warning] No further splits with positive gain, best gain: -inf
[LightGBM] [Warning] No further splits with positive gain, best gain: -inf
[LightGBM] [Warning] No further splits with positive gain, best gain: -inf
[LightGBM] [Info] Using self-defined objective function
[LightGBM] [Warning] No further splits with positive gain, best gain: -inf
[LightGBM] [Warning] No further splits with positive gain, best gain: -inf
[LightGBM] [Warning] No further splits with positive gain, best gain: -inf
[LightGBM] [Warning] No further splits with positive gain, best gain: -inf
[LightGBM] [Warning] No further splits with positive gain, best gain: -inf
[LightGBM] [Info] Using self-defined objective function
[LightGBM] [Warning] No further splits with positive gain, best gain: -inf
[LightGBM] [Warning] No further splits with positive gain, best gain: -inf
2025-12-29 01:23:53,071 - src.training.steps.labeling.label_geometry_selection - INFO - ℹ️ Gate rejected: survival=27.22%, uniq=0.26, reasons=['Low Learnability (AUC Lift 0.003)']
[LightGBM] [Info] Using self-defined objective function
[LightGBM] [Warning] No further splits with positive gain, best gain: -inf
[LightGBM] [Info] Using self-defined objective function
[LightGBM] [Info] Using self-defined objective function
[LightGBM] [Warning] No further splits with positive gain, best gain: -inf
[LightGBM] [Warning] No further splits with positive gain, best gain: -inf
[LightGBM] [Warning] No further splits with positive gain, best gain: -inf
[LightGBM] [Warning] No further splits with positive gain, best gain: -inf
[LightGBM] [Warning] No further splits with positive gain, best gain: -inf
[LightGBM] [Info] Using self-defined objective function
[LightGBM] [Warning] No further splits with positive gain, best gain: -inf
[LightGBM] [Warning] No further splits with positive gain, best gain: -inf
[LightGBM] [Warning] No further splits with positive gain, best gain: -inf
2025-12-29 01:23:53,369 - src.training.steps.labeling.label_geometry_selection - INFO - ℹ️ Pruning 67 accepted geometries based on correlation...
2025-12-29 01:23:53,369 - src.training.steps.labeling.label_geometry_selection - INFO - ℹ️ Dropped Pain Averse (High Penalty for Drawdown) (Sep: 0.120) due to correlation 0.95 with Pain Averse (High Penalty for Drawdown) (Sep: 0.148)
2025-12-29 01:23:53,369 - src.training.steps.labeling.label_geometry_selection - INFO - ℹ️ Dropped Pain Averse (High Penalty for Drawdown) (Sep: 0.121) due to correlation 1.00 with Balanced (Sep: 0.121)
2025-12-29 01:23:53,370 - src.training.steps.labeling.label_geometry_selection - INFO - ℹ️ Dropped Momentum Surfer (Tolerates Volatility) (Sep: 0.117) due to correlation 1.00 with Sniper (Selective, High Reward) (Sep: 0.117)
2025-12-29 01:23:53,370 - src.training.steps.labeling.label_geometry_selection - INFO - ℹ️ Dropped Pain Averse (High Penalty for Drawdown) (Sep: 0.117) due to correlation 1.00 with Sniper (Selective, High Reward) (Sep: 0.117)
2025-12-29 01:23:53,370 - src.training.steps.labeling.label_geometry_selection - INFO - ℹ️ Dropped Sniper (Selective, High Reward) (Sep: 0.117) due to correlation 1.00 with Sniper (Selective, High Reward) (Sep: 0.117)
2025-12-29 01:23:53,370 - src.training.steps.labeling.label_geometry_selection - INFO - ℹ️ Dropped Sniper (Selective, High Reward) (Sep: 0.083) due to correlation 1.00 with Sniper (Selective, High Reward) (Sep: 0.083)
2025-12-29 01:23:53,370 - src.training.steps.labeling.label_geometry_selection - INFO - ℹ️ Dropped Balanced (Sep: 0.064) due to correlation 0.93 with Balanced (Sep: 0.077)
2025-12-29 01:23:53,370 - src.training.steps.labeling.label_geometry_selection - INFO - ℹ️ Dropped Sniper (Selective, High Reward) (Sep: 0.067) due to correlation 1.00 with Sniper (Selective, High Reward) (Sep: 0.067)
2025-12-29 01:23:53,370 - src.training.steps.labeling.label_geometry_selection - INFO - ℹ️ Dropped Balanced (Sep: 0.067) due to correlation 1.00 with Sniper (Selective, High Reward) (Sep: 0.067)
2025-12-29 01:23:53,370 - src.training.steps.labeling.label_geometry_selection - INFO - ℹ️ Dropped Sniper (Selective, High Reward) (Sep: 0.067) due to correlation 1.00 with Sniper (Selective, High Reward) (Sep: 0.067)
2025-12-29 01:23:53,370 - src.training.steps.labeling.label_geometry_selection - INFO - ℹ️ Dropped Sniper (Selective, High Reward) (Sep: 0.066) due to correlation 1.00 with Balanced (Sep: 0.066)
2025-12-29 01:23:53,370 - src.training.steps.labeling.label_geometry_selection - INFO - ℹ️ Dropped Sniper (Selective, High Reward) (Sep: 0.066) due to correlation 1.00 with Balanced (Sep: 0.066)
2025-12-29 01:23:53,370 - src.training.steps.labeling.label_geometry_selection - INFO - ℹ️ Dropped Balanced (Sep: 0.066) due to correlation 1.00 with Balanced (Sep: 0.066)
2025-12-29 01:23:53,370 - src.training.steps.labeling.label_geometry_selection - INFO - ℹ️ Dropped Momentum Surfer (Tolerates Volatility) (Sep: 0.055) due to correlation 0.92 with Balanced (Sep: 0.059)
2025-12-29 01:23:53,370 - src.training.steps.labeling.label_geometry_selection - INFO - ℹ️ Dropped Balanced (Sep: 0.042) due to correlation 1.00 with Momentum Surfer (Tolerates Volatility) (Sep: 0.047)
2025-12-29 01:23:53,370 - src.training.steps.labeling.label_geometry_selection - INFO - ℹ️ Dropped Pain Averse (High Penalty for Drawdown) (Sep: 0.040) due to correlation 1.00 with Momentum Surfer (Tolerates Volatility) (Sep: 0.047)
2025-12-29 01:23:53,370 - src.training.steps.labeling.label_geometry_selection - INFO - ℹ️ Final Selection: 10 geometries (Best Separation Score: 0.148, Max: 10)
2025-12-29 01:23:53,374 - src.training.steps.labeling.label_based_layer_2 - INFO - ℹ️ Geometry selection complete: 10 geometries selected
2025-12-29 01:23:53,377 - src.training.steps.labeling.label_based_layer_2 - INFO - ℹ️ Layer2 OOF Fold 3: extracted_trials_per_family={'Unified': 10}
2025-12-29 01:23:53,408 - src.training.steps.labeling.label_based_layer_2 - INFO - ℹ️ Layer2 OOF Fold 3: selected_geometries=1, by_family={'Unified': 1}
[LightGBM] [Info] Using self-defined objective function
2025-12-29 01:23:57,985 - src.training.steps.labeling.label_based_layer_2 - INFO - ℹ️ [LGBM Focal] Gamma(+):0.5 Gamma(-):1.25 | Alpha:0.6500
2025-12-29 01:23:58,817 - src.training.steps.labeling.label_based_layer_2 - WARNING - ⚠️ Failed to train geometry model for Unified_Rank0: tuple index out of range
2025-12-29 01:24:03,416 - src.training.steps.labeling.label_based_layer_2 - INFO - ℹ️ Layer2 Bagging: 5147 orphan events (no geo coverage) filled with neutral defaults.
2025-12-29 01:24:03,416 - src.training.steps.labeling.label_based_layer_2 - INFO - ℹ️ 
>>> Training multi-output ensemble members...
2025-12-29 01:24:03,419 - src.training.steps.labeling.label_based_layer_2 - INFO - ℹ️ Layer2 OOF Fold 3: labeled_events=5147/5147, geometry_channels=0
2025-12-29 01:24:03,426 - src.training.steps.labeling.label_based_layer_2 - INFO - ℹ️ >>> Layer 2: Step 4 - Generate Reports...
[2025-12-29 01:24:03.433] INFO: Layer2 max production horizon=20
[2025-12-29 01:24:03.439] INFO: >>> Preparing OOF Data for Layer 3...
[2025-12-29 01:24:03.447] INFO: Layer3 econ deadband auto: deadband=0, coverage=None, pos_rate=None, cohens_d=None, snr=None
[2025-12-29 01:24:03.451] INFO: Layer3 drop reasons written: outcomes/layer3_drop_reasons_20251229_012229.csv
[2025-12-29 01:24:03.451] INFO: >>> Executing Layer 3: Weighting Scheme Comparison & Training...
[2025-12-29 01:24:03.451] INFO:    [Target A] Training on Economic Target (continuous)...

============================================================
LAYER 3: ANALYST META-MODEL (LGBM + CALIBRATION) - COMPARATIVE MODE
============================================================
<< Generating Layer 3 Features (centralized in generate_layer3_features)...
<< Generating Regime Leaf Features...
<< Generating NN Sequence Embeddings...
[2025-12-29 01:24:03.489] INFO: [nn_sequence] generate_embeddings start rows=34561 encoder_type=stacked seq_len=24 embed_dim=8 device=cpu torch_available=True
[2025-12-29 01:24:05.432] INFO: [nn_sequence] prepared_sequences n_sequences=34537 valid_indices=34537 seq_shape=(34537, 24, 4)
[2025-12-29 01:24:06.011] INFO: [nn_sequence] generated_embeddings shape=(34537, 8) nan_rate=0.000000
[2025-12-29 01:24:06.013] SUCCESS: [nn_sequence] generate_embeddings done out_shape=(34561, 8)
   Added 8 NN embedding features
   Final Feature Set (48): ['nn_embed_0', 'nn_embed_1', 'nn_embed_2', 'nn_embed_3', 'nn_embed_4', 'nn_embed_5', 'nn_embed_6', 'nn_embed_7', 'ensemble_prob', 'max_base_prob', 'min_base_prob', 'base_prob_range', 'logit_prob', 'logit_momentum_5', 'logit_momentum_1', 'vol_at_signal', 'volatility_risk_ratio', 'candle_shape', 'candle_shape_4', 'momentum_agreement', 'momentum_agreement_abs', 'momentum_weighted_agreement', 'trend_consistency_12', 'ens_prediction_dispersion', 'ens_confidence_gap', 'ens_uncertainty', 'ens_prediction_range', 'ens_avg_divergence', 'ens_max_confidence', 'ens_disagreement_rate', 'ens_snr_internal', 'ens_snr_consensus', 'slope_short', 'adx_proxy', 'momentum_short', 'snr', 'time_since_last_vol_spike', 'time_since_last_large_candle', 'choppiness_index', 'variance_ratio', 'permutation_entropy', 'day_of_week', 'hour_sin', 'hour_cos', 'is_weekend', 'efficiency_ratio', 'price_position_in_range', 'volatility_1d']
   [FEATURE_CHECK] Momentum Agreement: True, Disagreement: True
   [FEATURE_CHECK] Base Models Included (0): []

=== TARGET DROPNA ANALYSIS ===
Initial rows: 15353
Target column 'l2_consensus_target' NaN count: 0
Target NaN percentage: 0.00%
Target column stats:
  - Non-null count: 15353
  - Null count: 0
  - Min value: 0.5
  - Max value: 0.5
  - Unique values: 1
  - Value counts: {0.5: 15353}
Top 10 columns with NaNs:
After target dropna: 15353 rows (0 dropped, 0.0% loss)
===================================
   Implemented Scheme 12: Stability-Weighted (Vol-Inverse)

>> Phase 1: Quick Screening (7 Schemes, Fold 1 Only)...
   Screening S1_L1...
   Calibrated logistic regression failed: Insufficient class diversity in y_fit: [0.5]
   X_fit shape: (9826, 48), y_fit unique: [0.5]
   Using LGBM fallback
   Screening S2_L1_L2...
   Calibrated logistic regression failed: Insufficient class diversity in y_fit: [0.5]
   X_fit shape: (9826, 48), y_fit unique: [0.5]
   Using LGBM fallback
   Screening S3_L2...
   Calibrated logistic regression failed: Insufficient class diversity in y_fit: [0.5]
   X_fit shape: (9826, 48), y_fit unique: [0.5]
   Using LGBM fallback
   Screening S9_ClassBalanced...
   Calibrated logistic regression failed: Insufficient class diversity in y_fit: [0.5]
   X_fit shape: (9826, 48), y_fit unique: [0.5]
   Using LGBM fallback
   Screening S10_L1_Qual...
   Calibrated logistic regression failed: Insufficient class diversity in y_fit: [0.5]
   X_fit shape: (9826, 48), y_fit unique: [0.5]
   Using LGBM fallback
   Screening S11_Qual...
   Calibrated logistic regression failed: Insufficient class diversity in y_fit: [0.5]
   X_fit shape: (9826, 48), y_fit unique: [0.5]
   Using LGBM fallback
   Screening S12_StabilityWeighted...
   Calibrated logistic regression failed: Insufficient class diversity in y_fit: [0.5]
   X_fit shape: (9826, 48), y_fit unique: [0.5]
   Using LGBM fallback

>> Phase 2: Full Evaluation (Top 3: ['S1_L1', 'S2_L1_L2', 'S3_L2'])...
   Full evaluation: S1_L1...
   Calibrated logistic regression failed: Insufficient class diversity in y_fit: [0.5]
   X_fit shape: (2425, 48), y_fit unique: [0.5]
   Using LGBM fallback
   Calibrated logistic regression failed: Insufficient class diversity in y_fit: [0.5]
   X_fit shape: (4896, 48), y_fit unique: [0.5]
   Using LGBM fallback
   Calibrated logistic regression failed: Insufficient class diversity in y_fit: [0.5]
   X_fit shape: (7361, 48), y_fit unique: [0.5]
   Using LGBM fallback
   Calibrated logistic regression failed: Insufficient class diversity in y_fit: [0.5]
   X_fit shape: (9826, 48), y_fit unique: [0.5]
   Using LGBM fallback
   Full evaluation: S2_L1_L2...
   Calibrated logistic regression failed: Insufficient class diversity in y_fit: [0.5]
   X_fit shape: (2425, 48), y_fit unique: [0.5]
   Using LGBM fallback
   Calibrated logistic regression failed: Insufficient class diversity in y_fit: [0.5]
   X_fit shape: (4896, 48), y_fit unique: [0.5]
   Using LGBM fallback
   Calibrated logistic regression failed: Insufficient class diversity in y_fit: [0.5]
   X_fit shape: (7361, 48), y_fit unique: [0.5]
   Using LGBM fallback
   Calibrated logistic regression failed: Insufficient class diversity in y_fit: [0.5]
   X_fit shape: (9826, 48), y_fit unique: [0.5]
   Using LGBM fallback
   Full evaluation: S3_L2...
   Calibrated logistic regression failed: Insufficient class diversity in y_fit: [0.5]
   X_fit shape: (2425, 48), y_fit unique: [0.5]
   Using LGBM fallback
   Calibrated logistic regression failed: Insufficient class diversity in y_fit: [0.5]
   X_fit shape: (4896, 48), y_fit unique: [0.5]
   Using LGBM fallback
   Calibrated logistic regression failed: Insufficient class diversity in y_fit: [0.5]
   X_fit shape: (7361, 48), y_fit unique: [0.5]
   Using LGBM fallback
   Calibrated logistic regression failed: Insufficient class diversity in y_fit: [0.5]
   X_fit shape: (9826, 48), y_fit unique: [0.5]
   Using LGBM fallback

=====================================================================================
   LAYER 3 WEIGHTING SCHEME COMPARISON
=====================================================================================
Scheme          | Score    | AUC    | PR_AUC  | LogLoss  | ECE    | T30_TPD | T30_Win% | Rating
----------------------------------------------------------------------------------------------------
S1_L1           | -100.0074 | 0.5000 |     nan |   0.6931 | 0.5000 |    37.3 |    0.000 | Toxic
S2_L1_L2        | -100.0074 | 0.5000 |     nan |   0.6931 | 0.5000 |    37.3 |    0.000 | Toxic
S3_L2           | -100.0074 | 0.5000 |     nan |   0.6931 | 0.5000 |    37.3 |    0.000 | Toxic
----------------------------------------------------------------------------------------------------

🏆 WINNER: S1_L1 (Score: -100.0074)

>> Running Classifier vs Regressor Race & HPO using S1_L1 weights...
   Detected SOFT target. Comparing Classifier (Binary) vs Regressor (Soft)...
   [Race] Training LogisticRegression (ElasticNet)...
   Logistic Regression Race failed: This solver needs samples of at least 2 classes in the data, but the data contains only one class: 0
   [Race] Classifier Score: -15.3500
   [Race] Regressor Score:  -0.0074
   [Race] LogReg Score:     -999.0000
   => Winner: REGRESSOR

>> Running Efficiency-Based Model Trials with Custom Losses...
   Missing required data for efficiency labels (entry_time, exit_time, or price data)

>> Running HPO for regressor (40 trials)...
   Best HPO Score: -999.0000
   Best Params: {'num_leaves': 106, 'max_depth': 8, 'learning_rate': 0.03927975767245621, 'n_estimators': 640, 'min_data_in_leaf': 24, 'min_sum_hessian_in_leaf': 0.002403950683025824, 'lambda_l1': 0.3232334448672798}
>> Training Final Production Model using S1_L1 and Optimized Params...

   WINNER PERFORMANCE (OOF)
   Log Loss   : 0.69315
   AUC        : 0.50000
   PR AUC     : nan
   IC         : 0.00000
   ECE        : 0.50000
   MCE        : 0.50000
   Brier      : 0.00000

   HONEST HOLDOUT (Forward Tail)
   n_train   : 13010
   n_holdout : 2303
   AUC       : nan
   Log Loss  : 0.69315
   ECE       : 0.50000
   Brier     : 0.25000


>> Running SHAP Analysis on Production Model...
   Aggregating SHAP values from 1 estimators...
   ⚠️ SHAP summary plot failed: Unable to determine Axes to steal space for Colorbar. Either provide the *cax* argument to use as the Axes for the Colorbar, provide the *ax* argument to steal space from it, or add *mappable* to an Axes.

   TOP 20 FEATURES BY SHAP IMPORTANCE:
                     feature  importance
                  nn_embed_0         0.0
                  nn_embed_1         0.0
        ens_prediction_range         0.0
          ens_avg_divergence         0.0
          ens_max_confidence         0.0
       ens_disagreement_rate         0.0
            ens_snr_internal         0.0
           ens_snr_consensus         0.0
                 slope_short         0.0
                   adx_proxy         0.0
              momentum_short         0.0
                         snr         0.0
   time_since_last_vol_spike         0.0
time_since_last_large_candle         0.0
            choppiness_index         0.0
              variance_ratio         0.0
         permutation_entropy         0.0
                 day_of_week         0.0
                    hour_sin         0.0
                    hour_cos         0.0
[2025-12-29 01:24:11.266] INFO:    [Target B] Training on Binary Consensus (Layer 2)...

============================================================
LAYER 3: ANALYST META-MODEL (LGBM + CALIBRATION) - COMPARATIVE MODE
============================================================
<< Generating Layer 3 Features (centralized in generate_layer3_features)...
<< Generating Regime Leaf Features...
<< Generating NN Sequence Embeddings...
[2025-12-29 01:24:11.376] INFO: [nn_sequence] generate_embeddings start rows=34561 encoder_type=stacked seq_len=24 embed_dim=8 device=cpu torch_available=True
[2025-12-29 01:24:13.328] INFO: [nn_sequence] prepared_sequences n_sequences=34537 valid_indices=34537 seq_shape=(34537, 24, 4)
[2025-12-29 01:24:13.837] INFO: [nn_sequence] generated_embeddings shape=(34537, 8) nan_rate=0.000000
[2025-12-29 01:24:13.839] SUCCESS: [nn_sequence] generate_embeddings done out_shape=(34561, 8)
   Added 8 NN embedding features
   Final Feature Set (48): ['nn_embed_0', 'nn_embed_1', 'nn_embed_2', 'nn_embed_3', 'nn_embed_4', 'nn_embed_5', 'nn_embed_6', 'nn_embed_7', 'ensemble_prob', 'max_base_prob', 'min_base_prob', 'base_prob_range', 'logit_prob', 'logit_momentum_5', 'logit_momentum_1', 'vol_at_signal', 'volatility_risk_ratio', 'candle_shape', 'candle_shape_4', 'momentum_agreement', 'momentum_agreement_abs', 'momentum_weighted_agreement', 'trend_consistency_12', 'ens_prediction_dispersion', 'ens_confidence_gap', 'ens_uncertainty', 'ens_prediction_range', 'ens_avg_divergence', 'ens_max_confidence', 'ens_disagreement_rate', 'ens_snr_internal', 'ens_snr_consensus', 'slope_short', 'adx_proxy', 'momentum_short', 'snr', 'time_since_last_vol_spike', 'time_since_last_large_candle', 'choppiness_index', 'variance_ratio', 'permutation_entropy', 'day_of_week', 'hour_sin', 'hour_cos', 'is_weekend', 'efficiency_ratio', 'price_position_in_range', 'volatility_1d']
   [FEATURE_CHECK] Momentum Agreement: True, Disagreement: True
   [FEATURE_CHECK] Base Models Included (0): []

=== TARGET DROPNA ANALYSIS ===
Initial rows: 15353
Target column 'l2_consensus_target' NaN count: 0
Target NaN percentage: 0.00%
Target column stats:
  - Non-null count: 15353
  - Null count: 0
  - Min value: 1.0
  - Max value: 1.0
  - Unique values: 1
  - Value counts: {1.0: 15353}
Top 10 columns with NaNs:
After target dropna: 15353 rows (0 dropped, 0.0% loss)
===================================
   Implemented Scheme 12: Stability-Weighted (Vol-Inverse)

>> Phase 1: Quick Screening (7 Schemes, Fold 1 Only)...
   Screening S1_L1...
   Calibrated logistic regression failed: Insufficient class diversity in y_fit: [1]
   X_fit shape: (9826, 48), y_fit unique: [1]
   Using LGBM fallback
2025-12-29 01:24:14,063 - src.utils.ml_common.oof_probability_calibration - INFO - ℹ️ Initialized OOFProbabilityCalibrator with method=isotonic
2025-12-29 01:24:14,064 - src.utils.ml_common.oof_probability_calibration - INFO - ℹ️ Fitting OOF probability calibrator...
2025-12-29 01:24:14,064 - src.utils.ml_common.oof_probability_calibration - INFO - ℹ️ Calibrating on 2456 OOF samples
2025-12-29 01:24:14,065 - src.utils.ml_common.oof_probability_calibration - INFO - ℹ️ Calibration complete: Brier 0.9998 -> 0.0000 (improvement: 0.9998)
   Screening S2_L1_L2...
   Calibrated logistic regression failed: Insufficient class diversity in y_fit: [1]
   X_fit shape: (9826, 48), y_fit unique: [1]
   Using LGBM fallback
2025-12-29 01:24:14,274 - src.utils.ml_common.oof_probability_calibration - INFO - ℹ️ Initialized OOFProbabilityCalibrator with method=isotonic
2025-12-29 01:24:14,275 - src.utils.ml_common.oof_probability_calibration - INFO - ℹ️ Fitting OOF probability calibrator...
2025-12-29 01:24:14,275 - src.utils.ml_common.oof_probability_calibration - INFO - ℹ️ Calibrating on 2456 OOF samples
2025-12-29 01:24:14,275 - src.utils.ml_common.oof_probability_calibration - INFO - ℹ️ Calibration complete: Brier 0.9998 -> 0.0000 (improvement: 0.9998)
   Screening S3_L2...
   Calibrated logistic regression failed: Insufficient class diversity in y_fit: [1]
   X_fit shape: (9826, 48), y_fit unique: [1]
   Using LGBM fallback
2025-12-29 01:24:14,475 - src.utils.ml_common.oof_probability_calibration - INFO - ℹ️ Initialized OOFProbabilityCalibrator with method=isotonic
2025-12-29 01:24:14,476 - src.utils.ml_common.oof_probability_calibration - INFO - ℹ️ Fitting OOF probability calibrator...
2025-12-29 01:24:14,476 - src.utils.ml_common.oof_probability_calibration - INFO - ℹ️ Calibrating on 2456 OOF samples
2025-12-29 01:24:14,477 - src.utils.ml_common.oof_probability_calibration - INFO - ℹ️ Calibration complete: Brier 0.9998 -> 0.0000 (improvement: 0.9998)
   Screening S9_ClassBalanced...
   Calibrated logistic regression failed: Insufficient class diversity in y_fit: [1]
   X_fit shape: (9826, 48), y_fit unique: [1]
   Using LGBM fallback
2025-12-29 01:24:14,681 - src.utils.ml_common.oof_probability_calibration - INFO - ℹ️ Initialized OOFProbabilityCalibrator with method=isotonic
2025-12-29 01:24:14,681 - src.utils.ml_common.oof_probability_calibration - INFO - ℹ️ Fitting OOF probability calibrator...
2025-12-29 01:24:14,681 - src.utils.ml_common.oof_probability_calibration - INFO - ℹ️ Calibrating on 2456 OOF samples
2025-12-29 01:24:14,682 - src.utils.ml_common.oof_probability_calibration - INFO - ℹ️ Calibration complete: Brier 0.9998 -> 0.0000 (improvement: 0.9998)
   Screening S10_L1_Qual...
   Calibrated logistic regression failed: Insufficient class diversity in y_fit: [1]
   X_fit shape: (9826, 48), y_fit unique: [1]
   Using LGBM fallback
2025-12-29 01:24:14,892 - src.utils.ml_common.oof_probability_calibration - INFO - ℹ️ Initialized OOFProbabilityCalibrator with method=isotonic
2025-12-29 01:24:14,892 - src.utils.ml_common.oof_probability_calibration - INFO - ℹ️ Fitting OOF probability calibrator...
2025-12-29 01:24:14,892 - src.utils.ml_common.oof_probability_calibration - INFO - ℹ️ Calibrating on 2456 OOF samples
2025-12-29 01:24:14,893 - src.utils.ml_common.oof_probability_calibration - INFO - ℹ️ Calibration complete: Brier 0.9998 -> 0.0000 (improvement: 0.9998)
   Screening S11_Qual...
   Calibrated logistic regression failed: Insufficient class diversity in y_fit: [1]
   X_fit shape: (9826, 48), y_fit unique: [1]
   Using LGBM fallback
2025-12-29 01:24:15,109 - src.utils.ml_common.oof_probability_calibration - INFO - ℹ️ Initialized OOFProbabilityCalibrator with method=isotonic
2025-12-29 01:24:15,109 - src.utils.ml_common.oof_probability_calibration - INFO - ℹ️ Fitting OOF probability calibrator...
2025-12-29 01:24:15,109 - src.utils.ml_common.oof_probability_calibration - INFO - ℹ️ Calibrating on 2456 OOF samples
2025-12-29 01:24:15,110 - src.utils.ml_common.oof_probability_calibration - INFO - ℹ️ Calibration complete: Brier 0.9998 -> 0.0000 (improvement: 0.9998)
   Screening S12_StabilityWeighted...
   Calibrated logistic regression failed: Insufficient class diversity in y_fit: [1]
   X_fit shape: (9826, 48), y_fit unique: [1]
   Using LGBM fallback
2025-12-29 01:24:15,313 - src.utils.ml_common.oof_probability_calibration - INFO - ℹ️ Initialized OOFProbabilityCalibrator with method=isotonic
2025-12-29 01:24:15,314 - src.utils.ml_common.oof_probability_calibration - INFO - ℹ️ Fitting OOF probability calibrator...
2025-12-29 01:24:15,314 - src.utils.ml_common.oof_probability_calibration - INFO - ℹ️ Calibrating on 2456 OOF samples
2025-12-29 01:24:15,315 - src.utils.ml_common.oof_probability_calibration - INFO - ℹ️ Calibration complete: Brier 0.9998 -> 0.0000 (improvement: 0.9998)

>> Phase 2: Full Evaluation (Top 3: ['S1_L1', 'S2_L1_L2', 'S3_L2'])...
   Full evaluation: S1_L1...
   Calibrated logistic regression failed: Insufficient class diversity in y_fit: [1]
   X_fit shape: (2425, 48), y_fit unique: [1]
   Using LGBM fallback
2025-12-29 01:24:15,377 - src.utils.ml_common.oof_probability_calibration - INFO - ℹ️ Initialized OOFProbabilityCalibrator with method=isotonic
2025-12-29 01:24:15,378 - src.utils.ml_common.oof_probability_calibration - INFO - ℹ️ Fitting OOF probability calibrator...
2025-12-29 01:24:15,378 - src.utils.ml_common.oof_probability_calibration - INFO - ℹ️ Calibrating on 606 OOF samples
2025-12-29 01:24:15,378 - src.utils.ml_common.oof_probability_calibration - INFO - ℹ️ Calibration complete: Brier 0.9998 -> 0.0000 (improvement: 0.9998)
   Calibrated logistic regression failed: Insufficient class diversity in y_fit: [1]
   X_fit shape: (4896, 48), y_fit unique: [1]
   Using LGBM fallback
2025-12-29 01:24:15,485 - src.utils.ml_common.oof_probability_calibration - INFO - ℹ️ Initialized OOFProbabilityCalibrator with method=isotonic
2025-12-29 01:24:15,485 - src.utils.ml_common.oof_probability_calibration - INFO - ℹ️ Fitting OOF probability calibrator...
2025-12-29 01:24:15,485 - src.utils.ml_common.oof_probability_calibration - INFO - ℹ️ Calibrating on 1223 OOF samples
2025-12-29 01:24:15,486 - src.utils.ml_common.oof_probability_calibration - INFO - ℹ️ Calibration complete: Brier 0.9998 -> 0.0000 (improvement: 0.9998)
   Calibrated logistic regression failed: Insufficient class diversity in y_fit: [1]
   X_fit shape: (7361, 48), y_fit unique: [1]
   Using LGBM fallback
2025-12-29 01:24:15,641 - src.utils.ml_common.oof_probability_calibration - INFO - ℹ️ Initialized OOFProbabilityCalibrator with method=isotonic
2025-12-29 01:24:15,641 - src.utils.ml_common.oof_probability_calibration - INFO - ℹ️ Fitting OOF probability calibrator...
2025-12-29 01:24:15,641 - src.utils.ml_common.oof_probability_calibration - INFO - ℹ️ Calibrating on 1840 OOF samples
2025-12-29 01:24:15,642 - src.utils.ml_common.oof_probability_calibration - INFO - ℹ️ Calibration complete: Brier 0.9998 -> 0.0000 (improvement: 0.9998)
   Calibrated logistic regression failed: Insufficient class diversity in y_fit: [1]
   X_fit shape: (9826, 48), y_fit unique: [1]
   Using LGBM fallback
2025-12-29 01:24:15,850 - src.utils.ml_common.oof_probability_calibration - INFO - ℹ️ Initialized OOFProbabilityCalibrator with method=isotonic
2025-12-29 01:24:15,850 - src.utils.ml_common.oof_probability_calibration - INFO - ℹ️ Fitting OOF probability calibrator...
2025-12-29 01:24:15,850 - src.utils.ml_common.oof_probability_calibration - INFO - ℹ️ Calibrating on 2456 OOF samples
2025-12-29 01:24:15,851 - src.utils.ml_common.oof_probability_calibration - INFO - ℹ️ Calibration complete: Brier 0.9998 -> 0.0000 (improvement: 0.9998)
   Full evaluation: S2_L1_L2...
   Calibrated logistic regression failed: Insufficient class diversity in y_fit: [1]
   X_fit shape: (2425, 48), y_fit unique: [1]
   Using LGBM fallback
2025-12-29 01:24:15,918 - src.utils.ml_common.oof_probability_calibration - INFO - ℹ️ Initialized OOFProbabilityCalibrator with method=isotonic
2025-12-29 01:24:15,918 - src.utils.ml_common.oof_probability_calibration - INFO - ℹ️ Fitting OOF probability calibrator...
2025-12-29 01:24:15,918 - src.utils.ml_common.oof_probability_calibration - INFO - ℹ️ Calibrating on 606 OOF samples
2025-12-29 01:24:15,919 - src.utils.ml_common.oof_probability_calibration - INFO - ℹ️ Calibration complete: Brier 0.9998 -> 0.0000 (improvement: 0.9998)
   Calibrated logistic regression failed: Insufficient class diversity in y_fit: [1]
   X_fit shape: (4896, 48), y_fit unique: [1]
   Using LGBM fallback
2025-12-29 01:24:16,024 - src.utils.ml_common.oof_probability_calibration - INFO - ℹ️ Initialized OOFProbabilityCalibrator with method=isotonic
2025-12-29 01:24:16,025 - src.utils.ml_common.oof_probability_calibration - INFO - ℹ️ Fitting OOF probability calibrator...
2025-12-29 01:24:16,025 - src.utils.ml_common.oof_probability_calibration - INFO - ℹ️ Calibrating on 1223 OOF samples
2025-12-29 01:24:16,026 - src.utils.ml_common.oof_probability_calibration - INFO - ℹ️ Calibration complete: Brier 0.9998 -> 0.0000 (improvement: 0.9998)
   Calibrated logistic regression failed: Insufficient class diversity in y_fit: [1]
   X_fit shape: (7361, 48), y_fit unique: [1]
   Using LGBM fallback
2025-12-29 01:24:16,178 - src.utils.ml_common.oof_probability_calibration - INFO - ℹ️ Initialized OOFProbabilityCalibrator with method=isotonic
2025-12-29 01:24:16,178 - src.utils.ml_common.oof_probability_calibration - INFO - ℹ️ Fitting OOF probability calibrator...
2025-12-29 01:24:16,179 - src.utils.ml_common.oof_probability_calibration - INFO - ℹ️ Calibrating on 1840 OOF samples
2025-12-29 01:24:16,179 - src.utils.ml_common.oof_probability_calibration - INFO - ℹ️ Calibration complete: Brier 0.9998 -> 0.0000 (improvement: 0.9998)
   Calibrated logistic regression failed: Insufficient class diversity in y_fit: [1]
   X_fit shape: (9826, 48), y_fit unique: [1]
   Using LGBM fallback
2025-12-29 01:24:16,377 - src.utils.ml_common.oof_probability_calibration - INFO - ℹ️ Initialized OOFProbabilityCalibrator with method=isotonic
2025-12-29 01:24:16,377 - src.utils.ml_common.oof_probability_calibration - INFO - ℹ️ Fitting OOF probability calibrator...
2025-12-29 01:24:16,377 - src.utils.ml_common.oof_probability_calibration - INFO - ℹ️ Calibrating on 2456 OOF samples
2025-12-29 01:24:16,378 - src.utils.ml_common.oof_probability_calibration - INFO - ℹ️ Calibration complete: Brier 0.9998 -> 0.0000 (improvement: 0.9998)
   Full evaluation: S3_L2...
   Calibrated logistic regression failed: Insufficient class diversity in y_fit: [1]
   X_fit shape: (2425, 48), y_fit unique: [1]
   Using LGBM fallback
2025-12-29 01:24:16,445 - src.utils.ml_common.oof_probability_calibration - INFO - ℹ️ Initialized OOFProbabilityCalibrator with method=isotonic
2025-12-29 01:24:16,445 - src.utils.ml_common.oof_probability_calibration - INFO - ℹ️ Fitting OOF probability calibrator...
2025-12-29 01:24:16,445 - src.utils.ml_common.oof_probability_calibration - INFO - ℹ️ Calibrating on 606 OOF samples
2025-12-29 01:24:16,446 - src.utils.ml_common.oof_probability_calibration - INFO - ℹ️ Calibration complete: Brier 0.9998 -> 0.0000 (improvement: 0.9998)
   Calibrated logistic regression failed: Insufficient class diversity in y_fit: [1]
   X_fit shape: (4896, 48), y_fit unique: [1]
   Using LGBM fallback
2025-12-29 01:24:16,554 - src.utils.ml_common.oof_probability_calibration - INFO - ℹ️ Initialized OOFProbabilityCalibrator with method=isotonic
2025-12-29 01:24:16,554 - src.utils.ml_common.oof_probability_calibration - INFO - ℹ️ Fitting OOF probability calibrator...
2025-12-29 01:24:16,555 - src.utils.ml_common.oof_probability_calibration - INFO - ℹ️ Calibrating on 1223 OOF samples
2025-12-29 01:24:16,555 - src.utils.ml_common.oof_probability_calibration - INFO - ℹ️ Calibration complete: Brier 0.9998 -> 0.0000 (improvement: 0.9998)
   Calibrated logistic regression failed: Insufficient class diversity in y_fit: [1]
   X_fit shape: (7361, 48), y_fit unique: [1]
   Using LGBM fallback
2025-12-29 01:24:16,707 - src.utils.ml_common.oof_probability_calibration - INFO - ℹ️ Initialized OOFProbabilityCalibrator with method=isotonic
2025-12-29 01:24:16,707 - src.utils.ml_common.oof_probability_calibration - INFO - ℹ️ Fitting OOF probability calibrator...
2025-12-29 01:24:16,707 - src.utils.ml_common.oof_probability_calibration - INFO - ℹ️ Calibrating on 1840 OOF samples
2025-12-29 01:24:16,708 - src.utils.ml_common.oof_probability_calibration - INFO - ℹ️ Calibration complete: Brier 0.9998 -> 0.0000 (improvement: 0.9998)
   Calibrated logistic regression failed: Insufficient class diversity in y_fit: [1]
   X_fit shape: (9826, 48), y_fit unique: [1]
   Using LGBM fallback
2025-12-29 01:24:16,906 - src.utils.ml_common.oof_probability_calibration - INFO - ℹ️ Initialized OOFProbabilityCalibrator with method=isotonic
2025-12-29 01:24:16,907 - src.utils.ml_common.oof_probability_calibration - INFO - ℹ️ Fitting OOF probability calibrator...
2025-12-29 01:24:16,907 - src.utils.ml_common.oof_probability_calibration - INFO - ℹ️ Calibrating on 2456 OOF samples
2025-12-29 01:24:16,907 - src.utils.ml_common.oof_probability_calibration - INFO - ℹ️ Calibration complete: Brier 0.9998 -> 0.0000 (improvement: 0.9998)

=====================================================================================
   LAYER 3 WEIGHTING SCHEME COMPARISON
=====================================================================================
Scheme          | Score    | AUC    | PR_AUC  | LogLoss  | ECE    | T30_TPD | T30_Win% | Rating
----------------------------------------------------------------------------------------------------
S1_L1           | -625.8470 | 0.5000 |     nan |   9.2103 | 0.9999 |    37.3 |    1.000 | Toxic
S2_L1_L2        | -625.8470 | 0.5000 |     nan |   9.2103 | 0.9999 |    37.3 |    1.000 | Toxic
S3_L2           | -625.8470 | 0.5000 |     nan |   9.2103 | 0.9999 |    37.3 |    1.000 | Toxic
----------------------------------------------------------------------------------------------------

🏆 WINNER: S1_L1 (Score: -625.8470)

>> Running Classifier vs Regressor Race & HPO using S1_L1 weights...
   Detected BINARY target. Using Classifier.

>> Running Efficiency-Based Model Trials with Custom Losses...
   Missing required data for efficiency labels (entry_time, exit_time, or price data)

>> Running HPO for classifier (40 trials)...
   Best HPO Score: -999.0000
   Best Params: {'num_leaves': 106, 'max_depth': 8, 'learning_rate': 0.03927975767245621, 'n_estimators': 640, 'min_data_in_leaf': 24, 'min_sum_hessian_in_leaf': 0.002403950683025824, 'lambda_l1': 0.3232334448672798}
>> Training Final Production Model using S1_L1 and Optimized Params...

   WINNER PERFORMANCE (OOF)
   Log Loss   : 9.21034
   AUC        : 0.50000
   PR AUC     : nan
   IC         : 0.00000
   ECE        : 0.99990
   MCE        : 0.99990
   Brier      : 0.99980

   HONEST HOLDOUT (Forward Tail)
   n_train   : 13010
   n_holdout : 2303
   AUC       : nan
   Log Loss  : 0.00010
   ECE       : 0.00010
   Brier     : 0.00000


>> Running SHAP Analysis on Production Model...
   Aggregating SHAP values from 3 estimators...
   ⚠️ SHAP summary plot failed: Unable to determine Axes to steal space for Colorbar. Either provide the *cax* argument to use as the Axes for the Colorbar, provide the *ax* argument to steal space from it, or add *mappable* to an Axes.

   TOP 20 FEATURES BY SHAP IMPORTANCE:
                     feature  importance
                  nn_embed_0         0.0
                  nn_embed_1         0.0
        ens_prediction_range         0.0
          ens_avg_divergence         0.0
          ens_max_confidence         0.0
       ens_disagreement_rate         0.0
            ens_snr_internal         0.0
           ens_snr_consensus         0.0
                 slope_short         0.0
                   adx_proxy         0.0
              momentum_short         0.0
                         snr         0.0
   time_since_last_vol_spike         0.0
time_since_last_large_candle         0.0
            choppiness_index         0.0
              variance_ratio         0.0
         permutation_entropy         0.0
                 day_of_week         0.0
                    hour_sin         0.0
                    hour_cos         0.0
[2025-12-29 01:24:18.587] INFO:    [Comparison] Economic Target Score: nan
[2025-12-29 01:24:18.587] INFO:    [Comparison] Binary Target Score:   nan
[2025-12-29 01:24:18.587] INFO:    [Selection] Defaulting to Economic Target.
[2025-12-29 01:24:18.592] INFO: >>> Generating Layer 3 Diagnostics...
Failed to generate plots: y_true takes value in {0.5} and pos_label is not specified: either make y_true take value in {0, 1} or {-1, 1} or pass pos_label explicitly.
[2025-12-29 01:24:19.005] INFO: >>> Executing Layer 4: Risk Filter (ExtraTrees + Platt Calibration)...
[2025-12-29 01:24:19.007] INFO:    Training Layer 4 Risk Filter OOF (no leakage)...
[2025-12-29 01:24:19.007] INFO: >>> Running Layer 4 OOF Training & Optimization...
[2025-12-29 01:24:19.037] INFO:    Fold 1/5...
[2025-12-29 01:24:19.039] INFO: >>> Training Layer 4 Risk Filter (Race + HPO)...
[2025-12-29 01:24:19.052] INFO:    Running Model Race (ET vs Ridge vs LGBM)...
[2025-12-29 01:24:19.276] ERROR: Race failed for extratrees: index 1 is out of bounds for axis 1 with size 1

Traceback (most recent call last):
  File "/Users/remyroche/Documents/Ares/src/training/steps/labeling/label_based_layer_4.py", line 455, in _run_model_race
    probs = model.predict_proba(X_val)[:, 1]
IndexError: index 1 is out of bounds for axis 1 with size 1
[2025-12-29 01:24:19.521] ERROR: Race failed for extratrees: index 1 is out of bounds for axis 1 with size 1

Traceback (most recent call last):
  File "/Users/remyroche/Documents/Ares/src/training/steps/labeling/label_based_layer_4.py", line 455, in _run_model_race
    probs = model.predict_proba(X_val)[:, 1]
IndexError: index 1 is out of bounds for axis 1 with size 1
[2025-12-29 01:24:19.766] ERROR: Race failed for extratrees: index 1 is out of bounds for axis 1 with size 1

Traceback (most recent call last):
  File "/Users/remyroche/Documents/Ares/src/training/steps/labeling/label_based_layer_4.py", line 455, in _run_model_race
    probs = model.predict_proba(X_val)[:, 1]
IndexError: index 1 is out of bounds for axis 1 with size 1
[2025-12-29 01:24:19.766] INFO:       extratrees: -1.0000
[2025-12-29 01:24:19.766] ERROR: Race failed for ridge: This solver needs samples of at least 2 classes in the data, but the data contains only one class: 0

Traceback (most recent call last):
  File "/Users/remyroche/Documents/Ares/src/training/steps/labeling/label_based_layer_4.py", line 454, in _run_model_race
    model.fit(X_tr, y_tr, sample_weight=w_tr)
  File "/Library/Frameworks/Python.framework/Versions/3.11/lib/python3.11/site-packages/sklearn/base.py", line 1365, in wrapper
    return fit_method(estimator, *args, **kwargs)
  File "/Library/Frameworks/Python.framework/Versions/3.11/lib/python3.11/site-packages/sklearn/linear_model/_logistic.py", line 1335, in fit
    raise ValueError(
ValueError: This solver needs samples of at least 2 classes in the data, but the data contains only one class: 0
[2025-12-29 01:24:19.770] ERROR: Race failed for ridge: This solver needs samples of at least 2 classes in the data, but the data contains only one class: 0

Traceback (most recent call last):
  File "/Users/remyroche/Documents/Ares/src/training/steps/labeling/label_based_layer_4.py", line 454, in _run_model_race
    model.fit(X_tr, y_tr, sample_weight=w_tr)
  File "/Library/Frameworks/Python.framework/Versions/3.11/lib/python3.11/site-packages/sklearn/base.py", line 1365, in wrapper
    return fit_method(estimator, *args, **kwargs)
  File "/Library/Frameworks/Python.framework/Versions/3.11/lib/python3.11/site-packages/sklearn/linear_model/_logistic.py", line 1335, in fit
    raise ValueError(
ValueError: This solver needs samples of at least 2 classes in the data, but the data contains only one class: 0
[2025-12-29 01:24:19.770] ERROR: Race failed for ridge: This solver needs samples of at least 2 classes in the data, but the data contains only one class: 0

Traceback (most recent call last):
  File "/Users/remyroche/Documents/Ares/src/training/steps/labeling/label_based_layer_4.py", line 454, in _run_model_race
    model.fit(X_tr, y_tr, sample_weight=w_tr)
  File "/Library/Frameworks/Python.framework/Versions/3.11/lib/python3.11/site-packages/sklearn/base.py", line 1365, in wrapper
    return fit_method(estimator, *args, **kwargs)
  File "/Library/Frameworks/Python.framework/Versions/3.11/lib/python3.11/site-packages/sklearn/linear_model/_logistic.py", line 1335, in fit
    raise ValueError(
ValueError: This solver needs samples of at least 2 classes in the data, but the data contains only one class: 0
[2025-12-29 01:24:19.770] INFO:       ridge: -1.0000
[2025-12-29 01:24:19.799] INFO:       lgbm: 0.1500
[2025-12-29 01:24:19.799] SUCCESS:    Race Winner: lgbm (Utility: 0.1500)
[2025-12-29 01:24:19.799] INFO:    Running HPO for lgbm (15 trials)...
[2025-12-29 01:24:20.061] INFO:    Best Params: {'n_estimators': 437, 'learning_rate': 0.08927180304353628, 'num_leaves': 115, 'max_depth': 7, 'reg_alpha': 0.004207988669606638, 'reg_lambda': 0.004207053950287938, 'min_child_samples': 24}
[2025-12-29 01:24:20.061] INFO:    Fitting Final Model...
[2025-12-29 01:24:20.080] INFO:    Fold 2/5...
[2025-12-29 01:24:20.081] INFO: >>> Training Layer 4 Risk Filter (Race + HPO)...
[2025-12-29 01:24:20.090] INFO:    Running Model Race (ET vs Ridge vs LGBM)...
[2025-12-29 01:24:20.308] ERROR: Race failed for extratrees: index 1 is out of bounds for axis 1 with size 1

Traceback (most recent call last):
  File "/Users/remyroche/Documents/Ares/src/training/steps/labeling/label_based_layer_4.py", line 455, in _run_model_race
    probs = model.predict_proba(X_val)[:, 1]
IndexError: index 1 is out of bounds for axis 1 with size 1
[2025-12-29 01:24:20.543] ERROR: Race failed for extratrees: index 1 is out of bounds for axis 1 with size 1

Traceback (most recent call last):
  File "/Users/remyroche/Documents/Ares/src/training/steps/labeling/label_based_layer_4.py", line 455, in _run_model_race
    probs = model.predict_proba(X_val)[:, 1]
IndexError: index 1 is out of bounds for axis 1 with size 1
[2025-12-29 01:24:20.784] ERROR: Race failed for extratrees: index 1 is out of bounds for axis 1 with size 1

Traceback (most recent call last):
  File "/Users/remyroche/Documents/Ares/src/training/steps/labeling/label_based_layer_4.py", line 455, in _run_model_race
    probs = model.predict_proba(X_val)[:, 1]
IndexError: index 1 is out of bounds for axis 1 with size 1
[2025-12-29 01:24:20.784] INFO:       extratrees: -1.0000
[2025-12-29 01:24:20.784] ERROR: Race failed for ridge: This solver needs samples of at least 2 classes in the data, but the data contains only one class: 0

Traceback (most recent call last):
  File "/Users/remyroche/Documents/Ares/src/training/steps/labeling/label_based_layer_4.py", line 454, in _run_model_race
    model.fit(X_tr, y_tr, sample_weight=w_tr)
  File "/Library/Frameworks/Python.framework/Versions/3.11/lib/python3.11/site-packages/sklearn/base.py", line 1365, in wrapper
    return fit_method(estimator, *args, **kwargs)
  File "/Library/Frameworks/Python.framework/Versions/3.11/lib/python3.11/site-packages/sklearn/linear_model/_logistic.py", line 1335, in fit
    raise ValueError(
ValueError: This solver needs samples of at least 2 classes in the data, but the data contains only one class: 0
[2025-12-29 01:24:20.786] ERROR: Race failed for ridge: This solver needs samples of at least 2 classes in the data, but the data contains only one class: 0

Traceback (most recent call last):
  File "/Users/remyroche/Documents/Ares/src/training/steps/labeling/label_based_layer_4.py", line 454, in _run_model_race
    model.fit(X_tr, y_tr, sample_weight=w_tr)
  File "/Library/Frameworks/Python.framework/Versions/3.11/lib/python3.11/site-packages/sklearn/base.py", line 1365, in wrapper
    return fit_method(estimator, *args, **kwargs)
  File "/Library/Frameworks/Python.framework/Versions/3.11/lib/python3.11/site-packages/sklearn/linear_model/_logistic.py", line 1335, in fit
    raise ValueError(
ValueError: This solver needs samples of at least 2 classes in the data, but the data contains only one class: 0
[2025-12-29 01:24:20.786] ERROR: Race failed for ridge: This solver needs samples of at least 2 classes in the data, but the data contains only one class: 0

Traceback (most recent call last):
  File "/Users/remyroche/Documents/Ares/src/training/steps/labeling/label_based_layer_4.py", line 454, in _run_model_race
    model.fit(X_tr, y_tr, sample_weight=w_tr)
  File "/Library/Frameworks/Python.framework/Versions/3.11/lib/python3.11/site-packages/sklearn/base.py", line 1365, in wrapper
    return fit_method(estimator, *args, **kwargs)
  File "/Library/Frameworks/Python.framework/Versions/3.11/lib/python3.11/site-packages/sklearn/linear_model/_logistic.py", line 1335, in fit
    raise ValueError(
ValueError: This solver needs samples of at least 2 classes in the data, but the data contains only one class: 0
[2025-12-29 01:24:20.786] INFO:       ridge: -1.0000
[2025-12-29 01:24:20.810] INFO:       lgbm: 0.1500
[2025-12-29 01:24:20.810] SUCCESS:    Race Winner: lgbm (Utility: 0.1500)
[2025-12-29 01:24:20.810] INFO:    Running HPO for lgbm (15 trials)...
[2025-12-29 01:24:21.041] INFO:    Best Params: {'n_estimators': 437, 'learning_rate': 0.08927180304353628, 'num_leaves': 115, 'max_depth': 7, 'reg_alpha': 0.004207988669606638, 'reg_lambda': 0.004207053950287938, 'min_child_samples': 24}
[2025-12-29 01:24:21.041] INFO:    Fitting Final Model...
[2025-12-29 01:24:21.055] INFO:    Fold 3/5...
[2025-12-29 01:24:21.057] INFO: >>> Training Layer 4 Risk Filter (Race + HPO)...
[2025-12-29 01:24:21.066] INFO:    Running Model Race (ET vs Ridge vs LGBM)...
[2025-12-29 01:24:21.293] ERROR: Race failed for extratrees: index 1 is out of bounds for axis 1 with size 1

Traceback (most recent call last):
  File "/Users/remyroche/Documents/Ares/src/training/steps/labeling/label_based_layer_4.py", line 455, in _run_model_race
    probs = model.predict_proba(X_val)[:, 1]
IndexError: index 1 is out of bounds for axis 1 with size 1
[2025-12-29 01:24:21.520] ERROR: Race failed for extratrees: index 1 is out of bounds for axis 1 with size 1

Traceback (most recent call last):
  File "/Users/remyroche/Documents/Ares/src/training/steps/labeling/label_based_layer_4.py", line 455, in _run_model_race
    probs = model.predict_proba(X_val)[:, 1]
IndexError: index 1 is out of bounds for axis 1 with size 1
[2025-12-29 01:24:21.762] ERROR: Race failed for extratrees: index 1 is out of bounds for axis 1 with size 1

Traceback (most recent call last):
  File "/Users/remyroche/Documents/Ares/src/training/steps/labeling/label_based_layer_4.py", line 455, in _run_model_race
    probs = model.predict_proba(X_val)[:, 1]
IndexError: index 1 is out of bounds for axis 1 with size 1
[2025-12-29 01:24:21.762] INFO:       extratrees: -1.0000
[2025-12-29 01:24:21.762] ERROR: Race failed for ridge: This solver needs samples of at least 2 classes in the data, but the data contains only one class: 0

Traceback (most recent call last):
  File "/Users/remyroche/Documents/Ares/src/training/steps/labeling/label_based_layer_4.py", line 454, in _run_model_race
    model.fit(X_tr, y_tr, sample_weight=w_tr)
  File "/Library/Frameworks/Python.framework/Versions/3.11/lib/python3.11/site-packages/sklearn/base.py", line 1365, in wrapper
    return fit_method(estimator, *args, **kwargs)
  File "/Library/Frameworks/Python.framework/Versions/3.11/lib/python3.11/site-packages/sklearn/linear_model/_logistic.py", line 1335, in fit
    raise ValueError(
ValueError: This solver needs samples of at least 2 classes in the data, but the data contains only one class: 0
[2025-12-29 01:24:21.764] ERROR: Race failed for ridge: This solver needs samples of at least 2 classes in the data, but the data contains only one class: 0

Traceback (most recent call last):
  File "/Users/remyroche/Documents/Ares/src/training/steps/labeling/label_based_layer_4.py", line 454, in _run_model_race
    model.fit(X_tr, y_tr, sample_weight=w_tr)
  File "/Library/Frameworks/Python.framework/Versions/3.11/lib/python3.11/site-packages/sklearn/base.py", line 1365, in wrapper
    return fit_method(estimator, *args, **kwargs)
  File "/Library/Frameworks/Python.framework/Versions/3.11/lib/python3.11/site-packages/sklearn/linear_model/_logistic.py", line 1335, in fit
    raise ValueError(
ValueError: This solver needs samples of at least 2 classes in the data, but the data contains only one class: 0
[2025-12-29 01:24:21.764] ERROR: Race failed for ridge: This solver needs samples of at least 2 classes in the data, but the data contains only one class: 0

Traceback (most recent call last):
  File "/Users/remyroche/Documents/Ares/src/training/steps/labeling/label_based_layer_4.py", line 454, in _run_model_race
    model.fit(X_tr, y_tr, sample_weight=w_tr)
  File "/Library/Frameworks/Python.framework/Versions/3.11/lib/python3.11/site-packages/sklearn/base.py", line 1365, in wrapper
    return fit_method(estimator, *args, **kwargs)
  File "/Library/Frameworks/Python.framework/Versions/3.11/lib/python3.11/site-packages/sklearn/linear_model/_logistic.py", line 1335, in fit
    raise ValueError(
ValueError: This solver needs samples of at least 2 classes in the data, but the data contains only one class: 0
[2025-12-29 01:24:21.764] INFO:       ridge: -1.0000
[2025-12-29 01:24:21.789] INFO:       lgbm: 0.1500
[2025-12-29 01:24:21.789] SUCCESS:    Race Winner: lgbm (Utility: 0.1500)
[2025-12-29 01:24:21.789] INFO:    Running HPO for lgbm (15 trials)...
[2025-12-29 01:24:22.038] INFO:    Best Params: {'n_estimators': 437, 'learning_rate': 0.08927180304353628, 'num_leaves': 115, 'max_depth': 7, 'reg_alpha': 0.004207988669606638, 'reg_lambda': 0.004207053950287938, 'min_child_samples': 24}
[2025-12-29 01:24:22.038] INFO:    Fitting Final Model...
[2025-12-29 01:24:22.059] INFO:    Fold 4/5...
[2025-12-29 01:24:22.062] INFO: >>> Training Layer 4 Risk Filter (Race + HPO)...
[2025-12-29 01:24:22.073] INFO:    Running Model Race (ET vs Ridge vs LGBM)...
[2025-12-29 01:24:22.341] ERROR: Race failed for extratrees: index 1 is out of bounds for axis 1 with size 1

Traceback (most recent call last):
  File "/Users/remyroche/Documents/Ares/src/training/steps/labeling/label_based_layer_4.py", line 455, in _run_model_race
    probs = model.predict_proba(X_val)[:, 1]
IndexError: index 1 is out of bounds for axis 1 with size 1
[2025-12-29 01:24:22.572] ERROR: Race failed for extratrees: index 1 is out of bounds for axis 1 with size 1

Traceback (most recent call last):
  File "/Users/remyroche/Documents/Ares/src/training/steps/labeling/label_based_layer_4.py", line 455, in _run_model_race
    probs = model.predict_proba(X_val)[:, 1]
IndexError: index 1 is out of bounds for axis 1 with size 1
[2025-12-29 01:24:22.830] ERROR: Race failed for extratrees: index 1 is out of bounds for axis 1 with size 1

Traceback (most recent call last):
  File "/Users/remyroche/Documents/Ares/src/training/steps/labeling/label_based_layer_4.py", line 455, in _run_model_race
    probs = model.predict_proba(X_val)[:, 1]
IndexError: index 1 is out of bounds for axis 1 with size 1
[2025-12-29 01:24:22.830] INFO:       extratrees: -1.0000
[2025-12-29 01:24:22.830] ERROR: Race failed for ridge: This solver needs samples of at least 2 classes in the data, but the data contains only one class: 0

Traceback (most recent call last):
  File "/Users/remyroche/Documents/Ares/src/training/steps/labeling/label_based_layer_4.py", line 454, in _run_model_race
    model.fit(X_tr, y_tr, sample_weight=w_tr)
  File "/Library/Frameworks/Python.framework/Versions/3.11/lib/python3.11/site-packages/sklearn/base.py", line 1365, in wrapper
    return fit_method(estimator, *args, **kwargs)
  File "/Library/Frameworks/Python.framework/Versions/3.11/lib/python3.11/site-packages/sklearn/linear_model/_logistic.py", line 1335, in fit
    raise ValueError(
ValueError: This solver needs samples of at least 2 classes in the data, but the data contains only one class: 0
[2025-12-29 01:24:22.831] ERROR: Race failed for ridge: This solver needs samples of at least 2 classes in the data, but the data contains only one class: 0

Traceback (most recent call last):
  File "/Users/remyroche/Documents/Ares/src/training/steps/labeling/label_based_layer_4.py", line 454, in _run_model_race
    model.fit(X_tr, y_tr, sample_weight=w_tr)
  File "/Library/Frameworks/Python.framework/Versions/3.11/lib/python3.11/site-packages/sklearn/base.py", line 1365, in wrapper
    return fit_method(estimator, *args, **kwargs)
  File "/Library/Frameworks/Python.framework/Versions/3.11/lib/python3.11/site-packages/sklearn/linear_model/_logistic.py", line 1335, in fit
    raise ValueError(
ValueError: This solver needs samples of at least 2 classes in the data, but the data contains only one class: 0
[2025-12-29 01:24:22.831] ERROR: Race failed for ridge: This solver needs samples of at least 2 classes in the data, but the data contains only one class: 0

Traceback (most recent call last):
  File "/Users/remyroche/Documents/Ares/src/training/steps/labeling/label_based_layer_4.py", line 454, in _run_model_race
    model.fit(X_tr, y_tr, sample_weight=w_tr)
  File "/Library/Frameworks/Python.framework/Versions/3.11/lib/python3.11/site-packages/sklearn/base.py", line 1365, in wrapper
    return fit_method(estimator, *args, **kwargs)
  File "/Library/Frameworks/Python.framework/Versions/3.11/lib/python3.11/site-packages/sklearn/linear_model/_logistic.py", line 1335, in fit
    raise ValueError(
ValueError: This solver needs samples of at least 2 classes in the data, but the data contains only one class: 0
[2025-12-29 01:24:22.831] INFO:       ridge: -1.0000
[2025-12-29 01:24:22.857] INFO:       lgbm: 0.1500
[2025-12-29 01:24:22.857] SUCCESS:    Race Winner: lgbm (Utility: 0.1500)
[2025-12-29 01:24:22.857] INFO:    Running HPO for lgbm (15 trials)...
[2025-12-29 01:24:23.071] INFO:    Best Params: {'n_estimators': 437, 'learning_rate': 0.08927180304353628, 'num_leaves': 115, 'max_depth': 7, 'reg_alpha': 0.004207988669606638, 'reg_lambda': 0.004207053950287938, 'min_child_samples': 24}
[2025-12-29 01:24:23.071] INFO:    Fitting Final Model...
[2025-12-29 01:24:23.086] INFO:    Fold 5/5...
[2025-12-29 01:24:23.087] INFO: >>> Training Layer 4 Risk Filter (Race + HPO)...
[2025-12-29 01:24:23.097] INFO:    Running Model Race (ET vs Ridge vs LGBM)...
[2025-12-29 01:24:23.304] ERROR: Race failed for extratrees: index 1 is out of bounds for axis 1 with size 1

Traceback (most recent call last):
  File "/Users/remyroche/Documents/Ares/src/training/steps/labeling/label_based_layer_4.py", line 455, in _run_model_race
    probs = model.predict_proba(X_val)[:, 1]
IndexError: index 1 is out of bounds for axis 1 with size 1
[2025-12-29 01:24:23.538] ERROR: Race failed for extratrees: index 1 is out of bounds for axis 1 with size 1

Traceback (most recent call last):
  File "/Users/remyroche/Documents/Ares/src/training/steps/labeling/label_based_layer_4.py", line 455, in _run_model_race
    probs = model.predict_proba(X_val)[:, 1]
IndexError: index 1 is out of bounds for axis 1 with size 1
[2025-12-29 01:24:23.774] ERROR: Race failed for extratrees: index 1 is out of bounds for axis 1 with size 1

Traceback (most recent call last):
  File "/Users/remyroche/Documents/Ares/src/training/steps/labeling/label_based_layer_4.py", line 455, in _run_model_race
    probs = model.predict_proba(X_val)[:, 1]
IndexError: index 1 is out of bounds for axis 1 with size 1
[2025-12-29 01:24:23.774] INFO:       extratrees: -1.0000
[2025-12-29 01:24:23.774] ERROR: Race failed for ridge: This solver needs samples of at least 2 classes in the data, but the data contains only one class: 0

Traceback (most recent call last):
  File "/Users/remyroche/Documents/Ares/src/training/steps/labeling/label_based_layer_4.py", line 454, in _run_model_race
    model.fit(X_tr, y_tr, sample_weight=w_tr)
  File "/Library/Frameworks/Python.framework/Versions/3.11/lib/python3.11/site-packages/sklearn/base.py", line 1365, in wrapper
    return fit_method(estimator, *args, **kwargs)
  File "/Library/Frameworks/Python.framework/Versions/3.11/lib/python3.11/site-packages/sklearn/linear_model/_logistic.py", line 1335, in fit
    raise ValueError(
ValueError: This solver needs samples of at least 2 classes in the data, but the data contains only one class: 0
[2025-12-29 01:24:23.775] ERROR: Race failed for ridge: This solver needs samples of at least 2 classes in the data, but the data contains only one class: 0

Traceback (most recent call last):
  File "/Users/remyroche/Documents/Ares/src/training/steps/labeling/label_based_layer_4.py", line 454, in _run_model_race
    model.fit(X_tr, y_tr, sample_weight=w_tr)
  File "/Library/Frameworks/Python.framework/Versions/3.11/lib/python3.11/site-packages/sklearn/base.py", line 1365, in wrapper
    return fit_method(estimator, *args, **kwargs)
  File "/Library/Frameworks/Python.framework/Versions/3.11/lib/python3.11/site-packages/sklearn/linear_model/_logistic.py", line 1335, in fit
    raise ValueError(
ValueError: This solver needs samples of at least 2 classes in the data, but the data contains only one class: 0
[2025-12-29 01:24:23.775] ERROR: Race failed for ridge: This solver needs samples of at least 2 classes in the data, but the data contains only one class: 0

Traceback (most recent call last):
  File "/Users/remyroche/Documents/Ares/src/training/steps/labeling/label_based_layer_4.py", line 454, in _run_model_race
    model.fit(X_tr, y_tr, sample_weight=w_tr)
  File "/Library/Frameworks/Python.framework/Versions/3.11/lib/python3.11/site-packages/sklearn/base.py", line 1365, in wrapper
    return fit_method(estimator, *args, **kwargs)
  File "/Library/Frameworks/Python.framework/Versions/3.11/lib/python3.11/site-packages/sklearn/linear_model/_logistic.py", line 1335, in fit
    raise ValueError(
ValueError: This solver needs samples of at least 2 classes in the data, but the data contains only one class: 0
[2025-12-29 01:24:23.775] INFO:       ridge: -1.0000
[2025-12-29 01:24:23.798] INFO:       lgbm: 0.1500
[2025-12-29 01:24:23.798] SUCCESS:    Race Winner: lgbm (Utility: 0.1500)
[2025-12-29 01:24:23.798] INFO:    Running HPO for lgbm (15 trials)...
[2025-12-29 01:24:24.015] INFO:    Best Params: {'n_estimators': 437, 'learning_rate': 0.08927180304353628, 'num_leaves': 115, 'max_depth': 7, 'reg_alpha': 0.004207988669606638, 'reg_lambda': 0.004207053950287938, 'min_child_samples': 24}
[2025-12-29 01:24:24.015] INFO:    Fitting Final Model...
[2025-12-29 01:24:24.066] SUCCESS:    Layer 4 Risk Filter OOF complete. Final score formula: dynamic
[2025-12-29 01:24:24.066] INFO: >>> Executing Layer 5: Position Sizing & Portfolio Diagnostics...
[2025-12-29 01:24:24.069] INFO: >>> Running Layer 5 Backtest & Diagnostics...
[2025-12-29 01:24:24.072] SUCCESS: Layer 5 Completed. Metrics: {
  "Total PnL": 0.0,
  "Avg Trade PnL": 0.0,
  "Trade Count": 0,
  "Turnover Estimate": 0.0,
  "Net Sortino": 0.0,
  "Maximum Drawdown": 1.000088900582341e-12,
  "Total Return": 0.0,
  "AUC": NaN,
  "Runtime": {
    "n_rows": 15353,
    "total_ms": 1.463000000512693
  }
}
[2025-12-29 01:24:24.072] SUCCESS: Pipeline Completed. Artifacts saved to outcomes
[2025-12-29 01:24:24.100] INFO: >>> Running OOS Layer 5 Evaluation...
[2025-12-29 01:24:24.100] INFO: >>> Generating OOS predictions...
[2025-12-29 01:24:24.100] SUCCESS: Generated 2881 OOS predictions
[2025-12-29 01:24:24.100] INFO: >>> Running Layer 5 evaluation on OOS predictions...
[2025-12-29 01:24:24.100] INFO: >>> Running Layer 5 Backtest & Diagnostics...
[2025-12-29 01:24:24.102] SUCCESS: OOS Layer 5 complete. Trades: 1709, PnL: 0.3963
[2025-12-29 01:24:24.102] SUCCESS: OOS results saved to outcomes/oos_results_ETHUSDT_15m_20251229_002424.json
[2025-12-29 01:24:24.102] SUCCESS: OOS Test Complete. Reliability Score: 80/100
2025-12-29 01:24:24,193 - System.snr_diagnostics - INFO - ℹ️ Loaded label_based outputs (layer3=outcomes/layer3_oof_preds.csv, layer4=outcomes/layer5_sized_events_ETHUSDT_15m_20251220_091844.csv) with shape (15353, 78)
=== Label-Quality Diagnostics ===
Symbol: ETHUSDT | Exchange: binance | Timeframe: 15m
Total samples: 15353
Labeled samples: 0 (coverage=0.0%)
Positive labels: 0 (0.0%), Negative labels: 0

-- Pre vs Post Filter Retention --
Pre-filter events (realized_return not NaN): 0
Pre-filter positive/negative (raw econ > cost): 0 / 0
Post-filter labeled events: 0
Post-filter positive/negative (binary_label): 0 / 0
Total retention (post / pre): 0.0%
Positive retention: 0.0%
Negative retention: 0.0%

-- Economic Separation and SNR --
Pre-filter mean return (label=1/0): 0.00% / 0.00%
Post-filter mean return (label=1/0): 0.00% / 0.00%
Pre-filter Cohen's d (1 vs 0): nan
Post-filter Cohen's d (1 vs 0): nan
Pre-filter SNR (mean/std, label=1): 0.000
Post-filter SNR (mean/std, label=1): 0.000

-- Label Overlap and Cost-Aware Quality --
Label overlap (mis-signed P&L share): 0.0%
Transaction cost (approx per event): 0.300%
Unconditional mean event return: 0.00%
Mean return (label=1) minus cost: -0.30%
Fraction of labeled events with |return| < cost: 0.0%

-- Aleatoric Uncertainty --
Aleatoric uncertainty fraction (|return| < cost): 0.0%
Interpretation: Aleatoric fraction < 40%: most error is model/feature-driven; improvement is possible.

-- Interpretation Hints --
Coverage: 0.0% → Low coverage (<5%): labels are very sparse; probe models may struggle.
Post-filter effect size (Cohen's d=nan) → Effect size not available (insufficient data).
Post-filter SNR (label=1: 0.000) → Low SNR: positive-label returns are noisy relative to their mean.
Retention (total=0.0%) → Filters are extremely aggressive; only a small fraction of events are kept.
2025-12-29 01:24:24,197 - System.snr_diagnostics - INFO - ℹ️ Saved snr_label_quality diagnostics to outcomes/snr_label_quality_ETHUSDT_15m_20251229_002424.json and outcomes/snr_label_quality_ETHUSDT_15m_20251229_002424.md

Reports saved to: outcomes/snr_label_quality_ETHUSDT_15m_20251229_002424.json and outcomes/snr_label_quality_ETHUSDT_15m_20251229_002424.md
2025-12-29 01:24:24,266 - System.snr_diagnostics - INFO - ℹ️ Loaded label_based outputs (layer3=outcomes/layer3_oof_preds.csv, layer4=outcomes/layer5_sized_events_ETHUSDT_15m_20251220_091844.csv) with shape (15353, 78)
No valid CV folds for learnability diagnostics (insufficient data or degenerate labels).
2025-12-29 01:24:24,334 - System.snr_diagnostics - INFO - ℹ️ Loaded label_based outputs (layer3=outcomes/layer3_oof_preds.csv, layer4=outcomes/layer5_sized_events_ETHUSDT_15m_20251220_091844.csv) with shape (15353, 78)
No valid CV folds for robustness diagnostics (insufficient data or degenerate labels).
2025-12-29 01:24:24,402 - System.snr_diagnostics - INFO - ℹ️ Loaded label_based outputs (layer3=outcomes/layer3_oof_preds.csv, layer4=outcomes/layer5_sized_events_ETHUSDT_15m_20251220_091844.csv) with shape (15353, 78)
2025-12-29 01:24:24,408 - System.snr_diagnostics - WARNING - ⚠️ Only 0 valid samples after cleaning; diagnostics may be noisy
Insufficient valid samples (0) for trading simulation diagnostics.
2025-12-29 01:24:24,413 - System.snr_diagnostics - WARNING - ⚠️ Missing diagnostics for prefixes: snr_label_learnability, snr_model_robustness, snr_trading_simulation
2025-12-29 01:24:24,419 - ares.step.meta_labeling_hpo_sample_weighted - INFO - ℹ️ Successfully completed meta_labeling_hpo_sample_weighted in 114.76s
[2025-12-29 01:24:24.420] ✅ Step 'meta_labeling_hpo_sample_weighted' completed successfully in 114.76s
[2025-12-29 01:24:24.420] 📦 Step 'meta_labeling_hpo_sample_weighted' produced 9 artifact(s)
2025-12-29 01:24:24,420 - ares.launcher - INFO - ℹ️ ✅ Successfully completed step: meta_labeling_hpo_sample_weighted
Step 'meta_labeling_hpo_sample_weighted' completed: ✅ Success
2025-12-29 01:24:24,420 - ares.launcher - INFO - ℹ️ ✅ Simplified Ares Launcher completed
2025-12-29 01:24:24,429 - ares.registry - INFO - ℹ️ Registered step: data_download
