generated_boolean,group,source_feature,support,support_pct,usable_support,nan_rate_before,nan_rate_ts
loc_dist_ema20_atr_ts_top20,location,dist_ema20_atr,325607,0.8126360187680942,123673,0.0,0.10817307692307693
loc_dist_ema20_atr_ts_bot20,location,dist_ema20_atr,75073,0.18736398123190576,75073,0.0,0.10817307692307693
loc_dist_ema20_atr_ts_top30,location,dist_ema20_atr,281815,0.7033418189078566,167465,0.0,0.10817307692307693
loc_dist_ema20_atr_ts_bot30,location,dist_ema20_atr,118865,0.29665818109214337,118865,0.0,0.10817307692307693
loc_dist_ema20_atr_ts_top40,location,dist_ema20_atr,235250,0.5871268842966956,214030,0.0,0.10817307692307693
loc_dist_ema20_atr_ts_bot40,location,dist_ema20_atr,165430,0.41287311570330437,165430,0.0,0.10817307692307693
loc_dist_ema20_atr_ts_top50,location,dist_ema20_atr,196501,0.4904187880602975,196501,0.0,0.10817307692307693
loc_dist_ema20_atr_ts_bot50,location,dist_ema20_atr,204229,0.5097059998003394,204229,0.0,0.10817307692307693
loc_dist_ema20_atr_ts_top60,location,dist_ema20_atr,158979,0.39677298592392934,158979,0.0,0.10817307692307693
loc_dist_ema20_atr_ts_bot60,location,dist_ema20_atr,241701,0.6032270140760707,207579,0.0,0.10817307692307693
loc_dist_ema20_atr_ts_top70,location,dist_ema20_atr,119564,0.29840271538384744,119564,0.0,0.10817307692307693
loc_dist_ema20_atr_ts_bot70,location,dist_ema20_atr,281116,0.7015972846161526,168164,0.0,0.10817307692307693
loc_dist_ema20_atr_ts_top80,location,dist_ema20_atr,80001,0.19966307277628031,80001,0.0,0.10817307692307693
loc_dist_ema20_atr_ts_bot80,location,dist_ema20_atr,320679,0.8003369272237196,128601,0.0,0.10817307692307693
loc_dist_ema20_atr_ts_band20_80,location,dist_ema20_atr,245606,0.612972945991814,203674,0.0,0.10817307692307693
loc_dist_ema20_atr_ts_band25_75,location,dist_ema20_atr,206501,0.515376360187681,206501,0.0,0.10817307692307693
loc_dist_ema20_atr_ts_band30_70,location,dist_ema20_atr,162251,0.4049391035240092,162251,0.0,0.10817307692307693
loc_dist_ema20_atr_ts_band40_60,location,dist_ema20_atr,76271,0.19035389837276628,76271,0.0,0.10817307692307693
loc_dist_ema50_atr_ts_top20,location,dist_ema50_atr,325607,0.8126360187680942,123673,0.0,0.10817307692307693
loc_dist_ema50_atr_ts_bot20,location,dist_ema50_atr,75073,0.18736398123190576,75073,0.0,0.10817307692307693
loc_dist_ema50_atr_ts_top30,location,dist_ema50_atr,281815,0.7033418189078566,167465,0.0,0.10817307692307693
loc_dist_ema50_atr_ts_bot30,location,dist_ema50_atr,118865,0.29665818109214337,118865,0.0,0.10817307692307693
loc_dist_ema50_atr_ts_top40,location,dist_ema50_atr,235250,0.5871268842966956,214030,0.0,0.10817307692307693
loc_dist_ema50_atr_ts_bot40,location,dist_ema50_atr,165430,0.41287311570330437,165430,0.0,0.10817307692307693
loc_dist_ema50_atr_ts_top50,location,dist_ema50_atr,196501,0.4904187880602975,196501,0.0,0.10817307692307693
loc_dist_ema50_atr_ts_bot50,location,dist_ema50_atr,204229,0.5097059998003394,204229,0.0,0.10817307692307693
loc_dist_ema50_atr_ts_top60,location,dist_ema50_atr,158979,0.39677298592392934,158979,0.0,0.10817307692307693
loc_dist_ema50_atr_ts_bot60,location,dist_ema50_atr,241701,0.6032270140760707,207579,0.0,0.10817307692307693
loc_dist_ema50_atr_ts_top70,location,dist_ema50_atr,119564,0.29840271538384744,119564,0.0,0.10817307692307693
loc_dist_ema50_atr_ts_bot70,location,dist_ema50_atr,281116,0.7015972846161526,168164,0.0,0.10817307692307693
loc_dist_ema50_atr_ts_top80,location,dist_ema50_atr,80001,0.19966307277628031,80001,0.0,0.10817307692307693
loc_dist_ema50_atr_ts_bot80,location,dist_ema50_atr,320679,0.8003369272237196,128601,0.0,0.10817307692307693
loc_dist_ema50_atr_ts_band20_80,location,dist_ema50_atr,245606,0.612972945991814,203674,0.0,0.10817307692307693
loc_dist_ema50_atr_ts_band25_75,location,dist_ema50_atr,206501,0.515376360187681,206501,0.0,0.10817307692307693
loc_dist_ema50_atr_ts_band30_70,location,dist_ema50_atr,162251,0.4049391035240092,162251,0.0,0.10817307692307693
loc_dist_ema50_atr_ts_band40_60,location,dist_ema50_atr,76271,0.19035389837276628,76271,0.0,0.10817307692307693
loc_dist_ema200_atr_ts_top20,location,dist_ema200_atr,325607,0.8126360187680942,123673,0.0,0.10817307692307693
loc_dist_ema200_atr_ts_bot20,location,dist_ema200_atr,75073,0.18736398123190576,75073,0.0,0.10817307692307693
loc_dist_ema200_atr_ts_top30,location,dist_ema200_atr,281815,0.7033418189078566,167465,0.0,0.10817307692307693
loc_dist_ema200_atr_ts_bot30,location,dist_ema200_atr,118865,0.29665818109214337,118865,0.0,0.10817307692307693
loc_dist_ema200_atr_ts_top40,location,dist_ema200_atr,235250,0.5871268842966956,214030,0.0,0.10817307692307693
loc_dist_ema200_atr_ts_bot40,location,dist_ema200_atr,165430,0.41287311570330437,165430,0.0,0.10817307692307693
loc_dist_ema200_atr_ts_top50,location,dist_ema200_atr,196501,0.4904187880602975,196501,0.0,0.10817307692307693
loc_dist_ema200_atr_ts_bot50,location,dist_ema200_atr,204229,0.5097059998003394,204229,0.0,0.10817307692307693
loc_dist_ema200_atr_ts_top60,location,dist_ema200_atr,158979,0.39677298592392934,158979,0.0,0.10817307692307693
loc_dist_ema200_atr_ts_bot60,location,dist_ema200_atr,241701,0.6032270140760707,207579,0.0,0.10817307692307693
loc_dist_ema200_atr_ts_top70,location,dist_ema200_atr,119564,0.29840271538384744,119564,0.0,0.10817307692307693
loc_dist_ema200_atr_ts_bot70,location,dist_ema200_atr,281116,0.7015972846161526,168164,0.0,0.10817307692307693
loc_dist_ema200_atr_ts_top80,location,dist_ema200_atr,80001,0.19966307277628031,80001,0.0,0.10817307692307693
loc_dist_ema200_atr_ts_bot80,location,dist_ema200_atr,320679,0.8003369272237196,128601,0.0,0.10817307692307693
loc_dist_ema200_atr_ts_band20_80,location,dist_ema200_atr,245606,0.612972945991814,203674,0.0,0.10817307692307693
loc_dist_ema200_atr_ts_band25_75,location,dist_ema200_atr,206501,0.515376360187681,206501,0.0,0.10817307692307693
loc_dist_ema200_atr_ts_band30_70,location,dist_ema200_atr,162251,0.4049391035240092,162251,0.0,0.10817307692307693
loc_dist_ema200_atr_ts_band40_60,location,dist_ema200_atr,76271,0.19035389837276628,76271,0.0,0.10817307692307693
loc_dist_vwap_atr_ts_top20,location,dist_vwap_atr,325607,0.8126360187680942,123673,0.0,0.10817307692307693
loc_dist_vwap_atr_ts_bot20,location,dist_vwap_atr,75073,0.18736398123190576,75073,0.0,0.10817307692307693
loc_dist_vwap_atr_ts_top30,location,dist_vwap_atr,281815,0.7033418189078566,167465,0.0,0.10817307692307693
loc_dist_vwap_atr_ts_bot30,location,dist_vwap_atr,118865,0.29665818109214337,118865,0.0,0.10817307692307693
loc_dist_vwap_atr_ts_top40,location,dist_vwap_atr,235250,0.5871268842966956,214030,0.0,0.10817307692307693
loc_dist_vwap_atr_ts_bot40,location,dist_vwap_atr,165430,0.41287311570330437,165430,0.0,0.10817307692307693
loc_dist_vwap_atr_ts_top50,location,dist_vwap_atr,196501,0.4904187880602975,196501,0.0,0.10817307692307693
loc_dist_vwap_atr_ts_bot50,location,dist_vwap_atr,204229,0.5097059998003394,204229,0.0,0.10817307692307693
loc_dist_vwap_atr_ts_top60,location,dist_vwap_atr,158979,0.39677298592392934,158979,0.0,0.10817307692307693
loc_dist_vwap_atr_ts_bot60,location,dist_vwap_atr,241701,0.6032270140760707,207579,0.0,0.10817307692307693
loc_dist_vwap_atr_ts_top70,location,dist_vwap_atr,119564,0.29840271538384744,119564,0.0,0.10817307692307693
loc_dist_vwap_atr_ts_bot70,location,dist_vwap_atr,281116,0.7015972846161526,168164,0.0,0.10817307692307693
loc_dist_vwap_atr_ts_top80,location,dist_vwap_atr,80001,0.19966307277628031,80001,0.0,0.10817307692307693
loc_dist_vwap_atr_ts_bot80,location,dist_vwap_atr,320679,0.8003369272237196,128601,0.0,0.10817307692307693
loc_dist_vwap_atr_ts_band20_80,location,dist_vwap_atr,245606,0.612972945991814,203674,0.0,0.10817307692307693
loc_dist_vwap_atr_ts_band25_75,location,dist_vwap_atr,206501,0.515376360187681,206501,0.0,0.10817307692307693
loc_dist_vwap_atr_ts_band30_70,location,dist_vwap_atr,162251,0.4049391035240092,162251,0.0,0.10817307692307693
loc_dist_vwap_atr_ts_band40_60,location,dist_vwap_atr,76271,0.19035389837276628,76271,0.0,0.10817307692307693
loc_dist_weekly_vwap_ts_top20,location,dist_weekly_vwap,325607,0.8126360187680942,123673,0.0,0.10817307692307693
loc_dist_weekly_vwap_ts_bot20,location,dist_weekly_vwap,75073,0.18736398123190576,75073,0.0,0.10817307692307693
loc_dist_weekly_vwap_ts_top30,location,dist_weekly_vwap,281815,0.7033418189078566,167465,0.0,0.10817307692307693
loc_dist_weekly_vwap_ts_bot30,location,dist_weekly_vwap,118865,0.29665818109214337,118865,0.0,0.10817307692307693
loc_dist_weekly_vwap_ts_top40,location,dist_weekly_vwap,235250,0.5871268842966956,214030,0.0,0.10817307692307693
loc_dist_weekly_vwap_ts_bot40,location,dist_weekly_vwap,165430,0.41287311570330437,165430,0.0,0.10817307692307693
loc_dist_weekly_vwap_ts_top50,location,dist_weekly_vwap,196501,0.4904187880602975,196501,0.0,0.10817307692307693
loc_dist_weekly_vwap_ts_bot50,location,dist_weekly_vwap,204229,0.5097059998003394,204229,0.0,0.10817307692307693
loc_dist_weekly_vwap_ts_top60,location,dist_weekly_vwap,158979,0.39677298592392934,158979,0.0,0.10817307692307693
loc_dist_weekly_vwap_ts_bot60,location,dist_weekly_vwap,241701,0.6032270140760707,207579,0.0,0.10817307692307693
loc_dist_weekly_vwap_ts_top70,location,dist_weekly_vwap,119564,0.29840271538384744,119564,0.0,0.10817307692307693
loc_dist_weekly_vwap_ts_bot70,location,dist_weekly_vwap,281116,0.7015972846161526,168164,0.0,0.10817307692307693
loc_dist_weekly_vwap_ts_top80,location,dist_weekly_vwap,80001,0.19966307277628031,80001,0.0,0.10817307692307693
loc_dist_weekly_vwap_ts_bot80,location,dist_weekly_vwap,320679,0.8003369272237196,128601,0.0,0.10817307692307693
loc_dist_weekly_vwap_ts_band20_80,location,dist_weekly_vwap,245606,0.612972945991814,203674,0.0,0.10817307692307693
loc_dist_weekly_vwap_ts_band25_75,location,dist_weekly_vwap,206501,0.515376360187681,206501,0.0,0.10817307692307693
loc_dist_weekly_vwap_ts_band30_70,location,dist_weekly_vwap,162251,0.4049391035240092,162251,0.0,0.10817307692307693
loc_dist_weekly_vwap_ts_band40_60,location,dist_weekly_vwap,76271,0.19035389837276628,76271,0.0,0.10817307692307693
loc_dist_prior_day_high_ts_top20,location,dist_prior_day_high,325607,0.8126360187680942,123673,0.0,0.10817307692307693
loc_dist_prior_day_high_ts_bot20,location,dist_prior_day_high,75073,0.18736398123190576,75073,0.0,0.10817307692307693
loc_dist_prior_day_high_ts_top30,location,dist_prior_day_high,281815,0.7033418189078566,167465,0.0,0.10817307692307693
loc_dist_prior_day_high_ts_bot30,location,dist_prior_day_high,118865,0.29665818109214337,118865,0.0,0.10817307692307693
loc_dist_prior_day_high_ts_top40,location,dist_prior_day_high,235250,0.5871268842966956,214030,0.0,0.10817307692307693
loc_dist_prior_day_high_ts_bot40,location,dist_prior_day_high,165430,0.41287311570330437,165430,0.0,0.10817307692307693
loc_dist_prior_day_high_ts_top50,location,dist_prior_day_high,196501,0.4904187880602975,196501,0.0,0.10817307692307693
loc_dist_prior_day_high_ts_bot50,location,dist_prior_day_high,204229,0.5097059998003394,204229,0.0,0.10817307692307693
loc_dist_prior_day_high_ts_top60,location,dist_prior_day_high,158979,0.39677298592392934,158979,0.0,0.10817307692307693
loc_dist_prior_day_high_ts_bot60,location,dist_prior_day_high,241701,0.6032270140760707,207579,0.0,0.10817307692307693
loc_dist_prior_day_high_ts_top70,location,dist_prior_day_high,119564,0.29840271538384744,119564,0.0,0.10817307692307693
loc_dist_prior_day_high_ts_bot70,location,dist_prior_day_high,281116,0.7015972846161526,168164,0.0,0.10817307692307693
loc_dist_prior_day_high_ts_top80,location,dist_prior_day_high,80001,0.19966307277628031,80001,0.0,0.10817307692307693
loc_dist_prior_day_high_ts_bot80,location,dist_prior_day_high,320679,0.8003369272237196,128601,0.0,0.10817307692307693
loc_dist_prior_day_high_ts_band20_80,location,dist_prior_day_high,245606,0.612972945991814,203674,0.0,0.10817307692307693
loc_dist_prior_day_high_ts_band25_75,location,dist_prior_day_high,206501,0.515376360187681,206501,0.0,0.10817307692307693
loc_dist_prior_day_high_ts_band30_70,location,dist_prior_day_high,162251,0.4049391035240092,162251,0.0,0.10817307692307693
loc_dist_prior_day_high_ts_band40_60,location,dist_prior_day_high,76271,0.19035389837276628,76271,0.0,0.10817307692307693
loc_dist_prior_day_low_ts_top20,location,dist_prior_day_low,325607,0.8126360187680942,123673,0.0,0.10817307692307693
loc_dist_prior_day_low_ts_bot20,location,dist_prior_day_low,75073,0.18736398123190576,75073,0.0,0.10817307692307693
loc_dist_prior_day_low_ts_top30,location,dist_prior_day_low,281815,0.7033418189078566,167465,0.0,0.10817307692307693
loc_dist_prior_day_low_ts_bot30,location,dist_prior_day_low,118865,0.29665818109214337,118865,0.0,0.10817307692307693
loc_dist_prior_day_low_ts_top40,location,dist_prior_day_low,235250,0.5871268842966956,214030,0.0,0.10817307692307693
loc_dist_prior_day_low_ts_bot40,location,dist_prior_day_low,165430,0.41287311570330437,165430,0.0,0.10817307692307693
loc_dist_prior_day_low_ts_top50,location,dist_prior_day_low,196501,0.4904187880602975,196501,0.0,0.10817307692307693
loc_dist_prior_day_low_ts_bot50,location,dist_prior_day_low,204229,0.5097059998003394,204229,0.0,0.10817307692307693
loc_dist_prior_day_low_ts_top60,location,dist_prior_day_low,158979,0.39677298592392934,158979,0.0,0.10817307692307693
loc_dist_prior_day_low_ts_bot60,location,dist_prior_day_low,241701,0.6032270140760707,207579,0.0,0.10817307692307693
loc_dist_prior_day_low_ts_top70,location,dist_prior_day_low,119564,0.29840271538384744,119564,0.0,0.10817307692307693
loc_dist_prior_day_low_ts_bot70,location,dist_prior_day_low,281116,0.7015972846161526,168164,0.0,0.10817307692307693
loc_dist_prior_day_low_ts_top80,location,dist_prior_day_low,80001,0.19966307277628031,80001,0.0,0.10817307692307693
loc_dist_prior_day_low_ts_bot80,location,dist_prior_day_low,320679,0.8003369272237196,128601,0.0,0.10817307692307693
loc_dist_prior_day_low_ts_band20_80,location,dist_prior_day_low,245606,0.612972945991814,203674,0.0,0.10817307692307693
loc_dist_prior_day_low_ts_band25_75,location,dist_prior_day_low,206501,0.515376360187681,206501,0.0,0.10817307692307693
loc_dist_prior_day_low_ts_band30_70,location,dist_prior_day_low,162251,0.4049391035240092,162251,0.0,0.10817307692307693
loc_dist_prior_day_low_ts_band40_60,location,dist_prior_day_low,76271,0.19035389837276628,76271,0.0,0.10817307692307693
loc_dist_rolling_7d_high_ts_top20,location,dist_rolling_7d_high,325607,0.8126360187680942,123673,0.0,0.10817307692307693
loc_dist_rolling_7d_high_ts_bot20,location,dist_rolling_7d_high,75073,0.18736398123190576,75073,0.0,0.10817307692307693
loc_dist_rolling_7d_high_ts_top30,location,dist_rolling_7d_high,281815,0.7033418189078566,167465,0.0,0.10817307692307693
loc_dist_rolling_7d_high_ts_bot30,location,dist_rolling_7d_high,118865,0.29665818109214337,118865,0.0,0.10817307692307693
loc_dist_rolling_7d_high_ts_top40,location,dist_rolling_7d_high,235250,0.5871268842966956,214030,0.0,0.10817307692307693
loc_dist_rolling_7d_high_ts_bot40,location,dist_rolling_7d_high,165430,0.41287311570330437,165430,0.0,0.10817307692307693
loc_dist_rolling_7d_high_ts_top50,location,dist_rolling_7d_high,196501,0.4904187880602975,196501,0.0,0.10817307692307693
loc_dist_rolling_7d_high_ts_bot50,location,dist_rolling_7d_high,204229,0.5097059998003394,204229,0.0,0.10817307692307693
loc_dist_rolling_7d_high_ts_top60,location,dist_rolling_7d_high,158979,0.39677298592392934,158979,0.0,0.10817307692307693
loc_dist_rolling_7d_high_ts_bot60,location,dist_rolling_7d_high,241701,0.6032270140760707,207579,0.0,0.10817307692307693
loc_dist_rolling_7d_high_ts_top70,location,dist_rolling_7d_high,119564,0.29840271538384744,119564,0.0,0.10817307692307693
loc_dist_rolling_7d_high_ts_bot70,location,dist_rolling_7d_high,281116,0.7015972846161526,168164,0.0,0.10817307692307693
loc_dist_rolling_7d_high_ts_top80,location,dist_rolling_7d_high,80001,0.19966307277628031,80001,0.0,0.10817307692307693
loc_dist_rolling_7d_high_ts_bot80,location,dist_rolling_7d_high,320679,0.8003369272237196,128601,0.0,0.10817307692307693
loc_dist_rolling_7d_high_ts_band20_80,location,dist_rolling_7d_high,245606,0.612972945991814,203674,0.0,0.10817307692307693
loc_dist_rolling_7d_high_ts_band25_75,location,dist_rolling_7d_high,206501,0.515376360187681,206501,0.0,0.10817307692307693
loc_dist_rolling_7d_high_ts_band30_70,location,dist_rolling_7d_high,162251,0.4049391035240092,162251,0.0,0.10817307692307693
loc_dist_rolling_7d_high_ts_band40_60,location,dist_rolling_7d_high,76271,0.19035389837276628,76271,0.0,0.10817307692307693
loc_dist_local_swing_ts_top20,location,dist_local_swing,325607,0.8126360187680942,123673,0.0,0.10817307692307693
loc_dist_local_swing_ts_bot20,location,dist_local_swing,75073,0.18736398123190576,75073,0.0,0.10817307692307693
loc_dist_local_swing_ts_top30,location,dist_local_swing,281815,0.7033418189078566,167465,0.0,0.10817307692307693
loc_dist_local_swing_ts_bot30,location,dist_local_swing,118865,0.29665818109214337,118865,0.0,0.10817307692307693
loc_dist_local_swing_ts_top40,location,dist_local_swing,235250,0.5871268842966956,214030,0.0,0.10817307692307693
loc_dist_local_swing_ts_bot40,location,dist_local_swing,165430,0.41287311570330437,165430,0.0,0.10817307692307693
loc_dist_local_swing_ts_top50,location,dist_local_swing,196501,0.4904187880602975,196501,0.0,0.10817307692307693
loc_dist_local_swing_ts_bot50,location,dist_local_swing,204229,0.5097059998003394,204229,0.0,0.10817307692307693
loc_dist_local_swing_ts_top60,location,dist_local_swing,158979,0.39677298592392934,158979,0.0,0.10817307692307693
loc_dist_local_swing_ts_bot60,location,dist_local_swing,241701,0.6032270140760707,207579,0.0,0.10817307692307693
loc_dist_local_swing_ts_top70,location,dist_local_swing,119564,0.29840271538384744,119564,0.0,0.10817307692307693
loc_dist_local_swing_ts_bot70,location,dist_local_swing,281116,0.7015972846161526,168164,0.0,0.10817307692307693
loc_dist_local_swing_ts_top80,location,dist_local_swing,80001,0.19966307277628031,80001,0.0,0.10817307692307693
loc_dist_local_swing_ts_bot80,location,dist_local_swing,320679,0.8003369272237196,128601,0.0,0.10817307692307693
loc_dist_local_swing_ts_band20_80,location,dist_local_swing,245606,0.612972945991814,203674,0.0,0.10817307692307693
loc_dist_local_swing_ts_band25_75,location,dist_local_swing,206501,0.515376360187681,206501,0.0,0.10817307692307693
loc_dist_local_swing_ts_band30_70,location,dist_local_swing,162251,0.4049391035240092,162251,0.0,0.10817307692307693
loc_dist_local_swing_ts_band40_60,location,dist_local_swing,76271,0.19035389837276628,76271,0.0,0.10817307692307693
loc_dist_range_mid_atr_ts_top20,location,dist_range_mid_atr,325607,0.8126360187680942,123673,0.0,0.10817307692307693
loc_dist_range_mid_atr_ts_bot20,location,dist_range_mid_atr,75073,0.18736398123190576,75073,0.0,0.10817307692307693
loc_dist_range_mid_atr_ts_top30,location,dist_range_mid_atr,281815,0.7033418189078566,167465,0.0,0.10817307692307693
loc_dist_range_mid_atr_ts_bot30,location,dist_range_mid_atr,118865,0.29665818109214337,118865,0.0,0.10817307692307693
loc_dist_range_mid_atr_ts_top40,location,dist_range_mid_atr,235250,0.5871268842966956,214030,0.0,0.10817307692307693
loc_dist_range_mid_atr_ts_bot40,location,dist_range_mid_atr,165430,0.41287311570330437,165430,0.0,0.10817307692307693
loc_dist_range_mid_atr_ts_top50,location,dist_range_mid_atr,196501,0.4904187880602975,196501,0.0,0.10817307692307693
loc_dist_range_mid_atr_ts_bot50,location,dist_range_mid_atr,204229,0.5097059998003394,204229,0.0,0.10817307692307693
loc_dist_range_mid_atr_ts_top60,location,dist_range_mid_atr,158979,0.39677298592392934,158979,0.0,0.10817307692307693
loc_dist_range_mid_atr_ts_bot60,location,dist_range_mid_atr,241701,0.6032270140760707,207579,0.0,0.10817307692307693
loc_dist_range_mid_atr_ts_top70,location,dist_range_mid_atr,119564,0.29840271538384744,119564,0.0,0.10817307692307693
loc_dist_range_mid_atr_ts_bot70,location,dist_range_mid_atr,281116,0.7015972846161526,168164,0.0,0.10817307692307693
loc_dist_range_mid_atr_ts_top80,location,dist_range_mid_atr,80001,0.19966307277628031,80001,0.0,0.10817307692307693
loc_dist_range_mid_atr_ts_bot80,location,dist_range_mid_atr,320679,0.8003369272237196,128601,0.0,0.10817307692307693
loc_dist_range_mid_atr_ts_band20_80,location,dist_range_mid_atr,245606,0.612972945991814,203674,0.0,0.10817307692307693
loc_dist_range_mid_atr_ts_band25_75,location,dist_range_mid_atr,206501,0.515376360187681,206501,0.0,0.10817307692307693
loc_dist_range_mid_atr_ts_band30_70,location,dist_range_mid_atr,162251,0.4049391035240092,162251,0.0,0.10817307692307693
loc_dist_range_mid_atr_ts_band40_60,location,dist_range_mid_atr,76271,0.19035389837276628,76271,0.0,0.10817307692307693
loc_dist_ma100_atr_ts_top20,location,dist_ma100_atr,325607,0.8126360187680942,123673,0.0,0.10817307692307693
loc_dist_ma100_atr_ts_bot20,location,dist_ma100_atr,75073,0.18736398123190576,75073,0.0,0.10817307692307693
loc_dist_ma100_atr_ts_top30,location,dist_ma100_atr,281815,0.7033418189078566,167465,0.0,0.10817307692307693
loc_dist_ma100_atr_ts_bot30,location,dist_ma100_atr,118865,0.29665818109214337,118865,0.0,0.10817307692307693
loc_dist_ma100_atr_ts_top40,location,dist_ma100_atr,235250,0.5871268842966956,214030,0.0,0.10817307692307693
loc_dist_ma100_atr_ts_bot40,location,dist_ma100_atr,165430,0.41287311570330437,165430,0.0,0.10817307692307693
loc_dist_ma100_atr_ts_top50,location,dist_ma100_atr,196501,0.4904187880602975,196501,0.0,0.10817307692307693
loc_dist_ma100_atr_ts_bot50,location,dist_ma100_atr,204229,0.5097059998003394,204229,0.0,0.10817307692307693
loc_dist_ma100_atr_ts_top60,location,dist_ma100_atr,158979,0.39677298592392934,158979,0.0,0.10817307692307693
loc_dist_ma100_atr_ts_bot60,location,dist_ma100_atr,241701,0.6032270140760707,207579,0.0,0.10817307692307693
loc_dist_ma100_atr_ts_top70,location,dist_ma100_atr,119564,0.29840271538384744,119564,0.0,0.10817307692307693
loc_dist_ma100_atr_ts_bot70,location,dist_ma100_atr,281116,0.7015972846161526,168164,0.0,0.10817307692307693
loc_dist_ma100_atr_ts_top80,location,dist_ma100_atr,80001,0.19966307277628031,80001,0.0,0.10817307692307693
loc_dist_ma100_atr_ts_bot80,location,dist_ma100_atr,320679,0.8003369272237196,128601,0.0,0.10817307692307693
loc_dist_ma100_atr_ts_band20_80,location,dist_ma100_atr,245606,0.612972945991814,203674,0.0,0.10817307692307693
loc_dist_ma100_atr_ts_band25_75,location,dist_ma100_atr,206501,0.515376360187681,206501,0.0,0.10817307692307693
loc_dist_ma100_atr_ts_band30_70,location,dist_ma100_atr,162251,0.4049391035240092,162251,0.0,0.10817307692307693
loc_dist_ma100_atr_ts_band40_60,location,dist_ma100_atr,76271,0.19035389837276628,76271,0.0,0.10817307692307693
loc_distance_to_ema_ts_top20,location,distance_to_ema,325607,0.8126360187680942,123673,0.0,0.10817307692307693
loc_distance_to_ema_ts_bot20,location,distance_to_ema,75073,0.18736398123190576,75073,0.0,0.10817307692307693
loc_distance_to_ema_ts_top30,location,distance_to_ema,281815,0.7033418189078566,167465,0.0,0.10817307692307693
loc_distance_to_ema_ts_bot30,location,distance_to_ema,118865,0.29665818109214337,118865,0.0,0.10817307692307693
loc_distance_to_ema_ts_top40,location,distance_to_ema,235250,0.5871268842966956,214030,0.0,0.10817307692307693
loc_distance_to_ema_ts_bot40,location,distance_to_ema,165430,0.41287311570330437,165430,0.0,0.10817307692307693
loc_distance_to_ema_ts_top50,location,distance_to_ema,196501,0.4904187880602975,196501,0.0,0.10817307692307693
loc_distance_to_ema_ts_bot50,location,distance_to_ema,204229,0.5097059998003394,204229,0.0,0.10817307692307693
loc_distance_to_ema_ts_top60,location,distance_to_ema,158979,0.39677298592392934,158979,0.0,0.10817307692307693
loc_distance_to_ema_ts_bot60,location,distance_to_ema,241701,0.6032270140760707,207579,0.0,0.10817307692307693
loc_distance_to_ema_ts_top70,location,distance_to_ema,119564,0.29840271538384744,119564,0.0,0.10817307692307693
loc_distance_to_ema_ts_bot70,location,distance_to_ema,281116,0.7015972846161526,168164,0.0,0.10817307692307693
loc_distance_to_ema_ts_top80,location,distance_to_ema,80001,0.19966307277628031,80001,0.0,0.10817307692307693
loc_distance_to_ema_ts_bot80,location,distance_to_ema,320679,0.8003369272237196,128601,0.0,0.10817307692307693
loc_distance_to_ema_ts_band20_80,location,distance_to_ema,245606,0.612972945991814,203674,0.0,0.10817307692307693
loc_distance_to_ema_ts_band25_75,location,distance_to_ema,206501,0.515376360187681,206501,0.0,0.10817307692307693
loc_distance_to_ema_ts_band30_70,location,distance_to_ema,162251,0.4049391035240092,162251,0.0,0.10817307692307693
loc_distance_to_ema_ts_band40_60,location,distance_to_ema,76271,0.19035389837276628,76271,0.0,0.10817307692307693
loc_pullback_depth_ts_top20,location,pullback_depth,325607,0.8126360187680942,123673,0.0,0.10817307692307693
loc_pullback_depth_ts_bot20,location,pullback_depth,75073,0.18736398123190576,75073,0.0,0.10817307692307693
loc_pullback_depth_ts_top30,location,pullback_depth,281815,0.7033418189078566,167465,0.0,0.10817307692307693
loc_pullback_depth_ts_bot30,location,pullback_depth,118865,0.29665818109214337,118865,0.0,0.10817307692307693
loc_pullback_depth_ts_top40,location,pullback_depth,235250,0.5871268842966956,214030,0.0,0.10817307692307693
loc_pullback_depth_ts_bot40,location,pullback_depth,165430,0.41287311570330437,165430,0.0,0.10817307692307693
loc_pullback_depth_ts_top50,location,pullback_depth,196501,0.4904187880602975,196501,0.0,0.10817307692307693
loc_pullback_depth_ts_bot50,location,pullback_depth,204229,0.5097059998003394,204229,0.0,0.10817307692307693
loc_pullback_depth_ts_top60,location,pullback_depth,158979,0.39677298592392934,158979,0.0,0.10817307692307693
loc_pullback_depth_ts_bot60,location,pullback_depth,241701,0.6032270140760707,207579,0.0,0.10817307692307693
loc_pullback_depth_ts_top70,location,pullback_depth,119564,0.29840271538384744,119564,0.0,0.10817307692307693
loc_pullback_depth_ts_bot70,location,pullback_depth,281116,0.7015972846161526,168164,0.0,0.10817307692307693
loc_pullback_depth_ts_top80,location,pullback_depth,80001,0.19966307277628031,80001,0.0,0.10817307692307693
loc_pullback_depth_ts_bot80,location,pullback_depth,320679,0.8003369272237196,128601,0.0,0.10817307692307693
loc_pullback_depth_ts_band20_80,location,pullback_depth,245606,0.612972945991814,203674,0.0,0.10817307692307693
loc_pullback_depth_ts_band25_75,location,pullback_depth,206501,0.515376360187681,206501,0.0,0.10817307692307693
loc_pullback_depth_ts_band30_70,location,pullback_depth,162251,0.4049391035240092,162251,0.0,0.10817307692307693
loc_pullback_depth_ts_band40_60,location,pullback_depth,76271,0.19035389837276628,76271,0.0,0.10817307692307693
loc_zscore_price_50_ts_top20,location,zscore_price_50,325607,0.8126360187680942,123673,0.0,0.10817307692307693
loc_zscore_price_50_ts_bot20,location,zscore_price_50,75073,0.18736398123190576,75073,0.0,0.10817307692307693
loc_zscore_price_50_ts_top30,location,zscore_price_50,281815,0.7033418189078566,167465,0.0,0.10817307692307693
loc_zscore_price_50_ts_bot30,location,zscore_price_50,118865,0.29665818109214337,118865,0.0,0.10817307692307693
loc_zscore_price_50_ts_top40,location,zscore_price_50,235250,0.5871268842966956,214030,0.0,0.10817307692307693
loc_zscore_price_50_ts_bot40,location,zscore_price_50,165430,0.41287311570330437,165430,0.0,0.10817307692307693
loc_zscore_price_50_ts_top50,location,zscore_price_50,196501,0.4904187880602975,196501,0.0,0.10817307692307693
loc_zscore_price_50_ts_bot50,location,zscore_price_50,204229,0.5097059998003394,204229,0.0,0.10817307692307693
loc_zscore_price_50_ts_top60,location,zscore_price_50,158979,0.39677298592392934,158979,0.0,0.10817307692307693
loc_zscore_price_50_ts_bot60,location,zscore_price_50,241701,0.6032270140760707,207579,0.0,0.10817307692307693
loc_zscore_price_50_ts_top70,location,zscore_price_50,119564,0.29840271538384744,119564,0.0,0.10817307692307693
loc_zscore_price_50_ts_bot70,location,zscore_price_50,281116,0.7015972846161526,168164,0.0,0.10817307692307693
loc_zscore_price_50_ts_top80,location,zscore_price_50,80001,0.19966307277628031,80001,0.0,0.10817307692307693
loc_zscore_price_50_ts_bot80,location,zscore_price_50,320679,0.8003369272237196,128601,0.0,0.10817307692307693
loc_zscore_price_50_ts_band20_80,location,zscore_price_50,245606,0.612972945991814,203674,0.0,0.10817307692307693
loc_zscore_price_50_ts_band25_75,location,zscore_price_50,206501,0.515376360187681,206501,0.0,0.10817307692307693
loc_zscore_price_50_ts_band30_70,location,zscore_price_50,162251,0.4049391035240092,162251,0.0,0.10817307692307693
loc_zscore_price_50_ts_band40_60,location,zscore_price_50,76271,0.19035389837276628,76271,0.0,0.10817307692307693
loc_zscore_price_200_ts_top20,location,zscore_price_200,325607,0.8126360187680942,123673,0.0,0.10817307692307693
loc_zscore_price_200_ts_bot20,location,zscore_price_200,75073,0.18736398123190576,75073,0.0,0.10817307692307693
loc_zscore_price_200_ts_top30,location,zscore_price_200,281815,0.7033418189078566,167465,0.0,0.10817307692307693
loc_zscore_price_200_ts_bot30,location,zscore_price_200,118865,0.29665818109214337,118865,0.0,0.10817307692307693
loc_zscore_price_200_ts_top40,location,zscore_price_200,235250,0.5871268842966956,214030,0.0,0.10817307692307693
loc_zscore_price_200_ts_bot40,location,zscore_price_200,165430,0.41287311570330437,165430,0.0,0.10817307692307693
loc_zscore_price_200_ts_top50,location,zscore_price_200,196501,0.4904187880602975,196501,0.0,0.10817307692307693
loc_zscore_price_200_ts_bot50,location,zscore_price_200,204229,0.5097059998003394,204229,0.0,0.10817307692307693
loc_zscore_price_200_ts_top60,location,zscore_price_200,158979,0.39677298592392934,158979,0.0,0.10817307692307693
loc_zscore_price_200_ts_bot60,location,zscore_price_200,241701,0.6032270140760707,207579,0.0,0.10817307692307693
loc_zscore_price_200_ts_top70,location,zscore_price_200,119564,0.29840271538384744,119564,0.0,0.10817307692307693
loc_zscore_price_200_ts_bot70,location,zscore_price_200,281116,0.7015972846161526,168164,0.0,0.10817307692307693
loc_zscore_price_200_ts_top80,location,zscore_price_200,80001,0.19966307277628031,80001,0.0,0.10817307692307693
loc_zscore_price_200_ts_bot80,location,zscore_price_200,320679,0.8003369272237196,128601,0.0,0.10817307692307693
loc_zscore_price_200_ts_band20_80,location,zscore_price_200,245606,0.612972945991814,203674,0.0,0.10817307692307693
loc_zscore_price_200_ts_band25_75,location,zscore_price_200,206501,0.515376360187681,206501,0.0,0.10817307692307693
loc_zscore_price_200_ts_band30_70,location,zscore_price_200,162251,0.4049391035240092,162251,0.0,0.10817307692307693
loc_zscore_price_200_ts_band40_60,location,zscore_price_200,76271,0.19035389837276628,76271,0.0,0.10817307692307693
loc_loc_ema_stack_pos_24_ts_top20,location,loc_ema_stack_pos_24,325607,0.8126360187680942,123673,0.0,0.10817307692307693
loc_loc_ema_stack_pos_24_ts_bot20,location,loc_ema_stack_pos_24,75073,0.18736398123190576,75073,0.0,0.10817307692307693
loc_loc_ema_stack_pos_24_ts_top30,location,loc_ema_stack_pos_24,281815,0.7033418189078566,167465,0.0,0.10817307692307693
loc_loc_ema_stack_pos_24_ts_bot30,location,loc_ema_stack_pos_24,118865,0.29665818109214337,118865,0.0,0.10817307692307693
loc_loc_ema_stack_pos_24_ts_top40,location,loc_ema_stack_pos_24,235250,0.5871268842966956,214030,0.0,0.10817307692307693
loc_loc_ema_stack_pos_24_ts_bot40,location,loc_ema_stack_pos_24,165430,0.41287311570330437,165430,0.0,0.10817307692307693
loc_loc_ema_stack_pos_24_ts_top50,location,loc_ema_stack_pos_24,196501,0.4904187880602975,196501,0.0,0.10817307692307693
loc_loc_ema_stack_pos_24_ts_bot50,location,loc_ema_stack_pos_24,204229,0.5097059998003394,204229,0.0,0.10817307692307693
loc_loc_ema_stack_pos_24_ts_top60,location,loc_ema_stack_pos_24,158979,0.39677298592392934,158979,0.0,0.10817307692307693
loc_loc_ema_stack_pos_24_ts_bot60,location,loc_ema_stack_pos_24,241701,0.6032270140760707,207579,0.0,0.10817307692307693
loc_loc_ema_stack_pos_24_ts_top70,location,loc_ema_stack_pos_24,119564,0.29840271538384744,119564,0.0,0.10817307692307693
loc_loc_ema_stack_pos_24_ts_bot70,location,loc_ema_stack_pos_24,281116,0.7015972846161526,168164,0.0,0.10817307692307693
loc_loc_ema_stack_pos_24_ts_top80,location,loc_ema_stack_pos_24,80001,0.19966307277628031,80001,0.0,0.10817307692307693
loc_loc_ema_stack_pos_24_ts_bot80,location,loc_ema_stack_pos_24,320679,0.8003369272237196,128601,0.0,0.10817307692307693
loc_loc_ema_stack_pos_24_ts_band20_80,location,loc_ema_stack_pos_24,245606,0.612972945991814,203674,0.0,0.10817307692307693
loc_loc_ema_stack_pos_24_ts_band25_75,location,loc_ema_stack_pos_24,206501,0.515376360187681,206501,0.0,0.10817307692307693
loc_loc_ema_stack_pos_24_ts_band30_70,location,loc_ema_stack_pos_24,162251,0.4049391035240092,162251,0.0,0.10817307692307693
loc_loc_ema_stack_pos_24_ts_band40_60,location,loc_ema_stack_pos_24,76271,0.19035389837276628,76271,0.0,0.10817307692307693
loc_loc_ema_stack_pos_48_ts_top20,location,loc_ema_stack_pos_48,325607,0.8126360187680942,123673,0.0,0.10817307692307693
loc_loc_ema_stack_pos_48_ts_bot20,location,loc_ema_stack_pos_48,75073,0.18736398123190576,75073,0.0,0.10817307692307693
loc_loc_ema_stack_pos_48_ts_top30,location,loc_ema_stack_pos_48,281815,0.7033418189078566,167465,0.0,0.10817307692307693
loc_loc_ema_stack_pos_48_ts_bot30,location,loc_ema_stack_pos_48,118865,0.29665818109214337,118865,0.0,0.10817307692307693
loc_loc_ema_stack_pos_48_ts_top40,location,loc_ema_stack_pos_48,235250,0.5871268842966956,214030,0.0,0.10817307692307693
loc_loc_ema_stack_pos_48_ts_bot40,location,loc_ema_stack_pos_48,165430,0.41287311570330437,165430,0.0,0.10817307692307693
loc_loc_ema_stack_pos_48_ts_top50,location,loc_ema_stack_pos_48,196501,0.4904187880602975,196501,0.0,0.10817307692307693
loc_loc_ema_stack_pos_48_ts_bot50,location,loc_ema_stack_pos_48,204229,0.5097059998003394,204229,0.0,0.10817307692307693
loc_loc_ema_stack_pos_48_ts_top60,location,loc_ema_stack_pos_48,158979,0.39677298592392934,158979,0.0,0.10817307692307693
loc_loc_ema_stack_pos_48_ts_bot60,location,loc_ema_stack_pos_48,241701,0.6032270140760707,207579,0.0,0.10817307692307693
loc_loc_ema_stack_pos_48_ts_top70,location,loc_ema_stack_pos_48,119564,0.29840271538384744,119564,0.0,0.10817307692307693
loc_loc_ema_stack_pos_48_ts_bot70,location,loc_ema_stack_pos_48,281116,0.7015972846161526,168164,0.0,0.10817307692307693
loc_loc_ema_stack_pos_48_ts_top80,location,loc_ema_stack_pos_48,80001,0.19966307277628031,80001,0.0,0.10817307692307693
loc_loc_ema_stack_pos_48_ts_bot80,location,loc_ema_stack_pos_48,320679,0.8003369272237196,128601,0.0,0.10817307692307693
loc_loc_ema_stack_pos_48_ts_band20_80,location,loc_ema_stack_pos_48,245606,0.612972945991814,203674,0.0,0.10817307692307693
loc_loc_ema_stack_pos_48_ts_band25_75,location,loc_ema_stack_pos_48,206501,0.515376360187681,206501,0.0,0.10817307692307693
loc_loc_ema_stack_pos_48_ts_band30_70,location,loc_ema_stack_pos_48,162251,0.4049391035240092,162251,0.0,0.10817307692307693
loc_loc_ema_stack_pos_48_ts_band40_60,location,loc_ema_stack_pos_48,76271,0.19035389837276628,76271,0.0,0.10817307692307693
loc_loc_vwap_dev_z_24_ts_top20,location,loc_vwap_dev_z_24,325607,0.8126360187680942,123673,0.0,0.10817307692307693
loc_loc_vwap_dev_z_24_ts_bot20,location,loc_vwap_dev_z_24,75073,0.18736398123190576,75073,0.0,0.10817307692307693
loc_loc_vwap_dev_z_24_ts_top30,location,loc_vwap_dev_z_24,281815,0.7033418189078566,167465,0.0,0.10817307692307693
loc_loc_vwap_dev_z_24_ts_bot30,location,loc_vwap_dev_z_24,118865,0.29665818109214337,118865,0.0,0.10817307692307693
loc_loc_vwap_dev_z_24_ts_top40,location,loc_vwap_dev_z_24,235250,0.5871268842966956,214030,0.0,0.10817307692307693
loc_loc_vwap_dev_z_24_ts_bot40,location,loc_vwap_dev_z_24,165430,0.41287311570330437,165430,0.0,0.10817307692307693
loc_loc_vwap_dev_z_24_ts_top50,location,loc_vwap_dev_z_24,196501,0.4904187880602975,196501,0.0,0.10817307692307693
loc_loc_vwap_dev_z_24_ts_bot50,location,loc_vwap_dev_z_24,204229,0.5097059998003394,204229,0.0,0.10817307692307693
loc_loc_vwap_dev_z_24_ts_top60,location,loc_vwap_dev_z_24,158979,0.39677298592392934,158979,0.0,0.10817307692307693
loc_loc_vwap_dev_z_24_ts_bot60,location,loc_vwap_dev_z_24,241701,0.6032270140760707,207579,0.0,0.10817307692307693
loc_loc_vwap_dev_z_24_ts_top70,location,loc_vwap_dev_z_24,119564,0.29840271538384744,119564,0.0,0.10817307692307693
loc_loc_vwap_dev_z_24_ts_bot70,location,loc_vwap_dev_z_24,281116,0.7015972846161526,168164,0.0,0.10817307692307693
loc_loc_vwap_dev_z_24_ts_top80,location,loc_vwap_dev_z_24,80001,0.19966307277628031,80001,0.0,0.10817307692307693
loc_loc_vwap_dev_z_24_ts_bot80,location,loc_vwap_dev_z_24,320679,0.8003369272237196,128601,0.0,0.10817307692307693
loc_loc_vwap_dev_z_24_ts_band20_80,location,loc_vwap_dev_z_24,245606,0.612972945991814,203674,0.0,0.10817307692307693
loc_loc_vwap_dev_z_24_ts_band25_75,location,loc_vwap_dev_z_24,206501,0.515376360187681,206501,0.0,0.10817307692307693
loc_loc_vwap_dev_z_24_ts_band30_70,location,loc_vwap_dev_z_24,162251,0.4049391035240092,162251,0.0,0.10817307692307693
loc_loc_vwap_dev_z_24_ts_band40_60,location,loc_vwap_dev_z_24,76271,0.19035389837276628,76271,0.0,0.10817307692307693
loc_loc_vwap_dev_z_48_ts_top20,location,loc_vwap_dev_z_48,325607,0.8126360187680942,123673,0.0,0.10817307692307693
loc_loc_vwap_dev_z_48_ts_bot20,location,loc_vwap_dev_z_48,75073,0.18736398123190576,75073,0.0,0.10817307692307693
loc_loc_vwap_dev_z_48_ts_top30,location,loc_vwap_dev_z_48,281815,0.7033418189078566,167465,0.0,0.10817307692307693
loc_loc_vwap_dev_z_48_ts_bot30,location,loc_vwap_dev_z_48,118865,0.29665818109214337,118865,0.0,0.10817307692307693
loc_loc_vwap_dev_z_48_ts_top40,location,loc_vwap_dev_z_48,235250,0.5871268842966956,214030,0.0,0.10817307692307693
loc_loc_vwap_dev_z_48_ts_bot40,location,loc_vwap_dev_z_48,165430,0.41287311570330437,165430,0.0,0.10817307692307693
loc_loc_vwap_dev_z_48_ts_top50,location,loc_vwap_dev_z_48,196501,0.4904187880602975,196501,0.0,0.10817307692307693
loc_loc_vwap_dev_z_48_ts_bot50,location,loc_vwap_dev_z_48,204229,0.5097059998003394,204229,0.0,0.10817307692307693
loc_loc_vwap_dev_z_48_ts_top60,location,loc_vwap_dev_z_48,158979,0.39677298592392934,158979,0.0,0.10817307692307693
loc_loc_vwap_dev_z_48_ts_bot60,location,loc_vwap_dev_z_48,241701,0.6032270140760707,207579,0.0,0.10817307692307693
loc_loc_vwap_dev_z_48_ts_top70,location,loc_vwap_dev_z_48,119564,0.29840271538384744,119564,0.0,0.10817307692307693
loc_loc_vwap_dev_z_48_ts_bot70,location,loc_vwap_dev_z_48,281116,0.7015972846161526,168164,0.0,0.10817307692307693
loc_loc_vwap_dev_z_48_ts_top80,location,loc_vwap_dev_z_48,80001,0.19966307277628031,80001,0.0,0.10817307692307693
loc_loc_vwap_dev_z_48_ts_bot80,location,loc_vwap_dev_z_48,320679,0.8003369272237196,128601,0.0,0.10817307692307693
loc_loc_vwap_dev_z_48_ts_band20_80,location,loc_vwap_dev_z_48,245606,0.612972945991814,203674,0.0,0.10817307692307693
loc_loc_vwap_dev_z_48_ts_band25_75,location,loc_vwap_dev_z_48,206501,0.515376360187681,206501,0.0,0.10817307692307693
loc_loc_vwap_dev_z_48_ts_band30_70,location,loc_vwap_dev_z_48,162251,0.4049391035240092,162251,0.0,0.10817307692307693
loc_loc_vwap_dev_z_48_ts_band40_60,location,loc_vwap_dev_z_48,76271,0.19035389837276628,76271,0.0,0.10817307692307693
loc_loc_range_pos_24_ts_top20,location,loc_range_pos_24,325607,0.8126360187680942,123673,0.0,0.10817307692307693
loc_loc_range_pos_24_ts_bot20,location,loc_range_pos_24,75073,0.18736398123190576,75073,0.0,0.10817307692307693
loc_loc_range_pos_24_ts_top30,location,loc_range_pos_24,281815,0.7033418189078566,167465,0.0,0.10817307692307693
loc_loc_range_pos_24_ts_bot30,location,loc_range_pos_24,118865,0.29665818109214337,118865,0.0,0.10817307692307693
loc_loc_range_pos_24_ts_top40,location,loc_range_pos_24,235250,0.5871268842966956,214030,0.0,0.10817307692307693
loc_loc_range_pos_24_ts_bot40,location,loc_range_pos_24,165430,0.41287311570330437,165430,0.0,0.10817307692307693
loc_loc_range_pos_24_ts_top50,location,loc_range_pos_24,196501,0.4904187880602975,196501,0.0,0.10817307692307693
loc_loc_range_pos_24_ts_bot50,location,loc_range_pos_24,204229,0.5097059998003394,204229,0.0,0.10817307692307693
loc_loc_range_pos_24_ts_top60,location,loc_range_pos_24,158979,0.39677298592392934,158979,0.0,0.10817307692307693
loc_loc_range_pos_24_ts_bot60,location,loc_range_pos_24,241701,0.6032270140760707,207579,0.0,0.10817307692307693
loc_loc_range_pos_24_ts_top70,location,loc_range_pos_24,119564,0.29840271538384744,119564,0.0,0.10817307692307693
loc_loc_range_pos_24_ts_bot70,location,loc_range_pos_24,281116,0.7015972846161526,168164,0.0,0.10817307692307693
loc_loc_range_pos_24_ts_top80,location,loc_range_pos_24,80001,0.19966307277628031,80001,0.0,0.10817307692307693
loc_loc_range_pos_24_ts_bot80,location,loc_range_pos_24,320679,0.8003369272237196,128601,0.0,0.10817307692307693
loc_loc_range_pos_24_ts_band20_80,location,loc_range_pos_24,245606,0.612972945991814,203674,0.0,0.10817307692307693
loc_loc_range_pos_24_ts_band25_75,location,loc_range_pos_24,206501,0.515376360187681,206501,0.0,0.10817307692307693
loc_loc_range_pos_24_ts_band30_70,location,loc_range_pos_24,162251,0.4049391035240092,162251,0.0,0.10817307692307693
loc_loc_range_pos_24_ts_band40_60,location,loc_range_pos_24,76271,0.19035389837276628,76271,0.0,0.10817307692307693
loc_loc_range_pos_48_ts_top20,location,loc_range_pos_48,325607,0.8126360187680942,123673,0.0,0.10817307692307693
loc_loc_range_pos_48_ts_bot20,location,loc_range_pos_48,75073,0.18736398123190576,75073,0.0,0.10817307692307693
loc_loc_range_pos_48_ts_top30,location,loc_range_pos_48,281815,0.7033418189078566,167465,0.0,0.10817307692307693
loc_loc_range_pos_48_ts_bot30,location,loc_range_pos_48,118865,0.29665818109214337,118865,0.0,0.10817307692307693
loc_loc_range_pos_48_ts_top40,location,loc_range_pos_48,235250,0.5871268842966956,214030,0.0,0.10817307692307693
loc_loc_range_pos_48_ts_bot40,location,loc_range_pos_48,165430,0.41287311570330437,165430,0.0,0.10817307692307693
loc_loc_range_pos_48_ts_top50,location,loc_range_pos_48,196501,0.4904187880602975,196501,0.0,0.10817307692307693
loc_loc_range_pos_48_ts_bot50,location,loc_range_pos_48,204229,0.5097059998003394,204229,0.0,0.10817307692307693
loc_loc_range_pos_48_ts_top60,location,loc_range_pos_48,158979,0.39677298592392934,158979,0.0,0.10817307692307693
loc_loc_range_pos_48_ts_bot60,location,loc_range_pos_48,241701,0.6032270140760707,207579,0.0,0.10817307692307693
loc_loc_range_pos_48_ts_top70,location,loc_range_pos_48,119564,0.29840271538384744,119564,0.0,0.10817307692307693
loc_loc_range_pos_48_ts_bot70,location,loc_range_pos_48,281116,0.7015972846161526,168164,0.0,0.10817307692307693
loc_loc_range_pos_48_ts_top80,location,loc_range_pos_48,80001,0.19966307277628031,80001,0.0,0.10817307692307693
loc_loc_range_pos_48_ts_bot80,location,loc_range_pos_48,320679,0.8003369272237196,128601,0.0,0.10817307692307693
loc_loc_range_pos_48_ts_band20_80,location,loc_range_pos_48,245606,0.612972945991814,203674,0.0,0.10817307692307693
loc_loc_range_pos_48_ts_band25_75,location,loc_range_pos_48,206501,0.515376360187681,206501,0.0,0.10817307692307693
loc_loc_range_pos_48_ts_band30_70,location,loc_range_pos_48,162251,0.4049391035240092,162251,0.0,0.10817307692307693
loc_loc_range_pos_48_ts_band40_60,location,loc_range_pos_48,76271,0.19035389837276628,76271,0.0,0.10817307692307693
loc_loc_prior_bar_pos_24_ts_top20,location,loc_prior_bar_pos_24,325607,0.8126360187680942,123673,0.0,0.10817307692307693
loc_loc_prior_bar_pos_24_ts_bot20,location,loc_prior_bar_pos_24,75073,0.18736398123190576,75073,0.0,0.10817307692307693
loc_loc_prior_bar_pos_24_ts_top30,location,loc_prior_bar_pos_24,281815,0.7033418189078566,167465,0.0,0.10817307692307693
loc_loc_prior_bar_pos_24_ts_bot30,location,loc_prior_bar_pos_24,118865,0.29665818109214337,118865,0.0,0.10817307692307693
loc_loc_prior_bar_pos_24_ts_top40,location,loc_prior_bar_pos_24,235250,0.5871268842966956,214030,0.0,0.10817307692307693
loc_loc_prior_bar_pos_24_ts_bot40,location,loc_prior_bar_pos_24,165430,0.41287311570330437,165430,0.0,0.10817307692307693
loc_loc_prior_bar_pos_24_ts_top50,location,loc_prior_bar_pos_24,196501,0.4904187880602975,196501,0.0,0.10817307692307693
loc_loc_prior_bar_pos_24_ts_bot50,location,loc_prior_bar_pos_24,204229,0.5097059998003394,204229,0.0,0.10817307692307693
loc_loc_prior_bar_pos_24_ts_top60,location,loc_prior_bar_pos_24,158979,0.39677298592392934,158979,0.0,0.10817307692307693
loc_loc_prior_bar_pos_24_ts_bot60,location,loc_prior_bar_pos_24,241701,0.6032270140760707,207579,0.0,0.10817307692307693
loc_loc_prior_bar_pos_24_ts_top70,location,loc_prior_bar_pos_24,119564,0.29840271538384744,119564,0.0,0.10817307692307693
loc_loc_prior_bar_pos_24_ts_bot70,location,loc_prior_bar_pos_24,281116,0.7015972846161526,168164,0.0,0.10817307692307693
loc_loc_prior_bar_pos_24_ts_top80,location,loc_prior_bar_pos_24,80001,0.19966307277628031,80001,0.0,0.10817307692307693
loc_loc_prior_bar_pos_24_ts_bot80,location,loc_prior_bar_pos_24,320679,0.8003369272237196,128601,0.0,0.10817307692307693
loc_loc_prior_bar_pos_24_ts_band20_80,location,loc_prior_bar_pos_24,245606,0.612972945991814,203674,0.0,0.10817307692307693
loc_loc_prior_bar_pos_24_ts_band25_75,location,loc_prior_bar_pos_24,206501,0.515376360187681,206501,0.0,0.10817307692307693
loc_loc_prior_bar_pos_24_ts_band30_70,location,loc_prior_bar_pos_24,162251,0.4049391035240092,162251,0.0,0.10817307692307693
loc_loc_prior_bar_pos_24_ts_band40_60,location,loc_prior_bar_pos_24,76271,0.19035389837276628,76271,0.0,0.10817307692307693
loc_loc_prior_bar_pos_48_ts_top20,location,loc_prior_bar_pos_48,325607,0.8126360187680942,123673,0.0,0.10817307692307693
loc_loc_prior_bar_pos_48_ts_bot20,location,loc_prior_bar_pos_48,75073,0.18736398123190576,75073,0.0,0.10817307692307693
loc_loc_prior_bar_pos_48_ts_top30,location,loc_prior_bar_pos_48,281815,0.7033418189078566,167465,0.0,0.10817307692307693
loc_loc_prior_bar_pos_48_ts_bot30,location,loc_prior_bar_pos_48,118865,0.29665818109214337,118865,0.0,0.10817307692307693
loc_loc_prior_bar_pos_48_ts_top40,location,loc_prior_bar_pos_48,235250,0.5871268842966956,214030,0.0,0.10817307692307693
loc_loc_prior_bar_pos_48_ts_bot40,location,loc_prior_bar_pos_48,165430,0.41287311570330437,165430,0.0,0.10817307692307693
loc_loc_prior_bar_pos_48_ts_top50,location,loc_prior_bar_pos_48,196501,0.4904187880602975,196501,0.0,0.10817307692307693
loc_loc_prior_bar_pos_48_ts_bot50,location,loc_prior_bar_pos_48,204229,0.5097059998003394,204229,0.0,0.10817307692307693
loc_loc_prior_bar_pos_48_ts_top60,location,loc_prior_bar_pos_48,158979,0.39677298592392934,158979,0.0,0.10817307692307693
loc_loc_prior_bar_pos_48_ts_bot60,location,loc_prior_bar_pos_48,241701,0.6032270140760707,207579,0.0,0.10817307692307693
loc_loc_prior_bar_pos_48_ts_top70,location,loc_prior_bar_pos_48,119564,0.29840271538384744,119564,0.0,0.10817307692307693
loc_loc_prior_bar_pos_48_ts_bot70,location,loc_prior_bar_pos_48,281116,0.7015972846161526,168164,0.0,0.10817307692307693
loc_loc_prior_bar_pos_48_ts_top80,location,loc_prior_bar_pos_48,80001,0.19966307277628031,80001,0.0,0.10817307692307693
loc_loc_prior_bar_pos_48_ts_bot80,location,loc_prior_bar_pos_48,320679,0.8003369272237196,128601,0.0,0.10817307692307693
loc_loc_prior_bar_pos_48_ts_band20_80,location,loc_prior_bar_pos_48,245606,0.612972945991814,203674,0.0,0.10817307692307693
loc_loc_prior_bar_pos_48_ts_band25_75,location,loc_prior_bar_pos_48,206501,0.515376360187681,206501,0.0,0.10817307692307693
loc_loc_prior_bar_pos_48_ts_band30_70,location,loc_prior_bar_pos_48,162251,0.4049391035240092,162251,0.0,0.10817307692307693
loc_loc_prior_bar_pos_48_ts_band40_60,location,loc_prior_bar_pos_48,76271,0.19035389837276628,76271,0.0,0.10817307692307693
loc_loc_swing_range_pos_24_ts_top20,location,loc_swing_range_pos_24,325607,0.8126360187680942,123673,0.0,0.10817307692307693
loc_loc_swing_range_pos_24_ts_bot20,location,loc_swing_range_pos_24,75073,0.18736398123190576,75073,0.0,0.10817307692307693
loc_loc_swing_range_pos_24_ts_top30,location,loc_swing_range_pos_24,281815,0.7033418189078566,167465,0.0,0.10817307692307693
loc_loc_swing_range_pos_24_ts_bot30,location,loc_swing_range_pos_24,118865,0.29665818109214337,118865,0.0,0.10817307692307693
loc_loc_swing_range_pos_24_ts_top40,location,loc_swing_range_pos_24,235250,0.5871268842966956,214030,0.0,0.10817307692307693
loc_loc_swing_range_pos_24_ts_bot40,location,loc_swing_range_pos_24,165430,0.41287311570330437,165430,0.0,0.10817307692307693
loc_loc_swing_range_pos_24_ts_top50,location,loc_swing_range_pos_24,196501,0.4904187880602975,196501,0.0,0.10817307692307693
loc_loc_swing_range_pos_24_ts_bot50,location,loc_swing_range_pos_24,204229,0.5097059998003394,204229,0.0,0.10817307692307693
loc_loc_swing_range_pos_24_ts_top60,location,loc_swing_range_pos_24,158979,0.39677298592392934,158979,0.0,0.10817307692307693
loc_loc_swing_range_pos_24_ts_bot60,location,loc_swing_range_pos_24,241701,0.6032270140760707,207579,0.0,0.10817307692307693
loc_loc_swing_range_pos_24_ts_top70,location,loc_swing_range_pos_24,119564,0.29840271538384744,119564,0.0,0.10817307692307693
loc_loc_swing_range_pos_24_ts_bot70,location,loc_swing_range_pos_24,281116,0.7015972846161526,168164,0.0,0.10817307692307693
loc_loc_swing_range_pos_24_ts_top80,location,loc_swing_range_pos_24,80001,0.19966307277628031,80001,0.0,0.10817307692307693
loc_loc_swing_range_pos_24_ts_bot80,location,loc_swing_range_pos_24,320679,0.8003369272237196,128601,0.0,0.10817307692307693
loc_loc_swing_range_pos_24_ts_band20_80,location,loc_swing_range_pos_24,245606,0.612972945991814,203674,0.0,0.10817307692307693
loc_loc_swing_range_pos_24_ts_band25_75,location,loc_swing_range_pos_24,206501,0.515376360187681,206501,0.0,0.10817307692307693
loc_loc_swing_range_pos_24_ts_band30_70,location,loc_swing_range_pos_24,162251,0.4049391035240092,162251,0.0,0.10817307692307693
loc_loc_swing_range_pos_24_ts_band40_60,location,loc_swing_range_pos_24,76271,0.19035389837276628,76271,0.0,0.10817307692307693
loc_loc_swing_range_pos_48_ts_top20,location,loc_swing_range_pos_48,325607,0.8126360187680942,123673,0.0,0.10817307692307693
loc_loc_swing_range_pos_48_ts_bot20,location,loc_swing_range_pos_48,75073,0.18736398123190576,75073,0.0,0.10817307692307693
loc_loc_swing_range_pos_48_ts_top30,location,loc_swing_range_pos_48,281815,0.7033418189078566,167465,0.0,0.10817307692307693
loc_loc_swing_range_pos_48_ts_bot30,location,loc_swing_range_pos_48,118865,0.29665818109214337,118865,0.0,0.10817307692307693
loc_loc_swing_range_pos_48_ts_top40,location,loc_swing_range_pos_48,235250,0.5871268842966956,214030,0.0,0.10817307692307693
loc_loc_swing_range_pos_48_ts_bot40,location,loc_swing_range_pos_48,165430,0.41287311570330437,165430,0.0,0.10817307692307693
loc_loc_swing_range_pos_48_ts_top50,location,loc_swing_range_pos_48,196501,0.4904187880602975,196501,0.0,0.10817307692307693
loc_loc_swing_range_pos_48_ts_bot50,location,loc_swing_range_pos_48,204229,0.5097059998003394,204229,0.0,0.10817307692307693
loc_loc_swing_range_pos_48_ts_top60,location,loc_swing_range_pos_48,158979,0.39677298592392934,158979,0.0,0.10817307692307693
loc_loc_swing_range_pos_48_ts_bot60,location,loc_swing_range_pos_48,241701,0.6032270140760707,207579,0.0,0.10817307692307693
loc_loc_swing_range_pos_48_ts_top70,location,loc_swing_range_pos_48,119564,0.29840271538384744,119564,0.0,0.10817307692307693
loc_loc_swing_range_pos_48_ts_bot70,location,loc_swing_range_pos_48,281116,0.7015972846161526,168164,0.0,0.10817307692307693
loc_loc_swing_range_pos_48_ts_top80,location,loc_swing_range_pos_48,80001,0.19966307277628031,80001,0.0,0.10817307692307693
loc_loc_swing_range_pos_48_ts_bot80,location,loc_swing_range_pos_48,320679,0.8003369272237196,128601,0.0,0.10817307692307693
loc_loc_swing_range_pos_48_ts_band20_80,location,loc_swing_range_pos_48,245606,0.612972945991814,203674,0.0,0.10817307692307693
loc_loc_swing_range_pos_48_ts_band25_75,location,loc_swing_range_pos_48,206501,0.515376360187681,206501,0.0,0.10817307692307693
loc_loc_swing_range_pos_48_ts_band30_70,location,loc_swing_range_pos_48,162251,0.4049391035240092,162251,0.0,0.10817307692307693
loc_loc_swing_range_pos_48_ts_band40_60,location,loc_swing_range_pos_48,76271,0.19035389837276628,76271,0.0,0.10817307692307693
loc_loc_session_pos_24_ts_top20,location,loc_session_pos_24,325607,0.8126360187680942,123673,0.0,0.10817307692307693
loc_loc_session_pos_24_ts_bot20,location,loc_session_pos_24,75073,0.18736398123190576,75073,0.0,0.10817307692307693
loc_loc_session_pos_24_ts_top30,location,loc_session_pos_24,281815,0.7033418189078566,167465,0.0,0.10817307692307693
loc_loc_session_pos_24_ts_bot30,location,loc_session_pos_24,118865,0.29665818109214337,118865,0.0,0.10817307692307693
loc_loc_session_pos_24_ts_top40,location,loc_session_pos_24,235250,0.5871268842966956,214030,0.0,0.10817307692307693
loc_loc_session_pos_24_ts_bot40,location,loc_session_pos_24,165430,0.41287311570330437,165430,0.0,0.10817307692307693
loc_loc_session_pos_24_ts_top50,location,loc_session_pos_24,196501,0.4904187880602975,196501,0.0,0.10817307692307693
loc_loc_session_pos_24_ts_bot50,location,loc_session_pos_24,204229,0.5097059998003394,204229,0.0,0.10817307692307693
loc_loc_session_pos_24_ts_top60,location,loc_session_pos_24,158979,0.39677298592392934,158979,0.0,0.10817307692307693
loc_loc_session_pos_24_ts_bot60,location,loc_session_pos_24,241701,0.6032270140760707,207579,0.0,0.10817307692307693
loc_loc_session_pos_24_ts_top70,location,loc_session_pos_24,119564,0.29840271538384744,119564,0.0,0.10817307692307693
loc_loc_session_pos_24_ts_bot70,location,loc_session_pos_24,281116,0.7015972846161526,168164,0.0,0.10817307692307693
loc_loc_session_pos_24_ts_top80,location,loc_session_pos_24,80001,0.19966307277628031,80001,0.0,0.10817307692307693
loc_loc_session_pos_24_ts_bot80,location,loc_session_pos_24,320679,0.8003369272237196,128601,0.0,0.10817307692307693
loc_loc_session_pos_24_ts_band20_80,location,loc_session_pos_24,245606,0.612972945991814,203674,0.0,0.10817307692307693
loc_loc_session_pos_24_ts_band25_75,location,loc_session_pos_24,206501,0.515376360187681,206501,0.0,0.10817307692307693
loc_loc_session_pos_24_ts_band30_70,location,loc_session_pos_24,162251,0.4049391035240092,162251,0.0,0.10817307692307693
loc_loc_session_pos_24_ts_band40_60,location,loc_session_pos_24,76271,0.19035389837276628,76271,0.0,0.10817307692307693
loc_loc_session_pos_48_ts_top20,location,loc_session_pos_48,325607,0.8126360187680942,123673,0.0,0.10817307692307693
loc_loc_session_pos_48_ts_bot20,location,loc_session_pos_48,75073,0.18736398123190576,75073,0.0,0.10817307692307693
loc_loc_session_pos_48_ts_top30,location,loc_session_pos_48,281815,0.7033418189078566,167465,0.0,0.10817307692307693
loc_loc_session_pos_48_ts_bot30,location,loc_session_pos_48,118865,0.29665818109214337,118865,0.0,0.10817307692307693
loc_loc_session_pos_48_ts_top40,location,loc_session_pos_48,235250,0.5871268842966956,214030,0.0,0.10817307692307693
loc_loc_session_pos_48_ts_bot40,location,loc_session_pos_48,165430,0.41287311570330437,165430,0.0,0.10817307692307693
loc_loc_session_pos_48_ts_top50,location,loc_session_pos_48,196501,0.4904187880602975,196501,0.0,0.10817307692307693
loc_loc_session_pos_48_ts_bot50,location,loc_session_pos_48,204229,0.5097059998003394,204229,0.0,0.10817307692307693
loc_loc_session_pos_48_ts_top60,location,loc_session_pos_48,158979,0.39677298592392934,158979,0.0,0.10817307692307693
loc_loc_session_pos_48_ts_bot60,location,loc_session_pos_48,241701,0.6032270140760707,207579,0.0,0.10817307692307693
loc_loc_session_pos_48_ts_top70,location,loc_session_pos_48,119564,0.29840271538384744,119564,0.0,0.10817307692307693
loc_loc_session_pos_48_ts_bot70,location,loc_session_pos_48,281116,0.7015972846161526,168164,0.0,0.10817307692307693
loc_loc_session_pos_48_ts_top80,location,loc_session_pos_48,80001,0.19966307277628031,80001,0.0,0.10817307692307693
loc_loc_session_pos_48_ts_bot80,location,loc_session_pos_48,320679,0.8003369272237196,128601,0.0,0.10817307692307693
loc_loc_session_pos_48_ts_band20_80,location,loc_session_pos_48,245606,0.612972945991814,203674,0.0,0.10817307692307693
loc_loc_session_pos_48_ts_band25_75,location,loc_session_pos_48,206501,0.515376360187681,206501,0.0,0.10817307692307693
loc_loc_session_pos_48_ts_band30_70,location,loc_session_pos_48,162251,0.4049391035240092,162251,0.0,0.10817307692307693
loc_loc_session_pos_48_ts_band40_60,location,loc_session_pos_48,76271,0.19035389837276628,76271,0.0,0.10817307692307693
loc_loc_initial_balance_pos_24_ts_top20,location,loc_initial_balance_pos_24,325607,0.8126360187680942,123673,0.0,0.10817307692307693
loc_loc_initial_balance_pos_24_ts_bot20,location,loc_initial_balance_pos_24,75073,0.18736398123190576,75073,0.0,0.10817307692307693
loc_loc_initial_balance_pos_24_ts_top30,location,loc_initial_balance_pos_24,281815,0.7033418189078566,167465,0.0,0.10817307692307693
loc_loc_initial_balance_pos_24_ts_bot30,location,loc_initial_balance_pos_24,118865,0.29665818109214337,118865,0.0,0.10817307692307693
loc_loc_initial_balance_pos_24_ts_top40,location,loc_initial_balance_pos_24,235250,0.5871268842966956,214030,0.0,0.10817307692307693
loc_loc_initial_balance_pos_24_ts_bot40,location,loc_initial_balance_pos_24,165430,0.41287311570330437,165430,0.0,0.10817307692307693
loc_loc_initial_balance_pos_24_ts_top50,location,loc_initial_balance_pos_24,196501,0.4904187880602975,196501,0.0,0.10817307692307693
loc_loc_initial_balance_pos_24_ts_bot50,location,loc_initial_balance_pos_24,204229,0.5097059998003394,204229,0.0,0.10817307692307693
loc_loc_initial_balance_pos_24_ts_top60,location,loc_initial_balance_pos_24,158979,0.39677298592392934,158979,0.0,0.10817307692307693
loc_loc_initial_balance_pos_24_ts_bot60,location,loc_initial_balance_pos_24,241701,0.6032270140760707,207579,0.0,0.10817307692307693
loc_loc_initial_balance_pos_24_ts_top70,location,loc_initial_balance_pos_24,119564,0.29840271538384744,119564,0.0,0.10817307692307693
loc_loc_initial_balance_pos_24_ts_bot70,location,loc_initial_balance_pos_24,281116,0.7015972846161526,168164,0.0,0.10817307692307693
loc_loc_initial_balance_pos_24_ts_top80,location,loc_initial_balance_pos_24,80001,0.19966307277628031,80001,0.0,0.10817307692307693
loc_loc_initial_balance_pos_24_ts_bot80,location,loc_initial_balance_pos_24,320679,0.8003369272237196,128601,0.0,0.10817307692307693
loc_loc_initial_balance_pos_24_ts_band20_80,location,loc_initial_balance_pos_24,245606,0.612972945991814,203674,0.0,0.10817307692307693
loc_loc_initial_balance_pos_24_ts_band25_75,location,loc_initial_balance_pos_24,206501,0.515376360187681,206501,0.0,0.10817307692307693
loc_loc_initial_balance_pos_24_ts_band30_70,location,loc_initial_balance_pos_24,162251,0.4049391035240092,162251,0.0,0.10817307692307693
loc_loc_initial_balance_pos_24_ts_band40_60,location,loc_initial_balance_pos_24,76271,0.19035389837276628,76271,0.0,0.10817307692307693
loc_loc_initial_balance_pos_48_ts_top20,location,loc_initial_balance_pos_48,325607,0.8126360187680942,123673,0.0,0.10817307692307693
loc_loc_initial_balance_pos_48_ts_bot20,location,loc_initial_balance_pos_48,75073,0.18736398123190576,75073,0.0,0.10817307692307693
loc_loc_initial_balance_pos_48_ts_top30,location,loc_initial_balance_pos_48,281815,0.7033418189078566,167465,0.0,0.10817307692307693
loc_loc_initial_balance_pos_48_ts_bot30,location,loc_initial_balance_pos_48,118865,0.29665818109214337,118865,0.0,0.10817307692307693
loc_loc_initial_balance_pos_48_ts_top40,location,loc_initial_balance_pos_48,235250,0.5871268842966956,214030,0.0,0.10817307692307693
loc_loc_initial_balance_pos_48_ts_bot40,location,loc_initial_balance_pos_48,165430,0.41287311570330437,165430,0.0,0.10817307692307693
loc_loc_initial_balance_pos_48_ts_top50,location,loc_initial_balance_pos_48,196501,0.4904187880602975,196501,0.0,0.10817307692307693
loc_loc_initial_balance_pos_48_ts_bot50,location,loc_initial_balance_pos_48,204229,0.5097059998003394,204229,0.0,0.10817307692307693
loc_loc_initial_balance_pos_48_ts_top60,location,loc_initial_balance_pos_48,158979,0.39677298592392934,158979,0.0,0.10817307692307693
loc_loc_initial_balance_pos_48_ts_bot60,location,loc_initial_balance_pos_48,241701,0.6032270140760707,207579,0.0,0.10817307692307693
loc_loc_initial_balance_pos_48_ts_top70,location,loc_initial_balance_pos_48,119564,0.29840271538384744,119564,0.0,0.10817307692307693
loc_loc_initial_balance_pos_48_ts_bot70,location,loc_initial_balance_pos_48,281116,0.7015972846161526,168164,0.0,0.10817307692307693
loc_loc_initial_balance_pos_48_ts_top80,location,loc_initial_balance_pos_48,80001,0.19966307277628031,80001,0.0,0.10817307692307693
loc_loc_initial_balance_pos_48_ts_bot80,location,loc_initial_balance_pos_48,320679,0.8003369272237196,128601,0.0,0.10817307692307693
loc_loc_initial_balance_pos_48_ts_band20_80,location,loc_initial_balance_pos_48,245606,0.612972945991814,203674,0.0,0.10817307692307693
loc_loc_initial_balance_pos_48_ts_band25_75,location,loc_initial_balance_pos_48,206501,0.515376360187681,206501,0.0,0.10817307692307693
loc_loc_initial_balance_pos_48_ts_band30_70,location,loc_initial_balance_pos_48,162251,0.4049391035240092,162251,0.0,0.10817307692307693
loc_loc_initial_balance_pos_48_ts_band40_60,location,loc_initial_balance_pos_48,76271,0.19035389837276628,76271,0.0,0.10817307692307693
loc_loc_prev_day_range_pos_24_ts_top20,location,loc_prev_day_range_pos_24,325607,0.8126360187680942,123673,0.0,0.10817307692307693
loc_loc_prev_day_range_pos_24_ts_bot20,location,loc_prev_day_range_pos_24,75073,0.18736398123190576,75073,0.0,0.10817307692307693
loc_loc_prev_day_range_pos_24_ts_top30,location,loc_prev_day_range_pos_24,281815,0.7033418189078566,167465,0.0,0.10817307692307693
loc_loc_prev_day_range_pos_24_ts_bot30,location,loc_prev_day_range_pos_24,118865,0.29665818109214337,118865,0.0,0.10817307692307693
loc_loc_prev_day_range_pos_24_ts_top40,location,loc_prev_day_range_pos_24,235250,0.5871268842966956,214030,0.0,0.10817307692307693
loc_loc_prev_day_range_pos_24_ts_bot40,location,loc_prev_day_range_pos_24,165430,0.41287311570330437,165430,0.0,0.10817307692307693
loc_loc_prev_day_range_pos_24_ts_top50,location,loc_prev_day_range_pos_24,196501,0.4904187880602975,196501,0.0,0.10817307692307693
loc_loc_prev_day_range_pos_24_ts_bot50,location,loc_prev_day_range_pos_24,204229,0.5097059998003394,204229,0.0,0.10817307692307693
loc_loc_prev_day_range_pos_24_ts_top60,location,loc_prev_day_range_pos_24,158979,0.39677298592392934,158979,0.0,0.10817307692307693
loc_loc_prev_day_range_pos_24_ts_bot60,location,loc_prev_day_range_pos_24,241701,0.6032270140760707,207579,0.0,0.10817307692307693
loc_loc_prev_day_range_pos_24_ts_top70,location,loc_prev_day_range_pos_24,119564,0.29840271538384744,119564,0.0,0.10817307692307693
loc_loc_prev_day_range_pos_24_ts_bot70,location,loc_prev_day_range_pos_24,281116,0.7015972846161526,168164,0.0,0.10817307692307693
loc_loc_prev_day_range_pos_24_ts_top80,location,loc_prev_day_range_pos_24,80001,0.19966307277628031,80001,0.0,0.10817307692307693
loc_loc_prev_day_range_pos_24_ts_bot80,location,loc_prev_day_range_pos_24,320679,0.8003369272237196,128601,0.0,0.10817307692307693
loc_loc_prev_day_range_pos_24_ts_band20_80,location,loc_prev_day_range_pos_24,245606,0.612972945991814,203674,0.0,0.10817307692307693
loc_loc_prev_day_range_pos_24_ts_band25_75,location,loc_prev_day_range_pos_24,206501,0.515376360187681,206501,0.0,0.10817307692307693
loc_loc_prev_day_range_pos_24_ts_band30_70,location,loc_prev_day_range_pos_24,162251,0.4049391035240092,162251,0.0,0.10817307692307693
loc_loc_prev_day_range_pos_24_ts_band40_60,location,loc_prev_day_range_pos_24,76271,0.19035389837276628,76271,0.0,0.10817307692307693
loc_loc_prev_day_range_pos_48_ts_top20,location,loc_prev_day_range_pos_48,325607,0.8126360187680942,123673,0.0,0.10817307692307693
loc_loc_prev_day_range_pos_48_ts_bot20,location,loc_prev_day_range_pos_48,75073,0.18736398123190576,75073,0.0,0.10817307692307693
loc_loc_prev_day_range_pos_48_ts_top30,location,loc_prev_day_range_pos_48,281815,0.7033418189078566,167465,0.0,0.10817307692307693
loc_loc_prev_day_range_pos_48_ts_bot30,location,loc_prev_day_range_pos_48,118865,0.29665818109214337,118865,0.0,0.10817307692307693
loc_loc_prev_day_range_pos_48_ts_top40,location,loc_prev_day_range_pos_48,235250,0.5871268842966956,214030,0.0,0.10817307692307693
loc_loc_prev_day_range_pos_48_ts_bot40,location,loc_prev_day_range_pos_48,165430,0.41287311570330437,165430,0.0,0.10817307692307693
loc_loc_prev_day_range_pos_48_ts_top50,location,loc_prev_day_range_pos_48,196501,0.4904187880602975,196501,0.0,0.10817307692307693
loc_loc_prev_day_range_pos_48_ts_bot50,location,loc_prev_day_range_pos_48,204229,0.5097059998003394,204229,0.0,0.10817307692307693
loc_loc_prev_day_range_pos_48_ts_top60,location,loc_prev_day_range_pos_48,158979,0.39677298592392934,158979,0.0,0.10817307692307693
loc_loc_prev_day_range_pos_48_ts_bot60,location,loc_prev_day_range_pos_48,241701,0.6032270140760707,207579,0.0,0.10817307692307693
loc_loc_prev_day_range_pos_48_ts_top70,location,loc_prev_day_range_pos_48,119564,0.29840271538384744,119564,0.0,0.10817307692307693
loc_loc_prev_day_range_pos_48_ts_bot70,location,loc_prev_day_range_pos_48,281116,0.7015972846161526,168164,0.0,0.10817307692307693
loc_loc_prev_day_range_pos_48_ts_top80,location,loc_prev_day_range_pos_48,80001,0.19966307277628031,80001,0.0,0.10817307692307693
loc_loc_prev_day_range_pos_48_ts_bot80,location,loc_prev_day_range_pos_48,320679,0.8003369272237196,128601,0.0,0.10817307692307693
loc_loc_prev_day_range_pos_48_ts_band20_80,location,loc_prev_day_range_pos_48,245606,0.612972945991814,203674,0.0,0.10817307692307693
loc_loc_prev_day_range_pos_48_ts_band25_75,location,loc_prev_day_range_pos_48,206501,0.515376360187681,206501,0.0,0.10817307692307693
loc_loc_prev_day_range_pos_48_ts_band30_70,location,loc_prev_day_range_pos_48,162251,0.4049391035240092,162251,0.0,0.10817307692307693
loc_loc_prev_day_range_pos_48_ts_band40_60,location,loc_prev_day_range_pos_48,76271,0.19035389837276628,76271,0.0,0.10817307692307693
loc_loc_prev_week_range_pos_24_ts_top20,location,loc_prev_week_range_pos_24,325607,0.8126360187680942,123673,0.0,0.10817307692307693
loc_loc_prev_week_range_pos_24_ts_bot20,location,loc_prev_week_range_pos_24,75073,0.18736398123190576,75073,0.0,0.10817307692307693
loc_loc_prev_week_range_pos_24_ts_top30,location,loc_prev_week_range_pos_24,281815,0.7033418189078566,167465,0.0,0.10817307692307693
loc_loc_prev_week_range_pos_24_ts_bot30,location,loc_prev_week_range_pos_24,118865,0.29665818109214337,118865,0.0,0.10817307692307693
loc_loc_prev_week_range_pos_24_ts_top40,location,loc_prev_week_range_pos_24,235250,0.5871268842966956,214030,0.0,0.10817307692307693
loc_loc_prev_week_range_pos_24_ts_bot40,location,loc_prev_week_range_pos_24,165430,0.41287311570330437,165430,0.0,0.10817307692307693
loc_loc_prev_week_range_pos_24_ts_top50,location,loc_prev_week_range_pos_24,196501,0.4904187880602975,196501,0.0,0.10817307692307693
loc_loc_prev_week_range_pos_24_ts_bot50,location,loc_prev_week_range_pos_24,204229,0.5097059998003394,204229,0.0,0.10817307692307693
loc_loc_prev_week_range_pos_24_ts_top60,location,loc_prev_week_range_pos_24,158979,0.39677298592392934,158979,0.0,0.10817307692307693
loc_loc_prev_week_range_pos_24_ts_bot60,location,loc_prev_week_range_pos_24,241701,0.6032270140760707,207579,0.0,0.10817307692307693
loc_loc_prev_week_range_pos_24_ts_top70,location,loc_prev_week_range_pos_24,119564,0.29840271538384744,119564,0.0,0.10817307692307693
loc_loc_prev_week_range_pos_24_ts_bot70,location,loc_prev_week_range_pos_24,281116,0.7015972846161526,168164,0.0,0.10817307692307693
loc_loc_prev_week_range_pos_24_ts_top80,location,loc_prev_week_range_pos_24,80001,0.19966307277628031,80001,0.0,0.10817307692307693
loc_loc_prev_week_range_pos_24_ts_bot80,location,loc_prev_week_range_pos_24,320679,0.8003369272237196,128601,0.0,0.10817307692307693
loc_loc_prev_week_range_pos_24_ts_band20_80,location,loc_prev_week_range_pos_24,245606,0.612972945991814,203674,0.0,0.10817307692307693
loc_loc_prev_week_range_pos_24_ts_band25_75,location,loc_prev_week_range_pos_24,206501,0.515376360187681,206501,0.0,0.10817307692307693
loc_loc_prev_week_range_pos_24_ts_band30_70,location,loc_prev_week_range_pos_24,162251,0.4049391035240092,162251,0.0,0.10817307692307693
loc_loc_prev_week_range_pos_24_ts_band40_60,location,loc_prev_week_range_pos_24,76271,0.19035389837276628,76271,0.0,0.10817307692307693
loc_loc_prev_week_range_pos_48_ts_top20,location,loc_prev_week_range_pos_48,325607,0.8126360187680942,123673,0.0,0.10817307692307693
loc_loc_prev_week_range_pos_48_ts_bot20,location,loc_prev_week_range_pos_48,75073,0.18736398123190576,75073,0.0,0.10817307692307693
loc_loc_prev_week_range_pos_48_ts_top30,location,loc_prev_week_range_pos_48,281815,0.7033418189078566,167465,0.0,0.10817307692307693
loc_loc_prev_week_range_pos_48_ts_bot30,location,loc_prev_week_range_pos_48,118865,0.29665818109214337,118865,0.0,0.10817307692307693
loc_loc_prev_week_range_pos_48_ts_top40,location,loc_prev_week_range_pos_48,235250,0.5871268842966956,214030,0.0,0.10817307692307693
loc_loc_prev_week_range_pos_48_ts_bot40,location,loc_prev_week_range_pos_48,165430,0.41287311570330437,165430,0.0,0.10817307692307693
loc_loc_prev_week_range_pos_48_ts_top50,location,loc_prev_week_range_pos_48,196501,0.4904187880602975,196501,0.0,0.10817307692307693
loc_loc_prev_week_range_pos_48_ts_bot50,location,loc_prev_week_range_pos_48,204229,0.5097059998003394,204229,0.0,0.10817307692307693
loc_loc_prev_week_range_pos_48_ts_top60,location,loc_prev_week_range_pos_48,158979,0.39677298592392934,158979,0.0,0.10817307692307693
loc_loc_prev_week_range_pos_48_ts_bot60,location,loc_prev_week_range_pos_48,241701,0.6032270140760707,207579,0.0,0.10817307692307693
loc_loc_prev_week_range_pos_48_ts_top70,location,loc_prev_week_range_pos_48,119564,0.29840271538384744,119564,0.0,0.10817307692307693
loc_loc_prev_week_range_pos_48_ts_bot70,location,loc_prev_week_range_pos_48,281116,0.7015972846161526,168164,0.0,0.10817307692307693
loc_loc_prev_week_range_pos_48_ts_top80,location,loc_prev_week_range_pos_48,80001,0.19966307277628031,80001,0.0,0.10817307692307693
loc_loc_prev_week_range_pos_48_ts_bot80,location,loc_prev_week_range_pos_48,320679,0.8003369272237196,128601,0.0,0.10817307692307693
loc_loc_prev_week_range_pos_48_ts_band20_80,location,loc_prev_week_range_pos_48,245606,0.612972945991814,203674,0.0,0.10817307692307693
loc_loc_prev_week_range_pos_48_ts_band25_75,location,loc_prev_week_range_pos_48,206501,0.515376360187681,206501,0.0,0.10817307692307693
loc_loc_prev_week_range_pos_48_ts_band30_70,location,loc_prev_week_range_pos_48,162251,0.4049391035240092,162251,0.0,0.10817307692307693
loc_loc_prev_week_range_pos_48_ts_band40_60,location,loc_prev_week_range_pos_48,76271,0.19035389837276628,76271,0.0,0.10817307692307693
loc_loc_bb_channel_pos_24_ts_top20,location,loc_bb_channel_pos_24,325607,0.8126360187680942,123673,0.0,0.10817307692307693
loc_loc_bb_channel_pos_24_ts_bot20,location,loc_bb_channel_pos_24,75073,0.18736398123190576,75073,0.0,0.10817307692307693
loc_loc_bb_channel_pos_24_ts_top30,location,loc_bb_channel_pos_24,281815,0.7033418189078566,167465,0.0,0.10817307692307693
loc_loc_bb_channel_pos_24_ts_bot30,location,loc_bb_channel_pos_24,118865,0.29665818109214337,118865,0.0,0.10817307692307693
loc_loc_bb_channel_pos_24_ts_top40,location,loc_bb_channel_pos_24,235250,0.5871268842966956,214030,0.0,0.10817307692307693
loc_loc_bb_channel_pos_24_ts_bot40,location,loc_bb_channel_pos_24,165430,0.41287311570330437,165430,0.0,0.10817307692307693
loc_loc_bb_channel_pos_24_ts_top50,location,loc_bb_channel_pos_24,196501,0.4904187880602975,196501,0.0,0.10817307692307693
loc_loc_bb_channel_pos_24_ts_bot50,location,loc_bb_channel_pos_24,204229,0.5097059998003394,204229,0.0,0.10817307692307693
loc_loc_bb_channel_pos_24_ts_top60,location,loc_bb_channel_pos_24,158979,0.39677298592392934,158979,0.0,0.10817307692307693
loc_loc_bb_channel_pos_24_ts_bot60,location,loc_bb_channel_pos_24,241701,0.6032270140760707,207579,0.0,0.10817307692307693
loc_loc_bb_channel_pos_24_ts_top70,location,loc_bb_channel_pos_24,119564,0.29840271538384744,119564,0.0,0.10817307692307693
loc_loc_bb_channel_pos_24_ts_bot70,location,loc_bb_channel_pos_24,281116,0.7015972846161526,168164,0.0,0.10817307692307693
loc_loc_bb_channel_pos_24_ts_top80,location,loc_bb_channel_pos_24,80001,0.19966307277628031,80001,0.0,0.10817307692307693
loc_loc_bb_channel_pos_24_ts_bot80,location,loc_bb_channel_pos_24,320679,0.8003369272237196,128601,0.0,0.10817307692307693
loc_loc_bb_channel_pos_24_ts_band20_80,location,loc_bb_channel_pos_24,245606,0.612972945991814,203674,0.0,0.10817307692307693
loc_loc_bb_channel_pos_24_ts_band25_75,location,loc_bb_channel_pos_24,206501,0.515376360187681,206501,0.0,0.10817307692307693
loc_loc_bb_channel_pos_24_ts_band30_70,location,loc_bb_channel_pos_24,162251,0.4049391035240092,162251,0.0,0.10817307692307693
loc_loc_bb_channel_pos_24_ts_band40_60,location,loc_bb_channel_pos_24,76271,0.19035389837276628,76271,0.0,0.10817307692307693
loc_loc_bb_channel_pos_48_ts_top20,location,loc_bb_channel_pos_48,325607,0.8126360187680942,123673,0.0,0.10817307692307693
loc_loc_bb_channel_pos_48_ts_bot20,location,loc_bb_channel_pos_48,75073,0.18736398123190576,75073,0.0,0.10817307692307693
loc_loc_bb_channel_pos_48_ts_top30,location,loc_bb_channel_pos_48,281815,0.7033418189078566,167465,0.0,0.10817307692307693
loc_loc_bb_channel_pos_48_ts_bot30,location,loc_bb_channel_pos_48,118865,0.29665818109214337,118865,0.0,0.10817307692307693
loc_loc_bb_channel_pos_48_ts_top40,location,loc_bb_channel_pos_48,235250,0.5871268842966956,214030,0.0,0.10817307692307693
loc_loc_bb_channel_pos_48_ts_bot40,location,loc_bb_channel_pos_48,165430,0.41287311570330437,165430,0.0,0.10817307692307693
loc_loc_bb_channel_pos_48_ts_top50,location,loc_bb_channel_pos_48,196501,0.4904187880602975,196501,0.0,0.10817307692307693
loc_loc_bb_channel_pos_48_ts_bot50,location,loc_bb_channel_pos_48,204229,0.5097059998003394,204229,0.0,0.10817307692307693
loc_loc_bb_channel_pos_48_ts_top60,location,loc_bb_channel_pos_48,158979,0.39677298592392934,158979,0.0,0.10817307692307693
loc_loc_bb_channel_pos_48_ts_bot60,location,loc_bb_channel_pos_48,241701,0.6032270140760707,207579,0.0,0.10817307692307693
loc_loc_bb_channel_pos_48_ts_top70,location,loc_bb_channel_pos_48,119564,0.29840271538384744,119564,0.0,0.10817307692307693
loc_loc_bb_channel_pos_48_ts_bot70,location,loc_bb_channel_pos_48,281116,0.7015972846161526,168164,0.0,0.10817307692307693
loc_loc_bb_channel_pos_48_ts_top80,location,loc_bb_channel_pos_48,80001,0.19966307277628031,80001,0.0,0.10817307692307693
loc_loc_bb_channel_pos_48_ts_bot80,location,loc_bb_channel_pos_48,320679,0.8003369272237196,128601,0.0,0.10817307692307693
loc_loc_bb_channel_pos_48_ts_band20_80,location,loc_bb_channel_pos_48,245606,0.612972945991814,203674,0.0,0.10817307692307693
loc_loc_bb_channel_pos_48_ts_band25_75,location,loc_bb_channel_pos_48,206501,0.515376360187681,206501,0.0,0.10817307692307693
loc_loc_bb_channel_pos_48_ts_band30_70,location,loc_bb_channel_pos_48,162251,0.4049391035240092,162251,0.0,0.10817307692307693
loc_loc_bb_channel_pos_48_ts_band40_60,location,loc_bb_channel_pos_48,76271,0.19035389837276628,76271,0.0,0.10817307692307693
loc_loc_pullback_depth_24_ts_top20,location,loc_pullback_depth_24,325607,0.8126360187680942,123673,0.0,0.10817307692307693
loc_loc_pullback_depth_24_ts_bot20,location,loc_pullback_depth_24,75073,0.18736398123190576,75073,0.0,0.10817307692307693
loc_loc_pullback_depth_24_ts_top30,location,loc_pullback_depth_24,281815,0.7033418189078566,167465,0.0,0.10817307692307693
loc_loc_pullback_depth_24_ts_bot30,location,loc_pullback_depth_24,118865,0.29665818109214337,118865,0.0,0.10817307692307693
loc_loc_pullback_depth_24_ts_top40,location,loc_pullback_depth_24,235250,0.5871268842966956,214030,0.0,0.10817307692307693
loc_loc_pullback_depth_24_ts_bot40,location,loc_pullback_depth_24,165430,0.41287311570330437,165430,0.0,0.10817307692307693
loc_loc_pullback_depth_24_ts_top50,location,loc_pullback_depth_24,196501,0.4904187880602975,196501,0.0,0.10817307692307693
loc_loc_pullback_depth_24_ts_bot50,location,loc_pullback_depth_24,204229,0.5097059998003394,204229,0.0,0.10817307692307693
loc_loc_pullback_depth_24_ts_top60,location,loc_pullback_depth_24,158979,0.39677298592392934,158979,0.0,0.10817307692307693
loc_loc_pullback_depth_24_ts_bot60,location,loc_pullback_depth_24,241701,0.6032270140760707,207579,0.0,0.10817307692307693
loc_loc_pullback_depth_24_ts_top70,location,loc_pullback_depth_24,119564,0.29840271538384744,119564,0.0,0.10817307692307693
loc_loc_pullback_depth_24_ts_bot70,location,loc_pullback_depth_24,281116,0.7015972846161526,168164,0.0,0.10817307692307693
loc_loc_pullback_depth_24_ts_top80,location,loc_pullback_depth_24,80001,0.19966307277628031,80001,0.0,0.10817307692307693
loc_loc_pullback_depth_24_ts_bot80,location,loc_pullback_depth_24,320679,0.8003369272237196,128601,0.0,0.10817307692307693
loc_loc_pullback_depth_24_ts_band20_80,location,loc_pullback_depth_24,245606,0.612972945991814,203674,0.0,0.10817307692307693
loc_loc_pullback_depth_24_ts_band25_75,location,loc_pullback_depth_24,206501,0.515376360187681,206501,0.0,0.10817307692307693
loc_loc_pullback_depth_24_ts_band30_70,location,loc_pullback_depth_24,162251,0.4049391035240092,162251,0.0,0.10817307692307693
loc_loc_pullback_depth_24_ts_band40_60,location,loc_pullback_depth_24,76271,0.19035389837276628,76271,0.0,0.10817307692307693
loc_loc_pullback_depth_48_ts_top20,location,loc_pullback_depth_48,325607,0.8126360187680942,123673,0.0,0.10817307692307693
loc_loc_pullback_depth_48_ts_bot20,location,loc_pullback_depth_48,75073,0.18736398123190576,75073,0.0,0.10817307692307693
loc_loc_pullback_depth_48_ts_top30,location,loc_pullback_depth_48,281815,0.7033418189078566,167465,0.0,0.10817307692307693
loc_loc_pullback_depth_48_ts_bot30,location,loc_pullback_depth_48,118865,0.29665818109214337,118865,0.0,0.10817307692307693
loc_loc_pullback_depth_48_ts_top40,location,loc_pullback_depth_48,235250,0.5871268842966956,214030,0.0,0.10817307692307693
loc_loc_pullback_depth_48_ts_bot40,location,loc_pullback_depth_48,165430,0.41287311570330437,165430,0.0,0.10817307692307693
loc_loc_pullback_depth_48_ts_top50,location,loc_pullback_depth_48,196501,0.4904187880602975,196501,0.0,0.10817307692307693
loc_loc_pullback_depth_48_ts_bot50,location,loc_pullback_depth_48,204229,0.5097059998003394,204229,0.0,0.10817307692307693
loc_loc_pullback_depth_48_ts_top60,location,loc_pullback_depth_48,158979,0.39677298592392934,158979,0.0,0.10817307692307693
loc_loc_pullback_depth_48_ts_bot60,location,loc_pullback_depth_48,241701,0.6032270140760707,207579,0.0,0.10817307692307693
loc_loc_pullback_depth_48_ts_top70,location,loc_pullback_depth_48,119564,0.29840271538384744,119564,0.0,0.10817307692307693
loc_loc_pullback_depth_48_ts_bot70,location,loc_pullback_depth_48,281116,0.7015972846161526,168164,0.0,0.10817307692307693
loc_loc_pullback_depth_48_ts_top80,location,loc_pullback_depth_48,80001,0.19966307277628031,80001,0.0,0.10817307692307693
loc_loc_pullback_depth_48_ts_bot80,location,loc_pullback_depth_48,320679,0.8003369272237196,128601,0.0,0.10817307692307693
loc_loc_pullback_depth_48_ts_band20_80,location,loc_pullback_depth_48,245606,0.612972945991814,203674,0.0,0.10817307692307693
loc_loc_pullback_depth_48_ts_band25_75,location,loc_pullback_depth_48,206501,0.515376360187681,206501,0.0,0.10817307692307693
loc_loc_pullback_depth_48_ts_band30_70,location,loc_pullback_depth_48,162251,0.4049391035240092,162251,0.0,0.10817307692307693
loc_loc_pullback_depth_48_ts_band40_60,location,loc_pullback_depth_48,76271,0.19035389837276628,76271,0.0,0.10817307692307693
loc_loc_pivot_ladder_pos_24_ts_top20,location,loc_pivot_ladder_pos_24,325607,0.8126360187680942,123673,0.0,0.10817307692307693
loc_loc_pivot_ladder_pos_24_ts_bot20,location,loc_pivot_ladder_pos_24,75073,0.18736398123190576,75073,0.0,0.10817307692307693
loc_loc_pivot_ladder_pos_24_ts_top30,location,loc_pivot_ladder_pos_24,281815,0.7033418189078566,167465,0.0,0.10817307692307693
loc_loc_pivot_ladder_pos_24_ts_bot30,location,loc_pivot_ladder_pos_24,118865,0.29665818109214337,118865,0.0,0.10817307692307693
loc_loc_pivot_ladder_pos_24_ts_top40,location,loc_pivot_ladder_pos_24,235250,0.5871268842966956,214030,0.0,0.10817307692307693
loc_loc_pivot_ladder_pos_24_ts_bot40,location,loc_pivot_ladder_pos_24,165430,0.41287311570330437,165430,0.0,0.10817307692307693
loc_loc_pivot_ladder_pos_24_ts_top50,location,loc_pivot_ladder_pos_24,196501,0.4904187880602975,196501,0.0,0.10817307692307693
loc_loc_pivot_ladder_pos_24_ts_bot50,location,loc_pivot_ladder_pos_24,204229,0.5097059998003394,204229,0.0,0.10817307692307693
loc_loc_pivot_ladder_pos_24_ts_top60,location,loc_pivot_ladder_pos_24,158979,0.39677298592392934,158979,0.0,0.10817307692307693
loc_loc_pivot_ladder_pos_24_ts_bot60,location,loc_pivot_ladder_pos_24,241701,0.6032270140760707,207579,0.0,0.10817307692307693
loc_loc_pivot_ladder_pos_24_ts_top70,location,loc_pivot_ladder_pos_24,119564,0.29840271538384744,119564,0.0,0.10817307692307693
loc_loc_pivot_ladder_pos_24_ts_bot70,location,loc_pivot_ladder_pos_24,281116,0.7015972846161526,168164,0.0,0.10817307692307693
loc_loc_pivot_ladder_pos_24_ts_top80,location,loc_pivot_ladder_pos_24,80001,0.19966307277628031,80001,0.0,0.10817307692307693
loc_loc_pivot_ladder_pos_24_ts_bot80,location,loc_pivot_ladder_pos_24,320679,0.8003369272237196,128601,0.0,0.10817307692307693
loc_loc_pivot_ladder_pos_24_ts_band20_80,location,loc_pivot_ladder_pos_24,245606,0.612972945991814,203674,0.0,0.10817307692307693
loc_loc_pivot_ladder_pos_24_ts_band25_75,location,loc_pivot_ladder_pos_24,206501,0.515376360187681,206501,0.0,0.10817307692307693
loc_loc_pivot_ladder_pos_24_ts_band30_70,location,loc_pivot_ladder_pos_24,162251,0.4049391035240092,162251,0.0,0.10817307692307693
loc_loc_pivot_ladder_pos_24_ts_band40_60,location,loc_pivot_ladder_pos_24,76271,0.19035389837276628,76271,0.0,0.10817307692307693
loc_loc_pivot_ladder_pos_48_ts_top20,location,loc_pivot_ladder_pos_48,325607,0.8126360187680942,123673,0.0,0.10817307692307693
loc_loc_pivot_ladder_pos_48_ts_bot20,location,loc_pivot_ladder_pos_48,75073,0.18736398123190576,75073,0.0,0.10817307692307693
loc_loc_pivot_ladder_pos_48_ts_top30,location,loc_pivot_ladder_pos_48,281815,0.7033418189078566,167465,0.0,0.10817307692307693
loc_loc_pivot_ladder_pos_48_ts_bot30,location,loc_pivot_ladder_pos_48,118865,0.29665818109214337,118865,0.0,0.10817307692307693
loc_loc_pivot_ladder_pos_48_ts_top40,location,loc_pivot_ladder_pos_48,235250,0.5871268842966956,214030,0.0,0.10817307692307693
loc_loc_pivot_ladder_pos_48_ts_bot40,location,loc_pivot_ladder_pos_48,165430,0.41287311570330437,165430,0.0,0.10817307692307693
loc_loc_pivot_ladder_pos_48_ts_top50,location,loc_pivot_ladder_pos_48,196501,0.4904187880602975,196501,0.0,0.10817307692307693
loc_loc_pivot_ladder_pos_48_ts_bot50,location,loc_pivot_ladder_pos_48,204229,0.5097059998003394,204229,0.0,0.10817307692307693
loc_loc_pivot_ladder_pos_48_ts_top60,location,loc_pivot_ladder_pos_48,158979,0.39677298592392934,158979,0.0,0.10817307692307693
loc_loc_pivot_ladder_pos_48_ts_bot60,location,loc_pivot_ladder_pos_48,241701,0.6032270140760707,207579,0.0,0.10817307692307693
loc_loc_pivot_ladder_pos_48_ts_top70,location,loc_pivot_ladder_pos_48,119564,0.29840271538384744,119564,0.0,0.10817307692307693
loc_loc_pivot_ladder_pos_48_ts_bot70,location,loc_pivot_ladder_pos_48,281116,0.7015972846161526,168164,0.0,0.10817307692307693
loc_loc_pivot_ladder_pos_48_ts_top80,location,loc_pivot_ladder_pos_48,80001,0.19966307277628031,80001,0.0,0.10817307692307693
loc_loc_pivot_ladder_pos_48_ts_bot80,location,loc_pivot_ladder_pos_48,320679,0.8003369272237196,128601,0.0,0.10817307692307693
loc_loc_pivot_ladder_pos_48_ts_band20_80,location,loc_pivot_ladder_pos_48,245606,0.612972945991814,203674,0.0,0.10817307692307693
loc_loc_pivot_ladder_pos_48_ts_band25_75,location,loc_pivot_ladder_pos_48,206501,0.515376360187681,206501,0.0,0.10817307692307693
loc_loc_pivot_ladder_pos_48_ts_band30_70,location,loc_pivot_ladder_pos_48,162251,0.4049391035240092,162251,0.0,0.10817307692307693
loc_loc_pivot_ladder_pos_48_ts_band40_60,location,loc_pivot_ladder_pos_48,76271,0.19035389837276628,76271,0.0,0.10817307692307693
reg_atr_change_rate_ts_top20,regime,atr_change_rate,325607,0.8126360187680942,123673,0.0,0.10817307692307693
reg_atr_change_rate_ts_bot20,regime,atr_change_rate,75073,0.18736398123190576,75073,0.0,0.10817307692307693
reg_atr_change_rate_ts_top30,regime,atr_change_rate,281815,0.7033418189078566,167465,0.0,0.10817307692307693
reg_atr_change_rate_ts_bot30,regime,atr_change_rate,118865,0.29665818109214337,118865,0.0,0.10817307692307693
reg_atr_change_rate_ts_top40,regime,atr_change_rate,235250,0.5871268842966956,214030,0.0,0.10817307692307693
reg_atr_change_rate_ts_bot40,regime,atr_change_rate,165430,0.41287311570330437,165430,0.0,0.10817307692307693
reg_atr_change_rate_ts_top50,regime,atr_change_rate,196501,0.4904187880602975,196501,0.0,0.10817307692307693
reg_atr_change_rate_ts_bot50,regime,atr_change_rate,204229,0.5097059998003394,204229,0.0,0.10817307692307693
reg_atr_change_rate_ts_top60,regime,atr_change_rate,158979,0.39677298592392934,158979,0.0,0.10817307692307693
reg_atr_change_rate_ts_bot60,regime,atr_change_rate,241701,0.6032270140760707,207579,0.0,0.10817307692307693
reg_atr_change_rate_ts_top70,regime,atr_change_rate,119564,0.29840271538384744,119564,0.0,0.10817307692307693
reg_atr_change_rate_ts_bot70,regime,atr_change_rate,281116,0.7015972846161526,168164,0.0,0.10817307692307693
reg_atr_change_rate_ts_top80,regime,atr_change_rate,80001,0.19966307277628031,80001,0.0,0.10817307692307693
reg_atr_change_rate_ts_bot80,regime,atr_change_rate,320679,0.8003369272237196,128601,0.0,0.10817307692307693
reg_atr_change_rate_ts_band20_80,regime,atr_change_rate,245606,0.612972945991814,203674,0.0,0.10817307692307693
reg_atr_change_rate_ts_band25_75,regime,atr_change_rate,206501,0.515376360187681,206501,0.0,0.10817307692307693
reg_atr_change_rate_ts_band30_70,regime,atr_change_rate,162251,0.4049391035240092,162251,0.0,0.10817307692307693
reg_atr_change_rate_ts_band40_60,regime,atr_change_rate,76271,0.19035389837276628,76271,0.0,0.10817307692307693
reg_atr_compression_ratio_ts_top20,regime,atr_compression_ratio,325607,0.8126360187680942,123673,0.0,0.10817307692307693
reg_atr_compression_ratio_ts_bot20,regime,atr_compression_ratio,75073,0.18736398123190576,75073,0.0,0.10817307692307693
reg_atr_compression_ratio_ts_top30,regime,atr_compression_ratio,281815,0.7033418189078566,167465,0.0,0.10817307692307693
reg_atr_compression_ratio_ts_bot30,regime,atr_compression_ratio,118865,0.29665818109214337,118865,0.0,0.10817307692307693
reg_atr_compression_ratio_ts_top40,regime,atr_compression_ratio,235250,0.5871268842966956,214030,0.0,0.10817307692307693
reg_atr_compression_ratio_ts_bot40,regime,atr_compression_ratio,165430,0.41287311570330437,165430,0.0,0.10817307692307693
reg_atr_compression_ratio_ts_top50,regime,atr_compression_ratio,196501,0.4904187880602975,196501,0.0,0.10817307692307693
reg_atr_compression_ratio_ts_bot50,regime,atr_compression_ratio,204229,0.5097059998003394,204229,0.0,0.10817307692307693
reg_atr_compression_ratio_ts_top60,regime,atr_compression_ratio,158979,0.39677298592392934,158979,0.0,0.10817307692307693
reg_atr_compression_ratio_ts_bot60,regime,atr_compression_ratio,241701,0.6032270140760707,207579,0.0,0.10817307692307693
reg_atr_compression_ratio_ts_top70,regime,atr_compression_ratio,119564,0.29840271538384744,119564,0.0,0.10817307692307693
reg_atr_compression_ratio_ts_bot70,regime,atr_compression_ratio,281116,0.7015972846161526,168164,0.0,0.10817307692307693
reg_atr_compression_ratio_ts_top80,regime,atr_compression_ratio,80001,0.19966307277628031,80001,0.0,0.10817307692307693
reg_atr_compression_ratio_ts_bot80,regime,atr_compression_ratio,320679,0.8003369272237196,128601,0.0,0.10817307692307693
reg_atr_compression_ratio_ts_band20_80,regime,atr_compression_ratio,245606,0.612972945991814,203674,0.0,0.10817307692307693
reg_atr_compression_ratio_ts_band25_75,regime,atr_compression_ratio,206501,0.515376360187681,206501,0.0,0.10817307692307693
reg_atr_compression_ratio_ts_band30_70,regime,atr_compression_ratio,162251,0.4049391035240092,162251,0.0,0.10817307692307693
reg_atr_compression_ratio_ts_band40_60,regime,atr_compression_ratio,76271,0.19035389837276628,76271,0.0,0.10817307692307693
reg_atr_percentile_ts_top20,regime,atr_percentile,325607,0.8126360187680942,123673,0.0,0.10817307692307693
reg_atr_percentile_ts_bot20,regime,atr_percentile,75073,0.18736398123190576,75073,0.0,0.10817307692307693
reg_atr_percentile_ts_top30,regime,atr_percentile,281815,0.7033418189078566,167465,0.0,0.10817307692307693
reg_atr_percentile_ts_bot30,regime,atr_percentile,118865,0.29665818109214337,118865,0.0,0.10817307692307693
reg_atr_percentile_ts_top40,regime,atr_percentile,235250,0.5871268842966956,214030,0.0,0.10817307692307693
reg_atr_percentile_ts_bot40,regime,atr_percentile,165430,0.41287311570330437,165430,0.0,0.10817307692307693
reg_atr_percentile_ts_top50,regime,atr_percentile,196501,0.4904187880602975,196501,0.0,0.10817307692307693
reg_atr_percentile_ts_bot50,regime,atr_percentile,204229,0.5097059998003394,204229,0.0,0.10817307692307693
reg_atr_percentile_ts_top60,regime,atr_percentile,158979,0.39677298592392934,158979,0.0,0.10817307692307693
reg_atr_percentile_ts_bot60,regime,atr_percentile,241701,0.6032270140760707,207579,0.0,0.10817307692307693
reg_atr_percentile_ts_top70,regime,atr_percentile,119564,0.29840271538384744,119564,0.0,0.10817307692307693
reg_atr_percentile_ts_bot70,regime,atr_percentile,281116,0.7015972846161526,168164,0.0,0.10817307692307693
reg_atr_percentile_ts_top80,regime,atr_percentile,80001,0.19966307277628031,80001,0.0,0.10817307692307693
reg_atr_percentile_ts_bot80,regime,atr_percentile,320679,0.8003369272237196,128601,0.0,0.10817307692307693
reg_atr_percentile_ts_band20_80,regime,atr_percentile,245606,0.612972945991814,203674,0.0,0.10817307692307693
reg_atr_percentile_ts_band25_75,regime,atr_percentile,206501,0.515376360187681,206501,0.0,0.10817307692307693
reg_atr_percentile_ts_band30_70,regime,atr_percentile,162251,0.4049391035240092,162251,0.0,0.10817307692307693
reg_atr_percentile_ts_band40_60,regime,atr_percentile,76271,0.19035389837276628,76271,0.0,0.10817307692307693
reg_bollinger_band_width_ts_top20,regime,bollinger_band_width,325607,0.8126360187680942,123673,0.0,0.10817307692307693
reg_bollinger_band_width_ts_bot20,regime,bollinger_band_width,75073,0.18736398123190576,75073,0.0,0.10817307692307693
reg_bollinger_band_width_ts_top30,regime,bollinger_band_width,281815,0.7033418189078566,167465,0.0,0.10817307692307693
reg_bollinger_band_width_ts_bot30,regime,bollinger_band_width,118865,0.29665818109214337,118865,0.0,0.10817307692307693
reg_bollinger_band_width_ts_top40,regime,bollinger_band_width,235250,0.5871268842966956,214030,0.0,0.10817307692307693
reg_bollinger_band_width_ts_bot40,regime,bollinger_band_width,165430,0.41287311570330437,165430,0.0,0.10817307692307693
reg_bollinger_band_width_ts_top50,regime,bollinger_band_width,196501,0.4904187880602975,196501,0.0,0.10817307692307693
reg_bollinger_band_width_ts_bot50,regime,bollinger_band_width,204229,0.5097059998003394,204229,0.0,0.10817307692307693
reg_bollinger_band_width_ts_top60,regime,bollinger_band_width,158979,0.39677298592392934,158979,0.0,0.10817307692307693
reg_bollinger_band_width_ts_bot60,regime,bollinger_band_width,241701,0.6032270140760707,207579,0.0,0.10817307692307693
reg_bollinger_band_width_ts_top70,regime,bollinger_band_width,119564,0.29840271538384744,119564,0.0,0.10817307692307693
reg_bollinger_band_width_ts_bot70,regime,bollinger_band_width,281116,0.7015972846161526,168164,0.0,0.10817307692307693
reg_bollinger_band_width_ts_top80,regime,bollinger_band_width,80001,0.19966307277628031,80001,0.0,0.10817307692307693
reg_bollinger_band_width_ts_bot80,regime,bollinger_band_width,320679,0.8003369272237196,128601,0.0,0.10817307692307693
reg_bollinger_band_width_ts_band20_80,regime,bollinger_band_width,245606,0.612972945991814,203674,0.0,0.10817307692307693
reg_bollinger_band_width_ts_band25_75,regime,bollinger_band_width,206501,0.515376360187681,206501,0.0,0.10817307692307693
reg_bollinger_band_width_ts_band30_70,regime,bollinger_band_width,162251,0.4049391035240092,162251,0.0,0.10817307692307693
reg_bollinger_band_width_ts_band40_60,regime,bollinger_band_width,76271,0.19035389837276628,76271,0.0,0.10817307692307693
reg_choppiness_index_20_ts_top20,regime,choppiness_index_20,325607,0.8126360187680942,123673,0.0,0.10817307692307693
reg_choppiness_index_20_ts_bot20,regime,choppiness_index_20,75073,0.18736398123190576,75073,0.0,0.10817307692307693
reg_choppiness_index_20_ts_top30,regime,choppiness_index_20,281815,0.7033418189078566,167465,0.0,0.10817307692307693
reg_choppiness_index_20_ts_bot30,regime,choppiness_index_20,118865,0.29665818109214337,118865,0.0,0.10817307692307693
reg_choppiness_index_20_ts_top40,regime,choppiness_index_20,235250,0.5871268842966956,214030,0.0,0.10817307692307693
reg_choppiness_index_20_ts_bot40,regime,choppiness_index_20,165430,0.41287311570330437,165430,0.0,0.10817307692307693
reg_choppiness_index_20_ts_top50,regime,choppiness_index_20,196501,0.4904187880602975,196501,0.0,0.10817307692307693
reg_choppiness_index_20_ts_bot50,regime,choppiness_index_20,204229,0.5097059998003394,204229,0.0,0.10817307692307693
reg_choppiness_index_20_ts_top60,regime,choppiness_index_20,158979,0.39677298592392934,158979,0.0,0.10817307692307693
reg_choppiness_index_20_ts_bot60,regime,choppiness_index_20,241701,0.6032270140760707,207579,0.0,0.10817307692307693
reg_choppiness_index_20_ts_top70,regime,choppiness_index_20,119564,0.29840271538384744,119564,0.0,0.10817307692307693
reg_choppiness_index_20_ts_bot70,regime,choppiness_index_20,281116,0.7015972846161526,168164,0.0,0.10817307692307693
reg_choppiness_index_20_ts_top80,regime,choppiness_index_20,80001,0.19966307277628031,80001,0.0,0.10817307692307693
reg_choppiness_index_20_ts_bot80,regime,choppiness_index_20,320679,0.8003369272237196,128601,0.0,0.10817307692307693
reg_choppiness_index_20_ts_band20_80,regime,choppiness_index_20,245606,0.612972945991814,203674,0.0,0.10817307692307693
reg_choppiness_index_20_ts_band25_75,regime,choppiness_index_20,206501,0.515376360187681,206501,0.0,0.10817307692307693
reg_choppiness_index_20_ts_band30_70,regime,choppiness_index_20,162251,0.4049391035240092,162251,0.0,0.10817307692307693
reg_choppiness_index_20_ts_band40_60,regime,choppiness_index_20,76271,0.19035389837276628,76271,0.0,0.10817307692307693
reg_compression_ratio_ts_top20,regime,compression_ratio,325607,0.8126360187680942,123673,0.0,0.10817307692307693
reg_compression_ratio_ts_bot20,regime,compression_ratio,75073,0.18736398123190576,75073,0.0,0.10817307692307693
reg_compression_ratio_ts_top30,regime,compression_ratio,281815,0.7033418189078566,167465,0.0,0.10817307692307693
reg_compression_ratio_ts_bot30,regime,compression_ratio,118865,0.29665818109214337,118865,0.0,0.10817307692307693
reg_compression_ratio_ts_top40,regime,compression_ratio,235250,0.5871268842966956,214030,0.0,0.10817307692307693
reg_compression_ratio_ts_bot40,regime,compression_ratio,165430,0.41287311570330437,165430,0.0,0.10817307692307693
reg_compression_ratio_ts_top50,regime,compression_ratio,196501,0.4904187880602975,196501,0.0,0.10817307692307693
reg_compression_ratio_ts_bot50,regime,compression_ratio,204229,0.5097059998003394,204229,0.0,0.10817307692307693
reg_compression_ratio_ts_top60,regime,compression_ratio,158979,0.39677298592392934,158979,0.0,0.10817307692307693
reg_compression_ratio_ts_bot60,regime,compression_ratio,241701,0.6032270140760707,207579,0.0,0.10817307692307693
reg_compression_ratio_ts_top70,regime,compression_ratio,119564,0.29840271538384744,119564,0.0,0.10817307692307693
reg_compression_ratio_ts_bot70,regime,compression_ratio,281116,0.7015972846161526,168164,0.0,0.10817307692307693
reg_compression_ratio_ts_top80,regime,compression_ratio,80001,0.19966307277628031,80001,0.0,0.10817307692307693
reg_compression_ratio_ts_bot80,regime,compression_ratio,320679,0.8003369272237196,128601,0.0,0.10817307692307693
reg_compression_ratio_ts_band20_80,regime,compression_ratio,245606,0.612972945991814,203674,0.0,0.10817307692307693
reg_compression_ratio_ts_band25_75,regime,compression_ratio,206501,0.515376360187681,206501,0.0,0.10817307692307693
reg_compression_ratio_ts_band30_70,regime,compression_ratio,162251,0.4049391035240092,162251,0.0,0.10817307692307693
reg_compression_ratio_ts_band40_60,regime,compression_ratio,76271,0.19035389837276628,76271,0.0,0.10817307692307693
reg_compression_score_ts_top20,regime,compression_score,325607,0.8126360187680942,123673,0.0,0.10817307692307693
reg_compression_score_ts_bot20,regime,compression_score,75073,0.18736398123190576,75073,0.0,0.10817307692307693
reg_compression_score_ts_top30,regime,compression_score,281815,0.7033418189078566,167465,0.0,0.10817307692307693
reg_compression_score_ts_bot30,regime,compression_score,118865,0.29665818109214337,118865,0.0,0.10817307692307693
reg_compression_score_ts_top40,regime,compression_score,235250,0.5871268842966956,214030,0.0,0.10817307692307693
reg_compression_score_ts_bot40,regime,compression_score,165430,0.41287311570330437,165430,0.0,0.10817307692307693
reg_compression_score_ts_top50,regime,compression_score,196501,0.4904187880602975,196501,0.0,0.10817307692307693
reg_compression_score_ts_bot50,regime,compression_score,204229,0.5097059998003394,204229,0.0,0.10817307692307693
reg_compression_score_ts_top60,regime,compression_score,158979,0.39677298592392934,158979,0.0,0.10817307692307693
reg_compression_score_ts_bot60,regime,compression_score,241701,0.6032270140760707,207579,0.0,0.10817307692307693
reg_compression_score_ts_top70,regime,compression_score,119564,0.29840271538384744,119564,0.0,0.10817307692307693
reg_compression_score_ts_bot70,regime,compression_score,281116,0.7015972846161526,168164,0.0,0.10817307692307693
reg_compression_score_ts_top80,regime,compression_score,80001,0.19966307277628031,80001,0.0,0.10817307692307693
reg_compression_score_ts_bot80,regime,compression_score,320679,0.8003369272237196,128601,0.0,0.10817307692307693
reg_compression_score_ts_band20_80,regime,compression_score,245606,0.612972945991814,203674,0.0,0.10817307692307693
reg_compression_score_ts_band25_75,regime,compression_score,206501,0.515376360187681,206501,0.0,0.10817307692307693
reg_compression_score_ts_band30_70,regime,compression_score,162251,0.4049391035240092,162251,0.0,0.10817307692307693
reg_compression_score_ts_band40_60,regime,compression_score,76271,0.19035389837276628,76271,0.0,0.10817307692307693
reg_direction_entropy_20_ts_top20,regime,direction_entropy_20,325607,0.8126360187680942,123673,0.0,0.10817307692307693
reg_direction_entropy_20_ts_bot20,regime,direction_entropy_20,75073,0.18736398123190576,75073,0.0,0.10817307692307693
reg_direction_entropy_20_ts_top30,regime,direction_entropy_20,281815,0.7033418189078566,167465,0.0,0.10817307692307693
reg_direction_entropy_20_ts_bot30,regime,direction_entropy_20,118865,0.29665818109214337,118865,0.0,0.10817307692307693
reg_direction_entropy_20_ts_top40,regime,direction_entropy_20,235250,0.5871268842966956,214030,0.0,0.10817307692307693
reg_direction_entropy_20_ts_bot40,regime,direction_entropy_20,165430,0.41287311570330437,165430,0.0,0.10817307692307693
reg_direction_entropy_20_ts_top50,regime,direction_entropy_20,196501,0.4904187880602975,196501,0.0,0.10817307692307693
reg_direction_entropy_20_ts_bot50,regime,direction_entropy_20,204229,0.5097059998003394,204229,0.0,0.10817307692307693
reg_direction_entropy_20_ts_top60,regime,direction_entropy_20,158979,0.39677298592392934,158979,0.0,0.10817307692307693
reg_direction_entropy_20_ts_bot60,regime,direction_entropy_20,241701,0.6032270140760707,207579,0.0,0.10817307692307693
reg_direction_entropy_20_ts_top70,regime,direction_entropy_20,119564,0.29840271538384744,119564,0.0,0.10817307692307693
reg_direction_entropy_20_ts_bot70,regime,direction_entropy_20,281116,0.7015972846161526,168164,0.0,0.10817307692307693
reg_direction_entropy_20_ts_top80,regime,direction_entropy_20,80001,0.19966307277628031,80001,0.0,0.10817307692307693
reg_direction_entropy_20_ts_bot80,regime,direction_entropy_20,320679,0.8003369272237196,128601,0.0,0.10817307692307693
reg_direction_entropy_20_ts_band20_80,regime,direction_entropy_20,245606,0.612972945991814,203674,0.0,0.10817307692307693
reg_direction_entropy_20_ts_band25_75,regime,direction_entropy_20,206501,0.515376360187681,206501,0.0,0.10817307692307693
reg_direction_entropy_20_ts_band30_70,regime,direction_entropy_20,162251,0.4049391035240092,162251,0.0,0.10817307692307693
reg_direction_entropy_20_ts_band40_60,regime,direction_entropy_20,76271,0.19035389837276628,76271,0.0,0.10817307692307693
reg_efficiency_ratio_20_ts_top20,regime,efficiency_ratio_20,325607,0.8126360187680942,123673,0.0,0.10817307692307693
reg_efficiency_ratio_20_ts_bot20,regime,efficiency_ratio_20,75073,0.18736398123190576,75073,0.0,0.10817307692307693
reg_efficiency_ratio_20_ts_top30,regime,efficiency_ratio_20,281815,0.7033418189078566,167465,0.0,0.10817307692307693
reg_efficiency_ratio_20_ts_bot30,regime,efficiency_ratio_20,118865,0.29665818109214337,118865,0.0,0.10817307692307693
reg_efficiency_ratio_20_ts_top40,regime,efficiency_ratio_20,235250,0.5871268842966956,214030,0.0,0.10817307692307693
reg_efficiency_ratio_20_ts_bot40,regime,efficiency_ratio_20,165430,0.41287311570330437,165430,0.0,0.10817307692307693
reg_efficiency_ratio_20_ts_top50,regime,efficiency_ratio_20,196501,0.4904187880602975,196501,0.0,0.10817307692307693
reg_efficiency_ratio_20_ts_bot50,regime,efficiency_ratio_20,204229,0.5097059998003394,204229,0.0,0.10817307692307693
reg_efficiency_ratio_20_ts_top60,regime,efficiency_ratio_20,158979,0.39677298592392934,158979,0.0,0.10817307692307693
reg_efficiency_ratio_20_ts_bot60,regime,efficiency_ratio_20,241701,0.6032270140760707,207579,0.0,0.10817307692307693
reg_efficiency_ratio_20_ts_top70,regime,efficiency_ratio_20,119564,0.29840271538384744,119564,0.0,0.10817307692307693
reg_efficiency_ratio_20_ts_bot70,regime,efficiency_ratio_20,281116,0.7015972846161526,168164,0.0,0.10817307692307693
reg_efficiency_ratio_20_ts_top80,regime,efficiency_ratio_20,80001,0.19966307277628031,80001,0.0,0.10817307692307693
reg_efficiency_ratio_20_ts_bot80,regime,efficiency_ratio_20,320679,0.8003369272237196,128601,0.0,0.10817307692307693
reg_efficiency_ratio_20_ts_band20_80,regime,efficiency_ratio_20,245606,0.612972945991814,203674,0.0,0.10817307692307693
reg_efficiency_ratio_20_ts_band25_75,regime,efficiency_ratio_20,206501,0.515376360187681,206501,0.0,0.10817307692307693
reg_efficiency_ratio_20_ts_band30_70,regime,efficiency_ratio_20,162251,0.4049391035240092,162251,0.0,0.10817307692307693
reg_efficiency_ratio_20_ts_band40_60,regime,efficiency_ratio_20,76271,0.19035389837276628,76271,0.0,0.10817307692307693
reg_ema20_gt_ema50_raw,regime,ema20_gt_ema50,179726,0.400031160968661,179726,0.0,0.0
reg_ema20_slope_5h_ts_top20,regime,ema20_slope_5h,325607,0.8126360187680942,123673,0.0,0.10817307692307693
reg_ema20_slope_5h_ts_bot20,regime,ema20_slope_5h,75073,0.18736398123190576,75073,0.0,0.10817307692307693
reg_ema20_slope_5h_ts_top30,regime,ema20_slope_5h,281815,0.7033418189078566,167465,0.0,0.10817307692307693
reg_ema20_slope_5h_ts_bot30,regime,ema20_slope_5h,118865,0.29665818109214337,118865,0.0,0.10817307692307693
reg_ema20_slope_5h_ts_top40,regime,ema20_slope_5h,235250,0.5871268842966956,214030,0.0,0.10817307692307693
reg_ema20_slope_5h_ts_bot40,regime,ema20_slope_5h,165430,0.41287311570330437,165430,0.0,0.10817307692307693
reg_ema20_slope_5h_ts_top50,regime,ema20_slope_5h,196501,0.4904187880602975,196501,0.0,0.10817307692307693
reg_ema20_slope_5h_ts_bot50,regime,ema20_slope_5h,204229,0.5097059998003394,204229,0.0,0.10817307692307693
reg_ema20_slope_5h_ts_top60,regime,ema20_slope_5h,158979,0.39677298592392934,158979,0.0,0.10817307692307693
reg_ema20_slope_5h_ts_bot60,regime,ema20_slope_5h,241701,0.6032270140760707,207579,0.0,0.10817307692307693
reg_ema20_slope_5h_ts_top70,regime,ema20_slope_5h,119564,0.29840271538384744,119564,0.0,0.10817307692307693
reg_ema20_slope_5h_ts_bot70,regime,ema20_slope_5h,281116,0.7015972846161526,168164,0.0,0.10817307692307693
reg_ema20_slope_5h_ts_top80,regime,ema20_slope_5h,80001,0.19966307277628031,80001,0.0,0.10817307692307693
reg_ema20_slope_5h_ts_bot80,regime,ema20_slope_5h,320679,0.8003369272237196,128601,0.0,0.10817307692307693
reg_ema20_slope_5h_ts_band20_80,regime,ema20_slope_5h,245606,0.612972945991814,203674,0.0,0.10817307692307693
reg_ema20_slope_5h_ts_band25_75,regime,ema20_slope_5h,206501,0.515376360187681,206501,0.0,0.10817307692307693
reg_ema20_slope_5h_ts_band30_70,regime,ema20_slope_5h,162251,0.4049391035240092,162251,0.0,0.10817307692307693
reg_ema20_slope_5h_ts_band40_60,regime,ema20_slope_5h,76271,0.19035389837276628,76271,0.0,0.10817307692307693
reg_ema50_ema200_spread_atr_ts_top20,regime,ema50_ema200_spread_atr,325607,0.8126360187680942,123673,0.0,0.10817307692307693
reg_ema50_ema200_spread_atr_ts_bot20,regime,ema50_ema200_spread_atr,75073,0.18736398123190576,75073,0.0,0.10817307692307693
reg_ema50_ema200_spread_atr_ts_top30,regime,ema50_ema200_spread_atr,281815,0.7033418189078566,167465,0.0,0.10817307692307693
reg_ema50_ema200_spread_atr_ts_bot30,regime,ema50_ema200_spread_atr,118865,0.29665818109214337,118865,0.0,0.10817307692307693
reg_ema50_ema200_spread_atr_ts_top40,regime,ema50_ema200_spread_atr,235250,0.5871268842966956,214030,0.0,0.10817307692307693
reg_ema50_ema200_spread_atr_ts_bot40,regime,ema50_ema200_spread_atr,165430,0.41287311570330437,165430,0.0,0.10817307692307693
reg_ema50_ema200_spread_atr_ts_top50,regime,ema50_ema200_spread_atr,196501,0.4904187880602975,196501,0.0,0.10817307692307693
reg_ema50_ema200_spread_atr_ts_bot50,regime,ema50_ema200_spread_atr,204229,0.5097059998003394,204229,0.0,0.10817307692307693
reg_ema50_ema200_spread_atr_ts_top60,regime,ema50_ema200_spread_atr,158979,0.39677298592392934,158979,0.0,0.10817307692307693
reg_ema50_ema200_spread_atr_ts_bot60,regime,ema50_ema200_spread_atr,241701,0.6032270140760707,207579,0.0,0.10817307692307693
reg_ema50_ema200_spread_atr_ts_top70,regime,ema50_ema200_spread_atr,119564,0.29840271538384744,119564,0.0,0.10817307692307693
reg_ema50_ema200_spread_atr_ts_bot70,regime,ema50_ema200_spread_atr,281116,0.7015972846161526,168164,0.0,0.10817307692307693
reg_ema50_ema200_spread_atr_ts_top80,regime,ema50_ema200_spread_atr,80001,0.19966307277628031,80001,0.0,0.10817307692307693
reg_ema50_ema200_spread_atr_ts_bot80,regime,ema50_ema200_spread_atr,320679,0.8003369272237196,128601,0.0,0.10817307692307693
reg_ema50_ema200_spread_atr_ts_band20_80,regime,ema50_ema200_spread_atr,245606,0.612972945991814,203674,0.0,0.10817307692307693
reg_ema50_ema200_spread_atr_ts_band25_75,regime,ema50_ema200_spread_atr,206501,0.515376360187681,206501,0.0,0.10817307692307693
reg_ema50_ema200_spread_atr_ts_band30_70,regime,ema50_ema200_spread_atr,162251,0.4049391035240092,162251,0.0,0.10817307692307693
reg_ema50_ema200_spread_atr_ts_band40_60,regime,ema50_ema200_spread_atr,76271,0.19035389837276628,76271,0.0,0.10817307692307693
reg_ema50_gt_ema200_raw,regime,ema50_gt_ema200,179726,0.400031160968661,179726,0.0,0.0
reg_ema50_slope_ts_top20,regime,ema50_slope,325607,0.8126360187680942,123673,0.0,0.10817307692307693
reg_ema50_slope_ts_bot20,regime,ema50_slope,75073,0.18736398123190576,75073,0.0,0.10817307692307693
reg_ema50_slope_ts_top30,regime,ema50_slope,281815,0.7033418189078566,167465,0.0,0.10817307692307693
reg_ema50_slope_ts_bot30,regime,ema50_slope,118865,0.29665818109214337,118865,0.0,0.10817307692307693
reg_ema50_slope_ts_top40,regime,ema50_slope,235250,0.5871268842966956,214030,0.0,0.10817307692307693
reg_ema50_slope_ts_bot40,regime,ema50_slope,165430,0.41287311570330437,165430,0.0,0.10817307692307693
reg_ema50_slope_ts_top50,regime,ema50_slope,196501,0.4904187880602975,196501,0.0,0.10817307692307693
reg_ema50_slope_ts_bot50,regime,ema50_slope,204229,0.5097059998003394,204229,0.0,0.10817307692307693
reg_ema50_slope_ts_top60,regime,ema50_slope,158979,0.39677298592392934,158979,0.0,0.10817307692307693
reg_ema50_slope_ts_bot60,regime,ema50_slope,241701,0.6032270140760707,207579,0.0,0.10817307692307693
reg_ema50_slope_ts_top70,regime,ema50_slope,119564,0.29840271538384744,119564,0.0,0.10817307692307693
reg_ema50_slope_ts_bot70,regime,ema50_slope,281116,0.7015972846161526,168164,0.0,0.10817307692307693
reg_ema50_slope_ts_top80,regime,ema50_slope,80001,0.19966307277628031,80001,0.0,0.10817307692307693
reg_ema50_slope_ts_bot80,regime,ema50_slope,320679,0.8003369272237196,128601,0.0,0.10817307692307693
reg_ema50_slope_ts_band20_80,regime,ema50_slope,245606,0.612972945991814,203674,0.0,0.10817307692307693
reg_ema50_slope_ts_band25_75,regime,ema50_slope,206501,0.515376360187681,206501,0.0,0.10817307692307693
reg_ema50_slope_ts_band30_70,regime,ema50_slope,162251,0.4049391035240092,162251,0.0,0.10817307692307693
reg_ema50_slope_ts_band40_60,regime,ema50_slope,76271,0.19035389837276628,76271,0.0,0.10817307692307693
reg_ema_slope_norm_ts_top20,regime,ema_slope_norm,325607,0.8126360187680942,123673,0.0,0.10817307692307693
reg_ema_slope_norm_ts_bot20,regime,ema_slope_norm,75073,0.18736398123190576,75073,0.0,0.10817307692307693
reg_ema_slope_norm_ts_top30,regime,ema_slope_norm,281815,0.7033418189078566,167465,0.0,0.10817307692307693
reg_ema_slope_norm_ts_bot30,regime,ema_slope_norm,118865,0.29665818109214337,118865,0.0,0.10817307692307693
reg_ema_slope_norm_ts_top40,regime,ema_slope_norm,235250,0.5871268842966956,214030,0.0,0.10817307692307693
reg_ema_slope_norm_ts_bot40,regime,ema_slope_norm,165430,0.41287311570330437,165430,0.0,0.10817307692307693
reg_ema_slope_norm_ts_top50,regime,ema_slope_norm,196501,0.4904187880602975,196501,0.0,0.10817307692307693
reg_ema_slope_norm_ts_bot50,regime,ema_slope_norm,204229,0.5097059998003394,204229,0.0,0.10817307692307693
reg_ema_slope_norm_ts_top60,regime,ema_slope_norm,158979,0.39677298592392934,158979,0.0,0.10817307692307693
reg_ema_slope_norm_ts_bot60,regime,ema_slope_norm,241701,0.6032270140760707,207579,0.0,0.10817307692307693
reg_ema_slope_norm_ts_top70,regime,ema_slope_norm,119564,0.29840271538384744,119564,0.0,0.10817307692307693
reg_ema_slope_norm_ts_bot70,regime,ema_slope_norm,281116,0.7015972846161526,168164,0.0,0.10817307692307693
reg_ema_slope_norm_ts_top80,regime,ema_slope_norm,80001,0.19966307277628031,80001,0.0,0.10817307692307693
reg_ema_slope_norm_ts_bot80,regime,ema_slope_norm,320679,0.8003369272237196,128601,0.0,0.10817307692307693
reg_ema_slope_norm_ts_band20_80,regime,ema_slope_norm,245606,0.612972945991814,203674,0.0,0.10817307692307693
reg_ema_slope_norm_ts_band25_75,regime,ema_slope_norm,206501,0.515376360187681,206501,0.0,0.10817307692307693
reg_ema_slope_norm_ts_band30_70,regime,ema_slope_norm,162251,0.4049391035240092,162251,0.0,0.10817307692307693
reg_ema_slope_norm_ts_band40_60,regime,ema_slope_norm,76271,0.19035389837276628,76271,0.0,0.10817307692307693
reg_price_lt_ema200_raw,regime,price_lt_ema200,179726,0.400031160968661,179726,0.0,0.0
reg_prior_range_ts_top20,regime,prior_range,325607,0.8126360187680942,123673,0.0,0.10817307692307693
reg_prior_range_ts_bot20,regime,prior_range,75073,0.18736398123190576,75073,0.0,0.10817307692307693
reg_prior_range_ts_top30,regime,prior_range,281815,0.7033418189078566,167465,0.0,0.10817307692307693
reg_prior_range_ts_bot30,regime,prior_range,118865,0.29665818109214337,118865,0.0,0.10817307692307693
reg_prior_range_ts_top40,regime,prior_range,235250,0.5871268842966956,214030,0.0,0.10817307692307693
reg_prior_range_ts_bot40,regime,prior_range,165430,0.41287311570330437,165430,0.0,0.10817307692307693
reg_prior_range_ts_top50,regime,prior_range,196501,0.4904187880602975,196501,0.0,0.10817307692307693
reg_prior_range_ts_bot50,regime,prior_range,204229,0.5097059998003394,204229,0.0,0.10817307692307693
reg_prior_range_ts_top60,regime,prior_range,158979,0.39677298592392934,158979,0.0,0.10817307692307693
reg_prior_range_ts_bot60,regime,prior_range,241701,0.6032270140760707,207579,0.0,0.10817307692307693
reg_prior_range_ts_top70,regime,prior_range,119564,0.29840271538384744,119564,0.0,0.10817307692307693
reg_prior_range_ts_bot70,regime,prior_range,281116,0.7015972846161526,168164,0.0,0.10817307692307693
reg_prior_range_ts_top80,regime,prior_range,80001,0.19966307277628031,80001,0.0,0.10817307692307693
reg_prior_range_ts_bot80,regime,prior_range,320679,0.8003369272237196,128601,0.0,0.10817307692307693
reg_prior_range_ts_band20_80,regime,prior_range,245606,0.612972945991814,203674,0.0,0.10817307692307693
reg_prior_range_ts_band25_75,regime,prior_range,206501,0.515376360187681,206501,0.0,0.10817307692307693
reg_prior_range_ts_band30_70,regime,prior_range,162251,0.4049391035240092,162251,0.0,0.10817307692307693
reg_prior_range_ts_band40_60,regime,prior_range,76271,0.19035389837276628,76271,0.0,0.10817307692307693
reg_prior_volatility_ts_top20,regime,prior_volatility,325607,0.8126360187680942,123673,0.0,0.10817307692307693
reg_prior_volatility_ts_bot20,regime,prior_volatility,75073,0.18736398123190576,75073,0.0,0.10817307692307693
reg_prior_volatility_ts_top30,regime,prior_volatility,281815,0.7033418189078566,167465,0.0,0.10817307692307693
reg_prior_volatility_ts_bot30,regime,prior_volatility,118865,0.29665818109214337,118865,0.0,0.10817307692307693
reg_prior_volatility_ts_top40,regime,prior_volatility,235250,0.5871268842966956,214030,0.0,0.10817307692307693
reg_prior_volatility_ts_bot40,regime,prior_volatility,165430,0.41287311570330437,165430,0.0,0.10817307692307693
reg_prior_volatility_ts_top50,regime,prior_volatility,196501,0.4904187880602975,196501,0.0,0.10817307692307693
reg_prior_volatility_ts_bot50,regime,prior_volatility,204229,0.5097059998003394,204229,0.0,0.10817307692307693
reg_prior_volatility_ts_top60,regime,prior_volatility,158979,0.39677298592392934,158979,0.0,0.10817307692307693
reg_prior_volatility_ts_bot60,regime,prior_volatility,241701,0.6032270140760707,207579,0.0,0.10817307692307693
reg_prior_volatility_ts_top70,regime,prior_volatility,119564,0.29840271538384744,119564,0.0,0.10817307692307693
reg_prior_volatility_ts_bot70,regime,prior_volatility,281116,0.7015972846161526,168164,0.0,0.10817307692307693
reg_prior_volatility_ts_top80,regime,prior_volatility,80001,0.19966307277628031,80001,0.0,0.10817307692307693
reg_prior_volatility_ts_bot80,regime,prior_volatility,320679,0.8003369272237196,128601,0.0,0.10817307692307693
reg_prior_volatility_ts_band20_80,regime,prior_volatility,245606,0.612972945991814,203674,0.0,0.10817307692307693
reg_prior_volatility_ts_band25_75,regime,prior_volatility,206501,0.515376360187681,206501,0.0,0.10817307692307693
reg_prior_volatility_ts_band30_70,regime,prior_volatility,162251,0.4049391035240092,162251,0.0,0.10817307692307693
reg_prior_volatility_ts_band40_60,regime,prior_volatility,76271,0.19035389837276628,76271,0.0,0.10817307692307693
reg_range_expansion_ratio_ts_top20,regime,range_expansion_ratio,325607,0.8126360187680942,123673,0.0,0.10817307692307693
reg_range_expansion_ratio_ts_bot20,regime,range_expansion_ratio,75073,0.18736398123190576,75073,0.0,0.10817307692307693
reg_range_expansion_ratio_ts_top30,regime,range_expansion_ratio,281815,0.7033418189078566,167465,0.0,0.10817307692307693
reg_range_expansion_ratio_ts_bot30,regime,range_expansion_ratio,118865,0.29665818109214337,118865,0.0,0.10817307692307693
reg_range_expansion_ratio_ts_top40,regime,range_expansion_ratio,235250,0.5871268842966956,214030,0.0,0.10817307692307693
reg_range_expansion_ratio_ts_bot40,regime,range_expansion_ratio,165430,0.41287311570330437,165430,0.0,0.10817307692307693
reg_range_expansion_ratio_ts_top50,regime,range_expansion_ratio,196501,0.4904187880602975,196501,0.0,0.10817307692307693
reg_range_expansion_ratio_ts_bot50,regime,range_expansion_ratio,204229,0.5097059998003394,204229,0.0,0.10817307692307693
reg_range_expansion_ratio_ts_top60,regime,range_expansion_ratio,158979,0.39677298592392934,158979,0.0,0.10817307692307693
reg_range_expansion_ratio_ts_bot60,regime,range_expansion_ratio,241701,0.6032270140760707,207579,0.0,0.10817307692307693
reg_range_expansion_ratio_ts_top70,regime,range_expansion_ratio,119564,0.29840271538384744,119564,0.0,0.10817307692307693
reg_range_expansion_ratio_ts_bot70,regime,range_expansion_ratio,281116,0.7015972846161526,168164,0.0,0.10817307692307693
reg_range_expansion_ratio_ts_top80,regime,range_expansion_ratio,80001,0.19966307277628031,80001,0.0,0.10817307692307693
reg_range_expansion_ratio_ts_bot80,regime,range_expansion_ratio,320679,0.8003369272237196,128601,0.0,0.10817307692307693
reg_range_expansion_ratio_ts_band20_80,regime,range_expansion_ratio,245606,0.612972945991814,203674,0.0,0.10817307692307693
reg_range_expansion_ratio_ts_band25_75,regime,range_expansion_ratio,206501,0.515376360187681,206501,0.0,0.10817307692307693
reg_range_expansion_ratio_ts_band30_70,regime,range_expansion_ratio,162251,0.4049391035240092,162251,0.0,0.10817307692307693
reg_range_expansion_ratio_ts_band40_60,regime,range_expansion_ratio,76271,0.19035389837276628,76271,0.0,0.10817307692307693
reg_realized_volatility_24h_ts_top20,regime,realized_volatility_24h,325607,0.8126360187680942,123673,0.0,0.10817307692307693
reg_realized_volatility_24h_ts_bot20,regime,realized_volatility_24h,75073,0.18736398123190576,75073,0.0,0.10817307692307693
reg_realized_volatility_24h_ts_top30,regime,realized_volatility_24h,281815,0.7033418189078566,167465,0.0,0.10817307692307693
reg_realized_volatility_24h_ts_bot30,regime,realized_volatility_24h,118865,0.29665818109214337,118865,0.0,0.10817307692307693
reg_realized_volatility_24h_ts_top40,regime,realized_volatility_24h,235250,0.5871268842966956,214030,0.0,0.10817307692307693
reg_realized_volatility_24h_ts_bot40,regime,realized_volatility_24h,165430,0.41287311570330437,165430,0.0,0.10817307692307693
reg_realized_volatility_24h_ts_top50,regime,realized_volatility_24h,196501,0.4904187880602975,196501,0.0,0.10817307692307693
reg_realized_volatility_24h_ts_bot50,regime,realized_volatility_24h,204229,0.5097059998003394,204229,0.0,0.10817307692307693
reg_realized_volatility_24h_ts_top60,regime,realized_volatility_24h,158979,0.39677298592392934,158979,0.0,0.10817307692307693
reg_realized_volatility_24h_ts_bot60,regime,realized_volatility_24h,241701,0.6032270140760707,207579,0.0,0.10817307692307693
reg_realized_volatility_24h_ts_top70,regime,realized_volatility_24h,119564,0.29840271538384744,119564,0.0,0.10817307692307693
reg_realized_volatility_24h_ts_bot70,regime,realized_volatility_24h,281116,0.7015972846161526,168164,0.0,0.10817307692307693
reg_realized_volatility_24h_ts_top80,regime,realized_volatility_24h,80001,0.19966307277628031,80001,0.0,0.10817307692307693
reg_realized_volatility_24h_ts_bot80,regime,realized_volatility_24h,320679,0.8003369272237196,128601,0.0,0.10817307692307693
reg_realized_volatility_24h_ts_band20_80,regime,realized_volatility_24h,245606,0.612972945991814,203674,0.0,0.10817307692307693
reg_realized_volatility_24h_ts_band25_75,regime,realized_volatility_24h,206501,0.515376360187681,206501,0.0,0.10817307692307693
reg_realized_volatility_24h_ts_band30_70,regime,realized_volatility_24h,162251,0.4049391035240092,162251,0.0,0.10817307692307693
reg_realized_volatility_24h_ts_band40_60,regime,realized_volatility_24h,76271,0.19035389837276628,76271,0.0,0.10817307692307693
reg_return_autocorr_48_ts_top20,regime,return_autocorr_48,325607,0.8126360187680942,123673,0.0,0.10817307692307693
reg_return_autocorr_48_ts_bot20,regime,return_autocorr_48,75073,0.18736398123190576,75073,0.0,0.10817307692307693
reg_return_autocorr_48_ts_top30,regime,return_autocorr_48,281815,0.7033418189078566,167465,0.0,0.10817307692307693
reg_return_autocorr_48_ts_bot30,regime,return_autocorr_48,118865,0.29665818109214337,118865,0.0,0.10817307692307693
reg_return_autocorr_48_ts_top40,regime,return_autocorr_48,235250,0.5871268842966956,214030,0.0,0.10817307692307693
reg_return_autocorr_48_ts_bot40,regime,return_autocorr_48,165430,0.41287311570330437,165430,0.0,0.10817307692307693
reg_return_autocorr_48_ts_top50,regime,return_autocorr_48,196501,0.4904187880602975,196501,0.0,0.10817307692307693
reg_return_autocorr_48_ts_bot50,regime,return_autocorr_48,204229,0.5097059998003394,204229,0.0,0.10817307692307693
reg_return_autocorr_48_ts_top60,regime,return_autocorr_48,158979,0.39677298592392934,158979,0.0,0.10817307692307693
reg_return_autocorr_48_ts_bot60,regime,return_autocorr_48,241701,0.6032270140760707,207579,0.0,0.10817307692307693
reg_return_autocorr_48_ts_top70,regime,return_autocorr_48,119564,0.29840271538384744,119564,0.0,0.10817307692307693
reg_return_autocorr_48_ts_bot70,regime,return_autocorr_48,281116,0.7015972846161526,168164,0.0,0.10817307692307693
reg_return_autocorr_48_ts_top80,regime,return_autocorr_48,80001,0.19966307277628031,80001,0.0,0.10817307692307693
reg_return_autocorr_48_ts_bot80,regime,return_autocorr_48,320679,0.8003369272237196,128601,0.0,0.10817307692307693
reg_return_autocorr_48_ts_band20_80,regime,return_autocorr_48,245606,0.612972945991814,203674,0.0,0.10817307692307693
reg_return_autocorr_48_ts_band25_75,regime,return_autocorr_48,206501,0.515376360187681,206501,0.0,0.10817307692307693
reg_return_autocorr_48_ts_band30_70,regime,return_autocorr_48,162251,0.4049391035240092,162251,0.0,0.10817307692307693
reg_return_autocorr_48_ts_band40_60,regime,return_autocorr_48,76271,0.19035389837276628,76271,0.0,0.10817307692307693
reg_rolling_range_20_ts_top20,regime,rolling_range_20,325607,0.8126360187680942,123673,0.0,0.10817307692307693
reg_rolling_range_20_ts_bot20,regime,rolling_range_20,75073,0.18736398123190576,75073,0.0,0.10817307692307693
reg_rolling_range_20_ts_top30,regime,rolling_range_20,281815,0.7033418189078566,167465,0.0,0.10817307692307693
reg_rolling_range_20_ts_bot30,regime,rolling_range_20,118865,0.29665818109214337,118865,0.0,0.10817307692307693
reg_rolling_range_20_ts_top40,regime,rolling_range_20,235250,0.5871268842966956,214030,0.0,0.10817307692307693
reg_rolling_range_20_ts_bot40,regime,rolling_range_20,165430,0.41287311570330437,165430,0.0,0.10817307692307693
reg_rolling_range_20_ts_top50,regime,rolling_range_20,196501,0.4904187880602975,196501,0.0,0.10817307692307693
reg_rolling_range_20_ts_bot50,regime,rolling_range_20,204229,0.5097059998003394,204229,0.0,0.10817307692307693
reg_rolling_range_20_ts_top60,regime,rolling_range_20,158979,0.39677298592392934,158979,0.0,0.10817307692307693
reg_rolling_range_20_ts_bot60,regime,rolling_range_20,241701,0.6032270140760707,207579,0.0,0.10817307692307693
reg_rolling_range_20_ts_top70,regime,rolling_range_20,119564,0.29840271538384744,119564,0.0,0.10817307692307693
reg_rolling_range_20_ts_bot70,regime,rolling_range_20,281116,0.7015972846161526,168164,0.0,0.10817307692307693
reg_rolling_range_20_ts_top80,regime,rolling_range_20,80001,0.19966307277628031,80001,0.0,0.10817307692307693
reg_rolling_range_20_ts_bot80,regime,rolling_range_20,320679,0.8003369272237196,128601,0.0,0.10817307692307693
reg_rolling_range_20_ts_band20_80,regime,rolling_range_20,245606,0.612972945991814,203674,0.0,0.10817307692307693
reg_rolling_range_20_ts_band25_75,regime,rolling_range_20,206501,0.515376360187681,206501,0.0,0.10817307692307693
reg_rolling_range_20_ts_band30_70,regime,rolling_range_20,162251,0.4049391035240092,162251,0.0,0.10817307692307693
reg_rolling_range_20_ts_band40_60,regime,rolling_range_20,76271,0.19035389837276628,76271,0.0,0.10817307692307693
reg_trend_acceleration_ts_top20,regime,trend_acceleration,325607,0.8126360187680942,123673,0.0,0.10817307692307693
reg_trend_acceleration_ts_bot20,regime,trend_acceleration,75073,0.18736398123190576,75073,0.0,0.10817307692307693
reg_trend_acceleration_ts_top30,regime,trend_acceleration,281815,0.7033418189078566,167465,0.0,0.10817307692307693
reg_trend_acceleration_ts_bot30,regime,trend_acceleration,118865,0.29665818109214337,118865,0.0,0.10817307692307693
reg_trend_acceleration_ts_top40,regime,trend_acceleration,235250,0.5871268842966956,214030,0.0,0.10817307692307693
reg_trend_acceleration_ts_bot40,regime,trend_acceleration,165430,0.41287311570330437,165430,0.0,0.10817307692307693
reg_trend_acceleration_ts_top50,regime,trend_acceleration,196501,0.4904187880602975,196501,0.0,0.10817307692307693
reg_trend_acceleration_ts_bot50,regime,trend_acceleration,204229,0.5097059998003394,204229,0.0,0.10817307692307693
reg_trend_acceleration_ts_top60,regime,trend_acceleration,158979,0.39677298592392934,158979,0.0,0.10817307692307693
reg_trend_acceleration_ts_bot60,regime,trend_acceleration,241701,0.6032270140760707,207579,0.0,0.10817307692307693
reg_trend_acceleration_ts_top70,regime,trend_acceleration,119564,0.29840271538384744,119564,0.0,0.10817307692307693
reg_trend_acceleration_ts_bot70,regime,trend_acceleration,281116,0.7015972846161526,168164,0.0,0.10817307692307693
reg_trend_acceleration_ts_top80,regime,trend_acceleration,80001,0.19966307277628031,80001,0.0,0.10817307692307693
reg_trend_acceleration_ts_bot80,regime,trend_acceleration,320679,0.8003369272237196,128601,0.0,0.10817307692307693
reg_trend_acceleration_ts_band20_80,regime,trend_acceleration,245606,0.612972945991814,203674,0.0,0.10817307692307693
reg_trend_acceleration_ts_band25_75,regime,trend_acceleration,206501,0.515376360187681,206501,0.0,0.10817307692307693
reg_trend_acceleration_ts_band30_70,regime,trend_acceleration,162251,0.4049391035240092,162251,0.0,0.10817307692307693
reg_trend_acceleration_ts_band40_60,regime,trend_acceleration,76271,0.19035389837276628,76271,0.0,0.10817307692307693
reg_trend_strength_percentile_ts_top20,regime,trend_strength_percentile,325607,0.8126360187680942,123673,0.0,0.10817307692307693
reg_trend_strength_percentile_ts_bot20,regime,trend_strength_percentile,75073,0.18736398123190576,75073,0.0,0.10817307692307693
reg_trend_strength_percentile_ts_top30,regime,trend_strength_percentile,281815,0.7033418189078566,167465,0.0,0.10817307692307693
reg_trend_strength_percentile_ts_bot30,regime,trend_strength_percentile,118865,0.29665818109214337,118865,0.0,0.10817307692307693
reg_trend_strength_percentile_ts_top40,regime,trend_strength_percentile,235250,0.5871268842966956,214030,0.0,0.10817307692307693
reg_trend_strength_percentile_ts_bot40,regime,trend_strength_percentile,165430,0.41287311570330437,165430,0.0,0.10817307692307693
reg_trend_strength_percentile_ts_top50,regime,trend_strength_percentile,196501,0.4904187880602975,196501,0.0,0.10817307692307693
reg_trend_strength_percentile_ts_bot50,regime,trend_strength_percentile,204229,0.5097059998003394,204229,0.0,0.10817307692307693
reg_trend_strength_percentile_ts_top60,regime,trend_strength_percentile,158979,0.39677298592392934,158979,0.0,0.10817307692307693
reg_trend_strength_percentile_ts_bot60,regime,trend_strength_percentile,241701,0.6032270140760707,207579,0.0,0.10817307692307693
reg_trend_strength_percentile_ts_top70,regime,trend_strength_percentile,119564,0.29840271538384744,119564,0.0,0.10817307692307693
reg_trend_strength_percentile_ts_bot70,regime,trend_strength_percentile,281116,0.7015972846161526,168164,0.0,0.10817307692307693
reg_trend_strength_percentile_ts_top80,regime,trend_strength_percentile,80001,0.19966307277628031,80001,0.0,0.10817307692307693
reg_trend_strength_percentile_ts_bot80,regime,trend_strength_percentile,320679,0.8003369272237196,128601,0.0,0.10817307692307693
reg_trend_strength_percentile_ts_band20_80,regime,trend_strength_percentile,245606,0.612972945991814,203674,0.0,0.10817307692307693
reg_trend_strength_percentile_ts_band25_75,regime,trend_strength_percentile,206501,0.515376360187681,206501,0.0,0.10817307692307693
reg_trend_strength_percentile_ts_band30_70,regime,trend_strength_percentile,162251,0.4049391035240092,162251,0.0,0.10817307692307693
reg_trend_strength_percentile_ts_band40_60,regime,trend_strength_percentile,76271,0.19035389837276628,76271,0.0,0.10817307692307693
reg_true_range_percentile_ts_top20,regime,true_range_percentile,325607,0.8126360187680942,123673,0.0,0.10817307692307693
reg_true_range_percentile_ts_bot20,regime,true_range_percentile,75073,0.18736398123190576,75073,0.0,0.10817307692307693
reg_true_range_percentile_ts_top30,regime,true_range_percentile,281815,0.7033418189078566,167465,0.0,0.10817307692307693
reg_true_range_percentile_ts_bot30,regime,true_range_percentile,118865,0.29665818109214337,118865,0.0,0.10817307692307693
reg_true_range_percentile_ts_top40,regime,true_range_percentile,235250,0.5871268842966956,214030,0.0,0.10817307692307693
reg_true_range_percentile_ts_bot40,regime,true_range_percentile,165430,0.41287311570330437,165430,0.0,0.10817307692307693
reg_true_range_percentile_ts_top50,regime,true_range_percentile,196501,0.4904187880602975,196501,0.0,0.10817307692307693
reg_true_range_percentile_ts_bot50,regime,true_range_percentile,204229,0.5097059998003394,204229,0.0,0.10817307692307693
reg_true_range_percentile_ts_top60,regime,true_range_percentile,158979,0.39677298592392934,158979,0.0,0.10817307692307693
reg_true_range_percentile_ts_bot60,regime,true_range_percentile,241701,0.6032270140760707,207579,0.0,0.10817307692307693
reg_true_range_percentile_ts_top70,regime,true_range_percentile,119564,0.29840271538384744,119564,0.0,0.10817307692307693
reg_true_range_percentile_ts_bot70,regime,true_range_percentile,281116,0.7015972846161526,168164,0.0,0.10817307692307693
reg_true_range_percentile_ts_top80,regime,true_range_percentile,80001,0.19966307277628031,80001,0.0,0.10817307692307693
reg_true_range_percentile_ts_bot80,regime,true_range_percentile,320679,0.8003369272237196,128601,0.0,0.10817307692307693
reg_true_range_percentile_ts_band20_80,regime,true_range_percentile,245606,0.612972945991814,203674,0.0,0.10817307692307693
reg_true_range_percentile_ts_band25_75,regime,true_range_percentile,206501,0.515376360187681,206501,0.0,0.10817307692307693
reg_true_range_percentile_ts_band30_70,regime,true_range_percentile,162251,0.4049391035240092,162251,0.0,0.10817307692307693
reg_true_range_percentile_ts_band40_60,regime,true_range_percentile,76271,0.19035389837276628,76271,0.0,0.10817307692307693
reg_variance_ratio_10_48_ts_top20,regime,variance_ratio_10_48,325607,0.8126360187680942,123673,0.0,0.10817307692307693
reg_variance_ratio_10_48_ts_bot20,regime,variance_ratio_10_48,75073,0.18736398123190576,75073,0.0,0.10817307692307693
reg_variance_ratio_10_48_ts_top30,regime,variance_ratio_10_48,281815,0.7033418189078566,167465,0.0,0.10817307692307693
reg_variance_ratio_10_48_ts_bot30,regime,variance_ratio_10_48,118865,0.29665818109214337,118865,0.0,0.10817307692307693
reg_variance_ratio_10_48_ts_top40,regime,variance_ratio_10_48,235250,0.5871268842966956,214030,0.0,0.10817307692307693
reg_variance_ratio_10_48_ts_bot40,regime,variance_ratio_10_48,165430,0.41287311570330437,165430,0.0,0.10817307692307693
reg_variance_ratio_10_48_ts_top50,regime,variance_ratio_10_48,196501,0.4904187880602975,196501,0.0,0.10817307692307693
reg_variance_ratio_10_48_ts_bot50,regime,variance_ratio_10_48,204229,0.5097059998003394,204229,0.0,0.10817307692307693
reg_variance_ratio_10_48_ts_top60,regime,variance_ratio_10_48,158979,0.39677298592392934,158979,0.0,0.10817307692307693
reg_variance_ratio_10_48_ts_bot60,regime,variance_ratio_10_48,241701,0.6032270140760707,207579,0.0,0.10817307692307693
reg_variance_ratio_10_48_ts_top70,regime,variance_ratio_10_48,119564,0.29840271538384744,119564,0.0,0.10817307692307693
reg_variance_ratio_10_48_ts_bot70,regime,variance_ratio_10_48,281116,0.7015972846161526,168164,0.0,0.10817307692307693
reg_variance_ratio_10_48_ts_top80,regime,variance_ratio_10_48,80001,0.19966307277628031,80001,0.0,0.10817307692307693
reg_variance_ratio_10_48_ts_bot80,regime,variance_ratio_10_48,320679,0.8003369272237196,128601,0.0,0.10817307692307693
reg_variance_ratio_10_48_ts_band20_80,regime,variance_ratio_10_48,245606,0.612972945991814,203674,0.0,0.10817307692307693
reg_variance_ratio_10_48_ts_band25_75,regime,variance_ratio_10_48,206501,0.515376360187681,206501,0.0,0.10817307692307693
reg_variance_ratio_10_48_ts_band30_70,regime,variance_ratio_10_48,162251,0.4049391035240092,162251,0.0,0.10817307692307693
reg_variance_ratio_10_48_ts_band40_60,regime,variance_ratio_10_48,76271,0.19035389837276628,76271,0.0,0.10817307692307693
reg_volatility_autocorr_48_ts_top20,regime,volatility_autocorr_48,325607,0.8126360187680942,123673,0.0,0.10817307692307693
reg_volatility_autocorr_48_ts_bot20,regime,volatility_autocorr_48,75073,0.18736398123190576,75073,0.0,0.10817307692307693
reg_volatility_autocorr_48_ts_top30,regime,volatility_autocorr_48,281815,0.7033418189078566,167465,0.0,0.10817307692307693
reg_volatility_autocorr_48_ts_bot30,regime,volatility_autocorr_48,118865,0.29665818109214337,118865,0.0,0.10817307692307693
reg_volatility_autocorr_48_ts_top40,regime,volatility_autocorr_48,235250,0.5871268842966956,214030,0.0,0.10817307692307693
reg_volatility_autocorr_48_ts_bot40,regime,volatility_autocorr_48,165430,0.41287311570330437,165430,0.0,0.10817307692307693
reg_volatility_autocorr_48_ts_top50,regime,volatility_autocorr_48,196501,0.4904187880602975,196501,0.0,0.10817307692307693
reg_volatility_autocorr_48_ts_bot50,regime,volatility_autocorr_48,204229,0.5097059998003394,204229,0.0,0.10817307692307693
reg_volatility_autocorr_48_ts_top60,regime,volatility_autocorr_48,158979,0.39677298592392934,158979,0.0,0.10817307692307693
reg_volatility_autocorr_48_ts_bot60,regime,volatility_autocorr_48,241701,0.6032270140760707,207579,0.0,0.10817307692307693
reg_volatility_autocorr_48_ts_top70,regime,volatility_autocorr_48,119564,0.29840271538384744,119564,0.0,0.10817307692307693
reg_volatility_autocorr_48_ts_bot70,regime,volatility_autocorr_48,281116,0.7015972846161526,168164,0.0,0.10817307692307693
reg_volatility_autocorr_48_ts_top80,regime,volatility_autocorr_48,80001,0.19966307277628031,80001,0.0,0.10817307692307693
reg_volatility_autocorr_48_ts_bot80,regime,volatility_autocorr_48,320679,0.8003369272237196,128601,0.0,0.10817307692307693
reg_volatility_autocorr_48_ts_band20_80,regime,volatility_autocorr_48,245606,0.612972945991814,203674,0.0,0.10817307692307693
reg_volatility_autocorr_48_ts_band25_75,regime,volatility_autocorr_48,206501,0.515376360187681,206501,0.0,0.10817307692307693
reg_volatility_autocorr_48_ts_band30_70,regime,volatility_autocorr_48,162251,0.4049391035240092,162251,0.0,0.10817307692307693
reg_volatility_autocorr_48_ts_band40_60,regime,volatility_autocorr_48,76271,0.19035389837276628,76271,0.0,0.10817307692307693
reg_volatility_of_volatility_48_ts_top20,regime,volatility_of_volatility_48,325607,0.8126360187680942,123673,0.0,0.10817307692307693
reg_volatility_of_volatility_48_ts_bot20,regime,volatility_of_volatility_48,75073,0.18736398123190576,75073,0.0,0.10817307692307693
reg_volatility_of_volatility_48_ts_top30,regime,volatility_of_volatility_48,281815,0.7033418189078566,167465,0.0,0.10817307692307693
reg_volatility_of_volatility_48_ts_bot30,regime,volatility_of_volatility_48,118865,0.29665818109214337,118865,0.0,0.10817307692307693
reg_volatility_of_volatility_48_ts_top40,regime,volatility_of_volatility_48,235250,0.5871268842966956,214030,0.0,0.10817307692307693
reg_volatility_of_volatility_48_ts_bot40,regime,volatility_of_volatility_48,165430,0.41287311570330437,165430,0.0,0.10817307692307693
reg_volatility_of_volatility_48_ts_top50,regime,volatility_of_volatility_48,196501,0.4904187880602975,196501,0.0,0.10817307692307693
reg_volatility_of_volatility_48_ts_bot50,regime,volatility_of_volatility_48,204229,0.5097059998003394,204229,0.0,0.10817307692307693
reg_volatility_of_volatility_48_ts_top60,regime,volatility_of_volatility_48,158979,0.39677298592392934,158979,0.0,0.10817307692307693
reg_volatility_of_volatility_48_ts_bot60,regime,volatility_of_volatility_48,241701,0.6032270140760707,207579,0.0,0.10817307692307693
reg_volatility_of_volatility_48_ts_top70,regime,volatility_of_volatility_48,119564,0.29840271538384744,119564,0.0,0.10817307692307693
reg_volatility_of_volatility_48_ts_bot70,regime,volatility_of_volatility_48,281116,0.7015972846161526,168164,0.0,0.10817307692307693
reg_volatility_of_volatility_48_ts_top80,regime,volatility_of_volatility_48,80001,0.19966307277628031,80001,0.0,0.10817307692307693
reg_volatility_of_volatility_48_ts_bot80,regime,volatility_of_volatility_48,320679,0.8003369272237196,128601,0.0,0.10817307692307693
reg_volatility_of_volatility_48_ts_band20_80,regime,volatility_of_volatility_48,245606,0.612972945991814,203674,0.0,0.10817307692307693
reg_volatility_of_volatility_48_ts_band25_75,regime,volatility_of_volatility_48,206501,0.515376360187681,206501,0.0,0.10817307692307693
reg_volatility_of_volatility_48_ts_band30_70,regime,volatility_of_volatility_48,162251,0.4049391035240092,162251,0.0,0.10817307692307693
reg_volatility_of_volatility_48_ts_band40_60,regime,volatility_of_volatility_48,76271,0.19035389837276628,76271,0.0,0.10817307692307693
reg_volatility_ratio_short_long_ts_top20,regime,volatility_ratio_short_long,325607,0.8126360187680942,123673,0.0,0.10817307692307693
reg_volatility_ratio_short_long_ts_bot20,regime,volatility_ratio_short_long,75073,0.18736398123190576,75073,0.0,0.10817307692307693
reg_volatility_ratio_short_long_ts_top30,regime,volatility_ratio_short_long,281815,0.7033418189078566,167465,0.0,0.10817307692307693
reg_volatility_ratio_short_long_ts_bot30,regime,volatility_ratio_short_long,118865,0.29665818109214337,118865,0.0,0.10817307692307693
reg_volatility_ratio_short_long_ts_top40,regime,volatility_ratio_short_long,235250,0.5871268842966956,214030,0.0,0.10817307692307693
reg_volatility_ratio_short_long_ts_bot40,regime,volatility_ratio_short_long,165430,0.41287311570330437,165430,0.0,0.10817307692307693
reg_volatility_ratio_short_long_ts_top50,regime,volatility_ratio_short_long,196501,0.4904187880602975,196501,0.0,0.10817307692307693
reg_volatility_ratio_short_long_ts_bot50,regime,volatility_ratio_short_long,204229,0.5097059998003394,204229,0.0,0.10817307692307693
reg_volatility_ratio_short_long_ts_top60,regime,volatility_ratio_short_long,158979,0.39677298592392934,158979,0.0,0.10817307692307693
reg_volatility_ratio_short_long_ts_bot60,regime,volatility_ratio_short_long,241701,0.6032270140760707,207579,0.0,0.10817307692307693
reg_volatility_ratio_short_long_ts_top70,regime,volatility_ratio_short_long,119564,0.29840271538384744,119564,0.0,0.10817307692307693
reg_volatility_ratio_short_long_ts_bot70,regime,volatility_ratio_short_long,281116,0.7015972846161526,168164,0.0,0.10817307692307693
reg_volatility_ratio_short_long_ts_top80,regime,volatility_ratio_short_long,80001,0.19966307277628031,80001,0.0,0.10817307692307693
reg_volatility_ratio_short_long_ts_bot80,regime,volatility_ratio_short_long,320679,0.8003369272237196,128601,0.0,0.10817307692307693
reg_volatility_ratio_short_long_ts_band20_80,regime,volatility_ratio_short_long,245606,0.612972945991814,203674,0.0,0.10817307692307693
reg_volatility_ratio_short_long_ts_band25_75,regime,volatility_ratio_short_long,206501,0.515376360187681,206501,0.0,0.10817307692307693
reg_volatility_ratio_short_long_ts_band30_70,regime,volatility_ratio_short_long,162251,0.4049391035240092,162251,0.0,0.10817307692307693
reg_volatility_ratio_short_long_ts_band40_60,regime,volatility_ratio_short_long,76271,0.19035389837276628,76271,0.0,0.10817307692307693
reg_volume_autocorr_48_ts_top20,regime,volume_autocorr_48,325607,0.8126360187680942,123673,0.0,0.10817307692307693
reg_volume_autocorr_48_ts_bot20,regime,volume_autocorr_48,75073,0.18736398123190576,75073,0.0,0.10817307692307693
reg_volume_autocorr_48_ts_top30,regime,volume_autocorr_48,281815,0.7033418189078566,167465,0.0,0.10817307692307693
reg_volume_autocorr_48_ts_bot30,regime,volume_autocorr_48,118865,0.29665818109214337,118865,0.0,0.10817307692307693
reg_volume_autocorr_48_ts_top40,regime,volume_autocorr_48,235250,0.5871268842966956,214030,0.0,0.10817307692307693
reg_volume_autocorr_48_ts_bot40,regime,volume_autocorr_48,165430,0.41287311570330437,165430,0.0,0.10817307692307693
reg_volume_autocorr_48_ts_top50,regime,volume_autocorr_48,196501,0.4904187880602975,196501,0.0,0.10817307692307693
reg_volume_autocorr_48_ts_bot50,regime,volume_autocorr_48,204229,0.5097059998003394,204229,0.0,0.10817307692307693
reg_volume_autocorr_48_ts_top60,regime,volume_autocorr_48,158979,0.39677298592392934,158979,0.0,0.10817307692307693
reg_volume_autocorr_48_ts_bot60,regime,volume_autocorr_48,241701,0.6032270140760707,207579,0.0,0.10817307692307693
reg_volume_autocorr_48_ts_top70,regime,volume_autocorr_48,119564,0.29840271538384744,119564,0.0,0.10817307692307693
reg_volume_autocorr_48_ts_bot70,regime,volume_autocorr_48,281116,0.7015972846161526,168164,0.0,0.10817307692307693
reg_volume_autocorr_48_ts_top80,regime,volume_autocorr_48,80001,0.19966307277628031,80001,0.0,0.10817307692307693
reg_volume_autocorr_48_ts_bot80,regime,volume_autocorr_48,320679,0.8003369272237196,128601,0.0,0.10817307692307693
reg_volume_autocorr_48_ts_band20_80,regime,volume_autocorr_48,245606,0.612972945991814,203674,0.0,0.10817307692307693
reg_volume_autocorr_48_ts_band25_75,regime,volume_autocorr_48,206501,0.515376360187681,206501,0.0,0.10817307692307693
reg_volume_autocorr_48_ts_band30_70,regime,volume_autocorr_48,162251,0.4049391035240092,162251,0.0,0.10817307692307693
reg_volume_autocorr_48_ts_band40_60,regime,volume_autocorr_48,76271,0.19035389837276628,76271,0.0,0.10817307692307693
reg_volume_percentile_ts_top20,regime,volume_percentile,325607,0.8126360187680942,123673,0.0,0.10817307692307693
reg_volume_percentile_ts_bot20,regime,volume_percentile,75073,0.18736398123190576,75073,0.0,0.10817307692307693
reg_volume_percentile_ts_top30,regime,volume_percentile,281815,0.7033418189078566,167465,0.0,0.10817307692307693
reg_volume_percentile_ts_bot30,regime,volume_percentile,118865,0.29665818109214337,118865,0.0,0.10817307692307693
reg_volume_percentile_ts_top40,regime,volume_percentile,235250,0.5871268842966956,214030,0.0,0.10817307692307693
reg_volume_percentile_ts_bot40,regime,volume_percentile,165430,0.41287311570330437,165430,0.0,0.10817307692307693
reg_volume_percentile_ts_top50,regime,volume_percentile,196501,0.4904187880602975,196501,0.0,0.10817307692307693
reg_volume_percentile_ts_bot50,regime,volume_percentile,204229,0.5097059998003394,204229,0.0,0.10817307692307693
reg_volume_percentile_ts_top60,regime,volume_percentile,158979,0.39677298592392934,158979,0.0,0.10817307692307693
reg_volume_percentile_ts_bot60,regime,volume_percentile,241701,0.6032270140760707,207579,0.0,0.10817307692307693
reg_volume_percentile_ts_top70,regime,volume_percentile,119564,0.29840271538384744,119564,0.0,0.10817307692307693
reg_volume_percentile_ts_bot70,regime,volume_percentile,281116,0.7015972846161526,168164,0.0,0.10817307692307693
reg_volume_percentile_ts_top80,regime,volume_percentile,80001,0.19966307277628031,80001,0.0,0.10817307692307693
reg_volume_percentile_ts_bot80,regime,volume_percentile,320679,0.8003369272237196,128601,0.0,0.10817307692307693
reg_volume_percentile_ts_band20_80,regime,volume_percentile,245606,0.612972945991814,203674,0.0,0.10817307692307693
reg_volume_percentile_ts_band25_75,regime,volume_percentile,206501,0.515376360187681,206501,0.0,0.10817307692307693
reg_volume_percentile_ts_band30_70,regime,volume_percentile,162251,0.4049391035240092,162251,0.0,0.10817307692307693
reg_volume_percentile_ts_band40_60,regime,volume_percentile,76271,0.19035389837276628,76271,0.0,0.10817307692307693
reg_volume_trend_48_ts_top20,regime,volume_trend_48,325607,0.8126360187680942,123673,0.0,0.10817307692307693
reg_volume_trend_48_ts_bot20,regime,volume_trend_48,75073,0.18736398123190576,75073,0.0,0.10817307692307693
reg_volume_trend_48_ts_top30,regime,volume_trend_48,281815,0.7033418189078566,167465,0.0,0.10817307692307693
reg_volume_trend_48_ts_bot30,regime,volume_trend_48,118865,0.29665818109214337,118865,0.0,0.10817307692307693
reg_volume_trend_48_ts_top40,regime,volume_trend_48,235250,0.5871268842966956,214030,0.0,0.10817307692307693
reg_volume_trend_48_ts_bot40,regime,volume_trend_48,165430,0.41287311570330437,165430,0.0,0.10817307692307693
reg_volume_trend_48_ts_top50,regime,volume_trend_48,196501,0.4904187880602975,196501,0.0,0.10817307692307693
reg_volume_trend_48_ts_bot50,regime,volume_trend_48,204229,0.5097059998003394,204229,0.0,0.10817307692307693
reg_volume_trend_48_ts_top60,regime,volume_trend_48,158979,0.39677298592392934,158979,0.0,0.10817307692307693
reg_volume_trend_48_ts_bot60,regime,volume_trend_48,241701,0.6032270140760707,207579,0.0,0.10817307692307693
reg_volume_trend_48_ts_top70,regime,volume_trend_48,119564,0.29840271538384744,119564,0.0,0.10817307692307693
reg_volume_trend_48_ts_bot70,regime,volume_trend_48,281116,0.7015972846161526,168164,0.0,0.10817307692307693
reg_volume_trend_48_ts_top80,regime,volume_trend_48,80001,0.19966307277628031,80001,0.0,0.10817307692307693
reg_volume_trend_48_ts_bot80,regime,volume_trend_48,320679,0.8003369272237196,128601,0.0,0.10817307692307693
reg_volume_trend_48_ts_band20_80,regime,volume_trend_48,245606,0.612972945991814,203674,0.0,0.10817307692307693
reg_volume_trend_48_ts_band25_75,regime,volume_trend_48,206501,0.515376360187681,206501,0.0,0.10817307692307693
reg_volume_trend_48_ts_band30_70,regime,volume_trend_48,162251,0.4049391035240092,162251,0.0,0.10817307692307693
reg_volume_trend_48_ts_band40_60,regime,volume_trend_48,76271,0.19035389837276628,76271,0.0,0.10817307692307693
reg_volume_zscore_48h_ts_top20,regime,volume_zscore_48h,325607,0.8126360187680942,123673,0.0,0.10817307692307693
reg_volume_zscore_48h_ts_bot20,regime,volume_zscore_48h,75073,0.18736398123190576,75073,0.0,0.10817307692307693
reg_volume_zscore_48h_ts_top30,regime,volume_zscore_48h,281815,0.7033418189078566,167465,0.0,0.10817307692307693
reg_volume_zscore_48h_ts_bot30,regime,volume_zscore_48h,118865,0.29665818109214337,118865,0.0,0.10817307692307693
reg_volume_zscore_48h_ts_top40,regime,volume_zscore_48h,235250,0.5871268842966956,214030,0.0,0.10817307692307693
reg_volume_zscore_48h_ts_bot40,regime,volume_zscore_48h,165430,0.41287311570330437,165430,0.0,0.10817307692307693
reg_volume_zscore_48h_ts_top50,regime,volume_zscore_48h,196501,0.4904187880602975,196501,0.0,0.10817307692307693
reg_volume_zscore_48h_ts_bot50,regime,volume_zscore_48h,204229,0.5097059998003394,204229,0.0,0.10817307692307693
reg_volume_zscore_48h_ts_top60,regime,volume_zscore_48h,158979,0.39677298592392934,158979,0.0,0.10817307692307693
reg_volume_zscore_48h_ts_bot60,regime,volume_zscore_48h,241701,0.6032270140760707,207579,0.0,0.10817307692307693
reg_volume_zscore_48h_ts_top70,regime,volume_zscore_48h,119564,0.29840271538384744,119564,0.0,0.10817307692307693
reg_volume_zscore_48h_ts_bot70,regime,volume_zscore_48h,281116,0.7015972846161526,168164,0.0,0.10817307692307693
reg_volume_zscore_48h_ts_top80,regime,volume_zscore_48h,80001,0.19966307277628031,80001,0.0,0.10817307692307693
reg_volume_zscore_48h_ts_bot80,regime,volume_zscore_48h,320679,0.8003369272237196,128601,0.0,0.10817307692307693
reg_volume_zscore_48h_ts_band20_80,regime,volume_zscore_48h,245606,0.612972945991814,203674,0.0,0.10817307692307693
reg_volume_zscore_48h_ts_band25_75,regime,volume_zscore_48h,206501,0.515376360187681,206501,0.0,0.10817307692307693
reg_volume_zscore_48h_ts_band30_70,regime,volume_zscore_48h,162251,0.4049391035240092,162251,0.0,0.10817307692307693
reg_volume_zscore_48h_ts_band40_60,regime,volume_zscore_48h,76271,0.19035389837276628,76271,0.0,0.10817307692307693
