canonical_key,rule_id,fold_id,seed,feature_index,feature_name,group,source_name,source_family,normalized_value
(*)|(*)|(reg_atr_change_rate_ts_bot80==0&reg_atr_change_rate_ts_top20==1&reg_ema50_gt_ema200_raw==0),e07821de8343,0,42,398,reg_ema50_gt_ema200_raw,regime,ema50_gt_ema200,trend,0
(*)|(*)|(reg_atr_change_rate_ts_bot80==0&reg_atr_change_rate_ts_top20==1&reg_ema50_gt_ema200_raw==0),e07821de8343,0,42,0,reg_atr_change_rate_ts_top20,regime,atr_change_rate,volatility,1
(*)|(*)|(reg_atr_change_rate_ts_bot80==0&reg_atr_change_rate_ts_top20==1&reg_ema50_gt_ema200_raw==0),e07821de8343,0,42,26,reg_atr_change_rate_ts_bot80,regime,atr_change_rate,volatility,0
(*)|(*)|(reg_atr_change_rate_ts_band25_75==0&reg_atr_change_rate_ts_bot80==1&reg_atr_change_rate_ts_top20==1&reg_atr_change_rate_ts_top50==0&reg_ema50_gt_ema200_raw==0),0fe164c3879e,0,42,398,reg_ema50_gt_ema200_raw,regime,ema50_gt_ema200,trend,0
(*)|(*)|(reg_atr_change_rate_ts_band25_75==0&reg_atr_change_rate_ts_bot80==1&reg_atr_change_rate_ts_top20==1&reg_atr_change_rate_ts_top50==0&reg_ema50_gt_ema200_raw==0),0fe164c3879e,0,42,0,reg_atr_change_rate_ts_top20,regime,atr_change_rate,volatility,1
(*)|(*)|(reg_atr_change_rate_ts_band25_75==0&reg_atr_change_rate_ts_bot80==1&reg_atr_change_rate_ts_top20==1&reg_atr_change_rate_ts_top50==0&reg_ema50_gt_ema200_raw==0),0fe164c3879e,0,42,26,reg_atr_change_rate_ts_bot80,regime,atr_change_rate,volatility,1
(*)|(*)|(reg_atr_change_rate_ts_band25_75==0&reg_atr_change_rate_ts_bot80==1&reg_atr_change_rate_ts_top20==1&reg_atr_change_rate_ts_top50==0&reg_ema50_gt_ema200_raw==0),0fe164c3879e,0,42,12,reg_atr_change_rate_ts_top50,regime,atr_change_rate,volatility,0
(*)|(*)|(reg_atr_change_rate_ts_band25_75==0&reg_atr_change_rate_ts_bot80==1&reg_atr_change_rate_ts_top20==1&reg_atr_change_rate_ts_top50==0&reg_ema50_gt_ema200_raw==0),0fe164c3879e,0,42,30,reg_atr_change_rate_ts_band25_75,regime,atr_change_rate,volatility,0
(*)|(loc_dist_ema20_atr_ts_top40==0)|(reg_atr_change_rate_ts_band25_75==1&reg_atr_change_rate_ts_bot80==1&reg_atr_change_rate_ts_top20==1&reg_atr_change_rate_ts_top50==0&reg_ema50_gt_ema200_raw==0),1a22460da00e,0,42,398,reg_ema50_gt_ema200_raw,regime,ema50_gt_ema200,trend,0
(*)|(loc_dist_ema20_atr_ts_top40==0)|(reg_atr_change_rate_ts_band25_75==1&reg_atr_change_rate_ts_bot80==1&reg_atr_change_rate_ts_top20==1&reg_atr_change_rate_ts_top50==0&reg_ema50_gt_ema200_raw==0),1a22460da00e,0,42,0,reg_atr_change_rate_ts_top20,regime,atr_change_rate,volatility,1
(*)|(loc_dist_ema20_atr_ts_top40==0)|(reg_atr_change_rate_ts_band25_75==1&reg_atr_change_rate_ts_bot80==1&reg_atr_change_rate_ts_top20==1&reg_atr_change_rate_ts_top50==0&reg_ema50_gt_ema200_raw==0),1a22460da00e,0,42,26,reg_atr_change_rate_ts_bot80,regime,atr_change_rate,volatility,1
(*)|(loc_dist_ema20_atr_ts_top40==0)|(reg_atr_change_rate_ts_band25_75==1&reg_atr_change_rate_ts_bot80==1&reg_atr_change_rate_ts_top20==1&reg_atr_change_rate_ts_top50==0&reg_ema50_gt_ema200_raw==0),1a22460da00e,0,42,12,reg_atr_change_rate_ts_top50,regime,atr_change_rate,volatility,0
(*)|(loc_dist_ema20_atr_ts_top40==0)|(reg_atr_change_rate_ts_band25_75==1&reg_atr_change_rate_ts_bot80==1&reg_atr_change_rate_ts_top20==1&reg_atr_change_rate_ts_top50==0&reg_ema50_gt_ema200_raw==0),1a22460da00e,0,42,30,reg_atr_change_rate_ts_band25_75,regime,atr_change_rate,volatility,1
(*)|(loc_dist_ema20_atr_ts_top40==0)|(reg_atr_change_rate_ts_band25_75==1&reg_atr_change_rate_ts_bot80==1&reg_atr_change_rate_ts_top20==1&reg_atr_change_rate_ts_top50==0&reg_ema50_gt_ema200_raw==0),1a22460da00e,0,42,9,loc_dist_ema20_atr_ts_top40,location,dist_ema20_atr,context,0
(*)|(loc_dist_ema20_atr_ts_top40==1)|(reg_atr_change_rate_ts_band25_75==1&reg_atr_change_rate_ts_bot80==1&reg_atr_change_rate_ts_top20==1&reg_atr_change_rate_ts_top50==0&reg_ema50_gt_ema200_raw==0),a496876a528f,0,42,398,reg_ema50_gt_ema200_raw,regime,ema50_gt_ema200,trend,0
(*)|(loc_dist_ema20_atr_ts_top40==1)|(reg_atr_change_rate_ts_band25_75==1&reg_atr_change_rate_ts_bot80==1&reg_atr_change_rate_ts_top20==1&reg_atr_change_rate_ts_top50==0&reg_ema50_gt_ema200_raw==0),a496876a528f,0,42,0,reg_atr_change_rate_ts_top20,regime,atr_change_rate,volatility,1
(*)|(loc_dist_ema20_atr_ts_top40==1)|(reg_atr_change_rate_ts_band25_75==1&reg_atr_change_rate_ts_bot80==1&reg_atr_change_rate_ts_top20==1&reg_atr_change_rate_ts_top50==0&reg_ema50_gt_ema200_raw==0),a496876a528f,0,42,26,reg_atr_change_rate_ts_bot80,regime,atr_change_rate,volatility,1
(*)|(loc_dist_ema20_atr_ts_top40==1)|(reg_atr_change_rate_ts_band25_75==1&reg_atr_change_rate_ts_bot80==1&reg_atr_change_rate_ts_top20==1&reg_atr_change_rate_ts_top50==0&reg_ema50_gt_ema200_raw==0),a496876a528f,0,42,12,reg_atr_change_rate_ts_top50,regime,atr_change_rate,volatility,0
(*)|(loc_dist_ema20_atr_ts_top40==1)|(reg_atr_change_rate_ts_band25_75==1&reg_atr_change_rate_ts_bot80==1&reg_atr_change_rate_ts_top20==1&reg_atr_change_rate_ts_top50==0&reg_ema50_gt_ema200_raw==0),a496876a528f,0,42,30,reg_atr_change_rate_ts_band25_75,regime,atr_change_rate,volatility,1
(*)|(loc_dist_ema20_atr_ts_top40==1)|(reg_atr_change_rate_ts_band25_75==1&reg_atr_change_rate_ts_bot80==1&reg_atr_change_rate_ts_top20==1&reg_atr_change_rate_ts_top50==0&reg_ema50_gt_ema200_raw==0),a496876a528f,0,42,9,loc_dist_ema20_atr_ts_top40,location,dist_ema20_atr,context,1
(*)|(*)|(reg_atr_change_rate_ts_band30_70==0&reg_atr_change_rate_ts_bot80==1&reg_atr_change_rate_ts_top20==1&reg_atr_change_rate_ts_top50==1&reg_ema50_gt_ema200_raw==0),ca4e70fd6cac,0,42,398,reg_ema50_gt_ema200_raw,regime,ema50_gt_ema200,trend,0
(*)|(*)|(reg_atr_change_rate_ts_band30_70==0&reg_atr_change_rate_ts_bot80==1&reg_atr_change_rate_ts_top20==1&reg_atr_change_rate_ts_top50==1&reg_ema50_gt_ema200_raw==0),ca4e70fd6cac,0,42,0,reg_atr_change_rate_ts_top20,regime,atr_change_rate,volatility,1
(*)|(*)|(reg_atr_change_rate_ts_band30_70==0&reg_atr_change_rate_ts_bot80==1&reg_atr_change_rate_ts_top20==1&reg_atr_change_rate_ts_top50==1&reg_ema50_gt_ema200_raw==0),ca4e70fd6cac,0,42,26,reg_atr_change_rate_ts_bot80,regime,atr_change_rate,volatility,1
(*)|(*)|(reg_atr_change_rate_ts_band30_70==0&reg_atr_change_rate_ts_bot80==1&reg_atr_change_rate_ts_top20==1&reg_atr_change_rate_ts_top50==1&reg_ema50_gt_ema200_raw==0),ca4e70fd6cac,0,42,12,reg_atr_change_rate_ts_top50,regime,atr_change_rate,volatility,1
(*)|(*)|(reg_atr_change_rate_ts_band30_70==0&reg_atr_change_rate_ts_bot80==1&reg_atr_change_rate_ts_top20==1&reg_atr_change_rate_ts_top50==1&reg_ema50_gt_ema200_raw==0),ca4e70fd6cac,0,42,32,reg_atr_change_rate_ts_band30_70,regime,atr_change_rate,volatility,0
(*)|(*)|(reg_atr_change_rate_ts_band30_70==1&reg_atr_change_rate_ts_bot80==1&reg_atr_change_rate_ts_top20==1&reg_atr_change_rate_ts_top50==1&reg_ema50_gt_ema200_raw==0),73a3094f8a30,0,42,398,reg_ema50_gt_ema200_raw,regime,ema50_gt_ema200,trend,0
(*)|(*)|(reg_atr_change_rate_ts_band30_70==1&reg_atr_change_rate_ts_bot80==1&reg_atr_change_rate_ts_top20==1&reg_atr_change_rate_ts_top50==1&reg_ema50_gt_ema200_raw==0),73a3094f8a30,0,42,0,reg_atr_change_rate_ts_top20,regime,atr_change_rate,volatility,1
(*)|(*)|(reg_atr_change_rate_ts_band30_70==1&reg_atr_change_rate_ts_bot80==1&reg_atr_change_rate_ts_top20==1&reg_atr_change_rate_ts_top50==1&reg_ema50_gt_ema200_raw==0),73a3094f8a30,0,42,26,reg_atr_change_rate_ts_bot80,regime,atr_change_rate,volatility,1
(*)|(*)|(reg_atr_change_rate_ts_band30_70==1&reg_atr_change_rate_ts_bot80==1&reg_atr_change_rate_ts_top20==1&reg_atr_change_rate_ts_top50==1&reg_ema50_gt_ema200_raw==0),73a3094f8a30,0,42,12,reg_atr_change_rate_ts_top50,regime,atr_change_rate,volatility,1
(*)|(*)|(reg_atr_change_rate_ts_band30_70==1&reg_atr_change_rate_ts_bot80==1&reg_atr_change_rate_ts_top20==1&reg_atr_change_rate_ts_top50==1&reg_ema50_gt_ema200_raw==0),73a3094f8a30,0,42,32,reg_atr_change_rate_ts_band30_70,regime,atr_change_rate,volatility,1
(*)|(*)|(reg_ema50_gt_ema200_raw==1),d54229a32e4c,0,42,398,reg_ema50_gt_ema200_raw,regime,ema50_gt_ema200,trend,1
(*)|(*)|(reg_atr_change_rate_ts_band25_75==0&reg_atr_change_rate_ts_top20==1&reg_atr_change_rate_ts_top50==0&reg_ema50_gt_ema200_raw==0),2908f4127942,0,42,398,reg_ema50_gt_ema200_raw,regime,ema50_gt_ema200,trend,0
(*)|(*)|(reg_atr_change_rate_ts_band25_75==0&reg_atr_change_rate_ts_top20==1&reg_atr_change_rate_ts_top50==0&reg_ema50_gt_ema200_raw==0),2908f4127942,0,42,0,reg_atr_change_rate_ts_top20,regime,atr_change_rate,volatility,1
(*)|(*)|(reg_atr_change_rate_ts_band25_75==0&reg_atr_change_rate_ts_top20==1&reg_atr_change_rate_ts_top50==0&reg_ema50_gt_ema200_raw==0),2908f4127942,0,42,12,reg_atr_change_rate_ts_top50,regime,atr_change_rate,volatility,0
(*)|(*)|(reg_atr_change_rate_ts_band25_75==0&reg_atr_change_rate_ts_top20==1&reg_atr_change_rate_ts_top50==0&reg_ema50_gt_ema200_raw==0),2908f4127942,0,42,30,reg_atr_change_rate_ts_band25_75,regime,atr_change_rate,volatility,0
(*)|(*)|(reg_atr_change_rate_ts_band25_75==1&reg_atr_change_rate_ts_band40_60==0&reg_atr_change_rate_ts_top20==1&reg_atr_change_rate_ts_top50==0&reg_ema50_gt_ema200_raw==0),9ccd52dc80f3,0,42,398,reg_ema50_gt_ema200_raw,regime,ema50_gt_ema200,trend,0
(*)|(*)|(reg_atr_change_rate_ts_band25_75==1&reg_atr_change_rate_ts_band40_60==0&reg_atr_change_rate_ts_top20==1&reg_atr_change_rate_ts_top50==0&reg_ema50_gt_ema200_raw==0),9ccd52dc80f3,0,42,0,reg_atr_change_rate_ts_top20,regime,atr_change_rate,volatility,1
(*)|(*)|(reg_atr_change_rate_ts_band25_75==1&reg_atr_change_rate_ts_band40_60==0&reg_atr_change_rate_ts_top20==1&reg_atr_change_rate_ts_top50==0&reg_ema50_gt_ema200_raw==0),9ccd52dc80f3,0,42,12,reg_atr_change_rate_ts_top50,regime,atr_change_rate,volatility,0
(*)|(*)|(reg_atr_change_rate_ts_band25_75==1&reg_atr_change_rate_ts_band40_60==0&reg_atr_change_rate_ts_top20==1&reg_atr_change_rate_ts_top50==0&reg_ema50_gt_ema200_raw==0),9ccd52dc80f3,0,42,30,reg_atr_change_rate_ts_band25_75,regime,atr_change_rate,volatility,1
(*)|(*)|(reg_atr_change_rate_ts_band25_75==1&reg_atr_change_rate_ts_band40_60==0&reg_atr_change_rate_ts_top20==1&reg_atr_change_rate_ts_top50==0&reg_ema50_gt_ema200_raw==0),9ccd52dc80f3,0,42,34,reg_atr_change_rate_ts_band40_60,regime,atr_change_rate,volatility,0
(*)|(*)|(reg_atr_change_rate_ts_band25_75==1&reg_atr_change_rate_ts_band40_60==1&reg_atr_change_rate_ts_top20==1&reg_atr_change_rate_ts_top50==0&reg_ema50_gt_ema200_raw==0),e6ae3387d9e9,0,42,398,reg_ema50_gt_ema200_raw,regime,ema50_gt_ema200,trend,0
(*)|(*)|(reg_atr_change_rate_ts_band25_75==1&reg_atr_change_rate_ts_band40_60==1&reg_atr_change_rate_ts_top20==1&reg_atr_change_rate_ts_top50==0&reg_ema50_gt_ema200_raw==0),e6ae3387d9e9,0,42,0,reg_atr_change_rate_ts_top20,regime,atr_change_rate,volatility,1
(*)|(*)|(reg_atr_change_rate_ts_band25_75==1&reg_atr_change_rate_ts_band40_60==1&reg_atr_change_rate_ts_top20==1&reg_atr_change_rate_ts_top50==0&reg_ema50_gt_ema200_raw==0),e6ae3387d9e9,0,42,12,reg_atr_change_rate_ts_top50,regime,atr_change_rate,volatility,0
(*)|(*)|(reg_atr_change_rate_ts_band25_75==1&reg_atr_change_rate_ts_band40_60==1&reg_atr_change_rate_ts_top20==1&reg_atr_change_rate_ts_top50==0&reg_ema50_gt_ema200_raw==0),e6ae3387d9e9,0,42,30,reg_atr_change_rate_ts_band25_75,regime,atr_change_rate,volatility,1
(*)|(*)|(reg_atr_change_rate_ts_band25_75==1&reg_atr_change_rate_ts_band40_60==1&reg_atr_change_rate_ts_top20==1&reg_atr_change_rate_ts_top50==0&reg_ema50_gt_ema200_raw==0),e6ae3387d9e9,0,42,34,reg_atr_change_rate_ts_band40_60,regime,atr_change_rate,volatility,1
(*)|(*)|(reg_atr_change_rate_ts_top20==1&reg_atr_change_rate_ts_top50==1&reg_atr_change_rate_ts_top60==0&reg_atr_change_rate_ts_top80==0&reg_ema50_gt_ema200_raw==0),f1f25613aa4a,0,42,398,reg_ema50_gt_ema200_raw,regime,ema50_gt_ema200,trend,0
(*)|(*)|(reg_atr_change_rate_ts_top20==1&reg_atr_change_rate_ts_top50==1&reg_atr_change_rate_ts_top60==0&reg_atr_change_rate_ts_top80==0&reg_ema50_gt_ema200_raw==0),f1f25613aa4a,0,42,0,reg_atr_change_rate_ts_top20,regime,atr_change_rate,volatility,1
(*)|(*)|(reg_atr_change_rate_ts_top20==1&reg_atr_change_rate_ts_top50==1&reg_atr_change_rate_ts_top60==0&reg_atr_change_rate_ts_top80==0&reg_ema50_gt_ema200_raw==0),f1f25613aa4a,0,42,12,reg_atr_change_rate_ts_top50,regime,atr_change_rate,volatility,1
(*)|(*)|(reg_atr_change_rate_ts_top20==1&reg_atr_change_rate_ts_top50==1&reg_atr_change_rate_ts_top60==0&reg_atr_change_rate_ts_top80==0&reg_ema50_gt_ema200_raw==0),f1f25613aa4a,0,42,24,reg_atr_change_rate_ts_top80,regime,atr_change_rate,volatility,0
(*)|(*)|(reg_atr_change_rate_ts_top20==1&reg_atr_change_rate_ts_top50==1&reg_atr_change_rate_ts_top60==0&reg_atr_change_rate_ts_top80==0&reg_ema50_gt_ema200_raw==0),f1f25613aa4a,0,42,16,reg_atr_change_rate_ts_top60,regime,atr_change_rate,volatility,0
(*)|(*)|(reg_atr_change_rate_ts_top20==1&reg_atr_change_rate_ts_top50==1&reg_atr_change_rate_ts_top60==1&reg_atr_change_rate_ts_top80==0&reg_atr_compression_ratio_ts_band30_70==0&reg_ema50_gt_ema200_raw==0),8ab357dff311,0,42,398,reg_ema50_gt_ema200_raw,regime,ema50_gt_ema200,trend,0
(*)|(*)|(reg_atr_change_rate_ts_top20==1&reg_atr_change_rate_ts_top50==1&reg_atr_change_rate_ts_top60==1&reg_atr_change_rate_ts_top80==0&reg_atr_compression_ratio_ts_band30_70==0&reg_ema50_gt_ema200_raw==0),8ab357dff311,0,42,0,reg_atr_change_rate_ts_top20,regime,atr_change_rate,volatility,1
(*)|(*)|(reg_atr_change_rate_ts_top20==1&reg_atr_change_rate_ts_top50==1&reg_atr_change_rate_ts_top60==1&reg_atr_change_rate_ts_top80==0&reg_atr_compression_ratio_ts_band30_70==0&reg_ema50_gt_ema200_raw==0),8ab357dff311,0,42,12,reg_atr_change_rate_ts_top50,regime,atr_change_rate,volatility,1
(*)|(*)|(reg_atr_change_rate_ts_top20==1&reg_atr_change_rate_ts_top50==1&reg_atr_change_rate_ts_top60==1&reg_atr_change_rate_ts_top80==0&reg_atr_compression_ratio_ts_band30_70==0&reg_ema50_gt_ema200_raw==0),8ab357dff311,0,42,24,reg_atr_change_rate_ts_top80,regime,atr_change_rate,volatility,0
(*)|(*)|(reg_atr_change_rate_ts_top20==1&reg_atr_change_rate_ts_top50==1&reg_atr_change_rate_ts_top60==1&reg_atr_change_rate_ts_top80==0&reg_atr_compression_ratio_ts_band30_70==0&reg_ema50_gt_ema200_raw==0),8ab357dff311,0,42,16,reg_atr_change_rate_ts_top60,regime,atr_change_rate,volatility,1
(*)|(*)|(reg_atr_change_rate_ts_top20==1&reg_atr_change_rate_ts_top50==1&reg_atr_change_rate_ts_top60==1&reg_atr_change_rate_ts_top80==0&reg_atr_compression_ratio_ts_band30_70==0&reg_ema50_gt_ema200_raw==0),8ab357dff311,0,42,68,reg_atr_compression_ratio_ts_band30_70,regime,atr_compression_ratio,volatility_term_structure,0
(*)|(*)|(reg_atr_change_rate_ts_top20==1&reg_atr_change_rate_ts_top50==1&reg_atr_change_rate_ts_top60==1&reg_atr_change_rate_ts_top80==0&reg_atr_compression_ratio_ts_band30_70==1&reg_ema50_gt_ema200_raw==0),f76d5c40b5a3,0,42,398,reg_ema50_gt_ema200_raw,regime,ema50_gt_ema200,trend,0
(*)|(*)|(reg_atr_change_rate_ts_top20==1&reg_atr_change_rate_ts_top50==1&reg_atr_change_rate_ts_top60==1&reg_atr_change_rate_ts_top80==0&reg_atr_compression_ratio_ts_band30_70==1&reg_ema50_gt_ema200_raw==0),f76d5c40b5a3,0,42,0,reg_atr_change_rate_ts_top20,regime,atr_change_rate,volatility,1
(*)|(*)|(reg_atr_change_rate_ts_top20==1&reg_atr_change_rate_ts_top50==1&reg_atr_change_rate_ts_top60==1&reg_atr_change_rate_ts_top80==0&reg_atr_compression_ratio_ts_band30_70==1&reg_ema50_gt_ema200_raw==0),f76d5c40b5a3,0,42,12,reg_atr_change_rate_ts_top50,regime,atr_change_rate,volatility,1
(*)|(*)|(reg_atr_change_rate_ts_top20==1&reg_atr_change_rate_ts_top50==1&reg_atr_change_rate_ts_top60==1&reg_atr_change_rate_ts_top80==0&reg_atr_compression_ratio_ts_band30_70==1&reg_ema50_gt_ema200_raw==0),f76d5c40b5a3,0,42,24,reg_atr_change_rate_ts_top80,regime,atr_change_rate,volatility,0
(*)|(*)|(reg_atr_change_rate_ts_top20==1&reg_atr_change_rate_ts_top50==1&reg_atr_change_rate_ts_top60==1&reg_atr_change_rate_ts_top80==0&reg_atr_compression_ratio_ts_band30_70==1&reg_ema50_gt_ema200_raw==0),f76d5c40b5a3,0,42,16,reg_atr_change_rate_ts_top60,regime,atr_change_rate,volatility,1
(*)|(*)|(reg_atr_change_rate_ts_top20==1&reg_atr_change_rate_ts_top50==1&reg_atr_change_rate_ts_top60==1&reg_atr_change_rate_ts_top80==0&reg_atr_compression_ratio_ts_band30_70==1&reg_ema50_gt_ema200_raw==0),f76d5c40b5a3,0,42,68,reg_atr_compression_ratio_ts_band30_70,regime,atr_compression_ratio,volatility_term_structure,1
(*)|(*)|(reg_atr_change_rate_ts_top20==1&reg_atr_change_rate_ts_top50==1&reg_atr_change_rate_ts_top80==1&reg_ema50_gt_ema200_raw==0),806ca298a639,0,42,398,reg_ema50_gt_ema200_raw,regime,ema50_gt_ema200,trend,0
(*)|(*)|(reg_atr_change_rate_ts_top20==1&reg_atr_change_rate_ts_top50==1&reg_atr_change_rate_ts_top80==1&reg_ema50_gt_ema200_raw==0),806ca298a639,0,42,0,reg_atr_change_rate_ts_top20,regime,atr_change_rate,volatility,1
(*)|(*)|(reg_atr_change_rate_ts_top20==1&reg_atr_change_rate_ts_top50==1&reg_atr_change_rate_ts_top80==1&reg_ema50_gt_ema200_raw==0),806ca298a639,0,42,12,reg_atr_change_rate_ts_top50,regime,atr_change_rate,volatility,1
(*)|(*)|(reg_atr_change_rate_ts_top20==1&reg_atr_change_rate_ts_top50==1&reg_atr_change_rate_ts_top80==1&reg_ema50_gt_ema200_raw==0),806ca298a639,0,42,24,reg_atr_change_rate_ts_top80,regime,atr_change_rate,volatility,1
(*)|(*)|(reg_ema50_gt_ema200_raw==1),713202a0eb90,0,42,398,reg_ema50_gt_ema200_raw,regime,ema50_gt_ema200,trend,1
(*)|(*)|(reg_atr_change_rate_ts_band20_80==0&reg_atr_change_rate_ts_top30==1&reg_ema20_gt_ema50_raw==0),c7e4596c2d67,0,42,324,reg_ema20_gt_ema50_raw,regime,ema20_gt_ema50,trend,0
(*)|(*)|(reg_atr_change_rate_ts_band20_80==0&reg_atr_change_rate_ts_top30==1&reg_ema20_gt_ema50_raw==0),c7e4596c2d67,0,42,28,reg_atr_change_rate_ts_band20_80,regime,atr_change_rate,volatility,0
(*)|(*)|(reg_atr_change_rate_ts_band20_80==0&reg_atr_change_rate_ts_top30==1&reg_ema20_gt_ema50_raw==0),c7e4596c2d67,0,42,4,reg_atr_change_rate_ts_top30,regime,atr_change_rate,volatility,1
(*)|(*)|(reg_atr_change_rate_ts_band20_80==1&reg_atr_change_rate_ts_band25_75==0&reg_atr_change_rate_ts_top50==0&reg_ema20_gt_ema50_raw==0),2d06b58ad432,0,42,324,reg_ema20_gt_ema50_raw,regime,ema20_gt_ema50,trend,0
(*)|(*)|(reg_atr_change_rate_ts_band20_80==1&reg_atr_change_rate_ts_band25_75==0&reg_atr_change_rate_ts_top50==0&reg_ema20_gt_ema50_raw==0),2d06b58ad432,0,42,28,reg_atr_change_rate_ts_band20_80,regime,atr_change_rate,volatility,1
(*)|(*)|(reg_atr_change_rate_ts_band20_80==1&reg_atr_change_rate_ts_band25_75==0&reg_atr_change_rate_ts_top50==0&reg_ema20_gt_ema50_raw==0),2d06b58ad432,0,42,12,reg_atr_change_rate_ts_top50,regime,atr_change_rate,volatility,0
(*)|(*)|(reg_atr_change_rate_ts_band20_80==1&reg_atr_change_rate_ts_band25_75==0&reg_atr_change_rate_ts_top50==0&reg_ema20_gt_ema50_raw==0),2d06b58ad432,0,42,30,reg_atr_change_rate_ts_band25_75,regime,atr_change_rate,volatility,0
(*)|(*)|(reg_atr_change_rate_ts_band20_80==1&reg_atr_change_rate_ts_band25_75==1&reg_atr_change_rate_ts_top50==0&reg_ema20_gt_ema50_raw==0),66a00a54624b,0,42,324,reg_ema20_gt_ema50_raw,regime,ema20_gt_ema50,trend,0
(*)|(*)|(reg_atr_change_rate_ts_band20_80==1&reg_atr_change_rate_ts_band25_75==1&reg_atr_change_rate_ts_top50==0&reg_ema20_gt_ema50_raw==0),66a00a54624b,0,42,28,reg_atr_change_rate_ts_band20_80,regime,atr_change_rate,volatility,1
(*)|(*)|(reg_atr_change_rate_ts_band20_80==1&reg_atr_change_rate_ts_band25_75==1&reg_atr_change_rate_ts_top50==0&reg_ema20_gt_ema50_raw==0),66a00a54624b,0,42,12,reg_atr_change_rate_ts_top50,regime,atr_change_rate,volatility,0
(*)|(*)|(reg_atr_change_rate_ts_band20_80==1&reg_atr_change_rate_ts_band25_75==1&reg_atr_change_rate_ts_top50==0&reg_ema20_gt_ema50_raw==0),66a00a54624b,0,42,30,reg_atr_change_rate_ts_band25_75,regime,atr_change_rate,volatility,1
(*)|(loc_dist_ema20_atr_ts_top60==0)|(reg_atr_change_rate_ts_band20_80==1&reg_atr_change_rate_ts_top50==1&reg_atr_change_rate_ts_top70==0&reg_ema20_gt_ema50_raw==0),d8ee15ee48e3,0,42,324,reg_ema20_gt_ema50_raw,regime,ema20_gt_ema50,trend,0
(*)|(loc_dist_ema20_atr_ts_top60==0)|(reg_atr_change_rate_ts_band20_80==1&reg_atr_change_rate_ts_top50==1&reg_atr_change_rate_ts_top70==0&reg_ema20_gt_ema50_raw==0),d8ee15ee48e3,0,42,28,reg_atr_change_rate_ts_band20_80,regime,atr_change_rate,volatility,1
(*)|(loc_dist_ema20_atr_ts_top60==0)|(reg_atr_change_rate_ts_band20_80==1&reg_atr_change_rate_ts_top50==1&reg_atr_change_rate_ts_top70==0&reg_ema20_gt_ema50_raw==0),d8ee15ee48e3,0,42,12,reg_atr_change_rate_ts_top50,regime,atr_change_rate,volatility,1
(*)|(loc_dist_ema20_atr_ts_top60==0)|(reg_atr_change_rate_ts_band20_80==1&reg_atr_change_rate_ts_top50==1&reg_atr_change_rate_ts_top70==0&reg_ema20_gt_ema50_raw==0),d8ee15ee48e3,0,42,20,reg_atr_change_rate_ts_top70,regime,atr_change_rate,volatility,0
(*)|(loc_dist_ema20_atr_ts_top60==0)|(reg_atr_change_rate_ts_band20_80==1&reg_atr_change_rate_ts_top50==1&reg_atr_change_rate_ts_top70==0&reg_ema20_gt_ema50_raw==0),d8ee15ee48e3,0,42,17,loc_dist_ema20_atr_ts_top60,location,dist_ema20_atr,context,0
(*)|(loc_dist_ema20_atr_ts_top60==1)|(reg_atr_change_rate_ts_band20_80==1&reg_atr_change_rate_ts_top50==1&reg_atr_change_rate_ts_top70==0&reg_ema20_gt_ema50_raw==0),6fb0c7b76aa4,0,42,324,reg_ema20_gt_ema50_raw,regime,ema20_gt_ema50,trend,0
(*)|(loc_dist_ema20_atr_ts_top60==1)|(reg_atr_change_rate_ts_band20_80==1&reg_atr_change_rate_ts_top50==1&reg_atr_change_rate_ts_top70==0&reg_ema20_gt_ema50_raw==0),6fb0c7b76aa4,0,42,28,reg_atr_change_rate_ts_band20_80,regime,atr_change_rate,volatility,1
(*)|(loc_dist_ema20_atr_ts_top60==1)|(reg_atr_change_rate_ts_band20_80==1&reg_atr_change_rate_ts_top50==1&reg_atr_change_rate_ts_top70==0&reg_ema20_gt_ema50_raw==0),6fb0c7b76aa4,0,42,12,reg_atr_change_rate_ts_top50,regime,atr_change_rate,volatility,1
(*)|(loc_dist_ema20_atr_ts_top60==1)|(reg_atr_change_rate_ts_band20_80==1&reg_atr_change_rate_ts_top50==1&reg_atr_change_rate_ts_top70==0&reg_ema20_gt_ema50_raw==0),6fb0c7b76aa4,0,42,20,reg_atr_change_rate_ts_top70,regime,atr_change_rate,volatility,0
(*)|(loc_dist_ema20_atr_ts_top60==1)|(reg_atr_change_rate_ts_band20_80==1&reg_atr_change_rate_ts_top50==1&reg_atr_change_rate_ts_top70==0&reg_ema20_gt_ema50_raw==0),6fb0c7b76aa4,0,42,17,loc_dist_ema20_atr_ts_top60,location,dist_ema20_atr,context,1
(*)|(*)|(reg_atr_change_rate_ts_band20_80==1&reg_atr_change_rate_ts_band25_75==0&reg_atr_change_rate_ts_top50==1&reg_atr_change_rate_ts_top70==1&reg_ema20_gt_ema50_raw==0),18a804b58dff,0,42,324,reg_ema20_gt_ema50_raw,regime,ema20_gt_ema50,trend,0
(*)|(*)|(reg_atr_change_rate_ts_band20_80==1&reg_atr_change_rate_ts_band25_75==0&reg_atr_change_rate_ts_top50==1&reg_atr_change_rate_ts_top70==1&reg_ema20_gt_ema50_raw==0),18a804b58dff,0,42,28,reg_atr_change_rate_ts_band20_80,regime,atr_change_rate,volatility,1
(*)|(*)|(reg_atr_change_rate_ts_band20_80==1&reg_atr_change_rate_ts_band25_75==0&reg_atr_change_rate_ts_top50==1&reg_atr_change_rate_ts_top70==1&reg_ema20_gt_ema50_raw==0),18a804b58dff,0,42,12,reg_atr_change_rate_ts_top50,regime,atr_change_rate,volatility,1
(*)|(*)|(reg_atr_change_rate_ts_band20_80==1&reg_atr_change_rate_ts_band25_75==0&reg_atr_change_rate_ts_top50==1&reg_atr_change_rate_ts_top70==1&reg_ema20_gt_ema50_raw==0),18a804b58dff,0,42,20,reg_atr_change_rate_ts_top70,regime,atr_change_rate,volatility,1
(*)|(*)|(reg_atr_change_rate_ts_band20_80==1&reg_atr_change_rate_ts_band25_75==0&reg_atr_change_rate_ts_top50==1&reg_atr_change_rate_ts_top70==1&reg_ema20_gt_ema50_raw==0),18a804b58dff,0,42,30,reg_atr_change_rate_ts_band25_75,regime,atr_change_rate,volatility,0
(*)|(*)|(reg_atr_change_rate_ts_band20_80==1&reg_atr_change_rate_ts_band25_75==1&reg_atr_change_rate_ts_top50==1&reg_atr_change_rate_ts_top70==1&reg_ema20_gt_ema50_raw==0),ead471e61aef,0,42,324,reg_ema20_gt_ema50_raw,regime,ema20_gt_ema50,trend,0
(*)|(*)|(reg_atr_change_rate_ts_band20_80==1&reg_atr_change_rate_ts_band25_75==1&reg_atr_change_rate_ts_top50==1&reg_atr_change_rate_ts_top70==1&reg_ema20_gt_ema50_raw==0),ead471e61aef,0,42,28,reg_atr_change_rate_ts_band20_80,regime,atr_change_rate,volatility,1
(*)|(*)|(reg_atr_change_rate_ts_band20_80==1&reg_atr_change_rate_ts_band25_75==1&reg_atr_change_rate_ts_top50==1&reg_atr_change_rate_ts_top70==1&reg_ema20_gt_ema50_raw==0),ead471e61aef,0,42,12,reg_atr_change_rate_ts_top50,regime,atr_change_rate,volatility,1
(*)|(*)|(reg_atr_change_rate_ts_band20_80==1&reg_atr_change_rate_ts_band25_75==1&reg_atr_change_rate_ts_top50==1&reg_atr_change_rate_ts_top70==1&reg_ema20_gt_ema50_raw==0),ead471e61aef,0,42,20,reg_atr_change_rate_ts_top70,regime,atr_change_rate,volatility,1
(*)|(*)|(reg_atr_change_rate_ts_band20_80==1&reg_atr_change_rate_ts_band25_75==1&reg_atr_change_rate_ts_top50==1&reg_atr_change_rate_ts_top70==1&reg_ema20_gt_ema50_raw==0),ead471e61aef,0,42,30,reg_atr_change_rate_ts_band25_75,regime,atr_change_rate,volatility,1
(*)|(*)|(reg_atr_change_rate_ts_top80==0&reg_ema20_gt_ema50_raw==1),97339a83c7fe,0,42,324,reg_ema20_gt_ema50_raw,regime,ema20_gt_ema50,trend,1
(*)|(*)|(reg_atr_change_rate_ts_top80==0&reg_ema20_gt_ema50_raw==1),97339a83c7fe,0,42,24,reg_atr_change_rate_ts_top80,regime,atr_change_rate,volatility,0
(*)|(*)|(reg_atr_change_rate_ts_top80==1&reg_ema20_gt_ema50_raw==1),aaf0d6f5da49,0,42,324,reg_ema20_gt_ema50_raw,regime,ema20_gt_ema50,trend,1
(*)|(*)|(reg_atr_change_rate_ts_top80==1&reg_ema20_gt_ema50_raw==1),aaf0d6f5da49,0,42,24,reg_atr_change_rate_ts_top80,regime,atr_change_rate,volatility,1
(*)|(*)|(reg_atr_change_rate_ts_band20_80==1&reg_atr_change_rate_ts_band25_75==0&reg_atr_change_rate_ts_top60==0&reg_atr_change_rate_ts_top80==0&reg_ema20_gt_ema50_raw==0),dbf98ce3161b,0,42,324,reg_ema20_gt_ema50_raw,regime,ema20_gt_ema50,trend,0
(*)|(*)|(reg_atr_change_rate_ts_band20_80==1&reg_atr_change_rate_ts_band25_75==0&reg_atr_change_rate_ts_top60==0&reg_atr_change_rate_ts_top80==0&reg_ema20_gt_ema50_raw==0),dbf98ce3161b,0,42,24,reg_atr_change_rate_ts_top80,regime,atr_change_rate,volatility,0
(*)|(*)|(reg_atr_change_rate_ts_band20_80==1&reg_atr_change_rate_ts_band25_75==0&reg_atr_change_rate_ts_top60==0&reg_atr_change_rate_ts_top80==0&reg_ema20_gt_ema50_raw==0),dbf98ce3161b,0,42,28,reg_atr_change_rate_ts_band20_80,regime,atr_change_rate,volatility,1
(*)|(*)|(reg_atr_change_rate_ts_band20_80==1&reg_atr_change_rate_ts_band25_75==0&reg_atr_change_rate_ts_top60==0&reg_atr_change_rate_ts_top80==0&reg_ema20_gt_ema50_raw==0),dbf98ce3161b,0,42,16,reg_atr_change_rate_ts_top60,regime,atr_change_rate,volatility,0
(*)|(*)|(reg_atr_change_rate_ts_band20_80==1&reg_atr_change_rate_ts_band25_75==0&reg_atr_change_rate_ts_top60==0&reg_atr_change_rate_ts_top80==0&reg_ema20_gt_ema50_raw==0),dbf98ce3161b,0,42,30,reg_atr_change_rate_ts_band25_75,regime,atr_change_rate,volatility,0
(*)|(*)|(reg_atr_change_rate_ts_band20_80==1&reg_atr_change_rate_ts_band25_75==1&reg_atr_change_rate_ts_top50==0&reg_atr_change_rate_ts_top60==0&reg_atr_change_rate_ts_top80==0&reg_ema20_gt_ema50_raw==0),5dc362089804,0,42,324,reg_ema20_gt_ema50_raw,regime,ema20_gt_ema50,trend,0
(*)|(*)|(reg_atr_change_rate_ts_band20_80==1&reg_atr_change_rate_ts_band25_75==1&reg_atr_change_rate_ts_top50==0&reg_atr_change_rate_ts_top60==0&reg_atr_change_rate_ts_top80==0&reg_ema20_gt_ema50_raw==0),5dc362089804,0,42,24,reg_atr_change_rate_ts_top80,regime,atr_change_rate,volatility,0
(*)|(*)|(reg_atr_change_rate_ts_band20_80==1&reg_atr_change_rate_ts_band25_75==1&reg_atr_change_rate_ts_top50==0&reg_atr_change_rate_ts_top60==0&reg_atr_change_rate_ts_top80==0&reg_ema20_gt_ema50_raw==0),5dc362089804,0,42,28,reg_atr_change_rate_ts_band20_80,regime,atr_change_rate,volatility,1
(*)|(*)|(reg_atr_change_rate_ts_band20_80==1&reg_atr_change_rate_ts_band25_75==1&reg_atr_change_rate_ts_top50==0&reg_atr_change_rate_ts_top60==0&reg_atr_change_rate_ts_top80==0&reg_ema20_gt_ema50_raw==0),5dc362089804,0,42,16,reg_atr_change_rate_ts_top60,regime,atr_change_rate,volatility,0
(*)|(*)|(reg_atr_change_rate_ts_band20_80==1&reg_atr_change_rate_ts_band25_75==1&reg_atr_change_rate_ts_top50==0&reg_atr_change_rate_ts_top60==0&reg_atr_change_rate_ts_top80==0&reg_ema20_gt_ema50_raw==0),5dc362089804,0,42,30,reg_atr_change_rate_ts_band25_75,regime,atr_change_rate,volatility,1
(*)|(*)|(reg_atr_change_rate_ts_band20_80==1&reg_atr_change_rate_ts_band25_75==1&reg_atr_change_rate_ts_top50==0&reg_atr_change_rate_ts_top60==0&reg_atr_change_rate_ts_top80==0&reg_ema20_gt_ema50_raw==0),5dc362089804,0,42,12,reg_atr_change_rate_ts_top50,regime,atr_change_rate,volatility,0
(*)|(*)|(reg_atr_change_rate_ts_band20_80==1&reg_atr_change_rate_ts_band25_75==1&reg_atr_change_rate_ts_top50==1&reg_atr_change_rate_ts_top60==0&reg_atr_change_rate_ts_top80==0&reg_ema20_gt_ema50_raw==0),38a088e12adb,0,42,324,reg_ema20_gt_ema50_raw,regime,ema20_gt_ema50,trend,0
(*)|(*)|(reg_atr_change_rate_ts_band20_80==1&reg_atr_change_rate_ts_band25_75==1&reg_atr_change_rate_ts_top50==1&reg_atr_change_rate_ts_top60==0&reg_atr_change_rate_ts_top80==0&reg_ema20_gt_ema50_raw==0),38a088e12adb,0,42,24,reg_atr_change_rate_ts_top80,regime,atr_change_rate,volatility,0
(*)|(*)|(reg_atr_change_rate_ts_band20_80==1&reg_atr_change_rate_ts_band25_75==1&reg_atr_change_rate_ts_top50==1&reg_atr_change_rate_ts_top60==0&reg_atr_change_rate_ts_top80==0&reg_ema20_gt_ema50_raw==0),38a088e12adb,0,42,28,reg_atr_change_rate_ts_band20_80,regime,atr_change_rate,volatility,1
(*)|(*)|(reg_atr_change_rate_ts_band20_80==1&reg_atr_change_rate_ts_band25_75==1&reg_atr_change_rate_ts_top50==1&reg_atr_change_rate_ts_top60==0&reg_atr_change_rate_ts_top80==0&reg_ema20_gt_ema50_raw==0),38a088e12adb,0,42,16,reg_atr_change_rate_ts_top60,regime,atr_change_rate,volatility,0
(*)|(*)|(reg_atr_change_rate_ts_band20_80==1&reg_atr_change_rate_ts_band25_75==1&reg_atr_change_rate_ts_top50==1&reg_atr_change_rate_ts_top60==0&reg_atr_change_rate_ts_top80==0&reg_ema20_gt_ema50_raw==0),38a088e12adb,0,42,30,reg_atr_change_rate_ts_band25_75,regime,atr_change_rate,volatility,1
(*)|(*)|(reg_atr_change_rate_ts_band20_80==1&reg_atr_change_rate_ts_band25_75==1&reg_atr_change_rate_ts_top50==1&reg_atr_change_rate_ts_top60==0&reg_atr_change_rate_ts_top80==0&reg_ema20_gt_ema50_raw==0),38a088e12adb,0,42,12,reg_atr_change_rate_ts_top50,regime,atr_change_rate,volatility,1
(*)|(*)|(reg_atr_change_rate_ts_band20_80==1&reg_atr_change_rate_ts_band30_70==0&reg_atr_change_rate_ts_top60==1&reg_atr_change_rate_ts_top80==0&reg_ema20_gt_ema50_raw==0),9b9ba67f1b52,0,42,324,reg_ema20_gt_ema50_raw,regime,ema20_gt_ema50,trend,0
(*)|(*)|(reg_atr_change_rate_ts_band20_80==1&reg_atr_change_rate_ts_band30_70==0&reg_atr_change_rate_ts_top60==1&reg_atr_change_rate_ts_top80==0&reg_ema20_gt_ema50_raw==0),9b9ba67f1b52,0,42,24,reg_atr_change_rate_ts_top80,regime,atr_change_rate,volatility,0
(*)|(*)|(reg_atr_change_rate_ts_band20_80==1&reg_atr_change_rate_ts_band30_70==0&reg_atr_change_rate_ts_top60==1&reg_atr_change_rate_ts_top80==0&reg_ema20_gt_ema50_raw==0),9b9ba67f1b52,0,42,28,reg_atr_change_rate_ts_band20_80,regime,atr_change_rate,volatility,1
(*)|(*)|(reg_atr_change_rate_ts_band20_80==1&reg_atr_change_rate_ts_band30_70==0&reg_atr_change_rate_ts_top60==1&reg_atr_change_rate_ts_top80==0&reg_ema20_gt_ema50_raw==0),9b9ba67f1b52,0,42,16,reg_atr_change_rate_ts_top60,regime,atr_change_rate,volatility,1
(*)|(*)|(reg_atr_change_rate_ts_band20_80==1&reg_atr_change_rate_ts_band30_70==0&reg_atr_change_rate_ts_top60==1&reg_atr_change_rate_ts_top80==0&reg_ema20_gt_ema50_raw==0),9b9ba67f1b52,0,42,32,reg_atr_change_rate_ts_band30_70,regime,atr_change_rate,volatility,0
(*)|(*)|(reg_atr_change_rate_ts_band20_80==1&reg_atr_change_rate_ts_band30_70==1&reg_atr_change_rate_ts_top60==1&reg_atr_change_rate_ts_top80==0&reg_ema20_gt_ema50_raw==0),05d3a566339f,0,42,324,reg_ema20_gt_ema50_raw,regime,ema20_gt_ema50,trend,0
(*)|(*)|(reg_atr_change_rate_ts_band20_80==1&reg_atr_change_rate_ts_band30_70==1&reg_atr_change_rate_ts_top60==1&reg_atr_change_rate_ts_top80==0&reg_ema20_gt_ema50_raw==0),05d3a566339f,0,42,24,reg_atr_change_rate_ts_top80,regime,atr_change_rate,volatility,0
(*)|(*)|(reg_atr_change_rate_ts_band20_80==1&reg_atr_change_rate_ts_band30_70==1&reg_atr_change_rate_ts_top60==1&reg_atr_change_rate_ts_top80==0&reg_ema20_gt_ema50_raw==0),05d3a566339f,0,42,28,reg_atr_change_rate_ts_band20_80,regime,atr_change_rate,volatility,1
(*)|(*)|(reg_atr_change_rate_ts_band20_80==1&reg_atr_change_rate_ts_band30_70==1&reg_atr_change_rate_ts_top60==1&reg_atr_change_rate_ts_top80==0&reg_ema20_gt_ema50_raw==0),05d3a566339f,0,42,16,reg_atr_change_rate_ts_top60,regime,atr_change_rate,volatility,1
(*)|(*)|(reg_atr_change_rate_ts_band20_80==1&reg_atr_change_rate_ts_band30_70==1&reg_atr_change_rate_ts_top60==1&reg_atr_change_rate_ts_top80==0&reg_ema20_gt_ema50_raw==0),05d3a566339f,0,42,32,reg_atr_change_rate_ts_band30_70,regime,atr_change_rate,volatility,1
(*)|(*)|(reg_atr_change_rate_ts_top80==1&reg_ema20_gt_ema50_raw==0),b90004247e35,0,42,324,reg_ema20_gt_ema50_raw,regime,ema20_gt_ema50,trend,0
(*)|(*)|(reg_atr_change_rate_ts_top80==1&reg_ema20_gt_ema50_raw==0),b90004247e35,0,42,24,reg_atr_change_rate_ts_top80,regime,atr_change_rate,volatility,1
(*)|(*)|(reg_atr_change_rate_ts_top80==0&reg_ema20_gt_ema50_raw==1),b3b14a3ed4c1,0,42,324,reg_ema20_gt_ema50_raw,regime,ema20_gt_ema50,trend,1
(*)|(*)|(reg_atr_change_rate_ts_top80==0&reg_ema20_gt_ema50_raw==1),b3b14a3ed4c1,0,42,24,reg_atr_change_rate_ts_top80,regime,atr_change_rate,volatility,0
(*)|(*)|(reg_atr_change_rate_ts_top80==1&reg_ema20_gt_ema50_raw==1),b5a425e7ea20,0,42,324,reg_ema20_gt_ema50_raw,regime,ema20_gt_ema50,trend,1
(*)|(*)|(reg_atr_change_rate_ts_top80==1&reg_ema20_gt_ema50_raw==1),b5a425e7ea20,0,42,24,reg_atr_change_rate_ts_top80,regime,atr_change_rate,volatility,1
(*)|(loc_dist_ema20_atr_ts_top80==0)|(reg_atr_change_rate_ts_band20_80==1&reg_atr_change_rate_ts_band25_75==0&reg_atr_change_rate_ts_top50==0&reg_ema20_gt_ema50_raw==0),fe5ad76cdbe2,0,42,324,reg_ema20_gt_ema50_raw,regime,ema20_gt_ema50,trend,0
(*)|(loc_dist_ema20_atr_ts_top80==0)|(reg_atr_change_rate_ts_band20_80==1&reg_atr_change_rate_ts_band25_75==0&reg_atr_change_rate_ts_top50==0&reg_ema20_gt_ema50_raw==0),fe5ad76cdbe2,0,42,28,reg_atr_change_rate_ts_band20_80,regime,atr_change_rate,volatility,1
(*)|(loc_dist_ema20_atr_ts_top80==0)|(reg_atr_change_rate_ts_band20_80==1&reg_atr_change_rate_ts_band25_75==0&reg_atr_change_rate_ts_top50==0&reg_ema20_gt_ema50_raw==0),fe5ad76cdbe2,0,42,12,reg_atr_change_rate_ts_top50,regime,atr_change_rate,volatility,0
(*)|(loc_dist_ema20_atr_ts_top80==0)|(reg_atr_change_rate_ts_band20_80==1&reg_atr_change_rate_ts_band25_75==0&reg_atr_change_rate_ts_top50==0&reg_ema20_gt_ema50_raw==0),fe5ad76cdbe2,0,42,30,reg_atr_change_rate_ts_band25_75,regime,atr_change_rate,volatility,0
(*)|(loc_dist_ema20_atr_ts_top80==0)|(reg_atr_change_rate_ts_band20_80==1&reg_atr_change_rate_ts_band25_75==0&reg_atr_change_rate_ts_top50==0&reg_ema20_gt_ema50_raw==0),fe5ad76cdbe2,0,42,25,loc_dist_ema20_atr_ts_top80,location,dist_ema20_atr,context,0
(*)|(loc_dist_ema20_atr_ts_top80==0)|(reg_atr_change_rate_ts_band20_80==1&reg_atr_change_rate_ts_band25_75==1&reg_atr_change_rate_ts_top50==0&reg_ema20_gt_ema50_raw==0),f5ee41db8ea3,0,42,324,reg_ema20_gt_ema50_raw,regime,ema20_gt_ema50,trend,0
(*)|(loc_dist_ema20_atr_ts_top80==0)|(reg_atr_change_rate_ts_band20_80==1&reg_atr_change_rate_ts_band25_75==1&reg_atr_change_rate_ts_top50==0&reg_ema20_gt_ema50_raw==0),f5ee41db8ea3,0,42,28,reg_atr_change_rate_ts_band20_80,regime,atr_change_rate,volatility,1
(*)|(loc_dist_ema20_atr_ts_top80==0)|(reg_atr_change_rate_ts_band20_80==1&reg_atr_change_rate_ts_band25_75==1&reg_atr_change_rate_ts_top50==0&reg_ema20_gt_ema50_raw==0),f5ee41db8ea3,0,42,12,reg_atr_change_rate_ts_top50,regime,atr_change_rate,volatility,0
(*)|(loc_dist_ema20_atr_ts_top80==0)|(reg_atr_change_rate_ts_band20_80==1&reg_atr_change_rate_ts_band25_75==1&reg_atr_change_rate_ts_top50==0&reg_ema20_gt_ema50_raw==0),f5ee41db8ea3,0,42,30,reg_atr_change_rate_ts_band25_75,regime,atr_change_rate,volatility,1
(*)|(loc_dist_ema20_atr_ts_top80==0)|(reg_atr_change_rate_ts_band20_80==1&reg_atr_change_rate_ts_band25_75==1&reg_atr_change_rate_ts_top50==0&reg_ema20_gt_ema50_raw==0),f5ee41db8ea3,0,42,25,loc_dist_ema20_atr_ts_top80,location,dist_ema20_atr,context,0
(*)|(loc_dist_ema20_atr_ts_top80==0)|(reg_atr_change_rate_ts_band20_80==1&reg_atr_change_rate_ts_top50==1&reg_ema20_gt_ema50_raw==0),370a5528cb2c,0,42,324,reg_ema20_gt_ema50_raw,regime,ema20_gt_ema50,trend,0
(*)|(loc_dist_ema20_atr_ts_top80==0)|(reg_atr_change_rate_ts_band20_80==1&reg_atr_change_rate_ts_top50==1&reg_ema20_gt_ema50_raw==0),370a5528cb2c,0,42,28,reg_atr_change_rate_ts_band20_80,regime,atr_change_rate,volatility,1
(*)|(loc_dist_ema20_atr_ts_top80==0)|(reg_atr_change_rate_ts_band20_80==1&reg_atr_change_rate_ts_top50==1&reg_ema20_gt_ema50_raw==0),370a5528cb2c,0,42,12,reg_atr_change_rate_ts_top50,regime,atr_change_rate,volatility,1
(*)|(loc_dist_ema20_atr_ts_top80==0)|(reg_atr_change_rate_ts_band20_80==1&reg_atr_change_rate_ts_top50==1&reg_ema20_gt_ema50_raw==0),370a5528cb2c,0,42,25,loc_dist_ema20_atr_ts_top80,location,dist_ema20_atr,context,0
(*)|(loc_dist_ema20_atr_ts_top80==1)|(reg_ema20_gt_ema50_raw==0),73148724f545,0,42,324,reg_ema20_gt_ema50_raw,regime,ema20_gt_ema50,trend,0
(*)|(loc_dist_ema20_atr_ts_top80==1)|(reg_ema20_gt_ema50_raw==0),73148724f545,0,42,25,loc_dist_ema20_atr_ts_top80,location,dist_ema20_atr,context,1
(*)|(*)|(reg_atr_change_rate_ts_band25_75==0&reg_ema20_gt_ema50_raw==1),320cb380ed4b,0,42,324,reg_ema20_gt_ema50_raw,regime,ema20_gt_ema50,trend,1
(*)|(*)|(reg_atr_change_rate_ts_band25_75==0&reg_ema20_gt_ema50_raw==1),320cb380ed4b,0,42,30,reg_atr_change_rate_ts_band25_75,regime,atr_change_rate,volatility,0
(*)|(*)|(reg_atr_change_rate_ts_band25_75==1&reg_ema20_gt_ema50_raw==1),1cd19c54fe61,0,42,324,reg_ema20_gt_ema50_raw,regime,ema20_gt_ema50,trend,1
(*)|(*)|(reg_atr_change_rate_ts_band25_75==1&reg_ema20_gt_ema50_raw==1),1cd19c54fe61,0,42,30,reg_atr_change_rate_ts_band25_75,regime,atr_change_rate,volatility,1
(*)|(*)|(reg_atr_change_rate_ts_top20==1&reg_atr_change_rate_ts_top30==0&reg_atr_compression_ratio_ts_band25_75==0&reg_ema20_gt_ema50_raw==0),1dd01660c4a9,0,42,324,reg_ema20_gt_ema50_raw,regime,ema20_gt_ema50,trend,0
(*)|(*)|(reg_atr_change_rate_ts_top20==1&reg_atr_change_rate_ts_top30==0&reg_atr_compression_ratio_ts_band25_75==0&reg_ema20_gt_ema50_raw==0),1dd01660c4a9,0,42,0,reg_atr_change_rate_ts_top20,regime,atr_change_rate,volatility,1
(*)|(*)|(reg_atr_change_rate_ts_top20==1&reg_atr_change_rate_ts_top30==0&reg_atr_compression_ratio_ts_band25_75==0&reg_ema20_gt_ema50_raw==0),1dd01660c4a9,0,42,66,reg_atr_compression_ratio_ts_band25_75,regime,atr_compression_ratio,volatility_term_structure,0
(*)|(*)|(reg_atr_change_rate_ts_top20==1&reg_atr_change_rate_ts_top30==0&reg_atr_compression_ratio_ts_band25_75==0&reg_ema20_gt_ema50_raw==0),1dd01660c4a9,0,42,4,reg_atr_change_rate_ts_top30,regime,atr_change_rate,volatility,0
(*)|(*)|(reg_atr_change_rate_ts_top20==1&reg_atr_change_rate_ts_top30==1&reg_atr_change_rate_ts_top80==0&reg_atr_compression_ratio_ts_band25_75==0&reg_ema20_gt_ema50_raw==0),c8f823d395f3,0,42,324,reg_ema20_gt_ema50_raw,regime,ema20_gt_ema50,trend,0
(*)|(*)|(reg_atr_change_rate_ts_top20==1&reg_atr_change_rate_ts_top30==1&reg_atr_change_rate_ts_top80==0&reg_atr_compression_ratio_ts_band25_75==0&reg_ema20_gt_ema50_raw==0),c8f823d395f3,0,42,0,reg_atr_change_rate_ts_top20,regime,atr_change_rate,volatility,1
(*)|(*)|(reg_atr_change_rate_ts_top20==1&reg_atr_change_rate_ts_top30==1&reg_atr_change_rate_ts_top80==0&reg_atr_compression_ratio_ts_band25_75==0&reg_ema20_gt_ema50_raw==0),c8f823d395f3,0,42,66,reg_atr_compression_ratio_ts_band25_75,regime,atr_compression_ratio,volatility_term_structure,0
(*)|(*)|(reg_atr_change_rate_ts_top20==1&reg_atr_change_rate_ts_top30==1&reg_atr_change_rate_ts_top80==0&reg_atr_compression_ratio_ts_band25_75==0&reg_ema20_gt_ema50_raw==0),c8f823d395f3,0,42,4,reg_atr_change_rate_ts_top30,regime,atr_change_rate,volatility,1
(*)|(*)|(reg_atr_change_rate_ts_top20==1&reg_atr_change_rate_ts_top30==1&reg_atr_change_rate_ts_top80==0&reg_atr_compression_ratio_ts_band25_75==0&reg_ema20_gt_ema50_raw==0),c8f823d395f3,0,42,24,reg_atr_change_rate_ts_top80,regime,atr_change_rate,volatility,0
(*)|(*)|(reg_atr_change_rate_ts_top20==1&reg_atr_change_rate_ts_top30==1&reg_atr_change_rate_ts_top80==1&reg_atr_compression_ratio_ts_band25_75==0&reg_ema20_gt_ema50_raw==0),2336f7752d5f,0,42,324,reg_ema20_gt_ema50_raw,regime,ema20_gt_ema50,trend,0
(*)|(*)|(reg_atr_change_rate_ts_top20==1&reg_atr_change_rate_ts_top30==1&reg_atr_change_rate_ts_top80==1&reg_atr_compression_ratio_ts_band25_75==0&reg_ema20_gt_ema50_raw==0),2336f7752d5f,0,42,0,reg_atr_change_rate_ts_top20,regime,atr_change_rate,volatility,1
(*)|(*)|(reg_atr_change_rate_ts_top20==1&reg_atr_change_rate_ts_top30==1&reg_atr_change_rate_ts_top80==1&reg_atr_compression_ratio_ts_band25_75==0&reg_ema20_gt_ema50_raw==0),2336f7752d5f,0,42,66,reg_atr_compression_ratio_ts_band25_75,regime,atr_compression_ratio,volatility_term_structure,0
(*)|(*)|(reg_atr_change_rate_ts_top20==1&reg_atr_change_rate_ts_top30==1&reg_atr_change_rate_ts_top80==1&reg_atr_compression_ratio_ts_band25_75==0&reg_ema20_gt_ema50_raw==0),2336f7752d5f,0,42,4,reg_atr_change_rate_ts_top30,regime,atr_change_rate,volatility,1
(*)|(*)|(reg_atr_change_rate_ts_top20==1&reg_atr_change_rate_ts_top30==1&reg_atr_change_rate_ts_top80==1&reg_atr_compression_ratio_ts_band25_75==0&reg_ema20_gt_ema50_raw==0),2336f7752d5f,0,42,24,reg_atr_change_rate_ts_top80,regime,atr_change_rate,volatility,1
(*)|(*)|(reg_atr_change_rate_ts_top20==1&reg_atr_change_rate_ts_top50==0&reg_atr_compression_ratio_ts_band25_75==1&reg_ema20_gt_ema50_raw==0),02379f1803bd,0,42,324,reg_ema20_gt_ema50_raw,regime,ema20_gt_ema50,trend,0
(*)|(*)|(reg_atr_change_rate_ts_top20==1&reg_atr_change_rate_ts_top50==0&reg_atr_compression_ratio_ts_band25_75==1&reg_ema20_gt_ema50_raw==0),02379f1803bd,0,42,0,reg_atr_change_rate_ts_top20,regime,atr_change_rate,volatility,1
(*)|(*)|(reg_atr_change_rate_ts_top20==1&reg_atr_change_rate_ts_top50==0&reg_atr_compression_ratio_ts_band25_75==1&reg_ema20_gt_ema50_raw==0),02379f1803bd,0,42,66,reg_atr_compression_ratio_ts_band25_75,regime,atr_compression_ratio,volatility_term_structure,1
(*)|(*)|(reg_atr_change_rate_ts_top20==1&reg_atr_change_rate_ts_top50==0&reg_atr_compression_ratio_ts_band25_75==1&reg_ema20_gt_ema50_raw==0),02379f1803bd,0,42,12,reg_atr_change_rate_ts_top50,regime,atr_change_rate,volatility,0
(*)|(*)|(reg_atr_change_rate_ts_top20==1&reg_atr_change_rate_ts_top50==1&reg_atr_compression_ratio_ts_band25_75==1&reg_ema20_gt_ema50_raw==0),bda3a5543d82,0,42,324,reg_ema20_gt_ema50_raw,regime,ema20_gt_ema50,trend,0
(*)|(*)|(reg_atr_change_rate_ts_top20==1&reg_atr_change_rate_ts_top50==1&reg_atr_compression_ratio_ts_band25_75==1&reg_ema20_gt_ema50_raw==0),bda3a5543d82,0,42,0,reg_atr_change_rate_ts_top20,regime,atr_change_rate,volatility,1
(*)|(*)|(reg_atr_change_rate_ts_top20==1&reg_atr_change_rate_ts_top50==1&reg_atr_compression_ratio_ts_band25_75==1&reg_ema20_gt_ema50_raw==0),bda3a5543d82,0,42,66,reg_atr_compression_ratio_ts_band25_75,regime,atr_compression_ratio,volatility_term_structure,1
(*)|(*)|(reg_atr_change_rate_ts_top20==1&reg_atr_change_rate_ts_top50==1&reg_atr_compression_ratio_ts_band25_75==1&reg_ema20_gt_ema50_raw==0),bda3a5543d82,0,42,12,reg_atr_change_rate_ts_top50,regime,atr_change_rate,volatility,1
(*)|(*)|(reg_atr_change_rate_ts_top80==0&reg_ema20_gt_ema50_raw==1),ae49428eb3e2,0,42,324,reg_ema20_gt_ema50_raw,regime,ema20_gt_ema50,trend,1
(*)|(*)|(reg_atr_change_rate_ts_top80==0&reg_ema20_gt_ema50_raw==1),ae49428eb3e2,0,42,24,reg_atr_change_rate_ts_top80,regime,atr_change_rate,volatility,0
(*)|(*)|(reg_atr_change_rate_ts_top80==1&reg_ema20_gt_ema50_raw==1),0b8aecfe2151,0,42,324,reg_ema20_gt_ema50_raw,regime,ema20_gt_ema50,trend,1
(*)|(*)|(reg_atr_change_rate_ts_top80==1&reg_ema20_gt_ema50_raw==1),0b8aecfe2151,0,42,24,reg_atr_change_rate_ts_top80,regime,atr_change_rate,volatility,1
(*)|(*)|(reg_atr_change_rate_ts_band20_80==0&reg_atr_change_rate_ts_top30==1&reg_ema20_gt_ema50_raw==0),23dc8407493b,0,42,324,reg_ema20_gt_ema50_raw,regime,ema20_gt_ema50,trend,0
(*)|(*)|(reg_atr_change_rate_ts_band20_80==0&reg_atr_change_rate_ts_top30==1&reg_ema20_gt_ema50_raw==0),23dc8407493b,0,42,28,reg_atr_change_rate_ts_band20_80,regime,atr_change_rate,volatility,0
(*)|(*)|(reg_atr_change_rate_ts_band20_80==0&reg_atr_change_rate_ts_top30==1&reg_ema20_gt_ema50_raw==0),23dc8407493b,0,42,4,reg_atr_change_rate_ts_top30,regime,atr_change_rate,volatility,1
(*)|(loc_dist_ema20_atr_ts_bot60==0&loc_dist_ema20_atr_ts_top70==0)|(reg_atr_change_rate_ts_band20_80==1&reg_ema20_gt_ema50_raw==0),6ea1d6462ecb,0,42,324,reg_ema20_gt_ema50_raw,regime,ema20_gt_ema50,trend,0
(*)|(loc_dist_ema20_atr_ts_bot60==0&loc_dist_ema20_atr_ts_top70==0)|(reg_atr_change_rate_ts_band20_80==1&reg_ema20_gt_ema50_raw==0),6ea1d6462ecb,0,42,28,reg_atr_change_rate_ts_band20_80,regime,atr_change_rate,volatility,1
(*)|(loc_dist_ema20_atr_ts_bot60==0&loc_dist_ema20_atr_ts_top70==0)|(reg_atr_change_rate_ts_band20_80==1&reg_ema20_gt_ema50_raw==0),6ea1d6462ecb,0,42,19,loc_dist_ema20_atr_ts_bot60,location,dist_ema20_atr,context,0
(*)|(loc_dist_ema20_atr_ts_bot60==0&loc_dist_ema20_atr_ts_top70==0)|(reg_atr_change_rate_ts_band20_80==1&reg_ema20_gt_ema50_raw==0),6ea1d6462ecb,0,42,21,loc_dist_ema20_atr_ts_top70,location,dist_ema20_atr,context,0
(*)|(loc_dist_ema20_atr_ts_bot60==0&loc_dist_ema20_atr_ts_top70==1)|(reg_atr_change_rate_ts_band20_80==1&reg_ema20_gt_ema50_raw==0),cb0543f03808,0,42,324,reg_ema20_gt_ema50_raw,regime,ema20_gt_ema50,trend,0
(*)|(loc_dist_ema20_atr_ts_bot60==0&loc_dist_ema20_atr_ts_top70==1)|(reg_atr_change_rate_ts_band20_80==1&reg_ema20_gt_ema50_raw==0),cb0543f03808,0,42,28,reg_atr_change_rate_ts_band20_80,regime,atr_change_rate,volatility,1
(*)|(loc_dist_ema20_atr_ts_bot60==0&loc_dist_ema20_atr_ts_top70==1)|(reg_atr_change_rate_ts_band20_80==1&reg_ema20_gt_ema50_raw==0),cb0543f03808,0,42,19,loc_dist_ema20_atr_ts_bot60,location,dist_ema20_atr,context,0
(*)|(loc_dist_ema20_atr_ts_bot60==0&loc_dist_ema20_atr_ts_top70==1)|(reg_atr_change_rate_ts_band20_80==1&reg_ema20_gt_ema50_raw==0),cb0543f03808,0,42,21,loc_dist_ema20_atr_ts_top70,location,dist_ema20_atr,context,1
(*)|(loc_dist_ema20_atr_ts_bot60==1)|(reg_atr_change_rate_ts_band20_80==1&reg_atr_change_rate_ts_band25_75==0&reg_ema20_gt_ema50_raw==0),80739f89973b,0,42,324,reg_ema20_gt_ema50_raw,regime,ema20_gt_ema50,trend,0
(*)|(loc_dist_ema20_atr_ts_bot60==1)|(reg_atr_change_rate_ts_band20_80==1&reg_atr_change_rate_ts_band25_75==0&reg_ema20_gt_ema50_raw==0),80739f89973b,0,42,28,reg_atr_change_rate_ts_band20_80,regime,atr_change_rate,volatility,1
(*)|(loc_dist_ema20_atr_ts_bot60==1)|(reg_atr_change_rate_ts_band20_80==1&reg_atr_change_rate_ts_band25_75==0&reg_ema20_gt_ema50_raw==0),80739f89973b,0,42,30,reg_atr_change_rate_ts_band25_75,regime,atr_change_rate,volatility,0
(*)|(loc_dist_ema20_atr_ts_bot60==1)|(reg_atr_change_rate_ts_band20_80==1&reg_atr_change_rate_ts_band25_75==0&reg_ema20_gt_ema50_raw==0),80739f89973b,0,42,19,loc_dist_ema20_atr_ts_bot60,location,dist_ema20_atr,context,1
(*)|(loc_dist_ema20_atr_ts_bot60==1)|(reg_atr_change_rate_ts_band20_80==1&reg_atr_change_rate_ts_band25_75==1&reg_atr_change_rate_ts_top30==0&reg_atr_change_rate_ts_top40==0&reg_ema20_gt_ema50_raw==0),9baed838205d,0,42,324,reg_ema20_gt_ema50_raw,regime,ema20_gt_ema50,trend,0
(*)|(loc_dist_ema20_atr_ts_bot60==1)|(reg_atr_change_rate_ts_band20_80==1&reg_atr_change_rate_ts_band25_75==1&reg_atr_change_rate_ts_top30==0&reg_atr_change_rate_ts_top40==0&reg_ema20_gt_ema50_raw==0),9baed838205d,0,42,28,reg_atr_change_rate_ts_band20_80,regime,atr_change_rate,volatility,1
(*)|(loc_dist_ema20_atr_ts_bot60==1)|(reg_atr_change_rate_ts_band20_80==1&reg_atr_change_rate_ts_band25_75==1&reg_atr_change_rate_ts_top30==0&reg_atr_change_rate_ts_top40==0&reg_ema20_gt_ema50_raw==0),9baed838205d,0,42,30,reg_atr_change_rate_ts_band25_75,regime,atr_change_rate,volatility,1
(*)|(loc_dist_ema20_atr_ts_bot60==1)|(reg_atr_change_rate_ts_band20_80==1&reg_atr_change_rate_ts_band25_75==1&reg_atr_change_rate_ts_top30==0&reg_atr_change_rate_ts_top40==0&reg_ema20_gt_ema50_raw==0),9baed838205d,0,42,8,reg_atr_change_rate_ts_top40,regime,atr_change_rate,volatility,0
(*)|(loc_dist_ema20_atr_ts_bot60==1)|(reg_atr_change_rate_ts_band20_80==1&reg_atr_change_rate_ts_band25_75==1&reg_atr_change_rate_ts_top30==0&reg_atr_change_rate_ts_top40==0&reg_ema20_gt_ema50_raw==0),9baed838205d,0,42,4,reg_atr_change_rate_ts_top30,regime,atr_change_rate,volatility,0
(*)|(loc_dist_ema20_atr_ts_bot60==1)|(reg_atr_change_rate_ts_band20_80==1&reg_atr_change_rate_ts_band25_75==1&reg_atr_change_rate_ts_top30==0&reg_atr_change_rate_ts_top40==0&reg_ema20_gt_ema50_raw==0),9baed838205d,0,42,19,loc_dist_ema20_atr_ts_bot60,location,dist_ema20_atr,context,1
(*)|(loc_dist_ema20_atr_ts_bot60==1)|(reg_atr_change_rate_ts_band20_80==1&reg_atr_change_rate_ts_band25_75==1&reg_atr_change_rate_ts_top30==1&reg_atr_change_rate_ts_top40==0&reg_ema20_gt_ema50_raw==0),f67b3b8e1df1,0,42,324,reg_ema20_gt_ema50_raw,regime,ema20_gt_ema50,trend,0
(*)|(loc_dist_ema20_atr_ts_bot60==1)|(reg_atr_change_rate_ts_band20_80==1&reg_atr_change_rate_ts_band25_75==1&reg_atr_change_rate_ts_top30==1&reg_atr_change_rate_ts_top40==0&reg_ema20_gt_ema50_raw==0),f67b3b8e1df1,0,42,28,reg_atr_change_rate_ts_band20_80,regime,atr_change_rate,volatility,1
(*)|(loc_dist_ema20_atr_ts_bot60==1)|(reg_atr_change_rate_ts_band20_80==1&reg_atr_change_rate_ts_band25_75==1&reg_atr_change_rate_ts_top30==1&reg_atr_change_rate_ts_top40==0&reg_ema20_gt_ema50_raw==0),f67b3b8e1df1,0,42,30,reg_atr_change_rate_ts_band25_75,regime,atr_change_rate,volatility,1
(*)|(loc_dist_ema20_atr_ts_bot60==1)|(reg_atr_change_rate_ts_band20_80==1&reg_atr_change_rate_ts_band25_75==1&reg_atr_change_rate_ts_top30==1&reg_atr_change_rate_ts_top40==0&reg_ema20_gt_ema50_raw==0),f67b3b8e1df1,0,42,8,reg_atr_change_rate_ts_top40,regime,atr_change_rate,volatility,0
(*)|(loc_dist_ema20_atr_ts_bot60==1)|(reg_atr_change_rate_ts_band20_80==1&reg_atr_change_rate_ts_band25_75==1&reg_atr_change_rate_ts_top30==1&reg_atr_change_rate_ts_top40==0&reg_ema20_gt_ema50_raw==0),f67b3b8e1df1,0,42,4,reg_atr_change_rate_ts_top30,regime,atr_change_rate,volatility,1
(*)|(loc_dist_ema20_atr_ts_bot60==1)|(reg_atr_change_rate_ts_band20_80==1&reg_atr_change_rate_ts_band25_75==1&reg_atr_change_rate_ts_top30==1&reg_atr_change_rate_ts_top40==0&reg_ema20_gt_ema50_raw==0),f67b3b8e1df1,0,42,19,loc_dist_ema20_atr_ts_bot60,location,dist_ema20_atr,context,1
(*)|(loc_dist_ema20_atr_ts_bot60==1)|(reg_atr_change_rate_ts_band20_80==1&reg_atr_change_rate_ts_band25_75==1&reg_atr_change_rate_ts_top40==1&reg_ema20_gt_ema50_raw==0),5c4cb3ad8d98,0,42,324,reg_ema20_gt_ema50_raw,regime,ema20_gt_ema50,trend,0
(*)|(loc_dist_ema20_atr_ts_bot60==1)|(reg_atr_change_rate_ts_band20_80==1&reg_atr_change_rate_ts_band25_75==1&reg_atr_change_rate_ts_top40==1&reg_ema20_gt_ema50_raw==0),5c4cb3ad8d98,0,42,28,reg_atr_change_rate_ts_band20_80,regime,atr_change_rate,volatility,1
(*)|(loc_dist_ema20_atr_ts_bot60==1)|(reg_atr_change_rate_ts_band20_80==1&reg_atr_change_rate_ts_band25_75==1&reg_atr_change_rate_ts_top40==1&reg_ema20_gt_ema50_raw==0),5c4cb3ad8d98,0,42,30,reg_atr_change_rate_ts_band25_75,regime,atr_change_rate,volatility,1
(*)|(loc_dist_ema20_atr_ts_bot60==1)|(reg_atr_change_rate_ts_band20_80==1&reg_atr_change_rate_ts_band25_75==1&reg_atr_change_rate_ts_top40==1&reg_ema20_gt_ema50_raw==0),5c4cb3ad8d98,0,42,8,reg_atr_change_rate_ts_top40,regime,atr_change_rate,volatility,1
(*)|(loc_dist_ema20_atr_ts_bot60==1)|(reg_atr_change_rate_ts_band20_80==1&reg_atr_change_rate_ts_band25_75==1&reg_atr_change_rate_ts_top40==1&reg_ema20_gt_ema50_raw==0),5c4cb3ad8d98,0,42,19,loc_dist_ema20_atr_ts_bot60,location,dist_ema20_atr,context,1
(*)|(*)|(reg_atr_change_rate_ts_top80==0&reg_ema20_gt_ema50_raw==1),8a553c6bd4fc,0,42,324,reg_ema20_gt_ema50_raw,regime,ema20_gt_ema50,trend,1
(*)|(*)|(reg_atr_change_rate_ts_top80==0&reg_ema20_gt_ema50_raw==1),8a553c6bd4fc,0,42,24,reg_atr_change_rate_ts_top80,regime,atr_change_rate,volatility,0
(*)|(*)|(reg_atr_change_rate_ts_top80==1&reg_ema20_gt_ema50_raw==1),cac4d9a50f7d,0,42,324,reg_ema20_gt_ema50_raw,regime,ema20_gt_ema50,trend,1
(*)|(*)|(reg_atr_change_rate_ts_top80==1&reg_ema20_gt_ema50_raw==1),cac4d9a50f7d,0,42,24,reg_atr_change_rate_ts_top80,regime,atr_change_rate,volatility,1
(*)|(loc_dist_ema20_atr_ts_top20==1)|(reg_atr_change_rate_ts_band25_75==0&reg_atr_change_rate_ts_top30==0&reg_atr_change_rate_ts_top80==0&reg_ema20_gt_ema50_raw==0),54239f5e3921,0,42,324,reg_ema20_gt_ema50_raw,regime,ema20_gt_ema50,trend,0
(*)|(loc_dist_ema20_atr_ts_top20==1)|(reg_atr_change_rate_ts_band25_75==0&reg_atr_change_rate_ts_top30==0&reg_atr_change_rate_ts_top80==0&reg_ema20_gt_ema50_raw==0),54239f5e3921,0,42,30,reg_atr_change_rate_ts_band25_75,regime,atr_change_rate,volatility,0
(*)|(loc_dist_ema20_atr_ts_top20==1)|(reg_atr_change_rate_ts_band25_75==0&reg_atr_change_rate_ts_top30==0&reg_atr_change_rate_ts_top80==0&reg_ema20_gt_ema50_raw==0),54239f5e3921,0,42,24,reg_atr_change_rate_ts_top80,regime,atr_change_rate,volatility,0
(*)|(loc_dist_ema20_atr_ts_top20==1)|(reg_atr_change_rate_ts_band25_75==0&reg_atr_change_rate_ts_top30==0&reg_atr_change_rate_ts_top80==0&reg_ema20_gt_ema50_raw==0),54239f5e3921,0,42,4,reg_atr_change_rate_ts_top30,regime,atr_change_rate,volatility,0
(*)|(loc_dist_ema20_atr_ts_top20==1)|(reg_atr_change_rate_ts_band25_75==0&reg_atr_change_rate_ts_top30==0&reg_atr_change_rate_ts_top80==0&reg_ema20_gt_ema50_raw==0),54239f5e3921,0,42,1,loc_dist_ema20_atr_ts_top20,location,dist_ema20_atr,context,1
(*)|(loc_dist_ema20_atr_ts_top20==1)|(reg_atr_change_rate_ts_band25_75==0&reg_atr_change_rate_ts_top30==1&reg_atr_change_rate_ts_top80==0&reg_ema20_gt_ema50_raw==0),c81c755c8d12,0,42,324,reg_ema20_gt_ema50_raw,regime,ema20_gt_ema50,trend,0
(*)|(loc_dist_ema20_atr_ts_top20==1)|(reg_atr_change_rate_ts_band25_75==0&reg_atr_change_rate_ts_top30==1&reg_atr_change_rate_ts_top80==0&reg_ema20_gt_ema50_raw==0),c81c755c8d12,0,42,30,reg_atr_change_rate_ts_band25_75,regime,atr_change_rate,volatility,0
(*)|(loc_dist_ema20_atr_ts_top20==1)|(reg_atr_change_rate_ts_band25_75==0&reg_atr_change_rate_ts_top30==1&reg_atr_change_rate_ts_top80==0&reg_ema20_gt_ema50_raw==0),c81c755c8d12,0,42,24,reg_atr_change_rate_ts_top80,regime,atr_change_rate,volatility,0
(*)|(loc_dist_ema20_atr_ts_top20==1)|(reg_atr_change_rate_ts_band25_75==0&reg_atr_change_rate_ts_top30==1&reg_atr_change_rate_ts_top80==0&reg_ema20_gt_ema50_raw==0),c81c755c8d12,0,42,4,reg_atr_change_rate_ts_top30,regime,atr_change_rate,volatility,1
(*)|(loc_dist_ema20_atr_ts_top20==1)|(reg_atr_change_rate_ts_band25_75==0&reg_atr_change_rate_ts_top30==1&reg_atr_change_rate_ts_top80==0&reg_ema20_gt_ema50_raw==0),c81c755c8d12,0,42,1,loc_dist_ema20_atr_ts_top20,location,dist_ema20_atr,context,1
(*)|(loc_dist_ema20_atr_ts_top20==1)|(reg_atr_change_rate_ts_band25_75==0&reg_atr_change_rate_ts_top80==1&reg_ema20_gt_ema50_raw==0),3743519506af,0,42,324,reg_ema20_gt_ema50_raw,regime,ema20_gt_ema50,trend,0
(*)|(loc_dist_ema20_atr_ts_top20==1)|(reg_atr_change_rate_ts_band25_75==0&reg_atr_change_rate_ts_top80==1&reg_ema20_gt_ema50_raw==0),3743519506af,0,42,30,reg_atr_change_rate_ts_band25_75,regime,atr_change_rate,volatility,0
(*)|(loc_dist_ema20_atr_ts_top20==1)|(reg_atr_change_rate_ts_band25_75==0&reg_atr_change_rate_ts_top80==1&reg_ema20_gt_ema50_raw==0),3743519506af,0,42,24,reg_atr_change_rate_ts_top80,regime,atr_change_rate,volatility,1
(*)|(loc_dist_ema20_atr_ts_top20==1)|(reg_atr_change_rate_ts_band25_75==0&reg_atr_change_rate_ts_top80==1&reg_ema20_gt_ema50_raw==0),3743519506af,0,42,1,loc_dist_ema20_atr_ts_top20,location,dist_ema20_atr,context,1
(*)|(loc_dist_ema20_atr_ts_top20==1)|(reg_atr_change_rate_ts_band25_75==1&reg_ema20_gt_ema50_raw==0),8b28a5bbd033,0,42,324,reg_ema20_gt_ema50_raw,regime,ema20_gt_ema50,trend,0
(*)|(loc_dist_ema20_atr_ts_top20==1)|(reg_atr_change_rate_ts_band25_75==1&reg_ema20_gt_ema50_raw==0),8b28a5bbd033,0,42,30,reg_atr_change_rate_ts_band25_75,regime,atr_change_rate,volatility,1
(*)|(loc_dist_ema20_atr_ts_top20==1)|(reg_atr_change_rate_ts_band25_75==1&reg_ema20_gt_ema50_raw==0),8b28a5bbd033,0,42,1,loc_dist_ema20_atr_ts_top20,location,dist_ema20_atr,context,1
(*)|(*)|(reg_atr_change_rate_ts_top80==0&reg_ema20_gt_ema50_raw==1),a8ddef2f6aa8,0,42,324,reg_ema20_gt_ema50_raw,regime,ema20_gt_ema50,trend,1
(*)|(*)|(reg_atr_change_rate_ts_top80==0&reg_ema20_gt_ema50_raw==1),a8ddef2f6aa8,0,42,24,reg_atr_change_rate_ts_top80,regime,atr_change_rate,volatility,0
(*)|(*)|(reg_atr_change_rate_ts_top80==1&reg_ema20_gt_ema50_raw==1),fb96fa6b037f,0,42,324,reg_ema20_gt_ema50_raw,regime,ema20_gt_ema50,trend,1
(*)|(*)|(reg_atr_change_rate_ts_top80==1&reg_ema20_gt_ema50_raw==1),fb96fa6b037f,0,42,24,reg_atr_change_rate_ts_top80,regime,atr_change_rate,volatility,1
(*)|(*)|(reg_atr_change_rate_ts_top20==1&reg_atr_change_rate_ts_top30==0&reg_atr_change_rate_ts_top40==0&reg_atr_change_rate_ts_top50==0&reg_ema50_gt_ema200_raw==0),f1b9c2c41ba1,0,42,398,reg_ema50_gt_ema200_raw,regime,ema50_gt_ema200,trend,0
(*)|(*)|(reg_atr_change_rate_ts_top20==1&reg_atr_change_rate_ts_top30==0&reg_atr_change_rate_ts_top40==0&reg_atr_change_rate_ts_top50==0&reg_ema50_gt_ema200_raw==0),f1b9c2c41ba1,0,42,0,reg_atr_change_rate_ts_top20,regime,atr_change_rate,volatility,1
(*)|(*)|(reg_atr_change_rate_ts_top20==1&reg_atr_change_rate_ts_top30==0&reg_atr_change_rate_ts_top40==0&reg_atr_change_rate_ts_top50==0&reg_ema50_gt_ema200_raw==0),f1b9c2c41ba1,0,42,12,reg_atr_change_rate_ts_top50,regime,atr_change_rate,volatility,0
(*)|(*)|(reg_atr_change_rate_ts_top20==1&reg_atr_change_rate_ts_top30==0&reg_atr_change_rate_ts_top40==0&reg_atr_change_rate_ts_top50==0&reg_ema50_gt_ema200_raw==0),f1b9c2c41ba1,0,42,8,reg_atr_change_rate_ts_top40,regime,atr_change_rate,volatility,0
(*)|(*)|(reg_atr_change_rate_ts_top20==1&reg_atr_change_rate_ts_top30==0&reg_atr_change_rate_ts_top40==0&reg_atr_change_rate_ts_top50==0&reg_ema50_gt_ema200_raw==0),f1b9c2c41ba1,0,42,4,reg_atr_change_rate_ts_top30,regime,atr_change_rate,volatility,0
(*)|(*)|(reg_atr_change_rate_ts_top20==1&reg_atr_change_rate_ts_top30==1&reg_atr_change_rate_ts_top40==0&reg_atr_change_rate_ts_top50==0&reg_ema50_gt_ema200_raw==0),2941a36200ad,0,42,398,reg_ema50_gt_ema200_raw,regime,ema50_gt_ema200,trend,0
(*)|(*)|(reg_atr_change_rate_ts_top20==1&reg_atr_change_rate_ts_top30==1&reg_atr_change_rate_ts_top40==0&reg_atr_change_rate_ts_top50==0&reg_ema50_gt_ema200_raw==0),2941a36200ad,0,42,0,reg_atr_change_rate_ts_top20,regime,atr_change_rate,volatility,1
(*)|(*)|(reg_atr_change_rate_ts_top20==1&reg_atr_change_rate_ts_top30==1&reg_atr_change_rate_ts_top40==0&reg_atr_change_rate_ts_top50==0&reg_ema50_gt_ema200_raw==0),2941a36200ad,0,42,12,reg_atr_change_rate_ts_top50,regime,atr_change_rate,volatility,0
(*)|(*)|(reg_atr_change_rate_ts_top20==1&reg_atr_change_rate_ts_top30==1&reg_atr_change_rate_ts_top40==0&reg_atr_change_rate_ts_top50==0&reg_ema50_gt_ema200_raw==0),2941a36200ad,0,42,8,reg_atr_change_rate_ts_top40,regime,atr_change_rate,volatility,0
(*)|(*)|(reg_atr_change_rate_ts_top20==1&reg_atr_change_rate_ts_top30==1&reg_atr_change_rate_ts_top40==0&reg_atr_change_rate_ts_top50==0&reg_ema50_gt_ema200_raw==0),2941a36200ad,0,42,4,reg_atr_change_rate_ts_top30,regime,atr_change_rate,volatility,1
(*)|(*)|(reg_atr_change_rate_ts_top20==1&reg_atr_change_rate_ts_top40==1&reg_atr_change_rate_ts_top50==0&reg_ema50_gt_ema200_raw==0),a64123ae7b6d,0,42,398,reg_ema50_gt_ema200_raw,regime,ema50_gt_ema200,trend,0
(*)|(*)|(reg_atr_change_rate_ts_top20==1&reg_atr_change_rate_ts_top40==1&reg_atr_change_rate_ts_top50==0&reg_ema50_gt_ema200_raw==0),a64123ae7b6d,0,42,0,reg_atr_change_rate_ts_top20,regime,atr_change_rate,volatility,1
(*)|(*)|(reg_atr_change_rate_ts_top20==1&reg_atr_change_rate_ts_top40==1&reg_atr_change_rate_ts_top50==0&reg_ema50_gt_ema200_raw==0),a64123ae7b6d,0,42,12,reg_atr_change_rate_ts_top50,regime,atr_change_rate,volatility,0
(*)|(*)|(reg_atr_change_rate_ts_top20==1&reg_atr_change_rate_ts_top40==1&reg_atr_change_rate_ts_top50==0&reg_ema50_gt_ema200_raw==0),a64123ae7b6d,0,42,8,reg_atr_change_rate_ts_top40,regime,atr_change_rate,volatility,1
(*)|(*)|(reg_atr_change_rate_ts_top20==1&reg_atr_change_rate_ts_top50==1&reg_atr_change_rate_ts_top80==0&reg_ema50_gt_ema200_raw==0),da6ac632645a,0,42,398,reg_ema50_gt_ema200_raw,regime,ema50_gt_ema200,trend,0
(*)|(*)|(reg_atr_change_rate_ts_top20==1&reg_atr_change_rate_ts_top50==1&reg_atr_change_rate_ts_top80==0&reg_ema50_gt_ema200_raw==0),da6ac632645a,0,42,0,reg_atr_change_rate_ts_top20,regime,atr_change_rate,volatility,1
(*)|(*)|(reg_atr_change_rate_ts_top20==1&reg_atr_change_rate_ts_top50==1&reg_atr_change_rate_ts_top80==0&reg_ema50_gt_ema200_raw==0),da6ac632645a,0,42,12,reg_atr_change_rate_ts_top50,regime,atr_change_rate,volatility,1
(*)|(*)|(reg_atr_change_rate_ts_top20==1&reg_atr_change_rate_ts_top50==1&reg_atr_change_rate_ts_top80==0&reg_ema50_gt_ema200_raw==0),da6ac632645a,0,42,24,reg_atr_change_rate_ts_top80,regime,atr_change_rate,volatility,0
(*)|(*)|(reg_atr_change_rate_ts_top20==1&reg_atr_change_rate_ts_top50==1&reg_atr_change_rate_ts_top80==1&reg_ema50_gt_ema200_raw==0),4f3b169b36a6,0,42,398,reg_ema50_gt_ema200_raw,regime,ema50_gt_ema200,trend,0
(*)|(*)|(reg_atr_change_rate_ts_top20==1&reg_atr_change_rate_ts_top50==1&reg_atr_change_rate_ts_top80==1&reg_ema50_gt_ema200_raw==0),4f3b169b36a6,0,42,0,reg_atr_change_rate_ts_top20,regime,atr_change_rate,volatility,1
(*)|(*)|(reg_atr_change_rate_ts_top20==1&reg_atr_change_rate_ts_top50==1&reg_atr_change_rate_ts_top80==1&reg_ema50_gt_ema200_raw==0),4f3b169b36a6,0,42,12,reg_atr_change_rate_ts_top50,regime,atr_change_rate,volatility,1
(*)|(*)|(reg_atr_change_rate_ts_top20==1&reg_atr_change_rate_ts_top50==1&reg_atr_change_rate_ts_top80==1&reg_ema50_gt_ema200_raw==0),4f3b169b36a6,0,42,24,reg_atr_change_rate_ts_top80,regime,atr_change_rate,volatility,1
(*)|(*)|(reg_atr_change_rate_ts_top80==0&reg_ema50_gt_ema200_raw==1),65a51790e6be,0,42,398,reg_ema50_gt_ema200_raw,regime,ema50_gt_ema200,trend,1
(*)|(*)|(reg_atr_change_rate_ts_top80==0&reg_ema50_gt_ema200_raw==1),65a51790e6be,0,42,24,reg_atr_change_rate_ts_top80,regime,atr_change_rate,volatility,0
(*)|(*)|(reg_atr_change_rate_ts_top80==1&reg_ema50_gt_ema200_raw==1),e36318946efb,0,42,398,reg_ema50_gt_ema200_raw,regime,ema50_gt_ema200,trend,1
(*)|(*)|(reg_atr_change_rate_ts_top80==1&reg_ema50_gt_ema200_raw==1),e36318946efb,0,42,24,reg_atr_change_rate_ts_top80,regime,atr_change_rate,volatility,1
(*)|(loc_dist_ema20_atr_ts_band40_60==0&loc_dist_ema20_atr_ts_top80==0)|(reg_atr_change_rate_ts_band20_80==1&reg_atr_change_rate_ts_band25_75==0&reg_atr_change_rate_ts_top30==0&reg_ema20_gt_ema50_raw==0),5eb62df4523d,0,42,324,reg_ema20_gt_ema50_raw,regime,ema20_gt_ema50,trend,0
(*)|(loc_dist_ema20_atr_ts_band40_60==0&loc_dist_ema20_atr_ts_top80==0)|(reg_atr_change_rate_ts_band20_80==1&reg_atr_change_rate_ts_band25_75==0&reg_atr_change_rate_ts_top30==0&reg_ema20_gt_ema50_raw==0),5eb62df4523d,0,42,28,reg_atr_change_rate_ts_band20_80,regime,atr_change_rate,volatility,1
(*)|(loc_dist_ema20_atr_ts_band40_60==0&loc_dist_ema20_atr_ts_top80==0)|(reg_atr_change_rate_ts_band20_80==1&reg_atr_change_rate_ts_band25_75==0&reg_atr_change_rate_ts_top30==0&reg_ema20_gt_ema50_raw==0),5eb62df4523d,0,42,30,reg_atr_change_rate_ts_band25_75,regime,atr_change_rate,volatility,0
(*)|(loc_dist_ema20_atr_ts_band40_60==0&loc_dist_ema20_atr_ts_top80==0)|(reg_atr_change_rate_ts_band20_80==1&reg_atr_change_rate_ts_band25_75==0&reg_atr_change_rate_ts_top30==0&reg_ema20_gt_ema50_raw==0),5eb62df4523d,0,42,4,reg_atr_change_rate_ts_top30,regime,atr_change_rate,volatility,0
(*)|(loc_dist_ema20_atr_ts_band40_60==0&loc_dist_ema20_atr_ts_top80==0)|(reg_atr_change_rate_ts_band20_80==1&reg_atr_change_rate_ts_band25_75==0&reg_atr_change_rate_ts_top30==0&reg_ema20_gt_ema50_raw==0),5eb62df4523d,0,42,35,loc_dist_ema20_atr_ts_band40_60,location,dist_ema20_atr,context,0
(*)|(loc_dist_ema20_atr_ts_band40_60==0&loc_dist_ema20_atr_ts_top80==0)|(reg_atr_change_rate_ts_band20_80==1&reg_atr_change_rate_ts_band25_75==0&reg_atr_change_rate_ts_top30==0&reg_ema20_gt_ema50_raw==0),5eb62df4523d,0,42,25,loc_dist_ema20_atr_ts_top80,location,dist_ema20_atr,context,0
(*)|(loc_dist_ema20_atr_ts_band40_60==0&loc_dist_ema20_atr_ts_top80==0)|(reg_atr_change_rate_ts_band20_80==1&reg_atr_change_rate_ts_band25_75==0&reg_atr_change_rate_ts_top30==1&reg_ema20_gt_ema50_raw==0),7b1b0c4123ce,0,42,324,reg_ema20_gt_ema50_raw,regime,ema20_gt_ema50,trend,0
(*)|(loc_dist_ema20_atr_ts_band40_60==0&loc_dist_ema20_atr_ts_top80==0)|(reg_atr_change_rate_ts_band20_80==1&reg_atr_change_rate_ts_band25_75==0&reg_atr_change_rate_ts_top30==1&reg_ema20_gt_ema50_raw==0),7b1b0c4123ce,0,42,28,reg_atr_change_rate_ts_band20_80,regime,atr_change_rate,volatility,1
(*)|(loc_dist_ema20_atr_ts_band40_60==0&loc_dist_ema20_atr_ts_top80==0)|(reg_atr_change_rate_ts_band20_80==1&reg_atr_change_rate_ts_band25_75==0&reg_atr_change_rate_ts_top30==1&reg_ema20_gt_ema50_raw==0),7b1b0c4123ce,0,42,30,reg_atr_change_rate_ts_band25_75,regime,atr_change_rate,volatility,0
(*)|(loc_dist_ema20_atr_ts_band40_60==0&loc_dist_ema20_atr_ts_top80==0)|(reg_atr_change_rate_ts_band20_80==1&reg_atr_change_rate_ts_band25_75==0&reg_atr_change_rate_ts_top30==1&reg_ema20_gt_ema50_raw==0),7b1b0c4123ce,0,42,4,reg_atr_change_rate_ts_top30,regime,atr_change_rate,volatility,1
(*)|(loc_dist_ema20_atr_ts_band40_60==0&loc_dist_ema20_atr_ts_top80==0)|(reg_atr_change_rate_ts_band20_80==1&reg_atr_change_rate_ts_band25_75==0&reg_atr_change_rate_ts_top30==1&reg_ema20_gt_ema50_raw==0),7b1b0c4123ce,0,42,35,loc_dist_ema20_atr_ts_band40_60,location,dist_ema20_atr,context,0
(*)|(loc_dist_ema20_atr_ts_band40_60==0&loc_dist_ema20_atr_ts_top80==0)|(reg_atr_change_rate_ts_band20_80==1&reg_atr_change_rate_ts_band25_75==0&reg_atr_change_rate_ts_top30==1&reg_ema20_gt_ema50_raw==0),7b1b0c4123ce,0,42,25,loc_dist_ema20_atr_ts_top80,location,dist_ema20_atr,context,0
(*)|(loc_dist_ema20_atr_ts_band40_60==0&loc_dist_ema20_atr_ts_top80==0)|(reg_atr_change_rate_ts_band20_80==1&reg_atr_change_rate_ts_band25_75==1&reg_atr_change_rate_ts_top30==0&reg_ema20_gt_ema50_raw==0),bf1bfe43f089,0,42,324,reg_ema20_gt_ema50_raw,regime,ema20_gt_ema50,trend,0
(*)|(loc_dist_ema20_atr_ts_band40_60==0&loc_dist_ema20_atr_ts_top80==0)|(reg_atr_change_rate_ts_band20_80==1&reg_atr_change_rate_ts_band25_75==1&reg_atr_change_rate_ts_top30==0&reg_ema20_gt_ema50_raw==0),bf1bfe43f089,0,42,28,reg_atr_change_rate_ts_band20_80,regime,atr_change_rate,volatility,1
(*)|(loc_dist_ema20_atr_ts_band40_60==0&loc_dist_ema20_atr_ts_top80==0)|(reg_atr_change_rate_ts_band20_80==1&reg_atr_change_rate_ts_band25_75==1&reg_atr_change_rate_ts_top30==0&reg_ema20_gt_ema50_raw==0),bf1bfe43f089,0,42,30,reg_atr_change_rate_ts_band25_75,regime,atr_change_rate,volatility,1
(*)|(loc_dist_ema20_atr_ts_band40_60==0&loc_dist_ema20_atr_ts_top80==0)|(reg_atr_change_rate_ts_band20_80==1&reg_atr_change_rate_ts_band25_75==1&reg_atr_change_rate_ts_top30==0&reg_ema20_gt_ema50_raw==0),bf1bfe43f089,0,42,4,reg_atr_change_rate_ts_top30,regime,atr_change_rate,volatility,0
(*)|(loc_dist_ema20_atr_ts_band40_60==0&loc_dist_ema20_atr_ts_top80==0)|(reg_atr_change_rate_ts_band20_80==1&reg_atr_change_rate_ts_band25_75==1&reg_atr_change_rate_ts_top30==0&reg_ema20_gt_ema50_raw==0),bf1bfe43f089,0,42,35,loc_dist_ema20_atr_ts_band40_60,location,dist_ema20_atr,context,0
(*)|(loc_dist_ema20_atr_ts_band40_60==0&loc_dist_ema20_atr_ts_top80==0)|(reg_atr_change_rate_ts_band20_80==1&reg_atr_change_rate_ts_band25_75==1&reg_atr_change_rate_ts_top30==0&reg_ema20_gt_ema50_raw==0),bf1bfe43f089,0,42,25,loc_dist_ema20_atr_ts_top80,location,dist_ema20_atr,context,0
(*)|(loc_dist_ema20_atr_ts_band40_60==0&loc_dist_ema20_atr_ts_top80==0)|(reg_atr_change_rate_ts_band20_80==1&reg_atr_change_rate_ts_band25_75==1&reg_atr_change_rate_ts_top30==1&reg_ema20_gt_ema50_raw==0),fadb852678bf,0,42,324,reg_ema20_gt_ema50_raw,regime,ema20_gt_ema50,trend,0
(*)|(loc_dist_ema20_atr_ts_band40_60==0&loc_dist_ema20_atr_ts_top80==0)|(reg_atr_change_rate_ts_band20_80==1&reg_atr_change_rate_ts_band25_75==1&reg_atr_change_rate_ts_top30==1&reg_ema20_gt_ema50_raw==0),fadb852678bf,0,42,28,reg_atr_change_rate_ts_band20_80,regime,atr_change_rate,volatility,1
(*)|(loc_dist_ema20_atr_ts_band40_60==0&loc_dist_ema20_atr_ts_top80==0)|(reg_atr_change_rate_ts_band20_80==1&reg_atr_change_rate_ts_band25_75==1&reg_atr_change_rate_ts_top30==1&reg_ema20_gt_ema50_raw==0),fadb852678bf,0,42,30,reg_atr_change_rate_ts_band25_75,regime,atr_change_rate,volatility,1
(*)|(loc_dist_ema20_atr_ts_band40_60==0&loc_dist_ema20_atr_ts_top80==0)|(reg_atr_change_rate_ts_band20_80==1&reg_atr_change_rate_ts_band25_75==1&reg_atr_change_rate_ts_top30==1&reg_ema20_gt_ema50_raw==0),fadb852678bf,0,42,4,reg_atr_change_rate_ts_top30,regime,atr_change_rate,volatility,1
(*)|(loc_dist_ema20_atr_ts_band40_60==0&loc_dist_ema20_atr_ts_top80==0)|(reg_atr_change_rate_ts_band20_80==1&reg_atr_change_rate_ts_band25_75==1&reg_atr_change_rate_ts_top30==1&reg_ema20_gt_ema50_raw==0),fadb852678bf,0,42,35,loc_dist_ema20_atr_ts_band40_60,location,dist_ema20_atr,context,0
(*)|(loc_dist_ema20_atr_ts_band40_60==0&loc_dist_ema20_atr_ts_top80==0)|(reg_atr_change_rate_ts_band20_80==1&reg_atr_change_rate_ts_band25_75==1&reg_atr_change_rate_ts_top30==1&reg_ema20_gt_ema50_raw==0),fadb852678bf,0,42,25,loc_dist_ema20_atr_ts_top80,location,dist_ema20_atr,context,0
(*)|(loc_dist_ema20_atr_ts_band40_60==0&loc_dist_ema20_atr_ts_top80==1)|(reg_ema20_gt_ema50_raw==0),903d8dc56ddd,0,42,324,reg_ema20_gt_ema50_raw,regime,ema20_gt_ema50,trend,0
(*)|(loc_dist_ema20_atr_ts_band40_60==0&loc_dist_ema20_atr_ts_top80==1)|(reg_ema20_gt_ema50_raw==0),903d8dc56ddd,0,42,35,loc_dist_ema20_atr_ts_band40_60,location,dist_ema20_atr,context,0
(*)|(loc_dist_ema20_atr_ts_band40_60==0&loc_dist_ema20_atr_ts_top80==1)|(reg_ema20_gt_ema50_raw==0),903d8dc56ddd,0,42,25,loc_dist_ema20_atr_ts_top80,location,dist_ema20_atr,context,1
(*)|(loc_dist_ema20_atr_ts_band40_60==1)|(reg_ema20_gt_ema50_raw==0),3e8a4844f65b,0,42,324,reg_ema20_gt_ema50_raw,regime,ema20_gt_ema50,trend,0
(*)|(loc_dist_ema20_atr_ts_band40_60==1)|(reg_ema20_gt_ema50_raw==0),3e8a4844f65b,0,42,35,loc_dist_ema20_atr_ts_band40_60,location,dist_ema20_atr,context,1
(*)|(*)|(reg_ema20_gt_ema50_raw==1),46e623a0db10,0,42,324,reg_ema20_gt_ema50_raw,regime,ema20_gt_ema50,trend,1
(*)|(loc_dist_ema20_atr_ts_top30==1)|(reg_atr_change_rate_ts_band20_80==0&reg_ema20_gt_ema50_raw==0),a79592516e03,0,42,324,reg_ema20_gt_ema50_raw,regime,ema20_gt_ema50,trend,0
(*)|(loc_dist_ema20_atr_ts_top30==1)|(reg_atr_change_rate_ts_band20_80==0&reg_ema20_gt_ema50_raw==0),a79592516e03,0,42,28,reg_atr_change_rate_ts_band20_80,regime,atr_change_rate,volatility,0
(*)|(loc_dist_ema20_atr_ts_top30==1)|(reg_atr_change_rate_ts_band20_80==0&reg_ema20_gt_ema50_raw==0),a79592516e03,0,42,5,loc_dist_ema20_atr_ts_top30,location,dist_ema20_atr,context,1
(*)|(loc_dist_ema20_atr_ts_top50==0)|(reg_atr_change_rate_ts_band20_80==1&reg_atr_change_rate_ts_top40==0&reg_ema20_gt_ema50_raw==0),f98686d184d5,0,42,324,reg_ema20_gt_ema50_raw,regime,ema20_gt_ema50,trend,0
(*)|(loc_dist_ema20_atr_ts_top50==0)|(reg_atr_change_rate_ts_band20_80==1&reg_atr_change_rate_ts_top40==0&reg_ema20_gt_ema50_raw==0),f98686d184d5,0,42,28,reg_atr_change_rate_ts_band20_80,regime,atr_change_rate,volatility,1
(*)|(loc_dist_ema20_atr_ts_top50==0)|(reg_atr_change_rate_ts_band20_80==1&reg_atr_change_rate_ts_top40==0&reg_ema20_gt_ema50_raw==0),f98686d184d5,0,42,8,reg_atr_change_rate_ts_top40,regime,atr_change_rate,volatility,0
(*)|(loc_dist_ema20_atr_ts_top50==0)|(reg_atr_change_rate_ts_band20_80==1&reg_atr_change_rate_ts_top40==0&reg_ema20_gt_ema50_raw==0),f98686d184d5,0,42,13,loc_dist_ema20_atr_ts_top50,location,dist_ema20_atr,context,0
(*)|(loc_dist_ema20_atr_ts_top50==0)|(reg_atr_change_rate_ts_band20_80==1&reg_atr_change_rate_ts_top40==1&reg_ema20_gt_ema50_raw==0),0ad080c8d298,0,42,324,reg_ema20_gt_ema50_raw,regime,ema20_gt_ema50,trend,0
(*)|(loc_dist_ema20_atr_ts_top50==0)|(reg_atr_change_rate_ts_band20_80==1&reg_atr_change_rate_ts_top40==1&reg_ema20_gt_ema50_raw==0),0ad080c8d298,0,42,28,reg_atr_change_rate_ts_band20_80,regime,atr_change_rate,volatility,1
(*)|(loc_dist_ema20_atr_ts_top50==0)|(reg_atr_change_rate_ts_band20_80==1&reg_atr_change_rate_ts_top40==1&reg_ema20_gt_ema50_raw==0),0ad080c8d298,0,42,8,reg_atr_change_rate_ts_top40,regime,atr_change_rate,volatility,1
(*)|(loc_dist_ema20_atr_ts_top50==0)|(reg_atr_change_rate_ts_band20_80==1&reg_atr_change_rate_ts_top40==1&reg_ema20_gt_ema50_raw==0),0ad080c8d298,0,42,13,loc_dist_ema20_atr_ts_top50,location,dist_ema20_atr,context,0
(*)|(loc_dist_ema20_atr_ts_top50==1)|(reg_atr_change_rate_ts_band20_80==1&reg_atr_change_rate_ts_top70==0&reg_ema20_gt_ema50_raw==0),8368ac570bee,0,42,324,reg_ema20_gt_ema50_raw,regime,ema20_gt_ema50,trend,0
(*)|(loc_dist_ema20_atr_ts_top50==1)|(reg_atr_change_rate_ts_band20_80==1&reg_atr_change_rate_ts_top70==0&reg_ema20_gt_ema50_raw==0),8368ac570bee,0,42,28,reg_atr_change_rate_ts_band20_80,regime,atr_change_rate,volatility,1
(*)|(loc_dist_ema20_atr_ts_top50==1)|(reg_atr_change_rate_ts_band20_80==1&reg_atr_change_rate_ts_top70==0&reg_ema20_gt_ema50_raw==0),8368ac570bee,0,42,20,reg_atr_change_rate_ts_top70,regime,atr_change_rate,volatility,0
(*)|(loc_dist_ema20_atr_ts_top50==1)|(reg_atr_change_rate_ts_band20_80==1&reg_atr_change_rate_ts_top70==0&reg_ema20_gt_ema50_raw==0),8368ac570bee,0,42,13,loc_dist_ema20_atr_ts_top50,location,dist_ema20_atr,context,1
(*)|(loc_dist_ema20_atr_ts_top50==1)|(reg_atr_change_rate_ts_band20_80==1&reg_atr_change_rate_ts_top70==1&reg_ema20_gt_ema50_raw==0),dfbff54ca0b3,0,42,324,reg_ema20_gt_ema50_raw,regime,ema20_gt_ema50,trend,0
(*)|(loc_dist_ema20_atr_ts_top50==1)|(reg_atr_change_rate_ts_band20_80==1&reg_atr_change_rate_ts_top70==1&reg_ema20_gt_ema50_raw==0),dfbff54ca0b3,0,42,28,reg_atr_change_rate_ts_band20_80,regime,atr_change_rate,volatility,1
(*)|(loc_dist_ema20_atr_ts_top50==1)|(reg_atr_change_rate_ts_band20_80==1&reg_atr_change_rate_ts_top70==1&reg_ema20_gt_ema50_raw==0),dfbff54ca0b3,0,42,20,reg_atr_change_rate_ts_top70,regime,atr_change_rate,volatility,1
(*)|(loc_dist_ema20_atr_ts_top50==1)|(reg_atr_change_rate_ts_band20_80==1&reg_atr_change_rate_ts_top70==1&reg_ema20_gt_ema50_raw==0),dfbff54ca0b3,0,42,13,loc_dist_ema20_atr_ts_top50,location,dist_ema20_atr,context,1
(*)|(*)|(reg_atr_change_rate_ts_top80==0&reg_ema20_gt_ema50_raw==1),dd97bc4e888f,0,42,324,reg_ema20_gt_ema50_raw,regime,ema20_gt_ema50,trend,1
(*)|(*)|(reg_atr_change_rate_ts_top80==0&reg_ema20_gt_ema50_raw==1),dd97bc4e888f,0,42,24,reg_atr_change_rate_ts_top80,regime,atr_change_rate,volatility,0
(*)|(*)|(reg_atr_change_rate_ts_top80==1&reg_ema20_gt_ema50_raw==1),f936212e1662,0,42,324,reg_ema20_gt_ema50_raw,regime,ema20_gt_ema50,trend,1
(*)|(*)|(reg_atr_change_rate_ts_top80==1&reg_ema20_gt_ema50_raw==1),f936212e1662,0,42,24,reg_atr_change_rate_ts_top80,regime,atr_change_rate,volatility,1
(*)|(*)|(reg_atr_change_rate_ts_band25_75==0&reg_atr_change_rate_ts_top20==1&reg_atr_change_rate_ts_top60==0&reg_ema20_gt_ema50_raw==0),4ed5522c1615,0,42,324,reg_ema20_gt_ema50_raw,regime,ema20_gt_ema50,trend,0
(*)|(*)|(reg_atr_change_rate_ts_band25_75==0&reg_atr_change_rate_ts_top20==1&reg_atr_change_rate_ts_top60==0&reg_ema20_gt_ema50_raw==0),4ed5522c1615,0,42,0,reg_atr_change_rate_ts_top20,regime,atr_change_rate,volatility,1
(*)|(*)|(reg_atr_change_rate_ts_band25_75==0&reg_atr_change_rate_ts_top20==1&reg_atr_change_rate_ts_top60==0&reg_ema20_gt_ema50_raw==0),4ed5522c1615,0,42,16,reg_atr_change_rate_ts_top60,regime,atr_change_rate,volatility,0
(*)|(*)|(reg_atr_change_rate_ts_band25_75==0&reg_atr_change_rate_ts_top20==1&reg_atr_change_rate_ts_top60==0&reg_ema20_gt_ema50_raw==0),4ed5522c1615,0,42,30,reg_atr_change_rate_ts_band25_75,regime,atr_change_rate,volatility,0
(*)|(*)|(reg_atr_change_rate_ts_band25_75==1&reg_atr_change_rate_ts_band30_70==0&reg_atr_change_rate_ts_top20==1&reg_atr_change_rate_ts_top60==0&reg_ema20_gt_ema50_raw==0),92a58f731334,0,42,324,reg_ema20_gt_ema50_raw,regime,ema20_gt_ema50,trend,0
(*)|(*)|(reg_atr_change_rate_ts_band25_75==1&reg_atr_change_rate_ts_band30_70==0&reg_atr_change_rate_ts_top20==1&reg_atr_change_rate_ts_top60==0&reg_ema20_gt_ema50_raw==0),92a58f731334,0,42,0,reg_atr_change_rate_ts_top20,regime,atr_change_rate,volatility,1
(*)|(*)|(reg_atr_change_rate_ts_band25_75==1&reg_atr_change_rate_ts_band30_70==0&reg_atr_change_rate_ts_top20==1&reg_atr_change_rate_ts_top60==0&reg_ema20_gt_ema50_raw==0),92a58f731334,0,42,16,reg_atr_change_rate_ts_top60,regime,atr_change_rate,volatility,0
(*)|(*)|(reg_atr_change_rate_ts_band25_75==1&reg_atr_change_rate_ts_band30_70==0&reg_atr_change_rate_ts_top20==1&reg_atr_change_rate_ts_top60==0&reg_ema20_gt_ema50_raw==0),92a58f731334,0,42,30,reg_atr_change_rate_ts_band25_75,regime,atr_change_rate,volatility,1
(*)|(*)|(reg_atr_change_rate_ts_band25_75==1&reg_atr_change_rate_ts_band30_70==0&reg_atr_change_rate_ts_top20==1&reg_atr_change_rate_ts_top60==0&reg_ema20_gt_ema50_raw==0),92a58f731334,0,42,32,reg_atr_change_rate_ts_band30_70,regime,atr_change_rate,volatility,0
(*)|(*)|(reg_atr_change_rate_ts_band25_75==1&reg_atr_change_rate_ts_band30_70==1&reg_atr_change_rate_ts_top20==1&reg_atr_change_rate_ts_top60==0&reg_ema20_gt_ema50_raw==0),665dae1ffd94,0,42,324,reg_ema20_gt_ema50_raw,regime,ema20_gt_ema50,trend,0
(*)|(*)|(reg_atr_change_rate_ts_band25_75==1&reg_atr_change_rate_ts_band30_70==1&reg_atr_change_rate_ts_top20==1&reg_atr_change_rate_ts_top60==0&reg_ema20_gt_ema50_raw==0),665dae1ffd94,0,42,0,reg_atr_change_rate_ts_top20,regime,atr_change_rate,volatility,1
(*)|(*)|(reg_atr_change_rate_ts_band25_75==1&reg_atr_change_rate_ts_band30_70==1&reg_atr_change_rate_ts_top20==1&reg_atr_change_rate_ts_top60==0&reg_ema20_gt_ema50_raw==0),665dae1ffd94,0,42,16,reg_atr_change_rate_ts_top60,regime,atr_change_rate,volatility,0
(*)|(*)|(reg_atr_change_rate_ts_band25_75==1&reg_atr_change_rate_ts_band30_70==1&reg_atr_change_rate_ts_top20==1&reg_atr_change_rate_ts_top60==0&reg_ema20_gt_ema50_raw==0),665dae1ffd94,0,42,30,reg_atr_change_rate_ts_band25_75,regime,atr_change_rate,volatility,1
(*)|(*)|(reg_atr_change_rate_ts_band25_75==1&reg_atr_change_rate_ts_band30_70==1&reg_atr_change_rate_ts_top20==1&reg_atr_change_rate_ts_top60==0&reg_ema20_gt_ema50_raw==0),665dae1ffd94,0,42,32,reg_atr_change_rate_ts_band30_70,regime,atr_change_rate,volatility,1
(*)|(*)|(reg_atr_change_rate_ts_top20==1&reg_atr_change_rate_ts_top60==1&reg_atr_change_rate_ts_top80==0&reg_ema20_gt_ema50_raw==0),27b7fe90afd1,0,42,324,reg_ema20_gt_ema50_raw,regime,ema20_gt_ema50,trend,0
(*)|(*)|(reg_atr_change_rate_ts_top20==1&reg_atr_change_rate_ts_top60==1&reg_atr_change_rate_ts_top80==0&reg_ema20_gt_ema50_raw==0),27b7fe90afd1,0,42,0,reg_atr_change_rate_ts_top20,regime,atr_change_rate,volatility,1
(*)|(*)|(reg_atr_change_rate_ts_top20==1&reg_atr_change_rate_ts_top60==1&reg_atr_change_rate_ts_top80==0&reg_ema20_gt_ema50_raw==0),27b7fe90afd1,0,42,16,reg_atr_change_rate_ts_top60,regime,atr_change_rate,volatility,1
(*)|(*)|(reg_atr_change_rate_ts_top20==1&reg_atr_change_rate_ts_top60==1&reg_atr_change_rate_ts_top80==0&reg_ema20_gt_ema50_raw==0),27b7fe90afd1,0,42,24,reg_atr_change_rate_ts_top80,regime,atr_change_rate,volatility,0
(*)|(*)|(reg_atr_change_rate_ts_top20==1&reg_atr_change_rate_ts_top60==1&reg_atr_change_rate_ts_top80==1&reg_ema20_gt_ema50_raw==0),49a25caefab8,0,42,324,reg_ema20_gt_ema50_raw,regime,ema20_gt_ema50,trend,0
(*)|(*)|(reg_atr_change_rate_ts_top20==1&reg_atr_change_rate_ts_top60==1&reg_atr_change_rate_ts_top80==1&reg_ema20_gt_ema50_raw==0),49a25caefab8,0,42,0,reg_atr_change_rate_ts_top20,regime,atr_change_rate,volatility,1
(*)|(*)|(reg_atr_change_rate_ts_top20==1&reg_atr_change_rate_ts_top60==1&reg_atr_change_rate_ts_top80==1&reg_ema20_gt_ema50_raw==0),49a25caefab8,0,42,16,reg_atr_change_rate_ts_top60,regime,atr_change_rate,volatility,1
(*)|(*)|(reg_atr_change_rate_ts_top20==1&reg_atr_change_rate_ts_top60==1&reg_atr_change_rate_ts_top80==1&reg_ema20_gt_ema50_raw==0),49a25caefab8,0,42,24,reg_atr_change_rate_ts_top80,regime,atr_change_rate,volatility,1
(*)|(*)|(reg_atr_change_rate_ts_top80==0&reg_ema20_gt_ema50_raw==1),18aa4e17f1e0,0,42,324,reg_ema20_gt_ema50_raw,regime,ema20_gt_ema50,trend,1
(*)|(*)|(reg_atr_change_rate_ts_top80==0&reg_ema20_gt_ema50_raw==1),18aa4e17f1e0,0,42,24,reg_atr_change_rate_ts_top80,regime,atr_change_rate,volatility,0
(*)|(*)|(reg_atr_change_rate_ts_top80==1&reg_ema20_gt_ema50_raw==1),78843831007a,0,42,324,reg_ema20_gt_ema50_raw,regime,ema20_gt_ema50,trend,1
(*)|(*)|(reg_atr_change_rate_ts_top80==1&reg_ema20_gt_ema50_raw==1),78843831007a,0,42,24,reg_atr_change_rate_ts_top80,regime,atr_change_rate,volatility,1
(*)|(*)|(reg_atr_change_rate_ts_top20==1&reg_atr_change_rate_ts_top40==0&reg_atr_change_rate_ts_top50==0&reg_atr_change_rate_ts_top80==0&reg_price_lt_ema200_raw==0),0c9b83f5c5c2,0,42,472,reg_price_lt_ema200_raw,regime,price_lt_ema200,trend,0
(*)|(*)|(reg_atr_change_rate_ts_top20==1&reg_atr_change_rate_ts_top40==0&reg_atr_change_rate_ts_top50==0&reg_atr_change_rate_ts_top80==0&reg_price_lt_ema200_raw==0),0c9b83f5c5c2,0,42,24,reg_atr_change_rate_ts_top80,regime,atr_change_rate,volatility,0
(*)|(*)|(reg_atr_change_rate_ts_top20==1&reg_atr_change_rate_ts_top40==0&reg_atr_change_rate_ts_top50==0&reg_atr_change_rate_ts_top80==0&reg_price_lt_ema200_raw==0),0c9b83f5c5c2,0,42,12,reg_atr_change_rate_ts_top50,regime,atr_change_rate,volatility,0
(*)|(*)|(reg_atr_change_rate_ts_top20==1&reg_atr_change_rate_ts_top40==0&reg_atr_change_rate_ts_top50==0&reg_atr_change_rate_ts_top80==0&reg_price_lt_ema200_raw==0),0c9b83f5c5c2,0,42,0,reg_atr_change_rate_ts_top20,regime,atr_change_rate,volatility,1
(*)|(*)|(reg_atr_change_rate_ts_top20==1&reg_atr_change_rate_ts_top40==0&reg_atr_change_rate_ts_top50==0&reg_atr_change_rate_ts_top80==0&reg_price_lt_ema200_raw==0),0c9b83f5c5c2,0,42,8,reg_atr_change_rate_ts_top40,regime,atr_change_rate,volatility,0
(*)|(*)|(reg_atr_change_rate_ts_top20==1&reg_atr_change_rate_ts_top40==1&reg_atr_change_rate_ts_top50==0&reg_atr_change_rate_ts_top80==0&reg_price_lt_ema200_raw==0),57dfecd03736,0,42,472,reg_price_lt_ema200_raw,regime,price_lt_ema200,trend,0
(*)|(*)|(reg_atr_change_rate_ts_top20==1&reg_atr_change_rate_ts_top40==1&reg_atr_change_rate_ts_top50==0&reg_atr_change_rate_ts_top80==0&reg_price_lt_ema200_raw==0),57dfecd03736,0,42,24,reg_atr_change_rate_ts_top80,regime,atr_change_rate,volatility,0
(*)|(*)|(reg_atr_change_rate_ts_top20==1&reg_atr_change_rate_ts_top40==1&reg_atr_change_rate_ts_top50==0&reg_atr_change_rate_ts_top80==0&reg_price_lt_ema200_raw==0),57dfecd03736,0,42,12,reg_atr_change_rate_ts_top50,regime,atr_change_rate,volatility,0
(*)|(*)|(reg_atr_change_rate_ts_top20==1&reg_atr_change_rate_ts_top40==1&reg_atr_change_rate_ts_top50==0&reg_atr_change_rate_ts_top80==0&reg_price_lt_ema200_raw==0),57dfecd03736,0,42,0,reg_atr_change_rate_ts_top20,regime,atr_change_rate,volatility,1
(*)|(*)|(reg_atr_change_rate_ts_top20==1&reg_atr_change_rate_ts_top40==1&reg_atr_change_rate_ts_top50==0&reg_atr_change_rate_ts_top80==0&reg_price_lt_ema200_raw==0),57dfecd03736,0,42,8,reg_atr_change_rate_ts_top40,regime,atr_change_rate,volatility,1
(*)|(*)|(reg_atr_change_rate_ts_top50==1&reg_atr_change_rate_ts_top80==0&reg_price_lt_ema200_raw==0),628071519b53,0,42,472,reg_price_lt_ema200_raw,regime,price_lt_ema200,trend,0
(*)|(*)|(reg_atr_change_rate_ts_top50==1&reg_atr_change_rate_ts_top80==0&reg_price_lt_ema200_raw==0),628071519b53,0,42,24,reg_atr_change_rate_ts_top80,regime,atr_change_rate,volatility,0
(*)|(*)|(reg_atr_change_rate_ts_top50==1&reg_atr_change_rate_ts_top80==0&reg_price_lt_ema200_raw==0),628071519b53,0,42,12,reg_atr_change_rate_ts_top50,regime,atr_change_rate,volatility,1
(*)|(*)|(reg_atr_change_rate_ts_top80==1&reg_price_lt_ema200_raw==0),9da15a6a2dbc,0,42,472,reg_price_lt_ema200_raw,regime,price_lt_ema200,trend,0
(*)|(*)|(reg_atr_change_rate_ts_top80==1&reg_price_lt_ema200_raw==0),9da15a6a2dbc,0,42,24,reg_atr_change_rate_ts_top80,regime,atr_change_rate,volatility,1
(*)|(*)|(reg_atr_change_rate_ts_top80==0&reg_price_lt_ema200_raw==1),726f697a4dac,0,42,472,reg_price_lt_ema200_raw,regime,price_lt_ema200,trend,1
(*)|(*)|(reg_atr_change_rate_ts_top80==0&reg_price_lt_ema200_raw==1),726f697a4dac,0,42,24,reg_atr_change_rate_ts_top80,regime,atr_change_rate,volatility,0
(*)|(*)|(reg_atr_change_rate_ts_top80==1&reg_price_lt_ema200_raw==1),4200b1932c3c,0,42,472,reg_price_lt_ema200_raw,regime,price_lt_ema200,trend,1
(*)|(*)|(reg_atr_change_rate_ts_top80==1&reg_price_lt_ema200_raw==1),4200b1932c3c,0,42,24,reg_atr_change_rate_ts_top80,regime,atr_change_rate,volatility,1
(*)|(loc_dist_ema20_atr_ts_band25_75==0)|(reg_atr_change_rate_ts_top20==1&reg_atr_change_rate_ts_top30==0&reg_atr_change_rate_ts_top80==0&reg_ema20_gt_ema50_raw==0),481be16f33f6,0,42,324,reg_ema20_gt_ema50_raw,regime,ema20_gt_ema50,trend,0
(*)|(loc_dist_ema20_atr_ts_band25_75==0)|(reg_atr_change_rate_ts_top20==1&reg_atr_change_rate_ts_top30==0&reg_atr_change_rate_ts_top80==0&reg_ema20_gt_ema50_raw==0),481be16f33f6,0,42,0,reg_atr_change_rate_ts_top20,regime,atr_change_rate,volatility,1
(*)|(loc_dist_ema20_atr_ts_band25_75==0)|(reg_atr_change_rate_ts_top20==1&reg_atr_change_rate_ts_top30==0&reg_atr_change_rate_ts_top80==0&reg_ema20_gt_ema50_raw==0),481be16f33f6,0,42,24,reg_atr_change_rate_ts_top80,regime,atr_change_rate,volatility,0
(*)|(loc_dist_ema20_atr_ts_band25_75==0)|(reg_atr_change_rate_ts_top20==1&reg_atr_change_rate_ts_top30==0&reg_atr_change_rate_ts_top80==0&reg_ema20_gt_ema50_raw==0),481be16f33f6,0,42,4,reg_atr_change_rate_ts_top30,regime,atr_change_rate,volatility,0
(*)|(loc_dist_ema20_atr_ts_band25_75==0)|(reg_atr_change_rate_ts_top20==1&reg_atr_change_rate_ts_top30==0&reg_atr_change_rate_ts_top80==0&reg_ema20_gt_ema50_raw==0),481be16f33f6,0,42,31,loc_dist_ema20_atr_ts_band25_75,location,dist_ema20_atr,context,0
(*)|(loc_dist_ema20_atr_ts_band25_75==0)|(reg_atr_change_rate_ts_top20==1&reg_atr_change_rate_ts_top30==1&reg_atr_change_rate_ts_top80==0&reg_ema20_gt_ema50_raw==0),9d9c1f2be723,0,42,324,reg_ema20_gt_ema50_raw,regime,ema20_gt_ema50,trend,0
(*)|(loc_dist_ema20_atr_ts_band25_75==0)|(reg_atr_change_rate_ts_top20==1&reg_atr_change_rate_ts_top30==1&reg_atr_change_rate_ts_top80==0&reg_ema20_gt_ema50_raw==0),9d9c1f2be723,0,42,0,reg_atr_change_rate_ts_top20,regime,atr_change_rate,volatility,1
(*)|(loc_dist_ema20_atr_ts_band25_75==0)|(reg_atr_change_rate_ts_top20==1&reg_atr_change_rate_ts_top30==1&reg_atr_change_rate_ts_top80==0&reg_ema20_gt_ema50_raw==0),9d9c1f2be723,0,42,24,reg_atr_change_rate_ts_top80,regime,atr_change_rate,volatility,0
(*)|(loc_dist_ema20_atr_ts_band25_75==0)|(reg_atr_change_rate_ts_top20==1&reg_atr_change_rate_ts_top30==1&reg_atr_change_rate_ts_top80==0&reg_ema20_gt_ema50_raw==0),9d9c1f2be723,0,42,4,reg_atr_change_rate_ts_top30,regime,atr_change_rate,volatility,1
(*)|(loc_dist_ema20_atr_ts_band25_75==0)|(reg_atr_change_rate_ts_top20==1&reg_atr_change_rate_ts_top30==1&reg_atr_change_rate_ts_top80==0&reg_ema20_gt_ema50_raw==0),9d9c1f2be723,0,42,31,loc_dist_ema20_atr_ts_band25_75,location,dist_ema20_atr,context,0
(*)|(loc_dist_ema20_atr_ts_band25_75==0)|(reg_atr_change_rate_ts_top20==1&reg_atr_change_rate_ts_top80==1&reg_ema20_gt_ema50_raw==0),8df6adce2702,0,42,324,reg_ema20_gt_ema50_raw,regime,ema20_gt_ema50,trend,0
(*)|(loc_dist_ema20_atr_ts_band25_75==0)|(reg_atr_change_rate_ts_top20==1&reg_atr_change_rate_ts_top80==1&reg_ema20_gt_ema50_raw==0),8df6adce2702,0,42,0,reg_atr_change_rate_ts_top20,regime,atr_change_rate,volatility,1
(*)|(loc_dist_ema20_atr_ts_band25_75==0)|(reg_atr_change_rate_ts_top20==1&reg_atr_change_rate_ts_top80==1&reg_ema20_gt_ema50_raw==0),8df6adce2702,0,42,24,reg_atr_change_rate_ts_top80,regime,atr_change_rate,volatility,1
(*)|(loc_dist_ema20_atr_ts_band25_75==0)|(reg_atr_change_rate_ts_top20==1&reg_atr_change_rate_ts_top80==1&reg_ema20_gt_ema50_raw==0),8df6adce2702,0,42,31,loc_dist_ema20_atr_ts_band25_75,location,dist_ema20_atr,context,0
(*)|(loc_dist_ema20_atr_ts_band25_75==1)|(reg_atr_change_rate_ts_top20==1&reg_atr_change_rate_ts_top30==0&reg_atr_change_rate_ts_top60==0&reg_ema20_gt_ema50_raw==0),703d9652f7cf,0,42,324,reg_ema20_gt_ema50_raw,regime,ema20_gt_ema50,trend,0
(*)|(loc_dist_ema20_atr_ts_band25_75==1)|(reg_atr_change_rate_ts_top20==1&reg_atr_change_rate_ts_top30==0&reg_atr_change_rate_ts_top60==0&reg_ema20_gt_ema50_raw==0),703d9652f7cf,0,42,0,reg_atr_change_rate_ts_top20,regime,atr_change_rate,volatility,1
(*)|(loc_dist_ema20_atr_ts_band25_75==1)|(reg_atr_change_rate_ts_top20==1&reg_atr_change_rate_ts_top30==0&reg_atr_change_rate_ts_top60==0&reg_ema20_gt_ema50_raw==0),703d9652f7cf,0,42,16,reg_atr_change_rate_ts_top60,regime,atr_change_rate,volatility,0
(*)|(loc_dist_ema20_atr_ts_band25_75==1)|(reg_atr_change_rate_ts_top20==1&reg_atr_change_rate_ts_top30==0&reg_atr_change_rate_ts_top60==0&reg_ema20_gt_ema50_raw==0),703d9652f7cf,0,42,4,reg_atr_change_rate_ts_top30,regime,atr_change_rate,volatility,0
(*)|(loc_dist_ema20_atr_ts_band25_75==1)|(reg_atr_change_rate_ts_top20==1&reg_atr_change_rate_ts_top30==0&reg_atr_change_rate_ts_top60==0&reg_ema20_gt_ema50_raw==0),703d9652f7cf,0,42,31,loc_dist_ema20_atr_ts_band25_75,location,dist_ema20_atr,context,1
(*)|(loc_dist_ema20_atr_ts_band25_75==1)|(reg_atr_change_rate_ts_top20==1&reg_atr_change_rate_ts_top30==1&reg_atr_change_rate_ts_top50==0&reg_atr_change_rate_ts_top60==0&reg_ema20_gt_ema50_raw==0),323cd9a986c3,0,42,324,reg_ema20_gt_ema50_raw,regime,ema20_gt_ema50,trend,0
(*)|(loc_dist_ema20_atr_ts_band25_75==1)|(reg_atr_change_rate_ts_top20==1&reg_atr_change_rate_ts_top30==1&reg_atr_change_rate_ts_top50==0&reg_atr_change_rate_ts_top60==0&reg_ema20_gt_ema50_raw==0),323cd9a986c3,0,42,0,reg_atr_change_rate_ts_top20,regime,atr_change_rate,volatility,1
(*)|(loc_dist_ema20_atr_ts_band25_75==1)|(reg_atr_change_rate_ts_top20==1&reg_atr_change_rate_ts_top30==1&reg_atr_change_rate_ts_top50==0&reg_atr_change_rate_ts_top60==0&reg_ema20_gt_ema50_raw==0),323cd9a986c3,0,42,16,reg_atr_change_rate_ts_top60,regime,atr_change_rate,volatility,0
(*)|(loc_dist_ema20_atr_ts_band25_75==1)|(reg_atr_change_rate_ts_top20==1&reg_atr_change_rate_ts_top30==1&reg_atr_change_rate_ts_top50==0&reg_atr_change_rate_ts_top60==0&reg_ema20_gt_ema50_raw==0),323cd9a986c3,0,42,4,reg_atr_change_rate_ts_top30,regime,atr_change_rate,volatility,1
(*)|(loc_dist_ema20_atr_ts_band25_75==1)|(reg_atr_change_rate_ts_top20==1&reg_atr_change_rate_ts_top30==1&reg_atr_change_rate_ts_top50==0&reg_atr_change_rate_ts_top60==0&reg_ema20_gt_ema50_raw==0),323cd9a986c3,0,42,12,reg_atr_change_rate_ts_top50,regime,atr_change_rate,volatility,0
(*)|(loc_dist_ema20_atr_ts_band25_75==1)|(reg_atr_change_rate_ts_top20==1&reg_atr_change_rate_ts_top30==1&reg_atr_change_rate_ts_top50==0&reg_atr_change_rate_ts_top60==0&reg_ema20_gt_ema50_raw==0),323cd9a986c3,0,42,31,loc_dist_ema20_atr_ts_band25_75,location,dist_ema20_atr,context,1
(*)|(loc_dist_ema20_atr_ts_band25_75==1)|(reg_atr_change_rate_ts_top20==1&reg_atr_change_rate_ts_top30==1&reg_atr_change_rate_ts_top50==1&reg_atr_change_rate_ts_top60==0&reg_ema20_gt_ema50_raw==0),2560394edbbc,0,42,324,reg_ema20_gt_ema50_raw,regime,ema20_gt_ema50,trend,0
(*)|(loc_dist_ema20_atr_ts_band25_75==1)|(reg_atr_change_rate_ts_top20==1&reg_atr_change_rate_ts_top30==1&reg_atr_change_rate_ts_top50==1&reg_atr_change_rate_ts_top60==0&reg_ema20_gt_ema50_raw==0),2560394edbbc,0,42,0,reg_atr_change_rate_ts_top20,regime,atr_change_rate,volatility,1
(*)|(loc_dist_ema20_atr_ts_band25_75==1)|(reg_atr_change_rate_ts_top20==1&reg_atr_change_rate_ts_top30==1&reg_atr_change_rate_ts_top50==1&reg_atr_change_rate_ts_top60==0&reg_ema20_gt_ema50_raw==0),2560394edbbc,0,42,16,reg_atr_change_rate_ts_top60,regime,atr_change_rate,volatility,0
(*)|(loc_dist_ema20_atr_ts_band25_75==1)|(reg_atr_change_rate_ts_top20==1&reg_atr_change_rate_ts_top30==1&reg_atr_change_rate_ts_top50==1&reg_atr_change_rate_ts_top60==0&reg_ema20_gt_ema50_raw==0),2560394edbbc,0,42,4,reg_atr_change_rate_ts_top30,regime,atr_change_rate,volatility,1
(*)|(loc_dist_ema20_atr_ts_band25_75==1)|(reg_atr_change_rate_ts_top20==1&reg_atr_change_rate_ts_top30==1&reg_atr_change_rate_ts_top50==1&reg_atr_change_rate_ts_top60==0&reg_ema20_gt_ema50_raw==0),2560394edbbc,0,42,12,reg_atr_change_rate_ts_top50,regime,atr_change_rate,volatility,1
(*)|(loc_dist_ema20_atr_ts_band25_75==1)|(reg_atr_change_rate_ts_top20==1&reg_atr_change_rate_ts_top30==1&reg_atr_change_rate_ts_top50==1&reg_atr_change_rate_ts_top60==0&reg_ema20_gt_ema50_raw==0),2560394edbbc,0,42,31,loc_dist_ema20_atr_ts_band25_75,location,dist_ema20_atr,context,1
(*)|(loc_dist_ema20_atr_ts_band25_75==1)|(reg_atr_change_rate_ts_top20==1&reg_atr_change_rate_ts_top60==1&reg_ema20_gt_ema50_raw==0),e03fe42a6a87,0,42,324,reg_ema20_gt_ema50_raw,regime,ema20_gt_ema50,trend,0
(*)|(loc_dist_ema20_atr_ts_band25_75==1)|(reg_atr_change_rate_ts_top20==1&reg_atr_change_rate_ts_top60==1&reg_ema20_gt_ema50_raw==0),e03fe42a6a87,0,42,0,reg_atr_change_rate_ts_top20,regime,atr_change_rate,volatility,1
(*)|(loc_dist_ema20_atr_ts_band25_75==1)|(reg_atr_change_rate_ts_top20==1&reg_atr_change_rate_ts_top60==1&reg_ema20_gt_ema50_raw==0),e03fe42a6a87,0,42,16,reg_atr_change_rate_ts_top60,regime,atr_change_rate,volatility,1
(*)|(loc_dist_ema20_atr_ts_band25_75==1)|(reg_atr_change_rate_ts_top20==1&reg_atr_change_rate_ts_top60==1&reg_ema20_gt_ema50_raw==0),e03fe42a6a87,0,42,31,loc_dist_ema20_atr_ts_band25_75,location,dist_ema20_atr,context,1
(*)|(*)|(reg_ema20_gt_ema50_raw==1),ff44dce8094f,0,42,324,reg_ema20_gt_ema50_raw,regime,ema20_gt_ema50,trend,1
(*)|(*)|(reg_atr_change_rate_ts_top20==1&reg_atr_change_rate_ts_top30==0&reg_atr_change_rate_ts_top40==0&reg_atr_change_rate_ts_top80==0&reg_ema50_gt_ema200_raw==0),213bc7480b2f,0,42,398,reg_ema50_gt_ema200_raw,regime,ema50_gt_ema200,trend,0
(*)|(*)|(reg_atr_change_rate_ts_top20==1&reg_atr_change_rate_ts_top30==0&reg_atr_change_rate_ts_top40==0&reg_atr_change_rate_ts_top80==0&reg_ema50_gt_ema200_raw==0),213bc7480b2f,0,42,0,reg_atr_change_rate_ts_top20,regime,atr_change_rate,volatility,1
(*)|(*)|(reg_atr_change_rate_ts_top20==1&reg_atr_change_rate_ts_top30==0&reg_atr_change_rate_ts_top40==0&reg_atr_change_rate_ts_top80==0&reg_ema50_gt_ema200_raw==0),213bc7480b2f,0,42,24,reg_atr_change_rate_ts_top80,regime,atr_change_rate,volatility,0
(*)|(*)|(reg_atr_change_rate_ts_top20==1&reg_atr_change_rate_ts_top30==0&reg_atr_change_rate_ts_top40==0&reg_atr_change_rate_ts_top80==0&reg_ema50_gt_ema200_raw==0),213bc7480b2f,0,42,8,reg_atr_change_rate_ts_top40,regime,atr_change_rate,volatility,0
(*)|(*)|(reg_atr_change_rate_ts_top20==1&reg_atr_change_rate_ts_top30==0&reg_atr_change_rate_ts_top40==0&reg_atr_change_rate_ts_top80==0&reg_ema50_gt_ema200_raw==0),213bc7480b2f,0,42,4,reg_atr_change_rate_ts_top30,regime,atr_change_rate,volatility,0
(*)|(*)|(reg_atr_change_rate_ts_top20==1&reg_atr_change_rate_ts_top30==1&reg_atr_change_rate_ts_top40==0&reg_atr_change_rate_ts_top80==0&reg_ema50_gt_ema200_raw==0),134ec33b9e25,0,42,398,reg_ema50_gt_ema200_raw,regime,ema50_gt_ema200,trend,0
(*)|(*)|(reg_atr_change_rate_ts_top20==1&reg_atr_change_rate_ts_top30==1&reg_atr_change_rate_ts_top40==0&reg_atr_change_rate_ts_top80==0&reg_ema50_gt_ema200_raw==0),134ec33b9e25,0,42,0,reg_atr_change_rate_ts_top20,regime,atr_change_rate,volatility,1
(*)|(*)|(reg_atr_change_rate_ts_top20==1&reg_atr_change_rate_ts_top30==1&reg_atr_change_rate_ts_top40==0&reg_atr_change_rate_ts_top80==0&reg_ema50_gt_ema200_raw==0),134ec33b9e25,0,42,24,reg_atr_change_rate_ts_top80,regime,atr_change_rate,volatility,0
(*)|(*)|(reg_atr_change_rate_ts_top20==1&reg_atr_change_rate_ts_top30==1&reg_atr_change_rate_ts_top40==0&reg_atr_change_rate_ts_top80==0&reg_ema50_gt_ema200_raw==0),134ec33b9e25,0,42,8,reg_atr_change_rate_ts_top40,regime,atr_change_rate,volatility,0
(*)|(*)|(reg_atr_change_rate_ts_top20==1&reg_atr_change_rate_ts_top30==1&reg_atr_change_rate_ts_top40==0&reg_atr_change_rate_ts_top80==0&reg_ema50_gt_ema200_raw==0),134ec33b9e25,0,42,4,reg_atr_change_rate_ts_top30,regime,atr_change_rate,volatility,1
(*)|(*)|(reg_atr_change_rate_ts_band40_60==0&reg_atr_change_rate_ts_top20==1&reg_atr_change_rate_ts_top40==1&reg_atr_change_rate_ts_top80==0&reg_ema50_gt_ema200_raw==0),48886dd229c2,0,42,398,reg_ema50_gt_ema200_raw,regime,ema50_gt_ema200,trend,0
(*)|(*)|(reg_atr_change_rate_ts_band40_60==0&reg_atr_change_rate_ts_top20==1&reg_atr_change_rate_ts_top40==1&reg_atr_change_rate_ts_top80==0&reg_ema50_gt_ema200_raw==0),48886dd229c2,0,42,0,reg_atr_change_rate_ts_top20,regime,atr_change_rate,volatility,1
(*)|(*)|(reg_atr_change_rate_ts_band40_60==0&reg_atr_change_rate_ts_top20==1&reg_atr_change_rate_ts_top40==1&reg_atr_change_rate_ts_top80==0&reg_ema50_gt_ema200_raw==0),48886dd229c2,0,42,24,reg_atr_change_rate_ts_top80,regime,atr_change_rate,volatility,0
(*)|(*)|(reg_atr_change_rate_ts_band40_60==0&reg_atr_change_rate_ts_top20==1&reg_atr_change_rate_ts_top40==1&reg_atr_change_rate_ts_top80==0&reg_ema50_gt_ema200_raw==0),48886dd229c2,0,42,8,reg_atr_change_rate_ts_top40,regime,atr_change_rate,volatility,1
(*)|(*)|(reg_atr_change_rate_ts_band40_60==0&reg_atr_change_rate_ts_top20==1&reg_atr_change_rate_ts_top40==1&reg_atr_change_rate_ts_top80==0&reg_ema50_gt_ema200_raw==0),48886dd229c2,0,42,34,reg_atr_change_rate_ts_band40_60,regime,atr_change_rate,volatility,0
(*)|(*)|(reg_atr_change_rate_ts_band40_60==1&reg_atr_change_rate_ts_top20==1&reg_atr_change_rate_ts_top40==1&reg_atr_change_rate_ts_top80==0&reg_ema50_gt_ema200_raw==0),295b18167040,0,42,398,reg_ema50_gt_ema200_raw,regime,ema50_gt_ema200,trend,0
(*)|(*)|(reg_atr_change_rate_ts_band40_60==1&reg_atr_change_rate_ts_top20==1&reg_atr_change_rate_ts_top40==1&reg_atr_change_rate_ts_top80==0&reg_ema50_gt_ema200_raw==0),295b18167040,0,42,0,reg_atr_change_rate_ts_top20,regime,atr_change_rate,volatility,1
(*)|(*)|(reg_atr_change_rate_ts_band40_60==1&reg_atr_change_rate_ts_top20==1&reg_atr_change_rate_ts_top40==1&reg_atr_change_rate_ts_top80==0&reg_ema50_gt_ema200_raw==0),295b18167040,0,42,24,reg_atr_change_rate_ts_top80,regime,atr_change_rate,volatility,0
(*)|(*)|(reg_atr_change_rate_ts_band40_60==1&reg_atr_change_rate_ts_top20==1&reg_atr_change_rate_ts_top40==1&reg_atr_change_rate_ts_top80==0&reg_ema50_gt_ema200_raw==0),295b18167040,0,42,8,reg_atr_change_rate_ts_top40,regime,atr_change_rate,volatility,1
(*)|(*)|(reg_atr_change_rate_ts_band40_60==1&reg_atr_change_rate_ts_top20==1&reg_atr_change_rate_ts_top40==1&reg_atr_change_rate_ts_top80==0&reg_ema50_gt_ema200_raw==0),295b18167040,0,42,34,reg_atr_change_rate_ts_band40_60,regime,atr_change_rate,volatility,1
(*)|(*)|(reg_atr_change_rate_ts_top20==1&reg_atr_change_rate_ts_top80==1&reg_ema50_gt_ema200_raw==0),9fb959def1b1,0,42,398,reg_ema50_gt_ema200_raw,regime,ema50_gt_ema200,trend,0
(*)|(*)|(reg_atr_change_rate_ts_top20==1&reg_atr_change_rate_ts_top80==1&reg_ema50_gt_ema200_raw==0),9fb959def1b1,0,42,0,reg_atr_change_rate_ts_top20,regime,atr_change_rate,volatility,1
(*)|(*)|(reg_atr_change_rate_ts_top20==1&reg_atr_change_rate_ts_top80==1&reg_ema50_gt_ema200_raw==0),9fb959def1b1,0,42,24,reg_atr_change_rate_ts_top80,regime,atr_change_rate,volatility,1
(*)|(*)|(reg_atr_change_rate_ts_top80==0&reg_ema50_gt_ema200_raw==1),619ddec42200,0,42,398,reg_ema50_gt_ema200_raw,regime,ema50_gt_ema200,trend,1
(*)|(*)|(reg_atr_change_rate_ts_top80==0&reg_ema50_gt_ema200_raw==1),619ddec42200,0,42,24,reg_atr_change_rate_ts_top80,regime,atr_change_rate,volatility,0
(*)|(*)|(reg_atr_change_rate_ts_top80==1&reg_ema50_gt_ema200_raw==1),d28fe3e5aab3,0,42,398,reg_ema50_gt_ema200_raw,regime,ema50_gt_ema200,trend,1
(*)|(*)|(reg_atr_change_rate_ts_top80==1&reg_ema50_gt_ema200_raw==1),d28fe3e5aab3,0,42,24,reg_atr_change_rate_ts_top80,regime,atr_change_rate,volatility,1
(*)|(*)|(reg_atr_change_rate_ts_band25_75==0&reg_atr_change_rate_ts_top20==1&reg_atr_change_rate_ts_top30==0&reg_atr_change_rate_ts_top80==0&reg_ema20_gt_ema50_raw==0),25a6cb7e8752,0,42,324,reg_ema20_gt_ema50_raw,regime,ema20_gt_ema50,trend,0
(*)|(*)|(reg_atr_change_rate_ts_band25_75==0&reg_atr_change_rate_ts_top20==1&reg_atr_change_rate_ts_top30==0&reg_atr_change_rate_ts_top80==0&reg_ema20_gt_ema50_raw==0),25a6cb7e8752,0,42,0,reg_atr_change_rate_ts_top20,regime,atr_change_rate,volatility,1
(*)|(*)|(reg_atr_change_rate_ts_band25_75==0&reg_atr_change_rate_ts_top20==1&reg_atr_change_rate_ts_top30==0&reg_atr_change_rate_ts_top80==0&reg_ema20_gt_ema50_raw==0),25a6cb7e8752,0,42,24,reg_atr_change_rate_ts_top80,regime,atr_change_rate,volatility,0
(*)|(*)|(reg_atr_change_rate_ts_band25_75==0&reg_atr_change_rate_ts_top20==1&reg_atr_change_rate_ts_top30==0&reg_atr_change_rate_ts_top80==0&reg_ema20_gt_ema50_raw==0),25a6cb7e8752,0,42,4,reg_atr_change_rate_ts_top30,regime,atr_change_rate,volatility,0
(*)|(*)|(reg_atr_change_rate_ts_band25_75==0&reg_atr_change_rate_ts_top20==1&reg_atr_change_rate_ts_top30==0&reg_atr_change_rate_ts_top80==0&reg_ema20_gt_ema50_raw==0),25a6cb7e8752,0,42,30,reg_atr_change_rate_ts_band25_75,regime,atr_change_rate,volatility,0
(*)|(*)|(reg_atr_change_rate_ts_band25_75==1&reg_atr_change_rate_ts_top20==1&reg_atr_change_rate_ts_top30==0&reg_atr_change_rate_ts_top80==0&reg_ema20_gt_ema50_raw==0),8c0ea1cfa3be,0,42,324,reg_ema20_gt_ema50_raw,regime,ema20_gt_ema50,trend,0
(*)|(*)|(reg_atr_change_rate_ts_band25_75==1&reg_atr_change_rate_ts_top20==1&reg_atr_change_rate_ts_top30==0&reg_atr_change_rate_ts_top80==0&reg_ema20_gt_ema50_raw==0),8c0ea1cfa3be,0,42,0,reg_atr_change_rate_ts_top20,regime,atr_change_rate,volatility,1
(*)|(*)|(reg_atr_change_rate_ts_band25_75==1&reg_atr_change_rate_ts_top20==1&reg_atr_change_rate_ts_top30==0&reg_atr_change_rate_ts_top80==0&reg_ema20_gt_ema50_raw==0),8c0ea1cfa3be,0,42,24,reg_atr_change_rate_ts_top80,regime,atr_change_rate,volatility,0
(*)|(*)|(reg_atr_change_rate_ts_band25_75==1&reg_atr_change_rate_ts_top20==1&reg_atr_change_rate_ts_top30==0&reg_atr_change_rate_ts_top80==0&reg_ema20_gt_ema50_raw==0),8c0ea1cfa3be,0,42,4,reg_atr_change_rate_ts_top30,regime,atr_change_rate,volatility,0
(*)|(*)|(reg_atr_change_rate_ts_band25_75==1&reg_atr_change_rate_ts_top20==1&reg_atr_change_rate_ts_top30==0&reg_atr_change_rate_ts_top80==0&reg_ema20_gt_ema50_raw==0),8c0ea1cfa3be,0,42,30,reg_atr_change_rate_ts_band25_75,regime,atr_change_rate,volatility,1
(*)|(*)|(reg_atr_change_rate_ts_band25_75==0&reg_atr_change_rate_ts_top20==1&reg_atr_change_rate_ts_top30==1&reg_atr_change_rate_ts_top80==0&reg_ema20_gt_ema50_raw==0),03762d6b58d1,0,42,324,reg_ema20_gt_ema50_raw,regime,ema20_gt_ema50,trend,0
(*)|(*)|(reg_atr_change_rate_ts_band25_75==0&reg_atr_change_rate_ts_top20==1&reg_atr_change_rate_ts_top30==1&reg_atr_change_rate_ts_top80==0&reg_ema20_gt_ema50_raw==0),03762d6b58d1,0,42,0,reg_atr_change_rate_ts_top20,regime,atr_change_rate,volatility,1
(*)|(*)|(reg_atr_change_rate_ts_band25_75==0&reg_atr_change_rate_ts_top20==1&reg_atr_change_rate_ts_top30==1&reg_atr_change_rate_ts_top80==0&reg_ema20_gt_ema50_raw==0),03762d6b58d1,0,42,24,reg_atr_change_rate_ts_top80,regime,atr_change_rate,volatility,0
(*)|(*)|(reg_atr_change_rate_ts_band25_75==0&reg_atr_change_rate_ts_top20==1&reg_atr_change_rate_ts_top30==1&reg_atr_change_rate_ts_top80==0&reg_ema20_gt_ema50_raw==0),03762d6b58d1,0,42,4,reg_atr_change_rate_ts_top30,regime,atr_change_rate,volatility,1
(*)|(*)|(reg_atr_change_rate_ts_band25_75==0&reg_atr_change_rate_ts_top20==1&reg_atr_change_rate_ts_top30==1&reg_atr_change_rate_ts_top80==0&reg_ema20_gt_ema50_raw==0),03762d6b58d1,0,42,30,reg_atr_change_rate_ts_band25_75,regime,atr_change_rate,volatility,0
(*)|(*)|(reg_atr_change_rate_ts_band25_75==1&reg_atr_change_rate_ts_top20==1&reg_atr_change_rate_ts_top30==1&reg_atr_change_rate_ts_top80==0&reg_ema20_gt_ema50_raw==0),6322469cb4f8,0,42,324,reg_ema20_gt_ema50_raw,regime,ema20_gt_ema50,trend,0
(*)|(*)|(reg_atr_change_rate_ts_band25_75==1&reg_atr_change_rate_ts_top20==1&reg_atr_change_rate_ts_top30==1&reg_atr_change_rate_ts_top80==0&reg_ema20_gt_ema50_raw==0),6322469cb4f8,0,42,0,reg_atr_change_rate_ts_top20,regime,atr_change_rate,volatility,1
(*)|(*)|(reg_atr_change_rate_ts_band25_75==1&reg_atr_change_rate_ts_top20==1&reg_atr_change_rate_ts_top30==1&reg_atr_change_rate_ts_top80==0&reg_ema20_gt_ema50_raw==0),6322469cb4f8,0,42,24,reg_atr_change_rate_ts_top80,regime,atr_change_rate,volatility,0
(*)|(*)|(reg_atr_change_rate_ts_band25_75==1&reg_atr_change_rate_ts_top20==1&reg_atr_change_rate_ts_top30==1&reg_atr_change_rate_ts_top80==0&reg_ema20_gt_ema50_raw==0),6322469cb4f8,0,42,4,reg_atr_change_rate_ts_top30,regime,atr_change_rate,volatility,1
(*)|(*)|(reg_atr_change_rate_ts_band25_75==1&reg_atr_change_rate_ts_top20==1&reg_atr_change_rate_ts_top30==1&reg_atr_change_rate_ts_top80==0&reg_ema20_gt_ema50_raw==0),6322469cb4f8,0,42,30,reg_atr_change_rate_ts_band25_75,regime,atr_change_rate,volatility,1
(*)|(*)|(reg_atr_change_rate_ts_top20==1&reg_atr_change_rate_ts_top80==1&reg_ema20_gt_ema50_raw==0),7c95149eb431,0,42,324,reg_ema20_gt_ema50_raw,regime,ema20_gt_ema50,trend,0
(*)|(*)|(reg_atr_change_rate_ts_top20==1&reg_atr_change_rate_ts_top80==1&reg_ema20_gt_ema50_raw==0),7c95149eb431,0,42,0,reg_atr_change_rate_ts_top20,regime,atr_change_rate,volatility,1
(*)|(*)|(reg_atr_change_rate_ts_top20==1&reg_atr_change_rate_ts_top80==1&reg_ema20_gt_ema50_raw==0),7c95149eb431,0,42,24,reg_atr_change_rate_ts_top80,regime,atr_change_rate,volatility,1
(*)|(*)|(reg_atr_change_rate_ts_top80==0&reg_ema20_gt_ema50_raw==1),def62be68c4d,0,42,324,reg_ema20_gt_ema50_raw,regime,ema20_gt_ema50,trend,1
(*)|(*)|(reg_atr_change_rate_ts_top80==0&reg_ema20_gt_ema50_raw==1),def62be68c4d,0,42,24,reg_atr_change_rate_ts_top80,regime,atr_change_rate,volatility,0
(*)|(*)|(reg_atr_change_rate_ts_top80==1&reg_ema20_gt_ema50_raw==1),e7beeba718ef,0,42,324,reg_ema20_gt_ema50_raw,regime,ema20_gt_ema50,trend,1
(*)|(*)|(reg_atr_change_rate_ts_top80==1&reg_ema20_gt_ema50_raw==1),e7beeba718ef,0,42,24,reg_atr_change_rate_ts_top80,regime,atr_change_rate,volatility,1
(*)|(loc_dist_ema20_atr_ts_top50==0)|(reg_atr_change_rate_ts_top20==1&reg_atr_change_rate_ts_top40==0&reg_atr_change_rate_ts_top80==0&reg_ema20_gt_ema50_raw==0),312cf71a9a44,0,42,324,reg_ema20_gt_ema50_raw,regime,ema20_gt_ema50,trend,0
(*)|(loc_dist_ema20_atr_ts_top50==0)|(reg_atr_change_rate_ts_top20==1&reg_atr_change_rate_ts_top40==0&reg_atr_change_rate_ts_top80==0&reg_ema20_gt_ema50_raw==0),312cf71a9a44,0,42,24,reg_atr_change_rate_ts_top80,regime,atr_change_rate,volatility,0
(*)|(loc_dist_ema20_atr_ts_top50==0)|(reg_atr_change_rate_ts_top20==1&reg_atr_change_rate_ts_top40==0&reg_atr_change_rate_ts_top80==0&reg_ema20_gt_ema50_raw==0),312cf71a9a44,0,42,0,reg_atr_change_rate_ts_top20,regime,atr_change_rate,volatility,1
(*)|(loc_dist_ema20_atr_ts_top50==0)|(reg_atr_change_rate_ts_top20==1&reg_atr_change_rate_ts_top40==0&reg_atr_change_rate_ts_top80==0&reg_ema20_gt_ema50_raw==0),312cf71a9a44,0,42,8,reg_atr_change_rate_ts_top40,regime,atr_change_rate,volatility,0
(*)|(loc_dist_ema20_atr_ts_top50==0)|(reg_atr_change_rate_ts_top20==1&reg_atr_change_rate_ts_top40==0&reg_atr_change_rate_ts_top80==0&reg_ema20_gt_ema50_raw==0),312cf71a9a44,0,42,13,loc_dist_ema20_atr_ts_top50,location,dist_ema20_atr,context,0
(*)|(loc_dist_ema20_atr_ts_top50==0)|(reg_atr_change_rate_ts_top20==1&reg_atr_change_rate_ts_top40==1&reg_atr_change_rate_ts_top80==0&reg_ema20_gt_ema50_raw==0),9fdb0faafb50,0,42,324,reg_ema20_gt_ema50_raw,regime,ema20_gt_ema50,trend,0
(*)|(loc_dist_ema20_atr_ts_top50==0)|(reg_atr_change_rate_ts_top20==1&reg_atr_change_rate_ts_top40==1&reg_atr_change_rate_ts_top80==0&reg_ema20_gt_ema50_raw==0),9fdb0faafb50,0,42,24,reg_atr_change_rate_ts_top80,regime,atr_change_rate,volatility,0
(*)|(loc_dist_ema20_atr_ts_top50==0)|(reg_atr_change_rate_ts_top20==1&reg_atr_change_rate_ts_top40==1&reg_atr_change_rate_ts_top80==0&reg_ema20_gt_ema50_raw==0),9fdb0faafb50,0,42,0,reg_atr_change_rate_ts_top20,regime,atr_change_rate,volatility,1
(*)|(loc_dist_ema20_atr_ts_top50==0)|(reg_atr_change_rate_ts_top20==1&reg_atr_change_rate_ts_top40==1&reg_atr_change_rate_ts_top80==0&reg_ema20_gt_ema50_raw==0),9fdb0faafb50,0,42,8,reg_atr_change_rate_ts_top40,regime,atr_change_rate,volatility,1
(*)|(loc_dist_ema20_atr_ts_top50==0)|(reg_atr_change_rate_ts_top20==1&reg_atr_change_rate_ts_top40==1&reg_atr_change_rate_ts_top80==0&reg_ema20_gt_ema50_raw==0),9fdb0faafb50,0,42,13,loc_dist_ema20_atr_ts_top50,location,dist_ema20_atr,context,0
(*)|(loc_dist_ema20_atr_ts_top50==1)|(reg_atr_change_rate_ts_top20==1&reg_atr_change_rate_ts_top80==0&reg_ema20_gt_ema50_raw==0),0fb98ac4bb7c,0,42,324,reg_ema20_gt_ema50_raw,regime,ema20_gt_ema50,trend,0
(*)|(loc_dist_ema20_atr_ts_top50==1)|(reg_atr_change_rate_ts_top20==1&reg_atr_change_rate_ts_top80==0&reg_ema20_gt_ema50_raw==0),0fb98ac4bb7c,0,42,24,reg_atr_change_rate_ts_top80,regime,atr_change_rate,volatility,0
(*)|(loc_dist_ema20_atr_ts_top50==1)|(reg_atr_change_rate_ts_top20==1&reg_atr_change_rate_ts_top80==0&reg_ema20_gt_ema50_raw==0),0fb98ac4bb7c,0,42,0,reg_atr_change_rate_ts_top20,regime,atr_change_rate,volatility,1
(*)|(loc_dist_ema20_atr_ts_top50==1)|(reg_atr_change_rate_ts_top20==1&reg_atr_change_rate_ts_top80==0&reg_ema20_gt_ema50_raw==0),0fb98ac4bb7c,0,42,13,loc_dist_ema20_atr_ts_top50,location,dist_ema20_atr,context,1
(*)|(*)|(reg_atr_change_rate_ts_top80==1&reg_ema20_gt_ema50_raw==0),7cdf6e2c5861,0,42,324,reg_ema20_gt_ema50_raw,regime,ema20_gt_ema50,trend,0
(*)|(*)|(reg_atr_change_rate_ts_top80==1&reg_ema20_gt_ema50_raw==0),7cdf6e2c5861,0,42,24,reg_atr_change_rate_ts_top80,regime,atr_change_rate,volatility,1
(*)|(*)|(reg_atr_change_rate_ts_band25_75==0&reg_atr_change_rate_ts_top80==0&reg_ema20_gt_ema50_raw==1),e51eaea190ae,0,42,324,reg_ema20_gt_ema50_raw,regime,ema20_gt_ema50,trend,1
(*)|(*)|(reg_atr_change_rate_ts_band25_75==0&reg_atr_change_rate_ts_top80==0&reg_ema20_gt_ema50_raw==1),e51eaea190ae,0,42,30,reg_atr_change_rate_ts_band25_75,regime,atr_change_rate,volatility,0
(*)|(*)|(reg_atr_change_rate_ts_band25_75==0&reg_atr_change_rate_ts_top80==0&reg_ema20_gt_ema50_raw==1),e51eaea190ae,0,42,24,reg_atr_change_rate_ts_top80,regime,atr_change_rate,volatility,0
(*)|(*)|(reg_atr_change_rate_ts_band25_75==0&reg_atr_change_rate_ts_top80==1&reg_ema20_gt_ema50_raw==1),1e1252858a59,0,42,324,reg_ema20_gt_ema50_raw,regime,ema20_gt_ema50,trend,1
(*)|(*)|(reg_atr_change_rate_ts_band25_75==0&reg_atr_change_rate_ts_top80==1&reg_ema20_gt_ema50_raw==1),1e1252858a59,0,42,30,reg_atr_change_rate_ts_band25_75,regime,atr_change_rate,volatility,0
(*)|(*)|(reg_atr_change_rate_ts_band25_75==0&reg_atr_change_rate_ts_top80==1&reg_ema20_gt_ema50_raw==1),1e1252858a59,0,42,24,reg_atr_change_rate_ts_top80,regime,atr_change_rate,volatility,1
(*)|(*)|(reg_atr_change_rate_ts_band25_75==1&reg_ema20_gt_ema50_raw==1),0b727c59bfc6,0,42,324,reg_ema20_gt_ema50_raw,regime,ema20_gt_ema50,trend,1
(*)|(*)|(reg_atr_change_rate_ts_band25_75==1&reg_ema20_gt_ema50_raw==1),0b727c59bfc6,0,42,30,reg_atr_change_rate_ts_band25_75,regime,atr_change_rate,volatility,1
(*)|(loc_dist_ema20_atr_ts_band20_80==1)|(reg_atr_change_rate_ts_top50==0&reg_atr_change_rate_ts_top80==0&reg_ema20_gt_ema50_raw==0),b73faccf81a5,0,42,324,reg_ema20_gt_ema50_raw,regime,ema20_gt_ema50,trend,0
(*)|(loc_dist_ema20_atr_ts_band20_80==1)|(reg_atr_change_rate_ts_top50==0&reg_atr_change_rate_ts_top80==0&reg_ema20_gt_ema50_raw==0),b73faccf81a5,0,42,24,reg_atr_change_rate_ts_top80,regime,atr_change_rate,volatility,0
(*)|(loc_dist_ema20_atr_ts_band20_80==1)|(reg_atr_change_rate_ts_top50==0&reg_atr_change_rate_ts_top80==0&reg_ema20_gt_ema50_raw==0),b73faccf81a5,0,42,12,reg_atr_change_rate_ts_top50,regime,atr_change_rate,volatility,0
(*)|(loc_dist_ema20_atr_ts_band20_80==1)|(reg_atr_change_rate_ts_top50==0&reg_atr_change_rate_ts_top80==0&reg_ema20_gt_ema50_raw==0),b73faccf81a5,0,42,29,loc_dist_ema20_atr_ts_band20_80,location,dist_ema20_atr,context,1
(*)|(loc_dist_ema20_atr_ts_band20_80==1)|(reg_atr_change_rate_ts_top50==1&reg_atr_change_rate_ts_top80==0&reg_ema20_gt_ema50_raw==0),4583866fd109,0,42,324,reg_ema20_gt_ema50_raw,regime,ema20_gt_ema50,trend,0
(*)|(loc_dist_ema20_atr_ts_band20_80==1)|(reg_atr_change_rate_ts_top50==1&reg_atr_change_rate_ts_top80==0&reg_ema20_gt_ema50_raw==0),4583866fd109,0,42,24,reg_atr_change_rate_ts_top80,regime,atr_change_rate,volatility,0
(*)|(loc_dist_ema20_atr_ts_band20_80==1)|(reg_atr_change_rate_ts_top50==1&reg_atr_change_rate_ts_top80==0&reg_ema20_gt_ema50_raw==0),4583866fd109,0,42,12,reg_atr_change_rate_ts_top50,regime,atr_change_rate,volatility,1
(*)|(loc_dist_ema20_atr_ts_band20_80==1)|(reg_atr_change_rate_ts_top50==1&reg_atr_change_rate_ts_top80==0&reg_ema20_gt_ema50_raw==0),4583866fd109,0,42,29,loc_dist_ema20_atr_ts_band20_80,location,dist_ema20_atr,context,1
(*)|(*)|(reg_atr_change_rate_ts_top80==1&reg_ema20_gt_ema50_raw==0),dc3a2f3ef833,0,42,324,reg_ema20_gt_ema50_raw,regime,ema20_gt_ema50,trend,0
(*)|(*)|(reg_atr_change_rate_ts_top80==1&reg_ema20_gt_ema50_raw==0),dc3a2f3ef833,0,42,24,reg_atr_change_rate_ts_top80,regime,atr_change_rate,volatility,1
(*)|(*)|(reg_atr_change_rate_ts_top80==0&reg_ema20_gt_ema50_raw==1),fa55d5925dc8,0,42,324,reg_ema20_gt_ema50_raw,regime,ema20_gt_ema50,trend,1
(*)|(*)|(reg_atr_change_rate_ts_top80==0&reg_ema20_gt_ema50_raw==1),fa55d5925dc8,0,42,24,reg_atr_change_rate_ts_top80,regime,atr_change_rate,volatility,0
(*)|(*)|(reg_atr_change_rate_ts_top80==1&reg_ema20_gt_ema50_raw==1),a598e5ecafe5,0,42,324,reg_ema20_gt_ema50_raw,regime,ema20_gt_ema50,trend,1
(*)|(*)|(reg_atr_change_rate_ts_top80==1&reg_ema20_gt_ema50_raw==1),a598e5ecafe5,0,42,24,reg_atr_change_rate_ts_top80,regime,atr_change_rate,volatility,1
(*)|(*)|(reg_atr_change_rate_ts_band25_75==0&reg_atr_change_rate_ts_top20==1&reg_atr_change_rate_ts_top40==0&reg_ema20_gt_ema50_raw==0),3b2eca49b8dd,0,42,324,reg_ema20_gt_ema50_raw,regime,ema20_gt_ema50,trend,0
(*)|(*)|(reg_atr_change_rate_ts_band25_75==0&reg_atr_change_rate_ts_top20==1&reg_atr_change_rate_ts_top40==0&reg_ema20_gt_ema50_raw==0),3b2eca49b8dd,0,42,0,reg_atr_change_rate_ts_top20,regime,atr_change_rate,volatility,1
(*)|(*)|(reg_atr_change_rate_ts_band25_75==0&reg_atr_change_rate_ts_top20==1&reg_atr_change_rate_ts_top40==0&reg_ema20_gt_ema50_raw==0),3b2eca49b8dd,0,42,8,reg_atr_change_rate_ts_top40,regime,atr_change_rate,volatility,0
(*)|(*)|(reg_atr_change_rate_ts_band25_75==0&reg_atr_change_rate_ts_top20==1&reg_atr_change_rate_ts_top40==0&reg_ema20_gt_ema50_raw==0),3b2eca49b8dd,0,42,30,reg_atr_change_rate_ts_band25_75,regime,atr_change_rate,volatility,0
(*)|(*)|(reg_atr_change_rate_ts_band25_75==1&reg_atr_change_rate_ts_top20==1&reg_atr_change_rate_ts_top40==0&reg_ema20_gt_ema50_raw==0),5f760adb29ee,0,42,324,reg_ema20_gt_ema50_raw,regime,ema20_gt_ema50,trend,0
(*)|(*)|(reg_atr_change_rate_ts_band25_75==1&reg_atr_change_rate_ts_top20==1&reg_atr_change_rate_ts_top40==0&reg_ema20_gt_ema50_raw==0),5f760adb29ee,0,42,0,reg_atr_change_rate_ts_top20,regime,atr_change_rate,volatility,1
(*)|(*)|(reg_atr_change_rate_ts_band25_75==1&reg_atr_change_rate_ts_top20==1&reg_atr_change_rate_ts_top40==0&reg_ema20_gt_ema50_raw==0),5f760adb29ee,0,42,8,reg_atr_change_rate_ts_top40,regime,atr_change_rate,volatility,0
(*)|(*)|(reg_atr_change_rate_ts_band25_75==1&reg_atr_change_rate_ts_top20==1&reg_atr_change_rate_ts_top40==0&reg_ema20_gt_ema50_raw==0),5f760adb29ee,0,42,30,reg_atr_change_rate_ts_band25_75,regime,atr_change_rate,volatility,1
(*)|(*)|(reg_atr_change_rate_ts_top20==1&reg_atr_change_rate_ts_top40==1&reg_atr_change_rate_ts_top50==0&reg_atr_change_rate_ts_top80==0&reg_ema20_gt_ema50_raw==0),a16f6d716469,0,42,324,reg_ema20_gt_ema50_raw,regime,ema20_gt_ema50,trend,0
(*)|(*)|(reg_atr_change_rate_ts_top20==1&reg_atr_change_rate_ts_top40==1&reg_atr_change_rate_ts_top50==0&reg_atr_change_rate_ts_top80==0&reg_ema20_gt_ema50_raw==0),a16f6d716469,0,42,0,reg_atr_change_rate_ts_top20,regime,atr_change_rate,volatility,1
(*)|(*)|(reg_atr_change_rate_ts_top20==1&reg_atr_change_rate_ts_top40==1&reg_atr_change_rate_ts_top50==0&reg_atr_change_rate_ts_top80==0&reg_ema20_gt_ema50_raw==0),a16f6d716469,0,42,8,reg_atr_change_rate_ts_top40,regime,atr_change_rate,volatility,1
(*)|(*)|(reg_atr_change_rate_ts_top20==1&reg_atr_change_rate_ts_top40==1&reg_atr_change_rate_ts_top50==0&reg_atr_change_rate_ts_top80==0&reg_ema20_gt_ema50_raw==0),a16f6d716469,0,42,24,reg_atr_change_rate_ts_top80,regime,atr_change_rate,volatility,0
(*)|(*)|(reg_atr_change_rate_ts_top20==1&reg_atr_change_rate_ts_top40==1&reg_atr_change_rate_ts_top50==0&reg_atr_change_rate_ts_top80==0&reg_ema20_gt_ema50_raw==0),a16f6d716469,0,42,12,reg_atr_change_rate_ts_top50,regime,atr_change_rate,volatility,0
(*)|(*)|(reg_atr_change_rate_ts_band25_75==0&reg_atr_change_rate_ts_top20==1&reg_atr_change_rate_ts_top40==1&reg_atr_change_rate_ts_top50==1&reg_atr_change_rate_ts_top80==0&reg_ema20_gt_ema50_raw==0),4d33c7027110,0,42,324,reg_ema20_gt_ema50_raw,regime,ema20_gt_ema50,trend,0
(*)|(*)|(reg_atr_change_rate_ts_band25_75==0&reg_atr_change_rate_ts_top20==1&reg_atr_change_rate_ts_top40==1&reg_atr_change_rate_ts_top50==1&reg_atr_change_rate_ts_top80==0&reg_ema20_gt_ema50_raw==0),4d33c7027110,0,42,0,reg_atr_change_rate_ts_top20,regime,atr_change_rate,volatility,1
(*)|(*)|(reg_atr_change_rate_ts_band25_75==0&reg_atr_change_rate_ts_top20==1&reg_atr_change_rate_ts_top40==1&reg_atr_change_rate_ts_top50==1&reg_atr_change_rate_ts_top80==0&reg_ema20_gt_ema50_raw==0),4d33c7027110,0,42,8,reg_atr_change_rate_ts_top40,regime,atr_change_rate,volatility,1
(*)|(*)|(reg_atr_change_rate_ts_band25_75==0&reg_atr_change_rate_ts_top20==1&reg_atr_change_rate_ts_top40==1&reg_atr_change_rate_ts_top50==1&reg_atr_change_rate_ts_top80==0&reg_ema20_gt_ema50_raw==0),4d33c7027110,0,42,24,reg_atr_change_rate_ts_top80,regime,atr_change_rate,volatility,0
(*)|(*)|(reg_atr_change_rate_ts_band25_75==0&reg_atr_change_rate_ts_top20==1&reg_atr_change_rate_ts_top40==1&reg_atr_change_rate_ts_top50==1&reg_atr_change_rate_ts_top80==0&reg_ema20_gt_ema50_raw==0),4d33c7027110,0,42,12,reg_atr_change_rate_ts_top50,regime,atr_change_rate,volatility,1
(*)|(*)|(reg_atr_change_rate_ts_band25_75==0&reg_atr_change_rate_ts_top20==1&reg_atr_change_rate_ts_top40==1&reg_atr_change_rate_ts_top50==1&reg_atr_change_rate_ts_top80==0&reg_ema20_gt_ema50_raw==0),4d33c7027110,0,42,30,reg_atr_change_rate_ts_band25_75,regime,atr_change_rate,volatility,0
(*)|(*)|(reg_atr_change_rate_ts_band25_75==1&reg_atr_change_rate_ts_top20==1&reg_atr_change_rate_ts_top40==1&reg_atr_change_rate_ts_top50==1&reg_atr_change_rate_ts_top80==0&reg_ema20_gt_ema50_raw==0),3ef9e13dbc91,0,42,324,reg_ema20_gt_ema50_raw,regime,ema20_gt_ema50,trend,0
(*)|(*)|(reg_atr_change_rate_ts_band25_75==1&reg_atr_change_rate_ts_top20==1&reg_atr_change_rate_ts_top40==1&reg_atr_change_rate_ts_top50==1&reg_atr_change_rate_ts_top80==0&reg_ema20_gt_ema50_raw==0),3ef9e13dbc91,0,42,0,reg_atr_change_rate_ts_top20,regime,atr_change_rate,volatility,1
(*)|(*)|(reg_atr_change_rate_ts_band25_75==1&reg_atr_change_rate_ts_top20==1&reg_atr_change_rate_ts_top40==1&reg_atr_change_rate_ts_top50==1&reg_atr_change_rate_ts_top80==0&reg_ema20_gt_ema50_raw==0),3ef9e13dbc91,0,42,8,reg_atr_change_rate_ts_top40,regime,atr_change_rate,volatility,1
(*)|(*)|(reg_atr_change_rate_ts_band25_75==1&reg_atr_change_rate_ts_top20==1&reg_atr_change_rate_ts_top40==1&reg_atr_change_rate_ts_top50==1&reg_atr_change_rate_ts_top80==0&reg_ema20_gt_ema50_raw==0),3ef9e13dbc91,0,42,24,reg_atr_change_rate_ts_top80,regime,atr_change_rate,volatility,0
(*)|(*)|(reg_atr_change_rate_ts_band25_75==1&reg_atr_change_rate_ts_top20==1&reg_atr_change_rate_ts_top40==1&reg_atr_change_rate_ts_top50==1&reg_atr_change_rate_ts_top80==0&reg_ema20_gt_ema50_raw==0),3ef9e13dbc91,0,42,12,reg_atr_change_rate_ts_top50,regime,atr_change_rate,volatility,1
(*)|(*)|(reg_atr_change_rate_ts_band25_75==1&reg_atr_change_rate_ts_top20==1&reg_atr_change_rate_ts_top40==1&reg_atr_change_rate_ts_top50==1&reg_atr_change_rate_ts_top80==0&reg_ema20_gt_ema50_raw==0),3ef9e13dbc91,0,42,30,reg_atr_change_rate_ts_band25_75,regime,atr_change_rate,volatility,1
(*)|(*)|(reg_atr_change_rate_ts_top20==1&reg_atr_change_rate_ts_top40==1&reg_atr_change_rate_ts_top80==1&reg_ema20_gt_ema50_raw==0),69ed37e67bfc,0,42,324,reg_ema20_gt_ema50_raw,regime,ema20_gt_ema50,trend,0
(*)|(*)|(reg_atr_change_rate_ts_top20==1&reg_atr_change_rate_ts_top40==1&reg_atr_change_rate_ts_top80==1&reg_ema20_gt_ema50_raw==0),69ed37e67bfc,0,42,0,reg_atr_change_rate_ts_top20,regime,atr_change_rate,volatility,1
(*)|(*)|(reg_atr_change_rate_ts_top20==1&reg_atr_change_rate_ts_top40==1&reg_atr_change_rate_ts_top80==1&reg_ema20_gt_ema50_raw==0),69ed37e67bfc,0,42,8,reg_atr_change_rate_ts_top40,regime,atr_change_rate,volatility,1
(*)|(*)|(reg_atr_change_rate_ts_top20==1&reg_atr_change_rate_ts_top40==1&reg_atr_change_rate_ts_top80==1&reg_ema20_gt_ema50_raw==0),69ed37e67bfc,0,42,24,reg_atr_change_rate_ts_top80,regime,atr_change_rate,volatility,1
(*)|(*)|(reg_atr_change_rate_ts_top80==0&reg_ema20_gt_ema50_raw==1),6cbc2cdde4d1,0,42,324,reg_ema20_gt_ema50_raw,regime,ema20_gt_ema50,trend,1
(*)|(*)|(reg_atr_change_rate_ts_top80==0&reg_ema20_gt_ema50_raw==1),6cbc2cdde4d1,0,42,24,reg_atr_change_rate_ts_top80,regime,atr_change_rate,volatility,0
(*)|(*)|(reg_atr_change_rate_ts_top80==1&reg_ema20_gt_ema50_raw==1),6c3e6138011c,0,42,324,reg_ema20_gt_ema50_raw,regime,ema20_gt_ema50,trend,1
(*)|(*)|(reg_atr_change_rate_ts_top80==1&reg_ema20_gt_ema50_raw==1),6c3e6138011c,0,42,24,reg_atr_change_rate_ts_top80,regime,atr_change_rate,volatility,1
(*)|(*)|(reg_atr_change_rate_ts_bot20==0&reg_atr_change_rate_ts_top30==1&reg_atr_compression_ratio_ts_top50==0&reg_ema20_gt_ema50_raw==0),48d2ed95ce4d,0,42,324,reg_ema20_gt_ema50_raw,regime,ema20_gt_ema50,trend,0
(*)|(*)|(reg_atr_change_rate_ts_bot20==0&reg_atr_change_rate_ts_top30==1&reg_atr_compression_ratio_ts_top50==0&reg_ema20_gt_ema50_raw==0),48d2ed95ce4d,0,42,2,reg_atr_change_rate_ts_bot20,regime,atr_change_rate,volatility,0
(*)|(*)|(reg_atr_change_rate_ts_bot20==0&reg_atr_change_rate_ts_top30==1&reg_atr_compression_ratio_ts_top50==0&reg_ema20_gt_ema50_raw==0),48d2ed95ce4d,0,42,48,reg_atr_compression_ratio_ts_top50,regime,atr_compression_ratio,volatility_term_structure,0
(*)|(*)|(reg_atr_change_rate_ts_bot20==0&reg_atr_change_rate_ts_top30==1&reg_atr_compression_ratio_ts_top50==0&reg_ema20_gt_ema50_raw==0),48d2ed95ce4d,0,42,4,reg_atr_change_rate_ts_top30,regime,atr_change_rate,volatility,1
(*)|(loc_dist_ema20_atr_ts_top80==0)|(reg_atr_change_rate_ts_bot20==0&reg_atr_change_rate_ts_top60==0&reg_atr_compression_ratio_ts_top50==1&reg_ema20_gt_ema50_raw==0),64d6c95d9f47,0,42,324,reg_ema20_gt_ema50_raw,regime,ema20_gt_ema50,trend,0
(*)|(loc_dist_ema20_atr_ts_top80==0)|(reg_atr_change_rate_ts_bot20==0&reg_atr_change_rate_ts_top60==0&reg_atr_compression_ratio_ts_top50==1&reg_ema20_gt_ema50_raw==0),64d6c95d9f47,0,42,2,reg_atr_change_rate_ts_bot20,regime,atr_change_rate,volatility,0
(*)|(loc_dist_ema20_atr_ts_top80==0)|(reg_atr_change_rate_ts_bot20==0&reg_atr_change_rate_ts_top60==0&reg_atr_compression_ratio_ts_top50==1&reg_ema20_gt_ema50_raw==0),64d6c95d9f47,0,42,48,reg_atr_compression_ratio_ts_top50,regime,atr_compression_ratio,volatility_term_structure,1
(*)|(loc_dist_ema20_atr_ts_top80==0)|(reg_atr_change_rate_ts_bot20==0&reg_atr_change_rate_ts_top60==0&reg_atr_compression_ratio_ts_top50==1&reg_ema20_gt_ema50_raw==0),64d6c95d9f47,0,42,16,reg_atr_change_rate_ts_top60,regime,atr_change_rate,volatility,0
(*)|(loc_dist_ema20_atr_ts_top80==0)|(reg_atr_change_rate_ts_bot20==0&reg_atr_change_rate_ts_top60==0&reg_atr_compression_ratio_ts_top50==1&reg_ema20_gt_ema50_raw==0),64d6c95d9f47,0,42,25,loc_dist_ema20_atr_ts_top80,location,dist_ema20_atr,context,0
(*)|(loc_dist_ema20_atr_ts_top80==0)|(reg_atr_change_rate_ts_bot20==0&reg_atr_change_rate_ts_top60==1&reg_atr_compression_ratio_ts_top50==1&reg_ema20_gt_ema50_raw==0),045103ace877,0,42,324,reg_ema20_gt_ema50_raw,regime,ema20_gt_ema50,trend,0
(*)|(loc_dist_ema20_atr_ts_top80==0)|(reg_atr_change_rate_ts_bot20==0&reg_atr_change_rate_ts_top60==1&reg_atr_compression_ratio_ts_top50==1&reg_ema20_gt_ema50_raw==0),045103ace877,0,42,2,reg_atr_change_rate_ts_bot20,regime,atr_change_rate,volatility,0
(*)|(loc_dist_ema20_atr_ts_top80==0)|(reg_atr_change_rate_ts_bot20==0&reg_atr_change_rate_ts_top60==1&reg_atr_compression_ratio_ts_top50==1&reg_ema20_gt_ema50_raw==0),045103ace877,0,42,48,reg_atr_compression_ratio_ts_top50,regime,atr_compression_ratio,volatility_term_structure,1
(*)|(loc_dist_ema20_atr_ts_top80==0)|(reg_atr_change_rate_ts_bot20==0&reg_atr_change_rate_ts_top60==1&reg_atr_compression_ratio_ts_top50==1&reg_ema20_gt_ema50_raw==0),045103ace877,0,42,16,reg_atr_change_rate_ts_top60,regime,atr_change_rate,volatility,1
(*)|(loc_dist_ema20_atr_ts_top80==0)|(reg_atr_change_rate_ts_bot20==0&reg_atr_change_rate_ts_top60==1&reg_atr_compression_ratio_ts_top50==1&reg_ema20_gt_ema50_raw==0),045103ace877,0,42,25,loc_dist_ema20_atr_ts_top80,location,dist_ema20_atr,context,0
(*)|(loc_dist_ema20_atr_ts_top80==1)|(reg_atr_change_rate_ts_bot20==0&reg_atr_compression_ratio_ts_top50==1&reg_ema20_gt_ema50_raw==0),d50fe38b954f,0,42,324,reg_ema20_gt_ema50_raw,regime,ema20_gt_ema50,trend,0
(*)|(loc_dist_ema20_atr_ts_top80==1)|(reg_atr_change_rate_ts_bot20==0&reg_atr_compression_ratio_ts_top50==1&reg_ema20_gt_ema50_raw==0),d50fe38b954f,0,42,2,reg_atr_change_rate_ts_bot20,regime,atr_change_rate,volatility,0
(*)|(loc_dist_ema20_atr_ts_top80==1)|(reg_atr_change_rate_ts_bot20==0&reg_atr_compression_ratio_ts_top50==1&reg_ema20_gt_ema50_raw==0),d50fe38b954f,0,42,48,reg_atr_compression_ratio_ts_top50,regime,atr_compression_ratio,volatility_term_structure,1
(*)|(loc_dist_ema20_atr_ts_top80==1)|(reg_atr_change_rate_ts_bot20==0&reg_atr_compression_ratio_ts_top50==1&reg_ema20_gt_ema50_raw==0),d50fe38b954f,0,42,25,loc_dist_ema20_atr_ts_top80,location,dist_ema20_atr,context,1
(*)|(*)|(reg_atr_change_rate_ts_bot20==1&reg_ema20_gt_ema50_raw==0),9341fabaf407,0,42,324,reg_ema20_gt_ema50_raw,regime,ema20_gt_ema50,trend,0
(*)|(*)|(reg_atr_change_rate_ts_bot20==1&reg_ema20_gt_ema50_raw==0),9341fabaf407,0,42,2,reg_atr_change_rate_ts_bot20,regime,atr_change_rate,volatility,1
(*)|(loc_dist_ema20_atr_ts_top80==0)|(reg_ema20_gt_ema50_raw==1),f957579ac3fb,0,42,324,reg_ema20_gt_ema50_raw,regime,ema20_gt_ema50,trend,1
(*)|(loc_dist_ema20_atr_ts_top80==0)|(reg_ema20_gt_ema50_raw==1),f957579ac3fb,0,42,25,loc_dist_ema20_atr_ts_top80,location,dist_ema20_atr,context,0
(*)|(loc_dist_ema20_atr_ts_top80==1)|(reg_ema20_gt_ema50_raw==1),af186541cd47,0,42,324,reg_ema20_gt_ema50_raw,regime,ema20_gt_ema50,trend,1
(*)|(loc_dist_ema20_atr_ts_top80==1)|(reg_ema20_gt_ema50_raw==1),af186541cd47,0,42,25,loc_dist_ema20_atr_ts_top80,location,dist_ema20_atr,context,1
(*)|(*)|(reg_atr_change_rate_ts_band25_75==0&reg_atr_change_rate_ts_band30_70==0&reg_atr_change_rate_ts_top20==1&reg_atr_change_rate_ts_top50==0&reg_ema20_gt_ema50_raw==0),5c94a396fb2d,0,42,324,reg_ema20_gt_ema50_raw,regime,ema20_gt_ema50,trend,0
(*)|(*)|(reg_atr_change_rate_ts_band25_75==0&reg_atr_change_rate_ts_band30_70==0&reg_atr_change_rate_ts_top20==1&reg_atr_change_rate_ts_top50==0&reg_ema20_gt_ema50_raw==0),5c94a396fb2d,0,42,0,reg_atr_change_rate_ts_top20,regime,atr_change_rate,volatility,1
(*)|(*)|(reg_atr_change_rate_ts_band25_75==0&reg_atr_change_rate_ts_band30_70==0&reg_atr_change_rate_ts_top20==1&reg_atr_change_rate_ts_top50==0&reg_ema20_gt_ema50_raw==0),5c94a396fb2d,0,42,12,reg_atr_change_rate_ts_top50,regime,atr_change_rate,volatility,0
(*)|(*)|(reg_atr_change_rate_ts_band25_75==0&reg_atr_change_rate_ts_band30_70==0&reg_atr_change_rate_ts_top20==1&reg_atr_change_rate_ts_top50==0&reg_ema20_gt_ema50_raw==0),5c94a396fb2d,0,42,32,reg_atr_change_rate_ts_band30_70,regime,atr_change_rate,volatility,0
(*)|(*)|(reg_atr_change_rate_ts_band25_75==0&reg_atr_change_rate_ts_band30_70==0&reg_atr_change_rate_ts_top20==1&reg_atr_change_rate_ts_top50==0&reg_ema20_gt_ema50_raw==0),5c94a396fb2d,0,42,30,reg_atr_change_rate_ts_band25_75,regime,atr_change_rate,volatility,0
(*)|(*)|(reg_atr_change_rate_ts_band25_75==1&reg_atr_change_rate_ts_band30_70==0&reg_atr_change_rate_ts_top20==1&reg_atr_change_rate_ts_top50==0&reg_ema20_gt_ema50_raw==0),159187cbd4cf,0,42,324,reg_ema20_gt_ema50_raw,regime,ema20_gt_ema50,trend,0
(*)|(*)|(reg_atr_change_rate_ts_band25_75==1&reg_atr_change_rate_ts_band30_70==0&reg_atr_change_rate_ts_top20==1&reg_atr_change_rate_ts_top50==0&reg_ema20_gt_ema50_raw==0),159187cbd4cf,0,42,0,reg_atr_change_rate_ts_top20,regime,atr_change_rate,volatility,1
(*)|(*)|(reg_atr_change_rate_ts_band25_75==1&reg_atr_change_rate_ts_band30_70==0&reg_atr_change_rate_ts_top20==1&reg_atr_change_rate_ts_top50==0&reg_ema20_gt_ema50_raw==0),159187cbd4cf,0,42,12,reg_atr_change_rate_ts_top50,regime,atr_change_rate,volatility,0
(*)|(*)|(reg_atr_change_rate_ts_band25_75==1&reg_atr_change_rate_ts_band30_70==0&reg_atr_change_rate_ts_top20==1&reg_atr_change_rate_ts_top50==0&reg_ema20_gt_ema50_raw==0),159187cbd4cf,0,42,32,reg_atr_change_rate_ts_band30_70,regime,atr_change_rate,volatility,0
(*)|(*)|(reg_atr_change_rate_ts_band25_75==1&reg_atr_change_rate_ts_band30_70==0&reg_atr_change_rate_ts_top20==1&reg_atr_change_rate_ts_top50==0&reg_ema20_gt_ema50_raw==0),159187cbd4cf,0,42,30,reg_atr_change_rate_ts_band25_75,regime,atr_change_rate,volatility,1
(*)|(*)|(reg_atr_change_rate_ts_band30_70==1&reg_atr_change_rate_ts_top20==1&reg_atr_change_rate_ts_top40==0&reg_atr_change_rate_ts_top50==0&reg_ema20_gt_ema50_raw==0),b19e5de1de29,0,42,324,reg_ema20_gt_ema50_raw,regime,ema20_gt_ema50,trend,0
(*)|(*)|(reg_atr_change_rate_ts_band30_70==1&reg_atr_change_rate_ts_top20==1&reg_atr_change_rate_ts_top40==0&reg_atr_change_rate_ts_top50==0&reg_ema20_gt_ema50_raw==0),b19e5de1de29,0,42,0,reg_atr_change_rate_ts_top20,regime,atr_change_rate,volatility,1
(*)|(*)|(reg_atr_change_rate_ts_band30_70==1&reg_atr_change_rate_ts_top20==1&reg_atr_change_rate_ts_top40==0&reg_atr_change_rate_ts_top50==0&reg_ema20_gt_ema50_raw==0),b19e5de1de29,0,42,12,reg_atr_change_rate_ts_top50,regime,atr_change_rate,volatility,0
(*)|(*)|(reg_atr_change_rate_ts_band30_70==1&reg_atr_change_rate_ts_top20==1&reg_atr_change_rate_ts_top40==0&reg_atr_change_rate_ts_top50==0&reg_ema20_gt_ema50_raw==0),b19e5de1de29,0,42,32,reg_atr_change_rate_ts_band30_70,regime,atr_change_rate,volatility,1
(*)|(*)|(reg_atr_change_rate_ts_band30_70==1&reg_atr_change_rate_ts_top20==1&reg_atr_change_rate_ts_top40==0&reg_atr_change_rate_ts_top50==0&reg_ema20_gt_ema50_raw==0),b19e5de1de29,0,42,8,reg_atr_change_rate_ts_top40,regime,atr_change_rate,volatility,0
(*)|(*)|(reg_atr_change_rate_ts_band30_70==1&reg_atr_change_rate_ts_top20==1&reg_atr_change_rate_ts_top40==1&reg_atr_change_rate_ts_top50==0&reg_ema20_gt_ema50_raw==0),255e536756a3,0,42,324,reg_ema20_gt_ema50_raw,regime,ema20_gt_ema50,trend,0
(*)|(*)|(reg_atr_change_rate_ts_band30_70==1&reg_atr_change_rate_ts_top20==1&reg_atr_change_rate_ts_top40==1&reg_atr_change_rate_ts_top50==0&reg_ema20_gt_ema50_raw==0),255e536756a3,0,42,0,reg_atr_change_rate_ts_top20,regime,atr_change_rate,volatility,1
(*)|(*)|(reg_atr_change_rate_ts_band30_70==1&reg_atr_change_rate_ts_top20==1&reg_atr_change_rate_ts_top40==1&reg_atr_change_rate_ts_top50==0&reg_ema20_gt_ema50_raw==0),255e536756a3,0,42,12,reg_atr_change_rate_ts_top50,regime,atr_change_rate,volatility,0
(*)|(*)|(reg_atr_change_rate_ts_band30_70==1&reg_atr_change_rate_ts_top20==1&reg_atr_change_rate_ts_top40==1&reg_atr_change_rate_ts_top50==0&reg_ema20_gt_ema50_raw==0),255e536756a3,0,42,32,reg_atr_change_rate_ts_band30_70,regime,atr_change_rate,volatility,1
(*)|(*)|(reg_atr_change_rate_ts_band30_70==1&reg_atr_change_rate_ts_top20==1&reg_atr_change_rate_ts_top40==1&reg_atr_change_rate_ts_top50==0&reg_ema20_gt_ema50_raw==0),255e536756a3,0,42,8,reg_atr_change_rate_ts_top40,regime,atr_change_rate,volatility,1
(*)|(loc_dist_ema20_atr_ts_top80==0)|(reg_atr_change_rate_ts_band25_75==0&reg_atr_change_rate_ts_top20==1&reg_atr_change_rate_ts_top50==1&reg_ema20_gt_ema50_raw==0),94d2579efb1d,0,42,324,reg_ema20_gt_ema50_raw,regime,ema20_gt_ema50,trend,0
(*)|(loc_dist_ema20_atr_ts_top80==0)|(reg_atr_change_rate_ts_band25_75==0&reg_atr_change_rate_ts_top20==1&reg_atr_change_rate_ts_top50==1&reg_ema20_gt_ema50_raw==0),94d2579efb1d,0,42,0,reg_atr_change_rate_ts_top20,regime,atr_change_rate,volatility,1
(*)|(loc_dist_ema20_atr_ts_top80==0)|(reg_atr_change_rate_ts_band25_75==0&reg_atr_change_rate_ts_top20==1&reg_atr_change_rate_ts_top50==1&reg_ema20_gt_ema50_raw==0),94d2579efb1d,0,42,12,reg_atr_change_rate_ts_top50,regime,atr_change_rate,volatility,1
(*)|(loc_dist_ema20_atr_ts_top80==0)|(reg_atr_change_rate_ts_band25_75==0&reg_atr_change_rate_ts_top20==1&reg_atr_change_rate_ts_top50==1&reg_ema20_gt_ema50_raw==0),94d2579efb1d,0,42,30,reg_atr_change_rate_ts_band25_75,regime,atr_change_rate,volatility,0
(*)|(loc_dist_ema20_atr_ts_top80==0)|(reg_atr_change_rate_ts_band25_75==0&reg_atr_change_rate_ts_top20==1&reg_atr_change_rate_ts_top50==1&reg_ema20_gt_ema50_raw==0),94d2579efb1d,0,42,25,loc_dist_ema20_atr_ts_top80,location,dist_ema20_atr,context,0
(*)|(loc_dist_ema20_atr_ts_top80==0)|(reg_atr_change_rate_ts_band25_75==1&reg_atr_change_rate_ts_top20==1&reg_atr_change_rate_ts_top50==1&reg_ema20_gt_ema50_raw==0),804618a1201b,0,42,324,reg_ema20_gt_ema50_raw,regime,ema20_gt_ema50,trend,0
(*)|(loc_dist_ema20_atr_ts_top80==0)|(reg_atr_change_rate_ts_band25_75==1&reg_atr_change_rate_ts_top20==1&reg_atr_change_rate_ts_top50==1&reg_ema20_gt_ema50_raw==0),804618a1201b,0,42,0,reg_atr_change_rate_ts_top20,regime,atr_change_rate,volatility,1
(*)|(loc_dist_ema20_atr_ts_top80==0)|(reg_atr_change_rate_ts_band25_75==1&reg_atr_change_rate_ts_top20==1&reg_atr_change_rate_ts_top50==1&reg_ema20_gt_ema50_raw==0),804618a1201b,0,42,12,reg_atr_change_rate_ts_top50,regime,atr_change_rate,volatility,1
(*)|(loc_dist_ema20_atr_ts_top80==0)|(reg_atr_change_rate_ts_band25_75==1&reg_atr_change_rate_ts_top20==1&reg_atr_change_rate_ts_top50==1&reg_ema20_gt_ema50_raw==0),804618a1201b,0,42,30,reg_atr_change_rate_ts_band25_75,regime,atr_change_rate,volatility,1
(*)|(loc_dist_ema20_atr_ts_top80==0)|(reg_atr_change_rate_ts_band25_75==1&reg_atr_change_rate_ts_top20==1&reg_atr_change_rate_ts_top50==1&reg_ema20_gt_ema50_raw==0),804618a1201b,0,42,25,loc_dist_ema20_atr_ts_top80,location,dist_ema20_atr,context,0
(*)|(loc_dist_ema20_atr_ts_top80==1)|(reg_atr_change_rate_ts_top20==1&reg_atr_change_rate_ts_top50==1&reg_ema20_gt_ema50_raw==0),6806aa091391,0,42,324,reg_ema20_gt_ema50_raw,regime,ema20_gt_ema50,trend,0
(*)|(loc_dist_ema20_atr_ts_top80==1)|(reg_atr_change_rate_ts_top20==1&reg_atr_change_rate_ts_top50==1&reg_ema20_gt_ema50_raw==0),6806aa091391,0,42,0,reg_atr_change_rate_ts_top20,regime,atr_change_rate,volatility,1
(*)|(loc_dist_ema20_atr_ts_top80==1)|(reg_atr_change_rate_ts_top20==1&reg_atr_change_rate_ts_top50==1&reg_ema20_gt_ema50_raw==0),6806aa091391,0,42,12,reg_atr_change_rate_ts_top50,regime,atr_change_rate,volatility,1
(*)|(loc_dist_ema20_atr_ts_top80==1)|(reg_atr_change_rate_ts_top20==1&reg_atr_change_rate_ts_top50==1&reg_ema20_gt_ema50_raw==0),6806aa091391,0,42,25,loc_dist_ema20_atr_ts_top80,location,dist_ema20_atr,context,1
(*)|(loc_dist_ema20_atr_ts_top80==0)|(reg_ema20_gt_ema50_raw==1),fcd6ad553e4a,0,42,324,reg_ema20_gt_ema50_raw,regime,ema20_gt_ema50,trend,1
(*)|(loc_dist_ema20_atr_ts_top80==0)|(reg_ema20_gt_ema50_raw==1),fcd6ad553e4a,0,42,25,loc_dist_ema20_atr_ts_top80,location,dist_ema20_atr,context,0
(*)|(loc_dist_ema20_atr_ts_top80==1)|(reg_ema20_gt_ema50_raw==1),c58cfc62103b,0,42,324,reg_ema20_gt_ema50_raw,regime,ema20_gt_ema50,trend,1
(*)|(loc_dist_ema20_atr_ts_top80==1)|(reg_ema20_gt_ema50_raw==1),c58cfc62103b,0,42,25,loc_dist_ema20_atr_ts_top80,location,dist_ema20_atr,context,1
(*)|(loc_dist_ema20_atr_ts_top50==0&loc_dist_ema20_atr_ts_top80==0)|(reg_atr_change_rate_ts_band30_70==1&reg_ema20_gt_ema50_raw==0),081f75fe35b5,0,42,324,reg_ema20_gt_ema50_raw,regime,ema20_gt_ema50,trend,0
(*)|(loc_dist_ema20_atr_ts_top50==0&loc_dist_ema20_atr_ts_top80==0)|(reg_atr_change_rate_ts_band30_70==1&reg_ema20_gt_ema50_raw==0),081f75fe35b5,0,42,32,reg_atr_change_rate_ts_band30_70,regime,atr_change_rate,volatility,1
(*)|(loc_dist_ema20_atr_ts_top50==0&loc_dist_ema20_atr_ts_top80==0)|(reg_atr_change_rate_ts_band30_70==1&reg_ema20_gt_ema50_raw==0),081f75fe35b5,0,42,25,loc_dist_ema20_atr_ts_top80,location,dist_ema20_atr,context,0
(*)|(loc_dist_ema20_atr_ts_top50==0&loc_dist_ema20_atr_ts_top80==0)|(reg_atr_change_rate_ts_band30_70==1&reg_ema20_gt_ema50_raw==0),081f75fe35b5,0,42,13,loc_dist_ema20_atr_ts_top50,location,dist_ema20_atr,context,0
(*)|(loc_dist_ema20_atr_ts_top50==1&loc_dist_ema20_atr_ts_top80==0)|(reg_atr_change_rate_ts_band30_70==1&reg_atr_change_rate_ts_band40_60==0&reg_ema20_gt_ema50_raw==0),b0ba269e8907,0,42,324,reg_ema20_gt_ema50_raw,regime,ema20_gt_ema50,trend,0
(*)|(loc_dist_ema20_atr_ts_top50==1&loc_dist_ema20_atr_ts_top80==0)|(reg_atr_change_rate_ts_band30_70==1&reg_atr_change_rate_ts_band40_60==0&reg_ema20_gt_ema50_raw==0),b0ba269e8907,0,42,32,reg_atr_change_rate_ts_band30_70,regime,atr_change_rate,volatility,1
(*)|(loc_dist_ema20_atr_ts_top50==1&loc_dist_ema20_atr_ts_top80==0)|(reg_atr_change_rate_ts_band30_70==1&reg_atr_change_rate_ts_band40_60==0&reg_ema20_gt_ema50_raw==0),b0ba269e8907,0,42,34,reg_atr_change_rate_ts_band40_60,regime,atr_change_rate,volatility,0
(*)|(loc_dist_ema20_atr_ts_top50==1&loc_dist_ema20_atr_ts_top80==0)|(reg_atr_change_rate_ts_band30_70==1&reg_atr_change_rate_ts_band40_60==0&reg_ema20_gt_ema50_raw==0),b0ba269e8907,0,42,25,loc_dist_ema20_atr_ts_top80,location,dist_ema20_atr,context,0
(*)|(loc_dist_ema20_atr_ts_top50==1&loc_dist_ema20_atr_ts_top80==0)|(reg_atr_change_rate_ts_band30_70==1&reg_atr_change_rate_ts_band40_60==0&reg_ema20_gt_ema50_raw==0),b0ba269e8907,0,42,13,loc_dist_ema20_atr_ts_top50,location,dist_ema20_atr,context,1
(*)|(loc_dist_ema20_atr_ts_top50==1&loc_dist_ema20_atr_ts_top80==0)|(reg_atr_change_rate_ts_band30_70==1&reg_atr_change_rate_ts_band40_60==1&reg_ema20_gt_ema50_raw==0),45f5babd91b0,0,42,324,reg_ema20_gt_ema50_raw,regime,ema20_gt_ema50,trend,0
(*)|(loc_dist_ema20_atr_ts_top50==1&loc_dist_ema20_atr_ts_top80==0)|(reg_atr_change_rate_ts_band30_70==1&reg_atr_change_rate_ts_band40_60==1&reg_ema20_gt_ema50_raw==0),45f5babd91b0,0,42,32,reg_atr_change_rate_ts_band30_70,regime,atr_change_rate,volatility,1
(*)|(loc_dist_ema20_atr_ts_top50==1&loc_dist_ema20_atr_ts_top80==0)|(reg_atr_change_rate_ts_band30_70==1&reg_atr_change_rate_ts_band40_60==1&reg_ema20_gt_ema50_raw==0),45f5babd91b0,0,42,34,reg_atr_change_rate_ts_band40_60,regime,atr_change_rate,volatility,1
(*)|(loc_dist_ema20_atr_ts_top50==1&loc_dist_ema20_atr_ts_top80==0)|(reg_atr_change_rate_ts_band30_70==1&reg_atr_change_rate_ts_band40_60==1&reg_ema20_gt_ema50_raw==0),45f5babd91b0,0,42,25,loc_dist_ema20_atr_ts_top80,location,dist_ema20_atr,context,0
(*)|(loc_dist_ema20_atr_ts_top50==1&loc_dist_ema20_atr_ts_top80==0)|(reg_atr_change_rate_ts_band30_70==1&reg_atr_change_rate_ts_band40_60==1&reg_ema20_gt_ema50_raw==0),45f5babd91b0,0,42,13,loc_dist_ema20_atr_ts_top50,location,dist_ema20_atr,context,1
(*)|(loc_dist_ema20_atr_ts_top80==1)|(reg_ema20_gt_ema50_raw==0),b1eebce8b00c,0,42,324,reg_ema20_gt_ema50_raw,regime,ema20_gt_ema50,trend,0
(*)|(loc_dist_ema20_atr_ts_top80==1)|(reg_ema20_gt_ema50_raw==0),b1eebce8b00c,0,42,25,loc_dist_ema20_atr_ts_top80,location,dist_ema20_atr,context,1
(*)|(loc_dist_ema20_atr_ts_top80==0)|(reg_ema20_gt_ema50_raw==1),194389aacfc7,0,42,324,reg_ema20_gt_ema50_raw,regime,ema20_gt_ema50,trend,1
(*)|(loc_dist_ema20_atr_ts_top80==0)|(reg_ema20_gt_ema50_raw==1),194389aacfc7,0,42,25,loc_dist_ema20_atr_ts_top80,location,dist_ema20_atr,context,0
(*)|(loc_dist_ema20_atr_ts_top80==1)|(reg_ema20_gt_ema50_raw==1),0af48fa53bbb,0,42,324,reg_ema20_gt_ema50_raw,regime,ema20_gt_ema50,trend,1
(*)|(loc_dist_ema20_atr_ts_top80==1)|(reg_ema20_gt_ema50_raw==1),0af48fa53bbb,0,42,25,loc_dist_ema20_atr_ts_top80,location,dist_ema20_atr,context,1
(*)|(*)|(reg_atr_change_rate_ts_band20_80==0&reg_atr_change_rate_ts_top20==1&reg_ema20_gt_ema50_raw==0),28d61f2afcc3,0,42,28,reg_atr_change_rate_ts_band20_80,regime,atr_change_rate,volatility,0
(*)|(*)|(reg_atr_change_rate_ts_band20_80==0&reg_atr_change_rate_ts_top20==1&reg_ema20_gt_ema50_raw==0),28d61f2afcc3,0,42,324,reg_ema20_gt_ema50_raw,regime,ema20_gt_ema50,trend,0
(*)|(*)|(reg_atr_change_rate_ts_band20_80==0&reg_atr_change_rate_ts_top20==1&reg_ema20_gt_ema50_raw==0),28d61f2afcc3,0,42,0,reg_atr_change_rate_ts_top20,regime,atr_change_rate,volatility,1
(*)|(*)|(reg_atr_change_rate_ts_band20_80==0&reg_ema20_gt_ema50_raw==1),339d819043a0,0,42,28,reg_atr_change_rate_ts_band20_80,regime,atr_change_rate,volatility,0
(*)|(*)|(reg_atr_change_rate_ts_band20_80==0&reg_ema20_gt_ema50_raw==1),339d819043a0,0,42,324,reg_ema20_gt_ema50_raw,regime,ema20_gt_ema50,trend,1
(*)|(*)|(reg_atr_change_rate_ts_band20_80==1&reg_atr_change_rate_ts_band25_75==0&reg_atr_change_rate_ts_band30_70==0&reg_ema20_gt_ema50_raw==0),b060a36b859b,0,42,28,reg_atr_change_rate_ts_band20_80,regime,atr_change_rate,volatility,1
(*)|(*)|(reg_atr_change_rate_ts_band20_80==1&reg_atr_change_rate_ts_band25_75==0&reg_atr_change_rate_ts_band30_70==0&reg_ema20_gt_ema50_raw==0),b060a36b859b,0,42,32,reg_atr_change_rate_ts_band30_70,regime,atr_change_rate,volatility,0
(*)|(*)|(reg_atr_change_rate_ts_band20_80==1&reg_atr_change_rate_ts_band25_75==0&reg_atr_change_rate_ts_band30_70==0&reg_ema20_gt_ema50_raw==0),b060a36b859b,0,42,324,reg_ema20_gt_ema50_raw,regime,ema20_gt_ema50,trend,0
(*)|(*)|(reg_atr_change_rate_ts_band20_80==1&reg_atr_change_rate_ts_band25_75==0&reg_atr_change_rate_ts_band30_70==0&reg_ema20_gt_ema50_raw==0),b060a36b859b,0,42,30,reg_atr_change_rate_ts_band25_75,regime,atr_change_rate,volatility,0
(*)|(*)|(reg_atr_change_rate_ts_band20_80==1&reg_atr_change_rate_ts_band25_75==1&reg_atr_change_rate_ts_band30_70==0&reg_ema20_gt_ema50_raw==0),c67a05c2e77e,0,42,28,reg_atr_change_rate_ts_band20_80,regime,atr_change_rate,volatility,1
(*)|(*)|(reg_atr_change_rate_ts_band20_80==1&reg_atr_change_rate_ts_band25_75==1&reg_atr_change_rate_ts_band30_70==0&reg_ema20_gt_ema50_raw==0),c67a05c2e77e,0,42,32,reg_atr_change_rate_ts_band30_70,regime,atr_change_rate,volatility,0
(*)|(*)|(reg_atr_change_rate_ts_band20_80==1&reg_atr_change_rate_ts_band25_75==1&reg_atr_change_rate_ts_band30_70==0&reg_ema20_gt_ema50_raw==0),c67a05c2e77e,0,42,324,reg_ema20_gt_ema50_raw,regime,ema20_gt_ema50,trend,0
(*)|(*)|(reg_atr_change_rate_ts_band20_80==1&reg_atr_change_rate_ts_band25_75==1&reg_atr_change_rate_ts_band30_70==0&reg_ema20_gt_ema50_raw==0),c67a05c2e77e,0,42,30,reg_atr_change_rate_ts_band25_75,regime,atr_change_rate,volatility,1
(*)|(*)|(reg_atr_change_rate_ts_band20_80==1&reg_atr_change_rate_ts_band25_75==0&reg_atr_change_rate_ts_band30_70==0&reg_ema20_gt_ema50_raw==1),461a88cb64cd,0,42,28,reg_atr_change_rate_ts_band20_80,regime,atr_change_rate,volatility,1
(*)|(*)|(reg_atr_change_rate_ts_band20_80==1&reg_atr_change_rate_ts_band25_75==0&reg_atr_change_rate_ts_band30_70==0&reg_ema20_gt_ema50_raw==1),461a88cb64cd,0,42,32,reg_atr_change_rate_ts_band30_70,regime,atr_change_rate,volatility,0
(*)|(*)|(reg_atr_change_rate_ts_band20_80==1&reg_atr_change_rate_ts_band25_75==0&reg_atr_change_rate_ts_band30_70==0&reg_ema20_gt_ema50_raw==1),461a88cb64cd,0,42,324,reg_ema20_gt_ema50_raw,regime,ema20_gt_ema50,trend,1
(*)|(*)|(reg_atr_change_rate_ts_band20_80==1&reg_atr_change_rate_ts_band25_75==0&reg_atr_change_rate_ts_band30_70==0&reg_ema20_gt_ema50_raw==1),461a88cb64cd,0,42,30,reg_atr_change_rate_ts_band25_75,regime,atr_change_rate,volatility,0
(*)|(*)|(reg_atr_change_rate_ts_band20_80==1&reg_atr_change_rate_ts_band25_75==1&reg_atr_change_rate_ts_band30_70==0&reg_ema20_gt_ema50_raw==1),bad94cf23228,0,42,28,reg_atr_change_rate_ts_band20_80,regime,atr_change_rate,volatility,1
(*)|(*)|(reg_atr_change_rate_ts_band20_80==1&reg_atr_change_rate_ts_band25_75==1&reg_atr_change_rate_ts_band30_70==0&reg_ema20_gt_ema50_raw==1),bad94cf23228,0,42,32,reg_atr_change_rate_ts_band30_70,regime,atr_change_rate,volatility,0
(*)|(*)|(reg_atr_change_rate_ts_band20_80==1&reg_atr_change_rate_ts_band25_75==1&reg_atr_change_rate_ts_band30_70==0&reg_ema20_gt_ema50_raw==1),bad94cf23228,0,42,324,reg_ema20_gt_ema50_raw,regime,ema20_gt_ema50,trend,1
(*)|(*)|(reg_atr_change_rate_ts_band20_80==1&reg_atr_change_rate_ts_band25_75==1&reg_atr_change_rate_ts_band30_70==0&reg_ema20_gt_ema50_raw==1),bad94cf23228,0,42,30,reg_atr_change_rate_ts_band25_75,regime,atr_change_rate,volatility,1
(*)|(*)|(reg_atr_change_rate_ts_band20_80==1&reg_atr_change_rate_ts_band30_70==1&reg_atr_change_rate_ts_top50==0),fdaea211a14d,0,42,28,reg_atr_change_rate_ts_band20_80,regime,atr_change_rate,volatility,1
(*)|(*)|(reg_atr_change_rate_ts_band20_80==1&reg_atr_change_rate_ts_band30_70==1&reg_atr_change_rate_ts_top50==0),fdaea211a14d,0,42,32,reg_atr_change_rate_ts_band30_70,regime,atr_change_rate,volatility,1
(*)|(*)|(reg_atr_change_rate_ts_band20_80==1&reg_atr_change_rate_ts_band30_70==1&reg_atr_change_rate_ts_top50==0),fdaea211a14d,0,42,12,reg_atr_change_rate_ts_top50,regime,atr_change_rate,volatility,0
(*)|(*)|(reg_atr_change_rate_ts_band20_80==1&reg_atr_change_rate_ts_band30_70==1&reg_atr_change_rate_ts_top50==1),211720ab58f6,0,42,28,reg_atr_change_rate_ts_band20_80,regime,atr_change_rate,volatility,1
(*)|(*)|(reg_atr_change_rate_ts_band20_80==1&reg_atr_change_rate_ts_band30_70==1&reg_atr_change_rate_ts_top50==1),211720ab58f6,0,42,32,reg_atr_change_rate_ts_band30_70,regime,atr_change_rate,volatility,1
(*)|(*)|(reg_atr_change_rate_ts_band20_80==1&reg_atr_change_rate_ts_band30_70==1&reg_atr_change_rate_ts_top50==1),211720ab58f6,0,42,12,reg_atr_change_rate_ts_top50,regime,atr_change_rate,volatility,1
(*)|(*)|(reg_atr_change_rate_ts_band20_80==1&reg_atr_change_rate_ts_top80==0&reg_ema20_gt_ema50_raw==0),3049c5ef602b,0,42,324,reg_ema20_gt_ema50_raw,regime,ema20_gt_ema50,trend,0
(*)|(*)|(reg_atr_change_rate_ts_band20_80==1&reg_atr_change_rate_ts_top80==0&reg_ema20_gt_ema50_raw==0),3049c5ef602b,0,42,24,reg_atr_change_rate_ts_top80,regime,atr_change_rate,volatility,0
(*)|(*)|(reg_atr_change_rate_ts_band20_80==1&reg_atr_change_rate_ts_top80==0&reg_ema20_gt_ema50_raw==0),3049c5ef602b,0,42,28,reg_atr_change_rate_ts_band20_80,regime,atr_change_rate,volatility,1
(*)|(*)|(reg_atr_change_rate_ts_top80==1&reg_ema20_gt_ema50_raw==0),4788d8a8ae05,0,42,324,reg_ema20_gt_ema50_raw,regime,ema20_gt_ema50,trend,0
(*)|(*)|(reg_atr_change_rate_ts_top80==1&reg_ema20_gt_ema50_raw==0),4788d8a8ae05,0,42,24,reg_atr_change_rate_ts_top80,regime,atr_change_rate,volatility,1
(*)|(*)|(reg_atr_change_rate_ts_top80==0&reg_ema20_gt_ema50_raw==1),4ac5c0fc79cd,0,42,324,reg_ema20_gt_ema50_raw,regime,ema20_gt_ema50,trend,1
(*)|(*)|(reg_atr_change_rate_ts_top80==0&reg_ema20_gt_ema50_raw==1),4ac5c0fc79cd,0,42,24,reg_atr_change_rate_ts_top80,regime,atr_change_rate,volatility,0
(*)|(*)|(reg_atr_change_rate_ts_top80==1&reg_ema20_gt_ema50_raw==1),3607b2758ec3,0,42,324,reg_ema20_gt_ema50_raw,regime,ema20_gt_ema50,trend,1
(*)|(*)|(reg_atr_change_rate_ts_top80==1&reg_ema20_gt_ema50_raw==1),3607b2758ec3,0,42,24,reg_atr_change_rate_ts_top80,regime,atr_change_rate,volatility,1
(*)|(*)|(reg_atr_change_rate_ts_band25_75==0&reg_atr_change_rate_ts_top20==1&reg_atr_change_rate_ts_top50==0&reg_ema20_gt_ema50_raw==0),5e99fb722894,0,42,324,reg_ema20_gt_ema50_raw,regime,ema20_gt_ema50,trend,0
(*)|(*)|(reg_atr_change_rate_ts_band25_75==0&reg_atr_change_rate_ts_top20==1&reg_atr_change_rate_ts_top50==0&reg_ema20_gt_ema50_raw==0),5e99fb722894,0,42,0,reg_atr_change_rate_ts_top20,regime,atr_change_rate,volatility,1
(*)|(*)|(reg_atr_change_rate_ts_band25_75==0&reg_atr_change_rate_ts_top20==1&reg_atr_change_rate_ts_top50==0&reg_ema20_gt_ema50_raw==0),5e99fb722894,0,42,12,reg_atr_change_rate_ts_top50,regime,atr_change_rate,volatility,0
(*)|(*)|(reg_atr_change_rate_ts_band25_75==0&reg_atr_change_rate_ts_top20==1&reg_atr_change_rate_ts_top50==0&reg_ema20_gt_ema50_raw==0),5e99fb722894,0,42,30,reg_atr_change_rate_ts_band25_75,regime,atr_change_rate,volatility,0
(*)|(*)|(reg_atr_change_rate_ts_band25_75==1&reg_atr_change_rate_ts_top20==1&reg_atr_change_rate_ts_top50==0&reg_ema20_gt_ema50_raw==0),c2bef8bcd997,0,42,324,reg_ema20_gt_ema50_raw,regime,ema20_gt_ema50,trend,0
(*)|(*)|(reg_atr_change_rate_ts_band25_75==1&reg_atr_change_rate_ts_top20==1&reg_atr_change_rate_ts_top50==0&reg_ema20_gt_ema50_raw==0),c2bef8bcd997,0,42,0,reg_atr_change_rate_ts_top20,regime,atr_change_rate,volatility,1
(*)|(*)|(reg_atr_change_rate_ts_band25_75==1&reg_atr_change_rate_ts_top20==1&reg_atr_change_rate_ts_top50==0&reg_ema20_gt_ema50_raw==0),c2bef8bcd997,0,42,12,reg_atr_change_rate_ts_top50,regime,atr_change_rate,volatility,0
(*)|(*)|(reg_atr_change_rate_ts_band25_75==1&reg_atr_change_rate_ts_top20==1&reg_atr_change_rate_ts_top50==0&reg_ema20_gt_ema50_raw==0),c2bef8bcd997,0,42,30,reg_atr_change_rate_ts_band25_75,regime,atr_change_rate,volatility,1
(*)|(*)|(reg_atr_change_rate_ts_band25_75==0&reg_atr_change_rate_ts_top20==1&reg_atr_change_rate_ts_top50==1&reg_ema20_gt_ema50_raw==0),2af89e6c5cda,0,42,324,reg_ema20_gt_ema50_raw,regime,ema20_gt_ema50,trend,0
(*)|(*)|(reg_atr_change_rate_ts_band25_75==0&reg_atr_change_rate_ts_top20==1&reg_atr_change_rate_ts_top50==1&reg_ema20_gt_ema50_raw==0),2af89e6c5cda,0,42,0,reg_atr_change_rate_ts_top20,regime,atr_change_rate,volatility,1
(*)|(*)|(reg_atr_change_rate_ts_band25_75==0&reg_atr_change_rate_ts_top20==1&reg_atr_change_rate_ts_top50==1&reg_ema20_gt_ema50_raw==0),2af89e6c5cda,0,42,12,reg_atr_change_rate_ts_top50,regime,atr_change_rate,volatility,1
(*)|(*)|(reg_atr_change_rate_ts_band25_75==0&reg_atr_change_rate_ts_top20==1&reg_atr_change_rate_ts_top50==1&reg_ema20_gt_ema50_raw==0),2af89e6c5cda,0,42,30,reg_atr_change_rate_ts_band25_75,regime,atr_change_rate,volatility,0
(*)|(*)|(reg_atr_change_rate_ts_band25_75==1&reg_atr_change_rate_ts_top20==1&reg_atr_change_rate_ts_top50==1&reg_ema20_gt_ema50_raw==0),e0600c139ee3,0,42,324,reg_ema20_gt_ema50_raw,regime,ema20_gt_ema50,trend,0
(*)|(*)|(reg_atr_change_rate_ts_band25_75==1&reg_atr_change_rate_ts_top20==1&reg_atr_change_rate_ts_top50==1&reg_ema20_gt_ema50_raw==0),e0600c139ee3,0,42,0,reg_atr_change_rate_ts_top20,regime,atr_change_rate,volatility,1
(*)|(*)|(reg_atr_change_rate_ts_band25_75==1&reg_atr_change_rate_ts_top20==1&reg_atr_change_rate_ts_top50==1&reg_ema20_gt_ema50_raw==0),e0600c139ee3,0,42,12,reg_atr_change_rate_ts_top50,regime,atr_change_rate,volatility,1
(*)|(*)|(reg_atr_change_rate_ts_band25_75==1&reg_atr_change_rate_ts_top20==1&reg_atr_change_rate_ts_top50==1&reg_ema20_gt_ema50_raw==0),e0600c139ee3,0,42,30,reg_atr_change_rate_ts_band25_75,regime,atr_change_rate,volatility,1
(*)|(*)|(reg_ema20_gt_ema50_raw==1),accf4618915d,0,42,324,reg_ema20_gt_ema50_raw,regime,ema20_gt_ema50,trend,1
(*)|(*)|(reg_atr_change_rate_ts_band25_75==0&reg_atr_change_rate_ts_top20==1&reg_atr_change_rate_ts_top50==0),dc0dcb500376,0,42,12,reg_atr_change_rate_ts_top50,regime,atr_change_rate,volatility,0
(*)|(*)|(reg_atr_change_rate_ts_band25_75==0&reg_atr_change_rate_ts_top20==1&reg_atr_change_rate_ts_top50==0),dc0dcb500376,0,42,0,reg_atr_change_rate_ts_top20,regime,atr_change_rate,volatility,1
(*)|(*)|(reg_atr_change_rate_ts_band25_75==0&reg_atr_change_rate_ts_top20==1&reg_atr_change_rate_ts_top50==0),dc0dcb500376,0,42,30,reg_atr_change_rate_ts_band25_75,regime,atr_change_rate,volatility,0
(*)|(*)|(reg_atr_change_rate_ts_band25_75==1&reg_atr_change_rate_ts_top20==1&reg_atr_change_rate_ts_top50==0),7ce009dc807e,0,42,12,reg_atr_change_rate_ts_top50,regime,atr_change_rate,volatility,0
(*)|(*)|(reg_atr_change_rate_ts_band25_75==1&reg_atr_change_rate_ts_top20==1&reg_atr_change_rate_ts_top50==0),7ce009dc807e,0,42,0,reg_atr_change_rate_ts_top20,regime,atr_change_rate,volatility,1
(*)|(*)|(reg_atr_change_rate_ts_band25_75==1&reg_atr_change_rate_ts_top20==1&reg_atr_change_rate_ts_top50==0),7ce009dc807e,0,42,30,reg_atr_change_rate_ts_band25_75,regime,atr_change_rate,volatility,1
(*)|(*)|(reg_atr_change_rate_ts_band25_75==0&reg_atr_change_rate_ts_top50==1&reg_atr_change_rate_ts_top80==0&reg_ema20_gt_ema50_raw==0),75d2e6923305,0,42,12,reg_atr_change_rate_ts_top50,regime,atr_change_rate,volatility,1
(*)|(*)|(reg_atr_change_rate_ts_band25_75==0&reg_atr_change_rate_ts_top50==1&reg_atr_change_rate_ts_top80==0&reg_ema20_gt_ema50_raw==0),75d2e6923305,0,42,324,reg_ema20_gt_ema50_raw,regime,ema20_gt_ema50,trend,0
(*)|(*)|(reg_atr_change_rate_ts_band25_75==0&reg_atr_change_rate_ts_top50==1&reg_atr_change_rate_ts_top80==0&reg_ema20_gt_ema50_raw==0),75d2e6923305,0,42,24,reg_atr_change_rate_ts_top80,regime,atr_change_rate,volatility,0
(*)|(*)|(reg_atr_change_rate_ts_band25_75==0&reg_atr_change_rate_ts_top50==1&reg_atr_change_rate_ts_top80==0&reg_ema20_gt_ema50_raw==0),75d2e6923305,0,42,30,reg_atr_change_rate_ts_band25_75,regime,atr_change_rate,volatility,0
(*)|(*)|(reg_atr_change_rate_ts_band25_75==1&reg_atr_change_rate_ts_top50==1&reg_atr_change_rate_ts_top80==0&reg_ema20_gt_ema50_raw==0),b25ebd9986e1,0,42,12,reg_atr_change_rate_ts_top50,regime,atr_change_rate,volatility,1
(*)|(*)|(reg_atr_change_rate_ts_band25_75==1&reg_atr_change_rate_ts_top50==1&reg_atr_change_rate_ts_top80==0&reg_ema20_gt_ema50_raw==0),b25ebd9986e1,0,42,324,reg_ema20_gt_ema50_raw,regime,ema20_gt_ema50,trend,0
(*)|(*)|(reg_atr_change_rate_ts_band25_75==1&reg_atr_change_rate_ts_top50==1&reg_atr_change_rate_ts_top80==0&reg_ema20_gt_ema50_raw==0),b25ebd9986e1,0,42,24,reg_atr_change_rate_ts_top80,regime,atr_change_rate,volatility,0
(*)|(*)|(reg_atr_change_rate_ts_band25_75==1&reg_atr_change_rate_ts_top50==1&reg_atr_change_rate_ts_top80==0&reg_ema20_gt_ema50_raw==0),b25ebd9986e1,0,42,30,reg_atr_change_rate_ts_band25_75,regime,atr_change_rate,volatility,1
(*)|(*)|(reg_atr_change_rate_ts_top50==1&reg_atr_change_rate_ts_top80==1&reg_ema20_gt_ema50_raw==0),7178acd6c579,0,42,12,reg_atr_change_rate_ts_top50,regime,atr_change_rate,volatility,1
(*)|(*)|(reg_atr_change_rate_ts_top50==1&reg_atr_change_rate_ts_top80==1&reg_ema20_gt_ema50_raw==0),7178acd6c579,0,42,324,reg_ema20_gt_ema50_raw,regime,ema20_gt_ema50,trend,0
(*)|(*)|(reg_atr_change_rate_ts_top50==1&reg_atr_change_rate_ts_top80==1&reg_ema20_gt_ema50_raw==0),7178acd6c579,0,42,24,reg_atr_change_rate_ts_top80,regime,atr_change_rate,volatility,1
(*)|(*)|(reg_atr_change_rate_ts_top50==1&reg_atr_change_rate_ts_top80==0&reg_ema20_gt_ema50_raw==1),bbaec0625c51,0,42,12,reg_atr_change_rate_ts_top50,regime,atr_change_rate,volatility,1
(*)|(*)|(reg_atr_change_rate_ts_top50==1&reg_atr_change_rate_ts_top80==0&reg_ema20_gt_ema50_raw==1),bbaec0625c51,0,42,324,reg_ema20_gt_ema50_raw,regime,ema20_gt_ema50,trend,1
(*)|(*)|(reg_atr_change_rate_ts_top50==1&reg_atr_change_rate_ts_top80==0&reg_ema20_gt_ema50_raw==1),bbaec0625c51,0,42,24,reg_atr_change_rate_ts_top80,regime,atr_change_rate,volatility,0
(*)|(*)|(reg_atr_change_rate_ts_top50==1&reg_atr_change_rate_ts_top80==1&reg_ema20_gt_ema50_raw==1),b4c2889ac3e0,0,42,12,reg_atr_change_rate_ts_top50,regime,atr_change_rate,volatility,1
(*)|(*)|(reg_atr_change_rate_ts_top50==1&reg_atr_change_rate_ts_top80==1&reg_ema20_gt_ema50_raw==1),b4c2889ac3e0,0,42,324,reg_ema20_gt_ema50_raw,regime,ema20_gt_ema50,trend,1
(*)|(*)|(reg_atr_change_rate_ts_top50==1&reg_atr_change_rate_ts_top80==1&reg_ema20_gt_ema50_raw==1),b4c2889ac3e0,0,42,24,reg_atr_change_rate_ts_top80,regime,atr_change_rate,volatility,1
(*)|(loc_dist_ema20_atr_ts_band20_80==1&loc_dist_ema20_atr_ts_top50==0)|(reg_atr_change_rate_ts_band30_70==0&reg_atr_change_rate_ts_top70==0&reg_price_lt_ema200_raw==0),79eb2e5f92a4,0,42,472,reg_price_lt_ema200_raw,regime,price_lt_ema200,trend,0
(*)|(loc_dist_ema20_atr_ts_band20_80==1&loc_dist_ema20_atr_ts_top50==0)|(reg_atr_change_rate_ts_band30_70==0&reg_atr_change_rate_ts_top70==0&reg_price_lt_ema200_raw==0),79eb2e5f92a4,0,42,20,reg_atr_change_rate_ts_top70,regime,atr_change_rate,volatility,0
(*)|(loc_dist_ema20_atr_ts_band20_80==1&loc_dist_ema20_atr_ts_top50==0)|(reg_atr_change_rate_ts_band30_70==0&reg_atr_change_rate_ts_top70==0&reg_price_lt_ema200_raw==0),79eb2e5f92a4,0,42,32,reg_atr_change_rate_ts_band30_70,regime,atr_change_rate,volatility,0
(*)|(loc_dist_ema20_atr_ts_band20_80==1&loc_dist_ema20_atr_ts_top50==0)|(reg_atr_change_rate_ts_band30_70==0&reg_atr_change_rate_ts_top70==0&reg_price_lt_ema200_raw==0),79eb2e5f92a4,0,42,13,loc_dist_ema20_atr_ts_top50,location,dist_ema20_atr,context,0
(*)|(loc_dist_ema20_atr_ts_band20_80==1&loc_dist_ema20_atr_ts_top50==0)|(reg_atr_change_rate_ts_band30_70==0&reg_atr_change_rate_ts_top70==0&reg_price_lt_ema200_raw==0),79eb2e5f92a4,0,42,29,loc_dist_ema20_atr_ts_band20_80,location,dist_ema20_atr,context,1
(*)|(loc_dist_ema20_atr_ts_band20_80==1&loc_dist_ema20_atr_ts_top50==0)|(reg_atr_change_rate_ts_band30_70==1&reg_atr_change_rate_ts_top70==0&reg_price_lt_ema200_raw==0),ee9739414abb,0,42,472,reg_price_lt_ema200_raw,regime,price_lt_ema200,trend,0
(*)|(loc_dist_ema20_atr_ts_band20_80==1&loc_dist_ema20_atr_ts_top50==0)|(reg_atr_change_rate_ts_band30_70==1&reg_atr_change_rate_ts_top70==0&reg_price_lt_ema200_raw==0),ee9739414abb,0,42,20,reg_atr_change_rate_ts_top70,regime,atr_change_rate,volatility,0
(*)|(loc_dist_ema20_atr_ts_band20_80==1&loc_dist_ema20_atr_ts_top50==0)|(reg_atr_change_rate_ts_band30_70==1&reg_atr_change_rate_ts_top70==0&reg_price_lt_ema200_raw==0),ee9739414abb,0,42,32,reg_atr_change_rate_ts_band30_70,regime,atr_change_rate,volatility,1
(*)|(loc_dist_ema20_atr_ts_band20_80==1&loc_dist_ema20_atr_ts_top50==0)|(reg_atr_change_rate_ts_band30_70==1&reg_atr_change_rate_ts_top70==0&reg_price_lt_ema200_raw==0),ee9739414abb,0,42,13,loc_dist_ema20_atr_ts_top50,location,dist_ema20_atr,context,0
(*)|(loc_dist_ema20_atr_ts_band20_80==1&loc_dist_ema20_atr_ts_top50==0)|(reg_atr_change_rate_ts_band30_70==1&reg_atr_change_rate_ts_top70==0&reg_price_lt_ema200_raw==0),ee9739414abb,0,42,29,loc_dist_ema20_atr_ts_band20_80,location,dist_ema20_atr,context,1
(*)|(loc_dist_ema20_atr_ts_top50==1)|(reg_atr_change_rate_ts_top70==0&reg_price_lt_ema200_raw==0),7a89dbaf6afc,0,42,472,reg_price_lt_ema200_raw,regime,price_lt_ema200,trend,0
(*)|(loc_dist_ema20_atr_ts_top50==1)|(reg_atr_change_rate_ts_top70==0&reg_price_lt_ema200_raw==0),7a89dbaf6afc,0,42,20,reg_atr_change_rate_ts_top70,regime,atr_change_rate,volatility,0
(*)|(loc_dist_ema20_atr_ts_top50==1)|(reg_atr_change_rate_ts_top70==0&reg_price_lt_ema200_raw==0),7a89dbaf6afc,0,42,13,loc_dist_ema20_atr_ts_top50,location,dist_ema20_atr,context,1
(*)|(*)|(reg_atr_change_rate_ts_top70==1&reg_atr_change_rate_ts_top80==0&reg_price_lt_ema200_raw==0),417df4a9d492,0,42,472,reg_price_lt_ema200_raw,regime,price_lt_ema200,trend,0
(*)|(*)|(reg_atr_change_rate_ts_top70==1&reg_atr_change_rate_ts_top80==0&reg_price_lt_ema200_raw==0),417df4a9d492,0,42,20,reg_atr_change_rate_ts_top70,regime,atr_change_rate,volatility,1
(*)|(*)|(reg_atr_change_rate_ts_top70==1&reg_atr_change_rate_ts_top80==0&reg_price_lt_ema200_raw==0),417df4a9d492,0,42,24,reg_atr_change_rate_ts_top80,regime,atr_change_rate,volatility,0
(*)|(*)|(reg_atr_change_rate_ts_top70==1&reg_atr_change_rate_ts_top80==1&reg_price_lt_ema200_raw==0),158b5dc08bbf,0,42,472,reg_price_lt_ema200_raw,regime,price_lt_ema200,trend,0
(*)|(*)|(reg_atr_change_rate_ts_top70==1&reg_atr_change_rate_ts_top80==1&reg_price_lt_ema200_raw==0),158b5dc08bbf,0,42,20,reg_atr_change_rate_ts_top70,regime,atr_change_rate,volatility,1
(*)|(*)|(reg_atr_change_rate_ts_top70==1&reg_atr_change_rate_ts_top80==1&reg_price_lt_ema200_raw==0),158b5dc08bbf,0,42,24,reg_atr_change_rate_ts_top80,regime,atr_change_rate,volatility,1
(*)|(*)|(reg_price_lt_ema200_raw==1),fb38e32a9fc9,0,42,472,reg_price_lt_ema200_raw,regime,price_lt_ema200,trend,1
(*)|(*)|(reg_atr_change_rate_ts_band20_80==0&reg_atr_change_rate_ts_top20==1&reg_ema20_gt_ema50_raw==0),d0e362153739,0,42,28,reg_atr_change_rate_ts_band20_80,regime,atr_change_rate,volatility,0
(*)|(*)|(reg_atr_change_rate_ts_band20_80==0&reg_atr_change_rate_ts_top20==1&reg_ema20_gt_ema50_raw==0),d0e362153739,0,42,324,reg_ema20_gt_ema50_raw,regime,ema20_gt_ema50,trend,0
(*)|(*)|(reg_atr_change_rate_ts_band20_80==0&reg_atr_change_rate_ts_top20==1&reg_ema20_gt_ema50_raw==0),d0e362153739,0,42,0,reg_atr_change_rate_ts_top20,regime,atr_change_rate,volatility,1
(*)|(*)|(reg_atr_change_rate_ts_band20_80==0&reg_ema20_gt_ema50_raw==1),908e80699685,0,42,28,reg_atr_change_rate_ts_band20_80,regime,atr_change_rate,volatility,0
(*)|(*)|(reg_atr_change_rate_ts_band20_80==0&reg_ema20_gt_ema50_raw==1),908e80699685,0,42,324,reg_ema20_gt_ema50_raw,regime,ema20_gt_ema50,trend,1
(*)|(*)|(reg_atr_change_rate_ts_band20_80==1&reg_atr_change_rate_ts_band30_70==0&reg_atr_change_rate_ts_top40==0),e999fbfeec95,0,42,28,reg_atr_change_rate_ts_band20_80,regime,atr_change_rate,volatility,1
(*)|(*)|(reg_atr_change_rate_ts_band20_80==1&reg_atr_change_rate_ts_band30_70==0&reg_atr_change_rate_ts_top40==0),e999fbfeec95,0,42,8,reg_atr_change_rate_ts_top40,regime,atr_change_rate,volatility,0
(*)|(*)|(reg_atr_change_rate_ts_band20_80==1&reg_atr_change_rate_ts_band30_70==0&reg_atr_change_rate_ts_top40==0),e999fbfeec95,0,42,32,reg_atr_change_rate_ts_band30_70,regime,atr_change_rate,volatility,0
(*)|(*)|(reg_atr_change_rate_ts_band20_80==1&reg_atr_change_rate_ts_band30_70==1&reg_atr_change_rate_ts_top40==0),66ae301b736c,0,42,28,reg_atr_change_rate_ts_band20_80,regime,atr_change_rate,volatility,1
(*)|(*)|(reg_atr_change_rate_ts_band20_80==1&reg_atr_change_rate_ts_band30_70==1&reg_atr_change_rate_ts_top40==0),66ae301b736c,0,42,8,reg_atr_change_rate_ts_top40,regime,atr_change_rate,volatility,0
(*)|(*)|(reg_atr_change_rate_ts_band20_80==1&reg_atr_change_rate_ts_band30_70==1&reg_atr_change_rate_ts_top40==0),66ae301b736c,0,42,32,reg_atr_change_rate_ts_band30_70,regime,atr_change_rate,volatility,1
(*)|(*)|(reg_atr_change_rate_ts_band20_80==1&reg_atr_change_rate_ts_top40==1&reg_atr_change_rate_ts_top70==0),95bc0faa302f,0,42,28,reg_atr_change_rate_ts_band20_80,regime,atr_change_rate,volatility,1
(*)|(*)|(reg_atr_change_rate_ts_band20_80==1&reg_atr_change_rate_ts_top40==1&reg_atr_change_rate_ts_top70==0),95bc0faa302f,0,42,8,reg_atr_change_rate_ts_top40,regime,atr_change_rate,volatility,1
(*)|(*)|(reg_atr_change_rate_ts_band20_80==1&reg_atr_change_rate_ts_top40==1&reg_atr_change_rate_ts_top70==0),95bc0faa302f,0,42,20,reg_atr_change_rate_ts_top70,regime,atr_change_rate,volatility,0
(*)|(*)|(reg_atr_change_rate_ts_band20_80==1&reg_atr_change_rate_ts_top40==1&reg_atr_change_rate_ts_top70==1),5a84b6cc0c3a,0,42,28,reg_atr_change_rate_ts_band20_80,regime,atr_change_rate,volatility,1
(*)|(*)|(reg_atr_change_rate_ts_band20_80==1&reg_atr_change_rate_ts_top40==1&reg_atr_change_rate_ts_top70==1),5a84b6cc0c3a,0,42,8,reg_atr_change_rate_ts_top40,regime,atr_change_rate,volatility,1
(*)|(*)|(reg_atr_change_rate_ts_band20_80==1&reg_atr_change_rate_ts_top40==1&reg_atr_change_rate_ts_top70==1),5a84b6cc0c3a,0,42,20,reg_atr_change_rate_ts_top70,regime,atr_change_rate,volatility,1
(*)|(*)|(reg_atr_change_rate_ts_band30_70==0&reg_atr_change_rate_ts_top20==1&reg_atr_change_rate_ts_top70==0&reg_atr_change_rate_ts_top80==0&reg_ema20_gt_ema50_raw==0),652993f175c6,0,42,324,reg_ema20_gt_ema50_raw,regime,ema20_gt_ema50,trend,0
(*)|(*)|(reg_atr_change_rate_ts_band30_70==0&reg_atr_change_rate_ts_top20==1&reg_atr_change_rate_ts_top70==0&reg_atr_change_rate_ts_top80==0&reg_ema20_gt_ema50_raw==0),652993f175c6,0,42,0,reg_atr_change_rate_ts_top20,regime,atr_change_rate,volatility,1
(*)|(*)|(reg_atr_change_rate_ts_band30_70==0&reg_atr_change_rate_ts_top20==1&reg_atr_change_rate_ts_top70==0&reg_atr_change_rate_ts_top80==0&reg_ema20_gt_ema50_raw==0),652993f175c6,0,42,24,reg_atr_change_rate_ts_top80,regime,atr_change_rate,volatility,0
(*)|(*)|(reg_atr_change_rate_ts_band30_70==0&reg_atr_change_rate_ts_top20==1&reg_atr_change_rate_ts_top70==0&reg_atr_change_rate_ts_top80==0&reg_ema20_gt_ema50_raw==0),652993f175c6,0,42,20,reg_atr_change_rate_ts_top70,regime,atr_change_rate,volatility,0
(*)|(*)|(reg_atr_change_rate_ts_band30_70==0&reg_atr_change_rate_ts_top20==1&reg_atr_change_rate_ts_top70==0&reg_atr_change_rate_ts_top80==0&reg_ema20_gt_ema50_raw==0),652993f175c6,0,42,32,reg_atr_change_rate_ts_band30_70,regime,atr_change_rate,volatility,0
(*)|(*)|(reg_atr_change_rate_ts_band30_70==1&reg_atr_change_rate_ts_top20==1&reg_atr_change_rate_ts_top70==0&reg_atr_change_rate_ts_top80==0&reg_ema20_gt_ema50_raw==0),d8dda31a7573,0,42,324,reg_ema20_gt_ema50_raw,regime,ema20_gt_ema50,trend,0
(*)|(*)|(reg_atr_change_rate_ts_band30_70==1&reg_atr_change_rate_ts_top20==1&reg_atr_change_rate_ts_top70==0&reg_atr_change_rate_ts_top80==0&reg_ema20_gt_ema50_raw==0),d8dda31a7573,0,42,0,reg_atr_change_rate_ts_top20,regime,atr_change_rate,volatility,1
(*)|(*)|(reg_atr_change_rate_ts_band30_70==1&reg_atr_change_rate_ts_top20==1&reg_atr_change_rate_ts_top70==0&reg_atr_change_rate_ts_top80==0&reg_ema20_gt_ema50_raw==0),d8dda31a7573,0,42,24,reg_atr_change_rate_ts_top80,regime,atr_change_rate,volatility,0
(*)|(*)|(reg_atr_change_rate_ts_band30_70==1&reg_atr_change_rate_ts_top20==1&reg_atr_change_rate_ts_top70==0&reg_atr_change_rate_ts_top80==0&reg_ema20_gt_ema50_raw==0),d8dda31a7573,0,42,20,reg_atr_change_rate_ts_top70,regime,atr_change_rate,volatility,0
(*)|(*)|(reg_atr_change_rate_ts_band30_70==1&reg_atr_change_rate_ts_top20==1&reg_atr_change_rate_ts_top70==0&reg_atr_change_rate_ts_top80==0&reg_ema20_gt_ema50_raw==0),d8dda31a7573,0,42,32,reg_atr_change_rate_ts_band30_70,regime,atr_change_rate,volatility,1
(*)|(*)|(reg_atr_change_rate_ts_top20==1&reg_atr_change_rate_ts_top70==1&reg_atr_change_rate_ts_top80==0&reg_ema20_gt_ema50_raw==0),f56570fd07b8,0,42,324,reg_ema20_gt_ema50_raw,regime,ema20_gt_ema50,trend,0
(*)|(*)|(reg_atr_change_rate_ts_top20==1&reg_atr_change_rate_ts_top70==1&reg_atr_change_rate_ts_top80==0&reg_ema20_gt_ema50_raw==0),f56570fd07b8,0,42,0,reg_atr_change_rate_ts_top20,regime,atr_change_rate,volatility,1
(*)|(*)|(reg_atr_change_rate_ts_top20==1&reg_atr_change_rate_ts_top70==1&reg_atr_change_rate_ts_top80==0&reg_ema20_gt_ema50_raw==0),f56570fd07b8,0,42,24,reg_atr_change_rate_ts_top80,regime,atr_change_rate,volatility,0
(*)|(*)|(reg_atr_change_rate_ts_top20==1&reg_atr_change_rate_ts_top70==1&reg_atr_change_rate_ts_top80==0&reg_ema20_gt_ema50_raw==0),f56570fd07b8,0,42,20,reg_atr_change_rate_ts_top70,regime,atr_change_rate,volatility,1
(*)|(*)|(reg_atr_change_rate_ts_top20==1&reg_atr_change_rate_ts_top80==1&reg_ema20_gt_ema50_raw==0),c2bc4afec49a,0,42,324,reg_ema20_gt_ema50_raw,regime,ema20_gt_ema50,trend,0
(*)|(*)|(reg_atr_change_rate_ts_top20==1&reg_atr_change_rate_ts_top80==1&reg_ema20_gt_ema50_raw==0),c2bc4afec49a,0,42,0,reg_atr_change_rate_ts_top20,regime,atr_change_rate,volatility,1
(*)|(*)|(reg_atr_change_rate_ts_top20==1&reg_atr_change_rate_ts_top80==1&reg_ema20_gt_ema50_raw==0),c2bc4afec49a,0,42,24,reg_atr_change_rate_ts_top80,regime,atr_change_rate,volatility,1
(*)|(*)|(reg_ema20_gt_ema50_raw==1),543263abf4d2,0,42,324,reg_ema20_gt_ema50_raw,regime,ema20_gt_ema50,trend,1
(*)|(loc_dist_ema20_atr_ts_band25_75==1)|(reg_atr_change_rate_ts_top30==0&reg_ema20_gt_ema50_raw==0),95e0dd8326a7,0,42,324,reg_ema20_gt_ema50_raw,regime,ema20_gt_ema50,trend,0
(*)|(loc_dist_ema20_atr_ts_band25_75==1)|(reg_atr_change_rate_ts_top30==0&reg_ema20_gt_ema50_raw==0),95e0dd8326a7,0,42,4,reg_atr_change_rate_ts_top30,regime,atr_change_rate,volatility,0
(*)|(loc_dist_ema20_atr_ts_band25_75==1)|(reg_atr_change_rate_ts_top30==0&reg_ema20_gt_ema50_raw==0),95e0dd8326a7,0,42,31,loc_dist_ema20_atr_ts_band25_75,location,dist_ema20_atr,context,1
(*)|(*)|(reg_atr_change_rate_ts_top30==1&reg_atr_change_rate_ts_top70==0&reg_ema20_gt_ema50_raw==0),0175e190532b,0,42,324,reg_ema20_gt_ema50_raw,regime,ema20_gt_ema50,trend,0
(*)|(*)|(reg_atr_change_rate_ts_top30==1&reg_atr_change_rate_ts_top70==0&reg_ema20_gt_ema50_raw==0),0175e190532b,0,42,4,reg_atr_change_rate_ts_top30,regime,atr_change_rate,volatility,1
(*)|(*)|(reg_atr_change_rate_ts_top30==1&reg_atr_change_rate_ts_top70==0&reg_ema20_gt_ema50_raw==0),0175e190532b,0,42,20,reg_atr_change_rate_ts_top70,regime,atr_change_rate,volatility,0
(*)|(*)|(reg_atr_change_rate_ts_top30==1&reg_atr_change_rate_ts_top70==1&reg_ema20_gt_ema50_raw==0),f797e848d3bb,0,42,324,reg_ema20_gt_ema50_raw,regime,ema20_gt_ema50,trend,0
(*)|(*)|(reg_atr_change_rate_ts_top30==1&reg_atr_change_rate_ts_top70==1&reg_ema20_gt_ema50_raw==0),f797e848d3bb,0,42,4,reg_atr_change_rate_ts_top30,regime,atr_change_rate,volatility,1
(*)|(*)|(reg_atr_change_rate_ts_top30==1&reg_atr_change_rate_ts_top70==1&reg_ema20_gt_ema50_raw==0),f797e848d3bb,0,42,20,reg_atr_change_rate_ts_top70,regime,atr_change_rate,volatility,1
(*)|(*)|(reg_atr_change_rate_ts_top80==0&reg_ema20_gt_ema50_raw==1),dfc68918a920,0,42,324,reg_ema20_gt_ema50_raw,regime,ema20_gt_ema50,trend,1
(*)|(*)|(reg_atr_change_rate_ts_top80==0&reg_ema20_gt_ema50_raw==1),dfc68918a920,0,42,24,reg_atr_change_rate_ts_top80,regime,atr_change_rate,volatility,0
(*)|(*)|(reg_atr_change_rate_ts_top80==1&reg_ema20_gt_ema50_raw==1),ca503e8f7106,0,42,324,reg_ema20_gt_ema50_raw,regime,ema20_gt_ema50,trend,1
(*)|(*)|(reg_atr_change_rate_ts_top80==1&reg_ema20_gt_ema50_raw==1),ca503e8f7106,0,42,24,reg_atr_change_rate_ts_top80,regime,atr_change_rate,volatility,1
(*)|(*)|(reg_atr_change_rate_ts_band20_80==0&reg_atr_change_rate_ts_top20==1&reg_ema20_gt_ema50_raw==0),4857142efd32,0,42,28,reg_atr_change_rate_ts_band20_80,regime,atr_change_rate,volatility,0
(*)|(*)|(reg_atr_change_rate_ts_band20_80==0&reg_atr_change_rate_ts_top20==1&reg_ema20_gt_ema50_raw==0),4857142efd32,0,42,324,reg_ema20_gt_ema50_raw,regime,ema20_gt_ema50,trend,0
(*)|(*)|(reg_atr_change_rate_ts_band20_80==0&reg_atr_change_rate_ts_top20==1&reg_ema20_gt_ema50_raw==0),4857142efd32,0,42,0,reg_atr_change_rate_ts_top20,regime,atr_change_rate,volatility,1
(*)|(*)|(reg_atr_change_rate_ts_band20_80==0&reg_ema20_gt_ema50_raw==1),9763bb9da72c,0,42,28,reg_atr_change_rate_ts_band20_80,regime,atr_change_rate,volatility,0
(*)|(*)|(reg_atr_change_rate_ts_band20_80==0&reg_ema20_gt_ema50_raw==1),9763bb9da72c,0,42,324,reg_ema20_gt_ema50_raw,regime,ema20_gt_ema50,trend,1
(*)|(loc_dist_ema20_atr_ts_top40==0)|(reg_atr_change_rate_ts_band20_80==1&reg_atr_change_rate_ts_band25_75==0),e4e3c380c0a4,0,42,28,reg_atr_change_rate_ts_band20_80,regime,atr_change_rate,volatility,1
(*)|(loc_dist_ema20_atr_ts_top40==0)|(reg_atr_change_rate_ts_band20_80==1&reg_atr_change_rate_ts_band25_75==0),e4e3c380c0a4,0,42,30,reg_atr_change_rate_ts_band25_75,regime,atr_change_rate,volatility,0
(*)|(loc_dist_ema20_atr_ts_top40==0)|(reg_atr_change_rate_ts_band20_80==1&reg_atr_change_rate_ts_band25_75==0),e4e3c380c0a4,0,42,9,loc_dist_ema20_atr_ts_top40,location,dist_ema20_atr,context,0
(*)|(loc_dist_ema20_atr_ts_top40==0)|(reg_atr_change_rate_ts_band20_80==1&reg_atr_change_rate_ts_band25_75==1),6ea803aabb22,0,42,28,reg_atr_change_rate_ts_band20_80,regime,atr_change_rate,volatility,1
(*)|(loc_dist_ema20_atr_ts_top40==0)|(reg_atr_change_rate_ts_band20_80==1&reg_atr_change_rate_ts_band25_75==1),6ea803aabb22,0,42,30,reg_atr_change_rate_ts_band25_75,regime,atr_change_rate,volatility,1
(*)|(loc_dist_ema20_atr_ts_top40==0)|(reg_atr_change_rate_ts_band20_80==1&reg_atr_change_rate_ts_band25_75==1),6ea803aabb22,0,42,9,loc_dist_ema20_atr_ts_top40,location,dist_ema20_atr,context,0
(*)|(loc_dist_ema20_atr_ts_top40==1)|(reg_atr_change_rate_ts_band20_80==1&reg_atr_change_rate_ts_top60==0),414c7287276c,0,42,28,reg_atr_change_rate_ts_band20_80,regime,atr_change_rate,volatility,1
(*)|(loc_dist_ema20_atr_ts_top40==1)|(reg_atr_change_rate_ts_band20_80==1&reg_atr_change_rate_ts_top60==0),414c7287276c,0,42,16,reg_atr_change_rate_ts_top60,regime,atr_change_rate,volatility,0
(*)|(loc_dist_ema20_atr_ts_top40==1)|(reg_atr_change_rate_ts_band20_80==1&reg_atr_change_rate_ts_top60==0),414c7287276c,0,42,9,loc_dist_ema20_atr_ts_top40,location,dist_ema20_atr,context,1
(*)|(loc_dist_ema20_atr_ts_top40==1)|(reg_atr_change_rate_ts_band20_80==1&reg_atr_change_rate_ts_band25_75==0&reg_atr_change_rate_ts_top60==1),589536287c2c,0,42,28,reg_atr_change_rate_ts_band20_80,regime,atr_change_rate,volatility,1
(*)|(loc_dist_ema20_atr_ts_top40==1)|(reg_atr_change_rate_ts_band20_80==1&reg_atr_change_rate_ts_band25_75==0&reg_atr_change_rate_ts_top60==1),589536287c2c,0,42,16,reg_atr_change_rate_ts_top60,regime,atr_change_rate,volatility,1
(*)|(loc_dist_ema20_atr_ts_top40==1)|(reg_atr_change_rate_ts_band20_80==1&reg_atr_change_rate_ts_band25_75==0&reg_atr_change_rate_ts_top60==1),589536287c2c,0,42,30,reg_atr_change_rate_ts_band25_75,regime,atr_change_rate,volatility,0
(*)|(loc_dist_ema20_atr_ts_top40==1)|(reg_atr_change_rate_ts_band20_80==1&reg_atr_change_rate_ts_band25_75==0&reg_atr_change_rate_ts_top60==1),589536287c2c,0,42,9,loc_dist_ema20_atr_ts_top40,location,dist_ema20_atr,context,1
(*)|(loc_dist_ema20_atr_ts_top40==1)|(reg_atr_change_rate_ts_band20_80==1&reg_atr_change_rate_ts_band25_75==1&reg_atr_change_rate_ts_top60==1),c29fdc81c189,0,42,28,reg_atr_change_rate_ts_band20_80,regime,atr_change_rate,volatility,1
(*)|(loc_dist_ema20_atr_ts_top40==1)|(reg_atr_change_rate_ts_band20_80==1&reg_atr_change_rate_ts_band25_75==1&reg_atr_change_rate_ts_top60==1),c29fdc81c189,0,42,16,reg_atr_change_rate_ts_top60,regime,atr_change_rate,volatility,1
(*)|(loc_dist_ema20_atr_ts_top40==1)|(reg_atr_change_rate_ts_band20_80==1&reg_atr_change_rate_ts_band25_75==1&reg_atr_change_rate_ts_top60==1),c29fdc81c189,0,42,30,reg_atr_change_rate_ts_band25_75,regime,atr_change_rate,volatility,1
(*)|(loc_dist_ema20_atr_ts_top40==1)|(reg_atr_change_rate_ts_band20_80==1&reg_atr_change_rate_ts_band25_75==1&reg_atr_change_rate_ts_top60==1),c29fdc81c189,0,42,9,loc_dist_ema20_atr_ts_top40,location,dist_ema20_atr,context,1
(*)|(*)|(reg_atr_change_rate_ts_band40_60==0&reg_atr_change_rate_ts_top20==1&reg_atr_change_rate_ts_top40==0&reg_atr_change_rate_ts_top80==0&reg_ema20_gt_ema50_raw==0),14eca7cea4ea,0,42,324,reg_ema20_gt_ema50_raw,regime,ema20_gt_ema50,trend,0
(*)|(*)|(reg_atr_change_rate_ts_band40_60==0&reg_atr_change_rate_ts_top20==1&reg_atr_change_rate_ts_top40==0&reg_atr_change_rate_ts_top80==0&reg_ema20_gt_ema50_raw==0),14eca7cea4ea,0,42,24,reg_atr_change_rate_ts_top80,regime,atr_change_rate,volatility,0
(*)|(*)|(reg_atr_change_rate_ts_band40_60==0&reg_atr_change_rate_ts_top20==1&reg_atr_change_rate_ts_top40==0&reg_atr_change_rate_ts_top80==0&reg_ema20_gt_ema50_raw==0),14eca7cea4ea,0,42,34,reg_atr_change_rate_ts_band40_60,regime,atr_change_rate,volatility,0
(*)|(*)|(reg_atr_change_rate_ts_band40_60==0&reg_atr_change_rate_ts_top20==1&reg_atr_change_rate_ts_top40==0&reg_atr_change_rate_ts_top80==0&reg_ema20_gt_ema50_raw==0),14eca7cea4ea,0,42,0,reg_atr_change_rate_ts_top20,regime,atr_change_rate,volatility,1
(*)|(*)|(reg_atr_change_rate_ts_band40_60==0&reg_atr_change_rate_ts_top20==1&reg_atr_change_rate_ts_top40==0&reg_atr_change_rate_ts_top80==0&reg_ema20_gt_ema50_raw==0),14eca7cea4ea,0,42,8,reg_atr_change_rate_ts_top40,regime,atr_change_rate,volatility,0
(*)|(*)|(reg_atr_change_rate_ts_band40_60==0&reg_atr_change_rate_ts_top20==1&reg_atr_change_rate_ts_top40==1&reg_atr_change_rate_ts_top80==0&reg_ema20_gt_ema50_raw==0),eaf40646d464,0,42,324,reg_ema20_gt_ema50_raw,regime,ema20_gt_ema50,trend,0
(*)|(*)|(reg_atr_change_rate_ts_band40_60==0&reg_atr_change_rate_ts_top20==1&reg_atr_change_rate_ts_top40==1&reg_atr_change_rate_ts_top80==0&reg_ema20_gt_ema50_raw==0),eaf40646d464,0,42,24,reg_atr_change_rate_ts_top80,regime,atr_change_rate,volatility,0
(*)|(*)|(reg_atr_change_rate_ts_band40_60==0&reg_atr_change_rate_ts_top20==1&reg_atr_change_rate_ts_top40==1&reg_atr_change_rate_ts_top80==0&reg_ema20_gt_ema50_raw==0),eaf40646d464,0,42,34,reg_atr_change_rate_ts_band40_60,regime,atr_change_rate,volatility,0
(*)|(*)|(reg_atr_change_rate_ts_band40_60==0&reg_atr_change_rate_ts_top20==1&reg_atr_change_rate_ts_top40==1&reg_atr_change_rate_ts_top80==0&reg_ema20_gt_ema50_raw==0),eaf40646d464,0,42,0,reg_atr_change_rate_ts_top20,regime,atr_change_rate,volatility,1
(*)|(*)|(reg_atr_change_rate_ts_band40_60==0&reg_atr_change_rate_ts_top20==1&reg_atr_change_rate_ts_top40==1&reg_atr_change_rate_ts_top80==0&reg_ema20_gt_ema50_raw==0),eaf40646d464,0,42,8,reg_atr_change_rate_ts_top40,regime,atr_change_rate,volatility,1
(*)|(*)|(reg_atr_change_rate_ts_band40_60==1&reg_atr_change_rate_ts_top50==0&reg_atr_change_rate_ts_top80==0&reg_ema20_gt_ema50_raw==0),705837bd4b74,0,42,324,reg_ema20_gt_ema50_raw,regime,ema20_gt_ema50,trend,0
(*)|(*)|(reg_atr_change_rate_ts_band40_60==1&reg_atr_change_rate_ts_top50==0&reg_atr_change_rate_ts_top80==0&reg_ema20_gt_ema50_raw==0),705837bd4b74,0,42,24,reg_atr_change_rate_ts_top80,regime,atr_change_rate,volatility,0
(*)|(*)|(reg_atr_change_rate_ts_band40_60==1&reg_atr_change_rate_ts_top50==0&reg_atr_change_rate_ts_top80==0&reg_ema20_gt_ema50_raw==0),705837bd4b74,0,42,34,reg_atr_change_rate_ts_band40_60,regime,atr_change_rate,volatility,1
(*)|(*)|(reg_atr_change_rate_ts_band40_60==1&reg_atr_change_rate_ts_top50==0&reg_atr_change_rate_ts_top80==0&reg_ema20_gt_ema50_raw==0),705837bd4b74,0,42,12,reg_atr_change_rate_ts_top50,regime,atr_change_rate,volatility,0
(*)|(*)|(reg_atr_change_rate_ts_band40_60==1&reg_atr_change_rate_ts_top50==1&reg_atr_change_rate_ts_top80==0&reg_ema20_gt_ema50_raw==0),4f9fade60780,0,42,324,reg_ema20_gt_ema50_raw,regime,ema20_gt_ema50,trend,0
(*)|(*)|(reg_atr_change_rate_ts_band40_60==1&reg_atr_change_rate_ts_top50==1&reg_atr_change_rate_ts_top80==0&reg_ema20_gt_ema50_raw==0),4f9fade60780,0,42,24,reg_atr_change_rate_ts_top80,regime,atr_change_rate,volatility,0
(*)|(*)|(reg_atr_change_rate_ts_band40_60==1&reg_atr_change_rate_ts_top50==1&reg_atr_change_rate_ts_top80==0&reg_ema20_gt_ema50_raw==0),4f9fade60780,0,42,34,reg_atr_change_rate_ts_band40_60,regime,atr_change_rate,volatility,1
(*)|(*)|(reg_atr_change_rate_ts_band40_60==1&reg_atr_change_rate_ts_top50==1&reg_atr_change_rate_ts_top80==0&reg_ema20_gt_ema50_raw==0),4f9fade60780,0,42,12,reg_atr_change_rate_ts_top50,regime,atr_change_rate,volatility,1
(*)|(*)|(reg_atr_change_rate_ts_top80==1&reg_ema20_gt_ema50_raw==0),410508b3d11e,0,42,324,reg_ema20_gt_ema50_raw,regime,ema20_gt_ema50,trend,0
(*)|(*)|(reg_atr_change_rate_ts_top80==1&reg_ema20_gt_ema50_raw==0),410508b3d11e,0,42,24,reg_atr_change_rate_ts_top80,regime,atr_change_rate,volatility,1
(*)|(*)|(reg_ema20_gt_ema50_raw==1),3a858a995cad,0,42,324,reg_ema20_gt_ema50_raw,regime,ema20_gt_ema50,trend,1
(*)|(*)|(reg_atr_change_rate_ts_band30_70==0&reg_ema20_gt_ema50_raw==1),0be2c405c7e4,0,42,32,reg_atr_change_rate_ts_band30_70,regime,atr_change_rate,volatility,0
(*)|(*)|(reg_atr_change_rate_ts_band30_70==0&reg_ema20_gt_ema50_raw==1),0be2c405c7e4,0,42,324,reg_ema20_gt_ema50_raw,regime,ema20_gt_ema50,trend,1
(*)|(loc_dist_ema20_atr_ts_band40_60==0)|(reg_atr_change_rate_ts_band30_70==1&reg_atr_change_rate_ts_top50==0),f918290c9d4d,0,42,32,reg_atr_change_rate_ts_band30_70,regime,atr_change_rate,volatility,1
(*)|(loc_dist_ema20_atr_ts_band40_60==0)|(reg_atr_change_rate_ts_band30_70==1&reg_atr_change_rate_ts_top50==0),f918290c9d4d,0,42,12,reg_atr_change_rate_ts_top50,regime,atr_change_rate,volatility,0
(*)|(loc_dist_ema20_atr_ts_band40_60==0)|(reg_atr_change_rate_ts_band30_70==1&reg_atr_change_rate_ts_top50==0),f918290c9d4d,0,42,35,loc_dist_ema20_atr_ts_band40_60,location,dist_ema20_atr,context,0
(*)|(loc_dist_ema20_atr_ts_band40_60==1)|(reg_atr_change_rate_ts_band30_70==1&reg_atr_change_rate_ts_top50==0),f14353ff62ef,0,42,32,reg_atr_change_rate_ts_band30_70,regime,atr_change_rate,volatility,1
(*)|(loc_dist_ema20_atr_ts_band40_60==1)|(reg_atr_change_rate_ts_band30_70==1&reg_atr_change_rate_ts_top50==0),f14353ff62ef,0,42,12,reg_atr_change_rate_ts_top50,regime,atr_change_rate,volatility,0
(*)|(loc_dist_ema20_atr_ts_band40_60==1)|(reg_atr_change_rate_ts_band30_70==1&reg_atr_change_rate_ts_top50==0),f14353ff62ef,0,42,35,loc_dist_ema20_atr_ts_band40_60,location,dist_ema20_atr,context,1
(*)|(*)|(reg_atr_change_rate_ts_band30_70==1&reg_atr_change_rate_ts_top50==1),0463502898ae,0,42,32,reg_atr_change_rate_ts_band30_70,regime,atr_change_rate,volatility,1
(*)|(*)|(reg_atr_change_rate_ts_band30_70==1&reg_atr_change_rate_ts_top50==1),0463502898ae,0,42,12,reg_atr_change_rate_ts_top50,regime,atr_change_rate,volatility,1
(*)|(loc_dist_ema20_atr_ts_top50==0)|(reg_atr_change_rate_ts_band20_80==1&reg_atr_change_rate_ts_top80==0),281346364dfb,0,42,24,reg_atr_change_rate_ts_top80,regime,atr_change_rate,volatility,0
(*)|(loc_dist_ema20_atr_ts_top50==0)|(reg_atr_change_rate_ts_band20_80==1&reg_atr_change_rate_ts_top80==0),281346364dfb,0,42,28,reg_atr_change_rate_ts_band20_80,regime,atr_change_rate,volatility,1
(*)|(loc_dist_ema20_atr_ts_top50==0)|(reg_atr_change_rate_ts_band20_80==1&reg_atr_change_rate_ts_top80==0),281346364dfb,0,42,13,loc_dist_ema20_atr_ts_top50,location,dist_ema20_atr,context,0
(*)|(loc_dist_ema20_atr_ts_top50==1)|(reg_atr_change_rate_ts_band20_80==1&reg_atr_change_rate_ts_top80==0),ab6db5acb14c,0,42,24,reg_atr_change_rate_ts_top80,regime,atr_change_rate,volatility,0
(*)|(loc_dist_ema20_atr_ts_top50==1)|(reg_atr_change_rate_ts_band20_80==1&reg_atr_change_rate_ts_top80==0),ab6db5acb14c,0,42,28,reg_atr_change_rate_ts_band20_80,regime,atr_change_rate,volatility,1
(*)|(loc_dist_ema20_atr_ts_top50==1)|(reg_atr_change_rate_ts_band20_80==1&reg_atr_change_rate_ts_top80==0),ab6db5acb14c,0,42,13,loc_dist_ema20_atr_ts_top50,location,dist_ema20_atr,context,1
(*)|(*)|(reg_atr_change_rate_ts_top80==1&reg_ema50_gt_ema200_raw==0),aaff7d0857b9,0,42,24,reg_atr_change_rate_ts_top80,regime,atr_change_rate,volatility,1
(*)|(*)|(reg_atr_change_rate_ts_top80==1&reg_ema50_gt_ema200_raw==0),aaff7d0857b9,0,42,398,reg_ema50_gt_ema200_raw,regime,ema50_gt_ema200,trend,0
(*)|(*)|(reg_atr_change_rate_ts_top80==1&reg_ema50_gt_ema200_raw==1),204e8262fa3e,0,42,24,reg_atr_change_rate_ts_top80,regime,atr_change_rate,volatility,1
(*)|(*)|(reg_atr_change_rate_ts_top80==1&reg_ema50_gt_ema200_raw==1),204e8262fa3e,0,42,398,reg_ema50_gt_ema200_raw,regime,ema50_gt_ema200,trend,1
(*)|(*)|(reg_atr_change_rate_ts_band20_80==0&reg_atr_change_rate_ts_bot20==1&reg_ema20_gt_ema50_raw==0),8b96a45b9aab,0,42,28,reg_atr_change_rate_ts_band20_80,regime,atr_change_rate,volatility,0
(*)|(*)|(reg_atr_change_rate_ts_band20_80==0&reg_atr_change_rate_ts_bot20==1&reg_ema20_gt_ema50_raw==0),8b96a45b9aab,0,42,324,reg_ema20_gt_ema50_raw,regime,ema20_gt_ema50,trend,0
(*)|(*)|(reg_atr_change_rate_ts_band20_80==0&reg_atr_change_rate_ts_bot20==1&reg_ema20_gt_ema50_raw==0),8b96a45b9aab,0,42,2,reg_atr_change_rate_ts_bot20,regime,atr_change_rate,volatility,1
(*)|(*)|(reg_atr_change_rate_ts_band20_80==0&reg_ema20_gt_ema50_raw==1),b52c1bc4e798,0,42,28,reg_atr_change_rate_ts_band20_80,regime,atr_change_rate,volatility,0
(*)|(*)|(reg_atr_change_rate_ts_band20_80==0&reg_ema20_gt_ema50_raw==1),b52c1bc4e798,0,42,324,reg_ema20_gt_ema50_raw,regime,ema20_gt_ema50,trend,1
(*)|(*)|(reg_atr_change_rate_ts_band20_80==1&reg_atr_change_rate_ts_top40==0&reg_atr_change_rate_ts_top50==0),ba289d4c265a,0,42,28,reg_atr_change_rate_ts_band20_80,regime,atr_change_rate,volatility,1
(*)|(*)|(reg_atr_change_rate_ts_band20_80==1&reg_atr_change_rate_ts_top40==0&reg_atr_change_rate_ts_top50==0),ba289d4c265a,0,42,12,reg_atr_change_rate_ts_top50,regime,atr_change_rate,volatility,0
(*)|(*)|(reg_atr_change_rate_ts_band20_80==1&reg_atr_change_rate_ts_top40==0&reg_atr_change_rate_ts_top50==0),ba289d4c265a,0,42,8,reg_atr_change_rate_ts_top40,regime,atr_change_rate,volatility,0
(*)|(*)|(reg_atr_change_rate_ts_band20_80==1&reg_atr_change_rate_ts_top40==1&reg_atr_change_rate_ts_top50==0),4a898b08399f,0,42,28,reg_atr_change_rate_ts_band20_80,regime,atr_change_rate,volatility,1
(*)|(*)|(reg_atr_change_rate_ts_band20_80==1&reg_atr_change_rate_ts_top40==1&reg_atr_change_rate_ts_top50==0),4a898b08399f,0,42,12,reg_atr_change_rate_ts_top50,regime,atr_change_rate,volatility,0
(*)|(*)|(reg_atr_change_rate_ts_band20_80==1&reg_atr_change_rate_ts_top40==1&reg_atr_change_rate_ts_top50==0),4a898b08399f,0,42,8,reg_atr_change_rate_ts_top40,regime,atr_change_rate,volatility,1
(*)|(*)|(reg_atr_change_rate_ts_band20_80==1&reg_atr_change_rate_ts_band25_75==0&reg_atr_change_rate_ts_band30_70==0&reg_atr_change_rate_ts_top50==1),5369337752f2,0,42,28,reg_atr_change_rate_ts_band20_80,regime,atr_change_rate,volatility,1
(*)|(*)|(reg_atr_change_rate_ts_band20_80==1&reg_atr_change_rate_ts_band25_75==0&reg_atr_change_rate_ts_band30_70==0&reg_atr_change_rate_ts_top50==1),5369337752f2,0,42,12,reg_atr_change_rate_ts_top50,regime,atr_change_rate,volatility,1
(*)|(*)|(reg_atr_change_rate_ts_band20_80==1&reg_atr_change_rate_ts_band25_75==0&reg_atr_change_rate_ts_band30_70==0&reg_atr_change_rate_ts_top50==1),5369337752f2,0,42,32,reg_atr_change_rate_ts_band30_70,regime,atr_change_rate,volatility,0
(*)|(*)|(reg_atr_change_rate_ts_band20_80==1&reg_atr_change_rate_ts_band25_75==0&reg_atr_change_rate_ts_band30_70==0&reg_atr_change_rate_ts_top50==1),5369337752f2,0,42,30,reg_atr_change_rate_ts_band25_75,regime,atr_change_rate,volatility,0
(*)|(*)|(reg_atr_change_rate_ts_band20_80==1&reg_atr_change_rate_ts_band25_75==1&reg_atr_change_rate_ts_band30_70==0&reg_atr_change_rate_ts_top50==1),e0679b3df4d2,0,42,28,reg_atr_change_rate_ts_band20_80,regime,atr_change_rate,volatility,1
(*)|(*)|(reg_atr_change_rate_ts_band20_80==1&reg_atr_change_rate_ts_band25_75==1&reg_atr_change_rate_ts_band30_70==0&reg_atr_change_rate_ts_top50==1),e0679b3df4d2,0,42,12,reg_atr_change_rate_ts_top50,regime,atr_change_rate,volatility,1
(*)|(*)|(reg_atr_change_rate_ts_band20_80==1&reg_atr_change_rate_ts_band25_75==1&reg_atr_change_rate_ts_band30_70==0&reg_atr_change_rate_ts_top50==1),e0679b3df4d2,0,42,32,reg_atr_change_rate_ts_band30_70,regime,atr_change_rate,volatility,0
(*)|(*)|(reg_atr_change_rate_ts_band20_80==1&reg_atr_change_rate_ts_band25_75==1&reg_atr_change_rate_ts_band30_70==0&reg_atr_change_rate_ts_top50==1),e0679b3df4d2,0,42,30,reg_atr_change_rate_ts_band25_75,regime,atr_change_rate,volatility,1
(*)|(*)|(reg_atr_change_rate_ts_band20_80==1&reg_atr_change_rate_ts_band30_70==1&reg_atr_change_rate_ts_band40_60==0&reg_atr_change_rate_ts_top50==1),584f655f9884,0,42,28,reg_atr_change_rate_ts_band20_80,regime,atr_change_rate,volatility,1
(*)|(*)|(reg_atr_change_rate_ts_band20_80==1&reg_atr_change_rate_ts_band30_70==1&reg_atr_change_rate_ts_band40_60==0&reg_atr_change_rate_ts_top50==1),584f655f9884,0,42,12,reg_atr_change_rate_ts_top50,regime,atr_change_rate,volatility,1
(*)|(*)|(reg_atr_change_rate_ts_band20_80==1&reg_atr_change_rate_ts_band30_70==1&reg_atr_change_rate_ts_band40_60==0&reg_atr_change_rate_ts_top50==1),584f655f9884,0,42,32,reg_atr_change_rate_ts_band30_70,regime,atr_change_rate,volatility,1
(*)|(*)|(reg_atr_change_rate_ts_band20_80==1&reg_atr_change_rate_ts_band30_70==1&reg_atr_change_rate_ts_band40_60==0&reg_atr_change_rate_ts_top50==1),584f655f9884,0,42,34,reg_atr_change_rate_ts_band40_60,regime,atr_change_rate,volatility,0
(*)|(*)|(reg_atr_change_rate_ts_band20_80==1&reg_atr_change_rate_ts_band30_70==1&reg_atr_change_rate_ts_band40_60==1&reg_atr_change_rate_ts_top50==1),bca0f99c7b7f,0,42,28,reg_atr_change_rate_ts_band20_80,regime,atr_change_rate,volatility,1
(*)|(*)|(reg_atr_change_rate_ts_band20_80==1&reg_atr_change_rate_ts_band30_70==1&reg_atr_change_rate_ts_band40_60==1&reg_atr_change_rate_ts_top50==1),bca0f99c7b7f,0,42,12,reg_atr_change_rate_ts_top50,regime,atr_change_rate,volatility,1
(*)|(*)|(reg_atr_change_rate_ts_band20_80==1&reg_atr_change_rate_ts_band30_70==1&reg_atr_change_rate_ts_band40_60==1&reg_atr_change_rate_ts_top50==1),bca0f99c7b7f,0,42,32,reg_atr_change_rate_ts_band30_70,regime,atr_change_rate,volatility,1
(*)|(*)|(reg_atr_change_rate_ts_band20_80==1&reg_atr_change_rate_ts_band30_70==1&reg_atr_change_rate_ts_band40_60==1&reg_atr_change_rate_ts_top50==1),bca0f99c7b7f,0,42,34,reg_atr_change_rate_ts_band40_60,regime,atr_change_rate,volatility,1
(*)|(loc_dist_ema20_atr_ts_top20==1)|(reg_atr_change_rate_ts_band20_80==0&reg_ema20_gt_ema50_raw==0),ae7a251b7862,0,42,28,reg_atr_change_rate_ts_band20_80,regime,atr_change_rate,volatility,0
(*)|(loc_dist_ema20_atr_ts_top20==1)|(reg_atr_change_rate_ts_band20_80==0&reg_ema20_gt_ema50_raw==0),ae7a251b7862,0,42,324,reg_ema20_gt_ema50_raw,regime,ema20_gt_ema50,trend,0
(*)|(loc_dist_ema20_atr_ts_top20==1)|(reg_atr_change_rate_ts_band20_80==0&reg_ema20_gt_ema50_raw==0),ae7a251b7862,0,42,1,loc_dist_ema20_atr_ts_top20,location,dist_ema20_atr,context,1
(*)|(*)|(reg_atr_change_rate_ts_band20_80==0&reg_ema20_gt_ema50_raw==1),56e5455e3d00,0,42,28,reg_atr_change_rate_ts_band20_80,regime,atr_change_rate,volatility,0
(*)|(*)|(reg_atr_change_rate_ts_band20_80==0&reg_ema20_gt_ema50_raw==1),56e5455e3d00,0,42,324,reg_ema20_gt_ema50_raw,regime,ema20_gt_ema50,trend,1
(*)|(*)|(reg_atr_change_rate_ts_band20_80==1&reg_atr_change_rate_ts_top30==0&reg_ema20_gt_ema50_raw==0),e9f3e46e860f,0,42,28,reg_atr_change_rate_ts_band20_80,regime,atr_change_rate,volatility,1
(*)|(*)|(reg_atr_change_rate_ts_band20_80==1&reg_atr_change_rate_ts_top30==0&reg_ema20_gt_ema50_raw==0),e9f3e46e860f,0,42,324,reg_ema20_gt_ema50_raw,regime,ema20_gt_ema50,trend,0
(*)|(*)|(reg_atr_change_rate_ts_band20_80==1&reg_atr_change_rate_ts_top30==0&reg_ema20_gt_ema50_raw==0),e9f3e46e860f,0,42,4,reg_atr_change_rate_ts_top30,regime,atr_change_rate,volatility,0
(*)|(*)|(reg_atr_change_rate_ts_band20_80==1&reg_atr_change_rate_ts_top30==1&reg_ema20_gt_ema50_raw==0),df556b5ef6b1,0,42,28,reg_atr_change_rate_ts_band20_80,regime,atr_change_rate,volatility,1
(*)|(*)|(reg_atr_change_rate_ts_band20_80==1&reg_atr_change_rate_ts_top30==1&reg_ema20_gt_ema50_raw==0),df556b5ef6b1,0,42,324,reg_ema20_gt_ema50_raw,regime,ema20_gt_ema50,trend,0
(*)|(*)|(reg_atr_change_rate_ts_band20_80==1&reg_atr_change_rate_ts_top30==1&reg_ema20_gt_ema50_raw==0),df556b5ef6b1,0,42,4,reg_atr_change_rate_ts_top30,regime,atr_change_rate,volatility,1
(*)|(*)|(reg_atr_change_rate_ts_band20_80==1&reg_ema20_gt_ema50_raw==1),cd68ad16a16f,0,42,28,reg_atr_change_rate_ts_band20_80,regime,atr_change_rate,volatility,1
(*)|(*)|(reg_atr_change_rate_ts_band20_80==1&reg_ema20_gt_ema50_raw==1),cd68ad16a16f,0,42,324,reg_ema20_gt_ema50_raw,regime,ema20_gt_ema50,trend,1
(*)|(loc_dist_ema20_atr_ts_top50==0)|(reg_atr_change_rate_ts_top40==1&reg_atr_change_rate_ts_top80==0&reg_ema20_gt_ema50_raw==0),d4cb1f7b3487,0,42,324,reg_ema20_gt_ema50_raw,regime,ema20_gt_ema50,trend,0
(*)|(loc_dist_ema20_atr_ts_top50==0)|(reg_atr_change_rate_ts_top40==1&reg_atr_change_rate_ts_top80==0&reg_ema20_gt_ema50_raw==0),d4cb1f7b3487,0,42,24,reg_atr_change_rate_ts_top80,regime,atr_change_rate,volatility,0
(*)|(loc_dist_ema20_atr_ts_top50==0)|(reg_atr_change_rate_ts_top40==1&reg_atr_change_rate_ts_top80==0&reg_ema20_gt_ema50_raw==0),d4cb1f7b3487,0,42,8,reg_atr_change_rate_ts_top40,regime,atr_change_rate,volatility,1
(*)|(loc_dist_ema20_atr_ts_top50==0)|(reg_atr_change_rate_ts_top40==1&reg_atr_change_rate_ts_top80==0&reg_ema20_gt_ema50_raw==0),d4cb1f7b3487,0,42,13,loc_dist_ema20_atr_ts_top50,location,dist_ema20_atr,context,0
(*)|(loc_dist_ema20_atr_ts_top50==1)|(reg_atr_change_rate_ts_band30_70==0&reg_atr_change_rate_ts_top80==0&reg_ema20_gt_ema50_raw==0),cef0622ff74d,0,42,324,reg_ema20_gt_ema50_raw,regime,ema20_gt_ema50,trend,0
(*)|(loc_dist_ema20_atr_ts_top50==1)|(reg_atr_change_rate_ts_band30_70==0&reg_atr_change_rate_ts_top80==0&reg_ema20_gt_ema50_raw==0),cef0622ff74d,0,42,24,reg_atr_change_rate_ts_top80,regime,atr_change_rate,volatility,0
(*)|(loc_dist_ema20_atr_ts_top50==1)|(reg_atr_change_rate_ts_band30_70==0&reg_atr_change_rate_ts_top80==0&reg_ema20_gt_ema50_raw==0),cef0622ff74d,0,42,32,reg_atr_change_rate_ts_band30_70,regime,atr_change_rate,volatility,0
(*)|(loc_dist_ema20_atr_ts_top50==1)|(reg_atr_change_rate_ts_band30_70==0&reg_atr_change_rate_ts_top80==0&reg_ema20_gt_ema50_raw==0),cef0622ff74d,0,42,13,loc_dist_ema20_atr_ts_top50,location,dist_ema20_atr,context,1
(*)|(loc_dist_ema20_atr_ts_top50==1)|(reg_atr_change_rate_ts_band30_70==1&reg_atr_change_rate_ts_top80==0&reg_ema20_gt_ema50_raw==0),5aa5e31335c7,0,42,324,reg_ema20_gt_ema50_raw,regime,ema20_gt_ema50,trend,0
(*)|(loc_dist_ema20_atr_ts_top50==1)|(reg_atr_change_rate_ts_band30_70==1&reg_atr_change_rate_ts_top80==0&reg_ema20_gt_ema50_raw==0),5aa5e31335c7,0,42,24,reg_atr_change_rate_ts_top80,regime,atr_change_rate,volatility,0
(*)|(loc_dist_ema20_atr_ts_top50==1)|(reg_atr_change_rate_ts_band30_70==1&reg_atr_change_rate_ts_top80==0&reg_ema20_gt_ema50_raw==0),5aa5e31335c7,0,42,32,reg_atr_change_rate_ts_band30_70,regime,atr_change_rate,volatility,1
(*)|(loc_dist_ema20_atr_ts_top50==1)|(reg_atr_change_rate_ts_band30_70==1&reg_atr_change_rate_ts_top80==0&reg_ema20_gt_ema50_raw==0),5aa5e31335c7,0,42,13,loc_dist_ema20_atr_ts_top50,location,dist_ema20_atr,context,1
(*)|(*)|(reg_atr_change_rate_ts_top80==1&reg_ema20_gt_ema50_raw==0),6eb1fa1e4bd3,0,42,324,reg_ema20_gt_ema50_raw,regime,ema20_gt_ema50,trend,0
(*)|(*)|(reg_atr_change_rate_ts_top80==1&reg_ema20_gt_ema50_raw==0),6eb1fa1e4bd3,0,42,24,reg_atr_change_rate_ts_top80,regime,atr_change_rate,volatility,1
(*)|(*)|(reg_atr_change_rate_ts_top80==0&reg_ema20_gt_ema50_raw==1),948911c8b0ff,0,42,324,reg_ema20_gt_ema50_raw,regime,ema20_gt_ema50,trend,1
(*)|(*)|(reg_atr_change_rate_ts_top80==0&reg_ema20_gt_ema50_raw==1),948911c8b0ff,0,42,24,reg_atr_change_rate_ts_top80,regime,atr_change_rate,volatility,0
(*)|(*)|(reg_atr_change_rate_ts_top80==1&reg_ema20_gt_ema50_raw==1),ef92c19c5f19,0,42,324,reg_ema20_gt_ema50_raw,regime,ema20_gt_ema50,trend,1
(*)|(*)|(reg_atr_change_rate_ts_top80==1&reg_ema20_gt_ema50_raw==1),ef92c19c5f19,0,42,24,reg_atr_change_rate_ts_top80,regime,atr_change_rate,volatility,1
(*)|(*)|(reg_atr_change_rate_ts_top70==1&reg_atr_change_rate_ts_top80==0&reg_ema20_gt_ema50_raw==0),01a81c52b8cb,0,42,324,reg_ema20_gt_ema50_raw,regime,ema20_gt_ema50,trend,0
(*)|(*)|(reg_atr_change_rate_ts_top70==1&reg_atr_change_rate_ts_top80==0&reg_ema20_gt_ema50_raw==0),01a81c52b8cb,0,42,20,reg_atr_change_rate_ts_top70,regime,atr_change_rate,volatility,1
(*)|(*)|(reg_atr_change_rate_ts_top70==1&reg_atr_change_rate_ts_top80==0&reg_ema20_gt_ema50_raw==0),01a81c52b8cb,0,42,24,reg_atr_change_rate_ts_top80,regime,atr_change_rate,volatility,0
(*)|(*)|(reg_atr_change_rate_ts_top70==1&reg_atr_change_rate_ts_top80==1&reg_ema20_gt_ema50_raw==0),3c5349294d8c,0,42,324,reg_ema20_gt_ema50_raw,regime,ema20_gt_ema50,trend,0
(*)|(*)|(reg_atr_change_rate_ts_top70==1&reg_atr_change_rate_ts_top80==1&reg_ema20_gt_ema50_raw==0),3c5349294d8c,0,42,20,reg_atr_change_rate_ts_top70,regime,atr_change_rate,volatility,1
(*)|(*)|(reg_atr_change_rate_ts_top70==1&reg_atr_change_rate_ts_top80==1&reg_ema20_gt_ema50_raw==0),3c5349294d8c,0,42,24,reg_atr_change_rate_ts_top80,regime,atr_change_rate,volatility,1
(*)|(*)|(reg_atr_change_rate_ts_top80==0&reg_ema20_gt_ema50_raw==1),ca0b2b13559b,0,42,324,reg_ema20_gt_ema50_raw,regime,ema20_gt_ema50,trend,1
(*)|(*)|(reg_atr_change_rate_ts_top80==0&reg_ema20_gt_ema50_raw==1),ca0b2b13559b,0,42,24,reg_atr_change_rate_ts_top80,regime,atr_change_rate,volatility,0
(*)|(*)|(reg_atr_change_rate_ts_top80==1&reg_ema20_gt_ema50_raw==1),d52198d9795c,0,42,324,reg_ema20_gt_ema50_raw,regime,ema20_gt_ema50,trend,1
(*)|(*)|(reg_atr_change_rate_ts_top80==1&reg_ema20_gt_ema50_raw==1),d52198d9795c,0,42,24,reg_atr_change_rate_ts_top80,regime,atr_change_rate,volatility,1
(*)|(*)|(reg_atr_change_rate_ts_band20_80==0&reg_atr_change_rate_ts_top20==1&reg_ema20_gt_ema50_raw==0),92487db7149a,0,42,28,reg_atr_change_rate_ts_band20_80,regime,atr_change_rate,volatility,0
(*)|(*)|(reg_atr_change_rate_ts_band20_80==0&reg_atr_change_rate_ts_top20==1&reg_ema20_gt_ema50_raw==0),92487db7149a,0,42,324,reg_ema20_gt_ema50_raw,regime,ema20_gt_ema50,trend,0
(*)|(*)|(reg_atr_change_rate_ts_band20_80==0&reg_atr_change_rate_ts_top20==1&reg_ema20_gt_ema50_raw==0),92487db7149a,0,42,0,reg_atr_change_rate_ts_top20,regime,atr_change_rate,volatility,1
(*)|(*)|(reg_atr_change_rate_ts_band20_80==0&reg_ema20_gt_ema50_raw==1),85c2d10071cf,0,42,28,reg_atr_change_rate_ts_band20_80,regime,atr_change_rate,volatility,0
(*)|(*)|(reg_atr_change_rate_ts_band20_80==0&reg_ema20_gt_ema50_raw==1),85c2d10071cf,0,42,324,reg_ema20_gt_ema50_raw,regime,ema20_gt_ema50,trend,1
(*)|(*)|(reg_atr_change_rate_ts_band20_80==1&reg_atr_change_rate_ts_band40_60==0&reg_ema20_gt_ema50_raw==0),4c8b31246181,0,42,28,reg_atr_change_rate_ts_band20_80,regime,atr_change_rate,volatility,1
(*)|(*)|(reg_atr_change_rate_ts_band20_80==1&reg_atr_change_rate_ts_band40_60==0&reg_ema20_gt_ema50_raw==0),4c8b31246181,0,42,34,reg_atr_change_rate_ts_band40_60,regime,atr_change_rate,volatility,0
(*)|(*)|(reg_atr_change_rate_ts_band20_80==1&reg_atr_change_rate_ts_band40_60==0&reg_ema20_gt_ema50_raw==0),4c8b31246181,0,42,324,reg_ema20_gt_ema50_raw,regime,ema20_gt_ema50,trend,0
(*)|(*)|(reg_atr_change_rate_ts_band20_80==1&reg_atr_change_rate_ts_band40_60==0&reg_ema20_gt_ema50_raw==1),d644f1bd02c2,0,42,28,reg_atr_change_rate_ts_band20_80,regime,atr_change_rate,volatility,1
(*)|(*)|(reg_atr_change_rate_ts_band20_80==1&reg_atr_change_rate_ts_band40_60==0&reg_ema20_gt_ema50_raw==1),d644f1bd02c2,0,42,34,reg_atr_change_rate_ts_band40_60,regime,atr_change_rate,volatility,0
(*)|(*)|(reg_atr_change_rate_ts_band20_80==1&reg_atr_change_rate_ts_band40_60==0&reg_ema20_gt_ema50_raw==1),d644f1bd02c2,0,42,324,reg_ema20_gt_ema50_raw,regime,ema20_gt_ema50,trend,1
(*)|(*)|(reg_atr_change_rate_ts_band20_80==1&reg_atr_change_rate_ts_band40_60==1),4c1881ca3aa2,0,42,28,reg_atr_change_rate_ts_band20_80,regime,atr_change_rate,volatility,1
(*)|(*)|(reg_atr_change_rate_ts_band20_80==1&reg_atr_change_rate_ts_band40_60==1),4c1881ca3aa2,0,42,34,reg_atr_change_rate_ts_band40_60,regime,atr_change_rate,volatility,1
(*)|(*)|(reg_atr_change_rate_ts_band25_75==0&reg_atr_change_rate_ts_top20==1&reg_atr_change_rate_ts_top60==0),3ba8105ef886,0,42,16,reg_atr_change_rate_ts_top60,regime,atr_change_rate,volatility,0
(*)|(*)|(reg_atr_change_rate_ts_band25_75==0&reg_atr_change_rate_ts_top20==1&reg_atr_change_rate_ts_top60==0),3ba8105ef886,0,42,0,reg_atr_change_rate_ts_top20,regime,atr_change_rate,volatility,1
(*)|(*)|(reg_atr_change_rate_ts_band25_75==0&reg_atr_change_rate_ts_top20==1&reg_atr_change_rate_ts_top60==0),3ba8105ef886,0,42,30,reg_atr_change_rate_ts_band25_75,regime,atr_change_rate,volatility,0
(*)|(*)|(reg_atr_change_rate_ts_band25_75==1&reg_atr_change_rate_ts_band30_70==0&reg_atr_change_rate_ts_top20==1&reg_atr_change_rate_ts_top60==0),4edc23166410,0,42,16,reg_atr_change_rate_ts_top60,regime,atr_change_rate,volatility,0
(*)|(*)|(reg_atr_change_rate_ts_band25_75==1&reg_atr_change_rate_ts_band30_70==0&reg_atr_change_rate_ts_top20==1&reg_atr_change_rate_ts_top60==0),4edc23166410,0,42,0,reg_atr_change_rate_ts_top20,regime,atr_change_rate,volatility,1
(*)|(*)|(reg_atr_change_rate_ts_band25_75==1&reg_atr_change_rate_ts_band30_70==0&reg_atr_change_rate_ts_top20==1&reg_atr_change_rate_ts_top60==0),4edc23166410,0,42,30,reg_atr_change_rate_ts_band25_75,regime,atr_change_rate,volatility,1
(*)|(*)|(reg_atr_change_rate_ts_band25_75==1&reg_atr_change_rate_ts_band30_70==0&reg_atr_change_rate_ts_top20==1&reg_atr_change_rate_ts_top60==0),4edc23166410,0,42,32,reg_atr_change_rate_ts_band30_70,regime,atr_change_rate,volatility,0
(*)|(*)|(reg_atr_change_rate_ts_band25_75==1&reg_atr_change_rate_ts_band30_70==1&reg_atr_change_rate_ts_top20==1&reg_atr_change_rate_ts_top60==0),d4a7f2f5727b,0,42,16,reg_atr_change_rate_ts_top60,regime,atr_change_rate,volatility,0
(*)|(*)|(reg_atr_change_rate_ts_band25_75==1&reg_atr_change_rate_ts_band30_70==1&reg_atr_change_rate_ts_top20==1&reg_atr_change_rate_ts_top60==0),d4a7f2f5727b,0,42,0,reg_atr_change_rate_ts_top20,regime,atr_change_rate,volatility,1
(*)|(*)|(reg_atr_change_rate_ts_band25_75==1&reg_atr_change_rate_ts_band30_70==1&reg_atr_change_rate_ts_top20==1&reg_atr_change_rate_ts_top60==0),d4a7f2f5727b,0,42,30,reg_atr_change_rate_ts_band25_75,regime,atr_change_rate,volatility,1
(*)|(*)|(reg_atr_change_rate_ts_band25_75==1&reg_atr_change_rate_ts_band30_70==1&reg_atr_change_rate_ts_top20==1&reg_atr_change_rate_ts_top60==0),d4a7f2f5727b,0,42,32,reg_atr_change_rate_ts_band30_70,regime,atr_change_rate,volatility,1
(*)|(*)|(reg_atr_change_rate_ts_band25_75==0&reg_atr_change_rate_ts_top60==1),e838131708cd,0,42,16,reg_atr_change_rate_ts_top60,regime,atr_change_rate,volatility,1
(*)|(*)|(reg_atr_change_rate_ts_band25_75==0&reg_atr_change_rate_ts_top60==1),e838131708cd,0,42,30,reg_atr_change_rate_ts_band25_75,regime,atr_change_rate,volatility,0
(*)|(*)|(reg_atr_change_rate_ts_band25_75==1&reg_atr_change_rate_ts_top60==1),67e68a6119b2,0,42,16,reg_atr_change_rate_ts_top60,regime,atr_change_rate,volatility,1
(*)|(*)|(reg_atr_change_rate_ts_band25_75==1&reg_atr_change_rate_ts_top60==1),67e68a6119b2,0,42,30,reg_atr_change_rate_ts_band25_75,regime,atr_change_rate,volatility,1
(*)|(loc_dist_ema20_atr_ts_top80==0)|(reg_atr_change_rate_ts_top20==1&reg_atr_change_rate_ts_top70==0&reg_ema20_gt_ema50_raw==0),18894efe0f33,0,42,324,reg_ema20_gt_ema50_raw,regime,ema20_gt_ema50,trend,0
(*)|(loc_dist_ema20_atr_ts_top80==0)|(reg_atr_change_rate_ts_top20==1&reg_atr_change_rate_ts_top70==0&reg_ema20_gt_ema50_raw==0),18894efe0f33,0,42,0,reg_atr_change_rate_ts_top20,regime,atr_change_rate,volatility,1
(*)|(loc_dist_ema20_atr_ts_top80==0)|(reg_atr_change_rate_ts_top20==1&reg_atr_change_rate_ts_top70==0&reg_ema20_gt_ema50_raw==0),18894efe0f33,0,42,20,reg_atr_change_rate_ts_top70,regime,atr_change_rate,volatility,0
(*)|(loc_dist_ema20_atr_ts_top80==0)|(reg_atr_change_rate_ts_top20==1&reg_atr_change_rate_ts_top70==0&reg_ema20_gt_ema50_raw==0),18894efe0f33,0,42,25,loc_dist_ema20_atr_ts_top80,location,dist_ema20_atr,context,0
(*)|(loc_dist_ema20_atr_ts_top80==0)|(reg_atr_change_rate_ts_top20==1&reg_atr_change_rate_ts_top70==1&reg_ema20_gt_ema50_raw==0),6927d845a54f,0,42,324,reg_ema20_gt_ema50_raw,regime,ema20_gt_ema50,trend,0
(*)|(loc_dist_ema20_atr_ts_top80==0)|(reg_atr_change_rate_ts_top20==1&reg_atr_change_rate_ts_top70==1&reg_ema20_gt_ema50_raw==0),6927d845a54f,0,42,0,reg_atr_change_rate_ts_top20,regime,atr_change_rate,volatility,1
(*)|(loc_dist_ema20_atr_ts_top80==0)|(reg_atr_change_rate_ts_top20==1&reg_atr_change_rate_ts_top70==1&reg_ema20_gt_ema50_raw==0),6927d845a54f,0,42,20,reg_atr_change_rate_ts_top70,regime,atr_change_rate,volatility,1
(*)|(loc_dist_ema20_atr_ts_top80==0)|(reg_atr_change_rate_ts_top20==1&reg_atr_change_rate_ts_top70==1&reg_ema20_gt_ema50_raw==0),6927d845a54f,0,42,25,loc_dist_ema20_atr_ts_top80,location,dist_ema20_atr,context,0
(*)|(loc_dist_ema20_atr_ts_top80==1)|(reg_ema20_gt_ema50_raw==0),2c6135478469,0,42,324,reg_ema20_gt_ema50_raw,regime,ema20_gt_ema50,trend,0
(*)|(loc_dist_ema20_atr_ts_top80==1)|(reg_ema20_gt_ema50_raw==0),2c6135478469,0,42,25,loc_dist_ema20_atr_ts_top80,location,dist_ema20_atr,context,1
(*)|(loc_dist_ema20_atr_ts_top80==0)|(reg_ema20_gt_ema50_raw==1),901425643817,0,42,324,reg_ema20_gt_ema50_raw,regime,ema20_gt_ema50,trend,1
(*)|(loc_dist_ema20_atr_ts_top80==0)|(reg_ema20_gt_ema50_raw==1),901425643817,0,42,25,loc_dist_ema20_atr_ts_top80,location,dist_ema20_atr,context,0
(*)|(loc_dist_ema20_atr_ts_top80==1)|(reg_ema20_gt_ema50_raw==1),eaa0beb61d58,0,42,324,reg_ema20_gt_ema50_raw,regime,ema20_gt_ema50,trend,1
(*)|(loc_dist_ema20_atr_ts_top80==1)|(reg_ema20_gt_ema50_raw==1),eaa0beb61d58,0,42,25,loc_dist_ema20_atr_ts_top80,location,dist_ema20_atr,context,1
(*)|(loc_dist_ema20_atr_ts_band20_80==1)|(reg_atr_change_rate_ts_band30_70==0&reg_atr_change_rate_ts_top60==0),f7c1af3afe84,0,42,16,reg_atr_change_rate_ts_top60,regime,atr_change_rate,volatility,0
(*)|(loc_dist_ema20_atr_ts_band20_80==1)|(reg_atr_change_rate_ts_band30_70==0&reg_atr_change_rate_ts_top60==0),f7c1af3afe84,0,42,32,reg_atr_change_rate_ts_band30_70,regime,atr_change_rate,volatility,0
(*)|(loc_dist_ema20_atr_ts_band20_80==1)|(reg_atr_change_rate_ts_band30_70==0&reg_atr_change_rate_ts_top60==0),f7c1af3afe84,0,42,29,loc_dist_ema20_atr_ts_band20_80,location,dist_ema20_atr,context,1
(*)|(*)|(reg_atr_change_rate_ts_band30_70==1&reg_atr_change_rate_ts_top60==0),d183bcc010fa,0,42,16,reg_atr_change_rate_ts_top60,regime,atr_change_rate,volatility,0
(*)|(*)|(reg_atr_change_rate_ts_band30_70==1&reg_atr_change_rate_ts_top60==0),d183bcc010fa,0,42,32,reg_atr_change_rate_ts_band30_70,regime,atr_change_rate,volatility,1
(*)|(*)|(reg_atr_change_rate_ts_top60==1),acb469a66487,0,42,16,reg_atr_change_rate_ts_top60,regime,atr_change_rate,volatility,1
(*)|(*)|(reg_atr_change_rate_ts_band20_80==1&reg_atr_change_rate_ts_band25_75==0&reg_atr_change_rate_ts_top30==0),9ad96ecdd7a9,0,42,28,reg_atr_change_rate_ts_band20_80,regime,atr_change_rate,volatility,1
(*)|(*)|(reg_atr_change_rate_ts_band20_80==1&reg_atr_change_rate_ts_band25_75==0&reg_atr_change_rate_ts_top30==0),9ad96ecdd7a9,0,42,4,reg_atr_change_rate_ts_top30,regime,atr_change_rate,volatility,0
(*)|(*)|(reg_atr_change_rate_ts_band20_80==1&reg_atr_change_rate_ts_band25_75==0&reg_atr_change_rate_ts_top30==0),9ad96ecdd7a9,0,42,30,reg_atr_change_rate_ts_band25_75,regime,atr_change_rate,volatility,0
(*)|(*)|(reg_atr_change_rate_ts_band20_80==1&reg_atr_change_rate_ts_band25_75==1&reg_atr_change_rate_ts_top30==0),e8ce33d8db24,0,42,28,reg_atr_change_rate_ts_band20_80,regime,atr_change_rate,volatility,1
(*)|(*)|(reg_atr_change_rate_ts_band20_80==1&reg_atr_change_rate_ts_band25_75==1&reg_atr_change_rate_ts_top30==0),e8ce33d8db24,0,42,4,reg_atr_change_rate_ts_top30,regime,atr_change_rate,volatility,0
(*)|(*)|(reg_atr_change_rate_ts_band20_80==1&reg_atr_change_rate_ts_band25_75==1&reg_atr_change_rate_ts_top30==0),e8ce33d8db24,0,42,30,reg_atr_change_rate_ts_band25_75,regime,atr_change_rate,volatility,1
(*)|(*)|(reg_atr_change_rate_ts_band20_80==1&reg_atr_change_rate_ts_band25_75==0&reg_atr_change_rate_ts_top30==1&reg_ema20_gt_ema50_raw==0),79f9453414c6,0,42,28,reg_atr_change_rate_ts_band20_80,regime,atr_change_rate,volatility,1
(*)|(*)|(reg_atr_change_rate_ts_band20_80==1&reg_atr_change_rate_ts_band25_75==0&reg_atr_change_rate_ts_top30==1&reg_ema20_gt_ema50_raw==0),79f9453414c6,0,42,4,reg_atr_change_rate_ts_top30,regime,atr_change_rate,volatility,1
(*)|(*)|(reg_atr_change_rate_ts_band20_80==1&reg_atr_change_rate_ts_band25_75==0&reg_atr_change_rate_ts_top30==1&reg_ema20_gt_ema50_raw==0),79f9453414c6,0,42,30,reg_atr_change_rate_ts_band25_75,regime,atr_change_rate,volatility,0
(*)|(*)|(reg_atr_change_rate_ts_band20_80==1&reg_atr_change_rate_ts_band25_75==0&reg_atr_change_rate_ts_top30==1&reg_ema20_gt_ema50_raw==0),79f9453414c6,0,42,324,reg_ema20_gt_ema50_raw,regime,ema20_gt_ema50,trend,0
(*)|(*)|(reg_atr_change_rate_ts_band20_80==1&reg_atr_change_rate_ts_band25_75==0&reg_atr_change_rate_ts_top30==1&reg_ema20_gt_ema50_raw==1),0f201348eb72,0,42,28,reg_atr_change_rate_ts_band20_80,regime,atr_change_rate,volatility,1
(*)|(*)|(reg_atr_change_rate_ts_band20_80==1&reg_atr_change_rate_ts_band25_75==0&reg_atr_change_rate_ts_top30==1&reg_ema20_gt_ema50_raw==1),0f201348eb72,0,42,4,reg_atr_change_rate_ts_top30,regime,atr_change_rate,volatility,1
(*)|(*)|(reg_atr_change_rate_ts_band20_80==1&reg_atr_change_rate_ts_band25_75==0&reg_atr_change_rate_ts_top30==1&reg_ema20_gt_ema50_raw==1),0f201348eb72,0,42,30,reg_atr_change_rate_ts_band25_75,regime,atr_change_rate,volatility,0
(*)|(*)|(reg_atr_change_rate_ts_band20_80==1&reg_atr_change_rate_ts_band25_75==0&reg_atr_change_rate_ts_top30==1&reg_ema20_gt_ema50_raw==1),0f201348eb72,0,42,324,reg_ema20_gt_ema50_raw,regime,ema20_gt_ema50,trend,1
(*)|(*)|(reg_atr_change_rate_ts_band20_80==1&reg_atr_change_rate_ts_band25_75==1&reg_atr_change_rate_ts_top30==1&reg_atr_change_rate_ts_top50==0),1d95f60bec5f,0,42,28,reg_atr_change_rate_ts_band20_80,regime,atr_change_rate,volatility,1
(*)|(*)|(reg_atr_change_rate_ts_band20_80==1&reg_atr_change_rate_ts_band25_75==1&reg_atr_change_rate_ts_top30==1&reg_atr_change_rate_ts_top50==0),1d95f60bec5f,0,42,4,reg_atr_change_rate_ts_top30,regime,atr_change_rate,volatility,1
(*)|(*)|(reg_atr_change_rate_ts_band20_80==1&reg_atr_change_rate_ts_band25_75==1&reg_atr_change_rate_ts_top30==1&reg_atr_change_rate_ts_top50==0),1d95f60bec5f,0,42,30,reg_atr_change_rate_ts_band25_75,regime,atr_change_rate,volatility,1
(*)|(*)|(reg_atr_change_rate_ts_band20_80==1&reg_atr_change_rate_ts_band25_75==1&reg_atr_change_rate_ts_top30==1&reg_atr_change_rate_ts_top50==0),1d95f60bec5f,0,42,12,reg_atr_change_rate_ts_top50,regime,atr_change_rate,volatility,0
(*)|(*)|(reg_atr_change_rate_ts_band20_80==1&reg_atr_change_rate_ts_band25_75==1&reg_atr_change_rate_ts_top30==1&reg_atr_change_rate_ts_top50==1),61635ea446ee,0,42,28,reg_atr_change_rate_ts_band20_80,regime,atr_change_rate,volatility,1
(*)|(*)|(reg_atr_change_rate_ts_band20_80==1&reg_atr_change_rate_ts_band25_75==1&reg_atr_change_rate_ts_top30==1&reg_atr_change_rate_ts_top50==1),61635ea446ee,0,42,4,reg_atr_change_rate_ts_top30,regime,atr_change_rate,volatility,1
(*)|(*)|(reg_atr_change_rate_ts_band20_80==1&reg_atr_change_rate_ts_band25_75==1&reg_atr_change_rate_ts_top30==1&reg_atr_change_rate_ts_top50==1),61635ea446ee,0,42,30,reg_atr_change_rate_ts_band25_75,regime,atr_change_rate,volatility,1
(*)|(*)|(reg_atr_change_rate_ts_band20_80==1&reg_atr_change_rate_ts_band25_75==1&reg_atr_change_rate_ts_top30==1&reg_atr_change_rate_ts_top50==1),61635ea446ee,0,42,12,reg_atr_change_rate_ts_top50,regime,atr_change_rate,volatility,1
(*)|(loc_dist_ema20_atr_ts_top20==1)|(reg_atr_change_rate_ts_band25_75==0&reg_atr_change_rate_ts_top50==0),81fc9be7d697,0,42,12,reg_atr_change_rate_ts_top50,regime,atr_change_rate,volatility,0
(*)|(loc_dist_ema20_atr_ts_top20==1)|(reg_atr_change_rate_ts_band25_75==0&reg_atr_change_rate_ts_top50==0),81fc9be7d697,0,42,30,reg_atr_change_rate_ts_band25_75,regime,atr_change_rate,volatility,0
(*)|(loc_dist_ema20_atr_ts_top20==1)|(reg_atr_change_rate_ts_band25_75==0&reg_atr_change_rate_ts_top50==0),81fc9be7d697,0,42,1,loc_dist_ema20_atr_ts_top20,location,dist_ema20_atr,context,1
(*)|(loc_dist_ema20_atr_ts_top20==1)|(reg_atr_change_rate_ts_band25_75==1&reg_atr_change_rate_ts_top50==0),7a5dc24ad1db,0,42,12,reg_atr_change_rate_ts_top50,regime,atr_change_rate,volatility,0
(*)|(loc_dist_ema20_atr_ts_top20==1)|(reg_atr_change_rate_ts_band25_75==1&reg_atr_change_rate_ts_top50==0),7a5dc24ad1db,0,42,30,reg_atr_change_rate_ts_band25_75,regime,atr_change_rate,volatility,1
(*)|(loc_dist_ema20_atr_ts_top20==1)|(reg_atr_change_rate_ts_band25_75==1&reg_atr_change_rate_ts_top50==0),7a5dc24ad1db,0,42,1,loc_dist_ema20_atr_ts_top20,location,dist_ema20_atr,context,1
(*)|(*)|(reg_atr_change_rate_ts_top50==1&reg_atr_change_rate_ts_top60==0),58ef74a0624d,0,42,12,reg_atr_change_rate_ts_top50,regime,atr_change_rate,volatility,1
(*)|(*)|(reg_atr_change_rate_ts_top50==1&reg_atr_change_rate_ts_top60==0),58ef74a0624d,0,42,16,reg_atr_change_rate_ts_top60,regime,atr_change_rate,volatility,0
(*)|(*)|(reg_atr_change_rate_ts_top50==1&reg_atr_change_rate_ts_top60==1),15bae8c8fea7,0,42,12,reg_atr_change_rate_ts_top50,regime,atr_change_rate,volatility,1
(*)|(*)|(reg_atr_change_rate_ts_top50==1&reg_atr_change_rate_ts_top60==1),15bae8c8fea7,0,42,16,reg_atr_change_rate_ts_top60,regime,atr_change_rate,volatility,1
(*)|(*)|(reg_atr_change_rate_ts_band25_75==0&reg_atr_change_rate_ts_top80==1),202f6eaeeec3,0,42,30,reg_atr_change_rate_ts_band25_75,regime,atr_change_rate,volatility,0
(*)|(*)|(reg_atr_change_rate_ts_band25_75==0&reg_atr_change_rate_ts_top80==1),202f6eaeeec3,0,42,24,reg_atr_change_rate_ts_top80,regime,atr_change_rate,volatility,1
(*)|(*)|(reg_atr_change_rate_ts_band25_75==1&reg_atr_change_rate_ts_band30_70==0&reg_atr_change_rate_ts_top40==0),12624d8bbcb6,0,42,30,reg_atr_change_rate_ts_band25_75,regime,atr_change_rate,volatility,1
(*)|(*)|(reg_atr_change_rate_ts_band25_75==1&reg_atr_change_rate_ts_band30_70==0&reg_atr_change_rate_ts_top40==0),12624d8bbcb6,0,42,32,reg_atr_change_rate_ts_band30_70,regime,atr_change_rate,volatility,0
(*)|(*)|(reg_atr_change_rate_ts_band25_75==1&reg_atr_change_rate_ts_band30_70==0&reg_atr_change_rate_ts_top40==0),12624d8bbcb6,0,42,8,reg_atr_change_rate_ts_top40,regime,atr_change_rate,volatility,0
(*)|(*)|(reg_atr_change_rate_ts_band25_75==1&reg_atr_change_rate_ts_band30_70==0&reg_atr_change_rate_ts_top40==1),bb6d761a77e6,0,42,30,reg_atr_change_rate_ts_band25_75,regime,atr_change_rate,volatility,1
(*)|(*)|(reg_atr_change_rate_ts_band25_75==1&reg_atr_change_rate_ts_band30_70==0&reg_atr_change_rate_ts_top40==1),bb6d761a77e6,0,42,32,reg_atr_change_rate_ts_band30_70,regime,atr_change_rate,volatility,0
(*)|(*)|(reg_atr_change_rate_ts_band25_75==1&reg_atr_change_rate_ts_band30_70==0&reg_atr_change_rate_ts_top40==1),bb6d761a77e6,0,42,8,reg_atr_change_rate_ts_top40,regime,atr_change_rate,volatility,1
(*)|(*)|(reg_atr_change_rate_ts_band25_75==1&reg_atr_change_rate_ts_band30_70==1&reg_atr_change_rate_ts_top40==0),72a5e1806054,0,42,30,reg_atr_change_rate_ts_band25_75,regime,atr_change_rate,volatility,1
(*)|(*)|(reg_atr_change_rate_ts_band25_75==1&reg_atr_change_rate_ts_band30_70==1&reg_atr_change_rate_ts_top40==0),72a5e1806054,0,42,32,reg_atr_change_rate_ts_band30_70,regime,atr_change_rate,volatility,1
(*)|(*)|(reg_atr_change_rate_ts_band25_75==1&reg_atr_change_rate_ts_band30_70==1&reg_atr_change_rate_ts_top40==0),72a5e1806054,0,42,8,reg_atr_change_rate_ts_top40,regime,atr_change_rate,volatility,0
(*)|(*)|(reg_atr_change_rate_ts_band25_75==1&reg_atr_change_rate_ts_band30_70==1&reg_atr_change_rate_ts_band40_60==0&reg_atr_change_rate_ts_top40==1),8ea8da25e403,0,42,30,reg_atr_change_rate_ts_band25_75,regime,atr_change_rate,volatility,1
(*)|(*)|(reg_atr_change_rate_ts_band25_75==1&reg_atr_change_rate_ts_band30_70==1&reg_atr_change_rate_ts_band40_60==0&reg_atr_change_rate_ts_top40==1),8ea8da25e403,0,42,32,reg_atr_change_rate_ts_band30_70,regime,atr_change_rate,volatility,1
(*)|(*)|(reg_atr_change_rate_ts_band25_75==1&reg_atr_change_rate_ts_band30_70==1&reg_atr_change_rate_ts_band40_60==0&reg_atr_change_rate_ts_top40==1),8ea8da25e403,0,42,8,reg_atr_change_rate_ts_top40,regime,atr_change_rate,volatility,1
(*)|(*)|(reg_atr_change_rate_ts_band25_75==1&reg_atr_change_rate_ts_band30_70==1&reg_atr_change_rate_ts_band40_60==0&reg_atr_change_rate_ts_top40==1),8ea8da25e403,0,42,34,reg_atr_change_rate_ts_band40_60,regime,atr_change_rate,volatility,0
(*)|(*)|(reg_atr_change_rate_ts_band25_75==1&reg_atr_change_rate_ts_band30_70==1&reg_atr_change_rate_ts_band40_60==1&reg_atr_change_rate_ts_top40==1),8e266f4393b3,0,42,30,reg_atr_change_rate_ts_band25_75,regime,atr_change_rate,volatility,1
(*)|(*)|(reg_atr_change_rate_ts_band25_75==1&reg_atr_change_rate_ts_band30_70==1&reg_atr_change_rate_ts_band40_60==1&reg_atr_change_rate_ts_top40==1),8e266f4393b3,0,42,32,reg_atr_change_rate_ts_band30_70,regime,atr_change_rate,volatility,1
(*)|(*)|(reg_atr_change_rate_ts_band25_75==1&reg_atr_change_rate_ts_band30_70==1&reg_atr_change_rate_ts_band40_60==1&reg_atr_change_rate_ts_top40==1),8e266f4393b3,0,42,8,reg_atr_change_rate_ts_top40,regime,atr_change_rate,volatility,1
(*)|(*)|(reg_atr_change_rate_ts_band25_75==1&reg_atr_change_rate_ts_band30_70==1&reg_atr_change_rate_ts_band40_60==1&reg_atr_change_rate_ts_top40==1),8e266f4393b3,0,42,34,reg_atr_change_rate_ts_band40_60,regime,atr_change_rate,volatility,1
(*)|(loc_dist_ema50_atr_ts_band30_70==0)|(reg_atr_change_rate_ts_band20_80==1&reg_atr_change_rate_ts_top80==0&reg_ema20_gt_ema50_raw==0),4ee61121e39c,0,42,24,reg_atr_change_rate_ts_top80,regime,atr_change_rate,volatility,0
(*)|(loc_dist_ema50_atr_ts_band30_70==0)|(reg_atr_change_rate_ts_band20_80==1&reg_atr_change_rate_ts_top80==0&reg_ema20_gt_ema50_raw==0),4ee61121e39c,0,42,28,reg_atr_change_rate_ts_band20_80,regime,atr_change_rate,volatility,1
(*)|(loc_dist_ema50_atr_ts_band30_70==0)|(reg_atr_change_rate_ts_band20_80==1&reg_atr_change_rate_ts_top80==0&reg_ema20_gt_ema50_raw==0),4ee61121e39c,0,42,324,reg_ema20_gt_ema50_raw,regime,ema20_gt_ema50,trend,0
(*)|(loc_dist_ema50_atr_ts_band30_70==0)|(reg_atr_change_rate_ts_band20_80==1&reg_atr_change_rate_ts_top80==0&reg_ema20_gt_ema50_raw==0),4ee61121e39c,0,42,69,loc_dist_ema50_atr_ts_band30_70,location,dist_ema50_atr,context,0
(*)|(loc_dist_ema50_atr_ts_band30_70==0)|(reg_atr_change_rate_ts_band20_80==1&reg_atr_change_rate_ts_top80==0&reg_ema20_gt_ema50_raw==1),19ba7512cb51,0,42,24,reg_atr_change_rate_ts_top80,regime,atr_change_rate,volatility,0
(*)|(loc_dist_ema50_atr_ts_band30_70==0)|(reg_atr_change_rate_ts_band20_80==1&reg_atr_change_rate_ts_top80==0&reg_ema20_gt_ema50_raw==1),19ba7512cb51,0,42,28,reg_atr_change_rate_ts_band20_80,regime,atr_change_rate,volatility,1
(*)|(loc_dist_ema50_atr_ts_band30_70==0)|(reg_atr_change_rate_ts_band20_80==1&reg_atr_change_rate_ts_top80==0&reg_ema20_gt_ema50_raw==1),19ba7512cb51,0,42,324,reg_ema20_gt_ema50_raw,regime,ema20_gt_ema50,trend,1
(*)|(loc_dist_ema50_atr_ts_band30_70==0)|(reg_atr_change_rate_ts_band20_80==1&reg_atr_change_rate_ts_top80==0&reg_ema20_gt_ema50_raw==1),19ba7512cb51,0,42,69,loc_dist_ema50_atr_ts_band30_70,location,dist_ema50_atr,context,0
(*)|(loc_dist_ema50_atr_ts_band30_70==1)|(reg_atr_change_rate_ts_bot50==0&reg_atr_change_rate_ts_top60==0&reg_atr_change_rate_ts_top80==0),db8f890e82ac,0,42,24,reg_atr_change_rate_ts_top80,regime,atr_change_rate,volatility,0
(*)|(loc_dist_ema50_atr_ts_band30_70==1)|(reg_atr_change_rate_ts_bot50==0&reg_atr_change_rate_ts_top60==0&reg_atr_change_rate_ts_top80==0),db8f890e82ac,0,42,14,reg_atr_change_rate_ts_bot50,regime,atr_change_rate,volatility,0
(*)|(loc_dist_ema50_atr_ts_band30_70==1)|(reg_atr_change_rate_ts_bot50==0&reg_atr_change_rate_ts_top60==0&reg_atr_change_rate_ts_top80==0),db8f890e82ac,0,42,16,reg_atr_change_rate_ts_top60,regime,atr_change_rate,volatility,0
(*)|(loc_dist_ema50_atr_ts_band30_70==1)|(reg_atr_change_rate_ts_bot50==0&reg_atr_change_rate_ts_top60==0&reg_atr_change_rate_ts_top80==0),db8f890e82ac,0,42,69,loc_dist_ema50_atr_ts_band30_70,location,dist_ema50_atr,context,1
(*)|(loc_dist_ema50_atr_ts_band30_70==1)|(reg_atr_change_rate_ts_bot50==0&reg_atr_change_rate_ts_top60==1&reg_atr_change_rate_ts_top80==0),7204b2173049,0,42,24,reg_atr_change_rate_ts_top80,regime,atr_change_rate,volatility,0
(*)|(loc_dist_ema50_atr_ts_band30_70==1)|(reg_atr_change_rate_ts_bot50==0&reg_atr_change_rate_ts_top60==1&reg_atr_change_rate_ts_top80==0),7204b2173049,0,42,14,reg_atr_change_rate_ts_bot50,regime,atr_change_rate,volatility,0
(*)|(loc_dist_ema50_atr_ts_band30_70==1)|(reg_atr_change_rate_ts_bot50==0&reg_atr_change_rate_ts_top60==1&reg_atr_change_rate_ts_top80==0),7204b2173049,0,42,16,reg_atr_change_rate_ts_top60,regime,atr_change_rate,volatility,1
(*)|(loc_dist_ema50_atr_ts_band30_70==1)|(reg_atr_change_rate_ts_bot50==0&reg_atr_change_rate_ts_top60==1&reg_atr_change_rate_ts_top80==0),7204b2173049,0,42,69,loc_dist_ema50_atr_ts_band30_70,location,dist_ema50_atr,context,1
(*)|(loc_dist_ema50_atr_ts_band30_70==1)|(reg_atr_change_rate_ts_bot50==1&reg_atr_change_rate_ts_top40==0&reg_atr_change_rate_ts_top80==0),ef326fd31c77,0,42,24,reg_atr_change_rate_ts_top80,regime,atr_change_rate,volatility,0
(*)|(loc_dist_ema50_atr_ts_band30_70==1)|(reg_atr_change_rate_ts_bot50==1&reg_atr_change_rate_ts_top40==0&reg_atr_change_rate_ts_top80==0),ef326fd31c77,0,42,14,reg_atr_change_rate_ts_bot50,regime,atr_change_rate,volatility,1
(*)|(loc_dist_ema50_atr_ts_band30_70==1)|(reg_atr_change_rate_ts_bot50==1&reg_atr_change_rate_ts_top40==0&reg_atr_change_rate_ts_top80==0),ef326fd31c77,0,42,8,reg_atr_change_rate_ts_top40,regime,atr_change_rate,volatility,0
(*)|(loc_dist_ema50_atr_ts_band30_70==1)|(reg_atr_change_rate_ts_bot50==1&reg_atr_change_rate_ts_top40==0&reg_atr_change_rate_ts_top80==0),ef326fd31c77,0,42,69,loc_dist_ema50_atr_ts_band30_70,location,dist_ema50_atr,context,1
(*)|(loc_dist_ema50_atr_ts_band30_70==1)|(reg_atr_change_rate_ts_bot50==1&reg_atr_change_rate_ts_top40==1&reg_atr_change_rate_ts_top80==0),c5ebf16432d7,0,42,24,reg_atr_change_rate_ts_top80,regime,atr_change_rate,volatility,0
(*)|(loc_dist_ema50_atr_ts_band30_70==1)|(reg_atr_change_rate_ts_bot50==1&reg_atr_change_rate_ts_top40==1&reg_atr_change_rate_ts_top80==0),c5ebf16432d7,0,42,14,reg_atr_change_rate_ts_bot50,regime,atr_change_rate,volatility,1
(*)|(loc_dist_ema50_atr_ts_band30_70==1)|(reg_atr_change_rate_ts_bot50==1&reg_atr_change_rate_ts_top40==1&reg_atr_change_rate_ts_top80==0),c5ebf16432d7,0,42,8,reg_atr_change_rate_ts_top40,regime,atr_change_rate,volatility,1
(*)|(loc_dist_ema50_atr_ts_band30_70==1)|(reg_atr_change_rate_ts_bot50==1&reg_atr_change_rate_ts_top40==1&reg_atr_change_rate_ts_top80==0),c5ebf16432d7,0,42,69,loc_dist_ema50_atr_ts_band30_70,location,dist_ema50_atr,context,1
(*)|(*)|(reg_atr_change_rate_ts_top80==1&reg_ema20_gt_ema50_raw==0),0e3cf596fc08,0,42,24,reg_atr_change_rate_ts_top80,regime,atr_change_rate,volatility,1
(*)|(*)|(reg_atr_change_rate_ts_top80==1&reg_ema20_gt_ema50_raw==0),0e3cf596fc08,0,42,324,reg_ema20_gt_ema50_raw,regime,ema20_gt_ema50,trend,0
(*)|(*)|(reg_atr_change_rate_ts_top80==1&reg_ema20_gt_ema50_raw==1),a42e2548147a,0,42,24,reg_atr_change_rate_ts_top80,regime,atr_change_rate,volatility,1
(*)|(*)|(reg_atr_change_rate_ts_top80==1&reg_ema20_gt_ema50_raw==1),a42e2548147a,0,42,324,reg_ema20_gt_ema50_raw,regime,ema20_gt_ema50,trend,1
(*)|(*)|(reg_atr_change_rate_ts_band25_75==0&reg_atr_change_rate_ts_bot30==0&reg_atr_change_rate_ts_top20==1&reg_ema20_gt_ema50_raw==0),b75bea2dc69a,0,42,324,reg_ema20_gt_ema50_raw,regime,ema20_gt_ema50,trend,0
(*)|(*)|(reg_atr_change_rate_ts_band25_75==0&reg_atr_change_rate_ts_bot30==0&reg_atr_change_rate_ts_top20==1&reg_ema20_gt_ema50_raw==0),b75bea2dc69a,0,42,30,reg_atr_change_rate_ts_band25_75,regime,atr_change_rate,volatility,0
(*)|(*)|(reg_atr_change_rate_ts_band25_75==0&reg_atr_change_rate_ts_bot30==0&reg_atr_change_rate_ts_top20==1&reg_ema20_gt_ema50_raw==0),b75bea2dc69a,0,42,0,reg_atr_change_rate_ts_top20,regime,atr_change_rate,volatility,1
(*)|(*)|(reg_atr_change_rate_ts_band25_75==0&reg_atr_change_rate_ts_bot30==0&reg_atr_change_rate_ts_top20==1&reg_ema20_gt_ema50_raw==0),b75bea2dc69a,0,42,6,reg_atr_change_rate_ts_bot30,regime,atr_change_rate,volatility,0
(*)|(*)|(reg_atr_change_rate_ts_band25_75==0&reg_atr_change_rate_ts_bot30==1&reg_atr_change_rate_ts_top20==1&reg_ema20_gt_ema50_raw==0),d7474403e5d3,0,42,324,reg_ema20_gt_ema50_raw,regime,ema20_gt_ema50,trend,0
(*)|(*)|(reg_atr_change_rate_ts_band25_75==0&reg_atr_change_rate_ts_bot30==1&reg_atr_change_rate_ts_top20==1&reg_ema20_gt_ema50_raw==0),d7474403e5d3,0,42,30,reg_atr_change_rate_ts_band25_75,regime,atr_change_rate,volatility,0
(*)|(*)|(reg_atr_change_rate_ts_band25_75==0&reg_atr_change_rate_ts_bot30==1&reg_atr_change_rate_ts_top20==1&reg_ema20_gt_ema50_raw==0),d7474403e5d3,0,42,0,reg_atr_change_rate_ts_top20,regime,atr_change_rate,volatility,1
(*)|(*)|(reg_atr_change_rate_ts_band25_75==0&reg_atr_change_rate_ts_bot30==1&reg_atr_change_rate_ts_top20==1&reg_ema20_gt_ema50_raw==0),d7474403e5d3,0,42,6,reg_atr_change_rate_ts_bot30,regime,atr_change_rate,volatility,1
(*)|(*)|(reg_atr_change_rate_ts_band25_75==1&reg_atr_change_rate_ts_bot30==0&reg_atr_change_rate_ts_top70==0&reg_ema20_gt_ema50_raw==0),cd2d3391a7bf,0,42,324,reg_ema20_gt_ema50_raw,regime,ema20_gt_ema50,trend,0
(*)|(*)|(reg_atr_change_rate_ts_band25_75==1&reg_atr_change_rate_ts_bot30==0&reg_atr_change_rate_ts_top70==0&reg_ema20_gt_ema50_raw==0),cd2d3391a7bf,0,42,30,reg_atr_change_rate_ts_band25_75,regime,atr_change_rate,volatility,1
(*)|(*)|(reg_atr_change_rate_ts_band25_75==1&reg_atr_change_rate_ts_bot30==0&reg_atr_change_rate_ts_top70==0&reg_ema20_gt_ema50_raw==0),cd2d3391a7bf,0,42,20,reg_atr_change_rate_ts_top70,regime,atr_change_rate,volatility,0
(*)|(*)|(reg_atr_change_rate_ts_band25_75==1&reg_atr_change_rate_ts_bot30==0&reg_atr_change_rate_ts_top70==0&reg_ema20_gt_ema50_raw==0),cd2d3391a7bf,0,42,6,reg_atr_change_rate_ts_bot30,regime,atr_change_rate,volatility,0
(*)|(*)|(reg_atr_change_rate_ts_band25_75==1&reg_atr_change_rate_ts_bot30==1&reg_atr_change_rate_ts_top70==0&reg_ema20_gt_ema50_raw==0),2caee3348bbd,0,42,324,reg_ema20_gt_ema50_raw,regime,ema20_gt_ema50,trend,0
(*)|(*)|(reg_atr_change_rate_ts_band25_75==1&reg_atr_change_rate_ts_bot30==1&reg_atr_change_rate_ts_top70==0&reg_ema20_gt_ema50_raw==0),2caee3348bbd,0,42,30,reg_atr_change_rate_ts_band25_75,regime,atr_change_rate,volatility,1
(*)|(*)|(reg_atr_change_rate_ts_band25_75==1&reg_atr_change_rate_ts_bot30==1&reg_atr_change_rate_ts_top70==0&reg_ema20_gt_ema50_raw==0),2caee3348bbd,0,42,20,reg_atr_change_rate_ts_top70,regime,atr_change_rate,volatility,0
(*)|(*)|(reg_atr_change_rate_ts_band25_75==1&reg_atr_change_rate_ts_bot30==1&reg_atr_change_rate_ts_top70==0&reg_ema20_gt_ema50_raw==0),2caee3348bbd,0,42,6,reg_atr_change_rate_ts_bot30,regime,atr_change_rate,volatility,1
(*)|(*)|(reg_atr_change_rate_ts_band25_75==1&reg_atr_change_rate_ts_top70==1&reg_ema20_gt_ema50_raw==0),7bf11301b2dd,0,42,324,reg_ema20_gt_ema50_raw,regime,ema20_gt_ema50,trend,0
(*)|(*)|(reg_atr_change_rate_ts_band25_75==1&reg_atr_change_rate_ts_top70==1&reg_ema20_gt_ema50_raw==0),7bf11301b2dd,0,42,30,reg_atr_change_rate_ts_band25_75,regime,atr_change_rate,volatility,1
(*)|(*)|(reg_atr_change_rate_ts_band25_75==1&reg_atr_change_rate_ts_top70==1&reg_ema20_gt_ema50_raw==0),7bf11301b2dd,0,42,20,reg_atr_change_rate_ts_top70,regime,atr_change_rate,volatility,1
(*)|(*)|(reg_ema20_gt_ema50_raw==1),14c61bdc4f2b,0,42,324,reg_ema20_gt_ema50_raw,regime,ema20_gt_ema50,trend,1
(*)|(*)|(reg_atr_change_rate_ts_band20_80==1&reg_atr_change_rate_ts_top30==0&reg_atr_change_rate_ts_top50==0),98ed6bd7e2ef,0,42,12,reg_atr_change_rate_ts_top50,regime,atr_change_rate,volatility,0
(*)|(*)|(reg_atr_change_rate_ts_band20_80==1&reg_atr_change_rate_ts_top30==0&reg_atr_change_rate_ts_top50==0),98ed6bd7e2ef,0,42,28,reg_atr_change_rate_ts_band20_80,regime,atr_change_rate,volatility,1
(*)|(*)|(reg_atr_change_rate_ts_band20_80==1&reg_atr_change_rate_ts_top30==0&reg_atr_change_rate_ts_top50==0),98ed6bd7e2ef,0,42,4,reg_atr_change_rate_ts_top30,regime,atr_change_rate,volatility,0
(*)|(loc_dist_ema20_atr_ts_top40==0)|(reg_atr_change_rate_ts_band20_80==1&reg_atr_change_rate_ts_top30==1&reg_atr_change_rate_ts_top50==0),9b2e73a3e8e9,0,42,12,reg_atr_change_rate_ts_top50,regime,atr_change_rate,volatility,0
(*)|(loc_dist_ema20_atr_ts_top40==0)|(reg_atr_change_rate_ts_band20_80==1&reg_atr_change_rate_ts_top30==1&reg_atr_change_rate_ts_top50==0),9b2e73a3e8e9,0,42,28,reg_atr_change_rate_ts_band20_80,regime,atr_change_rate,volatility,1
(*)|(loc_dist_ema20_atr_ts_top40==0)|(reg_atr_change_rate_ts_band20_80==1&reg_atr_change_rate_ts_top30==1&reg_atr_change_rate_ts_top50==0),9b2e73a3e8e9,0,42,4,reg_atr_change_rate_ts_top30,regime,atr_change_rate,volatility,1
(*)|(loc_dist_ema20_atr_ts_top40==0)|(reg_atr_change_rate_ts_band20_80==1&reg_atr_change_rate_ts_top30==1&reg_atr_change_rate_ts_top50==0),9b2e73a3e8e9,0,42,9,loc_dist_ema20_atr_ts_top40,location,dist_ema20_atr,context,0
(*)|(loc_dist_ema20_atr_ts_top40==1)|(reg_atr_change_rate_ts_band20_80==1&reg_atr_change_rate_ts_top30==1&reg_atr_change_rate_ts_top50==0),dbc17aa9df12,0,42,12,reg_atr_change_rate_ts_top50,regime,atr_change_rate,volatility,0
(*)|(loc_dist_ema20_atr_ts_top40==1)|(reg_atr_change_rate_ts_band20_80==1&reg_atr_change_rate_ts_top30==1&reg_atr_change_rate_ts_top50==0),dbc17aa9df12,0,42,28,reg_atr_change_rate_ts_band20_80,regime,atr_change_rate,volatility,1
(*)|(loc_dist_ema20_atr_ts_top40==1)|(reg_atr_change_rate_ts_band20_80==1&reg_atr_change_rate_ts_top30==1&reg_atr_change_rate_ts_top50==0),dbc17aa9df12,0,42,4,reg_atr_change_rate_ts_top30,regime,atr_change_rate,volatility,1
(*)|(loc_dist_ema20_atr_ts_top40==1)|(reg_atr_change_rate_ts_band20_80==1&reg_atr_change_rate_ts_top30==1&reg_atr_change_rate_ts_top50==0),dbc17aa9df12,0,42,9,loc_dist_ema20_atr_ts_top40,location,dist_ema20_atr,context,1
(*)|(*)|(reg_atr_change_rate_ts_band25_75==0&reg_atr_change_rate_ts_top50==1),2c93a2f1dd63,0,42,12,reg_atr_change_rate_ts_top50,regime,atr_change_rate,volatility,1
(*)|(*)|(reg_atr_change_rate_ts_band25_75==0&reg_atr_change_rate_ts_top50==1),2c93a2f1dd63,0,42,30,reg_atr_change_rate_ts_band25_75,regime,atr_change_rate,volatility,0
(*)|(*)|(reg_atr_change_rate_ts_band25_75==1&reg_atr_change_rate_ts_top50==1),ead784193228,0,42,12,reg_atr_change_rate_ts_top50,regime,atr_change_rate,volatility,1
(*)|(*)|(reg_atr_change_rate_ts_band25_75==1&reg_atr_change_rate_ts_top50==1),ead784193228,0,42,30,reg_atr_change_rate_ts_band25_75,regime,atr_change_rate,volatility,1
(*)|(loc_dist_ema20_atr_ts_top60==0)|(reg_atr_change_rate_ts_band40_60==1&reg_atr_change_rate_ts_top80==0&reg_ema20_gt_ema50_raw==0),70a3d2e12a94,0,42,24,reg_atr_change_rate_ts_top80,regime,atr_change_rate,volatility,0
(*)|(loc_dist_ema20_atr_ts_top60==0)|(reg_atr_change_rate_ts_band40_60==1&reg_atr_change_rate_ts_top80==0&reg_ema20_gt_ema50_raw==0),70a3d2e12a94,0,42,324,reg_ema20_gt_ema50_raw,regime,ema20_gt_ema50,trend,0
(*)|(loc_dist_ema20_atr_ts_top60==0)|(reg_atr_change_rate_ts_band40_60==1&reg_atr_change_rate_ts_top80==0&reg_ema20_gt_ema50_raw==0),70a3d2e12a94,0,42,34,reg_atr_change_rate_ts_band40_60,regime,atr_change_rate,volatility,1
(*)|(loc_dist_ema20_atr_ts_top60==0)|(reg_atr_change_rate_ts_band40_60==1&reg_atr_change_rate_ts_top80==0&reg_ema20_gt_ema50_raw==0),70a3d2e12a94,0,42,17,loc_dist_ema20_atr_ts_top60,location,dist_ema20_atr,context,0
(*)|(loc_dist_ema20_atr_ts_top60==1)|(reg_atr_change_rate_ts_top80==0&reg_ema20_gt_ema50_raw==0),8fd157471453,0,42,24,reg_atr_change_rate_ts_top80,regime,atr_change_rate,volatility,0
(*)|(loc_dist_ema20_atr_ts_top60==1)|(reg_atr_change_rate_ts_top80==0&reg_ema20_gt_ema50_raw==0),8fd157471453,0,42,324,reg_ema20_gt_ema50_raw,regime,ema20_gt_ema50,trend,0
(*)|(loc_dist_ema20_atr_ts_top60==1)|(reg_atr_change_rate_ts_top80==0&reg_ema20_gt_ema50_raw==0),8fd157471453,0,42,17,loc_dist_ema20_atr_ts_top60,location,dist_ema20_atr,context,1
(*)|(*)|(reg_atr_change_rate_ts_top80==0&reg_ema20_gt_ema50_raw==1),038a1fb52662,0,42,24,reg_atr_change_rate_ts_top80,regime,atr_change_rate,volatility,0
(*)|(*)|(reg_atr_change_rate_ts_top80==0&reg_ema20_gt_ema50_raw==1),038a1fb52662,0,42,324,reg_ema20_gt_ema50_raw,regime,ema20_gt_ema50,trend,1
(*)|(*)|(reg_atr_change_rate_ts_top80==1&reg_ema20_gt_ema50_raw==0),319d1c38900e,0,42,24,reg_atr_change_rate_ts_top80,regime,atr_change_rate,volatility,1
(*)|(*)|(reg_atr_change_rate_ts_top80==1&reg_ema20_gt_ema50_raw==0),319d1c38900e,0,42,324,reg_ema20_gt_ema50_raw,regime,ema20_gt_ema50,trend,0
(*)|(*)|(reg_atr_change_rate_ts_top80==1&reg_ema20_gt_ema50_raw==1),34c5462e9239,0,42,24,reg_atr_change_rate_ts_top80,regime,atr_change_rate,volatility,1
(*)|(*)|(reg_atr_change_rate_ts_top80==1&reg_ema20_gt_ema50_raw==1),34c5462e9239,0,42,324,reg_ema20_gt_ema50_raw,regime,ema20_gt_ema50,trend,1
(*)|(loc_dist_ema20_atr_ts_top20==1)|(reg_atr_change_rate_ts_top30==0&reg_atr_change_rate_ts_top50==0),57c7bf679b01,0,42,1,loc_dist_ema20_atr_ts_top20,location,dist_ema20_atr,context,1
(*)|(loc_dist_ema20_atr_ts_top20==1)|(reg_atr_change_rate_ts_top30==0&reg_atr_change_rate_ts_top50==0),57c7bf679b01,0,42,12,reg_atr_change_rate_ts_top50,regime,atr_change_rate,volatility,0
(*)|(loc_dist_ema20_atr_ts_top20==1)|(reg_atr_change_rate_ts_top30==0&reg_atr_change_rate_ts_top50==0),57c7bf679b01,0,42,4,reg_atr_change_rate_ts_top30,regime,atr_change_rate,volatility,0
(*)|(loc_dist_ema20_atr_ts_top20==1)|(reg_atr_change_rate_ts_top30==1&reg_atr_change_rate_ts_top50==0),8ddfb1515526,0,42,1,loc_dist_ema20_atr_ts_top20,location,dist_ema20_atr,context,1
(*)|(loc_dist_ema20_atr_ts_top20==1)|(reg_atr_change_rate_ts_top30==1&reg_atr_change_rate_ts_top50==0),8ddfb1515526,0,42,12,reg_atr_change_rate_ts_top50,regime,atr_change_rate,volatility,0
(*)|(loc_dist_ema20_atr_ts_top20==1)|(reg_atr_change_rate_ts_top30==1&reg_atr_change_rate_ts_top50==0),8ddfb1515526,0,42,4,reg_atr_change_rate_ts_top30,regime,atr_change_rate,volatility,1
(*)|(loc_dist_ema20_atr_ts_top20==1)|(reg_atr_change_rate_ts_top50==1),7842b3a66618,0,42,1,loc_dist_ema20_atr_ts_top20,location,dist_ema20_atr,context,1
(*)|(loc_dist_ema20_atr_ts_top20==1)|(reg_atr_change_rate_ts_top50==1),7842b3a66618,0,42,12,reg_atr_change_rate_ts_top50,regime,atr_change_rate,volatility,1
(*)|(*)|(reg_atr_change_rate_ts_band25_75==1&reg_atr_change_rate_ts_top60==0),326af588535f,0,42,16,reg_atr_change_rate_ts_top60,regime,atr_change_rate,volatility,0
(*)|(*)|(reg_atr_change_rate_ts_band25_75==1&reg_atr_change_rate_ts_top60==0),326af588535f,0,42,30,reg_atr_change_rate_ts_band25_75,regime,atr_change_rate,volatility,1
(*)|(*)|(reg_atr_change_rate_ts_top60==1&reg_atr_change_rate_ts_top70==0&reg_atr_change_rate_ts_top80==0),f030432d7687,0,42,16,reg_atr_change_rate_ts_top60,regime,atr_change_rate,volatility,1
(*)|(*)|(reg_atr_change_rate_ts_top60==1&reg_atr_change_rate_ts_top70==0&reg_atr_change_rate_ts_top80==0),f030432d7687,0,42,24,reg_atr_change_rate_ts_top80,regime,atr_change_rate,volatility,0
(*)|(*)|(reg_atr_change_rate_ts_top60==1&reg_atr_change_rate_ts_top70==0&reg_atr_change_rate_ts_top80==0),f030432d7687,0,42,20,reg_atr_change_rate_ts_top70,regime,atr_change_rate,volatility,0
(*)|(*)|(reg_atr_change_rate_ts_top60==1&reg_atr_change_rate_ts_top70==1&reg_atr_change_rate_ts_top80==0),23dff42fabde,0,42,16,reg_atr_change_rate_ts_top60,regime,atr_change_rate,volatility,1
(*)|(*)|(reg_atr_change_rate_ts_top60==1&reg_atr_change_rate_ts_top70==1&reg_atr_change_rate_ts_top80==0),23dff42fabde,0,42,24,reg_atr_change_rate_ts_top80,regime,atr_change_rate,volatility,0
(*)|(*)|(reg_atr_change_rate_ts_top60==1&reg_atr_change_rate_ts_top70==1&reg_atr_change_rate_ts_top80==0),23dff42fabde,0,42,20,reg_atr_change_rate_ts_top70,regime,atr_change_rate,volatility,1
(*)|(*)|(reg_atr_change_rate_ts_top60==1&reg_atr_change_rate_ts_top80==1),2c1ecd4b6a06,0,42,16,reg_atr_change_rate_ts_top60,regime,atr_change_rate,volatility,1
(*)|(*)|(reg_atr_change_rate_ts_top60==1&reg_atr_change_rate_ts_top80==1),2c1ecd4b6a06,0,42,24,reg_atr_change_rate_ts_top80,regime,atr_change_rate,volatility,1
(*)|(*)|(reg_atr_change_rate_ts_band20_80==0&reg_atr_change_rate_ts_top20==1&reg_ema20_gt_ema50_raw==0),bd6ecc12eb0f,0,42,28,reg_atr_change_rate_ts_band20_80,regime,atr_change_rate,volatility,0
(*)|(*)|(reg_atr_change_rate_ts_band20_80==0&reg_atr_change_rate_ts_top20==1&reg_ema20_gt_ema50_raw==0),bd6ecc12eb0f,0,42,324,reg_ema20_gt_ema50_raw,regime,ema20_gt_ema50,trend,0
(*)|(*)|(reg_atr_change_rate_ts_band20_80==0&reg_atr_change_rate_ts_top20==1&reg_ema20_gt_ema50_raw==0),bd6ecc12eb0f,0,42,0,reg_atr_change_rate_ts_top20,regime,atr_change_rate,volatility,1
(*)|(*)|(reg_atr_change_rate_ts_band20_80==0&reg_ema20_gt_ema50_raw==1),690bcb289029,0,42,28,reg_atr_change_rate_ts_band20_80,regime,atr_change_rate,volatility,0
(*)|(*)|(reg_atr_change_rate_ts_band20_80==0&reg_ema20_gt_ema50_raw==1),690bcb289029,0,42,324,reg_ema20_gt_ema50_raw,regime,ema20_gt_ema50,trend,1
(*)|(*)|(reg_atr_change_rate_ts_band20_80==1&reg_atr_change_rate_ts_band25_75==0&reg_atr_change_rate_ts_top70==0),cb11bc577756,0,42,28,reg_atr_change_rate_ts_band20_80,regime,atr_change_rate,volatility,1
(*)|(*)|(reg_atr_change_rate_ts_band20_80==1&reg_atr_change_rate_ts_band25_75==0&reg_atr_change_rate_ts_top70==0),cb11bc577756,0,42,20,reg_atr_change_rate_ts_top70,regime,atr_change_rate,volatility,0
(*)|(*)|(reg_atr_change_rate_ts_band20_80==1&reg_atr_change_rate_ts_band25_75==0&reg_atr_change_rate_ts_top70==0),cb11bc577756,0,42,30,reg_atr_change_rate_ts_band25_75,regime,atr_change_rate,volatility,0
(*)|(*)|(reg_atr_change_rate_ts_band20_80==1&reg_atr_change_rate_ts_band25_75==1&reg_atr_change_rate_ts_top70==0),c8ec3d112efb,0,42,28,reg_atr_change_rate_ts_band20_80,regime,atr_change_rate,volatility,1
(*)|(*)|(reg_atr_change_rate_ts_band20_80==1&reg_atr_change_rate_ts_band25_75==1&reg_atr_change_rate_ts_top70==0),c8ec3d112efb,0,42,20,reg_atr_change_rate_ts_top70,regime,atr_change_rate,volatility,0
(*)|(*)|(reg_atr_change_rate_ts_band20_80==1&reg_atr_change_rate_ts_band25_75==1&reg_atr_change_rate_ts_top70==0),c8ec3d112efb,0,42,30,reg_atr_change_rate_ts_band25_75,regime,atr_change_rate,volatility,1
(*)|(*)|(reg_atr_change_rate_ts_band20_80==1&reg_atr_change_rate_ts_band25_75==0&reg_atr_change_rate_ts_top70==1&reg_ema20_gt_ema50_raw==0),78f71b5bac7c,0,42,28,reg_atr_change_rate_ts_band20_80,regime,atr_change_rate,volatility,1
(*)|(*)|(reg_atr_change_rate_ts_band20_80==1&reg_atr_change_rate_ts_band25_75==0&reg_atr_change_rate_ts_top70==1&reg_ema20_gt_ema50_raw==0),78f71b5bac7c,0,42,20,reg_atr_change_rate_ts_top70,regime,atr_change_rate,volatility,1
(*)|(*)|(reg_atr_change_rate_ts_band20_80==1&reg_atr_change_rate_ts_band25_75==0&reg_atr_change_rate_ts_top70==1&reg_ema20_gt_ema50_raw==0),78f71b5bac7c,0,42,324,reg_ema20_gt_ema50_raw,regime,ema20_gt_ema50,trend,0
(*)|(*)|(reg_atr_change_rate_ts_band20_80==1&reg_atr_change_rate_ts_band25_75==0&reg_atr_change_rate_ts_top70==1&reg_ema20_gt_ema50_raw==0),78f71b5bac7c,0,42,30,reg_atr_change_rate_ts_band25_75,regime,atr_change_rate,volatility,0
(*)|(*)|(reg_atr_change_rate_ts_band20_80==1&reg_atr_change_rate_ts_band25_75==1&reg_atr_change_rate_ts_top70==1&reg_ema20_gt_ema50_raw==0),e516144830c7,0,42,28,reg_atr_change_rate_ts_band20_80,regime,atr_change_rate,volatility,1
(*)|(*)|(reg_atr_change_rate_ts_band20_80==1&reg_atr_change_rate_ts_band25_75==1&reg_atr_change_rate_ts_top70==1&reg_ema20_gt_ema50_raw==0),e516144830c7,0,42,20,reg_atr_change_rate_ts_top70,regime,atr_change_rate,volatility,1
(*)|(*)|(reg_atr_change_rate_ts_band20_80==1&reg_atr_change_rate_ts_band25_75==1&reg_atr_change_rate_ts_top70==1&reg_ema20_gt_ema50_raw==0),e516144830c7,0,42,324,reg_ema20_gt_ema50_raw,regime,ema20_gt_ema50,trend,0
(*)|(*)|(reg_atr_change_rate_ts_band20_80==1&reg_atr_change_rate_ts_band25_75==1&reg_atr_change_rate_ts_top70==1&reg_ema20_gt_ema50_raw==0),e516144830c7,0,42,30,reg_atr_change_rate_ts_band25_75,regime,atr_change_rate,volatility,1
(*)|(*)|(reg_atr_change_rate_ts_band20_80==1&reg_atr_change_rate_ts_top70==1&reg_ema20_gt_ema50_raw==1),166f2861e98d,0,42,28,reg_atr_change_rate_ts_band20_80,regime,atr_change_rate,volatility,1
(*)|(*)|(reg_atr_change_rate_ts_band20_80==1&reg_atr_change_rate_ts_top70==1&reg_ema20_gt_ema50_raw==1),166f2861e98d,0,42,20,reg_atr_change_rate_ts_top70,regime,atr_change_rate,volatility,1
(*)|(*)|(reg_atr_change_rate_ts_band20_80==1&reg_atr_change_rate_ts_top70==1&reg_ema20_gt_ema50_raw==1),166f2861e98d,0,42,324,reg_ema20_gt_ema50_raw,regime,ema20_gt_ema50,trend,1
(*)|(loc_dist_ema20_atr_ts_band25_75==0&loc_dist_ema20_atr_ts_top30==0)|(reg_atr_change_rate_ts_band20_80==1&reg_atr_change_rate_ts_top50==0),67dc03b79ac6,0,42,12,reg_atr_change_rate_ts_top50,regime,atr_change_rate,volatility,0
(*)|(loc_dist_ema20_atr_ts_band25_75==0&loc_dist_ema20_atr_ts_top30==0)|(reg_atr_change_rate_ts_band20_80==1&reg_atr_change_rate_ts_top50==0),67dc03b79ac6,0,42,28,reg_atr_change_rate_ts_band20_80,regime,atr_change_rate,volatility,1
(*)|(loc_dist_ema20_atr_ts_band25_75==0&loc_dist_ema20_atr_ts_top30==0)|(reg_atr_change_rate_ts_band20_80==1&reg_atr_change_rate_ts_top50==0),67dc03b79ac6,0,42,5,loc_dist_ema20_atr_ts_top30,location,dist_ema20_atr,context,0
(*)|(loc_dist_ema20_atr_ts_band25_75==0&loc_dist_ema20_atr_ts_top30==0)|(reg_atr_change_rate_ts_band20_80==1&reg_atr_change_rate_ts_top50==0),67dc03b79ac6,0,42,31,loc_dist_ema20_atr_ts_band25_75,location,dist_ema20_atr,context,0
(*)|(loc_dist_ema20_atr_ts_band25_75==1&loc_dist_ema20_atr_ts_top30==0)|(reg_atr_change_rate_ts_band20_80==1&reg_atr_change_rate_ts_top50==0),ffa1c3fa43b3,0,42,12,reg_atr_change_rate_ts_top50,regime,atr_change_rate,volatility,0
(*)|(loc_dist_ema20_atr_ts_band25_75==1&loc_dist_ema20_atr_ts_top30==0)|(reg_atr_change_rate_ts_band20_80==1&reg_atr_change_rate_ts_top50==0),ffa1c3fa43b3,0,42,28,reg_atr_change_rate_ts_band20_80,regime,atr_change_rate,volatility,1
(*)|(loc_dist_ema20_atr_ts_band25_75==1&loc_dist_ema20_atr_ts_top30==0)|(reg_atr_change_rate_ts_band20_80==1&reg_atr_change_rate_ts_top50==0),ffa1c3fa43b3,0,42,5,loc_dist_ema20_atr_ts_top30,location,dist_ema20_atr,context,0
(*)|(loc_dist_ema20_atr_ts_band25_75==1&loc_dist_ema20_atr_ts_top30==0)|(reg_atr_change_rate_ts_band20_80==1&reg_atr_change_rate_ts_top50==0),ffa1c3fa43b3,0,42,31,loc_dist_ema20_atr_ts_band25_75,location,dist_ema20_atr,context,1
(*)|(loc_dist_ema20_atr_ts_top30==1)|(reg_atr_change_rate_ts_top50==0),30953eec4ad7,0,42,12,reg_atr_change_rate_ts_top50,regime,atr_change_rate,volatility,0
(*)|(loc_dist_ema20_atr_ts_top30==1)|(reg_atr_change_rate_ts_top50==0),30953eec4ad7,0,42,5,loc_dist_ema20_atr_ts_top30,location,dist_ema20_atr,context,1
(*)|(*)|(reg_atr_change_rate_ts_top50==1&reg_atr_change_rate_ts_top60==0),b3b594bbbd97,0,42,12,reg_atr_change_rate_ts_top50,regime,atr_change_rate,volatility,1
(*)|(*)|(reg_atr_change_rate_ts_top50==1&reg_atr_change_rate_ts_top60==0),b3b594bbbd97,0,42,16,reg_atr_change_rate_ts_top60,regime,atr_change_rate,volatility,0
(*)|(*)|(reg_atr_change_rate_ts_top50==1&reg_atr_change_rate_ts_top60==1),765c68e7ecf8,0,42,12,reg_atr_change_rate_ts_top50,regime,atr_change_rate,volatility,1
(*)|(*)|(reg_atr_change_rate_ts_top50==1&reg_atr_change_rate_ts_top60==1),765c68e7ecf8,0,42,16,reg_atr_change_rate_ts_top60,regime,atr_change_rate,volatility,1
(*)|(*)|(reg_atr_change_rate_ts_top20==1&reg_atr_change_rate_ts_top70==0&reg_atr_change_rate_ts_top80==0&reg_ema20_gt_ema50_raw==0),ccfc9986f671,0,42,324,reg_ema20_gt_ema50_raw,regime,ema20_gt_ema50,trend,0
(*)|(*)|(reg_atr_change_rate_ts_top20==1&reg_atr_change_rate_ts_top70==0&reg_atr_change_rate_ts_top80==0&reg_ema20_gt_ema50_raw==0),ccfc9986f671,0,42,24,reg_atr_change_rate_ts_top80,regime,atr_change_rate,volatility,0
(*)|(*)|(reg_atr_change_rate_ts_top20==1&reg_atr_change_rate_ts_top70==0&reg_atr_change_rate_ts_top80==0&reg_ema20_gt_ema50_raw==0),ccfc9986f671,0,42,20,reg_atr_change_rate_ts_top70,regime,atr_change_rate,volatility,0
(*)|(*)|(reg_atr_change_rate_ts_top20==1&reg_atr_change_rate_ts_top70==0&reg_atr_change_rate_ts_top80==0&reg_ema20_gt_ema50_raw==0),ccfc9986f671,0,42,0,reg_atr_change_rate_ts_top20,regime,atr_change_rate,volatility,1
(*)|(loc_dist_ema20_atr_ts_band25_75==0)|(reg_atr_change_rate_ts_top70==1&reg_atr_change_rate_ts_top80==0&reg_ema20_gt_ema50_raw==0),b7160f33e686,0,42,324,reg_ema20_gt_ema50_raw,regime,ema20_gt_ema50,trend,0
(*)|(loc_dist_ema20_atr_ts_band25_75==0)|(reg_atr_change_rate_ts_top70==1&reg_atr_change_rate_ts_top80==0&reg_ema20_gt_ema50_raw==0),b7160f33e686,0,42,24,reg_atr_change_rate_ts_top80,regime,atr_change_rate,volatility,0
(*)|(loc_dist_ema20_atr_ts_band25_75==0)|(reg_atr_change_rate_ts_top70==1&reg_atr_change_rate_ts_top80==0&reg_ema20_gt_ema50_raw==0),b7160f33e686,0,42,20,reg_atr_change_rate_ts_top70,regime,atr_change_rate,volatility,1
(*)|(loc_dist_ema20_atr_ts_band25_75==0)|(reg_atr_change_rate_ts_top70==1&reg_atr_change_rate_ts_top80==0&reg_ema20_gt_ema50_raw==0),b7160f33e686,0,42,31,loc_dist_ema20_atr_ts_band25_75,location,dist_ema20_atr,context,0
(*)|(loc_dist_ema20_atr_ts_band25_75==1)|(reg_atr_change_rate_ts_top70==1&reg_atr_change_rate_ts_top80==0&reg_ema20_gt_ema50_raw==0),765fbd302c8d,0,42,324,reg_ema20_gt_ema50_raw,regime,ema20_gt_ema50,trend,0
(*)|(loc_dist_ema20_atr_ts_band25_75==1)|(reg_atr_change_rate_ts_top70==1&reg_atr_change_rate_ts_top80==0&reg_ema20_gt_ema50_raw==0),765fbd302c8d,0,42,24,reg_atr_change_rate_ts_top80,regime,atr_change_rate,volatility,0
(*)|(loc_dist_ema20_atr_ts_band25_75==1)|(reg_atr_change_rate_ts_top70==1&reg_atr_change_rate_ts_top80==0&reg_ema20_gt_ema50_raw==0),765fbd302c8d,0,42,20,reg_atr_change_rate_ts_top70,regime,atr_change_rate,volatility,1
(*)|(loc_dist_ema20_atr_ts_band25_75==1)|(reg_atr_change_rate_ts_top70==1&reg_atr_change_rate_ts_top80==0&reg_ema20_gt_ema50_raw==0),765fbd302c8d,0,42,31,loc_dist_ema20_atr_ts_band25_75,location,dist_ema20_atr,context,1
(*)|(*)|(reg_atr_change_rate_ts_top80==1&reg_ema20_gt_ema50_raw==0),98c8cde38a2b,0,42,324,reg_ema20_gt_ema50_raw,regime,ema20_gt_ema50,trend,0
(*)|(*)|(reg_atr_change_rate_ts_top80==1&reg_ema20_gt_ema50_raw==0),98c8cde38a2b,0,42,24,reg_atr_change_rate_ts_top80,regime,atr_change_rate,volatility,1
(*)|(*)|(reg_atr_change_rate_ts_top80==0&reg_ema20_gt_ema50_raw==1),c40df8eef75e,0,42,324,reg_ema20_gt_ema50_raw,regime,ema20_gt_ema50,trend,1
(*)|(*)|(reg_atr_change_rate_ts_top80==0&reg_ema20_gt_ema50_raw==1),c40df8eef75e,0,42,24,reg_atr_change_rate_ts_top80,regime,atr_change_rate,volatility,0
(*)|(*)|(reg_atr_change_rate_ts_top80==1&reg_ema20_gt_ema50_raw==1),8f3dc1859a09,0,42,324,reg_ema20_gt_ema50_raw,regime,ema20_gt_ema50,trend,1
(*)|(*)|(reg_atr_change_rate_ts_top80==1&reg_ema20_gt_ema50_raw==1),8f3dc1859a09,0,42,24,reg_atr_change_rate_ts_top80,regime,atr_change_rate,volatility,1
(*)|(loc_dist_ema20_atr_ts_top20==1&loc_dist_ema20_atr_ts_top80==0)|(reg_ema50_gt_ema200_raw==0),3796d88e0908,0,42,1,loc_dist_ema20_atr_ts_top20,location,dist_ema20_atr,context,1
(*)|(loc_dist_ema20_atr_ts_top20==1&loc_dist_ema20_atr_ts_top80==0)|(reg_ema50_gt_ema200_raw==0),3796d88e0908,0,42,25,loc_dist_ema20_atr_ts_top80,location,dist_ema20_atr,context,0
(*)|(loc_dist_ema20_atr_ts_top20==1&loc_dist_ema20_atr_ts_top80==0)|(reg_ema50_gt_ema200_raw==0),3796d88e0908,0,42,398,reg_ema50_gt_ema200_raw,regime,ema50_gt_ema200,trend,0
(*)|(loc_dist_ema20_atr_ts_top20==1&loc_dist_ema20_atr_ts_top80==1)|(reg_ema50_gt_ema200_raw==0),74a4cf9ca2c4,0,42,1,loc_dist_ema20_atr_ts_top20,location,dist_ema20_atr,context,1
(*)|(loc_dist_ema20_atr_ts_top20==1&loc_dist_ema20_atr_ts_top80==1)|(reg_ema50_gt_ema200_raw==0),74a4cf9ca2c4,0,42,25,loc_dist_ema20_atr_ts_top80,location,dist_ema20_atr,context,1
(*)|(loc_dist_ema20_atr_ts_top20==1&loc_dist_ema20_atr_ts_top80==1)|(reg_ema50_gt_ema200_raw==0),74a4cf9ca2c4,0,42,398,reg_ema50_gt_ema200_raw,regime,ema50_gt_ema200,trend,0
(*)|(loc_dist_ema20_atr_ts_top20==1)|(reg_ema50_gt_ema200_raw==1),72119e5f191a,0,42,1,loc_dist_ema20_atr_ts_top20,location,dist_ema20_atr,context,1
(*)|(loc_dist_ema20_atr_ts_top20==1)|(reg_ema50_gt_ema200_raw==1),72119e5f191a,0,42,398,reg_ema50_gt_ema200_raw,regime,ema50_gt_ema200,trend,1
(*)|(*)|(reg_atr_change_rate_ts_band25_75==0&reg_ema20_gt_ema50_raw==1),e203d9156bf8,0,42,30,reg_atr_change_rate_ts_band25_75,regime,atr_change_rate,volatility,0
(*)|(*)|(reg_atr_change_rate_ts_band25_75==0&reg_ema20_gt_ema50_raw==1),e203d9156bf8,0,42,324,reg_ema20_gt_ema50_raw,regime,ema20_gt_ema50,trend,1
(*)|(*)|(reg_atr_change_rate_ts_band25_75==1&reg_atr_change_rate_ts_band40_60==0&reg_atr_change_rate_ts_top30==0&reg_atr_change_rate_ts_top70==0),606891c36664,0,42,30,reg_atr_change_rate_ts_band25_75,regime,atr_change_rate,volatility,1
(*)|(*)|(reg_atr_change_rate_ts_band25_75==1&reg_atr_change_rate_ts_band40_60==0&reg_atr_change_rate_ts_top30==0&reg_atr_change_rate_ts_top70==0),606891c36664,0,42,34,reg_atr_change_rate_ts_band40_60,regime,atr_change_rate,volatility,0
(*)|(*)|(reg_atr_change_rate_ts_band25_75==1&reg_atr_change_rate_ts_band40_60==0&reg_atr_change_rate_ts_top30==0&reg_atr_change_rate_ts_top70==0),606891c36664,0,42,20,reg_atr_change_rate_ts_top70,regime,atr_change_rate,volatility,0
(*)|(*)|(reg_atr_change_rate_ts_band25_75==1&reg_atr_change_rate_ts_band40_60==0&reg_atr_change_rate_ts_top30==0&reg_atr_change_rate_ts_top70==0),606891c36664,0,42,4,reg_atr_change_rate_ts_top30,regime,atr_change_rate,volatility,0
(*)|(*)|(reg_atr_change_rate_ts_band25_75==1&reg_atr_change_rate_ts_band40_60==0&reg_atr_change_rate_ts_top30==1&reg_atr_change_rate_ts_top70==0),34b57f9d92d1,0,42,30,reg_atr_change_rate_ts_band25_75,regime,atr_change_rate,volatility,1
(*)|(*)|(reg_atr_change_rate_ts_band25_75==1&reg_atr_change_rate_ts_band40_60==0&reg_atr_change_rate_ts_top30==1&reg_atr_change_rate_ts_top70==0),34b57f9d92d1,0,42,34,reg_atr_change_rate_ts_band40_60,regime,atr_change_rate,volatility,0
(*)|(*)|(reg_atr_change_rate_ts_band25_75==1&reg_atr_change_rate_ts_band40_60==0&reg_atr_change_rate_ts_top30==1&reg_atr_change_rate_ts_top70==0),34b57f9d92d1,0,42,20,reg_atr_change_rate_ts_top70,regime,atr_change_rate,volatility,0
(*)|(*)|(reg_atr_change_rate_ts_band25_75==1&reg_atr_change_rate_ts_band40_60==0&reg_atr_change_rate_ts_top30==1&reg_atr_change_rate_ts_top70==0),34b57f9d92d1,0,42,4,reg_atr_change_rate_ts_top30,regime,atr_change_rate,volatility,1
(*)|(*)|(reg_atr_change_rate_ts_band25_75==1&reg_atr_change_rate_ts_band40_60==0&reg_atr_change_rate_ts_top70==1),558bbb0350e7,0,42,30,reg_atr_change_rate_ts_band25_75,regime,atr_change_rate,volatility,1
(*)|(*)|(reg_atr_change_rate_ts_band25_75==1&reg_atr_change_rate_ts_band40_60==0&reg_atr_change_rate_ts_top70==1),558bbb0350e7,0,42,34,reg_atr_change_rate_ts_band40_60,regime,atr_change_rate,volatility,0
(*)|(*)|(reg_atr_change_rate_ts_band25_75==1&reg_atr_change_rate_ts_band40_60==0&reg_atr_change_rate_ts_top70==1),558bbb0350e7,0,42,20,reg_atr_change_rate_ts_top70,regime,atr_change_rate,volatility,1
(*)|(*)|(reg_atr_change_rate_ts_band25_75==1&reg_atr_change_rate_ts_band40_60==1),1f7c27326295,0,42,30,reg_atr_change_rate_ts_band25_75,regime,atr_change_rate,volatility,1
(*)|(*)|(reg_atr_change_rate_ts_band25_75==1&reg_atr_change_rate_ts_band40_60==1),1f7c27326295,0,42,34,reg_atr_change_rate_ts_band40_60,regime,atr_change_rate,volatility,1
(*)|(loc_dist_ema20_atr_ts_top80==0)|(reg_atr_change_rate_ts_band40_60==1&reg_atr_change_rate_ts_top70==0&reg_ema20_gt_ema50_raw==0),4acf21e3fc66,0,42,324,reg_ema20_gt_ema50_raw,regime,ema20_gt_ema50,trend,0
(*)|(loc_dist_ema20_atr_ts_top80==0)|(reg_atr_change_rate_ts_band40_60==1&reg_atr_change_rate_ts_top70==0&reg_ema20_gt_ema50_raw==0),4acf21e3fc66,0,42,20,reg_atr_change_rate_ts_top70,regime,atr_change_rate,volatility,0
(*)|(loc_dist_ema20_atr_ts_top80==0)|(reg_atr_change_rate_ts_band40_60==1&reg_atr_change_rate_ts_top70==0&reg_ema20_gt_ema50_raw==0),4acf21e3fc66,0,42,34,reg_atr_change_rate_ts_band40_60,regime,atr_change_rate,volatility,1
(*)|(loc_dist_ema20_atr_ts_top80==0)|(reg_atr_change_rate_ts_band40_60==1&reg_atr_change_rate_ts_top70==0&reg_ema20_gt_ema50_raw==0),4acf21e3fc66,0,42,25,loc_dist_ema20_atr_ts_top80,location,dist_ema20_atr,context,0
(*)|(loc_dist_ema20_atr_ts_top80==0)|(reg_atr_change_rate_ts_top70==1&reg_ema20_gt_ema50_raw==0),ea5bfcb6bd67,0,42,324,reg_ema20_gt_ema50_raw,regime,ema20_gt_ema50,trend,0
(*)|(loc_dist_ema20_atr_ts_top80==0)|(reg_atr_change_rate_ts_top70==1&reg_ema20_gt_ema50_raw==0),ea5bfcb6bd67,0,42,20,reg_atr_change_rate_ts_top70,regime,atr_change_rate,volatility,1
(*)|(loc_dist_ema20_atr_ts_top80==0)|(reg_atr_change_rate_ts_top70==1&reg_ema20_gt_ema50_raw==0),ea5bfcb6bd67,0,42,25,loc_dist_ema20_atr_ts_top80,location,dist_ema20_atr,context,0
(*)|(loc_dist_ema20_atr_ts_top80==1)|(reg_ema20_gt_ema50_raw==0),d7e1ee01be47,0,42,324,reg_ema20_gt_ema50_raw,regime,ema20_gt_ema50,trend,0
(*)|(loc_dist_ema20_atr_ts_top80==1)|(reg_ema20_gt_ema50_raw==0),d7e1ee01be47,0,42,25,loc_dist_ema20_atr_ts_top80,location,dist_ema20_atr,context,1
(*)|(loc_dist_ema20_atr_ts_top80==0)|(reg_ema20_gt_ema50_raw==1),84023ce0eb71,0,42,324,reg_ema20_gt_ema50_raw,regime,ema20_gt_ema50,trend,1
(*)|(loc_dist_ema20_atr_ts_top80==0)|(reg_ema20_gt_ema50_raw==1),84023ce0eb71,0,42,25,loc_dist_ema20_atr_ts_top80,location,dist_ema20_atr,context,0
(*)|(loc_dist_ema20_atr_ts_top80==1)|(reg_ema20_gt_ema50_raw==1),e91700776810,0,42,324,reg_ema20_gt_ema50_raw,regime,ema20_gt_ema50,trend,1
(*)|(loc_dist_ema20_atr_ts_top80==1)|(reg_ema20_gt_ema50_raw==1),e91700776810,0,42,25,loc_dist_ema20_atr_ts_top80,location,dist_ema20_atr,context,1
(*)|(*)|(reg_atr_change_rate_ts_band40_60==0&reg_atr_change_rate_ts_top30==1),c90abdf6b2d3,0,42,34,reg_atr_change_rate_ts_band40_60,regime,atr_change_rate,volatility,0
(*)|(*)|(reg_atr_change_rate_ts_band40_60==0&reg_atr_change_rate_ts_top30==1),c90abdf6b2d3,0,42,4,reg_atr_change_rate_ts_top30,regime,atr_change_rate,volatility,1
(*)|(*)|(reg_atr_change_rate_ts_band40_60==1&reg_atr_change_rate_ts_top50==0),1acd6135e4f0,0,42,34,reg_atr_change_rate_ts_band40_60,regime,atr_change_rate,volatility,1
(*)|(*)|(reg_atr_change_rate_ts_band40_60==1&reg_atr_change_rate_ts_top50==0),1acd6135e4f0,0,42,12,reg_atr_change_rate_ts_top50,regime,atr_change_rate,volatility,0
(*)|(*)|(reg_atr_change_rate_ts_band40_60==1&reg_atr_change_rate_ts_top50==1),caa8e9739c2e,0,42,34,reg_atr_change_rate_ts_band40_60,regime,atr_change_rate,volatility,1
(*)|(*)|(reg_atr_change_rate_ts_band40_60==1&reg_atr_change_rate_ts_top50==1),caa8e9739c2e,0,42,12,reg_atr_change_rate_ts_top50,regime,atr_change_rate,volatility,1
(*)|(*)|(reg_atr_change_rate_ts_band30_70==1&reg_atr_change_rate_ts_top80==0),192cdc5b653f,0,42,24,reg_atr_change_rate_ts_top80,regime,atr_change_rate,volatility,0
(*)|(*)|(reg_atr_change_rate_ts_band30_70==1&reg_atr_change_rate_ts_top80==0),192cdc5b653f,0,42,32,reg_atr_change_rate_ts_band30_70,regime,atr_change_rate,volatility,1
(*)|(*)|(reg_atr_change_rate_ts_top80==1),d41f30c34644,0,42,24,reg_atr_change_rate_ts_top80,regime,atr_change_rate,volatility,1
(*)|(*)|(reg_atr_change_rate_ts_top40==1&reg_atr_change_rate_ts_top60==0&reg_atr_change_rate_ts_top70==0&reg_ema20_gt_ema50_raw==0),df1c24057b27,0,42,324,reg_ema20_gt_ema50_raw,regime,ema20_gt_ema50,trend,0
(*)|(*)|(reg_atr_change_rate_ts_top40==1&reg_atr_change_rate_ts_top60==0&reg_atr_change_rate_ts_top70==0&reg_ema20_gt_ema50_raw==0),df1c24057b27,0,42,20,reg_atr_change_rate_ts_top70,regime,atr_change_rate,volatility,0
(*)|(*)|(reg_atr_change_rate_ts_top40==1&reg_atr_change_rate_ts_top60==0&reg_atr_change_rate_ts_top70==0&reg_ema20_gt_ema50_raw==0),df1c24057b27,0,42,16,reg_atr_change_rate_ts_top60,regime,atr_change_rate,volatility,0
(*)|(*)|(reg_atr_change_rate_ts_top40==1&reg_atr_change_rate_ts_top60==0&reg_atr_change_rate_ts_top70==0&reg_ema20_gt_ema50_raw==0),df1c24057b27,0,42,8,reg_atr_change_rate_ts_top40,regime,atr_change_rate,volatility,1
(*)|(*)|(reg_atr_change_rate_ts_top60==1&reg_atr_change_rate_ts_top70==0&reg_ema20_gt_ema50_raw==0),16d8e0de6010,0,42,324,reg_ema20_gt_ema50_raw,regime,ema20_gt_ema50,trend,0
(*)|(*)|(reg_atr_change_rate_ts_top60==1&reg_atr_change_rate_ts_top70==0&reg_ema20_gt_ema50_raw==0),16d8e0de6010,0,42,20,reg_atr_change_rate_ts_top70,regime,atr_change_rate,volatility,0
(*)|(*)|(reg_atr_change_rate_ts_top60==1&reg_atr_change_rate_ts_top70==0&reg_ema20_gt_ema50_raw==0),16d8e0de6010,0,42,16,reg_atr_change_rate_ts_top60,regime,atr_change_rate,volatility,1
(*)|(*)|(reg_atr_change_rate_ts_band25_75==0&reg_atr_change_rate_ts_top70==1&reg_ema20_gt_ema50_raw==0),f22722f7324e,0,42,324,reg_ema20_gt_ema50_raw,regime,ema20_gt_ema50,trend,0
(*)|(*)|(reg_atr_change_rate_ts_band25_75==0&reg_atr_change_rate_ts_top70==1&reg_ema20_gt_ema50_raw==0),f22722f7324e,0,42,20,reg_atr_change_rate_ts_top70,regime,atr_change_rate,volatility,1
(*)|(*)|(reg_atr_change_rate_ts_band25_75==0&reg_atr_change_rate_ts_top70==1&reg_ema20_gt_ema50_raw==0),f22722f7324e,0,42,30,reg_atr_change_rate_ts_band25_75,regime,atr_change_rate,volatility,0
(*)|(*)|(reg_atr_change_rate_ts_band25_75==1&reg_atr_change_rate_ts_top70==1&reg_ema20_gt_ema50_raw==0),4d43d4ea3881,0,42,324,reg_ema20_gt_ema50_raw,regime,ema20_gt_ema50,trend,0
(*)|(*)|(reg_atr_change_rate_ts_band25_75==1&reg_atr_change_rate_ts_top70==1&reg_ema20_gt_ema50_raw==0),4d43d4ea3881,0,42,20,reg_atr_change_rate_ts_top70,regime,atr_change_rate,volatility,1
(*)|(*)|(reg_atr_change_rate_ts_band25_75==1&reg_atr_change_rate_ts_top70==1&reg_ema20_gt_ema50_raw==0),4d43d4ea3881,0,42,30,reg_atr_change_rate_ts_band25_75,regime,atr_change_rate,volatility,1
(*)|(*)|(reg_ema20_gt_ema50_raw==1),6ec7f853cc34,0,42,324,reg_ema20_gt_ema50_raw,regime,ema20_gt_ema50,trend,1
(*)|(*)|(reg_atr_change_rate_ts_band20_80==1&reg_atr_change_rate_ts_band40_60==0&reg_atr_change_rate_ts_top80==0&reg_ema20_gt_ema50_raw==0),1c8be54e7caf,0,42,34,reg_atr_change_rate_ts_band40_60,regime,atr_change_rate,volatility,0
(*)|(*)|(reg_atr_change_rate_ts_band20_80==1&reg_atr_change_rate_ts_band40_60==0&reg_atr_change_rate_ts_top80==0&reg_ema20_gt_ema50_raw==0),1c8be54e7caf,0,42,324,reg_ema20_gt_ema50_raw,regime,ema20_gt_ema50,trend,0
(*)|(*)|(reg_atr_change_rate_ts_band20_80==1&reg_atr_change_rate_ts_band40_60==0&reg_atr_change_rate_ts_top80==0&reg_ema20_gt_ema50_raw==0),1c8be54e7caf,0,42,24,reg_atr_change_rate_ts_top80,regime,atr_change_rate,volatility,0
(*)|(*)|(reg_atr_change_rate_ts_band20_80==1&reg_atr_change_rate_ts_band40_60==0&reg_atr_change_rate_ts_top80==0&reg_ema20_gt_ema50_raw==0),1c8be54e7caf,0,42,28,reg_atr_change_rate_ts_band20_80,regime,atr_change_rate,volatility,1
(*)|(*)|(reg_atr_change_rate_ts_band40_60==0&reg_atr_change_rate_ts_top80==1&reg_ema20_gt_ema50_raw==0),e5dd0aae6709,0,42,34,reg_atr_change_rate_ts_band40_60,regime,atr_change_rate,volatility,0
(*)|(*)|(reg_atr_change_rate_ts_band40_60==0&reg_atr_change_rate_ts_top80==1&reg_ema20_gt_ema50_raw==0),e5dd0aae6709,0,42,324,reg_ema20_gt_ema50_raw,regime,ema20_gt_ema50,trend,0
(*)|(*)|(reg_atr_change_rate_ts_band40_60==0&reg_atr_change_rate_ts_top80==1&reg_ema20_gt_ema50_raw==0),e5dd0aae6709,0,42,24,reg_atr_change_rate_ts_top80,regime,atr_change_rate,volatility,1
(*)|(*)|(reg_atr_change_rate_ts_band40_60==0&reg_atr_change_rate_ts_top80==0&reg_ema20_gt_ema50_raw==1),eb7826ce9dcc,0,42,34,reg_atr_change_rate_ts_band40_60,regime,atr_change_rate,volatility,0
(*)|(*)|(reg_atr_change_rate_ts_band40_60==0&reg_atr_change_rate_ts_top80==0&reg_ema20_gt_ema50_raw==1),eb7826ce9dcc,0,42,324,reg_ema20_gt_ema50_raw,regime,ema20_gt_ema50,trend,1
(*)|(*)|(reg_atr_change_rate_ts_band40_60==0&reg_atr_change_rate_ts_top80==0&reg_ema20_gt_ema50_raw==1),eb7826ce9dcc,0,42,24,reg_atr_change_rate_ts_top80,regime,atr_change_rate,volatility,0
(*)|(*)|(reg_atr_change_rate_ts_band40_60==0&reg_atr_change_rate_ts_top80==1&reg_ema20_gt_ema50_raw==1),4569a1df590f,0,42,34,reg_atr_change_rate_ts_band40_60,regime,atr_change_rate,volatility,0
(*)|(*)|(reg_atr_change_rate_ts_band40_60==0&reg_atr_change_rate_ts_top80==1&reg_ema20_gt_ema50_raw==1),4569a1df590f,0,42,324,reg_ema20_gt_ema50_raw,regime,ema20_gt_ema50,trend,1
(*)|(*)|(reg_atr_change_rate_ts_band40_60==0&reg_atr_change_rate_ts_top80==1&reg_ema20_gt_ema50_raw==1),4569a1df590f,0,42,24,reg_atr_change_rate_ts_top80,regime,atr_change_rate,volatility,1
(*)|(*)|(reg_atr_change_rate_ts_band40_60==1&reg_atr_change_rate_ts_top50==0),3bc4ec18b967,0,42,34,reg_atr_change_rate_ts_band40_60,regime,atr_change_rate,volatility,1
(*)|(*)|(reg_atr_change_rate_ts_band40_60==1&reg_atr_change_rate_ts_top50==0),3bc4ec18b967,0,42,12,reg_atr_change_rate_ts_top50,regime,atr_change_rate,volatility,0
(*)|(*)|(reg_atr_change_rate_ts_band40_60==1&reg_atr_change_rate_ts_top50==1),6aadf3883654,0,42,34,reg_atr_change_rate_ts_band40_60,regime,atr_change_rate,volatility,1
(*)|(*)|(reg_atr_change_rate_ts_band40_60==1&reg_atr_change_rate_ts_top50==1),6aadf3883654,0,42,12,reg_atr_change_rate_ts_top50,regime,atr_change_rate,volatility,1
(*)|(loc_dist_ema20_atr_ts_top40==0)|(reg_atr_change_rate_ts_top20==1),cf36d9d628de,0,42,9,loc_dist_ema20_atr_ts_top40,location,dist_ema20_atr,context,0
(*)|(loc_dist_ema20_atr_ts_top40==0)|(reg_atr_change_rate_ts_top20==1),cf36d9d628de,0,42,0,reg_atr_change_rate_ts_top20,regime,atr_change_rate,volatility,1
(*)|(loc_dist_ema20_atr_ts_top40==1)|(reg_atr_change_rate_ts_top60==0),9e5e64189565,0,42,9,loc_dist_ema20_atr_ts_top40,location,dist_ema20_atr,context,1
(*)|(loc_dist_ema20_atr_ts_top40==1)|(reg_atr_change_rate_ts_top60==0),9e5e64189565,0,42,16,reg_atr_change_rate_ts_top60,regime,atr_change_rate,volatility,0
(*)|(loc_dist_ema20_atr_ts_top40==1)|(reg_atr_change_rate_ts_top60==1&reg_ema20_gt_ema50_raw==0),dfa6b807360b,0,42,9,loc_dist_ema20_atr_ts_top40,location,dist_ema20_atr,context,1
(*)|(loc_dist_ema20_atr_ts_top40==1)|(reg_atr_change_rate_ts_top60==1&reg_ema20_gt_ema50_raw==0),dfa6b807360b,0,42,16,reg_atr_change_rate_ts_top60,regime,atr_change_rate,volatility,1
(*)|(loc_dist_ema20_atr_ts_top40==1)|(reg_atr_change_rate_ts_top60==1&reg_ema20_gt_ema50_raw==0),dfa6b807360b,0,42,324,reg_ema20_gt_ema50_raw,regime,ema20_gt_ema50,trend,0
(*)|(loc_dist_ema20_atr_ts_top40==1)|(reg_atr_change_rate_ts_top60==1&reg_ema20_gt_ema50_raw==1),37dd0245b820,0,42,9,loc_dist_ema20_atr_ts_top40,location,dist_ema20_atr,context,1
(*)|(loc_dist_ema20_atr_ts_top40==1)|(reg_atr_change_rate_ts_top60==1&reg_ema20_gt_ema50_raw==1),37dd0245b820,0,42,16,reg_atr_change_rate_ts_top60,regime,atr_change_rate,volatility,1
(*)|(loc_dist_ema20_atr_ts_top40==1)|(reg_atr_change_rate_ts_top60==1&reg_ema20_gt_ema50_raw==1),37dd0245b820,0,42,324,reg_ema20_gt_ema50_raw,regime,ema20_gt_ema50,trend,1
(*)|(*)|(reg_atr_change_rate_ts_band40_60==1),e9e901e822f1,0,42,34,reg_atr_change_rate_ts_band40_60,regime,atr_change_rate,volatility,1
(*)|(loc_dist_ema20_atr_ts_band25_75==0)|(reg_ema20_gt_ema50_raw==1),846f9479314d,0,42,31,loc_dist_ema20_atr_ts_band25_75,location,dist_ema20_atr,context,0
(*)|(loc_dist_ema20_atr_ts_band25_75==0)|(reg_ema20_gt_ema50_raw==1),846f9479314d,0,42,324,reg_ema20_gt_ema50_raw,regime,ema20_gt_ema50,trend,1
(*)|(loc_dist_ema20_atr_ts_band25_75==1)|(reg_atr_change_rate_ts_band30_70==0&reg_atr_change_rate_ts_top40==0),b3ad38dc9869,0,42,31,loc_dist_ema20_atr_ts_band25_75,location,dist_ema20_atr,context,1
(*)|(loc_dist_ema20_atr_ts_band25_75==1)|(reg_atr_change_rate_ts_band30_70==0&reg_atr_change_rate_ts_top40==0),b3ad38dc9869,0,42,8,reg_atr_change_rate_ts_top40,regime,atr_change_rate,volatility,0
(*)|(loc_dist_ema20_atr_ts_band25_75==1)|(reg_atr_change_rate_ts_band30_70==0&reg_atr_change_rate_ts_top40==0),b3ad38dc9869,0,42,32,reg_atr_change_rate_ts_band30_70,regime,atr_change_rate,volatility,0
(*)|(loc_dist_ema20_atr_ts_band25_75==1)|(reg_atr_change_rate_ts_band30_70==1&reg_atr_change_rate_ts_top40==0),31445445a082,0,42,31,loc_dist_ema20_atr_ts_band25_75,location,dist_ema20_atr,context,1
(*)|(loc_dist_ema20_atr_ts_band25_75==1)|(reg_atr_change_rate_ts_band30_70==1&reg_atr_change_rate_ts_top40==0),31445445a082,0,42,8,reg_atr_change_rate_ts_top40,regime,atr_change_rate,volatility,0
(*)|(loc_dist_ema20_atr_ts_band25_75==1)|(reg_atr_change_rate_ts_band30_70==1&reg_atr_change_rate_ts_top40==0),31445445a082,0,42,32,reg_atr_change_rate_ts_band30_70,regime,atr_change_rate,volatility,1
(*)|(loc_dist_ema20_atr_ts_band25_75==1)|(reg_atr_change_rate_ts_top40==1&reg_atr_change_rate_ts_top70==0),44dc06859944,0,42,31,loc_dist_ema20_atr_ts_band25_75,location,dist_ema20_atr,context,1
(*)|(loc_dist_ema20_atr_ts_band25_75==1)|(reg_atr_change_rate_ts_top40==1&reg_atr_change_rate_ts_top70==0),44dc06859944,0,42,8,reg_atr_change_rate_ts_top40,regime,atr_change_rate,volatility,1
(*)|(loc_dist_ema20_atr_ts_band25_75==1)|(reg_atr_change_rate_ts_top40==1&reg_atr_change_rate_ts_top70==0),44dc06859944,0,42,20,reg_atr_change_rate_ts_top70,regime,atr_change_rate,volatility,0
(*)|(loc_dist_ema20_atr_ts_band25_75==1)|(reg_atr_change_rate_ts_top40==1&reg_atr_change_rate_ts_top70==1),7ee7b9b21d97,0,42,31,loc_dist_ema20_atr_ts_band25_75,location,dist_ema20_atr,context,1
(*)|(loc_dist_ema20_atr_ts_band25_75==1)|(reg_atr_change_rate_ts_top40==1&reg_atr_change_rate_ts_top70==1),7ee7b9b21d97,0,42,8,reg_atr_change_rate_ts_top40,regime,atr_change_rate,volatility,1
(*)|(loc_dist_ema20_atr_ts_band25_75==1)|(reg_atr_change_rate_ts_top40==1&reg_atr_change_rate_ts_top70==1),7ee7b9b21d97,0,42,20,reg_atr_change_rate_ts_top70,regime,atr_change_rate,volatility,1
(*)|(*)|(reg_atr_change_rate_ts_top20==1&reg_atr_change_rate_ts_top30==0),956fb61c8155,0,42,4,reg_atr_change_rate_ts_top30,regime,atr_change_rate,volatility,0
(*)|(*)|(reg_atr_change_rate_ts_top20==1&reg_atr_change_rate_ts_top30==0),956fb61c8155,0,42,0,reg_atr_change_rate_ts_top20,regime,atr_change_rate,volatility,1
(*)|(*)|(reg_atr_change_rate_ts_band20_80==0&reg_atr_change_rate_ts_top30==1),6181a5190511,0,42,4,reg_atr_change_rate_ts_top30,regime,atr_change_rate,volatility,1
(*)|(*)|(reg_atr_change_rate_ts_band20_80==0&reg_atr_change_rate_ts_top30==1),6181a5190511,0,42,28,reg_atr_change_rate_ts_band20_80,regime,atr_change_rate,volatility,0
(*)|(*)|(reg_atr_change_rate_ts_band20_80==1&reg_atr_change_rate_ts_top30==1&reg_atr_change_rate_ts_top60==0),9036d65773c0,0,42,4,reg_atr_change_rate_ts_top30,regime,atr_change_rate,volatility,1
(*)|(*)|(reg_atr_change_rate_ts_band20_80==1&reg_atr_change_rate_ts_top30==1&reg_atr_change_rate_ts_top60==0),9036d65773c0,0,42,28,reg_atr_change_rate_ts_band20_80,regime,atr_change_rate,volatility,1
(*)|(*)|(reg_atr_change_rate_ts_band20_80==1&reg_atr_change_rate_ts_top30==1&reg_atr_change_rate_ts_top60==0),9036d65773c0,0,42,16,reg_atr_change_rate_ts_top60,regime,atr_change_rate,volatility,0
(*)|(*)|(reg_atr_change_rate_ts_band20_80==1&reg_atr_change_rate_ts_top30==1&reg_atr_change_rate_ts_top60==1),6b8991157382,0,42,4,reg_atr_change_rate_ts_top30,regime,atr_change_rate,volatility,1
(*)|(*)|(reg_atr_change_rate_ts_band20_80==1&reg_atr_change_rate_ts_top30==1&reg_atr_change_rate_ts_top60==1),6b8991157382,0,42,28,reg_atr_change_rate_ts_band20_80,regime,atr_change_rate,volatility,1
(*)|(*)|(reg_atr_change_rate_ts_band20_80==1&reg_atr_change_rate_ts_top30==1&reg_atr_change_rate_ts_top60==1),6b8991157382,0,42,16,reg_atr_change_rate_ts_top60,regime,atr_change_rate,volatility,1
(*)|(*)|(reg_atr_change_rate_ts_bot80==1&reg_atr_change_rate_ts_top20==0&reg_ema20_gt_ema50_raw==0),29d76345ff2d,0,42,324,reg_ema20_gt_ema50_raw,regime,ema20_gt_ema50,trend,0
(*)|(*)|(reg_atr_change_rate_ts_bot80==1&reg_atr_change_rate_ts_top20==0&reg_ema20_gt_ema50_raw==0),29d76345ff2d,0,42,26,reg_atr_change_rate_ts_bot80,regime,atr_change_rate,volatility,1
(*)|(*)|(reg_atr_change_rate_ts_bot80==1&reg_atr_change_rate_ts_top20==0&reg_ema20_gt_ema50_raw==0),29d76345ff2d,0,42,0,reg_atr_change_rate_ts_top20,regime,atr_change_rate,volatility,0
(*)|(*)|(reg_atr_change_rate_ts_bot80==1&reg_atr_change_rate_ts_top20==1&reg_ema20_gt_ema50_raw==0),2ddf6796025f,0,42,324,reg_ema20_gt_ema50_raw,regime,ema20_gt_ema50,trend,0
(*)|(*)|(reg_atr_change_rate_ts_bot80==1&reg_atr_change_rate_ts_top20==1&reg_ema20_gt_ema50_raw==0),2ddf6796025f,0,42,26,reg_atr_change_rate_ts_bot80,regime,atr_change_rate,volatility,1
(*)|(*)|(reg_atr_change_rate_ts_bot80==1&reg_atr_change_rate_ts_top20==1&reg_ema20_gt_ema50_raw==0),2ddf6796025f,0,42,0,reg_atr_change_rate_ts_top20,regime,atr_change_rate,volatility,1
(*)|(*)|(reg_atr_change_rate_ts_bot80==0&reg_ema20_gt_ema50_raw==1),8ab4f7ca50b4,0,42,324,reg_ema20_gt_ema50_raw,regime,ema20_gt_ema50,trend,1
(*)|(*)|(reg_atr_change_rate_ts_bot80==0&reg_ema20_gt_ema50_raw==1),8ab4f7ca50b4,0,42,26,reg_atr_change_rate_ts_bot80,regime,atr_change_rate,volatility,0
(*)|(*)|(reg_atr_change_rate_ts_bot80==1&reg_ema20_gt_ema50_raw==1),713a0451aa59,0,42,324,reg_ema20_gt_ema50_raw,regime,ema20_gt_ema50,trend,1
(*)|(*)|(reg_atr_change_rate_ts_bot80==1&reg_ema20_gt_ema50_raw==1),713a0451aa59,0,42,26,reg_atr_change_rate_ts_bot80,regime,atr_change_rate,volatility,1
(*)|(loc_dist_ema20_atr_ts_top20==1)|(reg_atr_change_rate_ts_band20_80==0),97f7e766e8df,0,42,28,reg_atr_change_rate_ts_band20_80,regime,atr_change_rate,volatility,0
(*)|(loc_dist_ema20_atr_ts_top20==1)|(reg_atr_change_rate_ts_band20_80==0),97f7e766e8df,0,42,1,loc_dist_ema20_atr_ts_top20,location,dist_ema20_atr,context,1
(*)|(loc_dist_ema20_atr_ts_top70==0)|(reg_atr_change_rate_ts_band20_80==1&reg_ema20_gt_ema50_raw==0),243d40a1462b,0,42,28,reg_atr_change_rate_ts_band20_80,regime,atr_change_rate,volatility,1
(*)|(loc_dist_ema20_atr_ts_top70==0)|(reg_atr_change_rate_ts_band20_80==1&reg_ema20_gt_ema50_raw==0),243d40a1462b,0,42,324,reg_ema20_gt_ema50_raw,regime,ema20_gt_ema50,trend,0
(*)|(loc_dist_ema20_atr_ts_top70==0)|(reg_atr_change_rate_ts_band20_80==1&reg_ema20_gt_ema50_raw==0),243d40a1462b,0,42,21,loc_dist_ema20_atr_ts_top70,location,dist_ema20_atr,context,0
(*)|(loc_dist_ema20_atr_ts_top70==1)|(reg_atr_change_rate_ts_band20_80==1&reg_ema20_gt_ema50_raw==0),785780743218,0,42,28,reg_atr_change_rate_ts_band20_80,regime,atr_change_rate,volatility,1
(*)|(loc_dist_ema20_atr_ts_top70==1)|(reg_atr_change_rate_ts_band20_80==1&reg_ema20_gt_ema50_raw==0),785780743218,0,42,324,reg_ema20_gt_ema50_raw,regime,ema20_gt_ema50,trend,0
(*)|(loc_dist_ema20_atr_ts_top70==1)|(reg_atr_change_rate_ts_band20_80==1&reg_ema20_gt_ema50_raw==0),785780743218,0,42,21,loc_dist_ema20_atr_ts_top70,location,dist_ema20_atr,context,1
(*)|(*)|(reg_atr_change_rate_ts_band20_80==1&reg_ema20_gt_ema50_raw==1),1a031073f762,0,42,28,reg_atr_change_rate_ts_band20_80,regime,atr_change_rate,volatility,1
(*)|(*)|(reg_atr_change_rate_ts_band20_80==1&reg_ema20_gt_ema50_raw==1),1a031073f762,0,42,324,reg_ema20_gt_ema50_raw,regime,ema20_gt_ema50,trend,1
(*)|(*)|(reg_atr_change_rate_ts_band25_75==0&reg_atr_change_rate_ts_band30_70==0&reg_atr_change_rate_ts_top20==1),0a16d13c09a6,0,42,32,reg_atr_change_rate_ts_band30_70,regime,atr_change_rate,volatility,0
(*)|(*)|(reg_atr_change_rate_ts_band25_75==0&reg_atr_change_rate_ts_band30_70==0&reg_atr_change_rate_ts_top20==1),0a16d13c09a6,0,42,30,reg_atr_change_rate_ts_band25_75,regime,atr_change_rate,volatility,0
(*)|(*)|(reg_atr_change_rate_ts_band25_75==0&reg_atr_change_rate_ts_band30_70==0&reg_atr_change_rate_ts_top20==1),0a16d13c09a6,0,42,0,reg_atr_change_rate_ts_top20,regime,atr_change_rate,volatility,1
(*)|(loc_dist_ema20_atr_ts_top30==0)|(reg_atr_change_rate_ts_band25_75==1&reg_atr_change_rate_ts_band30_70==0),07a094b5096f,0,42,32,reg_atr_change_rate_ts_band30_70,regime,atr_change_rate,volatility,0
(*)|(loc_dist_ema20_atr_ts_top30==0)|(reg_atr_change_rate_ts_band25_75==1&reg_atr_change_rate_ts_band30_70==0),07a094b5096f,0,42,30,reg_atr_change_rate_ts_band25_75,regime,atr_change_rate,volatility,1
(*)|(loc_dist_ema20_atr_ts_top30==0)|(reg_atr_change_rate_ts_band25_75==1&reg_atr_change_rate_ts_band30_70==0),07a094b5096f,0,42,5,loc_dist_ema20_atr_ts_top30,location,dist_ema20_atr,context,0
(*)|(loc_dist_ema20_atr_ts_top30==1)|(reg_atr_change_rate_ts_band25_75==1&reg_atr_change_rate_ts_band30_70==0),8107f2d6d04a,0,42,32,reg_atr_change_rate_ts_band30_70,regime,atr_change_rate,volatility,0
(*)|(loc_dist_ema20_atr_ts_top30==1)|(reg_atr_change_rate_ts_band25_75==1&reg_atr_change_rate_ts_band30_70==0),8107f2d6d04a,0,42,30,reg_atr_change_rate_ts_band25_75,regime,atr_change_rate,volatility,1
(*)|(loc_dist_ema20_atr_ts_top30==1)|(reg_atr_change_rate_ts_band25_75==1&reg_atr_change_rate_ts_band30_70==0),8107f2d6d04a,0,42,5,loc_dist_ema20_atr_ts_top30,location,dist_ema20_atr,context,1
(*)|(*)|(reg_atr_change_rate_ts_band30_70==1),d2802210ec6a,0,42,32,reg_atr_change_rate_ts_band30_70,regime,atr_change_rate,volatility,1
(*)|(*)|(reg_atr_change_rate_ts_top50==1&reg_atr_change_rate_ts_top70==0),63c4d717d7b6,0,42,20,reg_atr_change_rate_ts_top70,regime,atr_change_rate,volatility,0
(*)|(*)|(reg_atr_change_rate_ts_top50==1&reg_atr_change_rate_ts_top70==0),63c4d717d7b6,0,42,12,reg_atr_change_rate_ts_top50,regime,atr_change_rate,volatility,1
(*)|(loc_dist_ema20_atr_ts_top80==0)|(reg_atr_change_rate_ts_top70==1),a00bd82a9975,0,42,20,reg_atr_change_rate_ts_top70,regime,atr_change_rate,volatility,1
(*)|(loc_dist_ema20_atr_ts_top80==0)|(reg_atr_change_rate_ts_top70==1),a00bd82a9975,0,42,25,loc_dist_ema20_atr_ts_top80,location,dist_ema20_atr,context,0
(*)|(loc_dist_ema20_atr_ts_top80==1)|(reg_atr_change_rate_ts_top70==1),9746e34acc89,0,42,20,reg_atr_change_rate_ts_top70,regime,atr_change_rate,volatility,1
(*)|(loc_dist_ema20_atr_ts_top80==1)|(reg_atr_change_rate_ts_top70==1),9746e34acc89,0,42,25,loc_dist_ema20_atr_ts_top80,location,dist_ema20_atr,context,1
(*)|(*)|(reg_atr_change_rate_ts_band20_80==1&reg_atr_change_rate_ts_band25_75==0&reg_atr_change_rate_ts_band30_70==0),6e5006dd050a,0,42,32,reg_atr_change_rate_ts_band30_70,regime,atr_change_rate,volatility,0
(*)|(*)|(reg_atr_change_rate_ts_band20_80==1&reg_atr_change_rate_ts_band25_75==0&reg_atr_change_rate_ts_band30_70==0),6e5006dd050a,0,42,30,reg_atr_change_rate_ts_band25_75,regime,atr_change_rate,volatility,0
(*)|(*)|(reg_atr_change_rate_ts_band20_80==1&reg_atr_change_rate_ts_band25_75==0&reg_atr_change_rate_ts_band30_70==0),6e5006dd050a,0,42,28,reg_atr_change_rate_ts_band20_80,regime,atr_change_rate,volatility,1
(*)|(*)|(reg_atr_change_rate_ts_band25_75==1&reg_atr_change_rate_ts_band30_70==0&reg_atr_change_rate_ts_top30==0),e216b6f98013,0,42,32,reg_atr_change_rate_ts_band30_70,regime,atr_change_rate,volatility,0
(*)|(*)|(reg_atr_change_rate_ts_band25_75==1&reg_atr_change_rate_ts_band30_70==0&reg_atr_change_rate_ts_top30==0),e216b6f98013,0,42,30,reg_atr_change_rate_ts_band25_75,regime,atr_change_rate,volatility,1
(*)|(*)|(reg_atr_change_rate_ts_band25_75==1&reg_atr_change_rate_ts_band30_70==0&reg_atr_change_rate_ts_top30==0),e216b6f98013,0,42,4,reg_atr_change_rate_ts_top30,regime,atr_change_rate,volatility,0
(*)|(*)|(reg_atr_change_rate_ts_band25_75==1&reg_atr_change_rate_ts_band30_70==0&reg_atr_change_rate_ts_top30==1),0c35ed567c75,0,42,32,reg_atr_change_rate_ts_band30_70,regime,atr_change_rate,volatility,0
(*)|(*)|(reg_atr_change_rate_ts_band25_75==1&reg_atr_change_rate_ts_band30_70==0&reg_atr_change_rate_ts_top30==1),0c35ed567c75,0,42,30,reg_atr_change_rate_ts_band25_75,regime,atr_change_rate,volatility,1
(*)|(*)|(reg_atr_change_rate_ts_band25_75==1&reg_atr_change_rate_ts_band30_70==0&reg_atr_change_rate_ts_top30==1),0c35ed567c75,0,42,4,reg_atr_change_rate_ts_top30,regime,atr_change_rate,volatility,1
(*)|(*)|(reg_atr_change_rate_ts_band30_70==1&reg_atr_change_rate_ts_band40_60==0&reg_atr_change_rate_ts_top50==0),d41d6cd1664e,0,42,32,reg_atr_change_rate_ts_band30_70,regime,atr_change_rate,volatility,1
(*)|(*)|(reg_atr_change_rate_ts_band30_70==1&reg_atr_change_rate_ts_band40_60==0&reg_atr_change_rate_ts_top50==0),d41d6cd1664e,0,42,12,reg_atr_change_rate_ts_top50,regime,atr_change_rate,volatility,0
(*)|(*)|(reg_atr_change_rate_ts_band30_70==1&reg_atr_change_rate_ts_band40_60==0&reg_atr_change_rate_ts_top50==0),d41d6cd1664e,0,42,34,reg_atr_change_rate_ts_band40_60,regime,atr_change_rate,volatility,0
(*)|(*)|(reg_atr_change_rate_ts_band30_70==1&reg_atr_change_rate_ts_band40_60==1&reg_atr_change_rate_ts_top50==0),3be7d366ae0a,0,42,32,reg_atr_change_rate_ts_band30_70,regime,atr_change_rate,volatility,1
(*)|(*)|(reg_atr_change_rate_ts_band30_70==1&reg_atr_change_rate_ts_band40_60==1&reg_atr_change_rate_ts_top50==0),3be7d366ae0a,0,42,12,reg_atr_change_rate_ts_top50,regime,atr_change_rate,volatility,0
(*)|(*)|(reg_atr_change_rate_ts_band30_70==1&reg_atr_change_rate_ts_band40_60==1&reg_atr_change_rate_ts_top50==0),3be7d366ae0a,0,42,34,reg_atr_change_rate_ts_band40_60,regime,atr_change_rate,volatility,1
(*)|(*)|(reg_atr_change_rate_ts_band30_70==1&reg_atr_change_rate_ts_top50==1),012c14a0c762,0,42,32,reg_atr_change_rate_ts_band30_70,regime,atr_change_rate,volatility,1
(*)|(*)|(reg_atr_change_rate_ts_band30_70==1&reg_atr_change_rate_ts_top50==1),012c14a0c762,0,42,12,reg_atr_change_rate_ts_top50,regime,atr_change_rate,volatility,1
(*)|(loc_dist_ema20_atr_ts_top30==0)|(reg_atr_change_rate_ts_top20==1),8b5e22759985,0,42,5,loc_dist_ema20_atr_ts_top30,location,dist_ema20_atr,context,0
(*)|(loc_dist_ema20_atr_ts_top30==0)|(reg_atr_change_rate_ts_top20==1),8b5e22759985,0,42,0,reg_atr_change_rate_ts_top20,regime,atr_change_rate,volatility,1
(*)|(loc_dist_ema20_atr_ts_top30==1)|(reg_atr_change_rate_ts_top50==0),1af390f27e96,0,42,5,loc_dist_ema20_atr_ts_top30,location,dist_ema20_atr,context,1
(*)|(loc_dist_ema20_atr_ts_top30==1)|(reg_atr_change_rate_ts_top50==0),1af390f27e96,0,42,12,reg_atr_change_rate_ts_top50,regime,atr_change_rate,volatility,0
(*)|(loc_dist_ema20_atr_ts_top30==1)|(reg_atr_change_rate_ts_top50==1&reg_ema20_gt_ema50_raw==0),0b4ec6d8baa2,0,42,5,loc_dist_ema20_atr_ts_top30,location,dist_ema20_atr,context,1
(*)|(loc_dist_ema20_atr_ts_top30==1)|(reg_atr_change_rate_ts_top50==1&reg_ema20_gt_ema50_raw==0),0b4ec6d8baa2,0,42,12,reg_atr_change_rate_ts_top50,regime,atr_change_rate,volatility,1
(*)|(loc_dist_ema20_atr_ts_top30==1)|(reg_atr_change_rate_ts_top50==1&reg_ema20_gt_ema50_raw==0),0b4ec6d8baa2,0,42,324,reg_ema20_gt_ema50_raw,regime,ema20_gt_ema50,trend,0
(*)|(loc_dist_ema20_atr_ts_top30==1)|(reg_atr_change_rate_ts_top50==1&reg_ema20_gt_ema50_raw==1),ca257fc2db9c,0,42,5,loc_dist_ema20_atr_ts_top30,location,dist_ema20_atr,context,1
(*)|(loc_dist_ema20_atr_ts_top30==1)|(reg_atr_change_rate_ts_top50==1&reg_ema20_gt_ema50_raw==1),ca257fc2db9c,0,42,12,reg_atr_change_rate_ts_top50,regime,atr_change_rate,volatility,1
(*)|(loc_dist_ema20_atr_ts_top30==1)|(reg_atr_change_rate_ts_top50==1&reg_ema20_gt_ema50_raw==1),ca257fc2db9c,0,42,324,reg_ema20_gt_ema50_raw,regime,ema20_gt_ema50,trend,1
(*)|(*)|(reg_atr_change_rate_ts_band40_60==0&reg_atr_change_rate_ts_top30==1&reg_atr_change_rate_ts_top80==0&reg_ema50_gt_ema200_raw==0),f98a72629ec6,0,42,4,reg_atr_change_rate_ts_top30,regime,atr_change_rate,volatility,1
(*)|(*)|(reg_atr_change_rate_ts_band40_60==0&reg_atr_change_rate_ts_top30==1&reg_atr_change_rate_ts_top80==0&reg_ema50_gt_ema200_raw==0),f98a72629ec6,0,42,24,reg_atr_change_rate_ts_top80,regime,atr_change_rate,volatility,0
(*)|(*)|(reg_atr_change_rate_ts_band40_60==0&reg_atr_change_rate_ts_top30==1&reg_atr_change_rate_ts_top80==0&reg_ema50_gt_ema200_raw==0),f98a72629ec6,0,42,398,reg_ema50_gt_ema200_raw,regime,ema50_gt_ema200,trend,0
(*)|(*)|(reg_atr_change_rate_ts_band40_60==0&reg_atr_change_rate_ts_top30==1&reg_atr_change_rate_ts_top80==0&reg_ema50_gt_ema200_raw==0),f98a72629ec6,0,42,34,reg_atr_change_rate_ts_band40_60,regime,atr_change_rate,volatility,0
(*)|(*)|(reg_atr_change_rate_ts_band40_60==1&reg_atr_change_rate_ts_top30==1&reg_atr_change_rate_ts_top80==0&reg_ema50_gt_ema200_raw==0),0102f9d02878,0,42,4,reg_atr_change_rate_ts_top30,regime,atr_change_rate,volatility,1
(*)|(*)|(reg_atr_change_rate_ts_band40_60==1&reg_atr_change_rate_ts_top30==1&reg_atr_change_rate_ts_top80==0&reg_ema50_gt_ema200_raw==0),0102f9d02878,0,42,24,reg_atr_change_rate_ts_top80,regime,atr_change_rate,volatility,0
(*)|(*)|(reg_atr_change_rate_ts_band40_60==1&reg_atr_change_rate_ts_top30==1&reg_atr_change_rate_ts_top80==0&reg_ema50_gt_ema200_raw==0),0102f9d02878,0,42,398,reg_ema50_gt_ema200_raw,regime,ema50_gt_ema200,trend,0
(*)|(*)|(reg_atr_change_rate_ts_band40_60==1&reg_atr_change_rate_ts_top30==1&reg_atr_change_rate_ts_top80==0&reg_ema50_gt_ema200_raw==0),0102f9d02878,0,42,34,reg_atr_change_rate_ts_band40_60,regime,atr_change_rate,volatility,1
(*)|(*)|(reg_atr_change_rate_ts_top30==1&reg_atr_change_rate_ts_top80==0&reg_ema50_gt_ema200_raw==1),f2c94279327e,0,42,4,reg_atr_change_rate_ts_top30,regime,atr_change_rate,volatility,1
(*)|(*)|(reg_atr_change_rate_ts_top30==1&reg_atr_change_rate_ts_top80==0&reg_ema50_gt_ema200_raw==1),f2c94279327e,0,42,24,reg_atr_change_rate_ts_top80,regime,atr_change_rate,volatility,0
(*)|(*)|(reg_atr_change_rate_ts_top30==1&reg_atr_change_rate_ts_top80==0&reg_ema50_gt_ema200_raw==1),f2c94279327e,0,42,398,reg_ema50_gt_ema200_raw,regime,ema50_gt_ema200,trend,1
(*)|(*)|(reg_atr_change_rate_ts_top30==1&reg_atr_change_rate_ts_top80==1&reg_ema50_gt_ema200_raw==0),a881f471f0c2,0,42,4,reg_atr_change_rate_ts_top30,regime,atr_change_rate,volatility,1
(*)|(*)|(reg_atr_change_rate_ts_top30==1&reg_atr_change_rate_ts_top80==1&reg_ema50_gt_ema200_raw==0),a881f471f0c2,0,42,24,reg_atr_change_rate_ts_top80,regime,atr_change_rate,volatility,1
(*)|(*)|(reg_atr_change_rate_ts_top30==1&reg_atr_change_rate_ts_top80==1&reg_ema50_gt_ema200_raw==0),a881f471f0c2,0,42,398,reg_ema50_gt_ema200_raw,regime,ema50_gt_ema200,trend,0
(*)|(*)|(reg_atr_change_rate_ts_top30==1&reg_atr_change_rate_ts_top80==1&reg_ema50_gt_ema200_raw==1),da6e571dcf9b,0,42,4,reg_atr_change_rate_ts_top30,regime,atr_change_rate,volatility,1
(*)|(*)|(reg_atr_change_rate_ts_top30==1&reg_atr_change_rate_ts_top80==1&reg_ema50_gt_ema200_raw==1),da6e571dcf9b,0,42,24,reg_atr_change_rate_ts_top80,regime,atr_change_rate,volatility,1
(*)|(*)|(reg_atr_change_rate_ts_top30==1&reg_atr_change_rate_ts_top80==1&reg_ema50_gt_ema200_raw==1),da6e571dcf9b,0,42,398,reg_ema50_gt_ema200_raw,regime,ema50_gt_ema200,trend,1
(*)|(*)|(reg_atr_change_rate_ts_band25_75==0&reg_ema20_gt_ema50_raw==1),377a36366518,0,42,30,reg_atr_change_rate_ts_band25_75,regime,atr_change_rate,volatility,0
(*)|(*)|(reg_atr_change_rate_ts_band25_75==0&reg_ema20_gt_ema50_raw==1),377a36366518,0,42,324,reg_ema20_gt_ema50_raw,regime,ema20_gt_ema50,trend,1
(*)|(*)|(reg_atr_change_rate_ts_band25_75==1&reg_atr_change_rate_ts_top40==0),5bf9e750db61,0,42,30,reg_atr_change_rate_ts_band25_75,regime,atr_change_rate,volatility,1
(*)|(*)|(reg_atr_change_rate_ts_band25_75==1&reg_atr_change_rate_ts_top40==0),5bf9e750db61,0,42,8,reg_atr_change_rate_ts_top40,regime,atr_change_rate,volatility,0
(*)|(*)|(reg_atr_change_rate_ts_band25_75==1&reg_atr_change_rate_ts_top40==1),45937e410102,0,42,30,reg_atr_change_rate_ts_band25_75,regime,atr_change_rate,volatility,1
(*)|(*)|(reg_atr_change_rate_ts_band25_75==1&reg_atr_change_rate_ts_top40==1),45937e410102,0,42,8,reg_atr_change_rate_ts_top40,regime,atr_change_rate,volatility,1
(*)|(*)|(reg_atr_change_rate_ts_bot80==1&reg_atr_change_rate_ts_top20==0&reg_ema50_gt_ema200_raw==0),674c9100b83d,1,42,398,reg_ema50_gt_ema200_raw,regime,ema50_gt_ema200,trend,0
(*)|(*)|(reg_atr_change_rate_ts_bot80==1&reg_atr_change_rate_ts_top20==0&reg_ema50_gt_ema200_raw==0),674c9100b83d,1,42,26,reg_atr_change_rate_ts_bot80,regime,atr_change_rate,volatility,1
(*)|(*)|(reg_atr_change_rate_ts_bot80==1&reg_atr_change_rate_ts_top20==0&reg_ema50_gt_ema200_raw==0),674c9100b83d,1,42,0,reg_atr_change_rate_ts_top20,regime,atr_change_rate,volatility,0
(*)|(*)|(reg_atr_change_rate_ts_band40_60==0&reg_atr_change_rate_ts_bot80==1&reg_atr_change_rate_ts_top20==1&reg_ema50_gt_ema200_raw==0),bf26f1ccba67,1,42,398,reg_ema50_gt_ema200_raw,regime,ema50_gt_ema200,trend,0
(*)|(*)|(reg_atr_change_rate_ts_band40_60==0&reg_atr_change_rate_ts_bot80==1&reg_atr_change_rate_ts_top20==1&reg_ema50_gt_ema200_raw==0),bf26f1ccba67,1,42,26,reg_atr_change_rate_ts_bot80,regime,atr_change_rate,volatility,1
(*)|(*)|(reg_atr_change_rate_ts_band40_60==0&reg_atr_change_rate_ts_bot80==1&reg_atr_change_rate_ts_top20==1&reg_ema50_gt_ema200_raw==0),bf26f1ccba67,1,42,0,reg_atr_change_rate_ts_top20,regime,atr_change_rate,volatility,1
(*)|(*)|(reg_atr_change_rate_ts_band40_60==0&reg_atr_change_rate_ts_bot80==1&reg_atr_change_rate_ts_top20==1&reg_ema50_gt_ema200_raw==0),bf26f1ccba67,1,42,34,reg_atr_change_rate_ts_band40_60,regime,atr_change_rate,volatility,0
(*)|(*)|(reg_atr_change_rate_ts_band40_60==1&reg_atr_change_rate_ts_bot80==1&reg_atr_change_rate_ts_top20==1&reg_atr_change_rate_ts_top50==0&reg_ema50_gt_ema200_raw==0),4935375312ef,1,42,398,reg_ema50_gt_ema200_raw,regime,ema50_gt_ema200,trend,0
(*)|(*)|(reg_atr_change_rate_ts_band40_60==1&reg_atr_change_rate_ts_bot80==1&reg_atr_change_rate_ts_top20==1&reg_atr_change_rate_ts_top50==0&reg_ema50_gt_ema200_raw==0),4935375312ef,1,42,26,reg_atr_change_rate_ts_bot80,regime,atr_change_rate,volatility,1
(*)|(*)|(reg_atr_change_rate_ts_band40_60==1&reg_atr_change_rate_ts_bot80==1&reg_atr_change_rate_ts_top20==1&reg_atr_change_rate_ts_top50==0&reg_ema50_gt_ema200_raw==0),4935375312ef,1,42,0,reg_atr_change_rate_ts_top20,regime,atr_change_rate,volatility,1
(*)|(*)|(reg_atr_change_rate_ts_band40_60==1&reg_atr_change_rate_ts_bot80==1&reg_atr_change_rate_ts_top20==1&reg_atr_change_rate_ts_top50==0&reg_ema50_gt_ema200_raw==0),4935375312ef,1,42,34,reg_atr_change_rate_ts_band40_60,regime,atr_change_rate,volatility,1
(*)|(*)|(reg_atr_change_rate_ts_band40_60==1&reg_atr_change_rate_ts_bot80==1&reg_atr_change_rate_ts_top20==1&reg_atr_change_rate_ts_top50==0&reg_ema50_gt_ema200_raw==0),4935375312ef,1,42,12,reg_atr_change_rate_ts_top50,regime,atr_change_rate,volatility,0
(*)|(*)|(reg_atr_change_rate_ts_band40_60==1&reg_atr_change_rate_ts_bot80==1&reg_atr_change_rate_ts_top20==1&reg_atr_change_rate_ts_top50==1&reg_ema50_gt_ema200_raw==0),8cb5cfa737f6,1,42,398,reg_ema50_gt_ema200_raw,regime,ema50_gt_ema200,trend,0
(*)|(*)|(reg_atr_change_rate_ts_band40_60==1&reg_atr_change_rate_ts_bot80==1&reg_atr_change_rate_ts_top20==1&reg_atr_change_rate_ts_top50==1&reg_ema50_gt_ema200_raw==0),8cb5cfa737f6,1,42,26,reg_atr_change_rate_ts_bot80,regime,atr_change_rate,volatility,1
(*)|(*)|(reg_atr_change_rate_ts_band40_60==1&reg_atr_change_rate_ts_bot80==1&reg_atr_change_rate_ts_top20==1&reg_atr_change_rate_ts_top50==1&reg_ema50_gt_ema200_raw==0),8cb5cfa737f6,1,42,0,reg_atr_change_rate_ts_top20,regime,atr_change_rate,volatility,1
(*)|(*)|(reg_atr_change_rate_ts_band40_60==1&reg_atr_change_rate_ts_bot80==1&reg_atr_change_rate_ts_top20==1&reg_atr_change_rate_ts_top50==1&reg_ema50_gt_ema200_raw==0),8cb5cfa737f6,1,42,34,reg_atr_change_rate_ts_band40_60,regime,atr_change_rate,volatility,1
(*)|(*)|(reg_atr_change_rate_ts_band40_60==1&reg_atr_change_rate_ts_bot80==1&reg_atr_change_rate_ts_top20==1&reg_atr_change_rate_ts_top50==1&reg_ema50_gt_ema200_raw==0),8cb5cfa737f6,1,42,12,reg_atr_change_rate_ts_top50,regime,atr_change_rate,volatility,1
(*)|(*)|(reg_atr_change_rate_ts_bot80==0&reg_ema50_gt_ema200_raw==1),696fd3732524,1,42,398,reg_ema50_gt_ema200_raw,regime,ema50_gt_ema200,trend,1
(*)|(*)|(reg_atr_change_rate_ts_bot80==0&reg_ema50_gt_ema200_raw==1),696fd3732524,1,42,26,reg_atr_change_rate_ts_bot80,regime,atr_change_rate,volatility,0
(*)|(*)|(reg_atr_change_rate_ts_bot80==1&reg_ema50_gt_ema200_raw==1),e90396f7a045,1,42,398,reg_ema50_gt_ema200_raw,regime,ema50_gt_ema200,trend,1
(*)|(*)|(reg_atr_change_rate_ts_bot80==1&reg_ema50_gt_ema200_raw==1),e90396f7a045,1,42,26,reg_atr_change_rate_ts_bot80,regime,atr_change_rate,volatility,1
(*)|(*)|(reg_atr_change_rate_ts_bot80==0&reg_atr_change_rate_ts_top20==1&reg_ema50_gt_ema200_raw==0),14bd4862ef38,2,42,398,reg_ema50_gt_ema200_raw,regime,ema50_gt_ema200,trend,0
(*)|(*)|(reg_atr_change_rate_ts_bot80==0&reg_atr_change_rate_ts_top20==1&reg_ema50_gt_ema200_raw==0),14bd4862ef38,2,42,0,reg_atr_change_rate_ts_top20,regime,atr_change_rate,volatility,1
(*)|(*)|(reg_atr_change_rate_ts_bot80==0&reg_atr_change_rate_ts_top20==1&reg_ema50_gt_ema200_raw==0),14bd4862ef38,2,42,26,reg_atr_change_rate_ts_bot80,regime,atr_change_rate,volatility,0
(*)|(loc_dist_ema20_atr_ts_top70==0)|(reg_atr_change_rate_ts_band25_75==0&reg_atr_change_rate_ts_bot80==1&reg_atr_change_rate_ts_top20==1&reg_ema50_gt_ema200_raw==0),3b75d9acc714,2,42,398,reg_ema50_gt_ema200_raw,regime,ema50_gt_ema200,trend,0
(*)|(loc_dist_ema20_atr_ts_top70==0)|(reg_atr_change_rate_ts_band25_75==0&reg_atr_change_rate_ts_bot80==1&reg_atr_change_rate_ts_top20==1&reg_ema50_gt_ema200_raw==0),3b75d9acc714,2,42,0,reg_atr_change_rate_ts_top20,regime,atr_change_rate,volatility,1
(*)|(loc_dist_ema20_atr_ts_top70==0)|(reg_atr_change_rate_ts_band25_75==0&reg_atr_change_rate_ts_bot80==1&reg_atr_change_rate_ts_top20==1&reg_ema50_gt_ema200_raw==0),3b75d9acc714,2,42,26,reg_atr_change_rate_ts_bot80,regime,atr_change_rate,volatility,1
(*)|(loc_dist_ema20_atr_ts_top70==0)|(reg_atr_change_rate_ts_band25_75==0&reg_atr_change_rate_ts_bot80==1&reg_atr_change_rate_ts_top20==1&reg_ema50_gt_ema200_raw==0),3b75d9acc714,2,42,30,reg_atr_change_rate_ts_band25_75,regime,atr_change_rate,volatility,0
(*)|(loc_dist_ema20_atr_ts_top70==0)|(reg_atr_change_rate_ts_band25_75==0&reg_atr_change_rate_ts_bot80==1&reg_atr_change_rate_ts_top20==1&reg_ema50_gt_ema200_raw==0),3b75d9acc714,2,42,21,loc_dist_ema20_atr_ts_top70,location,dist_ema20_atr,context,0
(*)|(loc_dist_ema20_atr_ts_top70==0)|(reg_atr_change_rate_ts_band25_75==1&reg_atr_change_rate_ts_bot80==1&reg_atr_change_rate_ts_top20==1&reg_atr_change_rate_ts_top60==0&reg_ema50_gt_ema200_raw==0),378ce1d4a502,2,42,398,reg_ema50_gt_ema200_raw,regime,ema50_gt_ema200,trend,0
(*)|(loc_dist_ema20_atr_ts_top70==0)|(reg_atr_change_rate_ts_band25_75==1&reg_atr_change_rate_ts_bot80==1&reg_atr_change_rate_ts_top20==1&reg_atr_change_rate_ts_top60==0&reg_ema50_gt_ema200_raw==0),378ce1d4a502,2,42,0,reg_atr_change_rate_ts_top20,regime,atr_change_rate,volatility,1
(*)|(loc_dist_ema20_atr_ts_top70==0)|(reg_atr_change_rate_ts_band25_75==1&reg_atr_change_rate_ts_bot80==1&reg_atr_change_rate_ts_top20==1&reg_atr_change_rate_ts_top60==0&reg_ema50_gt_ema200_raw==0),378ce1d4a502,2,42,26,reg_atr_change_rate_ts_bot80,regime,atr_change_rate,volatility,1
(*)|(loc_dist_ema20_atr_ts_top70==0)|(reg_atr_change_rate_ts_band25_75==1&reg_atr_change_rate_ts_bot80==1&reg_atr_change_rate_ts_top20==1&reg_atr_change_rate_ts_top60==0&reg_ema50_gt_ema200_raw==0),378ce1d4a502,2,42,30,reg_atr_change_rate_ts_band25_75,regime,atr_change_rate,volatility,1
(*)|(loc_dist_ema20_atr_ts_top70==0)|(reg_atr_change_rate_ts_band25_75==1&reg_atr_change_rate_ts_bot80==1&reg_atr_change_rate_ts_top20==1&reg_atr_change_rate_ts_top60==0&reg_ema50_gt_ema200_raw==0),378ce1d4a502,2,42,16,reg_atr_change_rate_ts_top60,regime,atr_change_rate,volatility,0
(*)|(loc_dist_ema20_atr_ts_top70==0)|(reg_atr_change_rate_ts_band25_75==1&reg_atr_change_rate_ts_bot80==1&reg_atr_change_rate_ts_top20==1&reg_atr_change_rate_ts_top60==0&reg_ema50_gt_ema200_raw==0),378ce1d4a502,2,42,21,loc_dist_ema20_atr_ts_top70,location,dist_ema20_atr,context,0
(*)|(loc_dist_ema20_atr_ts_top70==0)|(reg_atr_change_rate_ts_band25_75==1&reg_atr_change_rate_ts_bot80==1&reg_atr_change_rate_ts_top20==1&reg_atr_change_rate_ts_top60==1&reg_ema50_gt_ema200_raw==0),376356095ae2,2,42,398,reg_ema50_gt_ema200_raw,regime,ema50_gt_ema200,trend,0
(*)|(loc_dist_ema20_atr_ts_top70==0)|(reg_atr_change_rate_ts_band25_75==1&reg_atr_change_rate_ts_bot80==1&reg_atr_change_rate_ts_top20==1&reg_atr_change_rate_ts_top60==1&reg_ema50_gt_ema200_raw==0),376356095ae2,2,42,0,reg_atr_change_rate_ts_top20,regime,atr_change_rate,volatility,1
(*)|(loc_dist_ema20_atr_ts_top70==0)|(reg_atr_change_rate_ts_band25_75==1&reg_atr_change_rate_ts_bot80==1&reg_atr_change_rate_ts_top20==1&reg_atr_change_rate_ts_top60==1&reg_ema50_gt_ema200_raw==0),376356095ae2,2,42,26,reg_atr_change_rate_ts_bot80,regime,atr_change_rate,volatility,1
(*)|(loc_dist_ema20_atr_ts_top70==0)|(reg_atr_change_rate_ts_band25_75==1&reg_atr_change_rate_ts_bot80==1&reg_atr_change_rate_ts_top20==1&reg_atr_change_rate_ts_top60==1&reg_ema50_gt_ema200_raw==0),376356095ae2,2,42,30,reg_atr_change_rate_ts_band25_75,regime,atr_change_rate,volatility,1
(*)|(loc_dist_ema20_atr_ts_top70==0)|(reg_atr_change_rate_ts_band25_75==1&reg_atr_change_rate_ts_bot80==1&reg_atr_change_rate_ts_top20==1&reg_atr_change_rate_ts_top60==1&reg_ema50_gt_ema200_raw==0),376356095ae2,2,42,16,reg_atr_change_rate_ts_top60,regime,atr_change_rate,volatility,1
(*)|(loc_dist_ema20_atr_ts_top70==0)|(reg_atr_change_rate_ts_band25_75==1&reg_atr_change_rate_ts_bot80==1&reg_atr_change_rate_ts_top20==1&reg_atr_change_rate_ts_top60==1&reg_ema50_gt_ema200_raw==0),376356095ae2,2,42,21,loc_dist_ema20_atr_ts_top70,location,dist_ema20_atr,context,0
(*)|(loc_dist_ema20_atr_ts_top70==1)|(reg_atr_change_rate_ts_band25_75==0&reg_atr_change_rate_ts_bot80==1&reg_atr_change_rate_ts_top20==1&reg_ema50_gt_ema200_raw==0),aa34c4ab2770,2,42,398,reg_ema50_gt_ema200_raw,regime,ema50_gt_ema200,trend,0
(*)|(loc_dist_ema20_atr_ts_top70==1)|(reg_atr_change_rate_ts_band25_75==0&reg_atr_change_rate_ts_bot80==1&reg_atr_change_rate_ts_top20==1&reg_ema50_gt_ema200_raw==0),aa34c4ab2770,2,42,0,reg_atr_change_rate_ts_top20,regime,atr_change_rate,volatility,1
(*)|(loc_dist_ema20_atr_ts_top70==1)|(reg_atr_change_rate_ts_band25_75==0&reg_atr_change_rate_ts_bot80==1&reg_atr_change_rate_ts_top20==1&reg_ema50_gt_ema200_raw==0),aa34c4ab2770,2,42,26,reg_atr_change_rate_ts_bot80,regime,atr_change_rate,volatility,1
(*)|(loc_dist_ema20_atr_ts_top70==1)|(reg_atr_change_rate_ts_band25_75==0&reg_atr_change_rate_ts_bot80==1&reg_atr_change_rate_ts_top20==1&reg_ema50_gt_ema200_raw==0),aa34c4ab2770,2,42,30,reg_atr_change_rate_ts_band25_75,regime,atr_change_rate,volatility,0
(*)|(loc_dist_ema20_atr_ts_top70==1)|(reg_atr_change_rate_ts_band25_75==0&reg_atr_change_rate_ts_bot80==1&reg_atr_change_rate_ts_top20==1&reg_ema50_gt_ema200_raw==0),aa34c4ab2770,2,42,21,loc_dist_ema20_atr_ts_top70,location,dist_ema20_atr,context,1
(*)|(loc_dist_ema20_atr_ts_top70==1)|(reg_atr_change_rate_ts_band25_75==1&reg_atr_change_rate_ts_bot80==1&reg_atr_change_rate_ts_top20==1&reg_ema50_gt_ema200_raw==0),6b38534e347f,2,42,398,reg_ema50_gt_ema200_raw,regime,ema50_gt_ema200,trend,0
(*)|(loc_dist_ema20_atr_ts_top70==1)|(reg_atr_change_rate_ts_band25_75==1&reg_atr_change_rate_ts_bot80==1&reg_atr_change_rate_ts_top20==1&reg_ema50_gt_ema200_raw==0),6b38534e347f,2,42,0,reg_atr_change_rate_ts_top20,regime,atr_change_rate,volatility,1
(*)|(loc_dist_ema20_atr_ts_top70==1)|(reg_atr_change_rate_ts_band25_75==1&reg_atr_change_rate_ts_bot80==1&reg_atr_change_rate_ts_top20==1&reg_ema50_gt_ema200_raw==0),6b38534e347f,2,42,26,reg_atr_change_rate_ts_bot80,regime,atr_change_rate,volatility,1
(*)|(loc_dist_ema20_atr_ts_top70==1)|(reg_atr_change_rate_ts_band25_75==1&reg_atr_change_rate_ts_bot80==1&reg_atr_change_rate_ts_top20==1&reg_ema50_gt_ema200_raw==0),6b38534e347f,2,42,30,reg_atr_change_rate_ts_band25_75,regime,atr_change_rate,volatility,1
(*)|(loc_dist_ema20_atr_ts_top70==1)|(reg_atr_change_rate_ts_band25_75==1&reg_atr_change_rate_ts_bot80==1&reg_atr_change_rate_ts_top20==1&reg_ema50_gt_ema200_raw==0),6b38534e347f,2,42,21,loc_dist_ema20_atr_ts_top70,location,dist_ema20_atr,context,1
(*)|(*)|(reg_atr_change_rate_ts_bot80==0&reg_ema50_gt_ema200_raw==1),49c9a8d06359,2,42,398,reg_ema50_gt_ema200_raw,regime,ema50_gt_ema200,trend,1
(*)|(*)|(reg_atr_change_rate_ts_bot80==0&reg_ema50_gt_ema200_raw==1),49c9a8d06359,2,42,26,reg_atr_change_rate_ts_bot80,regime,atr_change_rate,volatility,0
(*)|(*)|(reg_atr_change_rate_ts_bot80==1&reg_ema50_gt_ema200_raw==1),221cfbf9754c,2,42,398,reg_ema50_gt_ema200_raw,regime,ema50_gt_ema200,trend,1
(*)|(*)|(reg_atr_change_rate_ts_bot80==1&reg_ema50_gt_ema200_raw==1),221cfbf9754c,2,42,26,reg_atr_change_rate_ts_bot80,regime,atr_change_rate,volatility,1
(*)|(*)|(reg_atr_change_rate_ts_band25_75==0&reg_atr_change_rate_ts_top20==1&reg_atr_change_rate_ts_top80==0&reg_ema50_gt_ema200_raw==0),c11714f22609,2,42,398,reg_ema50_gt_ema200_raw,regime,ema50_gt_ema200,trend,0
(*)|(*)|(reg_atr_change_rate_ts_band25_75==0&reg_atr_change_rate_ts_top20==1&reg_atr_change_rate_ts_top80==0&reg_ema50_gt_ema200_raw==0),c11714f22609,2,42,0,reg_atr_change_rate_ts_top20,regime,atr_change_rate,volatility,1
(*)|(*)|(reg_atr_change_rate_ts_band25_75==0&reg_atr_change_rate_ts_top20==1&reg_atr_change_rate_ts_top80==0&reg_ema50_gt_ema200_raw==0),c11714f22609,2,42,30,reg_atr_change_rate_ts_band25_75,regime,atr_change_rate,volatility,0
(*)|(*)|(reg_atr_change_rate_ts_band25_75==0&reg_atr_change_rate_ts_top20==1&reg_atr_change_rate_ts_top80==0&reg_ema50_gt_ema200_raw==0),c11714f22609,2,42,24,reg_atr_change_rate_ts_top80,regime,atr_change_rate,volatility,0
(*)|(*)|(reg_atr_change_rate_ts_band25_75==0&reg_atr_change_rate_ts_top20==1&reg_atr_change_rate_ts_top80==1&reg_ema50_gt_ema200_raw==0),634ad41ba64a,2,42,398,reg_ema50_gt_ema200_raw,regime,ema50_gt_ema200,trend,0
(*)|(*)|(reg_atr_change_rate_ts_band25_75==0&reg_atr_change_rate_ts_top20==1&reg_atr_change_rate_ts_top80==1&reg_ema50_gt_ema200_raw==0),634ad41ba64a,2,42,0,reg_atr_change_rate_ts_top20,regime,atr_change_rate,volatility,1
(*)|(*)|(reg_atr_change_rate_ts_band25_75==0&reg_atr_change_rate_ts_top20==1&reg_atr_change_rate_ts_top80==1&reg_ema50_gt_ema200_raw==0),634ad41ba64a,2,42,30,reg_atr_change_rate_ts_band25_75,regime,atr_change_rate,volatility,0
(*)|(*)|(reg_atr_change_rate_ts_band25_75==0&reg_atr_change_rate_ts_top20==1&reg_atr_change_rate_ts_top80==1&reg_ema50_gt_ema200_raw==0),634ad41ba64a,2,42,24,reg_atr_change_rate_ts_top80,regime,atr_change_rate,volatility,1
(*)|(*)|(reg_atr_change_rate_ts_band25_75==1&reg_atr_change_rate_ts_top20==1&reg_atr_compression_ratio_ts_band30_70==0&reg_ema50_gt_ema200_raw==0),a44f28341c95,2,42,398,reg_ema50_gt_ema200_raw,regime,ema50_gt_ema200,trend,0
(*)|(*)|(reg_atr_change_rate_ts_band25_75==1&reg_atr_change_rate_ts_top20==1&reg_atr_compression_ratio_ts_band30_70==0&reg_ema50_gt_ema200_raw==0),a44f28341c95,2,42,0,reg_atr_change_rate_ts_top20,regime,atr_change_rate,volatility,1
(*)|(*)|(reg_atr_change_rate_ts_band25_75==1&reg_atr_change_rate_ts_top20==1&reg_atr_compression_ratio_ts_band30_70==0&reg_ema50_gt_ema200_raw==0),a44f28341c95,2,42,30,reg_atr_change_rate_ts_band25_75,regime,atr_change_rate,volatility,1
(*)|(*)|(reg_atr_change_rate_ts_band25_75==1&reg_atr_change_rate_ts_top20==1&reg_atr_compression_ratio_ts_band30_70==0&reg_ema50_gt_ema200_raw==0),a44f28341c95,2,42,68,reg_atr_compression_ratio_ts_band30_70,regime,atr_compression_ratio,volatility_term_structure,0
(*)|(*)|(reg_atr_change_rate_ts_band25_75==1&reg_atr_change_rate_ts_top20==1&reg_atr_compression_ratio_ts_band30_70==1&reg_ema50_gt_ema200_raw==0),bd251017fad4,2,42,398,reg_ema50_gt_ema200_raw,regime,ema50_gt_ema200,trend,0
(*)|(*)|(reg_atr_change_rate_ts_band25_75==1&reg_atr_change_rate_ts_top20==1&reg_atr_compression_ratio_ts_band30_70==1&reg_ema50_gt_ema200_raw==0),bd251017fad4,2,42,0,reg_atr_change_rate_ts_top20,regime,atr_change_rate,volatility,1
(*)|(*)|(reg_atr_change_rate_ts_band25_75==1&reg_atr_change_rate_ts_top20==1&reg_atr_compression_ratio_ts_band30_70==1&reg_ema50_gt_ema200_raw==0),bd251017fad4,2,42,30,reg_atr_change_rate_ts_band25_75,regime,atr_change_rate,volatility,1
(*)|(*)|(reg_atr_change_rate_ts_band25_75==1&reg_atr_change_rate_ts_top20==1&reg_atr_compression_ratio_ts_band30_70==1&reg_ema50_gt_ema200_raw==0),bd251017fad4,2,42,68,reg_atr_compression_ratio_ts_band30_70,regime,atr_compression_ratio,volatility_term_structure,1
(*)|(*)|(reg_atr_change_rate_ts_top80==0&reg_ema50_gt_ema200_raw==1),af4a375fe44b,2,42,398,reg_ema50_gt_ema200_raw,regime,ema50_gt_ema200,trend,1
(*)|(*)|(reg_atr_change_rate_ts_top80==0&reg_ema50_gt_ema200_raw==1),af4a375fe44b,2,42,24,reg_atr_change_rate_ts_top80,regime,atr_change_rate,volatility,0
(*)|(*)|(reg_atr_change_rate_ts_top80==1&reg_ema50_gt_ema200_raw==1),e6b150810f46,2,42,398,reg_ema50_gt_ema200_raw,regime,ema50_gt_ema200,trend,1
(*)|(*)|(reg_atr_change_rate_ts_top80==1&reg_ema50_gt_ema200_raw==1),e6b150810f46,2,42,24,reg_atr_change_rate_ts_top80,regime,atr_change_rate,volatility,1
(*)|(*)|(reg_atr_change_rate_ts_band20_80==0&reg_atr_change_rate_ts_top30==1&reg_ema20_gt_ema50_raw==0),e6597c497737,2,42,324,reg_ema20_gt_ema50_raw,regime,ema20_gt_ema50,trend,0
(*)|(*)|(reg_atr_change_rate_ts_band20_80==0&reg_atr_change_rate_ts_top30==1&reg_ema20_gt_ema50_raw==0),e6597c497737,2,42,28,reg_atr_change_rate_ts_band20_80,regime,atr_change_rate,volatility,0
(*)|(*)|(reg_atr_change_rate_ts_band20_80==0&reg_atr_change_rate_ts_top30==1&reg_ema20_gt_ema50_raw==0),e6597c497737,2,42,4,reg_atr_change_rate_ts_top30,regime,atr_change_rate,volatility,1
(*)|(*)|(reg_atr_change_rate_ts_band20_80==1&reg_atr_change_rate_ts_top50==0&reg_ema20_gt_ema50_raw==0),0cabde929793,2,42,324,reg_ema20_gt_ema50_raw,regime,ema20_gt_ema50,trend,0
(*)|(*)|(reg_atr_change_rate_ts_band20_80==1&reg_atr_change_rate_ts_top50==0&reg_ema20_gt_ema50_raw==0),0cabde929793,2,42,28,reg_atr_change_rate_ts_band20_80,regime,atr_change_rate,volatility,1
(*)|(*)|(reg_atr_change_rate_ts_band20_80==1&reg_atr_change_rate_ts_top50==0&reg_ema20_gt_ema50_raw==0),0cabde929793,2,42,12,reg_atr_change_rate_ts_top50,regime,atr_change_rate,volatility,0
(*)|(loc_dist_ema20_atr_ts_top60==0)|(reg_atr_change_rate_ts_band20_80==1&reg_atr_change_rate_ts_top50==1&reg_ema20_gt_ema50_raw==0),139214803338,2,42,324,reg_ema20_gt_ema50_raw,regime,ema20_gt_ema50,trend,0
(*)|(loc_dist_ema20_atr_ts_top60==0)|(reg_atr_change_rate_ts_band20_80==1&reg_atr_change_rate_ts_top50==1&reg_ema20_gt_ema50_raw==0),139214803338,2,42,28,reg_atr_change_rate_ts_band20_80,regime,atr_change_rate,volatility,1
(*)|(loc_dist_ema20_atr_ts_top60==0)|(reg_atr_change_rate_ts_band20_80==1&reg_atr_change_rate_ts_top50==1&reg_ema20_gt_ema50_raw==0),139214803338,2,42,12,reg_atr_change_rate_ts_top50,regime,atr_change_rate,volatility,1
(*)|(loc_dist_ema20_atr_ts_top60==0)|(reg_atr_change_rate_ts_band20_80==1&reg_atr_change_rate_ts_top50==1&reg_ema20_gt_ema50_raw==0),139214803338,2,42,17,loc_dist_ema20_atr_ts_top60,location,dist_ema20_atr,context,0
(*)|(loc_dist_ema20_atr_ts_top60==1)|(reg_atr_change_rate_ts_band20_80==1&reg_atr_change_rate_ts_top50==1&reg_atr_change_rate_ts_top70==0&reg_ema20_gt_ema50_raw==0),ea95853b7ea9,2,42,324,reg_ema20_gt_ema50_raw,regime,ema20_gt_ema50,trend,0
(*)|(loc_dist_ema20_atr_ts_top60==1)|(reg_atr_change_rate_ts_band20_80==1&reg_atr_change_rate_ts_top50==1&reg_atr_change_rate_ts_top70==0&reg_ema20_gt_ema50_raw==0),ea95853b7ea9,2,42,28,reg_atr_change_rate_ts_band20_80,regime,atr_change_rate,volatility,1
(*)|(loc_dist_ema20_atr_ts_top60==1)|(reg_atr_change_rate_ts_band20_80==1&reg_atr_change_rate_ts_top50==1&reg_atr_change_rate_ts_top70==0&reg_ema20_gt_ema50_raw==0),ea95853b7ea9,2,42,12,reg_atr_change_rate_ts_top50,regime,atr_change_rate,volatility,1
(*)|(loc_dist_ema20_atr_ts_top60==1)|(reg_atr_change_rate_ts_band20_80==1&reg_atr_change_rate_ts_top50==1&reg_atr_change_rate_ts_top70==0&reg_ema20_gt_ema50_raw==0),ea95853b7ea9,2,42,20,reg_atr_change_rate_ts_top70,regime,atr_change_rate,volatility,0
(*)|(loc_dist_ema20_atr_ts_top60==1)|(reg_atr_change_rate_ts_band20_80==1&reg_atr_change_rate_ts_top50==1&reg_atr_change_rate_ts_top70==0&reg_ema20_gt_ema50_raw==0),ea95853b7ea9,2,42,17,loc_dist_ema20_atr_ts_top60,location,dist_ema20_atr,context,1
(*)|(loc_dist_ema20_atr_ts_top60==1)|(reg_atr_change_rate_ts_band20_80==1&reg_atr_change_rate_ts_top50==1&reg_atr_change_rate_ts_top70==1&reg_ema20_gt_ema50_raw==0),ee080388aa9a,2,42,324,reg_ema20_gt_ema50_raw,regime,ema20_gt_ema50,trend,0
(*)|(loc_dist_ema20_atr_ts_top60==1)|(reg_atr_change_rate_ts_band20_80==1&reg_atr_change_rate_ts_top50==1&reg_atr_change_rate_ts_top70==1&reg_ema20_gt_ema50_raw==0),ee080388aa9a,2,42,28,reg_atr_change_rate_ts_band20_80,regime,atr_change_rate,volatility,1
(*)|(loc_dist_ema20_atr_ts_top60==1)|(reg_atr_change_rate_ts_band20_80==1&reg_atr_change_rate_ts_top50==1&reg_atr_change_rate_ts_top70==1&reg_ema20_gt_ema50_raw==0),ee080388aa9a,2,42,12,reg_atr_change_rate_ts_top50,regime,atr_change_rate,volatility,1
(*)|(loc_dist_ema20_atr_ts_top60==1)|(reg_atr_change_rate_ts_band20_80==1&reg_atr_change_rate_ts_top50==1&reg_atr_change_rate_ts_top70==1&reg_ema20_gt_ema50_raw==0),ee080388aa9a,2,42,20,reg_atr_change_rate_ts_top70,regime,atr_change_rate,volatility,1
(*)|(loc_dist_ema20_atr_ts_top60==1)|(reg_atr_change_rate_ts_band20_80==1&reg_atr_change_rate_ts_top50==1&reg_atr_change_rate_ts_top70==1&reg_ema20_gt_ema50_raw==0),ee080388aa9a,2,42,17,loc_dist_ema20_atr_ts_top60,location,dist_ema20_atr,context,1
(*)|(*)|(reg_atr_change_rate_ts_top80==0&reg_ema20_gt_ema50_raw==1),ad9764c00c61,2,42,324,reg_ema20_gt_ema50_raw,regime,ema20_gt_ema50,trend,1
(*)|(*)|(reg_atr_change_rate_ts_top80==0&reg_ema20_gt_ema50_raw==1),ad9764c00c61,2,42,24,reg_atr_change_rate_ts_top80,regime,atr_change_rate,volatility,0
(*)|(*)|(reg_atr_change_rate_ts_top80==1&reg_ema20_gt_ema50_raw==1),5577161001a5,2,42,324,reg_ema20_gt_ema50_raw,regime,ema20_gt_ema50,trend,1
(*)|(*)|(reg_atr_change_rate_ts_top80==1&reg_ema20_gt_ema50_raw==1),5577161001a5,2,42,24,reg_atr_change_rate_ts_top80,regime,atr_change_rate,volatility,1
(*)|(*)|(reg_atr_change_rate_ts_band20_80==1&reg_atr_change_rate_ts_band25_75==0&reg_atr_change_rate_ts_top40==0&reg_ema20_gt_ema50_raw==0),6678de5bf5b1,2,42,324,reg_ema20_gt_ema50_raw,regime,ema20_gt_ema50,trend,0
(*)|(*)|(reg_atr_change_rate_ts_band20_80==1&reg_atr_change_rate_ts_band25_75==0&reg_atr_change_rate_ts_top40==0&reg_ema20_gt_ema50_raw==0),6678de5bf5b1,2,42,8,reg_atr_change_rate_ts_top40,regime,atr_change_rate,volatility,0
(*)|(*)|(reg_atr_change_rate_ts_band20_80==1&reg_atr_change_rate_ts_band25_75==0&reg_atr_change_rate_ts_top40==0&reg_ema20_gt_ema50_raw==0),6678de5bf5b1,2,42,28,reg_atr_change_rate_ts_band20_80,regime,atr_change_rate,volatility,1
(*)|(*)|(reg_atr_change_rate_ts_band20_80==1&reg_atr_change_rate_ts_band25_75==0&reg_atr_change_rate_ts_top40==0&reg_ema20_gt_ema50_raw==0),6678de5bf5b1,2,42,30,reg_atr_change_rate_ts_band25_75,regime,atr_change_rate,volatility,0
(*)|(*)|(reg_atr_change_rate_ts_band20_80==1&reg_atr_change_rate_ts_band25_75==1&reg_atr_change_rate_ts_top40==0&reg_ema20_gt_ema50_raw==0),d9710967df91,2,42,324,reg_ema20_gt_ema50_raw,regime,ema20_gt_ema50,trend,0
(*)|(*)|(reg_atr_change_rate_ts_band20_80==1&reg_atr_change_rate_ts_band25_75==1&reg_atr_change_rate_ts_top40==0&reg_ema20_gt_ema50_raw==0),d9710967df91,2,42,8,reg_atr_change_rate_ts_top40,regime,atr_change_rate,volatility,0
(*)|(*)|(reg_atr_change_rate_ts_band20_80==1&reg_atr_change_rate_ts_band25_75==1&reg_atr_change_rate_ts_top40==0&reg_ema20_gt_ema50_raw==0),d9710967df91,2,42,28,reg_atr_change_rate_ts_band20_80,regime,atr_change_rate,volatility,1
(*)|(*)|(reg_atr_change_rate_ts_band20_80==1&reg_atr_change_rate_ts_band25_75==1&reg_atr_change_rate_ts_top40==0&reg_ema20_gt_ema50_raw==0),d9710967df91,2,42,30,reg_atr_change_rate_ts_band25_75,regime,atr_change_rate,volatility,1
(*)|(*)|(reg_atr_change_rate_ts_top40==1&reg_atr_change_rate_ts_top50==0&reg_atr_change_rate_ts_top70==0&reg_atr_change_rate_ts_top80==0&reg_ema20_gt_ema50_raw==0),3b802d9303f6,2,42,324,reg_ema20_gt_ema50_raw,regime,ema20_gt_ema50,trend,0
(*)|(*)|(reg_atr_change_rate_ts_top40==1&reg_atr_change_rate_ts_top50==0&reg_atr_change_rate_ts_top70==0&reg_atr_change_rate_ts_top80==0&reg_ema20_gt_ema50_raw==0),3b802d9303f6,2,42,8,reg_atr_change_rate_ts_top40,regime,atr_change_rate,volatility,1
(*)|(*)|(reg_atr_change_rate_ts_top40==1&reg_atr_change_rate_ts_top50==0&reg_atr_change_rate_ts_top70==0&reg_atr_change_rate_ts_top80==0&reg_ema20_gt_ema50_raw==0),3b802d9303f6,2,42,24,reg_atr_change_rate_ts_top80,regime,atr_change_rate,volatility,0
(*)|(*)|(reg_atr_change_rate_ts_top40==1&reg_atr_change_rate_ts_top50==0&reg_atr_change_rate_ts_top70==0&reg_atr_change_rate_ts_top80==0&reg_ema20_gt_ema50_raw==0),3b802d9303f6,2,42,20,reg_atr_change_rate_ts_top70,regime,atr_change_rate,volatility,0
(*)|(*)|(reg_atr_change_rate_ts_top40==1&reg_atr_change_rate_ts_top50==0&reg_atr_change_rate_ts_top70==0&reg_atr_change_rate_ts_top80==0&reg_ema20_gt_ema50_raw==0),3b802d9303f6,2,42,12,reg_atr_change_rate_ts_top50,regime,atr_change_rate,volatility,0
(*)|(*)|(reg_atr_change_rate_ts_top40==1&reg_atr_change_rate_ts_top50==1&reg_atr_change_rate_ts_top70==0&reg_atr_change_rate_ts_top80==0&reg_ema20_gt_ema50_raw==0),51f398605f6b,2,42,324,reg_ema20_gt_ema50_raw,regime,ema20_gt_ema50,trend,0
(*)|(*)|(reg_atr_change_rate_ts_top40==1&reg_atr_change_rate_ts_top50==1&reg_atr_change_rate_ts_top70==0&reg_atr_change_rate_ts_top80==0&reg_ema20_gt_ema50_raw==0),51f398605f6b,2,42,8,reg_atr_change_rate_ts_top40,regime,atr_change_rate,volatility,1
(*)|(*)|(reg_atr_change_rate_ts_top40==1&reg_atr_change_rate_ts_top50==1&reg_atr_change_rate_ts_top70==0&reg_atr_change_rate_ts_top80==0&reg_ema20_gt_ema50_raw==0),51f398605f6b,2,42,24,reg_atr_change_rate_ts_top80,regime,atr_change_rate,volatility,0
(*)|(*)|(reg_atr_change_rate_ts_top40==1&reg_atr_change_rate_ts_top50==1&reg_atr_change_rate_ts_top70==0&reg_atr_change_rate_ts_top80==0&reg_ema20_gt_ema50_raw==0),51f398605f6b,2,42,20,reg_atr_change_rate_ts_top70,regime,atr_change_rate,volatility,0
(*)|(*)|(reg_atr_change_rate_ts_top40==1&reg_atr_change_rate_ts_top50==1&reg_atr_change_rate_ts_top70==0&reg_atr_change_rate_ts_top80==0&reg_ema20_gt_ema50_raw==0),51f398605f6b,2,42,12,reg_atr_change_rate_ts_top50,regime,atr_change_rate,volatility,1
(*)|(*)|(reg_atr_change_rate_ts_top40==1&reg_atr_change_rate_ts_top70==1&reg_atr_change_rate_ts_top80==0&reg_ema20_gt_ema50_raw==0),0a45d57d9b71,2,42,324,reg_ema20_gt_ema50_raw,regime,ema20_gt_ema50,trend,0
(*)|(*)|(reg_atr_change_rate_ts_top40==1&reg_atr_change_rate_ts_top70==1&reg_atr_change_rate_ts_top80==0&reg_ema20_gt_ema50_raw==0),0a45d57d9b71,2,42,8,reg_atr_change_rate_ts_top40,regime,atr_change_rate,volatility,1
(*)|(*)|(reg_atr_change_rate_ts_top40==1&reg_atr_change_rate_ts_top70==1&reg_atr_change_rate_ts_top80==0&reg_ema20_gt_ema50_raw==0),0a45d57d9b71,2,42,24,reg_atr_change_rate_ts_top80,regime,atr_change_rate,volatility,0
(*)|(*)|(reg_atr_change_rate_ts_top40==1&reg_atr_change_rate_ts_top70==1&reg_atr_change_rate_ts_top80==0&reg_ema20_gt_ema50_raw==0),0a45d57d9b71,2,42,20,reg_atr_change_rate_ts_top70,regime,atr_change_rate,volatility,1
(*)|(*)|(reg_atr_change_rate_ts_top40==1&reg_atr_change_rate_ts_top80==1&reg_ema20_gt_ema50_raw==0),a6cd9db81642,2,42,324,reg_ema20_gt_ema50_raw,regime,ema20_gt_ema50,trend,0
(*)|(*)|(reg_atr_change_rate_ts_top40==1&reg_atr_change_rate_ts_top80==1&reg_ema20_gt_ema50_raw==0),a6cd9db81642,2,42,8,reg_atr_change_rate_ts_top40,regime,atr_change_rate,volatility,1
(*)|(*)|(reg_atr_change_rate_ts_top40==1&reg_atr_change_rate_ts_top80==1&reg_ema20_gt_ema50_raw==0),a6cd9db81642,2,42,24,reg_atr_change_rate_ts_top80,regime,atr_change_rate,volatility,1
(*)|(*)|(reg_atr_change_rate_ts_top80==0&reg_ema20_gt_ema50_raw==1),7ef440450d5b,2,42,324,reg_ema20_gt_ema50_raw,regime,ema20_gt_ema50,trend,1
(*)|(*)|(reg_atr_change_rate_ts_top80==0&reg_ema20_gt_ema50_raw==1),7ef440450d5b,2,42,24,reg_atr_change_rate_ts_top80,regime,atr_change_rate,volatility,0
(*)|(*)|(reg_atr_change_rate_ts_top80==1&reg_ema20_gt_ema50_raw==1),4d9bd3bd85d1,2,42,324,reg_ema20_gt_ema50_raw,regime,ema20_gt_ema50,trend,1
(*)|(*)|(reg_atr_change_rate_ts_top80==1&reg_ema20_gt_ema50_raw==1),4d9bd3bd85d1,2,42,24,reg_atr_change_rate_ts_top80,regime,atr_change_rate,volatility,1
(*)|(*)|(reg_atr_change_rate_ts_band20_80==0&reg_atr_change_rate_ts_top30==1&reg_ema20_gt_ema50_raw==0),c16ad36fccc4,2,42,324,reg_ema20_gt_ema50_raw,regime,ema20_gt_ema50,trend,0
(*)|(*)|(reg_atr_change_rate_ts_band20_80==0&reg_atr_change_rate_ts_top30==1&reg_ema20_gt_ema50_raw==0),c16ad36fccc4,2,42,28,reg_atr_change_rate_ts_band20_80,regime,atr_change_rate,volatility,0
(*)|(*)|(reg_atr_change_rate_ts_band20_80==0&reg_atr_change_rate_ts_top30==1&reg_ema20_gt_ema50_raw==0),c16ad36fccc4,2,42,4,reg_atr_change_rate_ts_top30,regime,atr_change_rate,volatility,1
(*)|(*)|(reg_atr_change_rate_ts_band20_80==1&reg_atr_change_rate_ts_band25_75==0&reg_atr_change_rate_ts_top30==0&reg_ema20_gt_ema50_raw==0),2bd405ea5ec0,2,42,324,reg_ema20_gt_ema50_raw,regime,ema20_gt_ema50,trend,0
(*)|(*)|(reg_atr_change_rate_ts_band20_80==1&reg_atr_change_rate_ts_band25_75==0&reg_atr_change_rate_ts_top30==0&reg_ema20_gt_ema50_raw==0),2bd405ea5ec0,2,42,28,reg_atr_change_rate_ts_band20_80,regime,atr_change_rate,volatility,1
(*)|(*)|(reg_atr_change_rate_ts_band20_80==1&reg_atr_change_rate_ts_band25_75==0&reg_atr_change_rate_ts_top30==0&reg_ema20_gt_ema50_raw==0),2bd405ea5ec0,2,42,30,reg_atr_change_rate_ts_band25_75,regime,atr_change_rate,volatility,0
(*)|(*)|(reg_atr_change_rate_ts_band20_80==1&reg_atr_change_rate_ts_band25_75==0&reg_atr_change_rate_ts_top30==0&reg_ema20_gt_ema50_raw==0),2bd405ea5ec0,2,42,4,reg_atr_change_rate_ts_top30,regime,atr_change_rate,volatility,0
(*)|(*)|(reg_atr_change_rate_ts_band20_80==1&reg_atr_change_rate_ts_band25_75==0&reg_atr_change_rate_ts_top30==1&reg_ema20_gt_ema50_raw==0),db51cfa2a6cb,2,42,324,reg_ema20_gt_ema50_raw,regime,ema20_gt_ema50,trend,0
(*)|(*)|(reg_atr_change_rate_ts_band20_80==1&reg_atr_change_rate_ts_band25_75==0&reg_atr_change_rate_ts_top30==1&reg_ema20_gt_ema50_raw==0),db51cfa2a6cb,2,42,28,reg_atr_change_rate_ts_band20_80,regime,atr_change_rate,volatility,1
(*)|(*)|(reg_atr_change_rate_ts_band20_80==1&reg_atr_change_rate_ts_band25_75==0&reg_atr_change_rate_ts_top30==1&reg_ema20_gt_ema50_raw==0),db51cfa2a6cb,2,42,30,reg_atr_change_rate_ts_band25_75,regime,atr_change_rate,volatility,0
(*)|(*)|(reg_atr_change_rate_ts_band20_80==1&reg_atr_change_rate_ts_band25_75==0&reg_atr_change_rate_ts_top30==1&reg_ema20_gt_ema50_raw==0),db51cfa2a6cb,2,42,4,reg_atr_change_rate_ts_top30,regime,atr_change_rate,volatility,1
(*)|(loc_dist_ema20_atr_ts_top70==0)|(reg_atr_change_rate_ts_band20_80==1&reg_atr_change_rate_ts_band25_75==1&reg_ema20_gt_ema50_raw==0),1b6d6f2397b4,2,42,324,reg_ema20_gt_ema50_raw,regime,ema20_gt_ema50,trend,0
(*)|(loc_dist_ema20_atr_ts_top70==0)|(reg_atr_change_rate_ts_band20_80==1&reg_atr_change_rate_ts_band25_75==1&reg_ema20_gt_ema50_raw==0),1b6d6f2397b4,2,42,28,reg_atr_change_rate_ts_band20_80,regime,atr_change_rate,volatility,1
(*)|(loc_dist_ema20_atr_ts_top70==0)|(reg_atr_change_rate_ts_band20_80==1&reg_atr_change_rate_ts_band25_75==1&reg_ema20_gt_ema50_raw==0),1b6d6f2397b4,2,42,30,reg_atr_change_rate_ts_band25_75,regime,atr_change_rate,volatility,1
(*)|(loc_dist_ema20_atr_ts_top70==0)|(reg_atr_change_rate_ts_band20_80==1&reg_atr_change_rate_ts_band25_75==1&reg_ema20_gt_ema50_raw==0),1b6d6f2397b4,2,42,21,loc_dist_ema20_atr_ts_top70,location,dist_ema20_atr,context,0
(*)|(loc_dist_ema20_atr_ts_top70==1)|(reg_atr_change_rate_ts_band20_80==1&reg_atr_change_rate_ts_band25_75==1&reg_ema20_gt_ema50_raw==0),da7b3cbfc43c,2,42,324,reg_ema20_gt_ema50_raw,regime,ema20_gt_ema50,trend,0
(*)|(loc_dist_ema20_atr_ts_top70==1)|(reg_atr_change_rate_ts_band20_80==1&reg_atr_change_rate_ts_band25_75==1&reg_ema20_gt_ema50_raw==0),da7b3cbfc43c,2,42,28,reg_atr_change_rate_ts_band20_80,regime,atr_change_rate,volatility,1
(*)|(loc_dist_ema20_atr_ts_top70==1)|(reg_atr_change_rate_ts_band20_80==1&reg_atr_change_rate_ts_band25_75==1&reg_ema20_gt_ema50_raw==0),da7b3cbfc43c,2,42,30,reg_atr_change_rate_ts_band25_75,regime,atr_change_rate,volatility,1
(*)|(loc_dist_ema20_atr_ts_top70==1)|(reg_atr_change_rate_ts_band20_80==1&reg_atr_change_rate_ts_band25_75==1&reg_ema20_gt_ema50_raw==0),da7b3cbfc43c,2,42,21,loc_dist_ema20_atr_ts_top70,location,dist_ema20_atr,context,1
(*)|(loc_dist_ema20_atr_ts_top80==0)|(reg_ema20_gt_ema50_raw==1),448bc1e2cf2a,2,42,324,reg_ema20_gt_ema50_raw,regime,ema20_gt_ema50,trend,1
(*)|(loc_dist_ema20_atr_ts_top80==0)|(reg_ema20_gt_ema50_raw==1),448bc1e2cf2a,2,42,25,loc_dist_ema20_atr_ts_top80,location,dist_ema20_atr,context,0
(*)|(loc_dist_ema20_atr_ts_top80==1)|(reg_ema20_gt_ema50_raw==1),d01260673f3f,2,42,324,reg_ema20_gt_ema50_raw,regime,ema20_gt_ema50,trend,1
(*)|(loc_dist_ema20_atr_ts_top80==1)|(reg_ema20_gt_ema50_raw==1),d01260673f3f,2,42,25,loc_dist_ema20_atr_ts_top80,location,dist_ema20_atr,context,1
(*)|(*)|(reg_atr_change_rate_ts_top20==1&reg_atr_change_rate_ts_top30==0&reg_atr_compression_ratio_ts_band25_75==0&reg_ema20_gt_ema50_raw==0),052840723a0d,2,42,324,reg_ema20_gt_ema50_raw,regime,ema20_gt_ema50,trend,0
(*)|(*)|(reg_atr_change_rate_ts_top20==1&reg_atr_change_rate_ts_top30==0&reg_atr_compression_ratio_ts_band25_75==0&reg_ema20_gt_ema50_raw==0),052840723a0d,2,42,0,reg_atr_change_rate_ts_top20,regime,atr_change_rate,volatility,1
(*)|(*)|(reg_atr_change_rate_ts_top20==1&reg_atr_change_rate_ts_top30==0&reg_atr_compression_ratio_ts_band25_75==0&reg_ema20_gt_ema50_raw==0),052840723a0d,2,42,4,reg_atr_change_rate_ts_top30,regime,atr_change_rate,volatility,0
(*)|(*)|(reg_atr_change_rate_ts_top20==1&reg_atr_change_rate_ts_top30==0&reg_atr_compression_ratio_ts_band25_75==0&reg_ema20_gt_ema50_raw==0),052840723a0d,2,42,66,reg_atr_compression_ratio_ts_band25_75,regime,atr_compression_ratio,volatility_term_structure,0
(*)|(*)|(reg_atr_change_rate_ts_top20==1&reg_atr_change_rate_ts_top30==0&reg_atr_compression_ratio_ts_band25_75==1&reg_ema20_gt_ema50_raw==0),d29f298a2ed9,2,42,324,reg_ema20_gt_ema50_raw,regime,ema20_gt_ema50,trend,0
(*)|(*)|(reg_atr_change_rate_ts_top20==1&reg_atr_change_rate_ts_top30==0&reg_atr_compression_ratio_ts_band25_75==1&reg_ema20_gt_ema50_raw==0),d29f298a2ed9,2,42,0,reg_atr_change_rate_ts_top20,regime,atr_change_rate,volatility,1
(*)|(*)|(reg_atr_change_rate_ts_top20==1&reg_atr_change_rate_ts_top30==0&reg_atr_compression_ratio_ts_band25_75==1&reg_ema20_gt_ema50_raw==0),d29f298a2ed9,2,42,4,reg_atr_change_rate_ts_top30,regime,atr_change_rate,volatility,0
(*)|(*)|(reg_atr_change_rate_ts_top20==1&reg_atr_change_rate_ts_top30==0&reg_atr_compression_ratio_ts_band25_75==1&reg_ema20_gt_ema50_raw==0),d29f298a2ed9,2,42,66,reg_atr_compression_ratio_ts_band25_75,regime,atr_compression_ratio,volatility_term_structure,1
(*)|(*)|(reg_atr_change_rate_ts_top20==1&reg_atr_change_rate_ts_top30==1&reg_atr_compression_ratio_ts_band25_75==0&reg_ema20_gt_ema50_raw==0),d74ed52886da,2,42,324,reg_ema20_gt_ema50_raw,regime,ema20_gt_ema50,trend,0
(*)|(*)|(reg_atr_change_rate_ts_top20==1&reg_atr_change_rate_ts_top30==1&reg_atr_compression_ratio_ts_band25_75==0&reg_ema20_gt_ema50_raw==0),d74ed52886da,2,42,0,reg_atr_change_rate_ts_top20,regime,atr_change_rate,volatility,1
(*)|(*)|(reg_atr_change_rate_ts_top20==1&reg_atr_change_rate_ts_top30==1&reg_atr_compression_ratio_ts_band25_75==0&reg_ema20_gt_ema50_raw==0),d74ed52886da,2,42,4,reg_atr_change_rate_ts_top30,regime,atr_change_rate,volatility,1
(*)|(*)|(reg_atr_change_rate_ts_top20==1&reg_atr_change_rate_ts_top30==1&reg_atr_compression_ratio_ts_band25_75==0&reg_ema20_gt_ema50_raw==0),d74ed52886da,2,42,66,reg_atr_compression_ratio_ts_band25_75,regime,atr_compression_ratio,volatility_term_structure,0
(*)|(*)|(reg_atr_change_rate_ts_top20==1&reg_atr_change_rate_ts_top30==1&reg_atr_compression_ratio_ts_band25_75==1&reg_ema20_gt_ema50_raw==0),b84e46543381,2,42,324,reg_ema20_gt_ema50_raw,regime,ema20_gt_ema50,trend,0
(*)|(*)|(reg_atr_change_rate_ts_top20==1&reg_atr_change_rate_ts_top30==1&reg_atr_compression_ratio_ts_band25_75==1&reg_ema20_gt_ema50_raw==0),b84e46543381,2,42,0,reg_atr_change_rate_ts_top20,regime,atr_change_rate,volatility,1
(*)|(*)|(reg_atr_change_rate_ts_top20==1&reg_atr_change_rate_ts_top30==1&reg_atr_compression_ratio_ts_band25_75==1&reg_ema20_gt_ema50_raw==0),b84e46543381,2,42,4,reg_atr_change_rate_ts_top30,regime,atr_change_rate,volatility,1
(*)|(*)|(reg_atr_change_rate_ts_top20==1&reg_atr_change_rate_ts_top30==1&reg_atr_compression_ratio_ts_band25_75==1&reg_ema20_gt_ema50_raw==0),b84e46543381,2,42,66,reg_atr_compression_ratio_ts_band25_75,regime,atr_compression_ratio,volatility_term_structure,1
(*)|(*)|(reg_atr_change_rate_ts_top80==0&reg_ema20_gt_ema50_raw==1),726548142f9b,2,42,324,reg_ema20_gt_ema50_raw,regime,ema20_gt_ema50,trend,1
(*)|(*)|(reg_atr_change_rate_ts_top80==0&reg_ema20_gt_ema50_raw==1),726548142f9b,2,42,24,reg_atr_change_rate_ts_top80,regime,atr_change_rate,volatility,0
(*)|(*)|(reg_atr_change_rate_ts_top80==1&reg_ema20_gt_ema50_raw==1),bba143761159,2,42,324,reg_ema20_gt_ema50_raw,regime,ema20_gt_ema50,trend,1
(*)|(*)|(reg_atr_change_rate_ts_top80==1&reg_ema20_gt_ema50_raw==1),bba143761159,2,42,24,reg_atr_change_rate_ts_top80,regime,atr_change_rate,volatility,1
(*)|(*)|(reg_atr_change_rate_ts_band20_80==0&reg_atr_change_rate_ts_top30==1&reg_ema20_gt_ema50_raw==0),06c106b84954,2,42,324,reg_ema20_gt_ema50_raw,regime,ema20_gt_ema50,trend,0
(*)|(*)|(reg_atr_change_rate_ts_band20_80==0&reg_atr_change_rate_ts_top30==1&reg_ema20_gt_ema50_raw==0),06c106b84954,2,42,28,reg_atr_change_rate_ts_band20_80,regime,atr_change_rate,volatility,0
(*)|(*)|(reg_atr_change_rate_ts_band20_80==0&reg_atr_change_rate_ts_top30==1&reg_ema20_gt_ema50_raw==0),06c106b84954,2,42,4,reg_atr_change_rate_ts_top30,regime,atr_change_rate,volatility,1
(*)|(*)|(reg_atr_change_rate_ts_band20_80==1&reg_atr_change_rate_ts_band25_75==0&reg_atr_change_rate_ts_top30==0&reg_ema20_gt_ema50_raw==0),ed0cab41f32c,2,42,324,reg_ema20_gt_ema50_raw,regime,ema20_gt_ema50,trend,0
(*)|(*)|(reg_atr_change_rate_ts_band20_80==1&reg_atr_change_rate_ts_band25_75==0&reg_atr_change_rate_ts_top30==0&reg_ema20_gt_ema50_raw==0),ed0cab41f32c,2,42,28,reg_atr_change_rate_ts_band20_80,regime,atr_change_rate,volatility,1
(*)|(*)|(reg_atr_change_rate_ts_band20_80==1&reg_atr_change_rate_ts_band25_75==0&reg_atr_change_rate_ts_top30==0&reg_ema20_gt_ema50_raw==0),ed0cab41f32c,2,42,30,reg_atr_change_rate_ts_band25_75,regime,atr_change_rate,volatility,0
(*)|(*)|(reg_atr_change_rate_ts_band20_80==1&reg_atr_change_rate_ts_band25_75==0&reg_atr_change_rate_ts_top30==0&reg_ema20_gt_ema50_raw==0),ed0cab41f32c,2,42,4,reg_atr_change_rate_ts_top30,regime,atr_change_rate,volatility,0
(*)|(*)|(reg_atr_change_rate_ts_band20_80==1&reg_atr_change_rate_ts_band25_75==0&reg_atr_change_rate_ts_top30==1&reg_ema20_gt_ema50_raw==0),378426f6119b,2,42,324,reg_ema20_gt_ema50_raw,regime,ema20_gt_ema50,trend,0
(*)|(*)|(reg_atr_change_rate_ts_band20_80==1&reg_atr_change_rate_ts_band25_75==0&reg_atr_change_rate_ts_top30==1&reg_ema20_gt_ema50_raw==0),378426f6119b,2,42,28,reg_atr_change_rate_ts_band20_80,regime,atr_change_rate,volatility,1
(*)|(*)|(reg_atr_change_rate_ts_band20_80==1&reg_atr_change_rate_ts_band25_75==0&reg_atr_change_rate_ts_top30==1&reg_ema20_gt_ema50_raw==0),378426f6119b,2,42,30,reg_atr_change_rate_ts_band25_75,regime,atr_change_rate,volatility,0
(*)|(*)|(reg_atr_change_rate_ts_band20_80==1&reg_atr_change_rate_ts_band25_75==0&reg_atr_change_rate_ts_top30==1&reg_ema20_gt_ema50_raw==0),378426f6119b,2,42,4,reg_atr_change_rate_ts_top30,regime,atr_change_rate,volatility,1
(*)|(*)|(reg_atr_change_rate_ts_band20_80==1&reg_atr_change_rate_ts_band25_75==1&reg_atr_change_rate_ts_top30==0&reg_ema20_gt_ema50_raw==0),85b0dd651f24,2,42,324,reg_ema20_gt_ema50_raw,regime,ema20_gt_ema50,trend,0
(*)|(*)|(reg_atr_change_rate_ts_band20_80==1&reg_atr_change_rate_ts_band25_75==1&reg_atr_change_rate_ts_top30==0&reg_ema20_gt_ema50_raw==0),85b0dd651f24,2,42,28,reg_atr_change_rate_ts_band20_80,regime,atr_change_rate,volatility,1
(*)|(*)|(reg_atr_change_rate_ts_band20_80==1&reg_atr_change_rate_ts_band25_75==1&reg_atr_change_rate_ts_top30==0&reg_ema20_gt_ema50_raw==0),85b0dd651f24,2,42,30,reg_atr_change_rate_ts_band25_75,regime,atr_change_rate,volatility,1
(*)|(*)|(reg_atr_change_rate_ts_band20_80==1&reg_atr_change_rate_ts_band25_75==1&reg_atr_change_rate_ts_top30==0&reg_ema20_gt_ema50_raw==0),85b0dd651f24,2,42,4,reg_atr_change_rate_ts_top30,regime,atr_change_rate,volatility,0
(*)|(loc_dist_ema20_atr_ts_bot60==0)|(reg_atr_change_rate_ts_band20_80==1&reg_atr_change_rate_ts_band25_75==1&reg_atr_change_rate_ts_top30==1&reg_ema20_gt_ema50_raw==0),0e385c11c548,2,42,324,reg_ema20_gt_ema50_raw,regime,ema20_gt_ema50,trend,0
(*)|(loc_dist_ema20_atr_ts_bot60==0)|(reg_atr_change_rate_ts_band20_80==1&reg_atr_change_rate_ts_band25_75==1&reg_atr_change_rate_ts_top30==1&reg_ema20_gt_ema50_raw==0),0e385c11c548,2,42,28,reg_atr_change_rate_ts_band20_80,regime,atr_change_rate,volatility,1
(*)|(loc_dist_ema20_atr_ts_bot60==0)|(reg_atr_change_rate_ts_band20_80==1&reg_atr_change_rate_ts_band25_75==1&reg_atr_change_rate_ts_top30==1&reg_ema20_gt_ema50_raw==0),0e385c11c548,2,42,30,reg_atr_change_rate_ts_band25_75,regime,atr_change_rate,volatility,1
(*)|(loc_dist_ema20_atr_ts_bot60==0)|(reg_atr_change_rate_ts_band20_80==1&reg_atr_change_rate_ts_band25_75==1&reg_atr_change_rate_ts_top30==1&reg_ema20_gt_ema50_raw==0),0e385c11c548,2,42,4,reg_atr_change_rate_ts_top30,regime,atr_change_rate,volatility,1
(*)|(loc_dist_ema20_atr_ts_bot60==0)|(reg_atr_change_rate_ts_band20_80==1&reg_atr_change_rate_ts_band25_75==1&reg_atr_change_rate_ts_top30==1&reg_ema20_gt_ema50_raw==0),0e385c11c548,2,42,19,loc_dist_ema20_atr_ts_bot60,location,dist_ema20_atr,context,0
(*)|(loc_dist_ema20_atr_ts_bot60==1)|(reg_atr_change_rate_ts_band20_80==1&reg_atr_change_rate_ts_band25_75==1&reg_atr_change_rate_ts_top30==1&reg_ema20_gt_ema50_raw==0),65a3b189beae,2,42,324,reg_ema20_gt_ema50_raw,regime,ema20_gt_ema50,trend,0
(*)|(loc_dist_ema20_atr_ts_bot60==1)|(reg_atr_change_rate_ts_band20_80==1&reg_atr_change_rate_ts_band25_75==1&reg_atr_change_rate_ts_top30==1&reg_ema20_gt_ema50_raw==0),65a3b189beae,2,42,28,reg_atr_change_rate_ts_band20_80,regime,atr_change_rate,volatility,1
(*)|(loc_dist_ema20_atr_ts_bot60==1)|(reg_atr_change_rate_ts_band20_80==1&reg_atr_change_rate_ts_band25_75==1&reg_atr_change_rate_ts_top30==1&reg_ema20_gt_ema50_raw==0),65a3b189beae,2,42,30,reg_atr_change_rate_ts_band25_75,regime,atr_change_rate,volatility,1
(*)|(loc_dist_ema20_atr_ts_bot60==1)|(reg_atr_change_rate_ts_band20_80==1&reg_atr_change_rate_ts_band25_75==1&reg_atr_change_rate_ts_top30==1&reg_ema20_gt_ema50_raw==0),65a3b189beae,2,42,4,reg_atr_change_rate_ts_top30,regime,atr_change_rate,volatility,1
(*)|(loc_dist_ema20_atr_ts_bot60==1)|(reg_atr_change_rate_ts_band20_80==1&reg_atr_change_rate_ts_band25_75==1&reg_atr_change_rate_ts_top30==1&reg_ema20_gt_ema50_raw==0),65a3b189beae,2,42,19,loc_dist_ema20_atr_ts_bot60,location,dist_ema20_atr,context,1
(*)|(*)|(reg_atr_change_rate_ts_top80==0&reg_ema20_gt_ema50_raw==1),03725a1ad245,2,42,324,reg_ema20_gt_ema50_raw,regime,ema20_gt_ema50,trend,1
(*)|(*)|(reg_atr_change_rate_ts_top80==0&reg_ema20_gt_ema50_raw==1),03725a1ad245,2,42,24,reg_atr_change_rate_ts_top80,regime,atr_change_rate,volatility,0
(*)|(*)|(reg_atr_change_rate_ts_top80==1&reg_ema20_gt_ema50_raw==1),90345c6c152f,2,42,324,reg_ema20_gt_ema50_raw,regime,ema20_gt_ema50,trend,1
(*)|(*)|(reg_atr_change_rate_ts_top80==1&reg_ema20_gt_ema50_raw==1),90345c6c152f,2,42,24,reg_atr_change_rate_ts_top80,regime,atr_change_rate,volatility,1
(*)|(loc_dist_ema20_atr_ts_top20==1)|(reg_atr_change_rate_ts_band25_75==0&reg_atr_change_rate_ts_top30==0&reg_ema20_gt_ema50_raw==0),8feeb6e1e95a,2,42,324,reg_ema20_gt_ema50_raw,regime,ema20_gt_ema50,trend,0
(*)|(loc_dist_ema20_atr_ts_top20==1)|(reg_atr_change_rate_ts_band25_75==0&reg_atr_change_rate_ts_top30==0&reg_ema20_gt_ema50_raw==0),8feeb6e1e95a,2,42,30,reg_atr_change_rate_ts_band25_75,regime,atr_change_rate,volatility,0
(*)|(loc_dist_ema20_atr_ts_top20==1)|(reg_atr_change_rate_ts_band25_75==0&reg_atr_change_rate_ts_top30==0&reg_ema20_gt_ema50_raw==0),8feeb6e1e95a,2,42,4,reg_atr_change_rate_ts_top30,regime,atr_change_rate,volatility,0
(*)|(loc_dist_ema20_atr_ts_top20==1)|(reg_atr_change_rate_ts_band25_75==0&reg_atr_change_rate_ts_top30==0&reg_ema20_gt_ema50_raw==0),8feeb6e1e95a,2,42,1,loc_dist_ema20_atr_ts_top20,location,dist_ema20_atr,context,1
(*)|(loc_dist_ema20_atr_ts_top20==1)|(reg_atr_change_rate_ts_band25_75==0&reg_atr_change_rate_ts_top30==1&reg_ema20_gt_ema50_raw==0),552217c5da34,2,42,324,reg_ema20_gt_ema50_raw,regime,ema20_gt_ema50,trend,0
(*)|(loc_dist_ema20_atr_ts_top20==1)|(reg_atr_change_rate_ts_band25_75==0&reg_atr_change_rate_ts_top30==1&reg_ema20_gt_ema50_raw==0),552217c5da34,2,42,30,reg_atr_change_rate_ts_band25_75,regime,atr_change_rate,volatility,0
(*)|(loc_dist_ema20_atr_ts_top20==1)|(reg_atr_change_rate_ts_band25_75==0&reg_atr_change_rate_ts_top30==1&reg_ema20_gt_ema50_raw==0),552217c5da34,2,42,4,reg_atr_change_rate_ts_top30,regime,atr_change_rate,volatility,1
(*)|(loc_dist_ema20_atr_ts_top20==1)|(reg_atr_change_rate_ts_band25_75==0&reg_atr_change_rate_ts_top30==1&reg_ema20_gt_ema50_raw==0),552217c5da34,2,42,1,loc_dist_ema20_atr_ts_top20,location,dist_ema20_atr,context,1
(*)|(loc_dist_ema20_atr_ts_band30_70==0&loc_dist_ema20_atr_ts_top20==1)|(reg_atr_change_rate_ts_band25_75==1&reg_atr_change_rate_ts_top60==0&reg_ema20_gt_ema50_raw==0),96b61e6cec78,2,42,324,reg_ema20_gt_ema50_raw,regime,ema20_gt_ema50,trend,0
(*)|(loc_dist_ema20_atr_ts_band30_70==0&loc_dist_ema20_atr_ts_top20==1)|(reg_atr_change_rate_ts_band25_75==1&reg_atr_change_rate_ts_top60==0&reg_ema20_gt_ema50_raw==0),96b61e6cec78,2,42,30,reg_atr_change_rate_ts_band25_75,regime,atr_change_rate,volatility,1
(*)|(loc_dist_ema20_atr_ts_band30_70==0&loc_dist_ema20_atr_ts_top20==1)|(reg_atr_change_rate_ts_band25_75==1&reg_atr_change_rate_ts_top60==0&reg_ema20_gt_ema50_raw==0),96b61e6cec78,2,42,16,reg_atr_change_rate_ts_top60,regime,atr_change_rate,volatility,0
(*)|(loc_dist_ema20_atr_ts_band30_70==0&loc_dist_ema20_atr_ts_top20==1)|(reg_atr_change_rate_ts_band25_75==1&reg_atr_change_rate_ts_top60==0&reg_ema20_gt_ema50_raw==0),96b61e6cec78,2,42,1,loc_dist_ema20_atr_ts_top20,location,dist_ema20_atr,context,1
(*)|(loc_dist_ema20_atr_ts_band30_70==0&loc_dist_ema20_atr_ts_top20==1)|(reg_atr_change_rate_ts_band25_75==1&reg_atr_change_rate_ts_top60==0&reg_ema20_gt_ema50_raw==0),96b61e6cec78,2,42,33,loc_dist_ema20_atr_ts_band30_70,location,dist_ema20_atr,context,0
(*)|(loc_dist_ema20_atr_ts_band30_70==0&loc_dist_ema20_atr_ts_top20==1)|(reg_atr_change_rate_ts_band25_75==1&reg_atr_change_rate_ts_top60==1&reg_ema20_gt_ema50_raw==0),25e23bcd42f5,2,42,324,reg_ema20_gt_ema50_raw,regime,ema20_gt_ema50,trend,0
(*)|(loc_dist_ema20_atr_ts_band30_70==0&loc_dist_ema20_atr_ts_top20==1)|(reg_atr_change_rate_ts_band25_75==1&reg_atr_change_rate_ts_top60==1&reg_ema20_gt_ema50_raw==0),25e23bcd42f5,2,42,30,reg_atr_change_rate_ts_band25_75,regime,atr_change_rate,volatility,1
(*)|(loc_dist_ema20_atr_ts_band30_70==0&loc_dist_ema20_atr_ts_top20==1)|(reg_atr_change_rate_ts_band25_75==1&reg_atr_change_rate_ts_top60==1&reg_ema20_gt_ema50_raw==0),25e23bcd42f5,2,42,16,reg_atr_change_rate_ts_top60,regime,atr_change_rate,volatility,1
(*)|(loc_dist_ema20_atr_ts_band30_70==0&loc_dist_ema20_atr_ts_top20==1)|(reg_atr_change_rate_ts_band25_75==1&reg_atr_change_rate_ts_top60==1&reg_ema20_gt_ema50_raw==0),25e23bcd42f5,2,42,1,loc_dist_ema20_atr_ts_top20,location,dist_ema20_atr,context,1
(*)|(loc_dist_ema20_atr_ts_band30_70==0&loc_dist_ema20_atr_ts_top20==1)|(reg_atr_change_rate_ts_band25_75==1&reg_atr_change_rate_ts_top60==1&reg_ema20_gt_ema50_raw==0),25e23bcd42f5,2,42,33,loc_dist_ema20_atr_ts_band30_70,location,dist_ema20_atr,context,0
(*)|(loc_dist_ema20_atr_ts_band30_70==1&loc_dist_ema20_atr_ts_top20==1)|(reg_atr_change_rate_ts_band25_75==1&reg_atr_change_rate_ts_top60==0&reg_ema20_gt_ema50_raw==0),fa5e219f12fa,2,42,324,reg_ema20_gt_ema50_raw,regime,ema20_gt_ema50,trend,0
(*)|(loc_dist_ema20_atr_ts_band30_70==1&loc_dist_ema20_atr_ts_top20==1)|(reg_atr_change_rate_ts_band25_75==1&reg_atr_change_rate_ts_top60==0&reg_ema20_gt_ema50_raw==0),fa5e219f12fa,2,42,30,reg_atr_change_rate_ts_band25_75,regime,atr_change_rate,volatility,1
(*)|(loc_dist_ema20_atr_ts_band30_70==1&loc_dist_ema20_atr_ts_top20==1)|(reg_atr_change_rate_ts_band25_75==1&reg_atr_change_rate_ts_top60==0&reg_ema20_gt_ema50_raw==0),fa5e219f12fa,2,42,16,reg_atr_change_rate_ts_top60,regime,atr_change_rate,volatility,0
(*)|(loc_dist_ema20_atr_ts_band30_70==1&loc_dist_ema20_atr_ts_top20==1)|(reg_atr_change_rate_ts_band25_75==1&reg_atr_change_rate_ts_top60==0&reg_ema20_gt_ema50_raw==0),fa5e219f12fa,2,42,1,loc_dist_ema20_atr_ts_top20,location,dist_ema20_atr,context,1
(*)|(loc_dist_ema20_atr_ts_band30_70==1&loc_dist_ema20_atr_ts_top20==1)|(reg_atr_change_rate_ts_band25_75==1&reg_atr_change_rate_ts_top60==0&reg_ema20_gt_ema50_raw==0),fa5e219f12fa,2,42,33,loc_dist_ema20_atr_ts_band30_70,location,dist_ema20_atr,context,1
(*)|(loc_dist_ema20_atr_ts_band30_70==1&loc_dist_ema20_atr_ts_top20==1)|(reg_atr_change_rate_ts_band25_75==1&reg_atr_change_rate_ts_top60==1&reg_ema20_gt_ema50_raw==0),88798f4a2635,2,42,324,reg_ema20_gt_ema50_raw,regime,ema20_gt_ema50,trend,0
(*)|(loc_dist_ema20_atr_ts_band30_70==1&loc_dist_ema20_atr_ts_top20==1)|(reg_atr_change_rate_ts_band25_75==1&reg_atr_change_rate_ts_top60==1&reg_ema20_gt_ema50_raw==0),88798f4a2635,2,42,30,reg_atr_change_rate_ts_band25_75,regime,atr_change_rate,volatility,1
(*)|(loc_dist_ema20_atr_ts_band30_70==1&loc_dist_ema20_atr_ts_top20==1)|(reg_atr_change_rate_ts_band25_75==1&reg_atr_change_rate_ts_top60==1&reg_ema20_gt_ema50_raw==0),88798f4a2635,2,42,16,reg_atr_change_rate_ts_top60,regime,atr_change_rate,volatility,1
(*)|(loc_dist_ema20_atr_ts_band30_70==1&loc_dist_ema20_atr_ts_top20==1)|(reg_atr_change_rate_ts_band25_75==1&reg_atr_change_rate_ts_top60==1&reg_ema20_gt_ema50_raw==0),88798f4a2635,2,42,1,loc_dist_ema20_atr_ts_top20,location,dist_ema20_atr,context,1
(*)|(loc_dist_ema20_atr_ts_band30_70==1&loc_dist_ema20_atr_ts_top20==1)|(reg_atr_change_rate_ts_band25_75==1&reg_atr_change_rate_ts_top60==1&reg_ema20_gt_ema50_raw==0),88798f4a2635,2,42,33,loc_dist_ema20_atr_ts_band30_70,location,dist_ema20_atr,context,1
(*)|(*)|(reg_atr_change_rate_ts_top80==0&reg_ema20_gt_ema50_raw==1),9d0fc9b0a40d,2,42,324,reg_ema20_gt_ema50_raw,regime,ema20_gt_ema50,trend,1
(*)|(*)|(reg_atr_change_rate_ts_top80==0&reg_ema20_gt_ema50_raw==1),9d0fc9b0a40d,2,42,24,reg_atr_change_rate_ts_top80,regime,atr_change_rate,volatility,0
(*)|(*)|(reg_atr_change_rate_ts_top80==1&reg_ema20_gt_ema50_raw==1),bae5d162284b,2,42,324,reg_ema20_gt_ema50_raw,regime,ema20_gt_ema50,trend,1
(*)|(*)|(reg_atr_change_rate_ts_top80==1&reg_ema20_gt_ema50_raw==1),bae5d162284b,2,42,24,reg_atr_change_rate_ts_top80,regime,atr_change_rate,volatility,1
(*)|(*)|(reg_atr_change_rate_ts_top20==1&reg_atr_change_rate_ts_top30==0&reg_atr_change_rate_ts_top50==0&reg_atr_change_rate_ts_top80==0&reg_ema50_gt_ema200_raw==0),26b3237874dd,2,42,398,reg_ema50_gt_ema200_raw,regime,ema50_gt_ema200,trend,0
(*)|(*)|(reg_atr_change_rate_ts_top20==1&reg_atr_change_rate_ts_top30==0&reg_atr_change_rate_ts_top50==0&reg_atr_change_rate_ts_top80==0&reg_ema50_gt_ema200_raw==0),26b3237874dd,2,42,0,reg_atr_change_rate_ts_top20,regime,atr_change_rate,volatility,1
(*)|(*)|(reg_atr_change_rate_ts_top20==1&reg_atr_change_rate_ts_top30==0&reg_atr_change_rate_ts_top50==0&reg_atr_change_rate_ts_top80==0&reg_ema50_gt_ema200_raw==0),26b3237874dd,2,42,24,reg_atr_change_rate_ts_top80,regime,atr_change_rate,volatility,0
(*)|(*)|(reg_atr_change_rate_ts_top20==1&reg_atr_change_rate_ts_top30==0&reg_atr_change_rate_ts_top50==0&reg_atr_change_rate_ts_top80==0&reg_ema50_gt_ema200_raw==0),26b3237874dd,2,42,12,reg_atr_change_rate_ts_top50,regime,atr_change_rate,volatility,0
(*)|(*)|(reg_atr_change_rate_ts_top20==1&reg_atr_change_rate_ts_top30==0&reg_atr_change_rate_ts_top50==0&reg_atr_change_rate_ts_top80==0&reg_ema50_gt_ema200_raw==0),26b3237874dd,2,42,4,reg_atr_change_rate_ts_top30,regime,atr_change_rate,volatility,0
(*)|(*)|(reg_atr_change_rate_ts_band40_60==0&reg_atr_change_rate_ts_top20==1&reg_atr_change_rate_ts_top30==1&reg_atr_change_rate_ts_top50==0&reg_atr_change_rate_ts_top80==0&reg_ema50_gt_ema200_raw==0),d0b6918d2908,2,42,398,reg_ema50_gt_ema200_raw,regime,ema50_gt_ema200,trend,0
(*)|(*)|(reg_atr_change_rate_ts_band40_60==0&reg_atr_change_rate_ts_top20==1&reg_atr_change_rate_ts_top30==1&reg_atr_change_rate_ts_top50==0&reg_atr_change_rate_ts_top80==0&reg_ema50_gt_ema200_raw==0),d0b6918d2908,2,42,0,reg_atr_change_rate_ts_top20,regime,atr_change_rate,volatility,1
(*)|(*)|(reg_atr_change_rate_ts_band40_60==0&reg_atr_change_rate_ts_top20==1&reg_atr_change_rate_ts_top30==1&reg_atr_change_rate_ts_top50==0&reg_atr_change_rate_ts_top80==0&reg_ema50_gt_ema200_raw==0),d0b6918d2908,2,42,24,reg_atr_change_rate_ts_top80,regime,atr_change_rate,volatility,0
(*)|(*)|(reg_atr_change_rate_ts_band40_60==0&reg_atr_change_rate_ts_top20==1&reg_atr_change_rate_ts_top30==1&reg_atr_change_rate_ts_top50==0&reg_atr_change_rate_ts_top80==0&reg_ema50_gt_ema200_raw==0),d0b6918d2908,2,42,12,reg_atr_change_rate_ts_top50,regime,atr_change_rate,volatility,0
(*)|(*)|(reg_atr_change_rate_ts_band40_60==0&reg_atr_change_rate_ts_top20==1&reg_atr_change_rate_ts_top30==1&reg_atr_change_rate_ts_top50==0&reg_atr_change_rate_ts_top80==0&reg_ema50_gt_ema200_raw==0),d0b6918d2908,2,42,4,reg_atr_change_rate_ts_top30,regime,atr_change_rate,volatility,1
(*)|(*)|(reg_atr_change_rate_ts_band40_60==0&reg_atr_change_rate_ts_top20==1&reg_atr_change_rate_ts_top30==1&reg_atr_change_rate_ts_top50==0&reg_atr_change_rate_ts_top80==0&reg_ema50_gt_ema200_raw==0),d0b6918d2908,2,42,34,reg_atr_change_rate_ts_band40_60,regime,atr_change_rate,volatility,0
(*)|(*)|(reg_atr_change_rate_ts_band40_60==1&reg_atr_change_rate_ts_top20==1&reg_atr_change_rate_ts_top30==1&reg_atr_change_rate_ts_top50==0&reg_atr_change_rate_ts_top80==0&reg_ema50_gt_ema200_raw==0),d493122c4d2c,2,42,398,reg_ema50_gt_ema200_raw,regime,ema50_gt_ema200,trend,0
(*)|(*)|(reg_atr_change_rate_ts_band40_60==1&reg_atr_change_rate_ts_top20==1&reg_atr_change_rate_ts_top30==1&reg_atr_change_rate_ts_top50==0&reg_atr_change_rate_ts_top80==0&reg_ema50_gt_ema200_raw==0),d493122c4d2c,2,42,0,reg_atr_change_rate_ts_top20,regime,atr_change_rate,volatility,1
(*)|(*)|(reg_atr_change_rate_ts_band40_60==1&reg_atr_change_rate_ts_top20==1&reg_atr_change_rate_ts_top30==1&reg_atr_change_rate_ts_top50==0&reg_atr_change_rate_ts_top80==0&reg_ema50_gt_ema200_raw==0),d493122c4d2c,2,42,24,reg_atr_change_rate_ts_top80,regime,atr_change_rate,volatility,0
(*)|(*)|(reg_atr_change_rate_ts_band40_60==1&reg_atr_change_rate_ts_top20==1&reg_atr_change_rate_ts_top30==1&reg_atr_change_rate_ts_top50==0&reg_atr_change_rate_ts_top80==0&reg_ema50_gt_ema200_raw==0),d493122c4d2c,2,42,12,reg_atr_change_rate_ts_top50,regime,atr_change_rate,volatility,0
(*)|(*)|(reg_atr_change_rate_ts_band40_60==1&reg_atr_change_rate_ts_top20==1&reg_atr_change_rate_ts_top30==1&reg_atr_change_rate_ts_top50==0&reg_atr_change_rate_ts_top80==0&reg_ema50_gt_ema200_raw==0),d493122c4d2c,2,42,4,reg_atr_change_rate_ts_top30,regime,atr_change_rate,volatility,1
(*)|(*)|(reg_atr_change_rate_ts_band40_60==1&reg_atr_change_rate_ts_top20==1&reg_atr_change_rate_ts_top30==1&reg_atr_change_rate_ts_top50==0&reg_atr_change_rate_ts_top80==0&reg_ema50_gt_ema200_raw==0),d493122c4d2c,2,42,34,reg_atr_change_rate_ts_band40_60,regime,atr_change_rate,volatility,1
(*)|(*)|(reg_atr_change_rate_ts_top20==1&reg_atr_change_rate_ts_top50==1&reg_atr_change_rate_ts_top80==0&reg_ema50_gt_ema200_raw==0),8d1ba6481d1f,2,42,398,reg_ema50_gt_ema200_raw,regime,ema50_gt_ema200,trend,0
(*)|(*)|(reg_atr_change_rate_ts_top20==1&reg_atr_change_rate_ts_top50==1&reg_atr_change_rate_ts_top80==0&reg_ema50_gt_ema200_raw==0),8d1ba6481d1f,2,42,0,reg_atr_change_rate_ts_top20,regime,atr_change_rate,volatility,1
(*)|(*)|(reg_atr_change_rate_ts_top20==1&reg_atr_change_rate_ts_top50==1&reg_atr_change_rate_ts_top80==0&reg_ema50_gt_ema200_raw==0),8d1ba6481d1f,2,42,24,reg_atr_change_rate_ts_top80,regime,atr_change_rate,volatility,0
(*)|(*)|(reg_atr_change_rate_ts_top20==1&reg_atr_change_rate_ts_top50==1&reg_atr_change_rate_ts_top80==0&reg_ema50_gt_ema200_raw==0),8d1ba6481d1f,2,42,12,reg_atr_change_rate_ts_top50,regime,atr_change_rate,volatility,1
(*)|(*)|(reg_atr_change_rate_ts_top20==1&reg_atr_change_rate_ts_top80==1&reg_ema50_gt_ema200_raw==0),3444e7bc7770,2,42,398,reg_ema50_gt_ema200_raw,regime,ema50_gt_ema200,trend,0
(*)|(*)|(reg_atr_change_rate_ts_top20==1&reg_atr_change_rate_ts_top80==1&reg_ema50_gt_ema200_raw==0),3444e7bc7770,2,42,0,reg_atr_change_rate_ts_top20,regime,atr_change_rate,volatility,1
(*)|(*)|(reg_atr_change_rate_ts_top20==1&reg_atr_change_rate_ts_top80==1&reg_ema50_gt_ema200_raw==0),3444e7bc7770,2,42,24,reg_atr_change_rate_ts_top80,regime,atr_change_rate,volatility,1
(*)|(*)|(reg_atr_change_rate_ts_top80==0&reg_ema50_gt_ema200_raw==1),6fe53380fd49,2,42,398,reg_ema50_gt_ema200_raw,regime,ema50_gt_ema200,trend,1
(*)|(*)|(reg_atr_change_rate_ts_top80==0&reg_ema50_gt_ema200_raw==1),6fe53380fd49,2,42,24,reg_atr_change_rate_ts_top80,regime,atr_change_rate,volatility,0
(*)|(*)|(reg_atr_change_rate_ts_top80==1&reg_ema50_gt_ema200_raw==1),3c4c651cef53,2,42,398,reg_ema50_gt_ema200_raw,regime,ema50_gt_ema200,trend,1
(*)|(*)|(reg_atr_change_rate_ts_top80==1&reg_ema50_gt_ema200_raw==1),3c4c651cef53,2,42,24,reg_atr_change_rate_ts_top80,regime,atr_change_rate,volatility,1
(*)|(loc_dist_ema20_atr_ts_band40_60==0&loc_dist_ema20_atr_ts_top80==0)|(reg_atr_change_rate_ts_band20_80==1&reg_atr_change_rate_ts_band25_75==0&reg_ema20_gt_ema50_raw==0),d351247bf0d3,2,42,324,reg_ema20_gt_ema50_raw,regime,ema20_gt_ema50,trend,0
(*)|(loc_dist_ema20_atr_ts_band40_60==0&loc_dist_ema20_atr_ts_top80==0)|(reg_atr_change_rate_ts_band20_80==1&reg_atr_change_rate_ts_band25_75==0&reg_ema20_gt_ema50_raw==0),d351247bf0d3,2,42,28,reg_atr_change_rate_ts_band20_80,regime,atr_change_rate,volatility,1
(*)|(loc_dist_ema20_atr_ts_band40_60==0&loc_dist_ema20_atr_ts_top80==0)|(reg_atr_change_rate_ts_band20_80==1&reg_atr_change_rate_ts_band25_75==0&reg_ema20_gt_ema50_raw==0),d351247bf0d3,2,42,30,reg_atr_change_rate_ts_band25_75,regime,atr_change_rate,volatility,0
(*)|(loc_dist_ema20_atr_ts_band40_60==0&loc_dist_ema20_atr_ts_top80==0)|(reg_atr_change_rate_ts_band20_80==1&reg_atr_change_rate_ts_band25_75==0&reg_ema20_gt_ema50_raw==0),d351247bf0d3,2,42,35,loc_dist_ema20_atr_ts_band40_60,location,dist_ema20_atr,context,0
(*)|(loc_dist_ema20_atr_ts_band40_60==0&loc_dist_ema20_atr_ts_top80==0)|(reg_atr_change_rate_ts_band20_80==1&reg_atr_change_rate_ts_band25_75==0&reg_ema20_gt_ema50_raw==0),d351247bf0d3,2,42,25,loc_dist_ema20_atr_ts_top80,location,dist_ema20_atr,context,0
(*)|(loc_dist_ema20_atr_ts_band40_60==0&loc_dist_ema20_atr_ts_top80==0)|(reg_atr_change_rate_ts_band20_80==1&reg_atr_change_rate_ts_band25_75==1&reg_ema20_gt_ema50_raw==0),04b009a3605e,2,42,324,reg_ema20_gt_ema50_raw,regime,ema20_gt_ema50,trend,0
(*)|(loc_dist_ema20_atr_ts_band40_60==0&loc_dist_ema20_atr_ts_top80==0)|(reg_atr_change_rate_ts_band20_80==1&reg_atr_change_rate_ts_band25_75==1&reg_ema20_gt_ema50_raw==0),04b009a3605e,2,42,28,reg_atr_change_rate_ts_band20_80,regime,atr_change_rate,volatility,1
(*)|(loc_dist_ema20_atr_ts_band40_60==0&loc_dist_ema20_atr_ts_top80==0)|(reg_atr_change_rate_ts_band20_80==1&reg_atr_change_rate_ts_band25_75==1&reg_ema20_gt_ema50_raw==0),04b009a3605e,2,42,30,reg_atr_change_rate_ts_band25_75,regime,atr_change_rate,volatility,1
(*)|(loc_dist_ema20_atr_ts_band40_60==0&loc_dist_ema20_atr_ts_top80==0)|(reg_atr_change_rate_ts_band20_80==1&reg_atr_change_rate_ts_band25_75==1&reg_ema20_gt_ema50_raw==0),04b009a3605e,2,42,35,loc_dist_ema20_atr_ts_band40_60,location,dist_ema20_atr,context,0
(*)|(loc_dist_ema20_atr_ts_band40_60==0&loc_dist_ema20_atr_ts_top80==0)|(reg_atr_change_rate_ts_band20_80==1&reg_atr_change_rate_ts_band25_75==1&reg_ema20_gt_ema50_raw==0),04b009a3605e,2,42,25,loc_dist_ema20_atr_ts_top80,location,dist_ema20_atr,context,0
(*)|(loc_dist_ema20_atr_ts_band40_60==0&loc_dist_ema20_atr_ts_top80==1)|(reg_ema20_gt_ema50_raw==0),dcf65b1217a8,2,42,324,reg_ema20_gt_ema50_raw,regime,ema20_gt_ema50,trend,0
(*)|(loc_dist_ema20_atr_ts_band40_60==0&loc_dist_ema20_atr_ts_top80==1)|(reg_ema20_gt_ema50_raw==0),dcf65b1217a8,2,42,35,loc_dist_ema20_atr_ts_band40_60,location,dist_ema20_atr,context,0
(*)|(loc_dist_ema20_atr_ts_band40_60==0&loc_dist_ema20_atr_ts_top80==1)|(reg_ema20_gt_ema50_raw==0),dcf65b1217a8,2,42,25,loc_dist_ema20_atr_ts_top80,location,dist_ema20_atr,context,1
(*)|(loc_dist_ema20_atr_ts_band40_60==1)|(reg_atr_change_rate_ts_top50==0&reg_ema20_gt_ema50_raw==0),4625e90274c5,2,42,324,reg_ema20_gt_ema50_raw,regime,ema20_gt_ema50,trend,0
(*)|(loc_dist_ema20_atr_ts_band40_60==1)|(reg_atr_change_rate_ts_top50==0&reg_ema20_gt_ema50_raw==0),4625e90274c5,2,42,12,reg_atr_change_rate_ts_top50,regime,atr_change_rate,volatility,0
(*)|(loc_dist_ema20_atr_ts_band40_60==1)|(reg_atr_change_rate_ts_top50==0&reg_ema20_gt_ema50_raw==0),4625e90274c5,2,42,35,loc_dist_ema20_atr_ts_band40_60,location,dist_ema20_atr,context,1
(*)|(loc_dist_ema20_atr_ts_band40_60==1)|(reg_atr_change_rate_ts_top50==1&reg_ema20_gt_ema50_raw==0),ca18d6d14f74,2,42,324,reg_ema20_gt_ema50_raw,regime,ema20_gt_ema50,trend,0
(*)|(loc_dist_ema20_atr_ts_band40_60==1)|(reg_atr_change_rate_ts_top50==1&reg_ema20_gt_ema50_raw==0),ca18d6d14f74,2,42,12,reg_atr_change_rate_ts_top50,regime,atr_change_rate,volatility,1
(*)|(loc_dist_ema20_atr_ts_band40_60==1)|(reg_atr_change_rate_ts_top50==1&reg_ema20_gt_ema50_raw==0),ca18d6d14f74,2,42,35,loc_dist_ema20_atr_ts_band40_60,location,dist_ema20_atr,context,1
(*)|(loc_dist_ema20_atr_ts_top80==0)|(reg_ema20_gt_ema50_raw==1),5e8eb587fba0,2,42,324,reg_ema20_gt_ema50_raw,regime,ema20_gt_ema50,trend,1
(*)|(loc_dist_ema20_atr_ts_top80==0)|(reg_ema20_gt_ema50_raw==1),5e8eb587fba0,2,42,25,loc_dist_ema20_atr_ts_top80,location,dist_ema20_atr,context,0
(*)|(loc_dist_ema20_atr_ts_top80==1)|(reg_ema20_gt_ema50_raw==1),418ab95e3e29,2,42,324,reg_ema20_gt_ema50_raw,regime,ema20_gt_ema50,trend,1
(*)|(loc_dist_ema20_atr_ts_top80==1)|(reg_ema20_gt_ema50_raw==1),418ab95e3e29,2,42,25,loc_dist_ema20_atr_ts_top80,location,dist_ema20_atr,context,1
(*)|(loc_dist_ema20_atr_ts_top30==1)|(reg_atr_change_rate_ts_band20_80==0&reg_ema20_gt_ema50_raw==0),cedb5772cc72,2,42,324,reg_ema20_gt_ema50_raw,regime,ema20_gt_ema50,trend,0
(*)|(loc_dist_ema20_atr_ts_top30==1)|(reg_atr_change_rate_ts_band20_80==0&reg_ema20_gt_ema50_raw==0),cedb5772cc72,2,42,28,reg_atr_change_rate_ts_band20_80,regime,atr_change_rate,volatility,0
(*)|(loc_dist_ema20_atr_ts_top30==1)|(reg_atr_change_rate_ts_band20_80==0&reg_ema20_gt_ema50_raw==0),cedb5772cc72,2,42,5,loc_dist_ema20_atr_ts_top30,location,dist_ema20_atr,context,1
(*)|(loc_dist_ema20_atr_ts_top30==0)|(reg_atr_change_rate_ts_band20_80==1&reg_atr_change_rate_ts_band30_70==0&reg_ema20_gt_ema50_raw==0),ba62501c381d,2,42,324,reg_ema20_gt_ema50_raw,regime,ema20_gt_ema50,trend,0
(*)|(loc_dist_ema20_atr_ts_top30==0)|(reg_atr_change_rate_ts_band20_80==1&reg_atr_change_rate_ts_band30_70==0&reg_ema20_gt_ema50_raw==0),ba62501c381d,2,42,28,reg_atr_change_rate_ts_band20_80,regime,atr_change_rate,volatility,1
(*)|(loc_dist_ema20_atr_ts_top30==0)|(reg_atr_change_rate_ts_band20_80==1&reg_atr_change_rate_ts_band30_70==0&reg_ema20_gt_ema50_raw==0),ba62501c381d,2,42,32,reg_atr_change_rate_ts_band30_70,regime,atr_change_rate,volatility,0
(*)|(loc_dist_ema20_atr_ts_top30==0)|(reg_atr_change_rate_ts_band20_80==1&reg_atr_change_rate_ts_band30_70==0&reg_ema20_gt_ema50_raw==0),ba62501c381d,2,42,5,loc_dist_ema20_atr_ts_top30,location,dist_ema20_atr,context,0
(*)|(loc_dist_ema20_atr_ts_top30==1)|(reg_atr_change_rate_ts_band20_80==1&reg_atr_change_rate_ts_band30_70==0&reg_ema20_gt_ema50_raw==0),d284328d1eb3,2,42,324,reg_ema20_gt_ema50_raw,regime,ema20_gt_ema50,trend,0
(*)|(loc_dist_ema20_atr_ts_top30==1)|(reg_atr_change_rate_ts_band20_80==1&reg_atr_change_rate_ts_band30_70==0&reg_ema20_gt_ema50_raw==0),d284328d1eb3,2,42,28,reg_atr_change_rate_ts_band20_80,regime,atr_change_rate,volatility,1
(*)|(loc_dist_ema20_atr_ts_top30==1)|(reg_atr_change_rate_ts_band20_80==1&reg_atr_change_rate_ts_band30_70==0&reg_ema20_gt_ema50_raw==0),d284328d1eb3,2,42,32,reg_atr_change_rate_ts_band30_70,regime,atr_change_rate,volatility,0
(*)|(loc_dist_ema20_atr_ts_top30==1)|(reg_atr_change_rate_ts_band20_80==1&reg_atr_change_rate_ts_band30_70==0&reg_ema20_gt_ema50_raw==0),d284328d1eb3,2,42,5,loc_dist_ema20_atr_ts_top30,location,dist_ema20_atr,context,1
(*)|(*)|(reg_atr_change_rate_ts_band20_80==1&reg_atr_change_rate_ts_band30_70==1&reg_atr_change_rate_ts_top40==0&reg_ema20_gt_ema50_raw==0),1d055eaaa80b,2,42,324,reg_ema20_gt_ema50_raw,regime,ema20_gt_ema50,trend,0
(*)|(*)|(reg_atr_change_rate_ts_band20_80==1&reg_atr_change_rate_ts_band30_70==1&reg_atr_change_rate_ts_top40==0&reg_ema20_gt_ema50_raw==0),1d055eaaa80b,2,42,28,reg_atr_change_rate_ts_band20_80,regime,atr_change_rate,volatility,1
(*)|(*)|(reg_atr_change_rate_ts_band20_80==1&reg_atr_change_rate_ts_band30_70==1&reg_atr_change_rate_ts_top40==0&reg_ema20_gt_ema50_raw==0),1d055eaaa80b,2,42,32,reg_atr_change_rate_ts_band30_70,regime,atr_change_rate,volatility,1
(*)|(*)|(reg_atr_change_rate_ts_band20_80==1&reg_atr_change_rate_ts_band30_70==1&reg_atr_change_rate_ts_top40==0&reg_ema20_gt_ema50_raw==0),1d055eaaa80b,2,42,8,reg_atr_change_rate_ts_top40,regime,atr_change_rate,volatility,0
(*)|(*)|(reg_atr_change_rate_ts_band20_80==1&reg_atr_change_rate_ts_band30_70==1&reg_atr_change_rate_ts_top40==1&reg_ema20_gt_ema50_raw==0),456b1879ea4a,2,42,324,reg_ema20_gt_ema50_raw,regime,ema20_gt_ema50,trend,0
(*)|(*)|(reg_atr_change_rate_ts_band20_80==1&reg_atr_change_rate_ts_band30_70==1&reg_atr_change_rate_ts_top40==1&reg_ema20_gt_ema50_raw==0),456b1879ea4a,2,42,28,reg_atr_change_rate_ts_band20_80,regime,atr_change_rate,volatility,1
(*)|(*)|(reg_atr_change_rate_ts_band20_80==1&reg_atr_change_rate_ts_band30_70==1&reg_atr_change_rate_ts_top40==1&reg_ema20_gt_ema50_raw==0),456b1879ea4a,2,42,32,reg_atr_change_rate_ts_band30_70,regime,atr_change_rate,volatility,1
(*)|(*)|(reg_atr_change_rate_ts_band20_80==1&reg_atr_change_rate_ts_band30_70==1&reg_atr_change_rate_ts_top40==1&reg_ema20_gt_ema50_raw==0),456b1879ea4a,2,42,8,reg_atr_change_rate_ts_top40,regime,atr_change_rate,volatility,1
(*)|(*)|(reg_atr_change_rate_ts_top80==0&reg_ema20_gt_ema50_raw==1),3d972c35c64e,2,42,324,reg_ema20_gt_ema50_raw,regime,ema20_gt_ema50,trend,1
(*)|(*)|(reg_atr_change_rate_ts_top80==0&reg_ema20_gt_ema50_raw==1),3d972c35c64e,2,42,24,reg_atr_change_rate_ts_top80,regime,atr_change_rate,volatility,0
(*)|(*)|(reg_atr_change_rate_ts_top80==1&reg_ema20_gt_ema50_raw==1),58dae3c88d6e,2,42,324,reg_ema20_gt_ema50_raw,regime,ema20_gt_ema50,trend,1
(*)|(*)|(reg_atr_change_rate_ts_top80==1&reg_ema20_gt_ema50_raw==1),58dae3c88d6e,2,42,24,reg_atr_change_rate_ts_top80,regime,atr_change_rate,volatility,1
(*)|(*)|(reg_atr_change_rate_ts_top20==1&reg_atr_change_rate_ts_top40==0&reg_ema20_gt_ema50_raw==0),f2b39a3ab116,2,42,324,reg_ema20_gt_ema50_raw,regime,ema20_gt_ema50,trend,0
(*)|(*)|(reg_atr_change_rate_ts_top20==1&reg_atr_change_rate_ts_top40==0&reg_ema20_gt_ema50_raw==0),f2b39a3ab116,2,42,0,reg_atr_change_rate_ts_top20,regime,atr_change_rate,volatility,1
(*)|(*)|(reg_atr_change_rate_ts_top20==1&reg_atr_change_rate_ts_top40==0&reg_ema20_gt_ema50_raw==0),f2b39a3ab116,2,42,8,reg_atr_change_rate_ts_top40,regime,atr_change_rate,volatility,0
(*)|(*)|(reg_atr_change_rate_ts_top20==1&reg_atr_change_rate_ts_top40==1&reg_atr_change_rate_ts_top80==0&reg_ema20_gt_ema50_raw==0),25bbd1150048,2,42,324,reg_ema20_gt_ema50_raw,regime,ema20_gt_ema50,trend,0
(*)|(*)|(reg_atr_change_rate_ts_top20==1&reg_atr_change_rate_ts_top40==1&reg_atr_change_rate_ts_top80==0&reg_ema20_gt_ema50_raw==0),25bbd1150048,2,42,0,reg_atr_change_rate_ts_top20,regime,atr_change_rate,volatility,1
(*)|(*)|(reg_atr_change_rate_ts_top20==1&reg_atr_change_rate_ts_top40==1&reg_atr_change_rate_ts_top80==0&reg_ema20_gt_ema50_raw==0),25bbd1150048,2,42,8,reg_atr_change_rate_ts_top40,regime,atr_change_rate,volatility,1
(*)|(*)|(reg_atr_change_rate_ts_top20==1&reg_atr_change_rate_ts_top40==1&reg_atr_change_rate_ts_top80==0&reg_ema20_gt_ema50_raw==0),25bbd1150048,2,42,24,reg_atr_change_rate_ts_top80,regime,atr_change_rate,volatility,0
(*)|(*)|(reg_atr_change_rate_ts_top20==1&reg_atr_change_rate_ts_top40==1&reg_atr_change_rate_ts_top80==1&reg_ema20_gt_ema50_raw==0),8b798b54569c,2,42,324,reg_ema20_gt_ema50_raw,regime,ema20_gt_ema50,trend,0
(*)|(*)|(reg_atr_change_rate_ts_top20==1&reg_atr_change_rate_ts_top40==1&reg_atr_change_rate_ts_top80==1&reg_ema20_gt_ema50_raw==0),8b798b54569c,2,42,0,reg_atr_change_rate_ts_top20,regime,atr_change_rate,volatility,1
(*)|(*)|(reg_atr_change_rate_ts_top20==1&reg_atr_change_rate_ts_top40==1&reg_atr_change_rate_ts_top80==1&reg_ema20_gt_ema50_raw==0),8b798b54569c,2,42,8,reg_atr_change_rate_ts_top40,regime,atr_change_rate,volatility,1
(*)|(*)|(reg_atr_change_rate_ts_top20==1&reg_atr_change_rate_ts_top40==1&reg_atr_change_rate_ts_top80==1&reg_ema20_gt_ema50_raw==0),8b798b54569c,2,42,24,reg_atr_change_rate_ts_top80,regime,atr_change_rate,volatility,1
(*)|(*)|(reg_atr_change_rate_ts_top80==0&reg_ema20_gt_ema50_raw==1),7f0d66a5db4e,2,42,324,reg_ema20_gt_ema50_raw,regime,ema20_gt_ema50,trend,1
(*)|(*)|(reg_atr_change_rate_ts_top80==0&reg_ema20_gt_ema50_raw==1),7f0d66a5db4e,2,42,24,reg_atr_change_rate_ts_top80,regime,atr_change_rate,volatility,0
(*)|(*)|(reg_atr_change_rate_ts_top80==1&reg_ema20_gt_ema50_raw==1),bb1feae2ecb2,2,42,324,reg_ema20_gt_ema50_raw,regime,ema20_gt_ema50,trend,1
(*)|(*)|(reg_atr_change_rate_ts_top80==1&reg_ema20_gt_ema50_raw==1),bb1feae2ecb2,2,42,24,reg_atr_change_rate_ts_top80,regime,atr_change_rate,volatility,1
(*)|(*)|(reg_atr_change_rate_ts_band20_80==1&reg_atr_change_rate_ts_top50==0&reg_atr_change_rate_ts_top80==0&reg_price_lt_ema200_raw==0),c633c80edd88,2,42,472,reg_price_lt_ema200_raw,regime,price_lt_ema200,trend,0
(*)|(*)|(reg_atr_change_rate_ts_band20_80==1&reg_atr_change_rate_ts_top50==0&reg_atr_change_rate_ts_top80==0&reg_price_lt_ema200_raw==0),c633c80edd88,2,42,24,reg_atr_change_rate_ts_top80,regime,atr_change_rate,volatility,0
(*)|(*)|(reg_atr_change_rate_ts_band20_80==1&reg_atr_change_rate_ts_top50==0&reg_atr_change_rate_ts_top80==0&reg_price_lt_ema200_raw==0),c633c80edd88,2,42,28,reg_atr_change_rate_ts_band20_80,regime,atr_change_rate,volatility,1
(*)|(*)|(reg_atr_change_rate_ts_band20_80==1&reg_atr_change_rate_ts_top50==0&reg_atr_change_rate_ts_top80==0&reg_price_lt_ema200_raw==0),c633c80edd88,2,42,12,reg_atr_change_rate_ts_top50,regime,atr_change_rate,volatility,0
(*)|(*)|(reg_atr_change_rate_ts_band20_80==1&reg_atr_change_rate_ts_top50==1&reg_atr_change_rate_ts_top80==0&reg_price_lt_ema200_raw==0),cc6f7ead69da,2,42,472,reg_price_lt_ema200_raw,regime,price_lt_ema200,trend,0
(*)|(*)|(reg_atr_change_rate_ts_band20_80==1&reg_atr_change_rate_ts_top50==1&reg_atr_change_rate_ts_top80==0&reg_price_lt_ema200_raw==0),cc6f7ead69da,2,42,24,reg_atr_change_rate_ts_top80,regime,atr_change_rate,volatility,0
(*)|(*)|(reg_atr_change_rate_ts_band20_80==1&reg_atr_change_rate_ts_top50==1&reg_atr_change_rate_ts_top80==0&reg_price_lt_ema200_raw==0),cc6f7ead69da,2,42,28,reg_atr_change_rate_ts_band20_80,regime,atr_change_rate,volatility,1
(*)|(*)|(reg_atr_change_rate_ts_band20_80==1&reg_atr_change_rate_ts_top50==1&reg_atr_change_rate_ts_top80==0&reg_price_lt_ema200_raw==0),cc6f7ead69da,2,42,12,reg_atr_change_rate_ts_top50,regime,atr_change_rate,volatility,1
(*)|(*)|(reg_atr_change_rate_ts_top80==1&reg_price_lt_ema200_raw==0),e841e3c2f021,2,42,472,reg_price_lt_ema200_raw,regime,price_lt_ema200,trend,0
(*)|(*)|(reg_atr_change_rate_ts_top80==1&reg_price_lt_ema200_raw==0),e841e3c2f021,2,42,24,reg_atr_change_rate_ts_top80,regime,atr_change_rate,volatility,1
(*)|(*)|(reg_atr_change_rate_ts_top80==0&reg_price_lt_ema200_raw==1),df37a8a2c79c,2,42,472,reg_price_lt_ema200_raw,regime,price_lt_ema200,trend,1
(*)|(*)|(reg_atr_change_rate_ts_top80==0&reg_price_lt_ema200_raw==1),df37a8a2c79c,2,42,24,reg_atr_change_rate_ts_top80,regime,atr_change_rate,volatility,0
(*)|(*)|(reg_atr_change_rate_ts_top80==1&reg_price_lt_ema200_raw==1),6e2a037c07c6,2,42,472,reg_price_lt_ema200_raw,regime,price_lt_ema200,trend,1
(*)|(*)|(reg_atr_change_rate_ts_top80==1&reg_price_lt_ema200_raw==1),6e2a037c07c6,2,42,24,reg_atr_change_rate_ts_top80,regime,atr_change_rate,volatility,1
(*)|(loc_dist_ema20_atr_ts_band25_75==0)|(reg_atr_change_rate_ts_top20==1&reg_atr_change_rate_ts_top30==0&reg_ema20_gt_ema50_raw==0),ad902f3680e5,2,42,324,reg_ema20_gt_ema50_raw,regime,ema20_gt_ema50,trend,0
(*)|(loc_dist_ema20_atr_ts_band25_75==0)|(reg_atr_change_rate_ts_top20==1&reg_atr_change_rate_ts_top30==0&reg_ema20_gt_ema50_raw==0),ad902f3680e5,2,42,0,reg_atr_change_rate_ts_top20,regime,atr_change_rate,volatility,1
(*)|(loc_dist_ema20_atr_ts_band25_75==0)|(reg_atr_change_rate_ts_top20==1&reg_atr_change_rate_ts_top30==0&reg_ema20_gt_ema50_raw==0),ad902f3680e5,2,42,4,reg_atr_change_rate_ts_top30,regime,atr_change_rate,volatility,0
(*)|(loc_dist_ema20_atr_ts_band25_75==0)|(reg_atr_change_rate_ts_top20==1&reg_atr_change_rate_ts_top30==0&reg_ema20_gt_ema50_raw==0),ad902f3680e5,2,42,31,loc_dist_ema20_atr_ts_band25_75,location,dist_ema20_atr,context,0
(*)|(loc_dist_ema20_atr_ts_band25_75==0)|(reg_atr_change_rate_ts_top20==1&reg_atr_change_rate_ts_top30==1&reg_atr_change_rate_ts_top80==0&reg_ema20_gt_ema50_raw==0),d40c335fdde0,2,42,324,reg_ema20_gt_ema50_raw,regime,ema20_gt_ema50,trend,0
(*)|(loc_dist_ema20_atr_ts_band25_75==0)|(reg_atr_change_rate_ts_top20==1&reg_atr_change_rate_ts_top30==1&reg_atr_change_rate_ts_top80==0&reg_ema20_gt_ema50_raw==0),d40c335fdde0,2,42,0,reg_atr_change_rate_ts_top20,regime,atr_change_rate,volatility,1
(*)|(loc_dist_ema20_atr_ts_band25_75==0)|(reg_atr_change_rate_ts_top20==1&reg_atr_change_rate_ts_top30==1&reg_atr_change_rate_ts_top80==0&reg_ema20_gt_ema50_raw==0),d40c335fdde0,2,42,4,reg_atr_change_rate_ts_top30,regime,atr_change_rate,volatility,1
(*)|(loc_dist_ema20_atr_ts_band25_75==0)|(reg_atr_change_rate_ts_top20==1&reg_atr_change_rate_ts_top30==1&reg_atr_change_rate_ts_top80==0&reg_ema20_gt_ema50_raw==0),d40c335fdde0,2,42,24,reg_atr_change_rate_ts_top80,regime,atr_change_rate,volatility,0
(*)|(loc_dist_ema20_atr_ts_band25_75==0)|(reg_atr_change_rate_ts_top20==1&reg_atr_change_rate_ts_top30==1&reg_atr_change_rate_ts_top80==0&reg_ema20_gt_ema50_raw==0),d40c335fdde0,2,42,31,loc_dist_ema20_atr_ts_band25_75,location,dist_ema20_atr,context,0
(*)|(loc_dist_ema20_atr_ts_band25_75==0)|(reg_atr_change_rate_ts_top20==1&reg_atr_change_rate_ts_top30==1&reg_atr_change_rate_ts_top80==1&reg_ema20_gt_ema50_raw==0),68f2eb49f961,2,42,324,reg_ema20_gt_ema50_raw,regime,ema20_gt_ema50,trend,0
(*)|(loc_dist_ema20_atr_ts_band25_75==0)|(reg_atr_change_rate_ts_top20==1&reg_atr_change_rate_ts_top30==1&reg_atr_change_rate_ts_top80==1&reg_ema20_gt_ema50_raw==0),68f2eb49f961,2,42,0,reg_atr_change_rate_ts_top20,regime,atr_change_rate,volatility,1
(*)|(loc_dist_ema20_atr_ts_band25_75==0)|(reg_atr_change_rate_ts_top20==1&reg_atr_change_rate_ts_top30==1&reg_atr_change_rate_ts_top80==1&reg_ema20_gt_ema50_raw==0),68f2eb49f961,2,42,4,reg_atr_change_rate_ts_top30,regime,atr_change_rate,volatility,1
(*)|(loc_dist_ema20_atr_ts_band25_75==0)|(reg_atr_change_rate_ts_top20==1&reg_atr_change_rate_ts_top30==1&reg_atr_change_rate_ts_top80==1&reg_ema20_gt_ema50_raw==0),68f2eb49f961,2,42,24,reg_atr_change_rate_ts_top80,regime,atr_change_rate,volatility,1
(*)|(loc_dist_ema20_atr_ts_band25_75==0)|(reg_atr_change_rate_ts_top20==1&reg_atr_change_rate_ts_top30==1&reg_atr_change_rate_ts_top80==1&reg_ema20_gt_ema50_raw==0),68f2eb49f961,2,42,31,loc_dist_ema20_atr_ts_band25_75,location,dist_ema20_atr,context,0
(*)|(loc_dist_ema20_atr_ts_band25_75==1)|(reg_atr_change_rate_ts_top20==1&reg_atr_change_rate_ts_top30==0&reg_ema20_gt_ema50_raw==0),3b6997b4acae,2,42,324,reg_ema20_gt_ema50_raw,regime,ema20_gt_ema50,trend,0
(*)|(loc_dist_ema20_atr_ts_band25_75==1)|(reg_atr_change_rate_ts_top20==1&reg_atr_change_rate_ts_top30==0&reg_ema20_gt_ema50_raw==0),3b6997b4acae,2,42,0,reg_atr_change_rate_ts_top20,regime,atr_change_rate,volatility,1
(*)|(loc_dist_ema20_atr_ts_band25_75==1)|(reg_atr_change_rate_ts_top20==1&reg_atr_change_rate_ts_top30==0&reg_ema20_gt_ema50_raw==0),3b6997b4acae,2,42,4,reg_atr_change_rate_ts_top30,regime,atr_change_rate,volatility,0
(*)|(loc_dist_ema20_atr_ts_band25_75==1)|(reg_atr_change_rate_ts_top20==1&reg_atr_change_rate_ts_top30==0&reg_ema20_gt_ema50_raw==0),3b6997b4acae,2,42,31,loc_dist_ema20_atr_ts_band25_75,location,dist_ema20_atr,context,1
(*)|(loc_dist_ema20_atr_ts_band25_75==1)|(reg_atr_change_rate_ts_top20==1&reg_atr_change_rate_ts_top30==1&reg_ema20_gt_ema50_raw==0),bf6dc5622e3c,2,42,324,reg_ema20_gt_ema50_raw,regime,ema20_gt_ema50,trend,0
(*)|(loc_dist_ema20_atr_ts_band25_75==1)|(reg_atr_change_rate_ts_top20==1&reg_atr_change_rate_ts_top30==1&reg_ema20_gt_ema50_raw==0),bf6dc5622e3c,2,42,0,reg_atr_change_rate_ts_top20,regime,atr_change_rate,volatility,1
(*)|(loc_dist_ema20_atr_ts_band25_75==1)|(reg_atr_change_rate_ts_top20==1&reg_atr_change_rate_ts_top30==1&reg_ema20_gt_ema50_raw==0),bf6dc5622e3c,2,42,4,reg_atr_change_rate_ts_top30,regime,atr_change_rate,volatility,1
(*)|(loc_dist_ema20_atr_ts_band25_75==1)|(reg_atr_change_rate_ts_top20==1&reg_atr_change_rate_ts_top30==1&reg_ema20_gt_ema50_raw==0),bf6dc5622e3c,2,42,31,loc_dist_ema20_atr_ts_band25_75,location,dist_ema20_atr,context,1
(*)|(*)|(reg_atr_change_rate_ts_top80==0&reg_ema20_gt_ema50_raw==1),6e5233f0d1d3,2,42,324,reg_ema20_gt_ema50_raw,regime,ema20_gt_ema50,trend,1
(*)|(*)|(reg_atr_change_rate_ts_top80==0&reg_ema20_gt_ema50_raw==1),6e5233f0d1d3,2,42,24,reg_atr_change_rate_ts_top80,regime,atr_change_rate,volatility,0
(*)|(*)|(reg_atr_change_rate_ts_top80==1&reg_ema20_gt_ema50_raw==1),8a79b07cb011,2,42,324,reg_ema20_gt_ema50_raw,regime,ema20_gt_ema50,trend,1
(*)|(*)|(reg_atr_change_rate_ts_top80==1&reg_ema20_gt_ema50_raw==1),8a79b07cb011,2,42,24,reg_atr_change_rate_ts_top80,regime,atr_change_rate,volatility,1
(*)|(*)|(reg_atr_change_rate_ts_band25_75==0&reg_atr_change_rate_ts_top20==1&reg_atr_change_rate_ts_top80==0&reg_ema50_gt_ema200_raw==0),575de6028e89,2,42,398,reg_ema50_gt_ema200_raw,regime,ema50_gt_ema200,trend,0
(*)|(*)|(reg_atr_change_rate_ts_band25_75==0&reg_atr_change_rate_ts_top20==1&reg_atr_change_rate_ts_top80==0&reg_ema50_gt_ema200_raw==0),575de6028e89,2,42,0,reg_atr_change_rate_ts_top20,regime,atr_change_rate,volatility,1
(*)|(*)|(reg_atr_change_rate_ts_band25_75==0&reg_atr_change_rate_ts_top20==1&reg_atr_change_rate_ts_top80==0&reg_ema50_gt_ema200_raw==0),575de6028e89,2,42,30,reg_atr_change_rate_ts_band25_75,regime,atr_change_rate,volatility,0
(*)|(*)|(reg_atr_change_rate_ts_band25_75==0&reg_atr_change_rate_ts_top20==1&reg_atr_change_rate_ts_top80==0&reg_ema50_gt_ema200_raw==0),575de6028e89,2,42,24,reg_atr_change_rate_ts_top80,regime,atr_change_rate,volatility,0
(*)|(*)|(reg_atr_change_rate_ts_band25_75==0&reg_atr_change_rate_ts_top20==1&reg_atr_change_rate_ts_top80==1&reg_ema50_gt_ema200_raw==0),9068bdf86e7b,2,42,398,reg_ema50_gt_ema200_raw,regime,ema50_gt_ema200,trend,0
(*)|(*)|(reg_atr_change_rate_ts_band25_75==0&reg_atr_change_rate_ts_top20==1&reg_atr_change_rate_ts_top80==1&reg_ema50_gt_ema200_raw==0),9068bdf86e7b,2,42,0,reg_atr_change_rate_ts_top20,regime,atr_change_rate,volatility,1
(*)|(*)|(reg_atr_change_rate_ts_band25_75==0&reg_atr_change_rate_ts_top20==1&reg_atr_change_rate_ts_top80==1&reg_ema50_gt_ema200_raw==0),9068bdf86e7b,2,42,30,reg_atr_change_rate_ts_band25_75,regime,atr_change_rate,volatility,0
(*)|(*)|(reg_atr_change_rate_ts_band25_75==0&reg_atr_change_rate_ts_top20==1&reg_atr_change_rate_ts_top80==1&reg_ema50_gt_ema200_raw==0),9068bdf86e7b,2,42,24,reg_atr_change_rate_ts_top80,regime,atr_change_rate,volatility,1
(*)|(*)|(reg_atr_change_rate_ts_band25_75==1&reg_atr_change_rate_ts_band30_70==0&reg_atr_change_rate_ts_top20==1&reg_atr_change_rate_ts_top40==0&reg_ema50_gt_ema200_raw==0),55d6d0a3935a,2,42,398,reg_ema50_gt_ema200_raw,regime,ema50_gt_ema200,trend,0
(*)|(*)|(reg_atr_change_rate_ts_band25_75==1&reg_atr_change_rate_ts_band30_70==0&reg_atr_change_rate_ts_top20==1&reg_atr_change_rate_ts_top40==0&reg_ema50_gt_ema200_raw==0),55d6d0a3935a,2,42,0,reg_atr_change_rate_ts_top20,regime,atr_change_rate,volatility,1
(*)|(*)|(reg_atr_change_rate_ts_band25_75==1&reg_atr_change_rate_ts_band30_70==0&reg_atr_change_rate_ts_top20==1&reg_atr_change_rate_ts_top40==0&reg_ema50_gt_ema200_raw==0),55d6d0a3935a,2,42,30,reg_atr_change_rate_ts_band25_75,regime,atr_change_rate,volatility,1
(*)|(*)|(reg_atr_change_rate_ts_band25_75==1&reg_atr_change_rate_ts_band30_70==0&reg_atr_change_rate_ts_top20==1&reg_atr_change_rate_ts_top40==0&reg_ema50_gt_ema200_raw==0),55d6d0a3935a,2,42,8,reg_atr_change_rate_ts_top40,regime,atr_change_rate,volatility,0
(*)|(*)|(reg_atr_change_rate_ts_band25_75==1&reg_atr_change_rate_ts_band30_70==0&reg_atr_change_rate_ts_top20==1&reg_atr_change_rate_ts_top40==0&reg_ema50_gt_ema200_raw==0),55d6d0a3935a,2,42,32,reg_atr_change_rate_ts_band30_70,regime,atr_change_rate,volatility,0
(*)|(*)|(reg_atr_change_rate_ts_band25_75==1&reg_atr_change_rate_ts_band30_70==1&reg_atr_change_rate_ts_top20==1&reg_atr_change_rate_ts_top40==0&reg_ema50_gt_ema200_raw==0),8ea0011b52a5,2,42,398,reg_ema50_gt_ema200_raw,regime,ema50_gt_ema200,trend,0
(*)|(*)|(reg_atr_change_rate_ts_band25_75==1&reg_atr_change_rate_ts_band30_70==1&reg_atr_change_rate_ts_top20==1&reg_atr_change_rate_ts_top40==0&reg_ema50_gt_ema200_raw==0),8ea0011b52a5,2,42,0,reg_atr_change_rate_ts_top20,regime,atr_change_rate,volatility,1
(*)|(*)|(reg_atr_change_rate_ts_band25_75==1&reg_atr_change_rate_ts_band30_70==1&reg_atr_change_rate_ts_top20==1&reg_atr_change_rate_ts_top40==0&reg_ema50_gt_ema200_raw==0),8ea0011b52a5,2,42,30,reg_atr_change_rate_ts_band25_75,regime,atr_change_rate,volatility,1
(*)|(*)|(reg_atr_change_rate_ts_band25_75==1&reg_atr_change_rate_ts_band30_70==1&reg_atr_change_rate_ts_top20==1&reg_atr_change_rate_ts_top40==0&reg_ema50_gt_ema200_raw==0),8ea0011b52a5,2,42,8,reg_atr_change_rate_ts_top40,regime,atr_change_rate,volatility,0
(*)|(*)|(reg_atr_change_rate_ts_band25_75==1&reg_atr_change_rate_ts_band30_70==1&reg_atr_change_rate_ts_top20==1&reg_atr_change_rate_ts_top40==0&reg_ema50_gt_ema200_raw==0),8ea0011b52a5,2,42,32,reg_atr_change_rate_ts_band30_70,regime,atr_change_rate,volatility,1
(*)|(*)|(reg_atr_change_rate_ts_band25_75==1&reg_atr_change_rate_ts_band30_70==0&reg_atr_change_rate_ts_top20==1&reg_atr_change_rate_ts_top40==1&reg_ema50_gt_ema200_raw==0),79945d8f5081,2,42,398,reg_ema50_gt_ema200_raw,regime,ema50_gt_ema200,trend,0
(*)|(*)|(reg_atr_change_rate_ts_band25_75==1&reg_atr_change_rate_ts_band30_70==0&reg_atr_change_rate_ts_top20==1&reg_atr_change_rate_ts_top40==1&reg_ema50_gt_ema200_raw==0),79945d8f5081,2,42,0,reg_atr_change_rate_ts_top20,regime,atr_change_rate,volatility,1
(*)|(*)|(reg_atr_change_rate_ts_band25_75==1&reg_atr_change_rate_ts_band30_70==0&reg_atr_change_rate_ts_top20==1&reg_atr_change_rate_ts_top40==1&reg_ema50_gt_ema200_raw==0),79945d8f5081,2,42,30,reg_atr_change_rate_ts_band25_75,regime,atr_change_rate,volatility,1
(*)|(*)|(reg_atr_change_rate_ts_band25_75==1&reg_atr_change_rate_ts_band30_70==0&reg_atr_change_rate_ts_top20==1&reg_atr_change_rate_ts_top40==1&reg_ema50_gt_ema200_raw==0),79945d8f5081,2,42,8,reg_atr_change_rate_ts_top40,regime,atr_change_rate,volatility,1
(*)|(*)|(reg_atr_change_rate_ts_band25_75==1&reg_atr_change_rate_ts_band30_70==0&reg_atr_change_rate_ts_top20==1&reg_atr_change_rate_ts_top40==1&reg_ema50_gt_ema200_raw==0),79945d8f5081,2,42,32,reg_atr_change_rate_ts_band30_70,regime,atr_change_rate,volatility,0
(*)|(*)|(reg_atr_change_rate_ts_band25_75==1&reg_atr_change_rate_ts_band30_70==1&reg_atr_change_rate_ts_top20==1&reg_atr_change_rate_ts_top40==1&reg_ema50_gt_ema200_raw==0),c9ef988c6491,2,42,398,reg_ema50_gt_ema200_raw,regime,ema50_gt_ema200,trend,0
(*)|(*)|(reg_atr_change_rate_ts_band25_75==1&reg_atr_change_rate_ts_band30_70==1&reg_atr_change_rate_ts_top20==1&reg_atr_change_rate_ts_top40==1&reg_ema50_gt_ema200_raw==0),c9ef988c6491,2,42,0,reg_atr_change_rate_ts_top20,regime,atr_change_rate,volatility,1
(*)|(*)|(reg_atr_change_rate_ts_band25_75==1&reg_atr_change_rate_ts_band30_70==1&reg_atr_change_rate_ts_top20==1&reg_atr_change_rate_ts_top40==1&reg_ema50_gt_ema200_raw==0),c9ef988c6491,2,42,30,reg_atr_change_rate_ts_band25_75,regime,atr_change_rate,volatility,1
(*)|(*)|(reg_atr_change_rate_ts_band25_75==1&reg_atr_change_rate_ts_band30_70==1&reg_atr_change_rate_ts_top20==1&reg_atr_change_rate_ts_top40==1&reg_ema50_gt_ema200_raw==0),c9ef988c6491,2,42,8,reg_atr_change_rate_ts_top40,regime,atr_change_rate,volatility,1
(*)|(*)|(reg_atr_change_rate_ts_band25_75==1&reg_atr_change_rate_ts_band30_70==1&reg_atr_change_rate_ts_top20==1&reg_atr_change_rate_ts_top40==1&reg_ema50_gt_ema200_raw==0),c9ef988c6491,2,42,32,reg_atr_change_rate_ts_band30_70,regime,atr_change_rate,volatility,1
(*)|(*)|(reg_atr_change_rate_ts_top80==0&reg_ema50_gt_ema200_raw==1),a975b4ab44c6,2,42,398,reg_ema50_gt_ema200_raw,regime,ema50_gt_ema200,trend,1
(*)|(*)|(reg_atr_change_rate_ts_top80==0&reg_ema50_gt_ema200_raw==1),a975b4ab44c6,2,42,24,reg_atr_change_rate_ts_top80,regime,atr_change_rate,volatility,0
(*)|(*)|(reg_atr_change_rate_ts_top80==1&reg_ema50_gt_ema200_raw==1),cb72c67364c4,2,42,398,reg_ema50_gt_ema200_raw,regime,ema50_gt_ema200,trend,1
(*)|(*)|(reg_atr_change_rate_ts_top80==1&reg_ema50_gt_ema200_raw==1),cb72c67364c4,2,42,24,reg_atr_change_rate_ts_top80,regime,atr_change_rate,volatility,1
(*)|(*)|(reg_atr_change_rate_ts_band25_75==0&reg_atr_change_rate_ts_top20==1&reg_atr_change_rate_ts_top30==0&reg_ema20_gt_ema50_raw==0),338a6c80168b,2,42,324,reg_ema20_gt_ema50_raw,regime,ema20_gt_ema50,trend,0
(*)|(*)|(reg_atr_change_rate_ts_band25_75==0&reg_atr_change_rate_ts_top20==1&reg_atr_change_rate_ts_top30==0&reg_ema20_gt_ema50_raw==0),338a6c80168b,2,42,0,reg_atr_change_rate_ts_top20,regime,atr_change_rate,volatility,1
(*)|(*)|(reg_atr_change_rate_ts_band25_75==0&reg_atr_change_rate_ts_top20==1&reg_atr_change_rate_ts_top30==0&reg_ema20_gt_ema50_raw==0),338a6c80168b,2,42,4,reg_atr_change_rate_ts_top30,regime,atr_change_rate,volatility,0
(*)|(*)|(reg_atr_change_rate_ts_band25_75==0&reg_atr_change_rate_ts_top20==1&reg_atr_change_rate_ts_top30==0&reg_ema20_gt_ema50_raw==0),338a6c80168b,2,42,30,reg_atr_change_rate_ts_band25_75,regime,atr_change_rate,volatility,0
(*)|(*)|(reg_atr_change_rate_ts_band25_75==1&reg_atr_change_rate_ts_top20==1&reg_atr_change_rate_ts_top30==0&reg_ema20_gt_ema50_raw==0),837dd5c7330e,2,42,324,reg_ema20_gt_ema50_raw,regime,ema20_gt_ema50,trend,0
(*)|(*)|(reg_atr_change_rate_ts_band25_75==1&reg_atr_change_rate_ts_top20==1&reg_atr_change_rate_ts_top30==0&reg_ema20_gt_ema50_raw==0),837dd5c7330e,2,42,0,reg_atr_change_rate_ts_top20,regime,atr_change_rate,volatility,1
(*)|(*)|(reg_atr_change_rate_ts_band25_75==1&reg_atr_change_rate_ts_top20==1&reg_atr_change_rate_ts_top30==0&reg_ema20_gt_ema50_raw==0),837dd5c7330e,2,42,4,reg_atr_change_rate_ts_top30,regime,atr_change_rate,volatility,0
(*)|(*)|(reg_atr_change_rate_ts_band25_75==1&reg_atr_change_rate_ts_top20==1&reg_atr_change_rate_ts_top30==0&reg_ema20_gt_ema50_raw==0),837dd5c7330e,2,42,30,reg_atr_change_rate_ts_band25_75,regime,atr_change_rate,volatility,1
(*)|(*)|(reg_atr_change_rate_ts_band25_75==0&reg_atr_change_rate_ts_top20==1&reg_atr_change_rate_ts_top30==1&reg_atr_change_rate_ts_top80==0&reg_ema20_gt_ema50_raw==0),799447031a42,2,42,324,reg_ema20_gt_ema50_raw,regime,ema20_gt_ema50,trend,0
(*)|(*)|(reg_atr_change_rate_ts_band25_75==0&reg_atr_change_rate_ts_top20==1&reg_atr_change_rate_ts_top30==1&reg_atr_change_rate_ts_top80==0&reg_ema20_gt_ema50_raw==0),799447031a42,2,42,0,reg_atr_change_rate_ts_top20,regime,atr_change_rate,volatility,1
(*)|(*)|(reg_atr_change_rate_ts_band25_75==0&reg_atr_change_rate_ts_top20==1&reg_atr_change_rate_ts_top30==1&reg_atr_change_rate_ts_top80==0&reg_ema20_gt_ema50_raw==0),799447031a42,2,42,4,reg_atr_change_rate_ts_top30,regime,atr_change_rate,volatility,1
(*)|(*)|(reg_atr_change_rate_ts_band25_75==0&reg_atr_change_rate_ts_top20==1&reg_atr_change_rate_ts_top30==1&reg_atr_change_rate_ts_top80==0&reg_ema20_gt_ema50_raw==0),799447031a42,2,42,30,reg_atr_change_rate_ts_band25_75,regime,atr_change_rate,volatility,0
(*)|(*)|(reg_atr_change_rate_ts_band25_75==0&reg_atr_change_rate_ts_top20==1&reg_atr_change_rate_ts_top30==1&reg_atr_change_rate_ts_top80==0&reg_ema20_gt_ema50_raw==0),799447031a42,2,42,24,reg_atr_change_rate_ts_top80,regime,atr_change_rate,volatility,0
(*)|(*)|(reg_atr_change_rate_ts_band25_75==0&reg_atr_change_rate_ts_top20==1&reg_atr_change_rate_ts_top30==1&reg_atr_change_rate_ts_top80==1&reg_ema20_gt_ema50_raw==0),83d0b328e5aa,2,42,324,reg_ema20_gt_ema50_raw,regime,ema20_gt_ema50,trend,0
(*)|(*)|(reg_atr_change_rate_ts_band25_75==0&reg_atr_change_rate_ts_top20==1&reg_atr_change_rate_ts_top30==1&reg_atr_change_rate_ts_top80==1&reg_ema20_gt_ema50_raw==0),83d0b328e5aa,2,42,0,reg_atr_change_rate_ts_top20,regime,atr_change_rate,volatility,1
(*)|(*)|(reg_atr_change_rate_ts_band25_75==0&reg_atr_change_rate_ts_top20==1&reg_atr_change_rate_ts_top30==1&reg_atr_change_rate_ts_top80==1&reg_ema20_gt_ema50_raw==0),83d0b328e5aa,2,42,4,reg_atr_change_rate_ts_top30,regime,atr_change_rate,volatility,1
(*)|(*)|(reg_atr_change_rate_ts_band25_75==0&reg_atr_change_rate_ts_top20==1&reg_atr_change_rate_ts_top30==1&reg_atr_change_rate_ts_top80==1&reg_ema20_gt_ema50_raw==0),83d0b328e5aa,2,42,30,reg_atr_change_rate_ts_band25_75,regime,atr_change_rate,volatility,0
(*)|(*)|(reg_atr_change_rate_ts_band25_75==0&reg_atr_change_rate_ts_top20==1&reg_atr_change_rate_ts_top30==1&reg_atr_change_rate_ts_top80==1&reg_ema20_gt_ema50_raw==0),83d0b328e5aa,2,42,24,reg_atr_change_rate_ts_top80,regime,atr_change_rate,volatility,1
(*)|(*)|(reg_atr_change_rate_ts_band25_75==1&reg_atr_change_rate_ts_band40_60==0&reg_atr_change_rate_ts_top20==1&reg_atr_change_rate_ts_top30==1&reg_ema20_gt_ema50_raw==0),d3de29fc95c6,2,42,324,reg_ema20_gt_ema50_raw,regime,ema20_gt_ema50,trend,0
(*)|(*)|(reg_atr_change_rate_ts_band25_75==1&reg_atr_change_rate_ts_band40_60==0&reg_atr_change_rate_ts_top20==1&reg_atr_change_rate_ts_top30==1&reg_ema20_gt_ema50_raw==0),d3de29fc95c6,2,42,0,reg_atr_change_rate_ts_top20,regime,atr_change_rate,volatility,1
(*)|(*)|(reg_atr_change_rate_ts_band25_75==1&reg_atr_change_rate_ts_band40_60==0&reg_atr_change_rate_ts_top20==1&reg_atr_change_rate_ts_top30==1&reg_ema20_gt_ema50_raw==0),d3de29fc95c6,2,42,4,reg_atr_change_rate_ts_top30,regime,atr_change_rate,volatility,1
(*)|(*)|(reg_atr_change_rate_ts_band25_75==1&reg_atr_change_rate_ts_band40_60==0&reg_atr_change_rate_ts_top20==1&reg_atr_change_rate_ts_top30==1&reg_ema20_gt_ema50_raw==0),d3de29fc95c6,2,42,30,reg_atr_change_rate_ts_band25_75,regime,atr_change_rate,volatility,1
(*)|(*)|(reg_atr_change_rate_ts_band25_75==1&reg_atr_change_rate_ts_band40_60==0&reg_atr_change_rate_ts_top20==1&reg_atr_change_rate_ts_top30==1&reg_ema20_gt_ema50_raw==0),d3de29fc95c6,2,42,34,reg_atr_change_rate_ts_band40_60,regime,atr_change_rate,volatility,0
(*)|(*)|(reg_atr_change_rate_ts_band25_75==1&reg_atr_change_rate_ts_band40_60==1&reg_atr_change_rate_ts_top20==1&reg_atr_change_rate_ts_top30==1&reg_ema20_gt_ema50_raw==0),5c2a3a45671c,2,42,324,reg_ema20_gt_ema50_raw,regime,ema20_gt_ema50,trend,0
(*)|(*)|(reg_atr_change_rate_ts_band25_75==1&reg_atr_change_rate_ts_band40_60==1&reg_atr_change_rate_ts_top20==1&reg_atr_change_rate_ts_top30==1&reg_ema20_gt_ema50_raw==0),5c2a3a45671c,2,42,0,reg_atr_change_rate_ts_top20,regime,atr_change_rate,volatility,1
(*)|(*)|(reg_atr_change_rate_ts_band25_75==1&reg_atr_change_rate_ts_band40_60==1&reg_atr_change_rate_ts_top20==1&reg_atr_change_rate_ts_top30==1&reg_ema20_gt_ema50_raw==0),5c2a3a45671c,2,42,4,reg_atr_change_rate_ts_top30,regime,atr_change_rate,volatility,1
(*)|(*)|(reg_atr_change_rate_ts_band25_75==1&reg_atr_change_rate_ts_band40_60==1&reg_atr_change_rate_ts_top20==1&reg_atr_change_rate_ts_top30==1&reg_ema20_gt_ema50_raw==0),5c2a3a45671c,2,42,30,reg_atr_change_rate_ts_band25_75,regime,atr_change_rate,volatility,1
(*)|(*)|(reg_atr_change_rate_ts_band25_75==1&reg_atr_change_rate_ts_band40_60==1&reg_atr_change_rate_ts_top20==1&reg_atr_change_rate_ts_top30==1&reg_ema20_gt_ema50_raw==0),5c2a3a45671c,2,42,34,reg_atr_change_rate_ts_band40_60,regime,atr_change_rate,volatility,1
(*)|(*)|(reg_atr_change_rate_ts_top80==0&reg_ema20_gt_ema50_raw==1),267281eadc4d,2,42,324,reg_ema20_gt_ema50_raw,regime,ema20_gt_ema50,trend,1
(*)|(*)|(reg_atr_change_rate_ts_top80==0&reg_ema20_gt_ema50_raw==1),267281eadc4d,2,42,24,reg_atr_change_rate_ts_top80,regime,atr_change_rate,volatility,0
(*)|(*)|(reg_atr_change_rate_ts_top80==1&reg_ema20_gt_ema50_raw==1),6f3c05dea449,2,42,324,reg_ema20_gt_ema50_raw,regime,ema20_gt_ema50,trend,1
(*)|(*)|(reg_atr_change_rate_ts_top80==1&reg_ema20_gt_ema50_raw==1),6f3c05dea449,2,42,24,reg_atr_change_rate_ts_top80,regime,atr_change_rate,volatility,1
(*)|(loc_dist_ema20_atr_ts_top50==0)|(reg_atr_change_rate_ts_band20_80==1&reg_atr_change_rate_ts_top80==0&reg_ema20_gt_ema50_raw==0),c49bba10c775,2,42,324,reg_ema20_gt_ema50_raw,regime,ema20_gt_ema50,trend,0
(*)|(loc_dist_ema20_atr_ts_top50==0)|(reg_atr_change_rate_ts_band20_80==1&reg_atr_change_rate_ts_top80==0&reg_ema20_gt_ema50_raw==0),c49bba10c775,2,42,24,reg_atr_change_rate_ts_top80,regime,atr_change_rate,volatility,0
(*)|(loc_dist_ema20_atr_ts_top50==0)|(reg_atr_change_rate_ts_band20_80==1&reg_atr_change_rate_ts_top80==0&reg_ema20_gt_ema50_raw==0),c49bba10c775,2,42,28,reg_atr_change_rate_ts_band20_80,regime,atr_change_rate,volatility,1
(*)|(loc_dist_ema20_atr_ts_top50==0)|(reg_atr_change_rate_ts_band20_80==1&reg_atr_change_rate_ts_top80==0&reg_ema20_gt_ema50_raw==0),c49bba10c775,2,42,13,loc_dist_ema20_atr_ts_top50,location,dist_ema20_atr,context,0
(*)|(loc_dist_ema20_atr_ts_top50==1)|(reg_atr_change_rate_ts_top80==0&reg_ema20_gt_ema50_raw==0),5c6a0df109ce,2,42,324,reg_ema20_gt_ema50_raw,regime,ema20_gt_ema50,trend,0
(*)|(loc_dist_ema20_atr_ts_top50==1)|(reg_atr_change_rate_ts_top80==0&reg_ema20_gt_ema50_raw==0),5c6a0df109ce,2,42,24,reg_atr_change_rate_ts_top80,regime,atr_change_rate,volatility,0
(*)|(loc_dist_ema20_atr_ts_top50==1)|(reg_atr_change_rate_ts_top80==0&reg_ema20_gt_ema50_raw==0),5c6a0df109ce,2,42,13,loc_dist_ema20_atr_ts_top50,location,dist_ema20_atr,context,1
(*)|(*)|(reg_atr_change_rate_ts_top80==1&reg_ema20_gt_ema50_raw==0),e6f76aadabe3,2,42,324,reg_ema20_gt_ema50_raw,regime,ema20_gt_ema50,trend,0
(*)|(*)|(reg_atr_change_rate_ts_top80==1&reg_ema20_gt_ema50_raw==0),e6f76aadabe3,2,42,24,reg_atr_change_rate_ts_top80,regime,atr_change_rate,volatility,1
(*)|(*)|(reg_atr_change_rate_ts_top80==0&reg_ema20_gt_ema50_raw==1),0d59643c8e7f,2,42,324,reg_ema20_gt_ema50_raw,regime,ema20_gt_ema50,trend,1
(*)|(*)|(reg_atr_change_rate_ts_top80==0&reg_ema20_gt_ema50_raw==1),0d59643c8e7f,2,42,24,reg_atr_change_rate_ts_top80,regime,atr_change_rate,volatility,0
(*)|(*)|(reg_atr_change_rate_ts_top80==1&reg_ema20_gt_ema50_raw==1),6a8e5aac098e,2,42,324,reg_ema20_gt_ema50_raw,regime,ema20_gt_ema50,trend,1
(*)|(*)|(reg_atr_change_rate_ts_top80==1&reg_ema20_gt_ema50_raw==1),6a8e5aac098e,2,42,24,reg_atr_change_rate_ts_top80,regime,atr_change_rate,volatility,1
(*)|(*)|(reg_atr_change_rate_ts_band30_70==1&reg_atr_change_rate_ts_top40==0&reg_atr_change_rate_ts_top60==0&reg_atr_change_rate_ts_top80==0&reg_ema20_gt_ema50_raw==0),b3adb2df82bc,2,42,324,reg_ema20_gt_ema50_raw,regime,ema20_gt_ema50,trend,0
(*)|(*)|(reg_atr_change_rate_ts_band30_70==1&reg_atr_change_rate_ts_top40==0&reg_atr_change_rate_ts_top60==0&reg_atr_change_rate_ts_top80==0&reg_ema20_gt_ema50_raw==0),b3adb2df82bc,2,42,24,reg_atr_change_rate_ts_top80,regime,atr_change_rate,volatility,0
(*)|(*)|(reg_atr_change_rate_ts_band30_70==1&reg_atr_change_rate_ts_top40==0&reg_atr_change_rate_ts_top60==0&reg_atr_change_rate_ts_top80==0&reg_ema20_gt_ema50_raw==0),b3adb2df82bc,2,42,32,reg_atr_change_rate_ts_band30_70,regime,atr_change_rate,volatility,1
(*)|(*)|(reg_atr_change_rate_ts_band30_70==1&reg_atr_change_rate_ts_top40==0&reg_atr_change_rate_ts_top60==0&reg_atr_change_rate_ts_top80==0&reg_ema20_gt_ema50_raw==0),b3adb2df82bc,2,42,16,reg_atr_change_rate_ts_top60,regime,atr_change_rate,volatility,0
(*)|(*)|(reg_atr_change_rate_ts_band30_70==1&reg_atr_change_rate_ts_top40==0&reg_atr_change_rate_ts_top60==0&reg_atr_change_rate_ts_top80==0&reg_ema20_gt_ema50_raw==0),b3adb2df82bc,2,42,8,reg_atr_change_rate_ts_top40,regime,atr_change_rate,volatility,0
(*)|(*)|(reg_atr_change_rate_ts_band30_70==1&reg_atr_change_rate_ts_top40==1&reg_atr_change_rate_ts_top60==0&reg_atr_change_rate_ts_top80==0&reg_ema20_gt_ema50_raw==0),689928fb2169,2,42,324,reg_ema20_gt_ema50_raw,regime,ema20_gt_ema50,trend,0
(*)|(*)|(reg_atr_change_rate_ts_band30_70==1&reg_atr_change_rate_ts_top40==1&reg_atr_change_rate_ts_top60==0&reg_atr_change_rate_ts_top80==0&reg_ema20_gt_ema50_raw==0),689928fb2169,2,42,24,reg_atr_change_rate_ts_top80,regime,atr_change_rate,volatility,0
(*)|(*)|(reg_atr_change_rate_ts_band30_70==1&reg_atr_change_rate_ts_top40==1&reg_atr_change_rate_ts_top60==0&reg_atr_change_rate_ts_top80==0&reg_ema20_gt_ema50_raw==0),689928fb2169,2,42,32,reg_atr_change_rate_ts_band30_70,regime,atr_change_rate,volatility,1
(*)|(*)|(reg_atr_change_rate_ts_band30_70==1&reg_atr_change_rate_ts_top40==1&reg_atr_change_rate_ts_top60==0&reg_atr_change_rate_ts_top80==0&reg_ema20_gt_ema50_raw==0),689928fb2169,2,42,16,reg_atr_change_rate_ts_top60,regime,atr_change_rate,volatility,0
(*)|(*)|(reg_atr_change_rate_ts_band30_70==1&reg_atr_change_rate_ts_top40==1&reg_atr_change_rate_ts_top60==0&reg_atr_change_rate_ts_top80==0&reg_ema20_gt_ema50_raw==0),689928fb2169,2,42,8,reg_atr_change_rate_ts_top40,regime,atr_change_rate,volatility,1
(*)|(*)|(reg_atr_change_rate_ts_band30_70==1&reg_atr_change_rate_ts_top60==1&reg_atr_change_rate_ts_top80==0&reg_ema20_gt_ema50_raw==0),b671e84322ad,2,42,324,reg_ema20_gt_ema50_raw,regime,ema20_gt_ema50,trend,0
(*)|(*)|(reg_atr_change_rate_ts_band30_70==1&reg_atr_change_rate_ts_top60==1&reg_atr_change_rate_ts_top80==0&reg_ema20_gt_ema50_raw==0),b671e84322ad,2,42,24,reg_atr_change_rate_ts_top80,regime,atr_change_rate,volatility,0
(*)|(*)|(reg_atr_change_rate_ts_band30_70==1&reg_atr_change_rate_ts_top60==1&reg_atr_change_rate_ts_top80==0&reg_ema20_gt_ema50_raw==0),b671e84322ad,2,42,32,reg_atr_change_rate_ts_band30_70,regime,atr_change_rate,volatility,1
(*)|(*)|(reg_atr_change_rate_ts_band30_70==1&reg_atr_change_rate_ts_top60==1&reg_atr_change_rate_ts_top80==0&reg_ema20_gt_ema50_raw==0),b671e84322ad,2,42,16,reg_atr_change_rate_ts_top60,regime,atr_change_rate,volatility,1
(*)|(*)|(reg_atr_change_rate_ts_top80==1&reg_ema20_gt_ema50_raw==0),ed1ab73e8ce1,2,42,324,reg_ema20_gt_ema50_raw,regime,ema20_gt_ema50,trend,0
(*)|(*)|(reg_atr_change_rate_ts_top80==1&reg_ema20_gt_ema50_raw==0),ed1ab73e8ce1,2,42,24,reg_atr_change_rate_ts_top80,regime,atr_change_rate,volatility,1
(*)|(*)|(reg_atr_change_rate_ts_top80==0&reg_ema20_gt_ema50_raw==1),d97b10513828,2,42,324,reg_ema20_gt_ema50_raw,regime,ema20_gt_ema50,trend,1
(*)|(*)|(reg_atr_change_rate_ts_top80==0&reg_ema20_gt_ema50_raw==1),d97b10513828,2,42,24,reg_atr_change_rate_ts_top80,regime,atr_change_rate,volatility,0
(*)|(*)|(reg_atr_change_rate_ts_top80==1&reg_ema20_gt_ema50_raw==1),1adfaa3d587f,2,42,324,reg_ema20_gt_ema50_raw,regime,ema20_gt_ema50,trend,1
(*)|(*)|(reg_atr_change_rate_ts_top80==1&reg_ema20_gt_ema50_raw==1),1adfaa3d587f,2,42,24,reg_atr_change_rate_ts_top80,regime,atr_change_rate,volatility,1
(*)|(*)|(reg_atr_change_rate_ts_band25_75==0&reg_atr_change_rate_ts_top20==1&reg_atr_change_rate_ts_top30==0&reg_atr_change_rate_ts_top80==0&reg_ema20_gt_ema50_raw==0),4b23fcc89f00,2,42,324,reg_ema20_gt_ema50_raw,regime,ema20_gt_ema50,trend,0
(*)|(*)|(reg_atr_change_rate_ts_band25_75==0&reg_atr_change_rate_ts_top20==1&reg_atr_change_rate_ts_top30==0&reg_atr_change_rate_ts_top80==0&reg_ema20_gt_ema50_raw==0),4b23fcc89f00,2,42,0,reg_atr_change_rate_ts_top20,regime,atr_change_rate,volatility,1
(*)|(*)|(reg_atr_change_rate_ts_band25_75==0&reg_atr_change_rate_ts_top20==1&reg_atr_change_rate_ts_top30==0&reg_atr_change_rate_ts_top80==0&reg_ema20_gt_ema50_raw==0),4b23fcc89f00,2,42,30,reg_atr_change_rate_ts_band25_75,regime,atr_change_rate,volatility,0
(*)|(*)|(reg_atr_change_rate_ts_band25_75==0&reg_atr_change_rate_ts_top20==1&reg_atr_change_rate_ts_top30==0&reg_atr_change_rate_ts_top80==0&reg_ema20_gt_ema50_raw==0),4b23fcc89f00,2,42,24,reg_atr_change_rate_ts_top80,regime,atr_change_rate,volatility,0
(*)|(*)|(reg_atr_change_rate_ts_band25_75==0&reg_atr_change_rate_ts_top20==1&reg_atr_change_rate_ts_top30==0&reg_atr_change_rate_ts_top80==0&reg_ema20_gt_ema50_raw==0),4b23fcc89f00,2,42,4,reg_atr_change_rate_ts_top30,regime,atr_change_rate,volatility,0
(*)|(*)|(reg_atr_change_rate_ts_band25_75==0&reg_atr_change_rate_ts_top20==1&reg_atr_change_rate_ts_top30==1&reg_atr_change_rate_ts_top80==0&reg_ema20_gt_ema50_raw==0),f0ebce78057d,2,42,324,reg_ema20_gt_ema50_raw,regime,ema20_gt_ema50,trend,0
(*)|(*)|(reg_atr_change_rate_ts_band25_75==0&reg_atr_change_rate_ts_top20==1&reg_atr_change_rate_ts_top30==1&reg_atr_change_rate_ts_top80==0&reg_ema20_gt_ema50_raw==0),f0ebce78057d,2,42,0,reg_atr_change_rate_ts_top20,regime,atr_change_rate,volatility,1
(*)|(*)|(reg_atr_change_rate_ts_band25_75==0&reg_atr_change_rate_ts_top20==1&reg_atr_change_rate_ts_top30==1&reg_atr_change_rate_ts_top80==0&reg_ema20_gt_ema50_raw==0),f0ebce78057d,2,42,30,reg_atr_change_rate_ts_band25_75,regime,atr_change_rate,volatility,0
(*)|(*)|(reg_atr_change_rate_ts_band25_75==0&reg_atr_change_rate_ts_top20==1&reg_atr_change_rate_ts_top30==1&reg_atr_change_rate_ts_top80==0&reg_ema20_gt_ema50_raw==0),f0ebce78057d,2,42,24,reg_atr_change_rate_ts_top80,regime,atr_change_rate,volatility,0
(*)|(*)|(reg_atr_change_rate_ts_band25_75==0&reg_atr_change_rate_ts_top20==1&reg_atr_change_rate_ts_top30==1&reg_atr_change_rate_ts_top80==0&reg_ema20_gt_ema50_raw==0),f0ebce78057d,2,42,4,reg_atr_change_rate_ts_top30,regime,atr_change_rate,volatility,1
(*)|(*)|(reg_atr_change_rate_ts_band25_75==0&reg_atr_change_rate_ts_top20==1&reg_atr_change_rate_ts_top80==1&reg_ema20_gt_ema50_raw==0),f38426087a25,2,42,324,reg_ema20_gt_ema50_raw,regime,ema20_gt_ema50,trend,0
(*)|(*)|(reg_atr_change_rate_ts_band25_75==0&reg_atr_change_rate_ts_top20==1&reg_atr_change_rate_ts_top80==1&reg_ema20_gt_ema50_raw==0),f38426087a25,2,42,0,reg_atr_change_rate_ts_top20,regime,atr_change_rate,volatility,1
(*)|(*)|(reg_atr_change_rate_ts_band25_75==0&reg_atr_change_rate_ts_top20==1&reg_atr_change_rate_ts_top80==1&reg_ema20_gt_ema50_raw==0),f38426087a25,2,42,30,reg_atr_change_rate_ts_band25_75,regime,atr_change_rate,volatility,0
(*)|(*)|(reg_atr_change_rate_ts_band25_75==0&reg_atr_change_rate_ts_top20==1&reg_atr_change_rate_ts_top80==1&reg_ema20_gt_ema50_raw==0),f38426087a25,2,42,24,reg_atr_change_rate_ts_top80,regime,atr_change_rate,volatility,1
(*)|(*)|(reg_atr_change_rate_ts_band25_75==1&reg_atr_change_rate_ts_top20==1&reg_atr_change_rate_ts_top30==0&reg_ema20_gt_ema50_raw==0),716bef1e703b,2,42,324,reg_ema20_gt_ema50_raw,regime,ema20_gt_ema50,trend,0
(*)|(*)|(reg_atr_change_rate_ts_band25_75==1&reg_atr_change_rate_ts_top20==1&reg_atr_change_rate_ts_top30==0&reg_ema20_gt_ema50_raw==0),716bef1e703b,2,42,0,reg_atr_change_rate_ts_top20,regime,atr_change_rate,volatility,1
(*)|(*)|(reg_atr_change_rate_ts_band25_75==1&reg_atr_change_rate_ts_top20==1&reg_atr_change_rate_ts_top30==0&reg_ema20_gt_ema50_raw==0),716bef1e703b,2,42,30,reg_atr_change_rate_ts_band25_75,regime,atr_change_rate,volatility,1
(*)|(*)|(reg_atr_change_rate_ts_band25_75==1&reg_atr_change_rate_ts_top20==1&reg_atr_change_rate_ts_top30==0&reg_ema20_gt_ema50_raw==0),716bef1e703b,2,42,4,reg_atr_change_rate_ts_top30,regime,atr_change_rate,volatility,0
(*)|(*)|(reg_atr_change_rate_ts_band25_75==1&reg_atr_change_rate_ts_band30_70==0&reg_atr_change_rate_ts_top20==1&reg_atr_change_rate_ts_top30==1&reg_ema20_gt_ema50_raw==0),29864e89bb73,2,42,324,reg_ema20_gt_ema50_raw,regime,ema20_gt_ema50,trend,0
(*)|(*)|(reg_atr_change_rate_ts_band25_75==1&reg_atr_change_rate_ts_band30_70==0&reg_atr_change_rate_ts_top20==1&reg_atr_change_rate_ts_top30==1&reg_ema20_gt_ema50_raw==0),29864e89bb73,2,42,0,reg_atr_change_rate_ts_top20,regime,atr_change_rate,volatility,1
(*)|(*)|(reg_atr_change_rate_ts_band25_75==1&reg_atr_change_rate_ts_band30_70==0&reg_atr_change_rate_ts_top20==1&reg_atr_change_rate_ts_top30==1&reg_ema20_gt_ema50_raw==0),29864e89bb73,2,42,30,reg_atr_change_rate_ts_band25_75,regime,atr_change_rate,volatility,1
(*)|(*)|(reg_atr_change_rate_ts_band25_75==1&reg_atr_change_rate_ts_band30_70==0&reg_atr_change_rate_ts_top20==1&reg_atr_change_rate_ts_top30==1&reg_ema20_gt_ema50_raw==0),29864e89bb73,2,42,4,reg_atr_change_rate_ts_top30,regime,atr_change_rate,volatility,1
(*)|(*)|(reg_atr_change_rate_ts_band25_75==1&reg_atr_change_rate_ts_band30_70==0&reg_atr_change_rate_ts_top20==1&reg_atr_change_rate_ts_top30==1&reg_ema20_gt_ema50_raw==0),29864e89bb73,2,42,32,reg_atr_change_rate_ts_band30_70,regime,atr_change_rate,volatility,0
(*)|(*)|(reg_atr_change_rate_ts_band25_75==1&reg_atr_change_rate_ts_band30_70==1&reg_atr_change_rate_ts_top20==1&reg_atr_change_rate_ts_top30==1&reg_ema20_gt_ema50_raw==0),39a95f9856b1,2,42,324,reg_ema20_gt_ema50_raw,regime,ema20_gt_ema50,trend,0
(*)|(*)|(reg_atr_change_rate_ts_band25_75==1&reg_atr_change_rate_ts_band30_70==1&reg_atr_change_rate_ts_top20==1&reg_atr_change_rate_ts_top30==1&reg_ema20_gt_ema50_raw==0),39a95f9856b1,2,42,0,reg_atr_change_rate_ts_top20,regime,atr_change_rate,volatility,1
(*)|(*)|(reg_atr_change_rate_ts_band25_75==1&reg_atr_change_rate_ts_band30_70==1&reg_atr_change_rate_ts_top20==1&reg_atr_change_rate_ts_top30==1&reg_ema20_gt_ema50_raw==0),39a95f9856b1,2,42,30,reg_atr_change_rate_ts_band25_75,regime,atr_change_rate,volatility,1
(*)|(*)|(reg_atr_change_rate_ts_band25_75==1&reg_atr_change_rate_ts_band30_70==1&reg_atr_change_rate_ts_top20==1&reg_atr_change_rate_ts_top30==1&reg_ema20_gt_ema50_raw==0),39a95f9856b1,2,42,4,reg_atr_change_rate_ts_top30,regime,atr_change_rate,volatility,1
(*)|(*)|(reg_atr_change_rate_ts_band25_75==1&reg_atr_change_rate_ts_band30_70==1&reg_atr_change_rate_ts_top20==1&reg_atr_change_rate_ts_top30==1&reg_ema20_gt_ema50_raw==0),39a95f9856b1,2,42,32,reg_atr_change_rate_ts_band30_70,regime,atr_change_rate,volatility,1
(*)|(*)|(reg_atr_change_rate_ts_top80==0&reg_ema20_gt_ema50_raw==1),cd1bc36aa9fb,2,42,324,reg_ema20_gt_ema50_raw,regime,ema20_gt_ema50,trend,1
(*)|(*)|(reg_atr_change_rate_ts_top80==0&reg_ema20_gt_ema50_raw==1),cd1bc36aa9fb,2,42,24,reg_atr_change_rate_ts_top80,regime,atr_change_rate,volatility,0
(*)|(*)|(reg_atr_change_rate_ts_top80==1&reg_ema20_gt_ema50_raw==1),881f02091c65,2,42,324,reg_ema20_gt_ema50_raw,regime,ema20_gt_ema50,trend,1
(*)|(*)|(reg_atr_change_rate_ts_top80==1&reg_ema20_gt_ema50_raw==1),881f02091c65,2,42,24,reg_atr_change_rate_ts_top80,regime,atr_change_rate,volatility,1
(*)|(loc_dist_ema20_atr_ts_band40_60==1)|(reg_atr_change_rate_ts_bot20==0&reg_atr_change_rate_ts_top60==0&reg_ema20_gt_ema50_raw==0),844dc30c5f5f,2,42,324,reg_ema20_gt_ema50_raw,regime,ema20_gt_ema50,trend,0
(*)|(loc_dist_ema20_atr_ts_band40_60==1)|(reg_atr_change_rate_ts_bot20==0&reg_atr_change_rate_ts_top60==0&reg_ema20_gt_ema50_raw==0),844dc30c5f5f,2,42,2,reg_atr_change_rate_ts_bot20,regime,atr_change_rate,volatility,0
(*)|(loc_dist_ema20_atr_ts_band40_60==1)|(reg_atr_change_rate_ts_bot20==0&reg_atr_change_rate_ts_top60==0&reg_ema20_gt_ema50_raw==0),844dc30c5f5f,2,42,16,reg_atr_change_rate_ts_top60,regime,atr_change_rate,volatility,0
(*)|(loc_dist_ema20_atr_ts_band40_60==1)|(reg_atr_change_rate_ts_bot20==0&reg_atr_change_rate_ts_top60==0&reg_ema20_gt_ema50_raw==0),844dc30c5f5f,2,42,35,loc_dist_ema20_atr_ts_band40_60,location,dist_ema20_atr,context,1
(*)|(loc_dist_ema20_atr_ts_top70==0)|(reg_atr_change_rate_ts_bot20==0&reg_atr_change_rate_ts_top60==1&reg_ema20_gt_ema50_raw==0),2c6e1ee10fc2,2,42,324,reg_ema20_gt_ema50_raw,regime,ema20_gt_ema50,trend,0
(*)|(loc_dist_ema20_atr_ts_top70==0)|(reg_atr_change_rate_ts_bot20==0&reg_atr_change_rate_ts_top60==1&reg_ema20_gt_ema50_raw==0),2c6e1ee10fc2,2,42,2,reg_atr_change_rate_ts_bot20,regime,atr_change_rate,volatility,0
(*)|(loc_dist_ema20_atr_ts_top70==0)|(reg_atr_change_rate_ts_bot20==0&reg_atr_change_rate_ts_top60==1&reg_ema20_gt_ema50_raw==0),2c6e1ee10fc2,2,42,16,reg_atr_change_rate_ts_top60,regime,atr_change_rate,volatility,1
(*)|(loc_dist_ema20_atr_ts_top70==0)|(reg_atr_change_rate_ts_bot20==0&reg_atr_change_rate_ts_top60==1&reg_ema20_gt_ema50_raw==0),2c6e1ee10fc2,2,42,21,loc_dist_ema20_atr_ts_top70,location,dist_ema20_atr,context,0
(*)|(loc_dist_ema20_atr_ts_top70==1)|(reg_atr_change_rate_ts_bot20==0&reg_atr_change_rate_ts_top60==1&reg_ema20_gt_ema50_raw==0),6c70ddf0d8aa,2,42,324,reg_ema20_gt_ema50_raw,regime,ema20_gt_ema50,trend,0
(*)|(loc_dist_ema20_atr_ts_top70==1)|(reg_atr_change_rate_ts_bot20==0&reg_atr_change_rate_ts_top60==1&reg_ema20_gt_ema50_raw==0),6c70ddf0d8aa,2,42,2,reg_atr_change_rate_ts_bot20,regime,atr_change_rate,volatility,0
(*)|(loc_dist_ema20_atr_ts_top70==1)|(reg_atr_change_rate_ts_bot20==0&reg_atr_change_rate_ts_top60==1&reg_ema20_gt_ema50_raw==0),6c70ddf0d8aa,2,42,16,reg_atr_change_rate_ts_top60,regime,atr_change_rate,volatility,1
(*)|(loc_dist_ema20_atr_ts_top70==1)|(reg_atr_change_rate_ts_bot20==0&reg_atr_change_rate_ts_top60==1&reg_ema20_gt_ema50_raw==0),6c70ddf0d8aa,2,42,21,loc_dist_ema20_atr_ts_top70,location,dist_ema20_atr,context,1
(*)|(*)|(reg_atr_change_rate_ts_bot20==1&reg_ema20_gt_ema50_raw==0),73d63e04d361,2,42,324,reg_ema20_gt_ema50_raw,regime,ema20_gt_ema50,trend,0
(*)|(*)|(reg_atr_change_rate_ts_bot20==1&reg_ema20_gt_ema50_raw==0),73d63e04d361,2,42,2,reg_atr_change_rate_ts_bot20,regime,atr_change_rate,volatility,1
(*)|(loc_dist_ema20_atr_ts_top80==0)|(reg_ema20_gt_ema50_raw==1),e421c7186327,2,42,324,reg_ema20_gt_ema50_raw,regime,ema20_gt_ema50,trend,1
(*)|(loc_dist_ema20_atr_ts_top80==0)|(reg_ema20_gt_ema50_raw==1),e421c7186327,2,42,25,loc_dist_ema20_atr_ts_top80,location,dist_ema20_atr,context,0
(*)|(loc_dist_ema20_atr_ts_top80==1)|(reg_ema20_gt_ema50_raw==1),b42d302e37e3,2,42,324,reg_ema20_gt_ema50_raw,regime,ema20_gt_ema50,trend,1
(*)|(loc_dist_ema20_atr_ts_top80==1)|(reg_ema20_gt_ema50_raw==1),b42d302e37e3,2,42,25,loc_dist_ema20_atr_ts_top80,location,dist_ema20_atr,context,1
(*)|(*)|(reg_atr_change_rate_ts_band25_75==0&reg_atr_change_rate_ts_band30_70==0&reg_atr_change_rate_ts_top20==1&reg_atr_change_rate_ts_top40==0&reg_ema20_gt_ema50_raw==0),25bc82bc4cb1,2,42,324,reg_ema20_gt_ema50_raw,regime,ema20_gt_ema50,trend,0
(*)|(*)|(reg_atr_change_rate_ts_band25_75==0&reg_atr_change_rate_ts_band30_70==0&reg_atr_change_rate_ts_top20==1&reg_atr_change_rate_ts_top40==0&reg_ema20_gt_ema50_raw==0),25bc82bc4cb1,2,42,32,reg_atr_change_rate_ts_band30_70,regime,atr_change_rate,volatility,0
(*)|(*)|(reg_atr_change_rate_ts_band25_75==0&reg_atr_change_rate_ts_band30_70==0&reg_atr_change_rate_ts_top20==1&reg_atr_change_rate_ts_top40==0&reg_ema20_gt_ema50_raw==0),25bc82bc4cb1,2,42,0,reg_atr_change_rate_ts_top20,regime,atr_change_rate,volatility,1
(*)|(*)|(reg_atr_change_rate_ts_band25_75==0&reg_atr_change_rate_ts_band30_70==0&reg_atr_change_rate_ts_top20==1&reg_atr_change_rate_ts_top40==0&reg_ema20_gt_ema50_raw==0),25bc82bc4cb1,2,42,30,reg_atr_change_rate_ts_band25_75,regime,atr_change_rate,volatility,0
(*)|(*)|(reg_atr_change_rate_ts_band25_75==0&reg_atr_change_rate_ts_band30_70==0&reg_atr_change_rate_ts_top20==1&reg_atr_change_rate_ts_top40==0&reg_ema20_gt_ema50_raw==0),25bc82bc4cb1,2,42,8,reg_atr_change_rate_ts_top40,regime,atr_change_rate,volatility,0
(*)|(*)|(reg_atr_change_rate_ts_band25_75==0&reg_atr_change_rate_ts_band30_70==0&reg_atr_change_rate_ts_top20==1&reg_atr_change_rate_ts_top40==1&reg_ema20_gt_ema50_raw==0),14c9a73dd50e,2,42,324,reg_ema20_gt_ema50_raw,regime,ema20_gt_ema50,trend,0
(*)|(*)|(reg_atr_change_rate_ts_band25_75==0&reg_atr_change_rate_ts_band30_70==0&reg_atr_change_rate_ts_top20==1&reg_atr_change_rate_ts_top40==1&reg_ema20_gt_ema50_raw==0),14c9a73dd50e,2,42,32,reg_atr_change_rate_ts_band30_70,regime,atr_change_rate,volatility,0
(*)|(*)|(reg_atr_change_rate_ts_band25_75==0&reg_atr_change_rate_ts_band30_70==0&reg_atr_change_rate_ts_top20==1&reg_atr_change_rate_ts_top40==1&reg_ema20_gt_ema50_raw==0),14c9a73dd50e,2,42,0,reg_atr_change_rate_ts_top20,regime,atr_change_rate,volatility,1
(*)|(*)|(reg_atr_change_rate_ts_band25_75==0&reg_atr_change_rate_ts_band30_70==0&reg_atr_change_rate_ts_top20==1&reg_atr_change_rate_ts_top40==1&reg_ema20_gt_ema50_raw==0),14c9a73dd50e,2,42,30,reg_atr_change_rate_ts_band25_75,regime,atr_change_rate,volatility,0
(*)|(*)|(reg_atr_change_rate_ts_band25_75==0&reg_atr_change_rate_ts_band30_70==0&reg_atr_change_rate_ts_top20==1&reg_atr_change_rate_ts_top40==1&reg_ema20_gt_ema50_raw==0),14c9a73dd50e,2,42,8,reg_atr_change_rate_ts_top40,regime,atr_change_rate,volatility,1
(*)|(*)|(reg_atr_change_rate_ts_band25_75==1&reg_atr_change_rate_ts_band30_70==0&reg_atr_change_rate_ts_top20==1&reg_atr_change_rate_ts_top40==0&reg_ema20_gt_ema50_raw==0),5609489b15b0,2,42,324,reg_ema20_gt_ema50_raw,regime,ema20_gt_ema50,trend,0
(*)|(*)|(reg_atr_change_rate_ts_band25_75==1&reg_atr_change_rate_ts_band30_70==0&reg_atr_change_rate_ts_top20==1&reg_atr_change_rate_ts_top40==0&reg_ema20_gt_ema50_raw==0),5609489b15b0,2,42,32,reg_atr_change_rate_ts_band30_70,regime,atr_change_rate,volatility,0
(*)|(*)|(reg_atr_change_rate_ts_band25_75==1&reg_atr_change_rate_ts_band30_70==0&reg_atr_change_rate_ts_top20==1&reg_atr_change_rate_ts_top40==0&reg_ema20_gt_ema50_raw==0),5609489b15b0,2,42,0,reg_atr_change_rate_ts_top20,regime,atr_change_rate,volatility,1
(*)|(*)|(reg_atr_change_rate_ts_band25_75==1&reg_atr_change_rate_ts_band30_70==0&reg_atr_change_rate_ts_top20==1&reg_atr_change_rate_ts_top40==0&reg_ema20_gt_ema50_raw==0),5609489b15b0,2,42,30,reg_atr_change_rate_ts_band25_75,regime,atr_change_rate,volatility,1
(*)|(*)|(reg_atr_change_rate_ts_band25_75==1&reg_atr_change_rate_ts_band30_70==0&reg_atr_change_rate_ts_top20==1&reg_atr_change_rate_ts_top40==0&reg_ema20_gt_ema50_raw==0),5609489b15b0,2,42,8,reg_atr_change_rate_ts_top40,regime,atr_change_rate,volatility,0
(*)|(*)|(reg_atr_change_rate_ts_band25_75==1&reg_atr_change_rate_ts_band30_70==0&reg_atr_change_rate_ts_top20==1&reg_atr_change_rate_ts_top40==1&reg_ema20_gt_ema50_raw==0),30a57d1be9ee,2,42,324,reg_ema20_gt_ema50_raw,regime,ema20_gt_ema50,trend,0
(*)|(*)|(reg_atr_change_rate_ts_band25_75==1&reg_atr_change_rate_ts_band30_70==0&reg_atr_change_rate_ts_top20==1&reg_atr_change_rate_ts_top40==1&reg_ema20_gt_ema50_raw==0),30a57d1be9ee,2,42,32,reg_atr_change_rate_ts_band30_70,regime,atr_change_rate,volatility,0
(*)|(*)|(reg_atr_change_rate_ts_band25_75==1&reg_atr_change_rate_ts_band30_70==0&reg_atr_change_rate_ts_top20==1&reg_atr_change_rate_ts_top40==1&reg_ema20_gt_ema50_raw==0),30a57d1be9ee,2,42,0,reg_atr_change_rate_ts_top20,regime,atr_change_rate,volatility,1
(*)|(*)|(reg_atr_change_rate_ts_band25_75==1&reg_atr_change_rate_ts_band30_70==0&reg_atr_change_rate_ts_top20==1&reg_atr_change_rate_ts_top40==1&reg_ema20_gt_ema50_raw==0),30a57d1be9ee,2,42,30,reg_atr_change_rate_ts_band25_75,regime,atr_change_rate,volatility,1
(*)|(*)|(reg_atr_change_rate_ts_band25_75==1&reg_atr_change_rate_ts_band30_70==0&reg_atr_change_rate_ts_top20==1&reg_atr_change_rate_ts_top40==1&reg_ema20_gt_ema50_raw==0),30a57d1be9ee,2,42,8,reg_atr_change_rate_ts_top40,regime,atr_change_rate,volatility,1
(*)|(*)|(reg_atr_change_rate_ts_band30_70==1&reg_atr_change_rate_ts_top50==0&reg_ema20_gt_ema50_raw==0),0c7d3e227008,2,42,324,reg_ema20_gt_ema50_raw,regime,ema20_gt_ema50,trend,0
(*)|(*)|(reg_atr_change_rate_ts_band30_70==1&reg_atr_change_rate_ts_top50==0&reg_ema20_gt_ema50_raw==0),0c7d3e227008,2,42,32,reg_atr_change_rate_ts_band30_70,regime,atr_change_rate,volatility,1
(*)|(*)|(reg_atr_change_rate_ts_band30_70==1&reg_atr_change_rate_ts_top50==0&reg_ema20_gt_ema50_raw==0),0c7d3e227008,2,42,12,reg_atr_change_rate_ts_top50,regime,atr_change_rate,volatility,0
(*)|(*)|(reg_atr_change_rate_ts_band30_70==1&reg_atr_change_rate_ts_top50==1&reg_atr_change_rate_ts_top60==0&reg_ema20_gt_ema50_raw==0),d6ad6a6523f5,2,42,324,reg_ema20_gt_ema50_raw,regime,ema20_gt_ema50,trend,0
(*)|(*)|(reg_atr_change_rate_ts_band30_70==1&reg_atr_change_rate_ts_top50==1&reg_atr_change_rate_ts_top60==0&reg_ema20_gt_ema50_raw==0),d6ad6a6523f5,2,42,32,reg_atr_change_rate_ts_band30_70,regime,atr_change_rate,volatility,1
(*)|(*)|(reg_atr_change_rate_ts_band30_70==1&reg_atr_change_rate_ts_top50==1&reg_atr_change_rate_ts_top60==0&reg_ema20_gt_ema50_raw==0),d6ad6a6523f5,2,42,12,reg_atr_change_rate_ts_top50,regime,atr_change_rate,volatility,1
(*)|(*)|(reg_atr_change_rate_ts_band30_70==1&reg_atr_change_rate_ts_top50==1&reg_atr_change_rate_ts_top60==0&reg_ema20_gt_ema50_raw==0),d6ad6a6523f5,2,42,16,reg_atr_change_rate_ts_top60,regime,atr_change_rate,volatility,0
(*)|(*)|(reg_atr_change_rate_ts_band30_70==1&reg_atr_change_rate_ts_top50==1&reg_atr_change_rate_ts_top60==1&reg_ema20_gt_ema50_raw==0),9c6a305e6903,2,42,324,reg_ema20_gt_ema50_raw,regime,ema20_gt_ema50,trend,0
(*)|(*)|(reg_atr_change_rate_ts_band30_70==1&reg_atr_change_rate_ts_top50==1&reg_atr_change_rate_ts_top60==1&reg_ema20_gt_ema50_raw==0),9c6a305e6903,2,42,32,reg_atr_change_rate_ts_band30_70,regime,atr_change_rate,volatility,1
(*)|(*)|(reg_atr_change_rate_ts_band30_70==1&reg_atr_change_rate_ts_top50==1&reg_atr_change_rate_ts_top60==1&reg_ema20_gt_ema50_raw==0),9c6a305e6903,2,42,12,reg_atr_change_rate_ts_top50,regime,atr_change_rate,volatility,1
(*)|(*)|(reg_atr_change_rate_ts_band30_70==1&reg_atr_change_rate_ts_top50==1&reg_atr_change_rate_ts_top60==1&reg_ema20_gt_ema50_raw==0),9c6a305e6903,2,42,16,reg_atr_change_rate_ts_top60,regime,atr_change_rate,volatility,1
(*)|(loc_dist_ema20_atr_ts_top80==0)|(reg_ema20_gt_ema50_raw==1),864192cec24f,2,42,324,reg_ema20_gt_ema50_raw,regime,ema20_gt_ema50,trend,1
(*)|(loc_dist_ema20_atr_ts_top80==0)|(reg_ema20_gt_ema50_raw==1),864192cec24f,2,42,25,loc_dist_ema20_atr_ts_top80,location,dist_ema20_atr,context,0
(*)|(loc_dist_ema20_atr_ts_top80==1)|(reg_ema20_gt_ema50_raw==1),526f296a5f5f,2,42,324,reg_ema20_gt_ema50_raw,regime,ema20_gt_ema50,trend,1
(*)|(loc_dist_ema20_atr_ts_top80==1)|(reg_ema20_gt_ema50_raw==1),526f296a5f5f,2,42,25,loc_dist_ema20_atr_ts_top80,location,dist_ema20_atr,context,1
(*)|(loc_dist_ema20_atr_ts_top50==0)|(reg_atr_change_rate_ts_band20_80==1&reg_atr_change_rate_ts_band25_75==0&reg_ema20_gt_ema50_raw==0),eb25ff8c31a4,2,42,324,reg_ema20_gt_ema50_raw,regime,ema20_gt_ema50,trend,0
(*)|(loc_dist_ema20_atr_ts_top50==0)|(reg_atr_change_rate_ts_band20_80==1&reg_atr_change_rate_ts_band25_75==0&reg_ema20_gt_ema50_raw==0),eb25ff8c31a4,2,42,28,reg_atr_change_rate_ts_band20_80,regime,atr_change_rate,volatility,1
(*)|(loc_dist_ema20_atr_ts_top50==0)|(reg_atr_change_rate_ts_band20_80==1&reg_atr_change_rate_ts_band25_75==0&reg_ema20_gt_ema50_raw==0),eb25ff8c31a4,2,42,30,reg_atr_change_rate_ts_band25_75,regime,atr_change_rate,volatility,0
(*)|(loc_dist_ema20_atr_ts_top50==0)|(reg_atr_change_rate_ts_band20_80==1&reg_atr_change_rate_ts_band25_75==0&reg_ema20_gt_ema50_raw==0),eb25ff8c31a4,2,42,13,loc_dist_ema20_atr_ts_top50,location,dist_ema20_atr,context,0
(*)|(loc_dist_ema20_atr_ts_top50==0)|(reg_atr_change_rate_ts_band20_80==1&reg_atr_change_rate_ts_band25_75==1&reg_ema20_gt_ema50_raw==0),548b321758a7,2,42,324,reg_ema20_gt_ema50_raw,regime,ema20_gt_ema50,trend,0
(*)|(loc_dist_ema20_atr_ts_top50==0)|(reg_atr_change_rate_ts_band20_80==1&reg_atr_change_rate_ts_band25_75==1&reg_ema20_gt_ema50_raw==0),548b321758a7,2,42,28,reg_atr_change_rate_ts_band20_80,regime,atr_change_rate,volatility,1
(*)|(loc_dist_ema20_atr_ts_top50==0)|(reg_atr_change_rate_ts_band20_80==1&reg_atr_change_rate_ts_band25_75==1&reg_ema20_gt_ema50_raw==0),548b321758a7,2,42,30,reg_atr_change_rate_ts_band25_75,regime,atr_change_rate,volatility,1
(*)|(loc_dist_ema20_atr_ts_top50==0)|(reg_atr_change_rate_ts_band20_80==1&reg_atr_change_rate_ts_band25_75==1&reg_ema20_gt_ema50_raw==0),548b321758a7,2,42,13,loc_dist_ema20_atr_ts_top50,location,dist_ema20_atr,context,0
(*)|(loc_dist_ema20_atr_ts_top50==1)|(reg_atr_change_rate_ts_band20_80==1&reg_atr_change_rate_ts_band25_75==0&reg_ema20_gt_ema50_raw==0),cf6673d3607d,2,42,324,reg_ema20_gt_ema50_raw,regime,ema20_gt_ema50,trend,0
(*)|(loc_dist_ema20_atr_ts_top50==1)|(reg_atr_change_rate_ts_band20_80==1&reg_atr_change_rate_ts_band25_75==0&reg_ema20_gt_ema50_raw==0),cf6673d3607d,2,42,28,reg_atr_change_rate_ts_band20_80,regime,atr_change_rate,volatility,1
(*)|(loc_dist_ema20_atr_ts_top50==1)|(reg_atr_change_rate_ts_band20_80==1&reg_atr_change_rate_ts_band25_75==0&reg_ema20_gt_ema50_raw==0),cf6673d3607d,2,42,30,reg_atr_change_rate_ts_band25_75,regime,atr_change_rate,volatility,0
(*)|(loc_dist_ema20_atr_ts_top50==1)|(reg_atr_change_rate_ts_band20_80==1&reg_atr_change_rate_ts_band25_75==0&reg_ema20_gt_ema50_raw==0),cf6673d3607d,2,42,13,loc_dist_ema20_atr_ts_top50,location,dist_ema20_atr,context,1
(*)|(loc_dist_ema20_atr_ts_top50==1)|(reg_atr_change_rate_ts_band20_80==1&reg_atr_change_rate_ts_band25_75==1&reg_ema20_gt_ema50_raw==0),172c4756929d,2,42,324,reg_ema20_gt_ema50_raw,regime,ema20_gt_ema50,trend,0
(*)|(loc_dist_ema20_atr_ts_top50==1)|(reg_atr_change_rate_ts_band20_80==1&reg_atr_change_rate_ts_band25_75==1&reg_ema20_gt_ema50_raw==0),172c4756929d,2,42,28,reg_atr_change_rate_ts_band20_80,regime,atr_change_rate,volatility,1
(*)|(loc_dist_ema20_atr_ts_top50==1)|(reg_atr_change_rate_ts_band20_80==1&reg_atr_change_rate_ts_band25_75==1&reg_ema20_gt_ema50_raw==0),172c4756929d,2,42,30,reg_atr_change_rate_ts_band25_75,regime,atr_change_rate,volatility,1
(*)|(loc_dist_ema20_atr_ts_top50==1)|(reg_atr_change_rate_ts_band20_80==1&reg_atr_change_rate_ts_band25_75==1&reg_ema20_gt_ema50_raw==0),172c4756929d,2,42,13,loc_dist_ema20_atr_ts_top50,location,dist_ema20_atr,context,1
(*)|(*)|(reg_ema20_gt_ema50_raw==1),e8c507b718a4,2,42,324,reg_ema20_gt_ema50_raw,regime,ema20_gt_ema50,trend,1
(*)|(*)|(reg_atr_change_rate_ts_band20_80==0&reg_atr_change_rate_ts_top20==1&reg_ema20_gt_ema50_raw==0),5bfff4ee79d3,2,42,28,reg_atr_change_rate_ts_band20_80,regime,atr_change_rate,volatility,0
(*)|(*)|(reg_atr_change_rate_ts_band20_80==0&reg_atr_change_rate_ts_top20==1&reg_ema20_gt_ema50_raw==0),5bfff4ee79d3,2,42,324,reg_ema20_gt_ema50_raw,regime,ema20_gt_ema50,trend,0
(*)|(*)|(reg_atr_change_rate_ts_band20_80==0&reg_atr_change_rate_ts_top20==1&reg_ema20_gt_ema50_raw==0),5bfff4ee79d3,2,42,0,reg_atr_change_rate_ts_top20,regime,atr_change_rate,volatility,1
(*)|(*)|(reg_atr_change_rate_ts_band20_80==0&reg_ema20_gt_ema50_raw==1),06a0fa060694,2,42,28,reg_atr_change_rate_ts_band20_80,regime,atr_change_rate,volatility,0
(*)|(*)|(reg_atr_change_rate_ts_band20_80==0&reg_ema20_gt_ema50_raw==1),06a0fa060694,2,42,324,reg_ema20_gt_ema50_raw,regime,ema20_gt_ema50,trend,1
(*)|(*)|(reg_atr_change_rate_ts_band20_80==1&reg_atr_change_rate_ts_band25_75==0&reg_atr_change_rate_ts_top30==0&reg_ema20_gt_ema50_raw==0),ac3a4bd9e893,2,42,28,reg_atr_change_rate_ts_band20_80,regime,atr_change_rate,volatility,1
(*)|(*)|(reg_atr_change_rate_ts_band20_80==1&reg_atr_change_rate_ts_band25_75==0&reg_atr_change_rate_ts_top30==0&reg_ema20_gt_ema50_raw==0),ac3a4bd9e893,2,42,30,reg_atr_change_rate_ts_band25_75,regime,atr_change_rate,volatility,0
(*)|(*)|(reg_atr_change_rate_ts_band20_80==1&reg_atr_change_rate_ts_band25_75==0&reg_atr_change_rate_ts_top30==0&reg_ema20_gt_ema50_raw==0),ac3a4bd9e893,2,42,324,reg_ema20_gt_ema50_raw,regime,ema20_gt_ema50,trend,0
(*)|(*)|(reg_atr_change_rate_ts_band20_80==1&reg_atr_change_rate_ts_band25_75==0&reg_atr_change_rate_ts_top30==0&reg_ema20_gt_ema50_raw==0),ac3a4bd9e893,2,42,4,reg_atr_change_rate_ts_top30,regime,atr_change_rate,volatility,0
(*)|(*)|(reg_atr_change_rate_ts_band20_80==1&reg_atr_change_rate_ts_band25_75==0&reg_atr_change_rate_ts_top30==1&reg_ema20_gt_ema50_raw==0),4f62b6096f73,2,42,28,reg_atr_change_rate_ts_band20_80,regime,atr_change_rate,volatility,1
(*)|(*)|(reg_atr_change_rate_ts_band20_80==1&reg_atr_change_rate_ts_band25_75==0&reg_atr_change_rate_ts_top30==1&reg_ema20_gt_ema50_raw==0),4f62b6096f73,2,42,30,reg_atr_change_rate_ts_band25_75,regime,atr_change_rate,volatility,0
(*)|(*)|(reg_atr_change_rate_ts_band20_80==1&reg_atr_change_rate_ts_band25_75==0&reg_atr_change_rate_ts_top30==1&reg_ema20_gt_ema50_raw==0),4f62b6096f73,2,42,324,reg_ema20_gt_ema50_raw,regime,ema20_gt_ema50,trend,0
(*)|(*)|(reg_atr_change_rate_ts_band20_80==1&reg_atr_change_rate_ts_band25_75==0&reg_atr_change_rate_ts_top30==1&reg_ema20_gt_ema50_raw==0),4f62b6096f73,2,42,4,reg_atr_change_rate_ts_top30,regime,atr_change_rate,volatility,1
(*)|(*)|(reg_atr_change_rate_ts_band20_80==1&reg_atr_change_rate_ts_band25_75==0&reg_ema20_gt_ema50_raw==1),e7f71dbd93ad,2,42,28,reg_atr_change_rate_ts_band20_80,regime,atr_change_rate,volatility,1
(*)|(*)|(reg_atr_change_rate_ts_band20_80==1&reg_atr_change_rate_ts_band25_75==0&reg_ema20_gt_ema50_raw==1),e7f71dbd93ad,2,42,30,reg_atr_change_rate_ts_band25_75,regime,atr_change_rate,volatility,0
(*)|(*)|(reg_atr_change_rate_ts_band20_80==1&reg_atr_change_rate_ts_band25_75==0&reg_ema20_gt_ema50_raw==1),e7f71dbd93ad,2,42,324,reg_ema20_gt_ema50_raw,regime,ema20_gt_ema50,trend,1
(*)|(loc_dist_ema20_atr_ts_top60==0)|(reg_atr_change_rate_ts_band20_80==1&reg_atr_change_rate_ts_band25_75==1&reg_atr_change_rate_ts_top70==0),bbac7f631cf9,2,42,28,reg_atr_change_rate_ts_band20_80,regime,atr_change_rate,volatility,1
(*)|(loc_dist_ema20_atr_ts_top60==0)|(reg_atr_change_rate_ts_band20_80==1&reg_atr_change_rate_ts_band25_75==1&reg_atr_change_rate_ts_top70==0),bbac7f631cf9,2,42,30,reg_atr_change_rate_ts_band25_75,regime,atr_change_rate,volatility,1
(*)|(loc_dist_ema20_atr_ts_top60==0)|(reg_atr_change_rate_ts_band20_80==1&reg_atr_change_rate_ts_band25_75==1&reg_atr_change_rate_ts_top70==0),bbac7f631cf9,2,42,20,reg_atr_change_rate_ts_top70,regime,atr_change_rate,volatility,0
(*)|(loc_dist_ema20_atr_ts_top60==0)|(reg_atr_change_rate_ts_band20_80==1&reg_atr_change_rate_ts_band25_75==1&reg_atr_change_rate_ts_top70==0),bbac7f631cf9,2,42,17,loc_dist_ema20_atr_ts_top60,location,dist_ema20_atr,context,0
(*)|(loc_dist_ema20_atr_ts_top60==1)|(reg_atr_change_rate_ts_band20_80==1&reg_atr_change_rate_ts_band25_75==1&reg_atr_change_rate_ts_top70==0),f7bf303f25b9,2,42,28,reg_atr_change_rate_ts_band20_80,regime,atr_change_rate,volatility,1
(*)|(loc_dist_ema20_atr_ts_top60==1)|(reg_atr_change_rate_ts_band20_80==1&reg_atr_change_rate_ts_band25_75==1&reg_atr_change_rate_ts_top70==0),f7bf303f25b9,2,42,30,reg_atr_change_rate_ts_band25_75,regime,atr_change_rate,volatility,1
(*)|(loc_dist_ema20_atr_ts_top60==1)|(reg_atr_change_rate_ts_band20_80==1&reg_atr_change_rate_ts_band25_75==1&reg_atr_change_rate_ts_top70==0),f7bf303f25b9,2,42,20,reg_atr_change_rate_ts_top70,regime,atr_change_rate,volatility,0
(*)|(loc_dist_ema20_atr_ts_top60==1)|(reg_atr_change_rate_ts_band20_80==1&reg_atr_change_rate_ts_band25_75==1&reg_atr_change_rate_ts_top70==0),f7bf303f25b9,2,42,17,loc_dist_ema20_atr_ts_top60,location,dist_ema20_atr,context,1
(*)|(*)|(reg_atr_change_rate_ts_band20_80==1&reg_atr_change_rate_ts_band25_75==1&reg_atr_change_rate_ts_top70==1),082b8461bff4,2,42,28,reg_atr_change_rate_ts_band20_80,regime,atr_change_rate,volatility,1
(*)|(*)|(reg_atr_change_rate_ts_band20_80==1&reg_atr_change_rate_ts_band25_75==1&reg_atr_change_rate_ts_top70==1),082b8461bff4,2,42,30,reg_atr_change_rate_ts_band25_75,regime,atr_change_rate,volatility,1
(*)|(*)|(reg_atr_change_rate_ts_band20_80==1&reg_atr_change_rate_ts_band25_75==1&reg_atr_change_rate_ts_top70==1),082b8461bff4,2,42,20,reg_atr_change_rate_ts_top70,regime,atr_change_rate,volatility,1
(*)|(loc_dist_ema20_atr_ts_band30_70==0)|(reg_atr_change_rate_ts_top20==1&reg_atr_change_rate_ts_top80==0&reg_ema20_gt_ema50_raw==0),dda05907c55a,2,42,324,reg_ema20_gt_ema50_raw,regime,ema20_gt_ema50,trend,0
(*)|(loc_dist_ema20_atr_ts_band30_70==0)|(reg_atr_change_rate_ts_top20==1&reg_atr_change_rate_ts_top80==0&reg_ema20_gt_ema50_raw==0),dda05907c55a,2,42,0,reg_atr_change_rate_ts_top20,regime,atr_change_rate,volatility,1
(*)|(loc_dist_ema20_atr_ts_band30_70==0)|(reg_atr_change_rate_ts_top20==1&reg_atr_change_rate_ts_top80==0&reg_ema20_gt_ema50_raw==0),dda05907c55a,2,42,24,reg_atr_change_rate_ts_top80,regime,atr_change_rate,volatility,0
(*)|(loc_dist_ema20_atr_ts_band30_70==0)|(reg_atr_change_rate_ts_top20==1&reg_atr_change_rate_ts_top80==0&reg_ema20_gt_ema50_raw==0),dda05907c55a,2,42,33,loc_dist_ema20_atr_ts_band30_70,location,dist_ema20_atr,context,0
(*)|(loc_dist_ema20_atr_ts_band30_70==0)|(reg_atr_change_rate_ts_top20==1&reg_atr_change_rate_ts_top80==1&reg_ema20_gt_ema50_raw==0),11c1ca731604,2,42,324,reg_ema20_gt_ema50_raw,regime,ema20_gt_ema50,trend,0
(*)|(loc_dist_ema20_atr_ts_band30_70==0)|(reg_atr_change_rate_ts_top20==1&reg_atr_change_rate_ts_top80==1&reg_ema20_gt_ema50_raw==0),11c1ca731604,2,42,0,reg_atr_change_rate_ts_top20,regime,atr_change_rate,volatility,1
(*)|(loc_dist_ema20_atr_ts_band30_70==0)|(reg_atr_change_rate_ts_top20==1&reg_atr_change_rate_ts_top80==1&reg_ema20_gt_ema50_raw==0),11c1ca731604,2,42,24,reg_atr_change_rate_ts_top80,regime,atr_change_rate,volatility,1
(*)|(loc_dist_ema20_atr_ts_band30_70==0)|(reg_atr_change_rate_ts_top20==1&reg_atr_change_rate_ts_top80==1&reg_ema20_gt_ema50_raw==0),11c1ca731604,2,42,33,loc_dist_ema20_atr_ts_band30_70,location,dist_ema20_atr,context,0
(*)|(loc_dist_ema20_atr_ts_band30_70==1)|(reg_atr_change_rate_ts_top20==1&reg_atr_change_rate_ts_top60==0&reg_ema20_gt_ema50_raw==0),587828b436a1,2,42,324,reg_ema20_gt_ema50_raw,regime,ema20_gt_ema50,trend,0
(*)|(loc_dist_ema20_atr_ts_band30_70==1)|(reg_atr_change_rate_ts_top20==1&reg_atr_change_rate_ts_top60==0&reg_ema20_gt_ema50_raw==0),587828b436a1,2,42,0,reg_atr_change_rate_ts_top20,regime,atr_change_rate,volatility,1
(*)|(loc_dist_ema20_atr_ts_band30_70==1)|(reg_atr_change_rate_ts_top20==1&reg_atr_change_rate_ts_top60==0&reg_ema20_gt_ema50_raw==0),587828b436a1,2,42,16,reg_atr_change_rate_ts_top60,regime,atr_change_rate,volatility,0
(*)|(loc_dist_ema20_atr_ts_band30_70==1)|(reg_atr_change_rate_ts_top20==1&reg_atr_change_rate_ts_top60==0&reg_ema20_gt_ema50_raw==0),587828b436a1,2,42,33,loc_dist_ema20_atr_ts_band30_70,location,dist_ema20_atr,context,1
(*)|(loc_dist_ema20_atr_ts_band30_70==1)|(reg_atr_change_rate_ts_top20==1&reg_atr_change_rate_ts_top60==1&reg_ema20_gt_ema50_raw==0),0d410ccf45d6,2,42,324,reg_ema20_gt_ema50_raw,regime,ema20_gt_ema50,trend,0
(*)|(loc_dist_ema20_atr_ts_band30_70==1)|(reg_atr_change_rate_ts_top20==1&reg_atr_change_rate_ts_top60==1&reg_ema20_gt_ema50_raw==0),0d410ccf45d6,2,42,0,reg_atr_change_rate_ts_top20,regime,atr_change_rate,volatility,1
(*)|(loc_dist_ema20_atr_ts_band30_70==1)|(reg_atr_change_rate_ts_top20==1&reg_atr_change_rate_ts_top60==1&reg_ema20_gt_ema50_raw==0),0d410ccf45d6,2,42,16,reg_atr_change_rate_ts_top60,regime,atr_change_rate,volatility,1
(*)|(loc_dist_ema20_atr_ts_band30_70==1)|(reg_atr_change_rate_ts_top20==1&reg_atr_change_rate_ts_top60==1&reg_ema20_gt_ema50_raw==0),0d410ccf45d6,2,42,33,loc_dist_ema20_atr_ts_band30_70,location,dist_ema20_atr,context,1
(*)|(*)|(reg_atr_change_rate_ts_top80==0&reg_ema20_gt_ema50_raw==1),3293d8f8f4be,2,42,324,reg_ema20_gt_ema50_raw,regime,ema20_gt_ema50,trend,1
(*)|(*)|(reg_atr_change_rate_ts_top80==0&reg_ema20_gt_ema50_raw==1),3293d8f8f4be,2,42,24,reg_atr_change_rate_ts_top80,regime,atr_change_rate,volatility,0
(*)|(*)|(reg_atr_change_rate_ts_top80==1&reg_ema20_gt_ema50_raw==1),84a0a6e8afd4,2,42,324,reg_ema20_gt_ema50_raw,regime,ema20_gt_ema50,trend,1
(*)|(*)|(reg_atr_change_rate_ts_top80==1&reg_ema20_gt_ema50_raw==1),84a0a6e8afd4,2,42,24,reg_atr_change_rate_ts_top80,regime,atr_change_rate,volatility,1
(*)|(*)|(reg_atr_change_rate_ts_band30_70==0&reg_atr_change_rate_ts_top20==1&reg_ema20_gt_ema50_raw==0),dae22e6d0b73,2,42,324,reg_ema20_gt_ema50_raw,regime,ema20_gt_ema50,trend,0
(*)|(*)|(reg_atr_change_rate_ts_band30_70==0&reg_atr_change_rate_ts_top20==1&reg_ema20_gt_ema50_raw==0),dae22e6d0b73,2,42,0,reg_atr_change_rate_ts_top20,regime,atr_change_rate,volatility,1
(*)|(*)|(reg_atr_change_rate_ts_band30_70==0&reg_atr_change_rate_ts_top20==1&reg_ema20_gt_ema50_raw==0),dae22e6d0b73,2,42,32,reg_atr_change_rate_ts_band30_70,regime,atr_change_rate,volatility,0
(*)|(*)|(reg_atr_change_rate_ts_band30_70==1&reg_atr_change_rate_ts_top20==1&reg_ema20_gt_ema50_raw==0),20df050a5e31,2,42,324,reg_ema20_gt_ema50_raw,regime,ema20_gt_ema50,trend,0
(*)|(*)|(reg_atr_change_rate_ts_band30_70==1&reg_atr_change_rate_ts_top20==1&reg_ema20_gt_ema50_raw==0),20df050a5e31,2,42,0,reg_atr_change_rate_ts_top20,regime,atr_change_rate,volatility,1
(*)|(*)|(reg_atr_change_rate_ts_band30_70==1&reg_atr_change_rate_ts_top20==1&reg_ema20_gt_ema50_raw==0),20df050a5e31,2,42,32,reg_atr_change_rate_ts_band30_70,regime,atr_change_rate,volatility,1
(*)|(*)|(reg_ema20_gt_ema50_raw==1),4fbdb41fee4b,2,42,324,reg_ema20_gt_ema50_raw,regime,ema20_gt_ema50,trend,1
(*)|(*)|(reg_atr_change_rate_ts_top20==1&reg_atr_change_rate_ts_top40==0&reg_atr_change_rate_ts_top50==0&reg_ema20_gt_ema50_raw==0),c8f80ef96602,2,42,324,reg_ema20_gt_ema50_raw,regime,ema20_gt_ema50,trend,0
(*)|(*)|(reg_atr_change_rate_ts_top20==1&reg_atr_change_rate_ts_top40==0&reg_atr_change_rate_ts_top50==0&reg_ema20_gt_ema50_raw==0),c8f80ef96602,2,42,0,reg_atr_change_rate_ts_top20,regime,atr_change_rate,volatility,1
(*)|(*)|(reg_atr_change_rate_ts_top20==1&reg_atr_change_rate_ts_top40==0&reg_atr_change_rate_ts_top50==0&reg_ema20_gt_ema50_raw==0),c8f80ef96602,2,42,12,reg_atr_change_rate_ts_top50,regime,atr_change_rate,volatility,0
(*)|(*)|(reg_atr_change_rate_ts_top20==1&reg_atr_change_rate_ts_top40==0&reg_atr_change_rate_ts_top50==0&reg_ema20_gt_ema50_raw==0),c8f80ef96602,2,42,8,reg_atr_change_rate_ts_top40,regime,atr_change_rate,volatility,0
(*)|(*)|(reg_atr_change_rate_ts_top20==1&reg_atr_change_rate_ts_top40==1&reg_atr_change_rate_ts_top50==0&reg_ema20_gt_ema50_raw==0),7dddb3808b11,2,42,324,reg_ema20_gt_ema50_raw,regime,ema20_gt_ema50,trend,0
(*)|(*)|(reg_atr_change_rate_ts_top20==1&reg_atr_change_rate_ts_top40==1&reg_atr_change_rate_ts_top50==0&reg_ema20_gt_ema50_raw==0),7dddb3808b11,2,42,0,reg_atr_change_rate_ts_top20,regime,atr_change_rate,volatility,1
(*)|(*)|(reg_atr_change_rate_ts_top20==1&reg_atr_change_rate_ts_top40==1&reg_atr_change_rate_ts_top50==0&reg_ema20_gt_ema50_raw==0),7dddb3808b11,2,42,12,reg_atr_change_rate_ts_top50,regime,atr_change_rate,volatility,0
(*)|(*)|(reg_atr_change_rate_ts_top20==1&reg_atr_change_rate_ts_top40==1&reg_atr_change_rate_ts_top50==0&reg_ema20_gt_ema50_raw==0),7dddb3808b11,2,42,8,reg_atr_change_rate_ts_top40,regime,atr_change_rate,volatility,1
(*)|(*)|(reg_atr_change_rate_ts_top20==1&reg_atr_change_rate_ts_top50==1&reg_atr_change_rate_ts_top80==0&reg_ema20_gt_ema50_raw==0),886dd426fa10,2,42,324,reg_ema20_gt_ema50_raw,regime,ema20_gt_ema50,trend,0
(*)|(*)|(reg_atr_change_rate_ts_top20==1&reg_atr_change_rate_ts_top50==1&reg_atr_change_rate_ts_top80==0&reg_ema20_gt_ema50_raw==0),886dd426fa10,2,42,0,reg_atr_change_rate_ts_top20,regime,atr_change_rate,volatility,1
(*)|(*)|(reg_atr_change_rate_ts_top20==1&reg_atr_change_rate_ts_top50==1&reg_atr_change_rate_ts_top80==0&reg_ema20_gt_ema50_raw==0),886dd426fa10,2,42,12,reg_atr_change_rate_ts_top50,regime,atr_change_rate,volatility,1
(*)|(*)|(reg_atr_change_rate_ts_top20==1&reg_atr_change_rate_ts_top50==1&reg_atr_change_rate_ts_top80==0&reg_ema20_gt_ema50_raw==0),886dd426fa10,2,42,24,reg_atr_change_rate_ts_top80,regime,atr_change_rate,volatility,0
(*)|(*)|(reg_atr_change_rate_ts_top20==1&reg_atr_change_rate_ts_top50==1&reg_atr_change_rate_ts_top80==1&reg_ema20_gt_ema50_raw==0),d04948b8be7d,2,42,324,reg_ema20_gt_ema50_raw,regime,ema20_gt_ema50,trend,0
(*)|(*)|(reg_atr_change_rate_ts_top20==1&reg_atr_change_rate_ts_top50==1&reg_atr_change_rate_ts_top80==1&reg_ema20_gt_ema50_raw==0),d04948b8be7d,2,42,0,reg_atr_change_rate_ts_top20,regime,atr_change_rate,volatility,1
(*)|(*)|(reg_atr_change_rate_ts_top20==1&reg_atr_change_rate_ts_top50==1&reg_atr_change_rate_ts_top80==1&reg_ema20_gt_ema50_raw==0),d04948b8be7d,2,42,12,reg_atr_change_rate_ts_top50,regime,atr_change_rate,volatility,1
(*)|(*)|(reg_atr_change_rate_ts_top20==1&reg_atr_change_rate_ts_top50==1&reg_atr_change_rate_ts_top80==1&reg_ema20_gt_ema50_raw==0),d04948b8be7d,2,42,24,reg_atr_change_rate_ts_top80,regime,atr_change_rate,volatility,1
(*)|(*)|(reg_atr_change_rate_ts_top80==0&reg_ema20_gt_ema50_raw==1),03f1061647fb,2,42,324,reg_ema20_gt_ema50_raw,regime,ema20_gt_ema50,trend,1
(*)|(*)|(reg_atr_change_rate_ts_top80==0&reg_ema20_gt_ema50_raw==1),03f1061647fb,2,42,24,reg_atr_change_rate_ts_top80,regime,atr_change_rate,volatility,0
(*)|(*)|(reg_atr_change_rate_ts_top80==1&reg_ema20_gt_ema50_raw==1),996814822a49,2,42,324,reg_ema20_gt_ema50_raw,regime,ema20_gt_ema50,trend,1
(*)|(*)|(reg_atr_change_rate_ts_top80==1&reg_ema20_gt_ema50_raw==1),996814822a49,2,42,24,reg_atr_change_rate_ts_top80,regime,atr_change_rate,volatility,1
(*)|(loc_dist_ema20_atr_ts_band20_80==1)|(reg_atr_change_rate_ts_band25_75==0&reg_atr_change_rate_ts_top70==0&reg_price_lt_ema200_raw==0),05c06a31a6ea,2,42,472,reg_price_lt_ema200_raw,regime,price_lt_ema200,trend,0
(*)|(loc_dist_ema20_atr_ts_band20_80==1)|(reg_atr_change_rate_ts_band25_75==0&reg_atr_change_rate_ts_top70==0&reg_price_lt_ema200_raw==0),05c06a31a6ea,2,42,20,reg_atr_change_rate_ts_top70,regime,atr_change_rate,volatility,0
(*)|(loc_dist_ema20_atr_ts_band20_80==1)|(reg_atr_change_rate_ts_band25_75==0&reg_atr_change_rate_ts_top70==0&reg_price_lt_ema200_raw==0),05c06a31a6ea,2,42,30,reg_atr_change_rate_ts_band25_75,regime,atr_change_rate,volatility,0
(*)|(loc_dist_ema20_atr_ts_band20_80==1)|(reg_atr_change_rate_ts_band25_75==0&reg_atr_change_rate_ts_top70==0&reg_price_lt_ema200_raw==0),05c06a31a6ea,2,42,29,loc_dist_ema20_atr_ts_band20_80,location,dist_ema20_atr,context,1
(*)|(loc_dist_ema20_atr_ts_band20_80==1)|(reg_atr_change_rate_ts_band25_75==1&reg_atr_change_rate_ts_top70==0&reg_price_lt_ema200_raw==0),5beba271960c,2,42,472,reg_price_lt_ema200_raw,regime,price_lt_ema200,trend,0
(*)|(loc_dist_ema20_atr_ts_band20_80==1)|(reg_atr_change_rate_ts_band25_75==1&reg_atr_change_rate_ts_top70==0&reg_price_lt_ema200_raw==0),5beba271960c,2,42,20,reg_atr_change_rate_ts_top70,regime,atr_change_rate,volatility,0
(*)|(loc_dist_ema20_atr_ts_band20_80==1)|(reg_atr_change_rate_ts_band25_75==1&reg_atr_change_rate_ts_top70==0&reg_price_lt_ema200_raw==0),5beba271960c,2,42,30,reg_atr_change_rate_ts_band25_75,regime,atr_change_rate,volatility,1
(*)|(loc_dist_ema20_atr_ts_band20_80==1)|(reg_atr_change_rate_ts_band25_75==1&reg_atr_change_rate_ts_top70==0&reg_price_lt_ema200_raw==0),5beba271960c,2,42,29,loc_dist_ema20_atr_ts_band20_80,location,dist_ema20_atr,context,1
(*)|(loc_dist_ema20_atr_ts_band20_80==1)|(reg_atr_change_rate_ts_band25_75==0&reg_atr_change_rate_ts_top70==1&reg_price_lt_ema200_raw==0),05a6de25ef23,2,42,472,reg_price_lt_ema200_raw,regime,price_lt_ema200,trend,0
(*)|(loc_dist_ema20_atr_ts_band20_80==1)|(reg_atr_change_rate_ts_band25_75==0&reg_atr_change_rate_ts_top70==1&reg_price_lt_ema200_raw==0),05a6de25ef23,2,42,20,reg_atr_change_rate_ts_top70,regime,atr_change_rate,volatility,1
(*)|(loc_dist_ema20_atr_ts_band20_80==1)|(reg_atr_change_rate_ts_band25_75==0&reg_atr_change_rate_ts_top70==1&reg_price_lt_ema200_raw==0),05a6de25ef23,2,42,30,reg_atr_change_rate_ts_band25_75,regime,atr_change_rate,volatility,0
(*)|(loc_dist_ema20_atr_ts_band20_80==1)|(reg_atr_change_rate_ts_band25_75==0&reg_atr_change_rate_ts_top70==1&reg_price_lt_ema200_raw==0),05a6de25ef23,2,42,29,loc_dist_ema20_atr_ts_band20_80,location,dist_ema20_atr,context,1
(*)|(loc_dist_ema20_atr_ts_band20_80==1)|(reg_atr_change_rate_ts_band25_75==1&reg_atr_change_rate_ts_top70==1&reg_price_lt_ema200_raw==0),7328a21dcbc1,2,42,472,reg_price_lt_ema200_raw,regime,price_lt_ema200,trend,0
(*)|(loc_dist_ema20_atr_ts_band20_80==1)|(reg_atr_change_rate_ts_band25_75==1&reg_atr_change_rate_ts_top70==1&reg_price_lt_ema200_raw==0),7328a21dcbc1,2,42,20,reg_atr_change_rate_ts_top70,regime,atr_change_rate,volatility,1
(*)|(loc_dist_ema20_atr_ts_band20_80==1)|(reg_atr_change_rate_ts_band25_75==1&reg_atr_change_rate_ts_top70==1&reg_price_lt_ema200_raw==0),7328a21dcbc1,2,42,30,reg_atr_change_rate_ts_band25_75,regime,atr_change_rate,volatility,1
(*)|(loc_dist_ema20_atr_ts_band20_80==1)|(reg_atr_change_rate_ts_band25_75==1&reg_atr_change_rate_ts_top70==1&reg_price_lt_ema200_raw==0),7328a21dcbc1,2,42,29,loc_dist_ema20_atr_ts_band20_80,location,dist_ema20_atr,context,1
(*)|(*)|(reg_price_lt_ema200_raw==1),c4028a04dbbc,2,42,472,reg_price_lt_ema200_raw,regime,price_lt_ema200,trend,1
(*)|(*)|(reg_atr_change_rate_ts_band20_80==0&reg_atr_change_rate_ts_top20==1&reg_ema20_gt_ema50_raw==0),abb4707d35f2,2,42,28,reg_atr_change_rate_ts_band20_80,regime,atr_change_rate,volatility,0
(*)|(*)|(reg_atr_change_rate_ts_band20_80==0&reg_atr_change_rate_ts_top20==1&reg_ema20_gt_ema50_raw==0),abb4707d35f2,2,42,324,reg_ema20_gt_ema50_raw,regime,ema20_gt_ema50,trend,0
(*)|(*)|(reg_atr_change_rate_ts_band20_80==0&reg_atr_change_rate_ts_top20==1&reg_ema20_gt_ema50_raw==0),abb4707d35f2,2,42,0,reg_atr_change_rate_ts_top20,regime,atr_change_rate,volatility,1
(*)|(*)|(reg_atr_change_rate_ts_band20_80==0&reg_ema20_gt_ema50_raw==1),7dfe0346e838,2,42,28,reg_atr_change_rate_ts_band20_80,regime,atr_change_rate,volatility,0
(*)|(*)|(reg_atr_change_rate_ts_band20_80==0&reg_ema20_gt_ema50_raw==1),7dfe0346e838,2,42,324,reg_ema20_gt_ema50_raw,regime,ema20_gt_ema50,trend,1
(*)|(*)|(reg_atr_change_rate_ts_band20_80==1&reg_atr_change_rate_ts_band25_75==0&reg_atr_change_rate_ts_top50==0&reg_ema20_gt_ema50_raw==0),17fe788b3da5,2,42,28,reg_atr_change_rate_ts_band20_80,regime,atr_change_rate,volatility,1
(*)|(*)|(reg_atr_change_rate_ts_band20_80==1&reg_atr_change_rate_ts_band25_75==0&reg_atr_change_rate_ts_top50==0&reg_ema20_gt_ema50_raw==0),17fe788b3da5,2,42,324,reg_ema20_gt_ema50_raw,regime,ema20_gt_ema50,trend,0
(*)|(*)|(reg_atr_change_rate_ts_band20_80==1&reg_atr_change_rate_ts_band25_75==0&reg_atr_change_rate_ts_top50==0&reg_ema20_gt_ema50_raw==0),17fe788b3da5,2,42,12,reg_atr_change_rate_ts_top50,regime,atr_change_rate,volatility,0
(*)|(*)|(reg_atr_change_rate_ts_band20_80==1&reg_atr_change_rate_ts_band25_75==0&reg_atr_change_rate_ts_top50==0&reg_ema20_gt_ema50_raw==0),17fe788b3da5,2,42,30,reg_atr_change_rate_ts_band25_75,regime,atr_change_rate,volatility,0
(*)|(*)|(reg_atr_change_rate_ts_band20_80==1&reg_atr_change_rate_ts_band25_75==1&reg_atr_change_rate_ts_top50==0&reg_ema20_gt_ema50_raw==0),49bc23198f79,2,42,28,reg_atr_change_rate_ts_band20_80,regime,atr_change_rate,volatility,1
(*)|(*)|(reg_atr_change_rate_ts_band20_80==1&reg_atr_change_rate_ts_band25_75==1&reg_atr_change_rate_ts_top50==0&reg_ema20_gt_ema50_raw==0),49bc23198f79,2,42,324,reg_ema20_gt_ema50_raw,regime,ema20_gt_ema50,trend,0
(*)|(*)|(reg_atr_change_rate_ts_band20_80==1&reg_atr_change_rate_ts_band25_75==1&reg_atr_change_rate_ts_top50==0&reg_ema20_gt_ema50_raw==0),49bc23198f79,2,42,12,reg_atr_change_rate_ts_top50,regime,atr_change_rate,volatility,0
(*)|(*)|(reg_atr_change_rate_ts_band20_80==1&reg_atr_change_rate_ts_band25_75==1&reg_atr_change_rate_ts_top50==0&reg_ema20_gt_ema50_raw==0),49bc23198f79,2,42,30,reg_atr_change_rate_ts_band25_75,regime,atr_change_rate,volatility,1
(*)|(*)|(reg_atr_change_rate_ts_band20_80==1&reg_atr_change_rate_ts_top50==1&reg_ema20_gt_ema50_raw==0),186eaa6d647a,2,42,28,reg_atr_change_rate_ts_band20_80,regime,atr_change_rate,volatility,1
(*)|(*)|(reg_atr_change_rate_ts_band20_80==1&reg_atr_change_rate_ts_top50==1&reg_ema20_gt_ema50_raw==0),186eaa6d647a,2,42,324,reg_ema20_gt_ema50_raw,regime,ema20_gt_ema50,trend,0
(*)|(*)|(reg_atr_change_rate_ts_band20_80==1&reg_atr_change_rate_ts_top50==1&reg_ema20_gt_ema50_raw==0),186eaa6d647a,2,42,12,reg_atr_change_rate_ts_top50,regime,atr_change_rate,volatility,1
(*)|(*)|(reg_atr_change_rate_ts_band20_80==1&reg_ema20_gt_ema50_raw==1),2e7f851967ca,2,42,28,reg_atr_change_rate_ts_band20_80,regime,atr_change_rate,volatility,1
(*)|(*)|(reg_atr_change_rate_ts_band20_80==1&reg_ema20_gt_ema50_raw==1),2e7f851967ca,2,42,324,reg_ema20_gt_ema50_raw,regime,ema20_gt_ema50,trend,1
(*)|(*)|(reg_atr_change_rate_ts_band20_80==0&reg_atr_change_rate_ts_top20==1&reg_ema20_gt_ema50_raw==0),29cd58455629,2,42,28,reg_atr_change_rate_ts_band20_80,regime,atr_change_rate,volatility,0
(*)|(*)|(reg_atr_change_rate_ts_band20_80==0&reg_atr_change_rate_ts_top20==1&reg_ema20_gt_ema50_raw==0),29cd58455629,2,42,324,reg_ema20_gt_ema50_raw,regime,ema20_gt_ema50,trend,0
(*)|(*)|(reg_atr_change_rate_ts_band20_80==0&reg_atr_change_rate_ts_top20==1&reg_ema20_gt_ema50_raw==0),29cd58455629,2,42,0,reg_atr_change_rate_ts_top20,regime,atr_change_rate,volatility,1
(*)|(*)|(reg_atr_change_rate_ts_band20_80==0&reg_ema20_gt_ema50_raw==1),4137fb6400f5,2,42,28,reg_atr_change_rate_ts_band20_80,regime,atr_change_rate,volatility,0
(*)|(*)|(reg_atr_change_rate_ts_band20_80==0&reg_ema20_gt_ema50_raw==1),4137fb6400f5,2,42,324,reg_ema20_gt_ema50_raw,regime,ema20_gt_ema50,trend,1
(*)|(*)|(reg_atr_change_rate_ts_band20_80==1&reg_atr_change_rate_ts_top40==0&reg_atr_change_rate_ts_top50==0),6811e40e1848,2,42,28,reg_atr_change_rate_ts_band20_80,regime,atr_change_rate,volatility,1
(*)|(*)|(reg_atr_change_rate_ts_band20_80==1&reg_atr_change_rate_ts_top40==0&reg_atr_change_rate_ts_top50==0),6811e40e1848,2,42,12,reg_atr_change_rate_ts_top50,regime,atr_change_rate,volatility,0
(*)|(*)|(reg_atr_change_rate_ts_band20_80==1&reg_atr_change_rate_ts_top40==0&reg_atr_change_rate_ts_top50==0),6811e40e1848,2,42,8,reg_atr_change_rate_ts_top40,regime,atr_change_rate,volatility,0
(*)|(*)|(reg_atr_change_rate_ts_band20_80==1&reg_atr_change_rate_ts_top40==1&reg_atr_change_rate_ts_top50==0),bfe4530b45af,2,42,28,reg_atr_change_rate_ts_band20_80,regime,atr_change_rate,volatility,1
(*)|(*)|(reg_atr_change_rate_ts_band20_80==1&reg_atr_change_rate_ts_top40==1&reg_atr_change_rate_ts_top50==0),bfe4530b45af,2,42,12,reg_atr_change_rate_ts_top50,regime,atr_change_rate,volatility,0
(*)|(*)|(reg_atr_change_rate_ts_band20_80==1&reg_atr_change_rate_ts_top40==1&reg_atr_change_rate_ts_top50==0),bfe4530b45af,2,42,8,reg_atr_change_rate_ts_top40,regime,atr_change_rate,volatility,1
(*)|(*)|(reg_atr_change_rate_ts_band20_80==1&reg_atr_change_rate_ts_band25_75==0&reg_atr_change_rate_ts_top50==1),f9589526855f,2,42,28,reg_atr_change_rate_ts_band20_80,regime,atr_change_rate,volatility,1
(*)|(*)|(reg_atr_change_rate_ts_band20_80==1&reg_atr_change_rate_ts_band25_75==0&reg_atr_change_rate_ts_top50==1),f9589526855f,2,42,12,reg_atr_change_rate_ts_top50,regime,atr_change_rate,volatility,1
(*)|(*)|(reg_atr_change_rate_ts_band20_80==1&reg_atr_change_rate_ts_band25_75==0&reg_atr_change_rate_ts_top50==1),f9589526855f,2,42,30,reg_atr_change_rate_ts_band25_75,regime,atr_change_rate,volatility,0
(*)|(*)|(reg_atr_change_rate_ts_band20_80==1&reg_atr_change_rate_ts_band25_75==1&reg_atr_change_rate_ts_top50==1),4557cb0c6116,2,42,28,reg_atr_change_rate_ts_band20_80,regime,atr_change_rate,volatility,1
(*)|(*)|(reg_atr_change_rate_ts_band20_80==1&reg_atr_change_rate_ts_band25_75==1&reg_atr_change_rate_ts_top50==1),4557cb0c6116,2,42,12,reg_atr_change_rate_ts_top50,regime,atr_change_rate,volatility,1
(*)|(*)|(reg_atr_change_rate_ts_band20_80==1&reg_atr_change_rate_ts_band25_75==1&reg_atr_change_rate_ts_top50==1),4557cb0c6116,2,42,30,reg_atr_change_rate_ts_band25_75,regime,atr_change_rate,volatility,1
(*)|(*)|(reg_atr_change_rate_ts_top20==1&reg_atr_change_rate_ts_top70==0&reg_atr_change_rate_ts_top80==0),589f6f7c6952,2,42,24,reg_atr_change_rate_ts_top80,regime,atr_change_rate,volatility,0
(*)|(*)|(reg_atr_change_rate_ts_top20==1&reg_atr_change_rate_ts_top70==0&reg_atr_change_rate_ts_top80==0),589f6f7c6952,2,42,0,reg_atr_change_rate_ts_top20,regime,atr_change_rate,volatility,1
(*)|(*)|(reg_atr_change_rate_ts_top20==1&reg_atr_change_rate_ts_top70==0&reg_atr_change_rate_ts_top80==0),589f6f7c6952,2,42,20,reg_atr_change_rate_ts_top70,regime,atr_change_rate,volatility,0
(*)|(*)|(reg_atr_change_rate_ts_top20==1&reg_atr_change_rate_ts_top70==1&reg_atr_change_rate_ts_top80==0),f2bf0bb189c0,2,42,24,reg_atr_change_rate_ts_top80,regime,atr_change_rate,volatility,0
(*)|(*)|(reg_atr_change_rate_ts_top20==1&reg_atr_change_rate_ts_top70==1&reg_atr_change_rate_ts_top80==0),f2bf0bb189c0,2,42,0,reg_atr_change_rate_ts_top20,regime,atr_change_rate,volatility,1
(*)|(*)|(reg_atr_change_rate_ts_top20==1&reg_atr_change_rate_ts_top70==1&reg_atr_change_rate_ts_top80==0),f2bf0bb189c0,2,42,20,reg_atr_change_rate_ts_top70,regime,atr_change_rate,volatility,1
(*)|(*)|(reg_atr_change_rate_ts_top80==1&reg_ema20_gt_ema50_raw==0),add305e3dac3,2,42,24,reg_atr_change_rate_ts_top80,regime,atr_change_rate,volatility,1
(*)|(*)|(reg_atr_change_rate_ts_top80==1&reg_ema20_gt_ema50_raw==0),add305e3dac3,2,42,324,reg_ema20_gt_ema50_raw,regime,ema20_gt_ema50,trend,0
(*)|(*)|(reg_atr_change_rate_ts_top80==1&reg_ema20_gt_ema50_raw==1),5fa93d191a21,2,42,24,reg_atr_change_rate_ts_top80,regime,atr_change_rate,volatility,1
(*)|(*)|(reg_atr_change_rate_ts_top80==1&reg_ema20_gt_ema50_raw==1),5fa93d191a21,2,42,324,reg_ema20_gt_ema50_raw,regime,ema20_gt_ema50,trend,1
(*)|(*)|(reg_atr_change_rate_ts_band20_80==0&reg_atr_change_rate_ts_top20==1&reg_ema20_gt_ema50_raw==0),87b3293e9eb6,2,42,28,reg_atr_change_rate_ts_band20_80,regime,atr_change_rate,volatility,0
(*)|(*)|(reg_atr_change_rate_ts_band20_80==0&reg_atr_change_rate_ts_top20==1&reg_ema20_gt_ema50_raw==0),87b3293e9eb6,2,42,324,reg_ema20_gt_ema50_raw,regime,ema20_gt_ema50,trend,0
(*)|(*)|(reg_atr_change_rate_ts_band20_80==0&reg_atr_change_rate_ts_top20==1&reg_ema20_gt_ema50_raw==0),87b3293e9eb6,2,42,0,reg_atr_change_rate_ts_top20,regime,atr_change_rate,volatility,1
(*)|(*)|(reg_atr_change_rate_ts_band20_80==0&reg_ema20_gt_ema50_raw==1),89bb5ad39a58,2,42,28,reg_atr_change_rate_ts_band20_80,regime,atr_change_rate,volatility,0
(*)|(*)|(reg_atr_change_rate_ts_band20_80==0&reg_ema20_gt_ema50_raw==1),89bb5ad39a58,2,42,324,reg_ema20_gt_ema50_raw,regime,ema20_gt_ema50,trend,1
(*)|(*)|(reg_atr_change_rate_ts_band20_80==1&reg_atr_change_rate_ts_band30_70==0&reg_ema20_gt_ema50_raw==0),73ceb459661c,2,42,28,reg_atr_change_rate_ts_band20_80,regime,atr_change_rate,volatility,1
(*)|(*)|(reg_atr_change_rate_ts_band20_80==1&reg_atr_change_rate_ts_band30_70==0&reg_ema20_gt_ema50_raw==0),73ceb459661c,2,42,32,reg_atr_change_rate_ts_band30_70,regime,atr_change_rate,volatility,0
(*)|(*)|(reg_atr_change_rate_ts_band20_80==1&reg_atr_change_rate_ts_band30_70==0&reg_ema20_gt_ema50_raw==0),73ceb459661c,2,42,324,reg_ema20_gt_ema50_raw,regime,ema20_gt_ema50,trend,0
(*)|(*)|(reg_atr_change_rate_ts_band20_80==1&reg_atr_change_rate_ts_band30_70==0&reg_ema20_gt_ema50_raw==1),81f1b3d29bef,2,42,28,reg_atr_change_rate_ts_band20_80,regime,atr_change_rate,volatility,1
(*)|(*)|(reg_atr_change_rate_ts_band20_80==1&reg_atr_change_rate_ts_band30_70==0&reg_ema20_gt_ema50_raw==1),81f1b3d29bef,2,42,32,reg_atr_change_rate_ts_band30_70,regime,atr_change_rate,volatility,0
(*)|(*)|(reg_atr_change_rate_ts_band20_80==1&reg_atr_change_rate_ts_band30_70==0&reg_ema20_gt_ema50_raw==1),81f1b3d29bef,2,42,324,reg_ema20_gt_ema50_raw,regime,ema20_gt_ema50,trend,1
(*)|(*)|(reg_atr_change_rate_ts_band20_80==1&reg_atr_change_rate_ts_band30_70==1),f4d3f0aad654,2,42,28,reg_atr_change_rate_ts_band20_80,regime,atr_change_rate,volatility,1
(*)|(*)|(reg_atr_change_rate_ts_band20_80==1&reg_atr_change_rate_ts_band30_70==1),f4d3f0aad654,2,42,32,reg_atr_change_rate_ts_band30_70,regime,atr_change_rate,volatility,1
(*)|(loc_dist_ema20_atr_ts_band25_75==0)|(reg_atr_change_rate_ts_top20==1&reg_atr_change_rate_ts_top80==0),a36317442de9,2,42,24,reg_atr_change_rate_ts_top80,regime,atr_change_rate,volatility,0
(*)|(loc_dist_ema20_atr_ts_band25_75==0)|(reg_atr_change_rate_ts_top20==1&reg_atr_change_rate_ts_top80==0),a36317442de9,2,42,0,reg_atr_change_rate_ts_top20,regime,atr_change_rate,volatility,1
(*)|(loc_dist_ema20_atr_ts_band25_75==0)|(reg_atr_change_rate_ts_top20==1&reg_atr_change_rate_ts_top80==0),a36317442de9,2,42,31,loc_dist_ema20_atr_ts_band25_75,location,dist_ema20_atr,context,0
(*)|(loc_dist_ema20_atr_ts_band25_75==1)|(reg_atr_change_rate_ts_top20==1&reg_atr_change_rate_ts_top80==0),5b03a12819a5,2,42,24,reg_atr_change_rate_ts_top80,regime,atr_change_rate,volatility,0
(*)|(loc_dist_ema20_atr_ts_band25_75==1)|(reg_atr_change_rate_ts_top20==1&reg_atr_change_rate_ts_top80==0),5b03a12819a5,2,42,0,reg_atr_change_rate_ts_top20,regime,atr_change_rate,volatility,1
(*)|(loc_dist_ema20_atr_ts_band25_75==1)|(reg_atr_change_rate_ts_top20==1&reg_atr_change_rate_ts_top80==0),5b03a12819a5,2,42,31,loc_dist_ema20_atr_ts_band25_75,location,dist_ema20_atr,context,1
(*)|(*)|(reg_atr_change_rate_ts_top80==1&reg_ema20_gt_ema50_raw==0),f97435614256,2,42,24,reg_atr_change_rate_ts_top80,regime,atr_change_rate,volatility,1
(*)|(*)|(reg_atr_change_rate_ts_top80==1&reg_ema20_gt_ema50_raw==0),f97435614256,2,42,324,reg_ema20_gt_ema50_raw,regime,ema20_gt_ema50,trend,0
(*)|(*)|(reg_atr_change_rate_ts_top80==1&reg_ema20_gt_ema50_raw==1),1cc7b15ecbe4,2,42,24,reg_atr_change_rate_ts_top80,regime,atr_change_rate,volatility,1
(*)|(*)|(reg_atr_change_rate_ts_top80==1&reg_ema20_gt_ema50_raw==1),1cc7b15ecbe4,2,42,324,reg_ema20_gt_ema50_raw,regime,ema20_gt_ema50,trend,1
(*)|(*)|(reg_atr_change_rate_ts_top20==1&reg_atr_change_rate_ts_top30==0&reg_atr_change_rate_ts_top50==0&reg_atr_change_rate_ts_top80==0&reg_atr_compression_ratio_ts_band25_75==0&reg_ema20_gt_ema50_raw==0),5b74661f8cd0,2,42,324,reg_ema20_gt_ema50_raw,regime,ema20_gt_ema50,trend,0
(*)|(*)|(reg_atr_change_rate_ts_top20==1&reg_atr_change_rate_ts_top30==0&reg_atr_change_rate_ts_top50==0&reg_atr_change_rate_ts_top80==0&reg_atr_compression_ratio_ts_band25_75==0&reg_ema20_gt_ema50_raw==0),5b74661f8cd0,2,42,24,reg_atr_change_rate_ts_top80,regime,atr_change_rate,volatility,0
(*)|(*)|(reg_atr_change_rate_ts_top20==1&reg_atr_change_rate_ts_top30==0&reg_atr_change_rate_ts_top50==0&reg_atr_change_rate_ts_top80==0&reg_atr_compression_ratio_ts_band25_75==0&reg_ema20_gt_ema50_raw==0),5b74661f8cd0,2,42,0,reg_atr_change_rate_ts_top20,regime,atr_change_rate,volatility,1
(*)|(*)|(reg_atr_change_rate_ts_top20==1&reg_atr_change_rate_ts_top30==0&reg_atr_change_rate_ts_top50==0&reg_atr_change_rate_ts_top80==0&reg_atr_compression_ratio_ts_band25_75==0&reg_ema20_gt_ema50_raw==0),5b74661f8cd0,2,42,12,reg_atr_change_rate_ts_top50,regime,atr_change_rate,volatility,0
(*)|(*)|(reg_atr_change_rate_ts_top20==1&reg_atr_change_rate_ts_top30==0&reg_atr_change_rate_ts_top50==0&reg_atr_change_rate_ts_top80==0&reg_atr_compression_ratio_ts_band25_75==0&reg_ema20_gt_ema50_raw==0),5b74661f8cd0,2,42,4,reg_atr_change_rate_ts_top30,regime,atr_change_rate,volatility,0
(*)|(*)|(reg_atr_change_rate_ts_top20==1&reg_atr_change_rate_ts_top30==0&reg_atr_change_rate_ts_top50==0&reg_atr_change_rate_ts_top80==0&reg_atr_compression_ratio_ts_band25_75==0&reg_ema20_gt_ema50_raw==0),5b74661f8cd0,2,42,66,reg_atr_compression_ratio_ts_band25_75,regime,atr_compression_ratio,volatility_term_structure,0
(*)|(*)|(reg_atr_change_rate_ts_top20==1&reg_atr_change_rate_ts_top30==0&reg_atr_change_rate_ts_top50==0&reg_atr_change_rate_ts_top80==0&reg_atr_compression_ratio_ts_band25_75==1&reg_ema20_gt_ema50_raw==0),0841d96879e1,2,42,324,reg_ema20_gt_ema50_raw,regime,ema20_gt_ema50,trend,0
(*)|(*)|(reg_atr_change_rate_ts_top20==1&reg_atr_change_rate_ts_top30==0&reg_atr_change_rate_ts_top50==0&reg_atr_change_rate_ts_top80==0&reg_atr_compression_ratio_ts_band25_75==1&reg_ema20_gt_ema50_raw==0),0841d96879e1,2,42,24,reg_atr_change_rate_ts_top80,regime,atr_change_rate,volatility,0
(*)|(*)|(reg_atr_change_rate_ts_top20==1&reg_atr_change_rate_ts_top30==0&reg_atr_change_rate_ts_top50==0&reg_atr_change_rate_ts_top80==0&reg_atr_compression_ratio_ts_band25_75==1&reg_ema20_gt_ema50_raw==0),0841d96879e1,2,42,0,reg_atr_change_rate_ts_top20,regime,atr_change_rate,volatility,1
(*)|(*)|(reg_atr_change_rate_ts_top20==1&reg_atr_change_rate_ts_top30==0&reg_atr_change_rate_ts_top50==0&reg_atr_change_rate_ts_top80==0&reg_atr_compression_ratio_ts_band25_75==1&reg_ema20_gt_ema50_raw==0),0841d96879e1,2,42,12,reg_atr_change_rate_ts_top50,regime,atr_change_rate,volatility,0
(*)|(*)|(reg_atr_change_rate_ts_top20==1&reg_atr_change_rate_ts_top30==0&reg_atr_change_rate_ts_top50==0&reg_atr_change_rate_ts_top80==0&reg_atr_compression_ratio_ts_band25_75==1&reg_ema20_gt_ema50_raw==0),0841d96879e1,2,42,4,reg_atr_change_rate_ts_top30,regime,atr_change_rate,volatility,0
(*)|(*)|(reg_atr_change_rate_ts_top20==1&reg_atr_change_rate_ts_top30==0&reg_atr_change_rate_ts_top50==0&reg_atr_change_rate_ts_top80==0&reg_atr_compression_ratio_ts_band25_75==1&reg_ema20_gt_ema50_raw==0),0841d96879e1,2,42,66,reg_atr_compression_ratio_ts_band25_75,regime,atr_compression_ratio,volatility_term_structure,1
(*)|(*)|(reg_atr_change_rate_ts_top20==1&reg_atr_change_rate_ts_top30==1&reg_atr_change_rate_ts_top50==0&reg_atr_change_rate_ts_top80==0&reg_ema20_gt_ema50_raw==0),77d4662e773b,2,42,324,reg_ema20_gt_ema50_raw,regime,ema20_gt_ema50,trend,0
(*)|(*)|(reg_atr_change_rate_ts_top20==1&reg_atr_change_rate_ts_top30==1&reg_atr_change_rate_ts_top50==0&reg_atr_change_rate_ts_top80==0&reg_ema20_gt_ema50_raw==0),77d4662e773b,2,42,24,reg_atr_change_rate_ts_top80,regime,atr_change_rate,volatility,0
(*)|(*)|(reg_atr_change_rate_ts_top20==1&reg_atr_change_rate_ts_top30==1&reg_atr_change_rate_ts_top50==0&reg_atr_change_rate_ts_top80==0&reg_ema20_gt_ema50_raw==0),77d4662e773b,2,42,0,reg_atr_change_rate_ts_top20,regime,atr_change_rate,volatility,1
(*)|(*)|(reg_atr_change_rate_ts_top20==1&reg_atr_change_rate_ts_top30==1&reg_atr_change_rate_ts_top50==0&reg_atr_change_rate_ts_top80==0&reg_ema20_gt_ema50_raw==0),77d4662e773b,2,42,12,reg_atr_change_rate_ts_top50,regime,atr_change_rate,volatility,0
(*)|(*)|(reg_atr_change_rate_ts_top20==1&reg_atr_change_rate_ts_top30==1&reg_atr_change_rate_ts_top50==0&reg_atr_change_rate_ts_top80==0&reg_ema20_gt_ema50_raw==0),77d4662e773b,2,42,4,reg_atr_change_rate_ts_top30,regime,atr_change_rate,volatility,1
(*)|(*)|(reg_atr_change_rate_ts_top20==1&reg_atr_change_rate_ts_top50==1&reg_atr_change_rate_ts_top80==0&reg_atr_compression_ratio_ts_band25_75==0&reg_ema20_gt_ema50_raw==0),6ab54e026054,2,42,324,reg_ema20_gt_ema50_raw,regime,ema20_gt_ema50,trend,0
(*)|(*)|(reg_atr_change_rate_ts_top20==1&reg_atr_change_rate_ts_top50==1&reg_atr_change_rate_ts_top80==0&reg_atr_compression_ratio_ts_band25_75==0&reg_ema20_gt_ema50_raw==0),6ab54e026054,2,42,24,reg_atr_change_rate_ts_top80,regime,atr_change_rate,volatility,0
(*)|(*)|(reg_atr_change_rate_ts_top20==1&reg_atr_change_rate_ts_top50==1&reg_atr_change_rate_ts_top80==0&reg_atr_compression_ratio_ts_band25_75==0&reg_ema20_gt_ema50_raw==0),6ab54e026054,2,42,0,reg_atr_change_rate_ts_top20,regime,atr_change_rate,volatility,1
(*)|(*)|(reg_atr_change_rate_ts_top20==1&reg_atr_change_rate_ts_top50==1&reg_atr_change_rate_ts_top80==0&reg_atr_compression_ratio_ts_band25_75==0&reg_ema20_gt_ema50_raw==0),6ab54e026054,2,42,12,reg_atr_change_rate_ts_top50,regime,atr_change_rate,volatility,1
(*)|(*)|(reg_atr_change_rate_ts_top20==1&reg_atr_change_rate_ts_top50==1&reg_atr_change_rate_ts_top80==0&reg_atr_compression_ratio_ts_band25_75==0&reg_ema20_gt_ema50_raw==0),6ab54e026054,2,42,66,reg_atr_compression_ratio_ts_band25_75,regime,atr_compression_ratio,volatility_term_structure,0
(*)|(*)|(reg_atr_change_rate_ts_top20==1&reg_atr_change_rate_ts_top50==1&reg_atr_change_rate_ts_top80==0&reg_atr_compression_ratio_ts_band25_75==1&reg_ema20_gt_ema50_raw==0),b359a3280e64,2,42,324,reg_ema20_gt_ema50_raw,regime,ema20_gt_ema50,trend,0
(*)|(*)|(reg_atr_change_rate_ts_top20==1&reg_atr_change_rate_ts_top50==1&reg_atr_change_rate_ts_top80==0&reg_atr_compression_ratio_ts_band25_75==1&reg_ema20_gt_ema50_raw==0),b359a3280e64,2,42,24,reg_atr_change_rate_ts_top80,regime,atr_change_rate,volatility,0
(*)|(*)|(reg_atr_change_rate_ts_top20==1&reg_atr_change_rate_ts_top50==1&reg_atr_change_rate_ts_top80==0&reg_atr_compression_ratio_ts_band25_75==1&reg_ema20_gt_ema50_raw==0),b359a3280e64,2,42,0,reg_atr_change_rate_ts_top20,regime,atr_change_rate,volatility,1
(*)|(*)|(reg_atr_change_rate_ts_top20==1&reg_atr_change_rate_ts_top50==1&reg_atr_change_rate_ts_top80==0&reg_atr_compression_ratio_ts_band25_75==1&reg_ema20_gt_ema50_raw==0),b359a3280e64,2,42,12,reg_atr_change_rate_ts_top50,regime,atr_change_rate,volatility,1
(*)|(*)|(reg_atr_change_rate_ts_top20==1&reg_atr_change_rate_ts_top50==1&reg_atr_change_rate_ts_top80==0&reg_atr_compression_ratio_ts_band25_75==1&reg_ema20_gt_ema50_raw==0),b359a3280e64,2,42,66,reg_atr_compression_ratio_ts_band25_75,regime,atr_compression_ratio,volatility_term_structure,1
(*)|(*)|(reg_atr_change_rate_ts_top80==1&reg_ema20_gt_ema50_raw==0),10605f11c4b0,2,42,324,reg_ema20_gt_ema50_raw,regime,ema20_gt_ema50,trend,0
(*)|(*)|(reg_atr_change_rate_ts_top80==1&reg_ema20_gt_ema50_raw==0),10605f11c4b0,2,42,24,reg_atr_change_rate_ts_top80,regime,atr_change_rate,volatility,1
(*)|(*)|(reg_atr_change_rate_ts_top80==0&reg_ema20_gt_ema50_raw==1),a3848135a102,2,42,324,reg_ema20_gt_ema50_raw,regime,ema20_gt_ema50,trend,1
(*)|(*)|(reg_atr_change_rate_ts_top80==0&reg_ema20_gt_ema50_raw==1),a3848135a102,2,42,24,reg_atr_change_rate_ts_top80,regime,atr_change_rate,volatility,0
(*)|(*)|(reg_atr_change_rate_ts_top80==1&reg_ema20_gt_ema50_raw==1),d643c22b131b,2,42,324,reg_ema20_gt_ema50_raw,regime,ema20_gt_ema50,trend,1
(*)|(*)|(reg_atr_change_rate_ts_top80==1&reg_ema20_gt_ema50_raw==1),d643c22b131b,2,42,24,reg_atr_change_rate_ts_top80,regime,atr_change_rate,volatility,1
(*)|(*)|(reg_atr_change_rate_ts_band25_75==1&reg_atr_change_rate_ts_top30==0&reg_atr_change_rate_ts_top40==0&reg_atr_change_rate_ts_top80==0),f5980cb6cca4,2,42,24,reg_atr_change_rate_ts_top80,regime,atr_change_rate,volatility,0
(*)|(*)|(reg_atr_change_rate_ts_band25_75==1&reg_atr_change_rate_ts_top30==0&reg_atr_change_rate_ts_top40==0&reg_atr_change_rate_ts_top80==0),f5980cb6cca4,2,42,8,reg_atr_change_rate_ts_top40,regime,atr_change_rate,volatility,0
(*)|(*)|(reg_atr_change_rate_ts_band25_75==1&reg_atr_change_rate_ts_top30==0&reg_atr_change_rate_ts_top40==0&reg_atr_change_rate_ts_top80==0),f5980cb6cca4,2,42,4,reg_atr_change_rate_ts_top30,regime,atr_change_rate,volatility,0
(*)|(*)|(reg_atr_change_rate_ts_band25_75==1&reg_atr_change_rate_ts_top30==0&reg_atr_change_rate_ts_top40==0&reg_atr_change_rate_ts_top80==0),f5980cb6cca4,2,42,30,reg_atr_change_rate_ts_band25_75,regime,atr_change_rate,volatility,1
(*)|(*)|(reg_atr_change_rate_ts_top30==1&reg_atr_change_rate_ts_top40==0&reg_atr_change_rate_ts_top80==0),c55c3af5f560,2,42,24,reg_atr_change_rate_ts_top80,regime,atr_change_rate,volatility,0
(*)|(*)|(reg_atr_change_rate_ts_top30==1&reg_atr_change_rate_ts_top40==0&reg_atr_change_rate_ts_top80==0),c55c3af5f560,2,42,8,reg_atr_change_rate_ts_top40,regime,atr_change_rate,volatility,0
(*)|(*)|(reg_atr_change_rate_ts_top30==1&reg_atr_change_rate_ts_top40==0&reg_atr_change_rate_ts_top80==0),c55c3af5f560,2,42,4,reg_atr_change_rate_ts_top30,regime,atr_change_rate,volatility,1
(*)|(*)|(reg_atr_change_rate_ts_band25_75==0&reg_atr_change_rate_ts_top40==1&reg_atr_change_rate_ts_top80==0&reg_ema50_gt_ema200_raw==0),89a480f6063c,2,42,24,reg_atr_change_rate_ts_top80,regime,atr_change_rate,volatility,0
(*)|(*)|(reg_atr_change_rate_ts_band25_75==0&reg_atr_change_rate_ts_top40==1&reg_atr_change_rate_ts_top80==0&reg_ema50_gt_ema200_raw==0),89a480f6063c,2,42,8,reg_atr_change_rate_ts_top40,regime,atr_change_rate,volatility,1
(*)|(*)|(reg_atr_change_rate_ts_band25_75==0&reg_atr_change_rate_ts_top40==1&reg_atr_change_rate_ts_top80==0&reg_ema50_gt_ema200_raw==0),89a480f6063c,2,42,30,reg_atr_change_rate_ts_band25_75,regime,atr_change_rate,volatility,0
(*)|(*)|(reg_atr_change_rate_ts_band25_75==0&reg_atr_change_rate_ts_top40==1&reg_atr_change_rate_ts_top80==0&reg_ema50_gt_ema200_raw==0),89a480f6063c,2,42,398,reg_ema50_gt_ema200_raw,regime,ema50_gt_ema200,trend,0
(*)|(*)|(reg_atr_change_rate_ts_band25_75==0&reg_atr_change_rate_ts_top40==1&reg_atr_change_rate_ts_top80==0&reg_ema50_gt_ema200_raw==1),94b5e08fdf02,2,42,24,reg_atr_change_rate_ts_top80,regime,atr_change_rate,volatility,0
(*)|(*)|(reg_atr_change_rate_ts_band25_75==0&reg_atr_change_rate_ts_top40==1&reg_atr_change_rate_ts_top80==0&reg_ema50_gt_ema200_raw==1),94b5e08fdf02,2,42,8,reg_atr_change_rate_ts_top40,regime,atr_change_rate,volatility,1
(*)|(*)|(reg_atr_change_rate_ts_band25_75==0&reg_atr_change_rate_ts_top40==1&reg_atr_change_rate_ts_top80==0&reg_ema50_gt_ema200_raw==1),94b5e08fdf02,2,42,30,reg_atr_change_rate_ts_band25_75,regime,atr_change_rate,volatility,0
(*)|(*)|(reg_atr_change_rate_ts_band25_75==0&reg_atr_change_rate_ts_top40==1&reg_atr_change_rate_ts_top80==0&reg_ema50_gt_ema200_raw==1),94b5e08fdf02,2,42,398,reg_ema50_gt_ema200_raw,regime,ema50_gt_ema200,trend,1
(*)|(*)|(reg_atr_change_rate_ts_band25_75==1&reg_atr_change_rate_ts_top40==1&reg_atr_change_rate_ts_top80==0),189e9a913b6f,2,42,24,reg_atr_change_rate_ts_top80,regime,atr_change_rate,volatility,0
(*)|(*)|(reg_atr_change_rate_ts_band25_75==1&reg_atr_change_rate_ts_top40==1&reg_atr_change_rate_ts_top80==0),189e9a913b6f,2,42,8,reg_atr_change_rate_ts_top40,regime,atr_change_rate,volatility,1
(*)|(*)|(reg_atr_change_rate_ts_band25_75==1&reg_atr_change_rate_ts_top40==1&reg_atr_change_rate_ts_top80==0),189e9a913b6f,2,42,30,reg_atr_change_rate_ts_band25_75,regime,atr_change_rate,volatility,1
(*)|(*)|(reg_atr_change_rate_ts_top80==1&reg_ema50_gt_ema200_raw==0),3b066c06f692,2,42,24,reg_atr_change_rate_ts_top80,regime,atr_change_rate,volatility,1
(*)|(*)|(reg_atr_change_rate_ts_top80==1&reg_ema50_gt_ema200_raw==0),3b066c06f692,2,42,398,reg_ema50_gt_ema200_raw,regime,ema50_gt_ema200,trend,0
(*)|(*)|(reg_atr_change_rate_ts_top80==1&reg_ema50_gt_ema200_raw==1),8767b88b3370,2,42,24,reg_atr_change_rate_ts_top80,regime,atr_change_rate,volatility,1
(*)|(*)|(reg_atr_change_rate_ts_top80==1&reg_ema50_gt_ema200_raw==1),8767b88b3370,2,42,398,reg_ema50_gt_ema200_raw,regime,ema50_gt_ema200,trend,1
(*)|(*)|(reg_atr_change_rate_ts_band20_80==0&reg_atr_change_rate_ts_bot20==1&reg_ema20_gt_ema50_raw==0),7ef6fb1547da,2,42,28,reg_atr_change_rate_ts_band20_80,regime,atr_change_rate,volatility,0
(*)|(*)|(reg_atr_change_rate_ts_band20_80==0&reg_atr_change_rate_ts_bot20==1&reg_ema20_gt_ema50_raw==0),7ef6fb1547da,2,42,324,reg_ema20_gt_ema50_raw,regime,ema20_gt_ema50,trend,0
(*)|(*)|(reg_atr_change_rate_ts_band20_80==0&reg_atr_change_rate_ts_bot20==1&reg_ema20_gt_ema50_raw==0),7ef6fb1547da,2,42,2,reg_atr_change_rate_ts_bot20,regime,atr_change_rate,volatility,1
(*)|(*)|(reg_atr_change_rate_ts_band20_80==0&reg_ema20_gt_ema50_raw==1),2308d877b73d,2,42,28,reg_atr_change_rate_ts_band20_80,regime,atr_change_rate,volatility,0
(*)|(*)|(reg_atr_change_rate_ts_band20_80==0&reg_ema20_gt_ema50_raw==1),2308d877b73d,2,42,324,reg_ema20_gt_ema50_raw,regime,ema20_gt_ema50,trend,1
(*)|(*)|(reg_atr_change_rate_ts_band20_80==1&reg_atr_change_rate_ts_top40==0),caa3e08abd59,2,42,28,reg_atr_change_rate_ts_band20_80,regime,atr_change_rate,volatility,1
(*)|(*)|(reg_atr_change_rate_ts_band20_80==1&reg_atr_change_rate_ts_top40==0),caa3e08abd59,2,42,8,reg_atr_change_rate_ts_top40,regime,atr_change_rate,volatility,0
(*)|(*)|(reg_atr_change_rate_ts_band20_80==1&reg_atr_change_rate_ts_top40==1&reg_atr_change_rate_ts_top70==0),f9f04939870b,2,42,28,reg_atr_change_rate_ts_band20_80,regime,atr_change_rate,volatility,1
(*)|(*)|(reg_atr_change_rate_ts_band20_80==1&reg_atr_change_rate_ts_top40==1&reg_atr_change_rate_ts_top70==0),f9f04939870b,2,42,8,reg_atr_change_rate_ts_top40,regime,atr_change_rate,volatility,1
(*)|(*)|(reg_atr_change_rate_ts_band20_80==1&reg_atr_change_rate_ts_top40==1&reg_atr_change_rate_ts_top70==0),f9f04939870b,2,42,20,reg_atr_change_rate_ts_top70,regime,atr_change_rate,volatility,0
(*)|(*)|(reg_atr_change_rate_ts_band20_80==1&reg_atr_change_rate_ts_top40==1&reg_atr_change_rate_ts_top70==1),08df9def587a,2,42,28,reg_atr_change_rate_ts_band20_80,regime,atr_change_rate,volatility,1
(*)|(*)|(reg_atr_change_rate_ts_band20_80==1&reg_atr_change_rate_ts_top40==1&reg_atr_change_rate_ts_top70==1),08df9def587a,2,42,8,reg_atr_change_rate_ts_top40,regime,atr_change_rate,volatility,1
(*)|(*)|(reg_atr_change_rate_ts_band20_80==1&reg_atr_change_rate_ts_top40==1&reg_atr_change_rate_ts_top70==1),08df9def587a,2,42,20,reg_atr_change_rate_ts_top70,regime,atr_change_rate,volatility,1
(*)|(loc_dist_ema20_atr_ts_top20==1)|(reg_atr_change_rate_ts_band25_75==0&reg_atr_change_rate_ts_top70==0&reg_ema20_gt_ema50_raw==0),a4deb97a81f8,2,42,324,reg_ema20_gt_ema50_raw,regime,ema20_gt_ema50,trend,0
(*)|(loc_dist_ema20_atr_ts_top20==1)|(reg_atr_change_rate_ts_band25_75==0&reg_atr_change_rate_ts_top70==0&reg_ema20_gt_ema50_raw==0),a4deb97a81f8,2,42,20,reg_atr_change_rate_ts_top70,regime,atr_change_rate,volatility,0
(*)|(loc_dist_ema20_atr_ts_top20==1)|(reg_atr_change_rate_ts_band25_75==0&reg_atr_change_rate_ts_top70==0&reg_ema20_gt_ema50_raw==0),a4deb97a81f8,2,42,30,reg_atr_change_rate_ts_band25_75,regime,atr_change_rate,volatility,0
(*)|(loc_dist_ema20_atr_ts_top20==1)|(reg_atr_change_rate_ts_band25_75==0&reg_atr_change_rate_ts_top70==0&reg_ema20_gt_ema50_raw==0),a4deb97a81f8,2,42,1,loc_dist_ema20_atr_ts_top20,location,dist_ema20_atr,context,1
(*)|(loc_dist_ema20_atr_ts_top20==1)|(reg_atr_change_rate_ts_band25_75==1&reg_atr_change_rate_ts_top70==0&reg_ema20_gt_ema50_raw==0),44a6725858fd,2,42,324,reg_ema20_gt_ema50_raw,regime,ema20_gt_ema50,trend,0
(*)|(loc_dist_ema20_atr_ts_top20==1)|(reg_atr_change_rate_ts_band25_75==1&reg_atr_change_rate_ts_top70==0&reg_ema20_gt_ema50_raw==0),44a6725858fd,2,42,20,reg_atr_change_rate_ts_top70,regime,atr_change_rate,volatility,0
(*)|(loc_dist_ema20_atr_ts_top20==1)|(reg_atr_change_rate_ts_band25_75==1&reg_atr_change_rate_ts_top70==0&reg_ema20_gt_ema50_raw==0),44a6725858fd,2,42,30,reg_atr_change_rate_ts_band25_75,regime,atr_change_rate,volatility,1
(*)|(loc_dist_ema20_atr_ts_top20==1)|(reg_atr_change_rate_ts_band25_75==1&reg_atr_change_rate_ts_top70==0&reg_ema20_gt_ema50_raw==0),44a6725858fd,2,42,1,loc_dist_ema20_atr_ts_top20,location,dist_ema20_atr,context,1
(*)|(loc_dist_ema20_atr_ts_top20==1)|(reg_atr_change_rate_ts_top70==1&reg_ema20_gt_ema50_raw==0),46cbebc09efc,2,42,324,reg_ema20_gt_ema50_raw,regime,ema20_gt_ema50,trend,0
(*)|(loc_dist_ema20_atr_ts_top20==1)|(reg_atr_change_rate_ts_top70==1&reg_ema20_gt_ema50_raw==0),46cbebc09efc,2,42,20,reg_atr_change_rate_ts_top70,regime,atr_change_rate,volatility,1
(*)|(loc_dist_ema20_atr_ts_top20==1)|(reg_atr_change_rate_ts_top70==1&reg_ema20_gt_ema50_raw==0),46cbebc09efc,2,42,1,loc_dist_ema20_atr_ts_top20,location,dist_ema20_atr,context,1
(*)|(*)|(reg_atr_change_rate_ts_top80==0&reg_ema20_gt_ema50_raw==1),fcdca8000e16,2,42,324,reg_ema20_gt_ema50_raw,regime,ema20_gt_ema50,trend,1
(*)|(*)|(reg_atr_change_rate_ts_top80==0&reg_ema20_gt_ema50_raw==1),fcdca8000e16,2,42,24,reg_atr_change_rate_ts_top80,regime,atr_change_rate,volatility,0
(*)|(*)|(reg_atr_change_rate_ts_top80==1&reg_ema20_gt_ema50_raw==1),eba6ad0bd4dd,2,42,324,reg_ema20_gt_ema50_raw,regime,ema20_gt_ema50,trend,1
(*)|(*)|(reg_atr_change_rate_ts_top80==1&reg_ema20_gt_ema50_raw==1),eba6ad0bd4dd,2,42,24,reg_atr_change_rate_ts_top80,regime,atr_change_rate,volatility,1
(*)|(loc_dist_ema20_atr_ts_band40_60==0&loc_dist_ema20_atr_ts_top20==1)|(reg_atr_change_rate_ts_band30_70==0&reg_atr_change_rate_ts_top80==0&reg_ema20_gt_ema50_raw==0),23e668387d97,2,42,324,reg_ema20_gt_ema50_raw,regime,ema20_gt_ema50,trend,0
(*)|(loc_dist_ema20_atr_ts_band40_60==0&loc_dist_ema20_atr_ts_top20==1)|(reg_atr_change_rate_ts_band30_70==0&reg_atr_change_rate_ts_top80==0&reg_ema20_gt_ema50_raw==0),23e668387d97,2,42,24,reg_atr_change_rate_ts_top80,regime,atr_change_rate,volatility,0
(*)|(loc_dist_ema20_atr_ts_band40_60==0&loc_dist_ema20_atr_ts_top20==1)|(reg_atr_change_rate_ts_band30_70==0&reg_atr_change_rate_ts_top80==0&reg_ema20_gt_ema50_raw==0),23e668387d97,2,42,32,reg_atr_change_rate_ts_band30_70,regime,atr_change_rate,volatility,0
(*)|(loc_dist_ema20_atr_ts_band40_60==0&loc_dist_ema20_atr_ts_top20==1)|(reg_atr_change_rate_ts_band30_70==0&reg_atr_change_rate_ts_top80==0&reg_ema20_gt_ema50_raw==0),23e668387d97,2,42,35,loc_dist_ema20_atr_ts_band40_60,location,dist_ema20_atr,context,0
(*)|(loc_dist_ema20_atr_ts_band40_60==0&loc_dist_ema20_atr_ts_top20==1)|(reg_atr_change_rate_ts_band30_70==0&reg_atr_change_rate_ts_top80==0&reg_ema20_gt_ema50_raw==0),23e668387d97,2,42,1,loc_dist_ema20_atr_ts_top20,location,dist_ema20_atr,context,1
(*)|(loc_dist_ema20_atr_ts_band40_60==0&loc_dist_ema20_atr_ts_top20==1)|(reg_atr_change_rate_ts_band30_70==1&reg_atr_change_rate_ts_top80==0&reg_ema20_gt_ema50_raw==0),a317c87ae826,2,42,324,reg_ema20_gt_ema50_raw,regime,ema20_gt_ema50,trend,0
(*)|(loc_dist_ema20_atr_ts_band40_60==0&loc_dist_ema20_atr_ts_top20==1)|(reg_atr_change_rate_ts_band30_70==1&reg_atr_change_rate_ts_top80==0&reg_ema20_gt_ema50_raw==0),a317c87ae826,2,42,24,reg_atr_change_rate_ts_top80,regime,atr_change_rate,volatility,0
(*)|(loc_dist_ema20_atr_ts_band40_60==0&loc_dist_ema20_atr_ts_top20==1)|(reg_atr_change_rate_ts_band30_70==1&reg_atr_change_rate_ts_top80==0&reg_ema20_gt_ema50_raw==0),a317c87ae826,2,42,32,reg_atr_change_rate_ts_band30_70,regime,atr_change_rate,volatility,1
(*)|(loc_dist_ema20_atr_ts_band40_60==0&loc_dist_ema20_atr_ts_top20==1)|(reg_atr_change_rate_ts_band30_70==1&reg_atr_change_rate_ts_top80==0&reg_ema20_gt_ema50_raw==0),a317c87ae826,2,42,35,loc_dist_ema20_atr_ts_band40_60,location,dist_ema20_atr,context,0
(*)|(loc_dist_ema20_atr_ts_band40_60==0&loc_dist_ema20_atr_ts_top20==1)|(reg_atr_change_rate_ts_band30_70==1&reg_atr_change_rate_ts_top80==0&reg_ema20_gt_ema50_raw==0),a317c87ae826,2,42,1,loc_dist_ema20_atr_ts_top20,location,dist_ema20_atr,context,1
(*)|(loc_dist_ema20_atr_ts_band40_60==0)|(reg_atr_change_rate_ts_top80==1&reg_ema20_gt_ema50_raw==0),8b529cf20d3d,2,42,324,reg_ema20_gt_ema50_raw,regime,ema20_gt_ema50,trend,0
(*)|(loc_dist_ema20_atr_ts_band40_60==0)|(reg_atr_change_rate_ts_top80==1&reg_ema20_gt_ema50_raw==0),8b529cf20d3d,2,42,24,reg_atr_change_rate_ts_top80,regime,atr_change_rate,volatility,1
(*)|(loc_dist_ema20_atr_ts_band40_60==0)|(reg_atr_change_rate_ts_top80==1&reg_ema20_gt_ema50_raw==0),8b529cf20d3d,2,42,35,loc_dist_ema20_atr_ts_band40_60,location,dist_ema20_atr,context,0
(*)|(loc_dist_ema20_atr_ts_band40_60==1&loc_dist_ema20_atr_ts_top50==0)|(reg_ema20_gt_ema50_raw==0),2e7338ea428d,2,42,324,reg_ema20_gt_ema50_raw,regime,ema20_gt_ema50,trend,0
(*)|(loc_dist_ema20_atr_ts_band40_60==1&loc_dist_ema20_atr_ts_top50==0)|(reg_ema20_gt_ema50_raw==0),2e7338ea428d,2,42,35,loc_dist_ema20_atr_ts_band40_60,location,dist_ema20_atr,context,1
(*)|(loc_dist_ema20_atr_ts_band40_60==1&loc_dist_ema20_atr_ts_top50==0)|(reg_ema20_gt_ema50_raw==0),2e7338ea428d,2,42,13,loc_dist_ema20_atr_ts_top50,location,dist_ema20_atr,context,0
(*)|(loc_dist_ema20_atr_ts_band40_60==1&loc_dist_ema20_atr_ts_top50==1)|(reg_ema20_gt_ema50_raw==0),aa0de8bab1a4,2,42,324,reg_ema20_gt_ema50_raw,regime,ema20_gt_ema50,trend,0
(*)|(loc_dist_ema20_atr_ts_band40_60==1&loc_dist_ema20_atr_ts_top50==1)|(reg_ema20_gt_ema50_raw==0),aa0de8bab1a4,2,42,35,loc_dist_ema20_atr_ts_band40_60,location,dist_ema20_atr,context,1
(*)|(loc_dist_ema20_atr_ts_band40_60==1&loc_dist_ema20_atr_ts_top50==1)|(reg_ema20_gt_ema50_raw==0),aa0de8bab1a4,2,42,13,loc_dist_ema20_atr_ts_top50,location,dist_ema20_atr,context,1
(*)|(*)|(reg_ema20_gt_ema50_raw==1),aaf502c0bfc7,2,42,324,reg_ema20_gt_ema50_raw,regime,ema20_gt_ema50,trend,1
(*)|(*)|(reg_atr_change_rate_ts_top60==1&reg_ema20_gt_ema50_raw==0),327fcf4b7ba7,2,42,324,reg_ema20_gt_ema50_raw,regime,ema20_gt_ema50,trend,0
(*)|(*)|(reg_atr_change_rate_ts_top60==1&reg_ema20_gt_ema50_raw==0),327fcf4b7ba7,2,42,16,reg_atr_change_rate_ts_top60,regime,atr_change_rate,volatility,1
(*)|(*)|(reg_atr_change_rate_ts_top80==0&reg_ema20_gt_ema50_raw==1),8b50ed81c9f6,2,42,324,reg_ema20_gt_ema50_raw,regime,ema20_gt_ema50,trend,1
(*)|(*)|(reg_atr_change_rate_ts_top80==0&reg_ema20_gt_ema50_raw==1),8b50ed81c9f6,2,42,24,reg_atr_change_rate_ts_top80,regime,atr_change_rate,volatility,0
(*)|(*)|(reg_atr_change_rate_ts_top80==1&reg_ema20_gt_ema50_raw==1),3976f0a0d459,2,42,324,reg_ema20_gt_ema50_raw,regime,ema20_gt_ema50,trend,1
(*)|(*)|(reg_atr_change_rate_ts_top80==1&reg_ema20_gt_ema50_raw==1),3976f0a0d459,2,42,24,reg_atr_change_rate_ts_top80,regime,atr_change_rate,volatility,1
(*)|(*)|(reg_atr_change_rate_ts_band20_80==1&reg_atr_change_rate_ts_band40_60==0&reg_atr_change_rate_ts_top80==0),f0fdf9cde997,2,42,24,reg_atr_change_rate_ts_top80,regime,atr_change_rate,volatility,0
(*)|(*)|(reg_atr_change_rate_ts_band20_80==1&reg_atr_change_rate_ts_band40_60==0&reg_atr_change_rate_ts_top80==0),f0fdf9cde997,2,42,34,reg_atr_change_rate_ts_band40_60,regime,atr_change_rate,volatility,0
(*)|(*)|(reg_atr_change_rate_ts_band20_80==1&reg_atr_change_rate_ts_band40_60==0&reg_atr_change_rate_ts_top80==0),f0fdf9cde997,2,42,28,reg_atr_change_rate_ts_band20_80,regime,atr_change_rate,volatility,1
(*)|(*)|(reg_atr_change_rate_ts_band40_60==1&reg_atr_change_rate_ts_top80==0),8f3fd6302e77,2,42,24,reg_atr_change_rate_ts_top80,regime,atr_change_rate,volatility,0
(*)|(*)|(reg_atr_change_rate_ts_band40_60==1&reg_atr_change_rate_ts_top80==0),8f3fd6302e77,2,42,34,reg_atr_change_rate_ts_band40_60,regime,atr_change_rate,volatility,1
(*)|(*)|(reg_atr_change_rate_ts_top80==1),9c6926f30909,2,42,24,reg_atr_change_rate_ts_top80,regime,atr_change_rate,volatility,1
(*)|(*)|(reg_atr_change_rate_ts_band20_80==1&reg_atr_change_rate_ts_band25_75==0&reg_atr_change_rate_ts_top60==0&reg_atr_change_rate_ts_top80==0),cd0b02ee7021,2,42,24,reg_atr_change_rate_ts_top80,regime,atr_change_rate,volatility,0
(*)|(*)|(reg_atr_change_rate_ts_band20_80==1&reg_atr_change_rate_ts_band25_75==0&reg_atr_change_rate_ts_top60==0&reg_atr_change_rate_ts_top80==0),cd0b02ee7021,2,42,16,reg_atr_change_rate_ts_top60,regime,atr_change_rate,volatility,0
(*)|(*)|(reg_atr_change_rate_ts_band20_80==1&reg_atr_change_rate_ts_band25_75==0&reg_atr_change_rate_ts_top60==0&reg_atr_change_rate_ts_top80==0),cd0b02ee7021,2,42,28,reg_atr_change_rate_ts_band20_80,regime,atr_change_rate,volatility,1
(*)|(*)|(reg_atr_change_rate_ts_band20_80==1&reg_atr_change_rate_ts_band25_75==0&reg_atr_change_rate_ts_top60==0&reg_atr_change_rate_ts_top80==0),cd0b02ee7021,2,42,30,reg_atr_change_rate_ts_band25_75,regime,atr_change_rate,volatility,0
(*)|(*)|(reg_atr_change_rate_ts_band20_80==1&reg_atr_change_rate_ts_band25_75==1&reg_atr_change_rate_ts_top60==0&reg_atr_change_rate_ts_top80==0),bee72691faf8,2,42,24,reg_atr_change_rate_ts_top80,regime,atr_change_rate,volatility,0
(*)|(*)|(reg_atr_change_rate_ts_band20_80==1&reg_atr_change_rate_ts_band25_75==1&reg_atr_change_rate_ts_top60==0&reg_atr_change_rate_ts_top80==0),bee72691faf8,2,42,16,reg_atr_change_rate_ts_top60,regime,atr_change_rate,volatility,0
(*)|(*)|(reg_atr_change_rate_ts_band20_80==1&reg_atr_change_rate_ts_band25_75==1&reg_atr_change_rate_ts_top60==0&reg_atr_change_rate_ts_top80==0),bee72691faf8,2,42,28,reg_atr_change_rate_ts_band20_80,regime,atr_change_rate,volatility,1
(*)|(*)|(reg_atr_change_rate_ts_band20_80==1&reg_atr_change_rate_ts_band25_75==1&reg_atr_change_rate_ts_top60==0&reg_atr_change_rate_ts_top80==0),bee72691faf8,2,42,30,reg_atr_change_rate_ts_band25_75,regime,atr_change_rate,volatility,1
(*)|(*)|(reg_atr_change_rate_ts_band25_75==0&reg_atr_change_rate_ts_top60==1&reg_atr_change_rate_ts_top80==0),dc51defebdc9,2,42,24,reg_atr_change_rate_ts_top80,regime,atr_change_rate,volatility,0
(*)|(*)|(reg_atr_change_rate_ts_band25_75==0&reg_atr_change_rate_ts_top60==1&reg_atr_change_rate_ts_top80==0),dc51defebdc9,2,42,16,reg_atr_change_rate_ts_top60,regime,atr_change_rate,volatility,1
(*)|(*)|(reg_atr_change_rate_ts_band25_75==0&reg_atr_change_rate_ts_top60==1&reg_atr_change_rate_ts_top80==0),dc51defebdc9,2,42,30,reg_atr_change_rate_ts_band25_75,regime,atr_change_rate,volatility,0
(*)|(*)|(reg_atr_change_rate_ts_band25_75==1&reg_atr_change_rate_ts_top60==1&reg_atr_change_rate_ts_top80==0),adefbf9b0611,2,42,24,reg_atr_change_rate_ts_top80,regime,atr_change_rate,volatility,0
(*)|(*)|(reg_atr_change_rate_ts_band25_75==1&reg_atr_change_rate_ts_top60==1&reg_atr_change_rate_ts_top80==0),adefbf9b0611,2,42,16,reg_atr_change_rate_ts_top60,regime,atr_change_rate,volatility,1
(*)|(*)|(reg_atr_change_rate_ts_band25_75==1&reg_atr_change_rate_ts_top60==1&reg_atr_change_rate_ts_top80==0),adefbf9b0611,2,42,30,reg_atr_change_rate_ts_band25_75,regime,atr_change_rate,volatility,1
(*)|(*)|(reg_atr_change_rate_ts_top80==1),c00d51bece0f,2,42,24,reg_atr_change_rate_ts_top80,regime,atr_change_rate,volatility,1
(*)|(loc_dist_ema20_atr_ts_top60==0&loc_dist_ema20_atr_ts_top80==0)|(reg_atr_change_rate_ts_band25_75==0&reg_atr_change_rate_ts_top20==1&reg_ema20_gt_ema50_raw==0),60f8322a99f5,2,42,324,reg_ema20_gt_ema50_raw,regime,ema20_gt_ema50,trend,0
(*)|(loc_dist_ema20_atr_ts_top60==0&loc_dist_ema20_atr_ts_top80==0)|(reg_atr_change_rate_ts_band25_75==0&reg_atr_change_rate_ts_top20==1&reg_ema20_gt_ema50_raw==0),60f8322a99f5,2,42,0,reg_atr_change_rate_ts_top20,regime,atr_change_rate,volatility,1
(*)|(loc_dist_ema20_atr_ts_top60==0&loc_dist_ema20_atr_ts_top80==0)|(reg_atr_change_rate_ts_band25_75==0&reg_atr_change_rate_ts_top20==1&reg_ema20_gt_ema50_raw==0),60f8322a99f5,2,42,30,reg_atr_change_rate_ts_band25_75,regime,atr_change_rate,volatility,0
(*)|(loc_dist_ema20_atr_ts_top60==0&loc_dist_ema20_atr_ts_top80==0)|(reg_atr_change_rate_ts_band25_75==0&reg_atr_change_rate_ts_top20==1&reg_ema20_gt_ema50_raw==0),60f8322a99f5,2,42,25,loc_dist_ema20_atr_ts_top80,location,dist_ema20_atr,context,0
(*)|(loc_dist_ema20_atr_ts_top60==0&loc_dist_ema20_atr_ts_top80==0)|(reg_atr_change_rate_ts_band25_75==0&reg_atr_change_rate_ts_top20==1&reg_ema20_gt_ema50_raw==0),60f8322a99f5,2,42,17,loc_dist_ema20_atr_ts_top60,location,dist_ema20_atr,context,0
(*)|(loc_dist_ema20_atr_ts_top60==0&loc_dist_ema20_atr_ts_top80==0)|(reg_atr_change_rate_ts_band25_75==1&reg_atr_change_rate_ts_top20==1&reg_ema20_gt_ema50_raw==0),f8640a141d11,2,42,324,reg_ema20_gt_ema50_raw,regime,ema20_gt_ema50,trend,0
(*)|(loc_dist_ema20_atr_ts_top60==0&loc_dist_ema20_atr_ts_top80==0)|(reg_atr_change_rate_ts_band25_75==1&reg_atr_change_rate_ts_top20==1&reg_ema20_gt_ema50_raw==0),f8640a141d11,2,42,0,reg_atr_change_rate_ts_top20,regime,atr_change_rate,volatility,1
(*)|(loc_dist_ema20_atr_ts_top60==0&loc_dist_ema20_atr_ts_top80==0)|(reg_atr_change_rate_ts_band25_75==1&reg_atr_change_rate_ts_top20==1&reg_ema20_gt_ema50_raw==0),f8640a141d11,2,42,30,reg_atr_change_rate_ts_band25_75,regime,atr_change_rate,volatility,1
(*)|(loc_dist_ema20_atr_ts_top60==0&loc_dist_ema20_atr_ts_top80==0)|(reg_atr_change_rate_ts_band25_75==1&reg_atr_change_rate_ts_top20==1&reg_ema20_gt_ema50_raw==0),f8640a141d11,2,42,25,loc_dist_ema20_atr_ts_top80,location,dist_ema20_atr,context,0
(*)|(loc_dist_ema20_atr_ts_top60==0&loc_dist_ema20_atr_ts_top80==0)|(reg_atr_change_rate_ts_band25_75==1&reg_atr_change_rate_ts_top20==1&reg_ema20_gt_ema50_raw==0),f8640a141d11,2,42,17,loc_dist_ema20_atr_ts_top60,location,dist_ema20_atr,context,0
(*)|(loc_dist_ema20_atr_ts_top60==1&loc_dist_ema20_atr_ts_top80==0)|(reg_atr_change_rate_ts_band25_75==0&reg_atr_change_rate_ts_top20==1&reg_ema20_gt_ema50_raw==0),1e7418f18f90,2,42,324,reg_ema20_gt_ema50_raw,regime,ema20_gt_ema50,trend,0
(*)|(loc_dist_ema20_atr_ts_top60==1&loc_dist_ema20_atr_ts_top80==0)|(reg_atr_change_rate_ts_band25_75==0&reg_atr_change_rate_ts_top20==1&reg_ema20_gt_ema50_raw==0),1e7418f18f90,2,42,0,reg_atr_change_rate_ts_top20,regime,atr_change_rate,volatility,1
(*)|(loc_dist_ema20_atr_ts_top60==1&loc_dist_ema20_atr_ts_top80==0)|(reg_atr_change_rate_ts_band25_75==0&reg_atr_change_rate_ts_top20==1&reg_ema20_gt_ema50_raw==0),1e7418f18f90,2,42,30,reg_atr_change_rate_ts_band25_75,regime,atr_change_rate,volatility,0
(*)|(loc_dist_ema20_atr_ts_top60==1&loc_dist_ema20_atr_ts_top80==0)|(reg_atr_change_rate_ts_band25_75==0&reg_atr_change_rate_ts_top20==1&reg_ema20_gt_ema50_raw==0),1e7418f18f90,2,42,25,loc_dist_ema20_atr_ts_top80,location,dist_ema20_atr,context,0
(*)|(loc_dist_ema20_atr_ts_top60==1&loc_dist_ema20_atr_ts_top80==0)|(reg_atr_change_rate_ts_band25_75==0&reg_atr_change_rate_ts_top20==1&reg_ema20_gt_ema50_raw==0),1e7418f18f90,2,42,17,loc_dist_ema20_atr_ts_top60,location,dist_ema20_atr,context,1
(*)|(loc_dist_ema20_atr_ts_top60==1&loc_dist_ema20_atr_ts_top80==0)|(reg_atr_change_rate_ts_band25_75==1&reg_atr_change_rate_ts_top20==1&reg_ema20_gt_ema50_raw==0),5856add14128,2,42,324,reg_ema20_gt_ema50_raw,regime,ema20_gt_ema50,trend,0
(*)|(loc_dist_ema20_atr_ts_top60==1&loc_dist_ema20_atr_ts_top80==0)|(reg_atr_change_rate_ts_band25_75==1&reg_atr_change_rate_ts_top20==1&reg_ema20_gt_ema50_raw==0),5856add14128,2,42,0,reg_atr_change_rate_ts_top20,regime,atr_change_rate,volatility,1
(*)|(loc_dist_ema20_atr_ts_top60==1&loc_dist_ema20_atr_ts_top80==0)|(reg_atr_change_rate_ts_band25_75==1&reg_atr_change_rate_ts_top20==1&reg_ema20_gt_ema50_raw==0),5856add14128,2,42,30,reg_atr_change_rate_ts_band25_75,regime,atr_change_rate,volatility,1
(*)|(loc_dist_ema20_atr_ts_top60==1&loc_dist_ema20_atr_ts_top80==0)|(reg_atr_change_rate_ts_band25_75==1&reg_atr_change_rate_ts_top20==1&reg_ema20_gt_ema50_raw==0),5856add14128,2,42,25,loc_dist_ema20_atr_ts_top80,location,dist_ema20_atr,context,0
(*)|(loc_dist_ema20_atr_ts_top60==1&loc_dist_ema20_atr_ts_top80==0)|(reg_atr_change_rate_ts_band25_75==1&reg_atr_change_rate_ts_top20==1&reg_ema20_gt_ema50_raw==0),5856add14128,2,42,17,loc_dist_ema20_atr_ts_top60,location,dist_ema20_atr,context,1
(*)|(loc_dist_ema20_atr_ts_top80==1)|(reg_ema20_gt_ema50_raw==0),1ca195a628a7,2,42,324,reg_ema20_gt_ema50_raw,regime,ema20_gt_ema50,trend,0
(*)|(loc_dist_ema20_atr_ts_top80==1)|(reg_ema20_gt_ema50_raw==0),1ca195a628a7,2,42,25,loc_dist_ema20_atr_ts_top80,location,dist_ema20_atr,context,1
(*)|(loc_dist_ema20_atr_ts_top80==0)|(reg_ema20_gt_ema50_raw==1),0db86cdb4b2d,2,42,324,reg_ema20_gt_ema50_raw,regime,ema20_gt_ema50,trend,1
(*)|(loc_dist_ema20_atr_ts_top80==0)|(reg_ema20_gt_ema50_raw==1),0db86cdb4b2d,2,42,25,loc_dist_ema20_atr_ts_top80,location,dist_ema20_atr,context,0
(*)|(loc_dist_ema20_atr_ts_top80==1)|(reg_ema20_gt_ema50_raw==1),342f088bf934,2,42,324,reg_ema20_gt_ema50_raw,regime,ema20_gt_ema50,trend,1
(*)|(loc_dist_ema20_atr_ts_top80==1)|(reg_ema20_gt_ema50_raw==1),342f088bf934,2,42,25,loc_dist_ema20_atr_ts_top80,location,dist_ema20_atr,context,1
(*)|(loc_dist_ema20_atr_ts_top80==0)|(reg_atr_change_rate_ts_band30_70==0&reg_ema50_gt_ema200_raw==1),236a2ff2864a,2,42,32,reg_atr_change_rate_ts_band30_70,regime,atr_change_rate,volatility,0
(*)|(loc_dist_ema20_atr_ts_top80==0)|(reg_atr_change_rate_ts_band30_70==0&reg_ema50_gt_ema200_raw==1),236a2ff2864a,2,42,398,reg_ema50_gt_ema200_raw,regime,ema50_gt_ema200,trend,1
(*)|(loc_dist_ema20_atr_ts_top80==0)|(reg_atr_change_rate_ts_band30_70==0&reg_ema50_gt_ema200_raw==1),236a2ff2864a,2,42,25,loc_dist_ema20_atr_ts_top80,location,dist_ema20_atr,context,0
(*)|(loc_dist_ema20_atr_ts_top80==1)|(reg_atr_change_rate_ts_band30_70==0&reg_ema50_gt_ema200_raw==0),777a5b76bed5,2,42,32,reg_atr_change_rate_ts_band30_70,regime,atr_change_rate,volatility,0
(*)|(loc_dist_ema20_atr_ts_top80==1)|(reg_atr_change_rate_ts_band30_70==0&reg_ema50_gt_ema200_raw==0),777a5b76bed5,2,42,398,reg_ema50_gt_ema200_raw,regime,ema50_gt_ema200,trend,0
(*)|(loc_dist_ema20_atr_ts_top80==1)|(reg_atr_change_rate_ts_band30_70==0&reg_ema50_gt_ema200_raw==0),777a5b76bed5,2,42,25,loc_dist_ema20_atr_ts_top80,location,dist_ema20_atr,context,1
(*)|(loc_dist_ema20_atr_ts_top80==1)|(reg_atr_change_rate_ts_band30_70==0&reg_ema50_gt_ema200_raw==1),c39c6e668677,2,42,32,reg_atr_change_rate_ts_band30_70,regime,atr_change_rate,volatility,0
(*)|(loc_dist_ema20_atr_ts_top80==1)|(reg_atr_change_rate_ts_band30_70==0&reg_ema50_gt_ema200_raw==1),c39c6e668677,2,42,398,reg_ema50_gt_ema200_raw,regime,ema50_gt_ema200,trend,1
(*)|(loc_dist_ema20_atr_ts_top80==1)|(reg_atr_change_rate_ts_band30_70==0&reg_ema50_gt_ema200_raw==1),c39c6e668677,2,42,25,loc_dist_ema20_atr_ts_top80,location,dist_ema20_atr,context,1
(*)|(loc_dist_ema20_atr_ts_top40==0)|(reg_atr_change_rate_ts_band30_70==1),f855b11e96b4,2,42,32,reg_atr_change_rate_ts_band30_70,regime,atr_change_rate,volatility,1
(*)|(loc_dist_ema20_atr_ts_top40==0)|(reg_atr_change_rate_ts_band30_70==1),f855b11e96b4,2,42,9,loc_dist_ema20_atr_ts_top40,location,dist_ema20_atr,context,0
(*)|(loc_dist_ema20_atr_ts_top40==1)|(reg_atr_change_rate_ts_band30_70==1&reg_atr_change_rate_ts_top60==0),98e1befbf897,2,42,32,reg_atr_change_rate_ts_band30_70,regime,atr_change_rate,volatility,1
(*)|(loc_dist_ema20_atr_ts_top40==1)|(reg_atr_change_rate_ts_band30_70==1&reg_atr_change_rate_ts_top60==0),98e1befbf897,2,42,16,reg_atr_change_rate_ts_top60,regime,atr_change_rate,volatility,0
(*)|(loc_dist_ema20_atr_ts_top40==1)|(reg_atr_change_rate_ts_band30_70==1&reg_atr_change_rate_ts_top60==0),98e1befbf897,2,42,9,loc_dist_ema20_atr_ts_top40,location,dist_ema20_atr,context,1
(*)|(loc_dist_ema20_atr_ts_top40==1)|(reg_atr_change_rate_ts_band30_70==1&reg_atr_change_rate_ts_top60==1),af119bc8cf04,2,42,32,reg_atr_change_rate_ts_band30_70,regime,atr_change_rate,volatility,1
(*)|(loc_dist_ema20_atr_ts_top40==1)|(reg_atr_change_rate_ts_band30_70==1&reg_atr_change_rate_ts_top60==1),af119bc8cf04,2,42,16,reg_atr_change_rate_ts_top60,regime,atr_change_rate,volatility,1
(*)|(loc_dist_ema20_atr_ts_top40==1)|(reg_atr_change_rate_ts_band30_70==1&reg_atr_change_rate_ts_top60==1),af119bc8cf04,2,42,9,loc_dist_ema20_atr_ts_top40,location,dist_ema20_atr,context,1
(*)|(*)|(reg_atr_change_rate_ts_band20_80==1&reg_atr_change_rate_ts_band30_70==0&reg_atr_change_rate_ts_top50==0),e395875fed31,2,42,28,reg_atr_change_rate_ts_band20_80,regime,atr_change_rate,volatility,1
(*)|(*)|(reg_atr_change_rate_ts_band20_80==1&reg_atr_change_rate_ts_band30_70==0&reg_atr_change_rate_ts_top50==0),e395875fed31,2,42,12,reg_atr_change_rate_ts_top50,regime,atr_change_rate,volatility,0
(*)|(*)|(reg_atr_change_rate_ts_band20_80==1&reg_atr_change_rate_ts_band30_70==0&reg_atr_change_rate_ts_top50==0),e395875fed31,2,42,32,reg_atr_change_rate_ts_band30_70,regime,atr_change_rate,volatility,0
(*)|(*)|(reg_atr_change_rate_ts_band20_80==1&reg_atr_change_rate_ts_band30_70==1&reg_atr_change_rate_ts_top50==0),dd4d8b8f5ad5,2,42,28,reg_atr_change_rate_ts_band20_80,regime,atr_change_rate,volatility,1
(*)|(*)|(reg_atr_change_rate_ts_band20_80==1&reg_atr_change_rate_ts_band30_70==1&reg_atr_change_rate_ts_top50==0),dd4d8b8f5ad5,2,42,12,reg_atr_change_rate_ts_top50,regime,atr_change_rate,volatility,0
(*)|(*)|(reg_atr_change_rate_ts_band20_80==1&reg_atr_change_rate_ts_band30_70==1&reg_atr_change_rate_ts_top50==0),dd4d8b8f5ad5,2,42,32,reg_atr_change_rate_ts_band30_70,regime,atr_change_rate,volatility,1
(*)|(*)|(reg_atr_change_rate_ts_band20_80==1&reg_atr_change_rate_ts_top50==1&reg_ema20_gt_ema50_raw==0),50a671636060,2,42,28,reg_atr_change_rate_ts_band20_80,regime,atr_change_rate,volatility,1
(*)|(*)|(reg_atr_change_rate_ts_band20_80==1&reg_atr_change_rate_ts_top50==1&reg_ema20_gt_ema50_raw==0),50a671636060,2,42,12,reg_atr_change_rate_ts_top50,regime,atr_change_rate,volatility,1
(*)|(*)|(reg_atr_change_rate_ts_band20_80==1&reg_atr_change_rate_ts_top50==1&reg_ema20_gt_ema50_raw==0),50a671636060,2,42,324,reg_ema20_gt_ema50_raw,regime,ema20_gt_ema50,trend,0
(*)|(*)|(reg_atr_change_rate_ts_band20_80==1&reg_atr_change_rate_ts_top50==1&reg_ema20_gt_ema50_raw==1),61ce68968856,2,42,28,reg_atr_change_rate_ts_band20_80,regime,atr_change_rate,volatility,1
(*)|(*)|(reg_atr_change_rate_ts_band20_80==1&reg_atr_change_rate_ts_top50==1&reg_ema20_gt_ema50_raw==1),61ce68968856,2,42,12,reg_atr_change_rate_ts_top50,regime,atr_change_rate,volatility,1
(*)|(*)|(reg_atr_change_rate_ts_band20_80==1&reg_atr_change_rate_ts_top50==1&reg_ema20_gt_ema50_raw==1),61ce68968856,2,42,324,reg_ema20_gt_ema50_raw,regime,ema20_gt_ema50,trend,1
(*)|(loc_dist_ema20_atr_ts_top20==1&loc_dist_ema20_atr_ts_top40==0)|(reg_atr_change_rate_ts_band25_75==0&reg_atr_change_rate_ts_top50==0&reg_ema20_gt_ema50_raw==0),4d1fa5d5c81a,2,42,324,reg_ema20_gt_ema50_raw,regime,ema20_gt_ema50,trend,0
(*)|(loc_dist_ema20_atr_ts_top20==1&loc_dist_ema20_atr_ts_top40==0)|(reg_atr_change_rate_ts_band25_75==0&reg_atr_change_rate_ts_top50==0&reg_ema20_gt_ema50_raw==0),4d1fa5d5c81a,2,42,12,reg_atr_change_rate_ts_top50,regime,atr_change_rate,volatility,0
(*)|(loc_dist_ema20_atr_ts_top20==1&loc_dist_ema20_atr_ts_top40==0)|(reg_atr_change_rate_ts_band25_75==0&reg_atr_change_rate_ts_top50==0&reg_ema20_gt_ema50_raw==0),4d1fa5d5c81a,2,42,30,reg_atr_change_rate_ts_band25_75,regime,atr_change_rate,volatility,0
(*)|(loc_dist_ema20_atr_ts_top20==1&loc_dist_ema20_atr_ts_top40==0)|(reg_atr_change_rate_ts_band25_75==0&reg_atr_change_rate_ts_top50==0&reg_ema20_gt_ema50_raw==0),4d1fa5d5c81a,2,42,1,loc_dist_ema20_atr_ts_top20,location,dist_ema20_atr,context,1
(*)|(loc_dist_ema20_atr_ts_top20==1&loc_dist_ema20_atr_ts_top40==0)|(reg_atr_change_rate_ts_band25_75==0&reg_atr_change_rate_ts_top50==0&reg_ema20_gt_ema50_raw==0),4d1fa5d5c81a,2,42,9,loc_dist_ema20_atr_ts_top40,location,dist_ema20_atr,context,0
(*)|(loc_dist_ema20_atr_ts_band30_70==0&loc_dist_ema20_atr_ts_top20==1&loc_dist_ema20_atr_ts_top40==0)|(reg_atr_change_rate_ts_band25_75==1&reg_atr_change_rate_ts_top50==0&reg_ema20_gt_ema50_raw==0),e673f1c3f3b4,2,42,324,reg_ema20_gt_ema50_raw,regime,ema20_gt_ema50,trend,0
(*)|(loc_dist_ema20_atr_ts_band30_70==0&loc_dist_ema20_atr_ts_top20==1&loc_dist_ema20_atr_ts_top40==0)|(reg_atr_change_rate_ts_band25_75==1&reg_atr_change_rate_ts_top50==0&reg_ema20_gt_ema50_raw==0),e673f1c3f3b4,2,42,12,reg_atr_change_rate_ts_top50,regime,atr_change_rate,volatility,0
(*)|(loc_dist_ema20_atr_ts_band30_70==0&loc_dist_ema20_atr_ts_top20==1&loc_dist_ema20_atr_ts_top40==0)|(reg_atr_change_rate_ts_band25_75==1&reg_atr_change_rate_ts_top50==0&reg_ema20_gt_ema50_raw==0),e673f1c3f3b4,2,42,30,reg_atr_change_rate_ts_band25_75,regime,atr_change_rate,volatility,1
(*)|(loc_dist_ema20_atr_ts_band30_70==0&loc_dist_ema20_atr_ts_top20==1&loc_dist_ema20_atr_ts_top40==0)|(reg_atr_change_rate_ts_band25_75==1&reg_atr_change_rate_ts_top50==0&reg_ema20_gt_ema50_raw==0),e673f1c3f3b4,2,42,1,loc_dist_ema20_atr_ts_top20,location,dist_ema20_atr,context,1
(*)|(loc_dist_ema20_atr_ts_band30_70==0&loc_dist_ema20_atr_ts_top20==1&loc_dist_ema20_atr_ts_top40==0)|(reg_atr_change_rate_ts_band25_75==1&reg_atr_change_rate_ts_top50==0&reg_ema20_gt_ema50_raw==0),e673f1c3f3b4,2,42,9,loc_dist_ema20_atr_ts_top40,location,dist_ema20_atr,context,0
(*)|(loc_dist_ema20_atr_ts_band30_70==0&loc_dist_ema20_atr_ts_top20==1&loc_dist_ema20_atr_ts_top40==0)|(reg_atr_change_rate_ts_band25_75==1&reg_atr_change_rate_ts_top50==0&reg_ema20_gt_ema50_raw==0),e673f1c3f3b4,2,42,33,loc_dist_ema20_atr_ts_band30_70,location,dist_ema20_atr,context,0
(*)|(loc_dist_ema20_atr_ts_band30_70==1&loc_dist_ema20_atr_ts_top20==1&loc_dist_ema20_atr_ts_top40==0)|(reg_atr_change_rate_ts_band25_75==1&reg_atr_change_rate_ts_top50==0&reg_ema20_gt_ema50_raw==0),925605d588e7,2,42,324,reg_ema20_gt_ema50_raw,regime,ema20_gt_ema50,trend,0
(*)|(loc_dist_ema20_atr_ts_band30_70==1&loc_dist_ema20_atr_ts_top20==1&loc_dist_ema20_atr_ts_top40==0)|(reg_atr_change_rate_ts_band25_75==1&reg_atr_change_rate_ts_top50==0&reg_ema20_gt_ema50_raw==0),925605d588e7,2,42,12,reg_atr_change_rate_ts_top50,regime,atr_change_rate,volatility,0
(*)|(loc_dist_ema20_atr_ts_band30_70==1&loc_dist_ema20_atr_ts_top20==1&loc_dist_ema20_atr_ts_top40==0)|(reg_atr_change_rate_ts_band25_75==1&reg_atr_change_rate_ts_top50==0&reg_ema20_gt_ema50_raw==0),925605d588e7,2,42,30,reg_atr_change_rate_ts_band25_75,regime,atr_change_rate,volatility,1
(*)|(loc_dist_ema20_atr_ts_band30_70==1&loc_dist_ema20_atr_ts_top20==1&loc_dist_ema20_atr_ts_top40==0)|(reg_atr_change_rate_ts_band25_75==1&reg_atr_change_rate_ts_top50==0&reg_ema20_gt_ema50_raw==0),925605d588e7,2,42,1,loc_dist_ema20_atr_ts_top20,location,dist_ema20_atr,context,1
(*)|(loc_dist_ema20_atr_ts_band30_70==1&loc_dist_ema20_atr_ts_top20==1&loc_dist_ema20_atr_ts_top40==0)|(reg_atr_change_rate_ts_band25_75==1&reg_atr_change_rate_ts_top50==0&reg_ema20_gt_ema50_raw==0),925605d588e7,2,42,9,loc_dist_ema20_atr_ts_top40,location,dist_ema20_atr,context,0
(*)|(loc_dist_ema20_atr_ts_band30_70==1&loc_dist_ema20_atr_ts_top20==1&loc_dist_ema20_atr_ts_top40==0)|(reg_atr_change_rate_ts_band25_75==1&reg_atr_change_rate_ts_top50==0&reg_ema20_gt_ema50_raw==0),925605d588e7,2,42,33,loc_dist_ema20_atr_ts_band30_70,location,dist_ema20_atr,context,1
(*)|(loc_dist_ema20_atr_ts_top20==1&loc_dist_ema20_atr_ts_top40==1)|(reg_atr_change_rate_ts_top50==0&reg_ema20_gt_ema50_raw==0),df631aa1b274,2,42,324,reg_ema20_gt_ema50_raw,regime,ema20_gt_ema50,trend,0
(*)|(loc_dist_ema20_atr_ts_top20==1&loc_dist_ema20_atr_ts_top40==1)|(reg_atr_change_rate_ts_top50==0&reg_ema20_gt_ema50_raw==0),df631aa1b274,2,42,12,reg_atr_change_rate_ts_top50,regime,atr_change_rate,volatility,0
(*)|(loc_dist_ema20_atr_ts_top20==1&loc_dist_ema20_atr_ts_top40==1)|(reg_atr_change_rate_ts_top50==0&reg_ema20_gt_ema50_raw==0),df631aa1b274,2,42,1,loc_dist_ema20_atr_ts_top20,location,dist_ema20_atr,context,1
(*)|(loc_dist_ema20_atr_ts_top20==1&loc_dist_ema20_atr_ts_top40==1)|(reg_atr_change_rate_ts_top50==0&reg_ema20_gt_ema50_raw==0),df631aa1b274,2,42,9,loc_dist_ema20_atr_ts_top40,location,dist_ema20_atr,context,1
(*)|(loc_dist_ema20_atr_ts_top20==1)|(reg_atr_change_rate_ts_bot80==0&reg_atr_change_rate_ts_top50==1&reg_ema20_gt_ema50_raw==0),79df66bea94a,2,42,324,reg_ema20_gt_ema50_raw,regime,ema20_gt_ema50,trend,0
(*)|(loc_dist_ema20_atr_ts_top20==1)|(reg_atr_change_rate_ts_bot80==0&reg_atr_change_rate_ts_top50==1&reg_ema20_gt_ema50_raw==0),79df66bea94a,2,42,12,reg_atr_change_rate_ts_top50,regime,atr_change_rate,volatility,1
(*)|(loc_dist_ema20_atr_ts_top20==1)|(reg_atr_change_rate_ts_bot80==0&reg_atr_change_rate_ts_top50==1&reg_ema20_gt_ema50_raw==0),79df66bea94a,2,42,26,reg_atr_change_rate_ts_bot80,regime,atr_change_rate,volatility,0
(*)|(loc_dist_ema20_atr_ts_top20==1)|(reg_atr_change_rate_ts_bot80==0&reg_atr_change_rate_ts_top50==1&reg_ema20_gt_ema50_raw==0),79df66bea94a,2,42,1,loc_dist_ema20_atr_ts_top20,location,dist_ema20_atr,context,1
(*)|(loc_dist_ema20_atr_ts_top20==1)|(reg_atr_change_rate_ts_bot80==1&reg_atr_change_rate_ts_top50==1&reg_ema20_gt_ema50_raw==0),df8ff6da9af6,2,42,324,reg_ema20_gt_ema50_raw,regime,ema20_gt_ema50,trend,0
(*)|(loc_dist_ema20_atr_ts_top20==1)|(reg_atr_change_rate_ts_bot80==1&reg_atr_change_rate_ts_top50==1&reg_ema20_gt_ema50_raw==0),df8ff6da9af6,2,42,12,reg_atr_change_rate_ts_top50,regime,atr_change_rate,volatility,1
(*)|(loc_dist_ema20_atr_ts_top20==1)|(reg_atr_change_rate_ts_bot80==1&reg_atr_change_rate_ts_top50==1&reg_ema20_gt_ema50_raw==0),df8ff6da9af6,2,42,26,reg_atr_change_rate_ts_bot80,regime,atr_change_rate,volatility,1
(*)|(loc_dist_ema20_atr_ts_top20==1)|(reg_atr_change_rate_ts_bot80==1&reg_atr_change_rate_ts_top50==1&reg_ema20_gt_ema50_raw==0),df8ff6da9af6,2,42,1,loc_dist_ema20_atr_ts_top20,location,dist_ema20_atr,context,1
(*)|(*)|(reg_atr_change_rate_ts_bot80==0&reg_ema20_gt_ema50_raw==1),571f417e316a,2,42,324,reg_ema20_gt_ema50_raw,regime,ema20_gt_ema50,trend,1
(*)|(*)|(reg_atr_change_rate_ts_bot80==0&reg_ema20_gt_ema50_raw==1),571f417e316a,2,42,26,reg_atr_change_rate_ts_bot80,regime,atr_change_rate,volatility,0
(*)|(*)|(reg_atr_change_rate_ts_bot80==1&reg_ema20_gt_ema50_raw==1),e71ac253b226,2,42,324,reg_ema20_gt_ema50_raw,regime,ema20_gt_ema50,trend,1
(*)|(*)|(reg_atr_change_rate_ts_bot80==1&reg_ema20_gt_ema50_raw==1),e71ac253b226,2,42,26,reg_atr_change_rate_ts_bot80,regime,atr_change_rate,volatility,1
(*)|(*)|(reg_atr_change_rate_ts_band25_75==0&reg_atr_change_rate_ts_top40==1&reg_atr_change_rate_ts_top80==0),47a49675b963,2,42,30,reg_atr_change_rate_ts_band25_75,regime,atr_change_rate,volatility,0
(*)|(*)|(reg_atr_change_rate_ts_band25_75==0&reg_atr_change_rate_ts_top40==1&reg_atr_change_rate_ts_top80==0),47a49675b963,2,42,8,reg_atr_change_rate_ts_top40,regime,atr_change_rate,volatility,1
(*)|(*)|(reg_atr_change_rate_ts_band25_75==0&reg_atr_change_rate_ts_top40==1&reg_atr_change_rate_ts_top80==0),47a49675b963,2,42,24,reg_atr_change_rate_ts_top80,regime,atr_change_rate,volatility,0
(*)|(*)|(reg_atr_change_rate_ts_band25_75==0&reg_atr_change_rate_ts_top40==1&reg_atr_change_rate_ts_top80==1),981ccab5485c,2,42,30,reg_atr_change_rate_ts_band25_75,regime,atr_change_rate,volatility,0
(*)|(*)|(reg_atr_change_rate_ts_band25_75==0&reg_atr_change_rate_ts_top40==1&reg_atr_change_rate_ts_top80==1),981ccab5485c,2,42,8,reg_atr_change_rate_ts_top40,regime,atr_change_rate,volatility,1
(*)|(*)|(reg_atr_change_rate_ts_band25_75==0&reg_atr_change_rate_ts_top40==1&reg_atr_change_rate_ts_top80==1),981ccab5485c,2,42,24,reg_atr_change_rate_ts_top80,regime,atr_change_rate,volatility,1
(*)|(*)|(reg_atr_change_rate_ts_band25_75==1&reg_atr_change_rate_ts_band30_70==0&reg_atr_change_rate_ts_top40==0),0b1b6b405e75,2,42,30,reg_atr_change_rate_ts_band25_75,regime,atr_change_rate,volatility,1
(*)|(*)|(reg_atr_change_rate_ts_band25_75==1&reg_atr_change_rate_ts_band30_70==0&reg_atr_change_rate_ts_top40==0),0b1b6b405e75,2,42,32,reg_atr_change_rate_ts_band30_70,regime,atr_change_rate,volatility,0
(*)|(*)|(reg_atr_change_rate_ts_band25_75==1&reg_atr_change_rate_ts_band30_70==0&reg_atr_change_rate_ts_top40==0),0b1b6b405e75,2,42,8,reg_atr_change_rate_ts_top40,regime,atr_change_rate,volatility,0
(*)|(*)|(reg_atr_change_rate_ts_band25_75==1&reg_atr_change_rate_ts_band30_70==0&reg_atr_change_rate_ts_top40==1),9202f88cb000,2,42,30,reg_atr_change_rate_ts_band25_75,regime,atr_change_rate,volatility,1
(*)|(*)|(reg_atr_change_rate_ts_band25_75==1&reg_atr_change_rate_ts_band30_70==0&reg_atr_change_rate_ts_top40==1),9202f88cb000,2,42,32,reg_atr_change_rate_ts_band30_70,regime,atr_change_rate,volatility,0
(*)|(*)|(reg_atr_change_rate_ts_band25_75==1&reg_atr_change_rate_ts_band30_70==0&reg_atr_change_rate_ts_top40==1),9202f88cb000,2,42,8,reg_atr_change_rate_ts_top40,regime,atr_change_rate,volatility,1
(*)|(*)|(reg_atr_change_rate_ts_band25_75==1&reg_atr_change_rate_ts_band30_70==1&reg_atr_change_rate_ts_top50==0),88b916b502d2,2,42,30,reg_atr_change_rate_ts_band25_75,regime,atr_change_rate,volatility,1
(*)|(*)|(reg_atr_change_rate_ts_band25_75==1&reg_atr_change_rate_ts_band30_70==1&reg_atr_change_rate_ts_top50==0),88b916b502d2,2,42,32,reg_atr_change_rate_ts_band30_70,regime,atr_change_rate,volatility,1
(*)|(*)|(reg_atr_change_rate_ts_band25_75==1&reg_atr_change_rate_ts_band30_70==1&reg_atr_change_rate_ts_top50==0),88b916b502d2,2,42,12,reg_atr_change_rate_ts_top50,regime,atr_change_rate,volatility,0
(*)|(*)|(reg_atr_change_rate_ts_band25_75==1&reg_atr_change_rate_ts_band30_70==1&reg_atr_change_rate_ts_top50==1),dc088043f24e,2,42,30,reg_atr_change_rate_ts_band25_75,regime,atr_change_rate,volatility,1
(*)|(*)|(reg_atr_change_rate_ts_band25_75==1&reg_atr_change_rate_ts_band30_70==1&reg_atr_change_rate_ts_top50==1),dc088043f24e,2,42,32,reg_atr_change_rate_ts_band30_70,regime,atr_change_rate,volatility,1
(*)|(*)|(reg_atr_change_rate_ts_band25_75==1&reg_atr_change_rate_ts_band30_70==1&reg_atr_change_rate_ts_top50==1),dc088043f24e,2,42,12,reg_atr_change_rate_ts_top50,regime,atr_change_rate,volatility,1
(*)|(*)|(reg_atr_change_rate_ts_top20==1&reg_atr_change_rate_ts_top30==0&reg_atr_change_rate_ts_top40==0&reg_atr_change_rate_ts_top80==0),0cee69104ea0,2,42,24,reg_atr_change_rate_ts_top80,regime,atr_change_rate,volatility,0
(*)|(*)|(reg_atr_change_rate_ts_top20==1&reg_atr_change_rate_ts_top30==0&reg_atr_change_rate_ts_top40==0&reg_atr_change_rate_ts_top80==0),0cee69104ea0,2,42,8,reg_atr_change_rate_ts_top40,regime,atr_change_rate,volatility,0
(*)|(*)|(reg_atr_change_rate_ts_top20==1&reg_atr_change_rate_ts_top30==0&reg_atr_change_rate_ts_top40==0&reg_atr_change_rate_ts_top80==0),0cee69104ea0,2,42,0,reg_atr_change_rate_ts_top20,regime,atr_change_rate,volatility,1
(*)|(*)|(reg_atr_change_rate_ts_top20==1&reg_atr_change_rate_ts_top30==0&reg_atr_change_rate_ts_top40==0&reg_atr_change_rate_ts_top80==0),0cee69104ea0,2,42,4,reg_atr_change_rate_ts_top30,regime,atr_change_rate,volatility,0
(*)|(*)|(reg_atr_change_rate_ts_top20==1&reg_atr_change_rate_ts_top30==1&reg_atr_change_rate_ts_top40==0&reg_atr_change_rate_ts_top80==0),4ed05b36699a,2,42,24,reg_atr_change_rate_ts_top80,regime,atr_change_rate,volatility,0
(*)|(*)|(reg_atr_change_rate_ts_top20==1&reg_atr_change_rate_ts_top30==1&reg_atr_change_rate_ts_top40==0&reg_atr_change_rate_ts_top80==0),4ed05b36699a,2,42,8,reg_atr_change_rate_ts_top40,regime,atr_change_rate,volatility,0
(*)|(*)|(reg_atr_change_rate_ts_top20==1&reg_atr_change_rate_ts_top30==1&reg_atr_change_rate_ts_top40==0&reg_atr_change_rate_ts_top80==0),4ed05b36699a,2,42,0,reg_atr_change_rate_ts_top20,regime,atr_change_rate,volatility,1
(*)|(*)|(reg_atr_change_rate_ts_top20==1&reg_atr_change_rate_ts_top30==1&reg_atr_change_rate_ts_top40==0&reg_atr_change_rate_ts_top80==0),4ed05b36699a,2,42,4,reg_atr_change_rate_ts_top30,regime,atr_change_rate,volatility,1
(*)|(*)|(reg_atr_change_rate_ts_bot50==0&reg_atr_change_rate_ts_top40==1&reg_atr_change_rate_ts_top80==0&reg_ema20_gt_ema50_raw==0),a5f44fbfb023,2,42,24,reg_atr_change_rate_ts_top80,regime,atr_change_rate,volatility,0
(*)|(*)|(reg_atr_change_rate_ts_bot50==0&reg_atr_change_rate_ts_top40==1&reg_atr_change_rate_ts_top80==0&reg_ema20_gt_ema50_raw==0),a5f44fbfb023,2,42,8,reg_atr_change_rate_ts_top40,regime,atr_change_rate,volatility,1
(*)|(*)|(reg_atr_change_rate_ts_bot50==0&reg_atr_change_rate_ts_top40==1&reg_atr_change_rate_ts_top80==0&reg_ema20_gt_ema50_raw==0),a5f44fbfb023,2,42,324,reg_ema20_gt_ema50_raw,regime,ema20_gt_ema50,trend,0
(*)|(*)|(reg_atr_change_rate_ts_bot50==0&reg_atr_change_rate_ts_top40==1&reg_atr_change_rate_ts_top80==0&reg_ema20_gt_ema50_raw==0),a5f44fbfb023,2,42,14,reg_atr_change_rate_ts_bot50,regime,atr_change_rate,volatility,0
(*)|(*)|(reg_atr_change_rate_ts_bot50==1&reg_atr_change_rate_ts_top40==1&reg_atr_change_rate_ts_top80==0&reg_ema20_gt_ema50_raw==0),5eb6a29acc78,2,42,24,reg_atr_change_rate_ts_top80,regime,atr_change_rate,volatility,0
(*)|(*)|(reg_atr_change_rate_ts_bot50==1&reg_atr_change_rate_ts_top40==1&reg_atr_change_rate_ts_top80==0&reg_ema20_gt_ema50_raw==0),5eb6a29acc78,2,42,8,reg_atr_change_rate_ts_top40,regime,atr_change_rate,volatility,1
(*)|(*)|(reg_atr_change_rate_ts_bot50==1&reg_atr_change_rate_ts_top40==1&reg_atr_change_rate_ts_top80==0&reg_ema20_gt_ema50_raw==0),5eb6a29acc78,2,42,324,reg_ema20_gt_ema50_raw,regime,ema20_gt_ema50,trend,0
(*)|(*)|(reg_atr_change_rate_ts_bot50==1&reg_atr_change_rate_ts_top40==1&reg_atr_change_rate_ts_top80==0&reg_ema20_gt_ema50_raw==0),5eb6a29acc78,2,42,14,reg_atr_change_rate_ts_bot50,regime,atr_change_rate,volatility,1
(*)|(*)|(reg_atr_change_rate_ts_top40==1&reg_atr_change_rate_ts_top80==0&reg_ema20_gt_ema50_raw==1),feeb586ee6b9,2,42,24,reg_atr_change_rate_ts_top80,regime,atr_change_rate,volatility,0
(*)|(*)|(reg_atr_change_rate_ts_top40==1&reg_atr_change_rate_ts_top80==0&reg_ema20_gt_ema50_raw==1),feeb586ee6b9,2,42,8,reg_atr_change_rate_ts_top40,regime,atr_change_rate,volatility,1
(*)|(*)|(reg_atr_change_rate_ts_top40==1&reg_atr_change_rate_ts_top80==0&reg_ema20_gt_ema50_raw==1),feeb586ee6b9,2,42,324,reg_ema20_gt_ema50_raw,regime,ema20_gt_ema50,trend,1
(*)|(*)|(reg_atr_change_rate_ts_top80==1&reg_ema20_gt_ema50_raw==0),a65de3152082,2,42,24,reg_atr_change_rate_ts_top80,regime,atr_change_rate,volatility,1
(*)|(*)|(reg_atr_change_rate_ts_top80==1&reg_ema20_gt_ema50_raw==0),a65de3152082,2,42,324,reg_ema20_gt_ema50_raw,regime,ema20_gt_ema50,trend,0
(*)|(*)|(reg_atr_change_rate_ts_top80==1&reg_ema20_gt_ema50_raw==1),d69ccafa034b,2,42,24,reg_atr_change_rate_ts_top80,regime,atr_change_rate,volatility,1
(*)|(*)|(reg_atr_change_rate_ts_top80==1&reg_ema20_gt_ema50_raw==1),d69ccafa034b,2,42,324,reg_ema20_gt_ema50_raw,regime,ema20_gt_ema50,trend,1
(*)|(*)|(reg_atr_change_rate_ts_band40_60==0&reg_atr_change_rate_ts_top40==1&reg_atr_change_rate_ts_top70==0),e9fcbc69f41a,2,42,20,reg_atr_change_rate_ts_top70,regime,atr_change_rate,volatility,0
(*)|(*)|(reg_atr_change_rate_ts_band40_60==0&reg_atr_change_rate_ts_top40==1&reg_atr_change_rate_ts_top70==0),e9fcbc69f41a,2,42,34,reg_atr_change_rate_ts_band40_60,regime,atr_change_rate,volatility,0
(*)|(*)|(reg_atr_change_rate_ts_band40_60==0&reg_atr_change_rate_ts_top40==1&reg_atr_change_rate_ts_top70==0),e9fcbc69f41a,2,42,8,reg_atr_change_rate_ts_top40,regime,atr_change_rate,volatility,1
(*)|(*)|(reg_atr_change_rate_ts_band40_60==1&reg_atr_change_rate_ts_top70==0),229fc553bd39,2,42,20,reg_atr_change_rate_ts_top70,regime,atr_change_rate,volatility,0
(*)|(*)|(reg_atr_change_rate_ts_band40_60==1&reg_atr_change_rate_ts_top70==0),229fc553bd39,2,42,34,reg_atr_change_rate_ts_band40_60,regime,atr_change_rate,volatility,1
(*)|(*)|(reg_atr_change_rate_ts_band25_75==0&reg_atr_change_rate_ts_top70==1),b7dc831e6700,2,42,20,reg_atr_change_rate_ts_top70,regime,atr_change_rate,volatility,1
(*)|(*)|(reg_atr_change_rate_ts_band25_75==0&reg_atr_change_rate_ts_top70==1),b7dc831e6700,2,42,30,reg_atr_change_rate_ts_band25_75,regime,atr_change_rate,volatility,0
(*)|(*)|(reg_atr_change_rate_ts_band25_75==1&reg_atr_change_rate_ts_top70==1),0b48a763c5e2,2,42,20,reg_atr_change_rate_ts_top70,regime,atr_change_rate,volatility,1
(*)|(*)|(reg_atr_change_rate_ts_band25_75==1&reg_atr_change_rate_ts_top70==1),0b48a763c5e2,2,42,30,reg_atr_change_rate_ts_band25_75,regime,atr_change_rate,volatility,1
(*)|(*)|(reg_atr_change_rate_ts_band20_80==1&reg_atr_change_rate_ts_band25_75==0&reg_atr_change_rate_ts_top50==0),526ecc3c2097,2,42,12,reg_atr_change_rate_ts_top50,regime,atr_change_rate,volatility,0
(*)|(*)|(reg_atr_change_rate_ts_band20_80==1&reg_atr_change_rate_ts_band25_75==0&reg_atr_change_rate_ts_top50==0),526ecc3c2097,2,42,28,reg_atr_change_rate_ts_band20_80,regime,atr_change_rate,volatility,1
(*)|(*)|(reg_atr_change_rate_ts_band20_80==1&reg_atr_change_rate_ts_band25_75==0&reg_atr_change_rate_ts_top50==0),526ecc3c2097,2,42,30,reg_atr_change_rate_ts_band25_75,regime,atr_change_rate,volatility,0
(*)|(*)|(reg_atr_change_rate_ts_band20_80==1&reg_atr_change_rate_ts_band25_75==1&reg_atr_change_rate_ts_top50==0),5f27110269e2,2,42,12,reg_atr_change_rate_ts_top50,regime,atr_change_rate,volatility,0
(*)|(*)|(reg_atr_change_rate_ts_band20_80==1&reg_atr_change_rate_ts_band25_75==1&reg_atr_change_rate_ts_top50==0),5f27110269e2,2,42,28,reg_atr_change_rate_ts_band20_80,regime,atr_change_rate,volatility,1
(*)|(*)|(reg_atr_change_rate_ts_band20_80==1&reg_atr_change_rate_ts_band25_75==1&reg_atr_change_rate_ts_top50==0),5f27110269e2,2,42,30,reg_atr_change_rate_ts_band25_75,regime,atr_change_rate,volatility,1
(*)|(*)|(reg_atr_change_rate_ts_top50==1&reg_atr_change_rate_ts_top60==0),7d1027e04569,2,42,12,reg_atr_change_rate_ts_top50,regime,atr_change_rate,volatility,1
(*)|(*)|(reg_atr_change_rate_ts_top50==1&reg_atr_change_rate_ts_top60==0),7d1027e04569,2,42,16,reg_atr_change_rate_ts_top60,regime,atr_change_rate,volatility,0
(*)|(*)|(reg_atr_change_rate_ts_top50==1&reg_atr_change_rate_ts_top60==1),c28a38895698,2,42,12,reg_atr_change_rate_ts_top50,regime,atr_change_rate,volatility,1
(*)|(*)|(reg_atr_change_rate_ts_top50==1&reg_atr_change_rate_ts_top60==1),c28a38895698,2,42,16,reg_atr_change_rate_ts_top60,regime,atr_change_rate,volatility,1
(*)|(*)|(reg_atr_change_rate_ts_band20_80==1&reg_atr_change_rate_ts_band40_60==0&reg_ema20_gt_ema50_raw==0),bd4cda422f2f,2,42,324,reg_ema20_gt_ema50_raw,regime,ema20_gt_ema50,trend,0
(*)|(*)|(reg_atr_change_rate_ts_band20_80==1&reg_atr_change_rate_ts_band40_60==0&reg_ema20_gt_ema50_raw==0),bd4cda422f2f,2,42,34,reg_atr_change_rate_ts_band40_60,regime,atr_change_rate,volatility,0
(*)|(*)|(reg_atr_change_rate_ts_band20_80==1&reg_atr_change_rate_ts_band40_60==0&reg_ema20_gt_ema50_raw==0),bd4cda422f2f,2,42,28,reg_atr_change_rate_ts_band20_80,regime,atr_change_rate,volatility,1
(*)|(*)|(reg_atr_change_rate_ts_band40_60==1&reg_ema20_gt_ema50_raw==0),471e56075302,2,42,324,reg_ema20_gt_ema50_raw,regime,ema20_gt_ema50,trend,0
(*)|(*)|(reg_atr_change_rate_ts_band40_60==1&reg_ema20_gt_ema50_raw==0),471e56075302,2,42,34,reg_atr_change_rate_ts_band40_60,regime,atr_change_rate,volatility,1
(*)|(*)|(reg_ema20_gt_ema50_raw==1),4ab5cbeb80ea,2,42,324,reg_ema20_gt_ema50_raw,regime,ema20_gt_ema50,trend,1
(*)|(loc_dist_ema20_atr_ts_band20_80==0&loc_dist_ema20_atr_ts_top20==1)|(reg_ema20_gt_ema50_raw==0),59ccc2fad3de,2,42,324,reg_ema20_gt_ema50_raw,regime,ema20_gt_ema50,trend,0
(*)|(loc_dist_ema20_atr_ts_band20_80==0&loc_dist_ema20_atr_ts_top20==1)|(reg_ema20_gt_ema50_raw==0),59ccc2fad3de,2,42,1,loc_dist_ema20_atr_ts_top20,location,dist_ema20_atr,context,1
(*)|(loc_dist_ema20_atr_ts_band20_80==0&loc_dist_ema20_atr_ts_top20==1)|(reg_ema20_gt_ema50_raw==0),59ccc2fad3de,2,42,29,loc_dist_ema20_atr_ts_band20_80,location,dist_ema20_atr,context,0
(*)|(loc_dist_ema20_atr_ts_band20_80==1&loc_dist_ema20_atr_ts_top20==1)|(reg_ema20_gt_ema50_raw==0),1b03dec52989,2,42,324,reg_ema20_gt_ema50_raw,regime,ema20_gt_ema50,trend,0
(*)|(loc_dist_ema20_atr_ts_band20_80==1&loc_dist_ema20_atr_ts_top20==1)|(reg_ema20_gt_ema50_raw==0),1b03dec52989,2,42,1,loc_dist_ema20_atr_ts_top20,location,dist_ema20_atr,context,1
(*)|(loc_dist_ema20_atr_ts_band20_80==1&loc_dist_ema20_atr_ts_top20==1)|(reg_ema20_gt_ema50_raw==0),1b03dec52989,2,42,29,loc_dist_ema20_atr_ts_band20_80,location,dist_ema20_atr,context,1
(*)|(loc_dist_ema20_atr_ts_band20_80==0)|(reg_ema20_gt_ema50_raw==1),8a7337595427,2,42,324,reg_ema20_gt_ema50_raw,regime,ema20_gt_ema50,trend,1
(*)|(loc_dist_ema20_atr_ts_band20_80==0)|(reg_ema20_gt_ema50_raw==1),8a7337595427,2,42,29,loc_dist_ema20_atr_ts_band20_80,location,dist_ema20_atr,context,0
(*)|(loc_dist_ema20_atr_ts_band20_80==1)|(reg_ema20_gt_ema50_raw==1),768835540834,2,42,324,reg_ema20_gt_ema50_raw,regime,ema20_gt_ema50,trend,1
(*)|(loc_dist_ema20_atr_ts_band20_80==1)|(reg_ema20_gt_ema50_raw==1),768835540834,2,42,29,loc_dist_ema20_atr_ts_band20_80,location,dist_ema20_atr,context,1
(*)|(*)|(reg_atr_change_rate_ts_band20_80==1&reg_atr_change_rate_ts_top50==0&reg_atr_change_rate_ts_top80==0),1b59303cbe03,2,42,24,reg_atr_change_rate_ts_top80,regime,atr_change_rate,volatility,0
(*)|(*)|(reg_atr_change_rate_ts_band20_80==1&reg_atr_change_rate_ts_top50==0&reg_atr_change_rate_ts_top80==0),1b59303cbe03,2,42,12,reg_atr_change_rate_ts_top50,regime,atr_change_rate,volatility,0
(*)|(*)|(reg_atr_change_rate_ts_band20_80==1&reg_atr_change_rate_ts_top50==0&reg_atr_change_rate_ts_top80==0),1b59303cbe03,2,42,28,reg_atr_change_rate_ts_band20_80,regime,atr_change_rate,volatility,1
(*)|(*)|(reg_atr_change_rate_ts_top50==1&reg_atr_change_rate_ts_top80==0),4aa9c116b4e4,2,42,24,reg_atr_change_rate_ts_top80,regime,atr_change_rate,volatility,0
(*)|(*)|(reg_atr_change_rate_ts_top50==1&reg_atr_change_rate_ts_top80==0),4aa9c116b4e4,2,42,12,reg_atr_change_rate_ts_top50,regime,atr_change_rate,volatility,1
(*)|(*)|(reg_atr_change_rate_ts_top80==1&reg_price_lt_ema200_raw==0),904d853003e8,2,42,24,reg_atr_change_rate_ts_top80,regime,atr_change_rate,volatility,1
(*)|(*)|(reg_atr_change_rate_ts_top80==1&reg_price_lt_ema200_raw==0),904d853003e8,2,42,472,reg_price_lt_ema200_raw,regime,price_lt_ema200,trend,0
(*)|(*)|(reg_atr_change_rate_ts_top80==1&reg_price_lt_ema200_raw==1),f43889783c01,2,42,24,reg_atr_change_rate_ts_top80,regime,atr_change_rate,volatility,1
(*)|(*)|(reg_atr_change_rate_ts_top80==1&reg_price_lt_ema200_raw==1),f43889783c01,2,42,472,reg_price_lt_ema200_raw,regime,price_lt_ema200,trend,1
(*)|(*)|(reg_atr_change_rate_ts_band20_80==0&reg_atr_change_rate_ts_top20==1&reg_ema20_gt_ema50_raw==0),69e125681eeb,2,42,324,reg_ema20_gt_ema50_raw,regime,ema20_gt_ema50,trend,0
(*)|(*)|(reg_atr_change_rate_ts_band20_80==0&reg_atr_change_rate_ts_top20==1&reg_ema20_gt_ema50_raw==0),69e125681eeb,2,42,28,reg_atr_change_rate_ts_band20_80,regime,atr_change_rate,volatility,0
(*)|(*)|(reg_atr_change_rate_ts_band20_80==0&reg_atr_change_rate_ts_top20==1&reg_ema20_gt_ema50_raw==0),69e125681eeb,2,42,0,reg_atr_change_rate_ts_top20,regime,atr_change_rate,volatility,1
(*)|(*)|(reg_atr_change_rate_ts_band20_80==1&reg_atr_change_rate_ts_band25_75==0&reg_ema20_gt_ema50_raw==0),26c94301e1cb,2,42,324,reg_ema20_gt_ema50_raw,regime,ema20_gt_ema50,trend,0
(*)|(*)|(reg_atr_change_rate_ts_band20_80==1&reg_atr_change_rate_ts_band25_75==0&reg_ema20_gt_ema50_raw==0),26c94301e1cb,2,42,28,reg_atr_change_rate_ts_band20_80,regime,atr_change_rate,volatility,1
(*)|(*)|(reg_atr_change_rate_ts_band20_80==1&reg_atr_change_rate_ts_band25_75==0&reg_ema20_gt_ema50_raw==0),26c94301e1cb,2,42,30,reg_atr_change_rate_ts_band25_75,regime,atr_change_rate,volatility,0
(*)|(*)|(reg_atr_change_rate_ts_band20_80==1&reg_atr_change_rate_ts_band25_75==1&reg_ema20_gt_ema50_raw==0),cb449cae8148,2,42,324,reg_ema20_gt_ema50_raw,regime,ema20_gt_ema50,trend,0
(*)|(*)|(reg_atr_change_rate_ts_band20_80==1&reg_atr_change_rate_ts_band25_75==1&reg_ema20_gt_ema50_raw==0),cb449cae8148,2,42,28,reg_atr_change_rate_ts_band20_80,regime,atr_change_rate,volatility,1
(*)|(*)|(reg_atr_change_rate_ts_band20_80==1&reg_atr_change_rate_ts_band25_75==1&reg_ema20_gt_ema50_raw==0),cb449cae8148,2,42,30,reg_atr_change_rate_ts_band25_75,regime,atr_change_rate,volatility,1
(*)|(*)|(reg_ema20_gt_ema50_raw==1),c6b2303eedd5,2,42,324,reg_ema20_gt_ema50_raw,regime,ema20_gt_ema50,trend,1
(*)|(loc_dist_ema20_atr_ts_band25_75==0)|(reg_atr_change_rate_ts_band30_70==0&reg_atr_change_rate_ts_top20==1&reg_atr_change_rate_ts_top70==0),474d6dfcc92d,2,42,20,reg_atr_change_rate_ts_top70,regime,atr_change_rate,volatility,0
(*)|(loc_dist_ema20_atr_ts_band25_75==0)|(reg_atr_change_rate_ts_band30_70==0&reg_atr_change_rate_ts_top20==1&reg_atr_change_rate_ts_top70==0),474d6dfcc92d,2,42,0,reg_atr_change_rate_ts_top20,regime,atr_change_rate,volatility,1
(*)|(loc_dist_ema20_atr_ts_band25_75==0)|(reg_atr_change_rate_ts_band30_70==0&reg_atr_change_rate_ts_top20==1&reg_atr_change_rate_ts_top70==0),474d6dfcc92d,2,42,32,reg_atr_change_rate_ts_band30_70,regime,atr_change_rate,volatility,0
(*)|(loc_dist_ema20_atr_ts_band25_75==0)|(reg_atr_change_rate_ts_band30_70==0&reg_atr_change_rate_ts_top20==1&reg_atr_change_rate_ts_top70==0),474d6dfcc92d,2,42,31,loc_dist_ema20_atr_ts_band25_75,location,dist_ema20_atr,context,0
(*)|(loc_dist_ema20_atr_ts_band25_75==1)|(reg_atr_change_rate_ts_band30_70==0&reg_atr_change_rate_ts_top20==1&reg_atr_change_rate_ts_top70==0),919e7d8470c6,2,42,20,reg_atr_change_rate_ts_top70,regime,atr_change_rate,volatility,0
(*)|(loc_dist_ema20_atr_ts_band25_75==1)|(reg_atr_change_rate_ts_band30_70==0&reg_atr_change_rate_ts_top20==1&reg_atr_change_rate_ts_top70==0),919e7d8470c6,2,42,0,reg_atr_change_rate_ts_top20,regime,atr_change_rate,volatility,1
(*)|(loc_dist_ema20_atr_ts_band25_75==1)|(reg_atr_change_rate_ts_band30_70==0&reg_atr_change_rate_ts_top20==1&reg_atr_change_rate_ts_top70==0),919e7d8470c6,2,42,32,reg_atr_change_rate_ts_band30_70,regime,atr_change_rate,volatility,0
(*)|(loc_dist_ema20_atr_ts_band25_75==1)|(reg_atr_change_rate_ts_band30_70==0&reg_atr_change_rate_ts_top20==1&reg_atr_change_rate_ts_top70==0),919e7d8470c6,2,42,31,loc_dist_ema20_atr_ts_band25_75,location,dist_ema20_atr,context,1
(*)|(*)|(reg_atr_change_rate_ts_band30_70==1&reg_atr_change_rate_ts_top20==1&reg_atr_change_rate_ts_top70==0),a9dc97fbf1e4,2,42,20,reg_atr_change_rate_ts_top70,regime,atr_change_rate,volatility,0
(*)|(*)|(reg_atr_change_rate_ts_band30_70==1&reg_atr_change_rate_ts_top20==1&reg_atr_change_rate_ts_top70==0),a9dc97fbf1e4,2,42,0,reg_atr_change_rate_ts_top20,regime,atr_change_rate,volatility,1
(*)|(*)|(reg_atr_change_rate_ts_band30_70==1&reg_atr_change_rate_ts_top20==1&reg_atr_change_rate_ts_top70==0),a9dc97fbf1e4,2,42,32,reg_atr_change_rate_ts_band30_70,regime,atr_change_rate,volatility,1
(*)|(*)|(reg_atr_change_rate_ts_top70==1&reg_atr_change_rate_ts_top80==0&reg_ema20_gt_ema50_raw==0),e8785531d7ca,2,42,20,reg_atr_change_rate_ts_top70,regime,atr_change_rate,volatility,1
(*)|(*)|(reg_atr_change_rate_ts_top70==1&reg_atr_change_rate_ts_top80==0&reg_ema20_gt_ema50_raw==0),e8785531d7ca,2,42,24,reg_atr_change_rate_ts_top80,regime,atr_change_rate,volatility,0
(*)|(*)|(reg_atr_change_rate_ts_top70==1&reg_atr_change_rate_ts_top80==0&reg_ema20_gt_ema50_raw==0),e8785531d7ca,2,42,324,reg_ema20_gt_ema50_raw,regime,ema20_gt_ema50,trend,0
(*)|(*)|(reg_atr_change_rate_ts_top70==1&reg_atr_change_rate_ts_top80==0&reg_ema20_gt_ema50_raw==1),26d87b4a6881,2,42,20,reg_atr_change_rate_ts_top70,regime,atr_change_rate,volatility,1
(*)|(*)|(reg_atr_change_rate_ts_top70==1&reg_atr_change_rate_ts_top80==0&reg_ema20_gt_ema50_raw==1),26d87b4a6881,2,42,24,reg_atr_change_rate_ts_top80,regime,atr_change_rate,volatility,0
(*)|(*)|(reg_atr_change_rate_ts_top70==1&reg_atr_change_rate_ts_top80==0&reg_ema20_gt_ema50_raw==1),26d87b4a6881,2,42,324,reg_ema20_gt_ema50_raw,regime,ema20_gt_ema50,trend,1
(*)|(*)|(reg_atr_change_rate_ts_top70==1&reg_atr_change_rate_ts_top80==1&reg_ema20_gt_ema50_raw==0),169c5ca7e1a5,2,42,20,reg_atr_change_rate_ts_top70,regime,atr_change_rate,volatility,1
(*)|(*)|(reg_atr_change_rate_ts_top70==1&reg_atr_change_rate_ts_top80==1&reg_ema20_gt_ema50_raw==0),169c5ca7e1a5,2,42,24,reg_atr_change_rate_ts_top80,regime,atr_change_rate,volatility,1
(*)|(*)|(reg_atr_change_rate_ts_top70==1&reg_atr_change_rate_ts_top80==1&reg_ema20_gt_ema50_raw==0),169c5ca7e1a5,2,42,324,reg_ema20_gt_ema50_raw,regime,ema20_gt_ema50,trend,0
(*)|(*)|(reg_atr_change_rate_ts_top70==1&reg_atr_change_rate_ts_top80==1&reg_ema20_gt_ema50_raw==1),ffd5816a001d,2,42,20,reg_atr_change_rate_ts_top70,regime,atr_change_rate,volatility,1
(*)|(*)|(reg_atr_change_rate_ts_top70==1&reg_atr_change_rate_ts_top80==1&reg_ema20_gt_ema50_raw==1),ffd5816a001d,2,42,24,reg_atr_change_rate_ts_top80,regime,atr_change_rate,volatility,1
(*)|(*)|(reg_atr_change_rate_ts_top70==1&reg_atr_change_rate_ts_top80==1&reg_ema20_gt_ema50_raw==1),ffd5816a001d,2,42,324,reg_ema20_gt_ema50_raw,regime,ema20_gt_ema50,trend,1
(*)|(loc_dist_ema20_atr_ts_band20_80==1&loc_dist_ema20_atr_ts_band25_75==0)|(*),9d1fd28ec1f8,2,42,29,loc_dist_ema20_atr_ts_band20_80,location,dist_ema20_atr,context,1
(*)|(loc_dist_ema20_atr_ts_band20_80==1&loc_dist_ema20_atr_ts_band25_75==0)|(*),9d1fd28ec1f8,2,42,31,loc_dist_ema20_atr_ts_band25_75,location,dist_ema20_atr,context,0
(*)|(loc_dist_ema20_atr_ts_band20_80==1&loc_dist_ema20_atr_ts_band25_75==1)|(*),5975d9f7a074,2,42,29,loc_dist_ema20_atr_ts_band20_80,location,dist_ema20_atr,context,1
(*)|(loc_dist_ema20_atr_ts_band20_80==1&loc_dist_ema20_atr_ts_band25_75==1)|(*),5975d9f7a074,2,42,31,loc_dist_ema20_atr_ts_band25_75,location,dist_ema20_atr,context,1
(*)|(loc_dist_ema20_atr_ts_top20==1)|(reg_atr_change_rate_ts_top60==0&reg_ema50_gt_ema200_raw==0),3324b0d1ce1f,2,42,398,reg_ema50_gt_ema200_raw,regime,ema50_gt_ema200,trend,0
(*)|(loc_dist_ema20_atr_ts_top20==1)|(reg_atr_change_rate_ts_top60==0&reg_ema50_gt_ema200_raw==0),3324b0d1ce1f,2,42,16,reg_atr_change_rate_ts_top60,regime,atr_change_rate,volatility,0
(*)|(loc_dist_ema20_atr_ts_top20==1)|(reg_atr_change_rate_ts_top60==0&reg_ema50_gt_ema200_raw==0),3324b0d1ce1f,2,42,1,loc_dist_ema20_atr_ts_top20,location,dist_ema20_atr,context,1
(*)|(loc_dist_ema20_atr_ts_top80==0)|(reg_atr_change_rate_ts_top60==1&reg_ema50_gt_ema200_raw==0),7224beae74ec,2,42,398,reg_ema50_gt_ema200_raw,regime,ema50_gt_ema200,trend,0
(*)|(loc_dist_ema20_atr_ts_top80==0)|(reg_atr_change_rate_ts_top60==1&reg_ema50_gt_ema200_raw==0),7224beae74ec,2,42,16,reg_atr_change_rate_ts_top60,regime,atr_change_rate,volatility,1
(*)|(loc_dist_ema20_atr_ts_top80==0)|(reg_atr_change_rate_ts_top60==1&reg_ema50_gt_ema200_raw==0),7224beae74ec,2,42,25,loc_dist_ema20_atr_ts_top80,location,dist_ema20_atr,context,0
(*)|(loc_dist_ema20_atr_ts_top80==1)|(reg_atr_change_rate_ts_top60==1&reg_ema50_gt_ema200_raw==0),a46f1b502409,2,42,398,reg_ema50_gt_ema200_raw,regime,ema50_gt_ema200,trend,0
(*)|(loc_dist_ema20_atr_ts_top80==1)|(reg_atr_change_rate_ts_top60==1&reg_ema50_gt_ema200_raw==0),a46f1b502409,2,42,16,reg_atr_change_rate_ts_top60,regime,atr_change_rate,volatility,1
(*)|(loc_dist_ema20_atr_ts_top80==1)|(reg_atr_change_rate_ts_top60==1&reg_ema50_gt_ema200_raw==0),a46f1b502409,2,42,25,loc_dist_ema20_atr_ts_top80,location,dist_ema20_atr,context,1
(*)|(*)|(reg_ema50_gt_ema200_raw==1),225f033e1736,2,42,398,reg_ema50_gt_ema200_raw,regime,ema50_gt_ema200,trend,1
(*)|(*)|(reg_atr_change_rate_ts_band25_75==0&reg_atr_change_rate_ts_top30==1&reg_ema20_gt_ema50_raw==0),d2a23da54255,2,42,30,reg_atr_change_rate_ts_band25_75,regime,atr_change_rate,volatility,0
(*)|(*)|(reg_atr_change_rate_ts_band25_75==0&reg_atr_change_rate_ts_top30==1&reg_ema20_gt_ema50_raw==0),d2a23da54255,2,42,324,reg_ema20_gt_ema50_raw,regime,ema20_gt_ema50,trend,0
(*)|(*)|(reg_atr_change_rate_ts_band25_75==0&reg_atr_change_rate_ts_top30==1&reg_ema20_gt_ema50_raw==0),d2a23da54255,2,42,4,reg_atr_change_rate_ts_top30,regime,atr_change_rate,volatility,1
(*)|(*)|(reg_atr_change_rate_ts_band25_75==0&reg_ema20_gt_ema50_raw==1),9adea8660a20,2,42,30,reg_atr_change_rate_ts_band25_75,regime,atr_change_rate,volatility,0
(*)|(*)|(reg_atr_change_rate_ts_band25_75==0&reg_ema20_gt_ema50_raw==1),9adea8660a20,2,42,324,reg_ema20_gt_ema50_raw,regime,ema20_gt_ema50,trend,1
(*)|(*)|(reg_atr_change_rate_ts_band25_75==1&reg_atr_change_rate_ts_band30_70==0),fac0dadd87ba,2,42,30,reg_atr_change_rate_ts_band25_75,regime,atr_change_rate,volatility,1
(*)|(*)|(reg_atr_change_rate_ts_band25_75==1&reg_atr_change_rate_ts_band30_70==0),fac0dadd87ba,2,42,32,reg_atr_change_rate_ts_band30_70,regime,atr_change_rate,volatility,0
(*)|(*)|(reg_atr_change_rate_ts_band25_75==1&reg_atr_change_rate_ts_band30_70==1&reg_atr_change_rate_ts_top40==0),3b350a89ad1d,2,42,30,reg_atr_change_rate_ts_band25_75,regime,atr_change_rate,volatility,1
(*)|(*)|(reg_atr_change_rate_ts_band25_75==1&reg_atr_change_rate_ts_band30_70==1&reg_atr_change_rate_ts_top40==0),3b350a89ad1d,2,42,32,reg_atr_change_rate_ts_band30_70,regime,atr_change_rate,volatility,1
(*)|(*)|(reg_atr_change_rate_ts_band25_75==1&reg_atr_change_rate_ts_band30_70==1&reg_atr_change_rate_ts_top40==0),3b350a89ad1d,2,42,8,reg_atr_change_rate_ts_top40,regime,atr_change_rate,volatility,0
(*)|(*)|(reg_atr_change_rate_ts_band25_75==1&reg_atr_change_rate_ts_band30_70==1&reg_atr_change_rate_ts_bot50==0&reg_atr_change_rate_ts_top40==1),3879cf72172e,2,42,30,reg_atr_change_rate_ts_band25_75,regime,atr_change_rate,volatility,1
(*)|(*)|(reg_atr_change_rate_ts_band25_75==1&reg_atr_change_rate_ts_band30_70==1&reg_atr_change_rate_ts_bot50==0&reg_atr_change_rate_ts_top40==1),3879cf72172e,2,42,32,reg_atr_change_rate_ts_band30_70,regime,atr_change_rate,volatility,1
(*)|(*)|(reg_atr_change_rate_ts_band25_75==1&reg_atr_change_rate_ts_band30_70==1&reg_atr_change_rate_ts_bot50==0&reg_atr_change_rate_ts_top40==1),3879cf72172e,2,42,8,reg_atr_change_rate_ts_top40,regime,atr_change_rate,volatility,1
(*)|(*)|(reg_atr_change_rate_ts_band25_75==1&reg_atr_change_rate_ts_band30_70==1&reg_atr_change_rate_ts_bot50==0&reg_atr_change_rate_ts_top40==1),3879cf72172e,2,42,14,reg_atr_change_rate_ts_bot50,regime,atr_change_rate,volatility,0
(*)|(*)|(reg_atr_change_rate_ts_band25_75==1&reg_atr_change_rate_ts_band30_70==1&reg_atr_change_rate_ts_bot50==1&reg_atr_change_rate_ts_top40==1),9acaed8209c4,2,42,30,reg_atr_change_rate_ts_band25_75,regime,atr_change_rate,volatility,1
(*)|(*)|(reg_atr_change_rate_ts_band25_75==1&reg_atr_change_rate_ts_band30_70==1&reg_atr_change_rate_ts_bot50==1&reg_atr_change_rate_ts_top40==1),9acaed8209c4,2,42,32,reg_atr_change_rate_ts_band30_70,regime,atr_change_rate,volatility,1
(*)|(*)|(reg_atr_change_rate_ts_band25_75==1&reg_atr_change_rate_ts_band30_70==1&reg_atr_change_rate_ts_bot50==1&reg_atr_change_rate_ts_top40==1),9acaed8209c4,2,42,8,reg_atr_change_rate_ts_top40,regime,atr_change_rate,volatility,1
(*)|(*)|(reg_atr_change_rate_ts_band25_75==1&reg_atr_change_rate_ts_band30_70==1&reg_atr_change_rate_ts_bot50==1&reg_atr_change_rate_ts_top40==1),9acaed8209c4,2,42,14,reg_atr_change_rate_ts_bot50,regime,atr_change_rate,volatility,1
(*)|(loc_dist_ema20_atr_ts_top60==0&loc_dist_ema20_atr_ts_top80==0)|(reg_atr_change_rate_ts_top50==1),ef7c87483e32,2,42,25,loc_dist_ema20_atr_ts_top80,location,dist_ema20_atr,context,0
(*)|(loc_dist_ema20_atr_ts_top60==0&loc_dist_ema20_atr_ts_top80==0)|(reg_atr_change_rate_ts_top50==1),ef7c87483e32,2,42,17,loc_dist_ema20_atr_ts_top60,location,dist_ema20_atr,context,0
(*)|(loc_dist_ema20_atr_ts_top60==0&loc_dist_ema20_atr_ts_top80==0)|(reg_atr_change_rate_ts_top50==1),ef7c87483e32,2,42,12,reg_atr_change_rate_ts_top50,regime,atr_change_rate,volatility,1
(*)|(loc_dist_ema20_atr_ts_top60==1&loc_dist_ema20_atr_ts_top80==0)|(reg_ema20_gt_ema50_raw==0),3646cfa598bc,2,42,25,loc_dist_ema20_atr_ts_top80,location,dist_ema20_atr,context,0
(*)|(loc_dist_ema20_atr_ts_top60==1&loc_dist_ema20_atr_ts_top80==0)|(reg_ema20_gt_ema50_raw==0),3646cfa598bc,2,42,17,loc_dist_ema20_atr_ts_top60,location,dist_ema20_atr,context,1
(*)|(loc_dist_ema20_atr_ts_top60==1&loc_dist_ema20_atr_ts_top80==0)|(reg_ema20_gt_ema50_raw==0),3646cfa598bc,2,42,324,reg_ema20_gt_ema50_raw,regime,ema20_gt_ema50,trend,0
(*)|(loc_dist_ema20_atr_ts_top60==1&loc_dist_ema20_atr_ts_top80==0)|(reg_ema20_gt_ema50_raw==1),03aad5472d29,2,42,25,loc_dist_ema20_atr_ts_top80,location,dist_ema20_atr,context,0
(*)|(loc_dist_ema20_atr_ts_top60==1&loc_dist_ema20_atr_ts_top80==0)|(reg_ema20_gt_ema50_raw==1),03aad5472d29,2,42,17,loc_dist_ema20_atr_ts_top60,location,dist_ema20_atr,context,1
(*)|(loc_dist_ema20_atr_ts_top60==1&loc_dist_ema20_atr_ts_top80==0)|(reg_ema20_gt_ema50_raw==1),03aad5472d29,2,42,324,reg_ema20_gt_ema50_raw,regime,ema20_gt_ema50,trend,1
(*)|(loc_dist_ema20_atr_ts_top80==1)|(*),85ef081d15bc,2,42,25,loc_dist_ema20_atr_ts_top80,location,dist_ema20_atr,context,1
(*)|(*)|(reg_atr_change_rate_ts_top60==1&reg_ema20_gt_ema50_raw==0),61a18fb12d83,2,42,324,reg_ema20_gt_ema50_raw,regime,ema20_gt_ema50,trend,0
(*)|(*)|(reg_atr_change_rate_ts_top60==1&reg_ema20_gt_ema50_raw==0),61a18fb12d83,2,42,16,reg_atr_change_rate_ts_top60,regime,atr_change_rate,volatility,1
(*)|(*)|(reg_ema20_gt_ema50_raw==1),9f80a4233045,2,42,324,reg_ema20_gt_ema50_raw,regime,ema20_gt_ema50,trend,1
(*)|(loc_dist_ema20_atr_ts_top20==1)|(reg_atr_change_rate_ts_top50==0),af59513aecef,2,42,12,reg_atr_change_rate_ts_top50,regime,atr_change_rate,volatility,0
(*)|(loc_dist_ema20_atr_ts_top20==1)|(reg_atr_change_rate_ts_top50==0),af59513aecef,2,42,1,loc_dist_ema20_atr_ts_top20,location,dist_ema20_atr,context,1
(*)|(loc_dist_ema20_atr_ts_top70==0)|(reg_atr_change_rate_ts_top50==1),b030e9ad9635,2,42,12,reg_atr_change_rate_ts_top50,regime,atr_change_rate,volatility,1
(*)|(loc_dist_ema20_atr_ts_top70==0)|(reg_atr_change_rate_ts_top50==1),b030e9ad9635,2,42,21,loc_dist_ema20_atr_ts_top70,location,dist_ema20_atr,context,0
(*)|(loc_dist_ema20_atr_ts_top70==1)|(reg_atr_change_rate_ts_top50==1),03eb0710b7b2,2,42,12,reg_atr_change_rate_ts_top50,regime,atr_change_rate,volatility,1
(*)|(loc_dist_ema20_atr_ts_top70==1)|(reg_atr_change_rate_ts_top50==1),03eb0710b7b2,2,42,21,loc_dist_ema20_atr_ts_top70,location,dist_ema20_atr,context,1
(*)|(*)|(reg_atr_change_rate_ts_top40==1&reg_ema20_gt_ema50_raw==0),417078a9f2d2,2,42,324,reg_ema20_gt_ema50_raw,regime,ema20_gt_ema50,trend,0
(*)|(*)|(reg_atr_change_rate_ts_top40==1&reg_ema20_gt_ema50_raw==0),417078a9f2d2,2,42,8,reg_atr_change_rate_ts_top40,regime,atr_change_rate,volatility,1
(*)|(*)|(reg_atr_change_rate_ts_top80==0&reg_ema20_gt_ema50_raw==1),524f8001cc4b,2,42,324,reg_ema20_gt_ema50_raw,regime,ema20_gt_ema50,trend,1
(*)|(*)|(reg_atr_change_rate_ts_top80==0&reg_ema20_gt_ema50_raw==1),524f8001cc4b,2,42,24,reg_atr_change_rate_ts_top80,regime,atr_change_rate,volatility,0
(*)|(*)|(reg_atr_change_rate_ts_top80==1&reg_ema20_gt_ema50_raw==1),3f5cdedacc9d,2,42,324,reg_ema20_gt_ema50_raw,regime,ema20_gt_ema50,trend,1
(*)|(*)|(reg_atr_change_rate_ts_top80==1&reg_ema20_gt_ema50_raw==1),3f5cdedacc9d,2,42,24,reg_atr_change_rate_ts_top80,regime,atr_change_rate,volatility,1
(*)|(*)|(reg_atr_change_rate_ts_band25_75==0&reg_atr_change_rate_ts_band40_60==0&reg_atr_change_rate_ts_top20==1&reg_ema20_gt_ema50_raw==0),abdce571a4e9,2,42,34,reg_atr_change_rate_ts_band40_60,regime,atr_change_rate,volatility,0
(*)|(*)|(reg_atr_change_rate_ts_band25_75==0&reg_atr_change_rate_ts_band40_60==0&reg_atr_change_rate_ts_top20==1&reg_ema20_gt_ema50_raw==0),abdce571a4e9,2,42,324,reg_ema20_gt_ema50_raw,regime,ema20_gt_ema50,trend,0
(*)|(*)|(reg_atr_change_rate_ts_band25_75==0&reg_atr_change_rate_ts_band40_60==0&reg_atr_change_rate_ts_top20==1&reg_ema20_gt_ema50_raw==0),abdce571a4e9,2,42,0,reg_atr_change_rate_ts_top20,regime,atr_change_rate,volatility,1
(*)|(*)|(reg_atr_change_rate_ts_band25_75==0&reg_atr_change_rate_ts_band40_60==0&reg_atr_change_rate_ts_top20==1&reg_ema20_gt_ema50_raw==0),abdce571a4e9,2,42,30,reg_atr_change_rate_ts_band25_75,regime,atr_change_rate,volatility,0
(*)|(*)|(reg_atr_change_rate_ts_band25_75==1&reg_atr_change_rate_ts_band40_60==0&reg_atr_change_rate_ts_top20==1&reg_ema20_gt_ema50_raw==0),a43222be8322,2,42,34,reg_atr_change_rate_ts_band40_60,regime,atr_change_rate,volatility,0
(*)|(*)|(reg_atr_change_rate_ts_band25_75==1&reg_atr_change_rate_ts_band40_60==0&reg_atr_change_rate_ts_top20==1&reg_ema20_gt_ema50_raw==0),a43222be8322,2,42,324,reg_ema20_gt_ema50_raw,regime,ema20_gt_ema50,trend,0
(*)|(*)|(reg_atr_change_rate_ts_band25_75==1&reg_atr_change_rate_ts_band40_60==0&reg_atr_change_rate_ts_top20==1&reg_ema20_gt_ema50_raw==0),a43222be8322,2,42,0,reg_atr_change_rate_ts_top20,regime,atr_change_rate,volatility,1
(*)|(*)|(reg_atr_change_rate_ts_band25_75==1&reg_atr_change_rate_ts_band40_60==0&reg_atr_change_rate_ts_top20==1&reg_ema20_gt_ema50_raw==0),a43222be8322,2,42,30,reg_atr_change_rate_ts_band25_75,regime,atr_change_rate,volatility,1
(*)|(*)|(reg_atr_change_rate_ts_band40_60==0&reg_atr_change_rate_ts_top80==0&reg_ema20_gt_ema50_raw==1),5ec2607c142d,2,42,34,reg_atr_change_rate_ts_band40_60,regime,atr_change_rate,volatility,0
(*)|(*)|(reg_atr_change_rate_ts_band40_60==0&reg_atr_change_rate_ts_top80==0&reg_ema20_gt_ema50_raw==1),5ec2607c142d,2,42,324,reg_ema20_gt_ema50_raw,regime,ema20_gt_ema50,trend,1
(*)|(*)|(reg_atr_change_rate_ts_band40_60==0&reg_atr_change_rate_ts_top80==0&reg_ema20_gt_ema50_raw==1),5ec2607c142d,2,42,24,reg_atr_change_rate_ts_top80,regime,atr_change_rate,volatility,0
(*)|(*)|(reg_atr_change_rate_ts_band40_60==0&reg_atr_change_rate_ts_top80==1&reg_ema20_gt_ema50_raw==1),350ebc8bd09b,2,42,34,reg_atr_change_rate_ts_band40_60,regime,atr_change_rate,volatility,0
(*)|(*)|(reg_atr_change_rate_ts_band40_60==0&reg_atr_change_rate_ts_top80==1&reg_ema20_gt_ema50_raw==1),350ebc8bd09b,2,42,324,reg_ema20_gt_ema50_raw,regime,ema20_gt_ema50,trend,1
(*)|(*)|(reg_atr_change_rate_ts_band40_60==0&reg_atr_change_rate_ts_top80==1&reg_ema20_gt_ema50_raw==1),350ebc8bd09b,2,42,24,reg_atr_change_rate_ts_top80,regime,atr_change_rate,volatility,1
(*)|(*)|(reg_atr_change_rate_ts_band40_60==1),58c20b6b0d30,2,42,34,reg_atr_change_rate_ts_band40_60,regime,atr_change_rate,volatility,1
(*)|(*)|(reg_atr_change_rate_ts_band30_70==0&reg_atr_change_rate_ts_band40_60==0&reg_atr_change_rate_ts_top20==1),223e291d4cee,2,42,34,reg_atr_change_rate_ts_band40_60,regime,atr_change_rate,volatility,0
(*)|(*)|(reg_atr_change_rate_ts_band30_70==0&reg_atr_change_rate_ts_band40_60==0&reg_atr_change_rate_ts_top20==1),223e291d4cee,2,42,32,reg_atr_change_rate_ts_band30_70,regime,atr_change_rate,volatility,0
(*)|(*)|(reg_atr_change_rate_ts_band30_70==0&reg_atr_change_rate_ts_band40_60==0&reg_atr_change_rate_ts_top20==1),223e291d4cee,2,42,0,reg_atr_change_rate_ts_top20,regime,atr_change_rate,volatility,1
(*)|(*)|(reg_atr_change_rate_ts_band30_70==1&reg_atr_change_rate_ts_band40_60==0&reg_atr_change_rate_ts_top60==0),7aef4cdfc9df,2,42,34,reg_atr_change_rate_ts_band40_60,regime,atr_change_rate,volatility,0
(*)|(*)|(reg_atr_change_rate_ts_band30_70==1&reg_atr_change_rate_ts_band40_60==0&reg_atr_change_rate_ts_top60==0),7aef4cdfc9df,2,42,32,reg_atr_change_rate_ts_band30_70,regime,atr_change_rate,volatility,1
(*)|(*)|(reg_atr_change_rate_ts_band30_70==1&reg_atr_change_rate_ts_band40_60==0&reg_atr_change_rate_ts_top60==0),7aef4cdfc9df,2,42,16,reg_atr_change_rate_ts_top60,regime,atr_change_rate,volatility,0
(*)|(*)|(reg_atr_change_rate_ts_band30_70==1&reg_atr_change_rate_ts_band40_60==0&reg_atr_change_rate_ts_top60==1),28d3e79ef992,2,42,34,reg_atr_change_rate_ts_band40_60,regime,atr_change_rate,volatility,0
(*)|(*)|(reg_atr_change_rate_ts_band30_70==1&reg_atr_change_rate_ts_band40_60==0&reg_atr_change_rate_ts_top60==1),28d3e79ef992,2,42,32,reg_atr_change_rate_ts_band30_70,regime,atr_change_rate,volatility,1
(*)|(*)|(reg_atr_change_rate_ts_band30_70==1&reg_atr_change_rate_ts_band40_60==0&reg_atr_change_rate_ts_top60==1),28d3e79ef992,2,42,16,reg_atr_change_rate_ts_top60,regime,atr_change_rate,volatility,1
(*)|(*)|(reg_atr_change_rate_ts_band40_60==1),c15c2468cece,2,42,34,reg_atr_change_rate_ts_band40_60,regime,atr_change_rate,volatility,1
(*)|(*)|(reg_atr_change_rate_ts_band30_70==0&reg_ema20_gt_ema50_raw==1),90a79e00094a,2,42,32,reg_atr_change_rate_ts_band30_70,regime,atr_change_rate,volatility,0
(*)|(*)|(reg_atr_change_rate_ts_band30_70==0&reg_ema20_gt_ema50_raw==1),90a79e00094a,2,42,324,reg_ema20_gt_ema50_raw,regime,ema20_gt_ema50,trend,1
(*)|(*)|(reg_atr_change_rate_ts_band30_70==1&reg_atr_change_rate_ts_top40==0),e0798180a2ae,2,42,32,reg_atr_change_rate_ts_band30_70,regime,atr_change_rate,volatility,1
(*)|(*)|(reg_atr_change_rate_ts_band30_70==1&reg_atr_change_rate_ts_top40==0),e0798180a2ae,2,42,8,reg_atr_change_rate_ts_top40,regime,atr_change_rate,volatility,0
(*)|(*)|(reg_atr_change_rate_ts_band30_70==1&reg_atr_change_rate_ts_top40==1),bd9230fd21f5,2,42,32,reg_atr_change_rate_ts_band30_70,regime,atr_change_rate,volatility,1
(*)|(*)|(reg_atr_change_rate_ts_band30_70==1&reg_atr_change_rate_ts_top40==1),bd9230fd21f5,2,42,8,reg_atr_change_rate_ts_top40,regime,atr_change_rate,volatility,1
(*)|(loc_dist_ema20_atr_ts_band20_80==0&loc_dist_ema20_atr_ts_band25_75==0)|(reg_atr_change_rate_ts_top40==1),c97cb01a01d0,2,42,31,loc_dist_ema20_atr_ts_band25_75,location,dist_ema20_atr,context,0
(*)|(loc_dist_ema20_atr_ts_band20_80==0&loc_dist_ema20_atr_ts_band25_75==0)|(reg_atr_change_rate_ts_top40==1),c97cb01a01d0,2,42,29,loc_dist_ema20_atr_ts_band20_80,location,dist_ema20_atr,context,0
(*)|(loc_dist_ema20_atr_ts_band20_80==0&loc_dist_ema20_atr_ts_band25_75==0)|(reg_atr_change_rate_ts_top40==1),c97cb01a01d0,2,42,8,reg_atr_change_rate_ts_top40,regime,atr_change_rate,volatility,1
(*)|(loc_dist_ema20_atr_ts_band20_80==1&loc_dist_ema20_atr_ts_band25_75==0)|(reg_atr_change_rate_ts_top40==0),815664840dc4,2,42,31,loc_dist_ema20_atr_ts_band25_75,location,dist_ema20_atr,context,0
(*)|(loc_dist_ema20_atr_ts_band20_80==1&loc_dist_ema20_atr_ts_band25_75==0)|(reg_atr_change_rate_ts_top40==0),815664840dc4,2,42,29,loc_dist_ema20_atr_ts_band20_80,location,dist_ema20_atr,context,1
(*)|(loc_dist_ema20_atr_ts_band20_80==1&loc_dist_ema20_atr_ts_band25_75==0)|(reg_atr_change_rate_ts_top40==0),815664840dc4,2,42,8,reg_atr_change_rate_ts_top40,regime,atr_change_rate,volatility,0
(*)|(loc_dist_ema20_atr_ts_band20_80==1&loc_dist_ema20_atr_ts_band25_75==0)|(reg_atr_change_rate_ts_top40==1),41930d67b60d,2,42,31,loc_dist_ema20_atr_ts_band25_75,location,dist_ema20_atr,context,0
(*)|(loc_dist_ema20_atr_ts_band20_80==1&loc_dist_ema20_atr_ts_band25_75==0)|(reg_atr_change_rate_ts_top40==1),41930d67b60d,2,42,29,loc_dist_ema20_atr_ts_band20_80,location,dist_ema20_atr,context,1
(*)|(loc_dist_ema20_atr_ts_band20_80==1&loc_dist_ema20_atr_ts_band25_75==0)|(reg_atr_change_rate_ts_top40==1),41930d67b60d,2,42,8,reg_atr_change_rate_ts_top40,regime,atr_change_rate,volatility,1
(*)|(loc_dist_ema20_atr_ts_band25_75==1)|(reg_atr_change_rate_ts_top40==0),e90593b6e783,2,42,31,loc_dist_ema20_atr_ts_band25_75,location,dist_ema20_atr,context,1
(*)|(loc_dist_ema20_atr_ts_band25_75==1)|(reg_atr_change_rate_ts_top40==0),e90593b6e783,2,42,8,reg_atr_change_rate_ts_top40,regime,atr_change_rate,volatility,0
(*)|(loc_dist_ema20_atr_ts_band25_75==1&loc_dist_ema20_atr_ts_top50==0)|(reg_atr_change_rate_ts_top40==1),8a3723c540e7,2,42,31,loc_dist_ema20_atr_ts_band25_75,location,dist_ema20_atr,context,1
(*)|(loc_dist_ema20_atr_ts_band25_75==1&loc_dist_ema20_atr_ts_top50==0)|(reg_atr_change_rate_ts_top40==1),8a3723c540e7,2,42,13,loc_dist_ema20_atr_ts_top50,location,dist_ema20_atr,context,0
(*)|(loc_dist_ema20_atr_ts_band25_75==1&loc_dist_ema20_atr_ts_top50==0)|(reg_atr_change_rate_ts_top40==1),8a3723c540e7,2,42,8,reg_atr_change_rate_ts_top40,regime,atr_change_rate,volatility,1
(*)|(loc_dist_ema20_atr_ts_band25_75==1&loc_dist_ema20_atr_ts_top50==1)|(reg_atr_change_rate_ts_top40==1),c5698b1189e5,2,42,31,loc_dist_ema20_atr_ts_band25_75,location,dist_ema20_atr,context,1
(*)|(loc_dist_ema20_atr_ts_band25_75==1&loc_dist_ema20_atr_ts_top50==1)|(reg_atr_change_rate_ts_top40==1),c5698b1189e5,2,42,13,loc_dist_ema20_atr_ts_top50,location,dist_ema20_atr,context,1
(*)|(loc_dist_ema20_atr_ts_band25_75==1&loc_dist_ema20_atr_ts_top50==1)|(reg_atr_change_rate_ts_top40==1),c5698b1189e5,2,42,8,reg_atr_change_rate_ts_top40,regime,atr_change_rate,volatility,1
(*)|(loc_dist_ema20_atr_ts_top40==1)|(reg_atr_change_rate_ts_top50==0),01164cf40af0,2,42,9,loc_dist_ema20_atr_ts_top40,location,dist_ema20_atr,context,1
(*)|(loc_dist_ema20_atr_ts_top40==1)|(reg_atr_change_rate_ts_top50==0),01164cf40af0,2,42,12,reg_atr_change_rate_ts_top50,regime,atr_change_rate,volatility,0
(*)|(loc_dist_ema20_atr_ts_top40==1)|(reg_atr_change_rate_ts_top50==1),a8cef43f7147,2,42,9,loc_dist_ema20_atr_ts_top40,location,dist_ema20_atr,context,1
(*)|(loc_dist_ema20_atr_ts_top40==1)|(reg_atr_change_rate_ts_top50==1),a8cef43f7147,2,42,12,reg_atr_change_rate_ts_top50,regime,atr_change_rate,volatility,1
(*)|(*)|(reg_atr_change_rate_ts_band20_80==1&reg_atr_change_rate_ts_band25_75==0&reg_atr_change_rate_ts_top70==0),038927bdd720,2,42,20,reg_atr_change_rate_ts_top70,regime,atr_change_rate,volatility,0
(*)|(*)|(reg_atr_change_rate_ts_band20_80==1&reg_atr_change_rate_ts_band25_75==0&reg_atr_change_rate_ts_top70==0),038927bdd720,2,42,28,reg_atr_change_rate_ts_band20_80,regime,atr_change_rate,volatility,1
(*)|(*)|(reg_atr_change_rate_ts_band20_80==1&reg_atr_change_rate_ts_band25_75==0&reg_atr_change_rate_ts_top70==0),038927bdd720,2,42,30,reg_atr_change_rate_ts_band25_75,regime,atr_change_rate,volatility,0
(*)|(*)|(reg_atr_change_rate_ts_band20_80==1&reg_atr_change_rate_ts_band25_75==1&reg_atr_change_rate_ts_top70==0),93c4851c6d86,2,42,20,reg_atr_change_rate_ts_top70,regime,atr_change_rate,volatility,0
(*)|(*)|(reg_atr_change_rate_ts_band20_80==1&reg_atr_change_rate_ts_band25_75==1&reg_atr_change_rate_ts_top70==0),93c4851c6d86,2,42,28,reg_atr_change_rate_ts_band20_80,regime,atr_change_rate,volatility,1
(*)|(*)|(reg_atr_change_rate_ts_band20_80==1&reg_atr_change_rate_ts_band25_75==1&reg_atr_change_rate_ts_top70==0),93c4851c6d86,2,42,30,reg_atr_change_rate_ts_band25_75,regime,atr_change_rate,volatility,1
(*)|(*)|(reg_atr_change_rate_ts_band25_75==0&reg_atr_change_rate_ts_bot80==0&reg_atr_change_rate_ts_top70==1),e6e27c0367e6,2,42,20,reg_atr_change_rate_ts_top70,regime,atr_change_rate,volatility,1
(*)|(*)|(reg_atr_change_rate_ts_band25_75==0&reg_atr_change_rate_ts_bot80==0&reg_atr_change_rate_ts_top70==1),e6e27c0367e6,2,42,30,reg_atr_change_rate_ts_band25_75,regime,atr_change_rate,volatility,0
(*)|(*)|(reg_atr_change_rate_ts_band25_75==0&reg_atr_change_rate_ts_bot80==0&reg_atr_change_rate_ts_top70==1),e6e27c0367e6,2,42,26,reg_atr_change_rate_ts_bot80,regime,atr_change_rate,volatility,0
(*)|(*)|(reg_atr_change_rate_ts_band25_75==0&reg_atr_change_rate_ts_bot80==1&reg_atr_change_rate_ts_top70==1),7122d792de8c,2,42,20,reg_atr_change_rate_ts_top70,regime,atr_change_rate,volatility,1
(*)|(*)|(reg_atr_change_rate_ts_band25_75==0&reg_atr_change_rate_ts_bot80==1&reg_atr_change_rate_ts_top70==1),7122d792de8c,2,42,30,reg_atr_change_rate_ts_band25_75,regime,atr_change_rate,volatility,0
(*)|(*)|(reg_atr_change_rate_ts_band25_75==0&reg_atr_change_rate_ts_bot80==1&reg_atr_change_rate_ts_top70==1),7122d792de8c,2,42,26,reg_atr_change_rate_ts_bot80,regime,atr_change_rate,volatility,1
(*)|(*)|(reg_atr_change_rate_ts_band25_75==1&reg_atr_change_rate_ts_top70==1),7e983460619d,2,42,20,reg_atr_change_rate_ts_top70,regime,atr_change_rate,volatility,1
(*)|(*)|(reg_atr_change_rate_ts_band25_75==1&reg_atr_change_rate_ts_top70==1),7e983460619d,2,42,30,reg_atr_change_rate_ts_band25_75,regime,atr_change_rate,volatility,1
(*)|(loc_dist_ema20_atr_ts_top70==0)|(reg_atr_change_rate_ts_band20_80==1&reg_atr_change_rate_ts_top50==0),b4f48a5c0d2c,2,42,28,reg_atr_change_rate_ts_band20_80,regime,atr_change_rate,volatility,1
(*)|(loc_dist_ema20_atr_ts_top70==0)|(reg_atr_change_rate_ts_band20_80==1&reg_atr_change_rate_ts_top50==0),b4f48a5c0d2c,2,42,12,reg_atr_change_rate_ts_top50,regime,atr_change_rate,volatility,0
(*)|(loc_dist_ema20_atr_ts_top70==0)|(reg_atr_change_rate_ts_band20_80==1&reg_atr_change_rate_ts_top50==0),b4f48a5c0d2c,2,42,21,loc_dist_ema20_atr_ts_top70,location,dist_ema20_atr,context,0
(*)|(loc_dist_ema20_atr_ts_top70==0)|(reg_atr_change_rate_ts_band20_80==1&reg_atr_change_rate_ts_top50==1),b54413e6557c,2,42,28,reg_atr_change_rate_ts_band20_80,regime,atr_change_rate,volatility,1
(*)|(loc_dist_ema20_atr_ts_top70==0)|(reg_atr_change_rate_ts_band20_80==1&reg_atr_change_rate_ts_top50==1),b54413e6557c,2,42,12,reg_atr_change_rate_ts_top50,regime,atr_change_rate,volatility,1
(*)|(loc_dist_ema20_atr_ts_top70==0)|(reg_atr_change_rate_ts_band20_80==1&reg_atr_change_rate_ts_top50==1),b54413e6557c,2,42,21,loc_dist_ema20_atr_ts_top70,location,dist_ema20_atr,context,0
(*)|(loc_dist_ema20_atr_ts_top70==1)|(reg_atr_change_rate_ts_band20_80==1&reg_ema20_gt_ema50_raw==0),861c25ec24ee,2,42,28,reg_atr_change_rate_ts_band20_80,regime,atr_change_rate,volatility,1
(*)|(loc_dist_ema20_atr_ts_top70==1)|(reg_atr_change_rate_ts_band20_80==1&reg_ema20_gt_ema50_raw==0),861c25ec24ee,2,42,324,reg_ema20_gt_ema50_raw,regime,ema20_gt_ema50,trend,0
(*)|(loc_dist_ema20_atr_ts_top70==1)|(reg_atr_change_rate_ts_band20_80==1&reg_ema20_gt_ema50_raw==0),861c25ec24ee,2,42,21,loc_dist_ema20_atr_ts_top70,location,dist_ema20_atr,context,1
(*)|(loc_dist_ema20_atr_ts_top70==1)|(reg_atr_change_rate_ts_band20_80==1&reg_ema20_gt_ema50_raw==1),b6960a53d53e,2,42,28,reg_atr_change_rate_ts_band20_80,regime,atr_change_rate,volatility,1
(*)|(loc_dist_ema20_atr_ts_top70==1)|(reg_atr_change_rate_ts_band20_80==1&reg_ema20_gt_ema50_raw==1),b6960a53d53e,2,42,324,reg_ema20_gt_ema50_raw,regime,ema20_gt_ema50,trend,1
(*)|(loc_dist_ema20_atr_ts_top70==1)|(reg_atr_change_rate_ts_band20_80==1&reg_ema20_gt_ema50_raw==1),b6960a53d53e,2,42,21,loc_dist_ema20_atr_ts_top70,location,dist_ema20_atr,context,1
(*)|(*)|(reg_atr_change_rate_ts_band25_75==0&reg_atr_change_rate_ts_band30_70==0&reg_atr_change_rate_ts_top20==1&reg_ema20_gt_ema50_raw==0),da43eada6d45,2,42,32,reg_atr_change_rate_ts_band30_70,regime,atr_change_rate,volatility,0
(*)|(*)|(reg_atr_change_rate_ts_band25_75==0&reg_atr_change_rate_ts_band30_70==0&reg_atr_change_rate_ts_top20==1&reg_ema20_gt_ema50_raw==0),da43eada6d45,2,42,30,reg_atr_change_rate_ts_band25_75,regime,atr_change_rate,volatility,0
(*)|(*)|(reg_atr_change_rate_ts_band25_75==0&reg_atr_change_rate_ts_band30_70==0&reg_atr_change_rate_ts_top20==1&reg_ema20_gt_ema50_raw==0),da43eada6d45,2,42,324,reg_ema20_gt_ema50_raw,regime,ema20_gt_ema50,trend,0
(*)|(*)|(reg_atr_change_rate_ts_band25_75==0&reg_atr_change_rate_ts_band30_70==0&reg_atr_change_rate_ts_top20==1&reg_ema20_gt_ema50_raw==0),da43eada6d45,2,42,0,reg_atr_change_rate_ts_top20,regime,atr_change_rate,volatility,1
(*)|(*)|(reg_atr_change_rate_ts_band25_75==0&reg_atr_change_rate_ts_band30_70==0&reg_ema20_gt_ema50_raw==1),e7c5ee4d58c2,2,42,32,reg_atr_change_rate_ts_band30_70,regime,atr_change_rate,volatility,0
(*)|(*)|(reg_atr_change_rate_ts_band25_75==0&reg_atr_change_rate_ts_band30_70==0&reg_ema20_gt_ema50_raw==1),e7c5ee4d58c2,2,42,30,reg_atr_change_rate_ts_band25_75,regime,atr_change_rate,volatility,0
(*)|(*)|(reg_atr_change_rate_ts_band25_75==0&reg_atr_change_rate_ts_band30_70==0&reg_ema20_gt_ema50_raw==1),e7c5ee4d58c2,2,42,324,reg_ema20_gt_ema50_raw,regime,ema20_gt_ema50,trend,1
(*)|(loc_dist_ema20_atr_ts_top30==0)|(reg_atr_change_rate_ts_band25_75==1&reg_atr_change_rate_ts_band30_70==0),e4c4bdfec8d9,2,42,32,reg_atr_change_rate_ts_band30_70,regime,atr_change_rate,volatility,0
(*)|(loc_dist_ema20_atr_ts_top30==0)|(reg_atr_change_rate_ts_band25_75==1&reg_atr_change_rate_ts_band30_70==0),e4c4bdfec8d9,2,42,30,reg_atr_change_rate_ts_band25_75,regime,atr_change_rate,volatility,1
(*)|(loc_dist_ema20_atr_ts_top30==0)|(reg_atr_change_rate_ts_band25_75==1&reg_atr_change_rate_ts_band30_70==0),e4c4bdfec8d9,2,42,5,loc_dist_ema20_atr_ts_top30,location,dist_ema20_atr,context,0
(*)|(loc_dist_ema20_atr_ts_top30==1)|(reg_atr_change_rate_ts_band25_75==1&reg_atr_change_rate_ts_band30_70==0),dba3f957a64d,2,42,32,reg_atr_change_rate_ts_band30_70,regime,atr_change_rate,volatility,0
(*)|(loc_dist_ema20_atr_ts_top30==1)|(reg_atr_change_rate_ts_band25_75==1&reg_atr_change_rate_ts_band30_70==0),dba3f957a64d,2,42,30,reg_atr_change_rate_ts_band25_75,regime,atr_change_rate,volatility,1
(*)|(loc_dist_ema20_atr_ts_top30==1)|(reg_atr_change_rate_ts_band25_75==1&reg_atr_change_rate_ts_band30_70==0),dba3f957a64d,2,42,5,loc_dist_ema20_atr_ts_top30,location,dist_ema20_atr,context,1
(*)|(*)|(reg_atr_change_rate_ts_band30_70==1&reg_atr_change_rate_ts_top50==0&reg_atr_change_rate_ts_top60==0),4c0eff2f429b,2,42,32,reg_atr_change_rate_ts_band30_70,regime,atr_change_rate,volatility,1
(*)|(*)|(reg_atr_change_rate_ts_band30_70==1&reg_atr_change_rate_ts_top50==0&reg_atr_change_rate_ts_top60==0),4c0eff2f429b,2,42,16,reg_atr_change_rate_ts_top60,regime,atr_change_rate,volatility,0
(*)|(*)|(reg_atr_change_rate_ts_band30_70==1&reg_atr_change_rate_ts_top50==0&reg_atr_change_rate_ts_top60==0),4c0eff2f429b,2,42,12,reg_atr_change_rate_ts_top50,regime,atr_change_rate,volatility,0
(*)|(*)|(reg_atr_change_rate_ts_band30_70==1&reg_atr_change_rate_ts_top50==1&reg_atr_change_rate_ts_top60==0),8d5ab5172748,2,42,32,reg_atr_change_rate_ts_band30_70,regime,atr_change_rate,volatility,1
(*)|(*)|(reg_atr_change_rate_ts_band30_70==1&reg_atr_change_rate_ts_top50==1&reg_atr_change_rate_ts_top60==0),8d5ab5172748,2,42,16,reg_atr_change_rate_ts_top60,regime,atr_change_rate,volatility,0
(*)|(*)|(reg_atr_change_rate_ts_band30_70==1&reg_atr_change_rate_ts_top50==1&reg_atr_change_rate_ts_top60==0),8d5ab5172748,2,42,12,reg_atr_change_rate_ts_top50,regime,atr_change_rate,volatility,1
(*)|(*)|(reg_atr_change_rate_ts_band30_70==1&reg_atr_change_rate_ts_top60==1),0feeead1acb2,2,42,32,reg_atr_change_rate_ts_band30_70,regime,atr_change_rate,volatility,1
(*)|(*)|(reg_atr_change_rate_ts_band30_70==1&reg_atr_change_rate_ts_top60==1),0feeead1acb2,2,42,16,reg_atr_change_rate_ts_top60,regime,atr_change_rate,volatility,1
(*)|(loc_dist_ema20_atr_ts_top20==1)|(reg_atr_change_rate_ts_band25_75==0&reg_atr_change_rate_ts_top70==0),17c7c6bf9f4d,2,42,20,reg_atr_change_rate_ts_top70,regime,atr_change_rate,volatility,0
(*)|(loc_dist_ema20_atr_ts_top20==1)|(reg_atr_change_rate_ts_band25_75==0&reg_atr_change_rate_ts_top70==0),17c7c6bf9f4d,2,42,30,reg_atr_change_rate_ts_band25_75,regime,atr_change_rate,volatility,0
(*)|(loc_dist_ema20_atr_ts_top20==1)|(reg_atr_change_rate_ts_band25_75==0&reg_atr_change_rate_ts_top70==0),17c7c6bf9f4d,2,42,1,loc_dist_ema20_atr_ts_top20,location,dist_ema20_atr,context,1
(*)|(*)|(reg_atr_change_rate_ts_band25_75==1&reg_atr_change_rate_ts_top60==0&reg_atr_change_rate_ts_top70==0),c40802a9cdde,2,42,20,reg_atr_change_rate_ts_top70,regime,atr_change_rate,volatility,0
(*)|(*)|(reg_atr_change_rate_ts_band25_75==1&reg_atr_change_rate_ts_top60==0&reg_atr_change_rate_ts_top70==0),c40802a9cdde,2,42,30,reg_atr_change_rate_ts_band25_75,regime,atr_change_rate,volatility,1
(*)|(*)|(reg_atr_change_rate_ts_band25_75==1&reg_atr_change_rate_ts_top60==0&reg_atr_change_rate_ts_top70==0),c40802a9cdde,2,42,16,reg_atr_change_rate_ts_top60,regime,atr_change_rate,volatility,0
(*)|(*)|(reg_atr_change_rate_ts_band25_75==1&reg_atr_change_rate_ts_top60==1&reg_atr_change_rate_ts_top70==0),7bd4758a4de7,2,42,20,reg_atr_change_rate_ts_top70,regime,atr_change_rate,volatility,0
(*)|(*)|(reg_atr_change_rate_ts_band25_75==1&reg_atr_change_rate_ts_top60==1&reg_atr_change_rate_ts_top70==0),7bd4758a4de7,2,42,30,reg_atr_change_rate_ts_band25_75,regime,atr_change_rate,volatility,1
(*)|(*)|(reg_atr_change_rate_ts_band25_75==1&reg_atr_change_rate_ts_top60==1&reg_atr_change_rate_ts_top70==0),7bd4758a4de7,2,42,16,reg_atr_change_rate_ts_top60,regime,atr_change_rate,volatility,1
(*)|(*)|(reg_atr_change_rate_ts_top70==1&reg_atr_compression_ratio_ts_band20_80==0&reg_ema20_gt_ema50_raw==0),3623c8b79f52,2,42,20,reg_atr_change_rate_ts_top70,regime,atr_change_rate,volatility,1
(*)|(*)|(reg_atr_change_rate_ts_top70==1&reg_atr_compression_ratio_ts_band20_80==0&reg_ema20_gt_ema50_raw==0),3623c8b79f52,2,42,64,reg_atr_compression_ratio_ts_band20_80,regime,atr_compression_ratio,volatility_term_structure,0
(*)|(*)|(reg_atr_change_rate_ts_top70==1&reg_atr_compression_ratio_ts_band20_80==0&reg_ema20_gt_ema50_raw==0),3623c8b79f52,2,42,324,reg_ema20_gt_ema50_raw,regime,ema20_gt_ema50,trend,0
(*)|(*)|(reg_atr_change_rate_ts_top70==1&reg_atr_compression_ratio_ts_band20_80==0&reg_ema20_gt_ema50_raw==1),bad1baa6cfcf,2,42,20,reg_atr_change_rate_ts_top70,regime,atr_change_rate,volatility,1
(*)|(*)|(reg_atr_change_rate_ts_top70==1&reg_atr_compression_ratio_ts_band20_80==0&reg_ema20_gt_ema50_raw==1),bad1baa6cfcf,2,42,64,reg_atr_compression_ratio_ts_band20_80,regime,atr_compression_ratio,volatility_term_structure,0
(*)|(*)|(reg_atr_change_rate_ts_top70==1&reg_atr_compression_ratio_ts_band20_80==0&reg_ema20_gt_ema50_raw==1),bad1baa6cfcf,2,42,324,reg_ema20_gt_ema50_raw,regime,ema20_gt_ema50,trend,1
(*)|(*)|(reg_atr_change_rate_ts_top70==1&reg_atr_compression_ratio_ts_band20_80==1&reg_ema20_gt_ema50_raw==0),a69ad4d14949,2,42,20,reg_atr_change_rate_ts_top70,regime,atr_change_rate,volatility,1
(*)|(*)|(reg_atr_change_rate_ts_top70==1&reg_atr_compression_ratio_ts_band20_80==1&reg_ema20_gt_ema50_raw==0),a69ad4d14949,2,42,64,reg_atr_compression_ratio_ts_band20_80,regime,atr_compression_ratio,volatility_term_structure,1
(*)|(*)|(reg_atr_change_rate_ts_top70==1&reg_atr_compression_ratio_ts_band20_80==1&reg_ema20_gt_ema50_raw==0),a69ad4d14949,2,42,324,reg_ema20_gt_ema50_raw,regime,ema20_gt_ema50,trend,0
(*)|(*)|(reg_atr_change_rate_ts_top70==1&reg_atr_compression_ratio_ts_band20_80==1&reg_ema20_gt_ema50_raw==1),14813f6c9774,2,42,20,reg_atr_change_rate_ts_top70,regime,atr_change_rate,volatility,1
(*)|(*)|(reg_atr_change_rate_ts_top70==1&reg_atr_compression_ratio_ts_band20_80==1&reg_ema20_gt_ema50_raw==1),14813f6c9774,2,42,64,reg_atr_compression_ratio_ts_band20_80,regime,atr_compression_ratio,volatility_term_structure,1
(*)|(*)|(reg_atr_change_rate_ts_top70==1&reg_atr_compression_ratio_ts_band20_80==1&reg_ema20_gt_ema50_raw==1),14813f6c9774,2,42,324,reg_ema20_gt_ema50_raw,regime,ema20_gt_ema50,trend,1
(*)|(*)|(reg_atr_change_rate_ts_band25_75==1&reg_atr_change_rate_ts_band30_70==0),5e1f910a3394,2,42,32,reg_atr_change_rate_ts_band30_70,regime,atr_change_rate,volatility,0
(*)|(*)|(reg_atr_change_rate_ts_band25_75==1&reg_atr_change_rate_ts_band30_70==0),5e1f910a3394,2,42,30,reg_atr_change_rate_ts_band25_75,regime,atr_change_rate,volatility,1
(*)|(*)|(reg_atr_change_rate_ts_band30_70==1&reg_atr_change_rate_ts_band40_60==0&reg_atr_change_rate_ts_top50==0),c3d08a395d33,2,42,32,reg_atr_change_rate_ts_band30_70,regime,atr_change_rate,volatility,1
(*)|(*)|(reg_atr_change_rate_ts_band30_70==1&reg_atr_change_rate_ts_band40_60==0&reg_atr_change_rate_ts_top50==0),c3d08a395d33,2,42,12,reg_atr_change_rate_ts_top50,regime,atr_change_rate,volatility,0
(*)|(*)|(reg_atr_change_rate_ts_band30_70==1&reg_atr_change_rate_ts_band40_60==0&reg_atr_change_rate_ts_top50==0),c3d08a395d33,2,42,34,reg_atr_change_rate_ts_band40_60,regime,atr_change_rate,volatility,0
(*)|(*)|(reg_atr_change_rate_ts_band30_70==1&reg_atr_change_rate_ts_band40_60==1&reg_atr_change_rate_ts_top50==0),475eb80901d6,2,42,32,reg_atr_change_rate_ts_band30_70,regime,atr_change_rate,volatility,1
(*)|(*)|(reg_atr_change_rate_ts_band30_70==1&reg_atr_change_rate_ts_band40_60==1&reg_atr_change_rate_ts_top50==0),475eb80901d6,2,42,12,reg_atr_change_rate_ts_top50,regime,atr_change_rate,volatility,0
(*)|(*)|(reg_atr_change_rate_ts_band30_70==1&reg_atr_change_rate_ts_band40_60==1&reg_atr_change_rate_ts_top50==0),475eb80901d6,2,42,34,reg_atr_change_rate_ts_band40_60,regime,atr_change_rate,volatility,1
(*)|(*)|(reg_atr_change_rate_ts_band30_70==1&reg_atr_change_rate_ts_top50==1&reg_atr_change_rate_ts_top60==0),c394dd6daaff,2,42,32,reg_atr_change_rate_ts_band30_70,regime,atr_change_rate,volatility,1
(*)|(*)|(reg_atr_change_rate_ts_band30_70==1&reg_atr_change_rate_ts_top50==1&reg_atr_change_rate_ts_top60==0),c394dd6daaff,2,42,12,reg_atr_change_rate_ts_top50,regime,atr_change_rate,volatility,1
(*)|(*)|(reg_atr_change_rate_ts_band30_70==1&reg_atr_change_rate_ts_top50==1&reg_atr_change_rate_ts_top60==0),c394dd6daaff,2,42,16,reg_atr_change_rate_ts_top60,regime,atr_change_rate,volatility,0
(*)|(*)|(reg_atr_change_rate_ts_band30_70==1&reg_atr_change_rate_ts_top50==1&reg_atr_change_rate_ts_top60==1),bc7957d2ae57,2,42,32,reg_atr_change_rate_ts_band30_70,regime,atr_change_rate,volatility,1
(*)|(*)|(reg_atr_change_rate_ts_band30_70==1&reg_atr_change_rate_ts_top50==1&reg_atr_change_rate_ts_top60==1),bc7957d2ae57,2,42,12,reg_atr_change_rate_ts_top50,regime,atr_change_rate,volatility,1
(*)|(*)|(reg_atr_change_rate_ts_band30_70==1&reg_atr_change_rate_ts_top50==1&reg_atr_change_rate_ts_top60==1),bc7957d2ae57,2,42,16,reg_atr_change_rate_ts_top60,regime,atr_change_rate,volatility,1
(*)|(loc_dist_ema20_atr_ts_top30==1)|(reg_atr_change_rate_ts_top50==0&reg_atr_change_rate_ts_top60==0),869ddbbcda5e,2,42,16,reg_atr_change_rate_ts_top60,regime,atr_change_rate,volatility,0
(*)|(loc_dist_ema20_atr_ts_top30==1)|(reg_atr_change_rate_ts_top50==0&reg_atr_change_rate_ts_top60==0),869ddbbcda5e,2,42,12,reg_atr_change_rate_ts_top50,regime,atr_change_rate,volatility,0
(*)|(loc_dist_ema20_atr_ts_top30==1)|(reg_atr_change_rate_ts_top50==0&reg_atr_change_rate_ts_top60==0),869ddbbcda5e,2,42,5,loc_dist_ema20_atr_ts_top30,location,dist_ema20_atr,context,1
(*)|(*)|(reg_atr_change_rate_ts_top50==1&reg_atr_change_rate_ts_top60==0),b5251b88c0d4,2,42,16,reg_atr_change_rate_ts_top60,regime,atr_change_rate,volatility,0
(*)|(*)|(reg_atr_change_rate_ts_top50==1&reg_atr_change_rate_ts_top60==0),b5251b88c0d4,2,42,12,reg_atr_change_rate_ts_top50,regime,atr_change_rate,volatility,1
(*)|(*)|(reg_atr_change_rate_ts_band25_75==0&reg_atr_change_rate_ts_top60==1),a15b59ea35b1,2,42,16,reg_atr_change_rate_ts_top60,regime,atr_change_rate,volatility,1
(*)|(*)|(reg_atr_change_rate_ts_band25_75==0&reg_atr_change_rate_ts_top60==1),a15b59ea35b1,2,42,30,reg_atr_change_rate_ts_band25_75,regime,atr_change_rate,volatility,0
(*)|(*)|(reg_atr_change_rate_ts_band25_75==1&reg_atr_change_rate_ts_top60==1),1ad214b9aa70,2,42,16,reg_atr_change_rate_ts_top60,regime,atr_change_rate,volatility,1
(*)|(*)|(reg_atr_change_rate_ts_band25_75==1&reg_atr_change_rate_ts_top60==1),1ad214b9aa70,2,42,30,reg_atr_change_rate_ts_band25_75,regime,atr_change_rate,volatility,1
(*)|(*)|(reg_atr_change_rate_ts_bot50==0&reg_atr_compression_ratio_ts_band25_75==0&reg_ema50_gt_ema200_raw==1),1d37e5f4a3c8,2,42,14,reg_atr_change_rate_ts_bot50,regime,atr_change_rate,volatility,0
(*)|(*)|(reg_atr_change_rate_ts_bot50==0&reg_atr_compression_ratio_ts_band25_75==0&reg_ema50_gt_ema200_raw==1),1d37e5f4a3c8,2,42,66,reg_atr_compression_ratio_ts_band25_75,regime,atr_compression_ratio,volatility_term_structure,0
(*)|(*)|(reg_atr_change_rate_ts_bot50==0&reg_atr_compression_ratio_ts_band25_75==0&reg_ema50_gt_ema200_raw==1),1d37e5f4a3c8,2,42,398,reg_ema50_gt_ema200_raw,regime,ema50_gt_ema200,trend,1
(*)|(*)|(reg_atr_change_rate_ts_bot50==0&reg_atr_compression_ratio_ts_band25_75==1),e919adcee5ef,2,42,14,reg_atr_change_rate_ts_bot50,regime,atr_change_rate,volatility,0
(*)|(*)|(reg_atr_change_rate_ts_bot50==0&reg_atr_compression_ratio_ts_band25_75==1),e919adcee5ef,2,42,66,reg_atr_compression_ratio_ts_band25_75,regime,atr_compression_ratio,volatility_term_structure,1
(*)|(*)|(reg_atr_change_rate_ts_bot50==1&reg_atr_change_rate_ts_top30==0&reg_atr_compression_ratio_ts_band25_75==0),b0efaa348f6b,2,42,14,reg_atr_change_rate_ts_bot50,regime,atr_change_rate,volatility,1
(*)|(*)|(reg_atr_change_rate_ts_bot50==1&reg_atr_change_rate_ts_top30==0&reg_atr_compression_ratio_ts_band25_75==0),b0efaa348f6b,2,42,4,reg_atr_change_rate_ts_top30,regime,atr_change_rate,volatility,0
(*)|(*)|(reg_atr_change_rate_ts_bot50==1&reg_atr_change_rate_ts_top30==0&reg_atr_compression_ratio_ts_band25_75==0),b0efaa348f6b,2,42,66,reg_atr_compression_ratio_ts_band25_75,regime,atr_compression_ratio,volatility_term_structure,0
(*)|(*)|(reg_atr_change_rate_ts_bot50==1&reg_atr_change_rate_ts_top30==0&reg_atr_compression_ratio_ts_band25_75==1),a7905aa31cef,2,42,14,reg_atr_change_rate_ts_bot50,regime,atr_change_rate,volatility,1
(*)|(*)|(reg_atr_change_rate_ts_bot50==1&reg_atr_change_rate_ts_top30==0&reg_atr_compression_ratio_ts_band25_75==1),a7905aa31cef,2,42,4,reg_atr_change_rate_ts_top30,regime,atr_change_rate,volatility,0
(*)|(*)|(reg_atr_change_rate_ts_bot50==1&reg_atr_change_rate_ts_top30==0&reg_atr_compression_ratio_ts_band25_75==1),a7905aa31cef,2,42,66,reg_atr_compression_ratio_ts_band25_75,regime,atr_compression_ratio,volatility_term_structure,1
(*)|(*)|(reg_atr_change_rate_ts_band40_60==0&reg_atr_change_rate_ts_bot50==1&reg_atr_change_rate_ts_top30==1),d0ef527ca33f,2,42,14,reg_atr_change_rate_ts_bot50,regime,atr_change_rate,volatility,1
(*)|(*)|(reg_atr_change_rate_ts_band40_60==0&reg_atr_change_rate_ts_bot50==1&reg_atr_change_rate_ts_top30==1),d0ef527ca33f,2,42,4,reg_atr_change_rate_ts_top30,regime,atr_change_rate,volatility,1
(*)|(*)|(reg_atr_change_rate_ts_band40_60==0&reg_atr_change_rate_ts_bot50==1&reg_atr_change_rate_ts_top30==1),d0ef527ca33f,2,42,34,reg_atr_change_rate_ts_band40_60,regime,atr_change_rate,volatility,0
(*)|(*)|(reg_atr_change_rate_ts_band40_60==1&reg_atr_change_rate_ts_bot50==1&reg_atr_change_rate_ts_top30==1),8bb184e24a46,2,42,14,reg_atr_change_rate_ts_bot50,regime,atr_change_rate,volatility,1
(*)|(*)|(reg_atr_change_rate_ts_band40_60==1&reg_atr_change_rate_ts_bot50==1&reg_atr_change_rate_ts_top30==1),8bb184e24a46,2,42,4,reg_atr_change_rate_ts_top30,regime,atr_change_rate,volatility,1
(*)|(*)|(reg_atr_change_rate_ts_band40_60==1&reg_atr_change_rate_ts_bot50==1&reg_atr_change_rate_ts_top30==1),8bb184e24a46,2,42,34,reg_atr_change_rate_ts_band40_60,regime,atr_change_rate,volatility,1
(*)|(*)|(reg_atr_change_rate_ts_band30_70==1&reg_atr_change_rate_ts_top40==0),ed9730264fab,2,42,8,reg_atr_change_rate_ts_top40,regime,atr_change_rate,volatility,0
(*)|(*)|(reg_atr_change_rate_ts_band30_70==1&reg_atr_change_rate_ts_top40==0),ed9730264fab,2,42,32,reg_atr_change_rate_ts_band30_70,regime,atr_change_rate,volatility,1
(*)|(*)|(reg_atr_change_rate_ts_top40==1),609ac1018d3a,2,42,8,reg_atr_change_rate_ts_top40,regime,atr_change_rate,volatility,1
(*)|(loc_dist_ema20_atr_ts_top30==0)|(reg_atr_change_rate_ts_band25_75==1&reg_atr_change_rate_ts_band30_70==0),f7da28616afe,2,42,32,reg_atr_change_rate_ts_band30_70,regime,atr_change_rate,volatility,0
(*)|(loc_dist_ema20_atr_ts_top30==0)|(reg_atr_change_rate_ts_band25_75==1&reg_atr_change_rate_ts_band30_70==0),f7da28616afe,2,42,30,reg_atr_change_rate_ts_band25_75,regime,atr_change_rate,volatility,1
(*)|(loc_dist_ema20_atr_ts_top30==0)|(reg_atr_change_rate_ts_band25_75==1&reg_atr_change_rate_ts_band30_70==0),f7da28616afe,2,42,5,loc_dist_ema20_atr_ts_top30,location,dist_ema20_atr,context,0
(*)|(loc_dist_ema20_atr_ts_top30==1)|(reg_atr_change_rate_ts_band30_70==0),3a827ed0885d,2,42,32,reg_atr_change_rate_ts_band30_70,regime,atr_change_rate,volatility,0
(*)|(loc_dist_ema20_atr_ts_top30==1)|(reg_atr_change_rate_ts_band30_70==0),3a827ed0885d,2,42,5,loc_dist_ema20_atr_ts_top30,location,dist_ema20_atr,context,1
(*)|(*)|(reg_atr_change_rate_ts_band30_70==1&reg_atr_change_rate_ts_band40_60==0),f10c93a0c336,2,42,32,reg_atr_change_rate_ts_band30_70,regime,atr_change_rate,volatility,1
(*)|(*)|(reg_atr_change_rate_ts_band30_70==1&reg_atr_change_rate_ts_band40_60==0),f10c93a0c336,2,42,34,reg_atr_change_rate_ts_band40_60,regime,atr_change_rate,volatility,0
(*)|(*)|(reg_atr_change_rate_ts_band30_70==1&reg_atr_change_rate_ts_band40_60==1),62969cee7889,2,42,32,reg_atr_change_rate_ts_band30_70,regime,atr_change_rate,volatility,1
(*)|(*)|(reg_atr_change_rate_ts_band30_70==1&reg_atr_change_rate_ts_band40_60==1),62969cee7889,2,42,34,reg_atr_change_rate_ts_band40_60,regime,atr_change_rate,volatility,1
(*)|(*)|(reg_atr_change_rate_ts_top20==1),44b0a6c93ca5,2,42,0,reg_atr_change_rate_ts_top20,regime,atr_change_rate,volatility,1
(*)|(*)|(reg_atr_change_rate_ts_top20==1&reg_atr_change_rate_ts_top50==0),e8bfb4564330,2,42,0,reg_atr_change_rate_ts_top20,regime,atr_change_rate,volatility,1
(*)|(*)|(reg_atr_change_rate_ts_top20==1&reg_atr_change_rate_ts_top50==0),e8bfb4564330,2,42,12,reg_atr_change_rate_ts_top50,regime,atr_change_rate,volatility,0
(*)|(*)|(reg_atr_change_rate_ts_top20==1&reg_atr_change_rate_ts_top50==1),d5db8ec94efa,2,42,0,reg_atr_change_rate_ts_top20,regime,atr_change_rate,volatility,1
(*)|(*)|(reg_atr_change_rate_ts_top20==1&reg_atr_change_rate_ts_top50==1),d5db8ec94efa,2,42,12,reg_atr_change_rate_ts_top50,regime,atr_change_rate,volatility,1
(*)|(*)|(reg_atr_change_rate_ts_band40_60==0&reg_atr_change_rate_ts_top50==1&reg_atr_change_rate_ts_top80==0&reg_ema50_gt_ema200_raw==0),0608fc25bb22,2,42,34,reg_atr_change_rate_ts_band40_60,regime,atr_change_rate,volatility,0
(*)|(*)|(reg_atr_change_rate_ts_band40_60==0&reg_atr_change_rate_ts_top50==1&reg_atr_change_rate_ts_top80==0&reg_ema50_gt_ema200_raw==0),0608fc25bb22,2,42,398,reg_ema50_gt_ema200_raw,regime,ema50_gt_ema200,trend,0
(*)|(*)|(reg_atr_change_rate_ts_band40_60==0&reg_atr_change_rate_ts_top50==1&reg_atr_change_rate_ts_top80==0&reg_ema50_gt_ema200_raw==0),0608fc25bb22,2,42,12,reg_atr_change_rate_ts_top50,regime,atr_change_rate,volatility,1
(*)|(*)|(reg_atr_change_rate_ts_band40_60==0&reg_atr_change_rate_ts_top50==1&reg_atr_change_rate_ts_top80==0&reg_ema50_gt_ema200_raw==0),0608fc25bb22,2,42,24,reg_atr_change_rate_ts_top80,regime,atr_change_rate,volatility,0
(*)|(*)|(reg_atr_change_rate_ts_band40_60==0&reg_atr_change_rate_ts_top50==1&reg_atr_change_rate_ts_top80==1&reg_ema50_gt_ema200_raw==0),40677c3c3c37,2,42,34,reg_atr_change_rate_ts_band40_60,regime,atr_change_rate,volatility,0
(*)|(*)|(reg_atr_change_rate_ts_band40_60==0&reg_atr_change_rate_ts_top50==1&reg_atr_change_rate_ts_top80==1&reg_ema50_gt_ema200_raw==0),40677c3c3c37,2,42,398,reg_ema50_gt_ema200_raw,regime,ema50_gt_ema200,trend,0
(*)|(*)|(reg_atr_change_rate_ts_band40_60==0&reg_atr_change_rate_ts_top50==1&reg_atr_change_rate_ts_top80==1&reg_ema50_gt_ema200_raw==0),40677c3c3c37,2,42,12,reg_atr_change_rate_ts_top50,regime,atr_change_rate,volatility,1
(*)|(*)|(reg_atr_change_rate_ts_band40_60==0&reg_atr_change_rate_ts_top50==1&reg_atr_change_rate_ts_top80==1&reg_ema50_gt_ema200_raw==0),40677c3c3c37,2,42,24,reg_atr_change_rate_ts_top80,regime,atr_change_rate,volatility,1
(*)|(*)|(reg_atr_change_rate_ts_band40_60==0&reg_atr_change_rate_ts_top80==0&reg_ema50_gt_ema200_raw==1),fa37f35848a7,2,42,34,reg_atr_change_rate_ts_band40_60,regime,atr_change_rate,volatility,0
(*)|(*)|(reg_atr_change_rate_ts_band40_60==0&reg_atr_change_rate_ts_top80==0&reg_ema50_gt_ema200_raw==1),fa37f35848a7,2,42,398,reg_ema50_gt_ema200_raw,regime,ema50_gt_ema200,trend,1
(*)|(*)|(reg_atr_change_rate_ts_band40_60==0&reg_atr_change_rate_ts_top80==0&reg_ema50_gt_ema200_raw==1),fa37f35848a7,2,42,24,reg_atr_change_rate_ts_top80,regime,atr_change_rate,volatility,0
(*)|(*)|(reg_atr_change_rate_ts_band40_60==0&reg_atr_change_rate_ts_top80==1&reg_ema50_gt_ema200_raw==1),a2280945a7ec,2,42,34,reg_atr_change_rate_ts_band40_60,regime,atr_change_rate,volatility,0
(*)|(*)|(reg_atr_change_rate_ts_band40_60==0&reg_atr_change_rate_ts_top80==1&reg_ema50_gt_ema200_raw==1),a2280945a7ec,2,42,398,reg_ema50_gt_ema200_raw,regime,ema50_gt_ema200,trend,1
(*)|(*)|(reg_atr_change_rate_ts_band40_60==0&reg_atr_change_rate_ts_top80==1&reg_ema50_gt_ema200_raw==1),a2280945a7ec,2,42,24,reg_atr_change_rate_ts_top80,regime,atr_change_rate,volatility,1
(*)|(*)|(reg_atr_change_rate_ts_band40_60==1&reg_atr_change_rate_ts_top50==0),52a0f0ee0ff1,2,42,34,reg_atr_change_rate_ts_band40_60,regime,atr_change_rate,volatility,1
(*)|(*)|(reg_atr_change_rate_ts_band40_60==1&reg_atr_change_rate_ts_top50==0),52a0f0ee0ff1,2,42,12,reg_atr_change_rate_ts_top50,regime,atr_change_rate,volatility,0
(*)|(*)|(reg_atr_change_rate_ts_band40_60==1&reg_atr_change_rate_ts_top50==1),599442983f6e,2,42,34,reg_atr_change_rate_ts_band40_60,regime,atr_change_rate,volatility,1
(*)|(*)|(reg_atr_change_rate_ts_band40_60==1&reg_atr_change_rate_ts_top50==1),599442983f6e,2,42,12,reg_atr_change_rate_ts_top50,regime,atr_change_rate,volatility,1
(*)|(*)|(reg_atr_change_rate_ts_top20==1&reg_atr_compression_ratio_ts_top30==0),25d340275322,2,42,40,reg_atr_compression_ratio_ts_top30,regime,atr_compression_ratio,volatility_term_structure,0
(*)|(*)|(reg_atr_change_rate_ts_top20==1&reg_atr_compression_ratio_ts_top30==0),25d340275322,2,42,0,reg_atr_change_rate_ts_top20,regime,atr_change_rate,volatility,1
(*)|(*)|(reg_atr_compression_ratio_ts_top30==1&reg_ema20_gt_ema50_raw==0),83670380c4aa,2,42,40,reg_atr_compression_ratio_ts_top30,regime,atr_compression_ratio,volatility_term_structure,1
(*)|(*)|(reg_atr_compression_ratio_ts_top30==1&reg_ema20_gt_ema50_raw==0),83670380c4aa,2,42,324,reg_ema20_gt_ema50_raw,regime,ema20_gt_ema50,trend,0
(*)|(*)|(reg_atr_compression_ratio_ts_top30==1&reg_ema20_gt_ema50_raw==1),7e7ea9392df1,2,42,40,reg_atr_compression_ratio_ts_top30,regime,atr_compression_ratio,volatility_term_structure,1
(*)|(*)|(reg_atr_compression_ratio_ts_top30==1&reg_ema20_gt_ema50_raw==1),7e7ea9392df1,2,42,324,reg_ema20_gt_ema50_raw,regime,ema20_gt_ema50,trend,1
(*)|(loc_dist_ema20_atr_ts_top50==1)|(reg_atr_change_rate_ts_band40_60==0),2b8df281d636,2,42,13,loc_dist_ema20_atr_ts_top50,location,dist_ema20_atr,context,1
(*)|(loc_dist_ema20_atr_ts_top50==1)|(reg_atr_change_rate_ts_band40_60==0),2b8df281d636,2,42,34,reg_atr_change_rate_ts_band40_60,regime,atr_change_rate,volatility,0
(*)|(loc_dist_ema20_atr_ts_top50==1)|(reg_atr_change_rate_ts_band40_60==1),8f946b4b23bd,2,42,13,loc_dist_ema20_atr_ts_top50,location,dist_ema20_atr,context,1
(*)|(loc_dist_ema20_atr_ts_top50==1)|(reg_atr_change_rate_ts_band40_60==1),8f946b4b23bd,2,42,34,reg_atr_change_rate_ts_band40_60,regime,atr_change_rate,volatility,1
(*)|(*)|(reg_atr_change_rate_ts_top30==0&reg_atr_compression_ratio_ts_band25_75==1),f02cab7f7d82,2,42,4,reg_atr_change_rate_ts_top30,regime,atr_change_rate,volatility,0
(*)|(*)|(reg_atr_change_rate_ts_top30==0&reg_atr_compression_ratio_ts_band25_75==1),f02cab7f7d82,2,42,66,reg_atr_compression_ratio_ts_band25_75,regime,atr_compression_ratio,volatility_term_structure,1
(*)|(*)|(reg_atr_change_rate_ts_band30_70==0&reg_atr_change_rate_ts_top30==1&reg_atr_change_rate_ts_top80==0),c491da8fe713,2,42,4,reg_atr_change_rate_ts_top30,regime,atr_change_rate,volatility,1
(*)|(*)|(reg_atr_change_rate_ts_band30_70==0&reg_atr_change_rate_ts_top30==1&reg_atr_change_rate_ts_top80==0),c491da8fe713,2,42,24,reg_atr_change_rate_ts_top80,regime,atr_change_rate,volatility,0
(*)|(*)|(reg_atr_change_rate_ts_band30_70==0&reg_atr_change_rate_ts_top30==1&reg_atr_change_rate_ts_top80==0),c491da8fe713,2,42,32,reg_atr_change_rate_ts_band30_70,regime,atr_change_rate,volatility,0
(*)|(*)|(reg_atr_change_rate_ts_band30_70==1&reg_atr_change_rate_ts_top30==1&reg_atr_change_rate_ts_top80==0),3be4754105d0,2,42,4,reg_atr_change_rate_ts_top30,regime,atr_change_rate,volatility,1
(*)|(*)|(reg_atr_change_rate_ts_band30_70==1&reg_atr_change_rate_ts_top30==1&reg_atr_change_rate_ts_top80==0),3be4754105d0,2,42,24,reg_atr_change_rate_ts_top80,regime,atr_change_rate,volatility,0
(*)|(*)|(reg_atr_change_rate_ts_band30_70==1&reg_atr_change_rate_ts_top30==1&reg_atr_change_rate_ts_top80==0),3be4754105d0,2,42,32,reg_atr_change_rate_ts_band30_70,regime,atr_change_rate,volatility,1
(*)|(*)|(reg_atr_change_rate_ts_top30==1&reg_atr_change_rate_ts_top80==1),baac5e0d1fb7,2,42,4,reg_atr_change_rate_ts_top30,regime,atr_change_rate,volatility,1
(*)|(*)|(reg_atr_change_rate_ts_top30==1&reg_atr_change_rate_ts_top80==1),baac5e0d1fb7,2,42,24,reg_atr_change_rate_ts_top80,regime,atr_change_rate,volatility,1
(*)|(*)|(reg_atr_change_rate_ts_top20==1&reg_atr_change_rate_ts_top80==0&reg_ema20_gt_ema50_raw==0),8b70eaacaaf0,2,42,324,reg_ema20_gt_ema50_raw,regime,ema20_gt_ema50,trend,0
(*)|(*)|(reg_atr_change_rate_ts_top20==1&reg_atr_change_rate_ts_top80==0&reg_ema20_gt_ema50_raw==0),8b70eaacaaf0,2,42,24,reg_atr_change_rate_ts_top80,regime,atr_change_rate,volatility,0
(*)|(*)|(reg_atr_change_rate_ts_top20==1&reg_atr_change_rate_ts_top80==0&reg_ema20_gt_ema50_raw==0),8b70eaacaaf0,2,42,0,reg_atr_change_rate_ts_top20,regime,atr_change_rate,volatility,1
(*)|(*)|(reg_atr_change_rate_ts_top80==1&reg_ema20_gt_ema50_raw==0),9dbb4e5c2350,2,42,324,reg_ema20_gt_ema50_raw,regime,ema20_gt_ema50,trend,0
(*)|(*)|(reg_atr_change_rate_ts_top80==1&reg_ema20_gt_ema50_raw==0),9dbb4e5c2350,2,42,24,reg_atr_change_rate_ts_top80,regime,atr_change_rate,volatility,1
(*)|(*)|(reg_ema20_gt_ema50_raw==1),83a96cb33fb3,2,42,324,reg_ema20_gt_ema50_raw,regime,ema20_gt_ema50,trend,1
(*)|(*)|(reg_atr_change_rate_ts_bot80==1&reg_atr_change_rate_ts_top50==0),2c3e6d5a982c,2,42,26,reg_atr_change_rate_ts_bot80,regime,atr_change_rate,volatility,1
(*)|(*)|(reg_atr_change_rate_ts_bot80==1&reg_atr_change_rate_ts_top50==0),2c3e6d5a982c,2,42,12,reg_atr_change_rate_ts_top50,regime,atr_change_rate,volatility,0
(*)|(*)|(reg_atr_change_rate_ts_bot80==1&reg_atr_change_rate_ts_top50==1&reg_atr_change_rate_ts_top60==0&reg_ema20_gt_ema50_raw==0),3511903badac,2,42,26,reg_atr_change_rate_ts_bot80,regime,atr_change_rate,volatility,1
(*)|(*)|(reg_atr_change_rate_ts_bot80==1&reg_atr_change_rate_ts_top50==1&reg_atr_change_rate_ts_top60==0&reg_ema20_gt_ema50_raw==0),3511903badac,2,42,12,reg_atr_change_rate_ts_top50,regime,atr_change_rate,volatility,1
(*)|(*)|(reg_atr_change_rate_ts_bot80==1&reg_atr_change_rate_ts_top50==1&reg_atr_change_rate_ts_top60==0&reg_ema20_gt_ema50_raw==0),3511903badac,2,42,324,reg_ema20_gt_ema50_raw,regime,ema20_gt_ema50,trend,0
(*)|(*)|(reg_atr_change_rate_ts_bot80==1&reg_atr_change_rate_ts_top50==1&reg_atr_change_rate_ts_top60==0&reg_ema20_gt_ema50_raw==0),3511903badac,2,42,16,reg_atr_change_rate_ts_top60,regime,atr_change_rate,volatility,0
(*)|(*)|(reg_atr_change_rate_ts_bot80==1&reg_atr_change_rate_ts_top50==1&reg_atr_change_rate_ts_top60==1&reg_ema20_gt_ema50_raw==0),e3c293bc967e,2,42,26,reg_atr_change_rate_ts_bot80,regime,atr_change_rate,volatility,1
(*)|(*)|(reg_atr_change_rate_ts_bot80==1&reg_atr_change_rate_ts_top50==1&reg_atr_change_rate_ts_top60==1&reg_ema20_gt_ema50_raw==0),e3c293bc967e,2,42,12,reg_atr_change_rate_ts_top50,regime,atr_change_rate,volatility,1
(*)|(*)|(reg_atr_change_rate_ts_bot80==1&reg_atr_change_rate_ts_top50==1&reg_atr_change_rate_ts_top60==1&reg_ema20_gt_ema50_raw==0),e3c293bc967e,2,42,324,reg_ema20_gt_ema50_raw,regime,ema20_gt_ema50,trend,0
(*)|(*)|(reg_atr_change_rate_ts_bot80==1&reg_atr_change_rate_ts_top50==1&reg_atr_change_rate_ts_top60==1&reg_ema20_gt_ema50_raw==0),e3c293bc967e,2,42,16,reg_atr_change_rate_ts_top60,regime,atr_change_rate,volatility,1
(*)|(*)|(reg_atr_change_rate_ts_bot80==1&reg_atr_change_rate_ts_top50==1&reg_ema20_gt_ema50_raw==1),b4a089005b22,2,42,26,reg_atr_change_rate_ts_bot80,regime,atr_change_rate,volatility,1
(*)|(*)|(reg_atr_change_rate_ts_bot80==1&reg_atr_change_rate_ts_top50==1&reg_ema20_gt_ema50_raw==1),b4a089005b22,2,42,12,reg_atr_change_rate_ts_top50,regime,atr_change_rate,volatility,1
(*)|(*)|(reg_atr_change_rate_ts_bot80==1&reg_atr_change_rate_ts_top50==1&reg_ema20_gt_ema50_raw==1),b4a089005b22,2,42,324,reg_ema20_gt_ema50_raw,regime,ema20_gt_ema50,trend,1
